# header_lines : 201
# Data_Set_Name : ch4_mkn_surface-insitu_40_9999-9999_hourly_met
# Data_Set_Version : 0040-1005-1002-01-01-9999_2024-05-06-1011
# Data_Set_Fair_Use : For Scientific purposes, access to these data is unlimited and provided without charge. By their use you accept that an offer of co-authorship will be made through personal contact with the contributors whenever substantial use is made of their data. In all cases, an acknowledgement must be made to the contributors and to the data centre when these data are used within a publication.
# Data_Set_DOI : 10.50849/WDCGG_0040-1005-1002-01-01-9999
# Data_Set_Citation_Format : Martin Steinbacher (Empa), Jörg Klausen (MeteoSwiss), Christoph Zellweger (Empa), David Murithi Njiru (KMD), Mathew Mutuku (KMD), Atmospheric CH4 at Mt. Kenya by Kenya Meteorological Department, dataset published as CH4_MKN_surface-insitu_KMD_data1 at WDCGG, ver.2024-05-06-1011, https://doi.org/10.50849/WDCGG_0040-1005-1002-01-01-9999 (Reference date*: YYYY/MM/DD)
# Data_Set_Citation_Format : * As the reference date, please indicate the date you downloaded the files.
#
# GLOBAL ATTRIBUTES
#
# site_gaw_id : MKN
# site_gaw_type : GAW Global
# site_name : Mt. Kenya
# site_country/territory : Kenya
# site_wmo_region : REGION I (Africa)
# site_address1 : 
# site_address2 : 
# site_address3 : 
# site_latitude : -0.0621999986
# site_longitude : 37.2971992493
# site_elevation : 3678
# site_elevation_unit : m
# site_lst2utc : UTC+03:00
# site_climate_zone : Cfb
# site_climate_zone:comment : Warm temperate climate, fully humid, warm summer
# dataset_creation_date : 2024-05-13
# dataset_parameter : met (ch4)
# dataset_parameter_large_class : Meteo (Greenhouse Gas)
# dataset_parameter_small_class : 
# dataset_parameter_name_1 : MET (CH4)
# dataset_parameter_name_2 : MET (methane)
# dataset_parameter_name_3 : 
# dataset_parameter_name_4 : 
# dataset_parameter_name_5 : 
# dataset_project : surface-insitu
# dataset_platform : fixed station
# dataset_selection : All hourly data
# dataset_selection_tag : hourly
# dataset_time_zone : UTC
# dataset_start_date : 2023-01-01T00:00:00Z
# dataset_end_date : 2023-12-31T23:00:00Z
# dataset_description : Meteorological data may remain as first provided, even when greenhouse gas data are updated.
# dataset_description : Meteorological measurements are jointly operated by KMD and MeteoSwiss.
# dataset_buffer_code : 9999
# dataset_buffer : data1
# dataset_buffer:comment : default
# dataset_footnote_code : 9999
# dataset_footnote : default
# dataset_footnote:comment : default
# contributor_organization_code : 40
# contributor_acronym : KMD
# contributor_name : Kenya Meteorological Department
# contributor_address1 : Kenyan Meteorological Department Kenya Meteorological Department
# contributor_address2 : KMD
# contributor_address3 : Dagoretti Corner P.O. Box 30259 00100 Nairobi
# contributor_country/territory : Kenya
# contributor_url : 
# contact_total_listed : 5
# contact_1_name : Martin Steinbacher
# contact_1_address1 : Ueberlandstrasse 129
# contact_1_address2 : CH-8600 Duebendorf
# contact_1_address3 :  Switzerland
# contact_1_country/territory : Switzerland
# contact_1_organization : Swiss Federal Laboratories for Materials Science and Technology
# contact_1_organization_acronym : Empa
# contact_1_organization_url : http://www.empa.ch/gaw
# contact_1_email : martin.steinbacher@empa.ch
# contact_1_tel : +41 58 765 4048
# contact_1_fax : 
# contact_2_name : Jörg Klausen
# contact_2_address1 : 
# contact_2_address2 : 
# contact_2_address3 : 8058 ZH,Zürich-Flughafen Operation Center 1, Switzerland
# contact_2_country/territory : Switzerland
# contact_2_organization : Federal Office of Meteorology and Climatology MeteoSwiss
# contact_2_organization_acronym : MeteoSwiss
# contact_2_organization_url : https://www.meteoswiss.ch
# contact_2_email : joerg.klausen@meteoswiss.ch
# contact_2_tel : +41 58 460 92 23
# contact_2_fax : 
# contact_3_name : Christoph Zellweger
# contact_3_address1 : Ueberlandstrasse 129
# contact_3_address2 : CH-8600 Duebendorf
# contact_3_address3 : 
# contact_3_country/territory : Switzerland
# contact_3_organization : Swiss Federal Laboratories for Materials Science and Technology
# contact_3_organization_acronym : Empa
# contact_3_organization_url : http://www.empa.ch/gaw
# contact_3_email : christoph.zellweger@empa.ch
# contact_3_tel : +41 58 765 4328
# contact_3_fax : +41 58 765 1122
# contact_4_name : David Murithi Njiru
# contact_4_address1 : Kenya Meteorological Department MT KENYA GAW STATION 
# contact_4_address2 : P.O. Box 192 10400 NANYUKI Kenya
# contact_4_address3 : 
# contact_4_country/territory : Kenya
# contact_4_organization : Kenya Meteorological Department
# contact_4_organization_acronym : KMD
# contact_4_organization_url : 
# contact_4_email : njimdv@gmail.com
# contact_4_tel : +254 721 218 207
# contact_4_fax : 
# contact_5_name : Mathew Mutuku
# contact_5_address1 : 
# contact_5_address2 : 
# contact_5_address3 : 
# contact_5_country/territory : Kenya
# contact_5_organization : Kenya Meteorological Department
# contact_5_organization_acronym : KMD
# contact_5_organization_url : 
# contact_5_email : mathewmutuku38@gmail.com
# contact_5_tel : 
# contact_5_fax : 
# collaborator_total_listed : 2
# collaborator_1_organization_code : 23
# collaborator_1_acronym : Empa
# collaborator_1_name : Swiss Federal Laboratories for Materials Science and Technology
# collaborator_1_address1 : Überlandstrasse 129
# collaborator_1_address2 : 8600 Dübendorf
# collaborator_1_address3 : Switzerland
# collaborator_1_country/territory : Switzerland
# collaborator_1_url : http://www.empa.ch/gaw
# collaborator_2_organization_code : 127
# collaborator_2_acronym : MeteoSwiss
# collaborator_2_name : Federal Office of Meteorology and Climatology MeteoSwiss
# collaborator_2_address1 : Operation Center 1 
# collaborator_2_address2 : CH-8058 Zurich-Airport
# collaborator_2_address3 : 
# collaborator_2_country/territory : Switzerland
# collaborator_2_url : https://www.meteoswiss.ch
# wind_direction_flag : 1
# wind_speed_flag : 1
# relative_humidity_flag : 1
# precipitation_amount_flag : 1
# air_pressure_flag : 1
# air_temperature_flag : 1
# dew_point_temperature_flag : 0
# sea_water_temperature_flag : 0
# sea_surface_water_temperature_flag : 0
# sea_water_salinity_flag : 0
# sea_surface_water_salinity_flag : 0
#
# VARIABLE ATTRIBUTES
#
# site_gaw_id:long_name : unique_station/mobile_identifiers.
# site_gaw_id:comment : 3-letter site identification code as defined by GAWSIS for stationary platforms
# time_components:_FillValue : -999 or -9
# time_components:long_name : integer_components_of_UTC_date/time
# time_components:order : year, month, day, hour, minute, second
# time_components:comment : Sample collection time (UTC) represented as a 6-element array [year, month, day, hour, minute, second]. Calendar time components as integers.
# wind_direction:_FillValue : -99.9
# wind_direction:units : degree
# wind_direction:comment : Angle (in degrees) between true north and wind direction, and clockwise increase
# wind_speed:_FillValue : -99.9
# wind_speed:units : m/s
# wind_speed:comment : Average wind speed for the previous 10 minutes
# relative_humidity:_FillValue : -99.9
# relative_humidity:units : %
# precipitation_amount:_FillValue : -99.9
# precipitation_amount:units : mm
# air_pressure:_FillValue : -999.9
# air_pressure:units : hPa
# air_temperature:_FillValue : -99.9
# air_temperature:units : degree Celsius
# dew_point_temperature:_FillValue : -99.9
# dew_point_temperature:units : degree Celsius
# sea_water_temperature:_FillValue : -99.9
# sea_water_temperature:units : degree Celsius
# sea_water_temperature:comment : Temperature at the observation point
# sea_surface_water_temperature:_FillValue : -99.9
# sea_surface_water_temperature:units : degree Celsius
# sea_water_salinity:_FillValue : -9999.9
# sea_water_salinity:units : permil
# sea_water_salinity:comment : Sea water salinity at the observation point as calculated using the Practical Salinity Scale 1978 (PSS-78; unit: permil)
# sea_surface_water_salinity:_FillValue : -9999.9
# sea_surface_water_salinity:units : permil
# sea_surface_water_salinity:comment : Sea surface water salinity as calculated using the Practical Salinity Scale 1978 (PSS-78; unit: permil)
# latitude:_FillValue : -999.999999999
# latitude:standard_name : latitude
# latitude:long_name : sample_latitude_in_decimal_degrees
# latitude:units : degrees_north
# latitude:comment : Latitude of sampling location in decimal degrees (north: +; south: -)
# longitude:_FillValue : -999.999999999
# longitude:standard_name : longitude
# longitude:long_name : sample_longitude_in_decimal_degrees
# longitude:units : degrees_east
# longitude:comment : Longitude of sampling location in decimal degrees (east: +; west: -)
# altitude:_FillValue : -999.999
# altitude:standard_name : altitude
# altitude:long_name : sample_altitude_in_meters_above_sea_level
# altitude:units : m
# altitude:comment : Altitude (elevation + intake height) of air sample collection. Units are meters above sea level (masl). (height: +; depth: -)
# elevation:_FillValue : -999.999
# elevation:standard_name : elevation
# elevation:long_name : surface_elevation_in_meters_above_sea_level
# elevation:units : m
# elevation:comment : Station height (m) above sea level
#
# VARIABLE ORDER
#
# site_gaw_id year month day hour minute second wind_direction wind_speed relative_humidity precipitation_amount air_pressure air_temperature dew_point_temperature sea_water_temperature sea_surface_water_temperature sea_water_salinity sea_surface_water_salinity latitude longitude altitude elevation
MKN 2023 01 01 00 00 00 133 8.7 33.85 0 660.5 3.97 -99.9 -99.9 -99.9 -9999.9 -9999.9 -0.0621999986 37.2971992493 -999.999 3678
MKN 2023 01 01 01 00 00 143 11 28.13 0 660.2 4.22 -99.9 -99.9 -99.9 -9999.9 -9999.9 -0.0621999986 37.2971992493 -999.999 3678
MKN 2023 01 01 02 00 00 145 11.8 27.5 0 660.4 3.82 -99.9 -99.9 -99.9 -9999.9 -9999.9 -0.0621999986 37.2971992493 -999.999 3678
MKN 2023 01 01 03 00 00 145 11.3 26.1 0 660.7 3.63 -99.9 -99.9 -99.9 -9999.9 -9999.9 -0.0621999986 37.2971992493 -999.999 3678
MKN 2023 01 01 04 00 00 144 9.4 37.77 0 661.2 3.98 -99.9 -99.9 -99.9 -9999.9 -9999.9 -0.0621999986 37.2971992493 -999.999 3678
MKN 2023 01 01 05 00 00 146 8 45.47 0 661.7 6.42 -99.9 -99.9 -99.9 -9999.9 -9999.9 -0.0621999986 37.2971992493 -999.999 3678
MKN 2023 01 01 06 00 00 139 6.6 41.3 0 661.9 9.27 -99.9 -99.9 -99.9 -9999.9 -9999.9 -0.0621999986 37.2971992493 -999.999 3678
MKN 2023 01 01 07 00 00 145 5.7 67.17 0 662.2 8.17 -99.9 -99.9 -99.9 -9999.9 -9999.9 -0.0621999986 37.2971992493 -999.999 3678
MKN 2023 01 01 08 00 00 327 3.3 60.72 0 662.4 9.7 -99.9 -99.9 -99.9 -9999.9 -9999.9 -0.0621999986 37.2971992493 -999.999 3678
MKN 2023 01 01 09 00 00 327 3.3 70.17 0 662.3 9.22 -99.9 -99.9 -99.9 -9999.9 -9999.9 -0.0621999986 37.2971992493 -999.999 3678
MKN 2023 01 01 10 00 00 299 4.1 71.23 0 662 9.45 -99.9 -99.9 -99.9 -9999.9 -9999.9 -0.0621999986 37.2971992493 -999.999 3678
MKN 2023 01 01 11 00 00 307 4.1 71.88 0 661.5 9.28 -99.9 -99.9 -99.9 -9999.9 -9999.9 -0.0621999986 37.2971992493 -999.999 3678
MKN 2023 01 01 12 00 00 300 5.9 75.28 0 660.9 9 -99.9 -99.9 -99.9 -9999.9 -9999.9 -0.0621999986 37.2971992493 -999.999 3678
MKN 2023 01 01 13 00 00 283 4.7 73.97 0 660.6 9.28 -99.9 -99.9 -99.9 -9999.9 -9999.9 -0.0621999986 37.2971992493 -999.999 3678
MKN 2023 01 01 14 00 00 271 6 81.9 0 660.6 8.13 -99.9 -99.9 -99.9 -9999.9 -9999.9 -0.0621999986 37.2971992493 -999.999 3678
MKN 2023 01 01 15 00 00 266 4.6 80.73 0 660.6 4.87 -99.9 -99.9 -99.9 -9999.9 -9999.9 -0.0621999986 37.2971992493 -999.999 3678
MKN 2023 01 01 16 00 00 139 3 42.83 0 660.8 2.55 -99.9 -99.9 -99.9 -9999.9 -9999.9 -0.0621999986 37.2971992493 -999.999 3678
MKN 2023 01 01 17 00 00 149 4.9 26.67 0 661 4.43 -99.9 -99.9 -99.9 -9999.9 -9999.9 -0.0621999986 37.2971992493 -999.999 3678
MKN 2023 01 01 18 00 00 152 5.9 25.07 0 661.2 4.68 -99.9 -99.9 -99.9 -9999.9 -9999.9 -0.0621999986 37.2971992493 -999.999 3678
MKN 2023 01 01 19 00 00 141 8.1 31.02 0 661.2 5.15 -99.9 -99.9 -99.9 -9999.9 -9999.9 -0.0621999986 37.2971992493 -999.999 3678
MKN 2023 01 01 20 00 00 132 10.6 40.9 0 660.8 4.53 -99.9 -99.9 -99.9 -9999.9 -9999.9 -0.0621999986 37.2971992493 -999.999 3678
MKN 2023 01 01 21 00 00 131 14.5 52.27 0 660.1 3.63 -99.9 -99.9 -99.9 -9999.9 -9999.9 -0.0621999986 37.2971992493 -999.999 3678
MKN 2023 01 01 22 00 00 137 12.3 68.4 0 659.9 3.1 -99.9 -99.9 -99.9 -9999.9 -9999.9 -0.0621999986 37.2971992493 -999.999 3678
MKN 2023 01 01 23 00 00 129 11.1 64.23 0 659.5 3.75 -99.9 -99.9 -99.9 -9999.9 -9999.9 -0.0621999986 37.2971992493 -999.999 3678
MKN 2023 01 02 00 00 00 125 11.5 77.37 0 659 3.18 -99.9 -99.9 -99.9 -9999.9 -9999.9 -0.0621999986 37.2971992493 -999.999 3678
MKN 2023 01 02 01 00 00 124 9.8 84.93 0 658.9 3.03 -99.9 -99.9 -99.9 -9999.9 -9999.9 -0.0621999986 37.2971992493 -999.999 3678
MKN 2023 01 02 02 00 00 126 14.3 81.3 0 658.9 3.55 -99.9 -99.9 -99.9 -9999.9 -9999.9 -0.0621999986 37.2971992493 -999.999 3678
MKN 2023 01 02 03 00 00 128 15.4 85.13 0 659 3.83 -99.9 -99.9 -99.9 -9999.9 -9999.9 -0.0621999986 37.2971992493 -999.999 3678
MKN 2023 01 02 04 00 00 124 14.4 86.63 0 659.7 4.07 -99.9 -99.9 -99.9 -9999.9 -9999.9 -0.0621999986 37.2971992493 -999.999 3678
MKN 2023 01 02 05 00 00 129 13.3 77.68 0 660 4.73 -99.9 -99.9 -99.9 -9999.9 -9999.9 -0.0621999986 37.2971992493 -999.999 3678
MKN 2023 01 02 06 00 00 130 15 68.77 0 660.3 6.52 -99.9 -99.9 -99.9 -9999.9 -9999.9 -0.0621999986 37.2971992493 -999.999 3678
MKN 2023 01 02 07 00 00 121 13.6 59.43 0 661.1 8.38 -99.9 -99.9 -99.9 -9999.9 -9999.9 -0.0621999986 37.2971992493 -999.999 3678
MKN 2023 01 02 08 00 00 115 11.7 54.7 0 661.6 8.97 -99.9 -99.9 -99.9 -9999.9 -9999.9 -0.0621999986 37.2971992493 -999.999 3678
MKN 2023 01 02 09 00 00 113 12.4 56.08 0 661.6 9.5 -99.9 -99.9 -99.9 -9999.9 -9999.9 -0.0621999986 37.2971992493 -999.999 3678
MKN 2023 01 02 10 00 00 125 12.8 55 0 661.2 10.18 -99.9 -99.9 -99.9 -9999.9 -9999.9 -0.0621999986 37.2971992493 -999.999 3678
MKN 2023 01 02 11 00 00 124 11.2 61.78 0 660.8 9.45 -99.9 -99.9 -99.9 -9999.9 -9999.9 -0.0621999986 37.2971992493 -999.999 3678
MKN 2023 01 02 12 00 00 129 10.7 62.37 0 660.2 9.53 -99.9 -99.9 -99.9 -9999.9 -9999.9 -0.0621999986 37.2971992493 -999.999 3678
MKN 2023 01 02 13 00 00 142 11 57.07 0 660.1 9.13 -99.9 -99.9 -99.9 -9999.9 -9999.9 -0.0621999986 37.2971992493 -999.999 3678
MKN 2023 01 02 14 00 00 135 13.9 63.75 0 660 7.82 -99.9 -99.9 -99.9 -9999.9 -9999.9 -0.0621999986 37.2971992493 -999.999 3678
MKN 2023 01 02 15 00 00 130 12.5 71.57 0 660.2 5.92 -99.9 -99.9 -99.9 -9999.9 -9999.9 -0.0621999986 37.2971992493 -999.999 3678
MKN 2023 01 02 16 00 00 143 7.6 86.42 0 661 5.02 -99.9 -99.9 -99.9 -9999.9 -9999.9 -0.0621999986 37.2971992493 -999.999 3678
MKN 2023 01 02 17 00 00 121 13.3 84.07 0 660.7 4.65 -99.9 -99.9 -99.9 -9999.9 -9999.9 -0.0621999986 37.2971992493 -999.999 3678
MKN 2023 01 02 18 00 00 123 16.8 76.63 0 660.7 4.87 -99.9 -99.9 -99.9 -9999.9 -9999.9 -0.0621999986 37.2971992493 -999.999 3678
MKN 2023 01 02 19 00 00 123 18.8 79 0 660.6 5.05 -99.9 -99.9 -99.9 -9999.9 -9999.9 -0.0621999986 37.2971992493 -999.999 3678
MKN 2023 01 02 20 00 00 125 15.8 88.27 0 660.5 4.7 -99.9 -99.9 -99.9 -9999.9 -9999.9 -0.0621999986 37.2971992493 -999.999 3678
MKN 2023 01 02 21 00 00 137 10.8 90.05 0 660.9 5.03 -99.9 -99.9 -99.9 -9999.9 -9999.9 -0.0621999986 37.2971992493 -999.999 3678
MKN 2023 01 02 22 00 00 129 13.2 98.15 0 660.2 5.37 -99.9 -99.9 -99.9 -9999.9 -9999.9 -0.0621999986 37.2971992493 -999.999 3678
MKN 2023 01 02 23 00 00 -99.9 9.6 99.28 41.8 660 5.2 -99.9 -99.9 -99.9 -9999.9 -9999.9 -0.0621999986 37.2971992493 -999.999 3678
MKN 2023 01 03 00 00 00 110 11.9 99.25 37.8 659.9 4.9 -99.9 -99.9 -99.9 -9999.9 -9999.9 -0.0621999986 37.2971992493 -999.999 3678
MKN 2023 01 03 01 00 00 114 14.1 98.8 0.3 659.5 5.43 -99.9 -99.9 -99.9 -9999.9 -9999.9 -0.0621999986 37.2971992493 -999.999 3678
MKN 2023 01 03 02 00 00 117 11 98.12 4.2 659.5 4.45 -99.9 -99.9 -99.9 -9999.9 -9999.9 -0.0621999986 37.2971992493 -999.999 3678
MKN 2023 01 03 03 00 00 120 14 98.3 5.1 660.3 4.72 -99.9 -99.9 -99.9 -9999.9 -9999.9 -0.0621999986 37.2971992493 -999.999 3678
MKN 2023 01 03 04 00 00 125 17.4 98.78 0.9 659.1 4.73 -99.9 -99.9 -99.9 -9999.9 -9999.9 -0.0621999986 37.2971992493 -999.999 3678
MKN 2023 01 03 05 00 00 -99.9 15.1 98.68 43.5 661 4.72 -99.9 -99.9 -99.9 -9999.9 -9999.9 -0.0621999986 37.2971992493 -999.999 3678
MKN 2023 01 03 06 00 00 118 15.5 99.03 0 660.9 5.03 -99.9 -99.9 -99.9 -9999.9 -9999.9 -0.0621999986 37.2971992493 -999.999 3678
MKN 2023 01 03 07 00 00 115 14 98.67 20.9 661.5 5.67 -99.9 -99.9 -99.9 -9999.9 -9999.9 -0.0621999986 37.2971992493 -999.999 3678
MKN 2023 01 03 08 00 00 117 14.3 98.87 0.2 661.5 6.63 -99.9 -99.9 -99.9 -9999.9 -9999.9 -0.0621999986 37.2971992493 -999.999 3678
MKN 2023 01 03 09 00 00 113 15.2 97.43 1.9 661.8 7 -99.9 -99.9 -99.9 -9999.9 -9999.9 -0.0621999986 37.2971992493 -999.999 3678
MKN 2023 01 03 10 00 00 112 10.7 98.08 1.1 661.4 7.23 -99.9 -99.9 -99.9 -9999.9 -9999.9 -0.0621999986 37.2971992493 -999.999 3678
MKN 2023 01 03 11 00 00 108 8.4 84.58 0.1 661.3 8.18 -99.9 -99.9 -99.9 -9999.9 -9999.9 -0.0621999986 37.2971992493 -999.999 3678
MKN 2023 01 03 12 00 00 131 10.5 68.35 0 660.6 9.6 -99.9 -99.9 -99.9 -9999.9 -9999.9 -0.0621999986 37.2971992493 -999.999 3678
MKN 2023 01 03 13 00 00 132 9 82.78 0 660.8 7.87 -99.9 -99.9 -99.9 -9999.9 -9999.9 -0.0621999986 37.2971992493 -999.999 3678
MKN 2023 01 03 14 00 00 133 5.8 75.1 0 661.1 7.28 -99.9 -99.9 -99.9 -9999.9 -9999.9 -0.0621999986 37.2971992493 -999.999 3678
MKN 2023 01 03 15 00 00 134 10.6 76.43 0 660.8 6.05 -99.9 -99.9 -99.9 -9999.9 -9999.9 -0.0621999986 37.2971992493 -999.999 3678
MKN 2023 01 03 16 00 00 133 9.3 83.78 0 661.2 5.35 -99.9 -99.9 -99.9 -9999.9 -9999.9 -0.0621999986 37.2971992493 -999.999 3678
MKN 2023 01 03 17 00 00 131 11.2 91.5 0 661.5 4.98 -99.9 -99.9 -99.9 -9999.9 -9999.9 -0.0621999986 37.2971992493 -999.999 3678
MKN 2023 01 03 18 00 00 118 13.5 91.28 0 661.8 5.17 -99.9 -99.9 -99.9 -9999.9 -9999.9 -0.0621999986 37.2971992493 -999.999 3678
MKN 2023 01 03 19 00 00 117 12.9 93.67 0 661.8 5.07 -99.9 -99.9 -99.9 -9999.9 -9999.9 -0.0621999986 37.2971992493 -999.999 3678
MKN 2023 01 03 20 00 00 118 14.2 98.57 0 661.8 4.45 -99.9 -99.9 -99.9 -9999.9 -9999.9 -0.0621999986 37.2971992493 -999.999 3678
MKN 2023 01 03 21 00 00 116 15 98.78 0 661.3 4.18 -99.9 -99.9 -99.9 -9999.9 -9999.9 -0.0621999986 37.2971992493 -999.999 3678
MKN 2023 01 03 22 00 00 120 12.8 99.3 0 661.1 4.3 -99.9 -99.9 -99.9 -9999.9 -9999.9 -0.0621999986 37.2971992493 -999.999 3678
MKN 2023 01 03 23 00 00 115 7.8 99.3 0 660.9 4.25 -99.9 -99.9 -99.9 -9999.9 -9999.9 -0.0621999986 37.2971992493 -999.999 3678
MKN 2023 01 04 00 00 00 110 12.1 99.3 0 660.1 4.35 -99.9 -99.9 -99.9 -9999.9 -9999.9 -0.0621999986 37.2971992493 -999.999 3678
MKN 2023 01 04 01 00 00 118 12.5 99.27 0 659.5 4.27 -99.9 -99.9 -99.9 -9999.9 -9999.9 -0.0621999986 37.2971992493 -999.999 3678
MKN 2023 01 04 02 00 00 125 14.4 99.27 0 659.1 4.08 -99.9 -99.9 -99.9 -9999.9 -9999.9 -0.0621999986 37.2971992493 -999.999 3678
MKN 2023 01 04 03 00 00 126 12.5 98.45 0 659.6 4.2 -99.9 -99.9 -99.9 -9999.9 -9999.9 -0.0621999986 37.2971992493 -999.999 3678
MKN 2023 01 04 04 00 00 126 14.6 95.85 0 659.7 4.55 -99.9 -99.9 -99.9 -9999.9 -9999.9 -0.0621999986 37.2971992493 -999.999 3678
MKN 2023 01 04 05 00 00 134 16.9 84.38 0 660 6.6 -99.9 -99.9 -99.9 -9999.9 -9999.9 -0.0621999986 37.2971992493 -999.999 3678
MKN 2023 01 04 06 00 00 137 16.1 78.32 0 660.3 8.02 -99.9 -99.9 -99.9 -9999.9 -9999.9 -0.0621999986 37.2971992493 -999.999 3678
MKN 2023 01 04 07 00 00 135 13.9 71.92 0 661.1 9.12 -99.9 -99.9 -99.9 -9999.9 -9999.9 -0.0621999986 37.2971992493 -999.999 3678
MKN 2023 01 04 08 00 00 145 10.5 67.82 0 661.7 10.33 -99.9 -99.9 -99.9 -9999.9 -9999.9 -0.0621999986 37.2971992493 -999.999 3678
MKN 2023 01 04 09 00 00 184 8 76.7 0 661.6 9.48 -99.9 -99.9 -99.9 -9999.9 -9999.9 -0.0621999986 37.2971992493 -999.999 3678
MKN 2023 01 04 10 00 00 165 5.1 81.57 0 661.3 9.08 -99.9 -99.9 -99.9 -9999.9 -9999.9 -0.0621999986 37.2971992493 -999.999 3678
MKN 2023 01 04 11 00 00 219 3.6 76.7 0 660.8 8.8 -99.9 -99.9 -99.9 -9999.9 -9999.9 -0.0621999986 37.2971992493 -999.999 3678
MKN 2023 01 04 12 00 00 243 3.1 80.13 0 660.4 8.95 -99.9 -99.9 -99.9 -9999.9 -9999.9 -0.0621999986 37.2971992493 -999.999 3678
MKN 2023 01 04 13 00 00 124 2.7 89.05 0 660.1 7.98 -99.9 -99.9 -99.9 -9999.9 -9999.9 -0.0621999986 37.2971992493 -999.999 3678
MKN 2023 01 04 14 00 00 225 3.5 90.77 0 660.1 7.4 -99.9 -99.9 -99.9 -9999.9 -9999.9 -0.0621999986 37.2971992493 -999.999 3678
MKN 2023 01 04 15 00 00 327 2.5 81.18 0 660.6 5.63 -99.9 -99.9 -99.9 -9999.9 -9999.9 -0.0621999986 37.2971992493 -999.999 3678
MKN 2023 01 04 16 00 00 156 5.3 81.6 0 661.2 4.75 -99.9 -99.9 -99.9 -9999.9 -9999.9 -0.0621999986 37.2971992493 -999.999 3678
MKN 2023 01 04 17 00 00 176 6.7 83.82 0 661.7 4.3 -99.9 -99.9 -99.9 -9999.9 -9999.9 -0.0621999986 37.2971992493 -999.999 3678
MKN 2023 01 04 18 00 00 151 6.7 83.03 0 661.8 3.42 -99.9 -99.9 -99.9 -9999.9 -9999.9 -0.0621999986 37.2971992493 -999.999 3678
MKN 2023 01 04 19 00 00 156 8.9 77.95 0 661.9 3.25 -99.9 -99.9 -99.9 -9999.9 -9999.9 -0.0621999986 37.2971992493 -999.999 3678
MKN 2023 01 04 20 00 00 149 12.8 64.67 0 661.5 2.82 -99.9 -99.9 -99.9 -9999.9 -9999.9 -0.0621999986 37.2971992493 -999.999 3678
MKN 2023 01 04 21 00 00 167 9.5 50.35 0 661.7 3.12 -99.9 -99.9 -99.9 -9999.9 -9999.9 -0.0621999986 37.2971992493 -999.999 3678
MKN 2023 01 04 22 00 00 150 10.6 48.28 0 660.7 3.05 -99.9 -99.9 -99.9 -9999.9 -9999.9 -0.0621999986 37.2971992493 -999.999 3678
MKN 2023 01 04 23 00 00 152 9.5 50.47 0 660.2 3.42 -99.9 -99.9 -99.9 -9999.9 -9999.9 -0.0621999986 37.2971992493 -999.999 3678
MKN 2023 01 05 00 00 00 147 9.7 55.58 0 659.7 2.88 -99.9 -99.9 -99.9 -9999.9 -9999.9 -0.0621999986 37.2971992493 -999.999 3678
MKN 2023 01 05 01 00 00 139 15.4 51.45 0 658.8 2.92 -99.9 -99.9 -99.9 -9999.9 -9999.9 -0.0621999986 37.2971992493 -999.999 3678
MKN 2023 01 05 02 00 00 139 16.7 47.1 0 658.5 3.23 -99.9 -99.9 -99.9 -9999.9 -9999.9 -0.0621999986 37.2971992493 -999.999 3678
MKN 2023 01 05 03 00 00 142 14.7 39.58 0 658.8 4.07 -99.9 -99.9 -99.9 -9999.9 -9999.9 -0.0621999986 37.2971992493 -999.999 3678
MKN 2023 01 05 04 00 00 149 9.4 35.25 0 659.6 5.38 -99.9 -99.9 -99.9 -9999.9 -9999.9 -0.0621999986 37.2971992493 -999.999 3678
MKN 2023 01 05 05 00 00 148 8.6 38.93 0 660 7.9 -99.9 -99.9 -99.9 -9999.9 -9999.9 -0.0621999986 37.2971992493 -999.999 3678
MKN 2023 01 05 06 00 00 173 6.7 64.1 0 660.8 7.38 -99.9 -99.9 -99.9 -9999.9 -9999.9 -0.0621999986 37.2971992493 -999.999 3678
MKN 2023 01 05 07 00 00 301 3 74.03 0 661.3 7.6 -99.9 -99.9 -99.9 -9999.9 -9999.9 -0.0621999986 37.2971992493 -999.999 3678
MKN 2023 01 05 08 00 00 304 4.6 78.72 0 661.7 8.4 -99.9 -99.9 -99.9 -9999.9 -9999.9 -0.0621999986 37.2971992493 -999.999 3678
MKN 2023 01 05 09 00 00 298 4.7 61.37 0 661.5 9.67 -99.9 -99.9 -99.9 -9999.9 -9999.9 -0.0621999986 37.2971992493 -999.999 3678
MKN 2023 01 05 10 00 00 105 3.4 74.02 0 661.3 8.32 -99.9 -99.9 -99.9 -9999.9 -9999.9 -0.0621999986 37.2971992493 -999.999 3678
MKN 2023 01 05 11 00 00 301 6.3 84.03 0 660.9 7.27 -99.9 -99.9 -99.9 -9999.9 -9999.9 -0.0621999986 37.2971992493 -999.999 3678
MKN 2023 01 05 12 00 00 281 6.1 91.2 0 660.6 7.18 -99.9 -99.9 -99.9 -9999.9 -9999.9 -0.0621999986 37.2971992493 -999.999 3678
MKN 2023 01 05 13 00 00 278 5 94.17 0 660.2 7 -99.9 -99.9 -99.9 -9999.9 -9999.9 -0.0621999986 37.2971992493 -999.999 3678
MKN 2023 01 05 14 00 00 275 4.6 99.22 0 660.2 6.1 -99.9 -99.9 -99.9 -9999.9 -9999.9 -0.0621999986 37.2971992493 -999.999 3678
MKN 2023 01 05 15 00 00 269 4.2 99.27 0 660.5 5.13 -99.9 -99.9 -99.9 -9999.9 -9999.9 -0.0621999986 37.2971992493 -999.999 3678
MKN 2023 01 05 16 00 00 298 2.7 99.3 0 660.8 4.37 -99.9 -99.9 -99.9 -9999.9 -9999.9 -0.0621999986 37.2971992493 -999.999 3678
MKN 2023 01 05 17 00 00 265 1.6 97.75 0 661.1 2.98 -99.9 -99.9 -99.9 -9999.9 -9999.9 -0.0621999986 37.2971992493 -999.999 3678
MKN 2023 01 05 18 00 00 139 1.3 99.05 0 661.4 2.02 -99.9 -99.9 -99.9 -9999.9 -9999.9 -0.0621999986 37.2971992493 -999.999 3678
MKN 2023 01 05 19 00 00 135 1 99.28 0 661.7 2.17 -99.9 -99.9 -99.9 -9999.9 -9999.9 -0.0621999986 37.2971992493 -999.999 3678
MKN 2023 01 05 20 00 00 197 1.2 99.3 0 661.7 1.98 -99.9 -99.9 -99.9 -9999.9 -9999.9 -0.0621999986 37.2971992493 -999.999 3678
MKN 2023 01 05 21 00 00 221 1.9 92.92 0 661.6 2.77 -99.9 -99.9 -99.9 -9999.9 -9999.9 -0.0621999986 37.2971992493 -999.999 3678
MKN 2023 01 05 22 00 00 0 1.5 98.5 0 661.3 2.47 -99.9 -99.9 -99.9 -9999.9 -9999.9 -0.0621999986 37.2971992493 -999.999 3678
MKN 2023 01 05 23 00 00 265 2.4 95.83 0 660.8 2.33 -99.9 -99.9 -99.9 -9999.9 -9999.9 -0.0621999986 37.2971992493 -999.999 3678
MKN 2023 01 06 00 00 00 225 0.9 83.63 0 660.4 3.12 -99.9 -99.9 -99.9 -9999.9 -9999.9 -0.0621999986 37.2971992493 -999.999 3678
MKN 2023 01 06 01 00 00 188 1.9 79.27 0 660.1 3.47 -99.9 -99.9 -99.9 -9999.9 -9999.9 -0.0621999986 37.2971992493 -999.999 3678
MKN 2023 01 06 02 00 00 174 3.8 79.47 0 660.2 3.4 -99.9 -99.9 -99.9 -9999.9 -9999.9 -0.0621999986 37.2971992493 -999.999 3678
MKN 2023 01 06 03 00 00 153 3.3 74.52 0 660.5 3.12 -99.9 -99.9 -99.9 -9999.9 -9999.9 -0.0621999986 37.2971992493 -999.999 3678
MKN 2023 01 06 04 00 00 168 1.9 67.65 0 661.1 4.08 -99.9 -99.9 -99.9 -9999.9 -9999.9 -0.0621999986 37.2971992493 -999.999 3678
MKN 2023 01 06 05 00 00 315 0.5 65.37 0 661.8 5.83 -99.9 -99.9 -99.9 -9999.9 -9999.9 -0.0621999986 37.2971992493 -999.999 3678
MKN 2023 01 06 06 00 00 284 1 67.05 0 662.3 6.72 -99.9 -99.9 -99.9 -9999.9 -9999.9 -0.0621999986 37.2971992493 -999.999 3678
MKN 2023 01 06 07 00 00 286 3.8 67.52 0 662.7 7.93 -99.9 -99.9 -99.9 -9999.9 -9999.9 -0.0621999986 37.2971992493 -999.999 3678
MKN 2023 01 06 08 00 00 274 4.4 49.8 0 662.8 9.25 -99.9 -99.9 -99.9 -9999.9 -9999.9 -0.0621999986 37.2971992493 -999.999 3678
MKN 2023 01 06 09 00 00 10 7.2 48.88 0 662.5 9.6 -99.9 -99.9 -99.9 -9999.9 -9999.9 -0.0621999986 37.2971992493 -999.999 3678
MKN 2023 01 06 10 00 00 328 7 58.98 0 662.2 8.93 -99.9 -99.9 -99.9 -9999.9 -9999.9 -0.0621999986 37.2971992493 -999.999 3678
MKN 2023 01 06 11 00 00 357 5.5 64.45 0 661.7 8.87 -99.9 -99.9 -99.9 -9999.9 -9999.9 -0.0621999986 37.2971992493 -999.999 3678
MKN 2023 01 06 12 00 00 18 6.1 73.03 0 661.2 8.03 -99.9 -99.9 -99.9 -9999.9 -9999.9 -0.0621999986 37.2971992493 -999.999 3678
MKN 2023 01 06 13 00 00 38 6.6 79.67 0 660.8 7.18 -99.9 -99.9 -99.9 -9999.9 -9999.9 -0.0621999986 37.2971992493 -999.999 3678
MKN 2023 01 06 14 00 00 53 6.1 87.03 0 660.7 5.88 -99.9 -99.9 -99.9 -9999.9 -9999.9 -0.0621999986 37.2971992493 -999.999 3678
MKN 2023 01 06 15 00 00 72 5.5 84.35 0 661 5.68 -99.9 -99.9 -99.9 -9999.9 -9999.9 -0.0621999986 37.2971992493 -999.999 3678
MKN 2023 01 06 16 00 00 158 2.5 89.95 0 661.3 4.38 -99.9 -99.9 -99.9 -9999.9 -9999.9 -0.0621999986 37.2971992493 -999.999 3678
MKN 2023 01 06 17 00 00 262 0.9 93.48 0 661.6 4.1 -99.9 -99.9 -99.9 -9999.9 -9999.9 -0.0621999986 37.2971992493 -999.999 3678
MKN 2023 01 06 18 00 00 204 2.3 94.47 0 662.1 3.02 -99.9 -99.9 -99.9 -9999.9 -9999.9 -0.0621999986 37.2971992493 -999.999 3678
MKN 2023 01 06 19 00 00 141 1.6 92.57 0 662.3 2.98 -99.9 -99.9 -99.9 -9999.9 -9999.9 -0.0621999986 37.2971992493 -999.999 3678
MKN 2023 01 06 20 00 00 120 1.9 93.33 0 662.6 3.08 -99.9 -99.9 -99.9 -9999.9 -9999.9 -0.0621999986 37.2971992493 -999.999 3678
MKN 2023 01 06 21 00 00 122 2.8 91.65 0 662.7 3.13 -99.9 -99.9 -99.9 -9999.9 -9999.9 -0.0621999986 37.2971992493 -999.999 3678
MKN 2023 01 06 22 00 00 192 4 89.17 0 662.2 3.42 -99.9 -99.9 -99.9 -9999.9 -9999.9 -0.0621999986 37.2971992493 -999.999 3678
MKN 2023 01 06 23 00 00 208 2.2 91.67 0 661.6 2.3 -99.9 -99.9 -99.9 -9999.9 -9999.9 -0.0621999986 37.2971992493 -999.999 3678
MKN 2023 01 07 00 00 00 185 1.2 88.13 0 661 2.37 -99.9 -99.9 -99.9 -9999.9 -9999.9 -0.0621999986 37.2971992493 -999.999 3678
MKN 2023 01 07 01 00 00 189 2.5 82.03 0 660.7 3.05 -99.9 -99.9 -99.9 -9999.9 -9999.9 -0.0621999986 37.2971992493 -999.999 3678
MKN 2023 01 07 02 00 00 202 1.8 80.8 0 660.7 3.02 -99.9 -99.9 -99.9 -9999.9 -9999.9 -0.0621999986 37.2971992493 -999.999 3678
MKN 2023 01 07 03 00 00 225 1.1 82.85 0 660.8 2.32 -99.9 -99.9 -99.9 -9999.9 -9999.9 -0.0621999986 37.2971992493 -999.999 3678
MKN 2023 01 07 04 00 00 159 1.8 79.33 0 661.2 4.15 -99.9 -99.9 -99.9 -9999.9 -9999.9 -0.0621999986 37.2971992493 -999.999 3678
MKN 2023 01 07 05 00 00 175 2.3 69.4 0 661.7 6.1 -99.9 -99.9 -99.9 -9999.9 -9999.9 -0.0621999986 37.2971992493 -999.999 3678
MKN 2023 01 07 06 00 00 282 1.5 72.57 0 662.3 6.57 -99.9 -99.9 -99.9 -9999.9 -9999.9 -0.0621999986 37.2971992493 -999.999 3678
MKN 2023 01 07 07 00 00 290 2.7 71.72 0 662.6 7.17 -99.9 -99.9 -99.9 -9999.9 -9999.9 -0.0621999986 37.2971992493 -999.999 3678
MKN 2023 01 07 08 00 00 285 3.7 74.43 0 662.6 7.32 -99.9 -99.9 -99.9 -9999.9 -9999.9 -0.0621999986 37.2971992493 -999.999 3678
MKN 2023 01 07 09 00 00 343 4.2 78.7 0 662.2 7.02 -99.9 -99.9 -99.9 -9999.9 -9999.9 -0.0621999986 37.2971992493 -999.999 3678
MKN 2023 01 07 10 00 00 358 5 79.57 0 661.8 7.18 -99.9 -99.9 -99.9 -9999.9 -9999.9 -0.0621999986 37.2971992493 -999.999 3678
MKN 2023 01 07 11 00 00 5 4.9 77.37 0 661.3 7.45 -99.9 -99.9 -99.9 -9999.9 -9999.9 -0.0621999986 37.2971992493 -999.999 3678
MKN 2023 01 07 12 00 00 4 4.1 86.62 0 660.8 6.75 -99.9 -99.9 -99.9 -9999.9 -9999.9 -0.0621999986 37.2971992493 -999.999 3678
MKN 2023 01 07 13 00 00 350 4.5 86.37 0 660.4 6.9 -99.9 -99.9 -99.9 -9999.9 -9999.9 -0.0621999986 37.2971992493 -999.999 3678
MKN 2023 01 07 14 00 00 76 6.7 87.68 0 660.2 6.62 -99.9 -99.9 -99.9 -9999.9 -9999.9 -0.0621999986 37.2971992493 -999.999 3678
MKN 2023 01 07 15 00 00 84 4.6 94.67 0 660.4 5.65 -99.9 -99.9 -99.9 -9999.9 -9999.9 -0.0621999986 37.2971992493 -999.999 3678
MKN 2023 01 07 16 00 00 99 4.1 91.67 0 660.6 5.25 -99.9 -99.9 -99.9 -9999.9 -9999.9 -0.0621999986 37.2971992493 -999.999 3678
MKN 2023 01 07 17 00 00 148 2.6 87.8 0 661 5.38 -99.9 -99.9 -99.9 -9999.9 -9999.9 -0.0621999986 37.2971992493 -999.999 3678
MKN 2023 01 07 18 00 00 131 1.9 93.17 0 661.5 3.2 -99.9 -99.9 -99.9 -9999.9 -9999.9 -0.0621999986 37.2971992493 -999.999 3678
MKN 2023 01 07 19 00 00 164 2.4 93.38 0 661.9 2.98 -99.9 -99.9 -99.9 -9999.9 -9999.9 -0.0621999986 37.2971992493 -999.999 3678
MKN 2023 01 07 20 00 00 137 6.6 88.77 0 662 3.32 -99.9 -99.9 -99.9 -9999.9 -9999.9 -0.0621999986 37.2971992493 -999.999 3678
MKN 2023 01 07 21 00 00 141 7.6 84.65 0 662 3.5 -99.9 -99.9 -99.9 -9999.9 -9999.9 -0.0621999986 37.2971992493 -999.999 3678
MKN 2023 01 07 22 00 00 138 8.1 80.75 0 661.4 3.13 -99.9 -99.9 -99.9 -9999.9 -9999.9 -0.0621999986 37.2971992493 -999.999 3678
MKN 2023 01 07 23 00 00 137 6.7 76.92 0 661 2.83 -99.9 -99.9 -99.9 -9999.9 -9999.9 -0.0621999986 37.2971992493 -999.999 3678
MKN 2023 01 08 00 00 00 139 7.9 76.37 0 660.4 3.08 -99.9 -99.9 -99.9 -9999.9 -9999.9 -0.0621999986 37.2971992493 -999.999 3678
MKN 2023 01 08 01 00 00 138 7.8 74.38 0 660 2.92 -99.9 -99.9 -99.9 -9999.9 -9999.9 -0.0621999986 37.2971992493 -999.999 3678
MKN 2023 01 08 02 00 00 153 5 70.56 0 660 2.88 -99.9 -99.9 -99.9 -9999.9 -9999.9 -0.0621999986 37.2971992493 -999.999 3678
MKN 2023 01 08 03 00 00 204 1.8 76.02 0 660.5 1.9 -99.9 -99.9 -99.9 -9999.9 -9999.9 -0.0621999986 37.2971992493 -999.999 3678
MKN 2023 01 08 04 00 00 138 6.5 77.27 0 660.7 4 -99.9 -99.9 -99.9 -9999.9 -9999.9 -0.0621999986 37.2971992493 -999.999 3678
MKN 2023 01 08 05 00 00 136 7.1 65.17 0 661.2 7.37 -99.9 -99.9 -99.9 -9999.9 -9999.9 -0.0621999986 37.2971992493 -999.999 3678
MKN 2023 01 08 06 00 00 117 7 57.77 0 661.8 9.02 -99.9 -99.9 -99.9 -9999.9 -9999.9 -0.0621999986 37.2971992493 -999.999 3678
MKN 2023 01 08 07 00 00 98 5.7 66.28 0 662.1 7.82 -99.9 -99.9 -99.9 -9999.9 -9999.9 -0.0621999986 37.2971992493 -999.999 3678
MKN 2023 01 08 08 00 00 80 4.8 63.05 0 662.3 9.57 -99.9 -99.9 -99.9 -9999.9 -9999.9 -0.0621999986 37.2971992493 -999.999 3678
MKN 2023 01 08 09 00 00 72 6.3 66 0 661.8 10.03 -99.9 -99.9 -99.9 -9999.9 -9999.9 -0.0621999986 37.2971992493 -999.999 3678
MKN 2023 01 08 10 00 00 80 8.6 66.3 0 661.4 9.23 -99.9 -99.9 -99.9 -9999.9 -9999.9 -0.0621999986 37.2971992493 -999.999 3678
MKN 2023 01 08 11 00 00 86 7.4 68.85 0 660.9 9.15 -99.9 -99.9 -99.9 -9999.9 -9999.9 -0.0621999986 37.2971992493 -999.999 3678
MKN 2023 01 08 12 00 00 76 6.9 73.77 0 660.4 8.7 -99.9 -99.9 -99.9 -9999.9 -9999.9 -0.0621999986 37.2971992493 -999.999 3678
MKN 2023 01 08 13 00 00 31 4.5 97.63 0 660.3 7.08 -99.9 -99.9 -99.9 -9999.9 -9999.9 -0.0621999986 37.2971992493 -999.999 3678
MKN 2023 01 08 14 00 00 309 2.1 99.27 0 660.3 5.32 -99.9 -99.9 -99.9 -9999.9 -9999.9 -0.0621999986 37.2971992493 -999.999 3678
MKN 2023 01 08 15 00 00 270 1.8 99.23 0 660.6 5.05 -99.9 -99.9 -99.9 -9999.9 -9999.9 -0.0621999986 37.2971992493 -999.999 3678
MKN 2023 01 08 16 00 00 233 1.4 97.93 0 660.7 3.93 -99.9 -99.9 -99.9 -9999.9 -9999.9 -0.0621999986 37.2971992493 -999.999 3678
MKN 2023 01 08 17 00 00 185 2.4 92.47 0 661.1 2.95 -99.9 -99.9 -99.9 -9999.9 -9999.9 -0.0621999986 37.2971992493 -999.999 3678
MKN 2023 01 08 18 00 00 189 2.5 86.85 0 661.8 3.02 -99.9 -99.9 -99.9 -9999.9 -9999.9 -0.0621999986 37.2971992493 -999.999 3678
MKN 2023 01 08 19 00 00 153 3.2 70.42 0 662.3 2.9 -99.9 -99.9 -99.9 -9999.9 -9999.9 -0.0621999986 37.2971992493 -999.999 3678
MKN 2023 01 08 20 00 00 139 5.2 63.75 0 662.3 3.47 -99.9 -99.9 -99.9 -9999.9 -9999.9 -0.0621999986 37.2971992493 -999.999 3678
MKN 2023 01 08 21 00 00 137 6.3 60.9 0 662.2 4.15 -99.9 -99.9 -99.9 -9999.9 -9999.9 -0.0621999986 37.2971992493 -999.999 3678
MKN 2023 01 08 22 00 00 138 7.3 65.17 0 661.7 4.05 -99.9 -99.9 -99.9 -9999.9 -9999.9 -0.0621999986 37.2971992493 -999.999 3678
MKN 2023 01 08 23 00 00 132 5.1 80.08 0 661.3 2.75 -99.9 -99.9 -99.9 -9999.9 -9999.9 -0.0621999986 37.2971992493 -999.999 3678
MKN 2023 01 09 00 00 00 136 8.7 75.75 0 660.8 3.47 -99.9 -99.9 -99.9 -9999.9 -9999.9 -0.0621999986 37.2971992493 -999.999 3678
MKN 2023 01 09 01 00 00 144 8.5 59.87 0 660.5 4.33 -99.9 -99.9 -99.9 -9999.9 -9999.9 -0.0621999986 37.2971992493 -999.999 3678
MKN 2023 01 09 02 00 00 162 4.3 61.72 0 660.8 2.65 -99.9 -99.9 -99.9 -9999.9 -9999.9 -0.0621999986 37.2971992493 -999.999 3678
MKN 2023 01 09 03 00 00 143 6 73.42 0 661.1 3.47 -99.9 -99.9 -99.9 -9999.9 -9999.9 -0.0621999986 37.2971992493 -999.999 3678
MKN 2023 01 09 04 00 00 138 7.8 70.73 0 661.3 5.7 -99.9 -99.9 -99.9 -9999.9 -9999.9 -0.0621999986 37.2971992493 -999.999 3678
MKN 2023 01 09 05 00 00 144 6.7 52.63 0 661.8 9.1 -99.9 -99.9 -99.9 -9999.9 -9999.9 -0.0621999986 37.2971992493 -999.999 3678
MKN 2023 01 09 06 00 00 110 6 58.32 0 662.3 9.5 -99.9 -99.9 -99.9 -9999.9 -9999.9 -0.0621999986 37.2971992493 -999.999 3678
MKN 2023 01 09 07 00 00 320 3.6 80.52 0 662.5 8.28 -99.9 -99.9 -99.9 -9999.9 -9999.9 -0.0621999986 37.2971992493 -999.999 3678
MKN 2023 01 09 08 00 00 310 3.9 92.92 0 662.6 7.8 -99.9 -99.9 -99.9 -9999.9 -9999.9 -0.0621999986 37.2971992493 -999.999 3678
MKN 2023 01 09 09 00 00 296 4.5 96.08 0 662.3 7.33 -99.9 -99.9 -99.9 -9999.9 -9999.9 -0.0621999986 37.2971992493 -999.999 3678
MKN 2023 01 09 10 00 00 270 3.9 99.22 0 662 7.02 -99.9 -99.9 -99.9 -9999.9 -9999.9 -0.0621999986 37.2971992493 -999.999 3678
MKN 2023 01 09 11 00 00 264 2.5 95.47 2.9 661.5 7.67 -99.9 -99.9 -99.9 -9999.9 -9999.9 -0.0621999986 37.2971992493 -999.999 3678
MKN 2023 01 09 12 00 00 34 3.7 95.88 0.6 661 8.22 -99.9 -99.9 -99.9 -9999.9 -9999.9 -0.0621999986 37.2971992493 -999.999 3678
MKN 2023 01 09 13 00 00 65 6.9 84.32 0 660.7 8.02 -99.9 -99.9 -99.9 -9999.9 -9999.9 -0.0621999986 37.2971992493 -999.999 3678
MKN 2023 01 09 14 00 00 84 6.4 93.47 0 660.7 6.85 -99.9 -99.9 -99.9 -9999.9 -9999.9 -0.0621999986 37.2971992493 -999.999 3678
MKN 2023 01 09 15 00 00 270 1.2 97.98 0 661 5.45 -99.9 -99.9 -99.9 -9999.9 -9999.9 -0.0621999986 37.2971992493 -999.999 3678
MKN 2023 01 09 16 00 00 169 2.3 94.5 0 661.1 4.43 -99.9 -99.9 -99.9 -9999.9 -9999.9 -0.0621999986 37.2971992493 -999.999 3678
MKN 2023 01 09 17 00 00 184 2 96.1 0 661.6 4.15 -99.9 -99.9 -99.9 -9999.9 -9999.9 -0.0621999986 37.2971992493 -999.999 3678
MKN 2023 01 09 18 00 00 159 1.2 94.3 0 662.4 3.1 -99.9 -99.9 -99.9 -9999.9 -9999.9 -0.0621999986 37.2971992493 -999.999 3678
MKN 2023 01 09 19 00 00 131 2.8 80.68 0 662.7 2.87 -99.9 -99.9 -99.9 -9999.9 -9999.9 -0.0621999986 37.2971992493 -999.999 3678
MKN 2023 01 09 20 00 00 134 5.2 79.73 0 662.8 3.53 -99.9 -99.9 -99.9 -9999.9 -9999.9 -0.0621999986 37.2971992493 -999.999 3678
MKN 2023 01 09 21 00 00 131 7.4 67.6 0 662.6 4.23 -99.9 -99.9 -99.9 -9999.9 -9999.9 -0.0621999986 37.2971992493 -999.999 3678
MKN 2023 01 09 22 00 00 134 7 65.35 0 662.3 3.57 -99.9 -99.9 -99.9 -9999.9 -9999.9 -0.0621999986 37.2971992493 -999.999 3678
MKN 2023 01 09 23 00 00 133 7.4 71.55 0 661.8 3.47 -99.9 -99.9 -99.9 -9999.9 -9999.9 -0.0621999986 37.2971992493 -999.999 3678
MKN 2023 01 10 00 00 00 131 9.1 68.82 0 661.1 2.73 -99.9 -99.9 -99.9 -9999.9 -9999.9 -0.0621999986 37.2971992493 -999.999 3678
MKN 2023 01 10 01 00 00 143 6 51.5 0 661.2 2.35 -99.9 -99.9 -99.9 -9999.9 -9999.9 -0.0621999986 37.2971992493 -999.999 3678
MKN 2023 01 10 02 00 00 167 4.4 52.05 0 661.3 2.2 -99.9 -99.9 -99.9 -9999.9 -9999.9 -0.0621999986 37.2971992493 -999.999 3678
MKN 2023 01 10 03 00 00 144 7.9 39.53 0 661.3 4.23 -99.9 -99.9 -99.9 -9999.9 -9999.9 -0.0621999986 37.2971992493 -999.999 3678
MKN 2023 01 10 04 00 00 147 8.7 39.28 0 661.6 5.07 -99.9 -99.9 -99.9 -9999.9 -9999.9 -0.0621999986 37.2971992493 -999.999 3678
MKN 2023 01 10 05 00 00 134 7.6 41.55 0 662.2 7.6 -99.9 -99.9 -99.9 -9999.9 -9999.9 -0.0621999986 37.2971992493 -999.999 3678
MKN 2023 01 10 06 00 00 126 7.4 43.95 0 662.6 9.3 -99.9 -99.9 -99.9 -9999.9 -9999.9 -0.0621999986 37.2971992493 -999.999 3678
MKN 2023 01 10 07 00 00 180 3.1 66.47 0 663 8.53 -99.9 -99.9 -99.9 -9999.9 -9999.9 -0.0621999986 37.2971992493 -999.999 3678
MKN 2023 01 10 08 00 00 278 6.2 80.95 0 663 7.83 -99.9 -99.9 -99.9 -9999.9 -9999.9 -0.0621999986 37.2971992493 -999.999 3678
MKN 2023 01 10 09 00 00 285 8.8 84.18 0 662.9 7.25 -99.9 -99.9 -99.9 -9999.9 -9999.9 -0.0621999986 37.2971992493 -999.999 3678
MKN 2023 01 10 10 00 00 314 4.3 75.58 0 662.6 8.4 -99.9 -99.9 -99.9 -9999.9 -9999.9 -0.0621999986 37.2971992493 -999.999 3678
MKN 2023 01 10 11 00 00 71 4.4 81.2 0 662 7.8 -99.9 -99.9 -99.9 -9999.9 -9999.9 -0.0621999986 37.2971992493 -999.999 3678
MKN 2023 01 10 12 00 00 182 4.2 79.02 0 661.6 8.18 -99.9 -99.9 -99.9 -9999.9 -9999.9 -0.0621999986 37.2971992493 -999.999 3678
MKN 2023 01 10 13 00 00 61 5.8 76.27 0 661.2 8.18 -99.9 -99.9 -99.9 -9999.9 -9999.9 -0.0621999986 37.2971992493 -999.999 3678
MKN 2023 01 10 14 00 00 67 7.1 76.07 0 661.1 7.68 -99.9 -99.9 -99.9 -9999.9 -9999.9 -0.0621999986 37.2971992493 -999.999 3678
MKN 2023 01 10 15 00 00 68 5.2 86.97 0 661.3 5.3 -99.9 -99.9 -99.9 -9999.9 -9999.9 -0.0621999986 37.2971992493 -999.999 3678
MKN 2023 01 10 16 00 00 131 6.9 66.23 0 661.4 4.07 -99.9 -99.9 -99.9 -9999.9 -9999.9 -0.0621999986 37.2971992493 -999.999 3678
MKN 2023 01 10 17 00 00 164 4.5 51.48 0 662.1 3.75 -99.9 -99.9 -99.9 -9999.9 -9999.9 -0.0621999986 37.2971992493 -999.999 3678
MKN 2023 01 10 18 00 00 144 8.1 44.43 0 662.5 3.63 -99.9 -99.9 -99.9 -9999.9 -9999.9 -0.0621999986 37.2971992493 -999.999 3678
MKN 2023 01 10 19 00 00 137 8.2 59.23 0 662.8 3.62 -99.9 -99.9 -99.9 -9999.9 -9999.9 -0.0621999986 37.2971992493 -999.999 3678
MKN 2023 01 10 20 00 00 145 8.3 61.25 0 662.6 4.12 -99.9 -99.9 -99.9 -9999.9 -9999.9 -0.0621999986 37.2971992493 -999.999 3678
MKN 2023 01 10 21 00 00 153 4.2 70.02 0 662.8 3.08 -99.9 -99.9 -99.9 -9999.9 -9999.9 -0.0621999986 37.2971992493 -999.999 3678
MKN 2023 01 10 22 00 00 137 6.7 68.77 0 662.1 2.3 -99.9 -99.9 -99.9 -9999.9 -9999.9 -0.0621999986 37.2971992493 -999.999 3678
MKN 2023 01 10 23 00 00 131 6.5 56.98 0 661.5 2.92 -99.9 -99.9 -99.9 -9999.9 -9999.9 -0.0621999986 37.2971992493 -999.999 3678
MKN 2023 01 11 00 00 00 124 6.7 52.1 0 661.1 3.53 -99.9 -99.9 -99.9 -9999.9 -9999.9 -0.0621999986 37.2971992493 -999.999 3678
MKN 2023 01 11 01 00 00 130 5.8 45.47 0 661 2.93 -99.9 -99.9 -99.9 -9999.9 -9999.9 -0.0621999986 37.2971992493 -999.999 3678
MKN 2023 01 11 02 00 00 124 5 44.13 0 660.8 2.88 -99.9 -99.9 -99.9 -9999.9 -9999.9 -0.0621999986 37.2971992493 -999.999 3678
MKN 2023 01 11 03 00 00 123 6.7 38.63 0 661.1 4.42 -99.9 -99.9 -99.9 -9999.9 -9999.9 -0.0621999986 37.2971992493 -999.999 3678
MKN 2023 01 11 04 00 00 134 8.2 37.82 0 661.4 5.5 -99.9 -99.9 -99.9 -9999.9 -9999.9 -0.0621999986 37.2971992493 -999.999 3678
MKN 2023 01 11 05 00 00 135 7.8 41.82 0 661.8 8 -99.9 -99.9 -99.9 -9999.9 -9999.9 -0.0621999986 37.2971992493 -999.999 3678
MKN 2023 01 11 06 00 00 108 7.6 42.35 0 662.1 9.25 -99.9 -99.9 -99.9 -9999.9 -9999.9 -0.0621999986 37.2971992493 -999.999 3678
MKN 2023 01 11 07 00 00 106 6.4 47.38 0 662.3 10.35 -99.9 -99.9 -99.9 -9999.9 -9999.9 -0.0621999986 37.2971992493 -999.999 3678
MKN 2023 01 11 08 00 00 90 6.2 54.4 0 662.2 11.47 -99.9 -99.9 -99.9 -9999.9 -9999.9 -0.0621999986 37.2971992493 -999.999 3678
MKN 2023 01 11 09 00 00 198 3.8 72.97 0 662.1 10.12 -99.9 -99.9 -99.9 -9999.9 -9999.9 -0.0621999986 37.2971992493 -999.999 3678
MKN 2023 01 11 10 00 00 257 2.3 77.92 0 661.6 8.93 -99.9 -99.9 -99.9 -9999.9 -9999.9 -0.0621999986 37.2971992493 -999.999 3678
MKN 2023 01 11 11 00 00 253 3.6 76.65 0 661.1 8.95 -99.9 -99.9 -99.9 -9999.9 -9999.9 -0.0621999986 37.2971992493 -999.999 3678
MKN 2023 01 11 12 00 00 266 4.1 72.17 0 660.5 8.82 -99.9 -99.9 -99.9 -9999.9 -9999.9 -0.0621999986 37.2971992493 -999.999 3678
MKN 2023 01 11 13 00 00 56 5.2 74.92 0 660.3 8 -99.9 -99.9 -99.9 -9999.9 -9999.9 -0.0621999986 37.2971992493 -999.999 3678
MKN 2023 01 11 14 00 00 70 7.8 77.03 0 660 7.68 -99.9 -99.9 -99.9 -9999.9 -9999.9 -0.0621999986 37.2971992493 -999.999 3678
MKN 2023 01 11 15 00 00 85 6.8 85.15 0 660.2 6.3 -99.9 -99.9 -99.9 -9999.9 -9999.9 -0.0621999986 37.2971992493 -999.999 3678
MKN 2023 01 11 16 00 00 121 7.1 82.42 0 660.4 5 -99.9 -99.9 -99.9 -9999.9 -9999.9 -0.0621999986 37.2971992493 -999.999 3678
MKN 2023 01 11 17 00 00 138 3.6 79.13 0 660.8 4.43 -99.9 -99.9 -99.9 -9999.9 -9999.9 -0.0621999986 37.2971992493 -999.999 3678
MKN 2023 01 11 18 00 00 -99.9 -99.9 -99.9 -99.9 661 -99.9 -99.9 -99.9 -99.9 -9999.9 -9999.9 -0.0621999986 37.2971992493 -999.999 3678
MKN 2023 01 12 09 00 00 -99.9 -99.9 49.48 -99.9 -999.9 9.7 -99.9 -99.9 -99.9 -9999.9 -9999.9 -0.0621999986 37.2971992493 -999.999 3678
MKN 2023 01 12 10 00 00 66 9.7 49.83 0 660.9 10.15 -99.9 -99.9 -99.9 -9999.9 -9999.9 -0.0621999986 37.2971992493 -999.999 3678
MKN 2023 01 12 11 00 00 63 8.3 65.25 0 660.5 9.78 -99.9 -99.9 -99.9 -9999.9 -9999.9 -0.0621999986 37.2971992493 -999.999 3678
MKN 2023 01 12 12 00 00 51 10.2 71.92 0 659.9 9.22 -99.9 -99.9 -99.9 -9999.9 -9999.9 -0.0621999986 37.2971992493 -999.999 3678
MKN 2023 01 12 13 00 00 57 7.8 64.73 0 659.6 9.33 -99.9 -99.9 -99.9 -9999.9 -9999.9 -0.0621999986 37.2971992493 -999.999 3678
MKN 2023 01 12 14 00 00 76 6.9 70.53 0 659.5 8.08 -99.9 -99.9 -99.9 -9999.9 -9999.9 -0.0621999986 37.2971992493 -999.999 3678
MKN 2023 01 12 15 00 00 97 7.6 77.95 0 659.5 6.22 -99.9 -99.9 -99.9 -9999.9 -9999.9 -0.0621999986 37.2971992493 -999.999 3678
MKN 2023 01 12 16 00 00 96 7.7 85.88 0 659.9 4.47 -99.9 -99.9 -99.9 -9999.9 -9999.9 -0.0621999986 37.2971992493 -999.999 3678
MKN 2023 01 12 17 00 00 117 6.2 70.03 0 660.5 3.23 -99.9 -99.9 -99.9 -9999.9 -9999.9 -0.0621999986 37.2971992493 -999.999 3678
MKN 2023 01 12 18 00 00 132 7.4 35.68 0 660.8 3.7 -99.9 -99.9 -99.9 -9999.9 -9999.9 -0.0621999986 37.2971992493 -999.999 3678
MKN 2023 01 12 19 00 00 131 9.1 24.38 0 661.1 3.77 -99.9 -99.9 -99.9 -9999.9 -9999.9 -0.0621999986 37.2971992493 -999.999 3678
MKN 2023 01 12 20 00 00 133 9.1 19.4 0 661.2 3.95 -99.9 -99.9 -99.9 -9999.9 -9999.9 -0.0621999986 37.2971992493 -999.999 3678
MKN 2023 01 12 21 00 00 129 9.2 25.9 0 661.2 3.5 -99.9 -99.9 -99.9 -9999.9 -9999.9 -0.0621999986 37.2971992493 -999.999 3678
MKN 2023 01 12 22 00 00 132 8.2 26.37 0 661.1 3.42 -99.9 -99.9 -99.9 -9999.9 -9999.9 -0.0621999986 37.2971992493 -999.999 3678
MKN 2023 01 12 23 00 00 123 9 29.38 0 660.5 3.12 -99.9 -99.9 -99.9 -9999.9 -9999.9 -0.0621999986 37.2971992493 -999.999 3678
MKN 2023 01 13 00 00 00 128 9.9 28.87 0 660.1 2.98 -99.9 -99.9 -99.9 -9999.9 -9999.9 -0.0621999986 37.2971992493 -999.999 3678
MKN 2023 01 13 01 00 00 124 9.7 26.28 0 660 2.8 -99.9 -99.9 -99.9 -9999.9 -9999.9 -0.0621999986 37.2971992493 -999.999 3678
MKN 2023 01 13 02 00 00 123 9.6 27.28 0 659.9 2.28 -99.9 -99.9 -99.9 -9999.9 -9999.9 -0.0621999986 37.2971992493 -999.999 3678
MKN 2023 01 13 03 00 00 132 9.4 27.13 0 660.1 2.28 -99.9 -99.9 -99.9 -9999.9 -9999.9 -0.0621999986 37.2971992493 -999.999 3678
MKN 2023 01 13 04 00 00 130 8.9 21.67 0 660.6 3.97 -99.9 -99.9 -99.9 -9999.9 -9999.9 -0.0621999986 37.2971992493 -999.999 3678
MKN 2023 01 13 05 00 00 126 10.4 21.93 0 661 6.48 -99.9 -99.9 -99.9 -9999.9 -9999.9 -0.0621999986 37.2971992493 -999.999 3678
MKN 2023 01 13 06 00 00 112 9.2 23.67 0 661.4 8.28 -99.9 -99.9 -99.9 -9999.9 -9999.9 -0.0621999986 37.2971992493 -999.999 3678
MKN 2023 01 13 07 00 00 102 9 22.88 0 661.5 9.58 -99.9 -99.9 -99.9 -9999.9 -9999.9 -0.0621999986 37.2971992493 -999.999 3678
MKN 2023 01 13 08 00 00 95 8.1 22.55 0 661.4 11.08 -99.9 -99.9 -99.9 -9999.9 -9999.9 -0.0621999986 37.2971992493 -999.999 3678
MKN 2023 01 13 09 00 00 102 7.8 18.8 0 661.1 11.42 -99.9 -99.9 -99.9 -9999.9 -9999.9 -0.0621999986 37.2971992493 -999.999 3678
MKN 2023 01 13 10 00 00 94 6.9 30.18 0 660.7 12.33 -99.9 -99.9 -99.9 -9999.9 -9999.9 -0.0621999986 37.2971992493 -999.999 3678
MKN 2023 01 13 11 00 00 56 8.2 41.15 0 660.3 11 -99.9 -99.9 -99.9 -9999.9 -9999.9 -0.0621999986 37.2971992493 -999.999 3678
MKN 2023 01 13 12 00 00 62 6.6 52.78 0 660 9.32 -99.9 -99.9 -99.9 -9999.9 -9999.9 -0.0621999986 37.2971992493 -999.999 3678
MKN 2023 01 13 13 00 00 73 4.9 63.35 0 659.6 8.63 -99.9 -99.9 -99.9 -9999.9 -9999.9 -0.0621999986 37.2971992493 -999.999 3678
MKN 2023 01 13 14 00 00 162 2.5 64.52 0 659.7 9.78 -99.9 -99.9 -99.9 -9999.9 -9999.9 -0.0621999986 37.2971992493 -999.999 3678
MKN 2023 01 13 15 00 00 260 3.1 76.28 0 660 7.2 -99.9 -99.9 -99.9 -9999.9 -9999.9 -0.0621999986 37.2971992493 -999.999 3678
MKN 2023 01 13 16 00 00 254 2.7 91.62 0 660.4 3.57 -99.9 -99.9 -99.9 -9999.9 -9999.9 -0.0621999986 37.2971992493 -999.999 3678
MKN 2023 01 13 17 00 00 140 1 59.18 0 660.6 3.1 -99.9 -99.9 -99.9 -9999.9 -9999.9 -0.0621999986 37.2971992493 -999.999 3678
MKN 2023 01 13 18 00 00 157 0.8 42.87 0 661 3.33 -99.9 -99.9 -99.9 -9999.9 -9999.9 -0.0621999986 37.2971992493 -999.999 3678
MKN 2023 01 13 19 00 00 104 0.5 36.07 0 661.4 2.38 -99.9 -99.9 -99.9 -9999.9 -9999.9 -0.0621999986 37.2971992493 -999.999 3678
MKN 2023 01 13 20 00 00 107 1.8 50.63 0 661.5 2.43 -99.9 -99.9 -99.9 -9999.9 -9999.9 -0.0621999986 37.2971992493 -999.999 3678
MKN 2023 01 13 21 00 00 108 1.6 66.15 0 661.6 1.8 -99.9 -99.9 -99.9 -9999.9 -9999.9 -0.0621999986 37.2971992493 -999.999 3678
MKN 2023 01 13 22 00 00 158 0.5 48.15 0 661.1 2.78 -99.9 -99.9 -99.9 -9999.9 -9999.9 -0.0621999986 37.2971992493 -999.999 3678
MKN 2023 01 13 23 00 00 85 1.2 38.27 0 660.5 1.53 -99.9 -99.9 -99.9 -9999.9 -9999.9 -0.0621999986 37.2971992493 -999.999 3678
MKN 2023 01 14 00 00 00 86 1.6 23.23 0 660.2 2.13 -99.9 -99.9 -99.9 -9999.9 -9999.9 -0.0621999986 37.2971992493 -999.999 3678
MKN 2023 01 14 01 00 00 92 2.6 28.37 0 660 1.7 -99.9 -99.9 -99.9 -9999.9 -9999.9 -0.0621999986 37.2971992493 -999.999 3678
MKN 2023 01 14 02 00 00 103 3.7 18.68 0 660.1 2.13 -99.9 -99.9 -99.9 -9999.9 -9999.9 -0.0621999986 37.2971992493 -999.999 3678
MKN 2023 01 14 03 00 00 108 4.3 19.83 0 660.4 1.15 -99.9 -99.9 -99.9 -9999.9 -9999.9 -0.0621999986 37.2971992493 -999.999 3678
MKN 2023 01 14 04 00 00 113 4.1 16.92 0 660.8 3.98 -99.9 -99.9 -99.9 -9999.9 -9999.9 -0.0621999986 37.2971992493 -999.999 3678
MKN 2023 01 14 05 00 00 127 5.3 11.05 0 661.4 8.53 -99.9 -99.9 -99.9 -9999.9 -9999.9 -0.0621999986 37.2971992493 -999.999 3678
MKN 2023 01 14 06 00 00 86 3.1 14.18 0 661.8 9.55 -99.9 -99.9 -99.9 -9999.9 -9999.9 -0.0621999986 37.2971992493 -999.999 3678
MKN 2023 01 14 07 00 00 3 2.1 29.2 0 662 9.35 -99.9 -99.9 -99.9 -9999.9 -9999.9 -0.0621999986 37.2971992493 -999.999 3678
MKN 2023 01 14 08 00 00 327 4.2 38.07 0 661.8 9.85 -99.9 -99.9 -99.9 -9999.9 -9999.9 -0.0621999986 37.2971992493 -999.999 3678
MKN 2023 01 14 09 00 00 298 5.2 47.8 0 661.4 10.02 -99.9 -99.9 -99.9 -9999.9 -9999.9 -0.0621999986 37.2971992493 -999.999 3678
MKN 2023 01 14 10 00 00 311 5.9 61.65 0 661.2 8.53 -99.9 -99.9 -99.9 -9999.9 -9999.9 -0.0621999986 37.2971992493 -999.999 3678
MKN 2023 01 14 11 00 00 299 4.8 71.25 0 660.8 7.95 -99.9 -99.9 -99.9 -9999.9 -9999.9 -0.0621999986 37.2971992493 -999.999 3678
MKN 2023 01 14 12 00 00 283 3.3 78.98 0 660.3 7 -99.9 -99.9 -99.9 -9999.9 -9999.9 -0.0621999986 37.2971992493 -999.999 3678
MKN 2023 01 14 13 00 00 189 4.3 83.18 0.5 660.1 6.95 -99.9 -99.9 -99.9 -9999.9 -9999.9 -0.0621999986 37.2971992493 -999.999 3678
MKN 2023 01 14 14 00 00 175 2.4 80.18 0.1 660 7.5 -99.9 -99.9 -99.9 -9999.9 -9999.9 -0.0621999986 37.2971992493 -999.999 3678
MKN 2023 01 14 15 00 00 90 2.3 84 0 660.1 6.5 -99.9 -99.9 -99.9 -9999.9 -9999.9 -0.0621999986 37.2971992493 -999.999 3678
MKN 2023 01 14 16 00 00 216 2.3 92.1 0 660.3 4.38 -99.9 -99.9 -99.9 -9999.9 -9999.9 -0.0621999986 37.2971992493 -999.999 3678
MKN 2023 01 14 17 00 00 260 1.2 90.2 0 660.7 3.52 -99.9 -99.9 -99.9 -9999.9 -9999.9 -0.0621999986 37.2971992493 -999.999 3678
MKN 2023 01 14 18 00 00 142 1.2 80.52 0 661 3.05 -99.9 -99.9 -99.9 -9999.9 -9999.9 -0.0621999986 37.2971992493 -999.999 3678
MKN 2023 01 14 19 00 00 153 0.8 77.47 0 661.3 2.78 -99.9 -99.9 -99.9 -9999.9 -9999.9 -0.0621999986 37.2971992493 -999.999 3678
MKN 2023 01 14 20 00 00 180 1.2 67.62 0 661.3 2.05 -99.9 -99.9 -99.9 -9999.9 -9999.9 -0.0621999986 37.2971992493 -999.999 3678
MKN 2023 01 14 21 00 00 119 2.6 81.42 0 661.1 1.75 -99.9 -99.9 -99.9 -9999.9 -9999.9 -0.0621999986 37.2971992493 -999.999 3678
MKN 2023 01 14 22 00 00 137 2 79.12 0 660.8 2.67 -99.9 -99.9 -99.9 -9999.9 -9999.9 -0.0621999986 37.2971992493 -999.999 3678
MKN 2023 01 14 23 00 00 173 1.7 75.1 0 660.3 1.68 -99.9 -99.9 -99.9 -9999.9 -9999.9 -0.0621999986 37.2971992493 -999.999 3678
MKN 2023 01 15 00 00 00 130 1.6 53.53 0 659.9 1.17 -99.9 -99.9 -99.9 -9999.9 -9999.9 -0.0621999986 37.2971992493 -999.999 3678
MKN 2023 01 15 01 00 00 124 3.6 39.83 0 659.6 2.02 -99.9 -99.9 -99.9 -9999.9 -9999.9 -0.0621999986 37.2971992493 -999.999 3678
MKN 2023 01 15 02 00 00 115 5 37.15 0 659.7 2.47 -99.9 -99.9 -99.9 -9999.9 -9999.9 -0.0621999986 37.2971992493 -999.999 3678
MKN 2023 01 15 03 00 00 118 5.5 37.73 0 659.8 3.02 -99.9 -99.9 -99.9 -9999.9 -9999.9 -0.0621999986 37.2971992493 -999.999 3678
MKN 2023 01 15 04 00 00 122 5.5 37.63 0 660.2 5.15 -99.9 -99.9 -99.9 -9999.9 -9999.9 -0.0621999986 37.2971992493 -999.999 3678
MKN 2023 01 15 05 00 00 113 4.5 26.15 0 660.9 9.23 -99.9 -99.9 -99.9 -9999.9 -9999.9 -0.0621999986 37.2971992493 -999.999 3678
MKN 2023 01 15 06 00 00 109 4.4 24.97 0 661.3 10.73 -99.9 -99.9 -99.9 -9999.9 -9999.9 -0.0621999986 37.2971992493 -999.999 3678
MKN 2023 01 15 07 00 00 82 4.3 25.05 0 661.5 12.33 -99.9 -99.9 -99.9 -9999.9 -9999.9 -0.0621999986 37.2971992493 -999.999 3678
MKN 2023 01 15 08 00 00 76 4.8 29.9 0 661.5 12.38 -99.9 -99.9 -99.9 -9999.9 -9999.9 -0.0621999986 37.2971992493 -999.999 3678
MKN 2023 01 15 09 00 00 92 3.2 41.78 0 661.2 12.07 -99.9 -99.9 -99.9 -9999.9 -9999.9 -0.0621999986 37.2971992493 -999.999 3678
MKN 2023 01 15 10 00 00 213 4.5 57.7 0 660.8 11.17 -99.9 -99.9 -99.9 -9999.9 -9999.9 -0.0621999986 37.2971992493 -999.999 3678
MKN 2023 01 15 11 00 00 256 6.6 66.63 0 660.2 10.77 -99.9 -99.9 -99.9 -9999.9 -9999.9 -0.0621999986 37.2971992493 -999.999 3678
MKN 2023 01 15 12 00 00 232 8.3 71.33 0 659.7 9.58 -99.9 -99.9 -99.9 -9999.9 -9999.9 -0.0621999986 37.2971992493 -999.999 3678
MKN 2023 01 15 13 00 00 241 4.8 67.55 0 659.5 8.7 -99.9 -99.9 -99.9 -9999.9 -9999.9 -0.0621999986 37.2971992493 -999.999 3678
MKN 2023 01 15 14 00 00 89 5.3 60.03 0 659.4 8.85 -99.9 -99.9 -99.9 -9999.9 -9999.9 -0.0621999986 37.2971992493 -999.999 3678
MKN 2023 01 15 15 00 00 125 5.9 45.48 0 659.8 7.17 -99.9 -99.9 -99.9 -9999.9 -9999.9 -0.0621999986 37.2971992493 -999.999 3678
MKN 2023 01 15 16 00 00 130 6.5 39.02 0 660.1 5.72 -99.9 -99.9 -99.9 -9999.9 -9999.9 -0.0621999986 37.2971992493 -999.999 3678
MKN 2023 01 15 17 00 00 134 7 37.42 0 660.4 5.63 -99.9 -99.9 -99.9 -9999.9 -9999.9 -0.0621999986 37.2971992493 -999.999 3678
MKN 2023 01 15 18 00 00 132 7.5 36.15 0 660.7 5.73 -99.9 -99.9 -99.9 -9999.9 -9999.9 -0.0621999986 37.2971992493 -999.999 3678
MKN 2023 01 15 19 00 00 123 8.2 33.12 0 661.2 5.42 -99.9 -99.9 -99.9 -9999.9 -9999.9 -0.0621999986 37.2971992493 -999.999 3678
MKN 2023 01 15 20 00 00 118 8.2 32.02 0 661.2 5.02 -99.9 -99.9 -99.9 -9999.9 -9999.9 -0.0621999986 37.2971992493 -999.999 3678
MKN 2023 01 15 21 00 00 119 8.4 32.95 0 660.9 4.58 -99.9 -99.9 -99.9 -9999.9 -9999.9 -0.0621999986 37.2971992493 -999.999 3678
MKN 2023 01 15 22 00 00 120 8.4 32.05 0 660.5 4.53 -99.9 -99.9 -99.9 -9999.9 -9999.9 -0.0621999986 37.2971992493 -999.999 3678
MKN 2023 01 15 23 00 00 122 9.1 33.5 0 660.1 4.58 -99.9 -99.9 -99.9 -9999.9 -9999.9 -0.0621999986 37.2971992493 -999.999 3678
MKN 2023 01 16 00 00 00 107 9.8 31.72 0 659.6 4.88 -99.9 -99.9 -99.9 -9999.9 -9999.9 -0.0621999986 37.2971992493 -999.999 3678
MKN 2023 01 16 01 00 00 101 11.1 28.8 0 659.3 4.95 -99.9 -99.9 -99.9 -9999.9 -9999.9 -0.0621999986 37.2971992493 -999.999 3678
MKN 2023 01 16 02 00 00 101 11 30.87 0 659.6 4.33 -99.9 -99.9 -99.9 -9999.9 -9999.9 -0.0621999986 37.2971992493 -999.999 3678
MKN 2023 01 16 03 00 00 102 8.8 36.03 0 660 3.92 -99.9 -99.9 -99.9 -9999.9 -9999.9 -0.0621999986 37.2971992493 -999.999 3678
MKN 2023 01 16 04 00 00 112 9.2 36.77 0 660.4 4.98 -99.9 -99.9 -99.9 -9999.9 -9999.9 -0.0621999986 37.2971992493 -999.999 3678
MKN 2023 01 16 05 00 00 120 7.2 28.35 0 660.9 7.77 -99.9 -99.9 -99.9 -9999.9 -9999.9 -0.0621999986 37.2971992493 -999.999 3678
MKN 2023 01 16 06 00 00 90 8.3 25.8 0 661.4 9.22 -99.9 -99.9 -99.9 -9999.9 -9999.9 -0.0621999986 37.2971992493 -999.999 3678
MKN 2023 01 16 07 00 00 74 7 26.13 0 661.7 10.4 -99.9 -99.9 -99.9 -9999.9 -9999.9 -0.0621999986 37.2971992493 -999.999 3678
MKN 2023 01 16 08 00 00 64 7.9 29.67 0 661.7 11.08 -99.9 -99.9 -99.9 -9999.9 -9999.9 -0.0621999986 37.2971992493 -999.999 3678
MKN 2023 01 16 09 00 00 63 7.6 40.4 0 661.3 10.85 -99.9 -99.9 -99.9 -9999.9 -9999.9 -0.0621999986 37.2971992493 -999.999 3678
MKN 2023 01 16 10 00 00 54 7.3 49.27 0 660.7 10.77 -99.9 -99.9 -99.9 -9999.9 -9999.9 -0.0621999986 37.2971992493 -999.999 3678
MKN 2023 01 16 11 00 00 50 10 61.28 0 660.2 9.57 -99.9 -99.9 -99.9 -9999.9 -9999.9 -0.0621999986 37.2971992493 -999.999 3678
MKN 2023 01 16 12 00 00 43 10.6 66.8 0 659.9 8.77 -99.9 -99.9 -99.9 -9999.9 -9999.9 -0.0621999986 37.2971992493 -999.999 3678
MKN 2023 01 16 13 00 00 52 9.7 68.9 0 659.7 8.37 -99.9 -99.9 -99.9 -9999.9 -9999.9 -0.0621999986 37.2971992493 -999.999 3678
MKN 2023 01 16 14 00 00 48 9.1 75.93 0 659.8 7.05 -99.9 -99.9 -99.9 -9999.9 -9999.9 -0.0621999986 37.2971992493 -999.999 3678
MKN 2023 01 16 15 00 00 68 6.9 75.2 0 660.1 5.57 -99.9 -99.9 -99.9 -9999.9 -9999.9 -0.0621999986 37.2971992493 -999.999 3678
MKN 2023 01 16 16 00 00 116 6.4 86.3 0 660.4 3.57 -99.9 -99.9 -99.9 -9999.9 -9999.9 -0.0621999986 37.2971992493 -999.999 3678
MKN 2023 01 16 17 00 00 137 6.9 68.12 0 660.7 3.38 -99.9 -99.9 -99.9 -9999.9 -9999.9 -0.0621999986 37.2971992493 -999.999 3678
MKN 2023 01 16 18 00 00 141 7.9 63.75 0 660.8 2.17 -99.9 -99.9 -99.9 -9999.9 -9999.9 -0.0621999986 37.2971992493 -999.999 3678
MKN 2023 01 16 19 00 00 133 8.3 50.18 0 661.2 2.78 -99.9 -99.9 -99.9 -9999.9 -9999.9 -0.0621999986 37.2971992493 -999.999 3678
MKN 2023 01 16 20 00 00 117 7.5 46.62 0 661.4 2.58 -99.9 -99.9 -99.9 -9999.9 -9999.9 -0.0621999986 37.2971992493 -999.999 3678
MKN 2023 01 16 21 00 00 121 7.3 53.47 0 661.2 2.35 -99.9 -99.9 -99.9 -9999.9 -9999.9 -0.0621999986 37.2971992493 -999.999 3678
MKN 2023 01 16 22 00 00 123 7.2 68.78 0 660.7 2.35 -99.9 -99.9 -99.9 -9999.9 -9999.9 -0.0621999986 37.2971992493 -999.999 3678
MKN 2023 01 16 23 00 00 120 6.8 74.28 0 660.3 2 -99.9 -99.9 -99.9 -9999.9 -9999.9 -0.0621999986 37.2971992493 -999.999 3678
MKN 2023 01 17 00 00 00 113 6.6 72.5 0 659.9 1.3 -99.9 -99.9 -99.9 -9999.9 -9999.9 -0.0621999986 37.2971992493 -999.999 3678
MKN 2023 01 17 01 00 00 128 6 60.87 0 659.6 0.58 -99.9 -99.9 -99.9 -9999.9 -9999.9 -0.0621999986 37.2971992493 -999.999 3678
MKN 2023 01 17 02 00 00 122 6.2 61.22 0 659.8 0.92 -99.9 -99.9 -99.9 -9999.9 -9999.9 -0.0621999986 37.2971992493 -999.999 3678
MKN 2023 01 17 03 00 00 124 5.8 44.75 0 660.1 1.3 -99.9 -99.9 -99.9 -9999.9 -9999.9 -0.0621999986 37.2971992493 -999.999 3678
MKN 2023 01 17 04 00 00 115 5.9 47.12 0 660.6 3.3 -99.9 -99.9 -99.9 -9999.9 -9999.9 -0.0621999986 37.2971992493 -999.999 3678
MKN 2023 01 17 05 00 00 121 5.9 32.65 0 661.1 7.53 -99.9 -99.9 -99.9 -9999.9 -9999.9 -0.0621999986 37.2971992493 -999.999 3678
MKN 2023 01 17 06 00 00 45 5.3 52.8 0 661.6 7.77 -99.9 -99.9 -99.9 -9999.9 -9999.9 -0.0621999986 37.2971992493 -999.999 3678
MKN 2023 01 17 07 00 00 21 6.9 37.15 0 661.9 9.37 -99.9 -99.9 -99.9 -9999.9 -9999.9 -0.0621999986 37.2971992493 -999.999 3678
MKN 2023 01 17 08 00 00 40 7.1 44.43 0 661.7 10.18 -99.9 -99.9 -99.9 -9999.9 -9999.9 -0.0621999986 37.2971992493 -999.999 3678
MKN 2023 01 17 09 00 00 46 8.7 66.02 0 661.2 8.63 -99.9 -99.9 -99.9 -9999.9 -9999.9 -0.0621999986 37.2971992493 -999.999 3678
MKN 2023 01 17 10 00 00 12 8.2 80.58 0 660.9 6.03 -99.9 -99.9 -99.9 -9999.9 -9999.9 -0.0621999986 37.2971992493 -999.999 3678
MKN 2023 01 17 11 00 00 3 6.2 89.1 0 660.5 5.73 -99.9 -99.9 -99.9 -9999.9 -9999.9 -0.0621999986 37.2971992493 -999.999 3678
MKN 2023 01 17 12 00 00 30 7.7 85.07 0 659.9 6.32 -99.9 -99.9 -99.9 -9999.9 -9999.9 -0.0621999986 37.2971992493 -999.999 3678
MKN 2023 01 17 13 00 00 53 7.8 81.12 0 659.7 6.9 -99.9 -99.9 -99.9 -9999.9 -9999.9 -0.0621999986 37.2971992493 -999.999 3678
MKN 2023 01 17 14 00 00 30 6.2 87.53 0 659.7 6.17 -99.9 -99.9 -99.9 -9999.9 -9999.9 -0.0621999986 37.2971992493 -999.999 3678
MKN 2023 01 17 15 00 00 55 4.1 92.25 0 659.9 4.85 -99.9 -99.9 -99.9 -9999.9 -9999.9 -0.0621999986 37.2971992493 -999.999 3678
MKN 2023 01 17 16 00 00 108 5 88.27 0 660.1 4.25 -99.9 -99.9 -99.9 -9999.9 -9999.9 -0.0621999986 37.2971992493 -999.999 3678
MKN 2023 01 17 17 00 00 142 4.8 92.03 0 660.5 3.58 -99.9 -99.9 -99.9 -9999.9 -9999.9 -0.0621999986 37.2971992493 -999.999 3678
MKN 2023 01 17 18 00 00 137 5.8 71.87 0 661 3.33 -99.9 -99.9 -99.9 -9999.9 -9999.9 -0.0621999986 37.2971992493 -999.999 3678
MKN 2023 01 17 19 00 00 135 6.2 44.07 0 661.3 2.18 -99.9 -99.9 -99.9 -9999.9 -9999.9 -0.0621999986 37.2971992493 -999.999 3678
MKN 2023 01 17 20 00 00 140 7.9 52.47 0 661.4 2.15 -99.9 -99.9 -99.9 -9999.9 -9999.9 -0.0621999986 37.2971992493 -999.999 3678
MKN 2023 01 17 21 00 00 140 8.4 55.97 0 661.5 2.12 -99.9 -99.9 -99.9 -9999.9 -9999.9 -0.0621999986 37.2971992493 -999.999 3678
MKN 2023 01 17 22 00 00 140 8.3 36.23 0 661.2 1.68 -99.9 -99.9 -99.9 -9999.9 -9999.9 -0.0621999986 37.2971992493 -999.999 3678
MKN 2023 01 17 23 00 00 137 6.6 30.78 0 660.7 1.12 -99.9 -99.9 -99.9 -9999.9 -9999.9 -0.0621999986 37.2971992493 -999.999 3678
MKN 2023 01 18 00 00 00 135 6.6 27.85 0 660.4 2.12 -99.9 -99.9 -99.9 -9999.9 -9999.9 -0.0621999986 37.2971992493 -999.999 3678
MKN 2023 01 18 01 00 00 127 7.5 23.38 0 660.2 2.58 -99.9 -99.9 -99.9 -9999.9 -9999.9 -0.0621999986 37.2971992493 -999.999 3678
MKN 2023 01 18 02 00 00 118 8 16.98 0 660.3 2.38 -99.9 -99.9 -99.9 -9999.9 -9999.9 -0.0621999986 37.2971992493 -999.999 3678
MKN 2023 01 18 03 00 00 129 8.5 16.45 0 660.4 2.1 -99.9 -99.9 -99.9 -9999.9 -9999.9 -0.0621999986 37.2971992493 -999.999 3678
MKN 2023 01 18 04 00 00 133 7.5 14.48 0 660.7 4.03 -99.9 -99.9 -99.9 -9999.9 -9999.9 -0.0621999986 37.2971992493 -999.999 3678
MKN 2023 01 18 05 00 00 112 6.3 13.03 0 661.4 7.37 -99.9 -99.9 -99.9 -9999.9 -9999.9 -0.0621999986 37.2971992493 -999.999 3678
MKN 2023 01 18 06 00 00 73 6.6 12.03 0 662 9.22 -99.9 -99.9 -99.9 -9999.9 -9999.9 -0.0621999986 37.2971992493 -999.999 3678
MKN 2023 01 18 07 00 00 55 6.8 13.58 0 662.3 9.97 -99.9 -99.9 -99.9 -9999.9 -9999.9 -0.0621999986 37.2971992493 -999.999 3678
MKN 2023 01 18 08 00 00 46 6.6 18.27 0 662.1 10.08 -99.9 -99.9 -99.9 -9999.9 -9999.9 -0.0621999986 37.2971992493 -999.999 3678
MKN 2023 01 18 09 00 00 27 7.7 20.33 0 661.7 10.35 -99.9 -99.9 -99.9 -9999.9 -9999.9 -0.0621999986 37.2971992493 -999.999 3678
MKN 2023 01 18 10 00 00 26 7.5 33.57 0 661.2 10.73 -99.9 -99.9 -99.9 -9999.9 -9999.9 -0.0621999986 37.2971992493 -999.999 3678
MKN 2023 01 18 11 00 00 25 6.1 44.37 0 660.9 9.8 -99.9 -99.9 -99.9 -9999.9 -9999.9 -0.0621999986 37.2971992493 -999.999 3678
MKN 2023 01 18 12 00 00 20 4.8 53.13 0 660.5 8.6 -99.9 -99.9 -99.9 -9999.9 -9999.9 -0.0621999986 37.2971992493 -999.999 3678
MKN 2023 01 18 13 00 00 31 3.9 48.4 0 660.3 9.1 -99.9 -99.9 -99.9 -9999.9 -9999.9 -0.0621999986 37.2971992493 -999.999 3678
MKN 2023 01 18 14 00 00 19 4.9 49.83 0 660.3 9.02 -99.9 -99.9 -99.9 -9999.9 -9999.9 -0.0621999986 37.2971992493 -999.999 3678
MKN 2023 01 18 15 00 00 29 5.9 57.87 0 660.5 6.25 -99.9 -99.9 -99.9 -9999.9 -9999.9 -0.0621999986 37.2971992493 -999.999 3678
MKN 2023 01 18 16 00 00 87 4.5 64.23 0 660.9 3.83 -99.9 -99.9 -99.9 -9999.9 -9999.9 -0.0621999986 37.2971992493 -999.999 3678
MKN 2023 01 18 17 00 00 176 4.8 56.75 0 661.1 3.95 -99.9 -99.9 -99.9 -9999.9 -9999.9 -0.0621999986 37.2971992493 -999.999 3678
MKN 2023 01 18 18 00 00 200 3.7 53.97 0 661.6 4.12 -99.9 -99.9 -99.9 -9999.9 -9999.9 -0.0621999986 37.2971992493 -999.999 3678
MKN 2023 01 18 19 00 00 195 5.5 50.75 0 662 3.97 -99.9 -99.9 -99.9 -9999.9 -9999.9 -0.0621999986 37.2971992493 -999.999 3678
MKN 2023 01 18 20 00 00 212 3.2 52.85 0 662.1 3.58 -99.9 -99.9 -99.9 -9999.9 -9999.9 -0.0621999986 37.2971992493 -999.999 3678
MKN 2023 01 18 21 00 00 195 2.6 48.63 0 662.2 5.07 -99.9 -99.9 -99.9 -9999.9 -9999.9 -0.0621999986 37.2971992493 -999.999 3678
MKN 2023 01 18 22 00 00 191 0.8 59.22 0 661.9 2.63 -99.9 -99.9 -99.9 -9999.9 -9999.9 -0.0621999986 37.2971992493 -999.999 3678
MKN 2023 01 18 23 00 00 121 2.2 64.23 0 661.2 1.98 -99.9 -99.9 -99.9 -9999.9 -9999.9 -0.0621999986 37.2971992493 -999.999 3678
MKN 2023 01 19 00 00 00 128 2.4 56.13 0 660.8 2.55 -99.9 -99.9 -99.9 -9999.9 -9999.9 -0.0621999986 37.2971992493 -999.999 3678
MKN 2023 01 19 01 00 00 90 1 60.22 0 660.6 1.23 -99.9 -99.9 -99.9 -9999.9 -9999.9 -0.0621999986 37.2971992493 -999.999 3678
MKN 2023 01 19 02 00 00 133 1.8 71.58 0 660.5 1.23 -99.9 -99.9 -99.9 -9999.9 -9999.9 -0.0621999986 37.2971992493 -999.999 3678
MKN 2023 01 19 03 00 00 124 2.2 73.07 0 660.7 2.25 -99.9 -99.9 -99.9 -9999.9 -9999.9 -0.0621999986 37.2971992493 -999.999 3678
MKN 2023 01 19 04 00 00 115 3.1 64.82 0 661.2 4.72 -99.9 -99.9 -99.9 -9999.9 -9999.9 -0.0621999986 37.2971992493 -999.999 3678
MKN 2023 01 19 05 00 00 110 3.6 47.73 0 661.6 8.32 -99.9 -99.9 -99.9 -9999.9 -9999.9 -0.0621999986 37.2971992493 -999.999 3678
MKN 2023 01 19 06 00 00 58 4.1 33.05 0 662.1 9.52 -99.9 -99.9 -99.9 -9999.9 -9999.9 -0.0621999986 37.2971992493 -999.999 3678
MKN 2023 01 19 07 00 00 68 5.4 25.48 0 662.3 11.28 -99.9 -99.9 -99.9 -9999.9 -9999.9 -0.0621999986 37.2971992493 -999.999 3678
MKN 2023 01 19 08 00 00 48 6.7 27.37 0 662.1 11.52 -99.9 -99.9 -99.9 -9999.9 -9999.9 -0.0621999986 37.2971992493 -999.999 3678
MKN 2023 01 19 09 00 00 19 8.5 30.65 0 661.7 11.33 -99.9 -99.9 -99.9 -9999.9 -9999.9 -0.0621999986 37.2971992493 -999.999 3678
MKN 2023 01 19 10 00 00 23 7.4 31.17 0 661.4 11.33 -99.9 -99.9 -99.9 -9999.9 -9999.9 -0.0621999986 37.2971992493 -999.999 3678
MKN 2023 01 19 11 00 00 24 8.1 40.18 0 660.8 10.95 -99.9 -99.9 -99.9 -9999.9 -9999.9 -0.0621999986 37.2971992493 -999.999 3678
MKN 2023 01 19 12 00 00 41 6.7 47.68 0 660.3 10.25 -99.9 -99.9 -99.9 -9999.9 -9999.9 -0.0621999986 37.2971992493 -999.999 3678
MKN 2023 01 19 13 00 00 20 5.2 48.68 0 660.1 10.25 -99.9 -99.9 -99.9 -9999.9 -9999.9 -0.0621999986 37.2971992493 -999.999 3678
MKN 2023 01 19 14 00 00 2 5.5 52.73 0 660.1 9.65 -99.9 -99.9 -99.9 -9999.9 -9999.9 -0.0621999986 37.2971992493 -999.999 3678
MKN 2023 01 19 15 00 00 15 4.9 68.18 0 660.2 7.18 -99.9 -99.9 -99.9 -9999.9 -9999.9 -0.0621999986 37.2971992493 -999.999 3678
MKN 2023 01 19 16 00 00 50 4.4 84.18 0 660.5 4.25 -99.9 -99.9 -99.9 -9999.9 -9999.9 -0.0621999986 37.2971992493 -999.999 3678
MKN 2023 01 19 17 00 00 157 4.1 65.03 0 660.8 4.75 -99.9 -99.9 -99.9 -9999.9 -9999.9 -0.0621999986 37.2971992493 -999.999 3678
MKN 2023 01 19 18 00 00 226 4.6 64.62 0 661.2 4.78 -99.9 -99.9 -99.9 -9999.9 -9999.9 -0.0621999986 37.2971992493 -999.999 3678
MKN 2023 01 19 19 00 00 199 5.5 62.22 0 661.6 5.75 -99.9 -99.9 -99.9 -9999.9 -9999.9 -0.0621999986 37.2971992493 -999.999 3678
MKN 2023 01 19 20 00 00 204 3.2 67.72 0 662 5.12 -99.9 -99.9 -99.9 -9999.9 -9999.9 -0.0621999986 37.2971992493 -999.999 3678
MKN 2023 01 19 21 00 00 190 2.8 68.17 0 662.1 4.72 -99.9 -99.9 -99.9 -9999.9 -9999.9 -0.0621999986 37.2971992493 -999.999 3678
MKN 2023 01 19 22 00 00 90 0.8 73.63 0 661.7 3 -99.9 -99.9 -99.9 -9999.9 -9999.9 -0.0621999986 37.2971992493 -999.999 3678
MKN 2023 01 19 23 00 00 114 3.3 71.18 0 661.2 3.48 -99.9 -99.9 -99.9 -9999.9 -9999.9 -0.0621999986 37.2971992493 -999.999 3678
MKN 2023 01 20 00 00 00 117 4.9 67.83 0 660.8 3.65 -99.9 -99.9 -99.9 -9999.9 -9999.9 -0.0621999986 37.2971992493 -999.999 3678
MKN 2023 01 20 01 00 00 125 5.2 67.95 0 660.6 3.58 -99.9 -99.9 -99.9 -9999.9 -9999.9 -0.0621999986 37.2971992493 -999.999 3678
MKN 2023 01 20 02 00 00 123 5.7 48.88 0 660.4 3.33 -99.9 -99.9 -99.9 -9999.9 -9999.9 -0.0621999986 37.2971992493 -999.999 3678
MKN 2023 01 20 03 00 00 127 6.3 34.35 0 660.4 3.98 -99.9 -99.9 -99.9 -9999.9 -9999.9 -0.0621999986 37.2971992493 -999.999 3678
MKN 2023 01 20 04 00 00 125 7 31.6 0 660.6 5.15 -99.9 -99.9 -99.9 -9999.9 -9999.9 -0.0621999986 37.2971992493 -999.999 3678
MKN 2023 01 20 05 00 00 128 7.5 30.43 0 661.1 8.35 -99.9 -99.9 -99.9 -9999.9 -9999.9 -0.0621999986 37.2971992493 -999.999 3678
MKN 2023 01 20 06 00 00 98 6.4 33.5 0 661.6 10.1 -99.9 -99.9 -99.9 -9999.9 -9999.9 -0.0621999986 37.2971992493 -999.999 3678
MKN 2023 01 20 07 00 00 75 6.9 41.23 0 661.7 10.45 -99.9 -99.9 -99.9 -9999.9 -9999.9 -0.0621999986 37.2971992493 -999.999 3678
MKN 2023 01 20 08 00 00 57 7.3 47.95 0 661.5 10.85 -99.9 -99.9 -99.9 -9999.9 -9999.9 -0.0621999986 37.2971992493 -999.999 3678
MKN 2023 01 20 09 00 00 52 8.7 44 0 661.1 11.02 -99.9 -99.9 -99.9 -9999.9 -9999.9 -0.0621999986 37.2971992493 -999.999 3678
MKN 2023 01 20 10 00 00 41 9.6 47.15 0 660.7 11.7 -99.9 -99.9 -99.9 -9999.9 -9999.9 -0.0621999986 37.2971992493 -999.999 3678
MKN 2023 01 20 11 00 00 28 7.9 57.87 0 660.1 10.58 -99.9 -99.9 -99.9 -9999.9 -9999.9 -0.0621999986 37.2971992493 -999.999 3678
MKN 2023 01 20 12 00 00 31 6.6 72.83 0 659.8 8.73 -99.9 -99.9 -99.9 -9999.9 -9999.9 -0.0621999986 37.2971992493 -999.999 3678
MKN 2023 01 20 13 00 00 28 6 75.12 0 659.6 8.85 -99.9 -99.9 -99.9 -9999.9 -9999.9 -0.0621999986 37.2971992493 -999.999 3678
MKN 2023 01 20 14 00 00 52 5.1 68.53 0 659.5 9.45 -99.9 -99.9 -99.9 -9999.9 -9999.9 -0.0621999986 37.2971992493 -999.999 3678
MKN 2023 01 20 15 00 00 94 4.7 53.73 0 659.8 7.07 -99.9 -99.9 -99.9 -9999.9 -9999.9 -0.0621999986 37.2971992493 -999.999 3678
MKN 2023 01 20 16 00 00 115 4.2 45.02 0 660.3 4.07 -99.9 -99.9 -99.9 -9999.9 -9999.9 -0.0621999986 37.2971992493 -999.999 3678
MKN 2023 01 20 17 00 00 125 3.8 39.4 0 660.6 3.42 -99.9 -99.9 -99.9 -9999.9 -9999.9 -0.0621999986 37.2971992493 -999.999 3678
MKN 2023 01 20 18 00 00 120 3.8 36.63 0 661.1 3.53 -99.9 -99.9 -99.9 -9999.9 -9999.9 -0.0621999986 37.2971992493 -999.999 3678
MKN 2023 01 20 19 00 00 120 3.9 35.13 0 661.3 3.1 -99.9 -99.9 -99.9 -9999.9 -9999.9 -0.0621999986 37.2971992493 -999.999 3678
MKN 2023 01 20 20 00 00 131 4.6 33.37 0 661.2 4.18 -99.9 -99.9 -99.9 -9999.9 -9999.9 -0.0621999986 37.2971992493 -999.999 3678
MKN 2023 01 20 21 00 00 121 7.1 33.72 0 661 4.48 -99.9 -99.9 -99.9 -9999.9 -9999.9 -0.0621999986 37.2971992493 -999.999 3678
MKN 2023 01 20 22 00 00 124 7.5 33.58 0 660.7 4.48 -99.9 -99.9 -99.9 -9999.9 -9999.9 -0.0621999986 37.2971992493 -999.999 3678
MKN 2023 01 20 23 00 00 127 7.3 38.52 0 660.2 3.62 -99.9 -99.9 -99.9 -9999.9 -9999.9 -0.0621999986 37.2971992493 -999.999 3678
MKN 2023 01 21 00 00 00 122 6.8 40.47 0 659.8 3.65 -99.9 -99.9 -99.9 -9999.9 -9999.9 -0.0621999986 37.2971992493 -999.999 3678
MKN 2023 01 21 01 00 00 124 6.5 40.15 0 659.7 4.55 -99.9 -99.9 -99.9 -9999.9 -9999.9 -0.0621999986 37.2971992493 -999.999 3678
MKN 2023 01 21 02 00 00 127 8.1 45.7 0 659.7 4 -99.9 -99.9 -99.9 -9999.9 -9999.9 -0.0621999986 37.2971992493 -999.999 3678
MKN 2023 01 21 03 00 00 125 9.1 49.43 0 659.8 3.15 -99.9 -99.9 -99.9 -9999.9 -9999.9 -0.0621999986 37.2971992493 -999.999 3678
MKN 2023 01 21 04 00 00 139 9.3 42.85 0 659.9 4.52 -99.9 -99.9 -99.9 -9999.9 -9999.9 -0.0621999986 37.2971992493 -999.999 3678
MKN 2023 01 21 05 00 00 133 8.8 45.27 0 660.4 7.38 -99.9 -99.9 -99.9 -9999.9 -9999.9 -0.0621999986 37.2971992493 -999.999 3678
MKN 2023 01 21 06 00 00 90 8.1 43.27 0 660.8 8.62 -99.9 -99.9 -99.9 -9999.9 -9999.9 -0.0621999986 37.2971992493 -999.999 3678
MKN 2023 01 21 07 00 00 77 8.1 41.17 0 661 10.35 -99.9 -99.9 -99.9 -9999.9 -9999.9 -0.0621999986 37.2971992493 -999.999 3678
MKN 2023 01 21 08 00 00 70 7.9 40.18 0 660.8 11.45 -99.9 -99.9 -99.9 -9999.9 -9999.9 -0.0621999986 37.2971992493 -999.999 3678
MKN 2023 01 21 09 00 00 64 9.9 46.88 0 660.2 11.32 -99.9 -99.9 -99.9 -9999.9 -9999.9 -0.0621999986 37.2971992493 -999.999 3678
MKN 2023 01 21 10 00 00 71 9.1 46.98 0 659.7 12.32 -99.9 -99.9 -99.9 -9999.9 -9999.9 -0.0621999986 37.2971992493 -999.999 3678
MKN 2023 01 21 11 00 00 61 9.3 43.17 0 659.4 11.82 -99.9 -99.9 -99.9 -9999.9 -9999.9 -0.0621999986 37.2971992493 -999.999 3678
MKN 2023 01 21 12 00 00 73 9 54.43 0 658.9 9.98 -99.9 -99.9 -99.9 -9999.9 -9999.9 -0.0621999986 37.2971992493 -999.999 3678
MKN 2023 01 21 13 00 00 90 9.3 57.07 0 658.7 9.65 -99.9 -99.9 -99.9 -9999.9 -9999.9 -0.0621999986 37.2971992493 -999.999 3678
MKN 2023 01 21 14 00 00 92 8.6 63.52 0 658.7 8.57 -99.9 -99.9 -99.9 -9999.9 -9999.9 -0.0621999986 37.2971992493 -999.999 3678
MKN 2023 01 21 15 00 00 110 6.5 74.85 0 659 6.33 -99.9 -99.9 -99.9 -9999.9 -9999.9 -0.0621999986 37.2971992493 -999.999 3678
MKN 2023 01 21 16 00 00 136 6.4 54.33 0 659.4 5.42 -99.9 -99.9 -99.9 -9999.9 -9999.9 -0.0621999986 37.2971992493 -999.999 3678
MKN 2023 01 21 17 00 00 123 2.2 43.65 0 659.8 3.55 -99.9 -99.9 -99.9 -9999.9 -9999.9 -0.0621999986 37.2971992493 -999.999 3678
MKN 2023 01 21 18 00 00 137 5.6 29.12 0 660.2 5.48 -99.9 -99.9 -99.9 -9999.9 -9999.9 -0.0621999986 37.2971992493 -999.999 3678
MKN 2023 01 21 19 00 00 136 8.6 29.28 0 660.4 4.95 -99.9 -99.9 -99.9 -9999.9 -9999.9 -0.0621999986 37.2971992493 -999.999 3678
MKN 2023 01 21 20 00 00 133 8.7 25.95 0 660.5 4.97 -99.9 -99.9 -99.9 -9999.9 -9999.9 -0.0621999986 37.2971992493 -999.999 3678
MKN 2023 01 21 21 00 00 135 9.1 26.38 0 660.5 4.72 -99.9 -99.9 -99.9 -9999.9 -9999.9 -0.0621999986 37.2971992493 -999.999 3678
MKN 2023 01 21 22 00 00 133 8.2 30.37 0 660.2 4.33 -99.9 -99.9 -99.9 -9999.9 -9999.9 -0.0621999986 37.2971992493 -999.999 3678
MKN 2023 01 21 23 00 00 135 8.7 27.07 0 659.7 4.4 -99.9 -99.9 -99.9 -9999.9 -9999.9 -0.0621999986 37.2971992493 -999.999 3678
MKN 2023 01 22 00 00 00 132 9.3 26.13 0 659.7 3.92 -99.9 -99.9 -99.9 -9999.9 -9999.9 -0.0621999986 37.2971992493 -999.999 3678
MKN 2023 01 22 01 00 00 128 8.8 27.63 0 659.7 3.57 -99.9 -99.9 -99.9 -9999.9 -9999.9 -0.0621999986 37.2971992493 -999.999 3678
MKN 2023 01 22 02 00 00 132 9.4 31.62 0 659.8 3.3 -99.9 -99.9 -99.9 -9999.9 -9999.9 -0.0621999986 37.2971992493 -999.999 3678
MKN 2023 01 22 03 00 00 132 8.3 24.57 0 659.8 3.05 -99.9 -99.9 -99.9 -9999.9 -9999.9 -0.0621999986 37.2971992493 -999.999 3678
MKN 2023 01 22 04 00 00 127 7.4 33.25 0 660.1 4.27 -99.9 -99.9 -99.9 -9999.9 -9999.9 -0.0621999986 37.2971992493 -999.999 3678
MKN 2023 01 22 05 00 00 115 7.3 27.4 0 660.5 7.73 -99.9 -99.9 -99.9 -9999.9 -9999.9 -0.0621999986 37.2971992493 -999.999 3678
MKN 2023 01 22 06 00 00 101 7 21.48 0 660.9 9.37 -99.9 -99.9 -99.9 -9999.9 -9999.9 -0.0621999986 37.2971992493 -999.999 3678
MKN 2023 01 22 07 00 00 77 6.2 24.37 0 661 10.53 -99.9 -99.9 -99.9 -9999.9 -9999.9 -0.0621999986 37.2971992493 -999.999 3678
MKN 2023 01 22 08 00 00 46 6.4 50.67 0 660.8 10.65 -99.9 -99.9 -99.9 -9999.9 -9999.9 -0.0621999986 37.2971992493 -999.999 3678
MKN 2023 01 22 09 00 00 349 4.6 46.42 0 660.6 11.58 -99.9 -99.9 -99.9 -9999.9 -9999.9 -0.0621999986 37.2971992493 -999.999 3678
MKN 2023 01 22 10 00 00 31 9.4 60.17 0 660 10.98 -99.9 -99.9 -99.9 -9999.9 -9999.9 -0.0621999986 37.2971992493 -999.999 3678
MKN 2023 01 22 11 00 00 41 10.4 69.27 0 659.6 9.35 -99.9 -99.9 -99.9 -9999.9 -9999.9 -0.0621999986 37.2971992493 -999.999 3678
MKN 2023 01 22 12 00 00 54 8.6 76.27 0 659.1 8.17 -99.9 -99.9 -99.9 -9999.9 -9999.9 -0.0621999986 37.2971992493 -999.999 3678
MKN 2023 01 22 13 00 00 34 8.1 86.17 0 659.1 7.07 -99.9 -99.9 -99.9 -9999.9 -9999.9 -0.0621999986 37.2971992493 -999.999 3678
MKN 2023 01 22 14 00 00 44 7.3 81.75 0 659.3 6.97 -99.9 -99.9 -99.9 -9999.9 -9999.9 -0.0621999986 37.2971992493 -999.999 3678
MKN 2023 01 22 15 00 00 64 5.7 84.07 0 659.6 6 -99.9 -99.9 -99.9 -9999.9 -9999.9 -0.0621999986 37.2971992493 -999.999 3678
MKN 2023 01 22 16 00 00 98 6.8 80.32 0 660 5.6 -99.9 -99.9 -99.9 -9999.9 -9999.9 -0.0621999986 37.2971992493 -999.999 3678
MKN 2023 01 22 17 00 00 122 5.3 78.22 0 660.5 4.6 -99.9 -99.9 -99.9 -9999.9 -9999.9 -0.0621999986 37.2971992493 -999.999 3678
MKN 2023 01 22 18 00 00 126 5.8 64.02 0 661 4.6 -99.9 -99.9 -99.9 -9999.9 -9999.9 -0.0621999986 37.2971992493 -999.999 3678
MKN 2023 01 22 19 00 00 119 6.3 64.97 0 661.2 4.23 -99.9 -99.9 -99.9 -9999.9 -9999.9 -0.0621999986 37.2971992493 -999.999 3678
MKN 2023 01 22 20 00 00 122 7.7 72.1 0 660.9 4.08 -99.9 -99.9 -99.9 -9999.9 -9999.9 -0.0621999986 37.2971992493 -999.999 3678
MKN 2023 01 22 21 00 00 116 7.9 78.28 0 660.6 3.72 -99.9 -99.9 -99.9 -9999.9 -9999.9 -0.0621999986 37.2971992493 -999.999 3678
MKN 2023 01 22 22 00 00 124 8.1 84.72 0 660.1 3.58 -99.9 -99.9 -99.9 -9999.9 -9999.9 -0.0621999986 37.2971992493 -999.999 3678
MKN 2023 01 22 23 00 00 127 9.8 76.17 0 659.6 3.82 -99.9 -99.9 -99.9 -9999.9 -9999.9 -0.0621999986 37.2971992493 -999.999 3678
MKN 2023 01 23 00 00 00 125 9.2 69.48 0 659.3 3.77 -99.9 -99.9 -99.9 -9999.9 -9999.9 -0.0621999986 37.2971992493 -999.999 3678
MKN 2023 01 23 01 00 00 114 8.6 66.77 0 659.2 3.97 -99.9 -99.9 -99.9 -9999.9 -9999.9 -0.0621999986 37.2971992493 -999.999 3678
MKN 2023 01 23 02 00 00 111 10.2 70.37 0 659.1 4.58 -99.9 -99.9 -99.9 -9999.9 -9999.9 -0.0621999986 37.2971992493 -999.999 3678
MKN 2023 01 23 03 00 00 101 10.7 82.92 0 659.4 3.93 -99.9 -99.9 -99.9 -9999.9 -9999.9 -0.0621999986 37.2971992493 -999.999 3678
MKN 2023 01 23 04 00 00 119 10.2 81.08 0 659.8 4.3 -99.9 -99.9 -99.9 -9999.9 -9999.9 -0.0621999986 37.2971992493 -999.999 3678
MKN 2023 01 23 05 00 00 114 10.1 53.33 0 660.3 6.97 -99.9 -99.9 -99.9 -9999.9 -9999.9 -0.0621999986 37.2971992493 -999.999 3678
MKN 2023 01 23 06 00 00 98 9.4 41.12 0 660.7 9.08 -99.9 -99.9 -99.9 -9999.9 -9999.9 -0.0621999986 37.2971992493 -999.999 3678
MKN 2023 01 23 07 00 00 80 7.8 41.47 0 660.7 9.95 -99.9 -99.9 -99.9 -9999.9 -9999.9 -0.0621999986 37.2971992493 -999.999 3678
MKN 2023 01 23 08 00 00 91 8.6 39.9 0 660.5 10.97 -99.9 -99.9 -99.9 -9999.9 -9999.9 -0.0621999986 37.2971992493 -999.999 3678
MKN 2023 01 23 09 00 00 68 7.7 46.4 0 660.4 10.95 -99.9 -99.9 -99.9 -9999.9 -9999.9 -0.0621999986 37.2971992493 -999.999 3678
MKN 2023 01 23 10 00 00 63 9.4 54.83 0 660 10.93 -99.9 -99.9 -99.9 -9999.9 -9999.9 -0.0621999986 37.2971992493 -999.999 3678
MKN 2023 01 23 11 00 00 57 10 57.2 0 659.5 10.13 -99.9 -99.9 -99.9 -9999.9 -9999.9 -0.0621999986 37.2971992493 -999.999 3678
MKN 2023 01 23 12 00 00 62 10.6 61.05 0 659.2 9.72 -99.9 -99.9 -99.9 -9999.9 -9999.9 -0.0621999986 37.2971992493 -999.999 3678
MKN 2023 01 23 13 00 00 48 7.8 64.2 0 659.4 9.07 -99.9 -99.9 -99.9 -9999.9 -9999.9 -0.0621999986 37.2971992493 -999.999 3678
MKN 2023 01 23 14 00 00 55 7.7 72.8 0 659.4 8.12 -99.9 -99.9 -99.9 -9999.9 -9999.9 -0.0621999986 37.2971992493 -999.999 3678
MKN 2023 01 23 15 00 00 61 7.4 82.55 0 659.6 6.35 -99.9 -99.9 -99.9 -9999.9 -9999.9 -0.0621999986 37.2971992493 -999.999 3678
MKN 2023 01 23 16 00 00 91 5.7 58.12 0 660.1 5.05 -99.9 -99.9 -99.9 -9999.9 -9999.9 -0.0621999986 37.2971992493 -999.999 3678
MKN 2023 01 23 17 00 00 106 7.6 37.12 0 660.2 4.8 -99.9 -99.9 -99.9 -9999.9 -9999.9 -0.0621999986 37.2971992493 -999.999 3678
MKN 2023 01 23 18 00 00 100 8.3 30.07 0 660.8 4.98 -99.9 -99.9 -99.9 -9999.9 -9999.9 -0.0621999986 37.2971992493 -999.999 3678
MKN 2023 01 23 19 00 00 108 8.5 43.82 0 661.1 4.67 -99.9 -99.9 -99.9 -9999.9 -9999.9 -0.0621999986 37.2971992493 -999.999 3678
MKN 2023 01 23 20 00 00 125 10 52.15 0 660.9 4.32 -99.9 -99.9 -99.9 -9999.9 -9999.9 -0.0621999986 37.2971992493 -999.999 3678
MKN 2023 01 23 21 00 00 133 11.1 59.52 0 660.8 4.22 -99.9 -99.9 -99.9 -9999.9 -9999.9 -0.0621999986 37.2971992493 -999.999 3678
MKN 2023 01 23 22 00 00 131 10.6 69.4 0 660.3 3.85 -99.9 -99.9 -99.9 -9999.9 -9999.9 -0.0621999986 37.2971992493 -999.999 3678
MKN 2023 01 23 23 00 00 128 9.9 64.65 0 660 3.58 -99.9 -99.9 -99.9 -9999.9 -9999.9 -0.0621999986 37.2971992493 -999.999 3678
MKN 2023 01 24 00 00 00 127 10.4 83.43 0 659.7 3.05 -99.9 -99.9 -99.9 -9999.9 -9999.9 -0.0621999986 37.2971992493 -999.999 3678
MKN 2023 01 24 01 00 00 127 10.1 59.78 0 660 3.77 -99.9 -99.9 -99.9 -9999.9 -9999.9 -0.0621999986 37.2971992493 -999.999 3678
MKN 2023 01 24 02 00 00 104 9.1 43.6 0 660.3 3.77 -99.9 -99.9 -99.9 -9999.9 -9999.9 -0.0621999986 37.2971992493 -999.999 3678
MKN 2023 01 24 03 00 00 102 9.4 47.5 0 660.6 3.8 -99.9 -99.9 -99.9 -9999.9 -9999.9 -0.0621999986 37.2971992493 -999.999 3678
MKN 2023 01 24 04 00 00 103 8.7 40.78 0 660.9 4.97 -99.9 -99.9 -99.9 -9999.9 -9999.9 -0.0621999986 37.2971992493 -999.999 3678
MKN 2023 01 24 05 00 00 96 7.7 35.03 0 661.4 7.33 -99.9 -99.9 -99.9 -9999.9 -9999.9 -0.0621999986 37.2971992493 -999.999 3678
MKN 2023 01 24 06 00 00 85 8.4 35.77 0 661.6 8.98 -99.9 -99.9 -99.9 -9999.9 -9999.9 -0.0621999986 37.2971992493 -999.999 3678
MKN 2023 01 24 07 00 00 82 8.3 37.3 0 661.6 9.87 -99.9 -99.9 -99.9 -9999.9 -9999.9 -0.0621999986 37.2971992493 -999.999 3678
MKN 2023 01 24 08 00 00 66 9.4 48.15 0 661.3 10.12 -99.9 -99.9 -99.9 -9999.9 -9999.9 -0.0621999986 37.2971992493 -999.999 3678
MKN 2023 01 24 09 00 00 54 10.1 51.87 0 661 10.17 -99.9 -99.9 -99.9 -9999.9 -9999.9 -0.0621999986 37.2971992493 -999.999 3678
MKN 2023 01 24 10 00 00 43 8.9 46.93 0 660.7 11.23 -99.9 -99.9 -99.9 -9999.9 -9999.9 -0.0621999986 37.2971992493 -999.999 3678
MKN 2023 01 24 11 00 00 47 9.3 49.28 0 660.2 11.68 -99.9 -99.9 -99.9 -9999.9 -9999.9 -0.0621999986 37.2971992493 -999.999 3678
MKN 2023 01 24 12 00 00 46 10.1 51.88 0 659.6 11.47 -99.9 -99.9 -99.9 -9999.9 -9999.9 -0.0621999986 37.2971992493 -999.999 3678
MKN 2023 01 24 13 00 00 76 10.1 51.77 0 659.3 10.83 -99.9 -99.9 -99.9 -9999.9 -9999.9 -0.0621999986 37.2971992493 -999.999 3678
MKN 2023 01 24 14 00 00 95 6.8 64.3 0 659.6 8.5 -99.9 -99.9 -99.9 -9999.9 -9999.9 -0.0621999986 37.2971992493 -999.999 3678
MKN 2023 01 24 15 00 00 96 6.2 78.08 0 659.8 6.65 -99.9 -99.9 -99.9 -9999.9 -9999.9 -0.0621999986 37.2971992493 -999.999 3678
MKN 2023 01 24 16 00 00 102 6.4 49.73 0 660.1 6.03 -99.9 -99.9 -99.9 -9999.9 -9999.9 -0.0621999986 37.2971992493 -999.999 3678
MKN 2023 01 24 17 00 00 139 7.4 47.87 0 660.1 7.03 -99.9 -99.9 -99.9 -9999.9 -9999.9 -0.0621999986 37.2971992493 -999.999 3678
MKN 2023 01 24 18 00 00 180 2.6 40.88 0 660.5 6.45 -99.9 -99.9 -99.9 -9999.9 -9999.9 -0.0621999986 37.2971992493 -999.999 3678
MKN 2023 01 24 19 00 00 109 3.5 50.02 0 660.8 3.92 -99.9 -99.9 -99.9 -9999.9 -9999.9 -0.0621999986 37.2971992493 -999.999 3678
MKN 2023 01 24 20 00 00 126 6 44.8 0 661 4.05 -99.9 -99.9 -99.9 -9999.9 -9999.9 -0.0621999986 37.2971992493 -999.999 3678
MKN 2023 01 24 21 00 00 138 6.9 45.75 0 660.4 4.05 -99.9 -99.9 -99.9 -9999.9 -9999.9 -0.0621999986 37.2971992493 -999.999 3678
MKN 2023 01 24 22 00 00 144 7 48.7 0 660.1 3.7 -99.9 -99.9 -99.9 -9999.9 -9999.9 -0.0621999986 37.2971992493 -999.999 3678
MKN 2023 01 24 23 00 00 191 1.4 47.7 0 659.9 4.37 -99.9 -99.9 -99.9 -9999.9 -9999.9 -0.0621999986 37.2971992493 -999.999 3678
MKN 2023 01 25 00 00 00 279 1.4 58.25 0 659.5 3.9 -99.9 -99.9 -99.9 -9999.9 -9999.9 -0.0621999986 37.2971992493 -999.999 3678
MKN 2023 01 25 01 00 00 236 1.9 65.63 0 659.4 3.77 -99.9 -99.9 -99.9 -9999.9 -9999.9 -0.0621999986 37.2971992493 -999.999 3678
MKN 2023 01 25 02 00 00 233 1.8 64.7 0 659.4 3.08 -99.9 -99.9 -99.9 -9999.9 -9999.9 -0.0621999986 37.2971992493 -999.999 3678
MKN 2023 01 25 03 00 00 174 3.3 58.67 0 659.8 3.63 -99.9 -99.9 -99.9 -9999.9 -9999.9 -0.0621999986 37.2971992493 -999.999 3678
MKN 2023 01 25 04 00 00 166 4.1 42.4 0 660 6.28 -99.9 -99.9 -99.9 -9999.9 -9999.9 -0.0621999986 37.2971992493 -999.999 3678
MKN 2023 01 25 05 00 00 143 4.1 54 0 660.2 7.37 -99.9 -99.9 -99.9 -9999.9 -9999.9 -0.0621999986 37.2971992493 -999.999 3678
MKN 2023 01 25 06 00 00 36 2.5 64.05 0 660.6 7.42 -99.9 -99.9 -99.9 -9999.9 -9999.9 -0.0621999986 37.2971992493 -999.999 3678
MKN 2023 01 25 07 00 00 315 2 63.82 0 660.9 8.78 -99.9 -99.9 -99.9 -9999.9 -9999.9 -0.0621999986 37.2971992493 -999.999 3678
MKN 2023 01 25 08 00 00 292 3.9 56.17 0 660.9 10.88 -99.9 -99.9 -99.9 -9999.9 -9999.9 -0.0621999986 37.2971992493 -999.999 3678
MKN 2023 01 25 09 00 00 261 5.2 46.13 0 660.6 12.35 -99.9 -99.9 -99.9 -9999.9 -9999.9 -0.0621999986 37.2971992493 -999.999 3678
MKN 2023 01 25 10 00 00 145 5.1 29.07 0 660.3 13.87 -99.9 -99.9 -99.9 -9999.9 -9999.9 -0.0621999986 37.2971992493 -999.999 3678
MKN 2023 01 25 11 00 00 108 6.1 45.67 0 659.9 12.6 -99.9 -99.9 -99.9 -9999.9 -9999.9 -0.0621999986 37.2971992493 -999.999 3678
MKN 2023 01 25 12 00 00 249 7.7 49.68 0 659.5 13.03 -99.9 -99.9 -99.9 -9999.9 -9999.9 -0.0621999986 37.2971992493 -999.999 3678
MKN 2023 01 25 13 00 00 255 5.9 47.92 0 659.4 13.07 -99.9 -99.9 -99.9 -9999.9 -9999.9 -0.0621999986 37.2971992493 -999.999 3678
MKN 2023 01 25 14 00 00 238 4.5 57.93 0 659.4 11.63 -99.9 -99.9 -99.9 -9999.9 -9999.9 -0.0621999986 37.2971992493 -999.999 3678
MKN 2023 01 25 15 00 00 239 3.8 73.28 0 659.6 7.48 -99.9 -99.9 -99.9 -9999.9 -9999.9 -0.0621999986 37.2971992493 -999.999 3678
MKN 2023 01 25 16 00 00 127 6 74.63 0 659.6 4.77 -99.9 -99.9 -99.9 -9999.9 -9999.9 -0.0621999986 37.2971992493 -999.999 3678
MKN 2023 01 25 17 00 00 151 4.6 77.1 0 659.8 4.02 -99.9 -99.9 -99.9 -9999.9 -9999.9 -0.0621999986 37.2971992493 -999.999 3678
MKN 2023 01 25 18 00 00 193 2.1 37.72 0 660.1 2.92 -99.9 -99.9 -99.9 -9999.9 -9999.9 -0.0621999986 37.2971992493 -999.999 3678
MKN 2023 01 25 19 00 00 120 3.2 26.37 0 660.1 4.25 -99.9 -99.9 -99.9 -9999.9 -9999.9 -0.0621999986 37.2971992493 -999.999 3678
MKN 2023 01 25 20 00 00 130 6.1 19.12 0 660.1 5.33 -99.9 -99.9 -99.9 -9999.9 -9999.9 -0.0621999986 37.2971992493 -999.999 3678
MKN 2023 01 25 21 00 00 139 10.6 17.35 0 659.5 5.67 -99.9 -99.9 -99.9 -9999.9 -9999.9 -0.0621999986 37.2971992493 -999.999 3678
MKN 2023 01 25 22 00 00 150 6.1 37.12 0 659.2 4.98 -99.9 -99.9 -99.9 -9999.9 -9999.9 -0.0621999986 37.2971992493 -999.999 3678
MKN 2023 01 25 23 00 00 345 1.9 51.73 0 659.1 4.25 -99.9 -99.9 -99.9 -9999.9 -9999.9 -0.0621999986 37.2971992493 -999.999 3678
MKN 2023 01 26 00 00 00 243 1.3 68.33 0 658.9 3.68 -99.9 -99.9 -99.9 -9999.9 -9999.9 -0.0621999986 37.2971992493 -999.999 3678
MKN 2023 01 26 01 00 00 239 1.6 61.38 0 659 3.43 -99.9 -99.9 -99.9 -9999.9 -9999.9 -0.0621999986 37.2971992493 -999.999 3678
MKN 2023 01 26 02 00 00 198 1 59.53 0 659.1 1.5 -99.9 -99.9 -99.9 -9999.9 -9999.9 -0.0621999986 37.2971992493 -999.999 3678
MKN 2023 01 26 03 00 00 155 3.6 35.55 0 659.1 3.73 -99.9 -99.9 -99.9 -9999.9 -9999.9 -0.0621999986 37.2971992493 -999.999 3678
MKN 2023 01 26 04 00 00 128 6.6 23.68 0 659.3 5.63 -99.9 -99.9 -99.9 -9999.9 -9999.9 -0.0621999986 37.2971992493 -999.999 3678
MKN 2023 01 26 05 00 00 115 9.8 17.35 0 659.8 7.77 -99.9 -99.9 -99.9 -9999.9 -9999.9 -0.0621999986 37.2971992493 -999.999 3678
MKN 2023 01 26 06 00 00 95 9.4 14.22 0 660.3 9.27 -99.9 -99.9 -99.9 -9999.9 -9999.9 -0.0621999986 37.2971992493 -999.999 3678
MKN 2023 01 26 07 00 00 94 10.5 13.53 0 660.4 10.48 -99.9 -99.9 -99.9 -9999.9 -9999.9 -0.0621999986 37.2971992493 -999.999 3678
MKN 2023 01 26 08 00 00 88 10.1 18.62 0 660.4 11.33 -99.9 -99.9 -99.9 -9999.9 -9999.9 -0.0621999986 37.2971992493 -999.999 3678
MKN 2023 01 26 09 00 00 87 8.2 23.93 0 660.4 11.9 -99.9 -99.9 -99.9 -9999.9 -9999.9 -0.0621999986 37.2971992493 -999.999 3678
MKN 2023 01 26 10 00 00 76 8.2 29.6 0 660.3 12.82 -99.9 -99.9 -99.9 -9999.9 -9999.9 -0.0621999986 37.2971992493 -999.999 3678
MKN 2023 01 26 11 00 00 72 7.1 38.15 0 659.8 11.95 -99.9 -99.9 -99.9 -9999.9 -9999.9 -0.0621999986 37.2971992493 -999.999 3678
MKN 2023 01 26 12 00 00 86 8.2 54.45 0 659.2 9.82 -99.9 -99.9 -99.9 -9999.9 -9999.9 -0.0621999986 37.2971992493 -999.999 3678
MKN 2023 01 26 13 00 00 88 6.6 55.35 0 659.1 9.97 -99.9 -99.9 -99.9 -9999.9 -9999.9 -0.0621999986 37.2971992493 -999.999 3678
MKN 2023 01 26 14 00 00 106 5.6 62.43 0 659.3 8.57 -99.9 -99.9 -99.9 -9999.9 -9999.9 -0.0621999986 37.2971992493 -999.999 3678
MKN 2023 01 26 15 00 00 104 7.2 74.8 0 659.6 5.67 -99.9 -99.9 -99.9 -9999.9 -9999.9 -0.0621999986 37.2971992493 -999.999 3678
MKN 2023 01 26 16 00 00 125 7.6 77.3 0 659.9 3.72 -99.9 -99.9 -99.9 -9999.9 -9999.9 -0.0621999986 37.2971992493 -999.999 3678
MKN 2023 01 26 17 00 00 139 8.1 56.52 0 660.2 3.37 -99.9 -99.9 -99.9 -9999.9 -9999.9 -0.0621999986 37.2971992493 -999.999 3678
MKN 2023 01 26 18 00 00 157 7.2 31.55 0 660.9 2.37 -99.9 -99.9 -99.9 -9999.9 -9999.9 -0.0621999986 37.2971992493 -999.999 3678
MKN 2023 01 26 19 00 00 145 6.8 24.55 0 661.1 2.35 -99.9 -99.9 -99.9 -9999.9 -9999.9 -0.0621999986 37.2971992493 -999.999 3678
MKN 2023 01 26 20 00 00 136 6.7 21.52 0 661.2 2.8 -99.9 -99.9 -99.9 -9999.9 -9999.9 -0.0621999986 37.2971992493 -999.999 3678
MKN 2023 01 26 21 00 00 131 8.2 23.67 0 660.8 3.18 -99.9 -99.9 -99.9 -9999.9 -9999.9 -0.0621999986 37.2971992493 -999.999 3678
MKN 2023 01 26 22 00 00 130 9.7 22.92 0 660.2 3.52 -99.9 -99.9 -99.9 -9999.9 -9999.9 -0.0621999986 37.2971992493 -999.999 3678
MKN 2023 01 26 23 00 00 132 10.1 22 0 659.6 3.15 -99.9 -99.9 -99.9 -9999.9 -9999.9 -0.0621999986 37.2971992493 -999.999 3678
MKN 2023 01 27 00 00 00 126 8.7 28.17 0 659.6 3.55 -99.9 -99.9 -99.9 -9999.9 -9999.9 -0.0621999986 37.2971992493 -999.999 3678
MKN 2023 01 27 01 00 00 117 10.6 28.53 0 659.2 4.03 -99.9 -99.9 -99.9 -9999.9 -9999.9 -0.0621999986 37.2971992493 -999.999 3678
MKN 2023 01 27 02 00 00 117 10.5 26.95 0 659.5 4.22 -99.9 -99.9 -99.9 -9999.9 -9999.9 -0.0621999986 37.2971992493 -999.999 3678
MKN 2023 01 27 03 00 00 117 10.5 22.88 0 659.6 4.22 -99.9 -99.9 -99.9 -9999.9 -9999.9 -0.0621999986 37.2971992493 -999.999 3678
MKN 2023 01 27 04 00 00 118 9.5 20.67 0 659.9 5.63 -99.9 -99.9 -99.9 -9999.9 -9999.9 -0.0621999986 37.2971992493 -999.999 3678
MKN 2023 01 27 05 00 00 115 10.8 23.13 0 660.3 8.12 -99.9 -99.9 -99.9 -9999.9 -9999.9 -0.0621999986 37.2971992493 -999.999 3678
MKN 2023 01 27 06 00 00 107 10 30.77 0 660.8 9.35 -99.9 -99.9 -99.9 -9999.9 -9999.9 -0.0621999986 37.2971992493 -999.999 3678
MKN 2023 01 27 07 00 00 105 9.2 34.43 0 660.8 10.7 -99.9 -99.9 -99.9 -9999.9 -9999.9 -0.0621999986 37.2971992493 -999.999 3678
MKN 2023 01 27 08 00 00 108 8.5 31.4 0 660.9 11.15 -99.9 -99.9 -99.9 -9999.9 -9999.9 -0.0621999986 37.2971992493 -999.999 3678
MKN 2023 01 27 09 00 00 100 8.4 30.73 0 660.7 11.87 -99.9 -99.9 -99.9 -9999.9 -9999.9 -0.0621999986 37.2971992493 -999.999 3678
MKN 2023 01 27 10 00 00 106 8.1 26.33 0 660.3 12.15 -99.9 -99.9 -99.9 -9999.9 -9999.9 -0.0621999986 37.2971992493 -999.999 3678
MKN 2023 01 27 11 00 00 106 8.8 25.38 0 659.7 12.08 -99.9 -99.9 -99.9 -9999.9 -9999.9 -0.0621999986 37.2971992493 -999.999 3678
MKN 2023 01 27 12 00 00 112 4.8 52.12 0 659.5 10.83 -99.9 -99.9 -99.9 -9999.9 -9999.9 -0.0621999986 37.2971992493 -999.999 3678
MKN 2023 01 27 13 00 00 324 4 72.28 0 659.5 10.02 -99.9 -99.9 -99.9 -9999.9 -9999.9 -0.0621999986 37.2971992493 -999.999 3678
MKN 2023 01 27 14 00 00 285 4.7 65.28 0 659.7 9.85 -99.9 -99.9 -99.9 -9999.9 -9999.9 -0.0621999986 37.2971992493 -999.999 3678
MKN 2023 01 27 15 00 00 270 3.7 50.92 0 660 8.03 -99.9 -99.9 -99.9 -9999.9 -9999.9 -0.0621999986 37.2971992493 -999.999 3678
MKN 2023 01 27 16 00 00 280 2.3 55.72 0 660.4 3.67 -99.9 -99.9 -99.9 -9999.9 -9999.9 -0.0621999986 37.2971992493 -999.999 3678
MKN 2023 01 27 17 00 00 148 3.6 42.28 0 660.5 4.22 -99.9 -99.9 -99.9 -9999.9 -9999.9 -0.0621999986 37.2971992493 -999.999 3678
MKN 2023 01 27 18 00 00 162 7.1 28 0 660.8 3.73 -99.9 -99.9 -99.9 -9999.9 -9999.9 -0.0621999986 37.2971992493 -999.999 3678
MKN 2023 01 27 19 00 00 151 7.2 31.42 0 661.1 4.77 -99.9 -99.9 -99.9 -9999.9 -9999.9 -0.0621999986 37.2971992493 -999.999 3678
MKN 2023 01 27 20 00 00 152 8.8 31.35 0 660.5 4.68 -99.9 -99.9 -99.9 -9999.9 -9999.9 -0.0621999986 37.2971992493 -999.999 3678
MKN 2023 01 27 21 00 00 153 10.3 34.73 0 660.2 6.18 -99.9 -99.9 -99.9 -9999.9 -9999.9 -0.0621999986 37.2971992493 -999.999 3678
MKN 2023 01 27 22 00 00 151 10.1 25.98 0 659.7 6.67 -99.9 -99.9 -99.9 -9999.9 -9999.9 -0.0621999986 37.2971992493 -999.999 3678
MKN 2023 01 27 23 00 00 140 10.4 16.3 0 659.3 7.07 -99.9 -99.9 -99.9 -9999.9 -9999.9 -0.0621999986 37.2971992493 -999.999 3678
MKN 2023 01 28 00 00 00 142 10 16.23 0 659.2 7.02 -99.9 -99.9 -99.9 -9999.9 -9999.9 -0.0621999986 37.2971992493 -999.999 3678
MKN 2023 01 28 01 00 00 140 10.4 13.23 0 658.8 7.22 -99.9 -99.9 -99.9 -9999.9 -9999.9 -0.0621999986 37.2971992493 -999.999 3678
MKN 2023 01 28 02 00 00 141 10.3 11.88 0 659 7.25 -99.9 -99.9 -99.9 -9999.9 -9999.9 -0.0621999986 37.2971992493 -999.999 3678
MKN 2023 01 28 03 00 00 138 11.8 11.88 0 659.1 7.42 -99.9 -99.9 -99.9 -9999.9 -9999.9 -0.0621999986 37.2971992493 -999.999 3678
MKN 2023 01 28 04 00 00 136 10.9 17.95 0 659.4 8.33 -99.9 -99.9 -99.9 -9999.9 -9999.9 -0.0621999986 37.2971992493 -999.999 3678
MKN 2023 01 28 05 00 00 137 8.7 16.98 0 660.1 10.72 -99.9 -99.9 -99.9 -9999.9 -9999.9 -0.0621999986 37.2971992493 -999.999 3678
MKN 2023 01 28 06 00 00 131 8.5 19.65 0 660.6 11.73 -99.9 -99.9 -99.9 -9999.9 -9999.9 -0.0621999986 37.2971992493 -999.999 3678
MKN 2023 01 28 07 00 00 142 4.8 35.78 0 660.9 10.52 -99.9 -99.9 -99.9 -9999.9 -9999.9 -0.0621999986 37.2971992493 -999.999 3678
MKN 2023 01 28 08 00 00 321 3.2 41.15 0 661 11.03 -99.9 -99.9 -99.9 -9999.9 -9999.9 -0.0621999986 37.2971992493 -999.999 3678
MKN 2023 01 28 09 00 00 295 4.7 42.3 0 660.8 11.83 -99.9 -99.9 -99.9 -9999.9 -9999.9 -0.0621999986 37.2971992493 -999.999 3678
MKN 2023 01 28 10 00 00 286 6.1 43.67 0 660.5 12.58 -99.9 -99.9 -99.9 -9999.9 -9999.9 -0.0621999986 37.2971992493 -999.999 3678
MKN 2023 01 28 11 00 00 284 7.5 45.52 0 660 12.38 -99.9 -99.9 -99.9 -9999.9 -9999.9 -0.0621999986 37.2971992493 -999.999 3678
MKN 2023 01 28 12 00 00 267 9.1 54.8 0 659.5 11.87 -99.9 -99.9 -99.9 -9999.9 -9999.9 -0.0621999986 37.2971992493 -999.999 3678
MKN 2023 01 28 13 00 00 265 7.9 67.23 0 659.3 9.95 -99.9 -99.9 -99.9 -9999.9 -9999.9 -0.0621999986 37.2971992493 -999.999 3678
MKN 2023 01 28 14 00 00 250 6.8 62.27 0 659.4 9.72 -99.9 -99.9 -99.9 -9999.9 -9999.9 -0.0621999986 37.2971992493 -999.999 3678
MKN 2023 01 28 15 00 00 253 5.9 66.53 0 659.5 8.17 -99.9 -99.9 -99.9 -9999.9 -9999.9 -0.0621999986 37.2971992493 -999.999 3678
MKN 2023 01 28 16 00 00 262 5.8 73.52 0 659.9 4.67 -99.9 -99.9 -99.9 -9999.9 -9999.9 -0.0621999986 37.2971992493 -999.999 3678
MKN 2023 01 28 17 00 00 225 2.8 73.88 0 660.2 3.18 -99.9 -99.9 -99.9 -9999.9 -9999.9 -0.0621999986 37.2971992493 -999.999 3678
MKN 2023 01 28 18 00 00 183 1.8 66.77 0 660.6 3.52 -99.9 -99.9 -99.9 -9999.9 -9999.9 -0.0621999986 37.2971992493 -999.999 3678
MKN 2023 01 28 19 00 00 56 0.5 69.37 0 660.8 3.38 -99.9 -99.9 -99.9 -9999.9 -9999.9 -0.0621999986 37.2971992493 -999.999 3678
MKN 2023 01 28 20 00 00 86 1.7 65.9 0 660.6 2.95 -99.9 -99.9 -99.9 -9999.9 -9999.9 -0.0621999986 37.2971992493 -999.999 3678
MKN 2023 01 28 21 00 00 50 1.3 69.93 0 660.3 2.35 -99.9 -99.9 -99.9 -9999.9 -9999.9 -0.0621999986 37.2971992493 -999.999 3678
MKN 2023 01 28 22 00 00 216 1.8 52.77 0 659.9 3.28 -99.9 -99.9 -99.9 -9999.9 -9999.9 -0.0621999986 37.2971992493 -999.999 3678
MKN 2023 01 28 23 00 00 169 3.4 39.25 0 659.2 5.1 -99.9 -99.9 -99.9 -9999.9 -9999.9 -0.0621999986 37.2971992493 -999.999 3678
MKN 2023 01 29 00 00 00 169 3.4 40.32 0 659 4.68 -99.9 -99.9 -99.9 -9999.9 -9999.9 -0.0621999986 37.2971992493 -999.999 3678
MKN 2023 01 29 01 00 00 170 2.5 34.92 0 658.8 5.27 -99.9 -99.9 -99.9 -9999.9 -9999.9 -0.0621999986 37.2971992493 -999.999 3678
MKN 2023 01 29 02 00 00 185 3.5 38.17 0 658.9 4.77 -99.9 -99.9 -99.9 -9999.9 -9999.9 -0.0621999986 37.2971992493 -999.999 3678
MKN 2023 01 29 03 00 00 195 3 43.77 0 659.1 3.97 -99.9 -99.9 -99.9 -9999.9 -9999.9 -0.0621999986 37.2971992493 -999.999 3678
MKN 2023 01 29 04 00 00 132 3.1 39.88 0 659.5 6.03 -99.9 -99.9 -99.9 -9999.9 -9999.9 -0.0621999986 37.2971992493 -999.999 3678
MKN 2023 01 29 05 00 00 116 3.8 41.22 0 660.1 7.6 -99.9 -99.9 -99.9 -9999.9 -9999.9 -0.0621999986 37.2971992493 -999.999 3678
MKN 2023 01 29 06 00 00 38 3 44.9 0 660.8 7.48 -99.9 -99.9 -99.9 -9999.9 -9999.9 -0.0621999986 37.2971992493 -999.999 3678
MKN 2023 01 29 07 00 00 316 3.3 48.47 0 661.1 8.83 -99.9 -99.9 -99.9 -9999.9 -9999.9 -0.0621999986 37.2971992493 -999.999 3678
MKN 2023 01 29 08 00 00 316 4.3 53.08 0 661.3 9.65 -99.9 -99.9 -99.9 -9999.9 -9999.9 -0.0621999986 37.2971992493 -999.999 3678
MKN 2023 01 29 09 00 00 325 3.8 56.43 0 661 9.23 -99.9 -99.9 -99.9 -9999.9 -9999.9 -0.0621999986 37.2971992493 -999.999 3678
MKN 2023 01 29 10 00 00 13 4.6 58.57 0 660.7 8.8 -99.9 -99.9 -99.9 -9999.9 -9999.9 -0.0621999986 37.2971992493 -999.999 3678
MKN 2023 01 29 11 00 00 353 2.7 63.03 0 660.3 8.43 -99.9 -99.9 -99.9 -9999.9 -9999.9 -0.0621999986 37.2971992493 -999.999 3678
MKN 2023 01 29 12 00 00 5 3.6 70.1 0 659.9 8.13 -99.9 -99.9 -99.9 -9999.9 -9999.9 -0.0621999986 37.2971992493 -999.999 3678
MKN 2023 01 29 13 00 00 3 3.6 79.67 0 659.7 7.63 -99.9 -99.9 -99.9 -9999.9 -9999.9 -0.0621999986 37.2971992493 -999.999 3678
MKN 2023 01 29 14 00 00 35 6.6 91.13 0 659.7 6.88 -99.9 -99.9 -99.9 -9999.9 -9999.9 -0.0621999986 37.2971992493 -999.999 3678
MKN 2023 01 29 15 00 00 44 5 88.77 0 659.9 6.83 -99.9 -99.9 -99.9 -9999.9 -9999.9 -0.0621999986 37.2971992493 -999.999 3678
MKN 2023 01 29 16 00 00 227 2.5 81.12 0 660.1 5.4 -99.9 -99.9 -99.9 -9999.9 -9999.9 -0.0621999986 37.2971992493 -999.999 3678
MKN 2023 01 29 17 00 00 56 1.8 68.07 0 660.5 4.9 -99.9 -99.9 -99.9 -9999.9 -9999.9 -0.0621999986 37.2971992493 -999.999 3678
MKN 2023 01 29 18 00 00 215 1.7 76.82 0 661 4.12 -99.9 -99.9 -99.9 -9999.9 -9999.9 -0.0621999986 37.2971992493 -999.999 3678
MKN 2023 01 29 19 00 00 180 1 78.35 0 661.5 2.62 -99.9 -99.9 -99.9 -9999.9 -9999.9 -0.0621999986 37.2971992493 -999.999 3678
MKN 2023 01 29 20 00 00 169 1.5 65.02 0 661.6 2.88 -99.9 -99.9 -99.9 -9999.9 -9999.9 -0.0621999986 37.2971992493 -999.999 3678
MKN 2023 01 29 21 00 00 159 6.6 63.67 0 661.1 2.48 -99.9 -99.9 -99.9 -9999.9 -9999.9 -0.0621999986 37.2971992493 -999.999 3678
MKN 2023 01 29 22 00 00 160 6.1 62.07 0 660.5 2.85 -99.9 -99.9 -99.9 -9999.9 -9999.9 -0.0621999986 37.2971992493 -999.999 3678
MKN 2023 01 29 23 00 00 158 8 54.03 0 660 3.8 -99.9 -99.9 -99.9 -9999.9 -9999.9 -0.0621999986 37.2971992493 -999.999 3678
MKN 2023 01 30 00 00 00 163 8.8 46.23 0 659.6 3.77 -99.9 -99.9 -99.9 -9999.9 -9999.9 -0.0621999986 37.2971992493 -999.999 3678
MKN 2023 01 30 01 00 00 162 8.3 35.57 0 659.4 3.32 -99.9 -99.9 -99.9 -9999.9 -9999.9 -0.0621999986 37.2971992493 -999.999 3678
MKN 2023 01 30 02 00 00 152 6.7 38.13 0 659.6 4.12 -99.9 -99.9 -99.9 -9999.9 -9999.9 -0.0621999986 37.2971992493 -999.999 3678
MKN 2023 01 30 03 00 00 167 9.2 55.97 0 659.9 3.37 -99.9 -99.9 -99.9 -9999.9 -9999.9 -0.0621999986 37.2971992493 -999.999 3678
MKN 2023 01 30 04 00 00 184 7.5 39.98 0 660.4 5.45 -99.9 -99.9 -99.9 -9999.9 -9999.9 -0.0621999986 37.2971992493 -999.999 3678
MKN 2023 01 30 05 00 00 194 3 32.45 0 661.1 8.18 -99.9 -99.9 -99.9 -9999.9 -9999.9 -0.0621999986 37.2971992493 -999.999 3678
MKN 2023 01 30 06 00 00 289 1.9 39.23 0 661.8 8.65 -99.9 -99.9 -99.9 -9999.9 -9999.9 -0.0621999986 37.2971992493 -999.999 3678
MKN 2023 01 30 07 00 00 297 2.6 50.27 0 661.9 9.15 -99.9 -99.9 -99.9 -9999.9 -9999.9 -0.0621999986 37.2971992493 -999.999 3678
MKN 2023 01 30 08 00 00 323 4.1 46.73 0 662 10.8 -99.9 -99.9 -99.9 -9999.9 -9999.9 -0.0621999986 37.2971992493 -999.999 3678
MKN 2023 01 30 09 00 00 341 6.3 47.16 0 661.9 11.17 -99.9 -99.9 -99.9 -9999.9 -9999.9 -0.0621999986 37.2971992493 -999.999 3678
MKN 2023 01 30 10 00 00 304 7.4 57.12 0 661.5 9.95 -99.9 -99.9 -99.9 -9999.9 -9999.9 -0.0621999986 37.2971992493 -999.999 3678
MKN 2023 01 30 11 00 00 305 7.4 59.45 0 661 9.37 -99.9 -99.9 -99.9 -9999.9 -9999.9 -0.0621999986 37.2971992493 -999.999 3678
MKN 2023 01 30 12 00 00 269 7.1 56.13 0 660.5 9.58 -99.9 -99.9 -99.9 -9999.9 -9999.9 -0.0621999986 37.2971992493 -999.999 3678
MKN 2023 01 30 13 00 00 331 6.9 63.15 0 660.1 8.7 -99.9 -99.9 -99.9 -9999.9 -9999.9 -0.0621999986 37.2971992493 -999.999 3678
MKN 2023 01 30 14 00 00 27 7 67.1 0 660.1 8.25 -99.9 -99.9 -99.9 -9999.9 -9999.9 -0.0621999986 37.2971992493 -999.999 3678
MKN 2023 01 30 15 00 00 46 4.8 69.83 0 660.5 7.58 -99.9 -99.9 -99.9 -9999.9 -9999.9 -0.0621999986 37.2971992493 -999.999 3678
MKN 2023 01 30 16 00 00 75 2.1 75.82 0 660.8 4.1 -99.9 -99.9 -99.9 -9999.9 -9999.9 -0.0621999986 37.2971992493 -999.999 3678
MKN 2023 01 30 17 00 00 174 2.3 72.32 0 661.1 4.48 -99.9 -99.9 -99.9 -9999.9 -9999.9 -0.0621999986 37.2971992493 -999.999 3678
MKN 2023 01 30 18 00 00 207 1.4 77.27 0 661.5 3.48 -99.9 -99.9 -99.9 -9999.9 -9999.9 -0.0621999986 37.2971992493 -999.999 3678
MKN 2023 01 30 19 00 00 180 0.8 81.53 0 661.7 2.7 -99.9 -99.9 -99.9 -9999.9 -9999.9 -0.0621999986 37.2971992493 -999.999 3678
MKN 2023 01 30 20 00 00 146 1.1 80.45 0 661.7 2.5 -99.9 -99.9 -99.9 -9999.9 -9999.9 -0.0621999986 37.2971992493 -999.999 3678
MKN 2023 01 30 21 00 00 146 0.8 83.17 0 661.5 1.87 -99.9 -99.9 -99.9 -9999.9 -9999.9 -0.0621999986 37.2971992493 -999.999 3678
MKN 2023 01 30 22 00 00 158 1.8 83.12 0 661.1 1.25 -99.9 -99.9 -99.9 -9999.9 -9999.9 -0.0621999986 37.2971992493 -999.999 3678
MKN 2023 01 30 23 00 00 137 2.1 72.35 0 660.5 1.75 -99.9 -99.9 -99.9 -9999.9 -9999.9 -0.0621999986 37.2971992493 -999.999 3678
MKN 2023 01 31 00 00 00 110 2.9 71.45 0 660.2 1.15 -99.9 -99.9 -99.9 -9999.9 -9999.9 -0.0621999986 37.2971992493 -999.999 3678
MKN 2023 01 31 01 00 00 127 3.2 66.9 0 660 1.18 -99.9 -99.9 -99.9 -9999.9 -9999.9 -0.0621999986 37.2971992493 -999.999 3678
MKN 2023 01 31 02 00 00 124 2.6 69.95 0 660.1 0.75 -99.9 -99.9 -99.9 -9999.9 -9999.9 -0.0621999986 37.2971992493 -999.999 3678
MKN 2023 01 31 03 00 00 147 1.6 62 0 660.3 0.2 -99.9 -99.9 -99.9 -9999.9 -9999.9 -0.0621999986 37.2971992493 -999.999 3678
MKN 2023 01 31 04 00 00 126 2.9 38.67 0 660.6 2.43 -99.9 -99.9 -99.9 -9999.9 -9999.9 -0.0621999986 37.2971992493 -999.999 3678
MKN 2023 01 31 05 00 00 113 4.1 37.48 0 661.1 7.87 -99.9 -99.9 -99.9 -9999.9 -9999.9 -0.0621999986 37.2971992493 -999.999 3678
MKN 2023 01 31 06 00 00 25 3 36.67 0 661.7 8.82 -99.9 -99.9 -99.9 -9999.9 -9999.9 -0.0621999986 37.2971992493 -999.999 3678
MKN 2023 01 31 07 00 00 356 4.4 40.8 0 661.9 9.35 -99.9 -99.9 -99.9 -9999.9 -9999.9 -0.0621999986 37.2971992493 -999.999 3678
MKN 2023 01 31 08 00 00 344 4.5 50.37 0 662 9.97 -99.9 -99.9 -99.9 -9999.9 -9999.9 -0.0621999986 37.2971992493 -999.999 3678
MKN 2023 01 31 09 00 00 348 4.5 53.5 0 661.8 9.43 -99.9 -99.9 -99.9 -9999.9 -9999.9 -0.0621999986 37.2971992493 -999.999 3678
MKN 2023 01 31 10 00 00 300 5 66.06 0 661.5 8.65 -99.9 -99.9 -99.9 -9999.9 -9999.9 -0.0621999986 37.2971992493 -999.999 3678
MKN 2023 01 31 11 00 00 352 3.6 73.73 0 661.1 7.72 -99.9 -99.9 -99.9 -9999.9 -9999.9 -0.0621999986 37.2971992493 -999.999 3678
MKN 2023 01 31 12 00 00 22 4.3 79.13 0 660.7 7.55 -99.9 -99.9 -99.9 -9999.9 -9999.9 -0.0621999986 37.2971992493 -999.999 3678
MKN 2023 01 31 13 00 00 6 3.8 81.73 0 660.5 7.52 -99.9 -99.9 -99.9 -9999.9 -9999.9 -0.0621999986 37.2971992493 -999.999 3678
MKN 2023 01 31 14 00 00 6 4.3 82.83 0 660.7 7.45 -99.9 -99.9 -99.9 -9999.9 -9999.9 -0.0621999986 37.2971992493 -999.999 3678
MKN 2023 01 31 15 00 00 44 4.3 87.42 0 660.8 6.87 -99.9 -99.9 -99.9 -9999.9 -9999.9 -0.0621999986 37.2971992493 -999.999 3678
MKN 2023 01 31 16 00 00 94 3.1 89.32 0 661 4.1 -99.9 -99.9 -99.9 -9999.9 -9999.9 -0.0621999986 37.2971992493 -999.999 3678
MKN 2023 01 31 17 00 00 199 3.7 83.9 0 661.1 4.15 -99.9 -99.9 -99.9 -9999.9 -9999.9 -0.0621999986 37.2971992493 -999.999 3678
MKN 2023 01 31 18 00 00 206 3.9 81.57 0 661.4 4.35 -99.9 -99.9 -99.9 -9999.9 -9999.9 -0.0621999986 37.2971992493 -999.999 3678
MKN 2023 01 31 19 00 00 211 3.9 80.58 0 661.6 3.5 -99.9 -99.9 -99.9 -9999.9 -9999.9 -0.0621999986 37.2971992493 -999.999 3678
MKN 2023 01 31 20 00 00 208 3.9 68.9 0 661.6 3.78 -99.9 -99.9 -99.9 -9999.9 -9999.9 -0.0621999986 37.2971992493 -999.999 3678
MKN 2023 01 31 21 00 00 188 1.6 64.67 0 661.5 1.92 -99.9 -99.9 -99.9 -9999.9 -9999.9 -0.0621999986 37.2971992493 -999.999 3678
MKN 2023 01 31 22 00 00 124 1.7 59.03 0 661.2 1.63 -99.9 -99.9 -99.9 -9999.9 -9999.9 -0.0621999986 37.2971992493 -999.999 3678
MKN 2023 01 31 23 00 00 113 2.6 65.12 0 660.8 0.9 -99.9 -99.9 -99.9 -9999.9 -9999.9 -0.0621999986 37.2971992493 -999.999 3678
MKN 2023 02 01 00 00 00 116 3.7 71.77 0 660.4 0.78 -99.9 -99.9 -99.9 -9999.9 -9999.9 -0.0621999986 37.2971992493 -999.999 3678
MKN 2023 02 01 01 00 00 138 3.2 66.62 0 660.3 0.45 -99.9 -99.9 -99.9 -9999.9 -9999.9 -0.0621999986 37.2971992493 -999.999 3678
MKN 2023 02 01 02 00 00 145 2.8 64.42 0 660.3 0.75 -99.9 -99.9 -99.9 -9999.9 -9999.9 -0.0621999986 37.2971992493 -999.999 3678
MKN 2023 02 01 03 00 00 139 2.2 60.97 0 660.6 0.6 -99.9 -99.9 -99.9 -9999.9 -9999.9 -0.0621999986 37.2971992493 -999.999 3678
MKN 2023 02 01 04 00 00 144 1.8 57.25 0 661 1.93 -99.9 -99.9 -99.9 -9999.9 -9999.9 -0.0621999986 37.2971992493 -999.999 3678
MKN 2023 02 01 05 00 00 132 1.6 46.65 0 661.7 7.4 -99.9 -99.9 -99.9 -9999.9 -9999.9 -0.0621999986 37.2971992493 -999.999 3678
MKN 2023 02 01 06 00 00 351 2 47 0 662.3 8.23 -99.9 -99.9 -99.9 -9999.9 -9999.9 -0.0621999986 37.2971992493 -999.999 3678
MKN 2023 02 01 07 00 00 348 2.2 50.12 0 662.5 9.1 -99.9 -99.9 -99.9 -9999.9 -9999.9 -0.0621999986 37.2971992493 -999.999 3678
MKN 2023 02 01 08 00 00 339 4 48.1 0 662.5 10.6 -99.9 -99.9 -99.9 -9999.9 -9999.9 -0.0621999986 37.2971992493 -999.999 3678
MKN 2023 02 01 09 00 00 336 5.2 48.83 0 662.4 11.22 -99.9 -99.9 -99.9 -9999.9 -9999.9 -0.0621999986 37.2971992493 -999.999 3678
MKN 2023 02 01 10 00 00 338 4.6 58.03 0 662.2 9.45 -99.9 -99.9 -99.9 -9999.9 -9999.9 -0.0621999986 37.2971992493 -999.999 3678
MKN 2023 02 01 11 00 00 315 3.7 58.97 0 661.9 10.05 -99.9 -99.9 -99.9 -9999.9 -9999.9 -0.0621999986 37.2971992493 -999.999 3678
MKN 2023 02 01 12 00 00 353 3.8 65.23 0 661.5 9.5 -99.9 -99.9 -99.9 -9999.9 -9999.9 -0.0621999986 37.2971992493 -999.999 3678
MKN 2023 02 01 13 00 00 20 4.2 64.77 0 661.1 9.38 -99.9 -99.9 -99.9 -9999.9 -9999.9 -0.0621999986 37.2971992493 -999.999 3678
MKN 2023 02 01 14 00 00 27 4.7 69.22 0 661 8.53 -99.9 -99.9 -99.9 -9999.9 -9999.9 -0.0621999986 37.2971992493 -999.999 3678
MKN 2023 02 01 15 00 00 42 6 78.87 0 661.1 7.48 -99.9 -99.9 -99.9 -9999.9 -9999.9 -0.0621999986 37.2971992493 -999.999 3678
MKN 2023 02 01 16 00 00 103 4.5 84.95 0 661.2 4.92 -99.9 -99.9 -99.9 -9999.9 -9999.9 -0.0621999986 37.2971992493 -999.999 3678
MKN 2023 02 01 17 00 00 171 4.6 74.8 0 661.3 5.1 -99.9 -99.9 -99.9 -9999.9 -9999.9 -0.0621999986 37.2971992493 -999.999 3678
MKN 2023 02 01 18 00 00 199 4.4 76.53 0 661.8 4.52 -99.9 -99.9 -99.9 -9999.9 -9999.9 -0.0621999986 37.2971992493 -999.999 3678
MKN 2023 02 01 19 00 00 198 4.2 73.52 0 662.1 4.63 -99.9 -99.9 -99.9 -9999.9 -9999.9 -0.0621999986 37.2971992493 -999.999 3678
MKN 2023 02 01 20 00 00 227 2.7 69.02 0 662.2 4.67 -99.9 -99.9 -99.9 -9999.9 -9999.9 -0.0621999986 37.2971992493 -999.999 3678
MKN 2023 02 01 21 00 00 216 3.1 74.65 0 662.2 3.85 -99.9 -99.9 -99.9 -9999.9 -9999.9 -0.0621999986 37.2971992493 -999.999 3678
MKN 2023 02 01 22 00 00 236 2 88.9 0 661.9 3.32 -99.9 -99.9 -99.9 -9999.9 -9999.9 -0.0621999986 37.2971992493 -999.999 3678
MKN 2023 02 01 23 00 00 214 1.7 67.17 0 661.5 3.22 -99.9 -99.9 -99.9 -9999.9 -9999.9 -0.0621999986 37.2971992493 -999.999 3678
MKN 2023 02 02 00 00 00 189 2.5 69.15 0 661.2 3.23 -99.9 -99.9 -99.9 -9999.9 -9999.9 -0.0621999986 37.2971992493 -999.999 3678
MKN 2023 02 02 01 00 00 180 1.1 70.72 0 661.1 2.55 -99.9 -99.9 -99.9 -9999.9 -9999.9 -0.0621999986 37.2971992493 -999.999 3678
MKN 2023 02 02 02 00 00 115 1.6 68.72 0 661.1 3.13 -99.9 -99.9 -99.9 -9999.9 -9999.9 -0.0621999986 37.2971992493 -999.999 3678
MKN 2023 02 02 03 00 00 135 1.1 75.32 0 661.3 1.23 -99.9 -99.9 -99.9 -9999.9 -9999.9 -0.0621999986 37.2971992493 -999.999 3678
MKN 2023 02 02 04 00 00 128 2.9 33.55 0 661.4 1.73 -99.9 -99.9 -99.9 -9999.9 -9999.9 -0.0621999986 37.2971992493 -999.999 3678
MKN 2023 02 02 05 00 00 116 4.8 18.9 0 661.8 8.93 -99.9 -99.9 -99.9 -9999.9 -9999.9 -0.0621999986 37.2971992493 -999.999 3678
MKN 2023 02 02 06 00 00 53 4.1 50.98 0 662.3 9.2 -99.9 -99.9 -99.9 -9999.9 -9999.9 -0.0621999986 37.2971992493 -999.999 3678
MKN 2023 02 02 07 00 00 18 5.6 56.87 0 662.6 9.85 -99.9 -99.9 -99.9 -9999.9 -9999.9 -0.0621999986 37.2971992493 -999.999 3678
MKN 2023 02 02 08 00 00 18 7 39.9 0 662.5 11.27 -99.9 -99.9 -99.9 -9999.9 -9999.9 -0.0621999986 37.2971992493 -999.999 3678
MKN 2023 02 02 09 00 00 25 7.6 36.4 0 662.3 12.13 -99.9 -99.9 -99.9 -9999.9 -9999.9 -0.0621999986 37.2971992493 -999.999 3678
MKN 2023 02 02 10 00 00 29 10.5 30.53 0 661.8 12.7 -99.9 -99.9 -99.9 -9999.9 -9999.9 -0.0621999986 37.2971992493 -999.999 3678
MKN 2023 02 02 11 00 00 38 9.5 30.9 0 661.5 12.1 -99.9 -99.9 -99.9 -9999.9 -9999.9 -0.0621999986 37.2971992493 -999.999 3678
MKN 2023 02 02 12 00 00 43 9 30.88 0 661.1 12.37 -99.9 -99.9 -99.9 -9999.9 -9999.9 -0.0621999986 37.2971992493 -999.999 3678
MKN 2023 02 02 13 00 00 57 8.5 31.42 0 660.9 11.4 -99.9 -99.9 -99.9 -9999.9 -9999.9 -0.0621999986 37.2971992493 -999.999 3678
MKN 2023 02 02 14 00 00 80 8.1 39.98 0 660.8 10.57 -99.9 -99.9 -99.9 -9999.9 -9999.9 -0.0621999986 37.2971992493 -999.999 3678
MKN 2023 02 02 15 00 00 69 7.2 60.5 0 661 8.2 -99.9 -99.9 -99.9 -9999.9 -9999.9 -0.0621999986 37.2971992493 -999.999 3678
MKN 2023 02 02 16 00 00 102 8.2 69.88 0 661.1 5.53 -99.9 -99.9 -99.9 -9999.9 -9999.9 -0.0621999986 37.2971992493 -999.999 3678
MKN 2023 02 02 17 00 00 134 7.8 26.37 0 661.4 6.03 -99.9 -99.9 -99.9 -9999.9 -9999.9 -0.0621999986 37.2971992493 -999.999 3678
MKN 2023 02 02 18 00 00 138 7.1 12.55 0 661.9 5.8 -99.9 -99.9 -99.9 -9999.9 -9999.9 -0.0621999986 37.2971992493 -999.999 3678
MKN 2023 02 02 19 00 00 136 6.7 10.83 0 662.3 5.38 -99.9 -99.9 -99.9 -9999.9 -9999.9 -0.0621999986 37.2971992493 -999.999 3678
MKN 2023 02 02 20 00 00 136 6.8 10.23 0 662.5 5.45 -99.9 -99.9 -99.9 -9999.9 -9999.9 -0.0621999986 37.2971992493 -999.999 3678
MKN 2023 02 02 21 00 00 128 7.5 11.83 0 662.4 3.85 -99.9 -99.9 -99.9 -9999.9 -9999.9 -0.0621999986 37.2971992493 -999.999 3678
MKN 2023 02 02 22 00 00 117 6.2 15.3 0 662.3 2.45 -99.9 -99.9 -99.9 -9999.9 -9999.9 -0.0621999986 37.2971992493 -999.999 3678
MKN 2023 02 02 23 00 00 133 7.4 11.75 0 661.9 2.15 -99.9 -99.9 -99.9 -9999.9 -9999.9 -0.0621999986 37.2971992493 -999.999 3678
MKN 2023 02 03 00 00 00 139 6.2 11.53 0 661.4 1.87 -99.9 -99.9 -99.9 -9999.9 -9999.9 -0.0621999986 37.2971992493 -999.999 3678
MKN 2023 02 03 01 00 00 137 7.3 9.83 0 661.2 3.1 -99.9 -99.9 -99.9 -9999.9 -9999.9 -0.0621999986 37.2971992493 -999.999 3678
MKN 2023 02 03 02 00 00 134 8.6 9.68 0 661 3.62 -99.9 -99.9 -99.9 -9999.9 -9999.9 -0.0621999986 37.2971992493 -999.999 3678
MKN 2023 02 03 03 00 00 127 10.7 9.98 0 661 3.68 -99.9 -99.9 -99.9 -9999.9 -9999.9 -0.0621999986 37.2971992493 -999.999 3678
MKN 2023 02 03 04 00 00 127 11.8 9.05 0 660.9 5.25 -99.9 -99.9 -99.9 -9999.9 -9999.9 -0.0621999986 37.2971992493 -999.999 3678
MKN 2023 02 03 05 00 00 121 12.6 11.3 0 661.3 7.72 -99.9 -99.9 -99.9 -9999.9 -9999.9 -0.0621999986 37.2971992493 -999.999 3678
MKN 2023 02 03 06 00 00 111 12.4 12.5 0 662 9.77 -99.9 -99.9 -99.9 -9999.9 -9999.9 -0.0621999986 37.2971992493 -999.999 3678
MKN 2023 02 03 07 00 00 100 12.4 12.18 0 662.4 10.78 -99.9 -99.9 -99.9 -9999.9 -9999.9 -0.0621999986 37.2971992493 -999.999 3678
MKN 2023 02 03 08 00 00 92 12.6 12.72 0 662.5 10.98 -99.9 -99.9 -99.9 -9999.9 -9999.9 -0.0621999986 37.2971992493 -999.999 3678
MKN 2023 02 03 09 00 00 83 11.8 17.55 0 662.3 11.53 -99.9 -99.9 -99.9 -9999.9 -9999.9 -0.0621999986 37.2971992493 -999.999 3678
MKN 2023 02 03 10 00 00 79 8.3 28.08 0 662.2 11.98 -99.9 -99.9 -99.9 -9999.9 -9999.9 -0.0621999986 37.2971992493 -999.999 3678
MKN 2023 02 03 11 00 00 75 6.5 25.9 0 661.8 12.28 -99.9 -99.9 -99.9 -9999.9 -9999.9 -0.0621999986 37.2971992493 -999.999 3678
MKN 2023 02 03 12 00 00 71 6.9 25.47 0 661.3 12.47 -99.9 -99.9 -99.9 -9999.9 -9999.9 -0.0621999986 37.2971992493 -999.999 3678
MKN 2023 02 03 13 00 00 80 8.4 44.2 0 660.9 9.62 -99.9 -99.9 -99.9 -9999.9 -9999.9 -0.0621999986 37.2971992493 -999.999 3678
MKN 2023 02 03 14 00 00 75 7.4 56.27 0 660.9 8.45 -99.9 -99.9 -99.9 -9999.9 -9999.9 -0.0621999986 37.2971992493 -999.999 3678
MKN 2023 02 03 15 00 00 88 7.2 72.93 0 661.2 6.87 -99.9 -99.9 -99.9 -9999.9 -9999.9 -0.0621999986 37.2971992493 -999.999 3678
MKN 2023 02 03 16 00 00 111 8 83.43 0 661.3 5.47 -99.9 -99.9 -99.9 -9999.9 -9999.9 -0.0621999986 37.2971992493 -999.999 3678
MKN 2023 02 03 17 00 00 137 8 79.18 0 661.5 4.63 -99.9 -99.9 -99.9 -9999.9 -9999.9 -0.0621999986 37.2971992493 -999.999 3678
MKN 2023 02 03 18 00 00 157 6.6 62.85 0 661.8 4.18 -99.9 -99.9 -99.9 -9999.9 -9999.9 -0.0621999986 37.2971992493 -999.999 3678
MKN 2023 02 03 19 00 00 197 2.2 32.93 0 662.2 3.63 -99.9 -99.9 -99.9 -9999.9 -9999.9 -0.0621999986 37.2971992493 -999.999 3678
MKN 2023 02 03 20 00 00 128 5.5 17.72 0 662.2 3.42 -99.9 -99.9 -99.9 -9999.9 -9999.9 -0.0621999986 37.2971992493 -999.999 3678
MKN 2023 02 03 21 00 00 137 6.5 13.13 0 662.2 2.65 -99.9 -99.9 -99.9 -9999.9 -9999.9 -0.0621999986 37.2971992493 -999.999 3678
MKN 2023 02 03 22 00 00 138 6.2 12.03 0 661.8 2.43 -99.9 -99.9 -99.9 -9999.9 -9999.9 -0.0621999986 37.2971992493 -999.999 3678
MKN 2023 02 03 23 00 00 142 3.7 12.72 0 661.4 2.75 -99.9 -99.9 -99.9 -9999.9 -9999.9 -0.0621999986 37.2971992493 -999.999 3678
MKN 2023 02 04 00 00 00 131 6.7 28 0 660.8 3.43 -99.9 -99.9 -99.9 -9999.9 -9999.9 -0.0621999986 37.2971992493 -999.999 3678
MKN 2023 02 04 01 00 00 122 8 27.03 0 660.8 3.4 -99.9 -99.9 -99.9 -9999.9 -9999.9 -0.0621999986 37.2971992493 -999.999 3678
MKN 2023 02 04 02 00 00 109 9.7 51.48 0 660.9 3.38 -99.9 -99.9 -99.9 -9999.9 -9999.9 -0.0621999986 37.2971992493 -999.999 3678
MKN 2023 02 04 03 00 00 125 8.7 55.68 0 661.1 3.48 -99.9 -99.9 -99.9 -9999.9 -9999.9 -0.0621999986 37.2971992493 -999.999 3678
MKN 2023 02 04 04 00 00 130 8 48.23 0 661.3 4.27 -99.9 -99.9 -99.9 -9999.9 -9999.9 -0.0621999986 37.2971992493 -999.999 3678
MKN 2023 02 04 05 00 00 115 9.6 34.93 0 661.7 6.83 -99.9 -99.9 -99.9 -9999.9 -9999.9 -0.0621999986 37.2971992493 -999.999 3678
MKN 2023 02 04 06 00 00 78 11 28.05 0 662.2 8.77 -99.9 -99.9 -99.9 -9999.9 -9999.9 -0.0621999986 37.2971992493 -999.999 3678
MKN 2023 02 04 07 00 00 70 12.3 24.93 0 662.3 9.78 -99.9 -99.9 -99.9 -9999.9 -9999.9 -0.0621999986 37.2971992493 -999.999 3678
MKN 2023 02 04 08 00 00 68 11 27.87 0 662.4 10.75 -99.9 -99.9 -99.9 -9999.9 -9999.9 -0.0621999986 37.2971992493 -999.999 3678
MKN 2023 02 04 09 00 00 67 10 30.42 0 662.1 11.4 -99.9 -99.9 -99.9 -9999.9 -9999.9 -0.0621999986 37.2971992493 -999.999 3678
MKN 2023 02 04 10 00 00 60 9.8 28.78 0 661.5 12.43 -99.9 -99.9 -99.9 -9999.9 -9999.9 -0.0621999986 37.2971992493 -999.999 3678
MKN 2023 02 04 11 00 00 62 10.4 35.57 0 660.8 12.53 -99.9 -99.9 -99.9 -9999.9 -9999.9 -0.0621999986 37.2971992493 -999.999 3678
MKN 2023 02 04 12 00 00 58 9.6 43.87 0 660.2 11.5 -99.9 -99.9 -99.9 -9999.9 -9999.9 -0.0621999986 37.2971992493 -999.999 3678
MKN 2023 02 04 13 00 00 46 9.2 55.12 0 660 9.77 -99.9 -99.9 -99.9 -9999.9 -9999.9 -0.0621999986 37.2971992493 -999.999 3678
MKN 2023 02 04 14 00 00 53 8.6 59.33 0 660 9.38 -99.9 -99.9 -99.9 -9999.9 -9999.9 -0.0621999986 37.2971992493 -999.999 3678
MKN 2023 02 04 15 00 00 65 7 69.9 0 660.2 7.87 -99.9 -99.9 -99.9 -9999.9 -9999.9 -0.0621999986 37.2971992493 -999.999 3678
MKN 2023 02 04 16 00 00 79 6.6 84.93 0 660.4 5.37 -99.9 -99.9 -99.9 -9999.9 -9999.9 -0.0621999986 37.2971992493 -999.999 3678
MKN 2023 02 04 17 00 00 122 7.6 67.17 0 660.4 5.3 -99.9 -99.9 -99.9 -9999.9 -9999.9 -0.0621999986 37.2971992493 -999.999 3678
MKN 2023 02 04 18 00 00 126 5.2 55.78 0 660.8 3.32 -99.9 -99.9 -99.9 -9999.9 -9999.9 -0.0621999986 37.2971992493 -999.999 3678
MKN 2023 02 04 19 00 00 123 3.2 57.93 0 661.2 2.92 -99.9 -99.9 -99.9 -9999.9 -9999.9 -0.0621999986 37.2971992493 -999.999 3678
MKN 2023 02 04 20 00 00 120 2.5 68.13 0 661.5 2.9 -99.9 -99.9 -99.9 -9999.9 -9999.9 -0.0621999986 37.2971992493 -999.999 3678
MKN 2023 02 04 21 00 00 180 1.9 68.7 0 661.2 3.32 -99.9 -99.9 -99.9 -9999.9 -9999.9 -0.0621999986 37.2971992493 -999.999 3678
MKN 2023 02 04 22 00 00 175 2.6 69.6 0 660.8 2.53 -99.9 -99.9 -99.9 -9999.9 -9999.9 -0.0621999986 37.2971992493 -999.999 3678
MKN 2023 02 04 23 00 00 120 1.4 66.2 0 660.4 1.6 -99.9 -99.9 -99.9 -9999.9 -9999.9 -0.0621999986 37.2971992493 -999.999 3678
MKN 2023 02 05 00 00 00 129 5.2 45.77 0 659.9 1.98 -99.9 -99.9 -99.9 -9999.9 -9999.9 -0.0621999986 37.2971992493 -999.999 3678
MKN 2023 02 05 01 00 00 122 8.8 55.38 0 659.5 2.97 -99.9 -99.9 -99.9 -9999.9 -9999.9 -0.0621999986 37.2971992493 -999.999 3678
MKN 2023 02 05 02 00 00 129 8.2 37.92 0 659.7 2.82 -99.9 -99.9 -99.9 -9999.9 -9999.9 -0.0621999986 37.2971992493 -999.999 3678
MKN 2023 02 05 03 00 00 111 8.2 29.78 0 660 3.4 -99.9 -99.9 -99.9 -9999.9 -9999.9 -0.0621999986 37.2971992493 -999.999 3678
MKN 2023 02 05 04 00 00 99 10.2 29.97 0 660.3 5.25 -99.9 -99.9 -99.9 -9999.9 -9999.9 -0.0621999986 37.2971992493 -999.999 3678
MKN 2023 02 05 05 00 00 79 10.2 35.78 0 660.8 7.5 -99.9 -99.9 -99.9 -9999.9 -9999.9 -0.0621999986 37.2971992493 -999.999 3678
MKN 2023 02 05 06 00 00 76 10.1 35.7 0 661.2 9.12 -99.9 -99.9 -99.9 -9999.9 -9999.9 -0.0621999986 37.2971992493 -999.999 3678
MKN 2023 02 05 07 00 00 68 10.4 36.4 0 661.4 9.9 -99.9 -99.9 -99.9 -9999.9 -9999.9 -0.0621999986 37.2971992493 -999.999 3678
MKN 2023 02 05 08 00 00 68 8.8 37.48 0 661.4 10.77 -99.9 -99.9 -99.9 -9999.9 -9999.9 -0.0621999986 37.2971992493 -999.999 3678
MKN 2023 02 05 09 00 00 61 8.2 40.52 0 661.1 11.13 -99.9 -99.9 -99.9 -9999.9 -9999.9 -0.0621999986 37.2971992493 -999.999 3678
MKN 2023 02 05 10 00 00 40 9.1 40.08 0 660.5 11.72 -99.9 -99.9 -99.9 -9999.9 -9999.9 -0.0621999986 37.2971992493 -999.999 3678
MKN 2023 02 05 11 00 00 41 8 44.2 0 660.1 11.47 -99.9 -99.9 -99.9 -9999.9 -9999.9 -0.0621999986 37.2971992493 -999.999 3678
MKN 2023 02 05 12 00 00 40 9.3 42.48 0 659.7 11.17 -99.9 -99.9 -99.9 -9999.9 -9999.9 -0.0621999986 37.2971992493 -999.999 3678
MKN 2023 02 05 13 00 00 37 8.1 44.17 0 659.5 10.23 -99.9 -99.9 -99.9 -9999.9 -9999.9 -0.0621999986 37.2971992493 -999.999 3678
MKN 2023 02 05 14 00 00 43 7.4 44.6 0 659.7 9.68 -99.9 -99.9 -99.9 -9999.9 -9999.9 -0.0621999986 37.2971992493 -999.999 3678
MKN 2023 02 05 15 00 00 65 7 54.52 0 659.8 7.57 -99.9 -99.9 -99.9 -9999.9 -9999.9 -0.0621999986 37.2971992493 -999.999 3678
MKN 2023 02 05 16 00 00 93 5.3 78.4 0 660.3 4.25 -99.9 -99.9 -99.9 -9999.9 -9999.9 -0.0621999986 37.2971992493 -999.999 3678
MKN 2023 02 05 17 00 00 131 6.6 51.95 0 660.6 3.92 -99.9 -99.9 -99.9 -9999.9 -9999.9 -0.0621999986 37.2971992493 -999.999 3678
MKN 2023 02 05 18 00 00 130 5.9 30.08 0 660.9 4.12 -99.9 -99.9 -99.9 -9999.9 -9999.9 -0.0621999986 37.2971992493 -999.999 3678
MKN 2023 02 05 19 00 00 126 5.7 21.13 0 661.3 4.52 -99.9 -99.9 -99.9 -9999.9 -9999.9 -0.0621999986 37.2971992493 -999.999 3678
MKN 2023 02 05 20 00 00 115 6.6 26.12 0 661.5 4.4 -99.9 -99.9 -99.9 -9999.9 -9999.9 -0.0621999986 37.2971992493 -999.999 3678
MKN 2023 02 05 21 00 00 123 5.9 17.3 0 661.5 4.88 -99.9 -99.9 -99.9 -9999.9 -9999.9 -0.0621999986 37.2971992493 -999.999 3678
MKN 2023 02 05 22 00 00 118 5.1 13.95 0 661.2 4.7 -99.9 -99.9 -99.9 -9999.9 -9999.9 -0.0621999986 37.2971992493 -999.999 3678
MKN 2023 02 05 23 00 00 116 6.4 13.5 0 660.7 4.63 -99.9 -99.9 -99.9 -9999.9 -9999.9 -0.0621999986 37.2971992493 -999.999 3678
MKN 2023 02 06 00 00 00 122 7.2 18.58 0 660.1 3.85 -99.9 -99.9 -99.9 -9999.9 -9999.9 -0.0621999986 37.2971992493 -999.999 3678
MKN 2023 02 06 01 00 00 121 8.3 34.83 0 659.9 3.32 -99.9 -99.9 -99.9 -9999.9 -9999.9 -0.0621999986 37.2971992493 -999.999 3678
MKN 2023 02 06 02 00 00 115 7.7 21.27 0 659.8 4.27 -99.9 -99.9 -99.9 -9999.9 -9999.9 -0.0621999986 37.2971992493 -999.999 3678
MKN 2023 02 06 03 00 00 108 8.2 29.73 0 660 3.92 -99.9 -99.9 -99.9 -9999.9 -9999.9 -0.0621999986 37.2971992493 -999.999 3678
MKN 2023 02 06 04 00 00 114 8 33.92 0 660.2 4.65 -99.9 -99.9 -99.9 -9999.9 -9999.9 -0.0621999986 37.2971992493 -999.999 3678
MKN 2023 02 06 05 00 00 86 8.3 29.37 0 660.8 7.13 -99.9 -99.9 -99.9 -9999.9 -9999.9 -0.0621999986 37.2971992493 -999.999 3678
MKN 2023 02 06 06 00 00 70 10.3 20.15 0 661.3 9.03 -99.9 -99.9 -99.9 -9999.9 -9999.9 -0.0621999986 37.2971992493 -999.999 3678
MKN 2023 02 06 07 00 00 65 10.1 25.42 0 661.6 10.07 -99.9 -99.9 -99.9 -9999.9 -9999.9 -0.0621999986 37.2971992493 -999.999 3678
MKN 2023 02 06 08 00 00 51 10.5 33.28 0 661.6 10.52 -99.9 -99.9 -99.9 -9999.9 -9999.9 -0.0621999986 37.2971992493 -999.999 3678
MKN 2023 02 06 09 00 00 51 7.9 33.53 0 661.5 11.13 -99.9 -99.9 -99.9 -9999.9 -9999.9 -0.0621999986 37.2971992493 -999.999 3678
MKN 2023 02 06 10 00 00 44 6 29.98 0 660.9 11.35 -99.9 -99.9 -99.9 -9999.9 -9999.9 -0.0621999986 37.2971992493 -999.999 3678
MKN 2023 02 06 11 00 00 37 7.3 39.72 0 660.3 11.28 -99.9 -99.9 -99.9 -9999.9 -9999.9 -0.0621999986 37.2971992493 -999.999 3678
MKN 2023 02 06 12 00 00 25 7 40.85 0 660 10.57 -99.9 -99.9 -99.9 -9999.9 -9999.9 -0.0621999986 37.2971992493 -999.999 3678
MKN 2023 02 06 13 00 00 13 6.6 48.3 0 659.8 9.55 -99.9 -99.9 -99.9 -9999.9 -9999.9 -0.0621999986 37.2971992493 -999.999 3678
MKN 2023 02 06 14 00 00 39 5.1 51.15 0 659.6 9.65 -99.9 -99.9 -99.9 -9999.9 -9999.9 -0.0621999986 37.2971992493 -999.999 3678
MKN 2023 02 06 15 00 00 42 5.3 61.72 0 659.7 8.02 -99.9 -99.9 -99.9 -9999.9 -9999.9 -0.0621999986 37.2971992493 -999.999 3678
MKN 2023 02 06 16 00 00 80 5.1 72.08 0 659.8 4.25 -99.9 -99.9 -99.9 -9999.9 -9999.9 -0.0621999986 37.2971992493 -999.999 3678
MKN 2023 02 06 17 00 00 149 3.6 59.2 0 660.2 4.58 -99.9 -99.9 -99.9 -9999.9 -9999.9 -0.0621999986 37.2971992493 -999.999 3678
MKN 2023 02 06 18 00 00 222 3 60.6 0 660.9 4.03 -99.9 -99.9 -99.9 -9999.9 -9999.9 -0.0621999986 37.2971992493 -999.999 3678
MKN 2023 02 06 19 00 00 213 3.3 63.35 0 661.2 4.23 -99.9 -99.9 -99.9 -9999.9 -9999.9 -0.0621999986 37.2971992493 -999.999 3678
MKN 2023 02 06 20 00 00 214 3.1 66.72 0 661.3 4.2 -99.9 -99.9 -99.9 -9999.9 -9999.9 -0.0621999986 37.2971992493 -999.999 3678
MKN 2023 02 06 21 00 00 195 2.3 66.02 0 661.2 4.63 -99.9 -99.9 -99.9 -9999.9 -9999.9 -0.0621999986 37.2971992493 -999.999 3678
MKN 2023 02 06 22 00 00 51 1 64.4 0 660.9 4.45 -99.9 -99.9 -99.9 -9999.9 -9999.9 -0.0621999986 37.2971992493 -999.999 3678
MKN 2023 02 06 23 00 00 77 0.9 72.57 0 660.6 3.5 -99.9 -99.9 -99.9 -9999.9 -9999.9 -0.0621999986 37.2971992493 -999.999 3678
MKN 2023 02 07 00 00 00 101 2.1 70.35 0 660.3 3.22 -99.9 -99.9 -99.9 -9999.9 -9999.9 -0.0621999986 37.2971992493 -999.999 3678
MKN 2023 02 07 01 00 00 101 3.1 73.85 0 660.1 3.35 -99.9 -99.9 -99.9 -9999.9 -9999.9 -0.0621999986 37.2971992493 -999.999 3678
MKN 2023 02 07 02 00 00 108 4.3 67.37 0 660.1 2.95 -99.9 -99.9 -99.9 -9999.9 -9999.9 -0.0621999986 37.2971992493 -999.999 3678
MKN 2023 02 07 03 00 00 120 3.4 61.8 0 660.3 2.47 -99.9 -99.9 -99.9 -9999.9 -9999.9 -0.0621999986 37.2971992493 -999.999 3678
MKN 2023 02 07 04 00 00 119 1.1 61.72 0 660.6 3.6 -99.9 -99.9 -99.9 -9999.9 -9999.9 -0.0621999986 37.2971992493 -999.999 3678
MKN 2023 02 07 05 00 00 114 2.3 44.83 0 661.1 8.1 -99.9 -99.9 -99.9 -9999.9 -9999.9 -0.0621999986 37.2971992493 -999.999 3678
MKN 2023 02 07 06 00 00 32 3.3 40.33 0 661.8 9.22 -99.9 -99.9 -99.9 -9999.9 -9999.9 -0.0621999986 37.2971992493 -999.999 3678
MKN 2023 02 07 07 00 00 23 4.6 41.38 0 661.9 9.6 -99.9 -99.9 -99.9 -9999.9 -9999.9 -0.0621999986 37.2971992493 -999.999 3678
MKN 2023 02 07 08 00 00 25 5.5 38.62 0 661.7 11.03 -99.9 -99.9 -99.9 -9999.9 -9999.9 -0.0621999986 37.2971992493 -999.999 3678
MKN 2023 02 07 09 00 00 16 6.9 40.6 0 661.2 10.58 -99.9 -99.9 -99.9 -9999.9 -9999.9 -0.0621999986 37.2971992493 -999.999 3678
MKN 2023 02 07 10 00 00 9 6 47.3 0 660.9 10.7 -99.9 -99.9 -99.9 -9999.9 -9999.9 -0.0621999986 37.2971992493 -999.999 3678
MKN 2023 02 07 11 00 00 7 6.1 55.28 0 660.3 9.88 -99.9 -99.9 -99.9 -9999.9 -9999.9 -0.0621999986 37.2971992493 -999.999 3678
MKN 2023 02 07 12 00 00 3 5.6 63.42 0 659.7 9.05 -99.9 -99.9 -99.9 -9999.9 -9999.9 -0.0621999986 37.2971992493 -999.999 3678
MKN 2023 02 07 13 00 00 3 4.4 66.63 0 659.4 9.53 -99.9 -99.9 -99.9 -9999.9 -9999.9 -0.0621999986 37.2971992493 -999.999 3678
MKN 2023 02 07 14 00 00 0 5.3 70.03 0 659.3 10.15 -99.9 -99.9 -99.9 -9999.9 -9999.9 -0.0621999986 37.2971992493 -999.999 3678
MKN 2023 02 07 15 00 00 14 6 75.52 0 659.4 8.1 -99.9 -99.9 -99.9 -9999.9 -9999.9 -0.0621999986 37.2971992493 -999.999 3678
MKN 2023 02 07 16 00 00 164 3 72.87 0 659.9 5.68 -99.9 -99.9 -99.9 -9999.9 -9999.9 -0.0621999986 37.2971992493 -999.999 3678
MKN 2023 02 07 17 00 00 214 3 69.87 0 660.3 5.07 -99.9 -99.9 -99.9 -9999.9 -9999.9 -0.0621999986 37.2971992493 -999.999 3678
MKN 2023 02 07 18 00 00 204 3.2 68.88 0 660.8 5.08 -99.9 -99.9 -99.9 -9999.9 -9999.9 -0.0621999986 37.2971992493 -999.999 3678
MKN 2023 02 07 19 00 00 213 2.8 74.43 0 661.4 5 -99.9 -99.9 -99.9 -9999.9 -9999.9 -0.0621999986 37.2971992493 -999.999 3678
MKN 2023 02 07 20 00 00 210 2.1 81.35 0 661.6 5.98 -99.9 -99.9 -99.9 -9999.9 -9999.9 -0.0621999986 37.2971992493 -999.999 3678
MKN 2023 02 07 21 00 00 236 1.3 86.6 0 661.7 5.02 -99.9 -99.9 -99.9 -9999.9 -9999.9 -0.0621999986 37.2971992493 -999.999 3678
MKN 2023 02 07 22 00 00 209 1.2 85.03 0 661.3 4.63 -99.9 -99.9 -99.9 -9999.9 -9999.9 -0.0621999986 37.2971992493 -999.999 3678
MKN 2023 02 07 23 00 00 111 1.4 78.8 0 660.9 4.22 -99.9 -99.9 -99.9 -9999.9 -9999.9 -0.0621999986 37.2971992493 -999.999 3678
MKN 2023 02 08 00 00 00 68 3.4 80.97 0 660.6 3.6 -99.9 -99.9 -99.9 -9999.9 -9999.9 -0.0621999986 37.2971992493 -999.999 3678
MKN 2023 02 08 01 00 00 109 3.9 80.13 0 660.4 3.23 -99.9 -99.9 -99.9 -9999.9 -9999.9 -0.0621999986 37.2971992493 -999.999 3678
MKN 2023 02 08 02 00 00 106 5.7 64.98 0 660.4 2.9 -99.9 -99.9 -99.9 -9999.9 -9999.9 -0.0621999986 37.2971992493 -999.999 3678
MKN 2023 02 08 03 00 00 117 4.8 59.62 0 660.7 3.08 -99.9 -99.9 -99.9 -9999.9 -9999.9 -0.0621999986 37.2971992493 -999.999 3678
MKN 2023 02 08 04 00 00 120 5.5 49.62 0 660.7 5.38 -99.9 -99.9 -99.9 -9999.9 -9999.9 -0.0621999986 37.2971992493 -999.999 3678
MKN 2023 02 08 05 00 00 98 7 46.53 0 661.1 8.37 -99.9 -99.9 -99.9 -9999.9 -9999.9 -0.0621999986 37.2971992493 -999.999 3678
MKN 2023 02 08 06 00 00 66 7.1 47.77 0 661.5 9.37 -99.9 -99.9 -99.9 -9999.9 -9999.9 -0.0621999986 37.2971992493 -999.999 3678
MKN 2023 02 08 07 00 00 53 7.4 46.35 0 661.8 10.18 -99.9 -99.9 -99.9 -9999.9 -9999.9 -0.0621999986 37.2971992493 -999.999 3678
MKN 2023 02 08 08 00 00 50 8.1 45.87 0 661.8 10.95 -99.9 -99.9 -99.9 -9999.9 -9999.9 -0.0621999986 37.2971992493 -999.999 3678
MKN 2023 02 08 09 00 00 44 9.2 43.73 0 661.5 11.82 -99.9 -99.9 -99.9 -9999.9 -9999.9 -0.0621999986 37.2971992493 -999.999 3678
MKN 2023 02 08 10 00 00 45 9.1 47.72 0 661.1 11.82 -99.9 -99.9 -99.9 -9999.9 -9999.9 -0.0621999986 37.2971992493 -999.999 3678
MKN 2023 02 08 11 00 00 29 8.9 51.52 0 660.6 11.58 -99.9 -99.9 -99.9 -9999.9 -9999.9 -0.0621999986 37.2971992493 -999.999 3678
MKN 2023 02 08 12 00 00 38 7.7 53.35 0 660.2 11.53 -99.9 -99.9 -99.9 -9999.9 -9999.9 -0.0621999986 37.2971992493 -999.999 3678
MKN 2023 02 08 13 00 00 28 7.6 56.58 0 659.9 10.6 -99.9 -99.9 -99.9 -9999.9 -9999.9 -0.0621999986 37.2971992493 -999.999 3678
MKN 2023 02 08 14 00 00 38 6.9 57.33 0 659.9 9.92 -99.9 -99.9 -99.9 -9999.9 -9999.9 -0.0621999986 37.2971992493 -999.999 3678
MKN 2023 02 08 15 00 00 58 6.9 62.68 0 660.1 7.22 -99.9 -99.9 -99.9 -9999.9 -9999.9 -0.0621999986 37.2971992493 -999.999 3678
MKN 2023 02 08 16 00 00 113 5.5 43.68 0 660.4 4.67 -99.9 -99.9 -99.9 -9999.9 -9999.9 -0.0621999986 37.2971992493 -999.999 3678
MKN 2023 02 08 17 00 00 116 3.7 33.83 0 660.8 4.97 -99.9 -99.9 -99.9 -9999.9 -9999.9 -0.0621999986 37.2971992493 -999.999 3678
MKN 2023 02 08 18 00 00 119 5 30.77 0 661 3.4 -99.9 -99.9 -99.9 -9999.9 -9999.9 -0.0621999986 37.2971992493 -999.999 3678
MKN 2023 02 08 19 00 00 138 2.7 36.52 0 661.4 3.17 -99.9 -99.9 -99.9 -9999.9 -9999.9 -0.0621999986 37.2971992493 -999.999 3678
MKN 2023 02 08 20 00 00 148 1.7 40.97 0 661.6 3 -99.9 -99.9 -99.9 -9999.9 -9999.9 -0.0621999986 37.2971992493 -999.999 3678
MKN 2023 02 08 21 00 00 176 1.6 32.8 0 661.5 4.13 -99.9 -99.9 -99.9 -9999.9 -9999.9 -0.0621999986 37.2971992493 -999.999 3678
MKN 2023 02 08 22 00 00 87 2 37.67 0 661.2 2.23 -99.9 -99.9 -99.9 -9999.9 -9999.9 -0.0621999986 37.2971992493 -999.999 3678
MKN 2023 02 08 23 00 00 117 2.7 36.33 0 660.6 1.83 -99.9 -99.9 -99.9 -9999.9 -9999.9 -0.0621999986 37.2971992493 -999.999 3678
MKN 2023 02 09 00 00 00 113 2.1 37.3 0 660.1 1.82 -99.9 -99.9 -99.9 -9999.9 -9999.9 -0.0621999986 37.2971992493 -999.999 3678
MKN 2023 02 09 01 00 00 112 2.5 33.62 0 659.9 2.4 -99.9 -99.9 -99.9 -9999.9 -9999.9 -0.0621999986 37.2971992493 -999.999 3678
MKN 2023 02 09 02 00 00 106 3.8 27.88 0 660.1 2.12 -99.9 -99.9 -99.9 -9999.9 -9999.9 -0.0621999986 37.2971992493 -999.999 3678
MKN 2023 02 09 03 00 00 148 1.6 30.43 0 660.6 2.27 -99.9 -99.9 -99.9 -9999.9 -9999.9 -0.0621999986 37.2971992493 -999.999 3678
MKN 2023 02 09 04 00 00 133 2.7 30.33 0 660.9 5.48 -99.9 -99.9 -99.9 -9999.9 -9999.9 -0.0621999986 37.2971992493 -999.999 3678
MKN 2023 02 09 05 00 00 124 3.9 28.88 0 661.3 9.92 -99.9 -99.9 -99.9 -9999.9 -9999.9 -0.0621999986 37.2971992493 -999.999 3678
MKN 2023 02 09 06 00 00 97 5 44.48 0 661.8 10.18 -99.9 -99.9 -99.9 -9999.9 -9999.9 -0.0621999986 37.2971992493 -999.999 3678
MKN 2023 02 09 07 00 00 325 3.9 69.72 0 662.2 9.13 -99.9 -99.9 -99.9 -9999.9 -9999.9 -0.0621999986 37.2971992493 -999.999 3678
MKN 2023 02 09 08 00 00 287 4.8 32.05 0 662.2 12.4 -99.9 -99.9 -99.9 -9999.9 -9999.9 -0.0621999986 37.2971992493 -999.999 3678
MKN 2023 02 09 09 00 00 74 8 37.18 0 661.8 12.87 -99.9 -99.9 -99.9 -9999.9 -9999.9 -0.0621999986 37.2971992493 -999.999 3678
MKN 2023 02 09 10 00 00 68 9.3 47.73 0 661.1 11.28 -99.9 -99.9 -99.9 -9999.9 -9999.9 -0.0621999986 37.2971992493 -999.999 3678
MKN 2023 02 09 11 00 00 50 5.3 69.5 0 660.9 8.9 -99.9 -99.9 -99.9 -9999.9 -9999.9 -0.0621999986 37.2971992493 -999.999 3678
MKN 2023 02 09 12 00 00 30 4.1 72.27 0 660.7 8.57 -99.9 -99.9 -99.9 -9999.9 -9999.9 -0.0621999986 37.2971992493 -999.999 3678
MKN 2023 02 09 13 00 00 68 5.6 85.43 0 660.3 7.52 -99.9 -99.9 -99.9 -9999.9 -9999.9 -0.0621999986 37.2971992493 -999.999 3678
MKN 2023 02 09 14 00 00 70 5.6 93.2 0 660.1 6.27 -99.9 -99.9 -99.9 -9999.9 -9999.9 -0.0621999986 37.2971992493 -999.999 3678
MKN 2023 02 09 15 00 00 112 5.8 92.37 0 660.3 5.47 -99.9 -99.9 -99.9 -9999.9 -9999.9 -0.0621999986 37.2971992493 -999.999 3678
MKN 2023 02 09 16 00 00 117 6 87.05 0 660.8 4.45 -99.9 -99.9 -99.9 -9999.9 -9999.9 -0.0621999986 37.2971992493 -999.999 3678
MKN 2023 02 09 17 00 00 134 6.7 81.6 0 661.2 4.05 -99.9 -99.9 -99.9 -9999.9 -9999.9 -0.0621999986 37.2971992493 -999.999 3678
MKN 2023 02 09 18 00 00 174 3.8 67.77 0 661.8 3.62 -99.9 -99.9 -99.9 -9999.9 -9999.9 -0.0621999986 37.2971992493 -999.999 3678
MKN 2023 02 09 19 00 00 133 6.3 46.77 0 662.1 3.12 -99.9 -99.9 -99.9 -9999.9 -9999.9 -0.0621999986 37.2971992493 -999.999 3678
MKN 2023 02 09 20 00 00 137 6 32.3 0 662.3 3.72 -99.9 -99.9 -99.9 -9999.9 -9999.9 -0.0621999986 37.2971992493 -999.999 3678
MKN 2023 02 09 21 00 00 124 5.9 24.88 0 662.2 5.15 -99.9 -99.9 -99.9 -9999.9 -9999.9 -0.0621999986 37.2971992493 -999.999 3678
MKN 2023 02 09 22 00 00 129 8 28.65 0 661.8 5.15 -99.9 -99.9 -99.9 -9999.9 -9999.9 -0.0621999986 37.2971992493 -999.999 3678
MKN 2023 02 09 23 00 00 131 8.2 28.42 0 661.3 5.3 -99.9 -99.9 -99.9 -9999.9 -9999.9 -0.0621999986 37.2971992493 -999.999 3678
MKN 2023 02 10 00 00 00 127 8.9 33.07 0 660.8 5.05 -99.9 -99.9 -99.9 -9999.9 -9999.9 -0.0621999986 37.2971992493 -999.999 3678
MKN 2023 02 10 01 00 00 124 8.9 31.67 0 660.6 5 -99.9 -99.9 -99.9 -9999.9 -9999.9 -0.0621999986 37.2971992493 -999.999 3678
MKN 2023 02 10 02 00 00 118 9.3 33.17 0 660.7 4.8 -99.9 -99.9 -99.9 -9999.9 -9999.9 -0.0621999986 37.2971992493 -999.999 3678
MKN 2023 02 10 03 00 00 123 8.8 31.53 0 660.9 4.9 -99.9 -99.9 -99.9 -9999.9 -9999.9 -0.0621999986 37.2971992493 -999.999 3678
MKN 2023 02 10 04 00 00 117 9 26.1 0 661 6.4 -99.9 -99.9 -99.9 -9999.9 -9999.9 -0.0621999986 37.2971992493 -999.999 3678
MKN 2023 02 10 05 00 00 103 9.1 25.22 0 661.6 8.52 -99.9 -99.9 -99.9 -9999.9 -9999.9 -0.0621999986 37.2971992493 -999.999 3678
MKN 2023 02 10 06 00 00 102 10.4 24.1 0 662.1 10.37 -99.9 -99.9 -99.9 -9999.9 -9999.9 -0.0621999986 37.2971992493 -999.999 3678
MKN 2023 02 10 07 00 00 86 9.3 24.2 0 662.5 11.63 -99.9 -99.9 -99.9 -9999.9 -9999.9 -0.0621999986 37.2971992493 -999.999 3678
MKN 2023 02 10 08 00 00 75 10.6 23.03 0 662.6 12.48 -99.9 -99.9 -99.9 -9999.9 -9999.9 -0.0621999986 37.2971992493 -999.999 3678
MKN 2023 02 10 09 00 00 87 9.5 26.17 0 662.5 12.53 -99.9 -99.9 -99.9 -9999.9 -9999.9 -0.0621999986 37.2971992493 -999.999 3678
MKN 2023 02 10 10 00 00 70 10.5 35.63 0 661.7 12.25 -99.9 -99.9 -99.9 -9999.9 -9999.9 -0.0621999986 37.2971992493 -999.999 3678
MKN 2023 02 10 11 00 00 61 10 46.48 0 661.2 10.55 -99.9 -99.9 -99.9 -9999.9 -9999.9 -0.0621999986 37.2971992493 -999.999 3678
MKN 2023 02 10 12 00 00 53 8.6 59.47 0 660.9 9.48 -99.9 -99.9 -99.9 -9999.9 -9999.9 -0.0621999986 37.2971992493 -999.999 3678
MKN 2023 02 10 13 00 00 60 8.1 67.48 0 660.6 8.25 -99.9 -99.9 -99.9 -9999.9 -9999.9 -0.0621999986 37.2971992493 -999.999 3678
MKN 2023 02 10 14 00 00 77 8.6 66.02 0 660.4 7.85 -99.9 -99.9 -99.9 -9999.9 -9999.9 -0.0621999986 37.2971992493 -999.999 3678
MKN 2023 02 10 15 00 00 80 7.1 75.45 0 660.7 6.9 -99.9 -99.9 -99.9 -9999.9 -9999.9 -0.0621999986 37.2971992493 -999.999 3678
MKN 2023 02 10 16 00 00 102 6.9 81.67 0 661 4.87 -99.9 -99.9 -99.9 -9999.9 -9999.9 -0.0621999986 37.2971992493 -999.999 3678
MKN 2023 02 10 17 00 00 144 7 71.88 0 661.4 4.75 -99.9 -99.9 -99.9 -9999.9 -9999.9 -0.0621999986 37.2971992493 -999.999 3678
MKN 2023 02 10 18 00 00 147 2.5 68.8 0 662.2 3.45 -99.9 -99.9 -99.9 -9999.9 -9999.9 -0.0621999986 37.2971992493 -999.999 3678
MKN 2023 02 10 19 00 00 134 3.9 50.35 0 662.8 3.65 -99.9 -99.9 -99.9 -9999.9 -9999.9 -0.0621999986 37.2971992493 -999.999 3678
MKN 2023 02 10 20 00 00 131 5.8 37.98 0 663 5.05 -99.9 -99.9 -99.9 -9999.9 -9999.9 -0.0621999986 37.2971992493 -999.999 3678
MKN 2023 02 10 21 00 00 130 7.5 34.3 0 662.9 5.02 -99.9 -99.9 -99.9 -9999.9 -9999.9 -0.0621999986 37.2971992493 -999.999 3678
MKN 2023 02 10 22 00 00 132 7.2 31.67 0 662.7 4.85 -99.9 -99.9 -99.9 -9999.9 -9999.9 -0.0621999986 37.2971992493 -999.999 3678
MKN 2023 02 10 23 00 00 130 7.6 27.8 0 662.1 5.37 -99.9 -99.9 -99.9 -9999.9 -9999.9 -0.0621999986 37.2971992493 -999.999 3678
MKN 2023 02 11 00 00 00 131 7.8 27.3 0 661.6 5.48 -99.9 -99.9 -99.9 -9999.9 -9999.9 -0.0621999986 37.2971992493 -999.999 3678
MKN 2023 02 11 01 00 00 135 7.8 36.78 0 661.4 5.57 -99.9 -99.9 -99.9 -9999.9 -9999.9 -0.0621999986 37.2971992493 -999.999 3678
MKN 2023 02 11 02 00 00 129 8 26.3 0 661.4 5.3 -99.9 -99.9 -99.9 -9999.9 -9999.9 -0.0621999986 37.2971992493 -999.999 3678
MKN 2023 02 11 03 00 00 138 9.5 19.1 0 661.7 4.85 -99.9 -99.9 -99.9 -9999.9 -9999.9 -0.0621999986 37.2971992493 -999.999 3678
MKN 2023 02 11 04 00 00 135 9.4 30.42 0 662.1 5.7 -99.9 -99.9 -99.9 -9999.9 -9999.9 -0.0621999986 37.2971992493 -999.999 3678
MKN 2023 02 11 05 00 00 127 10.5 30.3 0 662.3 8.65 -99.9 -99.9 -99.9 -9999.9 -9999.9 -0.0621999986 37.2971992493 -999.999 3678
MKN 2023 02 11 06 00 00 101 10.3 34.77 0 662.7 9.75 -99.9 -99.9 -99.9 -9999.9 -9999.9 -0.0621999986 37.2971992493 -999.999 3678
MKN 2023 02 11 07 00 00 102 9.9 43.25 0 662.9 10.23 -99.9 -99.9 -99.9 -9999.9 -9999.9 -0.0621999986 37.2971992493 -999.999 3678
MKN 2023 02 11 08 00 00 99 9.5 36.77 0 662.9 11.62 -99.9 -99.9 -99.9 -9999.9 -9999.9 -0.0621999986 37.2971992493 -999.999 3678
MKN 2023 02 11 09 00 00 89 9.7 33.08 0 662.6 12.47 -99.9 -99.9 -99.9 -9999.9 -9999.9 -0.0621999986 37.2971992493 -999.999 3678
MKN 2023 02 11 10 00 00 80 8.4 37.18 0 661.9 12.8 -99.9 -99.9 -99.9 -9999.9 -9999.9 -0.0621999986 37.2971992493 -999.999 3678
MKN 2023 02 11 11 00 00 66 9.1 52.57 0 661.2 12.3 -99.9 -99.9 -99.9 -9999.9 -9999.9 -0.0621999986 37.2971992493 -999.999 3678
MKN 2023 02 11 12 00 00 55 11.1 55.97 0 660.9 12.1 -99.9 -99.9 -99.9 -9999.9 -9999.9 -0.0621999986 37.2971992493 -999.999 3678
MKN 2023 02 11 13 00 00 79 8.9 53.23 0 660.6 12.47 -99.9 -99.9 -99.9 -9999.9 -9999.9 -0.0621999986 37.2971992493 -999.999 3678
MKN 2023 02 11 14 00 00 96 5.6 66.75 0 660.5 11.67 -99.9 -99.9 -99.9 -9999.9 -9999.9 -0.0621999986 37.2971992493 -999.999 3678
MKN 2023 02 11 15 00 00 263 6.3 72.53 0 660.7 9.4 -99.9 -99.9 -99.9 -9999.9 -9999.9 -0.0621999986 37.2971992493 -999.999 3678
MKN 2023 02 11 16 00 00 330 2.9 85.4 0 661.3 6.07 -99.9 -99.9 -99.9 -9999.9 -9999.9 -0.0621999986 37.2971992493 -999.999 3678
MKN 2023 02 11 17 00 00 132 6.6 59.18 0 661.6 4.67 -99.9 -99.9 -99.9 -9999.9 -9999.9 -0.0621999986 37.2971992493 -999.999 3678
MKN 2023 02 11 18 00 00 132 6.4 41.58 0 661.7 4.87 -99.9 -99.9 -99.9 -9999.9 -9999.9 -0.0621999986 37.2971992493 -999.999 3678
MKN 2023 02 11 19 00 00 132 7.6 41.5 0 662.1 4.62 -99.9 -99.9 -99.9 -9999.9 -9999.9 -0.0621999986 37.2971992493 -999.999 3678
MKN 2023 02 11 20 00 00 127 8.8 38.98 0 662.1 4.15 -99.9 -99.9 -99.9 -9999.9 -9999.9 -0.0621999986 37.2971992493 -999.999 3678
MKN 2023 02 11 21 00 00 132 9.1 44.53 0 662 4.4 -99.9 -99.9 -99.9 -9999.9 -9999.9 -0.0621999986 37.2971992493 -999.999 3678
MKN 2023 02 11 22 00 00 130 8.9 49.8 0 661.7 4.27 -99.9 -99.9 -99.9 -9999.9 -9999.9 -0.0621999986 37.2971992493 -999.999 3678
MKN 2023 02 11 23 00 00 131 8.4 45.4 0 661.1 3.25 -99.9 -99.9 -99.9 -9999.9 -9999.9 -0.0621999986 37.2971992493 -999.999 3678
MKN 2023 02 12 00 00 00 130 9.4 45.32 0 660.6 2.77 -99.9 -99.9 -99.9 -9999.9 -9999.9 -0.0621999986 37.2971992493 -999.999 3678
MKN 2023 02 12 01 00 00 127 9.7 49.55 0 660.5 2.87 -99.9 -99.9 -99.9 -9999.9 -9999.9 -0.0621999986 37.2971992493 -999.999 3678
MKN 2023 02 12 02 00 00 126 9.5 47.65 0 660.5 2.98 -99.9 -99.9 -99.9 -9999.9 -9999.9 -0.0621999986 37.2971992493 -999.999 3678
MKN 2023 02 12 03 00 00 119 8 41.2 0 660.8 3.27 -99.9 -99.9 -99.9 -9999.9 -9999.9 -0.0621999986 37.2971992493 -999.999 3678
MKN 2023 02 12 04 00 00 119 7.2 33.3 0 661.3 4.97 -99.9 -99.9 -99.9 -9999.9 -9999.9 -0.0621999986 37.2971992493 -999.999 3678
MKN 2023 02 12 05 00 00 113 6.3 27.55 0 661.9 7.83 -99.9 -99.9 -99.9 -9999.9 -9999.9 -0.0621999986 37.2971992493 -999.999 3678
MKN 2023 02 12 06 00 00 75 6 27.77 0 662.5 9.47 -99.9 -99.9 -99.9 -9999.9 -9999.9 -0.0621999986 37.2971992493 -999.999 3678
MKN 2023 02 12 07 00 00 66 6.2 27.1 0 662.7 10.68 -99.9 -99.9 -99.9 -9999.9 -9999.9 -0.0621999986 37.2971992493 -999.999 3678
MKN 2023 02 12 08 00 00 54 6.4 27.45 0 662.4 11.73 -99.9 -99.9 -99.9 -9999.9 -9999.9 -0.0621999986 37.2971992493 -999.999 3678
MKN 2023 02 12 09 00 00 64 7.1 26.68 0 662 12.22 -99.9 -99.9 -99.9 -9999.9 -9999.9 -0.0621999986 37.2971992493 -999.999 3678
MKN 2023 02 12 10 00 00 70 8.2 36.15 0 661.4 12.4 -99.9 -99.9 -99.9 -9999.9 -9999.9 -0.0621999986 37.2971992493 -999.999 3678
MKN 2023 02 12 11 00 00 65 9.4 34.58 0 660.8 12.12 -99.9 -99.9 -99.9 -9999.9 -9999.9 -0.0621999986 37.2971992493 -999.999 3678
MKN 2023 02 12 12 00 00 71 8.6 37.57 0 660.6 11.95 -99.9 -99.9 -99.9 -9999.9 -9999.9 -0.0621999986 37.2971992493 -999.999 3678
MKN 2023 02 12 13 00 00 76 9.4 55.18 0 660.5 10.47 -99.9 -99.9 -99.9 -9999.9 -9999.9 -0.0621999986 37.2971992493 -999.999 3678
MKN 2023 02 12 14 00 00 54 8.3 62.35 0 660.6 9.5 -99.9 -99.9 -99.9 -9999.9 -9999.9 -0.0621999986 37.2971992493 -999.999 3678
MKN 2023 02 12 15 00 00 61 6.7 74.5 0 660.6 6.22 -99.9 -99.9 -99.9 -9999.9 -9999.9 -0.0621999986 37.2971992493 -999.999 3678
MKN 2023 02 12 16 00 00 115 6.2 45.95 0 660.9 3.03 -99.9 -99.9 -99.9 -9999.9 -9999.9 -0.0621999986 37.2971992493 -999.999 3678
MKN 2023 02 12 17 00 00 160 6.3 21.8 0 661.2 1.88 -99.9 -99.9 -99.9 -9999.9 -9999.9 -0.0621999986 37.2971992493 -999.999 3678
MKN 2023 02 12 18 00 00 144 5.6 16.77 0 661.5 1.92 -99.9 -99.9 -99.9 -9999.9 -9999.9 -0.0621999986 37.2971992493 -999.999 3678
MKN 2023 02 12 19 00 00 140 6 18.93 0 661.9 1.9 -99.9 -99.9 -99.9 -9999.9 -9999.9 -0.0621999986 37.2971992493 -999.999 3678
MKN 2023 02 12 20 00 00 131 6.8 20.2 0 661.8 1.87 -99.9 -99.9 -99.9 -9999.9 -9999.9 -0.0621999986 37.2971992493 -999.999 3678
MKN 2023 02 12 21 00 00 132 7.1 25 0 661.7 2.43 -99.9 -99.9 -99.9 -9999.9 -9999.9 -0.0621999986 37.2971992493 -999.999 3678
MKN 2023 02 12 22 00 00 133 7.5 18.57 0 661.4 2.68 -99.9 -99.9 -99.9 -9999.9 -9999.9 -0.0621999986 37.2971992493 -999.999 3678
MKN 2023 02 12 23 00 00 129 8 15.65 0 660.9 3.02 -99.9 -99.9 -99.9 -9999.9 -9999.9 -0.0621999986 37.2971992493 -999.999 3678
MKN 2023 02 13 00 00 00 134 8.8 14.35 0 660.4 3.08 -99.9 -99.9 -99.9 -9999.9 -9999.9 -0.0621999986 37.2971992493 -999.999 3678
MKN 2023 02 13 01 00 00 132 9.1 14.5 0 660.2 3.03 -99.9 -99.9 -99.9 -9999.9 -9999.9 -0.0621999986 37.2971992493 -999.999 3678
MKN 2023 02 13 02 00 00 135 8.4 11.38 0 660.4 2.95 -99.9 -99.9 -99.9 -9999.9 -9999.9 -0.0621999986 37.2971992493 -999.999 3678
MKN 2023 02 13 03 00 00 135 8.5 10.97 0 660.7 2.82 -99.9 -99.9 -99.9 -9999.9 -9999.9 -0.0621999986 37.2971992493 -999.999 3678
MKN 2023 02 13 04 00 00 135 8.3 10.47 0 661 4.38 -99.9 -99.9 -99.9 -9999.9 -9999.9 -0.0621999986 37.2971992493 -999.999 3678
MKN 2023 02 13 05 00 00 130 7.2 11.65 0 661.5 8.22 -99.9 -99.9 -99.9 -9999.9 -9999.9 -0.0621999986 37.2971992493 -999.999 3678
MKN 2023 02 13 06 00 00 112 5.2 22.92 0 661.9 8.68 -99.9 -99.9 -99.9 -9999.9 -9999.9 -0.0621999986 37.2971992493 -999.999 3678
MKN 2023 02 13 07 00 00 291 4.3 39.37 0 662.3 9.57 -99.9 -99.9 -99.9 -9999.9 -9999.9 -0.0621999986 37.2971992493 -999.999 3678
MKN 2023 02 13 08 00 00 306 4.5 41.32 0 662.4 9.85 -99.9 -99.9 -99.9 -9999.9 -9999.9 -0.0621999986 37.2971992493 -999.999 3678
MKN 2023 02 13 09 00 00 295 6.2 40 0 662.1 11.5 -99.9 -99.9 -99.9 -9999.9 -9999.9 -0.0621999986 37.2971992493 -999.999 3678
MKN 2023 02 13 10 00 00 296 6.4 44 0 661.6 11.95 -99.9 -99.9 -99.9 -9999.9 -9999.9 -0.0621999986 37.2971992493 -999.999 3678
MKN 2023 02 13 11 00 00 11 7.1 44.55 0 661.1 12.28 -99.9 -99.9 -99.9 -9999.9 -9999.9 -0.0621999986 37.2971992493 -999.999 3678
MKN 2023 02 13 12 00 00 22 6.4 47.38 0 660.7 12.38 -99.9 -99.9 -99.9 -9999.9 -9999.9 -0.0621999986 37.2971992493 -999.999 3678
MKN 2023 02 13 13 00 00 29 7.3 58.45 0 660.4 10.43 -99.9 -99.9 -99.9 -9999.9 -9999.9 -0.0621999986 37.2971992493 -999.999 3678
MKN 2023 02 13 14 00 00 39 6.4 67.43 0 660.3 9.33 -99.9 -99.9 -99.9 -9999.9 -9999.9 -0.0621999986 37.2971992493 -999.999 3678
MKN 2023 02 13 15 00 00 39 5.8 81.78 0 660.4 7.23 -99.9 -99.9 -99.9 -9999.9 -9999.9 -0.0621999986 37.2971992493 -999.999 3678
MKN 2023 02 13 16 00 00 66 3.1 86.8 0 660.8 4.73 -99.9 -99.9 -99.9 -9999.9 -9999.9 -0.0621999986 37.2971992493 -999.999 3678
MKN 2023 02 13 17 00 00 192 1.9 67.23 0 661.2 3.82 -99.9 -99.9 -99.9 -9999.9 -9999.9 -0.0621999986 37.2971992493 -999.999 3678
MKN 2023 02 13 18 00 00 186 2.5 75.88 0 661.4 4.02 -99.9 -99.9 -99.9 -9999.9 -9999.9 -0.0621999986 37.2971992493 -999.999 3678
MKN 2023 02 13 19 00 00 105 2 83.57 0 661.8 3.15 -99.9 -99.9 -99.9 -9999.9 -9999.9 -0.0621999986 37.2971992493 -999.999 3678
MKN 2023 02 13 20 00 00 106 0.9 89.48 0 661.8 3.25 -99.9 -99.9 -99.9 -9999.9 -9999.9 -0.0621999986 37.2971992493 -999.999 3678
MKN 2023 02 13 21 00 00 237 2.5 93.38 0 661.7 3.02 -99.9 -99.9 -99.9 -9999.9 -9999.9 -0.0621999986 37.2971992493 -999.999 3678
MKN 2023 02 13 22 00 00 228 2.8 77.4 0 661.1 3.5 -99.9 -99.9 -99.9 -9999.9 -9999.9 -0.0621999986 37.2971992493 -999.999 3678
MKN 2023 02 13 23 00 00 215 2.3 48.53 0 660.6 3.65 -99.9 -99.9 -99.9 -9999.9 -9999.9 -0.0621999986 37.2971992493 -999.999 3678
MKN 2023 02 14 00 00 00 127 1.7 60.52 0 660.3 2.22 -99.9 -99.9 -99.9 -9999.9 -9999.9 -0.0621999986 37.2971992493 -999.999 3678
MKN 2023 02 14 01 00 00 83 2.1 45.83 0 660 3.33 -99.9 -99.9 -99.9 -9999.9 -9999.9 -0.0621999986 37.2971992493 -999.999 3678
MKN 2023 02 14 02 00 00 195 3.2 63.3 0 660.2 2.28 -99.9 -99.9 -99.9 -9999.9 -9999.9 -0.0621999986 37.2971992493 -999.999 3678
MKN 2023 02 14 03 00 00 236 2.4 52.85 0 660.5 4.1 -99.9 -99.9 -99.9 -9999.9 -9999.9 -0.0621999986 37.2971992493 -999.999 3678
MKN 2023 02 14 04 00 00 229 3.6 65.87 0 660.8 4.32 -99.9 -99.9 -99.9 -9999.9 -9999.9 -0.0621999986 37.2971992493 -999.999 3678
MKN 2023 02 14 05 00 00 230 2.8 56.7 0 661.3 6.65 -99.9 -99.9 -99.9 -9999.9 -9999.9 -0.0621999986 37.2971992493 -999.999 3678
MKN 2023 02 14 06 00 00 294 2.4 48.72 0 661.8 8.38 -99.9 -99.9 -99.9 -9999.9 -9999.9 -0.0621999986 37.2971992493 -999.999 3678
MKN 2023 02 14 07 00 00 312 3.3 52.7 0 662 9.07 -99.9 -99.9 -99.9 -9999.9 -9999.9 -0.0621999986 37.2971992493 -999.999 3678
MKN 2023 02 14 08 00 00 320 3.8 50.4 0 661.9 10.1 -99.9 -99.9 -99.9 -9999.9 -9999.9 -0.0621999986 37.2971992493 -999.999 3678
MKN 2023 02 14 09 00 00 310 4.8 49.82 0 661.6 10.82 -99.9 -99.9 -99.9 -9999.9 -9999.9 -0.0621999986 37.2971992493 -999.999 3678
MKN 2023 02 14 10 00 00 287 5.4 52.82 0 661.2 10.75 -99.9 -99.9 -99.9 -9999.9 -9999.9 -0.0621999986 37.2971992493 -999.999 3678
MKN 2023 02 14 11 00 00 276 6.3 59 0 660.6 10.28 -99.9 -99.9 -99.9 -9999.9 -9999.9 -0.0621999986 37.2971992493 -999.999 3678
MKN 2023 02 14 12 00 00 314 3.7 58.83 0 660 10.2 -99.9 -99.9 -99.9 -9999.9 -9999.9 -0.0621999986 37.2971992493 -999.999 3678
MKN 2023 02 14 13 00 00 277 6.5 62.27 0 659.6 10.63 -99.9 -99.9 -99.9 -9999.9 -9999.9 -0.0621999986 37.2971992493 -999.999 3678
MKN 2023 02 14 14 00 00 306 4.5 74.73 0 659.4 9.45 -99.9 -99.9 -99.9 -9999.9 -9999.9 -0.0621999986 37.2971992493 -999.999 3678
MKN 2023 02 14 15 00 00 279 3.3 82.47 0 659.7 8.02 -99.9 -99.9 -99.9 -9999.9 -9999.9 -0.0621999986 37.2971992493 -999.999 3678
MKN 2023 02 14 16 00 00 268 3.4 91.85 0 659.9 6.48 -99.9 -99.9 -99.9 -9999.9 -9999.9 -0.0621999986 37.2971992493 -999.999 3678
MKN 2023 02 14 17 00 00 232 2.6 78.83 0 660.4 4.37 -99.9 -99.9 -99.9 -9999.9 -9999.9 -0.0621999986 37.2971992493 -999.999 3678
MKN 2023 02 14 18 00 00 195 1.6 58.48 0 660.7 2.62 -99.9 -99.9 -99.9 -9999.9 -9999.9 -0.0621999986 37.2971992493 -999.999 3678
MKN 2023 02 14 19 00 00 161 2.3 48.15 0 660.9 4.7 -99.9 -99.9 -99.9 -9999.9 -9999.9 -0.0621999986 37.2971992493 -999.999 3678
MKN 2023 02 14 20 00 00 191 3.3 40.45 0 661 6 -99.9 -99.9 -99.9 -9999.9 -9999.9 -0.0621999986 37.2971992493 -999.999 3678
MKN 2023 02 14 21 00 00 215 3.2 44.7 0 660.6 5.58 -99.9 -99.9 -99.9 -9999.9 -9999.9 -0.0621999986 37.2971992493 -999.999 3678
MKN 2023 02 14 22 00 00 192 3.3 41.2 0 659.9 4.78 -99.9 -99.9 -99.9 -9999.9 -9999.9 -0.0621999986 37.2971992493 -999.999 3678
MKN 2023 02 14 23 00 00 152 6 36.33 0 659.4 6.12 -99.9 -99.9 -99.9 -9999.9 -9999.9 -0.0621999986 37.2971992493 -999.999 3678
MKN 2023 02 15 00 00 00 137 8.9 44.45 0 658.7 6.3 -99.9 -99.9 -99.9 -9999.9 -9999.9 -0.0621999986 37.2971992493 -999.999 3678
MKN 2023 02 15 01 00 00 139 9.1 50.55 0 658.5 5.45 -99.9 -99.9 -99.9 -9999.9 -9999.9 -0.0621999986 37.2971992493 -999.999 3678
MKN 2023 02 15 02 00 00 162 7.3 64.75 0 658.9 4.82 -99.9 -99.9 -99.9 -9999.9 -9999.9 -0.0621999986 37.2971992493 -999.999 3678
MKN 2023 02 15 03 00 00 172 6.9 62.45 0 659.2 4.4 -99.9 -99.9 -99.9 -9999.9 -9999.9 -0.0621999986 37.2971992493 -999.999 3678
MKN 2023 02 15 04 00 00 197 5.8 43.18 0 659.4 6.17 -99.9 -99.9 -99.9 -9999.9 -9999.9 -0.0621999986 37.2971992493 -999.999 3678
MKN 2023 02 15 05 00 00 180 3 43.98 0 659.9 7.98 -99.9 -99.9 -99.9 -9999.9 -9999.9 -0.0621999986 37.2971992493 -999.999 3678
MKN 2023 02 15 06 00 00 275 2.2 52.23 0 660.7 8.73 -99.9 -99.9 -99.9 -9999.9 -9999.9 -0.0621999986 37.2971992493 -999.999 3678
MKN 2023 02 15 07 00 00 305 3.3 62.32 0 661.2 9.18 -99.9 -99.9 -99.9 -9999.9 -9999.9 -0.0621999986 37.2971992493 -999.999 3678
MKN 2023 02 15 08 00 00 315 4 73.25 0 661.3 8.63 -99.9 -99.9 -99.9 -9999.9 -9999.9 -0.0621999986 37.2971992493 -999.999 3678
MKN 2023 02 15 09 00 00 330 3.9 73.83 0 661 8.33 -99.9 -99.9 -99.9 -9999.9 -9999.9 -0.0621999986 37.2971992493 -999.999 3678
MKN 2023 02 15 10 00 00 342 3 72.8 0 660.5 8.75 -99.9 -99.9 -99.9 -9999.9 -9999.9 -0.0621999986 37.2971992493 -999.999 3678
MKN 2023 02 15 11 00 00 9 3.7 69.82 0 660 9.43 -99.9 -99.9 -99.9 -9999.9 -9999.9 -0.0621999986 37.2971992493 -999.999 3678
MKN 2023 02 15 12 00 00 22 4.7 68.6 0 659.4 9.45 -99.9 -99.9 -99.9 -9999.9 -9999.9 -0.0621999986 37.2971992493 -999.999 3678
MKN 2023 02 15 13 00 00 54 5.8 71.08 0 659 9.35 -99.9 -99.9 -99.9 -9999.9 -9999.9 -0.0621999986 37.2971992493 -999.999 3678
MKN 2023 02 15 14 00 00 31 5 78.85 0 659 8.98 -99.9 -99.9 -99.9 -9999.9 -9999.9 -0.0621999986 37.2971992493 -999.999 3678
MKN 2023 02 15 15 00 00 77 4.8 82.03 0 659 7.43 -99.9 -99.9 -99.9 -9999.9 -9999.9 -0.0621999986 37.2971992493 -999.999 3678
MKN 2023 02 15 16 00 00 133 5.1 83.25 0 659.3 5.27 -99.9 -99.9 -99.9 -9999.9 -9999.9 -0.0621999986 37.2971992493 -999.999 3678
MKN 2023 02 15 17 00 00 151 2.6 81.42 0 659.7 5.03 -99.9 -99.9 -99.9 -9999.9 -9999.9 -0.0621999986 37.2971992493 -999.999 3678
MKN 2023 02 15 18 00 00 196 1.9 83.28 0 660 4.6 -99.9 -99.9 -99.9 -9999.9 -9999.9 -0.0621999986 37.2971992493 -999.999 3678
MKN 2023 02 15 19 00 00 223 1.8 86.5 0 660.4 3.58 -99.9 -99.9 -99.9 -9999.9 -9999.9 -0.0621999986 37.2971992493 -999.999 3678
MKN 2023 02 15 20 00 00 175 1.2 82.48 0 660.6 2.8 -99.9 -99.9 -99.9 -9999.9 -9999.9 -0.0621999986 37.2971992493 -999.999 3678
MKN 2023 02 15 21 00 00 124 4.4 68.77 0 660.3 3.42 -99.9 -99.9 -99.9 -9999.9 -9999.9 -0.0621999986 37.2971992493 -999.999 3678
MKN 2023 02 15 22 00 00 135 7.8 72.78 0 659.8 3.35 -99.9 -99.9 -99.9 -9999.9 -9999.9 -0.0621999986 37.2971992493 -999.999 3678
MKN 2023 02 15 23 00 00 134 8.3 65.27 0 659.4 3.68 -99.9 -99.9 -99.9 -9999.9 -9999.9 -0.0621999986 37.2971992493 -999.999 3678
MKN 2023 02 16 00 00 00 126 7.5 60.95 0 659 3.58 -99.9 -99.9 -99.9 -9999.9 -9999.9 -0.0621999986 37.2971992493 -999.999 3678
MKN 2023 02 16 01 00 00 135 8.1 65.9 0 658.8 3.53 -99.9 -99.9 -99.9 -9999.9 -9999.9 -0.0621999986 37.2971992493 -999.999 3678
MKN 2023 02 16 02 00 00 137 8 72.27 0 658.8 3.05 -99.9 -99.9 -99.9 -9999.9 -9999.9 -0.0621999986 37.2971992493 -999.999 3678
MKN 2023 02 16 03 00 00 136 7.5 64.23 0 659.2 2.58 -99.9 -99.9 -99.9 -9999.9 -9999.9 -0.0621999986 37.2971992493 -999.999 3678
MKN 2023 02 16 04 00 00 137 7 63.75 0 659.6 4.17 -99.9 -99.9 -99.9 -9999.9 -9999.9 -0.0621999986 37.2971992493 -999.999 3678
MKN 2023 02 16 05 00 00 128 6.9 54.87 0 660.3 7.87 -99.9 -99.9 -99.9 -9999.9 -9999.9 -0.0621999986 37.2971992493 -999.999 3678
MKN 2023 02 16 06 00 00 88 6.9 49.02 0 660.8 9.9 -99.9 -99.9 -99.9 -9999.9 -9999.9 -0.0621999986 37.2971992493 -999.999 3678
MKN 2023 02 16 07 00 00 68 7.4 42.48 0 661.1 11.45 -99.9 -99.9 -99.9 -9999.9 -9999.9 -0.0621999986 37.2971992493 -999.999 3678
MKN 2023 02 16 08 00 00 57 7.8 46.68 0 660.9 11.42 -99.9 -99.9 -99.9 -9999.9 -9999.9 -0.0621999986 37.2971992493 -999.999 3678
MKN 2023 02 16 09 00 00 68 6.8 62.93 0 660.8 9.4 -99.9 -99.9 -99.9 -9999.9 -9999.9 -0.0621999986 37.2971992493 -999.999 3678
MKN 2023 02 16 10 00 00 50 4.3 79.98 0.7 660.5 7.52 -99.9 -99.9 -99.9 -9999.9 -9999.9 -0.0621999986 37.2971992493 -999.999 3678
MKN 2023 02 16 11 00 00 292 3.2 74.55 0.6 660.2 8.77 -99.9 -99.9 -99.9 -9999.9 -9999.9 -0.0621999986 37.2971992493 -999.999 3678
MKN 2023 02 16 12 00 00 42 9.1 66.03 0 659.5 9.4 -99.9 -99.9 -99.9 -9999.9 -9999.9 -0.0621999986 37.2971992493 -999.999 3678
MKN 2023 02 16 13 00 00 56 9 73.95 0 659.2 8.68 -99.9 -99.9 -99.9 -9999.9 -9999.9 -0.0621999986 37.2971992493 -999.999 3678
MKN 2023 02 16 14 00 00 73 7.9 78.4 0 659.2 8.5 -99.9 -99.9 -99.9 -9999.9 -9999.9 -0.0621999986 37.2971992493 -999.999 3678
MKN 2023 02 16 15 00 00 71 7 83.3 0 659.4 6.33 -99.9 -99.9 -99.9 -9999.9 -9999.9 -0.0621999986 37.2971992493 -999.999 3678
MKN 2023 02 16 16 00 00 108 6.3 80.8 0 659.9 5.07 -99.9 -99.9 -99.9 -9999.9 -9999.9 -0.0621999986 37.2971992493 -999.999 3678
MKN 2023 02 16 17 00 00 142 6.3 79.23 0 660.2 4.42 -99.9 -99.9 -99.9 -9999.9 -9999.9 -0.0621999986 37.2971992493 -999.999 3678
MKN 2023 02 16 18 00 00 131 4 75.12 0 660.6 4.22 -99.9 -99.9 -99.9 -9999.9 -9999.9 -0.0621999986 37.2971992493 -999.999 3678
MKN 2023 02 16 19 00 00 138 6.1 57.07 0 661.1 3.87 -99.9 -99.9 -99.9 -9999.9 -9999.9 -0.0621999986 37.2971992493 -999.999 3678
MKN 2023 02 16 20 00 00 141 5.8 54.75 0 661.4 3.43 -99.9 -99.9 -99.9 -9999.9 -9999.9 -0.0621999986 37.2971992493 -999.999 3678
MKN 2023 02 16 21 00 00 131 6.5 57.62 0 661.2 3.62 -99.9 -99.9 -99.9 -9999.9 -9999.9 -0.0621999986 37.2971992493 -999.999 3678
MKN 2023 02 16 22 00 00 126 7.6 65.25 0 660.8 3.38 -99.9 -99.9 -99.9 -9999.9 -9999.9 -0.0621999986 37.2971992493 -999.999 3678
MKN 2023 02 16 23 00 00 122 7.8 67.62 0 660.3 3.9 -99.9 -99.9 -99.9 -9999.9 -9999.9 -0.0621999986 37.2971992493 -999.999 3678
MKN 2023 02 17 00 00 00 123 8.6 61.7 0 659.8 2.88 -99.9 -99.9 -99.9 -9999.9 -9999.9 -0.0621999986 37.2971992493 -999.999 3678
MKN 2023 02 17 01 00 00 128 8.9 47.58 0 659.6 2.73 -99.9 -99.9 -99.9 -9999.9 -9999.9 -0.0621999986 37.2971992493 -999.999 3678
MKN 2023 02 17 02 00 00 132 9.4 44.28 0 659.5 3.32 -99.9 -99.9 -99.9 -9999.9 -9999.9 -0.0621999986 37.2971992493 -999.999 3678
MKN 2023 02 17 03 00 00 134 8 57.28 0 659.8 3.28 -99.9 -99.9 -99.9 -9999.9 -9999.9 -0.0621999986 37.2971992493 -999.999 3678
MKN 2023 02 17 04 00 00 116 8.1 55.8 0 660.3 4.97 -99.9 -99.9 -99.9 -9999.9 -9999.9 -0.0621999986 37.2971992493 -999.999 3678
MKN 2023 02 17 05 00 00 129 7.2 41.67 0 660.8 7.92 -99.9 -99.9 -99.9 -9999.9 -9999.9 -0.0621999986 37.2971992493 -999.999 3678
MKN 2023 02 17 06 00 00 97 6.1 30.53 0 661.4 9.57 -99.9 -99.9 -99.9 -9999.9 -9999.9 -0.0621999986 37.2971992493 -999.999 3678
MKN 2023 02 17 07 00 00 74 6.1 26.38 0 661.8 11.28 -99.9 -99.9 -99.9 -9999.9 -9999.9 -0.0621999986 37.2971992493 -999.999 3678
MKN 2023 02 17 08 00 00 52 6.5 29.58 0 661.9 11.95 -99.9 -99.9 -99.9 -9999.9 -9999.9 -0.0621999986 37.2971992493 -999.999 3678
MKN 2023 02 17 09 00 00 61 8.6 34.32 0 661.4 12.6 -99.9 -99.9 -99.9 -9999.9 -9999.9 -0.0621999986 37.2971992493 -999.999 3678
MKN 2023 02 17 10 00 00 51 8.3 52.98 0 660.9 10.03 -99.9 -99.9 -99.9 -9999.9 -9999.9 -0.0621999986 37.2971992493 -999.999 3678
MKN 2023 02 17 11 00 00 30 7.8 72.32 0 660.5 7.67 -99.9 -99.9 -99.9 -9999.9 -9999.9 -0.0621999986 37.2971992493 -999.999 3678
MKN 2023 02 17 12 00 00 49 7.6 79.98 0 660.1 7.37 -99.9 -99.9 -99.9 -9999.9 -9999.9 -0.0621999986 37.2971992493 -999.999 3678
MKN 2023 02 17 13 00 00 67 7.6 81.35 0 659.6 6.9 -99.9 -99.9 -99.9 -9999.9 -9999.9 -0.0621999986 37.2971992493 -999.999 3678
MKN 2023 02 17 14 00 00 80 7.8 89.53 0 659.5 5.58 -99.9 -99.9 -99.9 -9999.9 -9999.9 -0.0621999986 37.2971992493 -999.999 3678
MKN 2023 02 17 15 00 00 96 8.7 84.45 0 659.8 4.88 -99.9 -99.9 -99.9 -9999.9 -9999.9 -0.0621999986 37.2971992493 -999.999 3678
MKN 2023 02 17 16 00 00 128 8.7 67.18 0 660.4 4.12 -99.9 -99.9 -99.9 -9999.9 -9999.9 -0.0621999986 37.2971992493 -999.999 3678
MKN 2023 02 17 17 00 00 129 9.2 56.37 0 660.6 4.58 -99.9 -99.9 -99.9 -9999.9 -9999.9 -0.0621999986 37.2971992493 -999.999 3678
MKN 2023 02 17 18 00 00 129 9.4 48.45 0 661.1 4.87 -99.9 -99.9 -99.9 -9999.9 -9999.9 -0.0621999986 37.2971992493 -999.999 3678
MKN 2023 02 17 19 00 00 132 9.2 39.7 0 661.6 4.35 -99.9 -99.9 -99.9 -9999.9 -9999.9 -0.0621999986 37.2971992493 -999.999 3678
MKN 2023 02 17 20 00 00 132 10 34.22 0 661.8 4.28 -99.9 -99.9 -99.9 -9999.9 -9999.9 -0.0621999986 37.2971992493 -999.999 3678
MKN 2023 02 17 21 00 00 135 9.4 36.98 0 661.7 4.12 -99.9 -99.9 -99.9 -9999.9 -9999.9 -0.0621999986 37.2971992493 -999.999 3678
MKN 2023 02 17 22 00 00 132 9.7 39.98 0 661.2 3.87 -99.9 -99.9 -99.9 -9999.9 -9999.9 -0.0621999986 37.2971992493 -999.999 3678
MKN 2023 02 17 23 00 00 131 9.2 60.15 0 660.7 3.2 -99.9 -99.9 -99.9 -9999.9 -9999.9 -0.0621999986 37.2971992493 -999.999 3678
MKN 2023 02 18 00 00 00 132 9.7 62.35 0 660.2 2.9 -99.9 -99.9 -99.9 -9999.9 -9999.9 -0.0621999986 37.2971992493 -999.999 3678
MKN 2023 02 18 01 00 00 133 9.7 52.3 0 659.9 2.8 -99.9 -99.9 -99.9 -9999.9 -9999.9 -0.0621999986 37.2971992493 -999.999 3678
MKN 2023 02 18 02 00 00 136 10.5 53.97 0 659.7 2.72 -99.9 -99.9 -99.9 -9999.9 -9999.9 -0.0621999986 37.2971992493 -999.999 3678
MKN 2023 02 18 03 00 00 123 10.6 49.05 0 659.9 3.02 -99.9 -99.9 -99.9 -9999.9 -9999.9 -0.0621999986 37.2971992493 -999.999 3678
MKN 2023 02 18 04 00 00 116 10.9 50.38 0 660.3 4.18 -99.9 -99.9 -99.9 -9999.9 -9999.9 -0.0621999986 37.2971992493 -999.999 3678
MKN 2023 02 18 05 00 00 114 11.3 37.38 0 660.7 7.25 -99.9 -99.9 -99.9 -9999.9 -9999.9 -0.0621999986 37.2971992493 -999.999 3678
MKN 2023 02 18 06 00 00 96 10.8 36.9 0 661.3 9.37 -99.9 -99.9 -99.9 -9999.9 -9999.9 -0.0621999986 37.2971992493 -999.999 3678
MKN 2023 02 18 07 00 00 88 10 42.67 0 661.5 10.75 -99.9 -99.9 -99.9 -9999.9 -9999.9 -0.0621999986 37.2971992493 -999.999 3678
MKN 2023 02 18 08 00 00 82 10.4 42.55 0 661.4 11.73 -99.9 -99.9 -99.9 -9999.9 -9999.9 -0.0621999986 37.2971992493 -999.999 3678
MKN 2023 02 18 09 00 00 82 8.7 37.45 0 661.1 13.37 -99.9 -99.9 -99.9 -9999.9 -9999.9 -0.0621999986 37.2971992493 -999.999 3678
MKN 2023 02 18 10 00 00 91 5 46.4 0 660.9 12.78 -99.9 -99.9 -99.9 -9999.9 -9999.9 -0.0621999986 37.2971992493 -999.999 3678
MKN 2023 02 18 11 00 00 302 3.7 71.83 0 660.6 9.62 -99.9 -99.9 -99.9 -9999.9 -9999.9 -0.0621999986 37.2971992493 -999.999 3678
MKN 2023 02 18 12 00 00 272 3.8 74.43 0 660.1 9.13 -99.9 -99.9 -99.9 -9999.9 -9999.9 -0.0621999986 37.2971992493 -999.999 3678
MKN 2023 02 18 13 00 00 266 3.1 73.57 0 659.9 8.5 -99.9 -99.9 -99.9 -9999.9 -9999.9 -0.0621999986 37.2971992493 -999.999 3678
MKN 2023 02 18 14 00 00 109 4.5 74.15 0 659.8 7.32 -99.9 -99.9 -99.9 -9999.9 -9999.9 -0.0621999986 37.2971992493 -999.999 3678
MKN 2023 02 18 15 00 00 100 8.8 78.32 0 659.9 5.82 -99.9 -99.9 -99.9 -9999.9 -9999.9 -0.0621999986 37.2971992493 -999.999 3678
MKN 2023 02 18 16 00 00 134 7.1 81.25 0 660.5 4.92 -99.9 -99.9 -99.9 -9999.9 -9999.9 -0.0621999986 37.2971992493 -999.999 3678
MKN 2023 02 18 17 00 00 140 3 66.78 0 661.1 4.1 -99.9 -99.9 -99.9 -9999.9 -9999.9 -0.0621999986 37.2971992493 -999.999 3678
MKN 2023 02 18 18 00 00 136 7 68.47 0 661.3 3.8 -99.9 -99.9 -99.9 -9999.9 -9999.9 -0.0621999986 37.2971992493 -999.999 3678
MKN 2023 02 18 19 00 00 132 6.9 68.47 0 661.7 3.47 -99.9 -99.9 -99.9 -9999.9 -9999.9 -0.0621999986 37.2971992493 -999.999 3678
MKN 2023 02 18 20 00 00 128 7.4 67.72 0 661.6 4 -99.9 -99.9 -99.9 -9999.9 -9999.9 -0.0621999986 37.2971992493 -999.999 3678
MKN 2023 02 18 21 00 00 121 7.4 76.25 0 661.4 3.93 -99.9 -99.9 -99.9 -9999.9 -9999.9 -0.0621999986 37.2971992493 -999.999 3678
MKN 2023 02 18 22 00 00 115 7.6 89.93 0 661.1 3.72 -99.9 -99.9 -99.9 -9999.9 -9999.9 -0.0621999986 37.2971992493 -999.999 3678
MKN 2023 02 18 23 00 00 103 8.6 88.35 0 660.5 3.77 -99.9 -99.9 -99.9 -9999.9 -9999.9 -0.0621999986 37.2971992493 -999.999 3678
MKN 2023 02 19 00 00 00 104 9.2 90.12 0 660.1 3.32 -99.9 -99.9 -99.9 -9999.9 -9999.9 -0.0621999986 37.2971992493 -999.999 3678
MKN 2023 02 19 01 00 00 106 9 83.42 0 659.8 2.75 -99.9 -99.9 -99.9 -9999.9 -9999.9 -0.0621999986 37.2971992493 -999.999 3678
MKN 2023 02 19 02 00 00 125 8.1 71.58 0 659.9 3.17 -99.9 -99.9 -99.9 -9999.9 -9999.9 -0.0621999986 37.2971992493 -999.999 3678
MKN 2023 02 19 03 00 00 125 7.1 69.62 0 660.4 3.25 -99.9 -99.9 -99.9 -9999.9 -9999.9 -0.0621999986 37.2971992493 -999.999 3678
MKN 2023 02 19 04 00 00 117 7.6 63.6 0 660.8 4.25 -99.9 -99.9 -99.9 -9999.9 -9999.9 -0.0621999986 37.2971992493 -999.999 3678
MKN 2023 02 19 05 00 00 113 8.1 53.6 0 661.3 7.45 -99.9 -99.9 -99.9 -9999.9 -9999.9 -0.0621999986 37.2971992493 -999.999 3678
MKN 2023 02 19 06 00 00 93 6.1 45.82 0 661.8 9.63 -99.9 -99.9 -99.9 -9999.9 -9999.9 -0.0621999986 37.2971992493 -999.999 3678
MKN 2023 02 19 07 00 00 75 6.8 43.38 0 662.2 10.72 -99.9 -99.9 -99.9 -9999.9 -9999.9 -0.0621999986 37.2971992493 -999.999 3678
MKN 2023 02 19 08 00 00 100 5.4 48.98 0 662.3 11.18 -99.9 -99.9 -99.9 -9999.9 -9999.9 -0.0621999986 37.2971992493 -999.999 3678
MKN 2023 02 19 09 00 00 21 4.8 79.22 0 662.1 9.12 -99.9 -99.9 -99.9 -9999.9 -9999.9 -0.0621999986 37.2971992493 -999.999 3678
MKN 2023 02 19 10 00 00 301 5.1 76.58 0 661.5 8.87 -99.9 -99.9 -99.9 -9999.9 -9999.9 -0.0621999986 37.2971992493 -999.999 3678
MKN 2023 02 19 11 00 00 292 4.4 81.72 0 660.9 8.8 -99.9 -99.9 -99.9 -9999.9 -9999.9 -0.0621999986 37.2971992493 -999.999 3678
MKN 2023 02 19 12 00 00 285 4.6 84.82 0 660.2 7.6 -99.9 -99.9 -99.9 -9999.9 -9999.9 -0.0621999986 37.2971992493 -999.999 3678
MKN 2023 02 19 13 00 00 343 2.8 73.12 0 659.7 8.47 -99.9 -99.9 -99.9 -9999.9 -9999.9 -0.0621999986 37.2971992493 -999.999 3678
MKN 2023 02 19 14 00 00 81 5.9 78.22 0 659.6 7.42 -99.9 -99.9 -99.9 -9999.9 -9999.9 -0.0621999986 37.2971992493 -999.999 3678
MKN 2023 02 19 15 00 00 95 5.5 79.56 0 659.7 6.15 -99.9 -99.9 -99.9 -9999.9 -9999.9 -0.0621999986 37.2971992493 -999.999 3678
MKN 2023 02 19 16 00 00 133 6.8 76.48 0 660.1 3.7 -99.9 -99.9 -99.9 -9999.9 -9999.9 -0.0621999986 37.2971992493 -999.999 3678
MKN 2023 02 19 17 00 00 216 1.9 91.2 0 660.7 3.07 -99.9 -99.9 -99.9 -9999.9 -9999.9 -0.0621999986 37.2971992493 -999.999 3678
MKN 2023 02 19 18 00 00 167 2.1 92.28 0 661.1 3.3 -99.9 -99.9 -99.9 -9999.9 -9999.9 -0.0621999986 37.2971992493 -999.999 3678
MKN 2023 02 19 19 00 00 204 1.1 83.88 0 661.4 3.2 -99.9 -99.9 -99.9 -9999.9 -9999.9 -0.0621999986 37.2971992493 -999.999 3678
MKN 2023 02 19 20 00 00 97 0.9 81.38 0 661.7 1.98 -99.9 -99.9 -99.9 -9999.9 -9999.9 -0.0621999986 37.2971992493 -999.999 3678
MKN 2023 02 19 21 00 00 123 3.5 68.42 0 661.5 1.7 -99.9 -99.9 -99.9 -9999.9 -9999.9 -0.0621999986 37.2971992493 -999.999 3678
MKN 2023 02 19 22 00 00 136 6.1 71.58 0 661.1 1.5 -99.9 -99.9 -99.9 -9999.9 -9999.9 -0.0621999986 37.2971992493 -999.999 3678
MKN 2023 02 19 23 00 00 142 6.4 69.6 0 660.7 1.75 -99.9 -99.9 -99.9 -9999.9 -9999.9 -0.0621999986 37.2971992493 -999.999 3678
MKN 2023 02 20 00 00 00 137 6.3 50.53 0 660.3 3.18 -99.9 -99.9 -99.9 -9999.9 -9999.9 -0.0621999986 37.2971992493 -999.999 3678
MKN 2023 02 20 01 00 00 131 6.7 49.6 0 660.1 2.82 -99.9 -99.9 -99.9 -9999.9 -9999.9 -0.0621999986 37.2971992493 -999.999 3678
MKN 2023 02 20 02 00 00 131 6.9 49.13 0 660.1 2.15 -99.9 -99.9 -99.9 -9999.9 -9999.9 -0.0621999986 37.2971992493 -999.999 3678
MKN 2023 02 20 03 00 00 126 8 50.57 0 660.2 1.72 -99.9 -99.9 -99.9 -9999.9 -9999.9 -0.0621999986 37.2971992493 -999.999 3678
MKN 2023 02 20 04 00 00 136 6.3 52.42 0 660.7 3.95 -99.9 -99.9 -99.9 -9999.9 -9999.9 -0.0621999986 37.2971992493 -999.999 3678
MKN 2023 02 20 05 00 00 109 6 45.23 0 661.4 7.33 -99.9 -99.9 -99.9 -9999.9 -9999.9 -0.0621999986 37.2971992493 -999.999 3678
MKN 2023 02 20 06 00 00 75 6.2 41.85 0 661.9 9.4 -99.9 -99.9 -99.9 -9999.9 -9999.9 -0.0621999986 37.2971992493 -999.999 3678
MKN 2023 02 20 07 00 00 50 7.8 37.5 0 662.1 10.95 -99.9 -99.9 -99.9 -9999.9 -9999.9 -0.0621999986 37.2971992493 -999.999 3678
MKN 2023 02 20 08 00 00 37 6.3 40.25 0 662.3 11.22 -99.9 -99.9 -99.9 -9999.9 -9999.9 -0.0621999986 37.2971992493 -999.999 3678
MKN 2023 02 20 09 00 00 359 5.8 45.1 0 662 10.4 -99.9 -99.9 -99.9 -9999.9 -9999.9 -0.0621999986 37.2971992493 -999.999 3678
MKN 2023 02 20 10 00 00 12 6.2 48.18 0 661.6 10.55 -99.9 -99.9 -99.9 -9999.9 -9999.9 -0.0621999986 37.2971992493 -999.999 3678
MKN 2023 02 20 11 00 00 43 6.1 54.27 0 661.1 9.28 -99.9 -99.9 -99.9 -9999.9 -9999.9 -0.0621999986 37.2971992493 -999.999 3678
MKN 2023 02 20 12 00 00 46 5.1 51.1 0 660.8 9.1 -99.9 -99.9 -99.9 -9999.9 -9999.9 -0.0621999986 37.2971992493 -999.999 3678
MKN 2023 02 20 13 00 00 13 4.4 48.18 0 660.7 10.45 -99.9 -99.9 -99.9 -9999.9 -9999.9 -0.0621999986 37.2971992493 -999.999 3678
MKN 2023 02 20 14 00 00 11 4 51.55 0 660.7 10.17 -99.9 -99.9 -99.9 -9999.9 -9999.9 -0.0621999986 37.2971992493 -999.999 3678
MKN 2023 02 20 15 00 00 23 5.2 69.1 0 660.7 7.67 -99.9 -99.9 -99.9 -9999.9 -9999.9 -0.0621999986 37.2971992493 -999.999 3678
MKN 2023 02 20 16 00 00 54 2.6 72.3 0 660.9 5.08 -99.9 -99.9 -99.9 -9999.9 -9999.9 -0.0621999986 37.2971992493 -999.999 3678
MKN 2023 02 20 17 00 00 237 2.5 67.87 0 661.2 5.03 -99.9 -99.9 -99.9 -9999.9 -9999.9 -0.0621999986 37.2971992493 -999.999 3678
MKN 2023 02 20 18 00 00 180 1.3 60.8 0 661.6 5.83 -99.9 -99.9 -99.9 -9999.9 -9999.9 -0.0621999986 37.2971992493 -999.999 3678
MKN 2023 02 20 19 00 00 153 1.4 70.02 0 661.9 4.82 -99.9 -99.9 -99.9 -9999.9 -9999.9 -0.0621999986 37.2971992493 -999.999 3678
MKN 2023 02 20 20 00 00 228 2.6 66.68 0 662 5.6 -99.9 -99.9 -99.9 -9999.9 -9999.9 -0.0621999986 37.2971992493 -999.999 3678
MKN 2023 02 20 21 00 00 223 3.6 70.73 0 661.8 5.25 -99.9 -99.9 -99.9 -9999.9 -9999.9 -0.0621999986 37.2971992493 -999.999 3678
MKN 2023 02 20 22 00 00 221 4.2 65.68 0 661.6 5.78 -99.9 -99.9 -99.9 -9999.9 -9999.9 -0.0621999986 37.2971992493 -999.999 3678
MKN 2023 02 20 23 00 00 213 6 66.2 0 661.2 5.15 -99.9 -99.9 -99.9 -9999.9 -9999.9 -0.0621999986 37.2971992493 -999.999 3678
MKN 2023 02 21 00 00 00 201 5.9 62.97 0 660.9 5 -99.9 -99.9 -99.9 -9999.9 -9999.9 -0.0621999986 37.2971992493 -999.999 3678
MKN 2023 02 21 01 00 00 214 4.7 64.3 0 660.9 4.65 -99.9 -99.9 -99.9 -9999.9 -9999.9 -0.0621999986 37.2971992493 -999.999 3678
MKN 2023 02 21 02 00 00 204 3.6 68.42 0 660.9 3.63 -99.9 -99.9 -99.9 -9999.9 -9999.9 -0.0621999986 37.2971992493 -999.999 3678
MKN 2023 02 21 03 00 00 168 2.6 68.07 0 661.1 4.28 -99.9 -99.9 -99.9 -9999.9 -9999.9 -0.0621999986 37.2971992493 -999.999 3678
MKN 2023 02 21 04 00 00 0 1.1 67.87 0 661.7 5.12 -99.9 -99.9 -99.9 -9999.9 -9999.9 -0.0621999986 37.2971992493 -999.999 3678
MKN 2023 02 21 05 00 00 185 2 54.47 0 662.1 8.65 -99.9 -99.9 -99.9 -9999.9 -9999.9 -0.0621999986 37.2971992493 -999.999 3678
MKN 2023 02 21 06 00 00 4 1.7 52.02 0 662.7 9.88 -99.9 -99.9 -99.9 -9999.9 -9999.9 -0.0621999986 37.2971992493 -999.999 3678
MKN 2023 02 21 07 00 00 6 4.1 48.8 0 663.1 10.68 -99.9 -99.9 -99.9 -9999.9 -9999.9 -0.0621999986 37.2971992493 -999.999 3678
MKN 2023 02 21 08 00 00 322 4.5 47.85 0 663 11.63 -99.9 -99.9 -99.9 -9999.9 -9999.9 -0.0621999986 37.2971992493 -999.999 3678
MKN 2023 02 21 09 00 00 340 4.1 46.3 0 662.7 11.88 -99.9 -99.9 -99.9 -9999.9 -9999.9 -0.0621999986 37.2971992493 -999.999 3678
MKN 2023 02 21 10 00 00 0 3.9 50.8 0 662.1 10.87 -99.9 -99.9 -99.9 -9999.9 -9999.9 -0.0621999986 37.2971992493 -999.999 3678
MKN 2023 02 21 11 00 00 27 4.6 55.38 0 661.6 10.8 -99.9 -99.9 -99.9 -9999.9 -9999.9 -0.0621999986 37.2971992493 -999.999 3678
MKN 2023 02 21 12 00 00 18 6.1 52.95 0 661.1 11.42 -99.9 -99.9 -99.9 -9999.9 -9999.9 -0.0621999986 37.2971992493 -999.999 3678
MKN 2023 02 21 13 00 00 41 7.3 53.45 0 660.7 11.85 -99.9 -99.9 -99.9 -9999.9 -9999.9 -0.0621999986 37.2971992493 -999.999 3678
MKN 2023 02 21 14 00 00 73 6.1 67.8 0 660.5 9.65 -99.9 -99.9 -99.9 -9999.9 -9999.9 -0.0621999986 37.2971992493 -999.999 3678
MKN 2023 02 21 15 00 00 73 5.3 73.38 0 660.7 9.27 -99.9 -99.9 -99.9 -9999.9 -9999.9 -0.0621999986 37.2971992493 -999.999 3678
MKN 2023 02 21 16 00 00 266 2 83.42 0 661.1 5.67 -99.9 -99.9 -99.9 -9999.9 -9999.9 -0.0621999986 37.2971992493 -999.999 3678
MKN 2023 02 21 17 00 00 180 1.2 75.68 0 661.3 5.1 -99.9 -99.9 -99.9 -9999.9 -9999.9 -0.0621999986 37.2971992493 -999.999 3678
MKN 2023 02 21 18 00 00 165 1.5 57.17 0 661.5 4.6 -99.9 -99.9 -99.9 -9999.9 -9999.9 -0.0621999986 37.2971992493 -999.999 3678
MKN 2023 02 21 19 00 00 171 1.7 38.55 0 661.7 5.28 -99.9 -99.9 -99.9 -9999.9 -9999.9 -0.0621999986 37.2971992493 -999.999 3678
MKN 2023 02 21 20 00 00 155 2.1 37.48 0 661.8 5.98 -99.9 -99.9 -99.9 -9999.9 -9999.9 -0.0621999986 37.2971992493 -999.999 3678
MKN 2023 02 21 21 00 00 167 1.5 36.58 0 661.6 5.72 -99.9 -99.9 -99.9 -9999.9 -9999.9 -0.0621999986 37.2971992493 -999.999 3678
MKN 2023 02 21 22 00 00 206 3.5 44.43 0 661.2 5.15 -99.9 -99.9 -99.9 -9999.9 -9999.9 -0.0621999986 37.2971992493 -999.999 3678
MKN 2023 02 21 23 00 00 210 2.4 55.33 0 660.8 5.32 -99.9 -99.9 -99.9 -9999.9 -9999.9 -0.0621999986 37.2971992493 -999.999 3678
MKN 2023 02 22 00 00 00 223 2.4 58.05 0 660.5 3.53 -99.9 -99.9 -99.9 -9999.9 -9999.9 -0.0621999986 37.2971992493 -999.999 3678
MKN 2023 02 22 01 00 00 123 3.3 60.88 0 660.4 4.5 -99.9 -99.9 -99.9 -9999.9 -9999.9 -0.0621999986 37.2971992493 -999.999 3678
MKN 2023 02 22 02 00 00 100 4 64.02 0 660.5 3.77 -99.9 -99.9 -99.9 -9999.9 -9999.9 -0.0621999986 37.2971992493 -999.999 3678
MKN 2023 02 22 03 00 00 121 5.2 64.18 0 661 4.08 -99.9 -99.9 -99.9 -9999.9 -9999.9 -0.0621999986 37.2971992493 -999.999 3678
MKN 2023 02 22 04 00 00 115 6.3 68.03 0 661.1 5.43 -99.9 -99.9 -99.9 -9999.9 -9999.9 -0.0621999986 37.2971992493 -999.999 3678
MKN 2023 02 22 05 00 00 119 8.5 48.68 0 661.3 9.05 -99.9 -99.9 -99.9 -9999.9 -9999.9 -0.0621999986 37.2971992493 -999.999 3678
MKN 2023 02 22 06 00 00 101 5.2 43.78 0 661.9 10.77 -99.9 -99.9 -99.9 -9999.9 -9999.9 -0.0621999986 37.2971992493 -999.999 3678
MKN 2023 02 22 07 00 00 290 5.1 45.15 0 662.3 10.3 -99.9 -99.9 -99.9 -9999.9 -9999.9 -0.0621999986 37.2971992493 -999.999 3678
MKN 2023 02 22 08 00 00 323 3.9 43.95 0 662.4 12.27 -99.9 -99.9 -99.9 -9999.9 -9999.9 -0.0621999986 37.2971992493 -999.999 3678
MKN 2023 02 22 09 00 00 359 4.8 45.42 0 661.9 12.32 -99.9 -99.9 -99.9 -9999.9 -9999.9 -0.0621999986 37.2971992493 -999.999 3678
MKN 2023 02 22 10 00 00 28 5.7 53.93 0 661.4 11.58 -99.9 -99.9 -99.9 -9999.9 -9999.9 -0.0621999986 37.2971992493 -999.999 3678
MKN 2023 02 22 11 00 00 43 5.9 63.23 0 661 10.8 -99.9 -99.9 -99.9 -9999.9 -9999.9 -0.0621999986 37.2971992493 -999.999 3678
MKN 2023 02 22 12 00 00 68 4.8 62.78 0 660.5 11.52 -99.9 -99.9 -99.9 -9999.9 -9999.9 -0.0621999986 37.2971992493 -999.999 3678
MKN 2023 02 22 13 00 00 82 6.7 63.32 0 660.1 11.42 -99.9 -99.9 -99.9 -9999.9 -9999.9 -0.0621999986 37.2971992493 -999.999 3678
MKN 2023 02 22 14 00 00 50 5.7 70.28 0 660.3 11.08 -99.9 -99.9 -99.9 -9999.9 -9999.9 -0.0621999986 37.2971992493 -999.999 3678
MKN 2023 02 22 15 00 00 47 7 85.02 0 660.6 7.82 -99.9 -99.9 -99.9 -9999.9 -9999.9 -0.0621999986 37.2971992493 -999.999 3678
MKN 2023 02 22 16 00 00 70 3.6 53.72 0 660.8 5.48 -99.9 -99.9 -99.9 -9999.9 -9999.9 -0.0621999986 37.2971992493 -999.999 3678
MKN 2023 02 22 17 00 00 143 1.2 37.35 0 661.1 4.93 -99.9 -99.9 -99.9 -9999.9 -9999.9 -0.0621999986 37.2971992493 -999.999 3678
MKN 2023 02 22 18 00 00 118 4.9 37.85 0 661.2 5.72 -99.9 -99.9 -99.9 -9999.9 -9999.9 -0.0621999986 37.2971992493 -999.999 3678
MKN 2023 02 22 19 00 00 115 4.5 34.52 0 661.6 5.23 -99.9 -99.9 -99.9 -9999.9 -9999.9 -0.0621999986 37.2971992493 -999.999 3678
MKN 2023 02 22 20 00 00 106 3.3 39.97 0 661.9 5.5 -99.9 -99.9 -99.9 -9999.9 -9999.9 -0.0621999986 37.2971992493 -999.999 3678
MKN 2023 02 22 21 00 00 121 6.1 48.85 0 661.6 5.42 -99.9 -99.9 -99.9 -9999.9 -9999.9 -0.0621999986 37.2971992493 -999.999 3678
MKN 2023 02 22 22 00 00 117 5.6 53.85 0 661.2 4.48 -99.9 -99.9 -99.9 -9999.9 -9999.9 -0.0621999986 37.2971992493 -999.999 3678
MKN 2023 02 22 23 00 00 113 4.4 56.5 0 660.9 4.67 -99.9 -99.9 -99.9 -9999.9 -9999.9 -0.0621999986 37.2971992493 -999.999 3678
MKN 2023 02 23 00 00 00 115 5.7 59.6 0 660.5 4.6 -99.9 -99.9 -99.9 -9999.9 -9999.9 -0.0621999986 37.2971992493 -999.999 3678
MKN 2023 02 23 01 00 00 110 6.7 60.28 0 660.3 4.17 -99.9 -99.9 -99.9 -9999.9 -9999.9 -0.0621999986 37.2971992493 -999.999 3678
MKN 2023 02 23 02 00 00 112 6.7 57.38 0 660.3 3.87 -99.9 -99.9 -99.9 -9999.9 -9999.9 -0.0621999986 37.2971992493 -999.999 3678
MKN 2023 02 23 03 00 00 115 6.1 49.62 0 660.3 3.92 -99.9 -99.9 -99.9 -9999.9 -9999.9 -0.0621999986 37.2971992493 -999.999 3678
MKN 2023 02 23 04 00 00 121 5.9 39.4 0 660.5 6.03 -99.9 -99.9 -99.9 -9999.9 -9999.9 -0.0621999986 37.2971992493 -999.999 3678
MKN 2023 02 23 05 00 00 120 6.4 32.27 0 660.9 9.72 -99.9 -99.9 -99.9 -9999.9 -9999.9 -0.0621999986 37.2971992493 -999.999 3678
MKN 2023 02 23 06 00 00 101 5.6 24.33 0 661.5 11.38 -99.9 -99.9 -99.9 -9999.9 -9999.9 -0.0621999986 37.2971992493 -999.999 3678
MKN 2023 02 23 07 00 00 70 6.7 16.47 0 661.9 12.72 -99.9 -99.9 -99.9 -9999.9 -9999.9 -0.0621999986 37.2971992493 -999.999 3678
MKN 2023 02 23 08 00 00 75 6.4 18.15 0 661.8 13.83 -99.9 -99.9 -99.9 -9999.9 -9999.9 -0.0621999986 37.2971992493 -999.999 3678
MKN 2023 02 23 09 00 00 58 6.5 28.22 0 661.4 14.13 -99.9 -99.9 -99.9 -9999.9 -9999.9 -0.0621999986 37.2971992493 -999.999 3678
MKN 2023 02 23 10 00 00 42 9.3 44.55 0 660.9 11.62 -99.9 -99.9 -99.9 -9999.9 -9999.9 -0.0621999986 37.2971992493 -999.999 3678
MKN 2023 02 23 11 00 00 39 8.6 51.45 0 660.5 10.87 -99.9 -99.9 -99.9 -9999.9 -9999.9 -0.0621999986 37.2971992493 -999.999 3678
MKN 2023 02 23 12 00 00 28 7.7 54.38 0 660.3 10.85 -99.9 -99.9 -99.9 -9999.9 -9999.9 -0.0621999986 37.2971992493 -999.999 3678
MKN 2023 02 23 13 00 00 45 9 57.95 0 660.2 10 -99.9 -99.9 -99.9 -9999.9 -9999.9 -0.0621999986 37.2971992493 -999.999 3678
MKN 2023 02 23 14 00 00 61 6.9 68.48 0 660.4 8.58 -99.9 -99.9 -99.9 -9999.9 -9999.9 -0.0621999986 37.2971992493 -999.999 3678
MKN 2023 02 23 15 00 00 90 5.3 79.92 0 660.5 8.05 -99.9 -99.9 -99.9 -9999.9 -9999.9 -0.0621999986 37.2971992493 -999.999 3678
MKN 2023 02 23 16 00 00 116 5.7 73.23 0 660.5 5.35 -99.9 -99.9 -99.9 -9999.9 -9999.9 -0.0621999986 37.2971992493 -999.999 3678
MKN 2023 02 23 17 00 00 150 2.9 62.22 0 661 4.42 -99.9 -99.9 -99.9 -9999.9 -9999.9 -0.0621999986 37.2971992493 -999.999 3678
MKN 2023 02 23 18 00 00 127 3.6 39.92 0 661.4 5.78 -99.9 -99.9 -99.9 -9999.9 -9999.9 -0.0621999986 37.2971992493 -999.999 3678
MKN 2023 02 23 19 00 00 116 5 40.92 0 661.8 5.03 -99.9 -99.9 -99.9 -9999.9 -9999.9 -0.0621999986 37.2971992493 -999.999 3678
MKN 2023 02 23 20 00 00 112 4.6 41.27 0 662.1 5.1 -99.9 -99.9 -99.9 -9999.9 -9999.9 -0.0621999986 37.2971992493 -999.999 3678
MKN 2023 02 23 21 00 00 117 4.8 46.47 0 661.9 4 -99.9 -99.9 -99.9 -9999.9 -9999.9 -0.0621999986 37.2971992493 -999.999 3678
MKN 2023 02 23 22 00 00 125 4.1 49.18 0 661.6 4.42 -99.9 -99.9 -99.9 -9999.9 -9999.9 -0.0621999986 37.2971992493 -999.999 3678
MKN 2023 02 23 23 00 00 124 5.1 50.63 0 661.2 4.68 -99.9 -99.9 -99.9 -9999.9 -9999.9 -0.0621999986 37.2971992493 -999.999 3678
MKN 2023 02 24 00 00 00 120 5.8 47.35 0 660.9 4.73 -99.9 -99.9 -99.9 -9999.9 -9999.9 -0.0621999986 37.2971992493 -999.999 3678
MKN 2023 02 24 01 00 00 119 5.7 44.42 0 660.7 4.45 -99.9 -99.9 -99.9 -9999.9 -9999.9 -0.0621999986 37.2971992493 -999.999 3678
MKN 2023 02 24 02 00 00 121 4.9 44.38 0 660.9 3.38 -99.9 -99.9 -99.9 -9999.9 -9999.9 -0.0621999986 37.2971992493 -999.999 3678
MKN 2023 02 24 03 00 00 123 3.9 43.35 0 661.4 2.93 -99.9 -99.9 -99.9 -9999.9 -9999.9 -0.0621999986 37.2971992493 -999.999 3678
MKN 2023 02 24 04 00 00 129 3.5 36.2 0 661.6 5.8 -99.9 -99.9 -99.9 -9999.9 -9999.9 -0.0621999986 37.2971992493 -999.999 3678
MKN 2023 02 24 05 00 00 121 2.4 23.15 0 662.1 10.95 -99.9 -99.9 -99.9 -9999.9 -9999.9 -0.0621999986 37.2971992493 -999.999 3678
MKN 2023 02 24 06 00 00 56 3.4 20.83 0 662.6 12.18 -99.9 -99.9 -99.9 -9999.9 -9999.9 -0.0621999986 37.2971992493 -999.999 3678
MKN 2023 02 24 07 00 00 18 4.8 23.67 0 662.9 12.77 -99.9 -99.9 -99.9 -9999.9 -9999.9 -0.0621999986 37.2971992493 -999.999 3678
MKN 2023 02 24 08 00 00 5 6.7 29.97 0 662.8 12.27 -99.9 -99.9 -99.9 -9999.9 -9999.9 -0.0621999986 37.2971992493 -999.999 3678
MKN 2023 02 24 09 00 00 325 4.9 35.72 0 662.7 12.1 -99.9 -99.9 -99.9 -9999.9 -9999.9 -0.0621999986 37.2971992493 -999.999 3678
MKN 2023 02 24 10 00 00 330 4.7 48.05 0 662.3 10.72 -99.9 -99.9 -99.9 -9999.9 -9999.9 -0.0621999986 37.2971992493 -999.999 3678
MKN 2023 02 24 11 00 00 16 6.2 65.8 0 661.7 9.62 -99.9 -99.9 -99.9 -9999.9 -9999.9 -0.0621999986 37.2971992493 -999.999 3678
MKN 2023 02 24 12 00 00 38 7.2 79.37 1.3 661.2 8.02 -99.9 -99.9 -99.9 -9999.9 -9999.9 -0.0621999986 37.2971992493 -999.999 3678
MKN 2023 02 24 13 00 00 74 4.2 63.02 0.2 661 9.13 -99.9 -99.9 -99.9 -9999.9 -9999.9 -0.0621999986 37.2971992493 -999.999 3678
MKN 2023 02 24 14 00 00 96 3.4 53.48 0 660.7 9.87 -99.9 -99.9 -99.9 -9999.9 -9999.9 -0.0621999986 37.2971992493 -999.999 3678
MKN 2023 02 24 15 00 00 19 2.8 82.63 0 660.8 8.18 -99.9 -99.9 -99.9 -9999.9 -9999.9 -0.0621999986 37.2971992493 -999.999 3678
MKN 2023 02 24 16 00 00 290 2.2 92.73 0 661.1 7.07 -99.9 -99.9 -99.9 -9999.9 -9999.9 -0.0621999986 37.2971992493 -999.999 3678
MKN 2023 02 24 17 00 00 195 1.5 88.08 0 661.4 6.78 -99.9 -99.9 -99.9 -9999.9 -9999.9 -0.0621999986 37.2971992493 -999.999 3678
MKN 2023 02 24 18 00 00 227 2.6 91.05 0 661.7 6.15 -99.9 -99.9 -99.9 -9999.9 -9999.9 -0.0621999986 37.2971992493 -999.999 3678
MKN 2023 02 24 19 00 00 219 1.5 84.88 0 662.1 5.58 -99.9 -99.9 -99.9 -9999.9 -9999.9 -0.0621999986 37.2971992493 -999.999 3678
MKN 2023 02 24 20 00 00 131 2 73.17 0 662.3 4.67 -99.9 -99.9 -99.9 -9999.9 -9999.9 -0.0621999986 37.2971992493 -999.999 3678
MKN 2023 02 24 21 00 00 118 2.4 59.22 0 662.3 4.32 -99.9 -99.9 -99.9 -9999.9 -9999.9 -0.0621999986 37.2971992493 -999.999 3678
MKN 2023 02 24 22 00 00 112 3.2 45.25 0 662 5.78 -99.9 -99.9 -99.9 -9999.9 -9999.9 -0.0621999986 37.2971992493 -999.999 3678
MKN 2023 02 24 23 00 00 133 4.9 35.02 0 661.4 6.38 -99.9 -99.9 -99.9 -9999.9 -9999.9 -0.0621999986 37.2971992493 -999.999 3678
MKN 2023 02 25 00 00 00 122 3.6 38.97 0 661.2 6.65 -99.9 -99.9 -99.9 -9999.9 -9999.9 -0.0621999986 37.2971992493 -999.999 3678
MKN 2023 02 25 01 00 00 132 2.7 54.23 0 661.1 5.08 -99.9 -99.9 -99.9 -9999.9 -9999.9 -0.0621999986 37.2971992493 -999.999 3678
MKN 2023 02 25 02 00 00 123 4.1 36.92 0 661.1 5.28 -99.9 -99.9 -99.9 -9999.9 -9999.9 -0.0621999986 37.2971992493 -999.999 3678
MKN 2023 02 25 03 00 00 123 7.1 23.85 0 661.2 6.22 -99.9 -99.9 -99.9 -9999.9 -9999.9 -0.0621999986 37.2971992493 -999.999 3678
MKN 2023 02 25 04 00 00 123 7.6 19.5 0 661.4 7.7 -99.9 -99.9 -99.9 -9999.9 -9999.9 -0.0621999986 37.2971992493 -999.999 3678
MKN 2023 02 25 05 00 00 119 5.8 18.58 0 661.9 10.72 -99.9 -99.9 -99.9 -9999.9 -9999.9 -0.0621999986 37.2971992493 -999.999 3678
MKN 2023 02 25 06 00 00 104 6.6 17.07 0 662.3 12.07 -99.9 -99.9 -99.9 -9999.9 -9999.9 -0.0621999986 37.2971992493 -999.999 3678
MKN 2023 02 25 07 00 00 101 6 16.72 0 662.6 13.47 -99.9 -99.9 -99.9 -9999.9 -9999.9 -0.0621999986 37.2971992493 -999.999 3678
MKN 2023 02 25 08 00 00 61 5.4 34.95 0 662.9 12.48 -99.9 -99.9 -99.9 -9999.9 -9999.9 -0.0621999986 37.2971992493 -999.999 3678
MKN 2023 02 25 09 00 00 308 5.3 40.82 0 662.7 13.27 -99.9 -99.9 -99.9 -9999.9 -9999.9 -0.0621999986 37.2971992493 -999.999 3678
MKN 2023 02 25 10 00 00 285 6.5 45.85 0 662.3 12.12 -99.9 -99.9 -99.9 -9999.9 -9999.9 -0.0621999986 37.2971992493 -999.999 3678
MKN 2023 02 25 11 00 00 271 8.9 61.75 0 661.7 10.73 -99.9 -99.9 -99.9 -9999.9 -9999.9 -0.0621999986 37.2971992493 -999.999 3678
MKN 2023 02 25 12 00 00 265 6.4 54.62 0 661.4 10.9 -99.9 -99.9 -99.9 -9999.9 -9999.9 -0.0621999986 37.2971992493 -999.999 3678
MKN 2023 02 25 13 00 00 268 5.8 53.4 0 661.1 10.47 -99.9 -99.9 -99.9 -9999.9 -9999.9 -0.0621999986 37.2971992493 -999.999 3678
MKN 2023 02 25 14 00 00 299 4.9 62.88 0 660.7 9.55 -99.9 -99.9 -99.9 -9999.9 -9999.9 -0.0621999986 37.2971992493 -999.999 3678
MKN 2023 02 25 15 00 00 288 4.7 -99.9 -99.9 660.8 -99.9 -99.9 -99.9 -99.9 -9999.9 -9999.9 -0.0621999986 37.2971992493 -999.999 3678
MKN 2023 03 02 11 00 00 -99.9 -99.9 97.7 -99.9 -999.9 7.5 -99.9 -99.9 -99.9 -9999.9 -9999.9 -0.0621999986 37.2971992493 -999.999 3678
MKN 2023 03 02 12 00 00 -99.9 -99.9 97.97 -99.9 661.5 7.33 -99.9 -99.9 -99.9 -9999.9 -9999.9 -0.0621999986 37.2971992493 -999.999 3678
MKN 2023 03 02 13 00 00 69 5.2 94.43 0.9 661.1 8.38 -99.9 -99.9 -99.9 -9999.9 -9999.9 -0.0621999986 37.2971992493 -999.999 3678
MKN 2023 03 02 14 00 00 72 6.2 87.43 0 660.7 7.35 -99.9 -99.9 -99.9 -9999.9 -9999.9 -0.0621999986 37.2971992493 -999.999 3678
MKN 2023 03 02 15 00 00 142 4.6 88.95 0 660.8 7.05 -99.9 -99.9 -99.9 -9999.9 -9999.9 -0.0621999986 37.2971992493 -999.999 3678
MKN 2023 03 02 16 00 00 136 3.9 93.52 0 661.1 6.4 -99.9 -99.9 -99.9 -9999.9 -9999.9 -0.0621999986 37.2971992493 -999.999 3678
MKN 2023 03 02 17 00 00 155 3.3 86.07 0 661.3 6.52 -99.9 -99.9 -99.9 -9999.9 -9999.9 -0.0621999986 37.2971992493 -999.999 3678
MKN 2023 03 02 18 00 00 207 1.5 93.05 0 662 4.85 -99.9 -99.9 -99.9 -9999.9 -9999.9 -0.0621999986 37.2971992493 -999.999 3678
MKN 2023 03 02 19 00 00 176 1.6 91.65 0 662.4 5.17 -99.9 -99.9 -99.9 -9999.9 -9999.9 -0.0621999986 37.2971992493 -999.999 3678
MKN 2023 03 02 20 00 00 164 2.6 87.22 0 662.8 6 -99.9 -99.9 -99.9 -9999.9 -9999.9 -0.0621999986 37.2971992493 -999.999 3678
MKN 2023 03 02 21 00 00 100 1.7 94.7 0 662.9 5.42 -99.9 -99.9 -99.9 -9999.9 -9999.9 -0.0621999986 37.2971992493 -999.999 3678
MKN 2023 03 02 22 00 00 108 2.8 78.6 0 662.5 4.65 -99.9 -99.9 -99.9 -9999.9 -9999.9 -0.0621999986 37.2971992493 -999.999 3678
MKN 2023 03 02 23 00 00 130 6 71.33 0 661.8 4.33 -99.9 -99.9 -99.9 -9999.9 -9999.9 -0.0621999986 37.2971992493 -999.999 3678
MKN 2023 03 03 00 00 00 134 6.3 65 0 661.4 3.88 -99.9 -99.9 -99.9 -9999.9 -9999.9 -0.0621999986 37.2971992493 -999.999 3678
MKN 2023 03 03 01 00 00 136 6.2 65.02 0 661 3.47 -99.9 -99.9 -99.9 -9999.9 -9999.9 -0.0621999986 37.2971992493 -999.999 3678
MKN 2023 03 03 02 00 00 137 4.7 66.73 0 661 3.07 -99.9 -99.9 -99.9 -9999.9 -9999.9 -0.0621999986 37.2971992493 -999.999 3678
MKN 2023 03 03 03 00 00 121 3.8 56.75 0 661.3 3.67 -99.9 -99.9 -99.9 -9999.9 -9999.9 -0.0621999986 37.2971992493 -999.999 3678
MKN 2023 03 03 04 00 00 123 5.8 47.52 0 661.6 5.23 -99.9 -99.9 -99.9 -9999.9 -9999.9 -0.0621999986 37.2971992493 -999.999 3678
MKN 2023 03 03 05 00 00 132 6.2 41.32 0 662.2 8.88 -99.9 -99.9 -99.9 -9999.9 -9999.9 -0.0621999986 37.2971992493 -999.999 3678
MKN 2023 03 03 06 00 00 96 5 34.63 0 662.8 9.97 -99.9 -99.9 -99.9 -9999.9 -9999.9 -0.0621999986 37.2971992493 -999.999 3678
MKN 2023 03 03 07 00 00 91 5.7 38.23 0 663.3 11.37 -99.9 -99.9 -99.9 -9999.9 -9999.9 -0.0621999986 37.2971992493 -999.999 3678
MKN 2023 03 03 08 00 00 39 6.1 44.95 0 663.3 11.63 -99.9 -99.9 -99.9 -9999.9 -9999.9 -0.0621999986 37.2971992493 -999.999 3678
MKN 2023 03 03 09 00 00 29 6.7 56.73 0 663 10.72 -99.9 -99.9 -99.9 -9999.9 -9999.9 -0.0621999986 37.2971992493 -999.999 3678
MKN 2023 03 03 10 00 00 36 6.5 73.52 0 662.5 9.07 -99.9 -99.9 -99.9 -9999.9 -9999.9 -0.0621999986 37.2971992493 -999.999 3678
MKN 2023 03 03 11 00 00 42 7.6 94.18 0 661.9 7.3 -99.9 -99.9 -99.9 -9999.9 -9999.9 -0.0621999986 37.2971992493 -999.999 3678
MKN 2023 03 03 12 00 00 55 4.7 97.5 6.1 661.5 7.42 -99.9 -99.9 -99.9 -9999.9 -9999.9 -0.0621999986 37.2971992493 -999.999 3678
MKN 2023 03 03 13 00 00 70 7.2 99.08 0 661.1 7.32 -99.9 -99.9 -99.9 -9999.9 -9999.9 -0.0621999986 37.2971992493 -999.999 3678
MKN 2023 03 03 14 00 00 81 7.8 99.23 0.5 660.8 6.62 -99.9 -99.9 -99.9 -9999.9 -9999.9 -0.0621999986 37.2971992493 -999.999 3678
MKN 2023 03 03 15 00 00 101 7.2 96.28 0 661.1 6.48 -99.9 -99.9 -99.9 -9999.9 -9999.9 -0.0621999986 37.2971992493 -999.999 3678
MKN 2023 03 03 16 00 00 137 7.3 96.78 0 661.3 5.72 -99.9 -99.9 -99.9 -9999.9 -9999.9 -0.0621999986 37.2971992493 -999.999 3678
MKN 2023 03 03 17 00 00 129 7.4 85.78 0 661.8 5.7 -99.9 -99.9 -99.9 -9999.9 -9999.9 -0.0621999986 37.2971992493 -999.999 3678
MKN 2023 03 03 18 00 00 162 4.6 84.58 0 662.4 5.42 -99.9 -99.9 -99.9 -9999.9 -9999.9 -0.0621999986 37.2971992493 -999.999 3678
MKN 2023 03 03 19 00 00 121 2.6 76.52 0 663.1 4.4 -99.9 -99.9 -99.9 -9999.9 -9999.9 -0.0621999986 37.2971992493 -999.999 3678
MKN 2023 03 03 20 00 00 136 6.5 65.67 0 663.3 4.02 -99.9 -99.9 -99.9 -9999.9 -9999.9 -0.0621999986 37.2971992493 -999.999 3678
MKN 2023 03 03 21 00 00 137 7.3 59.9 0 663.1 3.85 -99.9 -99.9 -99.9 -9999.9 -9999.9 -0.0621999986 37.2971992493 -999.999 3678
MKN 2023 03 03 22 00 00 137 7.2 57.68 0 662.8 4 -99.9 -99.9 -99.9 -9999.9 -9999.9 -0.0621999986 37.2971992493 -999.999 3678
MKN 2023 03 03 23 00 00 134 8.6 63.47 0 662.1 4.03 -99.9 -99.9 -99.9 -9999.9 -9999.9 -0.0621999986 37.2971992493 -999.999 3678
MKN 2023 03 04 00 00 00 135 9.8 84.33 0 661.8 3.53 -99.9 -99.9 -99.9 -9999.9 -9999.9 -0.0621999986 37.2971992493 -999.999 3678
MKN 2023 03 04 01 00 00 136 10.7 86.23 0 661.4 3.48 -99.9 -99.9 -99.9 -9999.9 -9999.9 -0.0621999986 37.2971992493 -999.999 3678
MKN 2023 03 04 02 00 00 136 11.2 81.22 0 661.4 3.42 -99.9 -99.9 -99.9 -9999.9 -9999.9 -0.0621999986 37.2971992493 -999.999 3678
MKN 2023 03 04 03 00 00 134 9.7 69.02 0 661.8 3.97 -99.9 -99.9 -99.9 -9999.9 -9999.9 -0.0621999986 37.2971992493 -999.999 3678
MKN 2023 03 04 04 00 00 134 10.1 58.02 0 662.2 5.48 -99.9 -99.9 -99.9 -9999.9 -9999.9 -0.0621999986 37.2971992493 -999.999 3678
MKN 2023 03 04 05 00 00 126 7.7 40.63 0 662.8 8.78 -99.9 -99.9 -99.9 -9999.9 -9999.9 -0.0621999986 37.2971992493 -999.999 3678
MKN 2023 03 04 06 00 00 114 5.8 41.03 0 663.3 10.65 -99.9 -99.9 -99.9 -9999.9 -9999.9 -0.0621999986 37.2971992493 -999.999 3678
MKN 2023 03 04 07 00 00 81 4.4 49.32 0 663.6 10.98 -99.9 -99.9 -99.9 -9999.9 -9999.9 -0.0621999986 37.2971992493 -999.999 3678
MKN 2023 03 04 08 00 00 301 2.7 57.57 0 663.7 10.93 -99.9 -99.9 -99.9 -9999.9 -9999.9 -0.0621999986 37.2971992493 -999.999 3678
MKN 2023 03 04 09 00 00 301 3 64.33 0 663.5 11.13 -99.9 -99.9 -99.9 -9999.9 -9999.9 -0.0621999986 37.2971992493 -999.999 3678
MKN 2023 03 04 10 00 00 255 6.2 68.42 0 663.1 10.68 -99.9 -99.9 -99.9 -9999.9 -9999.9 -0.0621999986 37.2971992493 -999.999 3678
MKN 2023 03 04 11 00 00 267 5.8 70.68 0 662.5 10.73 -99.9 -99.9 -99.9 -9999.9 -9999.9 -0.0621999986 37.2971992493 -999.999 3678
MKN 2023 03 04 12 00 00 61 5.7 71.98 0 661.8 9.37 -99.9 -99.9 -99.9 -9999.9 -9999.9 -0.0621999986 37.2971992493 -999.999 3678
MKN 2023 03 04 13 00 00 87 6.1 77.82 0 661.8 9.05 -99.9 -99.9 -99.9 -9999.9 -9999.9 -0.0621999986 37.2971992493 -999.999 3678
MKN 2023 03 04 14 00 00 73 6.7 89.08 0 661.5 7.62 -99.9 -99.9 -99.9 -9999.9 -9999.9 -0.0621999986 37.2971992493 -999.999 3678
MKN 2023 03 04 15 00 00 98 3.9 93.07 2.6 661.9 6.35 -99.9 -99.9 -99.9 -9999.9 -9999.9 -0.0621999986 37.2971992493 -999.999 3678
MKN 2023 03 04 16 00 00 -99.9 6.7 -99.9 -99.9 662.1 5.72 -99.9 -99.9 -99.9 -9999.9 -9999.9 -0.0621999986 37.2971992493 -999.999 3678
MKN 2023 03 04 17 00 00 -99.9 7.1 -99.9 -99.9 662.4 5.15 -99.9 -99.9 -99.9 -9999.9 -9999.9 -0.0621999986 37.2971992493 -999.999 3678
MKN 2023 03 04 18 00 00 -99.9 7.3 -99.9 -99.9 662.7 4.6 -99.9 -99.9 -99.9 -9999.9 -9999.9 -0.0621999986 37.2971992493 -999.999 3678
MKN 2023 03 04 19 00 00 -99.9 7.6 -99.9 -99.9 663 4.15 -99.9 -99.9 -99.9 -9999.9 -9999.9 -0.0621999986 37.2971992493 -999.999 3678
MKN 2023 03 04 20 00 00 -99.9 7.9 50.8 -99.9 663.2 3.85 -99.9 -99.9 -99.9 -9999.9 -9999.9 -0.0621999986 37.2971992493 -999.999 3678
MKN 2023 03 04 21 00 00 132 8.3 54.57 -99.9 663.2 3.68 -99.9 -99.9 -99.9 -9999.9 -9999.9 -0.0621999986 37.2971992493 -999.999 3678
MKN 2023 03 04 22 00 00 121 8.4 56.17 0 662.6 4.65 -99.9 -99.9 -99.9 -9999.9 -9999.9 -0.0621999986 37.2971992493 -999.999 3678
MKN 2023 03 04 23 00 00 124 10.4 59.68 0 662 4.68 -99.9 -99.9 -99.9 -9999.9 -9999.9 -0.0621999986 37.2971992493 -999.999 3678
MKN 2023 03 05 00 00 00 130 10.2 56.42 0 661.5 4.13 -99.9 -99.9 -99.9 -9999.9 -9999.9 -0.0621999986 37.2971992493 -999.999 3678
MKN 2023 03 05 01 00 00 134 9.5 53.4 0 661.3 4.1 -99.9 -99.9 -99.9 -9999.9 -9999.9 -0.0621999986 37.2971992493 -999.999 3678
MKN 2023 03 05 02 00 00 125 7.5 53.65 0 661.8 4.53 -99.9 -99.9 -99.9 -9999.9 -9999.9 -0.0621999986 37.2971992493 -999.999 3678
MKN 2023 03 05 03 00 00 130 6 51.8 0 662.2 4.7 -99.9 -99.9 -99.9 -9999.9 -9999.9 -0.0621999986 37.2971992493 -999.999 3678
MKN 2023 03 05 04 00 00 127 7 45.08 0 662.5 6.13 -99.9 -99.9 -99.9 -9999.9 -9999.9 -0.0621999986 37.2971992493 -999.999 3678
MKN 2023 03 05 05 00 00 138 5.9 39.57 0 663.1 9 -99.9 -99.9 -99.9 -9999.9 -9999.9 -0.0621999986 37.2971992493 -999.999 3678
MKN 2023 03 05 06 00 00 82 5.4 36.65 0 663.8 10.3 -99.9 -99.9 -99.9 -9999.9 -9999.9 -0.0621999986 37.2971992493 -999.999 3678
MKN 2023 03 05 07 00 00 67 5.9 36.55 0 664.2 11.65 -99.9 -99.9 -99.9 -9999.9 -9999.9 -0.0621999986 37.2971992493 -999.999 3678
MKN 2023 03 05 08 00 00 65 8.2 36.68 0 664.3 12.48 -99.9 -99.9 -99.9 -9999.9 -9999.9 -0.0621999986 37.2971992493 -999.999 3678
MKN 2023 03 05 09 00 00 57 8.2 39.32 0 663.9 13.07 -99.9 -99.9 -99.9 -9999.9 -9999.9 -0.0621999986 37.2971992493 -999.999 3678
MKN 2023 03 05 10 00 00 77 8.4 42.68 0 663.3 12.63 -99.9 -99.9 -99.9 -9999.9 -9999.9 -0.0621999986 37.2971992493 -999.999 3678
MKN 2023 03 05 11 00 00 76 7.6 42.25 0 662.6 12.22 -99.9 -99.9 -99.9 -9999.9 -9999.9 -0.0621999986 37.2971992493 -999.999 3678
MKN 2023 03 05 12 00 00 75 8.4 45.45 0 662 12.22 -99.9 -99.9 -99.9 -9999.9 -9999.9 -0.0621999986 37.2971992493 -999.999 3678
MKN 2023 03 05 13 00 00 57 8.1 60.82 0 661.7 11.05 -99.9 -99.9 -99.9 -9999.9 -9999.9 -0.0621999986 37.2971992493 -999.999 3678
MKN 2023 03 05 14 00 00 46 7.6 75.42 0 661.8 9.4 -99.9 -99.9 -99.9 -9999.9 -9999.9 -0.0621999986 37.2971992493 -999.999 3678
MKN 2023 03 05 15 00 00 63 6.1 78.85 0 661.8 7.88 -99.9 -99.9 -99.9 -9999.9 -9999.9 -0.0621999986 37.2971992493 -999.999 3678
MKN 2023 03 05 16 00 00 115 6.4 72.98 0 662 5.9 -99.9 -99.9 -99.9 -9999.9 -9999.9 -0.0621999986 37.2971992493 -999.999 3678
MKN 2023 03 05 17 00 00 132 7.9 55.9 0 662.3 5.47 -99.9 -99.9 -99.9 -9999.9 -9999.9 -0.0621999986 37.2971992493 -999.999 3678
MKN 2023 03 05 18 00 00 138 8.9 52.25 0 662.5 5.07 -99.9 -99.9 -99.9 -9999.9 -9999.9 -0.0621999986 37.2971992493 -999.999 3678
MKN 2023 03 05 19 00 00 133 9.2 46.93 0 662.7 4.6 -99.9 -99.9 -99.9 -9999.9 -9999.9 -0.0621999986 37.2971992493 -999.999 3678
MKN 2023 03 05 20 00 00 131 11.2 41.82 0 662.5 4.43 -99.9 -99.9 -99.9 -9999.9 -9999.9 -0.0621999986 37.2971992493 -999.999 3678
MKN 2023 03 05 21 00 00 134 11.3 46.5 0 662.3 4.22 -99.9 -99.9 -99.9 -9999.9 -9999.9 -0.0621999986 37.2971992493 -999.999 3678
MKN 2023 03 05 22 00 00 128 10.4 56.37 0 661.9 3.85 -99.9 -99.9 -99.9 -9999.9 -9999.9 -0.0621999986 37.2971992493 -999.999 3678
MKN 2023 03 05 23 00 00 119 11.3 58.18 0 661.3 3.9 -99.9 -99.9 -99.9 -9999.9 -9999.9 -0.0621999986 37.2971992493 -999.999 3678
MKN 2023 03 06 00 00 00 121 10.7 63.32 0 661 3.33 -99.9 -99.9 -99.9 -9999.9 -9999.9 -0.0621999986 37.2971992493 -999.999 3678
MKN 2023 03 06 01 00 00 114 10.9 65.97 0 661 3.13 -99.9 -99.9 -99.9 -9999.9 -9999.9 -0.0621999986 37.2971992493 -999.999 3678
MKN 2023 03 06 02 00 00 116 9.8 62.7 0 660.8 3.4 -99.9 -99.9 -99.9 -9999.9 -9999.9 -0.0621999986 37.2971992493 -999.999 3678
MKN 2023 03 06 03 00 00 123 9.4 54.57 0 661 3.7 -99.9 -99.9 -99.9 -9999.9 -9999.9 -0.0621999986 37.2971992493 -999.999 3678
MKN 2023 03 06 04 00 00 128 8.3 53.87 0 661.4 4.92 -99.9 -99.9 -99.9 -9999.9 -9999.9 -0.0621999986 37.2971992493 -999.999 3678
MKN 2023 03 06 05 00 00 111 7.6 47.67 0 662.1 7.48 -99.9 -99.9 -99.9 -9999.9 -9999.9 -0.0621999986 37.2971992493 -999.999 3678
MKN 2023 03 06 06 00 00 91 8.6 43.13 0 662.7 8.8 -99.9 -99.9 -99.9 -9999.9 -9999.9 -0.0621999986 37.2971992493 -999.999 3678
MKN 2023 03 06 07 00 00 74 10.4 41.92 0 663 10.1 -99.9 -99.9 -99.9 -9999.9 -9999.9 -0.0621999986 37.2971992493 -999.999 3678
MKN 2023 03 06 08 00 00 72 10.2 40.22 0 662.9 10.87 -99.9 -99.9 -99.9 -9999.9 -9999.9 -0.0621999986 37.2971992493 -999.999 3678
MKN 2023 03 06 09 00 00 69 9 38.86 0 662.7 11.97 -99.9 -99.9 -99.9 -9999.9 -9999.9 -0.0621999986 37.2971992493 -999.999 3678
MKN 2023 03 06 10 00 00 59 6.6 41.85 0 661.9 12.75 -99.9 -99.9 -99.9 -9999.9 -9999.9 -0.0621999986 37.2971992493 -999.999 3678
MKN 2023 03 06 11 00 00 65 8.7 49.27 0 661.4 11.97 -99.9 -99.9 -99.9 -9999.9 -9999.9 -0.0621999986 37.2971992493 -999.999 3678
MKN 2023 03 06 12 00 00 66 8.9 54.13 0 660.8 11.9 -99.9 -99.9 -99.9 -9999.9 -9999.9 -0.0621999986 37.2971992493 -999.999 3678
MKN 2023 03 06 13 00 00 -99.9 -99.9 -99.9 -99.9 660.5 -99.9 -99.9 -99.9 -99.9 -9999.9 -9999.9 -0.0621999986 37.2971992493 -999.999 3678
MKN 2023 03 28 14 00 00 -99.9 -99.9 56.83 -99.9 -999.9 10.7 -99.9 -99.9 -99.9 -9999.9 -9999.9 -0.0621999986 37.2971992493 -999.999 3678
MKN 2023 03 28 15 00 00 106 6.4 84.2 0 660.1 7.77 -99.9 -99.9 -99.9 -9999.9 -9999.9 -0.0621999986 37.2971992493 -999.999 3678
MKN 2023 03 28 16 00 00 133 4 63.25 0 660.6 6.38 -99.9 -99.9 -99.9 -9999.9 -9999.9 -0.0621999986 37.2971992493 -999.999 3678
MKN 2023 03 28 17 00 00 129 7.9 58.6 0 660.8 5.88 -99.9 -99.9 -99.9 -9999.9 -9999.9 -0.0621999986 37.2971992493 -999.999 3678
MKN 2023 03 28 18 00 00 133 7.9 63.87 0 661.4 5.6 -99.9 -99.9 -99.9 -9999.9 -9999.9 -0.0621999986 37.2971992493 -999.999 3678
MKN 2023 03 28 19 00 00 134 7.6 58.23 0 661.8 5.48 -99.9 -99.9 -99.9 -9999.9 -9999.9 -0.0621999986 37.2971992493 -999.999 3678
MKN 2023 03 28 20 00 00 141 8.2 49.53 0 662.1 5.38 -99.9 -99.9 -99.9 -9999.9 -9999.9 -0.0621999986 37.2971992493 -999.999 3678
MKN 2023 03 28 21 00 00 140 6.9 65.27 0 661.9 5.35 -99.9 -99.9 -99.9 -9999.9 -9999.9 -0.0621999986 37.2971992493 -999.999 3678
MKN 2023 03 28 22 00 00 142 8.1 71.8 0 661.4 5.58 -99.9 -99.9 -99.9 -9999.9 -9999.9 -0.0621999986 37.2971992493 -999.999 3678
MKN 2023 03 28 23 00 00 143 8.9 56.57 0 660.8 6.08 -99.9 -99.9 -99.9 -9999.9 -9999.9 -0.0621999986 37.2971992493 -999.999 3678
MKN 2023 03 29 00 00 00 131 7.6 55.67 0 660.6 5.08 -99.9 -99.9 -99.9 -9999.9 -9999.9 -0.0621999986 37.2971992493 -999.999 3678
MKN 2023 03 29 01 00 00 131 8.4 56 0 660.5 4.92 -99.9 -99.9 -99.9 -9999.9 -9999.9 -0.0621999986 37.2971992493 -999.999 3678
MKN 2023 03 29 02 00 00 134 8 57.48 0 660.7 5.07 -99.9 -99.9 -99.9 -9999.9 -9999.9 -0.0621999986 37.2971992493 -999.999 3678
MKN 2023 03 29 03 00 00 132 8.4 50.3 0 660.8 4.67 -99.9 -99.9 -99.9 -9999.9 -9999.9 -0.0621999986 37.2971992493 -999.999 3678
MKN 2023 03 29 04 00 00 134 9.2 55.95 0 661 6.98 -99.9 -99.9 -99.9 -9999.9 -9999.9 -0.0621999986 37.2971992493 -999.999 3678
MKN 2023 03 29 05 00 00 125 10.6 58.15 0 661.5 9.08 -99.9 -99.9 -99.9 -9999.9 -9999.9 -0.0621999986 37.2971992493 -999.999 3678
MKN 2023 03 29 06 00 00 111 9.9 47.77 0 662.3 10.4 -99.9 -99.9 -99.9 -9999.9 -9999.9 -0.0621999986 37.2971992493 -999.999 3678
MKN 2023 03 29 07 00 00 100 8.9 47.25 0 662.7 11.23 -99.9 -99.9 -99.9 -9999.9 -9999.9 -0.0621999986 37.2971992493 -999.999 3678
MKN 2023 03 29 08 00 00 89 8.6 46.4 0 662.9 12.1 -99.9 -99.9 -99.9 -9999.9 -9999.9 -0.0621999986 37.2971992493 -999.999 3678
MKN 2023 03 29 09 00 00 108 6.7 55.42 0 662.8 11.8 -99.9 -99.9 -99.9 -9999.9 -9999.9 -0.0621999986 37.2971992493 -999.999 3678
MKN 2023 03 29 10 00 00 82 5.2 69.5 0 662.5 11.75 -99.9 -99.9 -99.9 -9999.9 -9999.9 -0.0621999986 37.2971992493 -999.999 3678
MKN 2023 03 29 11 00 00 326 3.6 66.22 0 662.1 11.52 -99.9 -99.9 -99.9 -9999.9 -9999.9 -0.0621999986 37.2971992493 -999.999 3678
MKN 2023 03 29 12 00 00 99 3.3 66.42 0 661.6 11.52 -99.9 -99.9 -99.9 -9999.9 -9999.9 -0.0621999986 37.2971992493 -999.999 3678
MKN 2023 03 29 13 00 00 32 3.2 70.17 0 661.3 11.03 -99.9 -99.9 -99.9 -9999.9 -9999.9 -0.0621999986 37.2971992493 -999.999 3678
MKN 2023 03 29 14 00 00 17 3.2 69.62 0 660.9 9.72 -99.9 -99.9 -99.9 -9999.9 -9999.9 -0.0621999986 37.2971992493 -999.999 3678
MKN 2023 03 29 15 00 00 111 4.6 88.93 0 660.7 7.67 -99.9 -99.9 -99.9 -9999.9 -9999.9 -0.0621999986 37.2971992493 -999.999 3678
MKN 2023 03 29 16 00 00 132 3.6 71.78 0 661 5.73 -99.9 -99.9 -99.9 -9999.9 -9999.9 -0.0621999986 37.2971992493 -999.999 3678
MKN 2023 03 29 17 00 00 136 7 58.23 0 661.1 5.25 -99.9 -99.9 -99.9 -9999.9 -9999.9 -0.0621999986 37.2971992493 -999.999 3678
MKN 2023 03 29 18 00 00 137 6.9 53.53 0 661.6 4.97 -99.9 -99.9 -99.9 -9999.9 -9999.9 -0.0621999986 37.2971992493 -999.999 3678
MKN 2023 03 29 19 00 00 140 6.2 60.33 0 662.1 4.93 -99.9 -99.9 -99.9 -9999.9 -9999.9 -0.0621999986 37.2971992493 -999.999 3678
MKN 2023 03 29 20 00 00 134 7.2 59.7 0 662.4 5.6 -99.9 -99.9 -99.9 -9999.9 -9999.9 -0.0621999986 37.2971992493 -999.999 3678
MKN 2023 03 29 21 00 00 130 7.9 65.08 0 662.3 5.55 -99.9 -99.9 -99.9 -9999.9 -9999.9 -0.0621999986 37.2971992493 -999.999 3678
MKN 2023 03 29 22 00 00 122 8.1 63.08 0 661.9 4.83 -99.9 -99.9 -99.9 -9999.9 -9999.9 -0.0621999986 37.2971992493 -999.999 3678
MKN 2023 03 29 23 00 00 121 8.2 63.5 0 661.3 5.02 -99.9 -99.9 -99.9 -9999.9 -9999.9 -0.0621999986 37.2971992493 -999.999 3678
MKN 2023 03 30 00 00 00 117 8.9 65.33 0 660.7 5.07 -99.9 -99.9 -99.9 -9999.9 -9999.9 -0.0621999986 37.2971992493 -999.999 3678
MKN 2023 03 30 01 00 00 124 9.2 70.33 0 660.5 4.77 -99.9 -99.9 -99.9 -9999.9 -9999.9 -0.0621999986 37.2971992493 -999.999 3678
MKN 2023 03 30 02 00 00 128 8.6 69.02 0 660.6 5.32 -99.9 -99.9 -99.9 -9999.9 -9999.9 -0.0621999986 37.2971992493 -999.999 3678
MKN 2023 03 30 03 00 00 126 8.7 61.4 0 660.8 5.75 -99.9 -99.9 -99.9 -9999.9 -9999.9 -0.0621999986 37.2971992493 -999.999 3678
MKN 2023 03 30 04 00 00 131 8.5 57.97 0 661 7.33 -99.9 -99.9 -99.9 -9999.9 -9999.9 -0.0621999986 37.2971992493 -999.999 3678
MKN 2023 03 30 05 00 00 129 9.4 56.9 0 661.4 9.57 -99.9 -99.9 -99.9 -9999.9 -9999.9 -0.0621999986 37.2971992493 -999.999 3678
MKN 2023 03 30 06 00 00 114 8 -99.9 0 662.1 -99.9 -99.9 -99.9 -99.9 -9999.9 -9999.9 -0.0621999986 37.2971992493 -999.999 3678
MKN 2023 04 03 08 00 00 -99.9 -99.9 92.52 -99.9 -999.9 9.12 -99.9 -99.9 -99.9 -9999.9 -9999.9 -0.0621999986 37.2971992493 -999.999 3678
MKN 2023 04 03 09 00 00 299 4 98.12 0 661.2 8.88 -99.9 -99.9 -99.9 -9999.9 -9999.9 -0.0621999986 37.2971992493 -999.999 3678
MKN 2023 04 03 10 00 00 348 3.8 99.05 2.5 660.8 8.12 -99.9 -99.9 -99.9 -9999.9 -9999.9 -0.0621999986 37.2971992493 -999.999 3678
MKN 2023 04 03 11 00 00 357 3.2 89.68 1.2 659.9 8.03 -99.9 -99.9 -99.9 -9999.9 -9999.9 -0.0621999986 37.2971992493 -999.999 3678
MKN 2023 04 03 12 00 00 115 7.7 72.77 0.4 659 9.85 -99.9 -99.9 -99.9 -9999.9 -9999.9 -0.0621999986 37.2971992493 -999.999 3678
MKN 2023 04 03 13 00 00 9 3.3 88.33 0 658.8 8.38 -99.9 -99.9 -99.9 -9999.9 -9999.9 -0.0621999986 37.2971992493 -999.999 3678
MKN 2023 04 03 14 00 00 317 2.6 93.98 0 658.9 7.92 -99.9 -99.9 -99.9 -9999.9 -9999.9 -0.0621999986 37.2971992493 -999.999 3678
MKN 2023 04 03 15 00 00 261 2.2 90.18 0 659 6.68 -99.9 -99.9 -99.9 -9999.9 -9999.9 -0.0621999986 37.2971992493 -999.999 3678
MKN 2023 04 03 16 00 00 132 6.4 78.25 0 659.4 5.58 -99.9 -99.9 -99.9 -9999.9 -9999.9 -0.0621999986 37.2971992493 -999.999 3678
MKN 2023 04 03 17 00 00 140 7.2 72.55 0 659.7 5 -99.9 -99.9 -99.9 -9999.9 -9999.9 -0.0621999986 37.2971992493 -999.999 3678
MKN 2023 04 03 18 00 00 149 5.4 81.77 0 660.1 4.6 -99.9 -99.9 -99.9 -9999.9 -9999.9 -0.0621999986 37.2971992493 -999.999 3678
MKN 2023 04 03 19 00 00 171 2.7 94.33 0 660.6 4.17 -99.9 -99.9 -99.9 -9999.9 -9999.9 -0.0621999986 37.2971992493 -999.999 3678
MKN 2023 04 03 20 00 00 146 1.8 90.72 0 661 5.02 -99.9 -99.9 -99.9 -9999.9 -9999.9 -0.0621999986 37.2971992493 -999.999 3678
MKN 2023 04 03 21 00 00 121 7.1 91.85 0.5 660.6 5.15 -99.9 -99.9 -99.9 -9999.9 -9999.9 -0.0621999986 37.2971992493 -999.999 3678
MKN 2023 04 03 22 00 00 137 8.2 82.52 0 660.1 6.17 -99.9 -99.9 -99.9 -9999.9 -9999.9 -0.0621999986 37.2971992493 -999.999 3678
MKN 2023 04 03 23 00 00 97 3 86.22 0 659.9 5.5 -99.9 -99.9 -99.9 -9999.9 -9999.9 -0.0621999986 37.2971992493 -999.999 3678
MKN 2023 04 04 00 00 00 123 4 81.93 0 659.6 5.88 -99.9 -99.9 -99.9 -9999.9 -9999.9 -0.0621999986 37.2971992493 -999.999 3678
MKN 2023 04 04 01 00 00 123 4.7 83.8 0 659.3 5.62 -99.9 -99.9 -99.9 -9999.9 -9999.9 -0.0621999986 37.2971992493 -999.999 3678
MKN 2023 04 04 02 00 00 132 3.3 82.83 0 659.4 6.23 -99.9 -99.9 -99.9 -9999.9 -9999.9 -0.0621999986 37.2971992493 -999.999 3678
MKN 2023 04 04 03 00 00 144 5.4 82.27 0 659.5 6.45 -99.9 -99.9 -99.9 -9999.9 -9999.9 -0.0621999986 37.2971992493 -999.999 3678
MKN 2023 04 04 04 00 00 132 5.5 78.22 0 660.2 7.23 -99.9 -99.9 -99.9 -9999.9 -9999.9 -0.0621999986 37.2971992493 -999.999 3678
MKN 2023 04 04 05 00 00 131 7.5 79.77 0 660.6 7.92 -99.9 -99.9 -99.9 -9999.9 -9999.9 -0.0621999986 37.2971992493 -999.999 3678
MKN 2023 04 04 06 00 00 122 7.6 81.25 0 661.3 8.72 -99.9 -99.9 -99.9 -9999.9 -9999.9 -0.0621999986 37.2971992493 -999.999 3678
MKN 2023 04 04 07 00 00 121 3.9 78.22 0 661.8 9.9 -99.9 -99.9 -99.9 -9999.9 -9999.9 -0.0621999986 37.2971992493 -999.999 3678
MKN 2023 04 04 08 00 00 113 4.2 72.65 0 662 10.37 -99.9 -99.9 -99.9 -9999.9 -9999.9 -0.0621999986 37.2971992493 -999.999 3678
MKN 2023 04 04 09 00 00 112 6.8 62.78 0 661.9 12.23 -99.9 -99.9 -99.9 -9999.9 -9999.9 -0.0621999986 37.2971992493 -999.999 3678
MKN 2023 04 04 10 00 00 100 7.1 62.6 0 661.2 11.82 -99.9 -99.9 -99.9 -9999.9 -9999.9 -0.0621999986 37.2971992493 -999.999 3678
MKN 2023 04 04 11 00 00 121 6.2 74.83 0 660.4 10.77 -99.9 -99.9 -99.9 -9999.9 -9999.9 -0.0621999986 37.2971992493 -999.999 3678
MKN 2023 04 04 12 00 00 219 3.6 95.17 0 660 9.12 -99.9 -99.9 -99.9 -9999.9 -9999.9 -0.0621999986 37.2971992493 -999.999 3678
MKN 2023 04 04 13 00 00 299 2 74.1 0 659.6 10.55 -99.9 -99.9 -99.9 -9999.9 -9999.9 -0.0621999986 37.2971992493 -999.999 3678
MKN 2023 04 04 14 00 00 132 4.4 98.52 0 659.4 8.53 -99.9 -99.9 -99.9 -9999.9 -9999.9 -0.0621999986 37.2971992493 -999.999 3678
MKN 2023 04 04 15 00 00 318 1.6 73.85 0 659.4 7.42 -99.9 -99.9 -99.9 -9999.9 -9999.9 -0.0621999986 37.2971992493 -999.999 3678
MKN 2023 04 04 16 00 00 132 2.9 49.85 0 659.8 5.25 -99.9 -99.9 -99.9 -9999.9 -9999.9 -0.0621999986 37.2971992493 -999.999 3678
MKN 2023 04 04 17 00 00 153 5.2 41.48 0 660.1 6.2 -99.9 -99.9 -99.9 -9999.9 -9999.9 -0.0621999986 37.2971992493 -999.999 3678
MKN 2023 04 04 18 00 00 136 6.4 38.87 0 660.5 5.62 -99.9 -99.9 -99.9 -9999.9 -9999.9 -0.0621999986 37.2971992493 -999.999 3678
MKN 2023 04 04 19 00 00 147 5.7 48.9 0 660.9 5 -99.9 -99.9 -99.9 -9999.9 -9999.9 -0.0621999986 37.2971992493 -999.999 3678
MKN 2023 04 04 20 00 00 156 4.9 51.68 0 661.1 5.68 -99.9 -99.9 -99.9 -9999.9 -9999.9 -0.0621999986 37.2971992493 -999.999 3678
MKN 2023 04 04 21 00 00 153 5.9 54.82 0 660.9 5.2 -99.9 -99.9 -99.9 -9999.9 -9999.9 -0.0621999986 37.2971992493 -999.999 3678
MKN 2023 04 04 22 00 00 152 4.9 42.87 0 660.8 5.92 -99.9 -99.9 -99.9 -9999.9 -9999.9 -0.0621999986 37.2971992493 -999.999 3678
MKN 2023 04 04 23 00 00 148 7.8 50.18 0 659.9 6.23 -99.9 -99.9 -99.9 -9999.9 -9999.9 -0.0621999986 37.2971992493 -999.999 3678
MKN 2023 04 05 00 00 00 141 9.4 56.87 0 659.6 6.4 -99.9 -99.9 -99.9 -9999.9 -9999.9 -0.0621999986 37.2971992493 -999.999 3678
MKN 2023 04 05 01 00 00 143 10.4 54.38 0 659.2 6.38 -99.9 -99.9 -99.9 -9999.9 -9999.9 -0.0621999986 37.2971992493 -999.999 3678
MKN 2023 04 05 02 00 00 142 11.4 56.4 0 659.1 6.27 -99.9 -99.9 -99.9 -9999.9 -9999.9 -0.0621999986 37.2971992493 -999.999 3678
MKN 2023 04 05 03 00 00 142 10.3 69.43 0 659.3 5.63 -99.9 -99.9 -99.9 -9999.9 -9999.9 -0.0621999986 37.2971992493 -999.999 3678
MKN 2023 04 05 04 00 00 146 8.8 69.73 0 659.8 6.83 -99.9 -99.9 -99.9 -9999.9 -9999.9 -0.0621999986 37.2971992493 -999.999 3678
MKN 2023 04 05 05 00 00 131 12.9 52.8 0 660 8.65 -99.9 -99.9 -99.9 -9999.9 -9999.9 -0.0621999986 37.2971992493 -999.999 3678
MKN 2023 04 05 06 00 00 122 12.8 43.87 0 660.8 10 -99.9 -99.9 -99.9 -9999.9 -9999.9 -0.0621999986 37.2971992493 -999.999 3678
MKN 2023 04 05 07 00 00 113 13.3 39.73 0 661.3 11.25 -99.9 -99.9 -99.9 -9999.9 -9999.9 -0.0621999986 37.2971992493 -999.999 3678
MKN 2023 04 05 08 00 00 125 11.5 48.83 0 661.4 11.63 -99.9 -99.9 -99.9 -9999.9 -9999.9 -0.0621999986 37.2971992493 -999.999 3678
MKN 2023 04 05 09 00 00 110 9.4 53.73 0 661.4 11.62 -99.9 -99.9 -99.9 -9999.9 -9999.9 -0.0621999986 37.2971992493 -999.999 3678
MKN 2023 04 05 10 00 00 106 6.6 54.22 0 661.2 11.73 -99.9 -99.9 -99.9 -9999.9 -9999.9 -0.0621999986 37.2971992493 -999.999 3678
MKN 2023 04 05 11 00 00 104 9.8 49.33 0 660.6 11.83 -99.9 -99.9 -99.9 -9999.9 -9999.9 -0.0621999986 37.2971992493 -999.999 3678
MKN 2023 04 05 12 00 00 101 8 47.17 0 660 11.9 -99.9 -99.9 -99.9 -9999.9 -9999.9 -0.0621999986 37.2971992493 -999.999 3678
MKN 2023 04 05 13 00 00 87 4.4 76.13 0 659.5 9.23 -99.9 -99.9 -99.9 -9999.9 -9999.9 -0.0621999986 37.2971992493 -999.999 3678
MKN 2023 04 05 14 00 00 98 3.4 73.03 0 659.5 8.6 -99.9 -99.9 -99.9 -9999.9 -9999.9 -0.0621999986 37.2971992493 -999.999 3678
MKN 2023 04 05 15 00 00 105 3.6 73.17 0 659.5 6.7 -99.9 -99.9 -99.9 -9999.9 -9999.9 -0.0621999986 37.2971992493 -999.999 3678
MKN 2023 04 05 16 00 00 137 7.3 77.52 0 659.7 6.25 -99.9 -99.9 -99.9 -9999.9 -9999.9 -0.0621999986 37.2971992493 -999.999 3678
MKN 2023 04 05 17 00 00 131 7.6 81.55 0 660 6.37 -99.9 -99.9 -99.9 -9999.9 -9999.9 -0.0621999986 37.2971992493 -999.999 3678
MKN 2023 04 05 18 00 00 127 7.4 79.25 0 660.5 5.42 -99.9 -99.9 -99.9 -9999.9 -9999.9 -0.0621999986 37.2971992493 -999.999 3678
MKN 2023 04 05 19 00 00 140 9.6 66.02 0 660.9 5.67 -99.9 -99.9 -99.9 -9999.9 -9999.9 -0.0621999986 37.2971992493 -999.999 3678
MKN 2023 04 05 20 00 00 144 10.8 57.25 0 660.8 5.25 -99.9 -99.9 -99.9 -9999.9 -9999.9 -0.0621999986 37.2971992493 -999.999 3678
MKN 2023 04 05 21 00 00 137 11.5 63 0 660.6 4.9 -99.9 -99.9 -99.9 -9999.9 -9999.9 -0.0621999986 37.2971992493 -999.999 3678
MKN 2023 04 05 22 00 00 142 9.1 66.3 0 660.4 4.98 -99.9 -99.9 -99.9 -9999.9 -9999.9 -0.0621999986 37.2971992493 -999.999 3678
MKN 2023 04 05 23 00 00 138 8.7 70.17 0 659.8 4.32 -99.9 -99.9 -99.9 -9999.9 -9999.9 -0.0621999986 37.2971992493 -999.999 3678
MKN 2023 04 06 00 00 00 138 8.5 72.55 0 659.3 4.33 -99.9 -99.9 -99.9 -9999.9 -9999.9 -0.0621999986 37.2971992493 -999.999 3678
MKN 2023 04 06 01 00 00 132 8.3 69.72 0 659.1 4.2 -99.9 -99.9 -99.9 -9999.9 -9999.9 -0.0621999986 37.2971992493 -999.999 3678
MKN 2023 04 06 02 00 00 150 8.1 73.1 0 659.1 4.98 -99.9 -99.9 -99.9 -9999.9 -9999.9 -0.0621999986 37.2971992493 -999.999 3678
MKN 2023 04 06 03 00 00 130 6.9 83.4 0 659.5 5.17 -99.9 -99.9 -99.9 -9999.9 -9999.9 -0.0621999986 37.2971992493 -999.999 3678
MKN 2023 04 06 04 00 00 160 3 79.2 0 660 6.72 -99.9 -99.9 -99.9 -9999.9 -9999.9 -0.0621999986 37.2971992493 -999.999 3678
MKN 2023 04 06 05 00 00 118 3.3 84.8 0 660.6 7.32 -99.9 -99.9 -99.9 -9999.9 -9999.9 -0.0621999986 37.2971992493 -999.999 3678
MKN 2023 04 06 06 00 00 131 8.9 78.9 0 660.6 8.13 -99.9 -99.9 -99.9 -9999.9 -9999.9 -0.0621999986 37.2971992493 -999.999 3678
MKN 2023 04 06 07 00 00 138 6.9 94.35 0 661.2 7.8 -99.9 -99.9 -99.9 -9999.9 -9999.9 -0.0621999986 37.2971992493 -999.999 3678
MKN 2023 04 06 08 00 00 301 1.8 88.18 0 661.7 9 -99.9 -99.9 -99.9 -9999.9 -9999.9 -0.0621999986 37.2971992493 -999.999 3678
MKN 2023 04 06 09 00 00 37 3.7 80.2 0 661.7 9.72 -99.9 -99.9 -99.9 -9999.9 -9999.9 -0.0621999986 37.2971992493 -999.999 3678
MKN 2023 04 06 10 00 00 300 3.1 96.05 0 661.4 8.62 -99.9 -99.9 -99.9 -9999.9 -9999.9 -0.0621999986 37.2971992493 -999.999 3678
MKN 2023 04 06 11 00 00 335 4.2 97.2 0 660.9 8.82 -99.9 -99.9 -99.9 -9999.9 -9999.9 -0.0621999986 37.2971992493 -999.999 3678
MKN 2023 04 06 12 00 00 289 3.7 98.2 0 660.4 8.7 -99.9 -99.9 -99.9 -9999.9 -9999.9 -0.0621999986 37.2971992493 -999.999 3678
MKN 2023 04 06 13 00 00 284 3.2 96.67 0 659.7 8.28 -99.9 -99.9 -99.9 -9999.9 -9999.9 -0.0621999986 37.2971992493 -999.999 3678
MKN 2023 04 06 14 00 00 291 2.4 98.33 0 659.6 7.88 -99.9 -99.9 -99.9 -9999.9 -9999.9 -0.0621999986 37.2971992493 -999.999 3678
MKN 2023 04 06 15 00 00 288 2.6 99.23 0 659.9 7.3 -99.9 -99.9 -99.9 -9999.9 -9999.9 -0.0621999986 37.2971992493 -999.999 3678
MKN 2023 04 06 16 00 00 273 2.4 95.55 0 660.2 5.05 -99.9 -99.9 -99.9 -9999.9 -9999.9 -0.0621999986 37.2971992493 -999.999 3678
MKN 2023 04 06 17 00 00 131 3.2 81.2 0 660.4 4.18 -99.9 -99.9 -99.9 -9999.9 -9999.9 -0.0621999986 37.2971992493 -999.999 3678
MKN 2023 04 06 18 00 00 134 4.4 74.45 0 660.9 4.43 -99.9 -99.9 -99.9 -9999.9 -9999.9 -0.0621999986 37.2971992493 -999.999 3678
MKN 2023 04 06 19 00 00 135 4.1 73.85 0 661.3 4.83 -99.9 -99.9 -99.9 -9999.9 -9999.9 -0.0621999986 37.2971992493 -999.999 3678
MKN 2023 04 06 20 00 00 135 1.6 80.42 0 661.7 4.33 -99.9 -99.9 -99.9 -9999.9 -9999.9 -0.0621999986 37.2971992493 -999.999 3678
MKN 2023 04 06 21 00 00 134 4.9 80.07 0 661.5 4.8 -99.9 -99.9 -99.9 -9999.9 -9999.9 -0.0621999986 37.2971992493 -999.999 3678
MKN 2023 04 06 22 00 00 130 4.8 82.95 0 661.2 4.33 -99.9 -99.9 -99.9 -9999.9 -9999.9 -0.0621999986 37.2971992493 -999.999 3678
MKN 2023 04 06 23 00 00 132 4.1 83.12 0 660.5 4.27 -99.9 -99.9 -99.9 -9999.9 -9999.9 -0.0621999986 37.2971992493 -999.999 3678
MKN 2023 04 07 00 00 00 118 4.2 82.23 0 659.9 3.98 -99.9 -99.9 -99.9 -9999.9 -9999.9 -0.0621999986 37.2971992493 -999.999 3678
MKN 2023 04 07 01 00 00 115 4.3 80.85 0 659.8 3.97 -99.9 -99.9 -99.9 -9999.9 -9999.9 -0.0621999986 37.2971992493 -999.999 3678
MKN 2023 04 07 02 00 00 126 5.6 74.6 0 659.9 4.52 -99.9 -99.9 -99.9 -9999.9 -9999.9 -0.0621999986 37.2971992493 -999.999 3678
MKN 2023 04 07 03 00 00 129 6.1 71.03 0 660.1 4.33 -99.9 -99.9 -99.9 -9999.9 -9999.9 -0.0621999986 37.2971992493 -999.999 3678
MKN 2023 04 07 04 00 00 127 6 63.73 0 660.6 7.7 -99.9 -99.9 -99.9 -9999.9 -9999.9 -0.0621999986 37.2971992493 -999.999 3678
MKN 2023 04 07 05 00 00 120 6.1 58.5 0 661 10.12 -99.9 -99.9 -99.9 -9999.9 -9999.9 -0.0621999986 37.2971992493 -999.999 3678
MKN 2023 04 07 06 00 00 100 7.4 69.17 0 661.5 10.47 -99.9 -99.9 -99.9 -9999.9 -9999.9 -0.0621999986 37.2971992493 -999.999 3678
MKN 2023 04 07 07 00 00 37 3.9 74.28 0 662.1 11.02 -99.9 -99.9 -99.9 -9999.9 -9999.9 -0.0621999986 37.2971992493 -999.999 3678
MKN 2023 04 07 08 00 00 341 5.5 96.83 0 662.2 8.35 -99.9 -99.9 -99.9 -9999.9 -9999.9 -0.0621999986 37.2971992493 -999.999 3678
MKN 2023 04 07 09 00 00 305 3 98.08 0 662.1 8.85 -99.9 -99.9 -99.9 -9999.9 -9999.9 -0.0621999986 37.2971992493 -999.999 3678
MKN 2023 04 07 10 00 00 299 4.2 95.02 0 661.7 9.2 -99.9 -99.9 -99.9 -9999.9 -9999.9 -0.0621999986 37.2971992493 -999.999 3678
MKN 2023 04 07 11 00 00 283 2.7 94.27 0.1 661 9.12 -99.9 -99.9 -99.9 -9999.9 -9999.9 -0.0621999986 37.2971992493 -999.999 3678
MKN 2023 04 07 12 00 00 282 2.5 92.85 0 660.5 8.88 -99.9 -99.9 -99.9 -9999.9 -9999.9 -0.0621999986 37.2971992493 -999.999 3678
MKN 2023 04 07 13 00 00 333 2.9 92.95 0 660.2 9.37 -99.9 -99.9 -99.9 -9999.9 -9999.9 -0.0621999986 37.2971992493 -999.999 3678
MKN 2023 04 07 14 00 00 10 3.7 99.22 0 660.1 8.4 -99.9 -99.9 -99.9 -9999.9 -9999.9 -0.0621999986 37.2971992493 -999.999 3678
MKN 2023 04 07 15 00 00 299 2 93.58 0 660.3 7.1 -99.9 -99.9 -99.9 -9999.9 -9999.9 -0.0621999986 37.2971992493 -999.999 3678
MKN 2023 04 07 16 00 00 154 3.1 91.97 0 660.5 5.35 -99.9 -99.9 -99.9 -9999.9 -9999.9 -0.0621999986 37.2971992493 -999.999 3678
MKN 2023 04 07 17 00 00 137 2.4 82.07 0 660.8 5.53 -99.9 -99.9 -99.9 -9999.9 -9999.9 -0.0621999986 37.2971992493 -999.999 3678
MKN 2023 04 07 18 00 00 133 4.5 82.83 0 661.2 6.03 -99.9 -99.9 -99.9 -9999.9 -9999.9 -0.0621999986 37.2971992493 -999.999 3678
MKN 2023 04 07 19 00 00 146 5.3 77.6 0 661.4 4.93 -99.9 -99.9 -99.9 -9999.9 -9999.9 -0.0621999986 37.2971992493 -999.999 3678
MKN 2023 04 07 20 00 00 125 5.3 79.3 0 661.6 5.38 -99.9 -99.9 -99.9 -9999.9 -9999.9 -0.0621999986 37.2971992493 -999.999 3678
MKN 2023 04 07 21 00 00 132 5.8 77.63 0 661.5 6.17 -99.9 -99.9 -99.9 -9999.9 -9999.9 -0.0621999986 37.2971992493 -999.999 3678
MKN 2023 04 07 22 00 00 139 5.5 78.52 0 661 5.25 -99.9 -99.9 -99.9 -9999.9 -9999.9 -0.0621999986 37.2971992493 -999.999 3678
MKN 2023 04 07 23 00 00 151 3.6 76.72 0 660.4 5.38 -99.9 -99.9 -99.9 -9999.9 -9999.9 -0.0621999986 37.2971992493 -999.999 3678
MKN 2023 04 08 00 00 00 129 3 71.97 0 660 4.53 -99.9 -99.9 -99.9 -9999.9 -9999.9 -0.0621999986 37.2971992493 -999.999 3678
MKN 2023 04 08 01 00 00 135 3.8 70.83 0 659.9 6.03 -99.9 -99.9 -99.9 -9999.9 -9999.9 -0.0621999986 37.2971992493 -999.999 3678
MKN 2023 04 08 02 00 00 142 10 75.54 0 659.6 5.87 -99.9 -99.9 -99.9 -9999.9 -9999.9 -0.0621999986 37.2971992493 -999.999 3678
MKN 2023 04 08 03 00 00 169 4.9 92.93 0 660.1 5.72 -99.9 -99.9 -99.9 -9999.9 -9999.9 -0.0621999986 37.2971992493 -999.999 3678
MKN 2023 04 08 04 00 00 -99.9 4.6 92.77 9.3 660.4 6.28 -99.9 -99.9 -99.9 -9999.9 -9999.9 -0.0621999986 37.2971992493 -999.999 3678
MKN 2023 04 08 05 00 00 138 9.2 90.67 1.7 660.6 7.13 -99.9 -99.9 -99.9 -9999.9 -9999.9 -0.0621999986 37.2971992493 -999.999 3678
MKN 2023 04 08 06 00 00 130 9.4 83.72 0.1 661 8.82 -99.9 -99.9 -99.9 -9999.9 -9999.9 -0.0621999986 37.2971992493 -999.999 3678
MKN 2023 04 08 07 00 00 126 8.7 74.35 0 661.5 10.65 -99.9 -99.9 -99.9 -9999.9 -9999.9 -0.0621999986 37.2971992493 -999.999 3678
MKN 2023 04 08 08 00 00 125 6.8 73.32 0 661.9 10.42 -99.9 -99.9 -99.9 -9999.9 -9999.9 -0.0621999986 37.2971992493 -999.999 3678
MKN 2023 04 08 09 00 00 115 6.5 63.3 0 661.9 11.53 -99.9 -99.9 -99.9 -9999.9 -9999.9 -0.0621999986 37.2971992493 -999.999 3678
MKN 2023 04 08 10 00 00 122 5 70.45 0 661.6 11.2 -99.9 -99.9 -99.9 -9999.9 -9999.9 -0.0621999986 37.2971992493 -999.999 3678
MKN 2023 04 08 11 00 00 119 5.6 72.32 0.3 661 9.82 -99.9 -99.9 -99.9 -9999.9 -9999.9 -0.0621999986 37.2971992493 -999.999 3678
MKN 2023 04 08 12 00 00 126 7.2 53.35 0 660.5 10.75 -99.9 -99.9 -99.9 -9999.9 -9999.9 -0.0621999986 37.2971992493 -999.999 3678
MKN 2023 04 08 13 00 00 131 9.6 60.68 0 660.2 10.48 -99.9 -99.9 -99.9 -9999.9 -9999.9 -0.0621999986 37.2971992493 -999.999 3678
MKN 2023 04 08 14 00 00 90 3.8 55.48 0 660.6 9.5 -99.9 -99.9 -99.9 -9999.9 -9999.9 -0.0621999986 37.2971992493 -999.999 3678
MKN 2023 04 08 15 00 00 118 7.5 69.13 0 660.6 7.35 -99.9 -99.9 -99.9 -9999.9 -9999.9 -0.0621999986 37.2971992493 -999.999 3678
MKN 2023 04 08 16 00 00 167 4.1 70.58 0 660.9 6.22 -99.9 -99.9 -99.9 -9999.9 -9999.9 -0.0621999986 37.2971992493 -999.999 3678
MKN 2023 04 08 17 00 00 152 3.7 76.53 0 661.2 6.27 -99.9 -99.9 -99.9 -9999.9 -9999.9 -0.0621999986 37.2971992493 -999.999 3678
MKN 2023 04 08 18 00 00 135 12.4 76.48 0 660.4 5.97 -99.9 -99.9 -99.9 -9999.9 -9999.9 -0.0621999986 37.2971992493 -999.999 3678
MKN 2023 04 08 19 00 00 149 6.7 69.17 0 661.2 6.52 -99.9 -99.9 -99.9 -9999.9 -9999.9 -0.0621999986 37.2971992493 -999.999 3678
MKN 2023 04 08 20 00 00 143 10.1 63.77 0 660.9 5.97 -99.9 -99.9 -99.9 -9999.9 -9999.9 -0.0621999986 37.2971992493 -999.999 3678
MKN 2023 04 08 21 00 00 140 12.5 59.67 0 660.7 5.95 -99.9 -99.9 -99.9 -9999.9 -9999.9 -0.0621999986 37.2971992493 -999.999 3678
MKN 2023 04 08 22 00 00 148 10.2 52.75 0 660.4 6.45 -99.9 -99.9 -99.9 -9999.9 -9999.9 -0.0621999986 37.2971992493 -999.999 3678
MKN 2023 04 08 23 00 00 160 5.4 66.02 0 660.4 6.67 -99.9 -99.9 -99.9 -9999.9 -9999.9 -0.0621999986 37.2971992493 -999.999 3678
MKN 2023 04 09 00 00 00 137 8.7 70.72 0 659.4 6.68 -99.9 -99.9 -99.9 -9999.9 -9999.9 -0.0621999986 37.2971992493 -999.999 3678
MKN 2023 04 09 01 00 00 137 10.5 63.4 0 659.2 5.97 -99.9 -99.9 -99.9 -9999.9 -9999.9 -0.0621999986 37.2971992493 -999.999 3678
MKN 2023 04 09 02 00 00 134 8.2 54.95 0 659.6 4.92 -99.9 -99.9 -99.9 -9999.9 -9999.9 -0.0621999986 37.2971992493 -999.999 3678
MKN 2023 04 09 03 00 00 140 6.2 53.12 0 660.3 4.97 -99.9 -99.9 -99.9 -9999.9 -9999.9 -0.0621999986 37.2971992493 -999.999 3678
MKN 2023 04 09 04 00 00 143 7.8 49.9 0 660.6 7.18 -99.9 -99.9 -99.9 -9999.9 -9999.9 -0.0621999986 37.2971992493 -999.999 3678
MKN 2023 04 09 05 00 00 143 8.9 48.02 0 661 9.3 -99.9 -99.9 -99.9 -9999.9 -9999.9 -0.0621999986 37.2971992493 -999.999 3678
MKN 2023 04 09 06 00 00 138 9.6 48.13 0 661.5 10.12 -99.9 -99.9 -99.9 -9999.9 -9999.9 -0.0621999986 37.2971992493 -999.999 3678
MKN 2023 04 09 07 00 00 114 7 48.8 0 662 11.62 -99.9 -99.9 -99.9 -9999.9 -9999.9 -0.0621999986 37.2971992493 -999.999 3678
MKN 2023 04 09 08 00 00 93 6.3 62 0 662.2 11.88 -99.9 -99.9 -99.9 -9999.9 -9999.9 -0.0621999986 37.2971992493 -999.999 3678
MKN 2023 04 09 09 00 00 355 5.2 95.73 0 662.3 8.58 -99.9 -99.9 -99.9 -9999.9 -9999.9 -0.0621999986 37.2971992493 -999.999 3678
MKN 2023 04 09 10 00 00 289 4 92.65 0 662 9.32 -99.9 -99.9 -99.9 -9999.9 -9999.9 -0.0621999986 37.2971992493 -999.999 3678
MKN 2023 04 09 11 00 00 313 4.7 86.25 0 661.7 10.2 -99.9 -99.9 -99.9 -9999.9 -9999.9 -0.0621999986 37.2971992493 -999.999 3678
MKN 2023 04 09 12 00 00 306 4.9 79.72 0 661.5 10.92 -99.9 -99.9 -99.9 -9999.9 -9999.9 -0.0621999986 37.2971992493 -999.999 3678
MKN 2023 04 09 13 00 00 309 5.6 92.03 0 661.1 9.43 -99.9 -99.9 -99.9 -9999.9 -9999.9 -0.0621999986 37.2971992493 -999.999 3678
MKN 2023 04 09 14 00 00 316 3.4 98.34 0.2 660.9 8.1 -99.9 -99.9 -99.9 -9999.9 -9999.9 -0.0621999986 37.2971992493 -999.999 3678
MKN 2023 04 09 15 00 00 267 2.2 99.27 0 660.9 6.8 -99.9 -99.9 -99.9 -9999.9 -9999.9 -0.0621999986 37.2971992493 -999.999 3678
MKN 2023 04 09 16 00 00 185 2.2 67.23 0 661.1 3.85 -99.9 -99.9 -99.9 -9999.9 -9999.9 -0.0621999986 37.2971992493 -999.999 3678
MKN 2023 04 09 17 00 00 139 2.1 66.87 0 661.2 4.22 -99.9 -99.9 -99.9 -9999.9 -9999.9 -0.0621999986 37.2971992493 -999.999 3678
MKN 2023 04 09 18 00 00 215 1.9 86.43 0 661.7 4.37 -99.9 -99.9 -99.9 -9999.9 -9999.9 -0.0621999986 37.2971992493 -999.999 3678
MKN 2023 04 09 19 00 00 149 0.9 97.02 0 662 4.8 -99.9 -99.9 -99.9 -9999.9 -9999.9 -0.0621999986 37.2971992493 -999.999 3678
MKN 2023 04 09 20 00 00 329 0.9 96.32 0 662.2 3.97 -99.9 -99.9 -99.9 -9999.9 -9999.9 -0.0621999986 37.2971992493 -999.999 3678
MKN 2023 04 09 21 00 00 197 1.3 84.35 0 662.3 2.37 -99.9 -99.9 -99.9 -9999.9 -9999.9 -0.0621999986 37.2971992493 -999.999 3678
MKN 2023 04 09 22 00 00 132 4.6 75.53 0 661.8 4.55 -99.9 -99.9 -99.9 -9999.9 -9999.9 -0.0621999986 37.2971992493 -999.999 3678
MKN 2023 04 09 23 00 00 215 2.8 79.57 0 661.1 3.68 -99.9 -99.9 -99.9 -9999.9 -9999.9 -0.0621999986 37.2971992493 -999.999 3678
MKN 2023 04 10 00 00 00 139 1.8 75.32 0 660.6 2.88 -99.9 -99.9 -99.9 -9999.9 -9999.9 -0.0621999986 37.2971992493 -999.999 3678
MKN 2023 04 10 01 00 00 157 3.7 68.22 0 660.3 2.68 -99.9 -99.9 -99.9 -9999.9 -9999.9 -0.0621999986 37.2971992493 -999.999 3678
MKN 2023 04 10 02 00 00 140 5.3 54.43 0 660 3.77 -99.9 -99.9 -99.9 -9999.9 -9999.9 -0.0621999986 37.2971992493 -999.999 3678
MKN 2023 04 10 03 00 00 131 6.1 54.48 0 660.1 4.62 -99.9 -99.9 -99.9 -9999.9 -9999.9 -0.0621999986 37.2971992493 -999.999 3678
MKN 2023 04 10 04 00 00 137 9.2 51.75 0 660.1 7.8 -99.9 -99.9 -99.9 -9999.9 -9999.9 -0.0621999986 37.2971992493 -999.999 3678
MKN 2023 04 10 05 00 00 131 9 52.8 0 660.5 9.2 -99.9 -99.9 -99.9 -9999.9 -9999.9 -0.0621999986 37.2971992493 -999.999 3678
MKN 2023 04 10 06 00 00 121 10.4 53.85 0 661 10.55 -99.9 -99.9 -99.9 -9999.9 -9999.9 -0.0621999986 37.2971992493 -999.999 3678
MKN 2023 04 10 07 00 00 120 8.4 53.28 0 661.4 12.07 -99.9 -99.9 -99.9 -9999.9 -9999.9 -0.0621999986 37.2971992493 -999.999 3678
MKN 2023 04 10 08 00 00 119 4.9 79.85 0 661.7 10.75 -99.9 -99.9 -99.9 -9999.9 -9999.9 -0.0621999986 37.2971992493 -999.999 3678
MKN 2023 04 10 09 00 00 333 4.6 71.17 0 661.8 11.78 -99.9 -99.9 -99.9 -9999.9 -9999.9 -0.0621999986 37.2971992493 -999.999 3678
MKN 2023 04 10 10 00 00 337 2.9 90.75 0 661.6 9.55 -99.9 -99.9 -99.9 -9999.9 -9999.9 -0.0621999986 37.2971992493 -999.999 3678
MKN 2023 04 10 11 00 00 338 4.5 90 0 661 9.67 -99.9 -99.9 -99.9 -9999.9 -9999.9 -0.0621999986 37.2971992493 -999.999 3678
MKN 2023 04 10 12 00 00 29 6.7 66.77 0 660.3 10.1 -99.9 -99.9 -99.9 -9999.9 -9999.9 -0.0621999986 37.2971992493 -999.999 3678
MKN 2023 04 10 13 00 00 26 5.7 73.7 0 660.1 10.5 -99.9 -99.9 -99.9 -9999.9 -9999.9 -0.0621999986 37.2971992493 -999.999 3678
MKN 2023 04 10 14 00 00 27 4.6 74.78 0 660.1 9.98 -99.9 -99.9 -99.9 -9999.9 -9999.9 -0.0621999986 37.2971992493 -999.999 3678
MKN 2023 04 10 15 00 00 63 4.3 82.58 0 660.4 8.42 -99.9 -99.9 -99.9 -9999.9 -9999.9 -0.0621999986 37.2971992493 -999.999 3678
MKN 2023 04 10 16 00 00 85 2.7 86.32 0 660.7 6.27 -99.9 -99.9 -99.9 -9999.9 -9999.9 -0.0621999986 37.2971992493 -999.999 3678
MKN 2023 04 10 17 00 00 127 2.1 81.58 0 660.9 5.25 -99.9 -99.9 -99.9 -9999.9 -9999.9 -0.0621999986 37.2971992493 -999.999 3678
MKN 2023 04 10 18 00 00 128 1.2 83.77 0 661.6 4.6 -99.9 -99.9 -99.9 -9999.9 -9999.9 -0.0621999986 37.2971992493 -999.999 3678
MKN 2023 04 10 19 00 00 120 1.8 86.2 0 661.8 4.08 -99.9 -99.9 -99.9 -9999.9 -9999.9 -0.0621999986 37.2971992493 -999.999 3678
MKN 2023 04 10 20 00 00 122 2.8 74.5 0 661.8 4.42 -99.9 -99.9 -99.9 -9999.9 -9999.9 -0.0621999986 37.2971992493 -999.999 3678
MKN 2023 04 10 21 00 00 124 5.1 72.88 0 661.6 4.07 -99.9 -99.9 -99.9 -9999.9 -9999.9 -0.0621999986 37.2971992493 -999.999 3678
MKN 2023 04 10 22 00 00 132 5.5 77.22 0 661.1 3.95 -99.9 -99.9 -99.9 -9999.9 -9999.9 -0.0621999986 37.2971992493 -999.999 3678
MKN 2023 04 10 23 00 00 140 5.9 76.95 0 660.5 3.78 -99.9 -99.9 -99.9 -9999.9 -9999.9 -0.0621999986 37.2971992493 -999.999 3678
MKN 2023 04 11 00 00 00 136 5.3 73.73 0 660.1 4.98 -99.9 -99.9 -99.9 -9999.9 -9999.9 -0.0621999986 37.2971992493 -999.999 3678
MKN 2023 04 11 01 00 00 133 5 79.2 0 659.9 5.92 -99.9 -99.9 -99.9 -9999.9 -9999.9 -0.0621999986 37.2971992493 -999.999 3678
MKN 2023 04 11 02 00 00 139 8.1 87.05 0 659.7 5.72 -99.9 -99.9 -99.9 -9999.9 -9999.9 -0.0621999986 37.2971992493 -999.999 3678
MKN 2023 04 11 03 00 00 142 6.6 89.83 0 659.9 4.88 -99.9 -99.9 -99.9 -9999.9 -9999.9 -0.0621999986 37.2971992493 -999.999 3678
MKN 2023 04 11 04 00 00 135 6.4 86.42 0 660.3 5.77 -99.9 -99.9 -99.9 -9999.9 -9999.9 -0.0621999986 37.2971992493 -999.999 3678
MKN 2023 04 11 05 00 00 134 8.3 76.18 0 660.8 8.32 -99.9 -99.9 -99.9 -9999.9 -9999.9 -0.0621999986 37.2971992493 -999.999 3678
MKN 2023 04 11 06 00 00 122 8.1 -99.9 0 661.5 -99.9 -99.9 -99.9 -99.9 -9999.9 -9999.9 -0.0621999986 37.2971992493 -999.999 3678
MKN 2023 04 11 15 00 00 -99.9 -99.9 79.87 -99.9 -999.9 8.32 -99.9 -99.9 -99.9 -9999.9 -9999.9 -0.0621999986 37.2971992493 -999.999 3678
MKN 2023 04 11 16 00 00 115 6.6 75.58 0 659.8 7.93 -99.9 -99.9 -99.9 -9999.9 -9999.9 -0.0621999986 37.2971992493 -999.999 3678
MKN 2023 04 11 17 00 00 136 7.7 70.35 0 659.9 8.07 -99.9 -99.9 -99.9 -9999.9 -9999.9 -0.0621999986 37.2971992493 -999.999 3678
MKN 2023 04 11 18 00 00 142 7.5 81.73 0 660.4 6.47 -99.9 -99.9 -99.9 -9999.9 -9999.9 -0.0621999986 37.2971992493 -999.999 3678
MKN 2023 04 11 19 00 00 152 4.6 72.03 0 660.8 6.88 -99.9 -99.9 -99.9 -9999.9 -9999.9 -0.0621999986 37.2971992493 -999.999 3678
MKN 2023 04 11 20 00 00 140 9 74.73 0 660.4 6.17 -99.9 -99.9 -99.9 -9999.9 -9999.9 -0.0621999986 37.2971992493 -999.999 3678
MKN 2023 04 11 21 00 00 141 7.4 79.42 0 660.5 6.07 -99.9 -99.9 -99.9 -9999.9 -9999.9 -0.0621999986 37.2971992493 -999.999 3678
MKN 2023 04 11 22 00 00 148 7.8 77.4 0 660 5.95 -99.9 -99.9 -99.9 -9999.9 -9999.9 -0.0621999986 37.2971992493 -999.999 3678
MKN 2023 04 11 23 00 00 136 8.1 79.5 0 659.4 5.57 -99.9 -99.9 -99.9 -9999.9 -9999.9 -0.0621999986 37.2971992493 -999.999 3678
MKN 2023 04 12 00 00 00 142 7.9 79.93 0 659.3 5.42 -99.9 -99.9 -99.9 -9999.9 -9999.9 -0.0621999986 37.2971992493 -999.999 3678
MKN 2023 04 12 01 00 00 143 8.2 76.8 0 659.2 5.53 -99.9 -99.9 -99.9 -9999.9 -9999.9 -0.0621999986 37.2971992493 -999.999 3678
MKN 2023 04 12 02 00 00 144 10 85.23 0 659.3 5.33 -99.9 -99.9 -99.9 -9999.9 -9999.9 -0.0621999986 37.2971992493 -999.999 3678
MKN 2023 04 12 03 00 00 165 3.4 77.82 0 659.9 5.07 -99.9 -99.9 -99.9 -9999.9 -9999.9 -0.0621999986 37.2971992493 -999.999 3678
MKN 2023 04 12 04 00 00 146 8.9 77.08 0 660.2 6.98 -99.9 -99.9 -99.9 -9999.9 -9999.9 -0.0621999986 37.2971992493 -999.999 3678
MKN 2023 04 12 05 00 00 134 10.7 63.68 0 660.4 9.82 -99.9 -99.9 -99.9 -9999.9 -9999.9 -0.0621999986 37.2971992493 -999.999 3678
MKN 2023 04 12 06 00 00 129 8.1 57.68 0 661.1 11.45 -99.9 -99.9 -99.9 -9999.9 -9999.9 -0.0621999986 37.2971992493 -999.999 3678
MKN 2023 04 12 07 00 00 104 5.1 77.25 0 661.8 10.33 -99.9 -99.9 -99.9 -9999.9 -9999.9 -0.0621999986 37.2971992493 -999.999 3678
MKN 2023 04 12 08 00 00 337 4.1 98.85 0 662.3 7.92 -99.9 -99.9 -99.9 -9999.9 -9999.9 -0.0621999986 37.2971992493 -999.999 3678
MKN 2023 04 12 09 00 00 292 3.4 96.52 0 662.2 8.38 -99.9 -99.9 -99.9 -9999.9 -9999.9 -0.0621999986 37.2971992493 -999.999 3678
MKN 2023 04 12 10 00 00 304 4.2 92.68 0 661.6 9.17 -99.9 -99.9 -99.9 -9999.9 -9999.9 -0.0621999986 37.2971992493 -999.999 3678
MKN 2023 04 12 11 00 00 321 3.3 90.77 0 661.2 9.53 -99.9 -99.9 -99.9 -9999.9 -9999.9 -0.0621999986 37.2971992493 -999.999 3678
MKN 2023 04 12 12 00 00 306 4.1 92.88 0 660.7 9.32 -99.9 -99.9 -99.9 -9999.9 -9999.9 -0.0621999986 37.2971992493 -999.999 3678
MKN 2023 04 12 13 00 00 45 5.1 74 0.7 660 10.47 -99.9 -99.9 -99.9 -9999.9 -9999.9 -0.0621999986 37.2971992493 -999.999 3678
MKN 2023 04 12 14 00 00 92 7.3 77.97 0 659.8 9.1 -99.9 -99.9 -99.9 -9999.9 -9999.9 -0.0621999986 37.2971992493 -999.999 3678
MKN 2023 04 12 15 00 00 114 5.7 90.36 0 660.2 7.65 -99.9 -99.9 -99.9 -9999.9 -9999.9 -0.0621999986 37.2971992493 -999.999 3678
MKN 2023 04 12 16 00 00 124 3.7 81.9 0 660.6 7.13 -99.9 -99.9 -99.9 -9999.9 -9999.9 -0.0621999986 37.2971992493 -999.999 3678
MKN 2023 04 12 17 00 00 136 7.4 73.9 0 660.8 6.98 -99.9 -99.9 -99.9 -9999.9 -9999.9 -0.0621999986 37.2971992493 -999.999 3678
MKN 2023 04 12 18 00 00 133 4.8 74.33 0 661.4 5.83 -99.9 -99.9 -99.9 -9999.9 -9999.9 -0.0621999986 37.2971992493 -999.999 3678
MKN 2023 04 12 19 00 00 132 5.1 77.87 0 661.8 5.82 -99.9 -99.9 -99.9 -9999.9 -9999.9 -0.0621999986 37.2971992493 -999.999 3678
MKN 2023 04 12 20 00 00 141 6.3 80.17 0 661.7 6.37 -99.9 -99.9 -99.9 -9999.9 -9999.9 -0.0621999986 37.2971992493 -999.999 3678
MKN 2023 04 12 21 00 00 137 6.6 89.05 0 661.5 5.75 -99.9 -99.9 -99.9 -9999.9 -9999.9 -0.0621999986 37.2971992493 -999.999 3678
MKN 2023 04 12 22 00 00 144 7.4 82.47 0 661.2 5.75 -99.9 -99.9 -99.9 -9999.9 -9999.9 -0.0621999986 37.2971992493 -999.999 3678
MKN 2023 04 12 23 00 00 138 6.5 84.42 0 660.7 5.1 -99.9 -99.9 -99.9 -9999.9 -9999.9 -0.0621999986 37.2971992493 -999.999 3678
MKN 2023 04 13 00 00 00 140 6.6 81.53 0 660.5 5.42 -99.9 -99.9 -99.9 -9999.9 -9999.9 -0.0621999986 37.2971992493 -999.999 3678
MKN 2023 04 13 01 00 00 130 6.7 80.15 0 660.4 5.82 -99.9 -99.9 -99.9 -9999.9 -9999.9 -0.0621999986 37.2971992493 -999.999 3678
MKN 2023 04 13 02 00 00 126 6.2 85.38 0 660.6 5.6 -99.9 -99.9 -99.9 -9999.9 -9999.9 -0.0621999986 37.2971992493 -999.999 3678
MKN 2023 04 13 03 00 00 123 8.2 83.22 0 660.8 5.63 -99.9 -99.9 -99.9 -9999.9 -9999.9 -0.0621999986 37.2971992493 -999.999 3678
MKN 2023 04 13 04 00 00 133 9.1 79.27 0 661 6.9 -99.9 -99.9 -99.9 -9999.9 -9999.9 -0.0621999986 37.2971992493 -999.999 3678
MKN 2023 04 13 05 00 00 144 8.5 65.23 0 661.4 9.58 -99.9 -99.9 -99.9 -9999.9 -9999.9 -0.0621999986 37.2971992493 -999.999 3678
MKN 2023 04 13 06 00 00 128 7.3 62.58 0 662.2 11.12 -99.9 -99.9 -99.9 -9999.9 -9999.9 -0.0621999986 37.2971992493 -999.999 3678
MKN 2023 04 13 07 00 00 114 7.1 73.37 0 662.5 9.45 -99.9 -99.9 -99.9 -9999.9 -9999.9 -0.0621999986 37.2971992493 -999.999 3678
MKN 2023 04 13 08 00 00 131 5.9 72.9 0.4 662.6 9.92 -99.9 -99.9 -99.9 -9999.9 -9999.9 -0.0621999986 37.2971992493 -999.999 3678
MKN 2023 04 13 09 00 00 126 6.3 65.65 0 662.4 11.13 -99.9 -99.9 -99.9 -9999.9 -9999.9 -0.0621999986 37.2971992493 -999.999 3678
MKN 2023 04 13 10 00 00 137 5.2 63.48 0 662 12.13 -99.9 -99.9 -99.9 -9999.9 -9999.9 -0.0621999986 37.2971992493 -999.999 3678
MKN 2023 04 13 11 00 00 70 4.2 95.45 0 661.4 9.07 -99.9 -99.9 -99.9 -9999.9 -9999.9 -0.0621999986 37.2971992493 -999.999 3678
MKN 2023 04 13 12 00 00 309 2.5 90.93 0 660.9 9.22 -99.9 -99.9 -99.9 -9999.9 -9999.9 -0.0621999986 37.2971992493 -999.999 3678
MKN 2023 04 13 13 00 00 340 1.5 99.28 0 660.5 8.2 -99.9 -99.9 -99.9 -9999.9 -9999.9 -0.0621999986 37.2971992493 -999.999 3678
MKN 2023 04 13 14 00 00 310 1.9 99.28 0 660.3 8 -99.9 -99.9 -99.9 -9999.9 -9999.9 -0.0621999986 37.2971992493 -999.999 3678
MKN 2023 04 13 15 00 00 0 2.3 96.62 0.1 660.7 7.3 -99.9 -99.9 -99.9 -9999.9 -9999.9 -0.0621999986 37.2971992493 -999.999 3678
MKN 2023 04 13 16 00 00 130 3.8 84.48 0 660.8 7.32 -99.9 -99.9 -99.9 -9999.9 -9999.9 -0.0621999986 37.2971992493 -999.999 3678
MKN 2023 04 13 17 00 00 168 4.5 80.43 0 661.4 6.83 -99.9 -99.9 -99.9 -9999.9 -9999.9 -0.0621999986 37.2971992493 -999.999 3678
MKN 2023 04 13 18 00 00 135 2 89 0 661.7 6.25 -99.9 -99.9 -99.9 -9999.9 -9999.9 -0.0621999986 37.2971992493 -999.999 3678
MKN 2023 04 13 19 00 00 153 3.2 83.62 0 662 6.35 -99.9 -99.9 -99.9 -9999.9 -9999.9 -0.0621999986 37.2971992493 -999.999 3678
MKN 2023 04 13 20 00 00 170 2.8 99.3 0.1 662.3 5.93 -99.9 -99.9 -99.9 -9999.9 -9999.9 -0.0621999986 37.2971992493 -999.999 3678
MKN 2023 04 13 21 00 00 0 1.6 99.3 0 662.1 5.12 -99.9 -99.9 -99.9 -9999.9 -9999.9 -0.0621999986 37.2971992493 -999.999 3678
MKN 2023 04 13 22 00 00 223 2.1 88.02 0 661.6 5.73 -99.9 -99.9 -99.9 -9999.9 -9999.9 -0.0621999986 37.2971992493 -999.999 3678
MKN 2023 04 13 23 00 00 187 2.3 73.57 0 661 6.3 -99.9 -99.9 -99.9 -9999.9 -9999.9 -0.0621999986 37.2971992493 -999.999 3678
MKN 2023 04 14 00 00 00 143 5.6 78.7 0 660.4 5.78 -99.9 -99.9 -99.9 -9999.9 -9999.9 -0.0621999986 37.2971992493 -999.999 3678
MKN 2023 04 14 01 00 00 151 6.3 73.97 0 660.3 6.53 -99.9 -99.9 -99.9 -9999.9 -9999.9 -0.0621999986 37.2971992493 -999.999 3678
MKN 2023 04 14 02 00 00 160 7.2 87.38 0 660.4 5.78 -99.9 -99.9 -99.9 -9999.9 -9999.9 -0.0621999986 37.2971992493 -999.999 3678
MKN 2023 04 14 03 00 00 192 2.4 92.07 0 660.7 5.4 -99.9 -99.9 -99.9 -9999.9 -9999.9 -0.0621999986 37.2971992493 -999.999 3678
MKN 2023 04 14 04 00 00 156 12.6 90.13 2 660.5 5.38 -99.9 -99.9 -99.9 -9999.9 -9999.9 -0.0621999986 37.2971992493 -999.999 3678
MKN 2023 04 14 05 00 00 256 3.4 82.07 0.1 661.4 6.02 -99.9 -99.9 -99.9 -9999.9 -9999.9 -0.0621999986 37.2971992493 -999.999 3678
MKN 2023 04 14 06 00 00 151 14.1 89.32 0.1 661.4 7.53 -99.9 -99.9 -99.9 -9999.9 -9999.9 -0.0621999986 37.2971992493 -999.999 3678
MKN 2023 04 14 07 00 00 302 2.2 84.27 0 662.3 9.77 -99.9 -99.9 -99.9 -9999.9 -9999.9 -0.0621999986 37.2971992493 -999.999 3678
MKN 2023 04 14 08 00 00 100 4.8 57.72 0 662.6 12.38 -99.9 -99.9 -99.9 -9999.9 -9999.9 -0.0621999986 37.2971992493 -999.999 3678
MKN 2023 04 14 09 00 00 121 6.1 58.92 0 662.4 11.95 -99.9 -99.9 -99.9 -9999.9 -9999.9 -0.0621999986 37.2971992493 -999.999 3678
MKN 2023 04 14 10 00 00 127 6 69.9 0 662 11.45 -99.9 -99.9 -99.9 -9999.9 -9999.9 -0.0621999986 37.2971992493 -999.999 3678
MKN 2023 04 14 11 00 00 45 4.1 98.15 0 661.5 9.02 -99.9 -99.9 -99.9 -9999.9 -9999.9 -0.0621999986 37.2971992493 -999.999 3678
MKN 2023 04 14 12 00 00 298 4.3 99.18 0 660.9 8.7 -99.9 -99.9 -99.9 -9999.9 -9999.9 -0.0621999986 37.2971992493 -999.999 3678
MKN 2023 04 14 13 00 00 289 3.7 95.45 0 660.5 9.37 -99.9 -99.9 -99.9 -9999.9 -9999.9 -0.0621999986 37.2971992493 -999.999 3678
MKN 2023 04 14 14 00 00 334 2.6 99.2 0 660.4 8.25 -99.9 -99.9 -99.9 -9999.9 -9999.9 -0.0621999986 37.2971992493 -999.999 3678
MKN 2023 04 14 15 00 00 349 2.2 99.27 0 660.7 7.3 -99.9 -99.9 -99.9 -9999.9 -9999.9 -0.0621999986 37.2971992493 -999.999 3678
MKN 2023 04 14 16 00 00 277 1.3 99.25 0 660.9 6.13 -99.9 -99.9 -99.9 -9999.9 -9999.9 -0.0621999986 37.2971992493 -999.999 3678
MKN 2023 04 14 17 00 00 227 1.8 77.48 0 661.3 6.1 -99.9 -99.9 -99.9 -9999.9 -9999.9 -0.0621999986 37.2971992493 -999.999 3678
MKN 2023 04 14 18 00 00 186 4 95.4 0 661.7 6.03 -99.9 -99.9 -99.9 -9999.9 -9999.9 -0.0621999986 37.2971992493 -999.999 3678
MKN 2023 04 14 19 00 00 221 1.3 72.23 0 662.2 5.55 -99.9 -99.9 -99.9 -9999.9 -9999.9 -0.0621999986 37.2971992493 -999.999 3678
MKN 2023 04 14 20 00 00 157 7 56.57 0 662 6.92 -99.9 -99.9 -99.9 -9999.9 -9999.9 -0.0621999986 37.2971992493 -999.999 3678
MKN 2023 04 14 21 00 00 160 8.8 53.58 0 661.8 7.1 -99.9 -99.9 -99.9 -9999.9 -9999.9 -0.0621999986 37.2971992493 -999.999 3678
MKN 2023 04 14 22 00 00 148 10 63.35 0 661 6.82 -99.9 -99.9 -99.9 -9999.9 -9999.9 -0.0621999986 37.2971992493 -999.999 3678
MKN 2023 04 14 23 00 00 157 4.1 73.45 0 660.6 6.48 -99.9 -99.9 -99.9 -9999.9 -9999.9 -0.0621999986 37.2971992493 -999.999 3678
MKN 2023 04 15 00 00 00 154 6.3 75.47 0 660 6.82 -99.9 -99.9 -99.9 -9999.9 -9999.9 -0.0621999986 37.2971992493 -999.999 3678
MKN 2023 04 15 01 00 00 148 6.6 71.57 0 659.7 7.35 -99.9 -99.9 -99.9 -9999.9 -9999.9 -0.0621999986 37.2971992493 -999.999 3678
MKN 2023 04 15 02 00 00 160 6.3 79.92 0 660 6.32 -99.9 -99.9 -99.9 -9999.9 -9999.9 -0.0621999986 37.2971992493 -999.999 3678
MKN 2023 04 15 03 00 00 154 7.6 72.05 0 660.2 6.03 -99.9 -99.9 -99.9 -9999.9 -9999.9 -0.0621999986 37.2971992493 -999.999 3678
MKN 2023 04 15 04 00 00 167 4.7 56.32 0 660.7 8.18 -99.9 -99.9 -99.9 -9999.9 -9999.9 -0.0621999986 37.2971992493 -999.999 3678
MKN 2023 04 15 05 00 00 151 4.9 48.58 0 661.3 10.6 -99.9 -99.9 -99.9 -9999.9 -9999.9 -0.0621999986 37.2971992493 -999.999 3678
MKN 2023 04 15 06 00 00 138 5.5 45.3 0 662 11.93 -99.9 -99.9 -99.9 -9999.9 -9999.9 -0.0621999986 37.2971992493 -999.999 3678
MKN 2023 04 15 07 00 00 137 6.9 58.18 0 662.2 12.92 -99.9 -99.9 -99.9 -9999.9 -9999.9 -0.0621999986 37.2971992493 -999.999 3678
MKN 2023 04 15 08 00 00 121 5 62.93 0 662.4 12.47 -99.9 -99.9 -99.9 -9999.9 -9999.9 -0.0621999986 37.2971992493 -999.999 3678
MKN 2023 04 15 09 00 00 27 3.8 86.7 0 662.3 10.13 -99.9 -99.9 -99.9 -9999.9 -9999.9 -0.0621999986 37.2971992493 -999.999 3678
MKN 2023 04 15 10 00 00 320 3.5 96.72 0 661.9 9.03 -99.9 -99.9 -99.9 -9999.9 -9999.9 -0.0621999986 37.2971992493 -999.999 3678
MKN 2023 04 15 11 00 00 318 4.1 94.38 0 661.4 9.08 -99.9 -99.9 -99.9 -9999.9 -9999.9 -0.0621999986 37.2971992493 -999.999 3678
MKN 2023 04 15 12 00 00 304 4.3 94.47 0 660.9 9.22 -99.9 -99.9 -99.9 -9999.9 -9999.9 -0.0621999986 37.2971992493 -999.999 3678
MKN 2023 04 15 13 00 00 287 3.9 97.63 0 660.4 8.72 -99.9 -99.9 -99.9 -9999.9 -9999.9 -0.0621999986 37.2971992493 -999.999 3678
MKN 2023 04 15 14 00 00 299 3.2 97.88 0 660.2 8.73 -99.9 -99.9 -99.9 -9999.9 -9999.9 -0.0621999986 37.2971992493 -999.999 3678
MKN 2023 04 15 15 00 00 326 2.2 95.45 0 660.3 7.4 -99.9 -99.9 -99.9 -9999.9 -9999.9 -0.0621999986 37.2971992493 -999.999 3678
MKN 2023 04 15 16 00 00 45 2.2 92.95 0 660.4 6.1 -99.9 -99.9 -99.9 -9999.9 -9999.9 -0.0621999986 37.2971992493 -999.999 3678
MKN 2023 04 15 17 00 00 315 1.1 99.28 0 660.4 6.4 -99.9 -99.9 -99.9 -9999.9 -9999.9 -0.0621999986 37.2971992493 -999.999 3678
MKN 2023 04 15 18 00 00 235 2.1 98.03 0 660.9 6.47 -99.9 -99.9 -99.9 -9999.9 -9999.9 -0.0621999986 37.2971992493 -999.999 3678
MKN 2023 04 15 19 00 00 167 6 85.42 0 661.3 5.32 -99.9 -99.9 -99.9 -9999.9 -9999.9 -0.0621999986 37.2971992493 -999.999 3678
MKN 2023 04 15 20 00 00 162 6 79.53 0 661.3 5 -99.9 -99.9 -99.9 -9999.9 -9999.9 -0.0621999986 37.2971992493 -999.999 3678
MKN 2023 04 15 21 00 00 144 7.9 86.85 0 661.2 5.35 -99.9 -99.9 -99.9 -9999.9 -9999.9 -0.0621999986 37.2971992493 -999.999 3678
MKN 2023 04 15 22 00 00 135 8.8 93.95 0 660.6 5.38 -99.9 -99.9 -99.9 -9999.9 -9999.9 -0.0621999986 37.2971992493 -999.999 3678
MKN 2023 04 15 23 00 00 151 5.3 87.58 0 660.4 5.1 -99.9 -99.9 -99.9 -9999.9 -9999.9 -0.0621999986 37.2971992493 -999.999 3678
MKN 2023 04 16 00 00 00 128 7.9 90.88 5.7 659.6 4.88 -99.9 -99.9 -99.9 -9999.9 -9999.9 -0.0621999986 37.2971992493 -999.999 3678
MKN 2023 04 16 01 00 00 153 8.7 91.08 25.7 659.4 5.37 -99.9 -99.9 -99.9 -9999.9 -9999.9 -0.0621999986 37.2971992493 -999.999 3678
MKN 2023 04 16 02 00 00 246 1.9 97.27 0 659.6 5.42 -99.9 -99.9 -99.9 -9999.9 -9999.9 -0.0621999986 37.2971992493 -999.999 3678
MKN 2023 04 16 03 00 00 178 3.5 92.82 0 659.6 6.17 -99.9 -99.9 -99.9 -9999.9 -9999.9 -0.0621999986 37.2971992493 -999.999 3678
MKN 2023 04 16 04 00 00 141 7.4 93.65 0 659.8 6.75 -99.9 -99.9 -99.9 -9999.9 -9999.9 -0.0621999986 37.2971992493 -999.999 3678
MKN 2023 04 16 05 00 00 138 6.9 83.7 0 660.4 8.55 -99.9 -99.9 -99.9 -9999.9 -9999.9 -0.0621999986 37.2971992493 -999.999 3678
MKN 2023 04 16 06 00 00 130 6.4 83.88 0 661.1 8.48 -99.9 -99.9 -99.9 -9999.9 -9999.9 -0.0621999986 37.2971992493 -999.999 3678
MKN 2023 04 16 07 00 00 136 6.5 70.72 0 661.4 10.47 -99.9 -99.9 -99.9 -9999.9 -9999.9 -0.0621999986 37.2971992493 -999.999 3678
MKN 2023 04 16 08 00 00 118 6 67.78 0 661.6 10.9 -99.9 -99.9 -99.9 -9999.9 -9999.9 -0.0621999986 37.2971992493 -999.999 3678
MKN 2023 04 16 09 00 00 127 4.1 69.2 0 661.4 11.72 -99.9 -99.9 -99.9 -9999.9 -9999.9 -0.0621999986 37.2971992493 -999.999 3678
MKN 2023 04 16 10 00 00 67 5.1 65.87 0 661.1 11.58 -99.9 -99.9 -99.9 -9999.9 -9999.9 -0.0621999986 37.2971992493 -999.999 3678
MKN 2023 04 16 11 00 00 41 4.9 84.12 0 660.4 10.63 -99.9 -99.9 -99.9 -9999.9 -9999.9 -0.0621999986 37.2971992493 -999.999 3678
MKN 2023 04 16 12 00 00 15 4.2 94.2 0 659.7 9.58 -99.9 -99.9 -99.9 -9999.9 -9999.9 -0.0621999986 37.2971992493 -999.999 3678
MKN 2023 04 16 13 00 00 351 1.7 87.72 0 659.2 9.18 -99.9 -99.9 -99.9 -9999.9 -9999.9 -0.0621999986 37.2971992493 -999.999 3678
MKN 2023 04 16 14 00 00 101 4.3 77.45 0 659 9.15 -99.9 -99.9 -99.9 -9999.9 -9999.9 -0.0621999986 37.2971992493 -999.999 3678
MKN 2023 04 16 15 00 00 153 4.2 91.38 0 659.2 7.32 -99.9 -99.9 -99.9 -9999.9 -9999.9 -0.0621999986 37.2971992493 -999.999 3678
MKN 2023 04 16 16 00 00 145 5.5 70.77 0 659.2 8.17 -99.9 -99.9 -99.9 -9999.9 -9999.9 -0.0621999986 37.2971992493 -999.999 3678
MKN 2023 04 16 17 00 00 148 5.2 91.7 0 659.6 6.77 -99.9 -99.9 -99.9 -9999.9 -9999.9 -0.0621999986 37.2971992493 -999.999 3678
MKN 2023 04 16 18 00 00 146 1.7 91.47 0 660.5 6.45 -99.9 -99.9 -99.9 -9999.9 -9999.9 -0.0621999986 37.2971992493 -999.999 3678
MKN 2023 04 16 19 00 00 118 5.2 99.2 0 660.8 5.97 -99.9 -99.9 -99.9 -9999.9 -9999.9 -0.0621999986 37.2971992493 -999.999 3678
MKN 2023 04 16 20 00 00 126 11.5 89.4 0 660.4 6.13 -99.9 -99.9 -99.9 -9999.9 -9999.9 -0.0621999986 37.2971992493 -999.999 3678
MKN 2023 04 16 21 00 00 141 8.5 80.65 0 660.3 6.2 -99.9 -99.9 -99.9 -9999.9 -9999.9 -0.0621999986 37.2971992493 -999.999 3678
MKN 2023 04 16 22 00 00 139 6.8 85.98 0 660 5.47 -99.9 -99.9 -99.9 -9999.9 -9999.9 -0.0621999986 37.2971992493 -999.999 3678
MKN 2023 04 16 23 00 00 140 9.6 77.77 0 659 5.6 -99.9 -99.9 -99.9 -9999.9 -9999.9 -0.0621999986 37.2971992493 -999.999 3678
MKN 2023 04 17 00 00 00 145 7.8 80.17 0 658.7 4.93 -99.9 -99.9 -99.9 -9999.9 -9999.9 -0.0621999986 37.2971992493 -999.999 3678
MKN 2023 04 17 01 00 00 165 4.3 86.1 0 658.5 5.55 -99.9 -99.9 -99.9 -9999.9 -9999.9 -0.0621999986 37.2971992493 -999.999 3678
MKN 2023 04 17 02 00 00 145 5.1 84.47 0 658.7 6.32 -99.9 -99.9 -99.9 -9999.9 -9999.9 -0.0621999986 37.2971992493 -999.999 3678
MKN 2023 04 17 03 00 00 135 8.1 85.72 0 658.8 5.62 -99.9 -99.9 -99.9 -9999.9 -9999.9 -0.0621999986 37.2971992493 -999.999 3678
MKN 2023 04 17 04 00 00 138 9.2 72.28 0 659 7.72 -99.9 -99.9 -99.9 -9999.9 -9999.9 -0.0621999986 37.2971992493 -999.999 3678
MKN 2023 04 17 05 00 00 129 6.6 63.45 0 659.8 10.45 -99.9 -99.9 -99.9 -9999.9 -9999.9 -0.0621999986 37.2971992493 -999.999 3678
MKN 2023 04 17 06 00 00 121 8.6 60.85 0 660.3 11.8 -99.9 -99.9 -99.9 -9999.9 -9999.9 -0.0621999986 37.2971992493 -999.999 3678
MKN 2023 04 17 07 00 00 112 5.7 63.12 0 660.9 11.92 -99.9 -99.9 -99.9 -9999.9 -9999.9 -0.0621999986 37.2971992493 -999.999 3678
MKN 2023 04 17 08 00 00 94 7.3 72.9 0 661.1 11.97 -99.9 -99.9 -99.9 -9999.9 -9999.9 -0.0621999986 37.2971992493 -999.999 3678
MKN 2023 04 17 09 00 00 41 3.2 62.02 0 661.1 12.72 -99.9 -99.9 -99.9 -9999.9 -9999.9 -0.0621999986 37.2971992493 -999.999 3678
MKN 2023 04 17 10 00 00 108 5.8 79.08 0 660.5 10.95 -99.9 -99.9 -99.9 -9999.9 -9999.9 -0.0621999986 37.2971992493 -999.999 3678
MKN 2023 04 17 11 00 00 73 5.1 72.6 0 660 12.02 -99.9 -99.9 -99.9 -9999.9 -9999.9 -0.0621999986 37.2971992493 -999.999 3678
MKN 2023 04 17 12 00 00 54 4.2 94.65 0 659.5 9.67 -99.9 -99.9 -99.9 -9999.9 -9999.9 -0.0621999986 37.2971992493 -999.999 3678
MKN 2023 04 17 13 00 00 358 3 99.2 0 659.1 8.6 -99.9 -99.9 -99.9 -9999.9 -9999.9 -0.0621999986 37.2971992493 -999.999 3678
MKN 2023 04 17 14 00 00 4 3.1 99.25 0 659 8.1 -99.9 -99.9 -99.9 -9999.9 -9999.9 -0.0621999986 37.2971992493 -999.999 3678
MKN 2023 04 17 15 00 00 6 5 87.93 0 659.2 6.43 -99.9 -99.9 -99.9 -9999.9 -9999.9 -0.0621999986 37.2971992493 -999.999 3678
MKN 2023 04 17 16 00 00 116 4.6 62.2 0 659.3 6.05 -99.9 -99.9 -99.9 -9999.9 -9999.9 -0.0621999986 37.2971992493 -999.999 3678
MKN 2023 04 17 17 00 00 147 6.1 59.33 0 659.7 6.75 -99.9 -99.9 -99.9 -9999.9 -9999.9 -0.0621999986 37.2971992493 -999.999 3678
MKN 2023 04 17 18 00 00 155 7.6 74.5 0 660.3 5.85 -99.9 -99.9 -99.9 -9999.9 -9999.9 -0.0621999986 37.2971992493 -999.999 3678
MKN 2023 04 17 19 00 00 156 7.9 76.85 0 660.7 6.75 -99.9 -99.9 -99.9 -9999.9 -9999.9 -0.0621999986 37.2971992493 -999.999 3678
MKN 2023 04 17 20 00 00 144 7.8 83.57 0 660.9 6.2 -99.9 -99.9 -99.9 -9999.9 -9999.9 -0.0621999986 37.2971992493 -999.999 3678
MKN 2023 04 17 21 00 00 146 6.2 82 0 660.9 5.75 -99.9 -99.9 -99.9 -9999.9 -9999.9 -0.0621999986 37.2971992493 -999.999 3678
MKN 2023 04 17 22 00 00 146 6.4 77.85 0 660.5 6.13 -99.9 -99.9 -99.9 -9999.9 -9999.9 -0.0621999986 37.2971992493 -999.999 3678
MKN 2023 04 17 23 00 00 142 8.2 65.85 0 659.7 6.2 -99.9 -99.9 -99.9 -9999.9 -9999.9 -0.0621999986 37.2971992493 -999.999 3678
MKN 2023 04 18 00 00 00 144 9 74.98 0 659.1 6.12 -99.9 -99.9 -99.9 -9999.9 -9999.9 -0.0621999986 37.2971992493 -999.999 3678
MKN 2023 04 18 01 00 00 145 9.1 75.75 0 659.1 5.7 -99.9 -99.9 -99.9 -9999.9 -9999.9 -0.0621999986 37.2971992493 -999.999 3678
MKN 2023 04 18 02 00 00 152 9.1 70.93 0 659.2 6.2 -99.9 -99.9 -99.9 -9999.9 -9999.9 -0.0621999986 37.2971992493 -999.999 3678
MKN 2023 04 18 03 00 00 139 5.6 81.38 0 659.5 6.18 -99.9 -99.9 -99.9 -9999.9 -9999.9 -0.0621999986 37.2971992493 -999.999 3678
MKN 2023 04 18 04 00 00 183 2.6 81.82 0 660.1 7.6 -99.9 -99.9 -99.9 -9999.9 -9999.9 -0.0621999986 37.2971992493 -999.999 3678
MKN 2023 04 18 05 00 00 152 3.9 68.02 0 661 9.7 -99.9 -99.9 -99.9 -9999.9 -9999.9 -0.0621999986 37.2971992493 -999.999 3678
MKN 2023 04 18 06 00 00 133 5.2 72.15 0 661.7 9.85 -99.9 -99.9 -99.9 -9999.9 -9999.9 -0.0621999986 37.2971992493 -999.999 3678
MKN 2023 04 18 07 00 00 148 3.8 99.28 0 662.4 7.27 -99.9 -99.9 -99.9 -9999.9 -9999.9 -0.0621999986 37.2971992493 -999.999 3678
MKN 2023 04 18 08 00 00 301 2.9 99.3 0 662.6 7.33 -99.9 -99.9 -99.9 -9999.9 -9999.9 -0.0621999986 37.2971992493 -999.999 3678
MKN 2023 04 18 09 00 00 346 1.9 97.93 0 662.3 8.82 -99.9 -99.9 -99.9 -9999.9 -9999.9 -0.0621999986 37.2971992493 -999.999 3678
MKN 2023 04 18 10 00 00 36 3.9 93.55 1 661.9 9.17 -99.9 -99.9 -99.9 -9999.9 -9999.9 -0.0621999986 37.2971992493 -999.999 3678
MKN 2023 04 18 11 00 00 11 2.9 99.3 0 661.3 8.13 -99.9 -99.9 -99.9 -9999.9 -9999.9 -0.0621999986 37.2971992493 -999.999 3678
MKN 2023 04 18 12 00 00 300 3.3 99.3 0 660.8 7.9 -99.9 -99.9 -99.9 -9999.9 -9999.9 -0.0621999986 37.2971992493 -999.999 3678
MKN 2023 04 18 13 00 00 323 2.5 99.3 0 660.9 7.82 -99.9 -99.9 -99.9 -9999.9 -9999.9 -0.0621999986 37.2971992493 -999.999 3678
MKN 2023 04 18 14 00 00 317 2.1 99.3 0 660.7 8.1 -99.9 -99.9 -99.9 -9999.9 -9999.9 -0.0621999986 37.2971992493 -999.999 3678
MKN 2023 04 18 15 00 00 25 2.8 85.07 0 660.7 6.6 -99.9 -99.9 -99.9 -9999.9 -9999.9 -0.0621999986 37.2971992493 -999.999 3678
MKN 2023 04 18 16 00 00 124 3.4 84.35 0 661.3 5.7 -99.9 -99.9 -99.9 -9999.9 -9999.9 -0.0621999986 37.2971992493 -999.999 3678
MKN 2023 04 18 17 00 00 134 5.9 84.62 0 661.7 6.25 -99.9 -99.9 -99.9 -9999.9 -9999.9 -0.0621999986 37.2971992493 -999.999 3678
MKN 2023 04 18 18 00 00 138 8.2 79.68 0 661.9 6.55 -99.9 -99.9 -99.9 -9999.9 -9999.9 -0.0621999986 37.2971992493 -999.999 3678
MKN 2023 04 18 19 00 00 138 7.4 85.03 0 662.3 6.32 -99.9 -99.9 -99.9 -9999.9 -9999.9 -0.0621999986 37.2971992493 -999.999 3678
MKN 2023 04 18 20 00 00 133 7.2 86.65 0 662.5 5.85 -99.9 -99.9 -99.9 -9999.9 -9999.9 -0.0621999986 37.2971992493 -999.999 3678
MKN 2023 04 18 21 00 00 133 6.6 86.2 0.4 662.5 5.13 -99.9 -99.9 -99.9 -9999.9 -9999.9 -0.0621999986 37.2971992493 -999.999 3678
MKN 2023 04 18 22 00 00 138 7.2 83.12 0 661.9 5.78 -99.9 -99.9 -99.9 -9999.9 -9999.9 -0.0621999986 37.2971992493 -999.999 3678
MKN 2023 04 18 23 00 00 134 6.5 87.73 0 661.5 5.37 -99.9 -99.9 -99.9 -9999.9 -9999.9 -0.0621999986 37.2971992493 -999.999 3678
MKN 2023 04 19 00 00 00 143 6.1 87.08 0 661 5.35 -99.9 -99.9 -99.9 -9999.9 -9999.9 -0.0621999986 37.2971992493 -999.999 3678
MKN 2023 04 19 01 00 00 130 6.8 84.13 0 660.7 5.1 -99.9 -99.9 -99.9 -9999.9 -9999.9 -0.0621999986 37.2971992493 -999.999 3678
MKN 2023 04 19 02 00 00 132 6.4 85.82 0 660.7 5.88 -99.9 -99.9 -99.9 -9999.9 -9999.9 -0.0621999986 37.2971992493 -999.999 3678
MKN 2023 04 19 03 00 00 135 6.2 84.68 0 660.9 5.85 -99.9 -99.9 -99.9 -9999.9 -9999.9 -0.0621999986 37.2971992493 -999.999 3678
MKN 2023 04 19 04 00 00 136 7.2 78.05 0 661.1 7.05 -99.9 -99.9 -99.9 -9999.9 -9999.9 -0.0621999986 37.2971992493 -999.999 3678
MKN 2023 04 19 05 00 00 131 7.9 65.25 0 661.5 9.83 -99.9 -99.9 -99.9 -9999.9 -9999.9 -0.0621999986 37.2971992493 -999.999 3678
MKN 2023 04 19 06 00 00 122 6.6 59.8 0 662 11.83 -99.9 -99.9 -99.9 -9999.9 -9999.9 -0.0621999986 37.2971992493 -999.999 3678
MKN 2023 04 19 07 00 00 111 7.1 74.03 0 662.3 11.77 -99.9 -99.9 -99.9 -9999.9 -9999.9 -0.0621999986 37.2971992493 -999.999 3678
MKN 2023 04 19 08 00 00 349 3.7 92.08 0 662.6 10.13 -99.9 -99.9 -99.9 -9999.9 -9999.9 -0.0621999986 37.2971992493 -999.999 3678
MKN 2023 04 19 09 00 00 16 5.1 74.2 0 662.4 11.6 -99.9 -99.9 -99.9 -9999.9 -9999.9 -0.0621999986 37.2971992493 -999.999 3678
MKN 2023 04 19 10 00 00 358 4.2 88.22 0 662 10.5 -99.9 -99.9 -99.9 -9999.9 -9999.9 -0.0621999986 37.2971992493 -999.999 3678
MKN 2023 04 19 11 00 00 321 4.6 65.97 0 661.3 11.77 -99.9 -99.9 -99.9 -9999.9 -9999.9 -0.0621999986 37.2971992493 -999.999 3678
MKN 2023 04 19 12 00 00 64 6.4 99.23 0 660.6 8.93 -99.9 -99.9 -99.9 -9999.9 -9999.9 -0.0621999986 37.2971992493 -999.999 3678
MKN 2023 04 19 13 00 00 17 3.3 99.27 0 660.2 7.82 -99.9 -99.9 -99.9 -9999.9 -9999.9 -0.0621999986 37.2971992493 -999.999 3678
MKN 2023 04 19 14 00 00 343 3.8 93.7 0 660.2 7.97 -99.9 -99.9 -99.9 -9999.9 -9999.9 -0.0621999986 37.2971992493 -999.999 3678
MKN 2023 04 19 15 00 00 258 1.8 94.1 0 660.5 6.8 -99.9 -99.9 -99.9 -9999.9 -9999.9 -0.0621999986 37.2971992493 -999.999 3678
MKN 2023 04 19 16 00 00 229 1.4 96.53 0 660.5 5.35 -99.9 -99.9 -99.9 -9999.9 -9999.9 -0.0621999986 37.2971992493 -999.999 3678
MKN 2023 04 19 17 00 00 194 2 86.2 0 660.7 5.98 -99.9 -99.9 -99.9 -9999.9 -9999.9 -0.0621999986 37.2971992493 -999.999 3678
MKN 2023 04 19 18 00 00 169 1.3 90.13 0 661 5.35 -99.9 -99.9 -99.9 -9999.9 -9999.9 -0.0621999986 37.2971992493 -999.999 3678
MKN 2023 04 19 19 00 00 204 3.8 89.73 0 661.4 5.98 -99.9 -99.9 -99.9 -9999.9 -9999.9 -0.0621999986 37.2971992493 -999.999 3678
MKN 2023 04 19 20 00 00 166 4.9 89.97 0 661.6 6.5 -99.9 -99.9 -99.9 -9999.9 -9999.9 -0.0621999986 37.2971992493 -999.999 3678
MKN 2023 04 19 21 00 00 142 2.8 88.05 3.9 661.5 5.38 -99.9 -99.9 -99.9 -9999.9 -9999.9 -0.0621999986 37.2971992493 -999.999 3678
MKN 2023 04 19 22 00 00 173 2.9 91.2 0.1 661.1 4.62 -99.9 -99.9 -99.9 -9999.9 -9999.9 -0.0621999986 37.2971992493 -999.999 3678
MKN 2023 04 19 23 00 00 191 1.8 88.37 0 660.6 4.62 -99.9 -99.9 -99.9 -9999.9 -9999.9 -0.0621999986 37.2971992493 -999.999 3678
MKN 2023 04 20 00 00 00 117 1.2 84.47 0 660 4.93 -99.9 -99.9 -99.9 -9999.9 -9999.9 -0.0621999986 37.2971992493 -999.999 3678
MKN 2023 04 20 01 00 00 165 1.8 88.73 0 659.8 5.27 -99.9 -99.9 -99.9 -9999.9 -9999.9 -0.0621999986 37.2971992493 -999.999 3678
MKN 2023 04 20 02 00 00 175 1.4 82.62 0 659.9 4.78 -99.9 -99.9 -99.9 -9999.9 -9999.9 -0.0621999986 37.2971992493 -999.999 3678
MKN 2023 04 20 03 00 00 188 3.2 82.4 0 659.9 5.37 -99.9 -99.9 -99.9 -9999.9 -9999.9 -0.0621999986 37.2971992493 -999.999 3678
MKN 2023 04 20 04 00 00 210 1.4 77.23 0 660.2 7.55 -99.9 -99.9 -99.9 -9999.9 -9999.9 -0.0621999986 37.2971992493 -999.999 3678
MKN 2023 04 20 05 00 00 132 3.2 55.38 0 660.5 11 -99.9 -99.9 -99.9 -9999.9 -9999.9 -0.0621999986 37.2971992493 -999.999 3678
MKN 2023 04 20 06 00 00 109 6 47.78 0 660.7 12.63 -99.9 -99.9 -99.9 -9999.9 -9999.9 -0.0621999986 37.2971992493 -999.999 3678
MKN 2023 04 20 07 00 00 69 4.7 92.32 0 660.8 9.82 -99.9 -99.9 -99.9 -9999.9 -9999.9 -0.0621999986 37.2971992493 -999.999 3678
MKN 2023 04 20 08 00 00 294 3.1 99.28 0 660.9 9.03 -99.9 -99.9 -99.9 -9999.9 -9999.9 -0.0621999986 37.2971992493 -999.999 3678
MKN 2023 04 20 09 00 00 304 2.7 99.25 0 660.6 9.08 -99.9 -99.9 -99.9 -9999.9 -9999.9 -0.0621999986 37.2971992493 -999.999 3678
MKN 2023 04 20 10 00 00 301 2.5 99.25 0 660.2 8.88 -99.9 -99.9 -99.9 -9999.9 -9999.9 -0.0621999986 37.2971992493 -999.999 3678
MKN 2023 04 20 11 00 00 21 5 95.28 0 659.5 9.05 -99.9 -99.9 -99.9 -9999.9 -9999.9 -0.0621999986 37.2971992493 -999.999 3678
MKN 2023 04 20 12 00 00 13 5.9 99.25 0 659 7.98 -99.9 -99.9 -99.9 -9999.9 -9999.9 -0.0621999986 37.2971992493 -999.999 3678
MKN 2023 04 20 13 00 00 350 3.2 95.52 0 658.7 8.75 -99.9 -99.9 -99.9 -9999.9 -9999.9 -0.0621999986 37.2971992493 -999.999 3678
MKN 2023 04 20 14 00 00 344 2.9 98.55 0 658.4 8.37 -99.9 -99.9 -99.9 -9999.9 -9999.9 -0.0621999986 37.2971992493 -999.999 3678
MKN 2023 04 20 15 00 00 328 1.7 99.3 0 658.4 7.75 -99.9 -99.9 -99.9 -9999.9 -9999.9 -0.0621999986 37.2971992493 -999.999 3678
MKN 2023 04 20 16 00 00 315 1.3 98.57 0 658.4 6.85 -99.9 -99.9 -99.9 -9999.9 -9999.9 -0.0621999986 37.2971992493 -999.999 3678
MKN 2023 04 20 17 00 00 228 1.6 98.43 0 658.7 5.63 -99.9 -99.9 -99.9 -9999.9 -9999.9 -0.0621999986 37.2971992493 -999.999 3678
MKN 2023 04 20 18 00 00 189 1.9 96.67 0 659.4 4.45 -99.9 -99.9 -99.9 -9999.9 -9999.9 -0.0621999986 37.2971992493 -999.999 3678
MKN 2023 04 20 19 00 00 129 2.6 92.05 0 659.8 3.87 -99.9 -99.9 -99.9 -9999.9 -9999.9 -0.0621999986 37.2971992493 -999.999 3678
MKN 2023 04 20 20 00 00 155 2 88.27 0 659.9 4.4 -99.9 -99.9 -99.9 -9999.9 -9999.9 -0.0621999986 37.2971992493 -999.999 3678
MKN 2023 04 20 21 00 00 125 1.9 88.2 0 659.8 3.98 -99.9 -99.9 -99.9 -9999.9 -9999.9 -0.0621999986 37.2971992493 -999.999 3678
MKN 2023 04 20 22 00 00 175 1.3 82.22 0 659.2 4.77 -99.9 -99.9 -99.9 -9999.9 -9999.9 -0.0621999986 37.2971992493 -999.999 3678
MKN 2023 04 20 23 00 00 209 2.8 79.77 0 658.9 4.07 -99.9 -99.9 -99.9 -9999.9 -9999.9 -0.0621999986 37.2971992493 -999.999 3678
MKN 2023 04 21 00 00 00 195 1.4 72.55 0 658.4 3.63 -99.9 -99.9 -99.9 -9999.9 -9999.9 -0.0621999986 37.2971992493 -999.999 3678
MKN 2023 04 21 01 00 00 117 2.3 70.88 0 658.3 3.77 -99.9 -99.9 -99.9 -9999.9 -9999.9 -0.0621999986 37.2971992493 -999.999 3678
MKN 2023 04 21 02 00 00 133 5.5 62.88 0 658.2 5.45 -99.9 -99.9 -99.9 -9999.9 -9999.9 -0.0621999986 37.2971992493 -999.999 3678
MKN 2023 04 21 03 00 00 138 8.4 56.95 0 657.9 6.23 -99.9 -99.9 -99.9 -9999.9 -9999.9 -0.0621999986 37.2971992493 -999.999 3678
MKN 2023 04 21 04 00 00 139 8.7 42.53 0 658.1 8.73 -99.9 -99.9 -99.9 -9999.9 -9999.9 -0.0621999986 37.2971992493 -999.999 3678
MKN 2023 04 21 05 00 00 137 7.4 35.57 0 658.5 11.82 -99.9 -99.9 -99.9 -9999.9 -9999.9 -0.0621999986 37.2971992493 -999.999 3678
MKN 2023 04 21 06 00 00 112 6.5 35.7 0 659.2 13.65 -99.9 -99.9 -99.9 -9999.9 -9999.9 -0.0621999986 37.2971992493 -999.999 3678
MKN 2023 04 21 07 00 00 67 5.7 76.22 0 659.9 11.6 -99.9 -99.9 -99.9 -9999.9 -9999.9 -0.0621999986 37.2971992493 -999.999 3678
MKN 2023 04 21 08 00 00 346 4.7 94.7 0 660.4 9.77 -99.9 -99.9 -99.9 -9999.9 -9999.9 -0.0621999986 37.2971992493 -999.999 3678
MKN 2023 04 21 09 00 00 332 3.2 91.93 0 660.4 10.63 -99.9 -99.9 -99.9 -9999.9 -9999.9 -0.0621999986 37.2971992493 -999.999 3678
MKN 2023 04 21 10 00 00 353 4.6 97.48 0 659.8 9.43 -99.9 -99.9 -99.9 -9999.9 -9999.9 -0.0621999986 37.2971992493 -999.999 3678
MKN 2023 04 21 11 00 00 0 2.8 94.4 0 659.2 10.03 -99.9 -99.9 -99.9 -9999.9 -9999.9 -0.0621999986 37.2971992493 -999.999 3678
MKN 2023 04 21 12 00 00 344 3.7 96.07 0 658.6 9.98 -99.9 -99.9 -99.9 -9999.9 -9999.9 -0.0621999986 37.2971992493 -999.999 3678
MKN 2023 04 21 13 00 00 326 2.8 99.23 0 658.3 9.15 -99.9 -99.9 -99.9 -9999.9 -9999.9 -0.0621999986 37.2971992493 -999.999 3678
MKN 2023 04 21 14 00 00 276 2.2 98.32 0 658.3 9.22 -99.9 -99.9 -99.9 -9999.9 -9999.9 -0.0621999986 37.2971992493 -999.999 3678
MKN 2023 04 21 15 00 00 267 2.4 97.55 0 658.3 8.27 -99.9 -99.9 -99.9 -9999.9 -9999.9 -0.0621999986 37.2971992493 -999.999 3678
MKN 2023 04 21 16 00 00 211 1.1 95.38 0 658.4 6.65 -99.9 -99.9 -99.9 -9999.9 -9999.9 -0.0621999986 37.2971992493 -999.999 3678
MKN 2023 04 21 17 00 00 159 1.8 53.42 0 658.5 6.28 -99.9 -99.9 -99.9 -9999.9 -9999.9 -0.0621999986 37.2971992493 -999.999 3678
MKN 2023 04 21 18 00 00 159 2.8 47.1 0 658.8 5.98 -99.9 -99.9 -99.9 -9999.9 -9999.9 -0.0621999986 37.2971992493 -999.999 3678
MKN 2023 04 21 19 00 00 152 4.6 42.23 0 659.1 7.22 -99.9 -99.9 -99.9 -9999.9 -9999.9 -0.0621999986 37.2971992493 -999.999 3678
MKN 2023 04 21 20 00 00 157 3.6 42.82 0 659.3 6.6 -99.9 -99.9 -99.9 -9999.9 -9999.9 -0.0621999986 37.2971992493 -999.999 3678
MKN 2023 04 21 21 00 00 180 3.8 73.72 0 659.3 5.7 -99.9 -99.9 -99.9 -9999.9 -9999.9 -0.0621999986 37.2971992493 -999.999 3678
MKN 2023 04 21 22 00 00 207 2.6 79.97 0 659.1 4.47 -99.9 -99.9 -99.9 -9999.9 -9999.9 -0.0621999986 37.2971992493 -999.999 3678
MKN 2023 04 21 23 00 00 200 2.1 79.8 0 658.4 4.8 -99.9 -99.9 -99.9 -9999.9 -9999.9 -0.0621999986 37.2971992493 -999.999 3678
MKN 2023 04 22 00 00 00 225 1.9 89.42 0 658.2 4.4 -99.9 -99.9 -99.9 -9999.9 -9999.9 -0.0621999986 37.2971992493 -999.999 3678
MKN 2023 04 22 01 00 00 202 1.7 90.13 0 657.9 3.6 -99.9 -99.9 -99.9 -9999.9 -9999.9 -0.0621999986 37.2971992493 -999.999 3678
MKN 2023 04 22 02 00 00 177 1.7 77.98 0 657.8 4.18 -99.9 -99.9 -99.9 -9999.9 -9999.9 -0.0621999986 37.2971992493 -999.999 3678
MKN 2023 04 22 03 00 00 120 2.8 83.25 0 658 4.82 -99.9 -99.9 -99.9 -9999.9 -9999.9 -0.0621999986 37.2971992493 -999.999 3678
MKN 2023 04 22 04 00 00 116 3 76.6 0 658.6 8.02 -99.9 -99.9 -99.9 -9999.9 -9999.9 -0.0621999986 37.2971992493 -999.999 3678
MKN 2023 04 22 05 00 00 54 4 83.18 0 659 8.12 -99.9 -99.9 -99.9 -9999.9 -9999.9 -0.0621999986 37.2971992493 -999.999 3678
MKN 2023 04 22 06 00 00 349 3.6 94.4 0 659.7 7.62 -99.9 -99.9 -99.9 -9999.9 -9999.9 -0.0621999986 37.2971992493 -999.999 3678
MKN 2023 04 22 07 00 00 335 2.1 97.65 0 660.3 8.18 -99.9 -99.9 -99.9 -9999.9 -9999.9 -0.0621999986 37.2971992493 -999.999 3678
MKN 2023 04 22 08 00 00 4 1.8 96 0 660.7 8.9 -99.9 -99.9 -99.9 -9999.9 -9999.9 -0.0621999986 37.2971992493 -999.999 3678
MKN 2023 04 22 09 00 00 348 3.1 95.65 0 660.7 9.23 -99.9 -99.9 -99.9 -9999.9 -9999.9 -0.0621999986 37.2971992493 -999.999 3678
MKN 2023 04 22 10 00 00 316 3.8 99.3 0 659.9 7.77 -99.9 -99.9 -99.9 -9999.9 -9999.9 -0.0621999986 37.2971992493 -999.999 3678
MKN 2023 04 22 11 00 00 328 2 99.3 1.2 659.4 7.83 -99.9 -99.9 -99.9 -9999.9 -9999.9 -0.0621999986 37.2971992493 -999.999 3678
MKN 2023 04 22 12 00 00 350 2.4 99.3 0.5 658.7 7.47 -99.9 -99.9 -99.9 -9999.9 -9999.9 -0.0621999986 37.2971992493 -999.999 3678
MKN 2023 04 22 13 00 00 16 2.7 99.3 3.9 658.5 7.1 -99.9 -99.9 -99.9 -9999.9 -9999.9 -0.0621999986 37.2971992493 -999.999 3678
MKN 2023 04 22 14 00 00 80 1.8 99.3 0 658.2 7.22 -99.9 -99.9 -99.9 -9999.9 -9999.9 -0.0621999986 37.2971992493 -999.999 3678
MKN 2023 04 22 15 00 00 287 1.3 97.92 2.2 658.7 6.85 -99.9 -99.9 -99.9 -9999.9 -9999.9 -0.0621999986 37.2971992493 -999.999 3678
MKN 2023 04 22 16 00 00 180 1.2 99.02 1 659.3 6.6 -99.9 -99.9 -99.9 -9999.9 -9999.9 -0.0621999986 37.2971992493 -999.999 3678
MKN 2023 04 22 17 00 00 135 1.7 99.2 3.6 659.9 6.52 -99.9 -99.9 -99.9 -9999.9 -9999.9 -0.0621999986 37.2971992493 -999.999 3678
MKN 2023 04 22 18 00 00 177 2.3 99.2 2.5 660.4 6.78 -99.9 -99.9 -99.9 -9999.9 -9999.9 -0.0621999986 37.2971992493 -999.999 3678
MKN 2023 04 22 19 00 00 180 2.4 99.15 10.2 660.8 5.9 -99.9 -99.9 -99.9 -9999.9 -9999.9 -0.0621999986 37.2971992493 -999.999 3678
MKN 2023 04 22 20 00 00 222 1.6 99.27 0 661 5.88 -99.9 -99.9 -99.9 -9999.9 -9999.9 -0.0621999986 37.2971992493 -999.999 3678
MKN 2023 04 22 21 00 00 245 1.9 99.3 0 660.9 5.82 -99.9 -99.9 -99.9 -9999.9 -9999.9 -0.0621999986 37.2971992493 -999.999 3678
MKN 2023 04 22 22 00 00 236 2.3 98.88 0 660.3 5.57 -99.9 -99.9 -99.9 -9999.9 -9999.9 -0.0621999986 37.2971992493 -999.999 3678
MKN 2023 04 22 23 00 00 252 1.4 94.42 0 659.8 5.67 -99.9 -99.9 -99.9 -9999.9 -9999.9 -0.0621999986 37.2971992493 -999.999 3678
MKN 2023 04 23 00 00 00 156 1.5 91.57 0 659.3 6.05 -99.9 -99.9 -99.9 -9999.9 -9999.9 -0.0621999986 37.2971992493 -999.999 3678
MKN 2023 04 23 01 00 00 86 2.7 97.83 0 659 5.57 -99.9 -99.9 -99.9 -9999.9 -9999.9 -0.0621999986 37.2971992493 -999.999 3678
MKN 2023 04 23 02 00 00 114 3.3 98.47 0 659 5.55 -99.9 -99.9 -99.9 -9999.9 -9999.9 -0.0621999986 37.2971992493 -999.999 3678
MKN 2023 04 23 03 00 00 143 3.1 98.85 0 659.4 5.73 -99.9 -99.9 -99.9 -9999.9 -9999.9 -0.0621999986 37.2971992493 -999.999 3678
MKN 2023 04 23 04 00 00 132 5.1 91.02 0 659.9 7.57 -99.9 -99.9 -99.9 -9999.9 -9999.9 -0.0621999986 37.2971992493 -999.999 3678
MKN 2023 04 23 05 00 00 65 3.4 85.78 0 660.3 8.55 -99.9 -99.9 -99.9 -9999.9 -9999.9 -0.0621999986 37.2971992493 -999.999 3678
MKN 2023 04 23 06 00 00 57 5.2 68.35 0 660.9 10.45 -99.9 -99.9 -99.9 -9999.9 -9999.9 -0.0621999986 37.2971992493 -999.999 3678
MKN 2023 04 23 07 00 00 40 4.7 83.52 0 661.2 10.85 -99.9 -99.9 -99.9 -9999.9 -9999.9 -0.0621999986 37.2971992493 -999.999 3678
MKN 2023 04 23 08 00 00 16 5.7 97.05 0 661.1 9.25 -99.9 -99.9 -99.9 -9999.9 -9999.9 -0.0621999986 37.2971992493 -999.999 3678
MKN 2023 04 23 09 00 00 26 5.2 97.32 0 661 9.27 -99.9 -99.9 -99.9 -9999.9 -9999.9 -0.0621999986 37.2971992493 -999.999 3678
MKN 2023 04 23 10 00 00 32 5.3 93.97 0 660.6 9.85 -99.9 -99.9 -99.9 -9999.9 -9999.9 -0.0621999986 37.2971992493 -999.999 3678
MKN 2023 04 23 11 00 00 25 7.5 92.63 0 660 10 -99.9 -99.9 -99.9 -9999.9 -9999.9 -0.0621999986 37.2971992493 -999.999 3678
MKN 2023 04 23 12 00 00 58 5.8 76.95 0 659.5 11.43 -99.9 -99.9 -99.9 -9999.9 -9999.9 -0.0621999986 37.2971992493 -999.999 3678
MKN 2023 04 23 13 00 00 82 4.8 74.4 0 659.2 11.53 -99.9 -99.9 -99.9 -9999.9 -9999.9 -0.0621999986 37.2971992493 -999.999 3678
MKN 2023 04 23 14 00 00 113 6.5 93.77 0 659 8.85 -99.9 -99.9 -99.9 -9999.9 -9999.9 -0.0621999986 37.2971992493 -999.999 3678
MKN 2023 04 23 15 00 00 294 1.9 95.9 0.1 659.5 7.08 -99.9 -99.9 -99.9 -9999.9 -9999.9 -0.0621999986 37.2971992493 -999.999 3678
MKN 2023 04 23 16 00 00 162 3.2 94.07 0 659.7 6.1 -99.9 -99.9 -99.9 -9999.9 -9999.9 -0.0621999986 37.2971992493 -999.999 3678
MKN 2023 04 23 17 00 00 133 2.4 83.08 0 660.2 6.3 -99.9 -99.9 -99.9 -9999.9 -9999.9 -0.0621999986 37.2971992493 -999.999 3678
MKN 2023 04 23 18 00 00 123 5.7 79.13 0 660.8 6.57 -99.9 -99.9 -99.9 -9999.9 -9999.9 -0.0621999986 37.2971992493 -999.999 3678
MKN 2023 04 23 19 00 00 121 5.5 81.58 0 661.2 5.43 -99.9 -99.9 -99.9 -9999.9 -9999.9 -0.0621999986 37.2971992493 -999.999 3678
MKN 2023 04 23 20 00 00 130 6.8 81.42 0 661.4 5.83 -99.9 -99.9 -99.9 -9999.9 -9999.9 -0.0621999986 37.2971992493 -999.999 3678
MKN 2023 04 23 21 00 00 132 7.8 88.97 0 661.4 6 -99.9 -99.9 -99.9 -9999.9 -9999.9 -0.0621999986 37.2971992493 -999.999 3678
MKN 2023 04 23 22 00 00 130 8 86.55 0 661.1 6.12 -99.9 -99.9 -99.9 -9999.9 -9999.9 -0.0621999986 37.2971992493 -999.999 3678
MKN 2023 04 23 23 00 00 121 8.2 80.3 0 660.5 5.62 -99.9 -99.9 -99.9 -9999.9 -9999.9 -0.0621999986 37.2971992493 -999.999 3678
MKN 2023 04 24 00 00 00 122 7.4 78.97 0 660.1 5.9 -99.9 -99.9 -99.9 -9999.9 -9999.9 -0.0621999986 37.2971992493 -999.999 3678
MKN 2023 04 24 01 00 00 115 9.2 75.32 0 660 6.08 -99.9 -99.9 -99.9 -9999.9 -9999.9 -0.0621999986 37.2971992493 -999.999 3678
MKN 2023 04 24 02 00 00 124 8.7 67.23 0 660.1 6.15 -99.9 -99.9 -99.9 -9999.9 -9999.9 -0.0621999986 37.2971992493 -999.999 3678
MKN 2023 04 24 03 00 00 126 7.5 65.65 0 660.3 6.32 -99.9 -99.9 -99.9 -9999.9 -9999.9 -0.0621999986 37.2971992493 -999.999 3678
MKN 2023 04 24 04 00 00 126 9.9 59.12 0 660.3 8.17 -99.9 -99.9 -99.9 -9999.9 -9999.9 -0.0621999986 37.2971992493 -999.999 3678
MKN 2023 04 24 05 00 00 106 10.5 48.07 0 660.9 10.68 -99.9 -99.9 -99.9 -9999.9 -9999.9 -0.0621999986 37.2971992493 -999.999 3678
MKN 2023 04 24 06 00 00 99 8.2 47.63 0 661.3 11.83 -99.9 -99.9 -99.9 -9999.9 -9999.9 -0.0621999986 37.2971992493 -999.999 3678
MKN 2023 04 24 07 00 00 87 7.5 49.55 0 661.7 12.43 -99.9 -99.9 -99.9 -9999.9 -9999.9 -0.0621999986 37.2971992493 -999.999 3678
MKN 2023 04 24 08 00 00 89 7.2 46.3 0 661.7 12.8 -99.9 -99.9 -99.9 -9999.9 -9999.9 -0.0621999986 37.2971992493 -999.999 3678
MKN 2023 04 25 07 00 00 -99.9 -99.9 88.27 -99.9 -999.9 10.13 -99.9 -99.9 -99.9 -9999.9 -9999.9 -0.0621999986 37.2971992493 -999.999 3678
MKN 2023 04 25 08 00 00 263 2.6 97.42 0 661.6 9.8 -99.9 -99.9 -99.9 -9999.9 -9999.9 -0.0621999986 37.2971992493 -999.999 3678
MKN 2023 04 25 09 00 00 319 2.2 99.3 0 661.7 9.1 -99.9 -99.9 -99.9 -9999.9 -9999.9 -0.0621999986 37.2971992493 -999.999 3678
MKN 2023 04 25 10 00 00 297 2.6 99.3 0 661.3 8.33 -99.9 -99.9 -99.9 -9999.9 -9999.9 -0.0621999986 37.2971992493 -999.999 3678
MKN 2023 04 25 11 00 00 295 2.7 99.3 0 661.1 8.15 -99.9 -99.9 -99.9 -9999.9 -9999.9 -0.0621999986 37.2971992493 -999.999 3678
MKN 2023 04 25 12 00 00 303 3.2 99.3 0.1 660.4 8.02 -99.9 -99.9 -99.9 -9999.9 -9999.9 -0.0621999986 37.2971992493 -999.999 3678
MKN 2023 04 25 13 00 00 313 2.3 99.3 0 660.2 8.13 -99.9 -99.9 -99.9 -9999.9 -9999.9 -0.0621999986 37.2971992493 -999.999 3678
MKN 2023 04 25 14 00 00 333 1.7 99.3 0 659.9 7.92 -99.9 -99.9 -99.9 -9999.9 -9999.9 -0.0621999986 37.2971992493 -999.999 3678
MKN 2023 04 25 15 00 00 53 1.6 99.3 0.2 660.1 6.78 -99.9 -99.9 -99.9 -9999.9 -9999.9 -0.0621999986 37.2971992493 -999.999 3678
MKN 2023 04 25 16 00 00 137 5.4 90.78 0 660.2 6.8 -99.9 -99.9 -99.9 -9999.9 -9999.9 -0.0621999986 37.2971992493 -999.999 3678
MKN 2023 04 25 17 00 00 156 4.9 96.58 0 660.6 6.43 -99.9 -99.9 -99.9 -9999.9 -9999.9 -0.0621999986 37.2971992493 -999.999 3678
MKN 2023 04 25 18 00 00 225 1.9 99.3 0 660.9 5.93 -99.9 -99.9 -99.9 -9999.9 -9999.9 -0.0621999986 37.2971992493 -999.999 3678
MKN 2023 04 25 19 00 00 209 1.4 99.27 0 661.3 6.08 -99.9 -99.9 -99.9 -9999.9 -9999.9 -0.0621999986 37.2971992493 -999.999 3678
MKN 2023 04 25 20 00 00 235 2.6 99.3 0 661.4 6.27 -99.9 -99.9 -99.9 -9999.9 -9999.9 -0.0621999986 37.2971992493 -999.999 3678
MKN 2023 04 25 21 00 00 205 2.9 99.27 0 661.6 6.22 -99.9 -99.9 -99.9 -9999.9 -9999.9 -0.0621999986 37.2971992493 -999.999 3678
MKN 2023 04 25 22 00 00 207 1 99.25 0 661.2 6.05 -99.9 -99.9 -99.9 -9999.9 -9999.9 -0.0621999986 37.2971992493 -999.999 3678
MKN 2023 04 25 23 00 00 219 0.9 99.28 0 660.9 6.13 -99.9 -99.9 -99.9 -9999.9 -9999.9 -0.0621999986 37.2971992493 -999.999 3678
MKN 2023 04 26 00 00 00 118 2 98.6 0.1 660.4 6.07 -99.9 -99.9 -99.9 -9999.9 -9999.9 -0.0621999986 37.2971992493 -999.999 3678
MKN 2023 04 26 01 00 00 75 1.2 91.58 0.1 660.2 6.17 -99.9 -99.9 -99.9 -9999.9 -9999.9 -0.0621999986 37.2971992493 -999.999 3678
MKN 2023 04 26 02 00 00 152 7.4 87.27 1.1 660.2 6.4 -99.9 -99.9 -99.9 -9999.9 -9999.9 -0.0621999986 37.2971992493 -999.999 3678
MKN 2023 04 26 03 00 00 173 4.9 91.68 0 660.4 6.6 -99.9 -99.9 -99.9 -9999.9 -9999.9 -0.0621999986 37.2971992493 -999.999 3678
MKN 2023 04 26 04 00 00 184 2.2 95.23 0 660.9 6.77 -99.9 -99.9 -99.9 -9999.9 -9999.9 -0.0621999986 37.2971992493 -999.999 3678
MKN 2023 04 26 05 00 00 249 1.5 94.7 0 661.5 7.25 -99.9 -99.9 -99.9 -9999.9 -9999.9 -0.0621999986 37.2971992493 -999.999 3678
MKN 2023 04 26 06 00 00 298 2.5 98.37 0 662 7.52 -99.9 -99.9 -99.9 -9999.9 -9999.9 -0.0621999986 37.2971992493 -999.999 3678
MKN 2023 04 26 07 00 00 299 3.2 99.28 0 662.2 7.72 -99.9 -99.9 -99.9 -9999.9 -9999.9 -0.0621999986 37.2971992493 -999.999 3678
MKN 2023 04 26 08 00 00 284 3.6 99.25 0 662.1 8.28 -99.9 -99.9 -99.9 -9999.9 -9999.9 -0.0621999986 37.2971992493 -999.999 3678
MKN 2023 04 26 09 00 00 295 3.7 99.3 0 661.8 8.28 -99.9 -99.9 -99.9 -9999.9 -9999.9 -0.0621999986 37.2971992493 -999.999 3678
MKN 2023 04 26 10 00 00 283 3.5 99.3 0 661.4 8.47 -99.9 -99.9 -99.9 -9999.9 -9999.9 -0.0621999986 37.2971992493 -999.999 3678
MKN 2023 04 26 11 00 00 305 3.4 99.3 0 660.8 8.85 -99.9 -99.9 -99.9 -9999.9 -9999.9 -0.0621999986 37.2971992493 -999.999 3678
MKN 2023 04 26 12 00 00 310 2.7 99.3 0 660.3 8.75 -99.9 -99.9 -99.9 -9999.9 -9999.9 -0.0621999986 37.2971992493 -999.999 3678
MKN 2023 04 26 13 00 00 322 2.5 99.3 0.2 659.9 9 -99.9 -99.9 -99.9 -9999.9 -9999.9 -0.0621999986 37.2971992493 -999.999 3678
MKN 2023 04 26 14 00 00 354 1.5 99.3 0 659.7 8.68 -99.9 -99.9 -99.9 -9999.9 -9999.9 -0.0621999986 37.2971992493 -999.999 3678
MKN 2023 04 26 15 00 00 8 3 99.3 0 659.8 8.13 -99.9 -99.9 -99.9 -9999.9 -9999.9 -0.0621999986 37.2971992493 -999.999 3678
MKN 2023 04 26 16 00 00 29 2.2 99.3 0.4 660.2 7.37 -99.9 -99.9 -99.9 -9999.9 -9999.9 -0.0621999986 37.2971992493 -999.999 3678
MKN 2023 04 26 17 00 00 45 1.9 99.1 8.1 660.3 6.82 -99.9 -99.9 -99.9 -9999.9 -9999.9 -0.0621999986 37.2971992493 -999.999 3678
MKN 2023 04 26 18 00 00 164 2.6 90.92 12.5 661 6.82 -99.9 -99.9 -99.9 -9999.9 -9999.9 -0.0621999986 37.2971992493 -999.999 3678
MKN 2023 04 26 19 00 00 159 6.8 82.12 2.8 661.1 7.7 -99.9 -99.9 -99.9 -9999.9 -9999.9 -0.0621999986 37.2971992493 -999.999 3678
MKN 2023 04 26 20 00 00 165 8.8 80.6 0.4 661 7.8 -99.9 -99.9 -99.9 -9999.9 -9999.9 -0.0621999986 37.2971992493 -999.999 3678
MKN 2023 04 26 21 00 00 144 10.6 87.95 0.2 661 7 -99.9 -99.9 -99.9 -9999.9 -9999.9 -0.0621999986 37.2971992493 -999.999 3678
MKN 2023 04 26 22 00 00 174 2.9 84.15 0 661 6.88 -99.9 -99.9 -99.9 -9999.9 -9999.9 -0.0621999986 37.2971992493 -999.999 3678
MKN 2023 04 26 23 00 00 223 1.7 82.4 0 660.4 6.42 -99.9 -99.9 -99.9 -9999.9 -9999.9 -0.0621999986 37.2971992493 -999.999 3678
MKN 2023 04 27 00 00 00 185 1.3 77.7 0 659.9 6.67 -99.9 -99.9 -99.9 -9999.9 -9999.9 -0.0621999986 37.2971992493 -999.999 3678
MKN 2023 04 27 01 00 00 204 1.2 82.3 0 659.6 5.6 -99.9 -99.9 -99.9 -9999.9 -9999.9 -0.0621999986 37.2971992493 -999.999 3678
MKN 2023 04 27 02 00 00 203 0.8 82.8 0 659.5 5.42 -99.9 -99.9 -99.9 -9999.9 -9999.9 -0.0621999986 37.2971992493 -999.999 3678
MKN 2023 04 27 03 00 00 117 1.2 80.2 0 659.5 6.3 -99.9 -99.9 -99.9 -9999.9 -9999.9 -0.0621999986 37.2971992493 -999.999 3678
MKN 2023 04 27 04 00 00 207 0.6 77.03 0 660 7.98 -99.9 -99.9 -99.9 -9999.9 -9999.9 -0.0621999986 37.2971992493 -999.999 3678
MKN 2023 04 27 05 00 00 256 1.7 73.72 0 660.6 10.05 -99.9 -99.9 -99.9 -9999.9 -9999.9 -0.0621999986 37.2971992493 -999.999 3678
MKN 2023 04 27 06 00 00 340 1.6 87.3 0 661.3 9.78 -99.9 -99.9 -99.9 -9999.9 -9999.9 -0.0621999986 37.2971992493 -999.999 3678
MKN 2023 04 27 07 00 00 318 3 -99.9 0 661.6 -99.9 -99.9 -99.9 -99.9 -9999.9 -9999.9 -0.0621999986 37.2971992493 -999.999 3678
MKN 2023 05 03 09 00 00 -99.9 -99.9 84.4 -99.9 -999.9 11.6 -99.9 -99.9 -99.9 -9999.9 -9999.9 -0.0621999986 37.2971992493 -999.999 3678
MKN 2023 05 03 10 00 00 -99.9 -99.9 77.35 -99.9 662.9 12.47 -99.9 -99.9 -99.9 -9999.9 -9999.9 -0.0621999986 37.2971992493 -999.999 3678
MKN 2023 05 03 11 00 00 18 8.5 90.97 0 662.6 11.47 -99.9 -99.9 -99.9 -9999.9 -9999.9 -0.0621999986 37.2971992493 -999.999 3678
MKN 2023 05 03 12 00 00 13 8.4 59.12 0 662.1 12.17 -99.9 -99.9 -99.9 -9999.9 -9999.9 -0.0621999986 37.2971992493 -999.999 3678
MKN 2023 05 03 13 00 00 72 5.3 50.42 0 661.8 11.47 -99.9 -99.9 -99.9 -9999.9 -9999.9 -0.0621999986 37.2971992493 -999.999 3678
MKN 2023 05 03 14 00 00 88 3.2 92.72 0 661.8 8.72 -99.9 -99.9 -99.9 -9999.9 -9999.9 -0.0621999986 37.2971992493 -999.999 3678
MKN 2023 05 03 15 00 00 259 1.8 93.97 0 662 7.17 -99.9 -99.9 -99.9 -9999.9 -9999.9 -0.0621999986 37.2971992493 -999.999 3678
MKN 2023 05 03 16 00 00 175 2.7 61.22 0 662.2 5.67 -99.9 -99.9 -99.9 -9999.9 -9999.9 -0.0621999986 37.2971992493 -999.999 3678
MKN 2023 05 03 17 00 00 135 4.3 58.82 0 662.5 5.57 -99.9 -99.9 -99.9 -9999.9 -9999.9 -0.0621999986 37.2971992493 -999.999 3678
MKN 2023 05 03 18 00 00 142 5.6 48.73 0 663 5.68 -99.9 -99.9 -99.9 -9999.9 -9999.9 -0.0621999986 37.2971992493 -999.999 3678
MKN 2023 05 03 19 00 00 140 7.1 52.93 0 663.3 5.25 -99.9 -99.9 -99.9 -9999.9 -9999.9 -0.0621999986 37.2971992493 -999.999 3678
MKN 2023 05 03 20 00 00 140 5.4 51.07 0 663.6 6.03 -99.9 -99.9 -99.9 -9999.9 -9999.9 -0.0621999986 37.2971992493 -999.999 3678
MKN 2023 05 03 21 00 00 135 6.3 50.15 0 663.5 5.88 -99.9 -99.9 -99.9 -9999.9 -9999.9 -0.0621999986 37.2971992493 -999.999 3678
MKN 2023 05 03 22 00 00 142 7.1 49.97 0 663.1 5.42 -99.9 -99.9 -99.9 -9999.9 -9999.9 -0.0621999986 37.2971992493 -999.999 3678
MKN 2023 05 03 23 00 00 137 7.8 46.12 0 662.7 6.77 -99.9 -99.9 -99.9 -9999.9 -9999.9 -0.0621999986 37.2971992493 -999.999 3678
MKN 2023 05 04 00 00 00 138 7.9 45.03 0 662.2 7.07 -99.9 -99.9 -99.9 -9999.9 -9999.9 -0.0621999986 37.2971992493 -999.999 3678
MKN 2023 05 04 01 00 00 140 9.8 44.53 0 661.9 7.23 -99.9 -99.9 -99.9 -9999.9 -9999.9 -0.0621999986 37.2971992493 -999.999 3678
MKN 2023 05 04 02 00 00 133 10 41.75 0 661.8 7.45 -99.9 -99.9 -99.9 -9999.9 -9999.9 -0.0621999986 37.2971992493 -999.999 3678
MKN 2023 05 04 03 00 00 133 9.7 42.52 0 662 7.32 -99.9 -99.9 -99.9 -9999.9 -9999.9 -0.0621999986 37.2971992493 -999.999 3678
MKN 2023 05 04 04 00 00 135 9.7 41.7 0 662.4 9.33 -99.9 -99.9 -99.9 -9999.9 -9999.9 -0.0621999986 37.2971992493 -999.999 3678
MKN 2023 05 04 05 00 00 120 7.9 41.17 0 663 11.58 -99.9 -99.9 -99.9 -9999.9 -9999.9 -0.0621999986 37.2971992493 -999.999 3678
MKN 2023 05 04 06 00 00 107 8.5 45.5 0 663.5 12.38 -99.9 -99.9 -99.9 -9999.9 -9999.9 -0.0621999986 37.2971992493 -999.999 3678
MKN 2023 05 04 07 00 00 100 7.9 90.67 0 664.1 9.02 -99.9 -99.9 -99.9 -9999.9 -9999.9 -0.0621999986 37.2971992493 -999.999 3678
MKN 2023 05 04 08 00 00 324 3.1 93.38 0 664.5 8.93 -99.9 -99.9 -99.9 -9999.9 -9999.9 -0.0621999986 37.2971992493 -999.999 3678
MKN 2023 05 04 09 00 00 301 3.3 99.3 0 664.4 7.62 -99.9 -99.9 -99.9 -9999.9 -9999.9 -0.0621999986 37.2971992493 -999.999 3678
MKN 2023 05 04 10 00 00 276 3.1 99.27 0 664 8.02 -99.9 -99.9 -99.9 -9999.9 -9999.9 -0.0621999986 37.2971992493 -999.999 3678
MKN 2023 05 04 11 00 00 294 3.4 99.3 0 663.5 8 -99.9 -99.9 -99.9 -9999.9 -9999.9 -0.0621999986 37.2971992493 -999.999 3678
MKN 2023 05 04 12 00 00 288 3.5 99.3 0 663.1 8.33 -99.9 -99.9 -99.9 -9999.9 -9999.9 -0.0621999986 37.2971992493 -999.999 3678
MKN 2023 05 04 13 00 00 346 3.2 98.25 0 662.5 8.18 -99.9 -99.9 -99.9 -9999.9 -9999.9 -0.0621999986 37.2971992493 -999.999 3678
MKN 2023 05 04 14 00 00 312 3.1 89.37 0 662.4 9.23 -99.9 -99.9 -99.9 -9999.9 -9999.9 -0.0621999986 37.2971992493 -999.999 3678
MKN 2023 05 04 15 00 00 333 2.8 99 0 662.4 7.4 -99.9 -99.9 -99.9 -9999.9 -9999.9 -0.0621999986 37.2971992493 -999.999 3678
MKN 2023 05 04 16 00 00 326 0.9 98.07 0 662.6 5.62 -99.9 -99.9 -99.9 -9999.9 -9999.9 -0.0621999986 37.2971992493 -999.999 3678
MKN 2023 05 04 17 00 00 150 1.6 84.03 0 662.8 4.15 -99.9 -99.9 -99.9 -9999.9 -9999.9 -0.0621999986 37.2971992493 -999.999 3678
MKN 2023 05 04 18 00 00 123 2.1 76.5 0 663 4.3 -99.9 -99.9 -99.9 -9999.9 -9999.9 -0.0621999986 37.2971992493 -999.999 3678
MKN 2023 05 04 19 00 00 124 4.4 77.93 0 663.3 4.18 -99.9 -99.9 -99.9 -9999.9 -9999.9 -0.0621999986 37.2971992493 -999.999 3678
MKN 2023 05 04 20 00 00 137 2.7 83.45 0 663.5 3.8 -99.9 -99.9 -99.9 -9999.9 -9999.9 -0.0621999986 37.2971992493 -999.999 3678
MKN 2023 05 04 21 00 00 160 1.7 79.82 0 663.4 4.33 -99.9 -99.9 -99.9 -9999.9 -9999.9 -0.0621999986 37.2971992493 -999.999 3678
MKN 2023 05 04 22 00 00 124 4.4 76.43 0 662.9 4.45 -99.9 -99.9 -99.9 -9999.9 -9999.9 -0.0621999986 37.2971992493 -999.999 3678
MKN 2023 05 04 23 00 00 133 5.9 66.38 0 662.5 5.6 -99.9 -99.9 -99.9 -9999.9 -9999.9 -0.0621999986 37.2971992493 -999.999 3678
MKN 2023 05 05 00 00 00 143 8.2 61.58 0 661.9 5.85 -99.9 -99.9 -99.9 -9999.9 -9999.9 -0.0621999986 37.2971992493 -999.999 3678
MKN 2023 05 05 01 00 00 138 7.3 66.08 0 661.7 5.3 -99.9 -99.9 -99.9 -9999.9 -9999.9 -0.0621999986 37.2971992493 -999.999 3678
MKN 2023 05 05 02 00 00 140 6.5 65.25 0 661.6 5.73 -99.9 -99.9 -99.9 -9999.9 -9999.9 -0.0621999986 37.2971992493 -999.999 3678
MKN 2023 05 05 03 00 00 143 8.1 66.85 0 661.8 5.93 -99.9 -99.9 -99.9 -9999.9 -9999.9 -0.0621999986 37.2971992493 -999.999 3678
MKN 2023 05 05 04 00 00 149 5.2 65.58 0 662.3 7.73 -99.9 -99.9 -99.9 -9999.9 -9999.9 -0.0621999986 37.2971992493 -999.999 3678
MKN 2023 05 05 05 00 00 157 3.3 80.37 0 662.7 7.9 -99.9 -99.9 -99.9 -9999.9 -9999.9 -0.0621999986 37.2971992493 -999.999 3678
MKN 2023 05 05 06 00 00 305 3 96.83 0 663.4 7.95 -99.9 -99.9 -99.9 -9999.9 -9999.9 -0.0621999986 37.2971992493 -999.999 3678
MKN 2023 05 05 07 00 00 350 4.3 99.28 0 663.8 7.47 -99.9 -99.9 -99.9 -9999.9 -9999.9 -0.0621999986 37.2971992493 -999.999 3678
MKN 2023 05 05 08 00 00 8 4.6 99.28 0 664.1 7.57 -99.9 -99.9 -99.9 -9999.9 -9999.9 -0.0621999986 37.2971992493 -999.999 3678
MKN 2023 05 05 09 00 00 353 2.1 99.3 0 664 7.32 -99.9 -99.9 -99.9 -9999.9 -9999.9 -0.0621999986 37.2971992493 -999.999 3678
MKN 2023 05 05 10 00 00 317 2.2 98.82 0 663.6 8.15 -99.9 -99.9 -99.9 -9999.9 -9999.9 -0.0621999986 37.2971992493 -999.999 3678
MKN 2023 05 05 11 00 00 338 2.9 99.3 0 663 7.4 -99.9 -99.9 -99.9 -9999.9 -9999.9 -0.0621999986 37.2971992493 -999.999 3678
MKN 2023 05 05 12 00 00 290 2.7 99.3 0 662.4 7.32 -99.9 -99.9 -99.9 -9999.9 -9999.9 -0.0621999986 37.2971992493 -999.999 3678
MKN 2023 05 05 13 00 00 288 2.6 99.27 0 662 8.15 -99.9 -99.9 -99.9 -9999.9 -9999.9 -0.0621999986 37.2971992493 -999.999 3678
MKN 2023 05 05 14 00 00 300 3.2 99.3 0 661.9 7.27 -99.9 -99.9 -99.9 -9999.9 -9999.9 -0.0621999986 37.2971992493 -999.999 3678
MKN 2023 05 05 15 00 00 274 2.6 99.3 0 662 6.98 -99.9 -99.9 -99.9 -9999.9 -9999.9 -0.0621999986 37.2971992493 -999.999 3678
MKN 2023 05 05 16 00 00 279 1.5 97.47 0 662.2 5.58 -99.9 -99.9 -99.9 -9999.9 -9999.9 -0.0621999986 37.2971992493 -999.999 3678
MKN 2023 05 05 17 00 00 156 1.7 72.17 0 662.2 4.15 -99.9 -99.9 -99.9 -9999.9 -9999.9 -0.0621999986 37.2971992493 -999.999 3678
MKN 2023 05 05 18 00 00 144 4 90.13 0 662.6 4.33 -99.9 -99.9 -99.9 -9999.9 -9999.9 -0.0621999986 37.2971992493 -999.999 3678
MKN 2023 05 05 19 00 00 195 2.6 88.27 0 663 4.22 -99.9 -99.9 -99.9 -9999.9 -9999.9 -0.0621999986 37.2971992493 -999.999 3678
MKN 2023 05 05 20 00 00 205 1.7 86.35 0 663.3 4.22 -99.9 -99.9 -99.9 -9999.9 -9999.9 -0.0621999986 37.2971992493 -999.999 3678
MKN 2023 05 05 21 00 00 183 2.1 78.2 0 663 4.27 -99.9 -99.9 -99.9 -9999.9 -9999.9 -0.0621999986 37.2971992493 -999.999 3678
MKN 2023 05 05 22 00 00 175 2.8 69.08 0 662.8 5 -99.9 -99.9 -99.9 -9999.9 -9999.9 -0.0621999986 37.2971992493 -999.999 3678
MKN 2023 05 05 23 00 00 148 8 61.27 0 662 5.77 -99.9 -99.9 -99.9 -9999.9 -9999.9 -0.0621999986 37.2971992493 -999.999 3678
MKN 2023 05 06 00 00 00 148 7.1 61.53 0 661.7 5.85 -99.9 -99.9 -99.9 -9999.9 -9999.9 -0.0621999986 37.2971992493 -999.999 3678
MKN 2023 05 06 01 00 00 146 9.8 59.82 0 661.1 5.75 -99.9 -99.9 -99.9 -9999.9 -9999.9 -0.0621999986 37.2971992493 -999.999 3678
MKN 2023 05 06 02 00 00 143 8.2 59 0 661.1 5.83 -99.9 -99.9 -99.9 -9999.9 -9999.9 -0.0621999986 37.2971992493 -999.999 3678
MKN 2023 05 06 03 00 00 140 7.6 52.15 0 661.3 6.8 -99.9 -99.9 -99.9 -9999.9 -9999.9 -0.0621999986 37.2971992493 -999.999 3678
MKN 2023 05 06 04 00 00 137 7.8 49.1 0 661.5 9.47 -99.9 -99.9 -99.9 -9999.9 -9999.9 -0.0621999986 37.2971992493 -999.999 3678
MKN 2023 05 06 05 00 00 124 7.9 40.03 0 661.8 12.35 -99.9 -99.9 -99.9 -9999.9 -9999.9 -0.0621999986 37.2971992493 -999.999 3678
MKN 2023 05 06 06 00 00 115 7.3 38.82 0 662.5 13.83 -99.9 -99.9 -99.9 -9999.9 -9999.9 -0.0621999986 37.2971992493 -999.999 3678
MKN 2023 05 06 07 00 00 100 6 65.07 0 663 12.92 -99.9 -99.9 -99.9 -9999.9 -9999.9 -0.0621999986 37.2971992493 -999.999 3678
MKN 2023 05 06 08 00 00 33 5.1 96.07 0 663.4 9.9 -99.9 -99.9 -99.9 -9999.9 -9999.9 -0.0621999986 37.2971992493 -999.999 3678
MKN 2023 05 06 09 00 00 304 3.5 98.18 0 663.4 9.9 -99.9 -99.9 -99.9 -9999.9 -9999.9 -0.0621999986 37.2971992493 -999.999 3678
MKN 2023 05 06 10 00 00 340 4.2 97.38 0 663.1 9.33 -99.9 -99.9 -99.9 -9999.9 -9999.9 -0.0621999986 37.2971992493 -999.999 3678
MKN 2023 05 06 11 00 00 337 4.5 90.47 0 662.8 10.17 -99.9 -99.9 -99.9 -9999.9 -9999.9 -0.0621999986 37.2971992493 -999.999 3678
MKN 2023 05 06 12 00 00 350 4.1 98.4 0 662.4 8.1 -99.9 -99.9 -99.9 -9999.9 -9999.9 -0.0621999986 37.2971992493 -999.999 3678
MKN 2023 05 06 13 00 00 353 2.9 99.07 0 662 7.62 -99.9 -99.9 -99.9 -9999.9 -9999.9 -0.0621999986 37.2971992493 -999.999 3678
MKN 2023 05 06 14 00 00 34 2.2 99.28 0.1 662 7.3 -99.9 -99.9 -99.9 -9999.9 -9999.9 -0.0621999986 37.2971992493 -999.999 3678
MKN 2023 05 06 15 00 00 36 1.2 99.27 0 662.1 6.23 -99.9 -99.9 -99.9 -9999.9 -9999.9 -0.0621999986 37.2971992493 -999.999 3678
MKN 2023 05 06 16 00 00 222 1.7 87.38 0 662.1 4.65 -99.9 -99.9 -99.9 -9999.9 -9999.9 -0.0621999986 37.2971992493 -999.999 3678
MKN 2023 05 06 17 00 00 128 1.7 68.88 0 662.1 3.95 -99.9 -99.9 -99.9 -9999.9 -9999.9 -0.0621999986 37.2971992493 -999.999 3678
MKN 2023 05 06 18 00 00 113 1.3 62.72 0 662.6 4 -99.9 -99.9 -99.9 -9999.9 -9999.9 -0.0621999986 37.2971992493 -999.999 3678
MKN 2023 05 06 19 00 00 124 3.4 59.78 0 662.6 4.17 -99.9 -99.9 -99.9 -9999.9 -9999.9 -0.0621999986 37.2971992493 -999.999 3678
MKN 2023 05 06 20 00 00 132 3.9 62.42 0 662.7 3.88 -99.9 -99.9 -99.9 -9999.9 -9999.9 -0.0621999986 37.2971992493 -999.999 3678
MKN 2023 05 06 21 00 00 125 3 46.42 0 662.7 5.05 -99.9 -99.9 -99.9 -9999.9 -9999.9 -0.0621999986 37.2971992493 -999.999 3678
MKN 2023 05 06 22 00 00 129 5.2 43.28 0 662.3 5.38 -99.9 -99.9 -99.9 -9999.9 -9999.9 -0.0621999986 37.2971992493 -999.999 3678
MKN 2023 05 06 23 00 00 126 6 44.83 0 661.7 5.83 -99.9 -99.9 -99.9 -9999.9 -9999.9 -0.0621999986 37.2971992493 -999.999 3678
MKN 2023 05 07 00 00 00 131 6.8 45.65 0 661.2 6.22 -99.9 -99.9 -99.9 -9999.9 -9999.9 -0.0621999986 37.2971992493 -999.999 3678
MKN 2023 05 07 01 00 00 131 6.7 47.85 0 661 6.22 -99.9 -99.9 -99.9 -9999.9 -9999.9 -0.0621999986 37.2971992493 -999.999 3678
MKN 2023 05 07 02 00 00 133 7.1 44.53 0 660.9 6.28 -99.9 -99.9 -99.9 -9999.9 -9999.9 -0.0621999986 37.2971992493 -999.999 3678
MKN 2023 05 07 03 00 00 135 8.3 47.92 0 661.1 6.13 -99.9 -99.9 -99.9 -9999.9 -9999.9 -0.0621999986 37.2971992493 -999.999 3678
MKN 2023 05 07 04 00 00 130 8.6 46.4 0 661.2 8.25 -99.9 -99.9 -99.9 -9999.9 -9999.9 -0.0621999986 37.2971992493 -999.999 3678
MKN 2023 05 07 05 00 00 121 8.2 43.73 0 661.9 10.5 -99.9 -99.9 -99.9 -9999.9 -9999.9 -0.0621999986 37.2971992493 -999.999 3678
MKN 2023 05 07 06 00 00 113 7.8 41.98 0 662.5 12.17 -99.9 -99.9 -99.9 -9999.9 -9999.9 -0.0621999986 37.2971992493 -999.999 3678
MKN 2023 05 07 07 00 00 89 5.8 47.78 0 663.1 12.78 -99.9 -99.9 -99.9 -9999.9 -9999.9 -0.0621999986 37.2971992493 -999.999 3678
MKN 2023 05 07 08 00 00 40 6.6 60.07 0 663.4 13.22 -99.9 -99.9 -99.9 -9999.9 -9999.9 -0.0621999986 37.2971992493 -999.999 3678
MKN 2023 05 07 09 00 00 34 7.9 73.07 0 663.4 12.35 -99.9 -99.9 -99.9 -9999.9 -9999.9 -0.0621999986 37.2971992493 -999.999 3678
MKN 2023 05 07 10 00 00 18 5.9 90.47 0 663 9.98 -99.9 -99.9 -99.9 -9999.9 -9999.9 -0.0621999986 37.2971992493 -999.999 3678
MKN 2023 05 07 11 00 00 5 5.4 98.3 0 662.6 8 -99.9 -99.9 -99.9 -9999.9 -9999.9 -0.0621999986 37.2971992493 -999.999 3678
MKN 2023 05 07 12 00 00 329 3.4 99.23 1.4 662.4 5.53 -99.9 -99.9 -99.9 -9999.9 -9999.9 -0.0621999986 37.2971992493 -999.999 3678
MKN 2023 05 07 13 00 00 135 3.4 99.27 5.5 661.8 7.18 -99.9 -99.9 -99.9 -9999.9 -9999.9 -0.0621999986 37.2971992493 -999.999 3678
MKN 2023 05 07 14 00 00 55 3.5 92.57 0 661.9 8.9 -99.9 -99.9 -99.9 -9999.9 -9999.9 -0.0621999986 37.2971992493 -999.999 3678
MKN 2023 05 07 15 00 00 40 3.9 91.92 0 661.9 6.48 -99.9 -99.9 -99.9 -9999.9 -9999.9 -0.0621999986 37.2971992493 -999.999 3678
MKN 2023 05 07 16 00 00 111 4.4 76.47 0 661.8 5.02 -99.9 -99.9 -99.9 -9999.9 -9999.9 -0.0621999986 37.2971992493 -999.999 3678
MKN 2023 05 07 17 00 00 119 7.1 73.92 0 661.8 5.13 -99.9 -99.9 -99.9 -9999.9 -9999.9 -0.0621999986 37.2971992493 -999.999 3678
MKN 2023 05 07 18 00 00 124 7.2 75.13 0 662.2 4.93 -99.9 -99.9 -99.9 -9999.9 -9999.9 -0.0621999986 37.2971992493 -999.999 3678
MKN 2023 05 07 19 00 00 121 7.4 77.42 0 662.6 4.93 -99.9 -99.9 -99.9 -9999.9 -9999.9 -0.0621999986 37.2971992493 -999.999 3678
MKN 2023 05 07 20 00 00 125 7.8 72.82 0 662.6 5.08 -99.9 -99.9 -99.9 -9999.9 -9999.9 -0.0621999986 37.2971992493 -999.999 3678
MKN 2023 05 07 21 00 00 132 7.5 62.48 0 662.4 5.02 -99.9 -99.9 -99.9 -9999.9 -9999.9 -0.0621999986 37.2971992493 -999.999 3678
MKN 2023 05 07 22 00 00 124 7.4 64.42 0 662 4.9 -99.9 -99.9 -99.9 -9999.9 -9999.9 -0.0621999986 37.2971992493 -999.999 3678
MKN 2023 05 07 23 00 00 115 8 60.42 0 661.3 5.9 -99.9 -99.9 -99.9 -9999.9 -9999.9 -0.0621999986 37.2971992493 -999.999 3678
MKN 2023 05 08 00 00 00 103 11 60.02 0 660.9 5.75 -99.9 -99.9 -99.9 -9999.9 -9999.9 -0.0621999986 37.2971992493 -999.999 3678
MKN 2023 05 08 01 00 00 108 10.1 69.2 0 660.9 5.22 -99.9 -99.9 -99.9 -9999.9 -9999.9 -0.0621999986 37.2971992493 -999.999 3678
MKN 2023 05 08 02 00 00 107 11.2 73.47 0 660.9 5.47 -99.9 -99.9 -99.9 -9999.9 -9999.9 -0.0621999986 37.2971992493 -999.999 3678
MKN 2023 05 08 03 00 00 113 10.6 77.47 0 661.3 5.52 -99.9 -99.9 -99.9 -9999.9 -9999.9 -0.0621999986 37.2971992493 -999.999 3678
MKN 2023 05 08 04 00 00 114 11.3 70.58 0 661.5 7.18 -99.9 -99.9 -99.9 -9999.9 -9999.9 -0.0621999986 37.2971992493 -999.999 3678
MKN 2023 05 08 05 00 00 109 9.9 65.62 0 661.7 8.58 -99.9 -99.9 -99.9 -9999.9 -9999.9 -0.0621999986 37.2971992493 -999.999 3678
MKN 2023 05 08 06 00 00 97 11.7 62.97 0 662.4 9.78 -99.9 -99.9 -99.9 -9999.9 -9999.9 -0.0621999986 37.2971992493 -999.999 3678
MKN 2023 05 08 07 00 00 72 10.2 60.27 0 662.9 10.87 -99.9 -99.9 -99.9 -9999.9 -9999.9 -0.0621999986 37.2971992493 -999.999 3678
MKN 2023 05 08 08 00 00 70 8 56.07 0 663 11.7 -99.9 -99.9 -99.9 -9999.9 -9999.9 -0.0621999986 37.2971992493 -999.999 3678
MKN 2023 05 08 09 00 00 48 7.5 62.88 0 662.9 11.57 -99.9 -99.9 -99.9 -9999.9 -9999.9 -0.0621999986 37.2971992493 -999.999 3678
MKN 2023 05 08 10 00 00 45 7 60.35 0 662.5 11.68 -99.9 -99.9 -99.9 -9999.9 -9999.9 -0.0621999986 37.2971992493 -999.999 3678
MKN 2023 05 08 11 00 00 39 8.9 61 0 662.1 11.97 -99.9 -99.9 -99.9 -9999.9 -9999.9 -0.0621999986 37.2971992493 -999.999 3678
MKN 2023 05 08 12 00 00 46 7.5 69.32 0 661.8 11.25 -99.9 -99.9 -99.9 -9999.9 -9999.9 -0.0621999986 37.2971992493 -999.999 3678
MKN 2023 05 08 13 00 00 29 6.5 78.35 0 661.5 10.23 -99.9 -99.9 -99.9 -9999.9 -9999.9 -0.0621999986 37.2971992493 -999.999 3678
MKN 2023 05 08 14 00 00 41 6.1 66.42 0 661.3 9.88 -99.9 -99.9 -99.9 -9999.9 -9999.9 -0.0621999986 37.2971992493 -999.999 3678
MKN 2023 05 08 15 00 00 71 4.8 76.45 0 661.3 6.87 -99.9 -99.9 -99.9 -9999.9 -9999.9 -0.0621999986 37.2971992493 -999.999 3678
MKN 2023 05 08 16 00 00 130 5.3 74.68 0 661.5 4.75 -99.9 -99.9 -99.9 -9999.9 -9999.9 -0.0621999986 37.2971992493 -999.999 3678
MKN 2023 05 08 17 00 00 142 2.8 69.27 0 661.6 4.18 -99.9 -99.9 -99.9 -9999.9 -9999.9 -0.0621999986 37.2971992493 -999.999 3678
MKN 2023 05 08 18 00 00 140 3.6 61.48 0 661.9 3.7 -99.9 -99.9 -99.9 -9999.9 -9999.9 -0.0621999986 37.2971992493 -999.999 3678
MKN 2023 05 08 19 00 00 134 4.2 56.97 0 662.3 4.12 -99.9 -99.9 -99.9 -9999.9 -9999.9 -0.0621999986 37.2971992493 -999.999 3678
MKN 2023 05 08 20 00 00 135 6.6 52.47 0 662.1 3.83 -99.9 -99.9 -99.9 -9999.9 -9999.9 -0.0621999986 37.2971992493 -999.999 3678
MKN 2023 05 08 21 00 00 137 5.1 48.83 0 662 3.77 -99.9 -99.9 -99.9 -9999.9 -9999.9 -0.0621999986 37.2971992493 -999.999 3678
MKN 2023 05 08 22 00 00 125 4.4 53.17 0 661.7 4.15 -99.9 -99.9 -99.9 -9999.9 -9999.9 -0.0621999986 37.2971992493 -999.999 3678
MKN 2023 05 08 23 00 00 130 7.7 60.22 0 661.2 5.1 -99.9 -99.9 -99.9 -9999.9 -9999.9 -0.0621999986 37.2971992493 -999.999 3678
MKN 2023 05 09 00 00 00 125 7.9 70.75 0 660.8 4.83 -99.9 -99.9 -99.9 -9999.9 -9999.9 -0.0621999986 37.2971992493 -999.999 3678
MKN 2023 05 09 01 00 00 122 7.3 67.7 0 660.7 4.75 -99.9 -99.9 -99.9 -9999.9 -9999.9 -0.0621999986 37.2971992493 -999.999 3678
MKN 2023 05 09 02 00 00 124 7.3 59.58 0 660.8 4.75 -99.9 -99.9 -99.9 -9999.9 -9999.9 -0.0621999986 37.2971992493 -999.999 3678
MKN 2023 05 09 03 00 00 129 7 54.42 0 661 5.38 -99.9 -99.9 -99.9 -9999.9 -9999.9 -0.0621999986 37.2971992493 -999.999 3678
MKN 2023 05 09 04 00 00 122 7.4 46.98 0 661.1 8.22 -99.9 -99.9 -99.9 -9999.9 -9999.9 -0.0621999986 37.2971992493 -999.999 3678
MKN 2023 05 09 05 00 00 110 6.8 45.18 0 661.4 10.25 -99.9 -99.9 -99.9 -9999.9 -9999.9 -0.0621999986 37.2971992493 -999.999 3678
MKN 2023 05 09 06 00 00 76 6.1 50.85 0 661.9 11.62 -99.9 -99.9 -99.9 -9999.9 -9999.9 -0.0621999986 37.2971992493 -999.999 3678
MKN 2023 05 09 07 00 00 47 7 68.78 0 662.3 11 -99.9 -99.9 -99.9 -9999.9 -9999.9 -0.0621999986 37.2971992493 -999.999 3678
MKN 2023 05 09 08 00 00 32 6.7 84.42 0 662.5 10.32 -99.9 -99.9 -99.9 -9999.9 -9999.9 -0.0621999986 37.2971992493 -999.999 3678
MKN 2023 05 09 09 00 00 15 4.8 98.28 0 662.5 8.72 -99.9 -99.9 -99.9 -9999.9 -9999.9 -0.0621999986 37.2971992493 -999.999 3678
MKN 2023 05 09 10 00 00 0 5.9 96.87 0 662.1 8.85 -99.9 -99.9 -99.9 -9999.9 -9999.9 -0.0621999986 37.2971992493 -999.999 3678
MKN 2023 05 09 11 00 00 8 7.1 97.48 0 661.7 8.2 -99.9 -99.9 -99.9 -9999.9 -9999.9 -0.0621999986 37.2971992493 -999.999 3678
MKN 2023 05 09 12 00 00 34 6.3 92.18 0 661.4 8.93 -99.9 -99.9 -99.9 -9999.9 -9999.9 -0.0621999986 37.2971992493 -999.999 3678
MKN 2023 05 09 13 00 00 13 4.6 98.53 0 660.9 8.03 -99.9 -99.9 -99.9 -9999.9 -9999.9 -0.0621999986 37.2971992493 -999.999 3678
MKN 2023 05 09 14 00 00 7 3.2 99.3 0 660.7 7.38 -99.9 -99.9 -99.9 -9999.9 -9999.9 -0.0621999986 37.2971992493 -999.999 3678
MKN 2023 05 09 15 00 00 0 3 99.3 0 660.6 6.73 -99.9 -99.9 -99.9 -9999.9 -9999.9 -0.0621999986 37.2971992493 -999.999 3678
MKN 2023 05 09 16 00 00 236 2.1 99.25 0 660.8 5.32 -99.9 -99.9 -99.9 -9999.9 -9999.9 -0.0621999986 37.2971992493 -999.999 3678
MKN 2023 05 09 17 00 00 157 1.7 98.8 0 660.9 5.43 -99.9 -99.9 -99.9 -9999.9 -9999.9 -0.0621999986 37.2971992493 -999.999 3678
MKN 2023 05 09 18 00 00 217 2.3 95.02 0 661.4 4.23 -99.9 -99.9 -99.9 -9999.9 -9999.9 -0.0621999986 37.2971992493 -999.999 3678
MKN 2023 05 09 19 00 00 160 2.5 89 0 661.4 4.87 -99.9 -99.9 -99.9 -9999.9 -9999.9 -0.0621999986 37.2971992493 -999.999 3678
MKN 2023 05 09 20 00 00 185 1.4 86.17 0 661.7 5.17 -99.9 -99.9 -99.9 -9999.9 -9999.9 -0.0621999986 37.2971992493 -999.999 3678
MKN 2023 05 09 21 00 00 142 1.7 86.73 0 661.6 4.47 -99.9 -99.9 -99.9 -9999.9 -9999.9 -0.0621999986 37.2971992493 -999.999 3678
MKN 2023 05 09 22 00 00 151 1.2 74.85 0 661.1 4.92 -99.9 -99.9 -99.9 -9999.9 -9999.9 -0.0621999986 37.2971992493 -999.999 3678
MKN 2023 05 09 23 00 00 207 1.1 76.33 0 660.6 5.18 -99.9 -99.9 -99.9 -9999.9 -9999.9 -0.0621999986 37.2971992493 -999.999 3678
MKN 2023 05 10 00 00 00 236 1.3 77.75 0 660.2 3.67 -99.9 -99.9 -99.9 -9999.9 -9999.9 -0.0621999986 37.2971992493 -999.999 3678
MKN 2023 05 10 01 00 00 190 1.9 66.37 0 659.9 5.53 -99.9 -99.9 -99.9 -9999.9 -9999.9 -0.0621999986 37.2971992493 -999.999 3678
MKN 2023 05 10 02 00 00 216 1 74.38 0 660.2 5.22 -99.9 -99.9 -99.9 -9999.9 -9999.9 -0.0621999986 37.2971992493 -999.999 3678
MKN 2023 05 10 03 00 00 135 0.9 78.9 0 660.3 4.9 -99.9 -99.9 -99.9 -9999.9 -9999.9 -0.0621999986 37.2971992493 -999.999 3678
MKN 2023 05 10 04 00 00 180 1 76.38 0 660.6 6.9 -99.9 -99.9 -99.9 -9999.9 -9999.9 -0.0621999986 37.2971992493 -999.999 3678
MKN 2023 05 10 05 00 00 74 1.9 71.83 0 661.3 8.53 -99.9 -99.9 -99.9 -9999.9 -9999.9 -0.0621999986 37.2971992493 -999.999 3678
MKN 2023 05 10 06 00 00 354 3.3 76.42 0 662 9.28 -99.9 -99.9 -99.9 -9999.9 -9999.9 -0.0621999986 37.2971992493 -999.999 3678
MKN 2023 05 10 07 00 00 338 3.5 92.27 0 662.3 8.53 -99.9 -99.9 -99.9 -9999.9 -9999.9 -0.0621999986 37.2971992493 -999.999 3678
MKN 2023 05 10 08 00 00 313 3.4 92.42 0 662.5 9 -99.9 -99.9 -99.9 -9999.9 -9999.9 -0.0621999986 37.2971992493 -999.999 3678
MKN 2023 05 10 09 00 00 335 4.4 98.38 0 662.5 8.12 -99.9 -99.9 -99.9 -9999.9 -9999.9 -0.0621999986 37.2971992493 -999.999 3678
MKN 2023 05 10 10 00 00 298 4 92.52 0 662.2 9.05 -99.9 -99.9 -99.9 -9999.9 -9999.9 -0.0621999986 37.2971992493 -999.999 3678
MKN 2023 05 10 11 00 00 335 4.2 99.28 0.1 661.7 7.07 -99.9 -99.9 -99.9 -9999.9 -9999.9 -0.0621999986 37.2971992493 -999.999 3678
MKN 2023 05 10 12 00 00 77 4.4 96.02 7.1 661.3 7.6 -99.9 -99.9 -99.9 -9999.9 -9999.9 -0.0621999986 37.2971992493 -999.999 3678
MKN 2023 05 10 13 00 00 241 2.1 95.98 0.9 661.1 8.1 -99.9 -99.9 -99.9 -9999.9 -9999.9 -0.0621999986 37.2971992493 -999.999 3678
MKN 2023 05 10 14 00 00 290 2.1 95.6 0 661 7.42 -99.9 -99.9 -99.9 -9999.9 -9999.9 -0.0621999986 37.2971992493 -999.999 3678
MKN 2023 05 10 15 00 00 252 1.4 98.85 0 661.2 7.15 -99.9 -99.9 -99.9 -9999.9 -9999.9 -0.0621999986 37.2971992493 -999.999 3678
MKN 2023 05 10 16 00 00 230 1.7 99.3 0 661.3 6.98 -99.9 -99.9 -99.9 -9999.9 -9999.9 -0.0621999986 37.2971992493 -999.999 3678
MKN 2023 05 10 17 00 00 283 1.9 99.27 0 661.6 5.53 -99.9 -99.9 -99.9 -9999.9 -9999.9 -0.0621999986 37.2971992493 -999.999 3678
MKN 2023 05 10 18 00 00 187 2.5 93.47 0 662 5.17 -99.9 -99.9 -99.9 -9999.9 -9999.9 -0.0621999986 37.2971992493 -999.999 3678
MKN 2023 05 10 19 00 00 209 1.4 96.08 0 662.3 4.48 -99.9 -99.9 -99.9 -9999.9 -9999.9 -0.0621999986 37.2971992493 -999.999 3678
MKN 2023 05 10 20 00 00 198 1 88.73 0 662.5 4.55 -99.9 -99.9 -99.9 -9999.9 -9999.9 -0.0621999986 37.2971992493 -999.999 3678
MKN 2023 05 10 21 00 00 202 1.6 89.9 0 662.4 4.98 -99.9 -99.9 -99.9 -9999.9 -9999.9 -0.0621999986 37.2971992493 -999.999 3678
MKN 2023 05 10 22 00 00 234 1.7 87.38 0 662.2 3.8 -99.9 -99.9 -99.9 -9999.9 -9999.9 -0.0621999986 37.2971992493 -999.999 3678
MKN 2023 05 10 23 00 00 163 2.2 70.78 0 661.8 4.6 -99.9 -99.9 -99.9 -9999.9 -9999.9 -0.0621999986 37.2971992493 -999.999 3678
MKN 2023 05 11 00 00 00 105 3 58.92 0 661.4 4.65 -99.9 -99.9 -99.9 -9999.9 -9999.9 -0.0621999986 37.2971992493 -999.999 3678
MKN 2023 05 11 01 00 00 148 1.6 60.82 0 661.3 4.65 -99.9 -99.9 -99.9 -9999.9 -9999.9 -0.0621999986 37.2971992493 -999.999 3678
MKN 2023 05 11 02 00 00 180 0.6 60.2 0 661.4 3.9 -99.9 -99.9 -99.9 -9999.9 -9999.9 -0.0621999986 37.2971992493 -999.999 3678
MKN 2023 05 11 03 00 00 102 2 56.5 0 661.6 3.82 -99.9 -99.9 -99.9 -9999.9 -9999.9 -0.0621999986 37.2971992493 -999.999 3678
MKN 2023 05 11 04 00 00 124 1.2 52.83 0 662.1 7.52 -99.9 -99.9 -99.9 -9999.9 -9999.9 -0.0621999986 37.2971992493 -999.999 3678
MKN 2023 05 11 05 00 00 93 2.4 57.18 0 662.7 9.93 -99.9 -99.9 -99.9 -9999.9 -9999.9 -0.0621999986 37.2971992493 -999.999 3678
MKN 2023 05 11 06 00 00 31 3.9 75.72 0 663.3 9.78 -99.9 -99.9 -99.9 -9999.9 -9999.9 -0.0621999986 37.2971992493 -999.999 3678
MKN 2023 05 11 07 00 00 356 4.4 84.88 0 663.6 10.03 -99.9 -99.9 -99.9 -9999.9 -9999.9 -0.0621999986 37.2971992493 -999.999 3678
MKN 2023 05 11 08 00 00 355 3.7 89.15 0 663.6 10.1 -99.9 -99.9 -99.9 -9999.9 -9999.9 -0.0621999986 37.2971992493 -999.999 3678
MKN 2023 05 11 09 00 00 346 4.7 86.82 0 663.5 10.12 -99.9 -99.9 -99.9 -9999.9 -9999.9 -0.0621999986 37.2971992493 -999.999 3678
MKN 2023 05 11 10 00 00 6 5.8 96.5 0 663 8.93 -99.9 -99.9 -99.9 -9999.9 -9999.9 -0.0621999986 37.2971992493 -999.999 3678
MKN 2023 05 11 11 00 00 2 4.7 99.25 0 662.4 8.23 -99.9 -99.9 -99.9 -9999.9 -9999.9 -0.0621999986 37.2971992493 -999.999 3678
MKN 2023 05 11 12 00 00 23 4.5 99.3 0 661.9 7.38 -99.9 -99.9 -99.9 -9999.9 -9999.9 -0.0621999986 37.2971992493 -999.999 3678
MKN 2023 05 11 13 00 00 23 4.7 99.3 18.9 661.5 6.9 -99.9 -99.9 -99.9 -9999.9 -9999.9 -0.0621999986 37.2971992493 -999.999 3678
MKN 2023 05 11 14 00 00 60 2.8 99.3 11.5 661.4 7.12 -99.9 -99.9 -99.9 -9999.9 -9999.9 -0.0621999986 37.2971992493 -999.999 3678
MKN 2023 05 11 15 00 00 39 3.4 99.3 0.2 661.6 6.95 -99.9 -99.9 -99.9 -9999.9 -9999.9 -0.0621999986 37.2971992493 -999.999 3678
MKN 2023 05 11 16 00 00 63 1.9 99.3 0 661.7 6.12 -99.9 -99.9 -99.9 -9999.9 -9999.9 -0.0621999986 37.2971992493 -999.999 3678
MKN 2023 05 11 17 00 00 114 1.3 97.48 0 662.1 4.93 -99.9 -99.9 -99.9 -9999.9 -9999.9 -0.0621999986 37.2971992493 -999.999 3678
MKN 2023 05 11 18 00 00 121 1.8 91.42 0 662.5 5.53 -99.9 -99.9 -99.9 -9999.9 -9999.9 -0.0621999986 37.2971992493 -999.999 3678
MKN 2023 05 11 19 00 00 117 1.4 89.87 0 662.7 4.67 -99.9 -99.9 -99.9 -9999.9 -9999.9 -0.0621999986 37.2971992493 -999.999 3678
MKN 2023 05 11 20 00 00 167 2.3 83.03 0 662.7 4.82 -99.9 -99.9 -99.9 -9999.9 -9999.9 -0.0621999986 37.2971992493 -999.999 3678
MKN 2023 05 11 21 00 00 148 2.1 76.08 0 662.6 4.27 -99.9 -99.9 -99.9 -9999.9 -9999.9 -0.0621999986 37.2971992493 -999.999 3678
MKN 2023 05 11 22 00 00 146 3.2 72.12 0 662.3 4.53 -99.9 -99.9 -99.9 -9999.9 -9999.9 -0.0621999986 37.2971992493 -999.999 3678
MKN 2023 05 11 23 00 00 132 3.9 67.28 0 662 4.02 -99.9 -99.9 -99.9 -9999.9 -9999.9 -0.0621999986 37.2971992493 -999.999 3678
MKN 2023 05 12 00 00 00 134 6.4 57.85 0 661.6 4.1 -99.9 -99.9 -99.9 -9999.9 -9999.9 -0.0621999986 37.2971992493 -999.999 3678
MKN 2023 05 12 01 00 00 132 7 54.97 0 661.5 3.8 -99.9 -99.9 -99.9 -9999.9 -9999.9 -0.0621999986 37.2971992493 -999.999 3678
MKN 2023 05 12 02 00 00 136 6.1 54.12 0 661.6 4.3 -99.9 -99.9 -99.9 -9999.9 -9999.9 -0.0621999986 37.2971992493 -999.999 3678
MKN 2023 05 12 03 00 00 134 6.6 54.45 0 661.8 4.08 -99.9 -99.9 -99.9 -9999.9 -9999.9 -0.0621999986 37.2971992493 -999.999 3678
MKN 2023 05 12 04 00 00 139 6.7 43.5 0 662.3 8.37 -99.9 -99.9 -99.9 -9999.9 -9999.9 -0.0621999986 37.2971992493 -999.999 3678
MKN 2023 05 12 05 00 00 133 5.3 35.43 0 662.8 10.68 -99.9 -99.9 -99.9 -9999.9 -9999.9 -0.0621999986 37.2971992493 -999.999 3678
MKN 2023 05 12 06 00 00 118 5.1 38.83 0 663.4 12.3 -99.9 -99.9 -99.9 -9999.9 -9999.9 -0.0621999986 37.2971992493 -999.999 3678
MKN 2023 05 12 07 00 00 62 3.8 73.4 0 663.8 10.47 -99.9 -99.9 -99.9 -9999.9 -9999.9 -0.0621999986 37.2971992493 -999.999 3678
MKN 2023 05 12 08 00 00 353 3.5 82.83 0 664.1 9.18 -99.9 -99.9 -99.9 -9999.9 -9999.9 -0.0621999986 37.2971992493 -999.999 3678
MKN 2023 05 12 09 00 00 297 2.1 96.37 0 664 8.95 -99.9 -99.9 -99.9 -9999.9 -9999.9 -0.0621999986 37.2971992493 -999.999 3678
MKN 2023 05 12 10 00 00 319 3.5 90.5 0 663.7 10.15 -99.9 -99.9 -99.9 -9999.9 -9999.9 -0.0621999986 37.2971992493 -999.999 3678
MKN 2023 05 12 11 00 00 351 3.3 98.88 0 663.3 8.82 -99.9 -99.9 -99.9 -9999.9 -9999.9 -0.0621999986 37.2971992493 -999.999 3678
MKN 2023 05 12 12 00 00 331 3 97.63 0 662.8 9.13 -99.9 -99.9 -99.9 -9999.9 -9999.9 -0.0621999986 37.2971992493 -999.999 3678
MKN 2023 05 12 13 00 00 330 2.1 95.63 0 662.4 9.23 -99.9 -99.9 -99.9 -9999.9 -9999.9 -0.0621999986 37.2971992493 -999.999 3678
MKN 2023 05 12 14 00 00 352 4 99.3 0 662.3 7.92 -99.9 -99.9 -99.9 -9999.9 -9999.9 -0.0621999986 37.2971992493 -999.999 3678
MKN 2023 05 12 15 00 00 23 4.9 99.3 0 662.4 6.52 -99.9 -99.9 -99.9 -9999.9 -9999.9 -0.0621999986 37.2971992493 -999.999 3678
MKN 2023 05 12 16 00 00 156 2.2 93 0 662.6 5.48 -99.9 -99.9 -99.9 -9999.9 -9999.9 -0.0621999986 37.2971992493 -999.999 3678
MKN 2023 05 12 17 00 00 202 2 85.07 0 662.7 5.65 -99.9 -99.9 -99.9 -9999.9 -9999.9 -0.0621999986 37.2971992493 -999.999 3678
MKN 2023 05 12 18 00 00 196 1.8 90.53 0 663.1 4.98 -99.9 -99.9 -99.9 -9999.9 -9999.9 -0.0621999986 37.2971992493 -999.999 3678
MKN 2023 05 12 19 00 00 153 2.6 80.33 0 663.3 3.78 -99.9 -99.9 -99.9 -9999.9 -9999.9 -0.0621999986 37.2971992493 -999.999 3678
MKN 2023 05 12 20 00 00 137 4.1 63.5 0 663 4.2 -99.9 -99.9 -99.9 -9999.9 -9999.9 -0.0621999986 37.2971992493 -999.999 3678
MKN 2023 05 12 21 00 00 131 6.8 55.13 0 662.7 4.03 -99.9 -99.9 -99.9 -9999.9 -9999.9 -0.0621999986 37.2971992493 -999.999 3678
MKN 2023 05 12 22 00 00 132 6.2 59.25 0 662.6 3.55 -99.9 -99.9 -99.9 -9999.9 -9999.9 -0.0621999986 37.2971992493 -999.999 3678
MKN 2023 05 12 23 00 00 143 5.7 53.9 0 662.1 5.53 -99.9 -99.9 -99.9 -9999.9 -9999.9 -0.0621999986 37.2971992493 -999.999 3678
MKN 2023 05 13 00 00 00 101 2.7 64.55 0 661.8 3.93 -99.9 -99.9 -99.9 -9999.9 -9999.9 -0.0621999986 37.2971992493 -999.999 3678
MKN 2023 05 13 01 00 00 153 4.1 64.03 0 661.9 4.32 -99.9 -99.9 -99.9 -9999.9 -9999.9 -0.0621999986 37.2971992493 -999.999 3678
MKN 2023 05 13 02 00 00 173 3.2 65.15 0 662.3 4.27 -99.9 -99.9 -99.9 -9999.9 -9999.9 -0.0621999986 37.2971992493 -999.999 3678
MKN 2023 05 13 03 00 00 200 2.7 65.15 0 663 4.52 -99.9 -99.9 -99.9 -9999.9 -9999.9 -0.0621999986 37.2971992493 -999.999 3678
MKN 2023 05 13 04 00 00 193 1.9 54.23 0 663.6 8.03 -99.9 -99.9 -99.9 -9999.9 -9999.9 -0.0621999986 37.2971992493 -999.999 3678
MKN 2023 05 13 05 00 00 239 0.8 56.32 0 664.1 9.28 -99.9 -99.9 -99.9 -9999.9 -9999.9 -0.0621999986 37.2971992493 -999.999 3678
MKN 2023 05 13 06 00 00 285 1.6 59.87 0 664.5 9.62 -99.9 -99.9 -99.9 -9999.9 -9999.9 -0.0621999986 37.2971992493 -999.999 3678
MKN 2023 05 13 07 00 00 314 3.5 64.58 0 664.9 9.92 -99.9 -99.9 -99.9 -9999.9 -9999.9 -0.0621999986 37.2971992493 -999.999 3678
MKN 2023 05 13 08 00 00 312 3.2 60.4 0 665.2 10.78 -99.9 -99.9 -99.9 -9999.9 -9999.9 -0.0621999986 37.2971992493 -999.999 3678
MKN 2023 05 13 09 00 00 342 4 55.48 0 665.1 11.42 -99.9 -99.9 -99.9 -9999.9 -9999.9 -0.0621999986 37.2971992493 -999.999 3678
MKN 2023 05 13 10 00 00 16 4 69.43 0 664.8 10.6 -99.9 -99.9 -99.9 -9999.9 -9999.9 -0.0621999986 37.2971992493 -999.999 3678
MKN 2023 05 13 11 00 00 336 4.1 82.4 0 664.3 9.7 -99.9 -99.9 -99.9 -9999.9 -9999.9 -0.0621999986 37.2971992493 -999.999 3678
MKN 2023 05 13 12 00 00 317 4 90.4 0 663.9 8.75 -99.9 -99.9 -99.9 -9999.9 -9999.9 -0.0621999986 37.2971992493 -999.999 3678
MKN 2023 05 13 13 00 00 350 2.4 89.73 0 663.4 8.5 -99.9 -99.9 -99.9 -9999.9 -9999.9 -0.0621999986 37.2971992493 -999.999 3678
MKN 2023 05 13 14 00 00 17 2.9 88.97 0 663.1 8.32 -99.9 -99.9 -99.9 -9999.9 -9999.9 -0.0621999986 37.2971992493 -999.999 3678
MKN 2023 05 13 15 00 00 306 2.1 97.58 0 663.4 7.65 -99.9 -99.9 -99.9 -9999.9 -9999.9 -0.0621999986 37.2971992493 -999.999 3678
MKN 2023 05 13 16 00 00 255 2.5 99.28 0 663.6 6.42 -99.9 -99.9 -99.9 -9999.9 -9999.9 -0.0621999986 37.2971992493 -999.999 3678
MKN 2023 05 13 17 00 00 277 1.4 96.87 0 663.7 5.58 -99.9 -99.9 -99.9 -9999.9 -9999.9 -0.0621999986 37.2971992493 -999.999 3678
MKN 2023 05 13 18 00 00 104 1.3 95.43 0 663.9 5.22 -99.9 -99.9 -99.9 -9999.9 -9999.9 -0.0621999986 37.2971992493 -999.999 3678
MKN 2023 05 13 19 00 00 74 1 98.17 0 664.1 4.73 -99.9 -99.9 -99.9 -9999.9 -9999.9 -0.0621999986 37.2971992493 -999.999 3678
MKN 2023 05 13 20 00 00 125 2.1 87.82 0 664.2 5.22 -99.9 -99.9 -99.9 -9999.9 -9999.9 -0.0621999986 37.2971992493 -999.999 3678
MKN 2023 05 13 21 00 00 180 0.9 93.53 0 663.9 4.67 -99.9 -99.9 -99.9 -9999.9 -9999.9 -0.0621999986 37.2971992493 -999.999 3678
MKN 2023 05 13 22 00 00 171 1.3 89.75 0 663.4 4.33 -99.9 -99.9 -99.9 -9999.9 -9999.9 -0.0621999986 37.2971992493 -999.999 3678
MKN 2023 05 13 23 00 00 173 0.8 85.42 0 662.8 4.23 -99.9 -99.9 -99.9 -9999.9 -9999.9 -0.0621999986 37.2971992493 -999.999 3678
MKN 2023 05 14 00 00 00 176 1.6 83.58 0 662.4 4.23 -99.9 -99.9 -99.9 -9999.9 -9999.9 -0.0621999986 37.2971992493 -999.999 3678
MKN 2023 05 14 01 00 00 196 1.4 83.28 0 662.5 4.92 -99.9 -99.9 -99.9 -9999.9 -9999.9 -0.0621999986 37.2971992493 -999.999 3678
MKN 2023 05 14 02 00 00 238 1.4 83.87 0 662.7 4.08 -99.9 -99.9 -99.9 -9999.9 -9999.9 -0.0621999986 37.2971992493 -999.999 3678
MKN 2023 05 14 03 00 00 131 1.1 85.32 0 662.9 3.98 -99.9 -99.9 -99.9 -9999.9 -9999.9 -0.0621999986 37.2971992493 -999.999 3678
MKN 2023 05 14 04 00 00 144 1 88.17 0 663.3 6.82 -99.9 -99.9 -99.9 -9999.9 -9999.9 -0.0621999986 37.2971992493 -999.999 3678
MKN 2023 05 14 05 00 00 202 0.6 83.27 0 663.9 8.25 -99.9 -99.9 -99.9 -9999.9 -9999.9 -0.0621999986 37.2971992493 -999.999 3678
MKN 2023 05 14 06 00 00 331 1.4 90.98 0 664.3 8.13 -99.9 -99.9 -99.9 -9999.9 -9999.9 -0.0621999986 37.2971992493 -999.999 3678
MKN 2023 05 14 07 00 00 319 2 99.22 0 664.6 8.27 -99.9 -99.9 -99.9 -9999.9 -9999.9 -0.0621999986 37.2971992493 -999.999 3678
MKN 2023 05 14 08 00 00 328 2.6 99.3 0 664.8 8.07 -99.9 -99.9 -99.9 -9999.9 -9999.9 -0.0621999986 37.2971992493 -999.999 3678
MKN 2023 05 14 09 00 00 340 2.7 97.27 0 664.7 9.05 -99.9 -99.9 -99.9 -9999.9 -9999.9 -0.0621999986 37.2971992493 -999.999 3678
MKN 2023 05 14 10 00 00 0 4.4 99.13 0 664.2 9.02 -99.9 -99.9 -99.9 -9999.9 -9999.9 -0.0621999986 37.2971992493 -999.999 3678
MKN 2023 05 14 11 00 00 3 3.9 94.57 0 663.8 9.8 -99.9 -99.9 -99.9 -9999.9 -9999.9 -0.0621999986 37.2971992493 -999.999 3678
MKN 2023 05 14 12 00 00 20 3.8 90.98 0 663.1 10.3 -99.9 -99.9 -99.9 -9999.9 -9999.9 -0.0621999986 37.2971992493 -999.999 3678
MKN 2023 05 14 13 00 00 13 4.8 98.82 0 662.6 9.12 -99.9 -99.9 -99.9 -9999.9 -9999.9 -0.0621999986 37.2971992493 -999.999 3678
MKN 2023 05 14 14 00 00 7 2.5 99.3 0 662.7 7.77 -99.9 -99.9 -99.9 -9999.9 -9999.9 -0.0621999986 37.2971992493 -999.999 3678
MKN 2023 05 14 15 00 00 326 1.8 97.25 0 663 7.73 -99.9 -99.9 -99.9 -9999.9 -9999.9 -0.0621999986 37.2971992493 -999.999 3678
MKN 2023 05 14 16 00 00 204 1.7 98.07 0 663.1 6.53 -99.9 -99.9 -99.9 -9999.9 -9999.9 -0.0621999986 37.2971992493 -999.999 3678
MKN 2023 05 14 17 00 00 234 2.5 96.93 0 663.6 6.63 -99.9 -99.9 -99.9 -9999.9 -9999.9 -0.0621999986 37.2971992493 -999.999 3678
MKN 2023 05 14 18 00 00 253 1.9 95.85 0 664.1 5.18 -99.9 -99.9 -99.9 -9999.9 -9999.9 -0.0621999986 37.2971992493 -999.999 3678
MKN 2023 05 14 19 00 00 193 2.4 79.85 0 664.2 5.62 -99.9 -99.9 -99.9 -9999.9 -9999.9 -0.0621999986 37.2971992493 -999.999 3678
MKN 2023 05 14 20 00 00 207 3.9 84.03 0 664.2 5.47 -99.9 -99.9 -99.9 -9999.9 -9999.9 -0.0621999986 37.2971992493 -999.999 3678
MKN 2023 05 14 21 00 00 218 2.3 92.85 0 664.1 5.97 -99.9 -99.9 -99.9 -9999.9 -9999.9 -0.0621999986 37.2971992493 -999.999 3678
MKN 2023 05 14 22 00 00 220 2.5 93.35 0 663.6 4.85 -99.9 -99.9 -99.9 -9999.9 -9999.9 -0.0621999986 37.2971992493 -999.999 3678
MKN 2023 05 14 23 00 00 185 2.4 88.97 0 663.1 5.17 -99.9 -99.9 -99.9 -9999.9 -9999.9 -0.0621999986 37.2971992493 -999.999 3678
MKN 2023 05 15 00 00 00 180 1.2 92.95 0 662.7 5.57 -99.9 -99.9 -99.9 -9999.9 -9999.9 -0.0621999986 37.2971992493 -999.999 3678
MKN 2023 05 15 01 00 00 137 2.1 87.87 0 662.6 6.25 -99.9 -99.9 -99.9 -9999.9 -9999.9 -0.0621999986 37.2971992493 -999.999 3678
MKN 2023 05 15 02 00 00 125 2.9 80.37 0 662.8 4.98 -99.9 -99.9 -99.9 -9999.9 -9999.9 -0.0621999986 37.2971992493 -999.999 3678
MKN 2023 05 15 03 00 00 135 1 78.35 0 663.1 4.57 -99.9 -99.9 -99.9 -9999.9 -9999.9 -0.0621999986 37.2971992493 -999.999 3678
MKN 2023 05 15 04 00 00 132 1.4 64.1 0 663.4 8.33 -99.9 -99.9 -99.9 -9999.9 -9999.9 -0.0621999986 37.2971992493 -999.999 3678
MKN 2023 05 15 05 00 00 77 1.6 51.02 0 663.8 10.67 -99.9 -99.9 -99.9 -9999.9 -9999.9 -0.0621999986 37.2971992493 -999.999 3678
MKN 2023 05 15 06 00 00 14 3.4 60.95 0 664.3 10.02 -99.9 -99.9 -99.9 -9999.9 -9999.9 -0.0621999986 37.2971992493 -999.999 3678
MKN 2023 05 15 07 00 00 19 4 67.18 0 664.5 10.33 -99.9 -99.9 -99.9 -9999.9 -9999.9 -0.0621999986 37.2971992493 -999.999 3678
MKN 2023 05 15 08 00 00 15 3.6 67.8 0 664.5 11.7 -99.9 -99.9 -99.9 -9999.9 -9999.9 -0.0621999986 37.2971992493 -999.999 3678
MKN 2023 05 16 11 00 00 -99.9 -99.9 98.2 -99.9 -999.9 10.05 -99.9 -99.9 -99.9 -9999.9 -9999.9 -0.0621999986 37.2971992493 -999.999 3678
MKN 2023 05 16 12 00 00 2 4.7 98.82 -99.9 662.7 9.37 -99.9 -99.9 -99.9 -9999.9 -9999.9 -0.0621999986 37.2971992493 -999.999 3678
MKN 2023 05 16 13 00 00 22 4.7 99.28 0 662.4 8.42 -99.9 -99.9 -99.9 -9999.9 -9999.9 -0.0621999986 37.2971992493 -999.999 3678
MKN 2023 05 16 14 00 00 307 5.6 96.08 0.1 662.3 8.4 -99.9 -99.9 -99.9 -9999.9 -9999.9 -0.0621999986 37.2971992493 -999.999 3678
MKN 2023 05 16 15 00 00 295 2 98.3 0 662.5 7.95 -99.9 -99.9 -99.9 -9999.9 -9999.9 -0.0621999986 37.2971992493 -999.999 3678
MKN 2023 05 16 16 00 00 72 3 92.83 0 662.5 7.6 -99.9 -99.9 -99.9 -9999.9 -9999.9 -0.0621999986 37.2971992493 -999.999 3678
MKN 2023 05 16 17 00 00 72 1.4 96.05 0 662.8 6.73 -99.9 -99.9 -99.9 -9999.9 -9999.9 -0.0621999986 37.2971992493 -999.999 3678
MKN 2023 05 16 18 00 00 169 1.9 90.42 0 663 6.42 -99.9 -99.9 -99.9 -9999.9 -9999.9 -0.0621999986 37.2971992493 -999.999 3678
MKN 2023 05 16 19 00 00 143 1.4 93.63 0 663.2 5.02 -99.9 -99.9 -99.9 -9999.9 -9999.9 -0.0621999986 37.2971992493 -999.999 3678
MKN 2023 05 16 20 00 00 119 1.8 82.97 0 663.1 4.95 -99.9 -99.9 -99.9 -9999.9 -9999.9 -0.0621999986 37.2971992493 -999.999 3678
MKN 2023 05 16 21 00 00 125 1.7 71.83 0 662.8 5.72 -99.9 -99.9 -99.9 -9999.9 -9999.9 -0.0621999986 37.2971992493 -999.999 3678
MKN 2023 05 16 22 00 00 342 1.2 78.83 0 662.6 4.72 -99.9 -99.9 -99.9 -9999.9 -9999.9 -0.0621999986 37.2971992493 -999.999 3678
MKN 2023 05 16 23 00 00 139 2.5 78.38 0 662.2 5.32 -99.9 -99.9 -99.9 -9999.9 -9999.9 -0.0621999986 37.2971992493 -999.999 3678
MKN 2023 05 17 00 00 00 113 2.5 81.4 0 661.7 5.32 -99.9 -99.9 -99.9 -9999.9 -9999.9 -0.0621999986 37.2971992493 -999.999 3678
MKN 2023 05 17 01 00 00 116 3.9 77.43 0 661.4 5.65 -99.9 -99.9 -99.9 -9999.9 -9999.9 -0.0621999986 37.2971992493 -999.999 3678
MKN 2023 05 17 02 00 00 111 4.4 78.6 0 661.5 5.65 -99.9 -99.9 -99.9 -9999.9 -9999.9 -0.0621999986 37.2971992493 -999.999 3678
MKN 2023 05 17 03 00 00 113 4.6 77.1 0 662 5.62 -99.9 -99.9 -99.9 -9999.9 -9999.9 -0.0621999986 37.2971992493 -999.999 3678
MKN 2023 05 17 04 00 00 124 4.6 64.65 0 662.5 8.93 -99.9 -99.9 -99.9 -9999.9 -9999.9 -0.0621999986 37.2971992493 -999.999 3678
MKN 2023 05 17 05 00 00 100 4.3 57.42 0 663.1 10.87 -99.9 -99.9 -99.9 -9999.9 -9999.9 -0.0621999986 37.2971992493 -999.999 3678
MKN 2023 05 17 06 00 00 78 4.5 66.02 0 663.5 11.07 -99.9 -99.9 -99.9 -9999.9 -9999.9 -0.0621999986 37.2971992493 -999.999 3678
MKN 2023 05 17 07 00 00 35 6.5 83.87 0 663.9 9.75 -99.9 -99.9 -99.9 -9999.9 -9999.9 -0.0621999986 37.2971992493 -999.999 3678
MKN 2023 05 17 08 00 00 37 5 84.98 0 664 10.83 -99.9 -99.9 -99.9 -9999.9 -9999.9 -0.0621999986 37.2971992493 -999.999 3678
MKN 2023 05 17 09 00 00 23 5.5 83.93 0 663.9 10.73 -99.9 -99.9 -99.9 -9999.9 -9999.9 -0.0621999986 37.2971992493 -999.999 3678
MKN 2023 05 17 10 00 00 19 6.6 93.6 0 663.5 9.8 -99.9 -99.9 -99.9 -9999.9 -9999.9 -0.0621999986 37.2971992493 -999.999 3678
MKN 2023 05 17 11 00 00 11 5.3 94.25 0 663.1 9.33 -99.9 -99.9 -99.9 -9999.9 -9999.9 -0.0621999986 37.2971992493 -999.999 3678
MKN 2023 05 17 12 00 00 11 4.2 93.53 0 662.6 9.23 -99.9 -99.9 -99.9 -9999.9 -9999.9 -0.0621999986 37.2971992493 -999.999 3678
MKN 2023 05 17 13 00 00 14 4.2 87.92 0 662.3 9.18 -99.9 -99.9 -99.9 -9999.9 -9999.9 -0.0621999986 37.2971992493 -999.999 3678
MKN 2023 05 17 14 00 00 54 3 93.47 0 662.1 9.17 -99.9 -99.9 -99.9 -9999.9 -9999.9 -0.0621999986 37.2971992493 -999.999 3678
MKN 2023 05 17 15 00 00 30 3.3 99.23 0 662.2 7.83 -99.9 -99.9 -99.9 -9999.9 -9999.9 -0.0621999986 37.2971992493 -999.999 3678
MKN 2023 05 17 16 00 00 56 3.3 86.43 0 662.4 6.07 -99.9 -99.9 -99.9 -9999.9 -9999.9 -0.0621999986 37.2971992493 -999.999 3678
MKN 2023 05 17 17 00 00 117 5.4 75.15 0 662.5 5.07 -99.9 -99.9 -99.9 -9999.9 -9999.9 -0.0621999986 37.2971992493 -999.999 3678
MKN 2023 05 17 18 00 00 127 5.4 79.7 0 662.8 4.68 -99.9 -99.9 -99.9 -9999.9 -9999.9 -0.0621999986 37.2971992493 -999.999 3678
MKN 2023 05 17 19 00 00 131 4.2 80.08 0 663.1 4.52 -99.9 -99.9 -99.9 -9999.9 -9999.9 -0.0621999986 37.2971992493 -999.999 3678
MKN 2023 05 17 20 00 00 122 3.9 75.63 0 663.1 4.58 -99.9 -99.9 -99.9 -9999.9 -9999.9 -0.0621999986 37.2971992493 -999.999 3678
MKN 2023 05 17 21 00 00 124 3.7 72.2 0 663 4.63 -99.9 -99.9 -99.9 -9999.9 -9999.9 -0.0621999986 37.2971992493 -999.999 3678
MKN 2023 05 17 22 00 00 117 3.6 70.57 0 662.8 4.22 -99.9 -99.9 -99.9 -9999.9 -9999.9 -0.0621999986 37.2971992493 -999.999 3678
MKN 2023 05 17 23 00 00 128 5 65.47 0 662.2 4.18 -99.9 -99.9 -99.9 -9999.9 -9999.9 -0.0621999986 37.2971992493 -999.999 3678
MKN 2023 05 18 00 00 00 129 3.6 63.33 0 661.6 3.87 -99.9 -99.9 -99.9 -9999.9 -9999.9 -0.0621999986 37.2971992493 -999.999 3678
MKN 2023 05 18 01 00 00 141 1.6 61.35 0 661.5 3.52 -99.9 -99.9 -99.9 -9999.9 -9999.9 -0.0621999986 37.2971992493 -999.999 3678
MKN 2023 05 18 02 00 00 129 4 64.98 0 661.4 4.05 -99.9 -99.9 -99.9 -9999.9 -9999.9 -0.0621999986 37.2971992493 -999.999 3678
MKN 2023 05 18 03 00 00 137 2.3 77.1 0 661.8 4.23 -99.9 -99.9 -99.9 -9999.9 -9999.9 -0.0621999986 37.2971992493 -999.999 3678
MKN 2023 05 18 04 00 00 137 1.9 53.52 0 662.2 8.57 -99.9 -99.9 -99.9 -9999.9 -9999.9 -0.0621999986 37.2971992493 -999.999 3678
MKN 2023 05 18 05 00 00 129 1.3 59.2 0 662.9 10.2 -99.9 -99.9 -99.9 -9999.9 -9999.9 -0.0621999986 37.2971992493 -999.999 3678
MKN 2023 05 18 06 00 00 343 2.9 82.77 0 663.5 9.5 -99.9 -99.9 -99.9 -9999.9 -9999.9 -0.0621999986 37.2971992493 -999.999 3678
MKN 2023 05 18 07 00 00 308 2.1 92.6 0 664.1 8.98 -99.9 -99.9 -99.9 -9999.9 -9999.9 -0.0621999986 37.2971992493 -999.999 3678
MKN 2023 05 18 08 00 00 295 3.3 94.32 0 664.3 9.57 -99.9 -99.9 -99.9 -9999.9 -9999.9 -0.0621999986 37.2971992493 -999.999 3678
MKN 2023 05 18 09 00 00 302 4 99.25 0 664.1 8.67 -99.9 -99.9 -99.9 -9999.9 -9999.9 -0.0621999986 37.2971992493 -999.999 3678
MKN 2023 05 18 10 00 00 329 2.9 99.3 1.8 663.7 7.98 -99.9 -99.9 -99.9 -9999.9 -9999.9 -0.0621999986 37.2971992493 -999.999 3678
MKN 2023 05 18 11 00 00 40 1.3 99.28 13.6 663.2 7.6 -99.9 -99.9 -99.9 -9999.9 -9999.9 -0.0621999986 37.2971992493 -999.999 3678
MKN 2023 05 18 12 00 00 227 2 90.43 3.4 662.6 7.45 -99.9 -99.9 -99.9 -9999.9 -9999.9 -0.0621999986 37.2971992493 -999.999 3678
MKN 2023 05 18 13 00 00 173 4.4 92.17 1 662.4 7.73 -99.9 -99.9 -99.9 -9999.9 -9999.9 -0.0621999986 37.2971992493 -999.999 3678
MKN 2023 05 18 14 00 00 324 2.5 96.53 0 662.4 7.22 -99.9 -99.9 -99.9 -9999.9 -9999.9 -0.0621999986 37.2971992493 -999.999 3678
MKN 2023 05 18 15 00 00 228 1.8 93.92 0 662.2 6.45 -99.9 -99.9 -99.9 -9999.9 -9999.9 -0.0621999986 37.2971992493 -999.999 3678
MKN 2023 05 18 16 00 00 180 1.4 93.27 0 662.2 5.12 -99.9 -99.9 -99.9 -9999.9 -9999.9 -0.0621999986 37.2971992493 -999.999 3678
MKN 2023 05 18 17 00 00 159 2.1 83.22 0 662.3 5.2 -99.9 -99.9 -99.9 -9999.9 -9999.9 -0.0621999986 37.2971992493 -999.999 3678
MKN 2023 05 18 18 00 00 233 1.7 86.95 0 662.8 4.52 -99.9 -99.9 -99.9 -9999.9 -9999.9 -0.0621999986 37.2971992493 -999.999 3678
MKN 2023 05 18 19 00 00 149 1.3 62.78 0 663.1 4.83 -99.9 -99.9 -99.9 -9999.9 -9999.9 -0.0621999986 37.2971992493 -999.999 3678
MKN 2023 05 18 20 00 00 184 1.7 62.78 0 663.2 4.98 -99.9 -99.9 -99.9 -9999.9 -9999.9 -0.0621999986 37.2971992493 -999.999 3678
MKN 2023 05 18 21 00 00 95 1.4 64.9 0 663.1 4.62 -99.9 -99.9 -99.9 -9999.9 -9999.9 -0.0621999986 37.2971992493 -999.999 3678
MKN 2023 05 18 22 00 00 100 1.8 56.58 0 662.7 5.1 -99.9 -99.9 -99.9 -9999.9 -9999.9 -0.0621999986 37.2971992493 -999.999 3678
MKN 2023 05 18 23 00 00 194 1.7 52.63 0 662.4 5.3 -99.9 -99.9 -99.9 -9999.9 -9999.9 -0.0621999986 37.2971992493 -999.999 3678
MKN 2023 05 19 00 00 00 201 2.1 57.02 0 662.1 4.92 -99.9 -99.9 -99.9 -9999.9 -9999.9 -0.0621999986 37.2971992493 -999.999 3678
MKN 2023 05 19 01 00 00 180 1.4 62.03 0 661.8 5.03 -99.9 -99.9 -99.9 -9999.9 -9999.9 -0.0621999986 37.2971992493 -999.999 3678
MKN 2023 05 19 02 00 00 162 0.7 73.1 0 661.9 3.52 -99.9 -99.9 -99.9 -9999.9 -9999.9 -0.0621999986 37.2971992493 -999.999 3678
MKN 2023 05 19 03 00 00 117 1.6 70.93 0 662.2 3.7 -99.9 -99.9 -99.9 -9999.9 -9999.9 -0.0621999986 37.2971992493 -999.999 3678
MKN 2023 05 19 04 00 00 164 1.9 67.62 0 662.5 7.35 -99.9 -99.9 -99.9 -9999.9 -9999.9 -0.0621999986 37.2971992493 -999.999 3678
MKN 2023 05 19 05 00 00 117 0.9 62.03 0 663.2 9.63 -99.9 -99.9 -99.9 -9999.9 -9999.9 -0.0621999986 37.2971992493 -999.999 3678
MKN 2023 05 19 06 00 00 353 2 73.18 0 663.8 10.27 -99.9 -99.9 -99.9 -9999.9 -9999.9 -0.0621999986 37.2971992493 -999.999 3678
MKN 2023 05 19 07 00 00 342 2.5 91.33 0 664.2 9.43 -99.9 -99.9 -99.9 -9999.9 -9999.9 -0.0621999986 37.2971992493 -999.999 3678
MKN 2023 05 19 08 00 00 314 3.1 99.18 0 664.2 9.1 -99.9 -99.9 -99.9 -9999.9 -9999.9 -0.0621999986 37.2971992493 -999.999 3678
MKN 2023 05 19 09 00 00 304 2.9 99.25 0 664 9.23 -99.9 -99.9 -99.9 -9999.9 -9999.9 -0.0621999986 37.2971992493 -999.999 3678
MKN 2023 05 19 10 00 00 330 2.4 99.1 0 663.6 9.05 -99.9 -99.9 -99.9 -9999.9 -9999.9 -0.0621999986 37.2971992493 -999.999 3678
MKN 2023 05 19 11 00 00 296 3.3 99.3 0 662.9 8.22 -99.9 -99.9 -99.9 -9999.9 -9999.9 -0.0621999986 37.2971992493 -999.999 3678
MKN 2023 05 19 12 00 00 289 2.5 94.53 0 662.4 9.02 -99.9 -99.9 -99.9 -9999.9 -9999.9 -0.0621999986 37.2971992493 -999.999 3678
MKN 2023 05 19 13 00 00 293 3.5 91.67 0 662.1 10.43 -99.9 -99.9 -99.9 -9999.9 -9999.9 -0.0621999986 37.2971992493 -999.999 3678
MKN 2023 05 19 14 00 00 306 5 97.83 0 662.1 8.58 -99.9 -99.9 -99.9 -9999.9 -9999.9 -0.0621999986 37.2971992493 -999.999 3678
MKN 2023 05 19 15 00 00 289 4 99.3 0 662.2 7.42 -99.9 -99.9 -99.9 -9999.9 -9999.9 -0.0621999986 37.2971992493 -999.999 3678
MKN 2023 05 19 16 00 00 280 2.9 75.38 0 662.1 5.88 -99.9 -99.9 -99.9 -9999.9 -9999.9 -0.0621999986 37.2971992493 -999.999 3678
MKN 2023 05 19 17 00 00 243 3.9 89.32 0 662.3 4.78 -99.9 -99.9 -99.9 -9999.9 -9999.9 -0.0621999986 37.2971992493 -999.999 3678
MKN 2023 05 19 18 00 00 234 3.6 62.12 0 662.8 4.48 -99.9 -99.9 -99.9 -9999.9 -9999.9 -0.0621999986 37.2971992493 -999.999 3678
MKN 2023 05 19 19 00 00 235 3.7 57.58 0 663 5.15 -99.9 -99.9 -99.9 -9999.9 -9999.9 -0.0621999986 37.2971992493 -999.999 3678
MKN 2023 05 19 20 00 00 227 3.5 64.17 0 663.2 4.87 -99.9 -99.9 -99.9 -9999.9 -9999.9 -0.0621999986 37.2971992493 -999.999 3678
MKN 2023 05 19 21 00 00 213 3.1 58.33 0 662.9 4.1 -99.9 -99.9 -99.9 -9999.9 -9999.9 -0.0621999986 37.2971992493 -999.999 3678
MKN 2023 05 19 22 00 00 180 1.7 48.8 0 662.4 3.98 -99.9 -99.9 -99.9 -9999.9 -9999.9 -0.0621999986 37.2971992493 -999.999 3678
MKN 2023 05 19 23 00 00 125 1.9 37.57 0 662 4.12 -99.9 -99.9 -99.9 -9999.9 -9999.9 -0.0621999986 37.2971992493 -999.999 3678
MKN 2023 05 20 00 00 00 165 2 44.18 0 661.5 4.82 -99.9 -99.9 -99.9 -9999.9 -9999.9 -0.0621999986 37.2971992493 -999.999 3678
MKN 2023 05 20 01 00 00 209 1.6 50 0 661.5 4.85 -99.9 -99.9 -99.9 -9999.9 -9999.9 -0.0621999986 37.2971992493 -999.999 3678
MKN 2023 05 20 02 00 00 208 1.6 50.78 0 661.7 4.22 -99.9 -99.9 -99.9 -9999.9 -9999.9 -0.0621999986 37.2971992493 -999.999 3678
MKN 2023 05 20 03 00 00 243 0.6 56.48 0 661.9 3.82 -99.9 -99.9 -99.9 -9999.9 -9999.9 -0.0621999986 37.2971992493 -999.999 3678
MKN 2023 05 20 04 00 00 199 2.4 50.73 0 662.2 6.85 -99.9 -99.9 -99.9 -9999.9 -9999.9 -0.0621999986 37.2971992493 -999.999 3678
MKN 2023 05 20 05 00 00 188 1.5 40.23 0 662.7 9.23 -99.9 -99.9 -99.9 -9999.9 -9999.9 -0.0621999986 37.2971992493 -999.999 3678
MKN 2023 05 20 06 00 00 308 2.4 43.43 0 663.5 9.83 -99.9 -99.9 -99.9 -9999.9 -9999.9 -0.0621999986 37.2971992493 -999.999 3678
MKN 2023 05 20 07 00 00 294 2.1 55.55 0 663.9 10.72 -99.9 -99.9 -99.9 -9999.9 -9999.9 -0.0621999986 37.2971992493 -999.999 3678
MKN 2023 05 20 08 00 00 297 2.9 65.85 0 664 11.25 -99.9 -99.9 -99.9 -9999.9 -9999.9 -0.0621999986 37.2971992493 -999.999 3678
MKN 2023 05 20 09 00 00 322 4.4 88.85 0 664 9.95 -99.9 -99.9 -99.9 -9999.9 -9999.9 -0.0621999986 37.2971992493 -999.999 3678
MKN 2023 05 20 10 00 00 290 3.6 97.62 0 663.6 9.28 -99.9 -99.9 -99.9 -9999.9 -9999.9 -0.0621999986 37.2971992493 -999.999 3678
MKN 2023 05 20 11 00 00 302 3.2 99.1 0 663.1 9.03 -99.9 -99.9 -99.9 -9999.9 -9999.9 -0.0621999986 37.2971992493 -999.999 3678
MKN 2023 05 20 12 00 00 309 2.7 99.3 0.1 662.5 7.1 -99.9 -99.9 -99.9 -9999.9 -9999.9 -0.0621999986 37.2971992493 -999.999 3678
MKN 2023 05 20 13 00 00 246 2.2 99.3 10.5 662.2 7.43 -99.9 -99.9 -99.9 -9999.9 -9999.9 -0.0621999986 37.2971992493 -999.999 3678
MKN 2023 05 20 14 00 00 -99.9 3 99.23 -99.9 662.1 7.97 -99.9 -99.9 -99.9 -9999.9 -9999.9 -0.0621999986 37.2971992493 -999.999 3678
MKN 2023 05 20 15 00 00 257 2.6 99.22 0 662.3 7.38 -99.9 -99.9 -99.9 -9999.9 -9999.9 -0.0621999986 37.2971992493 -999.999 3678
MKN 2023 05 20 16 00 00 216 3.7 72.42 0 662.4 5.32 -99.9 -99.9 -99.9 -9999.9 -9999.9 -0.0621999986 37.2971992493 -999.999 3678
MKN 2023 05 20 17 00 00 216 5.7 59.28 0 662.7 4.85 -99.9 -99.9 -99.9 -9999.9 -9999.9 -0.0621999986 37.2971992493 -999.999 3678
MKN 2023 05 20 18 00 00 212 5.8 72.48 0 662.8 5.55 -99.9 -99.9 -99.9 -9999.9 -9999.9 -0.0621999986 37.2971992493 -999.999 3678
MKN 2023 05 20 19 00 00 214 5.3 82.52 0 663 5.23 -99.9 -99.9 -99.9 -9999.9 -9999.9 -0.0621999986 37.2971992493 -999.999 3678
MKN 2023 05 20 20 00 00 217 4.4 77.23 0 662.9 5.12 -99.9 -99.9 -99.9 -9999.9 -9999.9 -0.0621999986 37.2971992493 -999.999 3678
MKN 2023 05 20 21 00 00 236 3.4 61.83 0 662.6 5.47 -99.9 -99.9 -99.9 -9999.9 -9999.9 -0.0621999986 37.2971992493 -999.999 3678
MKN 2023 05 20 22 00 00 223 2.4 55.8 0 662.3 4.97 -99.9 -99.9 -99.9 -9999.9 -9999.9 -0.0621999986 37.2971992493 -999.999 3678
MKN 2023 05 20 23 00 00 228 3.2 53.48 0 661.8 4.88 -99.9 -99.9 -99.9 -9999.9 -9999.9 -0.0621999986 37.2971992493 -999.999 3678
MKN 2023 05 21 00 00 00 231 1.8 61.05 0 661.4 4.63 -99.9 -99.9 -99.9 -9999.9 -9999.9 -0.0621999986 37.2971992493 -999.999 3678
MKN 2023 05 21 01 00 00 202 1.1 30.65 0 661.2 4.65 -99.9 -99.9 -99.9 -9999.9 -9999.9 -0.0621999986 37.2971992493 -999.999 3678
MKN 2023 05 21 02 00 00 177 3.8 32.22 0 661.1 6.13 -99.9 -99.9 -99.9 -9999.9 -9999.9 -0.0621999986 37.2971992493 -999.999 3678
MKN 2023 05 21 03 00 00 210 2 37.73 0 661.5 4.13 -99.9 -99.9 -99.9 -9999.9 -9999.9 -0.0621999986 37.2971992493 -999.999 3678
MKN 2023 05 21 04 00 00 180 1.1 28.67 0 661.8 9.35 -99.9 -99.9 -99.9 -9999.9 -9999.9 -0.0621999986 37.2971992493 -999.999 3678
MKN 2023 05 21 05 00 00 11 0.8 41.9 0 662.3 9.75 -99.9 -99.9 -99.9 -9999.9 -9999.9 -0.0621999986 37.2971992493 -999.999 3678
MKN 2023 05 21 06 00 00 313 1.9 72.93 0 662.7 9.5 -99.9 -99.9 -99.9 -9999.9 -9999.9 -0.0621999986 37.2971992493 -999.999 3678
MKN 2023 05 21 07 00 00 312 2.4 81.78 0 663.3 10.33 -99.9 -99.9 -99.9 -9999.9 -9999.9 -0.0621999986 37.2971992493 -999.999 3678
MKN 2023 05 21 08 00 00 305 3.9 95.8 0 663.5 9.87 -99.9 -99.9 -99.9 -9999.9 -9999.9 -0.0621999986 37.2971992493 -999.999 3678
MKN 2023 05 21 09 00 00 306 3.7 97.78 0 663.5 9.9 -99.9 -99.9 -99.9 -9999.9 -9999.9 -0.0621999986 37.2971992493 -999.999 3678
MKN 2023 05 21 10 00 00 322 4 99.27 0 663 8.8 -99.9 -99.9 -99.9 -9999.9 -9999.9 -0.0621999986 37.2971992493 -999.999 3678
MKN 2023 05 21 11 00 00 292 4.6 99.3 0.3 662.4 7.38 -99.9 -99.9 -99.9 -9999.9 -9999.9 -0.0621999986 37.2971992493 -999.999 3678
MKN 2023 05 21 12 00 00 57 3 97.93 0 661.9 7.68 -99.9 -99.9 -99.9 -9999.9 -9999.9 -0.0621999986 37.2971992493 -999.999 3678
MKN 2023 05 21 13 00 00 246 2.6 93.38 0 661.6 8.27 -99.9 -99.9 -99.9 -9999.9 -9999.9 -0.0621999986 37.2971992493 -999.999 3678
MKN 2023 05 21 14 00 00 286 2.3 95.78 0 661.8 8.3 -99.9 -99.9 -99.9 -9999.9 -9999.9 -0.0621999986 37.2971992493 -999.999 3678
MKN 2023 05 21 15 00 00 287 2.3 92.73 0 661.8 7.6 -99.9 -99.9 -99.9 -9999.9 -9999.9 -0.0621999986 37.2971992493 -999.999 3678
MKN 2023 05 21 16 00 00 218 2.1 90.3 0 661.9 5.78 -99.9 -99.9 -99.9 -9999.9 -9999.9 -0.0621999986 37.2971992493 -999.999 3678
MKN 2023 05 21 17 00 00 229 2.2 94.73 0 662.1 5.5 -99.9 -99.9 -99.9 -9999.9 -9999.9 -0.0621999986 37.2971992493 -999.999 3678
MKN 2023 05 21 18 00 00 214 3.1 94.8 0 662.4 5.48 -99.9 -99.9 -99.9 -9999.9 -9999.9 -0.0621999986 37.2971992493 -999.999 3678
MKN 2023 05 21 19 00 00 206 3.7 89.67 0 662.8 5.22 -99.9 -99.9 -99.9 -9999.9 -9999.9 -0.0621999986 37.2971992493 -999.999 3678
MKN 2023 05 21 20 00 00 233 2.1 90.22 0 662.8 4.82 -99.9 -99.9 -99.9 -9999.9 -9999.9 -0.0621999986 37.2971992493 -999.999 3678
MKN 2023 05 21 21 00 00 208 2.1 94.88 0 662.6 3.87 -99.9 -99.9 -99.9 -9999.9 -9999.9 -0.0621999986 37.2971992493 -999.999 3678
MKN 2023 05 21 22 00 00 188 1.3 94.8 0 662.3 4.67 -99.9 -99.9 -99.9 -9999.9 -9999.9 -0.0621999986 37.2971992493 -999.999 3678
MKN 2023 05 21 23 00 00 219 1.5 88.63 0 661.9 4 -99.9 -99.9 -99.9 -9999.9 -9999.9 -0.0621999986 37.2971992493 -999.999 3678
MKN 2023 05 22 00 00 00 139 2.7 54.8 0 661.4 4.18 -99.9 -99.9 -99.9 -9999.9 -9999.9 -0.0621999986 37.2971992493 -999.999 3678
MKN 2023 05 22 01 00 00 114 4.2 54.63 0 661.1 3.53 -99.9 -99.9 -99.9 -9999.9 -9999.9 -0.0621999986 37.2971992493 -999.999 3678
MKN 2023 05 22 02 00 00 120 4 41.95 0 661.1 5 -99.9 -99.9 -99.9 -9999.9 -9999.9 -0.0621999986 37.2971992493 -999.999 3678
MKN 2023 05 22 03 00 00 113 6 34.3 0 661.4 5.47 -99.9 -99.9 -99.9 -9999.9 -9999.9 -0.0621999986 37.2971992493 -999.999 3678
MKN 2023 05 22 04 00 00 113 6.7 26.33 0 661.6 9.08 -99.9 -99.9 -99.9 -9999.9 -9999.9 -0.0621999986 37.2971992493 -999.999 3678
MKN 2023 05 22 05 00 00 103 6.2 27.87 0 662.2 11.03 -99.9 -99.9 -99.9 -9999.9 -9999.9 -0.0621999986 37.2971992493 -999.999 3678
MKN 2023 05 22 06 00 00 78 6.6 50.45 0 662.8 11.37 -99.9 -99.9 -99.9 -9999.9 -9999.9 -0.0621999986 37.2971992493 -999.999 3678
MKN 2023 05 22 07 00 00 30 5.5 70.72 0 663.3 11.28 -99.9 -99.9 -99.9 -9999.9 -9999.9 -0.0621999986 37.2971992493 -999.999 3678
MKN 2023 05 22 08 00 00 19 5.8 43.1 0 663.5 12.7 -99.9 -99.9 -99.9 -9999.9 -9999.9 -0.0621999986 37.2971992493 -999.999 3678
MKN 2023 05 22 09 00 00 31 6.9 51.58 0 663.3 13.05 -99.9 -99.9 -99.9 -9999.9 -9999.9 -0.0621999986 37.2971992493 -999.999 3678
MKN 2023 05 22 10 00 00 8 5.9 66.92 0 663.1 12.32 -99.9 -99.9 -99.9 -9999.9 -9999.9 -0.0621999986 37.2971992493 -999.999 3678
MKN 2023 05 22 11 00 00 2 6.5 67.12 0 662.7 12.88 -99.9 -99.9 -99.9 -9999.9 -9999.9 -0.0621999986 37.2971992493 -999.999 3678
MKN 2023 05 22 12 00 00 0 6.8 60.18 0 662.2 12.28 -99.9 -99.9 -99.9 -9999.9 -9999.9 -0.0621999986 37.2971992493 -999.999 3678
MKN 2023 05 22 13 00 00 9 4.9 79.38 0 661.9 10.33 -99.9 -99.9 -99.9 -9999.9 -9999.9 -0.0621999986 37.2971992493 -999.999 3678
MKN 2023 05 22 14 00 00 0 4 99.05 0 661.9 8.22 -99.9 -99.9 -99.9 -9999.9 -9999.9 -0.0621999986 37.2971992493 -999.999 3678
MKN 2023 05 22 15 00 00 20 3 98.17 0.3 661.8 7.22 -99.9 -99.9 -99.9 -9999.9 -9999.9 -0.0621999986 37.2971992493 -999.999 3678
MKN 2023 05 22 16 00 00 72 2 99.02 0 662 6.98 -99.9 -99.9 -99.9 -9999.9 -9999.9 -0.0621999986 37.2971992493 -999.999 3678
MKN 2023 05 22 17 00 00 138 1.3 89.53 0 662.1 6.1 -99.9 -99.9 -99.9 -9999.9 -9999.9 -0.0621999986 37.2971992493 -999.999 3678
MKN 2023 05 22 18 00 00 210 2.1 97.12 0 662.4 6.37 -99.9 -99.9 -99.9 -9999.9 -9999.9 -0.0621999986 37.2971992493 -999.999 3678
MKN 2023 05 22 19 00 00 260 2.4 96.72 0 662.9 5.5 -99.9 -99.9 -99.9 -9999.9 -9999.9 -0.0621999986 37.2971992493 -999.999 3678
MKN 2023 05 22 20 00 00 202 1.9 60.58 0 662.9 4.97 -99.9 -99.9 -99.9 -9999.9 -9999.9 -0.0621999986 37.2971992493 -999.999 3678
MKN 2023 05 22 21 00 00 153 1.5 72.58 0 662.8 5.18 -99.9 -99.9 -99.9 -9999.9 -9999.9 -0.0621999986 37.2971992493 -999.999 3678
MKN 2023 05 22 22 00 00 184 2 65.93 0 662.7 4.63 -99.9 -99.9 -99.9 -9999.9 -9999.9 -0.0621999986 37.2971992493 -999.999 3678
MKN 2023 05 22 23 00 00 178 2.8 68.52 0 662.2 4.8 -99.9 -99.9 -99.9 -9999.9 -9999.9 -0.0621999986 37.2971992493 -999.999 3678
MKN 2023 05 23 00 00 00 151 1.6 79.28 0 661.8 3.92 -99.9 -99.9 -99.9 -9999.9 -9999.9 -0.0621999986 37.2971992493 -999.999 3678
MKN 2023 05 23 01 00 00 135 2.2 78.33 0 661.6 3.43 -99.9 -99.9 -99.9 -9999.9 -9999.9 -0.0621999986 37.2971992493 -999.999 3678
MKN 2023 05 23 02 00 00 145 2 70.08 0 661.6 3.85 -99.9 -99.9 -99.9 -9999.9 -9999.9 -0.0621999986 37.2971992493 -999.999 3678
MKN 2023 05 23 03 00 00 121 2.6 63.08 0 661.7 4.12 -99.9 -99.9 -99.9 -9999.9 -9999.9 -0.0621999986 37.2971992493 -999.999 3678
MKN 2023 05 23 04 00 00 133 1.9 60.3 0 662 8.33 -99.9 -99.9 -99.9 -9999.9 -9999.9 -0.0621999986 37.2971992493 -999.999 3678
MKN 2023 05 23 05 00 00 86 2.1 58.48 0 662.5 10.38 -99.9 -99.9 -99.9 -9999.9 -9999.9 -0.0621999986 37.2971992493 -999.999 3678
MKN 2023 05 23 06 00 00 50 3.7 77.03 0 663.1 9.98 -99.9 -99.9 -99.9 -9999.9 -9999.9 -0.0621999986 37.2971992493 -999.999 3678
MKN 2023 05 23 07 00 00 313 3 88.72 0 663.5 9.75 -99.9 -99.9 -99.9 -9999.9 -9999.9 -0.0621999986 37.2971992493 -999.999 3678
MKN 2023 05 23 08 00 00 3 4.4 91.12 0 663.5 9.63 -99.9 -99.9 -99.9 -9999.9 -9999.9 -0.0621999986 37.2971992493 -999.999 3678
MKN 2023 05 23 09 00 00 21 6 99.23 0.1 663.5 8.05 -99.9 -99.9 -99.9 -9999.9 -9999.9 -0.0621999986 37.2971992493 -999.999 3678
MKN 2023 05 23 10 00 00 31 2.4 99.28 7.5 663.3 7.2 -99.9 -99.9 -99.9 -9999.9 -9999.9 -0.0621999986 37.2971992493 -999.999 3678
MKN 2023 05 23 11 00 00 261 2.3 99.15 4 662.8 6.63 -99.9 -99.9 -99.9 -9999.9 -9999.9 -0.0621999986 37.2971992493 -999.999 3678
MKN 2023 05 23 12 00 00 249 2.2 93.75 3.1 662.5 7.53 -99.9 -99.9 -99.9 -9999.9 -9999.9 -0.0621999986 37.2971992493 -999.999 3678
MKN 2023 05 23 13 00 00 108 1.9 84.27 0 662 8.82 -99.9 -99.9 -99.9 -9999.9 -9999.9 -0.0621999986 37.2971992493 -999.999 3678
MKN 2023 05 23 14 00 00 288 2.3 82.33 0 661.8 9.18 -99.9 -99.9 -99.9 -9999.9 -9999.9 -0.0621999986 37.2971992493 -999.999 3678
MKN 2023 05 23 15 00 00 312 2.6 99.3 0 661.8 7.02 -99.9 -99.9 -99.9 -9999.9 -9999.9 -0.0621999986 37.2971992493 -999.999 3678
MKN 2023 05 23 16 00 00 304 1.5 99.18 0 662 6 -99.9 -99.9 -99.9 -9999.9 -9999.9 -0.0621999986 37.2971992493 -999.999 3678
MKN 2023 05 23 17 00 00 140 1.8 95.03 0 662.1 5.47 -99.9 -99.9 -99.9 -9999.9 -9999.9 -0.0621999986 37.2971992493 -999.999 3678
MKN 2023 05 23 18 00 00 205 1.8 95.62 0 662.4 4.9 -99.9 -99.9 -99.9 -9999.9 -9999.9 -0.0621999986 37.2971992493 -999.999 3678
MKN 2023 05 23 19 00 00 193 2.7 91.45 0 662.8 5 -99.9 -99.9 -99.9 -9999.9 -9999.9 -0.0621999986 37.2971992493 -999.999 3678
MKN 2023 05 23 20 00 00 204 1.5 92.83 0 662.9 5.27 -99.9 -99.9 -99.9 -9999.9 -9999.9 -0.0621999986 37.2971992493 -999.999 3678
MKN 2023 05 23 21 00 00 150 2.2 83.03 0 662.9 5.6 -99.9 -99.9 -99.9 -9999.9 -9999.9 -0.0621999986 37.2971992493 -999.999 3678
MKN 2023 05 23 22 00 00 129 3.5 76.8 0 662.5 5.13 -99.9 -99.9 -99.9 -9999.9 -9999.9 -0.0621999986 37.2971992493 -999.999 3678
MKN 2023 05 23 23 00 00 135 1.7 77.42 0 662.1 4.53 -99.9 -99.9 -99.9 -9999.9 -9999.9 -0.0621999986 37.2971992493 -999.999 3678
MKN 2023 05 24 00 00 00 144 2.3 75.15 0 661.8 4.45 -99.9 -99.9 -99.9 -9999.9 -9999.9 -0.0621999986 37.2971992493 -999.999 3678
MKN 2023 05 24 01 00 00 108 2.6 77.25 0 661.8 4.17 -99.9 -99.9 -99.9 -9999.9 -9999.9 -0.0621999986 37.2971992493 -999.999 3678
MKN 2023 05 24 02 00 00 107 1.4 83.18 0 661.9 3.75 -99.9 -99.9 -99.9 -9999.9 -9999.9 -0.0621999986 37.2971992493 -999.999 3678
MKN 2023 05 24 03 00 00 153 1.3 78.32 0 662 4.13 -99.9 -99.9 -99.9 -9999.9 -9999.9 -0.0621999986 37.2971992493 -999.999 3678
MKN 2023 05 24 04 00 00 146 0.9 69.78 0 662.2 7.25 -99.9 -99.9 -99.9 -9999.9 -9999.9 -0.0621999986 37.2971992493 -999.999 3678
MKN 2023 05 24 05 00 00 90 0.9 66.52 0 662.5 9.03 -99.9 -99.9 -99.9 -9999.9 -9999.9 -0.0621999986 37.2971992493 -999.999 3678
MKN 2023 05 24 06 00 00 354 2 73.98 0 663 9.87 -99.9 -99.9 -99.9 -9999.9 -9999.9 -0.0621999986 37.2971992493 -999.999 3678
MKN 2023 05 24 07 00 00 339 3 74.43 0 663.5 10.4 -99.9 -99.9 -99.9 -9999.9 -9999.9 -0.0621999986 37.2971992493 -999.999 3678
MKN 2023 05 24 08 00 00 12 4.4 89.78 0 663.5 9.17 -99.9 -99.9 -99.9 -9999.9 -9999.9 -0.0621999986 37.2971992493 -999.999 3678
MKN 2023 05 24 09 00 00 342 4 91.5 0 663.5 9.7 -99.9 -99.9 -99.9 -9999.9 -9999.9 -0.0621999986 37.2971992493 -999.999 3678
MKN 2023 05 24 10 00 00 1 5.8 99.28 0 663.3 8.22 -99.9 -99.9 -99.9 -9999.9 -9999.9 -0.0621999986 37.2971992493 -999.999 3678
MKN 2023 05 24 11 00 00 324 3.6 99.3 5.4 662.9 6.45 -99.9 -99.9 -99.9 -9999.9 -9999.9 -0.0621999986 37.2971992493 -999.999 3678
MKN 2023 05 24 12 00 00 348 2.4 98.75 7.5 662.6 6.17 -99.9 -99.9 -99.9 -9999.9 -9999.9 -0.0621999986 37.2971992493 -999.999 3678
MKN 2023 05 24 13 00 00 206 2.6 87.78 1.9 662.1 8.33 -99.9 -99.9 -99.9 -9999.9 -9999.9 -0.0621999986 37.2971992493 -999.999 3678
MKN 2023 05 24 14 00 00 305 2.2 97.15 0 662 7.72 -99.9 -99.9 -99.9 -9999.9 -9999.9 -0.0621999986 37.2971992493 -999.999 3678
MKN 2023 05 24 15 00 00 265 2.3 96.5 0 662 6.77 -99.9 -99.9 -99.9 -9999.9 -9999.9 -0.0621999986 37.2971992493 -999.999 3678
MKN 2023 05 24 16 00 00 174 1.9 89.57 0 662 6.37 -99.9 -99.9 -99.9 -9999.9 -9999.9 -0.0621999986 37.2971992493 -999.999 3678
MKN 2023 05 24 17 00 00 184 1.8 89.48 0 662.2 5.75 -99.9 -99.9 -99.9 -9999.9 -9999.9 -0.0621999986 37.2971992493 -999.999 3678
MKN 2023 05 24 18 00 00 239 1.8 90.25 0 662.4 4.82 -99.9 -99.9 -99.9 -9999.9 -9999.9 -0.0621999986 37.2971992493 -999.999 3678
MKN 2023 05 24 19 00 00 207 3.5 81.18 0 662.7 5.08 -99.9 -99.9 -99.9 -9999.9 -9999.9 -0.0621999986 37.2971992493 -999.999 3678
MKN 2023 05 24 20 00 00 225 3.1 82.17 0 663 4.92 -99.9 -99.9 -99.9 -9999.9 -9999.9 -0.0621999986 37.2971992493 -999.999 3678
MKN 2023 05 24 21 00 00 219 2.6 75.38 0 662.8 4.82 -99.9 -99.9 -99.9 -9999.9 -9999.9 -0.0621999986 37.2971992493 -999.999 3678
MKN 2023 05 24 22 00 00 223 1.8 81 0 662.4 4.58 -99.9 -99.9 -99.9 -9999.9 -9999.9 -0.0621999986 37.2971992493 -999.999 3678
MKN 2023 05 24 23 00 00 207 1.4 79.12 0 662 4.83 -99.9 -99.9 -99.9 -9999.9 -9999.9 -0.0621999986 37.2971992493 -999.999 3678
MKN 2023 05 25 00 00 00 190 1.5 75.25 0 661.5 4.55 -99.9 -99.9 -99.9 -9999.9 -9999.9 -0.0621999986 37.2971992493 -999.999 3678
MKN 2023 05 25 01 00 00 105 1.5 76.23 0 661.3 4.3 -99.9 -99.9 -99.9 -9999.9 -9999.9 -0.0621999986 37.2971992493 -999.999 3678
MKN 2023 05 25 02 00 00 119 2.5 81.57 0 661.4 3.98 -99.9 -99.9 -99.9 -9999.9 -9999.9 -0.0621999986 37.2971992493 -999.999 3678
MKN 2023 05 25 03 00 00 122 1.9 77.53 0 661.5 4.65 -99.9 -99.9 -99.9 -9999.9 -9999.9 -0.0621999986 37.2971992493 -999.999 3678
MKN 2023 05 25 04 00 00 121 1.4 66.85 0 662 7.52 -99.9 -99.9 -99.9 -9999.9 -9999.9 -0.0621999986 37.2971992493 -999.999 3678
MKN 2023 05 25 05 00 00 118 2.3 57.2 0 662.5 10.78 -99.9 -99.9 -99.9 -9999.9 -9999.9 -0.0621999986 37.2971992493 -999.999 3678
MKN 2023 05 25 06 00 00 25 2.5 73.78 0 663 10.6 -99.9 -99.9 -99.9 -9999.9 -9999.9 -0.0621999986 37.2971992493 -999.999 3678
MKN 2023 05 25 07 00 00 345 2.9 81.1 0 663.3 10.92 -99.9 -99.9 -99.9 -9999.9 -9999.9 -0.0621999986 37.2971992493 -999.999 3678
MKN 2023 05 25 08 00 00 352 3.5 85.92 0 663.3 10.52 -99.9 -99.9 -99.9 -9999.9 -9999.9 -0.0621999986 37.2971992493 -999.999 3678
MKN 2023 05 25 09 00 00 346 3.8 93.82 0 663.2 9.87 -99.9 -99.9 -99.9 -9999.9 -9999.9 -0.0621999986 37.2971992493 -999.999 3678
MKN 2023 05 25 10 00 00 348 5.2 99.3 0 662.8 8.4 -99.9 -99.9 -99.9 -9999.9 -9999.9 -0.0621999986 37.2971992493 -999.999 3678
MKN 2023 05 25 11 00 00 321 3.2 99.3 0 662.5 8.58 -99.9 -99.9 -99.9 -9999.9 -9999.9 -0.0621999986 37.2971992493 -999.999 3678
MKN 2023 05 25 12 00 00 312 3.2 99.28 0.1 662.1 8.37 -99.9 -99.9 -99.9 -9999.9 -9999.9 -0.0621999986 37.2971992493 -999.999 3678
MKN 2023 05 25 13 00 00 294 2.8 98.97 0 661.6 8.23 -99.9 -99.9 -99.9 -9999.9 -9999.9 -0.0621999986 37.2971992493 -999.999 3678
MKN 2023 05 25 14 00 00 267 2 99.3 0 661.7 7.77 -99.9 -99.9 -99.9 -9999.9 -9999.9 -0.0621999986 37.2971992493 -999.999 3678
MKN 2023 05 25 15 00 00 267 2.5 99.22 0 661.9 6.62 -99.9 -99.9 -99.9 -9999.9 -9999.9 -0.0621999986 37.2971992493 -999.999 3678
MKN 2023 05 25 16 00 00 157 1.6 95.75 0 661.9 5.62 -99.9 -99.9 -99.9 -9999.9 -9999.9 -0.0621999986 37.2971992493 -999.999 3678
MKN 2023 05 25 17 00 00 153 0.7 99.22 0 661.9 6 -99.9 -99.9 -99.9 -9999.9 -9999.9 -0.0621999986 37.2971992493 -999.999 3678
MKN 2023 05 25 18 00 00 198 1.3 96.52 0 662.3 6.73 -99.9 -99.9 -99.9 -9999.9 -9999.9 -0.0621999986 37.2971992493 -999.999 3678
MKN 2023 05 25 19 00 00 225 1.2 99.28 0 662.6 6.08 -99.9 -99.9 -99.9 -9999.9 -9999.9 -0.0621999986 37.2971992493 -999.999 3678
MKN 2023 05 25 20 00 00 218 2 87.57 0 662.6 5.02 -99.9 -99.9 -99.9 -9999.9 -9999.9 -0.0621999986 37.2971992493 -999.999 3678
MKN 2023 05 25 21 00 00 211 3.1 72.5 0 662.3 5.12 -99.9 -99.9 -99.9 -9999.9 -9999.9 -0.0621999986 37.2971992493 -999.999 3678
MKN 2023 05 25 22 00 00 159 2.2 64.85 0 661.8 5.72 -99.9 -99.9 -99.9 -9999.9 -9999.9 -0.0621999986 37.2971992493 -999.999 3678
MKN 2023 05 25 23 00 00 141 1.8 62.83 0 661.4 5.1 -99.9 -99.9 -99.9 -9999.9 -9999.9 -0.0621999986 37.2971992493 -999.999 3678
MKN 2023 05 26 00 00 00 130 1.9 69.85 0 661.1 3.97 -99.9 -99.9 -99.9 -9999.9 -9999.9 -0.0621999986 37.2971992493 -999.999 3678
MKN 2023 05 26 01 00 00 139 2.2 65.13 0 660.9 5.15 -99.9 -99.9 -99.9 -9999.9 -9999.9 -0.0621999986 37.2971992493 -999.999 3678
MKN 2023 05 26 02 00 00 126 1.8 65.08 0 660.8 5.22 -99.9 -99.9 -99.9 -9999.9 -9999.9 -0.0621999986 37.2971992493 -999.999 3678
MKN 2023 05 26 03 00 00 117 2.7 64.9 0 661.2 5.43 -99.9 -99.9 -99.9 -9999.9 -9999.9 -0.0621999986 37.2971992493 -999.999 3678
MKN 2023 05 26 04 00 00 118 4.7 61.65 0 661.3 7.9 -99.9 -99.9 -99.9 -9999.9 -9999.9 -0.0621999986 37.2971992493 -999.999 3678
MKN 2023 05 26 05 00 00 82 3.6 53.93 0 662 10.2 -99.9 -99.9 -99.9 -9999.9 -9999.9 -0.0621999986 37.2971992493 -999.999 3678
MKN 2023 05 26 06 00 00 59 4.7 50.27 0 662.4 11.5 -99.9 -99.9 -99.9 -9999.9 -9999.9 -0.0621999986 37.2971992493 -999.999 3678
MKN 2023 05 26 07 00 00 51 5.3 99.3 0 662.6 8.67 -99.9 -99.9 -99.9 -9999.9 -9999.9 -0.0621999986 37.2971992493 -999.999 3678
MKN 2023 05 26 08 00 00 336 4 80.88 0 662.9 11.53 -99.9 -99.9 -99.9 -9999.9 -9999.9 -0.0621999986 37.2971992493 -999.999 3678
MKN 2023 05 26 09 00 00 27 8.3 82.35 0 662.6 10.97 -99.9 -99.9 -99.9 -9999.9 -9999.9 -0.0621999986 37.2971992493 -999.999 3678
MKN 2023 05 26 10 00 00 20 7.1 88.47 0 662.2 10.23 -99.9 -99.9 -99.9 -9999.9 -9999.9 -0.0621999986 37.2971992493 -999.999 3678
MKN 2023 05 26 11 00 00 5 6.2 98.75 0 661.9 8.47 -99.9 -99.9 -99.9 -9999.9 -9999.9 -0.0621999986 37.2971992493 -999.999 3678
MKN 2023 05 26 12 00 00 6 5 97.53 0 661.7 8.75 -99.9 -99.9 -99.9 -9999.9 -9999.9 -0.0621999986 37.2971992493 -999.999 3678
MKN 2023 05 26 13 00 00 8 5.4 98.3 0 661.6 8.37 -99.9 -99.9 -99.9 -9999.9 -9999.9 -0.0621999986 37.2971992493 -999.999 3678
MKN 2023 05 26 14 00 00 20 4.5 99.3 0 661.7 7.57 -99.9 -99.9 -99.9 -9999.9 -9999.9 -0.0621999986 37.2971992493 -999.999 3678
MKN 2023 05 26 15 00 00 30 3.3 99 0 661.7 6.23 -99.9 -99.9 -99.9 -9999.9 -9999.9 -0.0621999986 37.2971992493 -999.999 3678
MKN 2023 05 26 16 00 00 63 2.3 93.8 0 661.8 4.47 -99.9 -99.9 -99.9 -9999.9 -9999.9 -0.0621999986 37.2971992493 -999.999 3678
MKN 2023 05 26 17 00 00 117 3 81.17 0 661.9 4.58 -99.9 -99.9 -99.9 -9999.9 -9999.9 -0.0621999986 37.2971992493 -999.999 3678
MKN 2023 05 26 18 00 00 126 1.9 82.13 0 662 4.18 -99.9 -99.9 -99.9 -9999.9 -9999.9 -0.0621999986 37.2971992493 -999.999 3678
MKN 2023 05 26 19 00 00 173 1.3 79.5 0 662.2 4.87 -99.9 -99.9 -99.9 -9999.9 -9999.9 -0.0621999986 37.2971992493 -999.999 3678
MKN 2023 05 26 20 00 00 220 1.9 89.5 0 662.1 4.07 -99.9 -99.9 -99.9 -9999.9 -9999.9 -0.0621999986 37.2971992493 -999.999 3678
MKN 2023 05 26 21 00 00 142 2.3 80 0 661.8 4.35 -99.9 -99.9 -99.9 -9999.9 -9999.9 -0.0621999986 37.2971992493 -999.999 3678
MKN 2023 05 26 22 00 00 111 2.4 78.67 0 661.5 4.68 -99.9 -99.9 -99.9 -9999.9 -9999.9 -0.0621999986 37.2971992493 -999.999 3678
MKN 2023 05 26 23 00 00 133 5 73.85 0 660.9 5.3 -99.9 -99.9 -99.9 -9999.9 -9999.9 -0.0621999986 37.2971992493 -999.999 3678
MKN 2023 05 27 00 00 00 130 7.1 68.97 0 660.2 5.87 -99.9 -99.9 -99.9 -9999.9 -9999.9 -0.0621999986 37.2971992493 -999.999 3678
MKN 2023 05 27 01 00 00 135 7 65.28 0 659.9 6.65 -99.9 -99.9 -99.9 -9999.9 -9999.9 -0.0621999986 37.2971992493 -999.999 3678
MKN 2023 05 27 02 00 00 142 4.9 72.5 0 660.1 4.87 -99.9 -99.9 -99.9 -9999.9 -9999.9 -0.0621999986 37.2971992493 -999.999 3678
MKN 2023 05 27 03 00 00 103 4.1 61.85 0 660.6 6.5 -99.9 -99.9 -99.9 -9999.9 -9999.9 -0.0621999986 37.2971992493 -999.999 3678
MKN 2023 05 27 04 00 00 129 7.1 46.28 0 660.7 9.83 -99.9 -99.9 -99.9 -9999.9 -9999.9 -0.0621999986 37.2971992493 -999.999 3678
MKN 2023 05 27 05 00 00 132 3.9 67.02 0 661.2 8.53 -99.9 -99.9 -99.9 -9999.9 -9999.9 -0.0621999986 37.2971992493 -999.999 3678
MKN 2023 05 27 06 00 00 0 2.2 79.95 0 661.8 8.83 -99.9 -99.9 -99.9 -9999.9 -9999.9 -0.0621999986 37.2971992493 -999.999 3678
MKN 2023 05 27 07 00 00 332 2.6 88.95 0 662.3 8.98 -99.9 -99.9 -99.9 -9999.9 -9999.9 -0.0621999986 37.2971992493 -999.999 3678
MKN 2023 05 27 08 00 00 327 2.5 71.72 0 662.5 11.5 -99.9 -99.9 -99.9 -9999.9 -9999.9 -0.0621999986 37.2971992493 -999.999 3678
MKN 2023 05 27 09 00 00 49 3 88.78 0 662.3 9.82 -99.9 -99.9 -99.9 -9999.9 -9999.9 -0.0621999986 37.2971992493 -999.999 3678
MKN 2023 05 27 10 00 00 326 2.7 98.77 0 661.9 8.43 -99.9 -99.9 -99.9 -9999.9 -9999.9 -0.0621999986 37.2971992493 -999.999 3678
MKN 2023 05 27 11 00 00 315 4 96.07 0 661.8 8.95 -99.9 -99.9 -99.9 -9999.9 -9999.9 -0.0621999986 37.2971992493 -999.999 3678
MKN 2023 05 27 12 00 00 352 4.7 92.58 0 661.5 9.42 -99.9 -99.9 -99.9 -9999.9 -9999.9 -0.0621999986 37.2971992493 -999.999 3678
MKN 2023 05 27 13 00 00 357 4.3 99.27 0 661.3 8.13 -99.9 -99.9 -99.9 -9999.9 -9999.9 -0.0621999986 37.2971992493 -999.999 3678
MKN 2023 05 27 14 00 00 2 3.7 99.15 0 661.4 7.65 -99.9 -99.9 -99.9 -9999.9 -9999.9 -0.0621999986 37.2971992493 -999.999 3678
MKN 2023 05 27 15 00 00 45 2.2 72.52 0 661.5 6.58 -99.9 -99.9 -99.9 -9999.9 -9999.9 -0.0621999986 37.2971992493 -999.999 3678
MKN 2023 05 27 16 00 00 151 5.2 68.65 0 661.5 5.97 -99.9 -99.9 -99.9 -9999.9 -9999.9 -0.0621999986 37.2971992493 -999.999 3678
MKN 2023 05 27 17 00 00 161 4.5 70.78 0 661.6 6.3 -99.9 -99.9 -99.9 -9999.9 -9999.9 -0.0621999986 37.2971992493 -999.999 3678
MKN 2023 05 27 18 00 00 163 3.9 95.12 0 661.7 5.2 -99.9 -99.9 -99.9 -9999.9 -9999.9 -0.0621999986 37.2971992493 -999.999 3678
MKN 2023 05 27 19 00 00 232 2.6 99.3 0 661.9 4.53 -99.9 -99.9 -99.9 -9999.9 -9999.9 -0.0621999986 37.2971992493 -999.999 3678
MKN 2023 05 27 20 00 00 237 1.8 97 0 661.7 5.05 -99.9 -99.9 -99.9 -9999.9 -9999.9 -0.0621999986 37.2971992493 -999.999 3678
MKN 2023 05 27 21 00 00 275 1.3 75.95 0 661.5 5.9 -99.9 -99.9 -99.9 -9999.9 -9999.9 -0.0621999986 37.2971992493 -999.999 3678
MKN 2023 05 27 22 00 00 145 3.8 79.9 0 661.1 5.97 -99.9 -99.9 -99.9 -9999.9 -9999.9 -0.0621999986 37.2971992493 -999.999 3678
MKN 2023 05 27 23 00 00 146 5.4 70.7 0 660.8 6.68 -99.9 -99.9 -99.9 -9999.9 -9999.9 -0.0621999986 37.2971992493 -999.999 3678
MKN 2023 05 28 00 00 00 138 7.4 66.8 0 660.1 7.05 -99.9 -99.9 -99.9 -9999.9 -9999.9 -0.0621999986 37.2971992493 -999.999 3678
MKN 2023 05 28 01 00 00 132 7.8 67.17 0 659.8 6.82 -99.9 -99.9 -99.9 -9999.9 -9999.9 -0.0621999986 37.2971992493 -999.999 3678
MKN 2023 05 28 02 00 00 137 9.2 58.9 0 660 6.67 -99.9 -99.9 -99.9 -9999.9 -9999.9 -0.0621999986 37.2971992493 -999.999 3678
MKN 2023 05 28 03 00 00 140 10.4 46.72 0 660.5 6.92 -99.9 -99.9 -99.9 -9999.9 -9999.9 -0.0621999986 37.2971992493 -999.999 3678
MKN 2023 05 28 04 00 00 144 11.4 42.45 0 660.8 8.35 -99.9 -99.9 -99.9 -9999.9 -9999.9 -0.0621999986 37.2971992493 -999.999 3678
MKN 2023 05 28 05 00 00 137 10.7 35.33 0 661.1 10.32 -99.9 -99.9 -99.9 -9999.9 -9999.9 -0.0621999986 37.2971992493 -999.999 3678
MKN 2023 05 28 06 00 00 135 10.5 30.82 0 661.8 11.23 -99.9 -99.9 -99.9 -9999.9 -9999.9 -0.0621999986 37.2971992493 -999.999 3678
MKN 2023 05 28 07 00 00 136 9.7 30.25 0 662.1 12.2 -99.9 -99.9 -99.9 -9999.9 -9999.9 -0.0621999986 37.2971992493 -999.999 3678
MKN 2023 05 28 08 00 00 136 9.9 26.32 0 662.1 12.75 -99.9 -99.9 -99.9 -9999.9 -9999.9 -0.0621999986 37.2971992493 -999.999 3678
MKN 2023 05 28 09 00 00 143 9.3 37.67 0 662.2 12.65 -99.9 -99.9 -99.9 -9999.9 -9999.9 -0.0621999986 37.2971992493 -999.999 3678
MKN 2023 05 28 10 00 00 150 4.9 36.2 0 662.1 13.42 -99.9 -99.9 -99.9 -9999.9 -9999.9 -0.0621999986 37.2971992493 -999.999 3678
MKN 2023 05 28 11 00 00 128 4.9 55.03 0 661.7 13.23 -99.9 -99.9 -99.9 -9999.9 -9999.9 -0.0621999986 37.2971992493 -999.999 3678
MKN 2023 05 28 12 00 00 47 3.6 95.7 0 661.5 9.27 -99.9 -99.9 -99.9 -9999.9 -9999.9 -0.0621999986 37.2971992493 -999.999 3678
MKN 2023 05 28 13 00 00 8 4.9 94.07 0 661.2 8.62 -99.9 -99.9 -99.9 -9999.9 -9999.9 -0.0621999986 37.2971992493 -999.999 3678
MKN 2023 05 28 14 00 00 12 4.8 98.92 0 661.3 7.72 -99.9 -99.9 -99.9 -9999.9 -9999.9 -0.0621999986 37.2971992493 -999.999 3678
MKN 2023 05 28 15 00 00 27 3.8 99.27 0 661.5 7.02 -99.9 -99.9 -99.9 -9999.9 -9999.9 -0.0621999986 37.2971992493 -999.999 3678
MKN 2023 05 28 16 00 00 27 1.9 99.28 0 661.6 6.33 -99.9 -99.9 -99.9 -9999.9 -9999.9 -0.0621999986 37.2971992493 -999.999 3678
MKN 2023 05 28 17 00 00 243 1.4 96.85 0 661.8 5.75 -99.9 -99.9 -99.9 -9999.9 -9999.9 -0.0621999986 37.2971992493 -999.999 3678
MKN 2023 05 28 18 00 00 270 1.7 99.3 0 661.8 5.63 -99.9 -99.9 -99.9 -9999.9 -9999.9 -0.0621999986 37.2971992493 -999.999 3678
MKN 2023 05 28 19 00 00 270 2 99.3 0 662.2 5.87 -99.9 -99.9 -99.9 -9999.9 -9999.9 -0.0621999986 37.2971992493 -999.999 3678
MKN 2023 05 28 20 00 00 270 3.2 99.3 0 662.3 5.6 -99.9 -99.9 -99.9 -9999.9 -9999.9 -0.0621999986 37.2971992493 -999.999 3678
MKN 2023 05 28 21 00 00 294 2.7 99.3 0 662.3 4.85 -99.9 -99.9 -99.9 -9999.9 -9999.9 -0.0621999986 37.2971992493 -999.999 3678
MKN 2023 05 28 22 00 00 284 1.2 99.3 0 661.9 4.72 -99.9 -99.9 -99.9 -9999.9 -9999.9 -0.0621999986 37.2971992493 -999.999 3678
MKN 2023 05 28 23 00 00 252 1 99.3 0 661.4 3.93 -99.9 -99.9 -99.9 -9999.9 -9999.9 -0.0621999986 37.2971992493 -999.999 3678
MKN 2023 05 29 00 00 00 194 1.2 98.52 0 660.9 4.17 -99.9 -99.9 -99.9 -9999.9 -9999.9 -0.0621999986 37.2971992493 -999.999 3678
MKN 2023 05 29 01 00 00 228 1.9 77.97 0 660.7 6.42 -99.9 -99.9 -99.9 -9999.9 -9999.9 -0.0621999986 37.2971992493 -999.999 3678
MKN 2023 05 29 02 00 00 172 4.8 79.45 0 660.8 6.1 -99.9 -99.9 -99.9 -9999.9 -9999.9 -0.0621999986 37.2971992493 -999.999 3678
MKN 2023 05 29 03 00 00 167 5 74.73 0 661.2 6.9 -99.9 -99.9 -99.9 -9999.9 -9999.9 -0.0621999986 37.2971992493 -999.999 3678
MKN 2023 05 29 04 00 00 161 7 68.1 0 661.3 8.38 -99.9 -99.9 -99.9 -9999.9 -9999.9 -0.0621999986 37.2971992493 -999.999 3678
MKN 2023 05 29 05 00 00 164 10.4 57.58 0 661.5 10.45 -99.9 -99.9 -99.9 -9999.9 -9999.9 -0.0621999986 37.2971992493 -999.999 3678
MKN 2023 05 29 06 00 00 168 7.1 57.17 0 662 11.43 -99.9 -99.9 -99.9 -9999.9 -9999.9 -0.0621999986 37.2971992493 -999.999 3678
MKN 2023 05 29 07 00 00 170 5.4 56.58 0 662.5 11.45 -99.9 -99.9 -99.9 -9999.9 -9999.9 -0.0621999986 37.2971992493 -999.999 3678
MKN 2023 05 29 08 00 00 173 9 85.72 0 662.5 9.6 -99.9 -99.9 -99.9 -9999.9 -9999.9 -0.0621999986 37.2971992493 -999.999 3678
MKN 2023 05 29 09 00 00 311 3 99.25 0 662.6 8.32 -99.9 -99.9 -99.9 -9999.9 -9999.9 -0.0621999986 37.2971992493 -999.999 3678
MKN 2023 05 29 10 00 00 358 3.3 65.97 0 662.4 11.72 -99.9 -99.9 -99.9 -9999.9 -9999.9 -0.0621999986 37.2971992493 -999.999 3678
MKN 2023 05 29 11 00 00 143 2.5 88.6 0 662.3 9.22 -99.9 -99.9 -99.9 -9999.9 -9999.9 -0.0621999986 37.2971992493 -999.999 3678
MKN 2023 05 29 12 00 00 343 2.6 96.38 0 662 8.52 -99.9 -99.9 -99.9 -9999.9 -9999.9 -0.0621999986 37.2971992493 -999.999 3678
MKN 2023 05 29 13 00 00 357 3.9 92.67 0 661.7 9.17 -99.9 -99.9 -99.9 -9999.9 -9999.9 -0.0621999986 37.2971992493 -999.999 3678
MKN 2023 05 29 14 00 00 357 4 99.25 0 661.7 7.63 -99.9 -99.9 -99.9 -9999.9 -9999.9 -0.0621999986 37.2971992493 -999.999 3678
MKN 2023 05 29 15 00 00 0 2.5 96.87 0 662 6.38 -99.9 -99.9 -99.9 -9999.9 -9999.9 -0.0621999986 37.2971992493 -999.999 3678
MKN 2023 05 29 16 00 00 135 2.6 98.37 0 662.2 4.95 -99.9 -99.9 -99.9 -9999.9 -9999.9 -0.0621999986 37.2971992493 -999.999 3678
MKN 2023 05 29 17 00 00 212 1.6 87.83 0 662.2 5.58 -99.9 -99.9 -99.9 -9999.9 -9999.9 -0.0621999986 37.2971992493 -999.999 3678
MKN 2023 05 29 18 00 00 209 3 79.1 0 662.3 5.87 -99.9 -99.9 -99.9 -9999.9 -9999.9 -0.0621999986 37.2971992493 -999.999 3678
MKN 2023 05 29 19 00 00 187 2.7 99.27 0 662.5 5.37 -99.9 -99.9 -99.9 -9999.9 -9999.9 -0.0621999986 37.2971992493 -999.999 3678
MKN 2023 05 29 20 00 00 238 1.9 98.32 0 662.7 4.68 -99.9 -99.9 -99.9 -9999.9 -9999.9 -0.0621999986 37.2971992493 -999.999 3678
MKN 2023 05 29 21 00 00 216 2.3 99.05 0 662.4 4.15 -99.9 -99.9 -99.9 -9999.9 -9999.9 -0.0621999986 37.2971992493 -999.999 3678
MKN 2023 05 29 22 00 00 202 2 92.87 0 662.2 4.53 -99.9 -99.9 -99.9 -9999.9 -9999.9 -0.0621999986 37.2971992493 -999.999 3678
MKN 2023 05 29 23 00 00 211 0.8 99.25 0 661.8 4.42 -99.9 -99.9 -99.9 -9999.9 -9999.9 -0.0621999986 37.2971992493 -999.999 3678
MKN 2023 05 30 00 00 00 204 2.8 85.42 0 661.6 5.28 -99.9 -99.9 -99.9 -9999.9 -9999.9 -0.0621999986 37.2971992493 -999.999 3678
MKN 2023 05 30 01 00 00 158 3.6 80.27 0 661.4 5.32 -99.9 -99.9 -99.9 -9999.9 -9999.9 -0.0621999986 37.2971992493 -999.999 3678
MKN 2023 05 30 02 00 00 167 4.4 86.75 0 661.2 4.8 -99.9 -99.9 -99.9 -9999.9 -9999.9 -0.0621999986 37.2971992493 -999.999 3678
MKN 2023 05 30 03 00 00 163 3.1 66.6 0 661.3 6.93 -99.9 -99.9 -99.9 -9999.9 -9999.9 -0.0621999986 37.2971992493 -999.999 3678
MKN 2023 05 30 04 00 00 125 8.6 62.67 0 661.4 8.85 -99.9 -99.9 -99.9 -9999.9 -9999.9 -0.0621999986 37.2971992493 -999.999 3678
MKN 2023 05 30 05 00 00 112 9 60.33 0 661.9 10.2 -99.9 -99.9 -99.9 -9999.9 -9999.9 -0.0621999986 37.2971992493 -999.999 3678
MKN 2023 05 30 06 00 00 122 9.6 59.08 0 662.4 11.03 -99.9 -99.9 -99.9 -9999.9 -9999.9 -0.0621999986 37.2971992493 -999.999 3678
MKN 2023 05 30 07 00 00 117 10.1 57.33 0 662.8 12 -99.9 -99.9 -99.9 -9999.9 -9999.9 -0.0621999986 37.2971992493 -999.999 3678
MKN 2023 05 30 08 00 00 107 8.1 56.48 0 663.2 12.35 -99.9 -99.9 -99.9 -9999.9 -9999.9 -0.0621999986 37.2971992493 -999.999 3678
MKN 2023 05 30 09 00 00 97 6.8 78.63 0 663.2 11.02 -99.9 -99.9 -99.9 -9999.9 -9999.9 -0.0621999986 37.2971992493 -999.999 3678
MKN 2023 05 30 10 00 00 29 4.1 99.3 0 663.1 8.05 -99.9 -99.9 -99.9 -9999.9 -9999.9 -0.0621999986 37.2971992493 -999.999 3678
MKN 2023 05 30 11 00 00 332 2.5 99.3 0 662.4 8.3 -99.9 -99.9 -99.9 -9999.9 -9999.9 -0.0621999986 37.2971992493 -999.999 3678
MKN 2023 05 30 12 00 00 348 4.2 98.72 0 662.3 8.75 -99.9 -99.9 -99.9 -9999.9 -9999.9 -0.0621999986 37.2971992493 -999.999 3678
MKN 2023 05 30 13 00 00 349 3.8 99.27 0 661.9 8.37 -99.9 -99.9 -99.9 -9999.9 -9999.9 -0.0621999986 37.2971992493 -999.999 3678
MKN 2023 05 30 14 00 00 10 3.8 99.23 0 662.1 8.07 -99.9 -99.9 -99.9 -9999.9 -9999.9 -0.0621999986 37.2971992493 -999.999 3678
MKN 2023 05 30 15 00 00 18 4 99.3 0 662.2 7.15 -99.9 -99.9 -99.9 -9999.9 -9999.9 -0.0621999986 37.2971992493 -999.999 3678
MKN 2023 05 30 16 00 00 48 2.1 87.95 0 662.2 5.5 -99.9 -99.9 -99.9 -9999.9 -9999.9 -0.0621999986 37.2971992493 -999.999 3678
MKN 2023 05 30 17 00 00 127 3.5 78.55 0 662.3 4.97 -99.9 -99.9 -99.9 -9999.9 -9999.9 -0.0621999986 37.2971992493 -999.999 3678
MKN 2023 05 30 18 00 00 137 2.1 82.93 0 662.6 5.12 -99.9 -99.9 -99.9 -9999.9 -9999.9 -0.0621999986 37.2971992493 -999.999 3678
MKN 2023 05 30 19 00 00 149 1.4 83.9 0 663 4.65 -99.9 -99.9 -99.9 -9999.9 -9999.9 -0.0621999986 37.2971992493 -999.999 3678
MKN 2023 05 30 20 00 00 141 5 85.63 0 663.2 5.03 -99.9 -99.9 -99.9 -9999.9 -9999.9 -0.0621999986 37.2971992493 -999.999 3678
MKN 2023 05 30 21 00 00 137 6.6 86.85 0 663 4.7 -99.9 -99.9 -99.9 -9999.9 -9999.9 -0.0621999986 37.2971992493 -999.999 3678
MKN 2023 05 30 22 00 00 132 5.3 85.3 0 662.8 4.82 -99.9 -99.9 -99.9 -9999.9 -9999.9 -0.0621999986 37.2971992493 -999.999 3678
MKN 2023 05 30 23 00 00 119 6.3 86.2 0 662.2 4.47 -99.9 -99.9 -99.9 -9999.9 -9999.9 -0.0621999986 37.2971992493 -999.999 3678
MKN 2023 05 31 00 00 00 118 5.3 85.57 0 662 4.57 -99.9 -99.9 -99.9 -9999.9 -9999.9 -0.0621999986 37.2971992493 -999.999 3678
MKN 2023 05 31 01 00 00 117 5.2 86.87 0 661.7 4.47 -99.9 -99.9 -99.9 -9999.9 -9999.9 -0.0621999986 37.2971992493 -999.999 3678
MKN 2023 05 31 02 00 00 110 5.4 87.98 0 661.7 4.65 -99.9 -99.9 -99.9 -9999.9 -9999.9 -0.0621999986 37.2971992493 -999.999 3678
MKN 2023 05 31 03 00 00 107 5 92.22 0 661.9 4.32 -99.9 -99.9 -99.9 -9999.9 -9999.9 -0.0621999986 37.2971992493 -999.999 3678
MKN 2023 05 31 04 00 00 118 5.2 79.97 0 662.3 7.3 -99.9 -99.9 -99.9 -9999.9 -9999.9 -0.0621999986 37.2971992493 -999.999 3678
MKN 2023 05 31 05 00 00 90 4.2 75.37 0 662.9 8.7 -99.9 -99.9 -99.9 -9999.9 -9999.9 -0.0621999986 37.2971992493 -999.999 3678
MKN 2023 05 31 06 00 00 69 5 66.85 0 663.4 9.73 -99.9 -99.9 -99.9 -9999.9 -9999.9 -0.0621999986 37.2971992493 -999.999 3678
MKN 2023 05 31 07 00 00 60 6.6 81.23 0 663.8 9.3 -99.9 -99.9 -99.9 -9999.9 -9999.9 -0.0621999986 37.2971992493 -999.999 3678
MKN 2023 05 31 08 00 00 26 6.7 80.58 0 664.1 9.72 -99.9 -99.9 -99.9 -9999.9 -9999.9 -0.0621999986 37.2971992493 -999.999 3678
MKN 2023 05 31 09 00 00 30 7.1 82.88 0 663.9 9.28 -99.9 -99.9 -99.9 -9999.9 -9999.9 -0.0621999986 37.2971992493 -999.999 3678
MKN 2023 05 31 10 00 00 30 7.6 83.25 0 663.4 8.73 -99.9 -99.9 -99.9 -9999.9 -9999.9 -0.0621999986 37.2971992493 -999.999 3678
MKN 2023 05 31 11 00 00 41 6.7 91.7 0 663 7.98 -99.9 -99.9 -99.9 -9999.9 -9999.9 -0.0621999986 37.2971992493 -999.999 3678
MKN 2023 05 31 12 00 00 19 3.1 98.92 0 662.5 7.35 -99.9 -99.9 -99.9 -9999.9 -9999.9 -0.0621999986 37.2971992493 -999.999 3678
MKN 2023 05 31 13 00 00 51 4.9 97.05 5.7 662.1 7.27 -99.9 -99.9 -99.9 -9999.9 -9999.9 -0.0621999986 37.2971992493 -999.999 3678
MKN 2023 05 31 14 00 00 76 4.4 88.78 0.3 661.9 8.2 -99.9 -99.9 -99.9 -9999.9 -9999.9 -0.0621999986 37.2971992493 -999.999 3678
MKN 2023 05 31 15 00 00 71 4.2 94.12 0 661.9 7.17 -99.9 -99.9 -99.9 -9999.9 -9999.9 -0.0621999986 37.2971992493 -999.999 3678
MKN 2023 05 31 16 00 00 75 2.8 91.43 0 662.2 4.37 -99.9 -99.9 -99.9 -9999.9 -9999.9 -0.0621999986 37.2971992493 -999.999 3678
MKN 2023 05 31 17 00 00 128 4 82.12 0 662.3 3.88 -99.9 -99.9 -99.9 -9999.9 -9999.9 -0.0621999986 37.2971992493 -999.999 3678
MKN 2023 05 31 18 00 00 124 2.5 71.97 0 662.6 4.47 -99.9 -99.9 -99.9 -9999.9 -9999.9 -0.0621999986 37.2971992493 -999.999 3678
MKN 2023 05 31 19 00 00 117 1.5 72.97 0 662.9 3.58 -99.9 -99.9 -99.9 -9999.9 -9999.9 -0.0621999986 37.2971992493 -999.999 3678
MKN 2023 05 31 20 00 00 113 2.4 67.45 0 662.9 4.33 -99.9 -99.9 -99.9 -9999.9 -9999.9 -0.0621999986 37.2971992493 -999.999 3678
MKN 2023 05 31 21 00 00 132 5.5 67.42 0 662.6 4.63 -99.9 -99.9 -99.9 -9999.9 -9999.9 -0.0621999986 37.2971992493 -999.999 3678
MKN 2023 05 31 22 00 00 139 4.1 65.47 0 662.5 3.18 -99.9 -99.9 -99.9 -9999.9 -9999.9 -0.0621999986 37.2971992493 -999.999 3678
MKN 2023 05 31 23 00 00 136 6 65.72 0 662 3.27 -99.9 -99.9 -99.9 -9999.9 -9999.9 -0.0621999986 37.2971992493 -999.999 3678
MKN 2023 06 01 00 00 00 127 6.3 55.12 0 661.4 4.9 -99.9 -99.9 -99.9 -9999.9 -9999.9 -0.0621999986 37.2971992493 -999.999 3678
MKN 2023 06 01 01 00 00 125 5.5 50.23 0 661.1 5.65 -99.9 -99.9 -99.9 -9999.9 -9999.9 -0.0621999986 37.2971992493 -999.999 3678
MKN 2023 06 01 02 00 00 134 6.3 53.15 0 661.1 5.55 -99.9 -99.9 -99.9 -9999.9 -9999.9 -0.0621999986 37.2971992493 -999.999 3678
MKN 2023 06 01 03 00 00 133 6.8 56.4 0 661.4 5.85 -99.9 -99.9 -99.9 -9999.9 -9999.9 -0.0621999986 37.2971992493 -999.999 3678
MKN 2023 06 01 04 00 00 130 7.3 53.92 0 661.6 8.05 -99.9 -99.9 -99.9 -9999.9 -9999.9 -0.0621999986 37.2971992493 -999.999 3678
MKN 2023 06 01 05 00 00 121 6.4 45.88 0 662 10.4 -99.9 -99.9 -99.9 -9999.9 -9999.9 -0.0621999986 37.2971992493 -999.999 3678
MKN 2023 06 01 06 00 00 99 5.7 61.98 0 662.9 10.75 -99.9 -99.9 -99.9 -9999.9 -9999.9 -0.0621999986 37.2971992493 -999.999 3678
MKN 2023 06 01 07 00 00 27 5.4 83.73 0 663.2 10.45 -99.9 -99.9 -99.9 -9999.9 -9999.9 -0.0621999986 37.2971992493 -999.999 3678
MKN 2023 06 01 08 00 00 28 8 89.4 0 663.2 10.02 -99.9 -99.9 -99.9 -9999.9 -9999.9 -0.0621999986 37.2971992493 -999.999 3678
MKN 2023 06 01 09 00 00 21 7 94.88 0 663.2 9.42 -99.9 -99.9 -99.9 -9999.9 -9999.9 -0.0621999986 37.2971992493 -999.999 3678
MKN 2023 06 01 10 00 00 20 6.3 98.28 0 662.8 9.13 -99.9 -99.9 -99.9 -9999.9 -9999.9 -0.0621999986 37.2971992493 -999.999 3678
MKN 2023 06 01 11 00 00 25 5.2 99.12 0 662.5 8.45 -99.9 -99.9 -99.9 -9999.9 -9999.9 -0.0621999986 37.2971992493 -999.999 3678
MKN 2023 06 01 12 00 00 27 6.2 99.28 0 662 8.15 -99.9 -99.9 -99.9 -9999.9 -9999.9 -0.0621999986 37.2971992493 -999.999 3678
MKN 2023 06 01 13 00 00 23 5.2 99.28 0 661.7 8.13 -99.9 -99.9 -99.9 -9999.9 -9999.9 -0.0621999986 37.2971992493 -999.999 3678
MKN 2023 06 01 14 00 00 19 3.5 99.28 0 661.5 7.77 -99.9 -99.9 -99.9 -9999.9 -9999.9 -0.0621999986 37.2971992493 -999.999 3678
MKN 2023 06 01 15 00 00 335 2.5 99.3 0 661.6 7.08 -99.9 -99.9 -99.9 -9999.9 -9999.9 -0.0621999986 37.2971992493 -999.999 3678
MKN 2023 06 01 16 00 00 260 1.3 99.3 0 661.7 6.78 -99.9 -99.9 -99.9 -9999.9 -9999.9 -0.0621999986 37.2971992493 -999.999 3678
MKN 2023 06 01 17 00 00 63 1.3 99.28 0 661.9 6.38 -99.9 -99.9 -99.9 -9999.9 -9999.9 -0.0621999986 37.2971992493 -999.999 3678
MKN 2023 06 01 18 00 00 167 0.9 99.25 0 662.1 5.78 -99.9 -99.9 -99.9 -9999.9 -9999.9 -0.0621999986 37.2971992493 -999.999 3678
MKN 2023 06 01 19 00 00 135 1.6 99.2 0 662.4 5.25 -99.9 -99.9 -99.9 -9999.9 -9999.9 -0.0621999986 37.2971992493 -999.999 3678
MKN 2023 06 01 20 00 00 195 1.7 93.6 0 662.6 5.15 -99.9 -99.9 -99.9 -9999.9 -9999.9 -0.0621999986 37.2971992493 -999.999 3678
MKN 2023 06 01 21 00 00 198 2.6 90.67 0 662.5 4.22 -99.9 -99.9 -99.9 -9999.9 -9999.9 -0.0621999986 37.2971992493 -999.999 3678
MKN 2023 06 01 22 00 00 188 1.8 95.27 0 662.1 4.65 -99.9 -99.9 -99.9 -9999.9 -9999.9 -0.0621999986 37.2971992493 -999.999 3678
MKN 2023 06 01 23 00 00 270 0.7 96.63 0 661.8 3.98 -99.9 -99.9 -99.9 -9999.9 -9999.9 -0.0621999986 37.2971992493 -999.999 3678
MKN 2023 06 02 00 00 00 194 1.3 92.57 0 661.3 3.85 -99.9 -99.9 -99.9 -9999.9 -9999.9 -0.0621999986 37.2971992493 -999.999 3678
MKN 2023 06 02 01 00 00 198 1.5 85.37 0 661.2 4.52 -99.9 -99.9 -99.9 -9999.9 -9999.9 -0.0621999986 37.2971992493 -999.999 3678
MKN 2023 06 02 02 00 00 180 2.2 80.15 0 661.3 4.8 -99.9 -99.9 -99.9 -9999.9 -9999.9 -0.0621999986 37.2971992493 -999.999 3678
MKN 2023 06 02 03 00 00 217 1.5 81.45 0 661.4 5.15 -99.9 -99.9 -99.9 -9999.9 -9999.9 -0.0621999986 37.2971992493 -999.999 3678
MKN 2023 06 02 04 00 00 117 1.2 85.1 0 661.8 6.35 -99.9 -99.9 -99.9 -9999.9 -9999.9 -0.0621999986 37.2971992493 -999.999 3678
MKN 2023 06 02 05 00 00 315 1 85.72 0 662.2 7.57 -99.9 -99.9 -99.9 -9999.9 -9999.9 -0.0621999986 37.2971992493 -999.999 3678
MKN 2023 06 02 06 00 00 319 2.3 94.93 0 662.9 7.78 -99.9 -99.9 -99.9 -9999.9 -9999.9 -0.0621999986 37.2971992493 -999.999 3678
MKN 2023 06 02 07 00 00 327 2.4 92.78 0 663.3 9.07 -99.9 -99.9 -99.9 -9999.9 -9999.9 -0.0621999986 37.2971992493 -999.999 3678
MKN 2023 06 02 08 00 00 1 4 93.73 0 663.6 9.52 -99.9 -99.9 -99.9 -9999.9 -9999.9 -0.0621999986 37.2971992493 -999.999 3678
MKN 2023 06 02 09 00 00 6 5 92 0 663.5 9.62 -99.9 -99.9 -99.9 -9999.9 -9999.9 -0.0621999986 37.2971992493 -999.999 3678
MKN 2023 06 02 10 00 00 33 7.4 90.98 0 663.1 9.12 -99.9 -99.9 -99.9 -9999.9 -9999.9 -0.0621999986 37.2971992493 -999.999 3678
MKN 2023 06 02 11 00 00 51 6.4 99.1 0.2 662.6 6.67 -99.9 -99.9 -99.9 -9999.9 -9999.9 -0.0621999986 37.2971992493 -999.999 3678
MKN 2023 06 02 12 00 00 350 4.4 98.3 3.3 662.3 6.48 -99.9 -99.9 -99.9 -9999.9 -9999.9 -0.0621999986 37.2971992493 -999.999 3678
MKN 2023 06 02 13 00 00 180 1.8 85.43 0.5 661.9 8.82 -99.9 -99.9 -99.9 -9999.9 -9999.9 -0.0621999986 37.2971992493 -999.999 3678
MKN 2023 06 02 14 00 00 337 2.8 96.28 0 662 7.7 -99.9 -99.9 -99.9 -9999.9 -9999.9 -0.0621999986 37.2971992493 -999.999 3678
MKN 2023 06 02 15 00 00 351 1.5 98.72 0 662 6.98 -99.9 -99.9 -99.9 -9999.9 -9999.9 -0.0621999986 37.2971992493 -999.999 3678
MKN 2023 06 02 16 00 00 212 1.3 98.3 0 662.1 5.55 -99.9 -99.9 -99.9 -9999.9 -9999.9 -0.0621999986 37.2971992493 -999.999 3678
MKN 2023 06 02 17 00 00 225 1 99.2 0 662.3 4.92 -99.9 -99.9 -99.9 -9999.9 -9999.9 -0.0621999986 37.2971992493 -999.999 3678
MKN 2023 06 02 18 00 00 230 1.7 97.27 0 662.5 4.6 -99.9 -99.9 -99.9 -9999.9 -9999.9 -0.0621999986 37.2971992493 -999.999 3678
MKN 2023 06 02 19 00 00 247 1.9 96.8 0 662.6 4.48 -99.9 -99.9 -99.9 -9999.9 -9999.9 -0.0621999986 37.2971992493 -999.999 3678
MKN 2023 06 02 20 00 00 238 1.7 91.95 0 662.7 4.6 -99.9 -99.9 -99.9 -9999.9 -9999.9 -0.0621999986 37.2971992493 -999.999 3678
MKN 2023 06 02 21 00 00 166 0.9 84.58 0 662.7 4.08 -99.9 -99.9 -99.9 -9999.9 -9999.9 -0.0621999986 37.2971992493 -999.999 3678
MKN 2023 06 02 22 00 00 225 1 87.15 0 662.6 4.28 -99.9 -99.9 -99.9 -9999.9 -9999.9 -0.0621999986 37.2971992493 -999.999 3678
MKN 2023 06 02 23 00 00 180 0.9 81.8 0 662.4 4.25 -99.9 -99.9 -99.9 -9999.9 -9999.9 -0.0621999986 37.2971992493 -999.999 3678
MKN 2023 06 03 00 00 00 197 1.1 78.48 0 662 4.22 -99.9 -99.9 -99.9 -9999.9 -9999.9 -0.0621999986 37.2971992493 -999.999 3678
MKN 2023 06 03 01 00 00 236 0.5 80.48 0 661.6 3.5 -99.9 -99.9 -99.9 -9999.9 -9999.9 -0.0621999986 37.2971992493 -999.999 3678
MKN 2023 06 03 02 00 00 180 0.8 81.88 0 661.4 3.25 -99.9 -99.9 -99.9 -9999.9 -9999.9 -0.0621999986 37.2971992493 -999.999 3678
MKN 2023 06 03 03 00 00 158 1.3 80 0 661.8 3.62 -99.9 -99.9 -99.9 -9999.9 -9999.9 -0.0621999986 37.2971992493 -999.999 3678
MKN 2023 06 03 04 00 00 137 2 80.53 0 662 6.12 -99.9 -99.9 -99.9 -9999.9 -9999.9 -0.0621999986 37.2971992493 -999.999 3678
MKN 2023 06 03 05 00 00 121 2.5 78.47 0 662.4 8.75 -99.9 -99.9 -99.9 -9999.9 -9999.9 -0.0621999986 37.2971992493 -999.999 3678
MKN 2023 06 03 06 00 00 48 3.2 75.87 0 663.1 9.75 -99.9 -99.9 -99.9 -9999.9 -9999.9 -0.0621999986 37.2971992493 -999.999 3678
MKN 2023 06 03 07 00 00 48 4.6 93.7 0 663.4 9.47 -99.9 -99.9 -99.9 -9999.9 -9999.9 -0.0621999986 37.2971992493 -999.999 3678
MKN 2023 06 03 08 00 00 12 6.1 99.28 0 663.4 8.25 -99.9 -99.9 -99.9 -9999.9 -9999.9 -0.0621999986 37.2971992493 -999.999 3678
MKN 2023 06 03 09 00 00 8 6.5 95.35 0 663.3 9.13 -99.9 -99.9 -99.9 -9999.9 -9999.9 -0.0621999986 37.2971992493 -999.999 3678
MKN 2023 06 03 10 00 00 10 4.7 96.58 0 663.1 8.17 -99.9 -99.9 -99.9 -9999.9 -9999.9 -0.0621999986 37.2971992493 -999.999 3678
MKN 2023 06 03 11 00 00 35 5 97.05 2.6 662.9 6.97 -99.9 -99.9 -99.9 -9999.9 -9999.9 -0.0621999986 37.2971992493 -999.999 3678
MKN 2023 06 03 12 00 00 104 3 93.98 2.1 662.4 7.7 -99.9 -99.9 -99.9 -9999.9 -9999.9 -0.0621999986 37.2971992493 -999.999 3678
MKN 2023 06 03 13 00 00 71 3.4 88.77 0 662.1 7.53 -99.9 -99.9 -99.9 -9999.9 -9999.9 -0.0621999986 37.2971992493 -999.999 3678
MKN 2023 06 03 14 00 00 93 2.8 79.27 0 662 8.38 -99.9 -99.9 -99.9 -9999.9 -9999.9 -0.0621999986 37.2971992493 -999.999 3678
MKN 2023 06 03 15 00 00 59 1.3 90.73 0 662.1 7.2 -99.9 -99.9 -99.9 -9999.9 -9999.9 -0.0621999986 37.2971992493 -999.999 3678
MKN 2023 06 03 16 00 00 166 1.4 94.58 0 662.2 4.77 -99.9 -99.9 -99.9 -9999.9 -9999.9 -0.0621999986 37.2971992493 -999.999 3678
MKN 2023 06 03 17 00 00 167 1.9 83.28 0 662.1 5.02 -99.9 -99.9 -99.9 -9999.9 -9999.9 -0.0621999986 37.2971992493 -999.999 3678
MKN 2023 06 03 18 00 00 138 1.5 74.93 0 662.4 4.62 -99.9 -99.9 -99.9 -9999.9 -9999.9 -0.0621999986 37.2971992493 -999.999 3678
MKN 2023 06 03 19 00 00 113 2.6 69.23 0 662.7 4.12 -99.9 -99.9 -99.9 -9999.9 -9999.9 -0.0621999986 37.2971992493 -999.999 3678
MKN 2023 06 03 20 00 00 117 3.3 63.03 0 662.8 4.13 -99.9 -99.9 -99.9 -9999.9 -9999.9 -0.0621999986 37.2971992493 -999.999 3678
MKN 2023 06 03 21 00 00 119 4.9 58.62 0 662.7 3.97 -99.9 -99.9 -99.9 -9999.9 -9999.9 -0.0621999986 37.2971992493 -999.999 3678
MKN 2023 06 03 22 00 00 127 5 48.88 0 662.4 4.63 -99.9 -99.9 -99.9 -9999.9 -9999.9 -0.0621999986 37.2971992493 -999.999 3678
MKN 2023 06 03 23 00 00 120 4.9 45.98 0 661.9 4.73 -99.9 -99.9 -99.9 -9999.9 -9999.9 -0.0621999986 37.2971992493 -999.999 3678
MKN 2023 06 04 00 00 00 116 5 47.33 0 661.5 4.63 -99.9 -99.9 -99.9 -9999.9 -9999.9 -0.0621999986 37.2971992493 -999.999 3678
MKN 2023 06 04 01 00 00 116 4.4 48.38 0 661.3 4.42 -99.9 -99.9 -99.9 -9999.9 -9999.9 -0.0621999986 37.2971992493 -999.999 3678
MKN 2023 06 04 02 00 00 118 5 44.13 0 661.3 5.07 -99.9 -99.9 -99.9 -9999.9 -9999.9 -0.0621999986 37.2971992493 -999.999 3678
MKN 2023 06 04 03 00 00 118 4.8 47.97 0 661.6 5.02 -99.9 -99.9 -99.9 -9999.9 -9999.9 -0.0621999986 37.2971992493 -999.999 3678
MKN 2023 06 04 04 00 00 118 4.9 36.7 0 661.7 8.62 -99.9 -99.9 -99.9 -9999.9 -9999.9 -0.0621999986 37.2971992493 -999.999 3678
MKN 2023 06 04 05 00 00 98 3.7 40.25 0 662.2 10.2 -99.9 -99.9 -99.9 -9999.9 -9999.9 -0.0621999986 37.2971992493 -999.999 3678
MKN 2023 06 04 06 00 00 82 4.3 58.52 0 662.9 10.38 -99.9 -99.9 -99.9 -9999.9 -9999.9 -0.0621999986 37.2971992493 -999.999 3678
MKN 2023 06 04 07 00 00 18 5.8 87.25 0 663.2 10.43 -99.9 -99.9 -99.9 -9999.9 -9999.9 -0.0621999986 37.2971992493 -999.999 3678
MKN 2023 06 04 08 00 00 335 4.6 96.57 0 663.3 9.17 -99.9 -99.9 -99.9 -9999.9 -9999.9 -0.0621999986 37.2971992493 -999.999 3678
MKN 2023 06 04 09 00 00 359 5.2 94.07 0 663.2 9.42 -99.9 -99.9 -99.9 -9999.9 -9999.9 -0.0621999986 37.2971992493 -999.999 3678
MKN 2023 06 04 10 00 00 15 4.8 98.58 0 663 8.23 -99.9 -99.9 -99.9 -9999.9 -9999.9 -0.0621999986 37.2971992493 -999.999 3678
MKN 2023 06 04 11 00 00 29 4.7 99.28 0 662.6 7.82 -99.9 -99.9 -99.9 -9999.9 -9999.9 -0.0621999986 37.2971992493 -999.999 3678
MKN 2023 06 04 12 00 00 13 5.4 99.3 0.5 662 7.35 -99.9 -99.9 -99.9 -9999.9 -9999.9 -0.0621999986 37.2971992493 -999.999 3678
MKN 2023 06 04 13 00 00 17 3.7 99.3 0.1 661.8 7.28 -99.9 -99.9 -99.9 -9999.9 -9999.9 -0.0621999986 37.2971992493 -999.999 3678
MKN 2023 06 04 14 00 00 343 3 99.25 0 661.6 7.23 -99.9 -99.9 -99.9 -9999.9 -9999.9 -0.0621999986 37.2971992493 -999.999 3678
MKN 2023 06 04 15 00 00 300 2.6 99.3 0.8 661.6 6.82 -99.9 -99.9 -99.9 -9999.9 -9999.9 -0.0621999986 37.2971992493 -999.999 3678
MKN 2023 06 04 16 00 00 329 2.9 99.3 0 661.8 6.1 -99.9 -99.9 -99.9 -9999.9 -9999.9 -0.0621999986 37.2971992493 -999.999 3678
MKN 2023 06 04 17 00 00 188 1.9 99.3 0 662 4.75 -99.9 -99.9 -99.9 -9999.9 -9999.9 -0.0621999986 37.2971992493 -999.999 3678
MKN 2023 06 04 18 00 00 180 1.4 99.28 0 661.9 4.53 -99.9 -99.9 -99.9 -9999.9 -9999.9 -0.0621999986 37.2971992493 -999.999 3678
MKN 2023 06 04 19 00 00 162 2.2 94.63 0 662.4 4.12 -99.9 -99.9 -99.9 -9999.9 -9999.9 -0.0621999986 37.2971992493 -999.999 3678
MKN 2023 06 04 20 00 00 172 1.1 98.43 0 662.3 3.87 -99.9 -99.9 -99.9 -9999.9 -9999.9 -0.0621999986 37.2971992493 -999.999 3678
MKN 2023 06 04 21 00 00 188 1.4 94.52 0 662.2 3.22 -99.9 -99.9 -99.9 -9999.9 -9999.9 -0.0621999986 37.2971992493 -999.999 3678
MKN 2023 06 04 22 00 00 111 2.4 87.67 0 661.9 4.28 -99.9 -99.9 -99.9 -9999.9 -9999.9 -0.0621999986 37.2971992493 -999.999 3678
MKN 2023 06 04 23 00 00 145 2.2 87.78 0 661.7 4.05 -99.9 -99.9 -99.9 -9999.9 -9999.9 -0.0621999986 37.2971992493 -999.999 3678
MKN 2023 06 05 00 00 00 137 6.6 83.48 0 661.3 4.18 -99.9 -99.9 -99.9 -9999.9 -9999.9 -0.0621999986 37.2971992493 -999.999 3678
MKN 2023 06 05 01 00 00 133 4.8 83.55 0 661.3 3.55 -99.9 -99.9 -99.9 -9999.9 -9999.9 -0.0621999986 37.2971992493 -999.999 3678
MKN 2023 06 05 02 00 00 134 4.3 81.28 0 661.4 2.68 -99.9 -99.9 -99.9 -9999.9 -9999.9 -0.0621999986 37.2971992493 -999.999 3678
MKN 2023 06 05 03 00 00 135 2.9 79.75 0 661.8 3.05 -99.9 -99.9 -99.9 -9999.9 -9999.9 -0.0621999986 37.2971992493 -999.999 3678
MKN 2023 06 05 04 00 00 137 3.9 66.7 0 662.1 6.88 -99.9 -99.9 -99.9 -9999.9 -9999.9 -0.0621999986 37.2971992493 -999.999 3678
MKN 2023 06 05 05 00 00 97 2.8 78.67 0 662.8 7.43 -99.9 -99.9 -99.9 -9999.9 -9999.9 -0.0621999986 37.2971992493 -999.999 3678
MKN 2023 06 05 06 00 00 291 2.9 83.95 0 663.3 7.83 -99.9 -99.9 -99.9 -9999.9 -9999.9 -0.0621999986 37.2971992493 -999.999 3678
MKN 2023 06 05 07 00 00 304 3 89.48 0 663.6 8.58 -99.9 -99.9 -99.9 -9999.9 -9999.9 -0.0621999986 37.2971992493 -999.999 3678
MKN 2023 06 05 08 00 00 310 3.8 94.48 0 663.8 7.98 -99.9 -99.9 -99.9 -9999.9 -9999.9 -0.0621999986 37.2971992493 -999.999 3678
MKN 2023 06 05 09 00 00 319 3 99.13 0 663.7 7.55 -99.9 -99.9 -99.9 -9999.9 -9999.9 -0.0621999986 37.2971992493 -999.999 3678
MKN 2023 06 05 10 00 00 330 3.2 95.93 0 663.2 8.12 -99.9 -99.9 -99.9 -9999.9 -9999.9 -0.0621999986 37.2971992493 -999.999 3678
MKN 2023 06 05 11 00 00 343 2.9 99.28 0.3 662.9 7.62 -99.9 -99.9 -99.9 -9999.9 -9999.9 -0.0621999986 37.2971992493 -999.999 3678
MKN 2023 06 05 12 00 00 295 1.8 99.3 1 662.5 7.67 -99.9 -99.9 -99.9 -9999.9 -9999.9 -0.0621999986 37.2971992493 -999.999 3678
MKN 2023 06 05 13 00 00 267 3.4 99.3 0 662 7.45 -99.9 -99.9 -99.9 -9999.9 -9999.9 -0.0621999986 37.2971992493 -999.999 3678
MKN 2023 06 05 14 00 00 275 2.5 96.78 0 661.9 7.5 -99.9 -99.9 -99.9 -9999.9 -9999.9 -0.0621999986 37.2971992493 -999.999 3678
MKN 2023 06 05 15 00 00 90 1.5 99.3 0 661.9 7.05 -99.9 -99.9 -99.9 -9999.9 -9999.9 -0.0621999986 37.2971992493 -999.999 3678
MKN 2023 06 05 16 00 00 323 1 99.27 0 662.1 6.05 -99.9 -99.9 -99.9 -9999.9 -9999.9 -0.0621999986 37.2971992493 -999.999 3678
MKN 2023 06 05 17 00 00 135 0.8 98.32 0 662.1 3.98 -99.9 -99.9 -99.9 -9999.9 -9999.9 -0.0621999986 37.2971992493 -999.999 3678
MKN 2023 06 05 18 00 00 126 1.9 91.17 0 662.4 4.42 -99.9 -99.9 -99.9 -9999.9 -9999.9 -0.0621999986 37.2971992493 -999.999 3678
MKN 2023 06 05 19 00 00 113 1.3 91.23 0 662.6 4.12 -99.9 -99.9 -99.9 -9999.9 -9999.9 -0.0621999986 37.2971992493 -999.999 3678
MKN 2023 06 05 20 00 00 119 1.3 89.45 0 662.6 3.88 -99.9 -99.9 -99.9 -9999.9 -9999.9 -0.0621999986 37.2971992493 -999.999 3678
MKN 2023 06 05 21 00 00 96 1 79.85 0 662.4 3.83 -99.9 -99.9 -99.9 -9999.9 -9999.9 -0.0621999986 37.2971992493 -999.999 3678
MKN 2023 06 05 22 00 00 177 2.3 61.43 0 662.3 4.08 -99.9 -99.9 -99.9 -9999.9 -9999.9 -0.0621999986 37.2971992493 -999.999 3678
MKN 2023 06 05 23 00 00 193 3.8 70.33 0 662 4.38 -99.9 -99.9 -99.9 -9999.9 -9999.9 -0.0621999986 37.2971992493 -999.999 3678
MKN 2023 06 06 00 00 00 238 1.1 74.53 0 661.8 3.57 -99.9 -99.9 -99.9 -9999.9 -9999.9 -0.0621999986 37.2971992493 -999.999 3678
MKN 2023 06 06 01 00 00 193 3.1 61.03 0 661.8 4.28 -99.9 -99.9 -99.9 -9999.9 -9999.9 -0.0621999986 37.2971992493 -999.999 3678
MKN 2023 06 06 02 00 00 197 2.9 53.45 0 661.7 4.8 -99.9 -99.9 -99.9 -9999.9 -9999.9 -0.0621999986 37.2971992493 -999.999 3678
MKN 2023 06 06 03 00 00 207 1.9 55.62 0 662 4.18 -99.9 -99.9 -99.9 -9999.9 -9999.9 -0.0621999986 37.2971992493 -999.999 3678
MKN 2023 06 06 04 00 00 225 1.3 53.22 0 662.4 6.88 -99.9 -99.9 -99.9 -9999.9 -9999.9 -0.0621999986 37.2971992493 -999.999 3678
MKN 2023 06 06 05 00 00 254 1.3 56.67 0 662.9 7.92 -99.9 -99.9 -99.9 -9999.9 -9999.9 -0.0621999986 37.2971992493 -999.999 3678
MKN 2023 06 06 06 00 00 304 1.9 63.1 0 663.5 8.32 -99.9 -99.9 -99.9 -9999.9 -9999.9 -0.0621999986 37.2971992493 -999.999 3678
MKN 2023 06 06 07 00 00 302 2.5 72.9 0 664 8.72 -99.9 -99.9 -99.9 -9999.9 -9999.9 -0.0621999986 37.2971992493 -999.999 3678
MKN 2023 06 06 08 00 00 311 3.5 92.17 0 664.1 8.22 -99.9 -99.9 -99.9 -9999.9 -9999.9 -0.0621999986 37.2971992493 -999.999 3678
MKN 2023 06 06 09 00 00 319 3.3 97.42 0 663.9 7.83 -99.9 -99.9 -99.9 -9999.9 -9999.9 -0.0621999986 37.2971992493 -999.999 3678
MKN 2023 06 06 10 00 00 336 2.5 99.3 0 663.5 6.78 -99.9 -99.9 -99.9 -9999.9 -9999.9 -0.0621999986 37.2971992493 -999.999 3678
MKN 2023 06 06 11 00 00 302 2.8 99.28 0.9 663.2 7 -99.9 -99.9 -99.9 -9999.9 -9999.9 -0.0621999986 37.2971992493 -999.999 3678
MKN 2023 06 06 12 00 00 342 2.8 99.28 4.9 662.8 7.53 -99.9 -99.9 -99.9 -9999.9 -9999.9 -0.0621999986 37.2971992493 -999.999 3678
MKN 2023 06 06 13 00 00 305 2 98.2 0 662.4 7.35 -99.9 -99.9 -99.9 -9999.9 -9999.9 -0.0621999986 37.2971992493 -999.999 3678
MKN 2023 06 06 14 00 00 289 1.9 89.07 0 662.2 7.75 -99.9 -99.9 -99.9 -9999.9 -9999.9 -0.0621999986 37.2971992493 -999.999 3678
MKN 2023 06 06 15 00 00 249 2.7 84.12 0 662.2 6.22 -99.9 -99.9 -99.9 -9999.9 -9999.9 -0.0621999986 37.2971992493 -999.999 3678
MKN 2023 06 06 16 00 00 225 1.4 85.67 0 662.3 5.02 -99.9 -99.9 -99.9 -9999.9 -9999.9 -0.0621999986 37.2971992493 -999.999 3678
MKN 2023 06 06 17 00 00 228 1.3 78.12 0 662.6 4.58 -99.9 -99.9 -99.9 -9999.9 -9999.9 -0.0621999986 37.2971992493 -999.999 3678
MKN 2023 06 06 18 00 00 209 2.4 76.88 0 662.8 3.9 -99.9 -99.9 -99.9 -9999.9 -9999.9 -0.0621999986 37.2971992493 -999.999 3678
MKN 2023 06 06 19 00 00 169 1.4 65.95 0 662.9 5.8 -99.9 -99.9 -99.9 -9999.9 -9999.9 -0.0621999986 37.2971992493 -999.999 3678
MKN 2023 06 06 20 00 00 270 0.7 68.42 0 663 4.36 -99.9 -99.9 -99.9 -9999.9 -9999.9 -0.0621999986 37.2971992493 -999.999 3678
MKN 2023 06 06 21 00 00 166 2.5 68.22 0 663 2.87 -99.9 -99.9 -99.9 -9999.9 -9999.9 -0.0621999986 37.2971992493 -999.999 3678
MKN 2023 06 06 22 00 00 149 4.4 54.27 0 662.6 4.68 -99.9 -99.9 -99.9 -9999.9 -9999.9 -0.0621999986 37.2971992493 -999.999 3678
MKN 2023 06 06 23 00 00 219 1.5 52.32 0 662.3 4.17 -99.9 -99.9 -99.9 -9999.9 -9999.9 -0.0621999986 37.2971992493 -999.999 3678
MKN 2023 06 07 00 00 00 192 1.6 52.43 0 661.9 4.05 -99.9 -99.9 -99.9 -9999.9 -9999.9 -0.0621999986 37.2971992493 -999.999 3678
MKN 2023 06 07 01 00 00 218 1.2 59.98 0 661.9 3.6 -99.9 -99.9 -99.9 -9999.9 -9999.9 -0.0621999986 37.2971992493 -999.999 3678
MKN 2023 06 07 02 00 00 201 1.9 63.48 0 661.8 3.1 -99.9 -99.9 -99.9 -9999.9 -9999.9 -0.0621999986 37.2971992493 -999.999 3678
MKN 2023 06 07 03 00 00 195 2.3 69.78 0 662.1 2.77 -99.9 -99.9 -99.9 -9999.9 -9999.9 -0.0621999986 37.2971992493 -999.999 3678
MKN 2023 06 07 04 00 00 195 1.1 82.75 0 662.4 5.08 -99.9 -99.9 -99.9 -9999.9 -9999.9 -0.0621999986 37.2971992493 -999.999 3678
MKN 2023 06 07 05 00 00 198 1.3 80.32 0 662.8 7.27 -99.9 -99.9 -99.9 -9999.9 -9999.9 -0.0621999986 37.2971992493 -999.999 3678
MKN 2023 06 07 06 00 00 310 2.3 75.67 0 663.3 8.08 -99.9 -99.9 -99.9 -9999.9 -9999.9 -0.0621999986 37.2971992493 -999.999 3678
MKN 2023 06 07 07 00 00 296 3.4 66.6 0 663.6 8.75 -99.9 -99.9 -99.9 -9999.9 -9999.9 -0.0621999986 37.2971992493 -999.999 3678
MKN 2023 06 07 08 00 00 294 3.2 64.97 0 663.8 9.45 -99.9 -99.9 -99.9 -9999.9 -9999.9 -0.0621999986 37.2971992493 -999.999 3678
MKN 2023 06 07 09 00 00 297 3.1 77.5 0 663.7 8.57 -99.9 -99.9 -99.9 -9999.9 -9999.9 -0.0621999986 37.2971992493 -999.999 3678
MKN 2023 06 07 10 00 00 313 3.6 85.23 0 663.5 8.3 -99.9 -99.9 -99.9 -9999.9 -9999.9 -0.0621999986 37.2971992493 -999.999 3678
MKN 2023 06 07 11 00 00 0 2.9 86.82 0 663.2 8.75 -99.9 -99.9 -99.9 -9999.9 -9999.9 -0.0621999986 37.2971992493 -999.999 3678
MKN 2023 06 07 12 00 00 359 4.2 83.5 0 662.9 8.77 -99.9 -99.9 -99.9 -9999.9 -9999.9 -0.0621999986 37.2971992493 -999.999 3678
MKN 2023 06 07 13 00 00 22 2.8 69.52 0 662.7 9.6 -99.9 -99.9 -99.9 -9999.9 -9999.9 -0.0621999986 37.2971992493 -999.999 3678
MKN 2023 06 07 14 00 00 0 3.3 80.13 0 662.7 7.9 -99.9 -99.9 -99.9 -9999.9 -9999.9 -0.0621999986 37.2971992493 -999.999 3678
MKN 2023 06 07 15 00 00 225 1.5 92.58 0 662.6 7.25 -99.9 -99.9 -99.9 -9999.9 -9999.9 -0.0621999986 37.2971992493 -999.999 3678
MKN 2023 06 07 16 00 00 293 3.5 99.28 0 662.5 6.28 -99.9 -99.9 -99.9 -9999.9 -9999.9 -0.0621999986 37.2971992493 -999.999 3678
MKN 2023 06 07 17 00 00 213 2.1 88.93 0 662.5 5.22 -99.9 -99.9 -99.9 -9999.9 -9999.9 -0.0621999986 37.2971992493 -999.999 3678
MKN 2023 06 07 18 00 00 206 3.6 82 0 662.7 4.87 -99.9 -99.9 -99.9 -9999.9 -9999.9 -0.0621999986 37.2971992493 -999.999 3678
MKN 2023 06 07 19 00 00 186 2.8 61.37 0 663.1 4.77 -99.9 -99.9 -99.9 -9999.9 -9999.9 -0.0621999986 37.2971992493 -999.999 3678
MKN 2023 06 07 20 00 00 189 2.5 67.37 0 663.2 4.62 -99.9 -99.9 -99.9 -9999.9 -9999.9 -0.0621999986 37.2971992493 -999.999 3678
MKN 2023 06 07 21 00 00 192 1.7 65.17 0 663.1 4.38 -99.9 -99.9 -99.9 -9999.9 -9999.9 -0.0621999986 37.2971992493 -999.999 3678
MKN 2023 06 07 22 00 00 169 1.1 50.85 0 662.9 5.17 -99.9 -99.9 -99.9 -9999.9 -9999.9 -0.0621999986 37.2971992493 -999.999 3678
MKN 2023 06 07 23 00 00 243 1 73.63 0 662.7 4.17 -99.9 -99.9 -99.9 -9999.9 -9999.9 -0.0621999986 37.2971992493 -999.999 3678
MKN 2023 06 08 00 00 00 175 3.3 53.6 0 662.3 4.25 -99.9 -99.9 -99.9 -9999.9 -9999.9 -0.0621999986 37.2971992493 -999.999 3678
MKN 2023 06 08 01 00 00 106 3 60.78 0 662.2 3.05 -99.9 -99.9 -99.9 -9999.9 -9999.9 -0.0621999986 37.2971992493 -999.999 3678
MKN 2023 06 08 02 00 00 123 1.9 63.57 0 662.3 3.23 -99.9 -99.9 -99.9 -9999.9 -9999.9 -0.0621999986 37.2971992493 -999.999 3678
MKN 2023 06 08 03 00 00 106 3 68.4 0 662.5 3.5 -99.9 -99.9 -99.9 -9999.9 -9999.9 -0.0621999986 37.2971992493 -999.999 3678
MKN 2023 06 08 04 00 00 120 4 60.98 0 662.8 6.65 -99.9 -99.9 -99.9 -9999.9 -9999.9 -0.0621999986 37.2971992493 -999.999 3678
MKN 2023 06 08 05 00 00 69 2.3 46.75 0 663.4 9.55 -99.9 -99.9 -99.9 -9999.9 -9999.9 -0.0621999986 37.2971992493 -999.999 3678
MKN 2023 06 08 06 00 00 69 4.7 46.15 0 663.9 10.27 -99.9 -99.9 -99.9 -9999.9 -9999.9 -0.0621999986 37.2971992493 -999.999 3678
MKN 2023 06 08 07 00 00 32 5.3 61.82 0 664 10.22 -99.9 -99.9 -99.9 -9999.9 -9999.9 -0.0621999986 37.2971992493 -999.999 3678
MKN 2023 06 08 08 00 00 11 5.4 70.15 0 664.2 10.38 -99.9 -99.9 -99.9 -9999.9 -9999.9 -0.0621999986 37.2971992493 -999.999 3678
MKN 2023 06 08 09 00 00 6 5.1 75.75 0 664.2 10.9 -99.9 -99.9 -99.9 -9999.9 -9999.9 -0.0621999986 37.2971992493 -999.999 3678
MKN 2023 06 08 10 00 00 0 6.1 71.27 0 663.9 10.68 -99.9 -99.9 -99.9 -9999.9 -9999.9 -0.0621999986 37.2971992493 -999.999 3678
MKN 2023 06 08 11 00 00 10 7.1 67.68 0 663.5 10.48 -99.9 -99.9 -99.9 -9999.9 -9999.9 -0.0621999986 37.2971992493 -999.999 3678
MKN 2023 06 08 12 00 00 10 5.6 59.73 0 663.1 11.62 -99.9 -99.9 -99.9 -9999.9 -9999.9 -0.0621999986 37.2971992493 -999.999 3678
MKN 2023 06 08 13 00 00 4 5.8 51.28 0 662.8 11.85 -99.9 -99.9 -99.9 -9999.9 -9999.9 -0.0621999986 37.2971992493 -999.999 3678
MKN 2023 06 08 14 00 00 8 4.6 71.18 0 662.7 9.3 -99.9 -99.9 -99.9 -9999.9 -9999.9 -0.0621999986 37.2971992493 -999.999 3678
MKN 2023 06 08 15 00 00 39 3.6 78.45 0 662.7 8.63 -99.9 -99.9 -99.9 -9999.9 -9999.9 -0.0621999986 37.2971992493 -999.999 3678
MKN 2023 06 08 16 00 00 56 2.5 83.77 0 662.8 5.4 -99.9 -99.9 -99.9 -9999.9 -9999.9 -0.0621999986 37.2971992493 -999.999 3678
MKN 2023 06 08 17 00 00 169 1.1 75.53 0 662.9 5.07 -99.9 -99.9 -99.9 -9999.9 -9999.9 -0.0621999986 37.2971992493 -999.999 3678
MKN 2023 06 08 18 00 00 192 3.1 76.22 0 663.1 4.45 -99.9 -99.9 -99.9 -9999.9 -9999.9 -0.0621999986 37.2971992493 -999.999 3678
MKN 2023 06 08 19 00 00 185 1.4 67.8 0 663.3 4.85 -99.9 -99.9 -99.9 -9999.9 -9999.9 -0.0621999986 37.2971992493 -999.999 3678
MKN 2023 06 08 20 00 00 127 1.7 70.23 0 663.4 4.67 -99.9 -99.9 -99.9 -9999.9 -9999.9 -0.0621999986 37.2971992493 -999.999 3678
MKN 2023 06 08 21 00 00 117 5.4 64.15 0 663.2 6 -99.9 -99.9 -99.9 -9999.9 -9999.9 -0.0621999986 37.2971992493 -999.999 3678
MKN 2023 06 08 22 00 00 112 4.6 60.12 0 662.8 5.57 -99.9 -99.9 -99.9 -9999.9 -9999.9 -0.0621999986 37.2971992493 -999.999 3678
MKN 2023 06 08 23 00 00 111 4.4 56.05 0 662.5 5.35 -99.9 -99.9 -99.9 -9999.9 -9999.9 -0.0621999986 37.2971992493 -999.999 3678
MKN 2023 06 09 00 00 00 115 5.3 50.37 0 662.2 5.43 -99.9 -99.9 -99.9 -9999.9 -9999.9 -0.0621999986 37.2971992493 -999.999 3678
MKN 2023 06 09 01 00 00 120 6.7 46.13 0 662 5.42 -99.9 -99.9 -99.9 -9999.9 -9999.9 -0.0621999986 37.2971992493 -999.999 3678
MKN 2023 06 09 02 00 00 115 6.3 50.52 0 662.1 5.22 -99.9 -99.9 -99.9 -9999.9 -9999.9 -0.0621999986 37.2971992493 -999.999 3678
MKN 2023 06 09 03 00 00 115 6.3 47.13 0 662.2 5.52 -99.9 -99.9 -99.9 -9999.9 -9999.9 -0.0621999986 37.2971992493 -999.999 3678
MKN 2023 06 09 04 00 00 116 7.8 46.83 0 662.3 7.3 -99.9 -99.9 -99.9 -9999.9 -9999.9 -0.0621999986 37.2971992493 -999.999 3678
MKN 2023 06 09 05 00 00 101 7 44.32 0 662.7 9.17 -99.9 -99.9 -99.9 -9999.9 -9999.9 -0.0621999986 37.2971992493 -999.999 3678
MKN 2023 06 09 06 00 00 70 8.1 46.02 0 663.1 10.47 -99.9 -99.9 -99.9 -9999.9 -9999.9 -0.0621999986 37.2971992493 -999.999 3678
MKN 2023 06 09 07 00 00 63 7.5 46.53 0 663.3 11.28 -99.9 -99.9 -99.9 -9999.9 -9999.9 -0.0621999986 37.2971992493 -999.999 3678
MKN 2023 06 09 08 00 00 55 6.9 52.1 0 663.4 11.77 -99.9 -99.9 -99.9 -9999.9 -9999.9 -0.0621999986 37.2971992493 -999.999 3678
MKN 2023 06 09 09 00 00 33 7.7 56.17 0 663.2 11.98 -99.9 -99.9 -99.9 -9999.9 -9999.9 -0.0621999986 37.2971992493 -999.999 3678
MKN 2023 06 09 10 00 00 30 8.1 61.02 0 662.9 11.63 -99.9 -99.9 -99.9 -9999.9 -9999.9 -0.0621999986 37.2971992493 -999.999 3678
MKN 2023 06 09 11 00 00 14 8 64.28 0 662.6 10.62 -99.9 -99.9 -99.9 -9999.9 -9999.9 -0.0621999986 37.2971992493 -999.999 3678
MKN 2023 06 09 12 00 00 14 7.1 71.65 0 662.2 10 -99.9 -99.9 -99.9 -9999.9 -9999.9 -0.0621999986 37.2971992493 -999.999 3678
MKN 2023 06 09 13 00 00 29 6.3 88.27 0 662.1 8.13 -99.9 -99.9 -99.9 -9999.9 -9999.9 -0.0621999986 37.2971992493 -999.999 3678
MKN 2023 06 09 14 00 00 70 3.8 73.25 0 662 7.77 -99.9 -99.9 -99.9 -9999.9 -9999.9 -0.0621999986 37.2971992493 -999.999 3678
MKN 2023 06 09 15 00 00 84 3.7 72.65 0 661.9 6.88 -99.9 -99.9 -99.9 -9999.9 -9999.9 -0.0621999986 37.2971992493 -999.999 3678
MKN 2023 06 09 16 00 00 101 2.2 77.53 0 662.1 5.02 -99.9 -99.9 -99.9 -9999.9 -9999.9 -0.0621999986 37.2971992493 -999.999 3678
MKN 2023 06 09 17 00 00 117 1.9 79.55 0 662.2 3.52 -99.9 -99.9 -99.9 -9999.9 -9999.9 -0.0621999986 37.2971992493 -999.999 3678
MKN 2023 06 09 18 00 00 107 1.1 70.68 0 662.4 3.47 -99.9 -99.9 -99.9 -9999.9 -9999.9 -0.0621999986 37.2971992493 -999.999 3678
MKN 2023 06 09 19 00 00 135 1.5 71.23 0 662.7 2.92 -99.9 -99.9 -99.9 -9999.9 -9999.9 -0.0621999986 37.2971992493 -999.999 3678
MKN 2023 06 09 20 00 00 190 2.3 76.82 0 662.7 4.23 -99.9 -99.9 -99.9 -9999.9 -9999.9 -0.0621999986 37.2971992493 -999.999 3678
MKN 2023 06 09 21 00 00 188 3 66.42 0 662.4 5.18 -99.9 -99.9 -99.9 -9999.9 -9999.9 -0.0621999986 37.2971992493 -999.999 3678
MKN 2023 06 09 22 00 00 198 1 70.13 0 662.2 3.93 -99.9 -99.9 -99.9 -9999.9 -9999.9 -0.0621999986 37.2971992493 -999.999 3678
MKN 2023 06 09 23 00 00 135 2.3 70.27 0 661.9 4.25 -99.9 -99.9 -99.9 -9999.9 -9999.9 -0.0621999986 37.2971992493 -999.999 3678
MKN 2023 06 10 00 00 00 119 1.8 74.02 0 661.7 3.52 -99.9 -99.9 -99.9 -9999.9 -9999.9 -0.0621999986 37.2971992493 -999.999 3678
MKN 2023 06 10 01 00 00 129 2 78.35 0 661.6 3.22 -99.9 -99.9 -99.9 -9999.9 -9999.9 -0.0621999986 37.2971992493 -999.999 3678
MKN 2023 06 10 02 00 00 115 2.7 71.32 0 661.8 3.1 -99.9 -99.9 -99.9 -9999.9 -9999.9 -0.0621999986 37.2971992493 -999.999 3678
MKN 2023 06 10 03 00 00 123 2.4 70.45 0 662 2.8 -99.9 -99.9 -99.9 -9999.9 -9999.9 -0.0621999986 37.2971992493 -999.999 3678
MKN 2023 06 10 04 00 00 118 3 54.77 0 662.2 6.38 -99.9 -99.9 -99.9 -9999.9 -9999.9 -0.0621999986 37.2971992493 -999.999 3678
MKN 2023 06 10 05 00 00 82 2.4 50.05 0 662.7 9.28 -99.9 -99.9 -99.9 -9999.9 -9999.9 -0.0621999986 37.2971992493 -999.999 3678
MKN 2023 06 10 06 00 00 20 3.1 53.45 0 663.2 10.3 -99.9 -99.9 -99.9 -9999.9 -9999.9 -0.0621999986 37.2971992493 -999.999 3678
MKN 2023 06 10 07 00 00 19 3.7 64.5 0 663.6 10.4 -99.9 -99.9 -99.9 -9999.9 -9999.9 -0.0621999986 37.2971992493 -999.999 3678
MKN 2023 06 10 08 00 00 358 6.1 78.95 0 663.8 9.35 -99.9 -99.9 -99.9 -9999.9 -9999.9 -0.0621999986 37.2971992493 -999.999 3678
MKN 2023 06 10 09 00 00 2 4.4 80.92 0 663.6 9.3 -99.9 -99.9 -99.9 -9999.9 -9999.9 -0.0621999986 37.2971992493 -999.999 3678
MKN 2023 06 10 10 00 00 4 6.1 97.2 0 662.9 7.77 -99.9 -99.9 -99.9 -9999.9 -9999.9 -0.0621999986 37.2971992493 -999.999 3678
MKN 2023 06 10 11 00 00 340 3.2 98.1 2.5 662.6 6.78 -99.9 -99.9 -99.9 -9999.9 -9999.9 -0.0621999986 37.2971992493 -999.999 3678
MKN 2023 06 10 12 00 00 73 3.1 89.87 1.7 662.2 7.68 -99.9 -99.9 -99.9 -9999.9 -9999.9 -0.0621999986 37.2971992493 -999.999 3678
MKN 2023 06 10 13 00 00 2 3.7 99.22 0 661.9 6.78 -99.9 -99.9 -99.9 -9999.9 -9999.9 -0.0621999986 37.2971992493 -999.999 3678
MKN 2023 06 10 14 00 00 2 2.8 97.17 0.2 661.9 6.75 -99.9 -99.9 -99.9 -9999.9 -9999.9 -0.0621999986 37.2971992493 -999.999 3678
MKN 2023 06 10 15 00 00 112 3.1 87.02 0 662.1 6.32 -99.9 -99.9 -99.9 -9999.9 -9999.9 -0.0621999986 37.2971992493 -999.999 3678
MKN 2023 06 10 16 00 00 123 3.6 72.08 0 662 5.2 -99.9 -99.9 -99.9 -9999.9 -9999.9 -0.0621999986 37.2971992493 -999.999 3678
MKN 2023 06 10 17 00 00 108 1.4 71.98 0 662.3 2.9 -99.9 -99.9 -99.9 -9999.9 -9999.9 -0.0621999986 37.2971992493 -999.999 3678
MKN 2023 06 10 18 00 00 137 2.3 63.87 0 662.5 3.35 -99.9 -99.9 -99.9 -9999.9 -9999.9 -0.0621999986 37.2971992493 -999.999 3678
MKN 2023 06 10 19 00 00 152 1.7 51.97 0 662.7 4.05 -99.9 -99.9 -99.9 -9999.9 -9999.9 -0.0621999986 37.2971992493 -999.999 3678
MKN 2023 06 10 20 00 00 121 1.9 60.27 0 662.6 3.17 -99.9 -99.9 -99.9 -9999.9 -9999.9 -0.0621999986 37.2971992493 -999.999 3678
MKN 2023 06 10 21 00 00 117 2 66.27 0 662.5 3.27 -99.9 -99.9 -99.9 -9999.9 -9999.9 -0.0621999986 37.2971992493 -999.999 3678
MKN 2023 06 10 22 00 00 125 3 57.35 0 662.3 4.08 -99.9 -99.9 -99.9 -9999.9 -9999.9 -0.0621999986 37.2971992493 -999.999 3678
MKN 2023 06 10 23 00 00 114 5.5 43.52 0 661.9 5.17 -99.9 -99.9 -99.9 -9999.9 -9999.9 -0.0621999986 37.2971992493 -999.999 3678
MKN 2023 06 11 00 00 00 117 5.5 46.8 0 661.6 5.5 -99.9 -99.9 -99.9 -9999.9 -9999.9 -0.0621999986 37.2971992493 -999.999 3678
MKN 2023 06 11 01 00 00 119 5.2 56.3 0 661.6 6.17 -99.9 -99.9 -99.9 -9999.9 -9999.9 -0.0621999986 37.2971992493 -999.999 3678
MKN 2023 06 11 02 00 00 111 4.2 58.35 0 661.9 6.38 -99.9 -99.9 -99.9 -9999.9 -9999.9 -0.0621999986 37.2971992493 -999.999 3678
MKN 2023 06 11 03 00 00 110 4.4 61.38 0 662.4 6.25 -99.9 -99.9 -99.9 -9999.9 -9999.9 -0.0621999986 37.2971992493 -999.999 3678
MKN 2023 06 11 04 00 00 108 2.6 59.43 0 662.8 6.45 -99.9 -99.9 -99.9 -9999.9 -9999.9 -0.0621999986 37.2971992493 -999.999 3678
MKN 2023 06 11 05 00 00 90 2.9 50.92 0 663 9.52 -99.9 -99.9 -99.9 -9999.9 -9999.9 -0.0621999986 37.2971992493 -999.999 3678
MKN 2023 06 11 06 00 00 27 2.8 63 0 663.5 9.18 -99.9 -99.9 -99.9 -9999.9 -9999.9 -0.0621999986 37.2971992493 -999.999 3678
MKN 2023 06 11 07 00 00 355 4 73.22 0 663.7 9.78 -99.9 -99.9 -99.9 -9999.9 -9999.9 -0.0621999986 37.2971992493 -999.999 3678
MKN 2023 06 11 08 00 00 359 5.7 85.97 0 663.7 8.75 -99.9 -99.9 -99.9 -9999.9 -9999.9 -0.0621999986 37.2971992493 -999.999 3678
MKN 2023 06 11 09 00 00 355 5.3 88.18 0 663.3 8.32 -99.9 -99.9 -99.9 -9999.9 -9999.9 -0.0621999986 37.2971992493 -999.999 3678
MKN 2023 06 11 10 00 00 17 6 98.05 0 663 7.3 -99.9 -99.9 -99.9 -9999.9 -9999.9 -0.0621999986 37.2971992493 -999.999 3678
MKN 2023 06 11 11 00 00 6 4.9 92.93 0 662.8 7.58 -99.9 -99.9 -99.9 -9999.9 -9999.9 -0.0621999986 37.2971992493 -999.999 3678
MKN 2023 06 11 12 00 00 356 4.7 97.6 0 662.3 7.72 -99.9 -99.9 -99.9 -9999.9 -9999.9 -0.0621999986 37.2971992493 -999.999 3678
MKN 2023 06 11 13 00 00 4 4.5 95.15 0 662 7.85 -99.9 -99.9 -99.9 -9999.9 -9999.9 -0.0621999986 37.2971992493 -999.999 3678
MKN 2023 06 11 14 00 00 15 2.8 77.83 0 662.1 8.37 -99.9 -99.9 -99.9 -9999.9 -9999.9 -0.0621999986 37.2971992493 -999.999 3678
MKN 2023 06 11 15 00 00 30 2.2 98.3 0 662.1 7.05 -99.9 -99.9 -99.9 -9999.9 -9999.9 -0.0621999986 37.2971992493 -999.999 3678
MKN 2023 06 11 16 00 00 45 2.9 92.9 0 662.4 6.17 -99.9 -99.9 -99.9 -9999.9 -9999.9 -0.0621999986 37.2971992493 -999.999 3678
MKN 2023 06 11 17 00 00 77 1.5 90.12 0 662.6 5.95 -99.9 -99.9 -99.9 -9999.9 -9999.9 -0.0621999986 37.2971992493 -999.999 3678
MKN 2023 06 11 18 00 00 111 2 89.95 0 662.9 6.12 -99.9 -99.9 -99.9 -9999.9 -9999.9 -0.0621999986 37.2971992493 -999.999 3678
MKN 2023 06 11 19 00 00 117 2.3 81.97 0 663.2 6.6 -99.9 -99.9 -99.9 -9999.9 -9999.9 -0.0621999986 37.2971992493 -999.999 3678
MKN 2023 06 11 20 00 00 104 1.3 69.77 0 663.3 7 -99.9 -99.9 -99.9 -9999.9 -9999.9 -0.0621999986 37.2971992493 -999.999 3678
MKN 2023 06 11 21 00 00 344 2.7 76.32 0 663.1 6.75 -99.9 -99.9 -99.9 -9999.9 -9999.9 -0.0621999986 37.2971992493 -999.999 3678
MKN 2023 06 11 22 00 00 171 1.9 70.08 0 662.5 6.95 -99.9 -99.9 -99.9 -9999.9 -9999.9 -0.0621999986 37.2971992493 -999.999 3678
MKN 2023 06 11 23 00 00 81 1.7 63.68 0 662 6.93 -99.9 -99.9 -99.9 -9999.9 -9999.9 -0.0621999986 37.2971992493 -999.999 3678
MKN 2023 06 12 00 00 00 106 3 56.77 0 661.8 7.03 -99.9 -99.9 -99.9 -9999.9 -9999.9 -0.0621999986 37.2971992493 -999.999 3678
MKN 2023 06 12 01 00 00 106 4.1 53.02 0 661.6 7.15 -99.9 -99.9 -99.9 -9999.9 -9999.9 -0.0621999986 37.2971992493 -999.999 3678
MKN 2023 06 12 02 00 00 103 4.5 64.03 0 661.5 6.3 -99.9 -99.9 -99.9 -9999.9 -9999.9 -0.0621999986 37.2971992493 -999.999 3678
MKN 2023 06 12 03 00 00 109 2.7 56.95 0 661.8 6.73 -99.9 -99.9 -99.9 -9999.9 -9999.9 -0.0621999986 37.2971992493 -999.999 3678
MKN 2023 06 12 04 00 00 112 3.9 54.75 0 662 7.43 -99.9 -99.9 -99.9 -9999.9 -9999.9 -0.0621999986 37.2971992493 -999.999 3678
MKN 2023 06 12 05 00 00 97 4.9 53.9 0 662.4 8.38 -99.9 -99.9 -99.9 -9999.9 -9999.9 -0.0621999986 37.2971992493 -999.999 3678
MKN 2023 06 12 06 00 00 71 4.1 67.22 0 662.9 9 -99.9 -99.9 -99.9 -9999.9 -9999.9 -0.0621999986 37.2971992493 -999.999 3678
MKN 2023 06 12 07 00 00 36 3.1 67.42 0 663.3 10.15 -99.9 -99.9 -99.9 -9999.9 -9999.9 -0.0621999986 37.2971992493 -999.999 3678
MKN 2023 06 12 08 00 00 36 3.5 64.7 0 663.4 10.9 -99.9 -99.9 -99.9 -9999.9 -9999.9 -0.0621999986 37.2971992493 -999.999 3678
MKN 2023 06 12 09 00 00 35 4.2 62.68 0 663.1 11.75 -99.9 -99.9 -99.9 -9999.9 -9999.9 -0.0621999986 37.2971992493 -999.999 3678
MKN 2023 06 12 10 00 00 32 6.5 67.17 0 662.7 11.53 -99.9 -99.9 -99.9 -9999.9 -9999.9 -0.0621999986 37.2971992493 -999.999 3678
MKN 2023 06 12 11 00 00 11 5.3 59.17 0 662.4 11.45 -99.9 -99.9 -99.9 -9999.9 -9999.9 -0.0621999986 37.2971992493 -999.999 3678
MKN 2023 06 12 12 00 00 29 6 69.43 0 661.9 11 -99.9 -99.9 -99.9 -9999.9 -9999.9 -0.0621999986 37.2971992493 -999.999 3678
MKN 2023 06 12 13 00 00 16 4.9 76.67 0 661.7 9.75 -99.9 -99.9 -99.9 -9999.9 -9999.9 -0.0621999986 37.2971992493 -999.999 3678
MKN 2023 06 12 14 00 00 3 4.3 75.28 0 661.9 9.07 -99.9 -99.9 -99.9 -9999.9 -9999.9 -0.0621999986 37.2971992493 -999.999 3678
MKN 2023 06 12 15 00 00 55 1.7 66.33 0 661.9 8.57 -99.9 -99.9 -99.9 -9999.9 -9999.9 -0.0621999986 37.2971992493 -999.999 3678
MKN 2023 06 12 16 00 00 94 3.2 49.65 0 662.1 7.57 -99.9 -99.9 -99.9 -9999.9 -9999.9 -0.0621999986 37.2971992493 -999.999 3678
MKN 2023 06 12 17 00 00 106 3.7 52.62 0 662.3 6.65 -99.9 -99.9 -99.9 -9999.9 -9999.9 -0.0621999986 37.2971992493 -999.999 3678
MKN 2023 06 12 18 00 00 117 2.1 58.48 0 662.5 5.75 -99.9 -99.9 -99.9 -9999.9 -9999.9 -0.0621999986 37.2971992493 -999.999 3678
MKN 2023 06 12 19 00 00 112 1 65.92 0 662.8 4.9 -99.9 -99.9 -99.9 -9999.9 -9999.9 -0.0621999986 37.2971992493 -999.999 3678
MKN 2023 06 12 20 00 00 159 1.7 58.13 0 662.6 6.07 -99.9 -99.9 -99.9 -9999.9 -9999.9 -0.0621999986 37.2971992493 -999.999 3678
MKN 2023 06 12 21 00 00 72 0.9 67.4 0 662.5 4.77 -99.9 -99.9 -99.9 -9999.9 -9999.9 -0.0621999986 37.2971992493 -999.999 3678
MKN 2023 06 12 22 00 00 138 1.5 63.9 0 662.1 4.55 -99.9 -99.9 -99.9 -9999.9 -9999.9 -0.0621999986 37.2971992493 -999.999 3678
MKN 2023 06 12 23 00 00 137 2.1 67.27 0 661.7 3.95 -99.9 -99.9 -99.9 -9999.9 -9999.9 -0.0621999986 37.2971992493 -999.999 3678
MKN 2023 06 13 00 00 00 133 1.9 59.42 0 661.3 4.13 -99.9 -99.9 -99.9 -9999.9 -9999.9 -0.0621999986 37.2971992493 -999.999 3678
MKN 2023 06 13 01 00 00 126 2.8 50.38 0 661.2 5.02 -99.9 -99.9 -99.9 -9999.9 -9999.9 -0.0621999986 37.2971992493 -999.999 3678
MKN 2023 06 13 02 00 00 115 3.4 52.52 0 661.1 4.7 -99.9 -99.9 -99.9 -9999.9 -9999.9 -0.0621999986 37.2971992493 -999.999 3678
MKN 2023 06 13 03 00 00 126 3.8 46.33 0 661.5 6.68 -99.9 -99.9 -99.9 -9999.9 -9999.9 -0.0621999986 37.2971992493 -999.999 3678
MKN 2023 06 13 04 00 00 120 3.8 43.87 0 661.8 8.58 -99.9 -99.9 -99.9 -9999.9 -9999.9 -0.0621999986 37.2971992493 -999.999 3678
MKN 2023 06 13 05 00 00 90 3 43.92 0 662.3 10.47 -99.9 -99.9 -99.9 -9999.9 -9999.9 -0.0621999986 37.2971992493 -999.999 3678
MKN 2023 06 13 06 00 00 46 4.1 87.32 0 662.8 8.75 -99.9 -99.9 -99.9 -9999.9 -9999.9 -0.0621999986 37.2971992493 -999.999 3678
MKN 2023 06 13 07 00 00 22 2.1 75.02 0 663.2 10.48 -99.9 -99.9 -99.9 -9999.9 -9999.9 -0.0621999986 37.2971992493 -999.999 3678
MKN 2023 06 13 08 00 00 2 3.7 78.28 0 663.3 11.03 -99.9 -99.9 -99.9 -9999.9 -9999.9 -0.0621999986 37.2971992493 -999.999 3678
MKN 2023 06 13 09 00 00 6 5.6 75.33 0 663.1 10.8 -99.9 -99.9 -99.9 -9999.9 -9999.9 -0.0621999986 37.2971992493 -999.999 3678
MKN 2023 06 13 10 00 00 7 5 92.9 0 662.6 8.68 -99.9 -99.9 -99.9 -9999.9 -9999.9 -0.0621999986 37.2971992493 -999.999 3678
MKN 2023 06 13 11 00 00 27 6 85.02 0.1 662 9.95 -99.9 -99.9 -99.9 -9999.9 -9999.9 -0.0621999986 37.2971992493 -999.999 3678
MKN 2023 06 13 12 00 00 25 4.5 75.18 0 661.5 9.98 -99.9 -99.9 -99.9 -9999.9 -9999.9 -0.0621999986 37.2971992493 -999.999 3678
MKN 2023 06 13 13 00 00 28 4.2 74.13 0 661 10.2 -99.9 -99.9 -99.9 -9999.9 -9999.9 -0.0621999986 37.2971992493 -999.999 3678
MKN 2023 06 13 14 00 00 24 4.6 86.48 0 661.1 9.32 -99.9 -99.9 -99.9 -9999.9 -9999.9 -0.0621999986 37.2971992493 -999.999 3678
MKN 2023 06 13 15 00 00 42 3.2 61.58 0 661.3 8.65 -99.9 -99.9 -99.9 -9999.9 -9999.9 -0.0621999986 37.2971992493 -999.999 3678
MKN 2023 06 13 16 00 00 88 2.8 64.55 0 661.4 5.1 -99.9 -99.9 -99.9 -9999.9 -9999.9 -0.0621999986 37.2971992493 -999.999 3678
MKN 2023 06 13 17 00 00 117 1.8 64.12 0 661.7 5.43 -99.9 -99.9 -99.9 -9999.9 -9999.9 -0.0621999986 37.2971992493 -999.999 3678
MKN 2023 06 13 18 00 00 132 1.8 67.33 0 662.4 4.9 -99.9 -99.9 -99.9 -9999.9 -9999.9 -0.0621999986 37.2971992493 -999.999 3678
MKN 2023 06 13 19 00 00 128 3.1 65.22 0 662.7 5.02 -99.9 -99.9 -99.9 -9999.9 -9999.9 -0.0621999986 37.2971992493 -999.999 3678
MKN 2023 06 13 20 00 00 118 4.1 62.03 0 662.8 5.58 -99.9 -99.9 -99.9 -9999.9 -9999.9 -0.0621999986 37.2971992493 -999.999 3678
MKN 2023 06 13 21 00 00 127 3.2 65.75 0 662.7 5.3 -99.9 -99.9 -99.9 -9999.9 -9999.9 -0.0621999986 37.2971992493 -999.999 3678
MKN 2023 06 13 22 00 00 112 1.3 65.3 0 662.5 5.42 -99.9 -99.9 -99.9 -9999.9 -9999.9 -0.0621999986 37.2971992493 -999.999 3678
MKN 2023 06 13 23 00 00 115 2.8 62.12 0 661.9 5.37 -99.9 -99.9 -99.9 -9999.9 -9999.9 -0.0621999986 37.2971992493 -999.999 3678
MKN 2023 06 14 00 00 00 117 3.3 62.5 0 661.6 5.43 -99.9 -99.9 -99.9 -9999.9 -9999.9 -0.0621999986 37.2971992493 -999.999 3678
MKN 2023 06 14 01 00 00 121 5 59.65 0 661.6 6.25 -99.9 -99.9 -99.9 -9999.9 -9999.9 -0.0621999986 37.2971992493 -999.999 3678
MKN 2023 06 14 02 00 00 117 6.5 56.5 0 661.7 6.7 -99.9 -99.9 -99.9 -9999.9 -9999.9 -0.0621999986 37.2971992493 -999.999 3678
MKN 2023 06 14 03 00 00 118 6.9 60.67 0 662 5.68 -99.9 -99.9 -99.9 -9999.9 -9999.9 -0.0621999986 37.2971992493 -999.999 3678
MKN 2023 06 14 04 00 00 130 7 56.58 0 662.2 7.57 -99.9 -99.9 -99.9 -9999.9 -9999.9 -0.0621999986 37.2971992493 -999.999 3678
MKN 2023 06 14 05 00 00 115 6.3 50.25 0 662.6 10.27 -99.9 -99.9 -99.9 -9999.9 -9999.9 -0.0621999986 37.2971992493 -999.999 3678
MKN 2023 06 14 06 00 00 78 5.4 73.17 0 663.2 9.73 -99.9 -99.9 -99.9 -9999.9 -9999.9 -0.0621999986 37.2971992493 -999.999 3678
MKN 2023 06 14 07 00 00 319 3.8 86.63 0 663.8 9.4 -99.9 -99.9 -99.9 -9999.9 -9999.9 -0.0621999986 37.2971992493 -999.999 3678
MKN 2023 06 14 08 00 00 346 3.9 98.47 0 663.9 8.3 -99.9 -99.9 -99.9 -9999.9 -9999.9 -0.0621999986 37.2971992493 -999.999 3678
MKN 2023 06 14 09 00 00 2 3.3 99.28 0.4 663.7 7.48 -99.9 -99.9 -99.9 -9999.9 -9999.9 -0.0621999986 37.2971992493 -999.999 3678
MKN 2023 06 14 10 00 00 29 2.4 97.93 -99.9 663.2 5.3 -99.9 -99.9 -99.9 -9999.9 -9999.9 -0.0621999986 37.2971992493 -999.999 3678
MKN 2023 06 14 11 00 00 130 4.7 96.3 10.4 662.5 5.75 -99.9 -99.9 -99.9 -9999.9 -9999.9 -0.0621999986 37.2971992493 -999.999 3678
MKN 2023 06 14 14 00 00 -99.9 -99.9 88.06 -99.9 -999.9 8.28 -99.9 -99.9 -99.9 -9999.9 -9999.9 -0.0621999986 37.2971992493 -999.999 3678
MKN 2023 06 14 15 00 00 27 2 99.27 0 661.8 7.37 -99.9 -99.9 -99.9 -9999.9 -9999.9 -0.0621999986 37.2971992493 -999.999 3678
MKN 2023 06 14 16 00 00 66 1.4 97.92 0 662.1 6.77 -99.9 -99.9 -99.9 -9999.9 -9999.9 -0.0621999986 37.2971992493 -999.999 3678
MKN 2023 06 14 17 00 00 173 2.7 95.27 0 662.2 6.75 -99.9 -99.9 -99.9 -9999.9 -9999.9 -0.0621999986 37.2971992493 -999.999 3678
MKN 2023 06 14 18 00 00 5 1.8 99.3 0 662.7 6.4 -99.9 -99.9 -99.9 -9999.9 -9999.9 -0.0621999986 37.2971992493 -999.999 3678
MKN 2023 06 14 19 00 00 59 1.4 99.3 0 662.9 6.13 -99.9 -99.9 -99.9 -9999.9 -9999.9 -0.0621999986 37.2971992493 -999.999 3678
MKN 2023 06 14 20 00 00 103 1.2 97.75 0 663 6.33 -99.9 -99.9 -99.9 -9999.9 -9999.9 -0.0621999986 37.2971992493 -999.999 3678
MKN 2023 06 14 21 00 00 122 1 90.93 0 663 6.63 -99.9 -99.9 -99.9 -9999.9 -9999.9 -0.0621999986 37.2971992493 -999.999 3678
MKN 2023 06 14 22 00 00 135 1.1 90.28 0 662.8 6.23 -99.9 -99.9 -99.9 -9999.9 -9999.9 -0.0621999986 37.2971992493 -999.999 3678
MKN 2023 06 14 23 00 00 243 1.2 84.95 0 662.4 6.58 -99.9 -99.9 -99.9 -9999.9 -9999.9 -0.0621999986 37.2971992493 -999.999 3678
MKN 2023 06 15 00 00 00 189 2.1 83.02 0 662.2 6.58 -99.9 -99.9 -99.9 -9999.9 -9999.9 -0.0621999986 37.2971992493 -999.999 3678
MKN 2023 06 15 01 00 00 156 1.2 85.12 0 662 6.33 -99.9 -99.9 -99.9 -9999.9 -9999.9 -0.0621999986 37.2971992493 -999.999 3678
MKN 2023 06 15 02 00 00 129 0.8 81.63 0 662.3 6.18 -99.9 -99.9 -99.9 -9999.9 -9999.9 -0.0621999986 37.2971992493 -999.999 3678
MKN 2023 06 15 03 00 00 180 1 73.08 0 662.5 6.07 -99.9 -99.9 -99.9 -9999.9 -9999.9 -0.0621999986 37.2971992493 -999.999 3678
MKN 2023 06 15 04 00 00 149 1.3 63.23 0 662.8 8.05 -99.9 -99.9 -99.9 -9999.9 -9999.9 -0.0621999986 37.2971992493 -999.999 3678
MKN 2023 06 15 05 00 00 111 1.7 88.55 0 663.3 7.92 -99.9 -99.9 -99.9 -9999.9 -9999.9 -0.0621999986 37.2971992493 -999.999 3678
MKN 2023 06 15 06 00 00 280 1.7 99.25 0 663.9 7.67 -99.9 -99.9 -99.9 -9999.9 -9999.9 -0.0621999986 37.2971992493 -999.999 3678
MKN 2023 06 15 07 00 00 295 2.4 98.1 0 664.4 7.9 -99.9 -99.9 -99.9 -9999.9 -9999.9 -0.0621999986 37.2971992493 -999.999 3678
MKN 2023 06 15 08 00 00 319 3.3 97.08 0 664.5 8.45 -99.9 -99.9 -99.9 -9999.9 -9999.9 -0.0621999986 37.2971992493 -999.999 3678
MKN 2023 06 15 09 00 00 320 3.2 92.63 0 664.3 9.03 -99.9 -99.9 -99.9 -9999.9 -9999.9 -0.0621999986 37.2971992493 -999.999 3678
MKN 2023 06 15 10 00 00 332 4.3 98.8 0 663.8 7.9 -99.9 -99.9 -99.9 -9999.9 -9999.9 -0.0621999986 37.2971992493 -999.999 3678
MKN 2023 06 15 11 00 00 342 3.8 97.1 0 663.3 8.53 -99.9 -99.9 -99.9 -9999.9 -9999.9 -0.0621999986 37.2971992493 -999.999 3678
MKN 2023 06 15 12 00 00 333 4.5 95.85 0 662.6 7.65 -99.9 -99.9 -99.9 -9999.9 -9999.9 -0.0621999986 37.2971992493 -999.999 3678
MKN 2023 06 15 13 00 00 27 3.7 81.05 0 662.3 9.45 -99.9 -99.9 -99.9 -9999.9 -9999.9 -0.0621999986 37.2971992493 -999.999 3678
MKN 2023 06 15 14 00 00 4 2.2 95.67 0 662.2 8.13 -99.9 -99.9 -99.9 -9999.9 -9999.9 -0.0621999986 37.2971992493 -999.999 3678
MKN 2023 06 15 15 00 00 11 3.7 99.22 0 662.3 6.73 -99.9 -99.9 -99.9 -9999.9 -9999.9 -0.0621999986 37.2971992493 -999.999 3678
MKN 2023 06 15 16 00 00 108 1.4 78.67 0.4 662.9 5.97 -99.9 -99.9 -99.9 -9999.9 -9999.9 -0.0621999986 37.2971992493 -999.999 3678
MKN 2023 06 15 17 00 00 163 3.5 73 0.1 663 6.02 -99.9 -99.9 -99.9 -9999.9 -9999.9 -0.0621999986 37.2971992493 -999.999 3678
MKN 2023 06 15 18 00 00 121 2.4 72.98 0 663.1 5.93 -99.9 -99.9 -99.9 -9999.9 -9999.9 -0.0621999986 37.2971992493 -999.999 3678
MKN 2023 06 15 19 00 00 108 2.3 68.1 0 663.4 6.87 -99.9 -99.9 -99.9 -9999.9 -9999.9 -0.0621999986 37.2971992493 -999.999 3678
MKN 2023 06 15 20 00 00 90 1.2 67.43 0 663.7 6.87 -99.9 -99.9 -99.9 -9999.9 -9999.9 -0.0621999986 37.2971992493 -999.999 3678
MKN 2023 06 15 21 00 00 108 2.3 69.45 0 663.4 7.12 -99.9 -99.9 -99.9 -9999.9 -9999.9 -0.0621999986 37.2971992493 -999.999 3678
MKN 2023 06 15 22 00 00 105 1.3 66.45 0 663.2 6.83 -99.9 -99.9 -99.9 -9999.9 -9999.9 -0.0621999986 37.2971992493 -999.999 3678
MKN 2023 06 15 23 00 00 114 3.4 61.83 0 662.6 6.92 -99.9 -99.9 -99.9 -9999.9 -9999.9 -0.0621999986 37.2971992493 -999.999 3678
MKN 2023 06 16 00 00 00 109 4.5 58.13 0 662.1 6.98 -99.9 -99.9 -99.9 -9999.9 -9999.9 -0.0621999986 37.2971992493 -999.999 3678
MKN 2023 06 16 01 00 00 111 6.7 56.23 0 661.7 7.18 -99.9 -99.9 -99.9 -9999.9 -9999.9 -0.0621999986 37.2971992493 -999.999 3678
MKN 2023 06 16 02 00 00 112 6.8 53.93 0 661.8 7.43 -99.9 -99.9 -99.9 -9999.9 -9999.9 -0.0621999986 37.2971992493 -999.999 3678
MKN 2023 06 16 03 00 00 123 6.6 48.5 0 661.8 7.8 -99.9 -99.9 -99.9 -9999.9 -9999.9 -0.0621999986 37.2971992493 -999.999 3678
MKN 2023 06 16 04 00 00 123 7 48.3 0 662 8.55 -99.9 -99.9 -99.9 -9999.9 -9999.9 -0.0621999986 37.2971992493 -999.999 3678
MKN 2023 06 16 05 00 00 108 6.4 52.17 0 662.4 9.77 -99.9 -99.9 -99.9 -9999.9 -9999.9 -0.0621999986 37.2971992493 -999.999 3678
MKN 2023 06 16 06 00 00 52 5.1 60.43 0 663 10.42 -99.9 -99.9 -99.9 -9999.9 -9999.9 -0.0621999986 37.2971992493 -999.999 3678
MKN 2023 06 16 07 00 00 40 5.4 57.13 0 663.5 11.57 -99.9 -99.9 -99.9 -9999.9 -9999.9 -0.0621999986 37.2971992493 -999.999 3678
MKN 2023 06 16 08 00 00 51 5.7 78.08 0 663.7 11.32 -99.9 -99.9 -99.9 -9999.9 -9999.9 -0.0621999986 37.2971992493 -999.999 3678
MKN 2023 06 16 09 00 00 28 7.5 77 0 663.4 11.85 -99.9 -99.9 -99.9 -9999.9 -9999.9 -0.0621999986 37.2971992493 -999.999 3678
MKN 2023 06 16 10 00 00 10 7 70.86 0 663.1 11.58 -99.9 -99.9 -99.9 -9999.9 -9999.9 -0.0621999986 37.2971992493 -999.999 3678
MKN 2023 06 16 11 00 00 32 6.5 -99.9 0 663 -99.9 -99.9 -99.9 -99.9 -9999.9 -9999.9 -0.0621999986 37.2971992493 -999.999 3678
MKN 2023 06 22 00 00 00 -99.9 -99.9 76.5 -99.9 -999.9 5.68 -99.9 -99.9 -99.9 -9999.9 -9999.9 -0.0621999986 37.2971992493 -999.999 3678
MKN 2023 06 22 01 00 00 102 6.4 78.05 0 660.7 5.4 -99.9 -99.9 -99.9 -9999.9 -9999.9 -0.0621999986 37.2971992493 -999.999 3678
MKN 2023 06 22 02 00 00 97 5.8 81.08 0 660.9 4.83 -99.9 -99.9 -99.9 -9999.9 -9999.9 -0.0621999986 37.2971992493 -999.999 3678
MKN 2023 06 22 03 00 00 116 4.4 82.67 0 661.1 5 -99.9 -99.9 -99.9 -9999.9 -9999.9 -0.0621999986 37.2971992493 -999.999 3678
MKN 2023 06 22 04 00 00 110 5 76.75 0 661.3 7.13 -99.9 -99.9 -99.9 -9999.9 -9999.9 -0.0621999986 37.2971992493 -999.999 3678
MKN 2023 06 22 05 00 00 99 5.2 73.42 0 661.8 9.1 -99.9 -99.9 -99.9 -9999.9 -9999.9 -0.0621999986 37.2971992493 -999.999 3678
MKN 2023 06 22 06 00 00 64 5.9 69.47 0 662.1 10.2 -99.9 -99.9 -99.9 -9999.9 -9999.9 -0.0621999986 37.2971992493 -999.999 3678
MKN 2023 06 22 07 00 00 65 6.5 70.53 0 662.3 10.83 -99.9 -99.9 -99.9 -9999.9 -9999.9 -0.0621999986 37.2971992493 -999.999 3678
MKN 2023 06 22 08 00 00 34 8.4 78.12 0 662.4 10.95 -99.9 -99.9 -99.9 -9999.9 -9999.9 -0.0621999986 37.2971992493 -999.999 3678
MKN 2023 06 22 09 00 00 27 7.6 78.43 0 662.3 11.12 -99.9 -99.9 -99.9 -9999.9 -9999.9 -0.0621999986 37.2971992493 -999.999 3678
MKN 2023 06 22 10 00 00 22 7.3 84.6 0 662 10.37 -99.9 -99.9 -99.9 -9999.9 -9999.9 -0.0621999986 37.2971992493 -999.999 3678
MKN 2023 06 22 11 00 00 7 7 74.92 0 661.8 11.05 -99.9 -99.9 -99.9 -9999.9 -9999.9 -0.0621999986 37.2971992493 -999.999 3678
MKN 2023 06 22 12 00 00 22 6.9 93.53 0 661.3 8.6 -99.9 -99.9 -99.9 -9999.9 -9999.9 -0.0621999986 37.2971992493 -999.999 3678
MKN 2023 06 22 13 00 00 22 4.7 93.52 0.3 661.1 8.6 -99.9 -99.9 -99.9 -9999.9 -9999.9 -0.0621999986 37.2971992493 -999.999 3678
MKN 2023 06 22 14 00 00 31 3.4 97.3 0 660.9 8.25 -99.9 -99.9 -99.9 -9999.9 -9999.9 -0.0621999986 37.2971992493 -999.999 3678
MKN 2023 06 22 15 00 00 41 2.6 92.6 0 660.9 7 -99.9 -99.9 -99.9 -9999.9 -9999.9 -0.0621999986 37.2971992493 -999.999 3678
MKN 2023 06 22 16 00 00 108 4.4 58.3 0 660.9 6.1 -99.9 -99.9 -99.9 -9999.9 -9999.9 -0.0621999986 37.2971992493 -999.999 3678
MKN 2023 06 22 17 00 00 133 6.6 48.92 0 661 5.98 -99.9 -99.9 -99.9 -9999.9 -9999.9 -0.0621999986 37.2971992493 -999.999 3678
MKN 2023 06 22 18 00 00 127 6.3 45.62 0 661.3 6.12 -99.9 -99.9 -99.9 -9999.9 -9999.9 -0.0621999986 37.2971992493 -999.999 3678
MKN 2023 06 22 19 00 00 129 7 44.38 0 661.6 6.4 -99.9 -99.9 -99.9 -9999.9 -9999.9 -0.0621999986 37.2971992493 -999.999 3678
MKN 2023 06 22 20 00 00 128 7.1 47.28 0 661.8 6.6 -99.9 -99.9 -99.9 -9999.9 -9999.9 -0.0621999986 37.2971992493 -999.999 3678
MKN 2023 06 22 21 00 00 126 7.3 53.88 0 661.8 6.55 -99.9 -99.9 -99.9 -9999.9 -9999.9 -0.0621999986 37.2971992493 -999.999 3678
MKN 2023 06 22 22 00 00 123 7.3 58.12 0 661.5 7 -99.9 -99.9 -99.9 -9999.9 -9999.9 -0.0621999986 37.2971992493 -999.999 3678
MKN 2023 06 22 23 00 00 112 7.3 55.1 0 661 6.73 -99.9 -99.9 -99.9 -9999.9 -9999.9 -0.0621999986 37.2971992493 -999.999 3678
MKN 2023 06 23 00 00 00 118 6.7 57.28 0 661.1 6.18 -99.9 -99.9 -99.9 -9999.9 -9999.9 -0.0621999986 37.2971992493 -999.999 3678
MKN 2023 06 23 01 00 00 108 5.9 58.4 0 661.2 5.58 -99.9 -99.9 -99.9 -9999.9 -9999.9 -0.0621999986 37.2971992493 -999.999 3678
MKN 2023 06 23 02 00 00 116 5.4 57.83 0 661.2 5.6 -99.9 -99.9 -99.9 -9999.9 -9999.9 -0.0621999986 37.2971992493 -999.999 3678
MKN 2023 06 23 03 00 00 117 5.2 60.65 0 661.4 5.3 -99.9 -99.9 -99.9 -9999.9 -9999.9 -0.0621999986 37.2971992493 -999.999 3678
MKN 2023 06 23 04 00 00 114 4.6 54.55 0 661.6 7.4 -99.9 -99.9 -99.9 -9999.9 -9999.9 -0.0621999986 37.2971992493 -999.999 3678
MKN 2023 06 23 05 00 00 108 5.1 47.13 0 661.9 9.88 -99.9 -99.9 -99.9 -9999.9 -9999.9 -0.0621999986 37.2971992493 -999.999 3678
MKN 2023 06 23 06 00 00 75 5.7 52.73 0 662.3 10.48 -99.9 -99.9 -99.9 -9999.9 -9999.9 -0.0621999986 37.2971992493 -999.999 3678
MKN 2023 06 23 07 00 00 44 5 61.2 0 662.6 10.77 -99.9 -99.9 -99.9 -9999.9 -9999.9 -0.0621999986 37.2971992493 -999.999 3678
MKN 2023 06 23 08 00 00 40 5.5 63.75 0 662.9 11.35 -99.9 -99.9 -99.9 -9999.9 -9999.9 -0.0621999986 37.2971992493 -999.999 3678
MKN 2023 06 23 09 00 00 20 6.7 76.8 0 662.8 10.23 -99.9 -99.9 -99.9 -9999.9 -9999.9 -0.0621999986 37.2971992493 -999.999 3678
MKN 2023 06 23 10 00 00 1 5.9 69.45 0 662.7 10.92 -99.9 -99.9 -99.9 -9999.9 -9999.9 -0.0621999986 37.2971992493 -999.999 3678
MKN 2023 06 23 11 00 00 8 6.8 81.23 0 662.2 9.3 -99.9 -99.9 -99.9 -9999.9 -9999.9 -0.0621999986 37.2971992493 -999.999 3678
MKN 2023 06 23 12 00 00 29 5.3 92.02 0 661.7 7.73 -99.9 -99.9 -99.9 -9999.9 -9999.9 -0.0621999986 37.2971992493 -999.999 3678
MKN 2023 06 23 13 00 00 35 4.9 93.23 0 661.4 7.97 -99.9 -99.9 -99.9 -9999.9 -9999.9 -0.0621999986 37.2971992493 -999.999 3678
MKN 2023 06 23 14 00 00 32 4 81.5 0 661.2 7.97 -99.9 -99.9 -99.9 -9999.9 -9999.9 -0.0621999986 37.2971992493 -999.999 3678
MKN 2023 06 23 15 00 00 70 3.8 65.05 0 661.1 6.7 -99.9 -99.9 -99.9 -9999.9 -9999.9 -0.0621999986 37.2971992493 -999.999 3678
MKN 2023 06 23 16 00 00 104 3.9 59.15 0 661.3 5.15 -99.9 -99.9 -99.9 -9999.9 -9999.9 -0.0621999986 37.2971992493 -999.999 3678
MKN 2023 06 23 17 00 00 116 2.8 69.28 0 661.4 3.73 -99.9 -99.9 -99.9 -9999.9 -9999.9 -0.0621999986 37.2971992493 -999.999 3678
MKN 2023 06 23 18 00 00 125 2.2 64.5 0 661.6 3.65 -99.9 -99.9 -99.9 -9999.9 -9999.9 -0.0621999986 37.2971992493 -999.999 3678
MKN 2023 06 23 19 00 00 160 2.3 50.58 0 661.9 4.17 -99.9 -99.9 -99.9 -9999.9 -9999.9 -0.0621999986 37.2971992493 -999.999 3678
MKN 2023 06 23 20 00 00 127 1.5 48.7 0 661.9 4.95 -99.9 -99.9 -99.9 -9999.9 -9999.9 -0.0621999986 37.2971992493 -999.999 3678
MKN 2023 06 23 21 00 00 167 1.4 45.72 0 661.8 5.02 -99.9 -99.9 -99.9 -9999.9 -9999.9 -0.0621999986 37.2971992493 -999.999 3678
MKN 2023 06 23 22 00 00 117 1.8 48.1 0 661.8 4.75 -99.9 -99.9 -99.9 -9999.9 -9999.9 -0.0621999986 37.2971992493 -999.999 3678
MKN 2023 06 23 23 00 00 120 3.6 56.98 0 661.4 5.1 -99.9 -99.9 -99.9 -9999.9 -9999.9 -0.0621999986 37.2971992493 -999.999 3678
MKN 2023 06 24 00 00 00 115 4.1 59.65 0 661.2 5.1 -99.9 -99.9 -99.9 -9999.9 -9999.9 -0.0621999986 37.2971992493 -999.999 3678
MKN 2023 06 24 01 00 00 116 4 59.82 0 661 4.72 -99.9 -99.9 -99.9 -9999.9 -9999.9 -0.0621999986 37.2971992493 -999.999 3678
MKN 2023 06 24 02 00 00 123 3.3 56.6 0 661.2 6.25 -99.9 -99.9 -99.9 -9999.9 -9999.9 -0.0621999986 37.2971992493 -999.999 3678
MKN 2023 06 24 03 00 00 114 2.4 59.12 0 661.6 6.18 -99.9 -99.9 -99.9 -9999.9 -9999.9 -0.0621999986 37.2971992493 -999.999 3678
MKN 2023 06 24 04 00 00 94 1.9 61.28 0 662 6.95 -99.9 -99.9 -99.9 -9999.9 -9999.9 -0.0621999986 37.2971992493 -999.999 3678
MKN 2023 06 24 05 00 00 99 2.2 80.78 0 662.4 6.82 -99.9 -99.9 -99.9 -9999.9 -9999.9 -0.0621999986 37.2971992493 -999.999 3678
MKN 2023 06 24 06 00 00 44 2.9 83.15 0 662.8 6.8 -99.9 -99.9 -99.9 -9999.9 -9999.9 -0.0621999986 37.2971992493 -999.999 3678
MKN 2023 06 24 07 00 00 40 3.1 80.23 0 663.1 8.08 -99.9 -99.9 -99.9 -9999.9 -9999.9 -0.0621999986 37.2971992493 -999.999 3678
MKN 2023 06 24 08 00 00 21 3.3 78.38 0 662.9 9.02 -99.9 -99.9 -99.9 -9999.9 -9999.9 -0.0621999986 37.2971992493 -999.999 3678
MKN 2023 06 24 09 00 00 0 4.2 76.07 0 662.8 9.88 -99.9 -99.9 -99.9 -9999.9 -9999.9 -0.0621999986 37.2971992493 -999.999 3678
MKN 2023 06 24 10 00 00 7 5 80.93 0 662.4 9.78 -99.9 -99.9 -99.9 -9999.9 -9999.9 -0.0621999986 37.2971992493 -999.999 3678
MKN 2023 06 24 11 00 00 8 5.2 90.68 0 662.2 8.02 -99.9 -99.9 -99.9 -9999.9 -9999.9 -0.0621999986 37.2971992493 -999.999 3678
MKN 2023 06 24 12 00 00 9 3.6 99.25 0 661.8 7 -99.9 -99.9 -99.9 -9999.9 -9999.9 -0.0621999986 37.2971992493 -999.999 3678
MKN 2023 06 24 13 00 00 2 3.3 94.98 0 661.5 7.62 -99.9 -99.9 -99.9 -9999.9 -9999.9 -0.0621999986 37.2971992493 -999.999 3678
MKN 2023 06 24 14 00 00 20 2.5 93.93 0 661.4 7.28 -99.9 -99.9 -99.9 -9999.9 -9999.9 -0.0621999986 37.2971992493 -999.999 3678
MKN 2023 06 24 15 00 00 32 2 76.95 0 661.5 6.45 -99.9 -99.9 -99.9 -9999.9 -9999.9 -0.0621999986 37.2971992493 -999.999 3678
MKN 2023 06 24 16 00 00 171 0.9 62.98 0 661.6 6.4 -99.9 -99.9 -99.9 -9999.9 -9999.9 -0.0621999986 37.2971992493 -999.999 3678
MKN 2023 06 24 17 00 00 180 2.2 56.9 0 661.6 5.83 -99.9 -99.9 -99.9 -9999.9 -9999.9 -0.0621999986 37.2971992493 -999.999 3678
MKN 2023 06 24 18 00 00 173 1.7 56.7 0 661.8 5.68 -99.9 -99.9 -99.9 -9999.9 -9999.9 -0.0621999986 37.2971992493 -999.999 3678
MKN 2023 06 24 19 00 00 128 1.8 59.73 0 662 6.03 -99.9 -99.9 -99.9 -9999.9 -9999.9 -0.0621999986 37.2971992493 -999.999 3678
MKN 2023 06 24 20 00 00 149 1.3 66.3 0 662 4.65 -99.9 -99.9 -99.9 -9999.9 -9999.9 -0.0621999986 37.2971992493 -999.999 3678
MKN 2023 06 24 21 00 00 144 1.9 63.82 0 661.7 5.45 -99.9 -99.9 -99.9 -9999.9 -9999.9 -0.0621999986 37.2971992493 -999.999 3678
MKN 2023 06 24 22 00 00 225 1.7 66.65 0 661.7 5.05 -99.9 -99.9 -99.9 -9999.9 -9999.9 -0.0621999986 37.2971992493 -999.999 3678
MKN 2023 06 24 23 00 00 187 2.6 63.23 0 661.4 5.58 -99.9 -99.9 -99.9 -9999.9 -9999.9 -0.0621999986 37.2971992493 -999.999 3678
MKN 2023 06 25 00 00 00 225 1 74.32 0 661.2 4.03 -99.9 -99.9 -99.9 -9999.9 -9999.9 -0.0621999986 37.2971992493 -999.999 3678
MKN 2023 06 25 01 00 00 121 3 73.7 0 661.1 4.95 -99.9 -99.9 -99.9 -9999.9 -9999.9 -0.0621999986 37.2971992493 -999.999 3678
MKN 2023 06 25 02 00 00 116 5.7 76.12 0 661 4.93 -99.9 -99.9 -99.9 -9999.9 -9999.9 -0.0621999986 37.2971992493 -999.999 3678
MKN 2023 06 25 03 00 00 114 5.2 78.75 0 661.3 4.82 -99.9 -99.9 -99.9 -9999.9 -9999.9 -0.0621999986 37.2971992493 -999.999 3678
MKN 2023 06 25 04 00 00 113 4.7 75.9 0 661.7 6.57 -99.9 -99.9 -99.9 -9999.9 -9999.9 -0.0621999986 37.2971992493 -999.999 3678
MKN 2023 06 25 05 00 00 88 4 68.52 0 662.2 8.42 -99.9 -99.9 -99.9 -9999.9 -9999.9 -0.0621999986 37.2971992493 -999.999 3678
MKN 2023 06 25 06 00 00 70 5.9 61.48 0 662.6 9.93 -99.9 -99.9 -99.9 -9999.9 -9999.9 -0.0621999986 37.2971992493 -999.999 3678
MKN 2023 06 25 07 00 00 58 7.4 60.98 0 662.8 10.42 -99.9 -99.9 -99.9 -9999.9 -9999.9 -0.0621999986 37.2971992493 -999.999 3678
MKN 2023 06 25 08 00 00 52 7.5 56.55 0 662.8 11.43 -99.9 -99.9 -99.9 -9999.9 -9999.9 -0.0621999986 37.2971992493 -999.999 3678
MKN 2023 06 25 09 00 00 56 7.6 60.62 0 662.4 11.7 -99.9 -99.9 -99.9 -9999.9 -9999.9 -0.0621999986 37.2971992493 -999.999 3678
MKN 2023 06 25 10 00 00 28 6.7 52.18 0 662.1 12.07 -99.9 -99.9 -99.9 -9999.9 -9999.9 -0.0621999986 37.2971992493 -999.999 3678
MKN 2023 06 25 11 00 00 40 7.6 50.57 0 661.8 11.87 -99.9 -99.9 -99.9 -9999.9 -9999.9 -0.0621999986 37.2971992493 -999.999 3678
MKN 2023 06 25 12 00 00 42 6 56.38 0 661.5 11.32 -99.9 -99.9 -99.9 -9999.9 -9999.9 -0.0621999986 37.2971992493 -999.999 3678
MKN 2023 06 25 13 00 00 36 4.9 72.53 0 661.3 9.55 -99.9 -99.9 -99.9 -9999.9 -9999.9 -0.0621999986 37.2971992493 -999.999 3678
MKN 2023 06 25 14 00 00 50 3.6 79.8 0 661.2 9.48 -99.9 -99.9 -99.9 -9999.9 -9999.9 -0.0621999986 37.2971992493 -999.999 3678
MKN 2023 06 25 15 00 00 16 3.3 91.98 0 661.4 7.6 -99.9 -99.9 -99.9 -9999.9 -9999.9 -0.0621999986 37.2971992493 -999.999 3678
MKN 2023 06 25 16 00 00 57 2.5 90.42 0 661.5 5.88 -99.9 -99.9 -99.9 -9999.9 -9999.9 -0.0621999986 37.2971992493 -999.999 3678
MKN 2023 06 25 17 00 00 160 1.7 90.65 0 661.5 6.23 -99.9 -99.9 -99.9 -9999.9 -9999.9 -0.0621999986 37.2971992493 -999.999 3678
MKN 2023 06 25 18 00 00 188 1.1 89.08 0 661.7 5.82 -99.9 -99.9 -99.9 -9999.9 -9999.9 -0.0621999986 37.2971992493 -999.999 3678
MKN 2023 06 25 19 00 00 151 2.2 86.82 0 662 4.83 -99.9 -99.9 -99.9 -9999.9 -9999.9 -0.0621999986 37.2971992493 -999.999 3678
MKN 2023 06 25 20 00 00 124 3.1 80.05 0 662 5.68 -99.9 -99.9 -99.9 -9999.9 -9999.9 -0.0621999986 37.2971992493 -999.999 3678
MKN 2023 06 25 21 00 00 122 2.9 81.35 0 661.9 5.22 -99.9 -99.9 -99.9 -9999.9 -9999.9 -0.0621999986 37.2971992493 -999.999 3678
MKN 2023 06 25 22 00 00 125 1.7 80.1 0 661.7 5.75 -99.9 -99.9 -99.9 -9999.9 -9999.9 -0.0621999986 37.2971992493 -999.999 3678
MKN 2023 06 25 23 00 00 166 1.1 83.17 0 661.3 5.08 -99.9 -99.9 -99.9 -9999.9 -9999.9 -0.0621999986 37.2971992493 -999.999 3678
MKN 2023 06 26 00 00 00 108 1.4 79.57 0 660.9 4.88 -99.9 -99.9 -99.9 -9999.9 -9999.9 -0.0621999986 37.2971992493 -999.999 3678
MKN 2023 06 26 01 00 00 122 3.1 77.05 0 660.8 5.47 -99.9 -99.9 -99.9 -9999.9 -9999.9 -0.0621999986 37.2971992493 -999.999 3678
MKN 2023 06 26 02 00 00 138 1.4 78.52 0 660.8 4.07 -99.9 -99.9 -99.9 -9999.9 -9999.9 -0.0621999986 37.2971992493 -999.999 3678
MKN 2023 06 26 03 00 00 142 2.5 71.2 0 661 4.15 -99.9 -99.9 -99.9 -9999.9 -9999.9 -0.0621999986 37.2971992493 -999.999 3678
MKN 2023 06 26 04 00 00 -99.9 2.1 99.25 -99.9 661.3 4.62 -99.9 -99.9 -99.9 -9999.9 -9999.9 -0.0621999986 37.2971992493 -999.999 3678
MKN 2023 06 26 05 00 00 221 1.9 94.68 0 661.6 6.75 -99.9 -99.9 -99.9 -9999.9 -9999.9 -0.0621999986 37.2971992493 -999.999 3678
MKN 2023 06 26 06 00 00 284 2 95.58 0 662.1 7.72 -99.9 -99.9 -99.9 -9999.9 -9999.9 -0.0621999986 37.2971992493 -999.999 3678
MKN 2023 06 26 07 00 00 315 2.2 95.07 0 662.3 8.2 -99.9 -99.9 -99.9 -9999.9 -9999.9 -0.0621999986 37.2971992493 -999.999 3678
MKN 2023 06 26 08 00 00 333 2.8 90.5 0 662.3 8.57 -99.9 -99.9 -99.9 -9999.9 -9999.9 -0.0621999986 37.2971992493 -999.999 3678
MKN 2023 06 26 09 00 00 353 3.7 88.05 0 662.3 9.55 -99.9 -99.9 -99.9 -9999.9 -9999.9 -0.0621999986 37.2971992493 -999.999 3678
MKN 2023 06 26 10 00 00 352 4.4 78.77 0 661.9 10.7 -99.9 -99.9 -99.9 -9999.9 -9999.9 -0.0621999986 37.2971992493 -999.999 3678
MKN 2023 06 26 11 00 00 1 5.2 87.65 0 661.6 9.62 -99.9 -99.9 -99.9 -9999.9 -9999.9 -0.0621999986 37.2971992493 -999.999 3678
MKN 2023 06 26 12 00 00 7 6 79.52 0 661.1 10.42 -99.9 -99.9 -99.9 -9999.9 -9999.9 -0.0621999986 37.2971992493 -999.999 3678
MKN 2023 06 26 13 00 00 1 4.8 83.6 0 660.8 9.8 -99.9 -99.9 -99.9 -9999.9 -9999.9 -0.0621999986 37.2971992493 -999.999 3678
MKN 2023 06 26 14 00 00 14 5.5 86.07 0 660.7 9.6 -99.9 -99.9 -99.9 -9999.9 -9999.9 -0.0621999986 37.2971992493 -999.999 3678
MKN 2023 06 26 15 00 00 7 3.6 92.73 0 660.8 8.03 -99.9 -99.9 -99.9 -9999.9 -9999.9 -0.0621999986 37.2971992493 -999.999 3678
MKN 2023 06 26 16 00 00 87 2.3 69.67 0 661 6.33 -99.9 -99.9 -99.9 -9999.9 -9999.9 -0.0621999986 37.2971992493 -999.999 3678
MKN 2023 06 26 17 00 00 117 3.2 68.55 0 661.1 6.02 -99.9 -99.9 -99.9 -9999.9 -9999.9 -0.0621999986 37.2971992493 -999.999 3678
MKN 2023 06 26 18 00 00 123 3.7 76.68 0 661.3 4.55 -99.9 -99.9 -99.9 -9999.9 -9999.9 -0.0621999986 37.2971992493 -999.999 3678
MKN 2023 06 26 19 00 00 117 1.9 75.38 0 661.7 4.63 -99.9 -99.9 -99.9 -9999.9 -9999.9 -0.0621999986 37.2971992493 -999.999 3678
MKN 2023 06 26 20 00 00 122 1.6 78 0 661.4 5.1 -99.9 -99.9 -99.9 -9999.9 -9999.9 -0.0621999986 37.2971992493 -999.999 3678
MKN 2023 06 26 21 00 00 141 1.7 85.83 0 661.3 4.08 -99.9 -99.9 -99.9 -9999.9 -9999.9 -0.0621999986 37.2971992493 -999.999 3678
MKN 2023 06 26 22 00 00 189 2.1 98.15 0 661.1 4.3 -99.9 -99.9 -99.9 -9999.9 -9999.9 -0.0621999986 37.2971992493 -999.999 3678
MKN 2023 06 26 23 00 00 221 2.3 90.45 0 660.9 3.58 -99.9 -99.9 -99.9 -9999.9 -9999.9 -0.0621999986 37.2971992493 -999.999 3678
MKN 2023 06 27 00 00 00 216 2 93.35 0 660.6 3.97 -99.9 -99.9 -99.9 -9999.9 -9999.9 -0.0621999986 37.2971992493 -999.999 3678
MKN 2023 06 27 01 00 00 233 2.3 99.27 0 660.7 4.45 -99.9 -99.9 -99.9 -9999.9 -9999.9 -0.0621999986 37.2971992493 -999.999 3678
MKN 2023 06 27 02 00 00 225 1.8 79.05 0 660.9 4.77 -99.9 -99.9 -99.9 -9999.9 -9999.9 -0.0621999986 37.2971992493 -999.999 3678
MKN 2023 06 27 03 00 00 123 3.9 64.77 0 661.1 5.32 -99.9 -99.9 -99.9 -9999.9 -9999.9 -0.0621999986 37.2971992493 -999.999 3678
MKN 2023 06 27 04 00 00 106 2.8 92.08 0 661.6 6.15 -99.9 -99.9 -99.9 -9999.9 -9999.9 -0.0621999986 37.2971992493 -999.999 3678
MKN 2023 06 27 05 00 00 344 1.1 88.92 0 661.9 8.02 -99.9 -99.9 -99.9 -9999.9 -9999.9 -0.0621999986 37.2971992493 -999.999 3678
MKN 2023 06 27 06 00 00 16 2.6 87.1 0 662.4 9.02 -99.9 -99.9 -99.9 -9999.9 -9999.9 -0.0621999986 37.2971992493 -999.999 3678
MKN 2023 06 27 07 00 00 341 2.3 91.28 0 662.8 8.72 -99.9 -99.9 -99.9 -9999.9 -9999.9 -0.0621999986 37.2971992493 -999.999 3678
MKN 2023 06 27 08 00 00 331 2.9 85.93 0 662.9 9.47 -99.9 -99.9 -99.9 -9999.9 -9999.9 -0.0621999986 37.2971992493 -999.999 3678
MKN 2023 06 27 09 00 00 340 3.4 81.8 0 662.8 10.47 -99.9 -99.9 -99.9 -9999.9 -9999.9 -0.0621999986 37.2971992493 -999.999 3678
MKN 2023 06 27 10 00 00 12 5.5 77.83 0 662.5 10.47 -99.9 -99.9 -99.9 -9999.9 -9999.9 -0.0621999986 37.2971992493 -999.999 3678
MKN 2023 06 27 11 00 00 11 6.2 96.15 0 662 7.98 -99.9 -99.9 -99.9 -9999.9 -9999.9 -0.0621999986 37.2971992493 -999.999 3678
MKN 2023 06 27 12 00 00 36 4.8 99.3 8.6 661.7 7.35 -99.9 -99.9 -99.9 -9999.9 -9999.9 -0.0621999986 37.2971992493 -999.999 3678
MKN 2023 06 27 13 00 00 42 2.8 99.3 0.3 661.6 8.67 -99.9 -99.9 -99.9 -9999.9 -9999.9 -0.0621999986 37.2971992493 -999.999 3678
MKN 2023 06 27 14 00 00 25 3.4 98.68 0 661.3 8.55 -99.9 -99.9 -99.9 -9999.9 -9999.9 -0.0621999986 37.2971992493 -999.999 3678
MKN 2023 06 27 15 00 00 32 3.1 99.07 0 661.5 6.9 -99.9 -99.9 -99.9 -9999.9 -9999.9 -0.0621999986 37.2971992493 -999.999 3678
MKN 2023 06 27 16 00 00 101 3 80.22 0 661.7 4.3 -99.9 -99.9 -99.9 -9999.9 -9999.9 -0.0621999986 37.2971992493 -999.999 3678
MKN 2023 06 27 17 00 00 126 1.8 80.18 0 661.9 4.93 -99.9 -99.9 -99.9 -9999.9 -9999.9 -0.0621999986 37.2971992493 -999.999 3678
MKN 2023 06 27 18 00 00 252 1.9 74.1 0 662.3 4.38 -99.9 -99.9 -99.9 -9999.9 -9999.9 -0.0621999986 37.2971992493 -999.999 3678
MKN 2023 06 27 19 00 00 164 2.1 71.45 0 662.5 3.93 -99.9 -99.9 -99.9 -9999.9 -9999.9 -0.0621999986 37.2971992493 -999.999 3678
MKN 2023 06 27 20 00 00 143 1.5 67.77 0 662.5 4.4 -99.9 -99.9 -99.9 -9999.9 -9999.9 -0.0621999986 37.2971992493 -999.999 3678
MKN 2023 06 27 21 00 00 159 1.5 66.65 0 662.4 4.35 -99.9 -99.9 -99.9 -9999.9 -9999.9 -0.0621999986 37.2971992493 -999.999 3678
MKN 2023 06 27 22 00 00 139 1.9 58.28 0 661.9 5.53 -99.9 -99.9 -99.9 -9999.9 -9999.9 -0.0621999986 37.2971992493 -999.999 3678
MKN 2023 06 27 23 00 00 124 5.8 53.87 0 661.4 6.38 -99.9 -99.9 -99.9 -9999.9 -9999.9 -0.0621999986 37.2971992493 -999.999 3678
MKN 2023 06 28 00 00 00 131 7.3 51.72 0 661 6.62 -99.9 -99.9 -99.9 -9999.9 -9999.9 -0.0621999986 37.2971992493 -999.999 3678
MKN 2023 06 28 01 00 00 129 6.2 51.08 0 661 6.65 -99.9 -99.9 -99.9 -9999.9 -9999.9 -0.0621999986 37.2971992493 -999.999 3678
MKN 2023 06 28 02 00 00 139 7.7 51.12 0 661 6.72 -99.9 -99.9 -99.9 -9999.9 -9999.9 -0.0621999986 37.2971992493 -999.999 3678
MKN 2023 06 28 03 00 00 141 9.2 52.63 0 661.2 6.38 -99.9 -99.9 -99.9 -9999.9 -9999.9 -0.0621999986 37.2971992493 -999.999 3678
MKN 2023 06 28 04 00 00 147 5.2 60.93 0 661.8 7.43 -99.9 -99.9 -99.9 -9999.9 -9999.9 -0.0621999986 37.2971992493 -999.999 3678
MKN 2023 06 28 05 00 00 95 4.9 61.67 0 662.7 9.72 -99.9 -99.9 -99.9 -9999.9 -9999.9 -0.0621999986 37.2971992493 -999.999 3678
MKN 2023 06 28 06 00 00 34 5.5 91.52 0 663.2 7.92 -99.9 -99.9 -99.9 -9999.9 -9999.9 -0.0621999986 37.2971992493 -999.999 3678
MKN 2023 06 28 07 00 00 344 3.9 79.45 0 663.7 9.65 -99.9 -99.9 -99.9 -9999.9 -9999.9 -0.0621999986 37.2971992493 -999.999 3678
MKN 2023 06 28 08 00 00 21 4.9 77.33 0 663.8 10.57 -99.9 -99.9 -99.9 -9999.9 -9999.9 -0.0621999986 37.2971992493 -999.999 3678
MKN 2023 06 28 09 00 00 351 4.9 90.68 0 663.8 9.38 -99.9 -99.9 -99.9 -9999.9 -9999.9 -0.0621999986 37.2971992493 -999.999 3678
MKN 2023 06 28 10 00 00 340 4.4 99.27 2.3 663.5 4.9 -99.9 -99.9 -99.9 -9999.9 -9999.9 -0.0621999986 37.2971992493 -999.999 3678
MKN 2023 06 28 11 00 00 -99.9 4.2 98.4 -99.9 663.5 3.47 -99.9 -99.9 -99.9 -9999.9 -9999.9 -0.0621999986 37.2971992493 -999.999 3678
MKN 2023 06 28 12 00 00 126 7.7 93.2 -99.9 662.8 5.15 -99.9 -99.9 -99.9 -9999.9 -9999.9 -0.0621999986 37.2971992493 -999.999 3678
MKN 2023 06 28 13 00 00 135 4 93.85 5.1 662.4 6.32 -99.9 -99.9 -99.9 -9999.9 -9999.9 -0.0621999986 37.2971992493 -999.999 3678
MKN 2023 06 28 14 00 00 133 4.5 83.48 0.1 662.2 6.95 -99.9 -99.9 -99.9 -9999.9 -9999.9 -0.0621999986 37.2971992493 -999.999 3678
MKN 2023 06 28 15 00 00 49 2.5 99.18 0 662.8 5.97 -99.9 -99.9 -99.9 -9999.9 -9999.9 -0.0621999986 37.2971992493 -999.999 3678
MKN 2023 06 28 16 00 00 127 2.1 97.17 0 663.1 5.83 -99.9 -99.9 -99.9 -9999.9 -9999.9 -0.0621999986 37.2971992493 -999.999 3678
MKN 2023 06 28 17 00 00 190 1.7 76.97 0 663.1 6.1 -99.9 -99.9 -99.9 -9999.9 -9999.9 -0.0621999986 37.2971992493 -999.999 3678
MKN 2023 06 28 18 00 00 185 2 66.62 0 663.4 5.27 -99.9 -99.9 -99.9 -9999.9 -9999.9 -0.0621999986 37.2971992493 -999.999 3678
MKN 2023 06 28 19 00 00 196 2.6 59.27 0 663.6 5.92 -99.9 -99.9 -99.9 -9999.9 -9999.9 -0.0621999986 37.2971992493 -999.999 3678
MKN 2023 06 28 20 00 00 205 2.6 66.62 0 663.5 4.62 -99.9 -99.9 -99.9 -9999.9 -9999.9 -0.0621999986 37.2971992493 -999.999 3678
MKN 2023 06 28 21 00 00 131 3.2 63.98 0 663.1 4.97 -99.9 -99.9 -99.9 -9999.9 -9999.9 -0.0621999986 37.2971992493 -999.999 3678
MKN 2023 06 28 22 00 00 123 3.3 61.1 0 662.8 5.62 -99.9 -99.9 -99.9 -9999.9 -9999.9 -0.0621999986 37.2971992493 -999.999 3678
MKN 2023 06 28 23 00 00 123 5.2 60.1 0 662.2 5.83 -99.9 -99.9 -99.9 -9999.9 -9999.9 -0.0621999986 37.2971992493 -999.999 3678
MKN 2023 06 29 00 00 00 120 5.5 65.13 0 661.9 4.78 -99.9 -99.9 -99.9 -9999.9 -9999.9 -0.0621999986 37.2971992493 -999.999 3678
MKN 2023 06 29 01 00 00 114 3.3 69.95 0 661.8 3.83 -99.9 -99.9 -99.9 -9999.9 -9999.9 -0.0621999986 37.2971992493 -999.999 3678
MKN 2023 06 29 02 00 00 126 2.7 70.23 0 661.9 4.47 -99.9 -99.9 -99.9 -9999.9 -9999.9 -0.0621999986 37.2971992493 -999.999 3678
MKN 2023 06 29 03 00 00 115 4.4 72.8 0 662.1 4.72 -99.9 -99.9 -99.9 -9999.9 -9999.9 -0.0621999986 37.2971992493 -999.999 3678
MKN 2023 06 29 04 00 00 120 4.6 69.52 0 662.4 7.3 -99.9 -99.9 -99.9 -9999.9 -9999.9 -0.0621999986 37.2971992493 -999.999 3678
MKN 2023 06 29 05 00 00 104 4.3 73.13 0 663 9.45 -99.9 -99.9 -99.9 -9999.9 -9999.9 -0.0621999986 37.2971992493 -999.999 3678
MKN 2023 06 29 06 00 00 67 3.8 73.27 0 663.5 9.93 -99.9 -99.9 -99.9 -9999.9 -9999.9 -0.0621999986 37.2971992493 -999.999 3678
MKN 2023 06 29 07 00 00 39 6 75.03 0 663.9 10.58 -99.9 -99.9 -99.9 -9999.9 -9999.9 -0.0621999986 37.2971992493 -999.999 3678
MKN 2023 06 29 08 00 00 37 4.8 93.92 0 664 9.4 -99.9 -99.9 -99.9 -9999.9 -9999.9 -0.0621999986 37.2971992493 -999.999 3678
MKN 2023 06 29 09 00 00 22 4.3 98.77 0 663.9 8.83 -99.9 -99.9 -99.9 -9999.9 -9999.9 -0.0621999986 37.2971992493 -999.999 3678
MKN 2023 06 29 10 00 00 19 5 95.22 0 663.6 9.38 -99.9 -99.9 -99.9 -9999.9 -9999.9 -0.0621999986 37.2971992493 -999.999 3678
MKN 2023 06 29 11 00 00 11 4.3 99.27 0.8 663.1 6.5 -99.9 -99.9 -99.9 -9999.9 -9999.9 -0.0621999986 37.2971992493 -999.999 3678
MKN 2023 06 29 12 00 00 153 2.4 99.22 8.4 662.6 7.4 -99.9 -99.9 -99.9 -9999.9 -9999.9 -0.0621999986 37.2971992493 -999.999 3678
MKN 2023 06 29 13 00 00 108 1.3 98.3 0 662.3 8.52 -99.9 -99.9 -99.9 -9999.9 -9999.9 -0.0621999986 37.2971992493 -999.999 3678
MKN 2023 06 29 14 00 00 4 1.9 99.28 0 662.2 8 -99.9 -99.9 -99.9 -9999.9 -9999.9 -0.0621999986 37.2971992493 -999.999 3678
MKN 2023 06 29 15 00 00 326 1.4 98.15 0 662.3 7.03 -99.9 -99.9 -99.9 -9999.9 -9999.9 -0.0621999986 37.2971992493 -999.999 3678
MKN 2023 06 29 16 00 00 132 1.6 73.33 0 662.2 5.37 -99.9 -99.9 -99.9 -9999.9 -9999.9 -0.0621999986 37.2971992493 -999.999 3678
MKN 2023 06 29 17 00 00 128 3.1 71.67 0 662.3 4.77 -99.9 -99.9 -99.9 -9999.9 -9999.9 -0.0621999986 37.2971992493 -999.999 3678
MKN 2023 06 29 18 00 00 118 2.6 66.6 0 662.7 5.1 -99.9 -99.9 -99.9 -9999.9 -9999.9 -0.0621999986 37.2971992493 -999.999 3678
MKN 2023 06 29 19 00 00 131 3 66.27 0 663 5.6 -99.9 -99.9 -99.9 -9999.9 -9999.9 -0.0621999986 37.2971992493 -999.999 3678
MKN 2023 06 29 20 00 00 111 2.9 61.28 0 663 5.37 -99.9 -99.9 -99.9 -9999.9 -9999.9 -0.0621999986 37.2971992493 -999.999 3678
MKN 2023 06 29 21 00 00 118 2.9 57.12 0 662.7 5.72 -99.9 -99.9 -99.9 -9999.9 -9999.9 -0.0621999986 37.2971992493 -999.999 3678
MKN 2023 06 29 22 00 00 122 4.4 52.22 0 662.3 6.4 -99.9 -99.9 -99.9 -9999.9 -9999.9 -0.0621999986 37.2971992493 -999.999 3678
MKN 2023 06 29 23 00 00 131 5.2 50.63 0 661.7 6.55 -99.9 -99.9 -99.9 -9999.9 -9999.9 -0.0621999986 37.2971992493 -999.999 3678
MKN 2023 06 30 00 00 00 123 6.2 46.4 0 661.4 6.78 -99.9 -99.9 -99.9 -9999.9 -9999.9 -0.0621999986 37.2971992493 -999.999 3678
MKN 2023 06 30 01 00 00 118 4.4 49.65 0 661.3 5.57 -99.9 -99.9 -99.9 -9999.9 -9999.9 -0.0621999986 37.2971992493 -999.999 3678
MKN 2023 06 30 02 00 00 108 3.1 54.77 0 661.5 5.43 -99.9 -99.9 -99.9 -9999.9 -9999.9 -0.0621999986 37.2971992493 -999.999 3678
MKN 2023 06 30 03 00 00 119 4.3 50.33 0 661.7 5.93 -99.9 -99.9 -99.9 -9999.9 -9999.9 -0.0621999986 37.2971992493 -999.999 3678
MKN 2023 06 30 04 00 00 116 4.6 76.08 0 662.1 5.25 -99.9 -99.9 -99.9 -9999.9 -9999.9 -0.0621999986 37.2971992493 -999.999 3678
MKN 2023 06 30 05 00 00 66 1.5 98.03 0 662.6 4.67 -99.9 -99.9 -99.9 -9999.9 -9999.9 -0.0621999986 37.2971992493 -999.999 3678
MKN 2023 06 30 06 00 00 51 1.6 88.73 0 663.1 7 -99.9 -99.9 -99.9 -9999.9 -9999.9 -0.0621999986 37.2971992493 -999.999 3678
MKN 2023 06 30 07 00 00 29 3.3 82.05 0 663.5 8.58 -99.9 -99.9 -99.9 -9999.9 -9999.9 -0.0621999986 37.2971992493 -999.999 3678
MKN 2023 06 30 08 00 00 356 3.5 94.6 0 663.6 8.12 -99.9 -99.9 -99.9 -9999.9 -9999.9 -0.0621999986 37.2971992493 -999.999 3678
MKN 2023 06 30 09 00 00 333 3.5 94.58 0 663.4 8.2 -99.9 -99.9 -99.9 -9999.9 -9999.9 -0.0621999986 37.2971992493 -999.999 3678
MKN 2023 06 30 10 00 00 2 3.3 97.6 0 663.1 8.72 -99.9 -99.9 -99.9 -9999.9 -9999.9 -0.0621999986 37.2971992493 -999.999 3678
MKN 2023 06 30 11 00 00 15 4.4 94.8 0 662.9 8.6 -99.9 -99.9 -99.9 -9999.9 -9999.9 -0.0621999986 37.2971992493 -999.999 3678
MKN 2023 06 30 12 00 00 358 3.3 90.22 0 662.4 9.48 -99.9 -99.9 -99.9 -9999.9 -9999.9 -0.0621999986 37.2971992493 -999.999 3678
MKN 2023 06 30 13 00 00 352 3.7 94.48 0 661.9 8.88 -99.9 -99.9 -99.9 -9999.9 -9999.9 -0.0621999986 37.2971992493 -999.999 3678
MKN 2023 06 30 14 00 00 345 3.6 95.65 0 661.8 8.22 -99.9 -99.9 -99.9 -9999.9 -9999.9 -0.0621999986 37.2971992493 -999.999 3678
MKN 2023 06 30 15 00 00 37 3 99.22 0 661.8 6.58 -99.9 -99.9 -99.9 -9999.9 -9999.9 -0.0621999986 37.2971992493 -999.999 3678
MKN 2023 06 30 16 00 00 146 1.3 99.3 0 661.9 5.07 -99.9 -99.9 -99.9 -9999.9 -9999.9 -0.0621999986 37.2971992493 -999.999 3678
MKN 2023 06 30 17 00 00 225 1.3 99.25 0 662 5.9 -99.9 -99.9 -99.9 -9999.9 -9999.9 -0.0621999986 37.2971992493 -999.999 3678
MKN 2023 06 30 18 00 00 210 1.2 98.17 0 662.5 5.33 -99.9 -99.9 -99.9 -9999.9 -9999.9 -0.0621999986 37.2971992493 -999.999 3678
MKN 2023 06 30 19 00 00 159 1.2 94.02 0 662.9 4.15 -99.9 -99.9 -99.9 -9999.9 -9999.9 -0.0621999986 37.2971992493 -999.999 3678
MKN 2023 06 30 20 00 00 204 2.4 91.28 0 662.9 4.08 -99.9 -99.9 -99.9 -9999.9 -9999.9 -0.0621999986 37.2971992493 -999.999 3678
MKN 2023 06 30 21 00 00 203 1.7 78.03 0 662.8 3.5 -99.9 -99.9 -99.9 -9999.9 -9999.9 -0.0621999986 37.2971992493 -999.999 3678
MKN 2023 06 30 22 00 00 144 2.1 72.22 0 662.3 4.13 -99.9 -99.9 -99.9 -9999.9 -9999.9 -0.0621999986 37.2971992493 -999.999 3678
MKN 2023 06 30 23 00 00 108 1.2 61.52 0 661.9 4.65 -99.9 -99.9 -99.9 -9999.9 -9999.9 -0.0621999986 37.2971992493 -999.999 3678
MKN 2023 07 01 00 00 00 113 3.9 67.3 0 661.6 4.27 -99.9 -99.9 -99.9 -9999.9 -9999.9 -0.0621999986 37.2971992493 -999.999 3678
MKN 2023 07 01 01 00 00 113 2.4 75.25 0 661.5 3.3 -99.9 -99.9 -99.9 -9999.9 -9999.9 -0.0621999986 37.2971992493 -999.999 3678
MKN 2023 07 01 02 00 00 165 1.2 80.58 0 661.6 4.07 -99.9 -99.9 -99.9 -9999.9 -9999.9 -0.0621999986 37.2971992493 -999.999 3678
MKN 2023 07 01 03 00 00 191 0.7 88.53 0 662 2.98 -99.9 -99.9 -99.9 -9999.9 -9999.9 -0.0621999986 37.2971992493 -999.999 3678
MKN 2023 07 01 04 00 00 106 1.8 79.53 0 662.1 5.52 -99.9 -99.9 -99.9 -9999.9 -9999.9 -0.0621999986 37.2971992493 -999.999 3678
MKN 2023 07 01 05 00 00 111 1.8 71.05 0 662.7 8.02 -99.9 -99.9 -99.9 -9999.9 -9999.9 -0.0621999986 37.2971992493 -999.999 3678
MKN 2023 07 01 06 00 00 321 2.3 81.9 0 663.2 8.08 -99.9 -99.9 -99.9 -9999.9 -9999.9 -0.0621999986 37.2971992493 -999.999 3678
MKN 2023 07 01 07 00 00 303 3 96.82 0 663.6 7.72 -99.9 -99.9 -99.9 -9999.9 -9999.9 -0.0621999986 37.2971992493 -999.999 3678
MKN 2023 07 01 08 00 00 304 2.4 98.12 0 664 7.72 -99.9 -99.9 -99.9 -9999.9 -9999.9 -0.0621999986 37.2971992493 -999.999 3678
MKN 2023 07 01 09 00 00 321 3 98.5 0 663.9 7.83 -99.9 -99.9 -99.9 -9999.9 -9999.9 -0.0621999986 37.2971992493 -999.999 3678
MKN 2023 07 01 10 00 00 339 3.1 96.93 0 663.6 8.35 -99.9 -99.9 -99.9 -9999.9 -9999.9 -0.0621999986 37.2971992493 -999.999 3678
MKN 2023 07 01 11 00 00 357 3.8 99.25 0 663.4 7.47 -99.9 -99.9 -99.9 -9999.9 -9999.9 -0.0621999986 37.2971992493 -999.999 3678
MKN 2023 07 01 12 00 00 5 2.7 98.15 0.6 663 6.23 -99.9 -99.9 -99.9 -9999.9 -9999.9 -0.0621999986 37.2971992493 -999.999 3678
MKN 2023 07 01 13 00 00 135 3.1 93.77 6 662.5 6.92 -99.9 -99.9 -99.9 -9999.9 -9999.9 -0.0621999986 37.2971992493 -999.999 3678
MKN 2023 07 01 14 00 00 82 2 98.25 3.7 662.3 7.2 -99.9 -99.9 -99.9 -9999.9 -9999.9 -0.0621999986 37.2971992493 -999.999 3678
MKN 2023 07 01 15 00 00 279 1.5 96.93 0 662.3 6.83 -99.9 -99.9 -99.9 -9999.9 -9999.9 -0.0621999986 37.2971992493 -999.999 3678
MKN 2023 07 01 16 00 00 190 1.4 97.27 0 662.5 5.28 -99.9 -99.9 -99.9 -9999.9 -9999.9 -0.0621999986 37.2971992493 -999.999 3678
MKN 2023 07 01 17 00 00 90 0.6 92.95 0 662.5 3.97 -99.9 -99.9 -99.9 -9999.9 -9999.9 -0.0621999986 37.2971992493 -999.999 3678
MKN 2023 07 01 18 00 00 129 0.9 90.6 0 662.9 3.72 -99.9 -99.9 -99.9 -9999.9 -9999.9 -0.0621999986 37.2971992493 -999.999 3678
MKN 2023 07 01 19 00 00 146 1.5 88.58 0 663.2 3.87 -99.9 -99.9 -99.9 -9999.9 -9999.9 -0.0621999986 37.2971992493 -999.999 3678
MKN 2023 07 01 20 00 00 99 1.4 88.6 0 663.3 4.18 -99.9 -99.9 -99.9 -9999.9 -9999.9 -0.0621999986 37.2971992493 -999.999 3678
MKN 2023 07 01 21 00 00 104 1 93.5 0 663.3 3.17 -99.9 -99.9 -99.9 -9999.9 -9999.9 -0.0621999986 37.2971992493 -999.999 3678
MKN 2023 07 01 22 00 00 143 1.5 87.58 0 663 2.9 -99.9 -99.9 -99.9 -9999.9 -9999.9 -0.0621999986 37.2971992493 -999.999 3678
MKN 2023 07 01 23 00 00 162 1.5 84.32 0 662.6 3.43 -99.9 -99.9 -99.9 -9999.9 -9999.9 -0.0621999986 37.2971992493 -999.999 3678
MKN 2023 07 02 00 00 00 162 0.8 86.22 0 662.2 3.87 -99.9 -99.9 -99.9 -9999.9 -9999.9 -0.0621999986 37.2971992493 -999.999 3678
MKN 2023 07 02 01 00 00 191 1 92.47 0 662 3.08 -99.9 -99.9 -99.9 -9999.9 -9999.9 -0.0621999986 37.2971992493 -999.999 3678
MKN 2023 07 02 02 00 00 186 1.2 92.23 0 662.2 3.15 -99.9 -99.9 -99.9 -9999.9 -9999.9 -0.0621999986 37.2971992493 -999.999 3678
MKN 2023 07 02 03 00 00 149 1.3 92.18 0 662.3 2.92 -99.9 -99.9 -99.9 -9999.9 -9999.9 -0.0621999986 37.2971992493 -999.999 3678
MKN 2023 07 02 04 00 00 117 2.5 87.45 0 662.6 5.62 -99.9 -99.9 -99.9 -9999.9 -9999.9 -0.0621999986 37.2971992493 -999.999 3678
MKN 2023 07 02 05 00 00 109 2.3 78.15 0 663.1 8.08 -99.9 -99.9 -99.9 -9999.9 -9999.9 -0.0621999986 37.2971992493 -999.999 3678
MKN 2023 07 02 06 00 00 14 3.4 89.7 0 663.5 7.37 -99.9 -99.9 -99.9 -9999.9 -9999.9 -0.0621999986 37.2971992493 -999.999 3678
MKN 2023 07 02 07 00 00 322 2.6 97.3 0 664 7.58 -99.9 -99.9 -99.9 -9999.9 -9999.9 -0.0621999986 37.2971992493 -999.999 3678
MKN 2023 07 02 08 00 00 318 2.7 97.12 0 664.1 7.98 -99.9 -99.9 -99.9 -9999.9 -9999.9 -0.0621999986 37.2971992493 -999.999 3678
MKN 2023 07 02 09 00 00 349 3.3 98.57 0 664 7.95 -99.9 -99.9 -99.9 -9999.9 -9999.9 -0.0621999986 37.2971992493 -999.999 3678
MKN 2023 07 02 10 00 00 332 2.9 99.18 0 663.8 7.77 -99.9 -99.9 -99.9 -9999.9 -9999.9 -0.0621999986 37.2971992493 -999.999 3678
MKN 2023 07 02 11 00 00 330 3.7 97.98 0 663.4 7.82 -99.9 -99.9 -99.9 -9999.9 -9999.9 -0.0621999986 37.2971992493 -999.999 3678
MKN 2023 07 02 12 00 00 0 2.2 97.13 0 663.1 7.45 -99.9 -99.9 -99.9 -9999.9 -9999.9 -0.0621999986 37.2971992493 -999.999 3678
MKN 2023 07 02 13 00 00 343 2.8 98.58 0 662.8 7.92 -99.9 -99.9 -99.9 -9999.9 -9999.9 -0.0621999986 37.2971992493 -999.999 3678
MKN 2023 07 02 14 00 00 332 2.3 98.55 0 662.6 7.22 -99.9 -99.9 -99.9 -9999.9 -9999.9 -0.0621999986 37.2971992493 -999.999 3678
MKN 2023 07 02 15 00 00 19 2.2 96.88 0 662.7 5.73 -99.9 -99.9 -99.9 -9999.9 -9999.9 -0.0621999986 37.2971992493 -999.999 3678
MKN 2023 07 02 16 00 00 128 1.9 87.25 0 662.8 5.13 -99.9 -99.9 -99.9 -9999.9 -9999.9 -0.0621999986 37.2971992493 -999.999 3678
MKN 2023 07 02 17 00 00 227 2 96.77 0 663 4.27 -99.9 -99.9 -99.9 -9999.9 -9999.9 -0.0621999986 37.2971992493 -999.999 3678
MKN 2023 07 02 18 00 00 253 2.2 91.88 0 663.4 3.82 -99.9 -99.9 -99.9 -9999.9 -9999.9 -0.0621999986 37.2971992493 -999.999 3678
MKN 2023 07 02 19 00 00 222 1.9 82.68 0 663.4 4.03 -99.9 -99.9 -99.9 -9999.9 -9999.9 -0.0621999986 37.2971992493 -999.999 3678
MKN 2023 07 02 20 00 00 230 2.7 77.45 0 663.6 4.18 -99.9 -99.9 -99.9 -9999.9 -9999.9 -0.0621999986 37.2971992493 -999.999 3678
MKN 2023 07 02 21 00 00 222 1.6 90.57 0 663.5 2.97 -99.9 -99.9 -99.9 -9999.9 -9999.9 -0.0621999986 37.2971992493 -999.999 3678
MKN 2023 07 02 22 00 00 212 1.9 72.02 0 663 4.32 -99.9 -99.9 -99.9 -9999.9 -9999.9 -0.0621999986 37.2971992493 -999.999 3678
MKN 2023 07 02 23 00 00 230 1.4 83.2 0 662.7 3.15 -99.9 -99.9 -99.9 -9999.9 -9999.9 -0.0621999986 37.2971992493 -999.999 3678
MKN 2023 07 03 00 00 00 209 2 87.92 0 662.3 3.65 -99.9 -99.9 -99.9 -9999.9 -9999.9 -0.0621999986 37.2971992493 -999.999 3678
MKN 2023 07 03 01 00 00 200 1.5 89.42 0 662 2.97 -99.9 -99.9 -99.9 -9999.9 -9999.9 -0.0621999986 37.2971992493 -999.999 3678
MKN 2023 07 03 02 00 00 174 1.7 90.32 0 662 4.1 -99.9 -99.9 -99.9 -9999.9 -9999.9 -0.0621999986 37.2971992493 -999.999 3678
MKN 2023 07 03 03 00 00 297 0.9 98.22 0 662.4 2.83 -99.9 -99.9 -99.9 -9999.9 -9999.9 -0.0621999986 37.2971992493 -999.999 3678
MKN 2023 07 03 04 00 00 135 0.6 79.95 0 662.7 5.62 -99.9 -99.9 -99.9 -9999.9 -9999.9 -0.0621999986 37.2971992493 -999.999 3678
MKN 2023 07 03 05 00 00 101 2.4 73.6 0 663 8.35 -99.9 -99.9 -99.9 -9999.9 -9999.9 -0.0621999986 37.2971992493 -999.999 3678
MKN 2023 07 03 06 00 00 28 2.4 87 0 663.6 8.3 -99.9 -99.9 -99.9 -9999.9 -9999.9 -0.0621999986 37.2971992493 -999.999 3678
MKN 2023 07 03 07 00 00 333 3.2 95.3 0 664 8.53 -99.9 -99.9 -99.9 -9999.9 -9999.9 -0.0621999986 37.2971992493 -999.999 3678
MKN 2023 07 03 08 00 00 340 3.2 98.57 0 664.1 7.62 -99.9 -99.9 -99.9 -9999.9 -9999.9 -0.0621999986 37.2971992493 -999.999 3678
MKN 2023 07 03 09 00 00 336 3.5 94.42 0 664.2 8.25 -99.9 -99.9 -99.9 -9999.9 -9999.9 -0.0621999986 37.2971992493 -999.999 3678
MKN 2023 07 03 10 00 00 348 3.3 86.87 0 663.8 9.37 -99.9 -99.9 -99.9 -9999.9 -9999.9 -0.0621999986 37.2971992493 -999.999 3678
MKN 2023 07 03 11 00 00 5 3.8 97.7 0 663.5 7.83 -99.9 -99.9 -99.9 -9999.9 -9999.9 -0.0621999986 37.2971992493 -999.999 3678
MKN 2023 07 03 12 00 00 346 4.1 97.82 0 663.1 7.42 -99.9 -99.9 -99.9 -9999.9 -9999.9 -0.0621999986 37.2971992493 -999.999 3678
MKN 2023 07 03 13 00 00 355 2.4 99.1 0 662.7 7.35 -99.9 -99.9 -99.9 -9999.9 -9999.9 -0.0621999986 37.2971992493 -999.999 3678
MKN 2023 07 03 14 00 00 352 3 99.23 0 662.6 6.83 -99.9 -99.9 -99.9 -9999.9 -9999.9 -0.0621999986 37.2971992493 -999.999 3678
MKN 2023 07 03 15 00 00 5 1.4 99.28 0 662.7 6.13 -99.9 -99.9 -99.9 -9999.9 -9999.9 -0.0621999986 37.2971992493 -999.999 3678
MKN 2023 07 03 16 00 00 198 1.4 91.87 0 662.8 4.72 -99.9 -99.9 -99.9 -9999.9 -9999.9 -0.0621999986 37.2971992493 -999.999 3678
MKN 2023 07 03 17 00 00 197 2.4 84.75 0 663 4.43 -99.9 -99.9 -99.9 -9999.9 -9999.9 -0.0621999986 37.2971992493 -999.999 3678
MKN 2023 07 03 18 00 00 199 2.1 81.87 0 663.3 4.2 -99.9 -99.9 -99.9 -9999.9 -9999.9 -0.0621999986 37.2971992493 -999.999 3678
MKN 2023 07 03 19 00 00 203 2.7 81.03 0 663.5 3.98 -99.9 -99.9 -99.9 -9999.9 -9999.9 -0.0621999986 37.2971992493 -999.999 3678
MKN 2023 07 03 20 00 00 200 1.1 76.98 0 663.3 4.35 -99.9 -99.9 -99.9 -9999.9 -9999.9 -0.0621999986 37.2971992493 -999.999 3678
MKN 2023 07 03 21 00 00 204 1.5 65.77 0 663.1 4.53 -99.9 -99.9 -99.9 -9999.9 -9999.9 -0.0621999986 37.2971992493 -999.999 3678
MKN 2023 07 03 22 00 00 247 1.5 72.27 0 662.8 3.88 -99.9 -99.9 -99.9 -9999.9 -9999.9 -0.0621999986 37.2971992493 -999.999 3678
MKN 2023 07 03 23 00 00 215 2.2 74.72 0 662.4 3.83 -99.9 -99.9 -99.9 -9999.9 -9999.9 -0.0621999986 37.2971992493 -999.999 3678
MKN 2023 07 04 00 00 00 209 2.6 74.85 0 662.2 4.15 -99.9 -99.9 -99.9 -9999.9 -9999.9 -0.0621999986 37.2971992493 -999.999 3678
MKN 2023 07 04 01 00 00 248 1.2 83.72 0 662 3.18 -99.9 -99.9 -99.9 -9999.9 -9999.9 -0.0621999986 37.2971992493 -999.999 3678
MKN 2023 07 04 02 00 00 216 2.7 88.45 0 662.2 3.05 -99.9 -99.9 -99.9 -9999.9 -9999.9 -0.0621999986 37.2971992493 -999.999 3678
MKN 2023 07 04 03 00 00 243 1.9 94.88 0 662.4 2.33 -99.9 -99.9 -99.9 -9999.9 -9999.9 -0.0621999986 37.2971992493 -999.999 3678
MKN 2023 07 04 04 00 00 208 1.6 91.43 0 662.4 4.52 -99.9 -99.9 -99.9 -9999.9 -9999.9 -0.0621999986 37.2971992493 -999.999 3678
MKN 2023 07 04 05 00 00 214 1.2 83.03 0 662.9 6.62 -99.9 -99.9 -99.9 -9999.9 -9999.9 -0.0621999986 37.2971992493 -999.999 3678
MKN 2023 07 04 06 00 00 318 2 94.78 0 663.4 6.95 -99.9 -99.9 -99.9 -9999.9 -9999.9 -0.0621999986 37.2971992493 -999.999 3678
MKN 2023 07 04 07 00 00 329 3.4 94.77 0 663.8 7.4 -99.9 -99.9 -99.9 -9999.9 -9999.9 -0.0621999986 37.2971992493 -999.999 3678
MKN 2023 07 04 08 00 00 356 2.9 86.12 0 663.9 8.27 -99.9 -99.9 -99.9 -9999.9 -9999.9 -0.0621999986 37.2971992493 -999.999 3678
MKN 2023 07 04 09 00 00 353 4.1 88 0 663.7 8.28 -99.9 -99.9 -99.9 -9999.9 -9999.9 -0.0621999986 37.2971992493 -999.999 3678
MKN 2023 07 04 10 00 00 22 3.9 89.33 0 663.3 8.4 -99.9 -99.9 -99.9 -9999.9 -9999.9 -0.0621999986 37.2971992493 -999.999 3678
MKN 2023 07 04 11 00 00 19 3.2 93.03 0 662.9 7.82 -99.9 -99.9 -99.9 -9999.9 -9999.9 -0.0621999986 37.2971992493 -999.999 3678
MKN 2023 07 04 12 00 00 356 3.1 89.68 0 662.4 8.55 -99.9 -99.9 -99.9 -9999.9 -9999.9 -0.0621999986 37.2971992493 -999.999 3678
MKN 2023 07 04 13 00 00 9 4.6 98.48 0 662 7.08 -99.9 -99.9 -99.9 -9999.9 -9999.9 -0.0621999986 37.2971992493 -999.999 3678
MKN 2023 07 04 14 00 00 358 3.3 98.75 0 661.8 6.83 -99.9 -99.9 -99.9 -9999.9 -9999.9 -0.0621999986 37.2971992493 -999.999 3678
MKN 2023 07 04 15 00 00 332 2.3 99.07 0 661.6 6.22 -99.9 -99.9 -99.9 -9999.9 -9999.9 -0.0621999986 37.2971992493 -999.999 3678
MKN 2023 07 04 16 00 00 14 1 99.07 0 661.6 5 -99.9 -99.9 -99.9 -9999.9 -9999.9 -0.0621999986 37.2971992493 -999.999 3678
MKN 2023 07 04 17 00 00 227 1.8 95.68 0 661.9 4.47 -99.9 -99.9 -99.9 -9999.9 -9999.9 -0.0621999986 37.2971992493 -999.999 3678
MKN 2023 07 04 18 00 00 213 2.5 91 0 662.2 4.02 -99.9 -99.9 -99.9 -9999.9 -9999.9 -0.0621999986 37.2971992493 -999.999 3678
MKN 2023 07 04 19 00 00 196 3.3 82.95 0 662.3 4.1 -99.9 -99.9 -99.9 -9999.9 -9999.9 -0.0621999986 37.2971992493 -999.999 3678
MKN 2023 07 04 20 00 00 207 2.1 78.15 0 662.2 4.37 -99.9 -99.9 -99.9 -9999.9 -9999.9 -0.0621999986 37.2971992493 -999.999 3678
MKN 2023 07 04 21 00 00 205 2.1 82.88 0 662.2 4.07 -99.9 -99.9 -99.9 -9999.9 -9999.9 -0.0621999986 37.2971992493 -999.999 3678
MKN 2023 07 04 22 00 00 167 1.4 82.8 0 661.9 4.52 -99.9 -99.9 -99.9 -9999.9 -9999.9 -0.0621999986 37.2971992493 -999.999 3678
MKN 2023 07 04 23 00 00 186 3 82.33 0 661.5 4.05 -99.9 -99.9 -99.9 -9999.9 -9999.9 -0.0621999986 37.2971992493 -999.999 3678
MKN 2023 07 05 00 00 00 211 1.8 91.12 0 661.3 3.28 -99.9 -99.9 -99.9 -9999.9 -9999.9 -0.0621999986 37.2971992493 -999.999 3678
MKN 2023 07 05 01 00 00 216 2.2 97.78 0 661.2 3.18 -99.9 -99.9 -99.9 -9999.9 -9999.9 -0.0621999986 37.2971992493 -999.999 3678
MKN 2023 07 05 02 00 00 215 1.6 92.03 0 661.2 2.75 -99.9 -99.9 -99.9 -9999.9 -9999.9 -0.0621999986 37.2971992493 -999.999 3678
MKN 2023 07 05 03 00 00 198 1.7 95.57 0 661.1 3.32 -99.9 -99.9 -99.9 -9999.9 -9999.9 -0.0621999986 37.2971992493 -999.999 3678
MKN 2023 07 05 04 00 00 176 2 84.85 0 661.5 5.6 -99.9 -99.9 -99.9 -9999.9 -9999.9 -0.0621999986 37.2971992493 -999.999 3678
MKN 2023 07 05 05 00 00 163 2.1 79.87 0 661.9 7.22 -99.9 -99.9 -99.9 -9999.9 -9999.9 -0.0621999986 37.2971992493 -999.999 3678
MKN 2023 07 05 06 00 00 79 2 79.5 0 662.4 7.93 -99.9 -99.9 -99.9 -9999.9 -9999.9 -0.0621999986 37.2971992493 -999.999 3678
MKN 2023 07 05 07 00 00 27 2.5 78.57 0 662.7 8.62 -99.9 -99.9 -99.9 -9999.9 -9999.9 -0.0621999986 37.2971992493 -999.999 3678
MKN 2023 07 05 08 00 00 344 3.1 78.23 0 662.8 8.82 -99.9 -99.9 -99.9 -9999.9 -9999.9 -0.0621999986 37.2971992493 -999.999 3678
MKN 2023 07 05 09 00 00 333 3.2 74.8 0 662.8 10.1 -99.9 -99.9 -99.9 -9999.9 -9999.9 -0.0621999986 37.2971992493 -999.999 3678
MKN 2023 07 05 10 00 00 337 4.4 86.17 0 662.7 9.02 -99.9 -99.9 -99.9 -9999.9 -9999.9 -0.0621999986 37.2971992493 -999.999 3678
MKN 2023 07 05 11 00 00 351 5.8 90.38 0 662.3 8.42 -99.9 -99.9 -99.9 -9999.9 -9999.9 -0.0621999986 37.2971992493 -999.999 3678
MKN 2023 07 05 12 00 00 356 4.6 85.42 0 662 9.03 -99.9 -99.9 -99.9 -9999.9 -9999.9 -0.0621999986 37.2971992493 -999.999 3678
MKN 2023 07 05 13 00 00 14 4 90.78 0 661.7 8.22 -99.9 -99.9 -99.9 -9999.9 -9999.9 -0.0621999986 37.2971992493 -999.999 3678
MKN 2023 07 05 14 00 00 16 4.1 98.28 0 661.5 7.25 -99.9 -99.9 -99.9 -9999.9 -9999.9 -0.0621999986 37.2971992493 -999.999 3678
MKN 2023 07 05 15 00 00 33 1.9 98.65 0 661.6 6.83 -99.9 -99.9 -99.9 -9999.9 -9999.9 -0.0621999986 37.2971992493 -999.999 3678
MKN 2023 07 05 16 00 00 270 1.9 91.2 0 661.8 4.67 -99.9 -99.9 -99.9 -9999.9 -9999.9 -0.0621999986 37.2971992493 -999.999 3678
MKN 2023 07 05 17 00 00 158 1.3 76.58 0 661.8 4.85 -99.9 -99.9 -99.9 -9999.9 -9999.9 -0.0621999986 37.2971992493 -999.999 3678
MKN 2023 07 05 18 00 00 198 2 71.45 0 662.1 5.27 -99.9 -99.9 -99.9 -9999.9 -9999.9 -0.0621999986 37.2971992493 -999.999 3678
MKN 2023 07 05 19 00 00 223 2.8 79.87 0 662.2 4.38 -99.9 -99.9 -99.9 -9999.9 -9999.9 -0.0621999986 37.2971992493 -999.999 3678
MKN 2023 07 05 20 00 00 236 2.5 93 0 662 4.08 -99.9 -99.9 -99.9 -9999.9 -9999.9 -0.0621999986 37.2971992493 -999.999 3678
MKN 2023 07 05 21 00 00 233 2.7 92.85 0 661.9 4.02 -99.9 -99.9 -99.9 -9999.9 -9999.9 -0.0621999986 37.2971992493 -999.999 3678
MKN 2023 07 05 22 00 00 223 1.9 89.02 0 661.6 3.7 -99.9 -99.9 -99.9 -9999.9 -9999.9 -0.0621999986 37.2971992493 -999.999 3678
MKN 2023 07 05 23 00 00 231 2.1 92.47 0 661.3 3.33 -99.9 -99.9 -99.9 -9999.9 -9999.9 -0.0621999986 37.2971992493 -999.999 3678
MKN 2023 07 06 00 00 00 227 3 86.3 0 661.1 3.67 -99.9 -99.9 -99.9 -9999.9 -9999.9 -0.0621999986 37.2971992493 -999.999 3678
MKN 2023 07 06 01 00 00 210 1.3 77.68 0 661.2 3.13 -99.9 -99.9 -99.9 -9999.9 -9999.9 -0.0621999986 37.2971992493 -999.999 3678
MKN 2023 07 06 02 00 00 235 1.3 77.13 0 661.2 3.45 -99.9 -99.9 -99.9 -9999.9 -9999.9 -0.0621999986 37.2971992493 -999.999 3678
MKN 2023 07 06 03 00 00 238 2.3 94.68 0 661.4 3.05 -99.9 -99.9 -99.9 -9999.9 -9999.9 -0.0621999986 37.2971992493 -999.999 3678
MKN 2023 07 06 04 00 00 237 2.5 87.95 0 661.7 4.47 -99.9 -99.9 -99.9 -9999.9 -9999.9 -0.0621999986 37.2971992493 -999.999 3678
MKN 2023 07 06 05 00 00 250 1.6 77.63 0 661.9 7.08 -99.9 -99.9 -99.9 -9999.9 -9999.9 -0.0621999986 37.2971992493 -999.999 3678
MKN 2023 07 06 06 00 00 297 1.4 73.57 0 662.5 7.55 -99.9 -99.9 -99.9 -9999.9 -9999.9 -0.0621999986 37.2971992493 -999.999 3678
MKN 2023 07 06 07 00 00 324 2.1 77.7 0 662.8 9 -99.9 -99.9 -99.9 -9999.9 -9999.9 -0.0621999986 37.2971992493 -999.999 3678
MKN 2023 07 06 08 00 00 351 2.9 83.98 0 662.8 9.25 -99.9 -99.9 -99.9 -9999.9 -9999.9 -0.0621999986 37.2971992493 -999.999 3678
MKN 2023 07 06 09 00 00 349 4.3 83.23 0 662.8 9.32 -99.9 -99.9 -99.9 -9999.9 -9999.9 -0.0621999986 37.2971992493 -999.999 3678
MKN 2023 07 06 10 00 00 353 5.3 80.85 0 662.7 9.77 -99.9 -99.9 -99.9 -9999.9 -9999.9 -0.0621999986 37.2971992493 -999.999 3678
MKN 2023 07 06 11 00 00 346 4.8 80.22 0 662.4 10.13 -99.9 -99.9 -99.9 -9999.9 -9999.9 -0.0621999986 37.2971992493 -999.999 3678
MKN 2023 07 06 12 00 00 4 4.7 85.07 0 662 9.85 -99.9 -99.9 -99.9 -9999.9 -9999.9 -0.0621999986 37.2971992493 -999.999 3678
MKN 2023 07 06 13 00 00 359 4.8 87.15 0 661.7 9.45 -99.9 -99.9 -99.9 -9999.9 -9999.9 -0.0621999986 37.2971992493 -999.999 3678
MKN 2023 07 06 14 00 00 4 3.2 97.32 0 661.5 8.18 -99.9 -99.9 -99.9 -9999.9 -9999.9 -0.0621999986 37.2971992493 -999.999 3678
MKN 2023 07 06 15 00 00 6 2.7 99.3 0 661.4 7.15 -99.9 -99.9 -99.9 -9999.9 -9999.9 -0.0621999986 37.2971992493 -999.999 3678
MKN 2023 07 06 16 00 00 315 2.1 99.3 0 661.5 6.37 -99.9 -99.9 -99.9 -9999.9 -9999.9 -0.0621999986 37.2971992493 -999.999 3678
MKN 2023 07 06 17 00 00 310 1.5 94.52 0 661.4 4.97 -99.9 -99.9 -99.9 -9999.9 -9999.9 -0.0621999986 37.2971992493 -999.999 3678
MKN 2023 07 06 18 00 00 209 2.2 89.47 0 661.6 4.27 -99.9 -99.9 -99.9 -9999.9 -9999.9 -0.0621999986 37.2971992493 -999.999 3678
MKN 2023 07 06 19 00 00 217 1.7 88.28 0 661.8 4.3 -99.9 -99.9 -99.9 -9999.9 -9999.9 -0.0621999986 37.2971992493 -999.999 3678
MKN 2023 07 06 20 00 00 222 3.6 90.63 0 661.9 4.2 -99.9 -99.9 -99.9 -9999.9 -9999.9 -0.0621999986 37.2971992493 -999.999 3678
MKN 2023 07 06 21 00 00 216 4 90.2 0 661.9 4.58 -99.9 -99.9 -99.9 -9999.9 -9999.9 -0.0621999986 37.2971992493 -999.999 3678
MKN 2023 07 06 22 00 00 221 3.6 90.22 0 661.7 4.67 -99.9 -99.9 -99.9 -9999.9 -9999.9 -0.0621999986 37.2971992493 -999.999 3678
MKN 2023 07 06 23 00 00 229 3.1 96.6 0 661.6 3.93 -99.9 -99.9 -99.9 -9999.9 -9999.9 -0.0621999986 37.2971992493 -999.999 3678
MKN 2023 07 07 00 00 00 220 3.4 95.72 0 661.2 3.57 -99.9 -99.9 -99.9 -9999.9 -9999.9 -0.0621999986 37.2971992493 -999.999 3678
MKN 2023 07 07 01 00 00 208 2.2 97.12 0 661.3 4.15 -99.9 -99.9 -99.9 -9999.9 -9999.9 -0.0621999986 37.2971992493 -999.999 3678
MKN 2023 07 07 02 00 00 208 1.6 99.2 0 661.5 4.08 -99.9 -99.9 -99.9 -9999.9 -9999.9 -0.0621999986 37.2971992493 -999.999 3678
MKN 2023 07 07 03 00 00 153 0.8 97.65 0 661.7 3.67 -99.9 -99.9 -99.9 -9999.9 -9999.9 -0.0621999986 37.2971992493 -999.999 3678
MKN 2023 07 07 04 00 00 124 1.9 89.35 0 661.9 4.88 -99.9 -99.9 -99.9 -9999.9 -9999.9 -0.0621999986 37.2971992493 -999.999 3678
MKN 2023 07 07 05 00 00 72 1.8 83.33 0 662.4 6.57 -99.9 -99.9 -99.9 -9999.9 -9999.9 -0.0621999986 37.2971992493 -999.999 3678
MKN 2023 07 07 06 00 00 34 2 86.43 0 662.8 7.1 -99.9 -99.9 -99.9 -9999.9 -9999.9 -0.0621999986 37.2971992493 -999.999 3678
MKN 2023 07 07 07 00 00 3 4.4 91.92 0 663.1 7.33 -99.9 -99.9 -99.9 -9999.9 -9999.9 -0.0621999986 37.2971992493 -999.999 3678
MKN 2023 07 07 08 00 00 355 3.8 90.42 0 663.1 7.85 -99.9 -99.9 -99.9 -9999.9 -9999.9 -0.0621999986 37.2971992493 -999.999 3678
MKN 2023 07 07 09 00 00 20 3.9 80.2 0 662.9 9.15 -99.9 -99.9 -99.9 -9999.9 -9999.9 -0.0621999986 37.2971992493 -999.999 3678
MKN 2023 07 07 10 00 00 3 4.6 89.6 0 662.7 8.15 -99.9 -99.9 -99.9 -9999.9 -9999.9 -0.0621999986 37.2971992493 -999.999 3678
MKN 2023 07 07 11 00 00 19 5.3 96.12 0 662.3 7.95 -99.9 -99.9 -99.9 -9999.9 -9999.9 -0.0621999986 37.2971992493 -999.999 3678
MKN 2023 07 07 12 00 00 22 5.9 95.98 0 661.9 7.48 -99.9 -99.9 -99.9 -9999.9 -9999.9 -0.0621999986 37.2971992493 -999.999 3678
MKN 2023 07 07 13 00 00 28 5.8 98.17 0 661.6 7.12 -99.9 -99.9 -99.9 -9999.9 -9999.9 -0.0621999986 37.2971992493 -999.999 3678
MKN 2023 07 07 14 00 00 22 4.6 99.27 0 661.6 6.33 -99.9 -99.9 -99.9 -9999.9 -9999.9 -0.0621999986 37.2971992493 -999.999 3678
MKN 2023 07 07 15 00 00 10 2.3 99.3 0.3 661.8 5.88 -99.9 -99.9 -99.9 -9999.9 -9999.9 -0.0621999986 37.2971992493 -999.999 3678
MKN 2023 07 07 16 00 00 71 3.1 89.57 0.3 662 4.58 -99.9 -99.9 -99.9 -9999.9 -9999.9 -0.0621999986 37.2971992493 -999.999 3678
MKN 2023 07 07 17 00 00 122 3.4 82.37 0 662 4.38 -99.9 -99.9 -99.9 -9999.9 -9999.9 -0.0621999986 37.2971992493 -999.999 3678
MKN 2023 07 07 18 00 00 108 2.8 83.6 0 662.3 4 -99.9 -99.9 -99.9 -9999.9 -9999.9 -0.0621999986 37.2971992493 -999.999 3678
MKN 2023 07 07 19 00 00 115 3.6 82.77 0 662.4 3.88 -99.9 -99.9 -99.9 -9999.9 -9999.9 -0.0621999986 37.2971992493 -999.999 3678
MKN 2023 07 07 20 00 00 117 3.8 87.02 0 662.4 3.55 -99.9 -99.9 -99.9 -9999.9 -9999.9 -0.0621999986 37.2971992493 -999.999 3678
MKN 2023 07 07 21 00 00 120 3.8 80.98 0 662.3 4.32 -99.9 -99.9 -99.9 -9999.9 -9999.9 -0.0621999986 37.2971992493 -999.999 3678
MKN 2023 07 07 22 00 00 114 5.4 83.78 0 661.9 3.75 -99.9 -99.9 -99.9 -9999.9 -9999.9 -0.0621999986 37.2971992493 -999.999 3678
MKN 2023 07 07 23 00 00 115 4 86.05 0 661.5 3.25 -99.9 -99.9 -99.9 -9999.9 -9999.9 -0.0621999986 37.2971992493 -999.999 3678
MKN 2023 07 08 00 00 00 118 4.5 86.3 0 661.2 3.12 -99.9 -99.9 -99.9 -9999.9 -9999.9 -0.0621999986 37.2971992493 -999.999 3678
MKN 2023 07 08 01 00 00 118 4 91.12 0 661.1 2.67 -99.9 -99.9 -99.9 -9999.9 -9999.9 -0.0621999986 37.2971992493 -999.999 3678
MKN 2023 07 08 02 00 00 130 4.6 83.32 0 661.3 2.97 -99.9 -99.9 -99.9 -9999.9 -9999.9 -0.0621999986 37.2971992493 -999.999 3678
MKN 2023 07 08 03 00 00 125 6.5 74.4 0 661.5 3.48 -99.9 -99.9 -99.9 -9999.9 -9999.9 -0.0621999986 37.2971992493 -999.999 3678
MKN 2023 07 08 04 00 00 128 6.1 63.7 0 661.7 6.18 -99.9 -99.9 -99.9 -9999.9 -9999.9 -0.0621999986 37.2971992493 -999.999 3678
MKN 2023 07 08 05 00 00 110 5.7 63.77 0 662.1 8.4 -99.9 -99.9 -99.9 -9999.9 -9999.9 -0.0621999986 37.2971992493 -999.999 3678
MKN 2023 07 08 06 00 00 56 5.4 65.02 0 662.7 8.87 -99.9 -99.9 -99.9 -9999.9 -9999.9 -0.0621999986 37.2971992493 -999.999 3678
MKN 2023 07 08 07 00 00 52 6.9 84.65 0 663.1 8.15 -99.9 -99.9 -99.9 -9999.9 -9999.9 -0.0621999986 37.2971992493 -999.999 3678
MKN 2023 07 08 08 00 00 26 6.2 91 0 663.3 7.83 -99.9 -99.9 -99.9 -9999.9 -9999.9 -0.0621999986 37.2971992493 -999.999 3678
MKN 2023 07 08 09 00 00 33 5.4 91.45 0 663 7.82 -99.9 -99.9 -99.9 -9999.9 -9999.9 -0.0621999986 37.2971992493 -999.999 3678
MKN 2023 07 08 10 00 00 21 5.5 95.5 0 662.9 7.52 -99.9 -99.9 -99.9 -9999.9 -9999.9 -0.0621999986 37.2971992493 -999.999 3678
MKN 2023 07 08 11 00 00 22 4.2 96.57 0 662.5 7.1 -99.9 -99.9 -99.9 -9999.9 -9999.9 -0.0621999986 37.2971992493 -999.999 3678
MKN 2023 07 08 12 00 00 35 5.5 99.22 0 662.1 6.63 -99.9 -99.9 -99.9 -9999.9 -9999.9 -0.0621999986 37.2971992493 -999.999 3678
MKN 2023 07 08 13 00 00 28 5.4 97.55 0 661.9 6.93 -99.9 -99.9 -99.9 -9999.9 -9999.9 -0.0621999986 37.2971992493 -999.999 3678
MKN 2023 07 08 14 00 00 32 4.4 99.18 0 661.9 6.52 -99.9 -99.9 -99.9 -9999.9 -9999.9 -0.0621999986 37.2971992493 -999.999 3678
MKN 2023 07 08 15 00 00 43 4.5 99.3 0 661.9 5.68 -99.9 -99.9 -99.9 -9999.9 -9999.9 -0.0621999986 37.2971992493 -999.999 3678
MKN 2023 07 08 16 00 00 63 2.7 77.68 0 662.1 2.85 -99.9 -99.9 -99.9 -9999.9 -9999.9 -0.0621999986 37.2971992493 -999.999 3678
MKN 2023 07 08 17 00 00 135 2.8 47.07 0 661.9 3.73 -99.9 -99.9 -99.9 -9999.9 -9999.9 -0.0621999986 37.2971992493 -999.999 3678
MKN 2023 07 08 18 00 00 147 6.3 40.7 0 662 4.25 -99.9 -99.9 -99.9 -9999.9 -9999.9 -0.0621999986 37.2971992493 -999.999 3678
MKN 2023 07 08 19 00 00 153 6.8 35.63 0 662.3 5.73 -99.9 -99.9 -99.9 -9999.9 -9999.9 -0.0621999986 37.2971992493 -999.999 3678
MKN 2023 07 08 20 00 00 139 7.9 34.92 0 662.2 5.88 -99.9 -99.9 -99.9 -9999.9 -9999.9 -0.0621999986 37.2971992493 -999.999 3678
MKN 2023 07 08 21 00 00 141 9.3 35.03 0 661.9 5.92 -99.9 -99.9 -99.9 -9999.9 -9999.9 -0.0621999986 37.2971992493 -999.999 3678
MKN 2023 07 08 22 00 00 142 10.7 34.98 0 661.5 5.95 -99.9 -99.9 -99.9 -9999.9 -9999.9 -0.0621999986 37.2971992493 -999.999 3678
MKN 2023 07 08 23 00 00 143 9.9 34.8 0 661.1 6.07 -99.9 -99.9 -99.9 -9999.9 -9999.9 -0.0621999986 37.2971992493 -999.999 3678
MKN 2023 07 09 00 00 00 152 9 37.32 0 660.9 5.75 -99.9 -99.9 -99.9 -9999.9 -9999.9 -0.0621999986 37.2971992493 -999.999 3678
MKN 2023 07 09 01 00 00 181 5.9 38.63 0 661 5.58 -99.9 -99.9 -99.9 -9999.9 -9999.9 -0.0621999986 37.2971992493 -999.999 3678
MKN 2023 07 09 02 00 00 197 1.2 45.23 0 661.2 4.08 -99.9 -99.9 -99.9 -9999.9 -9999.9 -0.0621999986 37.2971992493 -999.999 3678
MKN 2023 07 09 03 00 00 160 1.4 45.75 0 661.4 3.88 -99.9 -99.9 -99.9 -9999.9 -9999.9 -0.0621999986 37.2971992493 -999.999 3678
MKN 2023 07 09 04 00 00 214 1.6 39.77 0 661.8 6.42 -99.9 -99.9 -99.9 -9999.9 -9999.9 -0.0621999986 37.2971992493 -999.999 3678
MKN 2023 07 09 05 00 00 262 1 52.92 0 662.3 7.55 -99.9 -99.9 -99.9 -9999.9 -9999.9 -0.0621999986 37.2971992493 -999.999 3678
MKN 2023 07 09 06 00 00 342 2 79.2 0 662.9 7.6 -99.9 -99.9 -99.9 -9999.9 -9999.9 -0.0621999986 37.2971992493 -999.999 3678
MKN 2023 07 09 07 00 00 335 3.1 96.85 0 663.3 6.7 -99.9 -99.9 -99.9 -9999.9 -9999.9 -0.0621999986 37.2971992493 -999.999 3678
MKN 2023 07 09 08 00 00 310 2.5 99.3 0 663.4 6 -99.9 -99.9 -99.9 -9999.9 -9999.9 -0.0621999986 37.2971992493 -999.999 3678
MKN 2023 07 09 09 00 00 321 2.5 99.3 0 663.2 6.12 -99.9 -99.9 -99.9 -9999.9 -9999.9 -0.0621999986 37.2971992493 -999.999 3678
MKN 2023 07 09 10 00 00 345 2.5 99.3 0 663 6.4 -99.9 -99.9 -99.9 -9999.9 -9999.9 -0.0621999986 37.2971992493 -999.999 3678
MKN 2023 07 09 11 00 00 358 3.2 99.3 0 662.9 6.4 -99.9 -99.9 -99.9 -9999.9 -9999.9 -0.0621999986 37.2971992493 -999.999 3678
MKN 2023 07 09 12 00 00 342 3.2 99.3 0 662.5 6.53 -99.9 -99.9 -99.9 -9999.9 -9999.9 -0.0621999986 37.2971992493 -999.999 3678
MKN 2023 07 09 13 00 00 358 3.4 99.28 0 662.2 6.55 -99.9 -99.9 -99.9 -9999.9 -9999.9 -0.0621999986 37.2971992493 -999.999 3678
MKN 2023 07 09 14 00 00 324 2.9 97.93 0 662.3 7.12 -99.9 -99.9 -99.9 -9999.9 -9999.9 -0.0621999986 37.2971992493 -999.999 3678
MKN 2023 07 09 15 00 00 298 3.1 99.3 0 662.4 6.25 -99.9 -99.9 -99.9 -9999.9 -9999.9 -0.0621999986 37.2971992493 -999.999 3678
MKN 2023 07 09 16 00 00 272 3.4 99.3 0 662.5 5.12 -99.9 -99.9 -99.9 -9999.9 -9999.9 -0.0621999986 37.2971992493 -999.999 3678
MKN 2023 07 09 17 00 00 250 3.3 95.15 0 662.4 3.88 -99.9 -99.9 -99.9 -9999.9 -9999.9 -0.0621999986 37.2971992493 -999.999 3678
MKN 2023 07 09 18 00 00 231 2.9 71.6 0 662.6 4.28 -99.9 -99.9 -99.9 -9999.9 -9999.9 -0.0621999986 37.2971992493 -999.999 3678
MKN 2023 07 09 19 00 00 215 3.3 60.43 0 662.8 3.52 -99.9 -99.9 -99.9 -9999.9 -9999.9 -0.0621999986 37.2971992493 -999.999 3678
MKN 2023 07 09 20 00 00 138 3.9 54.6 0 662.7 4.48 -99.9 -99.9 -99.9 -9999.9 -9999.9 -0.0621999986 37.2971992493 -999.999 3678
MKN 2023 07 09 21 00 00 136 5.7 52.08 0 662.5 4.93 -99.9 -99.9 -99.9 -9999.9 -9999.9 -0.0621999986 37.2971992493 -999.999 3678
MKN 2023 07 09 22 00 00 138 6.5 49.7 0 662.2 5.12 -99.9 -99.9 -99.9 -9999.9 -9999.9 -0.0621999986 37.2971992493 -999.999 3678
MKN 2023 07 09 23 00 00 137 6 46.37 0 661.7 5.4 -99.9 -99.9 -99.9 -9999.9 -9999.9 -0.0621999986 37.2971992493 -999.999 3678
MKN 2023 07 10 00 00 00 136 5.7 45.07 0 661.3 4.45 -99.9 -99.9 -99.9 -9999.9 -9999.9 -0.0621999986 37.2971992493 -999.999 3678
MKN 2023 07 10 01 00 00 151 5 44.85 0 661.4 4.23 -99.9 -99.9 -99.9 -9999.9 -9999.9 -0.0621999986 37.2971992493 -999.999 3678
MKN 2023 07 10 02 00 00 136 5.1 45.7 0 661.5 4.05 -99.9 -99.9 -99.9 -9999.9 -9999.9 -0.0621999986 37.2971992493 -999.999 3678
MKN 2023 07 10 03 00 00 132 5.5 46.68 0 661.8 3.4 -99.9 -99.9 -99.9 -9999.9 -9999.9 -0.0621999986 37.2971992493 -999.999 3678
MKN 2023 07 10 04 00 00 140 4.1 35.8 0 662.1 7.6 -99.9 -99.9 -99.9 -9999.9 -9999.9 -0.0621999986 37.2971992493 -999.999 3678
MKN 2023 07 10 05 00 00 113 2.1 36.98 0 662.7 9.17 -99.9 -99.9 -99.9 -9999.9 -9999.9 -0.0621999986 37.2971992493 -999.999 3678
MKN 2023 07 10 06 00 00 297 2.2 74.35 0 663.3 8.45 -99.9 -99.9 -99.9 -9999.9 -9999.9 -0.0621999986 37.2971992493 -999.999 3678
MKN 2023 07 10 07 00 00 285 2.9 83.23 0 663.6 9.03 -99.9 -99.9 -99.9 -9999.9 -9999.9 -0.0621999986 37.2971992493 -999.999 3678
MKN 2023 07 10 08 00 00 301 4.7 85.42 0 663.7 9.05 -99.9 -99.9 -99.9 -9999.9 -9999.9 -0.0621999986 37.2971992493 -999.999 3678
MKN 2023 07 10 09 00 00 307 5 90.9 0 663.6 8.9 -99.9 -99.9 -99.9 -9999.9 -9999.9 -0.0621999986 37.2971992493 -999.999 3678
MKN 2023 07 10 10 00 00 297 4 93.43 0 663.2 8.52 -99.9 -99.9 -99.9 -9999.9 -9999.9 -0.0621999986 37.2971992493 -999.999 3678
MKN 2023 07 10 11 00 00 314 4.1 90.73 0 662.9 8.45 -99.9 -99.9 -99.9 -9999.9 -9999.9 -0.0621999986 37.2971992493 -999.999 3678
MKN 2023 07 10 12 00 00 332 2.8 93.95 0 662.6 7.87 -99.9 -99.9 -99.9 -9999.9 -9999.9 -0.0621999986 37.2971992493 -999.999 3678
MKN 2023 07 10 13 00 00 308 2.6 92.77 0 662.3 7.98 -99.9 -99.9 -99.9 -9999.9 -9999.9 -0.0621999986 37.2971992493 -999.999 3678
MKN 2023 07 10 14 00 00 275 2.1 95.47 0 662.4 7.62 -99.9 -99.9 -99.9 -9999.9 -9999.9 -0.0621999986 37.2971992493 -999.999 3678
MKN 2023 07 10 15 00 00 295 1.8 97.63 0 662.5 6.22 -99.9 -99.9 -99.9 -9999.9 -9999.9 -0.0621999986 37.2971992493 -999.999 3678
MKN 2023 07 10 16 00 00 193 1.9 69.93 0 662.5 4.37 -99.9 -99.9 -99.9 -9999.9 -9999.9 -0.0621999986 37.2971992493 -999.999 3678
MKN 2023 07 10 17 00 00 219 2.4 63.25 0 662.5 5.07 -99.9 -99.9 -99.9 -9999.9 -9999.9 -0.0621999986 37.2971992493 -999.999 3678
MKN 2023 07 10 18 00 00 224 4.2 68.68 0 662.8 4.55 -99.9 -99.9 -99.9 -9999.9 -9999.9 -0.0621999986 37.2971992493 -999.999 3678
MKN 2023 07 10 19 00 00 204 4.3 63.25 0 662.9 4.27 -99.9 -99.9 -99.9 -9999.9 -9999.9 -0.0621999986 37.2971992493 -999.999 3678
MKN 2023 07 10 20 00 00 207 3.5 50.32 0 662.8 3.13 -99.9 -99.9 -99.9 -9999.9 -9999.9 -0.0621999986 37.2971992493 -999.999 3678
MKN 2023 07 10 21 00 00 170 1.8 35.23 0 662.4 4.1 -99.9 -99.9 -99.9 -9999.9 -9999.9 -0.0621999986 37.2971992493 -999.999 3678
MKN 2023 07 10 22 00 00 167 2 29.92 0 662 4 -99.9 -99.9 -99.9 -9999.9 -9999.9 -0.0621999986 37.2971992493 -999.999 3678
MKN 2023 07 10 23 00 00 167 2.2 27.93 0 661.7 4.3 -99.9 -99.9 -99.9 -9999.9 -9999.9 -0.0621999986 37.2971992493 -999.999 3678
MKN 2023 07 11 00 00 00 139 1.2 29.88 0 661.5 3.32 -99.9 -99.9 -99.9 -9999.9 -9999.9 -0.0621999986 37.2971992493 -999.999 3678
MKN 2023 07 11 01 00 00 117 3.2 28.85 0 661.4 3.95 -99.9 -99.9 -99.9 -9999.9 -9999.9 -0.0621999986 37.2971992493 -999.999 3678
MKN 2023 07 11 02 00 00 124 2.2 31.35 0 661.5 3.5 -99.9 -99.9 -99.9 -9999.9 -9999.9 -0.0621999986 37.2971992493 -999.999 3678
MKN 2023 07 11 03 00 00 131 2 33.13 0 662 3.13 -99.9 -99.9 -99.9 -9999.9 -9999.9 -0.0621999986 37.2971992493 -999.999 3678
MKN 2023 07 11 04 00 00 122 1.5 25.32 0 662.4 7.62 -99.9 -99.9 -99.9 -9999.9 -9999.9 -0.0621999986 37.2971992493 -999.999 3678
MKN 2023 07 11 05 00 00 107 1.4 16.9 0 662.9 10.98 -99.9 -99.9 -99.9 -9999.9 -9999.9 -0.0621999986 37.2971992493 -999.999 3678
MKN 2023 07 11 06 00 00 280 1.5 33.78 0 663.4 10.13 -99.9 -99.9 -99.9 -9999.9 -9999.9 -0.0621999986 37.2971992493 -999.999 3678
MKN 2023 07 11 07 00 00 296 3 44.25 0 663.5 10.18 -99.9 -99.9 -99.9 -9999.9 -9999.9 -0.0621999986 37.2971992493 -999.999 3678
MKN 2023 07 11 08 00 00 290 5.7 70.38 0 663.6 10.33 -99.9 -99.9 -99.9 -9999.9 -9999.9 -0.0621999986 37.2971992493 -999.999 3678
MKN 2023 07 11 09 00 00 299 4.9 71.85 0 663.5 9.92 -99.9 -99.9 -99.9 -9999.9 -9999.9 -0.0621999986 37.2971992493 -999.999 3678
MKN 2023 07 11 10 00 00 315 5.4 74.43 0 663.3 9.42 -99.9 -99.9 -99.9 -9999.9 -9999.9 -0.0621999986 37.2971992493 -999.999 3678
MKN 2023 07 11 11 00 00 324 4.4 69.55 0 663 9.67 -99.9 -99.9 -99.9 -9999.9 -9999.9 -0.0621999986 37.2971992493 -999.999 3678
MKN 2023 07 11 12 00 00 299 6.1 83.67 0 662.7 9.28 -99.9 -99.9 -99.9 -9999.9 -9999.9 -0.0621999986 37.2971992493 -999.999 3678
MKN 2023 07 11 13 00 00 331 4.9 85.2 0 662.4 8.82 -99.9 -99.9 -99.9 -9999.9 -9999.9 -0.0621999986 37.2971992493 -999.999 3678
MKN 2023 07 11 14 00 00 329 5.4 74.28 0 662.4 10.05 -99.9 -99.9 -99.9 -9999.9 -9999.9 -0.0621999986 37.2971992493 -999.999 3678
MKN 2023 07 11 15 00 00 340 4 76.9 0 662.2 8.05 -99.9 -99.9 -99.9 -9999.9 -9999.9 -0.0621999986 37.2971992493 -999.999 3678
MKN 2023 07 11 16 00 00 339 1.7 70.38 0 662.2 5.08 -99.9 -99.9 -99.9 -9999.9 -9999.9 -0.0621999986 37.2971992493 -999.999 3678
MKN 2023 07 11 17 00 00 202 2.5 47.9 0 662.1 5.87 -99.9 -99.9 -99.9 -9999.9 -9999.9 -0.0621999986 37.2971992493 -999.999 3678
MKN 2023 07 11 18 00 00 214 2.6 41.35 0 662.2 6.25 -99.9 -99.9 -99.9 -9999.9 -9999.9 -0.0621999986 37.2971992493 -999.999 3678
MKN 2023 07 11 19 00 00 229 1.9 44.28 0 662.4 5.28 -99.9 -99.9 -99.9 -9999.9 -9999.9 -0.0621999986 37.2971992493 -999.999 3678
MKN 2023 07 11 20 00 00 175 1.6 51.85 0 662.3 4.77 -99.9 -99.9 -99.9 -9999.9 -9999.9 -0.0621999986 37.2971992493 -999.999 3678
MKN 2023 07 11 21 00 00 133 3.6 49.98 0 662 5 -99.9 -99.9 -99.9 -9999.9 -9999.9 -0.0621999986 37.2971992493 -999.999 3678
MKN 2023 07 11 22 00 00 136 5.5 48.12 0 661.7 4.78 -99.9 -99.9 -99.9 -9999.9 -9999.9 -0.0621999986 37.2971992493 -999.999 3678
MKN 2023 07 11 23 00 00 117 3.5 44.9 0 661.4 4.17 -99.9 -99.9 -99.9 -9999.9 -9999.9 -0.0621999986 37.2971992493 -999.999 3678
MKN 2023 07 12 00 00 00 113 2.9 40.97 0 661.3 4.45 -99.9 -99.9 -99.9 -9999.9 -9999.9 -0.0621999986 37.2971992493 -999.999 3678
MKN 2023 07 12 01 00 00 180 1.3 41.72 0 661.4 4.6 -99.9 -99.9 -99.9 -9999.9 -9999.9 -0.0621999986 37.2971992493 -999.999 3678
MKN 2023 07 12 02 00 00 72 1.4 53.1 0 661.6 2.18 -99.9 -99.9 -99.9 -9999.9 -9999.9 -0.0621999986 37.2971992493 -999.999 3678
MKN 2023 07 12 03 00 00 169 3.2 49.63 0 661.8 3.5 -99.9 -99.9 -99.9 -9999.9 -9999.9 -0.0621999986 37.2971992493 -999.999 3678
MKN 2023 07 12 04 00 00 207 4.6 51.32 0 662.1 5.45 -99.9 -99.9 -99.9 -9999.9 -9999.9 -0.0621999986 37.2971992493 -999.999 3678
MKN 2023 07 12 05 00 00 234 2.7 63.45 0 662.5 7.13 -99.9 -99.9 -99.9 -9999.9 -9999.9 -0.0621999986 37.2971992493 -999.999 3678
MKN 2023 07 12 06 00 00 315 2.6 69.47 0 663 7.97 -99.9 -99.9 -99.9 -9999.9 -9999.9 -0.0621999986 37.2971992493 -999.999 3678
MKN 2023 07 12 07 00 00 310 3.2 81.28 0 663.4 8.52 -99.9 -99.9 -99.9 -9999.9 -9999.9 -0.0621999986 37.2971992493 -999.999 3678
MKN 2023 07 12 08 00 00 316 3.3 83.88 0 663.4 8.37 -99.9 -99.9 -99.9 -9999.9 -9999.9 -0.0621999986 37.2971992493 -999.999 3678
MKN 2023 07 12 09 00 00 300 3.5 84.63 0 663.2 9.23 -99.9 -99.9 -99.9 -9999.9 -9999.9 -0.0621999986 37.2971992493 -999.999 3678
MKN 2023 07 12 10 00 00 357 5.5 80.32 0 662.9 9.97 -99.9 -99.9 -99.9 -9999.9 -9999.9 -0.0621999986 37.2971992493 -999.999 3678
MKN 2023 07 12 11 00 00 357 5.6 92.53 0 662.6 8.25 -99.9 -99.9 -99.9 -9999.9 -9999.9 -0.0621999986 37.2971992493 -999.999 3678
MKN 2023 07 12 12 00 00 1 4.1 90.27 0.1 662.2 9.17 -99.9 -99.9 -99.9 -9999.9 -9999.9 -0.0621999986 37.2971992493 -999.999 3678
MKN 2023 07 12 13 00 00 7 4.2 88.35 0 661.9 8.9 -99.9 -99.9 -99.9 -9999.9 -9999.9 -0.0621999986 37.2971992493 -999.999 3678
MKN 2023 07 12 14 00 00 351 3.2 98.48 0 661.8 7.87 -99.9 -99.9 -99.9 -9999.9 -9999.9 -0.0621999986 37.2971992493 -999.999 3678
MKN 2023 07 12 15 00 00 294 3.3 99.23 0 661.7 7.23 -99.9 -99.9 -99.9 -9999.9 -9999.9 -0.0621999986 37.2971992493 -999.999 3678
MKN 2023 07 12 16 00 00 290 3.5 95.97 0 661.8 5.37 -99.9 -99.9 -99.9 -9999.9 -9999.9 -0.0621999986 37.2971992493 -999.999 3678
MKN 2023 07 12 17 00 00 232 3.9 76.75 0 662 5.13 -99.9 -99.9 -99.9 -9999.9 -9999.9 -0.0621999986 37.2971992493 -999.999 3678
MKN 2023 07 12 18 00 00 252 1.6 77.77 0 662.3 4.95 -99.9 -99.9 -99.9 -9999.9 -9999.9 -0.0621999986 37.2971992493 -999.999 3678
MKN 2023 07 12 19 00 00 225 2.7 77.13 0 662.5 3.93 -99.9 -99.9 -99.9 -9999.9 -9999.9 -0.0621999986 37.2971992493 -999.999 3678
MKN 2023 07 12 20 00 00 164 3.4 59.53 0 662.3 4.97 -99.9 -99.9 -99.9 -9999.9 -9999.9 -0.0621999986 37.2971992493 -999.999 3678
MKN 2023 07 12 21 00 00 133 5.4 56.13 0 662 5.27 -99.9 -99.9 -99.9 -9999.9 -9999.9 -0.0621999986 37.2971992493 -999.999 3678
MKN 2023 07 12 22 00 00 131 6.8 52.05 0 661.6 6.28 -99.9 -99.9 -99.9 -9999.9 -9999.9 -0.0621999986 37.2971992493 -999.999 3678
MKN 2023 07 12 23 00 00 134 6.6 50.97 0 661.2 6.42 -99.9 -99.9 -99.9 -9999.9 -9999.9 -0.0621999986 37.2971992493 -999.999 3678
MKN 2023 07 13 00 00 00 135 5.9 51.85 0 660.8 6.13 -99.9 -99.9 -99.9 -9999.9 -9999.9 -0.0621999986 37.2971992493 -999.999 3678
MKN 2023 07 13 01 00 00 132 5.2 59.83 0 660.7 4.12 -99.9 -99.9 -99.9 -9999.9 -9999.9 -0.0621999986 37.2971992493 -999.999 3678
MKN 2023 07 13 02 00 00 114 3.6 57.97 0 661 4.97 -99.9 -99.9 -99.9 -9999.9 -9999.9 -0.0621999986 37.2971992493 -999.999 3678
MKN 2023 07 13 03 00 00 117 5.9 68.32 0 661 3.95 -99.9 -99.9 -99.9 -9999.9 -9999.9 -0.0621999986 37.2971992493 -999.999 3678
MKN 2023 07 13 04 00 00 107 2.7 55.3 0 661.4 6.95 -99.9 -99.9 -99.9 -9999.9 -9999.9 -0.0621999986 37.2971992493 -999.999 3678
MKN 2023 07 13 05 00 00 90 2.9 89.93 0 662 5.77 -99.9 -99.9 -99.9 -9999.9 -9999.9 -0.0621999986 37.2971992493 -999.999 3678
MKN 2023 07 13 06 00 00 62 3.2 80.57 0 662.6 8.37 -99.9 -99.9 -99.9 -9999.9 -9999.9 -0.0621999986 37.2971992493 -999.999 3678
MKN 2023 07 13 07 00 00 17 4.1 85.75 0 663.1 8.87 -99.9 -99.9 -99.9 -9999.9 -9999.9 -0.0621999986 37.2971992493 -999.999 3678
MKN 2023 07 13 08 00 00 14 6.6 80.83 0 663.1 9.8 -99.9 -99.9 -99.9 -9999.9 -9999.9 -0.0621999986 37.2971992493 -999.999 3678
MKN 2023 07 13 09 00 00 22 5.4 83.82 0 662.9 9.88 -99.9 -99.9 -99.9 -9999.9 -9999.9 -0.0621999986 37.2971992493 -999.999 3678
MKN 2023 07 13 10 00 00 17 6 78.98 0 662.7 10.53 -99.9 -99.9 -99.9 -9999.9 -9999.9 -0.0621999986 37.2971992493 -999.999 3678
MKN 2023 07 13 11 00 00 19 5.4 79.4 0 662.3 10.38 -99.9 -99.9 -99.9 -9999.9 -9999.9 -0.0621999986 37.2971992493 -999.999 3678
MKN 2023 07 13 12 00 00 11 5.5 84.87 0 661.9 9.85 -99.9 -99.9 -99.9 -9999.9 -9999.9 -0.0621999986 37.2971992493 -999.999 3678
MKN 2023 07 13 13 00 00 16 4.5 92.13 0 661.7 8.75 -99.9 -99.9 -99.9 -9999.9 -9999.9 -0.0621999986 37.2971992493 -999.999 3678
MKN 2023 07 13 14 00 00 38 5.4 95.62 0 661.5 8.17 -99.9 -99.9 -99.9 -9999.9 -9999.9 -0.0621999986 37.2971992493 -999.999 3678
MKN 2023 07 13 15 00 00 10 3.4 99.2 0 661.5 7.05 -99.9 -99.9 -99.9 -9999.9 -9999.9 -0.0621999986 37.2971992493 -999.999 3678
MKN 2023 07 13 16 00 00 58 2.5 -99.9 -99.9 661.6 -99.9 -99.9 -99.9 -99.9 -9999.9 -9999.9 -0.0621999986 37.2971992493 -999.999 3678
MKN 2023 07 13 17 00 00 -99.9 -99.9 68.53 -99.9 -999.9 5.3 -99.9 -99.9 -99.9 -9999.9 -9999.9 -0.0621999986 37.2971992493 -999.999 3678
MKN 2023 07 13 18 00 00 122 3.7 74.2 0 661.9 4.28 -99.9 -99.9 -99.9 -9999.9 -9999.9 -0.0621999986 37.2971992493 -999.999 3678
MKN 2023 07 13 19 00 00 99 2.5 58.23 0 662.4 5.75 -99.9 -99.9 -99.9 -9999.9 -9999.9 -0.0621999986 37.2971992493 -999.999 3678
MKN 2023 07 13 20 00 00 128 6.7 49.55 0 662.3 6.5 -99.9 -99.9 -99.9 -9999.9 -9999.9 -0.0621999986 37.2971992493 -999.999 3678
MKN 2023 07 13 21 00 00 129 7.1 48.7 0 662.2 7.22 -99.9 -99.9 -99.9 -9999.9 -9999.9 -0.0621999986 37.2971992493 -999.999 3678
MKN 2023 07 13 22 00 00 117 8.8 50.42 0 661.7 6.98 -99.9 -99.9 -99.9 -9999.9 -9999.9 -0.0621999986 37.2971992493 -999.999 3678
MKN 2023 07 13 23 00 00 119 7 59.33 0 661.4 5.45 -99.9 -99.9 -99.9 -9999.9 -9999.9 -0.0621999986 37.2971992493 -999.999 3678
MKN 2023 07 14 00 00 00 121 6.6 59.68 0 661 5.65 -99.9 -99.9 -99.9 -9999.9 -9999.9 -0.0621999986 37.2971992493 -999.999 3678
MKN 2023 07 14 01 00 00 113 6.3 66.53 0 660.8 5 -99.9 -99.9 -99.9 -9999.9 -9999.9 -0.0621999986 37.2971992493 -999.999 3678
MKN 2023 07 14 02 00 00 119 6.3 74.7 0 660.8 4.6 -99.9 -99.9 -99.9 -9999.9 -9999.9 -0.0621999986 37.2971992493 -999.999 3678
MKN 2023 07 14 03 00 00 123 6.9 79.48 0 661.3 4.72 -99.9 -99.9 -99.9 -9999.9 -9999.9 -0.0621999986 37.2971992493 -999.999 3678
MKN 2023 07 14 04 00 00 121 7.4 72.35 0 661.6 7.02 -99.9 -99.9 -99.9 -9999.9 -9999.9 -0.0621999986 37.2971992493 -999.999 3678
MKN 2023 07 14 05 00 00 107 7 63.32 0 662 9.25 -99.9 -99.9 -99.9 -9999.9 -9999.9 -0.0621999986 37.2971992493 -999.999 3678
MKN 2023 07 14 06 00 00 58 4.9 90.28 0 662.6 8.08 -99.9 -99.9 -99.9 -9999.9 -9999.9 -0.0621999986 37.2971992493 -999.999 3678
MKN 2023 07 14 07 00 00 11 3.2 95.93 0 663 7.77 -99.9 -99.9 -99.9 -9999.9 -9999.9 -0.0621999986 37.2971992493 -999.999 3678
MKN 2023 07 14 08 00 00 19 3.8 93.33 0 663.1 8.93 -99.9 -99.9 -99.9 -9999.9 -9999.9 -0.0621999986 37.2971992493 -999.999 3678
MKN 2023 07 14 09 00 00 6 5.8 90.08 0 663 9.4 -99.9 -99.9 -99.9 -9999.9 -9999.9 -0.0621999986 37.2971992493 -999.999 3678
MKN 2023 07 14 10 00 00 19 5.7 83.48 0 662.9 10.13 -99.9 -99.9 -99.9 -9999.9 -9999.9 -0.0621999986 37.2971992493 -999.999 3678
MKN 2023 07 14 11 00 00 8 7.1 83.22 0 662.7 10.12 -99.9 -99.9 -99.9 -9999.9 -9999.9 -0.0621999986 37.2971992493 -999.999 3678
MKN 2023 07 14 12 00 00 4 6.6 87.58 0 662.2 9.65 -99.9 -99.9 -99.9 -9999.9 -9999.9 -0.0621999986 37.2971992493 -999.999 3678
MKN 2023 07 14 13 00 00 9 6.4 95.95 0 661.9 8.22 -99.9 -99.9 -99.9 -9999.9 -9999.9 -0.0621999986 37.2971992493 -999.999 3678
MKN 2023 07 14 14 00 00 27 4.7 90.13 0 661.9 9.05 -99.9 -99.9 -99.9 -9999.9 -9999.9 -0.0621999986 37.2971992493 -999.999 3678
MKN 2023 07 14 15 00 00 7 3.9 98.3 0 662.1 6.92 -99.9 -99.9 -99.9 -9999.9 -9999.9 -0.0621999986 37.2971992493 -999.999 3678
MKN 2023 07 14 16 00 00 65 2.2 86.53 0 662.2 4.92 -99.9 -99.9 -99.9 -9999.9 -9999.9 -0.0621999986 37.2971992493 -999.999 3678
MKN 2023 07 14 17 00 00 123 2.8 61.02 0 662.3 5.62 -99.9 -99.9 -99.9 -9999.9 -9999.9 -0.0621999986 37.2971992493 -999.999 3678
MKN 2023 07 14 18 00 00 139 4.9 57.22 0 662.4 5.73 -99.9 -99.9 -99.9 -9999.9 -9999.9 -0.0621999986 37.2971992493 -999.999 3678
MKN 2023 07 14 19 00 00 133 6.2 56.95 0 662.6 5.65 -99.9 -99.9 -99.9 -9999.9 -9999.9 -0.0621999986 37.2971992493 -999.999 3678
MKN 2023 07 14 20 00 00 134 6.3 53.75 0 662.6 6.45 -99.9 -99.9 -99.9 -9999.9 -9999.9 -0.0621999986 37.2971992493 -999.999 3678
MKN 2023 07 14 21 00 00 132 9.1 54.78 0 662.2 6.2 -99.9 -99.9 -99.9 -9999.9 -9999.9 -0.0621999986 37.2971992493 -999.999 3678
MKN 2023 07 14 22 00 00 138 10.1 54.73 0 661.7 6.02 -99.9 -99.9 -99.9 -9999.9 -9999.9 -0.0621999986 37.2971992493 -999.999 3678
MKN 2023 07 14 23 00 00 144 6.9 58.18 0 661.4 5.3 -99.9 -99.9 -99.9 -9999.9 -9999.9 -0.0621999986 37.2971992493 -999.999 3678
MKN 2023 07 15 00 00 00 98 2.8 58.02 0 661.5 4.95 -99.9 -99.9 -99.9 -9999.9 -9999.9 -0.0621999986 37.2971992493 -999.999 3678
MKN 2023 07 15 01 00 00 86 3.5 52.62 0 661.3 6.08 -99.9 -99.9 -99.9 -9999.9 -9999.9 -0.0621999986 37.2971992493 -999.999 3678
MKN 2023 07 15 02 00 00 134 8.3 52.2 0 661.1 6.38 -99.9 -99.9 -99.9 -9999.9 -9999.9 -0.0621999986 37.2971992493 -999.999 3678
MKN 2023 07 15 03 00 00 135 9 54.9 0 661.3 6.08 -99.9 -99.9 -99.9 -9999.9 -9999.9 -0.0621999986 37.2971992493 -999.999 3678
MKN 2023 07 15 04 00 00 144 5.4 49.87 0 661.7 7.48 -99.9 -99.9 -99.9 -9999.9 -9999.9 -0.0621999986 37.2971992493 -999.999 3678
MKN 2023 07 15 05 00 00 138 5.5 66.12 0 662 6.95 -99.9 -99.9 -99.9 -9999.9 -9999.9 -0.0621999986 37.2971992493 -999.999 3678
MKN 2023 07 15 06 00 00 291 2.2 93.83 0 662.6 6.73 -99.9 -99.9 -99.9 -9999.9 -9999.9 -0.0621999986 37.2971992493 -999.999 3678
MKN 2023 07 15 07 00 00 283 3.7 96.23 0 663.1 7.15 -99.9 -99.9 -99.9 -9999.9 -9999.9 -0.0621999986 37.2971992493 -999.999 3678
MKN 2023 07 15 08 00 00 304 2.9 97.92 0 663.4 7.02 -99.9 -99.9 -99.9 -9999.9 -9999.9 -0.0621999986 37.2971992493 -999.999 3678
MKN 2023 07 15 09 00 00 320 3.3 99.3 0 663.3 6.17 -99.9 -99.9 -99.9 -9999.9 -9999.9 -0.0621999986 37.2971992493 -999.999 3678
MKN 2023 07 15 10 00 00 357 2.3 96.42 0 663.1 7.18 -99.9 -99.9 -99.9 -9999.9 -9999.9 -0.0621999986 37.2971992493 -999.999 3678
MKN 2023 07 15 11 00 00 356 3.2 86.16 0 662.8 8.68 -99.9 -99.9 -99.9 -9999.9 -9999.9 -0.0621999986 37.2971992493 -999.999 3678
MKN 2023 07 15 12 00 00 5 5.4 90.73 0 662.4 8.38 -99.9 -99.9 -99.9 -9999.9 -9999.9 -0.0621999986 37.2971992493 -999.999 3678
MKN 2023 07 15 13 00 00 3 5.7 95.52 0 662.1 7.62 -99.9 -99.9 -99.9 -9999.9 -9999.9 -0.0621999986 37.2971992493 -999.999 3678
MKN 2023 07 15 14 00 00 350 3.3 93.28 0 662.2 7.32 -99.9 -99.9 -99.9 -9999.9 -9999.9 -0.0621999986 37.2971992493 -999.999 3678
MKN 2023 07 15 15 00 00 307 2.5 85.17 0 662.3 6.43 -99.9 -99.9 -99.9 -9999.9 -9999.9 -0.0621999986 37.2971992493 -999.999 3678
MKN 2023 07 15 16 00 00 259 3.7 86.87 0 662.5 6.27 -99.9 -99.9 -99.9 -9999.9 -9999.9 -0.0621999986 37.2971992493 -999.999 3678
MKN 2023 07 15 17 00 00 263 2.8 91.9 0 662.6 4.47 -99.9 -99.9 -99.9 -9999.9 -9999.9 -0.0621999986 37.2971992493 -999.999 3678
MKN 2023 07 15 18 00 00 219 3.4 81.68 0 662.6 3.58 -99.9 -99.9 -99.9 -9999.9 -9999.9 -0.0621999986 37.2971992493 -999.999 3678
MKN 2023 07 15 19 00 00 148 1.4 77.13 0 662.8 4.18 -99.9 -99.9 -99.9 -9999.9 -9999.9 -0.0621999986 37.2971992493 -999.999 3678
MKN 2023 07 15 20 00 00 175 1.4 80.02 0 663 2.88 -99.9 -99.9 -99.9 -9999.9 -9999.9 -0.0621999986 37.2971992493 -999.999 3678
MKN 2023 07 15 21 00 00 137 2 67.48 0 662.8 2.58 -99.9 -99.9 -99.9 -9999.9 -9999.9 -0.0621999986 37.2971992493 -999.999 3678
MKN 2023 07 15 22 00 00 123 2.4 56.57 0 662.5 3.73 -99.9 -99.9 -99.9 -9999.9 -9999.9 -0.0621999986 37.2971992493 -999.999 3678
MKN 2023 07 15 23 00 00 169 1.8 52.3 0 662.3 3.82 -99.9 -99.9 -99.9 -9999.9 -9999.9 -0.0621999986 37.2971992493 -999.999 3678
MKN 2023 07 16 00 00 00 153 0.8 45.2 0 662.1 4.58 -99.9 -99.9 -99.9 -9999.9 -9999.9 -0.0621999986 37.2971992493 -999.999 3678
MKN 2023 07 16 01 00 00 225 1.1 55.1 0 661.9 3.1 -99.9 -99.9 -99.9 -9999.9 -9999.9 -0.0621999986 37.2971992493 -999.999 3678
MKN 2023 07 16 02 00 00 200 2.1 56.37 0 661.9 2.55 -99.9 -99.9 -99.9 -9999.9 -9999.9 -0.0621999986 37.2971992493 -999.999 3678
MKN 2023 07 16 03 00 00 180 1.7 56.83 0 662.2 2.73 -99.9 -99.9 -99.9 -9999.9 -9999.9 -0.0621999986 37.2971992493 -999.999 3678
MKN 2023 07 16 04 00 00 270 1.1 55.53 0 662.5 6.08 -99.9 -99.9 -99.9 -9999.9 -9999.9 -0.0621999986 37.2971992493 -999.999 3678
MKN 2023 07 16 05 00 00 53 0.9 53.8 0 663 7.83 -99.9 -99.9 -99.9 -9999.9 -9999.9 -0.0621999986 37.2971992493 -999.999 3678
MKN 2023 07 16 06 00 00 286 1.2 79.58 0 663.5 7.98 -99.9 -99.9 -99.9 -9999.9 -9999.9 -0.0621999986 37.2971992493 -999.999 3678
MKN 2023 07 16 07 00 00 291 3.1 76.97 0 663.9 9.47 -99.9 -99.9 -99.9 -9999.9 -9999.9 -0.0621999986 37.2971992493 -999.999 3678
MKN 2023 07 16 08 00 00 307 3.9 74.1 0 664 9.9 -99.9 -99.9 -99.9 -9999.9 -9999.9 -0.0621999986 37.2971992493 -999.999 3678
MKN 2023 07 16 09 00 00 305 4.3 78.03 0 663.8 10.37 -99.9 -99.9 -99.9 -9999.9 -9999.9 -0.0621999986 37.2971992493 -999.999 3678
MKN 2023 07 16 10 00 00 325 6.4 81.88 0 663.5 9.63 -99.9 -99.9 -99.9 -9999.9 -9999.9 -0.0621999986 37.2971992493 -999.999 3678
MKN 2023 07 16 11 00 00 341 6.6 73.57 0 663.2 10.38 -99.9 -99.9 -99.9 -9999.9 -9999.9 -0.0621999986 37.2971992493 -999.999 3678
MKN 2023 07 16 12 00 00 326 6.2 86.35 0 662.9 8.83 -99.9 -99.9 -99.9 -9999.9 -9999.9 -0.0621999986 37.2971992493 -999.999 3678
MKN 2023 07 16 13 00 00 341 5.5 85.42 0 662.4 7.3 -99.9 -99.9 -99.9 -9999.9 -9999.9 -0.0621999986 37.2971992493 -999.999 3678
MKN 2023 07 16 14 00 00 326 1.7 91.22 0 662.6 7.78 -99.9 -99.9 -99.9 -9999.9 -9999.9 -0.0621999986 37.2971992493 -999.999 3678
MKN 2023 07 16 15 00 00 283 2.3 93.77 0 662.7 7.12 -99.9 -99.9 -99.9 -9999.9 -9999.9 -0.0621999986 37.2971992493 -999.999 3678
MKN 2023 07 16 16 00 00 273 2.7 76.28 0 662.9 4.83 -99.9 -99.9 -99.9 -9999.9 -9999.9 -0.0621999986 37.2971992493 -999.999 3678
MKN 2023 07 16 17 00 00 196 5.3 46.57 0 662.8 4.63 -99.9 -99.9 -99.9 -9999.9 -9999.9 -0.0621999986 37.2971992493 -999.999 3678
MKN 2023 07 16 18 00 00 209 5.3 56.9 0 663.2 4.68 -99.9 -99.9 -99.9 -9999.9 -9999.9 -0.0621999986 37.2971992493 -999.999 3678
MKN 2023 07 16 19 00 00 210 5.8 61.33 0 663.4 4.28 -99.9 -99.9 -99.9 -9999.9 -9999.9 -0.0621999986 37.2971992493 -999.999 3678
MKN 2023 07 16 20 00 00 212 5.6 68.8 0 663.4 4.87 -99.9 -99.9 -99.9 -9999.9 -9999.9 -0.0621999986 37.2971992493 -999.999 3678
MKN 2023 07 16 21 00 00 230 4.5 76.65 0 663.4 4.08 -99.9 -99.9 -99.9 -9999.9 -9999.9 -0.0621999986 37.2971992493 -999.999 3678
MKN 2023 07 16 22 00 00 205 4.4 77.1 0 663 4.08 -99.9 -99.9 -99.9 -9999.9 -9999.9 -0.0621999986 37.2971992493 -999.999 3678
MKN 2023 07 16 23 00 00 190 4.6 63.18 0 662.6 4.03 -99.9 -99.9 -99.9 -9999.9 -9999.9 -0.0621999986 37.2971992493 -999.999 3678
MKN 2023 07 17 00 00 00 198 2 64.58 0 662.2 3.9 -99.9 -99.9 -99.9 -9999.9 -9999.9 -0.0621999986 37.2971992493 -999.999 3678
MKN 2023 07 17 01 00 00 186 3.2 59.23 0 662 3.13 -99.9 -99.9 -99.9 -9999.9 -9999.9 -0.0621999986 37.2971992493 -999.999 3678
MKN 2023 07 17 02 00 00 165 2.4 49.43 0 662.1 2.87 -99.9 -99.9 -99.9 -9999.9 -9999.9 -0.0621999986 37.2971992493 -999.999 3678
MKN 2023 07 17 03 00 00 168 2 54.55 0 662.4 3.1 -99.9 -99.9 -99.9 -9999.9 -9999.9 -0.0621999986 37.2971992493 -999.999 3678
MKN 2023 07 17 04 00 00 171 2.6 39.72 0 662.6 6.82 -99.9 -99.9 -99.9 -9999.9 -9999.9 -0.0621999986 37.2971992493 -999.999 3678
MKN 2023 07 17 05 00 00 171 1.5 28.55 0 663.2 10.45 -99.9 -99.9 -99.9 -9999.9 -9999.9 -0.0621999986 37.2971992493 -999.999 3678
MKN 2023 07 17 06 00 00 325 2.2 51.8 0 663.6 9.75 -99.9 -99.9 -99.9 -9999.9 -9999.9 -0.0621999986 37.2971992493 -999.999 3678
MKN 2023 07 17 07 00 00 288 3 81.57 0 663.9 9.25 -99.9 -99.9 -99.9 -9999.9 -9999.9 -0.0621999986 37.2971992493 -999.999 3678
MKN 2023 07 17 08 00 00 295 3.2 85.32 0 663.9 9.5 -99.9 -99.9 -99.9 -9999.9 -9999.9 -0.0621999986 37.2971992493 -999.999 3678
MKN 2023 07 17 09 00 00 311 4 80.55 0 663.8 9.53 -99.9 -99.9 -99.9 -9999.9 -9999.9 -0.0621999986 37.2971992493 -999.999 3678
MKN 2023 07 17 10 00 00 328 4.2 85.17 0 663.6 9.3 -99.9 -99.9 -99.9 -9999.9 -9999.9 -0.0621999986 37.2971992493 -999.999 3678
MKN 2023 07 17 11 00 00 316 4.8 75.42 0 663.3 10.5 -99.9 -99.9 -99.9 -9999.9 -9999.9 -0.0621999986 37.2971992493 -999.999 3678
MKN 2023 07 17 12 00 00 356 4.8 76.35 0 663 10.05 -99.9 -99.9 -99.9 -9999.9 -9999.9 -0.0621999986 37.2971992493 -999.999 3678
MKN 2023 07 17 13 00 00 6 6 88.73 0 662.6 8.93 -99.9 -99.9 -99.9 -9999.9 -9999.9 -0.0621999986 37.2971992493 -999.999 3678
MKN 2023 07 17 14 00 00 352 4.7 93.88 0 662.5 7.95 -99.9 -99.9 -99.9 -9999.9 -9999.9 -0.0621999986 37.2971992493 -999.999 3678
MKN 2023 07 17 15 00 00 22 1.8 91.78 0 662.7 6.97 -99.9 -99.9 -99.9 -9999.9 -9999.9 -0.0621999986 37.2971992493 -999.999 3678
MKN 2023 07 17 16 00 00 239 1.7 50.22 0 662.7 6.07 -99.9 -99.9 -99.9 -9999.9 -9999.9 -0.0621999986 37.2971992493 -999.999 3678
MKN 2023 07 17 17 00 00 153 0.8 45.25 0 662.8 4.95 -99.9 -99.9 -99.9 -9999.9 -9999.9 -0.0621999986 37.2971992493 -999.999 3678
MKN 2023 07 17 18 00 00 205 2.4 40.35 0 663.1 4.85 -99.9 -99.9 -99.9 -9999.9 -9999.9 -0.0621999986 37.2971992493 -999.999 3678
MKN 2023 07 17 19 00 00 229 3 50.42 0 663.4 4.27 -99.9 -99.9 -99.9 -9999.9 -9999.9 -0.0621999986 37.2971992493 -999.999 3678
MKN 2023 07 17 20 00 00 232 2.8 48.92 0 663.5 4.63 -99.9 -99.9 -99.9 -9999.9 -9999.9 -0.0621999986 37.2971992493 -999.999 3678
MKN 2023 07 17 21 00 00 240 2.8 63.3 0 663.3 4.03 -99.9 -99.9 -99.9 -9999.9 -9999.9 -0.0621999986 37.2971992493 -999.999 3678
MKN 2023 07 17 22 00 00 234 3.5 68.97 0 662.9 4.75 -99.9 -99.9 -99.9 -9999.9 -9999.9 -0.0621999986 37.2971992493 -999.999 3678
MKN 2023 07 17 23 00 00 246 1 45.7 0 662.6 4.13 -99.9 -99.9 -99.9 -9999.9 -9999.9 -0.0621999986 37.2971992493 -999.999 3678
MKN 2023 07 18 00 00 00 129 4.5 38.23 0 662.1 5.62 -99.9 -99.9 -99.9 -9999.9 -9999.9 -0.0621999986 37.2971992493 -999.999 3678
MKN 2023 07 18 01 00 00 130 5.8 36.95 0 661.9 5.92 -99.9 -99.9 -99.9 -9999.9 -9999.9 -0.0621999986 37.2971992493 -999.999 3678
MKN 2023 07 18 02 00 00 130 6.4 40.28 0 662 5.05 -99.9 -99.9 -99.9 -9999.9 -9999.9 -0.0621999986 37.2971992493 -999.999 3678
MKN 2023 07 18 03 00 00 127 6.4 42.02 0 662.2 5.03 -99.9 -99.9 -99.9 -9999.9 -9999.9 -0.0621999986 37.2971992493 -999.999 3678
MKN 2023 07 18 04 00 00 122 7.2 37.97 0 662.5 7.65 -99.9 -99.9 -99.9 -9999.9 -9999.9 -0.0621999986 37.2971992493 -999.999 3678
MKN 2023 07 18 05 00 00 100 5.4 42.28 0 663.1 9.88 -99.9 -99.9 -99.9 -9999.9 -9999.9 -0.0621999986 37.2971992493 -999.999 3678
MKN 2023 07 18 06 00 00 34 5.4 62.12 0 663.6 9.98 -99.9 -99.9 -99.9 -9999.9 -9999.9 -0.0621999986 37.2971992493 -999.999 3678
MKN 2023 07 18 07 00 00 8 4.6 89.88 0 664.1 8.85 -99.9 -99.9 -99.9 -9999.9 -9999.9 -0.0621999986 37.2971992493 -999.999 3678
MKN 2023 07 18 08 00 00 308 2.9 93.23 0 664.3 8.45 -99.9 -99.9 -99.9 -9999.9 -9999.9 -0.0621999986 37.2971992493 -999.999 3678
MKN 2023 07 18 09 00 00 354 3.2 83.75 0 664.2 9.72 -99.9 -99.9 -99.9 -9999.9 -9999.9 -0.0621999986 37.2971992493 -999.999 3678
MKN 2023 07 18 10 00 00 8 4.8 77.58 0 663.9 10.47 -99.9 -99.9 -99.9 -9999.9 -9999.9 -0.0621999986 37.2971992493 -999.999 3678
MKN 2023 07 18 11 00 00 11 5 77.65 0 663.5 10.68 -99.9 -99.9 -99.9 -9999.9 -9999.9 -0.0621999986 37.2971992493 -999.999 3678
MKN 2023 07 18 12 00 00 351 6.1 88.08 0 663 9.3 -99.9 -99.9 -99.9 -9999.9 -9999.9 -0.0621999986 37.2971992493 -999.999 3678
MKN 2023 07 18 13 00 00 337 5.5 88.07 0 662.8 8.93 -99.9 -99.9 -99.9 -9999.9 -9999.9 -0.0621999986 37.2971992493 -999.999 3678
MKN 2023 07 18 14 00 00 6 3.3 88.35 0 662.6 8.75 -99.9 -99.9 -99.9 -9999.9 -9999.9 -0.0621999986 37.2971992493 -999.999 3678
MKN 2023 07 18 15 00 00 315 2.6 99.2 0 662.6 6.52 -99.9 -99.9 -99.9 -9999.9 -9999.9 -0.0621999986 37.2971992493 -999.999 3678
MKN 2023 07 18 16 00 00 225 1.5 70.83 0 662.7 4.17 -99.9 -99.9 -99.9 -9999.9 -9999.9 -0.0621999986 37.2971992493 -999.999 3678
MKN 2023 07 18 17 00 00 126 3.7 53.3 0 662.5 4.22 -99.9 -99.9 -99.9 -9999.9 -9999.9 -0.0621999986 37.2971992493 -999.999 3678
MKN 2023 07 18 18 00 00 117 2.8 57.38 0 662.9 3.58 -99.9 -99.9 -99.9 -9999.9 -9999.9 -0.0621999986 37.2971992493 -999.999 3678
MKN 2023 07 18 19 00 00 125 1.3 53.62 0 663.2 4.8 -99.9 -99.9 -99.9 -9999.9 -9999.9 -0.0621999986 37.2971992493 -999.999 3678
MKN 2023 07 18 20 00 00 207 0.8 59.3 0 663.2 3.88 -99.9 -99.9 -99.9 -9999.9 -9999.9 -0.0621999986 37.2971992493 -999.999 3678
MKN 2023 07 18 21 00 00 155 1.7 58.18 0 662.9 4.05 -99.9 -99.9 -99.9 -9999.9 -9999.9 -0.0621999986 37.2971992493 -999.999 3678
MKN 2023 07 18 22 00 00 117 3.8 55.23 0 662.4 4.77 -99.9 -99.9 -99.9 -9999.9 -9999.9 -0.0621999986 37.2971992493 -999.999 3678
MKN 2023 07 18 23 00 00 117 5.3 55.53 0 662 4.98 -99.9 -99.9 -99.9 -9999.9 -9999.9 -0.0621999986 37.2971992493 -999.999 3678
MKN 2023 07 19 00 00 00 124 5.1 47.33 0 661.7 5.77 -99.9 -99.9 -99.9 -9999.9 -9999.9 -0.0621999986 37.2971992493 -999.999 3678
MKN 2023 07 19 01 00 00 117 5.7 51.65 0 661.4 5.63 -99.9 -99.9 -99.9 -9999.9 -9999.9 -0.0621999986 37.2971992493 -999.999 3678
MKN 2023 07 19 02 00 00 119 5.5 53.67 0 661.3 5.63 -99.9 -99.9 -99.9 -9999.9 -9999.9 -0.0621999986 37.2971992493 -999.999 3678
MKN 2023 07 19 03 00 00 118 5.5 56.23 0 661.4 5.22 -99.9 -99.9 -99.9 -9999.9 -9999.9 -0.0621999986 37.2971992493 -999.999 3678
MKN 2023 07 19 04 00 00 119 5.3 52.58 0 661.6 7.93 -99.9 -99.9 -99.9 -9999.9 -9999.9 -0.0621999986 37.2971992493 -999.999 3678
MKN 2023 07 19 05 00 00 109 2.7 89.17 0 662.1 7.02 -99.9 -99.9 -99.9 -9999.9 -9999.9 -0.0621999986 37.2971992493 -999.999 3678
MKN 2023 07 19 06 00 00 297 2 96.68 0 662.7 7.05 -99.9 -99.9 -99.9 -9999.9 -9999.9 -0.0621999986 37.2971992493 -999.999 3678
MKN 2023 07 19 07 00 00 306 2.9 87.8 0 663.2 8.63 -99.9 -99.9 -99.9 -9999.9 -9999.9 -0.0621999986 37.2971992493 -999.999 3678
MKN 2023 07 19 08 00 00 337 3.5 90.37 0 663.3 8.45 -99.9 -99.9 -99.9 -9999.9 -9999.9 -0.0621999986 37.2971992493 -999.999 3678
MKN 2023 07 19 09 00 00 312 4.9 83.97 0 663.3 9 -99.9 -99.9 -99.9 -9999.9 -9999.9 -0.0621999986 37.2971992493 -999.999 3678
MKN 2023 07 19 10 00 00 302 4.7 75.78 0 663.2 10.13 -99.9 -99.9 -99.9 -9999.9 -9999.9 -0.0621999986 37.2971992493 -999.999 3678
MKN 2023 07 19 11 00 00 323 5 73.87 0 662.9 9.95 -99.9 -99.9 -99.9 -9999.9 -9999.9 -0.0621999986 37.2971992493 -999.999 3678
MKN 2023 07 19 12 00 00 336 6.5 81.75 0 662.5 9.2 -99.9 -99.9 -99.9 -9999.9 -9999.9 -0.0621999986 37.2971992493 -999.999 3678
MKN 2023 07 19 13 00 00 323 5.1 87.5 0 662.1 9.08 -99.9 -99.9 -99.9 -9999.9 -9999.9 -0.0621999986 37.2971992493 -999.999 3678
MKN 2023 07 19 14 00 00 339 4.5 95.2 0 661.9 8.03 -99.9 -99.9 -99.9 -9999.9 -9999.9 -0.0621999986 37.2971992493 -999.999 3678
MKN 2023 07 19 15 00 00 347 2.2 92.4 0 661.8 7.8 -99.9 -99.9 -99.9 -9999.9 -9999.9 -0.0621999986 37.2971992493 -999.999 3678
MKN 2023 07 19 16 00 00 294 1.6 86.7 0 661.8 5.18 -99.9 -99.9 -99.9 -9999.9 -9999.9 -0.0621999986 37.2971992493 -999.999 3678
MKN 2023 07 19 17 00 00 208 2.2 91.2 0 661.9 4.85 -99.9 -99.9 -99.9 -9999.9 -9999.9 -0.0621999986 37.2971992493 -999.999 3678
MKN 2023 07 19 18 00 00 204 2.7 84.95 0 662.3 4.97 -99.9 -99.9 -99.9 -9999.9 -9999.9 -0.0621999986 37.2971992493 -999.999 3678
MKN 2023 07 19 19 00 00 219 3 93.37 0 662.6 5.87 -99.9 -99.9 -99.9 -9999.9 -9999.9 -0.0621999986 37.2971992493 -999.999 3678
MKN 2023 07 19 20 00 00 273 3.8 99.17 0 662.6 6.37 -99.9 -99.9 -99.9 -9999.9 -9999.9 -0.0621999986 37.2971992493 -999.999 3678
MKN 2023 07 19 21 00 00 262 4.5 99.2 0 662.5 5.87 -99.9 -99.9 -99.9 -9999.9 -9999.9 -0.0621999986 37.2971992493 -999.999 3678
MKN 2023 07 19 22 00 00 249 5.2 96.78 0 662.3 4.93 -99.9 -99.9 -99.9 -9999.9 -9999.9 -0.0621999986 37.2971992493 -999.999 3678
MKN 2023 07 19 23 00 00 219 4.3 76.13 0 662.2 4.98 -99.9 -99.9 -99.9 -9999.9 -9999.9 -0.0621999986 37.2971992493 -999.999 3678
MKN 2023 07 20 00 00 00 211 4.4 69.25 0 661.9 4.98 -99.9 -99.9 -99.9 -9999.9 -9999.9 -0.0621999986 37.2971992493 -999.999 3678
MKN 2023 07 20 01 00 00 229 2.4 84.78 0 661.6 3.77 -99.9 -99.9 -99.9 -9999.9 -9999.9 -0.0621999986 37.2971992493 -999.999 3678
MKN 2023 07 20 02 00 00 256 3.4 90 0 661.6 3.33 -99.9 -99.9 -99.9 -9999.9 -9999.9 -0.0621999986 37.2971992493 -999.999 3678
MKN 2023 07 20 03 00 00 251 2.5 93.42 0 661.8 3.3 -99.9 -99.9 -99.9 -9999.9 -9999.9 -0.0621999986 37.2971992493 -999.999 3678
MKN 2023 07 20 04 00 00 232 3.4 95.12 0 662.1 4.42 -99.9 -99.9 -99.9 -9999.9 -9999.9 -0.0621999986 37.2971992493 -999.999 3678
MKN 2023 07 20 05 00 00 241 2.7 97.52 0 662.5 6.1 -99.9 -99.9 -99.9 -9999.9 -9999.9 -0.0621999986 37.2971992493 -999.999 3678
MKN 2023 07 20 06 00 00 276 3 93.27 0 663.2 7.32 -99.9 -99.9 -99.9 -9999.9 -9999.9 -0.0621999986 37.2971992493 -999.999 3678
MKN 2023 07 20 07 00 00 292 3.4 79.38 0 663.7 8.9 -99.9 -99.9 -99.9 -9999.9 -9999.9 -0.0621999986 37.2971992493 -999.999 3678
MKN 2023 07 20 08 00 00 303 3.8 77.27 0 663.8 9.17 -99.9 -99.9 -99.9 -9999.9 -9999.9 -0.0621999986 37.2971992493 -999.999 3678
MKN 2023 07 20 09 00 00 300 4.6 76.57 0 663.9 10.42 -99.9 -99.9 -99.9 -9999.9 -9999.9 -0.0621999986 37.2971992493 -999.999 3678
MKN 2023 07 20 10 00 00 314 5.9 78.7 0 663.8 9.7 -99.9 -99.9 -99.9 -9999.9 -9999.9 -0.0621999986 37.2971992493 -999.999 3678
MKN 2023 07 20 11 00 00 314 4.8 75.28 0 663.6 10.35 -99.9 -99.9 -99.9 -9999.9 -9999.9 -0.0621999986 37.2971992493 -999.999 3678
MKN 2023 07 20 12 00 00 324 6.4 72.85 0 663.2 10.32 -99.9 -99.9 -99.9 -9999.9 -9999.9 -0.0621999986 37.2971992493 -999.999 3678
MKN 2023 07 20 13 00 00 340 5.6 82.27 0 662.8 9.58 -99.9 -99.9 -99.9 -9999.9 -9999.9 -0.0621999986 37.2971992493 -999.999 3678
MKN 2023 07 20 14 00 00 345 5.7 91.77 0.3 662.6 7.05 -99.9 -99.9 -99.9 -9999.9 -9999.9 -0.0621999986 37.2971992493 -999.999 3678
MKN 2023 07 20 15 00 00 151 1.6 97.27 0.6 662.8 6.92 -99.9 -99.9 -99.9 -9999.9 -9999.9 -0.0621999986 37.2971992493 -999.999 3678
MKN 2023 07 20 16 00 00 129 1.3 99.22 0 662.8 6.83 -99.9 -99.9 -99.9 -9999.9 -9999.9 -0.0621999986 37.2971992493 -999.999 3678
MKN 2023 07 20 17 00 00 221 1.8 98.28 0 662.9 6.23 -99.9 -99.9 -99.9 -9999.9 -9999.9 -0.0621999986 37.2971992493 -999.999 3678
MKN 2023 07 20 18 00 00 234 2.4 99.07 0 663.1 5.7 -99.9 -99.9 -99.9 -9999.9 -9999.9 -0.0621999986 37.2971992493 -999.999 3678
MKN 2023 07 20 19 00 00 243 3.2 97 0 663.4 5.65 -99.9 -99.9 -99.9 -9999.9 -9999.9 -0.0621999986 37.2971992493 -999.999 3678
MKN 2023 07 20 20 00 00 216 4.4 83.37 0 663.5 5.15 -99.9 -99.9 -99.9 -9999.9 -9999.9 -0.0621999986 37.2971992493 -999.999 3678
MKN 2023 07 20 21 00 00 233 2.9 89.23 0 663.1 4.8 -99.9 -99.9 -99.9 -9999.9 -9999.9 -0.0621999986 37.2971992493 -999.999 3678
MKN 2023 07 20 22 00 00 220 4 83 0 662.8 4.98 -99.9 -99.9 -99.9 -9999.9 -9999.9 -0.0621999986 37.2971992493 -999.999 3678
MKN 2023 07 20 23 00 00 230 2.4 84.5 0 662.6 4.87 -99.9 -99.9 -99.9 -9999.9 -9999.9 -0.0621999986 37.2971992493 -999.999 3678
MKN 2023 07 21 00 00 00 241 3.1 85.98 0 662.4 4.47 -99.9 -99.9 -99.9 -9999.9 -9999.9 -0.0621999986 37.2971992493 -999.999 3678
MKN 2023 07 21 01 00 00 227 3.9 92.82 0 662.4 4.35 -99.9 -99.9 -99.9 -9999.9 -9999.9 -0.0621999986 37.2971992493 -999.999 3678
MKN 2023 07 21 02 00 00 224 4 93.12 0 662.4 4.5 -99.9 -99.9 -99.9 -9999.9 -9999.9 -0.0621999986 37.2971992493 -999.999 3678
MKN 2023 07 21 03 00 00 247 3.1 93.58 0 662.7 4.73 -99.9 -99.9 -99.9 -9999.9 -9999.9 -0.0621999986 37.2971992493 -999.999 3678
MKN 2023 07 21 04 00 00 239 2.8 87.97 0 663 5.48 -99.9 -99.9 -99.9 -9999.9 -9999.9 -0.0621999986 37.2971992493 -999.999 3678
MKN 2023 07 21 05 00 00 247 2.1 85.92 0 663.2 6.4 -99.9 -99.9 -99.9 -9999.9 -9999.9 -0.0621999986 37.2971992493 -999.999 3678
MKN 2023 07 21 06 00 00 274 3 80.85 0 663.9 7.75 -99.9 -99.9 -99.9 -9999.9 -9999.9 -0.0621999986 37.2971992493 -999.999 3678
MKN 2023 07 21 07 00 00 280 3.7 79.8 0 664.5 8.63 -99.9 -99.9 -99.9 -9999.9 -9999.9 -0.0621999986 37.2971992493 -999.999 3678
MKN 2023 07 21 08 00 00 307 4 82.03 0 664.8 8.78 -99.9 -99.9 -99.9 -9999.9 -9999.9 -0.0621999986 37.2971992493 -999.999 3678
MKN 2023 07 21 09 00 00 305 3.6 83.2 0 664.8 9.23 -99.9 -99.9 -99.9 -9999.9 -9999.9 -0.0621999986 37.2971992493 -999.999 3678
MKN 2023 07 21 10 00 00 333 4 82.53 0 664.7 9.13 -99.9 -99.9 -99.9 -9999.9 -9999.9 -0.0621999986 37.2971992493 -999.999 3678
MKN 2023 07 21 11 00 00 326 3.4 77.9 0 664.4 9.9 -99.9 -99.9 -99.9 -9999.9 -9999.9 -0.0621999986 37.2971992493 -999.999 3678
MKN 2023 07 21 12 00 00 5 5.6 80.45 0 663.8 9.52 -99.9 -99.9 -99.9 -9999.9 -9999.9 -0.0621999986 37.2971992493 -999.999 3678
MKN 2023 07 21 13 00 00 330 4.1 83.78 0 663.5 7.88 -99.9 -99.9 -99.9 -9999.9 -9999.9 -0.0621999986 37.2971992493 -999.999 3678
MKN 2023 07 21 14 00 00 233 1.9 96.32 0 663.3 8.57 -99.9 -99.9 -99.9 -9999.9 -9999.9 -0.0621999986 37.2971992493 -999.999 3678
MKN 2023 07 21 15 00 00 341 4.3 99.3 0.3 663.2 7.57 -99.9 -99.9 -99.9 -9999.9 -9999.9 -0.0621999986 37.2971992493 -999.999 3678
MKN 2023 07 21 16 00 00 350 4 99.3 0 663.3 6.5 -99.9 -99.9 -99.9 -9999.9 -9999.9 -0.0621999986 37.2971992493 -999.999 3678
MKN 2023 07 21 17 00 00 263 3.1 98.12 0 663.4 5.05 -99.9 -99.9 -99.9 -9999.9 -9999.9 -0.0621999986 37.2971992493 -999.999 3678
MKN 2023 07 21 18 00 00 215 3.2 87.52 0 663.8 5.38 -99.9 -99.9 -99.9 -9999.9 -9999.9 -0.0621999986 37.2971992493 -999.999 3678
MKN 2023 07 21 19 00 00 238 2.2 92.43 0 664.1 4.53 -99.9 -99.9 -99.9 -9999.9 -9999.9 -0.0621999986 37.2971992493 -999.999 3678
MKN 2023 07 21 20 00 00 215 4.4 87.28 0 664.2 4.92 -99.9 -99.9 -99.9 -9999.9 -9999.9 -0.0621999986 37.2971992493 -999.999 3678
MKN 2023 07 21 21 00 00 228 4.1 83.93 0 664.1 5.02 -99.9 -99.9 -99.9 -9999.9 -9999.9 -0.0621999986 37.2971992493 -999.999 3678
MKN 2023 07 21 22 00 00 229 2.3 89.72 0 663.7 4.17 -99.9 -99.9 -99.9 -9999.9 -9999.9 -0.0621999986 37.2971992493 -999.999 3678
MKN 2023 07 21 23 00 00 252 2.1 84.45 0 663.5 3.37 -99.9 -99.9 -99.9 -9999.9 -9999.9 -0.0621999986 37.2971992493 -999.999 3678
MKN 2023 07 22 00 00 00 144 2.7 79.52 0 663.1 4.22 -99.9 -99.9 -99.9 -9999.9 -9999.9 -0.0621999986 37.2971992493 -999.999 3678
MKN 2023 07 22 01 00 00 142 2.9 82.4 0 663 3.87 -99.9 -99.9 -99.9 -9999.9 -9999.9 -0.0621999986 37.2971992493 -999.999 3678
MKN 2023 07 22 02 00 00 132 4 84.08 0 663 3.48 -99.9 -99.9 -99.9 -9999.9 -9999.9 -0.0621999986 37.2971992493 -999.999 3678
MKN 2023 07 22 03 00 00 137 4.7 84.23 0 663.3 3.63 -99.9 -99.9 -99.9 -9999.9 -9999.9 -0.0621999986 37.2971992493 -999.999 3678
MKN 2023 07 22 04 00 00 138 5.1 74.77 0 663.5 6.52 -99.9 -99.9 -99.9 -9999.9 -9999.9 -0.0621999986 37.2971992493 -999.999 3678
MKN 2023 07 22 05 00 00 121 4.7 66.2 0 663.9 9.73 -99.9 -99.9 -99.9 -9999.9 -9999.9 -0.0621999986 37.2971992493 -999.999 3678
MKN 2023 07 22 06 00 00 65 4 85.98 0 664.5 8.18 -99.9 -99.9 -99.9 -9999.9 -9999.9 -0.0621999986 37.2971992493 -999.999 3678
MKN 2023 07 22 07 00 00 321 2.3 94.28 0 664.9 8.07 -99.9 -99.9 -99.9 -9999.9 -9999.9 -0.0621999986 37.2971992493 -999.999 3678
MKN 2023 07 22 08 00 00 352 3.4 95.28 0 665 8.22 -99.9 -99.9 -99.9 -9999.9 -9999.9 -0.0621999986 37.2971992493 -999.999 3678
MKN 2023 07 22 09 00 00 0 4.6 96.82 0 664.9 8.38 -99.9 -99.9 -99.9 -9999.9 -9999.9 -0.0621999986 37.2971992493 -999.999 3678
MKN 2023 07 22 10 00 00 348 5.1 98.3 0 664.7 8.25 -99.9 -99.9 -99.9 -9999.9 -9999.9 -0.0621999986 37.2971992493 -999.999 3678
MKN 2023 07 22 11 00 00 346 5.8 95.55 0 664.4 8.55 -99.9 -99.9 -99.9 -9999.9 -9999.9 -0.0621999986 37.2971992493 -999.999 3678
MKN 2023 07 22 12 00 00 10 4.7 99.23 0 664.1 7.35 -99.9 -99.9 -99.9 -9999.9 -9999.9 -0.0621999986 37.2971992493 -999.999 3678
MKN 2023 07 22 13 00 00 25 4.4 99.3 0.2 663.8 7.27 -99.9 -99.9 -99.9 -9999.9 -9999.9 -0.0621999986 37.2971992493 -999.999 3678
MKN 2023 07 22 14 00 00 25 3.8 99.3 0 663.7 7.27 -99.9 -99.9 -99.9 -9999.9 -9999.9 -0.0621999986 37.2971992493 -999.999 3678
MKN 2023 07 22 15 00 00 7 2.4 99.3 0 663.8 6.33 -99.9 -99.9 -99.9 -9999.9 -9999.9 -0.0621999986 37.2971992493 -999.999 3678
MKN 2023 07 22 16 00 00 117 1.1 98.65 0 663.9 5.5 -99.9 -99.9 -99.9 -9999.9 -9999.9 -0.0621999986 37.2971992493 -999.999 3678
MKN 2023 07 22 17 00 00 153 0.9 96.13 0 663.9 4.47 -99.9 -99.9 -99.9 -9999.9 -9999.9 -0.0621999986 37.2971992493 -999.999 3678
MKN 2023 07 22 18 00 00 231 1.9 94.42 0 664.1 4.32 -99.9 -99.9 -99.9 -9999.9 -9999.9 -0.0621999986 37.2971992493 -999.999 3678
MKN 2023 07 22 19 00 00 219 2.6 96.8 0 664.4 4.42 -99.9 -99.9 -99.9 -9999.9 -9999.9 -0.0621999986 37.2971992493 -999.999 3678
MKN 2023 07 22 20 00 00 222 3 97.87 0 664.4 3.82 -99.9 -99.9 -99.9 -9999.9 -9999.9 -0.0621999986 37.2971992493 -999.999 3678
MKN 2023 07 22 21 00 00 197 2.5 79.55 0 664.2 3.53 -99.9 -99.9 -99.9 -9999.9 -9999.9 -0.0621999986 37.2971992493 -999.999 3678
MKN 2023 07 22 22 00 00 196 1.9 83.95 0 663.6 3.23 -99.9 -99.9 -99.9 -9999.9 -9999.9 -0.0621999986 37.2971992493 -999.999 3678
MKN 2023 07 22 23 00 00 161 2.4 74.5 0 663.1 2.92 -99.9 -99.9 -99.9 -9999.9 -9999.9 -0.0621999986 37.2971992493 -999.999 3678
MKN 2023 07 23 00 00 00 130 3.4 70.52 0 662.7 3.23 -99.9 -99.9 -99.9 -9999.9 -9999.9 -0.0621999986 37.2971992493 -999.999 3678
MKN 2023 07 23 01 00 00 118 3.4 73.77 0 662.5 3.25 -99.9 -99.9 -99.9 -9999.9 -9999.9 -0.0621999986 37.2971992493 -999.999 3678
MKN 2023 07 23 02 00 00 119 2.6 71.65 0 662.5 3.73 -99.9 -99.9 -99.9 -9999.9 -9999.9 -0.0621999986 37.2971992493 -999.999 3678
MKN 2023 07 23 03 00 00 100 5.7 76.88 0 662.8 3.45 -99.9 -99.9 -99.9 -9999.9 -9999.9 -0.0621999986 37.2971992493 -999.999 3678
MKN 2023 07 23 04 00 00 112 4.9 75.13 0 663.2 5.72 -99.9 -99.9 -99.9 -9999.9 -9999.9 -0.0621999986 37.2971992493 -999.999 3678
MKN 2023 07 23 05 00 00 138 2.6 86.5 0 663.6 7.08 -99.9 -99.9 -99.9 -9999.9 -9999.9 -0.0621999986 37.2971992493 -999.999 3678
MKN 2023 07 23 06 00 00 21 3.1 90.77 0 664.1 7.85 -99.9 -99.9 -99.9 -9999.9 -9999.9 -0.0621999986 37.2971992493 -999.999 3678
MKN 2023 07 23 07 00 00 325 2.7 97.12 0 664.5 8.02 -99.9 -99.9 -99.9 -9999.9 -9999.9 -0.0621999986 37.2971992493 -999.999 3678
MKN 2023 07 23 08 00 00 12 3.5 98.38 0 664.6 8.03 -99.9 -99.9 -99.9 -9999.9 -9999.9 -0.0621999986 37.2971992493 -999.999 3678
MKN 2023 07 23 09 00 00 15 3.4 98.65 0 664.4 7.93 -99.9 -99.9 -99.9 -9999.9 -9999.9 -0.0621999986 37.2971992493 -999.999 3678
MKN 2023 07 23 10 00 00 15 5.7 96.47 0 664 8.57 -99.9 -99.9 -99.9 -9999.9 -9999.9 -0.0621999986 37.2971992493 -999.999 3678
MKN 2023 07 23 11 00 00 15 6.2 90.48 0 663.5 9.48 -99.9 -99.9 -99.9 -9999.9 -9999.9 -0.0621999986 37.2971992493 -999.999 3678
MKN 2023 07 23 12 00 00 8 6.1 94.7 0 663.2 8.38 -99.9 -99.9 -99.9 -9999.9 -9999.9 -0.0621999986 37.2971992493 -999.999 3678
MKN 2023 07 23 13 00 00 14 5.4 99.28 0 663.2 7.52 -99.9 -99.9 -99.9 -9999.9 -9999.9 -0.0621999986 37.2971992493 -999.999 3678
MKN 2023 07 23 14 00 00 20 4.7 99.23 0 663 7.47 -99.9 -99.9 -99.9 -9999.9 -9999.9 -0.0621999986 37.2971992493 -999.999 3678
MKN 2023 07 23 15 00 00 4 2.7 99.3 0 663.1 6.8 -99.9 -99.9 -99.9 -9999.9 -9999.9 -0.0621999986 37.2971992493 -999.999 3678
MKN 2023 07 23 16 00 00 323 1.9 99.28 0 663.1 5.2 -99.9 -99.9 -99.9 -9999.9 -9999.9 -0.0621999986 37.2971992493 -999.999 3678
MKN 2023 07 23 17 00 00 207 1.7 87.02 0 663.1 4.87 -99.9 -99.9 -99.9 -9999.9 -9999.9 -0.0621999986 37.2971992493 -999.999 3678
MKN 2023 07 23 18 00 00 220 2.6 67.67 0 663.2 5.85 -99.9 -99.9 -99.9 -9999.9 -9999.9 -0.0621999986 37.2971992493 -999.999 3678
MKN 2023 07 23 19 00 00 232 1.3 71.57 0 663.3 5.18 -99.9 -99.9 -99.9 -9999.9 -9999.9 -0.0621999986 37.2971992493 -999.999 3678
MKN 2023 07 23 20 00 00 225 1.5 77.78 0 663.4 4.35 -99.9 -99.9 -99.9 -9999.9 -9999.9 -0.0621999986 37.2971992493 -999.999 3678
MKN 2023 07 23 21 00 00 238 1.6 78.7 0 663.2 4.28 -99.9 -99.9 -99.9 -9999.9 -9999.9 -0.0621999986 37.2971992493 -999.999 3678
MKN 2023 07 23 22 00 00 202 1.2 71.03 0 662.8 4.38 -99.9 -99.9 -99.9 -9999.9 -9999.9 -0.0621999986 37.2971992493 -999.999 3678
MKN 2023 07 23 23 00 00 205 1.8 71.83 0 662.5 3.37 -99.9 -99.9 -99.9 -9999.9 -9999.9 -0.0621999986 37.2971992493 -999.999 3678
MKN 2023 07 24 00 00 00 194 0.9 75.32 0 662.2 2.77 -99.9 -99.9 -99.9 -9999.9 -9999.9 -0.0621999986 37.2971992493 -999.999 3678
MKN 2023 07 24 01 00 00 126 1.9 72.52 0 661.9 2.8 -99.9 -99.9 -99.9 -9999.9 -9999.9 -0.0621999986 37.2971992493 -999.999 3678
MKN 2023 07 24 02 00 00 125 3.3 67.98 0 661.9 3.63 -99.9 -99.9 -99.9 -9999.9 -9999.9 -0.0621999986 37.2971992493 -999.999 3678
MKN 2023 07 24 03 00 00 115 2.7 67.58 0 662.1 3.2 -99.9 -99.9 -99.9 -9999.9 -9999.9 -0.0621999986 37.2971992493 -999.999 3678
MKN 2023 07 24 04 00 00 135 1.2 62.87 0 662.4 6.03 -99.9 -99.9 -99.9 -9999.9 -9999.9 -0.0621999986 37.2971992493 -999.999 3678
MKN 2023 07 24 05 00 00 20 1.9 86.22 0 662.8 7.4 -99.9 -99.9 -99.9 -9999.9 -9999.9 -0.0621999986 37.2971992493 -999.999 3678
MKN 2023 07 24 06 00 00 9 2.4 82.25 0 663.3 8.18 -99.9 -99.9 -99.9 -9999.9 -9999.9 -0.0621999986 37.2971992493 -999.999 3678
MKN 2023 07 24 07 00 00 4 3.3 93.9 0 663.5 7.55 -99.9 -99.9 -99.9 -9999.9 -9999.9 -0.0621999986 37.2971992493 -999.999 3678
MKN 2023 07 24 08 00 00 12 3.3 89.2 0 663.5 8.82 -99.9 -99.9 -99.9 -9999.9 -9999.9 -0.0621999986 37.2971992493 -999.999 3678
MKN 2023 07 24 09 00 00 351 4 89.33 0 663.3 9.18 -99.9 -99.9 -99.9 -9999.9 -9999.9 -0.0621999986 37.2971992493 -999.999 3678
MKN 2023 07 24 10 00 00 3 5.2 99.25 0 663 7.28 -99.9 -99.9 -99.9 -9999.9 -9999.9 -0.0621999986 37.2971992493 -999.999 3678
MKN 2023 07 24 11 00 00 349 3.9 96.15 0 662.8 7.88 -99.9 -99.9 -99.9 -9999.9 -9999.9 -0.0621999986 37.2971992493 -999.999 3678
MKN 2023 07 24 12 00 00 356 2.9 99.28 0 662.5 7.02 -99.9 -99.9 -99.9 -9999.9 -9999.9 -0.0621999986 37.2971992493 -999.999 3678
MKN 2023 07 24 13 00 00 333 2.1 91.42 0 662.2 7.12 -99.9 -99.9 -99.9 -9999.9 -9999.9 -0.0621999986 37.2971992493 -999.999 3678
MKN 2023 07 24 14 00 00 176 1.6 85.35 0 662.2 8.33 -99.9 -99.9 -99.9 -9999.9 -9999.9 -0.0621999986 37.2971992493 -999.999 3678
MKN 2023 07 24 15 00 00 293 3.1 93.55 0 662.1 7.18 -99.9 -99.9 -99.9 -9999.9 -9999.9 -0.0621999986 37.2971992493 -999.999 3678
MKN 2023 07 24 16 00 00 240 2 91.87 0 662.1 5.43 -99.9 -99.9 -99.9 -9999.9 -9999.9 -0.0621999986 37.2971992493 -999.999 3678
MKN 2023 07 24 17 00 00 227 2.4 84 0 662.3 5.62 -99.9 -99.9 -99.9 -9999.9 -9999.9 -0.0621999986 37.2971992493 -999.999 3678
MKN 2023 07 24 18 00 00 223 2.5 80.82 0 662.5 5.38 -99.9 -99.9 -99.9 -9999.9 -9999.9 -0.0621999986 37.2971992493 -999.999 3678
MKN 2023 07 24 19 00 00 205 4.1 75.65 0 662.7 5.52 -99.9 -99.9 -99.9 -9999.9 -9999.9 -0.0621999986 37.2971992493 -999.999 3678
MKN 2023 07 24 20 00 00 225 3.6 84.77 0 662.6 4.83 -99.9 -99.9 -99.9 -9999.9 -9999.9 -0.0621999986 37.2971992493 -999.999 3678
MKN 2023 07 24 21 00 00 215 3.8 93.62 0 662.4 4.88 -99.9 -99.9 -99.9 -9999.9 -9999.9 -0.0621999986 37.2971992493 -999.999 3678
MKN 2023 07 24 22 00 00 241 3.6 95.6 0 661.9 5.05 -99.9 -99.9 -99.9 -9999.9 -9999.9 -0.0621999986 37.2971992493 -999.999 3678
MKN 2023 07 24 23 00 00 218 4.8 91.13 0 661.6 3.93 -99.9 -99.9 -99.9 -9999.9 -9999.9 -0.0621999986 37.2971992493 -999.999 3678
MKN 2023 07 25 00 00 00 224 3.6 93.88 0 661.3 4.13 -99.9 -99.9 -99.9 -9999.9 -9999.9 -0.0621999986 37.2971992493 -999.999 3678
MKN 2023 07 25 01 00 00 220 4.3 92.8 0 661.3 3.75 -99.9 -99.9 -99.9 -9999.9 -9999.9 -0.0621999986 37.2971992493 -999.999 3678
MKN 2023 07 25 02 00 00 233 3.9 88.75 0 661.3 3.97 -99.9 -99.9 -99.9 -9999.9 -9999.9 -0.0621999986 37.2971992493 -999.999 3678
MKN 2023 07 25 03 00 00 212 3.9 88.1 0 661.7 4.25 -99.9 -99.9 -99.9 -9999.9 -9999.9 -0.0621999986 37.2971992493 -999.999 3678
MKN 2023 07 25 04 00 00 231 3.5 87.57 0 662.1 5.57 -99.9 -99.9 -99.9 -9999.9 -9999.9 -0.0621999986 37.2971992493 -999.999 3678
MKN 2023 07 25 05 00 00 230 3.4 92.22 0 662.5 7.25 -99.9 -99.9 -99.9 -9999.9 -9999.9 -0.0621999986 37.2971992493 -999.999 3678
MKN 2023 07 25 06 00 00 283 4.4 99.27 0 662.9 7.03 -99.9 -99.9 -99.9 -9999.9 -9999.9 -0.0621999986 37.2971992493 -999.999 3678
MKN 2023 07 25 07 00 00 279 4 96.57 0 663.3 8.05 -99.9 -99.9 -99.9 -9999.9 -9999.9 -0.0621999986 37.2971992493 -999.999 3678
MKN 2023 07 25 08 00 00 275 4.3 96.15 0 663.4 8.12 -99.9 -99.9 -99.9 -9999.9 -9999.9 -0.0621999986 37.2971992493 -999.999 3678
MKN 2023 07 25 09 00 00 278 3.7 94.3 0 663.3 8.52 -99.9 -99.9 -99.9 -9999.9 -9999.9 -0.0621999986 37.2971992493 -999.999 3678
MKN 2023 07 25 10 00 00 301 4.4 94.87 0 662.9 8.07 -99.9 -99.9 -99.9 -9999.9 -9999.9 -0.0621999986 37.2971992493 -999.999 3678
MKN 2023 07 25 11 00 00 279 4 96.22 0 662.5 8.58 -99.9 -99.9 -99.9 -9999.9 -9999.9 -0.0621999986 37.2971992493 -999.999 3678
MKN 2023 07 25 12 00 00 305 4.6 88.37 0 662.2 9.47 -99.9 -99.9 -99.9 -9999.9 -9999.9 -0.0621999986 37.2971992493 -999.999 3678
MKN 2023 07 25 13 00 00 282 4.4 81.4 0 661.9 9.6 -99.9 -99.9 -99.9 -9999.9 -9999.9 -0.0621999986 37.2971992493 -999.999 3678
MKN 2023 07 25 14 00 00 287 4.2 95.63 0 661.8 8.5 -99.9 -99.9 -99.9 -9999.9 -9999.9 -0.0621999986 37.2971992493 -999.999 3678
MKN 2023 07 25 15 00 00 287 5.2 99.25 0 661.8 7.67 -99.9 -99.9 -99.9 -9999.9 -9999.9 -0.0621999986 37.2971992493 -999.999 3678
MKN 2023 07 25 16 00 00 252 5.2 95.78 0 661.8 7.35 -99.9 -99.9 -99.9 -9999.9 -9999.9 -0.0621999986 37.2971992493 -999.999 3678
MKN 2023 07 25 17 00 00 240 5.8 93.52 0 661.9 7.37 -99.9 -99.9 -99.9 -9999.9 -9999.9 -0.0621999986 37.2971992493 -999.999 3678
MKN 2023 07 25 18 00 00 239 5.9 92.93 0 661.9 6.8 -99.9 -99.9 -99.9 -9999.9 -9999.9 -0.0621999986 37.2971992493 -999.999 3678
MKN 2023 07 25 19 00 00 228 4.7 92.97 0 662.1 6.18 -99.9 -99.9 -99.9 -9999.9 -9999.9 -0.0621999986 37.2971992493 -999.999 3678
MKN 2023 07 25 20 00 00 250 3.3 96.27 0 662.2 6.08 -99.9 -99.9 -99.9 -9999.9 -9999.9 -0.0621999986 37.2971992493 -999.999 3678
MKN 2023 07 25 21 00 00 215 4.7 89.93 0 662.2 5.65 -99.9 -99.9 -99.9 -9999.9 -9999.9 -0.0621999986 37.2971992493 -999.999 3678
MKN 2023 07 25 22 00 00 212 3.8 86.23 0 662.1 5.53 -99.9 -99.9 -99.9 -9999.9 -9999.9 -0.0621999986 37.2971992493 -999.999 3678
MKN 2023 07 25 23 00 00 210 3.9 84 0 661.6 5.7 -99.9 -99.9 -99.9 -9999.9 -9999.9 -0.0621999986 37.2971992493 -999.999 3678
MKN 2023 07 26 00 00 00 219 2.9 90.82 0 661.3 5.15 -99.9 -99.9 -99.9 -9999.9 -9999.9 -0.0621999986 37.2971992493 -999.999 3678
MKN 2023 07 26 01 00 00 232 3.6 93.65 0 661.4 5.47 -99.9 -99.9 -99.9 -9999.9 -9999.9 -0.0621999986 37.2971992493 -999.999 3678
MKN 2023 07 26 02 00 00 228 4.5 88.45 0 661.6 5.38 -99.9 -99.9 -99.9 -9999.9 -9999.9 -0.0621999986 37.2971992493 -999.999 3678
MKN 2023 07 26 03 00 00 234 4.3 87.53 0 661.7 5.25 -99.9 -99.9 -99.9 -9999.9 -9999.9 -0.0621999986 37.2971992493 -999.999 3678
MKN 2023 07 26 04 00 00 219 3 83.3 0 661.9 7.02 -99.9 -99.9 -99.9 -9999.9 -9999.9 -0.0621999986 37.2971992493 -999.999 3678
MKN 2023 07 26 05 00 00 197 1.6 76.45 0 662.2 9.27 -99.9 -99.9 -99.9 -9999.9 -9999.9 -0.0621999986 37.2971992493 -999.999 3678
MKN 2023 07 26 06 00 00 328 1.5 88.83 0 662.6 8.35 -99.9 -99.9 -99.9 -9999.9 -9999.9 -0.0621999986 37.2971992493 -999.999 3678
MKN 2023 07 26 07 00 00 311 3 92.42 0 662.9 8.58 -99.9 -99.9 -99.9 -9999.9 -9999.9 -0.0621999986 37.2971992493 -999.999 3678
MKN 2023 07 26 08 00 00 300 2.8 92.17 0 663.2 9.23 -99.9 -99.9 -99.9 -9999.9 -9999.9 -0.0621999986 37.2971992493 -999.999 3678
MKN 2023 07 26 09 00 00 300 4.7 93.73 0 663 9.18 -99.9 -99.9 -99.9 -9999.9 -9999.9 -0.0621999986 37.2971992493 -999.999 3678
MKN 2023 07 26 10 00 00 295 4.1 95.17 0 662.9 8.93 -99.9 -99.9 -99.9 -9999.9 -9999.9 -0.0621999986 37.2971992493 -999.999 3678
MKN 2023 07 26 11 00 00 302 4 90.3 0 662.7 9.67 -99.9 -99.9 -99.9 -9999.9 -9999.9 -0.0621999986 37.2971992493 -999.999 3678
MKN 2023 07 26 12 00 00 318 4.1 97.87 0 662.3 8.85 -99.9 -99.9 -99.9 -9999.9 -9999.9 -0.0621999986 37.2971992493 -999.999 3678
MKN 2023 07 26 13 00 00 330 3.5 90.07 0 662.1 9.85 -99.9 -99.9 -99.9 -9999.9 -9999.9 -0.0621999986 37.2971992493 -999.999 3678
MKN 2023 07 26 14 00 00 313 3.4 94.97 0 662 9 -99.9 -99.9 -99.9 -9999.9 -9999.9 -0.0621999986 37.2971992493 -999.999 3678
MKN 2023 07 26 15 00 00 305 3.6 97.05 0 662.2 7.5 -99.9 -99.9 -99.9 -9999.9 -9999.9 -0.0621999986 37.2971992493 -999.999 3678
MKN 2023 07 26 16 00 00 249 5.4 89.62 0 662.3 6.07 -99.9 -99.9 -99.9 -9999.9 -9999.9 -0.0621999986 37.2971992493 -999.999 3678
MKN 2023 07 26 17 00 00 236 5 83.07 0 662.4 5.77 -99.9 -99.9 -99.9 -9999.9 -9999.9 -0.0621999986 37.2971992493 -999.999 3678
MKN 2023 07 26 18 00 00 240 3.8 82.2 0 662.6 5.42 -99.9 -99.9 -99.9 -9999.9 -9999.9 -0.0621999986 37.2971992493 -999.999 3678
MKN 2023 07 26 19 00 00 247 3.4 93.77 0 662.9 4.9 -99.9 -99.9 -99.9 -9999.9 -9999.9 -0.0621999986 37.2971992493 -999.999 3678
MKN 2023 07 26 20 00 00 238 3.2 88.27 0 663.1 4.85 -99.9 -99.9 -99.9 -9999.9 -9999.9 -0.0621999986 37.2971992493 -999.999 3678
MKN 2023 07 26 21 00 00 216 3.3 90 0 663 4.6 -99.9 -99.9 -99.9 -9999.9 -9999.9 -0.0621999986 37.2971992493 -999.999 3678
MKN 2023 07 26 22 00 00 233 3.1 87.53 0 662.7 4.47 -99.9 -99.9 -99.9 -9999.9 -9999.9 -0.0621999986 37.2971992493 -999.999 3678
MKN 2023 07 26 23 00 00 213 4.2 92.45 0 662.3 4.7 -99.9 -99.9 -99.9 -9999.9 -9999.9 -0.0621999986 37.2971992493 -999.999 3678
MKN 2023 07 27 00 00 00 227 3.2 95.28 0 662.2 4.53 -99.9 -99.9 -99.9 -9999.9 -9999.9 -0.0621999986 37.2971992493 -999.999 3678
MKN 2023 07 27 01 00 00 207 3 90.28 0 662 4.22 -99.9 -99.9 -99.9 -9999.9 -9999.9 -0.0621999986 37.2971992493 -999.999 3678
MKN 2023 07 27 02 00 00 227 2.8 95.73 0 662.1 3.55 -99.9 -99.9 -99.9 -9999.9 -9999.9 -0.0621999986 37.2971992493 -999.999 3678
MKN 2023 07 27 03 00 00 221 2 99.28 0 662.2 3.63 -99.9 -99.9 -99.9 -9999.9 -9999.9 -0.0621999986 37.2971992493 -999.999 3678
MKN 2023 07 27 04 00 00 231 1.5 99.13 0 662.5 4.72 -99.9 -99.9 -99.9 -9999.9 -9999.9 -0.0621999986 37.2971992493 -999.999 3678
MKN 2023 07 27 05 00 00 218 1.8 88.3 0 663 7.95 -99.9 -99.9 -99.9 -9999.9 -9999.9 -0.0621999986 37.2971992493 -999.999 3678
MKN 2023 07 27 06 00 00 7 1.9 73.25 0 663.5 9.57 -99.9 -99.9 -99.9 -9999.9 -9999.9 -0.0621999986 37.2971992493 -999.999 3678
MKN 2023 07 27 07 00 00 12 3.6 76.82 0 663.7 10.35 -99.9 -99.9 -99.9 -9999.9 -9999.9 -0.0621999986 37.2971992493 -999.999 3678
MKN 2023 07 27 08 00 00 4 5 83.07 0 663.7 9.55 -99.9 -99.9 -99.9 -9999.9 -9999.9 -0.0621999986 37.2971992493 -999.999 3678
MKN 2023 07 27 09 00 00 11 3.6 84.87 0 663.7 9.5 -99.9 -99.9 -99.9 -9999.9 -9999.9 -0.0621999986 37.2971992493 -999.999 3678
MKN 2023 07 27 10 00 00 351 3.3 86.22 0 663.5 9.7 -99.9 -99.9 -99.9 -9999.9 -9999.9 -0.0621999986 37.2971992493 -999.999 3678
MKN 2023 07 27 11 00 00 1 4.6 90.57 0 663.3 9.12 -99.9 -99.9 -99.9 -9999.9 -9999.9 -0.0621999986 37.2971992493 -999.999 3678
MKN 2023 07 27 12 00 00 9 4.7 88.25 0 663.1 9.2 -99.9 -99.9 -99.9 -9999.9 -9999.9 -0.0621999986 37.2971992493 -999.999 3678
MKN 2023 07 27 13 00 00 12 4.6 97.28 0 663 8.02 -99.9 -99.9 -99.9 -9999.9 -9999.9 -0.0621999986 37.2971992493 -999.999 3678
MKN 2023 07 27 14 00 00 313 2.6 99.23 0 663 7.68 -99.9 -99.9 -99.9 -9999.9 -9999.9 -0.0621999986 37.2971992493 -999.999 3678
MKN 2023 07 27 15 00 00 301 2.2 99 0 662.9 6.92 -99.9 -99.9 -99.9 -9999.9 -9999.9 -0.0621999986 37.2971992493 -999.999 3678
MKN 2023 07 27 16 00 00 232 1.3 99.27 0 663.1 5.67 -99.9 -99.9 -99.9 -9999.9 -9999.9 -0.0621999986 37.2971992493 -999.999 3678
MKN 2023 07 27 17 00 00 233 1.1 99.28 0 663.3 5.62 -99.9 -99.9 -99.9 -9999.9 -9999.9 -0.0621999986 37.2971992493 -999.999 3678
MKN 2023 07 27 18 00 00 217 2.4 99.22 0 663.5 5.97 -99.9 -99.9 -99.9 -9999.9 -9999.9 -0.0621999986 37.2971992493 -999.999 3678
MKN 2023 07 27 19 00 00 238 2.5 96.57 0 663.6 5.6 -99.9 -99.9 -99.9 -9999.9 -9999.9 -0.0621999986 37.2971992493 -999.999 3678
MKN 2023 07 27 20 00 00 219 2.9 87.95 0 663.5 4.92 -99.9 -99.9 -99.9 -9999.9 -9999.9 -0.0621999986 37.2971992493 -999.999 3678
MKN 2023 07 27 21 00 00 214 3 88.07 0 663.3 4.57 -99.9 -99.9 -99.9 -9999.9 -9999.9 -0.0621999986 37.2971992493 -999.999 3678
MKN 2023 07 27 22 00 00 204 1.9 88 0 662.8 4.68 -99.9 -99.9 -99.9 -9999.9 -9999.9 -0.0621999986 37.2971992493 -999.999 3678
MKN 2023 07 27 23 00 00 215 2.3 99.27 0 662.5 3.47 -99.9 -99.9 -99.9 -9999.9 -9999.9 -0.0621999986 37.2971992493 -999.999 3678
MKN 2023 07 28 00 00 00 227 2.3 89.5 0 661.9 4.3 -99.9 -99.9 -99.9 -9999.9 -9999.9 -0.0621999986 37.2971992493 -999.999 3678
MKN 2023 07 28 01 00 00 163 2 82.58 0 661.7 4.53 -99.9 -99.9 -99.9 -9999.9 -9999.9 -0.0621999986 37.2971992493 -999.999 3678
MKN 2023 07 28 02 00 00 117 1.6 85.38 0 662 4.72 -99.9 -99.9 -99.9 -9999.9 -9999.9 -0.0621999986 37.2971992493 -999.999 3678
MKN 2023 07 28 03 00 00 124 2.9 86.53 0 662.3 4.93 -99.9 -99.9 -99.9 -9999.9 -9999.9 -0.0621999986 37.2971992493 -999.999 3678
MKN 2023 07 28 04 00 00 120 3.3 81.27 0 662.6 7.25 -99.9 -99.9 -99.9 -9999.9 -9999.9 -0.0621999986 37.2971992493 -999.999 3678
MKN 2023 07 28 05 00 00 105 3.1 83.52 0 663.1 8.32 -99.9 -99.9 -99.9 -9999.9 -9999.9 -0.0621999986 37.2971992493 -999.999 3678
MKN 2023 07 28 06 00 00 2 2.5 84.37 0 663.5 8.97 -99.9 -99.9 -99.9 -9999.9 -9999.9 -0.0621999986 37.2971992493 -999.999 3678
MKN 2023 07 28 07 00 00 358 3.7 89.35 0 663.9 8.95 -99.9 -99.9 -99.9 -9999.9 -9999.9 -0.0621999986 37.2971992493 -999.999 3678
MKN 2023 07 28 08 00 00 3 3.8 90.8 0 664 8.55 -99.9 -99.9 -99.9 -9999.9 -9999.9 -0.0621999986 37.2971992493 -999.999 3678
MKN 2023 07 28 09 00 00 16 3.8 86.5 0 663.7 9.3 -99.9 -99.9 -99.9 -9999.9 -9999.9 -0.0621999986 37.2971992493 -999.999 3678
MKN 2023 07 28 10 00 00 2 4.2 -99.9 0 663.5 8.9 -99.9 -99.9 -99.9 -9999.9 -9999.9 -0.0621999986 37.2971992493 -999.999 3678
MKN 2023 07 28 11 00 00 -99.9 4.9 92.86 -99.9 663 8.88 -99.9 -99.9 -99.9 -9999.9 -9999.9 -0.0621999986 37.2971992493 -999.999 3678
MKN 2023 07 28 12 00 00 8 3.9 95.48 0 662.6 8.43 -99.9 -99.9 -99.9 -9999.9 -9999.9 -0.0621999986 37.2971992493 -999.999 3678
MKN 2023 07 28 13 00 00 10 3.6 96.92 0 662.3 7.75 -99.9 -99.9 -99.9 -9999.9 -9999.9 -0.0621999986 37.2971992493 -999.999 3678
MKN 2023 07 28 14 00 00 25 2.2 99.15 0 662.3 7.43 -99.9 -99.9 -99.9 -9999.9 -9999.9 -0.0621999986 37.2971992493 -999.999 3678
MKN 2023 07 28 15 00 00 331 2 99.3 0 662.4 6.45 -99.9 -99.9 -99.9 -9999.9 -9999.9 -0.0621999986 37.2971992493 -999.999 3678
MKN 2023 07 28 16 00 00 207 2.1 91.3 0 662.6 5.63 -99.9 -99.9 -99.9 -9999.9 -9999.9 -0.0621999986 37.2971992493 -999.999 3678
MKN 2023 07 28 17 00 00 165 1.5 88.43 0 662.8 5.85 -99.9 -99.9 -99.9 -9999.9 -9999.9 -0.0621999986 37.2971992493 -999.999 3678
MKN 2023 07 28 18 00 00 205 1.6 87.08 0 663.1 5.67 -99.9 -99.9 -99.9 -9999.9 -9999.9 -0.0621999986 37.2971992493 -999.999 3678
MKN 2023 07 28 19 00 00 223 2.2 96.07 0 663.4 4.8 -99.9 -99.9 -99.9 -9999.9 -9999.9 -0.0621999986 37.2971992493 -999.999 3678
MKN 2023 07 28 20 00 00 227 2.2 98.33 0 663.3 4.62 -99.9 -99.9 -99.9 -9999.9 -9999.9 -0.0621999986 37.2971992493 -999.999 3678
MKN 2023 07 28 21 00 00 210 2 93.57 0 663.1 4.63 -99.9 -99.9 -99.9 -9999.9 -9999.9 -0.0621999986 37.2971992493 -999.999 3678
MKN 2023 07 28 22 00 00 133 2.9 87.87 0 662.8 5.35 -99.9 -99.9 -99.9 -9999.9 -9999.9 -0.0621999986 37.2971992493 -999.999 3678
MKN 2023 07 28 23 00 00 117 4 89.62 0 662.2 5.55 -99.9 -99.9 -99.9 -9999.9 -9999.9 -0.0621999986 37.2971992493 -999.999 3678
MKN 2023 07 29 00 00 00 106 4.5 88.72 0 661.8 6.43 -99.9 -99.9 -99.9 -9999.9 -9999.9 -0.0621999986 37.2971992493 -999.999 3678
MKN 2023 07 29 01 00 00 98 4.9 89.67 0 661.8 5.63 -99.9 -99.9 -99.9 -9999.9 -9999.9 -0.0621999986 37.2971992493 -999.999 3678
MKN 2023 07 29 02 00 00 108 4.9 92.88 0 662 5.02 -99.9 -99.9 -99.9 -9999.9 -9999.9 -0.0621999986 37.2971992493 -999.999 3678
MKN 2023 07 29 03 00 00 112 5.5 88.15 0 662.2 4.72 -99.9 -99.9 -99.9 -9999.9 -9999.9 -0.0621999986 37.2971992493 -999.999 3678
MKN 2023 07 29 04 00 00 113 5.7 78.77 0 662.5 6.97 -99.9 -99.9 -99.9 -9999.9 -9999.9 -0.0621999986 37.2971992493 -999.999 3678
MKN 2023 07 29 05 00 00 102 4.1 70.08 0 663.1 9.47 -99.9 -99.9 -99.9 -9999.9 -9999.9 -0.0621999986 37.2971992493 -999.999 3678
MKN 2023 07 29 06 00 00 67 5.6 71.55 0 663.5 10.52 -99.9 -99.9 -99.9 -9999.9 -9999.9 -0.0621999986 37.2971992493 -999.999 3678
MKN 2023 07 29 07 00 00 41 6.1 66.93 0 663.8 11.68 -99.9 -99.9 -99.9 -9999.9 -9999.9 -0.0621999986 37.2971992493 -999.999 3678
MKN 2023 07 29 08 00 00 31 7.1 79.97 0 664 10.7 -99.9 -99.9 -99.9 -9999.9 -9999.9 -0.0621999986 37.2971992493 -999.999 3678
MKN 2023 07 29 09 00 00 11 6.6 85.85 0 663.8 10.35 -99.9 -99.9 -99.9 -9999.9 -9999.9 -0.0621999986 37.2971992493 -999.999 3678
MKN 2023 07 29 10 00 00 1 5.5 93.43 0 663.6 9.37 -99.9 -99.9 -99.9 -9999.9 -9999.9 -0.0621999986 37.2971992493 -999.999 3678
MKN 2023 07 29 11 00 00 8 4.4 97.47 0 663.2 8.62 -99.9 -99.9 -99.9 -9999.9 -9999.9 -0.0621999986 37.2971992493 -999.999 3678
MKN 2023 07 29 12 00 00 11 5.8 96.17 0 662.8 8.58 -99.9 -99.9 -99.9 -9999.9 -9999.9 -0.0621999986 37.2971992493 -999.999 3678
MKN 2023 07 29 13 00 00 11 3.7 97.53 0 662.6 9.05 -99.9 -99.9 -99.9 -9999.9 -9999.9 -0.0621999986 37.2971992493 -999.999 3678
MKN 2023 07 29 14 00 00 11 4.4 94.08 0 662.4 8.98 -99.9 -99.9 -99.9 -9999.9 -9999.9 -0.0621999986 37.2971992493 -999.999 3678
MKN 2023 07 29 15 00 00 346 1.4 95.82 0 662.5 8.05 -99.9 -99.9 -99.9 -9999.9 -9999.9 -0.0621999986 37.2971992493 -999.999 3678
MKN 2023 07 29 16 00 00 90 1.5 93.3 0 662.7 5.6 -99.9 -99.9 -99.9 -9999.9 -9999.9 -0.0621999986 37.2971992493 -999.999 3678
MKN 2023 07 29 17 00 00 106 2.6 85.94 0 662.7 4.52 -99.9 -99.9 -99.9 -9999.9 -9999.9 -0.0621999986 37.2971992493 -999.999 3678
MKN 2023 07 29 18 00 00 139 1 78.17 0 663 5.13 -99.9 -99.9 -99.9 -9999.9 -9999.9 -0.0621999986 37.2971992493 -999.999 3678
MKN 2023 07 29 19 00 00 225 0.5 82.73 0 663.3 4.62 -99.9 -99.9 -99.9 -9999.9 -9999.9 -0.0621999986 37.2971992493 -999.999 3678
MKN 2023 07 29 20 00 00 200 2.9 87.23 0 663.4 4.55 -99.9 -99.9 -99.9 -9999.9 -9999.9 -0.0621999986 37.2971992493 -999.999 3678
MKN 2023 07 29 21 00 00 196 4.1 59.47 0 663.2 4.92 -99.9 -99.9 -99.9 -9999.9 -9999.9 -0.0621999986 37.2971992493 -999.999 3678
MKN 2023 07 29 22 00 00 182 3.7 73.62 0 662.8 4.62 -99.9 -99.9 -99.9 -9999.9 -9999.9 -0.0621999986 37.2971992493 -999.999 3678
MKN 2023 07 29 23 00 00 212 1.8 81.92 0 662.6 3.47 -99.9 -99.9 -99.9 -9999.9 -9999.9 -0.0621999986 37.2971992493 -999.999 3678
MKN 2023 07 30 00 00 00 149 1.1 73.02 0 662.1 3.92 -99.9 -99.9 -99.9 -9999.9 -9999.9 -0.0621999986 37.2971992493 -999.999 3678
MKN 2023 07 30 01 00 00 207 0.8 71.98 0 661.9 4.17 -99.9 -99.9 -99.9 -9999.9 -9999.9 -0.0621999986 37.2971992493 -999.999 3678
MKN 2023 07 30 02 00 00 222 1.8 71.43 0 661.9 3.17 -99.9 -99.9 -99.9 -9999.9 -9999.9 -0.0621999986 37.2971992493 -999.999 3678
MKN 2023 07 30 03 00 00 132 1.6 61.27 0 662 4.28 -99.9 -99.9 -99.9 -9999.9 -9999.9 -0.0621999986 37.2971992493 -999.999 3678
MKN 2023 07 30 04 00 00 171 0.7 59.03 0 662.4 6.75 -99.9 -99.9 -99.9 -9999.9 -9999.9 -0.0621999986 37.2971992493 -999.999 3678
MKN 2023 07 30 05 00 00 195 1.4 59.2 0 663.1 8.92 -99.9 -99.9 -99.9 -9999.9 -9999.9 -0.0621999986 37.2971992493 -999.999 3678
MKN 2023 07 30 06 00 00 288 1.7 72.48 0 663.6 9.22 -99.9 -99.9 -99.9 -9999.9 -9999.9 -0.0621999986 37.2971992493 -999.999 3678
MKN 2023 07 30 07 00 00 298 2.9 76.75 0 664.1 9.93 -99.9 -99.9 -99.9 -9999.9 -9999.9 -0.0621999986 37.2971992493 -999.999 3678
MKN 2023 07 30 08 00 00 303 4.3 81.77 0 664.1 10.13 -99.9 -99.9 -99.9 -9999.9 -9999.9 -0.0621999986 37.2971992493 -999.999 3678
MKN 2023 07 30 09 00 00 305 4.5 84.13 0 663.7 10.17 -99.9 -99.9 -99.9 -9999.9 -9999.9 -0.0621999986 37.2971992493 -999.999 3678
MKN 2023 07 30 10 00 00 301 4.9 76.75 0 663.3 11.45 -99.9 -99.9 -99.9 -9999.9 -9999.9 -0.0621999986 37.2971992493 -999.999 3678
MKN 2023 07 30 11 00 00 330 5.5 69.68 0 662.9 11.88 -99.9 -99.9 -99.9 -9999.9 -9999.9 -0.0621999986 37.2971992493 -999.999 3678
MKN 2023 07 30 12 00 00 321 5.3 74.57 0 662.4 11.65 -99.9 -99.9 -99.9 -9999.9 -9999.9 -0.0621999986 37.2971992493 -999.999 3678
MKN 2023 07 30 13 00 00 328 5.5 84.1 0 662.1 10.68 -99.9 -99.9 -99.9 -9999.9 -9999.9 -0.0621999986 37.2971992493 -999.999 3678
MKN 2023 07 30 14 00 00 310 4.7 87.4 0 662 10.37 -99.9 -99.9 -99.9 -9999.9 -9999.9 -0.0621999986 37.2971992493 -999.999 3678
MKN 2023 07 30 15 00 00 302 4.2 95.25 0 662.1 8.83 -99.9 -99.9 -99.9 -9999.9 -9999.9 -0.0621999986 37.2971992493 -999.999 3678
MKN 2023 07 30 16 00 00 278 3.1 96.82 0 662.2 6.98 -99.9 -99.9 -99.9 -9999.9 -9999.9 -0.0621999986 37.2971992493 -999.999 3678
MKN 2023 07 30 17 00 00 243 2.5 82.78 0 662.2 5.73 -99.9 -99.9 -99.9 -9999.9 -9999.9 -0.0621999986 37.2971992493 -999.999 3678
MKN 2023 07 30 18 00 00 214 4.3 84.5 0 662.6 6.57 -99.9 -99.9 -99.9 -9999.9 -9999.9 -0.0621999986 37.2971992493 -999.999 3678
MKN 2023 07 30 19 00 00 236 6.8 90.37 0 663 7.03 -99.9 -99.9 -99.9 -9999.9 -9999.9 -0.0621999986 37.2971992493 -999.999 3678
MKN 2023 07 30 20 00 00 245 6 98.6 0 663.1 6.8 -99.9 -99.9 -99.9 -9999.9 -9999.9 -0.0621999986 37.2971992493 -999.999 3678
MKN 2023 07 30 21 00 00 248 5.6 96.45 0 662.9 6.33 -99.9 -99.9 -99.9 -9999.9 -9999.9 -0.0621999986 37.2971992493 -999.999 3678
MKN 2023 07 30 22 00 00 237 6.5 97.65 0 662.5 6.48 -99.9 -99.9 -99.9 -9999.9 -9999.9 -0.0621999986 37.2971992493 -999.999 3678
MKN 2023 07 30 23 00 00 245 6.6 95.02 0 662.3 6.42 -99.9 -99.9 -99.9 -9999.9 -9999.9 -0.0621999986 37.2971992493 -999.999 3678
MKN 2023 07 31 00 00 00 251 4.3 98.25 0 662.2 5.63 -99.9 -99.9 -99.9 -9999.9 -9999.9 -0.0621999986 37.2971992493 -999.999 3678
MKN 2023 07 31 01 00 00 236 4.4 80.43 0 662.3 5.15 -99.9 -99.9 -99.9 -9999.9 -9999.9 -0.0621999986 37.2971992493 -999.999 3678
MKN 2023 07 31 02 00 00 222 4.5 75.83 0 662.2 5.02 -99.9 -99.9 -99.9 -9999.9 -9999.9 -0.0621999986 37.2971992493 -999.999 3678
MKN 2023 07 31 03 00 00 228 2.8 87.85 0 662.4 4.28 -99.9 -99.9 -99.9 -9999.9 -9999.9 -0.0621999986 37.2971992493 -999.999 3678
MKN 2023 07 31 04 00 00 235 3.9 86.88 0 662.8 6.07 -99.9 -99.9 -99.9 -9999.9 -9999.9 -0.0621999986 37.2971992493 -999.999 3678
MKN 2023 07 31 05 00 00 218 3.7 86.42 0 663.2 8.33 -99.9 -99.9 -99.9 -9999.9 -9999.9 -0.0621999986 37.2971992493 -999.999 3678
MKN 2023 07 31 06 00 00 272 3.7 90.23 0 663.6 9.28 -99.9 -99.9 -99.9 -9999.9 -9999.9 -0.0621999986 37.2971992493 -999.999 3678
MKN 2023 07 31 07 00 00 310 4.1 76.93 0 663.8 10.45 -99.9 -99.9 -99.9 -9999.9 -9999.9 -0.0621999986 37.2971992493 -999.999 3678
MKN 2023 07 31 08 00 00 307 4.2 85.73 0 663.9 9.05 -99.9 -99.9 -99.9 -9999.9 -9999.9 -0.0621999986 37.2971992493 -999.999 3678
MKN 2023 07 31 09 00 00 290 4 99.2 0 663.7 8.05 -99.9 -99.9 -99.9 -9999.9 -9999.9 -0.0621999986 37.2971992493 -999.999 3678
MKN 2023 07 31 10 00 00 277 4 85.2 0.4 663.4 9.53 -99.9 -99.9 -99.9 -9999.9 -9999.9 -0.0621999986 37.2971992493 -999.999 3678
MKN 2023 07 31 11 00 00 304 2.8 81.6 0 663.1 10.2 -99.9 -99.9 -99.9 -9999.9 -9999.9 -0.0621999986 37.2971992493 -999.999 3678
MKN 2023 07 31 12 00 00 327 5.1 90.7 0 662.6 9.18 -99.9 -99.9 -99.9 -9999.9 -9999.9 -0.0621999986 37.2971992493 -999.999 3678
MKN 2023 07 31 13 00 00 326 5.3 99.3 0.7 662.1 7.15 -99.9 -99.9 -99.9 -9999.9 -9999.9 -0.0621999986 37.2971992493 -999.999 3678
MKN 2023 07 31 14 00 00 250 2.6 99.3 0 662.7 7.13 -99.9 -99.9 -99.9 -9999.9 -9999.9 -0.0621999986 37.2971992493 -999.999 3678
MKN 2023 07 31 15 00 00 243 1.2 -99.9 0 662.7 -99.9 -99.9 -99.9 -99.9 -9999.9 -9999.9 -0.0621999986 37.2971992493 -999.999 3678
MKN 2023 08 08 08 00 00 -99.9 -99.9 74.95 -99.9 -999.9 9.35 -99.9 -99.9 -99.9 -9999.9 -9999.9 -0.0621999986 37.2971992493 -999.999 3678
MKN 2023 08 08 09 00 00 308 3.8 82.58 -99.9 662.9 8.67 -99.9 -99.9 -99.9 -9999.9 -9999.9 -0.0621999986 37.2971992493 -999.999 3678
MKN 2023 08 08 10 00 00 324 4.4 79.37 0 662.7 9.03 -99.9 -99.9 -99.9 -9999.9 -9999.9 -0.0621999986 37.2971992493 -999.999 3678
MKN 2023 08 08 11 00 00 314 4.4 83.32 0 662.3 8.78 -99.9 -99.9 -99.9 -9999.9 -9999.9 -0.0621999986 37.2971992493 -999.999 3678
MKN 2023 08 08 12 00 00 339 5.2 88.63 0 661.9 8.57 -99.9 -99.9 -99.9 -9999.9 -9999.9 -0.0621999986 37.2971992493 -999.999 3678
MKN 2023 08 08 13 00 00 315 3.2 81.83 0 661.8 9.62 -99.9 -99.9 -99.9 -9999.9 -9999.9 -0.0621999986 37.2971992493 -999.999 3678
MKN 2023 08 08 14 00 00 317 4.2 94.47 0 661.9 8.07 -99.9 -99.9 -99.9 -9999.9 -9999.9 -0.0621999986 37.2971992493 -999.999 3678
MKN 2023 08 08 15 00 00 313 3.6 99.3 0 661.9 7.02 -99.9 -99.9 -99.9 -9999.9 -9999.9 -0.0621999986 37.2971992493 -999.999 3678
MKN 2023 08 08 16 00 00 265 2.4 99.3 0 661.9 6.18 -99.9 -99.9 -99.9 -9999.9 -9999.9 -0.0621999986 37.2971992493 -999.999 3678
MKN 2023 08 08 17 00 00 256 3.1 97.65 0 661.9 5.22 -99.9 -99.9 -99.9 -9999.9 -9999.9 -0.0621999986 37.2971992493 -999.999 3678
MKN 2023 08 08 18 00 00 236 2.5 96.95 0 662.2 4.77 -99.9 -99.9 -99.9 -9999.9 -9999.9 -0.0621999986 37.2971992493 -999.999 3678
MKN 2023 08 08 19 00 00 236 2.8 92.37 0 662.5 4.47 -99.9 -99.9 -99.9 -9999.9 -9999.9 -0.0621999986 37.2971992493 -999.999 3678
MKN 2023 08 08 20 00 00 221 5.1 83.95 0 662.6 4.87 -99.9 -99.9 -99.9 -9999.9 -9999.9 -0.0621999986 37.2971992493 -999.999 3678
MKN 2023 08 08 21 00 00 236 5 82.08 0 662.3 5 -99.9 -99.9 -99.9 -9999.9 -9999.9 -0.0621999986 37.2971992493 -999.999 3678
MKN 2023 08 08 22 00 00 223 4.5 84.17 0 662 4.97 -99.9 -99.9 -99.9 -9999.9 -9999.9 -0.0621999986 37.2971992493 -999.999 3678
MKN 2023 08 08 23 00 00 229 4.9 90.7 0 661.9 4.68 -99.9 -99.9 -99.9 -9999.9 -9999.9 -0.0621999986 37.2971992493 -999.999 3678
MKN 2023 08 09 00 00 00 230 5.6 92.38 0 661.8 4.48 -99.9 -99.9 -99.9 -9999.9 -9999.9 -0.0621999986 37.2971992493 -999.999 3678
MKN 2023 08 09 01 00 00 234 4.9 93.27 0 661.7 4.17 -99.9 -99.9 -99.9 -9999.9 -9999.9 -0.0621999986 37.2971992493 -999.999 3678
MKN 2023 08 09 02 00 00 250 4.8 98.22 0 661.9 4.15 -99.9 -99.9 -99.9 -9999.9 -9999.9 -0.0621999986 37.2971992493 -999.999 3678
MKN 2023 08 09 03 00 00 208 5.2 90.98 0 662.1 4.2 -99.9 -99.9 -99.9 -9999.9 -9999.9 -0.0621999986 37.2971992493 -999.999 3678
MKN 2023 08 09 04 00 00 229 4.4 89.32 0 662.3 5.45 -99.9 -99.9 -99.9 -9999.9 -9999.9 -0.0621999986 37.2971992493 -999.999 3678
MKN 2023 08 09 05 00 00 235 4 90.97 0 662.7 7.13 -99.9 -99.9 -99.9 -9999.9 -9999.9 -0.0621999986 37.2971992493 -999.999 3678
MKN 2023 08 09 06 00 00 278 4.2 98.22 0 663.3 7.33 -99.9 -99.9 -99.9 -9999.9 -9999.9 -0.0621999986 37.2971992493 -999.999 3678
MKN 2023 08 09 07 00 00 292 3.8 95.87 0 663.5 7.85 -99.9 -99.9 -99.9 -9999.9 -9999.9 -0.0621999986 37.2971992493 -999.999 3678
MKN 2023 08 09 08 00 00 302 4.1 96.23 0 663.6 8.17 -99.9 -99.9 -99.9 -9999.9 -9999.9 -0.0621999986 37.2971992493 -999.999 3678
MKN 2023 08 09 09 00 00 310 4 92.33 0 663.4 8.97 -99.9 -99.9 -99.9 -9999.9 -9999.9 -0.0621999986 37.2971992493 -999.999 3678
MKN 2023 08 09 10 00 00 317 4.5 97.33 0 663.1 8.33 -99.9 -99.9 -99.9 -9999.9 -9999.9 -0.0621999986 37.2971992493 -999.999 3678
MKN 2023 08 09 11 00 00 315 3.8 97.62 0 662.7 8.43 -99.9 -99.9 -99.9 -9999.9 -9999.9 -0.0621999986 37.2971992493 -999.999 3678
MKN 2023 08 09 12 00 00 327 4.4 91.95 0 662.1 9.02 -99.9 -99.9 -99.9 -9999.9 -9999.9 -0.0621999986 37.2971992493 -999.999 3678
MKN 2023 08 09 13 00 00 330 3.6 93.58 0 661.9 9.08 -99.9 -99.9 -99.9 -9999.9 -9999.9 -0.0621999986 37.2971992493 -999.999 3678
MKN 2023 08 09 14 00 00 305 3.1 96.95 0 661.8 8.38 -99.9 -99.9 -99.9 -9999.9 -9999.9 -0.0621999986 37.2971992493 -999.999 3678
MKN 2023 08 09 15 00 00 283 2.7 99.27 0 661.9 7.4 -99.9 -99.9 -99.9 -9999.9 -9999.9 -0.0621999986 37.2971992493 -999.999 3678
MKN 2023 08 09 16 00 00 250 3.1 94.28 0 662.1 5.73 -99.9 -99.9 -99.9 -9999.9 -9999.9 -0.0621999986 37.2971992493 -999.999 3678
MKN 2023 08 09 17 00 00 231 1.6 98.27 0 662.1 5.13 -99.9 -99.9 -99.9 -9999.9 -9999.9 -0.0621999986 37.2971992493 -999.999 3678
MKN 2023 08 09 18 00 00 235 1.5 98.97 0 662.4 5.67 -99.9 -99.9 -99.9 -9999.9 -9999.9 -0.0621999986 37.2971992493 -999.999 3678
MKN 2023 08 09 19 00 00 196 3 94.17 0 662.8 4.7 -99.9 -99.9 -99.9 -9999.9 -9999.9 -0.0621999986 37.2971992493 -999.999 3678
MKN 2023 08 09 20 00 00 198 4.3 91.57 0 662.7 4.75 -99.9 -99.9 -99.9 -9999.9 -9999.9 -0.0621999986 37.2971992493 -999.999 3678
MKN 2023 08 09 21 00 00 221 3 96.48 0 662.8 4.3 -99.9 -99.9 -99.9 -9999.9 -9999.9 -0.0621999986 37.2971992493 -999.999 3678
MKN 2023 08 09 22 00 00 235 2.9 97.67 0 662.4 3.92 -99.9 -99.9 -99.9 -9999.9 -9999.9 -0.0621999986 37.2971992493 -999.999 3678
MKN 2023 08 09 23 00 00 221 4.1 91.3 0 662 4.23 -99.9 -99.9 -99.9 -9999.9 -9999.9 -0.0621999986 37.2971992493 -999.999 3678
MKN 2023 08 10 00 00 00 223 2.2 94.98 0 661.7 3.6 -99.9 -99.9 -99.9 -9999.9 -9999.9 -0.0621999986 37.2971992493 -999.999 3678
MKN 2023 08 10 01 00 00 222 2.5 99.08 0 661.7 4.32 -99.9 -99.9 -99.9 -9999.9 -9999.9 -0.0621999986 37.2971992493 -999.999 3678
MKN 2023 08 10 02 00 00 200 3.6 97.83 0 661.9 3.53 -99.9 -99.9 -99.9 -9999.9 -9999.9 -0.0621999986 37.2971992493 -999.999 3678
MKN 2023 08 10 03 00 00 215 1.3 93.92 0 662.2 3.22 -99.9 -99.9 -99.9 -9999.9 -9999.9 -0.0621999986 37.2971992493 -999.999 3678
MKN 2023 08 10 04 00 00 165 2 80.73 0 662.5 5.88 -99.9 -99.9 -99.9 -9999.9 -9999.9 -0.0621999986 37.2971992493 -999.999 3678
MKN 2023 08 10 05 00 00 104 2.4 67.12 0 663 8.97 -99.9 -99.9 -99.9 -9999.9 -9999.9 -0.0621999986 37.2971992493 -999.999 3678
MKN 2023 08 10 06 00 00 48 4.2 72.57 0 663.5 9.8 -99.9 -99.9 -99.9 -9999.9 -9999.9 -0.0621999986 37.2971992493 -999.999 3678
MKN 2023 08 10 07 00 00 22 3.7 77.95 0 663.9 9.53 -99.9 -99.9 -99.9 -9999.9 -9999.9 -0.0621999986 37.2971992493 -999.999 3678
MKN 2023 08 10 08 00 00 3 3.9 78.22 0 663.9 9.42 -99.9 -99.9 -99.9 -9999.9 -9999.9 -0.0621999986 37.2971992493 -999.999 3678
MKN 2023 08 10 09 00 00 22 3.9 79.07 0 663.7 10.32 -99.9 -99.9 -99.9 -9999.9 -9999.9 -0.0621999986 37.2971992493 -999.999 3678
MKN 2023 08 10 10 00 00 15 5.3 77.4 0 663.4 10.23 -99.9 -99.9 -99.9 -9999.9 -9999.9 -0.0621999986 37.2971992493 -999.999 3678
MKN 2023 08 10 11 00 00 0 5.1 87.23 0 663 9.07 -99.9 -99.9 -99.9 -9999.9 -9999.9 -0.0621999986 37.2971992493 -999.999 3678
MKN 2023 08 10 12 00 00 5 3.9 83.83 0 662.5 9.88 -99.9 -99.9 -99.9 -9999.9 -9999.9 -0.0621999986 37.2971992493 -999.999 3678
MKN 2023 08 10 13 00 00 358 4 82.45 0 662.2 9.3 -99.9 -99.9 -99.9 -9999.9 -9999.9 -0.0621999986 37.2971992493 -999.999 3678
MKN 2023 08 10 14 00 00 30 3.6 83.6 0 662 9.42 -99.9 -99.9 -99.9 -9999.9 -9999.9 -0.0621999986 37.2971992493 -999.999 3678
MKN 2023 08 10 15 00 00 31 2.5 78.62 0 662.1 8.28 -99.9 -99.9 -99.9 -9999.9 -9999.9 -0.0621999986 37.2971992493 -999.999 3678
MKN 2023 08 10 16 00 00 45 1.7 98.75 0 662.4 5.92 -99.9 -99.9 -99.9 -9999.9 -9999.9 -0.0621999986 37.2971992493 -999.999 3678
MKN 2023 08 10 17 00 00 112 1.3 97.02 0 662.5 4.32 -99.9 -99.9 -99.9 -9999.9 -9999.9 -0.0621999986 37.2971992493 -999.999 3678
MKN 2023 08 10 18 00 00 146 0.8 95.88 0 662.6 3.63 -99.9 -99.9 -99.9 -9999.9 -9999.9 -0.0621999986 37.2971992493 -999.999 3678
MKN 2023 08 10 19 00 00 148 1.5 80.55 0 662.8 4.55 -99.9 -99.9 -99.9 -9999.9 -9999.9 -0.0621999986 37.2971992493 -999.999 3678
MKN 2023 08 10 20 00 00 214 1 79.57 0 662.9 4.48 -99.9 -99.9 -99.9 -9999.9 -9999.9 -0.0621999986 37.2971992493 -999.999 3678
MKN 2023 08 10 21 00 00 186 1.1 76.83 0 662.8 4.55 -99.9 -99.9 -99.9 -9999.9 -9999.9 -0.0621999986 37.2971992493 -999.999 3678
MKN 2023 08 10 22 00 00 130 1.8 72.47 0 662.2 5.5 -99.9 -99.9 -99.9 -9999.9 -9999.9 -0.0621999986 37.2971992493 -999.999 3678
MKN 2023 08 10 23 00 00 225 1.5 82.1 0 661.6 4.68 -99.9 -99.9 -99.9 -9999.9 -9999.9 -0.0621999986 37.2971992493 -999.999 3678
MKN 2023 08 11 00 00 00 225 1.5 88.07 0 661.3 4.72 -99.9 -99.9 -99.9 -9999.9 -9999.9 -0.0621999986 37.2971992493 -999.999 3678
MKN 2023 08 11 01 00 00 233 1.1 85.73 0 661.3 4.42 -99.9 -99.9 -99.9 -9999.9 -9999.9 -0.0621999986 37.2971992493 -999.999 3678
MKN 2023 08 11 02 00 00 113 1.7 85.13 0 661.4 4.17 -99.9 -99.9 -99.9 -9999.9 -9999.9 -0.0621999986 37.2971992493 -999.999 3678
MKN 2023 08 11 03 00 00 135 2 84.2 0 661.7 4.08 -99.9 -99.9 -99.9 -9999.9 -9999.9 -0.0621999986 37.2971992493 -999.999 3678
MKN 2023 08 11 04 00 00 125 2.3 81.9 0 662.1 6.43 -99.9 -99.9 -99.9 -9999.9 -9999.9 -0.0621999986 37.2971992493 -999.999 3678
MKN 2023 08 11 05 00 00 111 2 86.63 0 662.4 7.43 -99.9 -99.9 -99.9 -9999.9 -9999.9 -0.0621999986 37.2971992493 -999.999 3678
MKN 2023 08 11 06 00 00 3 1.9 84.83 0 663 7.6 -99.9 -99.9 -99.9 -9999.9 -9999.9 -0.0621999986 37.2971992493 -999.999 3678
MKN 2023 08 11 07 00 00 -99.9 -99.9 -99.9 -99.9 663.3 -99.9 -99.9 -99.9 -99.9 -9999.9 -9999.9 -0.0621999986 37.2971992493 -999.999 3678
MKN 2023 08 11 14 00 00 -99.9 -99.9 85.5 -99.9 -999.9 9.45 -99.9 -99.9 -99.9 -9999.9 -9999.9 -0.0621999986 37.2971992493 -999.999 3678
MKN 2023 08 11 15 00 00 16 1.4 82.58 0 661.8 9.15 -99.9 -99.9 -99.9 -9999.9 -9999.9 -0.0621999986 37.2971992493 -999.999 3678
MKN 2023 08 11 16 00 00 8 1.6 95.42 0 661.8 5.3 -99.9 -99.9 -99.9 -9999.9 -9999.9 -0.0621999986 37.2971992493 -999.999 3678
MKN 2023 08 11 17 00 00 196 1.1 95.22 0 662 5.27 -99.9 -99.9 -99.9 -9999.9 -9999.9 -0.0621999986 37.2971992493 -999.999 3678
MKN 2023 08 11 18 00 00 228 1.6 89.83 0 662.2 4.27 -99.9 -99.9 -99.9 -9999.9 -9999.9 -0.0621999986 37.2971992493 -999.999 3678
MKN 2023 08 11 19 00 00 198 2.6 84.97 0 662.6 4.53 -99.9 -99.9 -99.9 -9999.9 -9999.9 -0.0621999986 37.2971992493 -999.999 3678
MKN 2023 08 11 20 00 00 231 2.3 75.6 0 662.8 4.18 -99.9 -99.9 -99.9 -9999.9 -9999.9 -0.0621999986 37.2971992493 -999.999 3678
MKN 2023 08 11 21 00 00 211 1.8 72.17 0 662.5 4.38 -99.9 -99.9 -99.9 -9999.9 -9999.9 -0.0621999986 37.2971992493 -999.999 3678
MKN 2023 08 11 22 00 00 171 1.9 61.28 0 661.9 3.78 -99.9 -99.9 -99.9 -9999.9 -9999.9 -0.0621999986 37.2971992493 -999.999 3678
MKN 2023 08 11 23 00 00 140 1.9 64.57 0 661.3 4.27 -99.9 -99.9 -99.9 -9999.9 -9999.9 -0.0621999986 37.2971992493 -999.999 3678
MKN 2023 08 12 00 00 00 166 1.3 63.12 0 661 3.97 -99.9 -99.9 -99.9 -9999.9 -9999.9 -0.0621999986 37.2971992493 -999.999 3678
MKN 2023 08 12 01 00 00 123 3.9 55.78 0 660.6 4.52 -99.9 -99.9 -99.9 -9999.9 -9999.9 -0.0621999986 37.2971992493 -999.999 3678
MKN 2023 08 12 02 00 00 122 4.2 56.82 0 660.7 4.68 -99.9 -99.9 -99.9 -9999.9 -9999.9 -0.0621999986 37.2971992493 -999.999 3678
MKN 2023 08 12 03 00 00 113 3.5 69.82 0 661.1 3.52 -99.9 -99.9 -99.9 -9999.9 -9999.9 -0.0621999986 37.2971992493 -999.999 3678
MKN 2023 08 12 04 00 00 111 3.2 77.97 0 661.5 5.92 -99.9 -99.9 -99.9 -9999.9 -9999.9 -0.0621999986 37.2971992493 -999.999 3678
MKN 2023 08 12 05 00 00 90 2.9 49.5 0 662.1 10.03 -99.9 -99.9 -99.9 -9999.9 -9999.9 -0.0621999986 37.2971992493 -999.999 3678
MKN 2023 08 12 06 00 00 65 5.4 52.22 0 662.6 11.25 -99.9 -99.9 -99.9 -9999.9 -9999.9 -0.0621999986 37.2971992493 -999.999 3678
MKN 2023 08 12 07 00 00 30 5.8 65.62 0 662.9 10.88 -99.9 -99.9 -99.9 -9999.9 -9999.9 -0.0621999986 37.2971992493 -999.999 3678
MKN 2023 08 12 08 00 00 28 6.4 71.47 0 662.9 11.33 -99.9 -99.9 -99.9 -9999.9 -9999.9 -0.0621999986 37.2971992493 -999.999 3678
MKN 2023 08 12 09 00 00 12 5.6 73.98 0 662.8 10.43 -99.9 -99.9 -99.9 -9999.9 -9999.9 -0.0621999986 37.2971992493 -999.999 3678
MKN 2023 08 12 10 00 00 21 6.8 80.7 0 662.4 10.07 -99.9 -99.9 -99.9 -9999.9 -9999.9 -0.0621999986 37.2971992493 -999.999 3678
MKN 2023 08 12 11 00 00 13 4.6 80.42 0 662.1 8.9 -99.9 -99.9 -99.9 -9999.9 -9999.9 -0.0621999986 37.2971992493 -999.999 3678
MKN 2023 08 12 12 00 00 17 5.7 77.25 0 661.7 9.22 -99.9 -99.9 -99.9 -9999.9 -9999.9 -0.0621999986 37.2971992493 -999.999 3678
MKN 2023 08 12 13 00 00 7 5.4 79.05 0 661.4 9.85 -99.9 -99.9 -99.9 -9999.9 -9999.9 -0.0621999986 37.2971992493 -999.999 3678
MKN 2023 08 12 14 00 00 20 5.6 80.02 0 661.2 9.55 -99.9 -99.9 -99.9 -9999.9 -9999.9 -0.0621999986 37.2971992493 -999.999 3678
MKN 2023 08 12 15 00 00 33 6 77.6 0 661.2 7.68 -99.9 -99.9 -99.9 -9999.9 -9999.9 -0.0621999986 37.2971992493 -999.999 3678
MKN 2023 08 12 16 00 00 49 2.6 84.42 0 661.4 4.05 -99.9 -99.9 -99.9 -9999.9 -9999.9 -0.0621999986 37.2971992493 -999.999 3678
MKN 2023 08 12 17 00 00 125 1.7 63.03 0 661.5 3.73 -99.9 -99.9 -99.9 -9999.9 -9999.9 -0.0621999986 37.2971992493 -999.999 3678
MKN 2023 08 12 18 00 00 122 3.5 59.55 0 661.6 4.42 -99.9 -99.9 -99.9 -9999.9 -9999.9 -0.0621999986 37.2971992493 -999.999 3678
MKN 2023 08 12 19 00 00 116 3.7 45.57 0 662.1 5.33 -99.9 -99.9 -99.9 -9999.9 -9999.9 -0.0621999986 37.2971992493 -999.999 3678
MKN 2023 08 12 20 00 00 122 6.8 36.7 0 662 6.18 -99.9 -99.9 -99.9 -9999.9 -9999.9 -0.0621999986 37.2971992493 -999.999 3678
MKN 2023 08 12 21 00 00 125 7.5 37.93 0 661.7 5.73 -99.9 -99.9 -99.9 -9999.9 -9999.9 -0.0621999986 37.2971992493 -999.999 3678
MKN 2023 08 12 22 00 00 123 7.5 33.3 0 661.2 6.5 -99.9 -99.9 -99.9 -9999.9 -9999.9 -0.0621999986 37.2971992493 -999.999 3678
MKN 2023 08 12 23 00 00 131 8.1 35.12 0 660.8 6.47 -99.9 -99.9 -99.9 -9999.9 -9999.9 -0.0621999986 37.2971992493 -999.999 3678
MKN 2023 08 13 00 00 00 131 10.4 39.03 0 660.1 6.05 -99.9 -99.9 -99.9 -9999.9 -9999.9 -0.0621999986 37.2971992493 -999.999 3678
MKN 2023 08 13 01 00 00 126 8.7 40 0 660.2 5.88 -99.9 -99.9 -99.9 -9999.9 -9999.9 -0.0621999986 37.2971992493 -999.999 3678
MKN 2023 08 13 02 00 00 128 9 39.53 0 660.3 6.02 -99.9 -99.9 -99.9 -9999.9 -9999.9 -0.0621999986 37.2971992493 -999.999 3678
MKN 2023 08 13 03 00 00 130 8.8 42.05 0 660.5 5.75 -99.9 -99.9 -99.9 -9999.9 -9999.9 -0.0621999986 37.2971992493 -999.999 3678
MKN 2023 08 13 04 00 00 132 8.8 42.5 0 660.8 7.67 -99.9 -99.9 -99.9 -9999.9 -9999.9 -0.0621999986 37.2971992493 -999.999 3678
MKN 2023 08 13 05 00 00 116 7.7 37.27 0 661.5 10.05 -99.9 -99.9 -99.9 -9999.9 -9999.9 -0.0621999986 37.2971992493 -999.999 3678
MKN 2023 08 13 06 00 00 91 6.7 53.48 0 662.3 10.5 -99.9 -99.9 -99.9 -9999.9 -9999.9 -0.0621999986 37.2971992493 -999.999 3678
MKN 2023 08 13 07 00 00 25 6.7 85.4 0 662.6 9.35 -99.9 -99.9 -99.9 -9999.9 -9999.9 -0.0621999986 37.2971992493 -999.999 3678
MKN 2023 08 13 08 00 00 0 5.4 80.08 0 662.9 9.52 -99.9 -99.9 -99.9 -9999.9 -9999.9 -0.0621999986 37.2971992493 -999.999 3678
MKN 2023 08 13 09 00 00 358 5.6 82.48 0 662.9 8.23 -99.9 -99.9 -99.9 -9999.9 -9999.9 -0.0621999986 37.2971992493 -999.999 3678
MKN 2023 08 13 10 00 00 342 5 85.47 0 662.6 7.65 -99.9 -99.9 -99.9 -9999.9 -9999.9 -0.0621999986 37.2971992493 -999.999 3678
MKN 2023 08 13 11 00 00 7 5.1 87.67 0 662.2 7.08 -99.9 -99.9 -99.9 -9999.9 -9999.9 -0.0621999986 37.2971992493 -999.999 3678
MKN 2023 08 13 12 00 00 354 4 90.12 0 661.8 6.98 -99.9 -99.9 -99.9 -9999.9 -9999.9 -0.0621999986 37.2971992493 -999.999 3678
MKN 2023 08 13 13 00 00 351 3.1 93.2 0 661.5 7.1 -99.9 -99.9 -99.9 -9999.9 -9999.9 -0.0621999986 37.2971992493 -999.999 3678
MKN 2023 08 13 14 00 00 12 3.6 94.2 0 661.3 7.38 -99.9 -99.9 -99.9 -9999.9 -9999.9 -0.0621999986 37.2971992493 -999.999 3678
MKN 2023 08 13 15 00 00 351 3.9 96.98 0 661.5 6.75 -99.9 -99.9 -99.9 -9999.9 -9999.9 -0.0621999986 37.2971992493 -999.999 3678
MKN 2023 08 13 16 00 00 340 1.6 78.33 0 661.7 4.15 -99.9 -99.9 -99.9 -9999.9 -9999.9 -0.0621999986 37.2971992493 -999.999 3678
MKN 2023 08 13 17 00 00 134 3 66.32 0 661.8 2.53 -99.9 -99.9 -99.9 -9999.9 -9999.9 -0.0621999986 37.2971992493 -999.999 3678
MKN 2023 08 13 18 00 00 131 2.8 72.98 0 661.9 3.15 -99.9 -99.9 -99.9 -9999.9 -9999.9 -0.0621999986 37.2971992493 -999.999 3678
MKN 2023 08 13 19 00 00 187 1.8 78.98 0 662.1 3.18 -99.9 -99.9 -99.9 -9999.9 -9999.9 -0.0621999986 37.2971992493 -999.999 3678
MKN 2023 08 13 20 00 00 176 1.4 79.52 0 662 3 -99.9 -99.9 -99.9 -9999.9 -9999.9 -0.0621999986 37.2971992493 -999.999 3678
MKN 2023 08 13 21 00 00 115 1.5 82.5 0 662 2.58 -99.9 -99.9 -99.9 -9999.9 -9999.9 -0.0621999986 37.2971992493 -999.999 3678
MKN 2023 08 13 22 00 00 162 1.3 75.37 0 661.5 2.82 -99.9 -99.9 -99.9 -9999.9 -9999.9 -0.0621999986 37.2971992493 -999.999 3678
MKN 2023 08 13 23 00 00 135 1.3 72.23 0 661.1 2.63 -99.9 -99.9 -99.9 -9999.9 -9999.9 -0.0621999986 37.2971992493 -999.999 3678
MKN 2023 08 14 00 00 00 136 3.2 75.18 0 660.8 3.03 -99.9 -99.9 -99.9 -9999.9 -9999.9 -0.0621999986 37.2971992493 -999.999 3678
MKN 2023 08 14 01 00 00 138 7.6 73.38 0 660.4 3.02 -99.9 -99.9 -99.9 -9999.9 -9999.9 -0.0621999986 37.2971992493 -999.999 3678
MKN 2023 08 14 02 00 00 137 7 73.2 0 660.7 2.52 -99.9 -99.9 -99.9 -9999.9 -9999.9 -0.0621999986 37.2971992493 -999.999 3678
MKN 2023 08 14 03 00 00 165 5 79.7 0 661.1 2.6 -99.9 -99.9 -99.9 -9999.9 -9999.9 -0.0621999986 37.2971992493 -999.999 3678
MKN 2023 08 14 04 00 00 174 2.8 71.13 0 661.6 5.28 -99.9 -99.9 -99.9 -9999.9 -9999.9 -0.0621999986 37.2971992493 -999.999 3678
MKN 2023 08 14 05 00 00 130 1.6 53.65 0 662.3 8.85 -99.9 -99.9 -99.9 -9999.9 -9999.9 -0.0621999986 37.2971992493 -999.999 3678
MKN 2023 08 14 06 00 00 44 3.8 48.97 0 662.9 10.38 -99.9 -99.9 -99.9 -9999.9 -9999.9 -0.0621999986 37.2971992493 -999.999 3678
MKN 2023 08 14 07 00 00 30 5.2 64.2 0 663.2 10.2 -99.9 -99.9 -99.9 -9999.9 -9999.9 -0.0621999986 37.2971992493 -999.999 3678
MKN 2023 08 14 08 00 00 5 5.5 70.08 0 663.5 10.38 -99.9 -99.9 -99.9 -9999.9 -9999.9 -0.0621999986 37.2971992493 -999.999 3678
MKN 2023 08 14 09 00 00 334 4.9 77.63 0 663.5 9.32 -99.9 -99.9 -99.9 -9999.9 -9999.9 -0.0621999986 37.2971992493 -999.999 3678
MKN 2023 08 14 10 00 00 322 6.5 65.23 0 663.3 10.7 -99.9 -99.9 -99.9 -9999.9 -9999.9 -0.0621999986 37.2971992493 -999.999 3678
MKN 2023 08 14 11 00 00 345 4.3 63.13 0 662.9 10.23 -99.9 -99.9 -99.9 -9999.9 -9999.9 -0.0621999986 37.2971992493 -999.999 3678
MKN 2023 08 14 12 00 00 321 5.1 67.4 0 662.6 10.07 -99.9 -99.9 -99.9 -9999.9 -9999.9 -0.0621999986 37.2971992493 -999.999 3678
MKN 2023 08 14 13 00 00 328 5.4 73.6 0 662.3 9.4 -99.9 -99.9 -99.9 -9999.9 -9999.9 -0.0621999986 37.2971992493 -999.999 3678
MKN 2023 08 14 14 00 00 310 6.1 81.53 0 662.2 8.05 -99.9 -99.9 -99.9 -9999.9 -9999.9 -0.0621999986 37.2971992493 -999.999 3678
MKN 2023 08 14 15 00 00 327 4.2 89.78 0 662.2 6.95 -99.9 -99.9 -99.9 -9999.9 -9999.9 -0.0621999986 37.2971992493 -999.999 3678
MKN 2023 08 14 16 00 00 311 3.3 97.83 0 662.4 5.77 -99.9 -99.9 -99.9 -9999.9 -9999.9 -0.0621999986 37.2971992493 -999.999 3678
MKN 2023 08 14 17 00 00 257 1.2 98.83 0 662.6 4.5 -99.9 -99.9 -99.9 -9999.9 -9999.9 -0.0621999986 37.2971992493 -999.999 3678
MKN 2023 08 14 18 00 00 315 0.4 98.88 0 662.7 3.7 -99.9 -99.9 -99.9 -9999.9 -9999.9 -0.0621999986 37.2971992493 -999.999 3678
MKN 2023 08 14 19 00 00 166 1.1 92.23 0 662.9 2.72 -99.9 -99.9 -99.9 -9999.9 -9999.9 -0.0621999986 37.2971992493 -999.999 3678
MKN 2023 08 14 20 00 00 158 1.7 68.17 0 663 2.52 -99.9 -99.9 -99.9 -9999.9 -9999.9 -0.0621999986 37.2971992493 -999.999 3678
MKN 2023 08 14 21 00 00 112 2.7 66.87 0 662.9 2.3 -99.9 -99.9 -99.9 -9999.9 -9999.9 -0.0621999986 37.2971992493 -999.999 3678
MKN 2023 08 14 22 00 00 135 2 65.28 0 662.6 3.73 -99.9 -99.9 -99.9 -9999.9 -9999.9 -0.0621999986 37.2971992493 -999.999 3678
MKN 2023 08 14 23 00 00 182 2.4 64.95 0 662.1 3.58 -99.9 -99.9 -99.9 -9999.9 -9999.9 -0.0621999986 37.2971992493 -999.999 3678
MKN 2023 08 15 00 00 00 156 1 68.55 0 661.6 2.45 -99.9 -99.9 -99.9 -9999.9 -9999.9 -0.0621999986 37.2971992493 -999.999 3678
MKN 2023 08 15 01 00 00 114 1.3 72.1 0 661.4 0.98 -99.9 -99.9 -99.9 -9999.9 -9999.9 -0.0621999986 37.2971992493 -999.999 3678
MKN 2023 08 15 02 00 00 133 2.5 44 0 661.5 2.6 -99.9 -99.9 -99.9 -9999.9 -9999.9 -0.0621999986 37.2971992493 -999.999 3678
MKN 2023 08 15 03 00 00 129 3.5 41.8 0 661.6 2.2 -99.9 -99.9 -99.9 -9999.9 -9999.9 -0.0621999986 37.2971992493 -999.999 3678
MKN 2023 08 15 04 00 00 112 3.2 45.05 0 661.9 5.9 -99.9 -99.9 -99.9 -9999.9 -9999.9 -0.0621999986 37.2971992493 -999.999 3678
MKN 2023 08 15 05 00 00 101 1.7 46.28 0 662.6 8.02 -99.9 -99.9 -99.9 -9999.9 -9999.9 -0.0621999986 37.2971992493 -999.999 3678
MKN 2023 08 15 06 00 00 22 2.1 44.82 0 663.2 9.02 -99.9 -99.9 -99.9 -9999.9 -9999.9 -0.0621999986 37.2971992493 -999.999 3678
MKN 2023 08 15 07 00 00 353 3.4 40.28 0 663.6 10.23 -99.9 -99.9 -99.9 -9999.9 -9999.9 -0.0621999986 37.2971992493 -999.999 3678
MKN 2023 08 15 08 00 00 16 5 40.38 0 663.6 11.02 -99.9 -99.9 -99.9 -9999.9 -9999.9 -0.0621999986 37.2971992493 -999.999 3678
MKN 2023 08 15 09 00 00 9 4.5 39.52 0 663.5 12.05 -99.9 -99.9 -99.9 -9999.9 -9999.9 -0.0621999986 37.2971992493 -999.999 3678
MKN 2023 08 15 10 00 00 347 5.6 42.27 0 663.3 11.73 -99.9 -99.9 -99.9 -9999.9 -9999.9 -0.0621999986 37.2971992493 -999.999 3678
MKN 2023 08 15 11 00 00 341 5.8 62.8 0 662.8 10.6 -99.9 -99.9 -99.9 -9999.9 -9999.9 -0.0621999986 37.2971992493 -999.999 3678
MKN 2023 08 15 12 00 00 326 6 69.42 0 662.4 9.75 -99.9 -99.9 -99.9 -9999.9 -9999.9 -0.0621999986 37.2971992493 -999.999 3678
MKN 2023 08 15 13 00 00 321 5.1 72.08 0 662.1 9.83 -99.9 -99.9 -99.9 -9999.9 -9999.9 -0.0621999986 37.2971992493 -999.999 3678
MKN 2023 08 15 14 00 00 319 4.7 72 0 662 9.4 -99.9 -99.9 -99.9 -9999.9 -9999.9 -0.0621999986 37.2971992493 -999.999 3678
MKN 2023 08 15 15 00 00 284 5.4 92.55 0 662.1 7.3 -99.9 -99.9 -99.9 -9999.9 -9999.9 -0.0621999986 37.2971992493 -999.999 3678
MKN 2023 08 15 16 00 00 283 2.7 99.28 0 662.3 5.85 -99.9 -99.9 -99.9 -9999.9 -9999.9 -0.0621999986 37.2971992493 -999.999 3678
MKN 2023 08 15 17 00 00 235 1.3 99.22 0 662.4 5.83 -99.9 -99.9 -99.9 -9999.9 -9999.9 -0.0621999986 37.2971992493 -999.999 3678
MKN 2023 08 15 18 00 00 233 1.3 95.25 0 662.8 4.08 -99.9 -99.9 -99.9 -9999.9 -9999.9 -0.0621999986 37.2971992493 -999.999 3678
MKN 2023 08 15 19 00 00 104 1.2 93.5 0 663 3.87 -99.9 -99.9 -99.9 -9999.9 -9999.9 -0.0621999986 37.2971992493 -999.999 3678
MKN 2023 08 15 20 00 00 225 2 87.8 0 663 4.77 -99.9 -99.9 -99.9 -9999.9 -9999.9 -0.0621999986 37.2971992493 -999.999 3678
MKN 2023 08 15 21 00 00 236 2.7 84.35 0.2 662.8 5.25 -99.9 -99.9 -99.9 -9999.9 -9999.9 -0.0621999986 37.2971992493 -999.999 3678
MKN 2023 08 15 22 00 00 232 3.8 87.03 0 662.4 5.55 -99.9 -99.9 -99.9 -9999.9 -9999.9 -0.0621999986 37.2971992493 -999.999 3678
MKN 2023 08 15 23 00 00 222 4.7 90.9 0.7 662.1 4.57 -99.9 -99.9 -99.9 -9999.9 -9999.9 -0.0621999986 37.2971992493 -999.999 3678
MKN 2023 08 16 00 00 00 131 3.5 86.52 0 661.7 4.12 -99.9 -99.9 -99.9 -9999.9 -9999.9 -0.0621999986 37.2971992493 -999.999 3678
MKN 2023 08 16 01 00 00 156 3.7 83.08 0 661.4 3.93 -99.9 -99.9 -99.9 -9999.9 -9999.9 -0.0621999986 37.2971992493 -999.999 3678
MKN 2023 08 16 02 00 00 171 3.4 82.78 0 661.3 3.7 -99.9 -99.9 -99.9 -9999.9 -9999.9 -0.0621999986 37.2971992493 -999.999 3678
MKN 2023 08 16 03 00 00 201 2.6 77.65 0 661.7 3.73 -99.9 -99.9 -99.9 -9999.9 -9999.9 -0.0621999986 37.2971992493 -999.999 3678
MKN 2023 08 16 04 00 00 144 2 71.83 0 662 5.93 -99.9 -99.9 -99.9 -9999.9 -9999.9 -0.0621999986 37.2971992493 -999.999 3678
MKN 2023 08 16 05 00 00 63 1.4 66.98 0 662.4 9.07 -99.9 -99.9 -99.9 -9999.9 -9999.9 -0.0621999986 37.2971992493 -999.999 3678
MKN 2023 08 16 06 00 00 9 3.5 83.8 0 663 7.93 -99.9 -99.9 -99.9 -9999.9 -9999.9 -0.0621999986 37.2971992493 -999.999 3678
MKN 2023 08 16 07 00 00 309 3.1 84.78 0 663.4 7.85 -99.9 -99.9 -99.9 -9999.9 -9999.9 -0.0621999986 37.2971992493 -999.999 3678
MKN 2023 08 16 08 00 00 298 3.7 87.15 0 663.6 8.12 -99.9 -99.9 -99.9 -9999.9 -9999.9 -0.0621999986 37.2971992493 -999.999 3678
MKN 2023 08 16 09 00 00 292 3 83.15 0 663.4 8.83 -99.9 -99.9 -99.9 -9999.9 -9999.9 -0.0621999986 37.2971992493 -999.999 3678
MKN 2023 08 16 10 00 00 309 4.4 98.37 0 663 7.58 -99.9 -99.9 -99.9 -9999.9 -9999.9 -0.0621999986 37.2971992493 -999.999 3678
MKN 2023 08 16 11 00 00 279 2.2 98.65 0.4 662.5 7.98 -99.9 -99.9 -99.9 -9999.9 -9999.9 -0.0621999986 37.2971992493 -999.999 3678
MKN 2023 08 16 12 00 00 298 3.1 86.93 0.1 661.8 9.4 -99.9 -99.9 -99.9 -9999.9 -9999.9 -0.0621999986 37.2971992493 -999.999 3678
MKN 2023 08 16 13 00 00 287 4 90.53 0 661.6 9.15 -99.9 -99.9 -99.9 -9999.9 -9999.9 -0.0621999986 37.2971992493 -999.999 3678
MKN 2023 08 16 14 00 00 286 5.2 93.88 0 661.4 8.92 -99.9 -99.9 -99.9 -9999.9 -9999.9 -0.0621999986 37.2971992493 -999.999 3678
MKN 2023 08 16 15 00 00 288 4.4 99.3 0 661.4 7.38 -99.9 -99.9 -99.9 -9999.9 -9999.9 -0.0621999986 37.2971992493 -999.999 3678
MKN 2023 08 16 16 00 00 256 3.6 99.25 0 661.6 5.25 -99.9 -99.9 -99.9 -9999.9 -9999.9 -0.0621999986 37.2971992493 -999.999 3678
MKN 2023 08 16 17 00 00 239 3.9 97.33 0 661.6 5.1 -99.9 -99.9 -99.9 -9999.9 -9999.9 -0.0621999986 37.2971992493 -999.999 3678
MKN 2023 08 16 18 00 00 234 3.4 95.27 0 661.9 4.7 -99.9 -99.9 -99.9 -9999.9 -9999.9 -0.0621999986 37.2971992493 -999.999 3678
MKN 2023 08 16 19 00 00 234 4.3 92.1 0 662.2 5.55 -99.9 -99.9 -99.9 -9999.9 -9999.9 -0.0621999986 37.2971992493 -999.999 3678
MKN 2023 08 16 20 00 00 220 5.5 85.55 0 662.3 4.82 -99.9 -99.9 -99.9 -9999.9 -9999.9 -0.0621999986 37.2971992493 -999.999 3678
MKN 2023 08 16 21 00 00 221 4.8 89.8 0 662.1 5.45 -99.9 -99.9 -99.9 -9999.9 -9999.9 -0.0621999986 37.2971992493 -999.999 3678
MKN 2023 08 16 22 00 00 227 5.1 88.28 0 661.7 4.35 -99.9 -99.9 -99.9 -9999.9 -9999.9 -0.0621999986 37.2971992493 -999.999 3678
MKN 2023 08 16 23 00 00 214 4.5 80.37 0 661.4 3.87 -99.9 -99.9 -99.9 -9999.9 -9999.9 -0.0621999986 37.2971992493 -999.999 3678
MKN 2023 08 17 00 00 00 223 4 82.05 0 661 3.77 -99.9 -99.9 -99.9 -9999.9 -9999.9 -0.0621999986 37.2971992493 -999.999 3678
MKN 2023 08 17 01 00 00 224 3.7 72.03 0 660.8 3.75 -99.9 -99.9 -99.9 -9999.9 -9999.9 -0.0621999986 37.2971992493 -999.999 3678
MKN 2023 08 17 02 00 00 220 4.2 70.33 0 660.9 3.52 -99.9 -99.9 -99.9 -9999.9 -9999.9 -0.0621999986 37.2971992493 -999.999 3678
MKN 2023 08 17 03 00 00 216 4.5 72.28 0 661.1 3.43 -99.9 -99.9 -99.9 -9999.9 -9999.9 -0.0621999986 37.2971992493 -999.999 3678
MKN 2023 08 17 04 00 00 189 3.9 64.53 0 661.3 6.1 -99.9 -99.9 -99.9 -9999.9 -9999.9 -0.0621999986 37.2971992493 -999.999 3678
MKN 2023 08 17 05 00 00 237 2.2 70.77 0 661.9 8 -99.9 -99.9 -99.9 -9999.9 -9999.9 -0.0621999986 37.2971992493 -999.999 3678
MKN 2023 08 17 06 00 00 317 2.1 62.9 0 662.6 9.48 -99.9 -99.9 -99.9 -9999.9 -9999.9 -0.0621999986 37.2971992493 -999.999 3678
MKN 2023 08 17 07 00 00 321 3.2 65.52 0 663.1 10.05 -99.9 -99.9 -99.9 -9999.9 -9999.9 -0.0621999986 37.2971992493 -999.999 3678
MKN 2023 08 17 08 00 00 315 4.5 81.47 0 663.2 9.13 -99.9 -99.9 -99.9 -9999.9 -9999.9 -0.0621999986 37.2971992493 -999.999 3678
MKN 2023 08 17 09 00 00 336 4.4 89.8 0 663.1 8.85 -99.9 -99.9 -99.9 -9999.9 -9999.9 -0.0621999986 37.2971992493 -999.999 3678
MKN 2023 08 17 10 00 00 349 5.4 94.77 0 662.7 8.32 -99.9 -99.9 -99.9 -9999.9 -9999.9 -0.0621999986 37.2971992493 -999.999 3678
MKN 2023 08 17 11 00 00 358 3.6 97.03 0 662.2 8.05 -99.9 -99.9 -99.9 -9999.9 -9999.9 -0.0621999986 37.2971992493 -999.999 3678
MKN 2023 08 17 12 00 00 350 4.1 98.48 0 661.7 7.67 -99.9 -99.9 -99.9 -9999.9 -9999.9 -0.0621999986 37.2971992493 -999.999 3678
MKN 2023 08 17 13 00 00 38 2.7 85.22 0 661.2 8.5 -99.9 -99.9 -99.9 -9999.9 -9999.9 -0.0621999986 37.2971992493 -999.999 3678
MKN 2023 08 17 14 00 00 39 1.3 89.03 0 661 8.12 -99.9 -99.9 -99.9 -9999.9 -9999.9 -0.0621999986 37.2971992493 -999.999 3678
MKN 2023 08 17 15 00 00 300 2.6 99.28 0 661 7.1 -99.9 -99.9 -99.9 -9999.9 -9999.9 -0.0621999986 37.2971992493 -999.999 3678
MKN 2023 08 17 16 00 00 333 1.3 99.28 0 661.2 6.38 -99.9 -99.9 -99.9 -9999.9 -9999.9 -0.0621999986 37.2971992493 -999.999 3678
MKN 2023 08 17 17 00 00 222 1.9 98.97 0 661.4 5.78 -99.9 -99.9 -99.9 -9999.9 -9999.9 -0.0621999986 37.2971992493 -999.999 3678
MKN 2023 08 17 18 00 00 242 1.7 99.3 0 661.4 5.42 -99.9 -99.9 -99.9 -9999.9 -9999.9 -0.0621999986 37.2971992493 -999.999 3678
MKN 2023 08 17 19 00 00 222 3 99.3 0 661.7 4.4 -99.9 -99.9 -99.9 -9999.9 -9999.9 -0.0621999986 37.2971992493 -999.999 3678
MKN 2023 08 17 20 00 00 259 2.3 97.58 0 661.7 3.9 -99.9 -99.9 -99.9 -9999.9 -9999.9 -0.0621999986 37.2971992493 -999.999 3678
MKN 2023 08 17 21 00 00 209 3.4 86.42 0 661.6 4.03 -99.9 -99.9 -99.9 -9999.9 -9999.9 -0.0621999986 37.2971992493 -999.999 3678
MKN 2023 08 17 22 00 00 218 2.8 80.93 0 661.2 4.6 -99.9 -99.9 -99.9 -9999.9 -9999.9 -0.0621999986 37.2971992493 -999.999 3678
MKN 2023 08 17 23 00 00 205 3.3 84.53 0 660.8 4.72 -99.9 -99.9 -99.9 -9999.9 -9999.9 -0.0621999986 37.2971992493 -999.999 3678
MKN 2023 08 18 00 00 00 198 2.8 83.77 0 660.4 4.78 -99.9 -99.9 -99.9 -9999.9 -9999.9 -0.0621999986 37.2971992493 -999.999 3678
MKN 2023 08 18 01 00 00 207 1 90.95 0 660.2 2.93 -99.9 -99.9 -99.9 -9999.9 -9999.9 -0.0621999986 37.2971992493 -999.999 3678
MKN 2023 08 18 02 00 00 111 2 92.58 0 660.2 2.9 -99.9 -99.9 -99.9 -9999.9 -9999.9 -0.0621999986 37.2971992493 -999.999 3678
MKN 2023 08 18 03 00 00 112 3.8 96.92 0 660.6 4.52 -99.9 -99.9 -99.9 -9999.9 -9999.9 -0.0621999986 37.2971992493 -999.999 3678
MKN 2023 08 18 04 00 00 113 3.4 91.2 0 661.2 5.72 -99.9 -99.9 -99.9 -9999.9 -9999.9 -0.0621999986 37.2971992493 -999.999 3678
MKN 2023 08 18 05 00 00 106 3.1 67.88 0 661.7 7.98 -99.9 -99.9 -99.9 -9999.9 -9999.9 -0.0621999986 37.2971992493 -999.999 3678
MKN 2023 08 18 06 00 00 58 2.7 62.33 0 662.2 9.53 -99.9 -99.9 -99.9 -9999.9 -9999.9 -0.0621999986 37.2971992493 -999.999 3678
MKN 2023 08 18 07 00 00 32 5.4 72.47 0 662.4 10.1 -99.9 -99.9 -99.9 -9999.9 -9999.9 -0.0621999986 37.2971992493 -999.999 3678
MKN 2023 08 18 08 00 00 13 6.2 65.48 0 662.6 10.72 -99.9 -99.9 -99.9 -9999.9 -9999.9 -0.0621999986 37.2971992493 -999.999 3678
MKN 2023 08 18 09 00 00 24 7 71.25 0 662.7 10.62 -99.9 -99.9 -99.9 -9999.9 -9999.9 -0.0621999986 37.2971992493 -999.999 3678
MKN 2023 08 18 10 00 00 10 7.2 65.53 0 662.5 11.53 -99.9 -99.9 -99.9 -9999.9 -9999.9 -0.0621999986 37.2971992493 -999.999 3678
MKN 2023 08 18 11 00 00 20 6 63.12 0 662.1 10.25 -99.9 -99.9 -99.9 -9999.9 -9999.9 -0.0621999986 37.2971992493 -999.999 3678
MKN 2023 08 18 12 00 00 352 4.4 57.92 0 661.7 10.72 -99.9 -99.9 -99.9 -9999.9 -9999.9 -0.0621999986 37.2971992493 -999.999 3678
MKN 2023 08 18 13 00 00 5 4.5 63.97 0 661.3 10.38 -99.9 -99.9 -99.9 -9999.9 -9999.9 -0.0621999986 37.2971992493 -999.999 3678
MKN 2023 08 18 14 00 00 350 4.1 70.42 0 661.3 9.02 -99.9 -99.9 -99.9 -9999.9 -9999.9 -0.0621999986 37.2971992493 -999.999 3678
MKN 2023 08 18 15 00 00 352 3.7 78.33 0 661.3 7.13 -99.9 -99.9 -99.9 -9999.9 -9999.9 -0.0621999986 37.2971992493 -999.999 3678
MKN 2023 08 18 16 00 00 344 2.1 93.52 0 661.4 3.55 -99.9 -99.9 -99.9 -9999.9 -9999.9 -0.0621999986 37.2971992493 -999.999 3678
MKN 2023 08 18 17 00 00 167 1.4 87.98 0 661.6 3.52 -99.9 -99.9 -99.9 -9999.9 -9999.9 -0.0621999986 37.2971992493 -999.999 3678
MKN 2023 08 18 18 00 00 214 1.7 77.5 0 661.6 4.1 -99.9 -99.9 -99.9 -9999.9 -9999.9 -0.0621999986 37.2971992493 -999.999 3678
MKN 2023 08 18 19 00 00 218 3.3 55.18 0 661.8 2.83 -99.9 -99.9 -99.9 -9999.9 -9999.9 -0.0621999986 37.2971992493 -999.999 3678
MKN 2023 08 18 20 00 00 139 4.4 26.45 0 661.8 3.78 -99.9 -99.9 -99.9 -9999.9 -9999.9 -0.0621999986 37.2971992493 -999.999 3678
MKN 2023 08 18 21 00 00 148 8.7 17.85 0 661.3 5.6 -99.9 -99.9 -99.9 -9999.9 -9999.9 -0.0621999986 37.2971992493 -999.999 3678
MKN 2023 08 19 07 00 00 -99.9 -99.9 58.4 -99.9 -999.9 11 -99.9 -99.9 -99.9 -9999.9 -9999.9 -0.0621999986 37.2971992493 -999.999 3678
MKN 2023 08 19 08 00 00 -99.9 -99.9 60.18 -99.9 662.4 11.15 -99.9 -99.9 -99.9 -9999.9 -9999.9 -0.0621999986 37.2971992493 -999.999 3678
MKN 2023 08 19 09 00 00 0 6.3 66.6 0 662.3 10.05 -99.9 -99.9 -99.9 -9999.9 -9999.9 -0.0621999986 37.2971992493 -999.999 3678
MKN 2023 08 19 10 00 00 343 5.2 71.98 0 662.1 8.97 -99.9 -99.9 -99.9 -9999.9 -9999.9 -0.0621999986 37.2971992493 -999.999 3678
MKN 2023 08 19 11 00 00 339 5.2 67.18 0 661.7 10.03 -99.9 -99.9 -99.9 -9999.9 -9999.9 -0.0621999986 37.2971992493 -999.999 3678
MKN 2023 08 19 12 00 00 334 6 55.12 0 661.5 11.37 -99.9 -99.9 -99.9 -9999.9 -9999.9 -0.0621999986 37.2971992493 -999.999 3678
MKN 2023 08 19 13 00 00 330 5.9 63.45 0 661.3 9.65 -99.9 -99.9 -99.9 -9999.9 -9999.9 -0.0621999986 37.2971992493 -999.999 3678
MKN 2023 08 19 14 00 00 337 6.2 61.33 0 661.3 9.98 -99.9 -99.9 -99.9 -9999.9 -9999.9 -0.0621999986 37.2971992493 -999.999 3678
MKN 2023 08 19 15 00 00 312 5.3 67.57 0 661.5 6.88 -99.9 -99.9 -99.9 -9999.9 -9999.9 -0.0621999986 37.2971992493 -999.999 3678
MKN 2023 08 19 16 00 00 278 2.5 88.43 0 661.7 4.38 -99.9 -99.9 -99.9 -9999.9 -9999.9 -0.0621999986 37.2971992493 -999.999 3678
MKN 2023 08 19 17 00 00 218 2.8 92.58 0 661.7 3.67 -99.9 -99.9 -99.9 -9999.9 -9999.9 -0.0621999986 37.2971992493 -999.999 3678
MKN 2023 08 19 18 00 00 211 2.4 93.3 0 661.8 3.05 -99.9 -99.9 -99.9 -9999.9 -9999.9 -0.0621999986 37.2971992493 -999.999 3678
MKN 2023 08 19 19 00 00 209 2.5 81.2 0 662.1 2.7 -99.9 -99.9 -99.9 -9999.9 -9999.9 -0.0621999986 37.2971992493 -999.999 3678
MKN 2023 08 19 20 00 00 157 3.5 64.62 0 662.1 3.62 -99.9 -99.9 -99.9 -9999.9 -9999.9 -0.0621999986 37.2971992493 -999.999 3678
MKN 2023 08 19 21 00 00 153 5.3 63.75 0 661.8 4.88 -99.9 -99.9 -99.9 -9999.9 -9999.9 -0.0621999986 37.2971992493 -999.999 3678
MKN 2023 08 19 22 00 00 141 4.9 58.35 0 661.2 5.98 -99.9 -99.9 -99.9 -9999.9 -9999.9 -0.0621999986 37.2971992493 -999.999 3678
MKN 2023 08 19 23 00 00 149 7.7 56.05 0 660.7 6.1 -99.9 -99.9 -99.9 -9999.9 -9999.9 -0.0621999986 37.2971992493 -999.999 3678
MKN 2023 08 20 00 00 00 158 6.7 49.03 0 660.3 6.17 -99.9 -99.9 -99.9 -9999.9 -9999.9 -0.0621999986 37.2971992493 -999.999 3678
MKN 2023 08 20 01 00 00 147 5.7 50.95 0 660.1 5.75 -99.9 -99.9 -99.9 -9999.9 -9999.9 -0.0621999986 37.2971992493 -999.999 3678
MKN 2023 08 20 02 00 00 169 4 55.28 0 660.2 5.98 -99.9 -99.9 -99.9 -9999.9 -9999.9 -0.0621999986 37.2971992493 -999.999 3678
MKN 2023 08 20 03 00 00 214 3.2 63.28 0 660.8 5.18 -99.9 -99.9 -99.9 -9999.9 -9999.9 -0.0621999986 37.2971992493 -999.999 3678
MKN 2023 08 20 04 00 00 157 6.2 61.33 0 661.1 7.33 -99.9 -99.9 -99.9 -9999.9 -9999.9 -0.0621999986 37.2971992493 -999.999 3678
MKN 2023 08 20 05 00 00 133 10.6 53.5 0 661.2 9.53 -99.9 -99.9 -99.9 -9999.9 -9999.9 -0.0621999986 37.2971992493 -999.999 3678
MKN 2023 08 20 06 00 00 117 9.9 43.73 0 662.2 11.6 -99.9 -99.9 -99.9 -9999.9 -9999.9 -0.0621999986 37.2971992493 -999.999 3678
MKN 2023 08 20 07 00 00 81 8.2 44.15 0 662.6 12.03 -99.9 -99.9 -99.9 -9999.9 -9999.9 -0.0621999986 37.2971992493 -999.999 3678
MKN 2023 08 20 08 00 00 50 7 65.3 0 662.7 8.78 -99.9 -99.9 -99.9 -9999.9 -9999.9 -0.0621999986 37.2971992493 -999.999 3678
MKN 2023 08 20 09 00 00 301 2.9 69.98 0 662.6 9.13 -99.9 -99.9 -99.9 -9999.9 -9999.9 -0.0621999986 37.2971992493 -999.999 3678
MKN 2023 08 20 10 00 00 310 3.4 68.88 0 662.3 9.53 -99.9 -99.9 -99.9 -9999.9 -9999.9 -0.0621999986 37.2971992493 -999.999 3678
MKN 2023 08 20 11 00 00 325 4.4 72.7 0 661.7 8.78 -99.9 -99.9 -99.9 -9999.9 -9999.9 -0.0621999986 37.2971992493 -999.999 3678
MKN 2023 08 20 12 00 00 312 3.5 70.9 0 661.3 9.52 -99.9 -99.9 -99.9 -9999.9 -9999.9 -0.0621999986 37.2971992493 -999.999 3678
MKN 2023 08 20 13 00 00 349 4.8 72.13 0 661.1 8.98 -99.9 -99.9 -99.9 -9999.9 -9999.9 -0.0621999986 37.2971992493 -999.999 3678
MKN 2023 08 20 14 00 00 336 5.7 75.33 0 661.2 8.58 -99.9 -99.9 -99.9 -9999.9 -9999.9 -0.0621999986 37.2971992493 -999.999 3678
MKN 2023 08 20 15 00 00 328 3.1 81.9 0 661.3 7.5 -99.9 -99.9 -99.9 -9999.9 -9999.9 -0.0621999986 37.2971992493 -999.999 3678
MKN 2023 08 20 16 00 00 330 1.7 91.52 0 661.2 6.07 -99.9 -99.9 -99.9 -9999.9 -9999.9 -0.0621999986 37.2971992493 -999.999 3678
MKN 2023 08 20 17 00 00 211 1.2 91.03 0 661.2 3.97 -99.9 -99.9 -99.9 -9999.9 -9999.9 -0.0621999986 37.2971992493 -999.999 3678
MKN 2023 08 20 18 00 00 177 2.3 79.3 0 661.3 3.37 -99.9 -99.9 -99.9 -9999.9 -9999.9 -0.0621999986 37.2971992493 -999.999 3678
MKN 2023 08 20 19 00 00 146 3.8 78.62 0 661.6 3.22 -99.9 -99.9 -99.9 -9999.9 -9999.9 -0.0621999986 37.2971992493 -999.999 3678
MKN 2023 08 20 20 00 00 140 3.4 77.92 0 661.7 3.68 -99.9 -99.9 -99.9 -9999.9 -9999.9 -0.0621999986 37.2971992493 -999.999 3678
MKN 2023 08 20 21 00 00 144 5.2 77.93 0 661.5 3.85 -99.9 -99.9 -99.9 -9999.9 -9999.9 -0.0621999986 37.2971992493 -999.999 3678
MKN 2023 08 20 22 00 00 141 5.3 76.95 0 661.1 4.43 -99.9 -99.9 -99.9 -9999.9 -9999.9 -0.0621999986 37.2971992493 -999.999 3678
MKN 2023 08 20 23 00 00 145 7.3 73.47 0 660.6 5.23 -99.9 -99.9 -99.9 -9999.9 -9999.9 -0.0621999986 37.2971992493 -999.999 3678
MKN 2023 08 21 00 00 00 154 7.3 67.35 0 660.3 5.7 -99.9 -99.9 -99.9 -9999.9 -9999.9 -0.0621999986 37.2971992493 -999.999 3678
MKN 2023 08 21 01 00 00 149 8.4 65.38 0 660.1 5.78 -99.9 -99.9 -99.9 -9999.9 -9999.9 -0.0621999986 37.2971992493 -999.999 3678
MKN 2023 08 21 02 00 00 156 7.4 64.77 0 660.3 5.6 -99.9 -99.9 -99.9 -9999.9 -9999.9 -0.0621999986 37.2971992493 -999.999 3678
MKN 2023 08 21 03 00 00 241 3.1 66.57 0 660.9 5.07 -99.9 -99.9 -99.9 -9999.9 -9999.9 -0.0621999986 37.2971992493 -999.999 3678
MKN 2023 08 21 04 00 00 186 2 63.83 0 661.2 6.63 -99.9 -99.9 -99.9 -9999.9 -9999.9 -0.0621999986 37.2971992493 -999.999 3678
MKN 2023 08 21 05 00 00 228 1.5 64.67 0 661.8 7.55 -99.9 -99.9 -99.9 -9999.9 -9999.9 -0.0621999986 37.2971992493 -999.999 3678
MKN 2023 08 21 06 00 00 292 2.8 67.95 0 662.3 7.87 -99.9 -99.9 -99.9 -9999.9 -9999.9 -0.0621999986 37.2971992493 -999.999 3678
MKN 2023 08 21 07 00 00 290 2.4 68.92 0 662.4 8.65 -99.9 -99.9 -99.9 -9999.9 -9999.9 -0.0621999986 37.2971992493 -999.999 3678
MKN 2023 08 21 08 00 00 317 4.2 70.25 0 662.5 8.47 -99.9 -99.9 -99.9 -9999.9 -9999.9 -0.0621999986 37.2971992493 -999.999 3678
MKN 2023 08 21 09 00 00 322 4.1 64.87 0 662.4 8.95 -99.9 -99.9 -99.9 -9999.9 -9999.9 -0.0621999986 37.2971992493 -999.999 3678
MKN 2023 08 21 10 00 00 337 4.2 61.4 0 662.1 10.03 -99.9 -99.9 -99.9 -9999.9 -9999.9 -0.0621999986 37.2971992493 -999.999 3678
MKN 2023 08 21 11 00 00 1 5.8 62.95 0 661.5 9.55 -99.9 -99.9 -99.9 -9999.9 -9999.9 -0.0621999986 37.2971992493 -999.999 3678
MKN 2023 08 21 12 00 00 354 4.9 64.7 0 661 9.33 -99.9 -99.9 -99.9 -9999.9 -9999.9 -0.0621999986 37.2971992493 -999.999 3678
MKN 2023 08 21 13 00 00 4 5.7 68.42 0 660.5 8.97 -99.9 -99.9 -99.9 -9999.9 -9999.9 -0.0621999986 37.2971992493 -999.999 3678
MKN 2023 08 21 14 00 00 352 3.2 68.43 0 660.4 9.32 -99.9 -99.9 -99.9 -9999.9 -9999.9 -0.0621999986 37.2971992493 -999.999 3678
MKN 2023 08 21 15 00 00 352 2.6 77.5 0 660.3 7.78 -99.9 -99.9 -99.9 -9999.9 -9999.9 -0.0621999986 37.2971992493 -999.999 3678
MKN 2023 08 21 16 00 00 351 2.1 94.12 0 660.3 6.58 -99.9 -99.9 -99.9 -9999.9 -9999.9 -0.0621999986 37.2971992493 -999.999 3678
MKN 2023 08 21 17 00 00 143 1.4 82.02 0 660.6 6.67 -99.9 -99.9 -99.9 -9999.9 -9999.9 -0.0621999986 37.2971992493 -999.999 3678
MKN 2023 08 21 18 00 00 238 1.4 76.38 0 660.6 6.82 -99.9 -99.9 -99.9 -9999.9 -9999.9 -0.0621999986 37.2971992493 -999.999 3678
MKN 2023 08 21 19 00 00 167 1.5 76.05 0 661.2 6.8 -99.9 -99.9 -99.9 -9999.9 -9999.9 -0.0621999986 37.2971992493 -999.999 3678
MKN 2023 08 21 20 00 00 119 1.3 75.25 0 661.6 6.68 -99.9 -99.9 -99.9 -9999.9 -9999.9 -0.0621999986 37.2971992493 -999.999 3678
MKN 2023 08 21 21 00 00 190 2.8 78.3 0 661.5 5.82 -99.9 -99.9 -99.9 -9999.9 -9999.9 -0.0621999986 37.2971992493 -999.999 3678
MKN 2023 08 21 22 00 00 207 3 80.63 0 661.1 5.22 -99.9 -99.9 -99.9 -9999.9 -9999.9 -0.0621999986 37.2971992493 -999.999 3678
MKN 2023 08 21 23 00 00 195 3.8 84.02 0 660.6 4.97 -99.9 -99.9 -99.9 -9999.9 -9999.9 -0.0621999986 37.2971992493 -999.999 3678
MKN 2023 08 22 00 00 00 202 3.4 82.88 0 660.3 5.28 -99.9 -99.9 -99.9 -9999.9 -9999.9 -0.0621999986 37.2971992493 -999.999 3678
MKN 2023 08 22 01 00 00 198 3.6 80.32 0 660.1 6.2 -99.9 -99.9 -99.9 -9999.9 -9999.9 -0.0621999986 37.2971992493 -999.999 3678
MKN 2023 08 22 02 00 00 198 2.2 83.13 0 660.3 5.67 -99.9 -99.9 -99.9 -9999.9 -9999.9 -0.0621999986 37.2971992493 -999.999 3678
MKN 2023 08 22 03 00 00 221 1.9 86.73 0 660.6 5.47 -99.9 -99.9 -99.9 -9999.9 -9999.9 -0.0621999986 37.2971992493 -999.999 3678
MKN 2023 08 22 04 00 00 225 1.5 81.82 0 661.1 6.9 -99.9 -99.9 -99.9 -9999.9 -9999.9 -0.0621999986 37.2971992493 -999.999 3678
MKN 2023 08 22 05 00 00 270 1.2 77.08 0 661.7 7.72 -99.9 -99.9 -99.9 -9999.9 -9999.9 -0.0621999986 37.2971992493 -999.999 3678
MKN 2023 08 22 06 00 00 298 2.2 75.73 0 662.1 7.73 -99.9 -99.9 -99.9 -9999.9 -9999.9 -0.0621999986 37.2971992493 -999.999 3678
MKN 2023 08 22 07 00 00 301 2.9 80.8 0 662.5 8.27 -99.9 -99.9 -99.9 -9999.9 -9999.9 -0.0621999986 37.2971992493 -999.999 3678
MKN 2023 08 22 08 00 00 309 3.9 89.55 0 662.6 8.62 -99.9 -99.9 -99.9 -9999.9 -9999.9 -0.0621999986 37.2971992493 -999.999 3678
MKN 2023 08 22 09 00 00 318 4.2 75.83 0 662.6 9.83 -99.9 -99.9 -99.9 -9999.9 -9999.9 -0.0621999986 37.2971992493 -999.999 3678
MKN 2023 08 22 10 00 00 316 4 85.08 0 662.2 8.75 -99.9 -99.9 -99.9 -9999.9 -9999.9 -0.0621999986 37.2971992493 -999.999 3678
MKN 2023 08 22 11 00 00 347 3.5 85.4 0 661.7 9.27 -99.9 -99.9 -99.9 -9999.9 -9999.9 -0.0621999986 37.2971992493 -999.999 3678
MKN 2023 08 22 12 00 00 337 4.3 97.25 0 661.4 7.78 -99.9 -99.9 -99.9 -9999.9 -9999.9 -0.0621999986 37.2971992493 -999.999 3678
MKN 2023 08 22 13 00 00 357 4.3 97.7 0 661.1 7.73 -99.9 -99.9 -99.9 -9999.9 -9999.9 -0.0621999986 37.2971992493 -999.999 3678
MKN 2023 08 22 14 00 00 321 4.4 95.23 0 661 7.43 -99.9 -99.9 -99.9 -9999.9 -9999.9 -0.0621999986 37.2971992493 -999.999 3678
MKN 2023 08 22 15 00 00 332 3.8 99.22 0 661 6.73 -99.9 -99.9 -99.9 -9999.9 -9999.9 -0.0621999986 37.2971992493 -999.999 3678
MKN 2023 08 22 16 00 00 291 3.6 99.28 0 661.1 5.98 -99.9 -99.9 -99.9 -9999.9 -9999.9 -0.0621999986 37.2971992493 -999.999 3678
MKN 2023 08 22 17 00 00 247 2.7 99.3 0 661.1 5.58 -99.9 -99.9 -99.9 -9999.9 -9999.9 -0.0621999986 37.2971992493 -999.999 3678
MKN 2023 08 22 18 00 00 252 1.6 99.27 0 661.2 4.87 -99.9 -99.9 -99.9 -9999.9 -9999.9 -0.0621999986 37.2971992493 -999.999 3678
MKN 2023 08 22 19 00 00 208 1.7 99.28 0 661.4 4.3 -99.9 -99.9 -99.9 -9999.9 -9999.9 -0.0621999986 37.2971992493 -999.999 3678
MKN 2023 08 22 20 00 00 214 1.6 88.77 0 661.4 3.78 -99.9 -99.9 -99.9 -9999.9 -9999.9 -0.0621999986 37.2971992493 -999.999 3678
MKN 2023 08 22 21 00 00 221 4.1 76.67 0 661.3 4.23 -99.9 -99.9 -99.9 -9999.9 -9999.9 -0.0621999986 37.2971992493 -999.999 3678
MKN 2023 08 22 22 00 00 207 3.2 59.38 0 661 3.4 -99.9 -99.9 -99.9 -9999.9 -9999.9 -0.0621999986 37.2971992493 -999.999 3678
MKN 2023 08 22 23 00 00 142 8 61.92 0 660.5 4.58 -99.9 -99.9 -99.9 -9999.9 -9999.9 -0.0621999986 37.2971992493 -999.999 3678
MKN 2023 08 23 00 00 00 148 9.5 59.4 0 660.1 4.63 -99.9 -99.9 -99.9 -9999.9 -9999.9 -0.0621999986 37.2971992493 -999.999 3678
MKN 2023 08 23 01 00 00 142 8.3 49.42 0 660.1 4.13 -99.9 -99.9 -99.9 -9999.9 -9999.9 -0.0621999986 37.2971992493 -999.999 3678
MKN 2023 08 23 02 00 00 175 2.4 44.93 0 660.2 4.92 -99.9 -99.9 -99.9 -9999.9 -9999.9 -0.0621999986 37.2971992493 -999.999 3678
MKN 2023 08 23 03 00 00 225 1.5 50.3 0 660.6 4.43 -99.9 -99.9 -99.9 -9999.9 -9999.9 -0.0621999986 37.2971992493 -999.999 3678
MKN 2023 08 23 04 00 00 236 1.5 46.88 0 660.8 7.08 -99.9 -99.9 -99.9 -9999.9 -9999.9 -0.0621999986 37.2971992493 -999.999 3678
MKN 2023 08 23 05 00 00 0 1 56.07 0 661.2 8.33 -99.9 -99.9 -99.9 -9999.9 -9999.9 -0.0621999986 37.2971992493 -999.999 3678
MKN 2023 08 23 06 00 00 296 2.8 66.03 0 661.6 8.72 -99.9 -99.9 -99.9 -9999.9 -9999.9 -0.0621999986 37.2971992493 -999.999 3678
MKN 2023 08 23 07 00 00 298 3 79.77 0 662 8.2 -99.9 -99.9 -99.9 -9999.9 -9999.9 -0.0621999986 37.2971992493 -999.999 3678
MKN 2023 08 23 08 00 00 319 2.9 74.23 0 662.4 9.63 -99.9 -99.9 -99.9 -9999.9 -9999.9 -0.0621999986 37.2971992493 -999.999 3678
MKN 2023 08 23 09 00 00 356 4.8 82.18 0 662.1 8.4 -99.9 -99.9 -99.9 -9999.9 -9999.9 -0.0621999986 37.2971992493 -999.999 3678
MKN 2023 08 23 10 00 00 7 5.7 89.38 0 661.8 7.47 -99.9 -99.9 -99.9 -9999.9 -9999.9 -0.0621999986 37.2971992493 -999.999 3678
MKN 2023 08 23 11 00 00 351 5 84.83 0 661.4 8.08 -99.9 -99.9 -99.9 -9999.9 -9999.9 -0.0621999986 37.2971992493 -999.999 3678
MKN 2023 08 23 12 00 00 2 3.9 83.95 0 660.9 8.47 -99.9 -99.9 -99.9 -9999.9 -9999.9 -0.0621999986 37.2971992493 -999.999 3678
MKN 2023 08 23 13 00 00 294 5.4 83.68 0 660.7 8.37 -99.9 -99.9 -99.9 -9999.9 -9999.9 -0.0621999986 37.2971992493 -999.999 3678
MKN 2023 08 23 14 00 00 290 5.1 86.95 0 660.7 7.65 -99.9 -99.9 -99.9 -9999.9 -9999.9 -0.0621999986 37.2971992493 -999.999 3678
MKN 2023 08 23 15 00 00 278 3.5 92.75 0 660.9 6.88 -99.9 -99.9 -99.9 -9999.9 -9999.9 -0.0621999986 37.2971992493 -999.999 3678
MKN 2023 08 23 16 00 00 275 2.2 97.42 0 660.9 5.77 -99.9 -99.9 -99.9 -9999.9 -9999.9 -0.0621999986 37.2971992493 -999.999 3678
MKN 2023 08 23 17 00 00 218 1.7 96.18 0 661 4.32 -99.9 -99.9 -99.9 -9999.9 -9999.9 -0.0621999986 37.2971992493 -999.999 3678
MKN 2023 08 23 18 00 00 203 1.4 82.7 0 660.9 3.58 -99.9 -99.9 -99.9 -9999.9 -9999.9 -0.0621999986 37.2971992493 -999.999 3678
MKN 2023 08 23 19 00 00 207 2.6 70.63 0 661.1 4.45 -99.9 -99.9 -99.9 -9999.9 -9999.9 -0.0621999986 37.2971992493 -999.999 3678
MKN 2023 08 23 20 00 00 211 2 -99.9 0 661.4 4.25 -99.9 -99.9 -99.9 -9999.9 -9999.9 -0.0621999986 37.2971992493 -999.999 3678
MKN 2023 08 23 21 00 00 -99.9 2.4 56.37 -99.9 661.2 4.47 -99.9 -99.9 -99.9 -9999.9 -9999.9 -0.0621999986 37.2971992493 -999.999 3678
MKN 2023 08 23 22 00 00 101 2.5 61.68 0 660.9 3.78 -99.9 -99.9 -99.9 -9999.9 -9999.9 -0.0621999986 37.2971992493 -999.999 3678
MKN 2023 08 23 23 00 00 106 2.7 69.53 0 660.6 3.67 -99.9 -99.9 -99.9 -9999.9 -9999.9 -0.0621999986 37.2971992493 -999.999 3678
MKN 2023 08 24 00 00 00 109 3.1 74.07 0 660.3 2.7 -99.9 -99.9 -99.9 -9999.9 -9999.9 -0.0621999986 37.2971992493 -999.999 3678
MKN 2023 08 24 01 00 00 126 3.7 69.08 0 660.1 2.62 -99.9 -99.9 -99.9 -9999.9 -9999.9 -0.0621999986 37.2971992493 -999.999 3678
MKN 2023 08 24 02 00 00 139 1.9 69.07 0 660.2 2.3 -99.9 -99.9 -99.9 -9999.9 -9999.9 -0.0621999986 37.2971992493 -999.999 3678
MKN 2023 08 24 03 00 00 131 1.9 66.45 0 660.5 2.27 -99.9 -99.9 -99.9 -9999.9 -9999.9 -0.0621999986 37.2971992493 -999.999 3678
MKN 2023 08 24 04 00 00 155 1.5 52.17 0 660.8 6.72 -99.9 -99.9 -99.9 -9999.9 -9999.9 -0.0621999986 37.2971992493 -999.999 3678
MKN 2023 08 24 05 00 00 70 1.8 42.88 0 661.4 10.02 -99.9 -99.9 -99.9 -9999.9 -9999.9 -0.0621999986 37.2971992493 -999.999 3678
MKN 2023 08 24 06 00 00 45 3.4 51.52 0 661.8 10.83 -99.9 -99.9 -99.9 -9999.9 -9999.9 -0.0621999986 37.2971992493 -999.999 3678
MKN 2023 08 24 07 00 00 14 5 60.9 0 662.1 11.57 -99.9 -99.9 -99.9 -9999.9 -9999.9 -0.0621999986 37.2971992493 -999.999 3678
MKN 2023 08 24 08 00 00 10 5.8 61.8 0 662.1 12.22 -99.9 -99.9 -99.9 -9999.9 -9999.9 -0.0621999986 37.2971992493 -999.999 3678
MKN 2023 08 24 09 00 00 15 6.5 -99.9 0 662.2 11.5 -99.9 -99.9 -99.9 -9999.9 -9999.9 -0.0621999986 37.2971992493 -999.999 3678
MKN 2023 08 24 10 00 00 -99.9 5.1 78.65 -99.9 661.8 9.95 -99.9 -99.9 -99.9 -9999.9 -9999.9 -0.0621999986 37.2971992493 -999.999 3678
MKN 2023 08 24 11 00 00 351 5 85.9 0 661.2 9.1 -99.9 -99.9 -99.9 -9999.9 -9999.9 -0.0621999986 37.2971992493 -999.999 3678
MKN 2023 08 24 12 00 00 330 4.5 73.62 0 661 10 -99.9 -99.9 -99.9 -9999.9 -9999.9 -0.0621999986 37.2971992493 -999.999 3678
MKN 2023 08 24 13 00 00 336 5.2 73.32 0 660.9 9.37 -99.9 -99.9 -99.9 -9999.9 -9999.9 -0.0621999986 37.2971992493 -999.999 3678
MKN 2023 08 24 14 00 00 332 4.9 74.2 0 661 9.18 -99.9 -99.9 -99.9 -9999.9 -9999.9 -0.0621999986 37.2971992493 -999.999 3678
MKN 2023 08 24 15 00 00 334 2.8 85.72 0 660.9 7.02 -99.9 -99.9 -99.9 -9999.9 -9999.9 -0.0621999986 37.2971992493 -999.999 3678
MKN 2023 08 24 16 00 00 321 1.8 88 0 660.8 3.93 -99.9 -99.9 -99.9 -9999.9 -9999.9 -0.0621999986 37.2971992493 -999.999 3678
MKN 2023 08 24 17 00 00 160 1.8 57.7 0 660.8 3.77 -99.9 -99.9 -99.9 -9999.9 -9999.9 -0.0621999986 37.2971992493 -999.999 3678
MKN 2023 08 24 18 00 00 129 2.9 46.92 0 661 3.67 -99.9 -99.9 -99.9 -9999.9 -9999.9 -0.0621999986 37.2971992493 -999.999 3678
MKN 2023 08 24 19 00 00 124 3.7 40.27 0 661 4.43 -99.9 -99.9 -99.9 -9999.9 -9999.9 -0.0621999986 37.2971992493 -999.999 3678
MKN 2023 08 24 20 00 00 114 4.6 39.23 0 661.1 5.27 -99.9 -99.9 -99.9 -9999.9 -9999.9 -0.0621999986 37.2971992493 -999.999 3678
MKN 2023 08 24 21 00 00 117 5.5 36.58 0 660.9 5.42 -99.9 -99.9 -99.9 -9999.9 -9999.9 -0.0621999986 37.2971992493 -999.999 3678
MKN 2023 08 24 22 00 00 119 6.4 36.75 0 660.5 5.32 -99.9 -99.9 -99.9 -9999.9 -9999.9 -0.0621999986 37.2971992493 -999.999 3678
MKN 2023 08 24 23 00 00 130 7.7 32.9 0 660 5.8 -99.9 -99.9 -99.9 -9999.9 -9999.9 -0.0621999986 37.2971992493 -999.999 3678
MKN 2023 08 25 00 00 00 140 8.4 30.8 0 659.6 5.92 -99.9 -99.9 -99.9 -9999.9 -9999.9 -0.0621999986 37.2971992493 -999.999 3678
MKN 2023 08 25 01 00 00 139 6.8 31.84 0 659.6 6.17 -99.9 -99.9 -99.9 -9999.9 -9999.9 -0.0621999986 37.2971992493 -999.999 3678
MKN 2023 08 25 02 00 00 117 5.9 30 0 659.9 5.53 -99.9 -99.9 -99.9 -9999.9 -9999.9 -0.0621999986 37.2971992493 -999.999 3678
MKN 2023 08 25 03 00 00 117 6.1 32.23 0 660.3 4.13 -99.9 -99.9 -99.9 -9999.9 -9999.9 -0.0621999986 37.2971992493 -999.999 3678
MKN 2023 08 25 04 00 00 129 6 29.83 0 660.7 7.77 -99.9 -99.9 -99.9 -9999.9 -9999.9 -0.0621999986 37.2971992493 -999.999 3678
MKN 2023 08 25 05 00 00 118 5.6 25.6 0 661.3 10.58 -99.9 -99.9 -99.9 -9999.9 -9999.9 -0.0621999986 37.2971992493 -999.999 3678
MKN 2023 08 25 06 00 00 75 6.8 31.85 0 661.9 11.63 -99.9 -99.9 -99.9 -9999.9 -9999.9 -0.0621999986 37.2971992493 -999.999 3678
MKN 2023 08 25 07 00 00 47 6.8 48.53 0 662.4 11.43 -99.9 -99.9 -99.9 -9999.9 -9999.9 -0.0621999986 37.2971992493 -999.999 3678
MKN 2023 08 25 08 00 00 23 6.3 53.42 0 662.3 11.48 -99.9 -99.9 -99.9 -9999.9 -9999.9 -0.0621999986 37.2971992493 -999.999 3678
MKN 2023 08 25 09 00 00 10 4.2 52.7 0 662 11.52 -99.9 -99.9 -99.9 -9999.9 -9999.9 -0.0621999986 37.2971992493 -999.999 3678
MKN 2023 08 25 10 00 00 27 4.5 53.1 0 661.5 10.8 -99.9 -99.9 -99.9 -9999.9 -9999.9 -0.0621999986 37.2971992493 -999.999 3678
MKN 2023 08 25 11 00 00 328 4.8 56.63 0 661.1 10.48 -99.9 -99.9 -99.9 -9999.9 -9999.9 -0.0621999986 37.2971992493 -999.999 3678
MKN 2023 08 25 12 00 00 335 5 67.82 0 660.9 9.33 -99.9 -99.9 -99.9 -9999.9 -9999.9 -0.0621999986 37.2971992493 -999.999 3678
MKN 2023 08 25 13 00 00 329 4.4 73.98 0 660.6 8.62 -99.9 -99.9 -99.9 -9999.9 -9999.9 -0.0621999986 37.2971992493 -999.999 3678
MKN 2023 08 25 14 00 00 321 4.7 77.52 0 660.6 8.4 -99.9 -99.9 -99.9 -9999.9 -9999.9 -0.0621999986 37.2971992493 -999.999 3678
MKN 2023 08 25 15 00 00 293 5.8 80.95 0 660.7 7.23 -99.9 -99.9 -99.9 -9999.9 -9999.9 -0.0621999986 37.2971992493 -999.999 3678
MKN 2023 08 25 16 00 00 292 3.7 91.35 0 660.8 4.3 -99.9 -99.9 -99.9 -9999.9 -9999.9 -0.0621999986 37.2971992493 -999.999 3678
MKN 2023 08 25 17 00 00 209 2.4 88.3 0 660.7 3.58 -99.9 -99.9 -99.9 -9999.9 -9999.9 -0.0621999986 37.2971992493 -999.999 3678
MKN 2023 08 25 18 00 00 197 2.2 71.95 0 660.7 4.62 -99.9 -99.9 -99.9 -9999.9 -9999.9 -0.0621999986 37.2971992493 -999.999 3678
MKN 2023 08 25 19 00 00 197 5.2 69.8 0 660.8 4.9 -99.9 -99.9 -99.9 -9999.9 -9999.9 -0.0621999986 37.2971992493 -999.999 3678
MKN 2023 08 25 22 00 00 -99.9 -99.9 64.77 -99.9 -999.9 4.37 -99.9 -99.9 -99.9 -9999.9 -9999.9 -0.0621999986 37.2971992493 -999.999 3678
MKN 2023 08 25 23 00 00 199 5.8 53.83 0 659.7 4.08 -99.9 -99.9 -99.9 -9999.9 -9999.9 -0.0621999986 37.2971992493 -999.999 3678
MKN 2023 08 26 00 00 00 196 4 -99.9 0 659.4 -99.9 -99.9 -99.9 -99.9 -9999.9 -9999.9 -0.0621999986 37.2971992493 -999.999 3678
MKN 2023 08 26 04 00 00 -99.9 -99.9 27.4 -99.9 -999.9 4.3 -99.9 -99.9 -99.9 -9999.9 -9999.9 -0.0621999986 37.2971992493 -999.999 3678
MKN 2023 08 26 06 00 00 -99.9 -99.9 61.18 -99.9 -999.9 8.53 -99.9 -99.9 -99.9 -9999.9 -9999.9 -0.0621999986 37.2971992493 -999.999 3678
MKN 2023 08 26 07 00 00 293 3.3 60.2 0 662.5 9.82 -99.9 -99.9 -99.9 -9999.9 -9999.9 -0.0621999986 37.2971992493 -999.999 3678
MKN 2023 08 26 08 00 00 300 5 55.48 0 662.8 11.42 -99.9 -99.9 -99.9 -9999.9 -9999.9 -0.0621999986 37.2971992493 -999.999 3678
MKN 2023 08 26 09 00 00 320 5.3 62.08 0 662.7 10.17 -99.9 -99.9 -99.9 -9999.9 -9999.9 -0.0621999986 37.2971992493 -999.999 3678
MKN 2023 08 26 10 00 00 328 4.8 56.43 0 662.3 11.37 -99.9 -99.9 -99.9 -9999.9 -9999.9 -0.0621999986 37.2971992493 -999.999 3678
MKN 2023 08 26 11 00 00 337 6.4 55.33 0 661.9 11.07 -99.9 -99.9 -99.9 -9999.9 -9999.9 -0.0621999986 37.2971992493 -999.999 3678
MKN 2023 08 26 12 00 00 317 6.4 57.85 0 661.5 11.07 -99.9 -99.9 -99.9 -9999.9 -9999.9 -0.0621999986 37.2971992493 -999.999 3678
MKN 2023 08 26 13 00 00 312 5.7 66.6 0 661.4 9.3 -99.9 -99.9 -99.9 -9999.9 -9999.9 -0.0621999986 37.2971992493 -999.999 3678
MKN 2023 08 26 14 00 00 -99.9 5.8 80.3 -99.9 661.4 8.7 -99.9 -99.9 -99.9 -9999.9 -9999.9 -0.0621999986 37.2971992493 -999.999 3678
MKN 2023 08 26 15 00 00 342 5.6 87.8 -99.9 661.6 7.82 -99.9 -99.9 -99.9 -9999.9 -9999.9 -0.0621999986 37.2971992493 -999.999 3678
MKN 2023 08 26 16 00 00 330 5.2 97.88 0 661.9 6.1 -99.9 -99.9 -99.9 -9999.9 -9999.9 -0.0621999986 37.2971992493 -999.999 3678
MKN 2023 08 26 17 00 00 277 2 93.67 0 662.2 4.42 -99.9 -99.9 -99.9 -9999.9 -9999.9 -0.0621999986 37.2971992493 -999.999 3678
MKN 2023 08 26 18 00 00 238 3.4 86.92 0 662.1 3.82 -99.9 -99.9 -99.9 -9999.9 -9999.9 -0.0621999986 37.2971992493 -999.999 3678
MKN 2023 08 26 19 00 00 248 2.7 84.03 0 662.2 4.63 -99.9 -99.9 -99.9 -9999.9 -9999.9 -0.0621999986 37.2971992493 -999.999 3678
MKN 2023 08 26 20 00 00 226 5 81.2 0 662.2 5.02 -99.9 -99.9 -99.9 -9999.9 -9999.9 -0.0621999986 37.2971992493 -999.999 3678
MKN 2023 08 26 21 00 00 213 5.3 83.43 0 662.1 4.62 -99.9 -99.9 -99.9 -9999.9 -9999.9 -0.0621999986 37.2971992493 -999.999 3678
MKN 2023 08 26 22 00 00 205 4.7 84.55 0 661.6 4.38 -99.9 -99.9 -99.9 -9999.9 -9999.9 -0.0621999986 37.2971992493 -999.999 3678
MKN 2023 08 26 23 00 00 200 4.6 81.78 0 661.3 4.32 -99.9 -99.9 -99.9 -9999.9 -9999.9 -0.0621999986 37.2971992493 -999.999 3678
MKN 2023 08 27 00 00 00 207 4 74.57 0 661.1 4.08 -99.9 -99.9 -99.9 -9999.9 -9999.9 -0.0621999986 37.2971992493 -999.999 3678
MKN 2023 08 27 01 00 00 227 2.5 82.37 0 661.2 3.43 -99.9 -99.9 -99.9 -9999.9 -9999.9 -0.0621999986 37.2971992493 -999.999 3678
MKN 2023 08 27 02 00 00 223 2.1 88.37 0 661.5 2.9 -99.9 -99.9 -99.9 -9999.9 -9999.9 -0.0621999986 37.2971992493 -999.999 3678
MKN 2023 08 27 03 00 00 200 3.2 88.83 0 661.6 2.78 -99.9 -99.9 -99.9 -9999.9 -9999.9 -0.0621999986 37.2971992493 -999.999 3678
MKN 2023 08 27 04 00 00 206 2.6 83.55 0 662.1 5.17 -99.9 -99.9 -99.9 -9999.9 -9999.9 -0.0621999986 37.2971992493 -999.999 3678
MKN 2023 08 27 05 00 00 217 2.5 76.22 0 662.7 7.3 -99.9 -99.9 -99.9 -9999.9 -9999.9 -0.0621999986 37.2971992493 -999.999 3678
MKN 2023 08 27 06 00 00 291 2.6 77.03 0 663.1 8.07 -99.9 -99.9 -99.9 -9999.9 -9999.9 -0.0621999986 37.2971992493 -999.999 3678
MKN 2023 08 27 07 00 00 281 4.3 75.07 0 663.6 8.6 -99.9 -99.9 -99.9 -9999.9 -9999.9 -0.0621999986 37.2971992493 -999.999 3678
MKN 2023 08 27 08 00 00 294 4.2 73.75 0 663.9 9.68 -99.9 -99.9 -99.9 -9999.9 -9999.9 -0.0621999986 37.2971992493 -999.999 3678
MKN 2023 08 27 09 00 00 324 4.6 74.63 0 663.8 9.4 -99.9 -99.9 -99.9 -9999.9 -9999.9 -0.0621999986 37.2971992493 -999.999 3678
MKN 2023 08 27 10 00 00 305 4.6 67.72 0 663.6 10.1 -99.9 -99.9 -99.9 -9999.9 -9999.9 -0.0621999986 37.2971992493 -999.999 3678
MKN 2023 08 27 11 00 00 316 3.8 62.37 0 663.2 11.83 -99.9 -99.9 -99.9 -9999.9 -9999.9 -0.0621999986 37.2971992493 -999.999 3678
MKN 2023 08 27 12 00 00 335 6.4 75.17 0 662.7 10.1 -99.9 -99.9 -99.9 -9999.9 -9999.9 -0.0621999986 37.2971992493 -999.999 3678
MKN 2023 08 27 13 00 00 7 5 77.03 0 662.4 9.23 -99.9 -99.9 -99.9 -9999.9 -9999.9 -0.0621999986 37.2971992493 -999.999 3678
MKN 2023 08 27 14 00 00 353 4.4 86.27 0 662.3 8.37 -99.9 -99.9 -99.9 -9999.9 -9999.9 -0.0621999986 37.2971992493 -999.999 3678
MKN 2023 08 27 15 00 00 336 5.3 94.42 0 662.4 7.38 -99.9 -99.9 -99.9 -9999.9 -9999.9 -0.0621999986 37.2971992493 -999.999 3678
MKN 2023 08 27 16 00 00 293 3.7 98.97 0 662.4 6.7 -99.9 -99.9 -99.9 -9999.9 -9999.9 -0.0621999986 37.2971992493 -999.999 3678
MKN 2023 08 27 17 00 00 274 2.9 99.25 0 662.6 5.68 -99.9 -99.9 -99.9 -9999.9 -9999.9 -0.0621999986 37.2971992493 -999.999 3678
MKN 2023 08 27 18 00 00 225 1.5 88.53 0 662.9 4.28 -99.9 -99.9 -99.9 -9999.9 -9999.9 -0.0621999986 37.2971992493 -999.999 3678
MKN 2023 08 27 19 00 00 228 3 71.53 0 663.1 5.22 -99.9 -99.9 -99.9 -9999.9 -9999.9 -0.0621999986 37.2971992493 -999.999 3678
MKN 2023 08 27 20 00 00 213 4.2 75.15 0 663.1 5.28 -99.9 -99.9 -99.9 -9999.9 -9999.9 -0.0621999986 37.2971992493 -999.999 3678
MKN 2023 08 27 21 00 00 209 3.9 78.18 0 663 4.9 -99.9 -99.9 -99.9 -9999.9 -9999.9 -0.0621999986 37.2971992493 -999.999 3678
MKN 2023 08 27 22 00 00 200 4.9 73.97 0 662.7 5.17 -99.9 -99.9 -99.9 -9999.9 -9999.9 -0.0621999986 37.2971992493 -999.999 3678
MKN 2023 08 27 23 00 00 207 3.4 73.6 0 662.5 4.87 -99.9 -99.9 -99.9 -9999.9 -9999.9 -0.0621999986 37.2971992493 -999.999 3678
MKN 2023 08 28 00 00 00 209 3.6 76.1 0 662.4 4.82 -99.9 -99.9 -99.9 -9999.9 -9999.9 -0.0621999986 37.2971992493 -999.999 3678
MKN 2023 08 28 01 00 00 238 3 84.2 0 662.5 4.45 -99.9 -99.9 -99.9 -9999.9 -9999.9 -0.0621999986 37.2971992493 -999.999 3678
MKN 2023 08 28 02 00 00 205 3.1 87.15 0 662.7 4.22 -99.9 -99.9 -99.9 -9999.9 -9999.9 -0.0621999986 37.2971992493 -999.999 3678
MKN 2023 08 28 03 00 00 197 4.3 81.35 0 662.8 4.55 -99.9 -99.9 -99.9 -9999.9 -9999.9 -0.0621999986 37.2971992493 -999.999 3678
MKN 2023 08 28 04 00 00 188 3.7 67.6 0 663.1 6.9 -99.9 -99.9 -99.9 -9999.9 -9999.9 -0.0621999986 37.2971992493 -999.999 3678
MKN 2023 08 28 05 00 00 197 1.6 68.52 0 663.5 8.6 -99.9 -99.9 -99.9 -9999.9 -9999.9 -0.0621999986 37.2971992493 -999.999 3678
MKN 2023 08 28 06 00 00 288 2.1 68.93 0 664.1 9.43 -99.9 -99.9 -99.9 -9999.9 -9999.9 -0.0621999986 37.2971992493 -999.999 3678
MKN 2023 08 28 07 00 00 305 3.8 82.17 0 664.3 10.2 -99.9 -99.9 -99.9 -9999.9 -9999.9 -0.0621999986 37.2971992493 -999.999 3678
MKN 2023 08 28 08 00 00 330 5.7 72.88 0 664.4 10.72 -99.9 -99.9 -99.9 -9999.9 -9999.9 -0.0621999986 37.2971992493 -999.999 3678
MKN 2023 08 28 09 00 00 349 3.9 67.25 0 664.4 11.23 -99.9 -99.9 -99.9 -9999.9 -9999.9 -0.0621999986 37.2971992493 -999.999 3678
MKN 2023 08 28 10 00 00 8 5 65.72 0 664.1 11.57 -99.9 -99.9 -99.9 -9999.9 -9999.9 -0.0621999986 37.2971992493 -999.999 3678
MKN 2023 08 28 11 00 00 23 7.2 90.7 0 663.3 8.3 -99.9 -99.9 -99.9 -9999.9 -9999.9 -0.0621999986 37.2971992493 -999.999 3678
MKN 2023 08 28 12 00 00 13 7 99.3 1.6 662.8 7.35 -99.9 -99.9 -99.9 -9999.9 -9999.9 -0.0621999986 37.2971992493 -999.999 3678
MKN 2023 08 28 13 00 00 23 5.9 99.3 3.1 662.4 7.13 -99.9 -99.9 -99.9 -9999.9 -9999.9 -0.0621999986 37.2971992493 -999.999 3678
MKN 2023 08 28 14 00 00 5 5.1 99.3 0.3 662.2 7.12 -99.9 -99.9 -99.9 -9999.9 -9999.9 -0.0621999986 37.2971992493 -999.999 3678
MKN 2023 08 28 15 00 00 33 4 89.78 0 662.6 5.7 -99.9 -99.9 -99.9 -9999.9 -9999.9 -0.0621999986 37.2971992493 -999.999 3678
MKN 2023 08 28 16 00 00 126 4.5 69 0 662.4 4.8 -99.9 -99.9 -99.9 -9999.9 -9999.9 -0.0621999986 37.2971992493 -999.999 3678
MKN 2023 08 28 17 00 00 120 4.8 69 0 662.4 3.45 -99.9 -99.9 -99.9 -9999.9 -9999.9 -0.0621999986 37.2971992493 -999.999 3678
MKN 2023 08 28 18 00 00 127 4.4 61.77 0 662.3 4.58 -99.9 -99.9 -99.9 -9999.9 -9999.9 -0.0621999986 37.2971992493 -999.999 3678
MKN 2023 08 28 19 00 00 115 4 62.77 0 662.6 4.15 -99.9 -99.9 -99.9 -9999.9 -9999.9 -0.0621999986 37.2971992493 -999.999 3678
MKN 2023 08 28 20 00 00 122 4 61.63 0 662.7 4.57 -99.9 -99.9 -99.9 -9999.9 -9999.9 -0.0621999986 37.2971992493 -999.999 3678
MKN 2023 08 28 21 00 00 122 5.8 56.65 0 662.6 5.75 -99.9 -99.9 -99.9 -9999.9 -9999.9 -0.0621999986 37.2971992493 -999.999 3678
MKN 2023 08 28 22 00 00 113 6.8 58.08 0 662.1 5.05 -99.9 -99.9 -99.9 -9999.9 -9999.9 -0.0621999986 37.2971992493 -999.999 3678
MKN 2023 08 28 23 00 00 106 5.6 57.8 0 661.5 5.47 -99.9 -99.9 -99.9 -9999.9 -9999.9 -0.0621999986 37.2971992493 -999.999 3678
MKN 2023 08 29 00 00 00 103 7.4 60.45 0 660.9 5.28 -99.9 -99.9 -99.9 -9999.9 -9999.9 -0.0621999986 37.2971992493 -999.999 3678
MKN 2023 08 29 01 00 00 108 5.7 64.58 0 660.9 4.43 -99.9 -99.9 -99.9 -9999.9 -9999.9 -0.0621999986 37.2971992493 -999.999 3678
MKN 2023 08 29 02 00 00 126 2.5 67.82 0 661.1 3.77 -99.9 -99.9 -99.9 -9999.9 -9999.9 -0.0621999986 37.2971992493 -999.999 3678
MKN 2023 08 29 03 00 00 128 1.3 69.93 0 661.4 3.72 -99.9 -99.9 -99.9 -9999.9 -9999.9 -0.0621999986 37.2971992493 -999.999 3678
MKN 2023 08 29 04 00 00 116 2.6 61.08 0 661.7 6.7 -99.9 -99.9 -99.9 -9999.9 -9999.9 -0.0621999986 37.2971992493 -999.999 3678
MKN 2023 08 29 05 00 00 111 2.3 61.63 0 662.2 8.47 -99.9 -99.9 -99.9 -9999.9 -9999.9 -0.0621999986 37.2971992493 -999.999 3678
MKN 2023 08 29 06 00 00 54 2.9 79.45 0 662.6 8.72 -99.9 -99.9 -99.9 -9999.9 -9999.9 -0.0621999986 37.2971992493 -999.999 3678
MKN 2023 08 29 07 00 00 4 3.6 89.88 0 663 8.03 -99.9 -99.9 -99.9 -9999.9 -9999.9 -0.0621999986 37.2971992493 -999.999 3678
MKN 2023 08 29 08 00 00 322 3.6 83.77 0 663.1 8.33 -99.9 -99.9 -99.9 -9999.9 -9999.9 -0.0621999986 37.2971992493 -999.999 3678
MKN 2023 08 29 09 00 00 350 3.9 84.12 0 663.3 8.8 -99.9 -99.9 -99.9 -9999.9 -9999.9 -0.0621999986 37.2971992493 -999.999 3678
MKN 2023 08 29 10 00 00 19 4.6 81.55 0 663 8.82 -99.9 -99.9 -99.9 -9999.9 -9999.9 -0.0621999986 37.2971992493 -999.999 3678
MKN 2023 08 29 11 00 00 20 4.8 90.45 0 662.5 8.08 -99.9 -99.9 -99.9 -9999.9 -9999.9 -0.0621999986 37.2971992493 -999.999 3678
MKN 2023 08 29 12 00 00 9 4.4 95.07 0 662.2 7.48 -99.9 -99.9 -99.9 -9999.9 -9999.9 -0.0621999986 37.2971992493 -999.999 3678
MKN 2023 08 29 13 00 00 32 4.6 99.3 1.4 662 6.85 -99.9 -99.9 -99.9 -9999.9 -9999.9 -0.0621999986 37.2971992493 -999.999 3678
MKN 2023 08 29 14 00 00 12 3.3 99.28 0 661.8 6.73 -99.9 -99.9 -99.9 -9999.9 -9999.9 -0.0621999986 37.2971992493 -999.999 3678
MKN 2023 08 29 15 00 00 92 3.1 98.1 0 661.8 6.35 -99.9 -99.9 -99.9 -9999.9 -9999.9 -0.0621999986 37.2971992493 -999.999 3678
MKN 2023 08 29 16 00 00 92 2.7 94.68 0 661.9 3.87 -99.9 -99.9 -99.9 -9999.9 -9999.9 -0.0621999986 37.2971992493 -999.999 3678
MKN 2023 08 29 17 00 00 145 3 78.65 0 661.9 5.02 -99.9 -99.9 -99.9 -9999.9 -9999.9 -0.0621999986 37.2971992493 -999.999 3678
MKN 2023 08 29 18 00 00 195 1.4 82.18 0 662.3 4.33 -99.9 -99.9 -99.9 -9999.9 -9999.9 -0.0621999986 37.2971992493 -999.999 3678
MKN 2023 08 29 19 00 00 157 1.2 88.92 0 662.6 4.6 -99.9 -99.9 -99.9 -9999.9 -9999.9 -0.0621999986 37.2971992493 -999.999 3678
MKN 2023 08 29 20 00 00 207 1 94.15 0 662.7 4.4 -99.9 -99.9 -99.9 -9999.9 -9999.9 -0.0621999986 37.2971992493 -999.999 3678
MKN 2023 08 29 21 00 00 187 2.7 87.83 0 662.4 5 -99.9 -99.9 -99.9 -9999.9 -9999.9 -0.0621999986 37.2971992493 -999.999 3678
MKN 2023 08 29 22 00 00 225 1.8 84.55 0 662.2 5.05 -99.9 -99.9 -99.9 -9999.9 -9999.9 -0.0621999986 37.2971992493 -999.999 3678
MKN 2023 08 29 23 00 00 210 2 91.58 0 661.9 4.37 -99.9 -99.9 -99.9 -9999.9 -9999.9 -0.0621999986 37.2971992493 -999.999 3678
MKN 2023 08 30 00 00 00 200 3.1 87.77 0 661.6 4.5 -99.9 -99.9 -99.9 -9999.9 -9999.9 -0.0621999986 37.2971992493 -999.999 3678
MKN 2023 08 30 01 00 00 215 2.7 84.57 0 661.3 4.53 -99.9 -99.9 -99.9 -9999.9 -9999.9 -0.0621999986 37.2971992493 -999.999 3678
MKN 2023 08 30 02 00 00 221 1.3 91.27 0 661.3 3.88 -99.9 -99.9 -99.9 -9999.9 -9999.9 -0.0621999986 37.2971992493 -999.999 3678
MKN 2023 08 30 03 00 00 240 1.5 96.28 0 661.5 3.53 -99.9 -99.9 -99.9 -9999.9 -9999.9 -0.0621999986 37.2971992493 -999.999 3678
MKN 2023 08 30 04 00 00 211 2.6 91.2 0 661.9 5.17 -99.9 -99.9 -99.9 -9999.9 -9999.9 -0.0621999986 37.2971992493 -999.999 3678
MKN 2023 08 30 05 00 00 153 1.7 82.95 0 662.5 7.08 -99.9 -99.9 -99.9 -9999.9 -9999.9 -0.0621999986 37.2971992493 -999.999 3678
MKN 2023 08 30 06 00 00 356 1.8 78.37 0 663 8.4 -99.9 -99.9 -99.9 -9999.9 -9999.9 -0.0621999986 37.2971992493 -999.999 3678
MKN 2023 08 30 07 00 00 327 2.8 86.77 0 663.2 8.37 -99.9 -99.9 -99.9 -9999.9 -9999.9 -0.0621999986 37.2971992493 -999.999 3678
MKN 2023 08 30 08 00 00 316 2.8 85.23 0 663.1 9.03 -99.9 -99.9 -99.9 -9999.9 -9999.9 -0.0621999986 37.2971992493 -999.999 3678
MKN 2023 08 30 09 00 00 326 4.4 87.72 0 663.1 8.5 -99.9 -99.9 -99.9 -9999.9 -9999.9 -0.0621999986 37.2971992493 -999.999 3678
MKN 2023 08 30 10 00 00 357 4.2 83.9 0 662.7 8.9 -99.9 -99.9 -99.9 -9999.9 -9999.9 -0.0621999986 37.2971992493 -999.999 3678
MKN 2023 08 30 11 00 00 359 4.4 90.7 0 662.3 8.65 -99.9 -99.9 -99.9 -9999.9 -9999.9 -0.0621999986 37.2971992493 -999.999 3678
MKN 2023 08 30 12 00 00 6 5 96.03 0 661.8 8.2 -99.9 -99.9 -99.9 -9999.9 -9999.9 -0.0621999986 37.2971992493 -999.999 3678
MKN 2023 08 30 13 00 00 342 4.5 93.33 0 661.5 8.48 -99.9 -99.9 -99.9 -9999.9 -9999.9 -0.0621999986 37.2971992493 -999.999 3678
MKN 2023 08 30 14 00 00 348 4.4 97.12 0 661.4 7.95 -99.9 -99.9 -99.9 -9999.9 -9999.9 -0.0621999986 37.2971992493 -999.999 3678
MKN 2023 08 30 15 00 00 0 2.1 99.25 0 661.5 6.7 -99.9 -99.9 -99.9 -9999.9 -9999.9 -0.0621999986 37.2971992493 -999.999 3678
MKN 2023 08 30 16 00 00 238 1.1 97.2 0 661.7 5.2 -99.9 -99.9 -99.9 -9999.9 -9999.9 -0.0621999986 37.2971992493 -999.999 3678
MKN 2023 08 30 17 00 00 221 2.2 96.42 0 661.9 4.53 -99.9 -99.9 -99.9 -9999.9 -9999.9 -0.0621999986 37.2971992493 -999.999 3678
MKN 2023 08 30 18 00 00 232 1.4 98.75 0 662.4 4 -99.9 -99.9 -99.9 -9999.9 -9999.9 -0.0621999986 37.2971992493 -999.999 3678
MKN 2023 08 30 19 00 00 249 2.1 94.8 0 662.7 3.83 -99.9 -99.9 -99.9 -9999.9 -9999.9 -0.0621999986 37.2971992493 -999.999 3678
MKN 2023 08 30 20 00 00 227 2.6 88.73 0 662.8 3.52 -99.9 -99.9 -99.9 -9999.9 -9999.9 -0.0621999986 37.2971992493 -999.999 3678
MKN 2023 08 30 21 00 00 215 3.3 86.58 0 662.8 3.58 -99.9 -99.9 -99.9 -9999.9 -9999.9 -0.0621999986 37.2971992493 -999.999 3678
MKN 2023 08 30 22 00 00 209 2.6 85.43 0 662.5 3.63 -99.9 -99.9 -99.9 -9999.9 -9999.9 -0.0621999986 37.2971992493 -999.999 3678
MKN 2023 08 30 23 00 00 197 2.6 93.68 0 661.9 2.92 -99.9 -99.9 -99.9 -9999.9 -9999.9 -0.0621999986 37.2971992493 -999.999 3678
MKN 2023 08 31 00 00 00 203 2.3 99.3 0 661.6 2.37 -99.9 -99.9 -99.9 -9999.9 -9999.9 -0.0621999986 37.2971992493 -999.999 3678
MKN 2023 08 31 01 00 00 250 1.6 99.28 0 661.4 2.47 -99.9 -99.9 -99.9 -9999.9 -9999.9 -0.0621999986 37.2971992493 -999.999 3678
MKN 2023 08 31 02 00 00 186 2.9 88.52 0 661.4 2.83 -99.9 -99.9 -99.9 -9999.9 -9999.9 -0.0621999986 37.2971992493 -999.999 3678
MKN 2023 08 31 03 00 00 191 1.3 80.47 0 661.6 3.32 -99.9 -99.9 -99.9 -9999.9 -9999.9 -0.0621999986 37.2971992493 -999.999 3678
MKN 2023 08 31 04 00 00 158 2 73.77 0 661.8 5.88 -99.9 -99.9 -99.9 -9999.9 -9999.9 -0.0621999986 37.2971992493 -999.999 3678
MKN 2023 08 31 05 00 00 108 1.5 76.85 0 662.4 7.37 -99.9 -99.9 -99.9 -9999.9 -9999.9 -0.0621999986 37.2971992493 -999.999 3678
MKN 2023 08 31 06 00 00 4 1.7 78.53 0 663.1 7.55 -99.9 -99.9 -99.9 -9999.9 -9999.9 -0.0621999986 37.2971992493 -999.999 3678
MKN 2023 08 31 07 00 00 344 2.7 73.57 0 663.5 9.18 -99.9 -99.9 -99.9 -9999.9 -9999.9 -0.0621999986 37.2971992493 -999.999 3678
MKN 2023 08 31 08 00 00 13 4.2 74.98 0 663.6 8.82 -99.9 -99.9 -99.9 -9999.9 -9999.9 -0.0621999986 37.2971992493 -999.999 3678
MKN 2023 08 31 09 00 00 357 4.3 72.07 0 663.5 9.55 -99.9 -99.9 -99.9 -9999.9 -9999.9 -0.0621999986 37.2971992493 -999.999 3678
MKN 2023 08 31 10 00 00 358 5.1 82.67 0 663.1 8.67 -99.9 -99.9 -99.9 -9999.9 -9999.9 -0.0621999986 37.2971992493 -999.999 3678
MKN 2023 08 31 11 00 00 347 5.4 86.28 0 662.7 8.32 -99.9 -99.9 -99.9 -9999.9 -9999.9 -0.0621999986 37.2971992493 -999.999 3678
MKN 2023 08 31 12 00 00 0 5.6 81.5 0 662.4 8.95 -99.9 -99.9 -99.9 -9999.9 -9999.9 -0.0621999986 37.2971992493 -999.999 3678
MKN 2023 08 31 13 00 00 0 5.8 95.45 0 662.1 7.7 -99.9 -99.9 -99.9 -9999.9 -9999.9 -0.0621999986 37.2971992493 -999.999 3678
MKN 2023 08 31 14 00 00 10 5.5 87.82 0 661.9 8.25 -99.9 -99.9 -99.9 -9999.9 -9999.9 -0.0621999986 37.2971992493 -999.999 3678
MKN 2023 08 31 15 00 00 354 3.8 97.05 0 661.9 5.98 -99.9 -99.9 -99.9 -9999.9 -9999.9 -0.0621999986 37.2971992493 -999.999 3678
MKN 2023 08 31 16 00 00 284 1.6 92.83 0 662 4.65 -99.9 -99.9 -99.9 -9999.9 -9999.9 -0.0621999986 37.2971992493 -999.999 3678
MKN 2023 08 31 17 00 00 262 1.8 97.2 0 662.2 5.38 -99.9 -99.9 -99.9 -9999.9 -9999.9 -0.0621999986 37.2971992493 -999.999 3678
MKN 2023 08 31 18 00 00 260 2.3 97.22 0 662.5 5.13 -99.9 -99.9 -99.9 -9999.9 -9999.9 -0.0621999986 37.2971992493 -999.999 3678
MKN 2023 08 31 19 00 00 234 2.8 98.78 0 662.7 4.82 -99.9 -99.9 -99.9 -9999.9 -9999.9 -0.0621999986 37.2971992493 -999.999 3678
MKN 2023 08 31 20 00 00 256 3.1 98.83 0 663.1 5.35 -99.9 -99.9 -99.9 -9999.9 -9999.9 -0.0621999986 37.2971992493 -999.999 3678
MKN 2023 08 31 21 00 00 243 4.4 98.77 0 662.9 5.27 -99.9 -99.9 -99.9 -9999.9 -9999.9 -0.0621999986 37.2971992493 -999.999 3678
MKN 2023 08 31 22 00 00 267 3.5 99.3 0 662.6 5.2 -99.9 -99.9 -99.9 -9999.9 -9999.9 -0.0621999986 37.2971992493 -999.999 3678
MKN 2023 08 31 23 00 00 267 4.5 99.3 0 662.2 4.67 -99.9 -99.9 -99.9 -9999.9 -9999.9 -0.0621999986 37.2971992493 -999.999 3678
MKN 2023 09 01 00 00 00 249 5 96.42 0 661.9 4.27 -99.9 -99.9 -99.9 -9999.9 -9999.9 -0.0621999986 37.2971992493 -999.999 3678
MKN 2023 09 01 01 00 00 239 5 91.38 0 661.8 3.9 -99.9 -99.9 -99.9 -9999.9 -9999.9 -0.0621999986 37.2971992493 -999.999 3678
MKN 2023 09 01 02 00 00 235 3 80.37 0 661.9 3.23 -99.9 -99.9 -99.9 -9999.9 -9999.9 -0.0621999986 37.2971992493 -999.999 3678
MKN 2023 09 01 03 00 00 229 2.2 92.25 0 662.1 2.65 -99.9 -99.9 -99.9 -9999.9 -9999.9 -0.0621999986 37.2971992493 -999.999 3678
MKN 2023 09 01 04 00 00 228 1.4 76.72 0 662.4 4.83 -99.9 -99.9 -99.9 -9999.9 -9999.9 -0.0621999986 37.2971992493 -999.999 3678
MKN 2023 09 01 05 00 00 117 1.7 74.57 0 662.9 6.98 -99.9 -99.9 -99.9 -9999.9 -9999.9 -0.0621999986 37.2971992493 -999.999 3678
MKN 2023 09 01 06 00 00 10 2 63.45 0 663.6 9.33 -99.9 -99.9 -99.9 -9999.9 -9999.9 -0.0621999986 37.2971992493 -999.999 3678
MKN 2023 09 01 07 00 00 14 4.6 65.02 0 663.9 9.9 -99.9 -99.9 -99.9 -9999.9 -9999.9 -0.0621999986 37.2971992493 -999.999 3678
MKN 2023 09 01 08 00 00 6 4.8 68.5 0 664 10 -99.9 -99.9 -99.9 -9999.9 -9999.9 -0.0621999986 37.2971992493 -999.999 3678
MKN 2023 09 01 09 00 00 7 4.8 72.18 0 663.8 10.12 -99.9 -99.9 -99.9 -9999.9 -9999.9 -0.0621999986 37.2971992493 -999.999 3678
MKN 2023 09 01 10 00 00 356 5.8 86.5 0 663.4 8.93 -99.9 -99.9 -99.9 -9999.9 -9999.9 -0.0621999986 37.2971992493 -999.999 3678
MKN 2023 09 01 11 00 00 353 4.9 81.8 0 662.9 9.15 -99.9 -99.9 -99.9 -9999.9 -9999.9 -0.0621999986 37.2971992493 -999.999 3678
MKN 2023 09 01 12 00 00 8 4.9 82.3 0 662.4 8.32 -99.9 -99.9 -99.9 -9999.9 -9999.9 -0.0621999986 37.2971992493 -999.999 3678
MKN 2023 09 01 13 00 00 6 4.6 91.87 0 662.2 8.07 -99.9 -99.9 -99.9 -9999.9 -9999.9 -0.0621999986 37.2971992493 -999.999 3678
MKN 2023 09 01 14 00 00 34 4.8 98.13 0 662 7.27 -99.9 -99.9 -99.9 -9999.9 -9999.9 -0.0621999986 37.2971992493 -999.999 3678
MKN 2023 09 01 15 00 00 35 3.6 99.3 0.1 662.1 6.97 -99.9 -99.9 -99.9 -9999.9 -9999.9 -0.0621999986 37.2971992493 -999.999 3678
MKN 2023 09 01 16 00 00 55 2.1 96.28 0 662.2 6.38 -99.9 -99.9 -99.9 -9999.9 -9999.9 -0.0621999986 37.2971992493 -999.999 3678
MKN 2023 09 01 17 00 00 283 1.2 95.43 0 662.4 5.5 -99.9 -99.9 -99.9 -9999.9 -9999.9 -0.0621999986 37.2971992493 -999.999 3678
MKN 2023 09 01 18 00 00 191 1.9 94.08 0 662.6 4.13 -99.9 -99.9 -99.9 -9999.9 -9999.9 -0.0621999986 37.2971992493 -999.999 3678
MKN 2023 09 01 19 00 00 121 3.7 76.23 0 662.9 4.67 -99.9 -99.9 -99.9 -9999.9 -9999.9 -0.0621999986 37.2971992493 -999.999 3678
MKN 2023 09 01 20 00 00 121 6.3 63.98 0 663 5.25 -99.9 -99.9 -99.9 -9999.9 -9999.9 -0.0621999986 37.2971992493 -999.999 3678
MKN 2023 09 01 21 00 00 124 7.5 65.45 0 662.8 5.3 -99.9 -99.9 -99.9 -9999.9 -9999.9 -0.0621999986 37.2971992493 -999.999 3678
MKN 2023 09 01 22 00 00 129 7.7 63.98 0 662.4 5.95 -99.9 -99.9 -99.9 -9999.9 -9999.9 -0.0621999986 37.2971992493 -999.999 3678
MKN 2023 09 01 23 00 00 131 7.8 57.97 0 662 5.95 -99.9 -99.9 -99.9 -9999.9 -9999.9 -0.0621999986 37.2971992493 -999.999 3678
MKN 2023 09 02 00 00 00 131 7.3 53.8 0 661.8 5.68 -99.9 -99.9 -99.9 -9999.9 -9999.9 -0.0621999986 37.2971992493 -999.999 3678
MKN 2023 09 02 01 00 00 130 7.8 48.75 0 661.8 5.78 -99.9 -99.9 -99.9 -9999.9 -9999.9 -0.0621999986 37.2971992493 -999.999 3678
MKN 2023 09 02 02 00 00 134 7.9 45.08 0 661.8 5.72 -99.9 -99.9 -99.9 -9999.9 -9999.9 -0.0621999986 37.2971992493 -999.999 3678
MKN 2023 09 02 03 00 00 132 8.2 46.62 0 661.9 5.67 -99.9 -99.9 -99.9 -9999.9 -9999.9 -0.0621999986 37.2971992493 -999.999 3678
MKN 2023 09 02 04 00 00 132 8.5 41.37 0 662.1 7.87 -99.9 -99.9 -99.9 -9999.9 -9999.9 -0.0621999986 37.2971992493 -999.999 3678
MKN 2023 09 02 05 00 00 128 7.3 35.3 0 662.6 10.83 -99.9 -99.9 -99.9 -9999.9 -9999.9 -0.0621999986 37.2971992493 -999.999 3678
MKN 2023 09 02 06 00 00 91 6.3 37.4 0 663.2 12.15 -99.9 -99.9 -99.9 -9999.9 -9999.9 -0.0621999986 37.2971992493 -999.999 3678
MKN 2023 09 02 07 00 00 48 5 47.83 0 663.7 12.53 -99.9 -99.9 -99.9 -9999.9 -9999.9 -0.0621999986 37.2971992493 -999.999 3678
MKN 2023 09 02 08 00 00 23 8.8 61.72 0 663.8 11.92 -99.9 -99.9 -99.9 -9999.9 -9999.9 -0.0621999986 37.2971992493 -999.999 3678
MKN 2023 09 02 09 00 00 350 6.4 69.63 0 663.7 10.48 -99.9 -99.9 -99.9 -9999.9 -9999.9 -0.0621999986 37.2971992493 -999.999 3678
MKN 2023 09 02 10 00 00 12 6.8 80.25 0 663.4 8.77 -99.9 -99.9 -99.9 -9999.9 -9999.9 -0.0621999986 37.2971992493 -999.999 3678
MKN 2023 09 02 11 00 00 351 4.8 93.68 0.3 663.1 7.27 -99.9 -99.9 -99.9 -9999.9 -9999.9 -0.0621999986 37.2971992493 -999.999 3678
MKN 2023 09 02 12 00 00 233 3.1 80.38 0.2 662.7 9.18 -99.9 -99.9 -99.9 -9999.9 -9999.9 -0.0621999986 37.2971992493 -999.999 3678
MKN 2023 09 02 13 00 00 27 4.8 78.5 0 662.2 8.67 -99.9 -99.9 -99.9 -9999.9 -9999.9 -0.0621999986 37.2971992493 -999.999 3678
MKN 2023 09 02 14 00 00 15 4.2 81.57 0 662 8.57 -99.9 -99.9 -99.9 -9999.9 -9999.9 -0.0621999986 37.2971992493 -999.999 3678
MKN 2023 09 02 15 00 00 12 3.5 94.98 0 662 7.3 -99.9 -99.9 -99.9 -9999.9 -9999.9 -0.0621999986 37.2971992493 -999.999 3678
MKN 2023 09 02 16 00 00 18 2.7 95.95 0 662 5.18 -99.9 -99.9 -99.9 -9999.9 -9999.9 -0.0621999986 37.2971992493 -999.999 3678
MKN 2023 09 02 17 00 00 153 2 97.1 0 662.2 4.62 -99.9 -99.9 -99.9 -9999.9 -9999.9 -0.0621999986 37.2971992493 -999.999 3678
MKN 2023 09 02 18 00 00 90 0.6 95.4 0 662.4 3.78 -99.9 -99.9 -99.9 -9999.9 -9999.9 -0.0621999986 37.2971992493 -999.999 3678
MKN 2023 09 02 19 00 00 187 1.8 61.2 0 662.7 3.7 -99.9 -99.9 -99.9 -9999.9 -9999.9 -0.0621999986 37.2971992493 -999.999 3678
MKN 2023 09 02 20 00 00 173 2.4 47.27 0 662.9 3.77 -99.9 -99.9 -99.9 -9999.9 -9999.9 -0.0621999986 37.2971992493 -999.999 3678
MKN 2023 09 02 21 00 00 117 2.8 48.23 0 662.8 3.68 -99.9 -99.9 -99.9 -9999.9 -9999.9 -0.0621999986 37.2971992493 -999.999 3678
MKN 2023 09 02 22 00 00 117 4 47.28 0 662.1 4.25 -99.9 -99.9 -99.9 -9999.9 -9999.9 -0.0621999986 37.2971992493 -999.999 3678
MKN 2023 09 02 23 00 00 116 4.1 45.48 0 661.6 4.35 -99.9 -99.9 -99.9 -9999.9 -9999.9 -0.0621999986 37.2971992493 -999.999 3678
MKN 2023 09 03 00 00 00 113 4.2 41.7 0 661.2 4.95 -99.9 -99.9 -99.9 -9999.9 -9999.9 -0.0621999986 37.2971992493 -999.999 3678
MKN 2023 09 03 01 00 00 116 4.8 42.1 0 661.2 4.67 -99.9 -99.9 -99.9 -9999.9 -9999.9 -0.0621999986 37.2971992493 -999.999 3678
MKN 2023 09 03 02 00 00 117 5.3 43.67 0 661.2 4.82 -99.9 -99.9 -99.9 -9999.9 -9999.9 -0.0621999986 37.2971992493 -999.999 3678
MKN 2023 09 03 03 00 00 118 5.5 39.3 0 661.3 5.5 -99.9 -99.9 -99.9 -9999.9 -9999.9 -0.0621999986 37.2971992493 -999.999 3678
MKN 2023 09 03 04 00 00 122 7.2 38.85 0 661.6 8.25 -99.9 -99.9 -99.9 -9999.9 -9999.9 -0.0621999986 37.2971992493 -999.999 3678
MKN 2023 09 03 05 00 00 115 7.4 33.75 0 662.1 11.15 -99.9 -99.9 -99.9 -9999.9 -9999.9 -0.0621999986 37.2971992493 -999.999 3678
MKN 2023 09 03 06 00 00 94 4.6 32.98 0 662.8 12.77 -99.9 -99.9 -99.9 -9999.9 -9999.9 -0.0621999986 37.2971992493 -999.999 3678
MKN 2023 09 03 07 00 00 36 5.5 48.3 0 663 12.9 -99.9 -99.9 -99.9 -9999.9 -9999.9 -0.0621999986 37.2971992493 -999.999 3678
MKN 2023 09 03 08 00 00 9 7 67.37 0 663.1 11.27 -99.9 -99.9 -99.9 -9999.9 -9999.9 -0.0621999986 37.2971992493 -999.999 3678
MKN 2023 09 03 09 00 00 332 4.8 66.6 0 663 10.85 -99.9 -99.9 -99.9 -9999.9 -9999.9 -0.0621999986 37.2971992493 -999.999 3678
MKN 2023 09 03 10 00 00 349 4.2 63.22 0 662.7 10.92 -99.9 -99.9 -99.9 -9999.9 -9999.9 -0.0621999986 37.2971992493 -999.999 3678
MKN 2023 09 03 11 00 00 315 4.2 55.83 0 662.2 12.88 -99.9 -99.9 -99.9 -9999.9 -9999.9 -0.0621999986 37.2971992493 -999.999 3678
MKN 2023 09 03 12 00 00 340 4.6 63.05 0 661.6 11.15 -99.9 -99.9 -99.9 -9999.9 -9999.9 -0.0621999986 37.2971992493 -999.999 3678
MKN 2023 09 03 13 00 00 326 3.8 73.9 0 661.3 10.07 -99.9 -99.9 -99.9 -9999.9 -9999.9 -0.0621999986 37.2971992493 -999.999 3678
MKN 2023 09 03 14 00 00 338 3.8 90.3 0.6 661.2 8.75 -99.9 -99.9 -99.9 -9999.9 -9999.9 -0.0621999986 37.2971992493 -999.999 3678
MKN 2023 09 03 15 00 00 8 3.9 99.27 0.9 661 7.15 -99.9 -99.9 -99.9 -9999.9 -9999.9 -0.0621999986 37.2971992493 -999.999 3678
MKN 2023 09 03 16 00 00 267 3.6 98.07 3.3 661.1 6.43 -99.9 -99.9 -99.9 -9999.9 -9999.9 -0.0621999986 37.2971992493 -999.999 3678
MKN 2023 09 03 17 00 00 217 3.8 90.9 0.1 661.3 5.52 -99.9 -99.9 -99.9 -9999.9 -9999.9 -0.0621999986 37.2971992493 -999.999 3678
MKN 2023 09 03 18 00 00 225 3.2 82.1 0 661.4 5.33 -99.9 -99.9 -99.9 -9999.9 -9999.9 -0.0621999986 37.2971992493 -999.999 3678
MKN 2023 09 03 19 00 00 197 3.4 75.75 0 661.6 4.53 -99.9 -99.9 -99.9 -9999.9 -9999.9 -0.0621999986 37.2971992493 -999.999 3678
MKN 2023 09 03 20 00 00 180 1.2 71.62 0 661.8 3.78 -99.9 -99.9 -99.9 -9999.9 -9999.9 -0.0621999986 37.2971992493 -999.999 3678
MKN 2023 09 03 21 00 00 146 1.5 73.82 0 661.8 3.22 -99.9 -99.9 -99.9 -9999.9 -9999.9 -0.0621999986 37.2971992493 -999.999 3678
MKN 2023 09 03 22 00 00 157 3.4 72.53 0 661.3 3.88 -99.9 -99.9 -99.9 -9999.9 -9999.9 -0.0621999986 37.2971992493 -999.999 3678
MKN 2023 09 03 23 00 00 165 4.6 69.83 0 660.9 4.17 -99.9 -99.9 -99.9 -9999.9 -9999.9 -0.0621999986 37.2971992493 -999.999 3678
MKN 2023 09 04 00 00 00 140 7.5 68.57 0 660.6 4.22 -99.9 -99.9 -99.9 -9999.9 -9999.9 -0.0621999986 37.2971992493 -999.999 3678
MKN 2023 09 04 01 00 00 138 6.7 65.43 0 660.6 3.68 -99.9 -99.9 -99.9 -9999.9 -9999.9 -0.0621999986 37.2971992493 -999.999 3678
MKN 2023 09 04 02 00 00 138 4.7 63.67 0 660.7 2.97 -99.9 -99.9 -99.9 -9999.9 -9999.9 -0.0621999986 37.2971992493 -999.999 3678
MKN 2023 09 04 03 00 00 167 2.9 59.03 0 660.9 3.53 -99.9 -99.9 -99.9 -9999.9 -9999.9 -0.0621999986 37.2971992493 -999.999 3678
MKN 2023 09 04 04 00 00 156 1.9 49.32 0 661.2 7.02 -99.9 -99.9 -99.9 -9999.9 -9999.9 -0.0621999986 37.2971992493 -999.999 3678
MKN 2023 09 04 05 00 00 107 2.5 37.68 0 661.3 10.73 -99.9 -99.9 -99.9 -9999.9 -9999.9 -0.0621999986 37.2971992493 -999.999 3678
MKN 2023 09 04 06 00 00 40 3.3 46.6 0 661.7 10.95 -99.9 -99.9 -99.9 -9999.9 -9999.9 -0.0621999986 37.2971992493 -999.999 3678
MKN 2023 09 04 07 00 00 14 3.8 65.45 0 661.8 10.17 -99.9 -99.9 -99.9 -9999.9 -9999.9 -0.0621999986 37.2971992493 -999.999 3678
MKN 2023 09 04 08 00 00 0 3.9 76.92 0 661.9 10.03 -99.9 -99.9 -99.9 -9999.9 -9999.9 -0.0621999986 37.2971992493 -999.999 3678
MKN 2023 09 04 09 00 00 349 4.6 77.73 0 661.7 9.62 -99.9 -99.9 -99.9 -9999.9 -9999.9 -0.0621999986 37.2971992493 -999.999 3678
MKN 2023 09 04 10 00 00 350 6 90.2 0 661.6 8.22 -99.9 -99.9 -99.9 -9999.9 -9999.9 -0.0621999986 37.2971992493 -999.999 3678
MKN 2023 09 04 11 00 00 353 5.2 94.1 0 661.3 7.9 -99.9 -99.9 -99.9 -9999.9 -9999.9 -0.0621999986 37.2971992493 -999.999 3678
MKN 2023 09 04 12 00 00 11 5.7 94.92 0 660.7 7.45 -99.9 -99.9 -99.9 -9999.9 -9999.9 -0.0621999986 37.2971992493 -999.999 3678
MKN 2023 09 04 13 00 00 339 4.1 93.62 3.4 660.5 6.23 -99.9 -99.9 -99.9 -9999.9 -9999.9 -0.0621999986 37.2971992493 -999.999 3678
MKN 2023 09 04 14 00 00 228 5 85.4 0.4 660.6 6.88 -99.9 -99.9 -99.9 -9999.9 -9999.9 -0.0621999986 37.2971992493 -999.999 3678
MKN 2023 09 04 15 00 00 226 3 77.63 0 660.6 6.08 -99.9 -99.9 -99.9 -9999.9 -9999.9 -0.0621999986 37.2971992493 -999.999 3678
MKN 2023 09 04 16 00 00 225 1.6 85.33 0 660.5 4.7 -99.9 -99.9 -99.9 -9999.9 -9999.9 -0.0621999986 37.2971992493 -999.999 3678
MKN 2023 09 04 17 00 00 221 1.9 92.42 0 660.8 4.15 -99.9 -99.9 -99.9 -9999.9 -9999.9 -0.0621999986 37.2971992493 -999.999 3678
MKN 2023 09 04 18 00 00 223 2.4 76.95 0 661 4.6 -99.9 -99.9 -99.9 -9999.9 -9999.9 -0.0621999986 37.2971992493 -999.999 3678
MKN 2023 09 04 19 00 00 208 4.7 75.75 0 661.3 5.22 -99.9 -99.9 -99.9 -9999.9 -9999.9 -0.0621999986 37.2971992493 -999.999 3678
MKN 2023 09 04 20 00 00 212 3.4 79 0 661.6 5.28 -99.9 -99.9 -99.9 -9999.9 -9999.9 -0.0621999986 37.2971992493 -999.999 3678
MKN 2023 09 04 21 00 00 213 5 82.57 0 661.6 5.05 -99.9 -99.9 -99.9 -9999.9 -9999.9 -0.0621999986 37.2971992493 -999.999 3678
MKN 2023 09 04 22 00 00 211 4.3 84.87 0 661.2 4.78 -99.9 -99.9 -99.9 -9999.9 -9999.9 -0.0621999986 37.2971992493 -999.999 3678
MKN 2023 09 04 23 00 00 211 4.1 87.05 0 660.8 4.53 -99.9 -99.9 -99.9 -9999.9 -9999.9 -0.0621999986 37.2971992493 -999.999 3678
MKN 2023 09 05 00 00 00 210 4.5 86.05 0 660.5 4.55 -99.9 -99.9 -99.9 -9999.9 -9999.9 -0.0621999986 37.2971992493 -999.999 3678
MKN 2023 09 05 01 00 00 212 4.1 85.62 0 660.4 4.55 -99.9 -99.9 -99.9 -9999.9 -9999.9 -0.0621999986 37.2971992493 -999.999 3678
MKN 2023 09 05 02 00 00 236 2.2 89.2 0 660.6 4.12 -99.9 -99.9 -99.9 -9999.9 -9999.9 -0.0621999986 37.2971992493 -999.999 3678
MKN 2023 09 05 03 00 00 207 2.5 87.6 0 660.9 3.98 -99.9 -99.9 -99.9 -9999.9 -9999.9 -0.0621999986 37.2971992493 -999.999 3678
MKN 2023 09 05 04 00 00 189 1.4 75.52 0 661.4 6.65 -99.9 -99.9 -99.9 -9999.9 -9999.9 -0.0621999986 37.2971992493 -999.999 3678
MKN 2023 09 05 05 00 00 142 1.3 75.7 0 661.7 8.43 -99.9 -99.9 -99.9 -9999.9 -9999.9 -0.0621999986 37.2971992493 -999.999 3678
MKN 2023 09 05 06 00 00 349 2.4 81.33 0 662.3 8.97 -99.9 -99.9 -99.9 -9999.9 -9999.9 -0.0621999986 37.2971992493 -999.999 3678
MKN 2023 09 05 07 00 00 329 3.5 80.27 0 662.7 9.67 -99.9 -99.9 -99.9 -9999.9 -9999.9 -0.0621999986 37.2971992493 -999.999 3678
MKN 2023 09 05 08 00 00 340 3.8 84.48 0 662.8 8.82 -99.9 -99.9 -99.9 -9999.9 -9999.9 -0.0621999986 37.2971992493 -999.999 3678
MKN 2023 09 05 09 00 00 293 4 86.5 0 662.7 8.83 -99.9 -99.9 -99.9 -9999.9 -9999.9 -0.0621999986 37.2971992493 -999.999 3678
MKN 2023 09 05 10 00 00 323 5.1 85.5 0 662.4 9.1 -99.9 -99.9 -99.9 -9999.9 -9999.9 -0.0621999986 37.2971992493 -999.999 3678
MKN 2023 09 05 11 00 00 348 4.5 92.45 0.7 661.9 8.23 -99.9 -99.9 -99.9 -9999.9 -9999.9 -0.0621999986 37.2971992493 -999.999 3678
MKN 2023 09 05 12 00 00 311 3 81.87 0.2 661.4 10.12 -99.9 -99.9 -99.9 -9999.9 -9999.9 -0.0621999986 37.2971992493 -999.999 3678
MKN 2023 09 05 13 00 00 32 6.2 87.93 0 661 9.78 -99.9 -99.9 -99.9 -9999.9 -9999.9 -0.0621999986 37.2971992493 -999.999 3678
MKN 2023 09 05 14 00 00 359 5.8 89.45 0 661.1 8.58 -99.9 -99.9 -99.9 -9999.9 -9999.9 -0.0621999986 37.2971992493 -999.999 3678
MKN 2023 09 05 15 00 00 31 5.3 84.92 0 661.3 7.12 -99.9 -99.9 -99.9 -9999.9 -9999.9 -0.0621999986 37.2971992493 -999.999 3678
MKN 2023 09 05 16 00 00 97 3.2 76.8 0 661.3 4.75 -99.9 -99.9 -99.9 -9999.9 -9999.9 -0.0621999986 37.2971992493 -999.999 3678
MKN 2023 09 05 17 00 00 150 1 62.62 0 661.5 4.7 -99.9 -99.9 -99.9 -9999.9 -9999.9 -0.0621999986 37.2971992493 -999.999 3678
MKN 2023 09 05 18 00 00 189 1.5 58.62 0 661.8 5.23 -99.9 -99.9 -99.9 -9999.9 -9999.9 -0.0621999986 37.2971992493 -999.999 3678
MKN 2023 09 05 19 00 00 250 1.8 57.7 0 662 4.97 -99.9 -99.9 -99.9 -9999.9 -9999.9 -0.0621999986 37.2971992493 -999.999 3678
MKN 2023 09 05 20 00 00 164 1.5 54.22 0 662.3 4.7 -99.9 -99.9 -99.9 -9999.9 -9999.9 -0.0621999986 37.2971992493 -999.999 3678
MKN 2023 09 05 21 00 00 151 1.1 52.83 0 662.4 5.35 -99.9 -99.9 -99.9 -9999.9 -9999.9 -0.0621999986 37.2971992493 -999.999 3678
MKN 2023 09 05 22 00 00 129 2.5 51.65 0 662.1 5.18 -99.9 -99.9 -99.9 -9999.9 -9999.9 -0.0621999986 37.2971992493 -999.999 3678
MKN 2023 09 05 23 00 00 107 3.2 49.58 0 661.7 5.07 -99.9 -99.9 -99.9 -9999.9 -9999.9 -0.0621999986 37.2971992493 -999.999 3678
MKN 2023 09 06 00 00 00 112 3.2 48.77 0 661.4 4.58 -99.9 -99.9 -99.9 -9999.9 -9999.9 -0.0621999986 37.2971992493 -999.999 3678
MKN 2023 09 06 01 00 00 112 3.2 48.2 0 661.4 4.88 -99.9 -99.9 -99.9 -9999.9 -9999.9 -0.0621999986 37.2971992493 -999.999 3678
MKN 2023 09 06 02 00 00 107 3.4 56 0 661.6 4.48 -99.9 -99.9 -99.9 -9999.9 -9999.9 -0.0621999986 37.2971992493 -999.999 3678
MKN 2023 09 06 03 00 00 113 4.2 56.87 0 661.9 5.67 -99.9 -99.9 -99.9 -9999.9 -9999.9 -0.0621999986 37.2971992493 -999.999 3678
MKN 2023 09 06 04 00 00 102 6.4 50.27 0 662.2 8.22 -99.9 -99.9 -99.9 -9999.9 -9999.9 -0.0621999986 37.2971992493 -999.999 3678
MKN 2023 09 06 05 00 00 81 5.2 52.02 0 662.7 10.28 -99.9 -99.9 -99.9 -9999.9 -9999.9 -0.0621999986 37.2971992493 -999.999 3678
MKN 2023 09 06 06 00 00 50 7.9 66.47 0 663.1 9.85 -99.9 -99.9 -99.9 -9999.9 -9999.9 -0.0621999986 37.2971992493 -999.999 3678
MKN 2023 09 06 07 00 00 32 6.9 59.13 0 663.6 11.48 -99.9 -99.9 -99.9 -9999.9 -9999.9 -0.0621999986 37.2971992493 -999.999 3678
MKN 2023 09 06 08 00 00 30 6.7 60.28 0 663.6 11.85 -99.9 -99.9 -99.9 -9999.9 -9999.9 -0.0621999986 37.2971992493 -999.999 3678
MKN 2023 09 06 09 00 00 34 6.2 62.58 0 663.5 11.15 -99.9 -99.9 -99.9 -9999.9 -9999.9 -0.0621999986 37.2971992493 -999.999 3678
MKN 2023 09 06 10 00 00 43 7.3 49.03 0 663.2 12.55 -99.9 -99.9 -99.9 -9999.9 -9999.9 -0.0621999986 37.2971992493 -999.999 3678
MKN 2023 09 06 11 00 00 42 7.9 61.78 0 662.7 11.63 -99.9 -99.9 -99.9 -9999.9 -9999.9 -0.0621999986 37.2971992493 -999.999 3678
MKN 2023 09 06 12 00 00 39 7.4 61.38 0 662.2 12.23 -99.9 -99.9 -99.9 -9999.9 -9999.9 -0.0621999986 37.2971992493 -999.999 3678
MKN 2023 09 06 13 00 00 41 6.1 68.82 0 661.7 11 -99.9 -99.9 -99.9 -9999.9 -9999.9 -0.0621999986 37.2971992493 -999.999 3678
MKN 2023 09 06 14 00 00 55 6 63.8 0 661.6 9.88 -99.9 -99.9 -99.9 -9999.9 -9999.9 -0.0621999986 37.2971992493 -999.999 3678
MKN 2023 09 06 15 00 00 66 3.4 69.5 0 661.7 8.42 -99.9 -99.9 -99.9 -9999.9 -9999.9 -0.0621999986 37.2971992493 -999.999 3678
MKN 2023 09 06 16 00 00 110 3.3 76.63 0 661.7 6 -99.9 -99.9 -99.9 -9999.9 -9999.9 -0.0621999986 37.2971992493 -999.999 3678
MKN 2023 09 06 17 00 00 127 3.8 75.65 0 661.9 5.6 -99.9 -99.9 -99.9 -9999.9 -9999.9 -0.0621999986 37.2971992493 -999.999 3678
MKN 2023 09 06 18 00 00 121 3.6 63.38 0 662.3 6.08 -99.9 -99.9 -99.9 -9999.9 -9999.9 -0.0621999986 37.2971992493 -999.999 3678
MKN 2023 09 06 19 00 00 108 3 67.03 0 662.9 5.73 -99.9 -99.9 -99.9 -9999.9 -9999.9 -0.0621999986 37.2971992493 -999.999 3678
MKN 2023 09 06 20 00 00 134 3.9 59.8 0 663.1 6.18 -99.9 -99.9 -99.9 -9999.9 -9999.9 -0.0621999986 37.2971992493 -999.999 3678
MKN 2023 09 06 21 00 00 133 8.3 56.8 0 662.6 6.67 -99.9 -99.9 -99.9 -9999.9 -9999.9 -0.0621999986 37.2971992493 -999.999 3678
MKN 2023 09 06 22 00 00 134 8 58.7 0 662.2 6.17 -99.9 -99.9 -99.9 -9999.9 -9999.9 -0.0621999986 37.2971992493 -999.999 3678
MKN 2023 09 06 23 00 00 133 8.3 57.5 0 661.5 6.37 -99.9 -99.9 -99.9 -9999.9 -9999.9 -0.0621999986 37.2971992493 -999.999 3678
MKN 2023 09 07 00 00 00 143 7.8 55.85 0 661.3 6.83 -99.9 -99.9 -99.9 -9999.9 -9999.9 -0.0621999986 37.2971992493 -999.999 3678
MKN 2023 09 07 01 00 00 144 7.2 55.98 0 661.2 6.67 -99.9 -99.9 -99.9 -9999.9 -9999.9 -0.0621999986 37.2971992493 -999.999 3678
MKN 2023 09 07 02 00 00 140 7.3 59.58 0 661.1 6.75 -99.9 -99.9 -99.9 -9999.9 -9999.9 -0.0621999986 37.2971992493 -999.999 3678
MKN 2023 09 07 03 00 00 139 6.6 59.83 0 661.3 7.03 -99.9 -99.9 -99.9 -9999.9 -9999.9 -0.0621999986 37.2971992493 -999.999 3678
MKN 2023 09 07 04 00 00 140 7.1 55.48 0 661.7 9.73 -99.9 -99.9 -99.9 -9999.9 -9999.9 -0.0621999986 37.2971992493 -999.999 3678
MKN 2023 09 07 05 00 00 111 5.4 72.95 0 662.2 9.4 -99.9 -99.9 -99.9 -9999.9 -9999.9 -0.0621999986 37.2971992493 -999.999 3678
MKN 2023 09 07 06 00 00 0 2.8 90.33 0 662.7 7.85 -99.9 -99.9 -99.9 -9999.9 -9999.9 -0.0621999986 37.2971992493 -999.999 3678
MKN 2023 09 07 07 00 00 285 3.1 95.32 0 663.2 8.05 -99.9 -99.9 -99.9 -9999.9 -9999.9 -0.0621999986 37.2971992493 -999.999 3678
MKN 2023 09 07 08 00 00 298 4.5 98.93 0 663.4 7.57 -99.9 -99.9 -99.9 -9999.9 -9999.9 -0.0621999986 37.2971992493 -999.999 3678
MKN 2023 09 07 09 00 00 306 2.7 89.95 1.3 663.3 7.73 -99.9 -99.9 -99.9 -9999.9 -9999.9 -0.0621999986 37.2971992493 -999.999 3678
MKN 2023 09 07 10 00 00 165 3 97.45 0.9 662.7 6.88 -99.9 -99.9 -99.9 -9999.9 -9999.9 -0.0621999986 37.2971992493 -999.999 3678
MKN 2023 09 07 11 00 00 78 4.2 94.33 13 662.2 5.42 -99.9 -99.9 -99.9 -9999.9 -9999.9 -0.0621999986 37.2971992493 -999.999 3678
MKN 2023 09 07 12 00 00 147 3.2 90.65 21.8 662.1 5.97 -99.9 -99.9 -99.9 -9999.9 -9999.9 -0.0621999986 37.2971992493 -999.999 3678
MKN 2023 09 07 13 00 00 189 5.1 78.12 2.7 661.5 8.83 -99.9 -99.9 -99.9 -9999.9 -9999.9 -0.0621999986 37.2971992493 -999.999 3678
MKN 2023 09 07 14 00 00 121 3.1 85.65 0 661.1 8.08 -99.9 -99.9 -99.9 -9999.9 -9999.9 -0.0621999986 37.2971992493 -999.999 3678
MKN 2023 09 07 15 00 00 268 3.4 94.68 0 661.7 6.22 -99.9 -99.9 -99.9 -9999.9 -9999.9 -0.0621999986 37.2971992493 -999.999 3678
MKN 2023 09 07 16 00 00 239 1.6 97.25 0 661.7 5.43 -99.9 -99.9 -99.9 -9999.9 -9999.9 -0.0621999986 37.2971992493 -999.999 3678
MKN 2023 09 07 17 00 00 215 1.5 93.43 0 662 5.75 -99.9 -99.9 -99.9 -9999.9 -9999.9 -0.0621999986 37.2971992493 -999.999 3678
MKN 2023 09 07 18 00 00 270 1.5 97.98 0.3 662 5.67 -99.9 -99.9 -99.9 -9999.9 -9999.9 -0.0621999986 37.2971992493 -999.999 3678
MKN 2023 09 07 19 00 00 135 1.2 97.12 2.6 662.4 5.5 -99.9 -99.9 -99.9 -9999.9 -9999.9 -0.0621999986 37.2971992493 -999.999 3678
MKN 2023 09 07 20 00 00 106 1 91.95 0 662.5 5.6 -99.9 -99.9 -99.9 -9999.9 -9999.9 -0.0621999986 37.2971992493 -999.999 3678
MKN 2023 09 07 21 00 00 235 2.5 92.38 0 662.5 4.62 -99.9 -99.9 -99.9 -9999.9 -9999.9 -0.0621999986 37.2971992493 -999.999 3678
MKN 2023 09 07 22 00 00 215 3.7 86.6 0 662.1 5.02 -99.9 -99.9 -99.9 -9999.9 -9999.9 -0.0621999986 37.2971992493 -999.999 3678
MKN 2023 09 07 23 00 00 225 3.5 80.62 0 661.5 5.37 -99.9 -99.9 -99.9 -9999.9 -9999.9 -0.0621999986 37.2971992493 -999.999 3678
MKN 2023 09 08 00 00 00 200 2.5 79.58 0 661.1 5.47 -99.9 -99.9 -99.9 -9999.9 -9999.9 -0.0621999986 37.2971992493 -999.999 3678
MKN 2023 09 08 01 00 00 203 2.6 80.67 0 661 6.05 -99.9 -99.9 -99.9 -9999.9 -9999.9 -0.0621999986 37.2971992493 -999.999 3678
MKN 2023 09 08 02 00 00 204 1.9 79.57 0 661.3 5.83 -99.9 -99.9 -99.9 -9999.9 -9999.9 -0.0621999986 37.2971992493 -999.999 3678
MKN 2023 09 08 03 00 00 216 2 82.87 0 661.6 5.37 -99.9 -99.9 -99.9 -9999.9 -9999.9 -0.0621999986 37.2971992493 -999.999 3678
MKN 2023 09 08 04 00 00 224 3.4 82.6 0 662 5.95 -99.9 -99.9 -99.9 -9999.9 -9999.9 -0.0621999986 37.2971992493 -999.999 3678
MKN 2023 09 08 05 00 00 229 2 75.12 0 662.3 8.5 -99.9 -99.9 -99.9 -9999.9 -9999.9 -0.0621999986 37.2971992493 -999.999 3678
MKN 2023 09 08 06 00 00 295 2.9 81.37 0 662.7 9.22 -99.9 -99.9 -99.9 -9999.9 -9999.9 -0.0621999986 37.2971992493 -999.999 3678
MKN 2023 09 08 07 00 00 299 3.4 87.83 0 663 9.47 -99.9 -99.9 -99.9 -9999.9 -9999.9 -0.0621999986 37.2971992493 -999.999 3678
MKN 2023 09 08 08 00 00 304 4.2 90.85 0 663 9.17 -99.9 -99.9 -99.9 -9999.9 -9999.9 -0.0621999986 37.2971992493 -999.999 3678
MKN 2023 09 08 09 00 00 310 4.5 95.1 0 662.8 8.77 -99.9 -99.9 -99.9 -9999.9 -9999.9 -0.0621999986 37.2971992493 -999.999 3678
MKN 2023 09 08 10 00 00 305 4.5 99.25 0 662.3 8.02 -99.9 -99.9 -99.9 -9999.9 -9999.9 -0.0621999986 37.2971992493 -999.999 3678
MKN 2023 09 08 11 00 00 299 4.8 99.3 0.4 661.7 7.23 -99.9 -99.9 -99.9 -9999.9 -9999.9 -0.0621999986 37.2971992493 -999.999 3678
MKN 2023 09 08 12 00 00 342 3.6 99.3 5.1 661.2 7.18 -99.9 -99.9 -99.9 -9999.9 -9999.9 -0.0621999986 37.2971992493 -999.999 3678
MKN 2023 09 08 13 00 00 301 2.4 99.3 0.3 661 7.25 -99.9 -99.9 -99.9 -9999.9 -9999.9 -0.0621999986 37.2971992493 -999.999 3678
MKN 2023 09 08 14 00 00 311 1.3 99.3 0 661.2 6.95 -99.9 -99.9 -99.9 -9999.9 -9999.9 -0.0621999986 37.2971992493 -999.999 3678
MKN 2023 09 08 15 00 00 299 2.6 99.3 1.7 660.9 5.58 -99.9 -99.9 -99.9 -9999.9 -9999.9 -0.0621999986 37.2971992493 -999.999 3678
MKN 2023 09 08 16 00 00 198 3.6 96.63 0.1 661.4 5.85 -99.9 -99.9 -99.9 -9999.9 -9999.9 -0.0621999986 37.2971992493 -999.999 3678
MKN 2023 09 08 17 00 00 246 2.3 99.3 0 661.3 5.28 -99.9 -99.9 -99.9 -9999.9 -9999.9 -0.0621999986 37.2971992493 -999.999 3678
MKN 2023 09 08 18 00 00 246 2.8 99.3 0 661.7 5.77 -99.9 -99.9 -99.9 -9999.9 -9999.9 -0.0621999986 37.2971992493 -999.999 3678
MKN 2023 09 08 19 00 00 240 4.7 98.13 0 662.1 5.92 -99.9 -99.9 -99.9 -9999.9 -9999.9 -0.0621999986 37.2971992493 -999.999 3678
MKN 2023 09 08 20 00 00 236 4.8 94.87 0 662.3 4.77 -99.9 -99.9 -99.9 -9999.9 -9999.9 -0.0621999986 37.2971992493 -999.999 3678
MKN 2023 09 08 21 00 00 227 4 89.18 0 662.1 5.15 -99.9 -99.9 -99.9 -9999.9 -9999.9 -0.0621999986 37.2971992493 -999.999 3678
MKN 2023 09 08 22 00 00 228 4.4 91.32 0 661.7 4.92 -99.9 -99.9 -99.9 -9999.9 -9999.9 -0.0621999986 37.2971992493 -999.999 3678
MKN 2023 09 08 23 00 00 213 4.3 88.25 0 661.1 5.35 -99.9 -99.9 -99.9 -9999.9 -9999.9 -0.0621999986 37.2971992493 -999.999 3678
MKN 2023 09 09 00 00 00 223 2.7 89.85 0 660.8 5.15 -99.9 -99.9 -99.9 -9999.9 -9999.9 -0.0621999986 37.2971992493 -999.999 3678
MKN 2023 09 09 01 00 00 199 3.5 84.32 0 660.6 5.83 -99.9 -99.9 -99.9 -9999.9 -9999.9 -0.0621999986 37.2971992493 -999.999 3678
MKN 2023 09 09 02 00 00 117 1 82.52 0 660.8 5.17 -99.9 -99.9 -99.9 -9999.9 -9999.9 -0.0621999986 37.2971992493 -999.999 3678
MKN 2023 09 09 03 00 00 186 1.8 78.63 0 660.9 6.03 -99.9 -99.9 -99.9 -9999.9 -9999.9 -0.0621999986 37.2971992493 -999.999 3678
MKN 2023 09 09 04 00 00 213 2.2 74.52 0 661.3 8.15 -99.9 -99.9 -99.9 -9999.9 -9999.9 -0.0621999986 37.2971992493 -999.999 3678
MKN 2023 09 09 05 00 00 256 1.8 78.22 0 662 9.25 -99.9 -99.9 -99.9 -9999.9 -9999.9 -0.0621999986 37.2971992493 -999.999 3678
MKN 2023 09 09 06 00 00 321 2.4 82.25 0 662.5 9.1 -99.9 -99.9 -99.9 -9999.9 -9999.9 -0.0621999986 37.2971992493 -999.999 3678
MKN 2023 09 09 07 00 00 331 2.9 89.8 0 662.9 8.45 -99.9 -99.9 -99.9 -9999.9 -9999.9 -0.0621999986 37.2971992493 -999.999 3678
MKN 2023 09 09 08 00 00 333 3.4 93.8 0 662.9 8.6 -99.9 -99.9 -99.9 -9999.9 -9999.9 -0.0621999986 37.2971992493 -999.999 3678
MKN 2023 09 09 09 00 00 344 2.7 99.25 0 662.6 7.9 -99.9 -99.9 -99.9 -9999.9 -9999.9 -0.0621999986 37.2971992493 -999.999 3678
MKN 2023 09 09 10 00 00 326 2.7 99.28 0 662.2 7.53 -99.9 -99.9 -99.9 -9999.9 -9999.9 -0.0621999986 37.2971992493 -999.999 3678
MKN 2023 09 09 11 00 00 335 2.1 99.3 1 661.6 7.52 -99.9 -99.9 -99.9 -9999.9 -9999.9 -0.0621999986 37.2971992493 -999.999 3678
MKN 2023 09 09 12 00 00 27 2.5 99.3 0 661.1 7.2 -99.9 -99.9 -99.9 -9999.9 -9999.9 -0.0621999986 37.2971992493 -999.999 3678
MKN 2023 09 09 13 00 00 325 2.6 99.15 1.5 660.9 7.37 -99.9 -99.9 -99.9 -9999.9 -9999.9 -0.0621999986 37.2971992493 -999.999 3678
MKN 2023 09 09 14 00 00 315 1.5 92.88 0 660.9 7.95 -99.9 -99.9 -99.9 -9999.9 -9999.9 -0.0621999986 37.2971992493 -999.999 3678
MKN 2023 09 09 15 00 00 270 1.4 99.23 0 661.1 7.35 -99.9 -99.9 -99.9 -9999.9 -9999.9 -0.0621999986 37.2971992493 -999.999 3678
MKN 2023 09 09 16 00 00 74 2 99.28 0 661.5 6.32 -99.9 -99.9 -99.9 -9999.9 -9999.9 -0.0621999986 37.2971992493 -999.999 3678
MKN 2023 09 09 17 00 00 131 1.6 99.23 0 661.8 5.35 -99.9 -99.9 -99.9 -9999.9 -9999.9 -0.0621999986 37.2971992493 -999.999 3678
MKN 2023 09 09 18 00 00 16 1.7 99.27 0 662 5.62 -99.9 -99.9 -99.9 -9999.9 -9999.9 -0.0621999986 37.2971992493 -999.999 3678
MKN 2023 09 09 19 00 00 144 1.8 96 0 662.2 5.05 -99.9 -99.9 -99.9 -9999.9 -9999.9 -0.0621999986 37.2971992493 -999.999 3678
MKN 2023 09 09 20 00 00 189 2.2 84.38 0 662.2 5.37 -99.9 -99.9 -99.9 -9999.9 -9999.9 -0.0621999986 37.2971992493 -999.999 3678
MKN 2023 09 09 21 00 00 173 2.7 78.4 0 661.9 5.27 -99.9 -99.9 -99.9 -9999.9 -9999.9 -0.0621999986 37.2971992493 -999.999 3678
MKN 2023 09 09 22 00 00 201 1.9 79.73 0 661.5 5.5 -99.9 -99.9 -99.9 -9999.9 -9999.9 -0.0621999986 37.2971992493 -999.999 3678
MKN 2023 09 09 23 00 00 174 1.3 83 0 661.2 4.83 -99.9 -99.9 -99.9 -9999.9 -9999.9 -0.0621999986 37.2971992493 -999.999 3678
MKN 2023 09 10 00 00 00 148 1.8 82.1 0 660.9 4.38 -99.9 -99.9 -99.9 -9999.9 -9999.9 -0.0621999986 37.2971992493 -999.999 3678
MKN 2023 09 10 01 00 00 102 2 88.4 0 660.9 3.68 -99.9 -99.9 -99.9 -9999.9 -9999.9 -0.0621999986 37.2971992493 -999.999 3678
MKN 2023 09 10 02 00 00 124 2.3 87.77 0 661.1 3.9 -99.9 -99.9 -99.9 -9999.9 -9999.9 -0.0621999986 37.2971992493 -999.999 3678
MKN 2023 09 10 03 00 00 124 4.7 83.9 0 661.5 4.55 -99.9 -99.9 -99.9 -9999.9 -9999.9 -0.0621999986 37.2971992493 -999.999 3678
MKN 2023 09 10 04 00 00 121 4.5 79.45 0 661.8 7.47 -99.9 -99.9 -99.9 -9999.9 -9999.9 -0.0621999986 37.2971992493 -999.999 3678
MKN 2023 09 10 05 00 00 107 3.6 79.43 0 662.5 9.18 -99.9 -99.9 -99.9 -9999.9 -9999.9 -0.0621999986 37.2971992493 -999.999 3678
MKN 2023 09 10 06 00 00 41 3.8 81.17 0 663 10.22 -99.9 -99.9 -99.9 -9999.9 -9999.9 -0.0621999986 37.2971992493 -999.999 3678
MKN 2023 09 10 07 00 00 15 5.3 75.63 0 663.4 11.15 -99.9 -99.9 -99.9 -9999.9 -9999.9 -0.0621999986 37.2971992493 -999.999 3678
MKN 2023 09 10 08 00 00 11 5.4 89.73 0 663.3 9.9 -99.9 -99.9 -99.9 -9999.9 -9999.9 -0.0621999986 37.2971992493 -999.999 3678
MKN 2023 09 10 09 00 00 342 4.4 96.28 0 662.9 9.35 -99.9 -99.9 -99.9 -9999.9 -9999.9 -0.0621999986 37.2971992493 -999.999 3678
MKN 2023 09 10 10 00 00 2 5.3 97.28 0 662.3 9.53 -99.9 -99.9 -99.9 -9999.9 -9999.9 -0.0621999986 37.2971992493 -999.999 3678
MKN 2023 09 10 11 00 00 2 6.6 91.33 0 661.6 9.97 -99.9 -99.9 -99.9 -9999.9 -9999.9 -0.0621999986 37.2971992493 -999.999 3678
MKN 2023 09 10 12 00 00 0 5.5 98.83 0 661.1 8.75 -99.9 -99.9 -99.9 -9999.9 -9999.9 -0.0621999986 37.2971992493 -999.999 3678
MKN 2023 09 10 13 00 00 7 5.5 97.97 0 660.7 9.22 -99.9 -99.9 -99.9 -9999.9 -9999.9 -0.0621999986 37.2971992493 -999.999 3678
MKN 2023 09 10 14 00 00 357 5.1 91.02 0 660.6 9.28 -99.9 -99.9 -99.9 -9999.9 -9999.9 -0.0621999986 37.2971992493 -999.999 3678
MKN 2023 09 10 15 00 00 335 4.7 99.3 0 660.9 7.23 -99.9 -99.9 -99.9 -9999.9 -9999.9 -0.0621999986 37.2971992493 -999.999 3678
MKN 2023 09 10 16 00 00 45 1.3 99.28 0 661.3 5.75 -99.9 -99.9 -99.9 -9999.9 -9999.9 -0.0621999986 37.2971992493 -999.999 3678
MKN 2023 09 10 17 00 00 104 1.4 95.87 0 661.5 5.37 -99.9 -99.9 -99.9 -9999.9 -9999.9 -0.0621999986 37.2971992493 -999.999 3678
MKN 2023 09 10 18 00 00 210 1.9 94.07 0 661.6 4.45 -99.9 -99.9 -99.9 -9999.9 -9999.9 -0.0621999986 37.2971992493 -999.999 3678
MKN 2023 09 10 19 00 00 207 1.4 86.85 0 662.1 4.57 -99.9 -99.9 -99.9 -9999.9 -9999.9 -0.0621999986 37.2971992493 -999.999 3678
MKN 2023 09 10 20 00 00 239 2.2 84.53 0 662.3 4.93 -99.9 -99.9 -99.9 -9999.9 -9999.9 -0.0621999986 37.2971992493 -999.999 3678
MKN 2023 09 10 21 00 00 245 2.1 87.43 0 662.2 4.3 -99.9 -99.9 -99.9 -9999.9 -9999.9 -0.0621999986 37.2971992493 -999.999 3678
MKN 2023 09 10 22 00 00 193 1.8 80.58 0 661.7 4.25 -99.9 -99.9 -99.9 -9999.9 -9999.9 -0.0621999986 37.2971992493 -999.999 3678
MKN 2023 09 10 23 00 00 122 2.3 80.52 0 661.3 4.03 -99.9 -99.9 -99.9 -9999.9 -9999.9 -0.0621999986 37.2971992493 -999.999 3678
MKN 2023 09 11 00 00 00 122 3.2 78.05 0 661 4.58 -99.9 -99.9 -99.9 -9999.9 -9999.9 -0.0621999986 37.2971992493 -999.999 3678
MKN 2023 09 11 01 00 00 115 4 78.9 0 661 4.27 -99.9 -99.9 -99.9 -9999.9 -9999.9 -0.0621999986 37.2971992493 -999.999 3678
MKN 2023 09 11 02 00 00 117 4.1 77.38 0 661.1 4.27 -99.9 -99.9 -99.9 -9999.9 -9999.9 -0.0621999986 37.2971992493 -999.999 3678
MKN 2023 09 11 03 00 00 117 4.3 74.6 0 661.3 4.82 -99.9 -99.9 -99.9 -9999.9 -9999.9 -0.0621999986 37.2971992493 -999.999 3678
MKN 2023 09 11 04 00 00 128 4.2 61.85 0 661.6 8.37 -99.9 -99.9 -99.9 -9999.9 -9999.9 -0.0621999986 37.2971992493 -999.999 3678
MKN 2023 09 11 05 00 00 87 3.8 57.68 0 662.2 10.55 -99.9 -99.9 -99.9 -9999.9 -9999.9 -0.0621999986 37.2971992493 -999.999 3678
MKN 2023 09 11 06 00 00 55 4.3 81.23 0 662.7 9.53 -99.9 -99.9 -99.9 -9999.9 -9999.9 -0.0621999986 37.2971992493 -999.999 3678
MKN 2023 09 11 07 00 00 7 3.8 82.63 0 663 10.1 -99.9 -99.9 -99.9 -9999.9 -9999.9 -0.0621999986 37.2971992493 -999.999 3678
MKN 2023 09 11 08 00 00 351 5.6 95.6 0 663 8.95 -99.9 -99.9 -99.9 -9999.9 -9999.9 -0.0621999986 37.2971992493 -999.999 3678
MKN 2023 09 11 09 00 00 352 5.6 99.25 0 662.8 8.15 -99.9 -99.9 -99.9 -9999.9 -9999.9 -0.0621999986 37.2971992493 -999.999 3678
MKN 2023 09 11 10 00 00 342 4.5 99.3 0 662.5 8.07 -99.9 -99.9 -99.9 -9999.9 -9999.9 -0.0621999986 37.2971992493 -999.999 3678
MKN 2023 09 11 11 00 00 354 4.4 99.23 0.1 662 7.97 -99.9 -99.9 -99.9 -9999.9 -9999.9 -0.0621999986 37.2971992493 -999.999 3678
MKN 2023 09 11 12 00 00 31 3.3 97.9 3.7 661.4 6.87 -99.9 -99.9 -99.9 -9999.9 -9999.9 -0.0621999986 37.2971992493 -999.999 3678
MKN 2023 09 11 13 00 00 83 2.8 94.1 0.2 661 7.57 -99.9 -99.9 -99.9 -9999.9 -9999.9 -0.0621999986 37.2971992493 -999.999 3678
MKN 2023 09 11 14 00 00 68 1.8 93.28 0 661 7.38 -99.9 -99.9 -99.9 -9999.9 -9999.9 -0.0621999986 37.2971992493 -999.999 3678
MKN 2023 09 11 15 00 00 132 1.7 83.32 0 661.3 6.8 -99.9 -99.9 -99.9 -9999.9 -9999.9 -0.0621999986 37.2971992493 -999.999 3678
MKN 2023 09 11 16 00 00 198 2.2 86.52 0 661.2 6.67 -99.9 -99.9 -99.9 -9999.9 -9999.9 -0.0621999986 37.2971992493 -999.999 3678
MKN 2023 09 11 17 00 00 247 1.7 97.18 0 661.6 6.25 -99.9 -99.9 -99.9 -9999.9 -9999.9 -0.0621999986 37.2971992493 -999.999 3678
MKN 2023 09 11 18 00 00 227 1.8 99.3 0 661.8 6.43 -99.9 -99.9 -99.9 -9999.9 -9999.9 -0.0621999986 37.2971992493 -999.999 3678
MKN 2023 09 11 19 00 00 246 3.5 99.3 0 662.3 5.97 -99.9 -99.9 -99.9 -9999.9 -9999.9 -0.0621999986 37.2971992493 -999.999 3678
MKN 2023 09 11 20 00 00 223 2.2 97.67 0 662.6 4.77 -99.9 -99.9 -99.9 -9999.9 -9999.9 -0.0621999986 37.2971992493 -999.999 3678
MKN 2023 09 11 21 00 00 201 2.8 88.52 0 662.4 4.7 -99.9 -99.9 -99.9 -9999.9 -9999.9 -0.0621999986 37.2971992493 -999.999 3678
MKN 2023 09 11 22 00 00 201 1.7 84.95 0 662.1 4.58 -99.9 -99.9 -99.9 -9999.9 -9999.9 -0.0621999986 37.2971992493 -999.999 3678
MKN 2023 09 11 23 00 00 216 1.2 83.63 0 661.6 4.73 -99.9 -99.9 -99.9 -9999.9 -9999.9 -0.0621999986 37.2971992493 -999.999 3678
MKN 2023 09 12 00 00 00 203 2.1 83.53 0 661.3 4 -99.9 -99.9 -99.9 -9999.9 -9999.9 -0.0621999986 37.2971992493 -999.999 3678
MKN 2023 09 12 01 00 00 172 1.7 81.3 0 661.2 4.18 -99.9 -99.9 -99.9 -9999.9 -9999.9 -0.0621999986 37.2971992493 -999.999 3678
MKN 2023 09 12 02 00 00 170 3 82.22 0 661.4 3.8 -99.9 -99.9 -99.9 -9999.9 -9999.9 -0.0621999986 37.2971992493 -999.999 3678
MKN 2023 09 12 03 00 00 143 3.4 81.2 0 661.8 3.72 -99.9 -99.9 -99.9 -9999.9 -9999.9 -0.0621999986 37.2971992493 -999.999 3678
MKN 2023 09 12 04 00 00 147 4.1 70.92 0 662.1 7.37 -99.9 -99.9 -99.9 -9999.9 -9999.9 -0.0621999986 37.2971992493 -999.999 3678
MKN 2023 09 12 05 00 00 149 2.5 72.48 0 662.8 8.37 -99.9 -99.9 -99.9 -9999.9 -9999.9 -0.0621999986 37.2971992493 -999.999 3678
MKN 2023 09 12 06 00 00 286 1.8 80.07 0 663.4 8.73 -99.9 -99.9 -99.9 -9999.9 -9999.9 -0.0621999986 37.2971992493 -999.999 3678
MKN 2023 09 12 07 00 00 294 2.8 96.95 0 663.9 8.25 -99.9 -99.9 -99.9 -9999.9 -9999.9 -0.0621999986 37.2971992493 -999.999 3678
MKN 2023 09 12 08 00 00 338 2.9 97.35 0 664 8.6 -99.9 -99.9 -99.9 -9999.9 -9999.9 -0.0621999986 37.2971992493 -999.999 3678
MKN 2023 09 12 09 00 00 301 3.4 94.77 0 663.8 8.8 -99.9 -99.9 -99.9 -9999.9 -9999.9 -0.0621999986 37.2971992493 -999.999 3678
MKN 2023 09 12 10 00 00 300 3.7 98.3 0 663.4 6.82 -99.9 -99.9 -99.9 -9999.9 -9999.9 -0.0621999986 37.2971992493 -999.999 3678
MKN 2023 09 12 11 00 00 341 4.9 83.73 20.6 663 6.65 -99.9 -99.9 -99.9 -9999.9 -9999.9 -0.0621999986 37.2971992493 -999.999 3678
MKN 2023 09 12 12 00 00 139 9.6 78.73 29.9 662.2 9.73 -99.9 -99.9 -99.9 -9999.9 -9999.9 -0.0621999986 37.2971992493 -999.999 3678
MKN 2023 09 12 13 00 00 289 4.1 85.55 0 662 9.57 -99.9 -99.9 -99.9 -9999.9 -9999.9 -0.0621999986 37.2971992493 -999.999 3678
MKN 2023 09 12 14 00 00 290 4.3 84.93 0 662 8.55 -99.9 -99.9 -99.9 -9999.9 -9999.9 -0.0621999986 37.2971992493 -999.999 3678
MKN 2023 09 12 15 00 00 208 5 81.58 0 662 7.2 -99.9 -99.9 -99.9 -9999.9 -9999.9 -0.0621999986 37.2971992493 -999.999 3678
MKN 2023 09 12 16 00 00 254 2.9 92.52 0 662.1 6.15 -99.9 -99.9 -99.9 -9999.9 -9999.9 -0.0621999986 37.2971992493 -999.999 3678
MKN 2023 09 12 17 00 00 169 3.8 82.17 0 662.2 5.67 -99.9 -99.9 -99.9 -9999.9 -9999.9 -0.0621999986 37.2971992493 -999.999 3678
MKN 2023 09 12 18 00 00 180 1.4 90.92 0 662.7 4.95 -99.9 -99.9 -99.9 -9999.9 -9999.9 -0.0621999986 37.2971992493 -999.999 3678
MKN 2023 09 12 19 00 00 190 1.4 90.28 0 662.9 4.2 -99.9 -99.9 -99.9 -9999.9 -9999.9 -0.0621999986 37.2971992493 -999.999 3678
MKN 2023 09 12 20 00 00 99 1.3 88.85 0 663 3.45 -99.9 -99.9 -99.9 -9999.9 -9999.9 -0.0621999986 37.2971992493 -999.999 3678
MKN 2023 09 12 21 00 00 156 1.7 79.68 0 662.9 4.37 -99.9 -99.9 -99.9 -9999.9 -9999.9 -0.0621999986 37.2971992493 -999.999 3678
MKN 2023 09 12 22 00 00 217 2.6 74.08 0 662.3 5.28 -99.9 -99.9 -99.9 -9999.9 -9999.9 -0.0621999986 37.2971992493 -999.999 3678
MKN 2023 09 12 23 00 00 220 0.9 67.63 0 661.7 3.97 -99.9 -99.9 -99.9 -9999.9 -9999.9 -0.0621999986 37.2971992493 -999.999 3678
MKN 2023 09 13 00 00 00 150 4.5 54.7 0 661.3 4.25 -99.9 -99.9 -99.9 -9999.9 -9999.9 -0.0621999986 37.2971992493 -999.999 3678
MKN 2023 09 13 01 00 00 140 6.1 47.9 0 661.1 4.95 -99.9 -99.9 -99.9 -9999.9 -9999.9 -0.0621999986 37.2971992493 -999.999 3678
MKN 2023 09 13 02 00 00 180 4.7 51.45 0 661.2 5.68 -99.9 -99.9 -99.9 -9999.9 -9999.9 -0.0621999986 37.2971992493 -999.999 3678
MKN 2023 09 13 03 00 00 218 3.3 53.4 0 661.2 5.3 -99.9 -99.9 -99.9 -9999.9 -9999.9 -0.0621999986 37.2971992493 -999.999 3678
MKN 2023 09 13 04 00 00 241 2.1 55.32 0 661.7 7.32 -99.9 -99.9 -99.9 -9999.9 -9999.9 -0.0621999986 37.2971992493 -999.999 3678
MKN 2023 09 13 05 00 00 250 2.9 65.57 0 662.2 8.53 -99.9 -99.9 -99.9 -9999.9 -9999.9 -0.0621999986 37.2971992493 -999.999 3678
MKN 2023 09 13 06 00 00 277 2.8 62.27 0 662.8 9.52 -99.9 -99.9 -99.9 -9999.9 -9999.9 -0.0621999986 37.2971992493 -999.999 3678
MKN 2023 09 13 07 00 00 306 3.1 77 0 663.2 10.05 -99.9 -99.9 -99.9 -9999.9 -9999.9 -0.0621999986 37.2971992493 -999.999 3678
MKN 2023 09 13 08 00 00 340 4 96.18 0 663.2 8.68 -99.9 -99.9 -99.9 -9999.9 -9999.9 -0.0621999986 37.2971992493 -999.999 3678
MKN 2023 09 13 09 00 00 328 3.7 97 0 662.9 8.85 -99.9 -99.9 -99.9 -9999.9 -9999.9 -0.0621999986 37.2971992493 -999.999 3678
MKN 2023 09 13 10 00 00 349 4.6 99.23 0 662.4 7.87 -99.9 -99.9 -99.9 -9999.9 -9999.9 -0.0621999986 37.2971992493 -999.999 3678
MKN 2023 09 13 11 00 00 340 3.6 99.28 27.2 661.9 5.77 -99.9 -99.9 -99.9 -9999.9 -9999.9 -0.0621999986 37.2971992493 -999.999 3678
MKN 2023 09 13 12 00 00 133 1.8 96.27 4.5 661.5 6.43 -99.9 -99.9 -99.9 -9999.9 -9999.9 -0.0621999986 37.2971992493 -999.999 3678
MKN 2023 09 13 13 00 00 -99.9 4 -99.9 -99.9 661.1 6.18 -99.9 -99.9 -99.9 -9999.9 -9999.9 -0.0621999986 37.2971992493 -999.999 3678
MKN 2023 09 13 14 00 00 -99.9 3.5 -99.9 -99.9 661 5.82 -99.9 -99.9 -99.9 -9999.9 -9999.9 -0.0621999986 37.2971992493 -999.999 3678
MKN 2023 09 13 15 00 00 -99.9 3.3 -99.9 -99.9 661 5.43 -99.9 -99.9 -99.9 -9999.9 -9999.9 -0.0621999986 37.2971992493 -999.999 3678
MKN 2023 09 13 16 00 00 -99.9 3 -99.9 -99.9 661.1 5.03 -99.9 -99.9 -99.9 -9999.9 -9999.9 -0.0621999986 37.2971992493 -999.999 3678
MKN 2023 09 13 17 00 00 -99.9 2.7 91.22 -99.9 661.1 5.08 -99.9 -99.9 -99.9 -9999.9 -9999.9 -0.0621999986 37.2971992493 -999.999 3678
MKN 2023 09 13 18 00 00 232 2 93 0 661.5 4.9 -99.9 -99.9 -99.9 -9999.9 -9999.9 -0.0621999986 37.2971992493 -999.999 3678
MKN 2023 09 13 19 00 00 203 1.4 82.78 0 661.9 4.75 -99.9 -99.9 -99.9 -9999.9 -9999.9 -0.0621999986 37.2971992493 -999.999 3678
MKN 2023 09 13 20 00 00 192 1.5 64 0 662.2 4.42 -99.9 -99.9 -99.9 -9999.9 -9999.9 -0.0621999986 37.2971992493 -999.999 3678
MKN 2023 09 13 21 00 00 195 2.5 51.67 0 661.8 5.27 -99.9 -99.9 -99.9 -9999.9 -9999.9 -0.0621999986 37.2971992493 -999.999 3678
MKN 2023 09 13 22 00 00 198 1.6 41.77 0 661.6 5.58 -99.9 -99.9 -99.9 -9999.9 -9999.9 -0.0621999986 37.2971992493 -999.999 3678
MKN 2023 09 13 23 00 00 229 1.1 61 0 661.1 4.85 -99.9 -99.9 -99.9 -9999.9 -9999.9 -0.0621999986 37.2971992493 -999.999 3678
MKN 2023 09 14 00 00 00 222 1.7 61.55 0 660.8 4.02 -99.9 -99.9 -99.9 -9999.9 -9999.9 -0.0621999986 37.2971992493 -999.999 3678
MKN 2023 09 14 01 00 00 129 3.6 50.78 0 660.4 4.43 -99.9 -99.9 -99.9 -9999.9 -9999.9 -0.0621999986 37.2971992493 -999.999 3678
MKN 2023 09 14 02 00 00 120 5.3 51.6 0 660.4 5.03 -99.9 -99.9 -99.9 -9999.9 -9999.9 -0.0621999986 37.2971992493 -999.999 3678
MKN 2023 09 14 03 00 00 120 6.4 57.58 0 660.4 5.07 -99.9 -99.9 -99.9 -9999.9 -9999.9 -0.0621999986 37.2971992493 -999.999 3678
MKN 2023 09 14 04 00 00 120 5.9 47.15 0 660.7 8.57 -99.9 -99.9 -99.9 -9999.9 -9999.9 -0.0621999986 37.2971992493 -999.999 3678
MKN 2023 09 14 05 00 00 95 5.1 42.43 0 661.2 11.08 -99.9 -99.9 -99.9 -9999.9 -9999.9 -0.0621999986 37.2971992493 -999.999 3678
MKN 2023 09 14 06 00 00 56 5.6 56.3 0 661.7 11.48 -99.9 -99.9 -99.9 -9999.9 -9999.9 -0.0621999986 37.2971992493 -999.999 3678
MKN 2023 09 14 07 00 00 31 6.3 69 0 662.2 12.15 -99.9 -99.9 -99.9 -9999.9 -9999.9 -0.0621999986 37.2971992493 -999.999 3678
MKN 2023 09 14 08 00 00 37 7.8 75.87 0 662.2 11.7 -99.9 -99.9 -99.9 -9999.9 -9999.9 -0.0621999986 37.2971992493 -999.999 3678
MKN 2023 09 14 09 00 00 33 7.9 89.25 0 662.2 9.88 -99.9 -99.9 -99.9 -9999.9 -9999.9 -0.0621999986 37.2971992493 -999.999 3678
MKN 2023 09 14 10 00 00 13 6.8 97.67 0 662 9.08 -99.9 -99.9 -99.9 -9999.9 -9999.9 -0.0621999986 37.2971992493 -999.999 3678
MKN 2023 09 14 11 00 00 2 6.2 99.28 0 661.5 8.08 -99.9 -99.9 -99.9 -9999.9 -9999.9 -0.0621999986 37.2971992493 -999.999 3678
MKN 2023 09 14 12 00 00 6 5.1 99.3 0.1 661 7.82 -99.9 -99.9 -99.9 -9999.9 -9999.9 -0.0621999986 37.2971992493 -999.999 3678
MKN 2023 09 14 13 00 00 4 5.8 97.68 0 660.6 8.73 -99.9 -99.9 -99.9 -9999.9 -9999.9 -0.0621999986 37.2971992493 -999.999 3678
MKN 2023 09 14 14 00 00 3 4.4 96.42 0 660.4 8.28 -99.9 -99.9 -99.9 -9999.9 -9999.9 -0.0621999986 37.2971992493 -999.999 3678
MKN 2023 09 14 15 00 00 5 2.6 99.28 0 660.3 7.3 -99.9 -99.9 -99.9 -9999.9 -9999.9 -0.0621999986 37.2971992493 -999.999 3678
MKN 2023 09 14 16 00 00 320 1.5 99.3 0 660.4 6.52 -99.9 -99.9 -99.9 -9999.9 -9999.9 -0.0621999986 37.2971992493 -999.999 3678
MKN 2023 09 14 17 00 00 349 1.1 99.3 0 660.7 6.2 -99.9 -99.9 -99.9 -9999.9 -9999.9 -0.0621999986 37.2971992493 -999.999 3678
MKN 2023 09 14 18 00 00 270 1.3 99.3 0 661.1 5.85 -99.9 -99.9 -99.9 -9999.9 -9999.9 -0.0621999986 37.2971992493 -999.999 3678
MKN 2023 09 14 19 00 00 307 1.5 99.3 0 661.5 5.4 -99.9 -99.9 -99.9 -9999.9 -9999.9 -0.0621999986 37.2971992493 -999.999 3678
MKN 2023 09 14 20 00 00 233 1.7 97.77 0 661.7 4.6 -99.9 -99.9 -99.9 -9999.9 -9999.9 -0.0621999986 37.2971992493 -999.999 3678
MKN 2023 09 14 21 00 00 239 2.3 96.23 0 661.6 3.82 -99.9 -99.9 -99.9 -9999.9 -9999.9 -0.0621999986 37.2971992493 -999.999 3678
MKN 2023 09 14 22 00 00 162 1.2 72.22 0 661.1 5.1 -99.9 -99.9 -99.9 -9999.9 -9999.9 -0.0621999986 37.2971992493 -999.999 3678
MKN 2023 09 14 23 00 00 187 1.8 70.45 0 660.9 4.77 -99.9 -99.9 -99.9 -9999.9 -9999.9 -0.0621999986 37.2971992493 -999.999 3678
MKN 2023 09 15 00 00 00 195 2.1 58.97 0 660.7 5.52 -99.9 -99.9 -99.9 -9999.9 -9999.9 -0.0621999986 37.2971992493 -999.999 3678
MKN 2023 09 15 01 00 00 225 1 64.48 0 660.6 5.02 -99.9 -99.9 -99.9 -9999.9 -9999.9 -0.0621999986 37.2971992493 -999.999 3678
MKN 2023 09 15 02 00 00 209 2.5 67.92 0 660.6 4.48 -99.9 -99.9 -99.9 -9999.9 -9999.9 -0.0621999986 37.2971992493 -999.999 3678
MKN 2023 09 15 03 00 00 207 2.8 61.88 0 660.8 4.87 -99.9 -99.9 -99.9 -9999.9 -9999.9 -0.0621999986 37.2971992493 -999.999 3678
MKN 2023 09 15 04 00 00 153 0.9 61.62 0 661.1 7.6 -99.9 -99.9 -99.9 -9999.9 -9999.9 -0.0621999986 37.2971992493 -999.999 3678
MKN 2023 09 15 05 00 00 83 1.2 63.43 0 661.7 8.88 -99.9 -99.9 -99.9 -9999.9 -9999.9 -0.0621999986 37.2971992493 -999.999 3678
MKN 2023 09 15 06 00 00 5 2.6 88.77 0 662.3 8.48 -99.9 -99.9 -99.9 -9999.9 -9999.9 -0.0621999986 37.2971992493 -999.999 3678
MKN 2023 09 15 07 00 00 323 2.5 85.68 0 662.8 9.63 -99.9 -99.9 -99.9 -9999.9 -9999.9 -0.0621999986 37.2971992493 -999.999 3678
MKN 2023 09 15 08 00 00 3 2.9 91.13 0 662.7 9.18 -99.9 -99.9 -99.9 -9999.9 -9999.9 -0.0621999986 37.2971992493 -999.999 3678
MKN 2023 09 15 09 00 00 8 4.3 87.17 0 662.5 9.63 -99.9 -99.9 -99.9 -9999.9 -9999.9 -0.0621999986 37.2971992493 -999.999 3678
MKN 2023 09 15 10 00 00 6 5.2 96.28 0 662.1 8.1 -99.9 -99.9 -99.9 -9999.9 -9999.9 -0.0621999986 37.2971992493 -999.999 3678
MKN 2023 09 15 11 00 00 343 4.2 96.45 0 661.6 8.35 -99.9 -99.9 -99.9 -9999.9 -9999.9 -0.0621999986 37.2971992493 -999.999 3678
MKN 2023 09 15 12 00 00 345 4.4 98.62 0 661.3 8.18 -99.9 -99.9 -99.9 -9999.9 -9999.9 -0.0621999986 37.2971992493 -999.999 3678
MKN 2023 09 15 13 00 00 351 3.5 98.02 0 661 8.17 -99.9 -99.9 -99.9 -9999.9 -9999.9 -0.0621999986 37.2971992493 -999.999 3678
MKN 2023 09 15 14 00 00 350 2.1 96.93 0 660.8 8.05 -99.9 -99.9 -99.9 -9999.9 -9999.9 -0.0621999986 37.2971992493 -999.999 3678
MKN 2023 09 15 15 00 00 335 1.9 99.3 0 660.7 6.88 -99.9 -99.9 -99.9 -9999.9 -9999.9 -0.0621999986 37.2971992493 -999.999 3678
MKN 2023 09 15 16 00 00 270 1.3 99.3 0 660.7 5.57 -99.9 -99.9 -99.9 -9999.9 -9999.9 -0.0621999986 37.2971992493 -999.999 3678
MKN 2023 09 15 17 00 00 231 2.2 93.22 0 661 4.87 -99.9 -99.9 -99.9 -9999.9 -9999.9 -0.0621999986 37.2971992493 -999.999 3678
MKN 2023 09 15 18 00 00 207 2.1 81.22 0 661.2 5.3 -99.9 -99.9 -99.9 -9999.9 -9999.9 -0.0621999986 37.2971992493 -999.999 3678
MKN 2023 09 15 19 00 00 252 1.6 97.33 0 661.7 4.35 -99.9 -99.9 -99.9 -9999.9 -9999.9 -0.0621999986 37.2971992493 -999.999 3678
MKN 2023 09 15 20 00 00 204 1.6 88.98 0 661.9 4.47 -99.9 -99.9 -99.9 -9999.9 -9999.9 -0.0621999986 37.2971992493 -999.999 3678
MKN 2023 09 15 21 00 00 218 1.9 91.92 0 661.9 3.95 -99.9 -99.9 -99.9 -9999.9 -9999.9 -0.0621999986 37.2971992493 -999.999 3678
MKN 2023 09 15 22 00 00 205 2.2 76.48 0 661.4 4.88 -99.9 -99.9 -99.9 -9999.9 -9999.9 -0.0621999986 37.2971992493 -999.999 3678
MKN 2023 09 15 23 00 00 131 1.2 75.77 0 661 4.9 -99.9 -99.9 -99.9 -9999.9 -9999.9 -0.0621999986 37.2971992493 -999.999 3678
MKN 2023 09 16 00 00 00 180 0.9 81.48 0 660.7 4 -99.9 -99.9 -99.9 -9999.9 -9999.9 -0.0621999986 37.2971992493 -999.999 3678
MKN 2023 09 16 01 00 00 231 1.6 82.22 0 660.6 4.33 -99.9 -99.9 -99.9 -9999.9 -9999.9 -0.0621999986 37.2971992493 -999.999 3678
MKN 2023 09 16 02 00 00 240 1.1 84.45 0 660.7 4.02 -99.9 -99.9 -99.9 -9999.9 -9999.9 -0.0621999986 37.2971992493 -999.999 3678
MKN 2023 09 16 03 00 00 214 0.7 86.02 0 661 3.3 -99.9 -99.9 -99.9 -9999.9 -9999.9 -0.0621999986 37.2971992493 -999.999 3678
MKN 2023 09 16 04 00 00 129 2 78.65 0 661.2 6.63 -99.9 -99.9 -99.9 -9999.9 -9999.9 -0.0621999986 37.2971992493 -999.999 3678
MKN 2023 09 16 05 00 00 96 2.2 83.12 0 661.7 8.4 -99.9 -99.9 -99.9 -9999.9 -9999.9 -0.0621999986 37.2971992493 -999.999 3678
MKN 2023 09 16 06 00 00 15 3.3 85.87 0 662.4 8.82 -99.9 -99.9 -99.9 -9999.9 -9999.9 -0.0621999986 37.2971992493 -999.999 3678
MKN 2023 09 16 07 00 00 321 2.6 88.77 0 663 8.87 -99.9 -99.9 -99.9 -9999.9 -9999.9 -0.0621999986 37.2971992493 -999.999 3678
MKN 2023 09 16 08 00 00 334 4.4 84.48 0 663.2 10.17 -99.9 -99.9 -99.9 -9999.9 -9999.9 -0.0621999986 37.2971992493 -999.999 3678
MKN 2023 09 16 09 00 00 3 5.7 91.67 0 662.8 9.92 -99.9 -99.9 -99.9 -9999.9 -9999.9 -0.0621999986 37.2971992493 -999.999 3678
MKN 2023 09 16 10 00 00 8 5.8 88.33 0 662.6 10.15 -99.9 -99.9 -99.9 -9999.9 -9999.9 -0.0621999986 37.2971992493 -999.999 3678
MKN 2023 09 16 11 00 00 19 5.3 86.03 0 662.2 10.07 -99.9 -99.9 -99.9 -9999.9 -9999.9 -0.0621999986 37.2971992493 -999.999 3678
MKN 2023 09 16 12 00 00 22 7 86.12 0 661.5 10.23 -99.9 -99.9 -99.9 -9999.9 -9999.9 -0.0621999986 37.2971992493 -999.999 3678
MKN 2023 09 16 13 00 00 40 6.9 85.27 0 661.2 10.12 -99.9 -99.9 -99.9 -9999.9 -9999.9 -0.0621999986 37.2971992493 -999.999 3678
MKN 2023 09 16 14 00 00 33 5.5 69.88 0 661.1 10.93 -99.9 -99.9 -99.9 -9999.9 -9999.9 -0.0621999986 37.2971992493 -999.999 3678
MKN 2023 09 16 15 00 00 56 4 80.75 0 661.2 7.92 -99.9 -99.9 -99.9 -9999.9 -9999.9 -0.0621999986 37.2971992493 -999.999 3678
MKN 2023 09 16 16 00 00 68 1.6 86.88 0 661.2 6.17 -99.9 -99.9 -99.9 -9999.9 -9999.9 -0.0621999986 37.2971992493 -999.999 3678
MKN 2023 09 16 17 00 00 220 1.9 89.85 0 661.5 5.18 -99.9 -99.9 -99.9 -9999.9 -9999.9 -0.0621999986 37.2971992493 -999.999 3678
MKN 2023 09 16 18 00 00 214 1.6 89.9 0 661.7 4.53 -99.9 -99.9 -99.9 -9999.9 -9999.9 -0.0621999986 37.2971992493 -999.999 3678
MKN 2023 09 16 19 00 00 205 1.5 86.8 0 662 4.37 -99.9 -99.9 -99.9 -9999.9 -9999.9 -0.0621999986 37.2971992493 -999.999 3678
MKN 2023 09 16 20 00 00 225 0.7 77.67 0 662.2 4.1 -99.9 -99.9 -99.9 -9999.9 -9999.9 -0.0621999986 37.2971992493 -999.999 3678
MKN 2023 09 16 21 00 00 132 2.5 71.15 0 662.1 4.42 -99.9 -99.9 -99.9 -9999.9 -9999.9 -0.0621999986 37.2971992493 -999.999 3678
MKN 2023 09 16 22 00 00 132 5.1 64.77 0 661.6 5.77 -99.9 -99.9 -99.9 -9999.9 -9999.9 -0.0621999986 37.2971992493 -999.999 3678
MKN 2023 09 16 23 00 00 135 6.9 60.62 0 661 6.53 -99.9 -99.9 -99.9 -9999.9 -9999.9 -0.0621999986 37.2971992493 -999.999 3678
MKN 2023 09 17 00 00 00 134 8.1 60.33 0 660.5 6.63 -99.9 -99.9 -99.9 -9999.9 -9999.9 -0.0621999986 37.2971992493 -999.999 3678
MKN 2023 09 17 01 00 00 139 7.8 59.12 0 660.6 6.88 -99.9 -99.9 -99.9 -9999.9 -9999.9 -0.0621999986 37.2971992493 -999.999 3678
MKN 2023 09 17 02 00 00 131 8 60.25 0 660.6 6.47 -99.9 -99.9 -99.9 -9999.9 -9999.9 -0.0621999986 37.2971992493 -999.999 3678
MKN 2023 09 17 03 00 00 133 7.6 60.28 0 660.7 6.22 -99.9 -99.9 -99.9 -9999.9 -9999.9 -0.0621999986 37.2971992493 -999.999 3678
MKN 2023 09 17 04 00 00 129 7.7 53.32 0 661.1 8.95 -99.9 -99.9 -99.9 -9999.9 -9999.9 -0.0621999986 37.2971992493 -999.999 3678
MKN 2023 09 17 05 00 00 113 7.1 56.67 0 661.6 10.32 -99.9 -99.9 -99.9 -9999.9 -9999.9 -0.0621999986 37.2971992493 -999.999 3678
MKN 2023 09 17 06 00 00 61 3.2 77.67 0 662.2 9.75 -99.9 -99.9 -99.9 -9999.9 -9999.9 -0.0621999986 37.2971992493 -999.999 3678
MKN 2023 09 17 07 00 00 328 3.7 96.17 0 662.8 8.08 -99.9 -99.9 -99.9 -9999.9 -9999.9 -0.0621999986 37.2971992493 -999.999 3678
MKN 2023 09 17 08 00 00 287 2.8 98.83 0 662.9 8.45 -99.9 -99.9 -99.9 -9999.9 -9999.9 -0.0621999986 37.2971992493 -999.999 3678
MKN 2023 09 17 09 00 00 303 2.9 99.22 0 662.6 8.58 -99.9 -99.9 -99.9 -9999.9 -9999.9 -0.0621999986 37.2971992493 -999.999 3678
MKN 2023 09 17 10 00 00 9 4.2 99.27 0.6 661.9 8.83 -99.9 -99.9 -99.9 -9999.9 -9999.9 -0.0621999986 37.2971992493 -999.999 3678
MKN 2023 09 17 11 00 00 14 4 98.95 0 661.4 8.17 -99.9 -99.9 -99.9 -9999.9 -9999.9 -0.0621999986 37.2971992493 -999.999 3678
MKN 2023 09 17 12 00 00 333 4.3 99.3 2.9 660.9 6.67 -99.9 -99.9 -99.9 -9999.9 -9999.9 -0.0621999986 37.2971992493 -999.999 3678
MKN 2023 09 17 13 00 00 239 4.8 91.07 6.6 660.8 6.78 -99.9 -99.9 -99.9 -9999.9 -9999.9 -0.0621999986 37.2971992493 -999.999 3678
MKN 2023 09 17 14 00 00 204 4.8 83.22 0.2 660.8 8.1 -99.9 -99.9 -99.9 -9999.9 -9999.9 -0.0621999986 37.2971992493 -999.999 3678
MKN 2023 09 17 15 00 00 175 2.5 78.1 0 660.8 7.27 -99.9 -99.9 -99.9 -9999.9 -9999.9 -0.0621999986 37.2971992493 -999.999 3678
MKN 2023 09 17 16 00 00 182 3.6 88.92 0 660.8 6.8 -99.9 -99.9 -99.9 -9999.9 -9999.9 -0.0621999986 37.2971992493 -999.999 3678
MKN 2023 09 17 17 00 00 240 2.2 87.37 0 661.2 5.42 -99.9 -99.9 -99.9 -9999.9 -9999.9 -0.0621999986 37.2971992493 -999.999 3678
MKN 2023 09 17 18 00 00 225 1.8 90.53 0 661.2 4.97 -99.9 -99.9 -99.9 -9999.9 -9999.9 -0.0621999986 37.2971992493 -999.999 3678
MKN 2023 09 17 19 00 00 157 3.1 77.05 0 661.4 4.4 -99.9 -99.9 -99.9 -9999.9 -9999.9 -0.0621999986 37.2971992493 -999.999 3678
MKN 2023 09 17 20 00 00 123 5 67.88 0 661.5 4.58 -99.9 -99.9 -99.9 -9999.9 -9999.9 -0.0621999986 37.2971992493 -999.999 3678
MKN 2023 09 17 21 00 00 122 5.7 63.9 0 661.5 5.05 -99.9 -99.9 -99.9 -9999.9 -9999.9 -0.0621999986 37.2971992493 -999.999 3678
MKN 2023 09 17 22 00 00 136 6.1 59.32 0 661.3 5.47 -99.9 -99.9 -99.9 -9999.9 -9999.9 -0.0621999986 37.2971992493 -999.999 3678
MKN 2023 09 17 23 00 00 130 7 57.52 0 660.8 5.48 -99.9 -99.9 -99.9 -9999.9 -9999.9 -0.0621999986 37.2971992493 -999.999 3678
MKN 2023 09 18 00 00 00 132 7.7 53.87 0 660.6 5.78 -99.9 -99.9 -99.9 -9999.9 -9999.9 -0.0621999986 37.2971992493 -999.999 3678
MKN 2023 09 18 01 00 00 137 7.7 54.37 0 660.4 5.55 -99.9 -99.9 -99.9 -9999.9 -9999.9 -0.0621999986 37.2971992493 -999.999 3678
MKN 2023 09 18 02 00 00 139 7 52.55 0 660.3 5.57 -99.9 -99.9 -99.9 -9999.9 -9999.9 -0.0621999986 37.2971992493 -999.999 3678
MKN 2023 09 18 03 00 00 137 6.5 54.67 0 660.4 4.95 -99.9 -99.9 -99.9 -9999.9 -9999.9 -0.0621999986 37.2971992493 -999.999 3678
MKN 2023 09 18 04 00 00 138 5.9 45.1 0 660.6 8.38 -99.9 -99.9 -99.9 -9999.9 -9999.9 -0.0621999986 37.2971992493 -999.999 3678
MKN 2023 09 18 05 00 00 134 5.5 45.23 0 661 10.68 -99.9 -99.9 -99.9 -9999.9 -9999.9 -0.0621999986 37.2971992493 -999.999 3678
MKN 2023 09 18 06 00 00 349 2.4 57.4 0 661.8 10.33 -99.9 -99.9 -99.9 -9999.9 -9999.9 -0.0621999986 37.2971992493 -999.999 3678
MKN 2023 09 18 07 00 00 305 2 81.7 0 662.2 9.43 -99.9 -99.9 -99.9 -9999.9 -9999.9 -0.0621999986 37.2971992493 -999.999 3678
MKN 2023 09 18 08 00 00 324 3.7 97.97 0 662.4 8.33 -99.9 -99.9 -99.9 -9999.9 -9999.9 -0.0621999986 37.2971992493 -999.999 3678
MKN 2023 09 18 09 00 00 297 3.4 99.3 0 662.3 7.77 -99.9 -99.9 -99.9 -9999.9 -9999.9 -0.0621999986 37.2971992493 -999.999 3678
MKN 2023 09 18 10 00 00 329 3.1 99.3 2.4 661.9 6.77 -99.9 -99.9 -99.9 -9999.9 -9999.9 -0.0621999986 37.2971992493 -999.999 3678
MKN 2023 09 18 11 00 00 243 1.1 99.28 16.9 661.3 6.92 -99.9 -99.9 -99.9 -9999.9 -9999.9 -0.0621999986 37.2971992493 -999.999 3678
MKN 2023 09 18 12 00 00 17 1.5 99.27 3 660.8 7.55 -99.9 -99.9 -99.9 -9999.9 -9999.9 -0.0621999986 37.2971992493 -999.999 3678
MKN 2023 09 18 13 00 00 331 1.4 99.3 0 660.6 7.35 -99.9 -99.9 -99.9 -9999.9 -9999.9 -0.0621999986 37.2971992493 -999.999 3678
MKN 2023 09 18 14 00 00 287 2.5 99.3 0 660.5 7.48 -99.9 -99.9 -99.9 -9999.9 -9999.9 -0.0621999986 37.2971992493 -999.999 3678
MKN 2023 09 18 15 00 00 326 1.7 99.03 0 660.5 6.63 -99.9 -99.9 -99.9 -9999.9 -9999.9 -0.0621999986 37.2971992493 -999.999 3678
MKN 2023 09 18 16 00 00 193 2.3 95.58 0 660.5 5.52 -99.9 -99.9 -99.9 -9999.9 -9999.9 -0.0621999986 37.2971992493 -999.999 3678
MKN 2023 09 18 17 00 00 226 3.1 97.8 0 660.7 5.38 -99.9 -99.9 -99.9 -9999.9 -9999.9 -0.0621999986 37.2971992493 -999.999 3678
MKN 2023 09 18 18 00 00 220 3.5 95.15 0 661 4.97 -99.9 -99.9 -99.9 -9999.9 -9999.9 -0.0621999986 37.2971992493 -999.999 3678
MKN 2023 09 18 19 00 00 217 3.6 93 0 661.2 4.67 -99.9 -99.9 -99.9 -9999.9 -9999.9 -0.0621999986 37.2971992493 -999.999 3678
MKN 2023 09 18 20 00 00 229 3.4 94.03 0 661.4 4.25 -99.9 -99.9 -99.9 -9999.9 -9999.9 -0.0621999986 37.2971992493 -999.999 3678
MKN 2023 09 18 21 00 00 223 2.8 90.82 0 661.5 4.27 -99.9 -99.9 -99.9 -9999.9 -9999.9 -0.0621999986 37.2971992493 -999.999 3678
MKN 2023 09 18 22 00 00 229 3.4 83.32 0 661.2 5.4 -99.9 -99.9 -99.9 -9999.9 -9999.9 -0.0621999986 37.2971992493 -999.999 3678
MKN 2023 09 18 23 00 00 202 1.8 82.43 0 660.9 5.58 -99.9 -99.9 -99.9 -9999.9 -9999.9 -0.0621999986 37.2971992493 -999.999 3678
MKN 2023 09 19 00 00 00 236 1.3 85.82 0 660.9 5.1 -99.9 -99.9 -99.9 -9999.9 -9999.9 -0.0621999986 37.2971992493 -999.999 3678
MKN 2023 09 19 01 00 00 207 2.3 87.57 0 660.8 4.95 -99.9 -99.9 -99.9 -9999.9 -9999.9 -0.0621999986 37.2971992493 -999.999 3678
MKN 2023 09 19 02 00 00 247 1 97.22 0 661 4.32 -99.9 -99.9 -99.9 -9999.9 -9999.9 -0.0621999986 37.2971992493 -999.999 3678
MKN 2023 09 19 03 00 00 105 1.7 98.67 0 661.3 4.32 -99.9 -99.9 -99.9 -9999.9 -9999.9 -0.0621999986 37.2971992493 -999.999 3678
MKN 2023 09 19 04 00 00 98 1.7 92.12 0 661.7 6.7 -99.9 -99.9 -99.9 -9999.9 -9999.9 -0.0621999986 37.2971992493 -999.999 3678
MKN 2023 09 19 05 00 00 202 1.4 95.35 0 662.2 7.25 -99.9 -99.9 -99.9 -9999.9 -9999.9 -0.0621999986 37.2971992493 -999.999 3678
MKN 2023 09 19 06 00 00 0 1.5 91.1 0 662.9 8.55 -99.9 -99.9 -99.9 -9999.9 -9999.9 -0.0621999986 37.2971992493 -999.999 3678
MKN 2023 09 19 07 00 00 353 2.9 87.2 0 663.2 9.47 -99.9 -99.9 -99.9 -9999.9 -9999.9 -0.0621999986 37.2971992493 -999.999 3678
MKN 2023 09 19 08 00 00 1 4.5 94.98 0 663.2 8.38 -99.9 -99.9 -99.9 -9999.9 -9999.9 -0.0621999986 37.2971992493 -999.999 3678
MKN 2023 09 19 09 00 00 6 3.1 86.92 0 663 9.82 -99.9 -99.9 -99.9 -9999.9 -9999.9 -0.0621999986 37.2971992493 -999.999 3678
MKN 2023 09 19 10 00 00 18 5 93.27 0 662.6 9.02 -99.9 -99.9 -99.9 -9999.9 -9999.9 -0.0621999986 37.2971992493 -999.999 3678
MKN 2023 09 19 11 00 00 11 3.7 94.92 1.2 662.2 6.72 -99.9 -99.9 -99.9 -9999.9 -9999.9 -0.0621999986 37.2971992493 -999.999 3678
MKN 2023 09 19 12 00 00 21 1.9 90.57 8.1 661.9 8.38 -99.9 -99.9 -99.9 -9999.9 -9999.9 -0.0621999986 37.2971992493 -999.999 3678
MKN 2023 09 19 13 00 00 28 2.2 99.23 0 661.6 8.4 -99.9 -99.9 -99.9 -9999.9 -9999.9 -0.0621999986 37.2971992493 -999.999 3678
MKN 2023 09 19 14 00 00 48 4.4 99.27 0 661.2 8 -99.9 -99.9 -99.9 -9999.9 -9999.9 -0.0621999986 37.2971992493 -999.999 3678
MKN 2023 09 19 15 00 00 42 3.9 99.3 0 661.1 6.93 -99.9 -99.9 -99.9 -9999.9 -9999.9 -0.0621999986 37.2971992493 -999.999 3678
MKN 2023 09 19 16 00 00 69 1.9 89.68 0 661.3 5.58 -99.9 -99.9 -99.9 -9999.9 -9999.9 -0.0621999986 37.2971992493 -999.999 3678
MKN 2023 09 19 17 00 00 211 2.2 90.78 0 661.3 5.03 -99.9 -99.9 -99.9 -9999.9 -9999.9 -0.0621999986 37.2971992493 -999.999 3678
MKN 2023 09 19 18 00 00 227 2.1 97.83 0 661.6 4.57 -99.9 -99.9 -99.9 -9999.9 -9999.9 -0.0621999986 37.2971992493 -999.999 3678
MKN 2023 09 19 19 00 00 205 3.1 88.92 0 661.8 4.75 -99.9 -99.9 -99.9 -9999.9 -9999.9 -0.0621999986 37.2971992493 -999.999 3678
MKN 2023 09 19 20 00 00 233 2.1 93.4 0 662 4.08 -99.9 -99.9 -99.9 -9999.9 -9999.9 -0.0621999986 37.2971992493 -999.999 3678
MKN 2023 09 19 21 00 00 242 2.5 85.22 0 661.8 4.45 -99.9 -99.9 -99.9 -9999.9 -9999.9 -0.0621999986 37.2971992493 -999.999 3678
MKN 2023 09 19 22 00 00 227 2.5 87.35 0 661.5 4.23 -99.9 -99.9 -99.9 -9999.9 -9999.9 -0.0621999986 37.2971992493 -999.999 3678
MKN 2023 09 19 23 00 00 191 2.1 77.25 0 661.2 4.42 -99.9 -99.9 -99.9 -9999.9 -9999.9 -0.0621999986 37.2971992493 -999.999 3678
MKN 2023 09 20 00 00 00 113 2.2 76.48 0 661 4.25 -99.9 -99.9 -99.9 -9999.9 -9999.9 -0.0621999986 37.2971992493 -999.999 3678
MKN 2023 09 20 01 00 00 137 1.8 71 0 661 4.2 -99.9 -99.9 -99.9 -9999.9 -9999.9 -0.0621999986 37.2971992493 -999.999 3678
MKN 2023 09 20 02 00 00 113 2.4 72.8 0 661.2 3.7 -99.9 -99.9 -99.9 -9999.9 -9999.9 -0.0621999986 37.2971992493 -999.999 3678
MKN 2023 09 20 03 00 00 126 2.8 68.72 0 661.3 4.05 -99.9 -99.9 -99.9 -9999.9 -9999.9 -0.0621999986 37.2971992493 -999.999 3678
MKN 2023 09 20 04 00 00 110 3.8 59.23 0 661.6 7.97 -99.9 -99.9 -99.9 -9999.9 -9999.9 -0.0621999986 37.2971992493 -999.999 3678
MKN 2023 09 20 05 00 00 74 2.9 64.35 0 662 9.53 -99.9 -99.9 -99.9 -9999.9 -9999.9 -0.0621999986 37.2971992493 -999.999 3678
MKN 2023 09 20 06 00 00 50 4 63.45 0 662.4 10.1 -99.9 -99.9 -99.9 -9999.9 -9999.9 -0.0621999986 37.2971992493 -999.999 3678
MKN 2023 09 20 07 00 00 31 5.3 81.9 0 662.9 9.65 -99.9 -99.9 -99.9 -9999.9 -9999.9 -0.0621999986 37.2971992493 -999.999 3678
MKN 2023 09 20 08 00 00 16 5.6 78.53 0 663 10.87 -99.9 -99.9 -99.9 -9999.9 -9999.9 -0.0621999986 37.2971992493 -999.999 3678
MKN 2023 09 20 09 00 00 13 6.1 83.95 0 663 10.35 -99.9 -99.9 -99.9 -9999.9 -9999.9 -0.0621999986 37.2971992493 -999.999 3678
MKN 2023 09 20 10 00 00 12 6.1 97.1 0 662.8 8.42 -99.9 -99.9 -99.9 -9999.9 -9999.9 -0.0621999986 37.2971992493 -999.999 3678
MKN 2023 09 20 11 00 00 5 5 95.75 0 662.4 8.98 -99.9 -99.9 -99.9 -9999.9 -9999.9 -0.0621999986 37.2971992493 -999.999 3678
MKN 2023 09 20 12 00 00 35 6.3 96.38 0.2 661.9 8.15 -99.9 -99.9 -99.9 -9999.9 -9999.9 -0.0621999986 37.2971992493 -999.999 3678
MKN 2023 09 20 13 00 00 88 5.7 93.6 1.9 661.5 8.77 -99.9 -99.9 -99.9 -9999.9 -9999.9 -0.0621999986 37.2971992493 -999.999 3678
MKN 2023 09 20 14 00 00 27 3.5 99.27 0 661.5 7.95 -99.9 -99.9 -99.9 -9999.9 -9999.9 -0.0621999986 37.2971992493 -999.999 3678
MKN 2023 09 20 15 00 00 25 2 98.47 0 661.5 6.53 -99.9 -99.9 -99.9 -9999.9 -9999.9 -0.0621999986 37.2971992493 -999.999 3678
MKN 2023 09 20 16 00 00 207 1.9 93.25 0 661.5 6.5 -99.9 -99.9 -99.9 -9999.9 -9999.9 -0.0621999986 37.2971992493 -999.999 3678
MKN 2023 09 20 17 00 00 227 2.7 92.68 0 661.8 6.38 -99.9 -99.9 -99.9 -9999.9 -9999.9 -0.0621999986 37.2971992493 -999.999 3678
MKN 2023 09 20 18 00 00 215 1.5 89.2 0 662.1 5.28 -99.9 -99.9 -99.9 -9999.9 -9999.9 -0.0621999986 37.2971992493 -999.999 3678
MKN 2023 09 20 19 00 00 191 3.1 90.35 0 662.1 4.78 -99.9 -99.9 -99.9 -9999.9 -9999.9 -0.0621999986 37.2971992493 -999.999 3678
MKN 2023 09 20 20 00 00 171 1.6 94.37 0 662.4 4.75 -99.9 -99.9 -99.9 -9999.9 -9999.9 -0.0621999986 37.2971992493 -999.999 3678
MKN 2023 09 20 21 00 00 246 2 94.07 0 662.4 3.98 -99.9 -99.9 -99.9 -9999.9 -9999.9 -0.0621999986 37.2971992493 -999.999 3678
MKN 2023 09 20 22 00 00 114 1.4 88.68 0 662 3.93 -99.9 -99.9 -99.9 -9999.9 -9999.9 -0.0621999986 37.2971992493 -999.999 3678
MKN 2023 09 20 23 00 00 133 2.4 81.33 0 661.6 3.88 -99.9 -99.9 -99.9 -9999.9 -9999.9 -0.0621999986 37.2971992493 -999.999 3678
MKN 2023 09 21 00 00 00 123 3.5 62.83 0 661.3 3.95 -99.9 -99.9 -99.9 -9999.9 -9999.9 -0.0621999986 37.2971992493 -999.999 3678
MKN 2023 09 21 01 00 00 126 4.8 53.28 0 661.3 4.37 -99.9 -99.9 -99.9 -9999.9 -9999.9 -0.0621999986 37.2971992493 -999.999 3678
MKN 2023 09 21 02 00 00 132 6.1 48.42 0 661.4 4.63 -99.9 -99.9 -99.9 -9999.9 -9999.9 -0.0621999986 37.2971992493 -999.999 3678
MKN 2023 09 21 03 00 00 136 6.2 45.65 0 661.6 5.2 -99.9 -99.9 -99.9 -9999.9 -9999.9 -0.0621999986 37.2971992493 -999.999 3678
MKN 2023 09 21 04 00 00 136 6.4 38.02 0 661.8 8.72 -99.9 -99.9 -99.9 -9999.9 -9999.9 -0.0621999986 37.2971992493 -999.999 3678
MKN 2023 09 21 05 00 00 115 7.2 35.43 0 662.3 11.1 -99.9 -99.9 -99.9 -9999.9 -9999.9 -0.0621999986 37.2971992493 -999.999 3678
MKN 2023 09 21 06 00 00 103 8.4 40.57 0 662.7 12.27 -99.9 -99.9 -99.9 -9999.9 -9999.9 -0.0621999986 37.2971992493 -999.999 3678
MKN 2023 09 21 07 00 00 70 5.6 86.7 0 663.1 9.1 -99.9 -99.9 -99.9 -9999.9 -9999.9 -0.0621999986 37.2971992493 -999.999 3678
MKN 2023 09 21 08 00 00 300 2.9 99.23 0 663.1 8.27 -99.9 -99.9 -99.9 -9999.9 -9999.9 -0.0621999986 37.2971992493 -999.999 3678
MKN 2023 09 21 09 00 00 294 2.8 94.57 0 663 9.4 -99.9 -99.9 -99.9 -9999.9 -9999.9 -0.0621999986 37.2971992493 -999.999 3678
MKN 2023 09 21 10 00 00 332 3 96.03 0 662.6 9.57 -99.9 -99.9 -99.9 -9999.9 -9999.9 -0.0621999986 37.2971992493 -999.999 3678
MKN 2023 09 21 11 00 00 22 6.2 99.08 0 661.8 8.83 -99.9 -99.9 -99.9 -9999.9 -9999.9 -0.0621999986 37.2971992493 -999.999 3678
MKN 2023 09 21 12 00 00 15 5.5 99.28 0 661.3 8.13 -99.9 -99.9 -99.9 -9999.9 -9999.9 -0.0621999986 37.2971992493 -999.999 3678
MKN 2023 09 21 13 00 00 344 3 99.28 0 661 7.9 -99.9 -99.9 -99.9 -9999.9 -9999.9 -0.0621999986 37.2971992493 -999.999 3678
MKN 2023 09 21 14 00 00 330 2.5 99.25 0.1 660.7 7.52 -99.9 -99.9 -99.9 -9999.9 -9999.9 -0.0621999986 37.2971992493 -999.999 3678
MKN 2023 09 21 15 00 00 60 1.8 99.07 1.8 660.9 6.4 -99.9 -99.9 -99.9 -9999.9 -9999.9 -0.0621999986 37.2971992493 -999.999 3678
MKN 2023 09 21 16 00 00 166 2.9 97.17 0 660.8 6.2 -99.9 -99.9 -99.9 -9999.9 -9999.9 -0.0621999986 37.2971992493 -999.999 3678
MKN 2023 09 21 17 00 00 219 2.3 92.73 0 660.8 5.78 -99.9 -99.9 -99.9 -9999.9 -9999.9 -0.0621999986 37.2971992493 -999.999 3678
MKN 2023 09 21 18 00 00 168 3.6 84.77 0 661 5.62 -99.9 -99.9 -99.9 -9999.9 -9999.9 -0.0621999986 37.2971992493 -999.999 3678
MKN 2023 09 21 19 00 00 158 4.6 71.37 0 661.4 5.67 -99.9 -99.9 -99.9 -9999.9 -9999.9 -0.0621999986 37.2971992493 -999.999 3678
MKN 2023 09 21 20 00 00 154 6.3 60.03 0 661.4 5.7 -99.9 -99.9 -99.9 -9999.9 -9999.9 -0.0621999986 37.2971992493 -999.999 3678
MKN 2023 09 21 21 00 00 138 8.3 57.48 0 661.2 4.28 -99.9 -99.9 -99.9 -9999.9 -9999.9 -0.0621999986 37.2971992493 -999.999 3678
MKN 2023 09 21 22 00 00 133 5.6 58.15 0 660.7 3.32 -99.9 -99.9 -99.9 -9999.9 -9999.9 -0.0621999986 37.2971992493 -999.999 3678
MKN 2023 09 21 23 00 00 136 5.6 55.03 0 660.3 3.43 -99.9 -99.9 -99.9 -9999.9 -9999.9 -0.0621999986 37.2971992493 -999.999 3678
MKN 2023 09 22 00 00 00 138 6.2 54.23 0 660.1 3.68 -99.9 -99.9 -99.9 -9999.9 -9999.9 -0.0621999986 37.2971992493 -999.999 3678
MKN 2023 09 22 01 00 00 139 6.5 52.77 0 660.3 3.95 -99.9 -99.9 -99.9 -9999.9 -9999.9 -0.0621999986 37.2971992493 -999.999 3678
MKN 2023 09 22 02 00 00 139 6.6 50 0 660.6 4.13 -99.9 -99.9 -99.9 -9999.9 -9999.9 -0.0621999986 37.2971992493 -999.999 3678
MKN 2023 09 22 03 00 00 138 6.5 45.35 0 660.7 4.98 -99.9 -99.9 -99.9 -9999.9 -9999.9 -0.0621999986 37.2971992493 -999.999 3678
MKN 2023 09 22 04 00 00 136 7.1 41.43 0 661.1 7.62 -99.9 -99.9 -99.9 -9999.9 -9999.9 -0.0621999986 37.2971992493 -999.999 3678
MKN 2023 09 22 05 00 00 117 7.5 37.57 0 661.7 9.92 -99.9 -99.9 -99.9 -9999.9 -9999.9 -0.0621999986 37.2971992493 -999.999 3678
MKN 2023 09 22 06 00 00 106 7.2 35.77 0 662.3 11.53 -99.9 -99.9 -99.9 -9999.9 -9999.9 -0.0621999986 37.2971992493 -999.999 3678
MKN 2023 09 22 07 00 00 73 6.5 54.68 0 662.8 11.78 -99.9 -99.9 -99.9 -9999.9 -9999.9 -0.0621999986 37.2971992493 -999.999 3678
MKN 2023 09 22 08 00 00 27 8.4 82.22 0 662.8 10.43 -99.9 -99.9 -99.9 -9999.9 -9999.9 -0.0621999986 37.2971992493 -999.999 3678
MKN 2023 09 22 09 00 00 12 7.7 85.03 0 662.6 9.8 -99.9 -99.9 -99.9 -9999.9 -9999.9 -0.0621999986 37.2971992493 -999.999 3678
MKN 2023 09 22 10 00 00 10 5.3 80.03 0 662.4 8.55 -99.9 -99.9 -99.9 -9999.9 -9999.9 -0.0621999986 37.2971992493 -999.999 3678
MKN 2023 09 22 11 00 00 354 4.1 80.47 0 662.1 8.43 -99.9 -99.9 -99.9 -9999.9 -9999.9 -0.0621999986 37.2971992493 -999.999 3678
MKN 2023 09 22 12 00 00 337 3.5 80.2 0 661.6 9.27 -99.9 -99.9 -99.9 -9999.9 -9999.9 -0.0621999986 37.2971992493 -999.999 3678
MKN 2023 09 22 13 00 00 351 3.5 98.03 0.6 661.2 7.78 -99.9 -99.9 -99.9 -9999.9 -9999.9 -0.0621999986 37.2971992493 -999.999 3678
MKN 2023 09 22 14 00 00 346 2.5 89.62 0.8 661 8.38 -99.9 -99.9 -99.9 -9999.9 -9999.9 -0.0621999986 37.2971992493 -999.999 3678
MKN 2023 09 22 15 00 00 325 3.6 99.03 0 660.9 7.12 -99.9 -99.9 -99.9 -9999.9 -9999.9 -0.0621999986 37.2971992493 -999.999 3678
MKN 2023 09 22 16 00 00 330 3.5 99.3 0 661.1 6.3 -99.9 -99.9 -99.9 -9999.9 -9999.9 -0.0621999986 37.2971992493 -999.999 3678
MKN 2023 09 22 17 00 00 45 1.9 96.67 0 661.2 4.85 -99.9 -99.9 -99.9 -9999.9 -9999.9 -0.0621999986 37.2971992493 -999.999 3678
MKN 2023 09 22 18 00 00 153 1.1 85.3 0 661.5 4.02 -99.9 -99.9 -99.9 -9999.9 -9999.9 -0.0621999986 37.2971992493 -999.999 3678
MKN 2023 09 22 19 00 00 122 3.1 78.23 0 661.6 3.02 -99.9 -99.9 -99.9 -9999.9 -9999.9 -0.0621999986 37.2971992493 -999.999 3678
MKN 2023 09 22 20 00 00 113 2.2 77.13 0 661.9 2.73 -99.9 -99.9 -99.9 -9999.9 -9999.9 -0.0621999986 37.2971992493 -999.999 3678
MKN 2023 09 22 21 00 00 114 3.4 77.18 0 661.6 3.23 -99.9 -99.9 -99.9 -9999.9 -9999.9 -0.0621999986 37.2971992493 -999.999 3678
MKN 2023 09 22 22 00 00 116 3.7 79 0 661.1 3.03 -99.9 -99.9 -99.9 -9999.9 -9999.9 -0.0621999986 37.2971992493 -999.999 3678
MKN 2023 09 22 23 00 00 129 4.4 77.9 0 660.6 2.77 -99.9 -99.9 -99.9 -9999.9 -9999.9 -0.0621999986 37.2971992493 -999.999 3678
MKN 2023 09 23 00 00 00 128 5.1 73.65 0 660.3 3.28 -99.9 -99.9 -99.9 -9999.9 -9999.9 -0.0621999986 37.2971992493 -999.999 3678
MKN 2023 09 23 01 00 00 118 5.4 68.83 0 660.1 2.95 -99.9 -99.9 -99.9 -9999.9 -9999.9 -0.0621999986 37.2971992493 -999.999 3678
MKN 2023 09 23 02 00 00 120 5.3 67.17 0 660.4 3.22 -99.9 -99.9 -99.9 -9999.9 -9999.9 -0.0621999986 37.2971992493 -999.999 3678
MKN 2023 09 23 03 00 00 124 6.5 59.95 0 660.8 4.32 -99.9 -99.9 -99.9 -9999.9 -9999.9 -0.0621999986 37.2971992493 -999.999 3678
MKN 2023 09 23 04 00 00 127 5.9 48.5 0 661.3 7.77 -99.9 -99.9 -99.9 -9999.9 -9999.9 -0.0621999986 37.2971992493 -999.999 3678
MKN 2023 09 23 05 00 00 98 5.5 40.82 0 661.8 10.33 -99.9 -99.9 -99.9 -9999.9 -9999.9 -0.0621999986 37.2971992493 -999.999 3678
MKN 2023 09 23 06 00 00 59 5.9 54.83 0 662.3 10.55 -99.9 -99.9 -99.9 -9999.9 -9999.9 -0.0621999986 37.2971992493 -999.999 3678
MKN 2023 09 23 07 00 00 21 6.7 70.38 0 662.7 10.5 -99.9 -99.9 -99.9 -9999.9 -9999.9 -0.0621999986 37.2971992493 -999.999 3678
MKN 2023 09 23 08 00 00 8 7 75.63 0 662.6 9.68 -99.9 -99.9 -99.9 -9999.9 -9999.9 -0.0621999986 37.2971992493 -999.999 3678
MKN 2023 09 23 09 00 00 21 6.1 76.68 0 662.3 9.67 -99.9 -99.9 -99.9 -9999.9 -9999.9 -0.0621999986 37.2971992493 -999.999 3678
MKN 2023 09 23 10 00 00 12 6.8 78.25 0 662.1 9.48 -99.9 -99.9 -99.9 -9999.9 -9999.9 -0.0621999986 37.2971992493 -999.999 3678
MKN 2023 09 23 11 00 00 8 6.2 75.57 0 661.8 9.78 -99.9 -99.9 -99.9 -9999.9 -9999.9 -0.0621999986 37.2971992493 -999.999 3678
MKN 2023 09 23 12 00 00 356 5.7 78.8 0 661.6 9.23 -99.9 -99.9 -99.9 -9999.9 -9999.9 -0.0621999986 37.2971992493 -999.999 3678
MKN 2023 09 23 13 00 00 357 3.8 85.22 0 661.6 8.92 -99.9 -99.9 -99.9 -9999.9 -9999.9 -0.0621999986 37.2971992493 -999.999 3678
MKN 2023 09 23 14 00 00 353 4.1 93.62 0 661.4 8.05 -99.9 -99.9 -99.9 -9999.9 -9999.9 -0.0621999986 37.2971992493 -999.999 3678
MKN 2023 09 23 15 00 00 317 2.2 99.27 0 661.3 7.35 -99.9 -99.9 -99.9 -9999.9 -9999.9 -0.0621999986 37.2971992493 -999.999 3678
MKN 2023 09 23 16 00 00 270 2.3 97.65 0 661.4 5.27 -99.9 -99.9 -99.9 -9999.9 -9999.9 -0.0621999986 37.2971992493 -999.999 3678
MKN 2023 09 23 17 00 00 209 1.1 98.92 0 661.5 4.75 -99.9 -99.9 -99.9 -9999.9 -9999.9 -0.0621999986 37.2971992493 -999.999 3678
MKN 2023 09 23 18 00 00 212 1.7 95.72 0 661.8 4.13 -99.9 -99.9 -99.9 -9999.9 -9999.9 -0.0621999986 37.2971992493 -999.999 3678
MKN 2023 09 23 19 00 00 197 3.2 85.62 0 662 4.1 -99.9 -99.9 -99.9 -9999.9 -9999.9 -0.0621999986 37.2971992493 -999.999 3678
MKN 2023 09 23 20 00 00 205 1.9 79.63 0 662 4.2 -99.9 -99.9 -99.9 -9999.9 -9999.9 -0.0621999986 37.2971992493 -999.999 3678
MKN 2023 09 23 21 00 00 225 0.8 79.2 0 661.7 3.4 -99.9 -99.9 -99.9 -9999.9 -9999.9 -0.0621999986 37.2971992493 -999.999 3678
MKN 2023 09 23 22 00 00 180 1.4 76.35 0 661.4 3.13 -99.9 -99.9 -99.9 -9999.9 -9999.9 -0.0621999986 37.2971992493 -999.999 3678
MKN 2023 09 23 23 00 00 143 1.8 65.73 0 661 3.67 -99.9 -99.9 -99.9 -9999.9 -9999.9 -0.0621999986 37.2971992493 -999.999 3678
MKN 2023 09 24 00 00 00 111 2.6 63.7 0 660.7 3.13 -99.9 -99.9 -99.9 -9999.9 -9999.9 -0.0621999986 37.2971992493 -999.999 3678
MKN 2023 09 24 01 00 00 126 3.2 60.62 0 660.6 3.72 -99.9 -99.9 -99.9 -9999.9 -9999.9 -0.0621999986 37.2971992493 -999.999 3678
MKN 2023 09 24 02 00 00 120 3.6 57.07 0 660.9 4.5 -99.9 -99.9 -99.9 -9999.9 -9999.9 -0.0621999986 37.2971992493 -999.999 3678
MKN 2023 09 24 03 00 00 110 4.8 58.28 0 661.2 4.78 -99.9 -99.9 -99.9 -9999.9 -9999.9 -0.0621999986 37.2971992493 -999.999 3678
MKN 2023 09 24 04 00 00 119 4.5 51.03 0 661.4 8.5 -99.9 -99.9 -99.9 -9999.9 -9999.9 -0.0621999986 37.2971992493 -999.999 3678
MKN 2023 09 24 05 00 00 65 4 63.58 0 662 8.92 -99.9 -99.9 -99.9 -9999.9 -9999.9 -0.0621999986 37.2971992493 -999.999 3678
MKN 2023 09 24 06 00 00 7 4.1 70.2 0 662.6 9.95 -99.9 -99.9 -99.9 -9999.9 -9999.9 -0.0621999986 37.2971992493 -999.999 3678
MKN 2023 09 24 07 00 00 4 4.5 81.92 0 663 9.52 -99.9 -99.9 -99.9 -9999.9 -9999.9 -0.0621999986 37.2971992493 -999.999 3678
MKN 2023 09 24 08 00 00 355 5.3 88.07 0 663 9.27 -99.9 -99.9 -99.9 -9999.9 -9999.9 -0.0621999986 37.2971992493 -999.999 3678
MKN 2023 09 24 09 00 00 1 5.1 85.48 0 662.8 9.77 -99.9 -99.9 -99.9 -9999.9 -9999.9 -0.0621999986 37.2971992493 -999.999 3678
MKN 2023 09 24 10 00 00 3 5.6 95.1 0 662.5 9.17 -99.9 -99.9 -99.9 -9999.9 -9999.9 -0.0621999986 37.2971992493 -999.999 3678
MKN 2023 09 24 11 00 00 354 5.5 97.55 0 662 8.62 -99.9 -99.9 -99.9 -9999.9 -9999.9 -0.0621999986 37.2971992493 -999.999 3678
MKN 2023 09 24 12 00 00 353 5.2 99.22 0 661.6 8.35 -99.9 -99.9 -99.9 -9999.9 -9999.9 -0.0621999986 37.2971992493 -999.999 3678
MKN 2023 09 24 13 00 00 337 3.4 96.42 0 661.4 8.92 -99.9 -99.9 -99.9 -9999.9 -9999.9 -0.0621999986 37.2971992493 -999.999 3678
MKN 2023 09 24 14 00 00 322 4.2 99.27 0 661.4 7.75 -99.9 -99.9 -99.9 -9999.9 -9999.9 -0.0621999986 37.2971992493 -999.999 3678
MKN 2023 09 24 15 00 00 315 1.6 99.3 0 661.3 6.75 -99.9 -99.9 -99.9 -9999.9 -9999.9 -0.0621999986 37.2971992493 -999.999 3678
MKN 2023 09 24 16 00 00 239 2.4 99.3 0 661.4 6.83 -99.9 -99.9 -99.9 -9999.9 -9999.9 -0.0621999986 37.2971992493 -999.999 3678
MKN 2023 09 24 17 00 00 273 1.8 93.82 0 661.9 5.47 -99.9 -99.9 -99.9 -9999.9 -9999.9 -0.0621999986 37.2971992493 -999.999 3678
MKN 2023 09 24 18 00 00 202 2.6 78.57 0 661.9 5.17 -99.9 -99.9 -99.9 -9999.9 -9999.9 -0.0621999986 37.2971992493 -999.999 3678
MKN 2023 09 24 19 00 00 218 1.2 75.82 0 662.1 5.03 -99.9 -99.9 -99.9 -9999.9 -9999.9 -0.0621999986 37.2971992493 -999.999 3678
MKN 2023 09 24 20 00 00 236 1.9 80.83 0 662.2 4.83 -99.9 -99.9 -99.9 -9999.9 -9999.9 -0.0621999986 37.2971992493 -999.999 3678
MKN 2023 09 24 21 00 00 270 1.9 95.85 0 662 4.1 -99.9 -99.9 -99.9 -9999.9 -9999.9 -0.0621999986 37.2971992493 -999.999 3678
MKN 2023 09 24 22 00 00 220 3.1 87.33 0 661.7 4.25 -99.9 -99.9 -99.9 -9999.9 -9999.9 -0.0621999986 37.2971992493 -999.999 3678
MKN 2023 09 24 23 00 00 235 3.3 83.25 0 661.2 4.45 -99.9 -99.9 -99.9 -9999.9 -9999.9 -0.0621999986 37.2971992493 -999.999 3678
MKN 2023 09 25 00 00 00 240 1.4 83.68 0 661 4.38 -99.9 -99.9 -99.9 -9999.9 -9999.9 -0.0621999986 37.2971992493 -999.999 3678
MKN 2023 09 25 01 00 00 245 1.7 77.42 0 661.1 4.52 -99.9 -99.9 -99.9 -9999.9 -9999.9 -0.0621999986 37.2971992493 -999.999 3678
MKN 2023 09 25 02 00 00 222 1.5 85.47 0 661.4 3.95 -99.9 -99.9 -99.9 -9999.9 -9999.9 -0.0621999986 37.2971992493 -999.999 3678
MKN 2023 09 25 03 00 00 210 2.1 90.4 0 661.7 3.92 -99.9 -99.9 -99.9 -9999.9 -9999.9 -0.0621999986 37.2971992493 -999.999 3678
MKN 2023 09 25 04 00 00 212 1.6 86.18 0 662.1 6.33 -99.9 -99.9 -99.9 -9999.9 -9999.9 -0.0621999986 37.2971992493 -999.999 3678
MKN 2023 09 25 05 00 00 255 1.2 80.2 0 662.5 8.03 -99.9 -99.9 -99.9 -9999.9 -9999.9 -0.0621999986 37.2971992493 -999.999 3678
MKN 2023 09 25 06 00 00 286 1.7 84.87 0 663 8.57 -99.9 -99.9 -99.9 -9999.9 -9999.9 -0.0621999986 37.2971992493 -999.999 3678
MKN 2023 09 25 07 00 00 316 3.3 97.32 0 663.3 7.83 -99.9 -99.9 -99.9 -9999.9 -9999.9 -0.0621999986 37.2971992493 -999.999 3678
MKN 2023 09 25 08 00 00 294 3.1 96.9 0 663.2 8.37 -99.9 -99.9 -99.9 -9999.9 -9999.9 -0.0621999986 37.2971992493 -999.999 3678
MKN 2023 09 25 09 00 00 330 3.4 98.82 0 662.8 8.05 -99.9 -99.9 -99.9 -9999.9 -9999.9 -0.0621999986 37.2971992493 -999.999 3678
MKN 2023 09 25 10 00 00 319 3.2 99.3 0 662.3 7.4 -99.9 -99.9 -99.9 -9999.9 -9999.9 -0.0621999986 37.2971992493 -999.999 3678
MKN 2023 09 25 11 00 00 350 4 99.3 0.2 661.9 7.4 -99.9 -99.9 -99.9 -9999.9 -9999.9 -0.0621999986 37.2971992493 -999.999 3678
MKN 2023 09 25 12 00 00 323 3.9 80.32 0.2 661.6 8.4 -99.9 -99.9 -99.9 -9999.9 -9999.9 -0.0621999986 37.2971992493 -999.999 3678
MKN 2023 09 25 13 00 00 271 5.8 72.3 0 661.3 9.4 -99.9 -99.9 -99.9 -9999.9 -9999.9 -0.0621999986 37.2971992493 -999.999 3678
MKN 2023 09 25 14 00 00 286 2.8 79.65 0 661.2 8.78 -99.9 -99.9 -99.9 -9999.9 -9999.9 -0.0621999986 37.2971992493 -999.999 3678
MKN 2023 09 25 15 00 00 290 3.2 87.53 0 661.2 6.78 -99.9 -99.9 -99.9 -9999.9 -9999.9 -0.0621999986 37.2971992493 -999.999 3678
MKN 2023 09 25 16 00 00 241 1.7 94.85 0 661.3 6.5 -99.9 -99.9 -99.9 -9999.9 -9999.9 -0.0621999986 37.2971992493 -999.999 3678
MKN 2023 09 25 17 00 00 -99.9 0.4 99.13 0 661.6 6.25 -99.9 -99.9 -99.9 -9999.9 -9999.9 -0.0621999986 37.2971992493 -999.999 3678
MKN 2023 09 25 18 00 00 294 1.2 99.3 0 662 5.27 -99.9 -99.9 -99.9 -9999.9 -9999.9 -0.0621999986 37.2971992493 -999.999 3678
MKN 2023 09 25 19 00 00 260 1.8 98.9 0 662.3 5.18 -99.9 -99.9 -99.9 -9999.9 -9999.9 -0.0621999986 37.2971992493 -999.999 3678
MKN 2023 09 25 20 00 00 238 3 92.65 0 662.4 4.97 -99.9 -99.9 -99.9 -9999.9 -9999.9 -0.0621999986 37.2971992493 -999.999 3678
MKN 2023 09 25 21 00 00 233 4.1 89.82 0 662 4.77 -99.9 -99.9 -99.9 -9999.9 -9999.9 -0.0621999986 37.2971992493 -999.999 3678
MKN 2023 09 25 22 00 00 238 4.4 92.78 0 661.6 4.98 -99.9 -99.9 -99.9 -9999.9 -9999.9 -0.0621999986 37.2971992493 -999.999 3678
MKN 2023 09 25 23 00 00 227 4.6 86.13 0 661.2 5.08 -99.9 -99.9 -99.9 -9999.9 -9999.9 -0.0621999986 37.2971992493 -999.999 3678
MKN 2023 09 26 00 00 00 219 4 84.18 0 660.9 5.15 -99.9 -99.9 -99.9 -9999.9 -9999.9 -0.0621999986 37.2971992493 -999.999 3678
MKN 2023 09 26 01 00 00 225 3.5 83.87 0 660.9 5.07 -99.9 -99.9 -99.9 -9999.9 -9999.9 -0.0621999986 37.2971992493 -999.999 3678
MKN 2023 09 26 02 00 00 222 3.1 82.97 0 661.1 5.1 -99.9 -99.9 -99.9 -9999.9 -9999.9 -0.0621999986 37.2971992493 -999.999 3678
MKN 2023 09 26 03 00 00 227 1.7 83.55 0 661.5 4.93 -99.9 -99.9 -99.9 -9999.9 -9999.9 -0.0621999986 37.2971992493 -999.999 3678
MKN 2023 09 26 04 00 00 201 2.3 77.58 0 661.7 7.68 -99.9 -99.9 -99.9 -9999.9 -9999.9 -0.0621999986 37.2971992493 -999.999 3678
MKN 2023 09 26 05 00 00 250 2.1 81.17 0 662.4 8.68 -99.9 -99.9 -99.9 -9999.9 -9999.9 -0.0621999986 37.2971992493 -999.999 3678
MKN 2023 09 26 06 00 00 295 2.3 84.53 0 663.1 8.92 -99.9 -99.9 -99.9 -9999.9 -9999.9 -0.0621999986 37.2971992493 -999.999 3678
MKN 2023 09 26 07 00 00 303 4.2 98.42 0 663.6 7.77 -99.9 -99.9 -99.9 -9999.9 -9999.9 -0.0621999986 37.2971992493 -999.999 3678
MKN 2023 09 26 08 00 00 312 4.9 97.4 0 663.5 7.77 -99.9 -99.9 -99.9 -9999.9 -9999.9 -0.0621999986 37.2971992493 -999.999 3678
MKN 2023 09 26 09 00 00 300 3.6 91.9 0 663.2 8.77 -99.9 -99.9 -99.9 -9999.9 -9999.9 -0.0621999986 37.2971992493 -999.999 3678
MKN 2023 09 26 10 00 00 307 4.7 83.8 0 662.7 10.38 -99.9 -99.9 -99.9 -9999.9 -9999.9 -0.0621999986 37.2971992493 -999.999 3678
MKN 2023 09 26 11 00 00 324 4.7 87.9 0 662 9.8 -99.9 -99.9 -99.9 -9999.9 -9999.9 -0.0621999986 37.2971992493 -999.999 3678
MKN 2023 09 26 12 00 00 9 3.4 81.32 0 661.3 11.23 -99.9 -99.9 -99.9 -9999.9 -9999.9 -0.0621999986 37.2971992493 -999.999 3678
MKN 2023 09 26 13 00 00 1 5.2 92.33 0 661 10.03 -99.9 -99.9 -99.9 -9999.9 -9999.9 -0.0621999986 37.2971992493 -999.999 3678
MKN 2023 09 26 14 00 00 16 5.6 96.92 0 660.7 8.95 -99.9 -99.9 -99.9 -9999.9 -9999.9 -0.0621999986 37.2971992493 -999.999 3678
MKN 2023 09 26 15 00 00 32 3.9 95.52 0 660.8 7.78 -99.9 -99.9 -99.9 -9999.9 -9999.9 -0.0621999986 37.2971992493 -999.999 3678
MKN 2023 09 26 16 00 00 61 1.5 97.82 0 661.1 7.03 -99.9 -99.9 -99.9 -9999.9 -9999.9 -0.0621999986 37.2971992493 -999.999 3678
MKN 2023 09 26 17 00 00 83 1.5 98.88 0 661.4 6 -99.9 -99.9 -99.9 -9999.9 -9999.9 -0.0621999986 37.2971992493 -999.999 3678
MKN 2023 09 26 18 00 00 45 0.8 99.13 0 661.6 5.72 -99.9 -99.9 -99.9 -9999.9 -9999.9 -0.0621999986 37.2971992493 -999.999 3678
MKN 2023 09 26 19 00 00 204 1.3 99.3 0 661.8 6.5 -99.9 -99.9 -99.9 -9999.9 -9999.9 -0.0621999986 37.2971992493 -999.999 3678
MKN 2023 09 26 20 00 00 274 1.5 99.3 0 662.1 6.45 -99.9 -99.9 -99.9 -9999.9 -9999.9 -0.0621999986 37.2971992493 -999.999 3678
MKN 2023 09 26 21 00 00 225 2.1 97.62 0 661.7 4.83 -99.9 -99.9 -99.9 -9999.9 -9999.9 -0.0621999986 37.2971992493 -999.999 3678
MKN 2023 09 26 22 00 00 214 2.3 93.63 0 661 4.45 -99.9 -99.9 -99.9 -9999.9 -9999.9 -0.0621999986 37.2971992493 -999.999 3678
MKN 2023 09 26 23 00 00 223 2.1 97.43 0 660.6 4.37 -99.9 -99.9 -99.9 -9999.9 -9999.9 -0.0621999986 37.2971992493 -999.999 3678
MKN 2023 09 27 00 00 00 188 2.4 86.18 0 660.4 4.45 -99.9 -99.9 -99.9 -9999.9 -9999.9 -0.0621999986 37.2971992493 -999.999 3678
MKN 2023 09 27 01 00 00 212 1.6 82.88 0 660.4 2.93 -99.9 -99.9 -99.9 -9999.9 -9999.9 -0.0621999986 37.2971992493 -999.999 3678
MKN 2023 09 27 02 00 00 140 3.1 75.65 0 660.4 3.9 -99.9 -99.9 -99.9 -9999.9 -9999.9 -0.0621999986 37.2971992493 -999.999 3678
MKN 2023 09 27 03 00 00 120 4.8 80.45 0 660.8 4.03 -99.9 -99.9 -99.9 -9999.9 -9999.9 -0.0621999986 37.2971992493 -999.999 3678
MKN 2023 09 27 04 00 00 134 5.2 69.8 0 661.3 8.03 -99.9 -99.9 -99.9 -9999.9 -9999.9 -0.0621999986 37.2971992493 -999.999 3678
MKN 2023 09 27 05 00 00 103 4.8 64.38 0 662 10.27 -99.9 -99.9 -99.9 -9999.9 -9999.9 -0.0621999986 37.2971992493 -999.999 3678
MKN 2023 09 27 06 00 00 52 5.1 71.52 0 662.6 10.43 -99.9 -99.9 -99.9 -9999.9 -9999.9 -0.0621999986 37.2971992493 -999.999 3678
MKN 2023 09 27 07 00 00 27 7.8 79.1 0 663.1 10.5 -99.9 -99.9 -99.9 -9999.9 -9999.9 -0.0621999986 37.2971992493 -999.999 3678
MKN 2023 09 27 08 00 00 35 8 88.55 0 662.9 9.3 -99.9 -99.9 -99.9 -9999.9 -9999.9 -0.0621999986 37.2971992493 -999.999 3678
MKN 2023 09 27 09 00 00 29 7 90.73 0 662.5 9.5 -99.9 -99.9 -99.9 -9999.9 -9999.9 -0.0621999986 37.2971992493 -999.999 3678
MKN 2023 09 27 10 00 00 12 6.4 97.47 0 662.2 8.73 -99.9 -99.9 -99.9 -9999.9 -9999.9 -0.0621999986 37.2971992493 -999.999 3678
MKN 2023 09 27 11 00 00 22 7.3 96.38 0 661.6 8.65 -99.9 -99.9 -99.9 -9999.9 -9999.9 -0.0621999986 37.2971992493 -999.999 3678
MKN 2023 09 27 12 00 00 43 5 95.15 0.1 660.9 9.1 -99.9 -99.9 -99.9 -9999.9 -9999.9 -0.0621999986 37.2971992493 -999.999 3678
MKN 2023 09 27 13 00 00 1 5.4 99.3 0 660.6 7.55 -99.9 -99.9 -99.9 -9999.9 -9999.9 -0.0621999986 37.2971992493 -999.999 3678
MKN 2023 09 27 14 00 00 246 4.7 98.58 0.8 660.5 7.67 -99.9 -99.9 -99.9 -9999.9 -9999.9 -0.0621999986 37.2971992493 -999.999 3678
MKN 2023 09 27 15 00 00 257 1.9 99.27 0 660.7 6.5 -99.9 -99.9 -99.9 -9999.9 -9999.9 -0.0621999986 37.2971992493 -999.999 3678
MKN 2023 09 27 16 00 00 117 1.5 98.87 0 660.9 5.07 -99.9 -99.9 -99.9 -9999.9 -9999.9 -0.0621999986 37.2971992493 -999.999 3678
MKN 2023 09 27 17 00 00 176 1.5 98.73 0 661.3 4.72 -99.9 -99.9 -99.9 -9999.9 -9999.9 -0.0621999986 37.2971992493 -999.999 3678
MKN 2023 09 27 18 00 00 124 1.6 92.47 0 661.8 3.82 -99.9 -99.9 -99.9 -9999.9 -9999.9 -0.0621999986 37.2971992493 -999.999 3678
MKN 2023 09 27 19 00 00 138 1.5 76.77 0 662.2 3.78 -99.9 -99.9 -99.9 -9999.9 -9999.9 -0.0621999986 37.2971992493 -999.999 3678
MKN 2023 09 27 20 00 00 134 5.6 60.5 0 662.2 4.83 -99.9 -99.9 -99.9 -9999.9 -9999.9 -0.0621999986 37.2971992493 -999.999 3678
MKN 2023 09 27 21 00 00 139 8.2 48.53 0 661.7 6.2 -99.9 -99.9 -99.9 -9999.9 -9999.9 -0.0621999986 37.2971992493 -999.999 3678
MKN 2023 09 27 22 00 00 141 11.5 43.62 0 660.8 6.48 -99.9 -99.9 -99.9 -9999.9 -9999.9 -0.0621999986 37.2971992493 -999.999 3678
MKN 2023 09 27 23 00 00 141 7.8 45.92 0 660.6 5.85 -99.9 -99.9 -99.9 -9999.9 -9999.9 -0.0621999986 37.2971992493 -999.999 3678
MKN 2023 09 28 00 00 00 206 2.8 44.67 0 660.7 6.1 -99.9 -99.9 -99.9 -9999.9 -9999.9 -0.0621999986 37.2971992493 -999.999 3678
MKN 2023 09 28 01 00 00 202 2 40.4 0 660.5 6.52 -99.9 -99.9 -99.9 -9999.9 -9999.9 -0.0621999986 37.2971992493 -999.999 3678
MKN 2023 09 28 02 00 00 200 1.5 42.83 0 660.8 6.13 -99.9 -99.9 -99.9 -9999.9 -9999.9 -0.0621999986 37.2971992493 -999.999 3678
MKN 2023 09 28 03 00 00 157 7.7 45.9 0 660.9 6.72 -99.9 -99.9 -99.9 -9999.9 -9999.9 -0.0621999986 37.2971992493 -999.999 3678
MKN 2023 09 28 04 00 00 166 6.1 37.12 0 661.3 9.57 -99.9 -99.9 -99.9 -9999.9 -9999.9 -0.0621999986 37.2971992493 -999.999 3678
MKN 2023 09 28 05 00 00 297 0.7 44.5 0 662.2 9.82 -99.9 -99.9 -99.9 -9999.9 -9999.9 -0.0621999986 37.2971992493 -999.999 3678
MKN 2023 09 28 06 00 00 276 2.1 60.2 0 662.8 11.33 -99.9 -99.9 -99.9 -9999.9 -9999.9 -0.0621999986 37.2971992493 -999.999 3678
MKN 2023 09 28 07 00 00 43 3.3 88.8 0 663.2 9.9 -99.9 -99.9 -99.9 -9999.9 -9999.9 -0.0621999986 37.2971992493 -999.999 3678
MKN 2023 09 28 08 00 00 341 4.4 98.38 0 663.3 8.32 -99.9 -99.9 -99.9 -9999.9 -9999.9 -0.0621999986 37.2971992493 -999.999 3678
MKN 2023 09 28 09 00 00 337 2.7 99.18 0 663.1 8.42 -99.9 -99.9 -99.9 -9999.9 -9999.9 -0.0621999986 37.2971992493 -999.999 3678
MKN 2023 09 28 10 00 00 342 4 99.3 0 662.5 8.07 -99.9 -99.9 -99.9 -9999.9 -9999.9 -0.0621999986 37.2971992493 -999.999 3678
MKN 2023 09 28 11 00 00 352 4.3 92.83 0 662 9.58 -99.9 -99.9 -99.9 -9999.9 -9999.9 -0.0621999986 37.2971992493 -999.999 3678
MKN 2023 09 28 12 00 00 26 4.2 93.98 0 661.5 8.63 -99.9 -99.9 -99.9 -9999.9 -9999.9 -0.0621999986 37.2971992493 -999.999 3678
MKN 2023 09 28 13 00 00 302 3.6 94.2 0 661.5 8.25 -99.9 -99.9 -99.9 -9999.9 -9999.9 -0.0621999986 37.2971992493 -999.999 3678
MKN 2023 09 28 14 00 00 313 3.7 98.38 0 661.4 7.38 -99.9 -99.9 -99.9 -9999.9 -9999.9 -0.0621999986 37.2971992493 -999.999 3678
MKN 2023 09 28 15 00 00 318 1.8 99.3 0 661.5 6.22 -99.9 -99.9 -99.9 -9999.9 -9999.9 -0.0621999986 37.2971992493 -999.999 3678
MKN 2023 09 28 16 00 00 233 0.9 99.28 0 661.6 5 -99.9 -99.9 -99.9 -9999.9 -9999.9 -0.0621999986 37.2971992493 -999.999 3678
MKN 2023 09 28 17 00 00 145 3.3 98.23 0 661.7 4.4 -99.9 -99.9 -99.9 -9999.9 -9999.9 -0.0621999986 37.2971992493 -999.999 3678
MKN 2023 09 28 18 00 00 225 1 90.88 0 662.1 3.25 -99.9 -99.9 -99.9 -9999.9 -9999.9 -0.0621999986 37.2971992493 -999.999 3678
MKN 2023 09 28 19 00 00 137 2.4 64.68 0 662.4 3.23 -99.9 -99.9 -99.9 -9999.9 -9999.9 -0.0621999986 37.2971992493 -999.999 3678
MKN 2023 09 28 20 00 00 136 5.3 56.8 0 662.6 4.37 -99.9 -99.9 -99.9 -9999.9 -9999.9 -0.0621999986 37.2971992493 -999.999 3678
MKN 2023 09 28 21 00 00 137 5.8 51.33 0 662.3 5.45 -99.9 -99.9 -99.9 -9999.9 -9999.9 -0.0621999986 37.2971992493 -999.999 3678
MKN 2023 09 28 22 00 00 151 6.6 43 0 661.8 7.22 -99.9 -99.9 -99.9 -9999.9 -9999.9 -0.0621999986 37.2971992493 -999.999 3678
MKN 2023 09 28 23 00 00 241 1.6 50.3 0 661.5 5.4 -99.9 -99.9 -99.9 -9999.9 -9999.9 -0.0621999986 37.2971992493 -999.999 3678
MKN 2023 09 29 00 00 00 126 3 46.62 0 661.2 4.98 -99.9 -99.9 -99.9 -9999.9 -9999.9 -0.0621999986 37.2971992493 -999.999 3678
MKN 2023 09 29 01 00 00 165 2.9 43.2 0 661 5.93 -99.9 -99.9 -99.9 -9999.9 -9999.9 -0.0621999986 37.2971992493 -999.999 3678
MKN 2023 09 29 02 00 00 198 1 50.57 0 661.2 4.2 -99.9 -99.9 -99.9 -9999.9 -9999.9 -0.0621999986 37.2971992493 -999.999 3678
MKN 2023 09 29 03 00 00 68 1.1 51.3 0 661.4 4.65 -99.9 -99.9 -99.9 -9999.9 -9999.9 -0.0621999986 37.2971992493 -999.999 3678
MKN 2023 09 29 04 00 00 189 1.4 44.47 0 661.9 8.17 -99.9 -99.9 -99.9 -9999.9 -9999.9 -0.0621999986 37.2971992493 -999.999 3678
MKN 2023 09 29 05 00 00 93 4.1 36.12 0 662.7 11.25 -99.9 -99.9 -99.9 -9999.9 -9999.9 -0.0621999986 37.2971992493 -999.999 3678
MKN 2023 09 29 06 00 00 80 5 58.07 0 663.3 9.6 -99.9 -99.9 -99.9 -9999.9 -9999.9 -0.0621999986 37.2971992493 -999.999 3678
MKN 2023 09 29 07 00 00 318 3.3 78.7 0 663.9 9.78 -99.9 -99.9 -99.9 -9999.9 -9999.9 -0.0621999986 37.2971992493 -999.999 3678
MKN 2023 09 29 08 00 00 324 3.3 90.02 0 663.9 9.25 -99.9 -99.9 -99.9 -9999.9 -9999.9 -0.0621999986 37.2971992493 -999.999 3678
MKN 2023 09 29 09 00 00 338 3.6 97.38 0 663.7 8.27 -99.9 -99.9 -99.9 -9999.9 -9999.9 -0.0621999986 37.2971992493 -999.999 3678
MKN 2023 09 29 10 00 00 344 2.5 99.25 0 663.2 8.35 -99.9 -99.9 -99.9 -9999.9 -9999.9 -0.0621999986 37.2971992493 -999.999 3678
MKN 2023 09 29 11 00 00 331 4.3 99.27 0 662.7 7.53 -99.9 -99.9 -99.9 -9999.9 -9999.9 -0.0621999986 37.2971992493 -999.999 3678
MKN 2023 09 29 12 00 00 309 3.6 99.3 4.2 662.3 6.8 -99.9 -99.9 -99.9 -9999.9 -9999.9 -0.0621999986 37.2971992493 -999.999 3678
MKN 2023 09 29 13 00 00 272 2.6 99.3 0.2 662.1 7.08 -99.9 -99.9 -99.9 -9999.9 -9999.9 -0.0621999986 37.2971992493 -999.999 3678
MKN 2023 09 29 14 00 00 278 3.6 98.98 0 662.1 7.23 -99.9 -99.9 -99.9 -9999.9 -9999.9 -0.0621999986 37.2971992493 -999.999 3678
MKN 2023 09 29 15 00 00 257 3.5 98.95 0 662.1 6.83 -99.9 -99.9 -99.9 -9999.9 -9999.9 -0.0621999986 37.2971992493 -999.999 3678
MKN 2023 09 29 16 00 00 257 2.4 99.2 0 662.2 5.57 -99.9 -99.9 -99.9 -9999.9 -9999.9 -0.0621999986 37.2971992493 -999.999 3678
MKN 2023 09 29 17 00 00 198 1.6 82.67 0 662.4 5.5 -99.9 -99.9 -99.9 -9999.9 -9999.9 -0.0621999986 37.2971992493 -999.999 3678
MKN 2023 09 29 18 00 00 207 1.9 80.68 0 662.5 5.07 -99.9 -99.9 -99.9 -9999.9 -9999.9 -0.0621999986 37.2971992493 -999.999 3678
MKN 2023 09 29 19 00 00 180 1.3 87.57 0 662.8 4.63 -99.9 -99.9 -99.9 -9999.9 -9999.9 -0.0621999986 37.2971992493 -999.999 3678
MKN 2023 09 29 20 00 00 149 1.5 94.67 1.1 663 5.52 -99.9 -99.9 -99.9 -9999.9 -9999.9 -0.0621999986 37.2971992493 -999.999 3678
MKN 2023 09 29 21 00 00 75 1.5 99.25 1.7 662.9 4.83 -99.9 -99.9 -99.9 -9999.9 -9999.9 -0.0621999986 37.2971992493 -999.999 3678
MKN 2023 09 29 22 00 00 193 1.6 95.55 0 662.5 4.85 -99.9 -99.9 -99.9 -9999.9 -9999.9 -0.0621999986 37.2971992493 -999.999 3678
MKN 2023 09 29 23 00 00 208 2.8 94.02 0 662.2 4.43 -99.9 -99.9 -99.9 -9999.9 -9999.9 -0.0621999986 37.2971992493 -999.999 3678
MKN 2023 09 30 00 00 00 194 3 92.43 0 661.9 5.13 -99.9 -99.9 -99.9 -9999.9 -9999.9 -0.0621999986 37.2971992493 -999.999 3678
MKN 2023 09 30 01 00 00 183 3.8 89.4 0 661.8 4.53 -99.9 -99.9 -99.9 -9999.9 -9999.9 -0.0621999986 37.2971992493 -999.999 3678
MKN 2023 09 30 02 00 00 196 1.9 78.5 0 661.8 3.23 -99.9 -99.9 -99.9 -9999.9 -9999.9 -0.0621999986 37.2971992493 -999.999 3678
MKN 2023 09 30 03 00 00 157 4.3 82.28 0 662 3.43 -99.9 -99.9 -99.9 -9999.9 -9999.9 -0.0621999986 37.2971992493 -999.999 3678
MKN 2023 09 30 04 00 00 133 6.2 66.2 0 662.3 6.9 -99.9 -99.9 -99.9 -9999.9 -9999.9 -0.0621999986 37.2971992493 -999.999 3678
MKN 2023 09 30 05 00 00 106 5.4 52.55 0 662.9 10 -99.9 -99.9 -99.9 -9999.9 -9999.9 -0.0621999986 37.2971992493 -999.999 3678
MKN 2023 09 30 06 00 00 67 5 47.82 0 663.4 11.37 -99.9 -99.9 -99.9 -9999.9 -9999.9 -0.0621999986 37.2971992493 -999.999 3678
MKN 2023 09 30 07 00 00 50 6.3 61.7 0 663.8 12.02 -99.9 -99.9 -99.9 -9999.9 -9999.9 -0.0621999986 37.2971992493 -999.999 3678
MKN 2023 09 30 08 00 00 27 7.3 82.85 0 663.8 10.47 -99.9 -99.9 -99.9 -9999.9 -9999.9 -0.0621999986 37.2971992493 -999.999 3678
MKN 2023 09 30 09 00 00 21 6.8 82.7 0 663.8 9.22 -99.9 -99.9 -99.9 -9999.9 -9999.9 -0.0621999986 37.2971992493 -999.999 3678
MKN 2023 09 30 10 00 00 12 5.1 77.2 0 663.4 9.38 -99.9 -99.9 -99.9 -9999.9 -9999.9 -0.0621999986 37.2971992493 -999.999 3678
MKN 2023 09 30 11 00 00 18 4.7 86.33 0 663 8.95 -99.9 -99.9 -99.9 -9999.9 -9999.9 -0.0621999986 37.2971992493 -999.999 3678
MKN 2023 09 30 12 00 00 4 5.4 94.25 0.6 662.5 8.9 -99.9 -99.9 -99.9 -9999.9 -9999.9 -0.0621999986 37.2971992493 -999.999 3678
MKN 2023 09 30 13 00 00 5 3.7 98.73 0.1 662.1 7.97 -99.9 -99.9 -99.9 -9999.9 -9999.9 -0.0621999986 37.2971992493 -999.999 3678
MKN 2023 09 30 14 00 00 8 2.9 99.3 2.1 661.9 7.32 -99.9 -99.9 -99.9 -9999.9 -9999.9 -0.0621999986 37.2971992493 -999.999 3678
MKN 2023 09 30 15 00 00 339 2.8 99.3 0 661.9 6.87 -99.9 -99.9 -99.9 -9999.9 -9999.9 -0.0621999986 37.2971992493 -999.999 3678
MKN 2023 09 30 16 00 00 129 1.5 97.28 0 661.9 6.75 -99.9 -99.9 -99.9 -9999.9 -9999.9 -0.0621999986 37.2971992493 -999.999 3678
MKN 2023 09 30 17 00 00 221 1.9 98.25 0 662.1 6.05 -99.9 -99.9 -99.9 -9999.9 -9999.9 -0.0621999986 37.2971992493 -999.999 3678
MKN 2023 09 30 18 00 00 219 2.3 96.15 0 662.4 5.47 -99.9 -99.9 -99.9 -9999.9 -9999.9 -0.0621999986 37.2971992493 -999.999 3678
MKN 2023 09 30 19 00 00 214 2.4 95.15 0 663 5.07 -99.9 -99.9 -99.9 -9999.9 -9999.9 -0.0621999986 37.2971992493 -999.999 3678
MKN 2023 09 30 20 00 00 218 2.4 93.27 0 663.2 5.13 -99.9 -99.9 -99.9 -9999.9 -9999.9 -0.0621999986 37.2971992493 -999.999 3678
MKN 2023 09 30 21 00 00 240 2.6 93.4 0 663 4.87 -99.9 -99.9 -99.9 -9999.9 -9999.9 -0.0621999986 37.2971992493 -999.999 3678
MKN 2023 09 30 22 00 00 236 1.9 93.07 0 662.3 4.8 -99.9 -99.9 -99.9 -9999.9 -9999.9 -0.0621999986 37.2971992493 -999.999 3678
MKN 2023 09 30 23 00 00 198 2.3 86.35 0 661.8 4.08 -99.9 -99.9 -99.9 -9999.9 -9999.9 -0.0621999986 37.2971992493 -999.999 3678
MKN 2023 10 01 00 00 00 122 1.1 83.57 0 661.4 3.9 -99.9 -99.9 -99.9 -9999.9 -9999.9 -0.0621999986 37.2971992493 -999.999 3678
MKN 2023 10 01 01 00 00 133 5 83.05 0 661.1 4.27 -99.9 -99.9 -99.9 -9999.9 -9999.9 -0.0621999986 37.2971992493 -999.999 3678
MKN 2023 10 01 02 00 00 148 4.1 82.03 0 661.3 4.03 -99.9 -99.9 -99.9 -9999.9 -9999.9 -0.0621999986 37.2971992493 -999.999 3678
MKN 2023 10 01 03 00 00 151 1.2 93.65 0 661.7 3.75 -99.9 -99.9 -99.9 -9999.9 -9999.9 -0.0621999986 37.2971992493 -999.999 3678
MKN 2023 10 01 04 00 00 162 1.3 81.35 0 661.8 7.45 -99.9 -99.9 -99.9 -9999.9 -9999.9 -0.0621999986 37.2971992493 -999.999 3678
MKN 2023 10 01 05 00 00 246 1.1 82.9 0 662.4 8.2 -99.9 -99.9 -99.9 -9999.9 -9999.9 -0.0621999986 37.2971992493 -999.999 3678
MKN 2023 10 01 06 00 00 345 2.2 88.08 0 663 8.9 -99.9 -99.9 -99.9 -9999.9 -9999.9 -0.0621999986 37.2971992493 -999.999 3678
MKN 2023 10 01 07 00 00 30 5 92.7 0 663.4 8.38 -99.9 -99.9 -99.9 -9999.9 -9999.9 -0.0621999986 37.2971992493 -999.999 3678
MKN 2023 10 01 08 00 00 14 6.3 90.43 0 663.6 8.9 -99.9 -99.9 -99.9 -9999.9 -9999.9 -0.0621999986 37.2971992493 -999.999 3678
MKN 2023 10 01 09 00 00 11 6.7 89.32 0 663.4 9.3 -99.9 -99.9 -99.9 -9999.9 -9999.9 -0.0621999986 37.2971992493 -999.999 3678
MKN 2023 10 01 10 00 00 23 7.5 93.78 0 663 8.62 -99.9 -99.9 -99.9 -9999.9 -9999.9 -0.0621999986 37.2971992493 -999.999 3678
MKN 2023 10 01 11 00 00 13 6.4 98.68 0 662.5 8.4 -99.9 -99.9 -99.9 -9999.9 -9999.9 -0.0621999986 37.2971992493 -999.999 3678
MKN 2023 10 01 12 00 00 29 6.4 99.27 0.8 662.1 8.2 -99.9 -99.9 -99.9 -9999.9 -9999.9 -0.0621999986 37.2971992493 -999.999 3678
MKN 2023 10 01 13 00 00 54 6.1 97.12 0.9 661.7 8.17 -99.9 -99.9 -99.9 -9999.9 -9999.9 -0.0621999986 37.2971992493 -999.999 3678
MKN 2023 10 01 14 00 00 109 5.6 97 0.8 661.4 8.12 -99.9 -99.9 -99.9 -9999.9 -9999.9 -0.0621999986 37.2971992493 -999.999 3678
MKN 2023 10 01 15 00 00 135 3.7 97.02 0 661.5 7.53 -99.9 -99.9 -99.9 -9999.9 -9999.9 -0.0621999986 37.2971992493 -999.999 3678
MKN 2023 10 01 16 00 00 189 1.5 90.88 0 661.8 7.52 -99.9 -99.9 -99.9 -9999.9 -9999.9 -0.0621999986 37.2971992493 -999.999 3678
MKN 2023 10 01 17 00 00 188 2.1 97.25 0 662.1 6.65 -99.9 -99.9 -99.9 -9999.9 -9999.9 -0.0621999986 37.2971992493 -999.999 3678
MKN 2023 10 01 18 00 00 0 0.9 99.3 0 662.3 6.02 -99.9 -99.9 -99.9 -9999.9 -9999.9 -0.0621999986 37.2971992493 -999.999 3678
MKN 2023 10 01 19 00 00 315 1.1 98.52 0 662.4 5.43 -99.9 -99.9 -99.9 -9999.9 -9999.9 -0.0621999986 37.2971992493 -999.999 3678
MKN 2023 10 01 20 00 00 225 1 93.72 0 662.8 4.68 -99.9 -99.9 -99.9 -9999.9 -9999.9 -0.0621999986 37.2971992493 -999.999 3678
MKN 2023 10 01 21 00 00 117 1 93.52 0 662.7 4.08 -99.9 -99.9 -99.9 -9999.9 -9999.9 -0.0621999986 37.2971992493 -999.999 3678
MKN 2023 10 01 22 00 00 117 2.2 92.15 0 662.3 4.15 -99.9 -99.9 -99.9 -9999.9 -9999.9 -0.0621999986 37.2971992493 -999.999 3678
MKN 2023 10 01 23 00 00 164 4.1 93.15 0 661.8 4.02 -99.9 -99.9 -99.9 -9999.9 -9999.9 -0.0621999986 37.2971992493 -999.999 3678
MKN 2023 10 02 00 00 00 148 4.7 87.9 0 661.5 4.52 -99.9 -99.9 -99.9 -9999.9 -9999.9 -0.0621999986 37.2971992493 -999.999 3678
MKN 2023 10 02 01 00 00 147 6.1 89.23 0 661.7 4.15 -99.9 -99.9 -99.9 -9999.9 -9999.9 -0.0621999986 37.2971992493 -999.999 3678
MKN 2023 10 02 02 00 00 134 7.9 82.83 0 661.7 4.27 -99.9 -99.9 -99.9 -9999.9 -9999.9 -0.0621999986 37.2971992493 -999.999 3678
MKN 2023 10 02 03 00 00 147 6 81.32 0 662 4.28 -99.9 -99.9 -99.9 -9999.9 -9999.9 -0.0621999986 37.2971992493 -999.999 3678
MKN 2023 10 02 04 00 00 141 7 67.6 0 662.3 7.45 -99.9 -99.9 -99.9 -9999.9 -9999.9 -0.0621999986 37.2971992493 -999.999 3678
MKN 2023 10 02 05 00 00 188 3.1 68.97 0 663 8.35 -99.9 -99.9 -99.9 -9999.9 -9999.9 -0.0621999986 37.2971992493 -999.999 3678
MKN 2023 10 02 06 00 00 297 2.1 74.3 0 663.7 8.53 -99.9 -99.9 -99.9 -9999.9 -9999.9 -0.0621999986 37.2971992493 -999.999 3678
MKN 2023 10 02 07 00 00 312 2.7 79.8 0 664.2 9.42 -99.9 -99.9 -99.9 -9999.9 -9999.9 -0.0621999986 37.2971992493 -999.999 3678
MKN 2023 10 02 08 00 00 323 3.9 83.38 0 664.5 9.45 -99.9 -99.9 -99.9 -9999.9 -9999.9 -0.0621999986 37.2971992493 -999.999 3678
MKN 2023 10 02 09 00 00 327 3.7 89.78 0.2 664 8.38 -99.9 -99.9 -99.9 -9999.9 -9999.9 -0.0621999986 37.2971992493 -999.999 3678
MKN 2023 10 02 10 00 00 336 2.6 93.02 1.6 663.4 7.55 -99.9 -99.9 -99.9 -9999.9 -9999.9 -0.0621999986 37.2971992493 -999.999 3678
MKN 2023 10 02 11 00 00 302 2 91.17 2.5 662.7 8.5 -99.9 -99.9 -99.9 -9999.9 -9999.9 -0.0621999986 37.2971992493 -999.999 3678
MKN 2023 10 02 12 00 00 284 3.6 82.42 0 662.2 9.22 -99.9 -99.9 -99.9 -9999.9 -9999.9 -0.0621999986 37.2971992493 -999.999 3678
MKN 2023 10 02 13 00 00 285 4.8 92.55 0 661.9 7.97 -99.9 -99.9 -99.9 -9999.9 -9999.9 -0.0621999986 37.2971992493 -999.999 3678
MKN 2023 10 02 14 00 00 265 2.1 88.82 0.1 661.9 7.95 -99.9 -99.9 -99.9 -9999.9 -9999.9 -0.0621999986 37.2971992493 -999.999 3678
MKN 2023 10 02 15 00 00 259 2.2 91.17 0 662 5.98 -99.9 -99.9 -99.9 -9999.9 -9999.9 -0.0621999986 37.2971992493 -999.999 3678
MKN 2023 10 02 16 00 00 153 3.4 87.43 0 661.9 5.52 -99.9 -99.9 -99.9 -9999.9 -9999.9 -0.0621999986 37.2971992493 -999.999 3678
MKN 2023 10 02 17 00 00 184 3 84.08 0 662.1 6.08 -99.9 -99.9 -99.9 -9999.9 -9999.9 -0.0621999986 37.2971992493 -999.999 3678
MKN 2023 10 02 18 00 00 173 6.9 85.43 0 662.1 6.78 -99.9 -99.9 -99.9 -9999.9 -9999.9 -0.0621999986 37.2971992493 -999.999 3678
MKN 2023 10 02 19 00 00 196 4.8 84.88 0 662.4 6.33 -99.9 -99.9 -99.9 -9999.9 -9999.9 -0.0621999986 37.2971992493 -999.999 3678
MKN 2023 10 02 20 00 00 212 2.7 88.15 0 662.7 4.62 -99.9 -99.9 -99.9 -9999.9 -9999.9 -0.0621999986 37.2971992493 -999.999 3678
MKN 2023 10 02 21 00 00 162 3.9 78.58 0 662.4 4.67 -99.9 -99.9 -99.9 -9999.9 -9999.9 -0.0621999986 37.2971992493 -999.999 3678
MKN 2023 10 02 22 00 00 203 2.2 81.68 0 662 4.23 -99.9 -99.9 -99.9 -9999.9 -9999.9 -0.0621999986 37.2971992493 -999.999 3678
MKN 2023 10 02 23 00 00 196 2.4 85.92 0 661.5 3.9 -99.9 -99.9 -99.9 -9999.9 -9999.9 -0.0621999986 37.2971992493 -999.999 3678
MKN 2023 10 03 00 00 00 202 2.5 93.45 0 661 3.73 -99.9 -99.9 -99.9 -9999.9 -9999.9 -0.0621999986 37.2971992493 -999.999 3678
MKN 2023 10 03 01 00 00 205 1.9 83 0 660.8 3.52 -99.9 -99.9 -99.9 -9999.9 -9999.9 -0.0621999986 37.2971992493 -999.999 3678
MKN 2023 10 03 02 00 00 210 1.6 86.42 0 660.9 2.8 -99.9 -99.9 -99.9 -9999.9 -9999.9 -0.0621999986 37.2971992493 -999.999 3678
MKN 2023 10 03 03 00 00 196 1.9 61.35 0 661.1 3.37 -99.9 -99.9 -99.9 -9999.9 -9999.9 -0.0621999986 37.2971992493 -999.999 3678
MKN 2023 10 03 04 00 00 191 3.8 68.87 0 661.3 6.28 -99.9 -99.9 -99.9 -9999.9 -9999.9 -0.0621999986 37.2971992493 -999.999 3678
MKN 2023 10 03 05 00 00 279 1.3 75.68 0 661.8 8.07 -99.9 -99.9 -99.9 -9999.9 -9999.9 -0.0621999986 37.2971992493 -999.999 3678
MKN 2023 10 03 06 00 00 0 2.8 82.92 0 662.4 9.13 -99.9 -99.9 -99.9 -9999.9 -9999.9 -0.0621999986 37.2971992493 -999.999 3678
MKN 2023 10 03 07 00 00 31 1.4 71.72 0 662.8 11.5 -99.9 -99.9 -99.9 -9999.9 -9999.9 -0.0621999986 37.2971992493 -999.999 3678
MKN 2023 10 03 08 00 00 21 5.9 88.63 0 662.7 10.02 -99.9 -99.9 -99.9 -9999.9 -9999.9 -0.0621999986 37.2971992493 -999.999 3678
MKN 2023 10 03 09 00 00 6 8.4 95.3 0 662.5 8.95 -99.9 -99.9 -99.9 -9999.9 -9999.9 -0.0621999986 37.2971992493 -999.999 3678
MKN 2023 10 03 10 00 00 1 5.6 81.12 0 662.4 8.48 -99.9 -99.9 -99.9 -9999.9 -9999.9 -0.0621999986 37.2971992493 -999.999 3678
MKN 2023 10 03 11 00 00 336 4 84.88 0 662.1 8.45 -99.9 -99.9 -99.9 -9999.9 -9999.9 -0.0621999986 37.2971992493 -999.999 3678
MKN 2023 10 03 12 00 00 318 3.5 74.1 0 661.8 9.45 -99.9 -99.9 -99.9 -9999.9 -9999.9 -0.0621999986 37.2971992493 -999.999 3678
MKN 2023 10 03 13 00 00 346 3.7 79.33 0 661.5 8.77 -99.9 -99.9 -99.9 -9999.9 -9999.9 -0.0621999986 37.2971992493 -999.999 3678
MKN 2023 10 03 14 00 00 311 2.9 96.9 0 661.5 7.72 -99.9 -99.9 -99.9 -9999.9 -9999.9 -0.0621999986 37.2971992493 -999.999 3678
MKN 2023 10 03 15 00 00 308 2.4 96.13 0 661.5 7.12 -99.9 -99.9 -99.9 -9999.9 -9999.9 -0.0621999986 37.2971992493 -999.999 3678
MKN 2023 10 03 16 00 00 277 1.9 99.2 0 661.7 5.67 -99.9 -99.9 -99.9 -9999.9 -9999.9 -0.0621999986 37.2971992493 -999.999 3678
MKN 2023 10 03 17 00 00 208 1.8 98.83 0 662 3.93 -99.9 -99.9 -99.9 -9999.9 -9999.9 -0.0621999986 37.2971992493 -999.999 3678
MKN 2023 10 03 18 00 00 194 0.8 98.8 0 662.1 3.4 -99.9 -99.9 -99.9 -9999.9 -9999.9 -0.0621999986 37.2971992493 -999.999 3678
MKN 2023 10 03 19 00 00 160 1.2 69.55 0 662.4 1.88 -99.9 -99.9 -99.9 -9999.9 -9999.9 -0.0621999986 37.2971992493 -999.999 3678
MKN 2023 10 03 20 00 00 135 2 60.43 0 662.4 2.7 -99.9 -99.9 -99.9 -9999.9 -9999.9 -0.0621999986 37.2971992493 -999.999 3678
MKN 2023 10 03 21 00 00 111 3.5 60.07 0 662.1 3.23 -99.9 -99.9 -99.9 -9999.9 -9999.9 -0.0621999986 37.2971992493 -999.999 3678
MKN 2023 10 03 22 00 00 120 6.4 75.5 0 661.6 3.82 -99.9 -99.9 -99.9 -9999.9 -9999.9 -0.0621999986 37.2971992493 -999.999 3678
MKN 2023 10 03 23 00 00 124 7.7 77.47 0 661.2 3.95 -99.9 -99.9 -99.9 -9999.9 -9999.9 -0.0621999986 37.2971992493 -999.999 3678
MKN 2023 10 04 00 00 00 121 6.4 72.9 0 661 4.33 -99.9 -99.9 -99.9 -9999.9 -9999.9 -0.0621999986 37.2971992493 -999.999 3678
MKN 2023 10 04 01 00 00 139 6.1 86.95 0 660.8 5.12 -99.9 -99.9 -99.9 -9999.9 -9999.9 -0.0621999986 37.2971992493 -999.999 3678
MKN 2023 10 04 02 00 00 144 5.6 84.85 0 661.2 5.42 -99.9 -99.9 -99.9 -9999.9 -9999.9 -0.0621999986 37.2971992493 -999.999 3678
MKN 2023 10 04 03 00 00 119 7.7 87.65 0 661.4 4.68 -99.9 -99.9 -99.9 -9999.9 -9999.9 -0.0621999986 37.2971992493 -999.999 3678
MKN 2023 10 04 04 00 00 127 8.2 76.17 0 661.7 5.65 -99.9 -99.9 -99.9 -9999.9 -9999.9 -0.0621999986 37.2971992493 -999.999 3678
MKN 2023 10 04 05 00 00 130 7.9 62.43 0 662 8.95 -99.9 -99.9 -99.9 -9999.9 -9999.9 -0.0621999986 37.2971992493 -999.999 3678
MKN 2023 10 04 06 00 00 102 7.6 57.03 0 662.7 10.75 -99.9 -99.9 -99.9 -9999.9 -9999.9 -0.0621999986 37.2971992493 -999.999 3678
MKN 2023 10 04 07 00 00 107 3.2 87.33 0 663.3 8.82 -99.9 -99.9 -99.9 -9999.9 -9999.9 -0.0621999986 37.2971992493 -999.999 3678
MKN 2023 10 04 08 00 00 322 4.6 99.23 0 663.3 7.68 -99.9 -99.9 -99.9 -9999.9 -9999.9 -0.0621999986 37.2971992493 -999.999 3678
MKN 2023 10 04 09 00 00 304 4.3 99.25 0 663.1 7.5 -99.9 -99.9 -99.9 -9999.9 -9999.9 -0.0621999986 37.2971992493 -999.999 3678
MKN 2023 10 04 10 00 00 318 2.7 98.43 0 662.6 8.5 -99.9 -99.9 -99.9 -9999.9 -9999.9 -0.0621999986 37.2971992493 -999.999 3678
MKN 2023 10 04 11 00 00 341 4 99.13 0 661.9 7.73 -99.9 -99.9 -99.9 -9999.9 -9999.9 -0.0621999986 37.2971992493 -999.999 3678
MKN 2023 10 04 12 00 00 345 3.6 99.3 0.4 661.5 7.6 -99.9 -99.9 -99.9 -9999.9 -9999.9 -0.0621999986 37.2971992493 -999.999 3678
MKN 2023 10 04 13 00 00 349 2.7 98.4 0.2 661.3 7.93 -99.9 -99.9 -99.9 -9999.9 -9999.9 -0.0621999986 37.2971992493 -999.999 3678
MKN 2023 10 04 14 00 00 66 3.3 85.05 0.4 661.4 8.15 -99.9 -99.9 -99.9 -9999.9 -9999.9 -0.0621999986 37.2971992493 -999.999 3678
MKN 2023 10 04 15 00 00 129 5.1 88.33 0 661.6 6.77 -99.9 -99.9 -99.9 -9999.9 -9999.9 -0.0621999986 37.2971992493 -999.999 3678
MKN 2023 10 04 16 00 00 173 2.8 93.82 0 661.9 5.3 -99.9 -99.9 -99.9 -9999.9 -9999.9 -0.0621999986 37.2971992493 -999.999 3678
MKN 2023 10 04 17 00 00 123 5.6 82.03 0 662.1 5.32 -99.9 -99.9 -99.9 -9999.9 -9999.9 -0.0621999986 37.2971992493 -999.999 3678
MKN 2023 10 04 18 00 00 127 3.8 78.88 0 662.5 5.47 -99.9 -99.9 -99.9 -9999.9 -9999.9 -0.0621999986 37.2971992493 -999.999 3678
MKN 2023 10 04 19 00 00 109 3.8 84.8 0 662.6 4.8 -99.9 -99.9 -99.9 -9999.9 -9999.9 -0.0621999986 37.2971992493 -999.999 3678
MKN 2023 10 04 20 00 00 108 2.2 88.72 0 662.7 4.92 -99.9 -99.9 -99.9 -9999.9 -9999.9 -0.0621999986 37.2971992493 -999.999 3678
MKN 2023 10 04 21 00 00 82 1.4 84.8 0 662.6 4.18 -99.9 -99.9 -99.9 -9999.9 -9999.9 -0.0621999986 37.2971992493 -999.999 3678
MKN 2023 10 04 22 00 00 140 3.3 79.8 0 662.1 4.45 -99.9 -99.9 -99.9 -9999.9 -9999.9 -0.0621999986 37.2971992493 -999.999 3678
MKN 2023 10 04 23 00 00 137 5.1 69.63 0 661.7 6.42 -99.9 -99.9 -99.9 -9999.9 -9999.9 -0.0621999986 37.2971992493 -999.999 3678
MKN 2023 10 05 00 00 00 124 3.3 71.5 0 661.3 6.2 -99.9 -99.9 -99.9 -9999.9 -9999.9 -0.0621999986 37.2971992493 -999.999 3678
MKN 2023 10 05 01 00 00 98 2 72.22 0 661.2 5.92 -99.9 -99.9 -99.9 -9999.9 -9999.9 -0.0621999986 37.2971992493 -999.999 3678
MKN 2023 10 05 02 00 00 95 3.6 70.62 0 661.3 5.42 -99.9 -99.9 -99.9 -9999.9 -9999.9 -0.0621999986 37.2971992493 -999.999 3678
MKN 2023 10 05 03 00 00 122 4.1 70.62 0 661.6 5.33 -99.9 -99.9 -99.9 -9999.9 -9999.9 -0.0621999986 37.2971992493 -999.999 3678
MKN 2023 10 05 04 00 00 132 4.5 62.83 0 662 8.7 -99.9 -99.9 -99.9 -9999.9 -9999.9 -0.0621999986 37.2971992493 -999.999 3678
MKN 2023 10 05 05 00 00 102 3.2 78.45 0 662.6 8.45 -99.9 -99.9 -99.9 -9999.9 -9999.9 -0.0621999986 37.2971992493 -999.999 3678
MKN 2023 10 05 06 00 00 2 3.4 98.28 0 663.1 7.13 -99.9 -99.9 -99.9 -9999.9 -9999.9 -0.0621999986 37.2971992493 -999.999 3678
MKN 2023 10 05 07 00 00 328 2.8 99.3 0 663.5 7.18 -99.9 -99.9 -99.9 -9999.9 -9999.9 -0.0621999986 37.2971992493 -999.999 3678
MKN 2023 10 05 08 00 00 354 2 99.3 0 663.5 7.15 -99.9 -99.9 -99.9 -9999.9 -9999.9 -0.0621999986 37.2971992493 -999.999 3678
MKN 2023 10 05 09 00 00 13 2.9 -99.9 2.3 663.2 7.15 -99.9 -99.9 -99.9 -9999.9 -9999.9 -0.0621999986 37.2971992493 -999.999 3678
MKN 2023 10 05 10 00 00 -99.9 3.5 -99.9 -99.9 662.8 7.27 -99.9 -99.9 -99.9 -9999.9 -9999.9 -0.0621999986 37.2971992493 -999.999 3678
MKN 2023 10 05 11 00 00 -99.9 3 99.3 -99.9 662.2 7.35 -99.9 -99.9 -99.9 -9999.9 -9999.9 -0.0621999986 37.2971992493 -999.999 3678
MKN 2023 10 05 12 00 00 347 2.9 99.3 0.2 661.8 7.45 -99.9 -99.9 -99.9 -9999.9 -9999.9 -0.0621999986 37.2971992493 -999.999 3678
MKN 2023 10 05 13 00 00 278 2.1 99.3 0 661.9 7.88 -99.9 -99.9 -99.9 -9999.9 -9999.9 -0.0621999986 37.2971992493 -999.999 3678
MKN 2023 10 05 14 00 00 330 2.6 90.12 0 661.6 8.02 -99.9 -99.9 -99.9 -9999.9 -9999.9 -0.0621999986 37.2971992493 -999.999 3678
MKN 2023 10 05 15 00 00 98 4.5 86.77 0 661.7 6.37 -99.9 -99.9 -99.9 -9999.9 -9999.9 -0.0621999986 37.2971992493 -999.999 3678
MKN 2023 10 05 16 00 00 123 4.6 85.02 0 661.9 5.35 -99.9 -99.9 -99.9 -9999.9 -9999.9 -0.0621999986 37.2971992493 -999.999 3678
MKN 2023 10 05 17 00 00 136 6.7 83.7 0 661.9 5.42 -99.9 -99.9 -99.9 -9999.9 -9999.9 -0.0621999986 37.2971992493 -999.999 3678
MKN 2023 10 05 18 00 00 137 6.9 82.88 0 661.9 5.35 -99.9 -99.9 -99.9 -9999.9 -9999.9 -0.0621999986 37.2971992493 -999.999 3678
MKN 2023 10 05 19 00 00 145 6.9 79.12 0 662.2 5.02 -99.9 -99.9 -99.9 -9999.9 -9999.9 -0.0621999986 37.2971992493 -999.999 3678
MKN 2023 10 05 20 00 00 146 6.6 85.3 0 662.4 4.35 -99.9 -99.9 -99.9 -9999.9 -9999.9 -0.0621999986 37.2971992493 -999.999 3678
MKN 2023 10 05 21 00 00 217 1.8 92.05 0 662.4 4.07 -99.9 -99.9 -99.9 -9999.9 -9999.9 -0.0621999986 37.2971992493 -999.999 3678
MKN 2023 10 05 22 00 00 180 1.1 89.72 0 662 3.17 -99.9 -99.9 -99.9 -9999.9 -9999.9 -0.0621999986 37.2971992493 -999.999 3678
MKN 2023 10 05 23 00 00 128 4.3 83.73 0 661.2 4.18 -99.9 -99.9 -99.9 -9999.9 -9999.9 -0.0621999986 37.2971992493 -999.999 3678
MKN 2023 10 06 00 00 00 135 7.2 83.82 0 660.7 4.68 -99.9 -99.9 -99.9 -9999.9 -9999.9 -0.0621999986 37.2971992493 -999.999 3678
MKN 2023 10 06 01 00 00 134 6.6 84.85 0 660.5 4.35 -99.9 -99.9 -99.9 -9999.9 -9999.9 -0.0621999986 37.2971992493 -999.999 3678
MKN 2023 10 06 02 00 00 128 6.9 83.48 0 660.5 4.8 -99.9 -99.9 -99.9 -9999.9 -9999.9 -0.0621999986 37.2971992493 -999.999 3678
MKN 2023 10 06 03 00 00 135 7 78.12 0 660.9 5.72 -99.9 -99.9 -99.9 -9999.9 -9999.9 -0.0621999986 37.2971992493 -999.999 3678
MKN 2023 10 06 04 00 00 124 7.2 72.85 0 661.2 8.22 -99.9 -99.9 -99.9 -9999.9 -9999.9 -0.0621999986 37.2971992493 -999.999 3678
MKN 2023 10 06 05 00 00 113 8 65.3 0 661.7 10.48 -99.9 -99.9 -99.9 -9999.9 -9999.9 -0.0621999986 37.2971992493 -999.999 3678
MKN 2023 10 06 06 00 00 87 7 67.87 0 662.3 11.37 -99.9 -99.9 -99.9 -9999.9 -9999.9 -0.0621999986 37.2971992493 -999.999 3678
MKN 2023 10 06 07 00 00 45 3.8 93.75 0 662.7 9.22 -99.9 -99.9 -99.9 -9999.9 -9999.9 -0.0621999986 37.2971992493 -999.999 3678
MKN 2023 10 06 08 00 00 12 3.5 83.43 0 662.6 10.72 -99.9 -99.9 -99.9 -9999.9 -9999.9 -0.0621999986 37.2971992493 -999.999 3678
MKN 2023 10 06 09 00 00 29 7 93.72 0 662.3 9.27 -99.9 -99.9 -99.9 -9999.9 -9999.9 -0.0621999986 37.2971992493 -999.999 3678
MKN 2023 10 06 10 00 00 10 5.6 98.1 0 662 9.2 -99.9 -99.9 -99.9 -9999.9 -9999.9 -0.0621999986 37.2971992493 -999.999 3678
MKN 2023 10 06 11 00 00 349 3.8 99.22 0 661.6 8.47 -99.9 -99.9 -99.9 -9999.9 -9999.9 -0.0621999986 37.2971992493 -999.999 3678
MKN 2023 10 06 12 00 00 351 3.4 99.3 0 661.2 8.05 -99.9 -99.9 -99.9 -9999.9 -9999.9 -0.0621999986 37.2971992493 -999.999 3678
MKN 2023 10 06 13 00 00 276 2 99.3 0.1 661 8.05 -99.9 -99.9 -99.9 -9999.9 -9999.9 -0.0621999986 37.2971992493 -999.999 3678
MKN 2023 10 06 14 00 00 300 3.6 99.27 0 660.9 8.1 -99.9 -99.9 -99.9 -9999.9 -9999.9 -0.0621999986 37.2971992493 -999.999 3678
MKN 2023 10 06 15 00 00 318 1.9 99.3 0 661.2 7.27 -99.9 -99.9 -99.9 -9999.9 -9999.9 -0.0621999986 37.2971992493 -999.999 3678
MKN 2023 10 06 16 00 00 243 1.4 99.27 0 661.3 5.7 -99.9 -99.9 -99.9 -9999.9 -9999.9 -0.0621999986 37.2971992493 -999.999 3678
MKN 2023 10 06 17 00 00 200 1.6 92.52 0 661.6 5.53 -99.9 -99.9 -99.9 -9999.9 -9999.9 -0.0621999986 37.2971992493 -999.999 3678
MKN 2023 10 06 18 00 00 165 3.5 79.33 0 661.8 6.18 -99.9 -99.9 -99.9 -9999.9 -9999.9 -0.0621999986 37.2971992493 -999.999 3678
MKN 2023 10 06 19 00 00 162 3.1 85.87 0 662 6.02 -99.9 -99.9 -99.9 -9999.9 -9999.9 -0.0621999986 37.2971992493 -999.999 3678
MKN 2023 10 06 20 00 00 150 7.7 86.72 0 661.9 5.07 -99.9 -99.9 -99.9 -9999.9 -9999.9 -0.0621999986 37.2971992493 -999.999 3678
MKN 2023 10 06 21 00 00 134 4.6 93.13 0 661.4 5.97 -99.9 -99.9 -99.9 -9999.9 -9999.9 -0.0621999986 37.2971992493 -999.999 3678
MKN 2023 10 06 22 00 00 173 1.7 95.85 0 661.1 4.8 -99.9 -99.9 -99.9 -9999.9 -9999.9 -0.0621999986 37.2971992493 -999.999 3678
MKN 2023 10 06 23 00 00 202 1.2 97.72 0 660.7 3.77 -99.9 -99.9 -99.9 -9999.9 -9999.9 -0.0621999986 37.2971992493 -999.999 3678
MKN 2023 10 07 00 00 00 194 1.3 88.5 0 660.2 4.1 -99.9 -99.9 -99.9 -9999.9 -9999.9 -0.0621999986 37.2971992493 -999.999 3678
MKN 2023 10 07 01 00 00 150 4.6 78.55 0 660 4.07 -99.9 -99.9 -99.9 -9999.9 -9999.9 -0.0621999986 37.2971992493 -999.999 3678
MKN 2023 10 07 02 00 00 146 6.2 77.28 0 660 4.67 -99.9 -99.9 -99.9 -9999.9 -9999.9 -0.0621999986 37.2971992493 -999.999 3678
MKN 2023 10 07 03 00 00 143 5.8 72.43 0 660.5 4.92 -99.9 -99.9 -99.9 -9999.9 -9999.9 -0.0621999986 37.2971992493 -999.999 3678
MKN 2023 10 07 04 00 00 145 5.4 58.82 0 661 8.67 -99.9 -99.9 -99.9 -9999.9 -9999.9 -0.0621999986 37.2971992493 -999.999 3678
MKN 2023 10 07 05 00 00 158 2.5 54.98 0 661.6 10.63 -99.9 -99.9 -99.9 -9999.9 -9999.9 -0.0621999986 37.2971992493 -999.999 3678
MKN 2023 10 07 06 00 00 91 6.6 69.7 0 662 10.78 -99.9 -99.9 -99.9 -9999.9 -9999.9 -0.0621999986 37.2971992493 -999.999 3678
MKN 2023 10 07 07 00 00 14 3.9 93.5 0 662.5 8.77 -99.9 -99.9 -99.9 -9999.9 -9999.9 -0.0621999986 37.2971992493 -999.999 3678
MKN 2023 10 07 08 00 00 358 3.6 99.27 0 662.4 8.15 -99.9 -99.9 -99.9 -9999.9 -9999.9 -0.0621999986 37.2971992493 -999.999 3678
MKN 2023 10 07 09 00 00 6 5.4 99.27 0 662.2 8.07 -99.9 -99.9 -99.9 -9999.9 -9999.9 -0.0621999986 37.2971992493 -999.999 3678
MKN 2023 10 07 10 00 00 5 7.1 99.28 0 661.6 7.57 -99.9 -99.9 -99.9 -9999.9 -9999.9 -0.0621999986 37.2971992493 -999.999 3678
MKN 2023 10 07 11 00 00 9 5.1 98.4 0.2 661 7.68 -99.9 -99.9 -99.9 -9999.9 -9999.9 -0.0621999986 37.2971992493 -999.999 3678
MKN 2023 10 07 12 00 00 52 4.6 95.68 0 660.8 8.17 -99.9 -99.9 -99.9 -9999.9 -9999.9 -0.0621999986 37.2971992493 -999.999 3678
MKN 2023 10 07 13 00 00 29 4.4 97.03 0.2 660.7 8.63 -99.9 -99.9 -99.9 -9999.9 -9999.9 -0.0621999986 37.2971992493 -999.999 3678
MKN 2023 10 07 14 00 00 312 2.6 97.5 0 660.8 8.03 -99.9 -99.9 -99.9 -9999.9 -9999.9 -0.0621999986 37.2971992493 -999.999 3678
MKN 2023 10 07 15 00 00 3 2.4 99.25 0 661 6.88 -99.9 -99.9 -99.9 -9999.9 -9999.9 -0.0621999986 37.2971992493 -999.999 3678
MKN 2023 10 07 16 00 00 333 0.7 99.05 0 661.4 5.75 -99.9 -99.9 -99.9 -9999.9 -9999.9 -0.0621999986 37.2971992493 -999.999 3678
MKN 2023 10 07 17 00 00 170 1.7 94.32 0 661.7 5.32 -99.9 -99.9 -99.9 -9999.9 -9999.9 -0.0621999986 37.2971992493 -999.999 3678
MKN 2023 10 07 18 00 00 215 1.3 98.88 0 661.8 4.43 -99.9 -99.9 -99.9 -9999.9 -9999.9 -0.0621999986 37.2971992493 -999.999 3678
MKN 2023 10 07 19 00 00 214 1.2 95.58 0 662.1 3.95 -99.9 -99.9 -99.9 -9999.9 -9999.9 -0.0621999986 37.2971992493 -999.999 3678
MKN 2023 10 07 20 00 00 132 1.9 85.82 0 662.1 4.32 -99.9 -99.9 -99.9 -9999.9 -9999.9 -0.0621999986 37.2971992493 -999.999 3678
MKN 2023 10 07 21 00 00 113 7.1 93.55 0 661.9 5 -99.9 -99.9 -99.9 -9999.9 -9999.9 -0.0621999986 37.2971992493 -999.999 3678
MKN 2023 10 07 22 00 00 121 9.7 90.9 0 661.2 5.03 -99.9 -99.9 -99.9 -9999.9 -9999.9 -0.0621999986 37.2971992493 -999.999 3678
MKN 2023 10 07 23 00 00 120 10.1 88.03 0 660.6 4.75 -99.9 -99.9 -99.9 -9999.9 -9999.9 -0.0621999986 37.2971992493 -999.999 3678
MKN 2023 10 08 00 00 00 129 11.5 94.93 0 660.2 4.82 -99.9 -99.9 -99.9 -9999.9 -9999.9 -0.0621999986 37.2971992493 -999.999 3678
MKN 2023 10 08 01 00 00 118 10.5 95.73 0 660.2 5.17 -99.9 -99.9 -99.9 -9999.9 -9999.9 -0.0621999986 37.2971992493 -999.999 3678
MKN 2023 10 08 02 00 00 112 9.4 90.4 0 660.8 4.92 -99.9 -99.9 -99.9 -9999.9 -9999.9 -0.0621999986 37.2971992493 -999.999 3678
MKN 2023 10 08 03 00 00 101 9.6 70.5 0 661.4 5.17 -99.9 -99.9 -99.9 -9999.9 -9999.9 -0.0621999986 37.2971992493 -999.999 3678
MKN 2023 10 08 04 00 00 120 9.3 56.48 0 662 7.07 -99.9 -99.9 -99.9 -9999.9 -9999.9 -0.0621999986 37.2971992493 -999.999 3678
MKN 2023 10 08 05 00 00 104 9.8 46.98 0 662.5 9.05 -99.9 -99.9 -99.9 -9999.9 -9999.9 -0.0621999986 37.2971992493 -999.999 3678
MKN 2023 10 08 06 00 00 94 11.7 44.37 0 662.9 10.6 -99.9 -99.9 -99.9 -9999.9 -9999.9 -0.0621999986 37.2971992493 -999.999 3678
MKN 2023 10 08 07 00 00 83 9.7 44.37 0 663.4 12.02 -99.9 -99.9 -99.9 -9999.9 -9999.9 -0.0621999986 37.2971992493 -999.999 3678
MKN 2023 10 08 08 00 00 69 8.5 47.9 0 663.3 12.1 -99.9 -99.9 -99.9 -9999.9 -9999.9 -0.0621999986 37.2971992493 -999.999 3678
MKN 2023 10 08 09 00 00 51 8.3 50.12 0 663.1 12.38 -99.9 -99.9 -99.9 -9999.9 -9999.9 -0.0621999986 37.2971992493 -999.999 3678
MKN 2023 10 08 10 00 00 50 8.7 59.43 0 662.5 11.07 -99.9 -99.9 -99.9 -9999.9 -9999.9 -0.0621999986 37.2971992493 -999.999 3678
MKN 2023 10 08 11 00 00 54 7.1 67.78 0 662 10.17 -99.9 -99.9 -99.9 -9999.9 -9999.9 -0.0621999986 37.2971992493 -999.999 3678
MKN 2023 10 08 12 00 00 52 6.9 66.9 0 661.7 10.58 -99.9 -99.9 -99.9 -9999.9 -9999.9 -0.0621999986 37.2971992493 -999.999 3678
MKN 2023 10 08 13 00 00 -99.9 6 -99.9 -99.9 661.6 9.5 -99.9 -99.9 -99.9 -9999.9 -9999.9 -0.0621999986 37.2971992493 -999.999 3678
MKN 2023 10 08 14 00 00 -99.9 6.2 88.27 -99.9 661.6 8.18 -99.9 -99.9 -99.9 -9999.9 -9999.9 -0.0621999986 37.2971992493 -999.999 3678
MKN 2023 10 08 15 00 00 72 5.6 96.22 0 661.6 6.78 -99.9 -99.9 -99.9 -9999.9 -9999.9 -0.0621999986 37.2971992493 -999.999 3678
MKN 2023 10 08 16 00 00 127 5.1 95.38 0.1 661.7 6.45 -99.9 -99.9 -99.9 -9999.9 -9999.9 -0.0621999986 37.2971992493 -999.999 3678
MKN 2023 10 08 17 00 00 132 5.8 88.17 0 662.3 6.85 -99.9 -99.9 -99.9 -9999.9 -9999.9 -0.0621999986 37.2971992493 -999.999 3678
MKN 2023 10 08 18 00 00 140 4.5 85.42 0 662.8 6.3 -99.9 -99.9 -99.9 -9999.9 -9999.9 -0.0621999986 37.2971992493 -999.999 3678
MKN 2023 10 08 19 00 00 131 5 87.92 0 663.1 5.7 -99.9 -99.9 -99.9 -9999.9 -9999.9 -0.0621999986 37.2971992493 -999.999 3678
MKN 2023 10 08 20 00 00 130 6.9 92.2 0 663 5.27 -99.9 -99.9 -99.9 -9999.9 -9999.9 -0.0621999986 37.2971992493 -999.999 3678
MKN 2023 10 08 21 00 00 134 6.7 93.77 0 662.8 5.22 -99.9 -99.9 -99.9 -9999.9 -9999.9 -0.0621999986 37.2971992493 -999.999 3678
MKN 2023 10 08 22 00 00 126 7.6 93.27 0 662.2 5.72 -99.9 -99.9 -99.9 -9999.9 -9999.9 -0.0621999986 37.2971992493 -999.999 3678
MKN 2023 10 08 23 00 00 120 9.1 71.75 0 661.7 4.97 -99.9 -99.9 -99.9 -9999.9 -9999.9 -0.0621999986 37.2971992493 -999.999 3678
MKN 2023 10 09 00 00 00 125 10.3 69.15 0 661.5 4.63 -99.9 -99.9 -99.9 -9999.9 -9999.9 -0.0621999986 37.2971992493 -999.999 3678
MKN 2023 10 09 01 00 00 128 9.5 67.38 0 661.8 4.77 -99.9 -99.9 -99.9 -9999.9 -9999.9 -0.0621999986 37.2971992493 -999.999 3678
MKN 2023 10 09 02 00 00 129 10.1 64.37 0 662.1 5.25 -99.9 -99.9 -99.9 -9999.9 -9999.9 -0.0621999986 37.2971992493 -999.999 3678
MKN 2023 10 09 03 00 00 134 10.4 64.12 0 662.5 5.78 -99.9 -99.9 -99.9 -9999.9 -9999.9 -0.0621999986 37.2971992493 -999.999 3678
MKN 2023 10 09 04 00 00 138 8.9 57.18 0 662.8 7.95 -99.9 -99.9 -99.9 -9999.9 -9999.9 -0.0621999986 37.2971992493 -999.999 3678
MKN 2023 10 09 05 00 00 127 7.4 51.83 0 663.3 10.08 -99.9 -99.9 -99.9 -9999.9 -9999.9 -0.0621999986 37.2971992493 -999.999 3678
MKN 2023 10 09 06 00 00 102 7 50.12 0 663.8 11.73 -99.9 -99.9 -99.9 -9999.9 -9999.9 -0.0621999986 37.2971992493 -999.999 3678
MKN 2023 10 09 07 00 00 57 8 52.1 0 664.2 12.52 -99.9 -99.9 -99.9 -9999.9 -9999.9 -0.0621999986 37.2971992493 -999.999 3678
MKN 2023 10 09 08 00 00 48 8.2 55.48 0 664 12.07 -99.9 -99.9 -99.9 -9999.9 -9999.9 -0.0621999986 37.2971992493 -999.999 3678
MKN 2023 10 09 09 00 00 45 8.6 61.85 0 663.7 10.72 -99.9 -99.9 -99.9 -9999.9 -9999.9 -0.0621999986 37.2971992493 -999.999 3678
MKN 2023 10 09 10 00 00 34 7.1 67.15 0 663.2 10.23 -99.9 -99.9 -99.9 -9999.9 -9999.9 -0.0621999986 37.2971992493 -999.999 3678
MKN 2023 10 09 11 00 00 52 7.4 73.3 0 662.6 9.97 -99.9 -99.9 -99.9 -9999.9 -9999.9 -0.0621999986 37.2971992493 -999.999 3678
MKN 2023 10 09 12 00 00 43 7.4 76.93 0 662.3 10.57 -99.9 -99.9 -99.9 -9999.9 -9999.9 -0.0621999986 37.2971992493 -999.999 3678
MKN 2023 10 09 13 00 00 43 7.2 86.95 0 662 9.43 -99.9 -99.9 -99.9 -9999.9 -9999.9 -0.0621999986 37.2971992493 -999.999 3678
MKN 2023 10 09 14 00 00 73 6.7 89.77 0 661.6 8.53 -99.9 -99.9 -99.9 -9999.9 -9999.9 -0.0621999986 37.2971992493 -999.999 3678
MKN 2023 10 09 15 00 00 95 5.9 91.75 0 661.7 7.85 -99.9 -99.9 -99.9 -9999.9 -9999.9 -0.0621999986 37.2971992493 -999.999 3678
MKN 2023 10 09 16 00 00 124 4.7 91.5 0 661.8 7.63 -99.9 -99.9 -99.9 -9999.9 -9999.9 -0.0621999986 37.2971992493 -999.999 3678
MKN 2023 10 09 17 00 00 144 5.6 83.85 0 662.1 7.37 -99.9 -99.9 -99.9 -9999.9 -9999.9 -0.0621999986 37.2971992493 -999.999 3678
MKN 2023 10 09 18 00 00 161 4.5 97.47 0 662.3 6.97 -99.9 -99.9 -99.9 -9999.9 -9999.9 -0.0621999986 37.2971992493 -999.999 3678
MKN 2023 10 09 19 00 00 90 1.5 99.3 0.9 662.6 6.5 -99.9 -99.9 -99.9 -9999.9 -9999.9 -0.0621999986 37.2971992493 -999.999 3678
MKN 2023 10 09 20 00 00 90 2.9 99.3 0.1 662.7 5.67 -99.9 -99.9 -99.9 -9999.9 -9999.9 -0.0621999986 37.2971992493 -999.999 3678
MKN 2023 10 09 21 00 00 104 4.9 99.3 0 662.4 5.33 -99.9 -99.9 -99.9 -9999.9 -9999.9 -0.0621999986 37.2971992493 -999.999 3678
MKN 2023 10 09 22 00 00 99 5 97.37 0 661.9 5.3 -99.9 -99.9 -99.9 -9999.9 -9999.9 -0.0621999986 37.2971992493 -999.999 3678
MKN 2023 10 09 23 00 00 118 6.1 96.23 0 661.4 5.17 -99.9 -99.9 -99.9 -9999.9 -9999.9 -0.0621999986 37.2971992493 -999.999 3678
MKN 2023 10 10 00 00 00 111 6.6 98.02 0 661.2 4.98 -99.9 -99.9 -99.9 -9999.9 -9999.9 -0.0621999986 37.2971992493 -999.999 3678
MKN 2023 10 10 01 00 00 115 7.3 89.7 0 661 4.87 -99.9 -99.9 -99.9 -9999.9 -9999.9 -0.0621999986 37.2971992493 -999.999 3678
MKN 2023 10 10 02 00 00 124 7.7 82.42 0 661.1 5.32 -99.9 -99.9 -99.9 -9999.9 -9999.9 -0.0621999986 37.2971992493 -999.999 3678
MKN 2023 10 10 03 00 00 126 7 91.45 0 661.6 5.65 -99.9 -99.9 -99.9 -9999.9 -9999.9 -0.0621999986 37.2971992493 -999.999 3678
MKN 2023 10 10 04 00 00 134 5.2 90.38 0 662.1 6.18 -99.9 -99.9 -99.9 -9999.9 -9999.9 -0.0621999986 37.2971992493 -999.999 3678
MKN 2023 10 10 05 00 00 109 8.1 80.53 0 662.4 7.78 -99.9 -99.9 -99.9 -9999.9 -9999.9 -0.0621999986 37.2971992493 -999.999 3678
MKN 2023 10 10 06 00 00 98 7.5 75.37 0 662.9 9.15 -99.9 -99.9 -99.9 -9999.9 -9999.9 -0.0621999986 37.2971992493 -999.999 3678
MKN 2023 10 10 07 00 00 86 8.3 65.4 0 663.1 11.18 -99.9 -99.9 -99.9 -9999.9 -9999.9 -0.0621999986 37.2971992493 -999.999 3678
MKN 2023 10 10 08 00 00 73 8.7 62.15 0 662.9 11.68 -99.9 -99.9 -99.9 -9999.9 -9999.9 -0.0621999986 37.2971992493 -999.999 3678
MKN 2023 10 10 09 00 00 51 8.9 65.55 0 662.5 11.6 -99.9 -99.9 -99.9 -9999.9 -9999.9 -0.0621999986 37.2971992493 -999.999 3678
MKN 2023 10 10 10 00 00 60 9.5 75.22 0 662 10.83 -99.9 -99.9 -99.9 -9999.9 -9999.9 -0.0621999986 37.2971992493 -999.999 3678
MKN 2023 10 10 11 00 00 64 7.8 81.2 0 661.2 9.62 -99.9 -99.9 -99.9 -9999.9 -9999.9 -0.0621999986 37.2971992493 -999.999 3678
MKN 2023 10 10 12 00 00 99 6.9 75.6 0 660.8 10.43 -99.9 -99.9 -99.9 -9999.9 -9999.9 -0.0621999986 37.2971992493 -999.999 3678
MKN 2023 10 10 13 00 00 90 4.7 94.52 0 660.8 8.92 -99.9 -99.9 -99.9 -9999.9 -9999.9 -0.0621999986 37.2971992493 -999.999 3678
MKN 2023 10 10 14 00 00 283 4.7 98.68 0 660.8 8.53 -99.9 -99.9 -99.9 -9999.9 -9999.9 -0.0621999986 37.2971992493 -999.999 3678
MKN 2023 10 10 15 00 00 257 3.4 92.55 0.1 660.9 8.3 -99.9 -99.9 -99.9 -9999.9 -9999.9 -0.0621999986 37.2971992493 -999.999 3678
MKN 2023 10 10 16 00 00 163 1.4 84.58 0 661.3 7.02 -99.9 -99.9 -99.9 -9999.9 -9999.9 -0.0621999986 37.2971992493 -999.999 3678
MKN 2023 10 10 17 00 00 145 7.7 83.23 0 661.4 6.97 -99.9 -99.9 -99.9 -9999.9 -9999.9 -0.0621999986 37.2971992493 -999.999 3678
MKN 2023 10 10 18 00 00 149 6.8 76.65 0 661.7 7.45 -99.9 -99.9 -99.9 -9999.9 -9999.9 -0.0621999986 37.2971992493 -999.999 3678
MKN 2023 10 10 19 00 00 147 3.3 87.28 0 662.1 6.67 -99.9 -99.9 -99.9 -9999.9 -9999.9 -0.0621999986 37.2971992493 -999.999 3678
MKN 2023 10 10 20 00 00 126 6.1 76.93 0 662.2 6.02 -99.9 -99.9 -99.9 -9999.9 -9999.9 -0.0621999986 37.2971992493 -999.999 3678
MKN 2023 10 10 21 00 00 148 6.6 79.43 0 661.9 5.58 -99.9 -99.9 -99.9 -9999.9 -9999.9 -0.0621999986 37.2971992493 -999.999 3678
MKN 2023 10 10 22 00 00 160 4.2 83.85 0 661.6 5.82 -99.9 -99.9 -99.9 -9999.9 -9999.9 -0.0621999986 37.2971992493 -999.999 3678
MKN 2023 10 10 23 00 00 96 3.2 90.87 0 661 4.7 -99.9 -99.9 -99.9 -9999.9 -9999.9 -0.0621999986 37.2971992493 -999.999 3678
MKN 2023 10 11 00 00 00 112 5.4 89.83 0 660.6 5.1 -99.9 -99.9 -99.9 -9999.9 -9999.9 -0.0621999986 37.2971992493 -999.999 3678
MKN 2023 10 11 01 00 00 115 6.7 89.15 0 660.7 4.55 -99.9 -99.9 -99.9 -9999.9 -9999.9 -0.0621999986 37.2971992493 -999.999 3678
MKN 2023 10 11 02 00 00 123 6.1 92.32 0 660.9 3.95 -99.9 -99.9 -99.9 -9999.9 -9999.9 -0.0621999986 37.2971992493 -999.999 3678
MKN 2023 10 11 03 00 00 132 6.7 85.5 0 661.1 4.27 -99.9 -99.9 -99.9 -9999.9 -9999.9 -0.0621999986 37.2971992493 -999.999 3678
MKN 2023 10 11 04 00 00 137 7.5 68.98 0 661.5 7.67 -99.9 -99.9 -99.9 -9999.9 -9999.9 -0.0621999986 37.2971992493 -999.999 3678
MKN 2023 10 11 05 00 00 127 5.7 55.63 0 662.1 10.72 -99.9 -99.9 -99.9 -9999.9 -9999.9 -0.0621999986 37.2971992493 -999.999 3678
MKN 2023 10 11 06 00 00 70 5.1 60.3 0 662.7 11.35 -99.9 -99.9 -99.9 -9999.9 -9999.9 -0.0621999986 37.2971992493 -999.999 3678
MKN 2023 10 11 07 00 00 15 4.9 78.9 0 663.1 10.27 -99.9 -99.9 -99.9 -9999.9 -9999.9 -0.0621999986 37.2971992493 -999.999 3678
MKN 2023 10 11 08 00 00 279 4.8 83.55 0 663.1 9.85 -99.9 -99.9 -99.9 -9999.9 -9999.9 -0.0621999986 37.2971992493 -999.999 3678
MKN 2023 10 11 09 00 00 288 6.2 80.07 0 662.8 9.47 -99.9 -99.9 -99.9 -9999.9 -9999.9 -0.0621999986 37.2971992493 -999.999 3678
MKN 2023 10 11 10 00 00 6 6.4 74.28 0 662.3 10.35 -99.9 -99.9 -99.9 -9999.9 -9999.9 -0.0621999986 37.2971992493 -999.999 3678
MKN 2023 10 11 11 00 00 39 8.4 76.17 0 661.6 10.37 -99.9 -99.9 -99.9 -9999.9 -9999.9 -0.0621999986 37.2971992493 -999.999 3678
MKN 2023 10 11 12 00 00 42 7.4 85.32 0 661.1 9.35 -99.9 -99.9 -99.9 -9999.9 -9999.9 -0.0621999986 37.2971992493 -999.999 3678
MKN 2023 10 11 13 00 00 52 6 97.45 1.1 660.9 7.08 -99.9 -99.9 -99.9 -9999.9 -9999.9 -0.0621999986 37.2971992493 -999.999 3678
MKN 2023 10 11 14 00 00 155 2.8 97.8 3.3 661.1 6.87 -99.9 -99.9 -99.9 -9999.9 -9999.9 -0.0621999986 37.2971992493 -999.999 3678
MKN 2023 10 11 15 00 00 102 4.3 97.95 0 661.2 6.8 -99.9 -99.9 -99.9 -9999.9 -9999.9 -0.0621999986 37.2971992493 -999.999 3678
MKN 2023 10 11 16 00 00 131 5.7 92.12 0 661.6 6.97 -99.9 -99.9 -99.9 -9999.9 -9999.9 -0.0621999986 37.2971992493 -999.999 3678
MKN 2023 10 11 17 00 00 136 4.3 97.72 0 661.9 6.55 -99.9 -99.9 -99.9 -9999.9 -9999.9 -0.0621999986 37.2971992493 -999.999 3678
MKN 2023 10 11 18 00 00 153 2 99.3 0 662.1 6.4 -99.9 -99.9 -99.9 -9999.9 -9999.9 -0.0621999986 37.2971992493 -999.999 3678
MKN 2023 10 11 19 00 00 151 1.8 99.3 0 662.7 6.23 -99.9 -99.9 -99.9 -9999.9 -9999.9 -0.0621999986 37.2971992493 -999.999 3678
MKN 2023 10 11 20 00 00 102 5.2 99.3 0 662.8 6 -99.9 -99.9 -99.9 -9999.9 -9999.9 -0.0621999986 37.2971992493 -999.999 3678
MKN 2023 10 11 21 00 00 124 6.7 99.22 0 662.3 5.88 -99.9 -99.9 -99.9 -9999.9 -9999.9 -0.0621999986 37.2971992493 -999.999 3678
MKN 2023 10 11 22 00 00 129 3.5 98.47 0 661.8 5.92 -99.9 -99.9 -99.9 -9999.9 -9999.9 -0.0621999986 37.2971992493 -999.999 3678
MKN 2023 10 11 23 00 00 99 4.6 99.2 0 661.5 5.8 -99.9 -99.9 -99.9 -9999.9 -9999.9 -0.0621999986 37.2971992493 -999.999 3678
MKN 2023 10 12 00 00 00 102 4.9 98.8 0 661.3 5.73 -99.9 -99.9 -99.9 -9999.9 -9999.9 -0.0621999986 37.2971992493 -999.999 3678
MKN 2023 10 12 01 00 00 103 4.2 99.02 0 661.2 5.42 -99.9 -99.9 -99.9 -9999.9 -9999.9 -0.0621999986 37.2971992493 -999.999 3678
MKN 2023 10 12 02 00 00 108 4.9 92.32 0 661.4 4.6 -99.9 -99.9 -99.9 -9999.9 -9999.9 -0.0621999986 37.2971992493 -999.999 3678
MKN 2023 10 12 03 00 00 133 5.7 94.98 0 661.7 4.57 -99.9 -99.9 -99.9 -9999.9 -9999.9 -0.0621999986 37.2971992493 -999.999 3678
MKN 2023 10 12 04 00 00 136 7.9 83.87 0 662.2 7.43 -99.9 -99.9 -99.9 -9999.9 -9999.9 -0.0621999986 37.2971992493 -999.999 3678
MKN 2023 10 12 05 00 00 129 5.2 73.4 0 662.8 9.97 -99.9 -99.9 -99.9 -9999.9 -9999.9 -0.0621999986 37.2971992493 -999.999 3678
MKN 2023 10 12 06 00 00 98 3.9 68.32 0 663.6 10.97 -99.9 -99.9 -99.9 -9999.9 -9999.9 -0.0621999986 37.2971992493 -999.999 3678
MKN 2023 10 12 07 00 00 10 4 79.68 0 663.9 10.55 -99.9 -99.9 -99.9 -9999.9 -9999.9 -0.0621999986 37.2971992493 -999.999 3678
MKN 2023 10 12 08 00 00 330 4.1 67.8 0 664 11.8 -99.9 -99.9 -99.9 -9999.9 -9999.9 -0.0621999986 37.2971992493 -999.999 3678
MKN 2023 10 12 09 00 00 40 8.1 70.87 0 663.5 11.77 -99.9 -99.9 -99.9 -9999.9 -9999.9 -0.0621999986 37.2971992493 -999.999 3678
MKN 2023 10 12 10 00 00 61 7.9 75.75 0 662.8 11.13 -99.9 -99.9 -99.9 -9999.9 -9999.9 -0.0621999986 37.2971992493 -999.999 3678
MKN 2023 10 12 11 00 00 45 9.7 77.53 0 662.3 10.65 -99.9 -99.9 -99.9 -9999.9 -9999.9 -0.0621999986 37.2971992493 -999.999 3678
MKN 2023 10 12 12 00 00 58 7 94.95 0.2 661.9 7.85 -99.9 -99.9 -99.9 -9999.9 -9999.9 -0.0621999986 37.2971992493 -999.999 3678
MKN 2023 10 12 13 00 00 75 5.9 97.7 10.4 661.7 6.57 -99.9 -99.9 -99.9 -9999.9 -9999.9 -0.0621999986 37.2971992493 -999.999 3678
MKN 2023 10 12 14 00 00 115 6.1 95.05 0.1 661.5 7.47 -99.9 -99.9 -99.9 -9999.9 -9999.9 -0.0621999986 37.2971992493 -999.999 3678
MKN 2023 10 12 15 00 00 133 5.5 92.68 0 661.5 6.73 -99.9 -99.9 -99.9 -9999.9 -9999.9 -0.0621999986 37.2971992493 -999.999 3678
MKN 2023 10 12 16 00 00 144 7.2 88.67 0 661.8 5.82 -99.9 -99.9 -99.9 -9999.9 -9999.9 -0.0621999986 37.2971992493 -999.999 3678
MKN 2023 10 12 17 00 00 142 6 91.07 0 662.2 6.25 -99.9 -99.9 -99.9 -9999.9 -9999.9 -0.0621999986 37.2971992493 -999.999 3678
MKN 2023 10 12 18 00 00 142 6.3 88.12 0 662.6 6.77 -99.9 -99.9 -99.9 -9999.9 -9999.9 -0.0621999986 37.2971992493 -999.999 3678
MKN 2023 10 12 19 00 00 154 3.6 93.43 0 663.2 5.78 -99.9 -99.9 -99.9 -9999.9 -9999.9 -0.0621999986 37.2971992493 -999.999 3678
MKN 2023 10 12 20 00 00 141 3.9 83.32 0 663.3 5.27 -99.9 -99.9 -99.9 -9999.9 -9999.9 -0.0621999986 37.2971992493 -999.999 3678
MKN 2023 10 12 21 00 00 220 1.1 87.87 0 663.3 4.98 -99.9 -99.9 -99.9 -9999.9 -9999.9 -0.0621999986 37.2971992493 -999.999 3678
MKN 2023 10 12 22 00 00 115 2.3 93.22 0 662.9 4.37 -99.9 -99.9 -99.9 -9999.9 -9999.9 -0.0621999986 37.2971992493 -999.999 3678
MKN 2023 10 12 23 00 00 122 6.2 94.58 0 662.3 4.43 -99.9 -99.9 -99.9 -9999.9 -9999.9 -0.0621999986 37.2971992493 -999.999 3678
MKN 2023 10 13 00 00 00 128 6.7 97.38 0 661.8 4.32 -99.9 -99.9 -99.9 -9999.9 -9999.9 -0.0621999986 37.2971992493 -999.999 3678
MKN 2023 10 13 01 00 00 127 7.8 96.7 0 661.6 4.83 -99.9 -99.9 -99.9 -9999.9 -9999.9 -0.0621999986 37.2971992493 -999.999 3678
MKN 2023 10 13 02 00 00 122 9.8 89.57 0 661.6 4.97 -99.9 -99.9 -99.9 -9999.9 -9999.9 -0.0621999986 37.2971992493 -999.999 3678
MKN 2023 10 13 03 00 00 130 9.1 87.32 0 661.7 5.05 -99.9 -99.9 -99.9 -9999.9 -9999.9 -0.0621999986 37.2971992493 -999.999 3678
MKN 2023 10 13 04 00 00 132 9.8 69.35 0 662.3 7.93 -99.9 -99.9 -99.9 -9999.9 -9999.9 -0.0621999986 37.2971992493 -999.999 3678
MKN 2023 10 13 05 00 00 125 5.4 60.28 0 663 10.65 -99.9 -99.9 -99.9 -9999.9 -9999.9 -0.0621999986 37.2971992493 -999.999 3678
MKN 2023 10 13 06 00 00 87 4.4 64.98 0 663.5 10.68 -99.9 -99.9 -99.9 -9999.9 -9999.9 -0.0621999986 37.2971992493 -999.999 3678
MKN 2023 10 13 07 00 00 334 4 77.23 0 663.9 9.82 -99.9 -99.9 -99.9 -9999.9 -9999.9 -0.0621999986 37.2971992493 -999.999 3678
MKN 2023 10 13 08 00 00 289 4.4 75.33 0 663.8 10.15 -99.9 -99.9 -99.9 -9999.9 -9999.9 -0.0621999986 37.2971992493 -999.999 3678
MKN 2023 10 13 09 00 00 273 5.4 78.27 0 663.4 10.1 -99.9 -99.9 -99.9 -9999.9 -9999.9 -0.0621999986 37.2971992493 -999.999 3678
MKN 2023 10 13 10 00 00 285 5.1 85.97 0 663 9.12 -99.9 -99.9 -99.9 -9999.9 -9999.9 -0.0621999986 37.2971992493 -999.999 3678
MKN 2023 10 13 11 00 00 281 4.4 85.85 0 662.6 9.25 -99.9 -99.9 -99.9 -9999.9 -9999.9 -0.0621999986 37.2971992493 -999.999 3678
MKN 2023 10 13 12 00 00 290 4 86.47 0 662.2 9.82 -99.9 -99.9 -99.9 -9999.9 -9999.9 -0.0621999986 37.2971992493 -999.999 3678
MKN 2023 10 13 13 00 00 257 3.3 91.45 0 661.8 9.08 -99.9 -99.9 -99.9 -9999.9 -9999.9 -0.0621999986 37.2971992493 -999.999 3678
MKN 2023 10 13 14 00 00 135 3.1 93.1 0 661.6 8.57 -99.9 -99.9 -99.9 -9999.9 -9999.9 -0.0621999986 37.2971992493 -999.999 3678
MKN 2023 10 13 15 00 00 243 2.8 87.93 0 661.8 7.5 -99.9 -99.9 -99.9 -9999.9 -9999.9 -0.0621999986 37.2971992493 -999.999 3678
MKN 2023 10 13 16 00 00 159 3.1 80.45 0 662 6.93 -99.9 -99.9 -99.9 -9999.9 -9999.9 -0.0621999986 37.2971992493 -999.999 3678
MKN 2023 10 13 17 00 00 149 7.5 81.43 0 662.2 7.13 -99.9 -99.9 -99.9 -9999.9 -9999.9 -0.0621999986 37.2971992493 -999.999 3678
MKN 2023 10 13 18 00 00 155 5.5 95.9 0 662.5 6.18 -99.9 -99.9 -99.9 -9999.9 -9999.9 -0.0621999986 37.2971992493 -999.999 3678
MKN 2023 10 13 19 00 00 175 2.7 88.83 0 662.9 5.95 -99.9 -99.9 -99.9 -9999.9 -9999.9 -0.0621999986 37.2971992493 -999.999 3678
MKN 2023 10 13 20 00 00 147 6.1 86.05 0 663 6.27 -99.9 -99.9 -99.9 -9999.9 -9999.9 -0.0621999986 37.2971992493 -999.999 3678
MKN 2023 10 13 21 00 00 153 5.5 99.28 0 662.7 6.18 -99.9 -99.9 -99.9 -9999.9 -9999.9 -0.0621999986 37.2971992493 -999.999 3678
MKN 2023 10 13 22 00 00 63 1.4 98.62 0 662.5 5.93 -99.9 -99.9 -99.9 -9999.9 -9999.9 -0.0621999986 37.2971992493 -999.999 3678
MKN 2023 10 13 23 00 00 201 2.5 97.75 0 661.9 4.52 -99.9 -99.9 -99.9 -9999.9 -9999.9 -0.0621999986 37.2971992493 -999.999 3678
MKN 2023 10 14 00 00 00 196 3.4 81.53 0 661.3 5.78 -99.9 -99.9 -99.9 -9999.9 -9999.9 -0.0621999986 37.2971992493 -999.999 3678
MKN 2023 10 14 01 00 00 233 4.1 83.55 0 661.1 5.62 -99.9 -99.9 -99.9 -9999.9 -9999.9 -0.0621999986 37.2971992493 -999.999 3678
MKN 2023 10 14 02 00 00 238 1.7 72.88 0 661.3 5.85 -99.9 -99.9 -99.9 -9999.9 -9999.9 -0.0621999986 37.2971992493 -999.999 3678
MKN 2023 10 14 03 00 00 204 2.4 62.75 0 661.5 6.55 -99.9 -99.9 -99.9 -9999.9 -9999.9 -0.0621999986 37.2971992493 -999.999 3678
MKN 2023 10 14 04 00 00 136 6.8 51.07 0 661.5 10.43 -99.9 -99.9 -99.9 -9999.9 -9999.9 -0.0621999986 37.2971992493 -999.999 3678
MKN 2023 10 14 05 00 00 149 3.9 56.65 0 662.2 10.83 -99.9 -99.9 -99.9 -9999.9 -9999.9 -0.0621999986 37.2971992493 -999.999 3678
MKN 2023 10 14 06 00 00 43 2.8 71.47 0 662.9 11.25 -99.9 -99.9 -99.9 -9999.9 -9999.9 -0.0621999986 37.2971992493 -999.999 3678
MKN 2023 10 14 07 00 00 340 5.5 87.45 0 663.2 10.52 -99.9 -99.9 -99.9 -9999.9 -9999.9 -0.0621999986 37.2971992493 -999.999 3678
MKN 2023 10 14 08 00 00 266 4.8 82.1 0 663 10.67 -99.9 -99.9 -99.9 -9999.9 -9999.9 -0.0621999986 37.2971992493 -999.999 3678
MKN 2023 10 14 09 00 00 282 8.1 89.82 0 662.8 9.77 -99.9 -99.9 -99.9 -9999.9 -9999.9 -0.0621999986 37.2971992493 -999.999 3678
MKN 2023 10 14 10 00 00 277 5.8 91.15 0 662.6 10.32 -99.9 -99.9 -99.9 -9999.9 -9999.9 -0.0621999986 37.2971992493 -999.999 3678
MKN 2023 10 14 11 00 00 325 3.6 98.58 0 661.8 9.3 -99.9 -99.9 -99.9 -9999.9 -9999.9 -0.0621999986 37.2971992493 -999.999 3678
MKN 2023 10 14 12 00 00 275 5 99.28 0 661.2 8.67 -99.9 -99.9 -99.9 -9999.9 -9999.9 -0.0621999986 37.2971992493 -999.999 3678
MKN 2023 10 14 13 00 00 300 3.5 88.12 0 661 10.62 -99.9 -99.9 -99.9 -9999.9 -9999.9 -0.0621999986 37.2971992493 -999.999 3678
MKN 2023 10 14 14 00 00 299 3.6 98.72 0 660.8 8.98 -99.9 -99.9 -99.9 -9999.9 -9999.9 -0.0621999986 37.2971992493 -999.999 3678
MKN 2023 10 14 15 00 00 311 2.3 99.3 0 660.8 8.23 -99.9 -99.9 -99.9 -9999.9 -9999.9 -0.0621999986 37.2971992493 -999.999 3678
MKN 2023 10 14 16 00 00 262 1.9 99.3 0 661.1 7.27 -99.9 -99.9 -99.9 -9999.9 -9999.9 -0.0621999986 37.2971992493 -999.999 3678
MKN 2023 10 14 17 00 00 99 1.3 97.52 0 661.4 5.33 -99.9 -99.9 -99.9 -9999.9 -9999.9 -0.0621999986 37.2971992493 -999.999 3678
MKN 2023 10 14 18 00 00 205 2.4 97.42 0 661.4 5.95 -99.9 -99.9 -99.9 -9999.9 -9999.9 -0.0621999986 37.2971992493 -999.999 3678
MKN 2023 10 14 19 00 00 217 1.9 79.58 0 661.8 7 -99.9 -99.9 -99.9 -9999.9 -9999.9 -0.0621999986 37.2971992493 -999.999 3678
MKN 2023 10 14 20 00 00 173 7.6 88.55 0 661.9 6.52 -99.9 -99.9 -99.9 -9999.9 -9999.9 -0.0621999986 37.2971992493 -999.999 3678
MKN 2023 10 14 21 00 00 138 4 95.43 0.1 661.7 6.55 -99.9 -99.9 -99.9 -9999.9 -9999.9 -0.0621999986 37.2971992493 -999.999 3678
MKN 2023 10 14 22 00 00 131 6.4 88.48 0 661 6.08 -99.9 -99.9 -99.9 -9999.9 -9999.9 -0.0621999986 37.2971992493 -999.999 3678
MKN 2023 10 14 23 00 00 161 4.8 93.43 0 660.8 5.65 -99.9 -99.9 -99.9 -9999.9 -9999.9 -0.0621999986 37.2971992493 -999.999 3678
MKN 2023 10 15 00 00 00 123 5.3 93.05 0 660.4 4.75 -99.9 -99.9 -99.9 -9999.9 -9999.9 -0.0621999986 37.2971992493 -999.999 3678
MKN 2023 10 15 01 00 00 134 7.2 87.9 0 660.1 4.28 -99.9 -99.9 -99.9 -9999.9 -9999.9 -0.0621999986 37.2971992493 -999.999 3678
MKN 2023 10 15 02 00 00 172 3.2 85.12 0 660.3 4.58 -99.9 -99.9 -99.9 -9999.9 -9999.9 -0.0621999986 37.2971992493 -999.999 3678
MKN 2023 10 15 03 00 00 157 4.7 93.35 0 660.6 4.72 -99.9 -99.9 -99.9 -9999.9 -9999.9 -0.0621999986 37.2971992493 -999.999 3678
MKN 2023 10 15 04 00 00 124 5.9 90.93 0 660.8 5.78 -99.9 -99.9 -99.9 -9999.9 -9999.9 -0.0621999986 37.2971992493 -999.999 3678
MKN 2023 10 15 05 00 00 119 8.4 84.62 0 661.2 7.73 -99.9 -99.9 -99.9 -9999.9 -9999.9 -0.0621999986 37.2971992493 -999.999 3678
MKN 2023 10 15 06 00 00 110 7.5 78.55 0 661.9 9.43 -99.9 -99.9 -99.9 -9999.9 -9999.9 -0.0621999986 37.2971992493 -999.999 3678
MKN 2023 10 15 07 00 00 102 6.6 67.03 0 662.5 11.63 -99.9 -99.9 -99.9 -9999.9 -9999.9 -0.0621999986 37.2971992493 -999.999 3678
MKN 2023 10 15 08 00 00 95 7.6 62.15 0 662.6 12.65 -99.9 -99.9 -99.9 -9999.9 -9999.9 -0.0621999986 37.2971992493 -999.999 3678
MKN 2023 10 15 09 00 00 92 4.4 68.85 0 662.4 12.63 -99.9 -99.9 -99.9 -9999.9 -9999.9 -0.0621999986 37.2971992493 -999.999 3678
MKN 2023 10 15 10 00 00 138 3.6 85.58 0 661.9 11 -99.9 -99.9 -99.9 -9999.9 -9999.9 -0.0621999986 37.2971992493 -999.999 3678
MKN 2023 10 15 11 00 00 281 4.1 86.33 0 661.3 10.95 -99.9 -99.9 -99.9 -9999.9 -9999.9 -0.0621999986 37.2971992493 -999.999 3678
MKN 2023 10 15 12 00 00 257 2.3 54.8 0 660.8 13.53 -99.9 -99.9 -99.9 -9999.9 -9999.9 -0.0621999986 37.2971992493 -999.999 3678
MKN 2023 10 15 13 00 00 173 4.7 92.5 0 660.4 10.35 -99.9 -99.9 -99.9 -9999.9 -9999.9 -0.0621999986 37.2971992493 -999.999 3678
MKN 2023 10 15 14 00 00 294 3.1 99.3 0 660.4 8.6 -99.9 -99.9 -99.9 -9999.9 -9999.9 -0.0621999986 37.2971992493 -999.999 3678
MKN 2023 10 15 15 00 00 241 1.5 86.17 0 660.5 7.6 -99.9 -99.9 -99.9 -9999.9 -9999.9 -0.0621999986 37.2971992493 -999.999 3678
MKN 2023 10 15 16 00 00 189 2.6 90.37 0 660.9 6.7 -99.9 -99.9 -99.9 -9999.9 -9999.9 -0.0621999986 37.2971992493 -999.999 3678
MKN 2023 10 15 17 00 00 238 2.2 91.17 0 661 6.55 -99.9 -99.9 -99.9 -9999.9 -9999.9 -0.0621999986 37.2971992493 -999.999 3678
MKN 2023 10 15 18 00 00 170 5.8 90.9 0 661 6.83 -99.9 -99.9 -99.9 -9999.9 -9999.9 -0.0621999986 37.2971992493 -999.999 3678
MKN 2023 10 15 19 00 00 198 4.4 84.6 0.1 661.7 6.12 -99.9 -99.9 -99.9 -9999.9 -9999.9 -0.0621999986 37.2971992493 -999.999 3678
MKN 2023 10 15 20 00 00 196 3.4 94.28 0.3 662.1 5.78 -99.9 -99.9 -99.9 -9999.9 -9999.9 -0.0621999986 37.2971992493 -999.999 3678
MKN 2023 10 15 21 00 00 196 2.8 86.63 0 661.7 5.92 -99.9 -99.9 -99.9 -9999.9 -9999.9 -0.0621999986 37.2971992493 -999.999 3678
MKN 2023 10 15 22 00 00 200 3.6 88.77 0 660.9 5.23 -99.9 -99.9 -99.9 -9999.9 -9999.9 -0.0621999986 37.2971992493 -999.999 3678
MKN 2023 10 15 23 00 00 187 1.5 91.95 0 660.4 5.2 -99.9 -99.9 -99.9 -9999.9 -9999.9 -0.0621999986 37.2971992493 -999.999 3678
MKN 2023 10 16 00 00 00 196 2 94.23 1.8 659.9 5.5 -99.9 -99.9 -99.9 -9999.9 -9999.9 -0.0621999986 37.2971992493 -999.999 3678
MKN 2023 10 16 01 00 00 194 1.4 98.63 1.2 659.7 5.48 -99.9 -99.9 -99.9 -9999.9 -9999.9 -0.0621999986 37.2971992493 -999.999 3678
MKN 2023 10 16 02 00 00 129 3 99.28 0.8 659.8 5.85 -99.9 -99.9 -99.9 -9999.9 -9999.9 -0.0621999986 37.2971992493 -999.999 3678
MKN 2023 10 16 03 00 00 85 2.6 98.78 3 660.1 5.85 -99.9 -99.9 -99.9 -9999.9 -9999.9 -0.0621999986 37.2971992493 -999.999 3678
MKN 2023 10 16 04 00 00 -99.9 1.9 98.02 8.5 660.5 6.3 -99.9 -99.9 -99.9 -9999.9 -9999.9 -0.0621999986 37.2971992493 -999.999 3678
MKN 2023 10 16 05 00 00 103 6.4 98.55 1.9 661.2 6.97 -99.9 -99.9 -99.9 -9999.9 -9999.9 -0.0621999986 37.2971992493 -999.999 3678
MKN 2023 10 16 06 00 00 106 6.9 95.95 3 661.7 8.18 -99.9 -99.9 -99.9 -9999.9 -9999.9 -0.0621999986 37.2971992493 -999.999 3678
MKN 2023 10 16 07 00 00 92 5.1 82.5 0 662.1 10.88 -99.9 -99.9 -99.9 -9999.9 -9999.9 -0.0621999986 37.2971992493 -999.999 3678
MKN 2023 10 16 08 00 00 90 3.7 92.9 0 662.2 9.65 -99.9 -99.9 -99.9 -9999.9 -9999.9 -0.0621999986 37.2971992493 -999.999 3678
MKN 2023 10 16 09 00 00 320 4.2 99.3 0 662 8.28 -99.9 -99.9 -99.9 -9999.9 -9999.9 -0.0621999986 37.2971992493 -999.999 3678
MKN 2023 10 16 10 00 00 313 2.8 97.33 0 661.7 9.53 -99.9 -99.9 -99.9 -9999.9 -9999.9 -0.0621999986 37.2971992493 -999.999 3678
MKN 2023 10 16 11 00 00 7 2.9 93.02 0 661.2 9.97 -99.9 -99.9 -99.9 -9999.9 -9999.9 -0.0621999986 37.2971992493 -999.999 3678
MKN 2023 10 16 12 00 00 90 4.4 85.93 0 660.6 10.87 -99.9 -99.9 -99.9 -9999.9 -9999.9 -0.0621999986 37.2971992493 -999.999 3678
MKN 2023 10 16 13 00 00 5 5 98.32 0 660.2 9.3 -99.9 -99.9 -99.9 -9999.9 -9999.9 -0.0621999986 37.2971992493 -999.999 3678
MKN 2023 10 16 14 00 00 319 4.5 99.28 0 660.1 8.18 -99.9 -99.9 -99.9 -9999.9 -9999.9 -0.0621999986 37.2971992493 -999.999 3678
MKN 2023 10 16 15 00 00 351 1.7 94.9 0 660.4 6.43 -99.9 -99.9 -99.9 -9999.9 -9999.9 -0.0621999986 37.2971992493 -999.999 3678
MKN 2023 10 16 16 00 00 133 2.3 56.17 0 660.6 4.8 -99.9 -99.9 -99.9 -9999.9 -9999.9 -0.0621999986 37.2971992493 -999.999 3678
MKN 2023 10 16 17 00 00 157 4.6 68.65 0 661.1 5.53 -99.9 -99.9 -99.9 -9999.9 -9999.9 -0.0621999986 37.2971992493 -999.999 3678
MKN 2023 10 16 18 00 00 131 1.5 74.37 0 662 4.43 -99.9 -99.9 -99.9 -9999.9 -9999.9 -0.0621999986 37.2971992493 -999.999 3678
MKN 2023 10 16 19 00 00 136 5.3 66.23 0 662.3 4.67 -99.9 -99.9 -99.9 -9999.9 -9999.9 -0.0621999986 37.2971992493 -999.999 3678
MKN 2023 10 16 20 00 00 141 6.7 68.63 0 662.3 4.08 -99.9 -99.9 -99.9 -9999.9 -9999.9 -0.0621999986 37.2971992493 -999.999 3678
MKN 2023 10 16 21 00 00 145 6.2 78.82 0 662 3.08 -99.9 -99.9 -99.9 -9999.9 -9999.9 -0.0621999986 37.2971992493 -999.999 3678
MKN 2023 10 16 22 00 00 159 3.9 80.42 0 661.6 4.25 -99.9 -99.9 -99.9 -9999.9 -9999.9 -0.0621999986 37.2971992493 -999.999 3678
MKN 2023 10 16 23 00 00 137 4.1 87.17 0 661 5.13 -99.9 -99.9 -99.9 -9999.9 -9999.9 -0.0621999986 37.2971992493 -999.999 3678
MKN 2023 10 17 00 00 00 180 3.4 83.67 0 660.7 4.7 -99.9 -99.9 -99.9 -9999.9 -9999.9 -0.0621999986 37.2971992493 -999.999 3678
MKN 2023 10 17 01 00 00 152 3.9 75.37 0 660.5 5.9 -99.9 -99.9 -99.9 -9999.9 -9999.9 -0.0621999986 37.2971992493 -999.999 3678
MKN 2023 10 17 02 00 00 139 7.6 78.53 0 660.3 5.93 -99.9 -99.9 -99.9 -9999.9 -9999.9 -0.0621999986 37.2971992493 -999.999 3678
MKN 2023 10 17 03 00 00 147 7.1 79.83 0 660.7 6.32 -99.9 -99.9 -99.9 -9999.9 -9999.9 -0.0621999986 37.2971992493 -999.999 3678
MKN 2023 10 17 04 00 00 153 2.1 76.15 0 661.5 7.78 -99.9 -99.9 -99.9 -9999.9 -9999.9 -0.0621999986 37.2971992493 -999.999 3678
MKN 2023 10 17 05 00 00 95 2.9 74.9 0 662.4 8.5 -99.9 -99.9 -99.9 -9999.9 -9999.9 -0.0621999986 37.2971992493 -999.999 3678
MKN 2023 10 17 06 00 00 336 1.5 88.05 0 662.8 8.42 -99.9 -99.9 -99.9 -9999.9 -9999.9 -0.0621999986 37.2971992493 -999.999 3678
MKN 2023 10 17 07 00 00 38 4.3 74.9 0 663.1 8.9 -99.9 -99.9 -99.9 -9999.9 -9999.9 -0.0621999986 37.2971992493 -999.999 3678
MKN 2023 10 17 17 00 00 -99.9 -99.9 -99.9 -99.9 -999.9 -99.9 -99.9 -99.9 -99.9 -9999.9 -9999.9 -0.0621999986 37.2971992493 -999.999 3678
MKN 2023 10 17 18 00 00 -99.9 -99.9 -99.9 -99.9 -999.9 -99.9 -99.9 -99.9 -99.9 -9999.9 -9999.9 -0.0621999986 37.2971992493 -999.999 3678
MKN 2023 10 17 19 00 00 -99.9 -99.9 -99.9 -99.9 -999.9 -99.9 -99.9 -99.9 -99.9 -9999.9 -9999.9 -0.0621999986 37.2971992493 -999.999 3678
MKN 2023 10 17 20 00 00 -99.9 -99.9 -99.9 -99.9 -999.9 -99.9 -99.9 -99.9 -99.9 -9999.9 -9999.9 -0.0621999986 37.2971992493 -999.999 3678
MKN 2023 10 17 21 00 00 -99.9 -99.9 -99.9 -99.9 -999.9 -99.9 -99.9 -99.9 -99.9 -9999.9 -9999.9 -0.0621999986 37.2971992493 -999.999 3678
MKN 2023 10 17 22 00 00 -99.9 -99.9 -99.9 -99.9 -999.9 -99.9 -99.9 -99.9 -99.9 -9999.9 -9999.9 -0.0621999986 37.2971992493 -999.999 3678
MKN 2023 10 17 23 00 00 -99.9 -99.9 -99.9 -99.9 -999.9 -99.9 -99.9 -99.9 -99.9 -9999.9 -9999.9 -0.0621999986 37.2971992493 -999.999 3678
MKN 2023 10 18 00 00 00 -99.9 -99.9 -99.9 -99.9 -999.9 -99.9 -99.9 -99.9 -99.9 -9999.9 -9999.9 -0.0621999986 37.2971992493 -999.999 3678
MKN 2023 10 18 01 00 00 -99.9 -99.9 -99.9 -99.9 -999.9 -99.9 -99.9 -99.9 -99.9 -9999.9 -9999.9 -0.0621999986 37.2971992493 -999.999 3678
MKN 2023 10 18 02 00 00 -99.9 -99.9 -99.9 -99.9 -999.9 -99.9 -99.9 -99.9 -99.9 -9999.9 -9999.9 -0.0621999986 37.2971992493 -999.999 3678
MKN 2023 10 18 03 00 00 -99.9 -99.9 -99.9 -99.9 -999.9 -99.9 -99.9 -99.9 -99.9 -9999.9 -9999.9 -0.0621999986 37.2971992493 -999.999 3678
MKN 2023 10 18 07 00 00 -99.9 -99.9 68.72 -99.9 -999.9 12.25 -99.9 -99.9 -99.9 -9999.9 -9999.9 -0.0621999986 37.2971992493 -999.999 3678
MKN 2023 10 18 08 00 00 57 4.7 96.2 0 663.4 9.92 -99.9 -99.9 -99.9 -9999.9 -9999.9 -0.0621999986 37.2971992493 -999.999 3678
MKN 2023 10 18 09 00 00 340 5.1 99.3 0 663 8.42 -99.9 -99.9 -99.9 -9999.9 -9999.9 -0.0621999986 37.2971992493 -999.999 3678
MKN 2023 10 18 10 00 00 283 2.7 99.3 0 662.6 8.42 -99.9 -99.9 -99.9 -9999.9 -9999.9 -0.0621999986 37.2971992493 -999.999 3678
MKN 2023 10 18 11 00 00 302 3.2 98.83 0 662 8.55 -99.9 -99.9 -99.9 -9999.9 -9999.9 -0.0621999986 37.2971992493 -999.999 3678
MKN 2023 10 18 12 00 00 355 6.2 99.18 0 661.5 8.25 -99.9 -99.9 -99.9 -9999.9 -9999.9 -0.0621999986 37.2971992493 -999.999 3678
MKN 2023 10 18 13 00 00 13 4.4 94.17 0 661.4 8.75 -99.9 -99.9 -99.9 -9999.9 -9999.9 -0.0621999986 37.2971992493 -999.999 3678
MKN 2023 10 18 14 00 00 16 4.4 97.62 0 661.3 7.9 -99.9 -99.9 -99.9 -9999.9 -9999.9 -0.0621999986 37.2971992493 -999.999 3678
MKN 2023 10 18 15 00 00 10 2.3 91.03 0 661.3 6.35 -99.9 -99.9 -99.9 -9999.9 -9999.9 -0.0621999986 37.2971992493 -999.999 3678
MKN 2023 10 18 16 00 00 177 3.6 85.6 0 661.6 6.57 -99.9 -99.9 -99.9 -9999.9 -9999.9 -0.0621999986 37.2971992493 -999.999 3678
MKN 2023 10 18 17 00 00 255 2.3 91.42 0 661.9 7.17 -99.9 -99.9 -99.9 -9999.9 -9999.9 -0.0621999986 37.2971992493 -999.999 3678
MKN 2023 10 18 18 00 00 201 2.5 91.73 0 662.3 6.4 -99.9 -99.9 -99.9 -9999.9 -9999.9 -0.0621999986 37.2971992493 -999.999 3678
MKN 2023 10 18 19 00 00 152 3 94.25 6 662.8 5.73 -99.9 -99.9 -99.9 -9999.9 -9999.9 -0.0621999986 37.2971992493 -999.999 3678
MKN 2023 10 18 20 00 00 203 3.2 99.08 5.5 662.7 5.48 -99.9 -99.9 -99.9 -9999.9 -9999.9 -0.0621999986 37.2971992493 -999.999 3678
MKN 2023 10 18 21 00 00 208 2 97.38 4.1 662.3 5.67 -99.9 -99.9 -99.9 -9999.9 -9999.9 -0.0621999986 37.2971992493 -999.999 3678
MKN 2023 10 18 22 00 00 211 2.3 99.25 4.6 662 5.6 -99.9 -99.9 -99.9 -9999.9 -9999.9 -0.0621999986 37.2971992493 -999.999 3678
MKN 2023 10 18 23 00 00 175 2 99.2 0.7 661.3 5.72 -99.9 -99.9 -99.9 -9999.9 -9999.9 -0.0621999986 37.2971992493 -999.999 3678
MKN 2023 10 19 00 00 00 253 2.1 99.3 0.9 661.2 5.5 -99.9 -99.9 -99.9 -9999.9 -9999.9 -0.0621999986 37.2971992493 -999.999 3678
MKN 2023 10 19 01 00 00 -99.9 2.3 -99.9 -99.9 661.4 5.8 -99.9 -99.9 -99.9 -9999.9 -9999.9 -0.0621999986 37.2971992493 -999.999 3678
MKN 2023 10 19 02 00 00 -99.9 2.3 -99.9 -99.9 661.7 6.15 -99.9 -99.9 -99.9 -9999.9 -9999.9 -0.0621999986 37.2971992493 -999.999 3678
MKN 2023 10 19 03 00 00 -99.9 2.2 -99.9 -99.9 662 6.55 -99.9 -99.9 -99.9 -9999.9 -9999.9 -0.0621999986 37.2971992493 -999.999 3678
MKN 2023 10 19 04 00 00 -99.9 2.2 -99.9 -99.9 662.4 7.12 -99.9 -99.9 -99.9 -9999.9 -9999.9 -0.0621999986 37.2971992493 -999.999 3678
MKN 2023 10 19 05 00 00 -99.9 2.4 99.3 -99.9 662.7 7.73 -99.9 -99.9 -99.9 -9999.9 -9999.9 -0.0621999986 37.2971992493 -999.999 3678
MKN 2023 10 19 06 00 00 347 2.8 93.68 0 663 9.8 -99.9 -99.9 -99.9 -9999.9 -9999.9 -0.0621999986 37.2971992493 -999.999 3678
MKN 2023 10 19 07 00 00 147 4.5 74.55 0 663.4 11.6 -99.9 -99.9 -99.9 -9999.9 -9999.9 -0.0621999986 37.2971992493 -999.999 3678
MKN 2023 10 19 08 00 00 177 5.5 99.28 0 663.3 8.86 -99.9 -99.9 -99.9 -9999.9 -9999.9 -0.0621999986 37.2971992493 -999.999 3678
MKN 2023 10 19 09 00 00 14 3.9 -99.9 0 662.9 -99.9 -99.9 -99.9 -99.9 -9999.9 -9999.9 -0.0621999986 37.2971992493 -999.999 3678
MKN 2023 10 19 15 00 00 -99.9 -99.9 99.3 -99.9 -999.9 7.18 -99.9 -99.9 -99.9 -9999.9 -9999.9 -0.0621999986 37.2971992493 -999.999 3678
MKN 2023 10 19 16 00 00 280 1.4 99.28 -99.9 -999.9 6.5 -99.9 -99.9 -99.9 -9999.9 -9999.9 -0.0621999986 37.2971992493 -999.999 3678
MKN 2023 10 19 17 00 00 229 2.2 95.17 -99.9 -999.9 6.43 -99.9 -99.9 -99.9 -9999.9 -9999.9 -0.0621999986 37.2971992493 -999.999 3678
MKN 2023 10 19 18 00 00 232 1.8 99.3 -99.9 -999.9 6.22 -99.9 -99.9 -99.9 -9999.9 -9999.9 -0.0621999986 37.2971992493 -999.999 3678
MKN 2023 10 19 19 00 00 252 2.5 99.3 -99.9 -999.9 6.02 -99.9 -99.9 -99.9 -9999.9 -9999.9 -0.0621999986 37.2971992493 -999.999 3678
MKN 2023 10 19 20 00 00 253 1.3 99.3 -99.9 -999.9 5.63 -99.9 -99.9 -99.9 -9999.9 -9999.9 -0.0621999986 37.2971992493 -999.999 3678
MKN 2023 10 19 21 00 00 231 2.3 99.3 -99.9 -999.9 5.9 -99.9 -99.9 -99.9 -9999.9 -9999.9 -0.0621999986 37.2971992493 -999.999 3678
MKN 2023 10 19 22 00 00 266 1.7 96.97 -99.9 -999.9 5.87 -99.9 -99.9 -99.9 -9999.9 -9999.9 -0.0621999986 37.2971992493 -999.999 3678
MKN 2023 10 19 23 00 00 201 2.6 83.5 -99.9 -999.9 6.12 -99.9 -99.9 -99.9 -9999.9 -9999.9 -0.0621999986 37.2971992493 -999.999 3678
MKN 2023 10 20 00 00 00 227 3.7 84.4 -99.9 -999.9 5.83 -99.9 -99.9 -99.9 -9999.9 -9999.9 -0.0621999986 37.2971992493 -999.999 3678
MKN 2023 10 20 01 00 00 175 2.9 76.32 -99.9 -999.9 5.57 -99.9 -99.9 -99.9 -9999.9 -9999.9 -0.0621999986 37.2971992493 -999.999 3678
MKN 2023 10 20 02 00 00 183 2.6 58.83 -99.9 -999.9 6.13 -99.9 -99.9 -99.9 -9999.9 -9999.9 -0.0621999986 37.2971992493 -999.999 3678
MKN 2023 10 20 03 00 00 167 5.1 50.8 -99.9 -999.9 7.3 -99.9 -99.9 -99.9 -9999.9 -9999.9 -0.0621999986 37.2971992493 -999.999 3678
MKN 2023 10 20 04 00 00 152 8.9 44.43 -99.9 -999.9 8.55 -99.9 -99.9 -99.9 -9999.9 -9999.9 -0.0621999986 37.2971992493 -999.999 3678
MKN 2023 10 20 05 00 00 146 12.7 43.07 -99.9 -999.9 11.58 -99.9 -99.9 -99.9 -9999.9 -9999.9 -0.0621999986 37.2971992493 -999.999 3678
MKN 2023 10 20 06 00 00 157 7.9 58.47 -99.9 -999.9 12.92 -99.9 -99.9 -99.9 -9999.9 -9999.9 -0.0621999986 37.2971992493 -999.999 3678
MKN 2023 10 20 07 00 00 188 6.6 73.03 -99.9 -999.9 10.6 -99.9 -99.9 -99.9 -9999.9 -9999.9 -0.0621999986 37.2971992493 -999.999 3678
MKN 2023 10 20 08 00 00 351 3.6 96.45 -99.9 -999.9 8.87 -99.9 -99.9 -99.9 -9999.9 -9999.9 -0.0621999986 37.2971992493 -999.999 3678
MKN 2023 10 20 09 00 00 335 4.1 99.23 -99.9 -999.9 8.23 -99.9 -99.9 -99.9 -9999.9 -9999.9 -0.0621999986 37.2971992493 -999.999 3678
MKN 2023 10 20 10 00 00 312 3 98.25 -99.9 -999.9 8.63 -99.9 -99.9 -99.9 -9999.9 -9999.9 -0.0621999986 37.2971992493 -999.999 3678
MKN 2023 10 20 11 00 00 288 3.1 98.47 -99.9 -999.9 8.7 -99.9 -99.9 -99.9 -9999.9 -9999.9 -0.0621999986 37.2971992493 -999.999 3678
MKN 2023 10 20 12 00 00 288 4.5 99.3 -99.9 -999.9 8.27 -99.9 -99.9 -99.9 -9999.9 -9999.9 -0.0621999986 37.2971992493 -999.999 3678
MKN 2023 10 20 13 00 00 287 3.9 99.3 -99.9 -999.9 8.18 -99.9 -99.9 -99.9 -9999.9 -9999.9 -0.0621999986 37.2971992493 -999.999 3678
MKN 2023 10 20 14 00 00 284 3.5 99.3 -99.9 -999.9 7.33 -99.9 -99.9 -99.9 -9999.9 -9999.9 -0.0621999986 37.2971992493 -999.999 3678
MKN 2023 10 20 15 00 00 270 2.1 99.3 -99.9 -999.9 7.05 -99.9 -99.9 -99.9 -9999.9 -9999.9 -0.0621999986 37.2971992493 -999.999 3678
MKN 2023 10 20 16 00 00 261 1.6 99.3 -99.9 -999.9 5.65 -99.9 -99.9 -99.9 -9999.9 -9999.9 -0.0621999986 37.2971992493 -999.999 3678
MKN 2023 10 20 17 00 00 194 1.1 99.28 -99.9 -999.9 4.68 -99.9 -99.9 -99.9 -9999.9 -9999.9 -0.0621999986 37.2971992493 -999.999 3678
MKN 2023 10 20 18 00 00 180 1.5 91.63 -99.9 -999.9 5.3 -99.9 -99.9 -99.9 -9999.9 -9999.9 -0.0621999986 37.2971992493 -999.999 3678
MKN 2023 10 20 19 00 00 162 2.7 92.23 -99.9 -999.9 5.23 -99.9 -99.9 -99.9 -9999.9 -9999.9 -0.0621999986 37.2971992493 -999.999 3678
MKN 2023 10 20 20 00 00 150 1.8 99.28 -99.9 -999.9 4.92 -99.9 -99.9 -99.9 -9999.9 -9999.9 -0.0621999986 37.2971992493 -999.999 3678
MKN 2023 10 20 21 00 00 191 3 98.05 -99.9 -999.9 4.55 -99.9 -99.9 -99.9 -9999.9 -9999.9 -0.0621999986 37.2971992493 -999.999 3678
MKN 2023 10 20 22 00 00 187 2.1 88.47 -99.9 -999.9 4.88 -99.9 -99.9 -99.9 -9999.9 -9999.9 -0.0621999986 37.2971992493 -999.999 3678
MKN 2023 10 20 23 00 00 225 1.2 96.88 -99.9 -999.9 3.88 -99.9 -99.9 -99.9 -9999.9 -9999.9 -0.0621999986 37.2971992493 -999.999 3678
MKN 2023 10 21 00 00 00 190 2.4 98.05 -99.9 -999.9 3.97 -99.9 -99.9 -99.9 -9999.9 -9999.9 -0.0621999986 37.2971992493 -999.999 3678
MKN 2023 10 21 01 00 00 180 2.9 87.8 -99.9 -999.9 4.27 -99.9 -99.9 -99.9 -9999.9 -9999.9 -0.0621999986 37.2971992493 -999.999 3678
MKN 2023 10 21 02 00 00 147 4.8 84.73 -99.9 -999.9 4.73 -99.9 -99.9 -99.9 -9999.9 -9999.9 -0.0621999986 37.2971992493 -999.999 3678
MKN 2023 10 21 03 00 00 160 4.4 95.37 -99.9 -999.9 5.03 -99.9 -99.9 -99.9 -9999.9 -9999.9 -0.0621999986 37.2971992493 -999.999 3678
MKN 2023 10 21 04 00 00 242 1.5 90.9 -99.9 -999.9 6.88 -99.9 -99.9 -99.9 -9999.9 -9999.9 -0.0621999986 37.2971992493 -999.999 3678
MKN 2023 10 21 05 00 00 252 1 88.9 -99.9 -999.9 7.62 -99.9 -99.9 -99.9 -9999.9 -9999.9 -0.0621999986 37.2971992493 -999.999 3678
MKN 2023 10 21 06 00 00 318 1.8 95.97 -99.9 -999.9 8.43 -99.9 -99.9 -99.9 -9999.9 -9999.9 -0.0621999986 37.2971992493 -999.999 3678
MKN 2023 10 21 07 00 00 304 2.8 99.2 -99.9 -999.9 7.77 -99.9 -99.9 -99.9 -9999.9 -9999.9 -0.0621999986 37.2971992493 -999.999 3678
MKN 2023 10 21 08 00 00 298 2.7 99.3 -99.9 -999.9 7.37 -99.9 -99.9 -99.9 -9999.9 -9999.9 -0.0621999986 37.2971992493 -999.999 3678
MKN 2023 10 21 09 00 00 319 1.8 99.3 -99.9 -999.9 7.38 -99.9 -99.9 -99.9 -9999.9 -9999.9 -0.0621999986 37.2971992493 -999.999 3678
MKN 2023 10 21 10 00 00 18 1 99.3 -99.9 -999.9 7 -99.9 -99.9 -99.9 -9999.9 -9999.9 -0.0621999986 37.2971992493 -999.999 3678
MKN 2023 10 21 11 00 00 343 1.5 99.3 -99.9 -999.9 7.65 -99.9 -99.9 -99.9 -9999.9 -9999.9 -0.0621999986 37.2971992493 -999.999 3678
MKN 2023 10 21 12 00 00 309 3.5 99.3 -99.9 -999.9 6.4 -99.9 -99.9 -99.9 -9999.9 -9999.9 -0.0621999986 37.2971992493 -999.999 3678
MKN 2023 10 21 13 00 00 215 2.4 99.28 -99.9 -999.9 7.47 -99.9 -99.9 -99.9 -9999.9 -9999.9 -0.0621999986 37.2971992493 -999.999 3678
MKN 2023 10 21 14 00 00 229 2.2 93.18 -99.9 -999.9 8.27 -99.9 -99.9 -99.9 -9999.9 -9999.9 -0.0621999986 37.2971992493 -999.999 3678
MKN 2023 10 21 15 00 00 288 2.2 99.27 -99.9 -999.9 7.32 -99.9 -99.9 -99.9 -9999.9 -9999.9 -0.0621999986 37.2971992493 -999.999 3678
MKN 2023 10 21 16 00 00 79 1.4 98.45 -99.9 -999.9 6.72 -99.9 -99.9 -99.9 -9999.9 -9999.9 -0.0621999986 37.2971992493 -999.999 3678
MKN 2023 10 21 17 00 00 144 3 94.05 -99.9 -999.9 6.42 -99.9 -99.9 -99.9 -9999.9 -9999.9 -0.0621999986 37.2971992493 -999.999 3678
MKN 2023 10 21 18 00 00 220 1.6 98.22 -99.9 -999.9 6 -99.9 -99.9 -99.9 -9999.9 -9999.9 -0.0621999986 37.2971992493 -999.999 3678
MKN 2023 10 21 19 00 00 114 2.1 97.32 -99.9 -999.9 6.23 -99.9 -99.9 -99.9 -9999.9 -9999.9 -0.0621999986 37.2971992493 -999.999 3678
MKN 2023 10 21 20 00 00 135 2.1 98.52 -99.9 -999.9 6.12 -99.9 -99.9 -99.9 -9999.9 -9999.9 -0.0621999986 37.2971992493 -999.999 3678
MKN 2023 10 21 21 00 00 198 1.4 99.3 -99.9 -999.9 5.82 -99.9 -99.9 -99.9 -9999.9 -9999.9 -0.0621999986 37.2971992493 -999.999 3678
MKN 2023 10 21 22 00 00 221 1.1 99.28 -99.9 -999.9 5.68 -99.9 -99.9 -99.9 -9999.9 -9999.9 -0.0621999986 37.2971992493 -999.999 3678
MKN 2023 10 21 23 00 00 215 3 99.3 -99.9 -999.9 5.87 -99.9 -99.9 -99.9 -9999.9 -9999.9 -0.0621999986 37.2971992493 -999.999 3678
MKN 2023 10 22 00 00 00 135 1.8 95.53 -99.9 -999.9 5.82 -99.9 -99.9 -99.9 -9999.9 -9999.9 -0.0621999986 37.2971992493 -999.999 3678
MKN 2023 10 22 01 00 00 126 3.6 96.27 -99.9 -999.9 5.72 -99.9 -99.9 -99.9 -9999.9 -9999.9 -0.0621999986 37.2971992493 -999.999 3678
MKN 2023 10 22 02 00 00 218 1.7 89.6 -99.9 -999.9 5.47 -99.9 -99.9 -99.9 -9999.9 -9999.9 -0.0621999986 37.2971992493 -999.999 3678
MKN 2023 10 22 03 00 00 111 2.7 72.35 -99.9 -999.9 5.95 -99.9 -99.9 -99.9 -9999.9 -9999.9 -0.0621999986 37.2971992493 -999.999 3678
MKN 2023 10 22 04 00 00 128 5.6 70.58 -99.9 -999.9 7.5 -99.9 -99.9 -99.9 -9999.9 -9999.9 -0.0621999986 37.2971992493 -999.999 3678
MKN 2023 10 22 05 00 00 126 4.9 79.28 -99.9 -999.9 8.78 -99.9 -99.9 -99.9 -9999.9 -9999.9 -0.0621999986 37.2971992493 -999.999 3678
MKN 2023 10 22 06 00 00 110 5.1 78.37 -99.9 -999.9 9.78 -99.9 -99.9 -99.9 -9999.9 -9999.9 -0.0621999986 37.2971992493 -999.999 3678
MKN 2023 10 22 07 00 00 83 7.2 82.12 -99.9 -999.9 10.85 -99.9 -99.9 -99.9 -9999.9 -9999.9 -0.0621999986 37.2971992493 -999.999 3678
MKN 2023 10 22 08 00 00 24 7.3 97.03 -99.9 -999.9 9.1 -99.9 -99.9 -99.9 -9999.9 -9999.9 -0.0621999986 37.2971992493 -999.999 3678
MKN 2023 10 22 09 00 00 349 9.4 99.3 -99.9 -999.9 7.98 -99.9 -99.9 -99.9 -9999.9 -9999.9 -0.0621999986 37.2971992493 -999.999 3678
MKN 2023 10 22 10 00 00 359 6.6 99.3 -99.9 -999.9 8.18 -99.9 -99.9 -99.9 -9999.9 -9999.9 -0.0621999986 37.2971992493 -999.999 3678
MKN 2023 10 22 11 00 00 14 5.4 99.3 -99.9 -999.9 8.15 -99.9 -99.9 -99.9 -9999.9 -9999.9 -0.0621999986 37.2971992493 -999.999 3678
MKN 2023 10 22 12 00 00 -99.9 4.2 -99.9 -99.9 -999.9 7.47 -99.9 -99.9 -99.9 -9999.9 -9999.9 -0.0621999986 37.2971992493 -999.999 3678
MKN 2023 10 22 13 00 00 -99.9 2.9 99.3 -99.9 -999.9 7.02 -99.9 -99.9 -99.9 -9999.9 -9999.9 -0.0621999986 37.2971992493 -999.999 3678
MKN 2023 10 22 14 00 00 258 2.4 99.3 -99.9 -999.9 7 -99.9 -99.9 -99.9 -9999.9 -9999.9 -0.0621999986 37.2971992493 -999.999 3678
MKN 2023 10 22 15 00 00 252 1.9 99.3 -99.9 -999.9 7.05 -99.9 -99.9 -99.9 -9999.9 -9999.9 -0.0621999986 37.2971992493 -999.999 3678
MKN 2023 10 22 16 00 00 255 2.7 99.3 -99.9 -999.9 5.95 -99.9 -99.9 -99.9 -9999.9 -9999.9 -0.0621999986 37.2971992493 -999.999 3678
MKN 2023 10 22 17 00 00 231 1.3 99.28 -99.9 -999.9 4.43 -99.9 -99.9 -99.9 -9999.9 -9999.9 -0.0621999986 37.2971992493 -999.999 3678
MKN 2023 10 22 18 00 00 135 0.8 95.55 -99.9 -999.9 4.9 -99.9 -99.9 -99.9 -9999.9 -9999.9 -0.0621999986 37.2971992493 -999.999 3678
MKN 2023 10 22 19 00 00 105 2.6 97.93 -99.9 -999.9 4.9 -99.9 -99.9 -99.9 -9999.9 -9999.9 -0.0621999986 37.2971992493 -999.999 3678
MKN 2023 10 22 20 00 00 117 1.2 99.2 -99.9 -999.9 4.45 -99.9 -99.9 -99.9 -9999.9 -9999.9 -0.0621999986 37.2971992493 -999.999 3678
MKN 2023 10 22 21 00 00 107 1.1 99.2 -99.9 -999.9 4.33 -99.9 -99.9 -99.9 -9999.9 -9999.9 -0.0621999986 37.2971992493 -999.999 3678
MKN 2023 10 22 22 00 00 108 2.1 99.22 -99.9 -999.9 4.1 -99.9 -99.9 -99.9 -9999.9 -9999.9 -0.0621999986 37.2971992493 -999.999 3678
MKN 2023 10 22 23 00 00 133 2.1 92.35 -99.9 -999.9 4.18 -99.9 -99.9 -99.9 -9999.9 -9999.9 -0.0621999986 37.2971992493 -999.999 3678
MKN 2023 10 23 00 00 00 202 2.9 93 -99.9 -999.9 4.27 -99.9 -99.9 -99.9 -9999.9 -9999.9 -0.0621999986 37.2971992493 -999.999 3678
MKN 2023 10 23 01 00 00 196 1.8 78.6 -99.9 -999.9 5.02 -99.9 -99.9 -99.9 -9999.9 -9999.9 -0.0621999986 37.2971992493 -999.999 3678
MKN 2023 10 23 02 00 00 147 3 87.35 -99.9 -999.9 3.63 -99.9 -99.9 -99.9 -9999.9 -9999.9 -0.0621999986 37.2971992493 -999.999 3678
MKN 2023 10 23 03 00 00 128 3.4 84.78 -99.9 -999.9 4.43 -99.9 -99.9 -99.9 -9999.9 -9999.9 -0.0621999986 37.2971992493 -999.999 3678
MKN 2023 10 23 04 00 00 115 4.7 81.72 -99.9 -999.9 6.67 -99.9 -99.9 -99.9 -9999.9 -9999.9 -0.0621999986 37.2971992493 -999.999 3678
MKN 2023 10 23 05 00 00 241 2 84.62 -99.9 -999.9 7.33 -99.9 -99.9 -99.9 -9999.9 -9999.9 -0.0621999986 37.2971992493 -999.999 3678
MKN 2023 10 23 06 00 00 289 2.5 94.25 -99.9 -999.9 8 -99.9 -99.9 -99.9 -9999.9 -9999.9 -0.0621999986 37.2971992493 -999.999 3678
MKN 2023 10 23 07 00 00 339 3.8 99.2 -99.9 -999.9 8 -99.9 -99.9 -99.9 -9999.9 -9999.9 -0.0621999986 37.2971992493 -999.999 3678
MKN 2023 10 23 08 00 00 5 4.4 99.28 -99.9 -999.9 7.77 -99.9 -99.9 -99.9 -9999.9 -9999.9 -0.0621999986 37.2971992493 -999.999 3678
MKN 2023 10 23 09 00 00 14 3.1 99.3 -99.9 -999.9 7.82 -99.9 -99.9 -99.9 -9999.9 -9999.9 -0.0621999986 37.2971992493 -999.999 3678
MKN 2023 10 23 10 00 00 353 4.5 99.3 -99.9 -999.9 7.57 -99.9 -99.9 -99.9 -9999.9 -9999.9 -0.0621999986 37.2971992493 -999.999 3678
MKN 2023 10 23 11 00 00 352 3.3 99.3 -99.9 -999.9 7.38 -99.9 -99.9 -99.9 -9999.9 -9999.9 -0.0621999986 37.2971992493 -999.999 3678
MKN 2023 10 23 12 00 00 17 3.1 -99.9 -99.9 -999.9 7.75 -99.9 -99.9 -99.9 -9999.9 -9999.9 -0.0621999986 37.2971992493 -999.999 3678
MKN 2023 10 23 13 00 00 -99.9 3.7 99.3 -99.9 -999.9 7.9 -99.9 -99.9 -99.9 -9999.9 -9999.9 -0.0621999986 37.2971992493 -999.999 3678
MKN 2023 10 23 14 00 00 267 2.4 99.28 -99.9 -999.9 7.82 -99.9 -99.9 -99.9 -9999.9 -9999.9 -0.0621999986 37.2971992493 -999.999 3678
MKN 2023 10 23 15 00 00 238 2.2 99.27 -99.9 -999.9 6.82 -99.9 -99.9 -99.9 -9999.9 -9999.9 -0.0621999986 37.2971992493 -999.999 3678
MKN 2023 10 23 16 00 00 186 2.6 95.85 -99.9 -999.9 6.13 -99.9 -99.9 -99.9 -9999.9 -9999.9 -0.0621999986 37.2971992493 -999.999 3678
MKN 2023 10 23 17 00 00 309 2 99.22 -99.9 -999.9 5.58 -99.9 -99.9 -99.9 -9999.9 -9999.9 -0.0621999986 37.2971992493 -999.999 3678
MKN 2023 10 23 18 00 00 173 1.1 91.13 -99.9 -999.9 5.08 -99.9 -99.9 -99.9 -9999.9 -9999.9 -0.0621999986 37.2971992493 -999.999 3678
MKN 2023 10 23 19 00 00 158 3.1 81.92 -99.9 -999.9 6.03 -99.9 -99.9 -99.9 -9999.9 -9999.9 -0.0621999986 37.2971992493 -999.999 3678
MKN 2023 10 23 20 00 00 137 6.9 86.35 -99.9 -999.9 6.45 -99.9 -99.9 -99.9 -9999.9 -9999.9 -0.0621999986 37.2971992493 -999.999 3678
MKN 2023 10 23 21 00 00 130 7.1 90.27 -99.9 -999.9 5.83 -99.9 -99.9 -99.9 -9999.9 -9999.9 -0.0621999986 37.2971992493 -999.999 3678
MKN 2023 10 23 22 00 00 142 6.1 96.08 -99.9 -999.9 4.97 -99.9 -99.9 -99.9 -9999.9 -9999.9 -0.0621999986 37.2971992493 -999.999 3678
MKN 2023 10 23 23 00 00 202 2 96.5 -99.9 -999.9 4.72 -99.9 -99.9 -99.9 -9999.9 -9999.9 -0.0621999986 37.2971992493 -999.999 3678
MKN 2023 10 24 00 00 00 162 2.7 68.85 -99.9 -999.9 4.6 -99.9 -99.9 -99.9 -9999.9 -9999.9 -0.0621999986 37.2971992493 -999.999 3678
MKN 2023 10 24 01 00 00 151 7 59.98 -99.9 -999.9 4.45 -99.9 -99.9 -99.9 -9999.9 -9999.9 -0.0621999986 37.2971992493 -999.999 3678
MKN 2023 10 24 02 00 00 144 7.1 56.73 -99.9 -999.9 4.62 -99.9 -99.9 -99.9 -9999.9 -9999.9 -0.0621999986 37.2971992493 -999.999 3678
MKN 2023 10 24 03 00 00 139 8.4 55.6 -99.9 -999.9 4.92 -99.9 -99.9 -99.9 -9999.9 -9999.9 -0.0621999986 37.2971992493 -999.999 3678
MKN 2023 10 24 04 00 00 143 7.5 49.28 -99.9 -999.9 8.7 -99.9 -99.9 -99.9 -9999.9 -9999.9 -0.0621999986 37.2971992493 -999.999 3678
MKN 2023 10 24 05 00 00 123 5.4 48.33 -99.9 -999.9 10.68 -99.9 -99.9 -99.9 -9999.9 -9999.9 -0.0621999986 37.2971992493 -999.999 3678
MKN 2023 10 24 06 00 00 95 4 49.47 -99.9 -999.9 11.52 -99.9 -99.9 -99.9 -9999.9 -9999.9 -0.0621999986 37.2971992493 -999.999 3678
MKN 2023 10 24 07 00 00 91 4.7 73.83 -99.9 -999.9 10.45 -99.9 -99.9 -99.9 -9999.9 -9999.9 -0.0621999986 37.2971992493 -999.999 3678
MKN 2023 10 24 08 00 00 310 3.5 95.97 -99.9 -999.9 8.83 -99.9 -99.9 -99.9 -9999.9 -9999.9 -0.0621999986 37.2971992493 -999.999 3678
MKN 2023 10 24 09 00 00 326 3.3 97.07 -99.9 -999.9 8.7 -99.9 -99.9 -99.9 -9999.9 -9999.9 -0.0621999986 37.2971992493 -999.999 3678
MKN 2023 10 24 10 00 00 321 3.4 99.03 -99.9 -999.9 8.73 -99.9 -99.9 -99.9 -9999.9 -9999.9 -0.0621999986 37.2971992493 -999.999 3678
MKN 2023 10 24 11 00 00 287 3.8 96.62 -99.9 -999.9 9.35 -99.9 -99.9 -99.9 -9999.9 -9999.9 -0.0621999986 37.2971992493 -999.999 3678
MKN 2023 10 24 12 00 00 292 3.3 98.23 -99.9 -999.9 9.08 -99.9 -99.9 -99.9 -9999.9 -9999.9 -0.0621999986 37.2971992493 -999.999 3678
MKN 2023 10 24 13 00 00 274 2.8 94.78 -99.9 -999.9 10.37 -99.9 -99.9 -99.9 -9999.9 -9999.9 -0.0621999986 37.2971992493 -999.999 3678
MKN 2023 10 24 14 00 00 267 4.5 99.25 -99.9 -999.9 8.57 -99.9 -99.9 -99.9 -9999.9 -9999.9 -0.0621999986 37.2971992493 -999.999 3678
MKN 2023 10 24 15 00 00 235 2.2 98.45 -99.9 -999.9 7.03 -99.9 -99.9 -99.9 -9999.9 -9999.9 -0.0621999986 37.2971992493 -999.999 3678
MKN 2023 10 24 16 00 00 189 1.7 90.62 -99.9 -999.9 5.95 -99.9 -99.9 -99.9 -9999.9 -9999.9 -0.0621999986 37.2971992493 -999.999 3678
MKN 2023 10 24 17 00 00 195 2.5 79.65 -99.9 -999.9 6.07 -99.9 -99.9 -99.9 -9999.9 -9999.9 -0.0621999986 37.2971992493 -999.999 3678
MKN 2023 10 24 18 00 00 148 6.4 72.02 -99.9 -999.9 5.65 -99.9 -99.9 -99.9 -9999.9 -9999.9 -0.0621999986 37.2971992493 -999.999 3678
MKN 2023 10 24 19 00 00 136 6.9 74.1 -99.9 -999.9 5.4 -99.9 -99.9 -99.9 -9999.9 -9999.9 -0.0621999986 37.2971992493 -999.999 3678
MKN 2023 10 24 20 00 00 136 7.4 78.5 -99.9 -999.9 6.03 -99.9 -99.9 -99.9 -9999.9 -9999.9 -0.0621999986 37.2971992493 -999.999 3678
MKN 2023 10 24 21 00 00 137 7.6 85.63 -99.9 -999.9 6.15 -99.9 -99.9 -99.9 -9999.9 -9999.9 -0.0621999986 37.2971992493 -999.999 3678
MKN 2023 10 24 22 00 00 133 7.3 83.43 -99.9 -999.9 5.7 -99.9 -99.9 -99.9 -9999.9 -9999.9 -0.0621999986 37.2971992493 -999.999 3678
MKN 2023 10 24 23 00 00 136 5.3 78.23 -99.9 -999.9 5.2 -99.9 -99.9 -99.9 -9999.9 -9999.9 -0.0621999986 37.2971992493 -999.999 3678
MKN 2023 10 25 00 00 00 131 6.2 66.72 -99.9 -999.9 4.8 -99.9 -99.9 -99.9 -9999.9 -9999.9 -0.0621999986 37.2971992493 -999.999 3678
MKN 2023 10 25 01 00 00 130 5.9 67.32 -99.9 -999.9 4.65 -99.9 -99.9 -99.9 -9999.9 -9999.9 -0.0621999986 37.2971992493 -999.999 3678
MKN 2023 10 25 02 00 00 131 6.4 70.65 -99.9 -999.9 5.47 -99.9 -99.9 -99.9 -9999.9 -9999.9 -0.0621999986 37.2971992493 -999.999 3678
MKN 2023 10 25 03 00 00 171 4.5 74.25 -99.9 -999.9 5.47 -99.9 -99.9 -99.9 -9999.9 -9999.9 -0.0621999986 37.2971992493 -999.999 3678
MKN 2023 10 25 04 00 00 154 5 76.4 -99.9 -999.9 7.47 -99.9 -99.9 -99.9 -9999.9 -9999.9 -0.0621999986 37.2971992493 -999.999 3678
MKN 2023 10 25 05 00 00 259 1.8 71.37 -99.9 -999.9 9.75 -99.9 -99.9 -99.9 -9999.9 -9999.9 -0.0621999986 37.2971992493 -999.999 3678
MKN 2023 10 25 06 00 00 73 2.1 68.95 -99.9 -999.9 11.37 -99.9 -99.9 -99.9 -9999.9 -9999.9 -0.0621999986 37.2971992493 -999.999 3678
MKN 2023 10 25 07 00 00 123 4.2 90.53 -99.9 -999.9 9.42 -99.9 -99.9 -99.9 -9999.9 -9999.9 -0.0621999986 37.2971992493 -999.999 3678
MKN 2023 10 25 08 00 00 317 2.7 87.68 -99.9 -999.9 9.77 -99.9 -99.9 -99.9 -9999.9 -9999.9 -0.0621999986 37.2971992493 -999.999 3678
MKN 2023 10 25 09 00 00 105 4.5 77.17 -99.9 -999.9 10.45 -99.9 -99.9 -99.9 -9999.9 -9999.9 -0.0621999986 37.2971992493 -999.999 3678
MKN 2023 10 25 10 00 00 87 5.6 99.18 -99.9 -999.9 8.72 -99.9 -99.9 -99.9 -9999.9 -9999.9 -0.0621999986 37.2971992493 -999.999 3678
MKN 2023 10 25 11 00 00 336 3.3 99.3 -99.9 -999.9 8.78 -99.9 -99.9 -99.9 -9999.9 -9999.9 -0.0621999986 37.2971992493 -999.999 3678
MKN 2023 10 25 12 00 00 350 2.7 99.3 -99.9 -999.9 8.52 -99.9 -99.9 -99.9 -9999.9 -9999.9 -0.0621999986 37.2971992493 -999.999 3678
MKN 2023 10 25 13 00 00 324 2.2 98.88 -99.9 -999.9 9.02 -99.9 -99.9 -99.9 -9999.9 -9999.9 -0.0621999986 37.2971992493 -999.999 3678
MKN 2023 10 25 14 00 00 21 2.9 99.18 -99.9 -999.9 8.52 -99.9 -99.9 -99.9 -9999.9 -9999.9 -0.0621999986 37.2971992493 -999.999 3678
MKN 2023 10 25 15 00 00 36 2 77.97 -99.9 -999.9 5.85 -99.9 -99.9 -99.9 -9999.9 -9999.9 -0.0621999986 37.2971992493 -999.999 3678
MKN 2023 10 25 16 00 00 143 3.2 59.93 -99.9 -999.9 6.88 -99.9 -99.9 -99.9 -9999.9 -9999.9 -0.0621999986 37.2971992493 -999.999 3678
MKN 2023 10 25 17 00 00 144 6.5 57.82 -99.9 -999.9 7.2 -99.9 -99.9 -99.9 -9999.9 -9999.9 -0.0621999986 37.2971992493 -999.999 3678
MKN 2023 10 25 18 00 00 134 6.4 73.27 -99.9 -999.9 6.95 -99.9 -99.9 -99.9 -9999.9 -9999.9 -0.0621999986 37.2971992493 -999.999 3678
MKN 2023 10 25 19 00 00 128 8.5 87.08 -99.9 -999.9 6.67 -99.9 -99.9 -99.9 -9999.9 -9999.9 -0.0621999986 37.2971992493 -999.999 3678
MKN 2023 10 25 20 00 00 135 9.1 85.67 -99.9 -999.9 6.08 -99.9 -99.9 -99.9 -9999.9 -9999.9 -0.0621999986 37.2971992493 -999.999 3678
MKN 2023 10 25 21 00 00 140 8.4 83.38 -99.9 -999.9 6.23 -99.9 -99.9 -99.9 -9999.9 -9999.9 -0.0621999986 37.2971992493 -999.999 3678
MKN 2023 10 25 22 00 00 132 10.1 82.37 -99.9 -999.9 6.27 -99.9 -99.9 -99.9 -9999.9 -9999.9 -0.0621999986 37.2971992493 -999.999 3678
MKN 2023 10 25 23 00 00 141 6.4 87.08 -99.9 -999.9 6.08 -99.9 -99.9 -99.9 -9999.9 -9999.9 -0.0621999986 37.2971992493 -999.999 3678
MKN 2023 10 26 00 00 00 159 2.1 99.13 -99.9 -999.9 5.82 -99.9 -99.9 -99.9 -9999.9 -9999.9 -0.0621999986 37.2971992493 -999.999 3678
MKN 2023 10 26 01 00 00 194 1.7 99.03 -99.9 -999.9 5.22 -99.9 -99.9 -99.9 -9999.9 -9999.9 -0.0621999986 37.2971992493 -999.999 3678
MKN 2023 10 26 02 00 00 186 1 96.23 -99.9 -999.9 5.2 -99.9 -99.9 -99.9 -9999.9 -9999.9 -0.0621999986 37.2971992493 -999.999 3678
MKN 2023 10 26 03 00 00 -99.9 0 96.53 -99.9 -999.9 5.13 -99.9 -99.9 -99.9 -9999.9 -9999.9 -0.0621999986 37.2971992493 -999.999 3678
MKN 2023 10 26 04 00 00 -99.9 2.5 90.88 -99.9 -999.9 5.75 -99.9 -99.9 -99.9 -9999.9 -9999.9 -0.0621999986 37.2971992493 -999.999 3678
MKN 2023 10 26 05 00 00 137 12.5 88.78 -99.9 -999.9 8.3 -99.9 -99.9 -99.9 -9999.9 -9999.9 -0.0621999986 37.2971992493 -999.999 3678
MKN 2023 10 26 06 00 00 135 11.1 85.18 -99.9 -999.9 9.88 -99.9 -99.9 -99.9 -9999.9 -9999.9 -0.0621999986 37.2971992493 -999.999 3678
MKN 2023 10 26 07 00 00 125 8.4 76.3 -99.9 -999.9 11 -99.9 -99.9 -99.9 -9999.9 -9999.9 -0.0621999986 37.2971992493 -999.999 3678
MKN 2023 10 26 08 00 00 133 8.3 68.5 -99.9 -999.9 11.12 -99.9 -99.9 -99.9 -9999.9 -9999.9 -0.0621999986 37.2971992493 -999.999 3678
MKN 2023 10 26 09 00 00 142 8.9 62.93 -99.9 -999.9 12.18 -99.9 -99.9 -99.9 -9999.9 -9999.9 -0.0621999986 37.2971992493 -999.999 3678
MKN 2023 10 26 10 00 00 131 8.2 61.53 -99.9 -999.9 12.53 -99.9 -99.9 -99.9 -9999.9 -9999.9 -0.0621999986 37.2971992493 -999.999 3678
MKN 2023 10 26 11 00 00 128 8.3 57.93 -99.9 -999.9 12.33 -99.9 -99.9 -99.9 -9999.9 -9999.9 -0.0621999986 37.2971992493 -999.999 3678
MKN 2023 10 26 12 00 00 128 6.2 61.72 -99.9 -999.9 11.92 -99.9 -99.9 -99.9 -9999.9 -9999.9 -0.0621999986 37.2971992493 -999.999 3678
MKN 2023 10 26 13 00 00 143 5.7 73.1 -99.9 -999.9 10.2 -99.9 -99.9 -99.9 -9999.9 -9999.9 -0.0621999986 37.2971992493 -999.999 3678
MKN 2023 10 26 14 00 00 143 7.6 66.2 -99.9 -999.9 9.65 -99.9 -99.9 -99.9 -9999.9 -9999.9 -0.0621999986 37.2971992493 -999.999 3678
MKN 2023 10 26 15 00 00 154 8 76.93 -99.9 -999.9 7.38 -99.9 -99.9 -99.9 -9999.9 -9999.9 -0.0621999986 37.2971992493 -999.999 3678
MKN 2023 10 26 16 00 00 158 10.5 81.4 -99.9 -999.9 6.98 -99.9 -99.9 -99.9 -9999.9 -9999.9 -0.0621999986 37.2971992493 -999.999 3678
MKN 2023 10 26 17 00 00 148 11 79.08 -99.9 -999.9 7.03 -99.9 -99.9 -99.9 -9999.9 -9999.9 -0.0621999986 37.2971992493 -999.999 3678
MKN 2023 10 26 18 00 00 148 10.5 80.73 -99.9 -999.9 6.92 -99.9 -99.9 -99.9 -9999.9 -9999.9 -0.0621999986 37.2971992493 -999.999 3678
MKN 2023 10 26 19 00 00 170 8 82.1 -99.9 -999.9 6.6 -99.9 -99.9 -99.9 -9999.9 -9999.9 -0.0621999986 37.2971992493 -999.999 3678
MKN 2023 10 26 20 00 00 159 11.3 79.18 -99.9 -999.9 6.4 -99.9 -99.9 -99.9 -9999.9 -9999.9 -0.0621999986 37.2971992493 -999.999 3678
MKN 2023 10 26 21 00 00 154 9.7 78.55 -99.9 -999.9 6.27 -99.9 -99.9 -99.9 -9999.9 -9999.9 -0.0621999986 37.2971992493 -999.999 3678
MKN 2023 10 26 22 00 00 156 11.2 80.8 -99.9 -999.9 5.95 -99.9 -99.9 -99.9 -9999.9 -9999.9 -0.0621999986 37.2971992493 -999.999 3678
MKN 2023 10 26 23 00 00 152 11.2 82.05 -99.9 -999.9 5.7 -99.9 -99.9 -99.9 -9999.9 -9999.9 -0.0621999986 37.2971992493 -999.999 3678
MKN 2023 10 27 00 00 00 165 8.3 71.87 -99.9 -999.9 5.73 -99.9 -99.9 -99.9 -9999.9 -9999.9 -0.0621999986 37.2971992493 -999.999 3678
MKN 2023 10 27 01 00 00 151 10.9 68.25 -99.9 -999.9 5.92 -99.9 -99.9 -99.9 -9999.9 -9999.9 -0.0621999986 37.2971992493 -999.999 3678
MKN 2023 10 27 02 00 00 158 8.5 88.42 -99.9 -999.9 5.85 -99.9 -99.9 -99.9 -9999.9 -9999.9 -0.0621999986 37.2971992493 -999.999 3678
MKN 2023 10 27 03 00 00 157 6.2 82.5 -99.9 -999.9 5.85 -99.9 -99.9 -99.9 -9999.9 -9999.9 -0.0621999986 37.2971992493 -999.999 3678
MKN 2023 10 27 04 00 00 148 6.8 88.38 -99.9 -999.9 5.9 -99.9 -99.9 -99.9 -9999.9 -9999.9 -0.0621999986 37.2971992493 -999.999 3678
MKN 2023 10 27 05 00 00 157 9.5 75.53 -99.9 -999.9 8.2 -99.9 -99.9 -99.9 -9999.9 -9999.9 -0.0621999986 37.2971992493 -999.999 3678
MKN 2023 10 27 06 00 00 158 9.2 59.35 -99.9 -999.9 10.07 -99.9 -99.9 -99.9 -9999.9 -9999.9 -0.0621999986 37.2971992493 -999.999 3678
MKN 2023 10 27 07 00 00 166 8.5 62.48 -99.9 -999.9 10.47 -99.9 -99.9 -99.9 -9999.9 -9999.9 -0.0621999986 37.2971992493 -999.999 3678
MKN 2023 10 27 08 00 00 156 6.4 87.32 -99.9 -999.9 9.75 -99.9 -99.9 -99.9 -9999.9 -9999.9 -0.0621999986 37.2971992493 -999.999 3678
MKN 2023 10 27 09 00 00 268 4.5 75.18 -99.9 -999.9 11.02 -99.9 -99.9 -99.9 -9999.9 -9999.9 -0.0621999986 37.2971992493 -999.999 3678
MKN 2023 10 27 10 00 00 93 4.7 61.55 -99.9 -999.9 12.22 -99.9 -99.9 -99.9 -9999.9 -9999.9 -0.0621999986 37.2971992493 -999.999 3678
MKN 2023 10 27 11 00 00 119 3.7 89.43 -99.9 -999.9 9.37 -99.9 -99.9 -99.9 -9999.9 -9999.9 -0.0621999986 37.2971992493 -999.999 3678
MKN 2023 10 27 12 00 00 336 3.3 97.8 -99.9 -999.9 8.42 -99.9 -99.9 -99.9 -9999.9 -9999.9 -0.0621999986 37.2971992493 -999.999 3678
MKN 2023 10 27 13 00 00 297 2.1 97.53 -99.9 -999.9 8.47 -99.9 -99.9 -99.9 -9999.9 -9999.9 -0.0621999986 37.2971992493 -999.999 3678
MKN 2023 10 27 14 00 00 305 3.1 98.28 -99.9 -999.9 7.93 -99.9 -99.9 -99.9 -9999.9 -9999.9 -0.0621999986 37.2971992493 -999.999 3678
MKN 2023 10 27 15 00 00 321 2 99.25 -99.9 -999.9 6.62 -99.9 -99.9 -99.9 -9999.9 -9999.9 -0.0621999986 37.2971992493 -999.999 3678
MKN 2023 10 27 16 00 00 188 1.2 93.87 -99.9 -999.9 5.48 -99.9 -99.9 -99.9 -9999.9 -9999.9 -0.0621999986 37.2971992493 -999.999 3678
MKN 2023 10 27 17 00 00 211 1.3 99.27 -99.9 -999.9 5.67 -99.9 -99.9 -99.9 -9999.9 -9999.9 -0.0621999986 37.2971992493 -999.999 3678
MKN 2023 10 27 18 00 00 208 1.7 99.3 -99.9 -999.9 5.37 -99.9 -99.9 -99.9 -9999.9 -9999.9 -0.0621999986 37.2971992493 -999.999 3678
MKN 2023 10 27 19 00 00 225 1.3 91.32 -99.9 -999.9 5.77 -99.9 -99.9 -99.9 -9999.9 -9999.9 -0.0621999986 37.2971992493 -999.999 3678
MKN 2023 10 27 20 00 00 157 3.7 99.3 -99.9 -999.9 5.5 -99.9 -99.9 -99.9 -9999.9 -9999.9 -0.0621999986 37.2971992493 -999.999 3678
MKN 2023 10 27 21 00 00 223 1.9 98.37 -99.9 -999.9 5.25 -99.9 -99.9 -99.9 -9999.9 -9999.9 -0.0621999986 37.2971992493 -999.999 3678
MKN 2023 10 27 22 00 00 210 2.7 97.97 -99.9 -999.9 5.58 -99.9 -99.9 -99.9 -9999.9 -9999.9 -0.0621999986 37.2971992493 -999.999 3678
MKN 2023 10 27 23 00 00 225 1.7 98.42 -99.9 -999.9 5.78 -99.9 -99.9 -99.9 -9999.9 -9999.9 -0.0621999986 37.2971992493 -999.999 3678
MKN 2023 10 28 00 00 00 162 2.7 92.95 -99.9 -999.9 5.83 -99.9 -99.9 -99.9 -9999.9 -9999.9 -0.0621999986 37.2971992493 -999.999 3678
MKN 2023 10 28 01 00 00 180 5.1 99.3 -99.9 -999.9 5.27 -99.9 -99.9 -99.9 -9999.9 -9999.9 -0.0621999986 37.2971992493 -999.999 3678
MKN 2023 10 28 02 00 00 225 1.9 99.3 -99.9 -999.9 5.27 -99.9 -99.9 -99.9 -9999.9 -9999.9 -0.0621999986 37.2971992493 -999.999 3678
MKN 2023 10 28 03 00 00 204 1.6 98.02 -99.9 -999.9 5.72 -99.9 -99.9 -99.9 -9999.9 -9999.9 -0.0621999986 37.2971992493 -999.999 3678
MKN 2023 10 28 04 00 00 182 3.5 82.17 -99.9 -999.9 7.5 -99.9 -99.9 -99.9 -9999.9 -9999.9 -0.0621999986 37.2971992493 -999.999 3678
MKN 2023 10 28 05 00 00 185 2.6 81.57 -99.9 -999.9 8.65 -99.9 -99.9 -99.9 -9999.9 -9999.9 -0.0621999986 37.2971992493 -999.999 3678
MKN 2023 10 28 06 00 00 180 3.7 66.75 -99.9 -999.9 10.93 -99.9 -99.9 -99.9 -9999.9 -9999.9 -0.0621999986 37.2971992493 -999.999 3678
MKN 2023 10 28 07 00 00 97 4.6 53.75 -99.9 -999.9 12.12 -99.9 -99.9 -99.9 -9999.9 -9999.9 -0.0621999986 37.2971992493 -999.999 3678
MKN 2023 10 28 08 00 00 100 8.1 74.75 -99.9 -999.9 11.37 -99.9 -99.9 -99.9 -9999.9 -9999.9 -0.0621999986 37.2971992493 -999.999 3678
MKN 2023 10 28 09 00 00 31 5.3 96.12 -99.9 -999.9 8.98 -99.9 -99.9 -99.9 -9999.9 -9999.9 -0.0621999986 37.2971992493 -999.999 3678
MKN 2023 10 28 10 00 00 350 3.6 97.17 -99.9 -999.9 8.92 -99.9 -99.9 -99.9 -9999.9 -9999.9 -0.0621999986 37.2971992493 -999.999 3678
MKN 2023 10 28 11 00 00 348 3.4 97.73 -99.9 -999.9 8.8 -99.9 -99.9 -99.9 -9999.9 -9999.9 -0.0621999986 37.2971992493 -999.999 3678
MKN 2023 10 28 12 00 00 15 2.5 97.12 -99.9 -999.9 9.12 -99.9 -99.9 -99.9 -9999.9 -9999.9 -0.0621999986 37.2971992493 -999.999 3678
MKN 2023 10 28 13 00 00 356 4 99.28 -99.9 -999.9 8.38 -99.9 -99.9 -99.9 -9999.9 -9999.9 -0.0621999986 37.2971992493 -999.999 3678
MKN 2023 10 28 14 00 00 341 2.7 99.3 -99.9 -999.9 7.87 -99.9 -99.9 -99.9 -9999.9 -9999.9 -0.0621999986 37.2971992493 -999.999 3678
MKN 2023 10 28 15 00 00 350 2.3 99.28 -99.9 -999.9 6.77 -99.9 -99.9 -99.9 -9999.9 -9999.9 -0.0621999986 37.2971992493 -999.999 3678
MKN 2023 10 28 16 00 00 174 2.1 94.8 -99.9 -999.9 5.7 -99.9 -99.9 -99.9 -9999.9 -9999.9 -0.0621999986 37.2971992493 -999.999 3678
MKN 2023 10 28 17 00 00 195 1.8 94.52 -99.9 -999.9 5.67 -99.9 -99.9 -99.9 -9999.9 -9999.9 -0.0621999986 37.2971992493 -999.999 3678
MKN 2023 10 28 18 00 00 221 1.3 99.25 -99.9 -999.9 5.82 -99.9 -99.9 -99.9 -9999.9 -9999.9 -0.0621999986 37.2971992493 -999.999 3678
MKN 2023 10 28 19 00 00 141 1.7 86.27 -99.9 -999.9 5.47 -99.9 -99.9 -99.9 -9999.9 -9999.9 -0.0621999986 37.2971992493 -999.999 3678
MKN 2023 10 28 20 00 00 151 6.9 82.42 -99.9 -999.9 6.27 -99.9 -99.9 -99.9 -9999.9 -9999.9 -0.0621999986 37.2971992493 -999.999 3678
MKN 2023 10 28 21 00 00 158 5.5 86.68 -99.9 -999.9 6.25 -99.9 -99.9 -99.9 -9999.9 -9999.9 -0.0621999986 37.2971992493 -999.999 3678
MKN 2023 10 28 22 00 00 198 2.9 88.68 -99.9 -999.9 5.83 -99.9 -99.9 -99.9 -9999.9 -9999.9 -0.0621999986 37.2971992493 -999.999 3678
MKN 2023 10 28 23 00 00 159 3.5 91.82 -99.9 -999.9 5.27 -99.9 -99.9 -99.9 -9999.9 -9999.9 -0.0621999986 37.2971992493 -999.999 3678
MKN 2023 10 29 00 00 00 235 1.5 97.68 -99.9 -999.9 4.87 -99.9 -99.9 -99.9 -9999.9 -9999.9 -0.0621999986 37.2971992493 -999.999 3678
MKN 2023 10 29 01 00 00 270 0.4 98.8 -99.9 -999.9 4.17 -99.9 -99.9 -99.9 -9999.9 -9999.9 -0.0621999986 37.2971992493 -999.999 3678
MKN 2023 10 29 02 00 00 90 0.6 91.67 -99.9 -999.9 3.68 -99.9 -99.9 -99.9 -9999.9 -9999.9 -0.0621999986 37.2971992493 -999.999 3678
MKN 2023 10 29 03 00 00 138 1.8 94.77 -99.9 -999.9 3.93 -99.9 -99.9 -99.9 -9999.9 -9999.9 -0.0621999986 37.2971992493 -999.999 3678
MKN 2023 10 29 04 00 00 180 2 93.92 -99.9 -999.9 5.93 -99.9 -99.9 -99.9 -9999.9 -9999.9 -0.0621999986 37.2971992493 -999.999 3678
MKN 2023 10 29 05 00 00 252 1.9 95.92 -99.9 -999.9 6.75 -99.9 -99.9 -99.9 -9999.9 -9999.9 -0.0621999986 37.2971992493 -999.999 3678
MKN 2023 10 29 06 00 00 278 2 98.12 -99.9 -999.9 7.38 -99.9 -99.9 -99.9 -9999.9 -9999.9 -0.0621999986 37.2971992493 -999.999 3678
MKN 2023 10 29 07 00 00 299 3.5 99.3 -99.9 -999.9 7.55 -99.9 -99.9 -99.9 -9999.9 -9999.9 -0.0621999986 37.2971992493 -999.999 3678
MKN 2023 10 29 08 00 00 308 2.7 99.3 -99.9 -999.9 7.35 -99.9 -99.9 -99.9 -9999.9 -9999.9 -0.0621999986 37.2971992493 -999.999 3678
MKN 2023 10 29 09 00 00 318 2.8 99.3 -99.9 -999.9 7.22 -99.9 -99.9 -99.9 -9999.9 -9999.9 -0.0621999986 37.2971992493 -999.999 3678
MKN 2023 10 29 10 00 00 280 3 99.3 -99.9 -999.9 7.47 -99.9 -99.9 -99.9 -9999.9 -9999.9 -0.0621999986 37.2971992493 -999.999 3678
MKN 2023 10 29 11 00 00 309 3.1 99.3 -99.9 -999.9 7.62 -99.9 -99.9 -99.9 -9999.9 -9999.9 -0.0621999986 37.2971992493 -999.999 3678
MKN 2023 10 29 12 00 00 284 4.3 99.3 -99.9 -999.9 7.65 -99.9 -99.9 -99.9 -9999.9 -9999.9 -0.0621999986 37.2971992493 -999.999 3678
MKN 2023 10 29 13 00 00 285 3.4 99.3 -99.9 -999.9 7.75 -99.9 -99.9 -99.9 -9999.9 -9999.9 -0.0621999986 37.2971992493 -999.999 3678
MKN 2023 10 29 14 00 00 294 1.8 99.3 -99.9 -999.9 7.87 -99.9 -99.9 -99.9 -9999.9 -9999.9 -0.0621999986 37.2971992493 -999.999 3678
MKN 2023 10 29 15 00 00 311 1.5 99.3 -99.9 -999.9 7.45 -99.9 -99.9 -99.9 -9999.9 -9999.9 -0.0621999986 37.2971992493 -999.999 3678
MKN 2023 10 29 16 00 00 37 1.7 99.3 -99.9 -999.9 6.42 -99.9 -99.9 -99.9 -9999.9 -9999.9 -0.0621999986 37.2971992493 -999.999 3678
MKN 2023 10 29 17 00 00 110 1.4 99.3 -99.9 -999.9 4.92 -99.9 -99.9 -99.9 -9999.9 -9999.9 -0.0621999986 37.2971992493 -999.999 3678
MKN 2023 10 29 18 00 00 159 1.1 99.3 -99.9 -999.9 4.42 -99.9 -99.9 -99.9 -9999.9 -9999.9 -0.0621999986 37.2971992493 -999.999 3678
MKN 2023 10 29 19 00 00 170 1.9 88.95 -99.9 -999.9 5.35 -99.9 -99.9 -99.9 -9999.9 -9999.9 -0.0621999986 37.2971992493 -999.999 3678
MKN 2023 10 29 20 00 00 160 4.2 89.57 -99.9 -999.9 6.52 -99.9 -99.9 -99.9 -9999.9 -9999.9 -0.0621999986 37.2971992493 -999.999 3678
MKN 2023 10 29 21 00 00 153 5.1 96.73 -99.9 -999.9 6.23 -99.9 -99.9 -99.9 -9999.9 -9999.9 -0.0621999986 37.2971992493 -999.999 3678
MKN 2023 10 29 22 00 00 205 2 94.43 -99.9 -999.9 5.77 -99.9 -99.9 -99.9 -9999.9 -9999.9 -0.0621999986 37.2971992493 -999.999 3678
MKN 2023 10 29 23 00 00 137 3.1 98.02 -99.9 -999.9 5.75 -99.9 -99.9 -99.9 -9999.9 -9999.9 -0.0621999986 37.2971992493 -999.999 3678
MKN 2023 10 30 00 00 00 154 2.8 94.97 -99.9 -999.9 6.18 -99.9 -99.9 -99.9 -9999.9 -9999.9 -0.0621999986 37.2971992493 -999.999 3678
MKN 2023 10 30 01 00 00 225 1.3 98.95 -99.9 -999.9 5.8 -99.9 -99.9 -99.9 -9999.9 -9999.9 -0.0621999986 37.2971992493 -999.999 3678
MKN 2023 10 30 02 00 00 76 1.1 99.28 -99.9 -999.9 5.75 -99.9 -99.9 -99.9 -9999.9 -9999.9 -0.0621999986 37.2971992493 -999.999 3678
MKN 2023 10 30 03 00 00 195 1.2 96.65 -99.9 -999.9 6.2 -99.9 -99.9 -99.9 -9999.9 -9999.9 -0.0621999986 37.2971992493 -999.999 3678
MKN 2023 10 30 04 00 00 180 2.2 90.17 -99.9 -999.9 7.6 -99.9 -99.9 -99.9 -9999.9 -9999.9 -0.0621999986 37.2971992493 -999.999 3678
MKN 2023 10 30 05 00 00 270 1.7 95.92 -99.9 -999.9 7.43 -99.9 -99.9 -99.9 -9999.9 -9999.9 -0.0621999986 37.2971992493 -999.999 3678
MKN 2023 10 30 06 00 00 288 2.4 99.3 -99.9 -999.9 7.68 -99.9 -99.9 -99.9 -9999.9 -9999.9 -0.0621999986 37.2971992493 -999.999 3678
MKN 2023 10 30 07 00 00 307 1.8 95.07 -99.9 -999.9 9.78 -99.9 -99.9 -99.9 -9999.9 -9999.9 -0.0621999986 37.2971992493 -999.999 3678
MKN 2023 10 30 08 00 00 23 2.3 -99.9 -99.9 -999.9 8.8 -99.9 -99.9 -99.9 -9999.9 -9999.9 -0.0621999986 37.2971992493 -999.999 3678
MKN 2023 10 30 09 00 00 -99.9 1.4 99.3 -99.9 -999.9 8.92 -99.9 -99.9 -99.9 -9999.9 -9999.9 -0.0621999986 37.2971992493 -999.999 3678
MKN 2023 10 30 10 00 00 100 2.1 91.7 -99.9 -999.9 9.82 -99.9 -99.9 -99.9 -9999.9 -9999.9 -0.0621999986 37.2971992493 -999.999 3678
MKN 2023 10 30 11 00 00 304 3 99.3 -99.9 -999.9 8.78 -99.9 -99.9 -99.9 -9999.9 -9999.9 -0.0621999986 37.2971992493 -999.999 3678
MKN 2023 10 30 12 00 00 323 3.3 99.3 -99.9 -999.9 8.52 -99.9 -99.9 -99.9 -9999.9 -9999.9 -0.0621999986 37.2971992493 -999.999 3678
MKN 2023 10 30 13 00 00 357 2.9 69.85 -99.9 -999.9 11.07 -99.9 -99.9 -99.9 -9999.9 -9999.9 -0.0621999986 37.2971992493 -999.999 3678
MKN 2023 10 30 14 00 00 120 4 78.12 -99.9 -999.9 9.63 -99.9 -99.9 -99.9 -9999.9 -9999.9 -0.0621999986 37.2971992493 -999.999 3678
MKN 2023 10 30 15 00 00 140 2.9 99.3 -99.9 -999.9 6.95 -99.9 -99.9 -99.9 -9999.9 -9999.9 -0.0621999986 37.2971992493 -999.999 3678
MKN 2023 10 30 16 00 00 207 1.8 99.3 -99.9 -999.9 6.03 -99.9 -99.9 -99.9 -9999.9 -9999.9 -0.0621999986 37.2971992493 -999.999 3678
MKN 2023 10 30 17 00 00 234 2.3 99.3 -99.9 -999.9 5.38 -99.9 -99.9 -99.9 -9999.9 -9999.9 -0.0621999986 37.2971992493 -999.999 3678
MKN 2023 10 30 18 00 00 238 1.6 91.52 -99.9 -999.9 5.82 -99.9 -99.9 -99.9 -9999.9 -9999.9 -0.0621999986 37.2971992493 -999.999 3678
MKN 2023 10 30 19 00 00 158 5.6 90.97 -99.9 -999.9 5.73 -99.9 -99.9 -99.9 -9999.9 -9999.9 -0.0621999986 37.2971992493 -999.999 3678
MKN 2023 10 30 20 00 00 185 2.7 79.83 -99.9 -999.9 6.23 -99.9 -99.9 -99.9 -9999.9 -9999.9 -0.0621999986 37.2971992493 -999.999 3678
MKN 2023 10 30 21 00 00 156 8.2 88.87 -99.9 -999.9 6.35 -99.9 -99.9 -99.9 -9999.9 -9999.9 -0.0621999986 37.2971992493 -999.999 3678
MKN 2023 10 30 22 00 00 -99.9 11.5 -99.9 -99.9 -999.9 6.37 -99.9 -99.9 -99.9 -9999.9 -9999.9 -0.0621999986 37.2971992493 -999.999 3678
MKN 2023 10 30 23 00 00 -99.9 11.6 -99.9 -99.9 -999.9 6.18 -99.9 -99.9 -99.9 -9999.9 -9999.9 -0.0621999986 37.2971992493 -999.999 3678
MKN 2023 10 31 00 00 00 -99.9 10.2 -99.9 -99.9 -999.9 6 -99.9 -99.9 -99.9 -9999.9 -9999.9 -0.0621999986 37.2971992493 -999.999 3678
MKN 2023 10 31 01 00 00 -99.9 8.8 90.25 -99.9 -999.9 5.53 -99.9 -99.9 -99.9 -9999.9 -9999.9 -0.0621999986 37.2971992493 -999.999 3678
MKN 2023 10 31 02 00 00 -99.9 7.8 91.47 -99.9 -999.9 5.43 -99.9 -99.9 -99.9 -9999.9 -9999.9 -0.0621999986 37.2971992493 -999.999 3678
MKN 2023 10 31 03 00 00 152 5.9 97.65 -99.9 -999.9 5.7 -99.9 -99.9 -99.9 -9999.9 -9999.9 -0.0621999986 37.2971992493 -999.999 3678
MKN 2023 10 31 04 00 00 134 9.6 91.62 -99.9 -999.9 6.8 -99.9 -99.9 -99.9 -9999.9 -9999.9 -0.0621999986 37.2971992493 -999.999 3678
MKN 2023 10 31 05 00 00 140 10.1 74.58 -99.9 -999.9 10.07 -99.9 -99.9 -99.9 -9999.9 -9999.9 -0.0621999986 37.2971992493 -999.999 3678
MKN 2023 10 31 06 00 00 145 8.7 57.47 -99.9 -999.9 11.48 -99.9 -99.9 -99.9 -9999.9 -9999.9 -0.0621999986 37.2971992493 -999.999 3678
MKN 2023 10 31 07 00 00 135 8.6 56.62 -99.9 -999.9 12.4 -99.9 -99.9 -99.9 -9999.9 -9999.9 -0.0621999986 37.2971992493 -999.999 3678
MKN 2023 10 31 08 00 00 125 7.3 59.8 -99.9 -999.9 12.53 -99.9 -99.9 -99.9 -9999.9 -9999.9 -0.0621999986 37.2971992493 -999.999 3678
MKN 2023 10 31 09 00 00 -99.9 5.5 57.07 -99.9 -999.9 12.85 -99.9 -99.9 -99.9 -9999.9 -9999.9 -0.0621999986 37.2971992493 -999.999 3678
MKN 2023 10 31 10 00 00 111 5.8 58.53 -99.9 -999.9 12.73 -99.9 -99.9 -99.9 -9999.9 -9999.9 -0.0621999986 37.2971992493 -999.999 3678
MKN 2023 10 31 11 00 00 124 4.5 68.25 -99.9 -999.9 11.9 -99.9 -99.9 -99.9 -9999.9 -9999.9 -0.0621999986 37.2971992493 -999.999 3678
MKN 2023 10 31 12 00 00 238 3.7 99.25 -99.9 -999.9 9.57 -99.9 -99.9 -99.9 -9999.9 -9999.9 -0.0621999986 37.2971992493 -999.999 3678
MKN 2023 10 31 13 00 00 294 3.6 97.95 -99.9 -999.9 9.47 -99.9 -99.9 -99.9 -9999.9 -9999.9 -0.0621999986 37.2971992493 -999.999 3678
MKN 2023 10 31 14 00 00 279 4 96.83 -99.9 -999.9 9.1 -99.9 -99.9 -99.9 -9999.9 -9999.9 -0.0621999986 37.2971992493 -999.999 3678
MKN 2023 10 31 15 00 00 256 3.5 99.3 -99.9 -999.9 7.37 -99.9 -99.9 -99.9 -9999.9 -9999.9 -0.0621999986 37.2971992493 -999.999 3678
MKN 2023 10 31 16 00 00 241 2 95.9 -99.9 -999.9 6.67 -99.9 -99.9 -99.9 -9999.9 -9999.9 -0.0621999986 37.2971992493 -999.999 3678
MKN 2023 10 31 17 00 00 261 1.2 99.23 -99.9 -999.9 6.35 -99.9 -99.9 -99.9 -9999.9 -9999.9 -0.0621999986 37.2971992493 -999.999 3678
MKN 2023 10 31 18 00 00 228 1.6 96.28 -99.9 -999.9 6.25 -99.9 -99.9 -99.9 -9999.9 -9999.9 -0.0621999986 37.2971992493 -999.999 3678
MKN 2023 10 31 19 00 00 265 1.5 99.3 -99.9 -999.9 6.27 -99.9 -99.9 -99.9 -9999.9 -9999.9 -0.0621999986 37.2971992493 -999.999 3678
MKN 2023 10 31 20 00 00 239 1.4 99.07 -99.9 -999.9 5.07 -99.9 -99.9 -99.9 -9999.9 -9999.9 -0.0621999986 37.2971992493 -999.999 3678
MKN 2023 10 31 21 00 00 221 2.9 99.13 -99.9 -999.9 5.3 -99.9 -99.9 -99.9 -9999.9 -9999.9 -0.0621999986 37.2971992493 -999.999 3678
MKN 2023 10 31 22 00 00 236 1.9 95.55 -99.9 -999.9 5.77 -99.9 -99.9 -99.9 -9999.9 -9999.9 -0.0621999986 37.2971992493 -999.999 3678
MKN 2023 10 31 23 00 00 198 3 98.53 -99.9 -999.9 6.23 -99.9 -99.9 -99.9 -9999.9 -9999.9 -0.0621999986 37.2971992493 -999.999 3678
MKN 2023 11 01 00 00 00 240 3.1 99.28 -99.9 -999.9 6.07 -99.9 -99.9 -99.9 -9999.9 -9999.9 -0.0621999986 37.2971992493 -999.999 3678
MKN 2023 11 01 01 00 00 246 2.2 99.3 -99.9 -999.9 5.95 -99.9 -99.9 -99.9 -9999.9 -9999.9 -0.0621999986 37.2971992493 -999.999 3678
MKN 2023 11 01 02 00 00 207 1.1 99.27 -99.9 -999.9 6.4 -99.9 -99.9 -99.9 -9999.9 -9999.9 -0.0621999986 37.2971992493 -999.999 3678
MKN 2023 11 01 03 00 00 58 1.4 98 -99.9 -999.9 6.37 -99.9 -99.9 -99.9 -9999.9 -9999.9 -0.0621999986 37.2971992493 -999.999 3678
MKN 2023 11 01 04 00 00 169 3.7 78.88 -99.9 -999.9 7.73 -99.9 -99.9 -99.9 -9999.9 -9999.9 -0.0621999986 37.2971992493 -999.999 3678
MKN 2023 11 01 05 00 00 191 4.1 88.72 -99.9 -999.9 8.3 -99.9 -99.9 -99.9 -9999.9 -9999.9 -0.0621999986 37.2971992493 -999.999 3678
MKN 2023 11 01 06 00 00 174 3.4 83.65 -99.9 -999.9 9.3 -99.9 -99.9 -99.9 -9999.9 -9999.9 -0.0621999986 37.2971992493 -999.999 3678
MKN 2023 11 01 07 00 00 161 4.9 67.32 -99.9 -999.9 11.17 -99.9 -99.9 -99.9 -9999.9 -9999.9 -0.0621999986 37.2971992493 -999.999 3678
MKN 2023 11 01 08 00 00 137 7.2 61 -99.9 -999.9 12.4 -99.9 -99.9 -99.9 -9999.9 -9999.9 -0.0621999986 37.2971992493 -999.999 3678
MKN 2023 11 01 09 00 00 112 6 60.92 -99.9 -999.9 12.12 -99.9 -99.9 -99.9 -9999.9 -9999.9 -0.0621999986 37.2971992493 -999.999 3678
MKN 2023 11 01 10 00 00 100 5.5 74.88 -99.9 -999.9 10.97 -99.9 -99.9 -99.9 -9999.9 -9999.9 -0.0621999986 37.2971992493 -999.999 3678
MKN 2023 11 01 11 00 00 109 4.2 73.05 -99.9 -999.9 11.57 -99.9 -99.9 -99.9 -9999.9 -9999.9 -0.0621999986 37.2971992493 -999.999 3678
MKN 2023 11 01 12 00 00 105 4.1 98.58 -99.9 -999.9 8.72 -99.9 -99.9 -99.9 -9999.9 -9999.9 -0.0621999986 37.2971992493 -999.999 3678
MKN 2023 11 01 13 00 00 311 2.4 99.3 -99.9 -999.9 8.28 -99.9 -99.9 -99.9 -9999.9 -9999.9 -0.0621999986 37.2971992493 -999.999 3678
MKN 2023 11 01 14 00 00 342 1 89.13 -99.9 -999.9 8.83 -99.9 -99.9 -99.9 -9999.9 -9999.9 -0.0621999986 37.2971992493 -999.999 3678
MKN 2023 11 01 15 00 00 111 2.8 90.23 -99.9 -999.9 7.25 -99.9 -99.9 -99.9 -9999.9 -9999.9 -0.0621999986 37.2971992493 -999.999 3678
MKN 2023 11 01 16 00 00 124 2.7 86.23 -99.9 -999.9 6.28 -99.9 -99.9 -99.9 -9999.9 -9999.9 -0.0621999986 37.2971992493 -999.999 3678
MKN 2023 11 01 17 00 00 143 4.7 89.12 -99.9 -999.9 5.6 -99.9 -99.9 -99.9 -9999.9 -9999.9 -0.0621999986 37.2971992493 -999.999 3678
MKN 2023 11 01 18 00 00 137 3.7 87.32 -99.9 -999.9 6.35 -99.9 -99.9 -99.9 -9999.9 -9999.9 -0.0621999986 37.2971992493 -999.999 3678
MKN 2023 11 01 19 00 00 138 4.6 86.52 -99.9 -999.9 6.77 -99.9 -99.9 -99.9 -9999.9 -9999.9 -0.0621999986 37.2971992493 -999.999 3678
MKN 2023 11 01 20 00 00 129 3.3 88.68 -99.9 -999.9 6.98 -99.9 -99.9 -99.9 -9999.9 -9999.9 -0.0621999986 37.2971992493 -999.999 3678
MKN 2023 11 01 21 00 00 139 4 96.73 -99.9 -999.9 6.18 -99.9 -99.9 -99.9 -9999.9 -9999.9 -0.0621999986 37.2971992493 -999.999 3678
MKN 2023 11 01 22 00 00 212 1.3 98.7 -99.9 -999.9 6 -99.9 -99.9 -99.9 -9999.9 -9999.9 -0.0621999986 37.2971992493 -999.999 3678
MKN 2023 11 01 23 00 00 193 1.5 93.92 -99.9 -999.9 5.78 -99.9 -99.9 -99.9 -9999.9 -9999.9 -0.0621999986 37.2971992493 -999.999 3678
MKN 2023 11 02 00 00 00 118 2.1 97.38 -99.9 -999.9 5.68 -99.9 -99.9 -99.9 -9999.9 -9999.9 -0.0621999986 37.2971992493 -999.999 3678
MKN 2023 11 02 01 00 00 228 2.2 99.25 -99.9 -999.9 5.28 -99.9 -99.9 -99.9 -9999.9 -9999.9 -0.0621999986 37.2971992493 -999.999 3678
MKN 2023 11 02 02 00 00 186 2.1 99.2 -99.9 -999.9 5.02 -99.9 -99.9 -99.9 -9999.9 -9999.9 -0.0621999986 37.2971992493 -999.999 3678
MKN 2023 11 02 03 00 00 229 1.7 98.53 -99.9 -999.9 5.35 -99.9 -99.9 -99.9 -9999.9 -9999.9 -0.0621999986 37.2971992493 -999.999 3678
MKN 2023 11 02 04 00 00 216 1.5 99.28 -99.9 -999.9 5.67 -99.9 -99.9 -99.9 -9999.9 -9999.9 -0.0621999986 37.2971992493 -999.999 3678
MKN 2023 11 02 05 00 00 240 1.4 99.3 -99.9 -999.9 6.12 -99.9 -99.9 -99.9 -9999.9 -9999.9 -0.0621999986 37.2971992493 -999.999 3678
MKN 2023 11 02 06 00 00 263 2 99.3 -99.9 -999.9 6.98 -99.9 -99.9 -99.9 -9999.9 -9999.9 -0.0621999986 37.2971992493 -999.999 3678
MKN 2023 11 02 07 00 00 5 1.4 99.3 -99.9 -999.9 7.63 -99.9 -99.9 -99.9 -9999.9 -9999.9 -0.0621999986 37.2971992493 -999.999 3678
MKN 2023 11 02 08 00 00 15 2.5 99.3 -99.9 -999.9 7.28 -99.9 -99.9 -99.9 -9999.9 -9999.9 -0.0621999986 37.2971992493 -999.999 3678
MKN 2023 11 02 09 00 00 5 2.6 99.07 -99.9 -999.9 8.15 -99.9 -99.9 -99.9 -9999.9 -9999.9 -0.0621999986 37.2971992493 -999.999 3678
MKN 2023 11 02 10 00 00 62 3.7 97.67 -99.9 -999.9 8.43 -99.9 -99.9 -99.9 -9999.9 -9999.9 -0.0621999986 37.2971992493 -999.999 3678
MKN 2023 11 02 11 00 00 338 4.7 99.3 -99.9 -999.9 7.73 -99.9 -99.9 -99.9 -9999.9 -9999.9 -0.0621999986 37.2971992493 -999.999 3678
MKN 2023 11 02 12 00 00 340 3.5 99.3 -99.9 -999.9 7.9 -99.9 -99.9 -99.9 -9999.9 -9999.9 -0.0621999986 37.2971992493 -999.999 3678
MKN 2023 11 02 13 00 00 280 2.4 99.3 -99.9 -999.9 8.25 -99.9 -99.9 -99.9 -9999.9 -9999.9 -0.0621999986 37.2971992493 -999.999 3678
MKN 2023 11 02 14 00 00 274 3 99.3 -99.9 -999.9 8.03 -99.9 -99.9 -99.9 -9999.9 -9999.9 -0.0621999986 37.2971992493 -999.999 3678
MKN 2023 11 02 15 00 00 291 2.7 99.3 -99.9 -999.9 7.35 -99.9 -99.9 -99.9 -9999.9 -9999.9 -0.0621999986 37.2971992493 -999.999 3678
MKN 2023 11 02 16 00 00 59 1 99.3 -99.9 -999.9 6.33 -99.9 -99.9 -99.9 -9999.9 -9999.9 -0.0621999986 37.2971992493 -999.999 3678
MKN 2023 11 02 17 00 00 153 0.8 99.3 -99.9 -999.9 6.02 -99.9 -99.9 -99.9 -9999.9 -9999.9 -0.0621999986 37.2971992493 -999.999 3678
MKN 2023 11 02 18 00 00 211 0.9 99.3 -99.9 -999.9 6.28 -99.9 -99.9 -99.9 -9999.9 -9999.9 -0.0621999986 37.2971992493 -999.999 3678
MKN 2023 11 02 19 00 00 27 1.1 99.3 -99.9 -999.9 6.33 -99.9 -99.9 -99.9 -9999.9 -9999.9 -0.0621999986 37.2971992493 -999.999 3678
MKN 2023 11 02 20 00 00 315 1.3 99.3 -99.9 -999.9 6.23 -99.9 -99.9 -99.9 -9999.9 -9999.9 -0.0621999986 37.2971992493 -999.999 3678
MKN 2023 11 02 21 00 00 219 1.4 99.3 -99.9 -999.9 5.98 -99.9 -99.9 -99.9 -9999.9 -9999.9 -0.0621999986 37.2971992493 -999.999 3678
MKN 2023 11 02 22 00 00 186 1.2 99.3 -99.9 -999.9 5.15 -99.9 -99.9 -99.9 -9999.9 -9999.9 -0.0621999986 37.2971992493 -999.999 3678
MKN 2023 11 02 23 00 00 315 0.7 99.3 -99.9 -999.9 5.35 -99.9 -99.9 -99.9 -9999.9 -9999.9 -0.0621999986 37.2971992493 -999.999 3678
MKN 2023 11 03 00 00 00 189 2.3 99.3 -99.9 -999.9 5.32 -99.9 -99.9 -99.9 -9999.9 -9999.9 -0.0621999986 37.2971992493 -999.999 3678
MKN 2023 11 03 01 00 00 192 1.6 98.95 -99.9 -999.9 5.32 -99.9 -99.9 -99.9 -9999.9 -9999.9 -0.0621999986 37.2971992493 -999.999 3678
MKN 2023 11 03 02 00 00 156 2.1 99.3 -99.9 -999.9 5.63 -99.9 -99.9 -99.9 -9999.9 -9999.9 -0.0621999986 37.2971992493 -999.999 3678
MKN 2023 11 03 03 00 00 233 2.2 99.3 -99.9 -999.9 6.25 -99.9 -99.9 -99.9 -9999.9 -9999.9 -0.0621999986 37.2971992493 -999.999 3678
MKN 2023 11 03 04 00 00 243 1.5 99.3 -99.9 -999.9 7.33 -99.9 -99.9 -99.9 -9999.9 -9999.9 -0.0621999986 37.2971992493 -999.999 3678
MKN 2023 11 03 05 00 00 284 1.6 99.3 -99.9 -999.9 7.13 -99.9 -99.9 -99.9 -9999.9 -9999.9 -0.0621999986 37.2971992493 -999.999 3678
MKN 2023 11 03 06 00 00 342 1.6 99.37 -99.9 -999.9 7.62 -99.9 -99.9 -99.9 -9999.9 -9999.9 -0.0621999986 37.2971992493 -999.999 3678
MKN 2023 11 03 07 00 00 317 2.7 99.4 -99.9 -999.9 7.53 -99.9 -99.9 -99.9 -9999.9 -9999.9 -0.0621999986 37.2971992493 -999.999 3678
MKN 2023 11 03 08 00 00 310 3.2 99.4 -99.9 -999.9 7.75 -99.9 -99.9 -99.9 -9999.9 -9999.9 -0.0621999986 37.2971992493 -999.999 3678
MKN 2023 11 03 09 00 00 300 2.4 99.4 -99.9 -999.9 7.83 -99.9 -99.9 -99.9 -9999.9 -9999.9 -0.0621999986 37.2971992493 -999.999 3678
MKN 2023 11 03 10 00 00 310 2.5 99.4 -99.9 -999.9 8.17 -99.9 -99.9 -99.9 -9999.9 -9999.9 -0.0621999986 37.2971992493 -999.999 3678
MKN 2023 11 03 11 00 00 321 3.5 99.4 -99.9 -999.9 7.93 -99.9 -99.9 -99.9 -9999.9 -9999.9 -0.0621999986 37.2971992493 -999.999 3678
MKN 2023 11 03 12 00 00 352 3.7 99.4 -99.9 -999.9 7.28 -99.9 -99.9 -99.9 -9999.9 -9999.9 -0.0621999986 37.2971992493 -999.999 3678
MKN 2023 11 03 13 00 00 4 1.5 99.4 -99.9 -999.9 7.15 -99.9 -99.9 -99.9 -9999.9 -9999.9 -0.0621999986 37.2971992493 -999.999 3678
MKN 2023 11 03 14 00 00 25 1.9 99.4 -99.9 -999.9 6.42 -99.9 -99.9 -99.9 -9999.9 -9999.9 -0.0621999986 37.2971992493 -999.999 3678
MKN 2023 11 03 15 00 00 176 1.7 99.4 -99.9 -999.9 6.97 -99.9 -99.9 -99.9 -9999.9 -9999.9 -0.0621999986 37.2971992493 -999.999 3678
MKN 2023 11 03 16 00 00 267 2.1 99.4 -99.9 -999.9 6.75 -99.9 -99.9 -99.9 -9999.9 -9999.9 -0.0621999986 37.2971992493 -999.999 3678
MKN 2023 11 03 17 00 00 249 1.1 99.4 -99.9 -999.9 6.77 -99.9 -99.9 -99.9 -9999.9 -9999.9 -0.0621999986 37.2971992493 -999.999 3678
MKN 2023 11 03 18 00 00 27 1.3 99.4 -99.9 -999.9 6.47 -99.9 -99.9 -99.9 -9999.9 -9999.9 -0.0621999986 37.2971992493 -999.999 3678
MKN 2023 11 03 19 00 00 270 0.8 99.4 -99.9 -999.9 6.12 -99.9 -99.9 -99.9 -9999.9 -9999.9 -0.0621999986 37.2971992493 -999.999 3678
MKN 2023 11 03 20 00 00 249 1.5 99.4 -99.9 -999.9 5.92 -99.9 -99.9 -99.9 -9999.9 -9999.9 -0.0621999986 37.2971992493 -999.999 3678
MKN 2023 11 03 21 00 00 248 1.6 99.4 -99.9 -999.9 5.67 -99.9 -99.9 -99.9 -9999.9 -9999.9 -0.0621999986 37.2971992493 -999.999 3678
MKN 2023 11 03 22 00 00 207 1.1 99.4 -99.9 -999.9 5.78 -99.9 -99.9 -99.9 -9999.9 -9999.9 -0.0621999986 37.2971992493 -999.999 3678
MKN 2023 11 03 23 00 00 66 1.2 99.4 -99.9 -999.9 5.58 -99.9 -99.9 -99.9 -9999.9 -9999.9 -0.0621999986 37.2971992493 -999.999 3678
MKN 2023 11 04 00 00 00 106 2 99.4 -99.9 -999.9 5.68 -99.9 -99.9 -99.9 -9999.9 -9999.9 -0.0621999986 37.2971992493 -999.999 3678
MKN 2023 11 04 01 00 00 124 1 99.4 -99.9 -999.9 5.75 -99.9 -99.9 -99.9 -9999.9 -9999.9 -0.0621999986 37.2971992493 -999.999 3678
MKN 2023 11 04 02 00 00 108 0.6 99.4 -99.9 -999.9 5.77 -99.9 -99.9 -99.9 -9999.9 -9999.9 -0.0621999986 37.2971992493 -999.999 3678
MKN 2023 11 04 03 00 00 234 1 99.4 -99.9 -999.9 5.92 -99.9 -99.9 -99.9 -9999.9 -9999.9 -0.0621999986 37.2971992493 -999.999 3678
MKN 2023 11 04 04 00 00 105 1.2 99.4 -99.9 -999.9 6.98 -99.9 -99.9 -99.9 -9999.9 -9999.9 -0.0621999986 37.2971992493 -999.999 3678
MKN 2023 11 04 05 00 00 35 2.2 99.4 -99.9 -999.9 7.47 -99.9 -99.9 -99.9 -9999.9 -9999.9 -0.0621999986 37.2971992493 -999.999 3678
MKN 2023 11 04 06 00 00 341 2.3 96.02 -99.9 -999.9 8.88 -99.9 -99.9 -99.9 -9999.9 -9999.9 -0.0621999986 37.2971992493 -999.999 3678
MKN 2023 11 04 07 00 00 90 3.9 82.7 -99.9 -999.9 11.35 -99.9 -99.9 -99.9 -9999.9 -9999.9 -0.0621999986 37.2971992493 -999.999 3678
MKN 2023 11 04 08 00 00 95 7.7 90.22 -99.9 -999.9 10.85 -99.9 -99.9 -99.9 -9999.9 -9999.9 -0.0621999986 37.2971992493 -999.999 3678
MKN 2023 11 04 09 00 00 35 6.3 99.4 -99.9 -999.9 8.65 -99.9 -99.9 -99.9 -9999.9 -9999.9 -0.0621999986 37.2971992493 -999.999 3678
MKN 2023 11 04 10 00 00 151 4.1 99.38 -99.9 -999.9 7.97 -99.9 -99.9 -99.9 -9999.9 -9999.9 -0.0621999986 37.2971992493 -999.999 3678
MKN 2023 11 04 11 00 00 32 3 99.4 -99.9 -999.9 7.97 -99.9 -99.9 -99.9 -9999.9 -9999.9 -0.0621999986 37.2971992493 -999.999 3678
MKN 2023 11 04 12 00 00 297 2.3 99.4 -99.9 -999.9 8.33 -99.9 -99.9 -99.9 -9999.9 -9999.9 -0.0621999986 37.2971992493 -999.999 3678
MKN 2023 11 04 13 00 00 307 2.1 99.38 -99.9 -999.9 8.92 -99.9 -99.9 -99.9 -9999.9 -9999.9 -0.0621999986 37.2971992493 -999.999 3678
MKN 2023 11 04 14 00 00 327 2.3 99.37 -99.9 -999.9 8.65 -99.9 -99.9 -99.9 -9999.9 -9999.9 -0.0621999986 37.2971992493 -999.999 3678
MKN 2023 11 04 15 00 00 10 3.3 90.18 -99.9 -999.9 7.07 -99.9 -99.9 -99.9 -9999.9 -9999.9 -0.0621999986 37.2971992493 -999.999 3678
MKN 2023 11 04 16 00 00 129 5.8 75.97 -99.9 -999.9 6.93 -99.9 -99.9 -99.9 -9999.9 -9999.9 -0.0621999986 37.2971992493 -999.999 3678
MKN 2023 11 04 17 00 00 136 5.8 68.18 -99.9 -999.9 7.33 -99.9 -99.9 -99.9 -9999.9 -9999.9 -0.0621999986 37.2971992493 -999.999 3678
MKN 2023 11 04 18 00 00 144 7 70.12 -99.9 -999.9 7.13 -99.9 -99.9 -99.9 -9999.9 -9999.9 -0.0621999986 37.2971992493 -999.999 3678
MKN 2023 11 04 19 00 00 148 5.3 85.43 -99.9 -999.9 7.43 -99.9 -99.9 -99.9 -9999.9 -9999.9 -0.0621999986 37.2971992493 -999.999 3678
MKN 2023 11 04 20 00 00 150 6.3 74.03 -99.9 -999.9 7.58 -99.9 -99.9 -99.9 -9999.9 -9999.9 -0.0621999986 37.2971992493 -999.999 3678
MKN 2023 11 04 21 00 00 138 6.4 79.25 -99.9 -999.9 7.12 -99.9 -99.9 -99.9 -9999.9 -9999.9 -0.0621999986 37.2971992493 -999.999 3678
MKN 2023 11 04 22 00 00 146 5.5 76.27 -99.9 -999.9 7.03 -99.9 -99.9 -99.9 -9999.9 -9999.9 -0.0621999986 37.2971992493 -999.999 3678
MKN 2023 11 04 23 00 00 144 5.6 85.8 -99.9 -999.9 5.9 -99.9 -99.9 -99.9 -9999.9 -9999.9 -0.0621999986 37.2971992493 -999.999 3678
MKN 2023 11 05 00 00 00 153 2.7 92.12 -99.9 -999.9 6.2 -99.9 -99.9 -99.9 -9999.9 -9999.9 -0.0621999986 37.2971992493 -999.999 3678
MKN 2023 11 05 01 00 00 98 2.2 91.82 -99.9 -999.9 6.5 -99.9 -99.9 -99.9 -9999.9 -9999.9 -0.0621999986 37.2971992493 -999.999 3678
MKN 2023 11 05 02 00 00 148 4.6 79.93 -99.9 -999.9 6.72 -99.9 -99.9 -99.9 -9999.9 -9999.9 -0.0621999986 37.2971992493 -999.999 3678
MKN 2023 11 05 03 00 00 133 8.7 72.68 -99.9 -999.9 6.7 -99.9 -99.9 -99.9 -9999.9 -9999.9 -0.0621999986 37.2971992493 -999.999 3678
MKN 2023 11 05 04 00 00 139 8.3 68.57 -99.9 -999.9 8.63 -99.9 -99.9 -99.9 -9999.9 -9999.9 -0.0621999986 37.2971992493 -999.999 3678
MKN 2023 11 05 05 00 00 128 7.9 63.32 -99.9 -999.9 10.25 -99.9 -99.9 -99.9 -9999.9 -9999.9 -0.0621999986 37.2971992493 -999.999 3678
MKN 2023 11 05 06 00 00 114 7.4 72.73 -99.9 -999.9 10.45 -99.9 -99.9 -99.9 -9999.9 -9999.9 -0.0621999986 37.2971992493 -999.999 3678
MKN 2023 11 05 07 00 00 99 5.6 85.92 -99.9 -999.9 10.13 -99.9 -99.9 -99.9 -9999.9 -9999.9 -0.0621999986 37.2971992493 -999.999 3678
MKN 2023 11 05 08 00 00 30 3.3 99.37 -99.9 -999.9 7.7 -99.9 -99.9 -99.9 -9999.9 -9999.9 -0.0621999986 37.2971992493 -999.999 3678
MKN 2023 11 05 09 00 00 276 3 99.4 -99.9 -999.9 7.83 -99.9 -99.9 -99.9 -9999.9 -9999.9 -0.0621999986 37.2971992493 -999.999 3678
MKN 2023 11 05 10 00 00 290 3.2 99.4 -99.9 -999.9 7.95 -99.9 -99.9 -99.9 -9999.9 -9999.9 -0.0621999986 37.2971992493 -999.999 3678
MKN 2023 11 05 11 00 00 295 2.3 99.4 -99.9 -999.9 8.6 -99.9 -99.9 -99.9 -9999.9 -9999.9 -0.0621999986 37.2971992493 -999.999 3678
MKN 2023 11 05 12 00 00 30 4.6 99.4 -99.9 -999.9 8.32 -99.9 -99.9 -99.9 -9999.9 -9999.9 -0.0621999986 37.2971992493 -999.999 3678
MKN 2023 11 05 13 00 00 107 5.6 92.1 -99.9 -999.9 9.37 -99.9 -99.9 -99.9 -9999.9 -9999.9 -0.0621999986 37.2971992493 -999.999 3678
MKN 2023 11 05 14 00 00 63 1.6 99.3 -99.9 -999.9 8.13 -99.9 -99.9 -99.9 -9999.9 -9999.9 -0.0621999986 37.2971992493 -999.999 3678
MKN 2023 11 05 15 00 00 45 2.2 99.3 -99.9 -999.9 6.73 -99.9 -99.9 -99.9 -9999.9 -9999.9 -0.0621999986 37.2971992493 -999.999 3678
MKN 2023 11 05 16 00 00 173 2.8 94.9 -99.9 -999.9 6.5 -99.9 -99.9 -99.9 -9999.9 -9999.9 -0.0621999986 37.2971992493 -999.999 3678
MKN 2023 11 05 17 00 00 184 1.9 87.48 -99.9 -999.9 6.65 -99.9 -99.9 -99.9 -9999.9 -9999.9 -0.0621999986 37.2971992493 -999.999 3678
MKN 2023 11 05 18 00 00 182 2.9 95.57 -99.9 -999.9 6.17 -99.9 -99.9 -99.9 -9999.9 -9999.9 -0.0621999986 37.2971992493 -999.999 3678
MKN 2023 11 05 19 00 00 157 4 87.32 -99.9 -999.9 6.28 -99.9 -99.9 -99.9 -9999.9 -9999.9 -0.0621999986 37.2971992493 -999.999 3678
MKN 2023 11 05 20 00 00 177 2.4 83.65 -99.9 -999.9 6.47 -99.9 -99.9 -99.9 -9999.9 -9999.9 -0.0621999986 37.2971992493 -999.999 3678
MKN 2023 11 05 21 00 00 126 6.3 88.23 -99.9 -999.9 6 -99.9 -99.9 -99.9 -9999.9 -9999.9 -0.0621999986 37.2971992493 -999.999 3678
MKN 2023 11 05 22 00 00 142 3.7 88.05 -99.9 -999.9 6.52 -99.9 -99.9 -99.9 -9999.9 -9999.9 -0.0621999986 37.2971992493 -999.999 3678
MKN 2023 11 05 23 00 00 118 3.6 90.42 -99.9 -999.9 6.68 -99.9 -99.9 -99.9 -9999.9 -9999.9 -0.0621999986 37.2971992493 -999.999 3678
MKN 2023 11 06 00 00 00 115 4.1 95.48 -99.9 -999.9 5.88 -99.9 -99.9 -99.9 -9999.9 -9999.9 -0.0621999986 37.2971992493 -999.999 3678
MKN 2023 11 06 01 00 00 141 2 91.27 -99.9 -999.9 5.5 -99.9 -99.9 -99.9 -9999.9 -9999.9 -0.0621999986 37.2971992493 -999.999 3678
MKN 2023 11 06 02 00 00 -99.9 5.8 90.45 -99.9 -999.9 5.63 -99.9 -99.9 -99.9 -9999.9 -9999.9 -0.0621999986 37.2971992493 -999.999 3678
MKN 2023 11 06 03 00 00 142 8.6 86.9 -99.9 -999.9 6.45 -99.9 -99.9 -99.9 -9999.9 -9999.9 -0.0621999986 37.2971992493 -999.999 3678
MKN 2023 11 06 04 00 00 127 6.2 86.3 -99.9 -999.9 7.72 -99.9 -99.9 -99.9 -9999.9 -9999.9 -0.0621999986 37.2971992493 -999.999 3678
MKN 2023 11 06 05 00 00 118 3.9 78.87 -99.9 -999.9 9.73 -99.9 -99.9 -99.9 -9999.9 -9999.9 -0.0621999986 37.2971992493 -999.999 3678
MKN 2023 11 06 06 00 00 95 4.5 93.93 -99.9 -999.9 9.65 -99.9 -99.9 -99.9 -9999.9 -9999.9 -0.0621999986 37.2971992493 -999.999 3678
MKN 2023 11 06 07 00 00 4 3.3 98.5 -99.9 -999.9 8.98 -99.9 -99.9 -99.9 -9999.9 -9999.9 -0.0621999986 37.2971992493 -999.999 3678
MKN 2023 11 06 08 00 00 4 3.3 99.3 -99.9 -999.9 8.37 -99.9 -99.9 -99.9 -9999.9 -9999.9 -0.0621999986 37.2971992493 -999.999 3678
MKN 2023 11 06 09 00 00 21 4.1 99.38 -99.9 -999.9 8.85 -99.9 -99.9 -99.9 -9999.9 -9999.9 -0.0621999986 37.2971992493 -999.999 3678
MKN 2023 11 06 10 00 00 344 4.7 99.4 -99.9 -999.9 8.27 -99.9 -99.9 -99.9 -9999.9 -9999.9 -0.0621999986 37.2971992493 -999.999 3678
MKN 2023 11 09 13 00 00 -99.9 -99.9 99.4 -99.9 -999.9 7.8 -99.9 -99.9 -99.9 -9999.9 -9999.9 -0.0621999986 37.2971992493 -999.999 3678
MKN 2023 11 09 14 00 00 299 1.5 99.4 -99.9 -999.9 7.7 -99.9 -99.9 -99.9 -9999.9 -9999.9 -0.0621999986 37.2971992493 -999.999 3678
MKN 2023 11 09 15 00 00 16 1.5 99.4 -99.9 -999.9 7.45 -99.9 -99.9 -99.9 -9999.9 -9999.9 -0.0621999986 37.2971992493 -999.999 3678
MKN 2023 11 09 16 00 00 320 1.1 99.4 -99.9 -999.9 7.42 -99.9 -99.9 -99.9 -9999.9 -9999.9 -0.0621999986 37.2971992493 -999.999 3678
MKN 2023 11 09 17 00 00 270 2.1 99.4 -99.9 -999.9 6.9 -99.9 -99.9 -99.9 -9999.9 -9999.9 -0.0621999986 37.2971992493 -999.999 3678
MKN 2023 11 09 18 00 00 99 1.1 99.4 -99.9 -999.9 6.05 -99.9 -99.9 -99.9 -9999.9 -9999.9 -0.0621999986 37.2971992493 -999.999 3678
MKN 2023 11 09 19 00 00 38 1.7 99.4 -99.9 -999.9 6.48 -99.9 -99.9 -99.9 -9999.9 -9999.9 -0.0621999986 37.2971992493 -999.999 3678
MKN 2023 11 09 20 00 00 96 1 99.4 -99.9 -999.9 6.28 -99.9 -99.9 -99.9 -9999.9 -9999.9 -0.0621999986 37.2971992493 -999.999 3678
MKN 2023 11 09 21 00 00 73 1.4 99.4 -99.9 -999.9 5.88 -99.9 -99.9 -99.9 -9999.9 -9999.9 -0.0621999986 37.2971992493 -999.999 3678
MKN 2023 11 09 22 00 00 167 1.8 99.4 -99.9 -999.9 5.47 -99.9 -99.9 -99.9 -9999.9 -9999.9 -0.0621999986 37.2971992493 -999.999 3678
MKN 2023 11 09 23 00 00 183 2 99.27 -99.9 -999.9 4.9 -99.9 -99.9 -99.9 -9999.9 -9999.9 -0.0621999986 37.2971992493 -999.999 3678
MKN 2023 11 10 00 00 00 189 1.3 99.2 -99.9 -999.9 5.2 -99.9 -99.9 -99.9 -9999.9 -9999.9 -0.0621999986 37.2971992493 -999.999 3678
MKN 2023 11 10 01 00 00 180 2.7 97.78 -99.9 -999.9 5.18 -99.9 -99.9 -99.9 -9999.9 -9999.9 -0.0621999986 37.2971992493 -999.999 3678
MKN 2023 11 10 02 00 00 166 1 99.2 -99.9 -999.9 5.22 -99.9 -99.9 -99.9 -9999.9 -9999.9 -0.0621999986 37.2971992493 -999.999 3678
MKN 2023 11 10 03 00 00 180 1 97.75 -99.9 -999.9 5.23 -99.9 -99.9 -99.9 -9999.9 -9999.9 -0.0621999986 37.2971992493 -999.999 3678
MKN 2023 11 10 04 00 00 198 1.8 92.87 -99.9 -999.9 7.25 -99.9 -99.9 -99.9 -9999.9 -9999.9 -0.0621999986 37.2971992493 -999.999 3678
MKN 2023 11 10 05 00 00 254 0.7 95.22 -99.9 -999.9 7.93 -99.9 -99.9 -99.9 -9999.9 -9999.9 -0.0621999986 37.2971992493 -999.999 3678
MKN 2023 11 10 06 00 00 324 1.5 99.25 -99.9 -999.9 8.58 -99.9 -99.9 -99.9 -9999.9 -9999.9 -0.0621999986 37.2971992493 -999.999 3678
MKN 2023 11 10 07 00 00 355 2.6 99.38 -99.9 -999.9 8.5 -99.9 -99.9 -99.9 -9999.9 -9999.9 -0.0621999986 37.2971992493 -999.999 3678
MKN 2023 11 10 08 00 00 11 3.3 99.4 -99.9 -999.9 8.23 -99.9 -99.9 -99.9 -9999.9 -9999.9 -0.0621999986 37.2971992493 -999.999 3678
MKN 2023 11 10 09 00 00 4 4.1 99.4 -99.9 -999.9 7.65 -99.9 -99.9 -99.9 -9999.9 -9999.9 -0.0621999986 37.2971992493 -999.999 3678
MKN 2023 11 10 10 00 00 293 3.7 99.4 -99.9 -999.9 7.95 -99.9 -99.9 -99.9 -9999.9 -9999.9 -0.0621999986 37.2971992493 -999.999 3678
MKN 2023 11 10 11 00 00 343 3.1 99.4 -99.9 -999.9 7.6 -99.9 -99.9 -99.9 -9999.9 -9999.9 -0.0621999986 37.2971992493 -999.999 3678
MKN 2023 11 10 12 00 00 0 2.5 99.4 -99.9 -999.9 7.77 -99.9 -99.9 -99.9 -9999.9 -9999.9 -0.0621999986 37.2971992493 -999.999 3678
MKN 2023 11 10 13 00 00 90 2.1 99.4 -99.9 -999.9 8.18 -99.9 -99.9 -99.9 -9999.9 -9999.9 -0.0621999986 37.2971992493 -999.999 3678
MKN 2023 11 10 14 00 00 3 2.1 99.4 -99.9 -999.9 7.5 -99.9 -99.9 -99.9 -9999.9 -9999.9 -0.0621999986 37.2971992493 -999.999 3678
MKN 2023 11 10 15 00 00 306 1.1 99.4 -99.9 -999.9 7.25 -99.9 -99.9 -99.9 -9999.9 -9999.9 -0.0621999986 37.2971992493 -999.999 3678
MKN 2023 11 10 16 00 00 281 1.2 99.4 -99.9 -999.9 7.1 -99.9 -99.9 -99.9 -9999.9 -9999.9 -0.0621999986 37.2971992493 -999.999 3678
MKN 2023 11 10 17 00 00 315 0.5 99.4 -99.9 -999.9 6.6 -99.9 -99.9 -99.9 -9999.9 -9999.9 -0.0621999986 37.2971992493 -999.999 3678
MKN 2023 11 10 18 00 00 124 1.2 99.4 -99.9 -999.9 6.5 -99.9 -99.9 -99.9 -9999.9 -9999.9 -0.0621999986 37.2971992493 -999.999 3678
MKN 2023 11 10 19 00 00 195 1.2 99.4 -99.9 -999.9 6.53 -99.9 -99.9 -99.9 -9999.9 -9999.9 -0.0621999986 37.2971992493 -999.999 3678
MKN 2023 11 10 20 00 00 96 1.8 99.4 -99.9 -999.9 6.47 -99.9 -99.9 -99.9 -9999.9 -9999.9 -0.0621999986 37.2971992493 -999.999 3678
MKN 2023 11 10 21 00 00 104 2.6 99.4 -99.9 -999.9 6.4 -99.9 -99.9 -99.9 -9999.9 -9999.9 -0.0621999986 37.2971992493 -999.999 3678
MKN 2023 11 10 22 00 00 100 4.8 99.4 -99.9 -999.9 6.27 -99.9 -99.9 -99.9 -9999.9 -9999.9 -0.0621999986 37.2971992493 -999.999 3678
MKN 2023 11 10 23 00 00 86 5.8 99.4 -99.9 -999.9 5.78 -99.9 -99.9 -99.9 -9999.9 -9999.9 -0.0621999986 37.2971992493 -999.999 3678
MKN 2023 11 11 00 00 00 107 5.4 99.4 -99.9 -999.9 5.42 -99.9 -99.9 -99.9 -9999.9 -9999.9 -0.0621999986 37.2971992493 -999.999 3678
MKN 2023 11 11 01 00 00 117 6.3 99.4 -99.9 -999.9 5.85 -99.9 -99.9 -99.9 -9999.9 -9999.9 -0.0621999986 37.2971992493 -999.999 3678
MKN 2023 11 11 02 00 00 127 6.4 99.33 -99.9 -999.9 6.13 -99.9 -99.9 -99.9 -9999.9 -9999.9 -0.0621999986 37.2971992493 -999.999 3678
MKN 2023 11 11 03 00 00 124 7.3 99.35 -99.9 -999.9 6.37 -99.9 -99.9 -99.9 -9999.9 -9999.9 -0.0621999986 37.2971992493 -999.999 3678
MKN 2023 11 11 04 00 00 141 5.7 99.27 -99.9 -999.9 7.47 -99.9 -99.9 -99.9 -9999.9 -9999.9 -0.0621999986 37.2971992493 -999.999 3678
MKN 2023 11 11 05 00 00 115 4.3 96.83 -99.9 -999.9 9.37 -99.9 -99.9 -99.9 -9999.9 -9999.9 -0.0621999986 37.2971992493 -999.999 3678
MKN 2023 11 11 06 00 00 138 2.9 99.38 -99.9 -999.9 7.75 -99.9 -99.9 -99.9 -9999.9 -9999.9 -0.0621999986 37.2971992493 -999.999 3678
MKN 2023 11 11 07 00 00 282 3.1 99.4 -99.9 -999.9 7.05 -99.9 -99.9 -99.9 -9999.9 -9999.9 -0.0621999986 37.2971992493 -999.999 3678
MKN 2023 11 11 08 00 00 277 3.4 99.4 -99.9 -999.9 6 -99.9 -99.9 -99.9 -9999.9 -9999.9 -0.0621999986 37.2971992493 -999.999 3678
MKN 2023 11 11 09 00 00 267 2.3 99.4 -99.9 -999.9 6.55 -99.9 -99.9 -99.9 -9999.9 -9999.9 -0.0621999986 37.2971992493 -999.999 3678
MKN 2023 11 11 10 00 00 282 2 99.4 -99.9 -999.9 6.87 -99.9 -99.9 -99.9 -9999.9 -9999.9 -0.0621999986 37.2971992493 -999.999 3678
MKN 2023 11 11 11 00 00 18 1.7 99.4 -99.9 -999.9 6.9 -99.9 -99.9 -99.9 -9999.9 -9999.9 -0.0621999986 37.2971992493 -999.999 3678
MKN 2023 11 11 12 00 00 329 1 99.4 -99.9 -999.9 8.12 -99.9 -99.9 -99.9 -9999.9 -9999.9 -0.0621999986 37.2971992493 -999.999 3678
MKN 2023 11 11 13 00 00 333 3.2 99.4 -99.9 -999.9 7.57 -99.9 -99.9 -99.9 -9999.9 -9999.9 -0.0621999986 37.2971992493 -999.999 3678
MKN 2023 11 11 14 00 00 297 1.9 99.4 -99.9 -999.9 7.55 -99.9 -99.9 -99.9 -9999.9 -9999.9 -0.0621999986 37.2971992493 -999.999 3678
MKN 2023 11 11 15 00 00 276 1.9 99.4 -99.9 -999.9 7.17 -99.9 -99.9 -99.9 -9999.9 -9999.9 -0.0621999986 37.2971992493 -999.999 3678
MKN 2023 11 11 16 00 00 104 1.5 99.4 -99.9 -999.9 6.78 -99.9 -99.9 -99.9 -9999.9 -9999.9 -0.0621999986 37.2971992493 -999.999 3678
MKN 2023 11 11 17 00 00 355 1.9 99.4 -99.9 -999.9 6.9 -99.9 -99.9 -99.9 -9999.9 -9999.9 -0.0621999986 37.2971992493 -999.999 3678
MKN 2023 11 11 18 00 00 -99.9 0.2 -99.9 -99.9 -999.9 6.6 -99.9 -99.9 -99.9 -9999.9 -9999.9 -0.0621999986 37.2971992493 -999.999 3678
MKN 2023 11 11 19 00 00 -99.9 0.6 -99.9 -99.9 -999.9 6.28 -99.9 -99.9 -99.9 -9999.9 -9999.9 -0.0621999986 37.2971992493 -999.999 3678
MKN 2023 11 11 20 00 00 -99.9 1.1 99.4 -99.9 -999.9 6 -99.9 -99.9 -99.9 -9999.9 -9999.9 -0.0621999986 37.2971992493 -999.999 3678
MKN 2023 11 11 21 00 00 -99.9 1.4 99.4 -99.9 -999.9 6.03 -99.9 -99.9 -99.9 -9999.9 -9999.9 -0.0621999986 37.2971992493 -999.999 3678
MKN 2023 11 11 22 00 00 236 2.1 99.4 -99.9 -999.9 6.32 -99.9 -99.9 -99.9 -9999.9 -9999.9 -0.0621999986 37.2971992493 -999.999 3678
MKN 2023 11 11 23 00 00 247 1 99.4 -99.9 -999.9 6.13 -99.9 -99.9 -99.9 -9999.9 -9999.9 -0.0621999986 37.2971992493 -999.999 3678
MKN 2023 11 12 00 00 00 79 1.2 99.4 -99.9 -999.9 6.28 -99.9 -99.9 -99.9 -9999.9 -9999.9 -0.0621999986 37.2971992493 -999.999 3678
MKN 2023 11 12 01 00 00 45 1 -99.9 -99.9 -999.9 -99.9 -99.9 -99.9 -99.9 -9999.9 -9999.9 -0.0621999986 37.2971992493 -999.999 3678
MKN 2023 11 12 14 00 00 -99.9 -99.9 99.4 -99.9 -999.9 8.17 -99.9 -99.9 -99.9 -9999.9 -9999.9 -0.0621999986 37.2971992493 -999.999 3678
MKN 2023 11 12 15 00 00 68 3.3 99.27 -99.9 -999.9 7.8 -99.9 -99.9 -99.9 -9999.9 -9999.9 -0.0621999986 37.2971992493 -999.999 3678
MKN 2023 11 12 16 00 00 99 4.6 99.3 -99.9 -999.9 7.48 -99.9 -99.9 -99.9 -9999.9 -9999.9 -0.0621999986 37.2971992493 -999.999 3678
MKN 2023 11 12 17 00 00 108 6 99.28 -99.9 -999.9 7.3 -99.9 -99.9 -99.9 -9999.9 -9999.9 -0.0621999986 37.2971992493 -999.999 3678
MKN 2023 11 12 18 00 00 100 4 99.32 -99.9 -999.9 7.03 -99.9 -99.9 -99.9 -9999.9 -9999.9 -0.0621999986 37.2971992493 -999.999 3678
MKN 2023 11 12 19 00 00 110 9.6 99.3 -99.9 -999.9 6.9 -99.9 -99.9 -99.9 -9999.9 -9999.9 -0.0621999986 37.2971992493 -999.999 3678
MKN 2023 11 12 20 00 00 118 10.2 98.07 -99.9 -999.9 6.95 -99.9 -99.9 -99.9 -9999.9 -9999.9 -0.0621999986 37.2971992493 -999.999 3678
MKN 2023 11 12 21 00 00 130 8.9 98.42 -99.9 -999.9 6.97 -99.9 -99.9 -99.9 -9999.9 -9999.9 -0.0621999986 37.2971992493 -999.999 3678
MKN 2023 11 12 22 00 00 128 6.8 97.72 -99.9 -999.9 6.95 -99.9 -99.9 -99.9 -9999.9 -9999.9 -0.0621999986 37.2971992493 -999.999 3678
MKN 2023 11 12 23 00 00 125 8.3 99.27 -99.9 -999.9 6.72 -99.9 -99.9 -99.9 -9999.9 -9999.9 -0.0621999986 37.2971992493 -999.999 3678
MKN 2023 11 13 00 00 00 113 9.5 99.3 -99.9 -999.9 6.7 -99.9 -99.9 -99.9 -9999.9 -9999.9 -0.0621999986 37.2971992493 -999.999 3678
MKN 2023 11 13 01 00 00 108 9.3 99.3 -99.9 -999.9 6.63 -99.9 -99.9 -99.9 -9999.9 -9999.9 -0.0621999986 37.2971992493 -999.999 3678
MKN 2023 11 13 02 00 00 118 12.6 99.3 -99.9 -999.9 6.52 -99.9 -99.9 -99.9 -9999.9 -9999.9 -0.0621999986 37.2971992493 -999.999 3678
MKN 2023 11 13 03 00 00 124 13.2 99.25 -99.9 -999.9 6.63 -99.9 -99.9 -99.9 -9999.9 -9999.9 -0.0621999986 37.2971992493 -999.999 3678
MKN 2023 11 13 04 00 00 132 8.1 99.23 -99.9 -999.9 6.92 -99.9 -99.9 -99.9 -9999.9 -9999.9 -0.0621999986 37.2971992493 -999.999 3678
MKN 2023 11 13 05 00 00 122 7.4 92.97 -99.9 -999.9 8.1 -99.9 -99.9 -99.9 -9999.9 -9999.9 -0.0621999986 37.2971992493 -999.999 3678
MKN 2023 11 13 06 00 00 121 8.7 97.62 -99.9 -999.9 8.1 -99.9 -99.9 -99.9 -9999.9 -9999.9 -0.0621999986 37.2971992493 -999.999 3678
MKN 2023 11 13 07 00 00 109 9.4 88.32 -99.9 -999.9 9.45 -99.9 -99.9 -99.9 -9999.9 -9999.9 -0.0621999986 37.2971992493 -999.999 3678
MKN 2023 11 13 08 00 00 117 10.1 75.13 -99.9 -999.9 11 -99.9 -99.9 -99.9 -9999.9 -9999.9 -0.0621999986 37.2971992493 -999.999 3678
MKN 2023 11 13 09 00 00 110 7.6 68.85 -99.9 -999.9 11.98 -99.9 -99.9 -99.9 -9999.9 -9999.9 -0.0621999986 37.2971992493 -999.999 3678
MKN 2023 11 13 10 00 00 116 7.3 70.18 -99.9 -999.9 11.32 -99.9 -99.9 -99.9 -9999.9 -9999.9 -0.0621999986 37.2971992493 -999.999 3678
MKN 2023 11 13 11 00 00 124 6.8 65.88 -99.9 -999.9 12 -99.9 -99.9 -99.9 -9999.9 -9999.9 -0.0621999986 37.2971992493 -999.999 3678
MKN 2023 11 13 12 00 00 111 4.8 74.25 -99.9 -999.9 12.5 -99.9 -99.9 -99.9 -9999.9 -9999.9 -0.0621999986 37.2971992493 -999.999 3678
MKN 2023 11 13 13 00 00 40 3.8 96.47 -99.9 -999.9 10.12 -99.9 -99.9 -99.9 -9999.9 -9999.9 -0.0621999986 37.2971992493 -999.999 3678
MKN 2023 11 13 14 00 00 2 3.2 99.2 -99.9 -999.9 8.9 -99.9 -99.9 -99.9 -9999.9 -9999.9 -0.0621999986 37.2971992493 -999.999 3678
MKN 2023 11 13 15 00 00 -99.9 4.4 68.5 -99.9 -999.9 7.05 -99.9 -99.9 -99.9 -9999.9 -9999.9 -0.0621999986 37.2971992493 -999.999 3678
MKN 2023 11 13 16 00 00 122 6.8 68.52 -99.9 -999.9 7.27 -99.9 -99.9 -99.9 -9999.9 -9999.9 -0.0621999986 37.2971992493 -999.999 3678
MKN 2023 11 13 17 00 00 133 8.3 77.18 -99.9 -999.9 6.67 -99.9 -99.9 -99.9 -9999.9 -9999.9 -0.0621999986 37.2971992493 -999.999 3678
MKN 2023 11 13 18 00 00 142 8.1 79.32 -99.9 -999.9 6.52 -99.9 -99.9 -99.9 -9999.9 -9999.9 -0.0621999986 37.2971992493 -999.999 3678
MKN 2023 11 13 19 00 00 140 9 80.97 -99.9 -999.9 6.85 -99.9 -99.9 -99.9 -9999.9 -9999.9 -0.0621999986 37.2971992493 -999.999 3678
MKN 2023 11 13 20 00 00 131 8.9 90.12 -99.9 -999.9 6.85 -99.9 -99.9 -99.9 -9999.9 -9999.9 -0.0621999986 37.2971992493 -999.999 3678
MKN 2023 11 13 21 00 00 133 6.9 90.32 -99.9 -999.9 6.85 -99.9 -99.9 -99.9 -9999.9 -9999.9 -0.0621999986 37.2971992493 -999.999 3678
MKN 2023 11 13 22 00 00 150 2.8 95.2 -99.9 -999.9 6.62 -99.9 -99.9 -99.9 -9999.9 -9999.9 -0.0621999986 37.2971992493 -999.999 3678
MKN 2023 11 13 23 00 00 122 3.1 99.28 -99.9 -999.9 5.85 -99.9 -99.9 -99.9 -9999.9 -9999.9 -0.0621999986 37.2971992493 -999.999 3678
MKN 2023 11 14 00 00 00 123 2.3 99.2 -99.9 -999.9 6.2 -99.9 -99.9 -99.9 -9999.9 -9999.9 -0.0621999986 37.2971992493 -999.999 3678
MKN 2023 11 14 01 00 00 125 3.6 99.17 -99.9 -999.9 5.8 -99.9 -99.9 -99.9 -9999.9 -9999.9 -0.0621999986 37.2971992493 -999.999 3678
MKN 2023 11 14 02 00 00 107 6.5 99.3 -99.9 -999.9 5.17 -99.9 -99.9 -99.9 -9999.9 -9999.9 -0.0621999986 37.2971992493 -999.999 3678
MKN 2023 11 14 03 00 00 113 9.1 99.27 -99.9 -999.9 5.22 -99.9 -99.9 -99.9 -9999.9 -9999.9 -0.0621999986 37.2971992493 -999.999 3678
MKN 2023 11 14 04 00 00 125 8 99.28 -99.9 -999.9 5.53 -99.9 -99.9 -99.9 -9999.9 -9999.9 -0.0621999986 37.2971992493 -999.999 3678
MKN 2023 11 14 05 00 00 131 9.2 96.8 -99.9 -999.9 6.37 -99.9 -99.9 -99.9 -9999.9 -9999.9 -0.0621999986 37.2971992493 -999.999 3678
MKN 2023 11 14 06 00 00 136 9.3 87.83 -99.9 -999.9 8.2 -99.9 -99.9 -99.9 -9999.9 -9999.9 -0.0621999986 37.2971992493 -999.999 3678
MKN 2023 11 14 07 00 00 128 6.6 76.83 -99.9 -999.9 11.25 -99.9 -99.9 -99.9 -9999.9 -9999.9 -0.0621999986 37.2971992493 -999.999 3678
MKN 2023 11 14 08 00 00 121 7 67.47 -99.9 -999.9 12.57 -99.9 -99.9 -99.9 -9999.9 -9999.9 -0.0621999986 37.2971992493 -999.999 3678
MKN 2023 11 14 09 00 00 125 7.2 75.48 -99.9 -999.9 10.97 -99.9 -99.9 -99.9 -9999.9 -9999.9 -0.0621999986 37.2971992493 -999.999 3678
MKN 2023 11 14 10 00 00 148 5.5 66.07 -99.9 -999.9 12 -99.9 -99.9 -99.9 -9999.9 -9999.9 -0.0621999986 37.2971992493 -999.999 3678
MKN 2023 11 14 11 00 00 134 6.3 74 -99.9 -999.9 11.92 -99.9 -99.9 -99.9 -9999.9 -9999.9 -0.0621999986 37.2971992493 -999.999 3678
MKN 2023 11 14 12 00 00 86 3.8 99.32 -99.9 -999.9 9.17 -99.9 -99.9 -99.9 -9999.9 -9999.9 -0.0621999986 37.2971992493 -999.999 3678
MKN 2023 11 14 13 00 00 318 2.9 99.4 -99.9 -999.9 8.83 -99.9 -99.9 -99.9 -9999.9 -9999.9 -0.0621999986 37.2971992493 -999.999 3678
MKN 2023 11 14 14 00 00 350 3.3 99.4 -99.9 -999.9 8.12 -99.9 -99.9 -99.9 -9999.9 -9999.9 -0.0621999986 37.2971992493 -999.999 3678
MKN 2023 11 14 15 00 00 340 1.4 90.6 -99.9 -999.9 7.38 -99.9 -99.9 -99.9 -9999.9 -9999.9 -0.0621999986 37.2971992493 -999.999 3678
MKN 2023 11 14 16 00 00 142 3.9 79.25 -99.9 -999.9 7.42 -99.9 -99.9 -99.9 -9999.9 -9999.9 -0.0621999986 37.2971992493 -999.999 3678
MKN 2023 11 14 17 00 00 141 6.4 76.4 -99.9 -999.9 7.27 -99.9 -99.9 -99.9 -9999.9 -9999.9 -0.0621999986 37.2971992493 -999.999 3678
MKN 2023 11 14 18 00 00 150 6.4 76.33 -99.9 -999.9 7.42 -99.9 -99.9 -99.9 -9999.9 -9999.9 -0.0621999986 37.2971992493 -999.999 3678
MKN 2023 11 14 19 00 00 138 6.5 78.97 -99.9 -999.9 6.62 -99.9 -99.9 -99.9 -9999.9 -9999.9 -0.0621999986 37.2971992493 -999.999 3678
MKN 2023 11 14 20 00 00 149 5.3 77.3 -99.9 -999.9 7.25 -99.9 -99.9 -99.9 -9999.9 -9999.9 -0.0621999986 37.2971992493 -999.999 3678
MKN 2023 11 14 21 00 00 135 6.2 83.68 -99.9 -999.9 6.98 -99.9 -99.9 -99.9 -9999.9 -9999.9 -0.0621999986 37.2971992493 -999.999 3678
MKN 2023 11 14 22 00 00 140 5.4 86 -99.9 -999.9 7.4 -99.9 -99.9 -99.9 -9999.9 -9999.9 -0.0621999986 37.2971992493 -999.999 3678
MKN 2023 11 14 23 00 00 140 7.1 92.27 -99.9 -999.9 6.9 -99.9 -99.9 -99.9 -9999.9 -9999.9 -0.0621999986 37.2971992493 -999.999 3678
MKN 2023 11 15 00 00 00 130 5.4 95.05 -99.9 -999.9 6.7 -99.9 -99.9 -99.9 -9999.9 -9999.9 -0.0621999986 37.2971992493 -999.999 3678
MKN 2023 11 15 01 00 00 175 3 90.35 -99.9 -999.9 5.1 -99.9 -99.9 -99.9 -9999.9 -9999.9 -0.0621999986 37.2971992493 -999.999 3678
MKN 2023 11 15 02 00 00 152 3.7 78.73 -99.9 -999.9 5.75 -99.9 -99.9 -99.9 -9999.9 -9999.9 -0.0621999986 37.2971992493 -999.999 3678
MKN 2023 11 15 03 00 00 141 6.7 85.12 -99.9 -999.9 6.98 -99.9 -99.9 -99.9 -9999.9 -9999.9 -0.0621999986 37.2971992493 -999.999 3678
MKN 2023 11 15 04 00 00 163 3.5 79.85 -99.9 -999.9 9.03 -99.9 -99.9 -99.9 -9999.9 -9999.9 -0.0621999986 37.2971992493 -999.999 3678
MKN 2023 11 15 05 00 00 153 3.9 87.95 -99.9 -999.9 8.62 -99.9 -99.9 -99.9 -9999.9 -9999.9 -0.0621999986 37.2971992493 -999.999 3678
MKN 2023 11 15 06 00 00 337 1.8 71.23 -99.9 -999.9 10.42 -99.9 -99.9 -99.9 -9999.9 -9999.9 -0.0621999986 37.2971992493 -999.999 3678
MKN 2023 11 15 07 00 00 126 5.2 61.82 -99.9 -999.9 12.28 -99.9 -99.9 -99.9 -9999.9 -9999.9 -0.0621999986 37.2971992493 -999.999 3678
MKN 2023 11 15 08 00 00 87 4.6 98.65 -99.9 -999.9 8.8 -99.9 -99.9 -99.9 -9999.9 -9999.9 -0.0621999986 37.2971992493 -999.999 3678
MKN 2023 11 15 09 00 00 324 2.8 97.08 -99.9 -999.9 9.38 -99.9 -99.9 -99.9 -9999.9 -9999.9 -0.0621999986 37.2971992493 -999.999 3678
MKN 2023 11 15 10 00 00 330 3.3 99.3 -99.9 -999.9 9.12 -99.9 -99.9 -99.9 -9999.9 -9999.9 -0.0621999986 37.2971992493 -999.999 3678
MKN 2023 11 15 11 00 00 353 3.5 99.33 -99.9 -999.9 8.8 -99.9 -99.9 -99.9 -9999.9 -9999.9 -0.0621999986 37.2971992493 -999.999 3678
MKN 2023 11 15 12 00 00 299 2.2 99.32 -99.9 -999.9 9.18 -99.9 -99.9 -99.9 -9999.9 -9999.9 -0.0621999986 37.2971992493 -999.999 3678
MKN 2023 11 15 13 00 00 351 2.4 99.3 -99.9 -999.9 9 -99.9 -99.9 -99.9 -9999.9 -9999.9 -0.0621999986 37.2971992493 -999.999 3678
MKN 2023 11 15 14 00 00 336 1.9 95.82 -99.9 -999.9 8.72 -99.9 -99.9 -99.9 -9999.9 -9999.9 -0.0621999986 37.2971992493 -999.999 3678
MKN 2023 11 15 15 00 00 101 2.4 84.27 -99.9 -999.9 7.73 -99.9 -99.9 -99.9 -9999.9 -9999.9 -0.0621999986 37.2971992493 -999.999 3678
MKN 2023 11 15 16 00 00 158 3.4 82.28 -99.9 -999.9 8.4 -99.9 -99.9 -99.9 -9999.9 -9999.9 -0.0621999986 37.2971992493 -999.999 3678
MKN 2023 11 15 17 00 00 161 4.2 90.53 -99.9 -999.9 7.77 -99.9 -99.9 -99.9 -9999.9 -9999.9 -0.0621999986 37.2971992493 -999.999 3678
MKN 2023 11 15 18 00 00 249 1.4 94.93 -99.9 -999.9 7.12 -99.9 -99.9 -99.9 -9999.9 -9999.9 -0.0621999986 37.2971992493 -999.999 3678
MKN 2023 11 15 19 00 00 184 2.7 86.5 -99.9 -999.9 6.43 -99.9 -99.9 -99.9 -9999.9 -9999.9 -0.0621999986 37.2971992493 -999.999 3678
MKN 2023 11 15 20 00 00 155 4.4 88.6 -99.9 -999.9 6.88 -99.9 -99.9 -99.9 -9999.9 -9999.9 -0.0621999986 37.2971992493 -999.999 3678
MKN 2023 11 15 21 00 00 158 4.9 91.4 -99.9 -999.9 6.67 -99.9 -99.9 -99.9 -9999.9 -9999.9 -0.0621999986 37.2971992493 -999.999 3678
MKN 2023 11 15 22 00 00 168 3.3 99.35 -99.9 -999.9 5.5 -99.9 -99.9 -99.9 -9999.9 -9999.9 -0.0621999986 37.2971992493 -999.999 3678
MKN 2023 11 15 23 00 00 219 2.3 99.35 -99.9 -999.9 5.55 -99.9 -99.9 -99.9 -9999.9 -9999.9 -0.0621999986 37.2971992493 -999.999 3678
MKN 2023 11 16 00 00 00 216 1.9 99.3 -99.9 -999.9 5.22 -99.9 -99.9 -99.9 -9999.9 -9999.9 -0.0621999986 37.2971992493 -999.999 3678
MKN 2023 11 16 01 00 00 235 1.3 97.7 -99.9 -999.9 4.95 -99.9 -99.9 -99.9 -9999.9 -9999.9 -0.0621999986 37.2971992493 -999.999 3678
MKN 2023 11 16 02 00 00 153 2 94.27 -99.9 -999.9 5.3 -99.9 -99.9 -99.9 -9999.9 -9999.9 -0.0621999986 37.2971992493 -999.999 3678
MKN 2023 11 16 03 00 00 130 3.5 90.55 -99.9 -999.9 6.17 -99.9 -99.9 -99.9 -9999.9 -9999.9 -0.0621999986 37.2971992493 -999.999 3678
MKN 2023 11 16 04 00 00 134 4.9 84.32 -99.9 -999.9 8.42 -99.9 -99.9 -99.9 -9999.9 -9999.9 -0.0621999986 37.2971992493 -999.999 3678
MKN 2023 11 16 05 00 00 137 7.4 72.48 -99.9 -999.9 10.87 -99.9 -99.9 -99.9 -9999.9 -9999.9 -0.0621999986 37.2971992493 -999.999 3678
MKN 2023 11 16 06 00 00 134 7.7 68.53 -99.9 -999.9 12.13 -99.9 -99.9 -99.9 -9999.9 -9999.9 -0.0621999986 37.2971992493 -999.999 3678
MKN 2023 11 16 07 00 00 125 6.4 68.83 -99.9 -999.9 12.33 -99.9 -99.9 -99.9 -9999.9 -9999.9 -0.0621999986 37.2971992493 -999.999 3678
MKN 2023 11 16 08 00 00 110 6.2 88.15 -99.9 -999.9 11.28 -99.9 -99.9 -99.9 -9999.9 -9999.9 -0.0621999986 37.2971992493 -999.999 3678
MKN 2023 11 16 09 00 00 278 2.4 99.35 -99.9 -999.9 9.93 -99.9 -99.9 -99.9 -9999.9 -9999.9 -0.0621999986 37.2971992493 -999.999 3678
MKN 2023 11 16 10 00 00 352 3.7 99.28 -99.9 -999.9 9.9 -99.9 -99.9 -99.9 -9999.9 -9999.9 -0.0621999986 37.2971992493 -999.999 3678
MKN 2023 11 16 11 00 00 10 3.2 99.23 -99.9 -999.9 10.05 -99.9 -99.9 -99.9 -9999.9 -9999.9 -0.0621999986 37.2971992493 -999.999 3678
MKN 2023 11 16 12 00 00 331 2.4 99.3 -99.9 -999.9 9.22 -99.9 -99.9 -99.9 -9999.9 -9999.9 -0.0621999986 37.2971992493 -999.999 3678
MKN 2023 11 16 13 00 00 5 2.7 99.3 -99.9 -999.9 9.12 -99.9 -99.9 -99.9 -9999.9 -9999.9 -0.0621999986 37.2971992493 -999.999 3678
MKN 2023 11 16 14 00 00 23 2.9 95.05 -99.9 -999.9 8.38 -99.9 -99.9 -99.9 -9999.9 -9999.9 -0.0621999986 37.2971992493 -999.999 3678
MKN 2023 11 16 15 00 00 127 2.7 70.67 -99.9 -999.9 7.38 -99.9 -99.9 -99.9 -9999.9 -9999.9 -0.0621999986 37.2971992493 -999.999 3678
MKN 2023 11 16 16 00 00 147 5.6 61.57 -99.9 -999.9 7.5 -99.9 -99.9 -99.9 -9999.9 -9999.9 -0.0621999986 37.2971992493 -999.999 3678
MKN 2023 11 16 17 00 00 145 7.6 53.78 -99.9 -999.9 7.52 -99.9 -99.9 -99.9 -9999.9 -9999.9 -0.0621999986 37.2971992493 -999.999 3678
MKN 2023 11 16 18 00 00 143 9.8 54.32 -99.9 -999.9 7.63 -99.9 -99.9 -99.9 -9999.9 -9999.9 -0.0621999986 37.2971992493 -999.999 3678
MKN 2023 11 16 19 00 00 137 9.6 55.68 -99.9 -999.9 7.7 -99.9 -99.9 -99.9 -9999.9 -9999.9 -0.0621999986 37.2971992493 -999.999 3678
MKN 2023 11 16 20 00 00 138 9.6 56.38 -99.9 -999.9 7.68 -99.9 -99.9 -99.9 -9999.9 -9999.9 -0.0621999986 37.2971992493 -999.999 3678
MKN 2023 11 16 21 00 00 138 9.1 58.18 -99.9 -999.9 7.85 -99.9 -99.9 -99.9 -9999.9 -9999.9 -0.0621999986 37.2971992493 -999.999 3678
MKN 2023 11 16 22 00 00 135 8.8 61.02 -99.9 -999.9 7.53 -99.9 -99.9 -99.9 -9999.9 -9999.9 -0.0621999986 37.2971992493 -999.999 3678
MKN 2023 11 16 23 00 00 126 8.7 66.47 -99.9 -999.9 7.23 -99.9 -99.9 -99.9 -9999.9 -9999.9 -0.0621999986 37.2971992493 -999.999 3678
MKN 2023 11 17 00 00 00 126 8 77.37 -99.9 -999.9 6.93 -99.9 -99.9 -99.9 -9999.9 -9999.9 -0.0621999986 37.2971992493 -999.999 3678
MKN 2023 11 17 01 00 00 138 8 83.73 -99.9 -999.9 6.75 -99.9 -99.9 -99.9 -9999.9 -9999.9 -0.0621999986 37.2971992493 -999.999 3678
MKN 2023 11 17 02 00 00 147 9.1 74.73 -99.9 -999.9 7.63 -99.9 -99.9 -99.9 -9999.9 -9999.9 -0.0621999986 37.2971992493 -999.999 3678
MKN 2023 11 17 03 00 00 138 10.3 77.68 -99.9 -999.9 6.9 -99.9 -99.9 -99.9 -9999.9 -9999.9 -0.0621999986 37.2971992493 -999.999 3678
MKN 2023 11 17 04 00 00 136 10.4 76.17 -99.9 -999.9 7.58 -99.9 -99.9 -99.9 -9999.9 -9999.9 -0.0621999986 37.2971992493 -999.999 3678
MKN 2023 11 17 05 00 00 137 9.7 71.9 -99.9 -999.9 9.18 -99.9 -99.9 -99.9 -9999.9 -9999.9 -0.0621999986 37.2971992493 -999.999 3678
MKN 2023 11 17 06 00 00 127 9 70.07 -99.9 -999.9 10.47 -99.9 -99.9 -99.9 -9999.9 -9999.9 -0.0621999986 37.2971992493 -999.999 3678
MKN 2023 11 17 07 00 00 120 10.2 66.92 -99.9 -999.9 11.6 -99.9 -99.9 -99.9 -9999.9 -9999.9 -0.0621999986 37.2971992493 -999.999 3678
MKN 2023 11 17 08 00 00 125 9.6 61.42 -99.9 -999.9 12.92 -99.9 -99.9 -99.9 -9999.9 -9999.9 -0.0621999986 37.2971992493 -999.999 3678
MKN 2023 11 17 09 00 00 126 9.2 55.72 -99.9 -999.9 13.13 -99.9 -99.9 -99.9 -9999.9 -9999.9 -0.0621999986 37.2971992493 -999.999 3678
MKN 2023 11 17 10 00 00 115 8.8 55.98 -99.9 -999.9 13.02 -99.9 -99.9 -99.9 -9999.9 -9999.9 -0.0621999986 37.2971992493 -999.999 3678
MKN 2023 11 17 11 00 00 116 9.2 49.67 -99.9 -999.9 13.18 -99.9 -99.9 -99.9 -9999.9 -9999.9 -0.0621999986 37.2971992493 -999.999 3678
MKN 2023 11 17 12 00 00 101 7 54.5 -99.9 -999.9 12.55 -99.9 -99.9 -99.9 -9999.9 -9999.9 -0.0621999986 37.2971992493 -999.999 3678
MKN 2023 11 17 13 00 00 108 4.6 55.53 -99.9 -999.9 12.15 -99.9 -99.9 -99.9 -9999.9 -9999.9 -0.0621999986 37.2971992493 -999.999 3678
MKN 2023 11 17 14 00 00 92 5 63.45 -99.9 -999.9 9.97 -99.9 -99.9 -99.9 -9999.9 -9999.9 -0.0621999986 37.2971992493 -999.999 3678
MKN 2023 11 17 15 00 00 124 6.3 64.23 -99.9 -999.9 7.95 -99.9 -99.9 -99.9 -9999.9 -9999.9 -0.0621999986 37.2971992493 -999.999 3678
MKN 2023 11 17 16 00 00 146 9.1 60.78 -99.9 -999.9 7.75 -99.9 -99.9 -99.9 -9999.9 -9999.9 -0.0621999986 37.2971992493 -999.999 3678
MKN 2023 11 17 17 00 00 138 9.5 57.52 -99.9 -999.9 7.4 -99.9 -99.9 -99.9 -9999.9 -9999.9 -0.0621999986 37.2971992493 -999.999 3678
MKN 2023 11 17 18 00 00 141 11.5 58.02 -99.9 -999.9 7 -99.9 -99.9 -99.9 -9999.9 -9999.9 -0.0621999986 37.2971992493 -999.999 3678
MKN 2023 11 17 19 00 00 146 9.5 61.12 -99.9 -999.9 6.78 -99.9 -99.9 -99.9 -9999.9 -9999.9 -0.0621999986 37.2971992493 -999.999 3678
MKN 2023 11 17 20 00 00 150 9.9 62.98 -99.9 -999.9 7.05 -99.9 -99.9 -99.9 -9999.9 -9999.9 -0.0621999986 37.2971992493 -999.999 3678
MKN 2023 11 17 21 00 00 139 8.8 65.13 -99.9 -999.9 7.92 -99.9 -99.9 -99.9 -9999.9 -9999.9 -0.0621999986 37.2971992493 -999.999 3678
MKN 2023 11 17 22 00 00 141 10.2 91.52 -99.9 -999.9 7 -99.9 -99.9 -99.9 -9999.9 -9999.9 -0.0621999986 37.2971992493 -999.999 3678
MKN 2023 11 17 23 00 00 138 8.2 98.78 -99.9 -999.9 6.5 -99.9 -99.9 -99.9 -9999.9 -9999.9 -0.0621999986 37.2971992493 -999.999 3678
MKN 2023 11 18 00 00 00 191 1.3 95.75 -99.9 -999.9 6.77 -99.9 -99.9 -99.9 -9999.9 -9999.9 -0.0621999986 37.2971992493 -999.999 3678
MKN 2023 11 18 01 00 00 156 6.4 87.95 -99.9 -999.9 6.58 -99.9 -99.9 -99.9 -9999.9 -9999.9 -0.0621999986 37.2971992493 -999.999 3678
MKN 2023 11 18 02 00 00 152 10.6 88.48 -99.9 -999.9 7.02 -99.9 -99.9 -99.9 -9999.9 -9999.9 -0.0621999986 37.2971992493 -999.999 3678
MKN 2023 11 18 03 00 00 148 9 93.68 -99.9 -999.9 7.32 -99.9 -99.9 -99.9 -9999.9 -9999.9 -0.0621999986 37.2971992493 -999.999 3678
MKN 2023 11 18 04 00 00 141 8.3 87.1 -99.9 -999.9 7.08 -99.9 -99.9 -99.9 -9999.9 -9999.9 -0.0621999986 37.2971992493 -999.999 3678
MKN 2023 11 18 05 00 00 136 8.5 72.67 -99.9 -999.9 9.2 -99.9 -99.9 -99.9 -9999.9 -9999.9 -0.0621999986 37.2971992493 -999.999 3678
MKN 2023 11 18 06 00 00 136 11 63.07 -99.9 -999.9 10.9 -99.9 -99.9 -99.9 -9999.9 -9999.9 -0.0621999986 37.2971992493 -999.999 3678
MKN 2023 11 18 07 00 00 132 10.8 65.62 -99.9 -999.9 11.32 -99.9 -99.9 -99.9 -9999.9 -9999.9 -0.0621999986 37.2971992493 -999.999 3678
MKN 2023 11 18 08 00 00 122 8.8 70.1 -99.9 -999.9 11.02 -99.9 -99.9 -99.9 -9999.9 -9999.9 -0.0621999986 37.2971992493 -999.999 3678
MKN 2023 11 18 09 00 00 123 10 65.68 -99.9 -999.9 12.07 -99.9 -99.9 -99.9 -9999.9 -9999.9 -0.0621999986 37.2971992493 -999.999 3678
MKN 2023 11 18 10 00 00 114 10.2 62.28 -99.9 -999.9 12.78 -99.9 -99.9 -99.9 -9999.9 -9999.9 -0.0621999986 37.2971992493 -999.999 3678
MKN 2023 11 18 11 00 00 115 8.8 62.13 -99.9 -999.9 12.75 -99.9 -99.9 -99.9 -9999.9 -9999.9 -0.0621999986 37.2971992493 -999.999 3678
MKN 2023 11 18 12 00 00 93 8.6 61.75 -99.9 -999.9 12.48 -99.9 -99.9 -99.9 -9999.9 -9999.9 -0.0621999986 37.2971992493 -999.999 3678
MKN 2023 11 18 13 00 00 101 5.3 61.63 -99.9 -999.9 12.32 -99.9 -99.9 -99.9 -9999.9 -9999.9 -0.0621999986 37.2971992493 -999.999 3678
MKN 2023 11 18 14 00 00 98 5.3 75.38 -99.9 -999.9 10.63 -99.9 -99.9 -99.9 -9999.9 -9999.9 -0.0621999986 37.2971992493 -999.999 3678
MKN 2023 11 18 15 00 00 87 3.1 94.45 -99.9 -999.9 8.2 -99.9 -99.9 -99.9 -9999.9 -9999.9 -0.0621999986 37.2971992493 -999.999 3678
MKN 2023 11 18 16 00 00 137 2.6 94.63 -99.9 -999.9 7.55 -99.9 -99.9 -99.9 -9999.9 -9999.9 -0.0621999986 37.2971992493 -999.999 3678
MKN 2023 11 18 17 00 00 166 3.7 78.87 -99.9 -999.9 7.78 -99.9 -99.9 -99.9 -9999.9 -9999.9 -0.0621999986 37.2971992493 -999.999 3678
MKN 2023 11 18 18 00 00 146 6.3 81.45 -99.9 -999.9 7.67 -99.9 -99.9 -99.9 -9999.9 -9999.9 -0.0621999986 37.2971992493 -999.999 3678
MKN 2023 11 18 19 00 00 152 9.5 86.17 -99.9 -999.9 7.77 -99.9 -99.9 -99.9 -9999.9 -9999.9 -0.0621999986 37.2971992493 -999.999 3678
MKN 2023 11 18 20 00 00 175 4.1 88.7 -99.9 -999.9 7.53 -99.9 -99.9 -99.9 -9999.9 -9999.9 -0.0621999986 37.2971992493 -999.999 3678
MKN 2023 11 18 21 00 00 178 5.6 99.1 -99.9 -999.9 7.12 -99.9 -99.9 -99.9 -9999.9 -9999.9 -0.0621999986 37.2971992493 -999.999 3678
MKN 2023 11 18 22 00 00 174 2.8 99.35 -99.9 -999.9 6.97 -99.9 -99.9 -99.9 -9999.9 -9999.9 -0.0621999986 37.2971992493 -999.999 3678
MKN 2023 11 18 23 00 00 219 2.4 99.3 -99.9 -999.9 6.9 -99.9 -99.9 -99.9 -9999.9 -9999.9 -0.0621999986 37.2971992493 -999.999 3678
MKN 2023 11 19 00 00 00 205 2.2 98.48 -99.9 -999.9 7.38 -99.9 -99.9 -99.9 -9999.9 -9999.9 -0.0621999986 37.2971992493 -999.999 3678
MKN 2023 11 19 01 00 00 148 6.4 97.72 -99.9 -999.9 7.03 -99.9 -99.9 -99.9 -9999.9 -9999.9 -0.0621999986 37.2971992493 -999.999 3678
MKN 2023 11 19 02 00 00 146 10.3 96.08 -99.9 -999.9 6.82 -99.9 -99.9 -99.9 -9999.9 -9999.9 -0.0621999986 37.2971992493 -999.999 3678
MKN 2023 11 19 03 00 00 141 9.6 97.15 -99.9 -999.9 6.92 -99.9 -99.9 -99.9 -9999.9 -9999.9 -0.0621999986 37.2971992493 -999.999 3678
MKN 2023 11 19 04 00 00 139 9.4 87.9 -99.9 -999.9 8.83 -99.9 -99.9 -99.9 -9999.9 -9999.9 -0.0621999986 37.2971992493 -999.999 3678
MKN 2023 11 19 05 00 00 149 6.4 77.02 -99.9 -999.9 11.02 -99.9 -99.9 -99.9 -9999.9 -9999.9 -0.0621999986 37.2971992493 -999.999 3678
MKN 2023 11 19 06 00 00 156 7.1 87.13 -99.9 -999.9 10.87 -99.9 -99.9 -99.9 -9999.9 -9999.9 -0.0621999986 37.2971992493 -999.999 3678
MKN 2023 11 19 07 00 00 0 3.2 87.3 -99.9 -999.9 11.32 -99.9 -99.9 -99.9 -9999.9 -9999.9 -0.0621999986 37.2971992493 -999.999 3678
MKN 2023 11 19 08 00 00 139 5.1 80.1 -99.9 -999.9 11.62 -99.9 -99.9 -99.9 -9999.9 -9999.9 -0.0621999986 37.2971992493 -999.999 3678
MKN 2023 11 19 09 00 00 141 7.9 82.23 -99.9 -999.9 11.47 -99.9 -99.9 -99.9 -9999.9 -9999.9 -0.0621999986 37.2971992493 -999.999 3678
MKN 2023 11 19 10 00 00 145 9.6 87.32 -99.9 -999.9 10.62 -99.9 -99.9 -99.9 -9999.9 -9999.9 -0.0621999986 37.2971992493 -999.999 3678
MKN 2023 11 19 11 00 00 165 5.4 80.82 -99.9 -999.9 11.65 -99.9 -99.9 -99.9 -9999.9 -9999.9 -0.0621999986 37.2971992493 -999.999 3678
MKN 2023 11 19 12 00 00 135 3.7 99.37 -99.9 -999.9 9.43 -99.9 -99.9 -99.9 -9999.9 -9999.9 -0.0621999986 37.2971992493 -999.999 3678
MKN 2023 11 19 13 00 00 295 3 99.4 -99.9 -999.9 9.02 -99.9 -99.9 -99.9 -9999.9 -9999.9 -0.0621999986 37.2971992493 -999.999 3678
MKN 2023 11 19 14 00 00 272 2.5 99.4 -99.9 -999.9 8.8 -99.9 -99.9 -99.9 -9999.9 -9999.9 -0.0621999986 37.2971992493 -999.999 3678
MKN 2023 11 19 15 00 00 355 1.9 99.37 -99.9 -999.9 6.9 -99.9 -99.9 -99.9 -9999.9 -9999.9 -0.0621999986 37.2971992493 -999.999 3678
MKN 2023 11 19 16 00 00 -99.9 2.8 97.85 -99.9 -999.9 7.05 -99.9 -99.9 -99.9 -9999.9 -9999.9 -0.0621999986 37.2971992493 -999.999 3678
MKN 2023 11 19 17 00 00 -99.9 4.5 99.07 -99.9 -999.9 7.4 -99.9 -99.9 -99.9 -9999.9 -9999.9 -0.0621999986 37.2971992493 -999.999 3678
MKN 2023 11 19 18 00 00 149 6.3 99 -99.9 -999.9 7.55 -99.9 -99.9 -99.9 -9999.9 -9999.9 -0.0621999986 37.2971992493 -999.999 3678
MKN 2023 11 19 19 00 00 140 7.7 99.15 -99.9 -999.9 7.43 -99.9 -99.9 -99.9 -9999.9 -9999.9 -0.0621999986 37.2971992493 -999.999 3678
MKN 2023 11 19 20 00 00 180 1.9 99.3 -99.9 -999.9 7.35 -99.9 -99.9 -99.9 -9999.9 -9999.9 -0.0621999986 37.2971992493 -999.999 3678
MKN 2023 11 19 21 00 00 151 2.9 98.85 -99.9 -999.9 7.23 -99.9 -99.9 -99.9 -9999.9 -9999.9 -0.0621999986 37.2971992493 -999.999 3678
MKN 2023 11 19 22 00 00 141 6.7 99.05 -99.9 -999.9 7.17 -99.9 -99.9 -99.9 -9999.9 -9999.9 -0.0621999986 37.2971992493 -999.999 3678
MKN 2023 11 19 23 00 00 137 5.5 98.9 -99.9 -999.9 7.02 -99.9 -99.9 -99.9 -9999.9 -9999.9 -0.0621999986 37.2971992493 -999.999 3678
MKN 2023 11 20 00 00 00 138 8.3 97.78 -99.9 -999.9 6.95 -99.9 -99.9 -99.9 -9999.9 -9999.9 -0.0621999986 37.2971992493 -999.999 3678
MKN 2023 11 20 01 00 00 148 8.7 92.73 -99.9 -999.9 7.32 -99.9 -99.9 -99.9 -9999.9 -9999.9 -0.0621999986 37.2971992493 -999.999 3678
MKN 2023 11 20 02 00 00 139 7.9 91.55 -99.9 -999.9 7.2 -99.9 -99.9 -99.9 -9999.9 -9999.9 -0.0621999986 37.2971992493 -999.999 3678
MKN 2023 11 20 03 00 00 142 5.3 89.77 -99.9 -999.9 7.78 -99.9 -99.9 -99.9 -9999.9 -9999.9 -0.0621999986 37.2971992493 -999.999 3678
MKN 2023 11 20 04 00 00 147 5 87.97 -99.9 -999.9 8.92 -99.9 -99.9 -99.9 -9999.9 -9999.9 -0.0621999986 37.2971992493 -999.999 3678
MKN 2023 11 20 05 00 00 153 3.7 80.98 -99.9 -999.9 10.33 -99.9 -99.9 -99.9 -9999.9 -9999.9 -0.0621999986 37.2971992493 -999.999 3678
MKN 2023 11 20 06 00 00 126 6 79.47 -99.9 -999.9 11.02 -99.9 -99.9 -99.9 -9999.9 -9999.9 -0.0621999986 37.2971992493 -999.999 3678
MKN 2023 11 20 07 00 00 110 5.5 85.82 -99.9 -999.9 10.93 -99.9 -99.9 -99.9 -9999.9 -9999.9 -0.0621999986 37.2971992493 -999.999 3678
MKN 2023 11 20 08 00 00 59 3.7 99.37 -99.9 -999.9 9.03 -99.9 -99.9 -99.9 -9999.9 -9999.9 -0.0621999986 37.2971992493 -999.999 3678
MKN 2023 11 20 09 00 00 0 3.7 99.4 -99.9 -999.9 9.13 -99.9 -99.9 -99.9 -9999.9 -9999.9 -0.0621999986 37.2971992493 -999.999 3678
MKN 2023 11 20 10 00 00 328 3 99.4 -99.9 -999.9 9.5 -99.9 -99.9 -99.9 -9999.9 -9999.9 -0.0621999986 37.2971992493 -999.999 3678
MKN 2023 11 20 11 00 00 16 3.3 99.4 -99.9 -999.9 9.33 -99.9 -99.9 -99.9 -9999.9 -9999.9 -0.0621999986 37.2971992493 -999.999 3678
MKN 2023 11 20 12 00 00 12 3.2 99.4 -99.9 -999.9 9.68 -99.9 -99.9 -99.9 -9999.9 -9999.9 -0.0621999986 37.2971992493 -999.999 3678
MKN 2023 11 20 13 00 00 15 3.2 99.4 -99.9 -999.9 8.85 -99.9 -99.9 -99.9 -9999.9 -9999.9 -0.0621999986 37.2971992493 -999.999 3678
MKN 2023 11 20 14 00 00 56 3.1 99.38 -99.9 -999.9 8.5 -99.9 -99.9 -99.9 -9999.9 -9999.9 -0.0621999986 37.2971992493 -999.999 3678
MKN 2023 11 20 15 00 00 294 2.6 99.4 -99.9 -999.9 7.37 -99.9 -99.9 -99.9 -9999.9 -9999.9 -0.0621999986 37.2971992493 -999.999 3678
MKN 2023 11 20 16 00 00 225 1.6 99.4 -99.9 -999.9 7.18 -99.9 -99.9 -99.9 -9999.9 -9999.9 -0.0621999986 37.2971992493 -999.999 3678
MKN 2023 11 20 17 00 00 267 2.3 99.4 -99.9 -999.9 7.17 -99.9 -99.9 -99.9 -9999.9 -9999.9 -0.0621999986 37.2971992493 -999.999 3678
MKN 2023 11 20 18 00 00 235 1.3 99.37 -99.9 -999.9 6.85 -99.9 -99.9 -99.9 -9999.9 -9999.9 -0.0621999986 37.2971992493 -999.999 3678
MKN 2023 11 20 19 00 00 210 2 92.93 -99.9 -999.9 6.98 -99.9 -99.9 -99.9 -9999.9 -9999.9 -0.0621999986 37.2971992493 -999.999 3678
MKN 2023 11 20 20 00 00 163 4.2 97.33 -99.9 -999.9 7.52 -99.9 -99.9 -99.9 -9999.9 -9999.9 -0.0621999986 37.2971992493 -999.999 3678
MKN 2023 11 20 21 00 00 215 1.7 99.37 -99.9 -999.9 7.2 -99.9 -99.9 -99.9 -9999.9 -9999.9 -0.0621999986 37.2971992493 -999.999 3678
MKN 2023 11 20 22 00 00 135 1.6 99.3 -99.9 -999.9 7.32 -99.9 -99.9 -99.9 -9999.9 -9999.9 -0.0621999986 37.2971992493 -999.999 3678
MKN 2023 11 20 23 00 00 120 5.3 99.3 -99.9 -999.9 7.13 -99.9 -99.9 -99.9 -9999.9 -9999.9 -0.0621999986 37.2971992493 -999.999 3678
MKN 2023 11 21 00 00 00 204 2.9 99.35 -99.9 -999.9 6.95 -99.9 -99.9 -99.9 -9999.9 -9999.9 -0.0621999986 37.2971992493 -999.999 3678
MKN 2023 11 21 01 00 00 183 2.3 99.4 -99.9 -999.9 7.1 -99.9 -99.9 -99.9 -9999.9 -9999.9 -0.0621999986 37.2971992493 -999.999 3678
MKN 2023 11 21 02 00 00 236 0.8 99.4 -99.9 -999.9 7 -99.9 -99.9 -99.9 -9999.9 -9999.9 -0.0621999986 37.2971992493 -999.999 3678
MKN 2023 11 21 03 00 00 0 0.8 99.4 -99.9 -999.9 7.07 -99.9 -99.9 -99.9 -9999.9 -9999.9 -0.0621999986 37.2971992493 -999.999 3678
MKN 2023 11 21 04 00 00 288 1.4 99.4 -99.9 -999.9 7.33 -99.9 -99.9 -99.9 -9999.9 -9999.9 -0.0621999986 37.2971992493 -999.999 3678
MKN 2023 11 21 05 00 00 348 1.7 99.4 -99.9 -999.9 7.93 -99.9 -99.9 -99.9 -9999.9 -9999.9 -0.0621999986 37.2971992493 -999.999 3678
MKN 2023 11 21 06 00 00 0 2.1 97.9 -99.9 -999.9 9.53 -99.9 -99.9 -99.9 -9999.9 -9999.9 -0.0621999986 37.2971992493 -999.999 3678
MKN 2023 11 21 07 00 00 114 5.3 84.28 -99.9 -999.9 11.5 -99.9 -99.9 -99.9 -9999.9 -9999.9 -0.0621999986 37.2971992493 -999.999 3678
MKN 2023 11 21 08 00 00 122 3.8 94.6 -99.9 -999.9 10.43 -99.9 -99.9 -99.9 -9999.9 -9999.9 -0.0621999986 37.2971992493 -999.999 3678
MKN 2023 11 21 09 00 00 337 2.4 82.48 -99.9 -999.9 11.67 -99.9 -99.9 -99.9 -9999.9 -9999.9 -0.0621999986 37.2971992493 -999.999 3678
MKN 2023 11 21 10 00 00 110 5.9 66.5 -99.9 -999.9 13.08 -99.9 -99.9 -99.9 -9999.9 -9999.9 -0.0621999986 37.2971992493 -999.999 3678
MKN 2023 11 21 11 00 00 111 7.5 67.25 -99.9 -999.9 12.68 -99.9 -99.9 -99.9 -9999.9 -9999.9 -0.0621999986 37.2971992493 -999.999 3678
MKN 2023 11 21 12 00 00 98 7.1 66.92 -99.9 -999.9 12.25 -99.9 -99.9 -99.9 -9999.9 -9999.9 -0.0621999986 37.2971992493 -999.999 3678
MKN 2023 11 21 13 00 00 126 5.3 67.47 -99.9 -999.9 11.83 -99.9 -99.9 -99.9 -9999.9 -9999.9 -0.0621999986 37.2971992493 -999.999 3678
MKN 2023 11 21 14 00 00 111 3.8 62.33 -99.9 -999.9 11.08 -99.9 -99.9 -99.9 -9999.9 -9999.9 -0.0621999986 37.2971992493 -999.999 3678
MKN 2023 11 21 15 00 00 137 4.3 87.55 -99.9 -999.9 8.17 -99.9 -99.9 -99.9 -9999.9 -9999.9 -0.0621999986 37.2971992493 -999.999 3678
MKN 2023 11 21 16 00 00 213 2.1 87.4 -99.9 -999.9 7.72 -99.9 -99.9 -99.9 -9999.9 -9999.9 -0.0621999986 37.2971992493 -999.999 3678
MKN 2023 11 21 17 00 00 153 6.3 91.63 -99.9 -999.9 7.63 -99.9 -99.9 -99.9 -9999.9 -9999.9 -0.0621999986 37.2971992493 -999.999 3678
MKN 2023 11 21 18 00 00 185 3.3 97.05 -99.9 -999.9 7.28 -99.9 -99.9 -99.9 -9999.9 -9999.9 -0.0621999986 37.2971992493 -999.999 3678
MKN 2023 11 21 19 00 00 229 1.9 96.3 -99.9 -999.9 7.22 -99.9 -99.9 -99.9 -9999.9 -9999.9 -0.0621999986 37.2971992493 -999.999 3678
MKN 2023 11 21 20 00 00 152 3.6 89.02 -99.9 -999.9 7.25 -99.9 -99.9 -99.9 -9999.9 -9999.9 -0.0621999986 37.2971992493 -999.999 3678
MKN 2023 11 21 21 00 00 143 10.1 94.2 -99.9 -999.9 7.05 -99.9 -99.9 -99.9 -9999.9 -9999.9 -0.0621999986 37.2971992493 -999.999 3678
MKN 2023 11 21 22 00 00 169 3.4 96.28 -99.9 -999.9 6.53 -99.9 -99.9 -99.9 -9999.9 -9999.9 -0.0621999986 37.2971992493 -999.999 3678
MKN 2023 11 21 23 00 00 -99.9 6.2 96.05 -99.9 -999.9 5.48 -99.9 -99.9 -99.9 -9999.9 -9999.9 -0.0621999986 37.2971992493 -999.999 3678
MKN 2023 11 22 00 00 00 -99.9 8.5 98.38 -99.9 -999.9 5.67 -99.9 -99.9 -99.9 -9999.9 -9999.9 -0.0621999986 37.2971992493 -999.999 3678
MKN 2023 11 22 01 00 00 125 10 99 -99.9 -999.9 5.92 -99.9 -99.9 -99.9 -9999.9 -9999.9 -0.0621999986 37.2971992493 -999.999 3678
MKN 2023 11 22 02 00 00 130 8 99.2 -99.9 -999.9 6.27 -99.9 -99.9 -99.9 -9999.9 -9999.9 -0.0621999986 37.2971992493 -999.999 3678
MKN 2023 11 22 03 00 00 122 3.7 99.25 -99.9 -999.9 6.38 -99.9 -99.9 -99.9 -9999.9 -9999.9 -0.0621999986 37.2971992493 -999.999 3678
MKN 2023 11 22 04 00 00 114 7.2 99.3 -99.9 -999.9 6.75 -99.9 -99.9 -99.9 -9999.9 -9999.9 -0.0621999986 37.2971992493 -999.999 3678
MKN 2023 11 22 05 00 00 107 7.4 99.28 -99.9 -999.9 7.72 -99.9 -99.9 -99.9 -9999.9 -9999.9 -0.0621999986 37.2971992493 -999.999 3678
MKN 2023 11 22 06 00 00 104 8.9 95.28 -99.9 -999.9 8.47 -99.9 -99.9 -99.9 -9999.9 -9999.9 -0.0621999986 37.2971992493 -999.999 3678
MKN 2023 11 22 07 00 00 109 9.8 90.7 -99.9 -999.9 9.42 -99.9 -99.9 -99.9 -9999.9 -9999.9 -0.0621999986 37.2971992493 -999.999 3678
MKN 2023 11 22 08 00 00 106 8.8 98.33 -99.9 -999.9 9 -99.9 -99.9 -99.9 -9999.9 -9999.9 -0.0621999986 37.2971992493 -999.999 3678
MKN 2023 11 22 09 00 00 101 9.1 99.28 -99.9 -999.9 8.35 -99.9 -99.9 -99.9 -9999.9 -9999.9 -0.0621999986 37.2971992493 -999.999 3678
MKN 2023 11 22 10 00 00 107 8 96.05 -99.9 -999.9 9.47 -99.9 -99.9 -99.9 -9999.9 -9999.9 -0.0621999986 37.2971992493 -999.999 3678
MKN 2023 11 22 11 00 00 117 8.9 77.67 -99.9 -999.9 11.95 -99.9 -99.9 -99.9 -9999.9 -9999.9 -0.0621999986 37.2971992493 -999.999 3678
MKN 2023 11 22 12 00 00 135 4.4 84.13 -99.9 -999.9 10.9 -99.9 -99.9 -99.9 -9999.9 -9999.9 -0.0621999986 37.2971992493 -999.999 3678
MKN 2023 11 22 13 00 00 125 3 84.97 -99.9 -999.9 10.17 -99.9 -99.9 -99.9 -9999.9 -9999.9 -0.0621999986 37.2971992493 -999.999 3678
MKN 2023 11 22 14 00 00 134 4.6 99 -99.9 -999.9 8.43 -99.9 -99.9 -99.9 -9999.9 -9999.9 -0.0621999986 37.2971992493 -999.999 3678
MKN 2023 11 22 15 00 00 117 5.6 96.23 -99.9 -999.9 7.12 -99.9 -99.9 -99.9 -9999.9 -9999.9 -0.0621999986 37.2971992493 -999.999 3678
MKN 2023 11 22 16 00 00 133 7.1 96.27 -99.9 -999.9 6.82 -99.9 -99.9 -99.9 -9999.9 -9999.9 -0.0621999986 37.2971992493 -999.999 3678
MKN 2023 11 22 17 00 00 123 8.1 98.82 -99.9 -999.9 6.68 -99.9 -99.9 -99.9 -9999.9 -9999.9 -0.0621999986 37.2971992493 -999.999 3678
MKN 2023 11 22 18 00 00 122 8.7 99.3 -99.9 -999.9 6.63 -99.9 -99.9 -99.9 -9999.9 -9999.9 -0.0621999986 37.2971992493 -999.999 3678
MKN 2023 11 22 19 00 00 117 9.1 99.07 -99.9 -999.9 6.02 -99.9 -99.9 -99.9 -9999.9 -9999.9 -0.0621999986 37.2971992493 -999.999 3678
MKN 2023 11 22 20 00 00 -99.9 1.9 99.18 -99.9 -999.9 5.88 -99.9 -99.9 -99.9 -9999.9 -9999.9 -0.0621999986 37.2971992493 -999.999 3678
MKN 2023 11 22 21 00 00 123 4 98.85 -99.9 -999.9 6.22 -99.9 -99.9 -99.9 -9999.9 -9999.9 -0.0621999986 37.2971992493 -999.999 3678
MKN 2023 11 22 22 00 00 133 5.8 99.27 -99.9 -999.9 6.43 -99.9 -99.9 -99.9 -9999.9 -9999.9 -0.0621999986 37.2971992493 -999.999 3678
MKN 2023 11 22 23 00 00 120 8.5 99.27 -99.9 -999.9 6.32 -99.9 -99.9 -99.9 -9999.9 -9999.9 -0.0621999986 37.2971992493 -999.999 3678
MKN 2023 11 23 00 00 00 108 11.7 99.3 -99.9 -999.9 6.23 -99.9 -99.9 -99.9 -9999.9 -9999.9 -0.0621999986 37.2971992493 -999.999 3678
MKN 2023 11 23 01 00 00 104 9.8 99.3 -99.9 -999.9 5.98 -99.9 -99.9 -99.9 -9999.9 -9999.9 -0.0621999986 37.2971992493 -999.999 3678
MKN 2023 11 23 02 00 00 113 12.8 99.3 -99.9 -999.9 5.87 -99.9 -99.9 -99.9 -9999.9 -9999.9 -0.0621999986 37.2971992493 -999.999 3678
MKN 2023 11 23 03 00 00 114 11 99.3 -99.9 -999.9 5.47 -99.9 -99.9 -99.9 -9999.9 -9999.9 -0.0621999986 37.2971992493 -999.999 3678
MKN 2023 11 23 04 00 00 124 12.1 99.3 -99.9 -999.9 6.13 -99.9 -99.9 -99.9 -9999.9 -9999.9 -0.0621999986 37.2971992493 -999.999 3678
MKN 2023 11 23 05 00 00 122 12 95.5 -99.9 -999.9 7.38 -99.9 -99.9 -99.9 -9999.9 -9999.9 -0.0621999986 37.2971992493 -999.999 3678
MKN 2023 11 23 06 00 00 120 13.9 98.1 -99.9 -999.9 7.77 -99.9 -99.9 -99.9 -9999.9 -9999.9 -0.0621999986 37.2971992493 -999.999 3678
MKN 2023 11 23 07 00 00 117 11.8 88.05 -99.9 -999.9 9.78 -99.9 -99.9 -99.9 -9999.9 -9999.9 -0.0621999986 37.2971992493 -999.999 3678
MKN 2023 11 23 08 00 00 119 9.9 91.9 -99.9 -999.9 10.7 -99.9 -99.9 -99.9 -9999.9 -9999.9 -0.0621999986 37.2971992493 -999.999 3678
MKN 2023 11 23 09 00 00 104 6.9 85.52 -99.9 -999.9 11.22 -99.9 -99.9 -99.9 -9999.9 -9999.9 -0.0621999986 37.2971992493 -999.999 3678
MKN 2023 11 23 10 00 00 102 5.5 80.13 -99.9 -999.9 11.38 -99.9 -99.9 -99.9 -9999.9 -9999.9 -0.0621999986 37.2971992493 -999.999 3678
MKN 2023 11 23 11 00 00 63 5 99.25 -99.9 -999.9 9.12 -99.9 -99.9 -99.9 -9999.9 -9999.9 -0.0621999986 37.2971992493 -999.999 3678
MKN 2023 11 23 12 00 00 328 3.2 99.4 -99.9 -999.9 8.38 -99.9 -99.9 -99.9 -9999.9 -9999.9 -0.0621999986 37.2971992493 -999.999 3678
MKN 2023 11 23 13 00 00 153 1.9 99.4 -99.9 -999.9 8.22 -99.9 -99.9 -99.9 -9999.9 -9999.9 -0.0621999986 37.2971992493 -999.999 3678
MKN 2023 11 23 14 00 00 86 3.2 99.4 -99.9 -999.9 8.2 -99.9 -99.9 -99.9 -9999.9 -9999.9 -0.0621999986 37.2971992493 -999.999 3678
MKN 2023 11 23 15 00 00 16 1.5 99.4 -99.9 -999.9 7.35 -99.9 -99.9 -99.9 -9999.9 -9999.9 -0.0621999986 37.2971992493 -999.999 3678
MKN 2023 11 23 16 00 00 157 1.6 99.35 -99.9 -999.9 7.42 -99.9 -99.9 -99.9 -9999.9 -9999.9 -0.0621999986 37.2971992493 -999.999 3678
MKN 2023 11 23 17 00 00 148 2 99.23 -99.9 -999.9 7.67 -99.9 -99.9 -99.9 -9999.9 -9999.9 -0.0621999986 37.2971992493 -999.999 3678
MKN 2023 11 23 18 00 00 135 3.5 99.25 -99.9 -999.9 7.37 -99.9 -99.9 -99.9 -9999.9 -9999.9 -0.0621999986 37.2971992493 -999.999 3678
MKN 2023 11 23 19 00 00 180 2.2 99.27 -99.9 -999.9 7.23 -99.9 -99.9 -99.9 -9999.9 -9999.9 -0.0621999986 37.2971992493 -999.999 3678
MKN 2023 11 23 20 00 00 132 7.8 99.23 -99.9 -999.9 7.08 -99.9 -99.9 -99.9 -9999.9 -9999.9 -0.0621999986 37.2971992493 -999.999 3678
MKN 2023 11 23 21 00 00 135 11 97.62 -99.9 -999.9 7.23 -99.9 -99.9 -99.9 -9999.9 -9999.9 -0.0621999986 37.2971992493 -999.999 3678
MKN 2023 11 23 22 00 00 349 3.9 99.38 -99.9 -999.9 6.77 -99.9 -99.9 -99.9 -9999.9 -9999.9 -0.0621999986 37.2971992493 -999.999 3678
MKN 2023 11 23 23 00 00 270 1.3 99.32 -99.9 -999.9 6.67 -99.9 -99.9 -99.9 -9999.9 -9999.9 -0.0621999986 37.2971992493 -999.999 3678
MKN 2023 11 24 00 00 00 163 4.5 96.02 -99.9 -999.9 7.07 -99.9 -99.9 -99.9 -9999.9 -9999.9 -0.0621999986 37.2971992493 -999.999 3678
MKN 2023 11 24 01 00 00 166 5.4 99.3 -99.9 -999.9 6.82 -99.9 -99.9 -99.9 -9999.9 -9999.9 -0.0621999986 37.2971992493 -999.999 3678
MKN 2023 11 24 02 00 00 216 1.1 99.37 -99.9 -999.9 6.72 -99.9 -99.9 -99.9 -9999.9 -9999.9 -0.0621999986 37.2971992493 -999.999 3678
MKN 2023 11 24 03 00 00 137 2.2 98.28 -99.9 -999.9 6.93 -99.9 -99.9 -99.9 -9999.9 -9999.9 -0.0621999986 37.2971992493 -999.999 3678
MKN 2023 11 24 04 00 00 146 6.3 94.97 -99.9 -999.9 7.15 -99.9 -99.9 -99.9 -9999.9 -9999.9 -0.0621999986 37.2971992493 -999.999 3678
MKN 2023 11 24 05 00 00 147 8.1 97.4 -99.9 -999.9 7.23 -99.9 -99.9 -99.9 -9999.9 -9999.9 -0.0621999986 37.2971992493 -999.999 3678
MKN 2023 11 24 06 00 00 193 2.4 98.02 -99.9 -999.9 6.87 -99.9 -99.9 -99.9 -9999.9 -9999.9 -0.0621999986 37.2971992493 -999.999 3678
MKN 2023 11 24 07 00 00 270 1.5 99.37 -99.9 -999.9 7.38 -99.9 -99.9 -99.9 -9999.9 -9999.9 -0.0621999986 37.2971992493 -999.999 3678
MKN 2023 11 24 08 00 00 273 2.1 99.33 -99.9 -999.9 7.05 -99.9 -99.9 -99.9 -9999.9 -9999.9 -0.0621999986 37.2971992493 -999.999 3678
MKN 2023 11 24 09 00 00 109 2.2 93.13 -99.9 -999.9 9.4 -99.9 -99.9 -99.9 -9999.9 -9999.9 -0.0621999986 37.2971992493 -999.999 3678
MKN 2023 11 24 10 00 00 105 5 99.33 -99.9 -999.9 8.35 -99.9 -99.9 -99.9 -9999.9 -9999.9 -0.0621999986 37.2971992493 -999.999 3678
MKN 2023 11 24 11 00 00 328 2.7 99.4 -99.9 -999.9 8.32 -99.9 -99.9 -99.9 -9999.9 -9999.9 -0.0621999986 37.2971992493 -999.999 3678
MKN 2023 11 24 12 00 00 296 3.2 99.4 -99.9 -999.9 7.97 -99.9 -99.9 -99.9 -9999.9 -9999.9 -0.0621999986 37.2971992493 -999.999 3678
MKN 2023 11 24 13 00 00 284 3.7 99.4 -99.9 -999.9 7.95 -99.9 -99.9 -99.9 -9999.9 -9999.9 -0.0621999986 37.2971992493 -999.999 3678
MKN 2023 11 24 14 00 00 281 2.6 99.4 -99.9 -999.9 8.02 -99.9 -99.9 -99.9 -9999.9 -9999.9 -0.0621999986 37.2971992493 -999.999 3678
MKN 2023 11 24 15 00 00 280 2.4 99.4 -99.9 -999.9 7.28 -99.9 -99.9 -99.9 -9999.9 -9999.9 -0.0621999986 37.2971992493 -999.999 3678
MKN 2023 11 24 16 00 00 176 2 99.4 -99.9 -999.9 6.1 -99.9 -99.9 -99.9 -9999.9 -9999.9 -0.0621999986 37.2971992493 -999.999 3678
MKN 2023 11 24 17 00 00 121 1.6 99.4 -99.9 -999.9 6.87 -99.9 -99.9 -99.9 -9999.9 -9999.9 -0.0621999986 37.2971992493 -999.999 3678
MKN 2023 11 24 18 00 00 72 1.1 99.4 -99.9 -999.9 6.8 -99.9 -99.9 -99.9 -9999.9 -9999.9 -0.0621999986 37.2971992493 -999.999 3678
MKN 2023 11 24 19 00 00 0 0.7 99.4 -99.9 -999.9 6.33 -99.9 -99.9 -99.9 -9999.9 -9999.9 -0.0621999986 37.2971992493 -999.999 3678
MKN 2023 11 24 20 00 00 243 1.3 99.4 -99.9 -999.9 5.72 -99.9 -99.9 -99.9 -9999.9 -9999.9 -0.0621999986 37.2971992493 -999.999 3678
MKN 2023 11 24 21 00 00 172 1.7 97.15 -99.9 -999.9 5.03 -99.9 -99.9 -99.9 -9999.9 -9999.9 -0.0621999986 37.2971992493 -999.999 3678
MKN 2023 11 24 22 00 00 165 3.2 90.63 -99.9 -999.9 5.53 -99.9 -99.9 -99.9 -9999.9 -9999.9 -0.0621999986 37.2971992493 -999.999 3678
MKN 2023 11 24 23 00 00 145 3.4 89.65 -99.9 -999.9 6.07 -99.9 -99.9 -99.9 -9999.9 -9999.9 -0.0621999986 37.2971992493 -999.999 3678
MKN 2023 11 25 00 00 00 150 3.9 93.27 -99.9 -999.9 5.88 -99.9 -99.9 -99.9 -9999.9 -9999.9 -0.0621999986 37.2971992493 -999.999 3678
MKN 2023 11 25 01 00 00 151 1.9 92.48 -99.9 -999.9 5.37 -99.9 -99.9 -99.9 -9999.9 -9999.9 -0.0621999986 37.2971992493 -999.999 3678
MKN 2023 11 25 02 00 00 155 2.9 89.33 -99.9 -999.9 6.58 -99.9 -99.9 -99.9 -9999.9 -9999.9 -0.0621999986 37.2971992493 -999.999 3678
MKN 2023 11 25 03 00 00 154 4.4 95.98 -99.9 -999.9 6.5 -99.9 -99.9 -99.9 -9999.9 -9999.9 -0.0621999986 37.2971992493 -999.999 3678
MKN 2023 11 25 04 00 00 125 3.6 95.67 -99.9 -999.9 7.72 -99.9 -99.9 -99.9 -9999.9 -9999.9 -0.0621999986 37.2971992493 -999.999 3678
MKN 2023 11 25 05 00 00 143 3.4 91.15 -99.9 -999.9 8.6 -99.9 -99.9 -99.9 -9999.9 -9999.9 -0.0621999986 37.2971992493 -999.999 3678
MKN 2023 11 25 06 00 00 108 4.2 98.65 -99.9 -999.9 8.48 -99.9 -99.9 -99.9 -9999.9 -9999.9 -0.0621999986 37.2971992493 -999.999 3678
MKN 2023 11 25 07 00 00 56 4.7 96.2 -99.9 -999.9 9.87 -99.9 -99.9 -99.9 -9999.9 -9999.9 -0.0621999986 37.2971992493 -999.999 3678
MKN 2023 11 25 08 00 00 43 4.3 98.47 -99.9 -999.9 8.75 -99.9 -99.9 -99.9 -9999.9 -9999.9 -0.0621999986 37.2971992493 -999.999 3678
MKN 2023 11 25 09 00 00 100 4.2 86 -99.9 -999.9 10.02 -99.9 -99.9 -99.9 -9999.9 -9999.9 -0.0621999986 37.2971992493 -999.999 3678
MKN 2023 11 25 10 00 00 96 5.1 86.7 -99.9 -999.9 10.27 -99.9 -99.9 -99.9 -9999.9 -9999.9 -0.0621999986 37.2971992493 -999.999 3678
MKN 2023 11 25 11 00 00 42 3.7 99.35 -99.9 -999.9 8.62 -99.9 -99.9 -99.9 -9999.9 -9999.9 -0.0621999986 37.2971992493 -999.999 3678
MKN 2023 11 25 12 00 00 293 4.2 99.4 -99.9 -999.9 7.98 -99.9 -99.9 -99.9 -9999.9 -9999.9 -0.0621999986 37.2971992493 -999.999 3678
MKN 2023 11 25 13 00 00 3 2.1 99.4 -99.9 -999.9 8.12 -99.9 -99.9 -99.9 -9999.9 -9999.9 -0.0621999986 37.2971992493 -999.999 3678
MKN 2023 11 25 14 00 00 358 3.1 99.4 -99.9 -999.9 7.73 -99.9 -99.9 -99.9 -9999.9 -9999.9 -0.0621999986 37.2971992493 -999.999 3678
MKN 2023 11 25 15 00 00 342 1.6 99.4 -99.9 -999.9 7.55 -99.9 -99.9 -99.9 -9999.9 -9999.9 -0.0621999986 37.2971992493 -999.999 3678
MKN 2023 11 25 16 00 00 283 1.6 99.4 -99.9 -999.9 6.73 -99.9 -99.9 -99.9 -9999.9 -9999.9 -0.0621999986 37.2971992493 -999.999 3678
MKN 2023 11 25 17 00 00 121 2.1 99.4 -99.9 -999.9 6.88 -99.9 -99.9 -99.9 -9999.9 -9999.9 -0.0621999986 37.2971992493 -999.999 3678
MKN 2023 11 25 18 00 00 116 3.1 99.4 -99.9 -999.9 7.1 -99.9 -99.9 -99.9 -9999.9 -9999.9 -0.0621999986 37.2971992493 -999.999 3678
MKN 2023 11 25 19 00 00 137 2.4 99.4 -99.9 -999.9 6.65 -99.9 -99.9 -99.9 -9999.9 -9999.9 -0.0621999986 37.2971992493 -999.999 3678
MKN 2023 11 25 20 00 00 125 5.7 99.28 -99.9 -999.9 6.82 -99.9 -99.9 -99.9 -9999.9 -9999.9 -0.0621999986 37.2971992493 -999.999 3678
MKN 2023 11 25 21 00 00 143 3.2 98.72 -99.9 -999.9 6.92 -99.9 -99.9 -99.9 -9999.9 -9999.9 -0.0621999986 37.2971992493 -999.999 3678
MKN 2023 11 25 22 00 00 142 5.2 96.78 -99.9 -999.9 7.07 -99.9 -99.9 -99.9 -9999.9 -9999.9 -0.0621999986 37.2971992493 -999.999 3678
MKN 2023 11 25 23 00 00 124 3 99.2 -99.9 -999.9 6.75 -99.9 -99.9 -99.9 -9999.9 -9999.9 -0.0621999986 37.2971992493 -999.999 3678
MKN 2023 11 26 00 00 00 122 6 95.32 -99.9 -999.9 6.7 -99.9 -99.9 -99.9 -9999.9 -9999.9 -0.0621999986 37.2971992493 -999.999 3678
MKN 2023 11 26 01 00 00 129 7.1 90.03 -99.9 -999.9 6.63 -99.9 -99.9 -99.9 -9999.9 -9999.9 -0.0621999986 37.2971992493 -999.999 3678
MKN 2023 11 26 02 00 00 123 6.4 91.37 -99.9 -999.9 6.42 -99.9 -99.9 -99.9 -9999.9 -9999.9 -0.0621999986 37.2971992493 -999.999 3678
MKN 2023 11 26 03 00 00 132 7.5 90.17 -99.9 -999.9 6.7 -99.9 -99.9 -99.9 -9999.9 -9999.9 -0.0621999986 37.2971992493 -999.999 3678
MKN 2023 11 26 04 00 00 132 8.1 82.4 -99.9 -999.9 8.82 -99.9 -99.9 -99.9 -9999.9 -9999.9 -0.0621999986 37.2971992493 -999.999 3678
MKN 2023 11 26 05 00 00 109 3.9 88.63 -99.9 -999.9 9.02 -99.9 -99.9 -99.9 -9999.9 -9999.9 -0.0621999986 37.2971992493 -999.999 3678
MKN 2023 11 26 06 00 00 84 5.9 73.8 -99.9 -999.9 10.95 -99.9 -99.9 -99.9 -9999.9 -9999.9 -0.0621999986 37.2971992493 -999.999 3678
MKN 2023 11 26 07 00 00 99 4.6 74.18 -99.9 -999.9 11.02 -99.9 -99.9 -99.9 -9999.9 -9999.9 -0.0621999986 37.2971992493 -999.999 3678
MKN 2023 11 26 08 00 00 98 7 71.03 -99.9 -999.9 11.15 -99.9 -99.9 -99.9 -9999.9 -9999.9 -0.0621999986 37.2971992493 -999.999 3678
MKN 2023 11 26 09 00 00 109 5.9 96.52 -99.9 -999.9 9.58 -99.9 -99.9 -99.9 -9999.9 -9999.9 -0.0621999986 37.2971992493 -999.999 3678
MKN 2023 11 26 10 00 00 264 3.2 97.27 -99.9 -999.9 8.93 -99.9 -99.9 -99.9 -9999.9 -9999.9 -0.0621999986 37.2971992493 -999.999 3678
MKN 2023 11 26 11 00 00 281 3.2 99.3 -99.9 -999.9 8.27 -99.9 -99.9 -99.9 -9999.9 -9999.9 -0.0621999986 37.2971992493 -999.999 3678
MKN 2023 11 26 12 00 00 293 2.3 97.22 -99.9 -999.9 8.82 -99.9 -99.9 -99.9 -9999.9 -9999.9 -0.0621999986 37.2971992493 -999.999 3678
MKN 2023 11 26 13 00 00 140 4.2 99.32 -99.9 -999.9 8.07 -99.9 -99.9 -99.9 -9999.9 -9999.9 -0.0621999986 37.2971992493 -999.999 3678
MKN 2023 11 26 14 00 00 265 1.7 99.33 -99.9 -999.9 8.03 -99.9 -99.9 -99.9 -9999.9 -9999.9 -0.0621999986 37.2971992493 -999.999 3678
MKN 2023 11 26 15 00 00 299 2.6 97.05 -99.9 -999.9 7.15 -99.9 -99.9 -99.9 -9999.9 -9999.9 -0.0621999986 37.2971992493 -999.999 3678
MKN 2023 11 26 16 00 00 210 1.9 90.98 -99.9 -999.9 6.3 -99.9 -99.9 -99.9 -9999.9 -9999.9 -0.0621999986 37.2971992493 -999.999 3678
MKN 2023 11 26 17 00 00 152 4.4 62.65 -99.9 -999.9 5.63 -99.9 -99.9 -99.9 -9999.9 -9999.9 -0.0621999986 37.2971992493 -999.999 3678
MKN 2023 11 26 18 00 00 146 7 71.12 -99.9 -999.9 6.12 -99.9 -99.9 -99.9 -9999.9 -9999.9 -0.0621999986 37.2971992493 -999.999 3678
MKN 2023 11 26 19 00 00 139 7.2 77.75 -99.9 -999.9 5.58 -99.9 -99.9 -99.9 -9999.9 -9999.9 -0.0621999986 37.2971992493 -999.999 3678
MKN 2023 11 26 20 00 00 152 4.2 87.48 -99.9 -999.9 4.77 -99.9 -99.9 -99.9 -9999.9 -9999.9 -0.0621999986 37.2971992493 -999.999 3678
MKN 2023 11 26 21 00 00 214 2.1 75.12 -99.9 -999.9 5.27 -99.9 -99.9 -99.9 -9999.9 -9999.9 -0.0621999986 37.2971992493 -999.999 3678
MKN 2023 11 26 22 00 00 134 6.5 74.28 -99.9 -999.9 6.62 -99.9 -99.9 -99.9 -9999.9 -9999.9 -0.0621999986 37.2971992493 -999.999 3678
MKN 2023 11 26 23 00 00 123 5.4 84.57 -99.9 -999.9 5.33 -99.9 -99.9 -99.9 -9999.9 -9999.9 -0.0621999986 37.2971992493 -999.999 3678
MKN 2023 11 27 00 00 00 128 6.9 86.37 -99.9 -999.9 5.38 -99.9 -99.9 -99.9 -9999.9 -9999.9 -0.0621999986 37.2971992493 -999.999 3678
MKN 2023 11 27 01 00 00 134 6.8 84.58 -99.9 -999.9 5.2 -99.9 -99.9 -99.9 -9999.9 -9999.9 -0.0621999986 37.2971992493 -999.999 3678
MKN 2023 11 27 02 00 00 128 7.4 84.33 -99.9 -999.9 5.63 -99.9 -99.9 -99.9 -9999.9 -9999.9 -0.0621999986 37.2971992493 -999.999 3678
MKN 2023 11 27 03 00 00 130 6.8 71.72 -99.9 -999.9 6.57 -99.9 -99.9 -99.9 -9999.9 -9999.9 -0.0621999986 37.2971992493 -999.999 3678
MKN 2023 11 27 04 00 00 129 7 76.27 -99.9 -999.9 7.72 -99.9 -99.9 -99.9 -9999.9 -9999.9 -0.0621999986 37.2971992493 -999.999 3678
MKN 2023 11 27 05 00 00 119 6 68.58 -99.9 -999.9 8.72 -99.9 -99.9 -99.9 -9999.9 -9999.9 -0.0621999986 37.2971992493 -999.999 3678
MKN 2023 11 27 06 00 00 86 6.4 60.3 -99.9 -999.9 9.18 -99.9 -99.9 -99.9 -9999.9 -9999.9 -0.0621999986 37.2971992493 -999.999 3678
MKN 2023 11 27 07 00 00 78 7.7 58.9 -99.9 -999.9 11.5 -99.9 -99.9 -99.9 -9999.9 -9999.9 -0.0621999986 37.2971992493 -999.999 3678
MKN 2023 11 27 08 00 00 79 6.8 56.63 -99.9 -999.9 11.62 -99.9 -99.9 -99.9 -9999.9 -9999.9 -0.0621999986 37.2971992493 -999.999 3678
MKN 2023 11 27 09 00 00 194 5.2 67.98 -99.9 -999.9 10.53 -99.9 -99.9 -99.9 -9999.9 -9999.9 -0.0621999986 37.2971992493 -999.999 3678
MKN 2023 11 27 10 00 00 327 5.2 94 -99.9 -999.9 8.15 -99.9 -99.9 -99.9 -9999.9 -9999.9 -0.0621999986 37.2971992493 -999.999 3678
MKN 2023 11 27 11 00 00 31 4.6 93.13 -99.9 -999.9 8.63 -99.9 -99.9 -99.9 -9999.9 -9999.9 -0.0621999986 37.2971992493 -999.999 3678
MKN 2023 11 27 12 00 00 12 4.3 99.27 -99.9 -999.9 7.22 -99.9 -99.9 -99.9 -9999.9 -9999.9 -0.0621999986 37.2971992493 -999.999 3678
MKN 2023 11 27 13 00 00 353 4 99.3 -99.9 -999.9 6.92 -99.9 -99.9 -99.9 -9999.9 -9999.9 -0.0621999986 37.2971992493 -999.999 3678
MKN 2023 11 27 14 00 00 7 1.1 99.33 -99.9 -999.9 7.42 -99.9 -99.9 -99.9 -9999.9 -9999.9 -0.0621999986 37.2971992493 -999.999 3678
MKN 2023 11 27 15 00 00 319 3 99.4 -99.9 -999.9 6.67 -99.9 -99.9 -99.9 -9999.9 -9999.9 -0.0621999986 37.2971992493 -999.999 3678
MKN 2023 11 27 16 00 00 241 1.4 99.4 -99.9 -999.9 6.13 -99.9 -99.9 -99.9 -9999.9 -9999.9 -0.0621999986 37.2971992493 -999.999 3678
MKN 2023 11 27 17 00 00 217 1.2 99.32 -99.9 -999.9 5.83 -99.9 -99.9 -99.9 -9999.9 -9999.9 -0.0621999986 37.2971992493 -999.999 3678
MKN 2023 11 27 18 00 00 148 1.4 99.28 -99.9 -999.9 5.65 -99.9 -99.9 -99.9 -9999.9 -9999.9 -0.0621999986 37.2971992493 -999.999 3678
MKN 2023 11 27 19 00 00 243 0.8 99.3 -99.9 -999.9 6.17 -99.9 -99.9 -99.9 -9999.9 -9999.9 -0.0621999986 37.2971992493 -999.999 3678
MKN 2023 11 27 20 00 00 166 1 99.27 -99.9 -999.9 6.1 -99.9 -99.9 -99.9 -9999.9 -9999.9 -0.0621999986 37.2971992493 -999.999 3678
MKN 2023 11 27 21 00 00 95 1.4 99.2 -99.9 -999.9 5.5 -99.9 -99.9 -99.9 -9999.9 -9999.9 -0.0621999986 37.2971992493 -999.999 3678
MKN 2023 11 27 22 00 00 110 2.9 95.85 -99.9 -999.9 6.17 -99.9 -99.9 -99.9 -9999.9 -9999.9 -0.0621999986 37.2971992493 -999.999 3678
MKN 2023 11 27 23 00 00 99 2.2 98.15 -99.9 -999.9 6.37 -99.9 -99.9 -99.9 -9999.9 -9999.9 -0.0621999986 37.2971992493 -999.999 3678
MKN 2023 11 28 00 00 00 99 3.3 94.4 -99.9 -999.9 6.42 -99.9 -99.9 -99.9 -9999.9 -9999.9 -0.0621999986 37.2971992493 -999.999 3678
MKN 2023 11 28 01 00 00 131 2 97.87 -99.9 -999.9 5.85 -99.9 -99.9 -99.9 -9999.9 -9999.9 -0.0621999986 37.2971992493 -999.999 3678
MKN 2023 11 28 02 00 00 104 2.8 86.28 -99.9 -999.9 7.13 -99.9 -99.9 -99.9 -9999.9 -9999.9 -0.0621999986 37.2971992493 -999.999 3678
MKN 2023 11 28 03 00 00 120 3.2 93.87 -99.9 -999.9 6.12 -99.9 -99.9 -99.9 -9999.9 -9999.9 -0.0621999986 37.2971992493 -999.999 3678
MKN 2023 11 28 04 00 00 94 1.8 85.98 -99.9 -999.9 7.82 -99.9 -99.9 -99.9 -9999.9 -9999.9 -0.0621999986 37.2971992493 -999.999 3678
MKN 2023 11 28 05 00 00 42 3 79.33 -99.9 -999.9 9.07 -99.9 -99.9 -99.9 -9999.9 -9999.9 -0.0621999986 37.2971992493 -999.999 3678
MKN 2023 11 28 06 00 00 40 4.1 80.38 -99.9 -999.9 9.85 -99.9 -99.9 -99.9 -9999.9 -9999.9 -0.0621999986 37.2971992493 -999.999 3678
MKN 2023 11 28 07 00 00 33 6.5 74.52 -99.9 -999.9 10.65 -99.9 -99.9 -99.9 -9999.9 -9999.9 -0.0621999986 37.2971992493 -999.999 3678
MKN 2023 11 28 08 00 00 36 7 80.9 -99.9 -999.9 9.48 -99.9 -99.9 -99.9 -9999.9 -9999.9 -0.0621999986 37.2971992493 -999.999 3678
MKN 2023 11 28 09 00 00 34 7.4 80.3 -99.9 -999.9 10.23 -99.9 -99.9 -99.9 -9999.9 -9999.9 -0.0621999986 37.2971992493 -999.999 3678
MKN 2023 11 28 10 00 00 50 5.8 82.78 -99.9 -999.9 9.8 -99.9 -99.9 -99.9 -9999.9 -9999.9 -0.0621999986 37.2971992493 -999.999 3678
MKN 2023 11 28 11 00 00 16 5.7 89.55 -99.9 -999.9 8.38 -99.9 -99.9 -99.9 -9999.9 -9999.9 -0.0621999986 37.2971992493 -999.999 3678
MKN 2023 11 28 12 00 00 6 5.2 85.72 -99.9 -999.9 8.87 -99.9 -99.9 -99.9 -9999.9 -9999.9 -0.0621999986 37.2971992493 -999.999 3678
MKN 2023 11 28 13 00 00 12 3.9 96.12 -99.9 -999.9 8.2 -99.9 -99.9 -99.9 -9999.9 -9999.9 -0.0621999986 37.2971992493 -999.999 3678
MKN 2023 11 28 14 00 00 358 3 99.3 -99.9 -999.9 7.33 -99.9 -99.9 -99.9 -9999.9 -9999.9 -0.0621999986 37.2971992493 -999.999 3678
MKN 2023 11 28 15 00 00 338 1.5 99.22 -99.9 -999.9 7.22 -99.9 -99.9 -99.9 -9999.9 -9999.9 -0.0621999986 37.2971992493 -999.999 3678
MKN 2023 11 28 16 00 00 201 1.7 99.25 -99.9 -999.9 6.93 -99.9 -99.9 -99.9 -9999.9 -9999.9 -0.0621999986 37.2971992493 -999.999 3678
MKN 2023 11 28 17 00 00 239 0.7 99.27 -99.9 -999.9 6.72 -99.9 -99.9 -99.9 -9999.9 -9999.9 -0.0621999986 37.2971992493 -999.999 3678
MKN 2023 11 28 18 00 00 219 1 99.2 -99.9 -999.9 6.35 -99.9 -99.9 -99.9 -9999.9 -9999.9 -0.0621999986 37.2971992493 -999.999 3678
MKN 2023 11 28 19 00 00 93 1.9 99.23 -99.9 -999.9 6.73 -99.9 -99.9 -99.9 -9999.9 -9999.9 -0.0621999986 37.2971992493 -999.999 3678
MKN 2023 11 28 20 00 00 61 2 99.3 -99.9 -999.9 6.52 -99.9 -99.9 -99.9 -9999.9 -9999.9 -0.0621999986 37.2971992493 -999.999 3678
MKN 2023 11 28 21 00 00 80 2.9 95.82 -99.9 -999.9 6.18 -99.9 -99.9 -99.9 -9999.9 -9999.9 -0.0621999986 37.2971992493 -999.999 3678
MKN 2023 11 28 22 00 00 93 3.5 88.8 -99.9 -999.9 4.97 -99.9 -99.9 -99.9 -9999.9 -9999.9 -0.0621999986 37.2971992493 -999.999 3678
MKN 2023 11 28 23 00 00 108 3.9 84.17 -99.9 -999.9 5.02 -99.9 -99.9 -99.9 -9999.9 -9999.9 -0.0621999986 37.2971992493 -999.999 3678
MKN 2023 11 29 00 00 00 88 3.9 69.05 -99.9 -999.9 3.48 -99.9 -99.9 -99.9 -9999.9 -9999.9 -0.0621999986 37.2971992493 -999.999 3678
MKN 2023 11 29 01 00 00 106 5.1 66.28 -99.9 -999.9 4.42 -99.9 -99.9 -99.9 -9999.9 -9999.9 -0.0621999986 37.2971992493 -999.999 3678
MKN 2023 11 29 02 00 00 109 4.6 53.37 -99.9 -999.9 4.18 -99.9 -99.9 -99.9 -9999.9 -9999.9 -0.0621999986 37.2971992493 -999.999 3678
MKN 2023 11 29 03 00 00 109 5.5 36.1 -99.9 -999.9 5.05 -99.9 -99.9 -99.9 -9999.9 -9999.9 -0.0621999986 37.2971992493 -999.999 3678
MKN 2023 11 29 04 00 00 118 6.2 26.78 -99.9 -999.9 8.02 -99.9 -99.9 -99.9 -9999.9 -9999.9 -0.0621999986 37.2971992493 -999.999 3678
MKN 2023 11 29 05 00 00 126 5.5 29.08 -99.9 -999.9 10.33 -99.9 -99.9 -99.9 -9999.9 -9999.9 -0.0621999986 37.2971992493 -999.999 3678
MKN 2023 11 29 06 00 00 131 3.4 32.42 -99.9 -999.9 11.25 -99.9 -99.9 -99.9 -9999.9 -9999.9 -0.0621999986 37.2971992493 -999.999 3678
MKN 2023 11 29 07 00 00 83 3.5 37.12 -99.9 -999.9 11.88 -99.9 -99.9 -99.9 -9999.9 -9999.9 -0.0621999986 37.2971992493 -999.999 3678
MKN 2023 11 29 08 00 00 101 7.1 53.43 -99.9 -999.9 12.1 -99.9 -99.9 -99.9 -9999.9 -9999.9 -0.0621999986 37.2971992493 -999.999 3678
MKN 2023 11 29 09 00 00 201 7.3 67.18 -99.9 -999.9 11.23 -99.9 -99.9 -99.9 -9999.9 -9999.9 -0.0621999986 37.2971992493 -999.999 3678
MKN 2023 11 29 10 00 00 290 6.2 84.08 -99.9 -999.9 9.28 -99.9 -99.9 -99.9 -9999.9 -9999.9 -0.0621999986 37.2971992493 -999.999 3678
MKN 2023 11 29 11 00 00 345 5.9 98.73 -99.9 -999.9 7.55 -99.9 -99.9 -99.9 -9999.9 -9999.9 -0.0621999986 37.2971992493 -999.999 3678
MKN 2023 11 29 12 00 00 12 4.4 99.27 -99.9 -999.9 7.35 -99.9 -99.9 -99.9 -9999.9 -9999.9 -0.0621999986 37.2971992493 -999.999 3678
MKN 2023 11 29 13 00 00 57 3.9 95.22 -99.9 -999.9 8.22 -99.9 -99.9 -99.9 -9999.9 -9999.9 -0.0621999986 37.2971992493 -999.999 3678
MKN 2023 11 29 14 00 00 7 2.9 99.3 -99.9 -999.9 7.12 -99.9 -99.9 -99.9 -9999.9 -9999.9 -0.0621999986 37.2971992493 -999.999 3678
MKN 2023 11 29 15 00 00 317 2.1 99.3 -99.9 -999.9 6.8 -99.9 -99.9 -99.9 -9999.9 -9999.9 -0.0621999986 37.2971992493 -999.999 3678
MKN 2023 11 29 16 00 00 123 2.7 98.73 -99.9 -999.9 6.92 -99.9 -99.9 -99.9 -9999.9 -9999.9 -0.0621999986 37.2971992493 -999.999 3678
MKN 2023 11 29 17 00 00 198 0.8 98.63 -99.9 -999.9 6.3 -99.9 -99.9 -99.9 -9999.9 -9999.9 -0.0621999986 37.2971992493 -999.999 3678
MKN 2023 11 29 18 00 00 76 1 97.4 -99.9 -999.9 5.85 -99.9 -99.9 -99.9 -9999.9 -9999.9 -0.0621999986 37.2971992493 -999.999 3678
MKN 2023 11 29 19 00 00 117 4.5 92.73 -99.9 -999.9 5.02 -99.9 -99.9 -99.9 -9999.9 -9999.9 -0.0621999986 37.2971992493 -999.999 3678
MKN 2023 11 29 20 00 00 173 3.1 77.7 -99.9 -999.9 4.58 -99.9 -99.9 -99.9 -9999.9 -9999.9 -0.0621999986 37.2971992493 -999.999 3678
MKN 2023 11 29 21 00 00 130 5.9 76.68 -99.9 -999.9 4.45 -99.9 -99.9 -99.9 -9999.9 -9999.9 -0.0621999986 37.2971992493 -999.999 3678
MKN 2023 11 29 22 00 00 131 5.3 70.9 -99.9 -999.9 4.62 -99.9 -99.9 -99.9 -9999.9 -9999.9 -0.0621999986 37.2971992493 -999.999 3678
MKN 2023 11 29 23 00 00 134 6.4 72.52 -99.9 -999.9 4.63 -99.9 -99.9 -99.9 -9999.9 -9999.9 -0.0621999986 37.2971992493 -999.999 3678
MKN 2023 11 30 00 00 00 148 3.4 75.98 -99.9 -999.9 4.9 -99.9 -99.9 -99.9 -9999.9 -9999.9 -0.0621999986 37.2971992493 -999.999 3678
MKN 2023 11 30 01 00 00 136 6 75.87 -99.9 -999.9 5.67 -99.9 -99.9 -99.9 -9999.9 -9999.9 -0.0621999986 37.2971992493 -999.999 3678
MKN 2023 11 30 02 00 00 129 5.3 71.43 -99.9 -999.9 6.73 -99.9 -99.9 -99.9 -9999.9 -9999.9 -0.0621999986 37.2971992493 -999.999 3678
MKN 2023 11 30 03 00 00 142 4.5 74.22 -99.9 -999.9 6.92 -99.9 -99.9 -99.9 -9999.9 -9999.9 -0.0621999986 37.2971992493 -999.999 3678
MKN 2023 11 30 04 00 00 130 4.4 80.77 -99.9 -999.9 7.82 -99.9 -99.9 -99.9 -9999.9 -9999.9 -0.0621999986 37.2971992493 -999.999 3678
MKN 2023 11 30 05 00 00 100 4.1 80.25 -99.9 -999.9 9.45 -99.9 -99.9 -99.9 -9999.9 -9999.9 -0.0621999986 37.2971992493 -999.999 3678
MKN 2023 11 30 06 00 00 75 4.5 75.88 -99.9 -999.9 8.05 -99.9 -99.9 -99.9 -9999.9 -9999.9 -0.0621999986 37.2971992493 -999.999 3678
MKN 2023 11 30 07 00 00 272 2.6 77.08 -99.9 -999.9 8.88 -99.9 -99.9 -99.9 -9999.9 -9999.9 -0.0621999986 37.2971992493 -999.999 3678
MKN 2023 11 30 08 00 00 281 4.4 72.5 -99.9 -999.9 8.85 -99.9 -99.9 -99.9 -9999.9 -9999.9 -0.0621999986 37.2971992493 -999.999 3678
MKN 2023 11 30 09 00 00 257 5 76.93 -99.9 -999.9 9.12 -99.9 -99.9 -99.9 -9999.9 -9999.9 -0.0621999986 37.2971992493 -999.999 3678
MKN 2023 11 30 10 00 00 311 5.4 88.32 -99.9 -999.9 8.28 -99.9 -99.9 -99.9 -9999.9 -9999.9 -0.0621999986 37.2971992493 -999.999 3678
MKN 2023 11 30 11 00 00 9 2.5 99.2 -99.9 -999.9 7.55 -99.9 -99.9 -99.9 -9999.9 -9999.9 -0.0621999986 37.2971992493 -999.999 3678
MKN 2023 11 30 12 00 00 313 2.3 96.6 -99.9 -999.9 7.82 -99.9 -99.9 -99.9 -9999.9 -9999.9 -0.0621999986 37.2971992493 -999.999 3678
MKN 2023 11 30 13 00 00 315 1.3 99.3 -99.9 -999.9 7.07 -99.9 -99.9 -99.9 -9999.9 -9999.9 -0.0621999986 37.2971992493 -999.999 3678
MKN 2023 11 30 14 00 00 287 1.8 99.3 -99.9 -999.9 7.52 -99.9 -99.9 -99.9 -9999.9 -9999.9 -0.0621999986 37.2971992493 -999.999 3678
MKN 2023 11 30 15 00 00 258 1.5 99.35 -99.9 -999.9 7.17 -99.9 -99.9 -99.9 -9999.9 -9999.9 -0.0621999986 37.2971992493 -999.999 3678
MKN 2023 11 30 16 00 00 180 2 99.3 -99.9 -999.9 5.8 -99.9 -99.9 -99.9 -9999.9 -9999.9 -0.0621999986 37.2971992493 -999.999 3678
MKN 2023 11 30 17 00 00 217 1.8 99.28 -99.9 -999.9 5.82 -99.9 -99.9 -99.9 -9999.9 -9999.9 -0.0621999986 37.2971992493 -999.999 3678
MKN 2023 11 30 18 00 00 204 1.1 99.23 -99.9 -999.9 4.92 -99.9 -99.9 -99.9 -9999.9 -9999.9 -0.0621999986 37.2971992493 -999.999 3678
MKN 2023 11 30 19 00 00 159 1.1 99.28 -99.9 -999.9 5.43 -99.9 -99.9 -99.9 -9999.9 -9999.9 -0.0621999986 37.2971992493 -999.999 3678
MKN 2023 11 30 20 00 00 194 0.9 99.25 -99.9 -999.9 5.38 -99.9 -99.9 -99.9 -9999.9 -9999.9 -0.0621999986 37.2971992493 -999.999 3678
MKN 2023 11 30 21 00 00 119 1.1 97.7 -99.9 -999.9 3.98 -99.9 -99.9 -99.9 -9999.9 -9999.9 -0.0621999986 37.2971992493 -999.999 3678
MKN 2023 11 30 22 00 00 135 1.8 98.57 -99.9 -999.9 3.92 -99.9 -99.9 -99.9 -9999.9 -9999.9 -0.0621999986 37.2971992493 -999.999 3678
MKN 2023 11 30 23 00 00 108 2.8 93.87 -99.9 -999.9 4.38 -99.9 -99.9 -99.9 -9999.9 -9999.9 -0.0621999986 37.2971992493 -999.999 3678
MKN 2023 12 01 00 00 00 117 4.5 87.88 -99.9 -999.9 4.4 -99.9 -99.9 -99.9 -9999.9 -9999.9 -0.0621999986 37.2971992493 -999.999 3678
MKN 2023 12 01 01 00 00 92 3.5 87.88 -99.9 -999.9 4.7 -99.9 -99.9 -99.9 -9999.9 -9999.9 -0.0621999986 37.2971992493 -999.999 3678
MKN 2023 12 01 02 00 00 99 2.9 87.35 -99.9 -999.9 5.25 -99.9 -99.9 -99.9 -9999.9 -9999.9 -0.0621999986 37.2971992493 -999.999 3678
MKN 2023 12 01 03 00 00 124 3.8 88.87 -99.9 -999.9 5.85 -99.9 -99.9 -99.9 -9999.9 -9999.9 -0.0621999986 37.2971992493 -999.999 3678
MKN 2023 12 01 04 00 00 135 2.3 83.78 -99.9 -999.9 7.77 -99.9 -99.9 -99.9 -9999.9 -9999.9 -0.0621999986 37.2971992493 -999.999 3678
MKN 2023 12 01 05 00 00 60 1.4 88.45 -99.9 -999.9 7.95 -99.9 -99.9 -99.9 -9999.9 -9999.9 -0.0621999986 37.2971992493 -999.999 3678
MKN 2023 12 01 06 00 00 278 1.8 83.18 -99.9 -999.9 8.98 -99.9 -99.9 -99.9 -9999.9 -9999.9 -0.0621999986 37.2971992493 -999.999 3678
MKN 2023 12 01 07 00 00 295 4.1 76.2 -99.9 -999.9 8.87 -99.9 -99.9 -99.9 -9999.9 -9999.9 -0.0621999986 37.2971992493 -999.999 3678
MKN 2023 12 01 08 00 00 265 5.6 70.65 -99.9 -999.9 9.05 -99.9 -99.9 -99.9 -9999.9 -9999.9 -0.0621999986 37.2971992493 -999.999 3678
MKN 2023 12 01 09 00 00 285 4.9 82.32 -99.9 -999.9 7.87 -99.9 -99.9 -99.9 -9999.9 -9999.9 -0.0621999986 37.2971992493 -999.999 3678
MKN 2023 12 01 10 00 00 325 3.8 83.1 -99.9 -999.9 8.43 -99.9 -99.9 -99.9 -9999.9 -9999.9 -0.0621999986 37.2971992493 -999.999 3678
MKN 2023 12 01 11 00 00 12 4 90.72 -99.9 -999.9 8.88 -99.9 -99.9 -99.9 -9999.9 -9999.9 -0.0621999986 37.2971992493 -999.999 3678
MKN 2023 12 01 12 00 00 2 3.5 97.55 -99.9 -999.9 8.2 -99.9 -99.9 -99.9 -9999.9 -9999.9 -0.0621999986 37.2971992493 -999.999 3678
MKN 2023 12 01 13 00 00 313 2.4 99.28 -99.9 -999.9 7.78 -99.9 -99.9 -99.9 -9999.9 -9999.9 -0.0621999986 37.2971992493 -999.999 3678
MKN 2023 12 01 14 00 00 339 1.8 99.3 -99.9 -999.9 7.38 -99.9 -99.9 -99.9 -9999.9 -9999.9 -0.0621999986 37.2971992493 -999.999 3678
MKN 2023 12 01 15 00 00 210 2.1 87.97 -99.9 -999.9 6.9 -99.9 -99.9 -99.9 -9999.9 -9999.9 -0.0621999986 37.2971992493 -999.999 3678
MKN 2023 12 01 16 00 00 123 4.1 78.03 -99.9 -999.9 6.08 -99.9 -99.9 -99.9 -9999.9 -9999.9 -0.0621999986 37.2971992493 -999.999 3678
MKN 2023 12 01 17 00 00 130 3.8 81.42 -99.9 -999.9 5.4 -99.9 -99.9 -99.9 -9999.9 -9999.9 -0.0621999986 37.2971992493 -999.999 3678
MKN 2023 12 01 18 00 00 110 3.3 79.93 -99.9 -999.9 5.45 -99.9 -99.9 -99.9 -9999.9 -9999.9 -0.0621999986 37.2971992493 -999.999 3678
MKN 2023 12 01 19 00 00 115 4.6 83.7 -99.9 -999.9 5.38 -99.9 -99.9 -99.9 -9999.9 -9999.9 -0.0621999986 37.2971992493 -999.999 3678
MKN 2023 12 01 20 00 00 127 5.1 82.05 -99.9 -999.9 5.22 -99.9 -99.9 -99.9 -9999.9 -9999.9 -0.0621999986 37.2971992493 -999.999 3678
MKN 2023 12 01 21 00 00 117 3.7 88.18 -99.9 -999.9 4.45 -99.9 -99.9 -99.9 -9999.9 -9999.9 -0.0621999986 37.2971992493 -999.999 3678
MKN 2023 12 01 22 00 00 149 2 88.42 -99.9 -999.9 4.05 -99.9 -99.9 -99.9 -9999.9 -9999.9 -0.0621999986 37.2971992493 -999.999 3678
MKN 2023 12 01 23 00 00 123 2.8 85.82 -99.9 -999.9 4.55 -99.9 -99.9 -99.9 -9999.9 -9999.9 -0.0621999986 37.2971992493 -999.999 3678
MKN 2023 12 02 00 00 00 125 3.9 86.47 -99.9 -999.9 4.73 -99.9 -99.9 -99.9 -9999.9 -9999.9 -0.0621999986 37.2971992493 -999.999 3678
MKN 2023 12 02 01 00 00 45 0.8 95.35 -99.9 -999.9 3.72 -99.9 -99.9 -99.9 -9999.9 -9999.9 -0.0621999986 37.2971992493 -999.999 3678
MKN 2023 12 02 02 00 00 109 2 89.82 -99.9 -999.9 3.93 -99.9 -99.9 -99.9 -9999.9 -9999.9 -0.0621999986 37.2971992493 -999.999 3678
MKN 2023 12 02 03 00 00 96 2.9 86.55 -99.9 -999.9 4.77 -99.9 -99.9 -99.9 -9999.9 -9999.9 -0.0621999986 37.2971992493 -999.999 3678
MKN 2023 12 02 04 00 00 115 4.6 79.93 -99.9 -999.9 7.37 -99.9 -99.9 -99.9 -9999.9 -9999.9 -0.0621999986 37.2971992493 -999.999 3678
MKN 2023 12 02 05 00 00 54 2.6 98.48 -99.9 -999.9 7.15 -99.9 -99.9 -99.9 -9999.9 -9999.9 -0.0621999986 37.2971992493 -999.999 3678
MKN 2023 12 02 06 00 00 11 3.8 90.42 -99.9 -999.9 8.45 -99.9 -99.9 -99.9 -9999.9 -9999.9 -0.0621999986 37.2971992493 -999.999 3678
MKN 2023 12 02 07 00 00 36 5.3 94.02 -99.9 -999.9 8.33 -99.9 -99.9 -99.9 -9999.9 -9999.9 -0.0621999986 37.2971992493 -999.999 3678
MKN 2023 12 02 08 00 00 24 6 85.57 -99.9 -999.9 9.25 -99.9 -99.9 -99.9 -9999.9 -9999.9 -0.0621999986 37.2971992493 -999.999 3678
MKN 2023 12 02 09 00 00 12 5.5 97.32 -99.9 -999.9 7.7 -99.9 -99.9 -99.9 -9999.9 -9999.9 -0.0621999986 37.2971992493 -999.999 3678
MKN 2023 12 02 10 00 00 322 4.2 99.3 -99.9 -999.9 7.1 -99.9 -99.9 -99.9 -9999.9 -9999.9 -0.0621999986 37.2971992493 -999.999 3678
MKN 2023 12 02 11 00 00 4 4.3 99.3 -99.9 -999.9 7.25 -99.9 -99.9 -99.9 -9999.9 -9999.9 -0.0621999986 37.2971992493 -999.999 3678
MKN 2023 12 02 12 00 00 4 2.9 99.32 -99.9 -999.9 7.4 -99.9 -99.9 -99.9 -9999.9 -9999.9 -0.0621999986 37.2971992493 -999.999 3678
MKN 2023 12 02 13 00 00 288 2.7 99.4 -99.9 -999.9 7.03 -99.9 -99.9 -99.9 -9999.9 -9999.9 -0.0621999986 37.2971992493 -999.999 3678
MKN 2023 12 02 14 00 00 20 3 99.4 -99.9 -999.9 6.93 -99.9 -99.9 -99.9 -9999.9 -9999.9 -0.0621999986 37.2971992493 -999.999 3678
MKN 2023 12 02 15 00 00 34 1.5 99.4 -99.9 -999.9 6.63 -99.9 -99.9 -99.9 -9999.9 -9999.9 -0.0621999986 37.2971992493 -999.999 3678
MKN 2023 12 02 16 00 00 214 1.4 99.37 -99.9 -999.9 5.92 -99.9 -99.9 -99.9 -9999.9 -9999.9 -0.0621999986 37.2971992493 -999.999 3678
MKN 2023 12 02 17 00 00 148 2.4 94.28 -99.9 -999.9 5.73 -99.9 -99.9 -99.9 -9999.9 -9999.9 -0.0621999986 37.2971992493 -999.999 3678
MKN 2023 12 02 18 00 00 111 3.4 87.15 -99.9 -999.9 6 -99.9 -99.9 -99.9 -9999.9 -9999.9 -0.0621999986 37.2971992493 -999.999 3678
MKN 2023 12 02 19 00 00 118 4.9 94.13 -99.9 -999.9 4.92 -99.9 -99.9 -99.9 -9999.9 -9999.9 -0.0621999986 37.2971992493 -999.999 3678
MKN 2023 12 02 20 00 00 125 2.6 92.07 -99.9 -999.9 4.83 -99.9 -99.9 -99.9 -9999.9 -9999.9 -0.0621999986 37.2971992493 -999.999 3678
MKN 2023 12 02 21 00 00 125 5.5 85.77 -99.9 -999.9 4.6 -99.9 -99.9 -99.9 -9999.9 -9999.9 -0.0621999986 37.2971992493 -999.999 3678
MKN 2023 12 02 22 00 00 127 5.6 87.95 -99.9 -999.9 4.53 -99.9 -99.9 -99.9 -9999.9 -9999.9 -0.0621999986 37.2971992493 -999.999 3678
MKN 2023 12 02 23 00 00 122 6.2 83.18 -99.9 -999.9 5.13 -99.9 -99.9 -99.9 -9999.9 -9999.9 -0.0621999986 37.2971992493 -999.999 3678
MKN 2023 12 03 00 00 00 121 6.9 85.8 -99.9 -999.9 4.88 -99.9 -99.9 -99.9 -9999.9 -9999.9 -0.0621999986 37.2971992493 -999.999 3678
MKN 2023 12 03 01 00 00 117 7.1 91.07 -99.9 -999.9 4.33 -99.9 -99.9 -99.9 -9999.9 -9999.9 -0.0621999986 37.2971992493 -999.999 3678
MKN 2023 12 03 02 00 00 118 6.8 88.62 -99.9 -999.9 4.7 -99.9 -99.9 -99.9 -9999.9 -9999.9 -0.0621999986 37.2971992493 -999.999 3678
MKN 2023 12 03 03 00 00 116 5.5 89.27 -99.9 -999.9 4.25 -99.9 -99.9 -99.9 -9999.9 -9999.9 -0.0621999986 37.2971992493 -999.999 3678
MKN 2023 12 03 04 00 00 116 5.9 77.77 -99.9 -999.9 7.1 -99.9 -99.9 -99.9 -9999.9 -9999.9 -0.0621999986 37.2971992493 -999.999 3678
MKN 2023 12 03 05 00 00 77 4.1 68.85 -99.9 -999.9 9.48 -99.9 -99.9 -99.9 -9999.9 -9999.9 -0.0621999986 37.2971992493 -999.999 3678
MKN 2023 12 03 06 00 00 68 4.5 61.47 -99.9 -999.9 10.92 -99.9 -99.9 -99.9 -9999.9 -9999.9 -0.0621999986 37.2971992493 -999.999 3678
MKN 2023 12 03 07 00 00 51 4.2 92.98 -99.9 -999.9 8.67 -99.9 -99.9 -99.9 -9999.9 -9999.9 -0.0621999986 37.2971992493 -999.999 3678
MKN 2023 12 03 08 00 00 283 5 98.15 -99.9 -999.9 7.48 -99.9 -99.9 -99.9 -9999.9 -9999.9 -0.0621999986 37.2971992493 -999.999 3678
MKN 2023 12 03 09 00 00 241 3 96.33 -99.9 -999.9 7.9 -99.9 -99.9 -99.9 -9999.9 -9999.9 -0.0621999986 37.2971992493 -999.999 3678
MKN 2023 12 03 10 00 00 290 3.2 99.3 -99.9 -999.9 6.95 -99.9 -99.9 -99.9 -9999.9 -9999.9 -0.0621999986 37.2971992493 -999.999 3678
MKN 2023 12 03 11 00 00 58 3.3 99.35 -99.9 -999.9 6.68 -99.9 -99.9 -99.9 -9999.9 -9999.9 -0.0621999986 37.2971992493 -999.999 3678
MKN 2023 12 03 12 00 00 29 4.7 99.4 -99.9 -999.9 6.42 -99.9 -99.9 -99.9 -9999.9 -9999.9 -0.0621999986 37.2971992493 -999.999 3678
MKN 2023 12 03 13 00 00 40 3.9 99.4 -99.9 -999.9 6.68 -99.9 -99.9 -99.9 -9999.9 -9999.9 -0.0621999986 37.2971992493 -999.999 3678
MKN 2023 12 03 14 00 00 69 1.9 99.4 -99.9 -999.9 6.8 -99.9 -99.9 -99.9 -9999.9 -9999.9 -0.0621999986 37.2971992493 -999.999 3678
MKN 2023 12 03 15 00 00 58 1.8 99.4 -99.9 -999.9 5.8 -99.9 -99.9 -99.9 -9999.9 -9999.9 -0.0621999986 37.2971992493 -999.999 3678
MKN 2023 12 03 16 00 00 164 0.8 99.4 -99.9 -999.9 5.67 -99.9 -99.9 -99.9 -9999.9 -9999.9 -0.0621999986 37.2971992493 -999.999 3678
MKN 2023 12 03 17 00 00 137 1.7 99.15 -99.9 -999.9 5.6 -99.9 -99.9 -99.9 -9999.9 -9999.9 -0.0621999986 37.2971992493 -999.999 3678
MKN 2023 12 03 18 00 00 111 4.7 97.52 -99.9 -999.9 6.47 -99.9 -99.9 -99.9 -9999.9 -9999.9 -0.0621999986 37.2971992493 -999.999 3678
MKN 2023 12 03 19 00 00 133 7.6 88.67 -99.9 -999.9 6.53 -99.9 -99.9 -99.9 -9999.9 -9999.9 -0.0621999986 37.2971992493 -999.999 3678
MKN 2023 12 03 20 00 00 125 6.8 87.3 -99.9 -999.9 5.93 -99.9 -99.9 -99.9 -9999.9 -9999.9 -0.0621999986 37.2971992493 -999.999 3678
MKN 2023 12 03 21 00 00 123 6.3 81.38 -99.9 -999.9 5.4 -99.9 -99.9 -99.9 -9999.9 -9999.9 -0.0621999986 37.2971992493 -999.999 3678
MKN 2023 12 03 22 00 00 126 6.2 78.68 -99.9 -999.9 5.13 -99.9 -99.9 -99.9 -9999.9 -9999.9 -0.0621999986 37.2971992493 -999.999 3678
MKN 2023 12 03 23 00 00 121 5.8 82.13 -99.9 -999.9 5.6 -99.9 -99.9 -99.9 -9999.9 -9999.9 -0.0621999986 37.2971992493 -999.999 3678
MKN 2023 12 04 00 00 00 121 6.3 79.77 -99.9 -999.9 6.2 -99.9 -99.9 -99.9 -9999.9 -9999.9 -0.0621999986 37.2971992493 -999.999 3678
MKN 2023 12 04 01 00 00 117 4.7 82.88 -99.9 -999.9 5.13 -99.9 -99.9 -99.9 -9999.9 -9999.9 -0.0621999986 37.2971992493 -999.999 3678
MKN 2023 12 04 02 00 00 119 6.3 81 -99.9 -999.9 5.67 -99.9 -99.9 -99.9 -9999.9 -9999.9 -0.0621999986 37.2971992493 -999.999 3678
MKN 2023 12 04 03 00 00 132 7 75.38 -99.9 -999.9 6.22 -99.9 -99.9 -99.9 -9999.9 -9999.9 -0.0621999986 37.2971992493 -999.999 3678
MKN 2023 12 04 04 00 00 134 8 66.5 -99.9 -999.9 7.73 -99.9 -99.9 -99.9 -9999.9 -9999.9 -0.0621999986 37.2971992493 -999.999 3678
MKN 2023 12 04 05 00 00 129 8.8 61.3 -99.9 -999.9 9.48 -99.9 -99.9 -99.9 -9999.9 -9999.9 -0.0621999986 37.2971992493 -999.999 3678
MKN 2023 12 04 06 00 00 107 7 58.8 -99.9 -999.9 10.68 -99.9 -99.9 -99.9 -9999.9 -9999.9 -0.0621999986 37.2971992493 -999.999 3678
MKN 2023 12 04 07 00 00 42 5.5 93 -99.9 -999.9 8.9 -99.9 -99.9 -99.9 -9999.9 -9999.9 -0.0621999986 37.2971992493 -999.999 3678
MKN 2023 12 04 08 00 00 301 3.8 92.82 -99.9 -999.9 9.1 -99.9 -99.9 -99.9 -9999.9 -9999.9 -0.0621999986 37.2971992493 -999.999 3678
MKN 2023 12 04 09 00 00 303 5.3 96.23 -99.9 -999.9 8.62 -99.9 -99.9 -99.9 -9999.9 -9999.9 -0.0621999986 37.2971992493 -999.999 3678
MKN 2023 12 04 10 00 00 308 4.2 98.85 -99.9 -999.9 8.6 -99.9 -99.9 -99.9 -9999.9 -9999.9 -0.0621999986 37.2971992493 -999.999 3678
MKN 2023 12 04 11 00 00 300 4.2 99.27 -99.9 -999.9 7.8 -99.9 -99.9 -99.9 -9999.9 -9999.9 -0.0621999986 37.2971992493 -999.999 3678
MKN 2023 12 04 12 00 00 308 3.5 99.32 -99.9 -999.9 7.2 -99.9 -99.9 -99.9 -9999.9 -9999.9 -0.0621999986 37.2971992493 -999.999 3678
MKN 2023 12 04 13 00 00 297 2.9 99.4 -99.9 -999.9 7.33 -99.9 -99.9 -99.9 -9999.9 -9999.9 -0.0621999986 37.2971992493 -999.999 3678
MKN 2023 12 04 14 00 00 14 1.2 99.35 -99.9 -999.9 7.42 -99.9 -99.9 -99.9 -9999.9 -9999.9 -0.0621999986 37.2971992493 -999.999 3678
MKN 2023 12 04 15 00 00 11 1.7 99.28 -99.9 -999.9 6.63 -99.9 -99.9 -99.9 -9999.9 -9999.9 -0.0621999986 37.2971992493 -999.999 3678
MKN 2023 12 04 16 00 00 113 1.3 92.92 -99.9 -999.9 5.53 -99.9 -99.9 -99.9 -9999.9 -9999.9 -0.0621999986 37.2971992493 -999.999 3678
MKN 2023 12 04 17 00 00 125 4.2 81.42 -99.9 -999.9 5.53 -99.9 -99.9 -99.9 -9999.9 -9999.9 -0.0621999986 37.2971992493 -999.999 3678
MKN 2023 12 04 18 00 00 124 5.1 78.22 -99.9 -999.9 5.08 -99.9 -99.9 -99.9 -9999.9 -9999.9 -0.0621999986 37.2971992493 -999.999 3678
MKN 2023 12 04 19 00 00 117 4.8 78.5 -99.9 -999.9 4.72 -99.9 -99.9 -99.9 -9999.9 -9999.9 -0.0621999986 37.2971992493 -999.999 3678
MKN 2023 12 04 20 00 00 122 4.5 78.1 -99.9 -999.9 4.37 -99.9 -99.9 -99.9 -9999.9 -9999.9 -0.0621999986 37.2971992493 -999.999 3678
MKN 2023 12 04 21 00 00 112 2.7 74.33 -99.9 -999.9 4.4 -99.9 -99.9 -99.9 -9999.9 -9999.9 -0.0621999986 37.2971992493 -999.999 3678
MKN 2023 12 04 22 00 00 105 4 68.4 -99.9 -999.9 4.13 -99.9 -99.9 -99.9 -9999.9 -9999.9 -0.0621999986 37.2971992493 -999.999 3678
MKN 2023 12 04 23 00 00 123 6.5 64.9 -99.9 -999.9 4.7 -99.9 -99.9 -99.9 -9999.9 -9999.9 -0.0621999986 37.2971992493 -999.999 3678
MKN 2023 12 05 00 00 00 136 6.8 62.18 -99.9 -999.9 5.65 -99.9 -99.9 -99.9 -9999.9 -9999.9 -0.0621999986 37.2971992493 -999.999 3678
MKN 2023 12 05 01 00 00 134 6.5 64.57 -99.9 -999.9 5.93 -99.9 -99.9 -99.9 -9999.9 -9999.9 -0.0621999986 37.2971992493 -999.999 3678
MKN 2023 12 05 02 00 00 124 4.4 66.7 -99.9 -999.9 5.22 -99.9 -99.9 -99.9 -9999.9 -9999.9 -0.0621999986 37.2971992493 -999.999 3678
MKN 2023 12 05 03 00 00 126 4.8 66.8 -99.9 -999.9 6.13 -99.9 -99.9 -99.9 -9999.9 -9999.9 -0.0621999986 37.2971992493 -999.999 3678
MKN 2023 12 05 04 00 00 136 3.8 63.2 -99.9 -999.9 7.52 -99.9 -99.9 -99.9 -9999.9 -9999.9 -0.0621999986 37.2971992493 -999.999 3678
MKN 2023 12 05 05 00 00 61 2.9 66.95 -99.9 -999.9 8.2 -99.9 -99.9 -99.9 -9999.9 -9999.9 -0.0621999986 37.2971992493 -999.999 3678
MKN 2023 12 05 06 00 00 27 4.1 69.77 -99.9 -999.9 8.88 -99.9 -99.9 -99.9 -9999.9 -9999.9 -0.0621999986 37.2971992493 -999.999 3678
MKN 2023 12 05 07 00 00 333 4.6 62.48 -99.9 -999.9 9.6 -99.9 -99.9 -99.9 -9999.9 -9999.9 -0.0621999986 37.2971992493 -999.999 3678
MKN 2023 12 05 08 00 00 11 4.5 57.07 -99.9 -999.9 10.68 -99.9 -99.9 -99.9 -9999.9 -9999.9 -0.0621999986 37.2971992493 -999.999 3678
MKN 2023 12 05 09 00 00 0 5 62.78 -99.9 -999.9 9.53 -99.9 -99.9 -99.9 -9999.9 -9999.9 -0.0621999986 37.2971992493 -999.999 3678
MKN 2023 12 05 10 00 00 1 4.2 64.57 -99.9 -999.9 9.5 -99.9 -99.9 -99.9 -9999.9 -9999.9 -0.0621999986 37.2971992493 -999.999 3678
MKN 2023 12 05 11 00 00 278 3 72.55 -99.9 -999.9 10.02 -99.9 -99.9 -99.9 -9999.9 -9999.9 -0.0621999986 37.2971992493 -999.999 3678
MKN 2023 12 05 12 00 00 357 4.2 78.27 -99.9 -999.9 9 -99.9 -99.9 -99.9 -9999.9 -9999.9 -0.0621999986 37.2971992493 -999.999 3678
MKN 2023 12 05 13 00 00 10 4.4 84.5 -99.9 -999.9 8.37 -99.9 -99.9 -99.9 -9999.9 -9999.9 -0.0621999986 37.2971992493 -999.999 3678
MKN 2023 12 05 14 00 00 345 2.3 88.7 -99.9 -999.9 8.03 -99.9 -99.9 -99.9 -9999.9 -9999.9 -0.0621999986 37.2971992493 -999.999 3678
MKN 2023 12 05 15 00 00 264 2.3 93.45 -99.9 -999.9 6.45 -99.9 -99.9 -99.9 -9999.9 -9999.9 -0.0621999986 37.2971992493 -999.999 3678
MKN 2023 12 05 16 00 00 122 2.1 99.2 -99.9 -999.9 5.55 -99.9 -99.9 -99.9 -9999.9 -9999.9 -0.0621999986 37.2971992493 -999.999 3678
MKN 2023 12 05 17 00 00 103 2.6 96.85 -99.9 -999.9 4.73 -99.9 -99.9 -99.9 -9999.9 -9999.9 -0.0621999986 37.2971992493 -999.999 3678
MKN 2023 12 05 18 00 00 98 3 85.62 -99.9 -999.9 3.93 -99.9 -99.9 -99.9 -9999.9 -9999.9 -0.0621999986 37.2971992493 -999.999 3678
MKN 2023 12 05 19 00 00 97 2.5 85.68 -99.9 -999.9 4.38 -99.9 -99.9 -99.9 -9999.9 -9999.9 -0.0621999986 37.2971992493 -999.999 3678
MKN 2023 12 05 20 00 00 105 3.1 82.5 -99.9 -999.9 3.82 -99.9 -99.9 -99.9 -9999.9 -9999.9 -0.0621999986 37.2971992493 -999.999 3678
MKN 2023 12 05 21 00 00 110 3.2 84.37 -99.9 -999.9 4.02 -99.9 -99.9 -99.9 -9999.9 -9999.9 -0.0621999986 37.2971992493 -999.999 3678
MKN 2023 12 05 22 00 00 108 2.8 79.97 -99.9 -999.9 5.6 -99.9 -99.9 -99.9 -9999.9 -9999.9 -0.0621999986 37.2971992493 -999.999 3678
MKN 2023 12 05 23 00 00 67 2.4 79.63 -99.9 -999.9 6.22 -99.9 -99.9 -99.9 -9999.9 -9999.9 -0.0621999986 37.2971992493 -999.999 3678
MKN 2023 12 06 00 00 00 115 3.5 80.12 -99.9 -999.9 6 -99.9 -99.9 -99.9 -9999.9 -9999.9 -0.0621999986 37.2971992493 -999.999 3678
MKN 2023 12 06 01 00 00 118 3.5 76.27 -99.9 -999.9 6.42 -99.9 -99.9 -99.9 -9999.9 -9999.9 -0.0621999986 37.2971992493 -999.999 3678
MKN 2023 12 06 02 00 00 124 4.7 77.3 -99.9 -999.9 5.68 -99.9 -99.9 -99.9 -9999.9 -9999.9 -0.0621999986 37.2971992493 -999.999 3678
MKN 2023 12 06 03 00 00 121 3.5 74.68 -99.9 -999.9 5.82 -99.9 -99.9 -99.9 -9999.9 -9999.9 -0.0621999986 37.2971992493 -999.999 3678
MKN 2023 12 06 04 00 00 128 5.3 62.72 -99.9 -999.9 8.52 -99.9 -99.9 -99.9 -9999.9 -9999.9 -0.0621999986 37.2971992493 -999.999 3678
MKN 2023 12 06 05 00 00 96 4.1 47.88 -99.9 -999.9 9.93 -99.9 -99.9 -99.9 -9999.9 -9999.9 -0.0621999986 37.2971992493 -999.999 3678
MKN 2023 12 06 06 00 00 40 5.8 47.32 -99.9 -999.9 10.77 -99.9 -99.9 -99.9 -9999.9 -9999.9 -0.0621999986 37.2971992493 -999.999 3678
MKN 2023 12 06 07 00 00 22 6.1 73.72 -99.9 -999.9 9.23 -99.9 -99.9 -99.9 -9999.9 -9999.9 -0.0621999986 37.2971992493 -999.999 3678
MKN 2023 12 06 08 00 00 327 3.3 88.85 -99.9 -999.9 8.05 -99.9 -99.9 -99.9 -9999.9 -9999.9 -0.0621999986 37.2971992493 -999.999 3678
MKN 2023 12 06 09 00 00 7 4 74.62 -99.9 -999.9 8.58 -99.9 -99.9 -99.9 -9999.9 -9999.9 -0.0621999986 37.2971992493 -999.999 3678
MKN 2023 12 06 10 00 00 15 4 90.33 -99.9 -999.9 7.93 -99.9 -99.9 -99.9 -9999.9 -9999.9 -0.0621999986 37.2971992493 -999.999 3678
MKN 2023 12 06 11 00 00 342 4.1 94.97 -99.9 -999.9 6.65 -99.9 -99.9 -99.9 -9999.9 -9999.9 -0.0621999986 37.2971992493 -999.999 3678
MKN 2023 12 06 12 00 00 56 3.4 78.47 -99.9 -999.9 7.95 -99.9 -99.9 -99.9 -9999.9 -9999.9 -0.0621999986 37.2971992493 -999.999 3678
MKN 2023 12 06 13 00 00 121 3.3 70.32 -99.9 -999.9 9.5 -99.9 -99.9 -99.9 -9999.9 -9999.9 -0.0621999986 37.2971992493 -999.999 3678
MKN 2023 12 06 14 00 00 344 3.1 75.7 -99.9 -999.9 8.15 -99.9 -99.9 -99.9 -9999.9 -9999.9 -0.0621999986 37.2971992493 -999.999 3678
MKN 2023 12 06 15 00 00 315 1.5 77.18 -99.9 -999.9 7.22 -99.9 -99.9 -99.9 -9999.9 -9999.9 -0.0621999986 37.2971992493 -999.999 3678
MKN 2023 12 06 16 00 00 108 0.6 76.95 -99.9 -999.9 4.62 -99.9 -99.9 -99.9 -9999.9 -9999.9 -0.0621999986 37.2971992493 -999.999 3678
MKN 2023 12 06 17 00 00 96 1.1 77.57 -99.9 -999.9 4.4 -99.9 -99.9 -99.9 -9999.9 -9999.9 -0.0621999986 37.2971992493 -999.999 3678
MKN 2023 12 06 18 00 00 127 6.3 56.38 -99.9 -999.9 5.03 -99.9 -99.9 -99.9 -9999.9 -9999.9 -0.0621999986 37.2971992493 -999.999 3678
MKN 2023 12 06 19 00 00 135 7.2 58.1 -99.9 -999.9 5 -99.9 -99.9 -99.9 -9999.9 -9999.9 -0.0621999986 37.2971992493 -999.999 3678
MKN 2023 12 06 20 00 00 127 7.9 56.08 -99.9 -999.9 5.18 -99.9 -99.9 -99.9 -9999.9 -9999.9 -0.0621999986 37.2971992493 -999.999 3678
MKN 2023 12 06 21 00 00 128 8.1 52.02 -99.9 -999.9 5.48 -99.9 -99.9 -99.9 -9999.9 -9999.9 -0.0621999986 37.2971992493 -999.999 3678
MKN 2023 12 06 22 00 00 128 7.7 44.2 -99.9 -999.9 6.33 -99.9 -99.9 -99.9 -9999.9 -9999.9 -0.0621999986 37.2971992493 -999.999 3678
MKN 2023 12 06 23 00 00 125 7.3 43.28 -99.9 -999.9 6.07 -99.9 -99.9 -99.9 -9999.9 -9999.9 -0.0621999986 37.2971992493 -999.999 3678
MKN 2023 12 07 00 00 00 134 7.3 47.25 -99.9 -999.9 5.47 -99.9 -99.9 -99.9 -9999.9 -9999.9 -0.0621999986 37.2971992493 -999.999 3678
MKN 2023 12 07 01 00 00 134 7.2 45.55 -99.9 -999.9 5.67 -99.9 -99.9 -99.9 -9999.9 -9999.9 -0.0621999986 37.2971992493 -999.999 3678
MKN 2023 12 07 02 00 00 130 7.7 44.43 -99.9 -999.9 6.53 -99.9 -99.9 -99.9 -9999.9 -9999.9 -0.0621999986 37.2971992493 -999.999 3678
MKN 2023 12 07 03 00 00 131 8.2 52.65 -99.9 -999.9 7.8 -99.9 -99.9 -99.9 -9999.9 -9999.9 -0.0621999986 37.2971992493 -999.999 3678
MKN 2023 12 07 04 00 00 132 7.2 51.68 -99.9 -999.9 9.25 -99.9 -99.9 -99.9 -9999.9 -9999.9 -0.0621999986 37.2971992493 -999.999 3678
MKN 2023 12 07 05 00 00 196 2.4 36.63 -99.9 -999.9 10.1 -99.9 -99.9 -99.9 -9999.9 -9999.9 -0.0621999986 37.2971992493 -999.999 3678
MKN 2023 12 07 06 00 00 104 6.7 30.63 -99.9 -999.9 11.4 -99.9 -99.9 -99.9 -9999.9 -9999.9 -0.0621999986 37.2971992493 -999.999 3678
MKN 2023 12 07 07 00 00 110 7 28.45 -99.9 -999.9 12.37 -99.9 -99.9 -99.9 -9999.9 -9999.9 -0.0621999986 37.2971992493 -999.999 3678
MKN 2023 12 07 08 00 00 80 5.3 38.07 -99.9 -999.9 11.72 -99.9 -99.9 -99.9 -9999.9 -9999.9 -0.0621999986 37.2971992493 -999.999 3678
MKN 2023 12 07 09 00 00 -99.9 4.8 65.92 -99.9 -999.9 10.55 -99.9 -99.9 -99.9 -9999.9 -9999.9 -0.0621999986 37.2971992493 -999.999 3678
MKN 2023 12 07 10 00 00 276 4.8 64.2 -99.9 -999.9 11.37 -99.9 -99.9 -99.9 -9999.9 -9999.9 -0.0621999986 37.2971992493 -999.999 3678
MKN 2023 12 07 11 00 00 259 7.7 63.58 -99.9 -999.9 11.15 -99.9 -99.9 -99.9 -9999.9 -9999.9 -0.0621999986 37.2971992493 -999.999 3678
MKN 2023 12 07 12 00 00 258 7.1 60.4 -99.9 -999.9 11.2 -99.9 -99.9 -99.9 -9999.9 -9999.9 -0.0621999986 37.2971992493 -999.999 3678
MKN 2023 12 07 13 00 00 351 5.9 80.07 -99.9 -999.9 9.48 -99.9 -99.9 -99.9 -9999.9 -9999.9 -0.0621999986 37.2971992493 -999.999 3678
MKN 2023 12 07 14 00 00 324 3.2 97.4 -99.9 -999.9 8.18 -99.9 -99.9 -99.9 -9999.9 -9999.9 -0.0621999986 37.2971992493 -999.999 3678
MKN 2023 12 07 15 00 00 299 2.8 99.27 -99.9 -999.9 7.32 -99.9 -99.9 -99.9 -9999.9 -9999.9 -0.0621999986 37.2971992493 -999.999 3678
MKN 2023 12 07 16 00 00 286 3.1 95.9 -99.9 -999.9 5.95 -99.9 -99.9 -99.9 -9999.9 -9999.9 -0.0621999986 37.2971992493 -999.999 3678
MKN 2023 12 07 17 00 00 225 1 95.95 -99.9 -999.9 4.32 -99.9 -99.9 -99.9 -9999.9 -9999.9 -0.0621999986 37.2971992493 -999.999 3678
MKN 2023 12 07 18 00 00 107 2.9 90.98 -99.9 -999.9 3.82 -99.9 -99.9 -99.9 -9999.9 -9999.9 -0.0621999986 37.2971992493 -999.999 3678
MKN 2023 12 07 19 00 00 103 2 87.67 -99.9 -999.9 3.7 -99.9 -99.9 -99.9 -9999.9 -9999.9 -0.0621999986 37.2971992493 -999.999 3678
MKN 2023 12 07 20 00 00 131 3.7 79.32 -99.9 -999.9 3.47 -99.9 -99.9 -99.9 -9999.9 -9999.9 -0.0621999986 37.2971992493 -999.999 3678
MKN 2023 12 07 21 00 00 141 3.8 68.92 -99.9 -999.9 3.47 -99.9 -99.9 -99.9 -9999.9 -9999.9 -0.0621999986 37.2971992493 -999.999 3678
MKN 2023 12 07 22 00 00 126 4.1 57.22 -99.9 -999.9 3.63 -99.9 -99.9 -99.9 -9999.9 -9999.9 -0.0621999986 37.2971992493 -999.999 3678
MKN 2023 12 07 23 00 00 99 1.4 57.23 -99.9 -999.9 2.77 -99.9 -99.9 -99.9 -9999.9 -9999.9 -0.0621999986 37.2971992493 -999.999 3678
MKN 2023 12 08 00 00 00 119 2.3 52.32 -99.9 -999.9 2.53 -99.9 -99.9 -99.9 -9999.9 -9999.9 -0.0621999986 37.2971992493 -999.999 3678
MKN 2023 12 08 01 00 00 115 3.8 49.6 -99.9 -999.9 2.97 -99.9 -99.9 -99.9 -9999.9 -9999.9 -0.0621999986 37.2971992493 -999.999 3678
MKN 2023 12 08 02 00 00 131 3.7 46.82 -99.9 -999.9 3.8 -99.9 -99.9 -99.9 -9999.9 -9999.9 -0.0621999986 37.2971992493 -999.999 3678
MKN 2023 12 08 03 00 00 134 5.5 41.6 -99.9 -999.9 3.85 -99.9 -99.9 -99.9 -9999.9 -9999.9 -0.0621999986 37.2971992493 -999.999 3678
MKN 2023 12 08 04 00 00 135 6.1 34 -99.9 -999.9 7.17 -99.9 -99.9 -99.9 -9999.9 -9999.9 -0.0621999986 37.2971992493 -999.999 3678
MKN 2023 12 08 05 00 00 124 5.5 36.67 -99.9 -999.9 9.7 -99.9 -99.9 -99.9 -9999.9 -9999.9 -0.0621999986 37.2971992493 -999.999 3678
MKN 2023 12 08 06 00 00 59 4.7 42.1 -99.9 -999.9 10.6 -99.9 -99.9 -99.9 -9999.9 -9999.9 -0.0621999986 37.2971992493 -999.999 3678
MKN 2023 12 08 07 00 00 343 4.3 44.72 -99.9 -999.9 11.32 -99.9 -99.9 -99.9 -9999.9 -9999.9 -0.0621999986 37.2971992493 -999.999 3678
MKN 2023 12 08 08 00 00 342 6.1 44.68 -99.9 -999.9 11.3 -99.9 -99.9 -99.9 -9999.9 -9999.9 -0.0621999986 37.2971992493 -999.999 3678
MKN 2023 12 08 09 00 00 331 4.9 48.4 -99.9 -999.9 11.65 -99.9 -99.9 -99.9 -9999.9 -9999.9 -0.0621999986 37.2971992493 -999.999 3678
MKN 2023 12 08 10 00 00 322 6.2 51.15 -99.9 -999.9 11.57 -99.9 -99.9 -99.9 -9999.9 -9999.9 -0.0621999986 37.2971992493 -999.999 3678
MKN 2023 12 08 11 00 00 319 3.9 56.7 -99.9 -999.9 11.3 -99.9 -99.9 -99.9 -9999.9 -9999.9 -0.0621999986 37.2971992493 -999.999 3678
MKN 2023 12 08 12 00 00 327 5 71.3 -99.9 -999.9 9.87 -99.9 -99.9 -99.9 -9999.9 -9999.9 -0.0621999986 37.2971992493 -999.999 3678
MKN 2023 12 08 13 00 00 350 3.6 88.68 -99.9 -999.9 8.98 -99.9 -99.9 -99.9 -9999.9 -9999.9 -0.0621999986 37.2971992493 -999.999 3678
MKN 2023 12 08 14 00 00 309 2.8 97.52 -99.9 -999.9 7.53 -99.9 -99.9 -99.9 -9999.9 -9999.9 -0.0621999986 37.2971992493 -999.999 3678
MKN 2023 12 08 15 00 00 328 2.2 98.55 -99.9 -999.9 6.13 -99.9 -99.9 -99.9 -9999.9 -9999.9 -0.0621999986 37.2971992493 -999.999 3678
MKN 2023 12 08 16 00 00 45 1.1 99.28 -99.9 -999.9 5.62 -99.9 -99.9 -99.9 -9999.9 -9999.9 -0.0621999986 37.2971992493 -999.999 3678
MKN 2023 12 08 17 00 00 172 2.4 99.2 -99.9 -999.9 4.85 -99.9 -99.9 -99.9 -9999.9 -9999.9 -0.0621999986 37.2971992493 -999.999 3678
MKN 2023 12 08 18 00 00 212 2 92.57 -99.9 -999.9 4.75 -99.9 -99.9 -99.9 -9999.9 -9999.9 -0.0621999986 37.2971992493 -999.999 3678
MKN 2023 12 08 19 00 00 220 2.5 88.08 -99.9 -999.9 4.52 -99.9 -99.9 -99.9 -9999.9 -9999.9 -0.0621999986 37.2971992493 -999.999 3678
MKN 2023 12 08 20 00 00 206 4 85.68 -99.9 -999.9 4.8 -99.9 -99.9 -99.9 -9999.9 -9999.9 -0.0621999986 37.2971992493 -999.999 3678
MKN 2023 12 08 21 00 00 222 4 83.35 -99.9 -999.9 4.47 -99.9 -99.9 -99.9 -9999.9 -9999.9 -0.0621999986 37.2971992493 -999.999 3678
MKN 2023 12 08 22 00 00 233 2.7 93.03 -99.9 -999.9 3.63 -99.9 -99.9 -99.9 -9999.9 -9999.9 -0.0621999986 37.2971992493 -999.999 3678
MKN 2023 12 08 23 00 00 210 2.5 95.3 -99.9 -999.9 3.58 -99.9 -99.9 -99.9 -9999.9 -9999.9 -0.0621999986 37.2971992493 -999.999 3678
MKN 2023 12 09 00 00 00 208 1.9 93.97 -99.9 -999.9 3.48 -99.9 -99.9 -99.9 -9999.9 -9999.9 -0.0621999986 37.2971992493 -999.999 3678
MKN 2023 12 09 01 00 00 220 1.6 97.32 -99.9 -999.9 3.53 -99.9 -99.9 -99.9 -9999.9 -9999.9 -0.0621999986 37.2971992493 -999.999 3678
MKN 2023 12 09 02 00 00 189 0.8 90.6 -99.9 -999.9 3.17 -99.9 -99.9 -99.9 -9999.9 -9999.9 -0.0621999986 37.2971992493 -999.999 3678
MKN 2023 12 09 03 00 00 106 1.5 82.43 -99.9 -999.9 3.9 -99.9 -99.9 -99.9 -9999.9 -9999.9 -0.0621999986 37.2971992493 -999.999 3678
MKN 2023 12 09 04 00 00 153 1.3 66.18 -99.9 -999.9 7.08 -99.9 -99.9 -99.9 -9999.9 -9999.9 -0.0621999986 37.2971992493 -999.999 3678
MKN 2023 12 09 05 00 00 270 0.6 60.75 -99.9 -999.9 10.05 -99.9 -99.9 -99.9 -9999.9 -9999.9 -0.0621999986 37.2971992493 -999.999 3678
MKN 2023 12 09 06 00 00 18 1.4 74.33 -99.9 -999.9 10.22 -99.9 -99.9 -99.9 -9999.9 -9999.9 -0.0621999986 37.2971992493 -999.999 3678
MKN 2023 12 09 07 00 00 312 2.6 85.08 -99.9 -999.9 9.82 -99.9 -99.9 -99.9 -9999.9 -9999.9 -0.0621999986 37.2971992493 -999.999 3678
MKN 2023 12 09 08 00 00 301 2.6 88.12 -99.9 -999.9 9.03 -99.9 -99.9 -99.9 -9999.9 -9999.9 -0.0621999986 37.2971992493 -999.999 3678
MKN 2023 12 09 09 00 00 281 3.3 96.07 -99.9 -999.9 8.15 -99.9 -99.9 -99.9 -9999.9 -9999.9 -0.0621999986 37.2971992493 -999.999 3678
MKN 2023 12 09 10 00 00 288 2.7 98.33 -99.9 -999.9 8.07 -99.9 -99.9 -99.9 -9999.9 -9999.9 -0.0621999986 37.2971992493 -999.999 3678
MKN 2023 12 09 11 00 00 263 3.1 99.3 -99.9 -999.9 7.7 -99.9 -99.9 -99.9 -9999.9 -9999.9 -0.0621999986 37.2971992493 -999.999 3678
MKN 2023 12 09 12 00 00 263 3.5 99.18 -99.9 -999.9 8.85 -99.9 -99.9 -99.9 -9999.9 -9999.9 -0.0621999986 37.2971992493 -999.999 3678
MKN 2023 12 09 13 00 00 294 3.8 99.3 -99.9 -999.9 7.97 -99.9 -99.9 -99.9 -9999.9 -9999.9 -0.0621999986 37.2971992493 -999.999 3678
MKN 2023 12 09 14 00 00 265 3.8 99.28 -99.9 -999.9 8.02 -99.9 -99.9 -99.9 -9999.9 -9999.9 -0.0621999986 37.2971992493 -999.999 3678
MKN 2023 12 09 15 00 00 256 3.3 99.3 -99.9 -999.9 7.42 -99.9 -99.9 -99.9 -9999.9 -9999.9 -0.0621999986 37.2971992493 -999.999 3678
MKN 2023 12 09 16 00 00 241 2.6 99.3 -99.9 -999.9 6.27 -99.9 -99.9 -99.9 -9999.9 -9999.9 -0.0621999986 37.2971992493 -999.999 3678
MKN 2023 12 09 17 00 00 129 2.4 99.25 -99.9 -999.9 5.98 -99.9 -99.9 -99.9 -9999.9 -9999.9 -0.0621999986 37.2971992493 -999.999 3678
MKN 2023 12 09 18 00 00 150 1.9 99.27 -99.9 -999.9 5.27 -99.9 -99.9 -99.9 -9999.9 -9999.9 -0.0621999986 37.2971992493 -999.999 3678
MKN 2023 12 09 19 00 00 225 0.7 99.3 -99.9 -999.9 6.12 -99.9 -99.9 -99.9 -9999.9 -9999.9 -0.0621999986 37.2971992493 -999.999 3678
MKN 2023 12 09 20 00 00 169 2.1 98.03 -99.9 -999.9 6.47 -99.9 -99.9 -99.9 -9999.9 -9999.9 -0.0621999986 37.2971992493 -999.999 3678
MKN 2023 12 09 21 00 00 233 1.9 99.27 -99.9 -999.9 6.13 -99.9 -99.9 -99.9 -9999.9 -9999.9 -0.0621999986 37.2971992493 -999.999 3678
MKN 2023 12 09 22 00 00 196 1.5 99.23 -99.9 -999.9 5.9 -99.9 -99.9 -99.9 -9999.9 -9999.9 -0.0621999986 37.2971992493 -999.999 3678
MKN 2023 12 09 23 00 00 168 1.8 99.25 -99.9 -999.9 4.72 -99.9 -99.9 -99.9 -9999.9 -9999.9 -0.0621999986 37.2971992493 -999.999 3678
MKN 2023 12 10 00 00 00 201 2 98.55 -99.9 -999.9 4.52 -99.9 -99.9 -99.9 -9999.9 -9999.9 -0.0621999986 37.2971992493 -999.999 3678
MKN 2023 12 10 01 00 00 221 2 98.97 -99.9 -999.9 4.72 -99.9 -99.9 -99.9 -9999.9 -9999.9 -0.0621999986 37.2971992493 -999.999 3678
MKN 2023 12 10 02 00 00 235 1.3 97.75 -99.9 -999.9 4.48 -99.9 -99.9 -99.9 -9999.9 -9999.9 -0.0621999986 37.2971992493 -999.999 3678
MKN 2023 12 10 03 00 00 196 0.8 97.17 -99.9 -999.9 4.98 -99.9 -99.9 -99.9 -9999.9 -9999.9 -0.0621999986 37.2971992493 -999.999 3678
MKN 2023 12 10 04 00 00 145 2 95.4 -99.9 -999.9 6.53 -99.9 -99.9 -99.9 -9999.9 -9999.9 -0.0621999986 37.2971992493 -999.999 3678
MKN 2023 12 10 05 00 00 120 2.4 98.88 -99.9 -999.9 7.62 -99.9 -99.9 -99.9 -9999.9 -9999.9 -0.0621999986 37.2971992493 -999.999 3678
MKN 2023 12 10 06 00 00 352 2.3 99.3 -99.9 -999.9 8.28 -99.9 -99.9 -99.9 -9999.9 -9999.9 -0.0621999986 37.2971992493 -999.999 3678
MKN 2023 12 10 07 00 00 354 2.5 99.3 -99.9 -999.9 7.97 -99.9 -99.9 -99.9 -9999.9 -9999.9 -0.0621999986 37.2971992493 -999.999 3678
MKN 2023 12 10 08 00 00 324 3.2 99.4 -99.9 -999.9 7.58 -99.9 -99.9 -99.9 -9999.9 -9999.9 -0.0621999986 37.2971992493 -999.999 3678
MKN 2023 12 10 09 00 00 320 2.9 99.4 -99.9 -999.9 7.52 -99.9 -99.9 -99.9 -9999.9 -9999.9 -0.0621999986 37.2971992493 -999.999 3678
MKN 2023 12 10 10 00 00 313 2.8 99.4 -99.9 -999.9 7.5 -99.9 -99.9 -99.9 -9999.9 -9999.9 -0.0621999986 37.2971992493 -999.999 3678
MKN 2023 12 10 11 00 00 288 2.7 99.6 -99.9 -999.9 7.45 -99.9 -99.9 -99.9 -9999.9 -9999.9 -0.0621999986 37.2971992493 -999.999 3678
MKN 2023 12 10 12 00 00 276 2.8 100 -99.9 -999.9 7.57 -99.9 -99.9 -99.9 -9999.9 -9999.9 -0.0621999986 37.2971992493 -999.999 3678
MKN 2023 12 10 13 00 00 262 3.2 100 -99.9 -999.9 7.62 -99.9 -99.9 -99.9 -9999.9 -9999.9 -0.0621999986 37.2971992493 -999.999 3678
MKN 2023 12 10 14 00 00 270 1.7 100 -99.9 -999.9 7.72 -99.9 -99.9 -99.9 -9999.9 -9999.9 -0.0621999986 37.2971992493 -999.999 3678
MKN 2023 12 10 15 00 00 291 1.6 100 -99.9 -999.9 7.18 -99.9 -99.9 -99.9 -9999.9 -9999.9 -0.0621999986 37.2971992493 -999.999 3678
MKN 2023 12 10 16 00 00 270 0.8 100 -99.9 -999.9 6.84 -99.9 -99.9 -99.9 -9999.9 -9999.9 -0.0621999986 37.2971992493 -999.999 3678
MKN 2023 12 10 17 00 00 256 1.5 -99.9 -99.9 -999.9 -99.9 -99.9 -99.9 -99.9 -9999.9 -9999.9 -0.0621999986 37.2971992493 -999.999 3678
MKN 2023 12 10 20 00 00 -99.9 -99.9 99.9 -99.9 -999.9 4.13 -99.9 -99.9 -99.9 -9999.9 -9999.9 -0.0621999986 37.2971992493 -999.999 3678
MKN 2023 12 10 21 00 00 132 4.9 -99.9 -99.9 -999.9 -99.9 -99.9 -99.9 -99.9 -9999.9 -9999.9 -0.0621999986 37.2971992493 -999.999 3678
MKN 2023 12 10 23 00 00 -99.9 -99.9 99.9 -99.9 -999.9 3.74 -99.9 -99.9 -99.9 -9999.9 -9999.9 -0.0621999986 37.2971992493 -999.999 3678
MKN 2023 12 11 00 00 00 105 5.6 99.9 -99.9 -999.9 3.18 -99.9 -99.9 -99.9 -9999.9 -9999.9 -0.0621999986 37.2971992493 -999.999 3678
MKN 2023 12 11 01 00 00 111 6.9 99.87 -99.9 -999.9 3.62 -99.9 -99.9 -99.9 -9999.9 -9999.9 -0.0621999986 37.2971992493 -999.999 3678
MKN 2023 12 11 02 00 00 120 7.5 96.48 -99.9 -999.9 4.62 -99.9 -99.9 -99.9 -9999.9 -9999.9 -0.0621999986 37.2971992493 -999.999 3678
MKN 2023 12 11 03 00 00 107 5.8 78.27 -99.9 -999.9 4.87 -99.9 -99.9 -99.9 -9999.9 -9999.9 -0.0621999986 37.2971992493 -999.999 3678
MKN 2023 12 11 04 00 00 106 5.1 64.85 -99.9 -999.9 7.97 -99.9 -99.9 -99.9 -9999.9 -9999.9 -0.0621999986 37.2971992493 -999.999 3678
MKN 2023 12 11 05 00 00 95 5.6 59.22 -99.9 -999.9 10.25 -99.9 -99.9 -99.9 -9999.9 -9999.9 -0.0621999986 37.2971992493 -999.999 3678
MKN 2023 12 11 06 00 00 81 5.4 60.52 -99.9 -999.9 10.87 -99.9 -99.9 -99.9 -9999.9 -9999.9 -0.0621999986 37.2971992493 -999.999 3678
MKN 2023 12 11 07 00 00 70 7.1 64.08 -99.9 -999.9 11.2 -99.9 -99.9 -99.9 -9999.9 -9999.9 -0.0621999986 37.2971992493 -999.999 3678
MKN 2023 12 11 08 00 00 72 5.4 93.6 -99.9 -999.9 8.98 -99.9 -99.9 -99.9 -9999.9 -9999.9 -0.0621999986 37.2971992493 -999.999 3678
MKN 2023 12 11 09 00 00 336 8.2 99.4 -99.9 -999.9 7.18 -99.9 -99.9 -99.9 -9999.9 -9999.9 -0.0621999986 37.2971992493 -999.999 3678
MKN 2023 12 11 10 00 00 296 3.3 99.33 -99.9 -999.9 7.52 -99.9 -99.9 -99.9 -9999.9 -9999.9 -0.0621999986 37.2971992493 -999.999 3678
MKN 2023 12 11 11 00 00 307 3.3 99.32 -99.9 -999.9 7.5 -99.9 -99.9 -99.9 -9999.9 -9999.9 -0.0621999986 37.2971992493 -999.999 3678
MKN 2023 12 11 12 00 00 341 2.6 99.4 -99.9 -999.9 7.25 -99.9 -99.9 -99.9 -9999.9 -9999.9 -0.0621999986 37.2971992493 -999.999 3678
MKN 2023 12 11 13 00 00 356 1.5 99.4 -99.9 -999.9 7.32 -99.9 -99.9 -99.9 -9999.9 -9999.9 -0.0621999986 37.2971992493 -999.999 3678
MKN 2023 12 11 14 00 00 288 1.3 99.35 -99.9 -999.9 7.63 -99.9 -99.9 -99.9 -9999.9 -9999.9 -0.0621999986 37.2971992493 -999.999 3678
MKN 2023 12 11 15 00 00 292 1.4 99.38 -99.9 -999.9 6.67 -99.9 -99.9 -99.9 -9999.9 -9999.9 -0.0621999986 37.2971992493 -999.999 3678
MKN 2023 12 11 16 00 00 207 1.8 99.02 -99.9 -999.9 5.2 -99.9 -99.9 -99.9 -9999.9 -9999.9 -0.0621999986 37.2971992493 -999.999 3678
MKN 2023 12 11 17 00 00 129 4.2 90.65 -99.9 -999.9 5.95 -99.9 -99.9 -99.9 -9999.9 -9999.9 -0.0621999986 37.2971992493 -999.999 3678
MKN 2023 12 11 18 00 00 143 7 85.48 -99.9 -999.9 6.1 -99.9 -99.9 -99.9 -9999.9 -9999.9 -0.0621999986 37.2971992493 -999.999 3678
MKN 2023 12 11 19 00 00 136 7 89.15 -99.9 -999.9 5.15 -99.9 -99.9 -99.9 -9999.9 -9999.9 -0.0621999986 37.2971992493 -999.999 3678
MKN 2023 12 11 20 00 00 134 5.8 87.4 -99.9 -999.9 4.5 -99.9 -99.9 -99.9 -9999.9 -9999.9 -0.0621999986 37.2971992493 -999.999 3678
MKN 2023 12 11 21 00 00 121 7.3 82.32 -99.9 -999.9 4.95 -99.9 -99.9 -99.9 -9999.9 -9999.9 -0.0621999986 37.2971992493 -999.999 3678
MKN 2023 12 11 22 00 00 123 7.8 79.95 -99.9 -999.9 4.92 -99.9 -99.9 -99.9 -9999.9 -9999.9 -0.0621999986 37.2971992493 -999.999 3678
MKN 2023 12 11 23 00 00 126 7.6 72.38 -99.9 -999.9 5.03 -99.9 -99.9 -99.9 -9999.9 -9999.9 -0.0621999986 37.2971992493 -999.999 3678
MKN 2023 12 12 00 00 00 122 7.7 69.42 -99.9 -999.9 5.33 -99.9 -99.9 -99.9 -9999.9 -9999.9 -0.0621999986 37.2971992493 -999.999 3678
MKN 2023 12 12 01 00 00 111 7.9 70.95 -99.9 -999.9 5.18 -99.9 -99.9 -99.9 -9999.9 -9999.9 -0.0621999986 37.2971992493 -999.999 3678
MKN 2023 12 12 02 00 00 119 7 69.42 -99.9 -999.9 5.5 -99.9 -99.9 -99.9 -9999.9 -9999.9 -0.0621999986 37.2971992493 -999.999 3678
MKN 2023 12 12 03 00 00 121 7.1 70.18 -99.9 -999.9 5.2 -99.9 -99.9 -99.9 -9999.9 -9999.9 -0.0621999986 37.2971992493 -999.999 3678
MKN 2023 12 12 04 00 00 118 7.8 63.2 -99.9 -999.9 7.57 -99.9 -99.9 -99.9 -9999.9 -9999.9 -0.0621999986 37.2971992493 -999.999 3678
MKN 2023 12 12 05 00 00 99 6.7 56.03 -99.9 -999.9 10.35 -99.9 -99.9 -99.9 -9999.9 -9999.9 -0.0621999986 37.2971992493 -999.999 3678
MKN 2023 12 12 06 00 00 80 5.9 53.02 -99.9 -999.9 11.5 -99.9 -99.9 -99.9 -9999.9 -9999.9 -0.0621999986 37.2971992493 -999.999 3678
MKN 2023 12 12 07 00 00 63 6.1 67.48 -99.9 -999.9 11.82 -99.9 -99.9 -99.9 -9999.9 -9999.9 -0.0621999986 37.2971992493 -999.999 3678
MKN 2023 12 12 08 00 00 17 6.6 90.82 -99.9 -999.9 10.2 -99.9 -99.9 -99.9 -9999.9 -9999.9 -0.0621999986 37.2971992493 -999.999 3678
MKN 2023 12 12 09 00 00 348 5.7 99.3 -99.9 -999.9 8.73 -99.9 -99.9 -99.9 -9999.9 -9999.9 -0.0621999986 37.2971992493 -999.999 3678
MKN 2023 12 12 10 00 00 357 5.5 98.92 -99.9 -999.9 8.43 -99.9 -99.9 -99.9 -9999.9 -9999.9 -0.0621999986 37.2971992493 -999.999 3678
MKN 2023 12 12 11 00 00 2 4.9 99.23 -99.9 -999.9 8.3 -99.9 -99.9 -99.9 -9999.9 -9999.9 -0.0621999986 37.2971992493 -999.999 3678
MKN 2023 12 12 12 00 00 0 4.1 99.27 -99.9 -999.9 8.05 -99.9 -99.9 -99.9 -9999.9 -9999.9 -0.0621999986 37.2971992493 -999.999 3678
MKN 2023 12 12 13 00 00 331 2.6 98.37 -99.9 -999.9 8.63 -99.9 -99.9 -99.9 -9999.9 -9999.9 -0.0621999986 37.2971992493 -999.999 3678
MKN 2023 12 12 14 00 00 305 1.8 99.23 -99.9 -999.9 8.82 -99.9 -99.9 -99.9 -9999.9 -9999.9 -0.0621999986 37.2971992493 -999.999 3678
MKN 2023 12 12 15 00 00 290 1.7 99.35 -99.9 -999.9 7.45 -99.9 -99.9 -99.9 -9999.9 -9999.9 -0.0621999986 37.2971992493 -999.999 3678
MKN 2023 12 12 16 00 00 219 1.4 91.4 -99.9 -999.9 5.98 -99.9 -99.9 -99.9 -9999.9 -9999.9 -0.0621999986 37.2971992493 -999.999 3678
MKN 2023 12 12 17 00 00 162 0.9 80.87 -99.9 -999.9 4.6 -99.9 -99.9 -99.9 -9999.9 -9999.9 -0.0621999986 37.2971992493 -999.999 3678
MKN 2023 12 12 18 00 00 172 1.6 71.85 -99.9 -999.9 4.35 -99.9 -99.9 -99.9 -9999.9 -9999.9 -0.0621999986 37.2971992493 -999.999 3678
MKN 2023 12 12 19 00 00 116 2.6 77.37 -99.9 -999.9 4.62 -99.9 -99.9 -99.9 -9999.9 -9999.9 -0.0621999986 37.2971992493 -999.999 3678
MKN 2023 12 12 20 00 00 120 2.5 68.23 -99.9 -999.9 4.28 -99.9 -99.9 -99.9 -9999.9 -9999.9 -0.0621999986 37.2971992493 -999.999 3678
MKN 2023 12 12 21 00 00 129 3.2 63.12 -99.9 -999.9 4.67 -99.9 -99.9 -99.9 -9999.9 -9999.9 -0.0621999986 37.2971992493 -999.999 3678
MKN 2023 12 12 22 00 00 135 1.7 64.9 -99.9 -999.9 3.87 -99.9 -99.9 -99.9 -9999.9 -9999.9 -0.0621999986 37.2971992493 -999.999 3678
MKN 2023 12 12 23 00 00 118 2.3 59.73 -99.9 -999.9 4.5 -99.9 -99.9 -99.9 -9999.9 -9999.9 -0.0621999986 37.2971992493 -999.999 3678
MKN 2023 12 13 00 00 00 107 3 59.38 -99.9 -999.9 4.45 -99.9 -99.9 -99.9 -9999.9 -9999.9 -0.0621999986 37.2971992493 -999.999 3678
MKN 2023 12 13 01 00 00 125 2.6 87.22 -99.9 -999.9 3.77 -99.9 -99.9 -99.9 -9999.9 -9999.9 -0.0621999986 37.2971992493 -999.999 3678
MKN 2023 12 13 02 00 00 189 1.9 64.73 -99.9 -999.9 3.97 -99.9 -99.9 -99.9 -9999.9 -9999.9 -0.0621999986 37.2971992493 -999.999 3678
MKN 2023 12 13 03 00 00 118 4.6 59.18 -99.9 -999.9 4.85 -99.9 -99.9 -99.9 -9999.9 -9999.9 -0.0621999986 37.2971992493 -999.999 3678
MKN 2023 12 13 04 00 00 117 4.5 62.32 -99.9 -999.9 7.27 -99.9 -99.9 -99.9 -9999.9 -9999.9 -0.0621999986 37.2971992493 -999.999 3678
MKN 2023 12 13 05 00 00 111 2.5 90.68 -99.9 -999.9 8.07 -99.9 -99.9 -99.9 -9999.9 -9999.9 -0.0621999986 37.2971992493 -999.999 3678
MKN 2023 12 13 06 00 00 351 2.4 95.18 -99.9 -999.9 8.67 -99.9 -99.9 -99.9 -9999.9 -9999.9 -0.0621999986 37.2971992493 -999.999 3678
MKN 2023 12 13 07 00 00 2 3.2 93 -99.9 -999.9 9.4 -99.9 -99.9 -99.9 -9999.9 -9999.9 -0.0621999986 37.2971992493 -999.999 3678
MKN 2023 12 13 08 00 00 328 3.7 98.73 -99.9 -999.9 8.4 -99.9 -99.9 -99.9 -9999.9 -9999.9 -0.0621999986 37.2971992493 -999.999 3678
MKN 2023 12 13 09 00 00 332 3.4 99.2 -99.9 -999.9 8.68 -99.9 -99.9 -99.9 -9999.9 -9999.9 -0.0621999986 37.2971992493 -999.999 3678
MKN 2023 12 13 10 00 00 318 2.9 99.2 -99.9 -999.9 9.12 -99.9 -99.9 -99.9 -9999.9 -9999.9 -0.0621999986 37.2971992493 -999.999 3678
MKN 2023 12 13 11 00 00 318 3.2 99.33 -99.9 -999.9 8.8 -99.9 -99.9 -99.9 -9999.9 -9999.9 -0.0621999986 37.2971992493 -999.999 3678
MKN 2023 12 13 12 00 00 33 2.6 99.33 -99.9 -999.9 8.6 -99.9 -99.9 -99.9 -9999.9 -9999.9 -0.0621999986 37.2971992493 -999.999 3678
MKN 2023 12 13 13 00 00 310 3 99.4 -99.9 -999.9 7.95 -99.9 -99.9 -99.9 -9999.9 -9999.9 -0.0621999986 37.2971992493 -999.999 3678
MKN 2023 12 13 14 00 00 277 1.9 99.4 -99.9 -999.9 7.52 -99.9 -99.9 -99.9 -9999.9 -9999.9 -0.0621999986 37.2971992493 -999.999 3678
MKN 2023 12 13 15 00 00 83 2.5 99.4 -99.9 -999.9 7.72 -99.9 -99.9 -99.9 -9999.9 -9999.9 -0.0621999986 37.2971992493 -999.999 3678
MKN 2023 12 13 16 00 00 333 0.6 99.4 -99.9 -999.9 7.25 -99.9 -99.9 -99.9 -9999.9 -9999.9 -0.0621999986 37.2971992493 -999.999 3678
MKN 2023 12 13 17 00 00 117 1.1 99.37 -99.9 -999.9 7.08 -99.9 -99.9 -99.9 -9999.9 -9999.9 -0.0621999986 37.2971992493 -999.999 3678
MKN 2023 12 13 18 00 00 114 1.3 99.32 -99.9 -999.9 6.45 -99.9 -99.9 -99.9 -9999.9 -9999.9 -0.0621999986 37.2971992493 -999.999 3678
MKN 2023 12 13 19 00 00 146 1 99.3 -99.9 -999.9 6.52 -99.9 -99.9 -99.9 -9999.9 -9999.9 -0.0621999986 37.2971992493 -999.999 3678
MKN 2023 12 13 20 00 00 165 1.3 99.3 -99.9 -999.9 4.77 -99.9 -99.9 -99.9 -9999.9 -9999.9 -0.0621999986 37.2971992493 -999.999 3678
MKN 2023 12 13 21 00 00 131 1.9 99.28 -99.9 -999.9 4.88 -99.9 -99.9 -99.9 -9999.9 -9999.9 -0.0621999986 37.2971992493 -999.999 3678
MKN 2023 12 13 22 00 00 110 1.2 99.3 -99.9 -999.9 5.73 -99.9 -99.9 -99.9 -9999.9 -9999.9 -0.0621999986 37.2971992493 -999.999 3678
MKN 2023 12 13 23 00 00 108 1.6 99.3 -99.9 -999.9 5.92 -99.9 -99.9 -99.9 -9999.9 -9999.9 -0.0621999986 37.2971992493 -999.999 3678
MKN 2023 12 14 00 00 00 165 1.6 99.3 -99.9 -999.9 4.85 -99.9 -99.9 -99.9 -9999.9 -9999.9 -0.0621999986 37.2971992493 -999.999 3678
MKN 2023 12 14 01 00 00 171 1.3 99.3 -99.9 -999.9 4.72 -99.9 -99.9 -99.9 -9999.9 -9999.9 -0.0621999986 37.2971992493 -999.999 3678
MKN 2023 12 14 02 00 00 109 2.1 99.27 -99.9 -999.9 4.1 -99.9 -99.9 -99.9 -9999.9 -9999.9 -0.0621999986 37.2971992493 -999.999 3678
MKN 2023 12 14 03 00 00 129 0.9 99.3 -99.9 -999.9 3.58 -99.9 -99.9 -99.9 -9999.9 -9999.9 -0.0621999986 37.2971992493 -999.999 3678
MKN 2023 12 14 04 00 00 120 2.2 96 -99.9 -999.9 6.87 -99.9 -99.9 -99.9 -9999.9 -9999.9 -0.0621999986 37.2971992493 -999.999 3678
MKN 2023 12 14 05 00 00 90 1.6 90.57 -99.9 -999.9 8.62 -99.9 -99.9 -99.9 -9999.9 -9999.9 -0.0621999986 37.2971992493 -999.999 3678
MKN 2023 12 14 06 00 00 26 3.4 99.07 -99.9 -999.9 7.57 -99.9 -99.9 -99.9 -9999.9 -9999.9 -0.0621999986 37.2971992493 -999.999 3678
MKN 2023 12 14 07 00 00 357 3.9 -99.9 -99.9 -999.9 -99.9 -99.9 -99.9 -99.9 -9999.9 -9999.9 -0.0621999986 37.2971992493 -999.999 3678
MKN 2023 12 14 15 00 00 -99.9 -99.9 99.4 -99.9 -999.9 7.8 -99.9 -99.9 -99.9 -9999.9 -9999.9 -0.0621999986 37.2971992493 -999.999 3678
MKN 2023 12 14 16 00 00 111 1.3 99.4 -99.9 -999.9 7.32 -99.9 -99.9 -99.9 -9999.9 -9999.9 -0.0621999986 37.2971992493 -999.999 3678
MKN 2023 12 14 17 00 00 121 2.6 99.37 -99.9 -999.9 6.93 -99.9 -99.9 -99.9 -9999.9 -9999.9 -0.0621999986 37.2971992493 -999.999 3678
MKN 2023 12 14 18 00 00 130 1.5 99.3 -99.9 -999.9 5.72 -99.9 -99.9 -99.9 -9999.9 -9999.9 -0.0621999986 37.2971992493 -999.999 3678
MKN 2023 12 14 19 00 00 118 1.8 99.27 -99.9 -999.9 5.37 -99.9 -99.9 -99.9 -9999.9 -9999.9 -0.0621999986 37.2971992493 -999.999 3678
MKN 2023 12 14 20 00 00 121 3.8 98.8 -99.9 -999.9 5.57 -99.9 -99.9 -99.9 -9999.9 -9999.9 -0.0621999986 37.2971992493 -999.999 3678
MKN 2023 12 14 21 00 00 110 2.9 97.92 -99.9 -999.9 5.63 -99.9 -99.9 -99.9 -9999.9 -9999.9 -0.0621999986 37.2971992493 -999.999 3678
MKN 2023 12 14 22 00 00 106 2.1 96.68 -99.9 -999.9 5.5 -99.9 -99.9 -99.9 -9999.9 -9999.9 -0.0621999986 37.2971992493 -999.999 3678
MKN 2023 12 14 23 00 00 124 1 98.05 -99.9 -999.9 4.97 -99.9 -99.9 -99.9 -9999.9 -9999.9 -0.0621999986 37.2971992493 -999.999 3678
MKN 2023 12 15 00 00 00 135 1.4 97.9 -99.9 -999.9 4.37 -99.9 -99.9 -99.9 -9999.9 -9999.9 -0.0621999986 37.2971992493 -999.999 3678
MKN 2023 12 15 01 00 00 112 1.2 96.33 -99.9 -999.9 4.25 -99.9 -99.9 -99.9 -9999.9 -9999.9 -0.0621999986 37.2971992493 -999.999 3678
MKN 2023 12 15 02 00 00 152 2 93 -99.9 -999.9 5.17 -99.9 -99.9 -99.9 -9999.9 -9999.9 -0.0621999986 37.2971992493 -999.999 3678
MKN 2023 12 15 03 00 00 205 1.8 93.82 -99.9 -999.9 4.98 -99.9 -99.9 -99.9 -9999.9 -9999.9 -0.0621999986 37.2971992493 -999.999 3678
MKN 2023 12 15 04 00 00 196 2 82.88 -99.9 -999.9 6.97 -99.9 -99.9 -99.9 -9999.9 -9999.9 -0.0621999986 37.2971992493 -999.999 3678
MKN 2023 12 15 05 00 00 315 1.6 84.68 -99.9 -999.9 8.1 -99.9 -99.9 -99.9 -9999.9 -9999.9 -0.0621999986 37.2971992493 -999.999 3678
MKN 2023 12 15 06 00 00 336 2.8 96.35 -99.9 -999.9 7.62 -99.9 -99.9 -99.9 -9999.9 -9999.9 -0.0621999986 37.2971992493 -999.999 3678
MKN 2023 12 15 07 00 00 324 2.4 99.32 -99.9 -999.9 7.2 -99.9 -99.9 -99.9 -9999.9 -9999.9 -0.0621999986 37.2971992493 -999.999 3678
MKN 2023 12 15 08 00 00 333 2.3 99.35 -99.9 -999.9 8.08 -99.9 -99.9 -99.9 -9999.9 -9999.9 -0.0621999986 37.2971992493 -999.999 3678
MKN 2023 12 15 09 00 00 351 2.5 99.35 -99.9 -999.9 8.15 -99.9 -99.9 -99.9 -9999.9 -9999.9 -0.0621999986 37.2971992493 -999.999 3678
MKN 2023 12 15 10 00 00 351 3.9 99.4 -99.9 -999.9 7.8 -99.9 -99.9 -99.9 -9999.9 -9999.9 -0.0621999986 37.2971992493 -999.999 3678
MKN 2023 12 15 11 00 00 346 3.9 99.37 -99.9 -999.9 8.07 -99.9 -99.9 -99.9 -9999.9 -9999.9 -0.0621999986 37.2971992493 -999.999 3678
MKN 2023 12 15 12 00 00 -99.9 1.9 99.33 -99.9 -999.9 8.65 -99.9 -99.9 -99.9 -9999.9 -9999.9 -0.0621999986 37.2971992493 -999.999 3678
MKN 2023 12 15 13 00 00 2 2.6 99.3 -99.9 -999.9 8.92 -99.9 -99.9 -99.9 -9999.9 -9999.9 -0.0621999986 37.2971992493 -999.999 3678
MKN 2023 12 15 14 00 00 17 2.3 99.38 -99.9 -999.9 8.22 -99.9 -99.9 -99.9 -9999.9 -9999.9 -0.0621999986 37.2971992493 -999.999 3678
MKN 2023 12 15 15 00 00 289 2.3 99.4 -99.9 -999.9 7.72 -99.9 -99.9 -99.9 -9999.9 -9999.9 -0.0621999986 37.2971992493 -999.999 3678
MKN 2023 12 15 16 00 00 265 1.4 99.4 -99.9 -999.9 7.32 -99.9 -99.9 -99.9 -9999.9 -9999.9 -0.0621999986 37.2971992493 -999.999 3678
MKN 2023 12 15 17 00 00 126 1 99.28 -99.9 -999.9 6.13 -99.9 -99.9 -99.9 -9999.9 -9999.9 -0.0621999986 37.2971992493 -999.999 3678
MKN 2023 12 15 18 00 00 124 2.7 99.28 -99.9 -999.9 6.27 -99.9 -99.9 -99.9 -9999.9 -9999.9 -0.0621999986 37.2971992493 -999.999 3678
MKN 2023 12 15 19 00 00 159 1.6 99.4 -99.9 -999.9 6.55 -99.9 -99.9 -99.9 -9999.9 -9999.9 -0.0621999986 37.2971992493 -999.999 3678
MKN 2023 12 15 20 00 00 207 1.1 99.4 -99.9 -999.9 6.73 -99.9 -99.9 -99.9 -9999.9 -9999.9 -0.0621999986 37.2971992493 -999.999 3678
MKN 2023 12 15 21 00 00 90 0.7 99.38 -99.9 -999.9 7.13 -99.9 -99.9 -99.9 -9999.9 -9999.9 -0.0621999986 37.2971992493 -999.999 3678
MKN 2023 12 15 22 00 00 111 3 99.33 -99.9 -999.9 7.15 -99.9 -99.9 -99.9 -9999.9 -9999.9 -0.0621999986 37.2971992493 -999.999 3678
MKN 2023 12 15 23 00 00 90 1.4 99.38 -99.9 -999.9 6.7 -99.9 -99.9 -99.9 -9999.9 -9999.9 -0.0621999986 37.2971992493 -999.999 3678
MKN 2023 12 16 00 00 00 114 1.9 99.4 -99.9 -999.9 6.77 -99.9 -99.9 -99.9 -9999.9 -9999.9 -0.0621999986 37.2971992493 -999.999 3678
MKN 2023 12 16 01 00 00 203 1.3 99.28 -99.9 -999.9 6.5 -99.9 -99.9 -99.9 -9999.9 -9999.9 -0.0621999986 37.2971992493 -999.999 3678
MKN 2023 12 16 02 00 00 -99.9 0.7 99.33 -99.9 -999.9 6.42 -99.9 -99.9 -99.9 -9999.9 -9999.9 -0.0621999986 37.2971992493 -999.999 3678
MKN 2023 12 16 03 00 00 321 0.8 99.4 -99.9 -999.9 6.38 -99.9 -99.9 -99.9 -9999.9 -9999.9 -0.0621999986 37.2971992493 -999.999 3678
MKN 2023 12 16 04 00 00 239 1.3 99.35 -99.9 -999.9 7.13 -99.9 -99.9 -99.9 -9999.9 -9999.9 -0.0621999986 37.2971992493 -999.999 3678
MKN 2023 12 16 05 00 00 209 1.6 99.28 -99.9 -999.9 8.58 -99.9 -99.9 -99.9 -9999.9 -9999.9 -0.0621999986 37.2971992493 -999.999 3678
MKN 2023 12 16 06 00 00 91 4.1 99.32 -99.9 -999.9 8.27 -99.9 -99.9 -99.9 -9999.9 -9999.9 -0.0621999986 37.2971992493 -999.999 3678
MKN 2023 12 16 07 00 00 161 2.7 99.35 -99.9 -999.9 8.15 -99.9 -99.9 -99.9 -9999.9 -9999.9 -0.0621999986 37.2971992493 -999.999 3678
MKN 2023 12 16 08 00 00 246 2.2 99.4 -99.9 -999.9 8.07 -99.9 -99.9 -99.9 -9999.9 -9999.9 -0.0621999986 37.2971992493 -999.999 3678
MKN 2023 12 16 09 00 00 307 2.8 99.4 -99.9 -999.9 8.25 -99.9 -99.9 -99.9 -9999.9 -9999.9 -0.0621999986 37.2971992493 -999.999 3678
MKN 2023 12 16 10 00 00 330 3.2 99.4 -99.9 -999.9 7.9 -99.9 -99.9 -99.9 -9999.9 -9999.9 -0.0621999986 37.2971992493 -999.999 3678
MKN 2023 12 16 11 00 00 332 3.8 99.4 -99.9 -999.9 7.72 -99.9 -99.9 -99.9 -9999.9 -9999.9 -0.0621999986 37.2971992493 -999.999 3678
MKN 2023 12 16 12 00 00 293 2.6 99.4 -99.9 -999.9 7.6 -99.9 -99.9 -99.9 -9999.9 -9999.9 -0.0621999986 37.2971992493 -999.999 3678
MKN 2023 12 16 13 00 00 293 1.4 99.4 -99.9 -999.9 7.55 -99.9 -99.9 -99.9 -9999.9 -9999.9 -0.0621999986 37.2971992493 -999.999 3678
MKN 2023 12 16 14 00 00 261 1.4 99.4 -99.9 -999.9 7.43 -99.9 -99.9 -99.9 -9999.9 -9999.9 -0.0621999986 37.2971992493 -999.999 3678
MKN 2023 12 16 15 00 00 261 1.7 99.4 -99.9 -999.9 7.28 -99.9 -99.9 -99.9 -9999.9 -9999.9 -0.0621999986 37.2971992493 -999.999 3678
MKN 2023 12 16 16 00 00 219 1.5 99.4 -99.9 -999.9 5.25 -99.9 -99.9 -99.9 -9999.9 -9999.9 -0.0621999986 37.2971992493 -999.999 3678
MKN 2023 12 16 17 00 00 132 2.5 99.4 -99.9 -999.9 5.13 -99.9 -99.9 -99.9 -9999.9 -9999.9 -0.0621999986 37.2971992493 -999.999 3678
MKN 2023 12 16 18 00 00 151 3.9 99.4 -99.9 -999.9 5.48 -99.9 -99.9 -99.9 -9999.9 -9999.9 -0.0621999986 37.2971992493 -999.999 3678
MKN 2023 12 16 19 00 00 186 1.1 99.4 -99.9 -999.9 4.5 -99.9 -99.9 -99.9 -9999.9 -9999.9 -0.0621999986 37.2971992493 -999.999 3678
MKN 2023 12 16 20 00 00 131 4.4 99.38 -99.9 -999.9 4.53 -99.9 -99.9 -99.9 -9999.9 -9999.9 -0.0621999986 37.2971992493 -999.999 3678
MKN 2023 12 16 21 00 00 147 4.3 98.92 -99.9 -999.9 5.35 -99.9 -99.9 -99.9 -9999.9 -9999.9 -0.0621999986 37.2971992493 -999.999 3678
MKN 2023 12 16 22 00 00 146 3.8 99.23 -99.9 -999.9 4.62 -99.9 -99.9 -99.9 -9999.9 -9999.9 -0.0621999986 37.2971992493 -999.999 3678
MKN 2023 12 16 23 00 00 122 4.8 99.3 -99.9 -999.9 5.65 -99.9 -99.9 -99.9 -9999.9 -9999.9 -0.0621999986 37.2971992493 -999.999 3678
MKN 2023 12 17 00 00 00 118 5.3 99.35 -99.9 -999.9 5.9 -99.9 -99.9 -99.9 -9999.9 -9999.9 -0.0621999986 37.2971992493 -999.999 3678
MKN 2023 12 17 01 00 00 102 5.7 99.35 -99.9 -999.9 5.7 -99.9 -99.9 -99.9 -9999.9 -9999.9 -0.0621999986 37.2971992493 -999.999 3678
MKN 2023 12 17 02 00 00 108 5.9 99.35 -99.9 -999.9 5.65 -99.9 -99.9 -99.9 -9999.9 -9999.9 -0.0621999986 37.2971992493 -999.999 3678
MKN 2023 12 17 03 00 00 114 5.2 99.3 -99.9 -999.9 5.55 -99.9 -99.9 -99.9 -9999.9 -9999.9 -0.0621999986 37.2971992493 -999.999 3678
MKN 2023 12 17 04 00 00 100 5.6 97.88 -99.9 -999.9 5.9 -99.9 -99.9 -99.9 -9999.9 -9999.9 -0.0621999986 37.2971992493 -999.999 3678
MKN 2023 12 17 05 00 00 107 5.1 88.87 -99.9 -999.9 8.33 -99.9 -99.9 -99.9 -9999.9 -9999.9 -0.0621999986 37.2971992493 -999.999 3678
MKN 2023 12 17 06 00 00 99 6 81.22 -99.9 -999.9 9.38 -99.9 -99.9 -99.9 -9999.9 -9999.9 -0.0621999986 37.2971992493 -999.999 3678
MKN 2023 12 17 07 00 00 80 5.5 84.5 -99.9 -999.9 9.22 -99.9 -99.9 -99.9 -9999.9 -9999.9 -0.0621999986 37.2971992493 -999.999 3678
MKN 2023 12 17 08 00 00 328 4.3 96.57 -99.9 -999.9 8.18 -99.9 -99.9 -99.9 -9999.9 -9999.9 -0.0621999986 37.2971992493 -999.999 3678
MKN 2023 12 17 09 00 00 283 4.6 92.98 -99.9 -999.9 8.52 -99.9 -99.9 -99.9 -9999.9 -9999.9 -0.0621999986 37.2971992493 -999.999 3678
MKN 2023 12 17 10 00 00 262 4.3 98.78 -99.9 -999.9 7.45 -99.9 -99.9 -99.9 -9999.9 -9999.9 -0.0621999986 37.2971992493 -999.999 3678
MKN 2023 12 17 11 00 00 288 4.2 99.37 -99.9 -999.9 6.93 -99.9 -99.9 -99.9 -9999.9 -9999.9 -0.0621999986 37.2971992493 -999.999 3678
MKN 2023 12 17 12 00 00 327 3.6 99.4 -99.9 -999.9 6.97 -99.9 -99.9 -99.9 -9999.9 -9999.9 -0.0621999986 37.2971992493 -999.999 3678
MKN 2023 12 17 13 00 00 13 4.8 99.4 -99.9 -999.9 7.28 -99.9 -99.9 -99.9 -9999.9 -9999.9 -0.0621999986 37.2971992493 -999.999 3678
MKN 2023 12 17 14 00 00 287 1.8 99.37 -99.9 -999.9 7.85 -99.9 -99.9 -99.9 -9999.9 -9999.9 -0.0621999986 37.2971992493 -999.999 3678
MKN 2023 12 17 15 00 00 264 2.1 99.4 -99.9 -999.9 7.08 -99.9 -99.9 -99.9 -9999.9 -9999.9 -0.0621999986 37.2971992493 -999.999 3678
MKN 2023 12 17 16 00 00 238 1.7 95.68 -99.9 -999.9 5 -99.9 -99.9 -99.9 -9999.9 -9999.9 -0.0621999986 37.2971992493 -999.999 3678
MKN 2023 12 17 17 00 00 186 1.6 89.7 -99.9 -999.9 5.43 -99.9 -99.9 -99.9 -9999.9 -9999.9 -0.0621999986 37.2971992493 -999.999 3678
MKN 2023 12 17 18 00 00 194 3 97.15 -99.9 -999.9 5.03 -99.9 -99.9 -99.9 -9999.9 -9999.9 -0.0621999986 37.2971992493 -999.999 3678
MKN 2023 12 17 19 00 00 232 1.6 85.87 -99.9 -999.9 4.45 -99.9 -99.9 -99.9 -9999.9 -9999.9 -0.0621999986 37.2971992493 -999.999 3678
MKN 2023 12 17 20 00 00 186 2.8 76.37 -99.9 -999.9 4.75 -99.9 -99.9 -99.9 -9999.9 -9999.9 -0.0621999986 37.2971992493 -999.999 3678
MKN 2023 12 17 21 00 00 139 5.4 76.17 -99.9 -999.9 5.13 -99.9 -99.9 -99.9 -9999.9 -9999.9 -0.0621999986 37.2971992493 -999.999 3678
MKN 2023 12 17 22 00 00 132 8.8 71.28 -99.9 -999.9 5.42 -99.9 -99.9 -99.9 -9999.9 -9999.9 -0.0621999986 37.2971992493 -999.999 3678
MKN 2023 12 17 23 00 00 140 8.6 67.88 -99.9 -999.9 5.62 -99.9 -99.9 -99.9 -9999.9 -9999.9 -0.0621999986 37.2971992493 -999.999 3678
MKN 2023 12 18 00 00 00 134 7.7 68.07 -99.9 -999.9 5.88 -99.9 -99.9 -99.9 -9999.9 -9999.9 -0.0621999986 37.2971992493 -999.999 3678
MKN 2023 12 18 01 00 00 155 5.4 68.32 -99.9 -999.9 5.08 -99.9 -99.9 -99.9 -9999.9 -9999.9 -0.0621999986 37.2971992493 -999.999 3678
MKN 2023 12 18 02 00 00 147 7.7 66.1 -99.9 -999.9 5.08 -99.9 -99.9 -99.9 -9999.9 -9999.9 -0.0621999986 37.2971992493 -999.999 3678
MKN 2023 12 18 03 00 00 138 9.9 67.03 -99.9 -999.9 4.93 -99.9 -99.9 -99.9 -9999.9 -9999.9 -0.0621999986 37.2971992493 -999.999 3678
MKN 2023 12 18 04 00 00 137 9.5 60.48 -99.9 -999.9 6.63 -99.9 -99.9 -99.9 -9999.9 -9999.9 -0.0621999986 37.2971992493 -999.999 3678
MKN 2023 12 18 05 00 00 117 7.6 48.8 -99.9 -999.9 9.3 -99.9 -99.9 -99.9 -9999.9 -9999.9 -0.0621999986 37.2971992493 -999.999 3678
MKN 2023 12 18 06 00 00 86 6.6 49.27 -99.9 -999.9 10.7 -99.9 -99.9 -99.9 -9999.9 -9999.9 -0.0621999986 37.2971992493 -999.999 3678
MKN 2023 12 18 07 00 00 101 7.2 71.52 -99.9 -999.9 9.85 -99.9 -99.9 -99.9 -9999.9 -9999.9 -0.0621999986 37.2971992493 -999.999 3678
MKN 2023 12 18 08 00 00 319 3.8 86.3 -99.9 -999.9 9.63 -99.9 -99.9 -99.9 -9999.9 -9999.9 -0.0621999986 37.2971992493 -999.999 3678
MKN 2023 12 18 09 00 00 281 5.8 79.85 -99.9 -999.9 9.57 -99.9 -99.9 -99.9 -9999.9 -9999.9 -0.0621999986 37.2971992493 -999.999 3678
MKN 2023 12 18 10 00 00 250 6.3 85.08 -99.9 -999.9 9.15 -99.9 -99.9 -99.9 -9999.9 -9999.9 -0.0621999986 37.2971992493 -999.999 3678
MKN 2023 12 18 11 00 00 253 6.8 95.83 -99.9 -999.9 8.48 -99.9 -99.9 -99.9 -9999.9 -9999.9 -0.0621999986 37.2971992493 -999.999 3678
MKN 2023 12 18 12 00 00 248 7.1 99.27 -99.9 -999.9 7.9 -99.9 -99.9 -99.9 -9999.9 -9999.9 -0.0621999986 37.2971992493 -999.999 3678
MKN 2023 12 18 13 00 00 261 6.3 99.37 -99.9 -999.9 7.48 -99.9 -99.9 -99.9 -9999.9 -9999.9 -0.0621999986 37.2971992493 -999.999 3678
MKN 2023 12 18 14 00 00 334 3 99.4 -99.9 -999.9 7.08 -99.9 -99.9 -99.9 -9999.9 -9999.9 -0.0621999986 37.2971992493 -999.999 3678
MKN 2023 12 18 15 00 00 342 2.4 99.4 -99.9 -999.9 6.83 -99.9 -99.9 -99.9 -9999.9 -9999.9 -0.0621999986 37.2971992493 -999.999 3678
MKN 2023 12 18 16 00 00 90 0.8 99.37 -99.9 -999.9 5.9 -99.9 -99.9 -99.9 -9999.9 -9999.9 -0.0621999986 37.2971992493 -999.999 3678
MKN 2023 12 18 17 00 00 144 2 98.95 -99.9 -999.9 5.1 -99.9 -99.9 -99.9 -9999.9 -9999.9 -0.0621999986 37.2971992493 -999.999 3678
MKN 2023 12 18 18 00 00 105 2.2 97.7 -99.9 -999.9 5.28 -99.9 -99.9 -99.9 -9999.9 -9999.9 -0.0621999986 37.2971992493 -999.999 3678
MKN 2023 12 18 19 00 00 114 4.7 96.83 -99.9 -999.9 5.17 -99.9 -99.9 -99.9 -9999.9 -9999.9 -0.0621999986 37.2971992493 -999.999 3678
MKN 2023 12 18 20 00 00 131 5.5 80.87 -99.9 -999.9 4.97 -99.9 -99.9 -99.9 -9999.9 -9999.9 -0.0621999986 37.2971992493 -999.999 3678
MKN 2023 12 18 21 00 00 124 7.5 69.72 -99.9 -999.9 5.85 -99.9 -99.9 -99.9 -9999.9 -9999.9 -0.0621999986 37.2971992493 -999.999 3678
MKN 2023 12 18 22 00 00 131 7.6 72.38 -99.9 -999.9 7.22 -99.9 -99.9 -99.9 -9999.9 -9999.9 -0.0621999986 37.2971992493 -999.999 3678
MKN 2023 12 18 23 00 00 114 6.2 61.02 -99.9 -999.9 6.87 -99.9 -99.9 -99.9 -9999.9 -9999.9 -0.0621999986 37.2971992493 -999.999 3678
MKN 2023 12 19 00 00 00 134 6.3 70.13 -99.9 -999.9 7.28 -99.9 -99.9 -99.9 -9999.9 -9999.9 -0.0621999986 37.2971992493 -999.999 3678
MKN 2023 12 19 01 00 00 123 4.5 79.23 -99.9 -999.9 7.43 -99.9 -99.9 -99.9 -9999.9 -9999.9 -0.0621999986 37.2971992493 -999.999 3678
MKN 2023 12 19 02 00 00 114 4.3 87.15 -99.9 -999.9 6.3 -99.9 -99.9 -99.9 -9999.9 -9999.9 -0.0621999986 37.2971992493 -999.999 3678
MKN 2023 12 19 03 00 00 118 4.9 85.12 -99.9 -999.9 7.28 -99.9 -99.9 -99.9 -9999.9 -9999.9 -0.0621999986 37.2971992493 -999.999 3678
MKN 2023 12 19 04 00 00 82 1.9 84.6 -99.9 -999.9 7.18 -99.9 -99.9 -99.9 -9999.9 -9999.9 -0.0621999986 37.2971992493 -999.999 3678
MKN 2023 12 19 05 00 00 30 0.9 75.65 -99.9 -999.9 7.7 -99.9 -99.9 -99.9 -9999.9 -9999.9 -0.0621999986 37.2971992493 -999.999 3678
MKN 2023 12 19 06 00 00 41 1.9 85.97 -99.9 -999.9 8.25 -99.9 -99.9 -99.9 -9999.9 -9999.9 -0.0621999986 37.2971992493 -999.999 3678
MKN 2023 12 19 07 00 00 26 2.9 94.92 -99.9 -999.9 8.45 -99.9 -99.9 -99.9 -9999.9 -9999.9 -0.0621999986 37.2971992493 -999.999 3678
MKN 2023 12 19 08 00 00 331 3.2 90.95 -99.9 -999.9 8.68 -99.9 -99.9 -99.9 -9999.9 -9999.9 -0.0621999986 37.2971992493 -999.999 3678
MKN 2023 12 19 09 00 00 315 4.3 86.07 -99.9 -999.9 8.93 -99.9 -99.9 -99.9 -9999.9 -9999.9 -0.0621999986 37.2971992493 -999.999 3678
MKN 2023 12 19 10 00 00 307 4.3 92.67 -99.9 -999.9 8.13 -99.9 -99.9 -99.9 -9999.9 -9999.9 -0.0621999986 37.2971992493 -999.999 3678
MKN 2023 12 19 11 00 00 310 2.4 87.42 -99.9 -999.9 8.85 -99.9 -99.9 -99.9 -9999.9 -9999.9 -0.0621999986 37.2971992493 -999.999 3678
MKN 2023 12 19 12 00 00 324 3.6 96.68 -99.9 -999.9 8.02 -99.9 -99.9 -99.9 -9999.9 -9999.9 -0.0621999986 37.2971992493 -999.999 3678
MKN 2023 12 19 13 00 00 338 3 99.28 -99.9 -999.9 7.45 -99.9 -99.9 -99.9 -9999.9 -9999.9 -0.0621999986 37.2971992493 -999.999 3678
MKN 2023 12 19 14 00 00 301 2.3 99.4 -99.9 -999.9 6.95 -99.9 -99.9 -99.9 -9999.9 -9999.9 -0.0621999986 37.2971992493 -999.999 3678
MKN 2023 12 19 15 00 00 278 2.4 99.4 -99.9 -999.9 6.75 -99.9 -99.9 -99.9 -9999.9 -9999.9 -0.0621999986 37.2971992493 -999.999 3678
MKN 2023 12 19 16 00 00 164 1.7 99.33 -99.9 -999.9 6.12 -99.9 -99.9 -99.9 -9999.9 -9999.9 -0.0621999986 37.2971992493 -999.999 3678
MKN 2023 12 19 17 00 00 90 0.6 99.33 -99.9 -999.9 5.35 -99.9 -99.9 -99.9 -9999.9 -9999.9 -0.0621999986 37.2971992493 -999.999 3678
MKN 2023 12 19 18 00 00 120 2.1 99.3 -99.9 -999.9 5.15 -99.9 -99.9 -99.9 -9999.9 -9999.9 -0.0621999986 37.2971992493 -999.999 3678
MKN 2023 12 19 19 00 00 104 1.2 98.33 -99.9 -999.9 4.72 -99.9 -99.9 -99.9 -9999.9 -9999.9 -0.0621999986 37.2971992493 -999.999 3678
MKN 2023 12 19 20 00 00 130 1.9 98.9 -99.9 -999.9 4.38 -99.9 -99.9 -99.9 -9999.9 -9999.9 -0.0621999986 37.2971992493 -999.999 3678
MKN 2023 12 19 21 00 00 207 0.6 89.3 -99.9 -999.9 5.32 -99.9 -99.9 -99.9 -9999.9 -9999.9 -0.0621999986 37.2971992493 -999.999 3678
MKN 2023 12 19 22 00 00 166 1.1 91.28 -99.9 -999.9 4.48 -99.9 -99.9 -99.9 -9999.9 -9999.9 -0.0621999986 37.2971992493 -999.999 3678
MKN 2023 12 19 23 00 00 163 3.8 90.37 -99.9 -999.9 4.87 -99.9 -99.9 -99.9 -9999.9 -9999.9 -0.0621999986 37.2971992493 -999.999 3678
MKN 2023 12 20 00 00 00 207 1.4 88.42 -99.9 -999.9 5.22 -99.9 -99.9 -99.9 -9999.9 -9999.9 -0.0621999986 37.2971992493 -999.999 3678
MKN 2023 12 20 01 00 00 165 2.5 90.93 -99.9 -999.9 5.93 -99.9 -99.9 -99.9 -9999.9 -9999.9 -0.0621999986 37.2971992493 -999.999 3678
MKN 2023 12 20 02 00 00 149 2.6 87.38 -99.9 -999.9 6.28 -99.9 -99.9 -99.9 -9999.9 -9999.9 -0.0621999986 37.2971992493 -999.999 3678
MKN 2023 12 20 03 00 00 139 3.8 84.08 -99.9 -999.9 6.97 -99.9 -99.9 -99.9 -9999.9 -9999.9 -0.0621999986 37.2971992493 -999.999 3678
MKN 2023 12 20 04 00 00 148 3.5 81.93 -99.9 -999.9 7.75 -99.9 -99.9 -99.9 -9999.9 -9999.9 -0.0621999986 37.2971992493 -999.999 3678
MKN 2023 12 20 05 00 00 207 1.3 74.42 -99.9 -999.9 9.4 -99.9 -99.9 -99.9 -9999.9 -9999.9 -0.0621999986 37.2971992493 -999.999 3678
MKN 2023 12 20 06 00 00 278 2.6 76.52 -99.9 -999.9 8.8 -99.9 -99.9 -99.9 -9999.9 -9999.9 -0.0621999986 37.2971992493 -999.999 3678
MKN 2023 12 20 07 00 00 298 3.6 77.9 -99.9 -999.9 9.35 -99.9 -99.9 -99.9 -9999.9 -9999.9 -0.0621999986 37.2971992493 -999.999 3678
MKN 2023 12 20 08 00 00 306 3.2 79.67 -99.9 -999.9 9.25 -99.9 -99.9 -99.9 -9999.9 -9999.9 -0.0621999986 37.2971992493 -999.999 3678
MKN 2023 12 20 09 00 00 302 3.7 81.85 -99.9 -999.9 8.8 -99.9 -99.9 -99.9 -9999.9 -9999.9 -0.0621999986 37.2971992493 -999.999 3678
MKN 2023 12 20 10 00 00 312 2.9 80.6 -99.9 -999.9 8.93 -99.9 -99.9 -99.9 -9999.9 -9999.9 -0.0621999986 37.2971992493 -999.999 3678
MKN 2023 12 20 11 00 00 358 3.4 83.97 -99.9 -999.9 8.88 -99.9 -99.9 -99.9 -9999.9 -9999.9 -0.0621999986 37.2971992493 -999.999 3678
MKN 2023 12 20 12 00 00 338 3.4 91.55 -99.9 -999.9 7.83 -99.9 -99.9 -99.9 -9999.9 -9999.9 -0.0621999986 37.2971992493 -999.999 3678
MKN 2023 12 20 13 00 00 289 2.3 94.35 -99.9 -999.9 7.78 -99.9 -99.9 -99.9 -9999.9 -9999.9 -0.0621999986 37.2971992493 -999.999 3678
MKN 2023 12 20 14 00 00 45 1 93.63 -99.9 -999.9 8.4 -99.9 -99.9 -99.9 -9999.9 -9999.9 -0.0621999986 37.2971992493 -999.999 3678
MKN 2023 12 20 15 00 00 0 1.2 99.32 -99.9 -999.9 7.13 -99.9 -99.9 -99.9 -9999.9 -9999.9 -0.0621999986 37.2971992493 -999.999 3678
MKN 2023 12 20 16 00 00 84 1.2 95.05 -99.9 -999.9 6 -99.9 -99.9 -99.9 -9999.9 -9999.9 -0.0621999986 37.2971992493 -999.999 3678
MKN 2023 12 20 17 00 00 90 1.4 90.1 -99.9 -999.9 5.52 -99.9 -99.9 -99.9 -9999.9 -9999.9 -0.0621999986 37.2971992493 -999.999 3678
MKN 2023 12 20 18 00 00 120 3.1 85.07 -99.9 -999.9 6.17 -99.9 -99.9 -99.9 -9999.9 -9999.9 -0.0621999986 37.2971992493 -999.999 3678
MKN 2023 12 20 19 00 00 133 6.1 77.17 -99.9 -999.9 6.5 -99.9 -99.9 -99.9 -9999.9 -9999.9 -0.0621999986 37.2971992493 -999.999 3678
MKN 2023 12 20 20 00 00 161 2.9 79.75 -99.9 -999.9 5.63 -99.9 -99.9 -99.9 -9999.9 -9999.9 -0.0621999986 37.2971992493 -999.999 3678
MKN 2023 12 20 21 00 00 133 4 80.1 -99.9 -999.9 5.9 -99.9 -99.9 -99.9 -9999.9 -9999.9 -0.0621999986 37.2971992493 -999.999 3678
MKN 2023 12 20 22 00 00 142 4.9 79.2 -99.9 -999.9 5.27 -99.9 -99.9 -99.9 -9999.9 -9999.9 -0.0621999986 37.2971992493 -999.999 3678
MKN 2023 12 20 23 00 00 125 3.3 76.5 -99.9 -999.9 5.03 -99.9 -99.9 -99.9 -9999.9 -9999.9 -0.0621999986 37.2971992493 -999.999 3678
MKN 2023 12 21 00 00 00 118 6.1 77.98 -99.9 -999.9 5 -99.9 -99.9 -99.9 -9999.9 -9999.9 -0.0621999986 37.2971992493 -999.999 3678
MKN 2023 12 21 01 00 00 128 5.3 82.98 -99.9 -999.9 4.88 -99.9 -99.9 -99.9 -9999.9 -9999.9 -0.0621999986 37.2971992493 -999.999 3678
MKN 2023 12 21 02 00 00 129 3.3 82.2 -99.9 -999.9 4.83 -99.9 -99.9 -99.9 -9999.9 -9999.9 -0.0621999986 37.2971992493 -999.999 3678
MKN 2023 12 21 03 00 00 118 5.3 78.25 -99.9 -999.9 5.05 -99.9 -99.9 -99.9 -9999.9 -9999.9 -0.0621999986 37.2971992493 -999.999 3678
MKN 2023 12 21 04 00 00 126 6.4 67.05 -99.9 -999.9 6.43 -99.9 -99.9 -99.9 -9999.9 -9999.9 -0.0621999986 37.2971992493 -999.999 3678
MKN 2023 12 21 05 00 00 133 7 62 -99.9 -999.9 10.27 -99.9 -99.9 -99.9 -9999.9 -9999.9 -0.0621999986 37.2971992493 -999.999 3678
MKN 2023 12 21 06 00 00 91 4.4 60.68 -99.9 -999.9 11.67 -99.9 -99.9 -99.9 -9999.9 -9999.9 -0.0621999986 37.2971992493 -999.999 3678
MKN 2023 12 21 07 00 00 63 5.6 60.43 -99.9 -999.9 12.75 -99.9 -99.9 -99.9 -9999.9 -9999.9 -0.0621999986 37.2971992493 -999.999 3678
MKN 2023 12 21 08 00 00 74 7 62.47 -99.9 -999.9 11.33 -99.9 -99.9 -99.9 -9999.9 -9999.9 -0.0621999986 37.2971992493 -999.999 3678
MKN 2023 12 21 09 00 00 95 9.5 55.85 -99.9 -999.9 12.65 -99.9 -99.9 -99.9 -9999.9 -9999.9 -0.0621999986 37.2971992493 -999.999 3678
MKN 2023 12 21 10 00 00 91 8.9 60.95 -99.9 -999.9 11.72 -99.9 -99.9 -99.9 -9999.9 -9999.9 -0.0621999986 37.2971992493 -999.999 3678
MKN 2023 12 21 11 00 00 89 7.8 66.97 -99.9 -999.9 11.1 -99.9 -99.9 -99.9 -9999.9 -9999.9 -0.0621999986 37.2971992493 -999.999 3678
MKN 2023 12 21 12 00 00 106 6.7 66.35 -99.9 -999.9 10.23 -99.9 -99.9 -99.9 -9999.9 -9999.9 -0.0621999986 37.2971992493 -999.999 3678
MKN 2023 12 21 13 00 00 115 6.5 70.57 -99.9 -999.9 10.3 -99.9 -99.9 -99.9 -9999.9 -9999.9 -0.0621999986 37.2971992493 -999.999 3678
MKN 2023 12 21 14 00 00 112 3.6 85.93 -99.9 -999.9 9.32 -99.9 -99.9 -99.9 -9999.9 -9999.9 -0.0621999986 37.2971992493 -999.999 3678
MKN 2023 12 21 15 00 00 53 2.6 88.7 -99.9 -999.9 6.45 -99.9 -99.9 -99.9 -9999.9 -9999.9 -0.0621999986 37.2971992493 -999.999 3678
MKN 2023 12 21 16 00 00 136 7.1 67.6 -99.9 -999.9 5.25 -99.9 -99.9 -99.9 -9999.9 -9999.9 -0.0621999986 37.2971992493 -999.999 3678
MKN 2023 12 21 17 00 00 134 9.6 57.73 -99.9 -999.9 5.9 -99.9 -99.9 -99.9 -9999.9 -9999.9 -0.0621999986 37.2971992493 -999.999 3678
MKN 2023 12 21 18 00 00 133 9.2 71.13 -99.9 -999.9 5.57 -99.9 -99.9 -99.9 -9999.9 -9999.9 -0.0621999986 37.2971992493 -999.999 3678
MKN 2023 12 21 19 00 00 133 9.2 73.25 -99.9 -999.9 5.22 -99.9 -99.9 -99.9 -9999.9 -9999.9 -0.0621999986 37.2971992493 -999.999 3678
MKN 2023 12 21 20 00 00 126 9 84.48 -99.9 -999.9 4.75 -99.9 -99.9 -99.9 -9999.9 -9999.9 -0.0621999986 37.2971992493 -999.999 3678
MKN 2023 12 21 21 00 00 125 8.9 83.93 -99.9 -999.9 4.67 -99.9 -99.9 -99.9 -9999.9 -9999.9 -0.0621999986 37.2971992493 -999.999 3678
MKN 2023 12 21 22 00 00 126 7.7 78.72 -99.9 -999.9 4.82 -99.9 -99.9 -99.9 -9999.9 -9999.9 -0.0621999986 37.2971992493 -999.999 3678
MKN 2023 12 21 23 00 00 125 7.3 80.12 -99.9 -999.9 4.83 -99.9 -99.9 -99.9 -9999.9 -9999.9 -0.0621999986 37.2971992493 -999.999 3678
MKN 2023 12 22 00 00 00 128 7.2 79.13 -99.9 -999.9 4.92 -99.9 -99.9 -99.9 -9999.9 -9999.9 -0.0621999986 37.2971992493 -999.999 3678
MKN 2023 12 22 01 00 00 126 7.1 82.85 -99.9 -999.9 4.75 -99.9 -99.9 -99.9 -9999.9 -9999.9 -0.0621999986 37.2971992493 -999.999 3678
MKN 2023 12 22 02 00 00 124 6.7 92.62 -99.9 -999.9 5.87 -99.9 -99.9 -99.9 -9999.9 -9999.9 -0.0621999986 37.2971992493 -999.999 3678
MKN 2023 12 22 03 00 00 118 8.3 84.5 -99.9 -999.9 5.85 -99.9 -99.9 -99.9 -9999.9 -9999.9 -0.0621999986 37.2971992493 -999.999 3678
MKN 2023 12 22 04 00 00 114 7.7 81.42 -99.9 -999.9 6.07 -99.9 -99.9 -99.9 -9999.9 -9999.9 -0.0621999986 37.2971992493 -999.999 3678
MKN 2023 12 22 05 00 00 107 9.4 81.22 -99.9 -999.9 7.73 -99.9 -99.9 -99.9 -9999.9 -9999.9 -0.0621999986 37.2971992493 -999.999 3678
MKN 2023 12 22 06 00 00 89 8.5 77 -99.9 -999.9 9.12 -99.9 -99.9 -99.9 -9999.9 -9999.9 -0.0621999986 37.2971992493 -999.999 3678
MKN 2023 12 22 07 00 00 89 9.9 66.15 -99.9 -999.9 10.57 -99.9 -99.9 -99.9 -9999.9 -9999.9 -0.0621999986 37.2971992493 -999.999 3678
MKN 2023 12 22 08 00 00 73 6.9 65.68 -99.9 -999.9 11.55 -99.9 -99.9 -99.9 -9999.9 -9999.9 -0.0621999986 37.2971992493 -999.999 3678
MKN 2023 12 22 09 00 00 78 7.5 63.35 -99.9 -999.9 12.58 -99.9 -99.9 -99.9 -9999.9 -9999.9 -0.0621999986 37.2971992493 -999.999 3678
MKN 2023 12 22 10 00 00 89 5.1 75 -99.9 -999.9 11.68 -99.9 -99.9 -99.9 -9999.9 -9999.9 -0.0621999986 37.2971992493 -999.999 3678
MKN 2023 12 22 11 00 00 355 4.3 98.52 -99.9 -999.9 9.18 -99.9 -99.9 -99.9 -9999.9 -9999.9 -0.0621999986 37.2971992493 -999.999 3678
MKN 2023 12 22 12 00 00 273 5.6 99.23 -99.9 -999.9 9.08 -99.9 -99.9 -99.9 -9999.9 -9999.9 -0.0621999986 37.2971992493 -999.999 3678
MKN 2023 12 22 13 00 00 297 3.6 99.3 -99.9 -999.9 8.62 -99.9 -99.9 -99.9 -9999.9 -9999.9 -0.0621999986 37.2971992493 -999.999 3678
MKN 2023 12 22 14 00 00 277 2.4 99.32 -99.9 -999.9 8.6 -99.9 -99.9 -99.9 -9999.9 -9999.9 -0.0621999986 37.2971992493 -999.999 3678
MKN 2023 12 22 15 00 00 305 1.5 99.32 -99.9 -999.9 8 -99.9 -99.9 -99.9 -9999.9 -9999.9 -0.0621999986 37.2971992493 -999.999 3678
MKN 2023 12 22 16 00 00 277 1.9 93.5 -99.9 -999.9 6.52 -99.9 -99.9 -99.9 -9999.9 -9999.9 -0.0621999986 37.2971992493 -999.999 3678
MKN 2023 12 22 17 00 00 165 3.3 83.6 -99.9 -999.9 6.28 -99.9 -99.9 -99.9 -9999.9 -9999.9 -0.0621999986 37.2971992493 -999.999 3678
MKN 2023 12 22 18 00 00 174 3.2 98.13 -99.9 -999.9 5.87 -99.9 -99.9 -99.9 -9999.9 -9999.9 -0.0621999986 37.2971992493 -999.999 3678
MKN 2023 12 22 19 00 00 167 2 96.7 -99.9 -999.9 6.22 -99.9 -99.9 -99.9 -9999.9 -9999.9 -0.0621999986 37.2971992493 -999.999 3678
MKN 2023 12 22 20 00 00 153 4.4 96.57 -99.9 -999.9 6.33 -99.9 -99.9 -99.9 -9999.9 -9999.9 -0.0621999986 37.2971992493 -999.999 3678
MKN 2023 12 22 21 00 00 109 4.3 99.3 -99.9 -999.9 6.25 -99.9 -99.9 -99.9 -9999.9 -9999.9 -0.0621999986 37.2971992493 -999.999 3678
MKN 2023 12 22 22 00 00 108 6.5 99.3 -99.9 -999.9 5.65 -99.9 -99.9 -99.9 -9999.9 -9999.9 -0.0621999986 37.2971992493 -999.999 3678
MKN 2023 12 22 23 00 00 126 8 97.65 -99.9 -999.9 5.77 -99.9 -99.9 -99.9 -9999.9 -9999.9 -0.0621999986 37.2971992493 -999.999 3678
MKN 2023 12 23 00 00 00 141 7.9 99.08 -99.9 -999.9 5.98 -99.9 -99.9 -99.9 -9999.9 -9999.9 -0.0621999986 37.2971992493 -999.999 3678
MKN 2023 12 23 01 00 00 144 5.4 97.95 -99.9 -999.9 5.8 -99.9 -99.9 -99.9 -9999.9 -9999.9 -0.0621999986 37.2971992493 -999.999 3678
MKN 2023 12 23 02 00 00 128 5.5 96.18 -99.9 -999.9 5.72 -99.9 -99.9 -99.9 -9999.9 -9999.9 -0.0621999986 37.2971992493 -999.999 3678
MKN 2023 12 23 03 00 00 130 4.2 98.42 -99.9 -999.9 5.02 -99.9 -99.9 -99.9 -9999.9 -9999.9 -0.0621999986 37.2971992493 -999.999 3678
MKN 2023 12 23 04 00 00 131 6.8 99.2 -99.9 -999.9 5.43 -99.9 -99.9 -99.9 -9999.9 -9999.9 -0.0621999986 37.2971992493 -999.999 3678
MKN 2023 12 23 05 00 00 130 8.9 90.47 -99.9 -999.9 6.6 -99.9 -99.9 -99.9 -9999.9 -9999.9 -0.0621999986 37.2971992493 -999.999 3678
MKN 2023 12 23 06 00 00 111 7.4 79.45 -99.9 -999.9 8.55 -99.9 -99.9 -99.9 -9999.9 -9999.9 -0.0621999986 37.2971992493 -999.999 3678
MKN 2023 12 23 07 00 00 98 5.5 76.92 -99.9 -999.9 9.77 -99.9 -99.9 -99.9 -9999.9 -9999.9 -0.0621999986 37.2971992493 -999.999 3678
MKN 2023 12 23 08 00 00 100 6.5 77.52 -99.9 -999.9 9.95 -99.9 -99.9 -99.9 -9999.9 -9999.9 -0.0621999986 37.2971992493 -999.999 3678
MKN 2023 12 23 09 00 00 94 7.5 75.55 -99.9 -999.9 11.12 -99.9 -99.9 -99.9 -9999.9 -9999.9 -0.0621999986 37.2971992493 -999.999 3678
MKN 2023 12 23 10 00 00 101 5.4 95.32 -99.9 -999.9 8.88 -99.9 -99.9 -99.9 -9999.9 -9999.9 -0.0621999986 37.2971992493 -999.999 3678
MKN 2023 12 23 11 00 00 273 2.3 93.3 -99.9 -999.9 9.48 -99.9 -99.9 -99.9 -9999.9 -9999.9 -0.0621999986 37.2971992493 -999.999 3678
MKN 2023 12 23 12 00 00 313 3.2 99.38 -99.9 -999.9 8.2 -99.9 -99.9 -99.9 -9999.9 -9999.9 -0.0621999986 37.2971992493 -999.999 3678
MKN 2023 12 23 13 00 00 283 3.7 99.4 -99.9 -999.9 8.15 -99.9 -99.9 -99.9 -9999.9 -9999.9 -0.0621999986 37.2971992493 -999.999 3678
MKN 2023 12 23 14 00 00 280 2.5 99.4 -99.9 -999.9 8.12 -99.9 -99.9 -99.9 -9999.9 -9999.9 -0.0621999986 37.2971992493 -999.999 3678
MKN 2023 12 23 15 00 00 279 1.5 99.4 -99.9 -999.9 7.75 -99.9 -99.9 -99.9 -9999.9 -9999.9 -0.0621999986 37.2971992493 -999.999 3678
MKN 2023 12 23 16 00 00 211 0.7 99.28 -99.9 -999.9 5.95 -99.9 -99.9 -99.9 -9999.9 -9999.9 -0.0621999986 37.2971992493 -999.999 3678
MKN 2023 12 23 17 00 00 148 2 99.3 -99.9 -999.9 6.2 -99.9 -99.9 -99.9 -9999.9 -9999.9 -0.0621999986 37.2971992493 -999.999 3678
MKN 2023 12 23 18 00 00 236 1 99.37 -99.9 -999.9 5.53 -99.9 -99.9 -99.9 -9999.9 -9999.9 -0.0621999986 37.2971992493 -999.999 3678
MKN 2023 12 23 19 00 00 186 1.6 98.42 -99.9 -999.9 5.42 -99.9 -99.9 -99.9 -9999.9 -9999.9 -0.0621999986 37.2971992493 -999.999 3678
MKN 2023 12 23 20 00 00 172 1.7 91.98 -99.9 -999.9 6.15 -99.9 -99.9 -99.9 -9999.9 -9999.9 -0.0621999986 37.2971992493 -999.999 3678
MKN 2023 12 23 21 00 00 99 1.9 91.05 -99.9 -999.9 4.87 -99.9 -99.9 -99.9 -9999.9 -9999.9 -0.0621999986 37.2971992493 -999.999 3678
MKN 2023 12 23 22 00 00 141 3.6 91.37 -99.9 -999.9 5.25 -99.9 -99.9 -99.9 -9999.9 -9999.9 -0.0621999986 37.2971992493 -999.999 3678
MKN 2023 12 23 23 00 00 140 3.6 94.92 -99.9 -999.9 4.62 -99.9 -99.9 -99.9 -9999.9 -9999.9 -0.0621999986 37.2971992493 -999.999 3678
MKN 2023 12 24 00 00 00 131 3.9 94.77 -99.9 -999.9 4.98 -99.9 -99.9 -99.9 -9999.9 -9999.9 -0.0621999986 37.2971992493 -999.999 3678
MKN 2023 12 24 01 00 00 152 4.5 93.63 -99.9 -999.9 5.67 -99.9 -99.9 -99.9 -9999.9 -9999.9 -0.0621999986 37.2971992493 -999.999 3678
MKN 2023 12 24 02 00 00 131 4.7 97.87 -99.9 -999.9 5.47 -99.9 -99.9 -99.9 -9999.9 -9999.9 -0.0621999986 37.2971992493 -999.999 3678
MKN 2023 12 24 03 00 00 131 6.2 93.68 -99.9 -999.9 6.28 -99.9 -99.9 -99.9 -9999.9 -9999.9 -0.0621999986 37.2971992493 -999.999 3678
MKN 2023 12 24 04 00 00 121 6.5 99.07 -99.9 -999.9 6.78 -99.9 -99.9 -99.9 -9999.9 -9999.9 -0.0621999986 37.2971992493 -999.999 3678
MKN 2023 12 24 05 00 00 130 3.9 92.82 -99.9 -999.9 8.45 -99.9 -99.9 -99.9 -9999.9 -9999.9 -0.0621999986 37.2971992493 -999.999 3678
MKN 2023 12 24 06 00 00 108 3.2 96.32 -99.9 -999.9 8.55 -99.9 -99.9 -99.9 -9999.9 -9999.9 -0.0621999986 37.2971992493 -999.999 3678
MKN 2023 12 24 07 00 00 18 3.6 99.32 -99.9 -999.9 8.53 -99.9 -99.9 -99.9 -9999.9 -9999.9 -0.0621999986 37.2971992493 -999.999 3678
MKN 2023 12 24 08 00 00 66 4.7 99.08 -99.9 -999.9 9.08 -99.9 -99.9 -99.9 -9999.9 -9999.9 -0.0621999986 37.2971992493 -999.999 3678
MKN 2023 12 24 09 00 00 30 5.1 99.4 -99.9 -999.9 8 -99.9 -99.9 -99.9 -9999.9 -9999.9 -0.0621999986 37.2971992493 -999.999 3678
MKN 2023 12 24 10 00 00 351 3.3 99.4 -99.9 -999.9 7.87 -99.9 -99.9 -99.9 -9999.9 -9999.9 -0.0621999986 37.2971992493 -999.999 3678
MKN 2023 12 24 11 00 00 336 2.9 99.4 -99.9 -999.9 8.15 -99.9 -99.9 -99.9 -9999.9 -9999.9 -0.0621999986 37.2971992493 -999.999 3678
MKN 2023 12 24 12 00 00 279 1.9 99.4 -99.9 -999.9 8.28 -99.9 -99.9 -99.9 -9999.9 -9999.9 -0.0621999986 37.2971992493 -999.999 3678
MKN 2023 12 24 13 00 00 315 2.2 99.4 -99.9 -999.9 8.68 -99.9 -99.9 -99.9 -9999.9 -9999.9 -0.0621999986 37.2971992493 -999.999 3678
MKN 2023 12 24 14 00 00 315 2.4 99.4 -99.9 -999.9 8.1 -99.9 -99.9 -99.9 -9999.9 -9999.9 -0.0621999986 37.2971992493 -999.999 3678
MKN 2023 12 24 15 00 00 266 2.7 99.4 -99.9 -999.9 7.33 -99.9 -99.9 -99.9 -9999.9 -9999.9 -0.0621999986 37.2971992493 -999.999 3678
MKN 2023 12 24 16 00 00 215 1.4 99.4 -99.9 -999.9 7.45 -99.9 -99.9 -99.9 -9999.9 -9999.9 -0.0621999986 37.2971992493 -999.999 3678
MKN 2023 12 24 17 00 00 261 0.9 99.37 -99.9 -999.9 6.52 -99.9 -99.9 -99.9 -9999.9 -9999.9 -0.0621999986 37.2971992493 -999.999 3678
MKN 2023 12 24 18 00 00 157 1.4 99.3 -99.9 -999.9 4.85 -99.9 -99.9 -99.9 -9999.9 -9999.9 -0.0621999986 37.2971992493 -999.999 3678
MKN 2023 12 24 19 00 00 135 1 99.28 -99.9 -999.9 5.5 -99.9 -99.9 -99.9 -9999.9 -9999.9 -0.0621999986 37.2971992493 -999.999 3678
MKN 2023 12 24 20 00 00 160 1.8 99.28 -99.9 -999.9 4.92 -99.9 -99.9 -99.9 -9999.9 -9999.9 -0.0621999986 37.2971992493 -999.999 3678
MKN 2023 12 24 21 00 00 194 1.3 99.2 -99.9 -999.9 5.25 -99.9 -99.9 -99.9 -9999.9 -9999.9 -0.0621999986 37.2971992493 -999.999 3678
MKN 2023 12 24 22 00 00 165 2.4 98.47 -99.9 -999.9 4.95 -99.9 -99.9 -99.9 -9999.9 -9999.9 -0.0621999986 37.2971992493 -999.999 3678
MKN 2023 12 24 23 00 00 158 2.5 96.82 -99.9 -999.9 4.78 -99.9 -99.9 -99.9 -9999.9 -9999.9 -0.0621999986 37.2971992493 -999.999 3678
MKN 2023 12 25 00 00 00 126 3.2 93.78 -99.9 -999.9 5.55 -99.9 -99.9 -99.9 -9999.9 -9999.9 -0.0621999986 37.2971992493 -999.999 3678
MKN 2023 12 25 01 00 00 197 2.6 98.33 -99.9 -999.9 6.32 -99.9 -99.9 -99.9 -9999.9 -9999.9 -0.0621999986 37.2971992493 -999.999 3678
MKN 2023 12 25 02 00 00 151 2.4 98.98 -99.9 -999.9 6.32 -99.9 -99.9 -99.9 -9999.9 -9999.9 -0.0621999986 37.2971992493 -999.999 3678
MKN 2023 12 25 03 00 00 150 4.5 98.47 -99.9 -999.9 6.17 -99.9 -99.9 -99.9 -9999.9 -9999.9 -0.0621999986 37.2971992493 -999.999 3678
MKN 2023 12 25 04 00 00 133 5.9 93.27 -99.9 -999.9 7.33 -99.9 -99.9 -99.9 -9999.9 -9999.9 -0.0621999986 37.2971992493 -999.999 3678
MKN 2023 12 25 05 00 00 126 5.4 78.9 -99.9 -999.9 10.92 -99.9 -99.9 -99.9 -9999.9 -9999.9 -0.0621999986 37.2971992493 -999.999 3678
MKN 2023 12 25 06 00 00 65 3.6 83.98 -99.9 -999.9 10.73 -99.9 -99.9 -99.9 -9999.9 -9999.9 -0.0621999986 37.2971992493 -999.999 3678
MKN 2023 12 25 07 00 00 304 3.4 99.3 -99.9 -999.9 8.73 -99.9 -99.9 -99.9 -9999.9 -9999.9 -0.0621999986 37.2971992493 -999.999 3678
MKN 2023 12 25 08 00 00 326 3.8 98.75 -99.9 -999.9 9.63 -99.9 -99.9 -99.9 -9999.9 -9999.9 -0.0621999986 37.2971992493 -999.999 3678
MKN 2023 12 25 09 00 00 348 3.4 99.37 -99.9 -999.9 8.82 -99.9 -99.9 -99.9 -9999.9 -9999.9 -0.0621999986 37.2971992493 -999.999 3678
MKN 2023 12 25 10 00 00 299 3.6 99.4 -99.9 -999.9 8.13 -99.9 -99.9 -99.9 -9999.9 -9999.9 -0.0621999986 37.2971992493 -999.999 3678
MKN 2023 12 25 11 00 00 187 3 99.37 -99.9 -999.9 9.57 -99.9 -99.9 -99.9 -9999.9 -9999.9 -0.0621999986 37.2971992493 -999.999 3678
MKN 2023 12 25 12 00 00 68 4.2 98.22 -99.9 -999.9 9.68 -99.9 -99.9 -99.9 -9999.9 -9999.9 -0.0621999986 37.2971992493 -999.999 3678
MKN 2023 12 25 13 00 00 186 3.6 99.33 -99.9 -999.9 9.63 -99.9 -99.9 -99.9 -9999.9 -9999.9 -0.0621999986 37.2971992493 -999.999 3678
MKN 2023 12 25 14 00 00 246 2.5 99.02 -99.9 -999.9 9.55 -99.9 -99.9 -99.9 -9999.9 -9999.9 -0.0621999986 37.2971992493 -999.999 3678
MKN 2023 12 25 15 00 00 127 3.3 98.38 -99.9 -999.9 8.62 -99.9 -99.9 -99.9 -9999.9 -9999.9 -0.0621999986 37.2971992493 -999.999 3678
MKN 2023 12 25 16 00 00 203 1.9 99.33 -99.9 -999.9 8.18 -99.9 -99.9 -99.9 -9999.9 -9999.9 -0.0621999986 37.2971992493 -999.999 3678
MKN 2023 12 25 17 00 00 261 1.8 99.4 -99.9 -999.9 8.02 -99.9 -99.9 -99.9 -9999.9 -9999.9 -0.0621999986 37.2971992493 -999.999 3678
MKN 2023 12 25 18 00 00 117 1.4 99.3 -99.9 -999.9 7.3 -99.9 -99.9 -99.9 -9999.9 -9999.9 -0.0621999986 37.2971992493 -999.999 3678
MKN 2023 12 25 19 00 00 126 1.6 89.67 -99.9 -999.9 6.93 -99.9 -99.9 -99.9 -9999.9 -9999.9 -0.0621999986 37.2971992493 -999.999 3678
MKN 2023 12 25 20 00 00 139 5.4 81.53 -99.9 -999.9 6.98 -99.9 -99.9 -99.9 -9999.9 -9999.9 -0.0621999986 37.2971992493 -999.999 3678
MKN 2023 12 25 21 00 00 120 5.4 81.98 -99.9 -999.9 6.22 -99.9 -99.9 -99.9 -9999.9 -9999.9 -0.0621999986 37.2971992493 -999.999 3678
MKN 2023 12 25 22 00 00 118 6.1 71.3 -99.9 -999.9 6.63 -99.9 -99.9 -99.9 -9999.9 -9999.9 -0.0621999986 37.2971992493 -999.999 3678
MKN 2023 12 25 23 00 00 121 6.3 68.32 -99.9 -999.9 5.75 -99.9 -99.9 -99.9 -9999.9 -9999.9 -0.0621999986 37.2971992493 -999.999 3678
MKN 2023 12 26 00 00 00 130 7 75.62 -99.9 -999.9 5.8 -99.9 -99.9 -99.9 -9999.9 -9999.9 -0.0621999986 37.2971992493 -999.999 3678
MKN 2023 12 26 01 00 00 131 7.7 76.72 -99.9 -999.9 6.52 -99.9 -99.9 -99.9 -9999.9 -9999.9 -0.0621999986 37.2971992493 -999.999 3678
MKN 2023 12 26 02 00 00 127 6.4 82.85 -99.9 -999.9 6.35 -99.9 -99.9 -99.9 -9999.9 -9999.9 -0.0621999986 37.2971992493 -999.999 3678
MKN 2023 12 26 03 00 00 140 4.2 74.57 -99.9 -999.9 7.68 -99.9 -99.9 -99.9 -9999.9 -9999.9 -0.0621999986 37.2971992493 -999.999 3678
MKN 2023 12 26 04 00 00 198 3 76.18 -99.9 -999.9 7.38 -99.9 -99.9 -99.9 -9999.9 -9999.9 -0.0621999986 37.2971992493 -999.999 3678
MKN 2023 12 26 05 00 00 109 6.1 63.55 -99.9 -999.9 8.98 -99.9 -99.9 -99.9 -9999.9 -9999.9 -0.0621999986 37.2971992493 -999.999 3678
MKN 2023 12 26 06 00 00 105 6.2 65.38 -99.9 -999.9 11.17 -99.9 -99.9 -99.9 -9999.9 -9999.9 -0.0621999986 37.2971992493 -999.999 3678
MKN 2023 12 26 07 00 00 113 7.7 69.57 -99.9 -999.9 12.12 -99.9 -99.9 -99.9 -9999.9 -9999.9 -0.0621999986 37.2971992493 -999.999 3678
MKN 2023 12 26 08 00 00 102 5.5 99.28 -99.9 -999.9 8.68 -99.9 -99.9 -99.9 -9999.9 -9999.9 -0.0621999986 37.2971992493 -999.999 3678
MKN 2023 12 26 09 00 00 277 3.3 93.75 -99.9 -999.9 9.53 -99.9 -99.9 -99.9 -9999.9 -9999.9 -0.0621999986 37.2971992493 -999.999 3678
MKN 2023 12 26 10 00 00 125 5.6 93.18 -99.9 -999.9 9.97 -99.9 -99.9 -99.9 -9999.9 -9999.9 -0.0621999986 37.2971992493 -999.999 3678
MKN 2023 12 26 11 00 00 272 3.6 99.22 -99.9 -999.9 9.44 -99.9 -99.9 -99.9 -9999.9 -9999.9 -0.0621999986 37.2971992493 -999.999 3678
MKN 2023 12 26 12 00 00 285 4.5 -99.9 -99.9 -999.9 -99.9 -99.9 -99.9 -99.9 -9999.9 -9999.9 -0.0621999986 37.2971992493 -999.999 3678
MKN 2023 12 27 09 00 00 -99.9 -99.9 44.75 -99.9 -999.9 11.92 -99.9 -99.9 -99.9 -9999.9 -9999.9 -0.0621999986 37.2971992493 -999.999 3678
MKN 2023 12 27 10 00 00 109 9.2 42.13 -99.9 -999.9 12.62 -99.9 -99.9 -99.9 -9999.9 -9999.9 -0.0621999986 37.2971992493 -999.999 3678
MKN 2023 12 27 11 00 00 94 9.3 60.42 -99.9 -999.9 12.57 -99.9 -99.9 -99.9 -9999.9 -9999.9 -0.0621999986 37.2971992493 -999.999 3678
MKN 2023 12 27 12 00 00 283 5.9 80.33 -99.9 -999.9 10.65 -99.9 -99.9 -99.9 -9999.9 -9999.9 -0.0621999986 37.2971992493 -999.999 3678
MKN 2023 12 27 13 00 00 290 6.1 79.07 -99.9 -999.9 10.28 -99.9 -99.9 -99.9 -9999.9 -9999.9 -0.0621999986 37.2971992493 -999.999 3678
MKN 2023 12 27 14 00 00 288 3.6 92.45 -99.9 -999.9 9.27 -99.9 -99.9 -99.9 -9999.9 -9999.9 -0.0621999986 37.2971992493 -999.999 3678
MKN 2023 12 27 15 00 00 277 2.5 90.97 -99.9 -999.9 7.23 -99.9 -99.9 -99.9 -9999.9 -9999.9 -0.0621999986 37.2971992493 -999.999 3678
MKN 2023 12 27 16 00 00 124 1.2 60.85 -99.9 -999.9 5.4 -99.9 -99.9 -99.9 -9999.9 -9999.9 -0.0621999986 37.2971992493 -999.999 3678
MKN 2023 12 27 17 00 00 129 6.1 48.47 -99.9 -999.9 6.2 -99.9 -99.9 -99.9 -9999.9 -9999.9 -0.0621999986 37.2971992493 -999.999 3678
MKN 2023 12 27 18 00 00 132 5.9 45.22 -99.9 -999.9 5.8 -99.9 -99.9 -99.9 -9999.9 -9999.9 -0.0621999986 37.2971992493 -999.999 3678
MKN 2023 12 27 19 00 00 140 6.9 47.42 -99.9 -999.9 5.25 -99.9 -99.9 -99.9 -9999.9 -9999.9 -0.0621999986 37.2971992493 -999.999 3678
MKN 2023 12 27 20 00 00 145 6.8 51.9 -99.9 -999.9 6.82 -99.9 -99.9 -99.9 -9999.9 -9999.9 -0.0621999986 37.2971992493 -999.999 3678
MKN 2023 12 27 21 00 00 141 6.2 47.95 -99.9 -999.9 4.95 -99.9 -99.9 -99.9 -9999.9 -9999.9 -0.0621999986 37.2971992493 -999.999 3678
MKN 2023 12 27 22 00 00 149 5.4 42.13 -99.9 -999.9 4.75 -99.9 -99.9 -99.9 -9999.9 -9999.9 -0.0621999986 37.2971992493 -999.999 3678
MKN 2023 12 27 23 00 00 134 5.9 40.47 -99.9 -999.9 4.92 -99.9 -99.9 -99.9 -9999.9 -9999.9 -0.0621999986 37.2971992493 -999.999 3678
MKN 2023 12 28 00 00 00 108 8.4 45.65 -99.9 -999.9 4.98 -99.9 -99.9 -99.9 -9999.9 -9999.9 -0.0621999986 37.2971992493 -999.999 3678
MKN 2023 12 28 01 00 00 110 10.5 40.15 -99.9 -999.9 5.13 -99.9 -99.9 -99.9 -9999.9 -9999.9 -0.0621999986 37.2971992493 -999.999 3678
MKN 2023 12 28 02 00 00 108 11.3 32.55 -99.9 -999.9 5.25 -99.9 -99.9 -99.9 -9999.9 -9999.9 -0.0621999986 37.2971992493 -999.999 3678
MKN 2023 12 28 03 00 00 109 10.8 33.37 -99.9 -999.9 5.42 -99.9 -99.9 -99.9 -9999.9 -9999.9 -0.0621999986 37.2971992493 -999.999 3678
MKN 2023 12 28 04 00 00 117 11.2 39.88 -99.9 -999.9 5.95 -99.9 -99.9 -99.9 -9999.9 -9999.9 -0.0621999986 37.2971992493 -999.999 3678
MKN 2023 12 28 05 00 00 103 10.5 41.93 -99.9 -999.9 7.93 -99.9 -99.9 -99.9 -9999.9 -9999.9 -0.0621999986 37.2971992493 -999.999 3678
MKN 2023 12 28 06 00 00 89 10.5 41.38 -99.9 -999.9 9.83 -99.9 -99.9 -99.9 -9999.9 -9999.9 -0.0621999986 37.2971992493 -999.999 3678
MKN 2023 12 28 07 00 00 82 7.2 38.85 -99.9 -999.9 11.4 -99.9 -99.9 -99.9 -9999.9 -9999.9 -0.0621999986 37.2971992493 -999.999 3678
MKN 2023 12 28 08 00 00 64 7.8 47.18 -99.9 -999.9 11.65 -99.9 -99.9 -99.9 -9999.9 -9999.9 -0.0621999986 37.2971992493 -999.999 3678
MKN 2023 12 28 09 00 00 63 9.7 51.2 -99.9 -999.9 11.93 -99.9 -99.9 -99.9 -9999.9 -9999.9 -0.0621999986 37.2971992493 -999.999 3678
MKN 2023 12 28 10 00 00 48 9.7 62.5 -99.9 -999.9 11.1 -99.9 -99.9 -99.9 -9999.9 -9999.9 -0.0621999986 37.2971992493 -999.999 3678
MKN 2023 12 28 11 00 00 20 9.7 76.38 -99.9 -999.9 10.05 -99.9 -99.9 -99.9 -9999.9 -9999.9 -0.0621999986 37.2971992493 -999.999 3678
MKN 2023 12 28 12 00 00 22 6.1 91.2 -99.9 -999.9 8.63 -99.9 -99.9 -99.9 -9999.9 -9999.9 -0.0621999986 37.2971992493 -999.999 3678
MKN 2023 12 28 13 00 00 8 4.2 98.23 -99.9 -999.9 8.03 -99.9 -99.9 -99.9 -9999.9 -9999.9 -0.0621999986 37.2971992493 -999.999 3678
MKN 2023 12 28 14 00 00 15 4.7 99.2 -99.9 -999.9 7.8 -99.9 -99.9 -99.9 -9999.9 -9999.9 -0.0621999986 37.2971992493 -999.999 3678
MKN 2023 12 28 15 00 00 47 2.2 97.1 -99.9 -999.9 7.53 -99.9 -99.9 -99.9 -9999.9 -9999.9 -0.0621999986 37.2971992493 -999.999 3678
MKN 2023 12 28 16 00 00 153 1.6 94.9 -99.9 -999.9 6.9 -99.9 -99.9 -99.9 -9999.9 -9999.9 -0.0621999986 37.2971992493 -999.999 3678
MKN 2023 12 28 17 00 00 156 1.1 85.25 -99.9 -999.9 6.5 -99.9 -99.9 -99.9 -9999.9 -9999.9 -0.0621999986 37.2971992493 -999.999 3678
MKN 2023 12 28 18 00 00 169 0.9 91.57 -99.9 -999.9 6.8 -99.9 -99.9 -99.9 -9999.9 -9999.9 -0.0621999986 37.2971992493 -999.999 3678
MKN 2023 12 28 19 00 00 121 0.9 82.97 -99.9 -999.9 5.95 -99.9 -99.9 -99.9 -9999.9 -9999.9 -0.0621999986 37.2971992493 -999.999 3678
MKN 2023 12 28 20 00 00 109 2.2 80.18 -99.9 -999.9 4.48 -99.9 -99.9 -99.9 -9999.9 -9999.9 -0.0621999986 37.2971992493 -999.999 3678
MKN 2023 12 28 21 00 00 117 5.5 76.15 -99.9 -999.9 5.38 -99.9 -99.9 -99.9 -9999.9 -9999.9 -0.0621999986 37.2971992493 -999.999 3678
MKN 2023 12 28 22 00 00 117 7.4 65.55 -99.9 -999.9 5.28 -99.9 -99.9 -99.9 -9999.9 -9999.9 -0.0621999986 37.2971992493 -999.999 3678
MKN 2023 12 28 23 00 00 113 7.1 60.6 -99.9 -999.9 5.8 -99.9 -99.9 -99.9 -9999.9 -9999.9 -0.0621999986 37.2971992493 -999.999 3678
MKN 2023 12 29 00 00 00 115 7.3 67.88 -99.9 -999.9 5.52 -99.9 -99.9 -99.9 -9999.9 -9999.9 -0.0621999986 37.2971992493 -999.999 3678
MKN 2023 12 29 01 00 00 107 7.5 77.7 -99.9 -999.9 5.17 -99.9 -99.9 -99.9 -9999.9 -9999.9 -0.0621999986 37.2971992493 -999.999 3678
MKN 2023 12 29 02 00 00 121 8.3 84.75 -99.9 -999.9 4.65 -99.9 -99.9 -99.9 -9999.9 -9999.9 -0.0621999986 37.2971992493 -999.999 3678
MKN 2023 12 29 03 00 00 134 9.1 78.27 -99.9 -999.9 4.63 -99.9 -99.9 -99.9 -9999.9 -9999.9 -0.0621999986 37.2971992493 -999.999 3678
MKN 2023 12 29 04 00 00 131 8.8 82.3 -99.9 -999.9 6.13 -99.9 -99.9 -99.9 -9999.9 -9999.9 -0.0621999986 37.2971992493 -999.999 3678
MKN 2023 12 29 05 00 00 111 6.7 80.27 -99.9 -999.9 8.42 -99.9 -99.9 -99.9 -9999.9 -9999.9 -0.0621999986 37.2971992493 -999.999 3678
MKN 2023 12 29 06 00 00 97 7.1 74.6 -99.9 -999.9 10.58 -99.9 -99.9 -99.9 -9999.9 -9999.9 -0.0621999986 37.2971992493 -999.999 3678
MKN 2023 12 29 07 00 00 175 4.1 97.8 -99.9 -999.9 8.73 -99.9 -99.9 -99.9 -9999.9 -9999.9 -0.0621999986 37.2971992493 -999.999 3678
MKN 2023 12 29 08 00 00 266 4.2 98.78 -99.9 -999.9 8.72 -99.9 -99.9 -99.9 -9999.9 -9999.9 -0.0621999986 37.2971992493 -999.999 3678
MKN 2023 12 29 09 00 00 256 3.8 96.13 -99.9 -999.9 10.08 -99.9 -99.9 -99.9 -9999.9 -9999.9 -0.0621999986 37.2971992493 -999.999 3678
MKN 2023 12 29 10 00 00 255 3.7 93.5 -99.9 -999.9 9.93 -99.9 -99.9 -99.9 -9999.9 -9999.9 -0.0621999986 37.2971992493 -999.999 3678
MKN 2023 12 29 11 00 00 106 5 92.92 -99.9 -999.9 9.82 -99.9 -99.9 -99.9 -9999.9 -9999.9 -0.0621999986 37.2971992493 -999.999 3678
MKN 2023 12 29 12 00 00 68 3.9 99.4 -99.9 -999.9 8.15 -99.9 -99.9 -99.9 -9999.9 -9999.9 -0.0621999986 37.2971992493 -999.999 3678
MKN 2023 12 29 13 00 00 272 3 98.82 -99.9 -999.9 8.85 -99.9 -99.9 -99.9 -9999.9 -9999.9 -0.0621999986 37.2971992493 -999.999 3678
MKN 2023 12 29 14 00 00 246 2.2 97.63 -99.9 -999.9 8.92 -99.9 -99.9 -99.9 -9999.9 -9999.9 -0.0621999986 37.2971992493 -999.999 3678
MKN 2023 12 29 15 00 00 277 1.8 99.3 -99.9 -999.9 7.8 -99.9 -99.9 -99.9 -9999.9 -9999.9 -0.0621999986 37.2971992493 -999.999 3678
MKN 2023 12 29 16 00 00 263 1.7 99.35 -99.9 -999.9 7.2 -99.9 -99.9 -99.9 -9999.9 -9999.9 -0.0621999986 37.2971992493 -999.999 3678
MKN 2023 12 29 17 00 00 90 2.3 99.23 -99.9 -999.9 6.53 -99.9 -99.9 -99.9 -9999.9 -9999.9 -0.0621999986 37.2971992493 -999.999 3678
MKN 2023 12 29 18 00 00 142 2.4 98.6 -99.9 -999.9 6.07 -99.9 -99.9 -99.9 -9999.9 -9999.9 -0.0621999986 37.2971992493 -999.999 3678
MKN 2023 12 29 19 00 00 112 1.7 95.2 -99.9 -999.9 6.45 -99.9 -99.9 -99.9 -9999.9 -9999.9 -0.0621999986 37.2971992493 -999.999 3678
MKN 2023 12 29 20 00 00 115 4 96.92 -99.9 -999.9 5.92 -99.9 -99.9 -99.9 -9999.9 -9999.9 -0.0621999986 37.2971992493 -999.999 3678
MKN 2023 12 29 21 00 00 125 4.7 96.3 -99.9 -999.9 5.57 -99.9 -99.9 -99.9 -9999.9 -9999.9 -0.0621999986 37.2971992493 -999.999 3678
MKN 2023 12 29 22 00 00 121 3.3 94.92 -99.9 -999.9 4.85 -99.9 -99.9 -99.9 -9999.9 -9999.9 -0.0621999986 37.2971992493 -999.999 3678
MKN 2023 12 29 23 00 00 114 3.2 93.83 -99.9 -999.9 4.9 -99.9 -99.9 -99.9 -9999.9 -9999.9 -0.0621999986 37.2971992493 -999.999 3678
MKN 2023 12 30 00 00 00 120 4.2 91.52 -99.9 -999.9 5.02 -99.9 -99.9 -99.9 -9999.9 -9999.9 -0.0621999986 37.2971992493 -999.999 3678
MKN 2023 12 30 01 00 00 127 5.4 87.77 -99.9 -999.9 5.48 -99.9 -99.9 -99.9 -9999.9 -9999.9 -0.0621999986 37.2971992493 -999.999 3678
MKN 2023 12 30 02 00 00 111 4.4 89.08 -99.9 -999.9 4.72 -99.9 -99.9 -99.9 -9999.9 -9999.9 -0.0621999986 37.2971992493 -999.999 3678
MKN 2023 12 30 03 00 00 112 2.9 88.23 -99.9 -999.9 4.53 -99.9 -99.9 -99.9 -9999.9 -9999.9 -0.0621999986 37.2971992493 -999.999 3678
MKN 2023 12 30 04 00 00 109 2.8 74.25 -99.9 -999.9 7.87 -99.9 -99.9 -99.9 -9999.9 -9999.9 -0.0621999986 37.2971992493 -999.999 3678
MKN 2023 12 30 05 00 00 107 3.3 67.75 -99.9 -999.9 9.67 -99.9 -99.9 -99.9 -9999.9 -9999.9 -0.0621999986 37.2971992493 -999.999 3678
MKN 2023 12 30 06 00 00 87 4 76.17 -99.9 -999.9 10.52 -99.9 -99.9 -99.9 -9999.9 -9999.9 -0.0621999986 37.2971992493 -999.999 3678
MKN 2023 12 30 07 00 00 25 3 74.47 -99.9 -999.9 11.57 -99.9 -99.9 -99.9 -9999.9 -9999.9 -0.0621999986 37.2971992493 -999.999 3678
MKN 2023 12 30 08 00 00 45 3.5 95.18 -99.9 -999.9 10.3 -99.9 -99.9 -99.9 -9999.9 -9999.9 -0.0621999986 37.2971992493 -999.999 3678
MKN 2023 12 30 09 00 00 276 5.7 93.65 -99.9 -999.9 10.37 -99.9 -99.9 -99.9 -9999.9 -9999.9 -0.0621999986 37.2971992493 -999.999 3678
MKN 2023 12 30 10 00 00 274 4.4 99.28 -99.9 -999.9 9.13 -99.9 -99.9 -99.9 -9999.9 -9999.9 -0.0621999986 37.2971992493 -999.999 3678
MKN 2023 12 30 11 00 00 252 2.6 99.35 -99.9 -999.9 8.83 -99.9 -99.9 -99.9 -9999.9 -9999.9 -0.0621999986 37.2971992493 -999.999 3678
MKN 2023 12 30 12 00 00 332 2.3 92.03 -99.9 -999.9 10.03 -99.9 -99.9 -99.9 -9999.9 -9999.9 -0.0621999986 37.2971992493 -999.999 3678
MKN 2023 12 30 13 00 00 53 3.8 90.07 -99.9 -999.9 10.17 -99.9 -99.9 -99.9 -9999.9 -9999.9 -0.0621999986 37.2971992493 -999.999 3678
MKN 2023 12 30 14 00 00 0 3.1 99.4 -99.9 -999.9 8.65 -99.9 -99.9 -99.9 -9999.9 -9999.9 -0.0621999986 37.2971992493 -999.999 3678
MKN 2023 12 30 15 00 00 260 2.4 99.25 -99.9 -999.9 7.95 -99.9 -99.9 -99.9 -9999.9 -9999.9 -0.0621999986 37.2971992493 -999.999 3678
MKN 2023 12 30 16 00 00 166 2.8 97.18 -99.9 -999.9 7.43 -99.9 -99.9 -99.9 -9999.9 -9999.9 -0.0621999986 37.2971992493 -999.999 3678
MKN 2023 12 30 17 00 00 153 1.2 99.25 -99.9 -999.9 6.47 -99.9 -99.9 -99.9 -9999.9 -9999.9 -0.0621999986 37.2971992493 -999.999 3678
MKN 2023 12 30 18 00 00 125 2.1 96.68 -99.9 -999.9 6.12 -99.9 -99.9 -99.9 -9999.9 -9999.9 -0.0621999986 37.2971992493 -999.999 3678
MKN 2023 12 30 19 00 00 124 2.6 96.1 -99.9 -999.9 5.5 -99.9 -99.9 -99.9 -9999.9 -9999.9 -0.0621999986 37.2971992493 -999.999 3678
MKN 2023 12 30 20 00 00 105 3.2 90.8 -99.9 -999.9 5.08 -99.9 -99.9 -99.9 -9999.9 -9999.9 -0.0621999986 37.2971992493 -999.999 3678
MKN 2023 12 30 21 00 00 125 2 83.62 -99.9 -999.9 5.65 -99.9 -99.9 -99.9 -9999.9 -9999.9 -0.0621999986 37.2971992493 -999.999 3678
MKN 2023 12 30 22 00 00 117 4.4 76.53 -99.9 -999.9 6.27 -99.9 -99.9 -99.9 -9999.9 -9999.9 -0.0621999986 37.2971992493 -999.999 3678
MKN 2023 12 30 23 00 00 115 5.1 75.93 -99.9 -999.9 5.85 -99.9 -99.9 -99.9 -9999.9 -9999.9 -0.0621999986 37.2971992493 -999.999 3678
MKN 2023 12 31 00 00 00 109 5.9 78.13 -99.9 -999.9 5.9 -99.9 -99.9 -99.9 -9999.9 -9999.9 -0.0621999986 37.2971992493 -999.999 3678
MKN 2023 12 31 01 00 00 109 5.6 79.7 -99.9 -999.9 6.15 -99.9 -99.9 -99.9 -9999.9 -9999.9 -0.0621999986 37.2971992493 -999.999 3678
MKN 2023 12 31 02 00 00 114 5.5 78.33 -99.9 -999.9 6.37 -99.9 -99.9 -99.9 -9999.9 -9999.9 -0.0621999986 37.2971992493 -999.999 3678
MKN 2023 12 31 03 00 00 115 6.5 76.93 -99.9 -999.9 6.18 -99.9 -99.9 -99.9 -9999.9 -9999.9 -0.0621999986 37.2971992493 -999.999 3678
MKN 2023 12 31 04 00 00 117 7.3 73.5 -99.9 -999.9 7.83 -99.9 -99.9 -99.9 -9999.9 -9999.9 -0.0621999986 37.2971992493 -999.999 3678
MKN 2023 12 31 05 00 00 110 8.6 69.72 -99.9 -999.9 9.8 -99.9 -99.9 -99.9 -9999.9 -9999.9 -0.0621999986 37.2971992493 -999.999 3678
MKN 2023 12 31 06 00 00 115 7.5 76.7 -99.9 -999.9 10.35 -99.9 -99.9 -99.9 -9999.9 -9999.9 -0.0621999986 37.2971992493 -999.999 3678
MKN 2023 12 31 07 00 00 41 4 99.33 -99.9 -999.9 7.98 -99.9 -99.9 -99.9 -9999.9 -9999.9 -0.0621999986 37.2971992493 -999.999 3678
MKN 2023 12 31 08 00 00 333 3.5 99.38 -99.9 -999.9 8.23 -99.9 -99.9 -99.9 -9999.9 -9999.9 -0.0621999986 37.2971992493 -999.999 3678
MKN 2023 12 31 09 00 00 331 3.6 99.38 -99.9 -999.9 7.72 -99.9 -99.9 -99.9 -9999.9 -9999.9 -0.0621999986 37.2971992493 -999.999 3678
MKN 2023 12 31 10 00 00 268 3.8 99.35 -99.9 -999.9 7.72 -99.9 -99.9 -99.9 -9999.9 -9999.9 -0.0621999986 37.2971992493 -999.999 3678
MKN 2023 12 31 11 00 00 63 1.9 99.37 -99.9 -999.9 8.47 -99.9 -99.9 -99.9 -9999.9 -9999.9 -0.0621999986 37.2971992493 -999.999 3678
MKN 2023 12 31 12 00 00 349 2.1 99.33 -99.9 -999.9 7.73 -99.9 -99.9 -99.9 -9999.9 -9999.9 -0.0621999986 37.2971992493 -999.999 3678
MKN 2023 12 31 13 00 00 275 1.5 99.4 -99.9 -999.9 7.68 -99.9 -99.9 -99.9 -9999.9 -9999.9 -0.0621999986 37.2971992493 -999.999 3678
MKN 2023 12 31 14 00 00 71 2.6 99.4 -99.9 -999.9 8.45 -99.9 -99.9 -99.9 -9999.9 -9999.9 -0.0621999986 37.2971992493 -999.999 3678
MKN 2023 12 31 15 00 00 14 1.7 99.4 -99.9 -999.9 8.18 -99.9 -99.9 -99.9 -9999.9 -9999.9 -0.0621999986 37.2971992493 -999.999 3678
MKN 2023 12 31 16 00 00 250 3.2 99.4 -99.9 -999.9 7.62 -99.9 -99.9 -99.9 -9999.9 -9999.9 -0.0621999986 37.2971992493 -999.999 3678
MKN 2023 12 31 17 00 00 246 1.6 99.38 -99.9 -999.9 7.23 -99.9 -99.9 -99.9 -9999.9 -9999.9 -0.0621999986 37.2971992493 -999.999 3678
MKN 2023 12 31 18 00 00 104 1.6 99.38 -99.9 -999.9 7.28 -99.9 -99.9 -99.9 -9999.9 -9999.9 -0.0621999986 37.2971992493 -999.999 3678
MKN 2023 12 31 19 00 00 225 1.3 99.3 -99.9 -999.9 5.62 -99.9 -99.9 -99.9 -9999.9 -9999.9 -0.0621999986 37.2971992493 -999.999 3678
MKN 2023 12 31 20 00 00 162 1.7 99.3 -99.9 -999.9 5.73 -99.9 -99.9 -99.9 -9999.9 -9999.9 -0.0621999986 37.2971992493 -999.999 3678
MKN 2023 12 31 21 00 00 119 1 99.28 -99.9 -999.9 5.6 -99.9 -99.9 -99.9 -9999.9 -9999.9 -0.0621999986 37.2971992493 -999.999 3678
MKN 2023 12 31 22 00 00 174 1.6 99.32 -99.9 -999.9 5.07 -99.9 -99.9 -99.9 -9999.9 -9999.9 -0.0621999986 37.2971992493 -999.999 3678
MKN 2023 12 31 23 00 00 105 1.5 98.3 -99.9 -999.9 4.37 -99.9 -99.9 -99.9 -9999.9 -9999.9 -0.0621999986 37.2971992493 -999.999 3678
