filename,dte,burst_pressure_hPa,tco_shadoz,tco_shadoz_recalc,tco_shadoz_cams,tco_shadoz_recalc_cams
nairobi_20030502T08_SHADOZV06.dat,2003-05-02,4.25,229.89999389648438,229.63729603416928,242.86484852645674,242.60215066414165
nairobi_20030507T07_SHADOZV06.dat,2003-05-07,4.449999809265137,228.24000549316406,227.81632179435175,242.27589891737566,241.85221521856334
nairobi_20030514T07_SHADOZV06.dat,2003-05-14,4.190000057220459,237.1699981689453,236.72643097349746,249.81786526689984,249.374298071452
nairobi_20030521T08_SHADOZV06.dat,2003-05-21,5.340000152587891,230.19000244140625,230.07366454572235,249.23693632115092,249.12059842546702
nairobi_20030528T07_SHADOZV06.dat,2003-05-28,4.670000076293945,231.66000366210938,231.22600038030163,246.898845026487,246.46484174467926
nairobi_20030604T07_SHADOZV06.dat,2003-06-04,4.340000152587891,230.24000549316406,229.80644113055664,244.3101226177047,243.87655825509728
nairobi_20030611T07_SHADOZV06.dat,2003-06-11,4.090000152587891,232.1300048828125,231.69278623604097,244.81523569792628,244.37801705115476
nairobi_20030625T08_SHADOZV06.dat,2003-06-25,4.820000171661377,239.4499969482422,238.99860071214033,256.26178796306414,255.81039172696228
nairobi_20030702T07_SHADOZV06.dat,2003-07-02,4.269999980926514,242.02999877929688,241.57451816726913,256.2450914897168,255.78961087768903
nairobi_20030709T07_SHADOZV06.dat,2003-07-09,6.329999923706055,229.3000030517578,228.8859788246563,256.7494936063654,256.3354693792638
nairobi_20030716T07_SHADOZV06.dat,2003-07-16,9.729999542236328,205.4199981689453,205.0399113568698,256.94683163248624,256.5667448204107
nairobi_20030723T07_SHADOZV06.dat,2003-07-23,3.940000057220459,230.7100067138672,230.28046431770713,243.01817378822457,242.5886313920645
nairobi_20030730T07_SHADOZV06.dat,2003-07-30,28.270000457763672,78.5999984741211,78.44986124107548,241.5830203957318,241.4328831626862
nairobi_20030806T07_SHADOZV06.dat,2003-08-06,4.440000057220459,236.47999572753906,236.04093971539922,252.24105621578752,251.8020002036477
nairobi_20030813T07_SHADOZV06.dat,2003-08-13,3.9600000381469727,245.05999755859375,244.6026440540171,257.84905892801,257.39170542343334
nairobi_20030820T07_SHADOZV06.dat,2003-08-20,6.400000095367432,217.66000366210938,217.25726078811783,246.96866140693317,246.56591853294162
nairobi_20030827T07_SHADOZV06.dat,2003-08-27,4.25,244.8699951171875,244.4196849031513,259.4339823618321,258.9836721477959
nairobi_20030903T07_SHADOZV06.dat,2003-09-03,5.050000190734863,241.25999450683594,240.8030597433625,260.5617967895743,260.1048620261009
nairobi_20030910T07_SHADOZV06.dat,2003-09-10,4.739999771118164,242.77000427246094,242.31030374060978,260.03771347871714,259.578012946866
nairobi_20030917T07_SHADOZV06.dat,2003-09-17,90.95999908447266,32.5,32.43689362422754,264.5113944615133,264.44828808574084
nairobi_20030924T07_SHADOZV06.dat,2003-09-24,4.880000114440918,246.52000427246094,246.06084155178252,264.6985994479564,264.23943672727796
nairobi_20031001T07_SHADOZV06.dat,2003-10-01,91.56999969482422,33.16999816894531,33.10998746574019,264.59622378419454,264.5362130809894
nairobi_20031008T07_SHADOZV06.dat,2003-10-08,4.039999961853027,253.47000122070312,253.00274891155254,266.13484817370255,265.66759586455197
nairobi_20031015T07_SHADOZV06.dat,2003-10-15,92.2699966430664,31.049999237060547,30.996550901976896,262.47622485230977,262.4227765172261
nairobi_20031022T07_SHADOZV06.dat,2003-10-22,4.449999809265137,234.47000122070312,234.02673019492323,249.58000133622338,249.13673031044348
nairobi_20031029T07_SHADOZV06.dat,2003-10-29,4.829999923706055,230.83999633789062,230.40819661103004,248.3215798454746,247.889780118614
nairobi_20031112T07_SHADOZV06.dat,2003-11-12,91.44000244140625,31.209999084472656,31.154667509068908,257.68037076447166,257.62503918906793
nairobi_20031119T07_SHADOZV06.dat,2003-11-19,5.309999942779541,225.0,224.58268799193576,245.2472866818661,244.82997467380184
nairobi_20031128T08_SHADOZV06.dat,2003-11-28,4.260000228881836,232.4600067138672,232.02131410551266,246.25869395692789,245.82000134857336
nairobi_20031203T07_SHADOZV06.dat,2003-12-03,5.059999942779541,224.8800048828125,224.46197282724273,245.51642356477703,245.09839150920726
nairobi_20031210T07_SHADOZV06.dat,2003-12-10,4.110000133514404,227.5399932861328,227.1123335026267,241.9976196924936,241.5699599089875
nairobi_20031217T08_SHADOZV06.dat,2003-12-17,5.630000114440918,215.8800048828125,215.59023765277993,240.4101182091076,240.12035097907503
nairobi_20031218T08_SHADOZV06.dat,2003-12-18,4.659999847412109,231.97000122070312,231.53374110722126,249.94963777836375,249.5133776648819
nairobi_20031219T08_SHADOZV06.dat,2003-12-19,38.220001220703125,51.83000183105469,51.73855922394026,248.79593585542935,248.70449324831492
nairobi_20031224T07_SHADOZV06.dat,2003-12-24,4.019999980926514,241.0800018310547,240.59750778713823,254.97807889518037,254.4955848512639
nairobi_20031231T07_SHADOZV06.dat,2003-12-31,4.28000020980835,234.25999450683594,233.8280192051038,249.78796146400325,249.3559861622711
nairobi_20040114T07_SHADOZV06.dat,2004-01-14,3.9000000953674316,231.11000061035156,230.68121869943587,242.80203251888625,242.37325060797056
nairobi_20040121T09_SHADOZV06.dat,2004-01-21,4.510000228881836,215.4199981689453,214.82435769933218,232.29784778179507,231.70220731218194
nairobi_20040128T08_SHADOZV06.dat,2004-01-28,4.650000095367432,245.08999633789062,244.63081532983446,262.87479085410075,262.4156098460446
nairobi_20040204T07_SHADOZV06.dat,2004-02-04,4.550000190734863,229.6300048828125,229.31289329680007,246.18132283290203,245.8642112468896
nairobi_20040211T07_SHADOZV06.dat,2004-02-11,6.079999923706055,214.99000549316406,214.59383474771175,242.08913390842994,241.69296316297763
nairobi_20040218T08_SHADOZV06.dat,2004-02-18,13.680000305175781,168.99000549316406,168.7811452304766,252.5503173520126,252.3414570893251
nairobi_20040225T07_SHADOZV06.dat,2004-02-25,5.159999847412109,230.39999389648438,230.14161912402272,251.03261589105819,250.77424111859654
nairobi_20040303T08_SHADOZV06.dat,2004-03-03,5.039999961853027,236.33999633789062,235.89476910919117,255.2118766528649,254.76664942416545
nairobi_20040310T07_SHADOZV06.dat,2004-03-10,10.119999885559082,185.85000610351562,185.5249389929857,242.02524240820532,241.7001752976754
nairobi_20040317T08_SHADOZV06.dat,2004-03-17,5.480000019073486,240.27999877929688,239.8319654779551,262.1229836684387,261.67495036709687
nairobi_20040324T07_SHADOZV06.dat,2004-03-24,9.989999771118164,202.97999572753906,202.60225188800868,258.16335363905523,257.7856097995248
nairobi_20040324T07_SHADOZV06.dat,2004-03-24,9.989999771118164,202.97999572753906,202.60225188800868,258.16335363905523,257.7856097995248
nairobi_20040324T07_SHADOZV06.dat,2004-03-24,9.989999771118164,202.97999572753906,202.60225188800868,258.16335363905523,257.7856097995248
nairobi_20040331T07_SHADOZV06.dat,2004-03-31,4.159999847412109,261.2699890136719,260.78125067792934,274.54969312628276,274.0609547905402
nairobi_20040407T07_SHADOZV06.dat,2004-04-07,6.619999885559082,231.75999450683594,231.33002417417427,260.57505633891145,260.1450860062498
nairobi_20040414T07_SHADOZV06.dat,2004-04-14,4.079999923706055,246.11000061035156,245.65029548637992,258.5453475080148,258.0856423840432
nairobi_20040421T08_SHADOZV06.dat,2004-04-21,4.5,245.9499969482422,245.80326301843652,260.82289929228625,260.6761653624806
nairobi_20040428T07_SHADOZV06.dat,2004-04-28,18.219999313354492,141.27999877929688,141.01868321666365,255.37339603643576,255.11208047380254
nairobi_20040512T07_SHADOZV06.dat,2004-05-12,8.0600004196167,228.5500030517578,228.11921806008343,267.2983405870589,266.8675555953845
nairobi_20040512T07_SHADOZV06.dat,2004-05-12,8.0600004196167,228.5500030517578,228.11921806008343,267.2983405870589,266.8675555953845
nairobi_20040512T07_SHADOZV06.dat,2004-05-12,8.0600004196167,228.5500030517578,228.11921806008343,267.2983405870589,266.8675555953845
nairobi_20040519T07_SHADOZV06.dat,2004-05-19,20.229999542236328,129.57000732421875,129.5770641432789,254.65723982209903,254.66429664115918
nairobi_20040526T07_SHADOZV06.dat,2004-05-26,17.15999984741211,153.6300048828125,153.49154127511375,259.0819554372251,258.9434918295263
nairobi_20040602T07_SHADOZV06.dat,2004-06-02,19.670000076293945,138.07000732421875,138.113459842236,258.2156784389104,258.25913095692766
nairobi_20040616T08_SHADOZV06.dat,2004-06-16,10.119999885559082,201.22000122070312,200.84220041767625,256.0025899219408,255.62478911891395
nairobi_20040623T08_SHADOZV06.dat,2004-06-23,9.489999771118164,206.92999267578125,206.7526045490434,256.9190558884071,256.74166776166925
nairobi_20040707T08_SHADOZV06.dat,2004-07-07,9.210000038146973,226.57000732421875,226.1417970842652,276.9473391114087,276.51912887145517
nairobi_20040721T07_SHADOZV06.dat,2004-07-21,9.819999694824219,208.83999633789062,208.68025969629429,264.03725280189934,263.877516160303
nairobi_20040729T08_SHADOZV06.dat,2004-07-29,10.199999809265137,204.97999572753906,204.60213354751662,263.16278732453407,262.7849251445116
nairobi_20040804T07_SHADOZV06.dat,2004-08-04,15.130000114440918,157.14999389648438,156.86200908581185,255.56723407283283,255.2792492621603
nairobi_20040818T07_SHADOZV06.dat,2004-08-18,24.68000030517578,116.18000030517578,115.96379790090175,268.6464673178134,268.43026491353936
nairobi_20040825T08_SHADOZV06.dat,2004-08-25,38.54999923706055,77.05999755859375,76.91682415804858,274.75916762385185,274.6159942233067
nairobi_20040901T08_SHADOZV06.dat,2004-09-01,15.180000305175781,163.0399932861328,162.7328354372918,261.97697175210305,261.669813903262
nairobi_20040908T08_SHADOZV06.dat,2004-09-08,15.180000305175781,185.5399932861328,185.59794355506995,284.47697175210305,284.5349220210402
nairobi_20040915T07_SHADOZV06.dat,2004-09-15,7.760000228881836,226.74000549316406,226.31715189908442,266.6433620913545,266.22050849727486
nairobi_20040922T07_SHADOZV06.dat,2004-09-22,9.390000343322754,205.9199981689453,205.5371439171663,259.3584696978683,258.9756154460893
nairobi_20040929T07_SHADOZV06.dat,2004-09-29,5.909999847412109,239.19000244140625,238.7435324905008,264.5151183786856,264.06864842778015
nairobi_20041006T08_SHADOZV06.dat,2004-10-06,4.059999942779541,262.1700134277344,261.6746574021041,274.4738046062942,273.97844858066395
nairobi_20041013T07_SHADOZV06.dat,2004-10-13,4.329999923706055,249.30999755859375,248.99881641987795,263.1481544594997,262.83697332078395
nairobi_20041027T07_SHADOZV06.dat,2004-10-27,5.0,227.3000030517578,226.87012512341346,245.22540415870466,244.7955262303603
nairobi_20041103T08_SHADOZV06.dat,2004-11-03,4.869999885559082,227.55999755859375,227.12867254899706,244.19068770787197,243.75936269827528
nairobi_20041103T08_SHADOZV06.dat,2004-11-03,4.869999885559082,227.55999755859375,227.12867254899706,244.19068770787197,243.75936269827528
nairobi_20041110T07_SHADOZV06.dat,2004-11-10,4.360000133514404,239.0500030517578,238.6078435366813,252.78037216636446,252.33821265128793
nairobi_20041117T08_SHADOZV06.dat,2004-11-17,4.039999961853027,231.35000610351562,230.9163365490922,243.3524972562534,242.91882770182997
nairobi_20041124T08_SHADOZV06.dat,2004-11-24,4.360000133514404,229.63999938964844,229.20960351219833,243.37036850425508,242.93997262680497
nairobi_20041203T09_SHADOZV06.dat,2004-12-03,11.510000228881836,176.60000610351562,176.2697280150313,241.03587182875506,240.70559374027073
nairobi_20041203T09_SHADOZV06.dat,2004-12-03,11.510000228881836,176.60000610351562,176.2697280150313,241.03587182875506,240.70559374027073
nairobi_20041208T09_SHADOZV06.dat,2004-12-08,4.46999979019165,221.8800048828125,221.4660112267458,237.1620482311444,236.7480545750777
nairobi_20041215T08_SHADOZV06.dat,2004-12-15,5.599999904632568,215.6300048828125,215.2117971528867,237.82235638136422,237.40414865143842
nairobi_20041215T08_SHADOZV06.dat,2004-12-15,5.599999904632568,215.6300048828125,215.2117971528867,237.82235638136422,237.40414865143842
nairobi_20050105T08_SHADOZV06.dat,2005-01-05,4.039999961853027,227.25999450683594,226.8409555949877,240.78091311835024,240.361874206502
nairobi_20050112T07_SHADOZV06.dat,2005-01-12,14.920000076293945,141.47999572753906,141.21654275572882,233.02966475121528,232.76621177940504
nairobi_20050126T08_SHADOZV06.dat,2005-01-26,4.480000019073486,222.6699981689453,222.2563630492855,238.86589754908866,238.45226242942886
nairobi_20050202T08_SHADOZV06.dat,2005-02-02,5.050000190734863,220.22000122070312,219.80221773219986,239.60861746033146,239.1908339718282
nairobi_20050209T08_SHADOZV06.dat,2005-02-09,4.909999847412109,220.1199951171875,219.70797094181566,238.60335091582624,238.1913267404544
nairobi_20050217T09_SHADOZV06.dat,2005-02-17,4.639999866485596,224.10000610351562,223.68230817968737,240.86981232046455,240.4521143966363
nairobi_20050223T09_SHADOZV06.dat,2005-02-23,12.609999656677246,162.6699981689453,162.3642159814433,238.62768181228068,238.32189962477867
nairobi_20050302T07_SHADOZV06.dat,2005-03-02,4.590000152587891,223.64999389648438,223.2298061443598,239.08510883727848,238.6649210851539
nairobi_20050309T07_SHADOZV06.dat,2005-03-09,4.340000152587891,225.6199951171875,225.37792831621974,239.57707213030693,239.33500532933917
nairobi_20050316T08_SHADOZV06.dat,2005-03-16,5.059999942779541,227.50999450683594,227.49677819835594,245.8514154045867,245.8381990961067
nairobi_20050316T08_SHADOZV06.dat,2005-03-16,5.059999942779541,227.50999450683594,227.49677819835594,245.8514154045867,245.8381990961067
nairobi_20050322T09_SHADOZV06.dat,2005-03-22,9.529999732971191,193.08999633789062,193.0007059756704,244.63383614391526,244.54454578169504
nairobi_20050406T08_SHADOZV06.dat,2005-04-06,5.039999961853027,216.5,216.00822657218953,233.67313663931154,233.18136321150106
nairobi_20050420T07_SHADOZV06.dat,2005-04-20,4.039999961853027,236.92999267578125,236.63413664777386,248.56418612090562,248.26833009289822
nairobi_20050427T08_SHADOZV06.dat,2005-04-27,16.950000762939453,140.8000030517578,140.54093126241696,246.24974898890844,245.99067719956759
nairobi_20050504T08_SHADOZV06.dat,2005-05-04,4.03000020980835,237.2100067138672,236.7678437765619,249.00351144553903,248.56134850823375
nairobi_20050511T08_SHADOZV06.dat,2005-05-11,4.340000152587891,228.05999755859375,227.80551717788404,241.5247504394346,241.2702700587249
nairobi_20050518T08_SHADOZV06.dat,2005-05-18,9.9399995803833,185.38999938964844,185.05733104686294,236.82896881397454,236.49630047118904
nairobi_20050525T08_SHADOZV06.dat,2005-05-25,4.400000095367432,225.24000549316406,224.8140917546813,239.0353006210451,238.60938688256235
nairobi_20050602T08_SHADOZV06.dat,2005-06-02,3.630000114440918,211.27000427246094,210.87734028652358,221.339831479318,220.94716749338065
nairobi_20050615T08_SHADOZV06.dat,2005-06-15,3.5299999713897705,226.72000122070312,226.50482338946944,236.27584928377743,236.06067145254374
nairobi_20050624T07_SHADOZV06.dat,2005-06-24,6.929999828338623,222.55999755859375,222.14310541878487,252.70968081651995,252.29278867671107
nairobi_20050806T07_SHADOZV06.dat,2005-08-06,4.440000057220459,236.47999572753906,236.04093971539922,251.9600107761471,251.52095476400726
nairobi_20050813T07_SHADOZV06.dat,2005-08-13,3.9600000381469727,245.05999755859375,244.6026440540171,257.5800960455846,257.12274254100794
nairobi_20050818T07_SHADOZV06.dat,2005-08-18,7.110000133514404,217.5500030517578,217.35735029229846,251.64433284225794,251.4516800827986
nairobi_20050822T07_SHADOZV06.dat,2005-08-22,7.480000019073486,219.72999572753906,219.54874965077093,256.5859681672665,256.4047220904984
nairobi_20050824T09_SHADOZV06.dat,2005-08-24,3.759999990463257,245.9499969482422,245.485906770068,257.29093380241375,256.82684362423953
nairobi_20050824T09_SHADOZV06.dat,2005-08-24,3.759999990463257,245.9499969482422,245.485906770068,257.29093380241375,256.82684362423953
nairobi_20050907T08_SHADOZV06.dat,2005-09-07,4.119999885559082,232.6300048828125,232.19047388208546,246.10090815456564,245.6613771538386
nairobi_20050914T08_SHADOZV06.dat,2005-09-14,5.090000152587891,238.80999755859375,238.3573408527068,258.4308165680478,257.9781598621609
nairobi_20050921T07_SHADOZV06.dat,2005-09-21,7.860000133514404,220.0,219.61237357437298,259.45899577398285,259.0713693483558
nairobi_20050928T09_SHADOZV06.dat,2005-09-28,4.190000057220459,245.39999389648438,244.94259310774407,259.29356808257455,258.83616729383425
nairobi_20051005T08_SHADOZV06.dat,2005-10-05,8.770000457763672,216.82000732421875,216.41473558660218,261.85373664921775,261.44846491160115
nairobi_20051012T07_SHADOZV06.dat,2005-10-12,4.369999885559082,247.3300018310547,246.8697197683199,261.82161654511435,261.36133448237956
nairobi_20051019T09_SHADOZV06.dat,2005-10-19,8.010000228881836,212.6699981689453,212.27495265906848,252.04550901036407,251.6504635004872
nairobi_20051026T07_SHADOZV06.dat,2005-10-26,7.869999885559082,210.32000732421875,209.92952879518927,248.66347913900103,248.27300060997158
nairobi_20051103T08_SHADOZV06.dat,2005-11-03,8.90999984741211,193.75999450683594,193.42044183714475,238.99597595983562,238.65642329014443
nairobi_20051110T08_SHADOZV06.dat,2005-11-10,6.929999828338623,213.9199981689453,213.712333653911,245.08923150526914,244.88156699023483
nairobi_20051116T08_SHADOZV06.dat,2005-11-16,6.579999923706055,212.8300018310547,212.4326325306443,241.58196495686377,241.18459565645338
nairobi_20051123T08_SHADOZV06.dat,2005-11-23,7.880000114440918,202.42999267578125,202.05152473204862,240.27797162642287,239.89950368269024
nairobi_20051207T08_SHADOZV06.dat,2005-12-07,4.789999961853027,229.5500030517578,229.117705551481,248.08166278198047,247.64936528170367
nairobi_20051207T08_SHADOZV06.dat,2005-12-07,4.789999961853027,229.5500030517578,229.117705551481,248.08166278198047,247.64936528170367
nairobi_20051207T08_SHADOZV06.dat,2005-12-07,4.789999961853027,229.5500030517578,229.117705551481,248.08166278198047,247.64936528170367
nairobi_20051214T09_SHADOZV06.dat,2005-12-14,6.170000076293945,211.8800048828125,211.4912216001523,239.8218509460523,239.4330676633921
nairobi_20051221T09_SHADOZV06.dat,2005-12-21,4.550000190734863,221.14999389648438,220.7409862293166,238.12763473699528,237.7186270698275
nairobi_20051228T07_SHADOZV06.dat,2005-12-28,4.03000020980835,225.83999633789062,225.4261527253182,239.55601356322643,239.142169950654
nairobi_20060104T08_SHADOZV06.dat,2006-01-04,7.510000228881836,200.89999389648438,200.52531393524114,239.96441377784254,239.5897338165993
nairobi_20060111T08_SHADOZV06.dat,2006-01-11,4.059999942779541,227.02999877929688,226.60191813582475,241.64401817231214,241.21593752884002
nairobi_20060118T08_SHADOZV06.dat,2006-01-18,7.590000152587891,193.08999633789062,192.8580292535919,232.75275928548047,232.52079220118173
nairobi_20060201T08_SHADOZV06.dat,2006-02-01,4.440000057220459,229.8300018310547,229.60684932961215,245.33884041691445,245.1156879154719
nairobi_20060208T09_SHADOZV06.dat,2006-02-08,10.5,180.55999755859375,180.22057695623403,239.69309066706435,239.35367006470463
nairobi_20060215T09_SHADOZV06.dat,2006-02-15,8.800000190734863,199.74000549316406,199.63523961315624,246.16886283566535,246.06409695565753
nairobi_20060222T08_SHADOZV06.dat,2006-02-22,8.600000381469727,198.66000366210938,198.2882885604892,243.60539233183377,243.2336772302136
nairobi_20060222T08_SHADOZV06.dat,2006-02-22,8.600000381469727,198.66000366210938,198.2882885604892,243.60539233183377,243.2336772302136
nairobi_20060301T09_SHADOZV06.dat,2006-03-01,7.909999847412109,209.27999877929688,208.88503360269138,247.85797159656272,247.46300641995725
nairobi_20060315T08_SHADOZV06.dat,2006-03-15,6.0,232.6300048828125,232.19671296088814,257.4979202550654,257.06462833314106
nairobi_20060322T09_SHADOZV06.dat,2006-03-22,7.320000171661377,213.66000366210938,213.2649843636652,247.91742471488607,247.5224054164419
nairobi_20060329T09_SHADOZV06.dat,2006-03-29,9.170000076293945,200.17999267578125,199.813457064132,248.12200012765186,247.7554645160026
nairobi_20060405T09_SHADOZV06.dat,2006-04-05,9.779999732971191,212.25,212.14723504593098,264.05228297817064,263.9495180241016
nairobi_20060412T08_SHADOZV06.dat,2006-04-12,8.630000114440918,214.08999633789062,213.69194287636526,257.2498968827119,256.8518434211865
nairobi_20060419T09_SHADOZV06.dat,2006-04-19,10.029999732971191,210.57000732421875,210.17515765760496,264.2673645004585,263.8725148338447
nairobi_20060426T08_SHADOZV06.dat,2006-04-26,9.989999771118164,208.8300018310547,208.6153145560046,262.2238999354272,262.0092126603771
nairobi_20060503T08_SHADOZV06.dat,2006-05-03,6.860000133514404,229.4199981689453,228.99154403799784,259.0803933003929,258.6519391694455
nairobi_20060510T08_SHADOZV06.dat,2006-05-10,9.720000267028809,215.2899932861328,214.88685124865705,265.41032781494357,265.00718577746784
nairobi_20060517T08_SHADOZV06.dat,2006-05-17,7.53000020980835,233.77000427246094,233.70284126404366,268.0685268971275,268.0013638887102
nairobi_20060517T08_SHADOZV06.dat,2006-05-17,7.53000020980835,233.77000427246094,233.70284126404366,268.0685268971275,268.0013638887102
nairobi_20060524T08_SHADOZV06.dat,2006-05-24,7.650000095367432,222.38999938964844,221.9798911173064,257.53217803718985,257.12206976484777
nairobi_20060531T08_SHADOZV06.dat,2006-05-31,6.349999904632568,237.1199951171875,236.67549073009664,263.34640233172615,262.90189794463527
nairobi_20060623T08_SHADOZV06.dat,2006-06-23,7.610000133514404,227.13999938964844,226.71652634338386,262.7512036062352,262.32773055997063
nairobi_20060705T09_SHADOZV06.dat,2006-07-05,8.430000305175781,237.22000122070312,237.0411594686761,279.91990482781796,279.7410630757909
nairobi_20060712T08_SHADOZV06.dat,2006-07-12,4.320000171661377,260.4700012207031,260.74783857591774,275.1955915769034,275.473428932118
nairobi_20060719T09_SHADOZV06.dat,2006-07-19,4.510000228881836,260.05999755859375,259.5772112303075,275.9004005826372,275.41761425435095
nairobi_20060726T09_SHADOZV06.dat,2006-07-26,118.5199966430664,32.36000061035156,32.27925045311526,272.3982222487226,272.31747209148637
nairobi_20060726T09_SHADOZV06.dat,2006-07-26,118.5199966430664,32.36000061035156,32.27925045311526,272.3982222487226,272.31747209148637
nairobi_20060802T09_SHADOZV06.dat,2006-08-02,121.51000213623047,30.979999542236328,30.950873505048474,272.23750883676985,272.20838279958195
nairobi_20060809T09_SHADOZV06.dat,2006-08-09,7.190000057220459,232.00999450683594,231.57036816983944,266.840770194602,266.4011438576055
nairobi_20060816T09_SHADOZV06.dat,2006-08-16,6.300000190734863,239.0,238.78933466900529,267.1554230621304,266.94475773113567
nairobi_20060823T09_SHADOZV06.dat,2006-08-23,7.510000228881836,225.82000732421875,225.39689511577993,263.11364664159055,262.6905344331517
nairobi_20070102T09_SHADOZV06.dat,2007-01-02,51.91999816894531,30.239999771118164,30.178919624883974,230.88854597507563,230.82746582884144
nairobi_20070110T09_SHADOZV06.dat,2007-01-10,5.059999942779541,214.97000122070312,214.65431711163433,234.95238988184155,234.63670577277276
nairobi_20070117T09_SHADOZV06.dat,2007-01-17,5.699999809265137,212.9199981689453,212.5238845632032,237.1929003720196,236.79678676627753
nairobi_20070124T08_SHADOZV06.dat,2007-01-24,7.440000057220459,194.47000122070312,194.10104459349878,231.23945130275771,230.87049467555337
nairobi_20070131T09_SHADOZV06.dat,2007-01-31,6.590000152587891,207.89999389648438,207.55042858596096,238.44021623484784,238.09065092432442
nairobi_20070207T09_SHADOZV06.dat,2007-02-07,7.059999942779541,187.77999877929688,187.54308280315377,222.21172205245477,221.97480607631167
nairobi_20070214T09_SHADOZV06.dat,2007-02-14,6.099999904632568,200.5,200.12444211202904,227.79494275447823,227.41938486650727
nairobi_20070221T09_SHADOZV06.dat,2007-02-21,4.090000152587891,237.6300048828125,237.18650798450074,251.27548384111228,250.8319869428005
nairobi_20070228T09_SHADOZV06.dat,2007-02-28,4.070000171661377,236.66000366210938,236.2173955441248,250.1824674485872,249.73985933060263
nairobi_20070301T09_SHADOZV06.dat,2007-03-01,7.909999847412109,209.27999877929688,208.88503360269138,248.30435810517545,247.90939292856996
nairobi_20070307T09_SHADOZV06.dat,2007-03-07,4.050000190734863,236.1699981689453,235.7282811263645,248.4464860262194,248.00476898363857
nairobi_20070308T08_SHADOZV06.dat,2007-03-08,7.960000038146973,197.80999755859375,197.44272456059198,232.50105054914744,232.13377755114567
nairobi_20070314T09_SHADOZV06.dat,2007-03-14,10.460000038146973,171.38999938964844,171.07341214295684,230.62915778549305,230.31257053880145
nairobi_20070620T09_SHADOZV06.dat,2007-06-20,14.720000267028809,167.86000061035156,167.54677651978096,253.6014002968926,253.288176206322
nairobi_20070627T09_SHADOZV06.dat,2007-06-27,2.7300000190734863,246.14999389648438,245.68827312605654,251.96033531441344,251.4986145439856
nairobi_20070704T09_SHADOZV06.dat,2007-07-04,15.260000228881836,179.82000732421875,179.47915419169283,271.88635971965243,271.5455065871265
nairobi_20070711T08_SHADOZV06.dat,2007-07-11,5.21999979019165,257.8699951171875,257.3907444141355,278.7568698397546,278.2776191367026
nairobi_20070718T08_SHADOZV06.dat,2007-07-18,4.659999847412109,238.3300018310547,238.17856555468518,255.5559584567402,255.4045221803707
nairobi_20070725T08_SHADOZV06.dat,2007-07-25,10.829999923706055,189.47999572753906,189.12309647951858,249.92576521328533,249.56886596526485
nairobi_20070801T08_SHADOZV06.dat,2007-08-01,8.449999809265137,190.9600067138672,190.59958548831494,235.0481201856127,234.68769896006046
nairobi_20070808T09_SHADOZV06.dat,2007-08-08,9.09000015258789,197.50999450683594,197.14364514306902,243.73650486680356,243.37015550303664
nairobi_20070808T09_SHADOZV06.dat,2007-08-08,9.09000015258789,197.50999450683594,197.14364514306902,243.73650486680356,243.37015550303664
nairobi_20070808T09_SHADOZV06.dat,2007-08-08,9.09000015258789,197.50999450683594,197.14364514306902,243.73650486680356,243.37015550303664
nairobi_20070815T08_SHADOZV06.dat,2007-08-15,6.730000019073486,224.0800018310547,223.6553406790743,255.5369852932872,255.1123241413068
nairobi_20070822T08_SHADOZV06.dat,2007-08-22,6.150000095367432,225.27999877929688,224.85835251371688,252.582406605342,252.160760339762
nairobi_20070905T08_SHADOZV06.dat,2007-09-05,4.409999847412109,235.6999969482422,235.25826562983315,251.04805526055924,250.6063239421502
nairobi_20070913T09_SHADOZV06.dat,2007-09-13,3.9800000190734863,241.32000732421875,240.86327786394753,254.02488914926593,253.5681596889947
nairobi_20070919T08_SHADOZV06.dat,2007-09-19,5.480000019073486,229.66000366210938,229.4735532460158,252.08464896535406,251.89819854926048
nairobi_20070927T08_SHADOZV06.dat,2007-09-27,4.650000095367432,230.7100067138672,230.27266913925013,247.58968676403742,247.15234918942036
nairobi_20071006T09_SHADOZV06.dat,2007-10-06,4.96999979019165,249.25999450683594,248.95313168285682,267.7699668487327,267.4631040247536
nairobi_20080123T08_SHADOZV06.dat,2008-01-23,6.139999866485596,209.9499969482422,209.55593275648403,238.71641890178043,238.32235471002227
nairobi_20080123T08_SHADOZV06.dat,2008-01-23,6.139999866485596,209.9499969482422,209.55593275648403,238.71641890178043,238.32235471002227
nairobi_20080130T07_SHADOZV06.dat,2008-01-30,4.039999961853027,246.36000061035156,245.8938397624662,260.4178318125335,259.95167096464814
nairobi_20080208T07_SHADOZV06.dat,2008-02-08,4.050000190734863,248.7100067138672,248.24302175381243,262.851782455602,262.3847974955472
nairobi_20080215T08_SHADOZV06.dat,2008-02-15,5.210000038146973,222.17999267578125,221.92313752048005,244.21694854515195,243.96009338985075
nairobi_20080220T08_SHADOZV06.dat,2008-02-20,5.090000152587891,222.82000732421875,222.40567521517303,244.00835945196894,243.59402734292323
nairobi_20080227T08_SHADOZV06.dat,2008-02-27,4.360000133514404,252.86000061035156,252.38509479027135,269.0366972676586,268.5617914475784
nairobi_20080305T08_SHADOZV06.dat,2008-03-05,10.390000343322754,194.17999267578125,193.81864186661076,253.40163685551298,253.0402860463425
nairobi_20080312T07_SHADOZV06.dat,2008-03-12,3.859999895095825,267.54998779296875,267.04898520255847,279.43935588835427,278.938353297944
nairobi_20080319T08_SHADOZV06.dat,2008-03-19,15.010000228881836,155.94000244140625,155.64737054431816,250.21793654658438,249.9253046494963
nairobi_20080325T08_SHADOZV06.dat,2008-03-25,4.070000171661377,256.0199890136719,255.5377526899211,269.1773196882086,268.69508336445784
nairobi_20080402T07_SHADOZV06.dat,2008-04-02,4.610000133514404,245.19000244140625,244.7418856127078,260.9449471435485,260.49683031485006
nairobi_20080409T08_SHADOZV06.dat,2008-04-09,5.300000190734863,248.86000061035156,248.3934349336063,269.0120596070791,268.54549393033386
nairobi_20080416T07_SHADOZV06.dat,2008-04-16,5.0,245.92999267578125,245.49007594272675,264.13726489274757,263.69734815969304
nairobi_20080507T08_SHADOZV06.dat,2008-05-07,5.619999885559082,240.2899932861328,239.8352244791179,262.51345349769224,262.0586846906773
nairobi_20080514T08_SHADOZV06.dat,2008-05-14,12.850000381469727,192.9600067138672,192.59634026832882,267.97519194700806,267.61152550146966
nairobi_20080521T08_SHADOZV06.dat,2008-05-21,7.289999961853027,224.00999450683594,223.58929452487828,257.7494800670188,257.3287800850611
nairobi_20080528T07_SHADOZV06.dat,2008-05-28,4.070000171661377,254.25,253.97448910511835,266.8063128967255,266.5308020018438
nairobi_20080606T08_SHADOZV06.dat,2008-06-06,6.579999923706055,233.25,232.81306054566713,262.27386348538045,261.8369240310476
nairobi_20080611T08_SHADOZV06.dat,2008-06-11,7.289999961853027,234.13999938964844,233.70179897087897,268.1845415806318,267.74634116186235
nairobi_20080618T08_SHADOZV06.dat,2008-06-18,13.960000038146973,189.16000366210938,189.04584934384852,272.27502163305985,272.16086731479896
nairobi_20080619T08_SHADOZV06.dat,2008-06-19,5.730000019073486,246.4499969482422,245.98937840916722,269.62302810627233,269.16240956719736
nairobi_20080625T08_SHADOZV06.dat,2008-06-25,31.1299991607666,95.44999694824219,95.26830374643565,273.05253071054744,272.87083750874086
nairobi_20080627T09_SHADOZV06.dat,2008-06-27,17.5,154.97999572753906,154.6938191004854,263.062179486752,262.77600285969834
nairobi_20080702T07_SHADOZV06.dat,2008-07-02,9.6899995803833,216.8800048828125,216.81593037389348,269.31440623733215,269.25033172841313
nairobi_20080709T09_SHADOZV06.dat,2008-07-09,5.46999979019165,243.92999267578125,243.4689960954751,265.4835658711783,265.0225692908722
nairobi_20080716T08_SHADOZV06.dat,2008-07-16,6.019999980926514,236.72999572753906,236.28855040284634,262.0497386118576,261.6082932871649
nairobi_20080723T07_SHADOZV06.dat,2008-07-23,4.5,249.32000732421875,248.85078143012183,264.6525975813897,264.1833716872928
nairobi_20080730T08_SHADOZV06.dat,2008-07-30,6.139999866485596,251.4600067138672,250.98639608400552,277.61907942111407,277.14546879125237
nairobi_20080806T08_SHADOZV06.dat,2008-08-06,9.34000015258789,222.3300018310547,221.91108508825178,273.1163817020029,272.69746495920003
nairobi_20080813T08_SHADOZV06.dat,2008-08-13,6.269999980926514,239.0500030517578,238.79243218812852,266.40021715646884,266.1426462928396
nairobi_20080820T08_SHADOZV06.dat,2008-08-20,6.239999771118164,246.7100067138672,246.2505389077552,273.84407819236327,273.3846103862513
nairobi_20080827T08_SHADOZV06.dat,2008-08-27,11.069999694824219,202.3699951171875,201.99010283625927,266.7176528652318,266.3377605843036
nairobi_20080903T08_SHADOZV06.dat,2008-09-03,7.059999942779541,228.58999633789062,228.15951516905614,261.8617098013577,261.4312286325232
nairobi_20080910T07_SHADOZV06.dat,2008-09-10,6.599999904632568,223.75,223.33233255931984,253.5498804104484,253.1322129697682
nairobi_20080917T08_SHADOZV06.dat,2008-09-17,7.070000171661377,222.6999969482422,222.28338927064024,256.0481366199945,255.63152894239255
nairobi_20080924T08_SHADOZV06.dat,2008-09-24,5.550000190734863,243.6300048828125,243.17110577297098,265.8785174140662,265.4196183042247
nairobi_20081001T08_SHADOZV06.dat,2008-10-01,6.96999979019165,228.72999572753906,228.4134970569747,260.50719702015766,260.1906983495933
nairobi_20081008T07_SHADOZV06.dat,2008-10-08,6.059999942779541,234.42999267578125,233.99099862361555,259.5423776624591,259.1033836102934
nairobi_20081014T07_SHADOZV06.dat,2008-10-14,11.199999809265137,181.27000427246094,180.93084836731802,246.88824326706288,246.54908736191996
nairobi_20081023T07_SHADOZV06.dat,2008-10-23,8.149999618530273,223.39999389648438,223.14740626360802,263.2533971152792,263.0008094824028
nairobi_20081119T07_SHADOZV06.dat,2008-11-19,6.099999904632568,228.27000427246094,227.84381778163987,252.4321583424998,252.00597185167874
nairobi_20081126T07_SHADOZV06.dat,2008-11-26,5.489999771118164,232.00999450683594,231.5780459068131,252.22064319244376,251.7886945924209
nairobi_20090110T09_SHADOZV06.dat,2009-01-10,5.920000076293945,221.24000549316406,223.51370625016048,247.70694234437977,249.9806431013762
nairobi_20090120T09_SHADOZV06.dat,2009-01-20,5.940000057220459,215.10000610351562,214.9834909092644,241.70964559355787,241.59313039930663
nairobi_20090128T08_SHADOZV06.dat,2009-01-28,9.9399995803833,173.97000122070312,173.93422795649474,230.77807772947526,230.74230446526687
nairobi_20090204T08_SHADOZV06.dat,2009-02-04,48.02000045776367,39.5099983215332,39.719113372313636,239.61882665145134,239.82794170223178
nairobi_20090218T09_SHADOZV06.dat,2009-02-18,5.090000152587891,203.69000244140625,203.5766932356914,222.96949828844052,222.85618908272568
nairobi_20090318T07_SHADOZV06.dat,2009-03-18,20.15999984741211,122.30999755859375,122.29268273789,247.7122764377142,247.69496161701045
nairobi_20090325T09_SHADOZV06.dat,2009-03-25,6.800000190734863,222.58999633789062,222.17016100051043,252.07931626086727,251.65948092348708
nairobi_20090401T07_SHADOZV06.dat,2009-04-01,5.25,237.91000366210938,237.48786283076353,256.38802383096447,255.96588299961866
nairobi_20090408T07_SHADOZV06.dat,2009-04-08,6.96999979019165,219.1699981689453,218.7548305431746,248.9707100346595,248.55554240888878
nairobi_20090415T07_SHADOZV06.dat,2009-04-15,20.100000381469727,134.08999633789062,134.22495764850393,260.3401298915543,260.4750912021676
nairobi_20090429T07_SHADOZV06.dat,2009-04-29,19.309999465942383,125.87000274658203,125.63470034924784,247.35473645111261,247.11943405377843
nairobi_20090506T07_SHADOZV06.dat,2009-05-06,5.03000020980835,231.83999633789062,231.40244152884176,249.22982907933294,248.79227427028408
nairobi_20090513T07_SHADOZV06.dat,2009-05-13,13.170000076293945,166.07000732421875,165.76454328928182,242.671944183695,242.36648014875806
nairobi_20090520T08_SHADOZV06.dat,2009-05-20,298.6499938964844,13.09000015258789,13.063146479088768,237.22159034243126,237.19473666893214
nairobi_20090527T07_SHADOZV06.dat,2009-05-27,12.430000305175781,168.05999755859375,167.7471904111089,238.92344740607354,238.61064025858872
nairobi_20090603T06_SHADOZV06.dat,2009-06-03,5.53000020980835,225.22999572753906,224.80902709071205,246.50215800871703,246.08118937189002
nairobi_20090610T07_SHADOZV06.dat,2009-06-10,5.539999961853027,229.47999572753906,229.0453615977406,250.81291229545192,250.37827816565346
nairobi_20090610T07_SHADOZV06.dat,2009-06-10,5.539999961853027,229.47999572753906,229.0453615977406,250.81291229545192,250.37827816565346
nairobi_20090610T07_SHADOZV06.dat,2009-06-10,5.539999961853027,229.47999572753906,229.0453615977406,250.81291229545192,250.37827816565346
nairobi_20090617T08_SHADOZV06.dat,2009-06-17,5.53000020980835,231.30999755859375,230.8683176625896,252.58215983977172,252.14047994376756
nairobi_20090701T07_SHADOZV06.dat,2009-07-01,13.109999656677246,175.7100067138672,175.38693506491379,250.77454513301453,250.45147348406113
nairobi_20090708T08_SHADOZV06.dat,2009-07-08,15.1899995803833,159.2100067138672,158.90869117643268,245.53830385914063,245.23698832170612
nairobi_20090722T07_SHADOZV06.dat,2009-07-22,30.270000457763672,81.41000366210938,81.25562635929549,245.02680616152676,244.87242885871288
nairobi_20090729T07_SHADOZV06.dat,2009-07-29,6.050000190734863,219.25,218.8350283961137,244.70551501573516,244.29054341184886
nairobi_20090805T07_SHADOZV06.dat,2009-08-05,6.050000190734863,224.6699981689453,224.86287401082564,250.47680938693856,250.66968522881888
nairobi_20090826T09_SHADOZV06.dat,2009-08-26,40.56999969482422,64.81999969482422,64.7014638919247,256.5777557882891,256.4592199853896
nairobi_20090902T09_SHADOZV06.dat,2009-09-02,15.9399995803833,142.67999267578125,142.41046755559756,241.1474549450119,240.87792982482821
nairobi_20090909T08_SHADOZV06.dat,2009-09-09,15.220000267028809,146.74000549316406,146.71744311485804,240.21638476432992,240.1938223860239
nairobi_20090916T08_SHADOZV06.dat,2009-09-16,20.68000030517578,123.87000274658203,123.82482432960639,251.5079552926033,251.46277687562767
nairobi_20090923T08_SHADOZV06.dat,2009-09-23,11.640000343322754,175.3699951171875,175.04504822671163,240.12341962163202,239.79847273115615
nairobi_20090923T08_SHADOZV06.dat,2009-09-23,11.640000343322754,175.3699951171875,175.04504822671163,240.12341962163202,239.79847273115615
nairobi_20090930T08_SHADOZV06.dat,2009-09-30,30.350000381469727,94.19000244140625,94.01614999110599,261.3894229914205,261.2155705411202
nairobi_20091007T07_SHADOZV06.dat,2009-10-07,60.470001220703125,58.369998931884766,58.2640667943722,270.98535648744996,270.8794243499374
nairobi_20091014T08_SHADOZV06.dat,2009-10-14,230.47000122070312,33.68000030517578,33.618222825007564,252.16519335376347,252.10341587359525
nairobi_20091021T08_SHADOZV06.dat,2009-10-21,6.179999828338623,220.67999267578125,220.26288195061989,245.9012459172282,245.48413519206684
nairobi_20091028T07_SHADOZV06.dat,2009-10-28,5.260000228881836,217.64999389648438,217.3262282992121,237.01025394670822,236.68648834943593
nairobi_20091104T09_SHADOZV06.dat,2009-11-04,5.28000020980835,225.9199981689453,226.42480169875535,245.50754040640163,246.01234393621166
nairobi_20091111T08_SHADOZV06.dat,2009-11-11,29.969999313354492,84.4000015258789,84.24541494182411,246.5109478550594,246.35636127100463
nairobi_20091111T08_SHADOZV06.dat,2009-11-11,29.969999313354492,84.4000015258789,84.24541494182411,246.5109478550594,246.35636127100463
nairobi_20091111T08_SHADOZV06.dat,2009-11-11,29.969999313354492,84.4000015258789,84.24541494182411,246.5109478550594,246.35636127100463
nairobi_20091125T08_SHADOZV06.dat,2009-11-25,14.4399995803833,154.67999267578125,154.38989522177445,238.011811459022,237.7217140050152
nairobi_20100106T09_SHADOZV06.dat,2010-01-06,9.520000457763672,174.42999267578125,174.10266840398202,220.70772045521696,220.38039618341773
nairobi_20100120T08_SHADOZV06.dat,2010-01-20,8.039999961853027,213.1199951171875,212.7189108264827,254.41608997840694,254.01500568770217
nairobi_20100127T08_SHADOZV06.dat,2010-01-27,7.289999961853027,205.52000427246094,205.40255597725314,241.49415487217613,241.37670657696833
nairobi_20100224T08_SHADOZV06.dat,2010-02-24,4.190000057220459,230.2899932861328,229.8578951804471,244.18139947542863,243.7493013697429
nairobi_20100303T08_SHADOZV06.dat,2010-03-03,60.65999984741211,33.84000015258789,33.77762761837001,243.35795687480956,243.2955843405917
nairobi_20100609T08_SHADOZV06.dat,2010-06-09,5.920000076293945,217.19000244140625,216.77623515252293,241.2576773571755,240.8439100682922
nairobi_20100610T09_SHADOZV06.dat,2010-06-10,6.360000133514404,210.4499969482422,210.05088988804073,237.35239347232195,236.9532864121205
nairobi_20100615T07_SHADOZV06.dat,2010-06-15,7.179999828338623,203.00999450683594,202.62447768873167,235.30213155616366,234.91661473805937
nairobi_20100623T07_SHADOZV06.dat,2010-06-23,4.829999923706055,222.86000061035156,222.4412746648119,240.16283382886,239.74410788332034
nairobi_20100630T06_SHADOZV06.dat,2010-06-30,50.04999923706055,37.869998931884766,37.796225615277294,247.0880950194704,247.0143217028629
nairobi_20100707T07_SHADOZV06.dat,2010-07-07,5.829999923706055,226.08999633789062,225.65993467810145,251.74113622821076,251.3110745684216
nairobi_20100714T07_SHADOZV06.dat,2010-07-14,6.059999942779541,224.47999572753906,224.05716671433856,251.73428307790894,251.31145406470844
nairobi_20100721T07_SHADOZV06.dat,2010-07-21,5.179999828338623,230.4600067138672,230.02144712619017,251.655159380919,251.21659979324198
nairobi_20100728T07_SHADOZV06.dat,2010-07-28,55.68000030517578,36.45000076293945,36.38039513262852,261.2026008416708,261.13299521135986
nairobi_20100803T08_SHADOZV06.dat,2010-08-03,5.53000020980835,227.86000061035156,227.4293374265452,251.69012119452216,251.2594580107158
nairobi_20100811T07_SHADOZV06.dat,2010-08-11,6.099999904632568,235.7899932861328,235.34526040862082,263.7349254773025,263.2901925997905
nairobi_20100818T07_SHADOZV06.dat,2010-08-18,9.210000038146973,214.0399932861328,213.63331021580538,265.16440838203823,264.7577253117108
nairobi_20100825T07_SHADOZV06.dat,2010-08-25,5.940000057220459,234.91000366210938,234.46572645966612,261.69225159860156,261.2479743961583
nairobi_20100908T07_SHADOZV06.dat,2010-09-08,50.86000061035156,55.7599983215332,55.659556008095294,284.0311073691066,283.9306650556687
nairobi_20100915T06_SHADOZV06.dat,2010-09-15,9.65999984741211,207.9600067138672,207.56510877137907,262.10980019602493,261.7149022535368
nairobi_20100923T07_SHADOZV06.dat,2010-09-23,7.739999771118164,234.97000122070312,234.52504908894068,274.4075017947011,273.9625496629386
nairobi_20100929T07_SHADOZV06.dat,2010-09-29,6.400000095367432,232.7899932861328,232.34837395644254,262.2105699679632,261.76895063827294
nairobi_20101006T06_SHADOZV06.dat,2010-10-06,200.00999450683594,17.190000534057617,17.15442240395471,261.7022594538549,261.66668132375196
nairobi_20101013T07_SHADOZV06.dat,2010-10-13,6.159999847412109,245.92999267578125,245.46159638301563,272.9753197294035,272.5069234366379
nairobi_20101019T07_SHADOZV06.dat,2010-10-19,6.349999904632568,237.08999633789062,236.63830582043258,265.4979804767245,265.0462899592664
nairobi_20101027T05_SHADOZV06.dat,2010-10-27,5.579999923706055,259.05999755859375,258.57035603322163,282.0175768717739,281.52793534640176
nairobi_20101103T06_SHADOZV06.dat,2010-11-03,6.940000057220459,239.38999938964844,238.93745773987393,271.70847295822466,271.25593130845016
nairobi_20101110T06_SHADOZV06.dat,2010-11-10,7.119999885559082,222.22000122070312,221.79773937663862,255.84921493316392,255.4269530890994
nairobi_20101117T06_SHADOZV06.dat,2010-11-17,6.5,233.69000244140625,233.25340738746849,262.83129740403695,262.3947023500991
nairobi_20101117T06_SHADOZV06.dat,2010-11-17,6.5,233.69000244140625,233.25340738746849,262.83129740403695,262.3947023500991
nairobi_20101124T06_SHADOZV06.dat,2010-11-24,7.170000076293945,237.72999572753906,237.28634792552924,271.7242496738415,271.28060187183166
nairobi_20101201T06_SHADOZV06.dat,2010-12-01,6.980000019073486,217.50999450683594,217.10123977749427,251.50446634526736,251.09571161592572
nairobi_20101208T07_SHADOZV06.dat,2010-12-08,6.610000133514404,219.8000030517578,219.38218826701717,251.0186503220194,250.60083553727875
nairobi_20101215T07_SHADOZV06.dat,2010-12-15,6.269999980926514,226.9499969482422,226.52210196770653,255.6427581762968,255.21486319576115
nairobi_20101222T07_SHADOZV06.dat,2010-12-22,6.789999961853027,209.1199951171875,208.72372772531727,241.685395847196,241.2891284553258
nairobi_20101229T07_SHADOZV06.dat,2010-12-29,6.710000038146973,223.22000122070312,222.79628558877786,255.1858545395402,254.76213890761494
nairobi_20110105T08_SHADOZV06.dat,2011-01-05,7.880000114440918,225.74000549316406,225.31888461046813,268.08572444526857,267.66460356257267
nairobi_20110112T06_SHADOZV06.dat,2011-01-12,7.329999923706055,206.47999572753906,206.08641773476998,244.5632122517871,244.16963425901798
nairobi_20110119T06_SHADOZV06.dat,2011-01-19,7.760000228881836,212.1199951171875,211.72419614273758,253.53371374478377,253.13791477033385
nairobi_20110126T06_SHADOZV06.dat,2011-01-26,6.489999771118164,230.11000061035156,229.67703529609608,261.75909166438925,261.3261263501338
nairobi_20110202T06_SHADOZV06.dat,2011-02-02,7.639999866485596,212.88999938964844,212.4915000741709,252.07760740901568,251.67910809353813
nairobi_20110209T07_SHADOZV06.dat,2011-02-09,9.970000267028809,189.74000549316406,189.3851524694171,247.4430371575203,247.08818413377335
nairobi_20110216T07_SHADOZV06.dat,2011-02-16,6.210000038146973,224.55999755859375,224.1369682022714,252.7987934614809,252.37576410515854
nairobi_20110223T06_SHADOZV06.dat,2011-02-23,9.010000228881836,211.94000244140625,211.53634849012755,259.80820251382767,259.404548562549
nairobi_20110302T07_SHADOZV06.dat,2011-03-02,10.180000305175781,198.44000244140625,198.06771877458223,255.4985912261327,255.12630755930869
nairobi_20110309T08_SHADOZV06.dat,2011-03-09,8.619999885559082,209.3699951171875,208.9787225460297,254.02641060749275,253.63513803633495
nairobi_20110316T06_SHADOZV06.dat,2011-03-16,6.050000190734863,229.3300018310547,228.91506027196954,254.60564038427077,254.19069882518562
nairobi_20110323T08_SHADOZV06.dat,2011-03-23,6.829999923706055,234.91000366210938,234.4633482696284,265.83588109202725,265.3892256995463
nairobi_20110330T06_SHADOZV06.dat,2011-03-30,7.940000057220459,215.72999572753906,215.32721277064383,255.07050651798346,254.66772356108822
nairobi_20110406T06_SHADOZV06.dat,2011-04-06,9.100000381469727,211.49000549316406,211.09396110255307,255.41301140586924,255.01696701525825
nairobi_20110413T07_SHADOZV06.dat,2011-04-13,6.820000171661377,246.0399932861328,245.57561738315803,275.7351375941302,275.2707616911554
nairobi_20110420T07_SHADOZV06.dat,2011-04-20,7.239999771118164,225.8000030517578,225.37292237299215,258.50786904103927,258.0807883622736
nairobi_20110427T06_SHADOZV06.dat,2011-04-27,164.80999755859375,25.770000457763672,25.723417289655874,258.41477347140903,258.3681903033012
nairobi_20110504T06_SHADOZV06.dat,2011-05-04,8.149999618530273,212.4600067138672,212.06156148383096,249.45963612952838,249.06119089949215
nairobi_20110510T06_SHADOZV06.dat,2011-05-10,6.940000057220459,230.72999572753906,230.2928250338292,260.24423676930843,259.8070660755985
nairobi_20110517T07_SHADOZV06.dat,2011-05-17,7.480000019073486,221.8000030517578,221.38358198562315,255.0237874598933,254.60736639375864
nairobi_20110525T06_SHADOZV06.dat,2011-05-25,6.269999980926514,232.30999755859375,231.86875761864775,257.4104720152259,256.9692320752799
nairobi_20110608T05_SHADOZV06.dat,2011-06-08,10.069999694824219,199.47000122070312,199.0971080562849,251.03845173982236,250.66555857540413
nairobi_20110615T07_SHADOZV06.dat,2011-06-15,7.559999942779541,221.3699951171875,220.9500614300412,255.05399116776232,254.634057480616
nairobi_20110622T07_SHADOZV06.dat,2011-06-22,10.989999771118164,203.08999633789062,202.7056737942792,261.50305621243234,261.1187336688209
nairobi_20110706T07_SHADOZV06.dat,2011-07-06,9.289999961853027,210.17999267578125,209.78556021679395,258.2321764508324,257.8377439918452
nairobi_20110714T07_SHADOZV06.dat,2011-07-14,9.260000228881836,208.35000610351562,207.95284182864194,256.1827752571236,255.78561098224992
nairobi_20110727T07_SHADOZV06.dat,2011-07-27,8.010000228881836,211.1999969482422,210.8007097186411,250.00663515969157,249.60734793009047
nairobi_20110803T06_SHADOZV06.dat,2011-08-03,7.949999809265137,204.9600067138672,204.5688829275446,244.94691191822386,244.55578813190127
nairobi_20110810T06_SHADOZV06.dat,2011-08-10,7.480000019073486,216.4499969482422,216.03887879934254,252.973167157947,252.56204900904734
nairobi_20110817T07_SHADOZV06.dat,2011-08-17,5.690000057220459,229.75999450683594,229.3253127336638,253.40059786418493,252.9659160910128
nairobi_20110824T06_SHADOZV06.dat,2011-08-24,8.09000015258789,228.13999938964844,227.70714525539734,269.1672221827028,268.7343680484517
nairobi_20110831T07_SHADOZV06.dat,2011-08-31,6.809999942779541,217.41000366210938,217.00137047609493,249.08246204319997,248.67382885718553
nairobi_20110907T07_SHADOZV06.dat,2011-09-07,6.489999771118164,222.6699981689453,222.24664476653874,250.95875671210976,250.53540330970318
nairobi_20110914T06_SHADOZV06.dat,2011-09-14,7.789999961853027,231.3800048828125,230.94234983765307,268.9176168143465,268.47996176918707
nairobi_20110921T07_SHADOZV06.dat,2011-09-21,5.300000190734863,242.19000244140625,241.73453218832643,262.5424246208691,262.08695436778925
nairobi_20111006T05_SHADOZV06.dat,2011-10-06,6.880000114440918,222.77999877929688,222.3581994955309,253.19000115643448,252.7682018726685
nairobi_20111012T06_SHADOZV06.dat,2011-10-12,6.369999885559082,228.25,227.81825957882694,255.22333742068366,254.7915969995106
nairobi_20111018T07_SHADOZV06.dat,2011-10-18,6.489999771118164,230.17999267578125,229.741848314717,257.953482587853,257.51533822678874
nairobi_20111025T06_SHADOZV06.dat,2011-10-25,16.690000534057617,152.72999572753906,152.4465029157554,255.4174832967635,255.13399048497982
nairobi_20111102T06_SHADOZV06.dat,2011-11-02,7.099999904632568,208.32000732421875,207.92613857136644,239.13849131045288,238.74462255760056
nairobi_20111109T09_SHADOZV06.dat,2011-11-09,6.389999866485596,229.61000061035156,229.17627949129923,255.81982673454684,255.3861056154945
nairobi_20111116T07_SHADOZV06.dat,2011-11-16,7.210000038146973,208.6300048828125,208.23641897036342,240.1767803505492,239.7831944381001
nairobi_20111123T06_SHADOZV06.dat,2011-11-23,111.94999694824219,15.619999885559082,15.590430314950577,234.3223905930749,234.2928210224664
nairobi_20111130T06_SHADOZV06.dat,2011-11-30,6.389999866485596,210.3699951171875,209.97224813475594,236.57982124138277,236.18207425895122
nairobi_20111207T07_SHADOZV06.dat,2011-12-07,12.479999542236328,165.3800048828125,165.0691575862118,235.27592925085082,234.9650819542501
nairobi_20111214T07_SHADOZV06.dat,2011-12-14,8.199999809265137,202.66000366210938,202.28038882271682,242.11018409010592,241.73056925071336
nairobi_20111220T07_SHADOZV06.dat,2011-12-20,7.199999809265137,208.77000427246094,208.3779212776085,241.4210767161627,241.02899372131026
nairobi_20111228T07_SHADOZV06.dat,2011-12-28,5.730000019073486,210.5399932861328,210.14559176417288,233.58657840439432,233.19217688243438
nairobi_20120104T07_SHADOZV06.dat,2012-01-04,10.489999771118164,173.72000122070312,173.3901802848999,233.65918980781876,233.32936887201555
nairobi_20120112T07_SHADOZV06.dat,2012-01-12,6.369999885559082,193.9199981689453,193.55084592421375,223.48269438078927,223.1135421360577
nairobi_20120118T07_SHADOZV06.dat,2012-01-18,9.3100004196167,182.6300048828125,182.28141074559792,233.79890758063948,233.45031344342493
nairobi_20120126T06_SHADOZV06.dat,2012-01-26,6.360000133514404,209.47000122070312,209.0792818161437,238.96108827061508,238.57036886605565
nairobi_20120201T06_SHADOZV06.dat,2012-02-01,7.349999904632568,194.82000732421875,194.45135785813093,229.60611727556554,229.23746780947772
nairobi_20120208T06_SHADOZV06.dat,2012-02-08,7.130000114440918,213.6999969482422,213.3007306151583,246.90463648707347,246.5053701539896
nairobi_20120215T06_SHADOZV06.dat,2012-02-15,7.75,196.91000366210938,196.53383024080108,234.59613934364538,234.21996592233708
nairobi_20120229T06_SHADOZV06.dat,2012-02-29,10.100000381469727,182.07000732421875,181.72177271708907,232.90821389938066,232.55997929225097
nairobi_20120307T06_SHADOZV06.dat,2012-03-07,9.079999923706055,198.8300018310547,198.45675836834732,246.13525126517004,245.76200780246268
nairobi_20120314T06_SHADOZV06.dat,2012-03-14,8.569999694824219,205.1300048828125,204.74444326495967,248.6254642923854,248.23990267453257
nairobi_20120321T06_SHADOZV06.dat,2012-03-21,8.420000076293945,232.1199951171875,231.68628291390075,274.5029857154867,274.06927351219997
nairobi_20120328T06_SHADOZV06.dat,2012-03-28,9.3100004196167,210.02999877929688,209.63103658508302,259.0655192012781,258.6665570070643
nairobi_20120404T06_SHADOZV06.dat,2012-04-04,10.260000228881836,181.6199951171875,181.27439406647244,235.4674283383231,235.12182728760803
nairobi_20120418T07_SHADOZV06.dat,2012-04-18,8.40999984741211,213.74000549316406,213.33362891068026,254.07387860687606,253.66750202439226
nairobi_20120425T07_SHADOZV06.dat,2012-04-25,8.920000076293945,198.6699981689453,198.30015015030702,242.6541591799533,242.284311161315
nairobi_20120502T06_SHADOZV06.dat,2012-05-02,17.959999084472656,136.67999267578125,136.42330073467917,244.7840087960401,244.52731685493802
nairobi_20120524T06_SHADOZV06.dat,2012-05-24,7.949999809265137,205.8300018310547,205.4380379854087,242.50793246325466,242.11596861760867
nairobi_20120530T07_SHADOZV06.dat,2012-05-30,10.350000381469727,200.42999267578125,200.0476941026632,253.73360985657166,253.3513112834536
nairobi_20120606T07_SHADOZV06.dat,2012-06-06,7.670000076293945,216.1699981689453,215.76161413735085,249.431822156117,249.02343812452253
nairobi_20120613T07_SHADOZV06.dat,2012-06-13,9.020000457763672,200.97000122070312,200.58865893532024,245.3418876817675,244.96054539638465
nairobi_20120620T07_SHADOZV06.dat,2012-06-20,9.630000114440918,198.1300048828125,197.75350408589318,246.63123926050326,246.25473846358395
nairobi_20120628T09_SHADOZV06.dat,2012-06-28,7.909999847412109,218.6199951171875,218.20938825396505,255.5901632453079,255.17955638208545
nairobi_20120702T08_SHADOZV06.dat,2012-07-02,7.559999942779541,217.2100067138672,216.801763994965,254.6533655887414,254.24512286983918
nairobi_20120703T08_SHADOZV06.dat,2012-07-03,8.149999618530273,216.2899932861328,215.88689483970893,256.896757224015,256.4936587775911
nairobi_20120711T09_SHADOZV06.dat,2012-07-11,26.959999084472656,109.37999725341797,109.17443234781122,266.74164073192276,266.536075826316
nairobi_20120725T08_SHADOZV06.dat,2012-07-25,9.300000190734863,198.1199951171875,197.7496138367574,247.76751704917726,247.39713576874715
nairobi_20120801T07_SHADOZV06.dat,2012-08-01,12.029999732971191,187.0500030517578,186.69653523083355,258.6467432200478,258.29327539912356
nairobi_20120808T07_SHADOZV06.dat,2012-08-08,7.650000095367432,218.8000030517578,218.38340717191122,257.5653757340196,257.148779854173
nairobi_20120822T08_SHADOZV06.dat,2012-08-22,8.770000457763672,205.2100067138672,204.82552192902384,252.2990683167779,251.91458353193457
nairobi_20120829T07_SHADOZV06.dat,2012-08-29,9.010000228881836,202.9499969482422,202.57183454382238,249.79521925168328,249.41705684726347
nairobi_20120912T09_SHADOZV06.dat,2012-09-12,8.279999732971191,206.3800048828125,205.99498953998605,249.92159357513424,249.5365782323078
nairobi_20120919T07_SHADOZV06.dat,2012-09-19,18.440000534057617,136.8300018310547,136.5721431346333,256.46756337733655,256.2097046809152
nairobi_20120926T08_SHADOZV06.dat,2012-09-26,8.270000457763672,210.77000427246094,210.36893610512388,254.23585557866062,253.83478741132356
nairobi_20121003T07_SHADOZV06.dat,2012-10-03,9.34000015258789,204.77000427246094,207.293202377065,254.416495965452,256.939694070056
nairobi_20121010T06_SHADOZV06.dat,2012-10-10,8.960000038146973,191.69000244140625,191.32389115665865,236.8055520524453,236.4394407676977
nairobi_20121017T07_SHADOZV06.dat,2012-10-17,9.270000457763672,198.77999877929688,199.68355210336722,247.89833782290182,248.80189114697217
nairobi_20121031T07_SHADOZV06.dat,2012-10-31,40.869998931884766,49.06999969482422,48.98055608897804,249.57634940107235,249.48690579522616
nairobi_20121108T07_SHADOZV06.dat,2012-11-08,6.869999885559082,221.3800048828125,220.96500585879684,251.68020920125167,251.265210177236
nairobi_20121114T07_SHADOZV06.dat,2012-11-14,8.380000114440918,205.39999389648438,205.00961145416684,246.18877409195284,245.79839164963533
nairobi_20121121T07_SHADOZV06.dat,2012-11-21,7.409999847412109,219.47000122070312,219.0583874172501,253.04298453714193,252.6313707336889
nairobi_20121205T07_SHADOZV06.dat,2012-12-05,9.5,200.8699951171875,200.49589484366325,250.53803243581967,250.1639321622954
nairobi_20121211T07_SHADOZV06.dat,2012-12-11,7.690000057220459,203.0399932861328,202.6565245334994,240.03475898664925,239.65129023401585
nairobi_20121220T06_SHADOZV06.dat,2012-12-20,13.119999885559082,162.7899932861328,162.48654596653233,232.97068407432823,232.66723675472775
nairobi_20121226T07_SHADOZV06.dat,2012-12-26,8.609999656677246,190.27999877929688,189.91870380843798,233.69422990796144,233.33293493710255
nairobi_20130102T08_SHADOZV06.dat,2013-01-02,7.739999771118164,201.75999450683594,201.37705829319935,243.35842271953192,242.97548650589533
nairobi_20130109T08_SHADOZV06.dat,2013-01-09,7.980000019073486,192.64999389648438,192.28905462715713,231.22891851362147,230.86797924429425
nairobi_20130116T07_SHADOZV06.dat,2013-01-16,8.390000343322754,192.97000122070312,192.603298676217,239.55506154504417,239.18835900055805
nairobi_20130123T07_SHADOZV06.dat,2013-01-23,11.010000228881836,172.0,-0.0,238.52994074188825,66.52994074188824
nairobi_20130130T07_SHADOZV06.dat,2013-01-30,8.350000381469727,203.5399932861328,203.15507831048353,247.22198516432832,246.83707018867904
nairobi_20130206T07_SHADOZV06.dat,2013-02-06,17.389999389648438,136.85000610351562,-0.0,247.42249041111728,110.57248430760164
nairobi_20130213T06_SHADOZV06.dat,2013-02-13,8.680000305175781,199.69000244140625,199.3095890600265,246.08706284453444,245.7066494631547
nairobi_20130220T06_SHADOZV06.dat,2013-02-20,9.319999694824219,188.3800048828125,188.0258260204426,239.7039483271655,239.3497694647956
nairobi_20130227T07_SHADOZV06.dat,2013-02-27,9.319999694824219,204.52999877929688,204.14259970337378,255.85394222364988,255.46654314772678
nairobi_20130306T07_SHADOZV06.dat,2013-03-06,11.109999656677246,184.25999450683594,183.91706232469735,249.24425082130864,248.90131863917006
nairobi_20130313T07_SHADOZV06.dat,2013-03-13,8.8100004196167,207.5500030517578,-0.0,254.62764440569882,47.077641353941004
nairobi_20130403T07_SHADOZV06.dat,2013-04-03,8.180000305175781,214.17999267578125,213.7756639738047,254.8874942675227,254.48316556554613
nairobi_20130410T06_SHADOZV06.dat,2013-04-10,8.960000038146973,202.02000427246094,201.64370918113374,246.93614024144608,246.55984515011886
nairobi_20130417T07_SHADOZV06.dat,2013-04-17,72.33999633789062,28.6200008392334,28.568995070729777,265.08758421477535,265.03657844627173
nairobi_20130424T06_SHADOZV06.dat,2013-04-24,7.239999771118164,231.11000061035156,230.6780771397564,264.8205969460016,264.38867347540645
nairobi_20130501T08_SHADOZV06.dat,2013-05-01,19.469999313354492,136.27000427246094,136.01315103428286,258.2622498814801,258.00539664330205
nairobi_20130515T07_SHADOZV06.dat,2013-05-15,9.960000038146973,200.4600067138672,200.08001987095386,253.85863114325755,253.47864430034423
nairobi_20130522T07_SHADOZV06.dat,2013-05-22,9.3100004196167,218.72999572753906,218.3147773050816,267.27424737343256,266.8590289509751
nairobi_20130529T07_SHADOZV06.dat,2013-05-29,10.220000267028809,214.67999267578125,214.279032851606,270.03020656537467,269.62924674119944
nairobi_20130605T07_SHADOZV06.dat,2013-06-05,10.050000190734863,216.1999969482422,215.79307377470184,271.412760904837,271.00583773129665
nairobi_20130614T07_SHADOZV06.dat,2013-06-14,9.359999656677246,220.50999450683594,220.08978788435505,270.6224347385606,270.2022281160797
nairobi_20130619T07_SHADOZV06.dat,2013-06-19,8.960000038146973,223.1300048828125,222.71194792355087,268.6611895070636,268.243132547802
nairobi_20130626T07_SHADOZV06.dat,2013-06-26,8.739999771118164,230.72000122070312,230.28272506626152,276.25118584495425,275.8139096905127
nairobi_20130703T08_SHADOZV06.dat,2013-07-03,8.970000267028809,221.6999969482422,221.28523942350728,271.34760032060836,270.93284279587346
nairobi_20130703T08_SHADOZV06.dat,2013-07-03,8.970000267028809,221.6999969482422,221.28523942350728,271.34760032060836,270.93284279587346
nairobi_20130710T07_SHADOZV06.dat,2013-07-10,9.529999732971191,219.25,218.8380378341244,273.1720477091593,272.7600855432837
nairobi_20130717T07_SHADOZV06.dat,2013-07-17,9.270000457763672,219.35000610351562,218.93218186321067,271.2880875536262,270.8702633133213
nairobi_20130731T07_SHADOZV06.dat,2013-07-31,8.489999771118164,226.27000427246094,225.846255591428,272.25386405351435,271.8301153724814
nairobi_20130807T07_SHADOZV06.dat,2013-08-07,7.239999771118164,217.85000610351562,217.44362574200065,255.07024263763176,254.6638622761168
nairobi_20130814T07_SHADOZV06.dat,2013-08-14,9.069999694824219,224.72000122070312,224.29617481313068,276.53142477220655,276.1075983646341
nairobi_20130828T07_SHADOZV06.dat,2013-08-28,10.180000305175781,213.61000061035156,213.20322482361127,274.28744130764267,273.88066552090237
nairobi_20130904T08_SHADOZV06.dat,2013-09-04,8.210000038146973,224.6699981689453,224.24464736231315,269.2727180634138,268.8473672567816
nairobi_20130918T07_SHADOZV06.dat,2013-09-18,8.619999885559082,215.8800048828125,215.47237044405801,263.85955271673424,263.45191827797976
nairobi_20131002T07_SHADOZV06.dat,2013-10-02,9.260000228881836,206.6699981689453,206.2761297709281,258.0170745186045,257.62320612058727
nairobi_20131009T07_SHADOZV06.dat,2013-10-09,9.420000076293945,215.11000061035156,214.70022205143673,267.7635111191759,267.3537325602611
nairobi_20131015T07_SHADOZV06.dat,2013-10-15,7.619999885559082,217.9199981689453,217.50688266096722,253.82593007559228,253.4128145676142
nairobi_20131023T06_SHADOZV06.dat,2013-10-23,9.970000267028809,200.75,200.3665036893881,257.89734390281524,257.5138475922033
nairobi_20131106T08_SHADOZV06.dat,2013-11-06,9.260000228881836,219.35000610351562,218.93685016217364,267.9227157201517,267.5095597788097
nairobi_20131113T07_SHADOZV06.dat,2013-11-13,8.399999618530273,202.92999267578125,202.54530744877187,244.7886208196355,244.4039355926261
nairobi_20131127T06_SHADOZV06.dat,2013-11-27,7.139999866485596,227.0,226.57245500369064,259.324983078577,258.8974380822677
nairobi_20131224T06_SHADOZV06.dat,2013-12-24,13.289999961853027,170.00999450683594,169.6871328735547,249.19147826123304,248.86861662795178
nairobi_20140109T08_SHADOZV06.dat,2014-01-09,9.75,184.75999450683594,184.4096265860309,240.84696655277648,240.49659863197144
nairobi_20140129T07_SHADOZV06.dat,2014-01-29,8.739999771118164,195.3300018310547,194.9647239422019,243.45970591043374,243.094428021581
nairobi_20140212T07_SHADOZV06.dat,2014-02-12,6.809999942779541,228.27999877929688,227.8541526321742,261.2423321221067,260.816485974984
nairobi_20140219T06_SHADOZV06.dat,2014-02-19,12.039999961853027,179.94000244140625,179.60144013622562,254.33712905316412,253.9985667479835
nairobi_20140226T07_SHADOZV06.dat,2014-02-26,9.319999694824219,200.3699951171875,199.99579964721022,253.22928912463647,252.85509365465919
nairobi_20140226T07_SHADOZV06.dat,2014-02-26,9.319999694824219,200.3699951171875,199.99579964721022,253.22928912463647,252.85509365465919
nairobi_20140305T06_SHADOZV06.dat,2014-03-05,8.039999961853027,215.39999389648438,214.99431020591754,256.60270423096466,256.19702054039783
nairobi_20140312T06_SHADOZV06.dat,2014-03-12,28.0,95.47000122070312,95.28556764448733,259.7478207142957,259.5633871380799
nairobi_20140320T06_SHADOZV06.dat,2014-03-20,8.210000038146973,198.8699951171875,198.4916972096424,241.43219236633698,241.0538944587919
nairobi_20140402T07_SHADOZV06.dat,2014-04-02,8.489999771118164,194.08999633789062,202.4467300036893,236.71008723469987,245.06682090049856
nairobi_20140417T07_SHADOZV06.dat,2014-04-17,8.039999961853027,209.52000427246094,209.12179563311452,248.62182824544763,248.2236196061012
nairobi_20140430T06_SHADOZV06.dat,2014-04-30,8.0,210.3800048828125,209.9856658242281,249.17180345862883,248.77746440004444
nairobi_20140507T06_SHADOZV06.dat,2014-05-07,8.609999656677246,207.35000610351562,207.89103824803175,249.34335934576583,249.88439149028196
nairobi_20140514T07_SHADOZV06.dat,2014-05-14,9.119999885559082,203.17999267578125,205.24831126906517,249.09388644980766,251.1622050430916
nairobi_20140521T07_SHADOZV06.dat,2014-05-21,8.5600004196167,195.9499969482422,195.5825395455227,237.5631023998961,237.19564499717663
nairobi_20140603T06_SHADOZV06.dat,2014-06-03,8.300000190734863,174.9600067138672,176.28314570450345,214.58695212967393,215.9100911203102
nairobi_20140611T06_SHADOZV06.dat,2014-06-11,11.170000076293945,172.5399932861328,175.82305401331473,233.7631334763386,237.0461942035205
nairobi_20140618T06_SHADOZV06.dat,2014-06-18,10.279999732971191,198.97000122070312,199.60010992945072,253.36572755828843,253.99583626703605
nairobi_20140625T06_SHADOZV06.dat,2014-06-25,9.260000228881836,190.72000122070312,190.36222157028968,237.40517297119607,237.04739332078262
nairobi_20140702T06_SHADOZV06.dat,2014-07-02,7.150000095367432,217.66000366210938,217.2516382771027,251.92991140858666,251.52154602358
nairobi_20140709T07_SHADOZV06.dat,2014-07-09,6.639999866485596,219.19000244140625,220.53475898456313,249.8293455492726,251.17410209242948
nairobi_20140717T06_SHADOZV06.dat,2014-07-17,8.199999809265137,219.55999755859375,219.1475989040359,261.50823143415863,261.0958327796008
nairobi_20140723T07_SHADOZV06.dat,2014-07-23,8.420000076293945,195.61000061035156,199.11701438771183,239.19709246009347,242.70410623745374
nairobi_20140730T07_SHADOZV06.dat,2014-07-30,13.329999923706055,177.50999450683594,177.17314662566125,258.4556678648319,258.1188199836572
nairobi_20140806T07_SHADOZV06.dat,2014-08-06,7.619999885559082,213.05999755859375,213.88478179201746,248.97693044352982,249.80171467695354
nairobi_20140806T07_SHADOZV06.dat,2014-08-06,7.619999885559082,213.05999755859375,213.88478179201746,248.97693044352982,249.80171467695354
nairobi_20140813T06_SHADOZV06.dat,2014-08-13,7.210000038146973,211.86000061035156,211.45985004391383,246.7560055841839,246.35585501774617
nairobi_20140820T06_SHADOZV06.dat,2014-08-20,7.909999847412109,221.1300048828125,221.25156307815817,261.32947958331226,261.4510377786579
nairobi_20140827T06_SHADOZV06.dat,2014-08-27,8.609999656677246,213.3699951171875,214.73912454279468,258.9960192353475,260.3651486609547
nairobi_20140911T06_SHADOZV06.dat,2014-09-11,7.599999904632568,219.07000732421875,219.83539495124478,256.5513230796605,257.31671070668654
nairobi_20140917T07_SHADOZV06.dat,2014-09-17,7.570000171661377,219.27000427246094,218.86145272986627,256.5241888658955,256.1156373233008
nairobi_20140924T07_SHADOZV06.dat,2014-09-24,10.010000228881836,208.16000366210938,210.8288075935313,264.6738880607188,267.3426919921407
nairobi_20141001T06_SHADOZV06.dat,2014-10-01,9.670000076293945,187.75999450683594,195.04153067230942,239.3728339276902,246.6543700931637
nairobi_20141008T06_SHADOZV06.dat,2014-10-08,8.380000114440918,211.25999450683594,211.83096513128342,253.0015759603201,253.57254658476757
nairobi_20141015T06_SHADOZV06.dat,2014-10-15,10.0,196.8300018310547,196.46048803445225,251.01851706448645,250.64900326788398
nairobi_20141022T06_SHADOZV06.dat,2014-10-22,10.930000305175781,190.69000244140625,191.27362620178707,252.18988965752484,252.77351341790566
nairobi_20141029T06_SHADOZV06.dat,2014-10-29,7.739999771118164,198.36000061035156,197.98906234111203,235.36748759950183,234.9965493302623
nairobi_20141106T06_SHADOZV06.dat,2014-11-06,9.34000015258789,189.02999877929688,-0.0,237.21777081828344,48.18777203898655
nairobi_20141112T07_SHADOZV06.dat,2014-11-12,9.079999923706055,207.0500030517578,206.65637593362777,253.35027129582647,252.95664417769643
nairobi_20141119T07_SHADOZV06.dat,2014-11-19,9.65999984741211,189.6999969482422,189.34130275557322,240.2235947459625,239.86490055329352
nairobi_20141126T06_SHADOZV06.dat,2014-11-26,147.9499969482422,21.229999542236328,21.19164405108803,238.87372728686776,238.83537179571945
nairobi_20141203T06_SHADOZV06.dat,2014-12-03,7.800000190734863,187.1300048828125,196.5166544238619,226.19670184480236,235.58335138585176
nairobi_20141210T07_SHADOZV06.dat,2014-12-10,7.019999980926514,200.0800018310547,203.15656100921075,233.5867233321128,236.66328251026886
nairobi_20141217T07_SHADOZV06.dat,2014-12-17,9.3100004196167,189.22000122070312,188.8682191002895,239.22085373572762,238.869071615314
nairobi_20141224T07_SHADOZV06.dat,2014-12-24,7.840000152587891,190.13999938964844,189.7815761964475,225.96251289682343,225.6040897036225
nairobi_20150107T06_SHADOZV06.dat,2015-01-07,5.929999828338623,207.5399932861328,207.1512890246282,234.77525632742643,234.38655206592182
nairobi_20150114T07_SHADOZV06.dat,2015-01-14,15.260000228881836,130.8300018310547,130.5828476868293,226.43244190411474,226.18528775988932
nairobi_20150128T06_SHADOZV06.dat,2015-01-28,8.1899995803833,194.72000122070312,194.35568708976115,238.53102505257726,238.16671092163529
nairobi_20150204T07_SHADOZV06.dat,2015-02-04,8.220000267028809,210.5399932861328,210.1452541199083,253.3331249078964,252.93838574167188
nairobi_20150211T06_SHADOZV06.dat,2015-02-11,10.100000381469727,176.27999877929688,175.94567760211214,228.93755358106756,228.60323240388283
nairobi_20150218T07_SHADOZV06.dat,2015-02-18,10.300000190734863,173.1699981689453,172.8416991973088,231.68043382326948,231.35213485163297
nairobi_20150304T07_SHADOZV06.dat,2015-03-04,7.28000020980835,214.75999450683594,214.35548725726346,248.9281388653684,248.52363161579592
nairobi_20150311T08_SHADOZV06.dat,2015-03-11,9.149999618530273,199.0,198.62254170227394,247.0254167983103,246.6479585005842
nairobi_20150318T07_SHADOZV06.dat,2015-03-18,7.570000171661377,215.55999755859375,-0.0,251.8429630780763,36.282965519482566
nairobi_20150326T07_SHADOZV06.dat,2015-03-26,8.829999923706055,183.8000030517578,183.46094896375695,229.4199714003713,229.08091731237045
nairobi_20150506T07_SHADOZV06.dat,2015-05-06,6.840000152587891,212.52999877929688,212.12448075853294,242.2380445233883,241.83252650262438
nairobi_20150513T07_SHADOZV06.dat,2015-05-13,7.210000038146973,216.5399932861328,216.127341596672,248.7819285027645,248.36927681330369
nairobi_20150520T08_SHADOZV06.dat,2015-05-20,7.670000076293945,216.97999572753906,216.5708887188945,250.162154706565,249.75304769792046
nairobi_20150529T08_SHADOZV06.dat,2015-05-29,7.940000057220459,214.63999938964844,214.231703933818,251.9649943273699,251.55669887153948
nairobi_20150603T07_SHADOZV06.dat,2015-06-03,8.449999809265137,211.02999877929688,210.63112421669118,252.950615375249,252.5517408126433
nairobi_20150610T06_SHADOZV06.dat,2015-06-10,8.960000038146973,217.27999877929688,216.8722435651573,261.2920670271891,260.8843118130495
nairobi_20150617T07_SHADOZV06.dat,2015-06-17,8.279999732971191,217.80999755859375,217.3985869331379,258.4974869129825,258.0860762875266
nairobi_20150624T06_SHADOZV06.dat,2015-06-24,8.210000038146973,218.02000427246094,217.6110826170649,258.2008517441174,257.7919300887214
nairobi_20150701T07_SHADOZV06.dat,2015-07-01,7.940000057220459,204.22000122070312,203.83405156625614,244.26610520159383,243.88015554714684
nairobi_20150708T07_SHADOZV06.dat,2015-07-08,8.300000190734863,200.82000732421875,200.43990461647863,243.54312835936196,243.16302565162184
nairobi_20150728T09_SHADOZV06.dat,2015-07-28,13.949999809265137,183.2100067138672,182.86402326428612,267.94718879304037,267.60120534345936
nairobi_20150909T07_SHADOZV06.dat,2015-09-09,9.020000457763672,223.69000244140625,223.26456882342987,273.8147470458565,273.3893134278801
nairobi_20150916T08_SHADOZV06.dat,2015-09-16,7.889999866485596,216.1699981689453,215.77588327757724,257.43222947300586,257.0381145816378
nairobi_20150923T07_SHADOZV06.dat,2015-09-23,8.0600004196167,231.27000427246094,230.8353312859551,273.8618888747756,273.42721588826976
nairobi_20150930T07_SHADOZV06.dat,2015-09-30,44.900001525878906,60.22999954223633,60.11336645195396,279.5563989988474,279.439765908565
nairobi_20151001T07_SHADOZV06.dat,2015-10-01,8.130000114440918,223.67999267578125,223.25580475273526,265.41557043704444,264.9913825139985
nairobi_20151007T08_SHADOZV06.dat,2015-10-07,7.340000152587891,232.42999267578125,232.42136383834134,268.09281572758715,268.08418689014724
nairobi_20151014T06_SHADOZV06.dat,2015-10-14,9.180000305175781,209.3000030517578,208.9013579688763,259.2209559377222,258.8223108548407
nairobi_20151021T06_SHADOZV06.dat,2015-10-21,8.739999771118164,206.61000061035156,206.2213726793186,253.06815373964977,252.6795258086168
nairobi_20151028T07_SHADOZV06.dat,2015-10-28,8.470000267028809,213.36000061035156,212.95805104694355,257.7359166585408,257.33396709513283
nairobi_20151104T09_SHADOZV06.dat,2015-11-04,8.100000381469727,213.32000732421875,212.91437749532471,253.04867800074675,252.6430481718527
nairobi_20151111T07_SHADOZV06.dat,2015-11-11,7.409999847412109,204.27999877929688,203.89895266598955,238.35402391495762,237.9729778016503
nairobi_20151118T07_SHADOZV06.dat,2015-11-18,7.670000076293945,213.27999877929688,212.8742271882062,247.35402391495762,246.94825232386694
nairobi_20151125T06_SHADOZV06.dat,2015-11-25,7.28000020980835,203.19000244140625,202.80943334481432,236.7735713862568,236.39300228966488
nairobi_20151202T07_SHADOZV06.dat,2015-12-02,8.0,198.02999877929688,197.66120976016958,237.43440152641006,237.06561250728276
nairobi_20151209T06_SHADOZV06.dat,2015-12-09,7.28000020980835,205.69000244140625,205.30590163646036,239.76119408498593,239.37709328004004
nairobi_20151216T08_SHADOZV06.dat,2015-12-16,8.670000076293945,187.24000549316406,186.88331122990803,231.70422611791724,231.3475318546612
nairobi_20151223T09_SHADOZV06.dat,2015-12-23,7.730000019073486,184.3699951171875,184.02681139088307,221.76046239696342,221.41727867065896
nairobi_20151230T07_SHADOZV06.dat,2015-12-30,8.300000190734863,186.3300018310547,185.98025962391355,227.99172996741692,227.6419877602758
nairobi_20160106T06_SHADOZV06.dat,2016-01-06,13.029999732971191,157.38999938964844,157.09018320776542,237.7035697999254,237.4037536180424
nairobi_20160113T07_SHADOZV06.dat,2016-01-13,7.389999866485596,193.27999877929688,192.91923094659995,230.18125228678093,229.820484454084
nairobi_20160121T06_SHADOZV06.dat,2016-01-21,6.769999980926514,200.02999877929688,199.65419173253102,232.227818581764,231.85201153499816
nairobi_20160127T06_SHADOZV06.dat,2016-01-27,7.059999942779541,205.9600067138672,205.57064410029042,240.34597449022306,239.9566118766463
nairobi_20160209T08_SHADOZV06.dat,2016-02-09,8.100000381469727,56.970001220703125,56.85918405999898,100.12407516233867,100.01325800163454
nairobi_20160209T08_SHADOZV06.dat,2016-02-09,8.100000381469727,56.970001220703125,56.85918405999898,100.12407516233867,100.01325800163454
nairobi_20160217T08_SHADOZV06.dat,2016-02-17,7.889999866485596,199.49000549316406,199.11249289060308,240.95542277406875,240.57791017150777
nairobi_20160225T06_SHADOZV06.dat,2016-02-25,9.5600004196167,180.4499969482422,180.10997643929406,235.4215326088876,235.08151209993946
nairobi_20160302T06_SHADOZV06.dat,2016-03-02,8.9399995803833,200.5399932861328,200.17674761267375,249.35357260237018,248.99032692891112
nairobi_20160310T08_SHADOZV06.dat,2016-03-10,7.050000190734863,210.38999938964844,209.98868994242423,244.00551795267512,243.6042085054509
nairobi_20160316T06_SHADOZV06.dat,2016-03-16,5.170000076293945,227.75,227.31581555270702,247.41795574197505,246.98377129468207
nairobi_20160323T06_SHADOZV06.dat,2016-03-23,13.720000267028809,159.11000061035156,158.8120221554545,246.04856856756066,245.7505901126636
nairobi_20160330T06_SHADOZV06.dat,2016-03-30,7.769999980926514,208.77999877929688,208.38217853137974,244.72206339113336,244.32424314321622
nairobi_20160413T07_SHADOZV06.dat,2016-04-13,7.199999809265137,221.36000061035156,220.9392861739443,253.99836866084559,253.57765422443833
nairobi_20160420T07_SHADOZV06.dat,2016-04-20,5.769999980926514,230.36000061035156,229.9287857958311,251.98780124591343,251.556586431393
nairobi_20160427T07_SHADOZV06.dat,2016-04-27,6.059999942779541,222.5500030517578,222.12915924263768,246.88465276456097,246.46380895544084
nairobi_20160504T07_SHADOZV06.dat,2016-05-04,6.960000038146973,218.49000549316406,218.07502051683318,248.89803149230994,248.48304651597905
nairobi_20160511T07_SHADOZV06.dat,2016-05-11,7.28000020980835,191.97000122070312,191.6037395312839,224.6908345876456,224.3245728982264
nairobi_20160520T08_SHADOZV06.dat,2016-05-20,6.409999847412109,215.97999572753906,215.56792377094442,242.52639583526218,242.11432387866753
nairobi_20160525T08_SHADOZV06.dat,2016-05-25,6.25,238.63999938964844,238.28266274948493,264.0922008469164,263.73486420675295
nairobi_20160531T07_SHADOZV06.dat,2016-05-31,7.349999904632568,222.4199981689453,222.00459786936509,255.65235481841552,255.23695451883532
nairobi_20160608T07_SHADOZV06.dat,2016-06-08,8.539999961853027,199.72000122070312,199.6047929085991,243.3059556962798,243.19074738417578
nairobi_20160615T08_SHADOZV06.dat,2016-06-15,8.0,207.11000061035156,207.0662907510574,246.62297144423988,246.57926158494573
nairobi_20160622T07_SHADOZV06.dat,2016-06-22,6.889999866485596,216.49000549316406,216.08465161747617,247.86467929985412,247.45932542416622
nairobi_20160629T07_SHADOZV06.dat,2016-06-29,6.039999961853027,229.97999572753906,229.54409153694976,255.40858602378486,254.97268183319557
nairobi_20160708T07_SHADOZV06.dat,2016-07-08,6.119999885559082,228.1300048828125,227.6968984859755,255.06735890430744,254.63425250747045
nairobi_20160713T07_SHADOZV06.dat,2016-07-13,7.909999847412109,220.7100067138672,220.29376906073958,261.0267734978155,260.6105358446879
nairobi_20160720T08_SHADOZV06.dat,2016-07-20,8.449999809265137,217.7100067138672,217.29827722617603,262.19534226845593,261.78361278076477
nairobi_20160728T07_SHADOZV06.dat,2016-07-28,5.71999979019165,234.69000244140625,234.25195359960773,258.3772752743694,257.9392264325709
nairobi_20160804T07_SHADOZV06.dat,2016-08-04,6.949999809265137,216.80999755859375,216.40175830269257,251.60174871406923,251.19350945816805
nairobi_20160810T07_SHADOZV06.dat,2016-08-10,7.380000114440918,231.92999267578125,231.496864481451,270.1081733398717,269.6750451455415
nairobi_20160817T07_SHADOZV06.dat,2016-08-17,6.409999847412109,234.41000366210938,233.97015276032187,264.9973174902671,264.5574665884796
nairobi_20160824T06_SHADOZV06.dat,2016-08-24,6.320000171661377,230.60000610351562,-0.0,260.49272641105085,29.892720307535235
nairobi_20160831T07_SHADOZV06.dat,2016-08-31,7.829999923706055,233.6999969482422,233.26174573278595,271.6113031136788,271.1730518982226
nairobi_20160907T07_SHADOZV06.dat,2016-09-07,6.71999979019165,227.11000061035156,226.68326104322645,258.69468253852193,258.2679429713968
nairobi_20160914T09_SHADOZV06.dat,2016-09-14,7.559999942779541,236.36000061035156,235.9105062679594,274.5157034749596,274.0662091325674
nairobi_20160928T07_SHADOZV06.dat,2016-09-28,6.329999923706055,234.8800048828125,234.440828865197,263.48859255037723,263.04941653276177
nairobi_20161005T07_SHADOZV06.dat,2016-10-05,6.039999961853027,234.52000427246094,234.07670154608644,260.0856779724271,259.64237524605255
nairobi_20161012T07_SHADOZV06.dat,2016-10-12,8.579999923706055,226.97999572753906,226.5517412620657,271.66815879500297,271.2399043295296
nairobi_20161019T07_SHADOZV06.dat,2016-10-19,7.489999771118164,222.8000030517578,222.38234840054366,259.07074683249846,258.65309218128425
nairobi_20161026T07_SHADOZV06.dat,2016-10-26,7.630000114440918,233.5500030517578,233.1142685900757,268.7290772715076,268.2933428098255
nairobi_20161102T06_SHADOZV06.dat,2016-11-02,7.059999942779541,218.94000244140625,218.5241754698854,251.44972233928164,251.03389536776078
nairobi_20161109T07_SHADOZV06.dat,2016-11-09,10.4399995803833,195.32000732421875,194.99493576379237,253.7446670398987,253.41959547947232
nairobi_20161116T07_SHADOZV06.dat,2016-11-16,15.109999656677246,153.83999633789062,153.55253744552596,247.67132585471518,247.3838669623505
nairobi_20161130T07_SHADOZV06.dat,2016-11-30,16.31999969482422,152.9499969482422,152.6642100655058,255.32060403793946,255.0348171552031
nairobi_20161214T06_SHADOZV06.dat,2016-12-14,7.269999980926514,227.60000610351562,227.1663565849653,262.94474786947325,262.51109835092296
nairobi_20161220T07_SHADOZV06.dat,2016-12-20,11.220000267028809,188.72000122070312,188.4562196965305,254.63389615956413,254.37011463539147
nairobi_20161228T07_SHADOZV06.dat,2016-12-28,7.099999904632568,219.39999389648438,219.01155762576636,253.46056072430815,253.07212445359013
nairobi_20170104T07_SHADOZV06.dat,2017-01-04,8.350000381469727,196.22000122070312,195.85306600240747,239.28945231174995,238.9225170934543
nairobi_20170111T11_SHADOZV06.dat,2017-01-11,29.520000457763672,61.31999969482422,-0.0,229.15379059385555,167.83379089903133
nairobi_20170125T06_SHADOZV06.dat,2017-01-25,7.079999923706055,212.75,212.34600475649208,248.5502386385838,248.14624339507589
nairobi_20170201T07_SHADOZV06.dat,2017-02-01,7.380000114440918,199.25,198.9240286702055,237.2868166281186,236.9608452983241
nairobi_20170216T07_SHADOZV06.dat,2017-02-16,7.150000095367432,210.17999267578125,209.7881879699838,246.38799059203112,245.99618588623366
nairobi_20170223T06_SHADOZV06.dat,2017-02-23,6.71999979019165,186.5,217.93786354447184,219.32283811184553,250.76070165631737
nairobi_20170301T06_SHADOZV06.dat,2017-03-01,6.909999847412109,210.69000244140625,210.29500669135834,243.19208528003892,242.797089529991
nairobi_20170308T06_SHADOZV06.dat,2017-03-08,7.710000038146973,200.85000610351562,200.47104128975042,239.53397670345848,239.15501188969327
nairobi_20170315T07_SHADOZV06.dat,2017-03-15,7.03000020980835,206.9199981689453,206.52789495084855,240.33677395489462,239.94467073679786
nairobi_20170322T06_SHADOZV06.dat,2017-03-22,7.079999923706055,213.7100067138672,213.3417910937727,247.5092720512027,247.1410564311082
nairobi_20170329T06_SHADOZV06.dat,2017-03-29,6.489999771118164,211.80999755859375,211.409717210711,241.15143808520733,240.75115773732458
nairobi_20170412T06_SHADOZV06.dat,2017-04-12,7.039999961853027,217.86000061035156,217.44888124838033,250.40868832831399,249.99756896634273
nairobi_20170419T06_SHADOZV06.dat,2017-04-19,6.960000038146973,224.4600067138672,224.03916880701598,256.41607639571464,255.9952384888634
nairobi_20170427T07_SHADOZV06.dat,2017-04-27,5.96999979019165,221.67999267578125,221.2651275694845,246.50524162688893,246.09037652059217
nairobi_20170503T07_SHADOZV06.dat,2017-05-03,6.840000152587891,217.30999755859375,216.93950817474305,246.73168328605678,246.36119390220608
nairobi_20170510T06_SHADOZV06.dat,2017-05-10,12.1899995803833,182.22999572753906,181.88279967094022,252.51223434121735,252.1650382846185
nairobi_20170510T06_SHADOZV06.dat,2017-05-10,12.1899995803833,182.22999572753906,181.88279967094022,252.51223434121735,252.1650382846185
nairobi_20170517T06_SHADOZV06.dat,2017-05-17,9.40999984741211,197.57000732421875,197.19320544904053,246.15522170326142,245.7784198280832
nairobi_20170524T09_SHADOZV06.dat,2017-05-24,8.140000343322754,209.36000061035156,208.96069527833626,248.2493906753704,247.8500853433551
nairobi_20170531T07_SHADOZV06.dat,2017-05-31,29.770000457763672,75.16999816894531,75.0517579813278,243.79022852741556,243.67198833979805
nairobi_20170607T06_SHADOZV06.dat,2017-06-07,7.769999980926514,210.9499969482422,211.7878934672667,244.3378846172822,245.17578113630674
nairobi_20170614T06_SHADOZV06.dat,2017-06-14,5.739999771118164,225.14999389648438,224.72783098516453,247.59188551094647,247.16972259962662
nairobi_20170614T06_SHADOZV06.dat,2017-06-14,5.739999771118164,225.14999389648438,224.72783098516453,247.59188551094647,247.16972259962662
nairobi_20170621T07_SHADOZV06.dat,2017-06-21,5.579999923706055,215.75999450683594,221.02158329339818,237.17869649985025,242.4402852864125
nairobi_20170628T07_SHADOZV06.dat,2017-06-28,9.75,189.58999633789062,189.23231705902924,240.95414554601354,240.59646626715215
nairobi_20170705T06_SHADOZV06.dat,2017-07-05,6.75,212.75,214.6306232923695,244.2361866038233,246.11680989619282
nairobi_20170719T07_SHADOZV06.dat,2017-07-19,10.319999694824219,179.3000030517578,179.165086304858,238.0701865976193,237.9352698507195
nairobi_20170802T07_SHADOZV06.dat,2017-08-02,5.710000038146973,221.80999755859375,224.7012892099286,245.99770011376052,248.88899176509537
nairobi_20170816T08_SHADOZV06.dat,2017-08-16,6.53000020980835,212.7100067138672,213.28578618640267,242.95505882058546,243.53083829312095
nairobi_20170823T06_SHADOZV06.dat,2017-08-23,5.960000038146973,216.86000061035156,218.19388597816354,242.8585018971321,244.19238726494407
nairobi_20170830T07_SHADOZV06.dat,2017-08-30,5.929999828338623,202.6199951171875,208.17167935266957,228.39946286409474,233.95114709957681
nairobi_20170906T08_SHADOZV06.dat,2017-09-06,10.300000190734863,188.86000061035156,188.50623508824995,247.41803278652074,247.06426726441913
nairobi_20170913T08_SHADOZV06.dat,2017-09-13,7.639999866485596,211.00999450683594,212.60073533386696,247.88202340346197,249.472764230493
nairobi_20170927T08_SHADOZV06.dat,2017-09-27,6.670000076293945,222.4499969482422,222.0782483596077,251.96191186712457,251.59016327849008
nairobi_20171004T08_SHADOZV06.dat,2017-10-04,9.329999923706055,199.83999633789062,199.4670046882648,248.05743747124419,247.68444582161837
nairobi_20171012T08_SHADOZV06.dat,2017-10-12,8.180000305175781,222.6999969482422,222.35947667166226,262.1399380845861,261.7994178080062
nairobi_20171018T07_SHADOZV06.dat,2017-10-18,7.690000057220459,198.83999633789062,201.74356380234767,234.6837465249872,237.58731398944425
nairobi_20171101T06_SHADOZV06.dat,2017-11-01,9.020000457763672,202.10000610351562,202.7969992277652,246.869171914518,247.56616503876756
nairobi_20171108T08_SHADOZV06.dat,2017-11-08,7.760000228881836,208.27000427246094,207.88032171267653,244.21087010820142,243.82118754841702
nairobi_20171115T07_SHADOZV06.dat,2017-11-15,8.0600004196167,203.10000610351562,202.71722710020325,241.10922263394548,240.72644363063313
nairobi_20171122T07_SHADOZV06.dat,2017-11-22,6.75,215.82000732421875,216.44894041862636,244.97030656537112,245.59923965977873
nairobi_20171129T06_SHADOZV06.dat,2017-11-29,7.880000114440918,196.94000244140625,199.86081534229078,233.70554223742758,236.6263551383121
nairobi_20171213T08_SHADOZV06.dat,2017-12-13,8.140000343322754,201.25,202.38376668843108,240.6596216743225,241.79338836275357
nairobi_20171220T07_SHADOZV06.dat,2017-12-20,7.039999961853027,197.02999877929688,198.88935407224793,229.00724868119187,230.86660397414292
nairobi_20180110T08_SHADOZV06.dat,2018-01-10,6.960000038146973,200.25999450683594,202.48846577083296,233.92121691828945,236.14968818228647
nairobi_20180117T06_SHADOZV06.dat,2018-01-17,7.199999809265137,196.9499969482422,197.39049246087438,232.31791851181933,232.75841402445153
nairobi_20180131T06_SHADOZV06.dat,2018-01-31,17.309999465942383,126.80000305175781,126.56279635156561,233.3636293257996,233.12642262560738
nairobi_20180207T06_SHADOZV06.dat,2018-02-07,5.739999771118164,205.00999450683594,205.3583832993301,229.817701196629,230.16608998912315
nairobi_20180214T07_SHADOZV06.dat,2018-02-14,6.400000095367432,198.07000732421875,198.65370773591658,227.5961922029442,228.17989261464203
nairobi_20180221T06_SHADOZV06.dat,2018-02-21,5.559999942779541,219.6199951171875,222.8025540279514,243.1601710184125,246.34272992917641
nairobi_20180307T08_SHADOZV06.dat,2018-03-07,7.980000019073486,188.86000061035156,188.50752694456676,222.50693011309968,222.15445644731489
nairobi_20180321T06_SHADOZV06.dat,2018-03-21,7.619999885559082,198.08999633789062,198.70301847873597,231.73692584063875,232.3499479814841
nairobi_20180328T06_SHADOZV06.dat,2018-03-28,128.82000732421875,30.309999465942383,30.288771452367627,247.61786111712283,247.59663310354807
nairobi_20180404T06_SHADOZV06.dat,2018-04-04,7.880000114440918,201.3800048828125,207.22633413248553,237.6718875766105,243.51821682628352
nairobi_20180411T07_SHADOZV06.dat,2018-04-11,7.179999828338623,195.24000549316406,194.8703009895927,226.7903233145806,226.42061881100923
nairobi_20180418T08_SHADOZV06.dat,2018-04-18,7.349999904632568,207.25999450683594,210.01460046968717,239.95092956202888,242.70553552488008
nairobi_20180425T07_SHADOZV06.dat,2018-04-25,5.550000190734863,208.47000122070312,210.78762967343354,229.50046365543142,231.81809210816186
nairobi_20180612T06_SHADOZV06.dat,2018-06-12,6.260000228881836,212.30999755859375,211.91006197031615,238.29841725007043,237.8984816617928
nairobi_20180620T07_SHADOZV06.dat,2018-06-20,32.529998779296875,75.91999816894531,75.82762046085986,251.18110725573175,251.0887295476463
nairobi_20180627T08_SHADOZV06.dat,2018-06-27,6.159999847412109,210.8699951171875,219.38361224500272,236.21611073321452,244.72972786102974
nairobi_20180704T07_SHADOZV06.dat,2018-07-04,6.46999979019165,215.4499969482422,215.56040751601037,243.78297900785864,243.89338957562683
nairobi_20180711T07_SHADOZV06.dat,2018-07-11,7.579999923706055,198.85000610351562,198.47675278088678,233.22134106877544,232.8480877461466
nairobi_20180718T06_SHADOZV06.dat,2018-07-18,8.670000076293945,205.49000549316406,205.10312423528015,249.18812345337255,248.8012421954886
nairobi_20180725T08_SHADOZV06.dat,2018-07-25,6.550000190734863,215.5500030517578,215.8557141258809,244.42798345334637,244.73369452746945
nairobi_20180801T06_SHADOZV06.dat,2018-08-01,6.769999980926514,212.22000122070312,214.31221007065088,244.57580849315116,246.66801734309888
nairobi_20180808T07_SHADOZV06.dat,2018-08-08,5.889999866485596,215.67999267578125,220.08466449964413,240.0473731583327,244.4520449821956
nairobi_20180815T05_SHADOZV06.dat,2018-08-15,5.940000057220459,220.94000244140625,226.1212595048653,247.2750563370607,252.45631340051975
nairobi_20180822T09_SHADOZV06.dat,2018-08-22,8.979999542236328,199.5,204.09754621432563,248.22338531532355,252.8209315296492
nairobi_20180829T06_SHADOZV06.dat,2018-08-29,11.8100004196167,187.30999755859375,186.95687363903815,253.58504328097263,253.23191936141706
nairobi_20180905T06_SHADOZV06.dat,2018-09-05,7.090000152587891,235.24000549316406,234.79520854119,269.5917364461584,269.14693949418427
nairobi_20180912T06_SHADOZV06.dat,2018-09-12,7.71999979019165,230.94000244140625,230.50292784753304,270.0266618972573,269.5895873033842
nairobi_20180926T06_SHADOZV06.dat,2018-09-26,6.230000019073486,230.5399932861328,230.10124861412297,258.5508209667169,258.1120762947071
nairobi_20181003T06_SHADOZV06.dat,2018-10-03,6.599999904632568,226.3800048828125,226.39939029779663,256.1552880446583,256.1746734596424
nairobi_20181011T06_SHADOZV06.dat,2018-10-11,6.739999771118164,233.05999755859375,232.62255577949642,263.8415048033506,263.4040630242533
nairobi_20181017T06_SHADOZV06.dat,2018-10-17,6.090000152587891,227.1199951171875,229.0925437136744,253.2765977002777,255.2491462967646
nairobi_20181024T06_SHADOZV06.dat,2018-10-24,6.130000114440918,230.80999755859375,230.37691313590406,257.24729051610245,256.81420609341274
nairobi_20181031T06_SHADOZV06.dat,2018-10-31,8.3100004196167,217.33999633789062,216.99196047724192,259.7150592181028,259.3670233574541
nairobi_20181107T06_SHADOZV06.dat,2018-11-07,6.889999866485596,221.47999572753906,223.4309100044024,252.90292578228488,254.8538400591482
nairobi_20181114T06_SHADOZV06.dat,2018-11-14,6.760000228881836,226.41000366210938,226.0348225731235,256.9216460355423,256.54646494655645
nairobi_20181121T06_SHADOZV06.dat,2018-11-21,6.71999979019165,215.36000061035156,215.91259984437602,245.5919948646159,246.14459409864037
nairobi_20181128T06_SHADOZV06.dat,2018-11-28,6.389999866485596,226.77000427246094,226.34165312854722,254.70795614821066,254.27960500429694
nairobi_20181205T06_SHADOZV06.dat,2018-12-05,8.970000267028809,198.39999389648438,200.3789965271789,247.5374849141069,249.51648754480144
nairobi_20181219T07_SHADOZV06.dat,2018-12-19,6.659999847412109,215.75999450683594,215.3550023616403,247.87929857359921,247.47430642840357
nairobi_20190102T08_SHADOZV06.dat,2019-01-02,7.519999980926514,200.3800048828125,199.9991907700418,238.7516568485154,238.3708427357447
nairobi_20190109T06_SHADOZV06.dat,2019-01-09,6.28000020980835,213.47999572753906,213.3437288782479,243.81539085909858,243.67912400980742
nairobi_20190116T06_SHADOZV06.dat,2019-01-16,6.289999961853027,212.47000122070312,213.05140234601726,242.87997385572123,243.46137498103536
nairobi_20190124T06_SHADOZV06.dat,2019-01-24,7.21999979019165,213.97999572753906,213.5751032806226,251.39298165140653,250.98808920449008
nairobi_20190130T06_SHADOZV06.dat,2019-01-30,5.980000019073486,224.69000244140625,224.2680475778696,252.79869057796202,252.37673571442537
nairobi_20190206T06_SHADOZV06.dat,2019-02-06,6.139999866485596,212.72000122070312,214.00821279101285,240.94092465481742,242.22913622512715
nairobi_20190213T06_SHADOZV06.dat,2019-02-13,6.909999847412109,221.3699951171875,220.95555181938758,255.43507189846903,255.0206286006691
nairobi_20190220T06_SHADOZV06.dat,2019-02-20,7.179999828338623,214.07000732421875,213.66682507911491,250.21475868821005,249.81157644310622
nairobi_20190228T06_SHADOZV06.dat,2019-02-28,7.769999980926514,213.72000122070312,213.45999594675928,251.15018293351346,250.89017765956964
nairobi_20190306T06_SHADOZV06.dat,2019-03-06,6.699999809265137,250.91000366210938,250.43932429421454,282.2136381809572,281.7429588130624
nairobi_20190314T05_SHADOZV06.dat,2019-03-14,6.820000171661377,248.47000122070312,248.0053789122642,280.6859881783831,280.2213658699442
nairobi_20190321T08_SHADOZV06.dat,2019-03-21,7.619999885559082,225.4600067138672,225.07469440622341,261.7228214956621,261.3375091880184
nairobi_20190328T07_SHADOZV06.dat,2019-03-28,6.0,256.739990234375,256.26110414621263,282.81743958572565,282.3385534975633
nairobi_20190403T07_SHADOZV06.dat,2019-04-03,8.520000457763672,214.6300048828125,214.22362983183805,259.249285226307,258.8429101753325
nairobi_20190417T07_SHADOZV06.dat,2019-04-17,7.630000114440918,223.14999389648438,222.7245435226396,258.54074458215047,258.11529420830567
nairobi_20190502T07_SHADOZV06.dat,2019-05-02,6.869999885559082,225.25,224.8212410049799,255.4928155995712,255.0640566045511
nairobi_20190508T07_SHADOZV06.dat,2019-05-08,15.729999542236328,170.1199951171875,169.7996124542282,267.9857849517251,267.6654022887658
nairobi_20190515T07_SHADOZV06.dat,2019-05-15,6.449999809265137,232.02000427246094,231.58027729499665,259.2641748533227,258.8244478758584
nairobi_20190522T07_SHADOZV06.dat,2019-05-22,7.75,213.02999877929688,212.66456478006486,249.808058094088,249.442624094856
nairobi_20190529T07_SHADOZV06.dat,2019-05-29,6.550000190734863,308.79998779296875,308.21815590982317,336.750323635768,336.1684917526224
nairobi_20190606T07_SHADOZV06.dat,2019-06-06,6.099999904632568,256.9599914550781,256.47693223222956,281.90553283649047,281.4224736136419
nairobi_20190612T07_SHADOZV06.dat,2019-06-12,6.349999904632568,207.17999267578125,206.78937841351575,233.79162183470388,233.40100757243837
nairobi_20190620T07_SHADOZV06.dat,2019-06-20,6.050000190734863,242.88999938964844,242.4315033514216,267.50624837525845,267.0477523370316
nairobi_20190704T06_SHADOZV06.dat,2019-07-04,7.489999771118164,224.74000549316406,224.31796020829114,261.2941138199959,260.872068535123
nairobi_20190717T06_SHADOZV06.dat,2019-07-17,7.329999923706055,267.8699951171875,267.3683673165147,303.2372525387126,302.7356247380398
nairobi_20190724T07_SHADOZV06.dat,2019-07-24,6.349999904632568,207.17999267578125,206.78937841351575,235.49762180128886,235.10700753902336
nairobi_20190802T06_SHADOZV06.dat,2019-08-02,6.349999904632568,228.7100067138672,228.27786682389686,257.2179480627547,256.7858081727844
nairobi_20190807T06_SHADOZV06.dat,2019-08-07,5.230000019073486,234.22000122070312,233.77558158279035,254.85010096120132,254.40568132328855
nairobi_20190814T07_SHADOZV06.dat,2019-08-14,5.829999923706055,229.2899932861328,228.85519447583454,254.05676625410908,253.6219674438108
nairobi_20190821T07_SHADOZV06.dat,2019-08-21,6.630000114440918,230.66000366210938,230.22539894220384,261.23849619894077,260.80389147903526
nairobi_20190828T07_SHADOZV06.dat,2019-08-28,8.529999732971191,214.2899932861328,213.89077130766805,259.7967074434294,259.39748546496463
nairobi_20190905T07_SHADOZV06.dat,2019-09-05,6.460000038146973,215.69000244140625,215.28058850175594,244.96610116166624,244.55668722201594
nairobi_20190911T07_SHADOZV06.dat,2019-09-11,6.300000190734863,244.8800048828125,244.45038117086057,272.93826440871226,272.5086406967603
nairobi_20190918T06_SHADOZV06.dat,2019-09-18,5.78000020980835,228.66000366210938,228.2303617438839,252.03650584433188,251.60686392610643
nairobi_20190925T06_SHADOZV06.dat,2019-09-25,6.71999979019165,213.0399932861328,212.6366724277705,244.32521496622164,243.92189410785932
nairobi_20191003T08_SHADOZV06.dat,2019-10-03,6.019999980926514,470.3500061035156,469.46387388407595,494.0621352527321,493.17600303329243
nairobi_20191015T07_SHADOZV06.dat,2019-10-15,6.960000038146973,217.08999633789062,216.68454271440146,247.19774032945818,246.79228670596902
nairobi_20191024T07_SHADOZV06.dat,2019-10-24,5.519999980926514,271.9599914550781,271.4426472567128,292.4900493613318,291.97270516296646
nairobi_20191106T07_SHADOZV06.dat,2019-11-06,8.569999694824219,213.5399932861328,213.13841180499034,254.81688225332053,254.41530077217806
nairobi_20191113T08_SHADOZV06.dat,2019-11-13,7.070000171661377,209.3300018310547,208.93770610797154,239.98371195537874,239.5914162322956
nairobi_20191121T08_SHADOZV06.dat,2019-11-21,6.980000019073486,289.2699890136719,288.7281545413353,319.31720015435155,318.775365682015
nairobi_20191204T07_SHADOZV06.dat,2019-12-04,9.8100004196167,177.5399932861328,177.2019931900078,230.91449249468667,230.5764923985617
nairobi_20191211T06_SHADOZV06.dat,2019-12-11,6.619999885559082,225.72999572753906,225.30096010407263,255.89162863763212,255.4625930141657
nairobi_20191218T07_SHADOZV06.dat,2019-12-18,7.389999866485596,233.3800048828125,232.93838528858146,268.9134782966922,268.47185870246113
nairobi_20191231T07_SHADOZV06.dat,2019-12-31,6.619999885559082,314.04998779296875,313.46265215043985,344.21162070306184,343.62428506053294
nairobi_20200108T07_SHADOZV06.dat,2020-01-08,6.25,198.64999389648438,203.05768996041985,226.90805228779374,231.3157483517292
nairobi_20200115T07_SHADOZV06.dat,2020-01-15,6.949999809265137,203.75999450683594,205.61292303429454,237.0241656385443,238.8770941660029
nairobi_20200122T07_SHADOZV06.dat,2020-01-22,5.880000114440918,207.08999633789062,209.80379300708324,232.77256527809118,235.4863619472838
nairobi_20200129T07_SHADOZV06.dat,2020-01-29,7.309999942779541,188.91000366210938,196.40049011664848,224.81035558624174,232.30084204078085
nairobi_20200212T08_SHADOZV06.dat,2020-02-12,6.949999809265137,208.02999877929688,211.07650636209095,240.50973429892684,243.55624188172095
nairobi_20200219T07_SHADOZV06.dat,2020-02-19,9.470000267028809,189.4199981689453,191.71676227881787,241.2855946922413,243.58235880211384
nairobi_20200226T07_SHADOZV06.dat,2020-02-26,6.429999828338623,200.52000427246094,206.78805719682813,229.20806145348078,235.47611437784798
nairobi_20200304T08_SHADOZV06.dat,2020-03-04,6.389999866485596,221.47999572753906,228.7864178071507,248.5071298279321,255.81355190754374
nairobi_20211005T16_SHADOZV06.dat,2021-10-05,13.649999618530273,197.42999267578125,197.05835326578983,278.11067714674704,277.7390377367556
nairobi_20211012T07_SHADOZV06.dat,2021-10-12,6.829999923706055,223.1300048828125,222.7058703267878,254.1518762259896,253.7277416699649
nairobi_20211021T07_SHADOZV06.dat,2021-10-21,6.300000190734863,229.4600067138672,229.02925743433696,256.85570657808705,256.4249572985568
nairobi_20211110T07_SHADOZV06.dat,2021-11-10,7.739999771118164,213.49000549316406,213.09065716182528,250.70624468351824,250.30689635217945
nairobi_20211117T07_SHADOZV06.dat,2021-11-17,8.449999809265137,210.2100067138672,209.81763642193252,252.30470208578498,251.9123317938503
nairobi_20211124T07_SHADOZV06.dat,2021-11-24,13.079999923706055,169.47000122070312,169.1526566828525,244.50927465285505,244.19193011500442
nairobi_20211201T07_SHADOZV06.dat,2021-12-01,6.860000133514404,200.4199981689453,200.03793177936018,232.99267678283425,232.61061039324912
nairobi_20211208T08_SHADOZV06.dat,2021-12-08,7.329999923706055,199.3699951171875,198.9920860098038,235.2127230895981,234.8348139822144
nairobi_20211222T08_SHADOZV06.dat,2021-12-22,6.829999923706055,193.94000244140625,193.57669773073502,226.30423152676923,225.940926816098
nairobi_20211229T08_SHADOZV06.dat,2021-12-29,6.139999866485596,195.63999938964844,195.2745052148947,223.23347643405586,222.86798225930212
nairobi_20220105T08_SHADOZV06.dat,2022-01-05,6.039999961853027,197.61000061035156,197.23800937493655,225.31372241989433,224.94173118447932
nairobi_20220112T08_SHADOZV06.dat,2022-01-12,6.840000152587891,201.27999877929688,200.89877785227762,234.73020255157402,234.34898162455477
nairobi_20220119T07_SHADOZV06.dat,2022-01-19,5.650000095367432,192.25,191.88517336593432,217.18607088412918,216.8212442500635
nairobi_20220126T07_SHADOZV06.dat,2022-01-26,6.440000057220459,201.72999572753906,201.34979718887794,232.29809734488592,231.9178988062248
nairobi_20220202T07_SHADOZV06.dat,2022-02-02,5.829999923706055,196.91000366210938,196.54378340651456,223.1618300776217,222.79560982202688
nairobi_20220209T08_SHADOZV06.dat,2022-02-09,6.599999904632568,191.66000366210938,191.29557307898713,223.49549894598943,223.1310683628672
nairobi_20220223T08_SHADOZV06.dat,2022-02-23,6.21999979019165,205.6999969482422,205.31118650321088,234.7673311341793,234.378520689148
nairobi_20220302T08_SHADOZV06.dat,2022-03-02,7.0,202.75,202.36747168261698,236.4223923922367,236.03986407485368
nairobi_20220309T07_SHADOZV06.dat,2022-03-09,5.889999866485596,197.75999450683594,197.3858682024677,221.81642457753205,221.4422982731638
nairobi_20220330T08_SHADOZV06.dat,2022-03-30,6.869999885559082,202.30999755859375,201.9253191780092,235.03187744137756,234.647199060793
nairobi_20220406T07_SHADOZV06.dat,2022-04-06,6.940000057220459,210.35000610351562,209.95210692036233,241.47904500379883,241.08114582064553
nairobi_20220420T08_SHADOZV06.dat,2022-04-20,5.400000095367432,193.82000732421875,193.45740654402755,214.5472516724578,214.1846508922666
nairobi_20220427T08_SHADOZV06.dat,2022-04-27,6.559999942779541,207.6999969482422,207.3038455114931,236.2010453935578,235.8048939568087
nairobi_20220504T07_SHADOZV06.dat,2022-05-04,6.699999809265137,204.2899932861328,203.90890583170304,233.4455109724787,233.06442351804893
nairobi_20220511T07_SHADOZV06.dat,2022-05-11,7.960000038146973,209.5800018310547,209.18235139796417,243.1447981581646,242.7471477250741
nairobi_20220518T07_SHADOZV06.dat,2022-05-18,7.300000190734863,222.36000061035156,221.94041609871715,255.6071119422112,255.18752743057678
nairobi_20220525T07_SHADOZV06.dat,2022-05-25,8.289999961853027,204.07000732421875,203.68337414312475,242.23993472235279,241.8533015412588
