dtm,prestah0,ta2200h0,ua2200h0,fkl010h0,dkl010h0,gre000h0,rre150h0
2022-01-01T00:00:00.000000+0000,660.9,3.5,,6.9,127,0,0.0
2022-01-01T01:00:00.000000+0000,660.6,3.4333334,,6.1,120,0,0.0
2022-01-01T02:00:00.000000+0000,660.7,3.5666666,,5.9,120,0,0.0
2022-01-01T03:00:00.000000+0000,661.1,3.7,,4.7,115,0,0.0
2022-01-01T04:00:00.000000+0000,661.2,3.65,,6.4,127,8,0.0
2022-01-01T05:00:00.000000+0000,661.8,5.9166665,,6.5,138,219,0.0
2022-01-01T06:00:00.000000+0000,662.2,8.85,,5.7,107,466,0.0
2022-01-01T07:00:00.000000+0000,662.6,10.65,,4.5,74,685,0.0
2022-01-01T08:00:00.000000+0000,662.6,10.466666,,6.4,7,876,0.0
2022-01-01T09:00:00.000000+0000,662.4,9.7,,5.1,357,1006,0.0
2022-01-01T10:00:00.000000+0000,662.1,10.216666,,5.1,10,805,0.0
2022-01-01T11:00:00.000000+0000,661.7,9.133333,,3.4,8,307,0.2
2022-01-01T12:00:00.000000+0000,661.1,8.083333,,2.5,321,231,0.0
2022-01-01T13:00:00.000000+0000,660.7,8.366667,,3.1,252,191,0.0
2022-01-01T14:00:00.000000+0000,660.7,7.766667,,1.6,302,146,0.0
2022-01-01T15:00:00.000000+0000,660.8,8.433333,,1.7,315,157,0.0
2022-01-01T16:00:00.000000+0000,661.0,7.233333,,2.3,281,13,0.0
2022-01-01T17:00:00.000000+0000,661.2,4.8,,4.0,126,0,0.0
2022-01-01T18:00:00.000000+0000,661.7,4.25,,5.3,131,0,0.0
2022-01-01T19:00:00.000000+0000,662.2,4.133333,,2.4,144,0,0.0
2022-01-01T20:00:00.000000+0000,662.3,4.8166666,,2.4,202,0,0.0
2022-01-01T21:00:00.000000+0000,662.0,4.366667,,0.9,188,0,0.0
2022-01-01T22:00:00.000000+0000,661.6,4.15,,0.9,98,0,0.0
2022-01-01T23:00:00.000000+0000,661.1,3.15,,1.2,153,0,0.0
2022-01-02T00:00:00.000000+0000,660.4,3.2333333,,3.4,102,0,0.0
2022-01-02T01:00:00.000000+0000,660.1,5.233333,,5.5,130,0,0.0
2022-01-02T02:00:00.000000+0000,659.8,7.0333333,,6.6,135,0,0.0
2022-01-02T03:00:00.000000+0000,660.0,7.1,,6.5,136,0,0.0
2022-01-02T04:00:00.000000+0000,660.4,7.5666666,,7.2,136,11,0.0
2022-01-02T05:00:00.000000+0000,661.0,8.416667,,7.0,131,182,0.0
2022-01-02T06:00:00.000000+0000,661.5,11.316667,,6.2,117,455,0.0
2022-01-02T07:00:00.000000+0000,661.9,10.833333,,3.4,28,683,0.0
2022-01-02T08:00:00.000000+0000,661.9,10.55,,4.2,359,860,0.0
2022-01-02T09:00:00.000000+0000,661.6,11.283334,,3.9,5,983,0.0
2022-01-02T10:00:00.000000+0000,661.3,11.383333,,4.7,10,1049,0.0
2022-01-02T11:00:00.000000+0000,660.7,11.333333,,5.2,356,810,0.0
2022-01-02T12:00:00.000000+0000,660.4,10.583333,,3.0,330,508,0.0
2022-01-02T13:00:00.000000+0000,660.0,9.95,,2.8,341,373,0.0
2022-01-02T14:00:00.000000+0000,659.9,10.316667,,3.2,297,484,0.0
2022-01-02T15:00:00.000000+0000,660.1,9.233334,,2.0,267,178,0.0
2022-01-02T16:00:00.000000+0000,660.3,8.2,,1.2,90,65,0.0
2022-01-02T17:00:00.000000+0000,660.5,5.983333,,2.4,110,0,0.0
2022-01-02T18:00:00.000000+0000,660.8,5.5833335,,2.6,172,0,0.0
2022-01-02T19:00:00.000000+0000,661.0,5.55,,1.7,187,0,0.0
2022-01-02T20:00:00.000000+0000,660.8,4.45,,3.5,140,0,0.0
2022-01-02T21:00:00.000000+0000,660.7,4.2166667,,5.5,142,0,0.0
2022-01-02T22:00:00.000000+0000,660.3,3.8666666,,6.3,136,0,0.0
2022-01-02T23:00:00.000000+0000,659.9,4.25,,7.0,138,0,0.0
2022-01-03T00:00:00.000000+0000,659.6,5.05,,7.2,136,0,0.0
2022-01-03T01:00:00.000000+0000,659.4,5.3,,7.9,142,0,0.0
2022-01-03T02:00:00.000000+0000,659.3,6.2166667,,8.0,137,0,0.0
2022-01-03T03:00:00.000000+0000,659.6,5.6833334,,7.7,138,0,0.0
2022-01-03T04:00:00.000000+0000,659.8,5.366667,,8.8,134,10,0.0
2022-01-03T05:00:00.000000+0000,660.3,7.4666667,,6.2,129,220,0.0
2022-01-03T06:00:00.000000+0000,660.8,10.016666,,7.2,118,440,0.0
2022-01-03T07:00:00.000000+0000,661.1,11.383333,,8.3,97,684,0.0
2022-01-03T08:00:00.000000+0000,661.2,12.366667,,7.0,81,867,0.0
2022-01-03T09:00:00.000000+0000,661.3,9.633333,,5.4,306,835,0.0
2022-01-03T10:00:00.000000+0000,661.0,9.4,,4.7,329,565,0.0
2022-01-03T11:00:00.000000+0000,660.6,8.583333,,3.7,294,288,0.0
2022-01-03T12:00:00.000000+0000,660.0,8.6,,5.1,307,409,0.0
2022-01-03T13:00:00.000000+0000,659.8,8.166667,,2.7,323,254,0.0
2022-01-03T14:00:00.000000+0000,659.8,7.7833333,,2.7,18,132,0.0
2022-01-03T15:00:00.000000+0000,659.8,6.9666667,,5.1,131,61,0.0
2022-01-03T16:00:00.000000+0000,660.2,5.6666665,,2.8,156,18,0.0
2022-01-03T17:00:00.000000+0000,660.5,3.7333333,,6.5,143,0,0.0
2022-01-03T18:00:00.000000+0000,660.9,4.0,,7.4,135,0,0.0
2022-01-03T19:00:00.000000+0000,661.1,4.0,,7.8,134,0,0.0
2022-01-03T20:00:00.000000+0000,661.0,4.116667,,8.0,134,0,0.0
2022-01-03T21:00:00.000000+0000,660.9,3.4666667,,7.0,136,0,0.0
2022-01-03T22:00:00.000000+0000,660.8,2.4666667,,6.8,139,0,0.0
2022-01-03T23:00:00.000000+0000,660.3,3.7833333,,7.8,136,0,0.0
2022-01-04T00:00:00.000000+0000,659.9,3.34,,7.6,136,0,0.0
2022-01-04T01:00:00.000000+0000,659.8,4.266667,,7.4,131,0,0.0
2022-01-04T02:00:00.000000+0000,660.2,4.4,,7.8,141,0,0.0
2022-01-04T03:00:00.000000+0000,660.6,3.7166667,,7.7,131,0,0.0
2022-01-04T04:00:00.000000+0000,660.5,4.0,,8.7,131,7,0.0
2022-01-04T05:00:00.000000+0000,661.0,5.516667,,8.8,123,223,0.0
2022-01-04T06:00:00.000000+0000,661.6,7.6666665,,10.5,107,437,0.0
2022-01-04T07:00:00.000000+0000,661.7,9.266666,,10.3,97,664,0.0
2022-01-04T08:00:00.000000+0000,661.7,10.133333,,11.3,95,858,0.0
2022-01-04T09:00:00.000000+0000,661.7,11.616667,,7.9,106,984,0.0
2022-01-04T10:00:00.000000+0000,661.7,12.183333,,5.4,198,953,0.0
2022-01-04T11:00:00.000000+0000,661.2,11.816667,,7.4,258,943,0.0
2022-01-04T12:00:00.000000+0000,660.9,10.333333,,3.7,279,349,0.0
2022-01-04T13:00:00.000000+0000,660.5,8.983334,,6.2,95,227,0.0
2022-01-04T14:00:00.000000+0000,660.2,8.3,,8.5,75,217,0.0
2022-01-04T15:00:00.000000+0000,660.5,8.233334,,6.6,90,239,0.0
2022-01-04T16:00:00.000000+0000,661.0,5.9666667,,6.6,129,75,0.0
2022-01-04T17:00:00.000000+0000,661.2,4.616667,,6.5,133,0,0.0
2022-01-04T18:00:00.000000+0000,661.5,3.4,,5.9,144,0,0.0
2022-01-04T19:00:00.000000+0000,661.6,3.6166666,,7.7,134,0,0.0
2022-01-04T20:00:00.000000+0000,661.6,3.9,,9.5,134,0,0.0
2022-01-04T21:00:00.000000+0000,661.5,4.0333333,,10.3,131,0,0.0
2022-01-04T22:00:00.000000+0000,661.4,3.9,,9.3,132,0,0.0
2022-01-04T23:00:00.000000+0000,661.1,3.3666666,,8.4,129,0,0.0
2022-01-05T00:00:00.000000+0000,660.8,3.4666667,,8.4,125,0,0.0
2022-01-05T01:00:00.000000+0000,660.6,3.9166667,,9.1,122,0,0.0
2022-01-05T02:00:00.000000+0000,660.8,3.7166667,,8.5,130,0,0.0
2022-01-05T03:00:00.000000+0000,660.9,3.8666666,,7.9,133,0,0.0
2022-01-05T04:00:00.000000+0000,661.2,3.65,,7.9,135,5,0.0
2022-01-05T05:00:00.000000+0000,661.8,5.2166667,,6.9,124,132,0.0
2022-01-05T06:00:00.000000+0000,662.4,8.183333,,5.7,96,414,0.0
2022-01-05T07:00:00.000000+0000,662.4,9.866667,,8.3,84,647,0.0
2022-01-05T08:00:00.000000+0000,662.1,10.716666,,9.3,73,833,0.0
2022-01-05T09:00:00.000000+0000,661.9,11.35,,8.7,91,977,0.0
2022-01-05T10:00:00.000000+0000,661.6,12.116667,,7.5,86,1068,0.0
2022-01-05T11:00:00.000000+0000,661.5,12.85,,4.9,100,985,0.0
2022-01-05T12:00:00.000000+0000,661.1,10.816667,,4.0,22,414,0.0
2022-01-05T13:00:00.000000+0000,661.0,9.6,,,,,
2022-01-11T12:00:00.000000+0000,660.4,12.116667,,5.1,281,687,0.0
2022-01-11T13:00:00.000000+0000,660.2,10.98,,5.6,277,539,0.0
2022-01-11T14:00:00.000000+0000,660.3,10.883333,,5.7,270,641,0.0
2022-01-11T15:00:00.000000+0000,660.5,8.883333,,2.4,273,222,0.0
2022-01-11T16:00:00.000000+0000,660.5,5.616667,,5.4,145,14,0.0
2022-01-11T17:00:00.000000+0000,660.5,6.483333,,8.2,134,0,0.0
2022-01-11T18:00:00.000000+0000,660.6,6.6833334,,9.1,133,0,0.0
2022-01-11T19:00:00.000000+0000,660.4,7.116667,,12.4,139,0,0.0
2022-01-11T20:00:00.000000+0000,660.3,6.8,,13.2,137,0,0.0
2022-01-11T21:00:00.000000+0000,660.2,6.8166666,,13.4,138,0,0.0
2022-01-11T22:00:00.000000+0000,660.1,6.75,,13.2,139,0,0.0
2022-01-11T23:00:00.000000+0000,659.4,6.2166667,,14.9,133,0,0.0
2022-01-12T00:00:00.000000+0000,659.3,4.983333,,15.3,136,0,0.0
2022-01-12T01:00:00.000000+0000,659.7,4.4666667,,14.8,133,0,0.0
2022-01-12T02:00:00.000000+0000,659.7,4.366667,,14.4,132,0,0.0
2022-01-12T03:00:00.000000+0000,659.9,4.55,,14.5,132,0,0.0
2022-01-12T04:00:00.000000+0000,660.2,4.6,,14.4,131,7,0.0
2022-01-12T05:00:00.000000+0000,660.8,6.0833335,,14.2,130,207,0.0
2022-01-12T06:00:00.000000+0000,661.4,8.016666,,15.3,128,454,0.0
2022-01-12T07:00:00.000000+0000,661.8,9.3,,14.1,124,679,0.0
2022-01-12T08:00:00.000000+0000,662.0,10.05,,14.2,123,860,0.0
2022-01-12T09:00:00.000000+0000,662.0,11.1,,11.9,111,978,0.0
2022-02-09T10:00:00.000000+0000,661.1,11.2,,,,863,
2022-02-09T11:00:00.000000+0000,660.4,11.783334,,8.1,42,1062,
2022-02-09T12:00:00.000000+0000,660.0,12.166667,,8.6,42,959,0.0
2022-02-09T13:00:00.000000+0000,659.4,11.816667,,8.1,44,824,0.0
2022-02-09T14:00:00.000000+0000,659.5,10.666667,,7.6,65,528,0.0
2022-02-09T15:00:00.000000+0000,659.8,9.22,,6.1,84,317,0.0
2022-02-09T16:00:00.000000+0000,660.1,6.9166665,,4.4,137,79,
2022-02-09T17:00:00.000000+0000,660.4,5.516667,,4.8,137,0,
2022-02-09T18:00:00.000000+0000,661.1,5.866667,,3.3,129,0,0.0
2022-02-09T19:00:00.000000+0000,661.4,5.15,,6.3,121,0,0.0
2022-02-09T20:00:00.000000+0000,661.4,4.4666667,,6.6,132,0,0.0
2022-02-09T21:00:00.000000+0000,661.4,3.85,,6.7,127,0,0.0
2022-02-09T22:00:00.000000+0000,661.1,3.7333333,,7.0,131,0,0.0
2022-02-09T23:00:00.000000+0000,660.7,3.2333333,,7.2,125,0,0.0
2022-02-10T00:00:00.000000+0000,660.2,3.65,,7.0,121,0,0.0
2022-02-10T01:00:00.000000+0000,660.1,5.1833334,,7.4,121,0,0.0
2022-02-10T02:00:00.000000+0000,660.0,4.2,,6.4,123,0,0.0
2022-02-10T03:00:00.000000+0000,660.1,4.06,,6.6,133,110,0.0
2022-02-10T04:00:00.000000+0000,660.6,3.6166666,,6.8,135,7,0.0
2022-02-10T05:00:00.000000+0000,660.8,6.5333333,,5.7,112,193,0.0
2022-02-10T06:00:00.000000+0000,661.6,9.42,,4.5,63,437,
2022-02-10T07:00:00.000000+0000,661.8,10.3,,4.8,27,664,
2022-02-10T08:00:00.000000+0000,661.7,10.85,,4.8,2,872,0.0
2022-02-10T09:00:00.000000+0000,661.3,12.266666,,5.0,13,964,0.0
2022-02-10T10:00:00.000000+0000,660.7,12.05,,7.3,9,1084,0.0
2022-02-10T11:00:00.000000+0000,660.3,12.4,,6.4,27,1071,
2022-02-10T12:00:00.000000+0000,659.9,13.0,,6.3,15,965,
2022-02-10T13:00:00.000000+0000,659.7,11.966666,,7.2,17,579,0.0
2022-02-10T14:00:00.000000+0000,659.8,9.633333,,5.4,32,186,0.0
2022-02-10T15:00:00.000000+0000,659.7,8.933333,,5.8,53,289,0.0
2022-02-10T16:00:00.000000+0000,660.0,7.1666665,,3.3,88,70,0.0
2022-02-10T17:00:00.000000+0000,660.5,6.55,,1.9,245,0,0.0
2022-02-10T18:00:00.000000+0000,660.8,5.016667,,3.6,194,0,0.0
2022-02-10T19:00:00.000000+0000,661.2,5.2166667,,3.0,200,0,0.0
2022-02-10T20:00:00.000000+0000,661.3,5.4,,3.3,201,0,0.0
2022-02-10T21:00:00.000000+0000,661.1,5.6,,2.8,195,0,0.0
2022-02-10T22:00:00.000000+0000,660.7,4.8333335,,2.3,204,0,0.0
2022-02-10T23:00:00.000000+0000,660.2,4.983333,,1.6,243,0,0.0
2022-02-11T00:00:00.000000+0000,659.9,5.5,,1.9,20,0,0.0
2022-02-11T01:00:00.000000+0000,659.7,5.483333,,3.1,81,0,0.0
2022-02-11T02:00:00.000000+0000,659.4,3.95,,5.0,107,0,0.0
2022-02-11T03:00:00.000000+0000,659.6,3.7,,4.5,117,0,0.0
2022-02-11T04:00:00.000000+0000,659.9,3.85,,5.1,110,6,0.0
2022-02-11T05:00:00.000000+0000,660.6,5.8333335,,4.8,107,185,0.0
2022-02-11T06:00:00.000000+0000,661.2,8.733334,,4.4,62,451,0.0
2022-02-11T07:00:00.000000+0000,661.5,9.8,,5.8,40,688,0.0
2022-02-11T08:00:00.000000+0000,661.3,10.666667,,5.8,31,892,0.0
2022-02-11T09:00:00.000000+0000,661.0,11.116667,,5.7,12,1071,0.0
2022-02-11T10:00:00.000000+0000,660.4,10.983334,,7.6,360,358,0.0
2022-02-11T11:00:00.000000+0000,659.8,9.766666,,6.5,14,334,0.0
2022-02-11T12:00:00.000000+0000,659.5,8.8,,6.9,28,149,0.0
2022-02-11T13:00:00.000000+0000,659.3,8.333333,,6.1,43,229,0.0
2022-02-11T14:00:00.000000+0000,659.0,10.266666,,6.8,46,494,0.0
2022-02-11T15:00:00.000000+0000,659.0,8.316667,,6.2,71,179,0.0
2022-02-11T16:00:00.000000+0000,659.4,6.4333334,,5.3,119,62,0.0
2022-02-11T17:00:00.000000+0000,659.9,4.733333,,3.8,158,0,0.0
2022-02-11T18:00:00.000000+0000,660.3,4.7833333,,1.9,180,0,0.0
2022-02-11T19:00:00.000000+0000,660.9,4.116667,,1.5,125,0,0.0
2022-02-11T20:00:00.000000+0000,661.1,4.2833333,,1.9,128,0,0.0
2022-02-11T21:00:00.000000+0000,661.2,5.266667,,1.4,156,0,0.0
2022-02-11T22:00:00.000000+0000,660.9,5.9166665,,0.8,172,0,0.0
2022-02-11T23:00:00.000000+0000,660.6,5.8333335,,1.2,82,0,0.0
2022-02-12T00:00:00.000000+0000,660.1,4.516667,,3.9,88,0,0.0
2022-02-12T01:00:00.000000+0000,659.7,3.9,,5.1,116,0,0.0
2022-02-12T02:00:00.000000+0000,659.7,3.85,,4.9,118,0,0.0
2022-02-12T03:00:00.000000+0000,660.2,2.9666667,,4.0,129,0,0.0
2022-02-12T04:00:00.000000+0000,660.5,3.4166667,,4.7,123,8,0.0
2022-02-12T05:00:00.000000+0000,660.9,6.8333335,,6.1,114,189,0.0
2022-02-12T06:00:00.000000+0000,661.3,9.0,,6.8,82,448,0.0
2022-02-12T07:00:00.000000+0000,661.5,9.683333,,9.2,47,707,0.0
2022-02-12T08:00:00.000000+0000,661.3,10.433333,,8.4,53,711,0.0
2022-02-12T09:00:00.000000+0000,660.9,10.916667,,8.7,47,1020,0.0
2022-02-12T10:00:00.000000+0000,660.5,11.283334,,8.5,29,949,0.0
2022-02-12T11:00:00.000000+0000,660.0,10.333333,,8.2,26,461,0.0
2022-02-12T12:00:00.000000+0000,659.8,10.466666,,6.4,23,441,0.0
2022-02-12T13:00:00.000000+0000,659.5,11.1,,6.3,20,662,0.0
2022-02-12T14:00:00.000000+0000,659.4,11.133333,,7.1,30,526,0.0
2022-02-12T15:00:00.000000+0000,659.4,10.5,,5.3,47,274,0.0
2022-02-12T16:00:00.000000+0000,659.7,6.9,,4.2,105,23,0.0
2022-02-12T17:00:00.000000+0000,660.2,6.2,,5.4,114,0,0.0
2022-02-12T18:00:00.000000+0000,660.8,6.116667,,4.2,111,0,0.0
2022-02-12T19:00:00.000000+0000,661.4,5.483333,,2.6,102,0,0.0
2022-02-12T20:00:00.000000+0000,661.6,5.8166666,,2.8,98,0,0.0
2022-02-12T21:00:00.000000+0000,661.6,5.766667,,2.4,92,0,0.0
2022-02-12T22:00:00.000000+0000,661.3,5.25,,2.2,98,0,0.0
2022-02-12T23:00:00.000000+0000,660.8,4.4666667,,1.4,128,0,0.0
2022-02-13T00:00:00.000000+0000,660.4,4.7166667,,3.0,70,0,0.0
2022-02-13T01:00:00.000000+0000,660.1,4.016667,,4.2,100,0,0.0
2022-02-13T02:00:00.000000+0000,660.0,3.45,,4.1,112,0,0.0
2022-02-13T03:00:00.000000+0000,660.0,3.3166666,,5.0,112,0,0.0
2022-02-13T04:00:00.000000+0000,660.0,3.5833333,,6.7,105,7,0.0
2022-02-13T05:00:00.000000+0000,660.4,5.8,,5.9,92,197,0.0
2022-02-13T06:00:00.000000+0000,660.9,8.366667,,6.4,60,449,0.0
2022-02-13T07:00:00.000000+0000,661.2,9.433333,,8.4,47,680,0.0
2022-02-13T08:00:00.000000+0000,661.2,10.366667,,7.5,37,864,0.0
2022-02-13T09:00:00.000000+0000,661.0,11.016666,,8.7,40,1031,0.0
2022-02-13T10:00:00.000000+0000,660.6,11.666667,,9.0,34,999,0.0
2022-02-13T11:00:00.000000+0000,660.0,11.633333,,6.9,10,1024,0.0
2022-02-13T12:00:00.000000+0000,659.5,11.316667,,7.1,15,786,0.0
2022-02-13T13:00:00.000000+0000,659.4,10.05,,6.1,8,329,0.0
2022-02-13T14:00:00.000000+0000,659.3,9.1,,3.5,2,204,0.0
2022-02-13T15:00:00.000000+0000,659.5,9.85,,4.4,15,298,0.0
2022-02-13T16:00:00.000000+0000,659.5,7.25,,2.9,69,66,0.0
2022-02-13T17:00:00.000000+0000,659.8,4.516667,,1.7,146,0,0.0
2022-02-13T18:00:00.000000+0000,660.3,5.4,,3.8,217,0,0.0
2022-02-13T19:00:00.000000+0000,660.6,6.1833334,,1.1,220,0,0.0
2022-02-13T20:00:00.000000+0000,660.7,6.35,,2.2,87,0,0.0
2022-02-13T21:00:00.000000+0000,660.6,6.8,,1.9,74,0,0.0
2022-02-13T22:00:00.000000+0000,660.4,5.2833333,,3.1,101,0,0.0
2022-02-13T23:00:00.000000+0000,660.2,4.3,,3.4,93,0,0.0
2022-02-14T00:00:00.000000+0000,659.8,3.8,,4.4,97,0,0.0
2022-02-14T01:00:00.000000+0000,659.4,3.75,,6.3,107,0,0.0
2022-02-14T02:00:00.000000+0000,659.4,4.016667,,7.7,105,0,0.0
2022-02-14T03:00:00.000000+0000,659.3,3.9666667,,9.0,108,0,0.0
2022-02-14T04:00:00.000000+0000,659.5,4.0,,8.7,108,6,0.0
2022-02-14T05:00:00.000000+0000,659.9,5.8333335,,8.4,97,186,0.0
2022-02-14T06:00:00.000000+0000,660.7,8.266666,,8.1,73,438,0.0
2022-02-14T07:00:00.000000+0000,660.8,9.733334,,9.3,56,679,0.0
2022-02-14T08:00:00.000000+0000,660.9,10.816667,,9.6,48,883,0.0
2022-02-14T09:00:00.000000+0000,660.7,10.9,,9.5,36,876,0.0
2022-02-14T10:00:00.000000+0000,660.2,11.8,,7.9,46,1094,0.0
2022-02-14T11:00:00.000000+0000,659.9,11.183333,,8.1,29,707,0.0
2022-02-14T12:00:00.000000+0000,659.4,9.916667,,8.2,12,295,0.0
2022-02-14T13:00:00.000000+0000,659.4,9.033334,,5.5,13,175,0.0
2022-02-14T14:00:00.000000+0000,659.2,9.3,,4.3,28,280,0.0
2022-02-14T15:00:00.000000+0000,659.2,9.333333,,4.5,69,233,0.0
2022-02-14T16:00:00.000000+0000,659.6,7.116667,,2.7,217,26,0.0
2022-02-14T17:00:00.000000+0000,660.1,5.55,,3.1,218,0,0.0
2022-02-14T18:00:00.000000+0000,660.9,5.2833333,,1.8,207,0,0.0
2022-02-14T19:00:00.000000+0000,661.5,4.616667,,0.9,166,0,0.0
2022-02-14T20:00:00.000000+0000,661.8,6.133333,,1.0,214,0,0.0
2022-02-14T21:00:00.000000+0000,661.8,4.4166665,,1.4,101,0,0.0
2022-02-14T22:00:00.000000+0000,661.5,3.1333334,,3.3,108,0,0.0
2022-02-14T23:00:00.000000+0000,661.1,3.95,,3.3,92,0,0.0
2022-02-15T00:00:00.000000+0000,660.8,3.8833334,,3.3,87,0,0.0
2022-02-15T01:00:00.000000+0000,660.5,3.4333334,,4.4,101,0,0.0
2022-02-15T02:00:00.000000+0000,660.2,2.95,,6.3,114,0,0.0
2022-02-15T03:00:00.000000+0000,660.3,3.55,,7.9,108,0,0.0
2022-02-15T04:00:00.000000+0000,660.6,3.95,,7.2,100,10,0.0
2022-02-15T05:00:00.000000+0000,661.1,6.366667,,5.7,98,217,0.0
2022-02-15T06:00:00.000000+0000,661.6,8.583333,,5.6,68,449,0.0
2022-02-15T07:00:00.000000+0000,662.2,9.6,,6.1,53,638,0.0
2022-02-15T08:00:00.000000+0000,662.2,10.7,,7.2,39,846,0.0
2022-02-15T09:00:00.000000+0000,661.8,11.716666,,7.6,47,965,0.0
2022-02-15T10:00:00.000000+0000,661.2,11.9,,9.1,26,964,0.0
2022-02-15T11:00:00.000000+0000,660.7,11.433333,,7.6,26,1041,0.0
2022-02-15T12:00:00.000000+0000,660.1,9.783334,,7.8,30,261,0.0
2022-02-15T13:00:00.000000+0000,659.9,8.65,,6.7,31,118,0.0
2022-02-15T14:00:00.000000+0000,659.9,8.083333,,5.3,38,45,0.0
2022-02-15T15:00:00.000000+0000,659.8,8.533334,,5.5,71,203,0.0
2022-02-15T16:00:00.000000+0000,660.0,6.983333,,5.5,89,55,0.0
2022-02-15T17:00:00.000000+0000,660.4,5.233333,,3.4,159,0,0.0
2022-02-15T18:00:00.000000+0000,660.8,5.4166665,,1.7,189,0,0.0
2022-02-15T19:00:00.000000+0000,661.2,4.7,,1.2,90,0,0.0
2022-02-15T20:00:00.000000+0000,661.4,3.9,,3.4,114,0,0.0
2022-02-15T21:00:00.000000+0000,661.3,3.7,,3.3,117,0,0.0
2022-02-15T22:00:00.000000+0000,660.9,4.1,,3.5,108,0,0.0
2022-02-15T23:00:00.000000+0000,660.4,4.5833335,,4.2,108,0,0.0
2022-02-16T00:00:00.000000+0000,660.1,4.116667,,4.3,104,0,0.0
2022-02-16T01:00:00.000000+0000,660.0,3.45,,4.5,108,0,0.0
2022-02-16T02:00:00.000000+0000,659.9,3.25,,5.4,114,0,0.0
2022-02-16T03:00:00.000000+0000,660.1,3.0333333,,5.8,115,0,0.0
2022-02-16T04:00:00.000000+0000,660.2,3.0333333,,6.2,117,7,0.0
2022-02-16T05:00:00.000000+0000,660.5,5.65,,6.5,108,206,0.0
2022-02-16T06:00:00.000000+0000,661.0,9.35,,6.7,85,459,0.0
2022-02-16T07:00:00.000000+0000,661.3,10.833333,,7.2,39,697,0.0
2022-02-16T08:00:00.000000+0000,661.5,11.183333,,7.7,42,892,0.0
2022-02-16T09:00:00.000000+0000,661.4,11.883333,,7.4,40,1040,0.0
2022-02-16T10:00:00.000000+0000,660.9,11.883333,,9.6,35,1097,0.0
2022-02-16T11:00:00.000000+0000,660.2,11.566667,,10.0,36,809,0.0
2022-02-16T12:00:00.000000+0000,659.4,10.45,,9.7,30,659,0.0
2022-02-16T13:00:00.000000+0000,659.1,11.0,,8.4,45,588,0.0
2022-02-16T14:00:00.000000+0000,658.8,10.233334,,7.9,42,404,0.0
2022-02-16T15:00:00.000000+0000,658.7,9.933333,,7.7,52,233,0.0
2022-02-16T16:00:00.000000+0000,659.1,6.633333,,6.9,85,23,0.7
2022-02-16T17:00:00.000000+0000,659.5,6.0666666,,6.4,122,0,0.0
2022-02-16T18:00:00.000000+0000,660.0,6.2,,4.4,135,0,0.0
2022-02-16T19:00:00.000000+0000,660.5,5.6666665,,1.4,186,0,0.0
2022-02-16T20:00:00.000000+0000,660.8,5.4166665,,1.2,127,0,0.0
2022-02-16T21:00:00.000000+0000,660.9,5.15,,1.4,113,0,0.0
2022-02-16T22:00:00.000000+0000,660.5,5.866667,,0.9,196,0,0.0
2022-02-16T23:00:00.000000+0000,660.0,4.2833333,,1.5,114,0,0.0
2022-02-17T00:00:00.000000+0000,659.6,5.0,,1.6,22,0,0.0
2022-02-17T01:00:00.000000+0000,659.5,4.266667,,2.3,100,0,0.0
2022-02-17T02:00:00.000000+0000,659.3,3.5333333,,4.6,112,0,0.0
2022-02-17T03:00:00.000000+0000,659.5,4.0833335,,5.5,113,0,0.0
2022-02-17T04:00:00.000000+0000,659.6,4.133333,,6.4,114,12,0.0
2022-02-17T05:00:00.000000+0000,659.9,6.15,,6.5,98,211,0.0
2022-02-17T06:00:00.000000+0000,660.4,8.816667,,6.3,75,444,0.0
2022-02-17T07:00:00.000000+0000,660.7,10.466666,,7.7,59,701,0.0
2022-02-17T08:00:00.000000+0000,660.9,11.65,,9.1,42,897,0.0
2022-02-17T09:00:00.000000+0000,660.7,12.466666,,8.3,36,1093,0.0
2022-02-17T10:00:00.000000+0000,660.2,12.1,,9.1,43,710,0.0
2022-02-17T11:00:00.000000+0000,659.6,11.733334,,10.1,30,391,0.0
2022-02-17T12:00:00.000000+0000,659.1,9.9,,8.2,30,188,0.0
2022-02-17T13:00:00.000000+0000,658.7,9.733334,,6.2,31,261,0.1
2022-02-17T14:00:00.000000+0000,658.6,9.383333,,7.2,42,124,0.0
2022-02-17T15:00:00.000000+0000,658.6,9.133333,,6.5,42,107,0.0
2022-02-17T16:00:00.000000+0000,658.7,8.083333,,4.4,119,31,0.0
2022-02-17T17:00:00.000000+0000,659.1,7.7166667,,3.7,155,0,0.0
2022-02-17T18:00:00.000000+0000,659.6,7.1833334,,3.0,228,0,0.0
2022-02-17T19:00:00.000000+0000,660.0,6.116667,,2.8,201,0,0.0
2022-02-17T20:00:00.000000+0000,660.3,5.4,,1.3,160,0,0.0
2022-02-17T21:00:00.000000+0000,660.4,6.5,,0.8,90,0,0.0
2022-02-17T22:00:00.000000+0000,660.0,4.05,,2.1,125,0,0.0
2022-02-17T23:00:00.000000+0000,659.5,4.766667,,3.7,107,0,0.0
2022-02-18T00:00:00.000000+0000,659.0,4.15,,4.6,109,0,0.0
2022-02-18T01:00:00.000000+0000,658.8,3.95,,6.4,116,0,0.0
2022-02-18T02:00:00.000000+0000,658.7,3.6333334,,7.1,123,0,0.0
2022-02-18T03:00:00.000000+0000,658.8,4.95,,7.8,119,0,0.0
2022-02-18T04:00:00.000000+0000,659.1,4.383333,,7.5,119,6,0.0
2022-02-18T05:00:00.000000+0000,659.6,5.8333335,,6.6,113,194,0.0
2022-02-18T06:00:00.000000+0000,660.3,8.8,,5.9,80,447,0.0
2022-02-18T07:00:00.000000+0000,660.6,10.183333,,6.8,58,686,0.0
2022-02-18T08:00:00.000000+0000,660.6,10.683333,,8.5,30,872,0.0
2022-02-18T09:00:00.000000+0000,660.6,11.05,,9.7,29,577,0.0
2022-02-18T10:00:00.000000+0000,660.5,9.35,,7.2,7,202,0.0
2022-02-18T11:00:00.000000+0000,660.0,8.1,,5.1,5,133,0.7
2022-02-18T12:00:00.000000+0000,659.5,6.3333335,,4.5,185,98,0.2
2022-02-18T13:00:00.000000+0000,658.8,8.416667,,3.7,7,202,0.0
2022-02-18T14:00:00.000000+0000,658.6,7.5833335,,3.3,67,213,0.2
2022-02-18T15:00:00.000000+0000,658.7,9.266666,,2.9,54,190,0.0
2022-02-18T16:00:00.000000+0000,659.0,7.9666667,,2.2,196,17,0.0
2022-02-18T17:00:00.000000+0000,659.1,7.4,,2.9,219,0,0.0
2022-02-18T18:00:00.000000+0000,660.0,6.733333,,2.1,234,0,0.0
2022-02-18T19:00:00.000000+0000,660.6,5.7,,3.1,189,0,0.0
2022-02-18T20:00:00.000000+0000,661.1,5.3333335,,1.9,218,0,0.0
2022-02-18T21:00:00.000000+0000,661.0,4.7166667,,2.1,125,0,0.0
2022-02-18T22:00:00.000000+0000,660.6,4.133333,,1.4,113,0,0.0
2022-02-18T23:00:00.000000+0000,660.0,3.6666667,,2.1,127,0,0.0
2022-02-19T00:00:00.000000+0000,659.5,4.0333333,,2.2,149,0,0.0
2022-02-19T01:00:00.000000+0000,659.6,3.75,,1.6,150,0,0.0
2022-02-19T02:00:00.000000+0000,659.6,5.0,,0.8,211,0,0.0
2022-02-19T03:00:00.000000+0000,660.1,4.15,,1.9,126,0,0.0
2022-02-19T04:00:00.000000+0000,660.4,3.5,,2.3,131,5,0.0
2022-02-19T05:00:00.000000+0000,661.0,5.233333,,1.7,106,52,0.0
2022-02-19T06:00:00.000000+0000,661.4,7.9666667,,2.5,95,372,0.0
2022-02-19T07:00:00.000000+0000,661.6,10.133333,,4.0,43,714,0.0
2022-02-19T08:00:00.000000+0000,661.5,10.6,,4.5,17,753,0.0
2022-02-19T09:00:00.000000+0000,661.3,11.333333,,5.2,18,951,0.0
2022-02-19T10:00:00.000000+0000,661.0,12.366667,,7.6,13,813,0.0
2022-02-19T11:00:00.000000+0000,660.5,10.083333,,5.9,17,242,0.0
2022-02-19T12:00:00.000000+0000,660.0,8.5,,5.5,39,80,0.0
2022-02-19T13:00:00.000000+0000,659.5,8.266666,,5.9,62,103,0.0
2022-02-19T14:00:00.000000+0000,659.2,8.716666,,6.4,75,176,0.0
2022-02-19T15:00:00.000000+0000,659.3,8.516666,,6.6,70,140,0.0
2022-02-19T16:00:00.000000+0000,659.7,6.95,,7.0,97,24,0.0
2022-02-19T17:00:00.000000+0000,660.2,6.0,,5.4,137,0,0.0
2022-02-19T18:00:00.000000+0000,660.7,5.15,,1.9,184,0,0.0
2022-02-19T19:00:00.000000+0000,660.9,4.766667,,2.5,173,0,0.0
2022-02-19T20:00:00.000000+0000,661.2,5.5,,1.0,216,0,0.0
2022-02-19T21:00:00.000000+0000,661.6,4.383333,,2.0,184,0,0.0
2022-02-19T22:00:00.000000+0000,661.4,4.1833334,,3.4,112,0,0.0
2022-02-19T23:00:00.000000+0000,660.8,4.0833335,,4.9,128,0,0.0
2022-02-20T00:00:00.000000+0000,660.4,4.0,,5.3,113,0,0.0
2022-02-20T01:00:00.000000+0000,660.1,4.0,,5.5,102,0,0.0
2022-02-20T02:00:00.000000+0000,659.9,3.6666667,,6.4,107,0,0.0
2022-02-20T03:00:00.000000+0000,660.2,4.266667,,7.9,107,0,0.0
2022-02-20T04:00:00.000000+0000,660.4,4.2833333,,8.3,119,8,0.0
2022-02-20T05:00:00.000000+0000,660.6,6.0833335,,10.0,119,200,0.0
2022-02-20T06:00:00.000000+0000,661.1,8.566667,,9.2,101,457,0.0
2022-02-20T07:00:00.000000+0000,661.5,10.283334,,10.1,95,694,0.0
2022-02-20T08:00:00.000000+0000,661.4,11.55,,9.3,74,891,0.0
2022-02-20T09:00:00.000000+0000,661.4,12.316667,,8.5,81,1028,0.0
2022-02-20T10:00:00.000000+0000,661.2,13.066667,,9.0,65,1077,0.0
2022-02-20T11:00:00.000000+0000,660.6,13.1,,9.4,45,1020,0.0
2022-02-20T12:00:00.000000+0000,660.1,13.266666,,10.6,45,1052,0.0
2022-02-20T13:00:00.000000+0000,659.8,12.05,,8.4,58,522,0.0
2022-02-20T14:00:00.000000+0000,659.8,10.3,,7.8,59,345,0.0
2022-02-20T15:00:00.000000+0000,660.0,6.8,,8.6,95,55,0.1
2022-02-20T16:00:00.000000+0000,660.1,6.9,,7.6,115,17,0.0
2022-02-20T17:00:00.000000+0000,660.5,6.733333,,7.4,127,0,0.0
2022-02-20T18:00:00.000000+0000,661.1,6.7,,5.4,130,0,0.0
2022-02-20T19:00:00.000000+0000,661.6,6.116667,,4.5,122,0,0.0
2022-02-20T20:00:00.000000+0000,661.6,6.0333333,,6.3,114,0,0.0
2022-02-20T21:00:00.000000+0000,661.6,5.55,,6.9,120,0,0.0
2022-02-20T22:00:00.000000+0000,661.4,5.233333,,7.4,119,0,0.0
2022-02-20T23:00:00.000000+0000,661.0,4.75,,7.5,106,0,0.0
2022-02-21T00:00:00.000000+0000,660.4,5.2,,7.6,109,0,0.0
2022-02-21T01:00:00.000000+0000,660.2,5.7,,7.2,104,0,0.0
2022-02-21T02:00:00.000000+0000,660.3,5.35,,6.8,115,0,0.0
2022-02-21T03:00:00.000000+0000,660.4,5.35,,7.9,118,0,0.0
2022-02-21T04:00:00.000000+0000,661.0,4.5666666,,6.4,112,8,0.0
2022-02-21T05:00:00.000000+0000,661.4,6.8,,5.9,99,208,0.0
2022-02-21T06:00:00.000000+0000,661.9,9.75,,5.9,63,456,0.0
2022-02-21T07:00:00.000000+0000,662.1,10.616667,,7.9,36,595,0.0
2022-02-21T08:00:00.000000+0000,662.0,11.316667,,5.5,45,863,0.0
2022-02-21T09:00:00.000000+0000,661.4,10.616667,,8.5,32,715,0.0
2022-02-21T10:00:00.000000+0000,660.9,8.266666,,7.1,36,158,0.0
2022-02-21T11:00:00.000000+0000,660.5,8.083333,,5.6,53,320,0.0
2022-02-21T12:00:00.000000+0000,659.9,8.516666,,2.6,74,268,0.0
2022-02-21T13:00:00.000000+0000,659.6,8.033334,,4.5,25,93,0.0
2022-02-21T14:00:00.000000+0000,659.5,7.7833333,,4.1,70,98,0.0
2022-02-21T15:00:00.000000+0000,659.5,8.733334,,3.4,236,76,0.0
2022-02-21T16:00:00.000000+0000,659.8,7.6,,3.0,252,23,0.0
2022-02-21T17:00:00.000000+0000,660.2,6.05,,1.7,210,0,0.0
2022-02-21T18:00:00.000000+0000,660.5,6.25,,2.4,213,0,0.0
2022-02-21T19:00:00.000000+0000,660.8,5.8,,1.7,180,0,0.0
2022-02-21T20:00:00.000000+0000,661.0,5.55,,2.6,97,0,0.0
2022-02-21T21:00:00.000000+0000,661.0,6.55,,2.9,177,0,0.0
2022-02-21T22:00:00.000000+0000,660.9,7.016667,,1.5,52,0,0.0
2022-02-21T23:00:00.000000+0000,660.4,6.4,,2.5,107,0,0.2
2022-02-22T00:00:00.000000+0000,660.0,6.5833335,,2.0,81,0,0.0
2022-02-22T01:00:00.000000+0000,659.8,6.1833334,,2.7,75,0,0.0
2022-02-22T02:00:00.000000+0000,659.7,5.0833335,,5.6,102,0,0.0
2022-02-22T03:00:00.000000+0000,659.9,5.25,,6.3,111,0,0.0
2022-02-22T04:00:00.000000+0000,659.9,4.516667,,6.8,118,5,0.0
2022-02-22T05:00:00.000000+0000,660.3,5.7,,6.2,130,168,0.0
2022-02-22T06:00:00.000000+0000,660.9,8.516666,,4.5,84,437,0.0
2022-02-22T07:00:00.000000+0000,661.2,10.666667,,4.8,49,685,0.0
2022-02-22T08:00:00.000000+0000,661.2,10.35,,6.0,27,681,0.0
2022-02-22T09:00:00.000000+0000,661.0,9.366667,,6.9,8,359,0.0
2022-02-22T10:00:00.000000+0000,660.6,8.716666,,5.4,29,358,0.0
2022-02-22T11:00:00.000000+0000,660.2,10.783334,,4.8,11,748,0.0
2022-02-22T12:00:00.000000+0000,659.7,11.0,,4.6,7,567,0.0
2022-02-22T13:00:00.000000+0000,659.4,9.55,,6.0,9,160,0.0
2022-02-22T14:00:00.000000+0000,659.3,8.15,,4.9,37,99,0.1
2022-02-22T15:00:00.000000+0000,659.3,6.983333,,4.7,59,17,1.1
2022-02-22T16:00:00.000000+0000,659.8,6.8166666,,3.1,116,7,0.0
2022-02-22T17:00:00.000000+0000,660.3,6.983333,,4.0,118,0,0.0
2022-02-22T18:00:00.000000+0000,660.8,6.633333,,4.2,84,0,0.8
2022-02-22T19:00:00.000000+0000,661.3,6.4666667,,5.4,73,0,2.0
2022-02-22T20:00:00.000000+0000,661.8,6.2166667,,4.4,87,0,0.1
2022-02-22T21:00:00.000000+0000,661.5,6.35,,3.6,92,0,0.0
2022-02-22T22:00:00.000000+0000,661.1,6.633333,,3.3,93,0,0.0
2022-02-22T23:00:00.000000+0000,660.4,6.5333333,,4.9,103,0,0.0
2022-02-23T00:00:00.000000+0000,660.0,6.116667,,5.1,103,0,0.0
2022-02-23T01:00:00.000000+0000,660.1,5.3166666,,6.1,99,0,0.0
2022-02-23T02:00:00.000000+0000,660.1,5.05,,5.8,101,0,0.0
2022-02-23T03:00:00.000000+0000,660.4,5.0833335,,4.6,112,0,0.0
2022-02-23T04:00:00.000000+0000,660.6,5.3166666,,4.2,103,7,0.0
2022-02-23T05:00:00.000000+0000,661.1,6.65,,4.3,108,101,0.0
2022-02-23T06:00:00.000000+0000,661.5,8.783334,,5.6,70,407,0.0
2022-02-23T07:00:00.000000+0000,662.0,9.55,,6.7,45,596,0.0
2022-02-23T08:00:00.000000+0000,662.0,10.15,,5.4,34,780,0.0
2022-02-23T09:00:00.000000+0000,661.6,10.4,,6.4,26,811,0.0
2022-02-23T10:00:00.000000+0000,661.2,10.283334,,6.7,21,692,0.0
2022-02-23T11:00:00.000000+0000,660.7,8.966666,,7.6,32,286,0.0
2022-02-23T12:00:00.000000+0000,660.1,8.833333,,6.2,45,182,0.0
2022-02-23T13:00:00.000000+0000,659.7,8.633333,,7.0,64,256,0.0
2022-02-23T14:00:00.000000+0000,659.5,9.15,,7.0,72,258,0.0
2022-02-23T15:00:00.000000+0000,659.8,9.683333,,5.0,81,278,0.0
2022-02-23T16:00:00.000000+0000,660.3,7.616667,,6.2,117,28,0.0
2022-02-23T17:00:00.000000+0000,660.9,6.6833334,,5.1,141,0,0.0
2022-02-23T18:00:00.000000+0000,661.5,6.45,,1.4,225,0,0.0
2022-02-23T19:00:00.000000+0000,661.9,5.65,,1.4,192,0,0.0
2022-02-23T20:00:00.000000+0000,662.2,5.7833333,,1.6,212,0,0.0
2022-02-23T21:00:00.000000+0000,662.2,5.4333334,,2.0,197,0,0.0
2022-02-23T22:00:00.000000+0000,662.2,5.65,,1.1,171,0,0.0
2022-02-23T23:00:00.000000+0000,661.6,6.2833333,,1.6,51,0,0.0
2022-02-24T00:00:00.000000+0000,661.3,6.25,,2.8,26,0,0.0
2022-02-24T01:00:00.000000+0000,661.0,6.1,,5.1,40,0,0.0
2022-02-24T02:00:00.000000+0000,660.9,5.75,,5.6,75,0,0.0
2022-02-24T03:00:00.000000+0000,661.0,5.3333335,,6.2,84,0,0.0
2022-02-24T04:00:00.000000+0000,661.2,5.0833335,,5.9,92,10,0.0
2022-02-24T05:00:00.000000+0000,661.7,5.65,,4.8,94,97,0.0
2022-02-24T06:00:00.000000+0000,662.3,7.0666666,,3.4,81,269,0.0
2022-02-24T07:00:00.000000+0000,662.7,8.433333,,4.8,40,502,0.0
2022-02-24T08:00:00.000000+0000,662.8,8.95,,5.4,16,549,0.0
2022-02-24T09:00:00.000000+0000,662.6,9.5,,5.6,11,672,0.0
2022-02-24T10:00:00.000000+0000,662.4,9.883333,,5.8,4,720,0.0
2022-02-24T11:00:00.000000+0000,661.9,9.033334,,5.1,15,494,0.7
2022-02-24T12:00:00.000000+0000,661.3,9.566667,,3.9,16,698,0.0
2022-02-24T13:00:00.000000+0000,660.9,9.766666,,6.9,30,341,0.0
2022-02-24T14:00:00.000000+0000,660.9,9.0,,5.1,32,262,0.0
2022-02-24T15:00:00.000000+0000,661.0,8.483334,,3.8,58,189,0.0
2022-02-24T16:00:00.000000+0000,661.0,6.5666666,,3.4,104,29,0.0
2022-02-24T17:00:00.000000+0000,661.4,5.2,,2.9,113,0,0.0
2022-02-24T18:00:00.000000+0000,662.0,5.75,,4.8,111,0,0.0
2022-02-24T19:00:00.000000+0000,662.6,5.7833333,,4.4,105,0,0.0
2022-02-24T20:00:00.000000+0000,663.0,6.2833333,,4.8,96,0,0.0
2022-02-24T21:00:00.000000+0000,662.6,5.633333,,4.4,98,0,0.0
2022-02-24T22:00:00.000000+0000,662.1,5.2166667,,5.2,94,0,0.0
2022-02-24T23:00:00.000000+0000,661.4,4.9666667,,4.8,109,0,0.0
2022-02-25T00:00:00.000000+0000,661.0,4.883333,,5.9,96,0,0.0
2022-02-25T01:00:00.000000+0000,660.9,4.4666667,,5.2,100,0,0.0
2022-02-25T02:00:00.000000+0000,660.9,3.9333334,,5.3,123,0,0.0
2022-02-25T03:00:00.000000+0000,661.0,4.9166665,,7.3,96,0,0.0
2022-02-25T04:00:00.000000+0000,661.4,4.7166667,,6.3,106,9,0.0
2022-02-25T05:00:00.000000+0000,661.7,5.75,,6.2,109,176,0.0
2022-02-25T06:00:00.000000+0000,662.3,8.333333,,5.6,83,452,0.0
2022-02-25T07:00:00.000000+0000,662.6,10.283334,,7.4,56,738,0.0
2022-02-25T08:00:00.000000+0000,662.6,11.35,,7.4,43,944,0.0
2022-02-25T09:00:00.000000+0000,662.2,12.083333,,9.1,57,1114,0.0
2022-02-25T10:00:00.000000+0000,661.5,11.683333,,10.0,58,837,0.0
2022-02-25T11:00:00.000000+0000,661.0,11.2,,9.8,61,856,0.0
2022-02-25T12:00:00.000000+0000,660.6,11.5,,10.0,70,827,0.0
2022-02-25T13:00:00.000000+0000,660.3,11.716666,,10.4,84,819,0.0
2022-02-25T14:00:00.000000+0000,660.2,10.883333,,9.7,76,488,0.0
2022-02-25T15:00:00.000000+0000,660.4,8.366667,,9.3,97,261,0.0
2022-02-25T16:00:00.000000+0000,660.6,6.5833335,,8.9,126,35,0.0
2022-02-25T17:00:00.000000+0000,660.8,5.8,,8.3,140,0,0.0
2022-02-25T18:00:00.000000+0000,661.3,5.266667,,6.3,153,0,0.0
2022-02-25T19:00:00.000000+0000,661.8,5.266667,,1.6,219,0,0.0
2022-02-25T20:00:00.000000+0000,662.0,4.7,,3.9,152,0,0.0
2022-02-25T21:00:00.000000+0000,662.1,3.9666667,,6.1,130,0,0.0
2022-02-25T22:00:00.000000+0000,661.7,4.0,,6.5,136,0,0.0
2022-02-25T23:00:00.000000+0000,661.1,3.1166666,,7.1,138,0,0.0
2022-02-26T00:00:00.000000+0000,660.6,4.0666666,,6.9,136,0,0.0
2022-02-26T01:00:00.000000+0000,660.5,4.4166665,,6.8,139,0,0.0
2022-02-26T02:00:00.000000+0000,660.2,5.266667,,9.3,144,0,0.0
2022-02-26T03:00:00.000000+0000,660.5,5.8333335,,11.2,144,0,0.0
2022-02-26T04:00:00.000000+0000,661.2,5.5666666,,8.5,150,8,0.0
2022-02-26T05:00:00.000000+0000,662.1,7.1,,3.9,163,210,0.0
2022-02-26T06:00:00.000000+0000,662.2,9.716666,,9.4,121,460,0.0
2022-02-26T07:00:00.000000+0000,662.3,11.166667,,9.5,117,701,0.0
2022-02-26T08:00:00.000000+0000,662.6,12.383333,,6.2,118,912,0.0
2022-02-26T09:00:00.000000+0000,662.6,11.233334,,6.8,246,486,0.0
2022-02-26T10:00:00.000000+0000,662.2,9.733334,,5.8,249,233,0.1
2022-02-26T11:00:00.000000+0000,661.8,9.1,,3.7,276,263,0.0
2022-02-26T12:00:00.000000+0000,661.4,8.8,,4.2,284,237,0.0
2022-02-26T13:00:00.000000+0000,661.2,8.533334,,2.8,317,220,0.9
2022-02-26T14:00:00.000000+0000,661.2,7.2,,2.7,135,81,0.1
2022-02-26T15:00:00.000000+0000,661.0,7.366667,,4.7,87,111,0.0
2022-02-26T16:00:00.000000+0000,661.0,6.05,,8.1,112,40,0.0
2022-02-26T17:00:00.000000+0000,661.1,5.5833335,,7.8,144,0,0.0
2022-02-26T18:00:00.000000+0000,661.7,5.8333335,,6.5,145,0,0.0
2022-02-26T19:00:00.000000+0000,662.1,4.766667,,7.5,140,0,0.0
2022-02-26T20:00:00.000000+0000,662.7,4.883333,,7.7,143,0,0.0
2022-02-26T21:00:00.000000+0000,662.6,4.4,,8.1,144,0,0.0
2022-02-26T22:00:00.000000+0000,662.0,5.016667,,8.4,141,0,0.0
2022-02-26T23:00:00.000000+0000,661.2,5.1666665,,9.0,138,0,0.0
2022-02-27T00:00:00.000000+0000,660.8,5.4333334,,8.7,136,0,0.0
2022-02-27T01:00:00.000000+0000,660.7,4.9666667,,9.6,132,0,0.0
2022-02-27T02:00:00.000000+0000,660.9,4.766667,,9.1,126,0,0.0
2022-02-27T03:00:00.000000+0000,661.2,5.2,,9.1,118,0,0.0
2022-02-27T04:00:00.000000+0000,661.5,5.0333333,,8.4,122,7,0.0
2022-02-27T05:00:00.000000+0000,661.9,6.733333,,8.3,125,216,0.0
2022-02-27T06:00:00.000000+0000,662.3,9.0,,8.5,101,467,0.0
2022-02-27T07:00:00.000000+0000,662.6,10.516666,,10.2,99,707,0.0
2022-02-27T08:00:00.000000+0000,662.6,11.5,,9.9,89,906,0.0
2022-02-27T09:00:00.000000+0000,662.5,12.766666,,8.9,65,1044,0.0
2022-02-27T10:00:00.000000+0000,662.3,13.2,,6.8,87,1106,0.0
2022-02-27T11:00:00.000000+0000,661.6,13.1,,7.8,77,1085,0.0
2022-02-27T12:00:00.000000+0000,661.2,12.633333,,8.1,69,979,0.0
2022-02-27T13:00:00.000000+0000,661.1,12.8,,7.9,62,805,0.0
2022-02-27T14:00:00.000000+0000,660.7,12.066667,,8.4,59,542,0.0
2022-02-27T15:00:00.000000+0000,660.7,10.866667,,8.3,75,329,0.0
2022-02-27T16:00:00.000000+0000,660.7,8.083333,,8.0,120,75,0.0
2022-02-27T17:00:00.000000+0000,661.0,6.7166667,,7.1,131,0,0.0
2022-02-27T18:00:00.000000+0000,661.6,6.05,,6.2,140,0,0.0
2022-02-27T19:00:00.000000+0000,662.0,6.55,,7.3,127,0,0.0
2022-02-27T20:00:00.000000+0000,662.3,6.766667,,8.2,129,0,0.0
2022-02-27T21:00:00.000000+0000,662.2,6.4333334,,7.3,132,0,0.0
2022-02-27T22:00:00.000000+0000,661.7,6.733333,,8.0,137,0,0.0
2022-02-27T23:00:00.000000+0000,661.0,6.8333335,,9.0,141,0,0.0
2022-02-28T00:00:00.000000+0000,660.6,5.883333,,8.2,138,0,0.0
2022-02-28T01:00:00.000000+0000,660.6,3.5666666,,8.1,124,0,0.0
2022-02-28T02:00:00.000000+0000,660.7,4.483333,,7.0,121,0,0.0
2022-02-28T03:00:00.000000+0000,660.9,4.65,,6.0,121,0,0.0
2022-02-28T04:00:00.000000+0000,661.3,4.233333,,4.1,120,8,0.0
2022-02-28T05:00:00.000000+0000,661.7,7.1833334,,5.1,98,213,0.0
2022-02-28T06:00:00.000000+0000,662.1,9.616667,,7.1,67,462,0.0
2022-02-28T07:00:00.000000+0000,662.4,10.966666,,8.4,70,708,0.0
2022-02-28T08:00:00.000000+0000,662.4,11.816667,,8.9,66,911,0.0
2022-02-28T09:00:00.000000+0000,662.3,12.483334,,8.1,67,1106,0.0
2022-02-28T10:00:00.000000+0000,662.0,12.0,,7.9,37,1088,0.0
2022-02-28T11:00:00.000000+0000,661.3,12.85,,8.4,43,1141,0.0
2022-02-28T12:00:00.000000+0000,660.7,13.0,,9.4,33,655,0.0
2022-02-28T13:00:00.000000+0000,660.5,12.866667,,9.0,45,554,0.0
2022-02-28T14:00:00.000000+0000,660.4,11.166667,,6.4,72,303,0.0
2022-02-28T15:00:00.000000+0000,660.6,10.216666,,4.5,81,235,0.0
2022-02-28T16:00:00.000000+0000,660.8,8.016666,,4.7,126,56,0.0
2022-02-28T17:00:00.000000+0000,660.9,5.4,,2.5,145,0,0.0
2022-02-28T18:00:00.000000+0000,661.1,5.0666666,,8.4,137,0,0.0
2022-02-28T19:00:00.000000+0000,661.5,4.5333333,,9.0,135,0,0.0
2022-02-28T20:00:00.000000+0000,661.7,4.6666665,,9.5,129,0,0.0
2022-02-28T21:00:00.000000+0000,661.4,4.2833333,,9.6,127,0,0.0
2022-02-28T22:00:00.000000+0000,661.2,4.0,,9.2,125,0,0.0
2022-02-28T23:00:00.000000+0000,660.7,4.45,,8.5,121,0,0.0
2022-03-01T00:00:00.000000+0000,660.3,3.95,,7.8,125,0,0.0
2022-03-01T01:00:00.000000+0000,660.1,4.266667,,6.7,111,0,0.0
2022-03-01T02:00:00.000000+0000,660.2,4.0,,8.2,117,0,0.0
2022-03-01T03:00:00.000000+0000,660.3,3.2666667,,9.9,123,0,0.0
2022-03-01T04:00:00.000000+0000,660.5,3.3333333,,8.8,128,8,0.0
2022-03-01T05:00:00.000000+0000,661.0,4.9166665,,8.3,126,214,0.0
2022-03-01T06:00:00.000000+0000,661.7,7.8166666,,8.1,104,470,0.0
2022-03-01T07:00:00.000000+0000,662.2,9.983334,,6.3,78,711,0.0
2022-03-01T08:00:00.000000+0000,662.2,11.116667,,6.1,56,907,0.0
2022-03-01T09:00:00.000000+0000,662.0,12.133333,,7.2,63,1051,0.0
2022-03-01T10:00:00.000000+0000,661.3,12.183333,,9.8,41,1051,0.0
2022-03-01T11:00:00.000000+0000,660.8,11.983334,,9.8,28,917,0.0
2022-03-01T12:00:00.000000+0000,660.2,11.65,,9.6,50,673,0.0
2022-03-01T13:00:00.000000+0000,659.8,11.8,,10.0,48,605,0.0
2022-03-01T14:00:00.000000+0000,659.7,11.666667,,8.3,66,617,0.0
2022-03-01T15:00:00.000000+0000,659.8,10.9,,,,,
2022-03-16T11:00:00.000000+0000,,13.3,,,,,
2022-03-16T12:00:00.000000+0000,,13.766666,,8.4,36,0,
2022-03-16T13:00:00.000000+0000,,12.85,,9.0,29,246,
2022-03-16T14:00:00.000000+0000,659.0,11.7,,7.4,47,,
2022-03-16T15:00:00.000000+0000,,9.333333,,6.5,56,48,
2022-03-16T16:00:00.000000+0000,,7.766667,,6.4,101,24,
2022-03-16T17:00:00.000000+0000,,6.8,,6.1,109,0,
2022-03-16T18:00:00.000000+0000,,6.4166665,,5.4,171,0,
2022-03-16T19:00:00.000000+0000,,6.4666667,,4.9,215,0,
2022-03-16T20:00:00.000000+0000,,6.2,,4.9,204,3,
2022-03-16T21:00:00.000000+0000,,5.766667,,3.0,207,0,
2022-03-16T22:00:00.000000+0000,,4.766667,,3.2,164,0,
2022-03-16T23:00:00.000000+0000,,4.733333,,1.8,193,0,
2022-03-17T00:00:00.000000+0000,,4.233333,,1.8,120,0,
2022-03-17T01:00:00.000000+0000,,5.65,,1.9,83,0,
2022-03-17T02:00:00.000000+0000,,3.8666666,,2.5,130,0,
2022-03-17T03:00:00.000000+0000,,4.65,,1.4,146,0,
2022-03-17T04:00:00.000000+0000,,4.633333,,1.2,100,18,
2022-03-17T05:00:00.000000+0000,,7.5833335,,1.9,86,225,
2022-03-17T06:00:00.000000+0000,,9.8,,4.1,41,474,
2022-03-17T07:00:00.000000+0000,,10.816667,,6.6,39,718,
2022-03-17T08:00:00.000000+0000,,12.033334,,8.4,40,917,
2022-03-17T09:00:00.000000+0000,,13.133333,,8.3,36,774,
2022-03-17T10:00:00.000000+0000,,13.083333,,10.2,45,1106,
2022-03-17T11:00:00.000000+0000,,14.25,,9.9,58,866,
2022-03-17T12:00:00.000000+0000,659.6,13.566667,,11.5,45,836,
2022-03-17T13:00:00.000000+0000,,11.416667,,10.5,49,605,
2022-03-17T14:00:00.000000+0000,,10.116667,,8.0,84,515,
2022-03-17T15:00:00.000000+0000,,9.583333,,8.8,69,265,
2022-03-17T16:00:00.000000+0000,,7.0333333,,9.0,114,21,130.2
2022-03-17T17:00:00.000000+0000,,5.95,,8.0,130,0,
2022-03-17T18:00:00.000000+0000,,4.8333335,,7.6,123,0,
2022-03-17T19:00:00.000000+0000,,4.2166667,,7.7,120,2,
2022-03-17T20:00:00.000000+0000,,3.85,,8.1,119,0,
2022-03-17T21:00:00.000000+0000,661.6,4.5,,7.1,108,0,
2022-03-17T22:00:00.000000+0000,,4.25,,8.5,107,0,
2022-03-17T23:00:00.000000+0000,,4.55,,10.1,122,0,
2022-03-18T00:00:00.000000+0000,,4.383333,,9.7,118,0,
2022-03-18T01:00:00.000000+0000,,3.8666666,,9.2,116,0,
2022-03-18T02:00:00.000000+0000,,3.85,,8.8,133,0,
2022-03-18T03:00:00.000000+0000,,3.4666667,,8.6,124,2,
2022-03-18T04:00:00.000000+0000,,3.8333333,,8.4,132,21,
2022-03-18T05:00:00.000000+0000,,6.4166665,,7.8,122,235,
2022-03-18T06:00:00.000000+0000,,8.75,,9.2,108,488,
2022-03-18T07:00:00.000000+0000,,10.316667,,9.2,84,727,
2022-03-18T08:00:00.000000+0000,,11.95,,8.5,82,922,
2022-03-18T09:00:00.000000+0000,,13.3,,5.7,78,1056,
2022-03-18T10:00:00.000000+0000,,13.85,,6.2,223,960,
2022-03-18T11:00:00.000000+0000,,12.45,,6.2,244,445,
2022-03-18T12:00:00.000000+0000,,11.75,,7.8,50,399,
2022-03-18T13:00:00.000000+0000,,9.95,,8.6,39,403,
2022-03-18T14:00:00.000000+0000,,9.383333,,6.5,44,203,
2022-03-18T15:00:00.000000+0000,,9.933333,,4.3,53,236,
2022-03-18T16:00:00.000000+0000,,7.0833335,,1.6,95,16,
2022-03-18T17:00:00.000000+0000,,4.15,,1.1,153,0,
2022-03-18T18:00:00.000000+0000,,2.85,,1.4,135,0,
2022-03-18T19:00:00.000000+0000,,2.2833333,,1.9,126,0,
2022-03-18T20:00:00.000000+0000,,2.95,,2.4,98,0,
2022-03-18T21:00:00.000000+0000,,3.4333334,,1.9,115,0,
2022-03-18T22:00:00.000000+0000,,3.2333333,,4.1,148,0,
2022-03-18T23:00:00.000000+0000,,3.7333333,,3.0,188,0,
2022-03-19T00:00:00.000000+0000,,3.8666666,,2.5,201,0,
2022-03-19T01:00:00.000000+0000,,3.5833333,,1.4,114,0,
2022-03-19T02:00:00.000000+0000,,2.5333333,,1.2,135,0,
2022-03-19T03:00:00.000000+0000,,3.0166667,,3.2,202,0,
2022-03-19T04:00:00.000000+0000,,3.55,,5.7,155,17,
2022-03-19T05:00:00.000000+0000,,7.6,,7.9,139,231,
2022-03-19T06:00:00.000000+0000,,9.333333,,3.1,151,480,
2022-03-19T07:00:00.000000+0000,,9.7,,3.7,307,677,
2022-03-19T08:00:00.000000+0000,,10.116667,,5.2,306,749,
2022-03-19T09:00:00.000000+0000,,9.966666,,5.2,305,872,
2022-03-19T10:00:00.000000+0000,,10.083333,,5.3,311,585,
2022-03-19T11:00:00.000000+0000,,9.483334,,4.1,304,337,
2022-03-19T12:00:00.000000+0000,,9.866667,,3.9,294,320,
2022-03-19T13:00:00.000000+0000,,9.6,,4.9,302,,
2022-03-19T14:00:00.000000+0000,,9.516666,,3.9,336,,
2022-03-19T15:00:00.000000+0000,,8.2,,4.4,287,67,
2022-03-19T16:00:00.000000+0000,,7.05,,3.4,288,,
2022-03-19T17:00:00.000000+0000,,6.8166666,,2.5,249,0,
2022-03-19T18:00:00.000000+0000,661.5,5.866667,,2.9,207,0,0.0
2022-03-19T19:00:00.000000+0000,661.9,6.2,,1.4,221,0,0.0
2022-03-19T20:00:00.000000+0000,662.0,4.116667,,1.4,159,0,0.0
2022-03-19T21:00:00.000000+0000,662.0,3.7333333,,1.3,135,0,0.0
2022-03-19T22:00:00.000000+0000,661.6,2.8166666,,2.0,133,0,0.0
2022-03-19T23:00:00.000000+0000,661.2,3.85,,1.2,122,0,0.0
2022-03-20T00:00:00.000000+0000,660.6,4.7166667,,2.2,207,0,0.0
2022-03-20T01:00:00.000000+0000,660.5,3.65,,1.5,135,0,0.0
2022-03-20T02:00:00.000000+0000,660.6,3.3333333,,2.5,113,0,0.0
2022-03-20T03:00:00.000000+0000,660.9,3.1833334,,2.8,119,0,0.0
2022-03-20T04:00:00.000000+0000,661.1,4.0666666,,5.4,118,12,0.0
2022-03-20T05:00:00.000000+0000,661.5,7.116667,,3.7,125,216,0.0
2022-03-20T06:00:00.000000+0000,661.8,10.95,,4.7,55,469,0.0
2022-03-20T07:00:00.000000+0000,662.4,10.45,,3.7,345,698,0.0
2022-03-20T08:00:00.000000+0000,662.6,10.916667,,3.7,305,888,0.0
2022-03-20T09:00:00.000000+0000,662.1,14.0,,6.1,7,1007,0.0
2022-03-20T10:00:00.000000+0000,661.6,14.7,,6.7,4,1084,0.0
2022-03-20T11:00:00.000000+0000,661.4,12.766666,,6.6,2,548,0.0
2022-03-20T12:00:00.000000+0000,661.0,11.533334,,6.0,304,320,0.0
2022-03-20T13:00:00.000000+0000,660.6,11.1,,6.4,353,190,0.0
2022-03-20T14:00:00.000000+0000,660.5,10.133333,,4.3,35,80,0.0
2022-03-20T15:00:00.000000+0000,660.5,9.75,,4.8,91,105,0.0
2022-03-20T16:00:00.000000+0000,660.5,7.633333,,5.2,147,20,0.0
2022-03-20T17:00:00.000000+0000,660.7,5.266667,,4.9,153,0,0.0
2022-03-20T18:00:00.000000+0000,660.9,4.5333333,,3.3,147,0,0.0
2022-03-20T19:00:00.000000+0000,661.4,4.65,,3.9,116,0,0.0
2022-03-20T20:00:00.000000+0000,661.7,4.15,,2.9,111,0,0.0
2022-03-20T21:00:00.000000+0000,661.6,3.2,,2.8,118,0,0.0
2022-03-20T22:00:00.000000+0000,661.2,3.9,,4.0,118,0,0.0
2022-03-20T23:00:00.000000+0000,660.7,3.7166667,,4.2,128,0,0.0
2022-03-21T00:00:00.000000+0000,660.2,3.25,,3.4,128,0,0.0
2022-03-21T01:00:00.000000+0000,660.1,2.7,,2.1,135,0,0.0
2022-03-21T02:00:00.000000+0000,660.1,2.7166667,,3.6,120,0,0.0
2022-03-21T03:00:00.000000+0000,660.2,3.9666667,,6.0,123,0,0.0
2022-03-21T04:00:00.000000+0000,660.6,5.1,,5.9,120,12,0.0
2022-03-21T05:00:00.000000+0000,660.9,8.4,,6.3,115,210,0.0
2022-03-21T06:00:00.000000+0000,661.4,10.25,,5.7,101,324,0.0
2022-03-21T07:00:00.000000+0000,661.7,11.216666,,5.4,62,348,0.0
2022-03-21T08:00:00.000000+0000,661.8,12.15,,5.3,44,461,0.0
2022-03-21T09:00:00.000000+0000,661.5,12.9,,6.2,53,561,0.0
2022-03-21T10:00:00.000000+0000,661.1,12.566667,,5.6,15,644,0.0
2022-03-21T11:00:00.000000+0000,660.8,11.083333,,4.7,344,157,0.0
2022-03-21T12:00:00.000000+0000,660.5,10.566667,,4.1,296,255,0.0
2022-03-21T13:00:00.000000+0000,660.2,10.8,,3.8,353,281,0.0
2022-03-21T14:00:00.000000+0000,660.0,10.2,,3.6,3,146,0.0
2022-03-21T15:00:00.000000+0000,660.0,9.55,,3.4,60,106,0.0
2022-03-21T16:00:00.000000+0000,660.2,7.25,,5.3,144,9,0.0
2022-03-21T17:00:00.000000+0000,660.6,5.9666667,,3.4,202,0,0.0
2022-03-21T18:00:00.000000+0000,660.8,4.733333,,2.5,130,0,0.0
2022-03-21T19:00:00.000000+0000,661.2,5.45,,1.5,151,0,0.0
2022-03-21T20:00:00.000000+0000,661.5,4.4333334,,4.1,120,0,0.0
2022-03-21T21:00:00.000000+0000,661.0,5.233333,,6.0,119,0,0.0
2022-03-21T22:00:00.000000+0000,660.5,5.3333335,,6.4,122,0,0.0
2022-03-21T23:00:00.000000+0000,660.1,4.6666665,,4.9,114,0,0.0
2022-03-22T00:00:00.000000+0000,659.7,4.9166665,,7.5,130,0,0.0
2022-03-22T01:00:00.000000+0000,659.4,5.3166666,,7.3,129,0,0.0
2022-03-22T02:00:00.000000+0000,659.4,5.633333,,8.4,127,0,0.0
2022-03-22T03:00:00.000000+0000,659.7,5.633333,,9.7,121,0,0.0
2022-03-22T04:00:00.000000+0000,660.0,5.15,,10.0,137,14,0.0
2022-03-22T05:00:00.000000+0000,660.5,7.866667,,8.1,122,217,0.0
2022-03-22T06:00:00.000000+0000,660.8,10.783334,,8.3,98,464,0.0
2022-03-22T07:00:00.000000+0000,661.2,12.4,,7.1,69,621,0.0
2022-03-22T08:00:00.000000+0000,661.6,13.366667,,6.8,62,875,0.0
2022-03-22T09:00:00.000000+0000,661.6,13.383333,,3.5,60,847,0.0
2022-03-22T10:00:00.000000+0000,661.4,11.2,,6.0,279,602,0.0
2022-03-22T11:00:00.000000+0000,661.0,11.433333,,5.8,296,547,0.0
2022-03-22T12:00:00.000000+0000,660.6,10.65,,4.2,306,314,0.0
2022-03-22T13:00:00.000000+0000,660.5,9.516666,,5.2,298,90,0.0
2022-03-22T14:00:00.000000+0000,660.6,8.733334,,2.9,274,50,0.0
2022-03-22T15:00:00.000000+0000,660.5,9.083333,,1.5,266,114,0.0
2022-03-22T16:00:00.000000+0000,660.7,6.85,,3.9,154,29,0.0
2022-03-22T17:00:00.000000+0000,660.7,5.383333,,6.4,141,0,0.0
2022-03-22T18:00:00.000000+0000,661.2,5.7833333,,6.1,134,0,0.0
2022-03-22T19:00:00.000000+0000,661.5,6.016667,,7.3,127,0,0.0
2022-03-22T20:00:00.000000+0000,662.0,6.0,,5.6,117,0,0.0
2022-03-22T21:00:00.000000+0000,662.0,5.45,,5.7,120,0,0.0
2022-03-22T22:00:00.000000+0000,661.7,5.85,,5.6,118,0,0.0
2022-03-22T23:00:00.000000+0000,661.2,5.2166667,,6.2,117,0,0.0
2022-03-23T00:00:00.000000+0000,661.0,4.866667,,6.2,119,0,0.0
2022-03-23T01:00:00.000000+0000,660.8,5.2833333,,6.9,118,0,0.0
2022-03-23T02:00:00.000000+0000,661.0,5.1833334,,6.7,120,0,0.0
2022-03-23T03:00:00.000000+0000,661.2,5.15,,7.1,117,0,0.0
2022-03-23T04:00:00.000000+0000,661.6,4.75,,8.0,130,14,0.0
2022-03-23T05:00:00.000000+0000,662.1,7.9,,7.5,112,214,0.0
2022-03-23T06:00:00.000000+0000,662.5,10.2,,8.4,89,461,0.0
2022-03-23T07:00:00.000000+0000,662.9,11.8,,9.0,75,686,0.0
2022-03-23T08:00:00.000000+0000,663.1,12.783334,,8.5,79,827,0.0
2022-03-23T09:00:00.000000+0000,663.1,13.083333,,5.9,56,962,0.0
2022-03-23T10:00:00.000000+0000,662.7,14.5,,7.4,58,1074,0.0
2022-03-23T11:00:00.000000+0000,662.1,12.6,,8.5,30,519,0.0
2022-03-23T12:00:00.000000+0000,661.7,10.916667,,7.4,10,228,0.0
2022-03-23T13:00:00.000000+0000,661.5,9.916667,,6.9,24,99,0.0
2022-03-23T14:00:00.000000+0000,661.4,10.05,,4.8,41,135,0.0
2022-03-23T15:00:00.000000+0000,661.5,9.133333,,3.4,123,92,0.0
2022-03-23T16:00:00.000000+0000,661.5,6.65,,5.3,144,16,0.0
2022-03-23T17:00:00.000000+0000,661.7,5.5833335,,6.1,144,0,0.0
2022-03-23T18:00:00.000000+0000,661.9,5.15,,6.1,148,0,0.0
2022-03-23T19:00:00.000000+0000,662.2,4.9333334,,4.3,149,0,0.0
2022-03-23T20:00:00.000000+0000,662.6,4.9333334,,0.9,169,0,0.0
2022-03-23T21:00:00.000000+0000,662.4,3.25,,4.1,122,0,0.0
2022-03-23T22:00:00.000000+0000,662.0,3.6833334,,4.5,122,0,0.0
2022-03-23T23:00:00.000000+0000,661.5,3.95,,4.6,117,0,0.0
2022-03-24T00:00:00.000000+0000,661.2,4.616667,,7.1,128,0,0.0
2022-03-24T01:00:00.000000+0000,661.2,4.45,,6.3,131,0,0.0
2022-03-24T02:00:00.000000+0000,661.2,4.65,,6.9,128,0,0.0
2022-03-24T03:00:00.000000+0000,661.3,4.483333,,7.1,125,0,0.0
2022-03-24T04:00:00.000000+0000,661.5,4.3333335,,7.3,127,16,0.0
2022-03-24T05:00:00.000000+0000,661.9,7.3166666,,7.3,114,216,0.0
2022-03-24T06:00:00.000000+0000,662.5,9.7,,7.4,93,464,0.0
2022-03-24T07:00:00.000000+0000,662.6,11.216666,,8.6,76,691,0.0
2022-03-24T08:00:00.000000+0000,662.8,12.1,,8.0,70,701,0.0
2022-03-24T09:00:00.000000+0000,662.6,11.8,,7.2,57,472,0.0
2022-03-24T10:00:00.000000+0000,662.3,10.8,,,,,
2022-03-28T14:00:00.000000+0000,,8.0,,,,,
2022-03-28T15:00:00.000000+0000,660.0,7.8,,1.9,292,58,0.0
2022-03-28T16:00:00.000000+0000,660.3,6.616667,,1.3,229,13,0.0
2022-03-28T17:00:00.000000+0000,660.5,5.3333335,,2.1,173,0,0.0
2022-03-28T18:00:00.000000+0000,661.0,5.133333,,2.5,198,0,0.0
2022-03-28T19:00:00.000000+0000,661.4,4.95,,1.2,186,0,0.0
2022-03-28T20:00:00.000000+0000,661.5,4.4333334,,2.7,178,0,0.0
2022-03-28T21:00:00.000000+0000,661.5,5.6,,2.5,217,0,0.2
2022-03-29T00:00:00.000000+0000,,5.85,,,,,
2022-03-29T01:00:00.000000+0000,,5.5,,,,,
2022-03-31T09:00:00.000000+0000,,9.7,,,,,
2022-03-31T10:00:00.000000+0000,,11.4,,,,,
2022-04-01T06:00:00.000000+0000,,12.0,,,,,
2022-04-01T07:00:00.000000+0000,661.4,8.033334,,,,,
2022-04-01T08:00:00.000000+0000,,8.9,,,,,
2022-04-06T13:00:00.000000+0000,660.8,10.1,,7.3,33,332,
2022-04-06T14:00:00.000000+0000,660.9,10.4,,6.3,60,373,0.0
2022-04-06T15:00:00.000000+0000,660.7,8.85,,8.2,86,289,0.0
2022-04-06T16:00:00.000000+0000,660.6,6.35,,9.0,130,43,0.0
2022-04-06T17:00:00.000000+0000,660.6,5.6833334,,9.2,138,0,0.0
2022-04-06T18:00:00.000000+0000,661.2,5.0833335,,8.3,138,0,0.0
2022-04-06T19:00:00.000000+0000,661.6,4.6833334,,7.9,141,0,0.0
2022-04-06T20:00:00.000000+0000,661.7,4.3,,8.4,141,0,0.0
2022-04-06T21:00:00.000000+0000,661.5,3.9333334,,7.8,137,0,0.0
2022-04-06T22:00:00.000000+0000,661.0,3.9833333,,7.2,138,0,0.0
2022-04-06T23:00:00.000000+0000,660.5,3.2,,7.1,137,0,0.0
2022-04-07T00:00:00.000000+0000,660.3,3.0666666,,6.3,136,0,0.0
2022-04-07T01:00:00.000000+0000,660.2,3.2333333,,5.8,138,0,0.0
2022-04-07T02:00:00.000000+0000,660.4,3.75,,6.6,133,0,0.0
2022-04-07T03:00:00.000000+0000,660.6,3.45,,6.9,133,0,0.0
2022-04-07T04:00:00.000000+0000,660.8,3.5166667,,8.5,138,21,0.0
2022-04-07T05:00:00.000000+0000,661.3,6.133333,,7.4,124,252,0.0
2022-04-07T06:00:00.000000+0000,662.0,8.55,,6.5,95,460,0.0
2022-04-07T07:00:00.000000+0000,662.7,9.666667,,4.2,54,624,0.0
2022-04-07T08:00:00.000000+0000,662.8,9.65,,3.5,298,739,0.0
2022-04-07T09:00:00.000000+0000,662.6,10.65,,4.4,320,747,0.0
2022-04-07T10:00:00.000000+0000,662.2,9.433333,,6.2,328,324,0.0
2022-04-07T11:00:00.000000+0000,661.8,9.383333,,4.6,10,336,0.0
2022-04-07T12:00:00.000000+0000,661.4,9.0,,5.8,354,149,0.0
2022-04-07T13:00:00.000000+0000,661.2,8.633333,,5.3,9,197,0.0
2022-04-07T14:00:00.000000+0000,661.1,8.933333,,5.8,21,184,0.0
2022-04-07T15:00:00.000000+0000,661.0,8.566667,,2.4,357,96,0.0
2022-04-07T16:00:00.000000+0000,661.2,7.2166667,,3.7,22,18,0.0
2022-04-07T17:00:00.000000+0000,661.3,5.883333,,1.4,124,0,0.0
2022-04-07T18:00:00.000000+0000,661.7,5.733333,,1.2,220,0,0.0
2022-04-07T19:00:00.000000+0000,662.1,4.4666667,,2.8,173,0,0.0
2022-04-07T20:00:00.000000+0000,662.2,5.25,,1.5,135,0,3.6
2022-04-07T21:00:00.000000+0000,662.1,4.633333,,4.1,152,0,4.2
2022-04-07T22:00:00.000000+0000,661.6,5.1666665,,4.9,124,0,0.1
2022-04-07T23:00:00.000000+0000,661.1,4.766667,,4.7,103,0,0.0
2022-04-08T00:00:00.000000+0000,660.7,3.6,,6.1,122,0,0.0
2022-04-08T01:00:00.000000+0000,660.5,3.1,,4.1,107,0,0.0
2022-04-08T02:00:00.000000+0000,660.5,2.7333333,,4.9,116,0,0.0
2022-04-08T03:00:00.000000+0000,660.7,3.3666666,,7.4,129,0,0.0
2022-04-08T04:00:00.000000+0000,660.7,3.5833333,,11.1,150,15,0.0
2022-04-08T05:00:00.000000+0000,661.2,5.4333334,,9.5,154,173,0.0
2022-04-08T06:00:00.000000+0000,661.7,8.283334,,7.4,146,442,0.0
2022-04-08T07:00:00.000000+0000,662.4,10.05,,4.0,119,720,0.0
2022-04-08T08:00:00.000000+0000,662.7,8.816667,,3.6,308,663,0.0
2022-04-08T09:00:00.000000+0000,662.6,9.6,,5.0,288,771,0.0
2022-04-08T10:00:00.000000+0000,662.3,10.85,,6.3,297,796,0.0
2022-04-08T11:00:00.000000+0000,661.9,11.15,,6.8,297,690,0.0
2022-04-08T12:00:00.000000+0000,661.4,10.8,,5.9,316,561,0.0
2022-04-08T13:00:00.000000+0000,661.0,10.55,,6.4,358,553,0.0
2022-04-08T14:00:00.000000+0000,660.9,8.983334,,4.4,7,239,0.0
2022-04-08T15:00:00.000000+0000,661.0,8.066667,,2.6,345,62,0.0
2022-04-08T16:00:00.000000+0000,661.3,7.0833335,,1.3,325,10,0.0
2022-04-08T17:00:00.000000+0000,661.4,5.0,,1.6,195,0,0.0
2022-04-08T18:00:00.000000+0000,661.5,4.0333333,,1.4,167,0,0.0
2022-04-08T19:00:00.000000+0000,661.9,4.2833333,,1.2,191,0,0.0
2022-04-08T20:00:00.000000+0000,662.1,2.9833333,,2.0,127,0,0.0
2022-04-08T21:00:00.000000+0000,661.8,2.5,,3.9,122,0,0.0
2022-04-08T22:00:00.000000+0000,661.2,2.8333333,,3.1,118,0,0.0
2022-04-08T23:00:00.000000+0000,660.7,2.1166666,,3.1,119,0,0.0
2022-04-09T00:00:00.000000+0000,660.2,2.9166667,,3.3,117,0,0.0
2022-04-09T01:00:00.000000+0000,660.0,3.35,,4.2,128,0,0.0
2022-04-09T02:00:00.000000+0000,660.1,3.6166666,,6.0,127,0,0.0
2022-04-09T03:00:00.000000+0000,660.2,3.5833333,,7.6,124,0,0.0
2022-04-09T04:00:00.000000+0000,660.3,4.3333335,,9.1,132,24,0.0
2022-04-09T05:00:00.000000+0000,660.6,7.516667,,9.6,121,238,0.0
2022-04-09T06:00:00.000000+0000,661.0,9.583333,,9.4,110,487,0.0
2022-04-09T07:00:00.000000+0000,661.4,11.15,,8.3,100,717,0.0
2022-04-09T08:00:00.000000+0000,661.7,12.633333,,5.6,89,910,0.0
2022-04-09T09:00:00.000000+0000,661.4,12.383333,,6.0,336,1053,0.0
2022-04-09T10:00:00.000000+0000,660.9,12.083333,,7.4,305,894,0.0
2022-04-09T11:00:00.000000+0000,660.5,12.366667,,8.0,293,808,0.0
2022-04-09T12:00:00.000000+0000,660.2,10.516666,,6.0,284,415,0.0
2022-04-09T13:00:00.000000+0000,659.8,11.3,,7.3,282,590,0.0
2022-04-09T14:00:00.000000+0000,659.8,10.533334,,5.8,290,470,0.0
2022-04-09T15:00:00.000000+0000,659.9,9.816667,,3.7,294,249,0.0
2022-04-09T16:00:00.000000+0000,660.1,6.25,,2.4,230,29,0.0
2022-04-09T17:00:00.000000+0000,660.1,5.05,,7.0,151,0,0.0
2022-04-09T18:00:00.000000+0000,660.5,5.9,,7.3,143,0,0.0
2022-04-09T19:00:00.000000+0000,660.6,5.883333,,9.7,152,0,0.0
2022-04-09T20:00:00.000000+0000,660.7,5.6666665,,9.0,151,0,0.0
2022-04-09T21:00:00.000000+0000,660.6,4.9333334,,10.9,150,0,0.0
2022-04-09T22:00:00.000000+0000,660.1,5.0833335,,7.8,146,0,0.0
2022-04-09T23:00:00.000000+0000,659.7,4.8166666,,6.4,143,0,0.0
2022-04-10T00:00:00.000000+0000,659.2,4.2,,5.9,130,0,0.0
2022-04-10T01:00:00.000000+0000,659.0,4.35,,8.1,122,0,0.0
2022-04-10T02:00:00.000000+0000,659.3,4.7,,8.7,115,0,0.0
2022-04-10T03:00:00.000000+0000,659.3,4.9333334,,10.3,123,0,0.0
2022-04-10T04:00:00.000000+0000,659.5,5.633333,,11.2,123,25,0.0
2022-04-10T05:00:00.000000+0000,660.4,7.85,,9.9,120,235,0.0
2022-04-10T06:00:00.000000+0000,660.9,9.616667,,10.8,111,484,0.0
2022-04-10T07:00:00.000000+0000,661.2,10.8,,10.3,102,720,0.0
2022-04-10T08:00:00.000000+0000,661.3,11.45,,6.4,109,917,0.0
2022-04-10T09:00:00.000000+0000,661.1,12.216666,,5.9,95,1062,0.0
2022-04-10T10:00:00.000000+0000,660.5,12.75,,5.3,103,1127,0.0
2022-04-10T11:00:00.000000+0000,660.1,13.716666,,3.9,53,1109,0.0
2022-04-10T12:00:00.000000+0000,659.8,11.9,,3.1,313,602,0.0
2022-04-10T13:00:00.000000+0000,659.5,11.483334,,6.7,109,383,0.0
2022-04-10T14:00:00.000000+0000,659.7,11.816667,,5.7,93,516,0.0
2022-04-10T15:00:00.000000+0000,659.8,9.566667,,6.3,110,194,0.0
2022-04-10T16:00:00.000000+0000,660.0,7.233333,,5.7,147,36,0.0
2022-04-10T17:00:00.000000+0000,660.2,6.4333334,,2.6,212,0,0.0
2022-04-10T18:00:00.000000+0000,660.3,7.2833333,,3.3,155,0,0.0
2022-04-10T19:00:00.000000+0000,660.5,6.8,,5.2,134,0,0.0
2022-04-10T20:00:00.000000+0000,660.4,6.1,,9.7,143,0,0.0
2022-04-10T21:00:00.000000+0000,660.5,5.7166667,,7.5,139,0,0.0
2022-04-10T22:00:00.000000+0000,660.2,5.133333,,5.7,154,0,0.0
2022-04-10T23:00:00.000000+0000,659.8,4.866667,,7.5,128,0,0.0
2022-04-11T00:00:00.000000+0000,659.2,5.8333335,,8.6,122,0,0.0
2022-04-11T01:00:00.000000+0000,659.1,5.65,,9.6,126,0,0.0
2022-04-11T02:00:00.000000+0000,659.0,5.85,,9.9,129,0,0.0
2022-04-11T03:00:00.000000+0000,659.6,6.0833335,,11.0,121,0,0.0
2022-04-11T04:00:00.000000+0000,660.1,5.7,,6.4,153,16,0.0
2022-04-11T05:00:00.000000+0000,660.6,7.2833333,,6.7,135,199,0.0
2022-04-11T06:00:00.000000+0000,661.1,9.466666,,8.3,113,465,0.0
2022-04-11T07:00:00.000000+0000,661.4,10.883333,,7.4,103,654,0.0
2022-04-11T08:00:00.000000+0000,661.7,11.333333,,6.3,112,613,0.0
2022-04-11T09:00:00.000000+0000,661.6,12.466666,,6.5,85,895,0.0
2022-04-11T10:00:00.000000+0000,661.2,13.166667,,5.6,63,1021,0.0
2022-04-11T11:00:00.000000+0000,660.8,10.5,,6.4,338,384,0.0
2022-04-11T12:00:00.000000+0000,660.2,10.35,,6.5,1,229,0.0
2022-04-11T13:00:00.000000+0000,660.0,10.033334,,5.8,354,254,0.0
2022-04-11T14:00:00.000000+0000,659.8,9.216666,,4.6,340,152,0.0
2022-04-11T15:00:00.000000+0000,659.9,8.616667,,3.8,302,56,0.0
2022-04-11T16:00:00.000000+0000,660.1,7.866667,,1.4,339,32,0.0
2022-04-11T17:00:00.000000+0000,660.4,4.7166667,,1.1,163,0,0.0
2022-04-11T18:00:00.000000+0000,660.8,4.3,,5.4,155,0,0.0
2022-04-11T19:00:00.000000+0000,661.3,5.766667,,3.0,198,0,0.0
2022-04-11T20:00:00.000000+0000,661.4,5.266667,,2.7,176,0,0.0
2022-04-11T21:00:00.000000+0000,661.2,4.3,,6.5,158,0,0.0
2022-04-11T22:00:00.000000+0000,660.8,4.8,,8.1,144,0,0.0
2022-04-11T23:00:00.000000+0000,660.3,4.45,,7.3,146,0,0.0
2022-04-12T00:00:00.000000+0000,659.7,5.516667,,8.0,140,0,0.0
2022-04-12T01:00:00.000000+0000,659.7,5.0,,7.8,141,0,0.0
2022-04-12T02:00:00.000000+0000,659.5,5.3166666,,10.2,151,0,0.0
2022-04-12T03:00:00.000000+0000,659.8,6.8333335,,7.9,139,0,0.0
2022-04-12T04:00:00.000000+0000,660.1,6.633333,,7.0,142,16,0.0
2022-04-12T05:00:00.000000+0000,660.5,8.616667,,4.9,133,203,0.0
2022-04-12T06:00:00.000000+0000,661.0,10.216666,,6.3,123,435,0.0
2022-04-12T07:00:00.000000+0000,661.5,9.816667,,4.2,174,657,0.0
2022-04-12T08:00:00.000000+0000,661.6,9.433333,,4.2,318,514,0.0
2022-04-12T09:00:00.000000+0000,661.6,9.633333,,5.1,272,454,0.0
2022-04-12T10:00:00.000000+0000,661.4,8.95,,4.4,286,160,0.0
2022-04-12T11:00:00.000000+0000,660.7,7.8333335,,3.7,273,284,1.6
2022-04-12T12:00:00.000000+0000,660.1,8.116667,,2.0,3,229,0.5
2022-04-12T13:00:00.000000+0000,659.8,7.5,,1.3,217,89,16.9
2022-04-12T14:00:00.000000+0000,659.5,7.0,,1.6,196,103,5.8
2022-04-12T15:00:00.000000+0000,659.6,8.166667,,1.1,297,92,0.0
2022-04-12T16:00:00.000000+0000,659.7,7.3,,1.5,218,13,0.0
2022-04-12T17:00:00.000000+0000,659.9,6.766667,,2.1,208,0,0.0
2022-04-12T18:00:00.000000+0000,660.2,6.516667,,1.3,157,0,0.0
2022-04-12T19:00:00.000000+0000,660.7,6.0333333,,2.2,176,0,0.0
2022-04-12T20:00:00.000000+0000,660.8,5.5833335,,1.7,184,0,0.0
2022-04-12T21:00:00.000000+0000,660.7,5.25,,2.1,218,0,0.0
2022-04-12T22:00:00.000000+0000,660.2,5.633333,,3.8,118,0,0.0
2022-04-12T23:00:00.000000+0000,659.3,5.7166667,,5.7,126,0,0.0
2022-04-13T00:00:00.000000+0000,658.8,5.983333,,2.7,208,0,0.0
2022-04-13T01:00:00.000000+0000,658.5,4.7833333,,2.0,162,0,0.0
2022-04-13T02:00:00.000000+0000,658.5,5.0833335,,6.8,151,0,0.0
2022-04-13T03:00:00.000000+0000,658.8,4.25,,5.5,162,0,0.0
2022-04-13T04:00:00.000000+0000,659.3,4.75,,3.7,171,23,0.0
2022-04-13T05:00:00.000000+0000,659.8,7.45,,4.4,126,238,0.0
2022-04-13T06:00:00.000000+0000,660.5,9.783334,,4.4,93,473,0.0
2022-04-13T07:00:00.000000+0000,660.8,10.45,,4.1,352,767,0.0
2022-04-13T08:00:00.000000+0000,661.1,9.55,,5.6,297,547,0.0
2022-04-13T09:00:00.000000+0000,660.9,8.833333,,4.6,292,334,0.0
2022-04-13T10:00:00.000000+0000,660.4,9.466666,,6.4,16,206,0.0
2022-04-13T11:00:00.000000+0000,659.8,8.966666,,7.8,16,159,
2022-04-13T12:00:00.000000+0000,659.2,6.5833335,,2.9,220,45,8.2
2022-04-13T13:00:00.000000+0000,658.7,5.2833333,,6.9,169,46,4.4
2022-04-13T14:00:00.000000+0000,658.3,8.583333,,4.2,160,198,0.0
2022-04-13T15:00:00.000000+0000,658.8,7.6833334,,2.8,276,94,0.0
2022-04-13T16:00:00.000000+0000,658.9,6.5666666,,3.1,186,13,0.0
2022-04-13T17:00:00.000000+0000,659.1,5.733333,,2.2,90,0,0.0
2022-04-13T18:00:00.000000+0000,659.5,4.866667,,3.2,94,0,0.0
2022-04-13T19:00:00.000000+0000,659.9,4.0,,2.5,143,0,0.0
2022-04-13T20:00:00.000000+0000,660.0,5.2,,3.3,165,0,0.0
2022-04-13T21:00:00.000000+0000,659.7,5.75,,2.0,183,0,0.0
2022-04-13T22:00:00.000000+0000,659.5,5.4166665,,2.4,156,0,0.0
2022-04-13T23:00:00.000000+0000,658.8,5.2833333,,3.9,121,0,0.0
2022-04-14T00:00:00.000000+0000,658.1,5.85,,8.1,123,0,0.0
2022-04-14T01:00:00.000000+0000,658.0,6.0666666,,6.1,135,0,0.0
2022-04-14T02:00:00.000000+0000,657.9,5.95,,8.2,140,0,0.0
2022-04-14T03:00:00.000000+0000,658.0,5.9333334,,7.0,140,0,0.0
2022-04-14T04:00:00.000000+0000,658.5,5.5,,5.2,152,24,0.0
2022-04-14T05:00:00.000000+0000,659.3,8.633333,,5.4,127,226,0.0
2022-04-14T06:00:00.000000+0000,659.8,10.366667,,7.4,114,505,0.0
2022-04-14T07:00:00.000000+0000,660.4,11.783334,,5.4,108,713,0.0
2022-04-14T08:00:00.000000+0000,660.7,12.116667,,4.9,33,913,0.0
2022-04-14T09:00:00.000000+0000,660.5,10.716666,,5.3,334,557,0.0
2022-04-14T10:00:00.000000+0000,660.1,9.6,,3.9,295,227,0.0
2022-04-14T11:00:00.000000+0000,659.5,9.966666,,5.7,302,246,0.1
2022-04-14T12:00:00.000000+0000,658.9,9.2,,3.5,288,121,0.0
2022-04-14T13:00:00.000000+0000,658.4,9.816667,,4.8,287,222,0.0
2022-04-14T14:00:00.000000+0000,658.3,10.333333,,2.2,254,208,0.0
2022-04-14T15:00:00.000000+0000,658.7,9.583333,,2.8,201,103,0.0
2022-04-14T16:00:00.000000+0000,659.0,7.4333334,,2.9,241,23,0.0
2022-04-14T17:00:00.000000+0000,659.5,6.0833335,,3.9,145,0,0.0
2022-04-14T18:00:00.000000+0000,659.9,7.2166667,,6.1,145,0,0.0
2022-04-14T19:00:00.000000+0000,660.2,6.9333334,,7.6,144,0,0.0
2022-04-14T20:00:00.000000+0000,660.5,7.0333333,,3.9,187,0,0.0
2022-04-14T21:00:00.000000+0000,660.3,6.5833335,,2.6,214,0,0.0
2022-04-14T22:00:00.000000+0000,659.8,6.983333,,3.8,124,0,0.0
2022-04-14T23:00:00.000000+0000,659.5,6.366667,,1.5,225,0,0.0
2022-04-15T00:00:00.000000+0000,659.2,6.4,,7.0,134,0,0.3
2022-04-15T01:00:00.000000+0000,658.7,5.5666666,,11.8,132,0,
2022-04-15T02:00:00.000000+0000,,5.383333,,,,0,
2022-04-15T03:00:00.000000+0000,659.2,6.616667,,8.3,145,0,35.0
2022-04-15T04:00:00.000000+0000,659.6,6.5333333,,6.3,156,13,0.0
2022-04-15T05:00:00.000000+0000,660.0,8.0,,6.3,141,222,0.0
2022-04-15T06:00:00.000000+0000,660.4,9.7,,6.2,139,452,0.0
2022-04-15T07:00:00.000000+0000,660.7,10.883333,,8.7,138,720,0.0
2022-04-15T08:00:00.000000+0000,661.0,12.066667,,7.1,127,938,0.0
2022-04-15T09:00:00.000000+0000,661.2,12.8,,3.8,95,1153,0.0
2022-04-15T10:00:00.000000+0000,660.7,9.483334,,4.9,342,236,0.0
2022-04-15T11:00:00.000000+0000,660.2,9.316667,,4.2,313,370,0.0
2022-04-15T12:00:00.000000+0000,659.6,8.666667,,4.0,313,119,0.0
2022-04-15T13:00:00.000000+0000,659.1,8.916667,,3.7,292,256,0.0
2022-04-15T14:00:00.000000+0000,659.1,8.833333,,2.6,303,269,0.0
2022-04-15T15:00:00.000000+0000,659.1,10.166667,,3.3,187,203,0.0
2022-04-15T16:00:00.000000+0000,659.5,7.633333,,2.7,192,25,0.0
2022-04-15T17:00:00.000000+0000,659.9,7.3,,6.4,158,0,0.0
2022-04-15T18:00:00.000000+0000,660.5,7.65,,3.6,177,0,0.0
2022-04-15T19:00:00.000000+0000,660.7,6.9666667,,6.5,144,0,0.0
2022-04-15T20:00:00.000000+0000,661.0,6.9166665,,6.4,144,0,0.0
2022-04-15T21:00:00.000000+0000,661.0,6.8166666,,5.1,152,0,0.0
2022-04-15T22:00:00.000000+0000,660.4,5.8,,7.0,156,0,0.0
2022-04-15T23:00:00.000000+0000,659.6,5.1666665,,7.5,149,0,0.0
2022-04-16T00:00:00.000000+0000,659.2,5.0,,7.4,154,0,0.0
2022-04-16T01:00:00.000000+0000,659.1,5.4666667,,7.7,161,0,0.0
2022-04-16T02:00:00.000000+0000,659.2,5.366667,,6.1,165,0,0.0
2022-04-16T03:00:00.000000+0000,659.4,5.733333,,7.5,164,0,0.0
2022-04-16T04:00:00.000000+0000,660.0,5.9,,7.9,163,27,0.0
2022-04-16T05:00:00.000000+0000,660.8,8.683333,,3.6,168,224,0.0
2022-04-16T06:00:00.000000+0000,661.5,9.133333,,2.3,320,455,0.0
2022-04-16T07:00:00.000000+0000,662.1,9.983334,,1.9,301,668,0.0
2022-04-16T08:00:00.000000+0000,662.5,9.366667,,3.7,321,644,0.0
2022-04-16T09:00:00.000000+0000,662.3,8.95,,3.6,327,348,0.0
2022-04-16T10:00:00.000000+0000,661.7,8.416667,,2.7,331,208,0.0
2022-04-16T11:00:00.000000+0000,661.0,8.283334,,3.1,346,335,0.0
2022-04-16T12:00:00.000000+0000,660.3,8.483334,,2.9,326,284,0.0
2022-04-16T13:00:00.000000+0000,660.0,7.366667,,2.4,311,104,0.1
2022-04-16T14:00:00.000000+0000,659.9,7.383333,,1.4,218,90,1.9
2022-04-16T15:00:00.000000+0000,660.0,7.116667,,2.4,276,85,0.0
2022-04-16T16:00:00.000000+0000,660.4,6.633333,,3.4,218,6,0.0
2022-04-16T17:00:00.000000+0000,660.6,5.6666665,,1.7,212,0,0.0
2022-04-16T18:00:00.000000+0000,661.3,4.9166665,,1.5,115,0,0.0
2022-04-16T19:00:00.000000+0000,661.5,5.266667,,1.3,171,0,0.0
2022-04-16T20:00:00.000000+0000,661.7,4.8,,2.0,207,0,0.0
2022-04-16T21:00:00.000000+0000,661.6,4.8,,3.0,202,0,0.0
2022-04-16T22:00:00.000000+0000,661.3,4.766667,,1.5,228,0,0.0
2022-04-16T23:00:00.000000+0000,660.7,4.1,,1.5,216,0,0.0
2022-04-17T00:00:00.000000+0000,660.2,3.7,,1.8,195,0,0.0
2022-04-17T01:00:00.000000+0000,660.0,4.733333,,1.9,208,0,0.0
2022-04-17T02:00:00.000000+0000,659.9,3.9333334,,1.2,149,0,0.0
2022-04-17T03:00:00.000000+0000,659.8,3.2166667,,4.3,139,0,0.0
2022-04-17T04:00:00.000000+0000,660.3,4.516667,,2.1,186,10,0.0
2022-04-17T05:00:00.000000+0000,660.8,5.266667,,1.1,130,126,0.0
2022-04-17T06:00:00.000000+0000,661.4,7.65,,1.5,278,378,0.0
2022-04-17T07:00:00.000000+0000,662.0,8.483334,,2.8,298,519,0.0
2022-04-17T08:00:00.000000+0000,662.1,8.083333,,3.1,308,276,0.0
2022-04-17T09:00:00.000000+0000,662.0,8.25,,2.1,317,248,0.0
2022-04-17T10:00:00.000000+0000,661.4,9.083333,,2.9,3,302,0.0
2022-04-17T11:00:00.000000+0000,660.7,8.35,,4.4,319,98,0.0
2022-04-17T12:00:00.000000+0000,660.2,7.5833335,,3.0,332,31,0.0
2022-04-17T13:00:00.000000+0000,659.9,7.233333,,4.2,158,11,1.3
2022-04-17T14:00:00.000000+0000,659.8,7.3,,2.7,270,30,3.5
2022-04-17T15:00:00.000000+0000,659.7,7.3333335,,2.4,189,84,0.1
2022-04-17T16:00:00.000000+0000,659.9,6.5333333,,3.0,117,12,0.0
2022-04-17T17:00:00.000000+0000,660.3,6.6833334,,4.0,117,0,0.0
2022-04-17T18:00:00.000000+0000,660.7,6.883333,,3.0,133,0,0.0
2022-04-17T19:00:00.000000+0000,661.4,6.6833334,,1.0,173,0,0.0
2022-04-17T20:00:00.000000+0000,661.6,5.616667,,1.5,219,0,0.0
2022-04-17T21:00:00.000000+0000,661.6,5.616667,,1.5,203,0,0.0
2022-04-17T22:00:00.000000+0000,661.4,4.983333,,1.8,193,0,0.0
2022-04-17T23:00:00.000000+0000,660.8,5.266667,,2.8,162,0,0.0
2022-04-18T00:00:00.000000+0000,660.3,6.0333333,,2.7,163,0,0.0
2022-04-18T01:00:00.000000+0000,659.9,5.9166665,,3.1,225,0,0.0
2022-04-18T02:00:00.000000+0000,659.8,5.6666665,,1.5,129,0,0.0
2022-04-18T03:00:00.000000+0000,660.0,5.4166665,,1.4,160,0,0.0
2022-04-18T04:00:00.000000+0000,660.5,4.9666667,,1.5,115,13,0.0
2022-04-18T05:00:00.000000+0000,661.0,7.366667,,1.2,180,147,0.0
2022-04-18T06:00:00.000000+0000,661.3,8.75,,1.9,295,340,0.0
2022-04-18T07:00:00.000000+0000,661.5,9.95,,2.0,322,584,0.0
2022-04-18T08:00:00.000000+0000,661.9,11.216666,,4.2,343,818,0.0
2022-04-18T09:00:00.000000+0000,661.9,11.166667,,6.5,354,659,0.0
2022-04-18T10:00:00.000000+0000,661.1,9.2,,7.8,9,111,0.2
2022-04-18T11:00:00.000000+0000,660.4,8.366667,,4.5,59,117,4.5
2022-04-18T12:00:00.000000+0000,660.3,7.5,,5.1,193,131,1.8
2022-04-18T13:00:00.000000+0000,660.0,9.383333,,4.5,58,318,0.0
2022-04-18T14:00:00.000000+0000,659.9,10.2,,5.2,9,372,0.0
2022-04-18T15:00:00.000000+0000,660.0,8.5,,4.6,349,79,0.0
2022-04-18T16:00:00.000000+0000,660.4,7.3166666,,2.2,291,3,0.0
2022-04-18T17:00:00.000000+0000,660.7,6.9666667,,1.8,208,0,0.0
2022-04-18T18:00:00.000000+0000,661.2,6.633333,,1.9,225,0,0.0
2022-04-18T19:00:00.000000+0000,661.5,6.983333,,0.5,360,0,0.0
2022-04-18T20:00:00.000000+0000,661.7,6.1666665,,1.2,191,0,0.0
2022-04-18T21:00:00.000000+0000,661.6,5.6,,2.0,126,0,0.0
2022-04-18T22:00:00.000000+0000,661.2,5.9333334,,2.2,225,0,0.0
2022-04-18T23:00:00.000000+0000,660.7,5.383333,,2.9,156,0,0.0
2022-04-19T00:00:00.000000+0000,660.3,4.8166666,,3.6,93,0,0.0
2022-04-19T01:00:00.000000+0000,660.1,5.6,,3.9,140,0,0.0
2022-04-19T02:00:00.000000+0000,660.3,5.35,,3.9,120,0,0.0
2022-04-19T03:00:00.000000+0000,660.5,5.65,,7.3,127,0,0.0
2022-04-19T04:00:00.000000+0000,660.7,6.983333,,7.6,134,28,0.0
2022-04-19T05:00:00.000000+0000,661.1,9.533334,,8.1,121,249,0.0
2022-04-19T06:00:00.000000+0000,661.7,11.016666,,6.0,118,353,0.0
2022-04-19T07:00:00.000000+0000,662.1,13.016666,,6.1,73,765,0.0
2022-04-19T08:00:00.000000+0000,662.3,13.133333,,6.7,8,903,0.0
2022-04-19T09:00:00.000000+0000,662.0,13.85,,6.5,21,1012,0.0
2022-04-19T10:00:00.000000+0000,661.6,12.85,,9.0,25,870,0.0
2022-04-19T11:00:00.000000+0000,661.2,11.5,,8.0,33,440,0.0
2022-04-19T12:00:00.000000+0000,660.4,11.483334,,6.6,49,325,0.0
2022-04-19T13:00:00.000000+0000,659.9,10.45,,5.2,81,182,0.0
2022-04-19T14:00:00.000000+0000,659.7,8.85,,2.2,336,132,0.0
2022-04-19T15:00:00.000000+0000,659.8,9.533334,,4.2,72,75,0.0
2022-04-19T16:00:00.000000+0000,659.6,7.516667,,8.5,139,17,0.0
2022-04-19T17:00:00.000000+0000,660.1,6.983333,,3.9,171,0,0.0
2022-04-19T18:00:00.000000+0000,661.0,5.95,,2.0,142,0,0.0
2022-04-19T19:00:00.000000+0000,661.3,5.733333,,3.7,154,0,0.0
2022-04-19T20:00:00.000000+0000,661.1,6.516667,,6.6,124,0,0.0
2022-04-19T21:00:00.000000+0000,661.2,6.65,,7.5,118,0,0.0
2022-04-19T22:00:00.000000+0000,660.7,7.05,,9.1,119,0,0.0
2022-04-19T23:00:00.000000+0000,660.4,7.2166667,,10.9,108,0,0.0
2022-04-20T00:00:00.000000+0000,659.9,6.95,,10.1,104,0,0.0
2022-04-20T01:00:00.000000+0000,659.5,6.9166665,,12.4,117,0,0.0
2022-04-20T02:00:00.000000+0000,659.4,6.766667,,12.0,117,0,0.0
2022-04-20T03:00:00.000000+0000,659.7,6.5333333,,11.2,120,0,0.0
2022-04-20T04:00:00.000000+0000,660.2,6.6666665,,11.9,119,26,0.0
2022-04-20T05:00:00.000000+0000,660.5,8.35,,13.3,109,219,0.0
2022-04-20T06:00:00.000000+0000,660.9,10.116667,,13.1,99,451,0.0
2022-04-20T07:00:00.000000+0000,661.2,11.366667,,11.8,97,691,0.0
2022-04-20T08:00:00.000000+0000,661.5,12.266666,,8.8,81,881,0.0
2022-04-20T09:00:00.000000+0000,661.4,12.566667,,8.5,82,1024,0.0
2022-04-20T10:00:00.000000+0000,661.0,13.116667,,8.2,77,1082,0.0
2022-04-20T11:00:00.000000+0000,660.4,12.366667,,8.8,54,706,0.0
2022-04-20T12:00:00.000000+0000,659.8,11.666667,,5.4,56,405,0.0
2022-04-20T13:00:00.000000+0000,659.3,11.733334,,7.8,33,422,0.0
2022-04-20T14:00:00.000000+0000,659.1,9.433333,,6.3,34,74,0.0
2022-04-20T15:00:00.000000+0000,659.4,8.833333,,5.5,59,52,0.0
2022-04-20T16:00:00.000000+0000,659.8,7.55,,5.1,96,10,0.0
2022-04-20T17:00:00.000000+0000,660.2,7.616667,,5.3,115,0,0.0
2022-04-20T18:00:00.000000+0000,660.6,7.133333,,7.3,125,0,0.0
2022-04-20T19:00:00.000000+0000,660.8,7.133333,,6.0,133,0,0.0
2022-04-20T20:00:00.000000+0000,661.0,6.2833333,,5.1,126,0,0.0
2022-04-20T21:00:00.000000+0000,660.9,6.616667,,5.8,125,0,0.0
2022-04-20T22:00:00.000000+0000,660.5,6.55,,7.1,113,0,0.0
2022-04-20T23:00:00.000000+0000,660.1,6.35,,7.7,112,0,0.0
2022-04-21T00:00:00.000000+0000,659.7,6.233333,,7.6,124,0,0.0
2022-04-21T01:00:00.000000+0000,659.3,6.2,,8.0,133,0,0.0
2022-04-21T02:00:00.000000+0000,659.5,6.2833333,,6.3,143,0,0.0
2022-04-21T03:00:00.000000+0000,659.7,6.766667,,5.4,136,0,0.0
2022-04-21T04:00:00.000000+0000,660.0,7.0333333,,4.2,135,15,0.0
2022-04-21T05:00:00.000000+0000,660.3,7.95,,1.9,85,112,0.0
2022-04-21T06:00:00.000000+0000,660.7,9.366667,,5.2,114,319,0.0
2022-04-21T07:00:00.000000+0000,661.1,10.2,,5.0,94,441,0.0
2022-04-21T08:00:00.000000+0000,661.2,10.383333,,5.8,359,470,0.0
2022-04-21T09:00:00.000000+0000,661.0,10.183333,,7.8,7,372,0.0
2022-04-21T10:00:00.000000+0000,660.7,8.316667,,7.7,28,103,2.6
2022-04-21T11:00:00.000000+0000,660.2,7.1666665,,5.2,53,122,5.6
2022-04-21T12:00:00.000000+0000,659.6,7.0666666,,6.1,102,184,3.4
2022-04-21T13:00:00.000000+0000,659.2,7.5333333,,4.3,81,114,0.1
2022-04-21T14:00:00.000000+0000,659.2,8.416667,,3.2,63,192,0.0
2022-04-21T15:00:00.000000+0000,659.4,8.333333,,2.2,36,75,0.0
2022-04-21T16:00:00.000000+0000,659.8,7.75,,1.1,270,12,0.0
2022-04-21T17:00:00.000000+0000,660.4,7.3166666,,1.9,261,0,0.0
2022-04-21T18:00:00.000000+0000,660.9,6.866667,,1.7,263,0,0.0
2022-04-21T19:00:00.000000+0000,661.2,6.6833334,,1.3,265,0,0.7
2022-04-21T20:00:00.000000+0000,661.4,6.366667,,1.0,50,0,0.0
2022-04-21T21:00:00.000000+0000,661.1,5.65,,1.6,164,0,0.0
2022-04-21T22:00:00.000000+0000,660.7,6.0666666,,1.8,243,0,0.0
2022-04-21T23:00:00.000000+0000,660.3,6.233333,,1.7,164,0,0.0
2022-04-22T00:00:00.000000+0000,660.0,6.0333333,,3.2,108,0,3.5
2022-04-22T01:00:00.000000+0000,659.7,5.5666666,,6.6,138,0,0.3
2022-04-22T02:00:00.000000+0000,659.8,5.9,,4.6,171,0,0.0
2022-04-22T03:00:00.000000+0000,660.4,6.05,,2.1,176,0,0.0
2022-04-22T04:00:00.000000+0000,660.7,5.6666665,,5.8,146,6,0.4
2022-04-22T05:00:00.000000+0000,661.0,6.483333,,4.9,156,91,0.1
2022-04-22T06:00:00.000000+0000,661.4,8.05,,2.1,295,322,0.0
2022-04-22T07:00:00.000000+0000,661.8,8.333333,,1.7,340,349,0.0
2022-04-22T08:00:00.000000+0000,662.0,7.266667,,2.4,315,82,0.5
2022-04-22T09:00:00.000000+0000,661.6,7.2166667,,3.6,17,144,1.5
2022-04-22T10:00:00.000000+0000,661.2,7.2166667,,4.9,29,163,1.8
2022-04-22T11:00:00.000000+0000,660.6,6.5333333,,4.9,46,101,3.1
2022-04-22T12:00:00.000000+0000,660.1,6.8166666,,4.1,80,224,0.0
2022-04-22T13:00:00.000000+0000,659.7,7.8333335,,3.9,96,387,0.1
2022-04-22T14:00:00.000000+0000,659.3,8.183333,,4.8,74,261,0.0
2022-04-22T15:00:00.000000+0000,659.5,8.2,,3.6,70,134,0.0
2022-04-22T16:00:00.000000+0000,660.0,7.4,,1.9,122,6,0.0
2022-04-22T17:00:00.000000+0000,660.2,6.883333,,1.7,141,0,0.0
2022-04-22T18:00:00.000000+0000,660.7,6.6666665,,1.1,149,0,0.0
2022-04-22T19:00:00.000000+0000,660.9,6.65,,3.6,80,0,0.0
2022-04-22T20:00:00.000000+0000,661.2,6.383333,,3.3,92,0,0.0
2022-04-22T21:00:00.000000+0000,661.2,5.9666667,,4.5,100,0,0.0
2022-04-22T22:00:00.000000+0000,660.7,5.1666665,,4.1,102,0,0.0
2022-04-22T23:00:00.000000+0000,660.0,4.8166666,,3.7,112,0,0.0
2022-04-23T00:00:00.000000+0000,659.6,5.116667,,4.4,117,0,0.0
2022-04-23T01:00:00.000000+0000,659.4,3.8833334,,3.6,110,0,0.0
2022-04-23T02:00:00.000000+0000,659.5,5.0,,6.5,125,0,0.0
2022-04-23T03:00:00.000000+0000,659.7,5.1666665,,8.1,133,0,0.0
2022-04-23T04:00:00.000000+0000,660.3,5.483333,,8.3,136,10,0.0
2022-04-23T05:00:00.000000+0000,660.9,6.9666667,,6.0,134,150,0.0
2022-04-23T06:00:00.000000+0000,661.4,9.85,,3.9,101,406,0.0
2022-04-23T07:00:00.000000+0000,661.6,9.4,,2.7,298,502,0.0
2022-04-23T08:00:00.000000+0000,661.7,10.0,,4.1,280,781,0.0
2022-04-23T09:00:00.000000+0000,661.3,10.683333,,4.1,256,566,0.0
2022-04-23T10:00:00.000000+0000,660.5,10.45,,6.9,47,237,0.0
2022-04-23T11:00:00.000000+0000,660.2,9.433333,,5.5,59,205,0.0
2022-04-23T12:00:00.000000+0000,659.9,9.316667,,5.8,58,210,0.0
2022-04-23T13:00:00.000000+0000,659.5,9.85,,6.5,24,371,0.0
2022-04-23T14:00:00.000000+0000,659.5,9.466666,,5.4,36,204,0.0
2022-04-23T15:00:00.000000+0000,659.3,9.283334,,4.5,72,207,0.0
2022-04-23T16:00:00.000000+0000,659.3,7.5833335,,5.3,104,10,0.0
2022-04-23T17:00:00.000000+0000,659.6,7.4333334,,5.5,119,0,0.0
2022-04-23T18:00:00.000000+0000,660.0,7.25,,2.9,139,0,0.0
2022-04-23T19:00:00.000000+0000,660.3,6.9,,4.5,122,0,0.0
2022-04-23T20:00:00.000000+0000,660.5,7.0,,5.0,120,0,0.0
2022-04-23T21:00:00.000000+0000,660.3,6.1833334,,7.0,121,0,0.0
2022-04-23T22:00:00.000000+0000,660.2,6.85,,2.7,138,0,0.0
2022-04-23T23:00:00.000000+0000,659.7,6.4333334,,4.3,138,0,0.0
2022-04-24T00:00:00.000000+0000,659.3,6.5833335,,4.3,129,0,0.0
2022-04-24T01:00:00.000000+0000,659.2,6.0333333,,5.4,123,0,0.0
2022-04-24T02:00:00.000000+0000,659.4,5.8333335,,5.9,134,0,0.0
2022-04-24T03:00:00.000000+0000,659.5,6.0,,5.0,122,0,0.0
2022-04-24T04:00:00.000000+0000,659.8,6.2,,5.0,122,23,0.0
2022-04-24T05:00:00.000000+0000,660.4,8.8,,2.6,101,185,0.0
2022-04-24T06:00:00.000000+0000,660.9,9.833333,,4.0,67,344,0.0
2022-04-24T07:00:00.000000+0000,661.3,8.383333,,2.8,351,397,0.0
2022-04-24T08:00:00.000000+0000,661.3,9.666667,,5.6,344,570,0.0
2022-04-24T09:00:00.000000+0000,661.0,8.016666,,4.8,312,262,0.0
2022-04-24T10:00:00.000000+0000,660.5,7.4666667,,3.9,291,92,1.8
2022-04-24T11:00:00.000000+0000,659.7,7.9,,3.0,347,211,2.7
2022-04-24T12:00:00.000000+0000,659.3,7.8,,2.6,2,140,2.4
2022-04-24T13:00:00.000000+0000,658.8,7.483333,,2.9,348,109,0.2
2022-04-24T14:00:00.000000+0000,658.5,7.4,,2.0,30,56,0.0
2022-04-24T15:00:00.000000+0000,658.5,7.883333,,2.3,108,78,0.0
2022-04-24T16:00:00.000000+0000,659.1,7.7,,1.4,196,6,0.0
2022-04-24T17:00:00.000000+0000,659.7,7.7,,1.8,350,0,0.0
2022-04-24T18:00:00.000000+0000,660.5,6.7833333,,1.4,174,0,0.0
2022-04-24T19:00:00.000000+0000,660.6,5.6833334,,4.8,166,0,0.0
2022-04-24T20:00:00.000000+0000,660.7,5.3,,5.1,136,0,0.0
2022-04-24T21:00:00.000000+0000,660.5,4.7,,4.3,135,0,0.0
2022-04-24T22:00:00.000000+0000,660.0,5.133333,,3.7,153,0,0.0
2022-04-24T23:00:00.000000+0000,659.4,5.25,,1.7,220,0,0.0
2022-04-25T00:00:00.000000+0000,658.9,5.2833333,,1.1,153,0,0.0
2022-04-25T01:00:00.000000+0000,658.8,5.15,,2.1,153,0,0.0
2022-04-25T02:00:00.000000+0000,658.9,5.1833334,,6.5,142,0,0.0
2022-04-25T03:00:00.000000+0000,659.2,5.55,,5.0,159,0,0.0
2022-04-25T04:00:00.000000+0000,659.6,5.866667,,2.7,169,32,0.0
2022-04-25T05:00:00.000000+0000,660.2,8.633333,,2.4,125,206,0.0
2022-04-25T06:00:00.000000+0000,660.6,10.8,,4.5,99,478,0.0
2022-04-25T07:00:00.000000+0000,661.1,9.416667,,2.8,333,714,0.0
2022-04-25T08:00:00.000000+0000,661.5,9.583333,,5.0,328,757,0.0
2022-04-25T09:00:00.000000+0000,661.3,9.566667,,5.1,355,388,0.0
2022-04-25T10:00:00.000000+0000,660.8,8.733334,,4.3,342,187,0.0
2022-04-25T11:00:00.000000+0000,660.1,7.95,,2.6,315,177,0.0
2022-04-25T12:00:00.000000+0000,659.3,8.616667,,2.9,300,406,0.0
2022-04-25T13:00:00.000000+0000,659.0,9.533334,,4.6,312,485,0.0
2022-04-25T14:00:00.000000+0000,659.0,8.55,,4.7,285,119,0.0
2022-04-25T15:00:00.000000+0000,659.1,7.633333,,3.5,291,74,0.0
2022-04-25T16:00:00.000000+0000,659.2,7.35,,1.5,311,13,0.0
2022-04-25T17:00:00.000000+0000,659.9,7.266667,,0.7,34,0,0.0
2022-04-25T18:00:00.000000+0000,660.4,6.55,,1.1,202,0,0.0
2022-04-25T19:00:00.000000+0000,660.8,5.9666667,,1.4,212,0,0.0
2022-04-25T20:00:00.000000+0000,661.1,5.516667,,1.0,214,0,0.0
2022-04-25T21:00:00.000000+0000,660.8,4.866667,,1.3,186,0,0.0
2022-04-25T22:00:00.000000+0000,660.4,4.1,,1.1,191,0,0.0
2022-04-25T23:00:00.000000+0000,659.7,4.5333333,,2.3,193,0,0.0
2022-04-26T00:00:00.000000+0000,659.2,5.4,,1.1,214,0,0.0
2022-04-26T01:00:00.000000+0000,659.2,3.8666666,,1.8,133,0,0.0
2022-04-26T02:00:00.000000+0000,659.3,3.8,,1.8,176,0,0.0
2022-04-26T03:00:00.000000+0000,659.4,3.7333333,,1.6,218,0,0.0
2022-04-26T04:00:00.000000+0000,659.9,3.9,,0.5,180,32,0.0
2022-04-26T05:00:00.000000+0000,660.4,6.016667,,1.0,162,238,0.0
2022-04-26T06:00:00.000000+0000,660.9,8.633333,,2.2,321,485,0.0
2022-04-26T07:00:00.000000+0000,661.3,8.15,,2.5,312,294,0.0
2022-04-26T08:00:00.000000+0000,661.4,8.283334,,3.1,316,307,0.0
2022-04-26T09:00:00.000000+0000,661.1,8.566667,,3.8,344,317,0.0
2022-04-26T10:00:00.000000+0000,660.7,8.066667,,2.5,313,146,7.5
2022-04-26T11:00:00.000000+0000,660.0,7.5666666,,2.1,327,324,0.2
2022-04-26T12:00:00.000000+0000,659.1,7.95,,3.9,40,169,3.7
2022-04-26T13:00:00.000000+0000,658.7,7.0333333,,1.8,225,246,0.2
2022-04-26T14:00:00.000000+0000,658.9,8.133333,,3.2,274,267,0.0
2022-04-26T15:00:00.000000+0000,659.2,8.666667,,2.9,283,226,0.1
2022-04-26T16:00:00.000000+0000,659.6,7.3333335,,1.4,228,5,0.4
2022-04-26T17:00:00.000000+0000,660.1,6.8166666,,1.0,31,0,0.0
2022-04-26T18:00:00.000000+0000,660.5,5.383333,,3.5,128,0,0.0
2022-04-26T19:00:00.000000+0000,660.9,4.7833333,,1.9,153,0,0.0
2022-04-26T20:00:00.000000+0000,661.1,4.8,,2.0,183,0,0.0
2022-04-26T21:00:00.000000+0000,660.9,4.5666666,,5.1,157,0,0.0
2022-04-26T22:00:00.000000+0000,660.4,5.016667,,4.2,131,0,0.0
2022-04-26T23:00:00.000000+0000,659.6,5.4,,4.0,140,0,0.0
2022-04-27T00:00:00.000000+0000,659.2,5.133333,,1.7,193,0,0.0
2022-04-27T01:00:00.000000+0000,658.7,5.1666665,,4.7,133,0,0.0
2022-04-27T02:00:00.000000+0000,658.9,5.4333334,,2.3,150,0,0.0
2022-04-27T03:00:00.000000+0000,659.5,4.7833333,,2.2,195,0,0.0
2022-04-27T04:00:00.000000+0000,659.7,4.0666666,,1.7,120,25,0.0
2022-04-27T05:00:00.000000+0000,660.3,8.016666,,1.6,97,258,0.0
2022-04-27T06:00:00.000000+0000,661.0,9.166667,,1.8,360,484,0.0
2022-04-27T07:00:00.000000+0000,661.3,9.2,,3.4,342,429,0.0
2022-04-27T08:00:00.000000+0000,661.5,8.5,,3.8,357,441,0.0
2022-04-27T09:00:00.000000+0000,661.3,9.116667,,4.4,360,385,0.0
2022-04-27T10:00:00.000000+0000,660.9,8.066667,,2.9,24,292,0.3
2022-04-27T11:00:00.000000+0000,660.1,7.85,,1.8,5,200,4.5
2022-04-27T12:00:00.000000+0000,659.2,6.4666667,,3.2,145,138,11.4
2022-04-27T13:00:00.000000+0000,658.8,8.666667,,3.4,96,379,0.1
2022-04-27T14:00:00.000000+0000,659.0,8.733334,,2.2,320,196,0.0
2022-04-27T15:00:00.000000+0000,659.2,8.35,,1.3,315,77,0.0
2022-04-27T16:00:00.000000+0000,659.8,7.45,,1.8,54,8,0.0
2022-04-27T17:00:00.000000+0000,660.2,6.55,,1.6,144,0,0.0
2022-04-27T18:00:00.000000+0000,660.2,6.1833334,,6.6,141,0,0.0
2022-04-27T19:00:00.000000+0000,660.6,6.35,,5.3,142,0,0.0
2022-04-27T20:00:00.000000+0000,660.8,6.25,,2.6,133,0,0.0
2022-04-27T21:00:00.000000+0000,660.7,6.1,,1.8,175,0,0.0
2022-04-27T22:00:00.000000+0000,660.2,6.1833334,,2.3,126,0,0.0
2022-04-27T23:00:00.000000+0000,659.5,6.633333,,5.3,140,0,0.0
2022-04-28T00:00:00.000000+0000,659.3,7.0,,3.4,144,0,0.2
2022-04-28T01:00:00.000000+0000,659.1,6.266667,,2.7,128,0,0.0
2022-04-28T02:00:00.000000+0000,659.1,6.35,,6.2,131,0,0.0
2022-04-28T03:00:00.000000+0000,659.2,5.7166667,,5.9,136,0,3.0
2022-04-28T04:00:00.000000+0000,659.6,6.366667,,4.9,126,10,0.0
2022-04-28T05:00:00.000000+0000,660.1,7.2,,4.1,99,122,0.0
2022-04-28T06:00:00.000000+0000,660.7,8.316667,,4.2,108,261,0.0
2022-04-28T07:00:00.000000+0000,661.0,10.05,,3.9,113,492,0.0
2022-04-28T08:00:00.000000+0000,661.1,7.95,,3.2,336,248,0.0
2022-04-28T09:00:00.000000+0000,661.0,8.033334,,3.2,6,152,0.7
2022-04-28T10:00:00.000000+0000,660.3,7.55,,2.5,291,108,0.0
2022-04-28T11:00:00.000000+0000,659.7,6.766667,,2.8,261,181,0.0
2022-04-28T12:00:00.000000+0000,659.1,7.4,,1.7,285,144,0.0
2022-04-28T13:00:00.000000+0000,658.8,7.516667,,1.3,101,46,0.0
2022-04-28T14:00:00.000000+0000,658.8,8.083333,,1.9,333,131,0.0
2022-04-28T15:00:00.000000+0000,659.2,8.2,,2.5,124,101,0.0
2022-04-28T16:00:00.000000+0000,659.8,7.4,,1.7,225,5,0.0
2022-04-28T17:00:00.000000+0000,660.1,7.1666665,,5.2,142,0,0.0
2022-04-28T18:00:00.000000+0000,660.8,7.266667,,5.0,156,0,0.0
2022-04-28T19:00:00.000000+0000,660.9,6.6666665,,8.3,143,0,3.4
2022-04-28T20:00:00.000000+0000,661.2,6.516667,,5.9,150,0,3.6
2022-04-28T21:00:00.000000+0000,661.3,6.45,,2.8,196,0,0.0
2022-04-28T22:00:00.000000+0000,660.9,6.366667,,7.9,150,0,0.0
2022-04-28T23:00:00.000000+0000,660.3,6.3166666,,6.4,131,0,0.0
2022-04-29T00:00:00.000000+0000,660.0,6.366667,,2.5,128,0,0.0
2022-04-29T01:00:00.000000+0000,659.9,5.9666667,,3.8,110,0,2.1
2022-04-29T02:00:00.000000+0000,659.8,5.7166667,,4.4,193,0,0.0
2022-04-29T03:00:00.000000+0000,660.0,5.4166665,,2.0,216,0,0.0
2022-04-29T04:00:00.000000+0000,660.3,6.0666666,,2.9,146,13,0.0
2022-04-29T05:00:00.000000+0000,660.8,6.7166667,,5.0,118,164,0.0
2022-04-29T06:00:00.000000+0000,661.4,9.1,,5.3,138,504,0.0
2022-04-29T07:00:00.000000+0000,661.4,10.583333,,7.5,121,717,0.0
2022-04-29T08:00:00.000000+0000,661.7,11.45,,7.7,106,899,0.0
2022-04-29T09:00:00.000000+0000,661.7,12.266666,,7.2,108,1033,0.0
2022-04-29T10:00:00.000000+0000,661.6,12.283334,,4.0,67,1020,0.0
2022-04-29T11:00:00.000000+0000,661.1,12.066667,,5.0,65,990,0.0
2022-04-29T12:00:00.000000+0000,660.5,12.65,,4.0,22,879,0.0
2022-04-29T13:00:00.000000+0000,660.1,12.066667,,3.9,60,562,0.0
2022-04-29T14:00:00.000000+0000,659.9,8.7,,1.7,20,89,0.0
2022-04-29T15:00:00.000000+0000,660.2,8.1,,1.6,360,49,0.0
2022-04-29T16:00:00.000000+0000,660.4,6.25,,2.8,150,10,0.0
2022-04-29T17:00:00.000000+0000,660.8,4.35,,3.5,160,0,0.0
2022-04-29T18:00:00.000000+0000,661.1,5.25,,7.4,155,0,0.0
2022-04-29T19:00:00.000000+0000,661.5,5.9166665,,8.4,149,0,0.0
2022-04-29T20:00:00.000000+0000,661.8,5.75,,7.5,147,0,0.0
2022-04-29T21:00:00.000000+0000,661.5,4.983333,,6.9,136,0,0.0
2022-04-29T22:00:00.000000+0000,661.0,5.233333,,8.2,140,0,0.0
2022-04-29T23:00:00.000000+0000,660.6,6.2,,7.4,136,0,0.0
2022-04-30T00:00:00.000000+0000,660.2,5.983333,,8.4,139,0,0.0
2022-04-30T01:00:00.000000+0000,660.0,6.0666666,,9.2,139,0,0.0
2022-04-30T02:00:00.000000+0000,659.9,5.85,,10.4,150,0,0.0
2022-04-30T03:00:00.000000+0000,660.2,6.45,,10.9,150,0,0.0
2022-04-30T04:00:00.000000+0000,660.8,6.2833333,,10.1,143,33,0.0
2022-04-30T05:00:00.000000+0000,661.4,7.7833333,,9.8,130,245,0.0
2022-04-30T06:00:00.000000+0000,662.1,9.633333,,8.6,114,483,0.0
2022-04-30T07:00:00.000000+0000,662.6,11.183333,,7.9,94,705,0.0
2022-04-30T08:00:00.000000+0000,662.8,11.9,,7.4,85,883,0.0
2022-04-30T09:00:00.000000+0000,662.6,13.083333,,7.4,64,994,0.0
2022-04-30T10:00:00.000000+0000,662.3,13.183333,,6.9,27,1014,0.0
2022-04-30T11:00:00.000000+0000,661.8,10.466666,,4.8,320,344,0.0
2022-04-30T12:00:00.000000+0000,661.1,9.5,,5.1,347,161,0.0
2022-04-30T13:00:00.000000+0000,660.8,8.916667,,3.9,323,144,0.0
2022-04-30T14:00:00.000000+0000,660.6,8.75,,5.3,360,124,0.0
2022-04-30T15:00:00.000000+0000,660.5,8.616667,,4.3,12,73,0.0
2022-04-30T16:00:00.000000+0000,660.7,7.616667,,3.7,314,2,0.0
2022-04-30T17:00:00.000000+0000,661.3,7.0333333,,1.7,42,0,0.0
2022-04-30T18:00:00.000000+0000,662.0,6.633333,,1.0,37,0,0.0
2022-04-30T19:00:00.000000+0000,662.4,5.35,,2.5,120,0,0.0
2022-04-30T20:00:00.000000+0000,662.6,4.8,,1.6,103,0,0.0
2022-04-30T21:00:00.000000+0000,662.4,4.233333,,4.0,132,0,0.0
2022-04-30T22:00:00.000000+0000,662.0,4.1666665,,3.3,125,0,0.0
2022-04-30T23:00:00.000000+0000,661.5,5.266667,,4.4,116,0,0.0
2022-05-01T00:00:00.000000+0000,660.8,5.8,,6.9,131,0,0.0
2022-05-01T01:00:00.000000+0000,660.7,6.883333,,4.9,123,0,0.0
2022-05-01T02:00:00.000000+0000,660.6,6.2,,6.5,119,0,0.0
2022-05-01T03:00:00.000000+0000,660.8,5.983333,,6.9,133,0,0.0
2022-05-01T04:00:00.000000+0000,661.0,5.7,,6.3,132,7,0.0
2022-05-01T05:00:00.000000+0000,661.4,6.8166666,,7.1,131,119,0.0
2022-05-01T06:00:00.000000+0000,662.1,8.766666,,4.8,106,271,0.0
2022-05-01T07:00:00.000000+0000,662.6,9.416667,,3.6,297,640,0.0
2022-05-01T08:00:00.000000+0000,662.9,8.633333,,3.0,326,433,0.0
2022-05-01T09:00:00.000000+0000,662.8,8.483334,,5.5,360,188,0.0
2022-05-01T10:00:00.000000+0000,662.3,9.833333,,9.7,31,347,0.0
2022-05-01T11:00:00.000000+0000,661.9,9.783334,,7.3,51,289,2.0
2022-05-01T12:00:00.000000+0000,661.1,10.583333,,5.0,43,540,0.0
2022-05-01T13:00:00.000000+0000,660.5,9.0,,3.5,287,255,0.0
2022-05-01T14:00:00.000000+0000,660.5,9.233334,,3.9,293,320,0.0
2022-05-01T15:00:00.000000+0000,660.6,9.466666,,2.7,312,276,0.0
2022-05-01T16:00:00.000000+0000,661.0,7.75,,1.5,311,32,0.0
2022-05-01T17:00:00.000000+0000,661.3,6.95,,1.9,144,0,0.0
2022-05-01T18:00:00.000000+0000,661.8,6.6,,3.0,142,0,0.0
2022-05-01T19:00:00.000000+0000,662.1,5.766667,,2.2,209,0,0.0
2022-05-01T20:00:00.000000+0000,662.4,6.3333335,,1.2,236,0,0.1
2022-05-01T21:00:00.000000+0000,662.1,6.55,,2.1,128,0,0.0
2022-05-01T22:00:00.000000+0000,661.9,6.233333,,2.3,122,0,0.0
2022-05-01T23:00:00.000000+0000,661.2,4.8166666,,2.3,193,0,0.0
2022-05-02T00:00:00.000000+0000,660.5,4.4333334,,1.7,219,0,0.0
2022-05-02T01:00:00.000000+0000,660.3,5.1,,1.0,286,0,0.0
2022-05-02T02:00:00.000000+0000,660.3,3.6833334,,1.4,214,0,0.0
2022-05-02T03:00:00.000000+0000,660.5,3.6,,1.8,222,0,0.0
2022-05-02T04:00:00.000000+0000,661.0,3.7,,2.8,234,8,0.0
2022-05-02T05:00:00.000000+0000,661.5,5.1666665,,2.5,263,140,0.0
2022-05-02T06:00:00.000000+0000,662.2,6.3333335,,2.7,281,349,0.0
2022-05-02T07:00:00.000000+0000,662.6,6.866667,,4.1,298,415,0.0
2022-05-02T08:00:00.000000+0000,662.7,7.35,,3.9,303,475,0.0
2022-05-02T09:00:00.000000+0000,662.3,7.766667,,3.1,294,381,0.0
2022-05-02T10:00:00.000000+0000,662.0,8.3,,4.0,319,331,0.0
2022-05-02T11:00:00.000000+0000,661.5,8.616667,,3.0,304,351,0.0
2022-05-02T12:00:00.000000+0000,661.0,7.9166665,,2.9,354,107,2.2
2022-05-02T13:00:00.000000+0000,660.7,8.116667,,2.3,17,204,0.0
2022-05-02T14:00:00.000000+0000,660.7,8.233334,,2.7,23,114,2.7
2022-05-02T15:00:00.000000+0000,660.9,7.6,,1.8,18,58,0.0
2022-05-02T16:00:00.000000+0000,661.0,6.3166666,,1.6,162,16,0.0
2022-05-02T17:00:00.000000+0000,661.1,5.15,,3.8,159,0,0.0
2022-05-02T18:00:00.000000+0000,661.7,5.8166666,,2.5,218,0,0.0
2022-05-02T19:00:00.000000+0000,662.3,5.2166667,,2.7,219,0,0.0
2022-05-02T20:00:00.000000+0000,662.3,4.1833334,,1.2,180,0,0.0
2022-05-02T21:00:00.000000+0000,662.0,3.4833333,,1.4,143,0,0.0
2022-05-02T22:00:00.000000+0000,661.8,3.1,,2.4,137,0,0.0
2022-05-02T23:00:00.000000+0000,661.2,3.4666667,,3.4,139,0,0.0
2022-05-03T00:00:00.000000+0000,660.9,4.366667,,1.7,236,0,0.0
2022-05-03T01:00:00.000000+0000,660.6,4.2,,2.9,207,0,0.0
2022-05-03T02:00:00.000000+0000,660.8,5.2833333,,1.7,360,0,0.0
2022-05-03T03:00:00.000000+0000,660.7,5.0333333,,4.3,136,0,0.0
2022-05-03T04:00:00.000000+0000,660.8,6.15,,5.8,135,13,0.0
2022-05-03T05:00:00.000000+0000,661.3,8.083333,,6.3,132,205,0.0
2022-05-03T06:00:00.000000+0000,662.1,9.066667,,3.4,66,452,0.0
2022-05-03T07:00:00.000000+0000,662.5,9.516666,,3.2,9,479,0.0
2022-05-03T08:00:00.000000+0000,662.4,8.083333,,5.9,21,306,0.0
2022-05-03T09:00:00.000000+0000,662.3,8.183333,,4.0,29,207,0.7
2022-05-03T10:00:00.000000+0000,661.9,8.183333,,5.4,23,275,0.0
2022-05-03T11:00:00.000000+0000,661.5,10.2,,7.3,53,472,0.0
2022-05-03T12:00:00.000000+0000,661.0,8.633333,,5.6,15,233,0.0
2022-05-03T13:00:00.000000+0000,660.7,8.15,,4.0,18,198,0.0
2022-05-03T14:00:00.000000+0000,660.7,8.033334,,2.8,6,187,0.0
2022-05-03T15:00:00.000000+0000,660.9,8.133333,,1.7,337,110,0.0
2022-05-03T16:00:00.000000+0000,661.1,7.15,,1.7,337,12,0.0
2022-05-03T17:00:00.000000+0000,661.5,6.8166666,,1.2,270,0,0.0
2022-05-03T18:00:00.000000+0000,661.9,6.65,,1.8,119,0,0.0
2022-05-03T19:00:00.000000+0000,662.4,6.7166667,,1.3,175,0,0.0
2022-05-03T20:00:00.000000+0000,662.7,6.516667,,1.2,270,0,0.0
2022-05-03T21:00:00.000000+0000,662.5,6.0666666,,2.4,145,0,0.0
2022-05-03T22:00:00.000000+0000,662.2,5.9,,1.3,59,0,0.0
2022-05-03T23:00:00.000000+0000,661.7,5.4666667,,2.4,176,0,0.0
2022-05-04T00:00:00.000000+0000,661.5,4.9166665,,2.0,215,0,0.0
2022-05-04T01:00:00.000000+0000,661.2,4.633333,,5.3,134,0,0.0
2022-05-04T02:00:00.000000+0000,661.2,5.5333333,,6.7,140,0,0.0
2022-05-04T03:00:00.000000+0000,661.4,5.3166666,,5.4,146,0,0.0
2022-05-04T04:00:00.000000+0000,661.8,5.383333,,3.0,121,18,0.0
2022-05-04T05:00:00.000000+0000,662.2,8.883333,,3.1,111,205,0.0
2022-05-04T06:00:00.000000+0000,662.7,11.05,,4.2,81,440,0.0
2022-05-04T07:00:00.000000+0000,663.1,9.583333,,4.3,4,381,0.0
2022-05-04T08:00:00.000000+0000,663.1,9.533334,,4.6,359,332,0.0
2022-05-04T09:00:00.000000+0000,662.9,9.266666,,3.5,351,459,0.0
2022-05-04T10:00:00.000000+0000,662.7,7.383333,,3.0,288,152,0.0
2022-05-04T11:00:00.000000+0000,662.3,6.6,,3.0,252,203,3.2
2022-05-04T12:00:00.000000+0000,661.8,6.866667,,1.8,247,138,2.9
2022-05-04T13:00:00.000000+0000,661.5,7.0666666,,1.8,291,100,0.2
2022-05-04T14:00:00.000000+0000,661.4,6.733333,,1.4,297,74,0.2
2022-05-04T15:00:00.000000+0000,661.3,7.2,,2.4,257,114,0.2
2022-05-04T16:00:00.000000+0000,661.6,6.75,,1.8,240,9,2.6
2022-05-04T17:00:00.000000+0000,662.0,6.5833335,,2.0,135,0,1.0
2022-05-04T18:00:00.000000+0000,662.3,6.3,,1.8,141,0,1.4
2022-05-04T19:00:00.000000+0000,662.5,6.05,,4.6,141,0,0.3
2022-05-04T20:00:00.000000+0000,662.6,6.4,,2.7,137,0,0.0
2022-05-04T21:00:00.000000+0000,662.6,5.9,,1.4,104,0,0.0
2022-05-04T22:00:00.000000+0000,662.3,5.05,,1.2,73,0,0.0
2022-05-04T23:00:00.000000+0000,661.8,5.15,,2.4,110,0,0.0
2022-05-05T00:00:00.000000+0000,661.4,4.9333334,,5.3,141,0,0.0
2022-05-05T01:00:00.000000+0000,661.4,4.9666667,,1.2,198,0,0.0
2022-05-05T02:00:00.000000+0000,661.5,4.733333,,1.1,196,0,0.0
2022-05-05T03:00:00.000000+0000,661.5,4.366667,,3.4,124,0,0.0
2022-05-05T04:00:00.000000+0000,661.9,5.633333,,5.0,139,9,0.0
2022-05-05T05:00:00.000000+0000,662.3,7.0833335,,4.2,108,116,0.0
2022-05-05T06:00:00.000000+0000,662.9,8.883333,,3.2,75,370,0.0
2022-05-05T07:00:00.000000+0000,663.1,9.55,,6.3,57,422,0.0
2022-05-05T08:00:00.000000+0000,663.1,10.0,,7.0,43,505,0.0
2022-05-05T09:00:00.000000+0000,662.9,11.066667,,5.7,47,716,0.0
2022-05-05T10:00:00.000000+0000,662.5,10.566667,,5.7,43,501,0.0
2022-05-05T11:00:00.000000+0000,662.0,9.0,,5.6,16,278,0.0
2022-05-05T12:00:00.000000+0000,661.6,8.45,,6.6,37,166,0.0
2022-05-05T13:00:00.000000+0000,661.2,8.6,,5.1,2,171,0.0
2022-05-05T14:00:00.000000+0000,661.3,7.3,,4.4,24,52,0.0
2022-05-05T15:00:00.000000+0000,661.6,7.15,,1.9,34,29,0.0
2022-05-05T16:00:00.000000+0000,661.5,7.3,,1.7,118,8,0.0
2022-05-05T17:00:00.000000+0000,662.0,7.7833333,,0.7,256,0,0.0
2022-05-05T18:00:00.000000+0000,662.3,7.116667,,1.1,292,0,0.0
2022-05-05T19:00:00.000000+0000,662.5,6.5833335,,1.6,163,0,0.2
2022-05-05T20:00:00.000000+0000,662.4,6.35,,1.4,76,0,0.0
2022-05-05T21:00:00.000000+0000,662.2,5.6666665,,1.0,180,0,0.0
2022-05-05T22:00:00.000000+0000,661.8,5.85,,0.8,180,0,0.0
2022-05-05T23:00:00.000000+0000,661.4,5.133333,,1.5,176,0,0.0
2022-05-06T00:00:00.000000+0000,661.1,4.733333,,2.0,106,0,0.0
2022-05-06T01:00:00.000000+0000,660.7,5.35,,4.2,170,0,0.0
2022-05-06T02:00:00.000000+0000,660.8,6.383333,,2.0,205,0,0.0
2022-05-06T03:00:00.000000+0000,660.9,5.1833334,,1.5,132,0,0.0
2022-05-06T04:00:00.000000+0000,661.3,6.0,,0.8,129,18,0.0
2022-05-06T05:00:00.000000+0000,661.8,7.733333,,0.9,191,206,0.0
2022-05-06T06:00:00.000000+0000,662.1,10.283334,,3.6,81,438,0.0
2022-05-06T07:00:00.000000+0000,662.2,11.7,,6.9,34,651,0.0
2022-05-06T08:00:00.000000+0000,662.3,10.066667,,8.5,18,420,0.0
2022-05-06T09:00:00.000000+0000,662.2,9.216666,,7.6,26,229,0.0
2022-05-06T10:00:00.000000+0000,661.9,8.166667,,7.0,37,78,0.0
2022-05-06T11:00:00.000000+0000,661.6,7.65,,5.8,52,56,0.1
2022-05-06T12:00:00.000000+0000,661.1,7.616667,,4.0,71,67,0.1
2022-05-06T13:00:00.000000+0000,660.6,7.9666667,,5.1,78,170,0.0
2022-05-06T14:00:00.000000+0000,660.4,9.033334,,4.7,36,269,0.0
2022-05-06T15:00:00.000000+0000,660.4,8.283334,,2.1,65,70,0.0
2022-05-06T16:00:00.000000+0000,660.5,7.15,,2.4,62,10,0.0
2022-05-06T17:00:00.000000+0000,660.9,6.9,,3.3,117,0,0.0
2022-05-06T18:00:00.000000+0000,661.3,6.95,,4.6,103,0,0.0
2022-05-06T19:00:00.000000+0000,661.5,6.95,,3.7,129,0,0.0
2022-05-06T20:00:00.000000+0000,661.5,6.3,,3.2,157,0,0.0
2022-05-06T21:00:00.000000+0000,661.5,5.95,,2.2,249,0,0.0
2022-05-06T22:00:00.000000+0000,661.2,6.0333333,,1.7,95,0,0.0
2022-05-06T23:00:00.000000+0000,660.7,5.95,,1.7,99,0,0.4
2022-05-07T00:00:00.000000+0000,660.4,6.516667,,3.7,87,0,0.0
2022-05-07T01:00:00.000000+0000,660.3,5.9666667,,4.0,91,0,0.0
2022-05-07T02:00:00.000000+0000,660.4,5.766667,,5.3,114,0,0.0
2022-05-07T03:00:00.000000+0000,660.6,5.4166665,,6.6,118,0,0.0
2022-05-07T04:00:00.000000+0000,660.8,5.1833334,,6.6,115,13,0.0
2022-05-07T05:00:00.000000+0000,661.4,8.366667,,4.9,96,228,0.0
2022-05-07T06:00:00.000000+0000,661.9,10.316667,,5.1,62,431,0.0
2022-05-07T07:00:00.000000+0000,662.3,10.033334,,5.4,59,378,0.0
2022-05-07T08:00:00.000000+0000,662.3,10.666667,,6.4,32,603,0.0
2022-05-07T09:00:00.000000+0000,662.2,10.8,,6.1,13,533,0.0
2022-05-07T10:00:00.000000+0000,661.8,10.433333,,8.1,22,411,0.0
2022-05-07T11:00:00.000000+0000,661.4,10.3,,7.9,29,350,0.0
2022-05-07T12:00:00.000000+0000,660.9,9.25,,6.1,42,231,0.0
2022-05-07T13:00:00.000000+0000,660.6,9.016666,,6.1,40,154,0.0
2022-05-07T14:00:00.000000+0000,660.4,8.9,,5.9,42,149,0.0
2022-05-07T15:00:00.000000+0000,660.5,8.9,,5.0,66,95,0.0
2022-05-07T16:00:00.000000+0000,660.8,7.25,,5.4,115,15,0.0
2022-05-07T17:00:00.000000+0000,661.2,6.1666665,,4.5,124,0,0.0
2022-05-07T18:00:00.000000+0000,661.5,5.6,,2.2,120,0,0.0
2022-05-07T19:00:00.000000+0000,661.8,4.55,,3.1,111,0,0.0
2022-05-07T20:00:00.000000+0000,662.0,5.0833335,,4.0,113,0,0.0
2022-05-07T21:00:00.000000+0000,661.9,5.616667,,4.9,123,0,0.0
2022-05-07T22:00:00.000000+0000,661.5,6.516667,,6.2,124,0,0.0
2022-05-07T23:00:00.000000+0000,661.1,7.116667,,5.2,114,0,0.0
2022-05-08T00:00:00.000000+0000,660.6,7.483333,,5.9,112,0,0.0
2022-05-08T01:00:00.000000+0000,660.5,7.383333,,7.9,127,0,0.0
2022-05-08T02:00:00.000000+0000,660.6,7.366667,,8.1,120,0,0.0
2022-05-08T03:00:00.000000+0000,660.9,7.483333,,7.9,117,0,0.0
2022-05-08T04:00:00.000000+0000,661.2,7.516667,,8.5,119,6,0.0
2022-05-08T05:00:00.000000+0000,661.8,8.166667,,7.6,116,88,0.0
2022-05-08T06:00:00.000000+0000,662.4,9.916667,,8.6,104,349,0.0
2022-05-08T07:00:00.000000+0000,662.7,10.7,,7.8,83,401,0.0
2022-05-08T08:00:00.000000+0000,662.6,11.5,,9.9,54,543,0.0
2022-05-08T09:00:00.000000+0000,662.6,11.666667,,8.9,60,552,0.0
2022-05-08T10:00:00.000000+0000,662.2,10.716666,,7.8,49,286,0.0
2022-05-08T11:00:00.000000+0000,661.7,9.833333,,7.8,36,165,0.0
2022-05-08T12:00:00.000000+0000,661.3,8.616667,,6.1,43,134,3.9
2022-05-08T13:00:00.000000+0000,660.8,6.983333,,6.8,99,225,0.3
2022-05-08T14:00:00.000000+0000,660.5,8.833333,,7.2,89,302,0.0
2022-05-08T15:00:00.000000+0000,660.8,8.1,,6.3,106,124,0.0
2022-05-08T16:00:00.000000+0000,660.9,6.9,,6.3,124,18,0.0
2022-05-08T17:00:00.000000+0000,661.2,6.0666666,,6.0,128,0,0.0
2022-05-08T18:00:00.000000+0000,661.5,5.6666665,,6.6,131,0,0.0
2022-05-08T19:00:00.000000+0000,661.8,5.7,,7.3,126,0,0.0
2022-05-08T20:00:00.000000+0000,661.9,5.483333,,7.8,126,0,0.0
2022-05-08T21:00:00.000000+0000,661.8,5.6,,7.3,127,0,0.0
2022-05-08T22:00:00.000000+0000,661.4,5.45,,7.5,122,0,0.0
2022-05-08T23:00:00.000000+0000,661.0,5.383333,,7.3,127,0,0.0
2022-05-09T00:00:00.000000+0000,660.7,5.2,,7.8,129,0,0.0
2022-05-09T01:00:00.000000+0000,660.7,5.1666665,,8.2,123,0,0.0
2022-05-09T02:00:00.000000+0000,660.6,4.85,,7.8,132,0,0.0
2022-05-09T03:00:00.000000+0000,660.9,4.5,,8.0,136,0,0.0
2022-05-09T04:00:00.000000+0000,661.4,4.9166665,,7.1,133,16,0.0
2022-05-09T05:00:00.000000+0000,661.9,7.766667,,6.0,118,201,0.0
2022-05-09T06:00:00.000000+0000,662.5,10.0,,4.0,72,435,0.0
2022-05-09T07:00:00.000000+0000,662.9,10.55,,4.2,40,656,0.0
2022-05-09T08:00:00.000000+0000,662.8,11.566667,,5.4,64,821,0.0
2022-05-09T09:00:00.000000+0000,662.7,10.65,,6.6,13,434,0.0
2022-05-09T10:00:00.000000+0000,662.3,9.65,,8.8,34,298,0.0
2022-05-09T11:00:00.000000+0000,661.8,10.466666,,7.8,36,426,0.0
2022-05-09T12:00:00.000000+0000,661.4,9.533334,,7.4,57,231,0.0
2022-05-09T13:00:00.000000+0000,661.0,9.366667,,6.9,84,186,0.0
2022-05-09T14:00:00.000000+0000,661.1,9.0,,6.0,95,133,0.0
2022-05-09T15:00:00.000000+0000,661.2,8.8,,3.8,106,97,0.0
2022-05-09T16:00:00.000000+0000,661.4,7.4333334,,6.4,108,9,0.0
2022-05-09T17:00:00.000000+0000,661.8,6.6666665,,6.7,120,0,0.0
2022-05-09T18:00:00.000000+0000,662.3,6.7833333,,6.6,129,0,0.0
2022-05-09T19:00:00.000000+0000,662.7,6.9333334,,5.6,133,0,0.0
2022-05-09T20:00:00.000000+0000,662.7,7.133333,,4.3,120,0,0.0
2022-05-09T21:00:00.000000+0000,662.5,5.116667,,5.0,123,0,0.0
2022-05-09T22:00:00.000000+0000,662.0,5.0333333,,7.6,131,0,0.0
2022-05-09T23:00:00.000000+0000,661.6,5.5,,8.6,135,0,0.0
2022-05-10T00:00:00.000000+0000,661.1,5.633333,,8.2,123,0,0.0
2022-05-10T01:00:00.000000+0000,660.9,5.2,,9.2,132,0,0.0
2022-05-10T02:00:00.000000+0000,661.0,5.116667,,7.9,136,0,0.0
2022-05-10T03:00:00.000000+0000,661.3,4.9,,7.3,129,0,0.0
2022-05-10T04:00:00.000000+0000,661.6,5.116667,,8.5,130,19,0.0
2022-05-10T05:00:00.000000+0000,662.0,8.25,,6.8,117,207,0.0
2022-05-10T06:00:00.000000+0000,662.5,10.75,,5.9,101,439,0.0
2022-05-10T07:00:00.000000+0000,662.9,11.883333,,5.4,65,660,0.0
2022-05-10T08:00:00.000000+0000,662.8,12.7,,6.7,57,842,0.0
2022-05-10T09:00:00.000000+0000,662.5,13.933333,,5.8,44,970,0.0
2022-05-10T10:00:00.000000+0000,662.1,13.75,,8.1,22,1028,0.0
2022-05-10T11:00:00.000000+0000,661.7,14.233334,,6.9,5,1095,0.0
2022-05-10T12:00:00.000000+0000,661.3,13.433333,,5.3,5,723,0.0
2022-05-10T13:00:00.000000+0000,660.7,11.533334,,4.3,55,326,0.0
2022-05-10T14:00:00.000000+0000,660.7,10.466666,,6.4,62,198,0.0
2022-05-10T15:00:00.000000+0000,660.9,9.35,,4.1,48,113,0.0
2022-05-10T16:00:00.000000+0000,661.3,8.216666,,4.3,102,21,0.0
2022-05-10T17:00:00.000000+0000,661.5,6.3333335,,4.9,135,0,0.0
2022-05-10T18:00:00.000000+0000,661.9,5.383333,,3.7,132,0,0.0
2022-05-10T19:00:00.000000+0000,662.3,5.4,,0.7,104,0,0.0
2022-05-10T20:00:00.000000+0000,662.2,4.65,,4.2,122,0,0.0
2022-05-10T21:00:00.000000+0000,661.7,4.8166666,,6.2,120,0,0.0
2022-05-10T22:00:00.000000+0000,661.2,4.85,,7.7,130,0,0.0
2022-05-10T23:00:00.000000+0000,660.6,4.85,,9.4,134,0,0.0
2022-05-11T00:00:00.000000+0000,660.4,4.8,,9.1,127,0,0.0
2022-05-11T01:00:00.000000+0000,660.3,5.15,,9.4,125,0,0.0
2022-05-11T02:00:00.000000+0000,660.4,4.8166666,,10.4,129,0,0.0
2022-05-11T03:00:00.000000+0000,660.7,4.4333334,,10.1,129,0,0.0
2022-05-11T04:00:00.000000+0000,661.2,4.75,,10.5,127,17,0.0
2022-05-11T05:00:00.000000+0000,661.5,6.7166667,,10.0,109,206,0.0
2022-05-11T06:00:00.000000+0000,662.1,8.783334,,9.6,85,438,0.0
2022-05-11T07:00:00.000000+0000,662.4,10.516666,,8.7,67,660,0.0
2022-05-11T08:00:00.000000+0000,662.6,11.366667,,6.9,71,840,0.0
2022-05-11T09:00:00.000000+0000,662.5,12.616667,,7.5,35,968,0.0
2022-06-27T09:00:00.000000+0000,,6.5,,,,,
2022-06-27T10:00:00.000000+0000,662.5,6.133333,,3.8,325,157,0.0
2022-06-27T11:00:00.000000+0000,662.2,6.0333333,,3.5,328,139,0.0
2022-06-27T12:00:00.000000+0000,661.9,6.116667,,3.5,320,250,0.0
2022-06-27T13:00:00.000000+0000,661.6,6.0,,4.2,328,139,0.0
2022-06-27T14:00:00.000000+0000,661.5,5.9,,3.3,329,85,0.0
2022-06-27T15:00:00.000000+0000,661.3,5.7166667,,1.9,300,40,0.0
2022-06-27T16:00:00.000000+0000,661.4,5.5333333,,1.2,288,4,0.0
2022-06-27T17:00:00.000000+0000,661.4,3.3666666,,2.0,186,0,0.0
2022-06-27T18:00:00.000000+0000,661.7,3.7166667,,2.0,201,0,0.0
2022-06-27T19:00:00.000000+0000,662.0,4.1,,1.7,230,0,0.0
2022-06-27T20:00:00.000000+0000,662.0,3.4666667,,1.7,189,0,0.0
2022-06-27T21:00:00.000000+0000,661.8,4.016667,,1.8,201,0,0.0
2022-06-27T22:00:00.000000+0000,661.4,4.1,,4.3,158,0,0.0
2022-06-27T23:00:00.000000+0000,660.5,5.7166667,,8.5,147,0,0.0
2022-06-28T00:00:00.000000+0000,660.2,5.55,,1.6,31,0,0.0
2022-06-28T01:00:00.000000+0000,660.1,4.9,,1.6,243,0,0.0
2022-06-28T02:00:00.000000+0000,660.2,4.55,,1.9,240,0,0.0
2022-06-28T03:00:00.000000+0000,660.5,3.55,,1.7,232,0,0.0
2022-06-28T04:00:00.000000+0000,660.8,3.2166667,,1.5,225,17,0.0
2022-06-28T05:00:00.000000+0000,661.2,5.2,,1.4,243,194,0.0
2022-06-28T06:00:00.000000+0000,661.7,6.7166667,,1.6,293,409,0.0
2022-06-28T07:00:00.000000+0000,661.9,7.4333334,,2.0,310,474,
2022-06-28T14:00:00.000000+0000,660.6,6.2,,,,,
2022-06-28T15:00:00.000000+0000,660.6,6.0833335,,1.4,351,48,0.0
2022-06-28T16:00:00.000000+0000,660.7,5.0666666,,0.9,141,8,0.0
2022-06-28T17:00:00.000000+0000,661.0,4.4,,2.0,191,0,0.0
2022-06-28T18:00:00.000000+0000,661.2,3.975,,3.0,219,0,0.0
2022-06-28T19:00:00.000000+0000,661.6,3.175,,0.9,214,0,0.0
2022-06-28T20:00:00.000000+0000,661.5,2.6833334,,1.1,124,0,0.0
2022-06-28T21:00:00.000000+0000,661.6,2.1333334,,2.0,127,0,0.0
2022-06-28T22:00:00.000000+0000,661.3,3.2333333,,3.9,180,0,0.0
2022-06-28T23:00:00.000000+0000,661.1,2.8833334,,1.4,180,0,0.0
2022-06-29T00:00:00.000000+0000,660.8,3.3666666,,1.2,225,0,0.0
2022-06-29T01:00:00.000000+0000,660.9,2.9333334,,2.2,214,0,0.0
2022-06-29T02:00:00.000000+0000,660.8,2.3166666,,2.6,187,0,0.0
2022-06-29T03:00:00.000000+0000,661.0,1.5666667,,1.6,176,0,0.0
2022-06-29T04:00:00.000000+0000,661.1,2.3833334,,1.5,231,24,0.0
2022-06-29T05:00:00.000000+0000,661.5,4.266667,,1.1,248,207,0.0
2022-06-29T06:00:00.000000+0000,662.0,4.8,,1.9,285,233,0.0
2022-06-29T07:00:00.000000+0000,662.3,5.7166667,,3.1,316,384,0.0
2022-06-29T08:00:00.000000+0000,662.5,6.266667,,3.2,321,293,0.0
2022-06-29T09:00:00.000000+0000,662.4,6.2833333,,3.5,317,271,0.0
2022-06-29T10:00:00.000000+0000,662.2,6.3166666,,3.0,325,304,0.0
2022-06-29T11:00:00.000000+0000,661.9,6.733333,,3.4,315,389,0.0
2022-06-29T12:00:00.000000+0000,661.3,8.55,,4.1,348,790,0.0
2022-06-29T13:00:00.000000+0000,660.9,7.266667,,4.9,7,176,0.0
2022-06-29T14:00:00.000000+0000,660.9,6.85,,3.7,5,134,0.0
2022-06-29T15:00:00.000000+0000,661.0,6.5833335,,3.1,360,80,0.0
2022-06-29T16:00:00.000000+0000,661.1,5.8,,2.0,325,15,0.0
2022-06-29T17:00:00.000000+0000,661.1,4.0833335,,2.5,220,0,0.0
2022-06-29T18:00:00.000000+0000,661.3,3.9833333,,2.9,245,0,0.0
2022-06-29T19:00:00.000000+0000,661.4,3.8166666,,3.0,258,0,0.0
2022-06-29T20:00:00.000000+0000,661.3,3.5333333,,2.3,242,0,0.0
2022-06-29T21:00:00.000000+0000,661.3,3.0833333,,2.0,225,0,0.0
2022-06-29T22:00:00.000000+0000,660.9,2.8166666,,2.2,138,0,0.0
2022-06-29T23:00:00.000000+0000,660.7,3.1,,1.6,138,0,0.0
2022-06-30T00:00:00.000000+0000,660.6,2.7833333,,1.4,219,0,0.0
2022-06-30T01:00:00.000000+0000,660.2,2.6833334,,1.8,216,0,0.0
2022-06-30T02:00:00.000000+0000,660.2,2.5333333,,1.2,209,0,0.0
2022-06-30T03:00:00.000000+0000,660.5,2.6,,0.8,225,0,0.0
2022-06-30T04:00:00.000000+0000,660.9,2.1666667,,1.6,208,14,0.0
2022-06-30T05:00:00.000000+0000,661.5,4.0,,1.2,221,143,0.0
2022-06-30T06:00:00.000000+0000,662.0,5.7833333,,1.7,318,463,0.0
2022-06-30T07:00:00.000000+0000,662.4,6.0666666,,2.8,306,342,0.0
2022-06-30T08:00:00.000000+0000,662.6,6.883333,,2.9,321,406,0.0
2022-06-30T09:00:00.000000+0000,662.5,6.6,,2.8,315,171,0.0
2022-06-30T10:00:00.000000+0000,662.2,8.316667,,5.1,5,504,0.0
2022-06-30T11:00:00.000000+0000,661.9,8.366667,,6.7,5,393,0.0
2022-06-30T12:00:00.000000+0000,661.6,7.383333,,4.5,4,216,0.0
2022-06-30T13:00:00.000000+0000,661.2,7.52,,3.9,355,316,0.0
2022-06-30T14:00:00.000000+0000,661.3,6.9,,2.3,337,187,0.0
2022-06-30T15:00:00.000000+0000,661.4,6.4666667,,1.1,288,47,0.0
2022-06-30T16:00:00.000000+0000,661.5,6.0333333,,2.0,260,9,0.0
2022-06-30T17:00:00.000000+0000,661.5,5.15,,2.1,221,0,0.0
2022-06-30T18:00:00.000000+0000,661.6,4.1666665,,2.3,233,0,0.0
2022-06-30T19:00:00.000000+0000,661.7,4.2166667,,2.5,247,0,0.0
2022-06-30T20:00:00.000000+0000,661.9,3.75,,2.8,208,0,0.0
2022-06-30T21:00:00.000000+0000,661.8,4.3333335,,2.0,203,0,0.0
2022-06-30T22:00:00.000000+0000,661.5,3.4166667,,1.9,125,0,0.0
2022-06-30T23:00:00.000000+0000,660.9,4.05,,4.7,139,0,0.0
2022-07-01T00:00:00.000000+0000,660.5,4.4166665,,5.9,139,0,0.0
2022-07-01T01:00:00.000000+0000,660.5,4.516667,,2.8,148,0,0.0
2022-07-01T02:00:00.000000+0000,660.5,5.1,,6.7,151,0,0.0
2022-07-01T03:00:00.000000+0000,660.5,5.5,,8.3,144,0,0.0
2022-07-01T04:00:00.000000+0000,660.6,5.7,,7.5,145,18,0.0
2022-07-01T05:00:00.000000+0000,661.1,6.7166667,,1.6,37,206,0.0
2022-07-01T06:00:00.000000+0000,661.7,6.5833335,,1.8,353,423,0.0
2022-07-01T07:00:00.000000+0000,662.2,6.766667,,2.6,338,559,0.0
2022-07-01T08:00:00.000000+0000,662.3,6.4666667,,2.5,349,340,0.0
2022-07-01T09:00:00.000000+0000,662.2,6.733333,,3.0,6,330,0.0
2022-07-01T10:00:00.000000+0000,662.3,6.4,,4.1,11,154,0.0
2022-07-01T11:00:00.000000+0000,662.0,6.5,,5.0,12,126,0.0
2022-07-01T12:00:00.000000+0000,661.8,6.55,,4.9,11,124,0.0
2022-07-02T11:00:00.000000+0000,,6.4,,,,,
2022-07-02T12:00:00.000000+0000,661.9,6.5833335,,3.9,346,242,0.0
2022-07-02T13:00:00.000000+0000,661.6,6.633333,,3.9,358,179,
2022-07-03T13:00:00.000000+0000,662.1,6.75,,,,,
2022-07-03T14:00:00.000000+0000,662.0,6.733333,,2.4,280,86,0.0
2022-07-03T15:00:00.000000+0000,661.9,6.516667,,2.0,261,37,0.0
2022-07-03T16:00:00.000000+0000,662.0,5.85,,3.8,248,8,0.0
2022-07-03T17:00:00.000000+0000,662.1,4.4666667,,4.5,232,0,0.0
2022-07-03T18:00:00.000000+0000,662.2,3.85,,2.9,246,0,0.0
2022-07-03T19:00:00.000000+0000,662.4,4.0,,5.4,233,0,0.0
2022-07-03T20:00:00.000000+0000,662.4,4.633333,,5.5,230,0,0.0
2022-07-03T21:00:00.000000+0000,662.4,5.0833335,,5.6,245,0,0.0
2022-07-03T22:00:00.000000+0000,662.0,4.6,,5.7,229,0,0.0
2022-07-03T23:00:00.000000+0000,661.6,3.7,,4.8,222,0,0.0
2022-07-04T00:00:00.000000+0000,661.4,4.6833334,,4.9,243,0,0.0
2022-07-04T01:00:00.000000+0000,661.1,3.9833333,,5.3,230,0,0.0
2022-07-04T02:00:00.000000+0000,661.1,3.5,,5.0,209,0,0.0
2022-07-04T03:00:00.000000+0000,661.4,4.016667,,3.6,219,0,0.0
2022-07-04T04:00:00.000000+0000,661.6,4.0,,3.4,213,25,0.0
2022-07-04T05:00:00.000000+0000,662.0,5.233333,,2.6,223,210,0.0
2022-07-04T06:00:00.000000+0000,662.6,7.0833335,,2.0,270,430,0.0
2022-07-04T07:00:00.000000+0000,663.1,6.95,,3.0,286,580,0.0
2022-07-04T08:00:00.000000+0000,663.2,7.866667,,3.2,303,695,0.0
2022-07-04T09:00:00.000000+0000,663.0,8.6,,4.3,307,871,0.0
2022-07-04T10:00:00.000000+0000,662.8,8.3,,5.7,316,554,0.0
2022-07-04T11:00:00.000000+0000,662.6,8.1,,5.8,314,463,0.0
2022-07-04T12:00:00.000000+0000,662.2,8.066667,,6.1,318,393,0.0
2022-07-04T13:00:00.000000+0000,662.0,7.266667,,5.2,315,191,0.0
2022-07-04T14:00:00.000000+0000,661.7,7.5666666,,4.7,303,151,0.0
2022-07-04T15:00:00.000000+0000,661.7,7.1833334,,4.5,290,100,0.0
2022-07-04T16:00:00.000000+0000,661.6,6.3166666,,4.4,279,14,0.0
2022-07-04T17:00:00.000000+0000,661.7,5.633333,,5.7,257,0,0.0
2022-07-04T18:00:00.000000+0000,661.8,5.383333,,4.6,252,0,0.0
2022-07-04T19:00:00.000000+0000,661.8,5.6833334,,5.5,242,0,0.0
2022-07-04T20:00:00.000000+0000,661.6,5.65,,7.2,248,0,0.0
2022-07-04T21:00:00.000000+0000,661.4,4.55,,5.4,248,0,0.0
2022-07-04T22:00:00.000000+0000,661.2,4.633333,,5.6,251,0,0.0
2022-07-04T23:00:00.000000+0000,661.0,3.9166667,,4.6,228,0,0.0
2022-07-05T00:00:00.000000+0000,660.9,3.6166666,,4.1,230,0,0.0
2022-07-05T01:00:00.000000+0000,660.6,3.2166667,,3.7,236,0,0.0
2022-07-05T02:00:00.000000+0000,660.7,3.2,,3.5,226,0,0.0
2022-07-05T03:00:00.000000+0000,661.0,3.2,,2.9,225,0,0.0
2022-07-05T04:00:00.000000+0000,661.2,2.5666666,,3.7,232,13,0.0
2022-07-05T05:00:00.000000+0000,661.6,5.5,,2.4,247,203,0.0
2022-07-05T06:00:00.000000+0000,662.1,6.8166666,,2.1,258,423,0.0
2022-07-05T07:00:00.000000+0000,662.5,6.733333,,3.2,287,565,0.0
2022-07-05T08:00:00.000000+0000,662.4,7.8333335,,3.9,304,690,0.0
2022-07-05T09:00:00.000000+0000,662.3,8.583333,,4.0,341,715,0.0
2022-07-05T10:00:00.000000+0000,662.1,9.033334,,4.3,330,810,0.0
2022-07-05T11:00:00.000000+0000,662.0,9.25,,4.1,317,658,0.0
2022-07-05T12:00:00.000000+0000,661.9,9.683333,,5.3,330,607,0.0
2022-07-05T13:00:00.000000+0000,661.7,8.766666,,4.2,310,372,0.0
2022-07-05T14:00:00.000000+0000,661.5,9.266666,,5.0,306,387,0.0
2022-07-05T15:00:00.000000+0000,661.3,7.7166667,,4.6,317,107,0.0
2022-07-05T16:00:00.000000+0000,661.4,6.7166667,,3.8,282,11,0.0
2022-07-05T17:00:00.000000+0000,661.6,6.116667,,4.1,294,0,0.9
2022-07-05T18:00:00.000000+0000,661.9,5.8,,4.7,256,0,0.0
2022-07-05T19:00:00.000000+0000,662.0,5.383333,,4.2,249,0,0.0
2022-07-05T20:00:00.000000+0000,661.9,4.616667,,5.3,240,0,0.0
2022-07-05T21:00:00.000000+0000,661.6,4.4166665,,5.5,231,0,0.0
2022-07-05T22:00:00.000000+0000,661.1,3.95,,5.7,232,0,0.0
2022-07-05T23:00:00.000000+0000,660.8,4.016667,,5.4,238,0,0.0
2022-07-06T00:00:00.000000+0000,660.5,4.516667,,5.3,244,0,0.0
2022-07-06T01:00:00.000000+0000,660.6,4.866667,,5.7,267,0,0.0
2022-07-06T02:00:00.000000+0000,660.9,4.55,,4.2,267,0,0.0
2022-07-06T03:00:00.000000+0000,661.2,4.0833335,,4.0,248,0,0.0
2022-07-06T04:00:00.000000+0000,661.5,4.3,,3.4,250,14,0.0
2022-07-06T05:00:00.000000+0000,661.9,5.2833333,,3.2,272,194,0.0
2022-07-06T06:00:00.000000+0000,662.4,6.4333334,,3.6,295,406,0.0
2022-07-06T07:00:00.000000+0000,662.6,7.3333335,,5.1,313,569,0.0
2022-07-06T08:00:00.000000+0000,662.8,7.633333,,5.0,306,604,0.0
2022-07-06T09:00:00.000000+0000,662.6,9.35,,6.7,337,865,0.0
2022-07-06T10:00:00.000000+0000,662.2,9.116667,,6.1,310,718,0.0
2022-07-06T11:00:00.000000+0000,661.9,9.683333,,5.9,341,617,0.0
2022-07-06T12:00:00.000000+0000,661.6,10.35,,7.7,327,601,0.0
2022-07-06T13:00:00.000000+0000,661.2,9.716666,,5.6,328,384,0.0
2022-07-06T14:00:00.000000+0000,660.9,7.3333335,,5.2,320,86,0.0
2022-07-06T15:00:00.000000+0000,661.1,4.7833333,,5.7,220,46,0.2
2022-07-06T16:00:00.000000+0000,661.6,5.4666667,,2.7,303,3,0.9
2022-07-06T17:00:00.000000+0000,661.8,4.983333,,3.5,225,0,3.7
2022-07-06T18:00:00.000000+0000,661.9,5.3166666,,4.6,243,0,0.9
2022-07-06T19:00:00.000000+0000,662.0,5.766667,,4.2,259,0,0.0
2022-07-06T20:00:00.000000+0000,662.0,5.95,,4.8,274,0,0.0
2022-07-06T21:00:00.000000+0000,661.7,5.516667,,5.0,268,0,0.0
2022-07-06T22:00:00.000000+0000,661.3,5.3166666,,6.2,260,0,0.0
2022-07-06T23:00:00.000000+0000,661.2,5.4666667,,6.0,253,0,0.0
2022-07-07T00:00:00.000000+0000,661.1,5.5,,4.6,242,0,0.0
2022-07-07T01:00:00.000000+0000,661.1,5.5666666,,3.2,253,0,0.0
2022-07-07T02:00:00.000000+0000,661.1,5.35,,3.6,265,0,0.0
2022-07-07T03:00:00.000000+0000,661.3,4.5,,3.0,242,0,0.0
2022-07-07T04:00:00.000000+0000,661.7,4.9333334,,3.7,220,20,0.0
2022-07-07T05:00:00.000000+0000,662.1,5.7833333,,3.1,262,91,0.0
2022-07-07T06:00:00.000000+0000,662.5,6.2833333,,3.2,285,227,0.0
2022-07-07T07:00:00.000000+0000,662.7,6.9333334,,2.8,292,458,0.0
2022-07-07T08:00:00.000000+0000,662.8,7.65,,3.5,297,461,0.0
2022-07-07T09:00:00.000000+0000,662.6,7.4333334,,3.4,319,351,0.0
2022-07-07T10:00:00.000000+0000,662.1,7.0833335,,3.9,335,201,0.0
2022-07-07T11:00:00.000000+0000,661.8,6.3166666,,4.2,334,82,0.0
2022-07-07T12:00:00.000000+0000,661.6,6.266667,,3.2,290,105,0.0
2022-07-07T13:00:00.000000+0000,661.3,6.8,,2.6,263,116,0.0
2022-07-07T14:00:00.000000+0000,661.2,6.8,,2.0,319,104,0.0
2022-07-07T15:00:00.000000+0000,661.4,6.65,,2.8,274,49,0.0
2022-07-07T16:00:00.000000+0000,661.7,6.0,,3.9,252,10,0.0
2022-07-07T17:00:00.000000+0000,661.8,5.616667,,4.0,248,0,0.0
2022-07-07T18:00:00.000000+0000,662.1,5.7833333,,4.0,261,0,0.0
2022-07-07T19:00:00.000000+0000,662.5,5.75,,2.4,246,0,0.0
2022-07-07T20:00:00.000000+0000,662.5,5.75,,3.4,248,0,0.0
2022-07-07T21:00:00.000000+0000,662.3,6.133333,,5.7,255,0,0.0
2022-07-07T22:00:00.000000+0000,662.0,5.866667,,6.0,255,0,0.0
2022-07-07T23:00:00.000000+0000,661.5,6.3333335,,6.7,244,0,0.0
2022-07-08T00:00:00.000000+0000,661.2,5.633333,,5.4,266,0,0.0
2022-07-08T01:00:00.000000+0000,661.2,5.5,,5.7,265,0,0.0
2022-07-08T02:00:00.000000+0000,661.6,5.0833335,,5.8,251,0,0.0
2022-07-08T03:00:00.000000+0000,661.8,4.8333335,,5.4,253,0,0.0
2022-07-08T04:00:00.000000+0000,661.9,4.483333,,5.4,254,11,0.0
2022-07-08T05:00:00.000000+0000,662.4,5.2,,4.8,258,55,0.0
2022-07-08T06:00:00.000000+0000,662.8,6.3,,4.3,235,315,0.0
2022-07-08T07:00:00.000000+0000,663.1,7.2,,4.4,285,441,0.0
2022-07-08T08:00:00.000000+0000,663.0,7.35,,4.7,283,296,0.0
2022-07-08T09:00:00.000000+0000,662.7,7.05,,4.2,284,194,0.0
2022-07-08T10:00:00.000000+0000,662.5,6.7166667,,4.1,312,135,0.0
2022-07-08T11:00:00.000000+0000,662.1,6.42,,4.2,304,101,0.0
2022-07-08T12:00:00.000000+0000,662.0,6.2,,4.7,265,122,0.0
2022-07-08T13:00:00.000000+0000,661.6,6.24,,3.7,268,99,0.0
2022-07-08T14:00:00.000000+0000,661.3,6.575,,5.0,272,152,0.0
2022-07-08T15:00:00.000000+0000,661.3,6.3,,4.9,260,61,0.0
2022-07-08T16:00:00.000000+0000,661.4,6.125,,4.2,263,4,0.0
2022-07-08T17:00:00.000000+0000,661.4,5.866667,,6.1,250,0,0.0
2022-07-08T18:00:00.000000+0000,661.7,6.016667,,5.1,252,0,0.0
2022-07-08T19:00:00.000000+0000,661.9,6.016667,,4.5,253,0,0.0
2022-07-08T20:00:00.000000+0000,662.0,6.26,,4.8,271,0,0.0
2022-07-08T21:00:00.000000+0000,661.8,5.766667,,3.9,263,0,0.0
2022-07-08T22:00:00.000000+0000,661.5,5.5666666,,3.7,251,0,0.0
2022-07-08T23:00:00.000000+0000,661.1,5.65,,2.6,252,0,0.0
2022-07-09T00:00:00.000000+0000,660.5,5.5,,3.3,255,0,0.0
2022-07-09T01:00:00.000000+0000,660.5,5.7,,4.7,250,0,0.0
2022-07-09T17:00:00.000000+0000,661.4,5.733333,,5.8,269,0,
2022-07-09T18:00:00.000000+0000,661.4,5.633333,,5.6,258,0,0.0
2022-07-09T19:00:00.000000+0000,661.5,5.6,,5.4,256,0,0.0
2022-07-09T20:00:00.000000+0000,661.5,5.6,,4.9,253,0,0.0
2022-07-09T21:00:00.000000+0000,661.1,5.4166665,,5.0,253,0,0.0
2022-07-09T22:00:00.000000+0000,660.8,5.2833333,,4.6,270,0,0.0
2022-07-09T23:00:00.000000+0000,660.5,5.0666666,,5.1,245,0,0.0
2022-07-10T00:00:00.000000+0000,660.1,5.1666665,,5.6,250,0,0.0
2022-07-10T01:00:00.000000+0000,659.8,5.3,,5.2,266,0,0.0
2022-07-10T18:00:00.000000+0000,,5.5,,,,,
2022-07-10T19:00:00.000000+0000,660.9,4.9666667,,3.4,254,0,0.0
2022-07-10T20:00:00.000000+0000,661.0,4.7166667,,5.0,256,0,0.0
2022-07-10T21:00:00.000000+0000,660.8,5.2,,4.1,261,0,0.0
2022-07-10T22:00:00.000000+0000,660.5,4.8333335,,4.6,276,0,0.0
2022-07-10T23:00:00.000000+0000,660.4,4.75,,4.0,258,0,0.0
2022-07-11T00:00:00.000000+0000,660.2,4.75,,2.4,265,0,0.0
2022-07-11T01:00:00.000000+0000,660.0,4.725,,1.9,239,0,0.0
2022-07-12T09:00:00.000000+0000,662.6,6.0833335,,2.6,357,145,0.0
2022-07-12T10:00:00.000000+0000,662.6,5.766667,,2.6,31,114,0.0
2022-07-12T11:00:00.000000+0000,662.4,5.7833333,,1.6,322,115,0.0
2022-07-12T12:00:00.000000+0000,661.8,6.025,,3.2,18,69,0.0
2022-07-13T16:00:00.000000+0000,661.8,6.25,,1.3,27,33,0.0
2022-07-13T17:00:00.000000+0000,661.8,4.85,,0.9,122,0,0.0
2022-07-13T18:00:00.000000+0000,661.9,3.2,,4.8,150,0,
2022-07-15T08:00:00.000000+0000,,6.5,,,,,
2022-07-15T09:00:00.000000+0000,662.0,7.3333335,,2.9,2,266,0.0
2022-07-15T10:00:00.000000+0000,661.8,7.3333335,,3.8,5,210,
2022-07-15T15:00:00.000000+0000,660.5,6.0666666,,5.3,216,43,0.7
2022-07-15T16:00:00.000000+0000,660.6,6.15,,2.3,267,48,0.0
2022-07-15T17:00:00.000000+0000,660.6,5.1,,2.4,236,0,0.0
2022-07-15T18:00:00.000000+0000,660.9,5.22,,4.0,241,0,0.0
2022-07-15T19:00:00.000000+0000,661.3,4.5666666,,4.3,243,0,0.0
2022-07-15T20:00:00.000000+0000,661.7,4.516667,,3.0,235,0,0.0
2022-07-19T07:00:00.000000+0000,662.2,6.8333335,,2.1,321,297,
2022-07-19T08:00:00.000000+0000,662.2,6.5,,2.7,328,245,0.0
2022-07-31T00:00:00.000000+0000,660.2,5.02,,0.0,0,0,
2022-07-31T01:00:00.000000+0000,660.0,5.4,,0.0,0,0,0.0
2022-07-31T02:00:00.000000+0000,,5.9666667,,0.0,0,0,
2022-07-31T03:00:00.000000+0000,660.1,5.9666667,,0.0,0,0,0.0
2022-07-31T04:00:00.000000+0000,660.1,5.383333,,0.0,0,5,
2022-07-31T05:00:00.000000+0000,660.9,7.3333335,,0.0,0,155,
2022-07-31T06:00:00.000000+0000,661.2,6.32,,0.0,0,401,
2022-07-31T07:00:00.000000+0000,661.7,6.55,,0.0,0,538,0.0
2022-07-31T08:00:00.000000+0000,661.8,7.3,,0.0,0,535,0.0
2022-08-01T06:00:00.000000+0000,661.9,7.04,,0.0,0,345,0.0
2022-08-01T07:00:00.000000+0000,662.0,7.32,,0.0,0,348,
2022-08-01T10:00:00.000000+0000,,6.4,,0.0,0,95,
2022-08-01T11:00:00.000000+0000,661.7,6.1,,0.0,0,90,
2022-08-01T12:00:00.000000+0000,660.9,6.3,,0.0,0,183,4.0
2022-08-01T13:00:00.000000+0000,660.7,6.733333,,0.0,0,239,0.0
2022-08-01T14:00:00.000000+0000,,6.5666666,,0.0,0,76,
2022-08-01T15:00:00.000000+0000,,6.45,,0.0,0,76,
2022-08-01T16:00:00.000000+0000,,6.2166667,,0.0,0,41,
2022-08-01T17:00:00.000000+0000,,5.9333334,,0.0,0,0,
2022-08-01T18:00:00.000000+0000,660.8,5.7,,0.0,0,0,
2022-08-01T19:00:00.000000+0000,661.2,5.55,,0.0,0,0,
2022-08-01T20:00:00.000000+0000,661.4,5.5333333,,0.0,0,0,
2022-08-01T21:00:00.000000+0000,661.1,5.4166665,,0.0,0,0,60.0
2022-08-01T22:00:00.000000+0000,660.8,5.2833333,,0.0,0,0,60.0
2022-08-01T23:00:00.000000+0000,660.8,5.3166666,,0.0,0,0,0.0
2022-08-02T00:00:00.000000+0000,660.6,5.2833333,,0.0,0,0,
2022-08-02T01:00:00.000000+0000,660.3,5.266667,,0.0,0,0,
2022-08-02T02:00:00.000000+0000,660.0,5.0833335,,0.0,0,0,
2022-08-02T03:00:00.000000+0000,661.2,4.9666667,,0.0,0,0,
2022-08-02T04:00:00.000000+0000,661.0,5.02,,0.0,0,1,
2022-08-02T05:00:00.000000+0000,661.1,5.1833334,,0.0,0,18,0.0
2022-08-02T06:00:00.000000+0000,661.6,5.2166667,,0.0,0,46,
2022-08-02T07:00:00.000000+0000,662.0,5.366667,,0.0,0,99,
2022-08-02T08:00:00.000000+0000,662.1,5.633333,,0.0,0,142,
2022-08-02T09:00:00.000000+0000,662.1,5.7166667,,0.0,0,186,0.0
2022-08-02T10:00:00.000000+0000,661.7,5.7166667,,0.0,0,138,0.0
2022-08-02T11:00:00.000000+0000,661.1,5.46,,0.0,0,140,
2022-08-02T12:00:00.000000+0000,660.9,5.4,,0.0,0,203,0.0
2022-08-02T13:00:00.000000+0000,660.7,5.5833335,,0.0,0,173,0.1
2022-08-02T14:00:00.000000+0000,660.6,5.4,,0.0,0,82,
2022-08-02T15:00:00.000000+0000,660.4,5.0833335,,0.0,0,61,
2022-08-02T16:00:00.000000+0000,660.5,4.95,,0.0,0,14,
2022-08-02T17:00:00.000000+0000,660.9,4.6,,0.0,0,0,
2022-08-02T18:00:00.000000+0000,661.1,4.733333,,0.0,0,0,0.0
2022-08-02T19:00:00.000000+0000,,5.06,,0.0,0,0,
2022-08-02T20:00:00.000000+0000,661.6,5.2166667,,0.0,0,0,0.0
2022-08-02T21:00:00.000000+0000,661.4,5.0333333,,0.0,0,0,0.0
2022-08-02T22:00:00.000000+0000,661.0,5.4666667,,0.0,0,0,0.0
2022-08-02T23:00:00.000000+0000,660.8,5.35,,0.0,0,0,0.0
2022-08-03T00:00:00.000000+0000,,5.7,,0.0,0,0,
2022-08-03T01:00:00.000000+0000,660.2,5.266667,,0.0,0,0,0.0
2022-08-03T02:00:00.000000+0000,660.2,4.866667,,0.0,0,0,0.0
2022-08-03T03:00:00.000000+0000,660.3,4.6833334,,0.0,0,0,0.0
2022-08-03T04:00:00.000000+0000,660.4,4.98,,0.0,0,5,0.0
2022-08-03T05:00:00.000000+0000,660.8,5.65,,0.0,0,167,
2022-08-03T06:00:00.000000+0000,661.5,6.7166667,,0.0,0,367,0.0
2022-08-03T07:00:00.000000+0000,661.6,7.133333,,0.0,0,411,0.0
2022-08-03T08:00:00.000000+0000,661.8,6.6666665,,0.0,0,309,0.0
2022-08-03T09:00:00.000000+0000,661.6,7.366667,,0.0,0,537,0.0
2022-08-03T10:00:00.000000+0000,661.4,6.9166665,,0.0,0,333,0.0
2022-08-03T11:00:00.000000+0000,660.9,6.3166666,,0.0,0,203,0.0
2022-08-03T12:00:00.000000+0000,660.6,6.0,,0.0,0,148,
2022-08-04T17:00:00.000000+0000,661.0,5.5,,0.0,0,0,
2022-08-04T18:00:00.000000+0000,,5.766667,,0.0,0,0,
2022-08-04T19:00:00.000000+0000,661.4,5.5666666,,0.0,0,0,
2022-08-04T20:00:00.000000+0000,661.4,4.96,,0.0,0,0,0.0
2022-08-04T21:00:00.000000+0000,661.2,5.0,,0.0,0,0,0.0
2022-08-04T22:00:00.000000+0000,,5.3,,0.0,0,0,
2022-08-05T06:00:00.000000+0000,661.7,6.0,,0.0,0,176,0.0
2022-08-05T07:00:00.000000+0000,662.0,7.64,,0.0,0,588,0.0
2022-08-05T08:00:00.000000+0000,662.2,7.65,,0.0,0,510,0.0
2022-08-05T09:00:00.000000+0000,662.0,8.016666,,0.0,0,614,0.0
2022-08-05T10:00:00.000000+0000,661.8,8.6,,0.0,0,883,
2022-08-05T11:00:00.000000+0000,661.4,8.783334,,0.0,0,628,
2022-08-05T12:00:00.000000+0000,661.1,7.18,,0.0,0,112,
2022-08-05T13:00:00.000000+0000,660.8,6.6,,0.0,0,91,0.0
2022-08-05T14:00:00.000000+0000,,6.6,,0.0,0,93,
2022-08-05T15:00:00.000000+0000,660.8,6.8,,0.0,0,150,0.0
2022-08-05T16:00:00.000000+0000,660.9,6.26,,0.0,0,34,0.0
2022-08-05T17:00:00.000000+0000,661.1,5.45,,0.0,0,0,
2022-08-05T18:00:00.000000+0000,661.2,4.7833333,,0.0,0,0,0.0
2022-08-05T19:00:00.000000+0000,661.2,4.8166666,,0.0,0,0,0.0
2022-08-05T20:00:00.000000+0000,661.2,4.5333333,,0.0,0,0,0.0
2022-08-05T21:00:00.000000+0000,660.9,4.616667,,0.0,0,0,0.0
2022-08-05T22:00:00.000000+0000,,4.66,,0.0,0,0,
2022-08-05T23:00:00.000000+0000,660.3,4.2166667,,0.0,0,0,
2022-08-06T00:00:00.000000+0000,659.8,4.3,,0.0,0,0,0.0
2022-08-06T01:00:00.000000+0000,659.8,4.0,,0.0,0,0,0.0
2022-08-06T09:00:00.000000+0000,661.9,7.3166666,,0.0,0,317,
2022-08-06T10:00:00.000000+0000,661.6,8.016666,,0.0,0,455,
2022-08-06T11:00:00.000000+0000,661.0,7.18,,0.0,0,219,
2022-08-06T12:00:00.000000+0000,660.7,6.58,,0.0,0,134,
2022-08-06T13:00:00.000000+0000,660.3,6.425,,0.0,0,77,
2022-08-06T14:00:00.000000+0000,,6.68,,0.0,0,107,
2022-08-06T15:00:00.000000+0000,660.3,6.5666666,,0.0,0,44,0.0
2022-08-06T16:00:00.000000+0000,,6.2166667,,0.0,0,31,
2022-08-06T17:00:00.000000+0000,660.5,5.7166667,,0.0,0,0,0.0
2022-08-06T18:00:00.000000+0000,660.5,5.9,,0.0,0,0,0.0
2022-08-06T19:00:00.000000+0000,660.7,5.383333,,0.0,0,0,
2022-08-06T20:00:00.000000+0000,660.6,4.116667,,0.0,0,0,
2022-08-06T21:00:00.000000+0000,660.5,3.4833333,,0.0,0,0,
2022-08-06T22:00:00.000000+0000,660.0,4.5,,0.0,0,0,
2022-08-06T23:00:00.000000+0000,659.6,3.7333333,,0.0,0,0,0.0
2022-08-07T00:00:00.000000+0000,659.2,3.8,,0.0,0,0,
2022-08-08T00:00:00.000000+0000,659.0,3.375,,0.0,0,0,0.0
2022-08-08T01:00:00.000000+0000,658.8,3.6,,0.0,0,0,0.0
2022-08-08T09:00:00.000000+0000,661.1,6.016667,,0.0,0,267,0.0
2022-08-08T10:00:00.000000+0000,661.0,5.9666667,,0.0,0,248,0.0
2022-08-08T11:00:00.000000+0000,660.6,6.4333334,,0.0,0,361,
2022-08-08T12:00:00.000000+0000,660.2,7.25,,0.0,0,315,0.0
2022-08-08T13:00:00.000000+0000,660.0,6.85,,0.0,0,277,0.0
2022-08-08T14:00:00.000000+0000,659.9,6.64,,0.0,0,117,0.0
2022-08-08T15:00:00.000000+0000,660.0,6.5333333,,0.0,0,61,
2022-08-08T16:00:00.000000+0000,660.2,5.95,,0.0,0,8,
2022-08-08T17:00:00.000000+0000,660.4,4.5,,0.0,0,0,0.0
2022-08-08T18:00:00.000000+0000,660.5,4.0833335,,0.0,0,0,0.0
2022-08-08T19:00:00.000000+0000,660.8,4.7166667,,0.0,0,0,
2022-08-08T20:00:00.000000+0000,661.1,5.0833335,,0.0,0,0,0.0
2022-08-08T21:00:00.000000+0000,660.9,3.9666667,,0.0,0,0,
2022-08-08T22:00:00.000000+0000,660.8,4.35,,0.0,0,0,
2022-08-08T23:00:00.000000+0000,660.4,3.3833334,,0.0,0,0,0.0
2022-08-09T00:00:00.000000+0000,660.1,2.75,,0.0,0,0,
2022-08-11T15:00:00.000000+0000,659.4,6.75,,,,,
2022-08-11T16:00:00.000000+0000,660.1,6.7,,0.0,0,11,0.0
2022-08-11T17:00:00.000000+0000,660.0,6.0666666,,0.0,0,0,0.0
2022-08-11T18:00:00.000000+0000,660.2,4.3,,0.0,0,0,0.0
2022-08-11T19:00:00.000000+0000,660.6,4.5833335,,0.0,0,0,0.0
2022-08-11T20:00:00.000000+0000,660.9,4.75,,0.0,0,0,0.0
2022-08-11T21:00:00.000000+0000,660.8,4.6666665,,0.0,0,0,0.0
2022-08-11T22:00:00.000000+0000,660.5,5.05,,0.0,0,0,0.0
2022-08-11T23:00:00.000000+0000,660.1,4.5666666,,0.0,0,0,0.0
2022-08-12T00:00:00.000000+0000,659.5,4.08,,0.0,0,0,0.0
2022-08-12T01:00:00.000000+0000,659.4,4.9,,0.0,0,0,
2022-08-12T02:00:00.000000+0000,659.3,4.483333,,0.0,0,0,
2022-08-12T03:00:00.000000+0000,659.4,4.483333,,0.0,0,0,0.0
2022-08-12T04:00:00.000000+0000,659.8,4.2,,0.0,0,4,0.0
2022-08-12T05:00:00.000000+0000,660.2,5.4166665,,0.0,0,123,0.0
2022-08-12T06:00:00.000000+0000,660.7,6.616667,,0.0,0,284,0.0
2022-08-12T07:00:00.000000+0000,661.2,6.866667,,0.0,0,230,0.0
2022-08-12T08:00:00.000000+0000,,7.5,,0.0,0,392,
2022-08-12T09:00:00.000000+0000,661.1,8.1,,0.0,0,314,
2022-08-12T10:00:00.000000+0000,661.1,7.483333,,0.0,0,174,0.0
2022-08-12T11:00:00.000000+0000,660.8,7.866667,,0.0,0,265,
2022-08-12T12:00:00.000000+0000,660.1,7.7833333,,0.0,0,255,
2022-08-12T13:00:00.000000+0000,659.9,7.5,,0.0,0,163,
2022-08-12T14:00:00.000000+0000,659.8,7.25,,0.0,0,77,
2022-08-12T15:00:00.000000+0000,659.9,7.1,,0.0,0,69,0.0
2022-08-12T16:00:00.000000+0000,660.0,6.7,,0.0,0,24,0.0
2022-08-12T17:00:00.000000+0000,660.0,5.0,,0.0,0,0,0.0
2022-08-12T18:00:00.000000+0000,660.1,5.266667,,0.0,0,0,0.0
2022-08-12T19:00:00.000000+0000,660.5,5.05,,0.0,0,0,0.0
2022-08-12T20:00:00.000000+0000,660.9,5.5833335,,0.0,0,0,0.0
2022-08-12T21:00:00.000000+0000,660.9,5.133333,,0.0,0,0,0.0
2022-08-12T22:00:00.000000+0000,660.6,4.7833333,,0.0,0,0,
2022-08-12T23:00:00.000000+0000,659.9,5.6,,0.0,0,0,0.0
2022-08-13T00:00:00.000000+0000,659.4,4.9666667,,0.0,0,0,
2022-08-13T01:00:00.000000+0000,659.3,5.0,,0.0,0,0,0.0
2022-08-13T02:00:00.000000+0000,659.1,5.1,,0.0,0,0,0.0
2022-08-13T03:00:00.000000+0000,659.5,5.133333,,0.0,0,0,
2022-08-13T04:00:00.000000+0000,,5.2166667,,0.0,0,1,
2022-08-13T05:00:00.000000+0000,660.5,5.383333,,0.0,0,11,
2022-08-13T06:00:00.000000+0000,,6.0,,0.0,0,84,
2022-08-13T07:00:00.000000+0000,661.2,6.8,,0.0,0,201,
2022-08-13T08:00:00.000000+0000,661.3,8.416667,,0.0,0,424,0.0
2022-08-13T09:00:00.000000+0000,661.2,7.5833335,,0.0,0,311,0.0
2022-08-13T10:00:00.000000+0000,661.0,7.9166665,,0.0,0,462,0.0
2022-08-13T11:00:00.000000+0000,660.6,7.366667,,0.0,0,205,0.0
2022-08-13T12:00:00.000000+0000,660.1,7.05,,0.0,0,138,0.0
2022-08-13T13:00:00.000000+0000,659.7,6.9166665,,0.0,0,138,0.0
2022-08-13T14:00:00.000000+0000,659.3,6.86,,0.0,0,104,
2022-08-13T15:00:00.000000+0000,659.9,6.9,,0.0,0,77,
2022-08-13T16:00:00.000000+0000,660.0,6.44,,0.0,0,35,0.0
2022-08-13T17:00:00.000000+0000,660.1,5.9,,0.0,0,0,0.0
2022-08-13T18:00:00.000000+0000,660.6,5.75,,0.0,0,0,0.0
2022-08-13T19:00:00.000000+0000,661.0,5.55,,0.0,0,0,0.0
2022-08-13T20:00:00.000000+0000,661.3,5.633333,,0.0,0,0,0.0
2022-08-13T21:00:00.000000+0000,661.3,6.8333335,,0.0,0,0,0.0
2022-08-13T22:00:00.000000+0000,660.9,5.7833333,,0.0,0,0,0.0
2022-08-13T23:00:00.000000+0000,660.6,5.4166665,,0.0,0,0,0.0
2022-08-14T00:00:00.000000+0000,660.1,5.3333335,,0.0,0,0,0.0
2022-08-14T01:00:00.000000+0000,659.9,5.4666667,,0.0,0,0,0.0
2022-08-14T02:00:00.000000+0000,,4.7,,0.0,0,0,
2022-08-14T03:00:00.000000+0000,660.2,5.15,,0.0,0,0,0.0
2022-08-14T04:00:00.000000+0000,660.3,5.3333335,,0.0,0,6,0.0
2022-08-14T05:00:00.000000+0000,660.5,7.0,,0.0,0,198,0.0
2022-08-14T06:00:00.000000+0000,661.0,8.983334,,0.0,0,413,0.0
2022-08-14T07:00:00.000000+0000,661.5,9.316667,,0.0,0,629,0.0
2022-08-14T08:00:00.000000+0000,661.7,9.6,,0.0,0,700,
2022-08-14T09:00:00.000000+0000,,8.433333,,0.0,0,213,
2022-08-14T10:00:00.000000+0000,661.2,6.7833333,,0.0,0,50,2.6
2022-08-14T11:00:00.000000+0000,660.7,6.233333,,0.0,0,112,
2022-08-14T12:00:00.000000+0000,660.0,7.4333334,,0.0,0,257,7.6
2022-08-14T13:00:00.000000+0000,659.8,6.8,,0.0,0,95,
2022-08-14T14:00:00.000000+0000,659.6,5.95,,,,50,
2022-08-14T15:00:00.000000+0000,659.6,6.116667,,0.0,0,116,0.0
2022-08-14T16:00:00.000000+0000,659.7,5.733333,,0.0,0,28,0.0
2022-08-14T17:00:00.000000+0000,660.0,5.9,,0.0,0,0,
2022-08-14T18:00:00.000000+0000,660.2,6.0,,0.0,0,0,
2022-08-14T19:00:00.000000+0000,660.6,5.4,,0.0,0,0,0.0
2022-08-14T20:00:00.000000+0000,660.8,5.383333,,0.0,0,0,0.0
2022-08-14T21:00:00.000000+0000,660.7,4.5833335,,0.0,0,0,0.0
2022-08-14T22:00:00.000000+0000,660.0,4.65,,0.0,0,0,0.0
2022-08-14T23:00:00.000000+0000,659.7,5.0666666,,0.0,0,0,0.0
2022-08-15T00:00:00.000000+0000,659.5,4.983333,,0.0,0,0,0.0
2022-08-15T01:00:00.000000+0000,659.3,4.65,,0.0,0,0,0.0
2022-08-15T02:00:00.000000+0000,659.3,4.35,,0.0,0,0,0.0
2022-08-15T03:00:00.000000+0000,659.5,4.1833334,,0.0,0,0,0.0
2022-08-15T04:00:00.000000+0000,660.0,4.266667,,0.0,0,6,0.0
2022-08-15T05:00:00.000000+0000,660.5,4.8333335,,0.0,0,150,
2022-08-15T06:00:00.000000+0000,661.2,5.1,,0.0,0,128,
2022-08-15T07:00:00.000000+0000,661.7,5.4333334,,0.0,0,101,0.0
2022-08-15T08:00:00.000000+0000,661.8,6.2,,0.0,0,227,0.0
2022-08-15T09:00:00.000000+0000,661.8,7.133333,,0.0,0,437,0.0
2022-08-15T10:00:00.000000+0000,661.4,7.4,,0.0,0,355,0.0
2022-08-15T11:00:00.000000+0000,661.1,7.1833334,,0.0,0,262,0.0
2022-08-15T12:00:00.000000+0000,660.3,8.033334,,0.0,0,445,0.0
2022-08-15T13:00:00.000000+0000,659.9,8.85,,0.0,0,254,
2022-08-15T14:00:00.000000+0000,660.1,6.45,,,,34,
2022-08-15T15:00:00.000000+0000,660.1,6.45,,0.0,0,127,1.9
2022-08-15T16:00:00.000000+0000,659.4,6.483333,,0.0,0,47,0.0
2022-08-15T17:00:00.000000+0000,660.2,6.04,,0.0,0,0,0.0
2022-08-15T18:00:00.000000+0000,660.3,5.24,,0.0,0,0,
2022-08-15T19:00:00.000000+0000,660.9,5.95,,0.0,0,0,60.0
2022-08-15T20:00:00.000000+0000,660.9,6.2166667,,0.0,0,0,
2022-08-15T21:00:00.000000+0000,661.0,6.15,,0.0,0,0,0.0
2022-08-15T22:00:00.000000+0000,660.5,5.266667,,0.0,0,0,0.0
2022-08-15T23:00:00.000000+0000,660.0,4.633333,,0.0,0,0,0.0
2022-08-16T00:00:00.000000+0000,659.7,4.4333334,,0.0,0,0,0.0
2022-08-16T01:00:00.000000+0000,,4.483333,,0.0,0,0,
2022-08-16T02:00:00.000000+0000,659.9,4.36,,0.0,0,0,
2022-08-16T03:00:00.000000+0000,660.2,4.3,,0.0,0,0,0.0
2022-08-16T04:00:00.000000+0000,660.2,4.983333,,0.0,0,5,0.0
2022-08-16T05:00:00.000000+0000,660.6,6.3166666,,0.0,0,150,0.0
2022-08-16T06:00:00.000000+0000,661.6,6.6,,0.0,0,251,
2022-08-16T07:00:00.000000+0000,661.7,7.4,,0.0,0,370,0.0
2022-08-16T08:00:00.000000+0000,661.9,6.866667,,0.0,0,145,0.0
2022-08-16T09:00:00.000000+0000,661.8,7.5666666,,0.0,0,284,0.0
2022-08-16T10:00:00.000000+0000,661.4,7.1,,0.0,0,199,0.0
2022-08-16T11:00:00.000000+0000,661.0,6.05,,0.0,0,149,120.0
2022-08-16T12:00:00.000000+0000,660.8,7.0,,0.0,0,340,0.0
2022-08-16T13:00:00.000000+0000,,8.4,,0.0,0,428,
2022-08-16T14:00:00.000000+0000,660.3,6.6833334,,0.0,0,194,0.0
2022-08-16T15:00:00.000000+0000,660.4,6.483333,,0.0,0,98,0.0
2022-08-16T16:00:00.000000+0000,660.5,6.1,,0.0,0,18,0.0
2022-08-16T17:00:00.000000+0000,660.7,5.8166666,,0.0,0,0,0.0
2022-08-16T18:00:00.000000+0000,660.9,5.35,,0.0,0,0,0.0
2022-08-16T19:00:00.000000+0000,661.2,4.233333,,0.0,0,0,
2022-08-16T20:00:00.000000+0000,661.4,4.36,,0.0,0,0,
2022-08-16T21:00:00.000000+0000,661.2,3.8666666,,0.0,0,0,0.0
2022-08-16T22:00:00.000000+0000,660.8,4.3166666,,0.0,0,0,
2022-08-16T23:00:00.000000+0000,660.2,4.65,,0.0,0,0,0.0
2022-08-17T00:00:00.000000+0000,659.9,4.7166667,,0.0,0,0,0.0
2022-08-17T01:00:00.000000+0000,659.7,4.2833333,,0.0,0,0,0.0
2022-08-17T02:00:00.000000+0000,659.8,3.5333333,,0.0,0,0,0.0
2022-08-17T03:00:00.000000+0000,659.9,3.8333333,,0.0,0,0,0.0
2022-08-17T04:00:00.000000+0000,660.4,4.4,,0.0,0,6,0.0
2022-08-17T05:00:00.000000+0000,660.7,6.68,,0.0,0,163,
2022-08-17T06:00:00.000000+0000,661.4,8.266666,,0.0,0,425,0.0
2022-08-17T07:00:00.000000+0000,661.6,7.883333,,0.0,0,564,0.0
2022-08-17T08:00:00.000000+0000,661.5,7.6,,1.2,351,273,
2022-08-22T20:00:00.000000+0000,660.9,3.0,,,,,
2022-08-22T21:00:00.000000+0000,660.7,3.2,,5.1,137,0,0.0
2022-08-22T22:00:00.000000+0000,660.0,3.5,,6.9,153,0,
2022-08-26T19:00:00.000000+0000,660.4,4.7,,1.9,212,0,
2022-08-27T16:00:00.000000+0000,659.5,5.6,,1.2,53,2,0.0
2022-08-27T17:00:00.000000+0000,659.7,5.35,,1.4,84,0,0.0
2022-08-27T18:00:00.000000+0000,660.1,4.25,,2.5,185,0,0.0
2022-08-27T19:00:00.000000+0000,660.5,4.516667,,1.9,204,0,0.0
2022-08-27T20:00:00.000000+0000,660.6,3.7333333,,2.5,183,0,0.0
2022-08-27T21:00:00.000000+0000,660.3,3.85,,1.3,160,0,0.0
2022-08-27T22:00:00.000000+0000,659.8,4.25,,0.8,198,0,0.0
2022-08-27T23:00:00.000000+0000,659.3,3.9333334,,0.6,194,0,0.0
2022-08-28T00:00:00.000000+0000,659.0,3.7,,1.7,215,0,0.0
2022-08-28T01:00:00.000000+0000,658.7,3.85,,1.7,214,0,0.0
2022-08-28T02:00:00.000000+0000,658.9,3.9166667,,0.5,333,0,0.0
2022-08-28T03:00:00.000000+0000,659.1,3.0833333,,2.0,109,0,0.0
2022-08-28T04:00:00.000000+0000,659.1,3.0833333,,2.6,115,25,0.0
2022-08-28T05:00:00.000000+0000,659.7,5.85,,2.1,106,228,0.0
2022-08-28T06:00:00.000000+0000,660.3,7.05,,2.7,30,479,0.0
2022-08-28T07:00:00.000000+0000,660.7,6.383333,,2.9,305,537,0.0
2022-08-28T08:00:00.000000+0000,660.7,6.733333,,3.0,298,478,0.0
2022-08-28T09:00:00.000000+0000,660.7,6.55,,2.8,303,403,0.0
2022-08-28T10:00:00.000000+0000,660.4,6.1833334,,3.1,305,314,0.0
2022-08-28T11:00:00.000000+0000,660.0,6.7,,3.5,346,310,0.0
2022-08-28T12:00:00.000000+0000,659.7,6.516667,,2.9,290,375,0.0
2022-08-28T13:00:00.000000+0000,659.3,7.366667,,4.0,344,359,0.0
2022-08-28T14:00:00.000000+0000,659.3,6.766667,,3.9,353,144,0.0
2022-08-28T15:00:00.000000+0000,659.3,6.4166665,,2.5,305,70,0.0
2022-08-28T16:00:00.000000+0000,659.3,5.9166665,,1.8,270,34,0.0
2022-08-28T17:00:00.000000+0000,659.6,4.7166667,,2.1,243,0,0.0
2022-08-28T18:00:00.000000+0000,660.0,3.85,,2.4,237,0,0.0
2022-08-28T19:00:00.000000+0000,660.5,3.7666667,,3.9,229,0,0.0
2022-08-28T20:00:00.000000+0000,660.9,3.8833334,,4.7,215,0,0.0
2022-08-28T21:00:00.000000+0000,660.8,4.366667,,4.3,209,0,0.0
2022-08-28T22:00:00.000000+0000,660.6,4.5333333,,3.6,210,0,0.0
2022-08-28T23:00:00.000000+0000,660.3,4.0666666,,3.7,208,0,0.0
2022-08-29T00:00:00.000000+0000,660.0,3.7333333,,3.8,209,0,0.0
2022-08-29T01:00:00.000000+0000,660.0,3.6833334,,3.6,216,0,0.0
2022-08-29T02:00:00.000000+0000,660.1,4.233333,,2.4,234,0,0.0
2022-08-29T03:00:00.000000+0000,660.4,3.3333333,,1.6,210,0,0.0
2022-08-29T04:00:00.000000+0000,660.6,3.3666666,,1.9,205,25,0.0
2022-08-29T05:00:00.000000+0000,661.3,6.25,,1.8,38,216,0.0
2022-08-29T06:00:00.000000+0000,661.9,6.7833333,,2.8,355,361,0.0
2022-08-29T07:00:00.000000+0000,662.2,7.65,,3.0,347,618,0.0
2022-08-29T08:00:00.000000+0000,662.3,7.983333,,3.3,321,572,0.0
2022-08-29T09:00:00.000000+0000,662.3,9.1,,5.0,339,641,0.0
2022-08-29T10:00:00.000000+0000,662.0,8.2,,5.2,328,363,0.0
2022-08-29T11:00:00.000000+0000,661.3,8.35,,5.6,21,330,2.0
2022-08-29T12:00:00.000000+0000,660.6,8.15,,7.2,25,368,0.0
2022-08-29T13:00:00.000000+0000,660.3,9.016666,,7.1,31,449,0.0
2022-08-29T14:00:00.000000+0000,660.1,7.5666666,,5.0,36,108,0.0
2022-08-29T15:00:00.000000+0000,660.1,6.9,,4.2,53,68,0.0
2022-08-29T16:00:00.000000+0000,660.1,5.9666667,,2.2,118,57,0.0
2022-08-29T17:00:00.000000+0000,660.4,4.6666665,,1.7,216,0,0.0
2022-08-29T18:00:00.000000+0000,660.6,4.2,,1.7,228,0,0.0
2022-08-29T19:00:00.000000+0000,660.9,3.45,,1.9,237,0,0.0
2022-08-29T20:00:00.000000+0000,661.1,3.15,,1.6,214,0,0.0
2022-08-29T21:00:00.000000+0000,660.9,2.6,,3.3,120,0,0.0
2022-08-29T22:00:00.000000+0000,660.8,2.9166667,,5.1,118,0,0.0
2022-08-29T23:00:00.000000+0000,660.4,3.2,,6.7,131,0,0.0
2022-08-30T00:00:00.000000+0000,660.2,3.4166667,,4.8,124,0,0.0
2022-08-30T01:00:00.000000+0000,660.1,4.0666666,,4.3,119,0,0.0
2022-08-30T02:00:00.000000+0000,660.2,3.0666666,,2.2,107,0,0.0
2022-08-30T03:00:00.000000+0000,660.4,3.6666667,,4.1,120,0,0.0
2022-08-30T04:00:00.000000+0000,660.6,3.3333333,,4.7,123,10,0.0
2022-08-30T05:00:00.000000+0000,661.1,7.483333,,4.9,109,204,0.0
2022-08-30T06:00:00.000000+0000,661.6,9.25,,6.2,46,446,0.0
2022-08-30T07:00:00.000000+0000,662.2,9.35,,6.5,7,660,0.0
2022-08-30T08:00:00.000000+0000,662.4,9.333333,,5.4,12,590,0.0
2022-08-30T09:00:00.000000+0000,662.5,9.566667,,4.7,10,777,0.0
2022-08-30T10:00:00.000000+0000,662.3,10.35,,6.7,5,894,0.0
2022-08-30T11:00:00.000000+0000,662.0,10.566667,,5.7,9,919,0.0
2022-08-30T12:00:00.000000+0000,661.1,9.383333,,5.3,13,487,0.0
2022-08-30T13:00:00.000000+0000,660.6,7.65,,4.9,358,178,5.7
2022-08-30T14:00:00.000000+0000,660.4,5.483333,,3.3,95,80,0.8
2022-08-30T15:00:00.000000+0000,660.6,6.866667,,2.0,6,106,0.0
2022-08-30T16:00:00.000000+0000,660.5,6.2166667,,2.1,299,28,0.0
2022-08-30T17:00:00.000000+0000,660.8,5.2833333,,2.6,240,0,0.0
2022-08-30T18:00:00.000000+0000,661.0,4.2833333,,1.9,202,0,0.0
2022-08-30T19:00:00.000000+0000,660.9,3.3666666,,2.7,151,0,0.0
2022-08-30T20:00:00.000000+0000,661.4,3.5666666,,1.8,103,0,0.0
2022-08-30T21:00:00.000000+0000,661.3,3.5833333,,6.8,137,0,0.0
2022-08-30T22:00:00.000000+0000,661.0,3.7,,7.7,141,0,0.0
2022-08-30T23:00:00.000000+0000,660.6,4.4166665,,4.9,142,0,0.0
2022-08-31T00:00:00.000000+0000,660.4,4.516667,,3.3,173,0,0.0
2022-08-31T01:00:00.000000+0000,660.4,4.133333,,1.4,233,0,0.0
2022-08-31T02:00:00.000000+0000,660.2,3.1166666,,4.2,155,0,0.0
2022-08-31T03:00:00.000000+0000,660.4,3.85,,1.3,127,0,0.0
2022-08-31T04:00:00.000000+0000,660.7,3.4,,0.8,172,12,0.0
2022-08-31T05:00:00.000000+0000,661.1,5.15,,2.3,105,118,0.0
2022-08-31T06:00:00.000000+0000,661.6,7.4666667,,1.5,333,426,0.0
2022-08-31T07:00:00.000000+0000,662.0,7.883333,,2.7,320,653,0.0
2022-08-31T08:00:00.000000+0000,662.1,8.25,,3.7,317,617,0.0
2022-08-31T09:00:00.000000+0000,662.0,7.75,,4.0,322,292,0.0
2022-08-31T10:00:00.000000+0000,661.7,7.45,,4.8,335,166,0.2
2022-08-31T11:00:00.000000+0000,661.2,6.9,,5.7,346,134,0.1
2022-08-31T12:00:00.000000+0000,660.8,6.25,,4.9,15,74,4.7
2022-08-31T13:00:00.000000+0000,660.2,4.9666667,,4.0,127,101,1.0
2022-08-31T14:00:00.000000+0000,660.4,6.4,,1.9,133,138,0.0
2022-08-31T15:00:00.000000+0000,660.3,6.95,,1.1,58,98,0.0
2022-08-31T16:00:00.000000+0000,660.3,5.4333334,,2.1,144,17,0.0
2022-08-31T17:00:00.000000+0000,660.6,4.5666666,,1.6,222,0,0.0
2022-08-31T18:00:00.000000+0000,660.9,4.0833335,,2.0,210,0,0.0
2022-08-31T19:00:00.000000+0000,661.0,3.4,,1.5,132,0,0.0
2022-08-31T20:00:00.000000+0000,661.3,4.1,,1.6,212,0,0.0
2022-08-31T21:00:00.000000+0000,661.0,3.3166666,,2.0,144,0,0.0
2022-08-31T22:00:00.000000+0000,660.6,4.3,,1.9,119,0,0.0
2022-08-31T23:00:00.000000+0000,660.2,3.0666666,,2.1,125,0,0.0
2022-09-01T00:00:00.000000+0000,659.9,3.1666667,,2.4,114,0,0.0
2022-09-01T01:00:00.000000+0000,659.8,3.0833333,,1.9,126,0,0.0
2022-09-01T02:00:00.000000+0000,659.7,3.0,,1.8,97,0,0.0
2022-09-01T03:00:00.000000+0000,660.0,2.9666667,,2.6,113,0,0.0
2022-09-01T04:00:00.000000+0000,660.2,2.3333333,,3.3,117,10,0.0
2022-09-01T05:00:00.000000+0000,660.6,6.4166665,,1.8,86,199,0.0
2022-09-01T06:00:00.000000+0000,661.2,8.45,,1.7,4,409,0.0
2022-09-01T07:00:00.000000+0000,661.5,7.5666666,,2.3,328,461,0.0
2022-09-01T08:00:00.000000+0000,661.5,7.1,,3.4,330,420,0.0
2022-09-01T09:00:00.000000+0000,661.4,7.4166665,,4.6,353,351,0.0
2022-09-01T10:00:00.000000+0000,661.2,8.883333,,4.8,13,883,0.0
2022-09-01T11:00:00.000000+0000,660.6,7.5,,5.7,3,366,0.0
2022-09-01T12:00:00.000000+0000,660.2,8.033334,,5.6,355,304,0.0
2022-09-01T13:00:00.000000+0000,659.9,7.116667,,5.1,360,133,0.0
2022-09-01T14:00:00.000000+0000,659.7,7.8166666,,4.5,342,273,0.0
2022-09-01T15:00:00.000000+0000,659.8,7.15,,2.8,319,230,0.0
2022-09-01T16:00:00.000000+0000,660.0,5.65,,1.9,176,25,0.0
2022-09-01T17:00:00.000000+0000,660.2,4.7,,1.8,195,0,0.0
2022-09-01T18:00:00.000000+0000,660.3,4.1,,1.8,256,0,0.0
2022-09-01T19:00:00.000000+0000,660.6,3.6166666,,2.9,216,0,0.0
2022-09-01T20:00:00.000000+0000,660.7,3.7166667,,3.7,205,0,0.0
2022-09-01T21:00:00.000000+0000,660.6,4.383333,,3.2,197,0,0.0
2022-09-01T22:00:00.000000+0000,660.3,4.733333,,2.3,180,0,0.0
2022-09-01T23:00:00.000000+0000,660.0,5.45,,1.3,220,0,0.0
2022-09-02T00:00:00.000000+0000,659.9,3.3166666,,2.1,163,0,0.0
2022-09-02T01:00:00.000000+0000,659.9,3.5666666,,2.0,168,0,0.0
2022-09-02T02:00:00.000000+0000,660.0,3.6,,1.7,125,0,0.0
2022-09-02T03:00:00.000000+0000,660.4,3.35,,1.5,159,0,0.0
2022-09-02T04:00:00.000000+0000,660.8,3.95,,1.7,147,11,0.0
2022-09-02T05:00:00.000000+0000,661.2,6.8166666,,2.4,93,200,0.0
2022-09-02T06:00:00.000000+0000,661.7,9.083333,,3.5,30,482,0.0
2022-09-02T07:00:00.000000+0000,661.8,9.5,,4.2,7,635,0.0
2022-09-02T08:00:00.000000+0000,661.8,8.683333,,5.1,359,495,0.0
2022-09-02T09:00:00.000000+0000,661.7,9.033334,,5.6,15,654,0.0
2022-09-02T10:00:00.000000+0000,661.4,8.316667,,5.2,7,303,0.0
2022-09-02T11:00:00.000000+0000,660.8,7.733333,,5.8,358,235,0.0
2022-09-02T12:00:00.000000+0000,660.4,7.0833335,,4.6,5,169,0.0
2022-09-02T13:00:00.000000+0000,660.1,7.616667,,5.0,7,229,0.0
2022-09-02T14:00:00.000000+0000,660.0,8.816667,,3.7,26,374,0.0
2022-09-02T15:00:00.000000+0000,660.2,8.1,,2.9,18,160,0.0
2022-09-02T16:00:00.000000+0000,660.5,6.266667,,3.4,112,19,0.0
2022-09-02T17:00:00.000000+0000,660.7,4.8166666,,4.6,119,0,0.0
2022-09-02T18:00:00.000000+0000,660.8,4.983333,,4.5,121,0,0.0
2022-09-02T19:00:00.000000+0000,661.1,5.116667,,4.3,112,0,0.0
2022-09-02T20:00:00.000000+0000,661.4,4.4,,2.6,121,0,0.0
2022-09-02T21:00:00.000000+0000,661.2,3.1166666,,2.1,131,0,0.0
2022-09-02T22:00:00.000000+0000,661.0,3.3,,2.0,131,0,0.0
2022-09-02T23:00:00.000000+0000,660.7,2.9,,1.9,146,0,0.0
2022-09-03T00:00:00.000000+0000,660.4,4.266667,,2.3,120,0,0.0
2022-09-03T01:00:00.000000+0000,660.4,4.0833335,,3.0,114,0,0.0
2022-09-03T02:00:00.000000+0000,660.7,3.8166666,,3.3,108,0,0.0
2022-09-03T03:00:00.000000+0000,661.0,4.0333333,,4.0,114,0,0.0
2022-09-03T04:00:00.000000+0000,661.4,3.9666667,,3.8,112,11,0.0
2022-09-03T05:00:00.000000+0000,662.0,6.7833333,,3.5,99,204,0.0
2022-09-03T06:00:00.000000+0000,662.5,8.75,,3.6,27,439,0.0
2022-09-03T07:00:00.000000+0000,662.8,8.433333,,3.2,8,554,0.0
2022-09-03T08:00:00.000000+0000,662.7,8.45,,3.6,2,627,0.0
2022-09-03T09:00:00.000000+0000,662.5,8.2,,4.3,310,433,0.0
2022-09-03T10:00:00.000000+0000,662.1,8.583333,,5.4,310,447,0.0
2022-09-03T11:00:00.000000+0000,661.6,8.466666,,6.0,335,357,0.0
2022-09-03T12:00:00.000000+0000,661.2,10.166667,,6.4,356,655,0.0
2022-09-03T13:00:00.000000+0000,661.0,7.516667,,4.9,16,123,1.1
2022-09-03T14:00:00.000000+0000,661.2,6.7166667,,1.6,41,223,0.0
2022-09-03T15:00:00.000000+0000,661.3,7.366667,,2.7,36,137,0.0
2022-09-03T16:00:00.000000+0000,661.6,6.3333335,,1.6,86,57,0.0
2022-09-03T17:00:00.000000+0000,661.9,4.5,,0.7,99,0,0.0
2022-09-03T18:00:00.000000+0000,662.1,3.9666667,,2.2,189,0,0.0
2022-09-03T19:00:00.000000+0000,662.2,4.25,,2.0,218,0,0.0
2022-09-03T20:00:00.000000+0000,662.2,3.7,,2.1,208,0,0.0
2022-09-03T21:00:00.000000+0000,662.2,3.3166666,,3.5,226,0,0.0
2022-09-03T22:00:00.000000+0000,662.0,3.5666666,,3.5,227,0,0.0
2022-09-03T23:00:00.000000+0000,661.5,3.1166666,,4.0,222,0,0.0
2022-09-04T00:00:00.000000+0000,660.9,3.4,,3.0,210,0,0.0
2022-09-04T01:00:00.000000+0000,661.0,3.45,,1.7,210,0,0.0
2022-09-04T02:00:00.000000+0000,661.2,3.35,,3.0,203,0,0.0
2022-09-04T03:00:00.000000+0000,661.6,3.5666666,,2.8,231,0,0.0
2022-09-04T04:00:00.000000+0000,661.8,3.7166667,,3.1,221,12,0.0
2022-09-04T05:00:00.000000+0000,662.3,5.2,,3.5,233,206,0.0
2022-09-04T06:00:00.000000+0000,662.8,7.1,,3.8,287,459,0.0
2022-09-04T07:00:00.000000+0000,663.1,7.9666667,,4.4,298,631,0.0
2022-09-04T08:00:00.000000+0000,663.0,7.9,,4.5,297,545,0.0
2022-09-04T09:00:00.000000+0000,662.8,7.8,,5.7,303,459,0.0
2022-09-04T10:00:00.000000+0000,662.5,7.4166665,,5.2,313,293,0.0
2022-09-04T11:00:00.000000+0000,662.1,6.983333,,4.3,289,130,0.0
2022-09-04T12:00:00.000000+0000,661.7,7.9166665,,5.0,300,240,0.0
2022-09-04T13:00:00.000000+0000,661.3,7.483333,,5.0,359,124,0.0
2022-09-04T14:00:00.000000+0000,661.3,6.55,,2.5,20,49,1.3
2022-09-04T15:00:00.000000+0000,661.5,4.983333,,5.8,240,17,4.1
2022-09-04T16:00:00.000000+0000,661.6,5.983333,,3.0,272,4,0.0
2022-09-04T17:00:00.000000+0000,662.0,5.866667,,3.9,257,0,0.1
2022-09-04T18:00:00.000000+0000,662.3,5.733333,,4.1,257,0,0.0
2022-09-04T19:00:00.000000+0000,662.6,5.9333334,,4.5,274,0,0.5
2022-09-04T20:00:00.000000+0000,662.7,5.5666666,,6.6,266,0,0.5
2022-09-04T21:00:00.000000+0000,662.7,4.8,,6.1,253,0,0.0
2022-09-04T22:00:00.000000+0000,662.1,4.7,,6.1,246,0,0.0
2022-09-04T23:00:00.000000+0000,661.8,4.85,,5.6,250,0,0.0
2022-09-05T00:00:00.000000+0000,661.6,5.15,,6.3,251,0,0.0
2022-09-05T01:00:00.000000+0000,661.6,5.233333,,5.5,260,0,0.0
2022-09-05T02:00:00.000000+0000,661.8,5.1666665,,5.1,244,0,0.0
2022-09-05T03:00:00.000000+0000,662.2,5.25,,4.8,252,0,1.0
2022-09-05T04:00:00.000000+0000,662.4,5.133333,,5.0,256,2,4.9
2022-09-05T05:00:00.000000+0000,662.7,5.4,,4.4,285,24,5.5
2022-09-05T06:00:00.000000+0000,663.4,5.6833334,,4.4,321,38,6.4
2022-09-05T07:00:00.000000+0000,663.3,5.633333,,4.2,278,70,5.8
2022-09-05T08:00:00.000000+0000,663.9,5.5833335,,2.8,268,126,0.0
2022-09-05T09:00:00.000000+0000,663.3,5.633333,,4.3,270,118,1.1
2022-09-05T10:00:00.000000+0000,663.2,5.983333,,3.6,257,230,0.0
2022-09-05T11:00:00.000000+0000,662.3,6.5666666,,5.1,257,599,0.0
2022-09-05T12:00:00.000000+0000,661.8,7.1,,4.5,299,532,0.0
2022-09-05T13:00:00.000000+0000,661.3,7.65,,4.5,314,267,2.7
2022-09-05T14:00:00.000000+0000,661.4,6.0333333,,3.3,354,32,2.8
2022-09-05T15:00:00.000000+0000,661.7,5.6,,2.8,255,45,0.1
2022-09-05T16:00:00.000000+0000,661.8,5.883333,,3.4,247,10,0.0
2022-09-05T17:00:00.000000+0000,662.1,5.633333,,3.7,272,0,0.6
2022-09-05T18:00:00.000000+0000,662.3,5.7833333,,4.0,316,0,5.9
2022-09-05T19:00:00.000000+0000,662.7,5.45,,3.2,292,0,0.0
2022-09-05T20:00:00.000000+0000,662.9,4.5833335,,4.0,255,0,0.0
2022-09-05T21:00:00.000000+0000,662.8,5.1,,5.4,269,0,0.0
2022-09-05T22:00:00.000000+0000,662.4,5.233333,,6.2,261,0,0.0
2022-09-05T23:00:00.000000+0000,661.9,4.8166666,,4.8,262,0,0.4
2022-09-06T00:00:00.000000+0000,661.9,4.6,,4.7,247,0,0.1
2022-09-06T01:00:00.000000+0000,661.5,4.883333,,5.1,246,0,0.0
2022-09-06T02:00:00.000000+0000,661.6,4.233333,,4.9,238,0,0.0
2022-09-06T03:00:00.000000+0000,661.8,4.5,,5.5,234,0,0.0
2022-09-06T04:00:00.000000+0000,662.1,4.8333335,,4.6,238,12,0.0
2022-09-06T05:00:00.000000+0000,662.7,5.883333,,5.1,251,211,0.0
2022-09-06T06:00:00.000000+0000,663.3,6.616667,,5.7,257,357,0.0
2022-09-06T07:00:00.000000+0000,663.8,7.75,,5.0,275,677,0.0
2022-09-06T08:00:00.000000+0000,663.8,7.1833334,,4.1,283,376,0.0
2022-09-06T09:00:00.000000+0000,663.6,6.4166665,,4.6,282,173,0.0
2022-09-06T10:00:00.000000+0000,662.8,7.9666667,,5.5,290,486,0.0
2022-09-06T11:00:00.000000+0000,662.0,7.5666666,,4.8,288,233,1.7
2022-09-06T12:00:00.000000+0000,661.4,6.3333335,,6.5,330,75,2.9
2022-09-06T13:00:00.000000+0000,661.2,5.85,,2.8,254,99,2.6
2022-09-06T14:00:00.000000+0000,660.9,6.55,,2.6,311,143,0.1
2022-09-06T15:00:00.000000+0000,660.6,6.116667,,4.5,244,40,2.2
2022-09-06T16:00:00.000000+0000,661.0,5.9166665,,3.8,259,18,0.0
2022-09-06T17:00:00.000000+0000,661.5,5.9333334,,3.5,253,0,0.0
2022-09-06T18:00:00.000000+0000,661.7,5.7833333,,4.0,252,0,0.0
2022-09-06T19:00:00.000000+0000,662.0,5.733333,,3.1,250,0,0.2
2022-09-06T20:00:00.000000+0000,661.8,5.983333,,6.2,258,0,0.0
2022-09-06T21:00:00.000000+0000,662.1,5.75,,3.4,268,0,0.0
2022-09-06T22:00:00.000000+0000,661.7,5.4333334,,5.0,236,0,0.0
2022-09-06T23:00:00.000000+0000,661.1,5.5,,5.0,258,0,0.0
2022-09-07T00:00:00.000000+0000,660.7,5.55,,5.7,242,0,0.0
2022-09-07T01:00:00.000000+0000,660.4,5.866667,,5.6,247,0,0.0
2022-09-07T02:00:00.000000+0000,660.4,6.016667,,5.2,248,0,0.0
2022-09-07T03:00:00.000000+0000,660.7,6.116667,,4.8,253,0,0.0
2022-09-07T04:00:00.000000+0000,661.1,5.7,,4.1,251,5,0.0
2022-09-07T05:00:00.000000+0000,661.6,6.3,,2.9,265,87,0.0
2022-09-07T06:00:00.000000+0000,662.2,6.4166665,,3.3,274,182,0.0
2022-09-07T07:00:00.000000+0000,662.5,7.483333,,4.0,291,346,0.0
2022-09-07T08:00:00.000000+0000,662.6,7.3166666,,4.4,297,317,0.0
2022-09-07T09:00:00.000000+0000,662.3,6.1833334,,3.6,257,155,6.0
2022-09-07T10:00:00.000000+0000,661.8,6.0,,2.9,248,85,3.7
2022-09-07T11:00:00.000000+0000,661.0,6.516667,,2.3,252,167,7.6
2022-09-07T12:00:00.000000+0000,660.4,6.0833335,,1.7,180,75,2.3
2022-09-07T13:00:00.000000+0000,660.4,5.7833333,,2.3,54,26,4.0
2022-09-07T14:00:00.000000+0000,660.1,5.1833334,,2.0,98,16,19.6
2022-09-07T15:00:00.000000+0000,660.1,5.616667,,2.3,235,29,2.7
2022-09-07T16:00:00.000000+0000,660.4,5.5833335,,2.1,234,15,0.0
2022-09-07T17:00:00.000000+0000,660.8,4.866667,,2.9,245,0,0.0
2022-09-07T18:00:00.000000+0000,661.2,5.1666665,,4.1,252,0,0.0
2022-09-07T19:00:00.000000+0000,661.3,5.016667,,4.1,245,0,0.0
2022-09-07T20:00:00.000000+0000,661.7,4.983333,,4.7,253,0,0.0
2022-09-07T21:00:00.000000+0000,661.4,4.5333333,,4.7,250,0,0.0
2022-09-07T22:00:00.000000+0000,660.8,4.6833334,,3.9,252,0,0.0
2022-09-07T23:00:00.000000+0000,660.1,3.9,,3.0,237,0,0.0
2022-09-08T00:00:00.000000+0000,659.8,5.0666666,,4.5,233,0,0.0
2022-09-08T01:00:00.000000+0000,659.8,5.6833334,,4.0,250,0,0.0
2022-09-08T02:00:00.000000+0000,659.9,6.0833335,,3.7,248,0,0.0
2022-09-08T03:00:00.000000+0000,660.1,5.3,,3.2,248,0,0.0
2022-09-08T04:00:00.000000+0000,660.2,5.5833335,,2.9,257,10,0.0
2022-09-08T05:00:00.000000+0000,660.8,5.733333,,1.4,240,112,0.0
2022-09-08T06:00:00.000000+0000,661.6,6.75,,2.3,262,268,0.0
2022-09-08T07:00:00.000000+0000,662.1,7.75,,2.8,270,427,0.0
2022-09-08T08:00:00.000000+0000,662.2,8.0,,3.5,303,507,0.0
2022-09-08T09:00:00.000000+0000,661.9,7.2833333,,2.6,279,396,0.0
2022-09-08T10:00:00.000000+0000,661.4,7.4,,4.1,304,306,0.0
2022-09-08T11:00:00.000000+0000,660.8,6.6,,4.7,295,123,0.1
2022-09-08T12:00:00.000000+0000,660.2,6.8166666,,4.9,282,202,0.0
2022-09-08T13:00:00.000000+0000,659.8,7.116667,,5.5,286,242,0.0
2022-09-08T14:00:00.000000+0000,659.8,6.7,,3.9,278,101,0.0
2022-09-08T15:00:00.000000+0000,659.9,7.016667,,3.9,260,84,0.0
2022-09-08T16:00:00.000000+0000,660.1,6.1833334,,4.4,233,16,0.0
2022-09-08T17:00:00.000000+0000,660.5,5.75,,3.7,227,0,0.0
2022-09-08T18:00:00.000000+0000,660.9,5.516667,,2.3,221,0,0.0
2022-09-08T19:00:00.000000+0000,661.2,5.5,,3.5,206,0,0.0
2022-09-08T20:00:00.000000+0000,661.3,5.35,,2.4,225,0,0.0
2022-09-08T21:00:00.000000+0000,661.2,5.0666666,,2.7,207,0,0.0
2022-09-08T22:00:00.000000+0000,660.8,5.3166666,,2.4,210,0,0.0
2022-09-08T23:00:00.000000+0000,660.3,4.8166666,,3.0,198,0,0.0
2022-09-09T00:00:00.000000+0000,660.0,5.1666665,,1.5,201,0,0.0
2022-09-09T01:00:00.000000+0000,659.8,5.133333,,1.4,159,0,0.0
2022-09-09T02:00:00.000000+0000,659.9,3.9333334,,1.2,105,0,0.0
2022-09-09T03:00:00.000000+0000,660.1,3.2,,3.0,120,0,0.0
2022-09-09T04:00:00.000000+0000,660.5,3.7333333,,3.2,127,11,0.0
2022-09-09T05:00:00.000000+0000,661.0,6.8166666,,2.1,102,208,0.0
2022-09-09T06:00:00.000000+0000,661.6,8.833333,,3.7,37,465,0.0
2022-09-09T07:00:00.000000+0000,661.9,9.35,,3.9,19,660,0.0
2022-09-09T08:00:00.000000+0000,662.0,9.416667,,3.9,358,859,0.0
2022-09-09T09:00:00.000000+0000,661.8,9.516666,,3.2,345,849,0.0
2022-09-09T10:00:00.000000+0000,661.3,9.033334,,6.2,1,545,0.0
2022-09-09T11:00:00.000000+0000,660.8,7.4666667,,4.8,8,136,0.0
2022-09-09T12:00:00.000000+0000,660.3,7.0666666,,4.3,34,120,2.1
2022-09-09T13:00:00.000000+0000,660.0,6.516667,,3.2,59,60,5.5
2022-09-09T14:00:00.000000+0000,660.0,7.1833334,,2.0,27,317,0.0
2022-09-09T15:00:00.000000+0000,660.1,8.833333,,2.3,51,301,0.0
2022-09-09T16:00:00.000000+0000,660.4,6.0333333,,1.9,107,35,0.0
2022-09-09T17:00:00.000000+0000,660.7,4.383333,,2.7,113,0,0.0
2022-09-09T18:00:00.000000+0000,661.0,5.0333333,,3.0,120,0,0.0
2022-09-09T19:00:00.000000+0000,661.5,4.6833334,,1.2,135,0,0.0
2022-09-09T20:00:00.000000+0000,661.6,3.5333333,,1.6,130,0,0.0
2022-09-09T21:00:00.000000+0000,661.5,5.3333335,,1.8,122,0,0.0
2022-09-09T22:00:00.000000+0000,661.3,4.65,,1.4,132,0,0.0
2022-09-09T23:00:00.000000+0000,660.7,4.65,,1.1,163,0,0.0
2022-09-10T00:00:00.000000+0000,660.3,4.5333333,,3.6,127,0,0.0
2022-09-10T01:00:00.000000+0000,660.2,4.3166666,,6.0,113,0,0.0
2022-09-10T02:00:00.000000+0000,660.3,4.016667,,6.4,113,0,0.0
2022-09-10T03:00:00.000000+0000,660.4,4.4333334,,7.0,107,0,0.0
2022-09-10T04:00:00.000000+0000,660.6,4.3333335,,7.1,112,14,0.0
2022-09-10T05:00:00.000000+0000,661.2,6.483333,,7.6,101,215,0.0
2022-09-10T06:00:00.000000+0000,661.9,8.05,,6.0,64,450,0.0
2022-09-11T11:00:00.000000+0000,661.6,8.7,,5.4,346,233,
2022-09-11T12:00:00.000000+0000,661.1,9.85,,4.8,6,452,0.0
2022-09-11T13:00:00.000000+0000,660.6,10.25,,5.4,13,548,0.0
2022-09-11T14:00:00.000000+0000,660.4,9.166667,,4.0,17,252,0.0
2022-09-11T15:00:00.000000+0000,660.4,7.5833335,,3.6,304,98,0.0
2022-09-11T16:00:00.000000+0000,660.5,6.383333,,2.5,273,20,0.0
2022-09-11T17:00:00.000000+0000,660.7,4.65,,1.5,238,0,0.0
2022-09-11T18:00:00.000000+0000,661.0,3.6666667,,2.5,216,0,0.0
2022-09-11T19:00:00.000000+0000,661.1,4.0333333,,2.4,261,0,0.0
2022-09-11T20:00:00.000000+0000,661.3,3.75,,1.4,210,0,0.0
2022-09-11T21:00:00.000000+0000,661.1,3.85,,2.0,183,0,0.0
2022-09-11T22:00:00.000000+0000,660.5,4.616667,,1.9,207,0,0.0
2022-09-11T23:00:00.000000+0000,660.0,4.15,,3.1,207,0,0.0
2022-09-12T00:00:00.000000+0000,659.8,4.383333,,2.7,203,0,0.0
2022-09-12T01:00:00.000000+0000,659.8,4.4,,2.3,207,0,0.0
2022-09-12T02:00:00.000000+0000,659.8,4.016667,,3.9,211,0,0.0
2022-09-12T03:00:00.000000+0000,659.8,4.05,,2.4,209,0,0.0
2022-09-12T04:00:00.000000+0000,660.3,3.85,,2.2,196,18,0.0
2022-09-12T05:00:00.000000+0000,660.9,6.516667,,1.6,238,159,0.0
2022-09-12T06:00:00.000000+0000,661.3,7.866667,,1.4,277,385,0.0
2022-09-12T07:00:00.000000+0000,661.8,7.5333333,,1.9,286,306,0.0
2022-09-12T08:00:00.000000+0000,661.9,8.1,,3.7,332,297,0.0
2022-09-12T09:00:00.000000+0000,661.6,7.5,,5.6,355,131,0.0
2022-09-12T10:00:00.000000+0000,661.4,6.7833333,,3.8,311,58,5.4
2022-09-12T11:00:00.000000+0000,660.7,4.633333,,1.8,122,88,30.7
2022-09-12T12:00:00.000000+0000,660.5,5.733333,,2.7,169,212,1.8
2022-09-12T13:00:00.000000+0000,660.1,6.366667,,6.1,216,251,0.3
2022-09-12T14:00:00.000000+0000,659.9,8.35,,3.1,255,367,0.0
2022-09-12T15:00:00.000000+0000,660.0,7.6666665,,3.0,279,206,0.0
2022-09-12T16:00:00.000000+0000,660.1,6.6666665,,2.7,259,31,0.0
2022-09-12T17:00:00.000000+0000,660.3,6.3,,1.6,262,0,0.0
2022-09-12T18:00:00.000000+0000,660.7,6.133333,,1.6,250,0,0.0
2022-09-12T19:00:00.000000+0000,660.9,6.0666666,,2.4,247,0,0.0
2022-09-12T20:00:00.000000+0000,661.0,6.0,,2.6,251,0,0.0
2022-09-12T21:00:00.000000+0000,660.9,4.883333,,3.9,227,0,0.0
2022-09-12T22:00:00.000000+0000,660.6,5.4333334,,4.5,242,0,0.0
2022-09-12T23:00:00.000000+0000,660.2,5.0333333,,4.1,212,0,0.0
2022-09-13T00:00:00.000000+0000,660.0,4.8,,2.8,222,0,0.0
2022-09-13T01:00:00.000000+0000,660.0,4.6666665,,2.3,209,0,0.0
2022-09-13T02:00:00.000000+0000,660.1,5.2833333,,2.0,215,0,0.0
2022-09-13T03:00:00.000000+0000,660.3,5.9166665,,2.0,225,0,0.0
2022-09-13T04:00:00.000000+0000,660.7,5.483333,,1.1,236,8,0.0
2022-09-13T05:00:00.000000+0000,661.1,6.3166666,,0.9,254,116,0.0
2022-09-13T06:00:00.000000+0000,661.7,6.7833333,,1.6,331,125,0.0
2022-09-13T07:00:00.000000+0000,662.1,7.366667,,2.1,51,194,0.0
2022-09-13T08:00:00.000000+0000,662.2,7.483333,,3.1,360,177,0.0
2022-09-13T09:00:00.000000+0000,661.9,7.766667,,2.3,321,294,0.0
2022-09-13T10:00:00.000000+0000,661.3,8.033334,,3.6,353,406,0.0
2022-09-13T11:00:00.000000+0000,660.7,8.016666,,3.6,13,286,0.0
2022-09-13T12:00:00.000000+0000,660.3,6.866667,,4.7,344,60,1.4
2022-09-13T13:00:00.000000+0000,660.1,7.0666666,,3.6,5,133,0.0
2022-09-13T14:00:00.000000+0000,660.3,6.6666665,,3.3,303,54,0.0
2022-09-13T15:00:00.000000+0000,660.3,6.6833334,,1.6,270,83,0.0
2022-09-13T16:00:00.000000+0000,660.4,6.4666667,,1.5,337,20,0.0
2022-09-13T17:00:00.000000+0000,660.7,5.9333334,,1.4,264,0,0.0
2022-09-13T18:00:00.000000+0000,661.1,5.3333335,,1.7,171,0,0.0
2022-09-13T19:00:00.000000+0000,661.4,4.7166667,,2.1,114,0,0.0
2022-09-13T20:00:00.000000+0000,661.6,4.4,,1.6,180,0,0.0
2022-09-13T21:00:00.000000+0000,661.8,4.3,,1.5,198,0,0.0
2022-09-13T22:00:00.000000+0000,661.5,3.85,,2.2,171,0,0.0
2022-09-13T23:00:00.000000+0000,661.0,4.6,,3.4,118,0,0.0
2022-09-14T00:00:00.000000+0000,660.8,4.5666666,,5.1,128,0,0.0
2022-09-14T01:00:00.000000+0000,660.6,4.016667,,3.5,125,0,0.0
2022-09-14T02:00:00.000000+0000,660.6,3.55,,2.3,133,0,0.0
2022-09-14T03:00:00.000000+0000,660.8,3.5833333,,2.0,114,0,0.0
2022-09-14T04:00:00.000000+0000,661.0,3.4833333,,4.1,132,16,0.0
2022-09-14T05:00:00.000000+0000,661.6,6.75,,4.1,109,220,0.0
2022-09-14T06:00:00.000000+0000,662.2,8.25,,4.6,37,447,0.0
2022-09-14T07:00:00.000000+0000,662.8,6.983333,,2.5,317,279,0.0
2022-09-14T08:00:00.000000+0000,662.9,8.25,,4.2,358,493,0.0
2022-09-14T09:00:00.000000+0000,662.7,8.333333,,5.1,11,501,0.0
2022-09-14T10:00:00.000000+0000,662.4,8.883333,,5.1,343,617,0.0
2022-09-14T11:00:00.000000+0000,662.0,8.716666,,5.1,360,597,0.0
2022-09-14T12:00:00.000000+0000,661.6,8.7,,5.0,2,550,0.0
2022-09-14T13:00:00.000000+0000,661.3,7.866667,,4.8,25,205,0.0
2022-09-14T14:00:00.000000+0000,661.4,8.9,,4.7,5,442,0.0
2022-09-14T15:00:00.000000+0000,661.4,8.025,,3.3,41,175,0.0
2022-09-14T18:00:00.000000+0000,661.7,5.075,,5.5,128,0,0.0
2022-09-14T19:00:00.000000+0000,661.9,4.8333335,,5.4,127,0,0.0
2022-09-14T20:00:00.000000+0000,661.9,4.0,,3.9,117,0,0.0
2022-09-14T21:00:00.000000+0000,661.7,4.233333,,6.0,126,0,0.0
2022-09-14T22:00:00.000000+0000,661.3,3.9666667,,6.3,130,0,0.0
2022-09-14T23:00:00.000000+0000,660.9,3.3833334,,6.0,128,0,0.0
2022-09-15T00:00:00.000000+0000,660.6,4.883333,,6.8,124,0,0.0
2022-09-15T01:00:00.000000+0000,660.4,5.366667,,6.4,123,0,0.0
2022-09-15T02:00:00.000000+0000,660.5,5.4666667,,5.5,121,0,0.0
2022-09-15T03:00:00.000000+0000,660.7,4.616667,,8.2,138,0,0.0
2022-09-15T04:00:00.000000+0000,661.0,4.5,,8.0,131,21,0.0
2022-09-15T05:00:00.000000+0000,661.4,7.3,,7.1,133,241,0.0
2022-09-15T06:00:00.000000+0000,662.0,9.316667,,6.9,107,492,0.0
2022-09-15T07:00:00.000000+0000,662.4,10.2,,7.3,89,734,0.0
2022-09-15T08:00:00.000000+0000,662.4,11.15,,7.3,72,908,0.0
2022-09-15T09:00:00.000000+0000,662.1,9.65,,8.5,34,822,0.0
2022-09-15T10:00:00.000000+0000,661.7,9.183333,,8.6,23,608,0.0
2022-09-15T11:00:00.000000+0000,661.4,8.766666,,6.6,21,630,0.0
2022-09-15T12:00:00.000000+0000,661.2,7.483333,,4.5,20,227,0.0
2022-09-15T13:00:00.000000+0000,661.0,6.9,,4.8,19,115,0.0
2022-09-15T14:00:00.000000+0000,660.9,7.366667,,4.4,15,130,0.0
2022-09-15T15:00:00.000000+0000,661.1,6.4,,4.3,1,42,0.0
2022-09-15T16:00:00.000000+0000,661.2,5.9333334,,2.0,21,15,0.0
2022-09-15T17:00:00.000000+0000,661.2,4.1666665,,3.4,117,0,0.0
2022-09-15T18:00:00.000000+0000,661.4,3.5166667,,2.7,145,0,0.0
2022-09-15T19:00:00.000000+0000,661.8,3.3,,2.2,215,0,0.0
2022-09-15T20:00:00.000000+0000,662.0,3.35,,1.0,207,0,0.0
2022-09-15T21:00:00.000000+0000,662.0,2.7666667,,1.5,221,0,0.0
2022-09-15T22:00:00.000000+0000,661.5,3.0,,2.8,162,0,0.0
2022-09-15T23:00:00.000000+0000,661.1,2.8,,3.4,147,0,0.0
2022-09-16T00:00:00.000000+0000,660.5,2.4166667,,5.9,129,0,0.0
2022-09-16T01:00:00.000000+0000,660.2,2.5833333,,6.6,117,0,0.0
2022-09-16T02:00:00.000000+0000,660.2,3.25,,6.7,117,0,0.0
2022-09-16T03:00:00.000000+0000,660.4,3.2,,4.0,137,0,0.0
2022-09-16T04:00:00.000000+0000,660.6,3.6,,7.3,141,20,0.0
2022-09-16T05:00:00.000000+0000,661.0,7.25,,5.8,133,234,0.0
2022-09-16T06:00:00.000000+0000,661.4,9.4,,6.6,118,483,0.0
2022-09-16T07:00:00.000000+0000,662.1,8.033334,,4.6,358,492,0.0
2022-09-16T08:00:00.000000+0000,662.3,8.066667,,5.7,2,406,0.0
2022-09-16T09:00:00.000000+0000,662.1,9.966666,,5.4,11,722,0.0
2022-09-16T10:00:00.000000+0000,661.8,8.833333,,7.2,8,499,0.0
2022-09-16T11:00:00.000000+0000,661.3,6.5333333,,4.9,4,126,5.7
2022-09-16T12:00:00.000000+0000,660.9,6.8166666,,5.9,358,208,0.0
2022-09-16T13:00:00.000000+0000,660.6,6.9,,5.8,354,201,0.4
2022-09-16T14:00:00.000000+0000,660.5,5.8,,3.7,258,73,0.2
2022-09-16T15:00:00.000000+0000,660.5,5.85,,2.5,254,39,0.1
2022-09-16T16:00:00.000000+0000,660.6,5.25,,2.7,247,10,0.0
2022-09-16T17:00:00.000000+0000,660.7,4.55,,2.4,236,0,0.0
2022-09-16T18:00:00.000000+0000,660.9,3.5833333,,1.9,239,0,0.0
2022-09-16T19:00:00.000000+0000,661.0,3.2666667,,2.2,253,0,0.0
2022-09-16T20:00:00.000000+0000,661.0,3.1666667,,3.6,228,0,0.0
2022-09-16T21:00:00.000000+0000,661.1,3.0333333,,3.9,228,0,0.0
2022-09-16T22:00:00.000000+0000,660.4,3.8166666,,2.9,246,0,0.0
2022-09-16T23:00:00.000000+0000,659.8,4.0,,3.0,243,0,0.0
2022-09-17T00:00:00.000000+0000,659.6,3.6833334,,2.2,227,0,0.0
2022-09-17T01:00:00.000000+0000,659.5,3.8166666,,4.4,180,0,0.0
2022-09-17T02:00:00.000000+0000,659.7,4.5666666,,1.6,217,0,0.0
2022-09-17T03:00:00.000000+0000,659.8,2.8666666,,1.8,125,0,0.0
2022-09-17T04:00:00.000000+0000,660.1,3.35,,1.1,127,21,0.0
2022-09-17T05:00:00.000000+0000,660.6,6.1833334,,0.9,333,231,0.0
2022-09-17T06:00:00.000000+0000,661.1,7.866667,,3.0,4,482,0.0
2022-09-17T07:00:00.000000+0000,661.7,7.3166666,,3.5,351,369,0.0
2022-09-17T08:00:00.000000+0000,661.8,7.766667,,4.7,339,281,0.0
2022-09-17T09:00:00.000000+0000,661.7,6.9,,3.7,331,128,0.0
2022-09-17T10:00:00.000000+0000,661.3,6.983333,,3.7,331,182,0.0
2022-09-17T11:00:00.000000+0000,660.9,6.7833333,,3.6,323,172,0.0
2022-09-17T12:00:00.000000+0000,660.4,7.25,,3.9,283,345,0.0
2022-09-17T13:00:00.000000+0000,659.9,7.1833334,,2.7,321,136,1.8
2022-09-17T14:00:00.000000+0000,659.7,6.95,,2.5,321,87,2.7
2022-09-17T15:00:00.000000+0000,659.8,6.883333,,5.5,223,132,0.7
2022-09-17T16:00:00.000000+0000,660.0,6.0833335,,2.5,212,4,0.0
2022-09-17T17:00:00.000000+0000,660.2,5.75,,2.9,257,0,0.0
2022-09-17T18:00:00.000000+0000,660.6,5.0,,2.6,239,0,0.0
2022-09-17T19:00:00.000000+0000,660.7,4.383333,,2.6,223,0,0.0
2022-09-17T20:00:00.000000+0000,660.9,3.8666666,,1.3,207,0,0.0
2022-09-17T21:00:00.000000+0000,660.9,3.6833334,,3.3,219,0,0.0
2022-09-17T22:00:00.000000+0000,660.5,4.383333,,2.8,214,0,0.0
2022-09-17T23:00:00.000000+0000,660.4,3.7833333,,3.4,180,0,0.0
2022-09-18T00:00:00.000000+0000,659.8,3.4333334,,4.2,115,0,0.0
2022-09-18T01:00:00.000000+0000,659.5,3.3333333,,6.6,123,0,0.0
2022-09-18T02:00:00.000000+0000,659.7,3.2833333,,5.4,120,0,0.0
2022-09-18T03:00:00.000000+0000,660.0,3.7833333,,6.0,114,0,0.0
2022-09-18T04:00:00.000000+0000,660.5,4.1666665,,5.5,112,21,0.0
2022-09-18T05:00:00.000000+0000,661.1,6.6,,4.6,87,235,0.0
2022-09-18T06:00:00.000000+0000,661.5,8.966666,,5.3,54,485,0.0
2022-09-18T07:00:00.000000+0000,661.9,9.933333,,5.7,26,726,0.0
2022-09-18T08:00:00.000000+0000,661.9,9.716666,,7.4,26,881,0.0
2022-09-18T09:00:00.000000+0000,661.7,9.95,,7.3,15,777,0.0
2022-09-18T10:00:00.000000+0000,661.5,8.966666,,7.3,10,457,0.0
2022-09-18T11:00:00.000000+0000,661.2,7.8166666,,6.7,14,189,0.0
2022-09-18T12:00:00.000000+0000,660.8,7.6,,5.8,37,213,0.0
2022-09-18T13:00:00.000000+0000,660.4,7.733333,,5.5,31,191,0.0
2022-09-18T14:00:00.000000+0000,660.2,7.5666666,,6.1,27,127,0.0
2022-09-18T15:00:00.000000+0000,660.6,7.6666665,,3.2,25,143,0.0
2022-09-18T16:00:00.000000+0000,660.7,6.5833335,,2.3,68,30,0.0
2022-09-18T17:00:00.000000+0000,661.0,4.9666667,,1.6,149,0,0.0
2022-09-18T18:00:00.000000+0000,661.2,3.52,,2.8,119,0,0.0
2022-09-18T19:00:00.000000+0000,661.2,3.5333333,,3.3,113,0,0.0
2022-09-18T20:00:00.000000+0000,661.4,3.5666666,,2.7,109,0,0.0
2022-09-18T21:00:00.000000+0000,661.4,4.25,,4.8,125,0,0.0
2022-09-18T22:00:00.000000+0000,660.9,3.8833334,,6.9,133,0,0.0
2022-09-18T23:00:00.000000+0000,660.3,4.35,,6.3,134,0,0.0
2022-09-19T00:00:00.000000+0000,660.0,4.4166665,,7.2,133,0,0.0
2022-09-19T01:00:00.000000+0000,659.8,4.7,,7.4,135,0,0.0
2022-09-19T02:00:00.000000+0000,660.1,3.8666666,,6.5,136,0,0.0
2022-09-19T03:00:00.000000+0000,660.3,3.7666667,,7.6,139,0,0.0
2022-09-19T04:00:00.000000+0000,660.9,3.9666667,,7.7,142,22,0.0
2022-09-19T05:00:00.000000+0000,661.4,7.3333335,,7.6,138,239,0.0
2022-09-19T06:00:00.000000+0000,662.1,10.216666,,4.4,118,490,0.0
2022-09-19T07:00:00.000000+0000,662.5,11.083333,,6.3,85,724,0.0
2022-09-19T08:00:00.000000+0000,662.8,10.683333,,4.5,347,909,0.0
2022-09-19T09:00:00.000000+0000,662.5,8.033334,,3.6,322,270,0.0
2022-09-19T10:00:00.000000+0000,662.1,8.2,,4.8,354,190,0.0
2022-09-19T11:00:00.000000+0000,661.7,8.85,,4.8,5,322,0.0
2022-09-19T12:00:00.000000+0000,661.4,7.983333,,4.7,342,220,0.0
2022-09-19T13:00:00.000000+0000,661.2,7.4666667,,3.3,335,192,0.0
2022-09-19T14:00:00.000000+0000,661.1,7.2833333,,3.0,325,153,0.0
2022-09-19T15:00:00.000000+0000,661.1,7.3333335,,4.3,355,129,0.0
2022-09-19T16:00:00.000000+0000,661.3,6.2166667,,3.8,17,8,0.0
2022-09-19T17:00:00.000000+0000,661.5,5.233333,,1.2,120,0,0.0
2022-09-19T18:00:00.000000+0000,661.8,3.6166666,,1.3,167,0,0.0
2022-09-19T19:00:00.000000+0000,662.2,3.0833333,,1.6,191,0,0.0
2022-09-19T20:00:00.000000+0000,662.3,3.1166666,,1.8,193,0,0.0
2022-09-19T21:00:00.000000+0000,662.0,3.1,,2.7,168,0,0.0
2022-09-19T22:00:00.000000+0000,661.4,3.8,,5.1,130,0,0.0
2022-09-19T23:00:00.000000+0000,660.8,5.0,,6.7,136,0,0.0
2022-09-20T00:00:00.000000+0000,660.2,5.133333,,7.9,139,0,0.0
2022-09-20T01:00:00.000000+0000,659.9,5.6666665,,8.4,141,0,0.0
2022-09-20T02:00:00.000000+0000,660.2,4.9666667,,3.3,143,0,0.0
2022-09-20T03:00:00.000000+0000,660.2,5.6833334,,6.2,136,0,0.0
2022-09-20T04:00:00.000000+0000,660.5,6.5,,7.3,138,21,0.0
2022-09-20T05:00:00.000000+0000,661.1,8.716666,,5.2,124,237,0.0
2022-09-20T06:00:00.000000+0000,661.8,10.2,,3.3,92,485,0.0
2022-09-20T07:00:00.000000+0000,662.3,8.433333,,3.0,309,624,0.0
2022-09-20T08:00:00.000000+0000,662.4,7.866667,,3.0,309,410,0.0
2022-09-20T09:00:00.000000+0000,662.1,7.6833334,,3.0,318,301,0.0
2022-09-20T10:00:00.000000+0000,661.8,6.483333,,3.3,297,96,0.0
2022-09-20T11:00:00.000000+0000,661.2,7.3,,3.0,331,257,0.0
2022-09-20T12:00:00.000000+0000,660.8,8.366667,,3.6,315,342,0.0
2022-09-20T13:00:00.000000+0000,660.5,7.55,,3.6,310,165,0.0
2022-09-20T14:00:00.000000+0000,660.4,7.2166667,,2.4,326,58,0.0
2022-09-20T15:00:00.000000+0000,660.6,6.4666667,,2.7,309,22,0.0
2022-09-20T16:00:00.000000+0000,660.7,5.9666667,,1.9,300,7,0.0
2022-09-20T17:00:00.000000+0000,660.9,5.1666665,,3.2,200,0,0.0
2022-09-20T18:00:00.000000+0000,661.1,5.0666666,,2.8,196,0,0.0
2022-09-20T19:00:00.000000+0000,661.2,3.55,,1.4,151,0,0.0
2022-09-20T20:00:00.000000+0000,661.3,3.7166667,,2.2,98,0,0.0
2022-09-20T21:00:00.000000+0000,661.1,3.7666667,,1.2,209,0,0.0
2022-09-20T22:00:00.000000+0000,660.5,3.55,,1.3,173,0,0.0
2022-09-20T23:00:00.000000+0000,659.8,3.45,,4.4,132,0,0.0
2022-09-21T00:00:00.000000+0000,659.5,3.4333334,,5.4,140,0,0.0
2022-09-21T01:00:00.000000+0000,659.4,3.6833334,,6.9,154,0,0.0
2022-09-21T02:00:00.000000+0000,659.6,4.45,,7.9,162,0,0.0
2022-09-21T03:00:00.000000+0000,659.8,3.7833333,,6.9,153,0,0.0
2022-09-21T04:00:00.000000+0000,660.2,3.6166666,,5.7,141,23,0.0
2022-09-21T05:00:00.000000+0000,660.8,8.4,,4.5,111,242,0.0
2022-09-21T06:00:00.000000+0000,661.3,10.966666,,5.0,90,493,0.0
2022-09-21T07:00:00.000000+0000,661.7,11.8,,5.5,86,729,0.0
2022-09-21T08:00:00.000000+0000,661.8,9.183333,,3.9,313,707,0.0
2022-09-21T09:00:00.000000+0000,661.6,7.7833333,,3.9,297,176,0.0
2022-09-21T10:00:00.000000+0000,661.2,7.1833334,,2.9,297,105,0.0
2022-09-21T11:00:00.000000+0000,660.8,7.05,,3.5,307,85,0.0
2022-09-21T12:00:00.000000+0000,660.3,6.4666667,,2.5,12,67,6.1
2022-09-21T13:00:00.000000+0000,660.2,5.616667,,2.0,56,146,11.1
2022-09-21T14:00:00.000000+0000,660.2,6.633333,,2.0,45,385,0.0
2022-09-21T15:00:00.000000+0000,660.3,8.366667,,1.0,338,260,0.0
2022-09-21T16:00:00.000000+0000,660.4,6.1666665,,1.6,45,29,0.0
2022-09-21T17:00:00.000000+0000,660.5,5.866667,,1.9,354,0,0.0
2022-09-21T18:00:00.000000+0000,660.7,4.116667,,1.5,186,0,0.0
2022-09-21T19:00:00.000000+0000,660.9,3.2,,1.8,106,0,0.0
2022-09-21T20:00:00.000000+0000,661.1,3.5833333,,3.9,111,0,0.0
2022-09-21T21:00:00.000000+0000,660.7,3.8,,7.0,121,0,0.0
2022-09-21T22:00:00.000000+0000,660.1,4.1666665,,8.5,119,0,0.0
2022-09-21T23:00:00.000000+0000,659.5,4.1833334,,8.3,125,0,0.0
2022-09-22T00:00:00.000000+0000,659.1,4.116667,,9.0,126,0,0.0
2022-09-22T01:00:00.000000+0000,659.0,3.9666667,,8.4,124,0,0.0
2022-09-22T02:00:00.000000+0000,659.3,4.3333335,,7.5,131,0,0.0
2022-09-22T03:00:00.000000+0000,659.8,4.3,,7.4,132,0,0.0
2022-09-22T04:00:00.000000+0000,660.2,4.5,,6.4,136,23,0.0
2022-09-22T05:00:00.000000+0000,660.9,7.6666665,,5.8,123,242,0.0
2022-09-22T06:00:00.000000+0000,661.4,9.783334,,5.7,107,493,0.0
2022-09-22T07:00:00.000000+0000,662.0,10.783334,,4.2,47,728,0.0
2022-09-22T08:00:00.000000+0000,662.0,10.65,,6.3,5,947,0.0
2022-09-22T09:00:00.000000+0000,662.0,9.916667,,5.6,2,872,0.0
2022-09-22T10:00:00.000000+0000,661.5,7.6,,3.8,293,261,0.0
2022-09-22T11:00:00.000000+0000,660.9,5.9333334,,5.1,244,67,0.5
2022-09-22T12:00:00.000000+0000,660.5,5.0333333,,3.1,182,47,
2022-09-22T13:00:00.000000+0000,660.1,5.5,,3.6,18,42,0.5
2022-09-22T14:00:00.000000+0000,660.2,6.766667,,3.8,5,167,0.0
2022-09-22T15:00:00.000000+0000,660.2,6.7833333,,2.2,307,76,0.0
2022-09-22T16:00:00.000000+0000,660.4,6.3,,2.4,340,10,0.0
2022-09-22T17:00:00.000000+0000,660.6,5.35,,1.6,203,0,0.0
2022-09-22T18:00:00.000000+0000,660.8,3.85,,1.3,131,0,0.0
2022-09-22T19:00:00.000000+0000,661.0,3.7666667,,1.2,107,0,0.0
2022-09-22T20:00:00.000000+0000,661.2,2.8333333,,2.8,119,0,0.0
2022-09-22T21:00:00.000000+0000,660.8,3.1833334,,5.7,126,0,0.0
2022-09-22T22:00:00.000000+0000,660.5,3.9166667,,7.0,132,0,0.0
2022-09-22T23:00:00.000000+0000,660.0,3.75,,6.4,134,0,0.0
2022-09-23T00:00:00.000000+0000,659.7,3.6833334,,7.7,136,0,0.0
2022-09-23T01:00:00.000000+0000,659.5,3.8833334,,8.4,148,0,0.0
2022-09-23T02:00:00.000000+0000,659.5,3.8333333,,6.1,135,0,0.0
2022-09-23T03:00:00.000000+0000,659.8,3.7666667,,5.2,137,0,0.0
2022-09-23T04:00:00.000000+0000,660.3,3.8833334,,4.9,129,23,0.0
2022-09-23T05:00:00.000000+0000,660.9,8.616667,,3.1,107,242,0.0
2022-09-23T06:00:00.000000+0000,661.4,8.85,,2.2,6,494,0.0
2022-09-23T07:00:00.000000+0000,661.7,9.433333,,3.2,343,733,0.0
2022-09-23T08:00:00.000000+0000,661.9,7.85,,3.0,300,449,0.0
2022-09-23T09:00:00.000000+0000,661.6,7.983333,,4.5,333,375,0.0
2022-09-23T10:00:00.000000+0000,661.3,6.983333,,4.5,352,218,0.0
2022-09-23T11:00:00.000000+0000,660.8,5.516667,,3.1,252,189,0.6
2022-09-23T12:00:00.000000+0000,660.2,6.7833333,,3.4,302,431,0.0
2022-09-23T13:00:00.000000+0000,660.1,5.25,,2.3,270,68,0.0
2022-09-23T14:00:00.000000+0000,660.1,5.85,,2.5,240,73,0.0
2022-09-23T15:00:00.000000+0000,660.4,6.65,,2.2,259,75,0.0
2022-09-23T16:00:00.000000+0000,660.4,5.6666665,,1.3,90,10,0.0
2022-09-23T17:00:00.000000+0000,660.5,3.7666667,,1.4,166,0,0.0
2022-09-23T18:00:00.000000+0000,661.0,3.8333333,,2.3,203,0,0.0
2022-09-23T19:00:00.000000+0000,661.3,3.9166667,,3.3,204,0,0.0
2022-09-23T20:00:00.000000+0000,661.4,4.266667,,1.5,174,0,0.0
2022-09-23T21:00:00.000000+0000,661.2,3.1,,4.6,130,0,0.0
2022-09-23T22:00:00.000000+0000,660.5,3.5666666,,6.5,145,0,0.0
2022-09-23T23:00:00.000000+0000,660.2,4.883333,,2.4,159,0,0.0
2022-09-24T00:00:00.000000+0000,660.0,3.5333333,,3.7,148,0,0.0
2022-09-24T01:00:00.000000+0000,659.9,3.3333333,,4.4,152,0,0.0
2022-09-24T02:00:00.000000+0000,660.0,3.0333333,,4.8,141,0,0.0
2022-09-24T03:00:00.000000+0000,660.2,3.0166667,,4.7,138,0,0.0
2022-09-24T04:00:00.000000+0000,660.7,3.7,,4.9,142,24,0.0
2022-09-24T05:00:00.000000+0000,661.3,7.4333334,,1.6,252,247,0.0
2022-09-24T06:00:00.000000+0000,661.7,8.016666,,1.9,284,497,0.0
2022-09-24T07:00:00.000000+0000,662.0,8.416667,,2.9,303,729,0.0
2022-09-24T08:00:00.000000+0000,662.2,8.116667,,2.4,298,598,0.0
2022-09-24T09:00:00.000000+0000,661.9,7.866667,,4.0,338,312,0.0
2022-09-24T10:00:00.000000+0000,661.6,6.2833333,,3.3,291,76,0.0
2022-09-24T11:00:00.000000+0000,661.2,6.516667,,2.4,275,155,0.0
2022-09-24T12:00:00.000000+0000,660.8,6.8166666,,1.8,298,145,1.6
2022-09-24T13:00:00.000000+0000,660.6,6.133333,,1.8,315,82,3.2
2022-09-24T14:00:00.000000+0000,660.5,5.7,,2.7,176,86,1.0
2022-09-24T15:00:00.000000+0000,660.5,6.3166666,,2.2,194,44,0.0
2022-09-24T16:00:00.000000+0000,660.5,5.2833333,,1.0,207,18,0.0
2022-09-24T17:00:00.000000+0000,660.5,3.4833333,,1.2,149,0,0.0
2022-09-24T18:00:00.000000+0000,660.7,3.45,,1.5,196,0,0.0
2022-09-24T19:00:00.000000+0000,660.8,3.7333333,,1.2,162,0,0.0
2022-09-24T20:00:00.000000+0000,661.0,3.0666666,,1.3,170,0,0.0
2022-09-24T21:00:00.000000+0000,660.7,2.2666667,,2.6,151,0,0.0
2022-09-24T22:00:00.000000+0000,660.1,2.7,,4.6,126,0,0.0
2022-09-24T23:00:00.000000+0000,659.7,2.4333334,,4.0,117,0,0.0
2022-09-25T00:00:00.000000+0000,659.2,3.05,,3.3,114,0,0.0
2022-09-25T01:00:00.000000+0000,658.8,2.9833333,,4.6,131,0,0.0
2022-09-25T02:00:00.000000+0000,658.8,3.0833333,,3.5,124,0,0.0
2022-09-25T03:00:00.000000+0000,659.0,3.0833333,,2.7,119,0,0.0
2022-09-25T04:00:00.000000+0000,659.5,2.65,,3.6,123,24,0.0
2022-09-25T05:00:00.000000+0000,660.0,6.4166665,,5.7,107,249,0.0
2022-09-25T06:00:00.000000+0000,660.8,8.25,,4.6,56,498,0.0
2022-09-25T07:00:00.000000+0000,661.4,8.3,,4.7,19,687,0.0
2022-09-25T08:00:00.000000+0000,661.6,7.7,,5.3,5,411,0.0
2022-09-25T09:00:00.000000+0000,661.5,7.65,,5.4,18,482,0.0
2022-09-25T10:00:00.000000+0000,661.1,6.9333334,,5.3,26,179,0.1
2022-09-25T11:00:00.000000+0000,660.4,5.15,,3.3,73,115,12.3
2022-09-25T12:00:00.000000+0000,660.0,6.25,,4.5,23,306,0.5
2022-09-25T13:00:00.000000+0000,659.9,5.9166665,,3.4,12,305,0.3
2022-09-25T14:00:00.000000+0000,659.8,7.1666665,,5.1,135,298,0.0
2022-09-25T15:00:00.000000+0000,660.1,6.8333335,,2.2,252,175,0.0
2022-09-25T16:00:00.000000+0000,660.2,4.6,,3.4,128,35,0.0
2022-09-25T17:00:00.000000+0000,660.5,4.5,,4.7,136,0,0.0
2022-09-25T18:00:00.000000+0000,660.8,3.3333333,,1.9,101,0,0.0
2022-09-25T19:00:00.000000+0000,661.1,2.8833334,,2.5,135,0,0.0
2022-09-25T20:00:00.000000+0000,661.2,3.4333334,,4.1,120,0,0.0
2022-09-25T21:00:00.000000+0000,661.1,3.15,,2.6,115,0,0.0
2022-09-25T22:00:00.000000+0000,660.7,4.0,,4.5,117,0,0.0
2022-09-25T23:00:00.000000+0000,660.3,3.7666667,,4.3,131,0,0.0
2022-09-26T00:00:00.000000+0000,659.8,4.1666665,,5.5,133,0,0.0
2022-09-26T01:00:00.000000+0000,659.5,3.9833333,,6.1,133,0,0.0
2022-09-26T02:00:00.000000+0000,659.4,4.45,,6.7,139,0,0.0
2022-09-26T03:00:00.000000+0000,659.7,4.4333334,,6.2,138,0,0.0
2022-09-26T04:00:00.000000+0000,660.0,4.6666665,,6.4,130,24,0.0
2022-09-26T05:00:00.000000+0000,660.8,6.95,,7.4,122,250,0.0
2022-09-26T06:00:00.000000+0000,661.4,9.266666,,7.0,111,503,0.0
2022-09-26T07:00:00.000000+0000,661.9,9.566667,,4.4,52,734,0.0
2022-09-26T08:00:00.000000+0000,661.9,10.933333,,7.4,58,915,0.0
2022-09-26T09:00:00.000000+0000,661.8,9.2,,6.5,25,612,0.0
2022-09-26T10:00:00.000000+0000,661.5,9.066667,,6.8,29,651,0.0
2022-09-26T11:00:00.000000+0000,661.1,8.0,,5.1,26,300,0.0
2022-09-26T12:00:00.000000+0000,660.6,7.8333335,,6.2,7,251,0.0
2022-09-26T13:00:00.000000+0000,660.3,7.383333,,6.8,351,97,0.0
2022-09-26T14:00:00.000000+0000,660.3,7.2166667,,5.2,351,97,0.4
2022-09-26T15:00:00.000000+0000,660.4,6.85,,3.8,8,52,0.0
2022-09-26T16:00:00.000000+0000,660.5,6.383333,,2.4,2,8,0.0
2022-09-26T17:00:00.000000+0000,660.7,5.35,,0.7,135,0,0.0
2022-09-26T18:00:00.000000+0000,660.9,4.5,,2.3,182,0,0.0
2022-09-26T19:00:00.000000+0000,661.2,4.65,,3.0,216,0,0.0
2022-09-26T20:00:00.000000+0000,661.5,3.9166667,,2.8,206,0,0.0
2022-09-26T21:00:00.000000+0000,661.3,3.4833333,,2.8,204,0,0.0
2022-09-26T22:00:00.000000+0000,660.7,3.0,,5.1,132,0,0.0
2022-09-26T23:00:00.000000+0000,660.2,3.2333333,,5.6,132,0,0.0
2022-09-27T00:00:00.000000+0000,659.9,3.5666666,,4.2,131,0,0.0
2022-09-27T01:00:00.000000+0000,659.7,3.6333334,,2.5,205,0,0.0
2022-09-27T02:00:00.000000+0000,659.5,4.3166666,,8.7,143,0,0.0
2022-09-27T03:00:00.000000+0000,660.0,4.633333,,5.6,148,0,0.0
2022-09-27T04:00:00.000000+0000,660.3,3.9833333,,4.6,150,25,0.0
2022-09-27T05:00:00.000000+0000,661.0,6.7833333,,1.5,307,252,0.0
2022-09-27T06:00:00.000000+0000,661.4,7.116667,,2.1,301,503,0.0
2022-09-27T07:00:00.000000+0000,661.7,6.8333335,,3.0,289,553,0.0
2022-09-27T08:00:00.000000+0000,661.9,7.0666666,,3.4,304,425,0.0
2022-09-27T09:00:00.000000+0000,661.8,7.366667,,3.8,317,449,0.0
2022-09-27T10:00:00.000000+0000,661.7,8.016666,,4.2,323,580,0.0
2022-09-27T11:00:00.000000+0000,661.2,8.3,,4.6,352,478,0.0
2022-09-27T12:00:00.000000+0000,660.7,8.2,,5.3,15,269,0.0
2022-09-27T13:00:00.000000+0000,660.5,7.7166667,,3.8,24,392,0.0
2022-09-27T14:00:00.000000+0000,660.6,9.066667,,3.8,324,573,0.0
2022-09-27T15:00:00.000000+0000,660.7,7.9166665,,3.8,357,213,0.0
2022-09-27T16:00:00.000000+0000,660.8,6.35,,3.5,9,23,0.0
2022-09-27T17:00:00.000000+0000,660.9,4.5,,3.0,98,0,0.0
2022-09-27T18:00:00.000000+0000,661.0,3.3,,4.6,165,0,0.0
2022-09-27T19:00:00.000000+0000,661.2,4.9333334,,3.4,178,0,0.0
2022-09-27T20:00:00.000000+0000,,4.3,,,,,
2022-09-28T12:00:00.000000+0000,,6.3,,,,,
2022-09-28T13:00:00.000000+0000,660.7,8.125,,,,185,
2022-10-03T16:00:00.000000+0000,,6.2,,,,,
2022-10-05T05:00:00.000000+0000,,8.0,,,,500,
2022-10-05T06:00:00.000000+0000,662.3,8.883333,,5.7,110,554,0.0
2022-10-05T07:00:00.000000+0000,662.6,9.916667,,4.3,94,772,0.0
2022-10-05T08:00:00.000000+0000,662.7,10.916667,,4.5,40,913,0.0
2022-10-05T09:00:00.000000+0000,662.4,8.616667,,6.0,328,331,0.0
2022-10-05T10:00:00.000000+0000,662.0,7.9166665,,4.2,307,492,0.0
2022-10-05T11:00:00.000000+0000,661.3,6.8166666,,2.9,280,167,0.1
2022-10-05T12:00:00.000000+0000,660.8,7.2,,1.5,265,75,3.6
2022-10-05T13:00:00.000000+0000,660.5,7.0666666,,2.8,61,92,0.0
2022-10-05T14:00:00.000000+0000,660.5,7.5,,3.0,85,97,0.0
2022-10-05T15:00:00.000000+0000,660.7,7.0833335,,3.3,137,64,0.0
2022-10-05T16:00:00.000000+0000,661.0,5.7833333,,2.3,239,5,0.0
2022-10-05T17:00:00.000000+0000,661.4,5.5333333,,2.4,227,0,0.0
2022-10-05T18:00:00.000000+0000,661.7,4.0833335,,2.2,180,0,0.0
2022-10-05T19:00:00.000000+0000,661.9,3.9166667,,2.8,195,0,0.0
2022-10-05T20:00:00.000000+0000,662.0,3.5333333,,2.0,242,0,0.0
2022-10-05T21:00:00.000000+0000,661.8,2.9833333,,1.6,171,0,0.0
2022-10-05T22:00:00.000000+0000,661.1,3.0833333,,1.2,159,0,0.0
2022-10-05T23:00:00.000000+0000,660.7,3.8166666,,1.3,202,0,0.0
2022-10-06T00:00:00.000000+0000,660.2,2.8833334,,3.1,124,0,0.0
2022-10-06T01:00:00.000000+0000,660.1,3.6166666,,3.7,118,0,0.0
2022-10-06T02:00:00.000000+0000,660.0,4.0833335,,5.9,120,0,0.0
2022-10-06T03:00:00.000000+0000,660.3,4.016667,,7.5,116,0,0.0
2022-10-06T04:00:00.000000+0000,660.5,4.35,,8.2,123,50,0.0
2022-10-06T05:00:00.000000+0000,661.0,6.733333,,9.0,106,299,0.0
2022-10-06T06:00:00.000000+0000,661.7,8.7,,10.0,105,553,0.0
2022-10-06T07:00:00.000000+0000,662.2,10.316667,,7.0,82,691,0.0
2022-10-06T08:00:00.000000+0000,662.2,10.35,,6.4,21,1000,0.0
2022-10-06T09:00:00.000000+0000,662.0,9.283334,,4.5,342,273,0.0
2022-10-06T10:00:00.000000+0000,661.3,8.016666,,4.5,1,354,0.0
2022-10-06T11:00:00.000000+0000,660.9,5.483333,,3.1,21,115,16.5
2022-10-06T12:00:00.000000+0000,660.7,4.7,,5.0,172,100,12.4
2022-10-06T13:00:00.000000+0000,660.5,7.65,,2.4,232,348,0.0
2022-10-06T14:00:00.000000+0000,660.6,7.45,,2.2,285,227,0.0
2022-10-06T15:00:00.000000+0000,660.6,6.4333334,,1.9,309,84,0.0
2022-10-06T16:00:00.000000+0000,660.6,4.883333,,4.3,111,6,3.3
2022-10-06T17:00:00.000000+0000,660.9,4.0833335,,3.0,118,0,0.0
2022-10-06T18:00:00.000000+0000,661.1,4.2,,3.5,195,0,0.0
2022-10-06T19:00:00.000000+0000,661.4,3.6,,1.9,207,0,0.0
2022-10-06T20:00:00.000000+0000,661.4,3.0666666,,2.4,146,0,0.0
2022-10-06T21:00:00.000000+0000,661.1,3.55,,4.7,135,0,0.0
2022-10-06T22:00:00.000000+0000,660.4,3.7166667,,5.5,133,0,0.0
2022-10-06T23:00:00.000000+0000,659.8,4.2,,5.6,139,0,0.0
2022-10-07T00:00:00.000000+0000,659.3,3.7666667,,4.7,156,0,0.0
2022-10-07T01:00:00.000000+0000,659.2,3.7666667,,1.2,180,0,0.0
2022-10-07T02:00:00.000000+0000,659.4,3.8166666,,2.5,198,0,0.0
2022-10-07T03:00:00.000000+0000,659.6,3.4333334,,2.7,173,0,0.0
2022-10-07T04:00:00.000000+0000,660.0,3.0166667,,2.3,170,56,0.0
2022-10-07T05:00:00.000000+0000,660.5,7.3166666,,1.7,188,304,0.0
2022-10-07T06:00:00.000000+0000,661.0,8.633333,,1.7,295,551,0.0
2022-10-07T07:00:00.000000+0000,661.3,8.1,,3.6,348,420,0.0
2022-10-07T08:00:00.000000+0000,661.3,7.1666665,,4.9,24,261,0.0
2022-10-07T09:00:00.000000+0000,661.2,8.183333,,4.8,8,404,0.0
2022-10-07T10:00:00.000000+0000,660.8,7.7833333,,5.1,8,369,0.0
2022-10-07T11:00:00.000000+0000,660.0,6.9166665,,5.5,15,126,0.4
2022-10-07T12:00:00.000000+0000,659.6,5.9333334,,4.0,323,50,4.2
2022-10-07T13:00:00.000000+0000,659.5,4.8,,4.3,203,45,70.6
2022-10-07T14:00:00.000000+0000,,4.4,,,,,
2022-10-08T07:00:00.000000+0000,661.6,10.0,,3.7,41,726,0.0
2022-10-08T08:00:00.000000+0000,661.5,9.133333,,5.3,353,578,0.0
2022-10-08T09:00:00.000000+0000,,9.1,,,,,
2022-10-17T12:00:00.000000+0000,661.8,5.36,,3.2,243,123,0.3
2022-10-17T13:00:00.000000+0000,661.7,,,2.5,260,200,0.0
2022-10-17T14:00:00.000000+0000,661.5,,,2.0,246,38,0.0
2022-10-17T15:00:00.000000+0000,661.7,,,2.9,254,54,0.0
2022-10-17T16:00:00.000000+0000,661.8,5.3333335,,3.0,207,3,0.0
2022-10-17T17:00:00.000000+0000,662.0,4.8,,,,,
2022-10-18T04:00:00.000000+0000,662.5,,,,,,
2022-10-18T05:00:00.000000+0000,662.7,,,3.0,76,313,0.0
2022-10-18T06:00:00.000000+0000,663.2,,,3.4,6,560,0.0
2022-10-18T07:00:00.000000+0000,663.3,8.8,,5.7,354,767,0.0
2022-10-18T08:00:00.000000+0000,663.4,8.1,,3.8,345,316,0.0
2022-10-18T09:00:00.000000+0000,663.2,,,2.8,313,315,0.0
2022-10-18T10:00:00.000000+0000,662.8,,,4.1,12,313,0.0
2022-10-18T11:00:00.000000+0000,662.2,,,5.0,353,156,0.0
2022-10-18T12:00:00.000000+0000,661.6,,,5.9,15,199,0.0
2022-10-18T13:00:00.000000+0000,661.1,,,5.4,6,506,0.0
2022-10-18T14:00:00.000000+0000,661.2,,,6.1,6,76,0.0
2022-10-18T15:00:00.000000+0000,661.2,,,4.0,357,24,0.0
2022-10-18T16:00:00.000000+0000,661.5,,,2.6,329,2,0.0
2022-10-18T17:00:00.000000+0000,662.0,5.9,,0.9,315,0,0.0
2022-10-18T18:00:00.000000+0000,662.2,,,1.5,280,0,0.0
2022-10-18T19:00:00.000000+0000,662.2,,,2.8,209,0,0.0
2022-10-18T20:00:00.000000+0000,662.3,,,1.7,243,0,0.0
2022-10-18T21:00:00.000000+0000,662.0,,,2.0,184,0,0.0
2022-10-18T22:00:00.000000+0000,661.6,3.4666667,,0.7,158,0,0.0
2022-10-18T23:00:00.000000+0000,661.1,2.86,,2.2,156,0,0.0
2022-10-19T00:00:00.000000+0000,660.5,4.0333333,,3.4,110,0,0.0
2022-10-19T01:00:00.000000+0000,660.5,3.7166667,,0.9,81,0,0.0
2022-10-19T02:00:00.000000+0000,660.8,3.8333333,,0.8,135,0,0.0
2022-10-19T03:00:00.000000+0000,661.2,3.0333333,,1.1,185,0,0.0
2022-10-19T04:00:00.000000+0000,661.6,3.4666667,,1.8,186,61,0.0
2022-10-19T05:00:00.000000+0000,662.0,7.4333334,,2.2,243,314,0.0
2022-10-19T06:00:00.000000+0000,662.7,8.15,,2.2,300,562,0.0
2022-10-19T07:00:00.000000+0000,663.0,,,4.1,319,468,0.0
2022-10-19T08:00:00.000000+0000,662.9,,,3.2,297,195,0.0
2022-10-19T09:00:00.000000+0000,662.7,,,3.1,274,80,0.0
2022-10-19T10:00:00.000000+0000,662.2,,,3.4,344,165,0.0
2022-10-19T11:00:00.000000+0000,661.6,,,4.6,4,68,1.0
2022-10-19T12:00:00.000000+0000,660.8,7.5,,6.5,29,241,0.0
2022-10-19T13:00:00.000000+0000,660.6,,,4.2,351,312,0.0
2022-10-19T14:00:00.000000+0000,660.6,,,5.2,342,88,0.0
2022-10-19T15:00:00.000000+0000,660.6,,,4.2,327,25,0.0
2022-10-19T16:00:00.000000+0000,661.0,,,3.3,302,1,0.0
2022-10-19T17:00:00.000000+0000,661.2,,,1.2,220,0,0.0
2022-10-19T18:00:00.000000+0000,661.4,,,3.5,175,0,0.0
2022-10-19T19:00:00.000000+0000,661.5,,,2.3,185,0,0.0
2022-10-19T20:00:00.000000+0000,661.7,,,1.7,198,0,0.0
2022-10-19T21:00:00.000000+0000,661.2,,,1.6,166,0,0.0
2022-10-19T22:00:00.000000+0000,660.7,3.7,,1.3,198,0,0.0
2022-10-19T23:00:00.000000+0000,660.2,2.5666666,,1.1,144,0,0.0
2022-10-20T00:00:00.000000+0000,659.8,3.1833334,,3.6,117,0,0.0
2022-10-20T01:00:00.000000+0000,659.6,3.3166666,,3.4,111,0,0.0
2022-10-20T02:00:00.000000+0000,659.8,3.0166667,,3.3,112,0,0.0
2022-10-20T03:00:00.000000+0000,660.2,3.85,,6.3,134,0,0.0
2022-10-20T04:00:00.000000+0000,660.6,4.0666666,,6.9,130,45,0.0
2022-10-20T05:00:00.000000+0000,661.2,7.733333,,5.9,115,286,0.0
2022-10-20T06:00:00.000000+0000,661.9,9.7,,4.9,107,552,0.0
2022-10-20T07:00:00.000000+0000,662.4,9.35,,3.3,337,744,0.0
2022-10-20T08:00:00.000000+0000,662.5,,,3.5,284,270,0.0
2022-10-20T09:00:00.000000+0000,662.3,,,2.7,270,57,0.0
2022-10-20T10:00:00.000000+0000,661.8,,,4.1,315,132,0.0
2022-10-20T11:00:00.000000+0000,661.3,,,1.8,231,104,2.4
2022-10-20T12:00:00.000000+0000,660.8,,,2.2,7,123,0.2
2022-10-20T13:00:00.000000+0000,660.5,,,3.1,349,68,2.4
2022-10-20T14:00:00.000000+0000,660.4,,,2.2,305,113,0.0
2022-10-20T15:00:00.000000+0000,660.4,,,2.2,292,71,0.0
2022-10-20T16:00:00.000000+0000,660.6,,,1.2,265,4,0.0
2022-10-20T17:00:00.000000+0000,660.8,,,1.5,192,0,0.0
2022-10-20T18:00:00.000000+0000,660.8,,,2.3,177,0,0.0
2022-10-20T19:00:00.000000+0000,661.2,3.2666667,,3.3,146,0,0.0
2022-10-20T20:00:00.000000+0000,661.4,2.5,,0.9,153,0,0.0
2022-10-20T21:00:00.000000+0000,661.3,3.6,,1.4,220,0,0.0
2022-10-20T22:00:00.000000+0000,660.6,1.9666667,,4.2,131,0,0.0
2022-10-20T23:00:00.000000+0000,659.9,1.75,,3.9,132,0,0.0
2022-10-21T00:00:00.000000+0000,659.7,2.2166667,,4.7,114,0,0.0
2022-10-21T01:00:00.000000+0000,659.5,2.35,,6.9,120,0,0.0
2022-10-21T02:00:00.000000+0000,659.7,2.9666667,,7.8,125,0,0.0
2022-10-21T03:00:00.000000+0000,660.1,3.1,,8.3,119,0,0.0
2022-10-21T04:00:00.000000+0000,660.6,3.8833334,,7.0,120,66,0.0
2022-10-21T05:00:00.000000+0000,661.1,6.95,,7.2,100,304,0.0
2022-10-21T06:00:00.000000+0000,661.8,8.766666,,6.9,77,540,0.0
2022-10-21T07:00:00.000000+0000,662.4,10.366667,,4.9,82,788,0.0
2022-10-21T08:00:00.000000+0000,662.4,8.366667,,3.5,6,579,0.0
2022-10-21T09:00:00.000000+0000,662.4,7.766667,,3.6,330,344,0.0
2022-10-21T10:00:00.000000+0000,662.0,8.28,,5.0,345,633,0.0
2022-10-21T11:00:00.000000+0000,661.4,,,4.9,6,389,0.0
2022-10-21T12:00:00.000000+0000,661.1,,,5.5,343,419,0.0
2022-10-21T13:00:00.000000+0000,660.9,,,5.7,325,216,0.0
2022-10-21T14:00:00.000000+0000,661.0,,,3.9,334,103,0.0
2022-10-21T15:00:00.000000+0000,661.0,,,2.4,322,90,0.0
2022-10-21T16:00:00.000000+0000,661.1,,,1.3,221,4,0.0
2022-10-21T17:00:00.000000+0000,661.5,,,2.1,197,0,0.0
2022-10-21T18:00:00.000000+0000,661.8,2.9333334,,2.7,197,0,0.0
2022-10-21T19:00:00.000000+0000,662.2,3.4333334,,1.9,227,0,0.0
2022-10-21T20:00:00.000000+0000,662.3,3.5,,2.5,243,0,0.0
2022-10-21T21:00:00.000000+0000,662.1,1.9666667,,2.3,167,0,0.0
2022-10-21T22:00:00.000000+0000,661.4,1.0833334,,6.1,130,0,0.0
2022-10-21T23:00:00.000000+0000,660.7,2.6333334,,8.4,110,0,0.0
2022-10-22T00:00:00.000000+0000,660.3,2.9166667,,7.9,117,0,0.0
2022-10-22T01:00:00.000000+0000,659.9,3.4,,8.4,119,0,0.0
2022-10-22T02:00:00.000000+0000,660.2,3.0333333,,7.9,131,0,0.0
2022-10-22T03:00:00.000000+0000,660.7,2.7666667,,7.9,136,0,0.0
2022-10-22T04:00:00.000000+0000,661.3,3.7666667,,5.0,142,63,0.0
2022-10-22T05:00:00.000000+0000,662.2,7.016667,,2.9,156,325,0.0
2022-10-22T06:00:00.000000+0000,662.8,8.233334,,4.4,309,568,0.0
2022-10-22T07:00:00.000000+0000,663.3,9.05,,4.3,307,785,0.0
2022-10-22T08:00:00.000000+0000,663.4,9.35,,5.0,323,928,0.0
2022-10-22T09:00:00.000000+0000,663.1,10.35,,5.6,333,776,0.0
2022-10-22T10:00:00.000000+0000,662.5,9.216666,,5.3,320,437,0.0
2022-10-22T11:00:00.000000+0000,662.1,9.65,,3.7,325,599,0.0
2022-10-22T12:00:00.000000+0000,661.7,9.766666,,4.8,323,524,0.0
2022-10-22T13:00:00.000000+0000,661.6,9.616667,,4.8,333,469,0.0
2022-10-22T14:00:00.000000+0000,661.6,8.6,,4.8,299,192,0.0
2022-10-22T15:00:00.000000+0000,661.9,7.4,,3.2,329,156,0.0
2022-10-22T16:00:00.000000+0000,662.0,6.2,,2.6,217,10,0.0
2022-10-22T17:00:00.000000+0000,662.5,5.0,,2.4,217,0,0.0
2022-10-22T18:00:00.000000+0000,662.9,4.2833333,,3.3,223,0,0.0
2022-10-22T19:00:00.000000+0000,663.2,3.4833333,,2.0,198,0,0.0
2022-10-22T20:00:00.000000+0000,663.1,3.2333333,,2.4,103,0,0.0
2022-10-22T21:00:00.000000+0000,662.9,2.5166667,,2.3,143,0,0.0
2022-10-22T22:00:00.000000+0000,662.4,2.8166666,,5.4,132,0,0.0
2022-10-22T23:00:00.000000+0000,661.8,2.5833333,,5.6,129,0,0.0
2022-10-23T00:00:00.000000+0000,661.1,4.8333335,,8.5,147,0,0.0
2022-10-23T01:00:00.000000+0000,660.8,5.1666665,,8.5,138,0,0.0
2022-10-23T02:00:00.000000+0000,660.7,5.233333,,9.6,139,0,0.0
2022-10-23T03:00:00.000000+0000,661.0,5.2166667,,10.1,142,0,0.0
2022-10-23T04:00:00.000000+0000,661.6,5.983333,,9.7,140,63,0.0
2022-10-23T05:00:00.000000+0000,662.5,8.9,,7.9,136,319,0.0
2022-10-23T06:00:00.000000+0000,663.2,10.1,,6.0,125,570,0.0
2022-10-23T07:00:00.000000+0000,663.9,9.283334,,5.6,14,655,0.0
2022-10-23T08:00:00.000000+0000,664.0,7.4,,4.4,305,461,0.0
2022-10-23T09:00:00.000000+0000,664.0,7.85,,5.7,301,423,0.0
2022-10-23T10:00:00.000000+0000,663.5,7.8333335,,4.4,294,511,0.0
2022-10-23T11:00:00.000000+0000,663.0,8.316667,,3.7,313,329,0.0
2022-10-23T12:00:00.000000+0000,662.4,8.583333,,5.5,259,267,0.0
2022-10-23T13:00:00.000000+0000,662.2,8.666667,,6.8,252,213,0.0
2022-10-23T14:00:00.000000+0000,662.0,8.583333,,4.4,227,140,0.0
2022-10-23T15:00:00.000000+0000,662.1,7.0833335,,4.8,228,43,0.0
2022-10-23T16:00:00.000000+0000,662.3,5.3333335,,4.0,200,4,0.0
2022-10-23T17:00:00.000000+0000,662.7,4.983333,,2.5,199,0,0.0
2022-10-23T18:00:00.000000+0000,663.1,4.7166667,,2.3,229,0,0.0
2022-10-23T19:00:00.000000+0000,663.3,3.8833334,,1.0,196,0,0.0
2022-10-23T20:00:00.000000+0000,663.4,2.2,,1.7,130,0,0.0
2022-10-23T21:00:00.000000+0000,663.0,2.1333334,,5.0,126,0,0.0
2022-10-23T22:00:00.000000+0000,662.4,2.0833333,,5.8,128,0,0.0
2022-10-23T23:00:00.000000+0000,661.8,2.3833334,,5.6,123,0,0.0
2022-10-24T00:00:00.000000+0000,661.2,2.7,,6.0,117,0,0.0
2022-10-24T01:00:00.000000+0000,660.9,2.4333334,,5.9,129,0,0.0
2022-10-24T02:00:00.000000+0000,660.7,3.4333334,,7.6,134,0,0.0
2022-10-24T03:00:00.000000+0000,660.8,4.45,,8.8,135,0,0.0
2022-10-24T04:00:00.000000+0000,661.1,4.3333335,,9.1,126,63,0.0
2022-10-24T05:00:00.000000+0000,661.4,7.633333,,10.5,122,320,0.0
2022-10-24T06:00:00.000000+0000,662.2,10.116667,,10.2,116,571,0.0
2022-10-24T07:00:00.000000+0000,663.2,8.783334,,4.2,304,789,0.0
2022-10-24T08:00:00.000000+0000,663.3,8.683333,,3.8,316,990,0.0
2022-10-24T09:00:00.000000+0000,663.0,9.65,,5.6,306,684,0.0
2022-10-24T10:00:00.000000+0000,662.6,8.416667,,4.3,315,508,0.0
2022-10-24T11:00:00.000000+0000,662.0,8.983334,,4.6,325,462,0.0
2022-10-24T12:00:00.000000+0000,661.5,9.066667,,6.4,344,289,0.0
2022-10-24T13:00:00.000000+0000,661.3,8.45,,3.7,280,193,0.0
2022-10-24T14:00:00.000000+0000,661.1,10.066667,,4.7,265,386,0.0
2022-10-24T15:00:00.000000+0000,661.2,7.383333,,4.7,248,60,0.0
2022-10-24T16:00:00.000000+0000,661.3,5.733333,,3.8,245,5,0.0
2022-10-24T17:00:00.000000+0000,661.5,4.65,,1.6,215,0,0.0
2022-10-24T18:00:00.000000+0000,661.7,3.9166667,,1.1,174,0,0.0
2022-10-24T19:00:00.000000+0000,661.8,3.45,,2.4,101,0,0.0
2022-10-24T20:00:00.000000+0000,662.1,2.6666667,,0.9,135,0,0.0
2022-10-24T21:00:00.000000+0000,661.8,3.8666666,,1.0,198,0,0.0
2022-10-24T22:00:00.000000+0000,661.1,3.45,,1.8,227,0,0.0
2022-10-24T23:00:00.000000+0000,660.6,3.6,,1.5,225,0,0.0
2022-10-25T00:00:00.000000+0000,660.3,4.016667,,2.6,237,0,0.0
2022-10-25T01:00:00.000000+0000,660.0,3.25,,3.5,166,0,0.0
2022-10-25T02:00:00.000000+0000,660.0,4.633333,,1.7,234,0,0.0
2022-10-25T03:00:00.000000+0000,660.3,4.266667,,1.6,276,0,0.0
2022-10-25T04:00:00.000000+0000,660.7,3.9333334,,1.9,225,63,0.0
2022-10-25T05:00:00.000000+0000,661.4,6.0333333,,1.9,246,318,0.0
2022-10-25T06:00:00.000000+0000,662.2,7.35,,2.7,327,566,0.0
2022-10-25T07:00:00.000000+0000,662.7,8.083333,,2.8,293,788,0.0
2022-10-25T08:00:00.000000+0000,662.9,9.466666,,4.3,319,940,0.0
2022-10-25T09:00:00.000000+0000,662.7,9.35,,5.4,315,828,0.0
2022-10-25T10:00:00.000000+0000,662.2,9.55,,4.7,333,519,0.0
2022-10-25T11:00:00.000000+0000,661.7,9.183333,,3.1,318,260,0.0
2022-10-25T12:00:00.000000+0000,661.0,9.0,,3.5,353,165,0.0
2022-10-25T13:00:00.000000+0000,660.9,8.216666,,3.4,335,77,0.0
2022-10-25T14:00:00.000000+0000,660.9,7.8166666,,3.2,293,74,0.0
2022-10-25T15:00:00.000000+0000,660.9,7.2,,2.0,297,26,0.0
2022-10-25T16:00:00.000000+0000,661.0,5.65,,2.2,240,4,0.0
2022-10-25T17:00:00.000000+0000,661.0,4.1833334,,1.7,195,0,0.0
2022-10-25T18:00:00.000000+0000,661.2,3.8166666,,1.6,171,0,0.0
2022-10-25T19:00:00.000000+0000,661.6,4.133333,,1.7,176,0,0.0
2022-10-25T20:00:00.000000+0000,661.8,4.116667,,5.7,163,0,0.0
2022-10-25T21:00:00.000000+0000,662.0,3.05,,2.1,126,0,0.0
2022-10-25T22:00:00.000000+0000,661.2,2.6666667,,3.8,153,0,0.0
2022-10-25T23:00:00.000000+0000,660.9,2.9833333,,2.2,173,0,0.0
2022-10-26T00:00:00.000000+0000,660.6,2.3833334,,2.2,131,0,0.0
2022-10-26T01:00:00.000000+0000,660.5,3.0833333,,5.8,167,0,0.0
2022-10-26T02:00:00.000000+0000,660.6,4.7,,4.0,184,0,0.0
2022-10-26T03:00:00.000000+0000,660.9,4.95,,4.9,175,0,0.0
2022-10-26T04:00:00.000000+0000,661.0,6.0833335,,8.0,165,66,0.0
2022-10-26T05:00:00.000000+0000,661.6,9.55,,5.3,151,329,0.0
2022-10-26T06:00:00.000000+0000,662.2,9.9,,2.8,238,560,0.0
2022-10-26T07:00:00.000000+0000,662.7,9.133333,,2.4,286,797,0.0
2022-10-26T08:00:00.000000+0000,662.8,9.916667,,4.2,323,731,0.0
2022-10-26T09:00:00.000000+0000,662.8,9.283334,,5.1,321,428,0.0
2022-10-26T10:00:00.000000+0000,662.3,9.383333,,4.8,294,501,0.0
2022-10-26T11:00:00.000000+0000,661.5,9.916667,,5.1,308,414,0.0
2022-10-26T12:00:00.000000+0000,661.0,9.683333,,5.5,291,336,0.0
2022-10-26T13:00:00.000000+0000,660.7,9.533334,,4.1,288,266,0.0
2022-10-26T14:00:00.000000+0000,660.7,8.983334,,5.5,264,228,0.0
2022-10-26T15:00:00.000000+0000,660.9,7.733333,,7.1,255,71,0.0
2022-10-26T16:00:00.000000+0000,661.1,6.016667,,4.8,241,4,0.0
2022-10-26T17:00:00.000000+0000,661.6,4.766667,,3.2,238,0,0.0
2022-10-26T18:00:00.000000+0000,662.1,4.85,,3.0,216,0,0.0
2022-10-26T19:00:00.000000+0000,662.3,4.0333333,,1.5,169,0,0.0
2022-10-26T20:00:00.000000+0000,662.4,4.25,,3.2,112,0,0.0
2022-10-26T21:00:00.000000+0000,662.2,4.0,,4.0,197,0,0.0
2022-10-26T22:00:00.000000+0000,661.7,4.866667,,2.6,203,0,0.0
2022-10-26T23:00:00.000000+0000,661.0,4.233333,,3.1,209,0,0.0
2022-10-27T00:00:00.000000+0000,660.5,3.7333333,,2.6,192,0,0.0
2022-10-27T01:00:00.000000+0000,660.1,5.0333333,,8.4,155,0,0.0
2022-10-27T02:00:00.000000+0000,660.1,5.75,,10.3,145,0,0.0
2022-10-27T03:00:00.000000+0000,660.5,5.733333,,10.2,148,0,0.0
2022-10-27T04:00:00.000000+0000,661.1,5.9166665,,8.7,158,68,0.0
2022-10-27T05:00:00.000000+0000,661.8,8.166667,,5.6,134,300,0.0
2022-10-27T06:00:00.000000+0000,662.5,10.733334,,4.6,79,567,0.0
2022-10-27T07:00:00.000000+0000,662.9,8.933333,,3.8,357,780,0.0
2022-10-27T08:00:00.000000+0000,662.9,9.366667,,3.9,360,888,0.0
2022-10-27T09:00:00.000000+0000,662.8,8.333333,,4.1,7,460,0.0
2022-10-27T10:00:00.000000+0000,662.3,8.216666,,3.6,353,415,0.0
2022-10-27T11:00:00.000000+0000,661.6,8.233334,,4.4,3,167,0.0
2022-10-27T12:00:00.000000+0000,661.3,7.5,,3.7,327,60,0.0
2022-10-27T13:00:00.000000+0000,661.0,7.0666666,,3.9,260,20,0.2
2022-10-27T14:00:00.000000+0000,660.9,7.0,,4.0,272,50,0.1
2022-10-27T15:00:00.000000+0000,661.1,6.8166666,,2.5,279,26,0.0
2022-10-27T16:00:00.000000+0000,661.5,5.75,,1.7,233,4,0.0
2022-10-27T17:00:00.000000+0000,661.8,4.1833334,,1.0,204,0,0.0
2022-10-27T18:00:00.000000+0000,662.1,3.8166666,,1.8,183,0,0.0
2022-10-27T19:00:00.000000+0000,662.4,3.2,,3.2,122,0,0.0
2022-10-27T20:00:00.000000+0000,661.8,4.5333333,,8.9,143,0,0.0
2022-10-27T21:00:00.000000+0000,661.3,5.8,,9.1,145,0,0.0
2022-10-27T22:00:00.000000+0000,661.0,5.366667,,3.6,141,0,0.0
2022-10-27T23:00:00.000000+0000,660.6,4.3333335,,3.6,144,0,0.0
2022-10-28T00:00:00.000000+0000,660.2,3.55,,5.1,144,0,0.0
2022-10-28T01:00:00.000000+0000,660.0,3.3833334,,5.4,145,0,0.0
2022-10-28T02:00:00.000000+0000,660.1,4.05,,6.1,151,0,0.0
2022-10-28T03:00:00.000000+0000,660.5,3.6333334,,5.0,149,0,0.0
2022-10-28T04:00:00.000000+0000,660.8,5.516667,,5.1,144,69,0.0
2022-10-28T05:00:00.000000+0000,661.3,8.5,,3.9,104,311,0.0
2022-10-28T06:00:00.000000+0000,661.9,8.916667,,3.6,13,547,0.0
2022-10-28T07:00:00.000000+0000,662.2,7.766667,,3.2,301,377,0.0
2022-10-28T08:00:00.000000+0000,662.3,7.2166667,,3.0,340,198,0.0
2022-10-28T09:00:00.000000+0000,662.0,7.45,,3.6,354,134,0.1
2022-10-28T10:00:00.000000+0000,661.5,6.8,,3.2,270,83,2.4
2022-10-28T11:00:00.000000+0000,660.9,6.516667,,2.8,265,160,3.2
2022-10-28T12:00:00.000000+0000,660.8,6.366667,,2.2,265,112,1.5
2022-10-28T13:00:00.000000+0000,660.6,6.5,,3.3,248,88,0.8
2022-10-28T14:00:00.000000+0000,660.5,6.883333,,3.8,224,78,0.0
2022-10-28T15:00:00.000000+0000,660.5,7.5666666,,1.8,253,60,0.0
2022-10-28T16:00:00.000000+0000,660.8,6.75,,0.9,214,5,0.0
2022-10-28T17:00:00.000000+0000,661.0,5.616667,,1.4,189,0,0.0
2022-10-28T18:00:00.000000+0000,661.3,4.633333,,1.6,108,0,0.0
2022-10-28T19:00:00.000000+0000,661.5,4.616667,,1.8,74,0,0.0
2022-10-28T20:00:00.000000+0000,661.6,5.1666665,,1.4,82,0,0.0
2022-10-28T21:00:00.000000+0000,661.2,4.8166666,,1.3,130,0,0.6
2022-10-28T22:00:00.000000+0000,660.6,4.9,,2.0,208,0,0.6
2022-10-28T23:00:00.000000+0000,660.0,5.483333,,1.3,165,0,0.5
2022-10-29T00:00:00.000000+0000,659.6,4.0,,3.7,169,0,0.0
2022-10-29T01:00:00.000000+0000,659.3,3.7833333,,1.4,202,0,0.0
2022-10-29T02:00:00.000000+0000,659.4,2.9333334,,1.5,171,0,0.0
2022-10-29T03:00:00.000000+0000,659.7,4.016667,,1.0,90,0,0.0
2022-10-29T04:00:00.000000+0000,660.2,4.15,,1.4,228,65,0.0
2022-10-29T05:00:00.000000+0000,660.7,7.2833333,,1.1,281,318,0.0
2022-10-29T06:00:00.000000+0000,661.4,7.8166666,,1.3,315,568,0.0
2022-10-29T07:00:00.000000+0000,661.7,7.366667,,3.1,326,503,0.0
2022-10-29T08:00:00.000000+0000,661.8,7.516667,,3.4,310,390,0.0
2022-10-29T09:00:00.000000+0000,661.5,7.3166666,,3.6,310,305,0.0
2022-10-29T10:00:00.000000+0000,661.0,6.983333,,2.4,285,136,0.0
2022-10-29T11:00:00.000000+0000,660.4,7.2166667,,1.5,14,127,0.0
2022-10-29T12:00:00.000000+0000,660.0,7.983333,,1.6,352,204,0.1
2022-10-29T13:00:00.000000+0000,659.4,8.25,,3.1,353,188,0.0
2022-10-29T14:00:00.000000+0000,659.3,8.766666,,3.0,336,213,0.0
2022-10-29T15:00:00.000000+0000,659.6,8.5,,2.6,301,153,0.0
2022-10-29T16:00:00.000000+0000,659.9,6.8166666,,1.8,295,9,0.0
2022-10-29T17:00:00.000000+0000,660.1,5.266667,,3.6,129,0,0.0
2022-10-29T18:00:00.000000+0000,660.4,4.116667,,2.6,139,0,0.0
2022-10-29T19:00:00.000000+0000,660.8,4.45,,2.2,144,0,0.0
2022-10-29T20:00:00.000000+0000,660.8,5.8333335,,6.1,134,0,2.2
2022-10-29T21:00:00.000000+0000,660.8,4.6833334,,1.5,243,0,1.4
2022-10-29T22:00:00.000000+0000,660.3,4.616667,,2.6,194,0,1.9
2022-10-29T23:00:00.000000+0000,659.9,4.483333,,2.8,208,0,0.0
2022-10-30T00:00:00.000000+0000,659.6,4.5,,1.6,210,0,0.0
2022-10-30T01:00:00.000000+0000,659.4,4.15,,1.4,215,0,0.0
2022-10-30T02:00:00.000000+0000,659.4,3.4,,1.5,124,0,0.0
2022-10-30T03:00:00.000000+0000,659.6,3.35,,0.9,188,0,0.0
2022-10-30T04:00:00.000000+0000,660.0,2.65,,1.1,131,48,0.0
2022-10-30T05:00:00.000000+0000,660.8,6.9666667,,2.2,81,317,0.0
2022-10-30T06:00:00.000000+0000,661.4,6.95,,1.6,340,465,0.0
2022-10-30T07:00:00.000000+0000,661.8,7.516667,,2.4,291,698,0.0
2022-10-30T08:00:00.000000+0000,661.7,7.75,,3.9,311,514,0.0
2022-10-30T09:00:00.000000+0000,661.5,7.233333,,2.7,328,373,0.0
2022-10-30T10:00:00.000000+0000,661.1,6.883333,,2.2,308,148,1.6
2022-10-30T11:00:00.000000+0000,660.5,6.4333334,,1.7,20,145,0.6
2022-10-30T12:00:00.000000+0000,660.1,6.6,,2.0,43,187,0.0
2022-10-30T13:00:00.000000+0000,659.8,7.9,,3.5,340,282,0.0
2022-10-30T14:00:00.000000+0000,659.9,7.5333333,,3.6,286,137,0.0
2022-10-30T15:00:00.000000+0000,660.0,7.116667,,2.5,299,66,0.0
2022-10-30T16:00:00.000000+0000,660.4,5.8,,2.9,243,4,0.0
2022-10-30T17:00:00.000000+0000,660.8,3.95,,2.0,133,0,0.0
2022-10-30T18:00:00.000000+0000,661.1,3.5,,1.9,109,0,0.0
2022-10-30T19:00:00.000000+0000,661.3,3.1166666,,3.3,116,0,0.0
2022-10-30T20:00:00.000000+0000,661.4,3.3833334,,2.3,204,0,0.0
2022-10-30T21:00:00.000000+0000,660.9,4.1666665,,1.4,236,0,0.0
2022-10-30T22:00:00.000000+0000,660.4,4.5333333,,1.4,222,0,0.0
2022-10-30T23:00:00.000000+0000,660.1,4.733333,,0.9,135,0,0.0
2022-10-31T00:00:00.000000+0000,659.6,4.733333,,1.7,212,0,0.0
2022-10-31T01:00:00.000000+0000,659.4,5.2166667,,2.2,223,0,0.0
2022-10-31T02:00:00.000000+0000,659.6,4.3,,1.6,222,0,0.0
2022-10-31T03:00:00.000000+0000,659.9,4.233333,,3.2,131,0,0.0
2022-10-31T04:00:00.000000+0000,660.2,5.2166667,,4.1,149,68,0.0
2022-10-31T05:00:00.000000+0000,660.8,7.9166665,,2.1,32,322,0.0
2022-10-31T06:00:00.000000+0000,661.4,7.25,,1.6,309,570,0.0
2022-10-31T07:00:00.000000+0000,661.6,7.3166666,,2.4,343,496,0.0
2022-10-31T08:00:00.000000+0000,661.7,7.016667,,3.0,318,283,0.0
2022-10-31T09:00:00.000000+0000,661.7,6.9666667,,2.3,317,376,0.0
2022-10-31T10:00:00.000000+0000,661.2,7.0833335,,3.7,319,337,0.0
2022-10-31T11:00:00.000000+0000,660.6,6.366667,,2.7,286,91,1.3
2022-10-31T12:00:00.000000+0000,660.1,6.766667,,3.9,43,125,1.2
2022-10-31T13:00:00.000000+0000,660.1,7.133333,,4.1,63,109,2.5
2022-10-31T14:00:00.000000+0000,660.5,6.516667,,1.8,265,53,0.8
2022-10-31T15:00:00.000000+0000,660.9,6.266667,,2.1,216,42,0.0
2022-10-31T16:00:00.000000+0000,661.2,6.25,,3.2,250,1,0.0
2022-10-31T17:00:00.000000+0000,661.6,5.7,,1.6,148,0,0.0
2022-10-31T18:00:00.000000+0000,661.8,5.2833333,,3.3,122,0,0.0
2022-10-31T19:00:00.000000+0000,662.1,4.45,,2.4,208,0,0.0
2022-10-31T20:00:00.000000+0000,662.0,5.2166667,,3.9,135,0,0.0
2022-10-31T21:00:00.000000+0000,661.8,4.4333334,,2.2,87,0,0.0
2022-10-31T22:00:00.000000+0000,661.2,5.3166666,,5.4,,0,5.4
2022-10-31T23:00:00.000000+0000,660.8,4.366667,,1.4,172,0,0.0
2022-11-01T00:00:00.000000+0000,660.5,4.633333,,1.9,198,0,0.0
2022-11-01T01:00:00.000000+0000,660.4,4.383333,,2.0,130,0,0.0
2022-11-01T02:00:00.000000+0000,660.3,5.116667,,6.3,143,0,0.0
2022-11-01T03:00:00.000000+0000,660.5,5.25,,6.4,140,0,0.0
2022-11-01T04:00:00.000000+0000,660.8,5.5833335,,6.1,141,54,0.0
2022-11-01T05:00:00.000000+0000,661.5,7.7,,4.9,111,325,0.0
2022-11-01T06:00:00.000000+0000,662.1,8.916667,,4.3,44,592,0.0
2022-11-01T07:00:00.000000+0000,662.3,7.883333,,3.8,3,463,0.0
2022-11-01T08:00:00.000000+0000,662.4,7.383333,,3.3,288,369,0.0
2022-11-01T09:00:00.000000+0000,662.2,7.4333334,,2.8,280,237,0.0
2022-11-01T10:00:00.000000+0000,661.5,8.366667,,6.8,46,533,0.0
2022-11-01T11:00:00.000000+0000,660.7,9.45,,7.7,40,347,0.0
2022-11-01T12:00:00.000000+0000,660.5,8.483334,,6.1,27,151,0.0
2022-11-01T13:00:00.000000+0000,660.3,7.0,,6.8,46,45,0.4
2022-11-01T14:00:00.000000+0000,661.2,6.733333,,2.1,28,44,0.2
2022-11-01T15:00:00.000000+0000,661.3,6.383333,,2.1,63,28,0.0
2022-11-01T16:00:00.000000+0000,661.2,5.766667,,3.7,127,5,0.0
2022-11-01T17:00:00.000000+0000,661.9,5.25,,1.6,295,0,0.0
2022-11-01T18:00:00.000000+0000,661.9,4.483333,,3.2,122,0,0.0
2022-11-01T19:00:00.000000+0000,662.0,4.6666665,,4.9,129,0,0.0
2022-11-01T20:00:00.000000+0000,662.1,5.35,,3.5,110,0,0.0
2022-11-01T21:00:00.000000+0000,662.0,5.3,,6.0,116,0,4.6
2022-11-01T22:00:00.000000+0000,661.6,3.9833333,,3.9,,0,
2022-11-01T23:00:00.000000+0000,661.2,2.7,,0.0,,0,
2022-11-02T00:00:00.000000+0000,660.8,3.9166667,,3.1,132,0,8.2
2022-11-02T01:00:00.000000+0000,660.5,4.1666665,,9.3,133,0,0.2
2022-11-02T02:00:00.000000+0000,660.5,4.8166666,,7.8,125,0,0.0
2022-11-02T03:00:00.000000+0000,660.8,5.5,,5.2,115,0,0.0
2022-11-02T04:00:00.000000+0000,661.4,5.633333,,1.7,90,34,0.0
2022-11-02T05:00:00.000000+0000,662.0,6.9,,2.9,65,202,0.0
2022-11-02T06:00:00.000000+0000,662.4,7.866667,,4.1,55,353,0.0
2022-11-02T07:00:00.000000+0000,662.5,7.5,,4.4,18,238,0.0
2022-11-02T08:00:00.000000+0000,662.3,7.3,,5.0,30,345,0.0
2022-11-02T09:00:00.000000+0000,661.9,7.8166666,,4.7,27,359,
2022-11-02T10:00:00.000000+0000,661.2,8.45,,4.8,,,
2022-11-02T11:00:00.000000+0000,660.4,9.133333,,5.3,,,
2022-11-02T12:00:00.000000+0000,660.0,9.95,,6.4,84,574,0.0
2022-11-02T13:00:00.000000+0000,659.8,10.233334,,4.1,99,420,0.0
2022-11-02T14:00:00.000000+0000,659.8,8.933333,,3.7,200,217,0.0
2022-11-02T15:00:00.000000+0000,660.1,6.75,,2.0,257,46,0.0
2022-11-02T16:00:00.000000+0000,660.6,6.35,,2.5,246,2,0.0
2022-11-02T17:00:00.000000+0000,660.9,6.1,,1.9,108,0,0.4
2022-11-02T18:00:00.000000+0000,661.2,6.133333,,1.4,112,0,1.9
2022-11-02T19:00:00.000000+0000,661.6,5.9166665,,1.4,196,0,0.0
2022-11-02T20:00:00.000000+0000,661.4,5.866667,,1.7,120,0,0.0
2022-11-02T21:00:00.000000+0000,661.2,5.95,,1.6,218,0,0.0
2022-11-02T22:00:00.000000+0000,660.7,5.5,,0.8,191,0,0.0
2022-11-02T23:00:00.000000+0000,660.3,5.75,,1.2,34,0,0.0
2022-11-03T00:00:00.000000+0000,660.0,5.5833335,,2.5,120,0,0.0
2022-11-03T01:00:00.000000+0000,659.6,5.383333,,4.1,165,0,0.0
2022-11-03T02:00:00.000000+0000,659.9,5.483333,,3.1,141,0,0.0
2022-11-03T03:00:00.000000+0000,660.2,5.3333335,,2.8,148,0,0.0
2022-11-03T04:00:00.000000+0000,660.5,6.1,,3.6,112,58,0.0
2022-11-03T05:00:00.000000+0000,661.1,6.2166667,,2.3,22,167,0.0
2022-11-03T06:00:00.000000+0000,661.7,6.383333,,2.4,322,179,0.0
2022-11-03T07:00:00.000000+0000,661.8,6.45,,3.1,8,203,0.0
2022-11-03T08:00:00.000000+0000,661.6,7.0,,3.9,349,307,0.0
2022-11-03T09:00:00.000000+0000,661.4,6.3333335,,4.1,313,125,0.0
2022-11-03T10:00:00.000000+0000,660.9,6.766667,,3.8,345,237,0.0
2022-11-03T11:00:00.000000+0000,660.2,6.75,,5.9,14,231,0.0
2022-11-03T12:00:00.000000+0000,659.8,6.9666667,,6.4,16,188,0.0
2022-11-03T13:00:00.000000+0000,659.6,6.766667,,6.2,25,148,0.0
2022-11-03T14:00:00.000000+0000,659.7,6.85,,3.5,23,82,0.0
2022-11-03T15:00:00.000000+0000,659.7,6.6,,2.3,39,84,0.0
2022-11-03T16:00:00.000000+0000,660.1,6.1833334,,0.9,304,3,0.0
2022-11-03T17:00:00.000000+0000,660.7,6.0833335,,1.5,297,0,0.0
2022-11-03T18:00:00.000000+0000,661.3,5.5666666,,1.5,243,0,0.0
2022-11-03T19:00:00.000000+0000,661.6,4.5,,0.9,229,0,0.0
2022-11-03T20:00:00.000000+0000,661.7,4.1,,1.5,160,0,0.0
2022-11-03T21:00:00.000000+0000,661.3,4.25,,1.4,151,0,0.0
2022-11-03T22:00:00.000000+0000,660.8,5.0333333,,1.0,106,0,0.0
2022-11-03T23:00:00.000000+0000,660.3,5.116667,,2.7,129,0,0.0
2022-11-04T00:00:00.000000+0000,659.8,4.1666665,,1.5,143,0,0.0
2022-11-04T01:00:00.000000+0000,659.7,3.7,,1.9,101,0,0.0
2022-11-04T02:00:00.000000+0000,659.7,3.5666666,,3.5,109,0,0.0
2022-11-04T03:00:00.000000+0000,660.2,3.55,,2.8,114,0,0.0
2022-11-04T04:00:00.000000+0000,660.6,3.5333333,,1.5,122,62,0.0
2022-11-04T05:00:00.000000+0000,661.2,7.016667,,2.4,40,297,0.0
2022-11-04T06:00:00.000000+0000,661.7,6.8333335,,3.2,21,276,0.0
2022-11-04T07:00:00.000000+0000,661.9,7.1666665,,3.9,360,219,0.0
2022-11-04T08:00:00.000000+0000,662.0,6.7166667,,4.7,359,99,0.0
2022-11-04T09:00:00.000000+0000,661.8,6.5833335,,4.9,21,147,0.7
2022-11-04T10:00:00.000000+0000,661.3,6.266667,,3.4,343,98,4.3
2022-11-04T11:00:00.000000+0000,660.8,5.866667,,2.1,291,224,3.1
2022-11-04T12:00:00.000000+0000,660.4,5.85,,1.3,228,113,0.5
2022-11-04T13:00:00.000000+0000,660.0,6.483333,,1.6,294,200,0.9
2022-11-04T14:00:00.000000+0000,659.9,6.3166666,,1.9,333,77,0.1
2022-11-04T15:00:00.000000+0000,660.1,6.0833335,,1.2,45,27,0.0
2022-11-04T16:00:00.000000+0000,660.4,5.5833335,,1.6,48,3,0.0
2022-11-04T17:00:00.000000+0000,660.7,5.15,,1.3,107,0,0.0
2022-11-04T18:00:00.000000+0000,661.1,4.85,,1.2,186,0,0.0
2022-11-04T19:00:00.000000+0000,661.5,5.35,,2.0,171,0,0.2
2022-11-04T20:00:00.000000+0000,661.7,5.45,,1.9,225,0,1.6
2022-11-04T21:00:00.000000+0000,661.3,5.266667,,0.9,166,0,4.2
2022-11-04T22:00:00.000000+0000,660.9,5.6,,2.4,195,0,0.8
2022-11-04T23:00:00.000000+0000,660.4,5.35,,1.6,108,0,0.0
2022-11-05T00:00:00.000000+0000,659.8,5.866667,,5.3,137,0,0.0
2022-11-05T01:00:00.000000+0000,659.4,5.1833334,,7.5,131,0,0.0
2022-11-05T02:00:00.000000+0000,659.5,4.6666665,,7.4,137,0,0.0
2022-11-05T03:00:00.000000+0000,659.8,5.016667,,8.5,138,0,0.0
2022-11-05T04:00:00.000000+0000,660.2,5.5333333,,9.3,144,76,0.0
2022-11-05T05:00:00.000000+0000,661.1,8.45,,3.4,133,308,0.0
2022-11-05T06:00:00.000000+0000,661.9,7.9,,1.9,27,546,0.0
2022-11-05T07:00:00.000000+0000,662.3,7.883333,,3.9,6,486,0.0
2022-11-05T08:00:00.000000+0000,662.3,7.4166665,,3.4,2,371,0.0
2022-11-05T09:00:00.000000+0000,662.2,7.4333334,,4.4,321,351,0.0
2022-11-05T10:00:00.000000+0000,661.6,6.983333,,4.4,323,145,0.0
2022-11-05T11:00:00.000000+0000,660.9,6.8333335,,3.9,244,169,4.5
2022-11-05T12:00:00.000000+0000,660.3,7.0,,3.3,272,142,0.0
2022-11-05T13:00:00.000000+0000,660.1,6.9666667,,2.8,270,168,0.0
2022-11-05T14:00:00.000000+0000,660.1,6.733333,,3.4,280,135,0.0
2022-11-05T15:00:00.000000+0000,660.4,6.6833334,,2.1,276,62,0.0
2022-11-05T16:00:00.000000+0000,660.7,5.766667,,1.3,9,3,0.0
2022-11-05T17:00:00.000000+0000,661.3,5.233333,,3.5,142,0,0.0
2022-11-05T18:00:00.000000+0000,661.8,5.483333,,3.8,149,0,0.1
2022-11-05T19:00:00.000000+0000,662.3,5.866667,,3.0,146,0,0.0
2022-11-05T20:00:00.000000+0000,662.1,5.866667,,4.1,136,0,0.0
2022-11-05T21:00:00.000000+0000,661.6,5.75,,3.4,131,0,0.0
2022-11-05T22:00:00.000000+0000,660.9,4.55,,8.8,148,0,0.0
2022-11-05T23:00:00.000000+0000,660.8,4.733333,,2.6,208,0,0.0
2022-11-06T00:00:00.000000+0000,660.5,4.9,,2.3,108,0,0.0
2022-11-06T01:00:00.000000+0000,660.3,3.95,,2.1,193,0,0.0
2022-11-06T02:00:00.000000+0000,660.3,3.5166667,,1.8,142,0,0.0
2022-11-06T03:00:00.000000+0000,660.8,2.7,,2.1,209,0,0.0
2022-11-06T04:00:00.000000+0000,661.2,3.45,,1.5,205,62,0.0
2022-11-06T05:00:00.000000+0000,661.8,5.116667,,1.1,257,314,0.0
2022-11-06T06:00:00.000000+0000,662.4,6.3333335,,2.1,336,449,0.0
2022-11-06T07:00:00.000000+0000,662.7,5.866667,,2.8,289,242,0.0
2022-11-06T08:00:00.000000+0000,662.7,6.3,,1.9,198,416,0.0
2022-11-06T09:00:00.000000+0000,662.4,6.35,,2.9,270,191,0.0
2022-11-06T10:00:00.000000+0000,662.0,6.1833334,,3.1,264,151,0.0
2022-11-06T11:00:00.000000+0000,661.4,8.8,,3.9,45,608,0.0
2022-11-06T12:00:00.000000+0000,661.0,7.866667,,3.6,32,299,0.0
2022-11-06T13:00:00.000000+0000,660.8,6.65,,3.3,286,83,0.0
2022-11-06T14:00:00.000000+0000,660.8,6.75,,3.1,268,176,0.0
2022-11-06T15:00:00.000000+0000,660.9,6.2,,2.1,287,41,0.0
2022-11-06T16:00:00.000000+0000,661.3,5.383333,,2.1,160,3,0.0
2022-11-06T17:00:00.000000+0000,661.8,5.0666666,,1.5,276,0,0.0
2022-11-06T18:00:00.000000+0000,662.2,4.9333334,,1.5,139,0,0.0
2022-11-06T19:00:00.000000+0000,662.8,4.7833333,,2.9,177,0,0.0
2022-11-06T20:00:00.000000+0000,662.8,5.5666666,,2.3,95,0,0.0
2022-11-06T21:00:00.000000+0000,662.0,5.383333,,7.0,138,0,4.9
2022-11-06T22:00:00.000000+0000,661.7,4.9,,3.1,211,0,0.0
2022-11-06T23:00:00.000000+0000,661.2,3.55,,1.2,210,0,0.0
2022-11-07T00:00:00.000000+0000,660.9,3.9833333,,3.1,162,0,0.0
2022-11-07T01:00:00.000000+0000,660.7,4.0,,6.1,167,0,0.0
2022-11-07T02:00:00.000000+0000,660.9,3.8166666,,1.8,234,0,0.0
2022-11-07T03:00:00.000000+0000,661.1,3.6666667,,1.8,232,0,0.0
2022-11-07T04:00:00.000000+0000,661.5,3.7333333,,1.5,225,58,0.0
2022-11-07T05:00:00.000000+0000,662.0,5.45,,1.7,270,332,0.0
2022-11-07T06:00:00.000000+0000,662.8,6.116667,,1.9,293,414,0.0
2022-11-07T07:00:00.000000+0000,663.2,6.35,,2.5,307,343,0.0
2022-11-07T08:00:00.000000+0000,663.2,6.1833334,,2.3,313,179,0.0
2022-11-07T09:00:00.000000+0000,663.1,6.4,,2.7,325,185,0.0
2022-11-07T10:00:00.000000+0000,662.9,6.6833334,,3.6,326,140,0.0
2022-11-07T11:00:00.000000+0000,662.1,6.9666667,,3.5,343,269,0.0
2022-11-07T12:00:00.000000+0000,660.8,7.1,,5.3,70,175,0.0
2022-11-07T13:00:00.000000+0000,660.6,7.616667,,5.8,110,133,0.0
2022-11-07T14:00:00.000000+0000,660.8,6.633333,,2.9,265,71,0.0
2022-11-07T15:00:00.000000+0000,660.9,6.5,,2.0,174,57,0.0
2022-11-07T16:00:00.000000+0000,661.2,4.983333,,1.9,205,3,0.0
2022-11-07T17:00:00.000000+0000,661.7,4.5333333,,1.2,81,0,0.0
2022-11-07T18:00:00.000000+0000,662.1,3.3666666,,1.3,119,0,0.0
2022-11-07T19:00:00.000000+0000,662.3,3.5833333,,1.4,205,0,0.0
2022-11-07T20:00:00.000000+0000,662.1,4.7166667,,7.7,152,0,0.0
2022-11-07T21:00:00.000000+0000,661.7,5.8166666,,6.8,142,0,0.0
2022-11-07T22:00:00.000000+0000,661.2,5.7833333,,6.9,144,0,0.0
2022-11-07T23:00:00.000000+0000,660.8,5.3333335,,4.5,150,0,0.0
2022-11-08T00:00:00.000000+0000,660.6,3.2666667,,1.8,263,0,0.0
2022-11-08T01:00:00.000000+0000,660.5,3.3833334,,2.0,171,0,0.0
2022-11-08T02:00:00.000000+0000,660.4,4.766667,,5.2,132,0,0.0
2022-11-08T03:00:00.000000+0000,660.6,5.3333335,,5.0,137,0,0.0
2022-11-08T04:00:00.000000+0000,661.1,4.4,,3.9,136,25,0.0
2022-11-08T05:00:00.000000+0000,661.7,4.5,,1.5,6,99,0.0
2022-11-08T06:00:00.000000+0000,662.4,7.1666665,,3.7,77,404,0.0
2022-11-08T07:00:00.000000+0000,662.5,10.033334,,6.5,86,790,0.0
2022-11-08T08:00:00.000000+0000,662.7,8.966666,,4.6,8,752,0.0
2022-11-08T09:00:00.000000+0000,662.6,8.0,,4.3,9,505,0.0
2022-11-08T10:00:00.000000+0000,662.2,8.066667,,5.1,3,442,0.0
2022-11-08T11:00:00.000000+0000,661.4,7.4666667,,7.5,20,301,0.4
2022-11-08T12:00:00.000000+0000,660.9,7.0666666,,5.0,319,189,0.0
2022-11-08T13:00:00.000000+0000,660.8,7.0,,2.8,287,282,0.0
2022-11-08T14:00:00.000000+0000,660.5,7.0333333,,2.7,288,190,0.0
2022-11-08T15:00:00.000000+0000,660.4,6.7833333,,2.3,176,90,0.0
2022-11-08T16:00:00.000000+0000,660.8,4.9333334,,2.7,207,5,0.0
2022-11-08T17:00:00.000000+0000,661.7,4.4333334,,2.4,245,0,0.0
2022-11-08T18:00:00.000000+0000,661.7,3.5333333,,2.6,138,0,0.0
2022-11-08T19:00:00.000000+0000,661.9,3.3833334,,6.1,151,0,0.0
2022-11-08T20:00:00.000000+0000,661.9,4.7,,8.2,141,0,0.0
2022-11-08T21:00:00.000000+0000,661.7,4.3333335,,6.6,149,0,0.0
2022-11-08T22:00:00.000000+0000,661.2,4.0333333,,3.6,120,0,0.0
2022-11-08T23:00:00.000000+0000,660.6,3.4666667,,2.8,135,0,0.0
2022-11-09T00:00:00.000000+0000,660.3,3.2166667,,3.5,136,0,0.0
2022-11-09T01:00:00.000000+0000,659.9,4.366667,,7.5,140,0,0.0
2022-11-09T02:00:00.000000+0000,660.3,4.9166665,,3.4,149,0,0.0
2022-11-09T03:00:00.000000+0000,660.5,5.016667,,6.6,131,0,0.0
2022-11-09T04:00:00.000000+0000,660.6,6.2166667,,7.3,129,71,0.0
2022-11-09T05:00:00.000000+0000,661.2,8.883333,,7.0,118,315,0.0
2022-11-09T06:00:00.000000+0000,661.8,10.583333,,5.5,99,559,0.0
2022-11-09T07:00:00.000000+0000,662.1,10.516666,,4.8,6,784,0.0
2022-11-09T08:00:00.000000+0000,662.1,9.183333,,4.6,287,944,0.0
2022-11-09T09:00:00.000000+0000,662.1,9.25,,5.4,309,901,0.0
2022-11-09T10:00:00.000000+0000,661.7,8.766666,,4.4,306,602,0.0
2022-11-09T11:00:00.000000+0000,661.1,7.8,,4.8,309,189,0.0
2022-11-09T12:00:00.000000+0000,660.5,6.74,,6.6,22,90,0.4
2022-11-09T13:00:00.000000+0000,660.2,6.25,,4.3,61,85,0.3
2022-11-09T14:00:00.000000+0000,660.2,6.5833335,,1.9,82,59,0.0
2022-11-09T15:00:00.000000+0000,660.1,6.65,,2.7,76,78,0.0
2022-11-09T16:00:00.000000+0000,660.3,5.9,,2.8,143,6,0.0
2022-11-09T17:00:00.000000+0000,660.6,5.483333,,2.4,162,0,0.0
2022-11-09T18:00:00.000000+0000,661.1,5.4166665,,1.4,194,0,0.0
2022-11-09T19:00:00.000000+0000,661.7,4.5333333,,0.8,214,0,0.0
2022-11-09T20:00:00.000000+0000,661.7,4.866667,,1.0,156,0,0.0
2022-11-09T21:00:00.000000+0000,661.4,5.1,,1.1,196,0,0.0
2022-11-09T22:00:00.000000+0000,660.9,5.1,,1.4,189,0,0.0
2022-11-09T23:00:00.000000+0000,660.3,5.366667,,3.6,123,0,0.0
2022-11-10T00:00:00.000000+0000,659.8,5.016667,,2.1,108,0,0.0
2022-11-10T01:00:00.000000+0000,659.6,4.5333333,,3.7,125,0,0.0
2022-11-10T02:00:00.000000+0000,659.7,3.8,,5.9,129,0,0.0
2022-11-10T03:00:00.000000+0000,660.1,4.0666666,,4.9,116,0,0.0
2022-11-10T04:00:00.000000+0000,660.3,4.55,,5.3,112,67,0.0
2022-11-10T05:00:00.000000+0000,660.9,7.1666665,,4.7,90,303,0.0
2022-11-10T06:00:00.000000+0000,661.6,8.866667,,4.8,90,533,0.0
2022-11-10T07:00:00.000000+0000,661.8,8.066667,,4.9,1,507,0.0
2022-11-10T08:00:00.000000+0000,661.7,7.4333334,,4.6,340,273,0.0
2022-11-10T09:00:00.000000+0000,661.6,7.05,,3.8,290,367,0.0
2022-11-10T10:00:00.000000+0000,661.0,6.9166665,,3.9,302,231,0.0
2022-11-10T11:00:00.000000+0000,660.5,6.616667,,2.3,56,77,3.4
2022-11-10T12:00:00.000000+0000,660.3,6.9166665,,2.7,67,105,0.5
2022-11-10T13:00:00.000000+0000,660.0,6.5666666,,2.4,295,147,0.0
2022-11-10T14:00:00.000000+0000,659.9,6.25,,2.9,280,150,0.0
2022-11-10T15:00:00.000000+0000,660.0,6.3166666,,1.1,264,68,0.0
2022-11-10T16:00:00.000000+0000,660.3,5.2166667,,1.1,234,7,0.0
2022-11-10T17:00:00.000000+0000,660.7,3.5666666,,0.9,194,0,0.0
2022-11-10T18:00:00.000000+0000,661.2,3.5166667,,1.1,129,0,0.0
2022-11-10T19:00:00.000000+0000,661.6,3.3333333,,1.7,180,0,0.0
2022-11-10T20:00:00.000000+0000,661.7,4.55,,3.2,141,0,0.2
2022-11-10T21:00:00.000000+0000,661.4,5.0666666,,4.8,151,0,0.0
2022-11-10T22:00:00.000000+0000,661.0,5.266667,,5.6,136,0,0.0
2022-11-10T23:00:00.000000+0000,660.2,4.9333334,,7.7,134,0,0.0
2022-11-11T00:00:00.000000+0000,659.9,3.8166666,,4.6,132,0,0.0
2022-11-11T01:00:00.000000+0000,659.8,3.4,,6.1,134,0,0.0
2022-11-11T02:00:00.000000+0000,659.8,3.55,,4.8,136,0,0.0
2022-11-11T03:00:00.000000+0000,660.2,3.25,,2.2,231,0,0.0
2022-11-11T04:00:00.000000+0000,660.7,3.6666667,,1.0,173,41,0.0
2022-11-11T05:00:00.000000+0000,661.4,5.5833335,,2.3,349,224,0.0
2022-11-11T06:00:00.000000+0000,661.8,6.366667,,3.5,112,360,0.0
2022-11-11T07:00:00.000000+0000,662.0,8.766666,,6.2,162,460,0.0
2022-11-11T08:00:00.000000+0000,662.1,7.7,,2.4,349,416,0.0
2022-11-11T09:00:00.000000+0000,661.8,7.116667,,3.7,297,385,0.0
2022-11-11T10:00:00.000000+0000,661.4,7.2166667,,4.5,304,392,0.0
2022-11-11T11:00:00.000000+0000,660.8,6.5,,3.7,273,146,0.0
2022-11-11T12:00:00.000000+0000,660.4,6.4,,1.5,333,177,2.0
2022-11-11T13:00:00.000000+0000,660.1,6.6,,2.5,341,128,0.0
2022-11-11T14:00:00.000000+0000,660.0,6.2166667,,1.7,270,67,0.0
2022-11-11T15:00:00.000000+0000,660.1,6.3333335,,2.0,279,46,0.0
2022-11-11T16:00:00.000000+0000,660.4,5.8,,1.9,253,2,0.0
2022-11-11T17:00:00.000000+0000,660.9,4.866667,,1.9,186,0,0.0
2022-11-11T18:00:00.000000+0000,661.3,4.616667,,1.4,169,0,0.0
2022-11-11T19:00:00.000000+0000,661.7,3.85,,2.1,125,0,0.0
2022-11-11T20:00:00.000000+0000,661.6,4.25,,3.2,153,0,0.0
2022-11-11T21:00:00.000000+0000,661.4,4.5833335,,5.4,143,0,0.0
2022-11-11T22:00:00.000000+0000,661.2,5.4333334,,2.8,118,0,0.0
2022-11-11T23:00:00.000000+0000,660.9,5.05,,1.4,135,0,0.5
2022-11-12T00:00:00.000000+0000,660.3,5.5833335,,5.2,144,0,0.0
2022-11-12T01:00:00.000000+0000,660.1,5.516667,,5.2,141,0,0.0
2022-11-12T02:00:00.000000+0000,660.2,4.5,,1.3,194,0,0.0
2022-11-12T03:00:00.000000+0000,660.6,4.116667,,4.3,136,0,0.0
2022-11-12T04:00:00.000000+0000,661.0,4.483333,,3.1,143,52,0.0
2022-11-12T05:00:00.000000+0000,661.5,7.05,,3.1,131,286,0.0
2022-11-12T06:00:00.000000+0000,662.0,6.0666666,,1.8,320,352,0.0
2022-11-12T07:00:00.000000+0000,662.3,7.0833335,,2.9,4,479,0.0
2022-11-12T08:00:00.000000+0000,662.6,6.5333333,,2.5,336,349,0.0
2022-11-12T09:00:00.000000+0000,662.3,6.6,,3.3,319,295,0.0
2022-11-12T10:00:00.000000+0000,661.8,6.6833334,,3.5,272,226,0.0
2022-11-12T11:00:00.000000+0000,661.2,6.35,,3.0,286,149,1.8
2022-11-12T12:00:00.000000+0000,660.8,5.8166666,,2.9,258,121,1.0
2022-11-12T13:00:00.000000+0000,660.8,6.0833335,,1.6,259,165,1.2
2022-11-12T14:00:00.000000+0000,660.7,6.0833335,,1.6,51,70,1.4
2022-11-12T15:00:00.000000+0000,660.8,5.766667,,3.5,135,13,0.0
2022-11-12T16:00:00.000000+0000,660.9,5.6,,3.3,155,1,0.4
2022-11-12T17:00:00.000000+0000,661.4,4.95,,1.5,127,0,0.0
2022-11-12T18:00:00.000000+0000,661.9,3.6,,1.7,135,0,0.0
2022-11-12T19:00:00.000000+0000,662.2,3.9,,3.8,121,0,0.0
2022-11-12T20:00:00.000000+0000,662.2,3.5166667,,2.6,148,0,0.0
2022-11-12T21:00:00.000000+0000,661.9,4.233333,,0.9,135,0,0.0
2022-11-12T22:00:00.000000+0000,661.5,4.15,,2.5,111,0,0.0
2022-11-12T23:00:00.000000+0000,661.0,4.2833333,,4.8,102,0,0.0
2022-11-13T00:00:00.000000+0000,660.8,4.0,,4.2,141,0,0.0
2022-11-13T01:00:00.000000+0000,660.5,3.85,,5.4,120,0,0.0
2022-11-13T02:00:00.000000+0000,660.4,4.45,,6.2,121,0,0.0
2022-11-13T03:00:00.000000+0000,660.8,4.35,,6.8,119,0,0.0
2022-11-13T04:00:00.000000+0000,661.2,4.5666666,,6.5,117,74,0.0
2022-11-13T05:00:00.000000+0000,661.8,6.8333335,,5.9,106,280,0.0
2022-11-13T06:00:00.000000+0000,662.4,8.066667,,5.8,87,500,0.0
2022-11-13T07:00:00.000000+0000,662.6,9.566667,,6.4,63,720,0.0
2022-11-13T08:00:00.000000+0000,662.5,9.083333,,6.5,68,652,0.0
2022-11-13T09:00:00.000000+0000,662.3,9.566667,,5.4,63,899,0.0
2022-11-13T10:00:00.000000+0000,661.7,8.7,,7.3,58,395,0.0
2022-11-13T11:00:00.000000+0000,661.2,8.15,,7.6,50,273,0.0
2022-11-13T12:00:00.000000+0000,661.0,7.3166666,,7.6,36,194,0.0
2022-11-13T13:00:00.000000+0000,660.7,7.366667,,4.0,31,167,0.0
2022-11-13T14:00:00.000000+0000,660.7,7.4166665,,2.2,3,110,0.0
2022-11-13T15:00:00.000000+0000,660.8,7.016667,,2.2,163,47,0.0
2022-11-13T16:00:00.000000+0000,661.3,5.6666665,,1.8,193,4,0.0
2022-11-13T17:00:00.000000+0000,661.9,4.9666667,,2.4,171,0,0.0
2022-11-13T18:00:00.000000+0000,662.3,5.0333333,,0.5,14,0,0.0
2022-11-13T19:00:00.000000+0000,662.5,3.55,,1.9,120,0,0.0
2022-11-13T20:00:00.000000+0000,662.6,4.4166665,,3.5,108,0,0.0
2022-11-13T21:00:00.000000+0000,662.3,4.1833334,,1.9,87,0,0.0
2022-11-13T22:00:00.000000+0000,661.9,3.7333333,,2.7,106,0,0.0
2022-11-13T23:00:00.000000+0000,661.4,4.2,,4.1,118,0,0.0
2022-11-14T00:00:00.000000+0000,660.8,3.7666667,,3.5,123,0,0.0
2022-11-14T01:00:00.000000+0000,660.7,3.8,,3.5,133,0,0.0
2022-11-14T02:00:00.000000+0000,661.0,4.116667,,4.2,125,0,0.0
2022-11-14T03:00:00.000000+0000,661.2,4.8,,6.0,136,0,0.0
2022-11-14T04:00:00.000000+0000,661.6,6.016667,,4.8,125,26,0.0
2022-11-14T05:00:00.000000+0000,662.1,8.05,,3.9,84,244,0.0
2022-11-14T06:00:00.000000+0000,662.7,9.083333,,3.8,32,580,0.0
2022-11-14T07:00:00.000000+0000,662.8,9.216666,,5.9,4,707,0.0
2022-11-14T08:00:00.000000+0000,662.6,9.233334,,6.1,1,599,0.0
2022-11-14T09:00:00.000000+0000,662.3,8.15,,5.9,33,236,0.0
2022-11-14T10:00:00.000000+0000,661.7,7.7,,6.8,31,199,0.0
2022-11-14T11:00:00.000000+0000,661.0,7.4666667,,6.3,37,201,0.0
2022-11-14T12:00:00.000000+0000,660.6,7.25,,4.4,56,172,0.0
2022-11-14T13:00:00.000000+0000,660.1,8.45,,4.4,45,337,0.0
2022-11-14T14:00:00.000000+0000,660.1,7.483333,,4.3,38,76,0.0
2022-11-14T15:00:00.000000+0000,660.6,7.1666665,,0.9,333,37,0.0
2022-11-14T16:00:00.000000+0000,661.1,6.2833333,,1.1,283,3,0.0
2022-11-14T17:00:00.000000+0000,661.6,5.4166665,,0.8,270,0,0.0
2022-11-14T18:00:00.000000+0000,662.1,5.3,,1.0,153,0,0.0
2022-11-14T19:00:00.000000+0000,662.6,5.7166667,,1.1,153,0,0.0
2022-11-14T20:00:00.000000+0000,662.5,6.233333,,1.7,75,0,0.0
2022-11-14T21:00:00.000000+0000,661.9,5.8166666,,1.9,108,0,0.0
2022-11-14T22:00:00.000000+0000,661.5,5.3333335,,2.2,87,0,0.0
2022-11-14T23:00:00.000000+0000,661.0,5.3,,3.0,94,0,0.0
2022-11-15T00:00:00.000000+0000,660.8,5.35,,2.2,103,0,0.0
2022-11-15T01:00:00.000000+0000,660.7,5.616667,,2.2,93,0,0.0
2022-11-15T02:00:00.000000+0000,660.9,5.1666665,,3.0,97,0,0.0
2022-11-15T03:00:00.000000+0000,661.1,5.516667,,5.4,105,0,0.0
2022-11-15T04:00:00.000000+0000,661.5,5.616667,,4.4,127,15,0.0
2022-11-15T05:00:00.000000+0000,661.9,6.483333,,5.0,114,150,0.1
2022-11-15T06:00:00.000000+0000,662.4,7.5833335,,3.6,35,284,0.0
2022-11-15T07:00:00.000000+0000,662.4,7.2,,2.6,7,199,0.0
2022-11-15T08:00:00.000000+0000,662.2,6.983333,,3.2,354,233,0.0
2022-11-15T09:00:00.000000+0000,661.7,7.233333,,5.0,5,168,0.2
2022-11-15T10:00:00.000000+0000,661.0,6.45,,5.5,24,109,0.2
2022-11-15T11:00:00.000000+0000,660.4,6.616667,,5.0,36,159,0.0
2022-11-15T12:00:00.000000+0000,659.7,7.1,,3.7,40,236,0.0
2022-11-15T13:00:00.000000+0000,659.4,7.633333,,4.5,39,272,0.0
2022-11-15T14:00:00.000000+0000,659.5,7.2,,4.5,63,129,0.0
2022-11-15T15:00:00.000000+0000,659.9,7.0,,1.7,140,38,0.0
2022-11-15T16:00:00.000000+0000,660.3,6.4666667,,1.3,193,3,0.0
2022-11-15T17:00:00.000000+0000,660.8,6.3166666,,1.3,180,0,0.0
2022-11-15T18:00:00.000000+0000,661.0,5.9333334,,2.1,115,0,0.0
2022-11-15T19:00:00.000000+0000,661.4,5.5333333,,1.7,202,0,0.0
2022-11-15T20:00:00.000000+0000,661.4,4.9333334,,4.4,129,0,0.0
2022-11-15T21:00:00.000000+0000,661.2,5.3166666,,2.0,160,0,0.0
2022-11-15T22:00:00.000000+0000,660.5,4.7,,5.3,134,0,0.0
2022-11-15T23:00:00.000000+0000,660.2,5.0333333,,3.4,153,0,0.0
2022-11-16T00:00:00.000000+0000,659.9,5.3166666,,2.1,120,0,0.0
2022-11-16T01:00:00.000000+0000,659.7,4.9166665,,2.9,94,0,0.0
2022-11-16T02:00:00.000000+0000,659.8,5.1666665,,3.1,182,0,0.0
2022-11-16T03:00:00.000000+0000,660.2,5.0,,1.1,196,0,0.0
2022-11-16T04:00:00.000000+0000,660.6,5.4666667,,1.5,61,14,0.0
2022-11-16T05:00:00.000000+0000,661.1,5.7166667,,2.5,117,57,0.0
2022-11-16T06:00:00.000000+0000,661.5,6.8166666,,3.9,53,174,0.0
2022-11-16T07:00:00.000000+0000,661.6,6.9333334,,4.5,12,236,0.0
2022-11-16T08:00:00.000000+0000,661.3,7.5333333,,5.2,25,373,0.0
2022-11-16T09:00:00.000000+0000,660.9,7.4333334,,4.2,14,231,0.0
2022-11-16T10:00:00.000000+0000,660.1,7.15,,5.0,28,181,0.0
2022-11-16T11:00:00.000000+0000,659.4,7.133333,,4.9,18,168,0.0
2022-11-16T12:00:00.000000+0000,659.0,6.9166665,,4.2,13,101,0.0
2022-11-16T13:00:00.000000+0000,658.8,6.5833335,,3.1,12,61,0.0
2022-11-16T14:00:00.000000+0000,659.0,6.4,,1.4,32,64,0.0
2022-11-16T15:00:00.000000+0000,659.3,7.0833335,,1.9,234,59,0.0
2022-11-16T16:00:00.000000+0000,659.8,6.25,,1.5,278,2,0.0
2022-11-16T17:00:00.000000+0000,660.2,6.1666665,,2.2,90,0,0.0
2022-11-16T18:00:00.000000+0000,660.7,5.516667,,2.3,117,0,0.0
2022-11-16T19:00:00.000000+0000,660.9,5.5833335,,3.9,109,0,0.0
2022-11-16T20:00:00.000000+0000,660.9,6.15,,2.5,63,0,0.0
2022-11-16T21:00:00.000000+0000,660.6,5.883333,,1.9,93,0,1.0
2022-11-16T22:00:00.000000+0000,660.0,5.3166666,,6.5,124,0,1.6
2022-11-16T23:00:00.000000+0000,659.7,5.6666665,,2.9,84,0,0.0
2022-11-17T00:00:00.000000+0000,659.4,5.05,,2.8,82,0,0.0
2022-11-17T01:00:00.000000+0000,659.5,4.3333335,,4.1,83,0,0.0
2022-11-17T02:00:00.000000+0000,659.7,4.15,,5.5,99,0,0.0
2022-11-17T03:00:00.000000+0000,660.1,3.9666667,,5.6,105,0,0.0
2022-11-17T04:00:00.000000+0000,660.6,4.5,,3.4,81,5,0.0
2022-11-17T05:00:00.000000+0000,661.1,4.4333334,,5.8,98,52,0.0
2022-11-17T06:00:00.000000+0000,661.5,4.4166665,,5.9,113,72,0.0
2022-11-17T07:00:00.000000+0000,661.6,4.8,,5.6,117,161,0.0
2022-11-17T08:00:00.000000+0000,661.4,6.85,,4.8,94,345,0.0
2022-11-17T09:00:00.000000+0000,661.1,6.4666667,,5.6,93,422,0.0
2022-11-17T10:00:00.000000+0000,660.4,8.033334,,5.6,46,431,0.0
2022-11-17T11:00:00.000000+0000,659.8,7.0666666,,4.7,57,290,0.0
2022-11-17T12:00:00.000000+0000,659.3,7.3333335,,4.1,77,336,0.0
2022-11-17T13:00:00.000000+0000,659.0,8.283334,,5.0,8,255,0.0
2022-11-17T14:00:00.000000+0000,659.2,6.9166665,,3.0,2,141,0.0
2022-11-17T15:00:00.000000+0000,659.5,6.55,,3.0,336,27,0.0
2022-11-17T16:00:00.000000+0000,659.8,6.0333333,,2.0,353,3,0.0
2022-11-17T17:00:00.000000+0000,660.3,5.6833334,,2.8,101,0,0.0
2022-11-17T18:00:00.000000+0000,660.8,5.6833334,,4.1,124,0,0.0
2022-11-17T19:00:00.000000+0000,661.3,5.483333,,5.0,128,0,0.0
2022-11-17T20:00:00.000000+0000,661.3,5.4333334,,6.4,124,0,0.0
2022-11-17T21:00:00.000000+0000,661.0,5.6833334,,6.0,116,0,0.0
2022-11-17T22:00:00.000000+0000,660.6,5.3166666,,6.0,119,0,0.0
2022-11-17T23:00:00.000000+0000,660.1,4.65,,6.4,121,0,0.0
2022-11-18T00:00:00.000000+0000,659.6,4.0333333,,6.6,129,0,0.0
2022-11-18T01:00:00.000000+0000,659.6,3.9833333,,6.6,130,0,0.0
2022-11-18T02:00:00.000000+0000,659.7,4.25,,7.1,130,0,0.0
2022-11-18T03:00:00.000000+0000,660.2,4.9666667,,8.4,126,0,0.0
2022-11-18T04:00:00.000000+0000,660.4,5.15,,8.8,130,70,0.0
2022-11-18T05:00:00.000000+0000,660.7,6.55,,9.5,132,323,0.0
2022-11-18T06:00:00.000000+0000,661.1,8.433333,,10.8,,,0.0
2022-11-18T07:00:00.000000+0000,661.2,9.416667,,10.0,125,774,0.0
2022-11-18T08:00:00.000000+0000,661.1,10.283334,,7.8,107,932,0.0
2022-11-18T09:00:00.000000+0000,661.0,10.6,,7.6,101,1084,0.0
2022-11-18T10:00:00.000000+0000,660.4,10.383333,,7.5,79,793,0.0
2022-11-18T11:00:00.000000+0000,660.0,10.6,,9.2,76,994,0.0
2022-11-18T12:00:00.000000+0000,659.6,10.033334,,8.1,61,693,0.0
2022-11-18T13:00:00.000000+0000,659.5,8.45,,6.3,69,323,0.0
2022-11-18T14:00:00.000000+0000,659.7,7.6666665,,6.9,62,204,0.0
2022-11-18T15:00:00.000000+0000,659.9,6.9,,4.6,93,71,0.0
2022-11-18T16:00:00.000000+0000,660.3,5.9666667,,3.6,108,9,0.0
2022-11-18T17:00:00.000000+0000,660.7,4.9,,6.1,135,0,0.0
2022-11-18T18:00:00.000000+0000,661.2,5.233333,,5.3,143,0,0.0
2022-11-18T19:00:00.000000+0000,661.7,6.133333,,2.2,110,0,0.0
2022-11-18T20:00:00.000000+0000,661.6,4.9,,3.4,127,0,0.0
2022-11-18T21:00:00.000000+0000,661.3,3.45,,1.6,108,0,0.0
2022-11-18T22:00:00.000000+0000,660.8,3.2666667,,3.7,117,0,0.0
2022-11-18T23:00:00.000000+0000,660.4,3.4,,4.0,118,0,0.0
2022-11-19T00:00:00.000000+0000,660.1,3.5833333,,6.6,122,0,0.0
2022-11-19T01:00:00.000000+0000,659.7,3.35,,7.3,129,0,0.0
2022-11-19T02:00:00.000000+0000,659.7,3.8166666,,8.3,137,0,0.0
2022-11-19T03:00:00.000000+0000,660.0,4.7,,8.6,135,0,0.0
2022-11-19T04:00:00.000000+0000,660.3,5.6833334,,9.6,134,33,0.0
2022-11-19T05:00:00.000000+0000,660.6,7.133333,,9.7,134,231,0.0
2022-11-19T06:00:00.000000+0000,661.3,9.116667,,8.3,132,564,0.0
2022-11-19T07:00:00.000000+0000,661.9,9.7,,5.4,109,766,0.0
2022-11-19T08:00:00.000000+0000,661.8,10.866667,,3.0,88,977,0.0
2022-11-19T09:00:00.000000+0000,661.4,10.25,,3.8,304,790,0.0
2022-11-19T10:00:00.000000+0000,660.5,10.216666,,3.6,162,405,0.0
2022-11-19T11:00:00.000000+0000,660.0,8.383333,,3.2,101,153,6.0
2022-11-19T12:00:00.000000+0000,659.4,7.3166666,,4.5,144,203,1.7
2022-11-19T13:00:00.000000+0000,659.5,7.7,,3.4,175,176,0.0
2022-11-19T14:00:00.000000+0000,659.5,7.7166667,,3.9,86,154,0.0
2022-11-19T15:00:00.000000+0000,659.9,7.3,,3.0,150,73,0.0
2022-11-19T16:00:00.000000+0000,660.3,6.9,,2.4,90,6,0.0
2022-11-19T17:00:00.000000+0000,661.2,5.6,,2.1,172,0,
2022-11-19T18:00:00.000000+0000,661.5,4.5333333,,2.4,140,0,0.0
2022-11-19T19:00:00.000000+0000,661.9,4.983333,,0.6,236,0,0.0
2022-11-19T20:00:00.000000+0000,662.1,3.9666667,,1.9,122,0,0.0
2022-11-19T21:00:00.000000+0000,661.7,4.55,,8.0,131,0,0.0
2022-11-19T22:00:00.000000+0000,661.3,4.016667,,10.0,134,0,0.0
2022-11-19T23:00:00.000000+0000,660.9,4.7,,8.3,130,0,0.0
2022-11-20T00:00:00.000000+0000,660.6,5.1,,8.1,135,0,0.0
2022-11-20T01:00:00.000000+0000,660.5,5.5333333,,7.8,130,0,0.0
2022-11-20T02:00:00.000000+0000,660.3,5.5333333,,7.9,127,0,0.0
2022-11-20T03:00:00.000000+0000,660.5,6.05,,7.7,136,0,0.0
2022-11-20T04:00:00.000000+0000,660.9,6.3166666,,6.6,137,13,0.0
2022-11-20T05:00:00.000000+0000,661.7,7.15,,4.5,119,113,0.0
2022-11-20T06:00:00.000000+0000,662.1,8.083333,,4.8,119,318,0.0
2022-11-20T07:00:00.000000+0000,662.2,9.916667,,4.4,52,614,0.0
2022-11-20T08:00:00.000000+0000,662.1,10.733334,,5.0,51,723,0.0
2022-11-20T09:00:00.000000+0000,661.5,10.233334,,5.4,88,672,0.0
2022-11-20T10:00:00.000000+0000,661.1,8.383333,,5.3,254,426,0.1
2022-11-20T11:00:00.000000+0000,660.3,8.75,,4.5,245,537,0.0
2022-11-20T12:00:00.000000+0000,659.8,8.233334,,4.9,245,266,0.2
2022-11-20T13:00:00.000000+0000,659.7,7.05,,3.6,104,109,2.7
2022-11-20T14:00:00.000000+0000,659.8,6.983333,,4.5,120,108,0.0
2022-11-20T15:00:00.000000+0000,660.0,6.45,,1.2,311,74,0.0
2022-11-20T16:00:00.000000+0000,659.9,6.266667,,1.9,202,6,0.0
2022-11-20T17:00:00.000000+0000,660.4,5.3333335,,1.6,243,0,0.0
2022-11-20T18:00:00.000000+0000,660.9,4.4333334,,2.1,155,0,0.0
2022-11-20T19:00:00.000000+0000,661.2,4.616667,,3.6,134,0,0.0
2022-11-20T20:00:00.000000+0000,661.6,4.1666665,,3.9,177,0,0.0
2022-11-20T21:00:00.000000+0000,661.1,5.1,,5.1,132,0,0.0
2022-11-20T22:00:00.000000+0000,660.7,5.983333,,5.2,128,0,0.0
2022-11-20T23:00:00.000000+0000,660.0,5.5,,5.5,125,0,0.0
2022-11-21T00:00:00.000000+0000,659.5,4.866667,,5.7,124,0,0.0
2022-11-21T01:00:00.000000+0000,659.3,4.6833334,,5.9,125,0,0.0
2022-11-21T02:00:00.000000+0000,659.5,4.8,,2.2,135,0,0.0
2022-11-21T03:00:00.000000+0000,659.9,4.4166665,,6.5,130,0,0.0
2022-11-21T04:00:00.000000+0000,660.3,5.3333335,,8.1,138,58,0.0
2022-11-21T05:00:00.000000+0000,660.9,8.166667,,7.0,129,261,0.0
2022-11-21T06:00:00.000000+0000,661.3,8.5,,9.4,126,443,0.0
2022-11-21T07:00:00.000000+0000,661.4,9.783334,,9.5,120,763,0.0
2022-11-21T08:00:00.000000+0000,661.7,10.583333,,5.2,61,948,0.0
2022-11-21T09:00:00.000000+0000,661.4,8.583333,,3.7,275,352,0.0
2022-11-21T10:00:00.000000+0000,660.7,7.4,,3.0,297,208,0.0
2022-11-21T11:00:00.000000+0000,659.9,6.866667,,5.4,42,117,1.6
2022-11-21T12:00:00.000000+0000,659.4,7.1833334,,6.9,108,568,0.0
2022-11-21T13:00:00.000000+0000,659.3,9.266666,,4.0,46,350,0.0
2022-11-21T14:00:00.000000+0000,659.2,8.4,,3.4,309,279,0.0
2022-11-21T15:00:00.000000+0000,659.5,6.5833335,,2.5,324,30,0.0
2022-11-21T16:00:00.000000+0000,659.6,5.85,,4.9,143,3,0.0
2022-11-21T17:00:00.000000+0000,660.3,5.5333333,,3.8,127,0,0.0
2022-11-21T18:00:00.000000+0000,660.9,4.9166665,,1.7,135,0,0.0
2022-11-21T19:00:00.000000+0000,661.3,4.883333,,3.9,149,0,0.0
2022-11-21T20:00:00.000000+0000,661.2,5.766667,,3.8,139,0,0.0
2022-11-21T21:00:00.000000+0000,661.1,5.3,,3.4,119,0,0.0
2022-11-21T22:00:00.000000+0000,660.5,5.65,,4.2,141,0,0.0
2022-11-21T23:00:00.000000+0000,660.0,6.133333,,6.4,139,0,0.0
2022-11-22T00:00:00.000000+0000,659.8,5.4,,1.5,207,0,0.0
2022-11-22T01:00:00.000000+0000,659.7,4.6833334,,2.8,103,0,0.0
2022-11-22T02:00:00.000000+0000,659.5,5.233333,,8.6,139,0,0.0
2022-11-22T03:00:00.000000+0000,659.8,5.3333335,,8.5,139,0,0.0
2022-11-22T04:00:00.000000+0000,660.0,5.8166666,,10.0,129,67,0.0
2022-11-22T05:00:00.000000+0000,660.3,6.8,,11.9,136,160,0.0
2022-11-22T06:00:00.000000+0000,660.8,8.383333,,11.7,129,547,0.0
2022-11-22T07:00:00.000000+0000,661.3,9.166667,,11.0,102,763,0.0
2022-11-22T08:00:00.000000+0000,661.3,9.683333,,8.3,99,967,0.0
2022-11-22T09:00:00.000000+0000,661.1,10.433333,,7.4,112,1005,0.0
2022-11-22T10:00:00.000000+0000,660.4,10.633333,,5.2,20,795,0.0
2022-11-22T11:00:00.000000+0000,659.7,7.0,,4.3,225,103,0.5
2022-11-22T12:00:00.000000+0000,659.6,7.4666667,,4.1,117,217,0.1
2022-11-22T13:00:00.000000+0000,659.6,7.5333333,,3.0,,,
2022-11-22T14:00:00.000000+0000,659.7,7.25,,1.8,13,71,0.0
2022-11-22T15:00:00.000000+0000,659.8,6.9,,1.9,6,32,0.0
2022-11-22T16:00:00.000000+0000,660.2,6.3333335,,4.6,103,2,0.0
2022-11-22T17:00:00.000000+0000,660.7,5.9166665,,3.7,141,0,0.0
2022-11-22T18:00:00.000000+0000,661.4,5.65,,1.7,90,0,0.0
2022-11-22T19:00:00.000000+0000,661.9,5.1666665,,1.7,153,0,0.0
2022-11-22T20:00:00.000000+0000,662.1,4.4,,2.9,206,0,0.0
2022-11-22T21:00:00.000000+0000,661.8,4.75,,2.3,137,0,0.0
2022-11-22T22:00:00.000000+0000,661.3,5.45,,6.0,127,0,0.0
2022-11-22T23:00:00.000000+0000,660.6,6.3166666,,4.3,117,0,0.0
2022-11-23T00:00:00.000000+0000,660.1,5.516667,,4.9,120,0,0.0
2022-11-23T01:00:00.000000+0000,659.9,6.1666665,,5.1,124,0,0.0
2022-11-23T02:00:00.000000+0000,660.0,6.5833335,,5.1,120,0,0.0
2022-11-23T03:00:00.000000+0000,660.4,6.233333,,5.2,130,0,0.0
2022-11-23T04:00:00.000000+0000,660.9,5.983333,,4.4,91,13,0.0
2022-11-23T05:00:00.000000+0000,661.3,6.6833334,,5.2,122,112,0.1
2022-11-23T06:00:00.000000+0000,661.6,8.6,,7.1,117,401,0.1
2022-11-23T07:00:00.000000+0000,662.0,9.016666,,5.5,100,375,0.0
2022-11-23T08:00:00.000000+0000,662.0,9.05,,4.6,51,388,0.0
2022-11-23T09:00:00.000000+0000,661.5,8.55,,5.1,77,392,0.0
2022-11-23T10:00:00.000000+0000,660.6,10.0,,6.6,110,718,0.0
2022-11-23T11:00:00.000000+0000,660.1,7.883333,,6.4,120,531,2.8
2022-11-23T12:00:00.000000+0000,659.8,8.1,,3.8,130,277,0.4
2022-11-23T13:00:00.000000+0000,659.5,6.616667,,4.0,323,142,0.2
2022-11-23T14:00:00.000000+0000,659.4,5.883333,,2.2,321,49,0.0
2022-11-23T15:00:00.000000+0000,659.5,5.7833333,,6.8,133,60,0.0
2022-11-23T16:00:00.000000+0000,660.0,5.8,,4.4,143,4,0.0
2022-11-23T17:00:00.000000+0000,660.7,5.883333,,2.7,173,0,0.0
2022-11-23T18:00:00.000000+0000,661.1,5.25,,2.2,204,0,0.0
2022-11-23T19:00:00.000000+0000,661.4,5.7166667,,2.6,142,0,0.0
2022-11-23T20:00:00.000000+0000,661.4,5.766667,,2.7,141,0,0.0
2022-11-23T21:00:00.000000+0000,661.2,6.2,,4.1,138,0,0.0
2022-11-23T22:00:00.000000+0000,660.9,5.4666667,,1.8,221,0,0.0
2022-11-23T23:00:00.000000+0000,660.6,5.0833335,,0.9,333,0,0.0
2022-11-24T00:00:00.000000+0000,660.1,6.0,,3.0,117,0,0.0
2022-11-24T01:00:00.000000+0000,659.8,5.0,,1.4,48,0,0.0
2022-11-24T02:00:00.000000+0000,659.8,5.15,,2.8,152,0,0.0
2022-11-24T03:00:00.000000+0000,660.1,5.016667,,1.9,257,0,0.0
2022-11-24T04:00:00.000000+0000,660.8,5.0,,1.0,256,24,0.0
2022-11-24T05:00:00.000000+0000,660.9,5.6,,1.2,342,116,0.0
2022-11-24T06:00:00.000000+0000,661.4,6.4666667,,1.9,309,240,0.0
2022-11-24T07:00:00.000000+0000,661.6,9.05,,4.2,145,537,0.0
2022-11-24T08:00:00.000000+0000,661.7,7.05,,3.2,339,368,0.0
2022-11-24T09:00:00.000000+0000,661.5,6.6,,2.8,299,248,0.0
2022-11-24T10:00:00.000000+0000,661.1,6.9666667,,3.5,320,328,0.0
2022-11-24T11:00:00.000000+0000,660.5,6.8333335,,3.2,297,260,0.0
2022-11-24T12:00:00.000000+0000,660.0,6.366667,,3.1,285,129,2.0
2022-11-24T13:00:00.000000+0000,660.2,6.2833333,,3.5,,,
2022-11-24T14:00:00.000000+0000,662.2,6.0,,2.2,,,
2022-11-24T15:00:00.000000+0000,663.9,5.7,,0.9,,,
2022-11-24T16:00:00.000000+0000,660.0,5.3,,1.0,297,6,0.0
2022-11-24T17:00:00.000000+0000,660.3,4.5333333,,2.6,108,0,0.0
2022-11-24T18:00:00.000000+0000,660.7,4.4333334,,2.9,113,0,0.0
2022-11-24T19:00:00.000000+0000,660.9,5.383333,,5.0,110,0,0.0
2022-11-24T20:00:00.000000+0000,660.9,3.5833333,,4.8,142,0,0.0
2022-11-24T21:00:00.000000+0000,660.4,4.9,,6.2,133,0,0.0
2022-11-24T22:00:00.000000+0000,660.0,5.5333333,,6.6,146,0,0.0
2022-11-24T23:00:00.000000+0000,659.5,6.15,,6.7,134,0,0.0
2022-11-25T00:00:00.000000+0000,659.1,5.7833333,,8.7,142,0,0.0
2022-11-25T01:00:00.000000+0000,658.9,5.4166665,,9.0,145,0,0.0
2022-11-25T02:00:00.000000+0000,658.9,5.5833335,,9.6,142,0,0.0
2022-11-25T03:00:00.000000+0000,659.1,5.15,,10.1,140,0,0.0
2022-11-25T04:00:00.000000+0000,659.5,5.0833335,,9.9,143,49,0.0
2022-11-25T05:00:00.000000+0000,660.1,7.5,,8.8,141,296,0.0
2022-11-25T06:00:00.000000+0000,661.0,9.55,,7.7,117,533,0.0
2022-11-25T07:00:00.000000+0000,661.5,10.8,,6.2,96,761,0.0
2022-11-25T08:00:00.000000+0000,661.6,8.7,,4.8,6,800,0.0
2022-11-25T09:00:00.000000+0000,661.6,7.483333,,3.6,2,380,0.0
2022-11-25T10:00:00.000000+0000,661.1,7.1,,3.4,356,266,0.0
2022-11-25T11:00:00.000000+0000,660.7,6.8333335,,3.3,24,186,0.0
2022-11-25T12:00:00.000000+0000,660.3,8.1,,3.5,358,203,0.0
2022-11-25T13:00:00.000000+0000,659.9,7.0,,2.8,349,139,0.0
2022-11-25T14:00:00.000000+0000,659.8,6.8,,1.7,330,121,0.0
2022-11-25T15:00:00.000000+0000,659.9,6.3166666,,1.6,315,54,0.0
2022-11-25T16:00:00.000000+0000,660.1,5.4,,2.5,169,4,0.0
2022-11-25T17:00:00.000000+0000,660.5,5.3166666,,5.2,140,0,0.0
2022-11-25T18:00:00.000000+0000,661.0,5.016667,,6.2,138,0,0.0
2022-11-25T19:00:00.000000+0000,661.0,5.483333,,7.6,137,0,0.0
2022-11-25T20:00:00.000000+0000,660.8,5.616667,,7.9,136,0,0.0
2022-11-25T21:00:00.000000+0000,660.5,5.0833335,,8.3,134,0,0.0
2022-11-25T22:00:00.000000+0000,660.0,5.2,,9.9,139,0,0.0
2022-11-25T23:00:00.000000+0000,659.6,5.0,,9.4,141,0,0.0
2022-11-26T00:00:00.000000+0000,659.2,4.9166665,,10.4,146,0,0.0
2022-11-26T01:00:00.000000+0000,659.3,4.766667,,8.9,143,0,0.0
2022-11-26T02:00:00.000000+0000,659.2,3.9833333,,9.9,148,0,0.0
2022-11-26T03:00:00.000000+0000,659.5,4.25,,9.8,148,0,0.0
2022-11-26T04:00:00.000000+0000,659.9,4.85,,8.0,138,52,0.0
2022-11-26T05:00:00.000000+0000,660.4,8.116667,,7.4,103,295,0.0
2022-11-26T06:00:00.000000+0000,660.8,10.0,,7.2,106,540,0.0
2022-11-26T07:00:00.000000+0000,660.9,11.116667,,6.7,105,760,0.0
2022-11-26T08:00:00.000000+0000,660.9,10.116667,,4.4,18,779,0.0
2022-11-26T09:00:00.000000+0000,660.8,8.066667,,4.6,308,552,0.0
2022-11-26T10:00:00.000000+0000,660.5,8.983334,,6.0,286,702,0.0
2022-11-26T11:00:00.000000+0000,660.0,8.566667,,6.9,278,525,0.0
2022-11-26T12:00:00.000000+0000,659.6,7.65,,5.6,287,305,0.0
2022-11-26T13:00:00.000000+0000,659.2,7.7,,4.2,309,273,0.0
2022-11-26T14:00:00.000000+0000,659.0,6.55,,3.8,308,67,0.0
2022-11-26T15:00:00.000000+0000,659.2,6.15,,2.9,274,67,0.0
2022-11-26T16:00:00.000000+0000,659.4,4.6,,1.5,203,5,0.0
2022-11-26T17:00:00.000000+0000,659.8,4.1,,0.8,180,0,0.0
2022-11-26T18:00:00.000000+0000,660.2,3.65,,0.8,169,0,0.0
2022-11-26T19:00:00.000000+0000,660.4,3.8833334,,1.3,108,0,0.0
2022-11-26T20:00:00.000000+0000,660.3,2.8,,2.9,108,0,0.0
2022-11-26T21:00:00.000000+0000,660.0,2.5333333,,3.8,131,0,0.0
2022-11-26T22:00:00.000000+0000,659.5,2.5,,4.3,128,0,0.0
2022-11-26T23:00:00.000000+0000,659.1,2.7833333,,5.8,128,0,0.0
2022-11-27T00:00:00.000000+0000,658.6,3.1,,6.2,140,0,0.0
2022-11-27T01:00:00.000000+0000,658.4,3.25,,5.4,135,0,0.0
2022-11-27T02:00:00.000000+0000,658.5,4.3,,6.6,136,0,0.0
2022-11-27T03:00:00.000000+0000,658.6,4.9666667,,6.9,137,0,0.0
2022-11-27T04:00:00.000000+0000,659.1,5.233333,,4.1,140,33,0.0
2022-11-27T05:00:00.000000+0000,659.7,8.55,,4.4,120,272,0.0
2022-11-27T06:00:00.000000+0000,660.2,9.316667,,4.7,44,552,0.0
2022-11-27T07:00:00.000000+0000,660.5,7.983333,,2.8,341,599,0.0
2022-11-27T08:00:00.000000+0000,660.2,7.4333334,,3.3,354,382,0.0
2022-11-27T09:00:00.000000+0000,660.0,6.6666665,,3.7,297,202,0.0
2022-11-27T10:00:00.000000+0000,659.4,6.75,,3.5,288,362,0.0
2022-11-27T11:00:00.000000+0000,659.0,6.7166667,,3.4,275,190,0.0
2022-11-27T12:00:00.000000+0000,658.4,7.516667,,4.5,275,237,0.0
2022-11-27T13:00:00.000000+0000,658.2,6.233333,,2.6,270,53,0.0
2022-11-27T14:00:00.000000+0000,658.2,6.016667,,3.0,264,100,0.3
2022-11-27T15:00:00.000000+0000,658.4,5.983333,,1.9,267,77,0.0
2022-11-27T16:00:00.000000+0000,658.5,4.866667,,0.7,162,5,0.0
2022-11-27T17:00:00.000000+0000,659.0,4.4666667,,0.6,243,0,0.0
2022-11-27T18:00:00.000000+0000,659.4,3.4333334,,3.9,139,0,0.0
2022-11-27T19:00:00.000000+0000,659.6,3.4333334,,4.3,149,0,0.0
2022-11-27T20:00:00.000000+0000,659.5,3.85,,5.4,145,0,0.0
2022-11-27T21:00:00.000000+0000,659.1,5.133333,,6.8,139,0,0.0
2022-11-27T22:00:00.000000+0000,658.6,5.7,,7.8,136,0,0.0
2022-11-27T23:00:00.000000+0000,658.1,5.733333,,6.9,133,0,0.0
2022-11-28T00:00:00.000000+0000,657.7,5.616667,,7.6,141,0,0.0
2022-11-28T01:00:00.000000+0000,657.6,5.8,,8.2,138,0,0.0
2022-11-28T02:00:00.000000+0000,657.8,5.3,,8.2,136,0,0.0
2022-11-28T03:00:00.000000+0000,658.1,5.366667,,9.7,137,0,0.0
2022-11-28T04:00:00.000000+0000,658.4,5.4333334,,10.2,140,41,0.0
2022-11-28T05:00:00.000000+0000,658.9,7.6,,9.2,134,250,0.0
2022-11-28T06:00:00.000000+0000,659.7,9.466666,,6.1,110,557,0.0
2022-11-28T07:00:00.000000+0000,660.0,7.5,,2.6,358,447,0.0
2022-11-28T08:00:00.000000+0000,659.8,7.0333333,,3.4,342,245,0.0
2022-11-28T09:00:00.000000+0000,659.5,7.1833334,,4.0,16,286,0.0
2022-11-28T10:00:00.000000+0000,659.0,8.533334,,4.4,50,296,0.0
2022-11-28T11:00:00.000000+0000,658.5,7.2,,4.3,317,142,0.0
2022-11-28T12:00:00.000000+0000,657.9,6.733333,,4.6,115,104,0.3
2022-11-28T13:00:00.000000+0000,657.8,7.2166667,,4.4,132,160,0.8
2022-11-28T14:00:00.000000+0000,658.0,6.85,,2.2,252,88,0.2
2022-11-28T15:00:00.000000+0000,658.3,6.5833335,,1.9,176,35,0.2
2022-11-28T16:00:00.000000+0000,658.6,6.3333335,,1.4,27,4,0.1
2022-11-28T17:00:00.000000+0000,658.9,5.5666666,,5.7,125,0,0.0
2022-11-28T18:00:00.000000+0000,659.1,4.8333335,,5.3,135,0,0.0
2022-11-28T19:00:00.000000+0000,659.3,5.15,,5.7,142,0,0.0
2022-11-28T20:00:00.000000+0000,659.4,4.4,,4.2,163,0,0.0
2022-11-28T21:00:00.000000+0000,659.1,5.116667,,5.6,147,0,0.0
2022-11-28T22:00:00.000000+0000,658.7,4.5666666,,6.6,138,0,0.0
2022-11-28T23:00:00.000000+0000,658.1,4.4,,8.1,134,0,0.0
2022-11-29T00:00:00.000000+0000,657.6,4.733333,,8.9,131,0,0.0
2022-11-29T01:00:00.000000+0000,657.7,5.3,,7.8,130,0,0.0
2022-11-29T02:00:00.000000+0000,658.0,5.5333333,,9.0,144,0,0.0
2022-11-29T03:00:00.000000+0000,658.0,5.75,,10.5,146,0,0.0
2022-11-29T04:00:00.000000+0000,658.1,5.9166665,,12.6,140,46,0.0
2022-11-29T05:00:00.000000+0000,658.8,7.2166667,,10.3,130,266,0.0
2022-11-29T06:00:00.000000+0000,659.4,8.116667,,9.7,125,513,0.0
2022-11-29T07:00:00.000000+0000,659.6,9.633333,,7.3,129,774,0.0
2022-11-29T08:00:00.000000+0000,659.9,9.75,,5.0,158,997,0.0
2022-11-29T09:00:00.000000+0000,659.5,9.916667,,8.4,108,1086,0.0
2022-11-29T10:00:00.000000+0000,658.9,10.333333,,9.0,100,1104,0.0
2022-11-29T11:00:00.000000+0000,658.6,10.483334,,4.4,86,849,0.0
2022-11-29T12:00:00.000000+0000,658.4,8.5,,4.1,288,287,0.0
2022-11-29T13:00:00.000000+0000,658.1,8.133333,,3.1,280,233,0.0
2022-11-29T14:00:00.000000+0000,658.2,7.4166665,,2.2,341,50,0.0
2022-11-29T15:00:00.000000+0000,658.3,6.5833335,,2.4,36,34,0.0
2022-11-29T16:00:00.000000+0000,658.6,5.0666666,,2.3,153,4,0.0
2022-11-29T17:00:00.000000+0000,659.2,4.516667,,6.5,138,0,0.0
2022-11-29T18:00:00.000000+0000,659.7,4.8166666,,7.6,139,0,0.0
2022-11-29T19:00:00.000000+0000,659.9,4.9166665,,8.0,139,0,0.0
2022-11-29T20:00:00.000000+0000,659.7,4.9,,7.8,134,0,0.0
2022-11-29T21:00:00.000000+0000,659.5,4.6833334,,6.6,132,0,0.0
2022-11-29T22:00:00.000000+0000,659.0,4.6,,7.0,126,0,0.0
2022-11-29T23:00:00.000000+0000,658.3,4.633333,,8.2,135,0,0.0
2022-11-30T00:00:00.000000+0000,658.1,4.2833333,,9.0,136,0,0.0
2022-11-30T01:00:00.000000+0000,658.0,4.2833333,,9.9,133,0,0.0
2022-11-30T02:00:00.000000+0000,658.3,4.266667,,9.1,131,0,0.0
2022-11-30T03:00:00.000000+0000,658.6,4.4666667,,9.0,133,0,0.0
2022-11-30T04:00:00.000000+0000,658.8,4.766667,,9.1,134,44,0.0
2022-11-30T05:00:00.000000+0000,659.3,6.15,,10.4,128,284,0.0
2022-11-30T06:00:00.000000+0000,659.7,8.1,,10.5,120,538,0.0
2022-11-30T07:00:00.000000+0000,660.1,9.183333,,9.3,113,749,0.0
2022-11-30T08:00:00.000000+0000,660.1,9.833333,,7.4,113,873,0.0
2022-11-30T09:00:00.000000+0000,659.8,11.1,,6.0,96,1036,0.0
2022-11-30T10:00:00.000000+0000,659.3,9.516666,,4.0,347,720,0.0
2022-11-30T11:00:00.000000+0000,658.9,7.733333,,3.9,334,221,0.0
2022-11-30T12:00:00.000000+0000,658.6,7.5833335,,3.6,303,195,0.0
2022-11-30T13:00:00.000000+0000,658.5,8.5,,3.7,285,475,0.0
2022-11-30T14:00:00.000000+0000,658.5,8.3,,3.4,310,254,0.0
2022-11-30T15:00:00.000000+0000,658.8,6.5333333,,1.6,356,28,0.0
2022-11-30T16:00:00.000000+0000,659.0,5.4166665,,1.3,221,3,0.0
2022-11-30T17:00:00.000000+0000,659.7,4.483333,,3.0,164,0,0.0
2022-11-30T18:00:00.000000+0000,660.0,4.05,,4.9,156,0,0.0
2022-11-30T19:00:00.000000+0000,660.5,3.7166667,,2.5,207,0,0.0
2022-11-30T20:00:00.000000+0000,660.3,4.266667,,6.0,150,0,0.0
2022-11-30T21:00:00.000000+0000,659.9,4.95,,8.5,136,0,0.0
2022-11-30T22:00:00.000000+0000,659.5,4.7,,4.2,150,0,0.0
2022-11-30T23:00:00.000000+0000,659.0,3.7833333,,3.1,139,0,0.0
2022-12-01T00:00:00.000000+0000,658.8,3.2,,4.6,137,0,0.0
2022-12-01T01:00:00.000000+0000,658.9,4.5,,4.1,161,0,0.0
2022-12-01T02:00:00.000000+0000,659.0,3.9166667,,4.2,124,0,0.0
2022-12-01T03:00:00.000000+0000,658.9,4.7833333,,10.6,139,0,0.0
2022-12-01T04:00:00.000000+0000,659.3,4.883333,,8.3,133,44,0.0
2022-12-01T05:00:00.000000+0000,659.8,6.866667,,8.3,118,295,0.0
2022-12-01T06:00:00.000000+0000,660.2,8.25,,10.3,106,536,0.0
2022-12-01T07:00:00.000000+0000,660.3,9.3,,9.9,96,728,0.0
2022-12-01T08:00:00.000000+0000,660.5,9.45,,10.9,91,923,0.0
2022-12-01T09:00:00.000000+0000,660.1,10.1,,9.1,101,1040,0.0
2022-12-01T10:00:00.000000+0000,659.6,11.3,,6.6,99,1127,0.0
2022-12-01T11:00:00.000000+0000,659.4,9.45,,3.3,330,768,0.0
2022-12-01T12:00:00.000000+0000,658.9,8.016666,,6.4,278,398,0.0
2022-12-01T13:00:00.000000+0000,658.7,6.983333,,4.0,114,101,0.0
2022-12-01T14:00:00.000000+0000,658.8,6.133333,,3.5,263,97,0.0
2022-12-01T15:00:00.000000+0000,659.0,6.733333,,2.0,282,153,0.0
2022-12-01T16:00:00.000000+0000,659.3,4.55,,1.4,249,10,0.0
2022-12-01T17:00:00.000000+0000,659.8,3.5666666,,1.4,96,0,0.0
2022-12-01T18:00:00.000000+0000,660.2,3.8166666,,2.1,114,0,0.0
2022-12-01T19:00:00.000000+0000,660.5,4.866667,,7.2,125,0,0.0
2022-12-01T20:00:00.000000+0000,660.4,4.516667,,7.4,133,0,0.0
2022-12-01T21:00:00.000000+0000,660.4,3.85,,5.6,134,0,0.0
2022-12-01T22:00:00.000000+0000,659.8,3.7,,6.2,138,0,0.0
2022-12-01T23:00:00.000000+0000,659.4,3.65,,8.7,128,0,0.0
2022-12-02T00:00:00.000000+0000,659.0,4.05,,8.2,124,0,0.0
2022-12-02T01:00:00.000000+0000,659.1,3.55,,7.5,131,0,0.0
2022-12-02T02:00:00.000000+0000,659.5,3.0166667,,6.2,143,0,0.0
2022-12-02T03:00:00.000000+0000,659.6,3.8,,7.2,125,0,0.0
2022-12-02T04:00:00.000000+0000,659.9,4.4166665,,7.9,124,36,0.0
2022-12-02T05:00:00.000000+0000,660.4,5.866667,,8.3,107,261,0.0
2022-12-02T06:00:00.000000+0000,660.8,6.4,,9.6,100,421,0.0
2022-12-02T07:00:00.000000+0000,660.9,8.216666,,9.1,103,699,0.0
2022-12-02T08:00:00.000000+0000,660.9,8.916667,,9.3,90,920,0.0
2022-12-02T09:00:00.000000+0000,660.6,9.266666,,8.4,89,1022,0.0
2022-12-02T10:00:00.000000+0000,659.9,10.383333,,7.9,83,1079,0.0
2022-12-02T11:00:00.000000+0000,659.4,8.816667,,8.4,83,486,0.0
2022-12-02T12:00:00.000000+0000,659.3,8.316667,,2.5,288,238,0.0
2022-12-02T13:00:00.000000+0000,658.7,8.7,,4.0,85,230,0.0
2022-12-02T14:00:00.000000+0000,658.8,7.95,,4.6,88,162,0.0
2022-12-02T15:00:00.000000+0000,659.0,6.616667,,6.1,117,64,0.0
2022-12-02T16:00:00.000000+0000,659.5,6.4166665,,2.5,173,7,0.0
2022-12-02T17:00:00.000000+0000,659.8,5.516667,,7.0,143,0,0.0
2022-12-02T18:00:00.000000+0000,660.3,4.6666665,,6.9,145,0,0.0
2022-12-02T19:00:00.000000+0000,660.6,3.8166666,,5.9,145,0,0.0
2022-12-02T20:00:00.000000+0000,660.5,4.15,,7.0,139,0,0.0
2022-12-02T21:00:00.000000+0000,660.1,3.95,,5.6,136,0,0.0
2022-12-02T22:00:00.000000+0000,659.6,3.4833333,,9.8,144,0,0.0
2022-12-02T23:00:00.000000+0000,659.2,3.25,,8.6,138,0,0.0
2022-12-03T00:00:00.000000+0000,658.7,3.7833333,,8.8,139,0,0.0
2022-12-03T01:00:00.000000+0000,658.5,4.0833335,,7.5,139,0,0.0
2022-12-03T02:00:00.000000+0000,658.7,4.5666666,,7.8,138,0,0.0
2022-12-03T03:00:00.000000+0000,659.0,4.75,,9.5,129,0,0.0
2022-12-03T04:00:00.000000+0000,659.3,4.866667,,10.1,120,18,0.0
2022-12-03T05:00:00.000000+0000,659.6,5.2833333,,9.4,110,125,0.0
2022-12-03T06:00:00.000000+0000,659.5,7.2,,12.4,116,439,0.0
2022-12-03T07:00:00.000000+0000,660.3,9.816667,,7.5,112,829,0.0
2022-12-03T08:00:00.000000+0000,660.3,9.783334,,7.5,94,929,0.0
2022-12-03T09:00:00.000000+0000,660.0,10.1,,7.6,93,875,0.0
2022-12-03T10:00:00.000000+0000,659.6,9.933333,,6.6,108,750,0.0
2022-12-03T11:00:00.000000+0000,659.3,8.216666,,4.4,282,364,0.0
2022-12-03T12:00:00.000000+0000,658.9,8.883333,,3.0,290,362,0.0
2022-12-03T13:00:00.000000+0000,658.6,8.733334,,4.4,287,212,0.0
2022-12-03T14:00:00.000000+0000,658.8,9.433333,,2.8,268,254,0.0
2022-12-03T15:00:00.000000+0000,659.1,7.883333,,2.3,270,99,0.0
2022-12-03T16:00:00.000000+0000,659.4,5.5333333,,2.1,171,6,0.0
2022-12-03T17:00:00.000000+0000,659.7,4.016667,,5.5,139,0,0.0
2022-12-03T18:00:00.000000+0000,660.3,4.6,,6.2,144,0,0.0
2022-12-03T19:00:00.000000+0000,660.6,5.483333,,5.0,132,0,0.0
2022-12-03T20:00:00.000000+0000,660.1,5.95,,8.4,128,0,0.0
2022-12-03T21:00:00.000000+0000,660.1,5.516667,,4.8,138,0,0.0
2022-12-03T22:00:00.000000+0000,659.5,5.0666666,,5.1,133,0,0.0
2022-12-03T23:00:00.000000+0000,659.0,5.3166666,,4.2,164,0,0.0
2022-12-04T00:00:00.000000+0000,658.4,5.7,,8.7,105,0,0.0
2022-12-04T01:00:00.000000+0000,658.7,4.7166667,,5.4,115,0,0.0
2022-12-04T02:00:00.000000+0000,658.9,5.3166666,,5.1,121,0,0.1
2022-12-04T03:00:00.000000+0000,659.2,5.55,,5.3,101,0,0.6
2022-12-04T04:00:00.000000+0000,659.3,5.5833335,,11.3,126,13,0.7
2022-12-04T05:00:00.000000+0000,659.8,5.5666666,,10.5,122,81,0.0
2022-12-04T06:00:00.000000+0000,660.2,6.8,,9.8,128,510,0.0
2022-12-04T07:00:00.000000+0000,660.7,8.016666,,9.2,120,595,0.0
2022-12-04T08:00:00.000000+0000,660.6,8.016666,,7.5,128,682,0.0
2022-12-04T09:00:00.000000+0000,660.4,9.383333,,5.5,110,949,0.3
2022-12-04T10:00:00.000000+0000,659.9,9.133333,,6.0,141,879,0.2
2022-12-04T11:00:00.000000+0000,,11.5,,,,,
2022-12-04T13:00:00.000000+0000,658.7,7.34,,7.8,129,215,0.0
2022-12-04T14:00:00.000000+0000,659.0,7.983333,,4.2,152,262,0.0
2022-12-04T15:00:00.000000+0000,659.2,8.066667,,4.2,140,248,0.0
2022-12-04T16:00:00.000000+0000,659.6,4.5833335,,4.0,127,10,0.0
2022-12-04T17:00:00.000000+0000,660.0,4.3333335,,5.1,174,0,0.0
2022-12-04T18:00:00.000000+0000,660.5,4.4333334,,4.1,153,0,0.0
2022-12-04T19:00:00.000000+0000,660.6,5.616667,,4.4,148,0,0.0
2022-12-04T20:00:00.000000+0000,660.5,4.983333,,4.8,156,0,0.0
2022-12-04T21:00:00.000000+0000,660.6,5.1,,3.2,147,0,0.0
2022-12-04T22:00:00.000000+0000,660.3,5.016667,,2.5,180,0,0.0
2022-12-04T23:00:00.000000+0000,659.6,5.116667,,3.6,154,0,0.0
2022-12-05T00:00:00.000000+0000,659.5,4.733333,,4.5,140,0,0.0
2022-12-05T01:00:00.000000+0000,659.5,3.5833333,,4.1,133,0,0.0
2022-12-05T02:00:00.000000+0000,659.3,2.9166667,,4.7,135,0,0.0
2022-12-05T03:00:00.000000+0000,659.8,5.133333,,7.6,123,0,0.0
2022-12-05T04:00:00.000000+0000,660.3,4.766667,,6.9,104,21,0.0
2022-12-05T05:00:00.000000+0000,660.8,5.233333,,7.3,108,164,0.0
2022-12-05T06:00:00.000000+0000,661.3,6.2833333,,8.4,91,291,0.0
2022-12-05T07:00:00.000000+0000,661.6,6.766667,,8.8,93,419,0.0
2022-12-05T08:00:00.000000+0000,661.9,8.533334,,6.7,88,726,0.0
2022-12-05T09:00:00.000000+0000,661.8,10.05,,6.2,79,845,0.0
2022-12-05T10:00:00.000000+0000,661.2,10.366667,,7.2,90,842,0.0
2022-12-05T11:00:00.000000+0000,660.8,10.166667,,5.4,21,787,0.0
2022-12-05T12:00:00.000000+0000,660.4,8.2,,3.3,319,105,0.0
2022-12-05T13:00:00.000000+0000,659.9,7.9333334,,4.2,301,148,0.0
2022-12-05T14:00:00.000000+0000,660.1,7.266667,,2.5,287,90,0.0
2022-12-05T15:00:00.000000+0000,660.4,6.866667,,1.9,323,34,0.0
2022-12-05T16:00:00.000000+0000,660.7,5.7166667,,2.3,71,5,0.0
2022-12-05T17:00:00.000000+0000,661.2,4.6833334,,1.9,200,0,0.0
2022-12-05T18:00:00.000000+0000,661.7,3.7,,1.6,184,0,0.0
2022-12-05T19:00:00.000000+0000,661.7,3.6833334,,5.7,136,0,0.0
2022-12-05T20:00:00.000000+0000,661.8,4.4666667,,2.9,129,0,0.0
2022-12-05T21:00:00.000000+0000,661.5,3.85,,6.0,129,0,0.0
2022-12-05T22:00:00.000000+0000,661.0,3.9666667,,7.0,130,0,0.0
2022-12-05T23:00:00.000000+0000,660.5,3.5833333,,6.8,131,0,0.0
2022-12-06T00:00:00.000000+0000,660.0,4.0,,7.0,130,0,0.0
2022-12-06T01:00:00.000000+0000,659.9,3.8833334,,6.7,125,0,0.0
2022-12-06T02:00:00.000000+0000,659.9,4.15,,6.4,114,0,0.0
2022-12-06T03:00:00.000000+0000,660.2,3.9666667,,6.3,115,0,0.0
2022-12-06T04:00:00.000000+0000,660.5,4.483333,,6.1,113,33,0.0
2022-12-06T05:00:00.000000+0000,661.0,6.3,,6.4,115,255,0.0
2022-12-06T06:00:00.000000+0000,661.5,8.133333,,6.0,106,510,0.0
2022-12-06T07:00:00.000000+0000,662.0,9.016666,,5.6,94,662,0.0
2022-12-06T08:00:00.000000+0000,662.1,10.266666,,5.3,78,814,0.0
2022-12-06T09:00:00.000000+0000,661.7,11.65,,7.2,52,1005,0.0
2022-12-06T10:00:00.000000+0000,661.2,12.033334,,8.1,41,1108,0.0
2022-12-06T11:00:00.000000+0000,660.7,11.866667,,8.9,52,1066,0.0
2022-12-06T12:00:00.000000+0000,660.2,9.933333,,7.2,45,515,0.0
2022-12-06T13:00:00.000000+0000,660.0,10.75,,7.3,46,632,0.0
2022-12-06T14:00:00.000000+0000,660.1,9.066667,,5.6,22,255,0.0
2022-12-06T15:00:00.000000+0000,660.4,7.1666665,,4.1,33,88,0.0
2022-12-06T16:00:00.000000+0000,660.5,4.633333,,3.4,135,6,0.0
2022-12-06T17:00:00.000000+0000,661.1,4.483333,,1.5,106,0,0.0
2022-12-06T18:00:00.000000+0000,661.4,3.6166666,,2.2,117,0,0.0
2022-12-06T19:00:00.000000+0000,661.8,3.95,,1.9,106,0,0.0
2022-12-06T20:00:00.000000+0000,661.7,3.6833334,,3.6,112,0,0.0
2022-12-06T21:00:00.000000+0000,661.4,4.983333,,5.9,130,0,0.0
2022-12-06T22:00:00.000000+0000,660.9,4.7,,6.3,130,0,0.0
2022-12-06T23:00:00.000000+0000,660.3,3.85,,5.9,133,0,0.0
2022-12-07T00:00:00.000000+0000,660.0,3.7666667,,5.5,127,0,0.0
2022-12-07T01:00:00.000000+0000,659.6,3.2166667,,7.3,127,0,0.0
2022-12-07T02:00:00.000000+0000,659.6,4.0833335,,8.6,136,0,0.0
2022-12-07T03:00:00.000000+0000,659.8,4.2166667,,9.1,135,0,0.0
2022-12-07T04:00:00.000000+0000,660.2,4.766667,,7.9,133,29,0.0
2022-12-07T05:00:00.000000+0000,660.8,6.616667,,6.7,111,237,0.0
2022-12-07T06:00:00.000000+0000,661.0,7.75,,7.3,113,434,0.0
2022-12-07T07:00:00.000000+0000,661.4,9.216666,,6.2,96,648,0.0
2022-12-07T08:00:00.000000+0000,661.4,10.3,,6.2,86,862,0.0
2022-12-07T09:00:00.000000+0000,661.3,11.233334,,2.5,90,1065,0.0
2022-12-07T10:00:00.000000+0000,660.8,9.05,,5.1,301,423,0.0
2022-12-07T11:00:00.000000+0000,660.3,8.283334,,3.2,276,214,0.0
2022-12-07T12:00:00.000000+0000,659.7,8.75,,3.6,345,293,0.0
2022-12-07T13:00:00.000000+0000,659.5,9.466666,,3.4,35,291,0.0
2022-12-07T14:00:00.000000+0000,659.4,7.7833333,,3.4,303,105,0.0
2022-12-07T15:00:00.000000+0000,659.8,7.0,,1.7,270,40,0.0
2022-12-07T16:00:00.000000+0000,660.2,6.5333333,,1.3,261,5,0.0
2022-12-07T17:00:00.000000+0000,660.6,5.4333334,,1.5,135,0,0.0
2022-12-07T18:00:00.000000+0000,661.0,3.7333333,,4.4,147,0,0.0
2022-12-07T19:00:00.000000+0000,661.3,3.5333333,,5.2,144,0,0.0
2022-12-07T20:00:00.000000+0000,661.3,4.3333335,,5.9,145,0,0.0
2022-12-07T21:00:00.000000+0000,661.2,3.7166667,,6.2,141,0,0.0
2022-12-07T22:00:00.000000+0000,660.6,4.0833335,,6.9,145,0,0.0
2022-12-07T23:00:00.000000+0000,660.2,3.9833333,,5.3,134,0,0.0
2022-12-08T00:00:00.000000+0000,659.8,4.05,,6.7,138,0,0.0
2022-12-08T01:00:00.000000+0000,659.8,4.2,,5.9,132,0,0.0
2022-12-08T02:00:00.000000+0000,659.9,3.9166667,,6.8,136,0,0.0
2022-12-08T03:00:00.000000+0000,660.1,4.133333,,7.6,136,0,0.0
2022-12-08T04:00:00.000000+0000,660.6,4.0833335,,4.7,145,21,0.0
2022-12-08T05:00:00.000000+0000,660.9,5.4166665,,5.1,134,82,0.0
2022-12-08T06:00:00.000000+0000,661.4,6.15,,6.3,136,118,0.7
2022-12-08T07:00:00.000000+0000,661.8,7.4,,4.0,118,327,1.3
2022-12-08T08:00:00.000000+0000,661.7,8.866667,,6.0,103,601,0.0
2022-12-08T09:00:00.000000+0000,661.5,9.983334,,5.1,100,814,0.0
2022-12-08T10:00:00.000000+0000,661.1,7.733333,,3.1,339,400,0.0
2022-12-08T11:00:00.000000+0000,660.5,8.1,,3.4,314,400,0.0
2022-12-08T12:00:00.000000+0000,660.0,7.7833333,,3.7,306,220,0.0
2022-12-08T13:00:00.000000+0000,659.6,8.2,,4.6,285,318,0.0
2022-12-08T14:00:00.000000+0000,659.7,7.0833335,,2.9,274,74,0.0
2022-12-08T15:00:00.000000+0000,659.8,7.0666666,,2.2,286,109,0.0
2022-12-08T16:00:00.000000+0000,660.3,6.3,,2.2,267,3,0.0
2022-12-08T17:00:00.000000+0000,660.8,6.0833335,,1.2,276,0,0.0
2022-12-08T18:00:00.000000+0000,661.4,5.633333,,1.3,315,0,0.0
2022-12-08T19:00:00.000000+0000,661.5,5.3333335,,5.4,143,0,0.0
2022-12-08T20:00:00.000000+0000,661.7,4.9333334,,1.9,207,0,0.0
2022-12-08T21:00:00.000000+0000,661.6,4.95,,1.5,169,0,0.5
2022-12-08T22:00:00.000000+0000,661.1,4.366667,,3.3,,0,
2022-12-08T23:00:00.000000+0000,660.7,4.25,,1.4,180,0,13.1
2022-12-09T00:00:00.000000+0000,660.0,4.866667,,9.7,150,0,2.1
2022-12-09T01:00:00.000000+0000,660.2,5.3333335,,6.2,150,0,0.0
2022-12-09T02:00:00.000000+0000,660.3,5.366667,,5.8,151,0,0.0
2022-12-09T03:00:00.000000+0000,660.5,5.3,,5.7,132,0,0.0
2022-12-09T04:00:00.000000+0000,660.6,5.2,,8.0,126,20,0.0
2022-12-09T05:00:00.000000+0000,660.9,6.1,,8.4,127,123,0.0
2022-12-09T06:00:00.000000+0000,661.3,8.6,,7.8,118,556,0.0
2022-12-09T07:00:00.000000+0000,661.8,9.316667,,5.5,98,542,0.0
2022-12-09T08:00:00.000000+0000,661.9,8.7,,5.1,30,352,0.0
2022-12-09T09:00:00.000000+0000,661.6,9.283334,,6.1,68,523,0.0
2022-12-09T10:00:00.000000+0000,661.1,9.5,,8.0,72,706,0.0
2022-12-09T11:00:00.000000+0000,660.4,8.833333,,8.5,70,551,0.0
2022-12-09T12:00:00.000000+0000,659.8,8.1,,8.3,67,392,0.0
2022-12-09T13:00:00.000000+0000,659.6,8.45,,6.1,32,372,0.0
2022-12-09T14:00:00.000000+0000,659.5,6.2,,4.8,45,84,0.1
2022-12-09T15:00:00.000000+0000,659.9,5.85,,2.1,63,32,1.4
2022-12-09T16:00:00.000000+0000,660.2,4.95,,,,,
2022-12-10T05:00:00.000000+0000,661.4,5.7833333,,1.4,180,79,0.0
2022-12-10T06:00:00.000000+0000,661.7,6.133333,,2.0,13,138,0.0
2022-12-10T07:00:00.000000+0000,661.8,6.633333,,3.7,19,219,0.0
2022-12-10T08:00:00.000000+0000,661.7,6.383333,,2.9,13,208,0.0
2022-12-10T09:00:00.000000+0000,661.2,6.6666665,,3.8,16,184,1.2
2022-12-10T10:00:00.000000+0000,660.7,6.8,,5.7,44,272,0.4
2022-12-10T11:00:00.000000+0000,660.0,6.366667,,5.6,38,124,1.5
2022-12-10T12:00:00.000000+0000,659.5,6.9166665,,4.5,82,276,1.3
2022-12-10T13:00:00.000000+0000,659.1,6.116667,,3.5,47,159,0.2
2022-12-10T14:00:00.000000+0000,659.1,5.633333,,2.5,58,79,0.0
2022-12-10T15:00:00.000000+0000,659.4,6.1,,1.8,86,74,0.0
2022-12-10T16:00:00.000000+0000,659.9,5.45,,0.7,297,3,0.0
2022-12-10T17:00:00.000000+0000,660.4,4.9166665,,0.8,252,0,0.0
2022-12-10T18:00:00.000000+0000,661.0,5.15,,1.8,171,0,0.0
2022-12-10T19:00:00.000000+0000,661.6,5.3166666,,1.3,9,0,0.0
2022-12-10T20:00:00.000000+0000,661.8,4.9666667,,0.7,108,0,0.0
2022-12-10T21:00:00.000000+0000,661.6,4.8333335,,1.4,66,0,0.0
2022-12-10T22:00:00.000000+0000,661.2,4.25,,1.6,90,0,0.0
2022-12-10T23:00:00.000000+0000,660.8,3.9,,2.4,107,0,0.0
2022-12-11T00:00:00.000000+0000,660.4,4.4166665,,1.6,82,0,0.0
2022-12-11T01:00:00.000000+0000,660.3,3.8333333,,2.0,112,0,0.0
2022-12-11T02:00:00.000000+0000,660.4,4.8333335,,1.6,120,0,0.0
2022-12-11T03:00:00.000000+0000,660.7,5.0333333,,1.4,166,0,0.0
2022-12-11T04:00:00.000000+0000,661.1,5.0333333,,1.1,174,7,0.0
2022-12-11T05:00:00.000000+0000,661.6,6.2,,0.9,135,64,0.0
2022-12-11T06:00:00.000000+0000,661.8,5.75,,2.1,264,183,0.0
2022-12-11T07:00:00.000000+0000,661.9,7.516667,,3.3,286,507,0.0
2022-12-11T08:00:00.000000+0000,661.9,6.0833335,,3.5,344,93,18.7
2022-12-11T09:00:00.000000+0000,661.7,6.05,,2.7,268,369,0.8
2022-12-11T10:00:00.000000+0000,661.2,6.65,,2.8,306,367,0.3
2022-12-11T11:00:00.000000+0000,660.9,5.95,,3.2,270,164,8.9
2022-12-11T12:00:00.000000+0000,660.7,5.633333,,1.4,281,137,12.2
2022-12-11T13:00:00.000000+0000,659.6,6.05,,3.2,251,181,0.0
2022-12-11T14:00:00.000000+0000,659.5,6.5,,2.1,242,128,0.0
2022-12-11T15:00:00.000000+0000,659.8,6.7833333,,2.4,248,76,0.0
2022-12-11T16:00:00.000000+0000,660.1,5.65,,2.2,204,9,0.0
2022-12-11T17:00:00.000000+0000,660.6,5.6,,1.9,229,0,0.0
2022-12-11T18:00:00.000000+0000,661.0,4.75,,1.9,121,0,0.0
2022-12-11T19:00:00.000000+0000,661.4,4.233333,,1.1,90,0,0.0
2022-12-11T20:00:00.000000+0000,661.4,4.0666666,,2.5,124,0,0.0
2022-12-11T21:00:00.000000+0000,661.0,3.8666666,,2.6,99,0,0.0
2022-12-11T22:00:00.000000+0000,660.5,3.8,,2.8,185,0,0.0
2022-12-11T23:00:00.000000+0000,660.0,4.4,,1.7,175,0,0.0
2022-12-12T00:00:00.000000+0000,659.7,3.75,,3.3,137,0,0.0
2022-12-12T01:00:00.000000+0000,659.4,4.616667,,7.3,141,0,0.0
2022-12-12T02:00:00.000000+0000,659.2,5.133333,,5.6,153,0,0.0
2022-12-12T03:00:00.000000+0000,659.8,3.8166666,,2.1,162,0,0.0
2022-12-12T04:00:00.000000+0000,660.0,3.75,,2.5,187,29,0.0
2022-12-12T05:00:00.000000+0000,660.3,5.9666667,,2.1,135,269,0.0
2022-12-12T06:00:00.000000+0000,660.6,6.3,,2.2,345,424,0.0
2022-12-12T07:00:00.000000+0000,660.8,8.65,,6.5,84,649,0.0
2022-12-12T08:00:00.000000+0000,661.2,6.3,,3.1,309,200,0.0
2022-12-12T09:00:00.000000+0000,660.9,5.8333335,,2.4,317,128,0.0
2022-12-12T10:00:00.000000+0000,660.4,6.4,,1.8,315,249,0.0
2022-12-12T11:00:00.000000+0000,659.8,6.55,,2.0,315,132,4.1
2022-12-12T12:00:00.000000+0000,659.2,6.5833335,,3.1,288,201,1.4
2022-12-12T13:00:00.000000+0000,658.8,6.733333,,3.5,290,134,0.9
2022-12-12T14:00:00.000000+0000,659.0,6.6666665,,2.5,283,111,0.0
2022-12-12T15:00:00.000000+0000,659.2,6.266667,,3.3,34,67,0.9
2022-12-12T16:00:00.000000+0000,659.3,5.55,,2.7,201,12,0.0
2022-12-12T17:00:00.000000+0000,659.7,4.3333335,,2.4,200,0,0.0
2022-12-12T18:00:00.000000+0000,660.5,3.5166667,,1.2,201,0,0.0
2022-12-12T19:00:00.000000+0000,660.7,3.6666667,,2.3,191,0,0.0
2022-12-12T20:00:00.000000+0000,660.4,3.1166666,,4.3,137,0,0.0
2022-12-12T21:00:00.000000+0000,660.2,3.5833333,,5.3,134,0,0.0
2022-12-12T22:00:00.000000+0000,659.8,3.8333333,,5.4,131,0,0.0
2022-12-12T23:00:00.000000+0000,659.5,4.3166666,,4.9,130,0,0.0
2022-12-13T00:00:00.000000+0000,659.2,4.0,,4.8,132,0,0.0
2022-12-13T01:00:00.000000+0000,659.2,3.9166667,,3.3,142,0,0.0
2022-12-13T02:00:00.000000+0000,659.2,4.6,,5.4,129,0,0.0
2022-12-13T03:00:00.000000+0000,659.5,5.133333,,5.6,151,0,0.4
2022-12-13T04:00:00.000000+0000,660.0,5.2166667,,3.6,147,21,0.0
2022-12-13T05:00:00.000000+0000,660.5,7.6666665,,2.9,104,285,0.0
2022-12-13T06:00:00.000000+0000,661.1,7.8333335,,2.4,31,493,0.0
2022-12-13T07:00:00.000000+0000,661.4,6.5666666,,2.8,336,374,0.0
2022-12-13T08:00:00.000000+0000,661.3,7.233333,,4.1,356,427,0.0
2022-12-13T09:00:00.000000+0000,661.1,7.266667,,5.0,340,475,0.0
2022-12-13T10:00:00.000000+0000,660.6,6.6833334,,4.2,322,283,0.0
2022-12-13T11:00:00.000000+0000,659.8,7.85,,6.8,25,186,0.0
2022-12-13T12:00:00.000000+0000,659.4,6.75,,6.5,42,122,2.0
2022-12-13T13:00:00.000000+0000,659.2,7.05,,5.8,65,317,1.8
2022-12-13T14:00:00.000000+0000,658.9,6.95,,5.4,59,176,0.0
2022-12-13T15:00:00.000000+0000,659.3,6.483333,,4.2,141,56,0.0
2022-12-13T16:00:00.000000+0000,659.9,5.633333,,2.4,171,4,0.0
2022-12-13T17:00:00.000000+0000,660.4,5.016667,,2.1,121,0,0.0
2022-12-13T18:00:00.000000+0000,660.9,4.0,,2.6,201,0,0.0
2022-12-13T19:00:00.000000+0000,661.1,4.2,,2.4,151,0,0.0
2022-12-13T20:00:00.000000+0000,661.1,3.7666667,,2.9,139,0,0.0
2022-12-13T21:00:00.000000+0000,660.9,3.75,,6.7,135,0,0.0
2022-12-13T22:00:00.000000+0000,660.5,3.7666667,,6.7,133,0,0.0
2022-12-13T23:00:00.000000+0000,660.0,3.45,,6.3,133,0,0.0
2022-12-14T00:00:00.000000+0000,659.7,3.2166667,,5.3,136,0,0.0
2022-12-14T01:00:00.000000+0000,659.5,3.3,,6.7,134,0,0.0
2022-12-14T02:00:00.000000+0000,659.6,3.1166666,,6.8,134,0,0.0
2022-12-14T03:00:00.000000+0000,659.9,3.2,,6.8,131,0,0.0
2022-12-14T04:00:00.000000+0000,660.3,3.6666667,,7.4,133,27,0.0
2022-12-14T05:00:00.000000+0000,660.8,6.116667,,5.9,133,265,0.0
2022-12-14T06:00:00.000000+0000,661.2,8.116667,,6.2,93,506,0.0
2022-12-14T07:00:00.000000+0000,661.4,9.183333,,5.8,80,725,0.0
2022-12-14T08:00:00.000000+0000,661.3,10.116667,,5.3,65,909,0.0
2022-12-14T09:00:00.000000+0000,661.1,8.766666,,3.5,338,738,0.0
2022-12-14T10:00:00.000000+0000,660.8,8.733334,,5.7,283,684,0.0
2022-12-14T11:00:00.000000+0000,660.5,8.966666,,6.4,270,715,0.0
2022-12-14T12:00:00.000000+0000,660.2,7.983333,,6.3,303,290,0.0
2022-12-14T13:00:00.000000+0000,659.9,7.016667,,6.7,30,124,0.0
2022-12-14T14:00:00.000000+0000,659.9,7.516667,,5.7,33,171,0.0
2022-12-14T15:00:00.000000+0000,659.9,5.983333,,5.4,28,31,0.0
2022-12-14T16:00:00.000000+0000,660.2,4.6833334,,4.2,157,16,0.0
2022-12-14T17:00:00.000000+0000,660.5,3.9333334,,2.9,192,0,0.0
2022-12-14T18:00:00.000000+0000,660.8,3.2333333,,5.6,128,0,0.0
2022-12-14T19:00:00.000000+0000,661.1,3.85,,5.7,132,0,0.0
2022-12-14T20:00:00.000000+0000,661.0,3.3833334,,6.0,133,0,0.0
2022-12-14T21:00:00.000000+0000,660.6,3.2833333,,6.5,123,0,0.0
2022-12-14T22:00:00.000000+0000,660.2,3.2333333,,5.8,128,0,0.0
2022-12-14T23:00:00.000000+0000,659.6,3.4166667,,6.4,129,0,0.0
2022-12-15T00:00:00.000000+0000,659.1,3.35,,6.7,125,0,0.0
2022-12-15T01:00:00.000000+0000,659.0,2.7833333,,5.7,133,0,0.0
2022-12-15T02:00:00.000000+0000,659.1,2.6833334,,4.8,124,0,0.0
2022-12-15T03:00:00.000000+0000,659.3,2.4833333,,4.5,107,0,0.0
2022-12-15T04:00:00.000000+0000,659.6,2.7,,5.9,124,25,0.0
2022-12-15T05:00:00.000000+0000,660.2,5.9666667,,6.0,111,266,0.0
2022-12-15T06:00:00.000000+0000,660.5,8.533334,,6.3,94,507,0.0
2022-12-15T07:00:00.000000+0000,660.8,9.866667,,6.5,80,725,0.0
2022-12-15T08:00:00.000000+0000,660.7,8.933333,,5.6,308,754,0.0
2022-12-15T09:00:00.000000+0000,660.4,8.15,,6.0,294,690,0.0
2022-12-15T10:00:00.000000+0000,660.0,8.283334,,6.4,275,454,0.0
2022-12-15T11:00:00.000000+0000,659.5,7.233333,,5.1,292,294,0.0
2022-12-15T12:00:00.000000+0000,659.0,7.3166666,,5.9,11,161,0.0
2022-12-15T13:00:00.000000+0000,658.8,7.45,,7.0,28,163,0.0
2022-12-15T14:00:00.000000+0000,659.0,7.4333334,,4.7,47,96,0.0
2022-12-15T15:00:00.000000+0000,659.2,6.5,,3.1,111,37,0.0
2022-12-15T16:00:00.000000+0000,659.5,4.883333,,3.4,155,9,0.0
2022-12-15T17:00:00.000000+0000,659.7,2.4333334,,0.9,166,0,0.0
2022-12-15T18:00:00.000000+0000,660.4,2.3833334,,2.3,143,0,0.0
2022-12-15T19:00:00.000000+0000,660.8,3.5333333,,1.0,146,0,0.0
2022-12-15T20:00:00.000000+0000,660.7,2.5,,3.8,111,0,0.0
2022-12-15T21:00:00.000000+0000,660.4,2.6333334,,5.1,116,0,0.0
2022-12-15T22:00:00.000000+0000,660.0,3.0666666,,5.5,118,0,0.0
2022-12-15T23:00:00.000000+0000,659.4,2.9166667,,5.0,113,0,0.0
2022-12-16T00:00:00.000000+0000,659.1,2.0,,4.9,121,0,0.0
2022-12-16T01:00:00.000000+0000,658.9,2.0,,4.6,117,0,0.0
2022-12-16T02:00:00.000000+0000,659.2,1.9333333,,4.3,112,0,0.0
2022-12-16T03:00:00.000000+0000,659.7,1.0833334,,3.7,120,0,0.0
2022-12-16T04:00:00.000000+0000,659.9,2.85,,6.2,123,24,0.0
2022-12-16T05:00:00.000000+0000,660.5,6.3,,5.0,90,266,0.0
2022-12-16T06:00:00.000000+0000,660.9,7.383333,,4.8,33,502,0.0
2022-12-16T07:00:00.000000+0000,661.0,8.283334,,6.8,22,704,0.0
2022-12-16T08:00:00.000000+0000,660.9,6.7,,3.4,311,301,0.0
2022-12-16T09:00:00.000000+0000,660.8,6.0666666,,2.4,290,163,0.0
2022-12-16T10:00:00.000000+0000,660.1,5.983333,,3.0,307,98,0.0
2022-12-16T11:00:00.000000+0000,659.4,6.85,,7.2,34,139,0.0
2022-12-16T12:00:00.000000+0000,658.8,6.9,,7.7,31,154,0.0
2022-12-16T13:00:00.000000+0000,658.6,6.75,,6.3,31,116,0.0
2022-12-16T14:00:00.000000+0000,658.6,6.6,,3.2,23,102,0.0
2022-12-16T15:00:00.000000+0000,658.6,6.266667,,2.2,30,58,0.0
2022-12-16T16:00:00.000000+0000,658.9,4.9666667,,2.7,212,11,0.0
2022-12-16T17:00:00.000000+0000,659.4,4.2166667,,2.6,239,0,0.0
2022-12-16T18:00:00.000000+0000,659.9,3.3,,2.1,209,0,0.0
2022-12-16T19:00:00.000000+0000,660.2,3.2833333,,0.8,171,0,0.0
2022-12-16T20:00:00.000000+0000,660.0,3.5666666,,1.7,125,0,0.0
2022-12-16T21:00:00.000000+0000,659.7,4.0666666,,2.6,130,0,0.0
2022-12-16T22:00:00.000000+0000,659.4,3.8666666,,1.1,74,0,0.0
2022-12-16T23:00:00.000000+0000,658.8,2.5,,2.1,117,0,0.0
2022-12-17T00:00:00.000000+0000,658.4,2.4,,2.3,111,0,0.0
2022-12-17T01:00:00.000000+0000,658.4,2.2333333,,3.4,106,0,0.0
2022-12-17T02:00:00.000000+0000,658.6,1.9166666,,3.7,112,0,0.0
2022-12-17T03:00:00.000000+0000,658.9,1.6166667,,4.0,112,0,0.0
2022-12-17T04:00:00.000000+0000,659.5,2.0833333,,4.1,115,25,0.0
2022-12-17T05:00:00.000000+0000,660.3,5.4666667,,4.8,112,257,0.0
2022-12-17T06:00:00.000000+0000,660.7,7.983333,,6.0,68,497,0.0
2022-12-17T07:00:00.000000+0000,660.9,8.016666,,6.8,16,666,0.0
2022-12-17T08:00:00.000000+0000,660.8,7.266667,,4.0,344,379,0.0
2022-12-17T09:00:00.000000+0000,660.4,7.1,,4.1,345,296,0.0
2022-12-17T10:00:00.000000+0000,660.0,6.1833334,,2.8,307,141,0.0
2022-12-17T11:00:00.000000+0000,659.4,6.133333,,1.9,337,154,0.0
2022-12-17T12:00:00.000000+0000,658.8,6.266667,,3.6,18,144,0.0
2022-12-17T13:00:00.000000+0000,658.6,5.733333,,1.4,40,49,0.0
2022-12-17T14:00:00.000000+0000,658.6,6.6833334,,0.9,169,109,0.0
2022-12-17T15:00:00.000000+0000,658.9,7.5,,1.7,263,209,0.0
2022-12-17T16:00:00.000000+0000,659.0,5.4666667,,1.2,229,13,0.0
2022-12-17T17:00:00.000000+0000,659.5,4.766667,,2.0,137,0,0.0
2022-12-17T18:00:00.000000+0000,660.0,4.366667,,1.0,117,0,0.0
2022-12-17T19:00:00.000000+0000,660.1,4.15,,1.1,140,0,0.0
2022-12-17T20:00:00.000000+0000,660.1,3.85,,1.6,189,0,0.0
2022-12-17T21:00:00.000000+0000,659.9,3.2666667,,2.3,141,0,0.0
2022-12-17T22:00:00.000000+0000,659.5,3.1333334,,5.6,143,0,0.0
2022-12-17T23:00:00.000000+0000,658.9,3.4166667,,5.7,132,0,0.0
2022-12-18T00:00:00.000000+0000,658.6,2.6166666,,4.6,127,0,0.0
2022-12-18T01:00:00.000000+0000,658.6,2.9166667,,5.2,128,0,0.0
2022-12-18T02:00:00.000000+0000,658.9,2.2833333,,2.3,128,0,0.0
2022-12-18T03:00:00.000000+0000,659.1,1.4,,1.7,135,0,0.0
2022-12-18T04:00:00.000000+0000,659.6,1.8666667,,3.6,126,27,0.0
2022-12-18T05:00:00.000000+0000,660.3,4.9666667,,3.9,105,236,0.0
2022-12-18T06:00:00.000000+0000,660.7,7.4,,5.8,53,460,0.0
2022-12-18T07:00:00.000000+0000,661.1,8.966666,,3.9,51,635,0.0
2022-12-18T08:00:00.000000+0000,661.1,6.483333,,3.4,338,248,0.0
2022-12-18T09:00:00.000000+0000,660.8,7.05,,5.7,26,479,0.0
2022-12-18T10:00:00.000000+0000,660.2,7.5666666,,4.3,45,386,0.0
2022-12-18T11:00:00.000000+0000,659.6,7.516667,,4.5,23,305,0.0
2022-12-18T12:00:00.000000+0000,659.2,5.983333,,3.3,62,158,0.2
2022-12-18T13:00:00.000000+0000,658.8,6.5666666,,3.1,62,166,0.0
2022-12-18T14:00:00.000000+0000,658.7,7.883333,,2.3,40,257,0.0
2022-12-18T15:00:00.000000+0000,658.9,7.1,,2.9,317,77,0.0
2022-12-18T16:00:00.000000+0000,659.1,6.1833334,,1.3,333,5,0.0
2022-12-18T17:00:00.000000+0000,659.7,5.75,,1.9,249,0,0.0
2022-12-18T18:00:00.000000+0000,660.4,4.483333,,2.2,238,0,0.0
2022-12-18T19:00:00.000000+0000,660.8,4.233333,,3.1,238,0,0.0
2022-12-18T20:00:00.000000+0000,660.9,4.7,,2.2,259,0,0.0
2022-12-18T21:00:00.000000+0000,660.3,3.5333333,,2.4,152,0,0.0
2022-12-18T22:00:00.000000+0000,659.8,4.05,,2.0,96,0,0.0
2022-12-18T23:00:00.000000+0000,659.5,4.1666665,,1.5,234,0,0.0
2022-12-19T00:00:00.000000+0000,659.3,3.8666666,,0.8,270,0,0.0
2022-12-19T01:00:00.000000+0000,659.3,3.4166667,,2.7,220,0,0.0
2022-12-19T02:00:00.000000+0000,659.3,2.9666667,,4.2,201,0,0.0
2022-12-19T03:00:00.000000+0000,659.4,3.4666667,,2.1,164,0,0.0
2022-12-19T04:00:00.000000+0000,659.8,3.25,,2.0,131,23,0.0
2022-12-19T05:00:00.000000+0000,660.4,6.7,,1.2,97,251,0.0
2022-12-19T06:00:00.000000+0000,660.9,6.516667,,2.6,322,265,0.0
2022-12-19T07:00:00.000000+0000,661.0,6.633333,,3.1,360,226,0.0
2022-12-19T08:00:00.000000+0000,660.6,7.55,,4.5,16,392,0.0
2022-12-19T09:00:00.000000+0000,660.4,8.016666,,3.4,27,482,0.0
2022-12-19T10:00:00.000000+0000,659.8,7.05,,5.2,35,250,0.0
2022-12-19T11:00:00.000000+0000,659.3,6.616667,,4.2,,,
2022-12-19T12:00:00.000000+0000,658.7,6.616667,,2.0,,,
2022-12-19T13:00:00.000000+0000,658.3,6.7,,3.0,,,
2022-12-19T14:00:00.000000+0000,658.1,6.6666665,,3.8,,,
2022-12-19T15:00:00.000000+0000,658.1,6.4666667,,3.4,41,51,0.0
2022-12-19T16:00:00.000000+0000,658.5,5.9666667,,2.9,300,4,0.0
2022-12-19T17:00:00.000000+0000,659.1,5.5,,5.8,258,0,0.0
2022-12-19T18:00:00.000000+0000,659.6,4.766667,,3.8,252,0,0.0
2022-12-19T19:00:00.000000+0000,660.1,4.3166666,,3.3,152,0,0.0
2022-12-19T20:00:00.000000+0000,660.2,4.75,,2.7,159,0,0.0
2022-12-19T21:00:00.000000+0000,659.8,3.5333333,,1.6,86,0,0.0
2022-12-19T22:00:00.000000+0000,659.4,3.3166666,,1.4,99,0,0.0
2022-12-19T23:00:00.000000+0000,659.0,2.5333333,,2.1,110,0,0.0
2022-12-20T00:00:00.000000+0000,658.6,3.3666666,,2.0,111,0,0.0
2022-12-20T01:00:00.000000+0000,658.6,4.116667,,3.1,98,0,0.0
2022-12-20T02:00:00.000000+0000,658.8,4.15,,3.8,87,0,
2022-12-20T09:00:00.000000+0000,660.0,7.866667,,4.0,7,391,
2022-12-20T10:00:00.000000+0000,659.5,7.1833334,,4.4,32,193,0.1
2022-12-20T11:00:00.000000+0000,658.8,6.883333,,3.9,50,210,0.0
2022-12-20T12:00:00.000000+0000,658.1,7.133333,,4.5,41,214,0.0
2022-12-20T13:00:00.000000+0000,657.7,6.766667,,4.8,49,167,0.0
2022-12-20T14:00:00.000000+0000,657.7,6.8333335,,3.8,81,204,0.0
2022-12-20T15:00:00.000000+0000,658.0,6.75,,2.5,71,89,0.0
2022-12-20T16:00:00.000000+0000,658.5,5.883333,,3.9,254,9,0.0
2022-12-20T17:00:00.000000+0000,659.1,4.3,,3.6,227,0,0.0
2022-12-20T18:00:00.000000+0000,659.8,3.6166666,,1.7,164,0,0.0
2022-12-20T19:00:00.000000+0000,660.2,3.4666667,,1.8,120,0,0.0
2022-12-20T20:00:00.000000+0000,660.3,3.7833333,,3.9,136,0,0.0
2022-12-20T21:00:00.000000+0000,660.2,4.05,,3.8,115,0,0.0
2022-12-20T22:00:00.000000+0000,660.0,3.6833334,,2.6,108,0,0.0
2022-12-20T23:00:00.000000+0000,659.6,3.3666666,,2.0,117,0,0.0
2022-12-21T00:00:00.000000+0000,659.3,4.6,,3.6,97,0,0.0
2022-12-21T01:00:00.000000+0000,659.4,4.133333,,4.1,107,0,0.0
2022-12-21T02:00:00.000000+0000,659.5,3.35,,4.5,111,0,0.0
2022-12-21T03:00:00.000000+0000,659.8,3.05,,4.7,117,0,0.0
2022-12-21T04:00:00.000000+0000,660.1,3.4,,5.0,115,17,0.0
2022-12-21T05:00:00.000000+0000,660.5,6.45,,3.3,102,235,0.0
2022-12-21T06:00:00.000000+0000,660.9,8.416667,,4.2,53,483,0.0
2022-12-21T07:00:00.000000+0000,661.1,8.816667,,6.1,27,611,0.0
2022-12-21T08:00:00.000000+0000,661.1,9.266666,,4.9,18,576,0.0
2022-12-21T09:00:00.000000+0000,660.9,8.683333,,4.3,4,334,0.0
2022-12-21T10:00:00.000000+0000,660.5,8.183333,,3.8,11,280,0.0
2022-12-21T11:00:00.000000+0000,660.1,6.6833334,,4.3,4,102,0.1
2022-12-21T12:00:00.000000+0000,659.6,5.983333,,4.0,28,190,1.8
2022-12-21T13:00:00.000000+0000,659.2,6.5,,4.0,57,214,0.0
2022-12-21T14:00:00.000000+0000,659.0,7.4166665,,3.2,61,209,0.0
2022-12-21T15:00:00.000000+0000,659.1,6.5833335,,3.3,49,69,0.0
2022-12-21T16:00:00.000000+0000,659.4,5.766667,,1.5,99,11,0.0
2022-12-21T17:00:00.000000+0000,659.8,5.866667,,1.0,234,0,0.0
2022-12-21T18:00:00.000000+0000,660.4,4.0666666,,1.8,164,0,0.0
2022-12-21T19:00:00.000000+0000,660.7,3.6833334,,1.3,132,0,0.0
2022-12-21T20:00:00.000000+0000,660.6,3.2,,2.5,128,0,0.0
2022-12-21T21:00:00.000000+0000,660.5,3.7166667,,2.9,107,0,0.0
2022-12-21T22:00:00.000000+0000,660.0,3.7666667,,3.6,122,0,0.0
2022-12-21T23:00:00.000000+0000,659.5,4.6833334,,3.3,115,0,0.0
2022-12-22T00:00:00.000000+0000,659.0,4.3,,3.8,114,0,0.0
2022-12-22T01:00:00.000000+0000,658.8,3.4,,3.5,122,0,0.0
2022-12-22T02:00:00.000000+0000,659.0,2.8833334,,3.0,121,0,0.0
2022-12-22T03:00:00.000000+0000,659.3,2.6333334,,3.2,111,0,0.0
2022-12-22T04:00:00.000000+0000,659.6,2.9833333,,2.0,125,17,0.0
2022-12-22T05:00:00.000000+0000,660.3,5.8333335,,0.9,39,189,0.0
2022-12-22T06:00:00.000000+0000,660.8,6.65,,2.3,332,368,0.0
2022-12-22T07:00:00.000000+0000,661.1,6.9333334,,2.2,354,352,0.0
2022-12-22T08:00:00.000000+0000,661.0,7.3333335,,2.6,297,353,0.0
2022-12-22T09:00:00.000000+0000,660.8,7.2,,3.1,327,279,0.0
2022-12-22T10:00:00.000000+0000,660.3,7.25,,4.6,300,284,0.0
2022-12-22T11:00:00.000000+0000,659.9,7.5333333,,4.4,36,316,0.0
2022-12-22T12:00:00.000000+0000,659.5,7.733333,,4.2,46,215,0.0
2022-12-22T13:00:00.000000+0000,659.2,8.066667,,3.0,24,181,0.0
2022-12-22T14:00:00.000000+0000,659.1,7.4666667,,4.6,33,144,0.0
2022-12-22T15:00:00.000000+0000,659.3,7.266667,,3.3,31,45,0.0
2022-12-22T16:00:00.000000+0000,659.5,6.5,,1.8,37,5,0.0
2022-12-22T17:00:00.000000+0000,659.9,6.2,,0.7,252,0,0.0
2022-12-22T18:00:00.000000+0000,660.5,5.483333,,1.1,221,0,0.0
2022-12-22T19:00:00.000000+0000,660.9,5.383333,,1.5,225,0,0.0
2022-12-22T20:00:00.000000+0000,661.1,4.0333333,,1.3,197,0,0.0
2022-12-22T21:00:00.000000+0000,661.0,3.5666666,,1.4,117,0,0.0
2022-12-22T22:00:00.000000+0000,660.6,3.15,,3.1,124,0,0.0
2022-12-22T23:00:00.000000+0000,660.0,2.9666667,,2.3,122,0,0.0
2022-12-23T00:00:00.000000+0000,659.7,3.0666666,,1.9,90,0,0.0
2022-12-23T01:00:00.000000+0000,659.5,2.2666667,,2.4,105,0,0.0
2022-12-23T02:00:00.000000+0000,659.4,2.75,,1.6,152,0,0.0
2022-12-23T03:00:00.000000+0000,659.7,2.6,,2.4,185,0,0.0
2022-12-23T04:00:00.000000+0000,660.1,3.3833334,,1.2,195,17,0.0
2022-12-23T05:00:00.000000+0000,660.5,5.8166666,,2.6,92,244,0.0
2022-12-23T06:00:00.000000+0000,660.9,7.9333334,,3.3,20,495,0.0
2022-12-23T07:00:00.000000+0000,661.3,6.733333,,3.4,333,253,0.0
2022-12-23T08:00:00.000000+0000,661.2,7.233333,,2.5,13,264,0.0
2022-12-23T09:00:00.000000+0000,661.0,6.7833333,,2.9,335,109,0.0
2022-12-23T10:00:00.000000+0000,660.6,8.483334,,8.0,44,371,0.0
2022-12-23T11:00:00.000000+0000,660.2,8.6,,7.1,50,357,0.0
2022-12-23T12:00:00.000000+0000,659.5,8.65,,6.5,29,296,0.1
2022-12-23T13:00:00.000000+0000,659.1,8.616667,,5.8,84,190,0.0
2022-12-23T14:00:00.000000+0000,659.4,7.55,,2.6,214,103,0.0
2022-12-23T15:00:00.000000+0000,659.7,6.5333333,,1.5,274,37,0.0
2022-12-23T16:00:00.000000+0000,660.0,5.35,,0.7,180,10,0.0
2022-12-23T17:00:00.000000+0000,660.5,5.3,,1.4,104,0,0.0
2022-12-23T18:00:00.000000+0000,661.0,4.983333,,4.2,134,0,0.0
2022-12-23T19:00:00.000000+0000,661.4,5.633333,,2.8,135,0,0.0
2022-12-23T20:00:00.000000+0000,661.6,5.983333,,2.2,153,0,0.0
2022-12-23T21:00:00.000000+0000,661.5,5.5,,0.6,180,0,0.0
2022-12-23T22:00:00.000000+0000,661.2,3.45,,2.2,112,0,0.0
2022-12-23T23:00:00.000000+0000,660.7,2.8833334,,2.4,112,0,0.0
2022-12-24T00:00:00.000000+0000,660.3,2.65,,4.0,114,0,0.0
2022-12-24T01:00:00.000000+0000,660.1,3.1,,5.4,130,0,0.0
2022-12-24T02:00:00.000000+0000,660.1,3.2166667,,2.6,165,0,0.0
2022-12-24T03:00:00.000000+0000,660.5,2.8333333,,1.6,142,0,0.0
2022-12-24T04:00:00.000000+0000,660.5,1.9666667,,2.8,131,15,0.0
2022-12-24T05:00:00.000000+0000,661.1,6.3166666,,2.4,107,245,0.0
2022-12-24T06:00:00.000000+0000,661.6,8.266666,,3.7,22,483,0.0
2022-12-24T07:00:00.000000+0000,661.9,7.116667,,3.5,329,403,0.0
2022-12-24T08:00:00.000000+0000,662.0,7.266667,,3.4,298,283,0.0
2022-12-24T09:00:00.000000+0000,661.7,7.766667,,3.7,2,314,0.0
2022-12-24T10:00:00.000000+0000,661.3,7.866667,,5.5,14,312,0.0
2022-12-24T11:00:00.000000+0000,660.7,6.883333,,5.3,14,163,
2022-12-24T12:00:00.000000+0000,660.3,7.016667,,3.7,,,
2022-12-24T13:00:00.000000+0000,660.1,6.383333,,1.8,27,66,0.8
2022-12-24T14:00:00.000000+0000,660.0,7.7,,2.5,28,298,0.0
2022-12-24T15:00:00.000000+0000,660.2,6.766667,,3.1,4,68,0.0
2022-12-24T16:00:00.000000+0000,660.4,6.016667,,1.3,72,14,0.0
2022-12-24T17:00:00.000000+0000,660.8,5.25,,0.8,124,0,0.0
2022-12-24T18:00:00.000000+0000,661.2,3.5166667,,2.6,133,0,0.0
2022-12-24T19:00:00.000000+0000,661.6,3.4,,2.9,126,0,0.0
2022-12-24T20:00:00.000000+0000,661.8,3.6333334,,1.5,99,0,0.0
2022-12-24T21:00:00.000000+0000,661.7,3.0,,1.3,170,0,0.0
2022-12-24T22:00:00.000000+0000,661.5,2.3833334,,1.9,162,0,0.0
2022-12-24T23:00:00.000000+0000,661.1,1.7833333,,3.1,128,0,0.0
2022-12-25T00:00:00.000000+0000,660.7,1.9666667,,4.3,127,0,0.0
2022-12-25T01:00:00.000000+0000,660.6,1.6833333,,4.4,151,0,0.0
2022-12-25T02:00:00.000000+0000,660.7,2.3333333,,3.3,185,0,0.0
2022-12-25T03:00:00.000000+0000,661.0,1.8666667,,2.7,180,0,0.0
2022-12-25T04:00:00.000000+0000,661.4,2.5,,2.2,185,14,0.0
2022-12-25T05:00:00.000000+0000,661.9,5.633333,,2.3,185,242,0.0
2022-12-25T06:00:00.000000+0000,662.4,8.083333,,1.6,321,477,0.0
2022-12-25T07:00:00.000000+0000,662.6,8.333333,,3.4,316,694,0.0
2022-12-25T08:00:00.000000+0000,662.7,8.55,,3.1,331,676,0.0
2022-12-25T09:00:00.000000+0000,662.4,8.2,,3.8,321,330,0.0
2022-12-25T10:00:00.000000+0000,661.9,7.35,,3.2,316,228,0.0
2022-12-25T11:00:00.000000+0000,661.3,7.9166665,,3.8,41,293,0.0
2022-12-25T12:00:00.000000+0000,660.8,7.75,,5.2,72,243,0.8
2022-12-25T13:00:00.000000+0000,660.6,6.9166665,,6.4,47,179,2.7
2022-12-25T14:00:00.000000+0000,660.5,6.9166665,,3.6,57,159,3.2
2022-12-25T15:00:00.000000+0000,660.5,6.9666667,,3.1,72,80,0.0
2022-12-25T16:00:00.000000+0000,660.7,5.85,,1.8,187,11,0.0
2022-12-25T17:00:00.000000+0000,661.1,4.85,,3.4,210,0,0.0
2022-12-25T18:00:00.000000+0000,661.5,4.366667,,2.4,210,0,0.0
2022-12-25T19:00:00.000000+0000,661.9,4.3333335,,1.0,194,0,0.0
2022-12-25T20:00:00.000000+0000,662.0,4.2,,1.1,180,0,0.0
2022-12-25T21:00:00.000000+0000,661.9,4.0333333,,2.5,189,0,0.0
2022-12-25T22:00:00.000000+0000,661.7,3.8666666,,0.9,166,0,0.0
2022-12-25T23:00:00.000000+0000,661.4,4.5,,0.6,101,0,0.0
2022-12-26T00:00:00.000000+0000,661.2,3.95,,1.4,117,0,0.0
2022-12-26T01:00:00.000000+0000,661.1,3.5333333,,1.9,117,0,0.0
2022-12-26T02:00:00.000000+0000,661.1,3.5666666,,2.1,114,0,0.0
2022-12-26T03:00:00.000000+0000,661.2,2.7333333,,2.9,135,0,0.0
2022-12-26T04:00:00.000000+0000,661.5,2.5333333,,2.7,175,13,0.0
2022-12-26T05:00:00.000000+0000,662.1,5.766667,,1.4,189,239,0.0
2022-12-26T06:00:00.000000+0000,662.5,6.3166666,,1.5,12,260,0.0
2022-12-26T07:00:00.000000+0000,662.8,7.016667,,2.5,325,466,0.0
2022-12-26T08:00:00.000000+0000,662.8,6.95,,3.2,333,333,0.0
2022-12-26T09:00:00.000000+0000,662.4,7.1666665,,4.6,12,211,0.0
2022-12-26T10:00:00.000000+0000,662.1,7.1,,3.6,357,181,0.0
2022-12-26T11:00:00.000000+0000,661.9,7.1666665,,3.4,338,163,0.0
2022-12-26T12:00:00.000000+0000,661.4,7.0833335,,4.1,2,93,1.6
2022-12-26T13:00:00.000000+0000,661.2,7.25,,4.2,43,124,1.6
2022-12-26T14:00:00.000000+0000,661.0,7.983333,,2.8,217,222,0.0
2022-12-26T15:00:00.000000+0000,660.9,7.7166667,,2.4,174,80,0.0
2022-12-26T16:00:00.000000+0000,661.3,6.85,,2.5,234,11,0.0
2022-12-26T17:00:00.000000+0000,661.7,5.383333,,1.7,112,0,0.0
2022-12-26T18:00:00.000000+0000,662.1,4.9166665,,1.4,197,0,0.0
2022-12-26T19:00:00.000000+0000,662.3,4.7,,1.1,173,0,0.0
2022-12-26T20:00:00.000000+0000,662.3,4.0666666,,3.5,154,0,0.0
2022-12-26T21:00:00.000000+0000,662.2,4.95,,3.1,199,0,0.0
2022-12-26T22:00:00.000000+0000,662.0,5.1666665,,2.5,205,0,0.4
2022-12-26T23:00:00.000000+0000,661.5,5.383333,,1.7,212,0,0.7
2022-12-27T00:00:00.000000+0000,661.2,5.233333,,1.4,76,0,0.0
2022-12-27T01:00:00.000000+0000,660.9,4.733333,,1.7,83,0,0.0
2022-12-27T02:00:00.000000+0000,661.1,4.85,,3.3,190,0,0.0
2022-12-27T03:00:00.000000+0000,661.4,5.2,,4.5,,,
2022-12-27T04:00:00.000000+0000,661.7,5.5333333,,3.9,,,
2022-12-27T05:00:00.000000+0000,662.1,5.883333,,3.3,,,
2022-12-27T06:00:00.000000+0000,662.5,6.15,,2.7,,,
2022-12-27T07:00:00.000000+0000,662.8,7.016667,,3.1,298,320,0.0
2022-12-27T08:00:00.000000+0000,662.8,6.5666666,,3.4,288,138,0.0
2022-12-27T09:00:00.000000+0000,662.3,7.0666666,,5.5,38,185,0.1
2022-12-27T10:00:00.000000+0000,661.7,8.4,,7.2,86,398,0.0
2022-12-27T11:00:00.000000+0000,661.0,7.3333335,,8.1,97,340,0.0
2022-12-27T12:00:00.000000+0000,660.5,8.05,,8.2,136,338,0.0
2022-12-27T13:00:00.000000+0000,660.5,8.816667,,3.6,142,307,0.0
2022-12-27T14:00:00.000000+0000,660.6,7.55,,2.6,288,111,0.0
2022-12-27T15:00:00.000000+0000,660.8,6.6,,5.6,125,48,0.0
2022-12-27T16:00:00.000000+0000,661.2,6.15,,5.4,140,6,0.0
2022-12-27T17:00:00.000000+0000,661.5,5.5333333,,4.9,144,0,0.0
2022-12-27T18:00:00.000000+0000,662.3,4.65,,2.1,155,0,0.0
2022-12-27T19:00:00.000000+0000,662.7,4.5666666,,3.1,159,0,0.0
2022-12-27T20:00:00.000000+0000,662.7,4.0,,6.3,132,0,0.0
2022-12-27T21:00:00.000000+0000,662.6,3.95,,8.0,129,0,0.0
2022-12-27T22:00:00.000000+0000,662.1,3.7666667,,9.0,125,0,0.0
2022-12-27T23:00:00.000000+0000,661.5,3.8666666,,9.8,128,0,0.0
2022-12-28T00:00:00.000000+0000,661.2,4.5833335,,8.3,121,0,0.0
2022-12-28T01:00:00.000000+0000,661.2,6.1,,7.1,119,0,0.0
2022-12-28T02:00:00.000000+0000,661.4,7.0,,6.1,118,0,0.0
2022-12-28T03:00:00.000000+0000,661.6,7.0333333,,4.8,125,0,0.0
2022-12-28T04:00:00.000000+0000,661.9,6.866667,,6.0,116,14,0.0
2022-12-28T05:00:00.000000+0000,662.2,7.5,,6.8,123,174,0.0
2022-12-28T06:00:00.000000+0000,662.5,9.4,,5.5,129,451,0.0
2022-12-28T07:00:00.000000+0000,663.0,9.35,,1.8,250,682,0.0
2022-12-28T08:00:00.000000+0000,662.9,9.433333,,5.0,300,874,0.0
2022-12-28T09:00:00.000000+0000,662.7,9.283334,,5.3,301,916,0.0
2022-12-28T10:00:00.000000+0000,662.2,9.25,,4.9,277,871,0.0
2022-12-28T11:00:00.000000+0000,661.6,8.966666,,5.1,266,754,0.0
2022-12-28T12:00:00.000000+0000,661.0,7.5833335,,3.6,264,168,0.0
2022-12-28T13:00:00.000000+0000,660.5,7.4166665,,2.3,360,104,0.0
2022-12-28T14:00:00.000000+0000,660.0,8.05,,9.6,92,189,0.0
2022-12-28T15:00:00.000000+0000,659.9,6.7,,9.1,126,56,0.0
2022-12-28T16:00:00.000000+0000,660.3,6.3333335,,7.3,134,5,0.0
2022-12-28T17:00:00.000000+0000,660.9,6.05,,5.1,147,0,0.0
2022-12-28T18:00:00.000000+0000,661.5,4.9,,3.5,139,0,0.0
2022-12-28T19:00:00.000000+0000,661.9,3.7833333,,5.6,141,0,0.0
2022-12-28T20:00:00.000000+0000,661.9,4.0,,5.5,139,0,0.0
2022-12-28T21:00:00.000000+0000,661.5,3.55,,7.8,137,0,0.0
2022-12-28T22:00:00.000000+0000,661.0,4.016667,,7.7,123,0,0.0
2022-12-28T23:00:00.000000+0000,660.3,3.8833334,,10.1,134,0,0.0
2022-12-29T00:00:00.000000+0000,659.6,4.5833335,,11.0,136,0,0.0
2022-12-29T01:00:00.000000+0000,659.3,5.0833335,,11.7,135,0,0.0
2022-12-29T02:00:00.000000+0000,659.8,4.8,,7.3,128,0,0.0
2022-12-29T03:00:00.000000+0000,660.0,4.483333,,7.9,130,0,0.0
2022-12-29T04:00:00.000000+0000,660.7,4.3,,5.4,126,12,0.0
2022-12-29T05:00:00.000000+0000,661.1,6.7166667,,4.4,134,227,0.0
2022-12-29T06:00:00.000000+0000,660.7,6.0333333,,12.2,134,483,0.0
2022-12-29T07:00:00.000000+0000,661.1,8.933333,,9.9,131,701,0.0
2022-12-29T08:00:00.000000+0000,661.6,10.533334,,6.5,130,880,0.0
2022-12-29T09:00:00.000000+0000,661.5,10.516666,,8.3,94,1004,0.0
2022-12-29T10:00:00.000000+0000,661.4,10.233334,,7.6,88,1063,0.0
2022-12-29T11:00:00.000000+0000,660.9,10.716666,,8.0,90,1036,0.0
2022-12-29T12:00:00.000000+0000,660.5,9.633333,,5.6,100,699,0.0
2022-12-29T13:00:00.000000+0000,660.6,7.2833333,,4.0,288,187,0.0
2022-12-29T14:00:00.000000+0000,660.5,8.016666,,2.4,315,296,0.0
2022-12-29T15:00:00.000000+0000,660.4,6.6,,5.6,120,116,0.0
2022-12-29T16:00:00.000000+0000,660.7,5.35,,4.8,148,8,0.0
2022-12-29T17:00:00.000000+0000,661.1,4.15,,3.5,149,0,0.0
2022-12-29T18:00:00.000000+0000,661.7,3.6833334,,1.9,157,0,0.0
2022-12-29T19:00:00.000000+0000,662.3,4.2166667,,1.2,209,0,0.0
2022-12-29T20:00:00.000000+0000,662.2,2.35,,2.3,155,0,0.0
2022-12-29T21:00:00.000000+0000,662.0,2.55,,1.6,101,0,0.0
2022-12-29T22:00:00.000000+0000,661.7,2.7333333,,3.3,112,0,0.0
2022-12-29T23:00:00.000000+0000,661.3,2.7833333,,4.5,123,0,0.0
2022-12-30T00:00:00.000000+0000,661.0,2.2,,7.6,134,0,0.0
2022-12-30T01:00:00.000000+0000,660.7,3.75,,10.0,139,0,0.0
2022-12-30T02:00:00.000000+0000,660.8,3.8666666,,9.8,139,0,0.0
2022-12-30T03:00:00.000000+0000,661.0,4.3333335,,10.9,135,0,0.0
2022-12-30T04:00:00.000000+0000,661.3,4.1833334,,11.5,135,11,0.0
2022-12-30T05:00:00.000000+0000,662.0,6.116667,,11.0,134,238,0.0
2022-12-30T06:00:00.000000+0000,662.6,8.483334,,10.3,114,478,0.0
2022-12-30T07:00:00.000000+0000,662.9,9.7,,7.8,96,703,0.0
2022-12-30T08:00:00.000000+0000,662.9,10.316667,,8.8,109,883,0.0
2022-12-30T09:00:00.000000+0000,662.8,10.266666,,3.9,168,1022,0.0
2022-12-30T10:00:00.000000+0000,662.4,9.666667,,5.0,278,1047,0.0
2022-12-30T11:00:00.000000+0000,662.0,10.516666,,6.9,271,1018,0.0
2022-12-30T12:00:00.000000+0000,661.6,10.116667,,6.4,276,900,0.0
2022-12-30T13:00:00.000000+0000,661.5,10.116667,,5.8,277,773,0.0
2022-12-30T14:00:00.000000+0000,661.6,9.45,,5.0,260,526,0.0
2022-12-30T15:00:00.000000+0000,661.8,7.9166665,,4.6,286,206,0.0
2022-12-30T16:00:00.000000+0000,661.9,5.633333,,3.4,231,46,0.0
2022-12-30T17:00:00.000000+0000,662.4,4.1666665,,1.7,193,0,0.0
2022-12-30T18:00:00.000000+0000,662.8,3.6166666,,1.2,207,0,0.0
2022-12-30T19:00:00.000000+0000,662.9,2.8,,2.8,182,0,0.0
2022-12-30T20:00:00.000000+0000,662.8,4.016667,,2.4,189,0,0.0
2022-12-30T21:00:00.000000+0000,662.4,4.366667,,8.5,135,0,0.0
2022-12-30T22:00:00.000000+0000,662.2,3.8333333,,2.0,207,0,0.0
2022-12-30T23:00:00.000000+0000,661.7,5.6833334,,1.9,118,0,0.0
2022-12-31T00:00:00.000000+0000,661.4,6.05,,5.4,133,0,0.0
2022-12-31T01:00:00.000000+0000,661.0,4.266667,,8.0,136,0,0.0
2022-12-31T02:00:00.000000+0000,661.0,5.2,,6.3,141,0,0.0
2022-12-31T03:00:00.000000+0000,661.2,5.6666665,,5.7,148,0,0.0
2022-12-31T04:00:00.000000+0000,661.4,6.8333335,,6.3,141,10,0.0
2022-12-31T05:00:00.000000+0000,661.7,9.316667,,5.0,126,236,0.0
2022-12-31T06:00:00.000000+0000,662.2,9.5,,3.8,65,477,0.0
2022-12-31T07:00:00.000000+0000,662.5,7.7833333,,3.4,21,656,0.0
2022-12-31T08:00:00.000000+0000,662.4,7.0833335,,3.6,342,750,0.0
2022-12-31T09:00:00.000000+0000,662.3,7.0833335,,3.6,295,654,0.0
2022-12-31T10:00:00.000000+0000,662.0,7.55,,3.9,294,709,0.0
2022-12-31T11:00:00.000000+0000,661.7,8.1,,4.4,301,704,0.0
2022-12-31T12:00:00.000000+0000,661.3,9.133333,,5.2,304,823,0.0
2022-12-31T13:00:00.000000+0000,661.1,8.7,,4.9,291,487,0.0
2022-12-31T14:00:00.000000+0000,661.1,8.6,,4.6,273,418,0.0
2022-12-31T15:00:00.000000+0000,661.3,6.983333,,4.6,277,133,0.0
2022-12-31T16:00:00.000000+0000,661.4,4.9666667,,1.9,257,22,0.0
2022-12-31T17:00:00.000000+0000,661.7,4.0666666,,1.7,98,0,0.0
2022-12-31T18:00:00.000000+0000,661.9,1.6833333,,5.1,142,0,0.0
2022-12-31T19:00:00.000000+0000,662.1,2.65,,7.5,138,0,0.0
2022-12-31T20:00:00.000000+0000,662.1,3.1166666,,5.8,119,0,0.0
2022-12-31T21:00:00.000000+0000,662.0,3.7333333,,7.6,137,0,0.0
2022-12-31T22:00:00.000000+0000,661.7,3.0666666,,7.7,137,0,0.0
2022-12-31T23:00:00.000000+0000,661.1,3.65,,9.3,136,0,0.0
2023-01-01T00:00:00.000000+0000,660.5,3.6333334,,8.7,133,0,0.0
