Date Time(UTC), ,Priority,Application, ,Message,Code, , ,Status
2022-07-29T08:43:35.251000+00:00,"","info","Output Group 2","","Group is ON","00000A0F","","","Closed"
2022-07-29T08:43:35.243000+00:00,"","info","Output Group 1","","Group is ON","00000A0F","","","Closed"
2022-07-29T08:43:35.237000+00:00,"","info","Output","","Group is ON","00000A0F","","","Closed"
2022-07-29T08:43:33.752000+00:00,"","warning","Eaton 9PX3000i RT 2U","","Load protected","0000081D","","","Closed"
2022-07-29T08:43:33.713000+00:00,"","warning","Eaton 9PX3000i RT 2U","","No more on battery","00000001","","","Closed"
2022-07-29T08:43:33.575000+00:00,"","warning","Eaton 9PX3000i RT 2U","","Bypass voltage in range","00000209","","","Closed"
2022-07-29T08:43:33.564000+00:00,"","warning","Eaton 9PX3000i RT 2U","","Bypass available","00000201","","","Closed"
2022-07-29T08:43:33.558000+00:00,"","warning","Eaton 9PX3000i RT 2U","","Bypass frequency in range","00000206","","","Closed"
2022-07-29T08:43:33.543000+00:00,"","warning","Eaton 9PX3000i RT 2U","","Input AC voltage in range","00000108","","","Closed"
2022-07-29T08:43:33.534000+00:00,"","warning","Eaton 9PX3000i RT 2U","","Input AC present","00000106","","","Closed"
2022-07-29T08:43:33.520000+00:00,"","warning","Eaton 9PX3000i RT 2U","","Input AC frequency in range","00000104","","","Closed"
2022-07-21T11:14:18.002000+00:00,"","warning","Eaton 9PX3000i RT 2U","","Bypass phase in range","00000200","","","Closed"
2022-07-21T11:14:12.787000+00:00,"","warning","Eaton 9PX3000i RT 2U","","Bypass phase out range","00000200","","","Open"
2022-07-21T09:44:13.243000+00:00,"","critical","Eaton 9PX 3000i RT 2U","","Battery OK","00000604","","","Closed"
2022-07-21T09:44:12.980000+00:00,"","info","Output Group 2","","Group is OFF","00000A0F","","","Open"
2022-07-21T09:44:12.861000+00:00,"","info","Output Group 1","","Group is OFF","00000A0F","","","Open"
2022-07-21T09:44:12.805000+00:00,"","info","Output","","Group is OFF","00000A0F","","","Open"
2022-07-21T09:44:11.770000+00:00,"","warning","Eaton 9PX3000i RT 2U","","Bypass phase in range","00000200","","","Closed"
2022-07-21T09:44:11.135000+00:00,"","warning","Eaton 9PX3000i RT 2U","","Load not powered","0000081D","","","Open"
2022-07-21T09:44:10.880000+00:00,"","warning","Eaton 9PX3000i RT 2U","","End of UPS battery discharge","00000603","","","Closed"
2022-07-21T09:44:08.837000+00:00,"","warning","Output Group 2","","Immediate shutdown completed","00001032","","","Closed"
2022-07-21T09:44:07.757000+00:00,"","info","Output Group 1","","Sequential shutdown completed","00001017","","","Closed"
2022-07-21T09:44:07.675000+00:00,"","info","Output","","Sequential shutdown completed","00001017","","","Closed"
2022-07-21T09:44:06.827000+00:00,"","warning","Output Group 2","","Immediate shutdown in progress","00001032","","","Open"
2022-07-21T09:44:06.793000+00:00,"","info","Output Group 2","","Sequential shutdown in progress","00001017","","","Open"
2022-07-21T09:44:06.756000+00:00,"","info","Output Group 1","","Sequential shutdown in progress","00001017","","","Open"
2022-07-21T09:44:06.684000+00:00,"","info","Output Group 2","","Group is ON","00000A0F","","","Closed"
2022-07-21T09:44:06.674000+00:00,"","info","Output","","Sequential shutdown in progress","00001017","","","Open"
2022-07-21T09:44:05.969000+00:00,"","warning","Output Group 1","","Immediate shutdown completed","00001032","","","Closed"
2022-07-21T09:44:05.794000+00:00,"","warning","Output","","Immediate shutdown completed","00001032","","","Closed"
2022-07-21T09:44:03.967000+00:00,"","warning","Output Group 1","","Immediate shutdown in progress","00001032","","","Open"
2022-07-21T09:44:03.787000+00:00,"","warning","Output","","Immediate shutdown in progress","00001032","","","Open"
2022-07-21T09:44:03.668000+00:00,"","critical","Eaton 9PX 3000i RT 2U","","Battery low","00000604","","","Open"
2022-07-21T09:44:03.487000+00:00,"","info","Output Group 1","","Sequential shutdown scheduled","00001016","","","Open"
2022-07-21T09:44:03.356000+00:00,"","info","Output Group 1","","Group is ON","00000A0F","","","Closed"
2022-07-21T09:44:02.428000+00:00,"","warning","Eaton 9PX3000i RT 2U","","Bypass voltage out of range","00000209","","","Open"
2022-07-21T09:44:02.240000+00:00,"","warning","Eaton 9PX3000i RT 2U","","Bypass phase out range","00000200","","","Open"
2022-07-21T09:44:02.185000+00:00,"","warning","Eaton 9PX3000i RT 2U","","Bypass not available","00000201","","","Open"
2022-07-21T09:44:02.143000+00:00,"","warning","Eaton 9PX3000i RT 2U","","Bypass frequency out of range","00000206","","","Open"
2022-07-21T09:44:02.009000+00:00,"","warning","Eaton 9PX3000i RT 2U","","Input AC voltage out of range (-)","00000108","","","Open"
2022-07-21T09:44:01.940000+00:00,"","warning","Eaton 9PX3000i RT 2U","","Input AC not present","00000106","","","Open"
2022-07-21T09:44:01.838000+00:00,"","warning","Eaton 9PX3000i RT 2U","","Input AC frequency out of range","00000104","","","Open"
2022-07-21T09:44:01.256000+00:00,"","info","Output","","Sequential shutdown scheduled","00001016","","","Open"
2022-07-21T09:44:00.912000+00:00,"","warning","Eaton 9PX3000i RT 2U","","Battery discharging","00000603","","","Open"
2022-07-21T09:44:00.785000+00:00,"","warning","Eaton 9PX3000i RT 2U","","On battery","00000001","","","Open"
2022-07-21T09:43:59.493000+00:00,"","info","Output","","Group is ON","00000A0F","","","Closed"
2022-07-21T09:43:57.951000+00:00,"","warning","Eaton 9PX3000i RT 2U","","Load protected","0000081D","","","Closed"
2022-07-21T09:43:52.912000+00:00,"","warning","Eaton 9PX3000i RT 2U","","Bypass voltage in range","00000209","","","Closed"
2022-07-21T09:43:52.755000+00:00,"","warning","Eaton 9PX3000i RT 2U","","Bypass available","00000201","","","Closed"
2022-07-21T09:43:52.717000+00:00,"","warning","Eaton 9PX3000i RT 2U","","Bypass frequency in range","00000206","","","Closed"
2022-07-21T09:43:52.540000+00:00,"","warning","Eaton 9PX3000i RT 2U","","Input AC voltage in range","00000108","","","Closed"
2022-07-21T09:43:52.487000+00:00,"","warning","Eaton 9PX3000i RT 2U","","Input AC present","00000106","","","Closed"
2022-07-21T09:43:52.386000+00:00,"","warning","Eaton 9PX3000i RT 2U","","Input AC frequency in range","00000104","","","Closed"
2022-07-21T09:43:51.660000+00:00,"","warning","Eaton 9PX3000i RT 2U","","No more on battery","00000001","","","Closed"
2022-07-21T09:42:49.692000+00:00,"","critical","Eaton 9PX 3000i RT 2U","","Battery OK","00000604","","","Closed"
2022-07-21T09:42:49.577000+00:00,"","info","Output Group 2","","Group is OFF","00000A0F","","","Open"
2022-07-21T09:42:49.547000+00:00,"","info","Output Group 1","","Group is OFF","00000A0F","","","Open"
2022-07-21T09:42:49.509000+00:00,"","info","Output","","Group is OFF","00000A0F","","","Open"
2022-07-21T09:42:48.609000+00:00,"","warning","Eaton 9PX3000i RT 2U","","Bypass phase in range","00000200","","","Closed"
2022-07-21T09:42:48.077000+00:00,"","warning","Eaton 9PX3000i RT 2U","","Load not powered","0000081D","","","Open"
2022-07-21T09:42:47.832000+00:00,"","warning","Eaton 9PX3000i RT 2U","","End of UPS battery discharge","00000603","","","Closed"
2022-07-21T09:42:44.309000+00:00,"","info","Output Group 2","","Sequential shutdown completed","00001017","","","Closed"
2022-07-21T09:42:44.289000+00:00,"","info","Output Group 1","","Sequential shutdown completed","00001017","","","Closed"
2022-07-21T09:42:44.142000+00:00,"","info","Output","","Sequential shutdown completed","00001017","","","Closed"
2022-07-21T09:42:43.310000+00:00,"","info","Output Group 2","","Sequential shutdown in progress","00001017","","","Open"
2022-07-21T09:42:43.290000+00:00,"","info","Output Group 1","","Sequential shutdown in progress","00001017","","","Open"
2022-07-21T09:42:43.139000+00:00,"","info","Output","","Sequential shutdown in progress","00001017","","","Open"
2022-07-21T09:42:41.328000+00:00,"","warning","Output Group 2","","Immediate shutdown completed","00001032","","","Closed"
2022-07-21T09:42:40.988000+00:00,"","warning","Output Group 1","","Immediate shutdown completed","00001032","","","Closed"
2022-07-21T09:42:40.749000+00:00,"","warning","Output","","Immediate shutdown completed","00001032","","","Closed"
2022-07-21T09:42:39.327000+00:00,"","warning","Output Group 2","","Immediate shutdown in progress","00001032","","","Open"
2022-07-21T09:42:38.990000+00:00,"","warning","Output Group 1","","Immediate shutdown in progress","00001032","","","Open"
2022-07-21T09:42:38.752000+00:00,"","warning","Output","","Immediate shutdown in progress","00001032","","","Open"
2022-07-21T09:42:23.568000+00:00,"","critical","Eaton 9PX 3000i RT 2U","","Battery low","00000604","","","Open"
2022-07-21T09:42:23.456000+00:00,"","info","Output Group 2","","Group is ON","00000A0F","","","Closed"
2022-07-21T09:42:23.447000+00:00,"","info","Output Group 1","","Group is ON","00000A0F","","","Closed"
2022-07-21T09:42:23.444000+00:00,"","info","Output","","Group is ON","00000A0F","","","Closed"
2022-07-21T09:42:21.966000+00:00,"","warning","Eaton 9PX3000i RT 2U","","Load protected","0000081D","","","Closed"
2022-07-21T09:42:21.934000+00:00,"","warning","Eaton 9PX3000i RT 2U","","Battery discharging","00000603","","","Open"
2022-07-21T09:42:21.791000+00:00,"","warning","Eaton 9PX3000i RT 2U","","Bypass phase out range","00000200","","","Open"
2022-07-19T13:08:12.836000+00:00,"","warning","Eaton 9PX3000i RT 2U","","Bypass phase in range","00000200","","","Closed"
2022-07-19T13:08:07.652000+00:00,"","warning","Eaton 9PX3000i RT 2U","","Bypass phase out range","00000200","","","Open"
2022-07-19T11:38:07.101000+00:00,"","critical","Eaton 9PX 3000i RT 2U","","Battery OK","00000604","","","Closed"
2022-07-19T11:38:06.924000+00:00,"","info","Output Group 2","","Group is OFF","00000A0F","","","Open"
2022-07-19T11:38:06.874000+00:00,"","info","Output Group 1","","Group is OFF","00000A0F","","","Open"
2022-07-19T11:38:06.832000+00:00,"","info","Output","","Group is OFF","00000A0F","","","Open"
2022-07-19T11:38:05.929000+00:00,"","warning","Eaton 9PX3000i RT 2U","","Bypass phase in range","00000200","","","Closed"
2022-07-19T11:38:05.361000+00:00,"","warning","Eaton 9PX3000i RT 2U","","Load not powered","0000081D","","","Open"
2022-07-19T11:38:05.159000+00:00,"","warning","Eaton 9PX3000i RT 2U","","End of UPS battery discharge","00000603","","","Closed"
2022-07-19T11:38:02.223000+00:00,"","info","Output Group 2","","Sequential shutdown completed","00001017","","","Closed"
2022-07-19T11:38:02.206000+00:00,"","info","Output Group 1","","Sequential shutdown completed","00001017","","","Closed"
2022-07-19T11:38:02.118000+00:00,"","info","Output","","Sequential shutdown completed","00001017","","","Closed"
2022-07-19T11:38:01.223000+00:00,"","info","Output Group 2","","Sequential shutdown in progress","00001017","","","Open"
2022-07-19T11:38:01.211000+00:00,"","info","Output Group 1","","Sequential shutdown in progress","00001017","","","Open"
2022-07-19T11:38:01.118000+00:00,"","info","Output","","Sequential shutdown in progress","00001017","","","Open"
2022-07-19T11:38:00.265000+00:00,"","warning","Output Group 2","","Immediate shutdown completed","00001032","","","Closed"
2022-07-19T11:38:00.232000+00:00,"","warning","Output Group 1","","Immediate shutdown completed","00001032","","","Closed"
2022-07-19T11:38:00.030000+00:00,"","warning","Output","","Immediate shutdown completed","00001032","","","Closed"
2022-07-19T11:37:58.266000+00:00,"","warning","Output Group 2","","Immediate shutdown in progress","00001032","","","Open"
2022-07-19T11:37:58.232000+00:00,"","warning","Output Group 1","","Immediate shutdown in progress","00001032","","","Open"
2022-07-19T11:37:58.029000+00:00,"","warning","Output","","Immediate shutdown in progress","00001032","","","Open"
2022-07-19T11:37:57.923000+00:00,"","critical","Eaton 9PX 3000i RT 2U","","Battery low","00000604","","","Open"
2022-07-19T11:33:29.623000+00:00,"","warning","Eaton 9PX3000i RT 2U","","Battery discharging","00000603","","","Open"
2022-07-19T11:33:29.513000+00:00,"","warning","Eaton 9PX3000i RT 2U","","On battery","00000001","","","Open"
2022-07-19T11:33:27.295000+00:00,"","warning","Eaton 9PX3000i RT 2U","","Bypass voltage out of range","00000209","","","Open"
2022-07-19T11:33:27.084000+00:00,"","warning","Eaton 9PX3000i RT 2U","","Bypass phase out range","00000200","","","Open"
2022-07-19T11:33:27.044000+00:00,"","warning","Eaton 9PX3000i RT 2U","","Bypass not available","00000201","","","Open"
2022-07-19T11:33:27.003000+00:00,"","warning","Eaton 9PX3000i RT 2U","","Bypass frequency out of range","00000206","","","Open"
2022-07-19T11:33:26.873000+00:00,"","warning","Eaton 9PX3000i RT 2U","","Input AC voltage out of range (-)","00000108","","","Open"
2022-07-19T11:33:26.802000+00:00,"","warning","Eaton 9PX3000i RT 2U","","Input AC not present","00000106","","","Open"
2022-07-19T11:33:26.701000+00:00,"","warning","Eaton 9PX3000i RT 2U","","Input AC frequency out of range","00000104","","","Open"
2022-07-19T11:33:26.425000+00:00,"","info","Output Group 2","","Sequential shutdown scheduled","00001016","","","Open"
2022-07-19T11:33:26.307000+00:00,"","info","Output Group 1","","Sequential shutdown scheduled","00001016","","","Open"
2022-07-19T11:33:26.170000+00:00,"","info","Output","","Sequential shutdown scheduled","00001016","","","Open"
2022-07-19T11:33:23.884000+00:00,"","warning","Eaton 9PX3000i RT 2U","","Bypass phase in range","00000200","","","Closed"
2022-07-19T11:33:23.162000+00:00,"","warning","Eaton 9PX3000i RT 2U","","End of UPS battery discharge","00000603","","","Closed"
2022-07-19T11:33:20.696000+00:00,"","warning","Eaton 9PX3000i RT 2U","","Bypass voltage in range","00000209","","","Closed"
2022-07-19T11:33:20.433000+00:00,"","warning","Eaton 9PX3000i RT 2U","","Bypass available","00000201","","","Closed"
2022-07-19T11:33:20.380000+00:00,"","warning","Eaton 9PX3000i RT 2U","","Bypass frequency in range","00000206","","","Closed"
2022-07-19T11:33:20.230000+00:00,"","warning","Eaton 9PX3000i RT 2U","","Input AC voltage in range","00000108","","","Closed"
2022-07-19T11:33:20.117000+00:00,"","warning","Eaton 9PX3000i RT 2U","","Input AC present","00000106","","","Closed"
2022-07-19T11:33:19.946000+00:00,"","warning","Eaton 9PX3000i RT 2U","","Input AC frequency in range","00000104","","","Closed"
2022-07-19T11:33:19.862000+00:00,"","info","Output Group 2","","Sequential shutdown canceled","00001016","","","Closed"
2022-07-19T11:33:19.838000+00:00,"","info","Output Group 1","","Sequential shutdown canceled","00001016","","","Closed"
2022-07-19T11:33:19.595000+00:00,"","info","Output","","Sequential shutdown canceled","00001016","","","Closed"
2022-07-19T11:33:19.088000+00:00,"","warning","Eaton 9PX3000i RT 2U","","No more on battery","00000001","","","Closed"
2022-07-19T11:32:47.657000+00:00,"","warning","Eaton 9PX3000i RT 2U","","Bypass voltage out of range","00000209","","","Open"
2022-07-19T11:32:47.419000+00:00,"","warning","Eaton 9PX3000i RT 2U","","Bypass phase out range","00000200","","","Open"
2022-07-19T11:32:47.369000+00:00,"","warning","Eaton 9PX3000i RT 2U","","Bypass not available","00000201","","","Open"
2022-07-19T11:32:47.330000+00:00,"","warning","Eaton 9PX3000i RT 2U","","Bypass frequency out of range","00000206","","","Open"
2022-07-19T11:32:47.187000+00:00,"","warning","Eaton 9PX3000i RT 2U","","Input AC voltage out of range (-)","00000108","","","Open"
2022-07-19T11:32:47.095000+00:00,"","warning","Eaton 9PX3000i RT 2U","","Input AC not present","00000106","","","Open"
2022-07-19T11:32:46.994000+00:00,"","warning","Eaton 9PX3000i RT 2U","","Input AC frequency out of range","00000104","","","Open"
2022-07-19T11:32:46.708000+00:00,"","info","Output Group 2","","Sequential shutdown scheduled","00001016","","","Open"
2022-07-19T11:32:46.624000+00:00,"","info","Output Group 1","","Sequential shutdown scheduled","00001016","","","Open"
2022-07-19T11:32:46.471000+00:00,"","info","Output","","Sequential shutdown scheduled","00001016","","","Open"
2022-07-19T11:32:46.138000+00:00,"","warning","Eaton 9PX3000i RT 2U","","Battery discharging","00000603","","","Open"
2022-07-19T11:32:45.960000+00:00,"","warning","Eaton 9PX3000i RT 2U","","On battery","00000001","","","Open"
2022-07-19T10:57:21.408000+00:00,"","warning","Eaton 9PX3000i RT 2U","","Bypass phase in range","00000200","","","Closed"
2022-07-19T10:57:21.369000+00:00,"","warning","Eaton 9PX3000i RT 2U","","Bypass available","00000201","","","Closed"
2022-07-19T10:57:21.016000+00:00,"","info","Output Group 2","","Sequential shutdown canceled","00001016","","","Closed"
2022-07-19T10:57:20.998000+00:00,"","info","Output Group 1","","Sequential shutdown canceled","00001016","","","Closed"
2022-07-19T10:57:20.835000+00:00,"","info","Output","","Sequential shutdown canceled","00001016","","","Closed"
2022-07-19T10:57:20.398000+00:00,"","warning","Eaton 9PX3000i RT 2U","","End of UPS battery discharge","00000603","","","Closed"
2022-07-19T10:57:20.297000+00:00,"","warning","Eaton 9PX3000i RT 2U","","No more on battery","00000001","","","Closed"
2022-07-19T10:57:18.285000+00:00,"","warning","Eaton 9PX3000i RT 2U","","Bypass voltage in range","00000209","","","Closed"
2022-07-19T10:57:18.124000+00:00,"","warning","Eaton 9PX3000i RT 2U","","Bypass frequency in range","00000206","","","Closed"
2022-07-19T10:57:17.974000+00:00,"","warning","Eaton 9PX3000i RT 2U","","Input AC voltage in range","00000108","","","Closed"
2022-07-19T10:57:17.888000+00:00,"","warning","Eaton 9PX3000i RT 2U","","Input AC present","00000106","","","Closed"
2022-07-19T10:57:17.783000+00:00,"","warning","Eaton 9PX3000i RT 2U","","Input AC frequency in range","00000104","","","Closed"
2022-07-19T10:49:40.566000+00:00,"","warning","Eaton 9PX3000i RT 2U","","Bypass voltage out of range","00000209","","","Open"
2022-07-19T10:49:40.376000+00:00,"","warning","Eaton 9PX3000i RT 2U","","Bypass phase out range","00000200","","","Open"
2022-07-19T10:49:40.334000+00:00,"","warning","Eaton 9PX3000i RT 2U","","Bypass not available","00000201","","","Open"
2022-07-19T10:49:40.297000+00:00,"","warning","Eaton 9PX3000i RT 2U","","Bypass frequency out of range","00000206","","","Open"
2022-07-19T10:49:40.155000+00:00,"","warning","Eaton 9PX3000i RT 2U","","Input AC voltage out of range (-)","00000108","","","Open"
2022-07-19T10:49:40.085000+00:00,"","warning","Eaton 9PX3000i RT 2U","","Input AC not present","00000106","","","Open"
2022-07-19T10:49:39.988000+00:00,"","warning","Eaton 9PX3000i RT 2U","","Input AC frequency out of range","00000104","","","Open"
2022-07-19T10:49:39.731000+00:00,"","info","Output Group 2","","Sequential shutdown scheduled","00001016","","","Open"
2022-07-19T10:49:39.648000+00:00,"","info","Output Group 1","","Sequential shutdown scheduled","00001016","","","Open"
2022-07-19T10:49:39.460000+00:00,"","info","Output","","Sequential shutdown scheduled","00001016","","","Open"
2022-07-19T10:49:39.126000+00:00,"","warning","Eaton 9PX3000i RT 2U","","Battery discharging","00000603","","","Open"
2022-07-19T10:49:38.969000+00:00,"","warning","Eaton 9PX3000i RT 2U","","On battery","00000001","","","Open"
2022-07-19T08:32:03.081000+00:00,"","info","Output Group 2","","Group is ON","00000A0F","","","Closed"
2022-07-19T08:31:59.985000+00:00,"","info","Output Group 1","","Group is ON","00000A0F","","","Closed"
2022-07-19T08:31:57.499000+00:00,"","warning","Eaton 9PX 3000i RT 2U","","Battery OK","00000610","","","Closed"
2022-07-19T08:31:55.901000+00:00,"","warning","Eaton 9PX3000i RT 2U","","Load protected","0000081D","","","Closed"
2022-07-19T08:31:54.456000+00:00,"","info","Output","","Group is ON","00000A0F","","","Closed"
2022-07-19T08:31:48.190000+00:00,"","warning","Eaton 9PX3000i RT 2U","","Bypass voltage in range","00000209","","","Closed"
2022-07-19T08:31:48.024000+00:00,"","warning","Eaton 9PX3000i RT 2U","","Bypass available","00000201","","","Closed"
2022-07-19T08:31:47.989000+00:00,"","warning","Eaton 9PX3000i RT 2U","","Bypass frequency in range","00000206","","","Closed"
2022-07-19T08:31:47.852000+00:00,"","warning","Eaton 9PX3000i RT 2U","","Input AC voltage in range","00000108","","","Closed"
2022-07-19T08:31:47.780000+00:00,"","warning","Eaton 9PX3000i RT 2U","","Input AC present","00000106","","","Closed"
2022-07-19T08:31:47.676000+00:00,"","warning","Eaton 9PX3000i RT 2U","","Input AC frequency in range","00000104","","","Closed"
2022-07-19T08:31:46.970000+00:00,"","warning","Eaton 9PX3000i RT 2U","","No more on battery","00000001","","","Closed"
2022-07-19T08:24:03.393000+00:00,"","critical","Eaton 9PX 3000i RT 2U","","Shutdown canceled","00000802","","","Closed"
2022-07-19T08:24:01.991000+00:00,"","info","Output","","Sequential shutdown canceled","00001016","","","Closed"
2022-07-19T08:24:01.861000+00:00,"","warning","Eaton 9PX3000i RT 2U","","Load not powered","0000081D","","","Open"
2022-07-19T08:24:01.576000+00:00,"","warning","Eaton 9PX3000i RT 2U","","End of UPS battery discharge","00000603","","","Closed"
2022-07-19T08:24:00.436000+00:00,"","warning","Eaton 9PX 3000i RT 2U","","Battery low voltage","00000610","","","Open"
2022-07-19T08:24:00.236000+00:00,"","info","Output Group 2","","Sequential shutdown canceled","00001016","","","Closed"
2022-07-19T08:24:00.064000+00:00,"","info","Output Group 2","","Group is OFF","00000A0F","","","Open"
2022-07-19T08:23:59.954000+00:00,"","info","Output Group 1","","Sequential shutdown canceled","00001016","","","Closed"
2022-07-19T08:23:59.926000+00:00,"","info","Output Group 1","","Group is OFF","00000A0F","","","Open"
2022-07-19T08:23:59.805000+00:00,"","info","Output","","Group is OFF","00000A0F","","","Open"
2022-07-19T08:23:58.715000+00:00,"","warning","Eaton 9PX3000i RT 2U","","Bypass phase in range","00000200","","","Closed"
2022-07-19T08:23:27.708000+00:00,"","critical","Eaton 9PX 3000i RT 2U","","Shutdown imminent","00000802","","","Open"
2022-07-19T07:55:29.306000+00:00,"","warning","Eaton 9PX3000i RT 2U","","Bypass voltage out of range","00000209","","","Open"
2022-07-19T07:55:29.116000+00:00,"","warning","Eaton 9PX3000i RT 2U","","Bypass phase out range","00000200","","","Open"
2022-07-19T07:55:29.046000+00:00,"","warning","Eaton 9PX3000i RT 2U","","Bypass not available","00000201","","","Open"
2022-07-19T07:55:28.983000+00:00,"","warning","Eaton 9PX3000i RT 2U","","Bypass frequency out of range","00000206","","","Open"
2022-07-19T07:55:28.796000+00:00,"","warning","Eaton 9PX3000i RT 2U","","Input AC voltage out of range (-)","00000108","","","Open"
2022-07-19T07:55:28.706000+00:00,"","warning","Eaton 9PX3000i RT 2U","","Input AC not present","00000106","","","Open"
2022-07-19T07:55:28.562000+00:00,"","warning","Eaton 9PX3000i RT 2U","","Input AC frequency out of range","00000104","","","Open"
2022-07-19T07:55:28.272000+00:00,"","info","Output Group 2","","Sequential shutdown scheduled","00001016","","","Open"
2022-07-19T07:55:28.164000+00:00,"","info","Output Group 1","","Sequential shutdown scheduled","00001016","","","Open"
2022-07-19T07:55:28.000000+00:00,"","info","Output","","Sequential shutdown scheduled","00001016","","","Open"
2022-07-19T07:55:27.644000+00:00,"","warning","Eaton 9PX3000i RT 2U","","Battery discharging","00000603","","","Open"
2022-07-19T07:55:27.488000+00:00,"","warning","Eaton 9PX3000i RT 2U","","On battery","00000001","","","Open"
2022-07-19T07:47:23.787000+00:00,"","warning","Eaton 9PX3000i RT 2U","","Bypass phase in range","00000200","","","Closed"
2022-07-19T07:47:15.982000+00:00,"","warning","Eaton 9PX3000i RT 2U","","Bypass voltage in range","00000209","","","Closed"
2022-07-19T07:47:15.815000+00:00,"","warning","Eaton 9PX3000i RT 2U","","Bypass available","00000201","","","Closed"
2022-07-19T07:47:15.776000+00:00,"","warning","Eaton 9PX3000i RT 2U","","Bypass frequency in range","00000206","","","Closed"
2022-07-19T07:47:15.634000+00:00,"","warning","Eaton 9PX3000i RT 2U","","Input AC voltage in range","00000108","","","Closed"
2022-07-19T07:47:15.562000+00:00,"","warning","Eaton 9PX3000i RT 2U","","Input AC present","00000106","","","Closed"
2022-07-19T07:47:15.455000+00:00,"","warning","Eaton 9PX3000i RT 2U","","Input AC frequency in range","00000104","","","Closed"
2022-07-19T07:47:15.161000+00:00,"","info","Output Group 2","","Sequential shutdown canceled","00001016","","","Closed"
2022-07-19T07:47:15.146000+00:00,"","info","Output Group 1","","Sequential shutdown canceled","00001016","","","Closed"
2022-07-19T07:47:15.032000+00:00,"","info","Output","","Sequential shutdown canceled","00001016","","","Closed"
2022-07-19T07:47:14.676000+00:00,"","warning","Eaton 9PX3000i RT 2U","","End of UPS battery discharge","00000603","","","Closed"
2022-07-19T07:47:14.563000+00:00,"","warning","Eaton 9PX3000i RT 2U","","No more on battery","00000001","","","Closed"
2022-07-19T07:38:21.033000+00:00,"","warning","Eaton 9PX3000i RT 2U","","Bypass voltage out of range","00000209","","","Open"
2022-07-19T07:38:20.765000+00:00,"","warning","Eaton 9PX3000i RT 2U","","Bypass phase out range","00000200","","","Open"
2022-07-19T07:38:20.704000+00:00,"","warning","Eaton 9PX3000i RT 2U","","Bypass not available","00000201","","","Open"
2022-07-19T07:38:20.656000+00:00,"","warning","Eaton 9PX3000i RT 2U","","Bypass frequency out of range","00000206","","","Open"
2022-07-19T07:38:20.481000+00:00,"","warning","Eaton 9PX3000i RT 2U","","Input AC voltage out of range (-)","00000108","","","Open"
2022-07-19T07:38:20.387000+00:00,"","warning","Eaton 9PX3000i RT 2U","","Input AC not present","00000106","","","Open"
2022-07-19T07:38:20.251000+00:00,"","warning","Eaton 9PX3000i RT 2U","","Input AC frequency out of range","00000104","","","Open"
2022-07-19T07:38:19.898000+00:00,"","info","Output Group 2","","Sequential shutdown scheduled","00001016","","","Open"
2022-07-19T07:38:19.800000+00:00,"","info","Output Group 1","","Sequential shutdown scheduled","00001016","","","Open"
2022-07-19T07:38:19.603000+00:00,"","info","Output","","Sequential shutdown scheduled","00001016","","","Open"
2022-07-19T07:38:19.295000+00:00,"","warning","Eaton 9PX3000i RT 2U","","Battery discharging","00000603","","","Open"
2022-07-19T07:38:19.136000+00:00,"","warning","Eaton 9PX3000i RT 2U","","On battery","00000001","","","Open"
2022-07-18T21:56:45.020000+00:00,"","warning","Eaton 9PX3000i RT 2U","","Bypass phase in range","00000200","","","Closed"
2022-07-18T21:56:42.394000+00:00,"","warning","Eaton 9PX3000i RT 2U","","Bypass phase out range","00000200","","","Open"
2022-07-18T21:56:39.551000+00:00,"","warning","Eaton 9PX3000i RT 2U","","Bypass phase in range","00000200","","","Closed"
2022-07-18T21:56:36.863000+00:00,"","warning","Eaton 9PX3000i RT 2U","","Bypass phase out range","00000200","","","Open"
2022-07-18T18:41:52.807000+00:00,"","info","Output Group 2","","Sequential shutdown canceled","00001016","","","Closed"
2022-07-18T18:41:52.795000+00:00,"","info","Output Group 1","","Sequential shutdown canceled","00001016","","","Closed"
2022-07-18T18:41:52.651000+00:00,"","info","Output","","Sequential shutdown canceled","00001016","","","Closed"
2022-07-18T18:41:52.275000+00:00,"","warning","Eaton 9PX3000i RT 2U","","End of UPS battery discharge","00000603","","","Closed"
2022-07-18T18:41:50.255000+00:00,"","warning","Eaton 9PX3000i RT 2U","","Bypass phase in range","00000200","","","Closed"
2022-07-18T18:41:47.541000+00:00,"","warning","Eaton 9PX3000i RT 2U","","Bypass phase out range","00000200","","","Open"
2022-07-18T18:41:47.056000+00:00,"","info","Output Group 2","","Sequential shutdown scheduled","00001016","","","Open"
2022-07-18T18:41:46.986000+00:00,"","info","Output Group 1","","Sequential shutdown scheduled","00001016","","","Open"
2022-07-18T18:41:46.825000+00:00,"","info","Output","","Sequential shutdown scheduled","00001016","","","Open"
2022-07-18T18:41:46.465000+00:00,"","warning","Eaton 9PX3000i RT 2U","","Battery discharging","00000603","","","Open"
2022-07-18T18:41:44.387000+00:00,"","warning","Eaton 9PX3000i RT 2U","","Bypass phase in range","00000200","","","Closed"
2022-07-18T18:41:41.779000+00:00,"","warning","Eaton 9PX3000i RT 2U","","Bypass phase out range","00000200","","","Open"
2022-07-18T16:29:27.801000+00:00,"","warning","Eaton 9PX3000i RT 2U","","Bypass phase in range","00000200","","","Closed"
2022-07-18T16:29:27.087000+00:00,"","warning","Eaton 9PX3000i RT 2U","","End of UPS battery discharge","00000603","","","Closed"
2022-07-18T16:29:24.906000+00:00,"","warning","Eaton 9PX3000i RT 2U","","Bypass voltage in range","00000209","","","Closed"
2022-07-18T16:29:24.744000+00:00,"","warning","Eaton 9PX3000i RT 2U","","Bypass available","00000201","","","Closed"
2022-07-18T16:29:24.708000+00:00,"","warning","Eaton 9PX3000i RT 2U","","Bypass frequency in range","00000206","","","Closed"
2022-07-18T16:29:24.567000+00:00,"","warning","Eaton 9PX3000i RT 2U","","Input AC voltage in range","00000108","","","Closed"
2022-07-18T16:29:24.499000+00:00,"","warning","Eaton 9PX3000i RT 2U","","Input AC present","00000106","","","Closed"
2022-07-18T16:29:24.397000+00:00,"","warning","Eaton 9PX3000i RT 2U","","Input AC frequency in range","00000104","","","Closed"
2022-07-18T16:29:24.113000+00:00,"","info","Output Group 2","","Sequential shutdown canceled","00001016","","","Closed"
2022-07-18T16:29:24.099000+00:00,"","info","Output Group 1","","Sequential shutdown canceled","00001016","","","Closed"
2022-07-18T16:29:23.951000+00:00,"","info","Output","","Sequential shutdown canceled","00001016","","","Closed"
2022-07-18T16:29:23.501000+00:00,"","warning","Eaton 9PX3000i RT 2U","","No more on battery","00000001","","","Closed"
2022-07-18T16:29:12.831000+00:00,"","warning","Eaton 9PX3000i RT 2U","","Battery discharging","00000603","","","Open"
2022-07-18T16:29:12.730000+00:00,"","warning","Eaton 9PX3000i RT 2U","","On battery","00000001","","","Open"
2022-07-18T16:29:10.614000+00:00,"","warning","Eaton 9PX3000i RT 2U","","Bypass voltage out of range","00000209","","","Open"
2022-07-18T16:29:10.449000+00:00,"","warning","Eaton 9PX3000i RT 2U","","Bypass phase out range","00000200","","","Open"
2022-07-18T16:29:10.385000+00:00,"","warning","Eaton 9PX3000i RT 2U","","Bypass not available","00000201","","","Open"
2022-07-18T16:29:10.334000+00:00,"","warning","Eaton 9PX3000i RT 2U","","Bypass frequency out of range","00000206","","","Open"
2022-07-18T16:29:10.168000+00:00,"","warning","Eaton 9PX3000i RT 2U","","Input AC voltage out of range (-)","00000108","","","Open"
2022-07-18T16:29:10.056000+00:00,"","warning","Eaton 9PX3000i RT 2U","","Input AC not present","00000106","","","Open"
2022-07-18T16:29:09.911000+00:00,"","warning","Eaton 9PX3000i RT 2U","","Input AC frequency out of range","00000104","","","Open"
2022-07-18T16:29:09.568000+00:00,"","info","Output Group 2","","Sequential shutdown scheduled","00001016","","","Open"
2022-07-18T16:29:09.478000+00:00,"","info","Output Group 1","","Sequential shutdown scheduled","00001016","","","Open"
2022-07-18T16:29:09.246000+00:00,"","info","Output","","Sequential shutdown scheduled","00001016","","","Open"
2022-07-18T15:11:08.294000+00:00,"","info","Output Group 2","","Sequential shutdown canceled","00001016","","","Closed"
2022-07-18T15:11:08.265000+00:00,"","info","Output Group 1","","Sequential shutdown canceled","00001016","","","Closed"
2022-07-18T15:11:08.180000+00:00,"","info","Output","","Sequential shutdown canceled","00001016","","","Closed"
2022-07-18T15:11:07.768000+00:00,"","warning","Eaton 9PX3000i RT 2U","","End of UPS battery discharge","00000603","","","Closed"
2022-07-18T15:11:05.653000+00:00,"","warning","Eaton 9PX3000i RT 2U","","Bypass phase in range","00000200","","","Closed"
2022-07-18T15:11:03.041000+00:00,"","warning","Eaton 9PX3000i RT 2U","","Bypass phase out range","00000200","","","Open"
2022-07-18T15:11:02.674000+00:00,"","info","Output Group 2","","Sequential shutdown scheduled","00001016","","","Open"
2022-07-18T15:11:02.584000+00:00,"","info","Output Group 1","","Sequential shutdown scheduled","00001016","","","Open"
2022-07-18T15:11:02.422000+00:00,"","info","Output","","Sequential shutdown scheduled","00001016","","","Open"
2022-07-18T15:11:02.081000+00:00,"","warning","Eaton 9PX3000i RT 2U","","Battery discharging","00000603","","","Open"
2022-07-18T15:10:59.923000+00:00,"","warning","Eaton 9PX3000i RT 2U","","Bypass phase in range","00000200","","","Closed"
2022-07-18T15:10:57.242000+00:00,"","warning","Eaton 9PX3000i RT 2U","","Bypass phase out range","00000200","","","Open"
2022-07-18T13:22:47.628000+00:00,"","info","Output Group 2","","Sequential shutdown canceled","00001016","","","Closed"
2022-07-18T13:22:47.611000+00:00,"","info","Output Group 1","","Sequential shutdown canceled","00001016","","","Closed"
2022-07-18T13:22:47.413000+00:00,"","info","Output","","Sequential shutdown canceled","00001016","","","Closed"
2022-07-18T13:22:47.028000+00:00,"","warning","Eaton 9PX3000i RT 2U","","End of UPS battery discharge","00000603","","","Closed"
2022-07-18T13:22:45.134000+00:00,"","warning","Eaton 9PX3000i RT 2U","","Bypass phase in range","00000200","","","Closed"
2022-07-18T13:22:42.373000+00:00,"","warning","Eaton 9PX3000i RT 2U","","Bypass phase out range","00000200","","","Open"
2022-07-18T13:22:41.970000+00:00,"","info","Output Group 2","","Sequential shutdown scheduled","00001016","","","Open"
2022-07-18T13:22:41.872000+00:00,"","info","Output Group 1","","Sequential shutdown scheduled","00001016","","","Open"
2022-07-18T13:22:41.698000+00:00,"","info","Output","","Sequential shutdown scheduled","00001016","","","Open"
2022-07-18T13:22:41.320000+00:00,"","warning","Eaton 9PX3000i RT 2U","","Battery discharging","00000603","","","Open"
2022-07-18T13:09:24.894000+00:00,"","info","Output Group 2","","Group is ON","00000A0F","","","Closed"
2022-07-18T13:09:22.236000+00:00,"","info","Output Group 1","","Group is ON","00000A0F","","","Closed"
2022-07-18T13:09:19.150000+00:00,"","info","Output","","Group is ON","00000A0F","","","Closed"
2022-07-18T13:09:17.685000+00:00,"","warning","Eaton 9PX3000i RT 2U","","Load protected","0000081D","","","Closed"
2022-07-18T13:09:12.870000+00:00,"","warning","Eaton 9PX3000i RT 2U","","Bypass voltage in range","00000209","","","Closed"
2022-07-18T13:09:12.710000+00:00,"","warning","Eaton 9PX3000i RT 2U","","Bypass available","00000201","","","Closed"
2022-07-18T13:09:12.675000+00:00,"","warning","Eaton 9PX3000i RT 2U","","Bypass frequency in range","00000206","","","Closed"
2022-07-18T13:09:12.537000+00:00,"","warning","Eaton 9PX3000i RT 2U","","Input AC voltage in range","00000108","","","Closed"
2022-07-18T13:09:12.468000+00:00,"","warning","Eaton 9PX3000i RT 2U","","Input AC present","00000106","","","Closed"
2022-07-18T13:09:12.368000+00:00,"","warning","Eaton 9PX3000i RT 2U","","Input AC frequency in range","00000104","","","Closed"
2022-07-18T13:09:11.622000+00:00,"","warning","Eaton 9PX3000i RT 2U","","No more on battery","00000001","","","Closed"
2022-07-18T13:07:20.910000+00:00,"","critical","Eaton 9PX 3000i RT 2U","","Battery OK","00000604","","","Closed"
2022-07-18T13:07:20.765000+00:00,"","info","Output Group 2","","Group is OFF","00000A0F","","","Open"
2022-07-18T13:07:20.697000+00:00,"","info","Output Group 1","","Group is OFF","00000A0F","","","Open"
2022-07-18T13:07:20.656000+00:00,"","info","Output","","Group is OFF","00000A0F","","","Open"
2022-07-18T13:07:19.836000+00:00,"","warning","Eaton 9PX3000i RT 2U","","Bypass phase in range","00000200","","","Closed"
2022-07-18T13:07:19.305000+00:00,"","warning","Eaton 9PX3000i RT 2U","","Load not powered","0000081D","","","Open"
2022-07-18T13:07:19.084000+00:00,"","warning","Eaton 9PX3000i RT 2U","","End of UPS battery discharge","00000603","","","Closed"
2022-07-18T13:07:16.229000+00:00,"","info","Output Group 2","","Sequential shutdown completed","00001017","","","Closed"
2022-07-18T13:07:16.192000+00:00,"","info","Output Group 1","","Sequential shutdown completed","00001017","","","Closed"
2022-07-18T13:07:16.061000+00:00,"","info","Output","","Sequential shutdown completed","00001017","","","Closed"
2022-07-18T13:07:15.229000+00:00,"","info","Output Group 2","","Sequential shutdown in progress","00001017","","","Open"
2022-07-18T13:07:15.200000+00:00,"","info","Output Group 1","","Sequential shutdown in progress","00001017","","","Open"
2022-07-18T13:07:15.064000+00:00,"","info","Output","","Sequential shutdown in progress","00001017","","","Open"
2022-07-18T13:07:14.153000+00:00,"","warning","Output Group 2","","Immediate shutdown completed","00001032","","","Closed"
2022-07-18T13:07:14.128000+00:00,"","warning","Output Group 1","","Immediate shutdown completed","00001032","","","Closed"
2022-07-18T13:07:13.906000+00:00,"","warning","Output","","Immediate shutdown completed","00001032","","","Closed"
2022-07-18T13:07:12.153000+00:00,"","warning","Output Group 2","","Immediate shutdown in progress","00001032","","","Open"
2022-07-18T13:07:12.129000+00:00,"","warning","Output Group 1","","Immediate shutdown in progress","00001032","","","Open"
2022-07-18T13:07:11.903000+00:00,"","warning","Output","","Immediate shutdown in progress","00001032","","","Open"
2022-07-18T13:07:11.797000+00:00,"","critical","Eaton 9PX 3000i RT 2U","","Battery low","00000604","","","Open"
2022-07-18T13:07:10.124000+00:00,"","warning","Eaton 9PX3000i RT 2U","","Battery discharging","00000603","","","Open"
2022-07-18T13:07:10.024000+00:00,"","warning","Eaton 9PX3000i RT 2U","","On battery","00000001","","","Open"
2022-07-18T13:07:08.038000+00:00,"","warning","Eaton 9PX3000i RT 2U","","Bypass voltage out of range","00000209","","","Open"
2022-07-18T13:07:07.843000+00:00,"","warning","Eaton 9PX3000i RT 2U","","Bypass phase out range","00000200","","","Open"
2022-07-18T13:07:07.801000+00:00,"","warning","Eaton 9PX3000i RT 2U","","Bypass not available","00000201","","","Open"
2022-07-18T13:07:07.767000+00:00,"","warning","Eaton 9PX3000i RT 2U","","Bypass frequency out of range","00000206","","","Open"
2022-07-18T13:07:07.617000+00:00,"","warning","Eaton 9PX3000i RT 2U","","Input AC voltage out of range (-)","00000108","","","Open"
2022-07-18T13:07:07.536000+00:00,"","warning","Eaton 9PX3000i RT 2U","","Input AC not present","00000106","","","Open"
2022-07-18T13:07:07.436000+00:00,"","warning","Eaton 9PX3000i RT 2U","","Input AC frequency out of range","00000104","","","Open"
2022-07-18T13:07:07.095000+00:00,"","info","Output Group 2","","Sequential shutdown scheduled","00001016","","","Open"
2022-07-18T13:07:07.016000+00:00,"","info","Output Group 1","","Sequential shutdown scheduled","00001016","","","Open"
2022-07-18T13:07:06.819000+00:00,"","info","Output","","Sequential shutdown scheduled","00001016","","","Open"
2022-07-18T12:14:03.041000+00:00,"","warning","Eaton 9PX 3000i RT 2U","","Battery OK","00000610","","","Closed"
2022-07-18T12:14:02.907000+00:00,"","info","Output Group 2","","Group is ON","00000A0F","","","Closed"
2022-07-18T12:14:02.902000+00:00,"","info","Output Group 1","","Group is ON","00000A0F","","","Closed"
2022-07-18T12:14:02.899000+00:00,"","info","Output","","Group is ON","00000A0F","","","Closed"
2022-07-18T12:14:01.442000+00:00,"","warning","Eaton 9PX3000i RT 2U","","Load protected","0000081D","","","Closed"
2022-07-18T12:14:01.389000+00:00,"","warning","Eaton 9PX3000i RT 2U","","No more on battery","00000001","","","Closed"
2022-07-18T12:14:01.249000+00:00,"","warning","Eaton 9PX3000i RT 2U","","Bypass voltage in range","00000209","","","Closed"
2022-07-18T12:14:01.236000+00:00,"","warning","Eaton 9PX3000i RT 2U","","Bypass available","00000201","","","Closed"
2022-07-18T12:14:01.234000+00:00,"","warning","Eaton 9PX3000i RT 2U","","Bypass frequency in range","00000206","","","Closed"
2022-07-18T12:14:01.218000+00:00,"","warning","Eaton 9PX3000i RT 2U","","Input AC voltage in range","00000108","","","Closed"
2022-07-18T12:14:01.211000+00:00,"","warning","Eaton 9PX3000i RT 2U","","Input AC present","00000106","","","Closed"
2022-07-18T12:14:01.195000+00:00,"","warning","Eaton 9PX3000i RT 2U","","Input AC frequency in range","00000104","","","Closed"
2022-07-18T09:27:16.648000+00:00,"","warning","Eaton 9PX3000i RT 2U","","Bypass phase in range","00000200","","","Closed"
2022-07-18T09:27:08.972000+00:00,"","warning","Eaton 9PX3000i RT 2U","","Bypass phase out range","00000200","","","Open"
2022-07-18T07:57:12.521000+00:00,"","warning","Eaton 9PX3000i RT 2U","","End of UPS battery discharge","00000603","","","Closed"
2022-07-18T07:57:11.366000+00:00,"","critical","Eaton 9PX 3000i RT 2U","","Shutdown canceled","00000802","","","Closed"
2022-07-18T07:57:11.267000+00:00,"","warning","Eaton 9PX 3000i RT 2U","","Battery low voltage","00000610","","","Open"
2022-07-18T07:57:11.052000+00:00,"","info","Output Group 2","","Group is OFF","00000A0F","","","Open"
2022-07-18T07:57:10.946000+00:00,"","info","Output Group 1","","Group is OFF","00000A0F","","","Open"
2022-07-18T07:57:10.848000+00:00,"","info","Output","","Group is OFF","00000A0F","","","Open"
2022-07-18T07:57:09.941000+00:00,"","warning","Eaton 9PX3000i RT 2U","","Bypass phase in range","00000200","","","Closed"
2022-07-18T07:57:09.686000+00:00,"","info","Output Group 2","","Sequential shutdown canceled","00001016","","","Closed"
2022-07-18T07:57:09.641000+00:00,"","info","Output Group 1","","Sequential shutdown canceled","00001016","","","Closed"
2022-07-18T07:57:09.421000+00:00,"","info","Output","","Sequential shutdown canceled","00001016","","","Closed"
2022-07-18T07:57:09.176000+00:00,"","warning","Eaton 9PX3000i RT 2U","","Load not powered","0000081D","","","Open"
2022-07-18T07:56:09.201000+00:00,"","critical","Eaton 9PX 3000i RT 2U","","Shutdown imminent","00000802","","","Open"
2022-07-18T07:22:35.663000+00:00,"","warning","Eaton 9PX3000i RT 2U","","Bypass voltage out of range","00000209","","","Open"
2022-07-18T07:22:35.509000+00:00,"","warning","Eaton 9PX3000i RT 2U","","Bypass phase out range","00000200","","","Open"
2022-07-18T07:22:35.464000+00:00,"","warning","Eaton 9PX3000i RT 2U","","Bypass not available","00000201","","","Open"
2022-07-18T07:22:35.424000+00:00,"","warning","Eaton 9PX3000i RT 2U","","Bypass frequency out of range","00000206","","","Open"
2022-07-18T07:22:35.268000+00:00,"","warning","Eaton 9PX3000i RT 2U","","Input AC voltage out of range (-)","00000108","","","Open"
2022-07-18T07:22:35.199000+00:00,"","warning","Eaton 9PX3000i RT 2U","","Input AC not present","00000106","","","Open"
2022-07-18T07:22:35.093000+00:00,"","warning","Eaton 9PX3000i RT 2U","","Input AC frequency out of range","00000104","","","Open"
2022-07-18T07:22:34.732000+00:00,"","info","Output Group 2","","Sequential shutdown scheduled","00001016","","","Open"
2022-07-18T07:22:34.647000+00:00,"","info","Output Group 1","","Sequential shutdown scheduled","00001016","","","Open"
2022-07-18T07:22:34.483000+00:00,"","info","Output","","Sequential shutdown scheduled","00001016","","","Open"
2022-07-18T07:22:34.116000+00:00,"","warning","Eaton 9PX3000i RT 2U","","Battery discharging","00000603","","","Open"
2022-07-18T07:22:33.959000+00:00,"","warning","Eaton 9PX3000i RT 2U","","On battery","00000001","","","Open"
2022-07-18T06:24:31.916000+00:00,"","info","Output Group 2","","Sequential shutdown canceled","00001016","","","Closed"
2022-07-18T06:24:31.900000+00:00,"","info","Output Group 1","","Sequential shutdown canceled","00001016","","","Closed"
2022-07-18T06:24:31.690000+00:00,"","info","Output","","Sequential shutdown canceled","00001016","","","Closed"
2022-07-18T06:24:31.269000+00:00,"","warning","Eaton 9PX3000i RT 2U","","End of UPS battery discharge","00000603","","","Closed"
2022-07-18T06:24:29.320000+00:00,"","warning","Eaton 9PX3000i RT 2U","","Bypass phase in range","00000200","","","Closed"
2022-07-18T06:24:28.563000+00:00,"","warning","Eaton 9PX3000i RT 2U","","Battery discharging","00000603","","","Open"
2022-07-18T06:24:26.344000+00:00,"","warning","Eaton 9PX3000i RT 2U","","Bypass phase out range","00000200","","","Open"
2022-07-18T06:24:25.966000+00:00,"","info","Output Group 2","","Sequential shutdown scheduled","00001016","","","Open"
2022-07-18T06:24:25.882000+00:00,"","info","Output Group 1","","Sequential shutdown scheduled","00001016","","","Open"
2022-07-18T06:24:25.722000+00:00,"","info","Output","","Sequential shutdown scheduled","00001016","","","Open"
2022-07-18T06:24:00.382000+00:00,"","warning","Eaton 9PX3000i RT 2U","","Bypass phase in range","00000200","","","Closed"
2022-07-18T06:23:57.758000+00:00,"","warning","Eaton 9PX3000i RT 2U","","Bypass phase out range","00000200","","","Open"
2022-07-18T06:15:01.588000+00:00,"","warning","Eaton 9PX3000i RT 2U","","Bypass voltage in range","00000209","","","Closed"
2022-07-18T06:15:01.438000+00:00,"","warning","Eaton 9PX3000i RT 2U","","Bypass phase in range","00000200","","","Closed"
2022-07-18T06:15:01.394000+00:00,"","warning","Eaton 9PX3000i RT 2U","","Bypass available","00000201","","","Closed"
2022-07-18T06:15:01.349000+00:00,"","warning","Eaton 9PX3000i RT 2U","","Bypass frequency in range","00000206","","","Closed"
2022-07-18T06:15:01.203000+00:00,"","warning","Eaton 9PX3000i RT 2U","","Input AC voltage in range","00000108","","","Closed"
2022-07-18T06:15:01.115000+00:00,"","warning","Eaton 9PX3000i RT 2U","","Input AC present","00000106","","","Closed"
2022-07-18T06:15:00.982000+00:00,"","warning","Eaton 9PX3000i RT 2U","","Input AC frequency in range","00000104","","","Closed"
2022-07-18T06:15:00.899000+00:00,"","info","Output Group 2","","Sequential shutdown canceled","00001016","","","Closed"
2022-07-18T06:15:00.882000+00:00,"","info","Output Group 1","","Sequential shutdown canceled","00001016","","","Closed"
2022-07-18T06:15:00.575000+00:00,"","info","Output","","Sequential shutdown canceled","00001016","","","Closed"
2022-07-18T06:15:00.152000+00:00,"","warning","Eaton 9PX3000i RT 2U","","End of UPS battery discharge","00000603","","","Closed"
2022-07-18T06:15:00.045000+00:00,"","warning","Eaton 9PX3000i RT 2U","","No more on battery","00000001","","","Closed"
2022-07-18T06:09:02.747000+00:00,"","warning","Eaton 9PX3000i RT 2U","","Bypass voltage out of range","00000209","","","Open"
2022-07-18T06:09:02.554000+00:00,"","warning","Eaton 9PX3000i RT 2U","","Bypass phase out range","00000200","","","Open"
2022-07-18T06:09:02.511000+00:00,"","warning","Eaton 9PX3000i RT 2U","","Bypass not available","00000201","","","Open"
2022-07-18T06:09:02.475000+00:00,"","warning","Eaton 9PX3000i RT 2U","","Bypass frequency out of range","00000206","","","Open"
2022-07-18T06:09:02.335000+00:00,"","warning","Eaton 9PX3000i RT 2U","","Input AC voltage out of range (-)","00000108","","","Open"
2022-07-18T06:09:02.265000+00:00,"","warning","Eaton 9PX3000i RT 2U","","Input AC not present","00000106","","","Open"
2022-07-18T06:09:02.155000+00:00,"","warning","Eaton 9PX3000i RT 2U","","Input AC frequency out of range","00000104","","","Open"
2022-07-18T06:09:01.836000+00:00,"","info","Output Group 2","","Sequential shutdown scheduled","00001016","","","Open"
2022-07-18T06:09:01.749000+00:00,"","info","Output Group 1","","Sequential shutdown scheduled","00001016","","","Open"
2022-07-18T06:09:01.598000+00:00,"","info","Output","","Sequential shutdown scheduled","00001016","","","Open"
2022-07-18T06:09:01.243000+00:00,"","warning","Eaton 9PX3000i RT 2U","","Battery discharging","00000603","","","Open"
2022-07-18T06:09:01.083000+00:00,"","warning","Eaton 9PX3000i RT 2U","","On battery","00000001","","","Open"
2022-07-16T13:14:24.589000+00:00,"","info","Output Group 2","","Sequential shutdown canceled","00001016","","","Closed"
2022-07-16T13:14:24.582000+00:00,"","info","Output Group 1","","Sequential shutdown canceled","00001016","","","Closed"
2022-07-16T13:14:24.569000+00:00,"","info","Output","","Sequential shutdown canceled","00001016","","","Closed"
2022-07-16T13:14:24.118000+00:00,"","warning","Eaton 9PX3000i RT 2U","","End of UPS battery discharge","00000603","","","Closed"
2022-07-16T13:14:22.038000+00:00,"","warning","Eaton 9PX3000i RT 2U","","Bypass phase in range","00000200","","","Closed"
2022-07-16T13:14:19.568000+00:00,"","warning","Eaton 9PX3000i RT 2U","","Bypass phase out range","00000200","","","Open"
2022-07-16T13:14:19.176000+00:00,"","info","Output Group 2","","Sequential shutdown scheduled","00001016","","","Open"
2022-07-16T13:14:19.089000+00:00,"","info","Output Group 1","","Sequential shutdown scheduled","00001016","","","Open"
2022-07-16T13:14:18.921000+00:00,"","info","Output","","Sequential shutdown scheduled","00001016","","","Open"
2022-07-16T13:14:18.581000+00:00,"","warning","Eaton 9PX3000i RT 2U","","Battery discharging","00000603","","","Open"
2022-07-16T13:14:16.483000+00:00,"","warning","Eaton 9PX3000i RT 2U","","Bypass phase in range","00000200","","","Closed"
2022-07-16T13:14:13.702000+00:00,"","warning","Eaton 9PX3000i RT 2U","","Bypass phase out range","00000200","","","Open"
2022-07-16T12:53:37.648000+00:00,"","info","Output Group 2","","Sequential shutdown canceled","00001016","","","Closed"
2022-07-16T12:53:37.636000+00:00,"","info","Output Group 1","","Sequential shutdown canceled","00001016","","","Closed"
2022-07-16T12:53:37.490000+00:00,"","info","Output","","Sequential shutdown canceled","00001016","","","Closed"
2022-07-16T12:53:37.102000+00:00,"","warning","Eaton 9PX3000i RT 2U","","End of UPS battery discharge","00000603","","","Closed"
2022-07-16T12:53:35.002000+00:00,"","warning","Eaton 9PX3000i RT 2U","","Bypass phase in range","00000200","","","Closed"
2022-07-16T12:53:32.575000+00:00,"","warning","Eaton 9PX3000i RT 2U","","Bypass phase out range","00000200","","","Open"
2022-07-16T12:53:29.816000+00:00,"","warning","Eaton 9PX3000i RT 2U","","Bypass phase in range","00000200","","","Closed"
2022-07-16T12:53:27.285000+00:00,"","warning","Eaton 9PX3000i RT 2U","","Bypass phase out range","00000200","","","Open"
2022-07-16T12:53:26.825000+00:00,"","info","Output Group 2","","Sequential shutdown scheduled","00001016","","","Open"
2022-07-16T12:53:26.743000+00:00,"","info","Output Group 1","","Sequential shutdown scheduled","00001016","","","Open"
2022-07-16T12:53:26.589000+00:00,"","info","Output","","Sequential shutdown scheduled","00001016","","","Open"
2022-07-16T12:53:26.181000+00:00,"","warning","Eaton 9PX3000i RT 2U","","Battery discharging","00000603","","","Open"
2022-07-15T07:03:33.536000+00:00,"","info","Output Group 2","","Sequential shutdown canceled","00001016","","","Closed"
2022-07-15T07:03:33.525000+00:00,"","info","Output Group 1","","Sequential shutdown canceled","00001016","","","Closed"
2022-07-15T07:03:33.380000+00:00,"","info","Output","","Sequential shutdown canceled","00001016","","","Closed"
2022-07-15T07:03:33.002000+00:00,"","warning","Eaton 9PX3000i RT 2U","","End of UPS battery discharge","00000603","","","Closed"
2022-07-15T07:03:31.022000+00:00,"","warning","Eaton 9PX3000i RT 2U","","Bypass phase in range","00000200","","","Closed"
2022-07-15T07:03:30.291000+00:00,"","warning","Eaton 9PX3000i RT 2U","","Battery discharging","00000603","","","Open"
2022-07-15T07:03:28.195000+00:00,"","warning","Eaton 9PX3000i RT 2U","","Bypass phase out range","00000200","","","Open"
2022-07-15T07:03:27.586000+00:00,"","info","Output Group 2","","Sequential shutdown scheduled","00001016","","","Open"
2022-07-15T07:03:27.413000+00:00,"","info","Output Group 1","","Sequential shutdown scheduled","00001016","","","Open"
2022-07-15T07:03:27.224000+00:00,"","info","Output","","Sequential shutdown scheduled","00001016","","","Open"
2022-07-15T07:00:43.791000+00:00,"","info","Output Group 2","","Sequential shutdown canceled","00001016","","","Closed"
2022-07-15T07:00:43.775000+00:00,"","info","Output Group 1","","Sequential shutdown canceled","00001016","","","Closed"
2022-07-15T07:00:43.582000+00:00,"","info","Output","","Sequential shutdown canceled","00001016","","","Closed"
2022-07-15T07:00:43.149000+00:00,"","warning","Eaton 9PX3000i RT 2U","","End of UPS battery discharge","00000603","","","Closed"
2022-07-15T07:00:41.031000+00:00,"","warning","Eaton 9PX3000i RT 2U","","Bypass phase in range","00000200","","","Closed"
2022-07-15T07:00:38.457000+00:00,"","warning","Eaton 9PX3000i RT 2U","","Bypass phase out range","00000200","","","Open"
2022-07-15T07:00:38.113000+00:00,"","info","Output Group 2","","Sequential shutdown scheduled","00001016","","","Open"
2022-07-15T07:00:38.032000+00:00,"","info","Output Group 1","","Sequential shutdown scheduled","00001016","","","Open"
2022-07-15T07:00:37.884000+00:00,"","info","Output","","Sequential shutdown scheduled","00001016","","","Open"
2022-07-15T07:00:37.567000+00:00,"","warning","Eaton 9PX3000i RT 2U","","Battery discharging","00000603","","","Open"
2022-07-15T07:00:35.548000+00:00,"","warning","Eaton 9PX3000i RT 2U","","Bypass phase in range","00000200","","","Closed"
2022-07-15T07:00:33.172000+00:00,"","warning","Eaton 9PX3000i RT 2U","","Bypass phase out range","00000200","","","Open"
2022-07-14T20:17:19.415000+00:00,"","warning","Eaton 9PX3000i RT 2U","","Bypass phase in range","00000200","","","Closed"
2022-07-14T20:17:16.744000+00:00,"","warning","Eaton 9PX3000i RT 2U","","Bypass phase out range","00000200","","","Open"
2022-07-14T20:17:13.882000+00:00,"","warning","Eaton 9PX3000i RT 2U","","Bypass phase in range","00000200","","","Closed"
2022-07-14T20:17:11.182000+00:00,"","warning","Eaton 9PX3000i RT 2U","","Bypass phase out range","00000200","","","Open"
2022-07-14T20:14:12.447000+00:00,"","info","Output Group 2","","Sequential shutdown canceled","00001016","","","Closed"
2022-07-14T20:14:12.431000+00:00,"","info","Output Group 1","","Sequential shutdown canceled","00001016","","","Closed"
2022-07-14T20:14:12.290000+00:00,"","info","Output","","Sequential shutdown canceled","00001016","","","Closed"
2022-07-14T20:14:11.887000+00:00,"","warning","Eaton 9PX3000i RT 2U","","End of UPS battery discharge","00000603","","","Closed"
2022-07-14T20:14:09.760000+00:00,"","warning","Eaton 9PX3000i RT 2U","","Bypass phase in range","00000200","","","Closed"
2022-07-14T20:14:07.178000+00:00,"","warning","Eaton 9PX3000i RT 2U","","Bypass phase out range","00000200","","","Open"
2022-07-14T20:14:06.745000+00:00,"","info","Output Group 2","","Sequential shutdown scheduled","00001016","","","Open"
2022-07-14T20:14:06.616000+00:00,"","info","Output Group 1","","Sequential shutdown scheduled","00001016","","","Open"
2022-07-14T20:14:06.409000+00:00,"","info","Output","","Sequential shutdown scheduled","00001016","","","Open"
2022-07-14T20:14:06.124000+00:00,"","warning","Eaton 9PX3000i RT 2U","","Battery discharging","00000603","","","Open"
2022-07-14T20:14:04.088000+00:00,"","warning","Eaton 9PX3000i RT 2U","","Bypass phase in range","00000200","","","Closed"
2022-07-14T20:14:01.530000+00:00,"","warning","Eaton 9PX3000i RT 2U","","Bypass phase out range","00000200","","","Open"
2022-07-14T20:13:40.418000+00:00,"","warning","Eaton 9PX3000i RT 2U","","Bypass phase in range","00000200","","","Closed"
2022-07-14T20:13:40.058000+00:00,"","info","Output Group 2","","Sequential shutdown canceled","00001016","","","Closed"
2022-07-14T20:13:40.018000+00:00,"","info","Output Group 1","","Sequential shutdown canceled","00001016","","","Closed"
2022-07-14T20:13:39.894000+00:00,"","info","Output","","Sequential shutdown canceled","00001016","","","Closed"
2022-07-14T20:13:39.500000+00:00,"","warning","Eaton 9PX3000i RT 2U","","End of UPS battery discharge","00000603","","","Closed"
2022-07-14T20:13:37.298000+00:00,"","warning","Eaton 9PX3000i RT 2U","","Bypass phase out range","00000200","","","Open"
2022-07-14T20:13:36.889000+00:00,"","info","Output Group 2","","Sequential shutdown scheduled","00001016","","","Open"
2022-07-14T20:13:36.797000+00:00,"","info","Output Group 1","","Sequential shutdown scheduled","00001016","","","Open"
2022-07-14T20:13:36.627000+00:00,"","info","Output","","Sequential shutdown scheduled","00001016","","","Open"
2022-07-14T20:13:36.286000+00:00,"","warning","Eaton 9PX3000i RT 2U","","Battery discharging","00000603","","","Open"
2022-07-14T20:13:31.489000+00:00,"","warning","Eaton 9PX3000i RT 2U","","Bypass phase in range","00000200","","","Closed"
2022-07-14T20:13:28.789000+00:00,"","warning","Eaton 9PX3000i RT 2U","","Bypass phase out range","00000200","","","Open"
2022-07-14T14:30:19.036000+00:00,"","info","Output Group 2","","Sequential shutdown canceled","00001016","","","Closed"
2022-07-14T14:30:19.022000+00:00,"","info","Output Group 1","","Sequential shutdown canceled","00001016","","","Closed"
2022-07-14T14:30:18.889000+00:00,"","info","Output","","Sequential shutdown canceled","00001016","","","Closed"
2022-07-14T14:30:18.488000+00:00,"","warning","Eaton 9PX3000i RT 2U","","End of UPS battery discharge","00000603","","","Closed"
2022-07-14T14:30:16.693000+00:00,"","warning","Eaton 9PX3000i RT 2U","","Bypass phase in range","00000200","","","Closed"
2022-07-14T14:30:13.790000+00:00,"","warning","Eaton 9PX3000i RT 2U","","Bypass phase out range","00000200","","","Open"
2022-07-14T14:30:13.344000+00:00,"","info","Output Group 2","","Sequential shutdown scheduled","00001016","","","Open"
2022-07-14T14:30:13.263000+00:00,"","info","Output Group 1","","Sequential shutdown scheduled","00001016","","","Open"
2022-07-14T14:30:13.110000+00:00,"","info","Output","","Sequential shutdown scheduled","00001016","","","Open"
2022-07-14T14:30:12.772000+00:00,"","warning","Eaton 9PX3000i RT 2U","","Battery discharging","00000603","","","Open"
2022-07-14T14:30:10.817000+00:00,"","warning","Eaton 9PX3000i RT 2U","","Bypass phase in range","00000200","","","Closed"
2022-07-14T14:30:08.010000+00:00,"","warning","Eaton 9PX3000i RT 2U","","Bypass phase out range","00000200","","","Open"
2022-07-14T07:02:17.837000+00:00,"","info","Output Group 2","","Sequential shutdown canceled","00001016","","","Closed"
2022-07-14T07:02:17.823000+00:00,"","info","Output Group 1","","Sequential shutdown canceled","00001016","","","Closed"
2022-07-14T07:02:17.680000+00:00,"","info","Output","","Sequential shutdown canceled","00001016","","","Closed"
2022-07-14T07:02:17.260000+00:00,"","warning","Eaton 9PX3000i RT 2U","","End of UPS battery discharge","00000603","","","Closed"
2022-07-14T07:02:15.528000+00:00,"","warning","Eaton 9PX3000i RT 2U","","Bypass phase in range","00000200","","","Closed"
2022-07-14T07:02:12.301000+00:00,"","warning","Eaton 9PX3000i RT 2U","","Bypass phase out range","00000200","","","Open"
2022-07-14T07:02:11.841000+00:00,"","info","Output Group 2","","Sequential shutdown scheduled","00001016","","","Open"
2022-07-14T07:02:11.753000+00:00,"","info","Output Group 1","","Sequential shutdown scheduled","00001016","","","Open"
2022-07-14T07:02:11.588000+00:00,"","info","Output","","Sequential shutdown scheduled","00001016","","","Open"
2022-07-14T07:02:11.266000+00:00,"","warning","Eaton 9PX3000i RT 2U","","Battery discharging","00000603","","","Open"
2022-07-14T07:02:09.390000+00:00,"","warning","Eaton 9PX3000i RT 2U","","Bypass phase in range","00000200","","","Closed"
2022-07-14T07:02:06.302000+00:00,"","warning","Eaton 9PX3000i RT 2U","","Bypass phase out range","00000200","","","Open"
2022-07-13T20:31:17.929000+00:00,"","info","Output Group 2","","Sequential shutdown canceled","00001016","","","Closed"
2022-07-13T20:31:17.917000+00:00,"","info","Output Group 1","","Sequential shutdown canceled","00001016","","","Closed"
2022-07-13T20:31:17.784000+00:00,"","info","Output","","Sequential shutdown canceled","00001016","","","Closed"
2022-07-13T20:31:17.375000+00:00,"","warning","Eaton 9PX3000i RT 2U","","End of UPS battery discharge","00000603","","","Closed"
2022-07-13T20:31:15.231000+00:00,"","warning","Eaton 9PX3000i RT 2U","","Bypass phase in range","00000200","","","Closed"
2022-07-13T20:31:12.783000+00:00,"","warning","Eaton 9PX3000i RT 2U","","Bypass phase out range","00000200","","","Open"
2022-07-13T20:31:12.413000+00:00,"","info","Output Group 2","","Sequential shutdown scheduled","00001016","","","Open"
2022-07-13T20:31:12.275000+00:00,"","info","Output Group 1","","Sequential shutdown scheduled","00001016","","","Open"
2022-07-13T20:31:12.098000+00:00,"","info","Output","","Sequential shutdown scheduled","00001016","","","Open"
2022-07-13T20:31:11.820000+00:00,"","warning","Eaton 9PX3000i RT 2U","","Battery discharging","00000603","","","Open"
2022-07-13T20:31:09.631000+00:00,"","warning","Eaton 9PX3000i RT 2U","","Bypass phase in range","00000200","","","Closed"
2022-07-13T20:31:07.113000+00:00,"","warning","Eaton 9PX3000i RT 2U","","Bypass phase out range","00000200","","","Open"
2022-07-13T20:28:13.934000+00:00,"","info","Output Group 2","","Sequential shutdown canceled","00001016","","","Closed"
2022-07-13T20:28:13.921000+00:00,"","info","Output Group 1","","Sequential shutdown canceled","00001016","","","Closed"
2022-07-13T20:28:13.799000+00:00,"","info","Output","","Sequential shutdown canceled","00001016","","","Closed"
2022-07-13T20:28:13.439000+00:00,"","warning","Eaton 9PX3000i RT 2U","","End of UPS battery discharge","00000603","","","Closed"
2022-07-13T20:28:11.158000+00:00,"","warning","Eaton 9PX3000i RT 2U","","Bypass phase in range","00000200","","","Closed"
2022-07-13T20:28:08.519000+00:00,"","warning","Eaton 9PX3000i RT 2U","","Bypass phase out range","00000200","","","Open"
2022-07-13T20:28:08.126000+00:00,"","info","Output Group 2","","Sequential shutdown scheduled","00001016","","","Open"
2022-07-13T20:28:07.999000+00:00,"","info","Output Group 1","","Sequential shutdown scheduled","00001016","","","Open"
2022-07-13T20:28:07.817000+00:00,"","info","Output","","Sequential shutdown scheduled","00001016","","","Open"
2022-07-13T20:28:07.520000+00:00,"","warning","Eaton 9PX3000i RT 2U","","Battery discharging","00000603","","","Open"
2022-07-13T20:28:05.485000+00:00,"","warning","Eaton 9PX3000i RT 2U","","Bypass phase in range","00000200","","","Closed"
2022-07-13T20:28:02.967000+00:00,"","warning","Eaton 9PX3000i RT 2U","","Bypass phase out range","00000200","","","Open"
2022-07-13T20:27:44.227000+00:00,"","info","Output Group 2","","Sequential shutdown canceled","00001016","","","Closed"
2022-07-13T20:27:44.215000+00:00,"","info","Output Group 1","","Sequential shutdown canceled","00001016","","","Closed"
2022-07-13T20:27:44.097000+00:00,"","info","Output","","Sequential shutdown canceled","00001016","","","Closed"
2022-07-13T20:27:43.631000+00:00,"","warning","Eaton 9PX3000i RT 2U","","End of UPS battery discharge","00000603","","","Closed"
2022-07-13T20:27:41.817000+00:00,"","warning","Eaton 9PX3000i RT 2U","","Bypass phase in range","00000200","","","Closed"
2022-07-13T20:27:39.203000+00:00,"","warning","Eaton 9PX3000i RT 2U","","Bypass phase out range","00000200","","","Open"
2022-07-13T20:27:38.799000+00:00,"","info","Output Group 2","","Sequential shutdown scheduled","00001016","","","Open"
2022-07-13T20:27:38.714000+00:00,"","info","Output Group 1","","Sequential shutdown scheduled","00001016","","","Open"
2022-07-13T20:27:38.565000+00:00,"","info","Output","","Sequential shutdown scheduled","00001016","","","Open"
2022-07-13T20:27:38.204000+00:00,"","warning","Eaton 9PX3000i RT 2U","","Battery discharging","00000603","","","Open"
2022-07-13T20:27:36.328000+00:00,"","warning","Eaton 9PX3000i RT 2U","","Bypass phase in range","00000200","","","Closed"
2022-07-13T20:27:31.063000+00:00,"","warning","Eaton 9PX3000i RT 2U","","Bypass phase out range","00000200","","","Open"
2022-07-13T19:21:24.729000+00:00,"","info","Output Group 2","","Sequential shutdown canceled","00001016","","","Closed"
2022-07-13T19:21:24.717000+00:00,"","info","Output Group 1","","Sequential shutdown canceled","00001016","","","Closed"
2022-07-13T19:21:24.570000+00:00,"","info","Output","","Sequential shutdown canceled","00001016","","","Closed"
2022-07-13T19:21:24.175000+00:00,"","warning","Eaton 9PX3000i RT 2U","","End of UPS battery discharge","00000603","","","Closed"
2022-07-13T19:21:22.138000+00:00,"","warning","Eaton 9PX3000i RT 2U","","Bypass phase in range","00000200","","","Closed"
2022-07-13T19:21:19.589000+00:00,"","warning","Eaton 9PX3000i RT 2U","","Bypass phase out range","00000200","","","Open"
2022-07-13T19:21:19.016000+00:00,"","info","Output Group 2","","Sequential shutdown scheduled","00001016","","","Open"
2022-07-13T19:21:18.920000+00:00,"","info","Output Group 1","","Sequential shutdown scheduled","00001016","","","Open"
2022-07-13T19:21:18.685000+00:00,"","info","Output","","Sequential shutdown scheduled","00001016","","","Open"
2022-07-13T19:21:18.259000+00:00,"","warning","Eaton 9PX3000i RT 2U","","Battery discharging","00000603","","","Open"
2022-07-13T19:21:15.974000+00:00,"","warning","Eaton 9PX3000i RT 2U","","Bypass phase in range","00000200","","","Closed"
2022-07-13T19:21:13.335000+00:00,"","warning","Eaton 9PX3000i RT 2U","","Bypass phase out range","00000200","","","Open"
2022-07-13T18:35:19.288000+00:00,"","warning","Eaton 9PX3000i RT 2U","","Bypass phase in range","00000200","","","Closed"
2022-07-13T18:35:16.711000+00:00,"","warning","Eaton 9PX3000i RT 2U","","Bypass phase out range","00000200","","","Open"
2022-07-13T18:35:11.389000+00:00,"","warning","Eaton 9PX3000i RT 2U","","Bypass phase in range","00000200","","","Closed"
2022-07-13T18:35:08.550000+00:00,"","warning","Eaton 9PX3000i RT 2U","","Bypass phase out range","00000200","","","Open"
2022-07-13T17:43:47.369000+00:00,"","info","Output Group 2","","Sequential shutdown canceled","00001016","","","Closed"
2022-07-13T17:43:47.357000+00:00,"","info","Output Group 1","","Sequential shutdown canceled","00001016","","","Closed"
2022-07-13T17:43:47.210000+00:00,"","info","Output","","Sequential shutdown canceled","00001016","","","Closed"
2022-07-13T17:43:46.811000+00:00,"","warning","Eaton 9PX3000i RT 2U","","End of UPS battery discharge","00000603","","","Closed"
2022-07-13T17:43:44.935000+00:00,"","warning","Eaton 9PX3000i RT 2U","","Bypass phase in range","00000200","","","Closed"
2022-07-13T17:43:44.169000+00:00,"","warning","Eaton 9PX3000i RT 2U","","Battery discharging","00000603","","","Open"
2022-07-13T17:43:42.131000+00:00,"","warning","Eaton 9PX3000i RT 2U","","Bypass phase out range","00000200","","","Open"
2022-07-13T17:43:41.744000+00:00,"","info","Output Group 2","","Sequential shutdown scheduled","00001016","","","Open"
2022-07-13T17:43:41.667000+00:00,"","info","Output Group 1","","Sequential shutdown scheduled","00001016","","","Open"
2022-07-13T17:43:41.534000+00:00,"","info","Output","","Sequential shutdown scheduled","00001016","","","Open"
2022-07-13T17:43:39.254000+00:00,"","warning","Eaton 9PX3000i RT 2U","","Bypass phase in range","00000200","","","Closed"
2022-07-13T17:43:36.184000+00:00,"","warning","Eaton 9PX3000i RT 2U","","Bypass phase out range","00000200","","","Open"
2022-07-13T14:21:29.596000+00:00,"","info","Output Group 2","","Sequential shutdown canceled","00001016","","","Closed"
2022-07-13T14:21:29.553000+00:00,"","info","Output Group 1","","Sequential shutdown canceled","00001016","","","Closed"
2022-07-13T14:21:29.421000+00:00,"","info","Output","","Sequential shutdown canceled","00001016","","","Closed"
2022-07-13T14:21:29.025000+00:00,"","warning","Eaton 9PX3000i RT 2U","","End of UPS battery discharge","00000603","","","Closed"
2022-07-13T14:21:27.109000+00:00,"","warning","Eaton 9PX3000i RT 2U","","Bypass phase in range","00000200","","","Closed"
2022-07-13T14:21:26.305000+00:00,"","warning","Eaton 9PX3000i RT 2U","","Battery discharging","00000603","","","Open"
2022-07-13T14:21:24.288000+00:00,"","warning","Eaton 9PX3000i RT 2U","","Bypass phase out range","00000200","","","Open"
2022-07-13T14:21:23.904000+00:00,"","info","Output Group 2","","Sequential shutdown scheduled","00001016","","","Open"
2022-07-13T14:21:23.789000+00:00,"","info","Output Group 1","","Sequential shutdown scheduled","00001016","","","Open"
2022-07-13T14:21:23.567000+00:00,"","info","Output","","Sequential shutdown scheduled","00001016","","","Open"
2022-07-13T14:21:21.380000+00:00,"","warning","Eaton 9PX3000i RT 2U","","Bypass phase in range","00000200","","","Closed"
2022-07-13T14:21:18.740000+00:00,"","warning","Eaton 9PX3000i RT 2U","","Bypass phase out range","00000200","","","Open"
2022-07-12T19:20:39.390000+00:00,"","warning","Eaton 9PX3000i RT 2U","","Bypass phase in range","00000200","","","Closed"
2022-07-12T19:20:38.980000+00:00,"","info","Output Group 2","","Sequential shutdown canceled","00001016","","","Closed"
2022-07-12T19:20:38.967000+00:00,"","info","Output Group 1","","Sequential shutdown canceled","00001016","","","Closed"
2022-07-12T19:20:38.850000+00:00,"","info","Output","","Sequential shutdown canceled","00001016","","","Closed"
2022-07-12T19:20:38.449000+00:00,"","warning","Eaton 9PX3000i RT 2U","","End of UPS battery discharge","00000603","","","Closed"
2022-07-12T19:20:36.148000+00:00,"","warning","Eaton 9PX3000i RT 2U","","Bypass available","00000201","","","Closed"
2022-07-12T19:20:35.825000+00:00,"","info","Output Group 2","","Sequential shutdown scheduled","00001016","","","Open"
2022-07-12T19:20:35.735000+00:00,"","info","Output Group 1","","Sequential shutdown scheduled","00001016","","","Open"
2022-07-12T19:20:35.519000+00:00,"","info","Output","","Sequential shutdown scheduled","00001016","","","Open"
2022-07-12T19:20:35.202000+00:00,"","warning","Eaton 9PX3000i RT 2U","","Battery discharging","00000603","","","Open"
2022-07-12T19:20:33.223000+00:00,"","warning","Eaton 9PX3000i RT 2U","","Bypass not available","00000201","","","Open"
2022-07-12T19:20:27.808000+00:00,"","warning","Eaton 9PX3000i RT 2U","","Bypass phase out range","00000200","","","Open"
2022-07-12T19:17:38.795000+00:00,"","info","Output Group 2","","Sequential shutdown canceled","00001016","","","Closed"
2022-07-12T19:17:38.783000+00:00,"","info","Output Group 1","","Sequential shutdown canceled","00001016","","","Closed"
2022-07-12T19:17:38.661000+00:00,"","info","Output","","Sequential shutdown canceled","00001016","","","Closed"
2022-07-12T19:17:38.223000+00:00,"","warning","Eaton 9PX3000i RT 2U","","End of UPS battery discharge","00000603","","","Closed"
2022-07-12T19:17:33.539000+00:00,"","info","Output Group 2","","Sequential shutdown scheduled","00001016","","","Open"
2022-07-12T19:17:33.475000+00:00,"","info","Output Group 1","","Sequential shutdown scheduled","00001016","","","Open"
2022-07-12T19:17:33.324000+00:00,"","info","Output","","Sequential shutdown scheduled","00001016","","","Open"
2022-07-12T19:17:33.002000+00:00,"","warning","Eaton 9PX3000i RT 2U","","Battery discharging","00000603","","","Open"
2022-07-12T19:17:30.982000+00:00,"","warning","Eaton 9PX3000i RT 2U","","Bypass phase in range","00000200","","","Closed"
2022-07-12T19:17:28.118000+00:00,"","warning","Eaton 9PX3000i RT 2U","","Bypass phase out range","00000200","","","Open"
2022-07-12T19:17:04.490000+00:00,"","warning","Eaton 9PX3000i RT 2U","","Bypass phase in range","00000200","","","Closed"
2022-07-12T19:17:01.610000+00:00,"","warning","Eaton 9PX3000i RT 2U","","Bypass phase out range","00000200","","","Open"
2022-07-12T19:16:59.067000+00:00,"","warning","Eaton 9PX3000i RT 2U","","Bypass phase in range","00000200","","","Closed"
2022-07-12T19:16:56.225000+00:00,"","warning","Eaton 9PX3000i RT 2U","","Bypass phase out range","00000200","","","Open"
2022-07-12T13:41:58.875000+00:00,"","info","Output Group 2","","Sequential shutdown canceled","00001016","","","Closed"
2022-07-12T13:41:58.863000+00:00,"","info","Output Group 1","","Sequential shutdown canceled","00001016","","","Closed"
2022-07-12T13:41:58.750000+00:00,"","info","Output","","Sequential shutdown canceled","00001016","","","Closed"
2022-07-12T13:41:58.374000+00:00,"","warning","Eaton 9PX3000i RT 2U","","End of UPS battery discharge","00000603","","","Closed"
2022-07-12T13:41:56.355000+00:00,"","warning","Eaton 9PX3000i RT 2U","","Bypass phase in range","00000200","","","Closed"
2022-07-12T13:41:53.434000+00:00,"","warning","Eaton 9PX3000i RT 2U","","Bypass phase out range","00000200","","","Open"
2022-07-12T13:41:52.994000+00:00,"","info","Output Group 2","","Sequential shutdown scheduled","00001016","","","Open"
2022-07-12T13:41:52.901000+00:00,"","info","Output Group 1","","Sequential shutdown scheduled","00001016","","","Open"
2022-07-12T13:41:52.741000+00:00,"","info","Output","","Sequential shutdown scheduled","00001016","","","Open"
2022-07-12T13:41:52.497000+00:00,"","warning","Eaton 9PX3000i RT 2U","","Battery discharging","00000603","","","Open"
2022-07-12T13:41:47.903000+00:00,"","warning","Eaton 9PX3000i RT 2U","","Bypass phase in range","00000200","","","Closed"
2022-07-12T13:41:45.405000+00:00,"","warning","Eaton 9PX3000i RT 2U","","Bypass phase out range","00000200","","","Open"
2022-07-12T13:38:11.161000+00:00,"","warning","Eaton 9PX3000i RT 2U","","End of UPS battery discharge","00000603","","","Closed"
2022-07-12T13:38:09.105000+00:00,"","warning","Eaton 9PX3000i RT 2U","","Bypass phase in range","00000200","","","Closed"
2022-07-12T13:38:08.781000+00:00,"","info","Output Group 2","","Sequential shutdown canceled","00001016","","","Closed"
2022-07-12T13:38:08.766000+00:00,"","info","Output Group 1","","Sequential shutdown canceled","00001016","","","Closed"
2022-07-12T13:38:08.647000+00:00,"","info","Output","","Sequential shutdown canceled","00001016","","","Closed"
2022-07-12T13:38:06.154000+00:00,"","info","Output Group 2","","Sequential shutdown scheduled","00001016","","","Open"
2022-07-12T13:38:06.029000+00:00,"","info","Output Group 1","","Sequential shutdown scheduled","00001016","","","Open"
2022-07-12T13:38:05.852000+00:00,"","info","Output","","Sequential shutdown scheduled","00001016","","","Open"
2022-07-12T13:38:05.572000+00:00,"","warning","Eaton 9PX3000i RT 2U","","Battery discharging","00000603","","","Open"
2022-07-12T13:37:58.157000+00:00,"","warning","Eaton 9PX3000i RT 2U","","Bypass phase out range","00000200","","","Open"
2022-07-12T13:37:39.927000+00:00,"","info","Output Group 2","","Sequential shutdown canceled","00001016","","","Closed"
2022-07-12T13:37:39.911000+00:00,"","info","Output Group 1","","Sequential shutdown canceled","00001016","","","Closed"
2022-07-12T13:37:39.761000+00:00,"","info","Output","","Sequential shutdown canceled","00001016","","","Closed"
2022-07-12T13:37:39.339000+00:00,"","warning","Eaton 9PX3000i RT 2U","","End of UPS battery discharge","00000603","","","Closed"
2022-07-12T13:37:37.013000+00:00,"","warning","Eaton 9PX3000i RT 2U","","Bypass phase in range","00000200","","","Closed"
2022-07-12T13:37:34.357000+00:00,"","warning","Eaton 9PX3000i RT 2U","","Bypass phase out range","00000200","","","Open"
2022-07-12T13:37:33.898000+00:00,"","info","Output Group 2","","Sequential shutdown scheduled","00001016","","","Open"
2022-07-12T13:37:33.812000+00:00,"","info","Output Group 1","","Sequential shutdown scheduled","00001016","","","Open"
2022-07-12T13:37:33.644000+00:00,"","info","Output","","Sequential shutdown scheduled","00001016","","","Open"
2022-07-12T13:37:33.302000+00:00,"","warning","Eaton 9PX3000i RT 2U","","Battery discharging","00000603","","","Open"
2022-07-12T13:37:28.748000+00:00,"","warning","Eaton 9PX3000i RT 2U","","Bypass phase in range","00000200","","","Closed"
2022-07-12T13:37:25.624000+00:00,"","warning","Eaton 9PX3000i RT 2U","","Bypass phase out range","00000200","","","Open"
2022-07-12T11:09:50.222000+00:00,"","warning","Eaton 9PX3000i RT 2U","","Bypass phase in range","00000200","","","Closed"
2022-07-12T11:09:47.604000+00:00,"","warning","Eaton 9PX3000i RT 2U","","Bypass phase out range","00000200","","","Open"
2022-07-12T11:09:44.961000+00:00,"","warning","Eaton 9PX3000i RT 2U","","Bypass phase in range","00000200","","","Closed"
2022-07-12T11:09:42.142000+00:00,"","warning","Eaton 9PX3000i RT 2U","","Bypass phase out range","00000200","","","Open"
2022-07-11T19:33:22.147000+00:00,"","info","Output Group 2","","Sequential shutdown canceled","00001016","","","Closed"
2022-07-11T19:33:22.132000+00:00,"","info","Output Group 1","","Sequential shutdown canceled","00001016","","","Closed"
2022-07-11T19:33:21.981000+00:00,"","info","Output","","Sequential shutdown canceled","00001016","","","Closed"
2022-07-11T19:33:21.553000+00:00,"","warning","Eaton 9PX3000i RT 2U","","End of UPS battery discharge","00000603","","","Closed"
2022-07-11T19:33:19.269000+00:00,"","warning","Eaton 9PX3000i RT 2U","","Bypass phase in range","00000200","","","Closed"
2022-07-11T19:33:16.396000+00:00,"","info","Output Group 2","","Sequential shutdown scheduled","00001016","","","Open"
2022-07-11T19:33:16.267000+00:00,"","info","Output Group 1","","Sequential shutdown scheduled","00001016","","","Open"
2022-07-11T19:33:16.097000+00:00,"","info","Output","","Sequential shutdown scheduled","00001016","","","Open"
2022-07-11T19:33:15.813000+00:00,"","warning","Eaton 9PX3000i RT 2U","","Battery discharging","00000603","","","Open"
2022-07-11T19:33:11.241000+00:00,"","warning","Eaton 9PX3000i RT 2U","","Bypass phase out range","00000200","","","Open"
2022-07-11T19:30:23.659000+00:00,"","warning","Eaton 9PX3000i RT 2U","","End of UPS battery discharge","00000603","","","Closed"
2022-07-11T19:30:21.461000+00:00,"","warning","Eaton 9PX3000i RT 2U","","Bypass phase in range","00000200","","","Closed"
2022-07-11T19:30:21.114000+00:00,"","info","Output Group 2","","Sequential shutdown canceled","00001016","","","Closed"
2022-07-11T19:30:21.105000+00:00,"","info","Output Group 1","","Sequential shutdown canceled","00001016","","","Closed"
2022-07-11T19:30:20.966000+00:00,"","info","Output","","Sequential shutdown canceled","00001016","","","Closed"
2022-07-11T19:30:18.545000+00:00,"","info","Output Group 2","","Sequential shutdown scheduled","00001016","","","Open"
2022-07-11T19:30:18.423000+00:00,"","info","Output Group 1","","Sequential shutdown scheduled","00001016","","","Open"
2022-07-11T19:30:18.248000+00:00,"","info","Output","","Sequential shutdown scheduled","00001016","","","Open"
2022-07-11T19:30:17.945000+00:00,"","warning","Eaton 9PX3000i RT 2U","","Battery discharging","00000603","","","Open"
2022-07-11T19:30:10.541000+00:00,"","warning","Eaton 9PX3000i RT 2U","","Bypass phase out range","00000200","","","Open"
2022-07-11T19:29:51.848000+00:00,"","info","Output Group 2","","Sequential shutdown canceled","00001016","","","Closed"
2022-07-11T19:29:51.837000+00:00,"","info","Output Group 1","","Sequential shutdown canceled","00001016","","","Closed"
2022-07-11T19:29:51.698000+00:00,"","info","Output","","Sequential shutdown canceled","00001016","","","Closed"
2022-07-11T19:29:51.318000+00:00,"","warning","Eaton 9PX3000i RT 2U","","End of UPS battery discharge","00000603","","","Closed"
2022-07-11T19:29:49.261000+00:00,"","warning","Eaton 9PX3000i RT 2U","","Bypass phase in range","00000200","","","Closed"
2022-07-11T19:29:46.482000+00:00,"","warning","Eaton 9PX3000i RT 2U","","Bypass phase out range","00000200","","","Open"
2022-07-11T19:29:45.952000+00:00,"","info","Output Group 2","","Sequential shutdown scheduled","00001016","","","Open"
2022-07-11T19:29:45.845000+00:00,"","info","Output Group 1","","Sequential shutdown scheduled","00001016","","","Open"
2022-07-11T19:29:45.632000+00:00,"","info","Output","","Sequential shutdown scheduled","00001016","","","Open"
2022-07-11T19:29:45.244000+00:00,"","warning","Eaton 9PX3000i RT 2U","","Battery discharging","00000603","","","Open"
2022-07-11T19:29:43.225000+00:00,"","warning","Eaton 9PX3000i RT 2U","","Bypass phase in range","00000200","","","Closed"
2022-07-11T19:29:40.766000+00:00,"","warning","Eaton 9PX3000i RT 2U","","Bypass phase out range","00000200","","","Open"
2022-07-11T16:57:21.621000+00:00,"","info","Output Group 2","","Sequential shutdown canceled","00001016","","","Closed"
2022-07-11T16:57:21.604000+00:00,"","info","Output Group 1","","Sequential shutdown canceled","00001016","","","Closed"
2022-07-11T16:57:21.402000+00:00,"","info","Output","","Sequential shutdown canceled","00001016","","","Closed"
2022-07-11T16:57:20.999000+00:00,"","warning","Eaton 9PX3000i RT 2U","","End of UPS battery discharge","00000603","","","Closed"
2022-07-11T16:57:15.940000+00:00,"","info","Output Group 2","","Sequential shutdown scheduled","00001016","","","Open"
2022-07-11T16:57:15.875000+00:00,"","info","Output Group 1","","Sequential shutdown scheduled","00001016","","","Open"
2022-07-11T16:57:15.710000+00:00,"","info","Output","","Sequential shutdown scheduled","00001016","","","Open"
2022-07-11T16:57:15.429000+00:00,"","warning","Eaton 9PX3000i RT 2U","","Battery discharging","00000603","","","Open"
2022-07-11T16:56:49.639000+00:00,"","info","Output Group 2","","Sequential shutdown canceled","00001016","","","Closed"
2022-07-11T16:56:49.628000+00:00,"","info","Output Group 1","","Sequential shutdown canceled","00001016","","","Closed"
2022-07-11T16:56:49.482000+00:00,"","info","Output","","Sequential shutdown canceled","00001016","","","Closed"
2022-07-11T16:56:49.097000+00:00,"","warning","Eaton 9PX3000i RT 2U","","End of UPS battery discharge","00000603","","","Closed"
2022-07-11T16:56:44.159000+00:00,"","info","Output Group 2","","Sequential shutdown scheduled","00001016","","","Open"
2022-07-11T16:56:44.048000+00:00,"","info","Output Group 1","","Sequential shutdown scheduled","00001016","","","Open"
2022-07-11T16:56:43.825000+00:00,"","info","Output","","Sequential shutdown scheduled","00001016","","","Open"
2022-07-11T16:56:43.438000+00:00,"","warning","Eaton 9PX3000i RT 2U","","Battery discharging","00000603","","","Open"
2022-07-11T16:56:41.561000+00:00,"","warning","Eaton 9PX3000i RT 2U","","Bypass phase in range","00000200","","","Closed"
2022-07-11T16:56:36.223000+00:00,"","warning","Eaton 9PX3000i RT 2U","","Bypass phase out range","00000200","","","Open"
2022-07-11T10:38:38.786000+00:00,"","warning","Eaton 9PX3000i RT 2U","","Bypass phase in range","00000200","","","Closed"
2022-07-11T10:38:35.959000+00:00,"","warning","Eaton 9PX3000i RT 2U","","Bypass available","00000201","","","Closed"
2022-07-11T10:38:33.201000+00:00,"","warning","Eaton 9PX3000i RT 2U","","Bypass not available","00000201","","","Open"
2022-07-11T10:38:27.946000+00:00,"","warning","Eaton 9PX3000i RT 2U","","Bypass phase out range","00000200","","","Open"
2022-07-10T15:10:10.767000+00:00,"","info","Output Group 2","","Sequential shutdown canceled","00001016","","","Closed"
2022-07-10T15:10:10.747000+00:00,"","info","Output Group 1","","Sequential shutdown canceled","00001016","","","Closed"
2022-07-10T15:10:10.530000+00:00,"","info","Output","","Sequential shutdown canceled","00001016","","","Closed"
2022-07-10T15:10:10.092000+00:00,"","warning","Eaton 9PX3000i RT 2U","","End of UPS battery discharge","00000603","","","Closed"
2022-07-10T15:10:07.911000+00:00,"","warning","Eaton 9PX3000i RT 2U","","Bypass phase in range","00000200","","","Closed"
2022-07-10T15:10:05.350000+00:00,"","warning","Eaton 9PX3000i RT 2U","","Bypass phase out range","00000200","","","Open"
2022-07-10T15:10:05.010000+00:00,"","info","Output Group 2","","Sequential shutdown scheduled","00001016","","","Open"
2022-07-10T15:10:04.886000+00:00,"","info","Output Group 1","","Sequential shutdown scheduled","00001016","","","Open"
2022-07-10T15:10:04.714000+00:00,"","info","Output","","Sequential shutdown scheduled","00001016","","","Open"
2022-07-10T15:10:04.435000+00:00,"","warning","Eaton 9PX3000i RT 2U","","Battery discharging","00000603","","","Open"
2022-07-10T15:10:02.575000+00:00,"","warning","Eaton 9PX3000i RT 2U","","Bypass phase in range","00000200","","","Closed"
2022-07-10T15:09:59.913000+00:00,"","warning","Eaton 9PX3000i RT 2U","","Bypass phase out range","00000200","","","Open"
2022-07-10T15:09:28.204000+00:00,"","info","Output Group 2","","Sequential shutdown canceled","00001016","","","Closed"
2022-07-10T15:09:28.194000+00:00,"","info","Output Group 1","","Sequential shutdown canceled","00001016","","","Closed"
2022-07-10T15:09:28.042000+00:00,"","info","Output","","Sequential shutdown canceled","00001016","","","Closed"
2022-07-10T15:09:27.676000+00:00,"","warning","Eaton 9PX3000i RT 2U","","End of UPS battery discharge","00000603","","","Closed"
2022-07-10T15:09:25.518000+00:00,"","warning","Eaton 9PX3000i RT 2U","","Bypass phase in range","00000200","","","Closed"
2022-07-10T15:09:22.947000+00:00,"","warning","Eaton 9PX3000i RT 2U","","Bypass phase out range","00000200","","","Open"
2022-07-10T15:09:22.622000+00:00,"","info","Output Group 2","","Sequential shutdown scheduled","00001016","","","Open"
2022-07-10T15:09:22.490000+00:00,"","info","Output Group 1","","Sequential shutdown scheduled","00001016","","","Open"
2022-07-10T15:09:22.275000+00:00,"","info","Output","","Sequential shutdown scheduled","00001016","","","Open"
2022-07-10T15:09:21.991000+00:00,"","warning","Eaton 9PX3000i RT 2U","","Battery discharging","00000603","","","Open"
2022-07-10T15:09:19.622000+00:00,"","warning","Eaton 9PX3000i RT 2U","","Bypass phase in range","00000200","","","Closed"
2022-07-10T15:09:19.300000+00:00,"","info","Output Group 2","","Sequential shutdown canceled","00001016","","","Closed"
2022-07-10T15:09:19.281000+00:00,"","info","Output Group 1","","Sequential shutdown canceled","00001016","","","Closed"
2022-07-10T15:09:19.070000+00:00,"","info","Output","","Sequential shutdown canceled","00001016","","","Closed"
2022-07-10T15:09:18.656000+00:00,"","warning","Eaton 9PX3000i RT 2U","","End of UPS battery discharge","00000603","","","Closed"
2022-07-10T15:09:14.287000+00:00,"","warning","Eaton 9PX3000i RT 2U","","Bypass phase out range","00000200","","","Open"
2022-07-10T15:09:13.891000+00:00,"","info","Output Group 2","","Sequential shutdown scheduled","00001016","","","Open"
2022-07-10T15:09:13.782000+00:00,"","info","Output Group 1","","Sequential shutdown scheduled","00001016","","","Open"
2022-07-10T15:09:13.622000+00:00,"","info","Output","","Sequential shutdown scheduled","00001016","","","Open"
2022-07-10T15:09:13.324000+00:00,"","warning","Eaton 9PX3000i RT 2U","","Battery discharging","00000603","","","Open"
2022-07-10T15:09:11.366000+00:00,"","warning","Eaton 9PX3000i RT 2U","","Bypass phase in range","00000200","","","Closed"
2022-07-10T15:09:08.504000+00:00,"","warning","Eaton 9PX3000i RT 2U","","Bypass phase out range","00000200","","","Open"
2022-07-10T15:01:04.477000+00:00,"","warning","Eaton 9PX3000i RT 2U","","Bypass phase in range","00000200","","","Closed"
2022-07-10T15:01:01.662000+00:00,"","warning","Eaton 9PX3000i RT 2U","","Bypass voltage in range","00000209","","","Closed"
2022-07-10T15:01:01.421000+00:00,"","warning","Eaton 9PX3000i RT 2U","","Bypass available","00000201","","","Closed"
2022-07-10T15:01:01.371000+00:00,"","warning","Eaton 9PX3000i RT 2U","","Bypass frequency in range","00000206","","","Closed"
2022-07-10T15:01:01.190000+00:00,"","warning","Eaton 9PX3000i RT 2U","","Input AC voltage in range","00000108","","","Closed"
2022-07-10T15:01:01.072000+00:00,"","warning","Eaton 9PX3000i RT 2U","","Input AC present","00000106","","","Closed"
2022-07-10T15:01:00.914000+00:00,"","warning","Eaton 9PX3000i RT 2U","","Input AC frequency in range","00000104","","","Closed"
2022-07-10T15:01:00.590000+00:00,"","info","Output Group 2","","Sequential shutdown canceled","00001016","","","Closed"
2022-07-10T15:01:00.581000+00:00,"","info","Output Group 1","","Sequential shutdown canceled","00001016","","","Closed"
2022-07-10T15:01:00.415000+00:00,"","info","Output","","Sequential shutdown canceled","00001016","","","Closed"
2022-07-10T15:01:00.035000+00:00,"","warning","Eaton 9PX3000i RT 2U","","End of UPS battery discharge","00000603","","","Closed"
2022-07-10T15:00:59.929000+00:00,"","warning","Eaton 9PX3000i RT 2U","","No more on battery","00000001","","","Closed"
2022-07-10T14:54:41.694000+00:00,"","warning","Eaton 9PX3000i RT 2U","","Bypass voltage out of range","00000209","","","Open"
2022-07-10T14:54:41.501000+00:00,"","warning","Eaton 9PX3000i RT 2U","","Bypass phase out range","00000200","","","Open"
2022-07-10T14:54:41.460000+00:00,"","warning","Eaton 9PX3000i RT 2U","","Bypass not available","00000201","","","Open"
2022-07-10T14:54:41.424000+00:00,"","warning","Eaton 9PX3000i RT 2U","","Bypass frequency out of range","00000206","","","Open"
2022-07-10T14:54:41.273000+00:00,"","warning","Eaton 9PX3000i RT 2U","","Input AC voltage out of range (-)","00000108","","","Open"
2022-07-10T14:54:41.204000+00:00,"","warning","Eaton 9PX3000i RT 2U","","Input AC not present","00000106","","","Open"
2022-07-10T14:54:41.108000+00:00,"","warning","Eaton 9PX3000i RT 2U","","Input AC frequency out of range","00000104","","","Open"
2022-07-10T14:54:40.773000+00:00,"","info","Output Group 2","","Sequential shutdown scheduled","00001016","","","Open"
2022-07-10T14:54:40.677000+00:00,"","info","Output Group 1","","Sequential shutdown scheduled","00001016","","","Open"
2022-07-10T14:54:40.527000+00:00,"","info","Output","","Sequential shutdown scheduled","00001016","","","Open"
2022-07-10T14:54:40.193000+00:00,"","warning","Eaton 9PX3000i RT 2U","","Battery discharging","00000603","","","Open"
2022-07-10T14:54:40.013000+00:00,"","warning","Eaton 9PX3000i RT 2U","","On battery","00000001","","","Open"
2022-07-10T12:06:29.192000+00:00,"","warning","Eaton 9PX3000i RT 2U","","End of UPS battery discharge","00000603","","","Closed"
2022-07-10T12:06:26.987000+00:00,"","warning","Eaton 9PX3000i RT 2U","","Bypass phase in range","00000200","","","Closed"
2022-07-10T12:06:26.706000+00:00,"","info","Output Group 2","","Sequential shutdown canceled","00001016","","","Closed"
2022-07-10T12:06:26.656000+00:00,"","info","Output Group 1","","Sequential shutdown canceled","00001016","","","Closed"
2022-07-10T12:06:26.536000+00:00,"","info","Output","","Sequential shutdown canceled","00001016","","","Closed"
2022-07-10T12:06:24.306000+00:00,"","warning","Eaton 9PX3000i RT 2U","","Bypass available","00000201","","","Closed"
2022-07-10T12:06:23.985000+00:00,"","info","Output Group 2","","Sequential shutdown scheduled","00001016","","","Open"
2022-07-10T12:06:23.879000+00:00,"","info","Output Group 1","","Sequential shutdown scheduled","00001016","","","Open"
2022-07-10T12:06:23.708000+00:00,"","info","Output","","Sequential shutdown scheduled","00001016","","","Open"
2022-07-10T12:06:23.367000+00:00,"","warning","Eaton 9PX3000i RT 2U","","Battery discharging","00000603","","","Open"
2022-07-10T12:06:21.084000+00:00,"","warning","Eaton 9PX3000i RT 2U","","Bypass not available","00000201","","","Open"
2022-07-10T12:06:15.780000+00:00,"","warning","Eaton 9PX3000i RT 2U","","Bypass phase out range","00000200","","","Open"
2022-07-10T11:39:40.788000+00:00,"","info","Output Group 2","","Sequential shutdown canceled","00001016","","","Closed"
2022-07-10T11:39:40.776000+00:00,"","info","Output Group 1","","Sequential shutdown canceled","00001016","","","Closed"
2022-07-10T11:39:40.632000+00:00,"","info","Output","","Sequential shutdown canceled","00001016","","","Closed"
2022-07-10T11:39:40.250000+00:00,"","warning","Eaton 9PX3000i RT 2U","","End of UPS battery discharge","00000603","","","Closed"
2022-07-10T11:39:38.253000+00:00,"","warning","Eaton 9PX3000i RT 2U","","Bypass phase in range","00000200","","","Closed"
2022-07-10T11:39:35.473000+00:00,"","warning","Eaton 9PX3000i RT 2U","","Bypass phase out range","00000200","","","Open"
2022-07-10T11:39:35.096000+00:00,"","info","Output Group 2","","Sequential shutdown scheduled","00001016","","","Open"
2022-07-10T11:39:35.013000+00:00,"","info","Output Group 1","","Sequential shutdown scheduled","00001016","","","Open"
2022-07-10T11:39:34.855000+00:00,"","info","Output","","Sequential shutdown scheduled","00001016","","","Open"
2022-07-10T11:39:34.475000+00:00,"","warning","Eaton 9PX3000i RT 2U","","Battery discharging","00000603","","","Open"
2022-07-10T11:26:21.914000+00:00,"","warning","Eaton 9PX3000i RT 2U","","Bypass phase in range","00000200","","","Closed"
2022-07-10T11:26:19.246000+00:00,"","warning","Eaton 9PX3000i RT 2U","","Bypass phase out range","00000200","","","Open"
2022-07-10T11:15:34.425000+00:00,"","info","Output Group 2","","Sequential shutdown canceled","00001016","","","Closed"
2022-07-10T11:15:34.410000+00:00,"","info","Output Group 1","","Sequential shutdown canceled","00001016","","","Closed"
2022-07-10T11:15:34.299000+00:00,"","info","Output","","Sequential shutdown canceled","00001016","","","Closed"
2022-07-10T11:15:33.880000+00:00,"","warning","Eaton 9PX3000i RT 2U","","End of UPS battery discharge","00000603","","","Closed"
2022-07-10T11:15:28.689000+00:00,"","info","Output Group 2","","Sequential shutdown scheduled","00001016","","","Open"
2022-07-10T11:15:28.608000+00:00,"","info","Output Group 1","","Sequential shutdown scheduled","00001016","","","Open"
2022-07-10T11:15:28.459000+00:00,"","info","Output","","Sequential shutdown scheduled","00001016","","","Open"
2022-07-10T11:15:28.136000+00:00,"","warning","Eaton 9PX3000i RT 2U","","Battery discharging","00000603","","","Open"
2022-07-10T11:13:19.326000+00:00,"","warning","Eaton 9PX3000i RT 2U","","Bypass phase in range","00000200","","","Closed"
2022-07-10T11:13:16.648000+00:00,"","warning","Eaton 9PX3000i RT 2U","","Bypass phase out range","00000200","","","Open"
2022-07-10T11:00:37.558000+00:00,"","warning","Eaton 9PX3000i RT 2U","","Bypass phase in range","00000200","","","Closed"
2022-07-10T11:00:34.979000+00:00,"","warning","Eaton 9PX3000i RT 2U","","Bypass voltage in range","00000209","","","Closed"
2022-07-10T11:00:34.821000+00:00,"","warning","Eaton 9PX3000i RT 2U","","Bypass available","00000201","","","Closed"
2022-07-10T11:00:34.784000+00:00,"","warning","Eaton 9PX3000i RT 2U","","Bypass frequency in range","00000206","","","Closed"
2022-07-10T11:00:34.641000+00:00,"","warning","Eaton 9PX3000i RT 2U","","Input AC voltage in range","00000108","","","Closed"
2022-07-10T11:00:34.572000+00:00,"","warning","Eaton 9PX3000i RT 2U","","Input AC present","00000106","","","Closed"
2022-07-10T11:00:34.475000+00:00,"","warning","Eaton 9PX3000i RT 2U","","Input AC frequency in range","00000104","","","Closed"
2022-07-10T11:00:34.207000+00:00,"","info","Output Group 2","","Sequential shutdown canceled","00001016","","","Closed"
2022-07-10T11:00:34.196000+00:00,"","info","Output Group 1","","Sequential shutdown canceled","00001016","","","Closed"
2022-07-10T11:00:34.051000+00:00,"","info","Output","","Sequential shutdown canceled","00001016","","","Closed"
2022-07-10T11:00:33.661000+00:00,"","warning","Eaton 9PX3000i RT 2U","","End of UPS battery discharge","00000603","","","Closed"
2022-07-10T11:00:33.559000+00:00,"","warning","Eaton 9PX3000i RT 2U","","No more on battery","00000001","","","Closed"
2022-07-10T10:59:14.613000+00:00,"","warning","Eaton 9PX3000i RT 2U","","Input AC voltage out of range (-)","00000108","","","Open"
2022-07-10T10:59:14.535000+00:00,"","warning","Eaton 9PX3000i RT 2U","","Input AC not present","00000106","","","Open"
2022-07-10T10:59:14.423000+00:00,"","warning","Eaton 9PX3000i RT 2U","","Input AC frequency out of range","00000104","","","Open"
2022-07-10T10:59:14.126000+00:00,"","info","Output Group 2","","Sequential shutdown scheduled","00001016","","","Open"
2022-07-10T10:59:14.035000+00:00,"","info","Output Group 1","","Sequential shutdown scheduled","00001016","","","Open"
2022-07-10T10:59:13.876000+00:00,"","info","Output","","Sequential shutdown scheduled","00001016","","","Open"
2022-07-10T10:59:13.535000+00:00,"","warning","Eaton 9PX3000i RT 2U","","Battery discharging","00000603","","","Open"
2022-07-10T10:59:13.436000+00:00,"","warning","Eaton 9PX3000i RT 2U","","On battery","00000001","","","Open"
2022-07-10T10:59:11.000000+00:00,"","warning","Eaton 9PX3000i RT 2U","","Bypass voltage out of range","00000209","","","Open"
2022-07-10T10:59:10.844000+00:00,"","warning","Eaton 9PX3000i RT 2U","","Bypass phase out range","00000200","","","Open"
2022-07-10T10:59:10.752000+00:00,"","warning","Eaton 9PX3000i RT 2U","","Bypass not available","00000201","","","Open"
2022-07-10T10:59:10.711000+00:00,"","warning","Eaton 9PX3000i RT 2U","","Bypass frequency out of range","00000206","","","Open"
2022-07-10T10:34:56.374000+00:00,"","warning","Eaton 9PX3000i RT 2U","","Bypass phase in range","00000200","","","Closed"
2022-07-10T10:34:53.759000+00:00,"","warning","Eaton 9PX3000i RT 2U","","Bypass voltage in range","00000209","","","Closed"
2022-07-10T10:34:53.601000+00:00,"","warning","Eaton 9PX3000i RT 2U","","Bypass available","00000201","","","Closed"
2022-07-10T10:34:53.560000+00:00,"","warning","Eaton 9PX3000i RT 2U","","Bypass frequency in range","00000206","","","Closed"
2022-07-10T10:34:53.411000+00:00,"","warning","Eaton 9PX3000i RT 2U","","Input AC voltage in range","00000108","","","Closed"
2022-07-10T10:34:53.319000+00:00,"","warning","Eaton 9PX3000i RT 2U","","Input AC present","00000106","","","Closed"
2022-07-10T10:34:53.217000+00:00,"","warning","Eaton 9PX3000i RT 2U","","Input AC frequency in range","00000104","","","Closed"
2022-07-10T10:34:52.920000+00:00,"","info","Output Group 2","","Sequential shutdown canceled","00001016","","","Closed"
2022-07-10T10:34:52.903000+00:00,"","info","Output Group 1","","Sequential shutdown canceled","00001016","","","Closed"
2022-07-10T10:34:52.775000+00:00,"","info","Output","","Sequential shutdown canceled","00001016","","","Closed"
2022-07-10T10:34:52.381000+00:00,"","warning","Eaton 9PX3000i RT 2U","","End of UPS battery discharge","00000603","","","Closed"
2022-07-10T10:34:52.282000+00:00,"","warning","Eaton 9PX3000i RT 2U","","No more on battery","00000001","","","Closed"
2022-07-10T10:34:05.345000+00:00,"","warning","Eaton 9PX3000i RT 2U","","Bypass voltage out of range","00000209","","","Open"
2022-07-10T10:34:05.170000+00:00,"","warning","Eaton 9PX3000i RT 2U","","Bypass phase out range","00000200","","","Open"
2022-07-10T10:34:05.127000+00:00,"","warning","Eaton 9PX3000i RT 2U","","Bypass not available","00000201","","","Open"
2022-07-10T10:34:05.093000+00:00,"","warning","Eaton 9PX3000i RT 2U","","Bypass frequency out of range","00000206","","","Open"
2022-07-10T10:34:04.949000+00:00,"","warning","Eaton 9PX3000i RT 2U","","Input AC voltage out of range (-)","00000108","","","Open"
2022-07-10T10:34:04.880000+00:00,"","warning","Eaton 9PX3000i RT 2U","","Input AC not present","00000106","","","Open"
2022-07-10T10:34:04.779000+00:00,"","warning","Eaton 9PX3000i RT 2U","","Input AC frequency out of range","00000104","","","Open"
2022-07-10T10:34:04.506000+00:00,"","info","Output Group 2","","Sequential shutdown scheduled","00001016","","","Open"
2022-07-10T10:34:04.393000+00:00,"","info","Output Group 1","","Sequential shutdown scheduled","00001016","","","Open"
2022-07-10T10:34:04.237000+00:00,"","info","Output","","Sequential shutdown scheduled","00001016","","","Open"
2022-07-10T10:34:03.907000+00:00,"","warning","Eaton 9PX3000i RT 2U","","Battery discharging","00000603","","","Open"
2022-07-10T10:34:03.802000+00:00,"","warning","Eaton 9PX3000i RT 2U","","On battery","00000001","","","Open"
2022-07-10T10:28:46.416000+00:00,"","warning","Eaton 9PX3000i RT 2U","","Bypass phase in range","00000200","","","Closed"
2022-07-10T10:28:43.347000+00:00,"","warning","Eaton 9PX3000i RT 2U","","Bypass voltage in range","00000209","","","Closed"
2022-07-10T10:28:43.188000+00:00,"","warning","Eaton 9PX3000i RT 2U","","Bypass available","00000201","","","Closed"
2022-07-10T10:28:43.154000+00:00,"","warning","Eaton 9PX3000i RT 2U","","Bypass frequency in range","00000206","","","Closed"
2022-07-10T10:28:43.014000+00:00,"","warning","Eaton 9PX3000i RT 2U","","Input AC voltage in range","00000108","","","Closed"
2022-07-10T10:28:42.944000+00:00,"","warning","Eaton 9PX3000i RT 2U","","Input AC present","00000106","","","Closed"
2022-07-10T10:28:42.845000+00:00,"","warning","Eaton 9PX3000i RT 2U","","Input AC frequency in range","00000104","","","Closed"
2022-07-10T10:28:42.604000+00:00,"","info","Output Group 2","","Sequential shutdown canceled","00001016","","","Closed"
2022-07-10T10:28:42.594000+00:00,"","info","Output Group 1","","Sequential shutdown canceled","00001016","","","Closed"
2022-07-10T10:28:42.449000+00:00,"","info","Output","","Sequential shutdown canceled","00001016","","","Closed"
2022-07-10T10:28:42.061000+00:00,"","warning","Eaton 9PX3000i RT 2U","","End of UPS battery discharge","00000603","","","Closed"
2022-07-10T10:28:41.909000+00:00,"","warning","Eaton 9PX3000i RT 2U","","No more on battery","00000001","","","Closed"
2022-07-10T10:22:36.549000+00:00,"","warning","Eaton 9PX3000i RT 2U","","On battery","00000001","","","Open"
2022-07-10T10:22:33.940000+00:00,"","warning","Eaton 9PX3000i RT 2U","","Bypass voltage out of range","00000209","","","Open"
2022-07-10T10:22:33.714000+00:00,"","warning","Eaton 9PX3000i RT 2U","","Bypass phase out range","00000200","","","Open"
2022-07-10T10:22:33.661000+00:00,"","warning","Eaton 9PX3000i RT 2U","","Bypass not available","00000201","","","Open"
2022-07-10T10:22:33.612000+00:00,"","warning","Eaton 9PX3000i RT 2U","","Bypass frequency out of range","00000206","","","Open"
2022-07-10T10:22:33.420000+00:00,"","warning","Eaton 9PX3000i RT 2U","","Input AC voltage out of range (-)","00000108","","","Open"
2022-07-10T10:22:33.317000+00:00,"","warning","Eaton 9PX3000i RT 2U","","Input AC not present","00000106","","","Open"
2022-07-10T10:22:33.120000+00:00,"","warning","Eaton 9PX3000i RT 2U","","Input AC frequency out of range","00000104","","","Open"
2022-07-10T10:22:32.736000+00:00,"","info","Output Group 2","","Sequential shutdown scheduled","00001016","","","Open"
2022-07-10T10:22:32.648000+00:00,"","info","Output Group 1","","Sequential shutdown scheduled","00001016","","","Open"
2022-07-10T10:22:32.431000+00:00,"","info","Output","","Sequential shutdown scheduled","00001016","","","Open"
2022-07-10T10:22:32.009000+00:00,"","warning","Eaton 9PX3000i RT 2U","","Battery discharging","00000603","","","Open"
2022-07-10T07:32:04.059000+00:00,"","info","Output Group 2","","Sequential shutdown canceled","00001016","","","Closed"
2022-07-10T07:32:04.046000+00:00,"","info","Output Group 1","","Sequential shutdown canceled","00001016","","","Closed"
2022-07-10T07:32:03.931000+00:00,"","info","Output","","Sequential shutdown canceled","00001016","","","Closed"
2022-07-10T07:32:03.567000+00:00,"","warning","Eaton 9PX3000i RT 2U","","End of UPS battery discharge","00000603","","","Closed"
2022-07-10T07:32:01.147000+00:00,"","warning","Eaton 9PX3000i RT 2U","","Bypass phase in range","00000200","","","Closed"
2022-07-10T07:31:58.610000+00:00,"","warning","Eaton 9PX3000i RT 2U","","Bypass phase out range","00000200","","","Open"
2022-07-10T07:31:58.250000+00:00,"","info","Output Group 2","","Sequential shutdown scheduled","00001016","","","Open"
2022-07-10T07:31:58.175000+00:00,"","info","Output Group 1","","Sequential shutdown scheduled","00001016","","","Open"
2022-07-10T07:31:58.016000+00:00,"","info","Output","","Sequential shutdown scheduled","00001016","","","Open"
2022-07-10T07:31:57.735000+00:00,"","warning","Eaton 9PX3000i RT 2U","","Battery discharging","00000603","","","Open"
2022-07-10T07:31:55.597000+00:00,"","warning","Eaton 9PX3000i RT 2U","","Bypass phase in range","00000200","","","Closed"
2022-07-10T07:31:53.001000+00:00,"","warning","Eaton 9PX3000i RT 2U","","Bypass phase out range","00000200","","","Open"
2022-07-10T07:28:41.141000+00:00,"","warning","Eaton 9PX3000i RT 2U","","Bypass phase in range","00000200","","","Closed"
2022-07-10T07:28:38.514000+00:00,"","warning","Eaton 9PX3000i RT 2U","","Bypass voltage in range","00000209","","","Closed"
2022-07-10T07:28:38.333000+00:00,"","warning","Eaton 9PX3000i RT 2U","","Bypass available","00000201","","","Closed"
2022-07-10T07:28:38.298000+00:00,"","warning","Eaton 9PX3000i RT 2U","","Bypass frequency in range","00000206","","","Closed"
2022-07-10T07:28:38.154000+00:00,"","warning","Eaton 9PX3000i RT 2U","","Input AC voltage in range","00000108","","","Closed"
2022-07-10T07:28:38.086000+00:00,"","warning","Eaton 9PX3000i RT 2U","","Input AC present","00000106","","","Closed"
2022-07-10T07:28:37.983000+00:00,"","warning","Eaton 9PX3000i RT 2U","","Input AC frequency in range","00000104","","","Closed"
2022-07-10T07:28:37.711000+00:00,"","info","Output Group 2","","Sequential shutdown canceled","00001016","","","Closed"
2022-07-10T07:28:37.695000+00:00,"","info","Output Group 1","","Sequential shutdown canceled","00001016","","","Closed"
2022-07-10T07:28:37.530000+00:00,"","info","Output","","Sequential shutdown canceled","00001016","","","Closed"
2022-07-10T07:28:37.117000+00:00,"","warning","Eaton 9PX3000i RT 2U","","End of UPS battery discharge","00000603","","","Closed"
2022-07-10T07:28:36.966000+00:00,"","warning","Eaton 9PX3000i RT 2U","","No more on battery","00000001","","","Closed"
2022-07-10T07:03:38.110000+00:00,"","warning","Eaton 9PX3000i RT 2U","","Bypass voltage out of range","00000209","","","Open"
2022-07-10T07:03:37.885000+00:00,"","warning","Eaton 9PX3000i RT 2U","","Bypass phase out range","00000200","","","Open"
2022-07-10T07:03:37.841000+00:00,"","warning","Eaton 9PX3000i RT 2U","","Bypass not available","00000201","","","Open"
2022-07-10T07:03:37.804000+00:00,"","warning","Eaton 9PX3000i RT 2U","","Bypass frequency out of range","00000206","","","Open"
2022-07-10T07:03:37.661000+00:00,"","warning","Eaton 9PX3000i RT 2U","","Input AC voltage out of range (-)","00000108","","","Open"
2022-07-10T07:03:37.589000+00:00,"","warning","Eaton 9PX3000i RT 2U","","Input AC not present","00000106","","","Open"
2022-07-10T07:03:37.487000+00:00,"","warning","Eaton 9PX3000i RT 2U","","Input AC frequency out of range","00000104","","","Open"
2022-07-10T07:03:37.140000+00:00,"","info","Output Group 2","","Sequential shutdown scheduled","00001016","","","Open"
2022-07-10T07:03:37.072000+00:00,"","info","Output Group 1","","Sequential shutdown scheduled","00001016","","","Open"
2022-07-10T07:03:36.907000+00:00,"","info","Output","","Sequential shutdown scheduled","00001016","","","Open"
2022-07-10T07:03:36.577000+00:00,"","warning","Eaton 9PX3000i RT 2U","","Battery discharging","00000603","","","Open"
2022-07-10T07:03:36.422000+00:00,"","warning","Eaton 9PX3000i RT 2U","","On battery","00000001","","","Open"
2022-07-10T06:04:50.950000+00:00,"","warning","Eaton 9PX3000i RT 2U","","Bypass phase in range","00000200","","","Closed"
2022-07-10T06:04:48.001000+00:00,"","warning","Eaton 9PX3000i RT 2U","","Bypass phase out range","00000200","","","Open"
2022-07-10T05:52:31.569000+00:00,"","info","Output Group 2","","Sequential shutdown canceled","00001016","","","Closed"
2022-07-10T05:52:31.551000+00:00,"","info","Output Group 1","","Sequential shutdown canceled","00001016","","","Closed"
2022-07-10T05:52:31.356000+00:00,"","info","Output","","Sequential shutdown canceled","00001016","","","Closed"
2022-07-10T05:52:30.921000+00:00,"","warning","Eaton 9PX3000i RT 2U","","End of UPS battery discharge","00000603","","","Closed"
2022-07-10T05:52:29.018000+00:00,"","warning","Eaton 9PX3000i RT 2U","","Bypass phase in range","00000200","","","Closed"
2022-07-10T05:52:26.339000+00:00,"","warning","Eaton 9PX3000i RT 2U","","Bypass phase out range","00000200","","","Open"
2022-07-10T05:52:25.892000+00:00,"","info","Output Group 2","","Sequential shutdown scheduled","00001016","","","Open"
2022-07-10T05:52:25.767000+00:00,"","info","Output Group 1","","Sequential shutdown scheduled","00001016","","","Open"
2022-07-10T05:52:25.595000+00:00,"","info","Output","","Sequential shutdown scheduled","00001016","","","Open"
2022-07-10T05:52:25.317000+00:00,"","warning","Eaton 9PX3000i RT 2U","","Battery discharging","00000603","","","Open"
2022-07-10T05:51:59.544000+00:00,"","warning","Eaton 9PX3000i RT 2U","","Bypass phase in range","00000200","","","Closed"
2022-07-10T05:51:56.967000+00:00,"","warning","Eaton 9PX3000i RT 2U","","Bypass phase out range","00000200","","","Open"
2022-07-10T05:46:09.977000+00:00,"","warning","Eaton 9PX3000i RT 2U","","End of UPS battery discharge","00000603","","","Closed"
2022-07-10T05:46:07.794000+00:00,"","warning","Eaton 9PX3000i RT 2U","","Bypass phase in range","00000200","","","Closed"
2022-07-10T05:46:07.530000+00:00,"","info","Output Group 2","","Sequential shutdown canceled","00001016","","","Closed"
2022-07-10T05:46:07.517000+00:00,"","info","Output Group 1","","Sequential shutdown canceled","00001016","","","Closed"
2022-07-10T05:46:07.326000+00:00,"","info","Output","","Sequential shutdown canceled","00001016","","","Closed"
2022-07-10T05:46:05.146000+00:00,"","warning","Eaton 9PX3000i RT 2U","","Bypass phase out range","00000200","","","Open"
2022-07-10T05:46:04.781000+00:00,"","info","Output Group 2","","Sequential shutdown scheduled","00001016","","","Open"
2022-07-10T05:46:04.719000+00:00,"","info","Output Group 1","","Sequential shutdown scheduled","00001016","","","Open"
2022-07-10T05:46:04.554000+00:00,"","info","Output","","Sequential shutdown scheduled","00001016","","","Open"
2022-07-10T05:46:04.291000+00:00,"","warning","Eaton 9PX3000i RT 2U","","Battery discharging","00000603","","","Open"
2022-07-10T05:46:01.932000+00:00,"","warning","Eaton 9PX3000i RT 2U","","Bypass phase in range","00000200","","","Closed"
2022-07-10T05:45:59.250000+00:00,"","warning","Eaton 9PX3000i RT 2U","","Bypass phase out range","00000200","","","Open"
2022-07-10T05:45:42.996000+00:00,"","info","Output Group 2","","Sequential shutdown canceled","00001016","","","Closed"
2022-07-10T05:45:42.981000+00:00,"","info","Output Group 1","","Sequential shutdown canceled","00001016","","","Closed"
2022-07-10T05:45:42.779000+00:00,"","info","Output","","Sequential shutdown canceled","00001016","","","Closed"
2022-07-10T05:45:42.351000+00:00,"","warning","Eaton 9PX3000i RT 2U","","End of UPS battery discharge","00000603","","","Closed"
2022-07-10T05:45:40.061000+00:00,"","warning","Eaton 9PX3000i RT 2U","","Bypass phase in range","00000200","","","Closed"
2022-07-10T05:45:39.316000+00:00,"","warning","Eaton 9PX3000i RT 2U","","Battery discharging","00000603","","","Open"
2022-07-10T05:45:37.257000+00:00,"","warning","Eaton 9PX3000i RT 2U","","Bypass phase out range","00000200","","","Open"
2022-07-10T05:45:36.875000+00:00,"","info","Output Group 2","","Sequential shutdown scheduled","00001016","","","Open"
2022-07-10T05:45:36.791000+00:00,"","info","Output Group 1","","Sequential shutdown scheduled","00001016","","","Open"
2022-07-10T05:45:36.646000+00:00,"","info","Output","","Sequential shutdown scheduled","00001016","","","Open"
2022-07-10T05:45:28.990000+00:00,"","warning","Eaton 9PX3000i RT 2U","","Bypass phase in range","00000200","","","Closed"
2022-07-10T05:45:26.271000+00:00,"","warning","Eaton 9PX3000i RT 2U","","Bypass phase out range","00000200","","","Open"
2022-07-10T05:39:18.283000+00:00,"","warning","Eaton 9PX3000i RT 2U","","Bypass phase in range","00000200","","","Closed"
2022-07-10T05:39:15.462000+00:00,"","warning","Eaton 9PX3000i RT 2U","","Bypass phase out range","00000200","","","Open"
2022-07-10T05:32:06.425000+00:00,"","warning","Eaton 9PX3000i RT 2U","","Bypass phase in range","00000200","","","Closed"
2022-07-10T05:32:03.804000+00:00,"","warning","Eaton 9PX3000i RT 2U","","Bypass phase out range","00000200","","","Open"
2022-07-10T05:22:36.518000+00:00,"","info","Output Group 2","","Sequential shutdown canceled","00001016","","","Closed"
2022-07-10T05:22:36.507000+00:00,"","info","Output Group 1","","Sequential shutdown canceled","00001016","","","Closed"
2022-07-10T05:22:36.350000+00:00,"","info","Output","","Sequential shutdown canceled","00001016","","","Closed"
2022-07-10T05:22:35.985000+00:00,"","warning","Eaton 9PX3000i RT 2U","","End of UPS battery discharge","00000603","","","Closed"
2022-07-10T05:22:30.903000+00:00,"","info","Output Group 2","","Sequential shutdown scheduled","00001016","","","Open"
2022-07-10T05:22:30.818000+00:00,"","info","Output Group 1","","Sequential shutdown scheduled","00001016","","","Open"
2022-07-10T05:22:30.665000+00:00,"","info","Output","","Sequential shutdown scheduled","00001016","","","Open"
2022-07-10T05:22:30.329000+00:00,"","warning","Eaton 9PX3000i RT 2U","","Battery discharging","00000603","","","Open"
2022-07-10T05:21:57.270000+00:00,"","warning","Eaton 9PX3000i RT 2U","","Bypass phase in range","00000200","","","Closed"
2022-07-10T05:21:51.934000+00:00,"","warning","Eaton 9PX3000i RT 2U","","Bypass phase out range","00000200","","","Open"
2022-07-10T04:20:20.324000+00:00,"","info","Output Group 2","","Sequential shutdown canceled","00001016","","","Closed"
2022-07-10T04:20:20.313000+00:00,"","info","Output Group 1","","Sequential shutdown canceled","00001016","","","Closed"
2022-07-10T04:20:20.170000+00:00,"","info","Output","","Sequential shutdown canceled","00001016","","","Closed"
2022-07-10T04:20:19.811000+00:00,"","warning","Eaton 9PX3000i RT 2U","","End of UPS battery discharge","00000603","","","Closed"
2022-07-10T04:20:17.635000+00:00,"","warning","Eaton 9PX3000i RT 2U","","Bypass phase in range","00000200","","","Closed"
2022-07-10T04:20:14.732000+00:00,"","info","Output Group 2","","Sequential shutdown scheduled","00001016","","","Open"
2022-07-10T04:20:14.663000+00:00,"","info","Output Group 1","","Sequential shutdown scheduled","00001016","","","Open"
2022-07-10T04:20:14.503000+00:00,"","info","Output","","Sequential shutdown scheduled","00001016","","","Open"
2022-07-10T04:20:14.163000+00:00,"","warning","Eaton 9PX3000i RT 2U","","Battery discharging","00000603","","","Open"
2022-07-10T04:20:09.436000+00:00,"","warning","Eaton 9PX3000i RT 2U","","Bypass phase out range","00000200","","","Open"
2022-07-10T04:14:24.083000+00:00,"","warning","Eaton 9PX3000i RT 2U","","Bypass phase in range","00000200","","","Closed"
2022-07-10T04:14:21.220000+00:00,"","warning","Eaton 9PX3000i RT 2U","","Bypass phase out range","00000200","","","Open"
2022-07-10T04:14:18.576000+00:00,"","warning","Eaton 9PX3000i RT 2U","","Bypass phase in range","00000200","","","Closed"
2022-07-10T04:14:15.462000+00:00,"","warning","Eaton 9PX3000i RT 2U","","Bypass phase out range","00000200","","","Open"
2022-07-10T04:12:16.584000+00:00,"","info","Output Group 2","","Sequential shutdown canceled","00001016","","","Closed"
2022-07-10T04:12:16.570000+00:00,"","info","Output Group 1","","Sequential shutdown canceled","00001016","","","Closed"
2022-07-10T04:12:16.429000+00:00,"","info","Output","","Sequential shutdown canceled","00001016","","","Closed"
2022-07-10T04:12:16.034000+00:00,"","warning","Eaton 9PX3000i RT 2U","","End of UPS battery discharge","00000603","","","Closed"
2022-07-10T04:12:11.239000+00:00,"","info","Output Group 2","","Sequential shutdown scheduled","00001016","","","Open"
2022-07-10T04:12:11.151000+00:00,"","info","Output Group 1","","Sequential shutdown scheduled","00001016","","","Open"
2022-07-10T04:12:10.957000+00:00,"","info","Output","","Sequential shutdown scheduled","00001016","","","Open"
2022-07-10T04:12:10.668000+00:00,"","warning","Eaton 9PX3000i RT 2U","","Battery discharging","00000603","","","Open"
2022-07-10T04:07:39.970000+00:00,"","warning","Eaton 9PX3000i RT 2U","","Bypass phase in range","00000200","","","Closed"
2022-07-10T04:07:37.340000+00:00,"","warning","Eaton 9PX3000i RT 2U","","Bypass voltage in range","00000209","","","Closed"
2022-07-10T04:07:37.170000+00:00,"","warning","Eaton 9PX3000i RT 2U","","Bypass available","00000201","","","Closed"
2022-07-10T04:07:37.131000+00:00,"","warning","Eaton 9PX3000i RT 2U","","Bypass frequency in range","00000206","","","Closed"
2022-07-10T04:07:36.986000+00:00,"","warning","Eaton 9PX3000i RT 2U","","Input AC voltage in range","00000108","","","Closed"
2022-07-10T04:07:36.917000+00:00,"","warning","Eaton 9PX3000i RT 2U","","Input AC present","00000106","","","Closed"
2022-07-10T04:07:36.812000+00:00,"","warning","Eaton 9PX3000i RT 2U","","Input AC frequency in range","00000104","","","Closed"
2022-07-10T04:07:36.525000+00:00,"","info","Output Group 2","","Sequential shutdown canceled","00001016","","","Closed"
2022-07-10T04:07:36.505000+00:00,"","info","Output Group 1","","Sequential shutdown canceled","00001016","","","Closed"
2022-07-10T04:07:36.358000+00:00,"","info","Output","","Sequential shutdown canceled","00001016","","","Closed"
2022-07-10T04:07:35.982000+00:00,"","warning","Eaton 9PX3000i RT 2U","","End of UPS battery discharge","00000603","","","Closed"
2022-07-10T04:07:35.879000+00:00,"","warning","Eaton 9PX3000i RT 2U","","No more on battery","00000001","","","Closed"
2022-07-10T04:05:26.839000+00:00,"","warning","Eaton 9PX3000i RT 2U","","Bypass voltage out of range","00000209","","","Open"
2022-07-10T04:05:26.663000+00:00,"","warning","Eaton 9PX3000i RT 2U","","Bypass phase out range","00000200","","","Open"
2022-07-10T04:05:26.617000+00:00,"","warning","Eaton 9PX3000i RT 2U","","Bypass not available","00000201","","","Open"
2022-07-10T04:05:26.579000+00:00,"","warning","Eaton 9PX3000i RT 2U","","Bypass frequency out of range","00000206","","","Open"
2022-07-10T04:05:26.431000+00:00,"","warning","Eaton 9PX3000i RT 2U","","Input AC voltage out of range (-)","00000108","","","Open"
2022-07-10T04:05:26.352000+00:00,"","warning","Eaton 9PX3000i RT 2U","","Input AC not present","00000106","","","Open"
2022-07-10T04:05:26.236000+00:00,"","warning","Eaton 9PX3000i RT 2U","","Input AC frequency out of range","00000104","","","Open"
2022-07-10T04:05:25.885000+00:00,"","info","Output Group 2","","Sequential shutdown scheduled","00001016","","","Open"
2022-07-10T04:05:25.775000+00:00,"","info","Output Group 1","","Sequential shutdown scheduled","00001016","","","Open"
2022-07-10T04:05:25.604000+00:00,"","info","Output","","Sequential shutdown scheduled","00001016","","","Open"
2022-07-10T04:05:25.257000+00:00,"","warning","Eaton 9PX3000i RT 2U","","Battery discharging","00000603","","","Open"
2022-07-10T04:05:25.100000+00:00,"","warning","Eaton 9PX3000i RT 2U","","On battery","00000001","","","Open"
2022-07-09T21:14:52.943000+00:00,"","warning","Eaton 9PX3000i RT 2U","","Bypass phase in range","00000200","","","Closed"
2022-07-09T21:14:50.162000+00:00,"","warning","Eaton 9PX3000i RT 2U","","Bypass phase out range","00000200","","","Open"
2022-07-09T21:14:47.581000+00:00,"","warning","Eaton 9PX3000i RT 2U","","Bypass phase in range","00000200","","","Closed"
2022-07-09T21:14:44.779000+00:00,"","warning","Eaton 9PX3000i RT 2U","","Bypass phase out range","00000200","","","Open"
2022-07-09T21:11:48.076000+00:00,"","warning","Eaton 9PX3000i RT 2U","","Bypass phase in range","00000200","","","Closed"
2022-07-09T21:11:45.556000+00:00,"","warning","Eaton 9PX3000i RT 2U","","Bypass phase out range","00000200","","","Open"
2022-07-09T21:11:24.372000+00:00,"","info","Output Group 2","","Sequential shutdown canceled","00001016","","","Closed"
2022-07-09T21:11:24.361000+00:00,"","info","Output Group 1","","Sequential shutdown canceled","00001016","","","Closed"
2022-07-09T21:11:24.220000+00:00,"","info","Output","","Sequential shutdown canceled","00001016","","","Closed"
