Date Time(UTC), ,Priority,Application, ,Message,Code, , ,Status
2023-10-18T19:07:30.450000+00:00,"","warning","Eaton 9PX3000i RT 2U","","Bypass phase in range","00000200","","","Closed"
2023-10-18T19:07:27.766000+00:00,"","warning","Eaton 9PX3000i RT 2U","","Bypass phase out range","00000200","","","Open"
2023-10-18T19:07:27.435000+00:00,"","info","Output Group 2","","Sequential shutdown canceled","00001016","","","Closed"
2023-10-18T19:07:27.417000+00:00,"","info","Output Group 1","","Sequential shutdown canceled","00001016","","","Closed"
2023-10-18T19:07:27.282000+00:00,"","info","Output","","Sequential shutdown canceled","00001016","","","Closed"
2023-10-18T19:07:26.890000+00:00,"","warning","Eaton 9PX3000i RT 2U","","End of UPS battery discharge","00000603","","","Closed"
2023-10-18T19:07:24.921000+00:00,"","warning","Eaton 9PX3000i RT 2U","","Bypass phase in range","00000200","","","Closed"
2023-10-18T19:07:21.560000+00:00,"","info","Output Group 2","","Sequential shutdown scheduled","00001016","","","Open"
2023-10-18T19:07:21.378000+00:00,"","info","Output Group 1","","Sequential shutdown scheduled","00001016","","","Open"
2023-10-18T19:07:21.163000+00:00,"","info","Output","","Sequential shutdown scheduled","00001016","","","Open"
2023-10-18T19:07:20.859000+00:00,"","warning","Eaton 9PX3000i RT 2U","","Battery discharging","00000603","","","Open"
2023-10-18T19:07:18.865000+00:00,"","warning","Eaton 9PX3000i RT 2U","","Bypass phase out range","00000200","","","Open"
2023-10-18T19:04:46.991000+00:00,"","warning","Eaton 9PX3000i RT 2U","","End of UPS battery discharge","00000603","","","Closed"
2023-10-18T19:04:45.175000+00:00,"","warning","Eaton 9PX3000i RT 2U","","Bypass phase in range","00000200","","","Closed"
2023-10-18T19:04:44.812000+00:00,"","info","Output Group 2","","Sequential shutdown canceled","00001016","","","Closed"
2023-10-18T19:04:44.803000+00:00,"","info","Output Group 1","","Sequential shutdown canceled","00001016","","","Closed"
2023-10-18T19:04:44.697000+00:00,"","info","Output","","Sequential shutdown canceled","00001016","","","Closed"
2023-10-18T19:04:42.026000+00:00,"","warning","Eaton 9PX3000i RT 2U","","Bypass phase out range","00000200","","","Open"
2023-10-18T19:04:41.504000+00:00,"","info","Output Group 2","","Sequential shutdown scheduled","00001016","","","Open"
2023-10-18T19:04:41.383000+00:00,"","info","Output Group 1","","Sequential shutdown scheduled","00001016","","","Open"
2023-10-18T19:04:41.168000+00:00,"","info","Output","","Sequential shutdown scheduled","00001016","","","Open"
2023-10-18T19:04:40.868000+00:00,"","warning","Eaton 9PX3000i RT 2U","","Battery discharging","00000603","","","Open"
2023-10-18T19:02:02.681000+00:00,"","warning","Eaton 9PX3000i RT 2U","","Bypass phase in range","00000200","","","Closed"
2023-10-18T19:01:59.801000+00:00,"","warning","Eaton 9PX3000i RT 2U","","Bypass phase out range","00000200","","","Open"
2023-10-18T19:01:59.421000+00:00,"","info","Output Group 2","","Sequential shutdown canceled","00001016","","","Closed"
2023-10-18T19:01:59.404000+00:00,"","info","Output Group 1","","Sequential shutdown canceled","00001016","","","Closed"
2023-10-18T19:01:59.298000+00:00,"","info","Output","","Sequential shutdown canceled","00001016","","","Closed"
2023-10-18T19:01:58.894000+00:00,"","warning","Eaton 9PX3000i RT 2U","","End of UPS battery discharge","00000603","","","Closed"
2023-10-18T19:01:56.991000+00:00,"","warning","Eaton 9PX3000i RT 2U","","Bypass phase in range","00000200","","","Closed"
2023-10-18T19:01:54.354000+00:00,"","warning","Eaton 9PX3000i RT 2U","","Bypass phase out range","00000200","","","Open"
2023-10-18T19:01:53.964000+00:00,"","info","Output Group 2","","Sequential shutdown scheduled","00001016","","","Open"
2023-10-18T19:01:53.882000+00:00,"","info","Output Group 1","","Sequential shutdown scheduled","00001016","","","Open"
2023-10-18T19:01:53.726000+00:00,"","info","Output","","Sequential shutdown scheduled","00001016","","","Open"
2023-10-18T19:01:53.380000+00:00,"","warning","Eaton 9PX3000i RT 2U","","Battery discharging","00000603","","","Open"
2023-10-18T18:50:34.881000+00:00,"","info","Output Group 2","","Sequential shutdown canceled","00001016","","","Closed"
2023-10-18T18:50:34.869000+00:00,"","info","Output Group 1","","Sequential shutdown canceled","00001016","","","Closed"
2023-10-18T18:50:34.708000+00:00,"","info","Output","","Sequential shutdown canceled","00001016","","","Closed"
2023-10-18T18:50:34.346000+00:00,"","warning","Eaton 9PX3000i RT 2U","","End of UPS battery discharge","00000603","","","Closed"
2023-10-18T18:50:32.349000+00:00,"","warning","Eaton 9PX3000i RT 2U","","Bypass phase in range","00000200","","","Closed"
2023-10-18T18:50:29.451000+00:00,"","warning","Eaton 9PX3000i RT 2U","","Bypass phase out range","00000200","","","Open"
2023-10-18T18:50:28.889000+00:00,"","info","Output Group 2","","Sequential shutdown scheduled","00001016","","","Open"
2023-10-18T18:50:28.770000+00:00,"","info","Output Group 1","","Sequential shutdown scheduled","00001016","","","Open"
2023-10-18T18:50:28.524000+00:00,"","info","Output","","Sequential shutdown scheduled","00001016","","","Open"
2023-10-18T18:50:28.133000+00:00,"","warning","Eaton 9PX3000i RT 2U","","Battery discharging","00000603","","","Open"
2023-10-18T18:38:44.875000+00:00,"","warning","Eaton 9PX3000i RT 2U","","Bypass phase in range","00000200","","","Closed"
2023-10-18T18:38:42.036000+00:00,"","warning","Eaton 9PX3000i RT 2U","","Bypass phase out range","00000200","","","Open"
2023-10-18T18:36:19.974000+00:00,"","warning","Eaton 9PX3000i RT 2U","","Bypass phase in range","00000200","","","Closed"
2023-10-18T18:36:17.331000+00:00,"","warning","Eaton 9PX3000i RT 2U","","Bypass phase out range","00000200","","","Open"
2023-10-18T18:32:23.212000+00:00,"","warning","Eaton 9PX3000i RT 2U","","Bypass phase in range","00000200","","","Closed"
2023-10-18T18:32:20.115000+00:00,"","warning","Eaton 9PX3000i RT 2U","","Bypass phase out range","00000200","","","Open"
2023-10-18T18:29:53.339000+00:00,"","warning","Eaton 9PX3000i RT 2U","","Bypass phase in range","00000200","","","Closed"
2023-10-18T18:29:50.620000+00:00,"","warning","Eaton 9PX3000i RT 2U","","Bypass phase out range","00000200","","","Open"
2023-10-18T16:35:05.266000+00:00,"","info","Output Group 2","","Group is ON","00000A0F","","","Closed"
2023-10-18T16:35:02.234000+00:00,"","info","Output Group 1","","Group is ON","00000A0F","","","Closed"
2023-10-18T16:34:57.730000+00:00,"","warning","Eaton 9PX3000i RT 2U","","Bypass phase in range","00000200","","","Closed"
2023-10-18T16:34:57.188000+00:00,"","warning","Eaton 9PX3000i RT 2U","","Load protected","0000081D","","","Closed"
2023-10-18T16:34:55.675000+00:00,"","info","Output","","Group is ON","00000A0F","","","Closed"
2023-10-18T16:34:54.909000+00:00,"","warning","Eaton 9PX3000i RT 2U","","Bypass phase out range","00000200","","","Open"
2023-10-18T16:34:42.052000+00:00,"","info","Output Group 2","","Group is OFF","00000A0F","","","Open"
2023-10-18T16:34:42.011000+00:00,"","info","Output Group 1","","Group is OFF","00000A0F","","","Open"
2023-10-18T16:34:41.968000+00:00,"","info","Output","","Group is OFF","00000A0F","","","Open"
2023-10-18T16:34:40.682000+00:00,"","warning","Eaton 9PX3000i RT 2U","","Load not powered","0000081D","","","Open"
2023-10-18T16:34:36.408000+00:00,"","critical","Eaton 9PX 3000i RT 2U","","Battery OK","00000604","","","Closed"
2023-10-18T16:34:35.462000+00:00,"","warning","Eaton 9PX3000i RT 2U","","Bypass phase in range","00000200","","","Closed"
2023-10-18T16:34:35.364000+00:00,"","warning","Output Group 2","","Immediate shutdown completed","00001032","","","Closed"
2023-10-18T16:34:35.342000+00:00,"","warning","Output Group 1","","Immediate shutdown completed","00001032","","","Closed"
2023-10-18T16:34:35.108000+00:00,"","warning","Output","","Immediate shutdown completed","00001032","","","Closed"
2023-10-18T16:34:34.686000+00:00,"","warning","Eaton 9PX3000i RT 2U","","End of UPS battery discharge","00000603","","","Closed"
2023-10-18T16:34:33.363000+00:00,"","warning","Output Group 2","","Immediate shutdown in progress","00001032","","","Open"
2023-10-18T16:34:33.332000+00:00,"","warning","Output Group 1","","Immediate shutdown in progress","00001032","","","Open"
2023-10-18T16:34:33.105000+00:00,"","warning","Output","","Immediate shutdown in progress","00001032","","","Open"
2023-10-18T16:34:32.953000+00:00,"","critical","Eaton 9PX 3000i RT 2U","","Battery low","00000604","","","Open"
2023-10-18T16:34:31.316000+00:00,"","warning","Eaton 9PX3000i RT 2U","","Battery discharging","00000603","","","Open"
2023-10-18T16:34:29.502000+00:00,"","warning","Eaton 9PX3000i RT 2U","","Bypass phase out range","00000200","","","Open"
2023-10-18T16:34:29.125000+00:00,"","info","Output Group 2","","Sequential shutdown scheduled","00001016","","","Open"
2023-10-18T16:34:29.045000+00:00,"","info","Output Group 1","","Sequential shutdown scheduled","00001016","","","Open"
2023-10-18T16:34:28.917000+00:00,"","info","Output","","Sequential shutdown scheduled","00001016","","","Open"
2023-10-18T16:32:52.693000+00:00,"","info","Output Group 2","","Group is ON","00000A0F","","","Closed"
2023-10-18T16:32:49.904000+00:00,"","info","Output Group 1","","Group is ON","00000A0F","","","Closed"
2023-10-18T16:32:46.948000+00:00,"","warning","Eaton 9PX 3000i RT 2U","","Battery OK","00000610","","","Closed"
2023-10-18T16:32:46.749000+00:00,"","info","Output","","Group is ON","00000A0F","","","Closed"
2023-10-18T16:32:45.269000+00:00,"","warning","Eaton 9PX3000i RT 2U","","Load protected","0000081D","","","Closed"
2023-10-18T16:32:40.037000+00:00,"","warning","Eaton 9PX3000i RT 2U","","Bypass voltage in range","00000209","","","Closed"
2023-10-18T16:32:39.775000+00:00,"","warning","Eaton 9PX3000i RT 2U","","Bypass available","00000201","","","Closed"
2023-10-18T16:32:39.724000+00:00,"","warning","Eaton 9PX3000i RT 2U","","Bypass frequency in range","00000206","","","Closed"
2023-10-18T16:32:39.547000+00:00,"","warning","Eaton 9PX3000i RT 2U","","Input AC voltage in range","00000108","","","Closed"
2023-10-18T16:32:39.478000+00:00,"","warning","Eaton 9PX3000i RT 2U","","Input AC present","00000106","","","Closed"
2023-10-18T16:32:39.342000+00:00,"","warning","Eaton 9PX3000i RT 2U","","Input AC frequency in range","00000104","","","Closed"
2023-10-18T16:32:38.510000+00:00,"","warning","Eaton 9PX3000i RT 2U","","No more on battery","00000001","","","Closed"
2023-10-18T16:04:25.740000+00:00,"","critical","Eaton 9PX 3000i RT 2U","","Shutdown canceled","00000802","","","Closed"
2023-10-18T16:04:25.709000+00:00,"","warning","Eaton 9PX 3000i RT 2U","","Battery low voltage","00000610","","","Open"
2023-10-18T16:04:25.550000+00:00,"","info","Output Group 2","","Group is OFF","00000A0F","","","Open"
2023-10-18T16:04:25.516000+00:00,"","info","Output Group 1","","Group is OFF","00000A0F","","","Open"
2023-10-18T16:04:25.485000+00:00,"","info","Output","","Group is OFF","00000A0F","","","Open"
2023-10-18T16:04:24.645000+00:00,"","warning","Eaton 9PX3000i RT 2U","","Bypass phase in range","00000200","","","Closed"
2023-10-18T16:04:24.342000+00:00,"","info","Output Group 2","","Sequential shutdown canceled","00001016","","","Closed"
2023-10-18T16:04:24.333000+00:00,"","info","Output Group 1","","Sequential shutdown canceled","00001016","","","Closed"
2023-10-18T16:04:24.232000+00:00,"","info","Output","","Sequential shutdown canceled","00001016","","","Closed"
2023-10-18T16:04:24.102000+00:00,"","warning","Eaton 9PX3000i RT 2U","","Load not powered","0000081D","","","Open"
2023-10-18T16:04:23.833000+00:00,"","warning","Eaton 9PX3000i RT 2U","","End of UPS battery discharge","00000603","","","Closed"
2023-10-18T16:04:06.794000+00:00,"","critical","Eaton 9PX 3000i RT 2U","","Shutdown imminent","00000802","","","Open"
2023-10-18T15:54:37.370000+00:00,"","warning","Eaton 9PX3000i RT 2U","","Bypass voltage out of range","00000209","","","Open"
2023-10-18T15:54:37.128000+00:00,"","warning","Eaton 9PX3000i RT 2U","","Bypass phase out range","00000200","","","Open"
2023-10-18T15:54:37.067000+00:00,"","warning","Eaton 9PX3000i RT 2U","","Bypass not available","00000201","","","Open"
2023-10-18T15:54:37.012000+00:00,"","warning","Eaton 9PX3000i RT 2U","","Bypass frequency out of range","00000206","","","Open"
2023-10-18T15:54:36.833000+00:00,"","warning","Eaton 9PX3000i RT 2U","","Input AC voltage out of range (-)","00000108","","","Open"
2023-10-18T15:54:36.757000+00:00,"","warning","Eaton 9PX3000i RT 2U","","Input AC not present","00000106","","","Open"
2023-10-18T15:54:36.621000+00:00,"","warning","Eaton 9PX3000i RT 2U","","Input AC frequency out of range","00000104","","","Open"
2023-10-18T15:54:36.299000+00:00,"","info","Output Group 2","","Sequential shutdown scheduled","00001016","","","Open"
2023-10-18T15:54:36.158000+00:00,"","info","Output Group 1","","Sequential shutdown scheduled","00001016","","","Open"
2023-10-18T15:54:35.930000+00:00,"","info","Output","","Sequential shutdown scheduled","00001016","","","Open"
2023-10-18T15:54:35.560000+00:00,"","warning","Eaton 9PX3000i RT 2U","","Battery discharging","00000603","","","Open"
2023-10-18T15:54:35.420000+00:00,"","warning","Eaton 9PX3000i RT 2U","","On battery","00000001","","","Open"
2023-10-18T15:35:48.662000+00:00,"","info","Output Group 2","","Sequential shutdown canceled","00001016","","","Closed"
2023-10-18T15:35:48.643000+00:00,"","info","Output Group 1","","Sequential shutdown canceled","00001016","","","Closed"
2023-10-18T15:35:48.499000+00:00,"","info","Output","","Sequential shutdown canceled","00001016","","","Closed"
2023-10-18T15:35:48.127000+00:00,"","warning","Eaton 9PX3000i RT 2U","","End of UPS battery discharge","00000603","","","Closed"
2023-10-18T15:35:45.816000+00:00,"","warning","Eaton 9PX3000i RT 2U","","Bypass phase in range","00000200","","","Closed"
2023-10-18T15:35:45.776000+00:00,"","warning","Eaton 9PX3000i RT 2U","","Bypass available","00000201","","","Closed"
2023-10-18T15:35:45.753000+00:00,"","warning","Eaton 9PX3000i RT 2U","","Bypass frequency in range","00000206","","","Closed"
2023-10-18T15:35:45.508000+00:00,"","info","Output Group 2","","Sequential shutdown scheduled","00001016","","","Open"
2023-10-18T15:35:45.359000+00:00,"","info","Output Group 1","","Sequential shutdown scheduled","00001016","","","Open"
2023-10-18T15:35:45.182000+00:00,"","info","Output","","Sequential shutdown scheduled","00001016","","","Open"
2023-10-18T15:35:44.916000+00:00,"","warning","Eaton 9PX3000i RT 2U","","Battery discharging","00000603","","","Open"
2023-10-18T15:35:42.839000+00:00,"","warning","Eaton 9PX3000i RT 2U","","Bypass phase out range","00000200","","","Open"
2023-10-18T15:35:42.782000+00:00,"","warning","Eaton 9PX3000i RT 2U","","Bypass not available","00000201","","","Open"
2023-10-18T15:35:42.754000+00:00,"","warning","Eaton 9PX3000i RT 2U","","Bypass frequency out of range","00000206","","","Open"
2023-10-18T15:30:35.005000+00:00,"","info","Output Group 2","","Sequential shutdown canceled","00001016","","","Closed"
2023-10-18T15:30:34.992000+00:00,"","info","Output Group 1","","Sequential shutdown canceled","00001016","","","Closed"
2023-10-18T15:30:34.875000+00:00,"","info","Output","","Sequential shutdown canceled","00001016","","","Closed"
2023-10-18T15:30:34.481000+00:00,"","warning","Eaton 9PX3000i RT 2U","","End of UPS battery discharge","00000603","","","Closed"
2023-10-18T15:30:29.539000+00:00,"","info","Output Group 2","","Sequential shutdown scheduled","00001016","","","Open"
2023-10-18T15:30:29.429000+00:00,"","info","Output Group 1","","Sequential shutdown scheduled","00001016","","","Open"
2023-10-18T15:30:29.264000+00:00,"","info","Output","","Sequential shutdown scheduled","00001016","","","Open"
2023-10-18T15:30:28.939000+00:00,"","warning","Eaton 9PX3000i RT 2U","","Battery discharging","00000603","","","Open"
2023-10-18T13:50:19.090000+00:00,"","info","Output Group 2","","Sequential shutdown canceled","00001016","","","Closed"
2023-10-18T13:50:19.076000+00:00,"","info","Output Group 1","","Sequential shutdown canceled","00001016","","","Closed"
2023-10-18T13:50:18.936000+00:00,"","info","Output","","Sequential shutdown canceled","00001016","","","Closed"
2023-10-18T13:50:18.542000+00:00,"","warning","Eaton 9PX3000i RT 2U","","End of UPS battery discharge","00000603","","","Closed"
2023-10-18T13:50:13.525000+00:00,"","info","Output Group 2","","Sequential shutdown scheduled","00001016","","","Open"
2023-10-18T13:50:13.402000+00:00,"","info","Output Group 1","","Sequential shutdown scheduled","00001016","","","Open"
2023-10-18T13:50:13.236000+00:00,"","info","Output","","Sequential shutdown scheduled","00001016","","","Open"
2023-10-18T13:50:12.954000+00:00,"","warning","Eaton 9PX3000i RT 2U","","Battery discharging","00000603","","","Open"
2023-10-18T13:46:23.171000+00:00,"","warning","Eaton 9PX3000i RT 2U","","Bypass phase in range","00000200","","","Closed"
2023-10-18T13:46:20.630000+00:00,"","warning","Eaton 9PX3000i RT 2U","","Bypass phase out range","00000200","","","Open"
2023-10-18T13:41:35.429000+00:00,"","info","Output Group 2","","Sequential shutdown canceled","00001016","","","Closed"
2023-10-18T13:41:35.414000+00:00,"","info","Output Group 1","","Sequential shutdown canceled","00001016","","","Closed"
2023-10-18T13:41:35.306000+00:00,"","info","Output","","Sequential shutdown canceled","00001016","","","Closed"
2023-10-18T13:41:34.919000+00:00,"","warning","Eaton 9PX3000i RT 2U","","End of UPS battery discharge","00000603","","","Closed"
2023-10-18T13:41:32.739000+00:00,"","warning","Eaton 9PX3000i RT 2U","","Bypass phase in range","00000200","","","Closed"
2023-10-18T13:41:30.140000+00:00,"","warning","Eaton 9PX3000i RT 2U","","Bypass phase out range","00000200","","","Open"
2023-10-18T13:41:29.729000+00:00,"","info","Output Group 2","","Sequential shutdown scheduled","00001016","","","Open"
2023-10-18T13:41:29.643000+00:00,"","info","Output Group 1","","Sequential shutdown scheduled","00001016","","","Open"
2023-10-18T13:41:29.479000+00:00,"","info","Output","","Sequential shutdown scheduled","00001016","","","Open"
2023-10-18T13:41:29.140000+00:00,"","warning","Eaton 9PX3000i RT 2U","","Battery discharging","00000603","","","Open"
2023-10-18T12:19:35.972000+00:00,"","info","Output Group 2","","Sequential shutdown canceled","00001016","","","Closed"
2023-10-18T12:19:35.956000+00:00,"","info","Output Group 1","","Sequential shutdown canceled","00001016","","","Closed"
2023-10-18T12:19:35.742000+00:00,"","info","Output","","Sequential shutdown canceled","00001016","","","Closed"
2023-10-18T12:19:35.364000+00:00,"","warning","Eaton 9PX3000i RT 2U","","End of UPS battery discharge","00000603","","","Closed"
2023-10-18T12:19:33.027000+00:00,"","warning","Eaton 9PX3000i RT 2U","","Bypass phase in range","00000200","","","Closed"
2023-10-18T12:19:32.978000+00:00,"","warning","Eaton 9PX3000i RT 2U","","Bypass available","00000201","","","Closed"
2023-10-18T12:19:32.960000+00:00,"","warning","Eaton 9PX3000i RT 2U","","Bypass frequency in range","00000206","","","Closed"
2023-10-18T12:19:32.771000+00:00,"","warning","Eaton 9PX3000i RT 2U","","Input AC voltage in range","00000108","","","Closed"
2023-10-18T12:19:32.719000+00:00,"","warning","Eaton 9PX3000i RT 2U","","Input AC present","00000106","","","Closed"
2023-10-18T12:19:32.610000+00:00,"","warning","Eaton 9PX3000i RT 2U","","Input AC frequency in range","00000104","","","Closed"
2023-10-18T12:19:32.337000+00:00,"","info","Output Group 2","","Sequential shutdown scheduled","00001016","","","Open"
2023-10-18T12:19:32.226000+00:00,"","info","Output Group 1","","Sequential shutdown scheduled","00001016","","","Open"
2023-10-18T12:19:32.062000+00:00,"","info","Output","","Sequential shutdown scheduled","00001016","","","Open"
2023-10-18T12:19:31.752000+00:00,"","warning","Eaton 9PX3000i RT 2U","","Battery discharging","00000603","","","Open"
2023-10-18T12:19:29.330000+00:00,"","warning","Eaton 9PX3000i RT 2U","","Bypass phase out range","00000200","","","Open"
2023-10-18T12:19:29.274000+00:00,"","warning","Eaton 9PX3000i RT 2U","","Bypass not available","00000201","","","Open"
2023-10-18T12:19:29.204000+00:00,"","warning","Eaton 9PX3000i RT 2U","","Bypass frequency out of range","00000206","","","Open"
2023-10-18T12:19:29.079000+00:00,"","warning","Eaton 9PX3000i RT 2U","","Input AC voltage out of range (-)","00000108","","","Open"
2023-10-18T12:19:29.004000+00:00,"","warning","Eaton 9PX3000i RT 2U","","Input AC not present","00000106","","","Open"
2023-10-18T12:19:28.840000+00:00,"","warning","Eaton 9PX3000i RT 2U","","Input AC frequency out of range","00000104","","","Open"
2023-10-18T12:03:51.895000+00:00,"","warning","Eaton 9PX3000i RT 2U","","Bypass phase in range","00000200","","","Closed"
2023-10-18T12:03:49.278000+00:00,"","warning","Eaton 9PX3000i RT 2U","","Bypass phase out range","00000200","","","Open"
2023-10-18T11:35:23.450000+00:00,"","warning","Eaton 9PX3000i RT 2U","","Bypass phase in range","00000200","","","Closed"
2023-10-18T11:35:20.868000+00:00,"","warning","Eaton 9PX3000i RT 2U","","Bypass phase out range","00000200","","","Open"
2023-10-18T11:05:47.804000+00:00,"","info","Output Group 2","","Sequential shutdown canceled","00001016","","","Closed"
2023-10-18T11:05:47.783000+00:00,"","info","Output Group 1","","Sequential shutdown canceled","00001016","","","Closed"
2023-10-18T11:05:47.637000+00:00,"","info","Output","","Sequential shutdown canceled","00001016","","","Closed"
2023-10-18T11:05:47.196000+00:00,"","warning","Eaton 9PX3000i RT 2U","","End of UPS battery discharge","00000603","","","Closed"
2023-10-18T11:05:42.254000+00:00,"","info","Output Group 2","","Sequential shutdown scheduled","00001016","","","Open"
2023-10-18T11:05:42.169000+00:00,"","info","Output Group 1","","Sequential shutdown scheduled","00001016","","","Open"
2023-10-18T11:05:42.023000+00:00,"","info","Output","","Sequential shutdown scheduled","00001016","","","Open"
2023-10-18T11:05:41.661000+00:00,"","warning","Eaton 9PX3000i RT 2U","","Battery discharging","00000603","","","Open"
2023-10-18T09:29:52.644000+00:00,"","info","Output Group 2","","Sequential shutdown canceled","00001016","","","Closed"
2023-10-18T09:29:52.629000+00:00,"","info","Output Group 1","","Sequential shutdown canceled","00001016","","","Closed"
2023-10-18T09:29:52.426000+00:00,"","info","Output","","Sequential shutdown canceled","00001016","","","Closed"
2023-10-18T09:29:52.016000+00:00,"","warning","Eaton 9PX3000i RT 2U","","End of UPS battery discharge","00000603","","","Closed"
2023-10-18T09:29:49.792000+00:00,"","warning","Eaton 9PX3000i RT 2U","","Bypass phase in range","00000200","","","Closed"
2023-10-18T09:29:47.156000+00:00,"","warning","Eaton 9PX3000i RT 2U","","Bypass phase out range","00000200","","","Open"
2023-10-18T09:29:46.759000+00:00,"","info","Output Group 2","","Sequential shutdown scheduled","00001016","","","Open"
2023-10-18T09:29:46.670000+00:00,"","info","Output Group 1","","Sequential shutdown scheduled","00001016","","","Open"
2023-10-18T09:29:46.508000+00:00,"","info","Output","","Sequential shutdown scheduled","00001016","","","Open"
2023-10-18T09:29:46.157000+00:00,"","warning","Eaton 9PX3000i RT 2U","","Battery discharging","00000603","","","Open"
2023-10-18T07:12:58.478000+00:00,"","warning","Eaton 9PX 3000i RT 2U","","Battery OK","00000610","","","Closed"
2023-10-18T07:12:58.346000+00:00,"","info","Output Group 2","","Group is ON","00000A0F","","","Closed"
2023-10-18T07:12:58.341000+00:00,"","info","Output Group 1","","Group is ON","00000A0F","","","Closed"
2023-10-18T07:12:58.337000+00:00,"","info","Output","","Group is ON","00000A0F","","","Closed"
2023-10-18T07:12:56.825000+00:00,"","warning","Eaton 9PX3000i RT 2U","","Load protected","0000081D","","","Closed"
2023-10-18T07:12:56.786000+00:00,"","warning","Eaton 9PX3000i RT 2U","","No more on battery","00000001","","","Closed"
2023-10-18T07:12:56.653000+00:00,"","warning","Eaton 9PX3000i RT 2U","","Bypass voltage in range","00000209","","","Closed"
2023-10-18T07:12:56.645000+00:00,"","warning","Eaton 9PX3000i RT 2U","","Bypass available","00000201","","","Closed"
2023-10-18T07:12:56.644000+00:00,"","warning","Eaton 9PX3000i RT 2U","","Bypass frequency in range","00000206","","","Closed"
2023-10-18T07:12:56.628000+00:00,"","warning","Eaton 9PX3000i RT 2U","","Input AC voltage in range","00000108","","","Closed"
2023-10-18T07:12:56.619000+00:00,"","warning","Eaton 9PX3000i RT 2U","","Input AC present","00000106","","","Closed"
2023-10-18T07:12:56.603000+00:00,"","warning","Eaton 9PX3000i RT 2U","","Input AC frequency in range","00000104","","","Closed"
2023-10-17T08:31:53.337000+00:00,"","warning","Eaton 9PX3000i RT 2U","","Bypass phase in range","00000200","","","Closed"
2023-10-17T08:31:45.595000+00:00,"","warning","Eaton 9PX3000i RT 2U","","Bypass phase out range","00000200","","","Open"
2023-10-17T07:01:49.443000+00:00,"","critical","Eaton 9PX 3000i RT 2U","","Shutdown canceled","00000802","","","Closed"
2023-10-17T07:01:49.363000+00:00,"","warning","Eaton 9PX 3000i RT 2U","","Battery low voltage","00000610","","","Open"
2023-10-17T07:01:49.128000+00:00,"","info","Output Group 2","","Group is OFF","00000A0F","","","Open"
2023-10-17T07:01:49.037000+00:00,"","info","Output Group 1","","Group is OFF","00000A0F","","","Open"
2023-10-17T07:01:48.938000+00:00,"","info","Output","","Group is OFF","00000A0F","","","Open"
2023-10-17T07:01:48.014000+00:00,"","warning","Eaton 9PX3000i RT 2U","","Bypass phase in range","00000200","","","Closed"
2023-10-17T07:01:47.688000+00:00,"","info","Output Group 2","","Sequential shutdown canceled","00001016","","","Closed"
2023-10-17T07:01:47.643000+00:00,"","info","Output Group 1","","Sequential shutdown canceled","00001016","","","Closed"
2023-10-17T07:01:47.424000+00:00,"","info","Output","","Sequential shutdown canceled","00001016","","","Closed"
2023-10-17T07:01:47.126000+00:00,"","warning","Eaton 9PX3000i RT 2U","","Load not powered","0000081D","","","Open"
2023-10-17T07:01:46.780000+00:00,"","warning","Eaton 9PX3000i RT 2U","","End of UPS battery discharge","00000603","","","Closed"
2023-10-17T07:00:53.649000+00:00,"","critical","Eaton 9PX 3000i RT 2U","","Shutdown imminent","00000802","","","Open"
2023-10-17T06:48:27.318000+00:00,"","warning","Eaton 9PX3000i RT 2U","","Battery discharging","00000603","","","Open"
2023-10-17T06:48:27.178000+00:00,"","warning","Eaton 9PX3000i RT 2U","","On battery","00000001","","","Open"
2023-10-17T06:48:24.566000+00:00,"","warning","Eaton 9PX3000i RT 2U","","Bypass voltage out of range","00000209","","","Open"
2023-10-17T06:48:24.356000+00:00,"","warning","Eaton 9PX3000i RT 2U","","Bypass phase out range","00000200","","","Open"
2023-10-17T06:48:24.286000+00:00,"","warning","Eaton 9PX3000i RT 2U","","Bypass not available","00000201","","","Open"
2023-10-17T06:48:24.228000+00:00,"","warning","Eaton 9PX3000i RT 2U","","Bypass frequency out of range","00000206","","","Open"
2023-10-17T06:48:24.047000+00:00,"","warning","Eaton 9PX3000i RT 2U","","Input AC voltage out of range (-)","00000108","","","Open"
2023-10-17T06:48:23.978000+00:00,"","warning","Eaton 9PX3000i RT 2U","","Input AC not present","00000106","","","Open"
2023-10-17T06:48:23.841000+00:00,"","warning","Eaton 9PX3000i RT 2U","","Input AC frequency out of range","00000104","","","Open"
2023-10-17T06:48:23.489000+00:00,"","info","Output Group 2","","Sequential shutdown scheduled","00001016","","","Open"
2023-10-17T06:48:23.350000+00:00,"","info","Output Group 1","","Sequential shutdown scheduled","00001016","","","Open"
2023-10-17T06:48:23.161000+00:00,"","info","Output","","Sequential shutdown scheduled","00001016","","","Open"
2023-10-17T03:51:56.500000+00:00,"","info","Output Group 2","","Sequential shutdown canceled","00001016","","","Closed"
2023-10-17T03:51:56.463000+00:00,"","info","Output Group 1","","Sequential shutdown canceled","00001016","","","Closed"
2023-10-17T03:51:56.330000+00:00,"","info","Output","","Sequential shutdown canceled","00001016","","","Closed"
2023-10-17T03:51:55.941000+00:00,"","warning","Eaton 9PX3000i RT 2U","","End of UPS battery discharge","00000603","","","Closed"
2023-10-17T03:51:53.638000+00:00,"","warning","Eaton 9PX3000i RT 2U","","Bypass phase in range","00000200","","","Closed"
2023-10-17T03:51:53.578000+00:00,"","warning","Eaton 9PX3000i RT 2U","","Bypass available","00000201","","","Closed"
2023-10-17T03:51:53.558000+00:00,"","warning","Eaton 9PX3000i RT 2U","","Bypass frequency in range","00000206","","","Closed"
2023-10-17T03:51:53.147000+00:00,"","info","Output Group 2","","Sequential shutdown scheduled","00001016","","","Open"
2023-10-17T03:51:53.044000+00:00,"","info","Output Group 1","","Sequential shutdown scheduled","00001016","","","Open"
2023-10-17T03:51:52.816000+00:00,"","info","Output","","Sequential shutdown scheduled","00001016","","","Open"
2023-10-17T03:51:52.487000+00:00,"","warning","Eaton 9PX3000i RT 2U","","Battery discharging","00000603","","","Open"
2023-10-17T03:51:50.016000+00:00,"","warning","Eaton 9PX3000i RT 2U","","Bypass phase out range","00000200","","","Open"
2023-10-17T03:51:49.969000+00:00,"","warning","Eaton 9PX3000i RT 2U","","Bypass not available","00000201","","","Open"
2023-10-17T03:51:49.940000+00:00,"","warning","Eaton 9PX3000i RT 2U","","Bypass frequency out of range","00000206","","","Open"
2023-10-17T03:51:47.163000+00:00,"","warning","Eaton 9PX3000i RT 2U","","Bypass phase in range","00000200","","","Closed"
2023-10-17T03:51:44.546000+00:00,"","warning","Eaton 9PX3000i RT 2U","","Bypass phase out range","00000200","","","Open"
2023-10-17T03:50:57.199000+00:00,"","info","Output Group 2","","Sequential shutdown canceled","00001016","","","Closed"
2023-10-17T03:50:57.185000+00:00,"","info","Output Group 1","","Sequential shutdown canceled","00001016","","","Closed"
2023-10-17T03:50:57.042000+00:00,"","info","Output","","Sequential shutdown canceled","00001016","","","Closed"
2023-10-17T03:50:56.645000+00:00,"","warning","Eaton 9PX3000i RT 2U","","End of UPS battery discharge","00000603","","","Closed"
2023-10-17T03:50:54.646000+00:00,"","warning","Eaton 9PX3000i RT 2U","","Bypass phase in range","00000200","","","Closed"
2023-10-17T03:50:52.131000+00:00,"","warning","Eaton 9PX3000i RT 2U","","Bypass phase out range","00000200","","","Open"
2023-10-17T03:50:51.728000+00:00,"","info","Output Group 2","","Sequential shutdown scheduled","00001016","","","Open"
2023-10-17T03:50:51.602000+00:00,"","info","Output Group 1","","Sequential shutdown scheduled","00001016","","","Open"
2023-10-17T03:50:51.408000+00:00,"","info","Output","","Sequential shutdown scheduled","00001016","","","Open"
2023-10-17T03:50:51.151000+00:00,"","warning","Eaton 9PX3000i RT 2U","","Battery discharging","00000603","","","Open"
2023-10-17T03:50:11.228000+00:00,"","info","Output Group 2","","Sequential shutdown canceled","00001016","","","Closed"
2023-10-17T03:50:11.210000+00:00,"","info","Output Group 1","","Sequential shutdown canceled","00001016","","","Closed"
2023-10-17T03:50:10.992000+00:00,"","info","Output","","Sequential shutdown canceled","00001016","","","Closed"
2023-10-17T03:50:10.575000+00:00,"","warning","Eaton 9PX3000i RT 2U","","End of UPS battery discharge","00000603","","","Closed"
2023-10-17T03:50:08.436000+00:00,"","warning","Eaton 9PX3000i RT 2U","","Bypass phase in range","00000200","","","Closed"
2023-10-17T03:50:08.396000+00:00,"","warning","Eaton 9PX3000i RT 2U","","Bypass available","00000201","","","Closed"
2023-10-17T03:50:08.354000+00:00,"","warning","Eaton 9PX3000i RT 2U","","Bypass frequency in range","00000206","","","Closed"
2023-10-17T03:50:08.202000+00:00,"","warning","Eaton 9PX3000i RT 2U","","Input AC voltage in range","00000108","","","Closed"
2023-10-17T03:50:08.145000+00:00,"","warning","Eaton 9PX3000i RT 2U","","Input AC present","00000106","","","Closed"
2023-10-17T03:50:08.030000+00:00,"","warning","Eaton 9PX3000i RT 2U","","Input AC frequency in range","00000104","","","Closed"
2023-10-17T03:50:07.791000+00:00,"","info","Output Group 2","","Sequential shutdown scheduled","00001016","","","Open"
2023-10-17T03:50:07.707000+00:00,"","info","Output Group 1","","Sequential shutdown scheduled","00001016","","","Open"
2023-10-17T03:50:07.545000+00:00,"","info","Output","","Sequential shutdown scheduled","00001016","","","Open"
2023-10-17T03:50:07.284000+00:00,"","warning","Eaton 9PX3000i RT 2U","","Battery discharging","00000603","","","Open"
2023-10-17T03:50:05.040000+00:00,"","warning","Eaton 9PX3000i RT 2U","","Bypass phase out range","00000200","","","Open"
2023-10-17T03:50:04.991000+00:00,"","warning","Eaton 9PX3000i RT 2U","","Bypass not available","00000201","","","Open"
2023-10-17T03:50:04.951000+00:00,"","warning","Eaton 9PX3000i RT 2U","","Bypass frequency out of range","00000206","","","Open"
2023-10-17T03:50:04.809000+00:00,"","warning","Eaton 9PX3000i RT 2U","","Input AC voltage out of range (-)","00000108","","","Open"
2023-10-17T03:50:04.753000+00:00,"","warning","Eaton 9PX3000i RT 2U","","Input AC not present","00000106","","","Open"
2023-10-17T03:50:04.649000+00:00,"","warning","Eaton 9PX3000i RT 2U","","Input AC frequency out of range","00000104","","","Open"
2023-10-17T03:37:50.600000+00:00,"","info","Output Group 2","","Sequential shutdown canceled","00001016","","","Closed"
2023-10-17T03:37:50.582000+00:00,"","info","Output Group 1","","Sequential shutdown canceled","00001016","","","Closed"
2023-10-17T03:37:50.390000+00:00,"","info","Output","","Sequential shutdown canceled","00001016","","","Closed"
2023-10-17T03:37:49.958000+00:00,"","warning","Eaton 9PX3000i RT 2U","","End of UPS battery discharge","00000603","","","Closed"
2023-10-17T03:37:48.182000+00:00,"","warning","Eaton 9PX3000i RT 2U","","Bypass phase in range","00000200","","","Closed"
2023-10-17T03:37:47.438000+00:00,"","warning","Eaton 9PX3000i RT 2U","","Battery discharging","00000603","","","Open"
2023-10-17T03:37:45.258000+00:00,"","warning","Eaton 9PX3000i RT 2U","","Bypass phase out range","00000200","","","Open"
2023-10-17T03:37:44.931000+00:00,"","info","Output Group 2","","Sequential shutdown scheduled","00001016","","","Open"
2023-10-17T03:37:44.855000+00:00,"","info","Output Group 1","","Sequential shutdown scheduled","00001016","","","Open"
2023-10-17T03:37:44.708000+00:00,"","info","Output","","Sequential shutdown scheduled","00001016","","","Open"
2023-10-16T18:05:02.506000+00:00,"","warning","Eaton 9PX3000i RT 2U","","Bypass voltage in range","00000209","","","Closed"
2023-10-16T18:05:02.201000+00:00,"","warning","Eaton 9PX3000i RT 2U","","Bypass phase in range","00000200","","","Closed"
2023-10-16T18:05:02.128000+00:00,"","warning","Eaton 9PX3000i RT 2U","","Bypass available","00000201","","","Closed"
2023-10-16T18:05:02.026000+00:00,"","warning","Eaton 9PX3000i RT 2U","","Bypass frequency in range","00000206","","","Closed"
2023-10-16T18:05:01.846000+00:00,"","warning","Eaton 9PX3000i RT 2U","","Input AC voltage in range","00000108","","","Closed"
2023-10-16T18:05:01.759000+00:00,"","warning","Eaton 9PX3000i RT 2U","","Input AC present","00000106","","","Closed"
2023-10-16T18:05:01.583000+00:00,"","warning","Eaton 9PX3000i RT 2U","","Input AC frequency in range","00000104","","","Closed"
2023-10-16T18:05:01.234000+00:00,"","info","Output Group 2","","Sequential shutdown canceled","00001016","","","Closed"
2023-10-16T18:05:01.211000+00:00,"","info","Output Group 1","","Sequential shutdown canceled","00001016","","","Closed"
2023-10-16T18:05:00.874000+00:00,"","info","Output","","Sequential shutdown canceled","00001016","","","Closed"
2023-10-16T18:05:00.371000+00:00,"","warning","Eaton 9PX3000i RT 2U","","End of UPS battery discharge","00000603","","","Closed"
2023-10-16T18:05:00.237000+00:00,"","warning","Eaton 9PX3000i RT 2U","","No more on battery","00000001","","","Closed"
2023-10-16T18:04:57.203000+00:00,"","warning","Eaton 9PX3000i RT 2U","","Battery discharging","00000603","","","Open"
2023-10-16T18:04:57.084000+00:00,"","warning","Eaton 9PX3000i RT 2U","","On battery","00000001","","","Open"
2023-10-16T18:04:55.073000+00:00,"","warning","Eaton 9PX3000i RT 2U","","Bypass voltage out of range","00000209","","","Open"
2023-10-16T18:04:54.906000+00:00,"","warning","Eaton 9PX3000i RT 2U","","Bypass phase out range","00000200","","","Open"
2023-10-16T18:04:54.866000+00:00,"","warning","Eaton 9PX3000i RT 2U","","Bypass not available","00000201","","","Open"
2023-10-16T18:04:54.826000+00:00,"","warning","Eaton 9PX3000i RT 2U","","Bypass frequency out of range","00000206","","","Open"
2023-10-16T18:04:54.690000+00:00,"","warning","Eaton 9PX3000i RT 2U","","Input AC voltage out of range (-)","00000108","","","Open"
2023-10-16T18:04:54.639000+00:00,"","warning","Eaton 9PX3000i RT 2U","","Input AC not present","00000106","","","Open"
2023-10-16T18:04:54.511000+00:00,"","warning","Eaton 9PX3000i RT 2U","","Input AC frequency out of range","00000104","","","Open"
2023-10-16T18:04:54.188000+00:00,"","info","Output Group 2","","Sequential shutdown scheduled","00001016","","","Open"
2023-10-16T18:04:54.132000+00:00,"","info","Output Group 1","","Sequential shutdown scheduled","00001016","","","Open"
2023-10-16T18:04:53.988000+00:00,"","info","Output","","Sequential shutdown scheduled","00001016","","","Open"
2023-10-16T16:08:27.226000+00:00,"","warning","Eaton 9PX3000i RT 2U","","Bypass phase in range","00000200","","","Closed"
2023-10-16T16:08:24.592000+00:00,"","warning","Eaton 9PX3000i RT 2U","","Bypass phase out range","00000200","","","Open"
2023-10-16T16:06:23.180000+00:00,"","warning","Eaton 9PX3000i RT 2U","","Bypass phase in range","00000200","","","Closed"
2023-10-16T16:06:22.824000+00:00,"","info","Output Group 2","","Sequential shutdown canceled","00001016","","","Closed"
2023-10-16T16:06:22.807000+00:00,"","info","Output Group 1","","Sequential shutdown canceled","00001016","","","Closed"
2023-10-16T16:06:22.691000+00:00,"","info","Output","","Sequential shutdown canceled","00001016","","","Closed"
2023-10-16T16:06:22.301000+00:00,"","warning","Eaton 9PX3000i RT 2U","","End of UPS battery discharge","00000603","","","Closed"
2023-10-16T16:06:22.201000+00:00,"","warning","Eaton 9PX3000i RT 2U","","No more on battery","00000001","","","Closed"
2023-10-16T16:06:19.831000+00:00,"","warning","Eaton 9PX3000i RT 2U","","Bypass voltage in range","00000209","","","Closed"
2023-10-16T16:06:19.639000+00:00,"","warning","Eaton 9PX3000i RT 2U","","Bypass available","00000201","","","Closed"
2023-10-16T16:06:19.577000+00:00,"","warning","Eaton 9PX3000i RT 2U","","Bypass frequency in range","00000206","","","Closed"
2023-10-16T16:06:19.466000+00:00,"","warning","Eaton 9PX3000i RT 2U","","Input AC voltage in range","00000108","","","Closed"
2023-10-16T16:06:19.413000+00:00,"","warning","Eaton 9PX3000i RT 2U","","Input AC present","00000106","","","Closed"
2023-10-16T16:06:19.311000+00:00,"","warning","Eaton 9PX3000i RT 2U","","Input AC frequency in range","00000104","","","Closed"
2023-10-16T15:57:52.488000+00:00,"","warning","Eaton 9PX3000i RT 2U","","Bypass voltage out of range","00000209","","","Open"
2023-10-16T15:57:52.305000+00:00,"","warning","Eaton 9PX3000i RT 2U","","Bypass phase out range","00000200","","","Open"
2023-10-16T15:57:52.258000+00:00,"","warning","Eaton 9PX3000i RT 2U","","Bypass not available","00000201","","","Open"
2023-10-16T15:57:52.194000+00:00,"","warning","Eaton 9PX3000i RT 2U","","Bypass frequency out of range","00000206","","","Open"
2023-10-16T15:57:52.041000+00:00,"","warning","Eaton 9PX3000i RT 2U","","Input AC voltage out of range (-)","00000108","","","Open"
2023-10-16T15:57:51.988000+00:00,"","warning","Eaton 9PX3000i RT 2U","","Input AC not present","00000106","","","Open"
2023-10-16T15:57:51.879000+00:00,"","warning","Eaton 9PX3000i RT 2U","","Input AC frequency out of range","00000104","","","Open"
2023-10-16T15:57:51.607000+00:00,"","info","Output Group 2","","Sequential shutdown scheduled","00001016","","","Open"
2023-10-16T15:57:51.483000+00:00,"","info","Output Group 1","","Sequential shutdown scheduled","00001016","","","Open"
2023-10-16T15:57:51.303000+00:00,"","info","Output","","Sequential shutdown scheduled","00001016","","","Open"
2023-10-16T15:57:51.025000+00:00,"","warning","Eaton 9PX3000i RT 2U","","Battery discharging","00000603","","","Open"
2023-10-16T15:57:50.923000+00:00,"","warning","Eaton 9PX3000i RT 2U","","On battery","00000001","","","Open"
2023-10-16T15:17:45.607000+00:00,"","warning","Eaton 9PX3000i RT 2U","","Bypass phase in range","00000200","","","Closed"
2023-10-16T15:17:45.136000+00:00,"","info","Output Group 2","","Sequential shutdown canceled","00001016","","","Closed"
2023-10-16T15:17:45.125000+00:00,"","info","Output Group 1","","Sequential shutdown canceled","00001016","","","Closed"
2023-10-16T15:17:45.115000+00:00,"","info","Output","","Sequential shutdown canceled","00001016","","","Closed"
2023-10-16T15:17:44.706000+00:00,"","warning","Eaton 9PX3000i RT 2U","","End of UPS battery discharge","00000603","","","Closed"
2023-10-16T15:17:42.400000+00:00,"","info","Output Group 2","","Sequential shutdown scheduled","00001016","","","Open"
2023-10-16T15:17:42.257000+00:00,"","info","Output Group 1","","Sequential shutdown scheduled","00001016","","","Open"
2023-10-16T15:17:42.085000+00:00,"","info","Output","","Sequential shutdown scheduled","00001016","","","Open"
2023-10-16T15:17:41.805000+00:00,"","warning","Eaton 9PX3000i RT 2U","","Battery discharging","00000603","","","Open"
2023-10-16T15:17:39.810000+00:00,"","warning","Eaton 9PX3000i RT 2U","","Bypass phase out range","00000200","","","Open"
2023-10-16T13:18:30.380000+00:00,"","warning","Eaton 9PX3000i RT 2U","","End of UPS battery discharge","00000603","","","Closed"
2023-10-16T13:18:28.091000+00:00,"","warning","Eaton 9PX3000i RT 2U","","Bypass phase in range","00000200","","","Closed"
2023-10-16T13:18:27.741000+00:00,"","info","Output Group 2","","Sequential shutdown canceled","00001016","","","Closed"
2023-10-16T13:18:27.696000+00:00,"","info","Output Group 1","","Sequential shutdown canceled","00001016","","","Closed"
2023-10-16T13:18:27.589000+00:00,"","info","Output","","Sequential shutdown canceled","00001016","","","Closed"
2023-10-16T13:18:20.101000+00:00,"","warning","Eaton 9PX3000i RT 2U","","Bypass available","00000201","","","Closed"
2023-10-16T13:18:19.655000+00:00,"","info","Output Group 2","","Sequential shutdown scheduled","00001016","","","Open"
2023-10-16T13:18:19.574000+00:00,"","info","Output Group 1","","Sequential shutdown scheduled","00001016","","","Open"
2023-10-16T13:18:19.410000+00:00,"","info","Output","","Sequential shutdown scheduled","00001016","","","Open"
2023-10-16T13:18:19.111000+00:00,"","warning","Eaton 9PX3000i RT 2U","","Battery discharging","00000603","","","Open"
2023-10-16T13:18:16.802000+00:00,"","warning","Eaton 9PX3000i RT 2U","","Bypass phase out range","00000200","","","Open"
2023-10-16T13:18:16.768000+00:00,"","warning","Eaton 9PX3000i RT 2U","","Bypass not available","00000201","","","Open"
2023-10-16T13:12:54.868000+00:00,"","info","Output Group 2","","Sequential shutdown canceled","00001016","","","Closed"
2023-10-16T13:12:54.854000+00:00,"","info","Output Group 1","","Sequential shutdown canceled","00001016","","","Closed"
2023-10-16T13:12:54.711000+00:00,"","info","Output","","Sequential shutdown canceled","00001016","","","Closed"
2023-10-16T13:12:54.351000+00:00,"","warning","Eaton 9PX3000i RT 2U","","End of UPS battery discharge","00000603","","","Closed"
2023-10-16T13:12:52.453000+00:00,"","warning","Eaton 9PX3000i RT 2U","","Bypass phase in range","00000200","","","Closed"
2023-10-16T13:12:52.435000+00:00,"","warning","Eaton 9PX3000i RT 2U","","Bypass available","00000201","","","Closed"
2023-10-16T13:12:52.079000+00:00,"","info","Output Group 2","","Sequential shutdown scheduled","00001016","","","Open"
2023-10-16T13:12:51.997000+00:00,"","info","Output Group 1","","Sequential shutdown scheduled","00001016","","","Open"
2023-10-16T13:12:51.839000+00:00,"","info","Output","","Sequential shutdown scheduled","00001016","","","Open"
2023-10-16T13:12:51.560000+00:00,"","warning","Eaton 9PX3000i RT 2U","","Battery discharging","00000603","","","Open"
2023-10-16T13:12:49.160000+00:00,"","warning","Eaton 9PX3000i RT 2U","","Bypass phase out range","00000200","","","Open"
2023-10-16T13:12:49.137000+00:00,"","warning","Eaton 9PX3000i RT 2U","","Bypass not available","00000201","","","Open"
2023-10-16T12:39:43.859000+00:00,"","warning","Eaton 9PX3000i RT 2U","","Bypass phase in range","00000200","","","Closed"
2023-10-16T12:39:41.160000+00:00,"","warning","Eaton 9PX3000i RT 2U","","Bypass phase out range","00000200","","","Open"
2023-10-16T12:37:53.991000+00:00,"","info","Output Group 2","","Sequential shutdown canceled","00001016","","","Closed"
2023-10-16T12:37:53.979000+00:00,"","info","Output Group 1","","Sequential shutdown canceled","00001016","","","Closed"
2023-10-16T12:37:53.840000+00:00,"","info","Output","","Sequential shutdown canceled","00001016","","","Closed"
2023-10-16T12:37:53.458000+00:00,"","warning","Eaton 9PX3000i RT 2U","","End of UPS battery discharge","00000603","","","Closed"
2023-10-16T12:37:51.282000+00:00,"","warning","Eaton 9PX3000i RT 2U","","Bypass phase in range","00000200","","","Closed"
2023-10-16T12:37:50.473000+00:00,"","warning","Eaton 9PX3000i RT 2U","","No more on battery","00000001","","","Closed"
2023-10-16T12:37:48.563000+00:00,"","warning","Eaton 9PX3000i RT 2U","","Bypass phase out range","00000200","","","Open"
2023-10-16T12:37:48.156000+00:00,"","info","Output Group 2","","Sequential shutdown scheduled","00001016","","","Open"
2023-10-16T12:37:48.078000+00:00,"","info","Output Group 1","","Sequential shutdown scheduled","00001016","","","Open"
2023-10-16T12:37:47.909000+00:00,"","info","Output","","Sequential shutdown scheduled","00001016","","","Open"
2023-10-16T12:37:47.624000+00:00,"","warning","Eaton 9PX3000i RT 2U","","Battery discharging","00000603","","","Open"
2023-10-16T12:37:47.524000+00:00,"","warning","Eaton 9PX3000i RT 2U","","On battery","00000001","","","Open"
2023-10-16T12:27:49.425000+00:00,"","warning","Eaton 9PX3000i RT 2U","","Bypass phase in range","00000200","","","Closed"
2023-10-16T12:27:46.945000+00:00,"","warning","Eaton 9PX3000i RT 2U","","Bypass phase out range","00000200","","","Open"
2023-10-16T12:26:57.010000+00:00,"","warning","Eaton 9PX3000i RT 2U","","Bypass phase in range","00000200","","","Closed"
2023-10-16T12:26:56.589000+00:00,"","info","Output Group 2","","Sequential shutdown canceled","00001016","","","Closed"
2023-10-16T12:26:56.575000+00:00,"","info","Output Group 1","","Sequential shutdown canceled","00001016","","","Closed"
2023-10-16T12:26:56.417000+00:00,"","info","Output","","Sequential shutdown canceled","00001016","","","Closed"
2023-10-16T12:26:55.926000+00:00,"","warning","Eaton 9PX3000i RT 2U","","End of UPS battery discharge","00000603","","","Closed"
2023-10-16T12:26:53.382000+00:00,"","warning","Eaton 9PX3000i RT 2U","","Battery discharging","00000603","","","Open"
2023-10-16T12:26:51.266000+00:00,"","warning","Eaton 9PX3000i RT 2U","","Bypass phase out range","00000200","","","Open"
2023-10-16T12:26:50.902000+00:00,"","info","Output Group 2","","Sequential shutdown scheduled","00001016","","","Open"
2023-10-16T12:26:50.826000+00:00,"","info","Output Group 1","","Sequential shutdown scheduled","00001016","","","Open"
2023-10-16T12:26:50.685000+00:00,"","info","Output","","Sequential shutdown scheduled","00001016","","","Open"
2023-10-16T12:22:15.462000+00:00,"","info","Output Group 2","","Sequential shutdown canceled","00001016","","","Closed"
2023-10-16T12:22:15.442000+00:00,"","info","Output Group 1","","Sequential shutdown canceled","00001016","","","Closed"
2023-10-16T12:22:15.241000+00:00,"","info","Output","","Sequential shutdown canceled","00001016","","","Closed"
2023-10-16T12:22:14.842000+00:00,"","warning","Eaton 9PX3000i RT 2U","","End of UPS battery discharge","00000603","","","Closed"
2023-10-16T12:22:12.682000+00:00,"","warning","Eaton 9PX3000i RT 2U","","Bypass phase in range","00000200","","","Closed"
2023-10-16T12:22:10.126000+00:00,"","warning","Eaton 9PX3000i RT 2U","","Bypass phase out range","00000200","","","Open"
2023-10-16T12:22:09.774000+00:00,"","info","Output Group 2","","Sequential shutdown scheduled","00001016","","","Open"
2023-10-16T12:22:09.647000+00:00,"","info","Output Group 1","","Sequential shutdown scheduled","00001016","","","Open"
2023-10-16T12:22:09.452000+00:00,"","info","Output","","Sequential shutdown scheduled","00001016","","","Open"
2023-10-16T12:22:09.162000+00:00,"","warning","Eaton 9PX3000i RT 2U","","Battery discharging","00000603","","","Open"
2023-10-16T12:21:03.271000+00:00,"","warning","Eaton 9PX3000i RT 2U","","End of UPS battery discharge","00000603","","","Closed"
2023-10-16T12:21:00.948000+00:00,"","warning","Eaton 9PX3000i RT 2U","","Bypass phase in range","00000200","","","Closed"
2023-10-16T12:21:00.637000+00:00,"","info","Output Group 2","","Sequential shutdown canceled","00001016","","","Closed"
2023-10-16T12:21:00.622000+00:00,"","info","Output Group 1","","Sequential shutdown canceled","00001016","","","Closed"
2023-10-16T12:21:00.509000+00:00,"","info","Output","","Sequential shutdown canceled","00001016","","","Closed"
2023-10-16T12:20:58.100000+00:00,"","warning","Eaton 9PX3000i RT 2U","","Bypass phase out range","00000200","","","Open"
2023-10-16T12:20:57.627000+00:00,"","info","Output Group 2","","Sequential shutdown scheduled","00001016","","","Open"
2023-10-16T12:20:57.544000+00:00,"","info","Output Group 1","","Sequential shutdown scheduled","00001016","","","Open"
2023-10-16T12:20:57.389000+00:00,"","info","Output","","Sequential shutdown scheduled","00001016","","","Open"
2023-10-16T12:20:57.086000+00:00,"","warning","Eaton 9PX3000i RT 2U","","Battery discharging","00000603","","","Open"
2023-10-16T11:28:27.875000+00:00,"","info","Output Group 2","","Sequential shutdown canceled","00001016","","","Closed"
2023-10-16T11:28:27.861000+00:00,"","info","Output Group 1","","Sequential shutdown canceled","00001016","","","Closed"
2023-10-16T11:28:27.721000+00:00,"","info","Output","","Sequential shutdown canceled","00001016","","","Closed"
2023-10-16T11:28:27.368000+00:00,"","warning","Eaton 9PX3000i RT 2U","","End of UPS battery discharge","00000603","","","Closed"
2023-10-16T11:28:22.245000+00:00,"","info","Output Group 2","","Sequential shutdown scheduled","00001016","","","Open"
2023-10-16T11:28:22.123000+00:00,"","info","Output Group 1","","Sequential shutdown scheduled","00001016","","","Open"
2023-10-16T11:28:21.955000+00:00,"","info","Output","","Sequential shutdown scheduled","00001016","","","Open"
2023-10-16T11:28:21.709000+00:00,"","warning","Eaton 9PX3000i RT 2U","","Battery discharging","00000603","","","Open"
2023-10-16T11:13:40.230000+00:00,"","info","Output Group 2","","Sequential shutdown canceled","00001016","","","Closed"
2023-10-16T11:13:40.216000+00:00,"","info","Output Group 1","","Sequential shutdown canceled","00001016","","","Closed"
2023-10-16T11:13:40.001000+00:00,"","info","Output","","Sequential shutdown canceled","00001016","","","Closed"
2023-10-16T11:13:39.604000+00:00,"","warning","Eaton 9PX3000i RT 2U","","End of UPS battery discharge","00000603","","","Closed"
2023-10-16T11:13:34.553000+00:00,"","info","Output Group 2","","Sequential shutdown scheduled","00001016","","","Open"
2023-10-16T11:13:34.431000+00:00,"","info","Output Group 1","","Sequential shutdown scheduled","00001016","","","Open"
2023-10-16T11:13:34.262000+00:00,"","info","Output","","Sequential shutdown scheduled","00001016","","","Open"
2023-10-16T11:13:33.979000+00:00,"","warning","Eaton 9PX3000i RT 2U","","Battery discharging","00000603","","","Open"
2023-10-16T10:39:34.067000+00:00,"","warning","Eaton 9PX3000i RT 2U","","Bypass phase in range","00000200","","","Closed"
2023-10-16T10:39:31.185000+00:00,"","warning","Eaton 9PX3000i RT 2U","","Bypass phase out range","00000200","","","Open"
2023-10-16T10:37:05.312000+00:00,"","info","Output Group 2","","Sequential shutdown canceled","00001016","","","Closed"
2023-10-16T10:37:05.300000+00:00,"","info","Output Group 1","","Sequential shutdown canceled","00001016","","","Closed"
2023-10-16T10:37:05.151000+00:00,"","info","Output","","Sequential shutdown canceled","00001016","","","Closed"
2023-10-16T10:37:04.777000+00:00,"","warning","Eaton 9PX3000i RT 2U","","End of UPS battery discharge","00000603","","","Closed"
2023-10-16T10:37:02.736000+00:00,"","warning","Eaton 9PX3000i RT 2U","","Bypass phase in range","00000200","","","Closed"
2023-10-16T10:37:01.872000+00:00,"","warning","Eaton 9PX3000i RT 2U","","Battery discharging","00000603","","","Open"
2023-10-16T10:36:59.530000+00:00,"","warning","Eaton 9PX3000i RT 2U","","Bypass phase out range","00000200","","","Open"
2023-10-16T10:36:59.187000+00:00,"","info","Output Group 2","","Sequential shutdown scheduled","00001016","","","Open"
2023-10-16T10:36:59.107000+00:00,"","info","Output Group 1","","Sequential shutdown scheduled","00001016","","","Open"
2023-10-16T10:36:58.966000+00:00,"","info","Output","","Sequential shutdown scheduled","00001016","","","Open"
2023-10-16T09:37:29.858000+00:00,"","warning","Eaton 9PX3000i RT 2U","","Bypass phase in range","00000200","","","Closed"
2023-10-16T09:37:27.052000+00:00,"","warning","Eaton 9PX3000i RT 2U","","Bypass phase out range","00000200","","","Open"
2023-10-16T09:18:45.576000+00:00,"","info","Output Group 2","","Sequential shutdown canceled","00001016","","","Closed"
2023-10-16T09:18:45.563000+00:00,"","info","Output Group 1","","Sequential shutdown canceled","00001016","","","Closed"
2023-10-16T09:18:45.406000+00:00,"","info","Output","","Sequential shutdown canceled","00001016","","","Closed"
2023-10-16T09:18:45.045000+00:00,"","warning","Eaton 9PX3000i RT 2U","","End of UPS battery discharge","00000603","","","Closed"
2023-10-16T09:18:42.884000+00:00,"","warning","Eaton 9PX3000i RT 2U","","Bypass phase in range","00000200","","","Closed"
2023-10-16T09:18:40.210000+00:00,"","warning","Eaton 9PX3000i RT 2U","","Bypass phase out range","00000200","","","Open"
2023-10-16T09:18:39.830000+00:00,"","info","Output Group 2","","Sequential shutdown scheduled","00001016","","","Open"
2023-10-16T09:18:39.704000+00:00,"","info","Output Group 1","","Sequential shutdown scheduled","00001016","","","Open"
2023-10-16T09:18:39.532000+00:00,"","info","Output","","Sequential shutdown scheduled","00001016","","","Open"
2023-10-16T09:18:39.250000+00:00,"","warning","Eaton 9PX3000i RT 2U","","Battery discharging","00000603","","","Open"
2023-10-16T09:18:36.833000+00:00,"","warning","Eaton 9PX3000i RT 2U","","Bypass phase in range","00000200","","","Closed"
2023-10-16T09:18:36.432000+00:00,"","info","Output Group 2","","Sequential shutdown canceled","00001016","","","Closed"
2023-10-16T09:18:36.413000+00:00,"","info","Output Group 1","","Sequential shutdown canceled","00001016","","","Closed"
2023-10-16T09:18:36.252000+00:00,"","info","Output","","Sequential shutdown canceled","00001016","","","Closed"
2023-10-16T09:18:35.830000+00:00,"","warning","Eaton 9PX3000i RT 2U","","End of UPS battery discharge","00000603","","","Closed"
2023-10-16T09:18:33.208000+00:00,"","warning","Eaton 9PX3000i RT 2U","","No more on battery","00000001","","","Closed"
2023-10-16T09:18:31.277000+00:00,"","warning","Eaton 9PX3000i RT 2U","","Bypass phase out range","00000200","","","Open"
2023-10-16T09:18:30.925000+00:00,"","info","Output Group 2","","Sequential shutdown scheduled","00001016","","","Open"
2023-10-16T09:18:30.844000+00:00,"","info","Output Group 1","","Sequential shutdown scheduled","00001016","","","Open"
2023-10-16T09:18:30.651000+00:00,"","info","Output","","Sequential shutdown scheduled","00001016","","","Open"
2023-10-16T09:18:30.402000+00:00,"","warning","Eaton 9PX3000i RT 2U","","Battery discharging","00000603","","","Open"
2023-10-16T09:18:30.300000+00:00,"","warning","Eaton 9PX3000i RT 2U","","On battery","00000001","","","Open"
2023-10-16T08:37:18.703000+00:00,"","warning","Eaton 9PX3000i RT 2U","","End of UPS battery discharge","00000603","","","Closed"
2023-10-16T08:37:16.868000+00:00,"","warning","Eaton 9PX3000i RT 2U","","Bypass phase in range","00000200","","","Closed"
2023-10-16T08:37:16.548000+00:00,"","info","Output Group 2","","Sequential shutdown canceled","00001016","","","Closed"
2023-10-16T08:37:16.533000+00:00,"","info","Output Group 1","","Sequential shutdown canceled","00001016","","","Closed"
2023-10-16T08:37:16.409000+00:00,"","info","Output","","Sequential shutdown canceled","00001016","","","Closed"
2023-10-16T08:37:13.784000+00:00,"","warning","Eaton 9PX3000i RT 2U","","Bypass phase out range","00000200","","","Open"
2023-10-16T08:37:13.380000+00:00,"","info","Output Group 2","","Sequential shutdown scheduled","00001016","","","Open"
2023-10-16T08:37:13.179000+00:00,"","info","Output Group 1","","Sequential shutdown scheduled","00001016","","","Open"
2023-10-16T08:37:12.892000+00:00,"","info","Output","","Sequential shutdown scheduled","00001016","","","Open"
2023-10-16T08:37:12.534000+00:00,"","warning","Eaton 9PX3000i RT 2U","","Battery discharging","00000603","","","Open"
2023-10-16T07:52:33.091000+00:00,"","info","Output Group 2","","Sequential shutdown canceled","00001016","","","Closed"
2023-10-16T07:52:33.076000+00:00,"","info","Output Group 1","","Sequential shutdown canceled","00001016","","","Closed"
2023-10-16T07:52:32.931000+00:00,"","info","Output","","Sequential shutdown canceled","00001016","","","Closed"
2023-10-16T07:52:32.485000+00:00,"","warning","Eaton 9PX3000i RT 2U","","End of UPS battery discharge","00000603","","","Closed"
2023-10-16T07:52:30.259000+00:00,"","warning","Eaton 9PX3000i RT 2U","","Bypass phase in range","00000200","","","Closed"
2023-10-16T07:52:27.714000+00:00,"","warning","Eaton 9PX3000i RT 2U","","Bypass phase out range","00000200","","","Open"
2023-10-16T07:52:27.230000+00:00,"","info","Output Group 2","","Sequential shutdown scheduled","00001016","","","Open"
2023-10-16T07:52:27.120000+00:00,"","info","Output Group 1","","Sequential shutdown scheduled","00001016","","","Open"
2023-10-16T07:52:26.916000+00:00,"","info","Output","","Sequential shutdown scheduled","00001016","","","Open"
2023-10-16T07:52:26.608000+00:00,"","warning","Eaton 9PX3000i RT 2U","","Battery discharging","00000603","","","Open"
2023-10-16T07:35:04.441000+00:00,"","warning","Eaton 9PX3000i RT 2U","","Bypass phase in range","00000200","","","Closed"
2023-10-16T07:35:01.659000+00:00,"","warning","Eaton 9PX3000i RT 2U","","Bypass phase out range","00000200","","","Open"
2023-10-16T06:32:47.768000+00:00,"","warning","Eaton 9PX3000i RT 2U","","Bypass phase in range","00000200","","","Closed"
2023-10-16T06:32:47.422000+00:00,"","info","Output Group 2","","Sequential shutdown canceled","00001016","","","Closed"
2023-10-16T06:32:47.412000+00:00,"","info","Output Group 1","","Sequential shutdown canceled","00001016","","","Closed"
2023-10-16T06:32:47.229000+00:00,"","info","Output","","Sequential shutdown canceled","00001016","","","Closed"
2023-10-16T06:32:46.872000+00:00,"","warning","Eaton 9PX3000i RT 2U","","End of UPS battery discharge","00000603","","","Closed"
2023-10-16T06:32:45.023000+00:00,"","warning","Eaton 9PX3000i RT 2U","","Bypass available","00000201","","","Closed"
2023-10-16T06:32:44.788000+00:00,"","info","Output Group 2","","Sequential shutdown scheduled","00001016","","","Open"
2023-10-16T06:32:44.661000+00:00,"","info","Output Group 1","","Sequential shutdown scheduled","00001016","","","Open"
2023-10-16T06:32:44.465000+00:00,"","info","Output","","Sequential shutdown scheduled","00001016","","","Open"
2023-10-16T06:32:44.205000+00:00,"","warning","Eaton 9PX3000i RT 2U","","Battery discharging","00000603","","","Open"
2023-10-16T06:32:42.023000+00:00,"","warning","Eaton 9PX3000i RT 2U","","Bypass phase out range","00000200","","","Open"
2023-10-16T06:32:42.003000+00:00,"","warning","Eaton 9PX3000i RT 2U","","Bypass not available","00000201","","","Open"
2023-10-16T06:31:50.249000+00:00,"","info","Output Group 2","","Sequential shutdown canceled","00001016","","","Closed"
2023-10-16T06:31:50.233000+00:00,"","info","Output Group 1","","Sequential shutdown canceled","00001016","","","Closed"
2023-10-16T06:31:49.993000+00:00,"","info","Output","","Sequential shutdown canceled","00001016","","","Closed"
2023-10-16T06:31:49.573000+00:00,"","warning","Eaton 9PX3000i RT 2U","","End of UPS battery discharge","00000603","","","Closed"
2023-10-16T06:31:47.574000+00:00,"","warning","Eaton 9PX3000i RT 2U","","Bypass phase in range","00000200","","","Closed"
2023-10-16T06:31:44.743000+00:00,"","warning","Eaton 9PX3000i RT 2U","","Bypass phase out range","00000200","","","Open"
2023-10-16T06:31:44.350000+00:00,"","info","Output Group 2","","Sequential shutdown scheduled","00001016","","","Open"
2023-10-16T06:31:44.267000+00:00,"","info","Output Group 1","","Sequential shutdown scheduled","00001016","","","Open"
2023-10-16T06:31:44.107000+00:00,"","info","Output","","Sequential shutdown scheduled","00001016","","","Open"
2023-10-16T06:31:43.862000+00:00,"","warning","Eaton 9PX3000i RT 2U","","Battery discharging","00000603","","","Open"
2023-10-16T06:30:30.919000+00:00,"","warning","Eaton 9PX3000i RT 2U","","Bypass phase in range","00000200","","","Closed"
2023-10-16T06:30:28.583000+00:00,"","warning","Eaton 9PX3000i RT 2U","","Bypass phase out range","00000200","","","Open"
2023-10-16T05:31:12.441000+00:00,"","warning","Eaton 9PX3000i RT 2U","","Bypass phase in range","00000200","","","Closed"
2023-10-16T05:31:09.702000+00:00,"","warning","Eaton 9PX3000i RT 2U","","Bypass phase out range","00000200","","","Open"
2023-10-16T05:27:03.707000+00:00,"","info","Output Group 2","","Sequential shutdown canceled","00001016","","","Closed"
2023-10-16T05:27:03.691000+00:00,"","info","Output Group 1","","Sequential shutdown canceled","00001016","","","Closed"
2023-10-16T05:27:03.491000+00:00,"","info","Output","","Sequential shutdown canceled","00001016","","","Closed"
2023-10-16T05:27:03.085000+00:00,"","warning","Eaton 9PX3000i RT 2U","","End of UPS battery discharge","00000603","","","Closed"
2023-10-16T05:27:01.085000+00:00,"","warning","Eaton 9PX3000i RT 2U","","Bypass phase in range","00000200","","","Closed"
2023-10-16T05:26:58.330000+00:00,"","warning","Eaton 9PX3000i RT 2U","","Bypass phase out range","00000200","","","Open"
2023-10-16T05:26:57.956000+00:00,"","info","Output Group 2","","Sequential shutdown scheduled","00001016","","","Open"
2023-10-16T05:26:57.870000+00:00,"","info","Output Group 1","","Sequential shutdown scheduled","00001016","","","Open"
2023-10-16T05:26:57.688000+00:00,"","info","Output","","Sequential shutdown scheduled","00001016","","","Open"
2023-10-16T05:26:57.408000+00:00,"","warning","Eaton 9PX3000i RT 2U","","Battery discharging","00000603","","","Open"
2023-10-16T05:26:34.545000+00:00,"","warning","Eaton 9PX3000i RT 2U","","Bypass phase in range","00000200","","","Closed"
2023-10-16T05:26:31.723000+00:00,"","warning","Eaton 9PX3000i RT 2U","","Bypass phase out range","00000200","","","Open"
2023-10-16T05:25:29.020000+00:00,"","info","Output Group 2","","Sequential shutdown canceled","00001016","","","Closed"
2023-10-16T05:25:29.007000+00:00,"","info","Output Group 1","","Sequential shutdown canceled","00001016","","","Closed"
2023-10-16T05:25:28.862000+00:00,"","info","Output","","Sequential shutdown canceled","00001016","","","Closed"
2023-10-16T05:25:28.524000+00:00,"","warning","Eaton 9PX3000i RT 2U","","End of UPS battery discharge","00000603","","","Closed"
2023-10-16T05:25:26.648000+00:00,"","warning","Eaton 9PX3000i RT 2U","","Bypass phase in range","00000200","","","Closed"
2023-10-16T05:25:25.880000+00:00,"","warning","Eaton 9PX3000i RT 2U","","Battery discharging","00000603","","","Open"
2023-10-16T05:25:23.720000+00:00,"","warning","Eaton 9PX3000i RT 2U","","Bypass phase out range","00000200","","","Open"
2023-10-16T05:25:23.367000+00:00,"","info","Output Group 2","","Sequential shutdown scheduled","00001016","","","Open"
2023-10-16T05:25:23.226000+00:00,"","info","Output Group 1","","Sequential shutdown scheduled","00001016","","","Open"
2023-10-16T05:25:23.075000+00:00,"","info","Output","","Sequential shutdown scheduled","00001016","","","Open"
2023-10-16T04:32:26.338000+00:00,"","warning","Eaton 9PX3000i RT 2U","","Bypass phase in range","00000200","","","Closed"
2023-10-16T04:32:21.038000+00:00,"","warning","Eaton 9PX3000i RT 2U","","Bypass phase out range","00000200","","","Open"
2023-10-16T04:29:59.842000+00:00,"","info","Output Group 2","","Sequential shutdown canceled","00001016","","","Closed"
2023-10-16T04:29:59.821000+00:00,"","info","Output Group 1","","Sequential shutdown canceled","00001016","","","Closed"
2023-10-16T04:29:59.701000+00:00,"","info","Output","","Sequential shutdown canceled","00001016","","","Closed"
2023-10-16T04:29:59.328000+00:00,"","warning","Eaton 9PX3000i RT 2U","","End of UPS battery discharge","00000603","","","Closed"
2023-10-16T04:29:54.346000+00:00,"","info","Output Group 2","","Sequential shutdown scheduled","00001016","","","Open"
2023-10-16T04:29:54.286000+00:00,"","info","Output Group 1","","Sequential shutdown scheduled","00001016","","","Open"
2023-10-16T04:29:54.123000+00:00,"","info","Output","","Sequential shutdown scheduled","00001016","","","Open"
2023-10-16T04:29:53.841000+00:00,"","warning","Eaton 9PX3000i RT 2U","","Battery discharging","00000603","","","Open"
2023-10-16T03:55:58.801000+00:00,"","warning","Eaton 9PX3000i RT 2U","","Bypass phase in range","00000200","","","Closed"
2023-10-16T03:55:55.999000+00:00,"","warning","Eaton 9PX3000i RT 2U","","Bypass phase out range","00000200","","","Open"
2023-10-16T03:42:04.718000+00:00,"","warning","Eaton 9PX3000i RT 2U","","Bypass phase in range","00000200","","","Closed"
2023-10-16T03:42:04.393000+00:00,"","info","Output Group 2","","Sequential shutdown canceled","00001016","","","Closed"
2023-10-16T03:42:04.381000+00:00,"","info","Output Group 1","","Sequential shutdown canceled","00001016","","","Closed"
2023-10-16T03:42:04.231000+00:00,"","info","Output","","Sequential shutdown canceled","00001016","","","Closed"
2023-10-16T03:42:03.828000+00:00,"","warning","Eaton 9PX3000i RT 2U","","End of UPS battery discharge","00000603","","","Closed"
2023-10-16T03:42:01.387000+00:00,"","warning","Eaton 9PX3000i RT 2U","","Bypass phase out range","00000200","","","Open"
2023-10-16T03:42:00.696000+00:00,"","info","Output Group 2","","Sequential shutdown scheduled","00001016","","","Open"
2023-10-16T03:42:00.585000+00:00,"","info","Output Group 1","","Sequential shutdown scheduled","00001016","","","Open"
2023-10-16T03:42:00.268000+00:00,"","info","Output","","Sequential shutdown scheduled","00001016","","","Open"
2023-10-16T03:41:59.929000+00:00,"","warning","Eaton 9PX3000i RT 2U","","Battery discharging","00000603","","","Open"
2023-10-16T03:41:57.869000+00:00,"","warning","Eaton 9PX3000i RT 2U","","Bypass phase in range","00000200","","","Closed"
2023-10-16T03:41:55.233000+00:00,"","warning","Eaton 9PX3000i RT 2U","","Bypass phase out range","00000200","","","Open"
2023-10-16T03:41:46.500000+00:00,"","info","Output Group 2","","Sequential shutdown canceled","00001016","","","Closed"
2023-10-16T03:41:46.483000+00:00,"","info","Output Group 1","","Sequential shutdown canceled","00001016","","","Closed"
2023-10-16T03:41:46.341000+00:00,"","info","Output","","Sequential shutdown canceled","00001016","","","Closed"
2023-10-16T03:41:45.963000+00:00,"","warning","Eaton 9PX3000i RT 2U","","End of UPS battery discharge","00000603","","","Closed"
2023-10-16T03:41:44.046000+00:00,"","warning","Eaton 9PX3000i RT 2U","","Bypass phase in range","00000200","","","Closed"
2023-10-16T03:41:43.234000+00:00,"","warning","Eaton 9PX3000i RT 2U","","Battery discharging","00000603","","","Open"
2023-10-16T03:41:40.786000+00:00,"","info","Output Group 2","","Sequential shutdown scheduled","00001016","","","Open"
2023-10-16T03:41:40.647000+00:00,"","info","Output Group 1","","Sequential shutdown scheduled","00001016","","","Open"
2023-10-16T03:41:40.505000+00:00,"","info","Output","","Sequential shutdown scheduled","00001016","","","Open"
2023-10-16T03:41:36.079000+00:00,"","warning","Eaton 9PX3000i RT 2U","","Bypass phase out range","00000200","","","Open"
2023-10-16T02:41:16.412000+00:00,"","warning","Eaton 9PX3000i RT 2U","","Bypass phase in range","00000200","","","Closed"
2023-10-16T02:41:16.058000+00:00,"","info","Output Group 2","","Sequential shutdown canceled","00001016","","","Closed"
2023-10-16T02:41:16.009000+00:00,"","info","Output Group 1","","Sequential shutdown canceled","00001016","","","Closed"
2023-10-16T02:41:15.880000+00:00,"","info","Output","","Sequential shutdown canceled","00001016","","","Closed"
2023-10-16T02:41:15.511000+00:00,"","warning","Eaton 9PX3000i RT 2U","","End of UPS battery discharge","00000603","","","Closed"
2023-10-16T02:41:13.221000+00:00,"","warning","Eaton 9PX3000i RT 2U","","Bypass available","00000201","","","Closed"
2023-10-16T02:41:13.201000+00:00,"","warning","Eaton 9PX3000i RT 2U","","Bypass frequency in range","00000206","","","Closed"
2023-10-16T02:41:10.421000+00:00,"","warning","Eaton 9PX3000i RT 2U","","Bypass phase out range","00000200","","","Open"
2023-10-16T02:41:10.374000+00:00,"","warning","Eaton 9PX3000i RT 2U","","Bypass not available","00000201","","","Open"
2023-10-16T02:41:10.357000+00:00,"","warning","Eaton 9PX3000i RT 2U","","Bypass frequency out of range","00000206","","","Open"
2023-10-16T02:41:09.972000+00:00,"","info","Output Group 2","","Sequential shutdown scheduled","00001016","","","Open"
2023-10-16T02:41:09.909000+00:00,"","info","Output Group 1","","Sequential shutdown scheduled","00001016","","","Open"
2023-10-16T02:41:09.718000+00:00,"","info","Output","","Sequential shutdown scheduled","00001016","","","Open"
2023-10-16T02:41:09.459000+00:00,"","warning","Eaton 9PX3000i RT 2U","","Battery discharging","00000603","","","Open"
2023-10-16T02:38:08.504000+00:00,"","info","Output Group 2","","Sequential shutdown canceled","00001016","","","Closed"
2023-10-16T02:38:08.489000+00:00,"","info","Output Group 1","","Sequential shutdown canceled","00001016","","","Closed"
2023-10-16T02:38:08.322000+00:00,"","info","Output","","Sequential shutdown canceled","00001016","","","Closed"
2023-10-16T02:38:07.960000+00:00,"","warning","Eaton 9PX3000i RT 2U","","End of UPS battery discharge","00000603","","","Closed"
2023-10-16T02:38:06.139000+00:00,"","warning","Eaton 9PX3000i RT 2U","","Bypass phase in range","00000200","","","Closed"
2023-10-16T02:38:03.347000+00:00,"","warning","Eaton 9PX3000i RT 2U","","Bypass phase out range","00000200","","","Open"
2023-10-16T02:38:02.880000+00:00,"","info","Output Group 2","","Sequential shutdown scheduled","00001016","","","Open"
2023-10-16T02:38:02.758000+00:00,"","info","Output Group 1","","Sequential shutdown scheduled","00001016","","","Open"
2023-10-16T02:38:02.590000+00:00,"","info","Output","","Sequential shutdown scheduled","00001016","","","Open"
2023-10-16T02:38:02.327000+00:00,"","warning","Eaton 9PX3000i RT 2U","","Battery discharging","00000603","","","Open"
2023-10-16T02:38:00.268000+00:00,"","warning","Eaton 9PX3000i RT 2U","","Bypass phase in range","00000200","","","Closed"
2023-10-16T02:37:57.645000+00:00,"","warning","Eaton 9PX3000i RT 2U","","Bypass available","00000201","","","Closed"
2023-10-16T02:37:54.947000+00:00,"","warning","Eaton 9PX3000i RT 2U","","Bypass phase out range","00000200","","","Open"
2023-10-16T02:37:54.924000+00:00,"","warning","Eaton 9PX3000i RT 2U","","Bypass not available","00000201","","","Open"
2023-10-16T02:28:31.480000+00:00,"","info","Output Group 2","","Sequential shutdown canceled","00001016","","","Closed"
2023-10-16T02:28:31.466000+00:00,"","info","Output Group 1","","Sequential shutdown canceled","00001016","","","Closed"
2023-10-16T02:28:31.331000+00:00,"","info","Output","","Sequential shutdown canceled","00001016","","","Closed"
2023-10-16T02:28:30.950000+00:00,"","warning","Eaton 9PX3000i RT 2U","","End of UPS battery discharge","00000603","","","Closed"
2023-10-16T02:28:28.915000+00:00,"","warning","Eaton 9PX3000i RT 2U","","Bypass phase in range","00000200","","","Closed"
2023-10-16T02:28:26.324000+00:00,"","warning","Eaton 9PX3000i RT 2U","","Bypass phase out range","00000200","","","Open"
2023-10-16T02:28:25.983000+00:00,"","info","Output Group 2","","Sequential shutdown scheduled","00001016","","","Open"
2023-10-16T02:28:25.846000+00:00,"","info","Output Group 1","","Sequential shutdown scheduled","00001016","","","Open"
2023-10-16T02:28:25.675000+00:00,"","info","Output","","Sequential shutdown scheduled","00001016","","","Open"
2023-10-16T02:28:25.390000+00:00,"","warning","Eaton 9PX3000i RT 2U","","Battery discharging","00000603","","","Open"
2023-10-16T02:28:23.273000+00:00,"","warning","Eaton 9PX3000i RT 2U","","Bypass phase in range","00000200","","","Closed"
2023-10-16T02:28:17.909000+00:00,"","warning","Eaton 9PX3000i RT 2U","","Bypass phase out range","00000200","","","Open"
2023-10-16T01:51:25.319000+00:00,"","info","Output Group 2","","Sequential shutdown canceled","00001016","","","Closed"
2023-10-16T01:51:25.309000+00:00,"","info","Output Group 1","","Sequential shutdown canceled","00001016","","","Closed"
2023-10-16T01:51:25.161000+00:00,"","info","Output","","Sequential shutdown canceled","00001016","","","Closed"
2023-10-16T01:51:24.803000+00:00,"","warning","Eaton 9PX3000i RT 2U","","End of UPS battery discharge","00000603","","","Closed"
2023-10-16T01:51:23.023000+00:00,"","warning","Eaton 9PX3000i RT 2U","","Bypass phase in range","00000200","","","Closed"
2023-10-16T01:51:20.294000+00:00,"","warning","Eaton 9PX3000i RT 2U","","Bypass phase out range","00000200","","","Open"
2023-10-16T01:51:19.850000+00:00,"","info","Output Group 2","","Sequential shutdown scheduled","00001016","","","Open"
2023-10-16T01:51:19.729000+00:00,"","info","Output Group 1","","Sequential shutdown scheduled","00001016","","","Open"
2023-10-16T01:51:19.555000+00:00,"","info","Output","","Sequential shutdown scheduled","00001016","","","Open"
2023-10-16T01:51:19.272000+00:00,"","warning","Eaton 9PX3000i RT 2U","","Battery discharging","00000603","","","Open"
2023-10-16T01:51:17.374000+00:00,"","warning","Eaton 9PX3000i RT 2U","","Bypass phase in range","00000200","","","Closed"
2023-10-16T01:51:14.546000+00:00,"","warning","Eaton 9PX3000i RT 2U","","Bypass phase out range","00000200","","","Open"
2023-10-16T01:50:45.546000+00:00,"","info","Output Group 2","","Sequential shutdown canceled","00001016","","","Closed"
2023-10-16T01:50:45.523000+00:00,"","info","Output Group 1","","Sequential shutdown canceled","00001016","","","Closed"
2023-10-16T01:50:45.385000+00:00,"","info","Output","","Sequential shutdown canceled","00001016","","","Closed"
2023-10-16T01:50:45.037000+00:00,"","warning","Eaton 9PX3000i RT 2U","","End of UPS battery discharge","00000603","","","Closed"
2023-10-16T01:50:42.759000+00:00,"","warning","Eaton 9PX3000i RT 2U","","Bypass phase in range","00000200","","","Closed"
2023-10-16T01:50:39.893000+00:00,"","warning","Eaton 9PX3000i RT 2U","","Bypass phase out range","00000200","","","Open"
2023-10-16T01:50:39.430000+00:00,"","info","Output Group 2","","Sequential shutdown scheduled","00001016","","","Open"
2023-10-16T01:50:39.268000+00:00,"","info","Output Group 1","","Sequential shutdown scheduled","00001016","","","Open"
2023-10-16T01:50:39.036000+00:00,"","info","Output","","Sequential shutdown scheduled","00001016","","","Open"
2023-10-16T01:50:38.697000+00:00,"","warning","Eaton 9PX3000i RT 2U","","Battery discharging","00000603","","","Open"
2023-10-16T01:50:36.616000+00:00,"","warning","Eaton 9PX3000i RT 2U","","Bypass phase in range","00000200","","","Closed"
2023-10-16T01:50:34.198000+00:00,"","warning","Eaton 9PX3000i RT 2U","","Bypass phase out range","00000200","","","Open"
2023-10-15T22:13:26.602000+00:00,"","info","Output Group 2","","Sequential shutdown canceled","00001016","","","Closed"
2023-10-15T22:13:26.586000+00:00,"","info","Output Group 1","","Sequential shutdown canceled","00001016","","","Closed"
2023-10-15T22:13:26.343000+00:00,"","info","Output","","Sequential shutdown canceled","00001016","","","Closed"
2023-10-15T22:13:25.913000+00:00,"","warning","Eaton 9PX3000i RT 2U","","End of UPS battery discharge","00000603","","","Closed"
2023-10-15T22:13:23.920000+00:00,"","warning","Eaton 9PX3000i RT 2U","","Bypass phase in range","00000200","","","Closed"
2023-10-15T22:13:17.813000+00:00,"","warning","Eaton 9PX3000i RT 2U","","Battery discharging","00000603","","","Open"
2023-10-15T22:13:15.715000+00:00,"","warning","Eaton 9PX3000i RT 2U","","Bypass phase out range","00000200","","","Open"
2023-10-15T22:13:15.376000+00:00,"","info","Output Group 2","","Sequential shutdown scheduled","00001016","","","Open"
2023-10-15T22:13:15.299000+00:00,"","info","Output Group 1","","Sequential shutdown scheduled","00001016","","","Open"
2023-10-15T22:13:15.134000+00:00,"","info","Output","","Sequential shutdown scheduled","00001016","","","Open"
2023-10-15T21:54:52.367000+00:00,"","warning","Eaton 9PX3000i RT 2U","","Bypass phase in range","00000200","","","Closed"
2023-10-15T21:54:41.835000+00:00,"","warning","Eaton 9PX3000i RT 2U","","Bypass phase out range","00000200","","","Open"
2023-10-15T21:51:24.027000+00:00,"","warning","Eaton 9PX3000i RT 2U","","Bypass phase in range","00000200","","","Closed"
2023-10-15T21:51:21.119000+00:00,"","warning","Eaton 9PX3000i RT 2U","","Bypass phase out range","00000200","","","Open"
2023-10-15T21:51:18.681000+00:00,"","warning","Eaton 9PX3000i RT 2U","","Bypass phase in range","00000200","","","Closed"
2023-10-15T21:51:15.721000+00:00,"","warning","Eaton 9PX3000i RT 2U","","Bypass phase out range","00000200","","","Open"
2023-10-15T18:18:39.243000+00:00,"","info","Output Group 2","","Sequential shutdown canceled","00001016","","","Closed"
2023-10-15T18:18:39.233000+00:00,"","info","Output Group 1","","Sequential shutdown canceled","00001016","","","Closed"
2023-10-15T18:18:39.070000+00:00,"","info","Output","","Sequential shutdown canceled","00001016","","","Closed"
2023-10-15T18:18:38.684000+00:00,"","warning","Eaton 9PX3000i RT 2U","","End of UPS battery discharge","00000603","","","Closed"
2023-10-15T18:18:36.704000+00:00,"","warning","Eaton 9PX3000i RT 2U","","Bypass phase in range","00000200","","","Closed"
2023-10-15T18:18:35.916000+00:00,"","warning","Eaton 9PX3000i RT 2U","","Battery discharging","00000603","","","Open"
2023-10-15T18:18:33.960000+00:00,"","warning","Eaton 9PX3000i RT 2U","","Bypass phase out range","00000200","","","Open"
2023-10-15T18:18:33.595000+00:00,"","info","Output Group 2","","Sequential shutdown scheduled","00001016","","","Open"
2023-10-15T18:18:33.481000+00:00,"","info","Output Group 1","","Sequential shutdown scheduled","00001016","","","Open"
2023-10-15T18:18:33.332000+00:00,"","info","Output","","Sequential shutdown scheduled","00001016","","","Open"
2023-10-15T18:07:18.513000+00:00,"","warning","Eaton 9PX3000i RT 2U","","Bypass phase in range","00000200","","","Closed"
2023-10-15T18:07:16.074000+00:00,"","warning","Eaton 9PX3000i RT 2U","","Bypass phase out range","00000200","","","Open"
2023-10-15T18:04:51.584000+00:00,"","info","Output Group 2","","Sequential shutdown canceled","00001016","","","Closed"
2023-10-15T18:04:51.571000+00:00,"","info","Output Group 1","","Sequential shutdown canceled","00001016","","","Closed"
2023-10-15T18:04:51.432000+00:00,"","info","Output","","Sequential shutdown canceled","00001016","","","Closed"
2023-10-15T18:04:51.014000+00:00,"","warning","Eaton 9PX3000i RT 2U","","End of UPS battery discharge","00000603","","","Closed"
2023-10-15T18:04:49.190000+00:00,"","warning","Eaton 9PX3000i RT 2U","","Bypass phase in range","00000200","","","Closed"
2023-10-15T18:04:48.466000+00:00,"","warning","Eaton 9PX3000i RT 2U","","Battery discharging","00000603","","","Open"
2023-10-15T18:04:46.427000+00:00,"","warning","Eaton 9PX3000i RT 2U","","Bypass phase out range","00000200","","","Open"
2023-10-15T18:04:46.037000+00:00,"","info","Output Group 2","","Sequential shutdown scheduled","00001016","","","Open"
2023-10-15T18:04:45.979000+00:00,"","info","Output Group 1","","Sequential shutdown scheduled","00001016","","","Open"
2023-10-15T18:04:45.834000+00:00,"","info","Output","","Sequential shutdown scheduled","00001016","","","Open"
2023-10-15T15:11:41.857000+00:00,"","warning","Eaton 9PX3000i RT 2U","","Bypass phase in range","00000200","","","Closed"
2023-10-15T15:11:39.058000+00:00,"","warning","Eaton 9PX3000i RT 2U","","Bypass phase out range","00000200","","","Open"
2023-10-15T15:07:54.297000+00:00,"","warning","Eaton 9PX3000i RT 2U","","Bypass phase in range","00000200","","","Closed"
2023-10-15T15:07:53.958000+00:00,"","info","Output Group 2","","Sequential shutdown canceled","00001016","","","Closed"
2023-10-15T15:07:53.942000+00:00,"","info","Output Group 1","","Sequential shutdown canceled","00001016","","","Closed"
2023-10-15T15:07:53.791000+00:00,"","info","Output","","Sequential shutdown canceled","00001016","","","Closed"
2023-10-15T15:07:53.380000+00:00,"","warning","Eaton 9PX3000i RT 2U","","End of UPS battery discharge","00000603","","","Closed"
2023-10-15T15:07:50.888000+00:00,"","info","Output Group 2","","Sequential shutdown scheduled","00001016","","","Open"
2023-10-15T15:07:50.821000+00:00,"","info","Output Group 1","","Sequential shutdown scheduled","00001016","","","Open"
2023-10-15T15:07:50.662000+00:00,"","info","Output","","Sequential shutdown scheduled","00001016","","","Open"
2023-10-15T15:07:50.400000+00:00,"","warning","Eaton 9PX3000i RT 2U","","Battery discharging","00000603","","","Open"
2023-10-15T15:07:48.567000+00:00,"","warning","Eaton 9PX3000i RT 2U","","Bypass phase out range","00000200","","","Open"
2023-10-15T14:58:13.958000+00:00,"","warning","Eaton 9PX3000i RT 2U","","Bypass phase in range","00000200","","","Closed"
2023-10-15T14:58:11.500000+00:00,"","warning","Eaton 9PX3000i RT 2U","","Bypass phase out range","00000200","","","Open"
2023-10-15T14:53:07.373000+00:00,"","info","Output Group 2","","Sequential shutdown canceled","00001016","","","Closed"
2023-10-15T14:53:07.357000+00:00,"","info","Output Group 1","","Sequential shutdown canceled","00001016","","","Closed"
2023-10-15T14:53:07.236000+00:00,"","info","Output","","Sequential shutdown canceled","00001016","","","Closed"
2023-10-15T14:53:06.792000+00:00,"","warning","Eaton 9PX3000i RT 2U","","End of UPS battery discharge","00000603","","","Closed"
2023-10-15T14:53:02.136000+00:00,"","info","Output Group 2","","Sequential shutdown scheduled","00001016","","","Open"
2023-10-15T14:53:02.051000+00:00,"","info","Output Group 1","","Sequential shutdown scheduled","00001016","","","Open"
2023-10-15T14:53:01.892000+00:00,"","info","Output","","Sequential shutdown scheduled","00001016","","","Open"
2023-10-15T14:53:01.593000+00:00,"","warning","Eaton 9PX3000i RT 2U","","Battery discharging","00000603","","","Open"
2023-10-15T14:31:23.180000+00:00,"","warning","Eaton 9PX3000i RT 2U","","Bypass phase in range","00000200","","","Closed"
2023-10-15T14:31:20.482000+00:00,"","warning","Eaton 9PX3000i RT 2U","","Bypass available","00000201","","","Closed"
2023-10-15T14:31:17.357000+00:00,"","warning","Eaton 9PX3000i RT 2U","","Bypass phase out range","00000200","","","Open"
2023-10-15T14:31:17.328000+00:00,"","warning","Eaton 9PX3000i RT 2U","","Bypass not available","00000201","","","Open"
2023-10-15T14:29:14.040000+00:00,"","warning","Eaton 9PX3000i RT 2U","","Bypass phase in range","00000200","","","Closed"
2023-10-15T14:29:11.140000+00:00,"","warning","Eaton 9PX3000i RT 2U","","Bypass phase out range","00000200","","","Open"
2023-10-15T14:26:37.670000+00:00,"","info","Output Group 2","","Sequential shutdown canceled","00001016","","","Closed"
2023-10-15T14:26:37.654000+00:00,"","info","Output Group 1","","Sequential shutdown canceled","00001016","","","Closed"
2023-10-15T14:26:37.451000+00:00,"","info","Output","","Sequential shutdown canceled","00001016","","","Closed"
2023-10-15T14:26:37.075000+00:00,"","warning","Eaton 9PX3000i RT 2U","","End of UPS battery discharge","00000603","","","Closed"
2023-10-15T14:26:34.955000+00:00,"","warning","Eaton 9PX3000i RT 2U","","Bypass phase in range","00000200","","","Closed"
2023-10-15T14:26:32.444000+00:00,"","warning","Eaton 9PX3000i RT 2U","","Bypass phase out range","00000200","","","Open"
2023-10-15T14:26:32.112000+00:00,"","info","Output Group 2","","Sequential shutdown scheduled","00001016","","","Open"
2023-10-15T14:26:31.987000+00:00,"","info","Output Group 1","","Sequential shutdown scheduled","00001016","","","Open"
2023-10-15T14:26:31.789000+00:00,"","info","Output","","Sequential shutdown scheduled","00001016","","","Open"
2023-10-15T14:26:31.524000+00:00,"","warning","Eaton 9PX3000i RT 2U","","Battery discharging","00000603","","","Open"
2023-10-15T14:26:29.466000+00:00,"","warning","Eaton 9PX3000i RT 2U","","Bypass phase in range","00000200","","","Closed"
2023-10-15T14:26:26.929000+00:00,"","warning","Eaton 9PX3000i RT 2U","","Bypass phase out range","00000200","","","Open"
2023-10-15T14:18:04.394000+00:00,"","info","Output Group 2","","Sequential shutdown canceled","00001016","","","Closed"
2023-10-15T14:18:04.380000+00:00,"","info","Output Group 1","","Sequential shutdown canceled","00001016","","","Closed"
2023-10-15T14:18:04.212000+00:00,"","info","Output","","Sequential shutdown canceled","00001016","","","Closed"
2023-10-15T14:18:03.829000+00:00,"","warning","Eaton 9PX3000i RT 2U","","End of UPS battery discharge","00000603","","","Closed"
2023-10-15T14:18:01.666000+00:00,"","warning","Eaton 9PX3000i RT 2U","","Bypass phase in range","00000200","","","Closed"
2023-10-15T14:17:59.066000+00:00,"","warning","Eaton 9PX3000i RT 2U","","Bypass phase out range","00000200","","","Open"
2023-10-15T14:17:58.690000+00:00,"","info","Output Group 2","","Sequential shutdown scheduled","00001016","","","Open"
2023-10-15T14:17:58.628000+00:00,"","info","Output Group 1","","Sequential shutdown scheduled","00001016","","","Open"
2023-10-15T14:17:58.470000+00:00,"","info","Output","","Sequential shutdown scheduled","00001016","","","Open"
2023-10-15T14:17:58.209000+00:00,"","warning","Eaton 9PX3000i RT 2U","","Battery discharging","00000603","","","Open"
2023-10-15T14:03:59.710000+00:00,"","info","Output Group 2","","Sequential shutdown canceled","00001016","","","Closed"
2023-10-15T14:03:59.700000+00:00,"","info","Output Group 1","","Sequential shutdown canceled","00001016","","","Closed"
2023-10-15T14:03:59.551000+00:00,"","info","Output","","Sequential shutdown canceled","00001016","","","Closed"
2023-10-15T14:03:59.158000+00:00,"","warning","Eaton 9PX3000i RT 2U","","End of UPS battery discharge","00000603","","","Closed"
2023-10-15T14:03:57.225000+00:00,"","warning","Eaton 9PX3000i RT 2U","","Bypass phase in range","00000200","","","Closed"
2023-10-15T14:03:56.428000+00:00,"","warning","Eaton 9PX3000i RT 2U","","Battery discharging","00000603","","","Open"
2023-10-15T14:03:54.467000+00:00,"","warning","Eaton 9PX3000i RT 2U","","Bypass phase out range","00000200","","","Open"
2023-10-15T14:03:54.102000+00:00,"","info","Output Group 2","","Sequential shutdown scheduled","00001016","","","Open"
2023-10-15T14:03:53.926000+00:00,"","info","Output Group 1","","Sequential shutdown scheduled","00001016","","","Open"
2023-10-15T14:03:53.724000+00:00,"","info","Output","","Sequential shutdown scheduled","00001016","","","Open"
2023-10-15T13:59:13.091000+00:00,"","warning","Eaton 9PX3000i RT 2U","","Bypass phase in range","00000200","","","Closed"
2023-10-15T13:59:10.627000+00:00,"","warning","Eaton 9PX3000i RT 2U","","Bypass phase out range","00000200","","","Open"
2023-10-15T13:53:46.428000+00:00,"","info","Output Group 2","","Sequential shutdown canceled","00001016","","","Closed"
2023-10-15T13:53:46.416000+00:00,"","info","Output Group 1","","Sequential shutdown canceled","00001016","","","Closed"
2023-10-15T13:53:46.271000+00:00,"","info","Output","","Sequential shutdown canceled","00001016","","","Closed"
2023-10-15T13:53:45.918000+00:00,"","warning","Eaton 9PX3000i RT 2U","","End of UPS battery discharge","00000603","","","Closed"
2023-10-15T13:53:43.945000+00:00,"","warning","Eaton 9PX3000i RT 2U","","Bypass phase in range","00000200","","","Closed"
2023-10-15T13:53:43.146000+00:00,"","warning","Eaton 9PX3000i RT 2U","","Battery discharging","00000603","","","Open"
2023-10-15T13:53:41.023000+00:00,"","warning","Eaton 9PX3000i RT 2U","","Bypass phase out range","00000200","","","Open"
2023-10-15T13:53:40.664000+00:00,"","info","Output Group 2","","Sequential shutdown scheduled","00001016","","","Open"
2023-10-15T13:53:40.585000+00:00,"","info","Output Group 1","","Sequential shutdown scheduled","00001016","","","Open"
2023-10-15T13:53:40.434000+00:00,"","info","Output","","Sequential shutdown scheduled","00001016","","","Open"
2023-10-15T13:50:47.350000+00:00,"","warning","Eaton 9PX3000i RT 2U","","Bypass phase in range","00000200","","","Closed"
2023-10-15T13:50:44.668000+00:00,"","warning","Eaton 9PX3000i RT 2U","","Bypass phase out range","00000200","","","Open"
2023-10-15T13:33:17.047000+00:00,"","warning","Eaton 9PX3000i RT 2U","","Bypass phase in range","00000200","","","Closed"
2023-10-15T13:33:14.448000+00:00,"","warning","Eaton 9PX3000i RT 2U","","Bypass phase out range","00000200","","","Open"
2023-10-15T13:33:11.588000+00:00,"","warning","Eaton 9PX3000i RT 2U","","Bypass phase in range","00000200","","","Closed"
2023-10-15T13:33:09.022000+00:00,"","warning","Eaton 9PX3000i RT 2U","","Bypass phase out range","00000200","","","Open"
2023-10-15T13:10:49.352000+00:00,"","info","Output Group 2","","Sequential shutdown canceled","00001016","","","Closed"
2023-10-15T13:10:49.339000+00:00,"","info","Output Group 1","","Sequential shutdown canceled","00001016","","","Closed"
2023-10-15T13:10:49.195000+00:00,"","info","Output","","Sequential shutdown canceled","00001016","","","Closed"
2023-10-15T13:10:48.837000+00:00,"","warning","Eaton 9PX3000i RT 2U","","End of UPS battery discharge","00000603","","","Closed"
2023-10-15T13:10:46.661000+00:00,"","warning","Eaton 9PX3000i RT 2U","","Bypass phase in range","00000200","","","Closed"
2023-10-15T13:10:43.969000+00:00,"","warning","Eaton 9PX3000i RT 2U","","Bypass phase out range","00000200","","","Open"
2023-10-15T13:10:43.512000+00:00,"","info","Output Group 2","","Sequential shutdown scheduled","00001016","","","Open"
2023-10-15T13:10:43.345000+00:00,"","info","Output Group 1","","Sequential shutdown scheduled","00001016","","","Open"
2023-10-15T13:10:43.108000+00:00,"","info","Output","","Sequential shutdown scheduled","00001016","","","Open"
2023-10-15T13:10:42.785000+00:00,"","warning","Eaton 9PX3000i RT 2U","","Battery discharging","00000603","","","Open"
2023-10-15T13:08:34.832000+00:00,"","warning","Eaton 9PX3000i RT 2U","","Bypass phase in range","00000200","","","Closed"
2023-10-15T13:08:32.218000+00:00,"","warning","Eaton 9PX3000i RT 2U","","Bypass available","00000201","","","Closed"
2023-10-15T13:08:32.192000+00:00,"","warning","Eaton 9PX3000i RT 2U","","Bypass frequency in range","00000206","","","Closed"
2023-10-15T13:08:29.298000+00:00,"","warning","Eaton 9PX3000i RT 2U","","Bypass phase out range","00000200","","","Open"
2023-10-15T13:08:29.239000+00:00,"","warning","Eaton 9PX3000i RT 2U","","Bypass not available","00000201","","","Open"
2023-10-15T13:08:29.207000+00:00,"","warning","Eaton 9PX3000i RT 2U","","Bypass frequency out of range","00000206","","","Open"
2023-10-15T12:46:03.719000+00:00,"","info","Output Group 2","","Sequential shutdown canceled","00001016","","","Closed"
2023-10-15T12:46:03.703000+00:00,"","info","Output Group 1","","Sequential shutdown canceled","00001016","","","Closed"
2023-10-15T12:46:03.477000+00:00,"","info","Output","","Sequential shutdown canceled","00001016","","","Closed"
2023-10-15T12:46:03.017000+00:00,"","warning","Eaton 9PX3000i RT 2U","","End of UPS battery discharge","00000603","","","Closed"
2023-10-15T12:45:57.882000+00:00,"","info","Output Group 2","","Sequential shutdown scheduled","00001016","","","Open"
2023-10-15T12:45:57.761000+00:00,"","info","Output Group 1","","Sequential shutdown scheduled","00001016","","","Open"
2023-10-15T12:45:57.570000+00:00,"","info","Output","","Sequential shutdown scheduled","00001016","","","Open"
2023-10-15T12:45:57.279000+00:00,"","warning","Eaton 9PX3000i RT 2U","","Battery discharging","00000603","","","Open"
2023-10-15T12:45:20.678000+00:00,"","warning","Eaton 9PX3000i RT 2U","","Bypass phase in range","00000200","","","Closed"
2023-10-15T12:45:17.818000+00:00,"","warning","Eaton 9PX3000i RT 2U","","Bypass phase out range","00000200","","","Open"
2023-10-15T12:29:29.224000+00:00,"","warning","Eaton 9PX3000i RT 2U","","End of UPS battery discharge","00000603","","","Closed"
2023-10-15T12:29:26.918000+00:00,"","warning","Eaton 9PX3000i RT 2U","","Bypass phase in range","00000200","","","Closed"
2023-10-15T12:29:26.538000+00:00,"","info","Output Group 2","","Sequential shutdown canceled","00001016","","","Closed"
2023-10-15T12:29:26.526000+00:00,"","info","Output Group 1","","Sequential shutdown canceled","00001016","","","Closed"
2023-10-15T12:29:26.378000+00:00,"","info","Output","","Sequential shutdown canceled","00001016","","","Closed"
2023-10-15T12:29:24.227000+00:00,"","warning","Eaton 9PX3000i RT 2U","","Bypass available","00000201","","","Closed"
2023-10-15T12:29:23.895000+00:00,"","info","Output Group 2","","Sequential shutdown scheduled","00001016","","","Open"
2023-10-15T12:29:23.813000+00:00,"","info","Output Group 1","","Sequential shutdown scheduled","00001016","","","Open"
2023-10-15T12:29:23.653000+00:00,"","info","Output","","Sequential shutdown scheduled","00001016","","","Open"
2023-10-15T12:29:23.392000+00:00,"","warning","Eaton 9PX3000i RT 2U","","Battery discharging","00000603","","","Open"
2023-10-15T12:29:21.190000+00:00,"","warning","Eaton 9PX3000i RT 2U","","Bypass phase out range","00000200","","","Open"
2023-10-15T12:29:21.168000+00:00,"","warning","Eaton 9PX3000i RT 2U","","Bypass not available","00000201","","","Open"
2023-10-15T12:27:49.578000+00:00,"","warning","Eaton 9PX3000i RT 2U","","Bypass phase in range","00000200","","","Closed"
2023-10-15T12:27:46.834000+00:00,"","warning","Eaton 9PX3000i RT 2U","","Bypass phase out range","00000200","","","Open"
2023-10-15T12:21:21.698000+00:00,"","info","Output Group 2","","Sequential shutdown canceled","00001016","","","Closed"
2023-10-15T12:21:21.685000+00:00,"","info","Output Group 1","","Sequential shutdown canceled","00001016","","","Closed"
2023-10-15T12:21:21.462000+00:00,"","info","Output","","Sequential shutdown canceled","00001016","","","Closed"
2023-10-15T12:21:21.056000+00:00,"","warning","Eaton 9PX3000i RT 2U","","End of UPS battery discharge","00000603","","","Closed"
2023-10-15T12:21:19.058000+00:00,"","warning","Eaton 9PX3000i RT 2U","","Bypass phase in range","00000200","","","Closed"
2023-10-15T12:21:16.348000+00:00,"","warning","Eaton 9PX3000i RT 2U","","Bypass phase out range","00000200","","","Open"
2023-10-15T12:21:15.947000+00:00,"","info","Output Group 2","","Sequential shutdown scheduled","00001016","","","Open"
2023-10-15T12:21:15.863000+00:00,"","info","Output Group 1","","Sequential shutdown scheduled","00001016","","","Open"
2023-10-15T12:21:15.705000+00:00,"","info","Output","","Sequential shutdown scheduled","00001016","","","Open"
2023-10-15T12:21:15.428000+00:00,"","warning","Eaton 9PX3000i RT 2U","","Battery discharging","00000603","","","Open"
2023-10-15T12:20:50.024000+00:00,"","warning","Eaton 9PX3000i RT 2U","","Bypass phase in range","00000200","","","Closed"
2023-10-15T12:20:47.527000+00:00,"","warning","Eaton 9PX3000i RT 2U","","Bypass phase out range","00000200","","","Open"
2023-10-15T12:16:45.274000+00:00,"","info","Output Group 2","","Sequential shutdown canceled","00001016","","","Closed"
2023-10-15T12:16:45.234000+00:00,"","info","Output Group 1","","Sequential shutdown canceled","00001016","","","Closed"
2023-10-15T12:16:45.080000+00:00,"","info","Output","","Sequential shutdown canceled","00001016","","","Closed"
2023-10-15T12:16:44.707000+00:00,"","warning","Eaton 9PX3000i RT 2U","","End of UPS battery discharge","00000603","","","Closed"
2023-10-15T12:16:39.768000+00:00,"","info","Output Group 2","","Sequential shutdown scheduled","00001016","","","Open"
2023-10-15T12:16:39.675000+00:00,"","info","Output Group 1","","Sequential shutdown scheduled","00001016","","","Open"
2023-10-15T12:16:39.453000+00:00,"","info","Output","","Sequential shutdown scheduled","00001016","","","Open"
2023-10-15T12:16:39.160000+00:00,"","warning","Eaton 9PX3000i RT 2U","","Battery discharging","00000603","","","Open"
2023-10-15T12:16:00.006000+00:00,"","warning","Eaton 9PX3000i RT 2U","","Bypass phase in range","00000200","","","Closed"
2023-10-15T12:15:57.489000+00:00,"","warning","Eaton 9PX3000i RT 2U","","Bypass phase out range","00000200","","","Open"
2023-10-15T12:07:02.345000+00:00,"","warning","Eaton 9PX3000i RT 2U","","Bypass phase in range","00000200","","","Closed"
2023-10-15T12:06:59.682000+00:00,"","warning","Eaton 9PX3000i RT 2U","","Bypass phase out range","00000200","","","Open"
2023-10-15T12:05:51.638000+00:00,"","info","Output Group 2","","Sequential shutdown canceled","00001016","","","Closed"
2023-10-15T12:05:51.625000+00:00,"","info","Output Group 1","","Sequential shutdown canceled","00001016","","","Closed"
2023-10-15T12:05:51.483000+00:00,"","info","Output","","Sequential shutdown canceled","00001016","","","Closed"
2023-10-15T12:05:51.142000+00:00,"","warning","Eaton 9PX3000i RT 2U","","End of UPS battery discharge","00000603","","","Closed"
2023-10-15T12:05:48.983000+00:00,"","warning","Eaton 9PX3000i RT 2U","","Bypass phase in range","00000200","","","Closed"
2023-10-15T12:05:46.409000+00:00,"","warning","Eaton 9PX3000i RT 2U","","Bypass phase out range","00000200","","","Open"
2023-10-15T12:05:46.062000+00:00,"","info","Output Group 2","","Sequential shutdown scheduled","00001016","","","Open"
2023-10-15T12:05:45.932000+00:00,"","info","Output Group 1","","Sequential shutdown scheduled","00001016","","","Open"
2023-10-15T12:05:45.758000+00:00,"","info","Output","","Sequential shutdown scheduled","00001016","","","Open"
2023-10-15T12:05:45.473000+00:00,"","warning","Eaton 9PX3000i RT 2U","","Battery discharging","00000603","","","Open"
2023-10-15T11:53:03.941000+00:00,"","info","Output Group 2","","Sequential shutdown canceled","00001016","","","Closed"
2023-10-15T11:53:03.926000+00:00,"","info","Output Group 1","","Sequential shutdown canceled","00001016","","","Closed"
2023-10-15T11:53:03.694000+00:00,"","info","Output","","Sequential shutdown canceled","00001016","","","Closed"
2023-10-15T11:53:03.284000+00:00,"","warning","Eaton 9PX3000i RT 2U","","End of UPS battery discharge","00000603","","","Closed"
2023-10-15T11:53:01.347000+00:00,"","warning","Eaton 9PX3000i RT 2U","","Bypass phase in range","00000200","","","Closed"
2023-10-15T11:53:00.963000+00:00,"","info","Output Group 2","","Sequential shutdown scheduled","00001016","","","Open"
2023-10-15T11:53:00.853000+00:00,"","info","Output Group 1","","Sequential shutdown scheduled","00001016","","","Open"
2023-10-15T11:53:00.632000+00:00,"","info","Output","","Sequential shutdown scheduled","00001016","","","Open"
2023-10-15T11:53:00.310000+00:00,"","warning","Eaton 9PX3000i RT 2U","","Battery discharging","00000603","","","Open"
2023-10-15T11:52:58.230000+00:00,"","warning","Eaton 9PX3000i RT 2U","","Bypass phase out range","00000200","","","Open"
2023-10-15T11:52:55.813000+00:00,"","warning","Eaton 9PX3000i RT 2U","","Bypass phase in range","00000200","","","Closed"
2023-10-15T11:52:53.073000+00:00,"","warning","Eaton 9PX3000i RT 2U","","Bypass phase out range","00000200","","","Open"
2023-10-15T11:33:38.136000+00:00,"","info","Output Group 2","","Sequential shutdown canceled","00001016","","","Closed"
2023-10-15T11:33:38.125000+00:00,"","info","Output Group 1","","Sequential shutdown canceled","00001016","","","Closed"
2023-10-15T11:33:38.000000+00:00,"","info","Output","","Sequential shutdown canceled","00001016","","","Closed"
2023-10-15T11:33:37.594000+00:00,"","warning","Eaton 9PX3000i RT 2U","","End of UPS battery discharge","00000603","","","Closed"
2023-10-15T11:33:32.556000+00:00,"","info","Output Group 2","","Sequential shutdown scheduled","00001016","","","Open"
2023-10-15T11:33:32.481000+00:00,"","info","Output Group 1","","Sequential shutdown scheduled","00001016","","","Open"
2023-10-15T11:33:32.313000+00:00,"","info","Output","","Sequential shutdown scheduled","00001016","","","Open"
2023-10-15T11:33:32.049000+00:00,"","warning","Eaton 9PX3000i RT 2U","","Battery discharging","00000603","","","Open"
2023-10-15T11:32:32.417000+00:00,"","warning","Eaton 9PX3000i RT 2U","","Bypass phase in range","00000200","","","Closed"
2023-10-15T11:32:29.512000+00:00,"","warning","Eaton 9PX3000i RT 2U","","Bypass phase out range","00000200","","","Open"
2023-10-15T11:29:38.982000+00:00,"","warning","Eaton 9PX3000i RT 2U","","Bypass phase in range","00000200","","","Closed"
2023-10-15T11:29:36.164000+00:00,"","warning","Eaton 9PX3000i RT 2U","","Bypass phase out range","00000200","","","Open"
2023-10-15T11:20:40.927000+00:00,"","warning","Eaton 9PX3000i RT 2U","","Bypass phase in range","00000200","","","Closed"
2023-10-15T11:20:37.800000+00:00,"","warning","Eaton 9PX3000i RT 2U","","Bypass phase out range","00000200","","","Open"
2023-10-15T11:07:11.014000+00:00,"","info","Output Group 2","","Sequential shutdown canceled","00001016","","","Closed"
2023-10-15T11:07:10.963000+00:00,"","info","Output Group 1","","Sequential shutdown canceled","00001016","","","Closed"
2023-10-15T11:07:10.805000+00:00,"","info","Output","","Sequential shutdown canceled","00001016","","","Closed"
2023-10-15T11:07:10.431000+00:00,"","warning","Eaton 9PX3000i RT 2U","","End of UPS battery discharge","00000603","","","Closed"
2023-10-15T11:07:08.333000+00:00,"","warning","Eaton 9PX3000i RT 2U","","Bypass phase in range","00000200","","","Closed"
2023-10-15T11:07:05.643000+00:00,"","warning","Eaton 9PX3000i RT 2U","","Bypass phase out range","00000200","","","Open"
2023-10-15T11:07:05.314000+00:00,"","info","Output Group 2","","Sequential shutdown scheduled","00001016","","","Open"
2023-10-15T11:07:05.191000+00:00,"","info","Output Group 1","","Sequential shutdown scheduled","00001016","","","Open"
2023-10-15T11:07:05.013000+00:00,"","info","Output","","Sequential shutdown scheduled","00001016","","","Open"
2023-10-15T11:07:04.731000+00:00,"","warning","Eaton 9PX3000i RT 2U","","Battery discharging","00000603","","","Open"
2023-10-15T11:06:29.296000+00:00,"","warning","Eaton 9PX3000i RT 2U","","Bypass phase in range","00000200","","","Closed"
2023-10-15T11:06:23.942000+00:00,"","warning","Eaton 9PX3000i RT 2U","","Bypass phase out range","00000200","","","Open"
2023-10-15T10:59:49.945000+00:00,"","info","Output Group 2","","Sequential shutdown canceled","00001016","","","Closed"
2023-10-15T10:59:49.932000+00:00,"","info","Output Group 1","","Sequential shutdown canceled","00001016","","","Closed"
2023-10-15T10:59:49.791000+00:00,"","info","Output","","Sequential shutdown canceled","00001016","","","Closed"
2023-10-15T10:59:49.448000+00:00,"","warning","Eaton 9PX3000i RT 2U","","End of UPS battery discharge","00000603","","","Closed"
2023-10-15T10:59:47.733000+00:00,"","warning","Eaton 9PX3000i RT 2U","","Bypass phase in range","00000200","","","Closed"
2023-10-15T10:59:44.948000+00:00,"","warning","Eaton 9PX3000i RT 2U","","Bypass phase out range","00000200","","","Open"
2023-10-15T10:59:44.507000+00:00,"","info","Output Group 2","","Sequential shutdown scheduled","00001016","","","Open"
2023-10-15T10:59:44.429000+00:00,"","info","Output Group 1","","Sequential shutdown scheduled","00001016","","","Open"
2023-10-15T10:59:44.270000+00:00,"","info","Output","","Sequential shutdown scheduled","00001016","","","Open"
2023-10-15T10:59:43.991000+00:00,"","warning","Eaton 9PX3000i RT 2U","","Battery discharging","00000603","","","Open"
2023-10-15T10:57:24.030000+00:00,"","warning","Eaton 9PX3000i RT 2U","","Bypass phase in range","00000200","","","Closed"
2023-10-15T10:57:21.286000+00:00,"","warning","Eaton 9PX3000i RT 2U","","Bypass phase out range","00000200","","","Open"
2023-10-15T10:51:19.085000+00:00,"","warning","Eaton 9PX3000i RT 2U","","Bypass phase in range","00000200","","","Closed"
2023-10-15T10:51:16.196000+00:00,"","warning","Eaton 9PX3000i RT 2U","","Bypass phase out range","00000200","","","Open"
2023-10-15T10:51:15.815000+00:00,"","info","Output Group 2","","Sequential shutdown canceled","00001016","","","Closed"
2023-10-15T10:51:15.774000+00:00,"","info","Output Group 1","","Sequential shutdown canceled","00001016","","","Closed"
2023-10-15T10:51:15.641000+00:00,"","info","Output","","Sequential shutdown canceled","00001016","","","Closed"
2023-10-15T10:51:15.271000+00:00,"","warning","Eaton 9PX3000i RT 2U","","End of UPS battery discharge","00000603","","","Closed"
2023-10-15T10:51:13.437000+00:00,"","warning","Eaton 9PX3000i RT 2U","","Bypass phase in range","00000200","","","Closed"
2023-10-15T10:51:10.699000+00:00,"","warning","Eaton 9PX3000i RT 2U","","Bypass phase out range","00000200","","","Open"
2023-10-15T10:51:10.339000+00:00,"","info","Output Group 2","","Sequential shutdown scheduled","00001016","","","Open"
2023-10-15T10:51:10.218000+00:00,"","info","Output Group 1","","Sequential shutdown scheduled","00001016","","","Open"
2023-10-15T10:51:10.020000+00:00,"","info","Output","","Sequential shutdown scheduled","00001016","","","Open"
2023-10-15T10:51:09.764000+00:00,"","warning","Eaton 9PX3000i RT 2U","","Battery discharging","00000603","","","Open"
2023-10-15T10:50:49.169000+00:00,"","warning","Eaton 9PX3000i RT 2U","","Bypass phase in range","00000200","","","Closed"
2023-10-15T10:50:46.433000+00:00,"","info","Output Group 2","","Sequential shutdown canceled","00001016","","","Closed"
2023-10-15T10:50:46.419000+00:00,"","info","Output Group 1","","Sequential shutdown canceled","00001016","","","Closed"
2023-10-15T10:50:46.271000+00:00,"","info","Output","","Sequential shutdown canceled","00001016","","","Closed"
2023-10-15T10:50:45.886000+00:00,"","warning","Eaton 9PX3000i RT 2U","","End of UPS battery discharge","00000603","","","Closed"
2023-10-15T10:50:41.264000+00:00,"","warning","Eaton 9PX3000i RT 2U","","Bypass phase out range","00000200","","","Open"
2023-10-15T10:50:40.871000+00:00,"","info","Output Group 2","","Sequential shutdown scheduled","00001016","","","Open"
2023-10-15T10:50:40.744000+00:00,"","info","Output Group 1","","Sequential shutdown scheduled","00001016","","","Open"
2023-10-15T10:50:40.570000+00:00,"","info","Output","","Sequential shutdown scheduled","00001016","","","Open"
2023-10-15T10:50:40.312000+00:00,"","warning","Eaton 9PX3000i RT 2U","","Battery discharging","00000603","","","Open"
2023-10-15T10:50:35.036000+00:00,"","warning","Eaton 9PX3000i RT 2U","","End of UPS battery discharge","00000603","","","Closed"
2023-10-15T10:50:32.807000+00:00,"","warning","Eaton 9PX3000i RT 2U","","Bypass phase in range","00000200","","","Closed"
2023-10-15T10:50:32.436000+00:00,"","info","Output Group 2","","Sequential shutdown canceled","00001016","","","Closed"
2023-10-15T10:50:32.420000+00:00,"","info","Output Group 1","","Sequential shutdown canceled","00001016","","","Closed"
2023-10-15T10:50:32.257000+00:00,"","info","Output","","Sequential shutdown canceled","00001016","","","Closed"
2023-10-15T10:50:29.615000+00:00,"","info","Output Group 2","","Sequential shutdown scheduled","00001016","","","Open"
2023-10-15T10:50:29.472000+00:00,"","info","Output Group 1","","Sequential shutdown scheduled","00001016","","","Open"
2023-10-15T10:50:29.279000+00:00,"","info","Output","","Sequential shutdown scheduled","00001016","","","Open"
2023-10-15T10:50:28.999000+00:00,"","warning","Eaton 9PX3000i RT 2U","","Battery discharging","00000603","","","Open"
2023-10-15T10:50:26.762000+00:00,"","warning","Eaton 9PX3000i RT 2U","","Bypass phase out range","00000200","","","Open"
2023-10-15T10:25:41.669000+00:00,"","info","Output Group 2","","Sequential shutdown canceled","00001016","","","Closed"
2023-10-15T10:25:41.657000+00:00,"","info","Output Group 1","","Sequential shutdown canceled","00001016","","","Closed"
2023-10-15T10:25:41.555000+00:00,"","info","Output","","Sequential shutdown canceled","00001016","","","Closed"
2023-10-15T10:25:41.194000+00:00,"","warning","Eaton 9PX3000i RT 2U","","End of UPS battery discharge","00000603","","","Closed"
2023-10-15T10:25:39.198000+00:00,"","warning","Eaton 9PX3000i RT 2U","","Bypass phase in range","00000200","","","Closed"
2023-10-15T10:25:36.537000+00:00,"","warning","Eaton 9PX3000i RT 2U","","Bypass phase out range","00000200","","","Open"
2023-10-15T10:25:36.167000+00:00,"","info","Output Group 2","","Sequential shutdown scheduled","00001016","","","Open"
2023-10-15T10:25:36.060000+00:00,"","info","Output Group 1","","Sequential shutdown scheduled","00001016","","","Open"
2023-10-15T10:25:35.882000+00:00,"","info","Output","","Sequential shutdown scheduled","00001016","","","Open"
2023-10-15T10:25:35.601000+00:00,"","warning","Eaton 9PX3000i RT 2U","","Battery discharging","00000603","","","Open"
2023-10-15T10:13:21.261000+00:00,"","warning","Eaton 9PX3000i RT 2U","","Bypass phase in range","00000200","","","Closed"
2023-10-15T10:13:18.717000+00:00,"","warning","Eaton 9PX3000i RT 2U","","Bypass phase out range","00000200","","","Open"
2023-10-15T10:12:15.505000+00:00,"","warning","Eaton 9PX3000i RT 2U","","End of UPS battery discharge","00000603","","","Closed"
2023-10-15T10:12:13.407000+00:00,"","warning","Eaton 9PX3000i RT 2U","","Bypass phase in range","00000200","","","Closed"
2023-10-15T10:12:13.056000+00:00,"","info","Output Group 2","","Sequential shutdown canceled","00001016","","","Closed"
2023-10-15T10:12:13.041000+00:00,"","info","Output Group 1","","Sequential shutdown canceled","00001016","","","Closed"
2023-10-15T10:12:12.919000+00:00,"","info","Output","","Sequential shutdown canceled","00001016","","","Closed"
2023-10-15T10:12:10.704000+00:00,"","warning","Eaton 9PX3000i RT 2U","","Bypass phase out range","00000200","","","Open"
2023-10-15T10:12:10.275000+00:00,"","info","Output Group 2","","Sequential shutdown scheduled","00001016","","","Open"
2023-10-15T10:12:10.194000+00:00,"","info","Output Group 1","","Sequential shutdown scheduled","00001016","","","Open"
2023-10-15T10:12:10.037000+00:00,"","info","Output","","Sequential shutdown scheduled","00001016","","","Open"
2023-10-15T10:12:09.774000+00:00,"","warning","Eaton 9PX3000i RT 2U","","Battery discharging","00000603","","","Open"
2023-10-15T10:05:24.975000+00:00,"","warning","Eaton 9PX3000i RT 2U","","Bypass phase in range","00000200","","","Closed"
2023-10-15T10:05:22.311000+00:00,"","warning","Eaton 9PX3000i RT 2U","","Bypass phase out range","00000200","","","Open"
2023-10-15T10:03:47.723000+00:00,"","info","Output Group 2","","Sequential shutdown canceled","00001016","","","Closed"
2023-10-15T10:03:47.709000+00:00,"","info","Output Group 1","","Sequential shutdown canceled","00001016","","","Closed"
2023-10-15T10:03:47.607000+00:00,"","info","Output","","Sequential shutdown canceled","00001016","","","Closed"
2023-10-15T10:03:47.244000+00:00,"","warning","Eaton 9PX3000i RT 2U","","End of UPS battery discharge","00000603","","","Closed"
2023-10-15T10:03:44.770000+00:00,"","warning","Eaton 9PX3000i RT 2U","","Bypass phase in range","00000200","","","Closed"
2023-10-15T10:03:44.726000+00:00,"","warning","Eaton 9PX3000i RT 2U","","Bypass available","00000201","","","Closed"
2023-10-15T10:03:44.703000+00:00,"","warning","Eaton 9PX3000i RT 2U","","Bypass frequency in range","00000206","","","Closed"
2023-10-15T10:03:44.283000+00:00,"","info","Output Group 2","","Sequential shutdown scheduled","00001016","","","Open"
2023-10-15T10:03:44.169000+00:00,"","info","Output Group 1","","Sequential shutdown scheduled","00001016","","","Open"
2023-10-15T10:03:43.918000+00:00,"","info","Output","","Sequential shutdown scheduled","00001016","","","Open"
2023-10-15T10:03:43.593000+00:00,"","warning","Eaton 9PX3000i RT 2U","","Battery discharging","00000603","","","Open"
2023-10-15T10:03:41.219000+00:00,"","warning","Eaton 9PX3000i RT 2U","","Bypass phase out range","00000200","","","Open"
2023-10-15T10:03:41.176000+00:00,"","warning","Eaton 9PX3000i RT 2U","","Bypass not available","00000201","","","Open"
2023-10-15T10:03:41.155000+00:00,"","warning","Eaton 9PX3000i RT 2U","","Bypass frequency out of range","00000206","","","Open"
2023-10-15T10:00:48.088000+00:00,"","warning","Eaton 9PX3000i RT 2U","","Bypass phase in range","00000200","","","Closed"
2023-10-15T10:00:45.549000+00:00,"","warning","Eaton 9PX3000i RT 2U","","Bypass phase out range","00000200","","","Open"
2023-10-15T09:55:56.682000+00:00,"","warning","Eaton 9PX3000i RT 2U","","Bypass phase in range","00000200","","","Closed"
2023-10-15T09:55:54.072000+00:00,"","warning","Eaton 9PX3000i RT 2U","","Bypass phase out range","00000200","","","Open"
2023-10-15T09:55:53.726000+00:00,"","info","Output Group 2","","Sequential shutdown canceled","00001016","","","Closed"
2023-10-15T09:55:53.708000+00:00,"","info","Output Group 1","","Sequential shutdown canceled","00001016","","","Closed"
2023-10-15T09:55:53.562000+00:00,"","info","Output","","Sequential shutdown canceled","00001016","","","Closed"
2023-10-15T09:55:53.198000+00:00,"","warning","Eaton 9PX3000i RT 2U","","End of UPS battery discharge","00000603","","","Closed"
2023-10-15T09:55:51.039000+00:00,"","warning","Eaton 9PX3000i RT 2U","","Bypass phase in range","00000200","","","Closed"
2023-10-15T09:55:48.201000+00:00,"","warning","Eaton 9PX3000i RT 2U","","Bypass phase out range","00000200","","","Open"
2023-10-15T09:55:47.759000+00:00,"","info","Output Group 2","","Sequential shutdown scheduled","00001016","","","Open"
2023-10-15T09:55:47.594000+00:00,"","info","Output Group 1","","Sequential shutdown scheduled","00001016","","","Open"
2023-10-15T09:55:47.368000+00:00,"","info","Output","","Sequential shutdown scheduled","00001016","","","Open"
2023-10-15T09:55:47.035000+00:00,"","warning","Eaton 9PX3000i RT 2U","","Battery discharging","00000603","","","Open"
2023-10-15T09:20:35.960000+00:00,"","info","Output Group 2","","Sequential shutdown canceled","00001016","","","Closed"
2023-10-15T09:20:35.940000+00:00,"","info","Output Group 1","","Sequential shutdown canceled","00001016","","","Closed"
2023-10-15T09:20:35.781000+00:00,"","info","Output","","Sequential shutdown canceled","00001016","","","Closed"
2023-10-15T09:20:35.389000+00:00,"","warning","Eaton 9PX3000i RT 2U","","End of UPS battery discharge","00000603","","","Closed"
2023-10-15T09:20:33.312000+00:00,"","warning","Eaton 9PX3000i RT 2U","","Bypass phase in range","00000200","","","Closed"
2023-10-15T09:20:33.242000+00:00,"","warning","Eaton 9PX3000i RT 2U","","Bypass available","00000201","","","Closed"
2023-10-15T09:20:33.206000+00:00,"","warning","Eaton 9PX3000i RT 2U","","Bypass frequency in range","00000206","","","Closed"
2023-10-15T09:20:32.408000+00:00,"","warning","Eaton 9PX3000i RT 2U","","Battery discharging","00000603","","","Open"
2023-10-15T09:20:29.610000+00:00,"","warning","Eaton 9PX3000i RT 2U","","Bypass phase out range","00000200","","","Open"
2023-10-15T09:20:29.555000+00:00,"","warning","Eaton 9PX3000i RT 2U","","Bypass not available","00000201","","","Open"
2023-10-15T09:20:29.529000+00:00,"","warning","Eaton 9PX3000i RT 2U","","Bypass frequency out of range","00000206","","","Open"
2023-10-15T09:20:29.137000+00:00,"","info","Output Group 2","","Sequential shutdown scheduled","00001016","","","Open"
2023-10-15T09:20:29.024000+00:00,"","info","Output Group 1","","Sequential shutdown scheduled","00001016","","","Open"
2023-10-15T09:20:28.876000+00:00,"","info","Output","","Sequential shutdown scheduled","00001016","","","Open"
2023-10-15T09:12:49.644000+00:00,"","warning","Eaton 9PX3000i RT 2U","","Bypass phase in range","00000200","","","Closed"
2023-10-15T09:12:47.003000+00:00,"","warning","Eaton 9PX3000i RT 2U","","Bypass phase out range","00000200","","","Open"
2023-10-15T09:06:23.986000+00:00,"","info","Output Group 2","","Sequential shutdown canceled","00001016","","","Closed"
2023-10-15T09:06:23.975000+00:00,"","info","Output Group 1","","Sequential shutdown canceled","00001016","","","Closed"
2023-10-15T09:06:23.822000+00:00,"","info","Output","","Sequential shutdown canceled","00001016","","","Closed"
2023-10-15T09:06:23.505000+00:00,"","warning","Eaton 9PX3000i RT 2U","","End of UPS battery discharge","00000603","","","Closed"
2023-10-15T09:06:21.564000+00:00,"","warning","Eaton 9PX3000i RT 2U","","Bypass phase in range","00000200","","","Closed"
2023-10-15T09:06:18.709000+00:00,"","warning","Eaton 9PX3000i RT 2U","","Bypass phase out range","00000200","","","Open"
2023-10-15T09:06:18.331000+00:00,"","info","Output Group 2","","Sequential shutdown scheduled","00001016","","","Open"
2023-10-15T09:06:18.250000+00:00,"","info","Output Group 1","","Sequential shutdown scheduled","00001016","","","Open"
2023-10-15T09:06:18.089000+00:00,"","info","Output","","Sequential shutdown scheduled","00001016","","","Open"
2023-10-15T09:06:17.810000+00:00,"","warning","Eaton 9PX3000i RT 2U","","Battery discharging","00000603","","","Open"
2023-10-15T09:05:29.354000+00:00,"","warning","Eaton 9PX3000i RT 2U","","Bypass phase in range","00000200","","","Closed"
2023-10-15T09:05:26.494000+00:00,"","warning","Eaton 9PX3000i RT 2U","","Bypass phase out range","00000200","","","Open"
2023-10-15T09:05:03.705000+00:00,"","info","Output Group 2","","Sequential shutdown canceled","00001016","","","Closed"
2023-10-15T09:05:03.665000+00:00,"","info","Output Group 1","","Sequential shutdown canceled","00001016","","","Closed"
2023-10-15T09:05:03.535000+00:00,"","info","Output","","Sequential shutdown canceled","00001016","","","Closed"
2023-10-15T09:05:03.161000+00:00,"","warning","Eaton 9PX3000i RT 2U","","End of UPS battery discharge","00000603","","","Closed"
2023-10-15T09:05:00.842000+00:00,"","warning","Eaton 9PX3000i RT 2U","","Bypass phase in range","00000200","","","Closed"
2023-10-15T09:04:58.049000+00:00,"","warning","Eaton 9PX3000i RT 2U","","Bypass phase out range","00000200","","","Open"
2023-10-15T09:04:57.572000+00:00,"","info","Output Group 2","","Sequential shutdown scheduled","00001016","","","Open"
