SEP=,
Time (UTC),Input Voltage (V),Input Frequency (Hz),Bypass Voltage (V),Bypass Frequency (Hz),Output Voltage (V),Output Frequency (Hz),Output Current (A),Output Apparent Power (VA),Output Active Power (W),Output Power Factor,Output Percent Load (%),Battery Voltage (V),Battery Capacity (%),Battery Remaining Time (s)
2025-01-19T20:12:59.000000+00:00,242.2,50.3,241.5,50.3,228.9,50.3,4.7,1090.0,870.0,80.0,36.0,83.8,97.0,7425
2025-01-19T20:13:59.000000+00:00,241.6,50.4,241.6,50.4,228.9,50.4,4.7,1080.0,860.0,80.0,36.0,83.8,97.0,7425
2025-01-19T20:14:59.000000+00:00,241.8,50.4,242.7,50.4,229.0,50.4,4.8,1090.0,870.0,80.0,36.0,83.8,97.0,7425
2025-01-19T20:15:59.000000+00:00,242.1,50.4,242.1,50.4,228.9,50.4,4.7,1090.0,870.0,80.0,36.0,83.8,97.0,7426
2025-01-19T20:16:59.000000+00:00,242.0,50.4,242.0,50.4,229.0,50.4,4.7,1070.0,850.0,79.0,36.0,83.8,97.0,7426
2025-01-19T20:17:59.000000+00:00,241.9,50.4,242.0,50.4,228.9,50.4,4.8,1090.0,870.0,80.0,37.0,83.8,97.0,7426
2025-01-19T20:18:59.000000+00:00,242.3,50.4,242.3,50.4,228.9,50.4,4.7,1080.0,870.0,81.0,36.0,83.8,97.0,7426
2025-01-19T20:19:59.000000+00:00,239.4,50.4,239.9,50.4,229.0,50.4,4.7,1080.0,860.0,80.0,37.0,83.8,97.0,7427
2025-01-19T20:20:59.000000+00:00,238.8,50.4,238.3,50.4,228.9,50.3,4.8,1090.0,880.0,81.0,37.0,83.8,97.0,7427
2025-01-19T20:21:59.000000+00:00,238.5,50.3,239.5,50.3,228.9,50.3,4.7,1080.0,860.0,80.0,36.0,83.8,97.0,7427
2025-01-19T20:22:59.000000+00:00,240.0,50.4,240.0,50.4,228.9,50.4,4.7,1080.0,870.0,81.0,36.0,83.8,97.0,7427
2025-01-19T20:23:59.000000+00:00,238.8,50.3,238.6,50.3,229.0,50.3,4.7,1080.0,860.0,80.0,36.0,83.8,97.0,7428
2025-01-19T20:24:59.000000+00:00,239.1,50.4,239.1,50.4,228.9,50.4,4.7,1080.0,870.0,81.0,37.0,83.8,97.0,7428
2025-01-19T20:25:59.000000+00:00,238.6,50.2,238.6,50.2,228.9,50.2,4.7,1090.0,870.0,80.0,37.0,83.8,97.0,7428
2025-01-19T20:26:59.000000+00:00,239.5,50.3,238.6,50.3,228.9,50.3,4.7,1070.0,850.0,79.0,36.0,83.8,97.0,7525
2025-01-19T20:27:59.000000+00:00,238.9,50.3,238.9,50.3,228.9,50.3,4.8,1110.0,900.0,81.0,36.0,83.8,97.0,7151
2025-01-19T20:28:59.000000+00:00,240.0,50.3,240.0,50.3,228.9,50.3,4.8,1100.0,880.0,80.0,36.0,83.8,97.0,7526
2025-01-19T20:29:59.000000+00:00,240.0,50.3,239.2,50.3,228.9,50.3,4.8,1100.0,890.0,81.0,37.0,83.8,97.0,7526
2025-01-19T20:30:59.000000+00:00,239.8,50.4,240.8,50.4,229.0,50.4,4.7,1090.0,870.0,80.0,36.0,83.8,97.0,7526
2025-01-19T20:31:59.000000+00:00,240.4,50.3,241.0,50.3,228.9,50.3,4.7,1080.0,870.0,81.0,36.0,83.8,97.0,7430
2025-01-19T20:32:59.000000+00:00,240.3,50.4,239.6,50.3,228.9,50.3,4.7,1090.0,870.0,80.0,36.0,83.8,97.0,7430
2025-01-19T20:33:59.000000+00:00,240.3,50.3,240.9,50.3,228.9,50.3,4.7,1070.0,850.0,79.0,36.0,83.8,97.0,7430
2025-01-19T20:34:59.000000+00:00,240.3,50.4,240.3,50.4,228.9,50.4,4.7,1080.0,870.0,81.0,36.0,83.8,97.0,7430
2025-01-19T20:35:59.000000+00:00,241.3,50.4,240.9,50.4,228.9,50.4,4.8,1090.0,880.0,81.0,36.0,83.8,97.0,7431
2025-01-19T20:36:59.000000+00:00,241.7,50.3,240.6,50.3,228.9,50.3,4.8,1090.0,870.0,80.0,36.0,83.8,97.0,7431
2025-01-19T20:37:59.000000+00:00,240.7,50.3,240.7,50.3,228.9,50.3,4.8,1100.0,880.0,80.0,36.0,83.8,97.0,7431
2025-01-19T20:38:59.000000+00:00,241.2,50.4,241.2,50.4,228.9,50.4,4.7,1080.0,870.0,81.0,36.0,83.8,97.0,7431
2025-01-19T20:39:59.000000+00:00,241.0,50.4,241.6,50.4,228.9,50.4,4.8,1100.0,890.0,81.0,36.0,83.8,97.0,7431
2025-01-19T20:40:59.000000+00:00,241.5,50.4,241.5,50.4,228.9,50.4,4.7,1080.0,870.0,81.0,36.0,83.8,97.0,7432
2025-01-19T20:41:59.000000+00:00,241.4,50.4,241.4,50.4,228.9,50.4,4.8,1090.0,880.0,81.0,36.0,83.8,97.0,7432
2025-01-19T20:42:59.000000+00:00,242.1,50.4,242.1,50.4,228.9,50.4,4.7,1080.0,870.0,81.0,36.0,83.8,97.0,7432
2025-01-19T20:43:59.000000+00:00,240.7,50.4,239.8,50.5,228.9,50.4,4.8,1090.0,880.0,81.0,36.0,83.8,97.0,7432
2025-01-19T20:44:59.000000+00:00,240.0,50.3,240.4,50.3,228.9,50.3,4.7,1080.0,860.0,80.0,37.0,83.8,97.0,7433
2025-01-19T20:45:59.000000+00:00,238.7,50.1,238.6,50.1,228.9,50.1,4.8,1100.0,870.0,79.0,36.0,83.8,97.0,7433
2025-01-19T20:46:59.000000+00:00,238.1,50.1,238.1,50.1,228.9,50.1,4.7,1080.0,850.0,79.0,36.0,83.8,97.0,7433
2025-01-19T20:47:59.000000+00:00,239.8,50.2,238.8,50.2,228.9,50.2,4.9,1110.0,890.0,80.0,37.0,83.8,97.0,7433
2025-01-19T20:48:59.000000+00:00,238.4,50.1,238.4,50.1,228.9,50.1,4.8,1100.0,870.0,79.0,36.0,83.8,97.0,7434
2025-01-19T20:49:59.000000+00:00,239.3,50.1,239.3,50.1,228.9,50.1,4.9,1120.0,900.0,80.0,37.0,83.8,97.0,7434
2025-01-19T20:50:59.000000+00:00,240.3,50.2,240.3,50.2,228.9,50.2,4.8,1100.0,880.0,80.0,37.0,83.8,97.0,7434
2025-01-19T20:51:59.000000+00:00,240.0,50.1,240.0,50.1,228.9,50.1,4.8,1100.0,870.0,79.0,37.0,83.8,97.0,7434
2025-01-19T20:52:59.000000+00:00,240.3,50.2,240.8,50.2,228.9,50.2,4.8,1090.0,870.0,80.0,37.0,83.8,97.0,7435
2025-01-19T20:53:59.000000+00:00,240.1,50.1,240.1,50.1,228.9,50.1,4.8,1100.0,870.0,79.0,37.0,83.8,97.0,7435
2025-01-19T20:54:59.000000+00:00,240.4,50.1,240.4,50.1,228.9,50.1,4.8,1100.0,870.0,79.0,37.0,83.8,97.0,7435
2025-01-19T20:55:59.000000+00:00,240.6,50.1,240.6,50.1,228.9,50.1,4.8,1110.0,890.0,80.0,37.0,83.8,97.0,7435
2025-01-19T20:56:59.000000+00:00,240.4,50.0,240.5,50.0,228.9,50.0,4.7,1090.0,850.0,78.0,36.0,83.8,97.0,7436
2025-01-19T20:57:59.000000+00:00,240.5,50.1,240.5,50.1,228.9,50.1,4.9,1110.0,890.0,80.0,37.0,83.8,97.0,7436
2025-01-19T20:58:59.000000+00:00,239.9,50.1,240.8,50.1,228.9,50.1,4.8,1100.0,870.0,79.0,36.0,83.8,97.0,7436
2025-01-19T20:59:59.000000+00:00,240.9,50.1,240.9,50.1,228.9,50.1,4.8,1100.0,870.0,79.0,37.0,83.8,97.0,7436
2025-01-19T21:00:59.000000+00:00,240.5,50.2,240.5,50.2,229.0,50.2,4.8,1100.0,880.0,80.0,36.0,83.8,97.0,7437
2025-01-19T21:01:59.000000+00:00,242.6,50.2,242.6,50.2,228.9,50.2,4.8,1090.0,870.0,80.0,36.0,83.8,97.0,7437
2025-01-19T21:02:59.000000+00:00,241.6,50.1,242.0,50.1,229.0,50.1,4.8,1090.0,870.0,80.0,37.0,83.8,97.0,7437
2025-01-19T21:03:59.000000+00:00,242.2,50.1,241.7,50.1,228.9,50.1,4.8,1090.0,870.0,80.0,36.0,83.8,97.0,7437
2025-01-19T21:04:59.000000+00:00,241.3,50.2,241.3,50.2,228.9,50.2,4.8,1110.0,890.0,80.0,37.0,83.8,97.0,7438
2025-01-19T21:05:59.000000+00:00,242.2,50.3,242.2,50.3,229.0,50.3,4.8,1100.0,880.0,80.0,37.0,83.8,97.0,7438
2025-01-19T21:06:59.000000+00:00,242.3,50.3,241.7,50.3,228.9,50.3,4.7,1080.0,850.0,79.0,36.0,83.8,97.0,7438
2025-01-19T21:08:00.000000+00:00,242.6,50.3,242.0,50.3,229.0,50.3,4.8,1090.0,870.0,80.0,36.0,83.8,97.0,7438
2025-01-19T21:09:00.000000+00:00,241.7,50.3,241.7,50.3,228.9,50.3,4.7,1080.0,860.0,80.0,36.0,83.8,97.0,7439
2025-01-19T21:10:00.000000+00:00,241.8,50.3,242.3,50.3,228.9,50.3,4.7,1090.0,870.0,80.0,36.0,83.8,97.0,7439
2025-01-19T21:11:00.000000+00:00,242.5,50.3,242.0,50.3,228.9,50.3,4.7,1090.0,870.0,80.0,36.0,83.8,97.0,7439
2025-01-19T21:12:00.000000+00:00,243.1,50.3,242.1,50.3,228.9,50.3,4.7,1090.0,870.0,80.0,36.0,83.8,97.0,7345
2025-01-19T21:13:00.000000+00:00,242.5,50.3,242.5,50.3,228.9,50.3,4.8,1090.0,880.0,81.0,36.0,83.8,97.0,7345
2025-01-19T21:14:00.000000+00:00,242.0,50.2,242.0,50.2,228.9,50.2,4.8,1100.0,880.0,80.0,36.0,83.8,97.0,7345
2025-01-19T21:15:00.000000+00:00,239.6,50.2,239.6,50.2,228.9,50.2,4.8,1090.0,870.0,80.0,36.0,83.8,97.0,7345
2025-01-19T21:16:00.000000+00:00,239.9,50.3,239.9,50.3,228.9,50.3,4.7,1080.0,850.0,79.0,36.0,83.8,97.0,7346
2025-01-19T21:17:00.000000+00:00,241.7,50.4,241.7,50.4,228.9,50.4,4.7,1070.0,850.0,79.0,36.0,83.8,97.0,7346
2025-01-19T21:18:00.000000+00:00,241.6,50.3,241.5,50.3,228.9,50.3,4.9,1110.0,910.0,82.0,37.0,83.8,97.0,7346
2025-01-19T21:19:00.000000+00:00,241.9,50.3,241.9,50.3,228.9,50.3,4.7,1080.0,860.0,80.0,36.0,83.8,97.0,7346
2025-01-19T21:20:00.000000+00:00,241.8,50.2,242.3,50.2,228.9,50.2,4.8,1090.0,870.0,80.0,36.0,83.8,97.0,7347
2025-01-19T21:21:00.000000+00:00,242.3,50.3,242.2,50.3,228.9,50.3,4.8,1100.0,890.0,81.0,37.0,83.9,97.0,7347
2025-01-19T21:22:00.000000+00:00,242.3,50.2,241.3,50.2,228.9,50.2,4.8,1090.0,870.0,80.0,36.0,83.8,97.0,7347
2025-01-19T21:23:00.000000+00:00,242.2,50.3,242.2,50.3,229.0,50.3,4.7,1090.0,860.0,79.0,37.0,83.8,97.0,7347
2025-01-19T21:24:00.000000+00:00,241.8,50.3,241.9,50.3,228.9,50.3,4.7,1070.0,850.0,79.0,36.0,83.8,97.0,7348
2025-01-19T21:25:00.000000+00:00,242.0,50.3,242.0,50.3,228.9,50.3,4.8,1090.0,870.0,80.0,36.0,83.8,97.0,7348
2025-01-19T21:26:00.000000+00:00,242.0,50.3,242.0,50.3,228.9,50.3,4.8,1100.0,890.0,81.0,36.0,83.8,97.0,7348
2025-01-19T21:27:00.000000+00:00,243.3,50.4,242.8,50.4,229.0,50.4,4.7,1070.0,850.0,79.0,36.0,83.8,97.0,7348
2025-01-19T21:28:00.000000+00:00,239.5,50.4,239.5,50.4,228.9,50.4,4.8,1100.0,880.0,80.0,36.0,83.8,97.0,7256
2025-01-19T21:29:00.000000+00:00,240.0,50.4,240.0,50.4,228.9,50.4,4.8,1090.0,880.0,81.0,36.0,83.8,97.0,7741
2025-01-19T21:30:00.000000+00:00,240.0,50.4,239.3,50.4,228.9,50.4,4.8,1100.0,890.0,81.0,37.0,83.8,97.0,7349
2025-01-19T21:31:00.000000+00:00,239.5,50.4,238.9,50.4,228.9,50.4,4.8,1090.0,870.0,80.0,36.0,83.8,97.0,7349
2025-01-19T21:32:00.000000+00:00,239.8,50.4,239.8,50.4,228.9,50.4,4.7,1080.0,870.0,81.0,36.0,83.8,98.0,7349
2025-01-19T21:33:00.000000+00:00,239.8,50.4,239.9,50.4,228.9,50.4,4.8,1080.0,870.0,81.0,37.0,83.8,98.0,7350
2025-01-19T21:34:00.000000+00:00,239.6,50.4,239.6,50.4,228.9,50.4,4.7,1080.0,870.0,81.0,36.0,83.8,98.0,7742
2025-01-19T21:35:00.000000+00:00,240.0,50.4,240.6,50.4,228.9,50.4,4.7,1080.0,870.0,81.0,37.0,83.8,98.0,7350
2025-01-19T21:36:00.000000+00:00,239.3,50.4,239.3,50.4,228.9,50.4,4.8,1090.0,880.0,81.0,37.0,83.8,98.0,7743
2025-01-19T21:37:00.000000+00:00,238.9,50.3,239.0,50.3,228.9,50.3,4.7,1070.0,850.0,79.0,36.0,83.8,98.0,7351
2025-01-19T21:38:00.000000+00:00,239.6,50.4,240.1,50.4,228.9,50.4,4.8,1090.0,880.0,81.0,37.0,83.8,98.0,7258
2025-01-19T21:39:00.000000+00:00,239.8,50.4,239.8,50.4,228.9,50.4,4.7,1070.0,850.0,79.0,36.0,83.8,98.0,7642
2025-01-19T21:40:00.000000+00:00,240.1,50.4,240.2,50.4,228.9,50.4,4.8,1090.0,870.0,80.0,36.0,83.8,98.0,7259
2025-01-19T21:41:00.000000+00:00,239.8,50.4,239.8,50.4,228.9,50.4,4.7,1090.0,870.0,80.0,36.0,83.8,98.0,7259
2025-01-19T21:42:00.000000+00:00,239.8,50.4,239.2,50.4,228.9,50.4,4.7,1080.0,870.0,81.0,36.0,83.8,98.0,7259
2025-01-19T21:43:00.000000+00:00,240.1,50.4,240.2,50.4,229.0,50.4,4.7,1080.0,870.0,81.0,36.0,83.8,98.0,7259
2025-01-19T21:44:00.000000+00:00,239.6,50.3,239.6,50.3,228.9,50.3,4.8,1090.0,870.0,80.0,37.0,83.8,98.0,7643
2025-01-19T21:45:00.000000+00:00,240.7,50.3,239.8,50.3,228.9,50.3,4.8,1090.0,880.0,81.0,36.0,83.8,98.0,7260
2025-01-19T21:46:00.000000+00:00,239.2,50.3,239.2,50.3,228.9,50.3,4.8,1100.0,880.0,80.0,36.0,83.8,98.0,7644
2025-01-19T21:47:00.000000+00:00,239.7,50.3,240.2,50.3,228.9,50.3,4.7,1080.0,850.0,79.0,36.0,83.9,98.0,7545
2025-01-19T21:48:00.000000+00:00,239.8,50.3,239.8,50.3,228.9,50.3,4.8,1110.0,890.0,80.0,37.0,83.8,98.0,7545
2025-01-19T21:49:00.000000+00:00,241.4,50.4,241.3,50.4,228.9,50.4,4.7,1070.0,850.0,79.0,36.0,83.8,98.0,7545
2025-01-19T21:50:00.000000+00:00,240.4,50.3,241.5,50.3,229.0,50.3,4.8,1100.0,880.0,80.0,36.0,83.8,98.0,7546
2025-01-19T21:51:00.000000+00:00,241.0,50.3,241.0,50.3,228.9,50.3,4.8,1100.0,880.0,80.0,36.0,83.8,98.0,7171
2025-01-19T21:52:00.000000+00:00,240.9,50.3,240.4,50.3,228.9,50.3,4.8,1090.0,870.0,80.0,36.0,83.8,98.0,7262
2025-01-19T21:53:00.000000+00:00,240.6,50.3,240.6,50.3,228.9,50.3,4.8,1090.0,870.0,80.0,36.0,83.8,98.0,7262
2025-01-19T21:54:00.000000+00:00,240.5,50.3,240.7,50.3,228.9,50.3,4.8,1100.0,890.0,81.0,36.0,83.9,98.0,7262
2025-01-19T21:55:00.000000+00:00,240.4,50.3,240.5,50.3,228.9,50.3,4.8,1090.0,870.0,80.0,36.0,83.8,98.0,7262
2025-01-19T21:56:00.000000+00:00,241.1,50.3,240.6,50.3,228.9,50.3,4.8,1090.0,870.0,80.0,36.0,83.9,98.0,7263
2025-01-19T21:57:00.000000+00:00,241.6,50.3,242.2,50.3,228.9,50.4,4.7,1070.0,850.0,79.0,36.0,83.8,98.0,7263
2025-01-19T21:58:00.000000+00:00,241.2,50.2,241.2,50.2,228.9,50.2,4.8,1100.0,880.0,80.0,36.0,83.8,98.0,7263
2025-01-19T21:59:00.000000+00:00,240.6,50.3,240.6,50.3,228.9,50.3,4.8,1090.0,870.0,80.0,36.0,83.8,98.0,7263
2025-01-19T22:00:00.000000+00:00,240.8,50.3,241.3,50.3,228.9,50.3,4.8,1090.0,870.0,80.0,36.0,83.9,98.0,7263
2025-01-19T22:01:01.000000+00:00,241.0,50.4,241.5,50.4,228.9,50.4,4.8,1090.0,870.0,80.0,36.0,83.8,98.0,7264
2025-01-19T22:02:01.000000+00:00,241.6,50.3,241.6,50.3,228.9,50.3,4.8,1090.0,870.0,80.0,36.0,83.9,98.0,7549
2025-01-19T22:03:01.000000+00:00,239.4,50.1,239.8,50.1,228.9,50.1,4.8,1100.0,880.0,80.0,37.0,83.8,98.0,7173
2025-01-19T22:04:01.000000+00:00,240.1,50.2,239.2,50.2,228.9,50.2,4.8,1100.0,880.0,80.0,36.0,83.8,98.0,7174
2025-01-19T22:05:01.000000+00:00,240.9,50.2,240.5,50.2,228.9,50.2,4.8,1100.0,880.0,80.0,36.0,83.9,98.0,7265
2025-01-19T22:06:01.000000+00:00,240.2,50.2,240.6,50.2,228.9,50.2,4.8,1090.0,870.0,80.0,37.0,83.8,98.0,7265
2025-01-19T22:07:01.000000+00:00,239.5,50.2,239.0,50.2,228.9,50.2,4.7,1080.0,850.0,79.0,36.0,83.9,98.0,7358
2025-01-19T22:08:01.000000+00:00,239.1,50.2,239.0,50.2,228.9,50.2,4.8,1090.0,870.0,80.0,36.0,83.8,98.0,7358
2025-01-19T22:09:01.000000+00:00,240.1,50.2,240.1,50.2,228.9,50.2,4.7,1080.0,860.0,80.0,36.0,83.8,98.0,7358
2025-01-19T22:10:01.000000+00:00,239.5,50.2,239.5,50.2,228.9,50.2,4.8,1090.0,870.0,80.0,36.0,83.8,98.0,7359
2025-01-19T22:11:01.000000+00:00,239.8,50.1,239.2,50.1,228.9,50.1,4.8,1090.0,870.0,80.0,36.0,83.8,98.0,7359
2025-01-19T22:12:01.000000+00:00,238.5,49.9,239.5,49.9,228.9,49.9,4.8,1090.0,860.0,79.0,37.0,83.8,98.0,7359
2025-01-19T22:13:01.000000+00:00,239.8,50.1,239.8,50.1,228.9,50.1,4.8,1090.0,870.0,80.0,37.0,83.8,98.0,7359
2025-01-19T22:14:01.000000+00:00,239.5,50.2,239.5,50.2,228.9,50.2,4.8,1090.0,880.0,81.0,37.0,83.8,98.0,7360
2025-01-19T22:15:01.000000+00:00,239.3,50.2,240.2,50.2,228.9,50.2,4.9,1110.0,890.0,80.0,37.0,83.8,98.0,7360
2025-01-19T22:16:01.000000+00:00,240.0,50.2,240.5,50.2,228.9,50.2,4.7,1080.0,850.0,79.0,36.0,83.8,98.0,7360
2025-01-19T22:17:01.000000+00:00,241.0,50.3,240.0,50.3,228.9,50.3,4.7,1080.0,860.0,80.0,36.0,83.8,98.0,7360
2025-01-19T22:18:01.000000+00:00,240.6,50.3,240.6,50.2,228.9,50.3,4.8,1110.0,890.0,80.0,36.0,83.8,98.0,7268
2025-01-19T22:19:01.000000+00:00,240.6,50.1,240.6,50.1,228.9,50.1,4.8,1090.0,860.0,79.0,36.0,83.8,98.0,7652
2025-01-19T22:20:01.000000+00:00,240.5,50.2,240.5,50.2,228.9,50.2,4.8,1090.0,870.0,80.0,36.0,83.8,98.0,7268
2025-01-19T22:21:01.000000+00:00,240.5,50.3,240.6,50.3,228.9,50.3,4.8,1100.0,880.0,80.0,36.0,83.8,98.0,7268
2025-01-19T22:22:01.000000+00:00,241.5,50.3,241.0,50.3,228.9,50.3,4.8,1090.0,880.0,81.0,36.0,83.8,98.0,7269
2025-01-19T22:23:01.000000+00:00,240.8,50.2,240.8,50.2,228.9,50.2,4.9,1110.0,900.0,81.0,37.0,83.8,98.0,7362
2025-01-19T22:24:01.000000+00:00,240.5,50.3,240.5,50.3,228.9,50.3,4.8,1090.0,870.0,80.0,36.0,83.9,98.0,7362
2025-01-19T22:25:01.000000+00:00,241.1,50.3,239.9,50.3,228.9,50.3,4.8,1100.0,890.0,81.0,36.0,83.8,98.0,7362
2025-01-19T22:26:01.000000+00:00,240.3,50.3,240.3,50.3,228.9,50.3,4.7,1070.0,850.0,79.0,36.0,83.8,98.0,7363
2025-01-19T22:27:01.000000+00:00,240.1,50.3,239.7,50.3,228.9,50.3,4.7,1070.0,850.0,79.0,36.0,83.8,98.0,7363
2025-01-19T22:28:01.000000+00:00,240.2,50.3,240.2,50.3,229.0,50.3,4.8,1100.0,880.0,80.0,36.0,83.9,98.0,7363
2025-01-19T22:29:01.000000+00:00,240.5,50.3,240.5,50.3,228.9,50.3,4.7,1090.0,870.0,80.0,36.0,83.9,98.0,7756
2025-01-19T22:30:01.000000+00:00,240.3,50.3,240.3,50.3,228.9,50.3,4.8,1090.0,880.0,81.0,36.0,83.9,98.0,7364
2025-01-19T22:31:01.000000+00:00,240.5,50.3,240.6,50.3,228.9,50.3,4.8,1090.0,870.0,80.0,36.0,83.9,98.0,7364
2025-01-19T22:32:01.000000+00:00,240.9,50.3,240.5,50.3,228.9,50.3,4.8,1090.0,870.0,80.0,36.0,83.8,98.0,7364
2025-01-19T22:33:01.000000+00:00,241.4,50.3,241.4,50.3,228.9,50.3,4.8,1110.0,900.0,81.0,36.0,83.8,98.0,7364
2025-01-19T22:34:01.000000+00:00,241.2,50.3,241.8,50.3,228.9,50.3,4.7,1090.0,870.0,80.0,36.0,83.9,98.0,7365
2025-01-19T22:35:01.000000+00:00,241.1,50.3,240.5,50.3,229.0,50.3,4.8,1090.0,870.0,80.0,37.0,83.8,98.0,7365
2025-01-19T22:36:01.000000+00:00,240.9,50.3,240.0,50.3,228.9,50.3,4.8,1090.0,870.0,80.0,36.0,83.8,98.0,7365
2025-01-19T22:37:01.000000+00:00,241.5,50.3,241.0,50.3,228.9,50.3,4.7,1070.0,850.0,79.0,36.0,83.8,98.0,7365
2025-01-19T22:38:01.000000+00:00,240.2,50.3,240.2,50.3,229.0,50.3,4.8,1100.0,880.0,80.0,36.0,83.9,98.0,7365
2025-01-19T22:39:01.000000+00:00,241.2,50.4,241.7,50.3,228.9,50.4,4.7,1080.0,850.0,79.0,36.0,83.9,98.0,7366
2025-01-19T22:40:01.000000+00:00,241.5,50.4,241.5,50.4,229.0,50.4,4.7,1090.0,870.0,80.0,36.0,83.9,98.0,7366
2025-01-19T22:41:01.000000+00:00,241.5,50.3,240.5,50.3,228.9,50.3,4.8,1090.0,880.0,81.0,36.0,83.9,98.0,7273
2025-01-19T22:42:01.000000+00:00,241.3,50.4,241.3,50.4,228.9,50.4,4.7,1090.0,870.0,80.0,36.0,83.9,98.0,7274
2025-01-19T22:43:01.000000+00:00,241.9,50.4,241.8,50.4,228.9,50.4,4.8,1090.0,870.0,80.0,36.0,83.9,98.0,7274
2025-01-19T22:44:01.000000+00:00,241.3,50.4,241.6,50.4,228.9,50.4,4.8,1100.0,890.0,81.0,36.0,83.8,98.0,7659
2025-01-19T22:45:01.000000+00:00,240.5,50.3,240.5,50.3,228.9,50.3,4.7,1080.0,860.0,80.0,37.0,83.9,98.0,7183
2025-01-19T22:46:01.000000+00:00,241.5,50.3,241.9,50.3,228.9,50.3,4.7,1070.0,850.0,79.0,36.0,83.8,98.0,7560
2025-01-19T22:47:01.000000+00:00,240.6,50.3,241.6,50.3,228.9,50.3,4.7,1070.0,850.0,79.0,36.0,83.9,98.0,7560
2025-01-19T22:48:01.000000+00:00,241.8,50.4,241.7,50.4,229.0,50.4,4.7,1080.0,860.0,80.0,36.0,83.8,98.0,7560
2025-01-19T22:49:01.000000+00:00,241.5,50.4,241.5,50.4,228.9,50.4,4.7,1070.0,850.0,79.0,36.0,83.8,98.0,7368
2025-01-19T22:50:01.000000+00:00,242.0,50.4,242.0,50.4,228.9,50.4,4.7,1090.0,870.0,80.0,36.0,83.8,98.0,7185
2025-01-19T22:51:01.000000+00:00,241.3,50.4,240.8,50.4,228.9,50.4,4.7,1080.0,870.0,81.0,36.0,83.9,98.0,7276
2025-01-19T22:52:01.000000+00:00,241.7,50.4,241.3,50.4,228.9,50.4,4.7,1080.0,870.0,81.0,36.0,83.9,98.0,7276
2025-01-19T22:53:01.000000+00:00,241.7,50.4,241.6,50.4,228.9,50.4,4.8,1100.0,890.0,81.0,37.0,83.9,98.0,7276
2025-01-19T22:54:01.000000+00:00,240.8,50.3,241.3,50.3,229.0,50.3,4.7,1070.0,850.0,79.0,36.0,83.9,98.0,7276
2025-01-19T22:55:01.000000+00:00,242.0,50.3,241.5,50.3,228.9,50.3,4.8,1090.0,870.0,80.0,37.0,83.9,98.0,7277
2025-01-19T22:56:01.000000+00:00,241.9,50.3,241.9,50.3,229.0,50.3,4.7,1070.0,850.0,79.0,36.0,83.9,98.0,7662
2025-01-19T22:57:01.000000+00:00,241.1,50.3,241.1,50.3,228.9,50.3,4.7,1070.0,840.0,79.0,36.0,83.9,98.0,7277
2025-01-19T22:58:01.000000+00:00,241.7,50.3,241.7,50.3,228.9,50.3,4.8,1100.0,890.0,81.0,36.0,83.9,98.0,7277
2025-01-19T22:59:01.000000+00:00,241.1,50.3,240.6,50.3,228.9,50.3,4.7,1080.0,860.0,80.0,36.0,83.9,98.0,7662
2025-01-19T23:00:02.000000+00:00,241.4,50.3,241.4,50.3,228.9,50.3,4.8,1090.0,870.0,80.0,36.0,83.9,98.0,7278
2025-01-19T23:01:02.000000+00:00,241.9,50.3,242.3,50.3,228.9,50.3,4.8,1090.0,880.0,81.0,36.0,83.9,98.0,7187
2025-01-19T23:02:02.000000+00:00,241.3,50.3,241.3,50.3,228.9,50.3,4.8,1090.0,870.0,80.0,36.0,83.9,98.0,7371
2025-01-19T23:03:02.000000+00:00,242.2,50.3,242.2,50.3,228.9,50.3,4.9,1110.0,900.0,81.0,36.0,83.9,98.0,7372
2025-01-19T23:04:02.000000+00:00,241.5,50.3,241.5,50.3,228.9,50.3,4.8,1090.0,880.0,81.0,36.0,83.9,98.0,7372
2025-01-19T23:05:02.000000+00:00,241.7,50.4,241.1,50.4,228.9,50.4,4.8,1110.0,890.0,80.0,37.0,83.9,98.0,7372
2025-01-19T23:06:02.000000+00:00,241.4,50.3,241.4,50.3,228.9,50.3,4.7,1080.0,850.0,79.0,36.0,83.9,98.0,7372
2025-01-19T23:07:02.000000+00:00,241.5,50.3,242.0,50.3,228.9,50.3,4.7,1090.0,860.0,79.0,36.0,83.9,98.0,7280
2025-01-19T23:08:02.000000+00:00,241.9,50.4,241.8,50.4,228.9,50.4,4.8,1100.0,890.0,81.0,37.0,83.9,98.0,7280
2025-01-19T23:09:02.000000+00:00,241.6,50.3,241.6,50.3,228.9,50.3,4.7,1070.0,850.0,79.0,36.0,83.9,98.0,7665
2025-01-19T23:10:02.000000+00:00,242.0,50.3,241.0,50.3,228.9,50.3,4.7,1080.0,860.0,80.0,36.0,83.9,98.0,7280
2025-01-19T23:11:02.000000+00:00,242.4,50.3,242.0,50.3,228.9,50.3,4.8,1080.0,870.0,81.0,36.0,83.9,98.0,7280
2025-01-19T23:12:02.000000+00:00,242.3,50.4,242.3,50.4,228.9,50.4,4.6,1070.0,850.0,79.0,36.0,83.9,98.0,7281
2025-01-19T23:13:02.000000+00:00,241.7,50.3,241.2,50.3,228.9,50.3,4.8,1100.0,890.0,81.0,37.0,83.9,98.0,7281
2025-01-19T23:14:02.000000+00:00,240.8,50.2,240.8,50.2,228.9,50.2,4.9,1120.0,900.0,80.0,37.0,83.9,98.0,7281
2025-01-19T23:15:02.000000+00:00,240.7,50.1,240.7,50.1,228.9,50.1,4.8,1100.0,870.0,79.0,37.0,83.8,98.0,7190
2025-01-19T23:16:02.000000+00:00,240.8,50.1,240.8,50.1,228.9,50.1,4.8,1090.0,870.0,80.0,37.0,83.9,98.0,7191
2025-01-19T23:17:02.000000+00:00,240.8,50.2,241.4,50.2,229.0,50.2,4.7,1080.0,850.0,79.0,36.0,83.9,98.0,7567
2025-01-19T23:18:02.000000+00:00,241.1,50.2,241.7,50.2,228.9,50.2,4.8,1090.0,870.0,80.0,36.0,83.9,98.0,7282
2025-01-19T23:19:02.000000+00:00,241.2,50.3,241.7,50.3,228.9,50.3,4.8,1090.0,870.0,80.0,36.0,83.9,98.0,7282
2025-01-19T23:20:02.000000+00:00,241.2,50.2,241.2,50.2,228.9,50.2,4.8,1110.0,890.0,80.0,36.0,83.9,98.0,7192
2025-01-19T23:21:02.000000+00:00,240.4,50.1,240.2,50.1,228.9,50.1,4.8,1100.0,870.0,79.0,36.0,83.9,98.0,7192
2025-01-19T23:22:02.000000+00:00,241.4,50.3,241.4,50.3,228.9,50.3,4.8,1090.0,880.0,81.0,36.0,83.9,98.0,7192
2025-01-19T23:23:02.000000+00:00,240.9,50.2,240.9,50.2,228.9,50.2,4.9,1120.0,900.0,80.0,37.0,83.9,98.0,7192
2025-01-19T23:24:02.000000+00:00,242.0,50.3,242.0,50.3,228.9,50.3,4.8,1110.0,890.0,80.0,36.0,83.9,98.0,7569
2025-01-19T23:25:02.000000+00:00,240.9,50.2,240.9,50.2,228.9,50.2,4.7,1090.0,860.0,79.0,36.0,83.9,98.0,7569
2025-01-19T23:26:02.000000+00:00,241.5,50.3,241.5,50.3,228.9,50.3,4.8,1090.0,870.0,80.0,36.0,83.9,98.0,7193
2025-01-19T23:27:02.000000+00:00,242.0,50.3,241.4,50.3,228.9,50.3,4.7,1080.0,860.0,80.0,36.0,83.9,98.0,7669
2025-01-19T23:28:02.000000+00:00,241.5,50.2,241.4,50.2,228.9,50.2,4.8,1100.0,880.0,80.0,36.0,83.9,98.0,7285
2025-01-19T23:29:02.000000+00:00,241.5,50.3,241.5,50.3,228.9,50.3,4.8,1090.0,880.0,81.0,37.0,83.9,98.0,7285
2025-01-19T23:30:02.000000+00:00,241.0,50.2,241.4,50.2,228.9,50.2,4.8,1090.0,870.0,80.0,36.0,83.9,98.0,7285
2025-01-19T23:31:02.000000+00:00,241.0,50.3,241.0,50.3,228.9,50.3,4.7,1090.0,870.0,80.0,36.0,83.9,98.0,7194
2025-01-19T23:32:02.000000+00:00,242.0,50.3,242.0,50.3,228.9,50.3,4.8,1080.0,870.0,81.0,36.0,83.9,98.0,7194
2025-01-19T23:33:02.000000+00:00,241.7,50.3,241.8,50.3,229.0,50.3,4.7,1080.0,860.0,80.0,37.0,83.9,98.0,7195
2025-01-19T23:34:02.000000+00:00,241.6,50.3,242.5,50.3,228.9,50.3,4.8,1090.0,870.0,80.0,37.0,83.9,98.0,7195
2025-01-19T23:35:02.000000+00:00,241.5,50.3,242.3,50.3,228.9,50.3,4.8,1090.0,870.0,80.0,36.0,83.9,98.0,7572
2025-01-19T23:36:02.000000+00:00,241.9,50.3,241.9,50.3,228.9,50.3,4.8,1100.0,880.0,80.0,36.0,83.9,98.0,7195
2025-01-19T23:37:02.000000+00:00,241.9,50.3,241.9,50.3,229.0,50.3,4.7,1080.0,850.0,79.0,36.0,83.9,98.0,7672
2025-01-19T23:38:02.000000+00:00,241.5,50.3,241.5,50.3,228.9,50.3,4.8,1090.0,880.0,81.0,36.0,83.9,98.0,7287
2025-01-19T23:39:02.000000+00:00,241.6,50.3,241.6,50.3,228.9,50.3,4.8,1090.0,870.0,80.0,36.0,83.9,98.0,7287
2025-01-19T23:40:02.000000+00:00,241.0,50.2,242.0,50.2,228.9,50.2,4.8,1100.0,880.0,80.0,36.0,83.9,98.0,7196
2025-01-19T23:41:02.000000+00:00,241.5,50.2,241.5,50.2,228.9,50.2,4.8,1100.0,880.0,80.0,37.0,83.9,98.0,7197
2025-01-19T23:42:02.000000+00:00,241.6,50.2,241.6,50.2,228.9,50.2,4.7,1080.0,860.0,80.0,36.0,83.9,98.0,7197
2025-01-19T23:43:02.000000+00:00,241.4,50.3,241.3,50.3,228.9,50.3,4.8,1110.0,900.0,81.0,37.0,83.9,98.0,7197
2025-01-19T23:44:02.000000+00:00,241.8,50.3,241.8,50.3,228.9,50.3,4.8,1110.0,900.0,81.0,37.0,83.9,98.0,7574
2025-01-19T23:45:02.000000+00:00,241.5,50.3,241.5,50.3,228.9,50.3,4.8,1090.0,870.0,80.0,37.0,83.9,98.0,7574
2025-01-19T23:46:02.000000+00:00,242.1,50.4,242.1,50.4,228.9,50.4,4.8,1090.0,870.0,80.0,36.0,83.9,98.0,7198
2025-01-19T23:47:02.000000+00:00,242.5,50.4,242.0,50.4,228.9,50.4,4.7,1070.0,850.0,79.0,36.0,83.9,98.0,7575
2025-01-19T23:48:02.000000+00:00,241.8,50.4,241.8,50.4,229.0,50.4,4.7,1090.0,870.0,80.0,37.0,83.9,98.0,7575
2025-01-19T23:49:02.000000+00:00,242.0,50.4,242.0,50.4,228.9,50.4,4.7,1080.0,870.0,81.0,36.0,83.9,98.0,7575
2025-01-19T23:50:02.000000+00:00,241.9,50.4,241.9,50.4,228.9,50.4,4.7,1080.0,870.0,81.0,36.0,83.9,98.0,7199
2025-01-19T23:51:02.000000+00:00,242.0,50.4,242.0,50.4,228.9,50.4,4.7,1080.0,860.0,80.0,36.0,83.9,98.0,7199
2025-01-19T23:52:02.000000+00:00,241.8,50.4,241.8,50.4,228.9,50.4,4.7,1080.0,870.0,81.0,36.0,83.9,98.0,7576
2025-01-19T23:53:02.000000+00:00,241.8,50.4,241.8,50.4,229.0,50.4,4.8,1090.0,870.0,80.0,37.0,83.9,98.0,7576
2025-01-19T23:54:02.000000+00:00,242.1,50.4,242.1,50.4,228.9,50.3,4.7,1070.0,840.0,79.0,36.0,83.9,98.0,7577
2025-01-19T23:55:02.000000+00:00,241.5,50.3,240.9,50.3,228.9,50.3,4.8,1090.0,870.0,80.0,37.0,83.9,98.0,7577
2025-01-19T23:56:02.000000+00:00,241.3,50.3,241.7,50.3,228.9,50.3,4.7,1090.0,870.0,80.0,36.0,83.9,98.0,7577
2025-01-19T23:57:02.000000+00:00,241.3,50.3,241.3,50.3,228.9,50.3,4.7,1070.0,850.0,79.0,36.0,83.9,98.0,7577
2025-01-19T23:58:02.000000+00:00,241.6,50.3,241.2,50.3,228.9,50.3,4.8,1090.0,870.0,80.0,36.0,83.9,98.0,7578
2025-01-19T23:59:02.000000+00:00,240.2,50.3,240.8,50.3,228.9,50.3,4.8,1090.0,880.0,81.0,36.0,83.9,98.0,7578
2025-01-20T00:00:02.000000+00:00,240.7,50.3,240.4,50.3,228.9,50.3,4.8,1100.0,890.0,81.0,36.0,83.9,98.0,7201
2025-01-20T00:01:02.000000+00:00,240.3,50.3,240.3,50.3,228.9,50.3,4.7,1090.0,870.0,80.0,36.0,83.9,98.0,7292
2025-01-20T00:02:02.000000+00:00,240.3,50.3,241.1,50.4,228.9,50.4,4.8,1080.0,870.0,81.0,36.0,83.9,98.0,7579
2025-01-20T00:03:02.000000+00:00,241.0,50.4,240.5,50.4,229.0,50.4,4.8,1090.0,870.0,80.0,37.0,83.9,98.0,7579
2025-01-20T00:04:02.000000+00:00,241.1,50.4,240.6,50.4,228.9,50.4,4.8,1090.0,870.0,80.0,36.0,83.9,98.0,7579
2025-01-20T00:05:02.000000+00:00,241.3,50.4,240.8,50.4,229.0,50.4,4.8,1090.0,870.0,80.0,36.0,83.9,98.0,7202
2025-01-20T00:06:02.000000+00:00,241.1,50.4,241.0,50.4,228.9,50.4,4.7,1080.0,860.0,80.0,36.0,83.9,98.0,7679
2025-01-20T00:07:03.000000+00:00,241.5,50.4,241.6,50.4,228.9,50.4,4.7,1080.0,860.0,80.0,36.0,83.9,98.0,7294
2025-01-20T00:08:03.000000+00:00,241.6,50.4,241.1,50.4,228.9,50.4,4.7,1090.0,870.0,80.0,36.0,83.9,98.0,7294
2025-01-20T00:09:03.000000+00:00,240.8,50.3,241.2,50.3,228.9,50.3,4.7,1070.0,850.0,79.0,36.0,84.0,98.0,7680
2025-01-20T00:10:03.000000+00:00,240.7,50.3,240.7,50.3,228.9,50.3,4.8,1090.0,870.0,80.0,36.0,83.9,98.0,7203
2025-01-20T00:11:03.000000+00:00,240.7,50.3,240.7,50.3,228.9,50.3,4.8,1090.0,870.0,80.0,36.0,83.9,98.0,7581
2025-01-20T00:12:03.000000+00:00,241.5,50.3,241.0,50.3,228.9,50.3,4.7,1080.0,850.0,79.0,36.0,84.0,98.0,7204
2025-01-20T00:13:03.000000+00:00,241.6,50.4,241.0,50.4,228.9,50.4,4.8,1100.0,890.0,81.0,36.0,83.9,98.0,7204
2025-01-20T00:14:03.000000+00:00,241.6,50.4,241.6,50.4,228.9,50.4,4.8,1090.0,880.0,81.0,36.0,84.0,98.0,7582
2025-01-20T00:15:03.000000+00:00,241.0,50.4,241.3,50.4,228.9,50.4,4.8,1100.0,890.0,81.0,36.0,83.9,98.0,7582
2025-01-20T00:16:03.000000+00:00,241.8,50.4,241.8,50.4,228.9,50.4,4.7,1070.0,850.0,79.0,36.0,84.0,98.0,7205
2025-01-20T00:17:03.000000+00:00,242.4,50.3,241.9,50.3,228.9,50.3,4.7,1070.0,850.0,79.0,36.0,84.0,98.0,7682
2025-01-20T00:18:03.000000+00:00,241.9,50.4,241.9,50.4,228.9,50.4,4.7,1080.0,870.0,81.0,36.0,84.0,98.0,7205
2025-01-20T00:19:03.000000+00:00,242.1,50.3,242.0,50.4,228.9,50.3,4.7,1070.0,850.0,79.0,36.0,84.0,98.0,7583
2025-01-20T00:20:03.000000+00:00,241.9,50.4,241.9,50.4,228.9,50.4,4.7,1080.0,870.0,81.0,36.0,84.0,98.0,7206
2025-01-20T00:21:03.000000+00:00,242.2,50.4,242.8,50.3,228.9,50.3,4.8,1090.0,870.0,80.0,36.0,84.0,98.0,7486
2025-01-20T00:22:03.000000+00:00,241.3,50.3,242.3,50.3,228.9,50.3,4.8,1090.0,870.0,80.0,36.0,84.0,98.0,7486
2025-01-20T00:23:03.000000+00:00,242.5,50.3,242.5,50.3,228.9,50.3,4.8,1090.0,870.0,80.0,37.0,84.0,98.0,7486
2025-01-20T00:24:03.000000+00:00,241.7,50.4,241.8,50.4,229.0,50.4,4.8,1090.0,870.0,80.0,37.0,84.0,98.0,7487
2025-01-20T00:25:03.000000+00:00,241.1,50.3,241.1,50.3,228.9,50.3,4.8,1100.0,880.0,80.0,37.0,84.0,98.0,7487
2025-01-20T00:26:03.000000+00:00,241.4,50.3,241.4,50.3,228.9,50.3,4.8,1110.0,900.0,81.0,36.0,84.0,98.0,7487
2025-01-20T00:27:03.000000+00:00,242.1,50.3,241.2,50.3,228.9,50.3,4.7,1070.0,850.0,79.0,36.0,84.0,98.0,7487
2025-01-20T00:28:03.000000+00:00,242.6,50.4,242.5,50.3,228.9,50.3,4.8,1100.0,890.0,81.0,36.0,84.0,98.0,7488
2025-01-20T00:29:03.000000+00:00,242.4,50.3,241.9,50.3,228.9,50.3,4.8,1100.0,890.0,81.0,37.0,84.0,98.0,7119
2025-01-20T00:30:03.000000+00:00,241.8,50.3,241.9,50.3,228.9,50.3,4.8,1090.0,870.0,80.0,36.0,84.0,98.0,7488
2025-01-20T00:31:03.000000+00:00,240.8,50.3,241.8,50.3,228.9,50.3,4.8,1090.0,870.0,80.0,36.0,84.0,98.0,7488
2025-01-20T00:32:03.000000+00:00,241.6,50.3,241.6,50.3,228.9,50.3,4.8,1090.0,870.0,80.0,36.0,84.0,98.0,7489
2025-01-20T00:33:03.000000+00:00,240.9,50.3,240.9,50.3,228.9,50.3,4.8,1110.0,890.0,80.0,37.0,84.0,98.0,7489
2025-01-20T00:34:03.000000+00:00,241.7,50.3,241.7,50.3,228.9,50.3,4.8,1110.0,900.0,81.0,36.0,84.0,98.0,7489
2025-01-20T00:35:03.000000+00:00,241.6,50.3,242.0,50.3,228.9,50.3,4.8,1090.0,870.0,80.0,37.0,84.0,98.0,7489
2025-01-20T00:36:03.000000+00:00,241.5,50.3,241.5,50.3,228.9,50.3,4.8,1090.0,880.0,81.0,36.0,84.0,98.0,7120
2025-01-20T00:37:03.000000+00:00,241.0,50.2,241.0,50.2,228.9,50.2,4.7,1080.0,850.0,79.0,36.0,84.0,98.0,7490
2025-01-20T00:38:03.000000+00:00,242.0,50.2,241.6,50.2,228.9,50.2,4.8,1100.0,870.0,79.0,36.0,84.0,98.0,7490
2025-01-20T00:39:03.000000+00:00,241.7,50.3,241.7,50.3,228.9,50.3,4.8,1090.0,870.0,80.0,36.0,84.0,98.0,7490
2025-01-20T00:40:03.000000+00:00,241.5,50.3,241.2,50.3,228.9,50.3,4.8,1090.0,870.0,80.0,36.0,84.0,98.0,7491
2025-01-20T00:41:03.000000+00:00,241.6,50.3,241.5,50.3,228.9,50.3,4.8,1090.0,870.0,80.0,36.0,84.0,98.0,7491
2025-01-20T00:42:03.000000+00:00,241.8,50.2,241.8,50.2,228.9,50.2,4.7,1080.0,850.0,79.0,36.0,84.0,98.0,7491
2025-01-20T00:43:03.000000+00:00,240.6,50.1,241.3,50.1,229.0,50.1,4.8,1100.0,870.0,79.0,37.0,84.0,98.0,7491
2025-01-20T00:44:03.000000+00:00,241.2,50.1,241.3,50.1,228.9,50.1,4.9,1120.0,900.0,80.0,38.0,84.0,98.0,7491
2025-01-20T00:45:03.000000+00:00,241.9,50.2,240.9,50.2,228.9,50.2,4.7,1080.0,850.0,79.0,36.0,84.0,98.0,7492
2025-01-20T00:46:03.000000+00:00,241.9,50.2,241.9,50.3,228.9,50.3,4.8,1090.0,870.0,80.0,36.0,84.0,98.0,7492
2025-01-20T00:47:03.000000+00:00,240.6,50.2,240.6,50.2,228.9,50.2,4.7,1080.0,860.0,80.0,36.0,84.0,98.0,7492
2025-01-20T00:48:03.000000+00:00,241.4,50.2,241.3,50.2,228.9,50.2,4.8,1100.0,880.0,80.0,36.0,84.0,98.0,7492
2025-01-20T00:49:03.000000+00:00,241.3,50.2,241.8,50.2,228.9,50.2,4.8,1100.0,880.0,80.0,36.0,84.0,98.0,7493
2025-01-20T00:50:03.000000+00:00,241.8,50.3,241.8,50.3,228.9,50.3,4.7,1090.0,870.0,80.0,36.0,84.0,98.0,7493
2025-01-20T00:51:03.000000+00:00,242.0,50.3,241.0,50.3,228.9,50.3,4.7,1090.0,870.0,80.0,36.0,84.0,98.0,7124
2025-01-20T00:52:03.000000+00:00,241.6,50.3,241.6,50.3,228.9,50.3,4.8,1090.0,870.0,80.0,36.0,84.0,98.0,7493
2025-01-20T00:53:03.000000+00:00,241.6,50.2,241.7,50.2,229.0,50.2,4.8,1110.0,890.0,80.0,37.0,84.0,98.0,7494
2025-01-20T00:54:03.000000+00:00,241.9,50.2,241.9,50.2,228.9,50.2,4.8,1110.0,890.0,80.0,36.0,84.0,98.0,7494
2025-01-20T00:55:03.000000+00:00,241.8,50.3,241.2,50.3,228.9,50.3,4.8,1100.0,880.0,80.0,36.0,84.0,98.0,7494
2025-01-20T00:56:03.000000+00:00,240.6,50.2,240.6,50.2,228.9,50.2,4.8,1100.0,880.0,80.0,36.0,84.0,98.0,7494
2025-01-20T00:57:03.000000+00:00,239.8,50.1,239.8,50.1,228.9,50.1,4.8,1090.0,860.0,79.0,36.0,84.0,98.0,7495
2025-01-20T00:58:03.000000+00:00,241.4,50.2,240.9,50.2,228.9,50.2,4.8,1100.0,880.0,80.0,37.0,84.0,98.0,7495
2025-01-20T00:59:03.000000+00:00,241.0,50.1,241.0,50.1,228.9,50.1,4.9,1110.0,890.0,80.0,36.0,84.0,98.0,7495
2025-01-20T01:00:03.000000+00:00,241.4,50.0,240.9,50.0,228.9,50.0,4.8,1100.0,880.0,80.0,37.0,84.0,98.0,7495
2025-01-20T01:01:03.000000+00:00,240.9,50.2,241.9,50.2,228.9,50.2,4.8,1100.0,880.0,80.0,37.0,84.0,98.0,7496
2025-01-20T01:02:03.000000+00:00,241.0,50.2,242.0,50.2,228.9,50.2,4.7,1090.0,860.0,79.0,36.0,84.0,98.0,7496
2025-01-20T01:03:03.000000+00:00,241.0,50.1,241.0,50.1,228.9,50.1,4.9,1110.0,890.0,80.0,37.0,84.0,98.0,7496
2025-01-20T01:04:03.000000+00:00,241.5,50.1,240.4,50.1,228.9,50.0,4.9,1130.0,910.0,81.0,37.0,84.0,98.0,7496
2025-01-20T01:05:03.000000+00:00,240.8,50.0,240.8,50.0,228.9,50.0,4.8,1110.0,880.0,79.0,37.0,84.0,98.0,7497
2025-01-20T01:06:03.000000+00:00,240.2,50.0,240.5,50.0,228.9,50.0,4.9,1120.0,900.0,80.0,37.0,84.0,98.0,7127
2025-01-20T01:07:03.000000+00:00,239.8,50.0,239.8,50.0,228.9,50.0,4.8,1100.0,870.0,79.0,37.0,84.0,98.0,7595
2025-01-20T01:08:03.000000+00:00,240.7,50.1,240.6,50.1,228.9,50.1,4.8,1100.0,870.0,79.0,37.0,84.0,98.0,7217
2025-01-20T01:09:03.000000+00:00,240.9,50.1,240.9,50.1,228.9,50.1,4.8,1100.0,870.0,79.0,37.0,84.0,98.0,7217
2025-01-20T01:10:03.000000+00:00,240.7,50.3,240.7,50.3,228.9,50.3,4.8,1090.0,880.0,81.0,36.0,84.0,98.0,7309
2025-01-20T01:11:03.000000+00:00,240.4,50.2,240.9,50.2,228.9,50.2,4.8,1090.0,880.0,81.0,36.0,84.0,98.0,7218
2025-01-20T01:12:03.000000+00:00,241.4,50.2,241.3,50.2,228.9,50.2,4.7,1080.0,860.0,80.0,36.0,84.0,98.0,7596
2025-01-20T01:13:04.000000+00:00,239.8,50.2,240.9,50.2,228.9,50.2,4.9,1110.0,900.0,81.0,37.0,84.0,98.0,7218
2025-01-20T01:14:04.000000+00:00,240.3,50.2,241.3,50.2,228.9,50.2,4.9,1120.0,900.0,80.0,38.0,84.0,98.0,7219
2025-01-20T01:15:04.000000+00:00,241.1,50.2,241.1,50.2,228.9,50.2,4.7,1080.0,850.0,79.0,36.0,84.0,98.0,7597
2025-01-20T01:16:04.000000+00:00,240.4,50.2,240.4,50.2,229.0,50.2,4.8,1090.0,870.0,80.0,36.0,84.0,98.0,7219
2025-01-20T01:17:04.000000+00:00,240.5,50.1,241.0,50.1,228.9,50.1,4.7,1080.0,860.0,80.0,36.0,84.0,98.0,7500
2025-01-20T01:18:04.000000+00:00,240.9,50.3,240.9,50.3,228.9,50.3,4.8,1090.0,870.0,80.0,37.0,84.0,98.0,7500
2025-01-20T01:19:04.000000+00:00,241.2,50.3,241.2,50.3,228.9,50.3,4.8,1090.0,880.0,81.0,36.0,84.0,98.0,7500
2025-01-20T01:20:04.000000+00:00,240.1,50.1,240.7,50.1,228.9,50.1,4.8,1100.0,870.0,79.0,36.0,84.0,98.0,7500
2025-01-20T01:21:04.000000+00:00,240.2,50.1,239.7,50.2,228.9,50.1,4.8,1100.0,870.0,79.0,37.0,84.0,98.0,7131
2025-01-20T01:22:04.000000+00:00,241.0,50.2,241.0,50.2,228.9,50.2,4.8,1090.0,860.0,79.0,36.0,84.0,98.0,7501
2025-01-20T01:23:04.000000+00:00,241.2,50.2,241.4,50.2,228.9,50.2,4.8,1100.0,890.0,81.0,37.0,84.0,98.0,7501
2025-01-20T01:24:04.000000+00:00,240.9,50.2,241.5,50.2,228.9,50.2,4.8,1100.0,870.0,79.0,37.0,84.0,98.0,7501
2025-01-20T01:25:04.000000+00:00,241.3,50.2,241.3,50.2,228.9,50.2,4.7,1080.0,860.0,80.0,37.0,84.0,98.0,7502
2025-01-20T01:26:04.000000+00:00,239.9,50.2,240.8,50.2,228.9,50.2,4.8,1100.0,880.0,80.0,37.0,84.0,98.0,7502
2025-01-20T01:27:04.000000+00:00,240.3,50.2,240.3,50.2,228.9,50.2,4.8,1090.0,860.0,79.0,36.0,84.0,98.0,7502
2025-01-20T01:28:04.000000+00:00,240.4,50.2,239.5,50.2,228.9,50.2,4.8,1100.0,880.0,80.0,37.0,84.0,98.0,7502
2025-01-20T01:29:04.000000+00:00,240.3,50.1,239.8,50.1,228.9,50.1,4.8,1110.0,890.0,80.0,37.0,84.0,98.0,7503
2025-01-20T01:30:04.000000+00:00,240.6,50.1,240.0,50.1,229.0,50.1,4.8,1110.0,880.0,79.0,37.0,84.0,98.0,7503
2025-01-20T01:31:04.000000+00:00,239.4,50.0,240.5,50.0,228.9,50.0,4.8,1100.0,880.0,80.0,37.0,84.0,98.0,7503
2025-01-20T01:32:04.000000+00:00,240.1,50.1,240.1,50.1,228.9,50.1,4.8,1090.0,860.0,79.0,36.0,84.0,98.0,7503
2025-01-20T01:33:04.000000+00:00,238.6,50.0,239.0,50.0,228.9,50.0,4.9,1120.0,890.0,79.0,37.0,84.0,98.0,7504
2025-01-20T01:34:04.000000+00:00,238.2,50.0,238.8,50.0,228.9,50.0,4.9,1110.0,880.0,79.0,37.0,84.0,98.0,7408
2025-01-20T01:35:04.000000+00:00,239.6,50.0,239.6,50.0,228.9,50.0,4.8,1100.0,870.0,79.0,37.0,84.1,98.0,7408
2025-01-20T01:36:04.000000+00:00,238.5,50.1,239.5,50.1,229.0,50.1,4.8,1100.0,870.0,79.0,37.0,84.0,98.0,7409
2025-01-20T01:37:04.000000+00:00,238.9,50.1,238.9,50.1,228.9,50.1,4.8,1100.0,870.0,79.0,36.0,84.0,98.0,7409
2025-01-20T01:38:04.000000+00:00,240.2,50.2,239.2,50.2,228.9,50.2,4.8,1100.0,880.0,80.0,36.0,84.0,98.0,7409
2025-01-20T01:39:04.000000+00:00,239.9,50.2,239.9,50.2,228.9,50.2,4.8,1100.0,880.0,80.0,37.0,84.0,98.0,7409
2025-01-20T01:40:04.000000+00:00,239.8,50.1,239.8,50.1,228.9,50.1,4.8,1100.0,880.0,80.0,36.0,84.0,98.0,7410
2025-01-20T01:41:04.000000+00:00,239.3,50.1,239.3,50.1,228.9,50.1,4.8,1100.0,880.0,80.0,37.0,84.0,98.0,7410
2025-01-20T01:42:04.000000+00:00,239.2,50.1,239.3,50.1,228.9,50.1,4.7,1090.0,860.0,79.0,36.0,84.0,98.0,7410
2025-01-20T01:43:04.000000+00:00,239.3,50.1,239.3,50.1,228.9,50.1,4.9,1120.0,910.0,81.0,37.0,84.0,98.0,7410
2025-01-20T01:44:04.000000+00:00,239.3,50.0,239.3,50.0,228.9,50.0,4.9,1120.0,890.0,79.0,37.0,84.1,98.0,7411
2025-01-20T01:45:04.000000+00:00,238.9,50.0,238.9,50.0,228.9,50.0,4.8,1110.0,880.0,79.0,37.0,84.0,98.0,7411
2025-01-20T01:46:04.000000+00:00,238.2,50.0,239.0,50.0,228.8,50.0,4.8,1110.0,880.0,79.0,37.0,84.0,98.0,7411
2025-01-20T01:47:04.000000+00:00,238.8,50.1,238.8,50.1,228.9,50.1,4.8,1090.0,860.0,79.0,36.0,84.1,98.0,7411
2025-01-20T01:48:04.000000+00:00,238.3,50.1,239.3,50.1,228.9,50.1,4.8,1110.0,880.0,79.0,37.0,84.0,98.0,7412
2025-01-20T01:49:04.000000+00:00,238.7,50.1,238.7,50.1,228.9,50.1,4.8,1100.0,880.0,80.0,37.0,84.0,98.0,7412
2025-01-20T01:50:04.000000+00:00,240.0,50.3,239.5,50.3,228.9,50.3,4.7,1080.0,860.0,80.0,36.0,84.1,98.0,7412
2025-01-20T01:51:04.000000+00:00,239.7,50.3,239.7,50.3,228.9,50.3,4.8,1100.0,880.0,80.0,36.0,84.1,98.0,7412
2025-01-20T01:52:04.000000+00:00,240.4,50.3,240.0,50.3,228.9,50.3,4.8,1090.0,870.0,80.0,36.0,84.1,98.0,7413
2025-01-20T01:53:04.000000+00:00,239.8,50.2,239.4,50.2,228.9,50.2,4.9,1110.0,900.0,81.0,37.0,84.0,98.0,7413
2025-01-20T01:54:04.000000+00:00,240.5,50.3,240.0,50.3,228.9,50.3,4.8,1100.0,880.0,80.0,37.0,84.1,98.0,7413
2025-01-20T01:55:04.000000+00:00,239.7,50.3,240.8,50.3,228.9,50.3,4.8,1090.0,870.0,80.0,36.0,84.1,98.0,7413
2025-01-20T01:56:04.000000+00:00,240.2,50.2,239.0,50.2,228.9,50.2,4.8,1100.0,880.0,80.0,37.0,84.0,98.0,7414
2025-01-20T01:57:04.000000+00:00,239.6,50.2,239.6,50.2,228.9,50.2,4.7,1080.0,860.0,80.0,36.0,84.1,98.0,7414
2025-01-20T01:58:04.000000+00:00,238.7,50.2,238.7,50.2,228.9,50.2,4.8,1100.0,880.0,80.0,37.0,84.1,98.0,7414
2025-01-20T01:59:04.000000+00:00,239.2,50.3,239.2,50.3,228.9,50.3,4.8,1100.0,890.0,81.0,36.0,84.0,98.0,7414
2025-01-20T02:00:04.000000+00:00,239.9,50.3,239.4,50.3,228.9,50.3,4.8,1090.0,880.0,81.0,37.0,84.1,98.0,7415
2025-01-20T02:01:04.000000+00:00,238.9,50.2,238.9,50.2,228.9,50.2,4.8,1100.0,880.0,80.0,36.0,84.0,98.0,7415
2025-01-20T02:02:04.000000+00:00,239.7,50.2,238.7,50.2,228.9,50.2,4.8,1090.0,860.0,79.0,36.0,84.0,98.0,7415
2025-01-20T02:03:04.000000+00:00,238.2,50.1,238.2,50.1,228.9,50.1,4.8,1100.0,880.0,80.0,37.0,84.1,98.0,7415
2025-01-20T02:04:04.000000+00:00,237.9,50.2,237.7,50.2,228.9,50.2,4.9,1110.0,890.0,80.0,37.0,84.1,98.0,7416
2025-01-20T02:05:04.000000+00:00,238.2,50.2,237.6,50.1,228.9,50.2,4.7,1080.0,850.0,79.0,36.0,84.1,98.0,7416
2025-01-20T02:06:04.000000+00:00,236.9,50.1,236.9,50.1,228.8,50.1,4.8,1100.0,870.0,79.0,37.0,84.1,98.0,7416
2025-01-20T02:07:04.000000+00:00,236.3,50.0,236.8,50.0,228.9,50.0,4.8,1100.0,870.0,79.0,37.0,84.0,98.0,7416
2025-01-20T02:08:04.000000+00:00,235.5,49.9,236.5,49.9,228.9,49.9,4.8,1110.0,880.0,79.0,37.0,84.0,98.0,7416
2025-01-20T02:09:04.000000+00:00,234.5,49.9,234.5,49.9,228.9,49.9,4.8,1090.0,860.0,79.0,37.0,84.1,98.0,7417
2025-01-20T02:10:04.000000+00:00,238.1,49.8,238.1,49.8,228.9,49.8,4.8,1110.0,880.0,79.0,37.0,84.1,98.0,7417
2025-01-20T02:11:04.000000+00:00,238.2,50.0,238.2,50.0,228.9,50.0,4.8,1100.0,880.0,80.0,37.0,84.1,98.0,7417
2025-01-20T02:12:04.000000+00:00,238.8,50.1,238.8,50.1,228.9,50.1,4.8,1100.0,870.0,79.0,36.0,84.0,98.0,7417
2025-01-20T02:13:05.000000+00:00,239.1,50.3,239.1,50.3,228.9,50.3,4.8,1110.0,890.0,80.0,37.0,84.1,98.0,7418
2025-01-20T02:14:05.000000+00:00,239.3,50.4,239.4,50.4,228.9,50.4,4.7,1080.0,870.0,81.0,36.0,84.1,98.0,7418
2025-01-20T02:15:05.000000+00:00,238.7,50.3,239.3,50.3,228.9,50.3,4.7,1080.0,850.0,79.0,36.0,84.1,98.0,7418
2025-01-20T02:16:05.000000+00:00,237.7,50.3,237.7,50.3,228.9,50.3,4.8,1090.0,870.0,80.0,36.0,84.1,98.0,7418
2025-01-20T02:17:05.000000+00:00,237.3,50.1,237.3,50.1,228.9,50.1,4.8,1090.0,860.0,79.0,36.0,84.0,98.0,7419
2025-01-20T02:18:05.000000+00:00,238.0,50.3,238.4,50.3,228.9,50.3,4.8,1090.0,870.0,80.0,36.0,84.1,98.0,7419
2025-01-20T02:19:05.000000+00:00,237.9,50.2,236.9,50.2,228.9,50.2,4.7,1080.0,860.0,80.0,36.0,84.1,98.0,7419
2025-01-20T02:20:05.000000+00:00,236.6,50.2,236.6,50.2,228.9,50.2,4.7,1080.0,850.0,79.0,36.0,84.1,98.0,7419
2025-01-20T02:21:05.000000+00:00,235.5,50.1,235.5,50.1,228.9,50.1,4.8,1100.0,880.0,80.0,36.0,84.1,98.0,7420
2025-01-20T02:22:05.000000+00:00,236.0,50.1,236.4,50.1,228.9,50.1,4.8,1100.0,870.0,79.0,37.0,84.1,98.0,7420
2025-01-20T02:23:05.000000+00:00,237.4,50.2,237.1,50.2,228.9,50.2,4.8,1100.0,890.0,81.0,37.0,84.1,98.0,7420
2025-01-20T02:24:05.000000+00:00,237.3,50.3,237.3,50.3,228.9,50.3,4.8,1100.0,870.0,79.0,37.0,84.1,98.0,7420
2025-01-20T02:25:05.000000+00:00,238.3,50.3,237.2,50.3,228.9,50.3,4.7,1080.0,860.0,80.0,36.0,84.1,98.0,7421
2025-01-20T02:26:05.000000+00:00,238.0,50.3,237.5,50.4,228.9,50.4,4.8,1090.0,880.0,81.0,36.0,84.1,98.0,7421
2025-01-20T02:27:05.000000+00:00,236.6,50.3,237.5,50.3,228.9,50.3,4.7,1070.0,850.0,79.0,36.0,84.1,98.0,7421
2025-01-20T02:28:05.000000+00:00,236.9,50.4,236.9,50.4,228.9,50.4,4.7,1080.0,870.0,81.0,36.0,84.1,98.0,7421
2025-01-20T02:29:05.000000+00:00,237.4,50.3,237.4,50.3,228.8,50.3,4.7,1070.0,850.0,79.0,36.0,84.1,98.0,7422
2025-01-20T02:30:05.000000+00:00,237.0,50.4,237.0,50.4,228.9,50.4,4.8,1090.0,870.0,80.0,36.0,84.1,98.0,7422
2025-01-20T02:31:05.000000+00:00,236.2,50.3,236.1,50.3,228.9,50.3,4.8,1090.0,870.0,80.0,36.0,84.1,98.0,7422
2025-01-20T02:32:05.000000+00:00,235.0,50.2,235.5,50.2,228.9,50.2,4.7,1080.0,860.0,80.0,36.0,84.0,98.0,7422
2025-01-20T02:33:05.000000+00:00,236.2,50.3,236.2,50.3,228.9,50.3,4.8,1100.0,890.0,81.0,37.0,84.1,98.0,7423
2025-01-20T02:34:05.000000+00:00,235.2,50.3,236.2,50.3,228.9,50.3,4.8,1090.0,870.0,80.0,36.0,84.1,98.0,7423
2025-01-20T02:35:05.000000+00:00,235.2,50.3,235.2,50.3,228.9,50.3,4.7,1080.0,860.0,80.0,36.0,84.1,98.0,7423
2025-01-20T02:36:05.000000+00:00,234.4,50.3,234.4,50.3,228.9,50.3,4.8,1090.0,870.0,80.0,36.0,84.1,98.0,7423
2025-01-20T02:37:05.000000+00:00,234.8,50.3,233.9,50.3,228.9,50.3,4.8,1080.0,860.0,80.0,36.0,84.1,98.0,7424
2025-01-20T02:38:05.000000+00:00,234.1,50.3,234.1,50.3,228.9,50.3,4.8,1100.0,880.0,80.0,36.0,84.1,98.0,7424
2025-01-20T02:39:05.000000+00:00,236.7,50.1,237.2,50.1,228.8,50.1,4.8,1090.0,860.0,79.0,36.0,84.1,98.0,7424
2025-01-20T02:40:05.000000+00:00,237.0,50.2,236.5,50.2,228.9,50.2,4.7,1080.0,850.0,79.0,36.0,84.1,98.0,7424
2025-01-20T02:41:05.000000+00:00,236.7,50.3,236.7,50.3,228.9,50.3,4.8,1090.0,870.0,80.0,37.0,84.1,98.0,7424
2025-01-20T02:42:05.000000+00:00,236.6,50.2,237.0,50.2,228.9,50.2,4.7,1080.0,860.0,80.0,36.0,84.1,98.0,7425
2025-01-20T02:43:05.000000+00:00,237.2,50.2,237.2,50.2,228.9,50.2,4.8,1100.0,880.0,80.0,37.0,84.1,99.0,7425
2025-01-20T02:44:05.000000+00:00,237.4,50.3,237.5,50.3,228.9,50.3,4.9,1120.0,910.0,81.0,36.0,84.1,99.0,7425
2025-01-20T02:45:05.000000+00:00,237.2,50.2,236.8,50.2,228.8,50.2,4.8,1090.0,870.0,80.0,37.0,84.1,99.0,7425
2025-01-20T02:46:05.000000+00:00,237.2,50.3,237.2,50.3,228.9,50.3,4.7,1090.0,870.0,80.0,36.0,84.1,99.0,7426
2025-01-20T02:47:05.000000+00:00,237.3,50.4,237.3,50.4,228.9,50.4,4.7,1070.0,850.0,79.0,36.0,84.1,99.0,7426
2025-01-20T02:48:05.000000+00:00,236.6,50.2,236.6,50.2,228.9,50.2,4.8,1090.0,870.0,80.0,37.0,84.1,99.0,7426
2025-01-20T02:49:05.000000+00:00,237.5,50.3,236.5,50.3,228.9,50.3,4.8,1090.0,880.0,81.0,36.0,84.1,99.0,7426
2025-01-20T02:50:05.000000+00:00,236.3,50.3,236.9,50.3,228.9,50.3,4.8,1090.0,870.0,80.0,36.0,84.1,99.0,7427
2025-01-20T02:51:05.000000+00:00,236.2,50.3,237.0,50.3,228.9,50.3,4.7,1080.0,870.0,81.0,36.0,84.1,99.0,7427
2025-01-20T02:52:05.000000+00:00,235.7,50.2,236.0,50.3,228.9,50.3,4.8,1100.0,880.0,80.0,36.0,84.1,99.0,7427
2025-01-20T02:53:05.000000+00:00,236.2,50.3,236.2,50.3,228.9,50.3,4.8,1090.0,880.0,81.0,37.0,84.1,99.0,7427
2025-01-20T02:54:05.000000+00:00,235.9,50.3,235.9,50.3,228.9,50.3,4.8,1090.0,870.0,80.0,36.0,84.1,99.0,7428
2025-01-20T02:55:05.000000+00:00,236.1,50.3,236.1,50.3,228.9,50.3,4.7,1080.0,850.0,79.0,36.0,84.1,99.0,7428
2025-01-20T02:56:05.000000+00:00,235.2,50.3,235.3,50.3,228.9,50.3,4.8,1090.0,870.0,80.0,36.0,84.1,99.0,7428
2025-01-20T02:57:05.000000+00:00,235.9,50.3,235.9,50.3,228.9,50.3,4.7,1080.0,860.0,80.0,36.0,84.1,99.0,7428
2025-01-20T02:58:05.000000+00:00,235.9,50.3,235.9,50.3,228.9,50.3,4.8,1090.0,880.0,81.0,36.0,84.1,99.0,7429
2025-01-20T02:59:05.000000+00:00,235.6,50.3,235.6,50.3,228.9,50.3,4.7,1080.0,860.0,80.0,36.0,84.1,99.0,7429
2025-01-20T03:00:05.000000+00:00,235.0,50.2,235.0,50.2,228.9,50.2,4.8,1100.0,880.0,80.0,36.0,84.1,99.0,7429
2025-01-20T03:01:05.000000+00:00,235.6,50.1,235.0,50.1,228.9,50.1,4.8,1100.0,880.0,80.0,37.0,84.1,99.0,7429
2025-01-20T03:02:05.000000+00:00,234.5,50.1,234.5,50.1,228.9,50.1,4.7,1090.0,860.0,79.0,36.0,84.1,99.0,7430
2025-01-20T03:03:05.000000+00:00,233.4,50.1,233.4,50.1,228.9,50.1,4.8,1100.0,880.0,80.0,37.0,84.1,99.0,7430
2025-01-20T03:04:05.000000+00:00,239.9,50.0,239.6,50.0,228.9,50.0,4.8,1100.0,880.0,80.0,37.0,84.1,99.0,7430
2025-01-20T03:05:05.000000+00:00,239.7,50.0,240.2,50.0,228.9,50.0,4.8,1100.0,870.0,79.0,37.0,84.1,99.0,7430
2025-01-20T03:06:05.000000+00:00,240.1,50.3,240.1,50.3,228.9,50.3,4.8,1090.0,880.0,81.0,37.0,84.1,99.0,7431
2025-01-20T03:07:05.000000+00:00,239.7,50.3,239.7,50.3,228.9,50.3,4.8,1090.0,870.0,80.0,36.0,84.1,99.0,7431
2025-01-20T03:08:06.000000+00:00,238.8,50.1,238.8,50.1,228.9,50.1,4.8,1100.0,870.0,79.0,37.0,84.1,99.0,7431
2025-01-20T03:09:06.000000+00:00,239.4,50.2,238.5,50.2,228.9,50.2,4.8,1090.0,870.0,80.0,37.0,84.1,99.0,7527
2025-01-20T03:10:06.000000+00:00,238.7,50.1,238.7,50.1,228.9,50.1,4.7,1080.0,850.0,79.0,36.0,84.1,99.0,7527
2025-01-20T03:11:06.000000+00:00,237.2,50.1,237.1,50.1,228.9,50.1,4.7,1080.0,850.0,79.0,37.0,84.1,99.0,7528
2025-01-20T03:12:06.000000+00:00,237.2,50.1,236.7,50.1,228.9,50.1,4.7,1080.0,850.0,79.0,36.0,84.1,99.0,7528
2025-01-20T03:13:06.000000+00:00,236.4,50.2,236.4,50.2,228.9,50.2,4.8,1100.0,890.0,81.0,37.0,84.1,99.0,7528
2025-01-20T03:14:06.000000+00:00,237.1,50.2,236.1,50.2,228.9,50.2,4.9,1110.0,900.0,81.0,37.0,84.1,99.0,7157
2025-01-20T03:15:06.000000+00:00,236.2,50.2,236.6,50.2,228.9,50.2,4.8,1100.0,870.0,79.0,37.0,84.1,99.0,7529
2025-01-20T03:16:06.000000+00:00,236.2,50.3,236.3,50.3,228.9,50.3,4.8,1090.0,880.0,81.0,36.0,84.1,99.0,7433
2025-01-20T03:17:06.000000+00:00,236.1,50.2,235.7,50.2,228.9,50.2,4.7,1080.0,860.0,80.0,36.0,84.1,99.0,7433
2025-01-20T03:18:06.000000+00:00,234.8,50.2,235.3,50.2,228.9,50.2,4.8,1100.0,870.0,79.0,36.0,84.1,99.0,7433
2025-01-20T03:19:06.000000+00:00,235.5,50.2,235.9,50.2,228.9,50.2,4.7,1080.0,850.0,79.0,36.0,84.1,99.0,7434
2025-01-20T03:20:06.000000+00:00,236.6,50.2,235.5,50.2,228.9,50.2,4.8,1100.0,880.0,80.0,36.0,84.1,99.0,7434
2025-01-20T03:21:06.000000+00:00,236.0,50.3,235.5,50.3,228.9,50.3,4.8,1100.0,870.0,79.0,36.0,84.1,99.0,7434
2025-01-20T03:22:06.000000+00:00,235.7,50.2,235.7,50.2,228.9,50.2,4.8,1090.0,870.0,80.0,36.0,84.1,99.0,7434
2025-01-20T03:23:06.000000+00:00,235.8,50.3,234.9,50.3,228.9,50.3,4.8,1090.0,870.0,80.0,37.0,84.1,99.0,7435
2025-01-20T03:24:06.000000+00:00,235.9,50.2,235.9,50.2,228.9,50.2,4.9,1110.0,900.0,81.0,36.0,84.1,99.0,7435
2025-01-20T03:25:06.000000+00:00,234.2,50.2,234.3,50.2,228.9,50.2,4.7,1080.0,850.0,79.0,36.0,84.1,99.0,7435
2025-01-20T03:26:06.000000+00:00,235.6,50.2,234.8,50.2,228.9,50.2,4.8,1100.0,880.0,80.0,36.0,84.1,99.0,7250
2025-01-20T03:27:06.000000+00:00,234.8,50.3,235.3,50.3,228.9,50.3,4.7,1080.0,860.0,80.0,36.0,84.1,99.0,7250
2025-01-20T03:28:06.000000+00:00,235.0,50.2,235.1,50.2,228.9,50.2,4.8,1100.0,880.0,80.0,36.0,84.1,99.0,7436
2025-01-20T03:29:06.000000+00:00,235.2,50.4,234.8,50.4,228.9,50.4,4.8,1100.0,880.0,80.0,36.0,84.1,99.0,7436
2025-01-20T03:30:06.000000+00:00,235.6,50.4,235.9,50.4,228.9,50.4,4.8,1090.0,870.0,80.0,36.0,84.1,99.0,7436
2025-01-20T03:31:06.000000+00:00,235.3,50.3,235.3,50.3,228.9,50.3,4.7,1080.0,860.0,80.0,37.0,84.1,99.0,7437
2025-01-20T03:32:06.000000+00:00,236.3,50.3,236.3,50.3,228.9,50.3,4.7,1070.0,850.0,79.0,36.0,84.1,99.0,7437
2025-01-20T03:33:06.000000+00:00,235.4,50.3,235.4,50.3,228.9,50.3,4.8,1100.0,890.0,81.0,37.0,84.1,99.0,7437
2025-01-20T03:34:06.000000+00:00,234.4,50.3,234.5,50.3,228.9,50.3,4.7,1090.0,870.0,80.0,36.0,84.1,99.0,7437
2025-01-20T03:35:06.000000+00:00,234.6,50.3,235.1,50.3,228.9,50.3,4.7,1080.0,860.0,80.0,36.0,84.1,99.0,7438
2025-01-20T03:36:06.000000+00:00,235.1,50.2,235.1,50.2,228.9,50.3,4.8,1090.0,880.0,81.0,37.0,84.1,99.0,7438
2025-01-20T03:37:06.000000+00:00,236.4,50.3,236.4,50.3,228.9,50.3,4.8,1090.0,870.0,80.0,36.0,84.1,99.0,7438
2025-01-20T03:38:06.000000+00:00,235.9,50.3,235.9,50.3,228.9,50.3,4.8,1090.0,870.0,80.0,36.0,84.1,99.0,7438
2025-01-20T03:39:06.000000+00:00,235.8,50.2,235.8,50.2,228.9,50.2,4.7,1080.0,860.0,80.0,36.0,84.1,99.0,7439
2025-01-20T03:40:06.000000+00:00,235.1,50.2,235.5,50.2,228.9,50.2,4.8,1090.0,870.0,80.0,36.0,84.1,99.0,7439
2025-01-20T03:41:06.000000+00:00,235.4,50.2,236.4,50.2,228.9,50.2,4.8,1100.0,880.0,80.0,37.0,84.1,99.0,7439
2025-01-20T03:42:06.000000+00:00,235.5,50.4,235.5,50.4,228.9,50.4,4.7,1070.0,850.0,79.0,36.0,84.1,99.0,7439
2025-01-20T03:43:06.000000+00:00,234.7,50.4,234.7,50.4,228.9,50.4,4.8,1100.0,890.0,81.0,37.0,84.1,99.0,7440
2025-01-20T03:44:06.000000+00:00,234.4,50.4,234.0,50.4,228.9,50.4,4.7,1080.0,870.0,81.0,36.0,84.1,99.0,7440
2025-01-20T03:45:06.000000+00:00,234.5,49.8,234.6,49.8,228.9,49.8,4.9,1120.0,890.0,79.0,38.0,84.1,99.0,7440
2025-01-20T03:46:06.000000+00:00,236.6,50.3,236.5,50.3,228.9,50.3,4.8,1090.0,880.0,81.0,36.0,84.1,99.0,7440
2025-01-20T03:47:06.000000+00:00,237.6,50.3,237.6,50.3,228.9,50.3,4.7,1080.0,860.0,80.0,36.0,84.1,99.0,7441
2025-01-20T03:48:06.000000+00:00,237.3,50.3,237.3,50.3,228.9,50.3,4.8,1090.0,880.0,81.0,36.0,84.1,99.0,7441
2025-01-20T03:49:06.000000+00:00,237.4,50.4,237.4,50.4,228.9,50.4,4.8,1090.0,880.0,81.0,36.0,84.1,99.0,7441
2025-01-20T03:50:06.000000+00:00,236.8,50.3,236.8,50.3,228.9,50.3,4.7,1090.0,860.0,79.0,36.0,84.1,99.0,7441
2025-01-20T03:51:06.000000+00:00,237.4,50.4,237.4,50.4,228.9,50.4,4.7,1070.0,850.0,79.0,36.0,84.1,99.0,7441
2025-01-20T03:52:06.000000+00:00,237.4,50.4,237.4,50.4,228.9,50.4,4.8,1090.0,870.0,80.0,36.0,84.1,99.0,7442
2025-01-20T03:53:06.000000+00:00,236.9,50.4,236.8,50.4,228.9,50.4,4.8,1110.0,900.0,81.0,37.0,84.1,99.0,7442
2025-01-20T03:54:06.000000+00:00,237.7,50.5,237.7,50.5,228.9,50.5,4.7,1080.0,870.0,81.0,36.0,84.1,99.0,7442
2025-01-20T03:55:06.000000+00:00,237.3,50.4,237.3,50.4,228.9,50.4,4.7,1080.0,860.0,80.0,36.0,84.1,99.0,7442
2025-01-20T03:56:06.000000+00:00,236.4,50.4,236.9,50.4,228.9,50.4,4.8,1090.0,880.0,81.0,36.0,84.1,99.0,7443
2025-01-20T03:57:06.000000+00:00,237.6,50.4,237.6,50.4,228.9,50.4,4.7,1070.0,850.0,79.0,36.0,84.1,99.0,7443
2025-01-20T03:58:06.000000+00:00,236.6,50.4,236.6,50.4,228.9,50.4,4.8,1090.0,870.0,80.0,36.0,84.1,99.0,7443
2025-01-20T03:59:06.000000+00:00,237.2,50.4,236.6,50.4,228.9,50.4,4.7,1070.0,850.0,79.0,36.0,84.1,99.0,7443
2025-01-20T04:00:06.000000+00:00,236.3,50.4,236.3,50.4,228.9,50.4,4.7,1080.0,870.0,81.0,36.0,84.1,99.0,7444
2025-01-20T04:01:06.000000+00:00,237.9,50.4,237.0,50.4,228.9,50.4,4.8,1090.0,870.0,80.0,36.0,84.1,99.0,7444
2025-01-20T04:02:06.000000+00:00,237.5,50.4,237.5,50.4,228.9,50.4,4.7,1070.0,850.0,79.0,36.0,84.1,99.0,7444
2025-01-20T04:03:06.000000+00:00,237.3,50.4,237.3,50.4,228.9,50.4,4.8,1100.0,890.0,81.0,37.0,84.1,99.0,7444
2025-01-20T04:04:06.000000+00:00,236.9,50.3,237.2,50.3,228.9,50.3,4.8,1110.0,890.0,80.0,36.0,84.1,99.0,7445
2025-01-20T04:05:06.000000+00:00,237.1,50.4,237.1,50.3,228.9,50.4,4.8,1090.0,870.0,80.0,36.0,84.1,99.0,7445
2025-01-20T04:06:06.000000+00:00,236.4,50.3,236.4,50.4,228.9,50.4,4.7,1090.0,870.0,80.0,36.0,84.1,99.0,7445
2025-01-20T04:07:06.000000+00:00,234.6,50.3,234.6,50.3,228.9,50.3,4.7,1080.0,860.0,80.0,36.0,84.1,99.0,7445
2025-01-20T04:08:06.000000+00:00,235.2,50.1,235.2,50.0,228.9,50.1,4.8,1110.0,880.0,79.0,37.0,84.1,99.0,7446
2025-01-20T04:09:06.000000+00:00,234.9,49.9,233.9,49.9,228.9,49.9,4.9,1110.0,880.0,79.0,37.0,84.1,99.0,7446
2025-01-20T04:10:06.000000+00:00,233.7,49.9,233.4,49.9,228.9,49.9,4.9,1110.0,890.0,80.0,38.0,84.1,99.0,7446
2025-01-20T04:11:06.000000+00:00,234.3,50.2,234.3,50.2,228.9,50.2,4.8,1100.0,880.0,80.0,36.0,84.1,99.0,7260
2025-01-20T04:12:06.000000+00:00,233.8,50.0,233.8,50.0,228.9,50.0,4.8,1090.0,860.0,79.0,37.0,84.1,99.0,7261
2025-01-20T04:13:06.000000+00:00,234.8,50.1,234.0,50.1,228.9,50.0,4.8,1110.0,880.0,79.0,38.0,84.1,99.0,7261
2025-01-20T04:14:06.000000+00:00,233.5,50.0,233.5,50.0,228.9,50.0,4.9,1120.0,890.0,79.0,37.0,84.1,99.0,7261
2025-01-20T04:15:07.000000+00:00,233.3,49.9,233.3,49.9,228.9,49.9,4.9,1120.0,890.0,79.0,37.0,84.1,99.0,7261
2025-01-20T04:16:07.000000+00:00,233.4,49.9,233.6,49.9,228.9,49.9,4.9,1110.0,880.0,79.0,37.0,84.1,99.0,7262
2025-01-20T04:17:07.000000+00:00,233.3,50.0,233.7,50.0,228.9,50.0,4.8,1090.0,860.0,79.0,36.0,84.1,99.0,7642
2025-01-20T04:18:07.000000+00:00,233.5,50.0,232.9,50.0,228.9,50.0,4.8,1100.0,880.0,80.0,37.0,84.1,99.0,7262
2025-01-20T04:19:07.000000+00:00,234.3,50.0,234.3,50.0,228.9,50.0,4.8,1090.0,860.0,79.0,36.0,84.1,99.0,7643
2025-01-20T04:20:07.000000+00:00,233.1,50.0,233.2,50.0,228.9,50.0,4.8,1090.0,860.0,79.0,36.0,84.1,99.0,7263
2025-01-20T04:21:07.000000+00:00,234.2,50.1,234.3,50.1,228.9,50.1,4.7,1080.0,850.0,79.0,36.0,84.1,99.0,7263
2025-01-20T04:22:07.000000+00:00,234.9,50.3,234.5,50.3,228.9,50.3,4.7,1090.0,860.0,79.0,36.0,84.1,99.0,7263
2025-01-20T04:23:07.000000+00:00,233.4,50.1,233.6,50.1,228.9,50.1,4.8,1100.0,870.0,79.0,37.0,84.1,99.0,7263
2025-01-20T04:24:07.000000+00:00,234.2,50.2,234.3,50.1,228.9,50.2,4.7,1080.0,860.0,80.0,36.0,84.1,99.0,7644
2025-01-20T04:25:07.000000+00:00,234.3,50.2,234.3,50.2,228.9,50.2,4.8,1100.0,880.0,80.0,37.0,84.1,99.0,7264
2025-01-20T04:26:07.000000+00:00,234.0,50.1,234.0,50.1,228.9,50.1,4.8,1100.0,870.0,79.0,37.0,84.1,99.0,7644
2025-01-20T04:27:07.000000+00:00,234.0,50.2,234.0,50.2,228.9,50.2,4.8,1090.0,870.0,80.0,36.0,84.1,99.0,7645
2025-01-20T04:28:07.000000+00:00,234.4,50.3,234.4,50.3,228.8,50.3,4.8,1090.0,870.0,80.0,36.0,84.1,99.0,7265
2025-01-20T04:29:07.000000+00:00,234.4,50.4,234.4,50.4,228.9,50.4,4.8,1090.0,870.0,80.0,36.0,84.1,99.0,7645
2025-01-20T04:30:07.000000+00:00,234.6,50.4,234.7,50.4,228.9,50.4,4.7,1090.0,870.0,80.0,36.0,84.1,99.0,7645
2025-01-20T04:31:07.000000+00:00,234.8,50.3,234.8,50.3,228.9,50.3,4.8,1090.0,880.0,81.0,36.0,84.1,99.0,7265
2025-01-20T04:32:07.000000+00:00,234.4,50.4,234.8,50.4,228.9,50.4,4.7,1070.0,850.0,79.0,36.0,84.1,99.0,7357
2025-01-20T04:33:07.000000+00:00,235.1,50.5,235.3,50.5,228.9,50.5,4.8,1100.0,890.0,81.0,36.0,84.1,99.0,7358
2025-01-20T04:34:07.000000+00:00,235.4,50.5,235.9,50.5,228.9,50.5,4.8,1090.0,880.0,81.0,36.0,84.1,99.0,7747
2025-01-20T04:35:07.000000+00:00,234.5,50.4,234.4,50.4,228.9,50.4,4.8,1090.0,880.0,81.0,36.0,84.1,99.0,7266
2025-01-20T04:36:07.000000+00:00,235.2,50.4,235.2,50.4,228.9,50.4,4.8,1090.0,880.0,81.0,36.0,84.1,99.0,7358
2025-01-20T04:37:07.000000+00:00,234.9,50.4,235.0,50.4,228.9,50.4,4.7,1090.0,870.0,80.0,36.0,84.1,99.0,7748
2025-01-20T04:38:07.000000+00:00,235.0,50.4,234.5,50.4,228.9,50.4,4.8,1090.0,870.0,80.0,36.0,84.1,99.0,7359
2025-01-20T04:39:07.000000+00:00,234.8,50.4,234.9,50.4,228.8,50.4,4.8,1100.0,890.0,81.0,37.0,84.1,99.0,7748
2025-01-20T04:40:07.000000+00:00,235.2,50.4,235.6,50.4,228.8,50.4,4.7,1080.0,860.0,80.0,36.0,84.1,99.0,7748
2025-01-20T04:41:07.000000+00:00,234.9,50.3,234.9,50.3,228.9,50.3,4.7,1070.0,850.0,79.0,36.0,84.1,99.0,7550
2025-01-20T04:42:07.000000+00:00,234.5,50.3,234.5,50.3,228.9,50.3,4.7,1070.0,850.0,79.0,36.0,84.1,99.0,7550
2025-01-20T04:43:07.000000+00:00,234.8,50.2,234.8,50.2,228.8,50.2,4.8,1110.0,900.0,81.0,37.0,84.1,99.0,7268
2025-01-20T04:44:07.000000+00:00,234.0,50.2,234.4,50.2,228.9,50.2,4.8,1110.0,890.0,80.0,37.0,84.1,99.0,7649
2025-01-20T04:45:07.000000+00:00,233.4,50.2,233.4,50.2,228.9,50.2,4.8,1090.0,860.0,79.0,36.0,84.1,99.0,7269
2025-01-20T04:46:07.000000+00:00,233.3,50.1,233.8,50.1,228.9,50.1,4.9,1120.0,900.0,80.0,36.0,84.1,99.0,7269
2025-01-20T04:47:07.000000+00:00,233.8,50.1,233.8,50.1,228.9,50.1,4.8,1090.0,860.0,79.0,36.0,84.1,99.0,7650
2025-01-20T04:48:07.000000+00:00,233.3,50.2,234.4,50.2,228.9,50.2,4.8,1110.0,880.0,79.0,36.0,84.1,99.0,7179
2025-01-20T04:49:07.000000+00:00,233.8,50.2,233.9,50.2,228.9,50.2,4.8,1100.0,880.0,80.0,37.0,84.1,99.0,7552
2025-01-20T04:50:07.000000+00:00,234.6,50.3,234.6,50.3,228.9,50.3,4.7,1080.0,860.0,80.0,36.0,84.1,99.0,7552
2025-01-20T04:51:07.000000+00:00,234.4,50.3,234.3,50.3,228.9,50.3,4.8,1090.0,870.0,80.0,36.0,84.1,99.0,7552
2025-01-20T04:52:07.000000+00:00,235.0,50.3,234.4,50.3,228.9,50.3,4.8,1090.0,870.0,80.0,36.0,84.1,99.0,7552
2025-01-20T04:53:07.000000+00:00,234.3,50.2,234.3,50.2,228.9,50.2,4.8,1100.0,880.0,80.0,37.0,84.1,99.0,7553
2025-01-20T04:54:07.000000+00:00,234.7,50.2,234.3,50.2,228.9,50.2,4.9,1110.0,900.0,81.0,37.0,84.1,99.0,7553
2025-01-20T04:55:07.000000+00:00,233.8,50.3,233.8,50.3,228.9,50.3,4.8,1090.0,870.0,80.0,36.0,84.1,99.0,7553
2025-01-20T04:56:07.000000+00:00,233.7,50.2,233.7,50.2,228.9,50.2,4.9,1120.0,910.0,81.0,37.0,84.1,99.0,7553
2025-01-20T04:57:07.000000+00:00,233.2,50.3,232.8,50.3,228.9,50.3,4.7,1080.0,860.0,80.0,36.0,84.1,99.0,7554
2025-01-20T04:58:07.000000+00:00,233.0,50.1,233.0,50.1,228.9,50.1,4.8,1100.0,880.0,80.0,37.0,84.1,99.0,7554
2025-01-20T04:59:07.000000+00:00,233.4,50.1,233.4,50.1,228.9,50.1,4.7,1080.0,860.0,80.0,37.0,84.1,99.0,7554
2025-01-20T05:00:07.000000+00:00,233.3,50.1,233.3,50.1,228.9,50.1,4.8,1090.0,870.0,80.0,36.0,84.1,99.0,7554
2025-01-20T05:01:07.000000+00:00,233.2,50.1,232.3,50.1,228.8,50.1,4.8,1100.0,880.0,80.0,36.0,84.0,99.0,7555
2025-01-20T05:02:07.000000+00:00,232.4,50.1,232.4,50.1,228.9,50.1,4.7,1080.0,850.0,79.0,36.0,84.1,99.0,7555
2025-01-20T05:03:07.000000+00:00,235.6,50.1,235.6,50.1,229.0,50.1,4.8,1100.0,870.0,79.0,37.0,84.1,99.0,7555
2025-01-20T05:04:07.000000+00:00,234.8,50.1,235.8,50.1,228.9,50.1,4.8,1100.0,880.0,80.0,37.0,84.1,99.0,7555
2025-01-20T05:05:07.000000+00:00,235.9,50.1,235.9,50.1,228.9,50.1,4.8,1100.0,880.0,80.0,36.0,84.0,99.0,7654
2025-01-20T05:06:07.000000+00:00,236.0,50.2,236.0,50.2,228.9,50.2,4.8,1110.0,890.0,80.0,37.0,84.0,99.0,7273
2025-01-20T05:07:07.000000+00:00,235.9,50.2,235.4,50.2,228.9,50.2,4.7,1090.0,860.0,79.0,36.0,84.0,99.0,7655
2025-01-20T05:08:07.000000+00:00,235.7,50.2,234.8,50.2,228.9,50.2,4.8,1100.0,880.0,80.0,37.0,84.0,99.0,7274
2025-01-20T05:09:07.000000+00:00,235.5,50.0,235.2,50.0,228.9,50.0,4.8,1090.0,860.0,79.0,37.0,84.0,99.0,7655
2025-01-20T05:10:07.000000+00:00,235.3,50.1,235.3,50.1,228.9,50.1,4.8,1090.0,860.0,79.0,36.0,84.0,99.0,7557
2025-01-20T05:11:07.000000+00:00,236.7,50.2,236.7,50.2,228.9,50.2,4.8,1090.0,870.0,80.0,36.0,84.0,99.0,7557
2025-01-20T05:12:07.000000+00:00,235.1,50.1,235.1,50.1,228.9,50.1,4.8,1090.0,860.0,79.0,36.0,84.0,99.0,7557
2025-01-20T05:13:07.000000+00:00,235.3,50.1,235.3,50.1,228.9,50.1,4.8,1110.0,890.0,80.0,37.0,84.0,99.0,7558
2025-01-20T05:14:07.000000+00:00,235.0,50.2,235.0,50.2,228.9,50.2,4.8,1100.0,880.0,80.0,37.0,84.0,99.0,7558
2025-01-20T05:15:07.000000+00:00,234.8,50.1,234.8,50.1,228.9,50.1,4.7,1080.0,850.0,79.0,37.0,84.0,99.0,7558
2025-01-20T05:16:07.000000+00:00,234.0,50.0,234.0,50.0,228.9,50.0,4.9,1110.0,890.0,80.0,38.0,84.0,99.0,7558
2025-01-20T05:17:07.000000+00:00,234.5,50.1,234.5,50.1,228.9,50.1,4.7,1090.0,850.0,78.0,36.0,84.0,99.0,7559
2025-01-20T05:18:07.000000+00:00,233.7,49.9,233.7,49.9,228.9,49.9,4.8,1110.0,880.0,79.0,37.0,84.0,99.0,7559
2025-01-20T05:19:07.000000+00:00,233.4,49.8,232.5,49.8,228.9,49.8,4.8,1100.0,860.0,78.0,37.0,84.0,99.0,7658
2025-01-20T05:20:07.000000+00:00,233.0,50.1,233.9,50.1,228.9,50.1,4.8,1090.0,860.0,79.0,36.0,84.0,99.0,7187
2025-01-20T05:21:07.000000+00:00,232.9,50.0,233.3,50.0,228.9,50.0,4.8,1100.0,880.0,80.0,37.0,84.0,99.0,7560
2025-01-20T05:22:07.000000+00:00,233.3,50.0,233.4,50.0,228.9,50.0,4.8,1100.0,870.0,79.0,36.0,84.0,99.0,7560
2025-01-20T05:23:07.000000+00:00,232.6,49.9,232.7,49.9,228.9,49.9,4.9,1110.0,880.0,79.0,37.0,84.0,99.0,7560
2025-01-20T05:24:08.000000+00:00,232.3,50.1,233.3,50.1,228.9,50.1,4.9,1120.0,900.0,80.0,37.0,84.0,99.0,7560
2025-01-20T05:25:08.000000+00:00,233.0,50.1,233.0,50.1,228.9,50.1,4.8,1100.0,880.0,80.0,36.0,84.0,99.0,7561
2025-01-20T05:26:08.000000+00:00,233.0,50.0,232.1,50.1,228.9,50.1,4.8,1110.0,880.0,79.0,37.0,84.0,99.0,7561
2025-01-20T05:27:08.000000+00:00,235.1,49.8,235.3,49.8,228.9,49.8,4.8,1110.0,870.0,78.0,37.0,84.0,99.0,7561
2025-01-20T05:28:08.000000+00:00,235.9,49.9,235.9,49.9,228.9,49.9,4.9,1110.0,880.0,79.0,37.0,84.0,99.0,7189
2025-01-20T05:29:08.000000+00:00,235.7,49.8,234.7,49.8,228.9,49.8,4.9,1110.0,880.0,79.0,37.0,84.0,99.0,7562
2025-01-20T05:30:08.000000+00:00,235.5,49.8,235.5,49.8,228.9,49.8,4.8,1110.0,870.0,78.0,37.0,84.0,99.0,7189
2025-01-20T05:31:08.000000+00:00,234.6,49.8,234.6,49.8,228.9,49.8,4.9,1120.0,880.0,79.0,37.0,84.0,99.0,7189
2025-01-20T05:32:08.000000+00:00,234.0,49.7,234.0,49.7,228.9,49.7,4.8,1110.0,860.0,77.0,37.0,84.0,99.0,7189
2025-01-20T05:33:08.000000+00:00,233.7,49.8,233.3,49.8,228.9,49.8,4.9,1120.0,890.0,79.0,37.0,84.0,99.0,7280
2025-01-20T05:34:08.000000+00:00,232.0,49.7,232.5,49.7,228.9,49.7,5.0,1140.0,900.0,79.0,37.0,84.0,99.0,7190
2025-01-20T05:35:08.000000+00:00,233.9,50.0,233.9,50.0,228.9,50.0,4.8,1090.0,870.0,80.0,36.0,84.0,99.0,7563
2025-01-20T05:36:08.000000+00:00,232.8,50.1,233.8,50.1,228.9,50.1,4.8,1100.0,870.0,79.0,37.0,84.0,99.0,7190
2025-01-20T05:37:08.000000+00:00,232.8,49.8,232.8,49.8,228.9,49.8,4.9,1110.0,880.0,79.0,36.0,84.0,99.0,7564
2025-01-20T05:38:08.000000+00:00,232.3,49.9,232.3,49.9,228.9,49.9,4.9,1110.0,880.0,79.0,37.0,84.0,99.0,7564
2025-01-20T05:39:08.000000+00:00,232.0,49.8,232.1,49.8,228.9,49.8,4.9,1120.0,880.0,79.0,37.0,84.0,99.0,7191
2025-01-20T05:40:08.000000+00:00,232.4,49.8,232.4,49.8,228.9,49.8,4.8,1100.0,860.0,78.0,37.0,83.9,99.0,7564
2025-01-20T05:41:08.000000+00:00,236.1,49.7,236.1,49.7,228.9,49.7,4.8,1100.0,860.0,78.0,37.0,83.9,99.0,7192
2025-01-20T05:42:08.000000+00:00,236.6,49.7,236.6,49.7,228.9,49.7,4.8,1100.0,860.0,78.0,37.0,84.0,99.0,7282
2025-01-20T05:43:08.000000+00:00,236.4,49.8,236.9,49.8,228.9,49.8,4.9,1130.0,900.0,80.0,37.0,84.0,99.0,7282
2025-01-20T05:44:08.000000+00:00,236.5,49.9,236.5,49.9,228.9,49.9,4.9,1120.0,880.0,79.0,38.0,83.9,99.0,7664
2025-01-20T05:45:08.000000+00:00,236.4,49.9,235.6,49.9,228.9,49.9,4.9,1110.0,890.0,80.0,37.0,84.0,99.0,7565
2025-01-20T05:46:08.000000+00:00,235.5,49.9,235.5,49.9,228.9,49.9,4.8,1110.0,880.0,79.0,37.0,84.0,99.0,7566
2025-01-20T05:47:08.000000+00:00,235.5,50.0,235.5,50.0,228.9,50.0,4.8,1090.0,860.0,79.0,36.0,84.0,99.0,7566
2025-01-20T05:48:08.000000+00:00,235.0,50.0,235.0,50.0,228.9,50.0,4.8,1110.0,880.0,79.0,37.0,83.9,99.0,7193
2025-01-20T05:49:08.000000+00:00,234.1,49.8,234.1,49.8,228.9,49.8,4.9,1120.0,880.0,79.0,37.0,83.9,99.0,7566
2025-01-20T05:50:08.000000+00:00,235.4,50.0,235.4,50.0,228.9,50.0,4.8,1100.0,860.0,78.0,36.0,83.9,99.0,7567
2025-01-20T05:51:08.000000+00:00,235.7,50.0,235.3,50.0,228.9,50.0,4.8,1090.0,870.0,80.0,36.0,83.9,99.0,7567
2025-01-20T05:52:08.000000+00:00,235.3,50.2,235.8,50.1,228.9,50.2,4.8,1090.0,870.0,80.0,36.0,83.9,99.0,7377
2025-01-20T05:53:08.000000+00:00,235.7,50.1,235.8,50.1,228.9,50.1,4.8,1110.0,890.0,80.0,37.0,83.9,99.0,7285
2025-01-20T05:54:08.000000+00:00,236.7,50.2,235.7,50.2,228.9,50.2,4.9,1110.0,890.0,80.0,37.0,83.9,99.0,7666
2025-01-20T05:55:08.000000+00:00,235.4,50.0,235.4,50.0,228.9,50.0,4.8,1110.0,880.0,79.0,37.0,83.9,99.0,7767
2025-01-20T05:56:08.000000+00:00,237.3,50.2,236.2,50.2,228.9,50.2,4.9,1120.0,900.0,80.0,37.0,83.9,99.0,7195
2025-01-20T05:57:08.000000+00:00,235.9,49.9,235.9,49.9,228.9,50.0,4.8,1090.0,860.0,79.0,37.0,83.9,99.0,7667
2025-01-20T05:58:08.000000+00:00,235.9,50.1,235.4,50.1,228.9,50.1,4.8,1100.0,880.0,80.0,37.0,83.9,99.0,7286
2025-01-20T05:59:08.000000+00:00,236.0,50.1,236.0,50.1,228.9,50.1,4.8,1100.0,880.0,80.0,37.0,83.9,99.0,7667
2025-01-20T06:00:08.000000+00:00,235.4,50.1,235.4,50.1,228.9,50.1,4.8,1100.0,880.0,80.0,37.0,83.9,99.0,7286
2025-01-20T06:01:08.000000+00:00,235.6,50.1,235.2,50.1,228.9,50.1,4.8,1090.0,870.0,80.0,36.0,83.9,99.0,7196
2025-01-20T06:02:08.000000+00:00,235.8,50.1,235.8,50.1,228.9,50.1,4.8,1090.0,860.0,79.0,36.0,83.9,99.0,7668
2025-01-20T06:03:08.000000+00:00,235.8,50.2,236.3,50.2,228.9,50.2,4.8,1100.0,880.0,80.0,37.0,83.9,99.0,7474
2025-01-20T06:04:08.000000+00:00,234.4,50.1,234.7,50.1,228.9,50.1,4.9,1110.0,890.0,80.0,37.0,83.9,99.0,7474
2025-01-20T06:05:08.000000+00:00,235.4,50.3,235.4,50.3,228.9,50.3,4.8,1100.0,890.0,81.0,37.0,83.9,99.0,7474
2025-01-20T06:06:08.000000+00:00,234.5,50.3,235.5,50.3,228.9,50.3,4.9,1110.0,910.0,82.0,37.0,83.9,99.0,7474
2025-01-20T06:07:08.000000+00:00,234.9,50.1,234.9,50.1,228.9,50.1,4.8,1100.0,880.0,80.0,36.0,83.9,99.0,7474
2025-01-20T06:08:08.000000+00:00,234.8,50.3,234.8,50.3,228.9,50.3,4.8,1100.0,880.0,80.0,37.0,83.9,99.0,7475
2025-01-20T06:09:08.000000+00:00,234.3,50.1,234.3,50.1,228.9,50.1,4.8,1100.0,880.0,80.0,37.0,83.9,99.0,7475
2025-01-20T06:10:08.000000+00:00,234.2,50.2,234.3,50.2,228.9,50.2,4.7,1090.0,860.0,79.0,36.0,83.9,99.0,7475
2025-01-20T06:11:08.000000+00:00,233.5,50.0,233.5,50.0,228.9,50.0,4.8,1100.0,870.0,79.0,37.0,83.9,99.0,7475
2025-01-20T06:12:08.000000+00:00,232.6,49.9,233.5,49.9,228.9,49.9,4.8,1100.0,870.0,79.0,37.0,83.9,99.0,7289
2025-01-20T06:13:08.000000+00:00,232.5,49.9,233.0,49.9,228.9,49.9,4.8,1110.0,880.0,79.0,37.0,83.9,99.0,7289
2025-01-20T06:14:08.000000+00:00,234.1,50.2,233.2,50.2,228.9,50.2,4.8,1110.0,900.0,80.0,37.0,83.9,99.0,7290
2025-01-20T06:15:08.000000+00:00,232.4,50.1,232.4,50.1,228.9,50.1,4.8,1100.0,880.0,80.0,37.0,83.9,99.0,7290
2025-01-20T06:16:08.000000+00:00,233.2,50.0,234.1,50.0,228.9,50.0,4.8,1110.0,890.0,80.0,37.0,83.9,99.0,7290
2025-01-20T06:17:08.000000+00:00,235.0,50.1,234.9,50.1,228.9,50.1,4.8,1100.0,870.0,79.0,36.0,83.9,99.0,7477
2025-01-20T06:18:08.000000+00:00,234.1,50.1,234.1,50.1,228.9,50.1,4.8,1110.0,880.0,79.0,37.0,83.9,99.0,7477
2025-01-20T06:19:08.000000+00:00,234.8,49.9,234.8,49.9,228.9,49.9,4.8,1110.0,870.0,78.0,37.0,83.9,99.0,7477
2025-01-20T06:20:08.000000+00:00,234.7,50.0,234.7,50.0,228.9,50.0,4.8,1090.0,850.0,78.0,36.0,83.3,99.0,7478
2025-01-20T06:21:08.000000+00:00,235.3,50.0,235.3,50.0,228.9,50.0,4.8,1100.0,860.0,78.0,36.0,83.0,99.0,7478
2025-01-20T06:22:08.000000+00:00,234.9,49.9,234.9,49.9,228.9,49.9,4.8,1090.0,860.0,79.0,37.0,82.9,99.0,7478
2025-01-20T06:23:08.000000+00:00,234.4,49.9,234.4,49.9,228.9,49.9,4.8,1110.0,880.0,79.0,37.0,82.9,99.0,7478
2025-01-20T06:24:08.000000+00:00,234.2,49.9,234.8,49.9,228.9,49.9,4.8,1110.0,880.0,79.0,37.0,82.8,99.0,7478
2025-01-20T06:25:08.000000+00:00,233.8,50.0,233.8,50.0,228.9,50.0,4.8,1090.0,860.0,79.0,36.0,82.8,99.0,7478
2025-01-20T06:26:08.000000+00:00,234.5,50.0,234.5,50.0,228.9,50.0,4.9,1120.0,890.0,79.0,37.0,82.8,99.0,7478
2025-01-20T06:27:08.000000+00:00,234.0,49.9,234.9,49.9,228.9,49.9,4.8,1090.0,860.0,79.0,36.0,82.8,99.0,7478
2025-01-20T06:28:08.000000+00:00,234.2,50.2,234.2,50.2,228.9,50.2,4.8,1100.0,880.0,80.0,36.0,82.7,99.0,7478
2025-01-20T06:29:09.000000+00:00,235.2,50.3,235.3,50.3,228.9,50.3,4.7,1080.0,860.0,80.0,36.0,82.7,99.0,7478
2025-01-20T06:30:09.000000+00:00,235.2,50.3,235.2,50.3,228.9,50.3,4.7,1080.0,860.0,80.0,36.0,82.7,99.0,7478
2025-01-20T06:31:09.000000+00:00,235.3,50.4,235.0,50.4,228.9,50.4,4.7,1070.0,850.0,79.0,36.0,82.7,99.0,7478
2025-01-20T06:32:09.000000+00:00,235.6,50.3,236.0,50.3,228.9,50.4,4.7,1070.0,850.0,79.0,36.0,82.7,99.0,7877
2025-01-20T06:33:09.000000+00:00,235.8,50.4,236.2,50.4,228.9,50.4,4.8,1090.0,880.0,81.0,36.0,82.7,99.0,7383
2025-01-20T06:34:09.000000+00:00,234.8,50.3,235.4,50.3,228.9,50.3,4.9,1110.0,900.0,81.0,36.0,82.7,99.0,7773
2025-01-20T06:35:09.000000+00:00,235.6,50.2,235.6,50.2,228.9,50.2,4.8,1090.0,880.0,81.0,36.0,82.6,99.0,7773
2025-01-20T06:36:09.000000+00:00,235.4,50.3,235.6,50.3,228.9,50.3,4.8,1090.0,870.0,80.0,36.0,82.6,99.0,7383
2025-01-20T06:37:09.000000+00:00,235.2,50.3,235.3,50.2,228.9,50.3,4.7,1080.0,860.0,80.0,36.0,82.6,99.0,7773
2025-01-20T06:38:09.000000+00:00,236.0,50.2,235.5,50.2,228.9,50.2,4.8,1090.0,870.0,80.0,36.0,82.6,99.0,7383
2025-01-20T06:39:09.000000+00:00,235.2,50.3,235.2,50.3,228.9,50.3,4.8,1090.0,870.0,80.0,36.0,82.6,99.0,7773
2025-01-20T06:40:09.000000+00:00,235.8,50.2,234.8,50.2,228.9,50.2,4.7,1080.0,860.0,80.0,36.0,82.6,99.0,7773
2025-01-20T06:41:09.000000+00:00,235.6,50.2,235.6,50.2,228.9,50.2,4.7,1080.0,850.0,79.0,36.0,82.6,99.0,7574
2025-01-20T06:42:09.000000+00:00,234.3,50.2,234.5,50.2,228.9,50.2,4.7,1080.0,850.0,79.0,36.0,82.6,99.0,7574
2025-01-20T06:43:09.000000+00:00,235.0,50.1,234.7,50.1,228.9,50.1,4.8,1090.0,870.0,80.0,37.0,82.6,99.0,7574
2025-01-20T06:44:09.000000+00:00,235.2,50.0,235.0,50.0,228.9,50.0,4.8,1100.0,870.0,79.0,37.0,82.6,99.0,7574
2025-01-20T06:45:09.000000+00:00,234.8,50.0,234.3,50.0,228.9,50.0,4.8,1110.0,890.0,80.0,37.0,82.6,99.0,7574
2025-01-20T06:46:09.000000+00:00,235.3,50.2,235.3,50.2,228.9,50.2,4.9,1110.0,900.0,81.0,36.0,82.5,99.0,7574
2025-01-20T06:47:09.000000+00:00,235.6,50.3,235.6,50.3,228.9,50.3,4.7,1080.0,860.0,80.0,36.0,82.5,99.0,7574
2025-01-20T06:48:09.000000+00:00,235.1,50.2,234.2,50.2,228.9,50.2,4.8,1090.0,870.0,80.0,36.0,82.5,99.0,7574
2025-01-20T06:49:09.000000+00:00,234.7,50.3,234.7,50.3,228.9,50.3,4.8,1090.0,870.0,80.0,36.0,82.5,99.0,7574
2025-01-20T06:50:09.000000+00:00,234.0,50.2,234.5,50.2,228.9,50.2,4.7,1080.0,850.0,79.0,36.0,82.5,99.0,7574
2025-01-20T06:51:09.000000+00:00,234.8,50.2,234.4,50.2,228.9,50.2,4.7,1080.0,850.0,79.0,36.0,82.5,99.0,7574
2025-01-20T06:52:09.000000+00:00,234.8,50.3,235.2,50.3,228.9,50.3,4.7,1070.0,850.0,79.0,36.0,82.5,99.0,7574
2025-01-20T06:53:09.000000+00:00,235.4,50.3,235.6,50.3,228.9,50.3,4.8,1100.0,880.0,80.0,37.0,82.5,99.0,7574
2025-01-20T06:54:09.000000+00:00,236.1,50.3,235.6,50.3,228.9,50.3,4.8,1100.0,880.0,79.0,37.0,82.5,99.0,7574
2025-01-20T06:55:09.000000+00:00,235.8,50.2,236.1,50.2,228.9,50.2,4.8,1090.0,870.0,80.0,36.0,82.5,99.0,7574
2025-01-20T06:56:09.000000+00:00,235.8,50.2,235.2,50.2,228.9,50.2,4.8,1090.0,870.0,80.0,36.0,82.5,99.0,7574
2025-01-20T06:57:09.000000+00:00,236.0,50.2,236.0,50.2,228.9,50.2,4.7,1080.0,850.0,79.0,36.0,82.5,99.0,7574
2025-01-20T06:58:09.000000+00:00,236.1,50.2,235.6,50.2,228.9,50.2,4.8,1090.0,880.0,81.0,36.0,82.4,99.0,7574
2025-01-20T06:59:09.000000+00:00,235.2,50.1,235.8,50.1,228.9,50.1,4.8,1100.0,880.0,80.0,36.0,82.4,99.0,7201
2025-01-20T07:00:09.000000+00:00,235.1,50.0,235.2,50.0,228.9,50.0,4.8,1100.0,870.0,79.0,36.0,82.4,99.0,7574
2025-01-20T07:01:09.000000+00:00,235.7,50.2,236.3,50.2,228.9,50.2,4.7,1080.0,860.0,80.0,36.0,82.4,99.0,7574
2025-01-20T07:02:09.000000+00:00,234.7,50.1,234.7,50.1,228.9,50.1,4.7,1080.0,850.0,79.0,36.0,82.4,99.0,7574
2025-01-20T07:03:09.000000+00:00,234.9,50.1,234.9,50.1,228.9,50.1,4.8,1110.0,880.0,79.0,37.0,82.4,99.0,7574
2025-01-20T07:04:09.000000+00:00,236.2,50.0,235.1,50.0,228.9,50.0,4.8,1100.0,870.0,79.0,37.0,82.4,99.0,7574
2025-01-20T07:05:09.000000+00:00,234.8,50.1,235.4,50.1,228.9,50.1,4.8,1090.0,870.0,80.0,37.0,82.4,99.0,7773
2025-01-20T07:06:09.000000+00:00,236.1,50.1,236.1,50.1,228.9,50.1,4.8,1100.0,870.0,79.0,37.0,82.4,99.0,7383
2025-01-20T07:07:09.000000+00:00,236.0,50.0,236.0,50.0,228.9,50.0,4.8,1090.0,860.0,79.0,36.0,82.4,99.0,7773
2025-01-20T07:08:09.000000+00:00,234.9,50.1,234.9,50.1,228.9,50.1,4.8,1110.0,890.0,80.0,37.0,82.4,99.0,7291
2025-01-20T07:09:09.000000+00:00,235.3,49.9,235.3,49.9,228.9,49.9,4.8,1110.0,880.0,79.0,37.0,82.4,99.0,7291
2025-01-20T07:10:09.000000+00:00,235.2,50.0,235.2,50.0,228.9,50.0,4.8,1090.0,860.0,79.0,36.0,82.4,99.0,7673
2025-01-20T07:11:09.000000+00:00,234.1,49.9,234.1,49.9,228.9,49.9,4.8,1090.0,860.0,79.0,36.0,82.3,99.0,7291
2025-01-20T07:12:09.000000+00:00,235.3,50.0,235.3,50.0,228.9,50.0,4.8,1090.0,860.0,79.0,36.0,82.3,99.0,7773
2025-01-20T07:13:09.000000+00:00,234.9,50.0,234.9,50.0,228.9,50.0,4.8,1100.0,880.0,80.0,37.0,82.3,99.0,7291
2025-01-20T07:14:09.000000+00:00,235.4,50.1,235.3,50.1,228.9,50.1,4.8,1100.0,870.0,79.0,37.0,82.3,99.0,7201
2025-01-20T07:15:09.000000+00:00,234.5,50.1,235.0,50.1,228.9,50.1,4.8,1110.0,880.0,79.0,36.0,82.3,99.0,7574
2025-01-20T07:16:09.000000+00:00,235.1,50.1,235.1,50.1,228.9,50.1,4.8,1110.0,880.0,79.0,37.0,82.3,99.0,7574
2025-01-20T07:17:09.000000+00:00,235.6,50.1,235.1,50.1,228.9,50.1,4.7,1080.0,850.0,79.0,36.0,82.3,99.0,7574
2025-01-20T07:18:09.000000+00:00,234.7,50.1,234.7,50.1,228.9,50.1,4.8,1100.0,870.0,79.0,36.0,82.3,99.0,7574
2025-01-20T07:19:09.000000+00:00,234.5,50.1,234.5,50.1,228.9,50.1,4.8,1100.0,870.0,79.0,37.0,82.3,99.0,7574
2025-01-20T07:20:09.000000+00:00,234.9,50.0,234.5,50.0,228.9,50.0,4.8,1090.0,860.0,79.0,36.0,82.3,99.0,7574
2025-01-20T07:21:09.000000+00:00,234.5,50.0,234.5,50.0,228.9,50.0,4.7,1080.0,850.0,79.0,36.0,82.3,99.0,7574
2025-01-20T07:22:09.000000+00:00,234.4,50.1,234.4,50.1,228.9,50.1,4.7,1080.0,850.0,79.0,36.0,82.3,99.0,7574
2025-01-20T07:23:09.000000+00:00,234.4,50.0,234.6,50.0,228.9,50.0,4.9,1120.0,900.0,80.0,37.0,82.3,99.0,7574
2025-01-20T07:24:09.000000+00:00,234.9,50.1,234.9,50.1,228.9,50.1,4.9,1110.0,890.0,80.0,37.0,82.3,99.0,7574
2025-01-20T07:25:09.000000+00:00,234.7,50.0,234.2,50.0,228.9,50.0,4.8,1090.0,850.0,78.0,37.0,82.3,99.0,7574
2025-01-20T07:26:09.000000+00:00,234.6,50.0,234.6,50.0,228.9,50.0,4.8,1090.0,860.0,79.0,36.0,82.3,99.0,7574
2025-01-20T07:27:09.000000+00:00,235.3,50.1,235.3,50.1,228.9,50.0,4.7,1090.0,850.0,78.0,36.0,82.2,99.0,7574
2025-01-20T07:28:09.000000+00:00,234.5,50.1,234.5,50.1,228.9,50.1,4.7,1090.0,860.0,79.0,36.0,82.2,99.0,7574
2025-01-20T07:29:09.000000+00:00,234.0,50.1,234.0,50.1,228.9,50.1,4.8,1100.0,870.0,79.0,36.0,82.2,99.0,7574
2025-01-20T07:30:09.000000+00:00,233.9,50.1,233.9,50.1,228.9,50.1,4.8,1090.0,870.0,80.0,36.0,82.2,99.0,7574
2025-01-20T07:31:09.000000+00:00,232.9,50.0,233.4,50.0,228.9,50.1,4.8,1100.0,870.0,79.0,36.0,82.2,99.0,7574
2025-01-20T07:32:09.000000+00:00,233.1,50.1,233.1,50.1,228.9,50.1,4.7,1080.0,850.0,79.0,36.0,82.2,99.0,7574
2025-01-20T07:33:09.000000+00:00,233.7,50.0,232.7,50.0,228.9,50.1,4.8,1100.0,870.0,79.0,37.0,82.2,99.0,7574
2025-01-20T07:34:09.000000+00:00,233.1,50.1,232.6,50.1,228.9,50.1,4.8,1100.0,870.0,79.0,37.0,82.2,99.0,7574
2025-01-20T07:35:09.000000+00:00,234.1,50.1,233.1,50.1,228.9,50.1,4.8,1090.0,860.0,79.0,36.0,82.2,99.0,7673
2025-01-20T07:36:09.000000+00:00,233.4,50.2,234.5,50.2,228.9,50.2,4.8,1110.0,890.0,80.0,37.0,82.2,99.0,7291
2025-01-20T07:37:09.000000+00:00,234.1,50.1,234.0,50.1,228.9,50.1,4.7,1080.0,850.0,79.0,36.0,82.2,99.0,7673
2025-01-20T07:38:09.000000+00:00,234.9,50.1,234.4,50.1,228.9,50.1,4.8,1100.0,880.0,80.0,37.0,82.2,99.0,7291
2025-01-20T07:39:09.000000+00:00,234.3,50.1,234.3,50.1,228.9,50.1,4.8,1100.0,870.0,79.0,37.0,82.2,99.0,7773
2025-01-20T07:40:09.000000+00:00,235.2,50.1,235.2,50.1,228.9,50.1,4.7,1090.0,860.0,79.0,36.0,82.2,99.0,7574
2025-01-20T07:41:10.000000+00:00,234.9,50.1,235.4,50.1,228.9,50.1,4.7,1090.0,860.0,79.0,36.0,82.1,99.0,7574
2025-01-20T07:42:10.000000+00:00,235.7,50.0,235.7,50.0,228.9,50.0,4.8,1090.0,860.0,79.0,36.0,82.1,99.0,7574
2025-01-20T07:43:10.000000+00:00,235.7,50.0,234.8,50.0,228.9,50.0,4.8,1090.0,870.0,80.0,37.0,82.1,99.0,7574
2025-01-20T07:44:10.000000+00:00,235.2,50.1,235.2,50.1,228.9,50.1,4.8,1090.0,870.0,80.0,37.0,82.1,99.0,7574
2025-01-20T07:45:10.000000+00:00,235.5,50.1,235.0,50.1,228.9,50.1,4.8,1100.0,880.0,80.0,37.0,82.1,99.0,7574
2025-01-20T07:46:10.000000+00:00,235.9,50.1,234.8,50.1,228.9,50.1,4.9,1110.0,890.0,80.0,37.0,82.1,99.0,7574
2025-01-20T07:47:10.000000+00:00,235.3,50.1,234.8,50.1,228.9,50.1,4.8,1090.0,860.0,79.0,37.0,82.1,99.0,7574
2025-01-20T07:48:10.000000+00:00,235.9,50.1,235.9,50.1,228.9,50.1,4.8,1090.0,870.0,80.0,37.0,82.1,99.0,7574
2025-01-20T07:49:10.000000+00:00,235.7,50.1,236.6,50.1,228.9,50.1,4.8,1100.0,870.0,79.0,37.0,82.1,99.0,7574
2025-01-20T07:50:10.000000+00:00,235.9,50.0,235.9,50.0,228.9,50.0,4.7,1080.0,850.0,79.0,36.0,82.1,99.0,7574
2025-01-20T07:51:10.000000+00:00,235.8,50.0,236.3,50.0,228.9,50.0,4.8,1090.0,850.0,78.0,36.0,82.1,99.0,7574
2025-01-20T07:52:10.000000+00:00,236.2,50.0,236.2,50.0,228.9,50.0,4.8,1100.0,860.0,78.0,36.0,82.1,99.0,7574
2025-01-20T07:53:10.000000+00:00,236.2,50.0,236.7,50.0,228.9,50.0,4.8,1100.0,870.0,79.0,37.0,82.1,99.0,7574
2025-01-20T07:54:10.000000+00:00,236.6,49.9,236.6,49.9,228.9,49.9,4.8,1100.0,870.0,79.0,37.0,82.1,99.0,7574
2025-01-20T07:55:10.000000+00:00,236.0,50.0,236.2,50.0,228.9,50.0,4.7,1080.0,850.0,79.0,37.0,82.1,99.0,7574
2025-01-20T07:56:10.000000+00:00,235.9,50.0,235.8,50.0,229.0,50.0,4.8,1100.0,870.0,79.0,37.0,82.1,99.0,7574
2025-01-20T07:57:10.000000+00:00,235.3,50.0,235.3,50.0,228.9,50.0,4.7,1080.0,850.0,79.0,36.0,82.1,99.0,7574
2025-01-20T07:58:10.000000+00:00,235.1,50.0,235.1,50.0,228.9,50.0,4.8,1100.0,870.0,79.0,37.0,82.1,99.0,7574
2025-01-20T07:59:10.000000+00:00,235.2,50.1,236.1,50.0,228.9,50.1,4.8,1100.0,880.0,80.0,37.0,82.0,99.0,7574
2025-01-20T08:00:10.000000+00:00,235.7,49.9,235.7,49.9,228.9,49.9,4.8,1100.0,870.0,79.0,37.0,82.0,99.0,7574
2025-01-20T08:01:10.000000+00:00,235.6,50.0,235.6,50.0,228.9,50.0,4.7,1080.0,850.0,79.0,36.0,82.0,99.0,7574
2025-01-20T08:02:10.000000+00:00,235.6,50.1,235.8,50.1,228.9,50.1,4.7,1080.0,850.0,79.0,36.0,82.0,99.0,7574
2025-01-20T08:03:10.000000+00:00,235.4,50.1,235.3,50.1,228.9,50.1,4.8,1090.0,870.0,80.0,37.0,82.0,99.0,7574
2025-01-20T08:04:10.000000+00:00,235.5,50.1,235.5,50.2,228.9,50.1,4.8,1090.0,870.0,80.0,37.0,82.0,99.0,7574
2025-01-20T08:05:10.000000+00:00,234.9,50.2,234.9,50.2,228.9,50.2,4.8,1090.0,870.0,80.0,36.0,82.0,99.0,7574
2025-01-20T08:06:10.000000+00:00,235.9,50.2,234.8,50.2,228.9,50.2,4.8,1100.0,880.0,80.0,37.0,82.0,99.0,7574
2025-01-20T08:07:10.000000+00:00,235.2,50.1,235.2,50.1,228.9,50.1,4.7,1080.0,850.0,79.0,37.0,82.0,99.0,7574
2025-01-20T08:08:10.000000+00:00,234.7,50.1,234.6,50.1,228.9,50.1,4.8,1090.0,870.0,80.0,37.0,82.0,99.0,7574
2025-01-20T08:09:10.000000+00:00,235.4,50.1,234.9,50.1,228.9,50.1,4.8,1100.0,880.0,80.0,36.0,82.0,99.0,7574
2025-01-20T08:10:10.000000+00:00,234.6,50.0,234.6,50.1,228.9,50.1,4.8,1090.0,860.0,79.0,36.0,82.0,99.0,7574
2025-01-20T08:11:10.000000+00:00,233.9,50.0,233.9,50.0,228.9,50.0,4.8,1090.0,860.0,79.0,36.0,82.0,99.0,7574
2025-01-20T08:12:10.000000+00:00,233.7,50.1,233.7,50.1,228.9,50.1,4.7,1080.0,850.0,79.0,36.0,82.0,99.0,7574
2025-01-20T08:13:10.000000+00:00,234.5,50.1,234.5,50.1,228.9,50.1,4.8,1090.0,860.0,79.0,36.0,82.0,99.0,7478
2025-01-20T08:14:10.000000+00:00,234.9,50.1,234.9,50.1,228.9,50.1,4.8,1100.0,880.0,80.0,37.0,82.0,99.0,7478
2025-01-20T08:15:10.000000+00:00,234.4,50.1,234.4,50.1,228.9,50.1,4.8,1110.0,890.0,80.0,37.0,82.0,99.0,7478
2025-01-20T08:16:10.000000+00:00,234.8,50.0,234.8,50.0,228.9,50.0,4.8,1090.0,860.0,79.0,36.0,82.0,99.0,7478
2025-01-20T08:17:10.000000+00:00,234.6,50.1,234.1,50.1,228.9,50.1,4.8,1090.0,860.0,79.0,36.0,82.0,99.0,7478
2025-01-20T08:18:10.000000+00:00,235.2,50.2,234.8,50.2,228.9,50.2,4.8,1100.0,880.0,80.0,36.0,81.9,99.0,7478
2025-01-20T08:19:10.000000+00:00,235.6,50.1,235.6,50.1,228.9,50.1,4.8,1090.0,870.0,80.0,37.0,81.9,99.0,7478
2025-01-20T08:20:10.000000+00:00,234.5,50.1,234.5,50.1,228.9,50.1,4.7,1080.0,860.0,80.0,36.0,81.9,99.0,7478
2025-01-20T08:21:10.000000+00:00,234.3,50.1,234.3,50.1,228.9,50.1,4.8,1090.0,860.0,79.0,36.0,81.9,99.0,7478
2025-01-20T08:22:10.000000+00:00,234.5,50.1,234.5,50.1,228.9,50.1,4.7,1080.0,850.0,79.0,36.0,81.9,99.0,7478
2025-01-20T08:23:10.000000+00:00,235.0,50.1,234.6,50.1,228.9,50.1,4.8,1100.0,870.0,79.0,37.0,81.9,99.0,7478
2025-01-20T08:24:10.000000+00:00,235.6,50.1,235.6,50.1,228.9,50.1,4.8,1100.0,870.0,79.0,37.0,81.9,99.0,7478
2025-01-20T08:25:10.000000+00:00,235.0,50.1,235.1,50.1,228.9,50.1,4.8,1090.0,860.0,79.0,36.0,81.9,99.0,7478
2025-01-20T08:26:10.000000+00:00,234.4,50.1,234.6,50.1,228.9,50.1,4.8,1110.0,890.0,80.0,37.0,81.9,99.0,7478
2025-01-20T08:27:10.000000+00:00,234.8,50.1,233.7,50.1,228.9,50.1,4.7,1080.0,850.0,79.0,36.0,81.9,99.0,7478
2025-01-20T08:28:10.000000+00:00,235.0,50.2,235.0,50.2,228.9,50.2,4.8,1100.0,870.0,79.0,36.0,81.9,99.0,7478
2025-01-20T08:29:10.000000+00:00,234.7,50.1,234.3,50.1,228.9,50.1,4.8,1100.0,880.0,80.0,37.0,81.9,99.0,7478
2025-01-20T08:30:10.000000+00:00,234.3,50.0,233.6,50.0,228.9,50.0,4.8,1100.0,870.0,79.0,36.0,81.9,99.0,7478
2025-01-20T08:31:10.000000+00:00,234.2,50.1,234.2,50.1,228.9,50.1,4.8,1090.0,860.0,79.0,36.0,81.9,99.0,7478
2025-01-20T08:32:10.000000+00:00,234.2,50.0,235.1,50.0,228.9,50.0,4.7,1080.0,850.0,79.0,36.0,81.9,99.0,7478
2025-01-20T08:33:10.000000+00:00,234.8,50.0,234.8,50.0,228.9,50.0,4.8,1100.0,870.0,79.0,37.0,81.9,99.0,7478
2025-01-20T08:34:10.000000+00:00,235.2,50.1,235.2,50.1,228.9,50.1,4.8,1100.0,870.0,79.0,36.0,81.9,99.0,7478
2025-01-20T08:35:10.000000+00:00,236.5,50.2,236.5,50.2,228.9,50.2,4.7,1080.0,850.0,79.0,36.0,81.9,99.0,7478
2025-01-20T08:36:10.000000+00:00,236.9,50.1,236.9,50.1,228.9,50.1,4.9,1110.0,890.0,80.0,37.0,81.9,99.0,7478
2025-01-20T08:37:10.000000+00:00,236.4,50.1,235.4,50.1,228.9,50.1,4.7,1080.0,850.0,79.0,36.0,81.9,99.0,7478
2025-01-20T08:38:10.000000+00:00,235.3,50.1,236.2,50.1,228.9,50.1,4.8,1110.0,880.0,79.0,37.0,81.9,99.0,7478
2025-01-20T08:39:10.000000+00:00,235.0,50.1,235.0,50.1,228.9,50.1,4.8,1100.0,870.0,79.0,36.0,81.8,99.0,7478
2025-01-20T08:40:10.000000+00:00,235.4,50.1,235.4,50.1,228.9,50.1,4.8,1080.0,850.0,79.0,36.0,81.8,99.0,7478
2025-01-20T08:41:10.000000+00:00,234.6,50.1,234.6,50.1,228.9,50.1,4.7,1080.0,850.0,79.0,36.0,81.8,99.0,7478
2025-01-20T08:42:10.000000+00:00,235.5,50.1,235.5,50.1,228.9,50.1,4.7,1080.0,850.0,79.0,36.0,81.8,99.0,7478
2025-01-20T08:43:11.000000+00:00,235.3,50.1,235.3,50.1,228.9,50.1,4.8,1100.0,870.0,79.0,37.0,81.8,99.0,7478
2025-01-20T08:44:11.000000+00:00,235.0,50.1,235.4,50.1,228.9,50.1,4.8,1090.0,870.0,80.0,37.0,81.8,99.0,7478
2025-01-20T08:45:11.000000+00:00,235.8,50.1,235.3,50.2,228.9,50.2,4.8,1100.0,880.0,80.0,36.0,81.8,99.0,7478
2025-01-20T08:46:11.000000+00:00,235.1,50.2,235.1,50.2,228.9,50.2,4.9,1110.0,900.0,81.0,37.0,81.8,99.0,7478
2025-01-20T08:47:11.000000+00:00,235.9,50.2,235.9,50.2,228.9,50.2,4.8,1100.0,880.0,80.0,37.0,81.8,99.0,7478
2025-01-20T08:48:11.000000+00:00,235.2,50.1,235.3,50.1,228.9,50.1,4.8,1100.0,870.0,79.0,36.0,81.8,99.0,7478
2025-01-20T08:49:11.000000+00:00,235.2,50.3,235.2,50.3,228.9,50.3,4.7,1090.0,870.0,80.0,36.0,81.8,99.0,7383
2025-01-20T08:50:11.000000+00:00,235.8,50.3,235.7,50.3,228.9,50.3,4.7,1080.0,850.0,79.0,36.0,81.8,99.0,7773
2025-01-20T08:51:11.000000+00:00,236.2,50.3,235.9,50.3,228.9,50.3,4.7,1080.0,860.0,80.0,36.0,81.8,99.0,7383
2025-01-20T08:52:11.000000+00:00,234.7,50.1,234.5,50.1,228.9,50.1,4.7,1080.0,850.0,79.0,36.0,81.8,99.0,7383
2025-01-20T08:53:11.000000+00:00,234.2,50.2,234.7,50.2,228.9,50.2,4.8,1100.0,880.0,80.0,37.0,81.8,99.0,7383
2025-01-20T08:54:11.000000+00:00,235.4,50.1,234.4,50.1,228.9,50.1,4.8,1100.0,870.0,79.0,37.0,81.8,99.0,7877
2025-01-20T08:55:11.000000+00:00,234.0,50.2,234.0,50.2,228.9,50.2,4.7,1080.0,850.0,79.0,36.0,81.8,99.0,7773
2025-01-20T08:56:11.000000+00:00,235.3,50.2,235.3,50.2,228.9,50.2,4.7,1090.0,870.0,80.0,36.0,81.8,99.0,7383
2025-01-20T08:57:11.000000+00:00,235.3,50.1,235.3,50.1,228.9,50.1,4.8,1100.0,880.0,80.0,36.0,81.8,99.0,7773
2025-01-20T08:58:11.000000+00:00,235.7,50.1,235.2,50.1,228.9,50.1,4.8,1100.0,880.0,80.0,37.0,81.8,99.0,7383
2025-01-20T08:59:11.000000+00:00,235.1,50.1,234.2,50.1,228.9,50.1,4.8,1100.0,870.0,79.0,37.0,81.8,99.0,7773
2025-01-20T09:00:11.000000+00:00,235.5,50.0,234.4,50.0,228.9,50.0,4.8,1090.0,860.0,79.0,36.0,81.8,99.0,7291
2025-01-20T09:01:11.000000+00:00,235.6,50.0,234.7,50.0,228.9,50.0,4.8,1090.0,860.0,79.0,36.0,81.8,99.0,7291
2025-01-20T09:02:11.000000+00:00,235.1,50.2,235.1,50.2,228.9,50.2,4.7,1080.0,850.0,79.0,36.0,81.8,99.0,7383
2025-01-20T09:03:11.000000+00:00,235.4,50.1,235.4,50.1,228.9,50.2,4.8,1090.0,870.0,80.0,37.0,81.8,99.0,7383
2025-01-20T09:04:11.000000+00:00,234.9,50.2,234.6,50.2,228.9,50.2,4.8,1100.0,880.0,80.0,36.0,81.7,99.0,7383
2025-01-20T09:05:11.000000+00:00,234.8,50.1,234.8,50.1,228.9,50.1,4.7,1080.0,850.0,79.0,36.0,81.7,99.0,7383
2025-01-20T09:06:11.000000+00:00,235.0,50.1,235.5,50.1,228.9,50.1,4.8,1100.0,870.0,79.0,37.0,81.7,99.0,7291
2025-01-20T09:07:11.000000+00:00,235.8,50.2,235.3,50.2,228.9,50.2,4.7,1080.0,850.0,79.0,36.0,81.7,99.0,7773
2025-01-20T09:08:11.000000+00:00,235.3,50.2,235.3,50.2,228.9,50.2,4.8,1100.0,880.0,80.0,37.0,81.7,99.0,7383
2025-01-20T09:09:11.000000+00:00,235.1,50.1,235.2,50.1,228.9,50.1,4.8,1090.0,870.0,80.0,37.0,81.7,99.0,7383
2025-01-20T09:10:11.000000+00:00,234.9,50.0,235.4,50.0,228.9,50.0,4.8,1090.0,860.0,79.0,36.0,81.7,99.0,7773
2025-01-20T09:11:11.000000+00:00,235.6,50.1,235.6,50.1,228.9,50.1,4.8,1090.0,860.0,79.0,36.0,81.7,99.0,7673
2025-01-20T09:12:11.000000+00:00,235.2,50.1,234.3,50.1,228.9,50.1,4.7,1080.0,850.0,79.0,36.0,81.7,99.0,7773
2025-01-20T09:13:11.000000+00:00,234.2,50.0,235.2,50.1,228.9,50.1,4.8,1100.0,870.0,79.0,37.0,81.7,99.0,7291
2025-01-20T09:14:11.000000+00:00,235.3,50.2,235.3,50.2,228.9,50.2,4.7,1090.0,860.0,79.0,36.0,81.7,99.0,7291
2025-01-20T09:15:11.000000+00:00,235.1,50.0,234.1,50.0,228.9,50.0,4.8,1090.0,860.0,79.0,37.0,81.7,99.0,7673
2025-01-20T09:16:11.000000+00:00,234.4,50.1,234.5,50.1,228.9,50.1,4.8,1100.0,880.0,80.0,36.0,81.7,99.0,7291
2025-01-20T09:17:11.000000+00:00,234.3,50.1,234.5,50.1,228.9,50.1,4.7,1080.0,850.0,79.0,36.0,81.7,99.0,7773
2025-01-20T09:18:11.000000+00:00,235.5,50.1,234.7,50.1,228.9,50.1,4.8,1100.0,870.0,79.0,37.0,81.7,99.0,7383
2025-01-20T09:19:11.000000+00:00,234.9,50.1,234.9,50.1,228.9,50.2,4.8,1090.0,870.0,80.0,37.0,81.7,99.0,7877
2025-01-20T09:20:11.000000+00:00,234.3,50.1,234.8,50.1,228.9,50.1,4.7,1080.0,850.0,79.0,36.0,81.7,99.0,7478
2025-01-20T09:21:11.000000+00:00,234.9,50.1,234.9,50.1,228.9,50.1,4.7,1080.0,850.0,79.0,36.0,81.7,99.0,7478
2025-01-20T09:22:11.000000+00:00,236.0,50.2,236.6,50.2,228.9,50.2,4.7,1080.0,850.0,79.0,36.0,81.7,99.0,7478
2025-01-20T09:23:11.000000+00:00,236.8,50.0,235.8,50.0,228.9,50.0,4.8,1110.0,890.0,80.0,37.0,81.7,99.0,7478
2025-01-20T09:24:11.000000+00:00,236.8,50.1,236.8,50.1,228.9,50.1,4.8,1090.0,870.0,80.0,36.0,81.6,99.0,7478
2025-01-20T09:25:11.000000+00:00,237.1,50.2,237.1,50.2,228.9,50.2,4.7,1080.0,850.0,79.0,36.0,81.6,99.0,7877
2025-01-20T09:26:11.000000+00:00,235.1,50.1,235.1,50.1,228.9,50.1,4.8,1100.0,880.0,80.0,37.0,81.6,99.0,7383
2025-01-20T09:27:11.000000+00:00,236.0,50.1,236.0,50.1,228.9,50.1,4.7,1080.0,850.0,79.0,37.0,81.6,99.0,7773
2025-01-20T09:28:11.000000+00:00,236.2,50.1,236.2,50.1,228.9,50.1,4.8,1090.0,870.0,80.0,37.0,81.6,99.0,7383
2025-01-20T09:29:11.000000+00:00,236.4,50.1,236.0,50.1,228.9,50.1,4.8,1100.0,880.0,80.0,37.0,81.6,99.0,7773
2025-01-20T09:30:11.000000+00:00,235.2,50.1,235.2,50.1,228.9,50.1,4.7,1080.0,840.0,78.0,36.0,81.6,99.0,7673
2025-01-20T09:31:11.000000+00:00,235.9,50.1,235.9,50.1,228.9,50.1,4.7,1080.0,850.0,79.0,36.0,81.6,99.0,7673
2025-01-20T09:32:11.000000+00:00,235.8,50.1,235.8,50.1,228.9,50.1,4.7,1080.0,850.0,79.0,36.0,81.6,99.0,7673
2025-01-20T09:33:11.000000+00:00,236.5,50.1,236.5,50.1,228.9,50.1,4.8,1090.0,870.0,80.0,37.0,81.6,99.0,7291
2025-01-20T09:34:11.000000+00:00,236.3,50.1,236.3,50.1,228.9,50.1,4.8,1100.0,870.0,79.0,37.0,81.6,99.0,7673
2025-01-20T09:35:11.000000+00:00,236.9,50.1,236.5,50.1,228.9,50.1,4.7,1080.0,850.0,79.0,36.0,81.6,99.0,7673
2025-01-20T09:36:11.000000+00:00,235.9,50.1,235.9,50.1,228.9,50.1,4.8,1100.0,880.0,80.0,37.0,81.6,99.0,7291
2025-01-20T09:37:11.000000+00:00,236.9,50.2,236.9,50.2,228.9,50.2,4.7,1080.0,850.0,79.0,37.0,81.6,99.0,7773
2025-01-20T09:38:11.000000+00:00,235.4,50.1,235.4,50.1,228.9,50.1,4.8,1100.0,880.0,80.0,37.0,81.6,99.0,7383
2025-01-20T09:39:11.000000+00:00,235.2,50.2,235.2,50.2,228.9,50.2,4.8,1100.0,880.0,80.0,36.0,81.6,99.0,7773
2025-01-20T09:40:11.000000+00:00,236.4,50.3,236.3,50.3,228.9,50.3,4.7,1080.0,860.0,80.0,36.0,81.6,99.0,7574
2025-01-20T09:41:11.000000+00:00,236.0,50.2,235.1,50.2,228.9,50.2,4.7,1080.0,850.0,79.0,36.0,81.6,99.0,7574
2025-01-20T09:42:11.000000+00:00,235.1,50.1,235.6,50.1,228.9,50.1,4.7,1080.0,860.0,80.0,36.0,81.6,99.0,7574
2025-01-20T09:43:11.000000+00:00,235.8,50.2,235.9,50.2,228.9,50.2,4.8,1090.0,870.0,80.0,36.0,81.6,99.0,7574
2025-01-20T09:44:11.000000+00:00,235.4,50.2,235.5,50.2,228.9,50.2,4.8,1090.0,870.0,80.0,36.0,81.6,99.0,7574
2025-01-20T09:45:11.000000+00:00,235.6,50.3,235.6,50.3,228.9,50.3,4.7,1070.0,850.0,79.0,36.0,81.6,99.0,7574
2025-01-20T09:46:11.000000+00:00,235.3,50.2,235.8,50.2,228.9,50.2,4.8,1090.0,870.0,80.0,36.0,81.6,99.0,7574
2025-01-20T09:47:11.000000+00:00,236.5,50.1,236.5,50.1,228.9,50.1,4.7,1080.0,850.0,79.0,37.0,81.6,99.0,7574
2025-01-20T09:48:11.000000+00:00,236.4,50.1,236.4,50.1,228.9,50.1,4.8,1100.0,880.0,80.0,36.0,81.6,99.0,7574
2025-01-20T09:49:11.000000+00:00,235.9,50.1,235.9,50.1,228.9,50.1,4.8,1090.0,860.0,79.0,37.0,81.5,99.0,7574
2025-01-20T09:50:11.000000+00:00,235.4,50.0,235.4,50.0,228.9,50.0,4.8,1090.0,860.0,79.0,36.0,81.5,99.0,7574
2025-01-20T09:51:11.000000+00:00,236.2,50.1,236.2,50.1,228.9,50.1,4.7,1080.0,850.0,79.0,36.0,81.5,99.0,7574
2025-01-20T09:52:11.000000+00:00,235.6,50.1,236.1,50.1,228.9,50.1,4.7,1080.0,850.0,79.0,36.0,81.5,99.0,7574
2025-01-20T09:53:11.000000+00:00,236.1,50.2,236.1,50.2,228.9,50.2,4.8,1100.0,880.0,80.0,37.0,81.5,99.0,7574
2025-01-20T09:54:12.000000+00:00,237.2,50.3,237.6,50.3,228.9,50.3,4.8,1090.0,870.0,80.0,36.0,81.5,99.0,7574
2025-01-20T09:55:12.000000+00:00,237.4,50.2,237.4,50.2,228.9,50.2,4.7,1080.0,850.0,79.0,36.0,81.5,99.0,7574
2025-01-20T09:56:12.000000+00:00,237.5,50.2,237.3,50.2,228.9,50.2,4.8,1090.0,870.0,80.0,36.0,81.5,99.0,7574
2025-01-20T09:57:12.000000+00:00,237.9,50.3,237.9,50.3,228.9,50.3,4.7,1070.0,850.0,79.0,36.0,81.5,99.0,7574
2025-01-20T09:58:12.000000+00:00,238.7,50.3,238.3,50.3,228.9,50.3,4.8,1090.0,870.0,80.0,36.0,81.5,99.0,7574
2025-01-20T09:59:12.000000+00:00,238.5,50.3,239.5,50.3,228.9,50.3,4.7,1080.0,860.0,80.0,36.0,81.5,99.0,7574
2025-01-20T10:00:12.000000+00:00,239.2,50.3,238.2,50.3,228.9,50.3,4.7,1080.0,860.0,80.0,36.0,81.5,99.0,7574
2025-01-20T10:01:12.000000+00:00,239.2,50.3,239.7,50.3,228.9,50.3,4.7,1070.0,850.0,79.0,36.0,81.5,99.0,7574
2025-01-20T10:02:12.000000+00:00,240.6,50.3,240.6,50.3,228.9,50.3,4.7,1070.0,850.0,79.0,36.0,81.5,99.0,7574
2025-01-20T10:03:12.000000+00:00,235.8,50.4,235.8,50.4,228.9,50.4,4.8,1090.0,870.0,80.0,36.0,81.5,99.0,7574
2025-01-20T10:04:12.000000+00:00,235.6,50.3,235.9,50.3,228.9,50.4,4.7,1090.0,870.0,80.0,36.0,81.5,99.0,7574
2025-01-20T10:05:12.000000+00:00,236.0,50.3,235.5,50.3,228.9,50.3,4.7,1070.0,850.0,79.0,36.0,81.5,99.0,7574
2025-01-20T10:06:12.000000+00:00,236.4,50.3,235.9,50.3,228.9,50.3,4.8,1090.0,880.0,81.0,37.0,81.5,99.0,7574
2025-01-20T10:07:12.000000+00:00,236.3,50.3,236.2,50.3,228.9,50.3,4.7,1080.0,850.0,79.0,36.0,81.5,99.0,7574
2025-01-20T10:08:12.000000+00:00,235.3,50.2,236.2,50.2,229.0,50.2,4.8,1100.0,880.0,80.0,37.0,81.5,99.0,7574
2025-01-20T10:09:12.000000+00:00,236.2,50.2,235.2,50.2,228.9,50.2,4.8,1110.0,900.0,81.0,36.0,81.5,99.0,7574
2025-01-20T10:10:12.000000+00:00,236.7,50.2,236.7,50.2,228.9,50.2,4.7,1080.0,850.0,79.0,36.0,81.5,99.0,7574
2025-01-20T10:11:12.000000+00:00,236.2,50.3,236.3,50.3,228.9,50.3,4.7,1070.0,850.0,79.0,36.0,81.5,99.0,7574
2025-01-20T10:12:12.000000+00:00,235.8,50.3,236.6,50.3,228.9,50.3,4.7,1080.0,860.0,80.0,36.0,81.5,99.0,7574
2025-01-20T10:13:12.000000+00:00,237.3,50.3,237.2,50.3,228.9,50.3,4.8,1090.0,870.0,80.0,36.0,81.5,99.0,7574
2025-01-20T10:14:12.000000+00:00,236.9,50.3,236.9,50.3,228.9,50.3,4.8,1090.0,870.0,80.0,37.0,81.5,99.0,7574
2025-01-20T10:15:12.000000+00:00,235.7,50.2,235.7,50.2,228.9,50.2,4.8,1090.0,870.0,80.0,37.0,81.5,99.0,7574
2025-01-20T10:16:12.000000+00:00,236.0,50.2,236.5,50.2,228.9,50.2,4.7,1090.0,870.0,80.0,37.0,81.4,99.0,7574
2025-01-20T10:17:12.000000+00:00,236.0,50.2,235.3,50.2,228.9,50.2,4.8,1090.0,880.0,81.0,37.0,81.4,99.0,7773
2025-01-20T10:18:12.000000+00:00,235.2,50.2,235.2,50.2,228.9,50.2,4.8,1100.0,870.0,79.0,36.0,81.4,99.0,7383
2025-01-20T10:19:12.000000+00:00,235.8,50.3,235.8,50.3,228.9,50.3,4.8,1090.0,870.0,80.0,36.0,81.4,99.0,7773
2025-01-20T10:20:12.000000+00:00,235.6,50.3,235.9,50.2,228.9,50.3,4.7,1080.0,850.0,79.0,36.0,81.4,99.0,7773
2025-01-20T10:21:12.000000+00:00,236.6,50.3,236.0,50.2,228.9,50.3,4.7,1080.0,850.0,79.0,36.0,81.4,99.0,7383
2025-01-20T10:22:12.000000+00:00,236.6,50.3,236.6,50.3,228.9,50.3,4.7,1080.0,850.0,79.0,36.0,81.4,99.0,7673
2025-01-20T10:23:12.000000+00:00,236.3,50.2,235.2,50.2,228.9,50.2,4.8,1100.0,870.0,79.0,37.0,81.4,99.0,7291
2025-01-20T10:24:12.000000+00:00,236.5,50.3,235.5,50.3,228.9,50.2,4.8,1110.0,890.0,80.0,36.0,81.4,99.0,7673
2025-01-20T10:25:12.000000+00:00,236.7,50.3,236.7,50.3,228.9,50.3,4.7,1080.0,860.0,80.0,36.0,81.4,99.0,7773
2025-01-20T10:26:12.000000+00:00,236.1,50.2,236.6,50.2,228.9,50.2,4.7,1080.0,850.0,79.0,36.0,81.4,99.0,7383
2025-01-20T10:27:12.000000+00:00,235.5,50.0,236.5,50.0,228.9,50.0,4.8,1090.0,860.0,79.0,37.0,81.4,99.0,7773
2025-01-20T10:28:12.000000+00:00,236.1,50.2,236.6,50.2,228.9,50.2,4.8,1090.0,870.0,80.0,36.0,81.4,99.0,7673
2025-01-20T10:29:12.000000+00:00,237.2,50.3,237.2,50.3,228.9,50.3,4.8,1090.0,870.0,80.0,36.0,81.4,99.0,7673
2025-01-20T10:30:12.000000+00:00,236.4,50.3,236.4,50.2,228.9,50.2,4.8,1090.0,870.0,80.0,36.0,81.4,99.0,7673
2025-01-20T10:31:12.000000+00:00,235.8,50.3,235.8,50.3,228.9,50.3,4.7,1070.0,850.0,79.0,36.0,81.4,99.0,7291
2025-01-20T10:32:12.000000+00:00,236.5,50.3,236.5,50.3,228.9,50.3,4.7,1070.0,850.0,79.0,36.0,81.4,99.0,7773
2025-01-20T10:33:12.000000+00:00,237.6,50.3,237.6,50.3,228.9,50.3,4.8,1110.0,890.0,80.0,36.0,81.4,99.0,7383
2025-01-20T10:34:12.000000+00:00,237.0,50.2,237.0,50.2,228.9,50.2,4.9,1120.0,900.0,80.0,36.0,81.4,99.0,7773
2025-01-20T10:35:12.000000+00:00,236.5,50.2,236.5,50.2,228.9,50.2,4.7,1080.0,860.0,80.0,36.0,81.4,99.0,7773
2025-01-20T10:36:12.000000+00:00,237.8,50.3,237.8,50.3,228.9,50.3,4.8,1090.0,880.0,81.0,37.0,81.4,99.0,7383
2025-01-20T10:37:12.000000+00:00,237.2,50.3,237.2,50.3,229.0,50.3,4.8,1100.0,890.0,81.0,36.0,81.4,99.0,7773
2025-01-20T10:38:12.000000+00:00,236.7,50.3,237.1,50.3,228.9,50.3,4.8,1100.0,890.0,81.0,37.0,81.4,99.0,7291
2025-01-20T10:39:12.000000+00:00,238.1,50.3,237.6,50.3,228.9,50.3,4.8,1090.0,870.0,80.0,36.0,81.4,99.0,7291
2025-01-20T10:40:12.000000+00:00,236.8,50.2,237.3,50.2,229.0,50.2,4.7,1080.0,850.0,79.0,36.0,81.4,99.0,7773
2025-01-20T10:41:12.000000+00:00,237.2,50.2,237.6,50.2,228.9,50.2,4.7,1080.0,850.0,79.0,36.0,81.4,99.0,7773
2025-01-20T10:42:12.000000+00:00,237.6,50.2,238.1,50.2,228.9,50.2,4.7,1080.0,850.0,79.0,36.0,81.4,99.0,7773
2025-01-20T10:43:12.000000+00:00,237.6,50.1,237.6,50.1,228.9,50.1,4.8,1100.0,870.0,79.0,36.0,81.4,99.0,7291
2025-01-20T10:44:12.000000+00:00,237.6,50.1,236.7,50.1,228.9,50.1,4.8,1100.0,880.0,80.0,37.0,81.4,99.0,7574
2025-01-20T10:45:12.000000+00:00,236.9,50.1,236.9,50.1,228.9,50.1,4.8,1100.0,870.0,79.0,36.0,81.4,99.0,7574
2025-01-20T10:46:12.000000+00:00,238.6,50.1,238.1,50.1,228.9,50.1,4.8,1110.0,890.0,80.0,37.0,81.4,99.0,7574
2025-01-20T10:47:12.000000+00:00,238.0,50.1,237.5,50.1,228.9,50.1,4.8,1090.0,860.0,79.0,37.0,81.3,99.0,7574
2025-01-20T10:48:12.000000+00:00,238.5,50.2,237.5,50.2,228.9,50.2,4.8,1090.0,870.0,80.0,36.0,81.4,99.0,7574
2025-01-20T10:49:12.000000+00:00,237.9,50.2,237.1,50.2,228.9,50.2,4.8,1090.0,880.0,81.0,36.0,81.3,99.0,7574
2025-01-20T10:50:12.000000+00:00,238.6,50.2,237.7,50.2,228.9,50.2,4.7,1080.0,850.0,79.0,36.0,81.3,99.0,7574
2025-01-20T10:51:12.000000+00:00,237.5,50.2,238.6,50.2,228.9,50.2,4.7,1080.0,850.0,79.0,36.0,81.3,99.0,7574
2025-01-20T10:52:12.000000+00:00,238.6,50.2,238.1,50.2,228.9,50.2,4.7,1080.0,850.0,79.0,36.0,81.3,99.0,7574
2025-01-20T10:53:12.000000+00:00,238.8,50.1,239.2,50.1,228.9,50.1,4.8,1100.0,880.0,80.0,37.0,81.3,99.0,7574
2025-01-20T10:54:12.000000+00:00,238.4,50.2,238.4,50.2,228.9,50.2,4.8,1090.0,870.0,80.0,36.0,81.3,99.0,7574
2025-01-20T10:55:12.000000+00:00,238.5,50.3,238.5,50.3,228.9,50.3,4.7,1080.0,860.0,80.0,36.0,81.3,99.0,7574
2025-01-20T10:56:12.000000+00:00,238.4,50.2,238.0,50.2,228.9,50.2,4.8,1100.0,880.0,80.0,37.0,81.3,99.0,7574
2025-01-20T10:57:12.000000+00:00,238.8,50.2,238.8,50.2,228.9,50.2,4.7,1080.0,850.0,79.0,37.0,81.3,99.0,7574
2025-01-20T10:58:12.000000+00:00,238.9,50.2,239.4,50.2,228.9,50.2,4.8,1090.0,870.0,80.0,36.0,81.3,99.0,7574
2025-01-20T10:59:12.000000+00:00,238.2,50.2,238.8,50.2,228.9,50.2,4.8,1090.0,870.0,80.0,36.0,81.3,99.0,7574
2025-01-20T11:00:12.000000+00:00,238.6,50.2,238.6,50.2,228.9,50.2,4.8,1090.0,860.0,79.0,36.0,81.3,99.0,7574
2025-01-20T11:01:12.000000+00:00,237.8,50.2,238.4,50.2,228.9,50.2,4.7,1080.0,860.0,80.0,36.0,81.3,99.0,7574
2025-01-20T11:02:12.000000+00:00,237.4,50.1,237.4,50.1,228.9,50.1,4.7,1080.0,860.0,80.0,36.0,81.3,99.0,7574
2025-01-20T11:03:12.000000+00:00,237.3,50.1,236.8,50.1,228.9,50.1,4.8,1100.0,880.0,80.0,37.0,81.3,99.0,7574
2025-01-20T11:04:12.000000+00:00,236.3,50.0,236.4,50.0,229.0,50.0,4.8,1100.0,880.0,80.0,37.0,81.3,99.0,7574
2025-01-20T11:05:13.000000+00:00,236.1,50.1,235.1,50.1,228.9,50.1,4.8,1090.0,860.0,79.0,36.0,81.3,99.0,7574
2025-01-20T11:06:13.000000+00:00,235.1,50.1,235.1,50.1,228.9,50.1,4.9,1120.0,900.0,80.0,37.0,81.3,99.0,7574
2025-01-20T11:07:13.000000+00:00,234.9,50.1,235.4,50.1,228.9,50.1,4.9,1110.0,890.0,80.0,37.0,81.3,99.0,7574
2025-01-20T11:08:13.000000+00:00,235.8,50.0,235.3,50.0,228.9,50.0,4.9,1120.0,890.0,79.0,38.0,81.3,99.0,7574
2025-01-20T11:09:13.000000+00:00,234.5,49.8,234.5,49.8,228.9,49.9,4.9,1110.0,880.0,79.0,37.0,81.3,99.0,7574
2025-01-20T11:10:13.000000+00:00,235.4,49.9,235.4,49.9,228.9,49.9,4.8,1090.0,860.0,79.0,36.0,81.3,99.0,7574
2025-01-20T11:11:13.000000+00:00,235.0,49.8,236.0,49.8,228.9,49.8,4.8,1100.0,860.0,78.0,37.0,81.3,99.0,7574
2025-01-20T11:12:13.000000+00:00,235.8,49.9,235.8,49.9,228.9,49.9,4.8,1100.0,860.0,78.0,37.0,81.3,99.0,7574
2025-01-20T11:13:13.000000+00:00,235.0,49.8,235.0,49.8,228.9,49.8,4.8,1110.0,880.0,79.0,37.0,81.3,99.0,7574
2025-01-20T11:14:13.000000+00:00,234.6,49.8,235.5,49.8,228.9,49.8,4.9,1110.0,880.0,79.0,37.0,81.3,99.0,7201
2025-01-20T11:15:13.000000+00:00,235.0,50.0,235.1,50.0,228.9,50.0,4.8,1100.0,860.0,78.0,36.0,81.3,99.0,7574
2025-01-20T11:16:13.000000+00:00,235.9,50.0,236.4,50.0,228.9,49.9,4.9,1120.0,900.0,80.0,37.0,81.3,99.0,7574
2025-01-20T11:17:13.000000+00:00,236.8,49.9,237.7,49.9,228.9,49.9,4.9,1120.0,900.0,80.0,37.0,81.3,99.0,7574
2025-01-20T11:18:13.000000+00:00,238.5,49.9,238.1,49.9,228.9,49.9,4.8,1100.0,870.0,79.0,37.0,81.3,99.0,7574
2025-01-20T11:19:13.000000+00:00,238.3,50.0,238.7,50.0,228.9,50.0,4.8,1100.0,870.0,79.0,37.0,81.3,99.0,7574
2025-01-20T11:20:13.000000+00:00,238.4,50.0,238.4,50.0,228.9,50.0,4.7,1090.0,850.0,78.0,36.0,81.3,99.0,7673
2025-01-20T11:21:13.000000+00:00,237.2,49.9,237.2,49.9,228.9,49.9,4.8,1090.0,850.0,78.0,36.0,81.3,99.0,7291
2025-01-20T11:22:13.000000+00:00,237.3,50.0,236.8,50.0,228.9,50.0,4.7,1090.0,850.0,78.0,36.0,81.3,99.0,7673
2025-01-20T11:23:13.000000+00:00,237.2,50.0,237.2,50.0,229.0,50.0,4.8,1110.0,880.0,79.0,37.0,81.3,99.0,7291
2025-01-20T11:24:13.000000+00:00,237.9,50.2,237.9,50.2,228.9,50.2,4.9,1110.0,890.0,80.0,37.0,81.2,99.0,7673
2025-01-20T11:25:13.000000+00:00,237.5,50.1,237.7,50.1,228.9,50.1,4.8,1090.0,860.0,79.0,36.0,81.2,99.0,7673
2025-01-20T11:26:13.000000+00:00,237.5,50.1,237.5,50.1,228.9,50.1,4.8,1100.0,880.0,80.0,37.0,81.2,99.0,7291
2025-01-20T11:27:13.000000+00:00,236.7,50.1,237.3,50.1,228.9,50.1,4.8,1110.0,880.0,79.0,37.0,81.2,99.0,7673
2025-01-20T11:28:13.000000+00:00,237.3,50.3,237.3,50.3,228.9,50.3,4.8,1090.0,870.0,80.0,36.0,81.2,99.0,7291
2025-01-20T11:29:13.000000+00:00,237.2,50.3,237.3,50.3,229.0,50.3,4.8,1090.0,870.0,80.0,37.0,81.2,99.0,7383
2025-01-20T11:30:13.000000+00:00,237.5,50.3,237.4,50.3,228.9,50.3,4.7,1080.0,860.0,80.0,36.0,81.2,99.0,7773
2025-01-20T11:31:13.000000+00:00,235.9,50.3,235.9,50.3,228.9,50.3,4.8,1090.0,870.0,80.0,36.0,81.2,99.0,7383
2025-01-20T11:32:13.000000+00:00,236.6,50.3,236.6,50.3,228.9,50.3,4.7,1080.0,860.0,80.0,36.0,81.2,99.0,7673
2025-01-20T11:33:13.000000+00:00,238.7,50.2,238.7,50.2,228.9,50.2,4.8,1090.0,870.0,80.0,36.0,81.2,99.0,7291
2025-01-20T11:34:13.000000+00:00,236.5,50.1,236.5,50.1,228.9,50.1,4.8,1110.0,880.0,79.0,37.0,81.2,99.0,7773
2025-01-20T11:35:13.000000+00:00,237.2,50.1,237.2,50.1,228.9,50.1,4.8,1090.0,860.0,79.0,36.0,81.2,99.0,7773
2025-01-20T11:36:13.000000+00:00,235.4,50.0,235.4,50.0,228.9,50.0,4.8,1100.0,880.0,80.0,37.0,81.2,99.0,7383
2025-01-20T11:37:13.000000+00:00,236.4,50.1,236.4,50.1,228.9,50.1,4.9,1110.0,890.0,80.0,37.0,81.2,99.0,7773
2025-01-20T11:38:13.000000+00:00,236.1,50.0,236.1,50.0,228.9,50.0,4.8,1110.0,880.0,79.0,37.0,81.2,99.0,7383
2025-01-20T11:39:13.000000+00:00,236.2,50.1,236.0,50.1,228.9,50.1,4.8,1090.0,870.0,80.0,37.0,81.2,99.0,7383
2025-01-20T11:40:13.000000+00:00,236.4,50.1,235.5,50.1,228.9,50.1,4.8,1080.0,850.0,79.0,36.0,81.2,99.0,7773
2025-01-20T11:41:13.000000+00:00,236.1,50.0,236.1,50.0,228.9,50.0,4.7,1090.0,850.0,78.0,36.0,81.2,99.0,7773
2025-01-20T11:42:13.000000+00:00,235.1,50.0,235.0,50.0,228.9,50.0,4.8,1090.0,860.0,79.0,36.0,81.2,99.0,7773
2025-01-20T11:43:13.000000+00:00,235.4,50.1,235.8,50.1,228.9,50.1,4.8,1100.0,870.0,79.0,37.0,81.2,99.0,7291
2025-01-20T11:44:13.000000+00:00,234.0,50.0,235.1,50.0,228.9,50.1,4.8,1100.0,870.0,79.0,37.0,81.2,99.0,7383
2025-01-20T11:45:13.000000+00:00,234.5,50.0,234.4,50.0,228.9,50.0,4.8,1100.0,860.0,78.0,37.0,81.2,99.0,7773
2025-01-20T11:46:13.000000+00:00,233.8,50.0,233.8,50.0,228.9,50.0,4.8,1100.0,870.0,79.0,37.0,81.2,99.0,7383
2025-01-20T11:47:13.000000+00:00,234.3,50.0,233.9,50.0,228.9,50.0,4.8,1090.0,860.0,79.0,37.0,81.2,99.0,7773
2025-01-20T11:48:13.000000+00:00,234.8,50.0,234.8,50.0,228.9,50.0,4.8,1110.0,880.0,79.0,37.0,81.2,99.0,7291
2025-01-20T11:49:13.000000+00:00,234.7,50.0,234.7,50.0,228.9,50.0,4.8,1100.0,880.0,80.0,37.0,81.2,99.0,7383
2025-01-20T11:50:13.000000+00:00,233.9,50.1,235.0,50.1,228.9,50.1,4.7,1080.0,850.0,79.0,36.0,81.2,99.0,7773
2025-01-20T11:51:13.000000+00:00,234.5,50.0,234.0,50.0,228.9,50.0,4.7,1080.0,850.0,79.0,36.0,81.2,99.0,7673
2025-01-20T11:52:13.000000+00:00,233.5,50.1,233.5,50.1,228.9,50.1,4.7,1080.0,860.0,80.0,36.0,81.2,99.0,7673
2025-01-20T11:53:13.000000+00:00,234.3,50.1,234.2,50.1,228.9,50.1,4.8,1100.0,880.0,80.0,37.0,81.2,99.0,7291
2025-01-20T11:54:13.000000+00:00,234.9,50.1,234.4,50.1,228.9,50.1,4.8,1090.0,870.0,80.0,37.0,81.2,99.0,7291
2025-01-20T11:55:13.000000+00:00,233.6,50.1,233.7,50.1,228.9,50.1,4.7,1080.0,850.0,79.0,36.0,81.2,99.0,7773
2025-01-20T11:56:13.000000+00:00,234.6,50.2,234.6,50.2,228.9,50.2,4.8,1090.0,860.0,79.0,37.0,81.2,99.0,7574
2025-01-20T11:57:13.000000+00:00,234.4,50.2,234.4,50.2,228.9,50.2,4.8,1090.0,870.0,80.0,37.0,81.2,99.0,7574
2025-01-20T11:58:13.000000+00:00,234.0,50.2,235.2,50.2,228.9,50.2,4.8,1110.0,890.0,80.0,37.0,81.2,99.0,7574
2025-01-20T11:59:13.000000+00:00,235.5,50.2,235.5,50.2,228.9,50.2,4.8,1100.0,890.0,81.0,36.0,81.1,99.0,7574
2025-01-20T12:00:13.000000+00:00,234.6,50.1,235.1,50.1,228.9,50.1,4.8,1090.0,860.0,79.0,36.0,81.1,99.0,7574
2025-01-20T12:01:13.000000+00:00,234.5,50.1,234.6,50.1,228.9,50.1,4.8,1090.0,860.0,79.0,37.0,81.2,99.0,7574
2025-01-20T12:02:13.000000+00:00,234.3,50.1,234.7,50.1,228.9,50.1,4.8,1090.0,860.0,79.0,36.0,81.2,99.0,7574
2025-01-20T12:03:13.000000+00:00,234.5,50.2,234.5,50.2,228.9,50.2,4.8,1090.0,870.0,80.0,36.0,81.1,99.0,7574
2025-01-20T12:04:13.000000+00:00,234.1,50.2,233.6,50.2,228.9,50.2,4.8,1100.0,870.0,79.0,37.0,81.1,99.0,7574
2025-01-20T12:05:13.000000+00:00,234.7,50.2,234.6,50.2,228.9,50.2,4.8,1090.0,860.0,79.0,37.0,81.1,99.0,7574
2025-01-20T12:06:13.000000+00:00,235.0,50.2,235.5,50.2,228.9,50.2,4.8,1100.0,880.0,80.0,37.0,81.1,99.0,7574
2025-01-20T12:07:13.000000+00:00,235.5,50.3,235.5,50.3,228.9,50.3,4.8,1100.0,880.0,80.0,37.0,81.1,99.0,7574
2025-01-20T12:08:13.000000+00:00,235.7,50.1,235.7,50.1,228.9,50.1,4.8,1100.0,880.0,80.0,37.0,81.1,99.0,7574
2025-01-20T12:09:13.000000+00:00,235.1,50.1,235.3,50.1,228.9,50.1,4.8,1110.0,890.0,80.0,37.0,81.1,99.0,7574
2025-01-20T12:10:13.000000+00:00,234.9,50.1,234.9,50.1,228.9,50.1,4.8,1090.0,860.0,79.0,36.0,81.1,99.0,7574
2025-01-20T12:11:13.000000+00:00,234.7,50.0,234.3,50.0,228.9,50.0,4.8,1090.0,860.0,79.0,36.0,81.1,99.0,7574
2025-01-20T12:12:13.000000+00:00,234.9,50.1,235.0,50.1,228.9,50.1,4.7,1090.0,860.0,79.0,36.0,81.1,99.0,7574
2025-01-20T12:13:13.000000+00:00,235.1,50.3,235.1,50.3,228.9,50.3,4.8,1090.0,870.0,80.0,36.0,81.1,99.0,7574
2025-01-20T12:14:14.000000+00:00,234.4,50.2,235.1,50.2,228.9,50.2,4.8,1090.0,870.0,80.0,36.0,81.1,99.0,7574
2025-01-20T12:15:14.000000+00:00,234.9,50.2,233.9,50.2,228.9,50.2,4.8,1100.0,880.0,80.0,36.0,81.1,99.0,7574
2025-01-20T12:16:14.000000+00:00,233.9,50.2,233.9,50.2,228.9,50.2,4.8,1110.0,880.0,79.0,37.0,81.1,99.0,7574
2025-01-20T12:17:14.000000+00:00,233.7,50.1,234.7,50.1,228.9,50.1,4.9,1120.0,900.0,80.0,37.0,81.1,99.0,7574
2025-01-20T12:18:14.000000+00:00,234.5,50.1,234.5,50.1,228.9,50.1,4.8,1090.0,870.0,80.0,37.0,81.1,99.0,7574
2025-01-20T12:19:14.000000+00:00,233.8,50.2,233.6,50.2,228.9,50.2,4.8,1090.0,870.0,80.0,37.0,81.1,99.0,7574
2025-01-20T12:20:14.000000+00:00,234.1,50.1,234.1,50.1,228.9,50.1,4.7,1080.0,850.0,79.0,36.0,81.1,99.0,7574
2025-01-20T12:21:14.000000+00:00,234.3,50.2,234.9,50.2,228.9,50.2,4.7,1090.0,860.0,79.0,36.0,81.1,99.0,7574
2025-01-20T12:22:14.000000+00:00,234.1,50.2,234.1,50.2,228.9,50.2,4.7,1080.0,860.0,80.0,36.0,81.1,99.0,7574
2025-01-20T12:23:14.000000+00:00,233.9,50.2,233.8,50.2,228.9,50.2,4.8,1100.0,880.0,80.0,37.0,81.1,99.0,7201
2025-01-20T12:24:14.000000+00:00,233.9,50.1,234.0,50.1,228.9,50.1,4.8,1110.0,880.0,79.0,37.0,81.1,99.0,7574
2025-01-20T12:25:14.000000+00:00,234.4,50.1,234.4,50.1,228.9,50.2,4.8,1090.0,870.0,80.0,36.0,81.1,99.0,7574
2025-01-20T12:26:14.000000+00:00,235.2,50.1,235.2,50.1,228.9,50.1,4.8,1100.0,880.0,80.0,36.0,81.1,99.0,7574
2025-01-20T12:27:14.000000+00:00,234.8,50.2,235.4,50.2,228.9,50.2,4.9,1110.0,890.0,80.0,37.0,81.1,99.0,7574
2025-01-20T12:28:14.000000+00:00,235.0,50.3,235.0,50.3,228.9,50.3,4.8,1090.0,870.0,80.0,36.0,81.1,99.0,7574
2025-01-20T12:29:14.000000+00:00,235.2,50.2,235.2,50.2,228.9,50.2,4.8,1090.0,870.0,80.0,36.0,81.1,99.0,7574
2025-01-20T12:30:14.000000+00:00,236.1,50.3,235.9,50.3,228.9,50.3,4.7,1080.0,850.0,79.0,36.0,81.1,99.0,7574
2025-01-20T12:31:14.000000+00:00,235.6,50.3,235.6,50.3,228.9,50.3,4.7,1090.0,860.0,79.0,36.0,81.1,99.0,7574
2025-01-20T12:32:14.000000+00:00,235.1,50.2,236.1,50.2,228.9,50.2,4.7,1080.0,850.0,79.0,36.0,81.1,99.0,7574
2025-01-20T12:33:14.000000+00:00,235.6,50.1,235.6,50.1,228.9,50.1,4.8,1100.0,870.0,79.0,37.0,81.1,99.0,7574
2025-01-20T12:34:14.000000+00:00,235.2,50.1,235.4,50.1,228.9,50.1,4.8,1100.0,880.0,80.0,37.0,81.1,99.0,7574
2025-01-20T12:35:14.000000+00:00,235.5,50.0,235.5,50.0,228.9,50.0,4.7,1090.0,850.0,78.0,36.0,81.0,99.0,7574
2025-01-20T12:36:14.000000+00:00,235.1,50.2,235.1,50.2,228.9,50.2,4.8,1090.0,870.0,80.0,37.0,81.0,99.0,7574
2025-01-20T12:37:14.000000+00:00,234.6,50.0,233.5,50.1,228.9,50.0,4.8,1090.0,860.0,79.0,37.0,81.1,99.0,7574
2025-01-20T12:38:14.000000+00:00,233.3,50.1,233.3,50.1,228.9,50.1,4.8,1100.0,880.0,80.0,37.0,81.0,99.0,7574
2025-01-20T12:39:14.000000+00:00,233.2,50.1,234.2,50.1,228.9,50.1,4.8,1100.0,870.0,79.0,37.0,81.0,99.0,7574
2025-01-20T12:40:14.000000+00:00,233.9,50.1,233.9,50.1,228.9,50.1,4.7,1080.0,850.0,79.0,36.0,81.0,99.0,7574
2025-01-20T12:41:14.000000+00:00,233.1,50.0,233.1,50.0,228.9,50.0,4.8,1090.0,860.0,79.0,36.0,81.0,99.0,7574
2025-01-20T12:42:14.000000+00:00,236.6,50.0,236.6,50.0,228.9,50.0,4.8,1090.0,860.0,79.0,36.0,81.0,99.0,7574
2025-01-20T12:43:14.000000+00:00,236.9,50.0,236.9,50.0,228.9,50.1,4.8,1100.0,870.0,79.0,37.0,81.0,99.0,7574
2025-01-20T12:44:14.000000+00:00,236.4,50.1,236.4,50.1,228.9,50.1,4.8,1100.0,870.0,79.0,37.0,81.0,99.0,7574
2025-01-20T12:45:14.000000+00:00,236.9,49.9,236.9,49.9,228.9,49.9,4.8,1090.0,850.0,78.0,36.0,81.0,99.0,7574
2025-01-20T12:46:14.000000+00:00,236.0,50.0,236.0,50.0,228.9,50.0,4.9,1120.0,890.0,79.0,37.0,81.0,99.0,7574
2025-01-20T12:47:14.000000+00:00,236.7,50.0,236.1,50.0,228.9,50.0,4.9,1120.0,900.0,80.0,37.0,81.0,99.0,7574
2025-01-20T12:48:14.000000+00:00,235.9,50.1,236.5,50.1,228.9,50.0,4.9,1120.0,900.0,80.0,37.0,81.0,99.0,7574
2025-01-20T12:49:14.000000+00:00,236.5,50.0,236.6,50.0,228.9,50.0,4.8,1110.0,880.0,79.0,37.0,81.0,99.0,7574
2025-01-20T12:50:14.000000+00:00,237.3,50.0,237.3,50.0,228.9,50.0,4.8,1090.0,860.0,79.0,36.0,81.0,99.0,7574
2025-01-20T12:51:14.000000+00:00,236.7,50.1,236.7,50.1,228.9,50.1,4.8,1090.0,860.0,79.0,36.0,81.0,99.0,7574
2025-01-20T12:52:14.000000+00:00,234.9,50.0,235.9,50.0,228.9,50.0,4.8,1090.0,860.0,79.0,36.0,81.0,99.0,7574
2025-01-20T12:53:14.000000+00:00,235.5,50.0,236.0,50.0,228.9,50.0,4.8,1110.0,880.0,79.0,37.0,81.0,99.0,7201
2025-01-20T12:54:14.000000+00:00,235.7,50.0,236.1,50.0,228.9,50.0,4.8,1100.0,880.0,80.0,37.0,81.0,99.0,7574
2025-01-20T12:55:14.000000+00:00,235.6,50.0,235.6,50.0,228.9,50.0,4.8,1090.0,850.0,78.0,36.0,81.0,99.0,7574
2025-01-20T12:56:14.000000+00:00,236.3,50.1,235.2,50.1,228.9,50.1,4.8,1100.0,880.0,80.0,37.0,81.0,99.0,7574
2025-01-20T12:57:14.000000+00:00,237.1,50.0,236.5,50.0,228.9,50.0,4.9,1120.0,900.0,79.0,37.0,81.0,99.0,7574
2025-01-20T12:58:14.000000+00:00,236.6,50.0,236.6,50.0,228.9,50.0,4.8,1110.0,880.0,79.0,37.0,81.0,99.0,7574
2025-01-20T12:59:14.000000+00:00,237.6,50.1,238.0,50.1,229.0,50.1,4.8,1100.0,880.0,80.0,37.0,81.0,99.0,7574
2025-01-20T13:00:14.000000+00:00,237.8,50.1,237.8,50.1,228.9,50.1,4.8,1090.0,860.0,79.0,36.0,81.0,99.0,7574
2025-01-20T13:01:14.000000+00:00,238.6,50.2,238.6,50.2,228.9,50.2,4.8,1090.0,870.0,80.0,36.0,81.0,99.0,7574
2025-01-20T13:02:14.000000+00:00,238.8,50.1,238.8,50.1,228.9,50.1,4.7,1080.0,850.0,79.0,36.0,81.0,99.0,7574
2025-01-20T13:03:14.000000+00:00,238.3,50.1,238.3,50.1,228.9,50.1,4.8,1100.0,880.0,80.0,37.0,81.0,99.0,7574
2025-01-20T13:04:14.000000+00:00,239.0,50.1,239.0,50.1,228.9,50.1,4.8,1100.0,880.0,80.0,37.0,81.0,99.0,7574
2025-01-20T13:05:14.000000+00:00,238.1,50.1,237.6,50.1,228.9,50.1,4.7,1080.0,850.0,79.0,36.0,81.0,99.0,7574
2025-01-20T13:06:14.000000+00:00,239.3,50.0,239.2,50.0,228.9,50.0,4.8,1100.0,870.0,79.0,37.0,81.0,99.0,7574
2025-01-20T13:07:14.000000+00:00,239.0,50.0,239.0,50.0,228.9,50.0,4.9,1120.0,900.0,80.0,37.0,81.0,99.0,7574
2025-01-20T13:08:14.000000+00:00,238.9,50.1,238.9,50.1,228.9,50.1,4.8,1100.0,880.0,80.0,37.0,81.0,99.0,7574
2025-01-20T13:09:14.000000+00:00,238.9,50.1,238.9,50.1,228.9,50.1,4.8,1090.0,870.0,80.0,37.0,81.0,99.0,7574
2025-01-20T13:10:14.000000+00:00,238.6,50.1,238.6,50.1,228.9,50.1,4.7,1080.0,850.0,79.0,36.0,81.0,99.0,7574
2025-01-20T13:11:14.000000+00:00,238.7,50.1,238.7,50.1,228.9,50.1,4.8,1090.0,860.0,79.0,36.0,81.0,99.0,7574
2025-01-20T13:12:14.000000+00:00,237.6,50.0,238.1,50.0,228.9,50.0,4.8,1090.0,860.0,79.0,36.0,81.0,99.0,7574
2025-01-20T13:13:14.000000+00:00,238.3,50.1,238.3,50.1,228.9,50.1,4.8,1100.0,880.0,80.0,37.0,81.0,99.0,7574
2025-01-20T13:14:15.000000+00:00,237.9,50.1,238.5,50.1,228.9,50.1,4.8,1100.0,870.0,79.0,37.0,81.0,99.0,7574
2025-01-20T13:15:15.000000+00:00,239.5,50.1,239.5,50.1,228.9,50.1,4.7,1080.0,850.0,79.0,36.0,81.0,99.0,7574
2025-01-20T13:16:15.000000+00:00,238.6,50.0,238.4,50.0,228.9,50.0,4.8,1110.0,880.0,79.0,37.0,81.0,99.0,7201
2025-01-20T13:17:15.000000+00:00,239.3,50.1,239.1,50.1,228.9,50.1,4.8,1100.0,870.0,79.0,37.0,80.9,99.0,7574
2025-01-20T13:18:15.000000+00:00,238.5,50.1,238.4,50.1,228.9,50.1,4.8,1100.0,870.0,79.0,37.0,80.9,99.0,7574
2025-01-20T13:19:15.000000+00:00,238.3,50.1,238.0,50.1,228.9,50.1,4.8,1090.0,870.0,80.0,37.0,80.9,99.0,7574
2025-01-20T13:20:15.000000+00:00,238.3,50.0,237.8,50.0,228.9,50.0,4.8,1090.0,860.0,79.0,36.0,80.9,99.0,7574
2025-01-20T13:21:15.000000+00:00,237.5,50.0,237.5,50.0,228.9,50.0,4.8,1090.0,860.0,79.0,36.0,80.9,99.0,7574
2025-01-20T13:22:15.000000+00:00,238.0,50.0,237.9,50.0,228.9,50.0,4.8,1090.0,860.0,79.0,36.0,80.9,99.0,7574
2025-01-20T13:23:15.000000+00:00,237.4,50.0,237.4,50.0,228.9,50.0,4.9,1120.0,890.0,79.0,37.0,80.9,99.0,7201
2025-01-20T13:24:15.000000+00:00,237.8,50.0,238.3,50.0,229.0,50.0,4.8,1100.0,860.0,78.0,37.0,80.9,99.0,7574
2025-01-20T13:25:15.000000+00:00,237.8,50.0,238.2,50.0,228.9,50.0,4.7,1080.0,850.0,79.0,36.0,80.9,99.0,7574
2025-01-20T13:26:15.000000+00:00,237.0,49.9,238.1,49.9,228.9,49.9,4.9,1120.0,900.0,80.0,37.0,80.9,99.0,7574
2025-01-20T13:27:15.000000+00:00,237.2,50.0,237.4,50.0,228.9,50.0,4.9,1110.0,890.0,80.0,37.0,80.9,99.0,7574
2025-01-20T13:28:15.000000+00:00,236.9,50.0,236.9,50.0,228.9,50.0,4.8,1100.0,870.0,79.0,37.0,80.9,99.0,7574
2025-01-20T13:29:15.000000+00:00,237.6,50.1,237.6,50.1,228.9,50.1,4.8,1100.0,870.0,79.0,37.0,80.9,99.0,7574
2025-01-20T13:30:15.000000+00:00,238.2,50.0,237.2,50.1,228.9,50.0,4.7,1080.0,850.0,79.0,36.0,80.9,99.0,7574
2025-01-20T13:31:15.000000+00:00,238.1,50.0,238.1,50.0,228.9,50.0,4.8,1100.0,870.0,79.0,37.0,80.9,99.0,7574
2025-01-20T13:32:15.000000+00:00,237.7,49.9,238.1,49.9,228.9,49.9,4.8,1090.0,860.0,79.0,37.0,80.9,99.0,7574
2025-01-20T13:33:15.000000+00:00,238.0,50.1,239.1,50.1,228.9,50.1,4.8,1100.0,880.0,80.0,37.0,80.9,99.0,7574
2025-01-20T13:34:15.000000+00:00,239.2,50.1,239.2,50.1,228.9,50.1,4.8,1100.0,880.0,80.0,37.0,80.9,99.0,7574
2025-01-20T13:35:15.000000+00:00,239.8,50.1,239.8,50.1,228.9,50.1,4.8,1090.0,860.0,79.0,36.0,80.9,99.0,7574
2025-01-20T13:36:15.000000+00:00,238.5,50.1,238.0,50.1,228.9,50.1,4.8,1100.0,880.0,80.0,37.0,80.9,99.0,7574
2025-01-20T13:37:15.000000+00:00,238.1,50.1,238.1,50.1,229.0,50.1,4.8,1110.0,880.0,79.0,37.0,80.9,99.0,7574
2025-01-20T13:38:15.000000+00:00,237.8,49.9,238.6,49.9,228.9,49.9,5.0,1140.0,920.0,81.0,37.0,80.9,99.0,7574
2025-01-20T13:39:15.000000+00:00,238.6,50.1,238.7,50.1,228.9,50.1,4.8,1090.0,870.0,80.0,36.0,80.9,99.0,7574
2025-01-20T13:40:15.000000+00:00,237.7,50.1,238.2,50.1,228.9,50.1,4.7,1080.0,850.0,79.0,36.0,80.9,99.0,7574
2025-01-20T13:41:15.000000+00:00,239.0,50.2,239.0,50.2,228.9,50.2,4.7,1080.0,850.0,79.0,36.0,80.9,99.0,7574
2025-01-20T13:42:15.000000+00:00,238.7,50.0,237.8,50.0,228.9,50.0,4.8,1100.0,870.0,79.0,36.0,80.9,99.0,7574
2025-01-20T13:43:15.000000+00:00,238.1,50.0,238.1,50.0,228.9,50.0,4.8,1100.0,870.0,79.0,37.0,80.9,99.0,7574
2025-01-20T13:44:15.000000+00:00,238.4,50.0,238.4,50.0,228.9,50.0,4.8,1100.0,870.0,79.0,37.0,80.9,99.0,7574
2025-01-20T13:45:15.000000+00:00,238.9,50.0,238.9,50.0,228.9,50.0,4.7,1090.0,850.0,78.0,36.0,80.9,99.0,7574
2025-01-20T13:46:15.000000+00:00,238.3,50.0,238.3,50.0,228.9,50.0,4.9,1120.0,900.0,80.0,37.0,80.9,99.0,7574
2025-01-20T13:47:15.000000+00:00,237.8,50.1,238.8,50.1,228.9,50.1,4.9,1120.0,900.0,80.0,37.0,80.9,99.0,7574
2025-01-20T13:48:15.000000+00:00,239.0,50.2,239.6,50.2,228.9,50.2,4.8,1110.0,890.0,80.0,37.0,80.9,99.0,7574
2025-01-20T13:49:15.000000+00:00,238.2,50.1,238.2,50.1,228.9,50.1,4.8,1100.0,870.0,79.0,37.0,80.9,99.0,7574
2025-01-20T13:50:15.000000+00:00,239.0,50.0,238.1,50.1,228.9,50.1,4.7,1080.0,850.0,79.0,36.0,80.9,99.0,7574
2025-01-20T13:51:15.000000+00:00,237.7,50.0,237.7,50.0,228.9,50.0,4.8,1090.0,860.0,79.0,36.0,80.9,99.0,7574
2025-01-20T13:52:15.000000+00:00,238.0,50.0,238.0,50.0,228.9,50.0,4.7,1080.0,850.0,79.0,37.0,80.9,99.0,7574
2025-01-20T13:53:15.000000+00:00,238.2,50.0,238.1,50.0,228.9,50.0,4.8,1110.0,880.0,79.0,37.0,80.9,99.0,7291
2025-01-20T13:54:15.000000+00:00,237.8,50.0,237.8,50.0,228.9,50.0,4.8,1110.0,880.0,79.0,37.0,80.9,99.0,7574
2025-01-20T13:55:15.000000+00:00,237.9,49.9,237.0,49.9,228.9,49.9,4.8,1090.0,860.0,79.0,37.0,80.9,99.0,7574
2025-01-20T13:56:15.000000+00:00,237.5,49.9,237.2,49.9,228.9,49.9,4.9,1120.0,900.0,80.0,37.0,80.9,99.0,7574
2025-01-20T13:57:15.000000+00:00,238.7,50.1,238.7,50.1,228.9,50.1,4.8,1110.0,890.0,80.0,37.0,80.9,99.0,7574
2025-01-20T13:58:15.000000+00:00,238.0,50.1,238.0,50.1,228.9,50.1,4.8,1100.0,880.0,80.0,37.0,80.9,99.0,7574
2025-01-20T13:59:15.000000+00:00,238.7,50.1,238.7,50.1,228.9,50.1,4.8,1100.0,870.0,79.0,37.0,80.9,99.0,7574
2025-01-20T14:00:15.000000+00:00,238.8,50.1,238.8,50.1,228.9,50.1,4.8,1090.0,860.0,79.0,36.0,80.9,99.0,7574
2025-01-20T14:01:15.000000+00:00,238.6,50.2,238.6,50.2,228.9,50.2,4.8,1090.0,870.0,80.0,36.0,80.9,99.0,7574
2025-01-20T14:02:15.000000+00:00,238.4,50.2,238.4,50.2,228.9,50.2,4.8,1090.0,870.0,80.0,36.0,80.9,99.0,7574
2025-01-20T14:03:15.000000+00:00,238.1,50.2,238.1,50.2,229.0,50.2,4.8,1090.0,870.0,80.0,37.0,80.9,99.0,7574
2025-01-20T14:04:15.000000+00:00,239.1,50.3,239.1,50.3,228.9,50.3,4.8,1090.0,870.0,80.0,36.0,80.9,99.0,7574
2025-01-20T14:05:15.000000+00:00,238.9,50.3,238.8,50.3,228.9,50.3,4.7,1080.0,860.0,80.0,36.0,80.9,99.0,7574
2025-01-20T14:06:15.000000+00:00,237.9,50.2,237.9,50.2,228.9,50.2,4.8,1090.0,870.0,80.0,36.0,80.9,99.0,7574
2025-01-20T14:07:15.000000+00:00,239.1,50.2,239.1,50.2,228.9,50.2,4.8,1090.0,870.0,80.0,36.0,80.9,99.0,7574
2025-01-20T14:08:15.000000+00:00,238.6,50.3,238.6,50.3,228.9,50.3,4.8,1100.0,890.0,81.0,36.0,80.9,99.0,7574
2025-01-20T14:09:15.000000+00:00,239.2,50.3,239.1,50.3,228.9,50.3,4.8,1100.0,890.0,81.0,36.0,80.9,99.0,7574
2025-01-20T14:10:15.000000+00:00,238.8,50.1,238.8,50.1,228.9,50.1,4.7,1080.0,850.0,79.0,36.0,80.9,99.0,7574
2025-01-20T14:11:15.000000+00:00,238.5,50.1,238.6,50.1,228.9,50.1,4.7,1080.0,850.0,79.0,36.0,80.9,99.0,7574
2025-01-20T14:12:15.000000+00:00,238.8,50.1,238.8,50.1,228.9,50.1,4.8,1090.0,870.0,80.0,36.0,80.9,99.0,7574
2025-01-20T14:13:15.000000+00:00,238.8,50.2,238.8,50.2,228.9,50.2,4.7,1090.0,860.0,79.0,36.0,80.9,99.0,7574
2025-01-20T14:14:15.000000+00:00,238.0,50.1,237.6,50.1,228.9,50.1,4.8,1090.0,870.0,80.0,37.0,80.8,99.0,7574
2025-01-20T14:15:15.000000+00:00,238.7,50.1,238.7,50.1,228.9,50.1,4.7,1080.0,850.0,79.0,36.0,80.8,99.0,7574
2025-01-20T14:16:15.000000+00:00,237.8,50.0,237.8,50.0,228.9,50.0,4.8,1110.0,890.0,80.0,37.0,80.8,99.0,7574
2025-01-20T14:17:15.000000+00:00,238.7,50.1,239.1,50.1,228.9,50.1,4.8,1110.0,880.0,79.0,37.0,80.8,99.0,7574
2025-01-20T14:18:16.000000+00:00,239.2,50.1,238.6,50.1,228.9,50.1,4.8,1090.0,870.0,80.0,37.0,80.8,99.0,7574
2025-01-20T14:19:16.000000+00:00,237.9,50.1,237.9,50.1,228.9,50.1,4.8,1100.0,870.0,79.0,36.0,80.8,99.0,7574
2025-01-20T14:20:16.000000+00:00,238.4,50.1,238.4,50.1,228.9,50.1,4.8,1090.0,860.0,79.0,37.0,80.8,99.0,7673
2025-01-20T14:21:16.000000+00:00,238.3,50.2,238.3,50.2,228.9,50.2,4.7,1090.0,860.0,79.0,36.0,80.8,99.0,7773
2025-01-20T14:22:16.000000+00:00,238.2,50.0,238.2,50.0,228.9,50.0,4.8,1090.0,860.0,79.0,37.0,80.8,99.0,7383
2025-01-20T14:23:16.000000+00:00,239.1,50.1,238.5,50.1,228.9,50.1,4.8,1110.0,890.0,80.0,37.0,80.8,99.0,7383
2025-01-20T14:24:16.000000+00:00,239.7,50.2,239.6,50.2,228.9,50.2,4.8,1100.0,880.0,80.0,36.0,80.8,99.0,7673
2025-01-20T14:25:16.000000+00:00,240.3,50.3,240.3,50.3,228.9,50.3,4.7,1070.0,850.0,79.0,36.0,80.8,99.0,7673
2025-01-20T14:26:16.000000+00:00,240.4,50.3,240.4,50.3,228.9,50.3,4.8,1090.0,870.0,80.0,36.0,80.8,99.0,7291
2025-01-20T14:27:16.000000+00:00,239.0,50.3,239.0,50.3,228.9,50.3,4.8,1100.0,890.0,81.0,37.0,80.8,99.0,7773
2025-01-20T14:28:16.000000+00:00,239.5,50.3,239.5,50.3,229.0,50.3,4.7,1080.0,870.0,81.0,37.0,80.8,99.0,7383
2025-01-20T14:29:16.000000+00:00,239.7,50.2,239.7,50.2,228.9,50.2,4.8,1090.0,870.0,80.0,36.0,80.8,99.0,7773
2025-01-20T14:30:16.000000+00:00,239.2,50.2,238.3,50.2,228.9,50.2,4.7,1080.0,860.0,80.0,36.0,80.8,99.0,7383
2025-01-20T14:31:16.000000+00:00,238.2,50.3,238.2,50.3,228.9,50.3,4.8,1090.0,870.0,80.0,36.0,80.8,99.0,7773
2025-01-20T14:32:16.000000+00:00,237.7,50.2,237.7,50.2,228.9,50.2,4.7,1080.0,850.0,79.0,37.0,80.8,99.0,7773
2025-01-20T14:33:16.000000+00:00,237.7,50.1,238.2,50.1,228.9,50.1,4.8,1100.0,870.0,79.0,37.0,80.8,99.0,7383
2025-01-20T14:34:16.000000+00:00,238.2,50.1,238.2,50.1,228.9,50.1,4.8,1100.0,870.0,79.0,37.0,80.8,99.0,7383
2025-01-20T14:35:16.000000+00:00,238.3,50.0,238.4,50.0,228.9,50.0,4.8,1090.0,860.0,79.0,36.0,80.8,99.0,7773
2025-01-20T14:36:16.000000+00:00,238.7,50.1,238.7,50.1,229.0,50.1,4.8,1100.0,870.0,79.0,37.0,80.8,99.0,7478
2025-01-20T14:37:16.000000+00:00,238.5,50.0,238.5,50.0,228.9,50.0,4.8,1100.0,870.0,79.0,37.0,80.8,99.0,7773
2025-01-20T14:38:16.000000+00:00,237.4,50.0,238.0,50.0,228.9,50.0,4.9,1120.0,900.0,80.0,37.0,80.8,99.0,7574
2025-01-20T14:39:16.000000+00:00,238.9,50.1,238.9,50.1,228.9,50.1,4.8,1100.0,880.0,80.0,36.0,80.8,99.0,7574
2025-01-20T14:40:16.000000+00:00,237.9,49.9,237.9,49.9,228.9,49.9,4.8,1100.0,860.0,78.0,36.0,80.8,99.0,7574
2025-01-20T14:41:16.000000+00:00,237.9,49.9,237.9,50.0,228.9,49.9,4.8,1090.0,860.0,79.0,36.0,80.8,99.0,7574
2025-01-20T14:42:16.000000+00:00,239.5,50.1,239.5,50.1,228.9,50.1,4.7,1080.0,850.0,79.0,36.0,80.8,99.0,7574
2025-01-20T14:43:16.000000+00:00,238.4,50.1,238.4,50.1,228.9,50.1,4.8,1100.0,880.0,80.0,37.0,80.8,99.0,7574
2025-01-20T14:44:16.000000+00:00,238.6,50.1,238.5,50.1,228.9,50.1,4.8,1100.0,880.0,80.0,36.0,80.8,99.0,7574
2025-01-20T14:45:16.000000+00:00,237.7,50.0,237.8,50.0,228.9,50.0,4.8,1090.0,850.0,78.0,36.0,80.8,99.0,7574
2025-01-20T14:46:16.000000+00:00,238.4,50.2,238.0,50.1,228.9,50.1,4.8,1100.0,880.0,80.0,37.0,80.8,99.0,7574
2025-01-20T14:47:16.000000+00:00,238.1,50.2,238.5,50.2,228.9,50.2,4.9,1120.0,900.0,80.0,37.0,80.8,99.0,7574
2025-01-20T14:48:16.000000+00:00,238.7,50.1,238.6,50.1,228.9,50.1,4.9,1110.0,890.0,80.0,37.0,80.8,99.0,7574
2025-01-20T14:49:16.000000+00:00,238.4,50.2,239.3,50.2,228.9,50.2,4.8,1090.0,870.0,80.0,37.0,80.8,99.0,7574
2025-01-20T14:50:16.000000+00:00,238.5,50.2,238.5,50.2,228.9,50.2,4.7,1080.0,850.0,79.0,36.0,80.8,99.0,7574
2025-01-20T14:51:16.000000+00:00,239.2,50.3,239.2,50.3,228.9,50.3,4.7,1070.0,840.0,79.0,36.0,80.8,99.0,7574
2025-01-20T14:52:16.000000+00:00,240.8,50.3,239.7,50.3,228.9,50.3,4.7,1070.0,850.0,79.0,36.0,80.8,99.0,7574
2025-01-20T14:53:16.000000+00:00,238.3,50.3,239.2,50.3,228.9,50.3,4.7,1080.0,870.0,81.0,36.0,80.8,99.0,7574
2025-01-20T14:54:16.000000+00:00,238.6,50.3,238.5,50.3,228.9,50.3,4.8,1090.0,880.0,81.0,36.0,80.8,99.0,7574
2025-01-20T14:55:16.000000+00:00,238.8,50.3,238.8,50.3,228.9,50.3,4.7,1070.0,850.0,79.0,36.0,80.8,99.0,7574
2025-01-20T14:56:16.000000+00:00,239.0,50.3,239.0,50.3,228.9,50.3,4.7,1090.0,870.0,80.0,36.0,80.8,99.0,7574
2025-01-20T14:57:16.000000+00:00,238.7,50.3,238.7,50.3,228.9,50.3,4.8,1110.0,890.0,80.0,36.0,80.8,99.0,7574
2025-01-20T14:58:16.000000+00:00,239.7,50.3,239.1,50.3,228.9,50.3,4.7,1090.0,870.0,80.0,36.0,80.8,99.0,7574
2025-01-20T14:59:16.000000+00:00,238.8,50.3,239.1,50.3,228.9,50.3,4.8,1090.0,880.0,81.0,36.0,80.8,99.0,7574
2025-01-20T15:00:16.000000+00:00,238.4,50.3,239.4,50.3,228.9,50.3,4.7,1080.0,860.0,80.0,36.0,80.8,99.0,7673
2025-01-20T15:01:16.000000+00:00,238.7,50.3,238.8,50.4,228.9,50.3,4.7,1080.0,860.0,80.0,36.0,80.8,99.0,7673
2025-01-20T15:02:16.000000+00:00,239.4,50.3,239.0,50.3,228.9,50.3,4.7,1080.0,860.0,80.0,36.0,80.8,99.0,7673
2025-01-20T15:03:16.000000+00:00,239.3,50.3,238.7,50.3,228.9,50.3,4.8,1090.0,870.0,80.0,36.0,80.8,99.0,7673
2025-01-20T15:04:16.000000+00:00,239.5,50.3,239.0,50.3,228.9,50.3,4.7,1090.0,870.0,80.0,36.0,80.8,99.0,7291
2025-01-20T15:05:16.000000+00:00,238.1,50.3,239.1,50.3,228.9,50.3,4.7,1070.0,850.0,79.0,36.0,80.8,99.0,7673
2025-01-20T15:06:16.000000+00:00,238.7,50.3,239.1,50.3,228.9,50.3,4.7,1080.0,870.0,81.0,36.0,80.8,99.0,7673
2025-01-20T15:07:16.000000+00:00,239.3,50.3,239.3,50.3,228.9,50.3,4.8,1110.0,900.0,81.0,36.0,80.7,99.0,7673
2025-01-20T15:08:16.000000+00:00,238.3,50.3,238.3,50.3,228.9,50.3,4.8,1100.0,890.0,81.0,36.0,80.7,99.0,7673
2025-01-20T15:09:16.000000+00:00,238.6,50.3,238.6,50.3,228.9,50.3,4.8,1080.0,870.0,81.0,37.0,80.7,99.0,7673
2025-01-20T15:10:16.000000+00:00,238.9,50.3,238.5,50.3,228.9,50.3,4.7,1070.0,850.0,79.0,36.0,80.7,99.0,7673
2025-01-20T15:11:16.000000+00:00,239.0,50.3,238.0,50.3,228.9,50.3,4.7,1070.0,840.0,79.0,36.0,80.7,99.0,7673
2025-01-20T15:12:16.000000+00:00,237.3,50.3,237.9,50.3,228.9,50.3,4.7,1070.0,840.0,79.0,36.0,80.7,99.0,7673
2025-01-20T15:13:16.000000+00:00,238.5,50.3,238.5,50.3,228.9,50.3,4.8,1090.0,870.0,80.0,36.0,80.7,99.0,7673
2025-01-20T15:14:16.000000+00:00,239.1,50.3,239.1,50.3,228.9,50.3,4.7,1080.0,860.0,80.0,36.0,80.7,99.0,7673
2025-01-20T15:15:16.000000+00:00,237.9,50.2,237.8,50.2,228.9,50.2,4.7,1080.0,850.0,79.0,36.0,80.7,99.0,7673
2025-01-20T15:16:16.000000+00:00,238.5,50.2,238.0,50.2,228.9,50.2,4.8,1100.0,880.0,80.0,36.0,80.7,99.0,7673
2025-01-20T15:17:16.000000+00:00,237.9,50.3,237.9,50.3,228.9,50.3,4.8,1090.0,870.0,80.0,36.0,80.7,99.0,7673
2025-01-20T15:18:16.000000+00:00,238.3,50.3,238.9,50.3,228.9,50.3,4.9,1110.0,900.0,81.0,37.0,80.7,99.0,7673
2025-01-20T15:19:16.000000+00:00,238.4,50.3,237.3,50.3,228.9,50.3,4.8,1090.0,880.0,81.0,37.0,80.7,99.0,7673
2025-01-20T15:20:16.000000+00:00,238.2,50.4,238.2,50.4,228.9,50.4,4.7,1070.0,850.0,79.0,36.0,80.7,99.0,7673
2025-01-20T15:21:16.000000+00:00,238.2,50.3,238.3,50.3,228.9,50.3,4.7,1080.0,850.0,79.0,36.0,80.7,99.0,7673
2025-01-20T15:22:16.000000+00:00,237.7,50.2,237.7,50.2,228.9,50.2,4.8,1090.0,870.0,80.0,36.0,80.7,99.0,7673
2025-01-20T15:23:16.000000+00:00,237.7,50.3,237.2,50.3,228.9,50.3,4.8,1110.0,890.0,80.0,37.0,80.7,99.0,7673
2025-01-20T15:24:16.000000+00:00,237.8,50.3,238.5,50.3,228.9,50.3,4.9,1110.0,900.0,81.0,36.0,80.7,99.0,7673
2025-01-20T15:25:16.000000+00:00,237.9,50.2,237.4,50.2,228.9,50.2,4.8,1090.0,870.0,80.0,36.0,80.7,99.0,7673
2025-01-20T15:26:17.000000+00:00,237.2,50.2,237.2,50.2,228.9,50.2,4.8,1090.0,870.0,80.0,37.0,80.7,99.0,7291
2025-01-20T15:27:17.000000+00:00,236.5,50.2,236.5,50.2,228.9,50.2,4.8,1090.0,870.0,80.0,36.0,80.7,99.0,7773
2025-01-20T15:28:17.000000+00:00,236.2,50.2,236.8,50.2,229.0,50.2,4.8,1090.0,870.0,80.0,37.0,80.7,99.0,7383
2025-01-20T15:29:17.000000+00:00,236.2,50.2,236.7,50.2,228.9,50.2,4.8,1090.0,870.0,80.0,37.0,80.7,99.0,7773
2025-01-20T15:30:17.000000+00:00,235.1,50.2,236.1,50.2,228.9,50.2,4.7,1070.0,850.0,79.0,36.0,80.7,99.0,7673
2025-01-20T15:31:17.000000+00:00,234.9,50.2,234.9,50.2,228.9,50.2,4.8,1090.0,860.0,79.0,36.0,80.7,99.0,7773
2025-01-20T15:32:17.000000+00:00,235.8,50.1,236.3,50.1,228.9,50.1,4.7,1080.0,860.0,80.0,36.0,80.7,99.0,7773
2025-01-20T15:33:17.000000+00:00,235.4,50.1,235.4,50.1,228.9,50.1,4.8,1100.0,880.0,80.0,36.0,80.7,99.0,7383
2025-01-20T15:34:17.000000+00:00,235.6,50.2,235.6,50.2,228.9,50.2,4.8,1090.0,870.0,80.0,36.0,80.7,99.0,7773
2025-01-20T15:35:17.000000+00:00,235.9,50.1,235.9,50.1,228.9,50.1,4.8,1110.0,890.0,80.0,36.0,80.7,99.0,7291
2025-01-20T15:36:17.000000+00:00,236.3,50.2,236.4,50.1,228.9,50.2,4.8,1100.0,870.0,79.0,36.0,80.7,99.0,7383
2025-01-20T15:37:17.000000+00:00,235.0,50.2,235.0,50.2,228.9,50.2,4.8,1110.0,890.0,80.0,37.0,80.7,99.0,7673
2025-01-20T15:38:17.000000+00:00,235.9,50.3,235.4,50.3,228.9,50.3,4.8,1110.0,890.0,80.0,37.0,80.7,99.0,7291
2025-01-20T15:39:17.000000+00:00,235.5,50.2,234.7,50.2,228.9,50.2,4.8,1110.0,890.0,80.0,37.0,80.7,99.0,7773
2025-01-20T15:40:17.000000+00:00,235.6,50.2,235.6,50.2,228.9,50.2,4.7,1080.0,850.0,79.0,36.0,80.7,99.0,7773
2025-01-20T15:41:17.000000+00:00,235.0,50.2,235.0,50.2,228.9,50.2,4.7,1080.0,860.0,80.0,36.0,80.7,99.0,7773
2025-01-20T15:42:17.000000+00:00,235.0,50.2,234.9,50.2,228.9,50.2,4.8,1090.0,860.0,79.0,37.0,80.7,99.0,7773
2025-01-20T15:43:17.000000+00:00,235.6,50.3,236.1,50.3,228.9,50.3,4.8,1090.0,870.0,80.0,36.0,80.7,99.0,7673
2025-01-20T15:44:17.000000+00:00,235.0,50.2,235.0,50.2,228.9,50.2,4.7,1070.0,840.0,79.0,36.0,80.7,99.0,7673
2025-01-20T15:45:17.000000+00:00,234.4,50.4,234.4,50.3,228.9,50.4,4.7,1080.0,870.0,81.0,36.0,80.7,99.0,7673
2025-01-20T15:46:17.000000+00:00,234.1,50.3,234.1,50.3,228.9,50.3,4.7,1080.0,860.0,80.0,36.0,80.7,99.0,7673
2025-01-20T15:47:17.000000+00:00,234.0,50.3,234.0,50.3,228.9,50.3,4.8,1100.0,880.0,80.0,37.0,80.7,99.0,7673
2025-01-20T15:48:17.000000+00:00,232.8,50.3,233.7,50.3,228.9,50.3,4.8,1110.0,890.0,80.0,37.0,80.7,99.0,7574
2025-01-20T15:49:17.000000+00:00,233.3,50.2,233.4,50.2,228.9,50.2,4.8,1110.0,890.0,80.0,36.0,80.7,99.0,7574
2025-01-20T15:50:17.000000+00:00,236.6,50.1,236.6,50.1,228.9,50.2,4.7,1080.0,860.0,80.0,36.0,80.7,99.0,7574
2025-01-20T15:51:17.000000+00:00,236.1,50.1,236.1,50.1,228.9,50.1,4.8,1080.0,860.0,80.0,36.0,80.7,99.0,7574
2025-01-20T15:52:17.000000+00:00,236.7,50.1,236.7,50.0,228.9,50.0,4.8,1090.0,860.0,79.0,37.0,80.7,99.0,7574
2025-01-20T15:53:17.000000+00:00,235.1,50.0,235.2,50.0,228.9,50.0,4.8,1100.0,870.0,79.0,37.0,80.6,99.0,7201
2025-01-20T15:54:17.000000+00:00,234.3,50.1,234.3,50.1,228.9,50.1,4.7,1080.0,860.0,80.0,36.0,80.6,99.0,7574
2025-01-20T15:55:17.000000+00:00,234.4,50.1,234.4,50.1,228.9,50.1,4.8,1100.0,870.0,79.0,37.0,80.6,99.0,7574
2025-01-20T15:56:17.000000+00:00,234.2,50.1,234.2,50.1,229.0,50.1,4.8,1100.0,870.0,79.0,37.0,80.6,99.0,7574
2025-01-20T15:57:17.000000+00:00,234.8,50.0,233.9,50.0,228.9,50.0,4.8,1100.0,870.0,79.0,37.0,80.6,99.0,7574
2025-01-20T15:58:17.000000+00:00,233.9,50.0,233.9,50.0,228.9,50.1,4.8,1100.0,880.0,80.0,37.0,80.6,99.0,7574
2025-01-20T15:59:17.000000+00:00,232.0,50.0,233.0,50.0,229.0,50.0,4.8,1100.0,870.0,79.0,36.0,80.6,99.0,7574
2025-01-20T16:00:17.000000+00:00,235.3,50.0,235.3,50.0,228.9,50.0,4.8,1090.0,860.0,79.0,36.0,80.6,99.0,7574
2025-01-20T16:01:17.000000+00:00,235.9,50.1,235.9,50.1,228.9,50.1,4.8,1100.0,870.0,79.0,36.0,80.6,99.0,7574
2025-01-20T16:02:17.000000+00:00,235.1,50.0,235.0,50.0,228.9,50.0,4.9,1120.0,900.0,80.0,37.0,80.6,99.0,7574
2025-01-20T16:03:17.000000+00:00,234.0,50.0,234.0,50.0,228.9,50.0,4.8,1110.0,880.0,79.0,37.0,80.6,99.0,7574
2025-01-20T16:04:17.000000+00:00,233.0,49.9,233.0,49.9,228.9,49.9,4.8,1110.0,880.0,79.0,37.0,80.6,99.0,7574
2025-01-20T16:05:17.000000+00:00,232.0,49.8,231.5,49.8,228.9,49.8,4.9,1110.0,880.0,79.0,37.0,80.6,99.0,7574
2025-01-20T16:06:17.000000+00:00,235.1,49.9,235.6,50.0,228.9,49.9,4.8,1110.0,880.0,79.0,37.0,80.6,99.0,7574
2025-01-20T16:07:17.000000+00:00,234.8,49.9,236.0,49.9,228.9,49.9,4.9,1120.0,890.0,79.0,37.0,80.6,99.0,7574
2025-01-20T16:08:17.000000+00:00,236.1,49.9,236.1,49.9,228.9,49.8,4.9,1120.0,890.0,79.0,38.0,80.6,99.0,7201
2025-01-20T16:09:17.000000+00:00,236.3,50.0,236.3,50.0,228.9,50.1,4.8,1110.0,890.0,80.0,37.0,80.6,99.0,7574
2025-01-20T16:10:17.000000+00:00,234.3,50.1,235.3,50.1,228.9,50.1,4.7,1080.0,850.0,79.0,36.0,80.6,99.0,7574
2025-01-20T16:11:17.000000+00:00,234.1,50.1,234.6,50.1,228.9,50.1,4.8,1090.0,860.0,79.0,36.0,80.6,99.0,7574
2025-01-20T16:12:17.000000+00:00,235.0,50.1,234.2,50.1,228.9,50.1,4.8,1110.0,880.0,79.0,37.0,80.6,99.0,7574
2025-01-20T16:13:17.000000+00:00,235.7,50.1,235.6,50.1,228.9,50.1,4.8,1100.0,880.0,80.0,36.0,80.6,99.0,7574
2025-01-20T16:14:17.000000+00:00,234.3,50.1,235.4,50.0,228.9,50.1,4.8,1100.0,880.0,80.0,37.0,80.6,99.0,7574
2025-01-20T16:15:17.000000+00:00,235.0,50.1,235.2,50.1,228.9,50.1,4.8,1100.0,870.0,79.0,37.0,80.6,99.0,7574
2025-01-20T16:16:17.000000+00:00,234.5,50.0,234.0,50.0,228.9,50.0,4.8,1110.0,880.0,79.0,37.0,80.6,99.0,7574
2025-01-20T16:17:17.000000+00:00,233.2,49.8,233.3,49.8,228.9,49.8,4.8,1110.0,870.0,78.0,37.0,80.6,99.0,7574
2025-01-20T16:18:17.000000+00:00,232.2,49.7,233.1,49.7,228.9,49.7,4.9,1120.0,880.0,79.0,38.0,80.6,99.0,7201
2025-01-20T16:19:17.000000+00:00,233.3,49.9,233.3,49.9,228.9,49.9,4.8,1090.0,850.0,78.0,36.0,80.6,99.0,7574
2025-01-20T16:20:17.000000+00:00,232.6,50.1,232.7,50.1,228.9,50.1,4.7,1080.0,860.0,80.0,36.0,80.6,99.0,7574
2025-01-20T16:21:17.000000+00:00,232.6,50.1,233.7,50.1,228.9,50.1,4.7,1080.0,850.0,79.0,36.0,80.6,99.0,7574
2025-01-20T16:22:17.000000+00:00,233.2,50.0,233.2,50.0,228.9,50.0,4.8,1100.0,870.0,79.0,37.0,80.6,99.0,7574
2025-01-20T16:23:17.000000+00:00,233.3,50.1,232.7,50.1,228.9,50.1,4.8,1100.0,870.0,79.0,37.0,80.6,99.0,7201
2025-01-20T16:24:17.000000+00:00,234.3,50.2,234.3,50.2,228.9,50.2,4.8,1110.0,880.0,79.0,37.0,80.6,99.0,7574
2025-01-20T16:25:17.000000+00:00,233.3,50.2,234.4,50.2,228.9,50.2,4.8,1100.0,880.0,80.0,37.0,80.6,99.0,7383
2025-01-20T16:26:17.000000+00:00,233.4,50.2,233.4,50.2,228.9,50.2,4.9,1120.0,910.0,81.0,36.0,80.6,99.0,7383
2025-01-20T16:27:17.000000+00:00,233.4,50.2,233.4,50.2,228.9,50.2,4.9,1110.0,900.0,81.0,37.0,80.6,99.0,7773
2025-01-20T16:28:17.000000+00:00,232.7,50.1,232.7,50.1,228.9,50.1,4.9,1110.0,900.0,81.0,37.0,80.6,99.0,7383
2025-01-20T16:29:17.000000+00:00,233.2,50.1,233.1,50.1,228.9,50.1,4.9,1120.0,900.0,80.0,36.0,80.6,99.0,7383
2025-01-20T16:30:17.000000+00:00,232.0,50.1,232.0,50.1,228.9,50.0,4.8,1090.0,860.0,79.0,36.0,80.6,99.0,7383
2025-01-20T16:31:17.000000+00:00,233.9,50.0,233.9,50.0,228.9,50.0,4.8,1100.0,870.0,79.0,37.0,80.6,99.0,7773
2025-01-20T16:32:17.000000+00:00,233.4,50.1,233.8,50.1,228.9,50.1,4.7,1080.0,850.0,79.0,37.0,80.6,99.0,7773
2025-01-20T16:33:17.000000+00:00,233.1,50.1,233.2,50.1,228.9,50.1,4.8,1100.0,870.0,79.0,37.0,80.6,99.0,7291
2025-01-20T16:34:18.000000+00:00,233.1,50.1,233.1,50.1,229.0,50.1,4.8,1100.0,870.0,79.0,37.0,80.6,99.0,7291
2025-01-20T16:35:18.000000+00:00,233.8,50.1,233.8,50.1,228.9,50.1,4.8,1100.0,870.0,79.0,37.0,80.6,99.0,7673
2025-01-20T16:36:18.000000+00:00,234.0,50.1,232.8,50.1,228.9,50.1,4.9,1120.0,900.0,80.0,37.0,80.6,99.0,7291
2025-01-20T16:37:18.000000+00:00,233.1,50.1,233.1,50.1,228.9,50.1,4.9,1120.0,900.0,80.0,37.0,80.6,99.0,7291
2025-01-20T16:38:18.000000+00:00,233.3,50.1,233.3,50.1,228.9,50.1,4.8,1090.0,870.0,80.0,37.0,80.6,99.0,7291
2025-01-20T16:39:18.000000+00:00,233.1,50.2,233.1,50.2,229.0,50.2,4.8,1110.0,900.0,81.0,37.0,80.6,99.0,7291
2025-01-20T16:40:18.000000+00:00,234.1,50.2,234.1,50.2,228.9,50.2,4.7,1070.0,850.0,79.0,36.0,80.6,99.0,7773
2025-01-20T16:41:18.000000+00:00,234.3,50.2,234.8,50.2,228.9,50.2,4.7,1080.0,860.0,80.0,36.0,80.6,99.0,7673
2025-01-20T16:42:18.000000+00:00,233.8,50.1,233.4,50.1,228.9,50.1,4.9,1120.0,900.0,80.0,37.0,80.6,99.0,7673
2025-01-20T16:43:18.000000+00:00,233.9,50.1,233.9,50.1,228.9,50.1,4.8,1100.0,870.0,79.0,37.0,80.6,99.0,7201
2025-01-20T16:44:18.000000+00:00,233.9,50.1,233.9,50.1,228.9,50.1,4.7,1080.0,850.0,79.0,36.0,80.6,99.0,7291
2025-01-20T16:45:18.000000+00:00,234.4,50.2,233.1,50.2,228.9,50.2,4.8,1110.0,890.0,80.0,37.0,80.6,99.0,7291
2025-01-20T16:46:18.000000+00:00,233.9,50.2,234.1,50.2,228.9,50.2,4.7,1080.0,860.0,80.0,37.0,80.6,99.0,7673
2025-01-20T16:47:18.000000+00:00,233.9,50.1,233.4,50.1,228.9,50.1,4.8,1110.0,880.0,79.0,37.0,80.6,99.0,7773
2025-01-20T16:48:18.000000+00:00,232.9,50.1,232.9,50.1,228.9,50.1,4.9,1120.0,890.0,79.0,37.0,80.6,99.0,7291
2025-01-20T16:49:18.000000+00:00,232.7,50.1,231.7,50.1,228.9,50.1,4.8,1100.0,880.0,80.0,37.0,80.6,99.0,7673
2025-01-20T16:50:18.000000+00:00,232.0,50.0,231.6,50.0,228.9,50.0,4.8,1090.0,860.0,79.0,36.0,80.6,99.0,7574
2025-01-20T16:51:18.000000+00:00,232.7,50.0,232.7,50.0,228.9,50.0,4.8,1090.0,860.0,79.0,36.0,80.5,99.0,7574
2025-01-20T16:52:18.000000+00:00,231.8,50.0,231.8,50.0,228.9,50.0,4.8,1090.0,860.0,79.0,37.0,80.5,99.0,7574
2025-01-20T16:53:18.000000+00:00,231.8,49.9,232.3,49.9,228.9,49.9,4.8,1110.0,880.0,79.0,37.0,80.5,99.0,7201
2025-01-20T16:54:18.000000+00:00,232.7,50.1,231.6,50.1,228.9,50.1,4.8,1110.0,890.0,80.0,37.0,80.5,99.0,7574
2025-01-20T16:55:18.000000+00:00,232.2,50.1,232.2,50.1,228.9,50.1,4.8,1100.0,870.0,79.0,37.0,80.5,99.0,7574
2025-01-20T16:56:18.000000+00:00,232.5,50.0,232.1,50.0,228.9,50.0,4.8,1090.0,860.0,79.0,36.0,80.5,99.0,7574
2025-01-20T16:57:18.000000+00:00,232.3,50.0,232.4,50.0,228.9,50.0,4.9,1120.0,900.0,80.0,37.0,80.5,99.0,7574
2025-01-20T16:58:18.000000+00:00,232.5,50.0,232.4,50.0,228.9,50.0,4.8,1110.0,880.0,79.0,37.0,80.5,99.0,7383
2025-01-20T16:59:18.000000+00:00,232.7,50.0,233.2,50.0,228.9,50.0,4.8,1100.0,880.0,80.0,37.0,80.5,99.0,7773
2025-01-20T17:00:18.000000+00:00,231.8,50.1,231.8,50.1,228.9,50.0,4.8,1090.0,860.0,79.0,36.0,80.5,99.0,7673
2025-01-20T17:01:18.000000+00:00,232.9,50.1,232.9,50.1,228.9,50.1,4.8,1090.0,870.0,80.0,36.0,80.5,99.0,7673
2025-01-20T17:02:18.000000+00:00,232.9,50.1,232.9,50.1,228.9,50.1,4.7,1090.0,850.0,78.0,37.0,80.5,99.0,7574
2025-01-20T17:03:18.000000+00:00,233.0,50.1,233.0,50.1,228.9,50.1,4.8,1100.0,880.0,80.0,37.0,80.5,99.0,7574
2025-01-20T17:04:18.000000+00:00,233.3,50.1,233.3,50.1,228.9,50.1,4.8,1090.0,860.0,79.0,36.0,80.5,99.0,7574
2025-01-20T17:05:18.000000+00:00,232.8,50.2,233.2,50.2,228.9,50.2,4.8,1100.0,880.0,80.0,37.0,80.5,99.0,7574
2025-01-20T17:06:18.000000+00:00,233.7,50.2,233.7,50.2,228.9,50.2,4.8,1090.0,870.0,80.0,37.0,80.5,99.0,7574
2025-01-20T17:07:18.000000+00:00,234.5,50.2,234.5,50.2,228.9,50.2,4.8,1100.0,870.0,79.0,37.0,80.5,99.0,7574
2025-01-20T17:08:18.000000+00:00,234.0,50.2,234.0,50.2,228.9,50.1,4.9,1120.0,900.0,80.0,37.0,80.5,99.0,7574
2025-01-20T17:09:18.000000+00:00,233.7,50.1,234.2,50.1,228.9,50.1,4.9,1130.0,900.0,80.0,37.0,80.5,99.0,7574
2025-01-20T17:10:18.000000+00:00,233.7,50.1,233.7,50.1,228.9,50.1,4.8,1090.0,860.0,79.0,36.0,80.5,99.0,7574
2025-01-20T17:11:18.000000+00:00,233.2,50.1,233.8,50.1,228.9,50.1,4.8,1090.0,860.0,79.0,36.0,80.5,99.0,7574
2025-01-20T17:12:18.000000+00:00,233.0,50.0,233.0,50.0,228.9,50.0,4.9,1120.0,900.0,80.0,37.0,80.5,99.0,7574
2025-01-20T17:13:18.000000+00:00,233.6,50.1,233.6,50.1,228.9,50.1,4.8,1100.0,880.0,80.0,37.0,80.5,99.0,7574
2025-01-20T17:14:18.000000+00:00,232.7,50.1,232.7,50.1,228.9,50.1,4.8,1090.0,870.0,80.0,37.0,80.5,99.0,7773
2025-01-20T17:15:18.000000+00:00,233.2,50.2,233.2,50.2,228.9,50.2,4.8,1100.0,870.0,79.0,36.0,80.5,99.0,7383
2025-01-20T17:16:18.000000+00:00,231.1,50.1,231.1,50.1,228.9,50.1,4.8,1100.0,870.0,79.0,37.0,80.5,99.0,7773
2025-01-20T17:17:18.000000+00:00,229.9,50.1,229.9,50.1,228.9,50.1,4.8,1100.0,880.0,80.0,37.0,80.5,99.0,7773
2025-01-20T17:18:18.000000+00:00,233.4,50.1,233.4,50.1,228.9,50.1,4.9,1120.0,900.0,80.0,37.0,80.5,99.0,7383
2025-01-20T17:19:18.000000+00:00,233.2,50.1,233.2,50.1,228.9,50.1,4.8,1100.0,880.0,80.0,37.0,80.5,99.0,7773
2025-01-20T17:20:18.000000+00:00,233.4,50.0,233.4,50.0,228.9,50.0,4.8,1090.0,850.0,78.0,36.0,80.5,99.0,7773
2025-01-20T17:21:18.000000+00:00,234.7,50.0,234.7,50.0,228.9,50.0,4.8,1090.0,860.0,79.0,36.0,80.5,99.0,7773
2025-01-20T17:22:18.000000+00:00,234.0,50.0,233.3,50.0,228.9,50.0,4.8,1110.0,880.0,79.0,37.0,80.5,99.0,7773
2025-01-20T17:23:18.000000+00:00,233.1,50.0,233.6,50.0,228.9,50.0,4.8,1110.0,880.0,79.0,37.0,80.5,99.0,7291
2025-01-20T17:24:18.000000+00:00,233.3,50.0,233.9,50.0,228.9,50.0,4.8,1100.0,870.0,79.0,36.0,80.5,99.0,7773
2025-01-20T17:25:18.000000+00:00,233.4,50.0,234.4,50.0,228.9,50.0,4.9,1120.0,900.0,80.0,37.0,80.5,99.0,7383
2025-01-20T17:26:18.000000+00:00,233.9,50.0,233.9,50.0,228.9,50.0,4.9,1120.0,900.0,80.0,37.0,80.5,99.0,7773
2025-01-20T17:27:18.000000+00:00,234.0,50.0,234.0,50.0,228.9,50.0,4.9,1120.0,900.0,80.0,37.0,80.5,99.0,7291
2025-01-20T17:28:18.000000+00:00,234.4,50.1,234.9,50.1,229.0,50.1,4.9,1110.0,890.0,80.0,37.0,80.5,99.0,7291
2025-01-20T17:29:18.000000+00:00,234.1,50.0,234.6,50.0,228.9,50.0,4.9,1120.0,890.0,79.0,37.0,80.5,99.0,7673
2025-01-20T17:30:18.000000+00:00,234.1,49.9,233.6,49.9,228.9,49.9,4.8,1090.0,850.0,78.0,36.0,80.5,99.0,7673
2025-01-20T17:31:18.000000+00:00,234.3,50.1,234.8,50.1,228.9,50.1,4.8,1090.0,860.0,79.0,37.0,80.5,99.0,7773
2025-01-20T17:32:18.000000+00:00,234.4,50.0,234.4,50.0,228.9,50.0,4.8,1100.0,870.0,79.0,37.0,80.5,99.0,7773
2025-01-20T17:33:18.000000+00:00,234.3,50.0,234.8,50.0,229.0,50.0,4.8,1100.0,870.0,79.0,37.0,80.5,99.0,7383
2025-01-20T17:34:18.000000+00:00,234.5,50.0,234.0,50.0,228.9,50.0,4.8,1100.0,870.0,79.0,37.0,80.5,99.0,7773
2025-01-20T17:35:18.000000+00:00,233.1,50.0,234.1,50.0,228.9,50.0,4.8,1100.0,880.0,80.0,37.0,80.5,99.0,7383
2025-01-20T17:36:18.000000+00:00,234.9,50.1,234.9,50.1,228.9,50.1,4.8,1100.0,870.0,79.0,37.0,80.5,99.0,7773
2025-01-20T17:37:18.000000+00:00,234.0,50.0,234.5,50.0,228.9,50.0,4.9,1120.0,900.0,80.0,37.0,80.5,99.0,7773
2025-01-20T17:38:18.000000+00:00,234.0,50.1,234.0,50.1,228.9,50.1,4.9,1120.0,900.0,80.0,37.0,80.5,99.0,7291
2025-01-20T17:39:18.000000+00:00,234.6,50.1,234.7,50.1,228.9,50.1,4.9,1120.0,910.0,81.0,37.0,80.5,99.0,7673
2025-01-20T17:40:18.000000+00:00,235.5,50.2,234.4,50.2,228.9,50.2,4.7,1080.0,860.0,80.0,36.0,80.5,99.0,7574
2025-01-20T17:41:18.000000+00:00,234.6,50.2,234.6,50.2,229.0,50.2,4.7,1080.0,850.0,79.0,37.0,80.5,99.0,7574
2025-01-20T17:42:18.000000+00:00,234.8,50.2,235.7,50.2,228.9,50.2,4.7,1080.0,860.0,80.0,37.0,80.5,99.0,7574
2025-01-20T17:43:18.000000+00:00,235.6,50.1,235.6,50.1,228.9,50.1,4.8,1090.0,870.0,80.0,36.0,80.5,99.0,7574
2025-01-20T17:44:18.000000+00:00,235.9,50.2,235.9,50.2,228.9,50.2,4.8,1090.0,870.0,80.0,37.0,80.5,99.0,7574
2025-01-20T17:45:19.000000+00:00,235.8,50.2,235.8,50.3,229.0,50.3,4.8,1090.0,870.0,80.0,36.0,80.5,99.0,7574
2025-01-20T17:46:19.000000+00:00,236.1,50.2,236.1,50.2,228.9,50.2,4.8,1110.0,890.0,80.0,36.0,80.5,99.0,7574
2025-01-20T17:47:19.000000+00:00,235.5,50.2,235.9,50.2,228.9,50.2,4.8,1090.0,870.0,80.0,37.0,80.5,99.0,7574
2025-01-20T17:48:19.000000+00:00,235.2,50.1,235.2,50.1,229.0,50.1,4.8,1100.0,880.0,80.0,37.0,80.5,99.0,7574
2025-01-20T17:49:19.000000+00:00,235.2,50.1,235.2,50.1,228.9,50.1,4.9,1120.0,900.0,80.0,37.0,80.5,99.0,7574
2025-01-20T17:50:19.000000+00:00,235.9,50.1,235.9,50.1,228.9,50.1,4.7,1080.0,850.0,79.0,36.0,80.5,99.0,7574
2025-01-20T17:51:19.000000+00:00,235.5,50.1,235.5,50.1,228.9,50.1,4.8,1100.0,870.0,79.0,36.0,80.5,99.0,7574
2025-01-20T17:52:19.000000+00:00,235.3,50.2,235.8,50.2,228.9,50.2,4.9,1110.0,890.0,80.0,37.0,80.5,99.0,7574
2025-01-20T17:53:19.000000+00:00,235.3,50.2,234.9,50.2,229.0,50.2,4.8,1090.0,860.0,79.0,37.0,80.4,99.0,7201
2025-01-20T17:54:19.000000+00:00,234.9,50.2,235.9,50.2,229.0,50.2,4.8,1100.0,880.0,80.0,37.0,80.4,99.0,7574
2025-01-20T17:55:19.000000+00:00,236.4,50.3,235.9,50.3,228.9,50.3,4.8,1090.0,880.0,81.0,36.0,80.5,99.0,7574
2025-01-20T17:56:19.000000+00:00,235.8,50.2,236.7,50.2,228.9,50.2,4.8,1100.0,880.0,80.0,36.0,80.4,99.0,7383
2025-01-20T17:57:19.000000+00:00,236.5,50.3,236.5,50.3,228.9,50.3,4.8,1090.0,880.0,81.0,36.0,80.5,99.0,7773
2025-01-20T17:58:19.000000+00:00,237.2,50.2,237.8,50.2,229.0,50.2,4.9,1110.0,900.0,81.0,37.0,80.4,99.0,7291
2025-01-20T17:59:19.000000+00:00,237.1,50.2,236.5,50.2,228.9,50.2,4.8,1100.0,880.0,80.0,37.0,80.4,99.0,7673
2025-01-20T18:00:19.000000+00:00,237.7,50.2,237.6,50.2,228.9,50.2,4.8,1090.0,870.0,80.0,36.0,80.4,99.0,7673
2025-01-20T18:01:19.000000+00:00,237.4,50.2,237.0,50.2,228.9,50.2,4.8,1090.0,870.0,80.0,37.0,80.4,99.0,7673
2025-01-20T18:02:19.000000+00:00,238.2,50.3,238.3,50.3,228.9,50.3,4.8,1100.0,880.0,80.0,37.0,80.4,99.0,7673
2025-01-20T18:03:19.000000+00:00,238.9,50.2,238.9,50.3,229.0,50.3,4.8,1100.0,880.0,80.0,37.0,80.4,99.0,7201
2025-01-20T18:04:19.000000+00:00,238.9,50.3,237.9,50.3,228.9,50.3,4.8,1090.0,880.0,81.0,36.0,80.4,99.0,7574
2025-01-20T18:05:19.000000+00:00,237.4,50.2,237.4,50.2,229.0,50.2,4.8,1100.0,880.0,80.0,37.0,80.4,99.0,7478
2025-01-20T18:06:19.000000+00:00,237.2,50.2,237.2,50.2,228.9,50.2,4.8,1100.0,880.0,80.0,37.0,80.4,99.0,7478
2025-01-20T18:07:19.000000+00:00,237.6,50.2,237.6,50.2,228.9,50.2,4.8,1100.0,880.0,80.0,37.0,80.4,99.0,7478
2025-01-20T18:08:19.000000+00:00,238.7,50.3,239.3,50.3,228.9,50.3,4.9,1110.0,900.0,81.0,37.0,80.4,99.0,7478
2025-01-20T18:09:19.000000+00:00,239.6,50.3,239.6,50.3,228.9,50.3,4.9,1120.0,910.0,81.0,37.0,80.4,99.0,7478
2025-01-20T18:10:19.000000+00:00,235.6,50.4,235.6,50.4,228.9,50.4,4.7,1080.0,860.0,80.0,36.0,80.4,99.0,7478
2025-01-20T18:11:19.000000+00:00,236.6,50.3,236.6,50.3,228.9,50.3,4.7,1080.0,860.0,80.0,36.0,80.4,99.0,7478
2025-01-20T18:12:19.000000+00:00,236.8,50.4,236.8,50.4,229.0,50.4,4.8,1090.0,880.0,81.0,37.0,80.4,99.0,7478
2025-01-20T18:13:19.000000+00:00,235.9,50.3,235.6,50.3,228.9,50.3,4.8,1110.0,900.0,81.0,37.0,80.4,99.0,7478
2025-01-20T18:14:19.000000+00:00,236.1,50.3,236.1,50.3,229.0,50.3,4.8,1090.0,870.0,80.0,37.0,80.4,99.0,7478
2025-01-20T18:15:19.000000+00:00,236.2,50.4,236.2,50.4,228.9,50.3,4.8,1100.0,880.0,80.0,37.0,80.4,99.0,7574
2025-01-20T18:16:19.000000+00:00,237.0,50.4,237.0,50.4,229.0,50.4,4.8,1090.0,870.0,80.0,37.0,80.4,99.0,7574
2025-01-20T18:17:19.000000+00:00,237.3,50.4,236.4,50.3,228.9,50.3,4.8,1100.0,880.0,80.0,36.0,80.4,99.0,7574
2025-01-20T18:18:19.000000+00:00,236.5,50.4,236.0,50.4,229.0,50.4,4.8,1100.0,880.0,80.0,36.0,80.4,99.0,7574
2025-01-20T18:19:19.000000+00:00,236.9,50.4,237.0,50.4,228.9,50.4,4.8,1110.0,900.0,81.0,37.0,80.4,99.0,7574
2025-01-20T18:20:19.000000+00:00,236.3,50.3,237.4,50.3,229.0,50.3,4.7,1080.0,860.0,80.0,36.0,80.4,99.0,7574
2025-01-20T18:21:19.000000+00:00,237.5,50.3,236.5,50.3,228.9,50.3,4.7,1070.0,850.0,79.0,36.0,80.4,99.0,7673
2025-01-20T18:22:19.000000+00:00,237.0,50.4,237.0,50.4,228.9,50.4,4.9,1110.0,900.0,81.0,36.0,80.4,99.0,7673
2025-01-20T18:23:19.000000+00:00,236.4,50.4,236.9,50.4,228.9,50.4,4.8,1090.0,870.0,80.0,36.0,80.4,99.0,7574
2025-01-20T18:24:19.000000+00:00,237.3,50.4,237.3,50.4,228.9,50.4,4.8,1090.0,880.0,81.0,36.0,80.4,99.0,7574
2025-01-20T18:25:19.000000+00:00,237.4,50.3,236.9,50.3,229.0,50.3,4.8,1100.0,880.0,80.0,37.0,80.4,99.0,7574
2025-01-20T18:26:19.000000+00:00,238.2,50.3,238.2,50.3,228.9,50.3,4.7,1080.0,870.0,81.0,37.0,80.4,99.0,7478
2025-01-20T18:27:19.000000+00:00,238.5,50.3,238.5,50.3,229.0,50.3,4.7,1080.0,860.0,80.0,37.0,80.4,99.0,7478
2025-01-20T18:28:19.000000+00:00,238.0,50.3,238.0,50.3,229.0,50.3,4.8,1100.0,880.0,80.0,37.0,80.4,99.0,7478
2025-01-20T18:29:19.000000+00:00,238.3,50.2,239.0,50.2,229.0,50.2,4.8,1090.0,870.0,80.0,37.0,80.4,99.0,7478
2025-01-20T18:30:19.000000+00:00,238.6,50.2,238.6,50.2,228.9,50.2,4.7,1080.0,850.0,79.0,36.0,80.4,99.0,7478
2025-01-20T18:31:19.000000+00:00,238.6,50.3,238.6,50.2,228.9,50.3,4.8,1090.0,880.0,81.0,37.0,80.4,99.0,7478
2025-01-20T18:32:19.000000+00:00,239.5,50.2,239.5,50.2,228.9,50.2,4.8,1110.0,890.0,80.0,37.0,80.4,99.0,7478
2025-01-20T18:33:19.000000+00:00,238.9,50.2,239.8,50.2,229.0,50.2,4.8,1100.0,880.0,80.0,36.0,80.4,99.0,7478
2025-01-20T18:34:19.000000+00:00,238.1,50.2,238.2,50.2,228.9,50.2,4.9,1120.0,900.0,80.0,37.0,80.4,99.0,7478
2025-01-20T18:35:19.000000+00:00,238.2,50.2,238.2,50.2,229.0,50.2,4.8,1100.0,880.0,80.0,37.0,80.4,99.0,7478
2025-01-20T18:36:19.000000+00:00,238.3,50.2,238.3,50.2,228.9,50.2,4.9,1110.0,900.0,81.0,37.0,80.4,99.0,7478
2025-01-20T18:37:19.000000+00:00,238.6,50.3,239.2,50.3,229.0,50.3,4.7,1080.0,850.0,79.0,36.0,80.4,99.0,7478
2025-01-20T18:38:19.000000+00:00,238.4,50.3,238.2,50.3,229.0,50.4,4.8,1100.0,880.0,80.0,37.0,80.4,99.0,7478
2025-01-20T18:39:19.000000+00:00,239.2,50.4,239.2,50.4,229.0,50.4,4.8,1110.0,900.0,81.0,37.0,80.4,99.0,7478
2025-01-20T18:40:19.000000+00:00,239.0,50.3,239.0,50.3,228.9,50.3,4.7,1080.0,850.0,79.0,36.0,80.4,99.0,7478
2025-01-20T18:41:19.000000+00:00,236.1,50.3,236.8,50.3,228.9,50.3,4.7,1070.0,850.0,79.0,36.0,80.4,99.0,7478
2025-01-20T18:42:19.000000+00:00,236.5,50.3,237.6,50.3,228.9,50.3,4.8,1100.0,900.0,82.0,37.0,80.4,99.0,7673
2025-01-20T18:43:19.000000+00:00,237.7,50.2,237.7,50.2,228.9,50.2,4.8,1090.0,870.0,80.0,37.0,80.4,99.0,7291
2025-01-20T18:44:19.000000+00:00,237.3,50.4,237.3,50.4,229.0,50.4,4.7,1090.0,870.0,80.0,36.0,80.4,99.0,7773
2025-01-20T18:45:19.000000+00:00,238.1,50.4,238.1,50.4,229.0,50.4,4.7,1080.0,870.0,81.0,36.0,80.4,99.0,7673
2025-01-20T18:46:19.000000+00:00,238.2,50.4,238.2,50.4,229.0,50.4,4.8,1090.0,880.0,81.0,36.0,80.4,99.0,7291
2025-01-20T18:47:19.000000+00:00,238.8,50.3,237.6,50.3,229.0,50.3,4.8,1090.0,870.0,80.0,36.0,80.4,99.0,7773
2025-01-20T18:48:19.000000+00:00,237.9,50.3,237.9,50.3,228.9,50.3,4.9,1110.0,900.0,81.0,36.0,80.4,99.0,7383
2025-01-20T18:49:20.000000+00:00,238.8,50.3,238.8,50.3,229.0,50.3,4.8,1090.0,870.0,80.0,36.0,80.4,99.0,7383
2025-01-20T18:50:20.000000+00:00,238.5,50.3,238.5,50.3,229.0,50.3,4.7,1080.0,860.0,80.0,36.0,80.4,99.0,7773
2025-01-20T18:51:20.000000+00:00,239.1,50.3,239.1,50.3,229.0,50.3,4.7,1080.0,850.0,79.0,36.0,80.4,99.0,7673
2025-01-20T18:52:20.000000+00:00,239.8,50.3,239.8,50.3,229.0,50.3,4.8,1110.0,890.0,80.0,36.0,80.4,99.0,7673
2025-01-20T18:53:20.000000+00:00,239.4,50.3,239.4,50.3,229.0,50.3,4.8,1090.0,870.0,80.0,37.0,80.4,99.0,7673
2025-01-20T18:54:20.000000+00:00,241.2,50.3,240.6,50.3,229.0,50.3,4.8,1100.0,880.0,80.0,37.0,80.4,99.0,7673
2025-01-20T18:55:20.000000+00:00,239.9,50.3,239.9,50.3,228.9,50.3,4.8,1100.0,890.0,81.0,36.0,80.4,99.0,7673
2025-01-20T18:56:20.000000+00:00,240.9,50.3,240.9,50.3,229.0,50.3,4.8,1090.0,870.0,80.0,37.0,80.4,99.0,7673
2025-01-20T18:57:20.000000+00:00,235.8,50.3,236.8,50.3,228.9,50.3,4.8,1090.0,870.0,80.0,36.0,80.4,99.0,7673
2025-01-20T18:58:20.000000+00:00,236.7,50.3,236.6,50.3,228.9,50.3,4.8,1110.0,890.0,80.0,36.0,80.4,99.0,7673
2025-01-20T18:59:20.000000+00:00,236.5,50.3,237.3,50.3,228.9,50.3,4.8,1110.0,900.0,81.0,37.0,80.4,99.0,7673
2025-01-20T19:00:20.000000+00:00,237.3,50.4,237.3,50.4,229.0,50.4,4.7,1070.0,850.0,79.0,36.0,80.4,99.0,7673
2025-01-20T19:01:20.000000+00:00,237.6,50.3,237.6,50.4,229.0,50.3,4.7,1080.0,870.0,81.0,36.0,80.4,99.0,7673
2025-01-20T19:02:20.000000+00:00,237.5,50.3,238.5,50.3,228.9,50.3,4.7,1080.0,870.0,81.0,37.0,80.4,99.0,7673
2025-01-20T19:03:20.000000+00:00,238.1,50.4,238.6,50.4,228.9,50.4,4.7,1080.0,860.0,80.0,36.0,80.4,99.0,7673
2025-01-20T19:04:20.000000+00:00,238.1,50.3,239.3,50.3,229.0,50.3,4.8,1090.0,870.0,80.0,36.0,80.4,99.0,7877
2025-01-20T19:05:20.000000+00:00,238.7,50.4,238.2,50.4,228.9,50.4,4.8,1100.0,890.0,81.0,37.0,80.4,99.0,7478
2025-01-20T19:06:20.000000+00:00,239.4,50.3,238.8,50.3,228.9,50.3,4.8,1110.0,890.0,80.0,37.0,80.3,99.0,7478
2025-01-20T19:07:20.000000+00:00,239.9,50.3,238.9,50.3,229.0,50.3,4.7,1080.0,870.0,81.0,36.0,80.4,99.0,7877
2025-01-20T19:08:20.000000+00:00,239.8,50.4,239.8,50.4,229.0,50.4,4.8,1090.0,870.0,80.0,37.0,80.3,99.0,7478
2025-01-20T19:09:20.000000+00:00,240.3,50.3,240.3,50.3,229.0,50.3,4.8,1100.0,880.0,80.0,37.0,80.4,99.0,7877
2025-01-20T19:10:20.000000+00:00,239.3,50.3,239.3,50.3,228.9,50.3,4.7,1070.0,850.0,79.0,36.0,80.4,99.0,7877
2025-01-20T19:11:20.000000+00:00,240.2,50.4,240.7,50.3,228.9,50.3,4.7,1070.0,850.0,79.0,36.0,80.4,99.0,7877
2025-01-20T19:12:20.000000+00:00,241.0,50.3,240.0,50.3,228.9,50.3,4.8,1090.0,870.0,80.0,36.0,80.3,99.0,7877
2025-01-20T19:13:20.000000+00:00,240.4,50.3,240.4,50.3,229.0,50.3,4.8,1090.0,870.0,80.0,36.0,80.4,99.0,7673
2025-01-20T19:14:20.000000+00:00,237.2,50.3,237.2,50.3,229.0,50.3,4.8,1100.0,890.0,81.0,36.0,80.3,99.0,7673
2025-01-20T19:15:20.000000+00:00,237.6,50.4,237.6,50.4,228.9,50.4,4.7,1070.0,850.0,79.0,36.0,80.3,99.0,7673
2025-01-20T19:16:20.000000+00:00,238.0,50.4,238.0,50.4,228.9,50.4,4.7,1080.0,870.0,81.0,36.0,80.3,99.0,7673
2025-01-20T19:17:20.000000+00:00,238.0,50.4,237.9,50.4,228.9,50.4,4.7,1090.0,870.0,80.0,36.0,80.3,99.0,7673
2025-01-20T19:18:20.000000+00:00,238.7,50.2,238.5,50.2,228.9,50.2,4.8,1110.0,900.0,81.0,37.0,80.3,99.0,7673
2025-01-20T19:19:20.000000+00:00,239.1,50.3,239.6,50.3,229.0,50.3,4.8,1090.0,870.0,80.0,37.0,80.3,99.0,7673
2025-01-20T19:20:20.000000+00:00,239.9,50.4,239.3,50.4,228.9,50.4,4.7,1070.0,850.0,79.0,36.0,80.3,99.0,7877
2025-01-20T19:21:20.000000+00:00,239.4,50.2,239.4,50.2,229.0,50.2,4.7,1080.0,860.0,80.0,36.0,80.3,99.0,7478
2025-01-20T19:22:20.000000+00:00,239.7,50.3,239.7,50.3,228.9,50.2,4.8,1090.0,880.0,81.0,36.0,80.3,99.0,7877
2025-01-20T19:23:20.000000+00:00,239.7,50.3,239.7,50.3,228.9,50.3,4.8,1090.0,870.0,80.0,37.0,80.3,99.0,7478
2025-01-20T19:24:20.000000+00:00,239.4,50.3,238.9,50.3,228.9,50.3,4.8,1100.0,880.0,80.0,37.0,80.3,99.0,7478
2025-01-20T19:25:20.000000+00:00,239.8,50.3,239.8,50.3,228.9,50.3,4.7,1070.0,850.0,79.0,36.0,80.3,99.0,7478
2025-01-20T19:26:20.000000+00:00,241.1,50.3,241.1,50.3,228.9,50.3,4.8,1090.0,870.0,80.0,37.0,80.3,99.0,7478
2025-01-20T19:27:20.000000+00:00,240.9,50.3,240.9,50.3,229.0,50.3,4.7,1090.0,870.0,80.0,36.0,80.3,99.0,7478
2025-01-20T19:28:20.000000+00:00,240.7,50.3,240.7,50.3,228.9,50.3,4.8,1100.0,890.0,81.0,37.0,80.3,99.0,7478
2025-01-20T19:29:20.000000+00:00,241.3,50.3,240.3,50.3,229.0,50.3,4.8,1090.0,870.0,80.0,37.0,80.3,99.0,7478
2025-01-20T19:30:20.000000+00:00,241.0,50.3,242.1,50.3,229.0,50.3,4.7,1080.0,850.0,79.0,36.0,80.3,99.0,7478
2025-01-20T19:31:20.000000+00:00,241.9,50.4,241.4,50.4,229.0,50.3,4.7,1070.0,850.0,79.0,36.0,80.3,99.0,7877
2025-01-20T19:32:20.000000+00:00,238.1,50.3,238.1,50.3,229.0,50.3,4.8,1100.0,880.0,80.0,36.0,80.3,99.0,7773
2025-01-20T19:33:20.000000+00:00,237.3,50.3,237.3,50.3,228.9,50.3,4.7,1090.0,870.0,80.0,36.0,80.3,99.0,7291
2025-01-20T19:34:20.000000+00:00,238.0,50.3,238.8,50.3,229.0,50.3,4.8,1100.0,890.0,81.0,36.0,80.3,99.0,7673
2025-01-20T19:35:20.000000+00:00,238.8,50.3,238.5,50.3,228.9,50.3,4.7,1080.0,860.0,80.0,36.0,80.3,99.0,7773
2025-01-20T19:36:20.000000+00:00,237.4,50.3,237.4,50.3,228.9,50.3,4.8,1100.0,890.0,81.0,36.0,80.3,99.0,7383
2025-01-20T19:37:20.000000+00:00,238.2,50.3,238.2,50.3,228.9,50.3,4.7,1070.0,850.0,79.0,36.0,80.3,99.0,7773
2025-01-20T19:38:20.000000+00:00,238.7,50.3,238.2,50.3,228.9,50.3,4.7,1090.0,870.0,80.0,36.0,80.3,99.0,7383
2025-01-20T19:39:20.000000+00:00,238.5,50.2,237.6,50.2,228.9,50.2,4.8,1100.0,880.0,80.0,37.0,80.3,99.0,7383
2025-01-20T19:40:20.000000+00:00,238.9,50.2,238.9,50.2,228.9,50.2,4.7,1080.0,860.0,80.0,36.0,80.3,99.0,7773
2025-01-20T19:41:20.000000+00:00,238.8,50.3,238.9,50.3,228.9,50.3,4.8,1090.0,870.0,80.0,36.0,80.3,99.0,7673
2025-01-20T19:42:20.000000+00:00,238.9,50.3,238.9,50.3,229.0,50.3,4.7,1080.0,860.0,80.0,37.0,80.3,99.0,7673
2025-01-20T19:43:20.000000+00:00,238.9,50.3,238.9,50.3,228.9,50.3,4.8,1110.0,900.0,81.0,36.0,80.3,99.0,7291
2025-01-20T19:44:20.000000+00:00,240.1,50.3,240.1,50.3,228.9,50.3,4.8,1100.0,890.0,81.0,36.0,80.3,99.0,7773
2025-01-20T19:45:20.000000+00:00,238.8,50.3,239.4,50.3,229.0,50.3,4.8,1090.0,870.0,80.0,36.0,80.3,99.0,7383
2025-01-20T19:46:20.000000+00:00,239.8,50.3,239.6,50.3,229.0,50.3,4.8,1090.0,880.0,81.0,36.0,80.3,99.0,7383
2025-01-20T19:47:20.000000+00:00,239.4,50.3,239.4,50.3,228.9,50.3,4.8,1080.0,860.0,80.0,36.0,80.3,99.0,7773
2025-01-20T19:48:20.000000+00:00,239.6,50.3,239.6,50.3,229.0,50.3,4.8,1100.0,880.0,80.0,37.0,80.3,99.0,7383
2025-01-20T19:49:20.000000+00:00,240.1,50.3,240.1,50.3,228.9,50.3,4.8,1110.0,890.0,80.0,36.0,80.3,99.0,7773
2025-01-20T19:50:20.000000+00:00,240.4,50.2,240.9,50.2,229.0,50.2,4.7,1080.0,850.0,79.0,36.0,80.3,99.0,7773
2025-01-20T19:51:20.000000+00:00,240.8,50.3,240.8,50.3,229.0,50.2,4.7,1070.0,850.0,79.0,36.0,80.3,99.0,7673
2025-01-20T19:52:20.000000+00:00,240.2,50.1,240.2,50.1,229.0,50.1,4.8,1110.0,890.0,80.0,37.0,80.3,99.0,7673
2025-01-20T19:53:20.000000+00:00,240.3,50.1,240.2,50.1,228.9,50.1,4.8,1100.0,870.0,79.0,37.0,80.3,99.0,7574
2025-01-20T19:54:20.000000+00:00,240.6,50.1,240.6,50.1,229.0,50.1,4.8,1110.0,880.0,79.0,38.0,80.3,99.0,7201
2025-01-20T19:55:20.000000+00:00,240.8,50.2,239.9,50.2,228.9,50.2,4.8,1100.0,880.0,80.0,36.0,80.3,99.0,7574
2025-01-20T19:56:20.000000+00:00,239.9,50.1,239.9,50.1,228.9,50.1,4.9,1120.0,900.0,80.0,37.0,80.3,99.0,7574
2025-01-20T19:57:21.000000+00:00,239.9,50.1,239.9,50.1,228.9,50.1,4.8,1100.0,880.0,80.0,36.0,80.3,99.0,7574
2025-01-20T19:58:21.000000+00:00,240.3,50.2,240.3,50.2,228.9,50.2,4.8,1100.0,890.0,81.0,37.0,80.3,99.0,7574
2025-01-20T19:59:21.000000+00:00,241.8,50.2,241.8,50.2,228.9,50.2,4.8,1090.0,870.0,80.0,37.0,80.3,99.0,7574
2025-01-20T20:00:21.000000+00:00,241.6,50.3,241.5,50.3,228.9,50.3,4.7,1080.0,850.0,79.0,36.0,80.3,99.0,7574
2025-01-20T20:01:21.000000+00:00,241.6,50.3,242.6,50.3,229.0,50.3,4.7,1070.0,850.0,79.0,36.0,80.3,99.0,7574
2025-01-20T20:02:21.000000+00:00,238.5,50.3,238.5,50.3,228.9,50.3,4.8,1100.0,880.0,80.0,37.0,80.3,99.0,7574
2025-01-20T20:03:21.000000+00:00,238.6,50.3,238.6,50.3,228.9,50.3,4.7,1080.0,860.0,80.0,36.0,80.3,99.0,7574
2025-01-20T20:04:21.000000+00:00,238.1,50.1,238.1,50.1,228.9,50.1,4.8,1090.0,870.0,80.0,37.0,80.3,99.0,7574
2025-01-20T20:05:21.000000+00:00,238.2,50.3,238.6,50.3,228.9,50.3,4.7,1080.0,870.0,81.0,36.0,80.3,99.0,7574
2025-01-20T20:06:21.000000+00:00,239.5,50.2,239.5,50.2,228.9,50.3,4.8,1090.0,870.0,80.0,37.0,80.3,99.0,7574
2025-01-20T20:07:21.000000+00:00,239.0,50.2,239.0,50.2,229.0,50.2,4.8,1090.0,870.0,80.0,37.0,80.3,99.0,7574
2025-01-20T20:08:21.000000+00:00,238.7,50.2,239.4,50.2,229.0,50.2,4.8,1090.0,870.0,80.0,36.0,80.3,99.0,7574
2025-01-20T20:09:21.000000+00:00,239.5,50.2,239.5,50.2,228.9,50.2,4.9,1120.0,900.0,80.0,37.0,80.3,99.0,7574
2025-01-20T20:10:21.000000+00:00,238.5,50.2,238.5,50.2,228.9,50.2,4.7,1080.0,860.0,80.0,36.0,80.3,99.0,7574
2025-01-20T20:11:21.000000+00:00,238.9,50.3,238.9,50.2,228.9,50.2,4.8,1090.0,870.0,80.0,36.0,80.3,99.0,7574
2025-01-20T20:12:21.000000+00:00,239.7,50.3,239.8,50.3,228.9,50.3,4.8,1080.0,870.0,81.0,36.0,80.3,99.0,7574
2025-01-20T20:13:21.000000+00:00,239.9,50.2,239.8,50.2,228.9,50.2,4.8,1090.0,870.0,80.0,37.0,80.3,99.0,7574
2025-01-20T20:14:21.000000+00:00,240.1,50.3,240.1,50.3,229.0,50.3,4.7,1080.0,860.0,80.0,37.0,80.3,99.0,7574
2025-01-20T20:15:21.000000+00:00,240.0,50.3,240.0,50.3,228.9,50.3,4.7,1070.0,850.0,79.0,36.0,80.3,99.0,7574
2025-01-20T20:16:21.000000+00:00,239.8,50.3,239.3,50.3,228.9,50.3,4.8,1080.0,870.0,81.0,36.0,80.3,99.0,7574
2025-01-20T20:17:21.000000+00:00,240.4,50.3,240.4,50.3,228.9,50.3,4.8,1110.0,900.0,81.0,37.0,80.3,99.0,7574
2025-01-20T20:18:21.000000+00:00,239.8,50.3,240.4,50.3,229.0,50.3,4.8,1090.0,880.0,81.0,37.0,80.3,99.0,7574
2025-01-20T20:19:21.000000+00:00,241.2,50.3,240.3,50.3,229.0,50.3,4.8,1100.0,880.0,80.0,37.0,80.3,99.0,7574
2025-01-20T20:20:21.000000+00:00,240.4,50.4,240.4,50.4,228.9,50.4,4.7,1070.0,850.0,79.0,36.0,80.3,99.0,7673
2025-01-20T20:21:21.000000+00:00,240.6,50.3,240.6,50.3,229.0,50.3,4.8,1090.0,870.0,80.0,36.0,80.3,99.0,7673
2025-01-20T20:22:21.000000+00:00,240.9,50.3,240.4,50.3,229.0,50.3,4.7,1090.0,870.0,80.0,37.0,80.3,99.0,7673
2025-01-20T20:23:21.000000+00:00,241.5,50.4,241.1,50.4,228.9,50.4,4.8,1100.0,890.0,81.0,36.0,80.3,99.0,7673
2025-01-20T20:24:21.000000+00:00,241.2,50.3,241.2,50.3,229.0,50.3,4.8,1100.0,880.0,80.0,37.0,80.3,99.0,7673
2025-01-20T20:25:21.000000+00:00,240.2,50.3,239.7,50.3,228.9,50.3,4.8,1090.0,870.0,80.0,36.0,80.3,99.0,7773
2025-01-20T20:26:21.000000+00:00,239.5,50.3,240.0,50.3,229.0,50.3,4.7,1090.0,870.0,80.0,36.0,80.3,99.0,7383
2025-01-20T20:27:21.000000+00:00,240.9,50.4,240.9,50.4,228.9,50.4,4.7,1080.0,870.0,81.0,36.0,80.3,99.0,7383
2025-01-20T20:28:21.000000+00:00,241.4,50.4,241.4,50.4,229.0,50.4,4.8,1100.0,890.0,81.0,36.0,80.3,99.0,7383
2025-01-20T20:29:21.000000+00:00,240.9,50.3,241.9,50.3,228.9,50.3,4.8,1090.0,880.0,81.0,36.0,80.3,99.0,7773
2025-01-20T20:30:21.000000+00:00,241.9,50.3,241.9,50.3,229.0,50.3,4.7,1080.0,860.0,80.0,36.0,80.3,99.0,7673
2025-01-20T20:31:21.000000+00:00,242.1,50.4,242.1,50.4,228.9,50.4,4.7,1080.0,860.0,80.0,36.0,80.3,99.0,7673
2025-01-20T20:32:21.000000+00:00,242.6,50.4,242.6,50.4,228.9,50.4,4.8,1090.0,880.0,81.0,36.0,80.3,99.0,7673
2025-01-20T20:33:21.000000+00:00,238.7,50.3,239.6,50.3,229.0,50.3,4.8,1090.0,870.0,80.0,37.0,80.3,99.0,7673
2025-01-20T20:34:21.000000+00:00,238.6,50.3,238.1,50.3,228.9,50.3,4.8,1090.0,870.0,80.0,36.0,80.3,99.0,7673
2025-01-20T20:35:21.000000+00:00,238.3,50.2,238.3,50.2,228.9,50.2,4.8,1090.0,870.0,80.0,36.0,80.3,99.0,7773
2025-01-20T20:36:21.000000+00:00,239.2,50.2,238.2,50.2,229.0,50.2,4.8,1100.0,880.0,80.0,37.0,80.3,99.0,7383
2025-01-20T20:37:21.000000+00:00,237.9,50.2,238.9,50.2,229.0,50.2,4.8,1100.0,870.0,79.0,37.0,80.3,99.0,7291
2025-01-20T20:38:21.000000+00:00,237.5,50.2,238.6,50.2,228.9,50.2,4.8,1100.0,870.0,79.0,37.0,80.2,99.0,7291
2025-01-20T20:39:21.000000+00:00,237.9,50.1,237.8,50.1,228.9,50.1,4.9,1120.0,900.0,80.0,37.0,80.2,99.0,7773
2025-01-20T20:40:21.000000+00:00,237.9,50.1,237.9,50.1,228.9,50.1,4.7,1080.0,850.0,79.0,36.0,80.3,99.0,7773
2025-01-20T20:41:21.000000+00:00,238.3,50.1,238.3,50.1,228.9,50.1,4.8,1090.0,870.0,80.0,37.0,80.2,99.0,7773
2025-01-20T20:42:21.000000+00:00,238.4,50.1,237.8,50.1,229.0,50.1,4.8,1100.0,880.0,80.0,37.0,80.2,99.0,7673
2025-01-20T20:43:21.000000+00:00,239.1,50.1,238.6,50.1,228.9,50.1,4.9,1110.0,890.0,80.0,37.0,80.2,99.0,7291
2025-01-20T20:44:21.000000+00:00,240.0,50.2,240.0,50.2,228.9,50.2,4.8,1110.0,890.0,80.0,37.0,80.2,99.0,7383
2025-01-20T20:45:21.000000+00:00,238.9,50.1,238.9,50.1,228.9,50.1,4.8,1100.0,880.0,80.0,36.0,80.2,99.0,7773
2025-01-20T20:46:21.000000+00:00,238.8,50.0,238.8,50.0,229.0,50.0,4.8,1110.0,890.0,80.0,37.0,80.2,99.0,7291
2025-01-20T20:47:21.000000+00:00,238.3,50.0,238.3,50.0,228.9,50.0,4.9,1110.0,890.0,80.0,37.0,80.2,99.0,7773
2025-01-20T20:48:21.000000+00:00,239.3,50.1,238.9,50.1,228.9,50.1,4.8,1100.0,870.0,79.0,37.0,80.2,99.0,7383
2025-01-20T20:49:21.000000+00:00,239.4,50.1,239.4,50.1,228.9,50.1,4.8,1100.0,880.0,80.0,37.0,80.2,99.0,7201
2025-01-20T20:50:21.000000+00:00,238.8,50.0,238.8,50.0,228.9,50.0,4.7,1090.0,860.0,79.0,36.0,80.2,99.0,7574
2025-01-20T20:51:21.000000+00:00,238.9,50.1,238.9,50.1,228.9,50.1,4.7,1080.0,860.0,80.0,37.0,80.2,99.0,7574
2025-01-20T20:52:21.000000+00:00,239.3,50.1,239.3,50.1,228.9,50.1,4.9,1120.0,900.0,80.0,37.0,80.2,99.0,7574
2025-01-20T20:53:21.000000+00:00,239.0,50.1,239.1,50.1,228.9,50.1,4.8,1100.0,880.0,80.0,37.0,80.2,99.0,7574
2025-01-20T20:54:21.000000+00:00,238.7,50.1,238.7,50.1,228.9,50.1,4.9,1120.0,910.0,81.0,37.0,80.2,99.0,7201
2025-01-20T20:55:21.000000+00:00,238.5,50.1,238.5,50.1,228.9,50.1,4.8,1090.0,870.0,80.0,37.0,80.2,99.0,7574
2025-01-20T20:56:21.000000+00:00,238.8,50.2,237.8,50.2,228.9,50.2,4.8,1090.0,870.0,80.0,37.0,80.2,99.0,7574
2025-01-20T20:57:21.000000+00:00,237.9,50.2,237.4,50.2,228.9,50.2,4.7,1090.0,860.0,79.0,36.0,80.2,99.0,7574
2025-01-20T20:58:21.000000+00:00,237.6,50.1,237.6,50.1,228.9,50.1,4.9,1120.0,900.0,80.0,37.0,80.2,99.0,7574
2025-01-20T20:59:21.000000+00:00,237.9,50.1,237.9,50.1,229.0,50.1,4.8,1100.0,880.0,80.0,37.0,80.2,99.0,7574
2025-01-20T21:00:21.000000+00:00,237.8,50.2,238.2,50.2,228.9,50.2,4.7,1080.0,850.0,79.0,36.0,80.2,99.0,7673
2025-01-20T21:01:21.000000+00:00,238.2,50.1,238.1,50.1,228.9,50.1,4.8,1100.0,880.0,80.0,36.0,80.2,99.0,7673
2025-01-20T21:02:21.000000+00:00,237.8,50.1,238.2,50.1,229.0,50.1,4.8,1110.0,880.0,79.0,37.0,80.2,99.0,7673
2025-01-20T21:03:21.000000+00:00,238.4,50.1,238.5,50.1,228.9,50.1,4.9,1120.0,900.0,80.0,37.0,80.2,99.0,7478
2025-01-20T21:04:21.000000+00:00,239.3,50.2,239.3,50.2,229.0,50.2,4.8,1100.0,870.0,79.0,36.0,80.2,99.0,7478
2025-01-20T21:05:21.000000+00:00,239.8,50.3,239.8,50.3,228.9,50.3,4.8,1090.0,870.0,80.0,37.0,80.2,99.0,7478
2025-01-20T21:06:21.000000+00:00,239.9,50.3,239.9,50.3,228.9,50.3,4.8,1090.0,880.0,81.0,36.0,80.2,99.0,7478
2025-01-20T21:07:21.000000+00:00,239.7,50.3,239.6,50.3,228.9,50.3,4.7,1080.0,850.0,79.0,36.0,80.2,99.0,7478
2025-01-20T21:08:22.000000+00:00,239.2,50.2,238.7,50.2,228.9,50.2,4.8,1090.0,870.0,80.0,36.0,80.2,99.0,7478
2025-01-20T21:09:22.000000+00:00,238.9,50.2,239.4,50.2,228.9,50.2,4.8,1100.0,880.0,80.0,37.0,80.2,99.0,7478
2025-01-20T21:10:22.000000+00:00,238.8,50.1,238.9,50.1,228.9,50.1,4.7,1080.0,850.0,79.0,36.0,80.2,99.0,7478
2025-01-20T21:11:22.000000+00:00,239.3,50.3,239.3,50.3,228.9,50.3,4.7,1070.0,850.0,79.0,37.0,80.2,99.0,7877
2025-01-20T21:12:22.000000+00:00,239.4,50.2,239.4,50.2,228.9,50.2,4.8,1090.0,870.0,80.0,37.0,80.2,99.0,7478
2025-01-20T21:13:22.000000+00:00,238.5,50.1,238.5,50.1,228.9,50.1,4.9,1120.0,900.0,80.0,37.0,80.2,99.0,7478
2025-01-20T21:14:22.000000+00:00,238.8,50.1,239.1,50.1,228.9,50.1,4.9,1110.0,900.0,81.0,37.0,80.2,99.0,7478
2025-01-20T21:15:22.000000+00:00,239.3,50.1,239.3,50.1,229.0,50.1,4.8,1100.0,870.0,79.0,37.0,80.2,99.0,7478
2025-01-20T21:16:22.000000+00:00,239.7,50.0,238.8,50.1,228.9,50.1,4.8,1100.0,880.0,80.0,37.0,80.2,99.0,7478
2025-01-20T21:17:22.000000+00:00,239.2,50.1,239.2,50.1,229.0,50.1,4.8,1090.0,870.0,80.0,37.0,80.2,99.0,7478
2025-01-20T21:18:22.000000+00:00,239.1,50.1,239.1,50.1,228.9,50.1,4.8,1100.0,880.0,80.0,37.0,80.2,99.0,7478
2025-01-20T21:19:22.000000+00:00,239.2,50.1,239.2,50.1,228.9,50.1,4.9,1110.0,900.0,81.0,37.0,80.2,99.0,7478
2025-01-20T21:20:22.000000+00:00,239.9,50.2,239.9,50.3,228.9,50.2,4.7,1070.0,850.0,79.0,36.0,80.2,99.0,7478
2025-01-20T21:21:22.000000+00:00,240.9,50.2,240.8,50.2,228.9,50.2,4.8,1110.0,900.0,81.0,36.0,80.2,99.0,7478
2025-01-20T21:22:22.000000+00:00,239.9,50.1,239.5,50.1,228.9,50.1,4.8,1110.0,890.0,80.0,37.0,80.2,99.0,7478
2025-01-20T21:23:22.000000+00:00,239.5,50.1,239.5,50.1,229.0,50.2,4.8,1110.0,890.0,80.0,37.0,80.2,99.0,7478
2025-01-20T21:24:22.000000+00:00,240.2,50.1,240.3,50.1,228.9,50.1,4.8,1110.0,880.0,79.0,38.0,80.2,99.0,7478
2025-01-20T21:25:22.000000+00:00,240.3,50.2,240.3,50.2,229.0,50.2,4.8,1100.0,880.0,80.0,36.0,80.2,99.0,7478
2025-01-20T21:26:22.000000+00:00,240.3,50.3,240.4,50.3,228.9,50.3,4.8,1110.0,890.0,80.0,36.0,80.2,99.0,7478
2025-01-20T21:27:22.000000+00:00,241.6,50.3,240.5,50.3,228.9,50.3,4.8,1090.0,870.0,80.0,36.0,80.2,99.0,7478
2025-01-20T21:28:22.000000+00:00,240.8,50.3,240.8,50.3,229.0,50.3,4.8,1100.0,880.0,80.0,36.0,80.2,99.0,7478
2025-01-20T21:29:22.000000+00:00,241.4,50.3,241.4,50.3,228.9,50.3,4.8,1090.0,870.0,80.0,36.0,80.2,99.0,7478
2025-01-20T21:30:22.000000+00:00,240.9,50.3,241.3,50.3,228.9,50.3,4.7,1080.0,850.0,79.0,36.0,80.2,99.0,7478
2025-01-20T21:31:22.000000+00:00,241.1,50.3,241.2,50.3,229.0,50.3,4.8,1090.0,870.0,80.0,36.0,80.2,99.0,7478
2025-01-20T21:32:22.000000+00:00,242.2,50.3,242.2,50.3,228.9,50.3,4.9,1120.0,920.0,82.0,37.0,80.2,99.0,7877
2025-01-20T21:33:22.000000+00:00,241.5,50.3,241.5,50.3,229.0,50.2,4.8,1110.0,890.0,80.0,37.0,80.2,99.0,7478
2025-01-20T21:34:22.000000+00:00,241.7,50.3,241.3,50.3,229.0,50.3,4.8,1090.0,880.0,81.0,37.0,80.2,99.0,7478
2025-01-20T21:35:22.000000+00:00,240.9,50.2,240.9,50.2,228.9,50.2,4.8,1110.0,890.0,80.0,37.0,80.2,99.0,7478
2025-01-20T21:36:22.000000+00:00,241.6,50.3,241.8,50.3,228.9,50.3,4.8,1100.0,880.0,80.0,36.0,80.2,99.0,7478
2025-01-20T21:37:22.000000+00:00,241.9,50.3,241.9,50.3,229.0,50.3,4.7,1090.0,870.0,80.0,36.0,80.2,99.0,7877
2025-01-20T21:38:22.000000+00:00,241.4,50.3,240.5,50.3,229.0,50.3,4.8,1090.0,870.0,80.0,37.0,80.2,99.0,7478
2025-01-20T21:39:22.000000+00:00,241.9,50.3,241.9,50.3,229.0,50.3,4.8,1110.0,890.0,80.0,37.0,80.2,99.0,7478
2025-01-20T21:40:22.000000+00:00,241.5,50.3,241.9,50.3,229.0,50.3,4.7,1080.0,860.0,80.0,36.0,80.2,99.0,7478
2025-01-20T21:41:22.000000+00:00,241.6,50.4,241.6,50.4,229.0,50.4,4.8,1090.0,870.0,80.0,37.0,80.2,99.0,7877
2025-01-20T21:42:22.000000+00:00,242.1,50.3,241.2,50.3,229.0,50.3,4.8,1100.0,890.0,81.0,37.0,80.2,99.0,7877
2025-01-20T21:43:22.000000+00:00,242.3,50.4,242.2,50.4,229.0,50.4,4.8,1090.0,880.0,81.0,37.0,80.1,99.0,7478
2025-01-20T21:44:22.000000+00:00,242.6,50.3,242.6,50.3,229.0,50.3,4.8,1110.0,890.0,80.0,37.0,80.2,99.0,7877
2025-01-20T21:45:22.000000+00:00,242.5,50.3,242.5,50.3,228.9,50.3,4.8,1110.0,890.0,80.0,37.0,80.2,99.0,7478
2025-01-20T21:46:22.000000+00:00,243.0,50.3,241.8,50.3,229.0,50.3,4.8,1100.0,890.0,81.0,37.0,80.2,99.0,7478
2025-01-20T21:47:22.000000+00:00,242.9,50.3,242.8,50.3,229.0,50.3,4.8,1100.0,880.0,80.0,37.0,80.2,99.0,7383
2025-01-20T21:48:22.000000+00:00,242.1,50.3,242.1,50.3,229.0,50.3,4.7,1080.0,860.0,80.0,36.0,80.2,99.0,7383
2025-01-20T21:49:22.000000+00:00,242.9,50.3,242.9,50.3,229.0,50.3,4.7,1080.0,860.0,80.0,36.0,80.2,99.0,7773
2025-01-20T21:50:22.000000+00:00,242.6,50.3,242.6,50.3,229.0,50.3,4.7,1070.0,850.0,79.0,36.0,80.2,99.0,7877
2025-01-20T21:51:22.000000+00:00,242.7,50.3,242.7,50.3,228.9,50.3,4.8,1090.0,880.0,81.0,37.0,80.1,99.0,7773
2025-01-20T21:52:22.000000+00:00,243.1,50.2,243.1,50.2,229.0,50.2,4.8,1110.0,890.0,80.0,37.0,80.1,99.0,7383
2025-01-20T21:53:22.000000+00:00,242.3,50.2,243.2,50.2,228.9,50.2,4.9,1110.0,900.0,81.0,37.0,80.1,99.0,7383
2025-01-20T21:54:22.000000+00:00,242.2,50.2,242.2,50.2,229.0,50.2,4.8,1100.0,880.0,80.0,36.0,80.1,99.0,7773
2025-01-20T21:55:22.000000+00:00,242.3,50.1,242.3,50.1,229.0,50.1,4.8,1100.0,880.0,80.0,37.0,80.1,99.0,7673
2025-01-20T21:56:22.000000+00:00,241.9,50.2,241.9,50.2,229.0,50.2,4.8,1110.0,890.0,80.0,36.0,80.1,99.0,7673
2025-01-20T21:57:22.000000+00:00,242.9,50.2,242.0,50.2,229.0,50.2,4.8,1090.0,870.0,80.0,37.0,80.1,99.0,7291
2025-01-20T21:58:22.000000+00:00,242.2,50.1,242.2,50.1,229.0,50.1,4.8,1100.0,870.0,79.0,37.0,80.1,99.0,7291
2025-01-20T21:59:22.000000+00:00,242.8,50.1,242.1,50.1,229.0,50.1,4.8,1100.0,870.0,79.0,37.0,80.1,99.0,7773
2025-01-20T22:00:22.000000+00:00,241.9,50.1,242.4,50.1,229.0,50.1,4.7,1080.0,850.0,79.0,36.0,80.1,99.0,7773
2025-01-20T22:01:22.000000+00:00,242.4,50.1,242.4,50.1,228.9,50.1,4.8,1110.0,890.0,80.0,37.0,80.1,99.0,7773
2025-01-20T22:02:22.000000+00:00,242.4,50.0,242.2,50.1,229.0,50.1,4.9,1130.0,910.0,81.0,37.0,80.1,99.0,7773
2025-01-20T22:03:22.000000+00:00,241.7,50.1,242.1,50.1,228.9,50.1,4.9,1100.0,880.0,80.0,37.0,80.1,99.0,7574
2025-01-20T22:04:22.000000+00:00,242.4,50.1,242.4,50.1,229.0,50.1,4.8,1100.0,880.0,80.0,37.0,80.1,99.0,7574
2025-01-20T22:05:22.000000+00:00,242.2,50.1,242.7,50.1,229.0,50.1,4.8,1100.0,880.0,80.0,37.0,80.1,99.0,7478
2025-01-20T22:06:22.000000+00:00,242.1,50.1,242.1,50.1,229.0,50.1,4.8,1090.0,860.0,79.0,36.0,80.1,99.0,7478
2025-01-20T22:07:22.000000+00:00,243.0,50.2,242.0,50.2,229.0,50.2,4.8,1100.0,870.0,79.0,36.0,80.1,99.0,7478
2025-01-20T22:08:22.000000+00:00,242.7,50.2,242.3,50.2,229.0,50.2,4.8,1090.0,870.0,80.0,37.0,80.1,99.0,7478
2025-01-20T22:09:22.000000+00:00,242.5,50.2,243.4,50.2,228.9,50.2,4.8,1090.0,870.0,80.0,37.0,80.1,99.0,7478
2025-01-20T22:10:22.000000+00:00,243.4,50.2,243.4,50.2,229.0,50.2,4.7,1080.0,850.0,79.0,37.0,80.1,99.0,7478
2025-01-20T22:11:22.000000+00:00,243.6,50.2,243.0,50.2,229.0,50.2,4.8,1090.0,870.0,80.0,37.0,80.1,99.0,7478
2025-01-20T22:12:23.000000+00:00,243.8,50.2,242.8,50.2,229.0,50.2,4.8,1100.0,870.0,79.0,37.0,80.1,99.0,7478
2025-01-20T22:13:23.000000+00:00,243.9,50.2,243.9,50.1,228.9,50.2,4.8,1110.0,900.0,81.0,36.0,80.1,99.0,7478
2025-01-20T22:14:23.000000+00:00,244.3,50.2,244.1,50.2,229.0,50.2,4.8,1100.0,880.0,80.0,36.0,80.1,99.0,7478
2025-01-20T22:15:23.000000+00:00,243.8,50.2,242.7,50.2,229.0,50.2,4.9,1120.0,900.0,80.0,37.0,80.1,99.0,7478
2025-01-20T22:16:23.000000+00:00,243.5,50.2,242.7,50.2,228.9,50.2,4.9,1120.0,900.0,80.0,36.0,80.1,99.0,7478
2025-01-20T22:17:23.000000+00:00,243.1,50.0,242.1,50.1,229.0,50.0,4.8,1110.0,880.0,79.0,37.0,80.1,99.0,7478
2025-01-20T22:18:23.000000+00:00,242.7,50.0,242.7,50.0,228.9,50.0,4.8,1100.0,870.0,79.0,37.0,80.1,99.0,7478
2025-01-20T22:19:23.000000+00:00,242.9,50.0,242.9,50.0,228.9,50.0,4.8,1100.0,870.0,79.0,37.0,80.1,99.0,7478
2025-01-20T22:20:23.000000+00:00,242.6,50.0,242.6,50.0,229.0,50.0,4.7,1090.0,850.0,78.0,36.0,80.1,99.0,7478
2025-01-20T22:21:23.000000+00:00,242.8,50.1,242.8,50.1,229.0,50.1,4.8,1100.0,870.0,79.0,37.0,80.1,99.0,7478
2025-01-20T22:22:23.000000+00:00,242.8,50.1,242.9,50.1,228.9,50.1,4.8,1100.0,880.0,80.0,36.0,80.1,99.0,7478
2025-01-20T22:23:23.000000+00:00,242.6,50.2,242.6,50.2,228.9,50.2,4.9,1120.0,900.0,80.0,36.0,80.1,99.0,7478
2025-01-20T22:24:23.000000+00:00,242.4,50.1,243.5,50.1,229.0,50.1,4.8,1090.0,870.0,80.0,37.0,80.1,99.0,7478
2025-01-20T22:25:23.000000+00:00,242.5,50.0,243.4,50.0,229.0,50.0,4.8,1100.0,870.0,79.0,37.0,80.1,99.0,7478
2025-01-20T22:26:23.000000+00:00,243.2,50.0,243.5,50.0,229.0,50.0,4.8,1100.0,880.0,80.0,37.0,80.1,99.0,7478
2025-01-20T22:27:23.000000+00:00,242.6,50.1,243.5,50.1,229.0,50.1,4.8,1100.0,870.0,79.0,37.0,80.1,99.0,7478
2025-01-20T22:28:23.000000+00:00,243.3,50.1,243.3,50.1,229.0,50.1,4.8,1090.0,870.0,80.0,37.0,80.1,99.0,7478
2025-01-20T22:29:23.000000+00:00,243.1,50.1,243.1,50.1,229.0,50.1,4.8,1100.0,870.0,79.0,37.0,80.1,99.0,7478
2025-01-20T22:30:23.000000+00:00,243.6,50.2,242.8,50.2,228.9,50.2,4.7,1080.0,850.0,79.0,36.0,80.1,99.0,7478
2025-01-20T22:31:23.000000+00:00,242.5,50.1,242.7,50.1,229.0,50.1,4.8,1110.0,890.0,80.0,37.0,80.1,99.0,7478
2025-01-20T22:32:23.000000+00:00,242.4,50.1,243.0,50.1,228.9,50.1,4.9,1130.0,910.0,81.0,37.0,80.1,99.0,7478
2025-01-20T22:33:23.000000+00:00,242.1,50.1,242.6,50.1,229.0,50.1,4.8,1110.0,890.0,80.0,37.0,80.1,99.0,7478
2025-01-20T22:34:23.000000+00:00,243.1,50.1,243.2,50.1,229.0,50.1,4.8,1100.0,870.0,79.0,37.0,80.1,99.0,7478
2025-01-20T22:35:23.000000+00:00,244.2,50.2,243.8,50.2,228.9,50.2,4.8,1110.0,890.0,80.0,37.0,80.1,99.0,7478
2025-01-20T22:36:23.000000+00:00,244.3,50.2,244.3,50.2,228.9,50.2,4.9,1110.0,890.0,80.0,36.0,80.1,99.0,7478
2025-01-20T22:37:23.000000+00:00,243.2,50.2,243.9,50.2,228.9,50.2,4.9,1110.0,890.0,80.0,37.0,80.1,99.0,7478
2025-01-20T22:38:23.000000+00:00,244.7,50.3,244.7,50.3,229.0,50.3,4.8,1090.0,870.0,80.0,36.0,80.1,99.0,7478
2025-01-20T22:39:23.000000+00:00,240.3,50.3,240.4,50.3,228.9,50.3,4.8,1100.0,880.0,80.0,36.0,80.1,99.0,7478
2025-01-20T22:40:23.000000+00:00,239.7,50.2,240.1,50.2,228.9,50.2,4.7,1080.0,860.0,80.0,36.0,80.1,99.0,7478
2025-01-20T22:41:23.000000+00:00,240.0,50.3,240.6,50.3,229.0,50.3,4.8,1100.0,870.0,79.0,36.0,80.1,99.0,7478
2025-01-20T22:42:23.000000+00:00,240.3,50.3,240.3,50.3,228.9,50.3,4.8,1110.0,890.0,80.0,37.0,80.1,99.0,7478
2025-01-20T22:43:23.000000+00:00,240.1,50.3,240.2,50.3,228.9,50.3,4.8,1110.0,890.0,80.0,37.0,80.1,99.0,7478
2025-01-20T22:44:23.000000+00:00,240.4,50.2,240.8,50.2,228.9,50.2,4.8,1110.0,890.0,80.0,37.0,80.1,99.0,7478
2025-01-20T22:45:23.000000+00:00,240.3,50.2,240.4,50.2,228.9,50.2,4.8,1100.0,880.0,80.0,36.0,80.1,99.0,7478
2025-01-20T22:46:23.000000+00:00,240.7,50.3,240.2,50.3,229.0,50.3,4.8,1090.0,870.0,80.0,37.0,80.1,99.0,7478
2025-01-20T22:47:23.000000+00:00,239.9,50.2,239.9,50.2,228.9,50.2,4.9,1130.0,910.0,81.0,37.0,80.1,99.0,7478
2025-01-20T22:48:23.000000+00:00,241.4,50.3,241.4,50.3,228.9,50.3,4.8,1090.0,870.0,80.0,37.0,80.1,99.0,7478
2025-01-20T22:49:23.000000+00:00,240.5,50.2,240.5,50.2,229.0,50.2,4.8,1110.0,890.0,80.0,36.0,80.1,99.0,7478
2025-01-20T22:50:23.000000+00:00,241.4,50.3,241.4,50.3,229.0,50.3,4.7,1080.0,860.0,80.0,36.0,80.1,99.0,7877
2025-01-20T22:51:23.000000+00:00,241.0,50.2,241.0,50.2,228.9,50.2,4.9,1110.0,900.0,81.0,37.0,80.1,99.0,7773
2025-01-20T22:52:23.000000+00:00,241.1,50.2,241.7,50.2,228.9,50.2,4.8,1100.0,870.0,79.0,37.0,80.1,99.0,7383
2025-01-20T22:53:23.000000+00:00,240.8,50.2,241.6,50.2,228.9,50.2,4.9,1110.0,900.0,81.0,37.0,80.1,99.0,7383
2025-01-20T22:54:23.000000+00:00,241.7,50.2,241.4,50.2,228.9,50.2,4.9,1110.0,900.0,81.0,37.0,80.1,99.0,7383
2025-01-20T22:55:23.000000+00:00,242.6,50.3,242.6,50.3,229.0,50.3,4.8,1100.0,880.0,80.0,37.0,80.1,99.0,7383
2025-01-20T22:56:23.000000+00:00,242.5,50.2,242.4,50.2,229.0,50.2,4.8,1100.0,870.0,79.0,36.0,80.1,99.0,7383
2025-01-20T22:57:23.000000+00:00,242.6,50.2,241.7,50.2,229.0,50.2,4.8,1100.0,880.0,80.0,37.0,80.1,99.0,7773
2025-01-20T22:58:23.000000+00:00,242.5,50.4,242.5,50.4,229.0,50.4,4.7,1080.0,860.0,80.0,36.0,80.1,99.0,7383
2025-01-20T22:59:23.000000+00:00,243.4,50.3,242.3,50.3,229.0,50.3,4.7,1090.0,870.0,80.0,36.0,80.1,99.0,7383
2025-01-20T23:00:23.000000+00:00,243.4,50.3,242.3,50.3,229.0,50.3,4.8,1080.0,870.0,81.0,36.0,80.1,99.0,7773
2025-01-20T23:01:23.000000+00:00,243.2,50.3,243.1,50.3,229.0,50.3,4.8,1090.0,870.0,80.0,37.0,80.1,99.0,7773
2025-01-20T23:02:23.000000+00:00,242.9,50.1,242.9,50.1,228.9,50.1,4.9,1120.0,900.0,80.0,37.0,80.1,99.0,7673
2025-01-20T23:03:23.000000+00:00,243.0,50.1,243.0,50.1,229.0,50.1,4.8,1100.0,870.0,79.0,37.0,80.1,99.0,7291
2025-01-20T23:04:23.000000+00:00,242.3,50.1,242.3,50.1,229.0,50.1,4.8,1100.0,870.0,79.0,37.0,80.1,99.0,7673
2025-01-20T23:05:23.000000+00:00,242.7,50.3,242.7,50.3,229.0,50.3,4.8,1100.0,870.0,79.0,37.0,80.1,99.0,7291
2025-01-20T23:06:23.000000+00:00,243.0,50.3,243.0,50.3,228.9,50.2,4.8,1110.0,890.0,80.0,37.0,80.0,99.0,7291
2025-01-20T23:07:23.000000+00:00,242.7,50.1,242.8,50.1,229.0,50.1,4.8,1100.0,870.0,79.0,37.0,80.1,99.0,7673
2025-01-20T23:08:23.000000+00:00,242.8,50.1,242.6,50.1,229.0,50.1,4.8,1090.0,870.0,80.0,37.0,80.1,99.0,7673
2025-01-20T23:09:23.000000+00:00,242.1,50.1,243.1,50.1,229.0,50.1,4.8,1100.0,880.0,80.0,36.0,80.0,99.0,7383
2025-01-20T23:10:23.000000+00:00,242.2,50.2,242.1,50.2,229.0,50.2,4.8,1090.0,860.0,79.0,37.0,80.1,99.0,7773
2025-01-20T23:11:23.000000+00:00,242.7,50.2,243.2,50.2,229.0,50.2,4.8,1090.0,870.0,80.0,37.0,80.0,99.0,7673
2025-01-20T23:12:23.000000+00:00,242.6,50.2,242.2,50.2,229.0,50.2,4.8,1100.0,870.0,79.0,37.0,80.0,99.0,7773
2025-01-20T23:13:23.000000+00:00,242.3,50.2,242.3,50.2,229.0,50.2,4.8,1100.0,880.0,80.0,37.0,80.1,99.0,7383
2025-01-20T23:14:23.000000+00:00,242.8,50.2,242.8,50.2,229.0,50.2,4.8,1090.0,870.0,80.0,37.0,80.0,99.0,7291
2025-01-20T23:15:23.000000+00:00,242.6,50.2,242.6,50.2,228.9,50.2,4.9,1120.0,900.0,80.0,37.0,80.0,99.0,7673
2025-01-20T23:16:24.000000+00:00,242.7,50.3,242.7,50.3,229.0,50.3,4.8,1100.0,880.0,80.0,37.0,80.0,99.0,7673
2025-01-20T23:17:24.000000+00:00,242.3,50.2,242.3,50.2,229.0,50.2,4.8,1100.0,880.0,80.0,37.0,80.0,99.0,7673
2025-01-20T23:18:24.000000+00:00,242.6,50.1,242.1,50.1,229.0,50.1,4.8,1100.0,880.0,80.0,36.0,80.0,99.0,7291
2025-01-20T23:19:24.000000+00:00,242.1,50.1,243.0,50.1,229.0,50.1,4.8,1100.0,870.0,79.0,37.0,80.0,99.0,7383
2025-01-20T23:20:24.000000+00:00,242.8,50.1,242.9,50.1,229.0,50.1,4.7,1080.0,850.0,79.0,37.0,80.0,99.0,7773
2025-01-20T23:21:24.000000+00:00,242.6,50.1,242.6,50.1,228.9,50.1,4.8,1110.0,890.0,80.0,37.0,80.0,99.0,7773
2025-01-20T23:22:24.000000+00:00,241.8,50.1,241.8,50.1,228.9,50.1,4.9,1120.0,900.0,80.0,37.0,80.0,99.0,7291
2025-01-20T23:23:24.000000+00:00,242.1,50.1,242.4,50.1,229.0,50.1,4.8,1100.0,870.0,79.0,37.0,80.0,99.0,7291
2025-01-20T23:24:24.000000+00:00,243.5,50.2,243.5,50.2,229.0,50.2,4.7,1090.0,870.0,80.0,36.0,80.0,99.0,7773
2025-01-20T23:25:24.000000+00:00,242.4,50.1,242.8,50.1,229.0,50.1,4.8,1110.0,880.0,79.0,37.0,80.0,99.0,7383
2025-01-20T23:26:24.000000+00:00,242.4,50.2,242.4,50.2,228.9,50.2,4.8,1090.0,870.0,80.0,36.0,80.0,99.0,7478
2025-01-20T23:27:24.000000+00:00,243.1,50.2,243.1,50.2,228.9,50.2,4.8,1100.0,880.0,80.0,37.0,80.0,99.0,7478
2025-01-20T23:28:24.000000+00:00,243.6,50.3,243.6,50.3,229.0,50.3,4.7,1090.0,870.0,80.0,36.0,80.0,99.0,7478
2025-01-20T23:29:24.000000+00:00,242.5,50.3,242.5,50.2,229.0,50.3,4.8,1090.0,870.0,80.0,36.0,80.0,99.0,7478
2025-01-20T23:30:24.000000+00:00,242.4,50.3,242.5,50.3,228.9,50.2,4.9,1110.0,890.0,80.0,36.0,80.0,99.0,7478
2025-01-20T23:31:24.000000+00:00,242.8,50.3,243.3,50.3,229.0,50.3,4.8,1090.0,870.0,80.0,37.0,80.0,99.0,7478
2025-01-20T23:32:24.000000+00:00,243.2,50.2,242.8,50.2,229.0,50.2,4.8,1110.0,900.0,81.0,37.0,80.0,99.0,7478
2025-01-20T23:33:24.000000+00:00,242.7,50.3,243.6,50.3,229.0,50.3,4.8,1110.0,900.0,81.0,37.0,80.0,99.0,7478
2025-01-20T23:34:24.000000+00:00,243.1,50.3,243.1,50.3,229.0,50.2,4.8,1090.0,870.0,80.0,37.0,80.0,99.0,7478
2025-01-20T23:35:24.000000+00:00,243.0,50.3,242.7,50.3,228.9,50.3,4.8,1110.0,890.0,80.0,37.0,80.0,99.0,7478
2025-01-20T23:36:24.000000+00:00,242.9,50.1,242.9,50.1,229.0,50.2,4.8,1110.0,890.0,80.0,36.0,80.0,99.0,7478
2025-01-20T23:37:24.000000+00:00,242.9,50.1,242.9,50.1,229.0,50.1,4.8,1100.0,880.0,80.0,36.0,80.0,99.0,7478
2025-01-20T23:38:24.000000+00:00,243.2,50.2,243.6,50.2,228.9,50.2,4.8,1100.0,880.0,80.0,36.0,80.0,99.0,7478
2025-01-20T23:39:24.000000+00:00,243.3,50.1,243.3,50.1,229.0,50.1,4.8,1100.0,880.0,80.0,36.0,80.0,99.0,7478
2025-01-20T23:40:24.000000+00:00,242.7,50.2,242.7,50.2,229.0,50.2,4.7,1080.0,850.0,79.0,37.0,80.0,99.0,7478
2025-01-20T23:41:24.000000+00:00,243.3,50.1,243.1,50.1,228.9,50.1,4.8,1110.0,890.0,80.0,37.0,80.0,99.0,7478
2025-01-20T23:42:24.000000+00:00,242.7,50.1,242.9,50.1,229.0,50.1,4.8,1100.0,880.0,80.0,37.0,80.0,99.0,7478
2025-01-20T23:43:24.000000+00:00,244.1,50.3,244.1,50.3,229.0,50.3,4.8,1100.0,890.0,81.0,37.0,80.0,99.0,7478
2025-01-20T23:44:24.000000+00:00,243.7,50.2,243.3,50.2,228.9,50.2,4.9,1110.0,890.0,80.0,36.0,80.0,99.0,7478
2025-01-20T23:45:24.000000+00:00,243.2,50.2,242.8,50.2,228.9,50.2,4.9,1110.0,900.0,81.0,37.0,80.0,99.0,7478
2025-01-20T23:46:24.000000+00:00,242.8,50.2,242.1,50.2,228.9,50.2,4.8,1100.0,870.0,79.0,37.0,80.0,99.0,7478
2025-01-20T23:47:24.000000+00:00,243.4,50.2,242.4,50.2,228.9,50.2,4.9,1120.0,910.0,81.0,36.0,80.0,99.0,7478
2025-01-20T23:48:24.000000+00:00,242.6,50.2,243.1,50.2,229.0,50.2,4.8,1090.0,870.0,80.0,36.0,80.0,99.0,7478
2025-01-20T23:49:24.000000+00:00,243.0,50.2,242.1,50.2,229.0,50.2,4.8,1090.0,870.0,80.0,36.0,80.0,99.0,7478
2025-01-20T23:50:24.000000+00:00,243.3,50.3,242.8,50.3,229.0,50.3,4.7,1070.0,850.0,79.0,36.0,80.0,99.0,7877
2025-01-20T23:51:24.000000+00:00,243.4,50.2,242.9,50.2,229.0,50.2,4.8,1100.0,880.0,80.0,37.0,80.0,99.0,7773
2025-01-20T23:52:24.000000+00:00,242.6,50.3,242.6,50.3,228.9,50.3,4.8,1100.0,890.0,81.0,36.0,80.0,99.0,7291
2025-01-20T23:53:24.000000+00:00,243.2,50.1,242.7,50.1,229.0,50.1,4.8,1100.0,880.0,80.0,37.0,80.0,99.0,7291
2025-01-20T23:54:24.000000+00:00,243.2,50.2,243.2,50.2,228.9,50.2,4.8,1100.0,890.0,81.0,37.0,80.0,99.0,7383
2025-01-20T23:55:24.000000+00:00,243.1,50.3,243.1,50.3,229.0,50.3,4.8,1100.0,880.0,80.0,37.0,80.0,99.0,7383
2025-01-20T23:56:24.000000+00:00,243.0,50.3,243.0,50.3,228.9,50.3,4.8,1100.0,890.0,81.0,36.0,80.0,99.0,7383
2025-01-20T23:57:24.000000+00:00,243.5,50.3,243.4,50.3,229.0,50.3,4.8,1090.0,870.0,80.0,36.0,80.0,99.0,7773
2025-01-20T23:58:24.000000+00:00,243.0,50.2,242.6,50.2,228.9,50.2,4.8,1090.0,880.0,81.0,36.0,80.0,99.0,7383
2025-01-20T23:59:24.000000+00:00,243.8,50.2,243.8,50.2,229.0,50.2,4.8,1090.0,870.0,80.0,37.0,80.0,99.0,7383
2025-01-21T00:00:24.000000+00:00,242.8,50.2,243.3,50.2,228.9,50.2,4.7,1080.0,860.0,80.0,36.0,80.0,99.0,7773
2025-01-21T00:01:24.000000+00:00,242.1,50.2,243.0,50.2,228.9,50.2,4.8,1100.0,880.0,80.0,37.0,80.0,99.0,7773
2025-01-21T00:02:24.000000+00:00,242.6,50.2,242.6,50.2,228.9,50.2,4.8,1110.0,900.0,81.0,37.0,80.0,99.0,7383
2025-01-21T00:03:24.000000+00:00,242.3,50.1,242.4,50.1,228.9,50.1,4.8,1100.0,880.0,80.0,37.0,80.0,99.0,7383
2025-01-21T00:04:24.000000+00:00,242.6,50.2,243.1,50.2,228.9,50.2,4.8,1110.0,890.0,80.0,37.0,80.0,99.0,7773
2025-01-21T00:05:24.000000+00:00,241.7,50.2,242.3,50.2,228.9,50.2,4.9,1110.0,900.0,81.0,37.0,80.0,99.0,7383
2025-01-21T00:06:24.000000+00:00,242.4,50.2,241.8,50.2,229.0,50.1,4.9,1120.0,890.0,79.0,36.0,80.0,99.0,7383
2025-01-21T00:07:24.000000+00:00,243.1,50.2,243.1,50.2,229.0,50.2,4.8,1090.0,880.0,81.0,36.0,80.0,99.0,7773
2025-01-21T00:08:24.000000+00:00,243.1,50.3,243.2,50.3,229.0,50.3,4.8,1090.0,870.0,80.0,36.0,80.0,99.0,7574
2025-01-21T00:09:24.000000+00:00,242.3,50.2,242.3,50.2,228.9,50.2,4.8,1100.0,890.0,81.0,36.0,80.0,99.0,7383
2025-01-21T00:10:24.000000+00:00,243.2,50.2,243.2,50.2,229.0,50.2,4.7,1080.0,860.0,80.0,37.0,80.0,99.0,7773
2025-01-21T00:11:24.000000+00:00,243.2,50.2,243.6,50.2,228.9,50.2,4.8,1110.0,890.0,80.0,37.0,80.0,99.0,7773
2025-01-21T00:12:24.000000+00:00,242.6,50.1,242.6,50.1,228.9,50.1,4.8,1100.0,890.0,81.0,37.0,80.0,99.0,7383
2025-01-21T00:13:25.000000+00:00,242.1,50.2,243.1,50.2,228.9,50.2,4.9,1110.0,900.0,81.0,36.0,80.0,99.0,7383
2025-01-21T00:14:25.000000+00:00,242.0,50.1,241.8,50.1,229.0,50.1,4.8,1110.0,890.0,80.0,37.0,80.0,99.0,7773
2025-01-21T00:15:25.000000+00:00,242.6,50.1,242.6,50.1,228.9,50.1,4.8,1100.0,870.0,79.0,37.0,80.0,99.0,7383
2025-01-21T00:16:25.000000+00:00,242.3,50.1,242.3,50.1,229.0,50.1,4.9,1110.0,890.0,80.0,36.0,80.0,99.0,7383
2025-01-21T00:17:25.000000+00:00,242.5,50.1,242.1,50.1,229.0,50.1,4.9,1110.0,900.0,81.0,37.0,80.0,99.0,7773
2025-01-21T00:18:25.000000+00:00,242.9,50.1,242.9,50.1,229.0,50.1,4.8,1100.0,880.0,80.0,37.0,80.0,99.0,7574
2025-01-21T00:19:25.000000+00:00,241.9,50.1,241.9,50.1,229.0,50.1,4.8,1090.0,870.0,80.0,37.0,80.0,99.0,7574
2025-01-21T00:20:25.000000+00:00,242.0,50.1,242.0,50.1,228.9,50.1,4.8,1100.0,880.0,80.0,37.0,80.0,99.0,7574
2025-01-21T00:21:25.000000+00:00,242.8,50.1,242.6,50.1,229.0,50.1,4.8,1100.0,880.0,80.0,37.0,80.0,99.0,7574
2025-01-21T00:22:25.000000+00:00,242.8,50.1,242.4,50.1,229.0,50.1,4.9,1120.0,900.0,80.0,36.0,80.0,99.0,7574
2025-01-21T00:23:25.000000+00:00,242.5,50.1,242.8,50.2,229.0,50.1,4.8,1110.0,890.0,80.0,37.0,80.0,99.0,7574
2025-01-21T00:24:25.000000+00:00,241.9,50.1,241.9,50.1,228.9,50.1,4.9,1130.0,910.0,81.0,37.0,80.0,99.0,7574
2025-01-21T00:25:25.000000+00:00,242.1,50.1,242.1,50.1,229.0,50.1,4.8,1100.0,870.0,79.0,37.0,80.0,99.0,7574
2025-01-21T00:26:25.000000+00:00,242.6,50.2,242.6,50.2,228.9,50.2,4.8,1110.0,890.0,80.0,37.0,80.0,99.0,7574
2025-01-21T00:27:25.000000+00:00,242.8,50.2,242.7,50.2,229.0,50.2,4.8,1090.0,870.0,80.0,36.0,80.0,99.0,7574
2025-01-21T00:28:25.000000+00:00,242.4,50.3,242.4,50.3,229.0,50.3,4.8,1090.0,870.0,80.0,36.0,80.0,99.0,7574
2025-01-21T00:29:25.000000+00:00,243.3,50.3,243.7,50.3,229.0,50.3,4.7,1080.0,870.0,81.0,36.0,80.0,99.0,7574
2025-01-21T00:30:25.000000+00:00,243.3,50.3,242.9,50.3,229.0,50.3,4.7,1070.0,850.0,79.0,36.0,80.0,99.0,7673
2025-01-21T00:31:25.000000+00:00,243.0,50.3,243.4,50.3,229.0,50.3,4.7,1090.0,870.0,80.0,37.0,80.0,99.0,7673
2025-01-21T00:32:25.000000+00:00,243.0,50.3,243.0,50.3,229.0,50.3,4.8,1090.0,870.0,80.0,37.0,80.0,99.0,7291
2025-01-21T00:33:25.000000+00:00,242.9,50.3,243.0,50.3,228.9,50.3,4.9,1110.0,900.0,81.0,36.0,80.0,99.0,7673
2025-01-21T00:34:25.000000+00:00,243.6,50.3,244.3,50.3,228.9,50.3,4.8,1100.0,890.0,81.0,37.0,80.0,99.0,7773
2025-01-21T00:35:25.000000+00:00,243.8,50.4,243.8,50.4,229.0,50.4,4.7,1090.0,870.0,80.0,36.0,80.0,99.0,7673
2025-01-21T00:36:25.000000+00:00,243.8,50.4,243.6,50.4,229.0,50.3,4.8,1090.0,870.0,80.0,37.0,80.0,99.0,7673
2025-01-21T00:37:25.000000+00:00,244.0,50.3,244.0,50.3,228.9,50.3,4.7,1080.0,850.0,79.0,36.0,80.0,99.0,7673
2025-01-21T00:38:25.000000+00:00,240.4,50.3,240.8,50.3,228.9,50.3,4.7,1080.0,870.0,81.0,36.0,80.0,99.0,7673
2025-01-21T00:39:25.000000+00:00,240.0,50.4,239.8,50.4,228.9,50.4,4.8,1110.0,890.0,80.0,36.0,80.0,99.0,7291
2025-01-21T00:40:25.000000+00:00,239.9,50.4,239.9,50.4,228.9,50.4,4.8,1090.0,880.0,81.0,36.0,80.0,99.0,7773
2025-01-21T00:41:25.000000+00:00,240.1,50.4,239.7,50.4,228.9,50.4,4.8,1100.0,890.0,81.0,37.0,79.9,99.0,7773
2025-01-21T00:42:25.000000+00:00,239.2,50.3,239.2,50.3,228.9,50.3,4.8,1110.0,890.0,80.0,37.0,80.0,99.0,7383
2025-01-21T00:43:25.000000+00:00,240.3,50.3,240.3,50.3,229.0,50.3,4.8,1090.0,870.0,80.0,37.0,80.0,99.0,7383
2025-01-21T00:44:25.000000+00:00,240.7,50.4,240.7,50.4,228.9,50.4,4.8,1090.0,880.0,81.0,36.0,80.0,99.0,7383
2025-01-21T00:45:25.000000+00:00,239.3,50.3,239.3,50.3,228.9,50.3,4.8,1090.0,880.0,81.0,36.0,79.9,99.0,7383
2025-01-21T00:46:25.000000+00:00,239.2,50.3,239.7,50.3,228.9,50.3,4.8,1090.0,870.0,80.0,36.0,80.0,99.0,7383
2025-01-21T00:47:25.000000+00:00,239.5,50.3,240.4,50.3,228.9,50.3,4.8,1100.0,880.0,80.0,36.0,80.0,99.0,7773
2025-01-21T00:48:25.000000+00:00,240.1,50.2,239.5,50.2,228.9,50.2,4.8,1090.0,870.0,80.0,36.0,80.0,99.0,7383
2025-01-21T00:49:25.000000+00:00,239.4,50.2,239.4,50.2,228.9,50.2,4.8,1090.0,870.0,80.0,36.0,80.0,99.0,7383
2025-01-21T00:50:25.000000+00:00,240.1,50.3,240.1,50.3,228.9,50.3,4.8,1090.0,870.0,80.0,36.0,79.9,99.0,7773
2025-01-21T00:51:25.000000+00:00,240.3,50.3,239.9,50.3,228.9,50.3,4.8,1100.0,880.0,80.0,36.0,79.9,99.0,7773
2025-01-21T00:52:25.000000+00:00,239.0,50.2,239.0,50.2,229.0,50.2,4.8,1100.0,880.0,80.0,36.0,80.0,99.0,7291
2025-01-21T00:53:25.000000+00:00,240.0,50.2,240.0,50.2,228.9,50.2,4.8,1100.0,880.0,80.0,37.0,80.0,99.0,7291
2025-01-21T00:54:25.000000+00:00,239.3,50.2,239.3,50.2,229.0,50.2,4.8,1100.0,880.0,80.0,36.0,79.9,99.0,7201
2025-01-21T00:55:25.000000+00:00,239.5,50.2,238.5,50.2,228.9,50.2,4.8,1110.0,860.0,81.0,36.0,79.9,99.0,7574
2025-01-21T00:56:25.000000+00:00,239.5,50.3,239.4,50.3,228.9,50.3,4.8,1090.0,870.0,80.0,36.0,79.9,99.0,7291
2025-01-21T00:57:25.000000+00:00,240.5,50.3,240.0,50.3,228.9,50.3,4.8,1090.0,870.0,80.0,36.0,80.0,99.0,7574
2025-01-21T00:58:25.000000+00:00,238.8,50.3,238.8,50.3,229.0,50.3,4.8,1090.0,870.0,80.0,36.0,79.9,99.0,7574
2025-01-21T00:59:25.000000+00:00,239.3,50.2,239.3,50.2,228.9,50.2,4.8,1090.0,870.0,80.0,36.0,79.9,99.0,7574
2025-01-21T01:00:25.000000+00:00,239.3,50.3,239.3,50.3,228.9,50.3,4.8,1090.0,870.0,80.0,36.0,79.9,99.0,7574
2025-01-21T01:01:25.000000+00:00,238.9,50.3,238.9,50.3,228.9,50.3,4.8,1090.0,870.0,80.0,37.0,79.9,99.0,7574
2025-01-21T01:02:25.000000+00:00,239.2,50.3,239.2,50.3,228.9,50.3,4.8,1100.0,880.0,80.0,37.0,79.9,99.0,7574
2025-01-21T01:03:25.000000+00:00,240.1,50.3,239.6,50.3,229.0,50.3,4.8,1100.0,880.0,80.0,37.0,79.9,99.0,7574
2025-01-21T01:04:25.000000+00:00,239.8,50.2,239.3,50.2,228.9,50.2,4.8,1100.0,880.0,80.0,37.0,79.9,99.0,7574
2025-01-21T01:05:25.000000+00:00,238.6,50.3,238.6,50.3,228.9,50.3,4.8,1110.0,900.0,81.0,37.0,79.9,99.0,7574
2025-01-21T01:06:25.000000+00:00,238.9,50.3,238.9,50.3,228.9,50.3,4.8,1100.0,890.0,81.0,36.0,79.9,99.0,7574
2025-01-21T01:07:25.000000+00:00,239.3,50.2,238.9,50.2,228.9,50.2,4.8,1090.0,870.0,80.0,37.0,79.9,99.0,7574
2025-01-21T01:08:25.000000+00:00,239.3,50.2,239.3,50.2,228.9,50.2,4.7,1090.0,860.0,79.0,36.0,79.9,99.0,7574
2025-01-21T01:09:25.000000+00:00,239.8,50.3,239.8,50.3,228.9,50.3,4.8,1090.0,870.0,80.0,36.0,79.9,99.0,7574
2025-01-21T01:10:25.000000+00:00,240.2,50.3,239.3,50.3,228.9,50.3,4.9,1120.0,910.0,81.0,37.0,79.9,99.0,7574
2025-01-21T01:11:25.000000+00:00,238.9,50.3,239.4,50.3,228.9,50.3,4.8,1110.0,900.0,81.0,37.0,79.9,99.0,7574
2025-01-21T01:12:26.000000+00:00,239.4,50.3,239.4,50.3,229.0,50.3,4.8,1100.0,880.0,80.0,37.0,79.9,99.0,7574
2025-01-21T01:13:26.000000+00:00,239.7,50.3,239.7,50.3,228.9,50.3,4.8,1110.0,900.0,81.0,36.0,79.9,99.0,7574
2025-01-21T01:14:26.000000+00:00,239.9,50.3,240.2,50.3,229.0,50.3,4.8,1090.0,870.0,80.0,37.0,79.9,99.0,7574
2025-01-21T01:15:26.000000+00:00,239.2,50.3,239.2,50.3,228.9,50.3,4.8,1110.0,890.0,80.0,37.0,79.9,99.0,7291
2025-01-21T01:16:26.000000+00:00,239.7,50.3,239.7,50.3,229.0,50.3,4.8,1090.0,870.0,80.0,36.0,79.9,99.0,7291
2025-01-21T01:17:26.000000+00:00,239.3,50.3,239.3,50.3,228.9,50.3,4.7,1080.0,870.0,81.0,37.0,79.9,99.0,7291
2025-01-21T01:18:26.000000+00:00,239.3,50.4,239.3,50.4,228.9,50.4,4.8,1090.0,870.0,80.0,36.0,79.9,99.0,7673
2025-01-21T01:19:26.000000+00:00,240.3,50.4,240.8,50.4,228.9,50.4,4.7,1080.0,870.0,81.0,36.0,79.9,99.0,7383
2025-01-21T01:20:26.000000+00:00,240.1,50.4,240.1,50.4,228.9,50.4,4.7,1070.0,850.0,79.0,37.0,79.9,99.0,7773
2025-01-21T01:21:26.000000+00:00,240.5,50.4,240.5,50.4,228.9,50.4,4.8,1090.0,870.0,80.0,36.0,79.9,99.0,7773
2025-01-21T01:22:26.000000+00:00,239.5,50.4,239.3,50.4,228.9,50.4,4.8,1100.0,880.0,80.0,36.0,79.9,99.0,7383
2025-01-21T01:23:26.000000+00:00,238.8,50.2,239.5,50.2,228.9,50.2,4.8,1100.0,880.0,80.0,37.0,79.9,99.0,7383
2025-01-21T01:24:26.000000+00:00,238.7,50.1,238.5,50.1,228.9,50.1,4.9,1110.0,890.0,80.0,37.0,79.9,99.0,7773
2025-01-21T01:25:26.000000+00:00,238.5,50.1,238.5,50.1,228.9,50.1,4.8,1110.0,890.0,80.0,37.0,79.9,99.0,7383
2025-01-21T01:26:26.000000+00:00,238.1,50.1,238.1,50.1,228.9,50.1,4.8,1100.0,870.0,79.0,37.0,79.9,99.0,7383
2025-01-21T01:27:26.000000+00:00,238.0,50.1,238.0,50.1,228.9,50.1,4.8,1100.0,870.0,79.0,36.0,79.9,99.0,7291
2025-01-21T01:28:26.000000+00:00,237.6,50.2,237.6,50.2,228.9,50.2,4.8,1100.0,880.0,80.0,36.0,79.9,99.0,7291
2025-01-21T01:29:26.000000+00:00,239.2,50.2,238.2,50.2,228.9,50.2,4.8,1090.0,870.0,80.0,37.0,79.9,99.0,7383
2025-01-21T01:30:26.000000+00:00,239.3,50.3,239.3,50.3,228.9,50.3,4.8,1090.0,870.0,80.0,36.0,79.9,99.0,7773
2025-01-21T01:31:26.000000+00:00,239.5,50.3,239.5,50.3,229.0,50.3,4.8,1090.0,870.0,80.0,37.0,79.9,99.0,7773
2025-01-21T01:32:26.000000+00:00,238.9,50.3,239.0,50.3,228.9,50.3,4.8,1100.0,880.0,80.0,37.0,79.9,99.0,7383
2025-01-21T01:33:26.000000+00:00,239.3,50.3,239.2,50.3,229.0,50.3,4.8,1090.0,870.0,80.0,37.0,79.9,99.0,7383
2025-01-21T01:34:26.000000+00:00,239.0,50.2,239.5,50.2,228.9,50.2,4.7,1080.0,860.0,80.0,36.0,79.9,99.0,7773
2025-01-21T01:35:26.000000+00:00,238.8,50.2,239.3,50.2,228.9,50.2,4.8,1090.0,870.0,80.0,37.0,79.9,99.0,7383
2025-01-21T01:36:26.000000+00:00,239.3,50.3,239.3,50.3,228.9,50.3,4.7,1080.0,860.0,80.0,36.0,79.9,99.0,7773
2025-01-21T01:37:26.000000+00:00,238.9,50.3,238.9,50.3,228.9,50.3,4.8,1090.0,870.0,80.0,36.0,79.9,99.0,7383
2025-01-21T01:38:26.000000+00:00,238.9,50.2,237.9,50.2,228.9,50.2,4.8,1090.0,870.0,80.0,36.0,79.9,99.0,7383
2025-01-21T01:39:26.000000+00:00,238.3,50.2,238.7,50.2,228.9,50.2,4.7,1080.0,850.0,79.0,36.0,79.9,99.0,7383
2025-01-21T01:40:26.000000+00:00,237.8,50.1,237.8,50.1,229.0,50.1,4.8,1110.0,880.0,79.0,37.0,79.9,99.0,7673
2025-01-21T01:41:26.000000+00:00,238.5,50.2,238.5,50.2,228.9,50.2,4.9,1110.0,900.0,81.0,37.0,79.9,99.0,7574
2025-01-21T01:42:26.000000+00:00,238.0,50.2,238.0,50.2,229.0,50.2,4.8,1090.0,870.0,80.0,37.0,79.9,99.0,7574
2025-01-21T01:43:26.000000+00:00,237.3,50.0,237.0,50.0,228.9,50.0,4.9,1110.0,890.0,80.0,37.0,79.9,99.0,7574
2025-01-21T01:44:26.000000+00:00,237.0,50.1,236.7,50.1,228.9,50.1,4.8,1100.0,870.0,79.0,36.0,79.9,99.0,7574
2025-01-21T01:45:26.000000+00:00,237.1,50.0,237.1,50.0,228.9,50.0,4.9,1120.0,890.0,79.0,37.0,79.9,99.0,7574
2025-01-21T01:46:26.000000+00:00,236.1,50.0,236.7,50.0,228.9,50.0,4.8,1100.0,870.0,79.0,37.0,79.9,99.0,7574
2025-01-21T01:47:26.000000+00:00,236.4,50.1,237.0,50.1,228.9,50.1,4.8,1100.0,880.0,80.0,37.0,79.9,99.0,7201
2025-01-21T01:48:26.000000+00:00,236.9,50.0,236.9,50.0,228.9,50.1,4.8,1110.0,880.0,80.0,37.0,79.9,99.0,7574
2025-01-21T01:49:26.000000+00:00,236.7,50.1,236.6,50.1,228.9,50.1,4.7,1080.0,860.0,80.0,36.0,79.9,99.0,7574
2025-01-21T01:50:26.000000+00:00,236.4,50.0,236.3,50.0,228.9,50.0,4.9,1120.0,900.0,80.0,37.0,79.9,99.0,7574
2025-01-21T01:51:26.000000+00:00,236.6,50.1,237.2,50.1,228.9,50.1,4.8,1110.0,880.0,79.0,37.0,79.9,99.0,7574
2025-01-21T01:52:26.000000+00:00,236.3,50.0,236.3,50.0,228.9,50.0,4.8,1110.0,880.0,79.0,37.0,79.9,99.0,7574
2025-01-21T01:53:26.000000+00:00,240.1,49.9,239.6,49.9,228.9,49.9,4.9,1120.0,890.0,79.0,37.0,79.9,99.0,7574
2025-01-21T01:54:26.000000+00:00,239.5,49.9,239.5,49.9,229.0,49.9,4.9,1110.0,880.0,79.0,37.0,79.9,99.0,7201
2025-01-21T01:55:26.000000+00:00,239.9,50.1,239.9,50.1,228.9,50.1,4.8,1110.0,880.0,79.0,37.0,79.9,99.0,7574
2025-01-21T01:56:26.000000+00:00,240.1,50.1,240.1,50.1,228.9,50.1,4.8,1100.0,870.0,79.0,37.0,79.9,99.0,7574
2025-01-21T01:57:26.000000+00:00,240.1,50.1,240.1,50.1,228.9,50.1,4.8,1100.0,880.0,80.0,37.0,79.9,99.0,7574
2025-01-21T01:58:26.000000+00:00,239.5,50.1,239.5,50.1,228.9,50.1,4.8,1100.0,870.0,79.0,37.0,79.9,99.0,7574
2025-01-21T01:59:26.000000+00:00,240.2,50.3,240.2,50.3,228.9,50.3,4.8,1090.0,870.0,80.0,36.0,79.9,99.0,7574
2025-01-21T02:00:26.000000+00:00,241.2,50.3,241.4,50.3,228.9,50.3,4.8,1110.0,900.0,81.0,36.0,79.9,99.0,7574
2025-01-21T02:01:26.000000+00:00,240.4,50.3,240.4,50.3,228.9,50.3,4.8,1110.0,890.0,80.0,37.0,79.9,99.0,7574
2025-01-21T02:02:26.000000+00:00,240.2,50.3,240.1,50.3,228.9,50.3,4.8,1100.0,890.0,81.0,37.0,79.9,99.0,7574
2025-01-21T02:03:26.000000+00:00,239.2,50.2,239.6,50.2,228.9,50.2,4.8,1110.0,890.0,80.0,36.0,79.9,99.0,7574
2025-01-21T02:04:26.000000+00:00,239.3,50.3,239.3,50.3,228.9,50.3,4.8,1090.0,870.0,80.0,36.0,79.9,99.0,7201
2025-01-21T02:05:26.000000+00:00,239.8,50.2,239.3,50.2,228.9,50.2,4.8,1090.0,880.0,81.0,36.0,79.9,99.0,7574
2025-01-21T02:06:27.000000+00:00,237.4,50.0,237.4,50.0,228.9,50.0,4.8,1100.0,880.0,80.0,37.0,79.9,99.0,7574
2025-01-21T02:07:27.000000+00:00,237.7,50.1,237.6,50.1,228.9,50.1,4.8,1100.0,870.0,79.0,37.0,79.9,99.0,7574
2025-01-21T02:08:27.000000+00:00,237.5,50.1,237.5,50.1,228.9,50.1,4.8,1100.0,870.0,79.0,37.0,79.9,99.0,7574
2025-01-21T02:09:27.000000+00:00,236.9,50.0,236.4,50.0,228.9,50.0,4.8,1100.0,870.0,79.0,37.0,79.9,99.0,7201
2025-01-21T02:10:27.000000+00:00,236.6,50.2,236.6,50.2,228.9,50.2,4.8,1100.0,880.0,80.0,37.0,79.9,99.0,7574
2025-01-21T02:11:27.000000+00:00,236.6,50.0,236.6,50.0,228.9,50.0,4.9,1120.0,900.0,80.0,37.0,79.9,99.0,7574
2025-01-21T02:12:27.000000+00:00,236.2,50.1,236.2,50.1,228.9,50.1,4.8,1100.0,870.0,79.0,37.0,79.9,99.0,7574
2025-01-21T02:13:27.000000+00:00,240.2,50.0,238.6,50.0,228.9,50.0,4.9,1120.0,900.0,80.0,37.0,79.9,99.0,7574
2025-01-21T02:14:27.000000+00:00,239.5,50.1,239.4,50.1,228.9,50.1,4.8,1100.0,870.0,79.0,37.0,79.9,99.0,7574
2025-01-21T02:15:27.000000+00:00,238.3,49.9,238.0,49.9,228.9,49.9,4.8,1100.0,870.0,79.0,37.0,79.9,99.0,7574
2025-01-21T02:16:27.000000+00:00,238.9,49.9,238.0,49.9,228.9,49.9,4.8,1100.0,870.0,79.0,37.0,79.9,99.0,7574
2025-01-21T02:17:27.000000+00:00,237.9,49.9,237.5,49.9,228.9,49.9,4.9,1110.0,890.0,80.0,37.0,79.9,99.0,7201
2025-01-21T02:18:27.000000+00:00,238.2,50.0,238.2,50.0,228.9,50.0,4.8,1100.0,870.0,79.0,37.0,79.9,99.0,7574
2025-01-21T02:19:27.000000+00:00,240.2,50.1,240.2,50.1,228.9,50.1,4.7,1080.0,860.0,80.0,37.0,79.9,99.0,7574
2025-01-21T02:20:27.000000+00:00,240.5,50.1,240.8,50.1,229.0,50.1,4.8,1110.0,890.0,80.0,37.0,79.9,99.0,7574
2025-01-21T02:21:27.000000+00:00,240.2,50.2,241.2,50.2,228.9,50.2,4.8,1100.0,870.0,79.0,37.0,79.9,99.0,7574
2025-01-21T02:22:27.000000+00:00,240.0,50.3,240.0,50.3,228.9,50.3,4.8,1100.0,890.0,81.0,36.0,79.9,99.0,7574
2025-01-21T02:23:27.000000+00:00,239.2,50.3,239.2,50.3,228.9,50.3,4.8,1090.0,880.0,80.0,36.0,79.9,99.0,7574
2025-01-21T02:24:27.000000+00:00,239.7,50.4,239.7,50.4,228.9,50.4,4.7,1080.0,870.0,81.0,36.0,79.9,99.0,7201
2025-01-21T02:25:27.000000+00:00,240.2,50.3,239.8,50.3,228.9,50.3,4.8,1100.0,890.0,81.0,36.0,79.9,99.0,7574
2025-01-21T02:26:27.000000+00:00,239.1,50.4,239.6,50.4,228.9,50.4,4.7,1090.0,870.0,80.0,36.0,79.9,99.0,7574
2025-01-21T02:27:27.000000+00:00,240.1,50.3,239.3,50.3,228.9,50.3,4.8,1090.0,870.0,80.0,36.0,79.9,99.0,7574
2025-01-21T02:28:27.000000+00:00,239.0,50.3,239.0,50.3,228.9,50.3,4.8,1090.0,870.0,80.0,36.0,79.9,99.0,7574
2025-01-21T02:29:27.000000+00:00,239.2,50.2,239.2,50.2,228.9,50.2,4.8,1090.0,870.0,80.0,36.0,79.9,99.0,7574
2025-01-21T02:30:27.000000+00:00,238.0,50.2,239.0,50.2,228.9,50.2,4.8,1100.0,880.0,80.0,37.0,79.9,99.0,7574
2025-01-21T02:31:27.000000+00:00,238.6,50.2,238.6,50.2,228.9,50.2,4.8,1100.0,880.0,80.0,37.0,79.9,99.0,7574
2025-01-21T02:32:27.000000+00:00,238.5,50.2,238.5,50.2,228.9,50.2,4.8,1110.0,900.0,81.0,37.0,79.9,99.0,7201
2025-01-21T02:33:27.000000+00:00,236.9,50.1,237.4,50.1,228.9,50.1,4.8,1110.0,880.0,79.0,37.0,79.9,99.0,7574
2025-01-21T02:34:27.000000+00:00,237.0,50.1,236.2,50.1,228.9,50.1,4.8,1110.0,890.0,80.0,37.0,79.9,99.0,7574
2025-01-21T02:35:27.000000+00:00,236.0,50.0,236.0,50.0,228.9,50.0,4.9,1120.0,900.0,80.0,37.0,79.9,99.0,7291
2025-01-21T02:36:27.000000+00:00,236.0,50.1,236.0,50.1,228.9,50.1,4.8,1100.0,870.0,79.0,37.0,79.9,99.0,7291
2025-01-21T02:37:27.000000+00:00,234.4,50.0,234.5,50.0,228.9,50.0,4.8,1100.0,870.0,79.0,37.0,79.9,99.0,7291
2025-01-21T02:38:27.000000+00:00,238.3,50.1,238.3,50.1,228.9,50.1,4.8,1100.0,880.0,80.0,36.0,79.9,99.0,7291
2025-01-21T02:39:27.000000+00:00,237.9,50.1,237.9,50.1,228.9,50.1,4.8,1090.0,860.0,79.0,36.0,79.9,99.0,7673
2025-01-21T02:40:27.000000+00:00,237.4,50.1,237.4,50.1,228.9,50.1,4.9,1110.0,890.0,80.0,37.0,79.9,99.0,7773
2025-01-21T02:41:27.000000+00:00,237.8,49.9,238.6,49.9,228.9,49.9,4.9,1120.0,880.0,79.0,37.0,79.9,99.0,7291
2025-01-21T02:42:27.000000+00:00,237.9,49.9,238.5,49.9,228.9,49.9,4.9,1120.0,900.0,80.0,37.0,79.8,99.0,7291
2025-01-21T02:43:27.000000+00:00,239.0,50.1,238.5,50.1,228.9,50.1,4.8,1100.0,880.0,80.0,37.0,79.9,99.0,7291
2025-01-21T02:44:27.000000+00:00,238.7,50.1,238.7,50.1,228.9,50.1,4.8,1100.0,870.0,79.0,37.0,79.8,99.0,7383
2025-01-21T02:45:27.000000+00:00,238.2,50.1,238.2,50.1,228.9,50.1,4.8,1100.0,880.0,80.0,37.0,79.9,99.0,7383
2025-01-21T02:46:27.000000+00:00,238.9,50.2,238.9,50.2,228.9,50.2,4.8,1090.0,870.0,80.0,36.0,79.8,99.0,7383
2025-01-21T02:47:27.000000+00:00,239.2,50.2,238.3,50.2,228.9,50.2,4.8,1100.0,880.0,80.0,37.0,79.8,99.0,7383
2025-01-21T02:48:27.000000+00:00,238.1,50.1,238.1,50.1,228.9,50.2,4.8,1100.0,870.0,79.0,37.0,79.8,99.0,7383
2025-01-21T02:49:27.000000+00:00,238.2,50.1,238.3,50.1,228.9,50.1,4.8,1100.0,870.0,79.0,37.0,79.8,99.0,7383
2025-01-21T02:50:27.000000+00:00,237.8,50.1,238.1,50.1,228.9,50.1,4.8,1110.0,890.0,80.0,36.0,79.8,99.0,7773
2025-01-21T02:51:27.000000+00:00,237.3,50.1,236.8,50.1,228.9,50.1,4.8,1100.0,880.0,80.0,37.0,79.8,99.0,7773
2025-01-21T02:52:27.000000+00:00,237.2,50.1,237.2,50.1,228.9,50.1,4.8,1110.0,890.0,80.0,37.0,79.8,99.0,7383
2025-01-21T02:53:27.000000+00:00,237.5,50.2,237.5,50.2,228.9,50.2,4.8,1110.0,880.0,79.0,36.0,79.8,99.0,7383
2025-01-21T02:54:27.000000+00:00,237.9,50.2,237.4,50.2,228.9,50.2,4.8,1090.0,870.0,80.0,36.0,79.8,99.0,7383
2025-01-21T02:55:27.000000+00:00,236.9,50.1,236.9,50.1,228.9,50.1,4.8,1100.0,880.0,80.0,37.0,79.8,99.0,7383
2025-01-21T02:56:27.000000+00:00,236.9,50.2,236.9,50.2,228.9,50.2,4.8,1090.0,870.0,80.0,36.0,79.8,99.0,7383
2025-01-21T02:57:27.000000+00:00,236.8,50.2,237.8,50.2,228.9,50.2,4.8,1100.0,880.0,80.0,36.0,79.8,99.0,7383
2025-01-21T02:58:27.000000+00:00,237.1,50.3,237.1,50.3,228.9,50.3,4.8,1090.0,880.0,81.0,36.0,79.8,99.0,7383
2025-01-21T02:59:27.000000+00:00,236.7,50.2,236.7,50.2,228.9,50.2,4.8,1090.0,870.0,80.0,36.0,79.8,99.0,7383
2025-01-21T03:00:27.000000+00:00,237.1,50.2,236.6,50.2,229.0,50.2,4.8,1090.0,870.0,80.0,36.0,79.8,99.0,7773
2025-01-21T03:01:27.000000+00:00,237.0,50.2,237.0,50.2,228.9,50.2,4.8,1100.0,880.0,80.0,36.0,79.8,99.0,7383
2025-01-21T03:02:27.000000+00:00,236.8,50.2,237.3,50.2,228.9,50.2,4.9,1120.0,910.0,81.0,36.0,79.8,99.0,7201
2025-01-21T03:03:27.000000+00:00,236.0,50.1,236.0,50.1,228.9,50.1,4.9,1130.0,910.0,81.0,38.0,79.8,99.0,7574
2025-01-21T03:04:27.000000+00:00,234.4,50.0,234.9,50.0,228.9,50.0,4.9,1110.0,890.0,80.0,37.0,79.8,99.0,7574
2025-01-21T03:05:27.000000+00:00,235.4,50.1,234.8,50.1,228.9,50.1,4.8,1100.0,870.0,79.0,37.0,79.8,99.0,7574
2025-01-21T03:06:27.000000+00:00,233.8,50.1,233.9,50.1,228.9,50.1,4.8,1100.0,880.0,80.0,37.0,79.8,99.0,7574
2025-01-21T03:07:27.000000+00:00,238.2,50.0,238.2,50.0,228.9,50.0,4.9,1120.0,900.0,80.0,37.0,79.8,99.0,7574
2025-01-21T03:08:27.000000+00:00,238.1,50.0,238.0,50.0,228.9,50.0,4.8,1100.0,870.0,79.0,37.0,79.8,99.0,7574
2025-01-21T03:09:27.000000+00:00,236.8,50.0,237.3,50.0,228.9,50.0,4.7,1090.0,860.0,79.0,36.0,79.8,99.0,7574
2025-01-21T03:10:27.000000+00:00,236.3,50.0,236.3,50.0,228.9,50.0,4.9,1110.0,890.0,80.0,37.0,79.8,99.0,7574
2025-01-21T03:11:27.000000+00:00,237.0,50.1,236.9,50.1,228.9,50.1,4.9,1120.0,900.0,80.0,37.0,79.8,99.0,7574
2025-01-21T03:12:27.000000+00:00,236.3,50.1,236.7,50.1,228.9,50.1,4.8,1100.0,880.0,79.0,37.0,79.8,99.0,7478
2025-01-21T03:13:27.000000+00:00,236.6,50.2,236.6,50.2,228.9,50.2,4.8,1100.0,880.0,80.0,37.0,79.8,99.0,7478
2025-01-21T03:14:27.000000+00:00,236.0,50.1,236.0,50.1,228.9,50.1,4.8,1100.0,870.0,79.0,36.0,79.8,99.0,7478
2025-01-21T03:15:27.000000+00:00,235.9,50.1,235.9,50.1,228.9,50.1,4.8,1090.0,870.0,80.0,37.0,79.8,99.0,7478
2025-01-21T03:16:28.000000+00:00,235.7,50.1,235.7,50.1,228.9,50.1,4.8,1100.0,870.0,79.0,37.0,79.8,99.0,7478
2025-01-21T03:17:28.000000+00:00,235.5,50.0,235.8,50.0,228.9,50.0,4.8,1110.0,880.0,79.0,37.0,79.8,99.0,7478
2025-01-21T03:18:28.000000+00:00,236.1,50.2,236.1,50.2,228.9,50.2,4.8,1090.0,870.0,80.0,37.0,79.8,99.0,7478
2025-01-21T03:19:28.000000+00:00,235.9,50.3,235.9,50.2,228.9,50.2,4.8,1090.0,870.0,80.0,37.0,79.8,99.0,7478
2025-01-21T03:20:28.000000+00:00,235.2,50.3,235.2,50.3,228.9,50.3,4.8,1090.0,870.0,80.0,37.0,79.8,99.0,7478
2025-01-21T03:21:28.000000+00:00,235.0,50.1,235.0,50.1,228.9,50.1,4.9,1120.0,900.0,80.0,37.0,79.8,99.0,7478
2025-01-21T03:22:28.000000+00:00,235.4,50.2,234.8,50.1,228.9,50.2,4.8,1100.0,880.0,80.0,37.0,79.8,99.0,7478
2025-01-21T03:23:28.000000+00:00,235.0,50.2,235.3,50.2,228.9,50.2,4.8,1110.0,890.0,80.0,36.0,79.8,99.0,7478
2025-01-21T03:24:28.000000+00:00,235.8,50.3,235.8,50.3,228.9,50.3,4.7,1080.0,860.0,80.0,36.0,79.8,99.0,7478
2025-01-21T03:25:28.000000+00:00,236.0,50.3,235.2,50.3,228.9,50.3,4.8,1090.0,870.0,80.0,36.0,79.8,99.0,7478
2025-01-21T03:26:28.000000+00:00,235.6,50.2,235.6,50.2,228.9,50.2,4.8,1090.0,870.0,80.0,36.0,79.8,99.0,7478
2025-01-21T03:27:28.000000+00:00,235.1,50.3,236.1,50.3,228.9,50.3,4.7,1080.0,870.0,81.0,36.0,79.8,99.0,7478
2025-01-21T03:28:28.000000+00:00,235.3,50.2,234.8,50.2,228.9,50.2,4.8,1090.0,870.0,80.0,36.0,79.8,99.0,7478
2025-01-21T03:29:28.000000+00:00,235.4,50.2,235.3,50.3,228.9,50.3,4.7,1080.0,860.0,80.0,36.0,79.8,99.0,7478
2025-01-21T03:30:28.000000+00:00,235.9,50.3,235.9,50.3,228.9,50.4,4.8,1110.0,900.0,81.0,37.0,79.8,99.0,7478
2025-01-21T03:31:28.000000+00:00,234.6,50.2,235.2,50.2,228.9,50.2,4.8,1100.0,880.0,80.0,37.0,79.8,99.0,7478
2025-01-21T03:32:28.000000+00:00,234.4,50.3,234.8,50.3,228.9,50.3,4.9,1120.0,910.0,81.0,37.0,79.8,99.0,7478
2025-01-21T03:33:28.000000+00:00,235.1,50.3,235.0,50.3,228.9,50.3,4.8,1100.0,880.0,80.0,37.0,79.8,99.0,7478
2025-01-21T03:34:28.000000+00:00,234.9,50.2,234.5,50.2,228.9,50.2,4.8,1090.0,870.0,80.0,37.0,79.8,99.0,7478
2025-01-21T03:35:28.000000+00:00,234.0,50.2,234.0,50.2,228.9,50.2,4.8,1090.0,870.0,80.0,37.0,79.8,99.0,7478
2025-01-21T03:36:28.000000+00:00,234.3,50.3,234.3,50.3,228.9,50.3,4.8,1090.0,880.0,81.0,36.0,79.8,99.0,7478
2025-01-21T03:37:28.000000+00:00,233.7,50.3,234.2,50.3,228.9,50.3,4.8,1090.0,880.0,81.0,36.0,79.8,99.0,7478
2025-01-21T03:38:28.000000+00:00,234.3,50.2,234.3,50.2,228.9,50.2,4.8,1100.0,880.0,80.0,36.0,79.8,99.0,7478
2025-01-21T03:39:28.000000+00:00,233.7,50.2,233.7,50.2,228.9,50.2,4.7,1080.0,850.0,79.0,36.0,79.8,99.0,7478
2025-01-21T03:40:28.000000+00:00,233.4,50.2,233.2,50.2,228.9,50.2,4.8,1110.0,900.0,81.0,37.0,79.8,99.0,7478
2025-01-21T03:41:28.000000+00:00,233.2,50.2,232.2,50.2,228.9,50.2,4.8,1110.0,890.0,80.0,37.0,79.8,99.0,7478
2025-01-21T03:42:28.000000+00:00,236.8,50.3,236.8,50.3,228.9,50.3,4.8,1110.0,890.0,80.0,37.0,79.8,99.0,7478
2025-01-21T03:43:28.000000+00:00,236.8,50.3,236.8,50.3,228.9,50.3,4.8,1100.0,890.0,81.0,36.0,79.8,99.0,7478
2025-01-21T03:44:28.000000+00:00,237.8,50.2,237.8,50.2,228.9,50.2,4.8,1090.0,870.0,80.0,36.0,79.8,99.0,7478
2025-01-21T03:45:28.000000+00:00,237.1,50.2,237.1,50.2,228.9,50.2,4.8,1090.0,870.0,80.0,36.0,79.8,99.0,7478
2025-01-21T03:46:28.000000+00:00,237.5,50.2,237.5,50.2,228.9,50.2,4.8,1100.0,880.0,80.0,36.0,79.8,99.0,7478
2025-01-21T03:47:28.000000+00:00,237.7,50.3,237.6,50.3,228.9,50.3,4.8,1100.0,890.0,81.0,36.0,79.8,99.0,7478
2025-01-21T03:48:28.000000+00:00,238.2,50.2,237.3,50.2,228.9,50.2,4.8,1100.0,890.0,81.0,37.0,79.8,99.0,7478
2025-01-21T03:49:28.000000+00:00,237.2,50.2,237.6,50.2,228.9,50.2,4.9,1110.0,900.0,81.0,36.0,79.8,99.0,7478
2025-01-21T03:50:28.000000+00:00,236.9,50.2,237.8,50.2,228.9,50.2,4.8,1100.0,880.0,80.0,37.0,79.8,99.0,7478
2025-01-21T03:51:28.000000+00:00,237.3,50.3,237.3,50.3,229.0,50.3,4.8,1090.0,870.0,80.0,36.0,79.8,99.0,7478
2025-01-21T03:52:28.000000+00:00,237.3,50.2,236.6,50.2,228.9,50.2,4.8,1110.0,890.0,80.0,37.0,79.8,99.0,7478
2025-01-21T03:53:28.000000+00:00,237.2,50.2,237.5,50.2,228.9,50.2,4.8,1100.0,880.0,80.0,36.0,79.8,99.0,7478
2025-01-21T03:54:28.000000+00:00,237.8,50.3,237.6,50.3,228.9,50.3,4.8,1090.0,870.0,80.0,36.0,79.8,99.0,7478
2025-01-21T03:55:28.000000+00:00,237.2,50.3,237.3,50.3,228.9,50.3,4.8,1100.0,890.0,81.0,37.0,79.8,99.0,7478
2025-01-21T03:56:28.000000+00:00,237.1,50.3,236.9,50.3,228.9,50.3,4.8,1110.0,900.0,81.0,36.0,79.8,99.0,7478
2025-01-21T03:57:28.000000+00:00,236.3,50.3,236.7,50.3,228.9,50.3,4.8,1090.0,880.0,81.0,36.0,79.8,99.0,7478
2025-01-21T03:58:28.000000+00:00,237.0,50.3,237.0,50.3,228.9,50.3,4.8,1090.0,870.0,80.0,36.0,79.8,99.0,7478
2025-01-21T03:59:28.000000+00:00,237.0,50.3,236.1,50.3,228.9,50.3,4.8,1090.0,870.0,80.0,36.0,79.8,99.0,7478
2025-01-21T04:00:28.000000+00:00,236.7,50.3,236.7,50.3,228.9,50.3,4.8,1100.0,890.0,81.0,37.0,79.8,99.0,7478
2025-01-21T04:01:28.000000+00:00,236.7,50.2,236.6,50.2,228.9,50.3,4.8,1100.0,890.0,81.0,37.0,79.8,99.0,7478
2025-01-21T04:02:28.000000+00:00,236.4,50.3,235.9,50.3,229.0,50.3,4.8,1090.0,870.0,80.0,37.0,79.8,99.0,7478
2025-01-21T04:03:28.000000+00:00,236.3,50.2,236.3,50.2,228.9,50.3,4.8,1110.0,890.0,80.0,37.0,79.8,99.0,7478
2025-01-21T04:04:28.000000+00:00,236.6,50.2,236.5,50.2,228.9,50.2,4.8,1100.0,880.0,80.0,36.0,79.8,99.0,7478
2025-01-21T04:05:28.000000+00:00,235.9,50.2,235.4,50.2,228.9,50.2,4.8,1090.0,870.0,80.0,36.0,79.8,99.0,7478
2025-01-21T04:06:28.000000+00:00,235.7,50.2,234.8,50.2,228.9,50.2,4.8,1090.0,870.0,80.0,37.0,79.8,99.0,7478
2025-01-21T04:07:28.000000+00:00,235.2,50.3,236.1,50.3,228.9,50.3,4.8,1090.0,870.0,80.0,37.0,79.8,99.0,7478
2025-01-21T04:08:28.000000+00:00,236.6,50.3,236.6,50.3,228.9,50.3,4.8,1090.0,870.0,80.0,36.0,79.8,99.0,7478
2025-01-21T04:09:28.000000+00:00,235.7,50.3,235.3,50.3,228.9,50.3,4.7,1090.0,870.0,80.0,36.0,79.8,99.0,7478
2025-01-21T04:10:28.000000+00:00,235.6,50.3,235.5,50.3,228.9,50.3,4.8,1100.0,880.0,80.0,37.0,79.8,99.0,7478
2025-01-21T04:11:28.000000+00:00,235.4,50.3,235.4,50.3,228.9,50.3,4.8,1110.0,890.0,80.0,37.0,79.8,99.0,7478
2025-01-21T04:12:28.000000+00:00,234.8,50.3,234.8,50.3,228.9,50.3,4.9,1110.0,900.0,81.0,37.0,79.8,99.0,7478
2025-01-21T04:13:28.000000+00:00,234.2,50.2,234.2,50.2,228.9,50.2,4.8,1100.0,870.0,79.0,37.0,79.8,99.0,7478
2025-01-21T04:14:28.000000+00:00,234.0,50.1,234.1,50.1,228.9,50.1,4.8,1090.0,860.0,79.0,36.0,79.8,99.0,7478
2025-01-21T04:15:28.000000+00:00,234.8,50.3,235.8,50.3,228.9,50.3,4.8,1090.0,870.0,80.0,36.0,79.8,99.0,7478
2025-01-21T04:16:28.000000+00:00,234.7,50.3,234.7,50.3,228.9,50.2,4.7,1080.0,850.0,79.0,36.0,79.8,99.0,7478
2025-01-21T04:17:28.000000+00:00,234.8,50.2,234.9,50.2,228.9,50.2,4.8,1090.0,870.0,80.0,37.0,79.8,99.0,7478
2025-01-21T04:18:28.000000+00:00,235.2,50.4,235.2,50.4,228.9,50.4,4.8,1100.0,890.0,81.0,36.0,79.8,99.0,7478
2025-01-21T04:19:29.000000+00:00,233.7,49.6,233.3,49.6,228.9,50.1,4.8,1100.0,870.0,79.0,37.0,79.8,99.0,7478
2025-01-21T04:20:29.000000+00:00,234.3,50.4,234.3,50.4,228.9,50.4,4.8,1090.0,880.0,81.0,37.0,79.8,99.0,7478
2025-01-21T04:21:29.000000+00:00,234.9,50.4,234.9,50.4,228.9,50.4,4.8,1100.0,890.0,81.0,37.0,79.8,99.0,7478
2025-01-21T04:22:29.000000+00:00,235.1,50.3,234.5,50.3,228.9,50.4,4.8,1110.0,890.0,80.0,37.0,79.8,99.0,7478
2025-01-21T04:23:29.000000+00:00,234.5,50.4,234.3,50.4,228.9,50.4,4.8,1090.0,880.0,81.0,36.0,79.8,99.0,7478
2025-01-21T04:24:29.000000+00:00,234.2,50.4,233.8,50.4,228.9,50.4,4.7,1080.0,850.0,79.0,36.0,79.8,99.0,7478
2025-01-21T04:25:29.000000+00:00,234.6,50.4,234.0,50.4,228.9,50.4,4.8,1100.0,890.0,81.0,36.0,79.8,99.0,7478
2025-01-21T04:26:29.000000+00:00,234.9,50.3,234.0,50.3,228.9,50.3,4.7,1090.0,870.0,80.0,36.0,79.8,99.0,7478
2025-01-21T04:27:29.000000+00:00,234.4,50.3,234.4,50.3,228.9,50.3,4.8,1090.0,880.0,81.0,36.0,79.8,99.0,7478
2025-01-21T04:28:29.000000+00:00,234.5,50.3,234.6,50.3,228.9,50.3,4.8,1090.0,870.0,80.0,36.0,79.8,99.0,7478
2025-01-21T04:29:29.000000+00:00,234.2,50.3,234.2,50.3,228.9,50.3,4.8,1100.0,880.0,80.0,37.0,79.8,99.0,7478
2025-01-21T04:30:29.000000+00:00,233.4,50.2,233.4,50.2,228.9,50.2,4.8,1090.0,870.0,80.0,37.0,79.8,99.0,7478
2025-01-21T04:31:29.000000+00:00,233.5,50.3,233.9,50.3,228.9,50.3,4.8,1090.0,870.0,80.0,36.0,79.8,99.0,7478
2025-01-21T04:32:29.000000+00:00,233.4,49.7,233.4,49.7,228.9,49.8,5.0,1140.0,910.0,80.0,37.0,79.8,99.0,7112
2025-01-21T04:33:29.000000+00:00,233.2,50.0,233.2,50.0,228.9,50.0,4.9,1130.0,900.0,80.0,37.0,79.8,99.0,7478
2025-01-21T04:34:29.000000+00:00,234.0,50.1,233.5,50.1,228.9,50.1,4.8,1110.0,880.0,79.0,37.0,79.8,99.0,7478
2025-01-21T04:35:29.000000+00:00,234.0,50.2,234.0,50.2,228.9,50.2,4.7,1080.0,850.0,79.0,37.0,79.8,99.0,7478
2025-01-21T04:36:29.000000+00:00,234.2,50.1,234.2,50.1,228.9,50.1,4.8,1100.0,880.0,80.0,37.0,79.8,99.0,7478
2025-01-21T04:37:29.000000+00:00,234.8,50.2,234.8,50.2,228.9,50.2,4.8,1100.0,880.0,80.0,37.0,79.8,99.0,7478
2025-01-21T04:38:29.000000+00:00,232.7,50.1,232.7,50.1,228.9,50.1,4.8,1100.0,880.0,80.0,37.0,79.8,99.0,7478
2025-01-21T04:39:29.000000+00:00,234.3,50.2,233.8,50.2,228.9,50.1,4.8,1100.0,880.0,80.0,36.0,79.8,99.0,7478
2025-01-21T04:40:29.000000+00:00,233.1,50.0,233.1,50.0,228.9,50.0,4.9,1110.0,890.0,80.0,37.0,79.8,99.0,7478
2025-01-21T04:41:29.000000+00:00,233.3,50.3,233.3,50.3,228.9,50.3,4.8,1090.0,880.0,81.0,36.0,79.8,99.0,7478
2025-01-21T04:42:29.000000+00:00,234.1,50.3,233.8,50.3,228.9,50.3,4.8,1110.0,900.0,81.0,36.0,79.8,99.0,7478
2025-01-21T04:43:29.000000+00:00,233.8,50.4,233.8,50.4,228.9,50.4,4.8,1090.0,880.0,81.0,36.0,79.8,99.0,7478
2025-01-21T04:44:29.000000+00:00,233.7,50.2,233.7,50.2,228.9,50.2,4.8,1100.0,890.0,81.0,36.0,79.8,99.0,7478
2025-01-21T04:45:29.000000+00:00,234.7,50.3,234.7,50.3,228.9,50.3,4.7,1080.0,860.0,80.0,36.0,79.8,99.0,7478
2025-01-21T04:46:29.000000+00:00,234.8,50.3,234.8,50.3,228.9,50.3,4.8,1110.0,900.0,81.0,37.0,79.8,99.0,7478
2025-01-21T04:47:29.000000+00:00,234.9,50.3,234.9,50.3,228.9,50.3,4.8,1100.0,870.0,79.0,36.0,79.8,99.0,7478
2025-01-21T04:48:29.000000+00:00,234.7,50.3,234.7,50.3,228.9,50.3,4.8,1090.0,870.0,80.0,37.0,79.8,99.0,7478
2025-01-21T04:49:29.000000+00:00,233.7,50.0,234.2,50.0,228.9,50.0,4.9,1120.0,900.0,80.0,38.0,79.8,99.0,7478
2025-01-21T04:50:29.000000+00:00,234.7,50.3,234.7,50.3,228.9,50.3,4.8,1110.0,890.0,80.0,37.0,79.8,99.0,7478
2025-01-21T04:51:29.000000+00:00,234.4,50.3,234.7,50.3,228.9,50.3,4.8,1090.0,870.0,80.0,36.0,79.8,99.0,7478
2025-01-21T04:52:29.000000+00:00,234.6,50.3,234.6,50.3,228.9,50.3,4.8,1090.0,870.0,80.0,36.0,79.8,99.0,7478
2025-01-21T04:53:29.000000+00:00,235.0,50.3,234.7,50.3,228.9,50.3,4.8,1100.0,880.0,80.0,36.0,79.8,99.0,7478
2025-01-21T04:54:29.000000+00:00,234.9,50.4,234.5,50.4,228.9,50.4,4.8,1090.0,870.0,80.0,36.0,79.8,99.0,7478
2025-01-21T04:55:29.000000+00:00,235.1,50.3,234.8,50.3,228.9,50.3,4.7,1080.0,860.0,80.0,36.0,79.8,99.0,7478
2025-01-21T04:56:29.000000+00:00,234.9,50.4,235.3,50.4,228.9,50.4,4.8,1090.0,880.0,81.0,36.0,79.8,99.0,7383
2025-01-21T04:57:29.000000+00:00,235.7,50.4,235.2,50.4,228.9,50.4,4.7,1070.0,850.0,79.0,36.0,79.8,99.0,7773
2025-01-21T04:58:29.000000+00:00,235.2,50.4,235.2,50.4,228.9,50.4,4.8,1080.0,870.0,81.0,36.0,79.8,99.0,7291
2025-01-21T04:59:29.000000+00:00,235.0,50.4,235.0,50.4,228.9,50.4,4.7,1080.0,870.0,81.0,36.0,79.8,99.0,7291
2025-01-21T05:00:29.000000+00:00,233.9,50.4,233.9,50.4,228.9,50.4,4.7,1080.0,870.0,81.0,36.0,79.8,99.0,7673
2025-01-21T05:01:29.000000+00:00,234.0,50.4,233.8,50.4,228.9,50.4,4.8,1090.0,870.0,80.0,37.0,79.8,99.0,7673
2025-01-21T05:02:29.000000+00:00,233.6,50.4,233.5,50.4,228.9,50.4,4.7,1080.0,870.0,81.0,36.0,79.8,99.0,7673
2025-01-21T05:03:29.000000+00:00,233.7,50.4,234.1,50.4,228.9,50.4,4.8,1090.0,880.0,81.0,36.0,79.8,99.0,7291
2025-01-21T05:04:29.000000+00:00,233.9,50.3,233.4,50.3,228.9,50.3,4.8,1090.0,880.0,81.0,36.0,79.8,99.0,7291
2025-01-21T05:05:29.000000+00:00,232.9,50.0,232.9,50.0,228.9,50.0,4.8,1090.0,860.0,79.0,36.0,79.7,99.0,7673
2025-01-21T05:06:29.000000+00:00,232.7,50.0,232.8,50.0,228.9,50.0,4.8,1110.0,880.0,79.0,37.0,79.8,99.0,7291
2025-01-21T05:07:29.000000+00:00,234.8,49.9,235.3,49.9,228.9,49.9,4.9,1110.0,880.0,79.0,37.0,79.8,99.0,7673
2025-01-21T05:08:29.000000+00:00,235.1,50.0,235.1,50.0,228.9,50.0,4.8,1100.0,880.0,80.0,37.0,79.7,99.0,7291
2025-01-21T05:09:29.000000+00:00,235.4,50.3,235.4,50.3,228.9,50.3,4.8,1090.0,880.0,81.0,36.0,79.8,99.0,7574
2025-01-21T05:10:29.000000+00:00,234.6,50.1,234.6,50.1,228.9,50.1,4.8,1110.0,890.0,80.0,37.0,79.8,99.0,7574
2025-01-21T05:11:29.000000+00:00,234.9,50.3,234.9,50.3,228.9,50.3,4.8,1090.0,880.0,81.0,36.0,79.8,99.0,7574
2025-01-21T05:12:29.000000+00:00,235.4,50.0,235.4,50.0,228.9,50.0,4.8,1110.0,880.0,79.0,37.0,79.8,99.0,7574
2025-01-21T05:13:29.000000+00:00,236.8,50.1,236.6,50.1,228.9,50.1,4.8,1100.0,880.0,80.0,37.0,79.8,99.0,7574
2025-01-21T05:14:29.000000+00:00,236.8,50.4,236.8,50.4,228.9,50.4,4.7,1090.0,870.0,80.0,36.0,79.8,99.0,7574
2025-01-21T05:15:29.000000+00:00,236.3,50.3,236.3,50.3,228.9,50.3,4.7,1070.0,850.0,79.0,36.0,79.7,99.0,7574
2025-01-21T05:16:29.000000+00:00,237.5,50.3,237.5,50.3,228.9,50.3,4.7,1080.0,870.0,81.0,36.0,79.7,99.0,7574
2025-01-21T05:17:29.000000+00:00,237.0,50.4,237.0,50.4,228.9,50.4,4.7,1080.0,870.0,81.0,36.0,79.7,99.0,7574
2025-01-21T05:18:29.000000+00:00,236.1,50.5,236.1,50.5,228.9,50.5,4.8,1090.0,880.0,81.0,36.0,79.7,99.0,7574
2025-01-21T05:19:29.000000+00:00,235.6,50.4,235.6,50.4,228.9,50.4,4.7,1080.0,870.0,81.0,36.0,79.7,99.0,7574
2025-01-21T05:20:29.000000+00:00,236.6,50.3,235.8,50.3,228.9,50.3,4.7,1090.0,870.0,80.0,36.0,79.7,99.0,7574
2025-01-21T05:21:29.000000+00:00,235.5,50.4,235.5,50.4,228.9,50.4,4.7,1090.0,870.0,80.0,36.0,79.8,99.0,7574
2025-01-21T05:22:29.000000+00:00,236.1,50.3,236.1,50.3,228.9,50.3,4.8,1090.0,870.0,80.0,36.0,79.8,99.0,7291
2025-01-21T05:23:29.000000+00:00,234.6,50.3,234.6,50.3,228.9,50.3,4.7,1070.0,850.0,79.0,36.0,79.8,99.0,7291
2025-01-21T05:24:29.000000+00:00,235.2,50.3,234.2,50.3,228.9,50.3,4.7,1090.0,870.0,80.0,36.0,79.8,99.0,7383
2025-01-21T05:25:29.000000+00:00,234.6,50.2,234.6,50.2,228.9,50.2,4.7,1080.0,860.0,80.0,36.0,79.7,99.0,7773
2025-01-21T05:26:29.000000+00:00,234.5,50.2,235.4,50.2,228.9,50.2,4.8,1090.0,870.0,80.0,36.0,79.7,99.0,7383
2025-01-21T05:27:29.000000+00:00,234.3,50.3,234.3,50.3,228.9,50.3,4.8,1090.0,870.0,80.0,36.0,79.7,99.0,7673
2025-01-21T05:28:29.000000+00:00,234.5,50.2,234.0,50.2,228.9,50.2,4.8,1090.0,870.0,80.0,36.0,79.7,99.0,7291
2025-01-21T05:29:29.000000+00:00,234.3,50.3,234.3,50.3,228.9,50.3,4.7,1090.0,870.0,80.0,36.0,79.7,99.0,7291
2025-01-21T05:30:29.000000+00:00,233.5,50.3,233.5,50.3,228.9,50.3,4.8,1090.0,870.0,80.0,36.0,79.7,99.0,7673
2025-01-21T05:31:30.000000+00:00,233.1,50.3,233.5,50.3,228.9,50.3,4.8,1090.0,870.0,80.0,36.0,79.7,99.0,7673
2025-01-21T05:32:30.000000+00:00,235.6,50.3,235.1,50.3,228.9,50.3,4.7,1090.0,870.0,80.0,36.0,79.7,99.0,7383
2025-01-21T05:33:30.000000+00:00,235.9,50.1,235.9,50.1,228.9,50.1,4.8,1100.0,870.0,79.0,36.0,79.8,99.0,7773
2025-01-21T05:34:30.000000+00:00,235.7,50.1,235.2,50.1,228.9,50.1,4.8,1100.0,870.0,79.0,36.0,79.7,99.0,7291
2025-01-21T05:35:30.000000+00:00,235.9,50.0,235.3,50.0,228.9,50.0,4.8,1090.0,860.0,79.0,37.0,79.7,99.0,7673
2025-01-21T05:36:30.000000+00:00,236.6,50.3,236.5,50.3,228.9,50.3,4.8,1090.0,870.0,80.0,36.0,79.7,99.0,7574
2025-01-21T05:37:30.000000+00:00,235.8,50.2,235.8,50.2,228.9,50.2,4.8,1090.0,870.0,80.0,36.0,79.7,99.0,7574
2025-01-21T05:38:30.000000+00:00,236.5,50.0,236.7,50.0,228.9,50.0,4.8,1100.0,880.0,80.0,37.0,79.7,99.0,7574
2025-01-21T05:39:30.000000+00:00,235.4,50.2,235.4,50.2,228.9,50.2,4.8,1100.0,880.0,80.0,36.0,79.7,99.0,7574
2025-01-21T05:40:30.000000+00:00,236.2,50.2,235.7,50.2,228.9,50.2,4.8,1100.0,890.0,81.0,37.0,79.7,99.0,7574
2025-01-21T05:41:30.000000+00:00,234.9,50.3,234.9,50.3,228.9,50.3,4.7,1080.0,870.0,81.0,36.0,79.7,99.0,7574
2025-01-21T05:42:30.000000+00:00,235.1,50.3,235.5,50.3,228.9,50.3,4.7,1090.0,870.0,80.0,36.0,79.7,99.0,7574
2025-01-21T05:43:30.000000+00:00,235.6,50.2,235.1,50.2,228.9,50.2,4.7,1080.0,850.0,79.0,36.0,79.7,99.0,7574
2025-01-21T05:44:30.000000+00:00,235.1,50.2,235.1,50.2,228.9,50.2,4.8,1100.0,880.0,80.0,36.0,79.7,99.0,7574
2025-01-21T05:45:30.000000+00:00,235.2,50.1,235.5,50.1,228.9,50.1,4.8,1100.0,870.0,79.0,37.0,79.7,99.0,7574
2025-01-21T05:46:30.000000+00:00,235.3,50.2,235.3,50.2,228.9,50.2,4.8,1100.0,880.0,80.0,37.0,79.7,99.0,7574
2025-01-21T05:47:30.000000+00:00,235.3,50.2,235.3,50.2,228.9,50.2,4.8,1090.0,880.0,81.0,36.0,79.7,99.0,7201
2025-01-21T05:48:30.000000+00:00,235.2,50.3,234.7,50.3,228.9,50.3,4.8,1090.0,870.0,80.0,37.0,79.7,99.0,7574
2025-01-21T05:49:30.000000+00:00,235.1,50.1,235.1,50.1,228.9,50.1,4.8,1100.0,870.0,79.0,37.0,79.7,99.0,7574
2025-01-21T05:50:30.000000+00:00,234.8,50.2,234.8,50.2,228.9,50.2,4.9,1110.0,900.0,81.0,37.0,79.7,99.0,7574
2025-01-21T05:51:30.000000+00:00,235.7,50.1,235.4,50.1,228.9,50.1,4.8,1100.0,880.0,80.0,37.0,79.7,99.0,7574
2025-01-21T05:52:30.000000+00:00,235.1,50.2,235.1,50.2,228.9,50.2,4.8,1090.0,870.0,80.0,36.0,79.7,99.0,7574
2025-01-21T05:53:30.000000+00:00,234.7,50.0,234.7,50.0,228.9,50.0,4.8,1090.0,860.0,79.0,36.0,79.7,99.0,7574
2025-01-21T05:54:30.000000+00:00,235.1,50.0,234.6,50.0,228.9,50.0,4.8,1100.0,880.0,80.0,37.0,79.7,99.0,7201
2025-01-21T05:55:30.000000+00:00,234.8,50.0,233.8,50.0,228.9,50.0,4.8,1100.0,870.0,79.0,37.0,79.7,99.0,7574
2025-01-21T05:56:30.000000+00:00,234.2,50.1,234.2,50.1,228.9,50.1,4.8,1100.0,870.0,79.0,37.0,79.7,99.0,7574
2025-01-21T05:57:30.000000+00:00,234.0,50.1,233.6,50.1,228.9,50.1,4.8,1100.0,870.0,79.0,37.0,79.7,99.0,7574
2025-01-21T05:58:30.000000+00:00,234.6,50.3,234.6,50.3,228.9,50.3,4.8,1090.0,870.0,80.0,36.0,79.7,99.0,7574
2025-01-21T05:59:30.000000+00:00,234.5,50.3,233.5,50.3,228.9,50.3,4.8,1090.0,870.0,80.0,36.0,79.7,99.0,7574
2025-01-21T06:00:30.000000+00:00,233.8,50.4,233.8,50.4,228.9,50.4,4.8,1090.0,880.0,81.0,36.0,79.7,99.0,7574
2025-01-21T06:01:30.000000+00:00,234.9,50.4,234.9,50.4,228.9,50.4,4.8,1090.0,880.0,81.0,36.0,79.7,99.0,7574
2025-01-21T06:02:30.000000+00:00,234.2,50.4,234.2,50.4,228.9,50.4,4.8,1090.0,880.0,81.0,36.0,79.7,99.0,7201
2025-01-21T06:03:30.000000+00:00,234.7,50.4,234.7,50.4,228.9,50.4,4.8,1100.0,890.0,81.0,37.0,79.7,99.0,7574
2025-01-21T06:04:30.000000+00:00,233.9,50.4,233.9,50.4,228.9,50.4,4.7,1080.0,870.0,81.0,36.0,79.7,99.0,7201
2025-01-21T06:05:30.000000+00:00,234.2,50.3,234.7,50.3,228.9,50.3,4.7,1080.0,860.0,80.0,36.0,79.7,99.0,7574
2025-01-21T06:06:30.000000+00:00,234.6,50.3,234.6,50.3,228.9,50.3,4.7,1090.0,870.0,80.0,36.0,79.7,99.0,7574
2025-01-21T06:07:30.000000+00:00,235.0,50.3,235.0,50.3,228.9,50.3,4.8,1090.0,880.0,81.0,36.0,79.7,99.0,7574
2025-01-21T06:08:30.000000+00:00,234.7,50.3,234.0,50.3,228.9,50.3,4.7,1070.0,850.0,79.0,36.0,79.7,99.0,7574
2025-01-21T06:09:30.000000+00:00,234.4,50.3,234.4,50.3,228.9,50.3,4.8,1100.0,880.0,80.0,36.0,79.7,99.0,7574
2025-01-21T06:10:30.000000+00:00,235.0,50.3,235.0,50.3,228.9,50.3,4.8,1100.0,880.0,80.0,36.0,79.7,99.0,7574
2025-01-21T06:11:30.000000+00:00,233.8,50.4,234.3,50.4,228.9,50.4,4.8,1090.0,880.0,81.0,36.0,79.7,99.0,7574
2025-01-21T06:12:30.000000+00:00,234.0,50.4,233.4,50.4,228.9,50.4,4.8,1090.0,880.0,81.0,36.0,79.7,99.0,7574
2025-01-21T06:13:30.000000+00:00,233.7,50.3,234.6,50.3,228.9,50.3,4.7,1080.0,860.0,80.0,36.0,79.7,99.0,7478
2025-01-21T06:14:30.000000+00:00,233.3,50.3,233.6,50.3,228.9,50.3,4.8,1090.0,880.0,81.0,36.0,79.7,99.0,7478
2025-01-21T06:15:30.000000+00:00,235.3,50.3,235.3,50.3,228.9,50.3,4.7,1080.0,860.0,80.0,36.0,79.7,99.0,7478
2025-01-21T06:16:30.000000+00:00,234.3,50.3,234.1,50.3,228.9,50.3,4.8,1100.0,880.0,80.0,36.0,79.7,99.0,7478
2025-01-21T06:17:30.000000+00:00,233.7,50.2,234.7,50.2,228.9,50.2,4.8,1100.0,880.0,80.0,37.0,79.7,99.0,7478
2025-01-21T06:18:30.000000+00:00,234.0,50.3,234.5,50.3,228.9,50.3,4.7,1080.0,860.0,80.0,36.0,79.7,99.0,7478
2025-01-21T06:19:30.000000+00:00,234.7,50.3,234.3,50.3,228.9,50.3,4.7,1090.0,870.0,80.0,36.0,79.7,99.0,7478
2025-01-21T06:20:30.000000+00:00,234.8,50.3,234.8,50.3,228.9,50.3,4.8,1090.0,870.0,80.0,36.0,79.7,99.0,7478
2025-01-21T06:21:30.000000+00:00,233.6,50.3,233.6,50.3,228.9,50.3,4.8,1090.0,870.0,80.0,36.0,79.7,99.0,7478
2025-01-21T06:22:30.000000+00:00,234.9,50.3,234.4,50.3,228.9,50.3,4.8,1090.0,870.0,80.0,36.0,79.7,99.0,7478
2025-01-21T06:23:30.000000+00:00,234.0,50.2,234.0,50.2,228.9,50.2,4.7,1080.0,860.0,80.0,36.0,79.7,99.0,7478
2025-01-21T06:24:30.000000+00:00,234.8,50.3,234.8,50.3,228.9,50.3,4.8,1090.0,870.0,80.0,36.0,79.7,99.0,7478
2025-01-21T06:25:30.000000+00:00,234.5,50.2,234.7,50.2,228.9,50.2,4.7,1080.0,860.0,80.0,36.0,79.7,99.0,7478
2025-01-21T06:26:30.000000+00:00,235.1,50.3,234.1,50.3,228.9,50.3,4.7,1090.0,870.0,80.0,36.0,79.7,99.0,7478
2025-01-21T06:27:30.000000+00:00,234.4,50.3,234.4,50.3,228.9,50.3,4.8,1090.0,880.0,81.0,36.0,79.7,99.0,7877
2025-01-21T06:28:30.000000+00:00,234.3,50.3,234.4,50.3,228.9,50.3,4.7,1080.0,850.0,79.0,36.0,79.7,99.0,7478
2025-01-21T06:29:30.000000+00:00,233.5,50.3,233.5,50.3,228.9,50.3,4.8,1090.0,870.0,80.0,37.0,79.7,99.0,7478
2025-01-21T06:30:30.000000+00:00,234.4,50.3,234.4,50.3,228.9,50.3,4.7,1090.0,860.0,79.0,36.0,79.7,99.0,7877
2025-01-21T06:31:30.000000+00:00,234.5,50.3,235.1,50.2,228.9,50.2,4.7,1090.0,870.0,80.0,37.0,79.7,99.0,7478
2025-01-21T06:32:30.000000+00:00,234.0,50.2,234.5,50.2,228.9,50.2,4.8,1090.0,870.0,80.0,36.0,79.7,99.0,7478
2025-01-21T06:33:30.000000+00:00,234.3,50.3,234.3,50.4,228.9,50.3,4.7,1080.0,860.0,80.0,36.0,79.7,99.0,7478
2025-01-21T06:34:30.000000+00:00,234.7,50.3,234.7,50.3,228.9,50.3,4.8,1090.0,870.0,80.0,36.0,79.7,99.0,7383
2025-01-21T06:35:30.000000+00:00,234.7,50.3,235.2,50.3,228.9,50.3,4.7,1080.0,850.0,79.0,36.0,79.7,99.0,7773
2025-01-21T06:36:30.000000+00:00,234.7,50.3,234.7,50.3,228.9,50.3,4.8,1090.0,870.0,80.0,36.0,79.7,99.0,7383
2025-01-21T06:37:31.000000+00:00,234.9,50.3,234.9,50.3,228.9,50.3,4.8,1090.0,870.0,80.0,36.0,79.7,99.0,7383
2025-01-21T06:38:31.000000+00:00,233.2,50.2,233.2,50.2,228.9,50.2,4.8,1090.0,870.0,80.0,36.0,79.7,99.0,7383
2025-01-21T06:39:31.000000+00:00,233.9,50.2,234.4,50.2,228.9,50.2,4.8,1090.0,870.0,80.0,36.0,79.7,99.0,7291
2025-01-21T06:40:31.000000+00:00,234.1,50.1,234.1,50.1,228.9,50.1,4.8,1110.0,890.0,80.0,37.0,79.7,99.0,7673
2025-01-21T06:41:31.000000+00:00,234.2,50.2,235.1,50.2,228.9,50.2,4.8,1100.0,880.0,80.0,37.0,79.7,99.0,7673
2025-01-21T06:42:31.000000+00:00,234.7,50.2,235.6,50.2,228.9,50.2,4.8,1090.0,870.0,80.0,37.0,79.7,99.0,7291
2025-01-21T06:43:31.000000+00:00,235.5,50.1,234.7,50.1,228.9,50.1,4.9,1110.0,900.0,81.0,36.0,79.7,99.0,7291
2025-01-21T06:44:31.000000+00:00,235.1,50.2,235.1,50.2,228.9,50.2,4.8,1090.0,870.0,80.0,36.0,79.7,99.0,7291
2025-01-21T06:45:31.000000+00:00,236.2,50.2,235.3,50.2,228.9,50.2,4.7,1080.0,850.0,79.0,36.0,79.7,99.0,7673
2025-01-21T06:46:31.000000+00:00,234.7,50.0,234.7,50.0,228.9,50.0,4.8,1100.0,870.0,79.0,37.0,79.7,99.0,7291
2025-01-21T06:47:31.000000+00:00,235.5,50.2,235.5,50.2,228.9,50.2,4.8,1090.0,870.0,80.0,36.0,79.7,99.0,7291
2025-01-21T06:48:31.000000+00:00,236.0,50.2,236.0,50.2,228.9,50.2,4.8,1090.0,870.0,80.0,36.0,79.7,99.0,7673
2025-01-21T06:49:31.000000+00:00,236.4,50.1,235.3,50.1,228.9,50.1,4.8,1090.0,870.0,80.0,37.0,79.7,99.0,7291
2025-01-21T06:50:31.000000+00:00,236.8,50.2,235.7,50.2,228.9,50.2,4.8,1090.0,870.0,80.0,37.0,79.7,99.0,7291
2025-01-21T06:51:31.000000+00:00,235.8,50.1,236.0,50.1,228.9,50.1,4.8,1090.0,870.0,80.0,37.0,79.7,99.0,7773
2025-01-21T06:52:31.000000+00:00,236.0,50.1,234.9,50.1,228.9,50.1,4.8,1090.0,870.0,80.0,37.0,79.7,99.0,7773
2025-01-21T06:53:31.000000+00:00,234.0,50.1,234.0,50.1,228.9,50.1,4.7,1080.0,850.0,79.0,36.0,79.7,99.0,7383
2025-01-21T06:54:31.000000+00:00,234.5,50.0,233.5,50.0,228.9,50.0,4.8,1100.0,870.0,79.0,37.0,79.7,99.0,7383
2025-01-21T06:55:31.000000+00:00,234.6,50.1,234.6,50.1,228.9,50.1,4.8,1110.0,880.0,79.0,37.0,79.7,99.0,7383
2025-01-21T06:56:31.000000+00:00,234.6,50.1,234.6,50.1,228.9,50.1,4.7,1080.0,850.0,79.0,36.0,79.7,99.0,7383
2025-01-21T06:57:31.000000+00:00,234.5,50.1,234.5,50.1,228.9,50.1,4.8,1090.0,870.0,80.0,36.0,79.7,99.0,7383
2025-01-21T06:58:31.000000+00:00,234.1,50.2,234.1,50.2,228.9,50.2,4.8,1090.0,870.0,80.0,36.0,79.7,99.0,7383
2025-01-21T06:59:31.000000+00:00,235.4,50.1,235.4,50.1,228.9,50.1,4.8,1100.0,870.0,79.0,36.0,79.7,99.0,7291
2025-01-21T07:00:31.000000+00:00,234.6,50.2,234.6,50.2,228.9,50.2,4.8,1090.0,870.0,80.0,36.0,79.7,99.0,7673
2025-01-21T07:01:31.000000+00:00,235.0,50.2,235.0,50.2,228.9,50.2,4.8,1100.0,880.0,80.0,36.0,79.7,99.0,7673
2025-01-21T07:02:31.000000+00:00,235.1,50.1,235.1,50.1,228.9,50.1,4.8,1100.0,870.0,79.0,36.0,79.7,99.0,7383
2025-01-21T07:03:31.000000+00:00,234.7,50.1,234.7,50.1,228.9,50.1,4.8,1090.0,860.0,79.0,36.0,79.7,99.0,7383
2025-01-21T07:04:31.000000+00:00,235.3,50.1,235.4,50.1,228.9,50.1,4.8,1090.0,870.0,80.0,37.0,79.7,99.0,7383
2025-01-21T07:05:31.000000+00:00,235.7,50.1,235.7,50.1,228.9,50.1,4.8,1090.0,860.0,79.0,37.0,79.7,99.0,7773
2025-01-21T07:06:31.000000+00:00,235.2,50.1,235.2,50.1,228.9,50.1,4.7,1080.0,860.0,80.0,36.0,79.7,99.0,7383
2025-01-21T07:07:31.000000+00:00,234.6,50.1,234.6,50.1,228.9,50.1,4.8,1090.0,870.0,80.0,37.0,79.7,99.0,7383
2025-01-21T07:08:31.000000+00:00,234.5,50.1,234.5,50.1,228.9,50.1,4.8,1090.0,860.0,79.0,37.0,79.7,99.0,7383
2025-01-21T07:09:31.000000+00:00,235.4,50.1,235.4,50.1,228.9,50.1,4.8,1090.0,860.0,79.0,36.0,79.7,99.0,7383
2025-01-21T07:10:31.000000+00:00,235.5,50.1,235.5,50.1,228.9,50.1,4.7,1080.0,850.0,79.0,36.0,79.7,99.0,7383
2025-01-21T07:11:31.000000+00:00,235.4,50.1,235.4,50.1,228.9,50.1,4.8,1100.0,880.0,80.0,37.0,79.7,99.0,7773
2025-01-21T07:12:31.000000+00:00,235.2,50.0,234.8,50.0,228.9,50.0,4.8,1100.0,870.0,79.0,37.0,79.7,99.0,7773
2025-01-21T07:13:31.000000+00:00,236.9,50.1,236.5,50.1,228.9,50.1,4.7,1080.0,850.0,79.0,36.0,79.7,99.0,7291
2025-01-21T07:14:31.000000+00:00,235.6,50.2,236.0,50.2,228.9,50.2,4.8,1110.0,890.0,80.0,36.0,79.7,99.0,7383
2025-01-21T07:15:31.000000+00:00,235.6,50.1,235.6,50.1,228.9,50.1,4.7,1080.0,850.0,79.0,36.0,79.7,99.0,7773
2025-01-21T07:16:31.000000+00:00,235.7,50.2,236.7,50.2,228.9,50.2,4.7,1080.0,850.0,79.0,36.0,79.7,99.0,7383
2025-01-21T07:17:31.000000+00:00,235.7,50.2,236.7,50.2,228.9,50.2,4.8,1090.0,870.0,80.0,36.0,79.7,99.0,7383
2025-01-21T07:18:31.000000+00:00,236.8,50.3,235.8,50.3,228.9,50.3,4.8,1100.0,890.0,81.0,36.0,79.7,99.0,7383
2025-01-21T07:19:31.000000+00:00,236.3,50.2,235.7,50.2,228.9,50.2,4.8,1090.0,870.0,80.0,37.0,79.7,99.0,7383
2025-01-21T07:20:31.000000+00:00,236.0,50.2,235.4,50.2,228.9,50.2,4.8,1110.0,890.0,80.0,36.0,79.7,99.0,7773
2025-01-21T07:21:31.000000+00:00,235.6,50.2,235.8,50.2,228.9,50.2,4.8,1100.0,870.0,79.0,36.0,79.7,99.0,7773
2025-01-21T07:22:31.000000+00:00,236.1,50.2,236.2,50.2,228.9,50.2,4.8,1090.0,870.0,80.0,37.0,79.7,99.0,7383
2025-01-21T07:23:31.000000+00:00,235.4,50.2,235.9,50.2,228.9,50.2,4.7,1080.0,850.0,79.0,36.0,79.7,99.0,7383
2025-01-21T07:24:31.000000+00:00,235.1,50.2,235.9,50.2,228.9,50.2,4.7,1090.0,870.0,80.0,36.0,79.7,99.0,7383
2025-01-21T07:25:31.000000+00:00,235.7,50.3,235.8,50.3,228.9,50.3,4.7,1080.0,850.0,79.0,36.0,79.7,99.0,7383
2025-01-21T07:26:31.000000+00:00,235.0,50.1,235.3,50.1,228.9,50.1,4.8,1110.0,880.0,79.0,36.0,79.7,99.0,7383
2025-01-21T07:27:31.000000+00:00,235.8,50.2,235.8,50.2,228.9,50.2,4.8,1090.0,870.0,80.0,36.0,79.7,99.0,7383
2025-01-21T07:28:31.000000+00:00,236.1,50.2,235.7,50.2,228.9,50.2,4.7,1080.0,850.0,79.0,36.0,79.7,99.0,7773
2025-01-21T07:29:31.000000+00:00,235.9,50.2,235.1,50.2,228.9,50.2,4.8,1100.0,880.0,80.0,36.0,79.7,99.0,7383
2025-01-21T07:30:31.000000+00:00,235.9,50.2,235.5,50.2,228.9,50.2,4.8,1110.0,890.0,80.0,37.0,79.7,99.0,7773
2025-01-21T07:31:31.000000+00:00,234.6,50.3,235.6,50.3,228.9,50.3,4.8,1090.0,870.0,80.0,36.0,79.7,99.0,7877
2025-01-21T07:32:31.000000+00:00,234.4,50.2,235.4,50.2,228.9,50.2,4.8,1100.0,880.0,80.0,36.0,79.7,99.0,7383
2025-01-21T07:33:31.000000+00:00,235.5,50.2,235.5,50.2,228.9,50.2,4.8,1090.0,860.0,79.0,36.0,79.6,99.0,7383
2025-01-21T07:34:31.000000+00:00,235.4,50.2,235.8,50.2,228.9,50.2,4.8,1090.0,870.0,80.0,36.0,79.7,99.0,7383
2025-01-21T07:35:31.000000+00:00,235.2,50.1,234.8,50.1,228.9,50.1,4.8,1090.0,870.0,80.0,37.0,79.7,99.0,7773
2025-01-21T07:36:31.000000+00:00,235.5,50.3,235.5,50.3,228.9,50.3,4.7,1090.0,860.0,79.0,36.0,79.7,99.0,7383
2025-01-21T07:37:31.000000+00:00,234.8,50.2,235.3,50.2,228.9,50.2,4.8,1090.0,870.0,80.0,36.0,79.7,99.0,7383
2025-01-21T07:38:31.000000+00:00,235.5,50.2,235.5,50.2,228.9,50.2,4.7,1090.0,860.0,79.0,36.0,79.6,99.0,7383
2025-01-21T07:39:31.000000+00:00,235.9,50.3,235.6,50.3,228.9,50.3,4.7,1080.0,870.0,81.0,36.0,79.7,99.0,7383
2025-01-21T07:40:31.000000+00:00,235.7,50.3,235.7,50.3,228.9,50.3,4.8,1090.0,870.0,80.0,36.0,79.7,99.0,7773
2025-01-21T07:41:31.000000+00:00,235.3,50.2,235.3,50.2,228.9,50.2,4.8,1100.0,880.0,80.0,37.0,79.6,99.0,7773
2025-01-21T07:42:31.000000+00:00,236.5,50.3,236.4,50.3,228.9,50.3,4.8,1090.0,870.0,80.0,36.0,79.7,99.0,7773
2025-01-21T07:43:31.000000+00:00,236.3,50.3,236.3,50.3,228.9,50.3,4.7,1070.0,850.0,79.0,36.0,79.6,99.0,7673
2025-01-21T07:44:31.000000+00:00,237.4,50.3,237.4,50.3,228.9,50.3,4.8,1110.0,900.0,81.0,36.0,79.6,99.0,7673
2025-01-21T07:45:31.000000+00:00,237.1,50.2,237.1,50.2,228.9,50.2,4.8,1090.0,870.0,80.0,36.0,79.7,99.0,7673
2025-01-21T07:46:31.000000+00:00,236.0,50.2,236.5,50.2,228.9,50.2,4.8,1090.0,870.0,80.0,36.0,79.7,99.0,7574
2025-01-21T07:47:31.000000+00:00,236.3,50.3,236.8,50.3,228.9,50.3,4.8,1090.0,870.0,80.0,36.0,79.7,99.0,7574
2025-01-21T07:48:31.000000+00:00,236.4,50.1,236.5,50.1,228.9,50.1,4.8,1100.0,880.0,80.0,37.0,79.7,99.0,7574
2025-01-21T07:49:32.000000+00:00,236.7,50.2,236.7,50.2,228.9,50.2,4.8,1090.0,870.0,80.0,36.0,79.7,99.0,7574
2025-01-21T07:50:32.000000+00:00,236.0,50.1,236.0,50.2,228.9,50.2,4.8,1090.0,870.0,80.0,37.0,79.6,99.0,7574
2025-01-21T07:51:32.000000+00:00,235.0,50.1,235.4,50.1,228.9,50.1,4.8,1100.0,870.0,79.0,37.0,79.6,99.0,7574
2025-01-21T07:52:32.000000+00:00,235.8,50.1,235.8,50.1,228.9,50.1,4.8,1090.0,870.0,80.0,37.0,79.6,99.0,7574
2025-01-21T07:53:32.000000+00:00,235.7,50.0,235.3,50.0,228.9,50.0,4.8,1090.0,860.0,79.0,36.0,79.6,99.0,7574
2025-01-21T07:54:32.000000+00:00,235.3,50.1,235.4,50.1,228.9,50.1,4.8,1100.0,870.0,79.0,36.0,79.7,99.0,7574
2025-01-21T07:55:32.000000+00:00,235.5,50.0,235.5,50.0,228.9,50.0,4.8,1110.0,890.0,80.0,37.0,79.6,99.0,7574
2025-01-21T07:56:32.000000+00:00,235.5,50.0,235.4,50.0,228.9,50.0,4.8,1110.0,890.0,80.0,37.0,79.6,99.0,7574
2025-01-21T07:57:32.000000+00:00,235.3,50.0,235.7,50.0,228.9,50.0,4.8,1100.0,880.0,80.0,37.0,79.6,99.0,7574
2025-01-21T07:58:32.000000+00:00,236.2,49.9,235.3,49.9,228.9,49.9,4.8,1100.0,870.0,79.0,37.0,79.6,99.0,7574
2025-01-21T07:59:32.000000+00:00,236.1,50.0,235.8,50.0,228.9,50.0,4.8,1100.0,880.0,80.0,37.0,79.6,99.0,7574
2025-01-21T08:00:32.000000+00:00,235.8,50.0,235.8,50.0,228.9,50.0,4.8,1090.0,850.0,78.0,37.0,79.6,99.0,7673
2025-01-21T08:01:32.000000+00:00,235.9,50.0,235.9,50.0,228.9,50.0,4.8,1100.0,880.0,80.0,37.0,79.6,99.0,7673
2025-01-21T08:02:32.000000+00:00,235.4,50.0,235.4,50.0,228.9,50.0,4.8,1100.0,880.0,80.0,37.0,79.6,99.0,7383
2025-01-21T08:03:32.000000+00:00,235.2,50.0,235.3,50.0,228.9,50.0,4.8,1090.0,860.0,79.0,37.0,79.6,99.0,7383
2025-01-21T08:04:32.000000+00:00,236.3,50.0,235.9,50.0,228.9,50.0,4.8,1100.0,870.0,79.0,37.0,79.6,99.0,7383
2025-01-21T08:05:32.000000+00:00,235.2,50.0,236.1,50.0,228.9,50.0,4.8,1100.0,870.0,79.0,37.0,79.6,99.0,7773
2025-01-21T08:06:32.000000+00:00,235.4,50.1,236.3,50.1,228.9,50.1,4.7,1080.0,850.0,79.0,36.0,79.6,99.0,7383
2025-01-21T08:07:32.000000+00:00,235.5,49.9,234.6,49.9,228.9,49.9,4.8,1110.0,880.0,79.0,37.0,79.6,99.0,7383
2025-01-21T08:08:32.000000+00:00,235.3,50.0,235.3,50.0,228.9,50.0,4.8,1100.0,870.0,79.0,37.0,79.6,99.0,7383
2025-01-21T08:09:32.000000+00:00,235.5,50.0,234.9,50.0,228.9,50.0,4.8,1100.0,870.0,79.0,37.0,79.6,99.0,7383
2025-01-21T08:10:32.000000+00:00,235.2,50.0,235.2,50.0,228.9,50.0,4.8,1100.0,870.0,79.0,37.0,79.7,99.0,7383
2025-01-21T08:11:32.000000+00:00,236.1,50.1,236.1,50.1,228.9,50.1,4.8,1110.0,890.0,80.0,37.0,79.6,99.0,7773
2025-01-21T08:12:32.000000+00:00,235.6,50.0,235.6,50.0,228.9,50.0,4.8,1100.0,870.0,79.0,37.0,79.6,99.0,7383
2025-01-21T08:13:32.000000+00:00,236.5,50.1,236.5,50.1,228.9,50.1,4.7,1080.0,860.0,80.0,36.0,79.6,99.0,7773
2025-01-21T08:14:32.000000+00:00,236.8,50.0,236.8,50.0,228.9,50.0,4.8,1100.0,880.0,80.0,37.0,79.6,99.0,7383
2025-01-21T08:15:32.000000+00:00,236.1,50.1,236.5,50.1,228.9,50.1,4.7,1080.0,860.0,80.0,36.0,79.6,99.0,7773
2025-01-21T08:16:32.000000+00:00,235.9,50.0,236.9,50.0,228.9,50.0,4.8,1100.0,870.0,79.0,36.0,79.6,99.0,7291
2025-01-21T08:17:32.000000+00:00,236.3,49.9,236.3,49.9,228.9,49.9,4.8,1110.0,880.0,79.0,37.0,79.6,99.0,7383
2025-01-21T08:18:32.000000+00:00,236.4,50.0,236.4,50.0,228.9,50.0,4.8,1100.0,870.0,79.0,37.0,79.6,99.0,7383
2025-01-21T08:19:32.000000+00:00,236.6,49.9,236.6,49.9,228.9,49.9,4.8,1110.0,880.0,79.0,37.0,79.6,99.0,7574
2025-01-21T08:20:32.000000+00:00,237.2,50.0,237.2,50.0,228.9,50.0,4.8,1100.0,870.0,79.0,36.0,79.6,99.0,7673
2025-01-21T08:21:32.000000+00:00,237.0,50.0,236.9,50.0,228.9,50.0,4.8,1100.0,870.0,79.0,37.0,79.6,99.0,7574
2025-01-21T08:22:32.000000+00:00,236.2,50.1,236.2,50.1,228.9,50.1,4.8,1100.0,870.0,79.0,37.0,79.6,99.0,7574
2025-01-21T08:23:32.000000+00:00,236.2,50.0,236.2,50.0,228.9,50.0,4.7,1080.0,850.0,79.0,36.0,79.6,99.0,7574
2025-01-21T08:24:32.000000+00:00,235.8,50.0,235.9,50.0,228.9,50.0,4.8,1090.0,870.0,80.0,37.0,79.6,99.0,7574
2025-01-21T08:25:32.000000+00:00,237.0,50.1,237.0,50.1,228.9,50.1,4.7,1080.0,850.0,79.0,36.0,79.6,99.0,7574
2025-01-21T08:26:32.000000+00:00,235.9,50.1,236.4,50.1,228.9,50.1,4.8,1110.0,890.0,80.0,37.0,79.6,99.0,7574
2025-01-21T08:27:32.000000+00:00,235.5,50.0,236.9,50.1,228.9,50.1,4.8,1100.0,870.0,79.0,37.0,79.6,99.0,7574
2025-01-21T08:28:32.000000+00:00,235.3,50.1,235.3,50.1,228.9,50.2,4.7,1080.0,850.0,79.0,36.0,79.6,99.0,7574
2025-01-21T08:29:32.000000+00:00,236.0,50.2,236.0,50.2,228.9,50.2,4.8,1100.0,870.0,79.0,36.0,79.6,99.0,7574
2025-01-21T08:30:32.000000+00:00,236.3,50.2,235.2,50.2,228.9,50.2,4.8,1110.0,890.0,80.0,37.0,79.6,99.0,7574
2025-01-21T08:31:32.000000+00:00,235.4,50.1,235.8,50.1,228.9,50.1,4.8,1100.0,870.0,79.0,37.0,79.6,99.0,7574
2025-01-21T08:32:32.000000+00:00,235.5,50.2,235.5,50.2,228.9,50.2,4.8,1090.0,880.0,81.0,36.0,79.6,99.0,7201
2025-01-21T08:33:32.000000+00:00,234.5,50.1,234.5,50.1,228.9,50.1,4.8,1100.0,870.0,79.0,36.0,79.6,99.0,7574
2025-01-21T08:34:32.000000+00:00,235.8,50.1,235.9,50.1,228.9,50.1,4.9,1110.0,890.0,80.0,37.0,79.6,99.0,7574
2025-01-21T08:35:32.000000+00:00,235.7,50.1,235.7,50.1,228.9,50.1,4.8,1100.0,870.0,79.0,37.0,79.6,99.0,7574
2025-01-21T08:36:32.000000+00:00,234.9,50.0,234.9,50.0,228.9,50.0,4.9,1110.0,890.0,80.0,36.0,79.6,99.0,7673
2025-01-21T08:37:32.000000+00:00,235.3,50.1,235.7,50.1,228.9,50.1,4.8,1090.0,870.0,80.0,37.0,79.6,99.0,7291
2025-01-21T08:38:32.000000+00:00,235.7,50.1,235.7,50.1,228.9,50.1,4.8,1090.0,860.0,79.0,37.0,79.6,99.0,7291
2025-01-21T08:39:32.000000+00:00,236.2,50.1,236.2,50.1,228.9,50.1,4.8,1110.0,890.0,80.0,36.0,79.6,99.0,7574
2025-01-21T08:40:32.000000+00:00,236.5,50.1,237.4,50.1,228.9,50.1,4.8,1100.0,880.0,80.0,37.0,79.6,99.0,7574
2025-01-21T08:41:32.000000+00:00,237.0,50.2,237.6,50.2,228.9,50.2,4.8,1110.0,890.0,80.0,37.0,79.6,99.0,7574
2025-01-21T08:42:32.000000+00:00,235.5,50.0,236.0,50.0,228.9,50.0,4.8,1100.0,880.0,80.0,37.0,79.6,99.0,7574
2025-01-21T08:43:32.000000+00:00,235.6,50.1,235.5,50.1,228.9,50.1,4.7,1080.0,850.0,79.0,36.0,79.6,99.0,7574
2025-01-21T08:44:32.000000+00:00,236.2,50.1,236.2,50.1,228.9,50.1,4.8,1090.0,870.0,80.0,37.0,79.6,99.0,7574
2025-01-21T08:45:32.000000+00:00,235.7,50.1,235.7,50.1,228.9,50.1,4.7,1080.0,850.0,79.0,36.0,79.6,99.0,7574
2025-01-21T08:46:32.000000+00:00,235.8,50.1,235.8,50.1,228.9,50.1,4.8,1090.0,870.0,80.0,36.0,79.6,99.0,7574
2025-01-21T08:47:32.000000+00:00,236.0,50.1,235.6,50.1,228.9,50.1,4.8,1090.0,870.0,80.0,37.0,79.6,99.0,7574
2025-01-21T08:48:32.000000+00:00,237.5,50.2,237.1,50.2,228.9,50.2,4.8,1100.0,880.0,80.0,37.0,79.6,99.0,7574
2025-01-21T08:49:32.000000+00:00,236.2,50.2,235.8,50.2,228.9,50.2,4.8,1090.0,870.0,80.0,36.0,79.6,99.0,7574
2025-01-21T08:50:32.000000+00:00,236.1,50.0,236.5,50.0,228.9,50.0,4.8,1100.0,870.0,79.0,37.0,79.6,99.0,7574
2025-01-21T08:51:32.000000+00:00,235.6,50.2,235.6,50.2,228.9,50.2,4.7,1090.0,860.0,79.0,36.0,79.6,99.0,7574
2025-01-21T08:52:32.000000+00:00,235.3,50.2,235.3,50.2,228.9,50.2,4.8,1090.0,870.0,80.0,36.0,79.6,99.0,7574
2025-01-21T08:53:33.000000+00:00,235.4,50.1,235.4,50.1,228.9,50.1,4.7,1080.0,850.0,79.0,36.0,79.6,99.0,7574
2025-01-21T08:54:33.000000+00:00,235.4,50.1,235.3,50.1,228.9,50.1,4.8,1090.0,870.0,80.0,36.0,79.6,99.0,7574
2025-01-21T08:55:33.000000+00:00,234.4,50.2,235.3,50.2,228.9,50.2,4.7,1080.0,850.0,79.0,36.0,79.6,99.0,7574
2025-01-21T08:56:33.000000+00:00,234.3,50.2,234.8,50.2,228.9,50.2,4.8,1100.0,880.0,80.0,36.0,79.6,99.0,7574
2025-01-21T08:57:33.000000+00:00,234.5,50.1,234.3,50.1,228.9,50.1,4.8,1090.0,870.0,80.0,36.0,79.6,99.0,7574
2025-01-21T08:58:33.000000+00:00,234.2,50.2,234.6,50.2,228.9,50.2,4.7,1070.0,850.0,79.0,36.0,79.6,99.0,7773
2025-01-21T08:59:33.000000+00:00,234.5,50.3,234.5,50.3,228.9,50.2,4.8,1090.0,870.0,80.0,36.0,79.6,99.0,7383
2025-01-21T09:00:33.000000+00:00,234.3,50.2,233.8,50.2,228.9,50.2,4.8,1090.0,860.0,79.0,36.0,79.6,99.0,7877
2025-01-21T09:01:33.000000+00:00,234.5,50.2,234.1,50.2,228.9,50.2,4.8,1090.0,870.0,80.0,36.0,79.6,99.0,7673
2025-01-21T09:02:33.000000+00:00,234.5,50.2,234.5,50.2,228.9,50.2,4.8,1090.0,870.0,80.0,36.0,79.6,99.0,7673
2025-01-21T09:03:33.000000+00:00,234.8,50.2,234.8,50.2,228.9,50.2,4.7,1080.0,850.0,79.0,36.0,79.6,99.0,7673
2025-01-21T09:04:33.000000+00:00,234.5,50.2,234.5,50.2,228.9,50.1,4.8,1100.0,880.0,80.0,36.0,79.6,99.0,7673
2025-01-21T09:05:33.000000+00:00,234.8,50.1,234.8,50.1,228.9,50.1,4.7,1080.0,850.0,79.0,36.0,79.6,99.0,7673
2025-01-21T09:06:33.000000+00:00,235.7,50.1,235.7,50.1,228.9,50.1,4.8,1090.0,870.0,80.0,36.0,79.6,99.0,7291
2025-01-21T09:07:33.000000+00:00,235.0,50.2,235.0,50.2,228.9,50.2,4.8,1090.0,870.0,80.0,37.0,79.6,99.0,7383
2025-01-21T09:08:33.000000+00:00,234.7,50.2,234.7,50.1,228.9,50.2,4.8,1090.0,870.0,80.0,36.0,79.6,99.0,7773
2025-01-21T09:09:33.000000+00:00,235.6,50.1,235.6,50.1,228.9,50.1,4.8,1090.0,870.0,80.0,36.0,79.6,99.0,7383
2025-01-21T09:10:33.000000+00:00,235.3,50.1,235.3,50.1,229.0,50.1,4.8,1100.0,870.0,79.0,37.0,79.6,99.0,7383
2025-01-21T09:11:33.000000+00:00,235.3,50.1,234.8,50.1,228.9,50.1,4.8,1100.0,880.0,80.0,37.0,79.6,99.0,7383
2025-01-21T09:12:33.000000+00:00,235.3,50.2,236.1,50.2,228.9,50.2,4.8,1100.0,880.0,80.0,36.0,79.6,99.0,7383
2025-01-21T09:13:33.000000+00:00,234.7,50.1,235.2,50.1,228.9,50.1,4.7,1080.0,850.0,79.0,36.0,79.6,99.0,7383
2025-01-21T09:14:33.000000+00:00,235.8,50.1,235.8,50.1,228.9,50.1,4.8,1100.0,880.0,80.0,36.0,79.6,99.0,7383
2025-01-21T09:15:33.000000+00:00,236.0,50.2,236.0,50.2,228.9,50.2,4.7,1080.0,850.0,79.0,36.0,79.6,99.0,7773
2025-01-21T09:16:33.000000+00:00,235.1,50.1,234.1,50.1,228.9,50.1,4.8,1100.0,880.0,80.0,36.0,79.6,99.0,7383
2025-01-21T09:17:33.000000+00:00,234.9,50.1,234.9,50.1,228.9,50.1,4.8,1090.0,870.0,80.0,36.0,79.6,99.0,7383
2025-01-21T09:18:33.000000+00:00,234.3,50.0,234.3,50.0,228.9,50.0,4.8,1110.0,880.0,79.0,37.0,79.6,99.0,7383
2025-01-21T09:19:33.000000+00:00,234.6,50.1,234.5,50.1,228.9,50.1,4.8,1090.0,870.0,80.0,36.0,79.6,99.0,7291
2025-01-21T09:20:33.000000+00:00,234.7,50.1,234.4,50.1,228.9,50.1,4.8,1090.0,870.0,80.0,36.0,79.6,99.0,7574
2025-01-21T09:21:33.000000+00:00,235.7,50.1,235.7,50.1,228.9,50.1,4.8,1100.0,870.0,79.0,36.0,79.6,99.0,7574
2025-01-21T09:22:33.000000+00:00,235.8,50.2,235.8,50.2,228.9,50.2,4.8,1090.0,870.0,80.0,36.0,79.6,99.0,7574
2025-01-21T09:23:33.000000+00:00,235.8,50.1,236.3,50.1,228.9,50.1,4.7,1080.0,850.0,79.0,36.0,79.6,99.0,7574
2025-01-21T09:24:33.000000+00:00,236.2,50.0,236.2,50.0,228.9,50.0,4.8,1100.0,870.0,79.0,37.0,79.6,99.0,7574
2025-01-21T09:25:33.000000+00:00,236.9,50.1,237.0,50.1,228.9,50.1,4.7,1080.0,850.0,79.0,36.0,79.6,99.0,7574
2025-01-21T09:26:33.000000+00:00,236.9,50.2,236.8,50.2,228.9,50.2,4.8,1100.0,880.0,80.0,37.0,79.6,99.0,7574
2025-01-21T09:27:33.000000+00:00,236.6,50.2,236.6,50.2,228.9,50.2,4.8,1110.0,890.0,80.0,37.0,79.6,99.0,7574
2025-01-21T09:28:33.000000+00:00,237.0,50.2,235.9,50.2,228.9,50.2,4.8,1090.0,870.0,80.0,36.0,79.6,99.0,7574
2025-01-21T09:29:33.000000+00:00,236.9,50.2,236.0,50.2,228.9,50.2,4.8,1100.0,890.0,81.0,36.0,79.6,99.0,7574
2025-01-21T09:30:33.000000+00:00,236.6,50.2,236.6,50.2,228.9,50.2,4.7,1080.0,850.0,79.0,36.0,79.6,99.0,7574
2025-01-21T09:31:33.000000+00:00,236.6,50.2,236.9,50.2,228.9,50.2,4.8,1100.0,890.0,81.0,36.0,79.6,99.0,7574
2025-01-21T09:32:33.000000+00:00,237.4,50.2,236.9,50.2,228.9,50.2,4.8,1090.0,870.0,80.0,36.0,79.6,99.0,7574
2025-01-21T09:33:33.000000+00:00,237.2,50.2,237.2,50.2,228.9,50.2,4.8,1090.0,860.0,79.0,36.0,79.6,99.0,7574
2025-01-21T09:34:33.000000+00:00,237.4,50.2,237.4,50.2,228.9,50.2,4.8,1090.0,870.0,80.0,37.0,79.6,99.0,7574
2025-01-21T09:35:33.000000+00:00,235.8,50.1,235.8,50.1,228.9,50.1,4.7,1080.0,850.0,79.0,37.0,79.6,99.0,7574
2025-01-21T09:36:33.000000+00:00,236.7,50.1,236.7,50.1,228.9,50.1,4.8,1090.0,870.0,80.0,37.0,79.6,99.0,7574
2025-01-21T09:37:33.000000+00:00,236.3,50.1,236.8,50.1,228.9,50.1,4.8,1090.0,870.0,80.0,37.0,79.6,99.0,7574
2025-01-21T09:38:33.000000+00:00,237.1,50.2,237.1,50.2,228.9,50.2,4.8,1090.0,870.0,80.0,37.0,79.6,99.0,7574
2025-01-21T09:39:33.000000+00:00,237.7,50.2,237.6,50.1,228.9,50.1,4.8,1090.0,870.0,80.0,36.0,79.6,99.0,7574
2025-01-21T09:40:33.000000+00:00,236.2,50.2,236.2,50.2,228.9,50.2,4.8,1090.0,870.0,80.0,37.0,79.6,99.0,7574
2025-01-21T09:41:33.000000+00:00,238.1,50.2,238.1,50.2,228.9,50.2,4.8,1110.0,890.0,80.0,37.0,79.6,99.0,7574
2025-01-21T09:42:33.000000+00:00,237.4,50.1,237.9,50.1,228.9,50.1,4.8,1100.0,880.0,80.0,36.0,79.6,99.0,7574
2025-01-21T09:43:33.000000+00:00,237.0,50.1,238.0,50.1,228.9,50.1,4.8,1100.0,870.0,79.0,36.0,79.6,99.0,7574
2025-01-21T09:44:33.000000+00:00,237.7,50.2,236.8,50.2,228.9,50.2,4.8,1090.0,870.0,80.0,36.0,79.6,99.0,7574
2025-01-21T09:45:33.000000+00:00,236.7,50.1,237.0,50.1,228.9,50.1,4.8,1090.0,860.0,79.0,36.0,79.6,99.0,7574
2025-01-21T09:46:33.000000+00:00,236.3,49.7,236.3,49.7,228.9,49.7,4.9,1110.0,880.0,79.0,37.0,79.6,99.0,7574
2025-01-21T09:47:33.000000+00:00,236.1,49.8,236.4,49.8,228.9,49.8,4.9,1120.0,880.0,79.0,37.0,79.6,99.0,7574
2025-01-21T09:48:33.000000+00:00,237.0,50.1,237.0,50.1,228.9,50.1,4.8,1100.0,880.0,80.0,36.0,79.6,99.0,7574
2025-01-21T09:49:33.000000+00:00,236.3,50.1,236.3,50.1,228.9,50.1,4.8,1110.0,890.0,80.0,37.0,79.6,99.0,7574
2025-01-21T09:50:33.000000+00:00,236.8,50.0,237.7,50.1,228.9,50.0,4.9,1120.0,900.0,80.0,37.0,79.6,99.0,7574
2025-01-21T09:51:33.000000+00:00,237.2,50.0,237.2,50.0,228.9,50.0,4.8,1100.0,880.0,80.0,37.0,79.6,99.0,7574
2025-01-21T09:52:33.000000+00:00,237.8,50.1,238.3,50.1,228.9,50.1,4.8,1090.0,870.0,80.0,37.0,79.6,99.0,7574
2025-01-21T09:53:33.000000+00:00,239.0,50.1,239.0,50.1,228.9,50.1,4.7,1080.0,850.0,79.0,36.0,79.6,99.0,7574
2025-01-21T09:54:33.000000+00:00,239.1,50.1,238.5,50.1,228.9,50.1,4.8,1100.0,870.0,79.0,37.0,79.6,99.0,7574
2025-01-21T09:55:33.000000+00:00,239.7,50.3,239.7,50.3,228.9,50.3,4.8,1100.0,890.0,81.0,37.0,79.6,99.0,7574
2025-01-21T09:56:33.000000+00:00,239.5,50.3,240.0,50.3,228.9,50.3,4.8,1100.0,880.0,80.0,36.0,79.6,99.0,7574
2025-01-21T09:57:33.000000+00:00,238.9,50.2,239.4,50.2,228.9,50.2,4.8,1090.0,870.0,80.0,36.0,79.6,99.0,7574
2025-01-21T09:58:33.000000+00:00,240.0,50.3,240.9,50.3,228.9,50.3,4.8,1080.0,870.0,81.0,36.0,79.6,99.0,7574
2025-01-21T09:59:33.000000+00:00,241.5,50.3,241.5,50.3,229.0,50.3,4.7,1080.0,860.0,80.0,36.0,79.6,99.0,7574
2025-01-21T10:00:33.000000+00:00,240.4,50.2,240.4,50.2,228.9,50.2,4.8,1090.0,870.0,80.0,36.0,79.6,99.0,7574
2025-01-21T10:01:33.000000+00:00,241.0,50.1,241.0,50.1,228.9,50.1,4.8,1090.0,870.0,80.0,36.0,79.6,99.0,7574
2025-01-21T10:02:33.000000+00:00,237.3,50.3,237.3,50.3,228.9,50.3,4.7,1090.0,870.0,80.0,36.0,79.6,99.0,7574
2025-01-21T10:03:34.000000+00:00,237.7,50.3,237.8,50.3,228.9,50.3,4.7,1080.0,860.0,80.0,36.0,79.6,99.0,7574
2025-01-21T10:04:34.000000+00:00,239.3,50.2,238.9,50.2,229.0,50.2,4.8,1090.0,870.0,80.0,36.0,79.6,99.0,7574
2025-01-21T10:05:34.000000+00:00,239.6,50.3,239.1,50.3,228.9,50.3,4.8,1090.0,870.0,80.0,36.0,79.6,99.0,7574
2025-01-21T10:06:34.000000+00:00,239.4,50.3,239.3,50.3,228.9,50.3,4.7,1070.0,850.0,79.0,36.0,79.6,99.0,7673
2025-01-21T10:07:34.000000+00:00,238.8,50.3,238.8,50.3,228.9,50.3,4.8,1090.0,870.0,80.0,36.0,79.6,99.0,7291
2025-01-21T10:08:34.000000+00:00,237.7,50.3,237.7,50.3,228.9,50.3,4.8,1090.0,870.0,80.0,36.0,79.6,99.0,7673
2025-01-21T10:09:34.000000+00:00,238.4,50.4,238.4,50.4,228.9,50.4,4.7,1080.0,860.0,80.0,36.0,79.6,99.0,7673
2025-01-21T10:10:34.000000+00:00,238.9,50.4,238.9,50.4,228.9,50.4,4.7,1070.0,850.0,79.0,36.0,79.6,99.0,7673
2025-01-21T10:11:34.000000+00:00,238.2,50.3,238.2,50.3,228.9,50.3,4.8,1090.0,870.0,80.0,36.0,79.6,99.0,7291
2025-01-21T10:12:34.000000+00:00,241.6,49.9,240.7,49.9,229.0,49.9,4.8,1110.0,880.0,79.0,37.0,79.6,99.0,7383
2025-01-21T10:13:34.000000+00:00,238.8,50.1,238.8,50.1,229.0,50.1,4.7,1090.0,860.0,79.0,36.0,79.6,99.0,7773
2025-01-21T10:14:34.000000+00:00,239.3,50.1,239.3,50.1,228.9,50.1,4.8,1090.0,870.0,80.0,36.0,79.6,99.0,7383
2025-01-21T10:15:34.000000+00:00,239.0,50.2,239.0,50.2,228.9,50.2,4.8,1100.0,870.0,79.0,37.0,79.6,99.0,7773
2025-01-21T10:16:34.000000+00:00,238.6,50.1,239.6,50.0,228.9,50.0,4.8,1100.0,870.0,79.0,37.0,79.6,99.0,7773
2025-01-21T10:17:34.000000+00:00,239.3,50.1,239.3,50.1,228.9,50.1,4.9,1110.0,900.0,81.0,37.0,79.6,99.0,7383
2025-01-21T10:18:34.000000+00:00,239.6,50.1,238.7,50.1,228.9,50.1,4.8,1090.0,870.0,80.0,37.0,79.6,99.0,7383
2025-01-21T10:19:34.000000+00:00,239.4,50.1,239.4,50.1,228.9,50.1,4.8,1100.0,870.0,79.0,37.0,79.6,99.0,7383
2025-01-21T10:20:34.000000+00:00,238.2,49.9,238.9,49.9,228.9,49.9,4.8,1090.0,860.0,79.0,36.0,79.6,99.0,7773
2025-01-21T10:21:34.000000+00:00,237.8,50.1,237.8,50.1,228.9,50.1,4.8,1100.0,870.0,79.0,37.0,79.6,99.0,7383
2025-01-21T10:22:34.000000+00:00,238.0,50.0,238.0,50.0,228.9,50.0,4.8,1100.0,870.0,79.0,37.0,79.6,99.0,7383
2025-01-21T10:23:34.000000+00:00,239.2,49.9,238.0,49.9,228.9,49.9,4.8,1090.0,860.0,79.0,36.0,79.6,99.0,7383
2025-01-21T10:24:34.000000+00:00,239.4,50.0,239.1,50.0,228.9,50.0,4.8,1110.0,890.0,80.0,37.0,79.6,99.0,7383
2025-01-21T10:25:34.000000+00:00,239.2,50.1,239.3,50.1,228.9,50.1,4.8,1110.0,890.0,80.0,37.0,79.6,99.0,7383
2025-01-21T10:26:34.000000+00:00,238.4,50.1,238.7,50.1,228.9,50.1,4.8,1100.0,880.0,80.0,36.0,79.6,99.0,7773
2025-01-21T10:27:34.000000+00:00,238.2,50.0,238.2,50.0,228.9,50.0,4.8,1100.0,880.0,80.0,37.0,79.6,99.0,7383
2025-01-21T10:28:34.000000+00:00,239.0,50.1,239.0,50.1,228.9,50.1,4.8,1100.0,880.0,80.0,37.0,79.6,99.0,7383
2025-01-21T10:29:34.000000+00:00,239.8,50.2,239.8,50.2,228.9,50.2,4.8,1090.0,870.0,80.0,37.0,79.6,99.0,7291
2025-01-21T10:30:34.000000+00:00,238.9,50.1,238.9,50.1,228.9,50.1,4.8,1090.0,860.0,79.0,36.0,79.6,99.0,7673
2025-01-21T10:31:34.000000+00:00,239.5,50.2,238.6,50.2,228.9,50.2,4.8,1090.0,870.0,80.0,37.0,79.6,99.0,7673
2025-01-21T10:32:34.000000+00:00,238.4,50.0,238.4,50.0,228.9,50.0,4.8,1110.0,880.0,79.0,37.0,79.6,99.0,7673
2025-01-21T10:33:34.000000+00:00,239.1,50.2,240.1,50.2,228.9,50.2,4.7,1080.0,850.0,79.0,36.0,79.6,99.0,7291
2025-01-21T10:34:34.000000+00:00,240.2,50.1,240.2,50.1,228.9,50.1,4.9,1120.0,900.0,80.0,36.0,79.6,99.0,7291
2025-01-21T10:35:34.000000+00:00,240.1,50.1,240.1,50.1,228.9,50.1,4.9,1110.0,890.0,80.0,37.0,79.6,99.0,7291
2025-01-21T10:36:34.000000+00:00,239.8,50.1,239.8,50.1,228.9,50.1,4.7,1080.0,860.0,80.0,36.0,79.6,99.0,7291
2025-01-21T10:37:34.000000+00:00,240.0,50.0,240.0,50.0,228.9,50.0,4.8,1110.0,880.0,79.0,37.0,79.6,99.0,7291
2025-01-21T10:38:34.000000+00:00,240.0,50.1,240.0,50.1,228.9,50.1,4.8,1100.0,870.0,79.0,37.0,79.6,99.0,7291
2025-01-21T10:39:34.000000+00:00,240.5,50.0,240.5,50.0,228.9,50.0,4.8,1100.0,870.0,79.0,37.0,79.6,99.0,7383
2025-01-21T10:40:34.000000+00:00,239.9,50.1,240.4,50.1,228.9,50.1,4.7,1080.0,850.0,79.0,36.0,79.6,99.0,7383
2025-01-21T10:41:34.000000+00:00,239.8,50.0,239.8,50.0,228.9,49.9,4.9,1110.0,890.0,80.0,37.0,79.6,99.0,7383
2025-01-21T10:42:34.000000+00:00,239.8,49.9,240.3,49.9,228.9,49.9,4.8,1110.0,880.0,79.0,37.0,79.6,99.0,7291
2025-01-21T10:43:34.000000+00:00,239.9,49.9,239.9,49.9,228.9,49.9,4.9,1110.0,880.0,79.0,36.0,79.6,99.0,7291
2025-01-21T10:44:34.000000+00:00,239.7,50.0,240.0,50.0,228.9,50.0,4.8,1100.0,880.0,80.0,37.0,79.6,99.0,7291
2025-01-21T10:45:34.000000+00:00,239.8,50.1,239.8,50.1,228.9,50.1,4.7,1090.0,850.0,78.0,36.0,79.6,99.0,7673
2025-01-21T10:46:34.000000+00:00,239.7,50.0,239.7,50.0,228.9,50.0,4.8,1100.0,880.0,80.0,37.0,79.6,99.0,7291
2025-01-21T10:47:34.000000+00:00,240.2,50.1,240.3,50.0,228.9,50.1,4.8,1100.0,880.0,80.0,37.0,79.6,99.0,7574
2025-01-21T10:48:34.000000+00:00,241.3,50.1,240.9,50.1,228.9,50.1,4.8,1090.0,860.0,79.0,37.0,79.6,99.0,7574
2025-01-21T10:49:34.000000+00:00,240.8,50.1,240.8,50.1,228.9,50.1,4.8,1100.0,880.0,80.0,36.0,79.6,99.0,7574
2025-01-21T10:50:34.000000+00:00,240.5,50.1,240.5,50.1,228.9,50.1,4.8,1110.0,890.0,80.0,37.0,79.6,99.0,7574
2025-01-21T10:51:34.000000+00:00,240.6,50.1,241.5,50.1,228.9,50.1,4.8,1090.0,860.0,79.0,37.0,79.6,99.0,7291
2025-01-21T10:52:34.000000+00:00,240.1,50.0,241.0,50.0,228.9,50.0,4.8,1100.0,870.0,79.0,37.0,79.6,99.0,7673
2025-01-21T10:53:34.000000+00:00,240.0,50.2,240.0,50.2,228.9,50.2,4.7,1080.0,850.0,79.0,36.0,79.6,99.0,7773
2025-01-21T10:54:34.000000+00:00,239.9,50.2,240.4,50.2,228.9,50.2,4.8,1090.0,870.0,80.0,36.0,79.6,99.0,7383
2025-01-21T10:55:34.000000+00:00,240.3,50.2,241.0,50.2,228.9,50.2,4.8,1090.0,860.0,79.0,36.0,79.6,99.0,7773
2025-01-21T10:56:34.000000+00:00,240.4,50.2,241.4,50.2,228.9,50.2,4.8,1090.0,870.0,80.0,36.0,79.6,99.0,7383
2025-01-21T10:57:34.000000+00:00,239.5,50.2,240.3,50.2,228.9,50.2,4.8,1090.0,880.0,81.0,37.0,79.6,99.0,7383
2025-01-21T10:58:34.000000+00:00,239.0,50.2,239.0,50.2,228.9,50.2,4.9,1120.0,900.0,80.0,37.0,79.6,99.0,7383
2025-01-21T10:59:34.000000+00:00,239.6,50.1,239.6,50.1,228.9,50.1,4.8,1110.0,890.0,80.0,37.0,79.6,99.0,7383
2025-01-21T11:00:34.000000+00:00,239.2,50.1,239.1,50.1,228.9,50.1,4.8,1100.0,870.0,79.0,37.0,79.6,99.0,7773
2025-01-21T11:01:34.000000+00:00,239.4,50.0,238.3,50.0,228.9,50.0,4.8,1100.0,870.0,79.0,37.0,79.6,99.0,7673
2025-01-21T11:02:34.000000+00:00,239.9,50.1,239.9,50.1,228.9,50.1,4.8,1090.0,870.0,80.0,36.0,79.6,99.0,7673
2025-01-21T11:03:34.000000+00:00,239.0,50.1,239.0,50.1,228.9,50.1,4.8,1090.0,860.0,79.0,36.0,79.5,99.0,7673
2025-01-21T11:04:34.000000+00:00,238.6,50.1,238.6,50.1,228.9,50.1,4.8,1100.0,870.0,79.0,36.0,79.5,99.0,7291
2025-01-21T11:05:34.000000+00:00,238.8,50.1,238.7,50.1,228.9,50.1,4.8,1100.0,880.0,80.0,37.0,79.5,99.0,7773
2025-01-21T11:06:35.000000+00:00,239.0,50.1,239.3,50.1,228.9,50.1,4.9,1120.0,900.0,80.0,36.0,79.5,99.0,7383
2025-01-21T11:07:35.000000+00:00,237.6,50.1,237.6,50.0,228.9,50.0,4.8,1100.0,870.0,79.0,37.0,79.5,99.0,7383
2025-01-21T11:08:35.000000+00:00,237.7,50.0,237.7,50.0,228.9,50.0,4.7,1080.0,850.0,79.0,36.0,79.5,99.0,7773
2025-01-21T11:09:35.000000+00:00,237.6,50.0,238.0,50.0,228.9,50.0,4.8,1100.0,870.0,79.0,37.0,79.5,99.0,7291
2025-01-21T11:10:35.000000+00:00,237.4,50.0,237.6,50.0,229.0,50.0,4.8,1090.0,850.0,78.0,37.0,79.5,99.0,7673
2025-01-21T11:11:35.000000+00:00,237.8,50.0,237.8,50.0,228.9,50.0,4.8,1110.0,890.0,80.0,37.0,79.5,99.0,7673
2025-01-21T11:12:35.000000+00:00,238.3,50.1,238.3,50.1,228.9,50.1,4.8,1100.0,870.0,79.0,36.0,79.6,99.0,7673
2025-01-21T11:13:35.000000+00:00,236.9,50.1,236.9,50.1,228.9,50.1,4.7,1080.0,850.0,79.0,36.0,79.6,99.0,7773
2025-01-21T11:14:35.000000+00:00,236.9,50.0,237.4,50.0,228.9,50.0,4.8,1100.0,870.0,79.0,37.0,79.5,99.0,7383
2025-01-21T11:15:35.000000+00:00,238.2,50.0,238.2,50.0,228.9,50.0,4.8,1110.0,880.0,79.0,37.0,79.6,99.0,7773
2025-01-21T11:16:35.000000+00:00,236.5,49.9,236.5,49.9,228.9,49.9,4.7,1090.0,850.0,78.0,37.0,79.5,99.0,7773
2025-01-21T11:17:35.000000+00:00,236.3,49.9,236.7,49.9,228.9,49.9,4.8,1100.0,870.0,79.0,38.0,79.5,99.0,7673
2025-01-21T11:18:35.000000+00:00,236.4,50.0,236.3,50.0,228.9,50.0,4.8,1090.0,850.0,78.0,36.0,79.5,99.0,7673
2025-01-21T11:19:35.000000+00:00,237.0,50.1,237.0,50.1,228.9,50.1,4.8,1110.0,890.0,80.0,36.0,79.6,99.0,7291
2025-01-21T11:20:35.000000+00:00,236.6,50.0,236.6,50.0,228.9,50.0,4.8,1090.0,860.0,79.0,37.0,79.5,99.0,7773
2025-01-21T11:21:35.000000+00:00,236.0,49.9,236.0,49.9,228.9,49.9,4.8,1100.0,870.0,79.0,37.0,79.5,99.0,7773
2025-01-21T11:22:35.000000+00:00,235.9,49.9,235.9,49.9,228.9,49.9,4.8,1100.0,870.0,79.0,37.0,79.6,99.0,7291
2025-01-21T11:23:35.000000+00:00,235.3,49.9,235.3,49.9,228.9,49.9,4.8,1090.0,850.0,78.0,36.0,79.6,99.0,7773
2025-01-21T11:24:35.000000+00:00,235.6,49.9,235.6,49.9,228.9,49.9,4.8,1100.0,870.0,79.0,37.0,79.6,99.0,7383
2025-01-21T11:25:35.000000+00:00,236.2,50.0,236.0,50.0,228.9,50.0,4.8,1110.0,890.0,80.0,37.0,79.6,99.0,7383
2025-01-21T11:26:35.000000+00:00,236.1,50.0,236.1,50.0,228.9,50.0,4.8,1100.0,870.0,79.0,36.0,79.5,99.0,7383
2025-01-21T11:27:35.000000+00:00,236.4,50.0,236.0,50.0,228.9,50.0,4.9,1120.0,890.0,79.0,37.0,79.5,99.0,7383
2025-01-21T11:28:35.000000+00:00,236.8,50.0,236.9,50.0,228.9,50.0,4.8,1100.0,880.0,80.0,37.0,79.5,99.0,7383
2025-01-21T11:29:35.000000+00:00,236.2,50.0,236.2,50.0,228.9,50.0,4.8,1110.0,880.0,79.0,37.0,79.5,99.0,7383
2025-01-21T11:30:35.000000+00:00,237.0,49.9,236.6,49.9,228.9,49.9,4.8,1090.0,860.0,79.0,36.0,79.5,99.0,7773
2025-01-21T11:31:35.000000+00:00,236.2,50.0,236.7,50.0,228.9,50.0,4.8,1110.0,880.0,79.0,37.0,79.5,99.0,7574
2025-01-21T11:32:35.000000+00:00,237.4,49.9,237.0,49.9,228.9,49.9,4.8,1110.0,870.0,78.0,37.0,79.5,99.0,7574
2025-01-21T11:33:35.000000+00:00,236.7,49.9,236.6,49.9,228.9,49.9,4.8,1090.0,860.0,79.0,36.0,79.5,99.0,7574
2025-01-21T11:34:35.000000+00:00,237.3,49.9,236.4,49.9,228.9,49.9,4.9,1120.0,890.0,79.0,37.0,79.5,99.0,7574
2025-01-21T11:35:35.000000+00:00,235.9,50.0,236.4,50.0,228.9,50.0,4.8,1100.0,880.0,80.0,36.0,79.5,99.0,7574
2025-01-21T11:36:35.000000+00:00,236.7,50.2,236.7,50.2,228.9,50.2,4.7,1080.0,860.0,80.0,36.0,79.5,99.0,7574
2025-01-21T11:37:35.000000+00:00,235.8,50.1,235.8,50.1,228.9,50.1,4.8,1100.0,870.0,79.0,37.0,79.5,99.0,7574
2025-01-21T11:38:35.000000+00:00,236.0,50.1,235.6,50.1,228.9,50.1,4.8,1080.0,860.0,80.0,36.0,79.5,99.0,7574
2025-01-21T11:39:35.000000+00:00,234.9,50.1,235.9,50.1,228.9,50.1,4.8,1100.0,880.0,80.0,37.0,79.5,99.0,7574
2025-01-21T11:40:35.000000+00:00,234.8,50.0,234.8,50.0,228.9,50.0,4.8,1090.0,860.0,79.0,36.0,79.5,99.0,7574
2025-01-21T11:41:35.000000+00:00,235.9,50.1,235.4,50.1,228.9,50.1,4.8,1100.0,870.0,79.0,37.0,79.5,99.0,7574
2025-01-21T11:42:35.000000+00:00,236.6,50.2,236.6,50.2,228.9,50.2,4.8,1090.0,870.0,80.0,36.0,79.5,99.0,7574
2025-01-21T11:43:35.000000+00:00,235.2,50.2,235.2,50.2,228.9,50.2,4.7,1080.0,860.0,80.0,36.0,79.5,99.0,7574
2025-01-21T11:44:35.000000+00:00,235.9,50.2,235.9,50.2,228.9,50.2,4.8,1110.0,890.0,80.0,36.0,79.5,99.0,7574
2025-01-21T11:45:35.000000+00:00,235.4,50.2,235.4,50.2,228.9,50.2,4.7,1090.0,860.0,79.0,37.0,79.5,99.0,7574
2025-01-21T11:46:35.000000+00:00,236.3,50.1,236.3,50.1,228.9,50.1,4.7,1080.0,850.0,79.0,36.0,79.5,99.0,7574
2025-01-21T11:47:35.000000+00:00,237.0,50.1,236.5,50.1,228.9,50.1,4.8,1090.0,870.0,80.0,36.0,79.5,99.0,7574
2025-01-21T11:48:35.000000+00:00,235.7,50.1,236.3,50.1,228.9,50.1,4.7,1080.0,850.0,79.0,36.0,79.5,99.0,7574
2025-01-21T11:49:35.000000+00:00,235.1,50.2,236.0,50.2,228.9,50.2,4.8,1090.0,870.0,80.0,36.0,79.5,99.0,7574
2025-01-21T11:50:35.000000+00:00,234.8,50.2,235.3,50.2,228.9,50.2,4.8,1090.0,870.0,80.0,36.0,79.5,99.0,7574
2025-01-21T11:51:35.000000+00:00,235.2,50.1,235.0,50.1,228.9,50.1,4.8,1090.0,870.0,80.0,37.0,79.5,99.0,7574
2025-01-21T11:52:35.000000+00:00,235.6,50.2,235.2,50.2,228.9,50.2,4.8,1090.0,870.0,80.0,36.0,79.5,99.0,7673
2025-01-21T11:53:35.000000+00:00,235.0,50.1,235.0,50.1,228.9,50.1,4.7,1080.0,850.0,79.0,36.0,79.5,99.0,7478
2025-01-21T11:54:35.000000+00:00,233.6,50.1,234.3,50.1,228.9,50.0,4.8,1100.0,880.0,80.0,37.0,79.5,99.0,7478
2025-01-21T11:55:35.000000+00:00,235.0,50.1,235.0,50.1,228.9,50.1,4.7,1080.0,850.0,79.0,37.0,79.5,99.0,7478
2025-01-21T11:56:35.000000+00:00,234.6,50.1,234.7,50.1,228.9,50.1,4.8,1110.0,890.0,80.0,36.0,79.5,99.0,7478
2025-01-21T11:57:35.000000+00:00,233.8,50.2,234.8,50.2,228.9,50.2,4.8,1100.0,870.0,79.0,36.0,79.5,99.0,7478
2025-01-21T11:58:35.000000+00:00,234.9,50.1,235.4,50.1,228.9,50.1,4.7,1080.0,850.0,79.0,36.0,79.5,99.0,7478
2025-01-21T11:59:35.000000+00:00,235.2,50.1,235.1,50.1,228.9,50.1,4.8,1100.0,870.0,79.0,36.0,79.5,99.0,7478
2025-01-21T12:00:35.000000+00:00,236.8,50.2,236.8,50.2,228.9,50.2,4.7,1080.0,860.0,80.0,36.0,79.5,99.0,7478
2025-01-21T12:01:35.000000+00:00,235.4,50.0,235.4,50.0,228.9,50.0,4.8,1100.0,870.0,79.0,37.0,79.5,99.0,7478
2025-01-21T12:02:35.000000+00:00,235.5,50.1,235.5,50.1,228.9,50.1,4.8,1090.0,870.0,80.0,37.0,79.5,99.0,7383
2025-01-21T12:03:35.000000+00:00,235.5,50.0,235.3,50.0,228.9,50.0,4.7,1080.0,850.0,79.0,36.0,79.5,99.0,7383
2025-01-21T12:04:35.000000+00:00,235.6,50.0,236.0,50.0,228.9,50.0,4.8,1110.0,880.0,79.0,37.0,79.5,99.0,7291
2025-01-21T12:05:35.000000+00:00,236.3,50.0,235.8,50.0,228.9,50.0,4.8,1100.0,870.0,79.0,37.0,79.5,99.0,7291
2025-01-21T12:06:35.000000+00:00,236.8,50.0,236.8,50.0,228.9,50.1,4.8,1090.0,860.0,79.0,36.0,79.5,99.0,7773
2025-01-21T12:07:35.000000+00:00,236.5,50.1,237.0,50.1,229.0,50.1,4.8,1100.0,870.0,79.0,36.0,79.5,99.0,7383
2025-01-21T12:08:35.000000+00:00,238.0,50.2,238.0,50.2,228.9,50.2,4.7,1080.0,860.0,80.0,36.0,79.5,99.0,7773
2025-01-21T12:09:35.000000+00:00,236.4,50.1,236.0,50.1,228.9,50.1,4.8,1100.0,880.0,80.0,37.0,79.5,99.0,7383
2025-01-21T12:10:36.000000+00:00,235.6,50.1,235.9,50.1,228.9,50.1,4.9,1120.0,890.0,79.0,37.0,79.5,99.0,7478
2025-01-21T12:11:36.000000+00:00,236.3,50.1,236.7,50.1,228.9,50.1,4.8,1100.0,880.0,80.0,37.0,79.5,99.0,7478
2025-01-21T12:12:36.000000+00:00,236.0,50.1,236.5,50.1,228.9,50.1,4.8,1090.0,870.0,80.0,36.0,79.5,99.0,7478
2025-01-21T12:13:36.000000+00:00,236.4,50.1,236.4,50.1,228.9,50.1,4.7,1080.0,850.0,79.0,36.0,79.5,99.0,7478
2025-01-21T12:14:36.000000+00:00,235.5,50.0,235.5,50.0,228.9,50.0,4.9,1110.0,890.0,80.0,37.0,79.5,99.0,7478
2025-01-21T12:15:36.000000+00:00,235.5,50.0,235.5,50.0,228.9,50.0,4.8,1100.0,880.0,80.0,37.0,79.5,99.0,7478
2025-01-21T12:16:36.000000+00:00,235.6,50.0,235.6,50.0,228.9,50.0,4.7,1090.0,850.0,78.0,36.0,79.5,99.0,7478
2025-01-21T12:17:36.000000+00:00,235.2,50.0,235.1,50.0,228.9,50.0,4.8,1100.0,880.0,80.0,37.0,79.5,99.0,7478
2025-01-21T12:18:36.000000+00:00,235.6,50.1,235.6,50.1,228.9,50.1,4.8,1100.0,870.0,79.0,37.0,79.5,99.0,7478
2025-01-21T12:19:36.000000+00:00,234.6,50.0,235.0,50.0,228.9,50.0,4.8,1100.0,870.0,79.0,37.0,79.5,99.0,7478
2025-01-21T12:20:36.000000+00:00,235.4,49.9,234.2,49.9,228.9,49.9,4.8,1110.0,880.0,79.0,37.0,79.5,99.0,7478
2025-01-21T12:21:36.000000+00:00,234.5,50.0,235.0,50.0,228.9,50.0,4.8,1100.0,880.0,80.0,37.0,79.5,99.0,7478
2025-01-21T12:22:36.000000+00:00,235.2,50.0,235.2,50.0,228.9,50.0,4.8,1100.0,870.0,79.0,37.0,79.5,99.0,7478
2025-01-21T12:23:36.000000+00:00,235.0,50.1,235.0,50.1,228.9,50.1,4.7,1080.0,850.0,79.0,36.0,79.5,99.0,7478
2025-01-21T12:24:36.000000+00:00,234.8,50.1,234.8,50.1,228.9,50.1,4.8,1100.0,870.0,79.0,37.0,79.5,99.0,7478
2025-01-21T12:25:36.000000+00:00,234.2,50.1,234.3,50.1,228.9,50.1,4.8,1100.0,870.0,79.0,37.0,79.5,99.0,7478
2025-01-21T12:26:36.000000+00:00,234.9,50.1,234.9,50.1,228.9,50.1,4.8,1100.0,870.0,79.0,37.0,79.5,99.0,7478
2025-01-21T12:27:36.000000+00:00,235.4,50.1,235.4,50.1,228.9,50.1,4.8,1110.0,890.0,80.0,37.0,79.5,99.0,7478
2025-01-21T12:28:36.000000+00:00,235.9,50.2,236.4,50.2,228.9,50.2,4.8,1090.0,870.0,80.0,36.0,79.5,99.0,7478
2025-01-21T12:29:36.000000+00:00,235.3,50.0,235.2,50.0,228.9,50.0,4.8,1100.0,870.0,79.0,37.0,79.5,99.0,7478
2025-01-21T12:30:36.000000+00:00,235.7,50.1,235.7,50.1,228.9,50.1,4.8,1090.0,860.0,79.0,37.0,79.5,99.0,7478
2025-01-21T12:31:36.000000+00:00,236.6,50.1,236.6,50.1,228.9,50.1,4.8,1090.0,870.0,80.0,36.0,79.5,99.0,7478
2025-01-21T12:32:36.000000+00:00,236.8,50.2,236.8,50.2,228.9,50.2,4.8,1090.0,870.0,80.0,36.0,79.5,99.0,7478
2025-01-21T12:33:36.000000+00:00,237.2,50.2,236.6,50.3,228.9,50.3,4.7,1080.0,850.0,79.0,36.0,79.5,99.0,7478
2025-01-21T12:34:36.000000+00:00,236.8,50.2,237.5,50.2,228.9,50.2,4.9,1110.0,900.0,81.0,37.0,79.5,99.0,7478
2025-01-21T12:35:36.000000+00:00,236.5,50.3,236.5,50.3,228.9,50.3,4.8,1080.0,870.0,81.0,36.0,79.5,99.0,7478
2025-01-21T12:36:36.000000+00:00,236.7,50.4,236.7,50.4,228.9,50.4,4.7,1090.0,870.0,80.0,36.0,79.5,99.0,7478
2025-01-21T12:37:36.000000+00:00,236.2,50.3,236.2,50.3,228.9,50.3,4.8,1090.0,870.0,80.0,37.0,79.5,99.0,7383
2025-01-21T12:38:36.000000+00:00,235.2,50.2,235.7,50.2,228.9,50.2,4.7,1090.0,860.0,79.0,36.0,79.5,99.0,7773
2025-01-21T12:39:36.000000+00:00,236.2,50.3,236.2,50.3,228.9,50.2,4.8,1090.0,870.0,80.0,37.0,79.5,99.0,7383
2025-01-21T12:40:36.000000+00:00,234.6,50.3,234.7,50.3,228.9,50.3,4.8,1090.0,870.0,80.0,36.0,79.5,99.0,7383
2025-01-21T12:41:36.000000+00:00,235.4,50.1,235.0,50.1,228.9,50.2,4.8,1110.0,880.0,79.0,37.0,79.5,99.0,7773
2025-01-21T12:42:36.000000+00:00,235.0,50.2,235.0,50.2,228.9,50.2,4.8,1090.0,870.0,80.0,37.0,79.5,99.0,7773
2025-01-21T12:43:36.000000+00:00,235.4,50.2,234.9,50.1,228.9,50.2,4.7,1080.0,850.0,79.0,36.0,79.5,99.0,7773
2025-01-21T12:43:59.000000+00:00,234.1,50.1,234.1,50.1,228.9,50.1,4.8,1100.0,880.0,80.0,37.0,79.5,99.0,7773
2025-01-21T12:44:10.000000+00:00,239.6,50.1,239.4,50.1,229.0,49.9,4.8,1110.0,890.0,80.0,37.0,79.5,99.0,7383
2025-01-21T12:44:36.000000+00:00,238.5,50.2,238.5,50.1,229.0,50.2,4.8,1100.0,880.0,80.0,36.0,79.5,99.0,7383
2025-01-21T12:45:36.000000+00:00,238.2,50.2,238.1,50.2,228.9,50.2,4.8,1110.0,890.0,80.0,37.0,79.5,99.0,7773
2025-01-21T12:46:36.000000+00:00,236.4,50.1,236.4,50.1,228.9,50.1,4.8,1080.0,860.0,80.0,36.0,79.5,99.0,7773
2025-01-21T12:47:36.000000+00:00,235.6,50.0,236.1,50.0,228.9,50.0,4.8,1100.0,880.0,80.0,37.0,79.5,99.0,7383
2025-01-21T12:48:36.000000+00:00,236.1,50.1,236.1,50.1,228.9,50.1,4.8,1090.0,860.0,79.0,36.0,79.5,99.0,7773
2025-01-21T12:49:36.000000+00:00,235.5,50.2,236.0,50.2,228.9,50.2,4.8,1100.0,880.0,80.0,37.0,79.5,99.0,7673
2025-01-21T12:50:36.000000+00:00,236.2,50.1,235.7,50.1,228.9,50.1,4.8,1100.0,880.0,80.0,37.0,79.5,99.0,7291
2025-01-21T12:51:36.000000+00:00,236.8,50.1,236.8,50.1,228.9,50.1,4.8,1100.0,880.0,80.0,36.0,79.5,99.0,7773
2025-01-21T12:52:36.000000+00:00,235.3,50.1,236.3,50.1,228.9,50.1,4.8,1100.0,870.0,79.0,37.0,79.5,99.0,7773
2025-01-21T12:53:36.000000+00:00,236.5,50.1,236.5,50.1,228.9,50.1,4.8,1090.0,860.0,79.0,36.0,79.5,99.0,7773
2025-01-21T12:54:36.000000+00:00,235.2,50.1,236.3,50.1,228.9,50.1,4.8,1100.0,870.0,79.0,37.0,79.5,99.0,7291
2025-01-21T12:55:36.000000+00:00,235.3,50.0,235.8,50.0,228.9,50.0,4.8,1100.0,870.0,79.0,37.0,79.5,99.0,7383
2025-01-21T12:56:36.000000+00:00,236.0,50.1,236.0,50.1,228.9,50.1,4.8,1100.0,880.0,80.0,37.0,79.5,99.0,7773
2025-01-21T12:57:36.000000+00:00,235.7,50.0,235.7,50.0,228.9,50.0,4.8,1100.0,880.0,80.0,36.0,79.5,99.0,7383
2025-01-21T12:58:36.000000+00:00,234.9,50.1,235.5,50.1,228.9,50.1,4.7,1090.0,860.0,79.0,36.0,79.5,99.0,7773
2025-01-21T12:59:36.000000+00:00,234.6,50.2,235.6,50.2,228.9,50.2,4.8,1090.0,870.0,80.0,37.0,79.5,99.0,7383
2025-01-21T13:00:36.000000+00:00,233.6,50.1,234.1,50.1,228.9,50.1,4.8,1100.0,880.0,80.0,37.0,79.5,99.0,7383
2025-01-21T13:01:36.000000+00:00,234.6,50.1,234.0,50.1,228.9,50.1,4.8,1090.0,870.0,80.0,36.0,79.5,99.0,7773
2025-01-21T13:02:36.000000+00:00,233.8,50.2,233.8,50.2,228.9,50.2,4.8,1090.0,870.0,80.0,36.0,79.5,99.0,7673
2025-01-21T13:03:36.000000+00:00,234.0,50.1,234.0,50.1,228.9,50.1,4.8,1090.0,860.0,79.0,36.0,79.5,99.0,7383
2025-01-21T13:04:36.000000+00:00,234.4,50.0,234.4,50.0,228.9,50.0,4.9,1120.0,900.0,80.0,37.0,79.5,99.0,7291
2025-01-21T13:05:36.000000+00:00,235.1,50.0,234.8,50.0,228.9,50.0,4.9,1110.0,890.0,80.0,37.0,79.5,99.0,7773
2025-01-21T13:06:36.000000+00:00,235.0,50.1,234.5,50.1,228.9,50.1,4.8,1100.0,870.0,79.0,37.0,79.5,99.0,7291
2025-01-21T13:07:36.000000+00:00,234.5,50.2,234.5,50.1,228.9,50.1,4.8,1110.0,890.0,80.0,37.0,79.5,99.0,7673
2025-01-21T13:08:36.000000+00:00,234.7,50.2,235.1,50.2,228.9,50.2,4.8,1100.0,880.0,80.0,36.0,79.5,99.0,7673
2025-01-21T13:09:36.000000+00:00,234.7,50.2,234.8,50.2,228.9,50.2,4.8,1090.0,870.0,80.0,37.0,79.5,99.0,7673
2025-01-21T13:10:36.000000+00:00,234.8,50.2,234.8,50.2,228.9,50.2,4.8,1090.0,870.0,80.0,36.0,79.5,99.0,7773
2025-01-21T13:11:36.000000+00:00,233.7,50.2,234.6,50.2,228.9,50.2,4.8,1100.0,880.0,80.0,37.0,79.5,99.0,7383
2025-01-21T13:12:36.000000+00:00,234.4,50.2,234.4,50.2,228.9,50.2,4.8,1090.0,870.0,80.0,36.0,79.5,99.0,7383
2025-01-21T13:13:36.000000+00:00,235.0,50.2,235.0,50.2,228.9,50.2,4.7,1070.0,840.0,79.0,36.0,79.5,99.0,7773
2025-01-21T13:14:36.000000+00:00,233.9,50.2,233.9,50.2,228.9,50.2,4.7,1080.0,860.0,80.0,36.0,79.5,99.0,7383
2025-01-21T13:15:36.000000+00:00,234.3,50.2,233.3,50.2,228.9,50.2,4.7,1070.0,840.0,79.0,36.0,79.5,99.0,7773
2025-01-21T13:16:37.000000+00:00,233.8,50.1,233.8,50.1,228.9,50.1,4.8,1090.0,870.0,80.0,37.0,79.5,99.0,7383
2025-01-21T13:17:37.000000+00:00,233.6,50.1,233.6,50.1,228.9,50.1,4.9,1110.0,900.0,81.0,37.0,79.5,99.0,7383
2025-01-21T13:18:37.000000+00:00,234.3,50.2,234.7,50.2,228.9,50.2,4.7,1080.0,860.0,80.0,36.0,79.5,99.0,7383
2025-01-21T13:19:37.000000+00:00,234.2,50.1,234.2,50.1,228.9,50.1,4.8,1100.0,880.0,80.0,37.0,79.5,99.0,7383
2025-01-21T13:20:37.000000+00:00,235.6,50.2,235.6,50.2,228.9,50.2,4.8,1090.0,870.0,80.0,36.0,79.5,99.0,7773
2025-01-21T13:21:37.000000+00:00,235.5,50.2,234.6,50.2,228.9,50.2,4.8,1100.0,880.0,80.0,36.0,79.5,99.0,7383
2025-01-21T13:22:37.000000+00:00,235.0,50.2,235.6,50.2,228.9,50.2,4.8,1090.0,870.0,80.0,36.0,79.5,99.0,7383
2025-01-21T13:23:37.000000+00:00,235.5,50.2,236.0,50.2,228.9,50.2,4.7,1080.0,860.0,80.0,36.0,79.5,99.0,7773
2025-01-21T13:24:37.000000+00:00,235.3,50.1,235.3,50.2,228.9,50.2,4.8,1090.0,870.0,80.0,37.0,79.5,99.0,7383
2025-01-21T13:25:37.000000+00:00,235.2,50.2,235.2,50.2,228.9,50.2,4.8,1090.0,870.0,80.0,36.0,79.5,99.0,7773
2025-01-21T13:26:37.000000+00:00,234.2,50.2,233.7,50.2,228.9,50.2,4.8,1090.0,860.0,79.0,36.0,79.5,99.0,7673
2025-01-21T13:27:37.000000+00:00,234.2,50.1,234.2,50.1,228.9,50.1,4.8,1100.0,880.0,80.0,37.0,79.5,99.0,7291
2025-01-21T13:28:37.000000+00:00,234.6,50.3,234.6,50.3,228.9,50.3,4.8,1090.0,880.0,81.0,36.0,79.5,99.0,7673
2025-01-21T13:29:37.000000+00:00,234.8,50.2,234.8,50.2,228.9,50.2,4.8,1090.0,870.0,80.0,36.0,79.5,99.0,7291
2025-01-21T13:30:37.000000+00:00,234.8,50.2,234.8,50.2,228.9,50.2,4.7,1080.0,860.0,80.0,36.0,79.5,99.0,7673
2025-01-21T13:31:37.000000+00:00,234.9,50.3,234.9,50.3,228.9,50.3,4.8,1090.0,870.0,80.0,36.0,79.5,99.0,7291
2025-01-21T13:32:37.000000+00:00,236.3,50.4,236.3,50.4,228.9,50.4,4.8,1090.0,870.0,80.0,36.0,79.5,99.0,7673
2025-01-21T13:33:37.000000+00:00,236.5,50.3,236.6,50.3,228.9,50.3,4.7,1080.0,860.0,80.0,36.0,79.5,99.0,7673
2025-01-21T13:34:37.000000+00:00,236.8,50.3,235.9,50.3,228.9,50.3,4.9,1110.0,900.0,80.0,36.0,79.5,99.0,7673
2025-01-21T13:35:37.000000+00:00,237.5,50.4,236.6,50.3,228.9,50.3,4.7,1080.0,870.0,81.0,36.0,79.5,99.0,7673
2025-01-21T13:36:37.000000+00:00,237.5,50.3,236.8,50.3,228.9,50.3,4.7,1070.0,850.0,79.0,36.0,79.5,99.0,7673
2025-01-21T13:37:37.000000+00:00,237.7,50.4,237.9,50.3,228.9,50.3,4.7,1080.0,870.0,81.0,36.0,79.5,99.0,7673
2025-01-21T13:38:37.000000+00:00,238.0,50.3,237.0,50.3,228.9,50.3,4.7,1070.0,840.0,79.0,36.0,79.5,99.0,7673
2025-01-21T13:39:37.000000+00:00,238.1,50.3,237.1,50.3,228.9,50.3,4.7,1080.0,860.0,80.0,36.0,79.5,99.0,7673
2025-01-21T13:40:37.000000+00:00,237.7,50.4,237.7,50.4,228.9,50.4,4.7,1090.0,870.0,80.0,36.0,79.5,99.0,7673
2025-01-21T13:41:37.000000+00:00,237.5,50.3,237.5,50.3,228.9,50.3,4.8,1100.0,880.0,80.0,36.0,79.5,99.0,7673
2025-01-21T13:42:37.000000+00:00,238.3,50.3,237.8,50.3,228.9,50.3,4.8,1090.0,870.0,80.0,36.0,79.5,99.0,7673
2025-01-21T13:43:37.000000+00:00,237.6,50.3,238.1,50.2,228.9,50.2,4.7,1080.0,850.0,79.0,36.0,79.5,99.0,7673
2025-01-21T13:44:11.000000+00:00,240.6,50.3,240.6,50.3,228.9,50.3,4.8,1090.0,870.0,80.0,37.0,79.5,99.0,7673
2025-01-21T13:44:12.000000+00:00,240.6,50.3,240.6,50.3,228.9,50.3,4.8,1090.0,870.0,80.0,36.0,79.5,99.0,7673
2025-01-21T13:44:15.000000+00:00,240.3,50.3,239.9,50.3,228.9,50.3,4.8,1100.0,880.0,80.0,37.0,79.5,99.0,7673
2025-01-21T13:44:17.000000+00:00,240.3,50.3,239.9,50.3,228.9,50.3,4.8,1100.0,880.0,80.0,37.0,77.0,99.0,7670
2025-01-21T13:44:37.000000+00:00,237.8,50.2,237.8,50.2,228.9,50.2,4.8,1110.0,890.0,80.0,36.0,78.4,99.0,7668
2025-01-21T13:45:37.000000+00:00,238.2,50.2,237.3,50.2,228.9,50.2,4.9,1110.0,890.0,80.0,37.0,78.6,99.0,7668
2025-01-21T13:46:37.000000+00:00,238.4,50.2,238.4,50.2,228.9,50.2,4.7,1080.0,850.0,79.0,36.0,78.6,99.0,7668
2025-01-21T13:47:37.000000+00:00,237.4,50.3,237.4,50.3,228.9,50.3,4.8,1090.0,880.0,81.0,36.0,78.6,99.0,7668
2025-01-21T13:48:37.000000+00:00,237.1,50.2,236.5,50.2,228.9,50.2,4.7,1080.0,850.0,79.0,36.0,78.7,99.0,7286
2025-01-21T13:49:37.000000+00:00,236.5,50.2,236.1,50.2,228.9,50.2,4.8,1100.0,880.0,80.0,37.0,78.7,99.0,7668
2025-01-21T13:50:37.000000+00:00,235.8,50.0,235.8,50.0,228.9,50.0,4.8,1110.0,880.0,79.0,37.0,78.7,99.0,7569
2025-01-21T13:51:37.000000+00:00,235.3,50.0,235.3,50.0,228.9,50.0,4.8,1110.0,880.0,79.0,37.0,78.7,99.0,7569
2025-01-21T13:52:37.000000+00:00,235.6,50.0,234.8,50.0,228.9,50.1,4.8,1100.0,880.0,80.0,37.0,78.7,99.0,7569
2025-01-21T13:53:37.000000+00:00,236.4,50.2,236.4,50.2,228.9,50.2,4.7,1080.0,850.0,79.0,36.0,78.7,99.0,7569
2025-01-21T13:54:37.000000+00:00,236.7,50.3,236.7,50.3,228.9,50.3,4.8,1090.0,870.0,80.0,36.0,78.7,99.0,7569
2025-01-21T13:55:37.000000+00:00,236.0,50.3,236.3,50.3,228.9,50.3,4.7,1080.0,870.0,81.0,36.0,78.7,99.0,7569
2025-01-21T13:56:37.000000+00:00,236.9,50.2,236.9,50.2,228.9,50.2,4.7,1080.0,860.0,80.0,36.0,78.7,99.0,7569
2025-01-21T13:57:37.000000+00:00,237.0,50.3,237.0,50.3,228.9,50.3,4.8,1110.0,890.0,80.0,37.0,78.8,99.0,7569
2025-01-21T13:58:37.000000+00:00,237.2,50.3,236.3,50.3,228.9,50.3,4.8,1090.0,870.0,80.0,36.0,78.8,99.0,7569
2025-01-21T13:59:37.000000+00:00,236.2,50.3,235.7,50.3,228.9,50.3,4.8,1090.0,880.0,81.0,36.0,78.8,99.0,7569
2025-01-21T14:00:37.000000+00:00,235.9,50.3,235.9,50.3,228.9,50.3,4.7,1080.0,860.0,80.0,36.0,78.8,99.0,7569
2025-01-21T14:01:37.000000+00:00,234.7,50.3,235.2,50.3,228.9,50.3,4.7,1090.0,870.0,80.0,36.0,78.8,99.0,7569
2025-01-21T14:02:37.000000+00:00,235.5,50.3,235.5,50.3,228.9,50.3,4.7,1080.0,860.0,80.0,37.0,78.8,99.0,7569
2025-01-21T14:03:37.000000+00:00,235.1,50.3,235.1,50.3,228.9,50.3,4.7,1070.0,850.0,79.0,36.0,78.8,99.0,7569
2025-01-21T14:04:37.000000+00:00,235.4,50.3,236.4,50.3,228.9,50.3,4.8,1090.0,880.0,81.0,36.0,78.8,99.0,7569
2025-01-21T14:05:37.000000+00:00,235.5,50.3,235.7,50.3,228.9,50.3,4.8,1090.0,870.0,80.0,36.0,78.8,99.0,7569
2025-01-21T14:06:37.000000+00:00,235.2,50.3,235.2,50.3,228.9,50.3,4.7,1080.0,850.0,79.0,36.0,78.8,99.0,7569
2025-01-21T14:07:37.000000+00:00,235.5,50.3,234.9,50.3,228.9,50.3,4.8,1110.0,890.0,80.0,36.0,78.8,99.0,7569
2025-01-21T14:08:37.000000+00:00,235.6,50.3,235.6,50.3,228.9,50.3,4.8,1090.0,870.0,80.0,37.0,78.8,99.0,7569
2025-01-21T14:09:37.000000+00:00,236.1,50.3,236.0,50.3,228.9,50.3,4.8,1090.0,870.0,80.0,36.0,78.8,99.0,7569
2025-01-21T14:10:37.000000+00:00,235.7,50.3,235.7,50.3,228.9,50.3,4.7,1080.0,870.0,81.0,36.0,78.8,99.0,7569
2025-01-21T14:11:37.000000+00:00,236.1,50.2,235.2,50.2,229.0,50.2,4.8,1100.0,880.0,80.0,36.0,78.8,99.0,7569
2025-01-21T14:12:37.000000+00:00,235.5,50.2,235.8,50.2,228.9,50.2,4.8,1090.0,870.0,80.0,36.0,78.8,99.0,7569
2025-01-21T14:13:37.000000+00:00,235.5,50.2,235.5,50.2,229.0,50.2,4.7,1080.0,860.0,80.0,36.0,78.8,99.0,7569
2025-01-21T14:14:37.000000+00:00,233.9,50.2,234.9,50.2,228.9,50.2,4.8,1090.0,870.0,80.0,37.0,78.8,99.0,7569
2025-01-21T14:15:37.000000+00:00,235.9,50.2,234.8,50.2,228.9,50.2,4.8,1090.0,870.0,80.0,36.0,78.8,99.0,7569
2025-01-21T14:16:37.000000+00:00,234.5,50.2,235.0,50.2,228.9,50.2,4.7,1080.0,850.0,79.0,36.0,78.8,99.0,7569
2025-01-21T14:17:37.000000+00:00,234.7,50.2,234.7,50.2,228.9,50.2,4.8,1100.0,880.0,80.0,37.0,78.8,99.0,7569
2025-01-21T14:18:37.000000+00:00,235.6,50.3,235.6,50.3,228.9,50.3,4.8,1090.0,870.0,80.0,36.0,78.8,99.0,7569
2025-01-21T14:19:37.000000+00:00,236.0,50.3,235.8,50.3,228.9,50.3,4.8,1110.0,890.0,80.0,37.0,78.8,99.0,7569
2025-01-21T14:20:37.000000+00:00,235.8,50.2,235.8,50.2,228.9,50.2,4.7,1080.0,850.0,79.0,36.0,78.9,99.0,7668
2025-01-21T14:21:37.000000+00:00,234.8,50.2,234.7,50.2,228.9,50.2,4.8,1090.0,870.0,80.0,37.0,78.9,99.0,7569
2025-01-21T14:22:37.000000+00:00,234.3,50.2,234.3,50.2,228.9,50.2,4.8,1090.0,870.0,80.0,36.0,78.9,99.0,7569
2025-01-21T14:23:38.000000+00:00,234.5,50.1,234.4,50.1,228.9,50.1,4.7,1080.0,850.0,79.0,36.0,78.9,99.0,7569
2025-01-21T14:24:38.000000+00:00,234.1,50.1,234.2,50.1,228.9,50.1,4.8,1100.0,870.0,79.0,37.0,78.9,99.0,7569
2025-01-21T14:25:38.000000+00:00,234.8,50.1,235.3,50.1,228.9,50.1,4.8,1090.0,870.0,80.0,37.0,78.9,99.0,7569
2025-01-21T14:26:38.000000+00:00,233.8,50.1,234.8,50.1,228.9,50.1,4.8,1090.0,860.0,79.0,36.0,78.9,99.0,7569
2025-01-21T14:27:38.000000+00:00,234.0,50.1,233.9,50.1,228.9,50.1,4.9,1110.0,890.0,80.0,37.0,78.9,99.0,7569
2025-01-21T14:28:38.000000+00:00,233.6,50.1,233.6,50.1,228.9,50.1,4.8,1100.0,870.0,79.0,37.0,78.9,99.0,7569
2025-01-21T14:29:38.000000+00:00,234.1,50.1,234.1,50.1,228.9,50.1,4.8,1100.0,870.0,79.0,37.0,78.9,99.0,7569
2025-01-21T14:30:38.000000+00:00,234.8,50.1,234.8,50.1,228.9,50.1,4.8,1100.0,880.0,80.0,37.0,78.9,99.0,7569
2025-01-21T14:31:38.000000+00:00,234.8,50.2,234.9,50.2,228.9,50.2,4.8,1090.0,870.0,80.0,36.0,78.9,99.0,7569
2025-01-21T14:32:38.000000+00:00,234.9,50.2,234.5,50.2,228.9,50.2,4.8,1090.0,870.0,80.0,36.0,78.9,99.0,7569
2025-01-21T14:33:38.000000+00:00,235.8,50.3,235.8,50.3,228.9,50.3,4.7,1080.0,850.0,79.0,36.0,78.9,99.0,7569
2025-01-21T14:34:38.000000+00:00,235.1,50.2,235.7,50.2,228.9,50.2,4.8,1100.0,880.0,80.0,37.0,78.9,99.0,7569
2025-01-21T14:35:38.000000+00:00,235.8,50.2,235.7,50.2,228.9,50.3,4.8,1090.0,870.0,80.0,37.0,78.9,99.0,7569
2025-01-21T14:36:38.000000+00:00,235.6,50.2,236.5,50.2,228.9,50.2,4.7,1080.0,850.0,79.0,36.0,78.9,99.0,7569
2025-01-21T14:37:38.000000+00:00,235.8,50.2,235.4,50.2,228.9,50.2,4.8,1090.0,880.0,81.0,36.0,78.9,99.0,7569
2025-01-21T14:38:38.000000+00:00,235.3,50.2,234.7,50.2,228.9,50.2,4.7,1080.0,860.0,80.0,36.0,78.9,99.0,7569
2025-01-21T14:39:38.000000+00:00,235.1,50.1,235.1,50.1,228.9,50.1,4.8,1100.0,880.0,80.0,37.0,78.9,99.0,7569
2025-01-21T14:40:38.000000+00:00,235.2,50.1,234.7,50.1,229.0,50.1,4.8,1090.0,870.0,80.0,37.0,78.9,99.0,7569
2025-01-21T14:41:38.000000+00:00,235.2,50.2,235.2,50.2,228.9,50.2,4.8,1090.0,870.0,80.0,36.0,78.9,99.0,7569
2025-01-21T14:42:38.000000+00:00,236.0,50.3,235.1,50.3,228.9,50.3,4.8,1100.0,890.0,81.0,36.0,78.9,99.0,7569
2025-01-21T14:43:38.000000+00:00,235.1,50.2,235.1,50.2,228.9,50.2,4.7,1080.0,850.0,79.0,36.0,78.9,99.0,7569
2025-01-21T14:44:38.000000+00:00,234.4,50.3,234.4,50.2,228.9,50.2,4.8,1090.0,870.0,80.0,36.0,78.9,99.0,7569
2025-01-21T14:45:38.000000+00:00,234.3,50.2,235.2,50.2,228.9,50.2,4.8,1100.0,880.0,80.0,37.0,78.9,99.0,7569
2025-01-21T14:46:38.000000+00:00,234.5,50.1,234.5,50.1,228.9,50.1,4.8,1090.0,870.0,80.0,37.0,78.9,99.0,7569
2025-01-21T14:47:38.000000+00:00,235.0,50.2,234.1,50.2,228.9,50.2,4.9,1110.0,900.0,81.0,37.0,79.0,99.0,7569
2025-01-21T14:48:38.000000+00:00,234.0,50.2,234.0,50.2,228.9,50.2,4.8,1090.0,870.0,80.0,37.0,79.0,99.0,7569
2025-01-21T14:49:38.000000+00:00,234.0,50.1,234.0,50.1,228.9,50.1,4.8,1100.0,880.0,80.0,37.0,79.0,99.0,7569
2025-01-21T14:50:38.000000+00:00,233.9,50.1,233.9,50.1,228.9,50.1,4.8,1090.0,870.0,80.0,37.0,79.0,99.0,7569
2025-01-21T14:51:38.000000+00:00,233.4,50.1,233.5,50.1,228.9,50.1,4.8,1100.0,870.0,79.0,36.0,79.0,99.0,7569
2025-01-21T14:52:38.000000+00:00,233.0,50.2,234.0,50.2,228.9,50.2,4.8,1090.0,870.0,80.0,36.0,79.0,99.0,7569
2025-01-21T14:53:38.000000+00:00,233.5,50.1,233.0,50.1,228.9,50.1,4.7,1080.0,850.0,79.0,36.0,79.0,99.0,7569
2025-01-21T14:54:38.000000+00:00,233.4,50.1,234.0,50.1,228.9,50.1,4.8,1090.0,870.0,80.0,36.0,79.0,99.0,7569
2025-01-21T14:55:38.000000+00:00,233.6,50.1,233.7,50.1,228.9,50.1,4.9,1110.0,890.0,80.0,37.0,79.0,99.0,7569
2025-01-21T14:56:38.000000+00:00,232.7,50.1,232.7,50.1,228.9,50.1,4.8,1100.0,870.0,79.0,36.0,79.0,99.0,7569
2025-01-21T14:57:38.000000+00:00,236.8,50.0,235.7,50.0,228.9,50.0,4.8,1100.0,870.0,79.0,37.0,79.0,99.0,7569
2025-01-21T14:58:38.000000+00:00,237.1,50.0,237.5,50.0,228.9,50.0,4.8,1090.0,850.0,78.0,36.0,79.0,99.0,7569
2025-01-21T14:59:38.000000+00:00,236.8,50.0,236.8,50.0,228.9,50.0,4.8,1100.0,870.0,79.0,37.0,79.0,99.0,7569
2025-01-21T15:00:38.000000+00:00,237.2,50.0,237.2,50.0,228.9,50.0,4.8,1100.0,870.0,79.0,37.0,79.0,99.0,7569
2025-01-21T15:01:38.000000+00:00,237.3,50.0,236.7,50.0,228.9,50.0,4.8,1100.0,870.0,79.0,37.0,79.0,99.0,7569
2025-01-21T15:02:38.000000+00:00,238.1,50.1,238.1,50.1,228.9,50.1,4.8,1100.0,870.0,79.0,37.0,79.0,99.0,7569
2025-01-21T15:03:38.000000+00:00,237.6,50.1,237.6,50.1,228.9,50.1,4.7,1080.0,850.0,79.0,36.0,79.0,99.0,7569
2025-01-21T15:04:38.000000+00:00,238.3,50.3,238.3,50.3,228.9,50.3,4.8,1110.0,900.0,81.0,37.0,79.0,99.0,7569
2025-01-21T15:05:38.000000+00:00,239.0,50.4,239.0,50.4,228.9,50.4,4.8,1090.0,880.0,81.0,37.0,79.0,99.0,7569
2025-01-21T15:06:38.000000+00:00,238.4,50.2,238.4,50.2,228.9,50.2,4.7,1080.0,860.0,80.0,36.0,79.0,99.0,7569
2025-01-21T15:07:38.000000+00:00,238.7,50.2,238.7,50.2,228.9,50.2,4.8,1110.0,890.0,80.0,36.0,79.0,99.0,7569
2025-01-21T15:08:38.000000+00:00,237.9,50.2,237.9,50.2,228.9,50.3,4.7,1070.0,850.0,79.0,36.0,79.0,99.0,7768
2025-01-21T15:09:38.000000+00:00,238.2,50.2,238.2,50.2,228.9,50.2,4.8,1090.0,870.0,80.0,36.0,79.0,99.0,7378
2025-01-21T15:10:38.000000+00:00,237.8,50.3,238.7,50.3,228.9,50.3,4.8,1090.0,870.0,80.0,36.0,79.0,99.0,7768
2025-01-21T15:11:38.000000+00:00,238.0,50.3,238.0,50.3,228.9,50.3,4.8,1090.0,880.0,81.0,36.0,79.0,99.0,7378
2025-01-21T15:12:38.000000+00:00,237.7,50.2,237.7,50.2,228.9,50.3,4.8,1090.0,870.0,80.0,36.0,79.0,99.0,7768
2025-01-21T15:13:38.000000+00:00,238.7,50.2,238.7,50.2,228.9,50.2,4.7,1080.0,850.0,79.0,36.0,79.0,99.0,7768
2025-01-21T15:14:38.000000+00:00,238.3,50.2,237.3,50.2,228.9,50.2,4.8,1110.0,890.0,80.0,36.0,79.0,99.0,7378
2025-01-21T15:15:38.000000+00:00,237.5,50.2,237.5,50.2,228.9,50.2,4.9,1110.0,900.0,81.0,37.0,79.0,99.0,7768
2025-01-21T15:16:38.000000+00:00,237.9,50.2,237.0,50.2,228.9,50.2,4.7,1080.0,850.0,79.0,36.0,79.0,99.0,7668
2025-01-21T15:17:38.000000+00:00,236.6,50.1,236.7,50.1,228.9,50.1,4.8,1100.0,880.0,80.0,37.0,79.0,99.0,7286
2025-01-21T15:18:38.000000+00:00,235.8,50.1,236.4,50.1,228.9,50.1,4.7,1090.0,860.0,79.0,36.0,79.0,99.0,7668
2025-01-21T15:19:38.000000+00:00,236.8,50.1,236.8,50.1,228.9,50.1,4.8,1110.0,890.0,80.0,37.0,79.0,99.0,7286
2025-01-21T15:20:38.000000+00:00,236.7,50.1,236.7,50.1,228.9,50.1,4.8,1100.0,880.0,80.0,37.0,79.0,99.0,7286
2025-01-21T15:21:38.000000+00:00,235.9,50.1,235.9,50.1,228.9,50.1,4.8,1090.0,870.0,80.0,37.0,79.0,99.0,7668
2025-01-21T15:22:38.000000+00:00,235.6,50.1,236.1,50.1,228.9,50.1,4.8,1090.0,870.0,80.0,37.0,79.0,99.0,7668
2025-01-21T15:23:38.000000+00:00,236.6,50.1,236.6,50.1,228.9,50.1,4.7,1080.0,850.0,79.0,36.0,79.0,99.0,7668
2025-01-21T15:24:38.000000+00:00,236.2,50.1,236.2,50.1,228.9,50.1,4.8,1090.0,870.0,80.0,37.0,79.0,99.0,7286
2025-01-21T15:25:38.000000+00:00,235.8,50.1,235.8,50.1,228.9,50.1,4.8,1100.0,870.0,79.0,37.0,79.0,99.0,7668
2025-01-21T15:26:38.000000+00:00,236.8,50.1,235.8,50.1,228.9,50.1,4.8,1100.0,870.0,79.0,36.0,79.1,99.0,7668
2025-01-21T15:27:38.000000+00:00,235.9,50.1,235.9,50.1,228.9,50.1,4.8,1110.0,880.0,79.0,37.0,79.1,99.0,7286
2025-01-21T15:28:38.000000+00:00,236.2,50.1,235.6,50.1,228.9,50.1,4.7,1080.0,860.0,80.0,36.0,79.1,99.0,7569
2025-01-21T15:29:38.000000+00:00,235.9,50.1,236.0,50.1,228.9,50.1,4.8,1100.0,880.0,80.0,36.0,79.0,99.0,7569
2025-01-21T15:30:38.000000+00:00,236.3,50.1,236.3,50.2,228.9,50.1,4.8,1100.0,880.0,80.0,36.0,79.1,99.0,7569
2025-01-21T15:31:38.000000+00:00,235.7,50.2,235.3,50.2,228.9,50.2,4.8,1090.0,870.0,80.0,36.0,79.1,99.0,7569
2025-01-21T15:32:39.000000+00:00,235.4,50.2,235.4,50.2,228.9,50.2,4.8,1090.0,870.0,80.0,37.0,79.1,99.0,7569
2025-01-21T15:33:39.000000+00:00,235.1,50.2,234.6,50.2,228.9,50.2,4.7,1080.0,850.0,79.0,36.0,79.1,99.0,7569
2025-01-21T15:34:39.000000+00:00,235.2,50.1,235.2,50.1,228.9,50.1,4.8,1100.0,880.0,80.0,37.0,79.1,99.0,7569
2025-01-21T15:35:39.000000+00:00,233.9,50.1,233.9,50.1,228.9,50.1,4.8,1100.0,870.0,79.0,37.0,79.1,99.0,7569
2025-01-21T15:36:39.000000+00:00,233.6,50.1,233.6,50.1,228.9,50.1,4.7,1090.0,860.0,79.0,36.0,79.1,99.0,7569
2025-01-21T15:37:39.000000+00:00,233.1,50.1,233.1,50.1,228.9,50.1,4.9,1120.0,890.0,79.0,37.0,79.1,99.0,7569
2025-01-21T15:38:39.000000+00:00,232.5,50.1,232.5,50.1,228.9,50.1,4.8,1090.0,860.0,79.0,36.0,79.1,99.0,7569
2025-01-21T15:39:39.000000+00:00,232.2,50.1,232.2,50.1,228.9,50.1,4.8,1100.0,880.0,80.0,37.0,79.1,99.0,7569
2025-01-21T15:40:39.000000+00:00,232.1,50.2,232.1,50.2,228.9,50.2,4.8,1090.0,870.0,80.0,36.0,79.1,99.0,7196
2025-01-21T15:41:39.000000+00:00,232.3,50.1,232.3,50.1,228.9,50.1,4.8,1100.0,880.0,80.0,37.0,79.1,99.0,7196
2025-01-21T15:42:39.000000+00:00,235.8,50.1,235.8,50.1,228.9,50.1,4.8,1100.0,870.0,79.0,36.0,79.1,99.0,7569
2025-01-21T15:43:39.000000+00:00,235.6,50.2,236.0,50.2,228.9,50.2,4.7,1080.0,850.0,79.0,36.0,79.1,99.0,7569
2025-01-21T15:44:39.000000+00:00,235.7,50.1,235.7,50.1,228.9,50.1,4.8,1110.0,890.0,80.0,36.0,79.1,99.0,7569
2025-01-21T15:45:39.000000+00:00,235.1,50.1,235.1,50.1,228.9,50.1,4.8,1090.0,870.0,80.0,37.0,79.1,99.0,7569
2025-01-21T15:46:39.000000+00:00,235.0,50.1,235.0,50.1,228.9,50.1,4.8,1090.0,870.0,80.0,37.0,79.1,99.0,7569
2025-01-21T15:47:39.000000+00:00,234.7,50.1,234.7,50.1,228.9,50.1,4.8,1100.0,870.0,79.0,37.0,79.1,99.0,7569
2025-01-21T15:48:39.000000+00:00,234.8,50.1,234.2,50.1,228.9,50.1,4.8,1090.0,870.0,80.0,36.0,79.1,99.0,7569
2025-01-21T15:49:39.000000+00:00,233.3,50.0,233.4,50.0,228.9,50.0,4.8,1110.0,880.0,79.0,37.0,79.1,99.0,7569
2025-01-21T15:50:39.000000+00:00,234.2,50.1,234.2,50.1,228.9,50.1,4.8,1090.0,870.0,80.0,36.0,79.1,99.0,7569
2025-01-21T15:51:39.000000+00:00,233.3,50.1,233.3,50.1,228.9,50.1,4.8,1100.0,870.0,79.0,36.0,79.1,99.0,7569
2025-01-21T15:52:39.000000+00:00,232.1,50.1,232.5,50.1,228.9,50.1,4.8,1100.0,870.0,79.0,36.0,79.1,99.0,7569
2025-01-21T15:53:39.000000+00:00,231.5,50.1,232.4,50.1,228.9,50.1,4.8,1100.0,880.0,80.0,37.0,79.1,99.0,7569
2025-01-21T15:54:39.000000+00:00,235.3,50.1,235.3,50.1,228.9,50.1,4.8,1100.0,870.0,79.0,37.0,79.1,99.0,7569
2025-01-21T15:55:39.000000+00:00,236.0,50.0,235.4,50.0,228.9,50.0,4.8,1090.0,850.0,78.0,36.0,79.1,99.0,7569
2025-01-21T15:56:39.000000+00:00,234.5,50.0,234.5,50.0,228.9,50.0,4.9,1110.0,890.0,80.0,37.0,79.1,99.0,7569
2025-01-21T15:57:39.000000+00:00,234.6,50.0,233.5,49.9,229.0,49.9,4.9,1120.0,880.0,79.0,37.0,79.1,99.0,7569
2025-01-21T15:58:19.000000+00:00,233.4,50.0,233.4,50.0,229.0,50.0,4.8,1110.0,870.0,78.0,37.0,79.1,99.0,7569
2025-01-21T15:58:27.000000+00:00,238.2,50.0,238.9,50.0,228.9,50.0,4.8,1100.0,860.0,78.0,38.0,77.6,99.0,7569
2025-01-21T15:58:27.000000+00:00,238.2,50.0,238.9,50.0,228.9,50.0,4.8,1100.0,860.0,78.0,37.0,77.6,99.0,7569
2025-01-21T15:58:29.000000+00:00,235.9,50.0,234.2,50.0,229.0,50.0,4.8,1110.0,880.0,79.0,37.0,77.6,99.0,7569
2025-01-21T15:58:39.000000+00:00,233.9,50.0,233.4,50.0,228.9,50.0,4.8,1110.0,880.0,79.0,37.0,78.0,99.0,7564
2025-01-21T15:59:39.000000+00:00,232.7,49.9,232.7,49.9,228.9,49.9,4.8,1110.0,880.0,79.0,37.0,78.2,99.0,7564
2025-01-21T16:00:39.000000+00:00,231.6,50.1,231.6,50.0,228.9,50.1,4.8,1100.0,880.0,80.0,37.0,78.3,99.0,7281
2025-01-21T16:01:39.000000+00:00,230.5,50.0,230.5,50.0,228.9,50.0,4.8,1100.0,880.0,80.0,37.0,78.3,99.0,7281
2025-01-21T16:02:39.000000+00:00,233.8,49.9,233.8,49.9,228.9,49.9,4.8,1100.0,880.0,80.0,37.0,78.3,99.0,7564
2025-01-21T16:03:39.000000+00:00,234.1,50.0,234.6,50.0,228.9,50.0,4.8,1100.0,870.0,79.0,37.0,78.4,99.0,7191
2025-01-21T16:04:39.000000+00:00,234.2,50.0,233.7,50.0,229.0,50.0,4.9,1110.0,880.0,79.0,37.0,78.4,99.0,7564
2025-01-21T16:05:39.000000+00:00,233.0,49.9,234.0,49.9,228.9,49.9,4.8,1110.0,880.0,79.0,37.0,78.4,99.0,7468
2025-01-21T16:06:39.000000+00:00,231.9,49.8,231.9,49.8,228.9,49.8,4.9,1120.0,880.0,79.0,37.0,78.4,99.0,7468
2025-01-21T16:07:39.000000+00:00,231.4,49.9,231.4,49.9,228.9,49.9,4.9,1120.0,900.0,80.0,38.0,78.4,99.0,7468
2025-01-21T16:08:39.000000+00:00,231.8,50.0,231.8,50.0,228.9,50.0,4.8,1110.0,870.0,78.0,37.0,78.5,99.0,7468
2025-01-21T16:09:39.000000+00:00,231.0,49.9,230.3,49.9,228.9,49.9,4.9,1120.0,890.0,79.0,37.0,78.5,99.0,7468
2025-01-21T16:10:39.000000+00:00,230.3,49.9,229.9,49.9,228.9,49.9,4.8,1110.0,870.0,78.0,37.0,78.5,99.0,7468
2025-01-21T16:11:39.000000+00:00,232.7,50.0,232.7,50.0,228.9,50.0,4.8,1110.0,880.0,79.0,37.0,78.5,99.0,7468
2025-01-21T16:12:39.000000+00:00,232.3,50.0,232.3,50.0,228.9,50.0,4.9,1110.0,890.0,80.0,37.0,78.5,99.0,7468
2025-01-21T16:13:39.000000+00:00,232.8,50.0,232.8,50.0,228.9,50.0,4.8,1110.0,880.0,79.0,37.0,78.5,99.0,7468
2025-01-21T16:14:39.000000+00:00,232.2,50.1,232.3,50.1,228.9,50.1,4.8,1100.0,880.0,80.0,37.0,78.5,99.0,7468
2025-01-21T16:15:39.000000+00:00,232.7,50.1,232.7,50.1,228.9,50.1,4.8,1100.0,870.0,79.0,37.0,78.5,99.0,7468
2025-01-21T16:16:39.000000+00:00,232.3,50.2,232.3,50.2,228.9,50.2,4.8,1100.0,880.0,80.0,37.0,78.6,99.0,7468
2025-01-21T16:17:39.000000+00:00,232.9,50.1,232.9,50.1,228.9,50.1,4.8,1110.0,880.0,79.0,37.0,78.6,99.0,7468
2025-01-21T16:18:39.000000+00:00,232.4,50.1,233.0,50.1,228.9,50.1,4.8,1100.0,870.0,79.0,37.0,78.6,99.0,7468
2025-01-21T16:18:54.000000+00:00,231.6,50.0,232.2,50.0,228.9,50.0,4.8,1080.0,850.0,79.0,36.0,78.6,99.0,7468
2025-01-21T16:18:56.000000+00:00,231.6,50.0,232.2,50.0,228.9,50.0,4.8,1080.0,850.0,79.0,37.0,78.6,99.0,7468
2025-01-21T16:18:59.000000+00:00,235.3,50.0,235.8,50.0,228.9,49.4,5.0,1130.0,880.0,78.0,37.0,78.6,99.0,7468
2025-01-21T16:19:04.000000+00:00,233.5,50.0,233.4,50.0,228.9,50.0,4.8,1100.0,870.0,79.0,36.0,76.9,99.0,7468
2025-01-21T16:19:39.000000+00:00,232.5,50.1,232.0,50.1,228.9,50.1,4.9,1120.0,900.0,80.0,37.0,79.5,99.0,7463
2025-01-21T16:20:39.000000+00:00,233.2,50.1,233.2,50.1,228.9,50.1,4.8,1090.0,860.0,79.0,37.0,82.7,99.0,7463
2025-01-21T16:21:39.000000+00:00,231.9,50.1,232.5,50.1,228.9,50.1,4.8,1100.0,870.0,79.0,36.0,83.1,99.0,7463
2025-01-21T16:22:39.000000+00:00,232.6,50.1,232.6,50.1,228.9,50.1,4.8,1100.0,870.0,79.0,37.0,83.2,99.0,7464
2025-01-21T16:23:39.000000+00:00,232.7,50.1,232.5,50.1,228.9,50.1,4.8,1100.0,870.0,79.0,37.0,83.2,99.0,7464
2025-01-21T16:24:39.000000+00:00,232.8,50.0,232.8,50.0,228.9,50.0,4.8,1100.0,870.0,79.0,37.0,83.7,99.0,7464
2025-01-21T16:25:39.000000+00:00,232.0,50.1,233.0,50.1,228.9,50.1,4.7,1080.0,850.0,79.0,36.0,83.7,99.0,7464
2025-01-21T16:26:39.000000+00:00,231.8,50.2,232.3,50.2,228.9,50.2,4.8,1100.0,880.0,80.0,36.0,83.7,99.0,7465
2025-01-21T16:27:39.000000+00:00,232.2,50.2,232.7,50.2,228.9,50.2,4.8,1090.0,870.0,80.0,37.0,83.9,99.0,7465
2025-01-21T16:28:36.000000+00:00,231.4,50.1,231.4,50.1,228.9,50.1,4.8,1090.0,870.0,80.0,37.0,84.0,99.0,7465
2025-01-21T16:28:39.000000+00:00,237.2,50.1,237.2,50.1,228.9,50.2,4.8,1110.0,890.0,80.0,37.0,84.0,99.0,7465
2025-01-21T16:28:39.000000+00:00,237.2,50.1,237.2,50.1,228.9,50.2,4.8,1110.0,890.0,80.0,37.0,84.0,99.0,7465
2025-01-21T16:28:41.000000+00:00,237.2,50.1,237.2,50.1,228.9,50.2,4.8,1110.0,890.0,80.0,37.0,84.0,99.0,7465
2025-01-21T16:28:42.000000+00:00,237.2,50.1,237.2,50.1,228.9,50.2,4.8,1110.0,890.0,80.0,36.0,84.0,99.0,7465
2025-01-21T16:28:45.000000+00:00,234.0,50.1,234.1,50.1,228.9,50.1,4.7,1080.0,860.0,80.0,36.0,84.0,99.0,7465
2025-01-21T16:28:47.000000+00:00,234.0,50.1,234.1,50.1,228.9,50.1,4.7,1080.0,860.0,80.0,36.0,80.7,99.0,7461
2025-01-21T16:29:39.000000+00:00,231.9,50.1,231.9,50.1,228.9,50.1,4.8,1100.0,880.0,80.0,37.0,85.0,99.0,7460
2025-01-21T16:30:39.000000+00:00,231.2,50.0,231.2,50.0,228.9,50.1,4.8,1100.0,880.0,80.0,37.0,84.4,99.0,7461
2025-01-21T16:31:39.000000+00:00,231.1,50.1,231.5,50.1,228.9,50.1,4.8,1100.0,880.0,80.0,37.0,84.3,99.0,7461
2025-01-21T16:32:39.000000+00:00,230.3,50.1,230.9,50.1,228.9,50.1,4.8,1100.0,880.0,80.0,36.0,84.3,99.0,7461
2025-01-21T16:33:39.000000+00:00,230.9,50.1,230.9,50.1,228.9,50.1,4.8,1090.0,870.0,80.0,37.0,84.2,99.0,7461
2025-01-21T16:34:39.000000+00:00,230.5,50.0,230.5,50.0,228.9,50.0,4.9,1130.0,920.0,81.0,37.0,84.1,99.0,7462
2025-01-21T16:35:39.000000+00:00,231.3,50.0,230.7,50.0,228.9,50.0,4.8,1100.0,870.0,79.0,37.0,84.0,99.0,7462
2025-01-21T16:36:39.000000+00:00,230.8,50.0,231.3,50.0,228.9,50.0,4.8,1100.0,870.0,79.0,37.0,84.0,99.0,7462
2025-01-21T16:37:39.000000+00:00,230.4,50.0,230.4,50.0,228.9,50.0,4.8,1110.0,880.0,79.0,37.0,84.0,99.0,7462
2025-01-21T16:38:40.000000+00:00,230.5,50.0,230.5,50.0,228.9,50.0,4.9,1120.0,900.0,80.0,37.0,83.9,99.0,7462
2025-01-21T16:39:40.000000+00:00,229.7,50.0,229.7,50.0,228.9,50.0,4.9,1120.0,900.0,80.0,37.0,83.9,99.0,7463
2025-01-21T16:40:40.000000+00:00,230.3,50.0,230.3,50.0,228.9,50.0,4.9,1120.0,900.0,80.0,37.0,83.9,99.0,7463
2025-01-21T16:41:40.000000+00:00,231.1,50.0,230.2,50.0,228.9,50.0,4.8,1100.0,870.0,79.0,37.0,83.9,99.0,7463
2025-01-21T16:42:40.000000+00:00,231.2,50.0,231.1,50.0,228.9,50.0,4.9,1120.0,890.0,79.0,37.0,83.8,99.0,7463
2025-01-21T16:42:54.000000+00:00,238.0,50.0,238.0,50.0,229.0,50.7,4.7,1070.0,870.0,81.0,37.0,83.8,99.0,7464
2025-01-21T16:42:57.000000+00:00,238.0,50.0,238.0,50.0,229.0,50.7,4.7,1070.0,870.0,81.0,37.0,83.8,99.0,7464
2025-01-21T16:42:59.000000+00:00,233.2,50.1,233.2,50.1,228.9,49.7,4.9,1120.0,880.0,79.0,37.0,83.8,99.0,7464
2025-01-21T16:43:00.000000+00:00,233.2,50.1,233.2,50.1,228.9,49.7,4.9,1120.0,880.0,79.0,37.0,83.8,99.0,7464
2025-01-21T16:43:03.000000+00:00,233.2,50.1,233.2,50.1,228.9,49.7,4.9,1120.0,880.0,79.0,37.0,81.2,99.0,7464
2025-01-21T16:43:04.000000+00:00,233.2,50.1,233.2,50.1,228.9,49.7,4.9,1120.0,880.0,79.0,37.0,81.2,99.0,7464
2025-01-21T16:43:40.000000+00:00,231.8,50.0,231.8,50.1,228.9,50.0,4.8,1100.0,880.0,80.0,37.0,84.1,99.0,7459
2025-01-21T16:44:40.000000+00:00,231.5,50.1,231.5,50.1,228.9,50.1,4.8,1100.0,880.0,80.0,37.0,84.0,99.0,7459
2025-01-21T16:45:40.000000+00:00,231.9,50.1,231.3,50.1,228.9,50.1,4.8,1100.0,880.0,80.0,37.0,83.8,99.0,7459
2025-01-21T16:46:40.000000+00:00,232.2,50.0,232.2,50.0,228.9,50.0,4.9,1120.0,900.0,80.0,37.0,83.8,99.0,7459
2025-01-21T16:47:40.000000+00:00,232.2,50.1,232.2,50.1,228.9,50.1,4.8,1100.0,880.0,80.0,37.0,83.8,99.0,7460
2025-01-21T16:48:40.000000+00:00,232.3,50.1,232.3,50.1,228.9,50.1,4.9,1120.0,900.0,80.0,37.0,83.8,99.0,7460
2025-01-21T16:49:40.000000+00:00,232.0,50.1,232.0,50.1,229.0,50.1,4.8,1110.0,880.0,79.0,37.0,83.8,99.0,7460
2025-01-21T16:50:40.000000+00:00,231.8,50.1,231.8,50.1,228.9,50.1,4.9,1110.0,890.0,80.0,37.0,83.8,99.0,7460
2025-01-21T16:51:40.000000+00:00,231.9,50.1,231.0,50.1,228.9,50.0,4.8,1090.0,870.0,80.0,37.0,83.8,99.0,7461
2025-01-21T16:52:40.000000+00:00,231.4,50.1,231.4,50.1,228.9,50.1,4.8,1090.0,870.0,80.0,37.0,83.8,99.0,7461
2025-01-21T16:53:40.000000+00:00,231.6,50.1,231.6,50.2,228.9,50.1,4.8,1100.0,880.0,80.0,37.0,83.8,99.0,7461
2025-01-21T16:54:40.000000+00:00,232.3,50.1,231.8,50.1,228.9,50.1,4.7,1080.0,850.0,79.0,37.0,83.8,99.0,7461
2025-01-21T16:55:40.000000+00:00,231.7,50.1,231.8,50.1,229.0,50.1,4.8,1090.0,870.0,80.0,37.0,83.8,99.0,7462
2025-01-21T16:56:40.000000+00:00,231.9,50.1,231.9,50.1,228.9,50.1,4.7,1080.0,850.0,79.0,37.0,83.8,99.0,7462
2025-01-21T16:56:53.000000+00:00,232.9,50.1,232.9,50.1,228.9,50.1,4.8,1100.0,870.0,79.0,37.0,83.8,99.0,7462
2025-01-21T16:56:56.000000+00:00,238.3,50.1,238.3,50.1,229.0,49.9,4.8,1110.0,880.0,79.0,37.0,83.8,99.0,7462
2025-01-21T16:56:58.000000+00:00,238.3,50.1,238.3,50.1,229.0,49.9,4.8,1110.0,880.0,79.0,37.0,83.8,99.0,7462
2025-01-21T16:56:59.000000+00:00,238.3,50.1,238.3,50.1,229.0,49.9,4.8,1110.0,880.0,79.0,38.0,83.8,99.0,7462
2025-01-21T16:57:01.000000+00:00,235.9,50.2,235.9,50.1,228.9,50.1,4.7,1080.0,860.0,80.0,36.0,83.8,99.0,7462
2025-01-21T16:57:04.000000+00:00,235.9,50.2,235.9,50.1,228.9,50.1,4.7,1080.0,860.0,80.0,36.0,81.1,99.0,7459
2025-01-21T16:57:40.000000+00:00,232.7,50.1,232.7,50.1,228.9,50.1,4.8,1110.0,890.0,80.0,37.0,83.8,99.0,7457
2025-01-21T16:58:40.000000+00:00,232.8,50.1,232.8,50.1,228.9,50.1,4.8,1100.0,870.0,79.0,37.0,83.9,99.0,7457
2025-01-21T16:59:40.000000+00:00,233.2,50.1,233.2,50.1,228.9,50.1,4.7,1080.0,850.0,79.0,36.0,83.8,99.0,7458
2025-01-21T17:00:40.000000+00:00,233.3,50.2,233.3,50.2,228.9,50.2,4.7,1090.0,870.0,80.0,36.0,83.8,99.0,7458
2025-01-21T17:01:40.000000+00:00,233.2,50.3,233.2,50.3,228.9,50.3,4.8,1090.0,870.0,80.0,36.0,83.8,99.0,7458
2025-01-21T17:02:40.000000+00:00,233.9,50.3,233.9,50.3,228.9,50.3,4.7,1090.0,870.0,80.0,36.0,83.7,99.0,7272
2025-01-21T17:03:40.000000+00:00,233.3,50.2,233.7,50.2,229.0,50.2,4.8,1090.0,870.0,80.0,37.0,83.7,99.0,7272
2025-01-21T17:04:40.000000+00:00,233.6,50.2,232.5,50.2,228.9,50.2,4.8,1100.0,880.0,80.0,37.0,83.7,99.0,7183
2025-01-21T17:05:40.000000+00:00,231.4,50.2,231.4,50.2,228.9,50.2,4.8,1090.0,860.0,79.0,37.0,83.7,99.0,7555
2025-01-21T17:06:40.000000+00:00,231.3,50.2,231.3,50.2,228.9,50.2,4.7,1070.0,850.0,79.0,36.0,83.7,99.0,7555
2025-01-21T17:07:40.000000+00:00,230.5,50.1,230.5,50.1,228.9,50.1,4.8,1110.0,890.0,80.0,37.0,83.7,99.0,7556
2025-01-21T17:08:40.000000+00:00,229.9,50.1,230.5,50.1,228.9,50.1,4.8,1090.0,870.0,80.0,37.0,83.7,99.0,7556
2025-01-21T17:09:40.000000+00:00,229.5,50.1,229.5,50.1,228.9,50.1,4.7,1080.0,850.0,79.0,36.0,83.7,99.0,7556
2025-01-21T17:10:40.000000+00:00,229.6,50.1,229.7,50.1,228.9,50.1,4.9,1110.0,890.0,80.0,37.0,83.7,99.0,7556
2025-01-21T17:11:40.000000+00:00,229.7,50.1,229.3,50.1,228.9,50.1,4.8,1100.0,870.0,79.0,37.0,83.7,99.0,7184
2025-01-21T17:12:40.000000+00:00,230.5,50.1,231.0,50.1,228.9,50.1,4.8,1090.0,870.0,80.0,37.0,83.7,99.0,7275
2025-01-21T17:13:40.000000+00:00,230.2,50.1,230.2,50.1,228.9,50.1,4.8,1100.0,870.0,79.0,37.0,83.7,99.0,7275
2025-01-21T17:14:40.000000+00:00,230.6,50.1,230.6,50.1,228.9,50.1,4.8,1090.0,870.0,80.0,37.0,83.7,99.0,7275
2025-01-21T17:15:40.000000+00:00,229.5,50.1,230.2,50.1,228.9,50.1,4.9,1110.0,900.0,81.0,37.0,83.7,99.0,7275
2025-01-21T17:16:40.000000+00:00,230.0,50.1,230.6,50.1,228.9,50.1,4.7,1080.0,850.0,79.0,36.0,83.7,99.0,7275
2025-01-21T17:17:40.000000+00:00,230.4,50.2,230.4,50.2,228.9,50.2,4.8,1100.0,880.0,80.0,36.0,83.7,99.0,7657
2025-01-21T17:18:40.000000+00:00,230.8,50.2,229.7,50.2,228.9,50.2,4.8,1110.0,890.0,80.0,37.0,83.7,99.0,7276
2025-01-21T17:19:40.000000+00:00,229.5,50.1,230.0,50.1,228.9,50.1,4.8,1090.0,870.0,80.0,37.0,83.9,99.0,7657
2025-01-21T17:20:40.000000+00:00,230.7,50.2,230.7,50.2,228.9,50.2,4.8,1100.0,870.0,79.0,37.0,84.1,99.0,7276
2025-01-21T17:21:40.000000+00:00,231.2,50.2,230.2,50.2,228.9,50.2,4.8,1100.0,880.0,80.0,36.0,84.1,99.0,7277
2025-01-21T17:22:40.000000+00:00,230.8,50.2,231.2,50.2,228.9,50.2,4.8,1090.0,870.0,80.0,37.0,84.2,99.0,7277
2025-01-21T17:23:40.000000+00:00,229.7,50.2,230.6,50.2,228.9,50.2,4.8,1100.0,880.0,80.0,37.0,84.3,99.0,7277
2025-01-21T17:24:40.000000+00:00,230.1,50.1,229.6,50.1,228.9,50.1,4.8,1100.0,870.0,79.0,37.0,84.3,99.0,7658
2025-01-21T17:25:40.000000+00:00,230.4,50.2,230.4,50.2,228.9,50.2,4.8,1100.0,880.0,80.0,37.0,84.2,99.0,7278
2025-01-21T17:26:40.000000+00:00,230.7,50.2,229.7,50.2,228.9,50.2,4.8,1100.0,880.0,80.0,37.0,84.1,99.0,7659
2025-01-21T17:27:40.000000+00:00,229.9,50.2,230.3,50.2,228.9,50.2,4.9,1110.0,900.0,81.0,37.0,84.0,99.0,7278
2025-01-21T17:28:40.000000+00:00,229.8,50.2,229.8,50.2,228.9,50.2,4.8,1090.0,870.0,80.0,37.0,84.0,99.0,7278
2025-01-21T17:29:40.000000+00:00,230.4,50.2,230.4,50.2,228.9,50.2,4.9,1110.0,900.0,81.0,37.0,83.9,99.0,7279
2025-01-21T17:30:40.000000+00:00,230.1,50.1,230.1,50.1,228.9,50.1,4.8,1100.0,880.0,80.0,37.0,83.9,99.0,7279
2025-01-21T17:31:40.000000+00:00,230.2,50.2,230.1,50.2,228.9,50.2,4.8,1100.0,880.0,80.0,37.0,83.9,99.0,7279
2025-01-21T17:32:40.000000+00:00,230.2,50.1,230.2,50.1,228.9,50.1,4.8,1100.0,870.0,79.0,37.0,83.9,99.0,7189
2025-01-21T17:33:40.000000+00:00,229.8,50.2,230.3,50.2,228.9,50.2,4.8,1090.0,870.0,80.0,37.0,83.9,99.0,7562
2025-01-21T17:34:40.000000+00:00,230.7,50.2,229.8,50.2,228.9,50.2,4.8,1100.0,880.0,80.0,37.0,83.9,99.0,7562
2025-01-21T17:35:40.000000+00:00,231.0,50.2,231.0,50.2,228.9,50.2,4.8,1090.0,870.0,80.0,36.0,83.8,99.0,7563
2025-01-21T17:36:40.000000+00:00,231.0,50.2,231.0,50.2,228.9,50.2,4.8,1110.0,890.0,80.0,36.0,83.8,99.0,7563
2025-01-21T17:37:40.000000+00:00,231.4,50.2,231.4,50.2,228.9,50.2,4.8,1100.0,890.0,81.0,37.0,83.8,99.0,7563
2025-01-21T17:38:40.000000+00:00,230.5,50.2,230.3,50.2,228.9,50.2,4.8,1100.0,870.0,79.0,37.0,83.8,99.0,7563
2025-01-21T17:39:40.000000+00:00,231.7,50.2,231.2,50.2,228.9,50.2,4.9,1110.0,900.0,81.0,37.0,83.8,99.0,7564
2025-01-21T17:40:40.000000+00:00,230.9,50.1,231.1,50.1,228.9,50.1,4.9,1110.0,890.0,80.0,36.0,83.8,99.0,7564
2025-01-21T17:41:40.000000+00:00,230.8,50.2,230.8,50.2,228.9,50.2,4.8,1100.0,870.0,79.0,36.0,83.8,99.0,7191
2025-01-21T17:42:40.000000+00:00,231.6,50.2,231.6,50.2,228.9,50.2,4.8,1110.0,890.0,80.0,37.0,83.8,99.0,7564
2025-01-21T17:43:41.000000+00:00,231.1,50.2,231.1,50.2,228.9,50.1,4.8,1090.0,870.0,80.0,37.0,83.8,99.0,7565
2025-01-21T17:44:41.000000+00:00,232.1,50.2,231.5,50.2,228.9,50.2,4.8,1090.0,880.0,81.0,37.0,83.8,99.0,7565
2025-01-21T17:45:41.000000+00:00,231.8,50.3,231.8,50.3,228.9,50.3,4.8,1090.0,870.0,80.0,36.0,83.8,99.0,7664
2025-01-21T17:46:41.000000+00:00,231.6,50.3,232.7,50.3,228.9,50.3,4.8,1100.0,880.0,80.0,37.0,83.8,99.0,7664
2025-01-21T17:47:41.000000+00:00,232.2,50.2,232.2,50.2,228.9,50.2,4.8,1110.0,890.0,80.0,37.0,83.8,99.0,7664
2025-01-21T17:48:41.000000+00:00,232.0,50.2,231.9,50.2,228.9,50.2,4.7,1080.0,850.0,79.0,36.0,83.8,99.0,7283
2025-01-21T17:49:41.000000+00:00,232.5,50.2,232.5,50.2,228.9,50.2,4.8,1110.0,890.0,80.0,37.0,83.8,99.0,7193
2025-01-21T17:50:41.000000+00:00,233.1,50.3,233.1,50.3,228.9,50.3,4.8,1090.0,880.0,81.0,36.0,83.8,99.0,7566
2025-01-21T17:51:41.000000+00:00,233.3,50.3,232.9,50.3,228.9,50.3,4.8,1090.0,870.0,80.0,36.0,83.8,99.0,7567
2025-01-21T17:52:41.000000+00:00,232.7,50.2,233.7,50.2,228.9,50.2,4.8,1090.0,870.0,80.0,36.0,83.8,99.0,7567
2025-01-21T17:53:41.000000+00:00,233.4,50.3,233.4,50.3,228.9,50.3,4.8,1100.0,890.0,81.0,37.0,83.8,99.0,7567
2025-01-21T17:54:41.000000+00:00,233.3,50.1,233.3,50.1,228.9,50.1,4.9,1110.0,890.0,80.0,37.0,83.8,99.0,7567
2025-01-21T17:55:41.000000+00:00,233.8,50.2,233.5,50.2,228.9,50.2,4.8,1110.0,890.0,80.0,37.0,83.8,99.0,7568
2025-01-21T17:56:41.000000+00:00,233.8,50.3,233.7,50.3,228.9,50.3,4.8,1090.0,870.0,80.0,37.0,83.8,99.0,7568
2025-01-21T17:57:41.000000+00:00,233.8,50.3,233.8,50.3,228.9,50.3,4.8,1090.0,870.0,80.0,37.0,83.8,99.0,7568
2025-01-21T17:58:41.000000+00:00,233.6,50.2,234.1,50.2,228.9,50.2,4.8,1090.0,870.0,80.0,36.0,83.8,99.0,7285
2025-01-21T17:59:41.000000+00:00,233.6,50.2,232.8,50.2,228.9,50.2,4.8,1090.0,870.0,80.0,36.0,83.8,99.0,7667
2025-01-21T18:00:41.000000+00:00,233.3,50.3,233.8,50.3,228.9,50.3,4.8,1100.0,880.0,80.0,37.0,83.8,99.0,7286
2025-01-21T18:01:41.000000+00:00,233.3,50.3,233.3,50.3,228.9,50.3,4.8,1090.0,870.0,80.0,37.0,83.8,99.0,7286
2025-01-21T18:02:41.000000+00:00,234.8,50.2,234.8,50.2,228.9,50.2,4.8,1090.0,880.0,81.0,37.0,83.8,99.0,7286
2025-01-21T18:03:41.000000+00:00,234.6,50.3,234.6,50.3,228.9,50.3,4.8,1090.0,870.0,80.0,37.0,83.8,99.0,7287
2025-01-21T18:04:41.000000+00:00,233.5,50.1,233.9,50.1,228.9,50.1,4.8,1110.0,890.0,80.0,37.0,83.8,99.0,7668
2025-01-21T18:05:41.000000+00:00,234.3,50.1,234.3,50.1,228.9,50.1,4.9,1110.0,900.0,81.0,37.0,83.8,99.0,7287
2025-01-21T18:06:41.000000+00:00,234.0,50.2,234.0,50.2,228.9,50.2,4.8,1100.0,880.0,80.0,37.0,83.8,99.0,7669
2025-01-21T18:07:41.000000+00:00,234.6,50.3,234.6,50.3,229.0,50.3,4.8,1090.0,870.0,80.0,37.0,83.8,99.0,7288
2025-01-21T18:08:41.000000+00:00,235.4,50.1,235.4,50.1,228.9,50.2,4.9,1120.0,900.0,80.0,37.0,83.8,99.0,7288
2025-01-21T18:09:41.000000+00:00,236.1,50.3,236.1,50.2,229.0,50.2,4.8,1100.0,880.0,80.0,37.0,83.7,99.0,7670
2025-01-21T18:10:41.000000+00:00,237.2,50.3,236.6,50.3,229.0,50.3,4.8,1090.0,880.0,81.0,36.0,83.8,99.0,7288
2025-01-21T18:11:41.000000+00:00,237.1,50.2,236.9,50.2,228.9,50.2,4.8,1090.0,870.0,80.0,37.0,83.7,99.0,7288
2025-01-21T18:12:41.000000+00:00,236.5,50.2,237.0,50.2,228.9,50.2,4.8,1110.0,890.0,80.0,37.0,83.8,99.0,7572
2025-01-21T18:13:41.000000+00:00,237.7,50.2,237.7,50.2,228.9,50.2,4.8,1110.0,890.0,80.0,37.0,83.8,99.0,7572
2025-01-21T18:14:41.000000+00:00,237.0,50.1,237.0,50.1,228.9,50.1,4.8,1090.0,870.0,80.0,37.0,83.8,99.0,7572
2025-01-21T18:15:41.000000+00:00,237.0,50.1,237.4,50.1,229.0,50.1,4.8,1110.0,880.0,79.0,37.0,83.7,99.0,7199
2025-01-21T18:16:41.000000+00:00,238.0,50.3,237.9,50.3,228.9,50.3,4.8,1090.0,860.0,79.0,36.0,83.7,99.0,7476
2025-01-21T18:17:41.000000+00:00,236.8,50.2,237.7,50.2,228.9,50.2,4.9,1120.0,900.0,80.0,37.0,83.7,99.0,7477
2025-01-21T18:18:41.000000+00:00,236.9,50.2,236.9,50.2,229.0,50.2,4.8,1110.0,890.0,80.0,36.0,83.7,99.0,7477
2025-01-21T18:19:41.000000+00:00,237.4,50.2,237.9,50.2,229.0,50.1,4.8,1090.0,870.0,80.0,36.0,83.7,99.0,7477
2025-01-21T18:20:41.000000+00:00,239.0,50.2,238.1,50.2,228.9,50.2,4.8,1090.0,870.0,80.0,37.0,83.8,99.0,7477
2025-01-21T18:21:41.000000+00:00,239.9,50.3,239.9,50.3,229.0,50.3,4.8,1090.0,870.0,80.0,36.0,83.7,99.0,7477
2025-01-21T18:22:41.000000+00:00,238.9,50.2,238.4,50.2,229.0,50.2,4.8,1090.0,870.0,80.0,36.0,83.8,99.0,7383
2025-01-21T18:23:41.000000+00:00,235.9,50.3,235.8,50.3,229.0,50.3,4.8,1090.0,870.0,80.0,36.0,83.8,99.0,7384
2025-01-21T18:24:41.000000+00:00,235.4,50.3,235.6,50.3,229.0,50.3,4.7,1080.0,850.0,79.0,36.0,83.8,99.0,7384
2025-01-21T18:25:41.000000+00:00,235.7,50.1,235.9,50.1,228.9,50.1,4.8,1090.0,870.0,80.0,37.0,83.7,99.0,7384
2025-01-21T18:26:41.000000+00:00,234.9,50.0,236.0,50.0,228.9,50.0,4.7,1080.0,850.0,79.0,37.0,83.8,99.0,7384
2025-01-21T18:27:41.000000+00:00,235.4,50.1,235.4,50.1,228.9,50.1,4.9,1120.0,900.0,80.0,37.0,83.8,99.0,7292
2025-01-21T18:28:41.000000+00:00,235.3,50.1,235.3,50.1,228.9,50.1,4.8,1090.0,870.0,80.0,36.0,83.8,99.0,7292
2025-01-21T18:29:41.000000+00:00,236.3,50.2,236.7,50.2,228.9,50.2,4.8,1100.0,870.0,79.0,36.0,83.7,99.0,7775
2025-01-21T18:30:41.000000+00:00,237.9,50.1,237.4,50.1,228.9,50.1,4.8,1090.0,870.0,80.0,36.0,83.8,99.0,7385
2025-01-21T18:31:41.000000+00:00,238.1,50.2,238.0,50.2,228.9,50.2,4.8,1090.0,870.0,80.0,36.0,83.7,99.0,7386
2025-01-21T18:32:41.000000+00:00,238.3,50.3,238.8,50.3,229.0,50.3,4.7,1090.0,870.0,80.0,36.0,83.8,99.0,7386
2025-01-21T18:33:41.000000+00:00,239.0,50.3,238.4,50.3,229.0,50.3,4.8,1100.0,890.0,81.0,37.0,83.8,99.0,7386
2025-01-21T18:34:41.000000+00:00,238.7,50.3,238.7,50.3,229.0,50.3,4.8,1090.0,880.0,81.0,36.0,83.8,99.0,7777
2025-01-21T18:35:41.000000+00:00,238.5,50.3,238.5,50.3,228.9,50.3,4.8,1110.0,890.0,80.0,37.0,83.8,99.0,7386
2025-01-21T18:36:41.000000+00:00,239.4,50.2,238.9,50.2,229.0,50.2,4.8,1090.0,870.0,80.0,36.0,83.8,99.0,7777
2025-01-21T18:37:41.000000+00:00,240.4,50.3,240.4,50.3,229.0,50.3,4.8,1100.0,880.0,80.0,36.0,83.7,99.0,7387
2025-01-21T18:38:41.000000+00:00,239.8,50.2,239.8,50.2,229.0,50.2,4.8,1100.0,880.0,80.0,36.0,83.8,99.0,7387
2025-01-21T18:39:41.000000+00:00,240.3,50.3,240.3,50.3,229.0,50.3,4.8,1100.0,880.0,80.0,36.0,83.8,99.0,7778
2025-01-21T18:40:41.000000+00:00,239.5,50.3,240.1,50.3,229.0,50.3,4.8,1090.0,870.0,80.0,36.0,83.8,99.0,7295
2025-01-21T18:41:41.000000+00:00,236.8,50.3,237.3,50.3,228.9,50.3,4.8,1090.0,870.0,80.0,36.0,83.8,99.0,7678
2025-01-21T18:42:41.000000+00:00,236.6,50.3,237.1,50.3,228.9,50.3,4.8,1100.0,890.0,81.0,37.0,83.8,99.0,7388
2025-01-21T18:43:41.000000+00:00,237.6,50.3,237.8,50.3,228.9,50.3,4.8,1100.0,890.0,81.0,37.0,83.8,99.0,7388
2025-01-21T18:44:41.000000+00:00,237.9,50.3,237.9,50.3,228.9,50.3,4.8,1090.0,870.0,80.0,36.0,83.8,99.0,7779
2025-01-21T18:45:41.000000+00:00,238.7,50.3,238.6,50.3,229.0,50.3,4.8,1090.0,870.0,80.0,37.0,83.8,99.0,7679
2025-01-21T18:46:41.000000+00:00,238.9,50.3,238.9,50.3,229.0,50.3,4.8,1100.0,880.0,80.0,37.0,83.8,99.0,7297
2025-01-21T18:47:41.000000+00:00,239.2,50.3,239.2,50.3,228.9,50.3,4.8,1100.0,890.0,81.0,37.0,83.8,99.0,7679
2025-01-21T18:48:41.000000+00:00,240.4,50.3,239.2,50.3,229.0,50.3,4.8,1100.0,890.0,81.0,37.0,83.8,99.0,7679
2025-01-21T18:49:41.000000+00:00,240.1,50.3,240.1,50.3,229.0,50.3,4.8,1100.0,880.0,80.0,36.0,83.8,99.0,7680
2025-01-21T18:50:41.000000+00:00,239.5,50.3,240.4,50.3,229.0,50.3,4.7,1090.0,870.0,80.0,37.0,83.8,99.0,7298
2025-01-21T18:51:42.000000+00:00,240.0,50.3,240.1,50.3,228.9,50.3,4.8,1090.0,870.0,80.0,36.0,83.8,99.0,7298
2025-01-21T18:52:42.000000+00:00,240.6,50.3,240.1,50.3,229.0,50.3,4.8,1090.0,870.0,80.0,37.0,83.8,99.0,7680
2025-01-21T18:53:42.000000+00:00,236.9,50.4,236.9,50.4,229.0,50.4,4.7,1080.0,860.0,80.0,37.0,83.8,99.0,7485
2025-01-21T18:54:42.000000+00:00,236.8,50.4,236.8,50.4,228.9,50.4,4.8,1110.0,900.0,81.0,36.0,83.8,99.0,7485
2025-01-21T18:55:42.000000+00:00,236.1,50.3,236.1,50.3,229.0,50.3,4.8,1090.0,870.0,80.0,36.0,83.8,99.0,7486
2025-01-21T18:56:42.000000+00:00,236.4,50.3,236.4,50.3,228.9,50.3,4.8,1090.0,870.0,80.0,36.0,83.8,99.0,7486
2025-01-21T18:57:42.000000+00:00,236.9,50.4,237.3,50.4,228.9,50.4,4.8,1110.0,900.0,81.0,37.0,83.8,99.0,7486
2025-01-21T18:58:42.000000+00:00,237.6,50.4,237.6,50.4,228.9,50.4,4.7,1090.0,870.0,80.0,36.0,83.8,99.0,7486
2025-01-21T18:59:42.000000+00:00,237.4,50.2,237.4,50.2,228.9,50.2,4.8,1090.0,880.0,81.0,36.0,83.8,99.0,7886
2025-01-21T19:00:42.000000+00:00,237.3,50.3,237.8,50.3,228.9,50.3,4.8,1090.0,880.0,81.0,36.0,83.8,99.0,7487
2025-01-21T19:01:42.000000+00:00,238.1,50.2,237.6,50.2,228.9,50.2,4.8,1090.0,880.0,81.0,36.0,83.8,99.0,7487
2025-01-21T19:02:42.000000+00:00,237.7,50.3,237.7,50.3,228.9,50.3,4.8,1090.0,870.0,80.0,36.0,83.8,99.0,7487
2025-01-21T19:03:42.000000+00:00,238.9,50.2,238.9,50.2,228.9,50.2,4.9,1110.0,900.0,81.0,37.0,83.8,99.0,7488
2025-01-21T19:04:42.000000+00:00,238.5,50.2,238.9,50.2,228.9,50.2,4.7,1080.0,850.0,79.0,36.0,83.8,99.0,7488
2025-01-21T19:05:42.000000+00:00,239.1,50.3,239.1,50.3,228.9,50.3,4.8,1110.0,890.0,80.0,37.0,83.8,99.0,7488
2025-01-21T19:06:42.000000+00:00,240.1,50.3,239.6,50.3,229.0,50.3,4.7,1070.0,850.0,79.0,36.0,83.8,99.0,7488
2025-01-21T19:07:42.000000+00:00,239.3,50.3,239.4,50.3,228.9,50.3,4.7,1090.0,870.0,80.0,36.0,83.8,99.0,7489
2025-01-21T19:08:42.000000+00:00,240.1,50.3,240.1,50.3,228.9,50.3,4.8,1110.0,900.0,81.0,36.0,83.8,99.0,7489
2025-01-21T19:09:42.000000+00:00,241.3,50.2,241.3,50.2,229.0,50.2,4.7,1080.0,850.0,79.0,36.0,83.8,99.0,7489
2025-01-21T19:10:42.000000+00:00,241.0,50.3,241.0,50.3,228.9,50.3,4.8,1090.0,870.0,80.0,36.0,83.8,99.0,7489
2025-01-21T19:11:42.000000+00:00,236.8,50.2,236.4,50.2,228.9,50.2,4.8,1090.0,870.0,80.0,36.0,83.8,99.0,7490
2025-01-21T19:12:42.000000+00:00,236.5,50.3,237.5,50.3,228.9,50.3,4.8,1100.0,890.0,81.0,36.0,83.8,99.0,7490
2025-01-21T19:13:42.000000+00:00,237.8,50.4,237.8,50.4,228.9,50.4,4.8,1100.0,890.0,81.0,37.0,83.8,99.0,7490
2025-01-21T19:14:42.000000+00:00,238.3,50.3,237.3,50.3,228.9,50.3,4.7,1070.0,850.0,79.0,36.0,83.8,99.0,7490
2025-01-21T19:15:42.000000+00:00,237.2,50.3,238.2,50.3,228.9,50.3,4.8,1100.0,890.0,81.0,37.0,83.8,99.0,7491
2025-01-21T19:16:42.000000+00:00,237.7,50.3,237.2,50.3,228.9,50.3,4.7,1070.0,850.0,79.0,36.0,83.8,99.0,7491
2025-01-21T19:17:42.000000+00:00,238.2,50.3,237.2,50.3,229.0,50.3,4.8,1090.0,870.0,80.0,36.0,83.8,99.0,7491
2025-01-21T19:18:42.000000+00:00,237.9,50.3,238.5,50.3,228.9,50.3,4.7,1090.0,870.0,80.0,36.0,83.8,99.0,7491
2025-01-21T19:19:42.000000+00:00,238.8,50.3,238.3,50.3,228.9,50.3,4.7,1070.0,840.0,79.0,36.0,83.8,99.0,7492
2025-01-21T19:20:42.000000+00:00,238.8,50.3,238.8,50.3,228.9,50.3,4.8,1100.0,890.0,81.0,37.0,83.8,99.0,7492
2025-01-21T19:21:42.000000+00:00,238.3,50.2,238.3,50.2,228.9,50.2,4.8,1090.0,870.0,80.0,36.0,83.8,99.0,7492
2025-01-21T19:22:42.000000+00:00,239.0,50.3,238.6,50.3,228.9,50.3,4.8,1090.0,870.0,80.0,36.0,83.8,99.0,7492
2025-01-21T19:23:42.000000+00:00,238.6,50.3,238.6,50.3,228.9,50.3,4.8,1090.0,870.0,80.0,37.0,83.8,99.0,7493
2025-01-21T19:24:42.000000+00:00,238.9,50.2,238.9,50.2,228.9,50.2,4.8,1090.0,870.0,80.0,36.0,83.8,99.0,7493
2025-01-21T19:25:42.000000+00:00,238.8,50.2,238.8,50.2,228.9,50.2,4.8,1090.0,870.0,80.0,37.0,83.8,99.0,7493
2025-01-21T19:26:42.000000+00:00,239.6,50.2,239.7,50.2,228.9,50.2,4.8,1090.0,870.0,80.0,36.0,83.8,99.0,7493
2025-01-21T19:27:42.000000+00:00,240.5,50.2,240.5,50.2,228.9,50.2,4.8,1100.0,880.0,80.0,37.0,83.8,99.0,7493
2025-01-21T19:28:42.000000+00:00,240.4,50.2,240.4,50.2,229.0,50.2,4.8,1090.0,870.0,80.0,36.0,83.8,99.0,7494
2025-01-21T19:29:42.000000+00:00,241.6,50.3,242.0,50.3,229.0,50.3,4.7,1070.0,840.0,79.0,36.0,83.8,99.0,7494
2025-01-21T19:30:42.000000+00:00,238.3,50.4,238.3,50.4,229.0,50.4,4.7,1080.0,870.0,81.0,36.0,83.8,99.0,7400
2025-01-21T19:31:42.000000+00:00,237.9,50.3,237.4,50.3,228.9,50.3,4.7,1080.0,860.0,80.0,36.0,83.8,99.0,7400
2025-01-21T19:32:42.000000+00:00,238.4,50.3,237.4,50.3,228.9,50.3,4.7,1080.0,870.0,81.0,37.0,83.8,99.0,7400
2025-01-21T19:33:42.000000+00:00,238.0,50.3,238.0,50.3,229.0,50.3,4.8,1090.0,870.0,80.0,37.0,83.8,99.0,7400
2025-01-21T19:34:42.000000+00:00,238.1,50.4,238.1,50.4,228.9,50.4,4.8,1090.0,880.0,81.0,36.0,83.8,99.0,7792
2025-01-21T19:35:42.000000+00:00,237.6,50.3,238.6,50.3,228.9,50.3,4.7,1090.0,870.0,80.0,37.0,83.8,99.0,7401
2025-01-21T19:36:42.000000+00:00,237.8,50.4,237.8,50.4,228.9,50.4,4.7,1070.0,850.0,79.0,36.0,83.8,99.0,7401
2025-01-21T19:37:42.000000+00:00,238.3,50.4,238.3,50.4,228.9,50.4,4.8,1100.0,890.0,81.0,37.0,83.8,99.0,7496
2025-01-21T19:38:42.000000+00:00,238.8,50.3,238.2,50.3,228.9,50.3,4.8,1100.0,890.0,81.0,36.0,83.8,99.0,7496
2025-01-21T19:39:42.000000+00:00,238.3,50.3,238.3,50.3,228.9,50.3,4.7,1070.0,860.0,80.0,36.0,83.8,99.0,7496
2025-01-21T19:40:42.000000+00:00,238.5,50.4,238.0,50.4,228.9,50.4,4.8,1090.0,870.0,80.0,36.0,83.8,99.0,7497
2025-01-21T19:41:42.000000+00:00,238.9,50.4,239.0,50.4,228.9,50.4,4.8,1090.0,870.0,80.0,36.0,83.8,99.0,7497
2025-01-21T19:42:42.000000+00:00,239.1,50.4,239.0,50.4,228.9,50.4,4.8,1090.0,880.0,81.0,37.0,83.8,99.0,7497
2025-01-21T19:43:42.000000+00:00,239.2,50.4,239.1,50.4,228.9,50.4,4.7,1080.0,870.0,81.0,36.0,83.8,99.0,7497
2025-01-21T19:44:42.000000+00:00,239.4,50.4,239.4,50.4,229.0,50.4,4.7,1080.0,870.0,81.0,36.0,83.8,99.0,7498
2025-01-21T19:45:42.000000+00:00,239.4,50.4,239.8,50.4,229.0,50.4,4.8,1090.0,880.0,81.0,37.0,83.8,99.0,7498
2025-01-21T19:46:42.000000+00:00,239.6,50.4,239.6,50.4,229.0,50.4,4.7,1080.0,860.0,80.0,36.0,83.8,99.0,7498
2025-01-21T19:47:42.000000+00:00,240.5,50.3,240.5,50.3,228.9,50.3,4.8,1100.0,890.0,81.0,36.0,83.8,99.0,7498
2025-01-21T19:48:42.000000+00:00,239.2,50.3,239.2,50.3,228.9,50.3,4.8,1100.0,890.0,81.0,36.0,83.8,99.0,7499
2025-01-21T19:49:42.000000+00:00,239.2,50.2,238.8,50.2,228.9,50.2,4.8,1100.0,880.0,80.0,36.0,83.8,99.0,7499
2025-01-21T19:50:42.000000+00:00,239.6,50.2,239.6,50.2,228.9,50.2,4.8,1090.0,870.0,80.0,37.0,83.8,99.0,7499
2025-01-21T19:51:42.000000+00:00,239.7,50.3,240.8,50.3,229.0,50.3,4.7,1080.0,860.0,80.0,36.0,83.8,99.0,7499
2025-01-21T19:52:42.000000+00:00,240.1,50.3,240.1,50.3,228.9,50.3,4.8,1090.0,880.0,81.0,36.0,83.8,99.0,7695
2025-01-21T19:53:42.000000+00:00,241.0,50.3,240.6,50.3,228.9,50.3,4.8,1090.0,870.0,80.0,37.0,83.8,99.0,7597
2025-01-21T19:54:42.000000+00:00,241.2,50.4,241.2,50.3,229.0,50.3,4.7,1080.0,860.0,80.0,36.0,83.8,99.0,7597
2025-01-21T19:55:42.000000+00:00,241.3,50.2,241.3,50.2,228.9,50.2,4.8,1090.0,870.0,80.0,36.0,83.8,100.0,7597
2025-01-21T19:56:42.000000+00:00,240.8,50.3,240.8,50.3,228.9,50.3,4.8,1110.0,890.0,80.0,37.0,83.8,100.0,7597
2025-01-21T19:57:43.000000+00:00,241.4,50.4,241.3,50.4,228.9,50.4,4.8,1090.0,880.0,81.0,37.0,83.8,100.0,7223
2025-01-21T19:58:43.000000+00:00,241.2,50.3,242.2,50.3,228.9,50.3,4.7,1070.0,850.0,79.0,37.0,83.8,100.0,7598
2025-01-21T19:59:43.000000+00:00,242.2,50.3,242.2,50.3,229.0,50.3,4.8,1100.0,880.0,80.0,37.0,83.8,100.0,7598
2025-01-21T20:00:43.000000+00:00,242.1,50.3,241.1,50.3,228.9,50.3,4.8,1090.0,870.0,80.0,36.0,83.8,100.0,7598
2025-01-21T20:01:43.000000+00:00,241.8,50.3,241.3,50.3,229.0,50.3,4.7,1080.0,860.0,80.0,36.0,83.8,100.0,7599
2025-01-21T20:02:43.000000+00:00,237.9,50.4,238.0,50.4,228.9,50.4,4.7,1090.0,870.0,80.0,37.0,83.8,100.0,7599
2025-01-21T20:03:43.000000+00:00,238.9,50.3,238.4,50.3,228.9,50.3,4.8,1110.0,900.0,81.0,37.0,83.8,100.0,7599
2025-01-21T20:04:43.000000+00:00,238.8,50.4,238.8,50.4,228.9,50.4,4.8,1100.0,890.0,81.0,36.0,83.8,100.0,7599
2025-01-21T20:05:43.000000+00:00,239.1,50.4,239.6,50.4,228.9,50.4,4.8,1090.0,880.0,81.0,37.0,83.8,100.0,7599
2025-01-21T20:06:43.000000+00:00,240.0,50.3,240.0,50.3,229.0,50.3,4.8,1100.0,880.0,80.0,37.0,83.8,100.0,7600
2025-01-21T20:07:43.000000+00:00,239.0,50.3,239.0,50.3,228.9,50.3,4.8,1100.0,880.0,80.0,36.0,83.8,100.0,7600
2025-01-21T20:08:43.000000+00:00,239.3,50.3,240.2,50.3,228.9,50.3,4.8,1100.0,890.0,81.0,36.0,83.8,100.0,7600
2025-01-21T20:09:43.000000+00:00,240.1,50.3,239.6,50.3,228.9,50.3,4.8,1090.0,870.0,80.0,36.0,83.8,100.0,7600
2025-01-21T20:10:43.000000+00:00,239.3,50.1,239.8,50.1,228.9,50.1,4.8,1090.0,870.0,80.0,37.0,83.8,100.0,7601
2025-01-21T20:11:43.000000+00:00,240.4,50.2,239.8,50.1,228.9,50.2,4.8,1090.0,870.0,80.0,36.0,83.8,100.0,7601
2025-01-21T20:12:43.000000+00:00,239.7,50.2,240.7,50.2,228.9,50.2,4.8,1100.0,880.0,80.0,37.0,83.8,100.0,7601
2025-01-21T20:13:43.000000+00:00,240.5,50.2,240.1,50.2,228.9,50.2,4.8,1110.0,890.0,80.0,36.0,83.8,100.0,7601
2025-01-21T20:14:43.000000+00:00,239.7,50.3,239.7,50.3,228.9,50.3,4.8,1100.0,890.0,81.0,36.0,83.8,100.0,7602
2025-01-21T20:15:43.000000+00:00,240.2,50.3,240.2,50.3,228.9,50.3,4.8,1110.0,890.0,80.0,37.0,83.8,100.0,7602
2025-01-21T20:16:43.000000+00:00,240.2,50.3,240.2,50.3,229.0,50.3,4.8,1090.0,880.0,81.0,37.0,83.8,100.0,7602
2025-01-21T20:17:43.000000+00:00,240.6,50.3,240.6,50.3,228.9,50.3,4.8,1110.0,890.0,80.0,36.0,83.8,100.0,7506
2025-01-21T20:18:43.000000+00:00,240.2,50.2,241.1,50.2,229.0,50.2,4.8,1100.0,880.0,80.0,36.0,83.8,100.0,7506
2025-01-21T20:19:43.000000+00:00,240.0,50.1,240.0,50.1,228.9,50.1,4.8,1100.0,870.0,79.0,37.0,83.8,100.0,7506
2025-01-21T20:20:43.000000+00:00,240.7,50.1,240.7,50.1,228.9,50.1,4.8,1100.0,880.0,80.0,37.0,83.8,100.0,7506
2025-01-21T20:21:43.000000+00:00,239.6,50.0,239.6,50.0,228.9,50.0,4.8,1100.0,870.0,79.0,37.0,83.8,100.0,7507
2025-01-21T20:22:43.000000+00:00,240.2,50.1,241.3,50.1,228.9,50.1,4.9,1120.0,900.0,80.0,37.0,83.8,100.0,7507
2025-01-21T20:23:43.000000+00:00,240.3,50.0,240.3,50.0,228.9,50.0,4.8,1100.0,880.0,80.0,37.0,83.8,100.0,7507
2025-01-21T20:24:43.000000+00:00,240.6,50.1,240.7,50.1,229.0,50.1,4.8,1100.0,880.0,80.0,37.0,83.8,100.0,7507
2025-01-21T20:25:43.000000+00:00,240.5,50.1,240.5,50.1,228.9,50.1,4.8,1100.0,880.0,80.0,36.0,83.8,100.0,7508
2025-01-21T20:26:43.000000+00:00,241.7,50.2,240.7,50.2,228.9,50.2,4.9,1110.0,900.0,81.0,37.0,83.8,100.0,7508
2025-01-21T20:27:43.000000+00:00,241.8,50.2,241.8,50.2,228.9,50.2,4.9,1120.0,910.0,81.0,37.0,83.8,100.0,7508
2025-01-21T20:28:43.000000+00:00,241.0,50.1,241.0,50.1,228.9,50.1,4.7,1080.0,860.0,80.0,36.0,83.8,100.0,7508
2025-01-21T20:29:43.000000+00:00,240.7,50.1,240.7,50.1,228.9,50.1,4.8,1100.0,870.0,79.0,37.0,83.8,100.0,7509
2025-01-21T20:30:43.000000+00:00,240.5,50.0,240.5,50.0,228.9,50.0,4.8,1100.0,880.0,80.0,37.0,83.8,100.0,7509
2025-01-21T20:31:43.000000+00:00,241.7,50.0,241.7,50.0,228.9,50.0,4.8,1100.0,870.0,79.0,37.0,83.8,100.0,7509
2025-01-21T20:32:43.000000+00:00,241.6,50.1,241.6,50.1,229.0,50.1,4.8,1110.0,890.0,80.0,37.0,83.8,100.0,7509
2025-01-21T20:33:43.000000+00:00,242.1,50.0,242.1,50.0,229.0,50.0,4.8,1100.0,870.0,79.0,37.0,83.8,100.0,7510
2025-01-21T20:34:43.000000+00:00,238.4,50.2,238.4,50.2,228.9,50.2,4.8,1090.0,870.0,80.0,37.0,83.8,100.0,7510
2025-01-21T20:35:43.000000+00:00,238.2,50.1,238.6,50.1,228.9,50.1,4.7,1080.0,850.0,79.0,36.0,83.8,100.0,7510
2025-01-21T20:36:43.000000+00:00,238.9,50.0,238.9,50.0,228.9,50.0,4.8,1100.0,880.0,80.0,37.0,83.8,100.0,7510
2025-01-21T20:37:43.000000+00:00,238.8,50.1,239.3,50.1,228.9,50.1,4.8,1100.0,870.0,79.0,37.0,83.8,100.0,7510
2025-01-21T20:38:43.000000+00:00,238.6,50.0,238.6,50.0,228.9,50.0,4.9,1130.0,910.0,81.0,37.0,83.8,100.0,7511
2025-01-21T20:39:43.000000+00:00,238.4,50.0,238.9,50.0,228.9,50.0,4.8,1110.0,880.0,79.0,37.0,83.8,100.0,7511
2025-01-21T20:40:43.000000+00:00,238.3,50.0,238.3,50.0,228.9,50.0,4.8,1100.0,880.0,80.0,37.0,83.8,100.0,7511
2025-01-21T20:41:43.000000+00:00,238.7,50.0,238.2,50.0,228.9,50.0,4.8,1100.0,870.0,79.0,37.0,83.8,100.0,7511
2025-01-21T20:42:43.000000+00:00,239.1,50.0,239.1,50.0,228.9,50.0,4.8,1110.0,880.0,79.0,38.0,83.8,100.0,7512
2025-01-21T20:43:43.000000+00:00,238.8,50.0,238.9,50.0,228.9,50.0,4.8,1100.0,870.0,79.0,37.0,83.8,100.0,7512
2025-01-21T20:44:43.000000+00:00,238.6,50.0,238.6,50.0,228.9,50.0,4.9,1110.0,890.0,80.0,37.0,83.8,100.0,7512
2025-01-21T20:45:43.000000+00:00,237.6,50.0,238.0,50.0,228.9,50.0,4.8,1100.0,880.0,80.0,36.0,83.8,100.0,7512
2025-01-21T20:46:43.000000+00:00,238.6,50.1,238.1,50.1,228.9,50.1,4.8,1090.0,870.0,80.0,37.0,83.8,100.0,7513
2025-01-21T20:47:43.000000+00:00,238.5,50.1,238.1,50.1,228.9,50.1,4.8,1100.0,870.0,79.0,37.0,83.8,100.0,7513
2025-01-21T20:48:43.000000+00:00,238.2,50.1,237.3,50.1,228.9,50.1,4.7,1080.0,850.0,79.0,36.0,83.8,100.0,7513
2025-01-21T20:49:43.000000+00:00,239.4,50.1,238.8,50.1,228.9,50.1,4.8,1090.0,870.0,80.0,36.0,83.8,100.0,7513
2025-01-21T20:50:43.000000+00:00,238.9,50.1,238.9,50.1,228.9,50.1,4.8,1100.0,880.0,80.0,37.0,83.8,100.0,7514
2025-01-21T20:51:43.000000+00:00,239.0,50.1,239.0,50.1,228.9,50.1,4.8,1100.0,880.0,80.0,37.0,83.8,100.0,7514
2025-01-21T20:52:43.000000+00:00,238.9,50.1,238.9,50.1,228.9,50.1,4.8,1110.0,890.0,80.0,37.0,83.8,100.0,7514
2025-01-21T20:53:43.000000+00:00,238.5,50.0,239.0,50.0,228.9,50.0,4.8,1100.0,880.0,80.0,36.0,83.8,100.0,7514
2025-01-21T20:54:43.000000+00:00,238.4,50.1,238.4,50.1,229.0,50.1,4.8,1100.0,880.0,80.0,37.0,83.8,100.0,7515
2025-01-21T20:55:43.000000+00:00,239.5,50.1,239.5,50.1,228.9,50.1,4.8,1100.0,880.0,80.0,37.0,83.8,100.0,7515
2025-01-21T20:56:43.000000+00:00,238.9,50.1,238.9,50.1,228.9,50.1,4.9,1120.0,900.0,80.0,37.0,83.8,100.0,7515
2025-01-21T20:57:43.000000+00:00,239.3,50.1,239.3,50.1,229.0,50.1,4.8,1110.0,880.0,79.0,38.0,83.8,100.0,7515
2025-01-21T20:58:43.000000+00:00,239.0,50.1,239.0,50.1,228.9,50.1,4.8,1100.0,880.0,80.0,36.0,83.8,100.0,7516
2025-01-21T20:59:43.000000+00:00,239.8,50.1,238.8,50.1,228.9,50.1,4.8,1100.0,880.0,80.0,37.0,83.8,100.0,7516
2025-01-21T21:00:44.000000+00:00,239.7,50.1,239.7,50.1,228.9,50.1,4.8,1100.0,870.0,79.0,37.0,83.8,100.0,7516
2025-01-21T21:01:44.000000+00:00,239.7,50.1,239.7,50.1,228.9,50.1,4.8,1100.0,880.0,80.0,37.0,83.8,100.0,7516
2025-01-21T21:02:44.000000+00:00,238.7,50.0,239.6,50.0,228.9,50.0,4.9,1120.0,890.0,79.0,37.0,83.8,100.0,7517
2025-01-21T21:03:44.000000+00:00,240.5,50.1,240.5,50.1,228.9,50.1,4.9,1120.0,900.0,80.0,37.0,83.8,100.0,7517
2025-01-21T21:04:44.000000+00:00,239.9,50.1,239.7,50.1,228.9,50.1,4.9,1110.0,900.0,81.0,37.0,83.8,100.0,7517
2025-01-21T21:05:44.000000+00:00,239.6,50.1,239.7,50.1,228.9,50.1,4.8,1090.0,870.0,80.0,36.0,83.8,100.0,7517
2025-01-21T21:06:44.000000+00:00,239.4,50.1,239.4,50.1,228.9,50.1,4.8,1100.0,870.0,79.0,37.0,83.8,100.0,7518
2025-01-21T21:07:44.000000+00:00,240.4,50.1,239.6,50.1,229.0,50.1,4.8,1100.0,870.0,79.0,36.0,83.8,100.0,7518
2025-01-21T21:08:44.000000+00:00,239.2,50.2,239.2,50.2,228.9,50.2,4.7,1080.0,860.0,80.0,36.0,83.8,100.0,7518
2025-01-21T21:09:44.000000+00:00,240.4,50.2,240.0,50.2,228.9,50.2,4.8,1090.0,870.0,80.0,36.0,83.8,100.0,7518
2025-01-21T21:10:44.000000+00:00,240.6,50.2,240.6,50.2,228.9,50.2,4.8,1100.0,880.0,80.0,36.0,83.8,100.0,7424
2025-01-21T21:11:44.000000+00:00,240.1,50.1,240.6,50.1,229.0,50.1,4.8,1100.0,880.0,80.0,36.0,83.8,100.0,7424
2025-01-21T21:12:44.000000+00:00,240.8,50.2,240.8,50.2,229.0,50.2,4.8,1100.0,880.0,80.0,37.0,83.8,100.0,7424
2025-01-21T21:13:44.000000+00:00,241.1,50.2,240.8,50.2,228.9,50.2,4.8,1110.0,900.0,81.0,37.0,83.8,100.0,7424
2025-01-21T21:14:44.000000+00:00,241.2,50.2,241.2,50.2,228.9,50.2,4.8,1100.0,880.0,80.0,36.0,83.8,100.0,7332
2025-01-21T21:15:44.000000+00:00,241.0,50.2,241.9,50.2,228.9,50.2,4.7,1080.0,860.0,80.0,36.0,83.8,100.0,7817
2025-01-21T21:16:44.000000+00:00,242.2,50.3,242.2,50.3,228.9,50.3,4.8,1090.0,880.0,81.0,36.0,83.8,100.0,7425
2025-01-21T21:17:44.000000+00:00,242.1,50.1,242.1,50.1,229.0,50.1,4.8,1100.0,880.0,80.0,37.0,83.8,100.0,7818
2025-01-21T21:18:44.000000+00:00,242.7,50.1,242.2,50.1,229.0,50.1,4.8,1100.0,880.0,80.0,36.0,83.8,100.0,7426
2025-01-21T21:19:44.000000+00:00,242.3,50.1,242.3,50.1,228.9,50.1,4.8,1110.0,900.0,81.0,37.0,83.8,100.0,7426
2025-01-21T21:20:44.000000+00:00,242.5,50.1,242.5,50.1,228.9,50.1,4.8,1110.0,890.0,80.0,37.0,83.8,100.0,7333
2025-01-21T21:21:44.000000+00:00,242.6,50.1,242.6,50.1,228.9,50.1,4.8,1100.0,870.0,79.0,37.0,83.8,100.0,7333
2025-01-21T21:22:44.000000+00:00,242.1,50.1,242.6,50.1,229.0,50.1,4.8,1100.0,870.0,79.0,37.0,83.8,100.0,7334
2025-01-21T21:23:44.000000+00:00,241.8,50.0,242.8,50.0,228.9,50.0,4.8,1090.0,860.0,79.0,36.0,83.8,100.0,7334
2025-01-21T21:24:44.000000+00:00,242.4,50.1,242.4,50.1,229.0,50.1,4.8,1100.0,880.0,80.0,37.0,83.8,100.0,7334
2025-01-21T21:25:44.000000+00:00,242.8,50.2,241.9,50.2,229.0,50.2,4.7,1080.0,860.0,80.0,36.0,83.8,100.0,7718
2025-01-21T21:26:44.000000+00:00,243.2,50.2,242.8,50.2,229.0,50.2,4.8,1100.0,880.0,80.0,36.0,83.8,100.0,7335
2025-01-21T21:27:44.000000+00:00,242.5,50.2,242.5,50.2,229.0,50.2,4.9,1120.0,900.0,80.0,37.0,83.8,100.0,7244
2025-01-21T21:28:44.000000+00:00,243.1,50.2,243.1,50.2,229.0,50.2,4.7,1080.0,850.0,79.0,36.0,83.8,100.0,7620
2025-01-21T21:29:44.000000+00:00,239.3,50.1,239.3,50.1,228.9,50.1,4.8,1110.0,890.0,80.0,37.0,83.8,100.0,7620
2025-01-21T21:30:44.000000+00:00,239.5,50.2,239.5,50.2,228.9,50.2,4.8,1090.0,880.0,81.0,36.0,83.8,100.0,7620
2025-01-21T21:31:44.000000+00:00,240.0,50.2,239.6,50.2,228.9,50.2,4.8,1110.0,900.0,81.0,37.0,83.8,100.0,7621
2025-01-21T21:32:44.000000+00:00,239.4,50.1,239.4,50.1,228.9,50.1,4.8,1090.0,870.0,80.0,37.0,83.8,100.0,7621
2025-01-21T21:33:44.000000+00:00,238.4,50.1,238.4,50.1,228.9,50.1,4.8,1090.0,870.0,80.0,37.0,83.8,100.0,7621
2025-01-21T21:34:44.000000+00:00,238.8,50.1,238.9,50.1,228.9,50.1,4.8,1110.0,890.0,80.0,37.0,83.8,100.0,7621
2025-01-21T21:35:44.000000+00:00,239.1,50.1,239.1,50.1,228.9,50.1,4.8,1100.0,880.0,80.0,37.0,83.8,100.0,7622
2025-01-21T21:36:44.000000+00:00,239.1,50.1,239.0,50.1,228.9,50.1,4.9,1120.0,900.0,80.0,36.0,83.8,100.0,7622
2025-01-21T21:37:44.000000+00:00,239.1,50.1,239.1,50.1,228.9,50.1,4.9,1110.0,890.0,80.0,37.0,83.8,100.0,7622
2025-01-21T21:38:44.000000+00:00,239.3,50.1,239.3,50.1,228.9,50.1,4.7,1080.0,850.0,79.0,36.0,83.8,100.0,7622
2025-01-21T21:39:44.000000+00:00,239.2,50.2,239.6,50.2,228.9,50.2,4.9,1120.0,900.0,80.0,37.0,83.8,100.0,7623
2025-01-21T21:40:44.000000+00:00,239.6,50.2,238.8,50.2,228.9,50.2,4.8,1090.0,870.0,80.0,37.0,83.8,100.0,7623
2025-01-21T21:41:44.000000+00:00,239.8,50.2,239.0,50.2,228.9,50.2,4.8,1090.0,870.0,80.0,37.0,83.8,100.0,7623
2025-01-21T21:42:44.000000+00:00,239.5,50.2,240.1,50.2,229.0,50.2,4.8,1100.0,880.0,80.0,37.0,83.8,100.0,7623
2025-01-21T21:43:44.000000+00:00,239.4,50.2,239.4,50.2,228.9,50.2,4.8,1090.0,870.0,80.0,36.0,83.8,100.0,7624
2025-01-21T21:44:44.000000+00:00,240.7,50.2,239.8,50.2,228.9,50.2,4.8,1110.0,890.0,80.0,37.0,83.8,100.0,7624
2025-01-21T21:45:44.000000+00:00,239.6,50.2,240.1,50.2,228.9,50.2,4.8,1090.0,870.0,80.0,36.0,83.8,100.0,7624
2025-01-21T21:46:44.000000+00:00,240.5,50.2,240.4,50.2,228.9,50.2,4.8,1090.0,860.0,79.0,37.0,83.8,100.0,7624
2025-01-21T21:47:44.000000+00:00,239.0,50.1,239.0,50.1,229.0,50.1,4.8,1100.0,870.0,79.0,37.0,83.8,100.0,7625
2025-01-21T21:48:44.000000+00:00,239.8,50.1,239.7,50.1,228.9,50.1,4.8,1090.0,870.0,80.0,36.0,83.8,100.0,7625
2025-01-21T21:49:44.000000+00:00,239.8,50.1,239.5,50.1,229.0,50.1,4.8,1100.0,880.0,80.0,37.0,83.8,100.0,7625
2025-01-21T21:50:44.000000+00:00,240.1,50.1,240.1,50.1,228.9,50.1,4.8,1100.0,880.0,80.0,37.0,83.9,100.0,7625
2025-01-21T21:51:44.000000+00:00,239.2,50.0,239.2,50.0,228.9,50.0,4.8,1100.0,870.0,79.0,37.0,83.8,100.0,7626
2025-01-21T21:52:44.000000+00:00,239.9,50.1,239.9,50.1,228.9,50.1,4.8,1100.0,880.0,80.0,37.0,83.8,100.0,7626
2025-01-21T21:53:44.000000+00:00,239.5,50.2,239.5,50.2,228.9,50.2,4.8,1090.0,870.0,80.0,36.0,83.8,100.0,7626
2025-01-21T21:54:44.000000+00:00,239.9,50.2,239.9,50.2,228.9,50.2,4.8,1110.0,890.0,80.0,37.0,83.8,100.0,7626
2025-01-21T21:55:45.000000+00:00,239.9,50.2,239.9,50.2,228.9,50.2,4.8,1090.0,880.0,81.0,36.0,83.8,100.0,7627
2025-01-21T21:56:45.000000+00:00,240.1,50.1,240.1,50.1,228.9,50.1,4.9,1110.0,890.0,80.0,37.0,83.8,100.0,7627
2025-01-21T21:57:45.000000+00:00,240.0,50.2,240.0,50.2,228.9,50.2,4.9,1120.0,910.0,81.0,36.0,83.8,100.0,7251
2025-01-21T21:58:45.000000+00:00,240.6,50.2,240.6,50.2,228.9,50.2,4.8,1090.0,870.0,80.0,36.0,83.8,100.0,7342
2025-01-21T21:59:45.000000+00:00,239.5,50.1,239.5,50.1,228.9,50.1,4.8,1100.0,870.0,79.0,37.0,83.8,100.0,7342
2025-01-21T22:00:45.000000+00:00,240.3,50.1,240.2,50.1,229.0,50.1,4.8,1090.0,870.0,80.0,37.0,83.8,100.0,7343
2025-01-21T22:01:45.000000+00:00,239.3,50.0,240.4,50.0,228.9,50.0,4.8,1100.0,870.0,79.0,37.0,83.8,100.0,7343
2025-01-21T22:02:45.000000+00:00,240.1,50.2,240.2,50.2,228.9,50.2,4.9,1110.0,900.0,81.0,37.0,83.8,100.0,7728
2025-01-21T22:03:45.000000+00:00,239.8,50.0,240.3,50.0,228.9,50.0,4.8,1110.0,890.0,80.0,37.0,83.8,100.0,7343
2025-01-21T22:04:45.000000+00:00,240.6,50.1,239.6,50.1,229.0,50.1,4.8,1100.0,870.0,79.0,37.0,83.8,100.0,7437
2025-01-21T22:05:45.000000+00:00,241.0,50.2,241.0,50.2,228.9,50.2,4.8,1100.0,880.0,80.0,36.0,83.8,100.0,7830
2025-01-21T22:06:45.000000+00:00,240.2,50.2,240.2,50.2,229.0,50.2,4.8,1090.0,870.0,80.0,37.0,83.8,100.0,7437
2025-01-21T22:07:45.000000+00:00,240.8,50.1,240.8,50.1,228.9,50.1,4.8,1100.0,870.0,79.0,37.0,83.8,100.0,7830
2025-01-21T22:08:45.000000+00:00,241.3,50.2,241.2,50.2,228.9,50.2,4.7,1070.0,840.0,79.0,36.0,83.8,100.0,7438
2025-01-21T22:09:45.000000+00:00,241.1,50.2,241.6,50.2,229.0,50.1,4.8,1100.0,870.0,79.0,37.0,83.8,100.0,7533
2025-01-21T22:10:45.000000+00:00,240.6,50.2,241.2,50.2,228.9,50.2,4.7,1090.0,870.0,80.0,36.0,83.8,100.0,7533
2025-01-21T22:11:45.000000+00:00,240.8,50.1,241.3,50.1,228.9,50.1,4.8,1090.0,870.0,80.0,37.0,83.8,100.0,7533
2025-01-21T22:12:45.000000+00:00,239.9,50.1,239.9,50.1,228.9,50.1,4.9,1120.0,900.0,80.0,37.0,83.8,100.0,7534
2025-01-21T22:13:45.000000+00:00,241.1,50.1,240.6,50.1,228.9,50.1,4.8,1100.0,870.0,79.0,36.0,83.8,100.0,7534
2025-01-21T22:14:45.000000+00:00,241.1,50.2,241.1,50.2,228.9,50.2,4.8,1100.0,880.0,80.0,37.0,83.8,100.0,7534
2025-01-21T22:15:45.000000+00:00,240.8,50.2,240.3,50.2,228.9,50.2,4.7,1080.0,860.0,80.0,36.0,83.8,100.0,7534
2025-01-21T22:16:45.000000+00:00,241.0,50.3,241.5,50.3,229.0,50.3,4.8,1090.0,880.0,81.0,36.0,83.8,100.0,7535
2025-01-21T22:17:45.000000+00:00,242.1,50.2,242.1,50.2,228.9,50.2,4.8,1090.0,870.0,80.0,36.0,83.8,100.0,7535
2025-01-21T22:18:45.000000+00:00,242.1,50.2,241.6,50.2,228.9,50.2,4.7,1080.0,860.0,80.0,36.0,83.8,100.0,7535
2025-01-21T22:19:45.000000+00:00,241.9,50.3,241.9,50.3,228.9,50.3,4.8,1090.0,870.0,80.0,36.0,83.8,100.0,7535
2025-01-21T22:20:45.000000+00:00,242.3,50.2,242.3,50.2,228.9,50.2,4.8,1100.0,880.0,80.0,37.0,83.8,100.0,7535
2025-01-21T22:21:45.000000+00:00,242.4,50.2,242.4,50.2,228.9,50.2,4.7,1090.0,870.0,80.0,37.0,83.8,100.0,7536
2025-01-21T22:22:45.000000+00:00,242.3,50.3,242.4,50.3,229.0,50.3,4.8,1090.0,870.0,80.0,37.0,83.8,100.0,7536
2025-01-21T22:23:45.000000+00:00,242.4,50.3,242.4,50.3,229.0,50.3,4.7,1080.0,850.0,79.0,36.0,83.8,100.0,7536
2025-01-21T22:24:45.000000+00:00,242.4,50.3,242.4,50.3,229.0,50.3,4.8,1100.0,870.0,79.0,37.0,83.8,100.0,7536
2025-01-21T22:25:45.000000+00:00,242.2,50.2,241.8,50.2,229.0,50.2,4.7,1080.0,850.0,79.0,36.0,83.8,100.0,7537
2025-01-21T22:26:45.000000+00:00,241.7,50.3,241.9,50.3,229.0,50.3,4.8,1100.0,890.0,81.0,37.0,83.8,100.0,7537
2025-01-21T22:27:45.000000+00:00,241.7,50.2,241.8,50.2,229.0,50.2,4.8,1100.0,880.0,80.0,38.0,83.8,100.0,7537
2025-01-21T22:28:45.000000+00:00,242.5,50.3,242.1,50.3,229.0,50.3,4.7,1070.0,850.0,79.0,36.0,83.8,100.0,7537
2025-01-21T22:29:45.000000+00:00,241.8,50.2,242.1,50.2,229.0,50.2,4.8,1090.0,870.0,80.0,36.0,83.8,100.0,7538
2025-01-21T22:30:45.000000+00:00,242.0,50.2,242.0,50.2,229.0,50.2,4.8,1090.0,870.0,80.0,36.0,83.8,100.0,7538
2025-01-21T22:31:45.000000+00:00,242.1,50.3,242.1,50.3,228.9,50.3,4.8,1090.0,870.0,80.0,36.0,83.8,100.0,7538
2025-01-21T22:32:45.000000+00:00,242.2,50.3,242.1,50.3,229.0,50.3,4.8,1110.0,880.0,79.0,37.0,83.8,100.0,7538
2025-01-21T22:33:45.000000+00:00,242.3,50.2,242.8,50.2,229.0,50.2,4.8,1100.0,880.0,80.0,37.0,83.8,100.0,7538
2025-01-21T22:34:45.000000+00:00,242.4,50.2,241.8,50.2,228.9,50.2,4.9,1120.0,900.0,80.0,37.0,83.8,100.0,7538
2025-01-21T22:35:45.000000+00:00,242.4,50.3,242.8,50.3,229.0,50.3,4.7,1090.0,860.0,79.0,36.0,83.8,100.0,7538
2025-01-21T22:36:45.000000+00:00,243.4,50.3,243.4,50.3,228.9,50.3,4.8,1100.0,880.0,80.0,37.0,83.8,100.0,7538
2025-01-21T22:37:45.000000+00:00,242.5,50.3,242.5,50.3,228.9,50.3,4.8,1100.0,890.0,81.0,37.0,83.8,100.0,7538
2025-01-21T22:38:45.000000+00:00,243.3,50.3,243.4,50.3,229.0,50.3,4.7,1070.0,850.0,79.0,36.0,83.8,100.0,7538
2025-01-21T22:39:45.000000+00:00,242.2,50.2,242.5,50.2,229.0,50.2,4.8,1100.0,870.0,79.0,37.0,83.8,100.0,7538
2025-01-21T22:40:45.000000+00:00,242.5,50.3,242.5,50.3,228.9,50.3,4.8,1090.0,870.0,80.0,36.0,83.8,100.0,7538
2025-01-21T22:41:45.000000+00:00,241.9,50.2,241.9,50.2,229.0,50.2,4.8,1090.0,870.0,80.0,37.0,83.8,100.0,7538
2025-01-21T22:42:45.000000+00:00,242.8,50.2,241.8,50.2,228.9,50.2,4.8,1110.0,890.0,80.0,37.0,83.8,100.0,7538
2025-01-21T22:43:45.000000+00:00,242.4,50.3,242.5,50.2,229.0,50.2,4.8,1090.0,870.0,80.0,36.0,83.8,100.0,7538
2025-01-21T22:44:45.000000+00:00,242.0,50.2,242.3,50.2,229.0,50.2,4.8,1110.0,890.0,80.0,37.0,83.8,100.0,7538
2025-01-21T22:45:45.000000+00:00,242.6,50.3,242.6,50.3,229.0,50.3,4.8,1090.0,880.0,81.0,36.0,83.8,100.0,7538
2025-01-21T22:46:45.000000+00:00,241.7,50.1,241.7,50.1,228.9,50.1,4.8,1100.0,870.0,79.0,36.0,83.8,100.0,7538
2025-01-21T22:47:45.000000+00:00,242.5,50.2,242.5,50.2,228.9,50.2,4.8,1100.0,880.0,80.0,36.0,83.8,100.0,7538
2025-01-21T22:48:45.000000+00:00,241.6,50.2,242.5,50.2,228.9,50.2,4.7,1080.0,850.0,79.0,36.0,83.8,100.0,7538
2025-01-21T22:49:45.000000+00:00,242.3,50.2,242.7,50.2,229.0,50.2,4.8,1090.0,870.0,80.0,36.0,83.8,100.0,7538
2025-01-21T22:50:45.000000+00:00,242.1,50.2,241.5,50.2,229.0,50.2,4.8,1100.0,880.0,80.0,37.0,83.8,100.0,7538
2025-01-21T22:51:45.000000+00:00,242.4,50.2,241.4,50.2,228.9,50.2,4.8,1090.0,870.0,80.0,37.0,83.9,100.0,7538
2025-01-21T22:52:45.000000+00:00,242.3,50.2,242.3,50.2,228.9,50.2,4.8,1100.0,880.0,80.0,37.0,83.8,100.0,7538
2025-01-21T22:53:45.000000+00:00,241.4,50.1,241.4,50.2,228.9,50.2,4.8,1090.0,870.0,80.0,36.0,83.9,100.0,7538
2025-01-21T22:54:45.000000+00:00,242.0,50.2,241.0,50.2,228.9,50.2,4.8,1110.0,890.0,80.0,37.0,83.8,100.0,7538
2025-01-21T22:55:45.000000+00:00,242.4,50.2,242.4,50.2,228.9,50.2,4.7,1080.0,850.0,79.0,36.0,83.8,100.0,7635
2025-01-21T22:56:45.000000+00:00,242.2,50.3,242.1,50.3,228.9,50.3,4.8,1110.0,900.0,81.0,37.0,83.9,100.0,7635
2025-01-21T22:57:45.000000+00:00,242.0,50.2,242.5,50.2,228.9,50.2,4.9,1120.0,910.0,81.0,36.0,83.9,100.0,7635
2025-01-21T22:58:46.000000+00:00,241.7,50.2,241.7,50.2,228.9,50.2,4.8,1090.0,870.0,80.0,36.0,83.8,100.0,7635
2025-01-21T22:59:46.000000+00:00,242.0,50.1,242.0,50.1,229.0,50.1,4.8,1100.0,880.0,80.0,36.0,83.8,100.0,7635
2025-01-21T23:00:46.000000+00:00,241.5,50.2,241.9,50.2,228.9,50.2,4.8,1100.0,880.0,80.0,36.0,83.8,100.0,7635
2025-01-21T23:01:46.000000+00:00,242.2,50.1,242.2,50.1,228.9,50.1,4.8,1100.0,880.0,80.0,36.0,83.8,100.0,7635
2025-01-21T23:02:46.000000+00:00,242.2,50.3,242.2,50.3,228.9,50.3,4.8,1110.0,900.0,81.0,37.0,83.9,100.0,7635
2025-01-21T23:03:46.000000+00:00,242.6,50.3,242.6,50.3,228.9,50.3,4.8,1090.0,880.0,81.0,36.0,83.9,100.0,7635
2025-01-21T23:04:46.000000+00:00,242.4,50.3,242.4,50.3,229.0,50.3,4.8,1090.0,880.0,81.0,37.0,83.8,100.0,7635
2025-01-21T23:05:46.000000+00:00,242.3,50.2,242.3,50.2,228.9,50.3,4.8,1100.0,880.0,80.0,36.0,83.8,100.0,7635
2025-01-21T23:06:46.000000+00:00,243.1,50.3,243.1,50.3,228.9,50.3,4.8,1090.0,870.0,80.0,36.0,83.9,100.0,7635
2025-01-21T23:07:46.000000+00:00,242.3,50.3,242.3,50.3,229.0,50.3,4.8,1080.0,870.0,81.0,36.0,83.9,100.0,7635
2025-01-21T23:08:46.000000+00:00,243.4,50.3,242.8,50.3,228.9,50.3,4.7,1070.0,850.0,79.0,36.0,83.9,100.0,7635
2025-01-21T23:09:46.000000+00:00,243.1,50.3,243.1,50.3,228.9,50.3,4.7,1080.0,870.0,81.0,36.0,83.9,100.0,7635
2025-01-21T23:10:46.000000+00:00,242.8,50.3,242.8,50.3,229.0,50.3,4.8,1090.0,870.0,80.0,36.0,83.8,100.0,7635
2025-01-21T23:11:46.000000+00:00,242.4,50.3,242.4,50.3,228.9,50.3,4.8,1090.0,870.0,80.0,36.0,83.8,100.0,7635
2025-01-21T23:12:46.000000+00:00,243.1,50.3,242.1,50.3,228.9,50.3,4.9,1110.0,900.0,81.0,36.0,83.9,100.0,7635
2025-01-21T23:13:46.000000+00:00,242.7,50.2,242.7,50.2,229.0,50.2,4.8,1110.0,890.0,80.0,36.0,83.8,100.0,7635
2025-01-21T23:14:46.000000+00:00,242.2,50.2,242.8,50.2,228.9,50.2,4.9,1110.0,900.0,81.0,37.0,83.9,100.0,7635
2025-01-21T23:15:46.000000+00:00,242.4,50.0,241.5,50.0,228.9,50.0,4.8,1110.0,880.0,79.0,36.0,83.9,100.0,7635
2025-01-21T23:16:46.000000+00:00,243.1,50.3,243.1,50.3,229.0,50.3,4.8,1090.0,870.0,80.0,37.0,83.8,100.0,7635
2025-01-21T23:17:46.000000+00:00,242.2,50.2,242.6,50.2,228.9,50.2,4.8,1100.0,880.0,80.0,36.0,83.9,100.0,7635
2025-01-21T23:18:46.000000+00:00,243.0,50.2,243.0,50.2,228.9,50.2,4.7,1080.0,860.0,80.0,36.0,83.9,100.0,7635
2025-01-21T23:19:46.000000+00:00,243.0,50.2,243.0,50.2,228.9,50.2,4.8,1100.0,880.0,80.0,36.0,83.9,100.0,7635
2025-01-21T23:20:46.000000+00:00,242.5,50.1,243.0,50.1,228.9,50.1,4.8,1100.0,880.0,80.0,37.0,83.9,100.0,7635
2025-01-21T23:21:46.000000+00:00,243.0,50.3,243.0,50.3,228.9,50.3,4.8,1090.0,870.0,80.0,37.0,83.9,100.0,7635
2025-01-21T23:22:46.000000+00:00,242.5,50.1,242.5,50.1,229.0,50.1,4.9,1110.0,890.0,80.0,37.0,83.9,100.0,7635
2025-01-21T23:23:46.000000+00:00,242.5,50.1,242.5,50.1,228.9,50.1,4.8,1100.0,880.0,80.0,37.0,83.9,100.0,7635
2025-01-21T23:24:46.000000+00:00,242.1,50.0,241.7,50.0,229.0,50.0,4.8,1100.0,870.0,79.0,37.0,83.9,100.0,7635
2025-01-21T23:25:46.000000+00:00,241.4,50.0,241.5,50.0,229.0,50.0,4.8,1100.0,880.0,80.0,36.0,83.9,100.0,7635
2025-01-21T23:26:46.000000+00:00,241.2,50.1,242.1,50.1,228.9,50.1,4.8,1110.0,880.0,79.0,37.0,83.9,100.0,7635
2025-01-21T23:27:46.000000+00:00,241.8,50.2,241.8,50.2,229.0,50.2,4.8,1090.0,880.0,81.0,36.0,83.9,100.0,7350
2025-01-21T23:28:46.000000+00:00,242.8,50.3,242.4,50.3,229.0,50.3,4.8,1090.0,870.0,80.0,36.0,83.9,100.0,7350
2025-01-21T23:29:46.000000+00:00,243.2,50.3,243.2,50.3,229.0,50.3,4.8,1090.0,870.0,80.0,36.0,83.9,100.0,7350
2025-01-21T23:30:46.000000+00:00,242.9,50.3,242.9,50.3,228.9,50.3,4.8,1110.0,900.0,81.0,36.0,83.9,100.0,7443
2025-01-21T23:31:46.000000+00:00,242.7,49.9,242.7,49.9,229.0,49.9,4.9,1110.0,880.0,79.0,37.0,83.9,100.0,7443
2025-01-21T23:32:46.000000+00:00,242.8,49.8,242.6,49.8,228.9,49.8,4.9,1120.0,890.0,79.0,37.0,83.9,100.0,7443
2025-01-21T23:33:46.000000+00:00,242.3,50.1,242.3,50.1,228.9,50.1,4.9,1120.0,900.0,80.0,37.0,83.9,100.0,7443
2025-01-21T23:34:46.000000+00:00,241.1,49.8,241.0,49.8,228.9,49.8,4.9,1120.0,880.0,79.0,37.0,83.9,100.0,7443
2025-01-21T23:35:46.000000+00:00,239.7,49.6,240.7,49.6,228.9,49.6,4.9,1130.0,890.0,79.0,38.0,83.9,100.0,7443
2025-01-21T23:36:46.000000+00:00,239.7,49.6,240.1,49.6,228.9,49.6,5.0,1140.0,900.0,79.0,37.0,83.9,100.0,7443
2025-01-21T23:37:46.000000+00:00,239.6,49.6,239.6,49.6,228.9,49.6,4.9,1130.0,890.0,79.0,37.0,83.9,100.0,7443
2025-01-21T23:38:46.000000+00:00,241.3,49.9,241.3,49.9,228.9,49.9,4.8,1110.0,880.0,79.0,37.0,83.9,100.0,7443
2025-01-21T23:39:46.000000+00:00,241.3,50.1,240.3,50.1,228.9,50.1,4.8,1100.0,870.0,79.0,37.0,83.9,100.0,7443
2025-01-21T23:40:46.000000+00:00,241.1,50.2,241.1,50.2,228.9,50.2,4.8,1090.0,870.0,80.0,36.0,83.9,100.0,7635
2025-01-21T23:41:46.000000+00:00,241.4,50.2,240.9,50.2,228.9,50.2,4.8,1100.0,880.0,80.0,36.0,83.9,100.0,7635
2025-01-21T23:42:46.000000+00:00,241.3,50.1,241.3,50.1,229.0,50.1,4.8,1110.0,890.0,80.0,37.0,83.9,100.0,7635
2025-01-21T23:43:46.000000+00:00,240.8,49.9,240.8,49.9,228.9,49.9,4.9,1130.0,910.0,81.0,38.0,83.9,100.0,7635
2025-01-21T23:44:46.000000+00:00,240.4,49.9,240.9,49.9,229.0,49.9,4.8,1110.0,880.0,79.0,37.0,83.9,100.0,7635
2025-01-21T23:45:46.000000+00:00,241.2,50.0,241.2,50.0,228.9,50.0,4.8,1100.0,870.0,79.0,37.0,83.9,100.0,7635
2025-01-21T23:46:46.000000+00:00,242.2,50.3,242.2,50.3,229.0,50.3,4.7,1080.0,870.0,81.0,36.0,83.9,100.0,7635
2025-01-21T23:47:46.000000+00:00,241.8,50.3,241.8,50.3,228.9,50.3,4.8,1090.0,870.0,80.0,36.0,83.9,100.0,7635
2025-01-21T23:48:46.000000+00:00,240.7,50.1,241.6,50.1,229.0,50.1,4.8,1100.0,870.0,79.0,37.0,83.9,100.0,7635
2025-01-21T23:49:46.000000+00:00,242.1,50.3,242.1,50.3,228.9,50.3,4.8,1090.0,870.0,80.0,36.0,83.9,100.0,7635
2025-01-21T23:50:46.000000+00:00,242.3,50.2,241.8,50.2,228.9,50.2,4.9,1120.0,900.0,80.0,37.0,83.9,100.0,7635
2025-01-21T23:51:46.000000+00:00,242.0,50.2,242.0,50.2,228.9,50.2,4.7,1090.0,870.0,80.0,36.0,83.9,100.0,7635
2025-01-21T23:52:46.000000+00:00,241.7,50.2,241.0,50.2,228.9,50.2,4.8,1110.0,890.0,80.0,37.0,83.9,100.0,7635
2025-01-21T23:53:46.000000+00:00,242.0,50.3,242.0,50.3,228.9,50.3,4.8,1100.0,890.0,81.0,36.0,83.9,100.0,7635
2025-01-21T23:54:46.000000+00:00,242.3,50.3,242.3,50.3,228.9,50.3,4.8,1090.0,880.0,81.0,36.0,83.9,100.0,7635
2025-01-21T23:55:46.000000+00:00,241.9,50.2,241.9,50.2,228.9,50.1,4.9,1110.0,890.0,80.0,37.0,83.9,100.0,7635
2025-01-21T23:56:46.000000+00:00,241.9,50.3,242.8,50.3,228.9,50.3,4.8,1090.0,870.0,80.0,36.0,83.9,100.0,7635
2025-01-21T23:57:46.000000+00:00,242.5,50.4,242.5,50.4,228.9,50.4,4.8,1090.0,880.0,81.0,36.0,83.9,100.0,7259
2025-01-21T23:58:46.000000+00:00,242.4,50.1,241.9,50.1,228.9,50.1,4.8,1100.0,880.0,80.0,37.0,83.9,100.0,7635
2025-01-21T23:59:46.000000+00:00,242.7,50.3,241.8,50.3,228.9,50.3,4.7,1080.0,870.0,81.0,36.0,83.9,100.0,7635
2025-01-22T00:00:46.000000+00:00,241.6,50.2,241.6,50.2,228.9,50.2,4.8,1090.0,870.0,80.0,37.0,83.9,100.0,7635
2025-01-22T00:01:46.000000+00:00,241.9,50.3,242.0,50.3,228.9,50.3,4.7,1090.0,870.0,80.0,36.0,83.9,100.0,7635
2025-01-22T00:02:47.000000+00:00,241.7,50.3,241.8,50.3,229.0,50.3,4.8,1110.0,880.0,79.0,36.0,83.9,100.0,7635
2025-01-22T00:03:47.000000+00:00,241.9,50.2,241.4,50.2,228.9,50.2,4.8,1100.0,890.0,81.0,37.0,83.9,100.0,7735
2025-01-22T00:04:47.000000+00:00,241.6,50.1,241.6,50.1,228.9,50.1,4.7,1080.0,850.0,79.0,36.0,83.9,100.0,7350
2025-01-22T00:05:47.000000+00:00,242.9,50.2,242.5,50.2,228.9,50.2,4.8,1100.0,880.0,80.0,37.0,83.9,100.0,7350
2025-01-22T00:06:47.000000+00:00,241.1,49.9,241.1,49.9,228.9,49.9,4.8,1100.0,860.0,78.0,37.0,83.9,100.0,7837
2025-01-22T00:07:47.000000+00:00,240.8,49.8,241.6,49.8,229.0,49.8,4.9,1110.0,880.0,79.0,37.0,83.9,100.0,7350
2025-01-22T00:08:47.000000+00:00,240.9,49.8,240.5,49.8,228.9,49.8,4.9,1120.0,890.0,79.0,37.0,83.9,100.0,7350
2025-01-22T00:09:47.000000+00:00,242.5,50.2,242.5,50.2,228.9,50.2,4.7,1080.0,860.0,80.0,36.0,83.9,100.0,7837
2025-01-22T00:10:47.000000+00:00,242.0,50.0,242.0,50.0,228.9,50.0,4.8,1100.0,880.0,80.0,37.0,83.9,100.0,7443
2025-01-22T00:11:47.000000+00:00,241.8,50.1,241.7,50.1,228.9,50.1,4.8,1100.0,880.0,80.0,37.0,83.9,100.0,7443
2025-01-22T00:12:47.000000+00:00,241.6,50.2,242.0,50.2,228.9,50.2,4.9,1120.0,900.0,80.0,37.0,83.9,100.0,7350
2025-01-22T00:13:47.000000+00:00,241.4,50.2,241.9,50.2,228.9,50.2,4.8,1110.0,900.0,81.0,37.0,83.9,100.0,7735
2025-01-22T00:14:47.000000+00:00,242.6,50.2,242.6,50.2,228.9,50.2,4.7,1080.0,850.0,79.0,36.0,83.9,100.0,7635
2025-01-22T00:15:47.000000+00:00,241.3,50.2,241.3,50.2,228.9,50.2,4.8,1090.0,860.0,79.0,37.0,83.9,100.0,7635
2025-01-22T00:16:47.000000+00:00,242.4,50.3,242.4,50.3,228.9,50.3,4.7,1080.0,850.0,79.0,36.0,83.9,100.0,7635
2025-01-22T00:17:47.000000+00:00,242.0,50.1,242.0,50.1,229.0,50.1,4.8,1090.0,870.0,80.0,37.0,83.9,100.0,7635
2025-01-22T00:18:47.000000+00:00,243.0,50.2,242.1,50.2,228.9,50.2,4.8,1090.0,870.0,80.0,36.0,83.9,100.0,7635
2025-01-22T00:19:47.000000+00:00,242.0,50.2,242.0,50.2,228.9,50.2,4.7,1070.0,850.0,79.0,36.0,83.9,100.0,7635
2025-01-22T00:20:47.000000+00:00,241.8,50.2,242.3,50.2,228.9,50.2,4.8,1100.0,880.0,80.0,37.0,83.9,100.0,7635
2025-01-22T00:21:47.000000+00:00,241.7,50.2,241.7,50.2,228.9,50.2,4.8,1090.0,870.0,80.0,36.0,83.9,100.0,7635
2025-01-22T00:22:47.000000+00:00,242.4,50.1,242.4,50.1,228.9,50.1,4.8,1100.0,880.0,80.0,37.0,83.9,100.0,7635
2025-01-22T00:23:47.000000+00:00,241.3,49.9,242.2,49.9,229.0,49.9,4.9,1110.0,880.0,79.0,37.0,83.9,100.0,7635
2025-01-22T00:24:47.000000+00:00,241.8,50.1,241.8,50.1,228.9,50.1,4.8,1100.0,870.0,79.0,36.0,83.9,100.0,7635
2025-01-22T00:25:47.000000+00:00,241.9,50.0,242.3,50.0,228.9,50.0,4.8,1100.0,880.0,80.0,37.0,83.9,100.0,7538
2025-01-22T00:26:47.000000+00:00,241.9,50.0,241.9,50.0,228.9,50.0,4.8,1090.0,860.0,79.0,36.0,83.9,100.0,7538
2025-01-22T00:27:47.000000+00:00,241.3,50.0,241.7,50.0,228.9,50.0,4.8,1100.0,880.0,80.0,37.0,83.9,100.0,7538
2025-01-22T00:28:47.000000+00:00,242.4,50.1,242.4,50.1,228.9,50.1,4.8,1090.0,870.0,80.0,37.0,83.9,100.0,7538
2025-01-22T00:29:47.000000+00:00,242.3,50.2,242.3,50.2,229.0,50.2,4.8,1100.0,870.0,79.0,37.0,83.9,100.0,7538
2025-01-22T00:30:47.000000+00:00,244.4,50.3,243.4,50.3,228.9,50.3,4.7,1090.0,870.0,80.0,36.0,83.9,100.0,7538
2025-01-22T00:31:47.000000+00:00,243.7,50.3,243.7,50.3,228.9,50.3,4.8,1090.0,870.0,80.0,36.0,83.9,100.0,7538
2025-01-22T00:32:47.000000+00:00,242.6,50.1,242.6,50.1,229.0,50.1,4.8,1100.0,870.0,79.0,37.0,83.9,100.0,7538
2025-01-22T00:33:47.000000+00:00,242.7,50.1,242.6,50.1,228.9,50.1,4.8,1100.0,880.0,80.0,37.0,83.9,100.0,7538
2025-01-22T00:34:47.000000+00:00,242.9,50.2,242.6,50.2,229.0,50.2,4.7,1080.0,860.0,80.0,36.0,83.9,100.0,7538
2025-01-22T00:35:47.000000+00:00,242.7,50.1,242.7,50.1,228.9,50.1,4.8,1100.0,880.0,80.0,37.0,83.9,100.0,7538
2025-01-22T00:36:47.000000+00:00,242.1,50.1,242.1,50.1,229.0,50.1,4.7,1080.0,860.0,80.0,36.0,83.9,100.0,7538
2025-01-22T00:37:47.000000+00:00,242.3,50.2,243.3,50.2,228.9,50.2,4.8,1090.0,860.0,79.0,36.0,83.9,100.0,7538
2025-01-22T00:38:47.000000+00:00,242.4,50.1,242.4,50.1,228.9,50.1,4.8,1090.0,870.0,80.0,37.0,83.9,100.0,7538
2025-01-22T00:39:47.000000+00:00,242.1,50.1,242.6,50.1,228.9,50.1,4.7,1080.0,850.0,79.0,36.0,83.9,100.0,7538
2025-01-22T00:40:47.000000+00:00,242.6,50.1,242.7,50.1,229.0,50.1,4.8,1100.0,870.0,79.0,37.0,83.9,100.0,7538
2025-01-22T00:41:47.000000+00:00,242.3,50.0,241.8,50.0,228.9,50.0,4.8,1100.0,870.0,79.0,37.0,83.9,100.0,7538
2025-01-22T00:42:47.000000+00:00,242.6,50.0,242.6,50.0,228.9,50.0,4.9,1110.0,890.0,80.0,37.0,83.9,100.0,7538
2025-01-22T00:43:47.000000+00:00,241.2,49.9,241.2,49.9,228.9,49.9,4.9,1120.0,890.0,79.0,38.0,83.9,100.0,7538
2025-01-22T00:44:47.000000+00:00,242.3,50.1,242.3,50.1,229.0,50.1,4.7,1080.0,850.0,79.0,36.0,83.9,100.0,7538
2025-01-22T00:45:47.000000+00:00,241.8,50.2,242.1,50.1,229.0,50.1,4.8,1100.0,880.0,80.0,37.0,83.9,100.0,7538
2025-01-22T00:46:47.000000+00:00,242.1,50.0,242.2,50.0,228.9,50.0,4.8,1090.0,860.0,79.0,36.0,83.9,100.0,7538
2025-01-22T00:47:47.000000+00:00,242.9,50.1,242.9,50.1,228.9,50.1,4.8,1100.0,880.0,80.0,36.0,83.9,100.0,7538
2025-01-22T00:48:47.000000+00:00,243.1,50.2,242.8,50.2,228.9,50.2,4.9,1110.0,890.0,80.0,37.0,83.9,100.0,7538
2025-01-22T00:49:47.000000+00:00,243.1,50.1,243.1,50.1,228.9,50.1,4.7,1090.0,860.0,79.0,37.0,83.9,100.0,7538
2025-01-22T00:50:47.000000+00:00,242.2,50.0,241.2,50.1,228.9,50.1,4.8,1110.0,890.0,80.0,37.0,83.9,100.0,7538
2025-01-22T00:51:47.000000+00:00,242.6,50.2,241.8,50.2,229.0,50.2,4.8,1090.0,870.0,80.0,37.0,83.9,100.0,7538
2025-01-22T00:52:47.000000+00:00,241.8,50.1,242.3,50.1,228.9,50.1,4.8,1090.0,870.0,80.0,37.0,83.9,100.0,7538
2025-01-22T00:53:47.000000+00:00,243.1,50.2,243.1,50.2,228.9,50.2,4.8,1110.0,890.0,80.0,37.0,83.9,100.0,7538
2025-01-22T00:54:47.000000+00:00,242.2,50.1,242.2,50.1,228.9,50.1,4.7,1080.0,850.0,79.0,36.0,83.9,100.0,7538
2025-01-22T00:55:47.000000+00:00,243.1,50.2,243.6,50.2,228.9,50.2,4.8,1090.0,870.0,80.0,36.0,83.9,100.0,7538
2025-01-22T00:56:47.000000+00:00,242.9,50.2,242.9,50.2,229.0,50.2,4.7,1080.0,850.0,79.0,36.0,83.9,100.0,7538
2025-01-22T00:57:47.000000+00:00,242.1,50.0,242.0,50.0,228.9,50.0,4.8,1100.0,870.0,79.0,37.0,83.9,100.0,7538
2025-01-22T00:58:47.000000+00:00,241.9,50.1,242.4,50.2,228.9,50.1,4.8,1110.0,890.0,80.0,37.0,83.9,100.0,7538
2025-01-22T00:59:47.000000+00:00,241.7,50.0,242.1,50.0,228.9,50.0,4.8,1100.0,870.0,79.0,37.0,83.9,100.0,7538
2025-01-22T01:00:47.000000+00:00,242.0,50.1,242.0,50.1,228.9,50.1,4.8,1100.0,870.0,79.0,37.0,83.9,100.0,7538
2025-01-22T01:01:47.000000+00:00,241.4,50.0,241.4,50.0,228.9,50.0,4.9,1120.0,890.0,79.0,38.0,83.9,100.0,7538
2025-01-22T01:02:47.000000+00:00,241.9,50.2,242.8,50.2,228.9,50.2,4.9,1110.0,900.0,81.0,37.0,83.9,100.0,7538
2025-01-22T01:03:47.000000+00:00,242.6,50.2,242.6,50.2,228.9,50.2,4.8,1100.0,880.0,80.0,37.0,83.9,100.0,7538
2025-01-22T01:04:47.000000+00:00,242.4,50.0,242.4,50.0,228.9,50.0,4.8,1090.0,850.0,78.0,36.0,83.9,100.0,7538
2025-01-22T01:05:47.000000+00:00,242.5,50.1,242.5,50.1,228.9,50.1,4.8,1110.0,890.0,80.0,37.0,83.9,100.0,7538
2025-01-22T01:06:47.000000+00:00,242.1,50.0,242.1,50.0,229.0,50.0,4.8,1090.0,860.0,79.0,36.0,83.9,100.0,7538
2025-01-22T01:07:47.000000+00:00,242.3,50.0,241.7,50.0,228.9,50.0,4.8,1110.0,880.0,79.0,37.0,83.9,100.0,7538
2025-01-22T01:08:47.000000+00:00,241.9,50.2,241.9,50.2,228.9,50.2,4.8,1090.0,870.0,80.0,36.0,83.9,100.0,7538
2025-01-22T01:09:47.000000+00:00,242.1,50.1,242.1,50.1,228.9,50.1,4.8,1080.0,860.0,80.0,36.0,83.9,100.0,7538
2025-01-22T01:10:48.000000+00:00,242.1,50.1,242.1,50.1,228.9,50.1,4.8,1100.0,880.0,80.0,37.0,83.9,100.0,7538
2025-01-22T01:11:48.000000+00:00,241.9,50.1,241.9,50.1,228.9,50.1,4.8,1100.0,870.0,79.0,37.0,83.9,100.0,7538
2025-01-22T01:12:48.000000+00:00,241.1,50.1,241.6,50.1,228.9,50.1,4.8,1100.0,870.0,79.0,37.0,83.9,100.0,7538
2025-01-22T01:13:48.000000+00:00,241.1,50.1,241.6,50.1,228.9,50.1,4.8,1110.0,890.0,80.0,37.0,83.9,100.0,7538
2025-01-22T01:14:48.000000+00:00,241.7,50.1,241.7,50.1,228.9,50.1,4.7,1080.0,850.0,79.0,37.0,83.9,100.0,7538
2025-01-22T01:15:48.000000+00:00,241.4,50.0,241.4,50.0,228.9,50.0,4.9,1130.0,900.0,80.0,37.0,83.9,100.0,7538
2025-01-22T01:16:48.000000+00:00,241.2,50.0,241.7,50.0,228.9,50.0,4.8,1090.0,860.0,79.0,36.0,83.9,100.0,7538
2025-01-22T01:17:48.000000+00:00,242.1,50.3,242.1,50.3,228.9,50.3,4.8,1090.0,870.0,80.0,36.0,83.9,100.0,7538
2025-01-22T01:18:48.000000+00:00,241.9,50.2,241.4,50.2,228.9,50.2,4.8,1090.0,870.0,80.0,36.0,83.9,100.0,7538
2025-01-22T01:19:48.000000+00:00,241.7,50.1,241.7,50.1,228.9,50.1,4.8,1100.0,880.0,80.0,36.0,83.9,100.0,7538
2025-01-22T01:20:48.000000+00:00,241.2,50.0,240.8,50.0,228.9,50.0,4.9,1110.0,890.0,80.0,37.0,83.9,100.0,7538
2025-01-22T01:21:48.000000+00:00,240.8,50.2,241.3,50.2,228.9,50.2,4.8,1100.0,870.0,79.0,37.0,83.9,100.0,7538
2025-01-22T01:22:48.000000+00:00,241.8,50.1,241.8,50.1,229.0,50.1,4.8,1100.0,870.0,79.0,37.0,83.9,100.0,7538
2025-01-22T01:23:48.000000+00:00,241.7,50.0,240.8,50.0,228.9,50.0,4.8,1100.0,870.0,79.0,37.0,83.9,100.0,7538
2025-01-22T01:24:48.000000+00:00,241.3,49.9,241.3,49.9,229.0,49.9,4.8,1090.0,850.0,78.0,36.0,83.9,100.0,7538
2025-01-22T01:25:48.000000+00:00,241.5,50.1,241.5,50.1,228.9,50.1,4.8,1090.0,870.0,80.0,37.0,83.9,100.0,7538
2025-01-22T01:26:48.000000+00:00,241.7,50.1,241.6,50.1,228.9,50.1,4.7,1080.0,860.0,80.0,36.0,83.9,100.0,7538
2025-01-22T01:27:48.000000+00:00,241.5,50.2,241.6,50.2,228.9,50.2,4.8,1090.0,870.0,80.0,37.0,83.9,100.0,7538
2025-01-22T01:28:48.000000+00:00,241.1,50.0,241.1,50.0,228.9,50.0,4.8,1110.0,880.0,79.0,37.0,83.9,100.0,7538
2025-01-22T01:29:48.000000+00:00,242.8,50.3,242.8,50.4,228.9,50.3,4.7,1080.0,860.0,80.0,36.0,83.9,100.0,7941
2025-01-22T01:30:48.000000+00:00,242.7,50.4,242.6,50.4,228.9,50.4,4.7,1090.0,880.0,81.0,36.0,83.9,100.0,7443
2025-01-22T01:31:48.000000+00:00,242.5,50.4,242.7,50.4,228.9,50.4,4.8,1100.0,890.0,81.0,36.0,83.9,100.0,7443
2025-01-22T01:32:48.000000+00:00,241.8,50.2,241.8,50.2,229.0,50.2,4.8,1100.0,880.0,80.0,37.0,83.9,100.0,7443
2025-01-22T01:33:48.000000+00:00,242.3,50.3,242.4,50.3,229.0,50.3,4.8,1110.0,880.0,79.0,36.0,83.9,100.0,7443
2025-01-22T01:34:48.000000+00:00,242.3,50.3,242.3,50.3,228.9,50.3,4.8,1090.0,880.0,81.0,36.0,83.9,100.0,7443
2025-01-22T01:35:48.000000+00:00,242.3,50.2,242.4,50.2,228.9,50.2,4.9,1110.0,900.0,81.0,37.0,83.9,100.0,7443
2025-01-22T01:36:48.000000+00:00,242.4,50.3,242.8,50.3,228.9,50.3,4.7,1090.0,870.0,80.0,36.0,83.9,100.0,7443
2025-01-22T01:37:48.000000+00:00,242.6,50.2,242.6,50.2,228.9,50.2,4.8,1090.0,870.0,80.0,36.0,83.9,100.0,7443
2025-01-22T01:38:48.000000+00:00,241.9,50.2,241.9,50.2,229.0,50.2,4.8,1090.0,870.0,80.0,37.0,83.9,100.0,7443
2025-01-22T01:39:48.000000+00:00,241.4,50.3,242.4,50.3,228.9,50.3,4.8,1090.0,880.0,81.0,37.0,83.9,100.0,7443
2025-01-22T01:40:48.000000+00:00,241.9,50.3,242.5,50.3,228.9,50.3,4.8,1090.0,870.0,80.0,36.0,83.9,100.0,7443
2025-01-22T01:41:48.000000+00:00,243.1,50.3,243.1,50.3,228.9,50.3,4.7,1090.0,870.0,80.0,36.0,83.9,100.0,7350
2025-01-22T01:42:48.000000+00:00,241.9,50.3,241.5,50.3,228.9,50.3,4.9,1110.0,900.0,81.0,37.0,83.9,100.0,7350
2025-01-22T01:43:48.000000+00:00,241.8,50.3,242.1,50.3,228.9,50.3,4.8,1100.0,880.0,80.0,37.0,83.9,100.0,7735
2025-01-22T01:44:48.000000+00:00,241.9,50.3,241.9,50.3,228.9,50.2,4.7,1080.0,850.0,79.0,36.0,83.9,100.0,7837
2025-01-22T01:45:48.000000+00:00,240.9,50.1,240.9,50.1,228.9,50.1,4.8,1100.0,870.0,79.0,37.0,83.9,100.0,7443
2025-01-22T01:46:48.000000+00:00,240.8,50.0,240.8,50.0,228.9,50.0,4.8,1090.0,850.0,78.0,36.0,83.9,100.0,7837
2025-01-22T01:47:48.000000+00:00,240.5,50.0,240.9,50.0,228.9,50.0,4.8,1100.0,870.0,79.0,37.0,83.9,100.0,7350
2025-01-22T01:48:48.000000+00:00,240.6,50.0,240.6,50.0,228.9,50.0,4.8,1100.0,870.0,79.0,37.0,83.9,100.0,7350
2025-01-22T01:49:48.000000+00:00,241.0,50.1,241.0,50.1,228.9,50.1,4.7,1080.0,860.0,80.0,36.0,83.9,100.0,7837
2025-01-22T01:50:48.000000+00:00,240.6,50.1,240.6,50.1,228.9,50.1,4.8,1100.0,880.0,80.0,37.0,84.0,100.0,7350
2025-01-22T01:51:48.000000+00:00,240.7,50.1,241.0,50.1,229.0,50.1,4.8,1100.0,870.0,79.0,37.0,83.9,100.0,7350
2025-01-22T01:52:48.000000+00:00,240.1,50.1,240.1,50.1,228.9,50.1,4.8,1110.0,890.0,80.0,37.0,83.9,100.0,7350
2025-01-22T01:53:48.000000+00:00,240.3,50.2,240.7,50.2,228.9,50.2,4.8,1110.0,890.0,80.0,36.0,83.9,100.0,7350
2025-01-22T01:54:48.000000+00:00,240.8,50.1,240.8,50.1,228.9,50.1,4.8,1100.0,880.0,80.0,37.0,83.9,100.0,7350
2025-01-22T01:55:48.000000+00:00,240.2,50.0,239.8,50.0,228.9,50.0,4.8,1100.0,880.0,80.0,37.0,83.9,100.0,7350
2025-01-22T01:56:48.000000+00:00,240.5,50.1,239.7,50.1,228.9,50.1,4.8,1100.0,880.0,80.0,37.0,84.0,100.0,7350
2025-01-22T01:57:48.000000+00:00,239.5,50.0,239.5,50.0,228.9,49.9,4.8,1110.0,880.0,79.0,37.0,83.9,100.0,7350
2025-01-22T01:58:48.000000+00:00,240.5,50.1,240.4,50.1,228.9,50.1,4.8,1110.0,890.0,80.0,37.0,84.0,100.0,7350
2025-01-22T01:59:48.000000+00:00,239.8,50.0,239.4,50.0,228.9,50.0,4.8,1100.0,880.0,80.0,37.0,83.9,100.0,7350
2025-01-22T02:00:48.000000+00:00,237.9,49.8,237.9,49.8,228.9,49.8,4.9,1130.0,900.0,80.0,37.0,84.0,100.0,7350
2025-01-22T02:01:48.000000+00:00,238.3,49.8,238.3,49.8,228.9,49.8,4.9,1120.0,890.0,79.0,38.0,83.9,100.0,7350
2025-01-22T02:02:48.000000+00:00,237.9,49.8,237.9,49.8,228.9,49.8,4.9,1120.0,880.0,79.0,37.0,83.9,100.0,7350
2025-01-22T02:03:48.000000+00:00,236.0,49.6,236.9,49.6,228.9,49.6,5.0,1140.0,900.0,79.0,37.0,83.9,100.0,7350
2025-01-22T02:04:48.000000+00:00,236.5,49.7,237.4,49.7,228.9,49.7,4.8,1110.0,870.0,78.0,37.0,84.0,100.0,7735
2025-01-22T02:05:48.000000+00:00,236.0,49.6,236.0,49.6,228.9,49.6,4.9,1130.0,890.0,79.0,37.0,83.9,100.0,7259
2025-01-22T02:06:48.000000+00:00,236.4,49.6,236.3,49.6,228.9,49.6,4.9,1110.0,870.0,78.0,37.0,83.9,100.0,7735
2025-01-22T02:07:48.000000+00:00,236.2,49.8,236.2,49.8,228.9,49.8,4.9,1110.0,880.0,79.0,37.0,84.0,100.0,7350
2025-01-22T02:08:48.000000+00:00,235.8,49.7,235.8,49.7,228.9,49.7,4.9,1130.0,900.0,80.0,37.0,84.0,100.0,7259
2025-01-22T02:09:48.000000+00:00,236.8,49.8,236.8,49.8,228.9,49.8,4.9,1110.0,880.0,79.0,37.0,83.9,100.0,7635
2025-01-22T02:10:48.000000+00:00,236.3,49.8,236.3,49.8,228.9,49.8,4.9,1120.0,880.0,79.0,37.0,83.9,100.0,7635
2025-01-22T02:11:48.000000+00:00,237.3,49.9,237.3,49.9,228.9,49.9,4.8,1100.0,870.0,79.0,38.0,83.9,100.0,7635
2025-01-22T02:12:48.000000+00:00,235.9,49.8,235.9,49.8,228.9,49.8,4.9,1120.0,880.0,79.0,38.0,83.9,100.0,7635
2025-01-22T02:13:48.000000+00:00,236.0,49.9,236.0,49.9,228.9,49.9,4.9,1110.0,880.0,79.0,37.0,83.9,100.0,7635
2025-01-22T02:14:48.000000+00:00,235.7,50.0,235.1,50.0,228.9,50.0,4.8,1100.0,870.0,79.0,37.0,84.0,100.0,7635
2025-01-22T02:15:48.000000+00:00,235.5,49.7,235.5,49.7,228.9,49.7,4.8,1110.0,880.0,79.0,37.0,84.0,100.0,7635
2025-01-22T02:16:49.000000+00:00,238.6,49.6,238.6,49.6,228.9,49.6,5.0,1140.0,900.0,79.0,38.0,84.0,100.0,7635
2025-01-22T02:17:49.000000+00:00,238.8,49.8,238.5,49.8,228.9,49.8,4.9,1110.0,880.0,79.0,37.0,84.0,100.0,7350
2025-01-22T02:18:49.000000+00:00,238.0,49.7,238.0,49.7,228.9,49.7,4.9,1120.0,890.0,79.0,37.0,84.0,100.0,7350
2025-01-22T02:19:49.000000+00:00,238.7,49.7,238.2,49.7,228.9,49.7,4.9,1120.0,880.0,79.0,37.0,84.0,100.0,7538
2025-01-22T02:20:49.000000+00:00,237.2,49.7,237.2,49.7,228.9,49.7,4.9,1130.0,890.0,79.0,38.0,84.0,100.0,7538
2025-01-22T02:21:49.000000+00:00,237.8,49.6,237.8,49.6,228.9,49.6,4.9,1120.0,880.0,79.0,38.0,84.0,100.0,7538
2025-01-22T02:22:49.000000+00:00,237.8,49.5,237.8,49.5,229.0,49.5,4.9,1120.0,880.0,79.0,38.0,84.0,100.0,7538
2025-01-22T02:23:49.000000+00:00,236.8,49.5,237.3,49.5,228.9,49.5,4.9,1130.0,880.0,78.0,38.0,83.9,100.0,7538
2025-01-22T02:24:49.000000+00:00,237.2,49.6,237.3,49.6,228.9,49.6,4.9,1120.0,880.0,79.0,37.0,83.9,100.0,7538
2025-01-22T02:25:49.000000+00:00,236.3,49.6,236.3,49.6,228.9,49.6,4.9,1120.0,880.0,79.0,37.0,84.0,100.0,7538
2025-01-22T02:26:49.000000+00:00,235.4,49.5,235.4,49.5,228.9,49.5,5.0,1140.0,900.0,79.0,38.0,84.0,100.0,7538
2025-01-22T02:27:49.000000+00:00,235.8,49.6,235.8,49.6,228.9,49.6,4.9,1120.0,880.0,79.0,37.0,84.0,100.0,7538
2025-01-22T02:28:49.000000+00:00,235.9,49.5,235.1,49.5,228.9,49.5,4.9,1130.0,890.0,79.0,38.0,84.0,100.0,7538
2025-01-22T02:29:49.000000+00:00,235.7,49.6,235.7,49.6,228.9,49.6,4.9,1120.0,880.0,79.0,38.0,84.0,100.0,7538
2025-01-22T02:30:49.000000+00:00,236.4,49.5,236.4,49.5,228.9,49.5,4.9,1130.0,890.0,79.0,38.0,84.0,100.0,7538
2025-01-22T02:31:49.000000+00:00,235.4,49.5,235.1,49.5,228.9,49.5,5.0,1140.0,900.0,79.0,38.0,84.0,100.0,7538
2025-01-22T02:32:49.000000+00:00,236.3,49.6,236.3,49.6,228.9,49.6,5.0,1140.0,910.0,80.0,38.0,84.0,100.0,7538
2025-01-22T02:33:49.000000+00:00,235.3,49.6,235.7,49.6,228.9,49.7,4.9,1120.0,880.0,79.0,37.0,84.0,100.0,7538
2025-01-22T02:34:49.000000+00:00,236.6,49.9,236.2,49.9,228.9,49.9,4.8,1090.0,860.0,79.0,36.0,84.0,100.0,7538
2025-01-22T02:35:49.000000+00:00,235.2,49.9,235.2,49.9,228.9,49.9,4.9,1120.0,890.0,79.0,37.0,84.0,100.0,7538
2025-01-22T02:36:49.000000+00:00,234.4,49.9,234.4,49.9,228.9,49.9,4.8,1090.0,860.0,79.0,37.0,84.0,100.0,7538
2025-01-22T02:37:49.000000+00:00,238.2,49.9,238.2,49.9,228.9,49.9,4.9,1110.0,880.0,79.0,37.0,84.0,100.0,7538
2025-01-22T02:38:49.000000+00:00,237.4,50.1,237.4,50.1,228.9,50.1,4.8,1100.0,870.0,79.0,36.0,84.0,100.0,7538
2025-01-22T02:39:49.000000+00:00,237.2,50.0,237.2,50.0,228.9,50.0,4.8,1100.0,880.0,80.0,37.0,84.0,100.0,7538
2025-01-22T02:40:49.000000+00:00,237.3,50.1,237.0,50.1,228.9,50.1,4.8,1100.0,870.0,79.0,37.0,84.0,100.0,7538
2025-01-22T02:41:49.000000+00:00,236.1,49.9,236.1,49.9,228.9,49.9,4.9,1120.0,890.0,79.0,37.0,84.0,100.0,7538
2025-01-22T02:42:49.000000+00:00,236.0,49.8,236.0,49.8,228.9,49.8,4.9,1120.0,890.0,79.0,38.0,84.0,100.0,7538
2025-01-22T02:43:49.000000+00:00,237.3,50.1,237.2,50.1,228.9,50.1,4.9,1120.0,910.0,81.0,37.0,84.0,100.0,7538
2025-01-22T02:44:49.000000+00:00,237.0,50.0,237.0,50.0,228.9,50.0,4.7,1090.0,850.0,78.0,36.0,84.0,100.0,7538
2025-01-22T02:45:49.000000+00:00,237.5,50.1,237.5,50.1,228.9,50.1,4.8,1100.0,880.0,80.0,36.0,84.0,100.0,7635
2025-01-22T02:46:49.000000+00:00,238.1,50.2,238.1,50.2,228.9,50.2,4.7,1080.0,860.0,80.0,36.0,84.0,100.0,7635
2025-01-22T02:47:49.000000+00:00,236.7,50.2,237.1,50.2,228.9,50.2,4.8,1100.0,880.0,80.0,36.0,84.0,100.0,7635
2025-01-22T02:48:49.000000+00:00,237.9,50.2,237.9,50.2,228.9,50.2,4.8,1110.0,890.0,80.0,36.0,84.0,100.0,7635
2025-01-22T02:49:49.000000+00:00,237.5,50.2,237.5,50.2,228.9,50.2,4.8,1100.0,880.0,80.0,36.0,84.0,100.0,7635
2025-01-22T02:50:49.000000+00:00,236.1,50.0,236.1,50.0,228.9,50.0,4.8,1110.0,880.0,79.0,37.0,84.0,100.0,7443
2025-01-22T02:51:49.000000+00:00,235.6,50.2,236.1,50.2,228.9,50.2,4.8,1110.0,890.0,80.0,37.0,84.0,100.0,7443
2025-01-22T02:52:49.000000+00:00,235.6,50.1,235.6,50.1,228.9,50.1,4.8,1100.0,880.0,80.0,37.0,84.0,100.0,7635
2025-01-22T02:53:49.000000+00:00,235.2,50.1,235.2,50.1,228.9,50.1,4.8,1100.0,880.0,80.0,36.0,84.0,100.0,7635
2025-01-22T02:54:49.000000+00:00,236.2,50.2,236.2,50.2,228.9,50.2,4.7,1080.0,860.0,80.0,36.0,84.0,100.0,7635
2025-01-22T02:55:49.000000+00:00,235.5,50.2,235.9,50.2,228.9,50.2,4.8,1100.0,880.0,80.0,36.0,84.0,100.0,7635
2025-01-22T02:56:49.000000+00:00,235.0,50.2,236.1,50.2,228.9,50.2,4.7,1080.0,860.0,80.0,36.0,84.0,100.0,7635
2025-01-22T02:57:49.000000+00:00,235.9,50.2,235.8,50.2,228.9,50.2,4.8,1090.0,870.0,80.0,36.0,84.0,100.0,7635
2025-01-22T02:58:49.000000+00:00,236.0,50.2,235.0,50.2,228.9,50.2,4.8,1110.0,890.0,80.0,37.0,84.0,100.0,7635
2025-01-22T02:59:49.000000+00:00,234.9,50.2,235.8,50.2,228.9,50.2,4.8,1090.0,880.0,81.0,37.0,84.0,100.0,7635
2025-01-22T03:00:49.000000+00:00,235.3,50.2,235.3,50.2,228.9,50.2,4.8,1090.0,880.0,81.0,36.0,84.0,100.0,7635
2025-01-22T03:01:49.000000+00:00,235.5,50.3,236.0,50.3,228.9,50.3,4.8,1090.0,870.0,80.0,37.0,84.0,100.0,7635
2025-01-22T03:02:49.000000+00:00,234.2,50.1,234.2,50.1,228.9,50.1,4.9,1120.0,900.0,80.0,37.0,84.0,100.0,7635
2025-01-22T03:03:49.000000+00:00,237.3,50.0,238.1,50.0,228.9,50.0,4.8,1110.0,870.0,78.0,37.0,84.0,100.0,7635
2025-01-22T03:04:49.000000+00:00,236.3,49.6,236.3,49.6,228.9,49.6,4.8,1110.0,860.0,77.0,37.0,84.0,100.0,7635
2025-01-22T03:05:49.000000+00:00,235.4,49.6,235.4,49.6,228.9,49.6,4.9,1120.0,880.0,79.0,37.0,84.0,100.0,7170
2025-01-22T03:06:49.000000+00:00,234.1,49.6,234.3,49.6,228.9,49.6,4.9,1110.0,860.0,77.0,37.0,84.0,100.0,7538
2025-01-22T03:07:49.000000+00:00,233.5,49.6,233.5,49.6,228.9,49.5,4.9,1130.0,890.0,79.0,37.0,84.0,100.0,7538
2025-01-22T03:08:49.000000+00:00,236.5,49.4,237.0,49.4,228.9,49.4,5.0,1130.0,890.0,79.0,38.0,84.0,100.0,7538
2025-01-22T03:09:49.000000+00:00,235.1,49.4,235.1,49.4,228.9,49.4,4.9,1120.0,870.0,78.0,38.0,84.0,100.0,7538
2025-01-22T03:10:49.000000+00:00,234.1,49.4,234.1,49.4,228.9,49.4,4.9,1130.0,890.0,79.0,38.0,84.0,100.0,7538
2025-01-22T03:11:49.000000+00:00,234.6,49.5,234.6,49.5,228.9,49.5,5.0,1140.0,900.0,79.0,38.0,84.0,100.0,7538
2025-01-22T03:12:49.000000+00:00,234.5,49.6,234.8,49.6,228.9,49.6,5.0,1130.0,900.0,80.0,38.0,84.0,100.0,7538
2025-01-22T03:13:49.000000+00:00,233.9,49.6,233.9,49.6,228.9,49.6,4.9,1130.0,890.0,79.0,38.0,84.0,100.0,7170
2025-01-22T03:14:49.000000+00:00,233.6,49.7,234.4,49.7,228.9,49.7,4.9,1120.0,880.0,79.0,37.0,84.0,100.0,7538
2025-01-22T03:15:49.000000+00:00,233.4,49.8,233.4,49.8,228.9,49.8,4.9,1110.0,880.0,79.0,37.0,84.0,100.0,7538
2025-01-22T03:16:49.000000+00:00,234.2,50.2,234.7,50.2,228.9,50.2,4.8,1090.0,870.0,80.0,37.0,84.0,100.0,7538
2025-01-22T03:17:49.000000+00:00,233.8,50.2,234.8,50.2,228.9,50.2,4.8,1100.0,870.0,79.0,36.0,84.0,100.0,7538
2025-01-22T03:18:49.000000+00:00,234.0,50.2,234.0,50.2,228.9,50.2,4.8,1090.0,870.0,80.0,37.0,84.0,100.0,7538
2025-01-22T03:19:49.000000+00:00,234.3,50.1,234.2,50.1,228.9,50.1,4.8,1100.0,880.0,80.0,37.0,84.0,100.0,7538
2025-01-22T03:20:49.000000+00:00,234.1,50.0,234.2,50.0,228.9,50.0,4.8,1100.0,870.0,79.0,37.0,84.0,100.0,7538
2025-01-22T03:21:49.000000+00:00,234.0,50.1,235.0,50.1,228.9,50.1,4.9,1120.0,900.0,80.0,37.0,84.0,100.0,7538
2025-01-22T03:22:50.000000+00:00,235.2,50.2,235.2,50.2,228.9,50.2,4.8,1100.0,870.0,79.0,37.0,84.0,100.0,7538
2025-01-22T03:23:50.000000+00:00,235.1,50.1,234.1,50.1,228.9,50.1,4.8,1100.0,870.0,79.0,37.0,84.0,100.0,7538
2025-01-22T03:24:50.000000+00:00,235.5,50.2,234.9,50.2,228.9,50.2,4.8,1100.0,870.0,79.0,36.0,84.0,100.0,7538
2025-01-22T03:25:50.000000+00:00,235.1,50.1,235.1,50.1,228.9,50.1,4.8,1100.0,880.0,80.0,37.0,84.0,100.0,7538
2025-01-22T03:26:50.000000+00:00,235.2,50.2,236.1,50.2,228.9,50.2,4.8,1100.0,880.0,80.0,36.0,84.0,100.0,7538
2025-01-22T03:27:50.000000+00:00,236.1,50.2,236.0,50.2,228.9,50.2,4.8,1100.0,880.0,80.0,36.0,84.0,100.0,7538
2025-01-22T03:28:50.000000+00:00,236.4,50.1,236.0,50.1,228.9,50.1,4.8,1110.0,890.0,80.0,37.0,84.0,100.0,7538
2025-01-22T03:29:50.000000+00:00,235.6,50.1,236.5,50.1,228.9,50.1,4.9,1120.0,890.0,79.0,37.0,84.0,100.0,7538
2025-01-22T03:30:50.000000+00:00,236.1,50.2,236.5,50.2,228.9,50.2,4.8,1100.0,880.0,80.0,37.0,84.0,100.0,7538
2025-01-22T03:31:50.000000+00:00,235.8,50.2,236.7,50.2,228.9,50.2,4.8,1090.0,870.0,80.0,37.0,84.0,100.0,7538
2025-01-22T03:32:50.000000+00:00,236.4,50.2,236.4,50.2,228.9,50.2,4.8,1110.0,890.0,80.0,37.0,84.0,100.0,7538
2025-01-22T03:33:50.000000+00:00,236.2,50.2,236.6,50.2,228.9,50.2,4.8,1100.0,870.0,79.0,37.0,84.0,100.0,7538
2025-01-22T03:34:50.000000+00:00,236.1,50.0,236.1,50.0,228.9,50.0,4.8,1090.0,860.0,79.0,37.0,84.0,100.0,7538
2025-01-22T03:35:50.000000+00:00,236.9,50.1,236.4,50.1,228.9,50.1,4.8,1100.0,880.0,80.0,37.0,84.0,100.0,7170
2025-01-22T03:36:50.000000+00:00,236.4,50.1,236.4,50.1,228.9,50.1,4.7,1080.0,860.0,80.0,37.0,84.0,100.0,7635
2025-01-22T03:37:50.000000+00:00,237.0,50.2,236.5,50.2,228.9,50.2,4.8,1090.0,870.0,80.0,36.0,84.0,100.0,7635
2025-01-22T03:38:50.000000+00:00,236.8,50.3,236.9,50.3,228.9,50.3,4.8,1090.0,870.0,80.0,36.0,84.0,100.0,7635
2025-01-22T03:39:50.000000+00:00,236.8,50.2,236.8,50.2,228.9,50.2,4.8,1090.0,870.0,80.0,37.0,84.0,100.0,7635
2025-01-22T03:40:50.000000+00:00,236.7,50.2,236.3,50.2,228.9,50.2,4.8,1100.0,880.0,80.0,37.0,84.0,100.0,7635
2025-01-22T03:41:50.000000+00:00,235.8,50.2,236.6,50.2,228.9,50.2,4.8,1100.0,880.0,80.0,37.0,84.0,100.0,7635
2025-01-22T03:42:50.000000+00:00,235.9,50.1,235.5,50.1,228.9,50.1,4.8,1100.0,880.0,80.0,37.0,84.0,100.0,7635
2025-01-22T03:43:50.000000+00:00,236.0,50.3,236.0,50.3,228.9,50.3,4.8,1110.0,890.0,80.0,36.0,84.0,100.0,7635
2025-01-22T03:44:50.000000+00:00,236.9,50.2,236.9,50.2,228.9,50.2,4.8,1100.0,880.0,80.0,36.0,84.0,100.0,7635
2025-01-22T03:45:50.000000+00:00,236.3,50.3,236.7,50.3,228.9,50.3,4.8,1090.0,870.0,80.0,36.0,84.0,100.0,7635
2025-01-22T03:46:50.000000+00:00,236.7,50.2,236.7,50.2,228.9,50.2,4.8,1100.0,870.0,79.0,36.0,84.0,100.0,7635
2025-01-22T03:47:50.000000+00:00,235.6,50.2,236.5,50.2,228.9,50.2,4.8,1090.0,870.0,80.0,36.0,84.0,100.0,7635
2025-01-22T03:48:50.000000+00:00,236.3,50.3,236.7,50.3,228.9,50.3,4.8,1090.0,880.0,81.0,36.0,84.0,100.0,7635
2025-01-22T03:49:50.000000+00:00,236.7,50.3,236.7,50.3,228.9,50.3,4.8,1090.0,870.0,80.0,36.0,84.0,100.0,7635
2025-01-22T03:50:50.000000+00:00,236.2,50.3,236.0,50.3,228.9,50.3,4.8,1090.0,870.0,80.0,36.0,84.0,100.0,7635
2025-01-22T03:51:50.000000+00:00,235.5,50.3,236.5,50.3,228.9,50.3,4.8,1100.0,880.0,80.0,37.0,84.0,100.0,7635
2025-01-22T03:52:50.000000+00:00,236.2,50.3,236.2,50.3,228.9,50.3,4.7,1090.0,870.0,80.0,36.0,84.0,100.0,7635
2025-01-22T03:53:50.000000+00:00,235.9,50.2,236.3,50.2,228.9,50.2,4.8,1090.0,870.0,80.0,36.0,84.0,100.0,7635
2025-01-22T03:54:50.000000+00:00,236.1,50.4,236.1,50.4,228.9,50.4,4.8,1100.0,890.0,81.0,36.0,84.0,100.0,7635
2025-01-22T03:55:50.000000+00:00,235.6,50.4,235.3,50.4,228.9,50.4,4.7,1070.0,850.0,79.0,36.0,84.0,100.0,7635
2025-01-22T03:56:50.000000+00:00,234.5,50.3,235.0,50.3,228.9,50.3,4.7,1090.0,870.0,80.0,36.0,84.0,100.0,7635
2025-01-22T03:57:50.000000+00:00,234.6,50.4,234.6,50.4,228.9,50.4,4.7,1080.0,860.0,80.0,36.0,84.0,100.0,7635
2025-01-22T03:58:50.000000+00:00,235.1,50.3,234.3,50.3,228.9,50.3,4.8,1090.0,870.0,80.0,36.0,84.0,100.0,7635
2025-01-22T03:59:50.000000+00:00,234.3,50.4,234.3,50.4,228.9,50.4,4.8,1090.0,870.0,80.0,36.0,84.0,100.0,7635
2025-01-22T04:00:50.000000+00:00,235.1,50.4,234.6,50.4,228.9,50.4,4.7,1080.0,870.0,81.0,36.0,84.0,100.0,7635
2025-01-22T04:01:50.000000+00:00,234.1,50.5,234.1,50.5,228.9,50.5,4.8,1100.0,890.0,81.0,36.0,84.0,100.0,7635
2025-01-22T04:02:50.000000+00:00,234.4,50.4,234.4,50.4,228.9,50.4,4.8,1110.0,900.0,81.0,37.0,84.0,100.0,7635
2025-01-22T04:03:50.000000+00:00,235.6,50.4,235.6,50.4,228.9,50.4,4.7,1070.0,850.0,79.0,36.0,84.0,100.0,7635
2025-01-22T04:04:50.000000+00:00,235.5,50.4,235.5,50.4,228.9,50.4,4.7,1080.0,860.0,80.0,36.0,84.0,100.0,7635
2025-01-22T04:05:50.000000+00:00,235.4,50.4,234.9,50.4,228.9,50.4,4.7,1070.0,850.0,79.0,36.0,84.0,100.0,7635
2025-01-22T04:06:50.000000+00:00,234.9,50.4,234.9,50.4,228.9,50.4,4.8,1090.0,870.0,80.0,37.0,84.0,100.0,7635
2025-01-22T04:07:50.000000+00:00,235.5,50.4,235.1,50.4,228.9,50.4,4.7,1080.0,870.0,81.0,36.0,84.0,100.0,7635
2025-01-22T04:08:50.000000+00:00,234.6,50.4,234.6,50.4,228.9,50.4,4.7,1070.0,850.0,79.0,36.0,84.0,100.0,7635
2025-01-22T04:09:50.000000+00:00,234.3,50.4,234.3,50.4,228.9,50.4,4.7,1080.0,870.0,81.0,36.0,84.0,100.0,7635
2025-01-22T04:10:50.000000+00:00,233.9,50.4,233.9,50.4,228.9,50.4,4.8,1090.0,870.0,80.0,37.0,84.0,100.0,7635
2025-01-22T04:11:50.000000+00:00,234.4,50.4,234.8,50.4,228.9,50.4,4.7,1080.0,860.0,80.0,37.0,84.0,100.0,7635
2025-01-22T04:12:50.000000+00:00,234.5,50.3,234.5,50.3,228.9,50.3,4.8,1100.0,890.0,81.0,36.0,84.0,100.0,7635
2025-01-22T04:13:50.000000+00:00,233.4,50.3,233.8,50.3,228.9,50.3,4.8,1090.0,870.0,80.0,36.0,84.0,100.0,7635
2025-01-22T04:14:50.000000+00:00,233.8,50.2,232.8,50.2,228.9,50.2,4.8,1100.0,880.0,80.0,36.0,84.0,100.0,7635
2025-01-22T04:15:50.000000+00:00,233.5,50.1,233.5,50.1,228.9,50.1,4.8,1100.0,880.0,80.0,36.0,84.0,100.0,7635
2025-01-22T04:16:50.000000+00:00,233.4,50.0,233.4,50.0,228.9,50.0,4.8,1110.0,880.0,79.0,37.0,84.0,100.0,7635
2025-01-22T04:17:50.000000+00:00,233.4,50.0,233.4,49.9,228.9,50.0,4.8,1100.0,880.0,80.0,37.0,84.0,100.0,7635
2025-01-22T04:18:50.000000+00:00,234.1,50.1,234.9,50.1,228.9,50.0,4.8,1090.0,860.0,79.0,36.0,84.0,100.0,7635
2025-01-22T04:19:50.000000+00:00,233.9,49.9,233.9,49.9,228.9,49.9,4.8,1110.0,880.0,79.0,37.0,84.0,100.0,7635
2025-01-22T04:20:50.000000+00:00,234.2,50.1,233.8,50.1,228.9,50.1,4.9,1120.0,900.0,80.0,37.0,84.0,100.0,7635
2025-01-22T04:21:50.000000+00:00,233.7,50.0,233.7,50.0,228.9,50.0,4.9,1120.0,900.0,80.0,38.0,84.0,100.0,7635
2025-01-22T04:22:50.000000+00:00,234.1,50.0,234.1,50.0,228.9,50.0,4.8,1110.0,880.0,79.0,37.0,84.0,100.0,7635
2025-01-22T04:23:50.000000+00:00,233.6,50.0,233.6,50.0,228.9,50.0,4.8,1090.0,860.0,79.0,36.0,84.0,100.0,7635
2025-01-22T04:24:50.000000+00:00,234.0,50.2,233.9,50.2,228.9,50.2,4.8,1110.0,890.0,80.0,37.0,84.0,100.0,7635
2025-01-22T04:25:50.000000+00:00,234.2,50.1,234.2,50.1,228.9,50.1,4.8,1090.0,870.0,80.0,37.0,84.0,100.0,7635
2025-01-22T04:26:50.000000+00:00,233.7,50.0,234.6,50.0,228.9,50.0,4.9,1120.0,900.0,80.0,37.0,84.0,100.0,7635
2025-01-22T04:27:50.000000+00:00,234.3,50.0,233.4,50.0,228.9,50.0,4.8,1100.0,880.0,80.0,37.0,83.9,100.0,7259
2025-01-22T04:28:50.000000+00:00,234.2,50.0,233.8,50.0,228.9,50.0,4.8,1100.0,860.0,78.0,36.0,84.0,100.0,7635
2025-01-22T04:29:50.000000+00:00,234.0,50.1,234.0,50.0,228.9,50.0,4.8,1100.0,870.0,79.0,37.0,84.0,100.0,7635
2025-01-22T04:30:51.000000+00:00,232.7,49.9,232.7,49.9,228.9,49.9,4.9,1120.0,900.0,80.0,37.0,84.0,100.0,7635
2025-01-22T04:31:51.000000+00:00,232.8,50.0,232.4,50.0,228.9,50.0,4.9,1120.0,900.0,80.0,37.0,84.0,100.0,7635
2025-01-22T04:32:51.000000+00:00,233.3,50.1,233.4,50.1,228.9,50.1,4.8,1110.0,890.0,80.0,37.0,84.0,100.0,7635
2025-01-22T04:33:51.000000+00:00,234.4,50.1,234.4,50.1,228.9,50.1,4.8,1100.0,880.0,80.0,36.0,84.0,100.0,7635
2025-01-22T04:34:51.000000+00:00,232.9,49.9,233.1,49.9,228.9,49.9,4.9,1130.0,900.0,80.0,37.0,84.0,100.0,7538
2025-01-22T04:35:51.000000+00:00,232.7,50.0,232.7,50.0,228.9,50.0,4.8,1100.0,880.0,80.0,37.0,84.0,100.0,7538
2025-01-22T04:36:51.000000+00:00,232.7,50.0,233.1,50.0,228.9,50.0,4.9,1120.0,900.0,80.0,37.0,83.9,100.0,7538
2025-01-22T04:37:51.000000+00:00,233.3,50.1,233.2,50.1,228.9,50.1,4.8,1100.0,870.0,79.0,37.0,84.0,100.0,7538
2025-01-22T04:38:51.000000+00:00,233.9,50.1,233.9,50.1,228.9,50.1,4.7,1080.0,850.0,79.0,36.0,84.0,100.0,7538
2025-01-22T04:39:51.000000+00:00,233.3,50.0,233.3,50.0,228.9,50.0,4.8,1100.0,880.0,80.0,37.0,83.9,100.0,7538
2025-01-22T04:40:51.000000+00:00,233.2,50.0,233.2,50.0,228.9,50.0,4.8,1100.0,880.0,80.0,38.0,83.9,100.0,7538
2025-01-22T04:41:51.000000+00:00,234.0,50.1,234.1,50.1,228.9,50.1,4.8,1100.0,870.0,79.0,37.0,83.9,100.0,7538
2025-01-22T04:42:51.000000+00:00,234.3,50.1,234.8,50.1,228.9,50.1,4.8,1110.0,890.0,80.0,37.0,84.0,100.0,7538
2025-01-22T04:43:51.000000+00:00,234.5,50.2,234.5,50.2,228.9,50.2,4.8,1090.0,870.0,80.0,36.0,83.9,100.0,7538
2025-01-22T04:44:51.000000+00:00,234.0,50.0,234.0,50.0,228.9,50.0,4.8,1100.0,870.0,79.0,37.0,83.9,100.0,7538
2025-01-22T04:45:51.000000+00:00,233.4,50.1,233.5,50.1,228.9,50.1,4.8,1100.0,870.0,79.0,37.0,83.9,100.0,7538
2025-01-22T04:46:51.000000+00:00,233.0,50.0,233.0,50.0,228.9,50.0,4.8,1100.0,880.0,80.0,37.0,83.9,100.0,7538
2025-01-22T04:47:51.000000+00:00,232.6,49.9,232.6,49.9,228.9,49.9,4.9,1110.0,880.0,79.0,37.0,84.0,100.0,7538
2025-01-22T04:48:51.000000+00:00,235.1,49.9,235.6,49.9,228.9,49.9,4.8,1100.0,860.0,78.0,36.0,83.9,100.0,7538
2025-01-22T04:49:51.000000+00:00,236.1,49.8,235.6,49.8,228.9,49.8,4.9,1110.0,880.0,79.0,37.0,83.9,100.0,7538
2025-01-22T04:50:51.000000+00:00,234.8,49.8,234.8,49.8,228.9,49.8,4.9,1120.0,890.0,79.0,37.0,83.9,100.0,7538
2025-01-22T04:51:51.000000+00:00,235.6,50.3,235.6,50.3,228.9,50.3,4.9,1110.0,900.0,81.0,37.0,83.9,100.0,7538
2025-01-22T04:52:50.000000+00:00,242.9,50.1,242.4,50.1,228.9,50.1,4.8,1100.0,870.0,79.0,37.0,83.9,100.0,7538
2025-01-22T04:52:51.000000+00:00,242.9,50.1,242.4,50.1,228.9,50.1,4.8,1100.0,870.0,79.0,37.0,83.9,100.0,7538
2025-01-22T04:52:53.000000+00:00,242.9,50.1,242.4,50.1,228.9,50.1,4.8,1100.0,870.0,79.0,37.0,81.2,100.0,7537
2025-01-22T04:53:51.000000+00:00,239.3,50.1,239.4,50.1,229.0,50.1,4.8,1090.0,860.0,79.0,36.0,83.0,100.0,7533
2025-01-22T04:54:51.000000+00:00,238.2,50.1,238.2,50.1,228.9,50.1,4.8,1100.0,880.0,80.0,37.0,83.0,100.0,7534
2025-01-22T04:55:51.000000+00:00,238.2,50.1,238.2,50.1,228.9,50.1,4.8,1090.0,870.0,80.0,37.0,83.1,100.0,7534
2025-01-22T04:56:51.000000+00:00,238.6,50.3,238.6,50.3,228.9,50.3,4.7,1090.0,870.0,80.0,36.0,83.2,100.0,7534
2025-01-22T04:57:51.000000+00:00,238.9,50.3,238.9,50.3,228.9,50.3,4.7,1080.0,870.0,81.0,36.0,83.9,100.0,7534
2025-01-22T04:58:51.000000+00:00,238.5,50.4,238.5,50.4,228.9,50.4,4.7,1080.0,860.0,80.0,36.0,84.0,100.0,7535
2025-01-22T04:59:51.000000+00:00,238.4,50.3,238.3,50.3,228.9,50.3,4.8,1090.0,870.0,80.0,36.0,83.9,100.0,7535
2025-01-22T05:00:51.000000+00:00,236.8,50.3,237.7,50.3,228.9,50.3,4.8,1090.0,880.0,81.0,37.0,83.9,100.0,7535
2025-01-22T05:01:51.000000+00:00,237.8,50.3,237.8,50.3,228.9,50.3,4.8,1090.0,870.0,80.0,36.0,83.9,100.0,7535
2025-01-22T05:02:51.000000+00:00,238.4,50.3,237.6,50.3,228.9,50.3,4.8,1090.0,870.0,80.0,36.0,83.9,100.0,7536
2025-01-22T05:03:51.000000+00:00,237.6,50.3,238.3,50.3,228.9,50.3,4.7,1070.0,850.0,79.0,36.0,83.9,100.0,7536
2025-01-22T05:04:51.000000+00:00,237.8,50.4,237.8,50.4,228.9,50.4,4.8,1090.0,870.0,80.0,36.0,83.9,100.0,7536
2025-01-22T05:05:51.000000+00:00,237.5,50.3,237.5,50.3,228.9,50.3,4.7,1080.0,860.0,80.0,36.0,83.9,100.0,7536
2025-01-22T05:06:51.000000+00:00,236.9,50.3,236.9,50.3,228.9,50.3,4.8,1100.0,880.0,80.0,37.0,83.9,100.0,7537
2025-01-22T05:07:51.000000+00:00,237.6,50.2,237.6,50.2,228.9,50.2,4.8,1090.0,870.0,80.0,36.0,83.9,100.0,7537
2025-01-22T05:08:51.000000+00:00,238.1,50.3,238.0,50.3,228.9,50.3,4.7,1080.0,860.0,80.0,36.0,83.9,100.0,7537
2025-01-22T05:09:51.000000+00:00,237.3,50.0,237.9,50.0,228.9,50.0,4.8,1110.0,880.0,79.0,37.0,83.9,100.0,7537
2025-01-22T05:10:51.000000+00:00,236.7,49.9,236.6,49.9,228.9,49.9,4.9,1130.0,900.0,80.0,38.0,83.9,100.0,7538
2025-01-22T05:11:51.000000+00:00,236.2,49.9,236.2,49.9,228.9,49.9,4.9,1120.0,900.0,80.0,37.0,83.9,100.0,7538
2025-01-22T05:12:51.000000+00:00,236.0,49.9,236.9,49.9,228.9,49.9,4.8,1110.0,880.0,79.0,37.0,83.9,100.0,7538
2025-01-22T05:13:51.000000+00:00,236.2,49.9,236.2,49.9,228.9,49.9,4.8,1110.0,870.0,78.0,37.0,83.9,100.0,7538
2025-01-22T05:14:51.000000+00:00,236.0,49.9,235.5,49.9,228.9,49.9,4.8,1110.0,880.0,79.0,37.0,83.9,100.0,7538
2025-01-22T05:15:51.000000+00:00,236.7,49.7,236.7,49.7,228.9,49.7,4.9,1120.0,880.0,79.0,37.0,83.9,100.0,7538
2025-01-22T05:16:51.000000+00:00,237.1,50.0,237.1,50.0,228.9,50.0,4.8,1100.0,870.0,79.0,37.0,83.9,100.0,7538
2025-01-22T05:17:51.000000+00:00,237.4,50.2,237.4,50.2,228.9,50.1,4.8,1100.0,870.0,79.0,36.0,83.9,100.0,7538
2025-01-22T05:18:51.000000+00:00,236.8,50.0,236.8,50.0,228.9,50.0,4.8,1090.0,860.0,79.0,36.0,83.9,100.0,7538
2025-01-22T05:19:51.000000+00:00,236.9,50.0,236.9,50.0,228.9,50.0,4.8,1100.0,870.0,79.0,37.0,83.9,100.0,7538
2025-01-22T05:20:51.000000+00:00,237.1,50.1,236.1,50.1,228.9,50.1,4.8,1100.0,870.0,79.0,37.0,83.9,100.0,7538
2025-01-22T05:21:51.000000+00:00,237.8,49.9,237.8,49.9,228.9,49.9,4.9,1120.0,900.0,80.0,37.0,83.9,100.0,7538
2025-01-22T05:22:51.000000+00:00,237.7,50.2,238.7,50.2,228.9,50.2,4.8,1090.0,870.0,80.0,36.0,83.9,100.0,7538
2025-01-22T05:23:51.000000+00:00,237.2,50.1,237.2,50.1,228.9,50.1,4.7,1080.0,850.0,79.0,36.0,83.9,100.0,7538
2025-01-22T05:24:51.000000+00:00,236.0,50.1,236.4,50.1,228.9,50.1,4.8,1100.0,870.0,79.0,37.0,83.9,100.0,7538
2025-01-22T05:25:51.000000+00:00,236.6,50.0,236.6,50.0,228.9,50.0,4.8,1100.0,870.0,79.0,37.0,83.9,100.0,7538
2025-01-22T05:26:51.000000+00:00,235.8,50.1,235.3,50.1,228.9,50.1,4.7,1090.0,860.0,79.0,36.0,83.9,100.0,7538
2025-01-22T05:27:51.000000+00:00,236.1,50.2,236.1,50.2,228.9,50.2,4.8,1090.0,870.0,80.0,36.0,83.9,100.0,7538
2025-01-22T05:28:51.000000+00:00,235.5,50.1,235.5,50.1,228.9,50.1,4.8,1090.0,860.0,79.0,36.0,83.9,100.0,7538
2025-01-22T05:29:51.000000+00:00,236.4,50.3,236.4,50.3,228.9,50.3,4.8,1090.0,870.0,80.0,36.0,83.9,100.0,7538
2025-01-22T05:30:51.000000+00:00,235.8,50.1,235.8,50.1,228.9,50.1,4.8,1090.0,870.0,80.0,37.0,83.8,100.0,7538
2025-01-22T05:31:51.000000+00:00,235.9,50.1,235.9,50.1,228.9,50.1,4.8,1100.0,870.0,79.0,37.0,83.9,100.0,7538
2025-01-22T05:32:51.000000+00:00,235.5,50.3,235.5,50.3,228.9,50.3,4.8,1090.0,870.0,80.0,36.0,83.9,100.0,7538
2025-01-22T05:33:51.000000+00:00,236.7,50.2,235.8,50.2,228.9,50.2,4.7,1080.0,850.0,79.0,36.0,83.8,100.0,7538
2025-01-22T05:34:51.000000+00:00,235.0,50.2,235.5,50.2,228.9,50.2,4.8,1090.0,870.0,80.0,36.0,83.9,100.0,7538
2025-01-22T05:35:51.000000+00:00,236.8,50.1,237.2,50.1,228.9,50.1,4.8,1090.0,870.0,80.0,37.0,83.8,100.0,7538
2025-01-22T05:36:51.000000+00:00,236.0,50.1,236.5,50.1,228.9,50.1,4.8,1110.0,890.0,80.0,36.0,83.9,100.0,7538
2025-01-22T05:37:51.000000+00:00,234.3,50.0,235.4,50.1,228.9,50.1,4.8,1100.0,870.0,79.0,37.0,83.9,100.0,7538
2025-01-22T05:38:52.000000+00:00,234.9,50.0,235.7,50.0,228.9,50.0,4.8,1090.0,860.0,79.0,36.0,83.8,100.0,7538
2025-01-22T05:39:52.000000+00:00,234.7,50.1,234.7,50.1,228.9,50.1,4.8,1090.0,870.0,80.0,37.0,83.9,100.0,7538
2025-01-22T05:40:52.000000+00:00,234.5,50.0,234.4,50.0,228.9,50.0,4.9,1110.0,890.0,80.0,37.0,83.8,100.0,7538
2025-01-22T05:41:52.000000+00:00,234.1,50.0,234.6,50.0,228.9,50.0,4.9,1120.0,890.0,79.0,37.0,83.8,100.0,7538
2025-01-22T05:42:52.000000+00:00,233.3,50.1,234.3,50.1,228.9,50.1,4.8,1100.0,880.0,80.0,36.0,83.8,100.0,7538
2025-01-22T05:43:06.000000+00:00,234.6,50.1,239.0,50.1,228.9,50.7,4.8,1090.0,890.0,82.0,36.0,83.8,100.0,7538
2025-01-22T05:43:09.000000+00:00,234.6,50.1,239.0,50.1,228.9,50.7,4.8,1090.0,890.0,82.0,37.0,83.8,100.0,7538
2025-01-22T05:43:11.000000+00:00,239.9,50.1,239.9,50.1,228.9,49.4,4.9,1130.0,880.0,78.0,37.0,83.8,100.0,7538
2025-01-22T05:43:12.000000+00:00,239.9,50.1,239.9,50.1,228.9,49.4,4.9,1130.0,880.0,78.0,37.0,83.8,100.0,7538
2025-01-22T05:43:15.000000+00:00,239.9,50.1,239.9,50.1,228.9,49.4,4.9,1130.0,880.0,78.0,37.0,81.5,100.0,7538
2025-01-22T05:43:17.000000+00:00,236.4,50.1,236.5,50.1,228.9,50.1,4.8,1100.0,880.0,80.0,37.0,81.5,100.0,7538
2025-01-22T05:43:52.000000+00:00,236.4,50.0,235.9,50.0,228.9,50.0,4.8,1100.0,870.0,79.0,36.0,83.9,100.0,7533
2025-01-22T05:44:52.000000+00:00,235.3,50.1,235.3,50.1,228.9,50.1,4.8,1100.0,870.0,79.0,37.0,84.0,100.0,7534
2025-01-22T05:45:52.000000+00:00,233.9,50.1,234.0,50.1,228.9,50.1,4.8,1090.0,870.0,80.0,37.0,83.9,100.0,7534
2025-01-22T05:46:52.000000+00:00,233.7,49.9,233.7,49.9,228.9,49.9,4.8,1100.0,860.0,78.0,37.0,83.8,100.0,7534
2025-01-22T05:47:52.000000+00:00,234.0,49.9,234.0,49.9,228.9,49.9,4.8,1110.0,870.0,78.0,37.0,83.8,100.0,7534
2025-01-22T05:48:52.000000+00:00,233.5,50.0,233.2,50.0,228.9,50.0,4.8,1090.0,850.0,78.0,36.0,83.8,100.0,7535
2025-01-22T05:49:52.000000+00:00,233.5,50.0,233.5,50.1,228.9,50.1,4.8,1110.0,880.0,79.0,37.0,83.8,100.0,7535
2025-01-22T05:50:01.000000+00:00,232.6,50.0,232.6,50.0,228.9,50.0,4.9,1120.0,900.0,80.0,37.0,83.8,100.0,7535
2025-01-22T05:50:04.000000+00:00,239.8,50.0,240.0,50.0,229.0,50.1,4.8,1100.0,870.0,79.0,37.0,83.8,100.0,7535
2025-01-22T05:50:06.000000+00:00,239.8,50.0,240.0,50.0,229.0,50.1,4.8,1100.0,870.0,79.0,37.0,83.8,100.0,7535
2025-01-22T05:50:07.000000+00:00,239.8,50.0,240.0,50.0,229.0,50.1,4.8,1100.0,870.0,79.0,36.0,83.8,100.0,7535
2025-01-22T05:50:09.000000+00:00,237.9,50.0,238.9,50.0,228.9,50.0,4.8,1090.0,850.0,78.0,36.0,83.8,100.0,7535
2025-01-22T05:50:12.000000+00:00,237.9,50.0,238.9,50.0,228.9,50.0,4.8,1090.0,850.0,78.0,36.0,81.0,100.0,7532
2025-01-22T05:50:52.000000+00:00,235.4,50.2,235.8,50.2,228.9,50.2,4.8,1100.0,880.0,80.0,37.0,83.9,100.0,7530
2025-01-22T05:51:52.000000+00:00,234.5,50.1,234.5,50.1,228.9,50.1,4.9,1110.0,890.0,80.0,37.0,84.0,100.0,7530
2025-01-22T05:52:52.000000+00:00,236.1,50.1,235.2,50.1,228.9,50.1,4.8,1100.0,880.0,80.0,37.0,83.8,100.0,7531
2025-01-22T05:53:52.000000+00:00,235.0,50.1,235.0,50.1,228.9,50.1,4.7,1080.0,850.0,79.0,36.0,83.8,100.0,7531
2025-01-22T05:54:52.000000+00:00,235.4,50.1,235.4,50.1,228.9,50.1,4.8,1100.0,880.0,80.0,37.0,83.8,100.0,7531
2025-01-22T05:55:52.000000+00:00,234.6,50.2,234.7,50.2,228.9,50.2,4.8,1090.0,870.0,80.0,37.0,83.8,100.0,7436
2025-01-22T05:56:52.000000+00:00,234.0,50.2,234.9,50.2,228.9,50.2,4.7,1080.0,850.0,79.0,36.0,83.8,100.0,7830
2025-01-22T05:57:52.000000+00:00,239.4,50.3,239.4,50.3,228.9,50.3,4.7,1080.0,870.0,81.0,36.0,83.8,100.0,7344
2025-01-22T05:58:52.000000+00:00,237.8,50.3,238.2,50.3,228.9,50.3,4.7,1080.0,860.0,80.0,36.0,83.8,100.0,7728
2025-01-22T05:59:52.000000+00:00,235.4,50.3,235.4,50.3,228.9,50.3,4.8,1090.0,870.0,80.0,36.0,83.8,100.0,7344
2025-01-22T06:00:52.000000+00:00,235.0,50.3,235.0,50.3,228.9,50.3,4.8,1090.0,870.0,80.0,37.0,83.8,100.0,7630
2025-01-22T06:01:52.000000+00:00,235.3,50.4,235.3,50.4,228.9,50.3,4.8,1100.0,880.0,80.0,36.0,83.8,100.0,7630
2025-01-22T06:02:52.000000+00:00,235.1,50.3,235.1,50.3,228.9,50.3,4.8,1090.0,870.0,80.0,36.0,83.8,100.0,7630
2025-01-22T06:03:27.000000+00:00,240.1,50.3,240.4,50.3,228.9,50.3,4.9,1110.0,890.0,80.0,37.0,83.8,100.0,7630
2025-01-22T06:03:30.000000+00:00,239.8,50.3,238.9,50.3,228.9,50.4,4.8,1090.0,880.0,81.0,36.0,83.8,100.0,7630
2025-01-22T06:03:52.000000+00:00,238.2,50.3,238.2,50.3,228.9,50.3,4.7,1080.0,860.0,80.0,36.0,83.8,100.0,7533
2025-01-22T06:04:52.000000+00:00,237.3,50.3,237.3,50.3,228.9,50.3,4.8,1090.0,880.0,81.0,36.0,83.8,100.0,7533
2025-01-22T06:05:52.000000+00:00,236.3,50.3,236.3,50.3,228.9,50.3,4.8,1090.0,880.0,81.0,36.0,83.8,100.0,7534
2025-01-22T06:06:52.000000+00:00,236.4,50.4,236.4,50.4,228.9,50.4,4.8,1100.0,890.0,81.0,37.0,83.8,100.0,7534
2025-01-22T06:07:52.000000+00:00,236.1,50.3,236.1,50.3,228.9,50.3,4.8,1090.0,880.0,81.0,36.0,83.8,100.0,7534
2025-01-22T06:08:52.000000+00:00,235.2,50.4,234.8,50.4,228.9,50.4,4.7,1080.0,860.0,80.0,36.0,83.8,100.0,7534
2025-01-22T06:09:52.000000+00:00,234.4,50.3,234.3,50.3,228.9,50.3,4.8,1090.0,870.0,80.0,36.0,83.8,100.0,7535
2025-01-22T06:10:52.000000+00:00,233.3,50.3,233.3,50.3,228.9,50.3,4.8,1110.0,890.0,80.0,37.0,83.8,100.0,7535
2025-01-22T06:11:52.000000+00:00,233.5,50.3,233.5,50.2,228.9,50.3,4.8,1110.0,900.0,81.0,36.0,83.8,100.0,7535
2025-01-22T06:12:52.000000+00:00,233.6,50.2,233.6,50.2,228.9,50.2,4.8,1090.0,880.0,81.0,37.0,83.8,100.0,7535
2025-01-22T06:13:52.000000+00:00,232.5,50.2,232.8,50.2,228.9,50.2,4.8,1090.0,870.0,80.0,36.0,83.8,100.0,7536
2025-01-22T06:14:52.000000+00:00,233.1,50.2,233.1,50.2,228.9,50.2,4.8,1100.0,870.0,79.0,37.0,83.8,100.0,7536
2025-01-22T06:15:52.000000+00:00,233.4,50.2,233.4,50.2,228.9,50.2,4.8,1100.0,880.0,80.0,37.0,83.8,100.0,7536
2025-01-22T06:16:52.000000+00:00,232.8,50.2,233.6,50.2,228.9,50.2,4.8,1100.0,880.0,80.0,36.0,83.8,100.0,7536
2025-01-22T06:17:52.000000+00:00,233.4,50.1,233.4,50.1,228.9,50.1,4.8,1100.0,880.0,80.0,37.0,83.8,100.0,7537
2025-01-22T06:18:52.000000+00:00,234.6,50.1,234.5,50.1,228.9,50.1,4.7,1080.0,850.0,79.0,36.0,83.8,100.0,7537
2025-01-22T06:19:52.000000+00:00,234.2,50.2,234.2,50.2,228.9,50.2,4.8,1100.0,880.0,80.0,37.0,83.8,100.0,7537
2025-01-22T06:20:52.000000+00:00,233.6,50.0,233.6,50.0,228.9,50.0,4.9,1110.0,890.0,80.0,37.0,83.8,100.0,7537
2025-01-22T06:21:52.000000+00:00,234.3,50.0,233.3,50.0,228.9,50.0,4.9,1130.0,910.0,81.0,37.0,83.8,100.0,7538
2025-01-22T06:22:52.000000+00:00,233.7,50.1,233.6,50.1,228.9,50.1,4.8,1100.0,880.0,80.0,37.0,83.8,100.0,7538
2025-01-22T06:23:52.000000+00:00,232.5,50.2,233.3,50.2,228.9,50.2,4.7,1080.0,860.0,80.0,36.0,83.8,100.0,7538
2025-01-22T06:24:52.000000+00:00,233.6,50.0,233.6,50.0,228.9,50.0,4.8,1100.0,870.0,79.0,37.0,83.8,100.0,7538
2025-01-22T06:25:52.000000+00:00,234.4,50.2,234.4,50.2,228.9,50.2,4.8,1090.0,870.0,80.0,37.0,83.8,100.0,7538
2025-01-22T06:26:52.000000+00:00,234.0,50.2,234.0,50.2,228.9,50.3,4.7,1080.0,860.0,80.0,36.0,83.8,100.0,7538
2025-01-22T06:27:52.000000+00:00,234.1,50.1,233.7,50.1,228.9,50.1,4.8,1100.0,870.0,79.0,37.0,83.8,100.0,7538
2025-01-22T06:28:52.000000+00:00,234.3,50.2,234.3,50.2,228.9,50.2,4.8,1090.0,870.0,80.0,36.0,83.8,100.0,7538
2025-01-22T06:29:52.000000+00:00,234.2,50.2,234.2,50.2,228.9,50.2,4.8,1090.0,870.0,80.0,36.0,83.8,100.0,7538
2025-01-22T06:30:52.000000+00:00,237.5,50.2,237.5,50.2,228.9,50.2,4.8,1110.0,890.0,80.0,37.0,83.8,100.0,7538
2025-01-22T06:31:52.000000+00:00,235.7,49.6,235.7,49.6,228.9,49.6,5.0,1140.0,900.0,79.0,38.0,83.8,100.0,7538
2025-01-22T06:32:52.000000+00:00,243.7,49.7,243.7,49.7,228.9,49.7,4.9,1120.0,890.0,79.0,37.0,83.8,100.0,7170
2025-01-22T06:33:52.000000+00:00,245.2,50.0,246.0,50.0,229.0,50.0,4.8,1090.0,860.0,79.0,36.0,83.8,100.0,7635
2025-01-22T06:34:52.000000+00:00,246.2,50.3,246.2,50.3,228.9,50.3,4.8,1090.0,880.0,81.0,36.0,83.8,100.0,7635
2025-01-22T06:35:52.000000+00:00,243.2,50.2,242.9,50.2,228.9,50.2,4.8,1090.0,870.0,80.0,36.0,83.8,100.0,7635
2025-01-22T06:36:52.000000+00:00,241.8,50.0,241.8,50.0,228.9,50.0,4.8,1100.0,870.0,79.0,37.0,83.8,100.0,7635
2025-01-22T06:37:52.000000+00:00,241.8,49.8,241.3,49.8,228.9,49.8,4.9,1130.0,900.0,80.0,37.0,83.8,100.0,7635
2025-01-22T06:38:52.000000+00:00,241.4,49.7,241.3,49.7,228.9,49.7,4.8,1110.0,860.0,77.0,38.0,83.8,100.0,7635
2025-01-22T06:39:52.000000+00:00,245.6,49.6,245.6,49.6,228.9,49.6,5.0,1140.0,910.0,80.0,38.0,83.8,100.0,7635
2025-01-22T06:40:52.000000+00:00,243.6,49.7,243.6,49.7,229.0,49.7,4.9,1120.0,880.0,79.0,38.0,83.8,100.0,7635
2025-01-22T06:41:52.000000+00:00,244.6,50.0,245.3,50.0,229.0,50.0,4.9,1110.0,890.0,80.0,37.0,83.8,100.0,7635
2025-01-22T06:42:52.000000+00:00,244.8,49.8,244.4,49.8,229.0,49.8,4.8,1110.0,880.0,79.0,37.0,83.8,100.0,7259
2025-01-22T06:43:52.000000+00:00,244.7,49.9,245.6,49.9,229.0,49.9,4.7,1090.0,850.0,78.0,36.0,83.8,100.0,7635
2025-01-22T06:44:52.000000+00:00,246.4,50.3,245.5,50.3,229.0,50.3,4.8,1090.0,870.0,80.0,36.0,83.7,100.0,7635
2025-01-22T06:45:52.000000+00:00,246.0,50.4,246.5,50.4,229.0,50.4,4.7,1080.0,870.0,81.0,36.0,83.7,100.0,7635
2025-01-22T06:46:52.000000+00:00,244.9,50.3,245.4,50.3,229.0,50.3,4.7,1070.0,850.0,79.0,36.0,83.8,100.0,7635
2025-01-22T06:47:52.000000+00:00,243.7,50.5,243.8,50.5,228.9,50.5,4.7,1080.0,870.0,81.0,36.0,83.7,100.0,7635
2025-01-22T06:48:52.000000+00:00,245.4,50.5,245.4,50.5,228.9,50.5,4.7,1060.0,850.0,80.0,36.0,83.7,100.0,7635
2025-01-22T06:49:53.000000+00:00,246.1,50.5,246.5,50.5,229.0,50.5,4.7,1080.0,870.0,81.0,36.0,83.7,100.0,7635
2025-01-22T06:50:53.000000+00:00,246.5,50.4,246.0,50.4,228.9,50.4,4.7,1080.0,870.0,81.0,37.0,83.7,100.0,7635
2025-01-22T06:51:53.000000+00:00,245.8,50.3,245.1,50.4,228.9,50.4,4.8,1100.0,880.0,80.0,36.0,83.7,100.0,7635
2025-01-22T06:52:53.000000+00:00,245.5,50.4,246.4,50.4,229.0,50.4,4.7,1070.0,860.0,80.0,36.0,83.7,100.0,7635
2025-01-22T06:53:53.000000+00:00,245.9,50.4,245.9,50.4,228.9,50.5,4.6,1060.0,840.0,79.0,35.0,83.7,100.0,7635
2025-01-22T06:54:53.000000+00:00,245.8,50.3,245.8,50.3,229.0,50.3,4.7,1080.0,860.0,80.0,36.0,83.7,100.0,7635
2025-01-22T06:55:53.000000+00:00,245.4,50.3,244.8,50.3,228.9,50.3,4.8,1090.0,880.0,81.0,36.0,83.7,100.0,7635
2025-01-22T06:56:53.000000+00:00,245.4,50.2,245.0,50.2,228.9,50.2,4.7,1080.0,860.0,80.0,36.0,83.8,100.0,7635
2025-01-22T06:57:53.000000+00:00,245.0,50.3,245.0,50.3,228.9,50.3,4.8,1090.0,870.0,80.0,36.0,83.8,100.0,7635
2025-01-22T06:58:53.000000+00:00,245.5,50.3,245.5,50.3,229.0,50.3,4.7,1090.0,860.0,79.0,36.0,83.7,100.0,7635
2025-01-22T06:59:53.000000+00:00,245.5,50.3,245.6,50.3,229.0,50.3,4.7,1080.0,860.0,80.0,36.0,83.8,100.0,7635
2025-01-22T07:00:53.000000+00:00,244.5,50.3,245.0,50.3,228.9,50.3,4.8,1090.0,870.0,80.0,37.0,83.9,100.0,7635
2025-01-22T07:01:53.000000+00:00,242.0,50.3,242.0,50.3,228.9,50.3,4.7,1090.0,870.0,80.0,36.0,84.0,100.0,7635
2025-01-22T07:02:53.000000+00:00,242.2,50.4,242.7,50.4,228.9,50.4,4.8,1090.0,870.0,80.0,36.0,84.1,100.0,7635
2025-01-22T07:03:53.000000+00:00,239.4,50.3,239.4,50.3,228.9,50.3,4.7,1080.0,860.0,80.0,36.0,84.2,100.0,7635
2025-01-22T07:04:53.000000+00:00,239.1,50.3,238.6,50.4,228.9,50.3,4.7,1090.0,870.0,80.0,36.0,84.3,100.0,7635
2025-01-22T07:05:53.000000+00:00,238.0,50.3,238.9,50.3,228.9,50.3,4.8,1090.0,870.0,80.0,36.0,84.2,100.0,7635
2025-01-22T07:06:53.000000+00:00,238.2,50.3,238.8,50.3,228.9,50.4,4.7,1080.0,860.0,80.0,36.0,84.1,100.0,7635
2025-01-22T07:07:53.000000+00:00,238.0,50.4,238.7,50.4,228.9,50.4,4.7,1080.0,870.0,81.0,36.0,84.0,100.0,7635
2025-01-22T07:08:53.000000+00:00,238.0,50.4,238.0,50.4,228.9,50.4,4.7,1060.0,840.0,79.0,36.0,84.0,100.0,7635
2025-01-22T07:09:53.000000+00:00,237.4,50.4,237.9,50.4,228.9,50.4,4.7,1080.0,860.0,80.0,36.0,83.9,100.0,7635
2025-01-22T07:10:53.000000+00:00,237.6,50.3,237.7,50.3,228.9,50.3,4.7,1080.0,870.0,81.0,37.0,83.9,100.0,7635
2025-01-22T07:11:53.000000+00:00,236.7,50.4,237.3,50.4,228.9,50.4,4.7,1080.0,860.0,80.0,36.0,83.9,100.0,7635
2025-01-22T07:12:53.000000+00:00,237.4,50.4,237.0,50.4,228.9,50.4,4.7,1080.0,860.0,80.0,36.0,83.9,100.0,7635
2025-01-22T07:13:53.000000+00:00,236.3,50.4,236.7,50.4,228.9,50.4,4.7,1070.0,860.0,80.0,36.0,83.9,100.0,7635
2025-01-22T07:14:53.000000+00:00,236.0,50.5,236.0,50.5,228.9,50.5,4.7,1080.0,870.0,81.0,36.0,83.9,100.0,7635
2025-01-22T07:15:53.000000+00:00,234.6,50.5,235.1,50.5,228.9,50.5,4.7,1080.0,870.0,81.0,36.0,83.8,100.0,7635
2025-01-22T07:16:53.000000+00:00,233.8,50.4,233.8,50.4,228.9,50.4,4.7,1080.0,870.0,81.0,36.0,83.8,100.0,7635
2025-01-22T07:17:53.000000+00:00,233.7,50.3,233.7,50.3,228.9,50.3,4.7,1080.0,860.0,80.0,36.0,83.8,100.0,7635
2025-01-22T07:18:53.000000+00:00,232.4,50.4,232.4,50.4,228.9,50.4,4.7,1080.0,870.0,81.0,36.0,83.8,100.0,7635
2025-01-22T07:19:53.000000+00:00,231.6,50.3,232.5,50.3,228.9,50.3,4.7,1090.0,870.0,80.0,36.0,83.8,100.0,7635
2025-01-22T07:20:53.000000+00:00,231.4,50.3,231.7,50.3,228.9,50.3,4.8,1090.0,870.0,80.0,37.0,83.8,100.0,7635
2025-01-22T07:21:53.000000+00:00,233.6,50.3,233.6,50.3,228.9,50.3,4.8,1090.0,870.0,80.0,36.0,83.8,100.0,7635
2025-01-22T07:22:53.000000+00:00,233.1,50.3,232.2,50.3,228.9,50.3,4.8,1090.0,870.0,80.0,36.0,83.8,100.0,7635
2025-01-22T07:23:53.000000+00:00,233.5,50.2,233.5,50.2,228.9,50.2,4.7,1070.0,850.0,79.0,36.0,83.8,100.0,7635
2025-01-22T07:24:53.000000+00:00,233.7,50.2,233.8,50.2,228.9,50.2,4.8,1090.0,870.0,80.0,36.0,83.8,100.0,7635
2025-01-22T07:25:53.000000+00:00,233.8,50.4,234.3,50.4,228.9,50.4,4.7,1080.0,870.0,81.0,36.0,83.8,100.0,7635
2025-01-22T07:26:53.000000+00:00,233.7,50.3,234.7,50.3,228.9,50.3,4.7,1070.0,850.0,79.0,36.0,83.8,100.0,7635
2025-01-22T07:27:53.000000+00:00,234.4,50.3,234.5,50.3,228.9,50.3,4.8,1090.0,870.0,80.0,36.0,83.8,100.0,7635
2025-01-22T07:28:53.000000+00:00,235.2,50.3,235.1,50.3,228.9,50.3,4.7,1090.0,870.0,80.0,36.0,83.8,100.0,7635
2025-01-22T07:29:53.000000+00:00,234.6,50.3,234.2,50.3,228.9,50.3,4.7,1080.0,860.0,80.0,37.0,83.8,100.0,7635
2025-01-22T07:30:53.000000+00:00,235.2,50.4,235.3,50.4,228.9,50.4,4.7,1080.0,860.0,80.0,36.0,83.8,100.0,7635
2025-01-22T07:31:53.000000+00:00,234.4,50.3,234.4,50.3,228.9,50.3,4.7,1080.0,870.0,81.0,36.0,83.8,100.0,7635
2025-01-22T07:32:53.000000+00:00,235.3,50.3,235.3,50.3,228.9,50.3,4.8,1090.0,870.0,80.0,36.0,83.8,100.0,7635
2025-01-22T07:33:53.000000+00:00,234.8,50.4,234.8,50.4,228.9,50.4,4.7,1070.0,850.0,79.0,36.0,83.8,100.0,7635
2025-01-22T07:34:53.000000+00:00,236.1,50.4,235.1,50.4,228.9,50.4,4.7,1080.0,870.0,81.0,36.0,83.8,100.0,7635
2025-01-22T07:35:53.000000+00:00,235.0,50.3,235.5,50.3,228.9,50.3,4.8,1110.0,900.0,81.0,36.0,83.8,100.0,7635
2025-01-22T07:36:53.000000+00:00,235.1,50.4,235.6,50.4,228.9,50.4,4.7,1080.0,860.0,80.0,36.0,83.8,100.0,7635
2025-01-22T07:37:53.000000+00:00,236.1,50.4,235.1,50.4,228.9,50.4,4.7,1080.0,860.0,80.0,36.0,83.8,100.0,7635
2025-01-22T07:38:53.000000+00:00,236.5,50.4,236.6,50.4,228.9,50.4,4.7,1070.0,850.0,79.0,36.0,83.8,100.0,7635
2025-01-22T07:39:53.000000+00:00,236.3,50.3,235.9,50.3,228.9,50.3,4.7,1080.0,860.0,80.0,36.0,83.7,100.0,7635
2025-01-22T07:40:53.000000+00:00,236.5,50.2,235.6,50.2,228.9,50.2,4.8,1100.0,880.0,80.0,37.0,83.8,100.0,7635
2025-01-22T07:41:53.000000+00:00,236.2,50.3,236.1,50.3,228.9,50.3,4.7,1080.0,860.0,80.0,36.0,83.8,100.0,7635
2025-01-22T07:42:53.000000+00:00,237.2,50.3,237.2,50.3,228.9,50.3,4.7,1090.0,870.0,80.0,36.0,83.8,100.0,7635
2025-01-22T07:43:53.000000+00:00,236.5,50.4,236.1,50.4,228.9,50.4,4.7,1070.0,850.0,79.0,36.0,83.8,100.0,7635
2025-01-22T07:44:53.000000+00:00,236.4,50.4,236.4,50.4,228.9,50.4,4.8,1090.0,880.0,81.0,36.0,83.8,100.0,7635
2025-01-22T07:45:53.000000+00:00,236.3,50.4,236.2,50.4,228.9,50.4,4.7,1080.0,870.0,81.0,36.0,83.8,100.0,7635
2025-01-22T07:46:53.000000+00:00,236.6,50.4,236.6,50.4,228.9,50.4,4.7,1070.0,850.0,79.0,36.0,83.8,100.0,7635
2025-01-22T07:47:53.000000+00:00,236.9,50.3,236.0,50.3,228.9,50.3,4.8,1090.0,870.0,80.0,36.0,83.8,100.0,7635
2025-01-22T07:48:53.000000+00:00,236.4,50.4,236.4,50.4,228.9,50.4,4.7,1070.0,850.0,79.0,36.0,83.8,100.0,7635
2025-01-22T07:49:53.000000+00:00,237.2,50.4,237.0,50.4,228.9,50.4,4.8,1090.0,870.0,80.0,36.0,83.8,100.0,7635
2025-01-22T07:50:53.000000+00:00,236.3,50.3,236.5,50.3,228.9,50.3,4.8,1100.0,880.0,80.0,36.0,83.8,100.0,7635
2025-01-22T07:51:53.000000+00:00,236.1,50.2,237.0,50.2,228.9,50.2,4.8,1110.0,900.0,81.0,37.0,83.8,100.0,7635
2025-01-22T07:52:53.000000+00:00,237.3,50.2,236.7,50.2,228.9,50.1,4.8,1090.0,870.0,80.0,36.0,83.7,100.0,7635
2025-01-22T07:53:53.000000+00:00,236.0,49.9,236.0,49.8,228.9,49.8,4.8,1100.0,860.0,78.0,37.0,83.7,100.0,7635
2025-01-22T07:54:53.000000+00:00,235.2,49.7,235.3,49.7,228.9,49.7,4.9,1120.0,880.0,79.0,37.0,83.7,100.0,7259
2025-01-22T07:55:53.000000+00:00,235.4,50.0,235.4,50.0,228.9,50.0,4.8,1100.0,880.0,80.0,37.0,83.7,100.0,7635
2025-01-22T07:56:53.000000+00:00,235.5,49.9,235.5,49.9,228.9,49.9,4.8,1090.0,860.0,79.0,36.0,83.7,100.0,7635
2025-01-22T07:57:24.000000+00:00,234.3,50.0,234.5,50.0,228.9,50.0,4.8,1100.0,870.0,79.0,36.0,83.7,100.0,7635
2025-01-22T07:57:27.000000+00:00,234.3,50.0,234.5,50.0,228.9,50.0,4.8,1100.0,870.0,79.0,37.0,83.7,100.0,7635
2025-01-22T07:57:29.000000+00:00,234.5,50.0,234.5,50.0,228.9,49.4,4.9,1110.0,870.0,78.0,37.0,83.7,100.0,7635
2025-01-22T07:57:32.000000+00:00,234.5,50.0,234.5,50.0,228.9,49.4,4.9,1110.0,870.0,78.0,37.0,83.7,100.0,7635
2025-01-22T07:57:53.000000+00:00,235.0,50.0,234.1,50.0,228.9,50.0,4.8,1100.0,870.0,79.0,37.0,83.7,100.0,7635
2025-01-22T07:58:54.000000+00:00,234.4,49.9,233.9,49.9,228.9,49.9,4.8,1100.0,870.0,79.0,37.0,83.7,100.0,7635
2025-01-22T07:59:54.000000+00:00,234.6,49.9,235.0,49.9,228.9,49.9,4.9,1120.0,890.0,79.0,37.0,83.7,100.0,7635
2025-01-22T08:00:54.000000+00:00,235.7,50.2,235.7,50.2,228.9,50.2,4.8,1090.0,870.0,80.0,36.0,83.7,100.0,7635
2025-01-22T08:01:54.000000+00:00,235.6,50.2,235.6,50.2,228.9,50.2,4.8,1090.0,870.0,80.0,36.0,83.7,100.0,7635
2025-01-22T08:02:54.000000+00:00,235.0,50.1,234.5,50.1,228.9,50.1,4.8,1100.0,870.0,79.0,37.0,83.7,100.0,7635
2025-01-22T08:03:54.000000+00:00,234.1,50.1,235.1,50.1,228.9,50.1,4.7,1080.0,850.0,79.0,36.0,83.7,100.0,7837
2025-01-22T08:04:54.000000+00:00,234.3,50.1,234.7,50.1,228.9,50.1,4.8,1090.0,870.0,80.0,36.0,83.7,100.0,7443
2025-01-22T08:05:54.000000+00:00,235.5,50.3,236.0,50.3,228.9,50.3,4.7,1080.0,860.0,80.0,36.0,83.7,100.0,7350
2025-01-22T08:06:54.000000+00:00,234.5,50.3,234.5,50.3,228.9,50.3,4.7,1080.0,860.0,80.0,36.0,83.7,100.0,7735
2025-01-22T08:07:54.000000+00:00,233.7,50.2,233.7,50.2,228.9,50.2,4.8,1090.0,870.0,80.0,36.0,83.7,100.0,7735
2025-01-22T08:08:54.000000+00:00,234.2,50.4,234.2,50.4,228.9,50.4,4.7,1070.0,850.0,79.0,36.0,83.7,100.0,7735
2025-01-22T08:09:54.000000+00:00,234.5,50.4,234.5,50.4,228.9,50.4,4.7,1080.0,870.0,81.0,36.0,83.7,100.0,7735
2025-01-22T08:10:54.000000+00:00,234.8,50.4,234.8,50.4,228.9,50.4,4.8,1100.0,890.0,81.0,36.0,83.7,100.0,7735
2025-01-22T08:11:54.000000+00:00,234.1,50.3,233.7,50.3,228.9,50.3,4.8,1090.0,870.0,80.0,37.0,83.7,100.0,7735
2025-01-22T08:12:54.000000+00:00,234.5,50.4,234.5,50.4,228.9,50.4,4.7,1080.0,870.0,81.0,36.0,83.7,100.0,7350
2025-01-22T08:13:54.000000+00:00,234.3,50.3,233.8,50.3,228.9,50.3,4.7,1080.0,860.0,80.0,36.0,83.7,100.0,7735
2025-01-22T08:14:54.000000+00:00,234.2,50.4,234.2,50.4,228.9,50.4,4.7,1080.0,870.0,81.0,36.0,83.7,100.0,7735
2025-01-22T08:15:54.000000+00:00,233.7,50.4,233.6,50.4,228.9,50.4,4.7,1080.0,870.0,81.0,36.0,83.7,100.0,7735
2025-01-22T08:16:54.000000+00:00,232.4,50.3,233.4,50.3,228.9,50.3,4.7,1070.0,850.0,79.0,36.0,83.7,100.0,7837
2025-01-22T08:17:54.000000+00:00,233.1,50.3,233.2,50.3,228.9,50.3,4.7,1090.0,870.0,80.0,36.0,83.7,100.0,7735
2025-01-22T08:18:54.000000+00:00,233.1,50.3,233.1,50.3,228.9,50.3,4.6,1070.0,850.0,79.0,36.0,83.7,100.0,7735
2025-01-22T08:19:02.000000+00:00,232.9,50.3,232.9,50.3,228.9,50.4,4.7,1080.0,860.0,80.0,36.0,83.7,100.0,7735
2025-01-22T08:19:04.000000+00:00,236.8,50.4,237.3,50.4,228.9,50.6,4.6,1050.0,840.0,80.0,36.0,83.7,100.0,7735
2025-01-22T08:19:05.000000+00:00,236.8,50.4,237.3,50.4,228.9,50.6,4.6,1050.0,840.0,80.0,36.0,83.7,100.0,7735
2025-01-22T08:19:07.000000+00:00,236.8,50.4,237.3,50.4,228.9,50.6,4.6,1050.0,840.0,80.0,36.0,81.4,100.0,7734
2025-01-22T08:19:54.000000+00:00,233.2,50.3,234.2,50.3,228.9,50.3,4.7,1080.0,860.0,80.0,36.0,83.8,100.0,7730
2025-01-22T08:20:54.000000+00:00,233.2,50.3,233.1,50.3,228.9,50.3,4.8,1090.0,870.0,80.0,36.0,83.8,100.0,7730
2025-01-22T08:21:54.000000+00:00,233.3,50.3,233.3,50.3,228.9,50.3,4.8,1090.0,880.0,81.0,37.0,83.7,100.0,7731
2025-01-22T08:22:54.000000+00:00,232.8,50.2,232.8,50.2,228.9,50.2,4.8,1090.0,860.0,79.0,36.0,83.7,100.0,7731
2025-01-22T08:23:54.000000+00:00,231.4,50.3,231.9,50.3,228.9,50.3,4.7,1070.0,840.0,79.0,36.0,83.7,100.0,7731
2025-01-22T08:24:54.000000+00:00,231.9,50.3,232.0,50.3,228.9,50.3,4.8,1090.0,870.0,80.0,36.0,83.7,100.0,7731
2025-01-22T08:25:54.000000+00:00,232.5,50.3,232.0,50.3,228.9,50.3,4.7,1080.0,860.0,80.0,36.0,83.7,100.0,7732
2025-01-22T08:26:54.000000+00:00,232.9,50.2,232.9,50.2,228.9,50.2,4.7,1070.0,840.0,79.0,36.0,83.7,100.0,7732
2025-01-22T08:27:54.000000+00:00,231.8,50.3,232.4,50.3,228.9,50.3,4.7,1080.0,860.0,80.0,36.0,83.7,100.0,7834
2025-01-22T08:28:54.000000+00:00,232.1,50.2,232.1,50.2,228.9,50.2,4.7,1070.0,850.0,79.0,36.0,83.7,100.0,7834
2025-01-22T08:29:54.000000+00:00,231.4,50.2,230.3,50.2,228.9,50.1,4.8,1090.0,870.0,80.0,37.0,83.7,100.0,7441
2025-01-22T08:30:54.000000+00:00,230.4,50.3,230.4,50.3,228.9,50.3,4.7,1090.0,860.0,79.0,37.0,83.7,100.0,7834
2025-01-22T08:31:54.000000+00:00,231.0,50.3,231.0,50.3,228.9,50.3,4.8,1100.0,890.0,81.0,36.0,83.7,100.0,7441
2025-01-22T08:32:54.000000+00:00,231.6,50.2,231.1,50.2,228.9,50.2,4.7,1090.0,870.0,80.0,36.0,83.7,100.0,7442
2025-01-22T08:33:54.000000+00:00,230.5,50.2,231.4,50.2,228.9,50.2,4.7,1080.0,860.0,80.0,36.0,83.7,100.0,7835
2025-01-22T08:34:54.000000+00:00,230.5,50.2,230.1,50.2,228.9,50.2,4.8,1090.0,870.0,80.0,36.0,83.7,100.0,7734
2025-01-22T08:35:54.000000+00:00,231.5,50.1,230.6,50.1,228.9,50.1,4.8,1090.0,870.0,80.0,36.0,83.7,100.0,7258
2025-01-22T08:36:54.000000+00:00,230.9,50.1,230.4,50.2,228.9,50.2,4.8,1090.0,870.0,80.0,36.0,83.7,100.0,7734
2025-01-22T08:37:54.000000+00:00,230.1,50.0,230.6,50.0,228.9,50.0,4.8,1100.0,870.0,79.0,37.0,83.7,100.0,7350
2025-01-22T08:38:48.000000+00:00,230.5,49.9,231.0,49.9,228.9,49.9,4.8,1090.0,850.0,78.0,36.0,83.7,100.0,7735
2025-01-22T08:38:54.000000+00:00,231.6,49.9,231.6,49.9,229.0,49.9,4.8,1090.0,860.0,79.0,36.0,82.3,100.0,7735
2025-01-22T08:38:54.000000+00:00,231.6,49.9,231.6,49.9,229.0,49.9,4.8,1090.0,860.0,79.0,37.0,82.3,100.0,7735
2025-01-22T08:39:54.000000+00:00,231.6,49.9,231.0,49.9,228.9,49.9,4.8,1110.0,880.0,79.0,37.0,83.0,100.0,7345
2025-01-22T08:40:54.000000+00:00,232.9,50.1,232.9,50.1,228.9,50.1,4.8,1100.0,870.0,79.0,37.0,83.0,100.0,7346
2025-01-22T08:41:54.000000+00:00,232.9,50.1,232.9,50.1,228.9,50.1,4.8,1090.0,870.0,80.0,37.0,83.1,100.0,7439
2025-01-22T08:42:54.000000+00:00,232.0,50.1,232.6,50.1,228.9,50.1,4.8,1090.0,860.0,79.0,37.0,83.2,100.0,7439
2025-01-22T08:43:54.000000+00:00,233.5,50.2,233.5,50.2,228.9,50.2,4.7,1070.0,850.0,79.0,36.0,84.2,100.0,7833
2025-01-22T08:44:54.000000+00:00,232.3,50.1,232.8,50.2,228.9,50.2,4.8,1110.0,890.0,80.0,37.0,84.2,100.0,7731
2025-01-22T08:45:54.000000+00:00,231.5,50.2,232.4,50.2,228.9,50.2,4.8,1100.0,870.0,79.0,37.0,84.2,100.0,7732
2025-01-22T08:46:54.000000+00:00,232.9,50.1,232.9,50.1,228.9,50.1,4.8,1100.0,880.0,80.0,36.0,84.3,100.0,7732
2025-01-22T08:47:54.000000+00:00,232.4,50.1,232.4,50.1,228.9,50.1,4.8,1100.0,880.0,80.0,37.0,84.1,100.0,7347
2025-01-22T08:48:55.000000+00:00,231.9,50.0,231.9,50.0,228.9,50.0,4.8,1090.0,860.0,79.0,36.0,84.0,100.0,7834
2025-01-22T08:49:55.000000+00:00,232.6,50.1,232.6,50.1,228.9,50.1,4.8,1100.0,880.0,80.0,37.0,83.9,100.0,7733
2025-01-22T08:50:55.000000+00:00,232.6,50.1,232.6,50.1,228.9,50.1,4.8,1100.0,870.0,79.0,37.0,83.9,100.0,7441
2025-01-22T08:51:55.000000+00:00,231.5,50.1,231.5,50.1,228.9,50.1,4.8,1100.0,880.0,80.0,37.0,83.9,100.0,7441
2025-01-22T08:52:55.000000+00:00,231.3,50.1,231.3,50.1,228.9,50.1,4.8,1090.0,870.0,80.0,37.0,83.9,100.0,7442
2025-01-22T08:53:55.000000+00:00,230.9,50.1,230.9,50.1,228.9,50.1,4.7,1080.0,860.0,80.0,36.0,83.8,100.0,7835
2025-01-22T08:54:55.000000+00:00,230.4,50.1,230.4,50.1,228.9,50.1,4.9,1110.0,890.0,80.0,36.0,83.8,100.0,7442
2025-01-22T08:55:55.000000+00:00,230.5,50.1,231.0,50.1,228.9,50.1,4.8,1100.0,880.0,80.0,37.0,83.8,100.0,7442
2025-01-22T08:56:55.000000+00:00,231.6,50.1,231.5,50.1,228.9,50.1,4.7,1080.0,850.0,79.0,36.0,83.8,100.0,7836
2025-01-22T08:57:55.000000+00:00,230.7,50.0,230.7,50.0,228.9,50.0,4.8,1100.0,880.0,80.0,37.0,83.8,100.0,7443
2025-01-22T08:58:55.000000+00:00,231.0,50.1,231.0,50.1,228.9,50.1,4.7,1080.0,860.0,80.0,36.0,83.8,100.0,7443
2025-01-22T08:59:55.000000+00:00,231.1,50.1,231.1,50.1,228.9,50.1,4.9,1120.0,900.0,80.0,37.0,83.8,100.0,7350
2025-01-22T09:00:55.000000+00:00,231.6,50.2,231.6,50.2,228.9,50.2,4.8,1110.0,900.0,81.0,36.0,83.8,100.0,7443
2025-01-22T09:01:55.000000+00:00,232.3,50.1,232.4,50.1,228.9,50.1,4.8,1100.0,880.0,80.0,36.0,83.8,100.0,7735
2025-01-22T09:02:55.000000+00:00,232.4,50.1,231.9,50.1,228.9,50.1,4.8,1090.0,870.0,80.0,37.0,83.8,100.0,7350
2025-01-22T09:03:55.000000+00:00,232.0,50.1,232.5,50.1,228.9,50.1,4.7,1080.0,850.0,79.0,36.0,83.8,100.0,7837
2025-01-22T09:04:55.000000+00:00,232.4,50.1,232.6,50.1,228.9,50.1,4.8,1090.0,870.0,80.0,37.0,83.8,100.0,7735
2025-01-22T09:05:27.000000+00:00,232.5,50.2,232.5,50.2,228.9,50.2,4.7,1080.0,850.0,79.0,36.0,83.8,100.0,7735
2025-01-22T09:05:30.000000+00:00,236.0,50.2,236.5,50.2,228.9,50.2,4.8,1090.0,870.0,80.0,36.0,83.8,100.0,7735
2025-01-22T09:05:32.000000+00:00,236.0,50.2,236.5,50.2,228.9,50.2,4.8,1090.0,870.0,80.0,36.0,83.6,100.0,7735
2025-01-22T09:05:38.000000+00:00,236.1,50.2,235.4,50.2,228.9,50.1,4.7,1080.0,850.0,79.0,36.0,80.9,100.0,7732
2025-01-22T09:05:55.000000+00:00,233.5,50.1,233.8,50.1,228.9,50.1,4.9,1110.0,900.0,81.0,36.0,83.0,100.0,7345
2025-01-22T09:06:55.000000+00:00,232.6,50.1,232.6,50.1,228.9,50.1,4.8,1110.0,880.0,79.0,37.0,84.0,100.0,7730
2025-01-22T09:07:55.000000+00:00,232.7,50.1,233.3,50.1,228.9,50.1,4.8,1100.0,880.0,80.0,37.0,83.7,100.0,7346
2025-01-22T09:08:55.000000+00:00,233.1,50.1,233.8,50.1,228.9,50.1,4.7,1080.0,850.0,79.0,36.0,83.7,100.0,7832
2025-01-22T09:09:55.000000+00:00,233.7,50.2,232.8,50.2,228.9,50.2,4.8,1090.0,870.0,80.0,36.0,83.7,100.0,7439
2025-01-22T09:10:55.000000+00:00,232.3,50.1,232.3,50.1,228.9,50.1,4.8,1100.0,870.0,79.0,37.0,83.7,100.0,7440
2025-01-22T09:11:55.000000+00:00,232.2,50.1,231.6,50.1,228.9,50.1,4.8,1090.0,870.0,80.0,37.0,83.7,100.0,7440
2025-01-22T09:12:55.000000+00:00,232.3,50.2,233.2,50.2,228.9,50.2,4.8,1090.0,860.0,79.0,36.0,83.7,100.0,7440
2025-01-22T09:13:55.000000+00:00,232.6,50.1,232.6,50.1,228.9,50.1,4.7,1080.0,850.0,79.0,36.0,83.7,100.0,7834
2025-01-22T09:14:55.000000+00:00,232.4,50.1,232.4,50.1,228.9,50.1,4.8,1090.0,860.0,79.0,36.0,83.7,100.0,7348
2025-01-22T09:15:55.000000+00:00,232.8,50.1,232.4,50.1,228.9,50.1,4.8,1110.0,890.0,80.0,36.0,83.7,100.0,7732
2025-01-22T09:16:55.000000+00:00,232.3,50.1,232.3,50.1,228.9,50.1,4.8,1090.0,870.0,80.0,36.0,83.7,100.0,7733
2025-01-22T09:17:55.000000+00:00,231.9,50.1,231.8,50.1,228.9,50.1,4.8,1100.0,880.0,80.0,36.0,83.7,100.0,7733
2025-01-22T09:18:55.000000+00:00,231.3,50.1,231.3,50.1,228.9,50.1,4.7,1080.0,850.0,79.0,36.0,83.7,100.0,7835
2025-01-22T09:19:55.000000+00:00,232.0,50.1,232.0,50.1,228.9,50.1,4.8,1090.0,870.0,80.0,37.0,83.7,100.0,7442
2025-01-22T09:20:55.000000+00:00,231.6,50.1,232.0,50.1,228.9,50.2,4.8,1090.0,870.0,80.0,37.0,83.7,100.0,7835
2025-01-22T09:21:55.000000+00:00,231.2,50.1,231.2,50.1,228.9,50.1,4.8,1100.0,870.0,79.0,37.0,83.7,100.0,7734
2025-01-22T09:22:55.000000+00:00,231.3,50.1,231.8,50.1,228.9,50.1,4.8,1100.0,870.0,79.0,36.0,83.7,100.0,7734
2025-01-22T09:23:55.000000+00:00,231.1,50.1,231.1,50.1,228.9,50.1,4.7,1080.0,850.0,79.0,36.0,83.7,100.0,7635
2025-01-22T09:24:00.000000+00:00,234.3,50.1,234.8,50.1,228.9,50.2,4.8,1090.0,870.0,80.0,36.0,83.7,100.0,7635
2025-01-22T09:24:06.000000+00:00,232.1,50.1,232.1,50.1,228.9,50.1,4.9,1120.0,910.0,81.0,37.0,81.4,100.0,7634
2025-01-22T09:24:55.000000+00:00,231.7,50.1,231.8,50.1,228.9,50.1,4.8,1100.0,880.0,80.0,37.0,83.9,100.0,7630
2025-01-22T09:25:55.000000+00:00,232.8,50.2,233.3,50.2,228.9,50.2,4.8,1090.0,870.0,80.0,36.0,83.8,100.0,7630
2025-01-22T09:26:55.000000+00:00,232.7,50.1,232.2,50.1,228.9,50.1,4.8,1100.0,870.0,79.0,36.0,83.8,100.0,7631
2025-01-22T09:27:55.000000+00:00,231.9,50.1,232.2,50.1,228.9,50.1,4.8,1090.0,870.0,80.0,37.0,83.7,100.0,7631
2025-01-22T09:28:55.000000+00:00,231.9,50.1,231.9,50.1,228.9,50.1,4.7,1080.0,850.0,79.0,36.0,83.7,100.0,7631
2025-01-22T09:29:55.000000+00:00,233.3,50.1,233.3,50.1,228.9,50.1,4.8,1100.0,880.0,80.0,37.0,83.7,100.0,7631
2025-01-22T09:30:55.000000+00:00,233.2,50.2,232.6,50.2,228.9,50.2,4.8,1110.0,890.0,80.0,37.0,83.7,100.0,7632
2025-01-22T09:31:55.000000+00:00,231.8,50.1,231.8,50.1,228.9,50.1,4.8,1100.0,870.0,79.0,37.0,83.7,100.0,7632
2025-01-22T09:32:55.000000+00:00,232.2,50.2,232.8,50.2,228.9,50.2,4.8,1090.0,870.0,80.0,36.0,83.7,100.0,7632
2025-01-22T09:33:55.000000+00:00,232.0,50.3,232.5,50.3,228.9,50.3,4.7,1070.0,850.0,79.0,36.0,83.7,100.0,7632
2025-01-22T09:34:55.000000+00:00,232.1,50.3,232.1,50.3,228.9,50.3,4.7,1080.0,870.0,81.0,36.0,83.7,100.0,7633
2025-01-22T09:35:55.000000+00:00,229.0,50.3,228.0,50.3,228.9,50.3,4.8,1090.0,870.0,80.0,36.0,83.9,100.0,7633
2025-01-22T09:36:55.000000+00:00,227.2,50.3,227.2,50.3,228.9,50.3,4.8,1090.0,880.0,81.0,36.0,84.0,100.0,7633
2025-01-22T09:37:47.000000+00:00,227.2,50.3,227.0,50.3,228.9,50.3,4.8,1090.0,870.0,80.0,36.0,84.1,100.0,7633
2025-01-22T09:37:48.000000+00:00,227.2,50.3,227.0,50.3,228.9,50.3,4.8,1090.0,870.0,80.0,36.0,84.1,100.0,7633
2025-01-22T09:37:50.000000+00:00,231.9,50.3,231.6,50.3,228.9,50.3,4.8,1090.0,870.0,80.0,36.0,84.1,100.0,7633
2025-01-22T09:37:53.000000+00:00,231.9,50.3,231.6,50.3,228.9,50.3,4.8,1090.0,870.0,80.0,36.0,81.0,100.0,7631
2025-01-22T09:37:55.000000+00:00,228.8,50.3,228.8,50.3,228.9,50.3,4.7,1080.0,860.0,80.0,36.0,81.0,100.0,7631
2025-01-22T09:38:55.000000+00:00,228.7,50.3,228.3,50.3,228.9,50.3,4.7,1070.0,850.0,79.0,36.0,84.5,100.0,7629
2025-01-22T09:39:55.000000+00:00,228.3,50.3,228.3,50.3,228.9,50.3,4.8,1090.0,870.0,80.0,36.0,84.0,100.0,7629
2025-01-22T09:40:55.000000+00:00,232.7,50.3,231.7,50.3,229.0,50.3,4.8,1090.0,870.0,80.0,37.0,83.9,100.0,7629
2025-01-22T09:41:55.000000+00:00,235.9,50.3,235.9,50.3,228.9,50.3,4.8,1110.0,890.0,80.0,36.0,84.0,100.0,7629
2025-01-22T09:42:55.000000+00:00,235.3,50.3,235.1,50.2,228.9,50.3,4.8,1090.0,870.0,80.0,36.0,83.8,100.0,7630
2025-01-22T09:43:55.000000+00:00,234.4,50.1,234.3,50.1,228.9,50.1,4.7,1080.0,850.0,79.0,37.0,83.8,100.0,7630
2025-01-22T09:44:55.000000+00:00,235.5,50.2,235.5,50.2,228.9,50.2,4.8,1100.0,880.0,80.0,37.0,83.7,100.0,7630
2025-01-22T09:45:55.000000+00:00,235.8,50.2,235.8,50.2,228.9,50.2,4.8,1090.0,870.0,80.0,36.0,83.7,100.0,7630
2025-01-22T09:46:55.000000+00:00,235.4,50.2,234.8,50.2,228.9,50.2,4.7,1080.0,860.0,80.0,36.0,83.7,100.0,7631
2025-01-22T09:47:55.000000+00:00,235.4,50.2,235.9,50.2,228.9,50.2,4.8,1100.0,870.0,79.0,36.0,83.7,100.0,7631
2025-01-22T09:48:55.000000+00:00,236.5,50.2,236.5,50.2,228.9,50.2,4.7,1080.0,850.0,79.0,36.0,83.6,100.0,7631
2025-01-22T09:49:55.000000+00:00,236.9,50.2,237.4,50.2,228.9,50.2,4.8,1100.0,870.0,79.0,37.0,83.6,100.0,7631
2025-01-22T09:50:55.000000+00:00,237.2,50.3,237.1,50.3,228.9,50.3,4.8,1100.0,880.0,80.0,36.0,83.7,100.0,7632
2025-01-22T09:51:56.000000+00:00,238.5,50.3,237.9,50.3,228.9,50.3,4.9,1110.0,900.0,81.0,36.0,83.6,100.0,7632
2025-01-22T09:52:56.000000+00:00,238.9,50.3,238.9,50.3,228.9,50.3,4.8,1090.0,870.0,80.0,36.0,83.6,100.0,7632
2025-01-22T09:53:56.000000+00:00,239.8,50.3,239.4,50.3,228.9,50.3,4.7,1080.0,860.0,80.0,36.0,83.7,100.0,7632
2025-01-22T09:54:56.000000+00:00,240.5,50.3,239.9,50.3,228.9,50.3,4.8,1090.0,870.0,80.0,36.0,83.7,100.0,7633
2025-01-22T09:55:56.000000+00:00,239.6,50.3,239.6,50.3,228.9,50.3,4.8,1090.0,870.0,80.0,36.0,83.6,100.0,7633
2025-01-22T09:56:56.000000+00:00,239.1,50.2,238.6,50.2,228.9,50.2,4.7,1080.0,860.0,80.0,36.0,83.6,100.0,7732
2025-01-22T09:57:56.000000+00:00,238.8,50.2,239.8,50.2,228.9,50.2,4.8,1090.0,870.0,80.0,36.0,83.6,100.0,7733
2025-01-22T09:58:56.000000+00:00,240.0,50.1,240.0,50.1,228.9,50.1,4.7,1080.0,850.0,79.0,36.0,83.6,100.0,7733
2025-01-22T09:59:56.000000+00:00,240.7,50.1,240.1,50.2,228.9,50.2,4.8,1100.0,880.0,80.0,37.0,83.6,100.0,7349
2025-01-22T10:00:56.000000+00:00,239.6,50.1,239.6,50.1,228.9,50.1,4.8,1110.0,890.0,80.0,37.0,83.6,100.0,7733
2025-01-22T10:01:56.000000+00:00,240.2,50.2,241.2,50.2,228.9,50.2,4.8,1090.0,870.0,80.0,36.0,83.6,100.0,7349
2025-01-22T10:02:56.000000+00:00,240.8,50.2,240.8,50.2,228.9,50.2,4.8,1090.0,870.0,80.0,36.0,83.6,100.0,7734
2025-01-22T10:03:56.000000+00:00,237.3,50.2,238.3,50.2,228.9,50.2,4.7,1080.0,850.0,79.0,36.0,83.6,100.0,7836
2025-01-22T10:04:56.000000+00:00,236.6,50.2,237.6,50.2,228.9,50.2,4.8,1100.0,880.0,80.0,36.0,83.6,100.0,7443
2025-01-22T10:05:56.000000+00:00,237.0,50.2,237.5,50.2,228.9,50.2,4.8,1090.0,870.0,80.0,36.0,83.6,100.0,7443
2025-01-22T10:06:56.000000+00:00,237.7,50.1,237.7,50.1,228.9,50.1,4.8,1090.0,860.0,79.0,36.0,83.6,100.0,7837
2025-01-22T10:07:56.000000+00:00,237.6,50.1,237.6,50.1,228.9,50.1,4.8,1090.0,870.0,80.0,37.0,83.6,100.0,7443
2025-01-22T10:08:56.000000+00:00,237.6,50.2,237.6,50.2,228.9,50.2,4.7,1080.0,850.0,79.0,36.0,83.6,100.0,7941
2025-01-22T10:09:56.000000+00:00,237.6,50.1,237.6,50.1,228.9,50.1,4.8,1090.0,870.0,80.0,36.0,83.5,100.0,7538
2025-01-22T10:10:56.000000+00:00,236.5,50.1,236.9,50.1,228.9,50.1,4.8,1100.0,870.0,79.0,36.0,83.5,100.0,7443
2025-01-22T10:11:56.000000+00:00,236.6,50.1,237.2,50.1,228.9,50.1,4.8,1100.0,870.0,79.0,36.0,83.6,100.0,7443
2025-01-22T10:12:56.000000+00:00,237.8,50.1,237.1,50.1,228.9,50.1,4.8,1090.0,870.0,80.0,36.0,83.5,100.0,7443
2025-01-22T10:13:56.000000+00:00,238.3,50.2,237.8,50.2,228.9,50.2,4.8,1090.0,870.0,80.0,36.0,83.5,100.0,7837
2025-01-22T10:14:56.000000+00:00,237.7,50.0,238.3,50.0,228.9,50.0,4.8,1110.0,890.0,80.0,36.0,83.6,100.0,7443
2025-01-22T10:15:56.000000+00:00,237.2,50.0,236.6,50.0,228.9,50.0,4.8,1100.0,880.0,80.0,37.0,83.5,100.0,7443
2025-01-22T10:16:56.000000+00:00,237.0,50.1,237.5,50.1,228.9,50.1,4.8,1090.0,860.0,79.0,36.0,83.6,100.0,7837
2025-01-22T10:17:56.000000+00:00,237.0,50.0,238.0,50.0,228.9,50.0,4.8,1100.0,880.0,80.0,37.0,83.6,100.0,7350
2025-01-22T10:18:56.000000+00:00,238.1,50.1,238.1,50.1,228.9,50.1,4.7,1080.0,850.0,79.0,36.0,83.5,100.0,7735
2025-01-22T10:19:56.000000+00:00,238.7,50.1,238.2,50.1,228.9,50.1,4.8,1090.0,870.0,80.0,37.0,83.5,100.0,7350
2025-01-22T10:20:56.000000+00:00,239.0,50.1,239.5,50.1,228.9,50.1,4.8,1110.0,890.0,80.0,37.0,83.6,100.0,7443
2025-01-22T10:21:56.000000+00:00,239.1,50.1,239.1,50.1,228.9,50.1,4.8,1100.0,880.0,80.0,37.0,83.6,100.0,7443
2025-01-22T10:22:56.000000+00:00,239.9,50.1,239.9,50.1,228.9,50.1,4.8,1090.0,870.0,80.0,37.0,83.5,100.0,7635
2025-01-22T10:23:56.000000+00:00,240.8,50.2,239.8,50.2,228.9,50.2,4.7,1080.0,850.0,79.0,36.0,83.6,100.0,7837
2025-01-22T10:24:56.000000+00:00,239.3,50.2,239.8,50.2,228.9,50.2,4.7,1080.0,850.0,79.0,36.0,83.6,100.0,7443
2025-01-22T10:25:56.000000+00:00,239.6,50.2,239.6,50.2,228.9,50.2,4.7,1090.0,870.0,80.0,36.0,83.8,100.0,7443
2025-01-22T10:26:56.000000+00:00,239.3,50.2,239.3,50.2,228.9,50.2,4.7,1070.0,840.0,79.0,36.0,83.9,100.0,7837
2025-01-22T10:27:56.000000+00:00,239.3,50.1,239.3,50.1,228.9,50.1,4.8,1090.0,870.0,80.0,37.0,83.8,100.0,7443
2025-01-22T10:28:56.000000+00:00,239.7,50.3,239.7,50.3,228.9,50.3,4.7,1070.0,850.0,79.0,36.0,83.9,100.0,7443
2025-01-22T10:29:56.000000+00:00,239.2,50.2,239.2,50.3,228.9,50.2,4.8,1100.0,880.0,80.0,36.0,84.0,100.0,7443
2025-01-22T10:30:56.000000+00:00,239.7,50.2,239.7,50.2,228.9,50.2,4.8,1100.0,880.0,80.0,36.0,84.0,100.0,7538
2025-01-22T10:31:56.000000+00:00,239.8,50.3,239.3,50.3,228.9,50.3,4.7,1080.0,860.0,80.0,36.0,83.7,100.0,7538
2025-01-22T10:32:56.000000+00:00,239.0,50.2,239.9,50.2,228.9,50.2,4.8,1090.0,870.0,80.0,36.0,83.8,100.0,7538
2025-01-22T10:33:56.000000+00:00,239.4,50.2,239.4,50.2,228.9,50.2,4.7,1070.0,850.0,79.0,36.0,83.8,100.0,7941
2025-01-22T10:34:56.000000+00:00,239.7,50.2,239.3,50.2,228.9,50.2,4.8,1100.0,880.0,80.0,37.0,83.6,100.0,7538
2025-01-22T10:35:56.000000+00:00,239.3,50.2,239.3,50.2,228.9,50.2,4.7,1080.0,860.0,80.0,36.0,83.7,100.0,7538
2025-01-22T10:36:56.000000+00:00,239.5,50.1,239.5,50.1,228.9,50.1,4.8,1090.0,860.0,79.0,36.0,83.8,100.0,7538
2025-01-22T10:37:56.000000+00:00,239.2,50.1,239.2,50.1,228.9,50.1,4.8,1090.0,870.0,80.0,37.0,83.7,100.0,7538
2025-01-22T10:38:56.000000+00:00,239.8,50.2,239.3,50.2,228.9,50.2,4.7,1080.0,850.0,79.0,36.0,83.7,100.0,7538
2025-01-22T10:39:56.000000+00:00,238.4,50.2,238.4,50.2,228.9,50.2,4.7,1080.0,850.0,79.0,36.0,83.6,100.0,7538
2025-01-22T10:40:56.000000+00:00,238.8,50.1,238.8,50.1,228.9,50.1,4.8,1090.0,870.0,80.0,36.0,83.7,100.0,7538
2025-01-22T10:41:56.000000+00:00,238.9,50.1,239.9,50.1,228.9,50.1,4.8,1100.0,870.0,79.0,37.0,83.7,100.0,7538
2025-01-22T10:42:56.000000+00:00,239.8,50.1,239.8,50.1,228.9,50.1,4.8,1090.0,870.0,80.0,37.0,83.6,100.0,7538
2025-01-22T10:43:56.000000+00:00,239.9,50.0,239.9,50.0,228.9,50.0,4.8,1090.0,850.0,78.0,37.0,83.7,100.0,7538
2025-01-22T10:44:56.000000+00:00,239.3,50.1,239.3,50.1,228.9,50.1,4.8,1100.0,880.0,80.0,37.0,83.7,100.0,7538
2025-01-22T10:45:56.000000+00:00,240.0,50.1,240.0,50.1,228.9,50.1,4.8,1100.0,870.0,79.0,37.0,83.6,100.0,7538
2025-01-22T10:46:56.000000+00:00,240.3,50.1,240.3,50.1,228.9,50.1,4.7,1080.0,850.0,79.0,36.0,83.6,100.0,7538
2025-01-22T10:47:56.000000+00:00,239.9,50.1,239.9,50.1,228.9,50.1,4.8,1090.0,870.0,80.0,37.0,83.6,100.0,7538
2025-01-22T10:48:56.000000+00:00,238.8,50.2,239.3,50.2,228.9,50.2,4.7,1080.0,860.0,80.0,36.0,83.6,100.0,7538
2025-01-22T10:49:56.000000+00:00,239.3,50.1,239.3,50.1,228.9,50.1,4.8,1090.0,870.0,80.0,36.0,83.6,100.0,7538
2025-01-22T10:50:56.000000+00:00,239.2,50.1,238.0,50.1,228.9,50.1,4.8,1110.0,890.0,80.0,37.0,83.6,100.0,7538
2025-01-22T10:51:56.000000+00:00,238.3,50.1,238.8,50.1,228.9,50.1,4.8,1110.0,880.0,79.0,37.0,83.6,100.0,7538
2025-01-22T10:52:56.000000+00:00,238.2,50.1,238.2,50.1,228.9,50.1,4.8,1090.0,860.0,79.0,37.0,83.6,100.0,7538
2025-01-22T10:53:56.000000+00:00,238.6,50.1,239.0,50.1,228.9,50.1,4.7,1080.0,850.0,79.0,37.0,83.6,100.0,7538
2025-01-22T10:54:56.000000+00:00,237.9,50.0,238.9,50.0,228.9,50.0,4.8,1100.0,870.0,79.0,37.0,83.6,100.0,7538
2025-01-22T10:55:56.000000+00:00,239.3,50.0,239.3,50.0,228.9,50.0,4.8,1100.0,870.0,79.0,37.0,83.5,100.0,7538
2025-01-22T10:56:56.000000+00:00,239.6,50.1,239.6,50.1,228.9,50.1,4.8,1090.0,870.0,80.0,36.0,83.6,100.0,7538
2025-01-22T10:57:56.000000+00:00,238.6,50.0,238.6,50.0,228.9,50.0,4.8,1110.0,890.0,80.0,37.0,83.7,100.0,7538
2025-01-22T10:58:56.000000+00:00,239.0,50.1,239.0,50.1,228.9,50.1,4.8,1090.0,870.0,80.0,37.0,83.6,100.0,7538
2025-01-22T10:59:56.000000+00:00,239.9,50.2,239.9,50.2,228.9,50.2,4.8,1100.0,880.0,80.0,37.0,83.6,100.0,7538
2025-01-22T11:00:56.000000+00:00,239.6,50.1,239.6,50.1,228.9,50.1,4.8,1110.0,890.0,80.0,37.0,83.6,100.0,7538
2025-01-22T11:01:56.000000+00:00,239.0,50.1,239.0,50.1,228.9,50.1,4.8,1100.0,880.0,80.0,36.0,83.8,100.0,7538
2025-01-22T11:02:56.000000+00:00,238.3,50.0,238.8,50.0,228.9,50.0,4.8,1100.0,880.0,80.0,37.0,84.0,100.0,7538
2025-01-22T11:03:57.000000+00:00,238.7,50.1,238.7,50.1,228.9,50.1,4.8,1090.0,870.0,80.0,36.0,83.8,100.0,7538
2025-01-22T11:04:57.000000+00:00,238.6,50.1,238.6,50.1,228.9,50.1,4.8,1090.0,870.0,80.0,36.0,84.0,100.0,7538
2025-01-22T11:05:57.000000+00:00,237.8,50.1,238.3,50.1,228.9,50.1,4.8,1100.0,870.0,79.0,37.0,84.1,100.0,7538
2025-01-22T11:06:57.000000+00:00,237.2,50.0,237.7,50.0,228.9,50.0,4.8,1090.0,860.0,79.0,36.0,83.8,100.0,7538
2025-01-22T11:07:57.000000+00:00,238.2,50.1,238.2,50.1,228.9,50.1,4.8,1100.0,880.0,80.0,37.0,83.8,100.0,7538
2025-01-22T11:08:57.000000+00:00,238.1,50.0,237.7,50.0,228.9,50.0,4.8,1100.0,870.0,79.0,37.0,83.8,100.0,7538
2025-01-22T11:09:57.000000+00:00,238.4,50.1,238.4,50.1,228.9,50.1,4.7,1080.0,850.0,79.0,36.0,83.6,100.0,7538
2025-01-22T11:10:57.000000+00:00,237.6,50.0,237.6,50.0,228.9,50.0,4.8,1100.0,870.0,79.0,37.0,83.7,100.0,7538
2025-01-22T11:11:57.000000+00:00,237.9,50.0,237.9,50.0,228.9,50.0,4.8,1100.0,870.0,79.0,37.0,83.8,100.0,7538
2025-01-22T11:12:57.000000+00:00,235.9,50.0,236.3,50.0,228.9,50.0,4.8,1100.0,870.0,79.0,37.0,83.7,100.0,7538
2025-01-22T11:13:57.000000+00:00,236.0,50.0,236.4,50.0,228.9,50.0,4.7,1090.0,850.0,78.0,36.0,83.6,100.0,7538
2025-01-22T11:14:57.000000+00:00,236.1,50.0,235.7,50.0,228.9,50.0,4.8,1110.0,890.0,80.0,37.0,83.7,100.0,7538
2025-01-22T11:15:57.000000+00:00,236.2,50.0,236.2,50.0,228.9,50.0,4.8,1100.0,880.0,80.0,37.0,83.7,100.0,7538
2025-01-22T11:16:57.000000+00:00,235.4,49.9,236.3,49.9,228.9,49.9,4.8,1090.0,860.0,79.0,36.0,83.6,100.0,7538
2025-01-22T11:17:57.000000+00:00,235.0,50.0,235.0,50.0,228.9,50.0,4.9,1120.0,900.0,80.0,37.0,83.7,100.0,7538
2025-01-22T11:18:57.000000+00:00,235.3,50.0,235.1,50.0,228.9,50.0,4.8,1100.0,880.0,80.0,37.0,83.7,100.0,7538
2025-01-22T11:19:57.000000+00:00,235.4,50.1,235.4,50.1,228.9,50.1,4.7,1080.0,850.0,79.0,36.0,83.6,100.0,7538
2025-01-22T11:20:57.000000+00:00,235.3,50.1,235.3,50.1,228.9,50.1,4.8,1100.0,870.0,79.0,37.0,83.6,100.0,7443
2025-01-22T11:21:57.000000+00:00,236.2,50.0,236.2,50.0,228.9,50.0,4.8,1100.0,880.0,80.0,37.0,83.7,100.0,7350
2025-01-22T11:22:57.000000+00:00,235.4,50.1,236.1,50.1,228.9,50.1,4.8,1090.0,870.0,80.0,37.0,83.5,100.0,7350
2025-01-22T11:23:57.000000+00:00,235.0,50.1,235.1,50.1,228.9,50.1,4.7,1080.0,850.0,79.0,36.0,83.6,100.0,7735
2025-01-22T11:24:57.000000+00:00,235.2,50.1,235.2,50.1,228.9,50.1,4.8,1090.0,860.0,79.0,37.0,83.7,100.0,7735
2025-01-22T11:25:57.000000+00:00,233.8,50.0,233.8,50.0,228.9,50.0,4.8,1100.0,870.0,79.0,37.0,83.6,100.0,7350
2025-01-22T11:26:57.000000+00:00,234.6,50.0,234.6,50.0,228.9,50.0,4.7,1080.0,850.0,79.0,36.0,83.6,100.0,7837
2025-01-22T11:27:57.000000+00:00,234.2,50.0,234.2,50.0,228.9,50.0,4.8,1100.0,870.0,79.0,37.0,83.6,100.0,7443
2025-01-22T11:28:57.000000+00:00,235.0,50.2,235.0,50.2,228.9,50.2,4.8,1090.0,870.0,80.0,36.0,83.6,100.0,7837
2025-01-22T11:29:57.000000+00:00,235.7,50.0,234.8,50.0,228.9,50.0,4.8,1110.0,880.0,79.0,37.0,83.6,100.0,7443
2025-01-22T11:30:57.000000+00:00,234.6,50.0,235.1,50.0,228.9,50.0,4.8,1100.0,870.0,79.0,37.0,83.6,100.0,7443
2025-01-22T11:31:57.000000+00:00,235.4,49.9,235.0,49.9,228.9,49.9,4.8,1100.0,870.0,79.0,37.0,83.6,100.0,7350
2025-01-22T11:32:57.000000+00:00,235.1,49.8,235.5,49.8,228.9,49.8,4.8,1110.0,880.0,79.0,37.0,83.6,100.0,7443
2025-01-22T11:33:57.000000+00:00,235.3,50.0,235.8,50.0,228.9,50.0,4.8,1100.0,870.0,79.0,37.0,83.6,100.0,7837
2025-01-22T11:34:57.000000+00:00,236.0,50.1,235.8,50.1,228.9,50.1,4.7,1080.0,850.0,79.0,36.0,83.6,100.0,7443
2025-01-22T11:35:57.000000+00:00,236.0,50.2,236.7,50.2,228.9,50.2,4.8,1100.0,880.0,80.0,37.0,83.7,100.0,7443
2025-01-22T11:36:57.000000+00:00,236.9,50.2,235.8,50.2,228.9,50.2,4.7,1080.0,860.0,80.0,36.0,83.7,100.0,7837
2025-01-22T11:37:57.000000+00:00,236.6,50.2,236.6,50.2,228.9,50.2,4.9,1120.0,910.0,81.0,37.0,83.9,100.0,7735
2025-01-22T11:38:57.000000+00:00,235.9,50.1,236.3,50.1,228.9,50.1,4.7,1080.0,850.0,79.0,36.0,84.0,100.0,7837
2025-01-22T11:39:57.000000+00:00,235.0,50.0,235.0,50.0,228.9,50.0,4.8,1110.0,880.0,79.0,37.0,83.9,100.0,7443
2025-01-22T11:40:57.000000+00:00,235.2,50.0,235.2,50.0,228.9,50.0,4.8,1100.0,870.0,79.0,37.0,84.1,100.0,7350
2025-01-22T11:41:57.000000+00:00,235.0,50.0,235.6,50.0,228.9,50.0,4.8,1100.0,870.0,79.0,37.0,84.1,100.0,7443
2025-01-22T11:42:57.000000+00:00,234.9,50.0,234.9,50.0,228.9,50.0,4.8,1100.0,880.0,80.0,37.0,83.8,100.0,7443
2025-01-22T11:43:57.000000+00:00,235.5,50.1,235.5,50.1,228.9,50.1,4.7,1080.0,850.0,79.0,37.0,83.8,100.0,7837
2025-01-22T11:44:57.000000+00:00,235.3,50.0,235.2,50.0,228.9,50.0,4.9,1110.0,890.0,80.0,37.0,83.8,100.0,7443
2025-01-22T11:45:57.000000+00:00,235.6,50.0,235.2,50.0,228.9,50.0,4.9,1120.0,900.0,80.0,37.0,83.8,100.0,7443
2025-01-22T11:46:57.000000+00:00,236.1,50.0,235.1,50.1,228.9,50.1,4.8,1090.0,860.0,79.0,37.0,83.8,100.0,7837
2025-01-22T11:47:57.000000+00:00,235.7,50.0,235.7,50.0,228.9,50.0,4.8,1100.0,880.0,80.0,37.0,83.7,100.0,7635
2025-01-22T11:48:57.000000+00:00,235.2,50.0,236.2,50.0,228.9,50.0,4.8,1090.0,860.0,79.0,36.0,83.7,100.0,7635
2025-01-22T11:49:57.000000+00:00,234.3,50.1,234.3,50.1,228.9,50.1,4.8,1100.0,880.0,80.0,36.0,83.7,100.0,7635
2025-01-22T11:50:57.000000+00:00,235.4,50.0,234.8,50.0,228.9,50.0,4.9,1120.0,900.0,80.0,37.0,83.6,100.0,7635
2025-01-22T11:51:57.000000+00:00,236.1,50.0,235.8,50.0,228.9,50.0,4.8,1100.0,870.0,79.0,36.0,83.7,100.0,7259
2025-01-22T11:52:57.000000+00:00,235.0,50.0,235.0,50.0,228.9,50.0,4.8,1110.0,880.0,79.0,37.0,83.7,100.0,7635
2025-01-22T11:53:57.000000+00:00,235.3,50.0,235.3,50.0,228.9,50.0,4.8,1100.0,880.0,80.0,37.0,83.6,100.0,7635
2025-01-22T11:54:57.000000+00:00,234.5,50.2,235.5,50.2,228.9,50.2,4.8,1100.0,880.0,80.0,36.0,83.6,100.0,7635
2025-01-22T11:55:57.000000+00:00,235.5,50.2,235.6,50.2,228.9,50.2,4.8,1090.0,880.0,81.0,36.0,83.6,100.0,7635
2025-01-22T11:56:57.000000+00:00,235.3,50.2,235.8,50.2,228.9,50.2,4.8,1090.0,870.0,80.0,36.0,83.6,100.0,7635
2025-01-22T11:57:57.000000+00:00,236.6,50.2,237.0,50.2,228.9,50.2,4.8,1100.0,890.0,81.0,36.0,83.6,100.0,7635
2025-01-22T11:58:57.000000+00:00,235.1,50.2,235.1,50.2,228.9,50.2,4.7,1080.0,850.0,79.0,36.0,83.6,100.0,7635
2025-01-22T11:59:57.000000+00:00,235.5,50.1,235.5,50.1,228.9,50.1,4.8,1100.0,880.0,80.0,37.0,83.6,100.0,7635
2025-01-22T12:00:57.000000+00:00,234.7,50.0,235.3,50.0,228.9,50.0,4.8,1090.0,870.0,80.0,37.0,83.6,100.0,7635
2025-01-22T12:01:57.000000+00:00,234.8,50.0,234.8,50.0,228.9,50.0,4.8,1100.0,870.0,79.0,37.0,83.6,100.0,7635
2025-01-22T12:02:57.000000+00:00,235.5,50.0,235.6,50.0,228.9,50.0,4.8,1110.0,880.0,79.0,37.0,83.6,100.0,7635
2025-01-22T12:03:57.000000+00:00,235.1,49.9,235.2,49.9,228.9,49.9,4.8,1110.0,870.0,78.0,37.0,83.6,100.0,7837
2025-01-22T12:04:57.000000+00:00,235.6,50.0,235.2,50.0,228.9,50.0,4.8,1110.0,880.0,79.0,37.0,83.6,100.0,7443
2025-01-22T12:05:57.000000+00:00,235.3,49.9,234.4,49.9,228.9,49.9,4.9,1120.0,890.0,79.0,37.0,83.6,100.0,7443
2025-01-22T12:06:58.000000+00:00,235.0,50.0,235.0,50.0,228.9,50.0,4.7,1080.0,850.0,79.0,36.0,83.6,100.0,7837
2025-01-22T12:07:58.000000+00:00,234.8,50.0,234.6,50.0,228.9,50.0,4.9,1120.0,890.0,79.0,37.0,83.9,100.0,7443
2025-01-22T12:08:58.000000+00:00,234.6,50.0,234.2,49.9,228.9,49.9,4.8,1090.0,850.0,78.0,37.0,83.8,100.0,7837
2025-01-22T12:09:58.000000+00:00,234.8,50.1,234.8,50.1,228.9,50.1,4.8,1100.0,870.0,79.0,36.0,84.0,100.0,7350
2025-01-22T12:10:58.000000+00:00,234.4,50.0,234.4,50.0,228.9,50.0,4.9,1120.0,900.0,80.0,37.0,84.1,100.0,7350
2025-01-22T12:11:58.000000+00:00,234.9,50.1,234.9,50.1,228.9,50.1,4.8,1090.0,870.0,80.0,36.0,83.9,100.0,7443
2025-01-22T12:12:58.000000+00:00,235.3,50.1,235.3,50.1,228.9,50.1,4.8,1100.0,870.0,79.0,37.0,84.0,100.0,7443
2025-01-22T12:13:58.000000+00:00,235.5,50.1,235.5,50.1,228.9,50.1,4.7,1080.0,850.0,79.0,36.0,83.9,100.0,7837
2025-01-22T12:14:58.000000+00:00,234.8,50.0,234.8,50.0,228.9,50.0,4.8,1100.0,880.0,80.0,37.0,83.9,100.0,7350
2025-01-22T12:15:58.000000+00:00,234.8,50.1,234.8,50.1,228.9,50.1,4.8,1100.0,870.0,79.0,37.0,83.8,100.0,7350
2025-01-22T12:16:58.000000+00:00,234.0,50.0,233.5,50.0,228.9,50.0,4.7,1080.0,850.0,79.0,36.0,83.8,100.0,7735
2025-01-22T12:17:58.000000+00:00,234.7,50.1,234.7,50.1,228.9,50.1,4.8,1090.0,870.0,80.0,37.0,83.7,100.0,7350
2025-01-22T12:18:58.000000+00:00,234.3,50.1,234.3,50.1,228.9,50.1,4.8,1090.0,870.0,80.0,37.0,83.7,100.0,7735
2025-01-22T12:19:58.000000+00:00,233.7,50.1,233.6,50.1,228.9,50.1,4.7,1080.0,850.0,79.0,36.0,83.7,100.0,7735
2025-01-22T12:20:58.000000+00:00,234.2,50.1,234.2,50.1,228.9,50.1,4.8,1090.0,860.0,79.0,36.0,83.6,100.0,7350
2025-01-22T12:21:58.000000+00:00,234.7,50.0,234.7,50.0,228.9,50.0,4.8,1100.0,870.0,79.0,37.0,83.7,100.0,7443
2025-01-22T12:22:58.000000+00:00,233.4,50.0,234.5,50.0,228.9,50.0,4.8,1100.0,870.0,79.0,37.0,83.7,100.0,7443
2025-01-22T12:23:58.000000+00:00,233.5,50.1,234.4,50.1,228.9,50.1,4.8,1100.0,870.0,79.0,37.0,83.7,100.0,7837
2025-01-22T12:24:58.000000+00:00,234.1,49.9,234.1,49.9,228.9,49.9,4.8,1110.0,880.0,79.0,37.0,83.6,100.0,7443
2025-01-22T12:25:58.000000+00:00,234.3,50.0,234.3,50.0,228.9,50.0,4.8,1100.0,880.0,80.0,37.0,83.7,100.0,7443
2025-01-22T12:26:58.000000+00:00,234.1,50.0,233.5,49.9,228.9,49.9,4.8,1100.0,870.0,79.0,37.0,83.7,100.0,7837
2025-01-22T12:27:58.000000+00:00,233.9,50.0,233.9,50.0,228.9,50.0,4.9,1120.0,890.0,79.0,37.0,83.6,100.0,7443
2025-01-22T12:28:58.000000+00:00,234.5,50.0,233.5,50.0,228.9,50.0,4.7,1080.0,850.0,79.0,36.0,83.6,100.0,7837
2025-01-22T12:29:58.000000+00:00,234.3,50.1,233.8,50.1,228.9,50.1,4.8,1100.0,880.0,80.0,37.0,83.6,100.0,7443
2025-01-22T12:30:58.000000+00:00,234.9,50.2,235.4,50.2,228.9,50.2,4.7,1090.0,860.0,79.0,36.0,83.6,100.0,7837
2025-01-22T12:31:58.000000+00:00,234.4,50.2,234.9,50.2,228.9,50.2,4.8,1090.0,870.0,80.0,36.0,83.6,100.0,7443
2025-01-22T12:32:58.000000+00:00,235.1,50.3,235.5,50.3,228.9,50.3,4.8,1080.0,870.0,81.0,36.0,83.6,100.0,7538
2025-01-22T12:33:58.000000+00:00,235.3,50.2,235.3,50.2,228.9,50.2,4.7,1080.0,850.0,79.0,36.0,83.8,100.0,7941
2025-01-22T12:34:58.000000+00:00,235.0,50.2,235.0,50.3,228.9,50.3,4.7,1080.0,850.0,79.0,36.0,83.9,100.0,7538
2025-01-22T12:35:58.000000+00:00,236.9,50.2,236.9,50.3,228.9,50.2,4.8,1090.0,870.0,80.0,36.0,84.0,100.0,7443
2025-01-22T12:36:58.000000+00:00,236.5,50.3,236.5,50.3,228.9,50.3,4.7,1070.0,840.0,79.0,36.0,84.1,100.0,7837
2025-01-22T12:37:58.000000+00:00,235.4,50.2,235.4,50.2,228.9,50.2,4.8,1100.0,880.0,80.0,37.0,84.1,100.0,7443
2025-01-22T12:38:58.000000+00:00,235.1,50.2,235.0,50.2,228.9,50.2,4.7,1080.0,860.0,80.0,36.0,84.1,100.0,7837
2025-01-22T12:39:58.000000+00:00,235.5,50.2,235.5,50.2,228.9,50.2,4.8,1100.0,870.0,79.0,37.0,84.0,100.0,7443
2025-01-22T12:40:58.000000+00:00,235.7,50.1,235.7,50.1,228.9,50.1,4.8,1090.0,870.0,80.0,37.0,83.9,100.0,7350
2025-01-22T12:41:58.000000+00:00,236.8,50.2,235.8,50.2,228.9,50.2,4.8,1090.0,870.0,80.0,36.0,83.8,100.0,7735
2025-01-22T12:42:58.000000+00:00,235.8,50.1,236.3,50.1,228.9,50.1,4.8,1100.0,870.0,79.0,36.0,83.7,100.0,7735
2025-01-22T12:43:58.000000+00:00,235.6,50.1,235.6,50.1,228.9,50.1,4.8,1100.0,870.0,79.0,36.0,83.8,100.0,7735
2025-01-22T12:44:58.000000+00:00,236.1,50.1,235.6,50.1,228.9,50.1,4.8,1100.0,870.0,79.0,36.0,83.8,100.0,7350
2025-01-22T12:45:58.000000+00:00,236.0,50.1,236.0,50.1,228.9,50.1,4.9,1120.0,900.0,80.0,37.0,83.7,100.0,7735
2025-01-22T12:46:58.000000+00:00,236.8,50.1,236.5,50.1,228.9,50.1,4.8,1100.0,870.0,79.0,36.0,83.7,100.0,7837
2025-01-22T12:47:58.000000+00:00,235.5,50.0,235.5,50.0,228.9,50.0,4.8,1100.0,870.0,79.0,37.0,83.7,100.0,7443
2025-01-22T12:48:58.000000+00:00,236.0,50.0,236.0,50.0,228.9,50.0,4.8,1090.0,860.0,79.0,36.0,83.7,100.0,7837
2025-01-22T12:49:58.000000+00:00,236.1,50.0,236.1,50.0,228.9,50.0,4.8,1100.0,870.0,79.0,37.0,83.7,100.0,7443
2025-01-22T12:50:58.000000+00:00,235.4,50.1,235.4,50.1,228.9,50.1,4.8,1100.0,870.0,79.0,37.0,83.7,100.0,7443
2025-01-22T12:51:58.000000+00:00,235.7,50.1,235.1,50.1,228.9,50.1,4.8,1100.0,870.0,79.0,37.0,83.7,100.0,7350
2025-01-22T12:52:58.000000+00:00,236.2,50.0,236.2,50.0,228.9,50.0,4.8,1110.0,880.0,79.0,37.0,83.7,100.0,7350
2025-01-22T12:53:58.000000+00:00,235.4,50.0,235.4,50.0,228.9,50.0,4.7,1080.0,850.0,79.0,37.0,83.7,100.0,7837
2025-01-22T12:54:58.000000+00:00,235.4,50.0,234.9,50.0,228.9,50.0,4.8,1100.0,870.0,80.0,36.0,83.6,100.0,7443
2025-01-22T12:55:58.000000+00:00,235.2,50.0,235.2,50.0,228.9,50.0,4.8,1110.0,890.0,80.0,37.0,83.6,100.0,7443
2025-01-22T12:56:58.000000+00:00,236.1,50.1,235.6,50.1,228.9,50.1,4.7,1080.0,850.0,79.0,36.0,83.6,100.0,7837
2025-01-22T12:57:58.000000+00:00,237.3,50.1,237.3,50.1,228.9,50.1,4.8,1090.0,870.0,80.0,37.0,83.7,100.0,7443
2025-01-22T12:58:58.000000+00:00,236.2,50.0,237.3,50.0,228.9,50.0,4.7,1080.0,850.0,79.0,36.0,83.6,100.0,7837
2025-01-22T12:59:58.000000+00:00,236.8,50.0,236.8,50.0,228.9,50.0,4.8,1110.0,880.0,79.0,37.0,83.7,100.0,7443
2025-01-22T13:00:58.000000+00:00,235.7,49.9,236.6,49.9,228.9,49.9,4.9,1120.0,890.0,79.0,37.0,83.6,100.0,7837
2025-01-22T13:01:58.000000+00:00,236.1,49.9,236.1,49.9,228.9,49.9,4.8,1100.0,870.0,79.0,37.0,83.7,100.0,7443
2025-01-22T13:02:58.000000+00:00,235.8,49.9,235.8,49.9,228.9,49.9,4.8,1100.0,870.0,79.0,37.0,83.9,100.0,7443
2025-01-22T13:03:58.000000+00:00,235.5,50.1,235.5,50.1,228.9,50.1,4.8,1090.0,860.0,79.0,37.0,84.0,100.0,7837
2025-01-22T13:04:58.000000+00:00,235.2,50.1,236.4,50.1,228.9,50.1,4.8,1100.0,870.0,79.0,36.0,84.0,100.0,7443
2025-01-22T13:05:58.000000+00:00,235.4,50.0,236.1,50.0,228.9,50.0,4.9,1120.0,890.0,79.0,37.0,84.0,100.0,7350
2025-01-22T13:06:58.000000+00:00,234.5,50.0,234.5,50.0,228.9,50.0,4.8,1100.0,880.0,80.0,37.0,84.1,100.0,7837
2025-01-22T13:07:58.000000+00:00,234.4,50.1,234.9,50.1,228.9,50.1,4.8,1090.0,870.0,80.0,37.0,84.1,100.0,7350
2025-01-22T13:08:58.000000+00:00,235.4,50.1,235.1,50.1,228.9,50.1,4.7,1080.0,850.0,79.0,36.0,84.0,100.0,7735
2025-01-22T13:09:59.000000+00:00,235.1,50.2,236.0,50.2,228.9,50.2,4.8,1090.0,870.0,80.0,36.0,83.9,100.0,7350
2025-01-22T13:10:59.000000+00:00,235.1,50.2,235.6,50.2,228.9,50.2,4.8,1090.0,880.0,81.0,37.0,83.9,100.0,7350
2025-01-22T13:11:59.000000+00:00,234.9,50.2,235.3,50.2,228.9,50.2,4.8,1090.0,870.0,80.0,36.0,83.9,100.0,7350
2025-01-22T13:12:59.000000+00:00,236.3,50.1,236.2,50.1,228.9,50.1,4.8,1090.0,870.0,80.0,37.0,83.7,100.0,7443
2025-01-22T13:13:59.000000+00:00,236.7,50.2,236.7,50.2,228.9,50.2,4.7,1080.0,850.0,79.0,36.0,83.8,100.0,7837
2025-01-22T13:14:59.000000+00:00,236.5,50.1,236.6,50.1,228.9,50.1,4.8,1100.0,880.0,80.0,37.0,83.7,100.0,7350
2025-01-22T13:15:59.000000+00:00,237.5,50.1,236.9,50.1,228.9,50.1,4.8,1100.0,870.0,79.0,37.0,83.7,100.0,7350
2025-01-22T13:16:59.000000+00:00,236.6,50.1,237.1,50.1,228.9,50.1,4.7,1090.0,860.0,79.0,36.0,83.7,100.0,7837
2025-01-22T13:17:59.000000+00:00,236.2,50.1,236.3,50.1,228.9,50.1,4.9,1110.0,900.0,81.0,36.0,83.7,100.0,7350
2025-01-22T13:18:59.000000+00:00,236.6,50.1,236.6,50.1,228.9,50.1,4.7,1080.0,850.0,79.0,36.0,83.7,100.0,7837
2025-01-22T13:19:59.000000+00:00,236.5,50.1,236.5,50.1,228.9,50.1,4.8,1100.0,870.0,79.0,36.0,83.7,100.0,7443
2025-01-22T13:20:59.000000+00:00,235.7,50.1,235.7,50.1,228.9,50.2,4.8,1090.0,860.0,79.0,37.0,83.7,100.0,7443
2025-01-22T13:21:59.000000+00:00,235.0,50.2,236.0,50.2,228.9,50.2,4.8,1090.0,870.0,80.0,36.0,83.6,100.0,7443
2025-01-22T13:22:59.000000+00:00,236.3,50.2,235.3,50.2,228.9,50.2,4.8,1090.0,870.0,80.0,37.0,83.7,100.0,7538
2025-01-22T13:23:59.000000+00:00,235.8,50.1,235.9,50.1,228.9,50.1,4.8,1090.0,870.0,80.0,36.0,83.6,100.0,7538
2025-01-22T13:24:59.000000+00:00,236.8,50.1,236.8,50.1,228.9,50.1,4.7,1080.0,850.0,79.0,36.0,83.7,100.0,7538
2025-01-22T13:25:59.000000+00:00,236.7,50.0,235.7,50.0,228.9,50.0,4.9,1110.0,890.0,80.0,37.0,83.7,100.0,7538
2025-01-22T13:26:59.000000+00:00,237.4,50.1,237.5,50.1,228.9,50.1,4.8,1090.0,860.0,79.0,36.0,83.6,100.0,7538
2025-01-22T13:27:59.000000+00:00,237.1,50.1,237.1,50.1,228.9,50.1,4.8,1110.0,890.0,80.0,37.0,83.7,100.0,7538
2025-01-22T13:28:59.000000+00:00,236.7,50.2,236.7,50.2,228.9,50.2,4.7,1070.0,840.0,79.0,36.0,83.7,100.0,7538
2025-01-22T13:29:59.000000+00:00,237.0,50.1,237.0,50.1,228.9,50.1,4.8,1100.0,880.0,80.0,37.0,83.6,100.0,7538
2025-01-22T13:30:59.000000+00:00,237.3,50.1,237.3,50.1,228.9,50.1,4.8,1090.0,870.0,80.0,37.0,83.8,100.0,7538
2025-01-22T13:31:59.000000+00:00,236.4,50.0,236.4,50.0,228.9,50.0,4.8,1090.0,860.0,79.0,37.0,84.0,100.0,7538
2025-01-22T13:32:59.000000+00:00,235.8,50.0,235.7,50.0,229.0,50.0,4.8,1110.0,880.0,79.0,37.0,83.9,100.0,7538
2025-01-22T13:33:59.000000+00:00,236.9,49.9,236.0,49.9,228.9,49.9,4.8,1100.0,870.0,79.0,37.0,84.0,100.0,7538
2025-01-22T13:34:59.000000+00:00,236.8,50.1,236.8,50.1,228.9,50.1,4.8,1110.0,890.0,80.0,37.0,84.2,100.0,7538
2025-01-22T13:35:59.000000+00:00,236.7,50.0,236.7,50.0,228.9,50.0,4.8,1100.0,870.0,79.0,37.0,84.1,100.0,7538
2025-01-22T13:36:59.000000+00:00,236.1,50.0,236.1,50.0,228.9,50.0,4.8,1090.0,860.0,79.0,37.0,84.1,100.0,7538
2025-01-22T13:37:59.000000+00:00,236.3,50.0,236.3,50.0,228.9,50.0,4.9,1120.0,890.0,79.0,37.0,84.0,100.0,7538
2025-01-22T13:38:59.000000+00:00,236.1,50.1,236.5,50.1,228.9,50.1,4.8,1100.0,880.0,80.0,36.0,83.8,100.0,7538
2025-01-22T13:39:59.000000+00:00,235.6,50.1,236.0,50.1,228.9,50.1,4.8,1100.0,880.0,80.0,36.0,83.9,100.0,7538
2025-01-22T13:40:59.000000+00:00,235.6,50.0,235.1,50.0,228.9,50.0,4.9,1120.0,900.0,80.0,37.0,83.8,100.0,7538
2025-01-22T13:41:59.000000+00:00,236.1,50.1,236.1,50.1,228.9,50.1,4.8,1100.0,870.0,79.0,37.0,83.8,100.0,7538
2025-01-22T13:42:59.000000+00:00,235.3,50.1,235.2,50.1,228.9,50.1,4.8,1100.0,880.0,80.0,37.0,83.8,100.0,7538
2025-01-22T13:43:59.000000+00:00,236.1,50.1,236.2,50.1,228.9,50.1,4.7,1080.0,850.0,79.0,36.0,83.8,100.0,7538
2025-01-22T13:44:59.000000+00:00,235.6,50.1,234.8,50.1,228.9,50.1,4.8,1110.0,880.0,79.0,37.0,83.7,100.0,7538
2025-01-22T13:45:59.000000+00:00,235.7,50.1,235.7,50.1,228.9,50.1,4.8,1090.0,870.0,80.0,37.0,83.7,100.0,7538
2025-01-22T13:46:59.000000+00:00,235.1,50.0,235.1,50.0,228.9,50.0,4.7,1080.0,850.0,79.0,36.0,83.7,100.0,7538
2025-01-22T13:47:59.000000+00:00,235.6,49.9,235.5,49.9,228.9,49.9,4.9,1110.0,880.0,79.0,37.0,83.7,100.0,7538
2025-01-22T13:48:59.000000+00:00,235.8,49.9,235.4,49.9,228.9,49.9,4.8,1100.0,870.0,79.0,37.0,83.7,100.0,7538
2025-01-22T13:49:59.000000+00:00,234.5,49.5,234.5,49.5,228.9,49.5,4.9,1120.0,880.0,79.0,37.0,83.7,100.0,7538
2025-01-22T13:50:59.000000+00:00,238.5,50.3,239.0,50.3,228.9,50.3,4.7,1090.0,870.0,80.0,36.0,83.7,100.0,7443
2025-01-22T13:51:59.000000+00:00,238.4,50.2,238.5,50.3,228.9,50.3,4.8,1090.0,870.0,80.0,36.0,83.7,100.0,7443
2025-01-22T13:52:59.000000+00:00,238.1,50.3,238.2,50.3,228.9,50.3,4.8,1100.0,880.0,80.0,37.0,83.7,100.0,7735
2025-01-22T13:53:59.000000+00:00,239.2,50.4,239.2,50.4,228.9,50.4,4.7,1080.0,870.0,81.0,36.0,83.6,100.0,7735
2025-01-22T13:54:59.000000+00:00,238.0,50.4,238.0,50.4,228.9,50.4,4.7,1080.0,860.0,80.0,36.0,83.7,100.0,7735
2025-01-22T13:55:59.000000+00:00,237.9,50.3,237.9,50.3,228.9,50.3,4.7,1080.0,860.0,80.0,36.0,83.6,100.0,7735
2025-01-22T13:56:59.000000+00:00,238.3,50.4,238.4,50.4,228.9,50.4,4.7,1080.0,860.0,80.0,36.0,83.6,100.0,7735
2025-01-22T13:57:59.000000+00:00,238.5,50.4,238.6,50.4,228.9,50.4,4.8,1100.0,890.0,81.0,37.0,83.6,100.0,7735
2025-01-22T13:58:59.000000+00:00,238.8,50.3,238.3,50.3,228.9,50.3,4.7,1080.0,860.0,80.0,36.0,83.6,100.0,7735
2025-01-22T13:59:59.000000+00:00,237.8,50.3,237.6,50.3,228.9,50.3,4.8,1100.0,880.0,80.0,37.0,83.6,100.0,7735
2025-01-22T14:00:59.000000+00:00,238.7,50.2,238.7,50.2,228.9,50.2,4.8,1090.0,870.0,80.0,36.0,83.9,100.0,7350
2025-01-22T14:01:59.000000+00:00,236.9,50.0,236.9,50.0,228.9,50.0,4.8,1100.0,870.0,79.0,37.0,83.9,100.0,7443
2025-01-22T14:02:59.000000+00:00,237.8,50.2,237.8,50.2,228.9,50.2,4.8,1090.0,870.0,80.0,37.0,84.1,100.0,7443
2025-01-22T14:03:59.000000+00:00,237.3,50.1,237.8,50.2,228.9,50.2,4.7,1080.0,850.0,79.0,36.0,84.0,100.0,7837
2025-01-22T14:04:59.000000+00:00,238.3,50.0,238.0,50.0,228.9,50.0,4.8,1100.0,870.0,79.0,37.0,84.1,100.0,7350
2025-01-22T14:05:59.000000+00:00,237.6,50.0,238.5,50.0,228.9,50.0,4.8,1100.0,880.0,80.0,37.0,84.1,100.0,7443
2025-01-22T14:06:59.000000+00:00,238.5,50.2,238.5,50.2,228.9,50.2,4.7,1080.0,850.0,79.0,36.0,84.0,100.0,7443
2025-01-22T14:07:59.000000+00:00,238.5,50.2,238.5,50.2,228.9,50.2,4.8,1100.0,890.0,81.0,37.0,83.9,100.0,7443
2025-01-22T14:08:59.000000+00:00,238.5,50.1,238.5,50.1,229.0,50.1,4.8,1100.0,870.0,79.0,36.0,83.9,100.0,7837
2025-01-22T14:09:59.000000+00:00,238.7,50.2,238.5,50.2,228.9,50.2,4.7,1070.0,840.0,79.0,36.0,83.8,100.0,7443
2025-01-22T14:10:59.000000+00:00,237.9,50.0,237.9,50.0,229.0,50.0,4.8,1100.0,870.0,79.0,37.0,83.8,100.0,7350
2025-01-22T14:11:59.000000+00:00,238.4,50.3,238.4,50.3,228.9,50.3,4.8,1090.0,870.0,80.0,36.0,83.8,100.0,7443
2025-01-22T14:12:59.000000+00:00,238.1,50.2,238.1,50.3,228.9,50.3,4.8,1090.0,870.0,80.0,36.0,83.7,100.0,7443
2025-01-22T14:14:00.000000+00:00,238.4,50.0,238.4,50.0,228.9,50.0,4.8,1100.0,880.0,80.0,37.0,83.7,100.0,7443
2025-01-22T14:15:00.000000+00:00,238.1,49.9,238.1,49.9,228.9,49.9,4.9,1120.0,890.0,79.0,37.0,83.7,100.0,7443
2025-01-22T14:16:00.000000+00:00,237.0,49.9,237.0,49.9,228.9,49.9,4.9,1120.0,900.0,80.0,37.0,83.7,100.0,7443
2025-01-22T14:17:00.000000+00:00,237.0,50.1,237.6,50.1,228.9,50.1,4.8,1090.0,870.0,80.0,36.0,83.7,100.0,7837
2025-01-22T14:18:00.000000+00:00,236.9,50.1,237.5,50.1,228.9,50.1,4.8,1110.0,880.0,79.0,37.0,83.7,100.0,7350
2025-01-22T14:19:00.000000+00:00,236.4,50.0,236.4,50.0,228.9,50.0,4.8,1100.0,870.0,79.0,37.0,83.7,100.0,7735
2025-01-22T14:20:00.000000+00:00,236.2,49.8,235.6,49.8,228.9,49.8,4.9,1110.0,880.0,79.0,38.0,83.7,100.0,7350
2025-01-22T14:21:00.000000+00:00,236.4,50.0,236.4,50.0,228.9,50.0,4.8,1100.0,870.0,79.0,37.0,83.7,100.0,7443
2025-01-22T14:22:00.000000+00:00,237.1,49.9,236.1,49.9,228.9,49.9,4.8,1100.0,870.0,79.0,37.0,83.7,100.0,7443
2025-01-22T14:23:00.000000+00:00,236.7,49.9,236.7,49.9,228.9,49.9,4.8,1110.0,880.0,79.0,37.0,83.6,100.0,7443
2025-01-22T14:24:00.000000+00:00,236.4,50.0,236.3,50.0,228.9,50.0,4.7,1090.0,850.0,78.0,36.0,83.7,100.0,7837
2025-01-22T14:25:00.000000+00:00,236.7,49.8,236.7,49.8,228.9,49.8,4.8,1110.0,870.0,78.0,37.0,83.6,100.0,7443
2025-01-22T14:26:00.000000+00:00,236.0,49.8,236.4,49.8,228.9,49.8,4.9,1110.0,880.0,79.0,37.0,83.6,100.0,7837
2025-01-22T14:27:00.000000+00:00,237.2,50.4,237.8,50.4,228.9,50.4,4.6,1060.0,840.0,79.0,36.0,83.7,100.0,7443
2025-01-22T14:28:00.000000+00:00,237.2,50.4,237.8,50.4,228.9,50.4,4.8,1100.0,890.0,81.0,37.0,83.6,100.0,7538
2025-01-22T14:29:00.000000+00:00,237.4,50.3,237.4,50.3,228.9,50.3,4.7,1070.0,840.0,79.0,36.0,83.7,100.0,7538
2025-01-22T14:30:00.000000+00:00,237.6,50.2,236.5,50.2,228.9,50.2,4.8,1110.0,890.0,80.0,37.0,83.6,100.0,7538
2025-01-22T14:31:00.000000+00:00,237.7,50.4,237.8,50.4,228.9,50.4,4.8,1090.0,880.0,81.0,36.0,83.8,100.0,7538
2025-01-22T14:32:00.000000+00:00,237.2,50.3,237.2,50.3,228.9,50.3,4.8,1090.0,870.0,80.0,36.0,84.0,100.0,7538
2025-01-22T14:33:00.000000+00:00,236.9,50.3,237.9,50.3,228.9,50.3,4.7,1080.0,870.0,81.0,36.0,83.9,100.0,7538
2025-01-22T14:34:00.000000+00:00,236.8,50.2,236.8,50.2,228.9,50.2,4.7,1080.0,850.0,79.0,36.0,84.0,100.0,7538
2025-01-22T14:35:00.000000+00:00,237.5,50.1,237.3,50.1,228.9,50.1,4.8,1090.0,870.0,80.0,37.0,84.2,100.0,7538
2025-01-22T14:36:00.000000+00:00,237.0,50.2,237.0,50.2,228.9,50.2,4.8,1090.0,870.0,80.0,36.0,84.1,100.0,7538
2025-01-22T14:37:00.000000+00:00,239.1,50.3,238.6,50.3,228.9,50.3,4.7,1070.0,850.0,79.0,36.0,84.0,100.0,7538
2025-01-22T14:38:00.000000+00:00,237.6,50.2,237.6,50.2,228.9,50.2,4.8,1110.0,890.0,80.0,37.0,84.0,100.0,7538
2025-01-22T14:39:00.000000+00:00,237.9,50.2,237.4,50.2,228.9,50.2,4.7,1080.0,850.0,79.0,36.0,83.9,100.0,7538
2025-01-22T14:40:00.000000+00:00,236.8,49.9,236.8,49.9,229.0,49.9,4.8,1100.0,860.0,78.0,37.0,83.8,100.0,7538
2025-01-22T14:41:00.000000+00:00,237.0,49.9,237.0,49.9,228.9,49.9,4.8,1110.0,880.0,79.0,37.0,83.8,100.0,7538
2025-01-22T14:42:00.000000+00:00,236.0,50.0,236.5,50.0,228.9,50.0,4.8,1100.0,880.0,80.0,37.0,83.8,100.0,7538
2025-01-22T14:43:00.000000+00:00,237.0,50.0,236.9,50.0,228.9,50.0,4.8,1100.0,870.0,79.0,37.0,83.8,100.0,7538
2025-01-22T14:44:00.000000+00:00,237.5,49.7,237.5,49.7,228.9,49.7,4.8,1100.0,860.0,78.0,37.0,83.8,100.0,7538
2025-01-22T14:45:00.000000+00:00,238.0,49.8,238.0,49.8,228.9,49.8,4.9,1130.0,900.0,80.0,37.0,83.7,100.0,7538
2025-01-22T14:46:00.000000+00:00,238.2,50.1,238.3,50.1,228.9,50.1,4.8,1100.0,880.0,80.0,37.0,83.7,100.0,7538
2025-01-22T14:47:00.000000+00:00,239.2,50.1,238.8,50.1,228.9,50.1,4.8,1100.0,880.0,80.0,36.0,83.7,100.0,7538
2025-01-22T14:48:00.000000+00:00,239.0,50.1,240.0,50.1,229.0,50.1,4.8,1110.0,890.0,80.0,37.0,83.6,100.0,7538
2025-01-22T14:49:00.000000+00:00,239.7,50.0,240.1,50.0,228.9,50.1,4.7,1080.0,850.0,79.0,37.0,83.7,100.0,7538
2025-01-22T14:50:00.000000+00:00,239.7,50.2,239.7,50.2,228.9,50.2,4.8,1090.0,870.0,80.0,36.0,83.7,100.0,7538
2025-01-22T14:51:00.000000+00:00,241.0,50.3,241.0,50.3,228.9,50.3,4.7,1080.0,860.0,80.0,36.0,83.6,100.0,7538
2025-01-22T14:52:00.000000+00:00,240.4,50.3,240.4,50.3,228.9,50.3,4.7,1080.0,860.0,80.0,36.0,83.8,100.0,7350
2025-01-22T14:53:00.000000+00:00,240.2,50.1,239.8,50.1,228.9,50.1,4.8,1100.0,880.0,80.0,37.0,84.0,100.0,7735
2025-01-22T14:54:00.000000+00:00,240.1,50.2,240.1,50.2,228.9,50.2,4.8,1090.0,870.0,80.0,36.0,83.9,100.0,7635
2025-01-22T14:55:00.000000+00:00,240.6,50.2,240.1,50.2,228.9,50.2,4.8,1090.0,870.0,80.0,36.0,84.1,100.0,7635
2025-01-22T14:56:00.000000+00:00,240.4,50.2,240.4,50.2,228.9,50.2,4.8,1090.0,870.0,80.0,36.0,84.2,100.0,7635
2025-01-22T14:57:00.000000+00:00,240.6,50.2,240.6,50.2,229.0,50.2,4.7,1080.0,860.0,80.0,36.0,84.1,100.0,7538
2025-01-22T14:58:00.000000+00:00,239.9,50.1,239.9,50.1,228.9,50.1,4.8,1110.0,890.0,80.0,37.0,84.1,100.0,7538
2025-01-22T14:59:00.000000+00:00,240.1,50.3,240.6,50.3,228.9,50.3,4.8,1090.0,870.0,80.0,36.0,83.9,100.0,7538
2025-01-22T15:00:00.000000+00:00,240.5,50.3,240.5,50.3,228.9,50.3,4.8,1100.0,890.0,81.0,37.0,83.9,100.0,7538
2025-01-22T15:01:00.000000+00:00,240.1,50.3,240.1,50.3,228.9,50.3,4.8,1100.0,890.0,81.0,36.0,83.9,100.0,7735
2025-01-22T15:02:00.000000+00:00,240.8,50.4,240.8,50.4,228.9,50.4,4.7,1090.0,870.0,80.0,36.0,83.8,100.0,7443
2025-01-22T15:03:00.000000+00:00,241.9,50.3,240.8,50.3,228.9,50.3,4.8,1090.0,870.0,80.0,36.0,83.8,100.0,7443
2025-01-22T15:04:00.000000+00:00,240.2,50.2,240.2,50.2,228.9,50.2,4.7,1080.0,850.0,79.0,36.0,83.8,100.0,7837
2025-01-22T15:05:00.000000+00:00,240.1,50.1,240.2,50.1,228.9,50.1,4.8,1090.0,870.0,80.0,37.0,83.8,100.0,7350
2025-01-22T15:06:00.000000+00:00,240.6,50.1,240.6,50.1,228.9,50.1,4.8,1100.0,870.0,79.0,37.0,83.8,100.0,7735
2025-01-22T15:07:00.000000+00:00,239.5,50.1,239.5,50.1,228.9,50.1,4.7,1070.0,840.0,79.0,36.0,83.7,100.0,7350
2025-01-22T15:08:00.000000+00:00,241.5,50.3,241.0,50.3,228.9,50.3,4.8,1100.0,880.0,80.0,37.0,83.7,100.0,7443
2025-01-22T15:09:00.000000+00:00,237.0,50.2,237.2,50.2,228.9,50.2,4.7,1080.0,850.0,79.0,36.0,83.7,100.0,7837
2025-01-22T15:10:00.000000+00:00,236.6,50.1,236.0,50.1,228.9,50.1,4.9,1110.0,900.0,81.0,37.0,83.7,100.0,7443
2025-01-22T15:11:00.000000+00:00,237.3,50.2,237.2,50.2,228.9,50.2,4.8,1110.0,890.0,80.0,37.0,83.7,100.0,7443
2025-01-22T15:12:00.000000+00:00,237.0,50.2,237.0,50.2,228.9,50.2,4.8,1090.0,870.0,80.0,36.0,83.7,100.0,7443
2025-01-22T15:13:00.000000+00:00,237.2,50.2,237.2,50.2,228.9,50.1,4.8,1090.0,870.0,80.0,37.0,84.0,100.0,7443
2025-01-22T15:14:00.000000+00:00,236.2,50.1,236.2,50.1,228.9,50.1,4.8,1080.0,860.0,80.0,36.0,83.9,100.0,7837
2025-01-22T15:15:00.000000+00:00,235.6,50.1,235.6,50.1,228.9,50.1,4.8,1090.0,870.0,80.0,37.0,84.1,100.0,7443
2025-01-22T15:16:00.000000+00:00,235.0,50.0,235.0,50.0,228.9,50.0,4.7,1080.0,850.0,79.0,37.0,84.2,100.0,7837
2025-01-22T15:17:00.000000+00:00,234.9,50.0,235.9,50.0,228.9,50.0,4.8,1100.0,870.0,79.0,36.0,84.1,100.0,7443
2025-01-22T15:18:00.000000+00:00,234.9,50.0,235.1,50.0,228.9,50.0,4.8,1110.0,880.0,79.0,37.0,84.1,100.0,7443
2025-01-22T15:19:00.000000+00:00,235.5,50.2,235.5,50.2,228.9,50.2,4.8,1090.0,870.0,80.0,37.0,84.0,100.0,7837
2025-01-22T15:20:00.000000+00:00,236.0,50.2,235.0,50.2,228.9,50.2,4.8,1090.0,870.0,80.0,36.0,83.9,100.0,7443
2025-01-22T15:21:00.000000+00:00,235.4,50.3,236.0,50.3,228.9,50.3,4.8,1090.0,870.0,80.0,36.0,83.9,100.0,7443
2025-01-22T15:22:01.000000+00:00,235.1,50.2,234.2,50.2,228.9,50.2,4.8,1090.0,870.0,80.0,36.0,83.8,100.0,7443
2025-01-22T15:23:01.000000+00:00,235.3,50.2,235.3,50.2,228.9,50.2,4.8,1100.0,880.0,80.0,37.0,83.8,100.0,7538
2025-01-22T15:24:01.000000+00:00,234.7,50.2,235.6,50.2,228.9,50.2,4.7,1080.0,860.0,80.0,36.0,83.8,100.0,7538
2025-01-22T15:25:01.000000+00:00,234.1,50.1,234.0,50.1,228.9,50.1,4.8,1100.0,870.0,79.0,37.0,83.8,100.0,7350
2025-01-22T15:26:01.000000+00:00,235.4,50.1,234.9,50.1,228.9,50.1,4.8,1090.0,870.0,80.0,36.0,83.8,100.0,7735
2025-01-22T15:27:01.000000+00:00,234.7,50.1,235.3,50.1,228.9,50.1,4.8,1100.0,880.0,80.0,37.0,83.7,100.0,7350
2025-01-22T15:28:01.000000+00:00,233.8,50.2,234.2,50.2,228.9,50.2,4.9,1110.0,900.0,81.0,37.0,83.7,100.0,7350
2025-01-22T15:29:01.000000+00:00,234.2,50.1,234.2,50.1,228.9,50.1,4.8,1090.0,870.0,80.0,36.0,83.7,100.0,7735
2025-01-22T15:30:01.000000+00:00,233.7,50.1,233.4,50.1,228.9,50.1,4.9,1110.0,890.0,80.0,37.0,83.7,100.0,7350
2025-01-22T15:31:01.000000+00:00,233.7,50.1,233.7,50.1,228.9,50.1,4.9,1110.0,890.0,80.0,37.0,83.9,100.0,7635
2025-01-22T15:32:01.000000+00:00,235.9,50.2,236.9,50.2,228.9,50.2,4.8,1090.0,870.0,80.0,36.0,84.1,100.0,7443
2025-01-22T15:33:01.000000+00:00,236.4,50.1,236.4,50.1,228.9,50.1,4.8,1090.0,870.0,80.0,37.0,84.1,100.0,7443
2025-01-22T15:34:01.000000+00:00,236.1,50.1,236.1,50.1,228.9,50.1,4.8,1100.0,870.0,79.0,37.0,84.2,100.0,7443
2025-01-22T15:35:01.000000+00:00,235.9,50.1,235.9,50.1,228.9,50.1,4.8,1100.0,870.0,79.0,37.0,84.3,100.0,7837
2025-01-22T15:36:01.000000+00:00,235.0,50.1,235.0,50.1,228.9,50.1,4.8,1100.0,870.0,79.0,37.0,84.2,100.0,7350
2025-01-22T15:37:01.000000+00:00,235.2,50.1,235.2,50.1,228.9,50.1,4.8,1100.0,870.0,79.0,36.0,84.1,100.0,7735
2025-01-22T15:38:01.000000+00:00,235.1,50.1,235.6,50.1,228.9,50.1,4.8,1110.0,880.0,79.0,37.0,84.0,100.0,7350
2025-01-22T15:39:01.000000+00:00,235.8,50.1,235.8,50.1,228.9,50.1,4.9,1120.0,900.0,80.0,37.0,83.9,100.0,7350
2025-01-22T15:40:01.000000+00:00,235.9,50.0,235.4,50.0,228.9,50.0,4.8,1110.0,880.0,79.0,37.0,83.9,100.0,7735
2025-01-22T15:41:01.000000+00:00,236.0,50.0,235.4,50.0,228.9,50.0,4.8,1110.0,880.0,79.0,37.0,83.9,100.0,7350
2025-01-22T15:42:01.000000+00:00,234.2,50.0,234.2,50.0,228.9,50.0,4.8,1100.0,880.0,80.0,37.0,83.8,100.0,7635
2025-01-22T15:43:01.000000+00:00,233.4,50.1,233.5,50.1,228.9,50.1,4.8,1100.0,870.0,79.0,37.0,83.8,100.0,7635
2025-01-22T15:44:01.000000+00:00,235.0,50.1,234.9,50.1,228.9,50.1,4.8,1110.0,890.0,80.0,37.0,83.8,100.0,7635
2025-01-22T15:45:01.000000+00:00,234.4,50.1,234.9,50.1,228.9,50.1,4.8,1100.0,870.0,79.0,37.0,83.8,100.0,7635
2025-01-22T15:46:01.000000+00:00,233.9,50.1,233.9,50.1,228.9,50.1,4.8,1110.0,890.0,80.0,37.0,83.8,100.0,7635
2025-01-22T15:47:01.000000+00:00,233.2,50.1,233.2,50.1,228.9,50.1,4.8,1100.0,870.0,79.0,36.0,83.7,100.0,7635
2025-01-22T15:48:01.000000+00:00,232.8,50.1,232.8,50.1,228.9,50.2,4.8,1100.0,880.0,80.0,37.0,83.8,100.0,7635
2025-01-22T15:49:01.000000+00:00,233.0,50.2,233.0,50.2,228.9,50.2,4.8,1110.0,890.0,80.0,36.0,83.8,100.0,7635
2025-01-22T15:50:01.000000+00:00,236.5,50.3,236.5,50.3,228.9,50.3,4.8,1090.0,870.0,80.0,36.0,83.7,100.0,7635
2025-01-22T15:51:01.000000+00:00,235.7,50.3,235.7,50.3,228.9,50.3,4.8,1110.0,890.0,80.0,36.0,83.8,100.0,7635
2025-01-22T15:52:01.000000+00:00,236.0,50.3,236.0,50.3,228.9,50.3,4.8,1090.0,870.0,80.0,36.0,83.7,100.0,7635
2025-01-22T15:53:01.000000+00:00,236.2,50.3,236.2,50.3,228.9,50.3,4.8,1100.0,880.0,80.0,37.0,83.7,100.0,7635
2025-01-22T15:54:01.000000+00:00,235.2,50.3,234.8,50.3,228.9,50.3,4.8,1090.0,870.0,80.0,37.0,83.7,100.0,7635
2025-01-22T15:55:01.000000+00:00,234.6,50.3,234.6,50.3,228.9,50.3,4.8,1100.0,890.0,81.0,36.0,83.7,100.0,7635
2025-01-22T15:56:01.000000+00:00,234.3,50.3,233.9,50.3,228.9,50.3,4.8,1100.0,890.0,81.0,37.0,83.7,100.0,7635
2025-01-22T15:57:01.000000+00:00,232.0,50.2,232.0,50.2,228.9,50.2,4.7,1070.0,850.0,79.0,36.0,83.7,100.0,7635
2025-01-22T15:58:01.000000+00:00,235.5,50.2,235.5,50.2,228.9,50.2,4.8,1090.0,860.0,79.0,37.0,83.7,100.0,7635
2025-01-22T15:59:01.000000+00:00,233.1,50.2,233.2,50.2,228.9,50.2,4.8,1090.0,870.0,80.0,36.0,83.7,100.0,7635
2025-01-22T16:00:01.000000+00:00,232.7,50.1,232.7,50.1,228.9,50.1,4.8,1090.0,870.0,80.0,36.0,83.7,100.0,7259
2025-01-22T16:01:01.000000+00:00,231.9,50.3,232.0,50.3,228.9,50.3,4.8,1090.0,870.0,80.0,36.0,83.7,100.0,7635
2025-01-22T16:02:01.000000+00:00,231.0,50.1,231.0,50.1,228.9,50.1,4.8,1100.0,870.0,79.0,36.0,83.7,100.0,7635
2025-01-22T16:03:01.000000+00:00,230.3,50.0,230.3,50.0,228.9,50.0,4.8,1100.0,870.0,79.0,37.0,83.7,100.0,7635
2025-01-22T16:04:01.000000+00:00,235.2,50.1,235.0,50.1,228.9,50.1,4.8,1100.0,870.0,79.0,37.0,83.7,100.0,7635
2025-01-22T16:05:01.000000+00:00,234.5,50.2,234.0,50.2,228.9,50.2,4.8,1090.0,870.0,80.0,36.0,83.7,100.0,7635
2025-01-22T16:06:01.000000+00:00,233.5,50.2,233.5,50.2,228.9,50.2,4.8,1110.0,890.0,80.0,37.0,83.7,100.0,7635
2025-01-22T16:07:01.000000+00:00,232.3,50.1,232.2,50.1,228.9,50.2,4.8,1090.0,860.0,79.0,36.0,83.7,100.0,7635
2025-01-22T16:08:01.000000+00:00,231.9,50.0,231.9,50.0,228.9,50.0,4.9,1120.0,910.0,81.0,37.0,83.7,100.0,7635
2025-01-22T16:09:01.000000+00:00,231.6,50.0,232.1,50.0,228.9,50.0,4.9,1120.0,890.0,79.0,37.0,83.7,100.0,7635
2025-01-22T16:10:01.000000+00:00,231.4,50.1,231.7,50.1,228.9,50.1,4.8,1090.0,870.0,80.0,36.0,83.7,100.0,7635
2025-01-22T16:11:01.000000+00:00,230.4,50.0,230.4,50.0,228.9,50.0,4.8,1100.0,870.0,79.0,37.0,83.7,100.0,7635
2025-01-22T16:12:01.000000+00:00,230.1,50.1,229.2,50.1,228.9,50.1,4.8,1100.0,870.0,79.0,37.0,83.7,100.0,7635
2025-01-22T16:13:01.000000+00:00,230.0,50.1,230.0,50.1,228.9,50.1,4.8,1100.0,870.0,79.0,37.0,83.7,100.0,7635
2025-01-22T16:14:01.000000+00:00,228.4,50.0,228.4,50.0,228.9,50.0,4.8,1100.0,870.0,79.0,37.0,83.7,100.0,7635
2025-01-22T16:15:01.000000+00:00,228.1,50.0,228.1,50.0,228.9,50.0,4.8,1100.0,870.0,79.0,37.0,83.7,100.0,7635
2025-01-22T16:16:01.000000+00:00,227.5,50.0,227.5,50.0,228.9,50.0,4.8,1110.0,880.0,79.0,37.0,83.7,100.0,7635
2025-01-22T16:17:01.000000+00:00,227.5,50.1,226.6,50.1,228.9,50.1,4.7,1080.0,850.0,79.0,36.0,84.0,100.0,7635
2025-01-22T16:18:01.000000+00:00,227.4,50.0,227.4,50.0,228.9,50.0,4.9,1110.0,890.0,80.0,37.0,84.0,100.0,7635
2025-01-22T16:19:01.000000+00:00,226.3,49.9,226.8,49.9,228.9,49.9,4.8,1090.0,850.0,78.0,36.0,84.1,100.0,7635
2025-01-22T16:20:01.000000+00:00,226.2,49.9,225.7,49.9,228.9,49.9,4.9,1120.0,900.0,80.0,37.0,84.2,100.0,7635
2025-01-22T16:21:01.000000+00:00,225.0,50.0,224.5,50.0,228.9,50.0,4.8,1110.0,880.0,79.0,37.0,84.3,100.0,7635
2025-01-22T16:22:01.000000+00:00,224.5,49.9,224.5,49.9,228.9,49.9,4.8,1110.0,870.0,78.0,37.0,84.2,100.0,7259
2025-01-22T16:23:01.000000+00:00,224.1,50.0,224.1,50.0,228.9,50.0,4.9,1120.0,890.0,79.0,37.0,84.0,100.0,7635
2025-01-22T16:24:01.000000+00:00,225.5,49.7,224.7,49.7,228.9,49.7,4.9,1130.0,890.0,79.0,38.0,84.0,100.0,7635
2025-01-22T16:25:01.000000+00:00,223.8,49.5,224.7,49.5,228.9,49.5,4.9,1130.0,880.0,78.0,38.0,83.9,100.0,7635
2025-01-22T16:26:01.000000+00:00,224.0,49.7,224.0,49.7,228.9,49.7,4.9,1110.0,870.0,78.0,37.0,83.9,100.0,7635
2025-01-22T16:27:01.000000+00:00,224.2,49.9,223.7,49.9,228.9,49.9,4.8,1100.0,860.0,78.0,37.0,83.9,100.0,7635
2025-01-22T16:28:01.000000+00:00,223.1,50.1,223.1,50.1,228.9,50.1,4.8,1090.0,870.0,80.0,37.0,83.8,100.0,7635
2025-01-22T16:29:02.000000+00:00,223.0,50.1,223.0,50.1,228.9,50.1,4.8,1100.0,870.0,79.0,36.0,83.8,100.0,7635
2025-01-22T16:30:02.000000+00:00,223.3,50.1,223.2,50.1,228.9,50.1,4.8,1100.0,880.0,80.0,36.0,83.8,100.0,7635
2025-01-22T16:31:02.000000+00:00,222.9,50.1,222.9,50.1,228.9,50.1,4.9,1110.0,890.0,80.0,37.0,83.8,100.0,7635
2025-01-22T16:32:02.000000+00:00,222.8,50.3,222.8,50.3,228.9,50.3,4.8,1090.0,870.0,80.0,36.0,83.8,100.0,7635
2025-01-22T16:33:02.000000+00:00,225.1,50.2,226.1,50.2,228.9,50.2,4.8,1090.0,870.0,80.0,36.0,83.8,100.0,7635
2025-01-22T16:34:02.000000+00:00,224.4,50.1,224.4,50.1,228.9,50.1,4.9,1110.0,890.0,80.0,37.0,83.8,100.0,7635
2025-01-22T16:35:02.000000+00:00,222.9,50.1,222.9,50.1,228.9,50.1,4.8,1100.0,870.0,79.0,36.0,83.8,100.0,7635
2025-01-22T16:36:02.000000+00:00,222.9,50.0,223.8,50.0,228.9,50.0,4.8,1110.0,890.0,80.0,37.0,83.8,100.0,7635
2025-01-22T16:37:02.000000+00:00,223.6,50.1,223.6,50.1,228.9,50.1,4.8,1090.0,860.0,79.0,36.0,83.8,100.0,7635
2025-01-22T16:38:02.000000+00:00,223.5,50.1,223.5,50.1,228.9,50.2,4.8,1110.0,890.0,80.0,37.0,83.8,100.0,7635
2025-01-22T16:39:02.000000+00:00,223.8,50.1,224.9,50.1,228.9,50.1,4.7,1080.0,850.0,79.0,36.0,83.8,100.0,7635
2025-01-22T16:40:02.000000+00:00,224.2,50.0,224.3,50.0,228.9,50.0,4.9,1110.0,890.0,80.0,37.0,83.8,100.0,7635
2025-01-22T16:41:02.000000+00:00,223.4,49.9,223.4,49.9,228.9,49.9,4.8,1100.0,870.0,79.0,37.0,83.8,100.0,7635
2025-01-22T16:42:02.000000+00:00,223.3,49.8,223.9,49.8,228.9,49.8,4.8,1110.0,870.0,78.0,37.0,83.8,100.0,7635
2025-01-22T16:43:02.000000+00:00,223.8,49.8,222.9,49.8,228.9,49.8,4.9,1110.0,880.0,79.0,37.0,83.7,100.0,7635
2025-01-22T16:44:02.000000+00:00,223.3,49.9,223.3,49.9,228.9,49.9,4.8,1110.0,870.0,78.0,37.0,83.7,100.0,7635
2025-01-22T16:45:02.000000+00:00,223.4,50.1,223.4,50.1,228.9,50.1,4.8,1100.0,880.0,80.0,37.0,83.8,100.0,7635
2025-01-22T16:46:02.000000+00:00,223.6,49.9,222.9,49.9,228.9,49.9,4.9,1130.0,900.0,80.0,38.0,83.7,100.0,7635
2025-01-22T16:47:02.000000+00:00,223.9,50.0,223.9,50.0,228.9,50.0,4.8,1090.0,860.0,79.0,36.0,83.7,100.0,7635
2025-01-22T16:48:02.000000+00:00,223.7,50.1,223.7,50.1,228.9,50.1,4.8,1100.0,870.0,79.0,37.0,83.7,100.0,7635
2025-01-22T16:49:02.000000+00:00,223.7,50.1,223.7,50.1,228.9,50.1,4.8,1100.0,870.0,79.0,37.0,83.7,100.0,7635
2025-01-22T16:50:02.000000+00:00,222.7,50.1,223.1,50.1,228.9,50.1,4.8,1100.0,880.0,80.0,37.0,83.7,100.0,7635
2025-01-22T16:51:02.000000+00:00,223.8,50.1,223.2,50.1,228.9,50.1,4.8,1090.0,870.0,80.0,36.0,83.7,100.0,7635
2025-01-22T16:52:02.000000+00:00,224.2,50.1,223.7,50.1,228.9,50.1,4.8,1100.0,880.0,80.0,36.0,83.7,100.0,7635
2025-01-22T16:53:02.000000+00:00,225.0,50.2,224.4,50.2,228.9,50.2,4.8,1110.0,880.0,79.0,37.0,83.7,100.0,7635
2025-01-22T16:54:02.000000+00:00,224.8,50.1,224.6,50.1,228.9,50.1,4.8,1090.0,870.0,80.0,37.0,83.8,100.0,7635
2025-01-22T16:55:02.000000+00:00,224.4,50.1,224.4,50.1,228.9,50.1,4.9,1110.0,900.0,81.0,37.0,83.7,100.0,7635
2025-01-22T16:56:02.000000+00:00,224.1,50.2,225.1,50.2,228.9,50.2,4.9,1110.0,890.0,80.0,37.0,83.7,100.0,7635
2025-01-22T16:57:02.000000+00:00,223.9,50.0,223.9,50.0,228.9,50.0,4.8,1100.0,870.0,79.0,36.0,83.7,100.0,7635
2025-01-22T16:58:02.000000+00:00,225.2,50.1,224.8,50.1,229.0,50.1,4.8,1100.0,870.0,79.0,37.0,83.7,100.0,7635
2025-01-22T16:59:02.000000+00:00,225.6,50.0,225.0,50.0,228.9,50.0,4.8,1100.0,870.0,79.0,37.0,83.7,100.0,7635
2025-01-22T17:00:02.000000+00:00,225.2,50.0,225.2,50.0,228.9,50.0,4.8,1100.0,870.0,79.0,37.0,83.7,100.0,7259
2025-01-22T17:01:02.000000+00:00,225.8,50.0,224.6,50.0,228.9,50.0,4.9,1130.0,900.0,80.0,37.0,83.7,100.0,7635
2025-01-22T17:02:02.000000+00:00,225.3,50.1,225.3,50.1,228.9,50.1,4.8,1100.0,880.0,80.0,36.0,83.8,100.0,7635
2025-01-22T17:03:02.000000+00:00,223.6,50.0,224.5,50.0,228.9,50.0,4.8,1100.0,880.0,80.0,37.0,83.7,100.0,7635
2025-01-22T17:04:02.000000+00:00,223.0,50.0,223.0,50.0,228.9,50.0,4.8,1110.0,880.0,79.0,37.0,83.7,100.0,7635
2025-01-22T17:05:02.000000+00:00,224.7,50.0,224.2,50.0,228.9,50.0,4.9,1120.0,900.0,80.0,37.0,83.8,100.0,7635
2025-01-22T17:06:02.000000+00:00,224.6,50.1,224.2,50.1,228.9,50.1,4.8,1100.0,880.0,80.0,36.0,83.7,100.0,7635
2025-01-22T17:07:02.000000+00:00,224.7,50.1,224.7,50.1,228.9,50.1,4.7,1080.0,850.0,79.0,36.0,83.7,100.0,7635
2025-01-22T17:08:02.000000+00:00,224.0,50.2,224.5,50.2,228.9,50.2,4.8,1100.0,880.0,80.0,36.0,83.7,100.0,7635
2025-01-22T17:09:02.000000+00:00,223.7,50.2,223.7,50.2,228.9,50.2,4.8,1090.0,860.0,79.0,36.0,83.7,100.0,7635
2025-01-22T17:10:02.000000+00:00,224.6,50.2,224.6,50.2,228.9,50.2,4.8,1090.0,870.0,80.0,36.0,83.7,100.0,7635
2025-01-22T17:11:02.000000+00:00,225.8,50.3,225.3,50.3,228.9,50.3,4.7,1090.0,870.0,80.0,36.0,83.8,100.0,7635
2025-01-22T17:12:02.000000+00:00,225.7,50.3,225.3,50.3,228.9,50.3,4.7,1080.0,860.0,80.0,36.0,83.7,100.0,7635
2025-01-22T17:13:02.000000+00:00,225.4,50.3,225.4,50.3,228.9,50.3,4.7,1080.0,860.0,80.0,36.0,83.8,100.0,7635
2025-01-22T17:14:02.000000+00:00,225.9,50.3,225.9,50.3,228.9,50.3,4.8,1080.0,870.0,81.0,37.0,83.7,100.0,7635
2025-01-22T17:15:02.000000+00:00,225.7,50.3,225.7,50.3,228.9,50.3,4.7,1090.0,860.0,79.0,36.0,83.7,100.0,7635
2025-01-22T17:16:02.000000+00:00,226.1,50.3,225.2,50.3,228.9,50.3,4.7,1090.0,870.0,80.0,37.0,83.7,100.0,7635
2025-01-22T17:17:02.000000+00:00,225.1,50.4,225.1,50.4,228.9,50.4,4.6,1070.0,850.0,79.0,36.0,83.7,100.0,7735
2025-01-22T17:18:02.000000+00:00,225.3,50.4,225.3,50.4,228.9,50.4,4.7,1080.0,860.0,80.0,36.0,83.8,100.0,7735
2025-01-22T17:19:02.000000+00:00,225.5,50.3,225.9,50.3,228.9,50.3,4.7,1080.0,870.0,81.0,36.0,83.8,100.0,7735
2025-01-22T17:20:02.000000+00:00,226.5,50.4,226.6,50.4,228.9,50.4,4.7,1080.0,870.0,81.0,36.0,83.7,100.0,7350
2025-01-22T17:21:02.000000+00:00,227.0,50.3,226.4,50.3,228.9,50.3,4.8,1090.0,870.0,80.0,36.0,83.7,100.0,7735
2025-01-22T17:22:02.000000+00:00,227.3,50.4,227.2,50.4,228.9,50.4,4.7,1080.0,870.0,81.0,36.0,83.8,100.0,7635
2025-01-22T17:23:02.000000+00:00,227.5,50.3,227.5,50.3,228.9,50.3,4.8,1090.0,880.0,81.0,37.0,83.7,100.0,7635
2025-01-22T17:24:02.000000+00:00,227.2,50.3,227.3,50.3,228.9,50.3,4.7,1090.0,870.0,80.0,37.0,83.8,100.0,7635
2025-01-22T17:25:02.000000+00:00,227.1,50.1,227.3,50.1,228.9,50.1,4.8,1090.0,870.0,80.0,36.0,83.8,100.0,7635
2025-01-22T17:26:02.000000+00:00,227.8,50.2,227.3,50.2,228.9,50.2,4.8,1110.0,880.0,79.0,37.0,83.8,100.0,7635
2025-01-22T17:27:02.000000+00:00,227.5,50.2,227.5,50.2,228.9,50.2,4.8,1090.0,870.0,80.0,36.0,83.8,100.0,7635
2025-01-22T17:28:02.000000+00:00,227.5,50.1,227.0,50.1,228.9,50.1,4.8,1090.0,870.0,80.0,37.0,83.7,100.0,7635
2025-01-22T17:29:02.000000+00:00,227.9,50.3,227.9,50.3,228.9,50.3,4.7,1090.0,870.0,80.0,36.0,83.7,100.0,7635
2025-01-22T17:30:02.000000+00:00,228.6,50.1,228.6,50.1,228.9,50.1,4.8,1090.0,870.0,80.0,37.0,83.8,100.0,7259
2025-01-22T17:31:02.000000+00:00,227.4,50.0,227.8,50.0,228.9,50.0,4.8,1110.0,890.0,80.0,37.0,83.7,100.0,7635
2025-01-22T17:32:02.000000+00:00,227.8,50.0,227.8,49.9,228.9,50.0,4.8,1100.0,870.0,79.0,37.0,83.7,100.0,7443
2025-01-22T17:33:02.000000+00:00,228.3,50.1,228.3,50.1,228.9,50.1,4.8,1090.0,870.0,80.0,37.0,83.8,100.0,7350
2025-01-22T17:34:02.000000+00:00,228.9,50.2,228.9,50.2,228.9,50.2,4.8,1090.0,870.0,80.0,37.0,83.7,100.0,7735
2025-01-22T17:35:02.000000+00:00,227.8,50.2,227.9,50.2,228.9,50.2,4.7,1090.0,870.0,80.0,36.0,83.7,100.0,7735
2025-01-22T17:36:03.000000+00:00,229.3,50.3,229.3,50.3,228.9,50.3,4.8,1090.0,870.0,80.0,37.0,83.7,100.0,7635
2025-01-22T17:37:03.000000+00:00,228.4,50.2,228.4,50.2,228.9,50.2,4.7,1080.0,850.0,79.0,36.0,83.7,100.0,7635
2025-01-22T17:38:03.000000+00:00,228.7,50.0,228.7,50.0,228.9,50.0,4.8,1100.0,870.0,79.0,37.0,83.7,100.0,7635
2025-01-22T17:39:03.000000+00:00,229.1,50.0,229.6,50.0,228.9,50.0,4.8,1110.0,880.0,79.0,36.0,83.8,100.0,7259
2025-01-22T17:40:03.000000+00:00,231.7,50.1,231.7,50.1,228.9,50.1,4.8,1100.0,880.0,80.0,37.0,83.8,100.0,7635
2025-01-22T17:41:03.000000+00:00,232.5,50.1,233.1,50.1,228.9,50.1,4.8,1100.0,880.0,80.0,37.0,83.8,100.0,7635
2025-01-22T17:42:03.000000+00:00,233.2,49.9,232.7,49.9,228.9,49.9,4.8,1110.0,880.0,79.0,37.0,83.8,100.0,7635
2025-01-22T17:43:03.000000+00:00,233.0,50.0,233.0,50.0,228.9,50.1,4.8,1100.0,880.0,80.0,37.0,83.7,100.0,7635
2025-01-22T17:44:03.000000+00:00,233.3,50.1,233.3,50.1,228.9,50.1,4.8,1100.0,880.0,80.0,37.0,83.8,100.0,7635
2025-01-22T17:45:03.000000+00:00,233.2,50.0,233.2,50.0,228.9,50.0,4.8,1100.0,870.0,79.0,36.0,83.7,100.0,7635
2025-01-22T17:46:03.000000+00:00,234.1,50.2,234.1,50.2,228.9,50.2,4.9,1120.0,900.0,80.0,38.0,83.7,100.0,7635
2025-01-22T17:47:03.000000+00:00,233.6,50.1,233.6,50.1,228.9,50.1,4.8,1090.0,860.0,79.0,36.0,83.7,100.0,7635
2025-01-22T17:48:03.000000+00:00,234.5,50.3,234.8,50.3,228.9,50.3,4.8,1100.0,880.0,80.0,36.0,83.8,100.0,7350
2025-01-22T17:49:03.000000+00:00,235.1,50.3,234.2,50.3,228.9,50.3,4.8,1090.0,870.0,80.0,36.0,83.8,100.0,7350
2025-01-22T17:50:03.000000+00:00,234.2,50.1,234.1,50.1,228.9,50.1,4.8,1100.0,870.0,79.0,37.0,83.7,100.0,7443
2025-01-22T17:51:03.000000+00:00,234.7,50.1,234.7,50.1,228.9,50.1,4.8,1100.0,870.0,79.0,37.0,83.8,100.0,7443
2025-01-22T17:52:03.000000+00:00,234.7,50.0,234.5,50.0,228.9,50.0,4.8,1100.0,880.0,80.0,37.0,83.7,100.0,7350
2025-01-22T17:53:03.000000+00:00,234.9,50.1,234.9,50.1,228.9,50.1,4.8,1100.0,880.0,80.0,37.0,83.8,100.0,7443
2025-01-22T17:54:03.000000+00:00,235.4,50.1,235.4,50.1,229.0,50.1,4.8,1100.0,870.0,79.0,37.0,83.7,100.0,7443
2025-01-22T17:55:03.000000+00:00,236.0,50.0,235.4,50.0,228.9,50.0,4.7,1080.0,850.0,79.0,36.0,83.8,100.0,7837
2025-01-22T17:56:03.000000+00:00,235.9,50.1,236.0,50.1,228.9,50.1,4.8,1100.0,870.0,79.0,37.0,83.8,100.0,7443
2025-01-22T17:57:03.000000+00:00,235.6,49.8,235.5,49.8,229.0,49.8,4.8,1090.0,850.0,78.0,36.0,83.7,100.0,7443
2025-01-22T17:58:03.000000+00:00,235.8,50.0,235.8,50.0,228.9,50.0,4.8,1100.0,870.0,79.0,37.0,83.7,100.0,7443
2025-01-22T17:59:03.000000+00:00,234.9,49.9,235.0,49.9,228.9,49.9,4.8,1090.0,850.0,78.0,36.0,83.8,100.0,7443
2025-01-22T18:00:03.000000+00:00,233.8,49.9,233.8,49.9,228.9,49.9,4.8,1110.0,880.0,79.0,37.0,83.7,100.0,7443
2025-01-22T18:01:03.000000+00:00,235.3,50.1,234.3,50.1,228.9,50.1,4.9,1120.0,900.0,80.0,37.0,83.7,100.0,7443
2025-01-22T18:02:03.000000+00:00,235.2,50.1,235.2,50.1,228.9,50.1,4.8,1110.0,890.0,80.0,37.0,83.8,100.0,7350
2025-01-22T18:03:03.000000+00:00,235.3,50.1,235.3,50.1,228.9,50.1,4.8,1110.0,890.0,80.0,37.0,83.7,100.0,7350
2025-01-22T18:04:03.000000+00:00,233.9,50.0,233.8,50.0,228.9,50.0,4.9,1130.0,910.0,81.0,37.0,83.7,100.0,7350
2025-01-22T18:05:03.000000+00:00,233.9,50.1,234.4,50.1,228.9,50.1,4.9,1110.0,890.0,80.0,37.0,83.7,100.0,7735
2025-01-22T18:06:03.000000+00:00,234.1,50.1,233.5,50.1,228.9,50.1,4.9,1120.0,900.0,80.0,37.0,83.7,100.0,7350
2025-01-22T18:07:03.000000+00:00,234.2,50.1,234.5,50.1,228.9,50.1,4.8,1090.0,860.0,79.0,36.0,83.7,100.0,7735
2025-01-22T18:08:03.000000+00:00,233.9,50.2,234.4,50.2,229.0,50.2,4.8,1110.0,890.0,80.0,37.0,83.7,100.0,7350
2025-01-22T18:09:03.000000+00:00,235.1,50.2,234.3,50.2,228.9,50.2,4.8,1090.0,880.0,81.0,37.0,83.8,100.0,7350
2025-01-22T18:10:03.000000+00:00,235.2,50.3,235.2,50.3,228.9,50.3,4.8,1090.0,880.0,81.0,36.0,83.7,100.0,7635
2025-01-22T18:11:03.000000+00:00,235.5,50.3,235.5,50.3,229.0,50.3,4.8,1090.0,870.0,80.0,36.0,83.7,100.0,7635
2025-01-22T18:12:03.000000+00:00,235.4,50.2,235.4,50.2,228.9,50.2,4.8,1090.0,870.0,80.0,37.0,83.7,100.0,7635
2025-01-22T18:13:03.000000+00:00,235.2,50.1,235.1,50.1,228.9,50.1,4.8,1100.0,870.0,79.0,37.0,83.7,100.0,7635
2025-01-22T18:14:03.000000+00:00,235.1,50.2,235.1,50.2,228.9,50.2,4.8,1090.0,880.0,81.0,37.0,83.7,100.0,7635
2025-01-22T18:15:03.000000+00:00,236.0,50.2,235.5,50.2,228.9,50.2,4.8,1100.0,880.0,80.0,37.0,83.7,100.0,7635
2025-01-22T18:16:03.000000+00:00,236.3,50.2,235.9,50.2,229.0,50.2,4.9,1120.0,900.0,80.0,37.0,83.7,100.0,7635
2025-01-22T18:17:03.000000+00:00,236.2,50.2,236.2,50.2,228.9,50.2,4.8,1100.0,880.0,80.0,36.0,83.7,100.0,7635
2025-01-22T18:18:03.000000+00:00,237.5,50.2,237.5,50.2,228.9,50.2,4.9,1110.0,900.0,81.0,37.0,83.7,100.0,7635
2025-01-22T18:19:03.000000+00:00,236.9,50.2,236.9,50.2,228.9,50.2,4.8,1090.0,870.0,80.0,37.0,83.7,100.0,7635
2025-01-22T18:20:03.000000+00:00,236.9,50.2,236.9,50.2,229.0,50.2,4.8,1090.0,860.0,79.0,37.0,83.7,100.0,7635
2025-01-22T18:21:03.000000+00:00,237.5,50.2,237.5,50.2,228.9,50.2,4.7,1090.0,860.0,79.0,36.0,83.7,100.0,7635
2025-01-22T18:22:03.000000+00:00,237.3,50.2,236.8,50.3,228.9,50.3,4.7,1080.0,870.0,81.0,36.0,83.7,100.0,7635
2025-01-22T18:23:03.000000+00:00,237.2,50.2,238.1,50.2,229.0,50.2,4.8,1100.0,880.0,80.0,37.0,83.7,100.0,7635
2025-01-22T18:24:03.000000+00:00,237.7,50.2,237.7,50.2,229.0,50.2,4.8,1090.0,870.0,80.0,36.0,83.7,100.0,7635
2025-01-22T18:25:03.000000+00:00,238.5,50.2,238.5,50.2,228.9,50.2,4.8,1090.0,880.0,81.0,36.0,83.7,100.0,7635
2025-01-22T18:26:03.000000+00:00,239.2,50.2,239.2,50.2,228.9,50.2,4.8,1110.0,890.0,80.0,37.0,83.7,100.0,7635
2025-01-22T18:27:03.000000+00:00,238.9,50.3,238.9,50.3,228.9,50.3,4.7,1080.0,860.0,80.0,36.0,83.7,100.0,7635
2025-01-22T18:28:03.000000+00:00,235.3,50.3,235.3,50.3,228.9,50.3,4.8,1100.0,890.0,81.0,36.0,83.7,100.0,7635
2025-01-22T18:29:03.000000+00:00,235.1,50.2,235.1,50.2,228.9,50.2,4.8,1090.0,870.0,80.0,36.0,83.7,100.0,7635
2025-01-22T18:30:03.000000+00:00,235.2,50.3,235.2,50.3,228.9,50.3,4.7,1080.0,870.0,81.0,36.0,83.7,100.0,7635
2025-01-22T18:31:03.000000+00:00,236.3,50.3,235.9,50.3,228.9,50.3,4.8,1100.0,890.0,81.0,36.0,83.7,100.0,7635
2025-01-22T18:32:03.000000+00:00,236.0,50.3,236.0,50.3,228.9,50.3,4.7,1090.0,860.0,79.0,36.0,83.7,100.0,7635
2025-01-22T18:33:03.000000+00:00,236.7,50.3,236.7,50.3,228.9,50.3,4.8,1090.0,870.0,80.0,36.0,83.7,100.0,7635
2025-01-22T18:34:03.000000+00:00,236.8,50.3,236.8,50.3,228.9,50.3,4.8,1110.0,890.0,80.0,36.0,83.7,100.0,7635
2025-01-22T18:35:03.000000+00:00,237.5,50.2,237.5,50.2,228.9,50.2,4.8,1090.0,870.0,80.0,36.0,83.7,100.0,7635
2025-01-22T18:36:03.000000+00:00,237.2,50.1,236.9,50.1,228.9,50.1,4.8,1100.0,870.0,79.0,37.0,83.7,100.0,7635
2025-01-22T18:37:03.000000+00:00,238.8,50.3,238.8,50.3,228.9,50.3,4.7,1070.0,850.0,79.0,36.0,83.7,100.0,7635
2025-01-22T18:38:03.000000+00:00,239.8,50.4,239.8,50.4,228.9,50.4,4.8,1090.0,880.0,81.0,36.0,83.7,100.0,7635
2025-01-22T18:39:03.000000+00:00,240.0,50.4,240.0,50.4,229.0,50.4,4.7,1070.0,850.0,79.0,36.0,83.7,100.0,7635
2025-01-22T18:40:03.000000+00:00,236.7,50.4,236.7,50.4,228.9,50.4,4.8,1080.0,870.0,81.0,36.0,83.7,100.0,7635
2025-01-22T18:41:03.000000+00:00,236.0,50.4,237.1,50.4,228.9,50.4,4.7,1080.0,870.0,81.0,36.0,83.7,100.0,7635
2025-01-22T18:42:03.000000+00:00,235.8,50.4,235.8,50.4,228.9,50.4,4.7,1080.0,870.0,81.0,36.0,83.7,100.0,7635
2025-01-22T18:43:03.000000+00:00,236.1,50.3,236.3,50.3,228.9,50.3,4.7,1080.0,870.0,81.0,37.0,83.7,100.0,7635
2025-01-22T18:44:03.000000+00:00,236.2,50.4,236.1,50.4,228.9,50.4,4.8,1100.0,890.0,81.0,36.0,83.7,100.0,7635
2025-01-22T18:45:03.000000+00:00,237.1,50.3,236.6,50.4,228.9,50.4,4.8,1100.0,900.0,82.0,37.0,83.7,100.0,7635
2025-01-22T18:46:03.000000+00:00,237.1,50.3,237.1,50.3,228.9,50.3,4.9,1110.0,910.0,82.0,37.0,83.7,100.0,7635
2025-01-22T18:47:04.000000+00:00,237.6,50.3,237.6,50.3,229.0,50.3,4.7,1070.0,850.0,79.0,36.0,83.7,100.0,7635
2025-01-22T18:48:04.000000+00:00,237.7,50.3,237.8,50.3,229.0,50.3,4.7,1080.0,870.0,81.0,36.0,83.7,100.0,7635
2025-01-22T18:49:04.000000+00:00,237.9,50.3,237.3,50.3,228.9,50.3,4.8,1100.0,890.0,81.0,36.0,83.7,100.0,7635
2025-01-22T18:50:04.000000+00:00,238.1,50.4,238.1,50.4,228.9,50.4,4.8,1090.0,870.0,80.0,36.0,83.7,100.0,7635
2025-01-22T18:51:04.000000+00:00,238.3,50.3,238.3,50.3,229.0,50.3,4.8,1090.0,870.0,80.0,36.0,83.7,100.0,7635
2025-01-22T18:52:04.000000+00:00,239.0,50.3,239.0,50.3,229.0,50.3,4.8,1090.0,870.0,80.0,36.0,83.7,100.0,7635
2025-01-22T18:53:04.000000+00:00,239.6,50.3,238.5,50.3,228.9,50.3,4.8,1100.0,880.0,80.0,37.0,83.7,100.0,7635
2025-01-22T18:54:04.000000+00:00,239.4,50.4,239.4,50.4,229.0,50.4,4.8,1100.0,880.0,80.0,36.0,83.7,100.0,7635
2025-01-22T18:55:04.000000+00:00,240.1,50.3,240.1,50.3,229.0,50.3,4.8,1090.0,870.0,80.0,36.0,83.7,100.0,7635
2025-01-22T18:56:04.000000+00:00,239.7,50.1,239.1,50.1,229.0,50.1,4.8,1100.0,870.0,79.0,37.0,83.7,100.0,7635
2025-01-22T18:57:04.000000+00:00,238.8,50.0,238.8,50.0,228.9,50.0,4.8,1090.0,860.0,79.0,36.0,83.7,100.0,7735
2025-01-22T18:58:04.000000+00:00,239.1,50.1,239.1,50.1,228.9,50.1,4.9,1110.0,900.0,81.0,37.0,83.7,100.0,7350
2025-01-22T18:59:04.000000+00:00,240.3,50.2,240.3,50.2,228.9,50.2,4.8,1100.0,880.0,80.0,36.0,83.7,100.0,7735
2025-01-22T19:00:04.000000+00:00,235.7,50.1,235.7,50.1,228.9,50.1,4.8,1090.0,870.0,80.0,37.0,83.7,100.0,7443
2025-01-22T19:01:04.000000+00:00,235.2,50.1,235.2,50.1,228.9,50.1,4.8,1110.0,890.0,80.0,37.0,83.7,100.0,7350
2025-01-22T19:02:04.000000+00:00,236.9,50.3,236.9,50.3,228.9,50.3,4.7,1090.0,870.0,80.0,36.0,83.7,100.0,7443
2025-01-22T19:03:04.000000+00:00,237.6,50.3,236.2,50.3,228.9,50.3,4.7,1080.0,860.0,80.0,37.0,83.7,100.0,7443
2025-01-22T19:04:04.000000+00:00,236.5,50.3,236.5,50.3,228.9,50.3,4.8,1090.0,870.0,80.0,37.0,83.7,100.0,7443
2025-01-22T19:05:04.000000+00:00,236.9,50.2,236.9,50.2,228.9,50.2,4.7,1090.0,870.0,80.0,36.0,83.7,100.0,7837
2025-01-22T19:06:04.000000+00:00,237.1,50.2,238.1,50.2,228.9,50.2,4.8,1110.0,890.0,80.0,36.0,83.7,100.0,7443
2025-01-22T19:07:04.000000+00:00,238.1,50.3,239.1,50.3,228.9,50.3,4.7,1070.0,850.0,79.0,36.0,83.7,100.0,7837
2025-01-22T19:08:04.000000+00:00,239.2,50.2,238.2,50.2,228.9,50.2,4.8,1090.0,870.0,80.0,37.0,83.7,100.0,7350
2025-01-22T19:09:04.000000+00:00,238.8,50.1,238.8,50.1,228.9,50.1,4.8,1110.0,890.0,80.0,37.0,83.7,100.0,7350
2025-01-22T19:10:04.000000+00:00,239.1,50.1,239.1,50.1,229.0,50.1,4.8,1100.0,880.0,80.0,37.0,83.7,100.0,7735
2025-01-22T19:11:04.000000+00:00,237.9,50.1,237.9,50.1,228.9,50.1,4.8,1100.0,870.0,79.0,36.0,83.7,100.0,7635
2025-01-22T19:12:04.000000+00:00,238.0,50.1,237.5,50.1,228.9,50.1,4.8,1100.0,880.0,80.0,36.0,83.7,100.0,7635
2025-01-22T19:13:04.000000+00:00,237.8,50.2,238.8,50.2,229.0,50.2,4.8,1090.0,870.0,80.0,37.0,83.7,100.0,7635
2025-01-22T19:14:04.000000+00:00,237.8,50.2,237.8,50.2,228.9,50.2,4.8,1100.0,880.0,80.0,37.0,83.7,100.0,7635
2025-01-22T19:15:04.000000+00:00,238.6,50.2,239.2,50.2,229.0,50.2,4.7,1090.0,870.0,80.0,36.0,83.7,100.0,7635
2025-01-22T19:16:04.000000+00:00,239.2,50.2,239.2,50.2,228.9,50.2,4.8,1100.0,880.0,80.0,37.0,83.7,100.0,7635
2025-01-22T19:17:04.000000+00:00,239.6,50.3,239.7,50.3,228.9,50.2,4.8,1090.0,870.0,80.0,36.0,83.7,100.0,7635
2025-01-22T19:18:04.000000+00:00,239.8,50.3,239.8,50.3,228.9,50.3,4.8,1090.0,870.0,80.0,36.0,83.7,100.0,7635
2025-01-22T19:19:04.000000+00:00,236.8,50.2,236.3,50.2,228.9,50.2,4.8,1090.0,870.0,80.0,36.0,83.7,100.0,7635
2025-01-22T19:20:04.000000+00:00,236.3,50.2,236.0,50.2,228.9,50.2,4.8,1090.0,860.0,79.0,36.0,83.7,100.0,7635
2025-01-22T19:21:04.000000+00:00,236.8,50.3,235.7,50.3,228.9,50.3,4.7,1090.0,870.0,80.0,36.0,83.7,100.0,7735
2025-01-22T19:22:04.000000+00:00,236.2,50.3,236.2,50.3,229.0,50.3,4.7,1080.0,860.0,80.0,36.0,83.7,100.0,7635
2025-01-22T19:23:04.000000+00:00,237.6,50.4,237.7,50.4,228.9,50.4,4.8,1090.0,880.0,81.0,36.0,83.7,100.0,7635
2025-01-22T19:24:04.000000+00:00,237.7,50.3,237.3,50.3,228.9,50.3,4.9,1110.0,900.0,81.0,37.0,83.7,100.0,7635
2025-01-22T19:25:04.000000+00:00,238.9,50.2,238.9,50.2,228.9,50.2,4.8,1090.0,870.0,80.0,36.0,83.7,100.0,7635
2025-01-22T19:26:04.000000+00:00,238.8,50.2,238.8,50.1,228.9,50.1,4.8,1090.0,870.0,80.0,37.0,83.7,100.0,7635
2025-01-22T19:27:04.000000+00:00,238.7,50.2,238.7,50.2,228.9,50.2,4.7,1080.0,850.0,79.0,36.0,83.7,100.0,7635
2025-01-22T19:28:04.000000+00:00,238.9,50.1,238.9,50.1,228.9,50.1,4.8,1100.0,880.0,80.0,36.0,83.7,100.0,7635
2025-01-22T19:29:04.000000+00:00,239.7,50.1,239.7,50.1,228.9,50.2,4.8,1090.0,870.0,80.0,37.0,83.7,100.0,7635
2025-01-22T19:30:04.000000+00:00,239.9,50.1,239.3,50.1,229.0,50.1,4.8,1100.0,880.0,80.0,37.0,83.7,100.0,7635
2025-01-22T19:31:04.000000+00:00,239.1,50.0,239.1,50.0,228.9,50.0,4.9,1110.0,890.0,80.0,37.0,83.7,100.0,7635
2025-01-22T19:32:04.000000+00:00,239.7,50.1,239.6,50.1,228.9,50.1,4.8,1100.0,870.0,79.0,36.0,83.7,100.0,7635
2025-01-22T19:33:04.000000+00:00,238.7,50.1,239.2,50.1,228.9,50.1,4.8,1100.0,880.0,80.0,37.0,83.8,100.0,7635
2025-01-22T19:34:04.000000+00:00,239.5,50.1,239.9,50.1,228.9,50.1,4.9,1120.0,890.0,79.0,37.0,83.8,100.0,7635
2025-01-22T19:35:04.000000+00:00,239.6,50.2,240.1,50.2,229.0,50.2,4.7,1080.0,850.0,79.0,36.0,83.8,100.0,7635
2025-01-22T19:36:04.000000+00:00,240.4,50.1,240.0,50.1,228.9,50.1,4.8,1110.0,890.0,80.0,37.0,83.8,100.0,7635
2025-01-22T19:37:04.000000+00:00,240.2,50.2,240.2,50.2,229.0,50.2,4.7,1080.0,850.0,79.0,36.0,83.8,100.0,7635
2025-01-22T19:38:04.000000+00:00,240.5,50.2,240.5,50.2,229.0,50.2,4.8,1090.0,870.0,80.0,36.0,83.8,100.0,7259
2025-01-22T19:39:04.000000+00:00,240.1,50.2,240.1,50.2,228.9,50.2,4.8,1100.0,880.0,80.0,36.0,83.8,100.0,7635
2025-01-22T19:40:04.000000+00:00,237.3,50.2,236.9,50.2,228.9,50.2,4.7,1090.0,870.0,80.0,36.0,83.8,100.0,7635
2025-01-22T19:41:04.000000+00:00,237.0,50.1,237.0,50.1,228.9,50.1,4.8,1090.0,870.0,80.0,37.0,83.8,100.0,7635
2025-01-22T19:42:04.000000+00:00,236.9,50.1,236.9,50.1,228.9,50.1,4.8,1090.0,870.0,80.0,36.0,83.8,100.0,7635
2025-01-22T19:43:04.000000+00:00,238.2,50.2,237.8,50.2,228.9,50.1,4.8,1100.0,870.0,79.0,37.0,83.7,100.0,7635
2025-01-22T19:44:05.000000+00:00,238.9,50.2,238.8,50.2,229.0,50.2,4.7,1090.0,860.0,79.0,37.0,83.8,100.0,7635
2025-01-22T19:45:05.000000+00:00,239.5,50.2,239.1,50.2,228.9,50.2,4.8,1100.0,880.0,80.0,36.0,83.8,100.0,7259
2025-01-22T19:46:05.000000+00:00,239.4,50.2,239.4,50.2,228.9,50.2,4.8,1090.0,870.0,80.0,37.0,83.8,100.0,7635
2025-01-22T19:47:05.000000+00:00,240.1,50.2,240.1,50.2,228.9,50.2,4.7,1080.0,850.0,79.0,36.0,83.8,100.0,7635
2025-01-22T19:48:05.000000+00:00,239.9,50.2,239.9,50.2,229.0,50.2,4.7,1090.0,870.0,80.0,36.0,83.8,100.0,7635
2025-01-22T19:49:05.000000+00:00,239.9,50.3,239.5,50.3,228.9,50.3,4.7,1080.0,860.0,80.0,36.0,83.8,100.0,7635
2025-01-22T19:50:05.000000+00:00,240.2,50.4,240.2,50.4,229.0,50.4,4.7,1080.0,870.0,81.0,36.0,83.8,100.0,7735
2025-01-22T19:51:05.000000+00:00,239.8,50.3,239.8,50.3,228.9,50.3,4.8,1090.0,870.0,80.0,37.0,83.8,100.0,7735
2025-01-22T19:52:05.000000+00:00,240.2,50.4,239.8,50.4,228.9,50.4,4.7,1070.0,850.0,79.0,36.0,83.8,100.0,7350
2025-01-22T19:53:05.000000+00:00,241.4,50.3,241.4,50.3,228.9,50.3,4.8,1100.0,890.0,81.0,36.0,83.8,100.0,7735
2025-01-22T19:54:05.000000+00:00,240.7,50.3,240.7,50.3,228.9,50.3,4.8,1100.0,890.0,81.0,37.0,83.8,100.0,7635
2025-01-22T19:55:05.000000+00:00,241.3,50.3,242.3,50.3,228.9,50.3,4.7,1070.0,850.0,79.0,36.0,83.8,100.0,7635
2025-01-22T19:56:05.000000+00:00,238.4,50.3,238.0,50.3,228.9,50.3,4.8,1100.0,890.0,81.0,36.0,83.8,100.0,7635
2025-01-22T19:57:05.000000+00:00,237.3,50.4,237.3,50.4,228.9,50.4,4.7,1070.0,850.0,79.0,36.0,83.8,100.0,7635
2025-01-22T19:58:05.000000+00:00,237.9,50.4,237.9,50.4,228.9,50.4,4.7,1080.0,860.0,80.0,36.0,83.8,100.0,7635
2025-01-22T19:59:05.000000+00:00,237.8,50.3,237.8,50.3,228.9,50.3,4.7,1090.0,870.0,80.0,36.0,83.8,100.0,7635
2025-01-22T20:00:05.000000+00:00,238.8,50.3,238.8,50.3,228.9,50.3,4.7,1080.0,860.0,80.0,36.0,83.8,100.0,7635
2025-01-22T20:01:05.000000+00:00,238.9,50.3,239.5,50.3,228.9,50.3,4.8,1100.0,880.0,80.0,36.0,83.8,100.0,7635
2025-01-22T20:02:05.000000+00:00,238.3,50.2,238.3,50.2,228.9,50.2,4.8,1090.0,870.0,80.0,36.0,83.8,100.0,7635
2025-01-22T20:03:05.000000+00:00,238.6,50.2,238.6,50.2,228.9,50.2,4.8,1110.0,890.0,80.0,36.0,83.8,100.0,7635
2025-01-22T20:04:05.000000+00:00,238.7,50.2,238.7,50.2,229.0,50.2,4.8,1110.0,880.0,79.0,36.0,83.8,100.0,7635
2025-01-22T20:05:05.000000+00:00,238.6,50.2,239.5,50.2,228.9,50.2,4.7,1080.0,850.0,79.0,36.0,83.8,100.0,7635
2025-01-22T20:06:05.000000+00:00,239.5,50.2,239.5,50.2,228.9,50.2,4.8,1090.0,870.0,80.0,36.0,83.8,100.0,7735
2025-01-22T20:07:05.000000+00:00,239.2,50.2,240.2,50.2,228.9,50.2,4.7,1080.0,850.0,79.0,36.0,83.8,100.0,7350
2025-01-22T20:08:05.000000+00:00,239.7,50.3,239.7,50.3,228.9,50.3,4.8,1110.0,890.0,80.0,36.0,83.8,100.0,7259
2025-01-22T20:09:05.000000+00:00,238.8,50.2,239.8,50.2,228.9,50.2,4.7,1070.0,850.0,79.0,36.0,83.8,100.0,7635
2025-01-22T20:10:05.000000+00:00,239.8,50.2,239.7,50.2,228.9,50.2,4.8,1090.0,860.0,79.0,36.0,83.8,100.0,7635
2025-01-22T20:11:05.000000+00:00,239.9,50.2,239.9,50.2,229.0,50.2,4.8,1090.0,870.0,80.0,36.0,83.8,100.0,7635
2025-01-22T20:12:05.000000+00:00,240.6,50.2,240.7,50.2,228.9,50.2,4.8,1090.0,870.0,80.0,36.0,83.8,100.0,7635
2025-01-22T20:13:05.000000+00:00,241.0,50.2,240.6,50.2,228.9,50.2,4.8,1110.0,890.0,80.0,36.0,83.8,100.0,7635
2025-01-22T20:14:05.000000+00:00,240.8,50.3,240.8,50.3,228.9,50.3,4.8,1090.0,870.0,80.0,36.0,83.8,100.0,7635
2025-01-22T20:15:05.000000+00:00,240.9,50.2,240.9,50.2,229.0,50.2,4.8,1100.0,880.0,80.0,36.0,83.8,100.0,7635
2025-01-22T20:16:05.000000+00:00,240.6,50.2,241.4,50.2,228.9,50.2,4.9,1120.0,900.0,80.0,37.0,83.8,100.0,7635
2025-01-22T20:17:05.000000+00:00,241.2,50.2,241.2,50.2,228.9,50.2,4.7,1080.0,860.0,80.0,36.0,83.8,100.0,7635
2025-01-22T20:18:05.000000+00:00,240.8,50.3,241.2,50.3,228.9,50.3,4.8,1090.0,880.0,81.0,36.0,83.8,100.0,7635
2025-01-22T20:19:05.000000+00:00,241.8,50.3,241.8,50.3,228.9,50.3,4.8,1090.0,880.0,81.0,37.0,83.8,100.0,7635
2025-01-22T20:20:05.000000+00:00,238.3,50.2,238.8,50.2,228.9,50.2,4.8,1090.0,870.0,80.0,36.0,83.8,100.0,7635
2025-01-22T20:21:05.000000+00:00,237.8,50.3,237.8,50.3,228.9,50.3,4.8,1090.0,870.0,80.0,36.0,83.8,100.0,7635
2025-01-22T20:22:05.000000+00:00,238.2,50.3,237.1,50.3,228.9,50.3,4.7,1070.0,850.0,79.0,36.0,83.8,100.0,7735
2025-01-22T20:23:05.000000+00:00,237.3,50.3,237.3,50.3,228.9,50.3,4.8,1100.0,890.0,81.0,37.0,83.8,100.0,7735
2025-01-22T20:24:05.000000+00:00,238.0,50.4,238.1,50.4,228.9,50.4,4.9,1120.0,910.0,81.0,37.0,83.8,100.0,7735
2025-01-22T20:25:05.000000+00:00,237.8,50.3,237.8,50.3,228.9,50.3,4.7,1080.0,860.0,80.0,36.0,83.8,100.0,7735
2025-01-22T20:26:05.000000+00:00,237.0,50.3,237.9,50.3,228.9,50.3,4.8,1090.0,870.0,80.0,36.0,83.8,100.0,7735
2025-01-22T20:27:05.000000+00:00,237.1,50.3,237.1,50.3,228.9,50.3,4.7,1070.0,850.0,79.0,36.0,83.8,100.0,7735
2025-01-22T20:28:05.000000+00:00,238.2,50.3,238.2,50.3,228.9,50.3,4.8,1090.0,870.0,80.0,36.0,83.8,100.0,7735
2025-01-22T20:29:05.000000+00:00,237.9,50.3,238.4,50.3,228.9,50.3,4.7,1070.0,850.0,79.0,36.0,83.8,100.0,7735
2025-01-22T20:30:05.000000+00:00,237.6,50.2,238.0,50.2,228.9,50.2,4.8,1090.0,870.0,80.0,36.0,83.8,100.0,7350
2025-01-22T20:31:05.000000+00:00,238.5,50.3,238.2,50.3,228.9,50.3,4.8,1090.0,870.0,80.0,36.0,83.8,100.0,7443
2025-01-22T20:32:05.000000+00:00,238.1,50.3,238.2,50.3,228.9,50.3,4.7,1070.0,850.0,79.0,36.0,83.8,100.0,7443
2025-01-22T20:33:05.000000+00:00,238.0,50.3,238.0,50.3,228.9,50.3,4.7,1080.0,860.0,80.0,37.0,83.8,100.0,7443
2025-01-22T20:34:05.000000+00:00,238.7,50.3,238.4,50.3,228.9,50.3,4.8,1100.0,890.0,81.0,37.0,83.8,100.0,7443
2025-01-22T20:35:05.000000+00:00,238.1,50.1,238.0,50.1,228.9,50.1,4.8,1100.0,870.0,79.0,36.0,83.8,100.0,7837
2025-01-22T20:36:05.000000+00:00,238.0,50.1,237.9,50.1,228.9,50.1,4.8,1100.0,870.0,79.0,36.0,83.8,100.0,7443
2025-01-22T20:37:05.000000+00:00,239.7,50.2,239.7,50.2,228.9,50.2,4.7,1080.0,850.0,79.0,36.0,83.8,100.0,7837
2025-01-22T20:38:05.000000+00:00,239.3,50.1,238.8,50.1,228.9,50.1,4.8,1100.0,880.0,80.0,36.0,83.8,100.0,7350
2025-01-22T20:39:05.000000+00:00,240.0,50.2,239.5,50.2,228.9,50.2,4.8,1100.0,890.0,81.0,37.0,83.8,100.0,7350
2025-01-22T20:40:05.000000+00:00,238.7,50.2,238.7,50.2,228.9,50.2,4.8,1090.0,870.0,80.0,36.0,83.8,100.0,7837
2025-01-22T20:41:05.000000+00:00,239.6,50.2,239.5,50.2,228.9,50.2,4.8,1100.0,880.0,80.0,36.0,83.8,100.0,7443
2025-01-22T20:42:05.000000+00:00,239.7,50.2,239.7,50.2,228.9,50.2,4.8,1090.0,870.0,80.0,36.0,83.8,100.0,7735
2025-01-22T20:43:05.000000+00:00,240.7,50.4,240.7,50.4,228.9,50.4,4.8,1090.0,880.0,81.0,36.0,83.8,100.0,7635
2025-01-22T20:44:06.000000+00:00,241.0,50.4,240.9,50.4,228.9,50.4,4.8,1100.0,890.0,81.0,36.0,83.8,100.0,7635
2025-01-22T20:45:06.000000+00:00,241.4,50.3,241.4,50.3,228.9,50.3,4.8,1090.0,880.0,81.0,36.0,83.8,100.0,7635
2025-01-22T20:46:06.000000+00:00,242.6,50.3,242.1,50.3,228.9,50.3,4.8,1110.0,900.0,81.0,37.0,83.8,100.0,7635
2025-01-22T20:47:06.000000+00:00,242.4,50.2,241.9,50.2,228.9,50.2,4.7,1080.0,860.0,80.0,36.0,83.8,100.0,7635
2025-01-22T20:48:06.000000+00:00,241.1,50.2,241.6,50.2,228.9,50.2,4.8,1090.0,870.0,80.0,36.0,83.8,100.0,7635
2025-01-22T20:49:06.000000+00:00,241.7,50.1,241.7,50.1,229.0,50.1,4.8,1100.0,880.0,80.0,37.0,83.8,100.0,7635
2025-01-22T20:50:06.000000+00:00,242.0,50.1,242.1,50.1,228.9,50.1,4.8,1100.0,880.0,80.0,37.0,83.8,100.0,7635
2025-01-22T20:51:06.000000+00:00,243.1,50.2,242.7,50.2,228.9,50.2,4.8,1090.0,870.0,80.0,36.0,83.8,100.0,7635
2025-01-22T20:52:06.000000+00:00,238.2,50.1,238.3,50.1,228.9,50.1,4.8,1080.0,860.0,80.0,36.0,83.8,100.0,7538
2025-01-22T20:53:06.000000+00:00,238.6,50.1,238.6,50.1,228.9,50.1,4.8,1110.0,890.0,80.0,37.0,83.8,100.0,7538
2025-01-22T20:54:06.000000+00:00,238.4,50.1,238.4,50.1,228.9,50.1,4.9,1110.0,890.0,80.0,38.0,83.8,100.0,7538
2025-01-22T20:55:06.000000+00:00,237.6,50.1,237.6,50.1,228.9,50.1,4.7,1080.0,850.0,79.0,36.0,83.8,100.0,7538
2025-01-22T20:56:06.000000+00:00,237.2,50.1,237.1,50.1,228.9,50.1,4.8,1100.0,870.0,79.0,37.0,83.8,100.0,7538
2025-01-22T20:57:06.000000+00:00,236.7,50.1,237.7,50.1,228.9,50.1,4.8,1090.0,860.0,79.0,36.0,83.8,100.0,7538
2025-01-22T20:58:06.000000+00:00,237.5,50.2,237.0,50.2,228.9,50.2,4.8,1100.0,880.0,80.0,36.0,83.8,100.0,7538
2025-01-22T20:59:06.000000+00:00,237.8,50.2,237.9,50.2,228.9,50.2,4.7,1080.0,860.0,80.0,36.0,83.8,100.0,7538
2025-01-22T21:00:06.000000+00:00,237.5,50.1,237.2,50.1,228.9,50.1,4.9,1110.0,890.0,80.0,37.0,83.8,100.0,7538
2025-01-22T21:01:06.000000+00:00,237.5,50.2,238.0,50.2,228.9,50.2,4.8,1100.0,880.0,80.0,37.0,83.8,100.0,7538
2025-01-22T21:02:06.000000+00:00,237.4,50.1,237.5,50.1,228.9,50.1,4.8,1090.0,870.0,80.0,36.0,83.8,100.0,7538
2025-01-22T21:03:06.000000+00:00,237.1,50.2,237.7,50.2,229.0,50.2,4.8,1090.0,870.0,80.0,37.0,83.8,100.0,7538
2025-01-22T21:04:06.000000+00:00,237.4,50.1,237.8,50.1,228.9,50.1,4.8,1100.0,870.0,79.0,37.0,83.8,100.0,7538
2025-01-22T21:05:06.000000+00:00,237.4,50.2,238.3,50.2,228.9,50.2,4.9,1110.0,900.0,81.0,36.0,83.8,100.0,7538
2025-01-22T21:06:06.000000+00:00,238.0,50.2,238.5,50.2,228.9,50.2,4.7,1080.0,850.0,79.0,36.0,83.8,100.0,7538
2025-01-22T21:07:06.000000+00:00,237.3,50.0,237.3,50.0,228.9,50.0,4.8,1090.0,850.0,78.0,36.0,83.8,100.0,7538
2025-01-22T21:08:06.000000+00:00,238.0,50.1,237.0,50.1,228.9,50.1,4.8,1110.0,880.0,79.0,37.0,83.8,100.0,7170
2025-01-22T21:09:06.000000+00:00,237.6,50.1,237.2,50.1,228.9,50.1,4.8,1110.0,880.0,79.0,37.0,83.8,100.0,7635
2025-01-22T21:10:06.000000+00:00,237.8,50.1,237.8,50.1,229.0,50.1,4.8,1090.0,860.0,79.0,36.0,83.8,100.0,7635
2025-01-22T21:11:06.000000+00:00,237.4,50.0,238.3,50.0,228.9,50.0,4.8,1100.0,880.0,80.0,37.0,83.8,100.0,7635
2025-01-22T21:12:06.000000+00:00,237.8,50.0,237.9,50.0,228.9,50.0,4.8,1090.0,860.0,79.0,36.0,83.8,100.0,7635
2025-01-22T21:13:06.000000+00:00,238.0,50.1,238.0,50.1,228.9,50.1,4.8,1100.0,880.0,80.0,37.0,83.8,100.0,7635
2025-01-22T21:14:06.000000+00:00,238.1,50.1,238.6,50.1,228.9,50.1,4.9,1120.0,900.0,80.0,37.0,83.8,100.0,7635
2025-01-22T21:15:06.000000+00:00,237.8,50.2,238.7,50.2,228.9,50.2,4.8,1100.0,880.0,80.0,36.0,83.8,100.0,7635
2025-01-22T21:16:06.000000+00:00,237.9,50.0,237.9,50.0,228.9,50.0,4.8,1110.0,890.0,80.0,37.0,83.8,100.0,7259
2025-01-22T21:17:06.000000+00:00,238.0,50.0,237.4,50.0,228.9,50.0,4.8,1090.0,860.0,79.0,36.0,83.8,100.0,7635
2025-01-22T21:18:06.000000+00:00,238.3,50.1,238.2,50.1,228.9,50.1,4.8,1100.0,880.0,80.0,37.0,83.8,100.0,7259
2025-01-22T21:19:06.000000+00:00,238.0,50.0,237.8,50.0,228.9,50.0,4.8,1100.0,880.0,80.0,37.0,83.8,100.0,7635
2025-01-22T21:20:06.000000+00:00,239.0,50.1,238.4,50.1,228.9,50.1,4.8,1100.0,880.0,80.0,36.0,83.8,100.0,7635
2025-01-22T21:21:06.000000+00:00,239.3,50.2,239.3,50.2,228.9,50.2,4.8,1090.0,870.0,80.0,36.0,83.8,100.0,7635
2025-01-22T21:22:06.000000+00:00,238.1,50.1,238.6,50.1,229.0,50.1,4.8,1100.0,880.0,80.0,36.0,83.8,100.0,7350
2025-01-22T21:23:06.000000+00:00,238.7,50.1,238.7,50.1,228.9,50.1,4.9,1110.0,900.0,81.0,37.0,83.8,100.0,7350
2025-01-22T21:24:06.000000+00:00,237.9,50.1,238.9,50.1,228.9,50.1,4.9,1130.0,910.0,81.0,37.0,83.8,100.0,7350
2025-01-22T21:25:06.000000+00:00,239.4,50.2,238.5,50.2,228.9,50.2,4.8,1090.0,870.0,80.0,36.0,83.8,100.0,7837
2025-01-22T21:26:06.000000+00:00,238.5,50.2,238.0,50.2,228.9,50.2,4.8,1110.0,890.0,80.0,37.0,83.8,100.0,7443
2025-01-22T21:27:06.000000+00:00,239.4,50.2,238.3,50.2,228.9,50.2,4.7,1080.0,850.0,79.0,36.0,83.8,100.0,7837
2025-01-22T21:28:06.000000+00:00,239.0,50.2,239.5,50.2,228.9,50.2,4.8,1090.0,870.0,80.0,36.0,83.8,100.0,7350
2025-01-22T21:29:06.000000+00:00,238.1,50.2,238.1,50.2,228.9,50.2,4.8,1090.0,870.0,80.0,36.0,83.8,100.0,7350
2025-01-22T21:30:06.000000+00:00,239.2,50.1,238.8,50.1,228.9,50.1,4.8,1100.0,870.0,79.0,37.0,83.8,100.0,7443
2025-01-22T21:31:06.000000+00:00,238.8,50.1,238.8,50.1,228.9,50.1,4.8,1100.0,880.0,80.0,37.0,83.8,100.0,7443
2025-01-22T21:32:06.000000+00:00,238.3,50.1,238.8,50.1,228.9,50.1,4.7,1080.0,850.0,79.0,36.0,83.8,100.0,7443
2025-01-22T21:33:06.000000+00:00,239.3,50.2,239.8,50.2,229.0,50.2,4.8,1090.0,870.0,80.0,37.0,83.8,100.0,7443
2025-01-22T21:34:06.000000+00:00,239.1,50.2,240.2,50.2,228.9,50.2,4.8,1110.0,890.0,80.0,37.0,83.8,100.0,7443
2025-01-22T21:35:06.000000+00:00,240.2,50.3,240.2,50.3,228.9,50.3,4.8,1100.0,890.0,81.0,37.0,83.8,100.0,7837
2025-01-22T21:36:06.000000+00:00,239.8,50.1,239.8,50.1,229.0,50.1,4.8,1110.0,890.0,80.0,37.0,83.8,100.0,7443
2025-01-22T21:37:06.000000+00:00,239.4,50.1,239.8,50.0,228.9,50.0,4.8,1090.0,860.0,79.0,36.0,83.8,100.0,7443
2025-01-22T21:38:06.000000+00:00,240.4,50.2,239.9,50.2,229.0,50.2,4.8,1090.0,870.0,80.0,36.0,83.8,100.0,7350
2025-01-22T21:39:06.000000+00:00,241.4,50.3,241.4,50.3,228.9,50.3,4.8,1090.0,870.0,80.0,37.0,83.8,100.0,7350
2025-01-22T21:40:06.000000+00:00,240.0,50.2,241.0,50.2,229.0,50.2,4.8,1090.0,870.0,80.0,36.0,83.8,100.0,7735
2025-01-22T21:41:06.000000+00:00,240.8,50.2,240.8,50.2,229.0,50.2,4.7,1090.0,870.0,80.0,36.0,83.8,100.0,7350
2025-01-22T21:42:06.000000+00:00,241.7,50.3,240.7,50.3,228.9,50.3,4.7,1090.0,870.0,80.0,36.0,83.8,100.0,7350
2025-01-22T21:43:06.000000+00:00,240.8,50.2,240.9,50.2,228.9,50.2,4.8,1110.0,890.0,80.0,37.0,83.8,100.0,7350
2025-01-22T21:44:06.000000+00:00,241.1,50.3,241.1,50.3,229.0,50.3,4.8,1110.0,890.0,80.0,37.0,83.8,100.0,7350
2025-01-22T21:45:06.000000+00:00,240.8,50.2,240.8,50.2,228.9,50.2,4.8,1090.0,870.0,80.0,36.0,83.8,100.0,7350
2025-01-22T21:46:06.000000+00:00,240.1,50.2,239.6,50.2,228.9,50.2,4.8,1100.0,890.0,81.0,37.0,83.8,100.0,7350
2025-01-22T21:47:06.000000+00:00,241.2,50.2,241.7,50.2,229.0,50.2,4.7,1070.0,850.0,79.0,36.0,83.8,100.0,7443
2025-01-22T21:48:06.000000+00:00,240.6,50.1,240.5,50.1,228.9,50.1,4.8,1090.0,870.0,80.0,36.0,83.8,100.0,7350
2025-01-22T21:49:06.000000+00:00,240.4,50.1,240.4,50.1,228.9,50.1,4.7,1080.0,860.0,80.0,36.0,83.8,100.0,7350
2025-01-22T21:50:06.000000+00:00,239.9,50.1,240.4,50.1,229.0,50.1,4.8,1100.0,880.0,80.0,36.0,83.8,100.0,7443
2025-01-22T21:51:06.000000+00:00,240.5,50.1,240.5,50.1,228.9,50.1,4.8,1100.0,880.0,80.0,37.0,83.8,100.0,7443
2025-01-22T21:52:06.000000+00:00,241.0,50.2,241.0,50.2,228.9,50.2,4.7,1080.0,860.0,80.0,36.0,83.8,100.0,7350
2025-01-22T21:53:06.000000+00:00,241.6,50.2,240.5,50.2,229.0,50.2,4.8,1100.0,880.0,80.0,37.0,83.8,100.0,7350
2025-01-22T21:54:06.000000+00:00,240.5,50.1,240.5,50.1,228.9,50.1,4.8,1100.0,870.0,79.0,37.0,83.8,100.0,7350
2025-01-22T21:55:06.000000+00:00,241.5,50.2,241.1,50.2,228.9,50.2,4.8,1090.0,870.0,80.0,36.0,83.8,100.0,7350
2025-01-22T21:56:07.000000+00:00,241.1,50.2,240.6,50.2,228.9,50.2,4.8,1090.0,870.0,80.0,36.0,83.8,100.0,7350
2025-01-22T21:57:07.000000+00:00,240.8,50.1,241.4,50.1,229.0,50.1,4.7,1080.0,850.0,79.0,36.0,83.8,100.0,7837
2025-01-22T21:58:07.000000+00:00,241.0,50.1,241.0,50.1,229.0,50.1,4.8,1100.0,870.0,79.0,36.0,83.9,100.0,7350
2025-01-22T21:59:07.000000+00:00,240.2,50.1,240.7,50.1,228.9,50.1,4.7,1080.0,850.0,79.0,36.0,83.8,100.0,7350
2025-01-22T22:00:07.000000+00:00,240.9,50.1,240.9,50.1,229.0,50.2,4.8,1090.0,870.0,80.0,37.0,83.8,100.0,7350
2025-01-22T22:01:07.000000+00:00,240.6,50.1,241.5,50.1,228.9,50.1,4.8,1100.0,880.0,80.0,37.0,83.8,100.0,7350
2025-01-22T22:02:07.000000+00:00,241.0,50.1,241.9,50.1,229.0,50.1,4.7,1090.0,860.0,79.0,36.0,83.8,100.0,7350
2025-01-22T22:03:07.000000+00:00,241.7,50.1,242.2,50.1,229.0,50.1,4.8,1100.0,880.0,80.0,37.0,83.8,100.0,7350
2025-01-22T22:04:07.000000+00:00,241.1,50.2,241.5,50.2,228.9,50.2,4.8,1100.0,890.0,81.0,37.0,83.8,100.0,7350
2025-01-22T22:05:07.000000+00:00,241.7,50.1,240.7,50.1,228.9,50.1,4.8,1090.0,870.0,80.0,37.0,83.8,100.0,7837
2025-01-22T22:06:07.000000+00:00,242.1,50.2,241.2,50.2,229.0,50.2,4.8,1090.0,870.0,80.0,37.0,83.9,100.0,7350
2025-01-22T22:07:07.000000+00:00,241.2,50.2,241.2,50.2,228.9,50.2,4.7,1080.0,860.0,80.0,36.0,83.9,100.0,7350
2025-01-22T22:08:07.000000+00:00,240.5,50.1,240.6,50.1,228.9,50.1,4.8,1100.0,880.0,80.0,37.0,83.9,100.0,7443
2025-01-22T22:09:07.000000+00:00,241.4,50.1,240.8,50.1,228.9,50.1,4.8,1100.0,890.0,81.0,37.0,83.8,100.0,7443
2025-01-22T22:10:07.000000+00:00,242.1,50.1,242.1,50.1,228.9,50.1,4.7,1080.0,860.0,80.0,37.0,83.9,100.0,7443
2025-01-22T22:11:07.000000+00:00,241.5,50.2,241.5,50.2,228.9,50.2,4.8,1090.0,870.0,80.0,37.0,83.9,100.0,7443
2025-01-22T22:12:07.000000+00:00,242.2,50.2,241.2,50.2,228.9,50.2,4.7,1080.0,860.0,80.0,36.0,83.8,100.0,7443
2025-01-22T22:13:07.000000+00:00,242.1,50.1,242.1,50.1,228.9,50.2,4.8,1110.0,890.0,80.0,37.0,83.9,100.0,7443
2025-01-22T22:14:07.000000+00:00,241.6,50.1,241.8,50.1,229.0,50.1,4.8,1100.0,870.0,79.0,37.0,83.8,100.0,7443
2025-01-22T22:15:07.000000+00:00,242.1,50.2,242.1,50.2,228.9,50.2,4.8,1090.0,870.0,80.0,36.0,83.9,100.0,7443
2025-01-22T22:16:07.000000+00:00,241.7,50.2,242.6,50.2,228.9,50.2,4.8,1100.0,880.0,80.0,36.0,83.9,100.0,7443
2025-01-22T22:17:07.000000+00:00,242.1,50.1,242.1,50.1,228.9,50.1,4.8,1090.0,860.0,79.0,36.0,83.8,100.0,7837
2025-01-22T22:18:07.000000+00:00,241.6,50.2,241.6,50.2,228.9,50.2,4.8,1100.0,880.0,80.0,36.0,83.9,100.0,7350
2025-01-22T22:19:07.000000+00:00,241.9,50.1,242.3,50.1,229.0,50.1,4.8,1100.0,880.0,80.0,36.0,83.9,100.0,7350
2025-01-22T22:20:07.000000+00:00,242.0,50.1,242.0,50.1,228.9,50.1,4.8,1100.0,880.0,80.0,37.0,83.9,100.0,7735
2025-01-22T22:21:07.000000+00:00,242.3,50.2,243.2,50.2,229.0,50.2,4.8,1100.0,870.0,79.0,36.0,83.9,100.0,7350
2025-01-22T22:22:07.000000+00:00,242.8,50.2,241.8,50.2,228.9,50.2,4.7,1080.0,860.0,80.0,36.0,83.9,100.0,7443
2025-01-22T22:23:07.000000+00:00,242.5,50.3,242.5,50.3,229.0,50.3,4.8,1090.0,870.0,80.0,37.0,83.9,100.0,7443
2025-01-22T22:24:07.000000+00:00,242.5,50.2,242.5,50.2,228.9,50.2,4.8,1110.0,890.0,80.0,37.0,83.9,100.0,7443
2025-01-22T22:25:07.000000+00:00,242.5,50.3,242.5,50.3,228.9,50.3,4.7,1070.0,850.0,79.0,36.0,83.9,100.0,7837
2025-01-22T22:26:07.000000+00:00,243.4,50.3,242.8,50.3,228.9,50.3,4.8,1090.0,870.0,80.0,36.0,83.8,100.0,7443
2025-01-22T22:27:07.000000+00:00,243.4,50.2,242.5,50.2,229.0,50.2,4.7,1080.0,850.0,79.0,36.0,83.9,100.0,7837
2025-01-22T22:28:07.000000+00:00,242.6,50.3,243.1,50.3,228.9,50.3,4.8,1090.0,870.0,80.0,36.0,83.9,100.0,7443
2025-01-22T22:29:07.000000+00:00,242.4,50.3,242.4,50.3,228.9,50.3,4.7,1090.0,870.0,80.0,36.0,83.9,100.0,7443
2025-01-22T22:30:07.000000+00:00,242.9,50.3,243.4,50.3,228.9,50.3,4.8,1090.0,870.0,80.0,36.0,83.9,100.0,7635
2025-01-22T22:31:07.000000+00:00,242.5,50.1,242.5,50.1,229.0,50.1,4.8,1100.0,880.0,80.0,37.0,83.9,100.0,7635
2025-01-22T22:32:07.000000+00:00,242.7,50.1,243.0,50.1,229.0,50.1,4.7,1080.0,850.0,79.0,36.0,83.8,100.0,7635
2025-01-22T22:33:07.000000+00:00,243.0,50.2,242.1,50.2,228.9,50.2,4.9,1110.0,900.0,81.0,37.0,83.9,100.0,7635
2025-01-22T22:34:07.000000+00:00,243.1,50.3,243.1,50.3,228.9,50.3,4.9,1110.0,900.0,81.0,36.0,83.9,100.0,7635
2025-01-22T22:35:07.000000+00:00,243.1,50.2,243.1,50.2,228.9,50.2,4.8,1090.0,870.0,80.0,36.0,83.9,100.0,7635
2025-01-22T22:36:07.000000+00:00,242.9,50.3,242.9,50.3,228.9,50.3,4.7,1090.0,860.0,79.0,36.0,83.9,100.0,7635
2025-01-22T22:37:07.000000+00:00,242.8,50.2,242.8,50.2,229.0,50.2,4.7,1080.0,850.0,79.0,36.0,83.8,100.0,7635
2025-01-22T22:38:07.000000+00:00,242.3,50.2,243.4,50.2,229.0,50.2,4.8,1090.0,870.0,80.0,37.0,83.8,100.0,7259
2025-01-22T22:39:07.000000+00:00,242.0,50.2,242.0,50.2,228.9,50.2,4.8,1100.0,880.0,80.0,37.0,83.9,100.0,7635
2025-01-22T22:40:07.000000+00:00,242.6,50.3,242.6,50.3,228.9,50.3,4.7,1080.0,860.0,80.0,36.0,83.9,100.0,7635
2025-01-22T22:41:07.000000+00:00,242.4,50.3,242.4,50.3,228.9,50.3,4.8,1090.0,870.0,80.0,36.0,83.9,100.0,7635
2025-01-22T22:42:07.000000+00:00,242.8,50.3,242.8,50.3,229.0,50.3,4.7,1080.0,850.0,79.0,36.0,83.9,100.0,7635
2025-01-22T22:43:07.000000+00:00,243.4,50.3,243.4,50.3,228.9,50.3,4.8,1090.0,880.0,81.0,36.0,83.9,100.0,7635
2025-01-22T22:44:07.000000+00:00,242.9,50.2,242.9,50.2,228.9,50.2,4.8,1110.0,890.0,80.0,37.0,83.9,100.0,7635
2025-01-22T22:45:07.000000+00:00,242.9,50.3,242.9,50.3,228.9,50.3,4.8,1110.0,900.0,81.0,37.0,83.8,100.0,7635
2025-01-22T22:46:07.000000+00:00,243.4,50.3,243.4,50.3,228.9,50.3,4.8,1090.0,870.0,80.0,36.0,83.9,100.0,7635
2025-01-22T22:47:07.000000+00:00,239.8,50.3,239.8,50.3,228.9,50.3,4.7,1080.0,850.0,79.0,36.0,83.9,100.0,7635
2025-01-22T22:48:07.000000+00:00,240.2,50.4,240.8,50.4,228.9,50.3,4.7,1080.0,870.0,81.0,36.0,83.9,100.0,7635
2025-01-22T22:49:07.000000+00:00,240.1,50.3,240.6,50.3,228.9,50.3,4.8,1100.0,890.0,81.0,36.0,83.9,100.0,7635
2025-01-22T22:50:07.000000+00:00,239.5,50.2,239.0,50.2,228.9,50.2,4.8,1090.0,870.0,80.0,36.0,83.9,100.0,7635
2025-01-22T22:51:07.000000+00:00,239.5,50.3,239.5,50.3,228.9,50.3,4.7,1080.0,860.0,80.0,36.0,83.9,100.0,7635
2025-01-22T22:52:07.000000+00:00,239.8,50.3,239.8,50.3,228.9,50.3,4.8,1090.0,870.0,80.0,36.0,83.9,100.0,7635
2025-01-22T22:53:07.000000+00:00,239.6,50.3,239.6,50.3,228.9,50.3,4.8,1110.0,890.0,80.0,37.0,83.8,100.0,7635
2025-01-22T22:54:07.000000+00:00,239.3,50.2,239.8,50.2,228.9,50.2,4.8,1100.0,880.0,80.0,37.0,83.8,100.0,7635
2025-01-22T22:55:07.000000+00:00,239.8,50.2,239.3,50.2,228.9,50.2,4.9,1110.0,900.0,81.0,37.0,83.9,100.0,7635
2025-01-22T22:56:07.000000+00:00,239.5,50.3,239.5,50.3,228.9,50.3,4.7,1090.0,870.0,80.0,36.0,83.9,100.0,7635
2025-01-22T22:57:07.000000+00:00,239.7,50.3,239.7,50.3,228.9,50.3,4.7,1080.0,850.0,79.0,36.0,83.9,100.0,7635
2025-01-22T22:58:07.000000+00:00,239.2,50.3,239.3,50.3,228.9,50.3,4.8,1090.0,870.0,80.0,36.0,83.9,100.0,7635
2025-01-22T22:59:07.000000+00:00,239.2,50.3,240.1,50.3,228.9,50.3,4.8,1090.0,870.0,80.0,36.0,83.9,100.0,7635
2025-01-22T23:00:07.000000+00:00,239.4,50.2,239.4,50.2,228.9,50.2,4.8,1090.0,870.0,80.0,36.0,83.8,100.0,7259
2025-01-22T23:01:07.000000+00:00,238.8,50.3,238.8,50.3,228.9,50.3,4.8,1090.0,870.0,80.0,37.0,83.9,100.0,7259
2025-01-22T23:02:07.000000+00:00,239.1,50.3,239.1,50.3,228.9,50.3,4.7,1070.0,850.0,79.0,36.0,83.9,100.0,7635
2025-01-22T23:03:07.000000+00:00,239.7,50.3,239.4,50.3,228.9,50.3,4.8,1090.0,880.0,81.0,36.0,83.8,100.0,7635
2025-01-22T23:04:07.000000+00:00,239.1,50.3,239.5,50.3,228.9,50.3,4.8,1110.0,900.0,81.0,37.0,83.9,100.0,7635
2025-01-22T23:05:08.000000+00:00,239.3,50.2,239.6,50.2,228.9,50.2,4.8,1090.0,870.0,80.0,36.0,83.9,100.0,7635
2025-01-22T23:06:08.000000+00:00,239.5,50.2,239.5,50.2,228.9,50.2,4.8,1090.0,870.0,80.0,36.0,83.9,100.0,7635
2025-01-22T23:07:08.000000+00:00,239.2,50.3,239.6,50.3,228.9,50.3,4.7,1080.0,850.0,79.0,36.0,83.8,100.0,7635
2025-01-22T23:08:08.000000+00:00,239.2,50.3,240.1,50.3,228.9,50.3,4.7,1090.0,870.0,80.0,36.0,83.9,100.0,7735
2025-01-22T23:09:08.000000+00:00,238.9,50.3,238.8,50.3,228.9,50.3,4.8,1100.0,890.0,81.0,36.0,83.9,100.0,7735
2025-01-22T23:10:08.000000+00:00,238.8,50.2,238.8,50.2,228.9,50.2,4.8,1090.0,870.0,80.0,36.0,83.9,100.0,7635
2025-01-22T23:11:08.000000+00:00,238.8,50.3,238.8,50.3,228.9,50.3,4.7,1090.0,870.0,80.0,36.0,83.8,100.0,7635
2025-01-22T23:12:08.000000+00:00,240.3,50.3,239.9,50.3,228.9,50.3,4.7,1080.0,860.0,80.0,36.0,83.8,100.0,7635
2025-01-22T23:13:08.000000+00:00,239.3,50.2,239.3,50.2,228.9,50.2,4.8,1100.0,890.0,81.0,36.0,83.9,100.0,7635
2025-01-22T23:14:08.000000+00:00,240.2,50.3,239.2,50.3,228.9,50.3,4.8,1110.0,900.0,81.0,36.0,83.8,100.0,7635
2025-01-22T23:15:08.000000+00:00,239.4,50.3,239.4,50.3,229.0,50.3,4.8,1090.0,870.0,80.0,37.0,83.9,100.0,7635
2025-01-22T23:16:08.000000+00:00,239.6,50.3,239.6,50.3,228.9,50.3,4.9,1120.0,910.0,81.0,37.0,83.8,100.0,7259
2025-01-22T23:17:08.000000+00:00,239.0,50.3,240.1,50.3,228.9,50.3,4.7,1070.0,850.0,79.0,36.0,83.8,100.0,7635
2025-01-22T23:18:08.000000+00:00,240.4,50.3,240.4,50.3,228.9,50.4,4.7,1090.0,860.0,79.0,36.0,83.9,100.0,7635
2025-01-22T23:19:08.000000+00:00,240.0,50.2,239.5,50.2,228.9,50.2,4.7,1070.0,850.0,79.0,36.0,83.9,100.0,7635
2025-01-22T23:20:08.000000+00:00,239.5,50.1,239.5,50.1,228.9,50.1,4.8,1090.0,870.0,80.0,36.0,83.8,100.0,7635
2025-01-22T23:21:08.000000+00:00,238.9,50.1,238.9,50.1,228.9,50.1,4.8,1090.0,870.0,80.0,37.0,83.9,100.0,7635
2025-01-22T23:22:08.000000+00:00,238.6,50.0,239.1,50.0,228.9,50.0,4.7,1080.0,850.0,79.0,36.0,83.9,100.0,7635
2025-01-22T23:23:08.000000+00:00,239.2,50.1,239.4,50.1,228.9,50.1,4.9,1110.0,890.0,80.0,37.0,83.9,100.0,7635
2025-01-22T23:24:08.000000+00:00,238.4,49.9,239.0,49.9,228.9,49.9,4.9,1130.0,900.0,80.0,37.0,83.9,100.0,7635
2025-01-22T23:25:08.000000+00:00,237.9,49.9,237.9,49.9,228.9,49.9,4.9,1120.0,900.0,80.0,37.0,83.8,100.0,7635
2025-01-22T23:26:08.000000+00:00,238.1,49.9,238.1,49.9,228.9,49.9,4.8,1110.0,880.0,79.0,37.0,83.8,100.0,7635
2025-01-22T23:27:08.000000+00:00,237.6,50.0,237.8,50.0,228.9,50.0,4.8,1090.0,870.0,80.0,36.0,83.9,100.0,7735
2025-01-22T23:28:08.000000+00:00,238.7,50.1,238.7,50.1,228.9,50.1,4.8,1100.0,870.0,79.0,37.0,83.9,100.0,7350
2025-01-22T23:29:08.000000+00:00,239.0,50.1,239.0,50.1,228.9,50.1,4.8,1090.0,870.0,80.0,37.0,83.9,100.0,7350
2025-01-22T23:30:08.000000+00:00,238.9,50.1,238.9,50.1,228.9,50.1,4.8,1100.0,880.0,80.0,36.0,83.9,100.0,7350
2025-01-22T23:31:08.000000+00:00,237.9,50.0,238.0,50.0,228.9,50.0,4.8,1110.0,880.0,79.0,37.0,83.9,100.0,7350
2025-01-22T23:32:08.000000+00:00,237.9,50.1,237.9,50.1,228.9,50.1,4.8,1100.0,870.0,79.0,36.0,83.9,100.0,7350
2025-01-22T23:33:08.000000+00:00,237.9,50.0,237.8,50.0,228.9,50.0,4.9,1120.0,890.0,79.0,37.0,83.9,100.0,7443
2025-01-22T23:34:08.000000+00:00,237.2,50.0,237.2,50.0,228.9,50.0,4.8,1110.0,880.0,79.0,37.0,83.9,100.0,7443
2025-01-22T23:35:08.000000+00:00,237.6,50.0,238.1,50.0,228.9,50.0,4.8,1100.0,880.0,80.0,37.0,83.9,100.0,7837
2025-01-22T23:36:08.000000+00:00,238.2,50.0,237.2,50.0,228.9,50.0,4.8,1100.0,880.0,80.0,37.0,83.9,100.0,7443
2025-01-22T23:37:08.000000+00:00,238.3,50.0,237.8,50.0,228.9,50.0,4.8,1090.0,860.0,79.0,36.0,83.9,100.0,7837
2025-01-22T23:38:08.000000+00:00,238.0,50.0,237.2,50.0,228.9,50.0,4.8,1100.0,880.0,80.0,37.0,83.9,100.0,7350
2025-01-22T23:39:08.000000+00:00,238.2,50.0,238.2,50.0,228.9,50.0,4.9,1120.0,890.0,79.0,37.0,83.9,100.0,7350
2025-01-22T23:40:08.000000+00:00,238.0,50.0,238.0,50.0,228.9,50.0,4.9,1120.0,890.0,79.0,36.0,83.8,100.0,7350
2025-01-22T23:41:08.000000+00:00,238.1,50.0,238.2,50.0,228.9,50.0,4.8,1100.0,880.0,80.0,37.0,83.9,100.0,7350
2025-01-22T23:42:08.000000+00:00,238.2,50.0,238.7,50.0,228.9,50.0,4.7,1080.0,850.0,79.0,36.0,83.9,100.0,7635
2025-01-22T23:43:08.000000+00:00,238.7,50.1,238.7,50.1,228.9,50.1,4.8,1100.0,880.0,80.0,37.0,83.8,100.0,7635
2025-01-22T23:44:08.000000+00:00,238.6,49.9,238.6,49.9,228.9,49.9,4.8,1110.0,880.0,79.0,37.0,83.9,100.0,7635
2025-01-22T23:45:08.000000+00:00,238.3,50.0,238.3,50.0,228.9,50.0,4.8,1090.0,860.0,79.0,36.0,83.9,100.0,7635
2025-01-22T23:46:08.000000+00:00,237.3,50.0,237.3,50.0,228.9,50.0,4.8,1100.0,870.0,79.0,37.0,83.8,100.0,7635
2025-01-22T23:47:08.000000+00:00,238.5,50.1,238.5,50.1,228.9,50.1,4.8,1090.0,870.0,80.0,36.0,83.9,100.0,7635
2025-01-22T23:48:08.000000+00:00,238.7,50.0,238.7,50.0,228.9,50.0,4.8,1100.0,880.0,80.0,37.0,83.8,100.0,7635
2025-01-22T23:49:08.000000+00:00,238.1,50.1,238.1,50.1,228.9,50.1,4.8,1090.0,860.0,79.0,36.0,83.9,100.0,7538
2025-01-22T23:50:08.000000+00:00,238.9,50.0,238.0,50.0,228.9,50.0,4.7,1090.0,850.0,78.0,37.0,83.9,100.0,7538
2025-01-22T23:51:08.000000+00:00,238.0,50.0,238.0,50.0,228.9,50.0,4.8,1100.0,880.0,80.0,36.0,83.9,100.0,7538
2025-01-22T23:52:08.000000+00:00,238.4,50.0,238.4,50.0,228.9,50.0,4.8,1090.0,860.0,79.0,36.0,83.9,100.0,7538
2025-01-22T23:53:08.000000+00:00,238.1,50.0,238.1,50.0,228.9,50.0,4.9,1120.0,900.0,80.0,37.0,83.9,100.0,7538
2025-01-22T23:54:08.000000+00:00,238.0,50.0,238.0,50.0,228.9,50.0,4.9,1130.0,910.0,81.0,37.0,83.9,100.0,7538
2025-01-22T23:55:08.000000+00:00,238.1,50.0,238.0,50.0,228.9,50.0,4.9,1120.0,900.0,80.0,37.0,83.9,100.0,7538
2025-01-22T23:56:08.000000+00:00,239.5,50.1,239.6,50.1,228.9,50.1,4.9,1120.0,900.0,80.0,37.0,83.8,100.0,7538
2025-01-22T23:57:08.000000+00:00,240.0,50.1,239.5,50.1,228.9,50.1,4.7,1080.0,850.0,79.0,36.0,83.9,100.0,7538
2025-01-22T23:58:08.000000+00:00,238.6,50.1,238.6,50.1,228.9,50.1,4.8,1100.0,880.0,80.0,37.0,83.9,100.0,7538
2025-01-22T23:59:08.000000+00:00,239.3,50.1,239.3,50.1,228.9,50.1,4.8,1100.0,880.0,80.0,36.0,83.9,100.0,7538
2025-01-23T00:00:08.000000+00:00,239.6,50.1,239.6,50.1,228.9,50.0,4.8,1100.0,880.0,80.0,36.0,83.8,100.0,7538
2025-01-23T00:01:08.000000+00:00,239.1,50.2,239.6,50.2,228.9,50.2,4.8,1090.0,860.0,79.0,36.0,83.9,100.0,7538
2025-01-23T00:02:08.000000+00:00,239.6,50.1,239.7,50.1,228.9,50.1,4.7,1080.0,850.0,79.0,36.0,83.9,100.0,7538
2025-01-23T00:03:08.000000+00:00,239.8,50.1,239.1,50.1,228.9,50.1,4.8,1110.0,890.0,80.0,37.0,83.9,100.0,7538
2025-01-23T00:04:08.000000+00:00,239.2,50.1,239.2,50.1,228.9,50.1,4.8,1100.0,870.0,79.0,36.0,83.9,100.0,7538
2025-01-23T00:05:08.000000+00:00,238.8,50.2,238.9,50.2,228.9,50.2,4.8,1090.0,870.0,80.0,36.0,83.9,100.0,7538
2025-01-23T00:06:08.000000+00:00,239.4,50.2,238.6,50.2,228.9,50.2,4.8,1090.0,860.0,79.0,37.0,83.9,100.0,7538
2025-01-23T00:07:08.000000+00:00,239.3,50.2,238.8,50.2,228.9,50.2,4.7,1080.0,850.0,79.0,36.0,83.9,100.0,7941
2025-01-23T00:08:08.000000+00:00,239.2,50.2,239.2,50.2,228.9,50.2,4.8,1090.0,870.0,80.0,37.0,83.9,100.0,7443
2025-01-23T00:09:08.000000+00:00,240.0,50.2,240.0,50.2,228.9,50.2,4.7,1080.0,860.0,80.0,36.0,83.9,100.0,7443
2025-01-23T00:10:08.000000+00:00,240.3,50.3,240.4,50.3,228.9,50.3,4.7,1070.0,850.0,79.0,36.0,83.9,100.0,7735
2025-01-23T00:11:08.000000+00:00,240.5,50.2,240.0,50.2,228.9,50.2,4.8,1090.0,870.0,80.0,36.0,83.9,100.0,7735
2025-01-23T00:12:09.000000+00:00,240.4,50.3,240.4,50.3,228.9,50.3,4.7,1070.0,850.0,79.0,36.0,83.9,100.0,7635
2025-01-23T00:13:09.000000+00:00,240.9,50.2,240.9,50.2,229.0,50.2,4.8,1100.0,880.0,80.0,37.0,83.9,100.0,7635
2025-01-23T00:14:09.000000+00:00,240.5,50.3,240.4,50.2,228.9,50.2,4.8,1090.0,870.0,80.0,36.0,83.9,100.0,7635
2025-01-23T00:15:09.000000+00:00,240.8,50.2,239.8,50.2,228.9,50.2,4.8,1090.0,870.0,80.0,36.0,83.9,100.0,7635
2025-01-23T00:16:09.000000+00:00,241.0,50.3,241.0,50.3,228.9,50.3,4.7,1090.0,870.0,80.0,36.0,83.9,100.0,7635
2025-01-23T00:17:09.000000+00:00,241.4,50.3,241.4,50.3,228.9,50.3,4.7,1070.0,850.0,79.0,36.0,83.9,100.0,7635
2025-01-23T00:18:09.000000+00:00,239.9,50.2,239.9,50.2,228.9,50.2,4.8,1090.0,870.0,80.0,37.0,83.9,100.0,7635
2025-01-23T00:19:09.000000+00:00,239.5,50.1,239.4,50.1,228.9,50.1,4.8,1090.0,870.0,80.0,36.0,83.9,100.0,7635
2025-01-23T00:20:09.000000+00:00,240.0,50.2,240.0,50.2,228.9,50.2,4.7,1080.0,850.0,79.0,36.0,83.9,100.0,7635
2025-01-23T00:21:09.000000+00:00,239.6,50.1,238.7,50.1,228.9,50.1,4.7,1080.0,850.0,79.0,37.0,83.9,100.0,7635
2025-01-23T00:22:09.000000+00:00,239.8,50.2,239.8,50.2,228.9,50.2,4.7,1080.0,850.0,79.0,36.0,83.9,100.0,7635
2025-01-23T00:23:09.000000+00:00,240.0,50.1,240.0,50.1,228.9,50.1,4.8,1100.0,870.0,79.0,37.0,83.9,100.0,7635
2025-01-23T00:24:09.000000+00:00,239.4,50.2,240.5,50.2,228.9,50.2,4.8,1100.0,880.0,80.0,37.0,83.9,100.0,7635
2025-01-23T00:25:09.000000+00:00,240.3,50.2,240.3,50.1,228.9,50.1,4.8,1090.0,870.0,80.0,37.0,83.9,100.0,7635
2025-01-23T00:26:09.000000+00:00,240.1,50.1,240.2,50.1,229.0,50.1,4.8,1090.0,870.0,80.0,37.0,83.9,100.0,7635
2025-01-23T00:27:09.000000+00:00,240.1,50.1,240.1,50.1,228.9,50.1,4.7,1080.0,850.0,79.0,36.0,83.9,100.0,7635
2025-01-23T00:28:09.000000+00:00,239.7,50.1,239.7,50.1,228.9,50.1,4.8,1100.0,870.0,79.0,37.0,83.9,100.0,7635
2025-01-23T00:29:09.000000+00:00,240.2,50.1,240.2,50.1,228.9,50.1,4.7,1080.0,850.0,79.0,36.0,83.9,100.0,7635
2025-01-23T00:30:09.000000+00:00,240.0,50.1,240.1,50.1,228.9,50.1,4.8,1090.0,870.0,80.0,36.0,83.9,100.0,7635
2025-01-23T00:31:09.000000+00:00,241.2,50.2,241.2,50.2,228.9,50.2,4.7,1090.0,860.0,79.0,36.0,83.9,100.0,7635
2025-01-23T00:32:09.000000+00:00,241.1,50.3,241.0,50.2,228.9,50.2,4.8,1090.0,870.0,80.0,36.0,83.9,100.0,7635
2025-01-23T00:33:09.000000+00:00,240.6,50.2,240.2,50.2,229.0,50.2,4.8,1100.0,880.0,80.0,37.0,83.9,100.0,7635
2025-01-23T00:34:09.000000+00:00,240.2,50.2,240.2,50.2,228.9,50.2,4.8,1090.0,870.0,80.0,36.0,83.9,100.0,7635
2025-01-23T00:35:09.000000+00:00,241.5,50.2,240.9,50.2,228.9,50.2,4.8,1110.0,890.0,80.0,37.0,83.9,100.0,7635
2025-01-23T00:36:09.000000+00:00,240.5,50.2,240.9,50.2,228.9,50.2,4.9,1120.0,900.0,80.0,37.0,83.9,100.0,7635
2025-01-23T00:37:09.000000+00:00,241.1,50.2,240.7,50.2,228.9,50.2,4.7,1080.0,860.0,80.0,36.0,83.9,100.0,7635
2025-01-23T00:38:09.000000+00:00,241.1,50.2,241.1,50.2,228.9,50.2,4.8,1090.0,870.0,80.0,36.0,83.9,100.0,7259
2025-01-23T00:39:09.000000+00:00,241.2,50.2,241.2,50.2,228.9,50.2,4.8,1090.0,870.0,80.0,37.0,83.9,100.0,7635
2025-01-23T00:40:09.000000+00:00,240.0,50.1,240.0,50.1,228.9,50.1,4.8,1100.0,880.0,80.0,36.0,83.9,100.0,7635
2025-01-23T00:41:09.000000+00:00,240.2,50.2,240.7,50.2,228.9,50.2,4.7,1080.0,850.0,79.0,36.0,83.9,100.0,7635
2025-01-23T00:42:09.000000+00:00,240.0,50.2,240.9,50.2,228.9,50.2,4.7,1070.0,850.0,79.0,36.0,83.9,100.0,7635
2025-01-23T00:43:09.000000+00:00,240.8,50.1,240.8,50.1,228.9,50.1,4.9,1110.0,890.0,80.0,37.0,83.9,100.0,7635
2025-01-23T00:44:09.000000+00:00,240.5,50.2,240.1,50.2,228.9,50.2,4.8,1090.0,870.0,80.0,37.0,83.9,100.0,7635
2025-01-23T00:45:09.000000+00:00,239.9,50.2,240.9,50.2,228.9,50.2,4.8,1110.0,890.0,80.0,37.0,83.9,100.0,7635
2025-01-23T00:46:09.000000+00:00,239.9,50.2,240.8,50.2,228.9,50.2,4.8,1090.0,870.0,80.0,37.0,83.9,100.0,7259
2025-01-23T00:47:09.000000+00:00,240.5,50.2,241.0,50.2,228.9,50.2,4.8,1090.0,870.0,80.0,37.0,83.9,100.0,7635
2025-01-23T00:48:09.000000+00:00,240.9,50.2,240.0,50.2,228.9,50.2,4.8,1090.0,870.0,80.0,37.0,83.9,100.0,7635
2025-01-23T00:49:09.000000+00:00,240.4,50.3,240.4,50.3,228.9,50.3,4.7,1070.0,850.0,79.0,36.0,83.9,100.0,7635
2025-01-23T00:50:09.000000+00:00,240.0,50.1,240.0,50.1,228.9,50.1,4.7,1080.0,850.0,79.0,36.0,83.9,100.0,7635
2025-01-23T00:51:09.000000+00:00,239.7,50.1,239.7,50.1,228.9,50.1,4.8,1100.0,870.0,79.0,36.0,83.9,100.0,7635
2025-01-23T00:52:09.000000+00:00,241.1,50.2,241.1,50.2,228.9,50.2,4.7,1080.0,860.0,80.0,36.0,83.9,100.0,7635
2025-01-23T00:53:09.000000+00:00,240.1,50.2,240.1,50.2,228.9,50.2,4.8,1110.0,890.0,80.0,37.0,83.9,100.0,7635
2025-01-23T00:54:09.000000+00:00,239.7,50.1,239.8,50.1,228.9,50.1,4.8,1110.0,880.0,79.0,37.0,83.9,100.0,7635
2025-01-23T00:55:09.000000+00:00,240.3,50.1,240.4,50.1,228.9,50.1,4.9,1120.0,900.0,80.0,37.0,83.9,100.0,7635
2025-01-23T00:56:09.000000+00:00,241.0,50.2,240.9,50.2,228.9,50.2,4.8,1090.0,880.0,81.0,36.0,83.9,100.0,7635
2025-01-23T00:57:09.000000+00:00,240.6,50.2,241.5,50.2,228.9,50.2,4.7,1070.0,850.0,79.0,36.0,83.9,100.0,7538
2025-01-23T00:58:09.000000+00:00,240.7,50.2,240.7,50.2,228.9,50.2,4.8,1100.0,880.0,80.0,36.0,83.9,100.0,7538
2025-01-23T00:59:09.000000+00:00,239.8,50.0,239.8,50.0,228.9,50.0,4.8,1090.0,860.0,79.0,36.0,83.9,100.0,7538
2025-01-23T01:00:09.000000+00:00,239.8,50.0,239.8,50.0,228.9,50.0,4.8,1100.0,870.0,79.0,36.0,83.9,100.0,7538
2025-01-23T01:01:09.000000+00:00,240.5,50.1,239.6,50.1,228.9,50.1,4.8,1100.0,870.0,79.0,36.0,83.9,100.0,7538
2025-01-23T01:02:09.000000+00:00,239.3,50.1,240.1,50.1,228.9,50.1,4.8,1100.0,870.0,79.0,36.0,83.9,100.0,7538
2025-01-23T01:03:09.000000+00:00,239.9,50.0,239.9,50.0,228.9,50.0,4.8,1100.0,880.0,80.0,37.0,83.9,100.0,7538
2025-01-23T01:04:09.000000+00:00,239.6,50.0,239.6,50.0,228.9,50.0,4.8,1090.0,860.0,79.0,36.0,83.9,100.0,7538
2025-01-23T01:05:09.000000+00:00,239.2,50.1,239.2,50.1,228.9,50.1,4.8,1100.0,870.0,79.0,37.0,83.9,100.0,7538
2025-01-23T01:06:09.000000+00:00,239.9,50.1,239.9,50.1,228.9,50.1,4.7,1080.0,850.0,79.0,37.0,83.9,100.0,7538
2025-01-23T01:07:09.000000+00:00,238.7,50.0,239.1,50.0,229.0,50.0,4.8,1090.0,860.0,79.0,36.0,83.9,100.0,7538
2025-01-23T01:08:09.000000+00:00,239.2,50.0,239.2,50.0,228.9,50.0,4.8,1100.0,870.0,79.0,37.0,83.9,100.0,7538
2025-01-23T01:09:09.000000+00:00,239.1,50.0,239.1,50.0,228.9,50.0,4.9,1110.0,890.0,80.0,38.0,83.9,100.0,7538
2025-01-23T01:10:09.000000+00:00,239.1,50.0,239.1,50.0,228.9,50.0,4.8,1100.0,880.0,80.0,36.0,83.9,100.0,7538
2025-01-23T01:11:09.000000+00:00,239.8,50.1,239.8,50.1,229.0,50.1,4.8,1100.0,870.0,79.0,37.0,83.9,100.0,7538
2025-01-23T01:12:09.000000+00:00,239.0,50.1,239.5,50.1,228.9,50.1,4.7,1090.0,860.0,79.0,36.0,83.9,100.0,7538
2025-01-23T01:13:09.000000+00:00,239.7,50.2,239.7,50.2,229.0,50.2,4.8,1100.0,870.0,79.0,37.0,83.9,100.0,7538
2025-01-23T01:14:09.000000+00:00,240.1,50.2,240.1,50.2,228.9,50.2,4.7,1080.0,860.0,80.0,36.0,83.9,100.0,7538
2025-01-23T01:15:09.000000+00:00,240.2,50.3,241.1,50.3,228.9,50.3,4.8,1090.0,880.0,81.0,36.0,83.9,100.0,7538
2025-01-23T01:16:09.000000+00:00,241.6,50.3,240.6,50.3,228.9,50.3,4.8,1100.0,880.0,80.0,36.0,83.9,100.0,7538
2025-01-23T01:17:09.000000+00:00,241.1,50.3,241.2,50.3,228.9,50.3,4.8,1080.0,860.0,80.0,36.0,83.9,100.0,7538
2025-01-23T01:18:09.000000+00:00,241.4,50.2,241.3,50.2,228.9,50.2,4.8,1100.0,880.0,80.0,36.0,83.9,100.0,7538
2025-01-23T01:19:10.000000+00:00,240.1,50.2,240.1,50.2,228.9,50.2,4.7,1080.0,860.0,80.0,36.0,83.9,100.0,7538
2025-01-23T01:20:10.000000+00:00,240.1,50.2,241.1,50.2,228.9,50.2,4.7,1080.0,860.0,80.0,36.0,83.9,100.0,7538
2025-01-23T01:21:10.000000+00:00,240.1,50.2,240.5,50.2,228.9,50.2,4.7,1080.0,850.0,79.0,36.0,83.9,100.0,7538
2025-01-23T01:22:10.000000+00:00,241.1,50.3,241.1,50.3,228.9,50.3,4.7,1080.0,860.0,80.0,36.0,83.9,100.0,7538
2025-01-23T01:23:10.000000+00:00,240.6,50.2,240.0,50.2,228.9,50.2,4.9,1110.0,900.0,81.0,37.0,83.9,100.0,7538
2025-01-23T01:24:10.000000+00:00,241.3,50.3,241.4,50.3,228.9,50.3,4.8,1100.0,890.0,81.0,37.0,83.9,100.0,7538
2025-01-23T01:25:10.000000+00:00,241.7,50.2,240.8,50.2,228.9,50.2,4.8,1090.0,870.0,80.0,37.0,83.9,100.0,7538
2025-01-23T01:26:10.000000+00:00,241.7,50.2,241.2,50.2,228.9,50.2,4.8,1100.0,880.0,80.0,36.0,83.9,100.0,7538
2025-01-23T01:27:10.000000+00:00,240.9,50.3,240.8,50.2,228.9,50.3,4.7,1080.0,850.0,79.0,36.0,83.9,100.0,7538
2025-01-23T01:28:10.000000+00:00,240.6,50.2,241.0,50.2,228.9,50.2,4.8,1090.0,870.0,80.0,36.0,83.9,100.0,7538
2025-01-23T01:29:10.000000+00:00,240.0,50.2,240.5,50.2,228.9,50.2,4.7,1080.0,850.0,79.0,36.0,83.9,100.0,7538
2025-01-23T01:30:10.000000+00:00,239.8,50.2,240.8,50.2,228.9,50.2,4.7,1080.0,850.0,79.0,36.0,83.9,100.0,7538
2025-01-23T01:31:10.000000+00:00,240.8,50.3,241.7,50.3,229.0,50.3,4.7,1090.0,870.0,80.0,36.0,83.9,100.0,7538
2025-01-23T01:32:10.000000+00:00,240.9,50.3,240.9,50.3,228.9,50.3,4.8,1090.0,870.0,80.0,36.0,83.9,100.0,7538
2025-01-23T01:33:10.000000+00:00,240.8,50.3,240.8,50.3,229.0,50.3,4.8,1090.0,870.0,80.0,37.0,83.9,100.0,7538
2025-01-23T01:34:10.000000+00:00,241.1,50.2,241.1,50.2,228.9,50.2,4.7,1080.0,860.0,80.0,36.0,83.9,100.0,7538
2025-01-23T01:35:10.000000+00:00,241.3,50.3,242.2,50.3,228.9,50.3,4.8,1090.0,870.0,80.0,36.0,83.9,100.0,7538
2025-01-23T01:36:10.000000+00:00,241.4,50.3,241.4,50.3,228.9,50.3,4.8,1090.0,870.0,80.0,36.0,83.9,100.0,7538
2025-01-23T01:37:10.000000+00:00,241.2,50.2,241.2,50.2,228.9,50.2,4.7,1080.0,850.0,79.0,36.0,83.9,100.0,7538
2025-01-23T01:38:10.000000+00:00,240.7,50.2,240.7,50.2,228.9,50.2,4.8,1090.0,870.0,80.0,36.0,83.9,100.0,7538
2025-01-23T01:39:10.000000+00:00,241.6,50.3,240.7,50.3,228.9,50.3,4.8,1090.0,880.0,81.0,37.0,83.9,100.0,7538
2025-01-23T01:40:10.000000+00:00,241.0,50.2,241.0,50.3,228.9,50.3,4.8,1090.0,880.0,81.0,36.0,83.9,100.0,7538
2025-01-23T01:41:10.000000+00:00,241.3,50.3,240.8,50.3,228.9,50.3,4.7,1080.0,850.0,79.0,36.0,83.9,100.0,7538
2025-01-23T01:42:10.000000+00:00,241.1,50.2,240.7,50.2,228.9,50.2,4.7,1080.0,860.0,80.0,36.0,83.9,100.0,7538
2025-01-23T01:43:10.000000+00:00,241.5,50.2,241.1,50.2,228.9,50.2,4.8,1100.0,880.0,80.0,36.0,83.9,100.0,7538
2025-01-23T01:44:10.000000+00:00,241.1,50.3,241.2,50.3,228.9,50.3,4.8,1090.0,880.0,81.0,36.0,83.9,100.0,7538
2025-01-23T01:45:10.000000+00:00,240.0,50.2,240.0,50.2,228.9,50.2,4.8,1100.0,870.0,79.0,37.0,83.9,100.0,7538
2025-01-23T01:46:10.000000+00:00,240.8,50.2,240.5,50.2,228.9,50.2,4.8,1100.0,880.0,80.0,37.0,83.9,100.0,7538
2025-01-23T01:47:10.000000+00:00,240.1,50.1,239.6,50.1,228.9,50.1,4.8,1090.0,870.0,80.0,36.0,83.9,100.0,7538
2025-01-23T01:48:10.000000+00:00,240.6,50.2,240.6,50.2,228.9,50.2,4.8,1090.0,870.0,80.0,36.0,83.9,100.0,7538
2025-01-23T01:49:10.000000+00:00,240.2,50.2,239.8,50.2,228.9,50.2,4.7,1080.0,860.0,80.0,36.0,83.9,100.0,7538
2025-01-23T01:50:10.000000+00:00,240.4,50.2,240.4,50.3,228.9,50.3,4.8,1090.0,870.0,80.0,36.0,83.9,100.0,7538
2025-01-23T01:51:10.000000+00:00,240.7,50.2,240.6,50.2,228.9,50.2,4.7,1080.0,850.0,79.0,36.0,83.9,100.0,7538
2025-01-23T01:52:10.000000+00:00,239.5,50.2,239.5,50.2,228.9,50.2,4.7,1080.0,850.0,79.0,36.0,83.9,100.0,7538
2025-01-23T01:53:10.000000+00:00,239.4,50.2,239.3,50.2,228.9,50.2,4.8,1110.0,900.0,81.0,37.0,83.9,100.0,7538
2025-01-23T01:54:10.000000+00:00,239.0,50.2,239.9,50.2,228.9,50.2,4.8,1090.0,860.0,79.0,37.0,83.9,100.0,7538
2025-01-23T01:55:10.000000+00:00,239.3,50.2,239.7,50.2,228.9,50.2,4.8,1100.0,880.0,80.0,37.0,83.9,100.0,7538
2025-01-23T01:56:10.000000+00:00,238.8,50.1,238.8,50.1,228.9,50.1,4.8,1100.0,880.0,80.0,37.0,83.9,100.0,7538
2025-01-23T01:57:10.000000+00:00,239.2,50.1,239.2,50.1,228.9,50.1,4.7,1090.0,850.0,78.0,36.0,83.9,100.0,7538
2025-01-23T01:58:10.000000+00:00,239.8,50.2,239.8,50.2,228.9,50.2,4.8,1090.0,870.0,80.0,36.0,83.9,100.0,7538
2025-01-23T01:59:10.000000+00:00,239.3,50.1,238.8,50.1,228.9,50.1,4.8,1100.0,870.0,79.0,37.0,83.9,100.0,7538
2025-01-23T02:00:10.000000+00:00,238.9,50.2,239.7,50.2,228.9,50.2,4.7,1080.0,850.0,79.0,36.0,83.9,100.0,7538
2025-01-23T02:01:10.000000+00:00,238.5,50.1,238.5,50.1,228.9,50.1,4.7,1080.0,850.0,79.0,36.0,83.9,100.0,7538
2025-01-23T02:02:10.000000+00:00,238.1,50.1,238.1,50.1,228.9,50.1,4.8,1100.0,870.0,79.0,36.0,83.9,100.0,7538
2025-01-23T02:03:10.000000+00:00,238.0,50.2,238.0,50.2,228.9,50.2,4.9,1120.0,900.0,80.0,36.0,83.9,100.0,7538
2025-01-23T02:04:10.000000+00:00,237.6,50.1,237.6,50.1,228.9,50.1,4.7,1080.0,850.0,79.0,36.0,83.9,100.0,7538
2025-01-23T02:05:10.000000+00:00,237.3,50.1,238.2,50.1,228.9,50.1,4.8,1100.0,880.0,80.0,37.0,83.9,100.0,7538
2025-01-23T02:06:10.000000+00:00,238.1,50.1,237.1,50.1,228.9,50.1,4.8,1090.0,870.0,80.0,37.0,83.9,100.0,7538
2025-01-23T02:07:10.000000+00:00,237.1,50.0,237.1,50.0,228.9,50.0,4.8,1090.0,860.0,79.0,36.0,83.9,100.0,7538
2025-01-23T02:08:10.000000+00:00,236.6,50.0,236.5,50.0,228.9,50.0,4.8,1110.0,880.0,79.0,37.0,83.9,100.0,7538
2025-01-23T02:09:10.000000+00:00,235.5,49.9,236.4,49.9,228.9,49.9,4.9,1110.0,880.0,79.0,37.0,83.9,100.0,7538
2025-01-23T02:10:10.000000+00:00,235.9,50.0,235.9,50.0,228.9,50.0,4.8,1090.0,850.0,78.0,36.0,83.9,100.0,7538
2025-01-23T02:11:10.000000+00:00,235.9,50.0,235.5,50.0,228.9,50.0,4.8,1110.0,880.0,79.0,36.0,83.9,100.0,7538
2025-01-23T02:12:10.000000+00:00,235.9,50.0,235.9,50.0,228.9,50.0,4.8,1090.0,860.0,79.0,36.0,83.9,100.0,7538
2025-01-23T02:13:10.000000+00:00,235.6,50.1,235.6,50.1,228.9,50.1,4.8,1100.0,880.0,80.0,37.0,83.9,100.0,7538
2025-01-23T02:14:10.000000+00:00,238.3,50.1,238.3,50.1,228.9,50.1,4.8,1100.0,880.0,80.0,36.0,83.9,100.0,7538
2025-01-23T02:15:10.000000+00:00,238.8,50.1,238.8,50.1,228.9,50.1,4.8,1110.0,880.0,79.0,36.0,83.9,100.0,7538
2025-01-23T02:16:10.000000+00:00,238.4,50.0,238.4,50.0,228.9,50.0,4.8,1100.0,870.0,79.0,37.0,83.9,100.0,7538
2025-01-23T02:17:10.000000+00:00,238.3,50.0,238.3,50.0,228.9,50.0,4.8,1100.0,870.0,79.0,37.0,83.9,100.0,7538
2025-01-23T02:18:10.000000+00:00,240.2,50.2,240.1,50.2,228.9,50.2,4.8,1090.0,870.0,80.0,36.0,83.9,100.0,7538
2025-01-23T02:19:10.000000+00:00,239.8,50.2,239.5,50.2,228.9,50.2,4.8,1100.0,880.0,80.0,36.0,83.9,100.0,7538
2025-01-23T02:20:10.000000+00:00,239.5,50.2,238.6,50.2,228.9,50.2,4.7,1080.0,860.0,80.0,36.0,84.0,100.0,7538
2025-01-23T02:21:10.000000+00:00,238.3,50.2,239.3,50.2,228.9,50.2,4.7,1080.0,860.0,80.0,36.0,84.0,100.0,7538
2025-01-23T02:22:10.000000+00:00,237.9,50.0,238.8,50.0,228.9,50.0,4.8,1090.0,860.0,79.0,36.0,83.9,100.0,7538
2025-01-23T02:23:10.000000+00:00,238.4,50.1,238.3,50.1,228.9,50.1,4.9,1110.0,900.0,81.0,37.0,83.9,100.0,7538
2025-01-23T02:24:10.000000+00:00,238.1,50.1,238.0,50.1,228.9,50.1,4.8,1100.0,870.0,79.0,36.0,83.9,100.0,7538
2025-01-23T02:25:10.000000+00:00,237.6,50.1,237.7,50.1,228.9,50.1,4.8,1100.0,880.0,80.0,37.0,83.9,100.0,7538
2025-01-23T02:26:10.000000+00:00,238.0,50.1,238.0,50.1,228.9,50.1,4.7,1080.0,850.0,79.0,36.0,83.9,100.0,7538
2025-01-23T02:27:11.000000+00:00,238.0,50.1,238.4,50.1,228.9,50.1,4.7,1080.0,850.0,79.0,36.0,83.9,100.0,7538
2025-01-23T02:28:11.000000+00:00,237.3,50.1,237.3,50.1,228.9,50.1,4.8,1100.0,870.0,79.0,37.0,84.0,100.0,7538
2025-01-23T02:29:11.000000+00:00,237.0,50.0,236.6,50.0,228.9,50.0,4.7,1080.0,850.0,79.0,37.0,83.9,100.0,7538
2025-01-23T02:30:11.000000+00:00,236.8,50.0,237.3,50.0,228.9,50.0,4.8,1090.0,870.0,80.0,37.0,83.9,100.0,7538
2025-01-23T02:31:11.000000+00:00,235.7,50.0,236.3,50.0,228.9,50.0,4.8,1090.0,850.0,78.0,36.0,84.0,100.0,7538
2025-01-23T02:32:11.000000+00:00,237.1,50.1,236.3,50.0,228.9,50.0,4.8,1100.0,870.0,79.0,37.0,83.9,100.0,7538
2025-01-23T02:33:11.000000+00:00,235.9,50.1,235.9,50.1,228.9,50.1,4.8,1100.0,870.0,79.0,37.0,83.9,100.0,7538
2025-01-23T02:34:11.000000+00:00,235.2,50.1,236.1,50.1,228.9,50.0,4.8,1100.0,880.0,80.0,37.0,84.0,100.0,7538
2025-01-23T02:35:11.000000+00:00,235.1,50.1,234.2,50.1,228.9,50.0,4.8,1100.0,880.0,80.0,37.0,84.0,100.0,7538
2025-01-23T02:36:11.000000+00:00,237.6,50.0,237.5,50.0,228.9,50.0,4.9,1120.0,900.0,80.0,37.0,83.9,100.0,7538
2025-01-23T02:37:11.000000+00:00,237.2,50.0,236.7,50.0,228.9,50.0,4.8,1090.0,850.0,78.0,36.0,84.0,100.0,7538
2025-01-23T02:38:11.000000+00:00,236.6,50.0,237.1,50.0,228.9,50.0,4.8,1100.0,870.0,79.0,37.0,84.0,100.0,7538
2025-01-23T02:39:11.000000+00:00,236.1,50.0,236.5,50.0,228.9,50.0,4.8,1100.0,870.0,79.0,37.0,84.0,100.0,7538
2025-01-23T02:40:11.000000+00:00,236.5,50.0,236.0,50.0,228.9,50.0,4.8,1110.0,880.0,79.0,37.0,84.0,100.0,7538
2025-01-23T02:41:11.000000+00:00,237.1,49.9,237.1,49.9,228.9,49.9,4.8,1100.0,860.0,78.0,36.0,84.0,100.0,7538
2025-01-23T02:42:11.000000+00:00,237.9,50.0,237.9,50.0,228.9,50.0,4.8,1090.0,860.0,79.0,36.0,84.0,100.0,7538
2025-01-23T02:43:11.000000+00:00,237.4,50.1,237.4,50.1,228.9,50.1,4.9,1110.0,890.0,80.0,37.0,84.0,100.0,7538
2025-01-23T02:44:11.000000+00:00,237.9,50.0,237.9,50.0,228.9,50.0,4.8,1110.0,880.0,79.0,37.0,83.9,100.0,7538
2025-01-23T02:45:11.000000+00:00,238.1,50.1,238.0,50.1,228.9,50.1,4.8,1100.0,880.0,80.0,37.0,83.9,100.0,7538
2025-01-23T02:46:11.000000+00:00,237.6,50.1,237.6,50.1,228.9,50.1,4.8,1100.0,870.0,79.0,37.0,84.0,100.0,7538
2025-01-23T02:47:11.000000+00:00,237.1,50.2,237.1,50.2,228.9,50.2,4.8,1090.0,860.0,79.0,36.0,83.9,100.0,7538
2025-01-23T02:48:11.000000+00:00,237.4,50.1,237.4,50.1,228.9,50.1,4.8,1090.0,870.0,80.0,37.0,84.0,100.0,7538
2025-01-23T02:49:11.000000+00:00,237.3,50.2,237.3,50.2,228.9,50.2,4.8,1090.0,870.0,80.0,37.0,84.0,100.0,7538
2025-01-23T02:50:11.000000+00:00,237.9,50.3,238.0,50.3,228.9,50.3,4.7,1070.0,850.0,79.0,37.0,84.0,100.0,7538
2025-01-23T02:51:11.000000+00:00,238.7,50.3,238.7,50.3,228.9,50.3,4.7,1080.0,850.0,79.0,36.0,84.0,100.0,7538
2025-01-23T02:52:11.000000+00:00,237.8,50.2,237.8,50.2,228.9,50.2,4.7,1080.0,850.0,79.0,36.0,83.9,100.0,7538
2025-01-23T02:53:11.000000+00:00,237.8,50.1,237.3,50.1,228.9,50.1,4.8,1110.0,890.0,80.0,37.0,84.0,100.0,7538
2025-01-23T02:54:11.000000+00:00,237.0,50.2,236.9,50.2,228.9,50.2,4.8,1100.0,880.0,80.0,36.0,84.0,100.0,7538
2025-01-23T02:55:11.000000+00:00,237.0,50.2,237.9,50.2,228.9,50.2,4.8,1100.0,890.0,81.0,37.0,84.0,100.0,7538
2025-01-23T02:56:11.000000+00:00,237.3,50.1,237.2,50.1,228.9,50.1,4.8,1100.0,880.0,80.0,37.0,84.0,100.0,7538
2025-01-23T02:57:11.000000+00:00,236.6,50.1,236.7,50.1,228.9,50.1,4.7,1090.0,860.0,79.0,36.0,84.0,100.0,7538
2025-01-23T02:58:11.000000+00:00,235.7,50.1,236.1,50.1,228.9,50.1,4.8,1100.0,870.0,79.0,37.0,84.0,100.0,7538
2025-01-23T02:59:11.000000+00:00,236.2,50.1,236.6,50.1,228.9,50.1,4.8,1110.0,890.0,80.0,37.0,84.0,100.0,7538
2025-01-23T03:00:11.000000+00:00,235.9,50.1,235.5,50.1,228.9,50.1,4.9,1120.0,900.0,80.0,37.0,84.0,100.0,7538
2025-01-23T03:01:11.000000+00:00,235.3,50.0,235.3,50.0,228.9,50.0,4.8,1100.0,880.0,80.0,36.0,84.0,100.0,7538
2025-01-23T03:02:11.000000+00:00,236.0,50.1,236.0,50.1,228.9,50.1,4.8,1090.0,870.0,80.0,36.0,84.0,100.0,7538
2025-01-23T03:03:11.000000+00:00,234.4,50.0,234.4,50.0,228.9,50.0,4.8,1100.0,880.0,80.0,37.0,84.0,100.0,7538
2025-01-23T03:04:11.000000+00:00,234.4,50.0,234.4,50.0,228.9,50.0,4.8,1110.0,880.0,79.0,37.0,84.0,100.0,7538
2025-01-23T03:05:11.000000+00:00,237.8,50.0,238.2,50.0,228.9,50.0,4.8,1100.0,880.0,80.0,37.0,84.0,100.0,7538
2025-01-23T03:06:11.000000+00:00,236.9,50.0,237.5,50.0,228.9,50.0,4.8,1110.0,880.0,79.0,37.0,84.0,100.0,7538
2025-01-23T03:07:11.000000+00:00,237.5,50.1,237.0,50.1,228.9,50.1,4.7,1090.0,860.0,79.0,36.0,84.0,100.0,7538
2025-01-23T03:08:11.000000+00:00,236.7,50.0,236.7,50.0,228.9,50.0,4.8,1100.0,870.0,79.0,37.0,84.0,100.0,7538
2025-01-23T03:09:11.000000+00:00,236.8,50.1,236.9,50.1,228.9,50.1,4.8,1110.0,890.0,80.0,36.0,84.0,100.0,7538
2025-01-23T03:10:11.000000+00:00,236.2,50.1,236.2,50.1,228.9,50.1,4.8,1090.0,860.0,79.0,37.0,84.0,100.0,7538
2025-01-23T03:11:11.000000+00:00,237.0,50.2,236.6,50.1,228.9,50.1,4.7,1080.0,860.0,80.0,36.0,84.0,100.0,7538
2025-01-23T03:12:11.000000+00:00,235.5,50.1,236.5,50.1,228.9,50.1,4.8,1090.0,860.0,79.0,36.0,84.0,100.0,7538
2025-01-23T03:13:11.000000+00:00,235.6,50.1,235.5,50.1,228.9,50.1,4.8,1110.0,890.0,80.0,37.0,84.0,100.0,7538
2025-01-23T03:14:11.000000+00:00,234.9,50.0,234.9,50.0,228.9,50.0,4.8,1100.0,880.0,80.0,37.0,84.0,100.0,7538
2025-01-23T03:15:11.000000+00:00,234.9,50.0,234.9,50.0,228.9,50.0,4.8,1100.0,870.0,79.0,37.0,84.0,100.0,7538
2025-01-23T03:16:11.000000+00:00,234.7,50.0,234.6,50.0,228.9,50.0,4.8,1100.0,880.0,80.0,37.0,83.9,100.0,7538
2025-01-23T03:17:11.000000+00:00,235.3,50.0,235.3,50.0,228.9,50.0,4.8,1090.0,860.0,79.0,37.0,84.0,100.0,7538
2025-01-23T03:18:11.000000+00:00,234.4,50.0,234.4,50.0,229.0,50.0,4.8,1100.0,860.0,78.0,37.0,84.0,100.0,7538
2025-01-23T03:19:11.000000+00:00,234.0,50.1,234.4,50.1,228.9,50.1,4.8,1100.0,880.0,80.0,37.0,84.0,100.0,7538
2025-01-23T03:20:11.000000+00:00,237.4,50.0,237.4,50.0,228.9,50.1,4.8,1100.0,880.0,80.0,37.0,84.0,100.0,7538
2025-01-23T03:21:11.000000+00:00,237.8,50.1,237.8,50.1,228.9,50.1,4.9,1120.0,900.0,80.0,36.0,84.0,100.0,7538
2025-01-23T03:22:11.000000+00:00,238.8,50.0,238.0,50.0,228.9,50.0,4.8,1090.0,860.0,79.0,36.0,84.0,100.0,7538
2025-01-23T03:23:11.000000+00:00,237.7,50.0,237.7,50.0,228.9,50.0,4.8,1100.0,880.0,80.0,37.0,84.0,100.0,7538
2025-01-23T03:24:11.000000+00:00,236.8,50.1,237.2,50.1,228.9,50.1,4.8,1110.0,880.0,79.0,37.0,84.0,100.0,7538
2025-01-23T03:25:11.000000+00:00,237.3,50.1,237.8,50.1,228.9,50.1,4.8,1100.0,880.0,80.0,37.0,84.0,100.0,7538
2025-01-23T03:26:11.000000+00:00,237.3,50.1,237.3,50.1,228.9,50.1,4.8,1100.0,880.0,80.0,37.0,84.0,100.0,7538
2025-01-23T03:27:11.000000+00:00,238.6,50.1,238.6,50.1,228.9,50.1,4.8,1090.0,860.0,79.0,36.0,84.0,100.0,7538
2025-01-23T03:28:11.000000+00:00,238.0,50.1,238.1,50.1,228.9,50.1,4.8,1100.0,880.0,80.0,37.0,84.0,100.0,7538
2025-01-23T03:29:11.000000+00:00,237.7,50.1,237.7,50.1,228.9,50.1,4.9,1110.0,900.0,81.0,37.0,84.0,100.0,7538
2025-01-23T03:30:11.000000+00:00,238.3,50.1,238.3,50.1,228.9,50.1,4.8,1090.0,860.0,79.0,37.0,84.0,100.0,7538
2025-01-23T03:31:11.000000+00:00,237.4,50.1,237.9,50.1,228.9,50.1,4.8,1090.0,860.0,79.0,36.0,84.0,100.0,7538
2025-01-23T03:32:11.000000+00:00,238.2,50.1,238.3,50.1,228.9,50.1,4.8,1090.0,870.0,80.0,36.0,84.0,100.0,7538
2025-01-23T03:33:11.000000+00:00,238.3,50.1,237.8,50.1,228.9,50.1,4.8,1100.0,880.0,80.0,37.0,84.0,100.0,7538
2025-01-23T03:34:11.000000+00:00,238.1,50.1,237.2,50.1,228.9,50.1,4.8,1100.0,880.0,80.0,37.0,84.0,100.0,7538
2025-01-23T03:35:12.000000+00:00,237.0,50.0,236.6,50.0,228.9,50.0,4.8,1100.0,880.0,80.0,37.0,84.0,100.0,7538
2025-01-23T03:36:12.000000+00:00,237.3,50.0,236.8,50.0,228.9,50.0,4.8,1100.0,870.0,79.0,37.0,84.0,100.0,7538
2025-01-23T03:37:12.000000+00:00,236.4,50.0,237.4,50.0,228.9,50.1,4.8,1090.0,860.0,79.0,36.0,84.0,100.0,7538
2025-01-23T03:38:12.000000+00:00,237.1,50.0,236.1,50.0,228.9,50.0,4.8,1100.0,870.0,79.0,37.0,84.0,100.0,7538
2025-01-23T03:39:12.000000+00:00,237.8,50.2,237.7,50.2,228.9,50.2,4.8,1100.0,890.0,81.0,37.0,84.0,100.0,7538
2025-01-23T03:40:12.000000+00:00,237.4,50.1,236.8,50.1,228.9,50.1,4.8,1100.0,880.0,80.0,37.0,84.0,100.0,7538
2025-01-23T03:41:12.000000+00:00,236.7,50.2,237.6,50.2,228.9,50.2,4.7,1080.0,860.0,80.0,36.0,84.0,100.0,7538
2025-01-23T03:42:12.000000+00:00,237.4,50.2,237.4,50.2,228.9,50.2,4.7,1080.0,860.0,80.0,36.0,84.0,100.0,7538
2025-01-23T03:43:12.000000+00:00,237.5,50.2,237.5,50.2,228.9,50.2,4.8,1100.0,880.0,80.0,36.0,84.0,100.0,7538
2025-01-23T03:44:12.000000+00:00,237.8,50.1,237.2,50.1,228.9,50.1,4.8,1100.0,870.0,79.0,37.0,84.0,100.0,7538
2025-01-23T03:45:12.000000+00:00,237.7,50.2,237.7,50.2,228.9,50.2,4.8,1090.0,870.0,80.0,37.0,84.0,100.0,7538
2025-01-23T03:46:12.000000+00:00,237.5,50.1,238.0,50.1,228.9,50.1,4.8,1100.0,870.0,79.0,37.0,84.0,100.0,7538
2025-01-23T03:47:12.000000+00:00,237.4,50.2,237.4,50.2,228.9,50.2,4.7,1090.0,860.0,79.0,36.0,84.0,100.0,7538
2025-01-23T03:48:12.000000+00:00,237.5,50.1,237.5,50.1,228.9,50.1,4.8,1090.0,870.0,80.0,37.0,84.0,100.0,7538
2025-01-23T03:49:12.000000+00:00,238.4,50.2,238.4,50.2,228.9,50.2,4.8,1110.0,890.0,80.0,37.0,84.0,100.0,7538
2025-01-23T03:50:12.000000+00:00,238.0,50.2,238.0,50.2,228.9,50.2,4.7,1080.0,850.0,79.0,36.0,84.0,100.0,7538
2025-01-23T03:51:12.000000+00:00,237.0,50.2,237.0,50.2,228.9,50.1,4.7,1080.0,850.0,79.0,36.0,84.0,100.0,7538
2025-01-23T03:52:12.000000+00:00,237.0,50.1,237.6,50.1,228.9,50.1,4.7,1080.0,850.0,79.0,36.0,84.0,100.0,7538
2025-01-23T03:53:12.000000+00:00,236.7,50.1,236.6,50.1,228.9,50.1,4.9,1120.0,900.0,80.0,36.0,84.0,100.0,7538
2025-01-23T03:54:12.000000+00:00,235.9,50.1,235.9,50.1,228.9,50.1,4.8,1100.0,880.0,80.0,36.0,84.0,100.0,7538
2025-01-23T03:55:12.000000+00:00,236.4,50.2,235.4,50.2,228.9,50.2,4.8,1100.0,880.0,80.0,37.0,84.0,100.0,7538
2025-01-23T03:56:12.000000+00:00,235.6,50.2,235.6,50.2,228.9,50.2,4.8,1100.0,880.0,80.0,37.0,84.0,100.0,7538
2025-01-23T03:57:12.000000+00:00,236.5,50.2,236.5,50.2,228.9,50.2,4.7,1080.0,860.0,80.0,36.0,84.0,100.0,7538
2025-01-23T03:58:12.000000+00:00,236.0,50.2,236.0,50.2,228.9,50.2,4.9,1110.0,890.0,80.0,37.0,84.0,100.0,7538
2025-01-23T03:59:12.000000+00:00,235.2,50.1,235.2,50.1,228.9,50.1,4.8,1100.0,880.0,80.0,37.0,84.0,100.0,7538
2025-01-23T04:00:12.000000+00:00,234.8,50.1,235.0,50.1,228.9,50.1,4.9,1120.0,890.0,79.0,37.0,84.0,100.0,7538
2025-01-23T04:01:12.000000+00:00,234.9,50.2,234.9,50.2,228.9,50.2,4.7,1080.0,860.0,80.0,36.0,84.0,100.0,7538
2025-01-23T04:02:12.000000+00:00,235.0,50.2,235.0,50.2,228.9,50.2,4.8,1090.0,870.0,80.0,36.0,84.0,100.0,7538
2025-01-23T04:03:12.000000+00:00,235.5,50.3,235.2,50.3,228.9,50.3,4.8,1100.0,880.0,80.0,36.0,84.0,100.0,7538
2025-01-23T04:04:12.000000+00:00,235.5,50.2,236.5,50.2,228.9,50.2,4.8,1090.0,870.0,80.0,37.0,84.0,100.0,7538
2025-01-23T04:05:12.000000+00:00,235.3,50.2,236.1,50.2,228.9,50.2,4.8,1090.0,870.0,80.0,37.0,84.0,100.0,7538
2025-01-23T04:06:12.000000+00:00,234.9,50.2,234.9,50.2,228.9,50.2,4.8,1100.0,870.0,79.0,36.0,84.0,100.0,7538
2025-01-23T04:07:12.000000+00:00,235.3,50.1,235.3,50.1,228.9,50.1,4.7,1080.0,850.0,79.0,36.0,84.0,100.0,7538
2025-01-23T04:08:12.000000+00:00,234.7,50.2,234.7,50.2,228.9,50.2,4.8,1090.0,870.0,80.0,36.0,84.0,100.0,7538
2025-01-23T04:09:12.000000+00:00,234.9,50.2,234.1,50.2,228.9,50.2,4.8,1100.0,890.0,81.0,37.0,84.0,100.0,7538
2025-01-23T04:10:12.000000+00:00,233.9,50.2,233.9,50.2,228.9,50.2,4.9,1120.0,900.0,80.0,37.0,84.0,100.0,7538
2025-01-23T04:11:12.000000+00:00,234.0,50.2,234.0,50.2,228.9,50.2,4.7,1090.0,860.0,79.0,36.0,84.0,100.0,7538
2025-01-23T04:12:12.000000+00:00,234.0,50.2,234.5,50.2,228.9,50.2,4.7,1090.0,860.0,79.0,36.0,84.0,100.0,7538
2025-01-23T04:13:12.000000+00:00,232.8,50.1,232.8,50.1,228.9,50.1,4.8,1100.0,880.0,80.0,36.0,84.0,100.0,7538
2025-01-23T04:14:12.000000+00:00,233.2,50.1,232.9,50.1,228.9,50.1,4.8,1100.0,880.0,80.0,36.0,84.0,100.0,7538
2025-01-23T04:15:12.000000+00:00,236.7,50.2,236.7,50.2,228.9,50.2,4.8,1090.0,870.0,80.0,36.0,84.0,100.0,7538
2025-01-23T04:16:12.000000+00:00,236.2,50.2,236.8,50.2,228.9,50.2,4.7,1080.0,850.0,79.0,36.0,84.0,100.0,7538
2025-01-23T04:17:12.000000+00:00,235.8,50.1,236.3,50.1,228.9,50.1,4.8,1090.0,860.0,79.0,36.0,84.0,100.0,7538
2025-01-23T04:18:12.000000+00:00,237.4,50.2,236.6,50.2,228.9,50.2,4.8,1100.0,870.0,79.0,37.0,84.0,100.0,7538
2025-01-23T04:19:12.000000+00:00,236.0,50.1,236.0,50.1,228.9,50.1,4.8,1100.0,870.0,79.0,37.0,84.0,100.0,7538
2025-01-23T04:20:12.000000+00:00,237.0,50.1,236.6,50.1,228.9,50.1,4.7,1090.0,860.0,79.0,37.0,84.0,100.0,7538
2025-01-23T04:21:12.000000+00:00,237.1,50.1,237.1,50.1,228.9,50.1,4.7,1080.0,850.0,79.0,36.0,84.0,100.0,7538
2025-01-23T04:22:12.000000+00:00,236.6,50.2,236.6,50.2,228.9,50.2,4.7,1080.0,860.0,80.0,36.0,84.0,100.0,7538
2025-01-23T04:23:12.000000+00:00,235.6,50.2,236.6,50.2,228.9,50.2,4.9,1120.0,900.0,80.0,36.0,84.0,100.0,7538
2025-01-23T04:24:12.000000+00:00,235.8,50.1,236.2,50.1,228.9,50.1,4.8,1100.0,870.0,79.0,37.0,84.0,100.0,7538
2025-01-23T04:25:12.000000+00:00,236.1,50.1,236.3,50.1,228.9,50.1,4.8,1100.0,880.0,81.0,37.0,84.0,100.0,7538
2025-01-23T04:26:12.000000+00:00,236.1,50.1,236.1,50.1,228.9,50.1,4.8,1090.0,870.0,80.0,37.0,84.0,100.0,7538
2025-01-23T04:27:12.000000+00:00,236.2,50.1,236.2,50.1,228.9,50.1,4.7,1090.0,860.0,79.0,36.0,84.0,100.0,7538
2025-01-23T04:28:12.000000+00:00,235.2,50.0,236.1,50.0,228.9,50.0,4.8,1100.0,870.0,79.0,37.0,84.0,100.0,7538
2025-01-23T04:29:12.000000+00:00,235.3,50.1,235.3,50.1,228.9,50.1,4.8,1100.0,880.0,80.0,37.0,84.0,100.0,7538
2025-01-23T04:30:12.000000+00:00,234.2,50.1,234.2,50.1,228.9,50.1,4.7,1080.0,850.0,79.0,36.0,84.0,100.0,7538
2025-01-23T04:31:12.000000+00:00,235.5,50.1,234.9,50.1,228.9,50.1,4.8,1090.0,870.0,80.0,36.0,84.0,100.0,7538
2025-01-23T04:32:12.000000+00:00,235.6,50.2,235.6,50.2,228.9,50.2,4.7,1080.0,860.0,80.0,36.0,84.0,100.0,7538
2025-01-23T04:33:12.000000+00:00,236.0,50.1,235.6,50.1,228.9,50.1,4.8,1100.0,870.0,79.0,37.0,84.0,100.0,7538
2025-01-23T04:34:12.000000+00:00,235.5,50.2,235.5,50.2,228.9,50.2,4.8,1090.0,870.0,80.0,37.0,84.0,100.0,7538
2025-01-23T04:35:12.000000+00:00,236.5,50.2,236.1,50.2,228.9,50.2,4.8,1090.0,870.0,80.0,36.0,84.0,100.0,7538
2025-01-23T04:36:12.000000+00:00,236.1,50.2,236.1,50.2,228.9,50.2,4.8,1100.0,880.0,80.0,36.0,84.0,100.0,7538
2025-01-23T04:37:12.000000+00:00,235.1,50.2,235.1,50.2,228.9,50.2,4.7,1080.0,860.0,80.0,36.0,84.0,100.0,7538
2025-01-23T04:38:12.000000+00:00,235.0,50.2,235.1,50.2,228.9,50.2,4.8,1090.0,870.0,80.0,37.0,84.0,100.0,7538
2025-01-23T04:39:12.000000+00:00,236.0,50.2,235.4,50.2,228.9,50.2,4.8,1090.0,870.0,80.0,36.0,84.0,100.0,7538
2025-01-23T04:40:12.000000+00:00,236.6,50.2,236.6,50.2,228.9,50.2,4.7,1080.0,850.0,79.0,36.0,83.9,100.0,7538
2025-01-23T04:41:12.000000+00:00,235.7,50.2,235.7,50.2,228.9,50.2,4.7,1080.0,860.0,80.0,36.0,84.0,100.0,7538
2025-01-23T04:42:12.000000+00:00,235.4,50.2,235.4,50.2,228.9,50.2,4.7,1080.0,860.0,80.0,36.0,84.0,100.0,7538
2025-01-23T04:43:13.000000+00:00,235.0,50.2,235.0,50.2,228.9,50.2,4.8,1110.0,890.0,80.0,37.0,84.0,100.0,7538
2025-01-23T04:44:13.000000+00:00,235.4,50.1,234.9,50.1,228.9,50.1,4.8,1100.0,880.0,80.0,36.0,84.0,100.0,7538
2025-01-23T04:45:13.000000+00:00,236.1,50.2,236.1,50.2,228.9,50.2,4.8,1100.0,870.0,79.0,36.0,84.0,100.0,7538
2025-01-23T04:46:13.000000+00:00,235.4,50.1,235.9,50.1,228.9,50.1,4.8,1100.0,880.0,80.0,37.0,83.9,100.0,7538
2025-01-23T04:47:13.000000+00:00,235.7,50.2,235.3,50.2,228.9,50.2,4.8,1090.0,870.0,80.0,36.0,84.0,100.0,7538
2025-01-23T04:48:13.000000+00:00,234.3,50.1,235.2,50.1,228.9,50.1,4.8,1100.0,880.0,80.0,37.0,84.0,100.0,7538
2025-01-23T04:49:13.000000+00:00,235.0,50.2,235.0,50.2,228.9,50.2,4.8,1090.0,870.0,80.0,36.0,83.9,100.0,7538
2025-01-23T04:50:13.000000+00:00,234.4,50.2,234.4,50.2,228.9,50.2,4.7,1080.0,850.0,79.0,36.0,83.9,100.0,7538
2025-01-23T04:51:13.000000+00:00,235.9,50.2,234.9,50.2,228.9,50.2,4.7,1080.0,850.0,79.0,36.0,84.0,100.0,7538
2025-01-23T04:52:13.000000+00:00,235.9,50.3,235.9,50.3,228.9,50.3,4.7,1070.0,850.0,79.0,36.0,83.9,100.0,7538
2025-01-23T04:53:13.000000+00:00,235.7,50.2,236.1,50.2,228.9,50.2,4.8,1110.0,890.0,80.0,36.0,83.9,100.0,7443
2025-01-23T04:54:13.000000+00:00,235.6,50.1,235.6,50.1,228.9,50.1,4.8,1100.0,880.0,80.0,37.0,84.0,100.0,7443
2025-01-23T04:55:13.000000+00:00,235.9,50.1,235.5,50.1,228.9,50.1,4.8,1110.0,890.0,80.0,37.0,84.0,100.0,7443
2025-01-23T04:56:13.000000+00:00,236.2,50.2,236.2,50.2,228.9,50.2,4.8,1090.0,870.0,80.0,37.0,83.9,100.0,7443
2025-01-23T04:57:13.000000+00:00,235.0,50.2,235.0,50.2,228.9,50.2,4.7,1080.0,850.0,79.0,36.0,84.0,100.0,7837
2025-01-23T04:58:13.000000+00:00,235.8,50.1,235.8,50.1,228.9,50.1,4.8,1100.0,870.0,79.0,37.0,83.9,100.0,7443
2025-01-23T04:59:13.000000+00:00,235.6,50.2,235.5,50.2,228.9,50.2,4.8,1090.0,880.0,81.0,37.0,83.9,100.0,7837
2025-01-23T05:00:13.000000+00:00,234.9,50.2,234.9,50.2,228.9,50.2,4.7,1080.0,850.0,79.0,36.0,83.9,100.0,7443
2025-01-23T05:01:13.000000+00:00,234.3,50.2,234.1,50.2,228.9,50.2,4.8,1080.0,860.0,80.0,36.0,83.9,100.0,7350
2025-01-23T05:02:13.000000+00:00,233.5,50.2,234.5,50.2,228.9,50.2,4.8,1090.0,860.0,79.0,36.0,83.9,100.0,7350
2025-01-23T05:03:13.000000+00:00,234.7,50.2,234.7,50.2,228.9,50.2,4.8,1090.0,870.0,80.0,36.0,83.9,100.0,7443
2025-01-23T05:04:13.000000+00:00,234.8,50.3,234.8,50.3,228.9,50.3,4.7,1080.0,850.0,79.0,36.0,83.9,100.0,7837
2025-01-23T05:05:13.000000+00:00,233.3,50.0,233.3,50.0,228.9,50.0,4.8,1100.0,870.0,79.0,37.0,83.9,100.0,7443
2025-01-23T05:06:13.000000+00:00,233.4,50.0,233.4,50.0,228.9,50.0,4.9,1120.0,890.0,79.0,37.0,83.9,100.0,7350
2025-01-23T05:07:13.000000+00:00,234.0,50.1,234.0,50.1,228.9,50.1,4.7,1080.0,850.0,79.0,37.0,83.9,100.0,7735
2025-01-23T05:08:13.000000+00:00,234.2,50.1,234.2,50.1,228.9,50.1,4.8,1100.0,870.0,79.0,37.0,83.9,100.0,7350
2025-01-23T05:09:13.000000+00:00,233.9,50.2,234.2,50.2,228.9,50.2,4.8,1100.0,890.0,81.0,36.0,83.9,100.0,7837
2025-01-23T05:10:13.000000+00:00,234.8,50.2,234.8,50.2,228.9,50.2,4.7,1070.0,850.0,79.0,36.0,83.9,100.0,7837
2025-01-23T05:11:13.000000+00:00,233.0,50.1,233.0,50.1,228.9,50.1,4.7,1080.0,850.0,79.0,36.0,83.9,100.0,7443
2025-01-23T05:12:13.000000+00:00,233.5,50.1,233.4,50.1,228.9,50.1,4.7,1080.0,850.0,79.0,36.0,83.9,100.0,7735
2025-01-23T05:13:13.000000+00:00,232.4,49.9,231.4,49.9,228.9,49.9,4.8,1100.0,870.0,79.0,37.0,83.9,100.0,7350
2025-01-23T05:14:13.000000+00:00,235.6,49.9,235.6,49.9,228.9,49.9,4.8,1100.0,880.0,80.0,37.0,83.9,100.0,7735
2025-01-23T05:15:13.000000+00:00,237.1,50.1,236.2,50.1,228.9,50.1,4.8,1090.0,860.0,79.0,36.0,83.9,100.0,7350
2025-01-23T05:16:13.000000+00:00,236.4,50.1,236.4,50.1,228.9,50.1,4.8,1100.0,870.0,79.0,37.0,83.9,100.0,7259
2025-01-23T05:17:13.000000+00:00,235.8,50.2,235.8,50.2,228.9,50.2,4.8,1100.0,880.0,80.0,36.0,83.9,100.0,7635
2025-01-23T05:18:13.000000+00:00,235.7,50.1,236.1,50.1,228.9,50.1,4.8,1100.0,870.0,79.0,37.0,83.9,100.0,7635
2025-01-23T05:19:13.000000+00:00,235.7,50.2,235.7,50.2,228.9,50.2,4.8,1090.0,870.0,80.0,37.0,83.9,100.0,7538
2025-01-23T05:20:13.000000+00:00,235.7,50.3,235.7,50.3,228.9,50.3,4.7,1070.0,850.0,79.0,36.0,83.9,100.0,7538
2025-01-23T05:21:13.000000+00:00,235.7,50.3,235.7,50.3,228.9,50.3,4.7,1070.0,850.0,79.0,36.0,83.9,100.0,7538
2025-01-23T05:22:13.000000+00:00,234.5,50.1,235.1,50.1,228.9,50.1,4.7,1080.0,850.0,79.0,36.0,83.9,100.0,7538
2025-01-23T05:23:13.000000+00:00,235.1,50.1,235.0,50.1,228.9,50.1,4.8,1100.0,870.0,79.0,36.0,83.9,100.0,7538
2025-01-23T05:24:13.000000+00:00,235.1,50.1,235.1,50.1,228.9,50.1,4.8,1110.0,880.0,79.0,37.0,83.9,100.0,7538
2025-01-23T05:25:13.000000+00:00,234.9,50.2,234.5,50.2,228.9,50.2,4.8,1090.0,860.0,79.0,36.0,83.9,100.0,7538
2025-01-23T05:26:13.000000+00:00,235.6,50.4,235.6,50.4,228.9,50.4,4.8,1080.0,870.0,81.0,36.0,83.9,100.0,7538
2025-01-23T05:27:13.000000+00:00,235.4,50.3,234.5,50.3,228.9,50.3,4.8,1110.0,900.0,81.0,36.0,83.9,100.0,7538
2025-01-23T05:28:13.000000+00:00,234.7,50.2,235.1,50.2,228.9,50.2,4.8,1090.0,870.0,80.0,36.0,83.9,100.0,7538
2025-01-23T05:29:13.000000+00:00,233.6,50.3,233.6,50.3,228.9,50.3,4.7,1080.0,860.0,80.0,36.0,83.9,100.0,7538
2025-01-23T05:30:13.000000+00:00,233.9,50.3,234.0,50.3,228.9,50.3,4.7,1080.0,850.0,79.0,36.0,83.9,100.0,7538
2025-01-23T05:31:13.000000+00:00,233.6,50.2,234.0,50.2,228.9,50.2,4.8,1080.0,860.0,80.0,36.0,83.9,100.0,7538
2025-01-23T05:32:13.000000+00:00,234.3,50.1,234.3,50.1,228.9,50.1,4.8,1090.0,870.0,80.0,36.0,83.9,100.0,7538
2025-01-23T05:33:13.000000+00:00,233.7,50.1,234.1,50.1,228.9,50.1,4.8,1100.0,870.0,79.0,37.0,83.8,100.0,7538
2025-01-23T05:34:13.000000+00:00,234.1,50.1,234.1,50.1,228.9,50.1,4.8,1100.0,870.0,79.0,36.0,83.9,100.0,7538
2025-01-23T05:35:13.000000+00:00,233.6,50.1,234.5,50.1,228.9,50.1,4.8,1080.0,860.0,80.0,36.0,83.9,100.0,7538
2025-01-23T05:36:13.000000+00:00,233.6,50.1,233.6,50.1,228.9,50.1,4.8,1090.0,870.0,80.0,37.0,83.9,100.0,7538
2025-01-23T05:37:13.000000+00:00,232.5,50.0,232.1,50.0,228.9,50.0,4.7,1090.0,850.0,78.0,36.0,83.8,100.0,7538
2025-01-23T05:38:13.000000+00:00,234.7,49.9,235.1,49.9,228.9,49.9,4.8,1100.0,870.0,79.0,37.0,83.8,100.0,7538
2025-01-23T05:39:13.000000+00:00,235.2,50.0,235.2,50.0,228.9,50.0,4.8,1100.0,870.0,79.0,37.0,83.9,100.0,7538
2025-01-23T05:40:13.000000+00:00,236.3,50.0,236.3,50.0,228.9,50.0,4.7,1100.0,870.0,78.0,37.0,83.8,100.0,7538
2025-01-23T05:41:13.000000+00:00,236.4,49.9,236.4,49.9,228.9,49.9,4.8,1090.0,860.0,79.0,36.0,83.8,100.0,7538
2025-01-23T05:42:13.000000+00:00,236.8,49.9,236.8,49.9,228.9,49.9,4.8,1100.0,860.0,78.0,36.0,83.8,100.0,7538
2025-01-23T05:43:13.000000+00:00,236.4,50.0,236.4,50.0,228.9,50.0,4.8,1100.0,880.0,80.0,37.0,83.8,100.0,7538
2025-01-23T05:44:13.000000+00:00,236.4,50.0,236.9,50.0,228.9,50.0,4.9,1120.0,900.0,80.0,37.0,83.8,100.0,7538
2025-01-23T05:45:13.000000+00:00,237.4,50.0,237.3,50.0,228.9,50.0,4.7,1090.0,850.0,79.0,36.0,83.8,100.0,7538
2025-01-23T05:46:13.000000+00:00,237.4,50.1,237.4,50.1,228.9,50.1,4.8,1100.0,880.0,80.0,37.0,83.8,100.0,7538
2025-01-23T05:47:13.000000+00:00,237.7,50.1,237.7,50.1,228.9,50.1,4.8,1090.0,860.0,79.0,37.0,83.8,100.0,7538
2025-01-23T05:48:13.000000+00:00,236.5,50.1,236.5,50.1,228.9,50.1,4.8,1090.0,870.0,80.0,37.0,83.8,100.0,7538
2025-01-23T05:49:14.000000+00:00,237.1,50.1,237.1,50.1,228.9,50.1,4.8,1090.0,870.0,80.0,37.0,83.8,100.0,7538
2025-01-23T05:50:14.000000+00:00,237.5,50.1,237.4,50.1,228.9,50.1,4.7,1080.0,850.0,79.0,36.0,83.8,100.0,7538
2025-01-23T05:51:14.000000+00:00,236.0,50.1,236.0,50.1,228.9,50.1,4.7,1080.0,850.0,79.0,36.0,83.8,100.0,7538
2025-01-23T05:52:14.000000+00:00,237.0,50.1,236.5,50.1,228.9,50.1,4.7,1080.0,850.0,79.0,36.0,83.8,100.0,7538
2025-01-23T05:53:14.000000+00:00,236.1,50.1,236.6,50.1,228.9,50.1,4.8,1090.0,860.0,79.0,37.0,83.8,100.0,7538
2025-01-23T05:54:14.000000+00:00,237.7,50.2,237.7,50.2,228.9,50.2,4.8,1090.0,880.0,81.0,36.0,83.8,100.0,7538
2025-01-23T05:55:14.000000+00:00,237.1,50.1,237.1,50.1,228.9,50.1,4.7,1080.0,850.0,79.0,36.0,83.8,100.0,7538
2025-01-23T05:56:14.000000+00:00,237.6,50.2,237.6,50.2,228.9,50.2,4.8,1090.0,870.0,80.0,36.0,83.8,100.0,7538
2025-01-23T05:57:14.000000+00:00,237.1,50.1,237.1,50.1,228.9,50.1,4.8,1100.0,870.0,79.0,36.0,83.8,100.0,7538
2025-01-23T05:58:14.000000+00:00,237.3,50.1,237.0,50.1,228.9,50.1,4.8,1100.0,870.0,79.0,36.0,83.8,100.0,7538
2025-01-23T05:59:14.000000+00:00,236.7,50.1,236.2,50.1,228.9,50.1,4.8,1100.0,870.0,79.0,37.0,83.8,100.0,7538
2025-01-23T06:00:14.000000+00:00,237.3,50.1,237.3,50.1,228.9,50.1,4.8,1090.0,860.0,79.0,37.0,83.8,100.0,7538
2025-01-23T06:01:14.000000+00:00,237.2,50.1,236.6,50.1,228.9,50.1,4.8,1090.0,860.0,79.0,36.0,83.8,100.0,7538
2025-01-23T06:02:14.000000+00:00,237.7,50.1,236.8,50.1,228.9,50.1,4.8,1100.0,870.0,79.0,37.0,83.8,100.0,7538
2025-01-23T06:03:14.000000+00:00,237.6,50.1,237.6,50.1,228.9,50.1,4.8,1100.0,880.0,80.0,37.0,83.8,100.0,7538
2025-01-23T06:04:14.000000+00:00,237.3,50.1,237.8,50.1,228.9,50.1,4.8,1110.0,890.0,80.0,37.0,83.8,100.0,7538
2025-01-23T06:05:14.000000+00:00,237.6,50.1,237.7,50.1,228.9,50.1,4.8,1090.0,870.0,80.0,36.0,83.8,100.0,7538
2025-01-23T06:06:14.000000+00:00,237.6,50.1,237.6,50.1,228.9,50.1,4.8,1100.0,880.0,80.0,37.0,83.8,100.0,7538
2025-01-23T06:07:14.000000+00:00,238.3,50.1,237.8,50.1,228.9,50.1,4.8,1090.0,860.0,79.0,37.0,83.8,100.0,7538
2025-01-23T06:08:14.000000+00:00,237.9,50.1,237.9,50.1,228.9,50.1,4.8,1100.0,880.0,80.0,37.0,83.8,100.0,7538
2025-01-23T06:09:14.000000+00:00,238.0,50.1,238.0,50.1,228.9,50.1,4.8,1100.0,880.0,80.0,37.0,83.8,100.0,7538
2025-01-23T06:10:14.000000+00:00,238.3,50.0,238.3,50.0,228.9,50.0,4.7,1090.0,860.0,79.0,37.0,83.8,100.0,7538
2025-01-23T06:11:14.000000+00:00,238.8,50.0,237.9,50.0,228.9,50.0,4.7,1080.0,850.0,79.0,36.0,83.8,100.0,7538
2025-01-23T06:12:14.000000+00:00,237.7,50.0,237.2,50.0,228.9,50.0,4.8,1090.0,860.0,79.0,37.0,83.8,100.0,7538
2025-01-23T06:13:14.000000+00:00,237.8,50.0,237.3,50.0,228.9,50.0,4.8,1110.0,880.0,79.0,37.0,83.8,100.0,7538
2025-01-23T06:14:14.000000+00:00,236.8,50.1,236.8,50.1,228.9,50.1,4.8,1100.0,880.0,80.0,37.0,83.8,100.0,7538
2025-01-23T06:15:14.000000+00:00,236.9,50.1,237.9,50.1,228.9,50.1,4.8,1090.0,870.0,80.0,36.0,83.8,100.0,7538
2025-01-23T06:16:14.000000+00:00,236.8,50.0,236.8,50.0,228.9,50.0,4.8,1110.0,880.0,79.0,37.0,83.8,100.0,7538
2025-01-23T06:17:14.000000+00:00,236.3,50.0,236.3,50.0,228.9,50.0,4.9,1120.0,900.0,80.0,37.0,83.8,100.0,7538
2025-01-23T06:18:14.000000+00:00,237.7,50.0,237.7,50.0,228.9,50.0,4.8,1100.0,880.0,80.0,37.0,83.8,100.0,7538
2025-01-23T06:19:14.000000+00:00,237.5,50.0,237.5,50.0,228.9,50.0,4.8,1100.0,870.0,79.0,37.0,83.8,100.0,7538
2025-01-23T06:20:14.000000+00:00,238.3,50.1,238.3,50.1,228.9,50.1,4.7,1080.0,850.0,79.0,36.0,83.8,100.0,7538
2025-01-23T06:21:14.000000+00:00,238.1,50.1,238.1,50.1,228.9,50.1,4.7,1080.0,850.0,79.0,36.0,83.8,100.0,7538
2025-01-23T06:22:14.000000+00:00,238.5,50.1,238.1,50.1,228.9,50.1,4.8,1090.0,860.0,79.0,36.0,83.8,100.0,7538
2025-01-23T06:23:14.000000+00:00,238.5,50.0,238.5,50.0,228.9,50.0,4.8,1100.0,870.0,79.0,37.0,83.8,100.0,7538
2025-01-23T06:24:14.000000+00:00,237.9,50.1,237.9,50.1,228.9,50.1,4.8,1090.0,870.0,80.0,37.0,83.8,100.0,7538
2025-01-23T06:25:14.000000+00:00,238.0,50.1,238.3,50.1,228.9,50.1,4.8,1090.0,860.0,79.0,36.0,83.8,100.0,7538
2025-01-23T06:26:14.000000+00:00,238.0,50.1,238.0,50.1,228.9,50.1,4.8,1100.0,870.0,79.0,36.0,83.8,100.0,7538
2025-01-23T06:27:14.000000+00:00,237.0,50.0,236.5,50.0,228.9,50.0,4.8,1090.0,850.0,78.0,37.0,83.8,100.0,7941
2025-01-23T06:28:14.000000+00:00,237.3,50.1,237.3,50.0,228.9,50.1,4.9,1120.0,900.0,80.0,37.0,83.7,100.0,7538
2025-01-23T06:29:14.000000+00:00,237.6,50.1,237.6,50.1,228.9,50.1,4.8,1090.0,870.0,80.0,37.0,83.9,100.0,7538
2025-01-23T06:30:14.000000+00:00,236.6,50.0,236.6,50.0,228.9,50.0,4.7,1090.0,850.0,78.0,36.0,84.0,100.0,7538
2025-01-23T06:31:14.000000+00:00,236.6,50.0,236.7,50.0,228.9,50.0,4.7,1090.0,850.0,78.0,36.0,84.1,100.0,7538
2025-01-23T06:32:14.000000+00:00,236.2,50.0,236.2,50.0,228.9,50.0,4.8,1090.0,870.0,80.0,36.0,84.2,100.0,7538
2025-01-23T06:33:14.000000+00:00,237.6,50.1,236.7,50.1,228.9,50.1,4.8,1100.0,880.0,80.0,37.0,84.3,100.0,7538
2025-01-23T06:34:14.000000+00:00,236.8,50.0,236.4,50.0,228.9,50.0,4.8,1100.0,870.0,79.0,37.0,84.2,100.0,7538
2025-01-23T06:35:14.000000+00:00,235.7,50.0,236.3,50.0,228.9,50.0,4.8,1090.0,860.0,79.0,36.0,84.2,100.0,7538
2025-01-23T06:36:14.000000+00:00,236.9,50.0,237.3,50.0,228.9,50.0,4.8,1090.0,870.0,80.0,37.0,84.1,100.0,7538
2025-01-23T06:37:14.000000+00:00,237.1,50.1,235.9,50.1,228.9,50.0,4.9,1120.0,890.0,79.0,37.0,84.0,100.0,7538
2025-01-23T06:38:14.000000+00:00,236.3,50.1,236.7,50.1,229.0,50.1,4.7,1080.0,850.0,79.0,37.0,84.0,100.0,7538
2025-01-23T06:39:14.000000+00:00,236.4,50.1,236.8,50.1,228.9,50.2,4.8,1090.0,870.0,80.0,36.0,84.0,100.0,7538
2025-01-23T06:40:14.000000+00:00,236.3,50.1,236.8,50.1,228.9,50.1,4.7,1090.0,860.0,79.0,36.0,83.9,100.0,7538
2025-01-23T06:41:14.000000+00:00,236.9,50.0,235.8,50.1,228.9,50.1,4.8,1090.0,860.0,79.0,36.0,83.9,100.0,7538
2025-01-23T06:42:14.000000+00:00,237.4,50.1,237.3,50.1,228.9,50.1,4.7,1080.0,850.0,79.0,36.0,83.9,100.0,7538
2025-01-23T06:43:14.000000+00:00,236.0,50.0,235.6,50.0,228.9,50.0,4.8,1100.0,870.0,79.0,37.0,83.9,100.0,7538
2025-01-23T06:44:15.000000+00:00,235.4,50.0,236.4,50.0,228.9,50.0,4.8,1100.0,870.0,79.0,36.0,83.9,100.0,7538
2025-01-23T06:45:15.000000+00:00,235.7,50.0,236.3,50.0,228.9,50.0,4.8,1090.0,860.0,79.0,36.0,83.9,100.0,7538
2025-01-23T06:46:15.000000+00:00,235.6,49.9,236.3,49.9,228.9,49.9,4.8,1110.0,880.0,79.0,37.0,83.8,100.0,7538
2025-01-23T06:47:15.000000+00:00,236.5,50.1,236.5,50.1,228.9,50.0,4.8,1100.0,870.0,79.0,37.0,83.8,100.0,7538
2025-01-23T06:48:15.000000+00:00,237.1,50.1,237.2,50.1,228.9,50.1,4.8,1100.0,870.0,79.0,37.0,83.8,100.0,7538
2025-01-23T06:49:15.000000+00:00,238.1,50.2,238.1,50.2,228.9,50.2,4.8,1090.0,870.0,80.0,36.0,83.9,100.0,7538
2025-01-23T06:50:15.000000+00:00,237.7,50.1,237.7,50.1,228.9,50.1,4.7,1080.0,850.0,79.0,36.0,83.8,100.0,7538
2025-01-23T06:51:15.000000+00:00,237.7,50.1,237.7,50.1,228.9,50.1,4.7,1080.0,850.0,79.0,36.0,83.8,100.0,7538
2025-01-23T06:52:15.000000+00:00,238.4,50.2,238.4,50.2,228.9,50.2,4.7,1080.0,860.0,80.0,36.0,83.8,100.0,7538
2025-01-23T06:53:15.000000+00:00,238.3,50.2,237.4,50.2,228.9,50.2,4.8,1090.0,870.0,80.0,36.0,83.8,100.0,7538
2025-01-23T06:54:15.000000+00:00,237.1,50.2,237.1,50.2,228.9,50.2,4.8,1110.0,890.0,80.0,36.0,83.8,100.0,7538
2025-01-23T06:55:15.000000+00:00,237.0,50.1,237.0,50.1,228.9,50.1,4.8,1090.0,870.0,80.0,36.0,83.8,100.0,7538
2025-01-23T06:56:15.000000+00:00,236.6,50.0,236.6,50.0,228.9,50.0,4.8,1100.0,870.0,79.0,37.0,83.8,100.0,7538
2025-01-23T06:57:15.000000+00:00,237.3,50.0,236.8,50.0,228.9,50.0,4.8,1100.0,870.0,79.0,37.0,83.8,100.0,7538
2025-01-23T06:58:15.000000+00:00,237.1,50.0,237.1,50.0,228.9,50.0,4.8,1100.0,870.0,79.0,37.0,83.8,100.0,7538
2025-01-23T06:59:15.000000+00:00,237.0,50.0,237.0,50.0,228.9,50.0,4.8,1100.0,870.0,79.0,37.0,83.8,100.0,7538
2025-01-23T07:00:15.000000+00:00,237.6,50.1,238.0,50.1,228.9,50.1,4.7,1080.0,850.0,79.0,36.0,83.8,100.0,7538
2025-01-23T07:01:15.000000+00:00,237.7,50.0,238.1,50.0,228.9,50.0,4.8,1090.0,860.0,79.0,36.0,83.8,100.0,7538
2025-01-23T07:02:15.000000+00:00,236.9,50.0,236.9,50.0,228.9,50.0,4.8,1090.0,850.0,78.0,37.0,83.8,100.0,7538
2025-01-23T07:03:15.000000+00:00,236.9,50.0,236.9,50.0,228.9,50.0,4.8,1100.0,870.0,79.0,37.0,83.8,100.0,7538
2025-01-23T07:04:15.000000+00:00,237.3,50.0,237.3,50.0,228.9,50.0,4.8,1100.0,870.0,79.0,37.0,83.8,100.0,7538
2025-01-23T07:05:15.000000+00:00,236.9,50.0,237.4,50.0,228.9,50.0,4.8,1090.0,850.0,78.0,36.0,83.8,100.0,7538
2025-01-23T07:06:15.000000+00:00,236.8,50.0,237.3,50.0,228.9,50.0,4.8,1100.0,870.0,79.0,37.0,83.8,100.0,7538
2025-01-23T07:07:15.000000+00:00,237.1,50.0,237.1,50.0,228.9,50.0,4.8,1100.0,880.0,80.0,37.0,83.8,100.0,7538
2025-01-23T07:08:15.000000+00:00,236.6,49.9,236.3,49.9,228.9,49.8,4.9,1120.0,890.0,79.0,37.0,83.8,100.0,7538
2025-01-23T07:09:15.000000+00:00,236.5,49.8,236.5,49.8,228.9,49.8,4.8,1110.0,870.0,78.0,37.0,83.8,100.0,7538
2025-01-23T07:10:15.000000+00:00,236.6,50.0,237.0,50.0,228.9,50.0,4.8,1090.0,860.0,79.0,36.0,83.8,100.0,7538
2025-01-23T07:11:15.000000+00:00,235.6,49.9,235.6,49.9,228.9,49.9,4.8,1090.0,850.0,78.0,36.0,83.8,100.0,7538
2025-01-23T07:12:15.000000+00:00,236.6,50.0,237.0,50.0,228.9,50.0,4.7,1080.0,850.0,79.0,36.0,83.8,100.0,7538
2025-01-23T07:13:15.000000+00:00,236.6,50.0,236.6,50.0,228.9,50.0,4.8,1100.0,870.0,79.0,37.0,84.0,100.0,7538
2025-01-23T07:14:15.000000+00:00,237.4,50.0,236.4,50.0,228.9,50.0,4.8,1100.0,870.0,79.0,37.0,84.1,100.0,7538
2025-01-23T07:15:15.000000+00:00,236.8,50.0,236.8,50.0,228.9,50.0,4.7,1080.0,850.0,79.0,36.0,84.2,100.0,7538
2025-01-23T07:16:15.000000+00:00,237.0,50.0,237.0,50.0,228.9,50.0,4.8,1100.0,870.0,79.0,37.0,84.3,100.0,7538
2025-01-23T07:17:15.000000+00:00,236.8,50.0,236.8,50.0,228.9,50.0,4.8,1090.0,860.0,79.0,37.0,84.3,100.0,7538
2025-01-23T07:18:15.000000+00:00,237.6,50.1,237.6,50.1,228.9,50.1,4.8,1090.0,870.0,80.0,37.0,84.2,100.0,7538
2025-01-23T07:19:15.000000+00:00,236.5,50.0,236.5,50.0,228.9,50.0,4.8,1100.0,870.0,79.0,37.0,84.1,100.0,7538
2025-01-23T07:20:15.000000+00:00,236.3,50.0,236.3,50.0,228.9,50.0,4.7,1090.0,850.0,78.0,36.0,84.1,100.0,7538
2025-01-23T07:21:15.000000+00:00,235.6,50.0,235.7,50.0,228.9,50.0,4.7,1090.0,850.0,78.0,36.0,84.0,100.0,7538
2025-01-23T07:22:15.000000+00:00,236.7,50.0,236.1,50.0,228.9,50.0,4.7,1090.0,850.0,79.0,36.0,84.0,100.0,7538
2025-01-23T07:23:15.000000+00:00,235.7,50.0,235.6,50.0,228.9,50.0,4.8,1110.0,880.0,79.0,37.0,83.9,100.0,7538
2025-01-23T07:24:15.000000+00:00,235.8,49.9,235.8,49.9,228.9,49.9,4.8,1100.0,870.0,79.0,37.0,83.9,100.0,7538
2025-01-23T07:25:15.000000+00:00,235.8,50.0,235.8,50.0,228.9,50.0,4.8,1100.0,860.0,78.0,36.0,83.9,100.0,7538
2025-01-23T07:26:15.000000+00:00,236.8,50.1,235.7,50.1,228.9,50.1,4.9,1120.0,890.0,79.0,37.0,83.9,100.0,7538
2025-01-23T07:27:15.000000+00:00,237.0,50.0,236.6,50.0,228.9,50.0,4.9,1110.0,880.0,79.0,37.0,83.9,100.0,7538
2025-01-23T07:28:15.000000+00:00,236.9,50.1,236.9,50.1,228.9,50.1,4.8,1100.0,880.0,80.0,37.0,83.8,100.0,7538
2025-01-23T07:29:15.000000+00:00,236.6,50.0,236.6,50.0,228.9,50.0,4.8,1110.0,880.0,79.0,37.0,83.9,100.0,7538
2025-01-23T07:30:15.000000+00:00,237.0,50.0,236.1,50.0,228.9,50.0,4.8,1090.0,860.0,79.0,36.0,83.9,100.0,7538
2025-01-23T07:31:15.000000+00:00,236.5,50.0,236.4,50.0,228.9,50.0,4.8,1090.0,860.0,79.0,36.0,83.9,100.0,7538
2025-01-23T07:32:15.000000+00:00,237.0,50.1,237.0,50.1,228.9,50.1,4.8,1090.0,860.0,79.0,36.0,83.9,100.0,7538
2025-01-23T07:33:15.000000+00:00,236.2,50.0,237.1,50.0,228.9,50.0,4.8,1110.0,880.0,79.0,37.0,83.9,100.0,7538
2025-01-23T07:34:15.000000+00:00,237.6,50.1,237.0,50.1,228.9,50.1,4.8,1100.0,880.0,80.0,37.0,83.8,100.0,7538
2025-01-23T07:35:15.000000+00:00,236.5,50.1,236.5,50.1,228.9,50.0,4.8,1090.0,860.0,79.0,36.0,83.8,100.0,7538
2025-01-23T07:36:15.000000+00:00,236.5,50.0,237.4,50.0,228.9,50.0,4.8,1100.0,880.0,80.0,37.0,83.8,100.0,7538
2025-01-23T07:37:15.000000+00:00,237.5,50.1,236.5,50.1,228.9,50.1,4.7,1080.0,850.0,79.0,37.0,83.8,100.0,7538
2025-01-23T07:38:15.000000+00:00,236.2,50.0,236.2,50.0,228.9,50.0,4.9,1120.0,890.0,79.0,37.0,83.8,100.0,7538
2025-01-23T07:39:15.000000+00:00,235.7,50.1,236.7,50.1,228.9,50.1,4.8,1100.0,870.0,79.0,37.0,83.8,100.0,7538
2025-01-23T07:40:15.000000+00:00,236.4,50.0,236.4,50.0,228.9,50.0,4.8,1090.0,860.0,79.0,37.0,83.8,100.0,7538
2025-01-23T07:41:16.000000+00:00,236.8,50.0,236.8,50.0,228.9,50.0,4.7,1090.0,850.0,78.0,36.0,83.8,100.0,7538
2025-01-23T07:42:16.000000+00:00,236.5,50.0,236.5,50.0,228.9,50.0,4.7,1080.0,850.0,79.0,36.0,83.8,100.0,7538
2025-01-23T07:43:16.000000+00:00,237.8,50.1,238.1,50.1,228.9,50.1,4.8,1100.0,870.0,79.0,36.0,83.8,100.0,7538
2025-01-23T07:44:16.000000+00:00,237.5,50.1,237.6,50.1,228.9,50.1,4.8,1090.0,870.0,80.0,37.0,83.8,100.0,7538
2025-01-23T07:45:16.000000+00:00,237.3,50.0,237.7,50.0,228.9,50.0,4.7,1090.0,850.0,78.0,36.0,83.8,100.0,7538
2025-01-23T07:46:16.000000+00:00,237.4,50.1,237.8,50.1,228.9,50.1,4.8,1100.0,870.0,79.0,37.0,83.8,100.0,7538
2025-01-23T07:47:16.000000+00:00,237.5,50.1,237.4,50.1,228.9,50.1,4.8,1100.0,870.0,79.0,37.0,83.8,100.0,7538
2025-01-23T07:48:16.000000+00:00,237.0,50.1,237.9,50.1,228.9,50.1,4.8,1110.0,880.0,79.0,37.0,83.8,100.0,7538
2025-01-23T07:49:16.000000+00:00,236.8,49.9,236.8,49.9,228.9,49.9,4.8,1100.0,870.0,79.0,37.0,83.8,100.0,7538
2025-01-23T07:50:16.000000+00:00,237.3,50.1,237.3,50.1,228.9,50.1,4.8,1090.0,860.0,79.0,36.0,83.8,100.0,7538
2025-01-23T07:51:16.000000+00:00,236.3,50.1,235.9,50.1,228.9,50.1,4.7,1080.0,850.0,79.0,36.0,83.8,100.0,7538
2025-01-23T07:52:16.000000+00:00,235.7,50.0,236.2,50.0,228.9,50.0,4.8,1090.0,850.0,78.0,36.0,83.8,100.0,7538
2025-01-23T07:53:16.000000+00:00,236.1,50.0,236.1,50.0,228.9,50.0,4.8,1100.0,880.0,80.0,37.0,83.8,100.0,7538
2025-01-23T07:54:16.000000+00:00,236.8,50.0,236.8,50.0,228.9,50.0,4.8,1100.0,870.0,79.0,37.0,83.8,100.0,7538
2025-01-23T07:55:16.000000+00:00,235.7,50.0,236.2,50.0,228.9,50.0,4.8,1090.0,860.0,79.0,36.0,83.8,100.0,7538
2025-01-23T07:56:16.000000+00:00,236.5,50.1,236.6,50.1,228.9,50.1,4.8,1090.0,870.0,80.0,36.0,83.8,100.0,7538
2025-01-23T07:57:16.000000+00:00,234.4,50.1,234.3,50.1,228.9,50.1,4.8,1110.0,890.0,80.0,37.0,83.8,100.0,7538
2025-01-23T07:58:16.000000+00:00,236.1,50.1,236.1,50.1,228.9,50.1,4.8,1090.0,870.0,80.0,36.0,83.8,100.0,7538
2025-01-23T07:59:16.000000+00:00,235.4,50.1,235.3,50.1,228.9,50.1,4.8,1090.0,870.0,80.0,36.0,83.8,100.0,7941
2025-01-23T08:00:16.000000+00:00,235.1,50.0,235.1,50.0,228.9,50.0,4.7,1080.0,850.0,79.0,36.0,83.8,100.0,7837
2025-01-23T08:01:16.000000+00:00,234.2,50.1,233.4,50.1,228.9,50.1,4.8,1080.0,850.0,79.0,36.0,83.8,100.0,7837
2025-01-23T08:02:16.000000+00:00,232.8,50.0,233.3,50.0,228.9,50.0,4.7,1080.0,850.0,79.0,36.0,83.8,100.0,7350
2025-01-23T08:03:16.000000+00:00,233.6,50.2,233.6,50.2,228.9,50.2,4.8,1090.0,870.0,80.0,37.0,83.8,100.0,7350
2025-01-23T08:04:16.000000+00:00,233.4,50.1,233.8,50.1,228.9,50.1,4.8,1090.0,870.0,80.0,37.0,83.8,100.0,7350
2025-01-23T08:05:16.000000+00:00,234.5,50.1,234.5,50.1,228.9,50.1,4.7,1080.0,850.0,79.0,36.0,83.8,100.0,7735
2025-01-23T08:06:16.000000+00:00,234.5,50.1,234.4,50.1,228.9,50.1,4.8,1100.0,870.0,79.0,36.0,83.8,100.0,7350
2025-01-23T08:07:16.000000+00:00,235.0,50.2,234.2,50.2,228.9,50.2,4.9,1110.0,890.0,80.0,37.0,83.7,100.0,7837
2025-01-23T08:08:16.000000+00:00,234.4,50.2,234.8,50.2,228.9,50.2,4.8,1090.0,870.0,80.0,36.0,83.7,100.0,7443
2025-01-23T08:09:16.000000+00:00,234.8,50.2,234.8,50.2,228.9,50.2,4.8,1090.0,870.0,80.0,36.0,83.8,100.0,7941
2025-01-23T08:10:16.000000+00:00,234.2,50.2,234.2,50.2,228.9,50.2,4.8,1090.0,870.0,80.0,36.0,83.8,100.0,7837
2025-01-23T08:11:16.000000+00:00,234.7,50.1,234.7,50.1,228.9,50.1,4.7,1080.0,850.0,79.0,36.0,83.8,100.0,7837
2025-01-23T08:12:16.000000+00:00,234.3,50.1,234.5,50.1,228.9,50.1,4.7,1080.0,850.0,79.0,36.0,83.8,100.0,7837
2025-01-23T08:13:16.000000+00:00,234.5,50.1,234.5,50.1,228.9,50.1,4.8,1090.0,870.0,80.0,37.0,83.7,100.0,7443
2025-01-23T08:14:16.000000+00:00,234.2,50.1,234.1,50.1,228.9,50.1,4.8,1090.0,860.0,79.0,36.0,83.7,100.0,7443
2025-01-23T08:15:16.000000+00:00,233.4,50.0,233.9,50.0,228.9,50.0,4.7,1090.0,850.0,78.0,36.0,83.7,100.0,7837
2025-01-23T08:16:16.000000+00:00,233.2,50.2,233.7,50.2,228.9,50.2,4.8,1090.0,860.0,79.0,36.0,83.7,100.0,7443
2025-01-23T08:17:16.000000+00:00,232.2,50.1,232.2,50.1,228.9,50.1,4.8,1100.0,870.0,79.0,37.0,83.7,100.0,7837
2025-01-23T08:18:16.000000+00:00,236.8,50.1,236.8,50.1,228.9,50.1,4.8,1090.0,870.0,80.0,37.0,83.7,100.0,7443
2025-01-23T08:19:16.000000+00:00,238.0,50.1,237.9,50.1,228.9,50.1,4.8,1090.0,870.0,80.0,37.0,83.7,100.0,7941
2025-01-23T08:20:16.000000+00:00,238.9,50.2,238.9,50.2,228.9,50.2,4.7,1070.0,850.0,79.0,36.0,83.7,100.0,7538
2025-01-23T08:21:16.000000+00:00,239.8,50.2,239.8,50.2,228.9,50.2,4.7,1080.0,850.0,79.0,36.0,83.7,100.0,7941
2025-01-23T08:22:16.000000+00:00,238.5,50.1,239.0,50.1,228.9,50.1,4.7,1080.0,850.0,79.0,36.0,83.7,100.0,7837
2025-01-23T08:23:16.000000+00:00,239.1,50.3,239.1,50.3,228.9,50.3,4.7,1090.0,870.0,80.0,36.0,83.9,100.0,7735
2025-01-23T08:24:16.000000+00:00,237.5,50.2,237.5,50.2,228.9,50.2,4.8,1090.0,870.0,80.0,36.0,84.0,100.0,7350
2025-01-23T08:25:16.000000+00:00,238.4,50.2,237.9,50.2,228.9,50.2,4.7,1080.0,860.0,80.0,36.0,84.1,100.0,7735
2025-01-23T08:26:16.000000+00:00,238.9,50.2,238.7,50.2,228.9,50.2,4.7,1090.0,870.0,80.0,36.0,84.2,100.0,7735
2025-01-23T08:27:16.000000+00:00,238.5,50.2,238.8,50.2,228.9,50.2,4.8,1110.0,890.0,80.0,36.0,84.2,100.0,7735
2025-01-23T08:28:16.000000+00:00,237.6,50.2,237.6,50.2,228.9,50.2,4.8,1090.0,870.0,80.0,36.0,84.2,100.0,7350
2025-01-23T08:29:16.000000+00:00,238.7,50.2,237.7,50.2,228.9,50.2,4.8,1100.0,880.0,80.0,36.0,84.1,100.0,7735
2025-01-23T08:30:16.000000+00:00,237.7,50.1,238.1,50.1,228.9,50.1,4.7,1080.0,850.0,79.0,36.0,84.1,100.0,7350
2025-01-23T08:31:16.000000+00:00,237.8,50.2,238.4,50.2,228.9,50.2,4.7,1080.0,850.0,79.0,36.0,84.0,100.0,7837
2025-01-23T08:32:16.000000+00:00,239.0,50.2,238.6,50.2,228.9,50.2,4.8,1090.0,870.0,80.0,36.0,84.0,100.0,7443
2025-01-23T08:33:16.000000+00:00,238.8,50.2,237.8,50.2,228.9,50.2,4.7,1090.0,860.0,79.0,37.0,83.9,100.0,7538
2025-01-23T08:34:16.000000+00:00,238.9,50.1,238.9,50.1,228.9,50.1,4.8,1090.0,870.0,80.0,37.0,83.9,100.0,7538
2025-01-23T08:35:16.000000+00:00,239.6,50.2,238.8,50.2,228.9,50.2,4.7,1070.0,840.0,79.0,36.0,83.9,100.0,7538
2025-01-23T08:36:16.000000+00:00,239.9,50.2,239.9,50.2,228.9,50.2,4.8,1090.0,870.0,80.0,36.0,83.8,100.0,7538
2025-01-23T08:37:16.000000+00:00,238.9,50.2,238.9,50.2,228.9,50.2,4.8,1100.0,890.0,81.0,37.0,83.9,100.0,7538
2025-01-23T08:38:16.000000+00:00,239.6,50.1,239.6,50.1,228.9,50.1,4.8,1090.0,870.0,80.0,36.0,83.8,100.0,7538
2025-01-23T08:39:16.000000+00:00,238.4,50.1,238.3,50.1,228.9,50.1,4.8,1090.0,870.0,80.0,36.0,83.9,100.0,7837
2025-01-23T08:40:16.000000+00:00,239.1,50.2,238.6,50.2,228.9,50.2,4.7,1080.0,860.0,80.0,36.0,83.8,100.0,7837
2025-01-23T08:41:16.000000+00:00,238.9,50.1,238.7,50.1,228.9,50.1,4.8,1090.0,860.0,79.0,36.0,83.9,100.0,7837
2025-01-23T08:42:16.000000+00:00,239.6,50.1,239.1,50.1,228.9,50.1,4.7,1090.0,860.0,79.0,36.0,82.1,100.0,7826
2025-01-23T08:43:16.000000+00:00,239.6,50.1,239.6,50.1,228.9,50.1,4.8,1090.0,870.0,80.0,36.0,84.8,100.0,7725
2025-01-23T08:44:16.000000+00:00,240.6,50.2,240.6,50.2,228.9,50.2,4.7,1090.0,860.0,79.0,36.0,84.2,100.0,7725
2025-01-23T08:45:16.000000+00:00,238.9,50.2,239.8,50.2,228.9,50.2,4.7,1070.0,850.0,79.0,36.0,83.8,100.0,7827
2025-01-23T08:46:16.000000+00:00,238.7,50.2,238.7,50.2,228.9,50.2,4.8,1090.0,870.0,80.0,36.0,83.8,100.0,7434
2025-01-23T08:47:16.000000+00:00,238.8,50.1,238.8,50.1,228.9,50.1,4.8,1100.0,860.0,78.0,37.0,83.8,100.0,7827
2025-01-23T08:48:16.000000+00:00,239.4,50.1,239.4,50.1,228.9,50.1,4.8,1110.0,890.0,80.0,37.0,83.8,100.0,7435
2025-01-23T08:49:16.000000+00:00,240.4,50.1,240.4,50.1,228.9,50.1,4.8,1090.0,870.0,80.0,36.0,83.8,100.0,7435
2025-01-23T08:50:16.000000+00:00,239.4,50.2,240.3,50.2,228.9,50.2,4.7,1080.0,860.0,80.0,36.0,83.8,100.0,7828
2025-01-23T08:51:17.000000+00:00,240.8,50.2,240.7,50.2,228.9,50.2,4.7,1080.0,850.0,79.0,36.0,83.8,100.0,7435
2025-01-23T08:52:17.000000+00:00,239.6,50.1,240.5,50.1,228.9,50.1,4.7,1090.0,860.0,79.0,36.0,83.8,100.0,7628
2025-01-23T08:53:17.000000+00:00,239.3,50.1,239.3,50.1,228.9,50.1,4.8,1090.0,870.0,80.0,36.0,83.8,100.0,7436
2025-01-23T08:54:17.000000+00:00,239.4,50.1,239.4,50.1,228.9,50.1,4.8,1090.0,870.0,80.0,36.0,83.7,100.0,7436
2025-01-23T08:55:17.000000+00:00,238.7,50.1,239.3,50.1,228.9,50.1,4.8,1100.0,870.0,79.0,36.0,83.7,100.0,7829
2025-01-23T08:56:17.000000+00:00,239.1,50.1,239.1,50.1,228.9,50.1,4.8,1090.0,870.0,80.0,37.0,83.7,100.0,7437
2025-01-23T08:57:17.000000+00:00,239.4,50.2,239.4,50.2,228.9,50.2,4.8,1100.0,880.0,80.0,37.0,83.7,100.0,7830
2025-01-23T08:58:17.000000+00:00,240.3,50.3,239.8,50.3,228.9,50.3,4.8,1090.0,870.0,80.0,36.0,83.8,100.0,7437
2025-01-23T08:59:17.000000+00:00,239.4,50.2,240.3,50.2,228.9,50.2,4.8,1090.0,870.0,80.0,36.0,83.7,100.0,7830
2025-01-23T09:00:17.000000+00:00,240.1,50.2,240.1,50.2,228.9,50.2,4.7,1070.0,850.0,79.0,36.0,83.7,100.0,7831
2025-01-23T09:01:17.000000+00:00,236.8,50.1,236.8,50.1,228.9,50.1,4.7,1080.0,850.0,79.0,36.0,83.7,100.0,7831
2025-01-23T09:02:17.000000+00:00,235.9,50.1,235.9,50.1,228.9,50.1,4.7,1080.0,850.0,79.0,36.0,83.7,100.0,7438
2025-01-23T09:03:17.000000+00:00,233.8,50.2,234.7,50.2,228.9,50.2,4.8,1110.0,880.0,79.0,37.0,83.7,100.0,7533
2025-01-23T09:04:17.000000+00:00,235.1,50.3,235.1,50.3,228.9,50.3,4.8,1090.0,870.0,80.0,36.0,83.7,100.0,7438
2025-01-23T09:05:17.000000+00:00,236.7,50.2,236.7,50.2,228.9,50.2,4.7,1080.0,850.0,79.0,36.0,83.7,100.0,7832
2025-01-23T09:06:17.000000+00:00,236.6,50.3,236.5,50.3,228.9,50.3,4.7,1090.0,870.0,80.0,36.0,83.7,100.0,7731
2025-01-23T09:07:17.000000+00:00,235.8,50.1,235.8,50.1,228.9,50.1,4.9,1120.0,900.0,80.0,36.0,83.7,100.0,7731
2025-01-23T09:08:17.000000+00:00,236.0,50.2,236.0,50.2,228.9,50.2,4.8,1090.0,870.0,80.0,36.0,83.7,100.0,7731
2025-01-23T09:09:17.000000+00:00,236.1,50.1,236.1,50.1,228.9,50.1,4.8,1090.0,870.0,80.0,37.0,83.7,100.0,7731
2025-01-23T09:10:17.000000+00:00,234.7,50.1,235.7,50.1,228.9,50.1,4.7,1090.0,860.0,79.0,36.0,83.7,100.0,7833
2025-01-23T09:11:17.000000+00:00,235.4,50.0,235.5,50.1,228.9,50.1,4.7,1080.0,850.0,79.0,36.0,83.7,100.0,7833
2025-01-23T09:12:17.000000+00:00,237.7,50.1,237.7,50.1,228.9,50.1,4.7,1080.0,860.0,80.0,36.0,83.7,100.0,7732
2025-01-23T09:13:17.000000+00:00,236.6,50.2,236.6,50.2,228.9,50.2,4.8,1090.0,870.0,80.0,36.0,83.7,100.0,7732
2025-01-23T09:14:17.000000+00:00,235.4,50.1,235.0,50.1,228.9,50.1,4.8,1100.0,870.0,79.0,36.0,83.7,100.0,7733
2025-01-23T09:15:17.000000+00:00,235.7,50.1,235.7,50.1,228.9,50.1,4.7,1080.0,850.0,79.0,36.0,83.7,100.0,7733
2025-01-23T09:16:17.000000+00:00,234.9,50.0,234.4,50.0,228.9,50.0,4.8,1090.0,870.0,80.0,37.0,83.7,100.0,7348
2025-01-23T09:17:17.000000+00:00,235.7,50.0,235.7,50.0,228.9,50.0,4.8,1110.0,880.0,79.0,37.0,83.7,100.0,7835
2025-01-23T09:18:17.000000+00:00,235.9,50.0,235.4,50.0,228.9,50.0,4.8,1100.0,880.0,80.0,37.0,83.7,100.0,7442
2025-01-23T09:19:17.000000+00:00,235.7,50.2,235.1,50.2,228.9,50.2,4.8,1090.0,870.0,80.0,36.0,83.7,100.0,7835
2025-01-23T09:20:17.000000+00:00,235.7,50.0,235.7,50.0,228.9,50.0,4.8,1090.0,860.0,79.0,36.0,83.7,100.0,7836
2025-01-23T09:21:17.000000+00:00,234.6,50.1,234.6,50.1,228.9,50.1,4.7,1080.0,850.0,79.0,36.0,83.7,100.0,7836
2025-01-23T09:22:17.000000+00:00,235.2,50.1,235.2,50.1,228.9,50.1,4.7,1080.0,850.0,79.0,36.0,83.7,100.0,7836
2025-01-23T09:23:17.000000+00:00,235.1,50.2,236.1,50.2,228.9,50.2,4.7,1090.0,860.0,79.0,36.0,83.7,100.0,7443
2025-01-23T09:24:17.000000+00:00,236.1,50.2,236.0,50.2,228.9,50.2,4.8,1090.0,870.0,80.0,36.0,83.9,100.0,7443
2025-01-23T09:25:17.000000+00:00,234.8,50.2,235.2,50.2,228.9,50.2,4.8,1090.0,870.0,80.0,36.0,84.1,100.0,7837
2025-01-23T09:26:17.000000+00:00,235.3,50.1,234.9,50.2,228.9,50.1,4.8,1100.0,880.0,80.0,37.0,84.1,100.0,7443
2025-01-23T09:27:17.000000+00:00,235.4,50.1,235.6,50.1,228.9,50.1,4.9,1120.0,900.0,80.0,37.0,84.2,100.0,7837
2025-01-23T09:28:17.000000+00:00,236.3,50.1,236.2,50.1,228.9,50.1,4.8,1090.0,870.0,80.0,37.0,84.2,100.0,7350
2025-01-23T09:29:17.000000+00:00,235.3,50.1,234.9,50.1,228.9,50.1,4.8,1090.0,870.0,80.0,36.0,84.3,100.0,7443
2025-01-23T09:30:17.000000+00:00,235.9,50.1,235.9,50.1,228.9,50.1,4.7,1080.0,850.0,79.0,36.0,84.1,100.0,7837
2025-01-23T09:31:17.000000+00:00,235.3,50.2,235.3,50.2,228.9,50.2,4.7,1080.0,850.0,79.0,36.0,84.1,100.0,7837
2025-01-23T09:32:17.000000+00:00,235.0,50.3,235.0,50.3,228.9,50.3,4.7,1080.0,850.0,79.0,36.0,84.1,100.0,7443
2025-01-23T09:33:17.000000+00:00,236.1,50.1,236.2,50.1,228.9,50.1,4.8,1100.0,880.0,80.0,37.0,84.0,100.0,7443
2025-01-23T09:34:17.000000+00:00,235.5,50.1,235.0,50.1,228.9,50.1,4.8,1090.0,870.0,80.0,36.0,83.9,100.0,7837
2025-01-23T09:35:17.000000+00:00,235.3,50.1,235.3,50.1,228.9,50.1,4.8,1090.0,860.0,79.0,36.0,83.9,100.0,7837
2025-01-23T09:36:17.000000+00:00,237.1,50.1,237.5,50.1,228.9,50.1,4.8,1100.0,870.0,79.0,37.0,83.9,100.0,7735
2025-01-23T09:37:17.000000+00:00,236.5,50.1,236.9,50.1,228.9,50.1,4.8,1100.0,880.0,80.0,37.0,83.9,100.0,7735
2025-01-23T09:38:17.000000+00:00,236.5,50.0,236.5,50.0,228.9,50.0,4.8,1100.0,870.0,79.0,37.0,83.9,100.0,7350
2025-01-23T09:39:17.000000+00:00,237.3,50.0,236.8,50.0,228.9,50.0,4.8,1100.0,870.0,79.0,37.0,83.8,100.0,7443
2025-01-23T09:40:17.000000+00:00,236.7,50.1,236.7,50.1,228.9,50.1,4.8,1100.0,870.0,79.0,36.0,83.8,100.0,7837
2025-01-23T09:41:17.000000+00:00,236.5,50.0,236.6,50.0,228.9,50.0,4.8,1090.0,850.0,78.0,36.0,83.8,100.0,7443
2025-01-23T09:42:17.000000+00:00,236.0,50.0,236.2,50.0,228.9,50.0,4.7,1080.0,850.0,79.0,36.0,83.8,100.0,7735
2025-01-23T09:43:17.000000+00:00,234.6,50.0,234.8,50.0,228.9,50.0,4.8,1100.0,870.0,79.0,37.0,83.8,100.0,7735
2025-01-23T09:44:17.000000+00:00,234.9,50.1,234.9,50.1,228.9,50.1,4.8,1090.0,870.0,80.0,37.0,83.8,100.0,7735
2025-01-23T09:45:17.000000+00:00,236.0,50.1,236.7,50.1,228.9,50.1,4.7,1080.0,850.0,79.0,36.0,83.8,100.0,7735
2025-01-23T09:46:17.000000+00:00,236.3,50.1,236.3,50.1,228.9,50.1,4.8,1110.0,880.0,79.0,37.0,83.8,100.0,7350
2025-01-23T09:47:17.000000+00:00,236.9,50.1,236.9,50.1,228.9,50.1,4.8,1090.0,860.0,79.0,37.0,83.8,100.0,7735
2025-01-23T09:48:17.000000+00:00,237.0,50.1,237.0,50.1,228.9,50.1,4.8,1110.0,890.0,80.0,37.0,83.8,100.0,7735
2025-01-23T09:49:17.000000+00:00,236.8,50.1,236.8,50.1,228.9,50.1,4.8,1100.0,880.0,80.0,37.0,83.8,100.0,7443
2025-01-23T09:50:17.000000+00:00,237.4,50.2,237.4,50.2,228.9,50.2,4.7,1080.0,860.0,80.0,36.0,83.8,100.0,7837
2025-01-23T09:51:17.000000+00:00,239.3,50.2,238.8,50.2,228.9,50.2,4.7,1080.0,850.0,79.0,36.0,83.7,100.0,7443
2025-01-23T09:52:17.000000+00:00,239.7,50.2,238.8,50.2,228.9,50.2,4.7,1080.0,850.0,79.0,36.0,83.7,100.0,7837
2025-01-23T09:53:17.000000+00:00,238.9,50.0,239.8,50.0,228.9,50.0,4.8,1100.0,870.0,79.0,37.0,83.8,100.0,7443
2025-01-23T09:54:17.000000+00:00,239.9,50.1,239.8,50.1,228.9,50.1,4.8,1090.0,870.0,80.0,36.0,83.7,100.0,7735
2025-01-23T09:55:17.000000+00:00,238.2,50.1,239.1,50.1,228.9,50.1,4.8,1090.0,860.0,79.0,37.0,83.8,100.0,7735
2025-01-23T09:56:17.000000+00:00,238.4,50.1,238.6,50.1,228.9,50.1,4.8,1100.0,870.0,79.0,36.0,83.8,100.0,7350
2025-01-23T09:57:17.000000+00:00,239.9,50.1,239.9,50.1,228.9,50.1,4.9,1110.0,890.0,80.0,37.0,83.7,100.0,7735
2025-01-23T09:58:17.000000+00:00,240.2,50.1,240.0,50.1,228.9,50.1,4.8,1090.0,870.0,80.0,37.0,83.7,100.0,7735
2025-01-23T09:59:17.000000+00:00,241.0,50.1,241.0,50.1,228.9,50.1,4.8,1090.0,870.0,80.0,37.0,83.7,100.0,7735
2025-01-23T10:00:17.000000+00:00,238.6,50.2,238.6,50.2,228.9,50.2,4.7,1080.0,850.0,79.0,36.0,83.7,100.0,7735
2025-01-23T10:01:17.000000+00:00,239.3,50.2,239.3,50.2,228.9,50.2,4.7,1080.0,850.0,79.0,36.0,83.8,100.0,7735
2025-01-23T10:02:17.000000+00:00,239.2,50.2,238.8,50.2,228.9,50.2,4.7,1080.0,860.0,80.0,36.0,83.7,100.0,7735
2025-01-23T10:03:18.000000+00:00,239.8,50.2,240.6,50.2,228.9,50.2,4.8,1100.0,880.0,80.0,37.0,83.7,100.0,7735
2025-01-23T10:04:18.000000+00:00,240.1,50.1,240.6,50.1,228.9,50.1,4.8,1090.0,870.0,80.0,37.0,83.7,100.0,7735
2025-01-23T10:05:18.000000+00:00,241.1,50.1,241.1,50.1,228.9,50.1,4.7,1090.0,860.0,79.0,36.0,83.7,100.0,7635
2025-01-23T10:06:18.000000+00:00,236.5,50.1,236.5,50.1,228.9,50.1,4.8,1090.0,870.0,80.0,37.0,83.7,100.0,7635
2025-01-23T10:07:18.000000+00:00,237.8,50.2,237.9,50.2,228.9,50.2,4.8,1110.0,890.0,80.0,37.0,83.7,100.0,7635
2025-01-23T10:08:18.000000+00:00,237.2,50.2,237.3,50.3,228.9,50.3,4.8,1090.0,870.0,80.0,36.0,83.7,100.0,7635
2025-01-23T10:09:18.000000+00:00,236.2,50.1,235.8,50.1,228.9,50.1,4.8,1090.0,870.0,80.0,37.0,83.9,100.0,7635
2025-01-23T10:10:18.000000+00:00,235.4,50.1,235.1,50.1,228.9,50.1,4.7,1080.0,860.0,80.0,36.0,84.0,100.0,7635
2025-01-23T10:11:18.000000+00:00,233.8,50.2,233.8,50.2,228.9,50.2,4.7,1070.0,850.0,79.0,36.0,84.1,100.0,7635
2025-01-23T10:12:18.000000+00:00,234.3,50.2,234.3,50.2,228.9,50.2,4.7,1080.0,850.0,79.0,36.0,84.1,100.0,7635
2025-01-23T10:13:18.000000+00:00,234.0,50.3,234.0,50.3,228.9,50.3,4.7,1080.0,860.0,80.0,36.0,84.2,100.0,7635
2025-01-23T10:14:18.000000+00:00,233.7,50.3,233.7,50.3,228.9,50.3,4.8,1090.0,870.0,80.0,36.0,84.3,100.0,7635
2025-01-23T10:15:18.000000+00:00,233.3,50.3,234.3,50.3,228.9,50.3,4.7,1070.0,850.0,79.0,36.0,84.1,100.0,7635
2025-01-23T10:16:18.000000+00:00,234.8,50.3,234.8,50.3,228.9,50.3,4.7,1090.0,870.0,80.0,36.0,84.1,100.0,7635
2025-01-23T10:17:18.000000+00:00,234.4,50.3,235.3,50.3,228.9,50.3,4.8,1110.0,900.0,81.0,37.0,84.0,100.0,7635
2025-01-23T10:18:18.000000+00:00,234.3,50.3,234.3,50.3,228.9,50.3,4.8,1100.0,880.0,80.0,36.0,84.0,100.0,7635
2025-01-23T10:19:18.000000+00:00,235.7,50.3,234.7,50.3,228.9,50.3,4.8,1090.0,870.0,80.0,36.0,83.9,100.0,7635
2025-01-23T10:20:18.000000+00:00,234.9,50.3,234.9,50.3,228.9,50.3,4.7,1070.0,850.0,79.0,36.0,83.9,100.0,7635
2025-01-23T10:21:18.000000+00:00,235.3,50.3,234.4,50.3,228.9,50.3,4.7,1070.0,850.0,79.0,36.0,83.9,100.0,7635
2025-01-23T10:22:18.000000+00:00,235.5,50.4,235.5,50.4,228.9,50.4,4.7,1070.0,850.0,79.0,36.0,83.9,100.0,7635
2025-01-23T10:23:18.000000+00:00,234.8,50.3,234.8,50.3,228.9,50.3,4.7,1080.0,860.0,80.0,36.0,83.8,100.0,7635
2025-01-23T10:24:18.000000+00:00,233.9,50.2,233.9,50.2,228.9,50.2,4.7,1090.0,870.0,80.0,36.0,83.8,100.0,7635
2025-01-23T10:25:18.000000+00:00,234.9,50.3,234.9,50.3,228.9,50.3,4.7,1080.0,860.0,80.0,36.0,83.8,100.0,7635
2025-01-23T10:26:18.000000+00:00,235.1,50.3,236.0,50.3,228.9,50.3,4.7,1080.0,860.0,80.0,36.0,83.8,100.0,7635
2025-01-23T10:27:18.000000+00:00,235.3,50.3,235.3,50.3,228.9,50.2,4.8,1110.0,890.0,80.0,36.0,83.8,100.0,7635
2025-01-23T10:28:18.000000+00:00,236.6,50.3,236.8,50.3,228.9,50.3,4.7,1080.0,870.0,81.0,36.0,83.8,100.0,7635
2025-01-23T10:29:18.000000+00:00,236.7,50.3,235.8,50.3,228.9,50.3,4.8,1090.0,870.0,80.0,36.0,83.8,100.0,7635
2025-01-23T10:30:18.000000+00:00,235.7,50.3,236.1,50.3,228.9,50.3,4.7,1070.0,840.0,79.0,36.0,83.8,100.0,7635
2025-01-23T10:31:18.000000+00:00,236.4,50.3,236.0,50.3,228.9,50.3,4.7,1070.0,840.0,79.0,36.0,83.8,100.0,7635
2025-01-23T10:32:18.000000+00:00,234.9,50.3,234.7,50.3,228.9,50.3,4.7,1070.0,850.0,79.0,36.0,83.8,100.0,7635
2025-01-23T10:33:18.000000+00:00,235.8,50.3,235.8,50.3,228.9,50.2,4.8,1100.0,880.0,80.0,37.0,83.8,100.0,7635
2025-01-23T10:34:18.000000+00:00,236.1,50.2,235.7,50.2,228.9,50.2,4.8,1090.0,870.0,80.0,36.0,83.8,100.0,7635
2025-01-23T10:35:18.000000+00:00,235.9,50.2,236.4,50.2,228.9,50.2,4.8,1090.0,870.0,80.0,36.0,83.7,100.0,7635
2025-01-23T10:36:18.000000+00:00,236.1,50.1,236.1,50.1,228.9,50.1,4.8,1100.0,870.0,79.0,37.0,83.7,100.0,7635
2025-01-23T10:37:18.000000+00:00,237.0,50.2,238.0,50.2,228.9,50.2,4.8,1090.0,870.0,80.0,37.0,83.7,100.0,7635
2025-01-23T10:38:18.000000+00:00,238.5,50.3,238.5,50.3,229.0,50.3,4.7,1090.0,860.0,79.0,36.0,83.7,100.0,7635
2025-01-23T10:39:18.000000+00:00,237.4,50.2,238.4,50.2,229.0,50.2,4.8,1090.0,870.0,80.0,36.0,83.7,100.0,7635
2025-01-23T10:40:18.000000+00:00,237.4,50.2,238.5,50.2,228.9,50.2,4.7,1080.0,860.0,80.0,36.0,83.7,100.0,7635
2025-01-23T10:41:18.000000+00:00,238.8,50.3,238.8,50.3,228.9,50.3,4.7,1080.0,860.0,80.0,36.0,83.7,100.0,7635
2025-01-23T10:42:18.000000+00:00,238.8,50.2,238.2,50.2,228.9,50.2,4.8,1090.0,870.0,80.0,36.0,83.7,100.0,7635
2025-01-23T10:43:18.000000+00:00,237.7,50.2,238.7,50.2,228.9,50.2,4.8,1090.0,870.0,80.0,37.0,83.8,100.0,7635
2025-01-23T10:44:18.000000+00:00,237.0,50.1,237.0,50.1,228.9,50.1,4.8,1100.0,880.0,80.0,37.0,84.0,100.0,7635
2025-01-23T10:45:18.000000+00:00,237.7,50.1,237.3,50.1,228.9,50.1,4.7,1080.0,860.0,80.0,36.0,84.1,100.0,7635
2025-01-23T10:46:18.000000+00:00,236.6,50.1,236.2,50.1,228.9,50.1,4.8,1100.0,870.0,79.0,37.0,84.1,100.0,7635
2025-01-23T10:47:18.000000+00:00,235.9,50.0,236.8,50.0,228.9,50.0,4.9,1120.0,890.0,79.0,37.0,84.2,100.0,7635
2025-01-23T10:48:18.000000+00:00,236.7,50.1,236.2,50.1,228.9,50.1,4.8,1110.0,890.0,80.0,37.0,84.2,100.0,7635
2025-01-23T10:49:18.000000+00:00,236.8,50.2,236.4,50.2,228.9,50.2,4.8,1090.0,870.0,80.0,37.0,84.2,100.0,7538
2025-01-23T10:50:18.000000+00:00,236.5,50.2,236.5,50.2,228.9,50.2,4.7,1080.0,850.0,79.0,36.0,84.1,100.0,7538
2025-01-23T10:51:18.000000+00:00,237.0,50.2,237.0,50.2,228.9,50.2,4.7,1080.0,850.0,79.0,36.0,84.1,100.0,7538
2025-01-23T10:52:18.000000+00:00,236.6,50.2,236.6,50.2,228.9,50.2,4.7,1080.0,860.0,80.0,36.0,84.0,100.0,7538
2025-01-23T10:53:18.000000+00:00,236.5,50.1,236.5,50.1,228.9,50.1,4.8,1100.0,880.0,80.0,37.0,83.9,100.0,7538
2025-01-23T10:54:18.000000+00:00,237.6,50.2,236.7,50.2,228.9,50.2,4.8,1090.0,870.0,80.0,36.0,83.9,100.0,7538
2025-01-23T10:55:18.000000+00:00,237.4,50.1,237.4,50.1,228.9,50.1,4.8,1090.0,860.0,79.0,36.0,83.9,100.0,7538
2025-01-23T10:56:18.000000+00:00,236.5,50.1,236.5,50.1,228.9,50.1,4.8,1090.0,870.0,80.0,36.0,83.8,100.0,7538
2025-01-23T10:57:18.000000+00:00,236.5,50.1,236.2,50.1,228.9,50.1,4.8,1100.0,870.0,79.0,37.0,83.8,100.0,7538
2025-01-23T10:58:18.000000+00:00,235.6,50.2,235.4,50.2,228.9,50.2,4.8,1090.0,870.0,80.0,36.0,83.8,100.0,7538
2025-01-23T10:59:18.000000+00:00,234.3,50.1,234.7,50.1,228.9,50.1,4.8,1090.0,870.0,80.0,37.0,83.8,100.0,7538
2025-01-23T11:00:18.000000+00:00,233.9,50.1,234.5,50.1,228.9,50.1,4.7,1080.0,850.0,79.0,36.0,83.8,100.0,7538
2025-01-23T11:01:18.000000+00:00,234.1,50.2,234.1,50.2,228.9,50.2,4.7,1080.0,850.0,79.0,36.0,83.8,100.0,7538
2025-01-23T11:02:18.000000+00:00,234.5,50.2,233.6,50.2,228.9,50.2,4.7,1080.0,850.0,79.0,36.0,83.8,100.0,7538
2025-01-23T11:03:18.000000+00:00,233.1,50.1,234.0,50.1,228.9,50.1,4.8,1100.0,880.0,80.0,37.0,83.8,100.0,7538
2025-01-23T11:04:18.000000+00:00,236.9,50.2,236.9,50.2,228.9,50.2,4.8,1090.0,870.0,80.0,36.0,83.8,100.0,7538
2025-01-23T11:05:18.000000+00:00,237.8,50.0,237.4,50.0,228.9,50.0,4.7,1080.0,850.0,79.0,36.0,83.8,100.0,7538
2025-01-23T11:06:18.000000+00:00,237.3,50.1,237.3,50.1,228.9,50.1,4.8,1090.0,870.0,80.0,37.0,83.8,100.0,7538
2025-01-23T11:07:18.000000+00:00,236.6,50.1,236.6,50.1,228.9,50.1,4.8,1110.0,890.0,80.0,37.0,83.8,100.0,7538
2025-01-23T11:08:18.000000+00:00,235.8,50.0,235.8,50.0,228.9,50.0,4.8,1110.0,880.0,79.0,37.0,83.8,100.0,7538
2025-01-23T11:09:18.000000+00:00,236.3,50.0,237.4,50.0,228.9,50.0,4.9,1110.0,900.0,79.0,37.0,83.7,100.0,7538
2025-01-23T11:10:18.000000+00:00,237.0,50.1,236.6,50.1,228.9,50.1,4.7,1090.0,860.0,79.0,36.0,83.8,100.0,7538
2025-01-23T11:11:18.000000+00:00,235.4,50.0,235.5,50.0,228.9,50.0,4.8,1090.0,860.0,79.0,36.0,83.7,100.0,7538
2025-01-23T11:12:19.000000+00:00,235.6,50.0,235.0,50.0,228.9,50.0,4.8,1100.0,880.0,80.0,36.0,83.7,100.0,7538
2025-01-23T11:13:19.000000+00:00,234.2,50.1,235.0,50.1,228.9,50.1,4.8,1100.0,870.0,79.0,36.0,83.8,100.0,7538
2025-01-23T11:14:19.000000+00:00,234.4,50.0,234.4,50.0,228.9,50.0,4.8,1100.0,870.0,79.0,37.0,83.7,100.0,7538
2025-01-23T11:15:19.000000+00:00,232.9,50.0,233.9,50.0,228.9,50.0,4.8,1090.0,860.0,79.0,36.0,83.7,100.0,7538
2025-01-23T11:16:19.000000+00:00,236.2,50.0,236.2,50.0,228.9,50.0,4.8,1100.0,880.0,80.0,37.0,83.7,100.0,7538
2025-01-23T11:17:19.000000+00:00,238.1,50.1,237.0,50.1,228.9,50.1,4.9,1110.0,900.0,81.0,37.0,83.7,100.0,7538
2025-01-23T11:18:19.000000+00:00,237.2,50.0,237.4,50.0,228.9,50.0,4.9,1130.0,900.0,80.0,37.0,83.7,100.0,7538
2025-01-23T11:19:19.000000+00:00,237.2,50.0,237.2,50.0,228.9,50.0,4.8,1100.0,870.0,79.0,37.0,83.7,100.0,7538
2025-01-23T11:20:19.000000+00:00,237.1,50.0,237.1,50.0,228.9,50.0,4.7,1080.0,850.0,79.0,36.0,83.7,100.0,7538
2025-01-23T11:21:19.000000+00:00,236.7,50.1,236.7,50.1,228.9,50.1,4.7,1080.0,850.0,79.0,36.0,83.7,100.0,7538
2025-01-23T11:22:19.000000+00:00,236.9,50.0,236.5,50.0,228.9,50.0,4.7,1080.0,850.0,79.0,37.0,83.7,100.0,7538
2025-01-23T11:23:19.000000+00:00,236.0,50.0,236.0,50.0,228.9,50.0,4.8,1100.0,880.0,80.0,37.0,83.7,100.0,7538
2025-01-23T11:24:19.000000+00:00,237.0,50.0,237.0,50.0,228.9,50.0,4.8,1100.0,870.0,79.0,37.0,83.7,100.0,7538
2025-01-23T11:25:19.000000+00:00,236.3,50.0,236.3,50.0,228.9,50.0,4.8,1100.0,860.0,78.0,36.0,83.7,100.0,7538
2025-01-23T11:26:19.000000+00:00,235.6,49.9,235.6,49.9,228.9,49.9,4.8,1110.0,880.0,79.0,37.0,83.7,100.0,7538
2025-01-23T11:27:19.000000+00:00,235.2,49.9,235.2,49.9,228.9,49.9,4.9,1130.0,900.0,80.0,37.0,83.7,100.0,7538
2025-01-23T11:28:19.000000+00:00,235.2,49.9,235.2,49.9,228.9,49.9,4.8,1110.0,880.0,79.0,37.0,83.7,100.0,7538
2025-01-23T11:29:19.000000+00:00,235.5,50.0,235.5,50.0,228.9,50.0,4.8,1100.0,870.0,79.0,37.0,83.7,100.0,7538
2025-01-23T11:30:19.000000+00:00,233.7,49.9,234.6,49.9,228.9,49.9,4.8,1090.0,850.0,78.0,36.0,83.8,100.0,7538
2025-01-23T11:31:19.000000+00:00,235.6,50.0,235.7,50.0,228.9,50.0,4.7,1080.0,850.0,79.0,36.0,84.0,100.0,7538
2025-01-23T11:32:19.000000+00:00,235.5,50.0,235.1,50.0,228.9,50.0,4.8,1090.0,850.0,78.0,36.0,84.1,100.0,7538
2025-01-23T11:33:19.000000+00:00,236.4,50.0,236.4,50.0,228.9,50.0,4.8,1110.0,880.0,79.0,37.0,84.1,100.0,7538
2025-01-23T11:34:19.000000+00:00,235.8,50.0,236.1,50.0,228.9,50.0,4.8,1100.0,870.0,79.0,37.0,84.2,100.0,7538
2025-01-23T11:35:19.000000+00:00,235.8,49.9,236.4,49.9,228.9,49.9,4.8,1090.0,850.0,78.0,36.0,84.2,100.0,7538
2025-01-23T11:36:19.000000+00:00,235.2,49.8,235.2,49.8,228.9,49.8,4.8,1110.0,880.0,79.0,37.0,84.1,100.0,7538
2025-01-23T11:37:19.000000+00:00,234.8,49.9,235.6,49.9,228.9,49.9,4.8,1100.0,870.0,79.0,37.0,84.1,100.0,7538
2025-01-23T11:38:19.000000+00:00,237.2,50.0,236.8,50.0,228.9,50.0,4.8,1100.0,870.0,79.0,37.0,84.0,100.0,7538
2025-01-23T11:39:19.000000+00:00,236.5,50.0,236.5,50.0,228.9,50.0,4.8,1100.0,880.0,80.0,37.0,84.0,100.0,7538
2025-01-23T11:40:19.000000+00:00,236.3,50.1,236.3,50.1,228.9,50.1,4.8,1090.0,860.0,79.0,36.0,83.9,100.0,7538
2025-01-23T11:41:19.000000+00:00,238.5,50.3,238.5,50.3,228.9,50.3,4.8,1090.0,860.0,79.0,36.0,83.9,100.0,7538
2025-01-23T11:42:19.000000+00:00,238.5,50.3,239.0,50.3,228.9,50.3,4.7,1070.0,850.0,79.0,36.0,83.9,100.0,7941
2025-01-23T11:43:19.000000+00:00,238.9,50.2,239.9,50.2,228.9,50.2,4.8,1090.0,870.0,80.0,36.0,83.9,100.0,7538
2025-01-23T11:44:19.000000+00:00,239.4,50.2,240.4,50.2,228.9,50.2,4.8,1090.0,870.0,80.0,36.0,83.9,100.0,7538
2025-01-23T11:45:19.000000+00:00,236.7,50.3,236.7,50.3,228.9,50.3,4.7,1070.0,850.0,79.0,36.0,83.8,100.0,7941
2025-01-23T11:46:19.000000+00:00,236.6,50.1,236.3,50.1,228.9,50.1,4.8,1090.0,870.0,80.0,36.0,83.8,100.0,7443
2025-01-23T11:47:19.000000+00:00,236.4,50.2,236.4,50.2,228.9,50.2,4.8,1090.0,870.0,80.0,37.0,83.8,100.0,7837
2025-01-23T11:48:19.000000+00:00,235.9,50.2,236.4,50.2,228.9,50.2,4.8,1110.0,890.0,80.0,37.0,83.8,100.0,7443
2025-01-23T11:49:19.000000+00:00,236.8,50.1,236.8,50.1,228.9,50.1,4.8,1100.0,880.0,80.0,36.0,83.8,100.0,7350
2025-01-23T11:50:19.000000+00:00,236.8,50.1,236.8,50.1,228.9,50.1,4.7,1080.0,850.0,79.0,36.0,83.8,100.0,7735
2025-01-23T11:51:19.000000+00:00,236.9,50.1,236.0,50.1,228.9,50.1,4.7,1080.0,850.0,79.0,36.0,83.8,100.0,7735
2025-01-23T11:52:19.000000+00:00,236.4,50.1,236.4,50.1,228.9,50.1,4.7,1080.0,850.0,79.0,37.0,83.8,100.0,7837
2025-01-23T11:53:19.000000+00:00,235.6,50.1,235.6,50.1,228.9,50.1,4.8,1100.0,870.0,79.0,36.0,83.7,100.0,7443
2025-01-23T11:54:19.000000+00:00,236.5,50.1,236.5,50.1,228.9,50.1,4.8,1100.0,870.0,79.0,37.0,83.8,100.0,7443
2025-01-23T11:55:19.000000+00:00,236.7,50.1,236.7,50.1,228.9,50.1,4.8,1090.0,860.0,79.0,36.0,83.8,100.0,7837
2025-01-23T11:56:19.000000+00:00,236.5,50.0,236.5,50.0,228.9,50.0,4.8,1100.0,870.0,79.0,37.0,83.7,100.0,7443
2025-01-23T11:57:19.000000+00:00,236.8,50.1,236.8,50.1,228.9,50.1,4.8,1100.0,870.0,79.0,37.0,83.7,100.0,7837
2025-01-23T11:58:19.000000+00:00,236.2,50.1,236.8,50.1,228.9,50.1,4.8,1090.0,870.0,80.0,37.0,83.7,100.0,7443
2025-01-23T11:59:19.000000+00:00,236.3,50.1,236.4,50.0,228.9,50.1,4.8,1100.0,880.0,80.0,36.0,83.7,100.0,7837
2025-01-23T12:00:19.000000+00:00,236.9,50.1,236.9,50.1,228.9,50.1,4.7,1080.0,850.0,79.0,36.0,83.7,100.0,7837
2025-01-23T12:01:19.000000+00:00,237.5,50.0,237.5,50.0,228.9,50.0,4.7,1080.0,850.0,79.0,36.0,83.8,100.0,7837
2025-01-23T12:02:19.000000+00:00,237.0,50.0,236.0,50.0,228.9,50.0,4.7,1090.0,860.0,79.0,36.0,84.0,100.0,7837
2025-01-23T12:03:19.000000+00:00,235.9,50.0,235.8,50.0,228.9,50.0,4.8,1110.0,890.0,80.0,37.0,84.0,100.0,7443
2025-01-23T12:04:19.000000+00:00,235.9,50.1,235.9,50.1,228.9,50.1,4.8,1090.0,870.0,80.0,37.0,84.1,100.0,7443
2025-01-23T12:05:19.000000+00:00,236.2,50.1,236.3,50.1,228.9,50.1,4.7,1080.0,860.0,80.0,36.0,84.1,100.0,7837
2025-01-23T12:06:19.000000+00:00,235.2,50.1,235.3,50.1,228.9,50.1,4.8,1110.0,880.0,79.0,37.0,84.2,100.0,7443
2025-01-23T12:07:19.000000+00:00,235.9,50.1,234.9,50.1,228.9,50.1,4.8,1100.0,880.0,80.0,37.0,84.2,100.0,7837
2025-01-23T12:08:19.000000+00:00,234.8,50.0,234.8,50.0,228.9,50.0,4.8,1100.0,870.0,79.0,36.0,84.1,100.0,7443
2025-01-23T12:09:19.000000+00:00,234.9,50.0,234.9,50.0,228.9,50.0,4.8,1100.0,870.0,79.0,37.0,84.0,100.0,7443
2025-01-23T12:10:19.000000+00:00,236.5,50.0,236.5,50.0,228.9,50.0,4.8,1100.0,870.0,79.0,36.0,84.0,100.0,7443
2025-01-23T12:11:19.000000+00:00,236.1,50.0,236.1,50.0,228.9,50.0,4.8,1100.0,870.0,79.0,37.0,83.9,100.0,7837
2025-01-23T12:12:19.000000+00:00,235.8,50.0,235.8,50.0,228.9,50.0,4.7,1080.0,850.0,79.0,37.0,83.9,100.0,7837
2025-01-23T12:13:19.000000+00:00,235.3,50.0,235.3,50.0,228.9,49.9,4.8,1110.0,880.0,79.0,37.0,83.9,100.0,7443
2025-01-23T12:14:19.000000+00:00,235.0,50.0,235.0,50.0,228.9,50.0,4.8,1110.0,880.0,79.0,37.0,83.8,100.0,7837
2025-01-23T12:15:19.000000+00:00,235.8,49.9,234.8,49.9,228.9,49.9,4.8,1090.0,850.0,78.0,36.0,83.8,100.0,7837
2025-01-23T12:16:19.000000+00:00,235.8,50.0,236.3,50.0,228.9,50.0,4.8,1100.0,870.0,79.0,37.0,83.8,100.0,7443
2025-01-23T12:17:19.000000+00:00,236.0,50.1,236.5,50.1,228.9,50.1,4.8,1100.0,870.0,79.0,37.0,83.8,100.0,7837
2025-01-23T12:18:19.000000+00:00,236.1,50.0,236.1,50.0,228.9,50.0,4.9,1130.0,910.0,81.0,37.0,83.8,100.0,7443
2025-01-23T12:19:19.000000+00:00,236.3,50.0,236.3,50.0,228.9,50.0,4.8,1100.0,880.0,80.0,37.0,83.8,100.0,7635
2025-01-23T12:20:19.000000+00:00,237.3,50.1,236.4,50.1,228.9,50.1,4.7,1080.0,850.0,79.0,36.0,83.8,100.0,7837
2025-01-23T12:21:20.000000+00:00,237.1,50.1,237.1,50.1,228.9,50.1,4.7,1080.0,860.0,80.0,36.0,83.8,100.0,7837
2025-01-23T12:22:20.000000+00:00,237.1,50.1,237.1,50.1,228.9,50.1,4.8,1100.0,870.0,79.0,36.0,83.8,100.0,7837
2025-01-23T12:23:20.000000+00:00,236.6,50.0,236.6,50.0,228.9,50.0,4.8,1100.0,880.0,80.0,37.0,83.8,100.0,7443
2025-01-23T12:24:20.000000+00:00,237.1,50.0,236.3,50.0,228.9,50.1,4.8,1100.0,880.0,80.0,37.0,83.7,100.0,7443
2025-01-23T12:25:20.000000+00:00,237.4,50.1,236.4,50.1,228.9,50.1,4.8,1090.0,860.0,79.0,36.0,83.7,100.0,7443
2025-01-23T12:26:20.000000+00:00,237.6,50.3,238.0,50.3,228.9,50.3,4.8,1100.0,880.0,81.0,37.0,83.7,100.0,7443
2025-01-23T12:27:20.000000+00:00,237.6,50.2,238.4,50.2,228.9,50.2,4.8,1100.0,880.0,80.0,37.0,83.7,100.0,7837
2025-01-23T12:28:20.000000+00:00,238.5,50.2,238.1,50.2,228.9,50.2,4.8,1090.0,870.0,80.0,36.0,83.7,100.0,7443
2025-01-23T12:29:20.000000+00:00,236.7,50.3,236.7,50.3,228.9,50.3,4.7,1080.0,860.0,80.0,36.0,83.7,100.0,7443
2025-01-23T12:30:20.000000+00:00,238.4,50.3,238.4,50.3,228.9,50.3,4.7,1070.0,850.0,79.0,36.0,83.7,100.0,7941
2025-01-23T12:31:20.000000+00:00,237.4,50.3,237.4,50.3,228.9,50.3,4.7,1070.0,840.0,79.0,36.0,83.7,100.0,7941
2025-01-23T12:32:20.000000+00:00,237.4,50.3,236.6,50.3,228.9,50.3,4.7,1080.0,870.0,81.0,36.0,83.7,100.0,7538
2025-01-23T12:33:20.000000+00:00,236.4,50.2,236.4,50.2,228.9,50.2,4.8,1100.0,880.0,80.0,36.0,83.9,100.0,7538
2025-01-23T12:34:20.000000+00:00,236.8,50.2,236.8,50.2,228.9,50.2,4.8,1090.0,870.0,80.0,36.0,84.1,100.0,7443
2025-01-23T12:35:20.000000+00:00,238.0,50.2,237.0,50.2,228.9,50.2,4.7,1080.0,860.0,80.0,36.0,84.1,100.0,7837
2025-01-23T12:36:20.000000+00:00,238.3,50.1,237.7,50.1,228.9,50.1,4.9,1110.0,900.0,81.0,36.0,84.2,100.0,7443
2025-01-23T12:37:20.000000+00:00,238.4,50.1,237.4,50.1,228.9,50.1,4.8,1100.0,880.0,80.0,37.0,84.2,100.0,7837
2025-01-23T12:38:20.000000+00:00,239.0,50.1,239.0,50.1,228.9,50.1,4.8,1110.0,890.0,80.0,37.0,84.2,100.0,7443
2025-01-23T12:39:20.000000+00:00,239.0,50.3,239.2,50.3,228.9,50.3,4.8,1110.0,890.0,80.0,36.0,84.1,100.0,7837
2025-01-23T12:40:20.000000+00:00,238.8,50.2,238.1,50.2,228.9,50.2,4.7,1080.0,850.0,79.0,36.0,84.1,100.0,7837
2025-01-23T12:41:20.000000+00:00,237.6,50.0,238.6,50.0,228.9,50.0,4.8,1090.0,860.0,79.0,37.0,84.0,100.0,7837
2025-01-23T12:42:20.000000+00:00,237.9,50.1,237.4,50.1,228.9,50.1,4.7,1080.0,850.0,79.0,36.0,84.0,100.0,7837
2025-01-23T12:43:20.000000+00:00,238.0,50.1,238.0,50.1,228.9,50.1,4.8,1090.0,870.0,80.0,37.0,84.0,100.0,7443
2025-01-23T12:44:20.000000+00:00,236.3,50.1,236.2,50.1,228.9,50.1,4.8,1090.0,870.0,80.0,37.0,83.9,100.0,7443
2025-01-23T12:45:20.000000+00:00,236.1,50.1,236.1,50.1,228.9,50.1,4.7,1080.0,840.0,78.0,36.0,83.9,100.0,7837
2025-01-23T12:46:20.000000+00:00,235.5,49.9,235.5,49.9,228.9,49.9,4.8,1100.0,880.0,80.0,37.0,83.9,100.0,7350
2025-01-23T12:47:20.000000+00:00,236.3,50.0,236.3,50.0,228.9,50.0,4.8,1100.0,880.0,80.0,37.0,83.9,100.0,7735
2025-01-23T12:48:20.000000+00:00,232.7,50.1,234.7,50.1,228.9,50.1,4.9,1120.0,890.0,79.0,37.0,83.8,100.0,7735
2025-01-23T12:49:20.000000+00:00,236.7,50.1,237.1,50.1,228.9,50.1,4.8,1090.0,870.0,80.0,36.0,83.8,100.0,7735
2025-01-23T12:50:20.000000+00:00,236.7,50.1,236.7,50.1,228.9,50.1,4.7,1080.0,850.0,79.0,36.0,83.8,100.0,7735
2025-01-23T12:51:20.000000+00:00,236.5,50.1,236.5,50.1,228.9,50.1,4.7,1080.0,860.0,80.0,36.0,83.8,100.0,7735
2025-01-23T12:52:20.000000+00:00,237.1,50.0,236.7,50.0,228.9,50.0,4.8,1100.0,880.0,80.0,37.0,83.8,100.0,7837
2025-01-23T12:53:20.000000+00:00,236.0,50.0,236.0,50.0,228.9,50.0,4.8,1100.0,880.0,80.0,37.0,83.8,100.0,7443
2025-01-23T12:54:20.000000+00:00,236.1,50.0,235.7,50.0,228.9,50.0,4.8,1100.0,870.0,79.0,37.0,83.8,100.0,7443
2025-01-23T12:55:20.000000+00:00,236.0,50.0,236.4,50.0,228.9,50.0,4.7,1090.0,850.0,78.0,36.0,83.8,100.0,7443
2025-01-23T12:56:20.000000+00:00,236.0,50.0,236.0,50.0,228.9,50.0,4.8,1110.0,880.0,79.0,37.0,83.8,100.0,7443
2025-01-23T12:57:20.000000+00:00,235.8,50.0,235.6,50.0,228.9,50.0,4.9,1110.0,890.0,80.0,37.0,83.8,100.0,7837
2025-01-23T12:58:20.000000+00:00,236.5,50.0,236.4,50.0,228.9,50.0,4.8,1110.0,870.0,78.0,37.0,83.8,100.0,7443
2025-01-23T12:59:20.000000+00:00,236.9,50.1,236.7,50.1,228.9,50.1,4.8,1100.0,870.0,79.0,37.0,83.7,100.0,7837
2025-01-23T13:00:20.000000+00:00,237.3,50.0,237.3,50.0,228.9,50.0,4.7,1080.0,850.0,79.0,36.0,83.7,100.0,7837
2025-01-23T13:01:20.000000+00:00,236.8,50.0,236.8,50.0,228.9,50.0,4.8,1090.0,860.0,79.0,36.0,83.8,100.0,7837
2025-01-23T13:02:20.000000+00:00,236.9,49.9,237.1,49.9,228.9,49.9,4.8,1100.0,870.0,79.0,37.0,83.8,100.0,7443
2025-01-23T13:03:20.000000+00:00,237.0,50.0,237.0,50.0,228.9,50.0,4.8,1100.0,880.0,80.0,37.0,83.7,100.0,7350
2025-01-23T13:04:20.000000+00:00,237.7,50.0,237.7,50.0,228.9,50.0,4.9,1120.0,900.0,80.0,37.0,83.7,100.0,7443
2025-01-23T13:05:20.000000+00:00,237.2,50.0,237.2,50.0,228.9,50.0,4.8,1100.0,880.0,80.0,37.0,83.7,100.0,7837
2025-01-23T13:06:20.000000+00:00,236.5,50.0,236.5,50.0,228.9,50.0,4.8,1110.0,880.0,79.0,37.0,83.7,100.0,7443
2025-01-23T13:07:20.000000+00:00,237.2,50.0,237.2,50.0,228.9,50.0,4.8,1110.0,880.0,79.0,37.0,83.7,100.0,7443
2025-01-23T13:08:20.000000+00:00,237.7,50.1,236.9,50.1,228.9,50.1,4.8,1090.0,870.0,80.0,37.0,83.7,100.0,7443
2025-01-23T13:09:20.000000+00:00,236.7,50.0,237.1,50.0,228.9,50.0,4.8,1100.0,870.0,79.0,37.0,83.7,100.0,7837
2025-01-23T13:10:20.000000+00:00,236.3,50.0,236.8,50.0,228.9,50.0,4.8,1100.0,860.0,78.0,36.0,83.7,100.0,7538
2025-01-23T13:11:20.000000+00:00,236.4,50.1,236.4,50.1,228.9,50.1,4.8,1100.0,870.0,79.0,36.0,83.7,100.0,7538
2025-01-23T13:12:20.000000+00:00,237.1,50.1,237.1,50.1,228.9,50.1,4.8,1100.0,880.0,80.0,36.0,83.7,100.0,7538
2025-01-23T13:13:20.000000+00:00,237.2,50.1,237.2,50.1,228.9,50.1,4.8,1090.0,870.0,80.0,36.0,83.7,100.0,7538
2025-01-23T13:14:20.000000+00:00,237.1,50.1,238.1,50.1,228.9,50.1,4.8,1100.0,870.0,79.0,37.0,83.7,100.0,7538
2025-01-23T13:15:20.000000+00:00,237.6,50.1,238.0,50.1,228.9,50.1,4.7,1080.0,850.0,79.0,36.0,83.8,100.0,7538
2025-01-23T13:16:20.000000+00:00,238.1,50.2,238.1,50.2,228.9,50.2,4.8,1090.0,870.0,80.0,36.0,83.9,100.0,7538
2025-01-23T13:17:20.000000+00:00,238.0,50.1,238.0,50.1,228.9,50.1,4.9,1110.0,900.0,81.0,37.0,84.0,100.0,7941
2025-01-23T13:18:20.000000+00:00,238.6,50.2,238.6,50.2,228.9,50.2,4.8,1100.0,880.0,80.0,37.0,84.1,100.0,7443
2025-01-23T13:19:20.000000+00:00,238.3,50.2,239.4,50.2,228.9,50.2,4.8,1090.0,870.0,80.0,37.0,84.1,100.0,7443
2025-01-23T13:20:20.000000+00:00,239.2,50.2,239.2,50.2,228.9,50.2,4.7,1080.0,850.0,79.0,36.0,84.2,100.0,7837
2025-01-23T13:21:20.000000+00:00,239.1,50.3,239.1,50.3,228.9,50.3,4.7,1070.0,850.0,79.0,36.0,84.2,100.0,7837
2025-01-23T13:22:20.000000+00:00,238.7,50.2,238.3,50.2,228.9,50.2,4.7,1080.0,850.0,79.0,36.0,84.0,100.0,7837
2025-01-23T13:23:20.000000+00:00,238.7,50.2,238.8,50.2,228.9,50.2,4.7,1090.0,860.0,79.0,36.0,84.0,100.0,7735
2025-01-23T13:24:20.000000+00:00,237.9,50.2,238.2,50.2,229.0,50.2,4.8,1100.0,880.0,80.0,36.0,84.0,100.0,7735
2025-01-23T13:25:20.000000+00:00,237.6,50.1,237.6,50.1,228.9,50.1,4.7,1080.0,850.0,79.0,36.0,83.9,100.0,7735
2025-01-23T13:26:20.000000+00:00,237.6,50.2,237.6,50.2,228.9,50.2,4.8,1100.0,880.0,80.0,37.0,83.9,100.0,7735
2025-01-23T13:27:20.000000+00:00,238.1,50.3,238.0,50.3,228.9,50.3,4.8,1110.0,890.0,80.0,36.0,83.9,100.0,7735
2025-01-23T13:28:20.000000+00:00,238.7,50.3,238.7,50.3,228.9,50.3,4.8,1090.0,870.0,80.0,37.0,83.9,100.0,7735
2025-01-23T13:29:21.000000+00:00,239.9,50.3,240.1,50.3,228.9,50.3,4.8,1090.0,870.0,80.0,36.0,83.8,100.0,7350
2025-01-23T13:30:21.000000+00:00,239.0,50.4,238.9,50.4,228.9,50.4,4.7,1070.0,850.0,79.0,35.0,83.8,100.0,7735
2025-01-23T13:31:21.000000+00:00,239.5,50.3,239.5,50.4,228.9,50.4,4.7,1070.0,850.0,79.0,36.0,83.8,100.0,7735
2025-01-23T13:32:21.000000+00:00,240.1,50.3,239.1,50.3,228.9,50.3,4.7,1080.0,860.0,80.0,36.0,83.8,100.0,7735
2025-01-23T13:33:21.000000+00:00,240.3,50.3,240.3,50.3,228.9,50.3,4.8,1100.0,880.0,80.0,36.0,83.8,100.0,7735
2025-01-23T13:34:21.000000+00:00,239.9,50.3,239.4,50.3,228.9,50.3,4.7,1090.0,860.0,79.0,36.0,83.8,100.0,7735
2025-01-23T13:35:21.000000+00:00,240.0,50.2,240.1,50.2,229.0,50.2,4.7,1070.0,850.0,79.0,36.0,83.8,100.0,7735
2025-01-23T13:36:21.000000+00:00,240.2,50.3,240.2,50.3,228.9,50.3,4.8,1090.0,870.0,80.0,36.0,83.8,100.0,7735
2025-01-23T13:37:21.000000+00:00,239.8,50.3,239.8,50.3,228.9,50.3,4.8,1090.0,870.0,80.0,36.0,83.8,100.0,7735
2025-01-23T13:38:21.000000+00:00,240.5,50.3,240.5,50.3,228.9,50.3,4.7,1080.0,860.0,80.0,36.0,83.8,100.0,7735
2025-01-23T13:39:21.000000+00:00,239.7,50.3,239.7,50.3,228.9,50.3,4.7,1080.0,860.0,80.0,36.0,83.7,100.0,7350
2025-01-23T13:40:21.000000+00:00,239.0,50.1,239.0,50.1,228.9,50.1,4.7,1080.0,850.0,79.0,36.0,83.7,100.0,7837
2025-01-23T13:41:21.000000+00:00,240.2,50.1,240.2,50.1,228.9,50.1,4.7,1080.0,850.0,79.0,36.0,83.7,100.0,7837
2025-01-23T13:42:21.000000+00:00,240.7,50.2,240.7,50.2,228.9,50.2,4.7,1090.0,870.0,80.0,36.0,83.7,100.0,7635
2025-01-23T13:43:21.000000+00:00,240.1,50.3,239.9,50.3,228.9,50.3,4.8,1090.0,870.0,80.0,36.0,83.7,100.0,7635
2025-01-23T13:44:21.000000+00:00,240.5,50.2,239.6,50.2,228.9,50.2,4.8,1090.0,870.0,80.0,36.0,83.7,100.0,7635
2025-01-23T13:45:21.000000+00:00,239.7,50.2,239.7,50.2,228.9,50.2,4.7,1070.0,840.0,79.0,36.0,83.7,100.0,7635
2025-01-23T13:46:21.000000+00:00,240.1,50.2,240.1,50.2,228.9,50.2,4.7,1090.0,860.0,79.0,37.0,83.7,100.0,7635
2025-01-23T13:47:21.000000+00:00,239.9,50.2,239.9,50.2,228.9,50.2,4.8,1110.0,890.0,80.0,36.0,83.7,100.0,7635
2025-01-23T13:48:21.000000+00:00,240.4,50.3,240.4,50.3,228.9,50.3,4.8,1090.0,870.0,80.0,36.0,83.9,100.0,7635
2025-01-23T13:49:21.000000+00:00,239.4,50.2,240.4,50.2,228.9,50.2,4.8,1090.0,880.0,81.0,36.0,84.0,100.0,7635
2025-01-23T13:50:21.000000+00:00,240.5,50.2,240.5,50.2,228.9,50.2,4.7,1080.0,850.0,79.0,36.0,84.1,100.0,7635
2025-01-23T13:51:21.000000+00:00,240.0,50.2,240.1,50.2,228.9,50.2,4.7,1080.0,850.0,79.0,36.0,84.1,100.0,7735
2025-01-23T13:52:21.000000+00:00,239.9,50.2,239.9,50.2,228.9,50.2,4.8,1090.0,870.0,80.0,36.0,84.2,100.0,7735
2025-01-23T13:53:21.000000+00:00,240.2,50.3,239.4,50.3,228.9,50.3,4.7,1080.0,870.0,81.0,37.0,84.2,100.0,7735
2025-01-23T13:54:21.000000+00:00,239.4,50.3,239.4,50.3,229.0,50.3,4.7,1080.0,860.0,80.0,36.0,84.1,100.0,7735
2025-01-23T13:55:21.000000+00:00,240.0,50.3,240.0,50.3,228.9,50.3,4.8,1090.0,870.0,80.0,36.0,84.1,100.0,7735
2025-01-23T13:56:21.000000+00:00,239.5,50.1,239.5,50.1,228.9,50.1,4.8,1090.0,870.0,80.0,37.0,84.0,100.0,7350
2025-01-23T13:57:21.000000+00:00,239.8,50.1,239.8,50.1,228.9,50.1,4.8,1110.0,890.0,80.0,37.0,84.0,100.0,7837
2025-01-23T13:58:21.000000+00:00,240.3,50.1,240.3,50.1,229.0,50.1,4.8,1110.0,880.0,79.0,37.0,83.9,100.0,7443
2025-01-23T13:59:21.000000+00:00,240.4,50.2,239.5,50.2,228.9,50.2,4.8,1090.0,870.0,80.0,37.0,83.9,100.0,7443
2025-01-23T14:00:21.000000+00:00,240.0,50.2,239.5,50.2,228.9,50.1,4.7,1080.0,850.0,79.0,36.0,83.8,100.0,7837
2025-01-23T14:01:21.000000+00:00,240.9,50.2,240.5,50.2,228.9,50.2,4.7,1080.0,850.0,79.0,36.0,83.8,100.0,7837
2025-01-23T14:02:21.000000+00:00,240.3,50.2,240.9,50.2,228.9,50.2,4.7,1090.0,860.0,79.0,37.0,83.8,100.0,7735
2025-01-23T14:03:21.000000+00:00,240.0,50.2,240.6,50.2,228.9,50.2,4.8,1100.0,870.0,79.0,36.0,83.8,100.0,7735
2025-01-23T14:03:21.000000+00:00,240.0,50.2,240.6,50.2,228.9,50.2,4.8,1100.0,870.0,79.0,36.0,83.8,100.0,7735
2025-01-23T14:03:23.000000+00:00,240.0,50.2,240.6,50.2,228.9,50.2,4.8,1100.0,870.0,79.0,37.0,83.8,100.0,7735
2025-01-23T14:03:25.000000+00:00,242.2,50.2,242.6,50.2,228.9,50.2,4.8,1090.0,870.0,80.0,37.0,83.8,100.0,7735
2025-01-23T14:03:26.000000+00:00,242.2,50.2,242.6,50.2,228.9,50.2,4.8,1090.0,870.0,80.0,37.0,83.8,100.0,7735
2025-01-23T14:03:29.000000+00:00,242.2,50.2,242.6,50.2,228.9,50.2,4.8,1090.0,870.0,80.0,36.0,81.6,100.0,7350
2025-01-23T14:03:31.000000+00:00,240.6,50.2,239.6,50.2,228.9,50.2,4.7,1080.0,850.0,79.0,36.0,81.6,100.0,7350
2025-01-23T14:04:21.000000+00:00,240.2,50.2,240.7,50.2,228.9,50.2,4.8,1100.0,870.0,79.0,36.0,82.9,100.0,7345
2025-01-23T14:05:21.000000+00:00,240.1,50.2,240.1,50.2,229.0,50.2,4.7,1080.0,860.0,80.0,36.0,83.0,100.0,7730
2025-01-23T14:06:21.000000+00:00,239.9,50.2,239.9,50.2,228.9,50.2,4.8,1090.0,880.0,81.0,36.0,83.1,100.0,7346
2025-01-23T14:07:21.000000+00:00,240.9,50.3,240.9,50.3,228.9,50.3,4.8,1110.0,900.0,81.0,36.0,83.2,100.0,7731
2025-01-23T14:08:21.000000+00:00,240.5,50.3,240.1,50.3,229.0,50.4,4.8,1090.0,870.0,80.0,36.0,83.7,100.0,7731
2025-01-23T14:09:21.000000+00:00,241.4,50.4,241.5,50.4,229.0,50.4,4.8,1090.0,880.0,81.0,37.0,83.7,100.0,7731
2025-01-23T14:10:21.000000+00:00,237.8,50.4,237.8,50.4,228.9,50.4,4.6,1070.0,840.0,79.0,36.0,83.7,100.0,7731
2025-01-23T14:11:21.000000+00:00,238.6,50.3,238.4,50.3,229.0,50.3,4.7,1080.0,860.0,80.0,36.0,83.7,100.0,7732
2025-01-23T14:12:21.000000+00:00,238.4,50.4,238.5,50.4,228.9,50.4,4.7,1080.0,860.0,80.0,36.0,83.7,100.0,7732
2025-01-23T14:13:21.000000+00:00,237.8,50.4,237.8,50.4,228.9,50.4,4.7,1080.0,860.0,80.0,37.0,83.7,100.0,7732
2025-01-23T14:14:21.000000+00:00,237.8,50.4,237.3,50.4,228.9,50.4,4.7,1080.0,860.0,80.0,36.0,83.7,100.0,7732
2025-01-23T14:15:21.000000+00:00,238.1,50.4,238.1,50.4,228.9,50.4,4.7,1070.0,850.0,79.0,36.0,83.7,100.0,7733
2025-01-23T14:16:21.000000+00:00,236.7,50.4,237.3,50.4,228.9,50.4,4.7,1080.0,870.0,81.0,36.0,83.7,100.0,7733
2025-01-23T14:17:21.000000+00:00,235.7,50.3,236.2,50.3,228.9,50.3,4.8,1100.0,890.0,81.0,36.0,83.7,100.0,7733
2025-01-23T14:18:21.000000+00:00,235.8,50.3,235.8,50.3,228.9,50.3,4.8,1090.0,870.0,80.0,37.0,83.7,100.0,7733
2025-01-23T14:19:21.000000+00:00,237.8,50.3,236.9,50.3,228.9,50.3,4.7,1080.0,860.0,80.0,36.0,83.7,100.0,7734
2025-01-23T14:20:21.000000+00:00,235.7,50.3,235.7,50.3,228.9,50.3,4.7,1070.0,850.0,79.0,36.0,83.8,100.0,7836
2025-01-23T14:21:21.000000+00:00,235.4,50.3,235.5,50.3,228.9,50.3,4.8,1090.0,870.0,80.0,36.0,84.0,100.0,7734
2025-01-23T14:22:21.000000+00:00,235.5,50.2,235.5,50.2,228.9,50.2,4.8,1090.0,870.0,80.0,36.0,84.1,100.0,7635
2025-01-23T14:23:21.000000+00:00,235.3,50.2,235.3,50.2,228.9,50.2,4.8,1090.0,870.0,80.0,37.0,84.1,100.0,7635
2025-01-23T14:24:21.000000+00:00,235.8,50.3,235.8,50.3,228.9,50.3,4.8,1090.0,870.0,80.0,36.0,84.2,100.0,7635
2025-01-23T14:25:21.000000+00:00,235.5,50.3,235.1,50.2,228.9,50.2,4.7,1080.0,850.0,79.0,36.0,84.2,100.0,7635
2025-01-23T14:26:21.000000+00:00,234.8,50.3,234.2,50.3,228.9,50.3,4.8,1100.0,880.0,80.0,37.0,84.1,100.0,7635
2025-01-23T14:27:21.000000+00:00,235.6,50.3,236.1,50.3,228.9,50.3,4.8,1090.0,870.0,80.0,37.0,84.0,100.0,7735
2025-01-23T14:28:21.000000+00:00,236.5,50.3,237.0,50.3,228.9,50.3,4.8,1090.0,870.0,80.0,36.0,84.0,100.0,7635
2025-01-23T14:29:21.000000+00:00,237.4,50.3,237.4,50.3,228.9,50.4,4.7,1080.0,870.0,81.0,36.0,83.9,100.0,7635
2025-01-23T14:30:21.000000+00:00,237.7,50.3,237.8,50.3,228.9,50.3,4.7,1070.0,850.0,79.0,36.0,83.9,100.0,7635
2025-01-23T14:31:21.000000+00:00,236.6,50.3,236.5,50.3,228.9,50.3,4.7,1070.0,850.0,79.0,36.0,83.9,100.0,7635
2025-01-23T14:32:21.000000+00:00,236.5,50.3,236.3,50.3,228.9,50.3,4.8,1090.0,870.0,80.0,36.0,83.8,100.0,7635
2025-01-23T14:33:21.000000+00:00,235.4,50.3,235.6,50.3,228.9,50.3,4.8,1090.0,880.0,81.0,37.0,83.8,100.0,7635
2025-01-23T14:34:21.000000+00:00,236.7,50.3,236.7,50.3,228.9,50.3,4.7,1080.0,860.0,80.0,36.0,83.8,100.0,7635
2025-01-23T14:35:22.000000+00:00,236.5,50.3,236.6,50.3,228.9,50.3,4.7,1070.0,850.0,79.0,36.0,83.8,100.0,7635
2025-01-23T14:36:22.000000+00:00,236.3,50.3,236.3,50.3,228.9,50.3,4.8,1090.0,870.0,80.0,36.0,83.7,100.0,7635
2025-01-23T14:37:22.000000+00:00,235.5,50.3,236.0,50.3,228.9,50.3,4.8,1100.0,880.0,80.0,37.0,83.8,100.0,7635
2025-01-23T14:38:22.000000+00:00,235.0,50.3,235.0,50.3,229.0,50.3,4.8,1090.0,870.0,80.0,37.0,83.8,100.0,7635
2025-01-23T14:39:22.000000+00:00,234.2,50.3,234.2,50.3,228.9,50.3,4.7,1080.0,860.0,80.0,36.0,83.7,100.0,7635
2025-01-23T14:40:22.000000+00:00,234.8,50.3,234.8,50.3,228.9,50.3,4.7,1070.0,850.0,79.0,36.0,83.7,100.0,7635
2025-01-23T14:41:22.000000+00:00,234.3,50.3,234.3,50.3,228.9,50.3,4.8,1090.0,870.0,80.0,37.0,83.7,100.0,7635
2025-01-23T14:42:22.000000+00:00,235.0,50.4,235.0,50.4,228.9,50.4,4.7,1080.0,870.0,81.0,36.0,83.7,100.0,7635
2025-01-23T14:43:22.000000+00:00,235.7,50.4,235.7,50.4,228.9,50.4,4.7,1080.0,870.0,81.0,36.0,83.7,100.0,7635
2025-01-23T14:44:22.000000+00:00,236.0,50.4,236.2,50.4,228.9,50.4,4.7,1080.0,870.0,81.0,36.0,83.7,100.0,7635
2025-01-23T14:45:22.000000+00:00,235.8,50.3,234.8,50.3,228.9,50.3,4.7,1070.0,850.0,79.0,36.0,83.7,100.0,7635
2025-01-23T14:46:22.000000+00:00,235.3,50.3,234.9,50.3,228.9,50.3,4.8,1090.0,880.0,81.0,36.0,83.7,100.0,7635
2025-01-23T14:47:22.000000+00:00,235.4,50.3,235.4,50.3,228.9,50.3,4.8,1090.0,870.0,80.0,36.0,83.9,100.0,7635
2025-01-23T14:48:22.000000+00:00,234.8,50.3,234.8,50.3,228.9,50.3,4.8,1110.0,890.0,80.0,37.0,84.0,100.0,7635
2025-01-23T14:49:22.000000+00:00,235.5,50.2,235.3,50.2,228.9,50.3,4.9,1120.0,910.0,81.0,36.0,84.1,100.0,7635
2025-01-23T14:50:22.000000+00:00,235.6,50.3,235.2,50.3,228.9,50.3,4.7,1070.0,850.0,79.0,36.0,84.2,100.0,7837
2025-01-23T14:51:22.000000+00:00,235.7,50.2,234.8,50.2,228.9,50.2,4.7,1080.0,860.0,80.0,36.0,84.2,100.0,7837
2025-01-23T14:52:22.000000+00:00,235.7,50.2,235.6,50.2,228.9,50.2,4.8,1090.0,870.0,80.0,36.0,84.3,100.0,7837
2025-01-23T14:53:22.000000+00:00,235.5,50.2,235.5,50.2,228.9,50.2,4.8,1100.0,880.0,80.0,36.0,84.1,100.0,7443
2025-01-23T14:54:22.000000+00:00,235.5,50.3,235.1,50.3,228.9,50.3,4.8,1090.0,870.0,80.0,36.0,84.1,100.0,7443
2025-01-23T14:55:22.000000+00:00,236.4,50.2,236.4,50.2,228.9,50.2,4.7,1080.0,860.0,80.0,36.0,84.0,100.0,7837
2025-01-23T14:56:22.000000+00:00,235.8,50.1,235.9,50.1,228.9,50.1,4.8,1100.0,880.0,80.0,37.0,83.9,100.0,7635
2025-01-23T14:57:22.000000+00:00,235.7,50.1,235.7,50.1,228.9,50.1,4.9,1110.0,890.0,80.0,36.0,83.9,100.0,7635
2025-01-23T14:58:22.000000+00:00,234.7,50.1,234.7,50.1,228.9,50.1,4.8,1100.0,880.0,80.0,37.0,83.9,100.0,7635
2025-01-23T14:59:22.000000+00:00,236.2,50.2,235.3,50.2,228.9,50.2,4.8,1100.0,880.0,80.0,37.0,83.8,100.0,7635
2025-01-23T15:00:22.000000+00:00,235.9,50.2,235.9,50.2,228.9,50.2,4.7,1080.0,860.0,80.0,36.0,83.8,100.0,7635
2025-01-23T15:01:22.000000+00:00,235.7,50.2,235.7,50.2,228.9,50.1,4.7,1080.0,850.0,79.0,36.0,83.8,100.0,7635
2025-01-23T15:02:22.000000+00:00,236.0,50.2,235.0,50.2,228.9,50.2,4.8,1090.0,870.0,80.0,36.0,83.8,100.0,7635
2025-01-23T15:03:22.000000+00:00,235.0,50.2,235.0,50.2,228.9,50.2,4.8,1100.0,870.0,79.0,37.0,83.8,100.0,7635
2025-01-23T15:04:22.000000+00:00,234.4,50.1,234.4,50.1,228.9,50.1,4.8,1090.0,870.0,80.0,37.0,83.8,100.0,7635
2025-01-23T15:05:22.000000+00:00,234.8,50.2,235.4,50.2,228.9,50.2,4.7,1080.0,850.0,79.0,36.0,83.7,100.0,7635
2025-01-23T15:06:22.000000+00:00,235.1,50.2,235.6,50.2,228.9,50.2,4.8,1090.0,880.0,81.0,36.0,83.7,100.0,7635
2025-01-23T15:07:22.000000+00:00,234.9,50.3,234.8,50.3,228.9,50.3,4.8,1100.0,880.0,80.0,36.0,83.7,100.0,7635
2025-01-23T15:08:22.000000+00:00,234.3,50.1,235.4,50.1,228.9,50.2,4.8,1100.0,880.0,80.0,37.0,83.7,100.0,7635
2025-01-23T15:09:22.000000+00:00,234.4,50.2,235.4,50.2,228.9,50.2,4.9,1120.0,900.0,80.0,37.0,83.7,100.0,7635
2025-01-23T15:10:22.000000+00:00,235.5,50.2,235.5,50.2,228.9,50.2,4.7,1080.0,850.0,79.0,36.0,83.7,100.0,7635
2025-01-23T15:11:22.000000+00:00,237.3,50.2,237.3,50.2,228.9,50.2,4.8,1090.0,860.0,79.0,36.0,83.8,100.0,7635
2025-01-23T15:12:22.000000+00:00,237.0,50.3,237.0,50.3,228.9,50.3,4.8,1090.0,870.0,80.0,36.0,84.0,100.0,7635
2025-01-23T15:13:22.000000+00:00,237.7,50.3,236.6,50.3,228.9,50.3,4.7,1090.0,870.0,80.0,37.0,84.1,100.0,7635
2025-01-23T15:14:22.000000+00:00,236.5,50.3,237.0,50.3,228.9,50.3,4.8,1090.0,870.0,80.0,37.0,84.2,100.0,7635
2025-01-23T15:15:22.000000+00:00,235.8,50.3,235.8,50.3,228.9,50.2,4.8,1090.0,870.0,80.0,36.0,84.2,100.0,7635
2025-01-23T15:16:22.000000+00:00,236.6,50.3,236.6,50.3,228.9,50.3,4.8,1100.0,880.0,80.0,37.0,84.2,100.0,7635
2025-01-23T15:17:22.000000+00:00,235.6,50.2,235.6,50.2,228.9,50.2,4.8,1090.0,870.0,80.0,37.0,84.2,100.0,7635
2025-01-23T15:18:22.000000+00:00,235.8,50.2,235.8,50.2,228.9,50.2,4.7,1070.0,850.0,79.0,36.0,84.1,100.0,7635
2025-01-23T15:19:22.000000+00:00,235.1,50.2,234.2,50.2,228.9,50.2,4.8,1090.0,880.0,81.0,37.0,84.0,100.0,7635
2025-01-23T15:20:22.000000+00:00,234.6,50.2,234.6,50.2,228.9,50.2,4.7,1080.0,860.0,80.0,36.0,83.9,100.0,7635
2025-01-23T15:21:22.000000+00:00,234.8,50.2,234.8,50.2,228.9,50.2,4.7,1080.0,860.0,80.0,37.0,83.9,100.0,7635
2025-01-23T15:22:22.000000+00:00,233.6,50.2,233.5,50.2,228.9,50.2,4.8,1100.0,880.0,80.0,37.0,83.8,100.0,7635
2025-01-23T15:23:22.000000+00:00,234.1,50.2,234.1,50.2,228.9,50.2,4.8,1090.0,870.0,80.0,37.0,83.8,100.0,7635
2025-01-23T15:24:22.000000+00:00,233.0,50.2,234.1,50.2,228.9,50.2,4.8,1090.0,870.0,80.0,37.0,83.8,100.0,7635
2025-01-23T15:25:22.000000+00:00,233.5,50.2,233.5,50.2,228.9,50.2,4.7,1070.0,850.0,79.0,36.0,83.8,100.0,7635
2025-01-23T15:26:22.000000+00:00,233.5,50.3,234.0,50.3,228.9,50.3,4.8,1100.0,880.0,80.0,37.0,83.8,100.0,7635
2025-01-23T15:27:22.000000+00:00,233.2,50.2,233.2,50.2,228.9,50.2,4.8,1110.0,890.0,80.0,36.0,83.8,100.0,7635
2025-01-23T15:28:22.000000+00:00,234.0,50.2,234.0,50.2,228.9,50.2,4.8,1100.0,880.0,80.0,36.0,83.7,100.0,7635
2025-01-23T15:29:22.000000+00:00,233.6,50.2,233.6,50.2,228.9,50.2,4.8,1100.0,880.0,80.0,37.0,83.7,100.0,7635
2025-01-23T15:30:22.000000+00:00,232.9,50.2,232.9,50.2,228.9,50.2,4.7,1080.0,850.0,79.0,36.0,83.7,100.0,7635
2025-01-23T15:31:22.000000+00:00,236.4,50.2,236.4,50.2,228.9,50.2,4.8,1090.0,880.0,81.0,36.0,83.7,100.0,7635
2025-01-23T15:32:22.000000+00:00,239.1,50.2,239.1,50.2,228.9,50.2,4.8,1100.0,880.0,80.0,36.0,83.7,100.0,7635
2025-01-23T15:33:22.000000+00:00,237.4,50.1,237.4,50.1,228.9,50.1,4.8,1100.0,880.0,80.0,37.0,83.7,100.0,7635
2025-01-23T15:34:22.000000+00:00,238.3,50.2,237.9,50.2,228.9,50.2,4.8,1090.0,870.0,80.0,37.0,83.7,100.0,7635
2025-01-23T15:35:22.000000+00:00,239.3,50.2,239.3,50.2,228.9,50.2,4.7,1080.0,860.0,80.0,36.0,83.7,100.0,7635
2025-01-23T15:36:22.000000+00:00,238.2,50.1,238.2,50.1,228.9,50.1,4.8,1090.0,870.0,80.0,36.0,83.7,100.0,7635
2025-01-23T15:37:22.000000+00:00,238.8,50.1,238.8,50.1,228.9,50.1,4.8,1090.0,870.0,80.0,36.0,83.7,100.0,7635
2025-01-23T15:38:22.000000+00:00,238.0,50.1,238.5,50.1,228.9,50.1,4.8,1110.0,890.0,80.0,37.0,84.0,100.0,7635
2025-01-23T15:39:22.000000+00:00,239.6,50.2,239.6,50.2,228.9,50.2,4.8,1100.0,880.0,80.0,37.0,84.1,100.0,7635
2025-01-23T15:40:22.000000+00:00,239.5,50.1,239.5,50.1,228.9,50.1,4.7,1090.0,860.0,79.0,36.0,84.2,100.0,7635
2025-01-23T15:41:23.000000+00:00,238.7,50.1,238.7,50.1,228.9,50.1,4.8,1100.0,870.0,79.0,37.0,84.2,100.0,7635
2025-01-23T15:42:23.000000+00:00,237.9,50.0,238.3,50.0,228.9,50.0,4.9,1110.0,890.0,80.0,37.0,84.3,100.0,7635
2025-01-23T15:43:23.000000+00:00,236.3,50.0,235.8,50.0,228.9,50.0,4.9,1120.0,900.0,80.0,37.0,84.2,100.0,7635
2025-01-23T15:44:23.000000+00:00,235.7,50.0,235.7,50.0,228.9,50.0,4.8,1100.0,870.0,79.0,37.0,84.1,100.0,7635
2025-01-23T15:45:23.000000+00:00,234.9,50.1,234.8,50.1,228.9,50.1,4.8,1100.0,870.0,79.0,37.0,84.0,100.0,7635
2025-01-23T15:46:23.000000+00:00,235.9,50.1,235.9,50.1,228.9,50.1,4.8,1110.0,890.0,80.0,37.0,84.0,100.0,7635
2025-01-23T15:47:23.000000+00:00,235.9,50.2,235.9,50.2,228.9,50.2,4.8,1090.0,870.0,80.0,36.0,83.9,100.0,7635
2025-01-23T15:48:23.000000+00:00,235.2,50.1,235.2,50.1,228.9,50.1,4.9,1120.0,900.0,80.0,37.0,83.8,100.0,7635
2025-01-23T15:49:23.000000+00:00,234.2,50.0,233.8,50.1,228.9,50.0,4.8,1100.0,880.0,80.0,37.0,83.8,100.0,7635
2025-01-23T15:50:23.000000+00:00,233.5,50.0,233.5,50.0,228.9,50.0,4.8,1090.0,850.0,78.0,36.0,83.8,100.0,7635
2025-01-23T15:51:23.000000+00:00,233.5,50.0,233.5,50.0,228.9,50.0,4.8,1100.0,870.0,79.0,37.0,83.8,100.0,7538
2025-01-23T15:52:23.000000+00:00,231.8,50.0,232.4,50.0,228.9,50.0,4.8,1100.0,870.0,79.0,37.0,83.8,100.0,7538
2025-01-23T15:53:23.000000+00:00,233.4,50.3,233.4,50.3,228.9,50.3,4.7,1090.0,870.0,80.0,36.0,83.8,100.0,7538
2025-01-23T15:54:23.000000+00:00,232.6,50.2,233.0,50.2,228.9,50.2,4.8,1090.0,870.0,80.0,37.0,83.8,100.0,7538
2025-01-23T15:55:23.000000+00:00,233.5,50.1,233.5,50.1,228.9,50.1,4.8,1090.0,870.0,80.0,37.0,83.7,100.0,7538
2025-01-23T15:56:23.000000+00:00,232.4,50.1,233.0,50.1,228.9,50.1,4.8,1100.0,880.0,80.0,37.0,83.7,100.0,7538
2025-01-23T15:57:23.000000+00:00,231.0,50.1,231.0,50.1,228.9,50.1,4.8,1100.0,870.0,79.0,37.0,83.7,100.0,7538
2025-01-23T15:58:23.000000+00:00,235.0,50.1,235.6,50.1,228.9,50.1,4.8,1100.0,870.0,79.0,37.0,83.7,100.0,7538
2025-01-23T15:59:23.000000+00:00,235.2,50.0,235.2,50.0,228.9,50.0,4.8,1100.0,880.0,80.0,37.0,83.7,100.0,7538
2025-01-23T16:00:23.000000+00:00,234.7,50.1,234.7,50.1,228.9,50.1,4.7,1080.0,850.0,79.0,36.0,83.7,100.0,7538
2025-01-23T16:01:23.000000+00:00,232.8,50.1,233.8,50.1,228.9,50.1,4.8,1090.0,860.0,79.0,37.0,83.7,100.0,7538
2025-01-23T16:02:23.000000+00:00,232.8,50.0,231.8,50.1,228.9,50.1,4.8,1100.0,880.0,80.0,37.0,83.7,100.0,7538
2025-01-23T16:03:23.000000+00:00,232.2,50.1,231.2,50.1,228.9,50.1,4.9,1120.0,900.0,80.0,37.0,83.7,100.0,7538
2025-01-23T16:04:23.000000+00:00,230.4,50.0,230.7,50.0,228.9,50.0,4.7,1080.0,850.0,79.0,37.0,83.7,100.0,7538
2025-01-23T16:05:23.000000+00:00,233.6,50.1,233.6,50.1,228.9,50.1,4.8,1100.0,870.0,79.0,37.0,83.9,100.0,7538
2025-01-23T16:06:23.000000+00:00,234.4,49.9,233.4,49.9,228.9,49.9,4.8,1100.0,880.0,80.0,37.0,84.1,100.0,7538
2025-01-23T16:07:23.000000+00:00,233.8,49.9,233.8,49.9,228.9,49.9,4.8,1110.0,880.0,79.0,38.0,84.2,100.0,7538
2025-01-23T16:08:23.000000+00:00,233.9,49.9,233.4,49.9,228.9,49.9,4.8,1110.0,880.0,79.0,37.0,84.2,100.0,7538
2025-01-23T16:09:23.000000+00:00,233.7,50.0,233.7,50.0,228.9,50.0,4.9,1120.0,890.0,79.0,37.0,84.3,100.0,7538
2025-01-23T16:10:23.000000+00:00,233.0,49.9,233.0,49.9,228.9,49.9,4.8,1090.0,860.0,79.0,37.0,84.3,100.0,7538
2025-01-23T16:11:23.000000+00:00,232.0,49.7,232.0,49.7,228.9,49.7,4.8,1110.0,870.0,78.0,38.0,84.1,100.0,7538
2025-01-23T16:12:23.000000+00:00,232.0,49.9,232.0,49.9,228.9,49.9,4.9,1120.0,900.0,80.0,37.0,84.1,100.0,7538
2025-01-23T16:13:23.000000+00:00,233.5,49.9,234.0,49.8,228.9,49.8,4.8,1110.0,880.0,79.0,38.0,84.0,100.0,7538
2025-01-23T16:14:23.000000+00:00,231.0,50.0,231.5,50.0,228.9,50.0,4.8,1100.0,870.0,79.0,37.0,83.9,100.0,7538
2025-01-23T16:15:23.000000+00:00,231.5,50.0,231.5,50.0,228.9,50.0,4.9,1120.0,900.0,80.0,37.0,83.9,100.0,7538
2025-01-23T16:16:23.000000+00:00,231.5,49.9,230.6,49.9,228.9,49.9,4.9,1120.0,900.0,80.0,38.0,83.9,100.0,7538
2025-01-23T16:17:23.000000+00:00,234.5,50.1,234.5,50.1,229.0,50.1,4.8,1090.0,870.0,80.0,37.0,83.9,100.0,7538
2025-01-23T16:18:23.000000+00:00,233.9,50.0,233.9,50.0,228.9,50.0,4.9,1120.0,900.0,80.0,37.0,83.8,100.0,7538
2025-01-23T16:19:23.000000+00:00,233.2,49.9,233.1,49.9,228.9,49.9,4.9,1120.0,890.0,79.0,37.0,83.8,100.0,7538
2025-01-23T16:20:23.000000+00:00,232.1,49.9,233.0,49.9,228.9,49.9,4.8,1090.0,860.0,79.0,36.0,83.8,100.0,7538
2025-01-23T16:21:23.000000+00:00,232.5,49.9,232.5,49.9,228.9,49.9,4.8,1100.0,860.0,78.0,37.0,83.8,100.0,7538
2025-01-23T16:22:23.000000+00:00,232.5,50.1,232.4,50.0,228.9,50.1,4.9,1120.0,900.0,80.0,37.0,83.8,100.0,7538
2025-01-23T16:23:23.000000+00:00,232.6,50.0,232.4,50.0,228.9,50.0,4.8,1100.0,880.0,80.0,37.0,83.8,100.0,7538
2025-01-23T16:24:23.000000+00:00,232.0,50.0,232.4,50.0,228.9,50.0,4.8,1110.0,880.0,79.0,37.0,83.8,100.0,7538
2025-01-23T16:25:23.000000+00:00,231.7,49.9,231.7,49.9,228.9,49.9,4.9,1120.0,890.0,79.0,37.0,83.8,100.0,7538
2025-01-23T16:26:23.000000+00:00,232.2,49.8,232.2,49.8,228.9,49.8,4.9,1130.0,910.0,81.0,37.0,83.8,100.0,7538
2025-01-23T16:27:23.000000+00:00,232.6,49.9,232.6,49.9,228.9,49.9,4.9,1120.0,900.0,80.0,37.0,83.8,100.0,7538
2025-01-23T16:28:23.000000+00:00,231.2,50.0,231.2,50.0,228.9,50.0,4.9,1120.0,890.0,79.0,37.0,83.7,100.0,7538
2025-01-23T16:29:23.000000+00:00,231.0,50.0,231.0,50.0,228.9,49.9,4.8,1110.0,880.0,79.0,37.0,83.7,100.0,7635
2025-01-23T16:30:23.000000+00:00,231.8,50.0,231.7,50.0,228.9,50.0,4.8,1090.0,860.0,79.0,36.0,83.8,100.0,7635
2025-01-23T16:31:23.000000+00:00,231.6,50.1,232.0,50.1,228.9,50.1,4.8,1100.0,880.0,80.0,37.0,83.7,100.0,7635
2025-01-23T16:32:23.000000+00:00,231.9,50.1,233.0,50.1,228.9,50.1,4.9,1120.0,900.0,79.0,37.0,83.7,100.0,7635
2025-01-23T16:33:23.000000+00:00,233.2,50.1,233.3,50.1,228.9,50.1,4.8,1100.0,890.0,81.0,37.0,83.7,100.0,7635
2025-01-23T16:34:23.000000+00:00,232.4,50.1,232.4,50.1,228.9,50.1,4.8,1090.0,870.0,80.0,37.0,83.7,100.0,7635
2025-01-23T16:35:23.000000+00:00,233.0,50.1,232.4,50.1,228.9,50.1,4.9,1110.0,890.0,80.0,37.0,83.7,100.0,7635
2025-01-23T16:36:23.000000+00:00,233.0,50.2,233.0,50.2,228.9,50.2,4.8,1090.0,870.0,80.0,36.0,83.7,100.0,7635
2025-01-23T16:37:23.000000+00:00,232.0,50.2,232.3,50.2,228.9,50.2,4.8,1100.0,870.0,79.0,37.0,83.7,100.0,7635
2025-01-23T16:38:23.000000+00:00,232.9,50.1,233.4,50.1,228.9,50.2,4.8,1090.0,870.0,80.0,37.0,83.7,100.0,7635
2025-01-23T16:39:23.000000+00:00,233.1,50.2,233.6,50.2,228.9,50.2,4.8,1090.0,870.0,80.0,36.0,83.7,100.0,7635
2025-01-23T16:40:23.000000+00:00,233.6,50.2,233.6,50.2,228.9,50.2,4.7,1080.0,850.0,79.0,36.0,83.7,100.0,7635
2025-01-23T16:41:23.000000+00:00,233.0,50.2,232.9,50.3,228.9,50.3,4.8,1100.0,890.0,81.0,37.0,83.7,100.0,7635
2025-01-23T16:42:23.000000+00:00,233.5,50.3,233.5,50.3,228.9,50.3,4.8,1100.0,890.0,81.0,36.0,83.7,100.0,7635
2025-01-23T16:43:23.000000+00:00,234.3,50.2,233.2,50.2,228.9,50.2,4.8,1090.0,870.0,80.0,37.0,83.7,100.0,7635
2025-01-23T16:44:23.000000+00:00,233.6,50.2,233.6,50.2,228.9,50.2,4.8,1090.0,870.0,80.0,36.0,83.7,100.0,7635
2025-01-23T16:45:23.000000+00:00,234.4,50.2,234.3,50.2,228.9,50.2,4.8,1090.0,870.0,80.0,36.0,83.7,100.0,7735
2025-01-23T16:46:23.000000+00:00,233.8,50.2,234.4,50.2,228.9,50.2,4.8,1100.0,870.0,79.0,37.0,83.6,100.0,7443
2025-01-23T16:47:23.000000+00:00,233.3,50.1,233.3,50.1,228.9,50.1,4.8,1090.0,870.0,80.0,37.0,83.7,100.0,7837
2025-01-23T16:48:23.000000+00:00,233.4,50.1,233.4,50.1,229.0,50.1,4.8,1100.0,870.0,79.0,37.0,83.7,100.0,7443
2025-01-23T16:49:23.000000+00:00,230.5,50.1,230.5,50.1,228.9,50.1,4.8,1110.0,890.0,80.0,37.0,83.9,100.0,7443
2025-01-23T16:50:23.000000+00:00,230.3,50.1,231.2,50.1,228.9,50.1,4.8,1090.0,860.0,79.0,36.0,84.1,100.0,7837
2025-01-23T16:51:24.000000+00:00,230.7,50.0,230.7,50.0,228.9,50.0,4.8,1090.0,860.0,79.0,36.0,84.2,100.0,7837
2025-01-23T16:52:24.000000+00:00,230.3,49.9,230.3,49.9,228.9,49.9,4.9,1120.0,900.0,80.0,37.0,84.2,100.0,7837
2025-01-23T16:53:24.000000+00:00,229.4,49.9,229.4,49.9,228.9,49.9,4.8,1110.0,880.0,79.0,37.0,84.3,100.0,7350
2025-01-23T16:54:24.000000+00:00,229.5,49.9,229.0,49.9,228.9,49.9,4.9,1120.0,900.0,80.0,37.0,84.3,100.0,7735
2025-01-23T16:55:24.000000+00:00,229.3,50.0,229.3,50.0,228.9,50.0,4.9,1130.0,910.0,81.0,37.0,84.2,100.0,7350
2025-01-23T16:56:24.000000+00:00,230.9,50.0,231.2,49.9,228.9,49.9,4.9,1130.0,910.0,81.0,38.0,84.1,100.0,7259
2025-01-23T16:57:24.000000+00:00,230.3,50.0,229.6,50.0,228.9,50.0,4.8,1110.0,880.0,79.0,37.0,84.0,100.0,7735
2025-01-23T16:58:24.000000+00:00,228.3,50.0,229.0,50.0,228.9,50.0,4.9,1130.0,900.0,80.0,37.0,84.0,100.0,7350
2025-01-23T16:59:24.000000+00:00,226.6,50.0,226.7,50.0,228.9,50.0,4.9,1120.0,890.0,79.0,37.0,83.9,100.0,7443
2025-01-23T17:00:24.000000+00:00,227.1,50.0,226.1,50.0,228.9,50.0,4.8,1090.0,860.0,79.0,36.0,83.9,100.0,7837
2025-01-23T17:01:24.000000+00:00,226.8,50.1,227.3,50.1,228.9,50.1,4.8,1090.0,870.0,80.0,37.0,83.9,100.0,7837
2025-01-23T17:02:24.000000+00:00,226.2,50.1,226.0,50.1,228.9,50.1,4.8,1100.0,870.0,79.0,37.0,83.8,100.0,7735
2025-01-23T17:03:24.000000+00:00,226.3,50.1,226.3,50.1,228.9,50.1,4.8,1100.0,870.0,79.0,37.0,83.9,100.0,7350
2025-01-23T17:04:24.000000+00:00,226.1,50.1,226.2,50.1,228.9,50.1,4.9,1120.0,900.0,80.0,38.0,83.8,100.0,7837
2025-01-23T17:05:24.000000+00:00,225.7,50.1,225.7,50.1,228.9,50.1,4.8,1090.0,870.0,80.0,37.0,83.8,100.0,7443
2025-01-23T17:06:24.000000+00:00,225.0,50.1,225.0,50.1,228.9,50.1,4.8,1090.0,870.0,80.0,37.0,83.8,100.0,7443
2025-01-23T17:07:24.000000+00:00,224.3,50.2,224.3,50.2,228.9,50.2,4.8,1090.0,870.0,80.0,36.0,83.8,100.0,7837
2025-01-23T17:08:24.000000+00:00,224.2,50.2,224.2,50.2,228.9,50.3,4.8,1090.0,870.0,80.0,37.0,83.8,100.0,7443
2025-01-23T17:09:24.000000+00:00,223.7,50.1,223.7,50.1,228.9,50.1,4.8,1110.0,890.0,80.0,37.0,83.8,100.0,7837
2025-01-23T17:10:24.000000+00:00,223.8,50.1,223.8,50.1,228.9,50.1,4.7,1080.0,860.0,80.0,36.0,83.8,100.0,7837
2025-01-23T17:11:24.000000+00:00,224.3,50.1,224.7,50.1,228.9,50.1,4.8,1100.0,870.0,79.0,37.0,83.8,100.0,7837
2025-01-23T17:12:24.000000+00:00,224.6,50.1,224.6,50.1,228.9,50.1,4.8,1110.0,890.0,80.0,37.0,83.8,100.0,7837
2025-01-23T17:13:24.000000+00:00,225.1,50.1,225.1,50.1,228.9,50.1,4.8,1090.0,870.0,80.0,37.0,83.8,100.0,7443
2025-01-23T17:14:24.000000+00:00,224.7,50.2,225.0,50.2,228.9,50.2,4.8,1110.0,890.0,80.0,37.0,83.8,100.0,7837
2025-01-23T17:15:24.000000+00:00,224.3,50.2,225.4,50.2,228.9,50.2,4.8,1090.0,870.0,80.0,37.0,83.8,100.0,7350
2025-01-23T17:16:24.000000+00:00,226.1,50.2,226.1,50.2,228.9,50.2,4.8,1090.0,870.0,80.0,37.0,83.8,100.0,7443
2025-01-23T17:17:24.000000+00:00,225.5,50.1,225.3,50.1,228.9,50.1,4.8,1090.0,870.0,80.0,37.0,83.7,100.0,7837
2025-01-23T17:18:24.000000+00:00,226.6,50.2,225.4,50.2,228.9,50.2,4.8,1110.0,890.0,80.0,37.0,83.8,100.0,7443
2025-01-23T17:19:24.000000+00:00,226.4,50.1,226.4,50.1,228.9,50.1,4.8,1090.0,870.0,80.0,37.0,83.8,100.0,7837
2025-01-23T17:20:24.000000+00:00,226.4,50.3,226.9,50.3,228.9,50.3,4.7,1070.0,850.0,79.0,36.0,83.8,100.0,7837
2025-01-23T17:21:24.000000+00:00,226.9,50.2,226.9,50.2,228.9,50.2,4.8,1090.0,870.0,80.0,36.0,83.8,100.0,7837
2025-01-23T17:22:24.000000+00:00,227.6,50.3,227.3,50.3,228.9,50.3,4.8,1090.0,870.0,80.0,37.0,83.8,100.0,7735
2025-01-23T17:23:24.000000+00:00,226.6,50.3,226.8,50.3,228.9,50.3,4.8,1110.0,890.0,80.0,37.0,83.7,100.0,7350
2025-01-23T17:24:24.000000+00:00,226.4,50.3,226.4,50.3,228.9,50.3,4.8,1100.0,890.0,81.0,37.0,83.7,100.0,7735
2025-01-23T17:25:24.000000+00:00,226.6,50.3,226.6,50.3,228.9,50.3,4.8,1090.0,870.0,80.0,36.0,83.8,100.0,7735
2025-01-23T17:26:24.000000+00:00,226.6,50.2,226.6,50.2,228.9,50.2,4.9,1120.0,910.0,81.0,37.0,83.7,100.0,7735
2025-01-23T17:27:24.000000+00:00,226.4,50.2,225.9,50.2,228.9,50.2,4.7,1080.0,850.0,79.0,36.0,83.8,100.0,7635
2025-01-23T17:28:24.000000+00:00,226.4,50.3,226.4,50.3,228.9,50.3,4.8,1110.0,890.0,80.0,36.0,83.8,100.0,7350
2025-01-23T17:29:24.000000+00:00,226.6,50.2,227.1,50.2,228.9,50.2,4.8,1090.0,870.0,80.0,36.0,83.7,100.0,7735
2025-01-23T17:30:24.000000+00:00,226.6,50.2,226.6,50.2,228.9,50.2,4.7,1070.0,850.0,79.0,36.0,83.7,100.0,7735
2025-01-23T17:31:24.000000+00:00,227.5,50.2,226.9,50.2,228.9,50.2,4.7,1080.0,850.0,79.0,37.0,83.7,100.0,7735
2025-01-23T17:32:24.000000+00:00,227.4,50.2,227.4,50.2,228.9,50.2,4.8,1100.0,890.0,81.0,37.0,83.7,100.0,7735
2025-01-23T17:33:24.000000+00:00,228.2,50.3,228.2,50.3,228.9,50.3,4.8,1090.0,870.0,80.0,37.0,83.7,100.0,7735
2025-01-23T17:34:24.000000+00:00,228.3,50.2,228.3,50.2,228.9,50.2,4.8,1100.0,880.0,80.0,37.0,83.8,100.0,7735
2025-01-23T17:35:24.000000+00:00,228.1,50.2,228.4,50.2,228.9,50.2,4.8,1090.0,870.0,80.0,37.0,83.7,100.0,7635
2025-01-23T17:36:24.000000+00:00,227.3,50.2,227.3,50.2,228.9,50.2,4.8,1090.0,870.0,80.0,37.0,83.7,100.0,7635
2025-01-23T17:37:24.000000+00:00,228.5,50.3,228.5,50.3,228.9,50.3,4.7,1090.0,870.0,80.0,36.0,83.7,100.0,7635
2025-01-23T17:38:24.000000+00:00,228.0,50.2,228.0,50.2,228.9,50.2,4.8,1100.0,880.0,80.0,36.0,83.7,100.0,7635
2025-01-23T17:39:24.000000+00:00,227.8,50.3,228.2,50.3,228.9,50.3,4.8,1090.0,880.0,81.0,37.0,83.7,100.0,7635
2025-01-23T17:40:24.000000+00:00,228.1,50.3,228.1,50.2,228.9,50.3,4.7,1080.0,860.0,80.0,36.0,83.7,100.0,7635
2025-01-23T17:41:24.000000+00:00,229.0,50.3,229.0,50.3,228.9,50.3,4.8,1080.0,860.0,80.0,37.0,83.7,100.0,7635
2025-01-23T17:42:24.000000+00:00,229.3,50.2,228.8,50.2,228.9,50.2,4.8,1100.0,880.0,80.0,37.0,83.7,100.0,7635
2025-01-23T17:43:24.000000+00:00,229.5,50.3,229.5,50.3,228.9,50.3,4.8,1090.0,870.0,80.0,36.0,83.7,100.0,7635
2025-01-23T17:44:24.000000+00:00,228.8,50.3,228.8,50.3,228.9,50.3,4.7,1080.0,870.0,81.0,37.0,83.7,100.0,7635
2025-01-23T17:45:24.000000+00:00,228.7,50.3,228.9,50.3,228.9,50.3,4.8,1100.0,890.0,81.0,37.0,83.7,100.0,7635
2025-01-23T17:46:24.000000+00:00,229.2,50.2,229.0,50.2,228.9,50.2,4.8,1100.0,890.0,81.0,37.0,83.7,100.0,7635
2025-01-23T17:47:24.000000+00:00,230.0,50.3,230.0,50.3,228.9,50.3,4.8,1090.0,870.0,80.0,37.0,83.7,100.0,7635
2025-01-23T17:48:24.000000+00:00,229.4,50.3,229.9,50.3,228.9,50.3,4.8,1090.0,870.0,80.0,37.0,83.7,100.0,7635
2025-01-23T17:49:24.000000+00:00,229.8,50.3,230.0,50.3,228.9,50.3,4.8,1090.0,880.0,81.0,37.0,83.7,100.0,7635
2025-01-23T17:50:24.000000+00:00,229.3,50.2,229.8,50.2,228.9,50.2,4.7,1080.0,860.0,80.0,36.0,83.7,100.0,7635
2025-01-23T17:51:24.000000+00:00,230.5,50.2,229.5,50.2,228.9,50.2,4.8,1090.0,870.0,80.0,36.0,83.7,100.0,7635
2025-01-23T17:52:24.000000+00:00,229.9,50.2,230.3,50.2,228.9,50.2,4.8,1100.0,880.0,80.0,36.0,83.7,100.0,7635
2025-01-23T17:53:24.000000+00:00,230.8,50.2,229.9,50.2,228.9,50.2,4.8,1090.0,860.0,79.0,37.0,83.7,100.0,7635
2025-01-23T17:54:24.000000+00:00,231.3,50.2,231.2,50.2,228.9,50.2,4.8,1100.0,880.0,80.0,37.0,83.7,100.0,7635
2025-01-23T17:55:25.000000+00:00,230.9,50.2,230.9,50.2,228.9,50.2,4.8,1100.0,880.0,80.0,36.0,83.7,100.0,7635
2025-01-23T17:56:25.000000+00:00,230.4,50.2,230.4,50.2,228.9,50.2,4.9,1120.0,900.0,80.0,37.0,83.7,100.0,7635
2025-01-23T17:57:25.000000+00:00,232.0,50.1,232.0,50.1,228.9,50.1,4.7,1080.0,860.0,80.0,36.0,83.7,100.0,7635
2025-01-23T17:58:25.000000+00:00,231.7,50.1,231.4,50.1,228.9,50.1,4.9,1120.0,900.0,80.0,37.0,83.7,100.0,7443
2025-01-23T17:59:25.000000+00:00,231.8,50.2,231.8,50.2,228.9,50.2,4.9,1110.0,890.0,80.0,37.0,83.7,100.0,7837
2025-01-23T18:00:25.000000+00:00,232.5,50.2,232.5,50.2,228.9,50.2,4.8,1100.0,870.0,79.0,36.0,83.7,100.0,7735
2025-01-23T18:01:25.000000+00:00,231.9,50.3,231.5,50.3,228.9,50.3,4.8,1090.0,870.0,80.0,37.0,83.7,100.0,7735
2025-01-23T18:02:25.000000+00:00,232.8,50.3,232.8,50.3,228.9,50.3,4.9,1120.0,910.0,81.0,37.0,83.7,100.0,7735
2025-01-23T18:03:25.000000+00:00,232.7,50.2,232.6,50.2,228.9,50.3,4.9,1120.0,910.0,81.0,37.0,83.7,100.0,7350
2025-01-23T18:04:25.000000+00:00,233.4,50.2,233.4,50.2,228.9,50.2,4.8,1090.0,880.0,81.0,37.0,83.7,100.0,7735
2025-01-23T18:05:25.000000+00:00,233.7,50.3,233.7,50.3,228.9,50.3,4.8,1100.0,880.0,80.0,37.0,83.7,100.0,7350
2025-01-23T18:06:25.000000+00:00,234.4,50.3,233.5,50.3,228.9,50.3,4.8,1100.0,880.0,80.0,37.0,83.7,100.0,7350
2025-01-23T18:07:25.000000+00:00,234.3,50.3,234.3,50.3,228.9,50.3,4.8,1090.0,870.0,80.0,36.0,83.7,100.0,7735
2025-01-23T18:08:25.000000+00:00,235.1,50.3,234.6,50.3,228.9,50.3,4.8,1100.0,890.0,81.0,37.0,83.7,100.0,7350
2025-01-23T18:09:25.000000+00:00,234.4,50.4,234.8,50.4,228.9,50.4,4.9,1120.0,910.0,81.0,37.0,83.7,100.0,7350
2025-01-23T18:10:25.000000+00:00,235.7,50.3,235.7,50.3,228.9,50.3,4.7,1080.0,870.0,81.0,36.0,83.8,100.0,7735
2025-01-23T18:11:25.000000+00:00,235.8,50.3,235.8,50.3,229.0,50.3,4.9,1130.0,910.0,81.0,37.0,83.7,100.0,7735
2025-01-23T18:12:25.000000+00:00,235.6,50.3,235.6,50.3,228.9,50.3,4.9,1120.0,900.0,80.0,37.0,83.7,100.0,7735
2025-01-23T18:13:25.000000+00:00,235.2,50.3,235.2,50.3,228.9,50.3,4.9,1110.0,910.0,82.0,37.0,83.7,100.0,7350
2025-01-23T18:14:25.000000+00:00,236.3,50.3,236.3,50.3,228.9,50.3,4.8,1110.0,900.0,81.0,37.0,83.7,100.0,7735
2025-01-23T18:15:25.000000+00:00,236.6,50.2,236.6,50.2,229.0,50.2,4.8,1100.0,880.0,80.0,37.0,83.7,100.0,7350
2025-01-23T18:16:25.000000+00:00,237.6,50.3,237.6,50.3,228.9,50.3,4.8,1100.0,890.0,81.0,37.0,83.7,100.0,7350
2025-01-23T18:17:25.000000+00:00,237.4,50.2,237.4,50.2,229.0,50.2,4.7,1080.0,860.0,80.0,36.0,83.7,100.0,7735
2025-01-23T18:18:25.000000+00:00,238.4,50.2,238.4,50.2,229.0,50.2,4.8,1100.0,890.0,81.0,37.0,83.7,100.0,7259
2025-01-23T18:19:25.000000+00:00,238.3,50.3,238.3,50.3,229.0,50.3,4.8,1100.0,880.0,80.0,37.0,83.7,100.0,7635
2025-01-23T18:20:25.000000+00:00,239.6,50.2,238.6,50.2,228.9,50.2,4.7,1070.0,840.0,79.0,36.0,83.7,100.0,7635
2025-01-23T18:21:25.000000+00:00,238.7,50.1,238.6,50.1,229.0,50.1,4.7,1090.0,860.0,79.0,36.0,83.7,100.0,7635
2025-01-23T18:22:25.000000+00:00,238.5,50.2,239.4,50.2,229.0,50.2,4.8,1100.0,890.0,81.0,37.0,83.7,100.0,7635
2025-01-23T18:23:25.000000+00:00,238.4,50.1,238.4,50.1,228.9,50.1,4.9,1110.0,890.0,80.0,37.0,83.7,100.0,7635
2025-01-23T18:24:25.000000+00:00,238.6,50.1,238.6,50.1,229.0,50.1,4.8,1100.0,870.0,79.0,37.0,83.7,100.0,7635
2025-01-23T18:25:03.000000+00:00,246.0,50.1,246.0,50.1,229.0,50.8,4.6,1060.0,860.0,81.0,37.0,83.7,100.0,7635
2025-01-23T18:25:05.000000+00:00,246.0,50.1,246.0,50.1,229.0,50.8,4.6,1060.0,860.0,81.0,37.0,83.6,100.0,7635
2025-01-23T18:25:07.000000+00:00,243.1,50.2,243.1,50.2,229.0,49.8,4.9,1120.0,890.0,79.0,37.0,83.6,100.0,7635
2025-01-23T18:25:09.000000+00:00,243.1,50.2,243.1,50.2,229.0,49.8,4.9,1120.0,890.0,79.0,37.0,83.6,100.0,7635
2025-01-23T18:25:12.000000+00:00,243.1,50.2,243.1,50.2,229.0,49.8,4.9,1120.0,890.0,79.0,37.0,81.3,100.0,7635
2025-01-23T18:25:13.000000+00:00,241.4,50.2,241.9,50.2,229.0,50.2,4.8,1100.0,880.0,80.0,37.0,81.3,100.0,7635
2025-01-23T18:25:25.000000+00:00,237.1,50.2,237.1,50.2,229.0,50.2,4.8,1090.0,870.0,80.0,36.0,82.6,100.0,7630
2025-01-23T18:26:25.000000+00:00,236.5,50.2,236.5,50.2,229.0,50.2,4.8,1100.0,880.0,80.0,37.0,84.0,100.0,7631
2025-01-23T18:27:25.000000+00:00,236.8,50.2,236.8,50.2,228.9,50.2,4.8,1090.0,870.0,80.0,36.0,83.7,100.0,7832
2025-01-23T18:28:25.000000+00:00,236.9,50.2,236.9,50.2,228.9,50.2,4.8,1100.0,880.0,80.0,37.0,83.7,100.0,7439
2025-01-23T18:29:25.000000+00:00,236.6,50.1,236.6,50.1,229.0,50.1,4.8,1100.0,880.0,80.0,37.0,83.7,100.0,7346
2025-01-23T18:30:25.000000+00:00,237.7,50.2,237.7,50.2,228.9,50.2,4.7,1080.0,860.0,80.0,36.0,83.7,100.0,7833
2025-01-23T18:31:25.000000+00:00,236.9,50.1,235.9,50.1,228.9,50.1,4.8,1090.0,860.0,79.0,37.0,83.7,100.0,7731
2025-01-23T18:32:25.000000+00:00,236.0,50.1,236.0,50.1,228.9,50.1,4.8,1100.0,880.0,80.0,37.0,83.7,100.0,7732
2025-01-23T18:33:25.000000+00:00,236.0,50.0,236.0,50.0,228.9,50.0,4.9,1120.0,900.0,80.0,37.0,83.7,100.0,7347
2025-01-23T18:34:25.000000+00:00,236.1,50.1,236.2,50.1,228.9,50.1,4.9,1130.0,910.0,81.0,37.0,83.7,100.0,7834
2025-01-23T18:35:25.000000+00:00,237.3,50.1,236.9,50.1,229.0,50.1,4.8,1100.0,870.0,79.0,36.0,83.7,100.0,7441
2025-01-23T18:36:25.000000+00:00,237.7,50.1,237.7,50.1,228.9,50.1,4.8,1110.0,890.0,80.0,37.0,83.7,100.0,7348
2025-01-23T18:37:25.000000+00:00,238.8,50.2,238.8,50.2,229.0,50.2,4.7,1080.0,850.0,79.0,36.0,83.7,100.0,7834
2025-01-23T18:38:25.000000+00:00,238.8,50.2,238.3,50.2,229.0,50.2,4.8,1090.0,870.0,80.0,36.0,83.7,100.0,7441
2025-01-23T18:39:25.000000+00:00,238.3,50.3,239.3,50.3,229.0,50.3,4.8,1090.0,870.0,80.0,36.0,83.7,100.0,7349
2025-01-23T18:40:25.000000+00:00,239.0,50.3,239.0,50.3,229.0,50.3,4.7,1070.0,850.0,79.0,36.0,83.7,100.0,7734
2025-01-23T18:41:25.000000+00:00,235.4,50.3,235.9,50.3,228.9,50.3,4.7,1080.0,870.0,81.0,36.0,83.7,100.0,7734
2025-01-23T18:42:25.000000+00:00,235.7,50.2,235.6,50.3,229.0,50.3,4.8,1100.0,880.0,80.0,36.0,83.7,100.0,7836
2025-01-23T18:43:25.000000+00:00,236.3,50.2,235.2,50.2,228.9,50.2,4.8,1110.0,900.0,81.0,36.0,83.7,100.0,7443
2025-01-23T18:44:25.000000+00:00,236.2,50.2,235.1,50.2,229.0,50.2,4.8,1100.0,880.0,80.0,37.0,83.7,100.0,7836
2025-01-23T18:45:25.000000+00:00,236.0,50.2,235.5,50.3,229.0,50.3,4.8,1090.0,870.0,80.0,36.0,83.8,100.0,7443
2025-01-23T18:46:25.000000+00:00,235.6,50.3,235.6,50.3,228.9,50.3,4.8,1100.0,890.0,81.0,36.0,83.7,100.0,7350
2025-01-23T18:47:25.000000+00:00,236.6,50.3,236.6,50.3,228.9,50.3,4.7,1080.0,850.0,79.0,36.0,83.7,100.0,7735
2025-01-23T18:48:25.000000+00:00,236.8,50.3,236.8,50.3,228.9,50.3,4.8,1100.0,890.0,81.0,36.0,83.7,100.0,7350
2025-01-23T18:49:25.000000+00:00,236.6,50.1,236.6,50.1,228.9,50.2,4.8,1100.0,880.0,80.0,37.0,83.7,100.0,7735
2025-01-23T18:50:25.000000+00:00,237.5,50.2,237.5,50.2,228.9,50.2,4.7,1080.0,850.0,79.0,36.0,83.7,100.0,7735
2025-01-23T18:51:25.000000+00:00,236.9,50.2,237.4,50.2,229.0,50.2,4.8,1090.0,870.0,80.0,37.0,83.7,100.0,7635
2025-01-23T18:52:25.000000+00:00,237.0,50.2,237.5,50.2,228.9,50.2,4.8,1110.0,900.0,81.0,37.0,83.7,100.0,7635
2025-01-23T18:53:26.000000+00:00,237.9,50.2,236.9,50.2,228.9,50.2,4.8,1090.0,870.0,80.0,37.0,83.7,100.0,7635
2025-01-23T18:54:26.000000+00:00,237.7,50.2,237.7,50.2,228.9,50.2,4.8,1110.0,890.0,80.0,37.0,83.7,100.0,7635
2025-01-23T18:55:26.000000+00:00,240.1,50.2,240.0,50.2,229.0,50.2,4.8,1110.0,890.0,80.0,37.0,83.7,100.0,7635
2025-01-23T18:56:26.000000+00:00,240.4,50.3,240.6,50.3,228.9,50.3,4.8,1110.0,900.0,81.0,37.0,83.7,100.0,7635
2025-01-23T18:57:26.000000+00:00,235.8,50.2,235.9,50.2,228.9,50.2,4.7,1080.0,860.0,80.0,37.0,83.7,100.0,7635
2025-01-23T18:58:26.000000+00:00,236.2,50.3,236.3,50.3,228.9,50.3,4.8,1100.0,890.0,81.0,37.0,83.7,100.0,7635
2025-01-23T18:59:26.000000+00:00,236.2,50.3,237.1,50.3,228.9,50.3,4.8,1110.0,890.0,80.0,37.0,83.7,100.0,7735
2025-01-23T19:00:26.000000+00:00,237.1,50.3,237.8,50.3,229.0,50.3,4.7,1080.0,860.0,80.0,36.0,83.7,100.0,7735
2025-01-23T19:01:26.000000+00:00,237.7,50.3,237.7,50.3,229.0,50.3,4.8,1110.0,890.0,80.0,37.0,83.7,100.0,7837
2025-01-23T19:02:26.000000+00:00,238.5,50.3,239.1,50.3,228.9,50.3,4.8,1090.0,880.0,81.0,36.0,83.7,100.0,7443
2025-01-23T19:03:26.000000+00:00,238.7,50.4,238.2,50.4,228.9,50.4,4.8,1090.0,870.0,80.0,36.0,83.7,100.0,7443
2025-01-23T19:04:26.000000+00:00,239.0,50.3,238.6,50.3,229.0,50.3,4.8,1100.0,880.0,80.0,37.0,83.7,100.0,7538
2025-01-23T19:05:26.000000+00:00,239.0,50.4,238.4,50.4,229.0,50.4,4.8,1100.0,890.0,81.0,36.0,83.7,100.0,7538
2025-01-23T19:06:26.000000+00:00,239.8,50.3,239.4,50.3,228.9,50.3,4.8,1100.0,880.0,80.0,36.0,83.7,100.0,7538
2025-01-23T19:07:26.000000+00:00,239.9,50.4,239.4,50.4,229.0,50.4,4.8,1090.0,880.0,81.0,36.0,83.7,100.0,7941
2025-01-23T19:08:26.000000+00:00,238.4,50.3,239.0,50.3,229.0,50.3,4.8,1090.0,870.0,80.0,36.0,83.7,100.0,7443
2025-01-23T19:09:26.000000+00:00,239.3,50.3,239.3,50.3,229.0,50.3,4.8,1090.0,870.0,80.0,36.0,83.7,100.0,7443
2025-01-23T19:10:26.000000+00:00,240.6,50.3,240.6,50.3,229.0,50.3,4.7,1070.0,850.0,79.0,36.0,83.8,100.0,7837
2025-01-23T19:11:26.000000+00:00,236.3,50.3,236.3,50.3,229.0,50.3,4.8,1090.0,880.0,81.0,37.0,83.8,100.0,7837
2025-01-23T19:12:26.000000+00:00,236.6,50.3,236.8,50.3,229.0,50.3,4.8,1110.0,890.0,80.0,37.0,83.8,100.0,7350
2025-01-23T19:13:26.000000+00:00,236.7,50.3,237.3,50.3,228.9,50.3,4.8,1090.0,870.0,80.0,37.0,83.7,100.0,7735
2025-01-23T19:14:26.000000+00:00,238.4,50.3,237.8,50.3,229.0,50.3,4.8,1090.0,880.0,81.0,36.0,83.8,100.0,7735
2025-01-23T19:15:26.000000+00:00,238.2,50.3,237.3,50.3,228.9,50.3,4.8,1100.0,890.0,81.0,36.0,83.7,100.0,7735
2025-01-23T19:16:26.000000+00:00,237.9,50.3,238.1,50.3,228.9,50.3,4.9,1110.0,900.0,81.0,36.0,83.8,100.0,7735
2025-01-23T19:17:26.000000+00:00,238.8,50.3,238.3,50.3,229.0,50.3,4.8,1090.0,870.0,80.0,36.0,83.7,100.0,7735
2025-01-23T19:18:26.000000+00:00,238.1,50.3,238.5,50.3,228.9,50.3,4.8,1110.0,900.0,81.0,36.0,83.8,100.0,7735
2025-01-23T19:19:26.000000+00:00,238.3,50.3,238.3,50.3,228.9,50.2,4.8,1100.0,880.0,80.0,37.0,83.8,100.0,7350
2025-01-23T19:20:26.000000+00:00,239.0,50.3,239.0,50.3,229.0,50.3,4.7,1080.0,850.0,79.0,36.0,83.7,100.0,7735
2025-01-23T19:21:26.000000+00:00,239.0,50.3,238.9,50.3,229.0,50.3,4.7,1070.0,850.0,79.0,37.0,83.8,100.0,7837
2025-01-23T19:22:26.000000+00:00,238.5,50.2,239.4,50.2,229.0,50.2,4.8,1100.0,870.0,79.0,37.0,83.8,100.0,7837
2025-01-23T19:23:26.000000+00:00,239.4,50.1,239.3,50.1,228.9,50.1,4.9,1110.0,890.0,80.0,37.0,83.7,100.0,7443
2025-01-23T19:24:26.000000+00:00,239.3,50.2,239.3,50.2,229.0,50.2,4.8,1100.0,880.0,80.0,36.0,83.8,100.0,7837
2025-01-23T19:25:26.000000+00:00,239.8,50.2,239.4,50.2,228.9,50.2,4.8,1090.0,870.0,80.0,37.0,83.8,100.0,7443
2025-01-23T19:26:26.000000+00:00,240.6,50.2,240.1,50.2,229.0,50.2,4.8,1100.0,880.0,80.0,37.0,83.7,100.0,7443
2025-01-23T19:27:26.000000+00:00,240.4,50.2,240.4,50.2,229.0,50.2,4.8,1100.0,890.0,81.0,36.0,83.7,100.0,7837
2025-01-23T19:28:26.000000+00:00,240.7,50.2,240.1,50.2,228.9,50.2,4.9,1110.0,900.0,81.0,36.0,83.8,100.0,7350
2025-01-23T19:29:26.000000+00:00,241.4,50.2,240.3,50.2,229.0,50.2,4.8,1090.0,870.0,80.0,36.0,83.8,100.0,7443
2025-01-23T19:30:26.000000+00:00,237.4,50.3,237.4,50.3,228.9,50.3,4.7,1080.0,860.0,80.0,36.0,83.8,100.0,7941
2025-01-23T19:31:26.000000+00:00,236.9,50.2,237.3,50.2,228.9,50.2,4.8,1110.0,900.0,81.0,37.0,83.8,100.0,7538
2025-01-23T19:32:26.000000+00:00,236.9,50.2,237.0,50.2,229.0,50.2,4.8,1100.0,870.0,79.0,36.0,83.7,100.0,7538
2025-01-23T19:33:26.000000+00:00,237.7,50.3,237.5,50.2,229.0,50.2,4.8,1090.0,870.0,80.0,37.0,83.8,100.0,7538
2025-01-23T19:34:26.000000+00:00,238.1,50.2,238.1,50.2,228.9,50.2,4.8,1100.0,880.0,80.0,37.0,83.7,100.0,7538
2025-01-23T19:35:26.000000+00:00,238.2,50.2,237.4,50.2,228.9,50.2,4.8,1100.0,880.0,80.0,37.0,83.7,100.0,7538
2025-01-23T19:36:26.000000+00:00,238.8,50.3,238.8,50.3,229.0,50.3,4.8,1100.0,880.0,80.0,37.0,83.8,100.0,7538
2025-01-23T19:37:26.000000+00:00,238.7,50.2,238.7,50.2,228.9,50.2,4.8,1090.0,870.0,80.0,37.0,83.8,100.0,7538
2025-01-23T19:38:26.000000+00:00,237.4,50.2,238.3,50.2,228.9,50.2,4.7,1090.0,860.0,79.0,36.0,83.8,100.0,7538
2025-01-23T19:39:26.000000+00:00,238.5,50.2,238.5,50.2,228.9,50.2,4.8,1090.0,870.0,80.0,36.0,83.8,100.0,7538
2025-01-23T19:40:26.000000+00:00,238.9,50.3,238.9,50.3,228.9,50.3,4.7,1070.0,850.0,79.0,37.0,83.8,100.0,7941
2025-01-23T19:41:26.000000+00:00,238.9,50.3,238.8,50.3,228.9,50.3,4.8,1100.0,880.0,80.0,37.0,83.8,100.0,7941
2025-01-23T19:42:26.000000+00:00,239.5,50.3,240.1,50.3,228.9,50.3,4.9,1110.0,900.0,81.0,37.0,83.8,100.0,7538
2025-01-23T19:43:26.000000+00:00,239.6,50.3,239.6,50.3,229.0,50.3,4.8,1110.0,890.0,80.0,37.0,83.8,100.0,7538
2025-01-23T19:44:26.000000+00:00,240.7,50.3,240.7,50.3,229.0,50.3,4.8,1090.0,870.0,80.0,36.0,83.8,100.0,7538
2025-01-23T19:45:26.000000+00:00,241.0,50.2,241.0,50.2,229.0,50.2,4.8,1110.0,890.0,80.0,37.0,83.8,100.0,7538
2025-01-23T19:46:26.000000+00:00,240.4,50.1,240.4,50.1,229.0,50.1,4.8,1100.0,870.0,79.0,37.0,83.8,100.0,7538
2025-01-23T19:47:26.000000+00:00,240.7,50.2,240.7,50.2,228.9,50.2,4.8,1110.0,890.0,80.0,37.0,83.8,100.0,7538
2025-01-23T19:48:26.000000+00:00,240.3,50.1,240.9,50.1,228.9,50.1,4.8,1090.0,870.0,80.0,36.0,83.8,100.0,7538
2025-01-23T19:49:26.000000+00:00,241.5,50.2,241.5,50.2,229.0,50.2,4.8,1100.0,880.0,80.0,37.0,83.8,100.0,7538
2025-01-23T19:50:26.000000+00:00,241.1,50.1,241.1,50.1,229.0,50.1,4.7,1080.0,860.0,80.0,36.0,83.8,100.0,7538
2025-01-23T19:51:26.000000+00:00,241.6,50.1,241.7,50.1,228.9,50.1,4.8,1110.0,880.0,79.0,37.0,83.8,100.0,7538
2025-01-23T19:52:26.000000+00:00,241.5,50.2,241.5,50.2,229.0,50.2,4.8,1090.0,870.0,80.0,37.0,83.8,100.0,7538
2025-01-23T19:53:26.000000+00:00,241.8,50.2,241.8,50.2,229.0,50.2,4.8,1110.0,890.0,80.0,37.0,83.8,100.0,7538
2025-01-23T19:54:26.000000+00:00,238.7,50.3,238.2,50.3,228.9,50.3,4.8,1090.0,870.0,80.0,36.0,83.8,100.0,7941
2025-01-23T19:55:26.000000+00:00,238.1,50.3,238.4,50.3,228.9,50.3,4.8,1100.0,870.0,79.0,37.0,83.8,100.0,7538
2025-01-23T19:56:26.000000+00:00,239.5,50.3,239.5,50.3,228.9,50.3,4.8,1100.0,890.0,81.0,36.0,83.8,100.0,7941
2025-01-23T19:57:27.000000+00:00,239.1,50.3,238.7,50.3,228.9,50.3,4.8,1090.0,870.0,80.0,37.0,83.8,100.0,7538
2025-01-23T19:58:27.000000+00:00,238.0,50.4,237.5,50.4,228.9,50.4,4.8,1090.0,870.0,80.0,36.0,83.8,100.0,7538
2025-01-23T19:59:27.000000+00:00,237.6,50.3,237.6,50.3,228.9,50.3,4.7,1080.0,870.0,81.0,36.0,83.8,100.0,7538
2025-01-23T20:00:27.000000+00:00,238.3,50.3,237.8,50.3,228.9,50.3,4.7,1070.0,840.0,79.0,36.0,83.8,100.0,7941
2025-01-23T20:01:27.000000+00:00,237.7,50.3,237.5,50.3,228.9,50.3,4.8,1100.0,880.0,80.0,36.0,83.8,100.0,7941
2025-01-23T20:02:27.000000+00:00,238.1,50.3,237.8,50.3,228.9,50.3,4.8,1100.0,880.0,80.0,37.0,83.8,100.0,7443
2025-01-23T20:03:27.000000+00:00,238.8,50.3,238.8,50.3,228.9,50.3,4.8,1100.0,890.0,81.0,37.0,83.8,100.0,7443
2025-01-23T20:04:27.000000+00:00,237.6,50.3,237.7,50.3,228.9,50.3,4.8,1090.0,880.0,81.0,36.0,83.8,100.0,7837
2025-01-23T20:05:27.000000+00:00,237.6,50.3,237.6,50.3,228.9,50.3,4.8,1090.0,870.0,80.0,37.0,83.8,100.0,7443
2025-01-23T20:06:27.000000+00:00,238.1,50.3,238.0,50.3,228.9,50.3,4.8,1110.0,900.0,81.0,37.0,83.8,100.0,7837
2025-01-23T20:07:27.000000+00:00,237.0,50.2,237.0,50.2,228.9,50.2,4.8,1100.0,870.0,79.0,37.0,83.8,100.0,7443
2025-01-23T20:08:27.000000+00:00,238.6,50.3,237.5,50.3,228.9,50.3,4.8,1090.0,870.0,80.0,36.0,83.8,100.0,7443
2025-01-23T20:09:27.000000+00:00,237.6,50.3,237.6,50.3,228.9,50.3,4.7,1090.0,870.0,80.0,36.0,83.8,100.0,7443
2025-01-23T20:10:27.000000+00:00,238.0,50.3,238.0,50.3,228.9,50.3,4.7,1080.0,850.0,79.0,36.0,83.8,100.0,7837
2025-01-23T20:11:27.000000+00:00,237.6,50.3,238.2,50.3,228.9,50.3,4.8,1100.0,890.0,81.0,36.0,83.8,100.0,7837
2025-01-23T20:12:27.000000+00:00,239.0,50.3,239.0,50.3,228.9,50.3,4.8,1090.0,870.0,80.0,37.0,83.8,100.0,7735
2025-01-23T20:13:27.000000+00:00,238.5,50.3,238.5,50.3,228.9,50.3,4.8,1090.0,870.0,80.0,37.0,83.8,100.0,7350
2025-01-23T20:14:27.000000+00:00,238.8,50.3,238.8,50.3,228.9,50.3,4.7,1070.0,850.0,79.0,36.0,83.8,100.0,7635
2025-01-23T20:15:27.000000+00:00,239.0,50.3,239.0,50.3,228.9,50.3,4.8,1090.0,870.0,80.0,36.0,83.8,100.0,7635
2025-01-23T20:16:27.000000+00:00,239.3,50.3,239.3,50.3,228.9,50.3,4.8,1090.0,870.0,80.0,36.0,83.8,100.0,7635
2025-01-23T20:17:27.000000+00:00,238.5,50.3,238.5,50.3,228.9,50.3,4.8,1090.0,870.0,80.0,36.0,83.8,100.0,7635
2025-01-23T20:18:27.000000+00:00,239.4,50.2,238.9,50.1,228.9,50.2,4.8,1090.0,870.0,80.0,37.0,83.8,100.0,7259
2025-01-23T20:19:27.000000+00:00,239.3,50.1,239.3,50.1,228.9,50.2,4.8,1100.0,880.0,80.0,37.0,83.8,100.0,7635
2025-01-23T20:20:27.000000+00:00,239.2,50.1,239.2,50.1,228.9,50.1,4.8,1110.0,890.0,80.0,36.0,83.8,100.0,7635
2025-01-23T20:21:27.000000+00:00,238.4,50.1,239.5,50.1,228.9,50.1,4.9,1120.0,900.0,80.0,37.0,83.8,100.0,7635
2025-01-23T20:22:27.000000+00:00,239.3,50.0,239.3,50.0,228.9,50.0,4.9,1110.0,890.0,80.0,37.0,83.8,100.0,7635
2025-01-23T20:23:27.000000+00:00,238.7,50.0,239.3,50.0,228.9,50.0,4.9,1120.0,890.0,79.0,37.0,83.8,100.0,7635
2025-01-23T20:24:27.000000+00:00,240.3,50.0,239.3,50.0,228.9,50.0,4.8,1100.0,870.0,79.0,37.0,83.8,100.0,7635
2025-01-23T20:25:27.000000+00:00,239.2,50.0,239.7,50.0,228.9,50.0,4.9,1120.0,900.0,80.0,37.0,83.8,100.0,7635
2025-01-23T20:26:27.000000+00:00,240.5,50.1,240.5,50.1,228.9,50.1,4.8,1090.0,870.0,80.0,37.0,83.8,100.0,7635
2025-01-23T20:27:27.000000+00:00,240.4,50.1,240.4,50.1,228.9,50.1,4.8,1110.0,890.0,80.0,37.0,83.8,100.0,7635
2025-01-23T20:28:27.000000+00:00,240.2,50.2,240.7,50.2,228.9,50.2,4.8,1090.0,870.0,80.0,36.0,83.8,100.0,7635
2025-01-23T20:29:27.000000+00:00,240.7,50.2,240.7,50.2,228.9,50.2,4.8,1090.0,870.0,80.0,36.0,83.8,100.0,7635
2025-01-23T20:30:27.000000+00:00,240.5,50.1,240.5,50.1,228.9,50.1,4.7,1080.0,850.0,79.0,36.0,83.8,100.0,7635
2025-01-23T20:31:27.000000+00:00,240.3,50.2,240.3,50.2,228.9,50.2,4.8,1110.0,890.0,80.0,37.0,83.8,100.0,7635
2025-01-23T20:32:27.000000+00:00,240.8,50.2,240.8,50.2,228.9,50.2,4.8,1100.0,880.0,80.0,37.0,83.8,100.0,7635
2025-01-23T20:33:27.000000+00:00,241.3,50.3,241.3,50.3,229.0,50.2,4.8,1090.0,870.0,80.0,37.0,83.8,100.0,7635
2025-01-23T20:34:27.000000+00:00,241.0,50.1,241.0,50.1,229.0,50.1,4.8,1100.0,880.0,80.0,36.0,83.8,100.0,7635
2025-01-23T20:35:27.000000+00:00,241.6,50.2,240.8,50.2,228.9,50.2,4.9,1110.0,890.0,80.0,37.0,83.8,100.0,7635
2025-01-23T20:36:27.000000+00:00,241.7,50.1,241.7,50.1,228.9,50.1,4.7,1080.0,860.0,80.0,36.0,83.8,100.0,7635
2025-01-23T20:37:27.000000+00:00,241.7,50.2,242.2,50.2,228.9,50.2,4.8,1090.0,870.0,80.0,36.0,83.8,100.0,7635
2025-01-23T20:38:27.000000+00:00,238.6,50.2,238.6,50.2,228.9,50.2,4.8,1090.0,870.0,80.0,36.0,83.8,100.0,7635
2025-01-23T20:39:27.000000+00:00,238.9,50.2,238.9,50.2,228.9,50.2,4.8,1100.0,880.0,80.0,36.0,83.8,100.0,7635
2025-01-23T20:40:27.000000+00:00,238.9,50.2,239.4,50.2,228.9,50.2,4.8,1100.0,870.0,79.0,36.0,83.8,100.0,7635
2025-01-23T20:41:27.000000+00:00,238.3,50.2,238.8,50.2,228.9,50.2,4.9,1120.0,910.0,81.0,37.0,83.8,100.0,7635
2025-01-23T20:42:27.000000+00:00,238.1,50.1,238.7,50.1,228.9,50.1,4.8,1110.0,890.0,80.0,37.0,83.8,100.0,7635
2025-01-23T20:43:27.000000+00:00,239.3,50.1,239.2,50.1,228.9,50.1,4.9,1120.0,910.0,81.0,37.0,83.8,100.0,7635
2025-01-23T20:44:27.000000+00:00,239.3,50.2,239.3,50.2,228.9,50.2,4.8,1090.0,880.0,81.0,36.0,83.8,100.0,7635
2025-01-23T20:45:27.000000+00:00,240.6,50.2,240.5,50.2,228.9,50.2,4.8,1100.0,890.0,81.0,36.0,83.8,100.0,7350
2025-01-23T20:46:27.000000+00:00,239.4,50.2,240.5,50.2,228.9,50.2,4.7,1080.0,860.0,80.0,36.0,83.8,100.0,7735
2025-01-23T20:47:27.000000+00:00,239.6,50.1,239.6,50.1,228.9,50.1,4.8,1100.0,870.0,79.0,36.0,83.8,100.0,7635
2025-01-23T20:48:27.000000+00:00,240.1,50.0,239.0,50.0,228.9,50.0,4.8,1100.0,870.0,79.0,37.0,83.8,100.0,7170
2025-01-23T20:49:27.000000+00:00,240.6,50.0,240.0,50.0,228.9,50.0,4.8,1100.0,870.0,79.0,37.0,83.8,100.0,7538
2025-01-23T20:50:27.000000+00:00,239.8,50.1,239.7,50.1,228.9,50.1,4.8,1100.0,870.0,79.0,37.0,83.8,100.0,7538
2025-01-23T20:51:27.000000+00:00,239.9,50.1,240.0,50.1,228.9,50.1,4.8,1100.0,880.0,80.0,37.0,83.8,100.0,7538
2025-01-23T20:52:27.000000+00:00,240.2,50.0,239.1,50.0,228.9,50.0,4.9,1110.0,890.0,80.0,37.0,83.8,100.0,7538
2025-01-23T20:53:27.000000+00:00,239.7,50.1,240.2,50.1,228.9,50.1,4.9,1120.0,900.0,80.0,37.0,83.8,100.0,7538
2025-01-23T20:54:27.000000+00:00,241.1,50.2,241.1,50.2,228.9,50.2,4.8,1090.0,870.0,80.0,36.0,83.8,100.0,7538
2025-01-23T20:55:27.000000+00:00,240.6,50.1,240.6,50.1,228.9,50.1,4.8,1110.0,890.0,80.0,37.0,83.8,100.0,7538
2025-01-23T20:56:28.000000+00:00,241.8,50.2,240.7,50.2,228.9,50.2,4.7,1080.0,850.0,79.0,36.0,83.8,100.0,7538
2025-01-23T20:57:28.000000+00:00,240.5,50.1,241.0,50.1,228.9,50.1,4.9,1110.0,890.0,80.0,37.0,83.8,100.0,7538
2025-01-23T20:58:28.000000+00:00,240.8,50.1,240.8,50.1,228.9,50.1,4.8,1100.0,870.0,79.0,37.0,83.8,100.0,7538
2025-01-23T20:59:28.000000+00:00,242.1,50.1,241.5,50.1,228.9,50.1,4.8,1090.0,870.0,80.0,36.0,83.8,100.0,7538
2025-01-23T21:00:28.000000+00:00,243.1,50.2,243.1,50.2,228.9,50.2,4.9,1110.0,900.0,81.0,37.0,83.8,100.0,7538
2025-01-23T21:01:28.000000+00:00,238.8,50.2,238.8,50.2,228.9,50.2,4.9,1110.0,900.0,81.0,37.0,83.9,100.0,7538
2025-01-23T21:02:28.000000+00:00,240.0,50.2,240.0,50.2,228.9,50.2,4.8,1090.0,870.0,80.0,36.0,83.8,100.0,7538
2025-01-23T21:03:28.000000+00:00,238.6,50.1,238.9,50.1,228.9,50.1,4.8,1100.0,880.0,80.0,37.0,83.8,100.0,7538
2025-01-23T21:04:28.000000+00:00,239.3,50.3,239.3,50.3,228.9,50.3,4.7,1080.0,860.0,80.0,36.0,83.8,100.0,7538
2025-01-23T21:05:28.000000+00:00,239.6,50.3,239.6,50.3,228.9,50.3,4.8,1090.0,870.0,80.0,36.0,83.8,100.0,7538
2025-01-23T21:06:28.000000+00:00,239.6,50.3,239.6,50.3,228.9,50.3,4.8,1090.0,870.0,80.0,36.0,83.8,100.0,7941
2025-01-23T21:07:28.000000+00:00,239.1,50.3,239.1,50.3,228.9,50.3,4.8,1090.0,870.0,80.0,36.0,83.9,100.0,7538
2025-01-23T21:08:28.000000+00:00,239.3,50.3,238.8,50.3,228.9,50.3,4.7,1090.0,870.0,80.0,36.0,83.8,100.0,7538
2025-01-23T21:09:28.000000+00:00,238.9,50.3,239.0,50.3,228.9,50.3,4.7,1090.0,870.0,80.0,36.0,83.9,100.0,7538
2025-01-23T21:10:28.000000+00:00,240.5,50.3,239.4,50.3,228.9,50.3,4.7,1070.0,850.0,79.0,37.0,83.8,100.0,7538
2025-01-23T21:11:28.000000+00:00,239.2,50.1,238.5,50.1,228.9,50.1,4.8,1100.0,870.0,79.0,37.0,83.8,100.0,7837
2025-01-23T21:12:28.000000+00:00,238.9,50.2,238.6,50.2,228.9,50.2,4.8,1110.0,890.0,80.0,37.0,83.9,100.0,7735
2025-01-23T21:13:28.000000+00:00,239.1,50.1,239.1,50.1,228.9,50.1,4.8,1110.0,880.0,79.0,36.0,83.9,100.0,7350
2025-01-23T21:14:28.000000+00:00,238.0,50.0,238.6,50.0,228.9,50.0,4.7,1090.0,860.0,79.0,36.0,83.9,100.0,7837
2025-01-23T21:15:28.000000+00:00,238.5,50.1,238.5,50.1,228.9,50.0,4.9,1120.0,900.0,80.0,37.0,83.9,100.0,7350
2025-01-23T21:16:28.000000+00:00,238.6,50.1,238.6,50.1,228.9,50.1,4.8,1100.0,870.0,79.0,36.0,83.9,100.0,7350
2025-01-23T21:17:28.000000+00:00,238.1,50.1,238.2,50.1,228.9,50.1,4.8,1090.0,870.0,80.0,36.0,83.9,100.0,7735
2025-01-23T21:18:28.000000+00:00,238.3,50.0,238.3,50.0,228.9,50.0,4.8,1100.0,870.0,79.0,37.0,83.9,100.0,7350
2025-01-23T21:19:28.000000+00:00,238.2,50.0,238.2,50.0,228.9,50.0,4.8,1110.0,880.0,79.0,37.0,83.8,100.0,7735
2025-01-23T21:20:28.000000+00:00,238.3,50.0,238.8,50.0,228.9,50.0,4.8,1090.0,860.0,79.0,37.0,83.9,100.0,7837
2025-01-23T21:21:28.000000+00:00,239.0,50.1,239.1,50.1,228.9,50.1,4.9,1110.0,900.0,81.0,37.0,83.9,100.0,7735
2025-01-23T21:22:28.000000+00:00,238.9,49.9,238.9,49.9,228.9,49.9,4.8,1110.0,880.0,79.0,37.0,83.9,100.0,7350
2025-01-23T21:23:28.000000+00:00,239.4,50.0,239.0,50.0,229.0,50.0,4.8,1100.0,870.0,79.0,37.0,83.9,100.0,7350
2025-01-23T21:24:28.000000+00:00,238.8,50.0,238.7,50.0,228.9,50.0,4.7,1090.0,850.0,78.0,36.0,83.9,100.0,7350
2025-01-23T21:25:28.000000+00:00,238.2,50.0,238.2,50.0,228.9,50.0,4.8,1100.0,880.0,80.0,37.0,83.8,100.0,7350
2025-01-23T21:26:28.000000+00:00,238.7,50.0,238.7,50.0,228.9,50.0,4.8,1090.0,860.0,79.0,36.0,83.9,100.0,7350
2025-01-23T21:27:28.000000+00:00,238.2,49.9,238.2,49.9,228.9,49.9,4.8,1110.0,880.0,79.0,37.0,83.9,100.0,7350
2025-01-23T21:28:28.000000+00:00,237.9,49.9,237.8,49.9,228.9,49.9,4.8,1100.0,870.0,79.0,37.0,83.9,100.0,7350
2025-01-23T21:29:28.000000+00:00,238.1,50.0,238.7,50.0,228.9,50.0,4.8,1090.0,850.0,78.0,36.0,83.9,100.0,7735
2025-01-23T21:30:28.000000+00:00,239.1,50.0,238.6,50.0,228.9,50.0,4.9,1110.0,890.0,80.0,37.0,83.9,100.0,7635
2025-01-23T21:31:28.000000+00:00,238.8,49.9,238.8,49.9,228.9,49.9,4.9,1120.0,900.0,80.0,37.0,83.9,100.0,7538
2025-01-23T21:32:28.000000+00:00,239.2,49.9,239.2,49.9,228.9,49.9,4.8,1100.0,870.0,79.0,37.0,83.9,100.0,7538
2025-01-23T21:33:28.000000+00:00,239.3,50.0,238.5,50.0,228.9,50.0,4.9,1120.0,890.0,79.0,37.0,83.9,100.0,7538
2025-01-23T21:34:28.000000+00:00,239.7,50.0,239.8,50.0,228.9,50.0,4.9,1110.0,890.0,80.0,38.0,83.9,100.0,7538
2025-01-23T21:35:28.000000+00:00,239.6,50.0,239.6,50.0,228.9,50.0,4.9,1120.0,900.0,80.0,37.0,83.9,100.0,7538
2025-01-23T21:36:28.000000+00:00,239.7,50.0,240.1,50.0,228.9,50.0,4.8,1110.0,880.0,79.0,37.0,83.9,100.0,7538
2025-01-23T21:37:28.000000+00:00,240.2,50.0,240.3,50.0,228.9,50.0,4.8,1100.0,870.0,79.0,37.0,83.9,100.0,7538
2025-01-23T21:38:28.000000+00:00,239.9,50.0,239.9,50.0,228.9,50.0,4.8,1100.0,880.0,80.0,37.0,83.9,100.0,7538
2025-01-23T21:39:28.000000+00:00,239.9,50.0,239.9,50.0,228.9,50.0,4.7,1090.0,850.0,78.0,36.0,83.9,100.0,7538
2025-01-23T21:40:28.000000+00:00,240.0,49.9,239.5,50.0,228.9,49.9,4.8,1100.0,870.0,79.0,37.0,83.9,100.0,7538
2025-01-23T21:41:28.000000+00:00,240.5,50.0,240.0,50.0,228.9,50.0,4.8,1110.0,890.0,80.0,37.0,83.9,100.0,7538
2025-01-23T21:42:28.000000+00:00,239.6,50.0,239.0,50.0,228.9,50.0,4.9,1130.0,910.0,81.0,37.0,83.9,100.0,7538
2025-01-23T21:43:28.000000+00:00,239.4,50.0,239.4,50.0,228.9,50.0,4.9,1110.0,880.0,79.0,37.0,83.9,100.0,7538
2025-01-23T21:44:28.000000+00:00,239.9,50.0,238.9,50.0,228.9,50.0,4.9,1120.0,900.0,80.0,37.0,83.9,100.0,7538
2025-01-23T21:45:28.000000+00:00,239.0,50.0,240.1,50.0,228.9,50.0,4.8,1100.0,880.0,80.0,37.0,83.9,100.0,7538
2025-01-23T21:46:28.000000+00:00,239.9,50.1,239.9,50.1,228.9,50.1,4.8,1100.0,880.0,80.0,37.0,83.9,100.0,7538
2025-01-23T21:47:28.000000+00:00,239.6,50.1,239.6,50.1,228.9,50.1,4.8,1090.0,870.0,80.0,37.0,83.9,100.0,7538
2025-01-23T21:48:28.000000+00:00,239.8,50.0,240.3,50.0,228.9,50.0,4.8,1100.0,880.0,80.0,37.0,83.9,100.0,7538
2025-01-23T21:49:28.000000+00:00,240.0,50.0,240.0,50.0,228.9,50.0,4.8,1100.0,870.0,79.0,36.0,83.9,100.0,7538
2025-01-23T21:50:28.000000+00:00,239.8,50.0,239.8,50.0,228.9,50.0,4.9,1120.0,900.0,80.0,37.0,83.9,100.0,7538
2025-01-23T21:51:28.000000+00:00,239.1,50.0,239.4,50.0,228.9,50.0,4.9,1120.0,900.0,80.0,37.0,83.9,100.0,7538
2025-01-23T21:52:28.000000+00:00,240.5,50.0,240.5,50.0,228.9,50.0,4.9,1120.0,900.0,80.0,37.0,83.9,100.0,7538
2025-01-23T21:53:28.000000+00:00,239.8,50.0,240.5,50.0,228.9,50.0,4.9,1120.0,900.0,80.0,37.0,83.9,100.0,7538
2025-01-23T21:54:28.000000+00:00,240.5,50.0,240.5,50.0,228.9,50.0,4.9,1120.0,900.0,80.0,37.0,83.9,100.0,7538
2025-01-23T21:55:28.000000+00:00,241.0,50.1,241.0,50.1,228.9,50.1,4.8,1100.0,870.0,79.0,37.0,83.9,100.0,7538
2025-01-23T21:56:28.000000+00:00,241.2,50.1,241.2,50.1,228.9,50.1,4.8,1100.0,880.0,80.0,37.0,83.9,100.0,7538
2025-01-23T21:57:28.000000+00:00,240.9,50.1,240.9,50.1,228.9,50.1,4.8,1100.0,870.0,79.0,37.0,83.9,100.0,7538
2025-01-23T21:58:28.000000+00:00,240.8,50.1,240.8,50.1,228.9,50.1,4.8,1090.0,870.0,80.0,37.0,83.9,100.0,7538
2025-01-23T21:59:28.000000+00:00,240.7,50.0,240.7,50.0,228.9,50.0,4.8,1090.0,860.0,79.0,37.0,83.9,100.0,7538
2025-01-23T22:00:29.000000+00:00,240.4,50.2,240.9,50.2,228.9,50.2,4.7,1080.0,850.0,79.0,37.0,83.9,100.0,7538
2025-01-23T22:01:29.000000+00:00,241.3,50.1,241.3,50.1,228.9,50.1,4.8,1110.0,890.0,80.0,37.0,83.9,100.0,7538
2025-01-23T22:02:29.000000+00:00,240.6,50.1,240.1,50.1,228.9,50.1,4.8,1110.0,880.0,79.0,37.0,83.9,100.0,7538
2025-01-23T22:03:29.000000+00:00,242.1,50.2,242.1,50.2,228.9,50.2,4.8,1100.0,870.0,79.0,37.0,83.9,100.0,7538
2025-01-23T22:04:29.000000+00:00,241.5,50.2,242.4,50.2,228.9,50.2,4.8,1110.0,890.0,80.0,37.0,83.9,100.0,7538
2025-01-23T22:05:29.000000+00:00,241.5,50.2,241.5,50.2,228.9,50.2,4.8,1100.0,880.0,80.0,36.0,83.9,100.0,7538
2025-01-23T22:06:29.000000+00:00,242.9,50.3,242.9,50.3,228.9,50.3,4.8,1090.0,870.0,80.0,36.0,83.9,100.0,7538
2025-01-23T22:07:29.000000+00:00,243.1,50.2,243.1,50.2,228.9,50.2,4.8,1090.0,880.0,81.0,36.0,83.9,100.0,7538
2025-01-23T22:08:29.000000+00:00,242.1,50.3,242.1,50.3,228.9,50.3,4.8,1090.0,880.0,81.0,36.0,83.9,100.0,7538
2025-01-23T22:09:29.000000+00:00,242.6,50.2,242.6,50.2,228.9,50.2,4.7,1080.0,860.0,80.0,36.0,83.9,100.0,7538
2025-01-23T22:10:29.000000+00:00,242.6,50.2,242.3,50.2,228.9,50.2,4.9,1120.0,900.0,80.0,37.0,83.9,100.0,7538
2025-01-23T22:11:29.000000+00:00,242.3,50.1,242.3,50.1,228.9,50.1,4.8,1100.0,880.0,80.0,37.0,83.9,100.0,7538
2025-01-23T22:12:29.000000+00:00,241.8,50.1,241.4,50.1,228.9,50.1,4.8,1110.0,890.0,80.0,37.0,83.9,100.0,7538
2025-01-23T22:13:29.000000+00:00,242.4,50.2,242.9,50.2,228.9,50.2,4.8,1110.0,890.0,80.0,36.0,83.9,100.0,7538
2025-01-23T22:14:29.000000+00:00,242.4,50.2,242.4,50.2,228.9,50.2,4.8,1100.0,870.0,79.0,36.0,83.9,100.0,7538
2025-01-23T22:15:29.000000+00:00,242.3,50.1,241.7,50.1,228.9,50.1,4.8,1110.0,890.0,80.0,36.0,83.9,100.0,7538
2025-01-23T22:16:29.000000+00:00,242.4,50.1,242.4,50.1,228.9,50.1,4.7,1080.0,850.0,79.0,36.0,83.9,100.0,7538
2025-01-23T22:17:29.000000+00:00,242.9,50.1,242.9,50.1,228.9,50.1,4.8,1100.0,870.0,79.0,36.0,83.9,100.0,7538
2025-01-23T22:18:29.000000+00:00,242.6,50.1,242.5,50.1,228.9,50.1,4.8,1090.0,870.0,80.0,37.0,83.9,100.0,7538
2025-01-23T22:19:29.000000+00:00,242.4,50.1,242.5,50.1,228.9,50.1,4.7,1090.0,860.0,79.0,36.0,83.9,100.0,7538
2025-01-23T22:20:29.000000+00:00,241.6,50.1,242.1,50.1,228.9,50.1,4.8,1110.0,890.0,80.0,37.0,83.9,100.0,7538
2025-01-23T22:21:29.000000+00:00,242.0,50.1,242.0,50.1,228.9,50.1,4.9,1110.0,890.0,80.0,37.0,83.9,100.0,7538
2025-01-23T22:22:29.000000+00:00,241.9,50.2,241.5,50.2,228.9,50.2,4.9,1110.0,900.0,81.0,37.0,83.9,100.0,7538
2025-01-23T22:23:29.000000+00:00,241.5,50.1,242.0,50.1,228.9,50.1,4.8,1100.0,870.0,79.0,37.0,83.9,100.0,7538
2025-01-23T22:24:29.000000+00:00,241.1,50.1,241.1,50.1,228.9,50.1,4.7,1080.0,860.0,80.0,36.0,83.9,100.0,7538
2025-01-23T22:25:29.000000+00:00,242.3,50.2,242.3,50.2,228.9,50.2,4.8,1090.0,870.0,80.0,37.0,83.9,100.0,7538
2025-01-23T22:26:29.000000+00:00,242.1,50.2,242.1,50.2,228.9,50.1,4.7,1080.0,850.0,79.0,36.0,83.9,100.0,7170
2025-01-23T22:27:29.000000+00:00,242.1,50.2,242.1,50.2,228.9,50.2,4.8,1100.0,880.0,80.0,37.0,83.9,100.0,7538
2025-01-23T22:28:29.000000+00:00,242.1,50.2,242.1,50.2,228.9,50.2,4.8,1090.0,870.0,80.0,36.0,83.9,100.0,7538
2025-01-23T22:29:29.000000+00:00,242.7,50.2,242.7,50.2,228.9,50.2,4.7,1080.0,850.0,79.0,36.0,83.9,100.0,7538
2025-01-23T22:30:29.000000+00:00,242.2,50.2,243.2,50.2,228.9,50.2,4.8,1100.0,870.0,79.0,37.0,83.9,100.0,7538
2025-01-23T22:31:29.000000+00:00,242.0,50.2,243.0,50.2,228.9,50.2,4.9,1130.0,910.0,81.0,37.0,83.9,100.0,7538
2025-01-23T22:32:29.000000+00:00,242.0,50.2,242.0,50.2,228.9,50.2,4.8,1100.0,880.0,80.0,37.0,83.9,100.0,7538
2025-01-23T22:33:29.000000+00:00,242.5,50.2,243.2,50.2,228.9,50.2,4.8,1110.0,890.0,80.0,37.0,83.9,100.0,7538
2025-01-23T22:34:29.000000+00:00,243.4,50.2,243.4,50.2,228.9,50.2,4.8,1110.0,890.0,80.0,36.0,83.9,100.0,7538
2025-01-23T22:35:29.000000+00:00,239.5,50.2,239.5,50.2,228.9,50.2,4.8,1090.0,880.0,81.0,36.0,83.9,100.0,7635
2025-01-23T22:36:29.000000+00:00,240.9,50.3,240.9,50.3,228.9,50.3,4.8,1090.0,870.0,80.0,36.0,83.9,100.0,7635
2025-01-23T22:37:29.000000+00:00,240.2,50.3,240.1,50.3,228.9,50.3,4.8,1090.0,870.0,80.0,36.0,83.9,100.0,7635
2025-01-23T22:38:29.000000+00:00,240.0,50.3,240.0,50.3,228.9,50.3,4.8,1090.0,880.0,81.0,36.0,83.9,100.0,7635
2025-01-23T22:39:29.000000+00:00,238.8,50.2,239.2,50.2,228.9,50.2,4.7,1080.0,860.0,80.0,36.0,83.9,100.0,7635
2025-01-23T22:40:29.000000+00:00,240.0,50.3,239.9,50.3,228.9,50.3,4.9,1110.0,900.0,81.0,36.0,83.9,100.0,7735
2025-01-23T22:41:29.000000+00:00,240.0,50.3,239.8,50.3,228.9,50.3,4.8,1110.0,890.0,80.0,36.0,83.9,100.0,7837
2025-01-23T22:42:29.000000+00:00,239.8,50.3,239.9,50.3,228.9,50.3,4.8,1110.0,890.0,80.0,37.0,83.9,100.0,7735
2025-01-23T22:43:29.000000+00:00,240.2,50.3,240.2,50.3,228.9,50.3,4.9,1110.0,900.0,81.0,36.0,83.9,100.0,7635
2025-01-23T22:44:29.000000+00:00,240.9,50.3,240.9,50.3,228.9,50.3,4.7,1080.0,850.0,79.0,36.0,83.9,100.0,7635
2025-01-23T22:45:29.000000+00:00,240.2,50.3,240.2,50.3,228.9,50.3,4.8,1090.0,880.0,81.0,36.0,83.9,100.0,7635
2025-01-23T22:46:29.000000+00:00,240.5,50.2,239.5,50.2,228.9,50.2,4.8,1090.0,870.0,80.0,37.0,83.9,100.0,7635
2025-01-23T22:47:29.000000+00:00,240.3,50.3,240.3,50.3,228.9,50.3,4.8,1090.0,870.0,80.0,37.0,83.9,100.0,7635
2025-01-23T22:48:29.000000+00:00,241.4,50.3,241.4,50.3,228.9,50.3,4.7,1090.0,860.0,79.0,36.0,83.9,100.0,7635
2025-01-23T22:49:29.000000+00:00,240.8,50.2,240.3,50.2,228.9,50.2,4.8,1090.0,870.0,80.0,36.0,83.9,100.0,7635
2025-01-23T22:50:29.000000+00:00,240.1,50.2,239.7,50.2,229.0,50.2,4.8,1090.0,870.0,80.0,37.0,83.9,100.0,7635
2025-01-23T22:51:29.000000+00:00,239.6,50.3,240.0,50.3,228.9,50.3,4.8,1110.0,890.0,80.0,36.0,83.9,100.0,7538
2025-01-23T22:52:29.000000+00:00,240.3,50.3,239.1,50.3,228.9,50.3,4.8,1090.0,880.0,81.0,36.0,83.9,100.0,7538
2025-01-23T22:53:29.000000+00:00,240.0,50.3,239.4,50.3,228.9,50.3,4.8,1100.0,880.0,80.0,36.0,83.9,100.0,7538
2025-01-23T22:54:29.000000+00:00,239.1,50.3,239.1,50.3,228.9,50.3,4.7,1080.0,870.0,81.0,36.0,83.9,100.0,7538
2025-01-23T22:55:29.000000+00:00,239.6,50.3,240.7,50.3,228.9,50.3,4.8,1090.0,870.0,80.0,36.0,83.9,100.0,7538
2025-01-23T22:56:29.000000+00:00,240.2,50.3,240.2,50.3,228.9,50.3,4.8,1090.0,870.0,80.0,36.0,83.9,100.0,7538
2025-01-23T22:57:29.000000+00:00,239.6,50.2,239.0,50.2,228.9,50.2,4.8,1100.0,880.0,80.0,37.0,83.9,100.0,7538
2025-01-23T22:58:29.000000+00:00,239.5,50.1,239.0,50.1,228.9,50.1,4.8,1090.0,870.0,80.0,37.0,83.9,100.0,7538
2025-01-23T22:59:29.000000+00:00,239.3,50.2,239.8,50.2,228.9,50.2,4.7,1080.0,850.0,79.0,36.0,83.9,100.0,7538
2025-01-23T23:00:29.000000+00:00,239.4,50.2,239.3,50.2,228.9,50.2,4.8,1110.0,890.0,80.0,37.0,83.9,100.0,7538
2025-01-23T23:01:29.000000+00:00,238.9,50.2,240.2,50.2,228.9,50.2,4.8,1100.0,870.0,79.0,37.0,83.9,100.0,7538
2025-01-23T23:02:29.000000+00:00,239.1,50.1,239.1,50.1,228.9,50.1,4.8,1110.0,880.0,79.0,37.0,83.9,100.0,7538
2025-01-23T23:03:29.000000+00:00,238.8,50.1,238.8,50.1,228.9,50.1,4.9,1120.0,890.0,79.0,37.0,83.9,100.0,7538
2025-01-23T23:04:29.000000+00:00,239.4,50.1,239.4,50.1,228.9,50.1,4.9,1120.0,910.0,81.0,36.0,83.9,100.0,7538
2025-01-23T23:05:29.000000+00:00,239.5,50.2,239.5,50.2,228.9,50.2,4.8,1100.0,880.0,80.0,37.0,83.9,100.0,7538
2025-01-23T23:06:29.000000+00:00,238.9,50.2,240.0,50.2,228.9,50.2,4.8,1100.0,870.0,79.0,37.0,83.9,100.0,7538
2025-01-23T23:07:29.000000+00:00,239.3,50.2,239.8,50.2,228.9,50.2,4.8,1090.0,870.0,80.0,37.0,83.9,100.0,7538
2025-01-23T23:08:29.000000+00:00,238.8,50.2,238.2,50.1,228.9,50.1,4.8,1100.0,880.0,80.0,36.0,83.9,100.0,7538
2025-01-23T23:09:29.000000+00:00,238.8,50.1,238.7,50.1,228.9,50.1,4.8,1090.0,860.0,79.0,37.0,83.9,100.0,7538
2025-01-23T23:10:29.000000+00:00,238.9,50.1,238.9,50.1,228.9,50.1,4.9,1110.0,900.0,81.0,37.0,83.9,100.0,7538
2025-01-23T23:11:29.000000+00:00,238.0,50.0,239.0,50.0,228.9,50.0,4.8,1110.0,890.0,80.0,37.0,83.9,100.0,7538
2025-01-23T23:12:30.000000+00:00,238.8,50.1,238.7,50.1,228.9,50.1,4.9,1120.0,900.0,80.0,38.0,83.9,100.0,7538
2025-01-23T23:13:30.000000+00:00,238.3,50.1,239.3,50.1,228.9,50.1,4.9,1110.0,890.0,80.0,37.0,83.9,100.0,7538
2025-01-23T23:14:30.000000+00:00,239.9,50.2,238.9,50.2,228.9,50.2,4.7,1080.0,850.0,79.0,36.0,83.9,100.0,7538
2025-01-23T23:15:30.000000+00:00,238.3,50.0,238.3,50.0,228.9,50.0,4.8,1100.0,870.0,79.0,37.0,83.9,100.0,7538
2025-01-23T23:16:30.000000+00:00,238.6,50.1,238.6,50.1,228.9,50.1,4.7,1080.0,850.0,79.0,36.0,83.9,100.0,7538
2025-01-23T23:17:30.000000+00:00,237.9,50.1,238.9,50.1,228.9,50.1,4.8,1100.0,870.0,79.0,37.0,83.9,100.0,7538
2025-01-23T23:18:30.000000+00:00,238.6,50.1,238.1,50.1,228.9,50.1,4.8,1100.0,870.0,79.0,37.0,83.9,100.0,7538
2025-01-23T23:19:30.000000+00:00,239.1,50.1,239.1,50.1,228.9,50.1,4.8,1090.0,860.0,79.0,36.0,83.9,100.0,7538
2025-01-23T23:20:30.000000+00:00,239.0,50.1,239.0,50.1,228.9,50.1,4.9,1120.0,910.0,81.0,37.0,83.9,100.0,7538
2025-01-23T23:21:30.000000+00:00,238.5,50.1,238.5,50.1,228.9,50.1,4.8,1110.0,880.0,79.0,37.0,83.9,100.0,7538
2025-01-23T23:22:30.000000+00:00,238.3,50.1,238.4,50.1,228.9,50.1,4.8,1100.0,880.0,80.0,37.0,83.9,100.0,7538
2025-01-23T23:23:30.000000+00:00,239.9,50.2,238.9,50.2,228.9,50.2,4.8,1090.0,880.0,81.0,37.0,83.9,100.0,7538
2025-01-23T23:24:30.000000+00:00,239.1,50.1,239.1,50.1,228.9,50.1,4.8,1100.0,870.0,79.0,36.0,83.9,100.0,7538
2025-01-23T23:25:30.000000+00:00,238.7,50.2,239.3,50.2,228.9,50.2,4.8,1090.0,870.0,80.0,36.0,83.9,100.0,7538
2025-01-23T23:26:30.000000+00:00,238.9,50.1,238.9,50.1,228.9,50.1,4.8,1100.0,870.0,79.0,37.0,83.9,100.0,7538
2025-01-23T23:27:30.000000+00:00,238.7,50.1,238.8,50.1,228.9,50.1,4.8,1110.0,890.0,80.0,37.0,83.9,100.0,7538
2025-01-23T23:28:30.000000+00:00,238.2,50.2,238.8,50.2,228.9,50.2,4.8,1090.0,860.0,79.0,36.0,83.9,100.0,7538
2025-01-23T23:29:30.000000+00:00,237.7,50.1,237.8,50.1,228.9,50.1,4.7,1080.0,850.0,79.0,37.0,83.9,100.0,7538
2025-01-23T23:30:30.000000+00:00,239.1,50.1,238.7,50.2,228.9,50.1,4.8,1100.0,870.0,79.0,37.0,83.9,100.0,7538
2025-01-23T23:31:30.000000+00:00,238.1,50.1,238.5,50.1,228.9,50.1,4.9,1120.0,900.0,80.0,37.0,83.9,100.0,7538
2025-01-23T23:32:30.000000+00:00,238.5,50.1,238.5,50.1,228.9,50.1,4.9,1120.0,900.0,80.0,37.0,83.9,100.0,7538
2025-01-23T23:33:30.000000+00:00,238.5,50.1,238.5,50.1,228.9,50.1,4.8,1100.0,890.0,81.0,37.0,83.9,100.0,7538
2025-01-23T23:34:30.000000+00:00,238.9,50.1,238.3,50.1,228.9,50.1,4.8,1100.0,880.0,80.0,37.0,83.9,100.0,7538
2025-01-23T23:35:30.000000+00:00,238.5,50.1,238.6,50.1,228.9,50.1,4.8,1100.0,870.0,79.0,37.0,83.9,100.0,7538
2025-01-23T23:36:30.000000+00:00,238.8,50.1,238.9,50.1,228.9,50.1,4.8,1090.0,870.0,80.0,36.0,83.9,100.0,7538
2025-01-23T23:37:30.000000+00:00,238.3,50.1,238.3,50.1,228.9,50.1,4.8,1090.0,870.0,80.0,37.0,83.9,100.0,7538
2025-01-23T23:38:30.000000+00:00,238.8,50.1,239.3,50.1,228.9,50.1,4.8,1100.0,870.0,79.0,37.0,83.9,100.0,7538
2025-01-23T23:39:30.000000+00:00,238.8,50.1,238.8,50.1,228.9,50.1,4.8,1100.0,880.0,80.0,37.0,83.9,100.0,7538
2025-01-23T23:40:30.000000+00:00,239.2,50.1,239.2,50.1,228.9,50.1,4.8,1110.0,880.0,79.0,37.0,83.9,100.0,7538
2025-01-23T23:41:30.000000+00:00,238.6,50.1,239.1,50.1,228.9,50.1,4.8,1100.0,870.0,79.0,37.0,83.9,100.0,7538
2025-01-23T23:42:30.000000+00:00,238.0,50.0,239.2,50.0,228.9,50.0,4.9,1120.0,910.0,81.0,38.0,83.9,100.0,7538
2025-01-23T23:43:30.000000+00:00,239.0,50.1,238.3,50.1,228.9,50.1,4.8,1110.0,890.0,80.0,37.0,83.9,100.0,7538
2025-01-23T23:44:30.000000+00:00,238.5,50.1,238.5,50.1,228.9,50.1,4.8,1090.0,870.0,80.0,37.0,83.9,100.0,7538
2025-01-23T23:45:30.000000+00:00,239.2,50.2,238.7,50.2,228.9,50.2,4.8,1090.0,870.0,80.0,36.0,83.9,100.0,7538
2025-01-23T23:46:30.000000+00:00,239.8,50.2,239.8,50.2,228.9,50.2,4.8,1090.0,870.0,80.0,36.0,83.9,100.0,7538
2025-01-23T23:47:30.000000+00:00,239.2,50.1,239.1,50.1,228.9,50.1,4.8,1100.0,870.0,79.0,37.0,83.9,100.0,7538
2025-01-23T23:48:30.000000+00:00,238.9,50.2,238.9,50.2,228.9,50.2,4.8,1090.0,870.0,80.0,37.0,83.9,100.0,7538
2025-01-23T23:49:30.000000+00:00,238.4,50.2,238.4,50.2,228.9,50.2,4.7,1080.0,860.0,80.0,37.0,84.0,100.0,7538
2025-01-23T23:50:30.000000+00:00,238.6,50.2,238.6,50.2,228.9,50.2,4.8,1090.0,870.0,80.0,37.0,83.9,100.0,7538
2025-01-23T23:51:30.000000+00:00,239.2,50.2,239.2,50.1,228.9,50.1,4.8,1100.0,880.0,80.0,37.0,83.9,100.0,7538
2025-01-23T23:52:30.000000+00:00,238.2,50.2,239.3,50.2,228.9,50.2,4.8,1100.0,890.0,81.0,37.0,83.9,100.0,7538
2025-01-23T23:53:30.000000+00:00,238.5,50.1,238.5,50.1,228.9,50.1,4.8,1100.0,870.0,79.0,37.0,83.9,100.0,7538
2025-01-23T23:54:30.000000+00:00,238.8,50.2,238.8,50.2,228.9,50.2,4.8,1100.0,880.0,80.0,36.0,83.9,100.0,7538
2025-01-23T23:55:30.000000+00:00,239.1,50.1,239.1,50.1,228.9,50.2,4.8,1100.0,880.0,80.0,36.0,83.9,100.0,7538
2025-01-23T23:56:30.000000+00:00,240.1,50.3,239.5,50.3,228.9,50.3,4.8,1090.0,880.0,81.0,36.0,83.9,100.0,7538
2025-01-23T23:57:30.000000+00:00,239.3,50.2,238.9,50.2,228.9,50.2,4.8,1100.0,880.0,80.0,37.0,83.9,100.0,7538
2025-01-23T23:58:30.000000+00:00,238.5,50.1,238.5,50.1,228.9,50.1,4.8,1090.0,870.0,80.0,37.0,83.9,100.0,7538
2025-01-23T23:59:30.000000+00:00,239.2,50.2,239.6,50.2,228.9,50.2,4.8,1090.0,870.0,80.0,36.0,83.9,100.0,7538
2025-01-24T00:00:30.000000+00:00,239.1,50.1,239.0,50.1,228.9,50.1,4.8,1100.0,880.0,80.0,37.0,83.9,100.0,7538
2025-01-24T00:01:30.000000+00:00,239.1,50.1,239.0,50.1,228.9,50.1,4.8,1110.0,890.0,80.0,37.0,83.9,100.0,7538
2025-01-24T00:02:30.000000+00:00,240.1,50.2,240.1,50.2,228.9,50.2,4.8,1100.0,880.0,80.0,37.0,83.9,100.0,7538
2025-01-24T00:03:30.000000+00:00,238.8,50.2,239.8,50.2,228.9,50.2,4.8,1100.0,880.0,80.0,36.0,83.9,100.0,7538
2025-01-24T00:04:30.000000+00:00,238.5,50.2,238.5,50.2,228.9,50.2,4.8,1110.0,890.0,80.0,37.0,83.9,100.0,7538
2025-01-24T00:05:30.000000+00:00,239.7,50.2,239.7,50.2,228.9,50.2,4.8,1100.0,880.0,80.0,37.0,83.9,100.0,7538
2025-01-24T00:06:30.000000+00:00,239.6,50.2,239.8,50.2,228.9,50.2,4.8,1100.0,880.0,80.0,37.0,83.9,100.0,7538
2025-01-24T00:07:30.000000+00:00,238.8,50.1,238.8,50.1,228.9,50.1,4.8,1090.0,870.0,80.0,37.0,83.9,100.0,7538
2025-01-24T00:08:30.000000+00:00,238.3,50.0,238.3,50.0,228.9,50.0,4.8,1100.0,880.0,80.0,37.0,83.9,100.0,7538
2025-01-24T00:09:30.000000+00:00,236.9,50.1,236.9,50.1,228.9,50.1,4.8,1090.0,860.0,79.0,37.0,83.9,100.0,7538
2025-01-24T00:10:30.000000+00:00,236.7,50.0,237.6,50.0,228.9,50.0,4.8,1100.0,870.0,79.0,37.0,83.9,100.0,7538
2025-01-24T00:11:30.000000+00:00,237.1,50.0,237.1,50.0,228.9,50.0,4.8,1110.0,870.0,78.0,37.0,83.9,100.0,7538
2025-01-24T00:12:30.000000+00:00,237.2,50.0,236.8,50.0,228.9,50.0,4.9,1130.0,910.0,81.0,37.0,83.9,100.0,7538
2025-01-24T00:13:30.000000+00:00,237.7,50.0,237.7,50.0,228.9,50.0,4.9,1110.0,890.0,80.0,37.0,83.9,100.0,7538
2025-01-24T00:14:30.000000+00:00,238.0,50.1,238.0,50.1,228.9,50.1,4.8,1110.0,880.0,79.0,37.0,83.9,100.0,7538
2025-01-24T00:15:30.000000+00:00,237.8,49.9,237.8,49.9,228.9,49.9,4.8,1110.0,880.0,79.0,37.0,83.9,100.0,7538
2025-01-24T00:16:30.000000+00:00,238.3,50.2,238.8,50.2,228.9,50.2,4.8,1090.0,870.0,80.0,36.0,83.9,100.0,7538
2025-01-24T00:17:30.000000+00:00,238.2,50.2,238.2,50.2,228.9,50.2,4.8,1100.0,870.0,79.0,37.0,83.9,100.0,7538
2025-01-24T00:18:30.000000+00:00,237.9,50.2,237.9,50.2,228.9,50.2,4.8,1090.0,870.0,80.0,36.0,83.9,100.0,7538
2025-01-24T00:19:30.000000+00:00,237.7,50.1,238.2,50.1,228.9,50.1,4.8,1100.0,880.0,80.0,37.0,83.9,100.0,7538
2025-01-24T00:20:31.000000+00:00,237.5,50.1,238.3,50.1,228.9,50.1,4.9,1110.0,890.0,80.0,37.0,83.9,100.0,7538
2025-01-24T00:21:31.000000+00:00,237.9,50.1,237.9,50.1,228.9,50.1,4.8,1100.0,880.0,80.0,37.0,83.9,100.0,7538
2025-01-24T00:22:31.000000+00:00,236.9,50.1,237.9,50.1,228.9,50.1,4.8,1100.0,870.0,79.0,37.0,83.9,100.0,7538
2025-01-24T00:23:31.000000+00:00,238.2,50.1,238.5,50.1,228.9,50.1,4.8,1110.0,890.0,80.0,37.0,84.0,100.0,7538
2025-01-24T00:24:31.000000+00:00,237.8,50.2,237.8,50.2,228.9,50.2,4.8,1090.0,870.0,80.0,36.0,83.9,100.0,7538
2025-01-24T00:25:31.000000+00:00,238.7,50.2,237.5,50.2,228.9,50.2,4.8,1090.0,870.0,80.0,36.0,83.9,100.0,7538
2025-01-24T00:26:31.000000+00:00,238.0,50.2,238.0,50.2,228.9,50.2,4.8,1090.0,870.0,80.0,36.0,83.9,100.0,7538
2025-01-24T00:27:31.000000+00:00,239.0,50.2,238.4,50.2,228.9,50.2,4.8,1110.0,890.0,80.0,37.0,83.9,100.0,7538
2025-01-24T00:28:31.000000+00:00,238.2,50.2,239.2,50.2,228.9,50.2,4.8,1090.0,870.0,80.0,36.0,83.9,100.0,7538
2025-01-24T00:29:31.000000+00:00,239.3,50.2,238.7,50.2,228.9,50.2,4.7,1080.0,850.0,79.0,36.0,83.9,100.0,7538
2025-01-24T00:30:31.000000+00:00,238.1,50.1,238.1,50.1,228.9,50.1,4.9,1120.0,900.0,80.0,37.0,83.9,100.0,7538
2025-01-24T00:31:31.000000+00:00,238.2,50.1,238.2,50.1,228.9,50.1,4.8,1100.0,870.0,79.0,37.0,83.9,100.0,7538
2025-01-24T00:32:31.000000+00:00,238.3,50.1,238.3,50.1,228.9,50.1,4.9,1110.0,900.0,81.0,37.0,84.0,100.0,7538
2025-01-24T00:33:31.000000+00:00,237.7,50.0,237.7,50.0,228.9,50.0,4.8,1100.0,880.0,80.0,37.0,83.9,100.0,7538
2025-01-24T00:34:31.000000+00:00,237.4,50.0,237.4,50.0,228.9,50.0,4.8,1110.0,880.0,79.0,37.0,83.9,100.0,7538
2025-01-24T00:35:31.000000+00:00,236.7,50.0,236.7,50.0,228.9,50.0,4.8,1100.0,870.0,79.0,37.0,83.9,100.0,7538
2025-01-24T00:36:31.000000+00:00,236.9,50.0,236.9,50.0,228.9,50.0,4.8,1100.0,870.0,79.0,37.0,83.9,100.0,7538
2025-01-24T00:37:31.000000+00:00,237.8,50.0,237.8,50.0,228.9,50.1,4.8,1100.0,870.0,79.0,37.0,83.9,100.0,7538
2025-01-24T00:38:31.000000+00:00,237.6,50.0,237.6,50.0,228.9,50.0,4.8,1100.0,880.0,80.0,37.0,83.9,100.0,7538
2025-01-24T00:39:31.000000+00:00,237.6,50.1,237.6,50.1,228.9,50.1,4.8,1090.0,870.0,80.0,37.0,83.9,100.0,7538
2025-01-24T00:40:31.000000+00:00,238.2,50.1,237.3,50.1,228.9,50.1,4.9,1120.0,890.0,79.0,37.0,83.9,100.0,7635
2025-01-24T00:41:31.000000+00:00,238.0,50.1,237.1,50.1,228.9,50.1,4.8,1100.0,870.0,79.0,37.0,83.9,100.0,7635
2025-01-24T00:42:31.000000+00:00,237.7,50.1,237.7,50.1,228.9,50.1,4.8,1110.0,880.0,79.0,37.0,83.9,100.0,7635
2025-01-24T00:43:31.000000+00:00,237.0,50.1,237.0,50.1,228.9,50.1,4.9,1120.0,910.0,81.0,37.0,83.9,100.0,7635
2025-01-24T00:44:31.000000+00:00,237.3,50.1,237.3,50.1,228.9,50.1,4.8,1100.0,880.0,80.0,36.0,83.9,100.0,7635
2025-01-24T00:45:31.000000+00:00,236.6,50.0,237.1,50.0,228.9,50.0,4.8,1110.0,880.0,79.0,37.0,83.9,100.0,7635
2025-01-24T00:46:31.000000+00:00,237.4,50.0,236.5,50.0,228.9,50.0,4.8,1100.0,880.0,80.0,37.0,83.9,100.0,7350
2025-01-24T00:47:31.000000+00:00,236.8,50.0,236.8,50.0,228.9,50.0,4.8,1100.0,880.0,80.0,37.0,83.9,100.0,7350
2025-01-24T00:48:31.000000+00:00,236.9,50.0,236.9,50.0,228.9,50.0,4.8,1100.0,870.0,79.0,37.0,83.9,100.0,7350
2025-01-24T00:49:31.000000+00:00,237.0,50.0,237.5,50.0,228.9,50.0,4.8,1110.0,880.0,79.0,37.0,83.9,100.0,7350
2025-01-24T00:50:31.000000+00:00,236.9,50.0,236.3,50.0,228.9,50.0,4.9,1120.0,900.0,80.0,38.0,83.9,100.0,7735
2025-01-24T00:51:31.000000+00:00,236.1,50.0,236.1,50.0,228.9,50.0,4.8,1110.0,870.0,78.0,37.0,83.9,100.0,7837
2025-01-24T00:52:31.000000+00:00,237.2,50.0,237.1,50.0,228.9,50.0,4.8,1100.0,870.0,79.0,37.0,83.9,100.0,7350
2025-01-24T00:53:31.000000+00:00,235.9,50.0,236.6,50.0,228.9,50.0,4.9,1110.0,890.0,80.0,37.0,83.9,100.0,7350
2025-01-24T00:54:31.000000+00:00,235.4,49.9,235.4,49.9,228.9,49.9,4.8,1110.0,880.0,79.0,37.0,83.9,100.0,7350
2025-01-24T00:55:31.000000+00:00,236.7,49.9,235.7,49.9,228.9,49.9,4.8,1110.0,880.0,79.0,37.0,83.9,100.0,7635
2025-01-24T00:56:31.000000+00:00,235.9,49.9,235.9,49.9,228.9,49.9,4.8,1110.0,880.0,79.0,37.0,84.0,100.0,7538
2025-01-24T00:57:31.000000+00:00,235.2,49.9,236.2,49.9,228.9,49.9,4.9,1120.0,890.0,79.0,37.0,83.9,100.0,7538
2025-01-24T00:58:31.000000+00:00,236.5,50.0,236.5,50.0,228.9,50.0,4.8,1100.0,880.0,80.0,37.0,83.9,100.0,7538
2025-01-24T00:59:31.000000+00:00,237.1,50.1,237.0,50.1,228.9,50.1,4.8,1100.0,880.0,80.0,36.0,84.0,100.0,7538
2025-01-24T01:00:31.000000+00:00,236.8,50.1,236.8,50.1,228.9,50.1,4.8,1100.0,880.0,80.0,37.0,83.9,100.0,7538
2025-01-24T01:01:31.000000+00:00,237.2,50.1,237.1,50.1,228.9,50.1,4.8,1100.0,880.0,80.0,37.0,84.0,100.0,7538
2025-01-24T01:02:31.000000+00:00,236.9,50.1,236.7,50.1,228.9,50.1,4.9,1120.0,900.0,80.0,37.0,83.9,100.0,7538
2025-01-24T01:03:31.000000+00:00,235.7,50.1,235.7,50.1,228.9,50.1,4.9,1110.0,890.0,80.0,37.0,83.9,100.0,7538
2025-01-24T01:04:31.000000+00:00,236.8,50.1,236.7,50.1,228.9,50.1,4.7,1080.0,850.0,79.0,36.0,83.9,100.0,7538
2025-01-24T01:05:31.000000+00:00,237.5,50.1,237.5,50.1,228.9,50.1,4.8,1100.0,870.0,79.0,37.0,83.9,100.0,7635
2025-01-24T01:06:31.000000+00:00,236.7,50.1,236.7,50.1,228.9,50.1,4.8,1100.0,870.0,79.0,37.0,83.9,100.0,7635
2025-01-24T01:07:31.000000+00:00,236.8,50.1,236.8,50.1,228.9,50.1,4.8,1100.0,870.0,79.0,37.0,83.9,100.0,7635
2025-01-24T01:08:31.000000+00:00,235.9,50.0,236.4,50.0,228.9,50.0,4.8,1100.0,870.0,79.0,37.0,84.0,100.0,7635
2025-01-24T01:09:31.000000+00:00,236.1,50.0,236.7,50.0,228.9,50.0,4.9,1110.0,890.0,80.0,37.0,83.9,100.0,7635
2025-01-24T01:10:31.000000+00:00,237.0,50.1,237.0,50.1,228.9,50.1,4.9,1120.0,900.0,80.0,37.0,84.0,100.0,7635
2025-01-24T01:11:31.000000+00:00,236.1,50.1,236.1,50.1,228.9,50.1,4.8,1100.0,870.0,79.0,37.0,83.9,100.0,7635
2025-01-24T01:12:31.000000+00:00,236.4,50.1,236.4,50.1,228.9,50.1,4.9,1120.0,910.0,81.0,38.0,83.9,100.0,7635
2025-01-24T01:13:31.000000+00:00,236.7,50.0,236.7,50.0,228.9,50.0,4.9,1120.0,900.0,80.0,37.0,84.0,100.0,7538
2025-01-24T01:14:31.000000+00:00,237.2,50.1,237.5,50.1,228.9,50.1,4.8,1110.0,880.0,79.0,37.0,84.0,100.0,7538
2025-01-24T01:15:31.000000+00:00,235.6,50.0,236.1,50.0,228.9,50.0,4.8,1110.0,880.0,79.0,37.0,83.9,100.0,7538
2025-01-24T01:16:31.000000+00:00,237.3,50.1,236.2,50.1,228.9,50.1,4.8,1100.0,880.0,80.0,37.0,83.9,100.0,7538
2025-01-24T01:17:31.000000+00:00,236.8,50.0,236.8,50.0,228.9,50.0,4.8,1100.0,870.0,79.0,37.0,84.0,100.0,7538
2025-01-24T01:18:31.000000+00:00,236.6,50.1,237.6,50.1,228.9,50.1,4.8,1090.0,870.0,80.0,37.0,83.9,100.0,7538
2025-01-24T01:19:31.000000+00:00,237.4,50.1,237.4,50.1,228.9,50.1,4.9,1110.0,900.0,81.0,37.0,83.9,100.0,7538
2025-01-24T01:20:31.000000+00:00,237.0,50.1,237.6,50.1,228.9,50.1,4.8,1100.0,880.0,80.0,37.0,83.9,100.0,7538
2025-01-24T01:21:31.000000+00:00,236.6,50.1,236.6,50.1,228.9,50.1,4.8,1100.0,870.0,79.0,37.0,83.9,100.0,7538
2025-01-24T01:22:31.000000+00:00,236.3,50.1,236.1,50.1,228.9,50.1,4.8,1100.0,870.0,79.0,37.0,84.0,100.0,7538
2025-01-24T01:23:31.000000+00:00,236.6,50.1,237.3,50.1,228.9,50.1,4.8,1100.0,890.0,81.0,37.0,84.0,100.0,7538
2025-01-24T01:24:31.000000+00:00,235.8,50.0,236.8,50.0,228.9,50.0,4.8,1100.0,870.0,79.0,37.0,83.9,100.0,7538
2025-01-24T01:25:31.000000+00:00,237.3,50.2,236.4,50.2,228.9,50.2,4.8,1090.0,870.0,80.0,36.0,83.9,100.0,7538
2025-01-24T01:26:31.000000+00:00,237.3,50.1,236.6,50.1,228.9,50.1,4.8,1100.0,870.0,79.0,37.0,84.0,100.0,7538
2025-01-24T01:27:32.000000+00:00,236.9,50.1,236.9,50.1,228.9,50.1,4.8,1100.0,880.0,80.0,37.0,84.0,100.0,7538
2025-01-24T01:28:32.000000+00:00,238.0,50.1,237.9,50.1,228.9,50.1,4.8,1100.0,870.0,79.0,37.0,83.9,100.0,7538
2025-01-24T01:29:32.000000+00:00,238.2,50.1,238.2,50.1,228.9,50.1,4.9,1110.0,890.0,80.0,37.0,83.9,100.0,7538
2025-01-24T01:30:32.000000+00:00,238.7,50.1,238.1,50.1,228.9,50.1,4.8,1110.0,880.0,79.0,37.0,83.9,100.0,7538
2025-01-24T01:31:32.000000+00:00,238.0,50.1,238.3,50.1,228.9,50.1,4.9,1120.0,890.0,79.0,37.0,84.0,100.0,7538
2025-01-24T01:32:32.000000+00:00,238.3,50.1,237.9,50.1,228.9,50.1,4.8,1110.0,890.0,80.0,37.0,83.9,100.0,7538
2025-01-24T01:33:32.000000+00:00,237.9,50.1,237.1,50.1,228.9,50.1,4.8,1100.0,880.0,80.0,37.0,83.9,100.0,7538
2025-01-24T01:34:32.000000+00:00,237.5,50.1,237.6,50.1,228.9,50.1,4.8,1100.0,870.0,79.0,37.0,83.9,100.0,7538
2025-01-24T01:35:32.000000+00:00,237.0,50.1,237.0,50.1,228.9,50.1,4.8,1100.0,880.0,80.0,37.0,83.9,100.0,7538
2025-01-24T01:36:32.000000+00:00,236.6,50.1,237.0,50.1,228.9,50.1,4.8,1100.0,870.0,79.0,37.0,83.9,100.0,7538
2025-01-24T01:37:32.000000+00:00,236.4,50.1,237.5,50.1,228.9,50.1,4.8,1100.0,870.0,79.0,37.0,83.9,100.0,7538
2025-01-24T01:38:32.000000+00:00,237.0,50.1,237.1,50.1,228.9,50.1,4.8,1110.0,890.0,80.0,37.0,83.9,100.0,7538
2025-01-24T01:39:32.000000+00:00,237.2,50.1,237.1,50.1,228.9,50.1,4.8,1100.0,870.0,79.0,37.0,84.0,100.0,7538
2025-01-24T01:40:32.000000+00:00,236.9,50.0,237.2,50.0,228.9,50.0,4.8,1110.0,880.0,79.0,37.0,83.9,100.0,7538
2025-01-24T01:41:32.000000+00:00,237.4,50.1,237.2,50.1,228.9,50.1,4.9,1110.0,900.0,81.0,37.0,83.9,100.0,7538
2025-01-24T01:42:32.000000+00:00,237.4,50.1,236.5,50.1,228.9,50.0,4.8,1110.0,880.0,79.0,37.0,84.0,100.0,7538
2025-01-24T01:43:32.000000+00:00,236.5,50.1,237.5,50.1,228.9,50.1,4.8,1100.0,870.0,79.0,37.0,83.9,100.0,7538
2025-01-24T01:44:32.000000+00:00,236.1,50.0,237.1,50.0,228.9,50.0,4.8,1100.0,870.0,79.0,37.0,84.0,100.0,7538
2025-01-24T01:45:32.000000+00:00,236.7,50.0,236.7,50.0,228.9,50.0,4.8,1100.0,870.0,79.0,37.0,83.9,100.0,7538
2025-01-24T01:46:32.000000+00:00,237.0,50.1,236.4,50.1,228.9,50.1,4.8,1100.0,870.0,79.0,37.0,84.0,100.0,7538
2025-01-24T01:47:32.000000+00:00,236.2,50.0,237.1,50.0,228.9,50.0,4.8,1100.0,870.0,79.0,37.0,83.9,100.0,7538
2025-01-24T01:48:32.000000+00:00,235.9,50.0,235.9,50.0,228.9,50.0,4.8,1100.0,870.0,79.0,37.0,84.0,100.0,7538
2025-01-24T01:49:32.000000+00:00,237.0,50.0,237.0,50.0,228.9,50.0,4.8,1100.0,870.0,79.0,36.0,83.9,100.0,7538
2025-01-24T01:50:32.000000+00:00,236.3,50.0,235.7,50.0,228.9,50.0,4.9,1120.0,900.0,80.0,38.0,83.9,100.0,7538
2025-01-24T01:51:32.000000+00:00,235.9,50.0,235.9,50.0,228.9,50.0,4.9,1120.0,900.0,80.0,37.0,84.0,100.0,7635
2025-01-24T01:52:32.000000+00:00,235.1,49.9,235.1,49.9,228.9,49.9,4.9,1120.0,900.0,80.0,37.0,84.0,100.0,7259
2025-01-24T01:53:32.000000+00:00,238.6,49.9,237.5,49.9,228.9,49.9,4.9,1110.0,880.0,79.0,37.0,84.0,100.0,7635
2025-01-24T01:54:32.000000+00:00,239.0,50.0,238.9,50.0,228.9,50.0,4.8,1110.0,880.0,79.0,37.0,84.0,100.0,7635
2025-01-24T01:55:32.000000+00:00,238.8,50.0,238.8,50.0,228.9,50.0,4.8,1100.0,880.0,80.0,37.0,83.9,100.0,7635
2025-01-24T01:56:32.000000+00:00,238.6,49.9,238.6,49.9,228.9,49.9,4.8,1100.0,870.0,79.0,37.0,84.0,100.0,7538
2025-01-24T01:57:32.000000+00:00,238.4,49.9,237.9,49.9,228.9,49.9,4.9,1110.0,890.0,80.0,37.0,84.0,100.0,7538
2025-01-24T01:58:32.000000+00:00,239.2,50.1,239.2,50.1,228.9,50.1,4.8,1110.0,890.0,80.0,37.0,84.0,100.0,7538
2025-01-24T01:59:32.000000+00:00,238.6,50.0,238.6,50.0,228.9,50.0,4.7,1090.0,860.0,79.0,37.0,84.0,100.0,7538
2025-01-24T02:00:32.000000+00:00,238.9,50.1,239.0,50.1,228.9,50.1,4.9,1110.0,890.0,80.0,37.0,84.0,100.0,7538
2025-01-24T02:01:32.000000+00:00,238.3,50.0,237.7,50.0,228.9,50.0,4.9,1120.0,890.0,79.0,37.0,84.0,100.0,7538
2025-01-24T02:02:32.000000+00:00,237.7,49.8,237.3,49.8,228.9,49.8,4.9,1120.0,890.0,79.0,37.0,84.0,100.0,7538
2025-01-24T02:03:32.000000+00:00,235.7,49.8,235.7,49.8,228.9,49.8,4.8,1110.0,870.0,78.0,37.0,84.0,100.0,7538
2025-01-24T02:04:32.000000+00:00,235.1,49.7,235.1,49.7,228.9,49.7,4.9,1110.0,880.0,79.0,37.0,84.0,100.0,7170
2025-01-24T02:05:32.000000+00:00,235.8,50.0,235.8,50.0,228.9,50.0,4.9,1120.0,890.0,79.0,37.0,84.0,100.0,7538
2025-01-24T02:06:32.000000+00:00,235.1,49.9,235.1,49.9,228.9,49.9,4.8,1110.0,880.0,79.0,37.0,84.0,100.0,7538
2025-01-24T02:07:32.000000+00:00,238.0,49.8,237.4,49.8,228.9,49.8,4.9,1120.0,880.0,79.0,37.0,84.0,100.0,7538
2025-01-24T02:08:32.000000+00:00,237.8,49.9,238.8,49.9,228.9,50.0,4.8,1110.0,880.0,79.0,37.0,84.0,100.0,7538
2025-01-24T02:09:32.000000+00:00,237.4,49.8,236.9,49.8,228.9,49.8,4.9,1130.0,900.0,80.0,37.0,84.0,100.0,7538
2025-01-24T02:10:32.000000+00:00,236.7,49.9,237.8,49.9,228.9,49.9,4.9,1120.0,900.0,80.0,37.0,84.0,100.0,7538
2025-01-24T02:11:32.000000+00:00,236.2,49.9,236.1,49.9,228.9,49.9,4.9,1130.0,900.0,80.0,38.0,84.0,100.0,7538
2025-01-24T02:12:32.000000+00:00,236.3,50.0,236.9,50.0,228.9,50.0,4.8,1100.0,870.0,79.0,37.0,84.0,100.0,7538
2025-01-24T02:13:32.000000+00:00,236.4,50.0,236.4,50.0,228.9,50.0,4.9,1120.0,890.0,79.0,37.0,84.0,100.0,7538
2025-01-24T02:14:32.000000+00:00,236.3,50.0,235.9,50.0,228.9,50.0,4.8,1110.0,880.0,79.0,37.0,84.0,100.0,7538
2025-01-24T02:15:32.000000+00:00,237.3,50.1,237.3,50.1,228.9,50.1,4.8,1100.0,880.0,80.0,37.0,84.0,100.0,7538
2025-01-24T02:16:32.000000+00:00,237.8,50.3,237.9,50.3,228.9,50.3,4.8,1090.0,870.0,80.0,36.0,84.0,100.0,7538
2025-01-24T02:17:32.000000+00:00,237.9,50.2,237.5,50.2,228.9,50.2,4.8,1090.0,870.0,80.0,36.0,84.0,100.0,7538
2025-01-24T02:18:32.000000+00:00,237.3,50.1,237.3,50.1,228.9,50.1,4.8,1100.0,870.0,79.0,37.0,84.0,100.0,7538
2025-01-24T02:19:32.000000+00:00,237.2,50.1,237.2,50.1,228.9,50.1,4.8,1110.0,890.0,80.0,37.0,84.0,100.0,7538
2025-01-24T02:20:32.000000+00:00,237.1,50.1,237.1,50.1,228.9,50.1,4.8,1100.0,870.0,79.0,38.0,84.0,100.0,7538
2025-01-24T02:21:32.000000+00:00,235.7,50.0,236.2,50.0,228.9,50.0,4.8,1100.0,870.0,79.0,37.0,84.0,100.0,7538
2025-01-24T02:22:32.000000+00:00,236.4,50.1,235.6,50.1,228.9,50.1,4.9,1120.0,900.0,80.0,37.0,84.0,100.0,7538
2025-01-24T02:23:32.000000+00:00,236.9,50.1,235.9,50.1,228.9,50.1,4.8,1100.0,880.0,80.0,37.0,84.0,100.0,7538
2025-01-24T02:24:32.000000+00:00,236.3,50.1,236.3,50.1,228.9,50.1,4.8,1100.0,880.0,80.0,36.0,84.0,100.0,7538
2025-01-24T02:25:32.000000+00:00,236.3,50.1,236.3,50.1,228.9,50.1,4.8,1100.0,870.0,79.0,37.0,84.0,100.0,7538
2025-01-24T02:26:32.000000+00:00,235.2,50.0,235.2,50.0,228.9,50.0,4.8,1100.0,870.0,79.0,37.0,84.0,100.0,7538
2025-01-24T02:27:32.000000+00:00,234.3,49.9,235.2,49.9,228.9,49.9,4.8,1110.0,880.0,79.0,37.0,84.0,100.0,7538
2025-01-24T02:28:32.000000+00:00,238.0,49.9,237.7,49.9,228.9,49.9,4.9,1120.0,890.0,79.0,37.0,84.0,100.0,7538
2025-01-24T02:29:32.000000+00:00,238.9,50.1,238.0,50.1,228.9,50.1,4.9,1110.0,900.0,81.0,37.0,84.0,100.0,7538
2025-01-24T02:30:32.000000+00:00,238.4,50.0,238.4,50.0,228.9,50.0,4.8,1100.0,880.0,80.0,37.0,84.0,100.0,7538
2025-01-24T02:31:32.000000+00:00,237.5,49.9,237.5,49.9,228.9,49.9,4.9,1120.0,900.0,80.0,37.0,84.0,100.0,7538
2025-01-24T02:32:32.000000+00:00,237.7,50.0,237.3,50.0,228.9,50.0,4.9,1120.0,900.0,80.0,37.0,84.0,100.0,7538
2025-01-24T02:33:32.000000+00:00,237.5,50.1,237.5,50.1,228.9,50.1,4.8,1110.0,890.0,80.0,37.0,84.0,100.0,7538
2025-01-24T02:34:32.000000+00:00,237.0,50.1,237.0,50.1,228.9,50.1,4.8,1100.0,870.0,79.0,37.0,84.0,100.0,7538
2025-01-24T02:35:32.000000+00:00,236.5,50.1,237.0,50.1,228.9,50.1,4.8,1100.0,890.0,81.0,37.0,84.0,100.0,7538
2025-01-24T02:36:32.000000+00:00,237.2,50.1,237.3,50.1,228.9,50.1,4.8,1100.0,870.0,79.0,37.0,84.0,100.0,7538
2025-01-24T02:37:32.000000+00:00,236.5,50.2,236.5,50.2,228.9,50.2,4.8,1090.0,870.0,80.0,37.0,84.0,100.0,7538
2025-01-24T02:38:32.000000+00:00,237.6,50.2,237.0,50.2,228.9,50.3,4.8,1090.0,870.0,80.0,37.0,84.0,100.0,7538
2025-01-24T02:39:33.000000+00:00,236.7,50.1,236.7,50.1,228.9,50.1,4.8,1100.0,870.0,79.0,37.0,84.0,100.0,7538
2025-01-24T02:40:33.000000+00:00,235.8,50.2,235.4,50.2,228.9,50.2,4.8,1100.0,880.0,80.0,37.0,84.0,100.0,7538
2025-01-24T02:41:33.000000+00:00,235.1,50.2,235.8,50.2,228.9,50.2,4.8,1110.0,890.0,80.0,37.0,84.0,100.0,7538
2025-01-24T02:42:33.000000+00:00,235.4,50.1,235.4,50.1,228.9,50.1,4.9,1120.0,900.0,80.0,37.0,84.0,100.0,7538
2025-01-24T02:43:33.000000+00:00,234.7,50.2,234.7,50.2,228.9,50.2,4.8,1090.0,870.0,80.0,37.0,84.0,100.0,7538
2025-01-24T02:44:33.000000+00:00,235.6,50.3,236.0,50.3,228.9,50.3,4.8,1090.0,870.0,80.0,36.0,84.0,100.0,7538
2025-01-24T02:45:33.000000+00:00,235.3,50.3,234.8,50.3,228.9,50.3,4.8,1100.0,880.0,80.0,37.0,84.0,100.0,7538
2025-01-24T02:46:33.000000+00:00,237.9,50.2,237.9,50.2,228.9,50.2,4.8,1100.0,880.0,80.0,37.0,84.0,100.0,7538
2025-01-24T02:47:33.000000+00:00,237.3,50.2,237.3,50.2,228.9,50.2,4.8,1090.0,870.0,80.0,36.0,84.0,100.0,7538
2025-01-24T02:48:33.000000+00:00,237.7,50.2,237.8,50.2,228.9,50.2,4.8,1100.0,880.0,80.0,36.0,84.0,100.0,7538
2025-01-24T02:49:33.000000+00:00,238.2,50.2,238.2,50.2,228.9,50.2,4.8,1090.0,870.0,80.0,36.0,84.0,100.0,7538
2025-01-24T02:50:33.000000+00:00,237.1,50.3,237.1,50.3,228.9,50.2,4.9,1120.0,910.0,81.0,37.0,84.0,100.0,7538
2025-01-24T02:51:33.000000+00:00,235.9,50.2,235.9,50.2,228.9,50.2,4.9,1120.0,900.0,80.0,36.0,84.0,100.0,7538
2025-01-24T02:52:33.000000+00:00,236.0,50.2,236.0,50.2,228.9,50.2,4.8,1090.0,880.0,81.0,36.0,84.0,100.0,7538
2025-01-24T02:53:33.000000+00:00,235.7,50.1,235.7,50.1,228.9,50.1,4.8,1100.0,870.0,79.0,36.0,84.0,100.0,7538
2025-01-24T02:54:33.000000+00:00,234.9,50.2,234.9,50.2,228.9,50.2,4.8,1100.0,880.0,80.0,36.0,84.0,100.0,7538
2025-01-24T02:55:33.000000+00:00,233.8,50.2,233.8,50.2,228.9,50.2,4.8,1090.0,870.0,80.0,36.0,84.0,100.0,7538
2025-01-24T02:56:33.000000+00:00,239.3,50.2,239.1,50.2,228.9,50.2,4.8,1100.0,880.0,80.0,37.0,84.0,100.0,7538
2025-01-24T02:57:33.000000+00:00,239.8,50.3,239.8,50.3,228.9,50.3,4.8,1100.0,890.0,81.0,37.0,84.0,100.0,7538
2025-01-24T02:58:33.000000+00:00,240.5,50.2,240.5,50.2,228.9,50.2,4.9,1120.0,910.0,81.0,37.0,84.0,100.0,7538
2025-01-24T02:59:33.000000+00:00,240.6,50.2,240.1,50.2,228.9,50.1,4.7,1080.0,860.0,80.0,37.0,84.0,100.0,7538
2025-01-24T03:00:33.000000+00:00,240.1,50.2,240.1,50.2,228.9,50.2,4.8,1110.0,890.0,80.0,37.0,84.0,100.0,7538
2025-01-24T03:01:33.000000+00:00,239.1,50.3,239.1,50.3,228.9,50.3,4.8,1100.0,890.0,81.0,37.0,84.0,100.0,7538
2025-01-24T03:02:33.000000+00:00,239.3,50.3,239.3,50.3,228.9,50.3,4.8,1100.0,890.0,81.0,37.0,84.0,100.0,7538
2025-01-24T03:03:33.000000+00:00,238.8,50.3,239.3,50.3,228.9,50.3,4.8,1090.0,870.0,80.0,36.0,84.0,100.0,7538
2025-01-24T03:04:33.000000+00:00,238.1,50.2,237.6,50.2,228.9,50.2,4.8,1090.0,870.0,80.0,36.0,84.0,100.0,7538
2025-01-24T03:05:33.000000+00:00,236.8,50.1,237.3,50.1,228.9,50.1,4.8,1110.0,890.0,80.0,37.0,84.0,100.0,7538
2025-01-24T03:06:33.000000+00:00,235.8,50.2,236.3,50.2,228.9,50.2,4.8,1100.0,880.0,80.0,37.0,84.0,100.0,7538
2025-01-24T03:07:33.000000+00:00,235.8,50.1,235.7,50.1,228.9,50.1,4.8,1100.0,870.0,79.0,37.0,84.0,100.0,7538
2025-01-24T03:08:33.000000+00:00,235.8,50.1,235.8,50.1,228.9,50.1,4.8,1100.0,870.0,79.0,37.0,84.0,100.0,7538
2025-01-24T03:09:33.000000+00:00,234.9,50.1,234.8,50.1,228.9,50.1,4.8,1100.0,880.0,80.0,37.0,84.1,100.0,7538
2025-01-24T03:10:33.000000+00:00,234.7,50.1,234.6,50.1,228.9,50.1,4.9,1120.0,910.0,81.0,37.0,84.1,100.0,7538
2025-01-24T03:11:33.000000+00:00,234.1,50.1,234.1,50.1,228.9,50.1,4.9,1120.0,910.0,81.0,37.0,84.0,100.0,7538
2025-01-24T03:12:33.000000+00:00,236.4,50.1,236.4,50.1,228.9,50.1,4.9,1110.0,890.0,80.0,37.0,84.0,100.0,7538
2025-01-24T03:13:33.000000+00:00,237.8,50.1,237.3,50.1,228.9,50.1,4.8,1100.0,880.0,80.0,37.0,84.1,100.0,7538
2025-01-24T03:14:33.000000+00:00,237.2,50.1,236.8,50.1,228.9,50.1,4.8,1100.0,880.0,80.0,37.0,84.0,100.0,7538
2025-01-24T03:15:33.000000+00:00,237.4,50.1,237.4,50.1,228.9,50.1,4.8,1100.0,880.0,80.0,37.0,84.0,100.0,7538
2025-01-24T03:16:33.000000+00:00,237.0,50.0,237.4,50.0,228.9,50.0,4.8,1110.0,880.0,79.0,37.0,84.0,100.0,7538
2025-01-24T03:17:33.000000+00:00,236.2,49.9,236.2,49.9,228.9,49.9,4.9,1110.0,880.0,79.0,37.0,84.0,100.0,7538
2025-01-24T03:18:33.000000+00:00,236.7,49.9,235.9,49.9,228.9,49.9,4.9,1120.0,890.0,79.0,37.0,84.1,100.0,7538
2025-01-24T03:19:33.000000+00:00,236.5,50.1,236.4,50.1,228.9,50.1,4.8,1100.0,880.0,80.0,37.0,84.0,100.0,7538
2025-01-24T03:20:33.000000+00:00,236.4,50.0,236.4,50.0,228.9,50.0,4.9,1120.0,890.0,79.0,38.0,84.1,100.0,7538
2025-01-24T03:21:33.000000+00:00,237.4,50.1,237.4,50.1,228.9,50.1,4.9,1120.0,900.0,80.0,37.0,84.0,100.0,7538
2025-01-24T03:22:33.000000+00:00,236.3,50.1,236.7,50.1,228.9,50.1,4.8,1110.0,880.0,79.0,37.0,84.0,100.0,7538
2025-01-24T03:23:33.000000+00:00,236.3,50.1,236.3,50.1,228.9,50.1,4.8,1100.0,880.0,80.0,37.0,84.0,100.0,7538
2025-01-24T03:24:33.000000+00:00,236.3,50.1,236.3,50.1,228.9,50.1,4.8,1090.0,870.0,80.0,37.0,84.0,100.0,7538
2025-01-24T03:25:33.000000+00:00,237.3,50.2,237.3,50.2,228.9,50.2,4.7,1080.0,850.0,79.0,36.0,84.1,100.0,7538
2025-01-24T03:26:33.000000+00:00,237.6,50.2,238.0,50.2,228.9,50.2,4.8,1090.0,870.0,80.0,37.0,84.0,100.0,7538
2025-01-24T03:27:33.000000+00:00,238.6,50.2,238.8,50.2,228.9,50.2,4.8,1090.0,870.0,80.0,36.0,84.1,100.0,7538
2025-01-24T03:28:33.000000+00:00,238.0,50.2,238.9,50.2,228.9,50.2,4.8,1100.0,880.0,80.0,37.0,84.0,100.0,7538
2025-01-24T03:29:33.000000+00:00,238.1,50.1,238.1,50.1,228.9,50.1,4.8,1100.0,880.0,80.0,37.0,84.1,100.0,7538
2025-01-24T03:30:33.000000+00:00,238.9,50.2,238.9,50.2,228.9,50.2,4.9,1110.0,900.0,81.0,37.0,84.0,100.0,7538
2025-01-24T03:31:33.000000+00:00,238.2,50.1,238.2,50.1,228.9,50.1,4.8,1100.0,870.0,79.0,37.0,84.1,100.0,7538
2025-01-24T03:32:33.000000+00:00,237.8,50.2,237.8,50.1,229.0,50.2,4.8,1100.0,880.0,80.0,37.0,84.1,100.0,7538
2025-01-24T03:33:33.000000+00:00,238.3,50.2,237.0,50.2,228.9,50.2,4.8,1090.0,870.0,80.0,37.0,84.1,100.0,7538
2025-01-24T03:34:33.000000+00:00,237.5,50.1,237.5,50.1,228.9,50.1,4.8,1090.0,870.0,80.0,37.0,84.1,100.0,7538
2025-01-24T03:35:33.000000+00:00,237.5,50.2,237.5,50.2,228.9,50.2,4.7,1090.0,860.0,79.0,36.0,84.1,100.0,7538
2025-01-24T03:36:33.000000+00:00,236.7,50.3,236.7,50.3,229.0,50.3,4.8,1100.0,880.0,80.0,37.0,84.0,100.0,7538
2025-01-24T03:37:33.000000+00:00,236.9,50.2,236.9,50.2,228.9,50.2,4.8,1100.0,880.0,80.0,37.0,84.1,100.0,7538
2025-01-24T03:38:33.000000+00:00,235.7,50.2,236.6,50.2,228.9,50.2,4.8,1100.0,880.0,80.0,36.0,84.1,100.0,7538
2025-01-24T03:39:33.000000+00:00,237.4,50.2,236.5,50.2,228.9,50.2,4.8,1100.0,870.0,79.0,37.0,84.1,100.0,7538
2025-01-24T03:40:33.000000+00:00,237.5,50.3,238.1,50.3,228.9,50.2,4.8,1100.0,870.0,79.0,37.0,84.1,100.0,7538
2025-01-24T03:41:34.000000+00:00,236.5,50.2,236.8,50.2,228.9,50.2,4.8,1110.0,890.0,80.0,37.0,84.1,100.0,7538
2025-01-24T03:42:34.000000+00:00,236.6,50.2,236.6,50.2,228.9,50.2,4.9,1120.0,900.0,80.0,36.0,84.1,100.0,7538
2025-01-24T03:43:34.000000+00:00,235.8,50.2,235.8,50.2,228.9,50.2,4.8,1100.0,880.0,80.0,36.0,84.1,100.0,7538
2025-01-24T03:44:34.000000+00:00,238.2,50.1,237.7,50.1,228.9,50.1,4.8,1100.0,880.0,80.0,37.0,84.1,100.0,7538
2025-01-24T03:45:34.000000+00:00,237.7,50.2,237.7,50.2,228.9,50.2,4.8,1100.0,880.0,80.0,37.0,84.1,100.0,7538
2025-01-24T03:46:34.000000+00:00,239.6,50.2,239.6,50.2,228.9,50.2,4.8,1100.0,880.0,80.0,36.0,84.1,100.0,7538
2025-01-24T03:47:34.000000+00:00,238.9,50.1,238.9,50.1,228.9,50.1,4.9,1120.0,900.0,80.0,37.0,84.1,100.0,7538
2025-01-24T03:48:34.000000+00:00,238.8,50.1,238.6,50.1,228.9,50.1,4.8,1100.0,870.0,79.0,37.0,84.1,100.0,7538
2025-01-24T03:49:34.000000+00:00,238.8,50.2,239.6,50.2,228.9,50.2,4.8,1090.0,870.0,80.0,37.0,84.1,100.0,7538
2025-01-24T03:50:34.000000+00:00,238.5,50.1,239.3,50.1,228.9,50.1,4.9,1120.0,900.0,80.0,38.0,84.1,100.0,7538
2025-01-24T03:51:34.000000+00:00,238.9,50.2,238.9,50.2,228.9,50.2,4.9,1120.0,910.0,81.0,37.0,84.1,100.0,7259
2025-01-24T03:52:34.000000+00:00,239.8,50.1,239.9,50.1,228.9,50.1,4.8,1100.0,870.0,79.0,37.0,84.1,100.0,7635
2025-01-24T03:53:34.000000+00:00,240.3,50.2,240.2,50.2,228.9,50.2,4.8,1100.0,870.0,79.0,37.0,84.1,100.0,7635
2025-01-24T03:54:34.000000+00:00,239.2,50.1,238.7,50.1,228.9,50.1,4.8,1100.0,880.0,80.0,37.0,84.0,100.0,7259
2025-01-24T03:55:34.000000+00:00,239.1,50.1,239.1,50.1,228.9,50.1,4.8,1100.0,880.0,80.0,37.0,84.1,100.0,7635
2025-01-24T03:56:34.000000+00:00,239.3,50.0,239.4,50.0,228.9,50.0,4.8,1100.0,880.0,80.0,37.0,84.1,100.0,7635
2025-01-24T03:57:34.000000+00:00,238.0,50.0,238.0,50.0,228.9,50.0,4.9,1120.0,900.0,80.0,37.0,84.1,100.0,7635
2025-01-24T03:58:34.000000+00:00,239.2,50.1,239.2,50.1,228.9,50.1,4.8,1100.0,880.0,80.0,37.0,84.1,100.0,7635
2025-01-24T03:59:34.000000+00:00,238.8,50.2,238.8,50.2,228.9,50.2,4.8,1110.0,890.0,80.0,37.0,84.1,100.0,7635
2025-01-24T04:00:34.000000+00:00,237.8,50.2,238.5,50.2,228.9,50.2,4.8,1110.0,890.0,80.0,37.0,84.1,100.0,7635
2025-01-24T04:01:34.000000+00:00,238.4,50.2,238.4,50.2,228.9,50.2,4.9,1110.0,900.0,81.0,37.0,84.1,100.0,7635
2025-01-24T04:02:34.000000+00:00,238.3,50.2,238.3,50.2,228.9,50.2,4.8,1100.0,880.0,80.0,37.0,84.1,100.0,7635
2025-01-24T04:03:34.000000+00:00,238.7,50.2,238.3,50.2,228.9,50.2,4.8,1100.0,880.0,80.0,36.0,84.1,100.0,7259
2025-01-24T04:04:34.000000+00:00,237.0,50.2,237.6,50.2,228.9,50.2,4.8,1090.0,870.0,80.0,37.0,84.1,100.0,7259
2025-01-24T04:05:34.000000+00:00,237.7,50.1,237.7,50.1,228.9,50.1,4.8,1110.0,890.0,80.0,37.0,84.1,100.0,7635
2025-01-24T04:06:34.000000+00:00,237.3,50.1,237.4,50.1,228.9,50.1,4.9,1110.0,890.0,80.0,37.0,84.1,100.0,7635
2025-01-24T04:07:34.000000+00:00,236.3,50.1,236.4,50.1,228.9,50.1,4.8,1100.0,870.0,79.0,37.0,84.1,100.0,7635
2025-01-24T04:08:34.000000+00:00,237.0,50.1,236.7,50.1,228.9,50.1,4.9,1120.0,900.0,80.0,37.0,84.1,100.0,7635
2025-01-24T04:09:34.000000+00:00,236.4,50.1,236.9,50.1,228.9,50.1,4.8,1100.0,880.0,80.0,37.0,84.1,100.0,7635
2025-01-24T04:10:34.000000+00:00,236.3,50.1,236.6,50.1,228.9,50.1,4.9,1120.0,900.0,80.0,37.0,84.1,100.0,7635
2025-01-24T04:11:34.000000+00:00,235.9,50.0,236.7,50.0,228.9,50.0,4.8,1110.0,880.0,79.0,37.0,84.1,100.0,7635
2025-01-24T04:12:34.000000+00:00,236.2,50.1,236.7,50.1,228.9,50.1,4.9,1130.0,910.0,81.0,37.0,84.1,100.0,7170
2025-01-24T04:13:34.000000+00:00,235.3,50.0,235.8,50.0,228.9,50.0,4.8,1100.0,880.0,80.0,37.0,84.1,100.0,7635
2025-01-24T04:14:34.000000+00:00,235.0,50.0,235.0,50.0,228.9,50.0,4.8,1090.0,860.0,79.0,36.0,84.1,100.0,7635
2025-01-24T04:15:34.000000+00:00,235.0,50.0,235.3,50.0,228.9,50.1,4.8,1100.0,880.0,80.0,37.0,84.1,100.0,7635
2025-01-24T04:16:34.000000+00:00,236.3,50.1,236.8,50.1,228.9,50.1,4.8,1090.0,860.0,79.0,36.0,84.1,100.0,7635
2025-01-24T04:17:34.000000+00:00,236.3,50.1,236.3,50.1,228.9,50.1,4.8,1100.0,880.0,80.0,37.0,84.1,100.0,7635
2025-01-24T04:18:34.000000+00:00,236.1,50.1,236.1,50.1,228.9,50.1,4.8,1100.0,880.0,80.0,37.0,84.1,100.0,7635
2025-01-24T04:19:34.000000+00:00,236.5,50.2,236.2,50.2,228.9,50.2,4.8,1100.0,880.0,80.0,36.0,84.1,100.0,7635
2025-01-24T04:20:34.000000+00:00,235.1,50.2,234.7,50.2,228.9,50.2,4.9,1110.0,890.0,80.0,37.0,84.1,100.0,7259
2025-01-24T04:21:34.000000+00:00,234.8,50.2,235.1,50.2,228.9,50.2,4.8,1110.0,890.0,80.0,37.0,84.1,100.0,7259
2025-01-24T04:22:34.000000+00:00,235.0,50.2,235.0,50.2,228.9,50.2,4.8,1100.0,880.0,80.0,37.0,84.1,100.0,7259
2025-01-24T04:23:34.000000+00:00,235.8,50.2,235.6,50.2,228.9,50.2,4.8,1090.0,870.0,80.0,37.0,84.1,100.0,7635
2025-01-24T04:24:34.000000+00:00,236.1,50.2,236.1,50.2,228.9,50.2,4.8,1080.0,860.0,80.0,36.0,84.1,100.0,7635
2025-01-24T04:25:34.000000+00:00,234.9,50.2,234.9,50.2,228.9,50.2,4.8,1100.0,880.0,80.0,37.0,84.1,100.0,7635
2025-01-24T04:26:34.000000+00:00,236.1,50.2,236.1,50.2,228.9,50.2,4.8,1090.0,860.0,79.0,36.0,84.1,100.0,7635
2025-01-24T04:27:34.000000+00:00,235.2,50.2,235.5,50.2,228.9,50.2,4.8,1100.0,880.0,80.0,36.0,84.1,100.0,7635
2025-01-24T04:28:34.000000+00:00,235.6,50.2,235.6,50.1,228.9,50.1,4.8,1100.0,870.0,79.0,37.0,84.1,100.0,7635
2025-01-24T04:29:34.000000+00:00,235.8,50.2,236.3,50.2,228.9,50.2,4.8,1100.0,870.0,79.0,37.0,84.1,100.0,7635
2025-01-24T04:30:34.000000+00:00,236.1,50.2,236.1,50.2,228.9,50.2,4.8,1110.0,890.0,80.0,37.0,84.1,100.0,7635
2025-01-24T04:31:34.000000+00:00,234.9,50.3,235.1,50.3,228.9,50.3,4.9,1110.0,900.0,81.0,37.0,84.1,100.0,7538
2025-01-24T04:32:35.000000+00:00,235.3,50.2,235.4,50.2,228.9,50.2,4.8,1100.0,880.0,80.0,36.0,84.1,100.0,7538
2025-01-24T04:33:35.000000+00:00,235.3,50.2,235.3,50.2,228.9,50.2,4.8,1100.0,870.0,79.0,36.0,84.1,100.0,7538
2025-01-24T04:34:35.000000+00:00,235.0,50.1,236.0,50.1,228.9,50.1,4.8,1090.0,860.0,79.0,36.0,84.1,100.0,7538
2025-01-24T04:35:35.000000+00:00,235.8,50.1,235.8,50.1,228.9,50.1,4.8,1110.0,890.0,80.0,37.0,84.0,100.0,7538
2025-01-24T04:36:35.000000+00:00,235.8,50.1,236.3,50.1,228.9,50.1,4.8,1090.0,860.0,79.0,37.0,84.1,100.0,7538
2025-01-24T04:37:35.000000+00:00,234.8,50.0,235.7,50.0,228.9,50.0,4.8,1110.0,890.0,80.0,37.0,84.1,100.0,7538
2025-01-24T04:38:35.000000+00:00,235.2,50.0,236.1,50.0,228.9,50.0,4.8,1110.0,880.0,79.0,37.0,84.1,100.0,7538
2025-01-24T04:39:35.000000+00:00,235.7,50.1,235.7,50.1,228.9,50.1,4.8,1100.0,880.0,80.0,36.0,84.1,100.0,7538
2025-01-24T04:40:35.000000+00:00,234.6,50.0,234.4,50.0,228.9,50.0,4.9,1120.0,890.0,79.0,37.0,84.0,100.0,7538
2025-01-24T04:41:35.000000+00:00,235.0,50.1,234.9,50.1,228.9,50.1,4.8,1110.0,880.0,79.0,37.0,84.1,100.0,7538
2025-01-24T04:42:35.000000+00:00,234.6,50.1,234.6,50.1,228.9,50.1,4.9,1120.0,900.0,80.0,37.0,84.0,100.0,7170
2025-01-24T04:43:35.000000+00:00,235.1,50.1,235.1,50.1,228.9,50.1,4.8,1110.0,890.0,80.0,37.0,84.0,100.0,7635
2025-01-24T04:44:35.000000+00:00,235.0,50.0,234.7,50.0,228.9,50.0,4.8,1110.0,880.0,79.0,37.0,84.0,100.0,7538
2025-01-24T04:45:35.000000+00:00,234.6,50.1,234.7,50.1,228.9,50.1,4.8,1100.0,880.0,80.0,36.0,84.0,100.0,7538
2025-01-24T04:46:35.000000+00:00,234.7,50.0,234.3,50.1,228.9,50.1,4.8,1100.0,880.0,80.0,37.0,84.0,100.0,7538
2025-01-24T04:47:35.000000+00:00,235.3,50.0,234.5,50.0,228.9,50.0,4.9,1110.0,890.0,80.0,37.0,84.0,100.0,7538
2025-01-24T04:48:35.000000+00:00,234.5,50.0,234.5,50.1,228.9,50.1,4.8,1100.0,880.0,80.0,37.0,84.0,100.0,7635
2025-01-24T04:49:35.000000+00:00,234.7,50.1,234.7,50.1,228.9,50.1,4.8,1090.0,870.0,80.0,37.0,84.1,100.0,7635
2025-01-24T04:50:35.000000+00:00,234.9,50.0,234.9,50.0,228.9,50.0,4.9,1130.0,910.0,81.0,38.0,84.0,100.0,7635
2025-01-24T04:51:35.000000+00:00,234.9,50.1,235.4,50.1,228.9,50.1,4.9,1120.0,900.0,80.0,37.0,84.0,100.0,7635
2025-01-24T04:52:35.000000+00:00,234.9,50.0,234.9,50.0,228.9,50.0,4.8,1110.0,880.0,79.0,37.0,84.0,100.0,7635
2025-01-24T04:53:35.000000+00:00,235.3,50.0,235.3,50.0,228.9,50.0,4.8,1100.0,880.0,80.0,37.0,84.0,100.0,7635
2025-01-24T04:54:35.000000+00:00,235.8,50.0,235.3,50.0,228.9,50.0,4.8,1110.0,880.0,79.0,37.0,84.0,100.0,7635
2025-01-24T04:55:35.000000+00:00,236.0,50.1,236.0,50.1,228.9,50.1,4.7,1080.0,850.0,79.0,36.0,84.0,100.0,7635
2025-01-24T04:56:35.000000+00:00,235.8,50.1,235.9,50.1,228.9,50.1,4.8,1100.0,880.0,80.0,37.0,84.0,100.0,7635
2025-01-24T04:57:35.000000+00:00,235.0,50.2,235.0,50.2,228.9,50.2,4.8,1110.0,890.0,80.0,36.0,84.0,100.0,7635
2025-01-24T04:58:35.000000+00:00,236.0,50.1,235.1,50.1,228.9,50.1,4.8,1110.0,890.0,80.0,37.0,84.0,100.0,7635
2025-01-24T04:59:35.000000+00:00,235.5,50.1,234.7,50.1,228.9,50.1,4.9,1120.0,900.0,80.0,37.0,84.0,100.0,7538
2025-01-24T05:00:35.000000+00:00,234.6,50.1,234.6,50.1,228.9,50.1,4.9,1110.0,890.0,80.0,37.0,84.0,100.0,7538
2025-01-24T05:01:35.000000+00:00,234.5,50.1,234.5,50.1,228.9,50.1,4.8,1100.0,880.0,80.0,37.0,84.1,100.0,7635
2025-01-24T05:02:35.000000+00:00,235.8,50.1,234.9,50.1,228.9,50.1,4.8,1100.0,880.0,80.0,37.0,84.0,100.0,7635
2025-01-24T05:03:35.000000+00:00,234.7,50.1,234.7,50.1,228.9,50.1,4.8,1100.0,880.0,80.0,37.0,84.0,100.0,7259
2025-01-24T05:04:35.000000+00:00,234.3,50.0,234.3,50.0,228.9,50.0,4.8,1110.0,880.0,79.0,37.0,84.0,100.0,7259
2025-01-24T05:05:35.000000+00:00,234.8,49.9,234.8,49.9,228.9,49.9,4.8,1110.0,870.0,78.0,37.0,84.0,100.0,7635
2025-01-24T05:06:35.000000+00:00,234.5,50.0,234.6,50.0,228.9,50.0,4.8,1100.0,870.0,79.0,37.0,84.0,100.0,7635
2025-01-24T05:07:35.000000+00:00,234.5,50.0,233.7,50.0,228.9,50.0,4.8,1100.0,870.0,79.0,37.0,84.0,100.0,7635
2025-01-24T05:08:35.000000+00:00,233.7,49.9,234.1,49.9,228.9,49.9,4.9,1120.0,900.0,80.0,37.0,84.0,100.0,7635
2025-01-24T05:09:35.000000+00:00,233.2,50.0,233.2,50.0,228.9,50.0,4.8,1100.0,870.0,79.0,37.0,84.0,100.0,7635
2025-01-24T05:10:35.000000+00:00,232.6,50.0,232.6,50.0,228.9,50.0,4.8,1110.0,880.0,79.0,38.0,84.0,100.0,7635
2025-01-24T05:11:35.000000+00:00,232.8,49.9,232.9,49.9,228.9,49.9,4.8,1110.0,870.0,78.0,37.0,84.0,100.0,7635
2025-01-24T05:12:35.000000+00:00,233.0,50.1,233.9,50.1,228.9,50.1,4.8,1100.0,870.0,79.0,37.0,84.0,100.0,7259
2025-01-24T05:13:35.000000+00:00,233.1,50.0,233.1,50.0,228.9,50.0,4.8,1110.0,890.0,80.0,37.0,84.0,100.0,7635
2025-01-24T05:14:35.000000+00:00,233.4,49.9,232.5,49.9,228.9,49.9,4.8,1100.0,870.0,79.0,37.0,84.0,100.0,7635
2025-01-24T05:15:35.000000+00:00,234.5,50.2,234.5,50.2,228.9,50.2,4.7,1080.0,850.0,79.0,36.0,84.0,100.0,7635
2025-01-24T05:16:35.000000+00:00,234.6,50.1,234.6,50.1,228.9,50.1,4.8,1090.0,870.0,80.0,37.0,84.0,100.0,7635
2025-01-24T05:17:35.000000+00:00,233.5,50.2,233.5,50.2,228.9,50.2,4.8,1090.0,870.0,80.0,36.0,84.0,100.0,7635
2025-01-24T05:18:35.000000+00:00,233.2,50.1,233.3,50.1,228.9,50.1,4.8,1090.0,870.0,80.0,37.0,84.0,100.0,7635
2025-01-24T05:19:35.000000+00:00,233.4,50.1,233.4,50.1,228.9,50.1,4.8,1100.0,870.0,79.0,37.0,84.0,100.0,7635
2025-01-24T05:20:35.000000+00:00,233.1,50.3,233.5,50.3,228.9,50.3,4.8,1100.0,890.0,81.0,36.0,84.0,100.0,7635
2025-01-24T05:21:35.000000+00:00,233.7,50.3,233.7,50.3,228.9,50.3,4.8,1090.0,870.0,80.0,36.0,84.0,100.0,7635
2025-01-24T05:22:35.000000+00:00,233.0,50.3,233.0,50.3,228.9,50.3,4.8,1090.0,870.0,80.0,36.0,84.0,100.0,7635
2025-01-24T05:23:35.000000+00:00,232.0,50.3,232.6,50.3,228.9,50.3,4.8,1090.0,880.0,81.0,36.0,84.0,100.0,7635
2025-01-24T05:24:35.000000+00:00,233.4,50.3,233.4,50.3,228.9,50.3,4.8,1100.0,880.0,80.0,36.0,84.0,100.0,7635
2025-01-24T05:25:35.000000+00:00,233.0,50.3,233.0,50.3,228.9,50.3,4.7,1080.0,860.0,80.0,36.0,83.9,100.0,7635
2025-01-24T05:26:35.000000+00:00,233.6,50.3,233.6,50.3,228.9,50.3,4.8,1090.0,870.0,80.0,36.0,83.9,100.0,7635
2025-01-24T05:27:35.000000+00:00,231.9,50.3,232.9,50.3,228.9,50.3,4.8,1110.0,890.0,80.0,36.0,84.0,100.0,7635
2025-01-24T05:28:35.000000+00:00,232.9,50.3,232.9,50.3,228.9,50.3,4.7,1070.0,850.0,79.0,37.0,84.0,100.0,7635
2025-01-24T05:29:35.000000+00:00,236.4,50.3,235.7,50.3,228.9,50.3,4.8,1100.0,890.0,81.0,36.0,84.0,100.0,7635
2025-01-24T05:30:35.000000+00:00,236.0,50.3,236.5,50.3,228.9,50.3,4.7,1070.0,850.0,79.0,36.0,84.0,100.0,7635
2025-01-24T05:31:36.000000+00:00,235.8,50.4,235.8,50.3,228.9,50.4,4.8,1090.0,870.0,80.0,36.0,84.0,100.0,7635
2025-01-24T05:32:36.000000+00:00,235.4,50.3,235.4,50.3,228.9,50.3,4.8,1090.0,870.0,80.0,36.0,83.9,100.0,7635
2025-01-24T05:33:36.000000+00:00,234.9,50.3,234.9,50.3,228.9,50.3,4.7,1080.0,860.0,80.0,36.0,83.9,100.0,7635
2025-01-24T05:34:36.000000+00:00,235.3,50.3,235.3,50.3,228.9,50.3,4.7,1090.0,870.0,80.0,36.0,83.9,100.0,7635
2025-01-24T05:35:36.000000+00:00,233.6,50.2,234.6,50.2,228.9,50.2,4.7,1090.0,860.0,79.0,36.0,83.9,100.0,7635
2025-01-24T05:36:36.000000+00:00,233.9,50.2,233.4,50.2,228.9,50.2,4.8,1090.0,870.0,80.0,36.0,83.9,100.0,7635
2025-01-24T05:37:36.000000+00:00,234.9,50.1,234.9,50.1,228.9,50.1,4.8,1100.0,880.0,80.0,37.0,83.9,100.0,7635
2025-01-24T05:38:36.000000+00:00,234.5,50.1,235.0,50.1,228.9,50.1,4.8,1100.0,880.0,80.0,36.0,83.9,100.0,7635
2025-01-24T05:39:36.000000+00:00,234.8,50.0,234.8,50.0,228.9,50.0,4.8,1100.0,870.0,79.0,37.0,83.9,100.0,7635
2025-01-24T05:40:36.000000+00:00,235.1,50.1,234.1,50.1,228.9,50.1,4.8,1100.0,870.0,79.0,37.0,83.9,100.0,7635
2025-01-24T05:41:36.000000+00:00,234.7,50.0,234.7,50.0,228.9,50.0,4.8,1100.0,870.0,79.0,37.0,83.9,100.0,7635
2025-01-24T05:42:36.000000+00:00,234.5,50.0,234.1,50.0,228.9,50.0,4.8,1100.0,870.0,79.0,37.0,83.9,100.0,7259
2025-01-24T05:43:36.000000+00:00,235.5,50.0,234.6,50.0,228.9,50.0,4.8,1110.0,890.0,80.0,37.0,83.9,100.0,7635
2025-01-24T05:44:36.000000+00:00,235.4,50.1,235.4,50.1,228.9,50.1,4.8,1100.0,870.0,79.0,37.0,83.9,100.0,7635
2025-01-24T05:45:36.000000+00:00,236.1,50.1,236.1,50.1,228.9,50.1,4.8,1090.0,860.0,79.0,36.0,83.9,100.0,7635
2025-01-24T05:46:36.000000+00:00,236.3,50.1,236.3,50.1,228.9,50.1,4.8,1100.0,880.0,80.0,36.0,83.9,100.0,7635
2025-01-24T05:47:36.000000+00:00,235.7,50.0,235.7,50.0,228.9,50.0,4.8,1110.0,880.0,79.0,37.0,83.9,100.0,7635
2025-01-24T05:48:36.000000+00:00,235.6,50.1,235.6,50.1,228.9,50.1,4.8,1100.0,880.0,80.0,37.0,83.9,100.0,7635
2025-01-24T05:49:36.000000+00:00,235.3,50.0,235.3,50.0,228.9,50.0,4.8,1100.0,870.0,79.0,37.0,83.9,100.0,7635
2025-01-24T05:50:36.000000+00:00,235.0,50.0,234.5,50.0,228.9,50.0,4.8,1100.0,880.0,80.0,37.0,83.9,100.0,7635
2025-01-24T05:51:36.000000+00:00,234.4,50.0,233.9,50.0,228.9,50.0,4.8,1100.0,870.0,79.0,37.0,83.9,100.0,7635
2025-01-24T05:52:36.000000+00:00,235.2,50.0,235.2,50.0,228.9,50.0,4.8,1100.0,880.0,80.0,37.0,83.9,100.0,7635
2025-01-24T05:53:36.000000+00:00,235.0,50.0,235.0,50.0,228.9,50.0,4.8,1090.0,860.0,79.0,36.0,83.9,100.0,7635
2025-01-24T05:54:36.000000+00:00,234.9,50.0,235.4,50.0,228.9,50.0,4.8,1100.0,870.0,79.0,37.0,83.9,100.0,7635
2025-01-24T05:55:36.000000+00:00,234.8,50.0,234.8,50.0,228.9,50.0,4.8,1090.0,860.0,79.0,36.0,83.9,100.0,7635
2025-01-24T05:56:36.000000+00:00,235.0,50.0,234.0,50.0,228.9,50.0,4.9,1110.0,880.0,79.0,37.0,83.9,100.0,7635
2025-01-24T05:57:36.000000+00:00,234.4,50.0,234.2,50.0,228.9,50.0,4.8,1100.0,870.0,79.0,37.0,83.9,100.0,7635
2025-01-24T05:58:36.000000+00:00,233.7,49.9,234.1,49.9,228.9,49.9,4.8,1110.0,880.0,79.0,37.0,83.9,100.0,7635
2025-01-24T05:59:36.000000+00:00,234.7,50.1,233.8,50.1,228.9,50.1,4.8,1100.0,870.0,79.0,37.0,83.9,100.0,7635
2025-01-24T06:00:36.000000+00:00,235.6,50.0,235.6,50.0,228.9,50.0,4.8,1110.0,880.0,79.0,37.0,83.9,100.0,7538
2025-01-24T06:01:36.000000+00:00,236.3,50.1,236.3,50.1,228.9,50.1,4.8,1100.0,880.0,80.0,37.0,83.9,100.0,7538
2025-01-24T06:02:36.000000+00:00,235.6,50.0,235.8,50.0,228.9,50.0,4.9,1110.0,890.0,80.0,37.0,83.9,100.0,7538
2025-01-24T06:03:36.000000+00:00,235.9,50.0,235.8,50.0,228.9,50.0,4.8,1110.0,880.0,79.0,36.0,83.9,100.0,7538
2025-01-24T06:04:36.000000+00:00,236.1,50.2,237.2,50.2,228.9,50.1,4.8,1100.0,880.0,80.0,37.0,83.9,100.0,7170
2025-01-24T06:05:36.000000+00:00,236.0,50.0,236.0,50.0,228.9,50.0,4.8,1100.0,870.0,79.0,37.0,83.9,100.0,7538
2025-01-24T06:06:36.000000+00:00,234.8,50.1,235.9,50.1,228.9,50.0,4.8,1110.0,880.0,79.0,37.0,83.9,100.0,7538
2025-01-24T06:07:36.000000+00:00,234.5,50.0,234.4,50.0,228.9,50.0,4.8,1110.0,880.0,79.0,37.0,83.9,100.0,7538
2025-01-24T06:08:36.000000+00:00,235.2,50.0,235.2,50.0,228.9,50.0,4.8,1090.0,860.0,79.0,37.0,83.8,100.0,7538
2025-01-24T06:09:36.000000+00:00,235.4,49.9,234.9,49.9,228.9,49.9,4.9,1120.0,900.0,80.0,37.0,83.8,100.0,7538
2025-01-24T06:10:36.000000+00:00,235.5,50.0,235.6,50.0,228.9,50.0,4.8,1110.0,880.0,79.0,38.0,83.9,100.0,7538
2025-01-24T06:11:36.000000+00:00,235.3,50.0,235.3,50.0,228.9,50.0,4.9,1120.0,900.0,80.0,37.0,83.8,100.0,7538
2025-01-24T06:12:36.000000+00:00,235.7,50.0,236.2,50.0,228.9,50.0,4.8,1100.0,880.0,80.0,37.0,83.8,100.0,7538
2025-01-24T06:13:36.000000+00:00,236.0,50.1,235.7,50.1,228.9,50.1,4.8,1100.0,870.0,79.0,37.0,83.8,100.0,7538
2025-01-24T06:14:36.000000+00:00,234.9,49.9,234.9,49.9,228.9,49.9,4.9,1110.0,880.0,79.0,37.0,83.8,100.0,7538
2025-01-24T06:15:36.000000+00:00,236.2,50.3,235.8,50.3,228.9,50.3,4.7,1080.0,850.0,79.0,36.0,83.8,100.0,7538
2025-01-24T06:16:36.000000+00:00,236.3,50.1,236.3,50.1,228.9,50.1,4.8,1100.0,880.0,80.0,37.0,83.8,100.0,7538
2025-01-24T06:17:36.000000+00:00,236.0,50.1,236.0,50.1,228.9,50.1,4.8,1100.0,880.0,80.0,37.0,83.8,100.0,7538
2025-01-24T06:18:36.000000+00:00,235.3,50.0,235.3,50.0,228.9,50.0,4.8,1090.0,860.0,79.0,36.0,83.8,100.0,7538
2025-01-24T06:19:36.000000+00:00,236.2,50.1,236.2,50.1,228.9,50.1,4.8,1100.0,880.0,80.0,37.0,83.8,100.0,7538
2025-01-24T06:20:36.000000+00:00,235.6,50.0,236.2,50.0,228.9,50.0,4.9,1130.0,910.0,81.0,37.0,83.8,100.0,7538
2025-01-24T06:21:36.000000+00:00,236.6,50.0,236.6,50.0,228.9,50.0,4.8,1100.0,870.0,79.0,37.0,83.8,100.0,7538
2025-01-24T06:22:36.000000+00:00,236.9,50.0,236.9,50.0,228.9,50.0,4.8,1100.0,870.0,79.0,37.0,83.8,100.0,7538
2025-01-24T06:23:36.000000+00:00,235.7,50.4,235.5,50.4,228.9,50.4,4.7,1090.0,870.0,80.0,36.0,83.8,100.0,7538
2025-01-24T06:24:36.000000+00:00,236.0,50.3,236.4,50.3,228.9,50.3,4.8,1090.0,870.0,80.0,36.0,83.8,100.0,7538
2025-01-24T06:25:36.000000+00:00,236.2,50.3,236.2,50.3,228.9,50.3,4.7,1080.0,860.0,80.0,36.0,83.8,100.0,7538
2025-01-24T06:26:36.000000+00:00,235.8,50.1,235.7,50.1,228.9,50.1,4.8,1100.0,870.0,79.0,36.0,83.8,100.0,7538
2025-01-24T06:27:36.000000+00:00,235.4,50.2,235.9,50.2,228.9,50.2,4.8,1100.0,870.0,79.0,36.0,83.8,100.0,7538
2025-01-24T06:28:36.000000+00:00,234.4,50.1,234.4,50.1,228.9,50.1,4.8,1100.0,870.0,79.0,36.0,83.8,100.0,7538
2025-01-24T06:29:36.000000+00:00,234.6,50.1,234.6,50.1,228.9,50.1,4.9,1120.0,900.0,80.0,37.0,83.8,100.0,7538
2025-01-24T06:30:36.000000+00:00,234.9,50.2,234.5,50.2,228.9,50.2,4.8,1100.0,880.0,80.0,36.0,83.8,100.0,7538
2025-01-24T06:31:36.000000+00:00,234.6,50.2,234.9,50.2,228.9,50.2,4.8,1100.0,880.0,80.0,36.0,83.8,100.0,7538
2025-01-24T06:32:36.000000+00:00,235.1,50.2,235.1,50.2,228.9,50.2,4.8,1090.0,870.0,80.0,36.0,83.8,100.0,7538
2025-01-24T06:33:36.000000+00:00,236.3,50.2,236.3,50.2,228.9,50.2,4.7,1080.0,860.0,80.0,36.0,83.8,100.0,7538
2025-01-24T06:34:36.000000+00:00,235.9,50.2,235.9,50.2,228.9,50.2,4.8,1100.0,880.0,80.0,36.0,83.8,100.0,7538
2025-01-24T06:35:36.000000+00:00,235.9,50.2,236.3,50.2,228.9,50.2,4.8,1090.0,870.0,80.0,36.0,83.8,100.0,7538
2025-01-24T06:36:36.000000+00:00,235.8,50.2,235.8,50.2,228.9,50.2,4.8,1090.0,870.0,80.0,37.0,83.8,100.0,7538
2025-01-24T06:37:36.000000+00:00,235.4,50.2,235.4,50.2,228.9,50.2,4.8,1090.0,870.0,80.0,36.0,83.8,100.0,7538
2025-01-24T06:38:37.000000+00:00,236.7,50.2,235.7,50.2,228.9,50.2,4.7,1080.0,850.0,79.0,36.0,83.8,100.0,7538
2025-01-24T06:39:37.000000+00:00,237.3,50.3,237.3,50.3,228.9,50.3,4.7,1090.0,870.0,80.0,36.0,83.8,100.0,7538
2025-01-24T06:40:37.000000+00:00,236.2,50.2,236.2,50.2,228.9,50.2,4.8,1100.0,870.0,79.0,36.0,83.8,100.0,7538
2025-01-24T06:41:37.000000+00:00,236.4,50.2,236.4,50.2,228.9,50.2,4.8,1090.0,870.0,80.0,36.0,83.8,100.0,7538
2025-01-24T06:42:37.000000+00:00,235.5,50.2,235.8,50.2,228.9,50.2,4.8,1100.0,880.0,80.0,36.0,83.8,100.0,7538
2025-01-24T06:43:37.000000+00:00,236.6,50.2,236.6,50.2,228.9,50.2,4.8,1090.0,860.0,79.0,36.0,83.8,100.0,7538
2025-01-24T06:44:37.000000+00:00,236.6,50.1,235.7,50.1,228.9,50.1,4.8,1090.0,870.0,80.0,37.0,83.8,100.0,7538
2025-01-24T06:45:37.000000+00:00,236.1,50.1,236.1,50.1,228.9,50.1,4.8,1100.0,870.0,79.0,37.0,83.8,100.0,7538
2025-01-24T06:46:37.000000+00:00,236.4,50.2,237.2,50.2,228.9,50.2,4.8,1090.0,870.0,80.0,36.0,83.8,100.0,7538
2025-01-24T06:47:37.000000+00:00,236.7,50.3,236.7,50.3,228.9,50.3,4.7,1090.0,870.0,80.0,36.0,83.8,100.0,7538
2025-01-24T06:48:37.000000+00:00,235.5,50.1,235.5,50.1,228.9,50.1,4.8,1090.0,870.0,80.0,37.0,83.8,100.0,7538
2025-01-24T06:49:37.000000+00:00,235.9,50.2,235.6,50.2,228.9,50.2,4.8,1090.0,870.0,80.0,36.0,83.8,100.0,7538
2025-01-24T06:50:37.000000+00:00,235.6,50.1,235.7,50.1,228.9,50.1,4.8,1100.0,880.0,80.0,36.0,83.8,100.0,7538
2025-01-24T06:51:37.000000+00:00,236.1,50.1,236.3,50.2,228.9,50.2,4.8,1110.0,900.0,81.0,36.0,83.8,100.0,7538
2025-01-24T06:52:37.000000+00:00,236.4,50.1,236.4,50.1,228.9,50.1,4.8,1100.0,880.0,80.0,36.0,83.8,100.0,7538
2025-01-24T06:53:37.000000+00:00,237.3,50.3,237.3,50.3,228.9,50.3,4.7,1080.0,860.0,80.0,36.0,83.8,100.0,7538
2025-01-24T06:54:37.000000+00:00,236.5,50.3,237.0,50.3,228.9,50.3,4.8,1090.0,870.0,80.0,36.0,83.8,100.0,7538
2025-01-24T06:55:37.000000+00:00,236.8,50.3,236.8,50.3,228.9,50.3,4.7,1070.0,850.0,79.0,36.0,83.8,100.0,7941
2025-01-24T06:56:37.000000+00:00,237.4,50.2,237.4,50.2,228.9,50.2,4.8,1100.0,880.0,80.0,36.0,83.8,100.0,7350
2025-01-24T06:57:37.000000+00:00,237.4,50.2,237.4,50.2,228.9,50.2,4.8,1090.0,870.0,80.0,36.0,83.8,100.0,7350
2025-01-24T06:58:37.000000+00:00,237.9,50.2,237.9,50.2,228.9,50.2,4.7,1080.0,860.0,80.0,36.0,83.8,100.0,7735
2025-01-24T06:59:37.000000+00:00,236.8,50.2,237.4,50.2,228.9,50.2,4.8,1090.0,870.0,80.0,37.0,83.8,100.0,7350
2025-01-24T07:00:37.000000+00:00,237.7,50.2,238.1,50.2,228.9,50.2,4.8,1090.0,870.0,80.0,36.0,83.8,100.0,7735
2025-01-24T07:01:37.000000+00:00,237.6,50.3,237.6,50.3,228.9,50.3,4.7,1080.0,860.0,80.0,36.0,83.8,100.0,7735
2025-01-24T07:02:37.000000+00:00,237.8,50.2,238.0,50.2,228.9,50.2,4.8,1090.0,870.0,80.0,36.0,83.8,100.0,7735
2025-01-24T07:03:37.000000+00:00,237.8,50.3,238.9,50.4,228.9,50.4,4.7,1080.0,860.0,80.0,36.0,83.8,100.0,7735
2025-01-24T07:04:37.000000+00:00,237.7,50.4,237.7,50.4,228.9,50.4,4.8,1090.0,870.0,80.0,36.0,83.8,100.0,7350
2025-01-24T07:05:37.000000+00:00,236.6,50.3,237.0,50.3,228.9,50.3,4.7,1070.0,850.0,79.0,36.0,83.7,100.0,7735
2025-01-24T07:06:37.000000+00:00,236.5,50.3,237.4,50.3,228.9,50.3,4.7,1080.0,870.0,81.0,36.0,83.8,100.0,7538
2025-01-24T07:07:37.000000+00:00,236.4,50.3,236.4,50.3,228.9,50.3,4.7,1080.0,860.0,80.0,36.0,83.8,100.0,7443
2025-01-24T07:08:37.000000+00:00,236.9,50.2,236.4,50.2,228.9,50.2,4.7,1070.0,850.0,79.0,36.0,83.8,100.0,7837
2025-01-24T07:09:37.000000+00:00,236.1,50.2,236.5,50.2,228.9,50.2,4.8,1090.0,870.0,80.0,36.0,83.8,100.0,7735
2025-01-24T07:10:37.000000+00:00,235.5,50.2,235.5,50.2,228.9,50.2,4.8,1090.0,870.0,80.0,36.0,83.8,100.0,7735
2025-01-24T07:11:37.000000+00:00,236.4,50.2,237.0,50.2,228.9,50.2,4.8,1090.0,870.0,80.0,36.0,83.8,100.0,7350
2025-01-24T07:12:37.000000+00:00,236.5,50.1,237.1,50.2,228.9,50.2,4.8,1090.0,870.0,80.0,36.0,83.8,100.0,7350
2025-01-24T07:13:37.000000+00:00,235.7,50.1,236.1,50.2,228.9,50.2,4.7,1080.0,860.0,80.0,36.0,83.8,100.0,7735
2025-01-24T07:14:37.000000+00:00,235.4,50.1,235.3,50.1,228.9,50.1,4.8,1090.0,870.0,80.0,37.0,83.8,100.0,7350
2025-01-24T07:15:37.000000+00:00,235.0,50.1,235.5,50.1,228.9,50.1,4.8,1090.0,870.0,80.0,37.0,83.8,100.0,7837
2025-01-24T07:16:37.000000+00:00,235.7,50.1,235.7,50.1,228.9,50.1,4.8,1090.0,860.0,79.0,36.0,83.7,100.0,7443
2025-01-24T07:17:37.000000+00:00,236.8,50.1,236.7,50.1,228.9,50.1,4.8,1090.0,870.0,80.0,37.0,83.8,100.0,7443
2025-01-24T07:18:37.000000+00:00,236.3,50.1,235.9,50.1,228.9,50.1,4.7,1080.0,850.0,79.0,36.0,83.8,100.0,7443
2025-01-24T07:19:37.000000+00:00,235.9,50.1,236.3,50.1,228.9,50.1,4.8,1090.0,870.0,80.0,37.0,83.8,100.0,7443
2025-01-24T07:20:37.000000+00:00,236.5,50.1,236.5,50.1,228.9,50.1,4.8,1100.0,870.0,79.0,36.0,83.8,100.0,7443
2025-01-24T07:21:37.000000+00:00,236.0,50.1,236.0,50.1,228.9,50.1,4.8,1100.0,870.0,79.0,36.0,83.8,100.0,7350
2025-01-24T07:22:37.000000+00:00,237.5,50.2,237.2,50.2,228.9,50.2,4.8,1090.0,870.0,80.0,36.0,83.8,100.0,7735
2025-01-24T07:23:37.000000+00:00,237.2,50.2,237.8,50.2,228.9,50.2,4.7,1070.0,850.0,79.0,36.0,83.8,100.0,7735
2025-01-24T07:24:37.000000+00:00,236.9,50.2,236.9,50.2,228.9,50.2,4.7,1090.0,870.0,80.0,36.0,83.8,100.0,7735
2025-01-24T07:25:37.000000+00:00,236.6,50.2,236.6,50.2,228.9,50.2,4.7,1070.0,850.0,79.0,36.0,83.8,100.0,7735
2025-01-24T07:26:37.000000+00:00,236.7,50.2,235.6,50.2,228.9,50.2,4.8,1090.0,870.0,80.0,37.0,83.7,100.0,7350
2025-01-24T07:27:37.000000+00:00,237.3,50.1,237.3,50.1,228.9,50.1,4.8,1100.0,870.0,79.0,37.0,83.8,100.0,7735
2025-01-24T07:28:37.000000+00:00,238.1,50.2,238.1,50.2,228.9,50.2,4.8,1100.0,880.0,80.0,37.0,83.8,100.0,7837
2025-01-24T07:29:37.000000+00:00,238.1,50.1,238.1,50.1,228.9,50.1,4.8,1110.0,880.0,79.0,37.0,83.7,100.0,7735
2025-01-24T07:30:37.000000+00:00,238.9,50.1,238.9,50.1,228.9,50.2,4.8,1090.0,870.0,80.0,37.0,83.7,100.0,7350
2025-01-24T07:31:37.000000+00:00,238.7,50.2,238.7,50.2,228.9,50.2,4.8,1090.0,870.0,80.0,36.0,83.7,100.0,7735
2025-01-24T07:32:37.000000+00:00,238.5,50.2,238.5,50.1,228.9,50.1,4.8,1090.0,870.0,80.0,36.0,83.7,100.0,7350
2025-01-24T07:33:37.000000+00:00,238.9,50.1,239.3,50.1,228.9,50.1,4.8,1080.0,860.0,80.0,36.0,83.8,100.0,7837
2025-01-24T07:34:37.000000+00:00,239.2,50.1,239.2,50.1,228.9,50.1,4.8,1090.0,870.0,80.0,37.0,84.0,100.0,7443
2025-01-24T07:35:37.000000+00:00,238.8,50.1,238.8,50.1,228.9,50.1,4.8,1090.0,870.0,80.0,37.0,84.1,100.0,7443
2025-01-24T07:36:37.000000+00:00,239.4,50.2,239.4,50.2,228.9,50.2,4.8,1090.0,870.0,80.0,36.0,84.2,100.0,7443
2025-01-24T07:37:37.000000+00:00,239.6,50.1,239.6,50.1,228.9,50.1,4.8,1090.0,870.0,80.0,37.0,84.2,100.0,7443
2025-01-24T07:38:37.000000+00:00,240.1,50.2,239.5,50.2,228.9,50.2,4.8,1100.0,890.0,81.0,36.0,84.2,100.0,7443
2025-01-24T07:39:37.000000+00:00,239.5,50.3,239.5,50.3,228.9,50.3,4.8,1090.0,870.0,80.0,36.0,84.1,100.0,7443
2025-01-24T07:40:37.000000+00:00,239.5,50.1,239.5,50.1,228.9,50.1,4.8,1090.0,870.0,80.0,36.0,84.0,100.0,7837
2025-01-24T07:41:37.000000+00:00,239.7,50.1,239.2,50.1,228.9,50.1,4.8,1090.0,870.0,80.0,36.0,84.0,100.0,7350
2025-01-24T07:42:37.000000+00:00,238.5,50.1,238.5,50.1,228.9,50.1,4.8,1090.0,870.0,80.0,36.0,84.0,100.0,7350
2025-01-24T07:43:37.000000+00:00,239.3,50.1,239.3,50.1,228.9,50.1,4.8,1090.0,860.0,79.0,36.0,83.9,100.0,7735
2025-01-24T07:44:37.000000+00:00,239.2,50.1,239.2,50.1,228.9,50.1,4.8,1100.0,880.0,80.0,36.0,83.9,100.0,7350
2025-01-24T07:45:38.000000+00:00,239.1,50.1,239.1,50.1,228.9,50.1,4.8,1100.0,880.0,80.0,37.0,83.9,100.0,7837
2025-01-24T07:46:38.000000+00:00,239.5,50.0,239.4,50.0,228.9,50.0,4.8,1100.0,870.0,79.0,37.0,83.9,100.0,7635
2025-01-24T07:47:38.000000+00:00,239.1,50.0,239.1,50.0,228.9,50.0,4.8,1100.0,880.0,80.0,37.0,83.8,100.0,7635
2025-01-24T07:48:38.000000+00:00,239.6,50.1,239.6,50.1,228.9,50.1,4.7,1080.0,850.0,79.0,36.0,83.8,100.0,7635
2025-01-24T07:49:38.000000+00:00,235.9,50.0,235.9,50.0,228.9,50.0,4.8,1100.0,880.0,80.0,37.0,83.8,100.0,7635
2025-01-24T07:50:38.000000+00:00,234.6,50.0,234.6,50.0,228.9,50.0,4.8,1110.0,880.0,79.0,37.0,83.8,100.0,7635
2025-01-24T07:51:38.000000+00:00,234.3,50.0,234.3,50.0,228.9,50.0,4.9,1110.0,890.0,80.0,37.0,83.8,100.0,7635
2025-01-24T07:52:38.000000+00:00,233.8,50.0,233.8,50.0,228.9,50.0,4.8,1100.0,870.0,79.0,37.0,83.8,100.0,7635
2025-01-24T07:53:38.000000+00:00,235.0,50.0,234.7,50.0,228.9,50.0,4.8,1090.0,850.0,78.0,36.0,83.8,100.0,7635
2025-01-24T07:54:38.000000+00:00,234.4,50.0,234.4,50.0,228.9,50.0,4.8,1100.0,870.0,79.0,37.0,83.8,100.0,7635
2025-01-24T07:55:38.000000+00:00,234.7,50.0,233.8,50.0,228.9,50.0,4.8,1100.0,870.0,79.0,37.0,83.8,100.0,7635
2025-01-24T07:56:38.000000+00:00,235.0,50.1,235.4,50.1,228.9,50.1,4.7,1080.0,850.0,79.0,36.0,83.8,100.0,7635
2025-01-24T07:57:38.000000+00:00,235.9,50.1,235.9,50.1,228.9,50.1,4.8,1100.0,870.0,79.0,37.0,83.8,100.0,7259
2025-01-24T07:58:38.000000+00:00,234.9,50.1,234.9,50.1,228.9,50.1,4.8,1100.0,880.0,80.0,37.0,83.8,100.0,7635
2025-01-24T07:59:38.000000+00:00,235.2,50.0,235.2,50.0,228.9,50.0,4.8,1100.0,870.0,79.0,37.0,83.8,100.0,7635
2025-01-24T08:00:38.000000+00:00,233.5,50.1,234.1,50.1,228.9,50.1,4.8,1090.0,870.0,80.0,37.0,83.8,100.0,7635
2025-01-24T08:01:38.000000+00:00,232.4,50.2,233.0,50.2,228.9,50.2,4.8,1090.0,870.0,80.0,36.0,83.8,100.0,7635
2025-01-24T08:02:38.000000+00:00,234.5,50.2,234.5,50.2,228.9,50.2,4.8,1090.0,880.0,81.0,36.0,83.8,100.0,7635
2025-01-24T08:03:38.000000+00:00,234.2,50.2,233.4,50.2,228.9,50.2,4.7,1080.0,850.0,79.0,36.0,83.8,100.0,7635
2025-01-24T08:04:38.000000+00:00,234.1,50.1,234.0,50.1,228.9,50.1,4.8,1090.0,870.0,80.0,37.0,83.8,100.0,7635
2025-01-24T08:05:38.000000+00:00,233.6,50.1,234.1,50.1,228.9,50.1,4.8,1110.0,890.0,80.0,37.0,83.8,100.0,7635
2025-01-24T08:06:38.000000+00:00,233.9,50.2,233.9,50.2,228.9,50.2,4.8,1090.0,860.0,79.0,36.0,83.8,100.0,7635
2025-01-24T08:07:38.000000+00:00,233.4,50.0,233.4,50.0,228.9,50.1,4.8,1100.0,880.0,80.0,37.0,83.8,100.0,7635
2025-01-24T08:08:38.000000+00:00,235.2,50.1,234.6,50.1,228.9,50.1,4.8,1100.0,870.0,79.0,37.0,83.8,100.0,7635
2025-01-24T08:09:38.000000+00:00,235.2,50.1,235.2,50.1,228.9,50.1,4.8,1100.0,870.0,79.0,37.0,83.7,100.0,7635
2025-01-24T08:10:38.000000+00:00,234.2,50.0,234.2,50.0,228.9,50.0,4.8,1100.0,870.0,79.0,37.0,83.7,100.0,7635
2025-01-24T08:11:38.000000+00:00,234.2,50.1,234.2,50.1,228.9,50.1,4.8,1090.0,870.0,80.0,37.0,83.8,100.0,7635
2025-01-24T08:12:38.000000+00:00,235.0,50.1,235.0,50.1,228.9,50.1,4.8,1090.0,860.0,79.0,36.0,83.8,100.0,7635
2025-01-24T08:13:38.000000+00:00,234.3,50.0,234.3,50.0,228.9,50.0,4.8,1090.0,860.0,79.0,36.0,83.8,100.0,7635
2025-01-24T08:14:38.000000+00:00,234.9,50.1,234.9,50.1,228.9,50.1,4.8,1100.0,870.0,79.0,37.0,83.7,100.0,7635
2025-01-24T08:15:38.000000+00:00,232.8,49.9,232.8,49.9,228.9,49.9,4.8,1110.0,880.0,79.0,37.0,83.8,100.0,7635
2025-01-24T08:16:38.000000+00:00,233.5,50.1,233.5,50.1,228.9,50.1,4.7,1090.0,860.0,79.0,36.0,83.8,100.0,7635
2025-01-24T08:17:38.000000+00:00,234.6,50.1,234.7,50.1,228.9,50.1,4.8,1100.0,870.0,79.0,37.0,83.8,100.0,7635
2025-01-24T08:18:38.000000+00:00,234.1,50.2,234.1,50.2,228.9,50.2,4.8,1110.0,890.0,80.0,36.0,83.8,100.0,7635
2025-01-24T08:19:38.000000+00:00,234.6,50.1,234.6,50.1,228.9,50.1,4.8,1110.0,890.0,80.0,37.0,83.7,100.0,7635
2025-01-24T08:20:38.000000+00:00,235.0,50.1,234.2,50.1,228.9,50.1,4.9,1130.0,910.0,81.0,37.0,83.8,100.0,7635
2025-01-24T08:21:38.000000+00:00,234.8,50.1,235.3,50.1,228.9,50.1,4.8,1090.0,870.0,80.0,37.0,83.7,100.0,7635
2025-01-24T08:22:38.000000+00:00,234.6,50.0,234.7,50.0,228.9,50.0,4.8,1090.0,870.0,80.0,37.0,83.7,100.0,7635
2025-01-24T08:23:38.000000+00:00,235.3,50.1,235.3,50.1,228.9,50.1,4.7,1080.0,840.0,78.0,36.0,83.7,100.0,7635
2025-01-24T08:24:38.000000+00:00,234.6,50.1,234.6,50.1,228.9,50.1,4.8,1090.0,870.0,80.0,37.0,83.7,100.0,7635
2025-01-24T08:25:38.000000+00:00,234.1,50.1,234.0,50.1,228.9,50.1,4.8,1100.0,880.0,80.0,37.0,83.7,100.0,7635
2025-01-24T08:26:38.000000+00:00,234.8,50.1,233.9,50.1,228.9,50.0,4.8,1100.0,870.0,79.0,36.0,83.7,100.0,7635
2025-01-24T08:27:38.000000+00:00,235.4,50.0,234.8,50.0,228.9,50.0,4.9,1120.0,890.0,79.0,37.0,83.7,100.0,7635
2025-01-24T08:28:38.000000+00:00,233.8,50.1,233.8,50.1,228.9,50.1,4.8,1100.0,880.0,80.0,37.0,83.7,100.0,7635
2025-01-24T08:29:38.000000+00:00,232.7,50.1,233.6,50.1,228.9,50.1,4.8,1090.0,870.0,80.0,37.0,83.7,100.0,7635
2025-01-24T08:30:38.000000+00:00,234.6,50.1,234.6,50.1,228.9,50.1,4.7,1080.0,850.0,79.0,36.0,83.9,100.0,7635
2025-01-24T08:31:38.000000+00:00,235.1,50.1,235.1,50.1,228.9,50.1,4.8,1090.0,870.0,80.0,37.0,84.0,100.0,7635
2025-01-24T08:32:38.000000+00:00,234.9,50.1,233.9,50.1,228.9,50.1,4.8,1100.0,880.0,80.0,37.0,84.1,100.0,7635
2025-01-24T08:33:38.000000+00:00,233.8,50.2,234.8,50.2,228.9,50.2,4.7,1070.0,850.0,79.0,36.0,84.2,100.0,7635
2025-01-24T08:34:38.000000+00:00,233.6,50.2,233.6,50.2,228.9,50.2,4.8,1090.0,870.0,80.0,37.0,84.2,100.0,7635
2025-01-24T08:35:38.000000+00:00,233.5,50.1,233.5,50.1,228.9,50.1,4.8,1090.0,870.0,80.0,36.0,84.3,100.0,7635
2025-01-24T08:36:38.000000+00:00,233.5,50.2,233.5,50.2,228.9,50.2,4.8,1090.0,860.0,79.0,36.0,84.1,100.0,7635
2025-01-24T08:37:38.000000+00:00,234.3,50.3,234.3,50.3,228.9,50.3,4.9,1110.0,900.0,81.0,37.0,84.0,100.0,7635
2025-01-24T08:38:38.000000+00:00,232.9,50.2,233.4,50.2,228.9,50.2,4.8,1090.0,870.0,80.0,36.0,84.0,100.0,7635
2025-01-24T08:39:38.000000+00:00,233.4,50.2,233.4,50.2,228.9,50.2,4.8,1100.0,890.0,81.0,37.0,83.9,100.0,7635
2025-01-24T08:40:38.000000+00:00,234.6,50.2,233.6,50.2,228.9,50.2,4.7,1080.0,850.0,79.0,36.0,83.9,100.0,7635
2025-01-24T08:41:38.000000+00:00,233.7,50.1,233.6,50.1,228.9,50.1,4.8,1100.0,880.0,80.0,36.0,83.9,100.0,7635
2025-01-24T08:42:38.000000+00:00,234.5,50.2,234.0,50.2,228.9,50.2,4.8,1090.0,870.0,80.0,37.0,83.9,100.0,7635
2025-01-24T08:43:38.000000+00:00,233.9,50.1,234.3,50.1,228.9,50.1,4.8,1090.0,860.0,79.0,36.0,83.8,100.0,7635
2025-01-24T08:44:38.000000+00:00,234.2,50.1,234.2,50.1,228.9,50.1,4.8,1090.0,870.0,80.0,36.0,83.8,100.0,7635
2025-01-24T08:45:38.000000+00:00,233.8,50.1,233.3,50.1,228.9,50.1,4.8,1100.0,870.0,79.0,36.0,83.8,100.0,7635
2025-01-24T08:46:38.000000+00:00,233.8,50.1,232.9,50.1,228.9,50.1,4.7,1080.0,850.0,79.0,36.0,83.8,100.0,7635
2025-01-24T08:47:38.000000+00:00,233.6,50.1,233.6,50.1,228.9,50.1,4.8,1090.0,870.0,80.0,37.0,83.8,100.0,7635
2025-01-24T08:48:38.000000+00:00,233.1,50.1,233.1,50.1,228.9,50.1,4.7,1080.0,850.0,79.0,37.0,83.8,100.0,7635
2025-01-24T08:49:38.000000+00:00,233.0,50.4,232.9,50.4,228.9,50.4,4.7,1080.0,860.0,80.0,36.0,83.8,100.0,7635
2025-01-24T08:50:38.000000+00:00,233.7,50.4,233.7,50.4,228.9,50.4,4.6,1070.0,840.0,79.0,36.0,83.8,100.0,7635
2025-01-24T08:51:38.000000+00:00,234.8,50.3,235.4,50.3,228.9,50.3,4.8,1100.0,880.0,80.0,36.0,83.8,100.0,7635
2025-01-24T08:52:38.000000+00:00,234.5,50.3,234.5,50.3,228.9,50.3,4.8,1090.0,870.0,80.0,36.0,83.8,100.0,7635
2025-01-24T08:53:39.000000+00:00,235.2,50.2,235.2,50.2,228.9,50.2,4.7,1080.0,850.0,79.0,36.0,83.8,100.0,7635
2025-01-24T08:54:39.000000+00:00,235.9,50.3,234.9,50.3,228.9,50.3,4.8,1090.0,870.0,80.0,36.0,83.8,100.0,7635
2025-01-24T08:55:39.000000+00:00,235.9,50.2,235.9,50.2,228.9,50.2,4.8,1090.0,870.0,80.0,36.0,83.8,100.0,7635
2025-01-24T08:56:39.000000+00:00,236.0,50.2,236.0,50.2,228.9,50.2,4.7,1080.0,850.0,79.0,36.0,83.8,100.0,7635
2025-01-24T08:57:39.000000+00:00,236.1,50.2,236.1,50.2,228.9,50.2,4.8,1090.0,870.0,80.0,37.0,83.8,100.0,7635
2025-01-24T08:58:39.000000+00:00,236.2,50.2,237.2,50.2,228.9,50.2,4.8,1100.0,870.0,79.0,37.0,83.8,100.0,7635
2025-01-24T08:59:39.000000+00:00,236.7,50.2,236.7,50.2,228.9,50.2,4.8,1090.0,870.0,80.0,36.0,83.8,100.0,7635
2025-01-24T09:00:39.000000+00:00,236.0,50.1,236.0,50.1,228.9,50.1,4.7,1080.0,850.0,79.0,37.0,83.8,100.0,7635
2025-01-24T09:01:39.000000+00:00,236.4,50.1,236.4,50.1,228.9,50.1,4.8,1100.0,880.0,80.0,36.0,83.8,100.0,7635
2025-01-24T09:02:39.000000+00:00,236.7,50.3,236.7,50.3,228.9,50.3,4.8,1090.0,870.0,80.0,36.0,83.8,100.0,7635
2025-01-24T09:03:39.000000+00:00,235.1,50.2,235.1,50.2,228.9,50.2,4.7,1080.0,850.0,79.0,36.0,83.7,100.0,7635
2025-01-24T09:04:39.000000+00:00,235.8,50.1,235.8,50.1,228.9,50.1,4.8,1090.0,870.0,80.0,36.0,83.8,100.0,7635
2025-01-24T09:05:39.000000+00:00,235.7,50.2,236.2,50.2,228.9,50.2,4.8,1100.0,880.0,80.0,36.0,83.7,100.0,7635
2025-01-24T09:06:39.000000+00:00,235.9,50.2,235.9,50.2,228.9,50.2,4.8,1090.0,870.0,80.0,36.0,83.7,100.0,7635
2025-01-24T09:07:39.000000+00:00,236.2,50.2,235.9,50.2,228.9,50.2,4.9,1120.0,900.0,80.0,37.0,83.7,100.0,7635
2025-01-24T09:08:39.000000+00:00,236.5,50.1,236.0,50.1,228.9,50.1,4.8,1090.0,870.0,80.0,37.0,83.7,100.0,7635
2025-01-24T09:09:39.000000+00:00,235.5,50.2,235.5,50.2,228.9,50.2,4.8,1090.0,870.0,80.0,36.0,83.8,100.0,7635
2025-01-24T09:10:39.000000+00:00,236.0,50.2,236.0,50.2,228.9,50.2,4.8,1090.0,870.0,80.0,36.0,83.8,100.0,7635
2025-01-24T09:11:39.000000+00:00,235.8,50.1,235.8,50.1,228.9,50.1,4.8,1090.0,870.0,80.0,36.0,83.8,100.0,7635
2025-01-24T09:12:39.000000+00:00,235.4,50.2,234.8,50.2,228.9,50.2,4.8,1090.0,870.0,80.0,37.0,83.8,100.0,7635
2025-01-24T09:13:39.000000+00:00,235.0,50.1,235.0,50.1,228.9,50.1,4.8,1090.0,870.0,80.0,36.0,83.7,100.0,7635
2025-01-24T09:14:39.000000+00:00,236.5,50.2,236.5,50.2,228.9,50.2,4.8,1090.0,860.0,79.0,36.0,83.7,100.0,7635
2025-01-24T09:15:39.000000+00:00,236.5,50.2,236.7,50.2,228.9,50.2,4.7,1080.0,850.0,79.0,36.0,83.7,100.0,7635
2025-01-24T09:16:39.000000+00:00,236.0,50.0,236.0,50.0,228.9,50.0,4.9,1120.0,890.0,79.0,37.0,83.7,100.0,7635
2025-01-24T09:17:39.000000+00:00,236.4,49.9,235.6,49.9,228.9,49.9,4.8,1100.0,870.0,79.0,37.0,83.7,100.0,7635
2025-01-24T09:18:39.000000+00:00,235.9,50.0,235.9,50.0,228.9,50.0,4.8,1100.0,870.0,79.0,37.0,83.7,100.0,7635
2025-01-24T09:19:39.000000+00:00,237.4,50.1,237.4,50.1,228.9,50.1,4.8,1100.0,870.0,79.0,37.0,83.7,100.0,7635
2025-01-24T09:20:39.000000+00:00,237.2,50.0,237.2,50.0,228.9,50.0,4.8,1100.0,880.0,80.0,37.0,83.7,100.0,7635
2025-01-24T09:21:39.000000+00:00,237.8,50.0,237.0,50.0,228.9,50.0,4.8,1100.0,880.0,80.0,37.0,83.7,100.0,7635
2025-01-24T09:22:39.000000+00:00,237.3,50.1,237.3,50.1,228.9,50.1,4.8,1090.0,870.0,80.0,36.0,83.7,100.0,7635
2025-01-24T09:23:39.000000+00:00,237.2,50.0,237.2,50.0,228.9,50.0,4.7,1090.0,850.0,78.0,36.0,83.7,100.0,7635
2025-01-24T09:24:39.000000+00:00,237.0,50.0,237.0,50.0,228.9,50.0,4.8,1100.0,870.0,79.0,37.0,83.7,100.0,7635
2025-01-24T09:25:39.000000+00:00,237.3,50.1,237.8,50.1,228.9,50.1,4.8,1100.0,870.0,79.0,36.0,83.7,100.0,7635
2025-01-24T09:26:39.000000+00:00,236.5,50.0,236.9,50.0,228.9,50.0,4.7,1090.0,850.0,78.0,36.0,83.7,100.0,7635
2025-01-24T09:27:39.000000+00:00,236.4,50.0,237.2,50.0,228.9,50.0,4.9,1110.0,890.0,80.0,37.0,83.7,100.0,7635
2025-01-24T09:28:39.000000+00:00,237.2,50.1,236.1,50.1,228.9,50.1,4.9,1120.0,900.0,80.0,37.0,83.7,100.0,7635
2025-01-24T09:29:39.000000+00:00,237.7,50.2,237.7,50.2,228.9,50.2,4.8,1090.0,870.0,80.0,36.0,83.7,100.0,7635
2025-01-24T09:30:39.000000+00:00,237.3,50.2,237.3,50.2,228.9,50.2,4.8,1090.0,870.0,80.0,36.0,83.7,100.0,7635
2025-01-24T09:31:39.000000+00:00,237.3,50.1,237.4,50.1,228.9,50.1,4.8,1100.0,870.0,79.0,37.0,83.7,100.0,7635
2025-01-24T09:32:39.000000+00:00,237.3,50.1,237.3,50.1,228.9,50.1,4.8,1090.0,870.0,80.0,37.0,83.7,100.0,7635
2025-01-24T09:33:39.000000+00:00,237.6,50.1,237.6,50.1,228.9,50.1,4.7,1080.0,850.0,79.0,36.0,83.7,100.0,7635
2025-01-24T09:34:39.000000+00:00,236.5,50.1,236.5,50.1,228.9,50.1,4.9,1110.0,890.0,80.0,37.0,83.7,100.0,7635
2025-01-24T09:35:39.000000+00:00,236.2,50.1,236.3,50.1,228.9,50.1,4.7,1080.0,850.0,79.0,37.0,83.7,100.0,7635
2025-01-24T09:36:39.000000+00:00,234.7,50.1,235.7,50.1,228.9,50.1,4.8,1110.0,880.0,79.0,37.0,83.7,100.0,7635
2025-01-24T09:37:39.000000+00:00,235.7,50.0,235.3,50.0,228.9,50.0,4.8,1100.0,870.0,79.0,37.0,83.7,100.0,7635
2025-01-24T09:38:39.000000+00:00,236.1,50.0,236.6,50.0,228.9,50.0,4.7,1090.0,850.0,78.0,37.0,83.7,100.0,7635
2025-01-24T09:39:39.000000+00:00,235.7,50.0,235.7,50.0,228.9,50.0,4.8,1100.0,870.0,79.0,37.0,83.7,100.0,7635
2025-01-24T09:40:39.000000+00:00,236.8,50.0,236.8,50.0,228.9,50.0,4.8,1090.0,860.0,79.0,36.0,83.7,100.0,7635
2025-01-24T09:41:39.000000+00:00,236.5,50.1,236.6,50.1,228.9,50.1,4.8,1090.0,870.0,80.0,36.0,83.7,100.0,7635
2025-01-24T09:42:39.000000+00:00,236.9,50.1,236.5,50.1,228.9,50.1,4.8,1090.0,870.0,80.0,36.0,83.7,100.0,7635
2025-01-24T09:43:39.000000+00:00,236.6,50.1,236.6,50.1,228.9,50.1,4.8,1100.0,880.0,80.0,36.0,83.7,100.0,7635
2025-01-24T09:44:39.000000+00:00,236.3,50.1,236.3,50.1,228.9,50.1,4.8,1090.0,870.0,80.0,37.0,83.7,100.0,7635
2025-01-24T09:45:39.000000+00:00,237.6,50.0,237.6,50.0,228.9,50.0,4.8,1100.0,870.0,79.0,37.0,83.7,100.0,7635
2025-01-24T09:46:39.000000+00:00,236.3,50.2,236.3,50.1,229.0,50.2,4.8,1090.0,870.0,80.0,37.0,83.7,100.0,7635
2025-01-24T09:47:39.000000+00:00,236.0,50.1,235.9,50.1,228.9,50.1,4.8,1090.0,870.0,80.0,37.0,83.7,100.0,7635
2025-01-24T09:48:39.000000+00:00,235.9,50.0,235.9,50.0,228.9,50.0,4.8,1090.0,870.0,80.0,37.0,83.7,100.0,7635
2025-01-24T09:49:39.000000+00:00,236.6,50.1,236.6,50.1,228.9,50.1,4.8,1110.0,890.0,80.0,37.0,83.7,100.0,7635
2025-01-24T09:50:39.000000+00:00,237.3,50.1,237.3,50.1,228.9,50.1,4.8,1100.0,870.0,79.0,37.0,83.7,100.0,7635
2025-01-24T09:51:39.000000+00:00,236.3,50.1,236.7,50.1,228.9,50.1,4.8,1100.0,880.0,80.0,37.0,83.7,100.0,7635
2025-01-24T09:52:39.000000+00:00,237.0,50.2,237.0,50.2,228.9,50.2,4.7,1090.0,860.0,79.0,37.0,83.7,100.0,7635
2025-01-24T09:53:39.000000+00:00,237.9,50.1,237.9,50.1,228.9,50.1,4.7,1080.0,850.0,79.0,36.0,83.7,100.0,7635
2025-01-24T09:54:39.000000+00:00,237.0,50.0,237.1,50.0,228.9,50.0,4.8,1100.0,870.0,79.0,37.0,83.7,100.0,7635
2025-01-24T09:55:39.000000+00:00,237.9,50.2,237.9,50.2,228.9,50.3,4.7,1080.0,860.0,80.0,36.0,83.7,100.0,7635
2025-01-24T09:56:39.000000+00:00,237.9,50.2,238.4,50.2,228.9,50.2,4.7,1090.0,860.0,79.0,36.0,83.7,100.0,7735
2025-01-24T09:57:39.000000+00:00,239.2,50.2,239.2,50.2,228.9,50.2,4.8,1100.0,890.0,81.0,37.0,83.7,100.0,7735
2025-01-24T09:58:39.000000+00:00,240.5,50.2,240.5,50.2,228.9,50.2,4.7,1080.0,850.0,79.0,37.0,83.9,100.0,7735
2025-01-24T09:59:39.000000+00:00,240.5,50.3,240.4,50.3,228.9,50.3,4.7,1090.0,870.0,80.0,36.0,84.0,100.0,7735
2025-01-24T10:00:39.000000+00:00,241.6,50.3,241.5,50.3,229.0,50.3,4.7,1090.0,870.0,80.0,36.0,84.1,100.0,7635
2025-01-24T10:01:40.000000+00:00,241.3,50.2,241.3,50.2,228.9,50.2,4.8,1090.0,870.0,80.0,36.0,84.1,100.0,7635
2025-01-24T10:02:40.000000+00:00,237.6,50.3,237.6,50.3,228.9,50.3,4.7,1090.0,870.0,80.0,36.0,84.2,100.0,7635
2025-01-24T10:03:40.000000+00:00,237.5,50.3,236.6,50.3,228.9,50.3,4.7,1070.0,850.0,79.0,36.0,84.2,100.0,7635
2025-01-24T10:04:40.000000+00:00,236.4,50.3,236.0,50.3,228.9,50.3,4.7,1090.0,870.0,80.0,36.0,84.1,100.0,7635
2025-01-24T10:05:40.000000+00:00,235.6,50.4,235.5,50.4,228.9,50.4,4.7,1070.0,850.0,79.0,36.0,84.0,100.0,7635
2025-01-24T10:06:40.000000+00:00,235.3,50.3,235.3,50.3,228.9,50.3,4.8,1090.0,880.0,81.0,37.0,84.0,100.0,7635
2025-01-24T10:07:40.000000+00:00,235.6,50.2,235.7,50.2,228.9,50.2,4.8,1090.0,870.0,80.0,36.0,83.9,100.0,7635
2025-01-24T10:08:40.000000+00:00,235.3,50.2,235.3,50.2,228.9,50.2,4.8,1090.0,870.0,80.0,36.0,83.9,100.0,7635
2025-01-24T10:09:40.000000+00:00,236.4,50.2,235.8,50.2,228.9,50.2,4.8,1110.0,890.0,80.0,37.0,83.9,100.0,7635
2025-01-24T10:10:40.000000+00:00,235.9,50.2,235.9,50.2,228.9,50.2,4.8,1100.0,890.0,81.0,36.0,83.9,100.0,7635
2025-01-24T10:11:40.000000+00:00,236.2,50.4,236.3,50.4,228.9,50.4,4.7,1080.0,870.0,81.0,36.0,83.8,100.0,7635
2025-01-24T10:12:40.000000+00:00,236.4,50.4,236.4,50.4,228.9,50.4,4.7,1080.0,870.0,81.0,36.0,83.8,100.0,7635
2025-01-24T10:13:40.000000+00:00,236.1,50.4,236.7,50.4,228.9,50.4,4.7,1080.0,870.0,81.0,36.0,83.8,100.0,7635
2025-01-24T10:14:40.000000+00:00,236.8,50.3,236.8,50.3,228.9,50.3,4.8,1090.0,870.0,80.0,36.0,83.8,100.0,7635
2025-01-24T10:15:40.000000+00:00,237.0,50.4,237.0,50.4,228.9,50.4,4.7,1070.0,850.0,79.0,35.0,83.8,100.0,7635
2025-01-24T10:16:40.000000+00:00,237.5,50.4,237.5,50.4,228.9,50.4,4.7,1080.0,870.0,81.0,36.0,83.8,100.0,7635
2025-01-24T10:17:40.000000+00:00,236.8,50.2,236.9,50.2,228.9,50.2,4.8,1090.0,870.0,80.0,36.0,83.8,100.0,7635
2025-01-24T10:18:40.000000+00:00,237.3,50.2,237.3,50.2,228.9,50.2,4.8,1090.0,870.0,80.0,36.0,83.8,100.0,7635
2025-01-24T10:19:40.000000+00:00,236.4,50.0,236.9,50.0,228.9,50.0,4.8,1100.0,870.0,79.0,37.0,83.8,100.0,7635
2025-01-24T10:20:40.000000+00:00,237.2,50.0,237.2,50.0,228.9,50.0,4.8,1100.0,870.0,79.0,37.0,83.8,100.0,7635
2025-01-24T10:21:40.000000+00:00,236.7,50.1,236.7,50.1,228.9,50.1,4.8,1110.0,880.0,79.0,37.0,83.8,100.0,7635
2025-01-24T10:22:40.000000+00:00,235.8,50.1,235.8,50.1,228.9,50.1,4.8,1090.0,860.0,79.0,36.0,83.8,100.0,7635
2025-01-24T10:23:40.000000+00:00,236.3,50.2,235.8,50.2,228.9,50.2,4.7,1080.0,850.0,79.0,36.0,83.8,100.0,7735
2025-01-24T10:24:40.000000+00:00,236.1,50.3,236.1,50.3,228.9,50.3,4.7,1090.0,870.0,80.0,36.0,83.7,100.0,7350
2025-01-24T10:25:40.000000+00:00,235.9,50.3,235.9,50.3,228.9,50.3,4.7,1070.0,850.0,79.0,36.0,83.8,100.0,7837
2025-01-24T10:26:40.000000+00:00,236.1,50.3,236.1,50.3,228.9,50.3,4.8,1090.0,870.0,80.0,36.0,83.8,100.0,7443
2025-01-24T10:27:40.000000+00:00,236.2,50.1,236.2,50.1,228.9,50.1,4.8,1090.0,870.0,80.0,37.0,83.8,100.0,7735
2025-01-24T10:28:40.000000+00:00,236.5,50.2,236.5,50.2,228.9,50.2,4.7,1080.0,860.0,80.0,36.0,83.8,100.0,7735
2025-01-24T10:29:40.000000+00:00,236.0,50.2,235.1,50.2,228.9,50.2,4.8,1090.0,870.0,80.0,36.0,83.7,100.0,7735
2025-01-24T10:30:40.000000+00:00,234.9,50.1,235.4,50.1,228.9,50.1,4.8,1090.0,860.0,79.0,37.0,83.8,100.0,7735
2025-01-24T10:31:40.000000+00:00,236.4,50.3,236.1,50.3,228.9,50.3,4.7,1080.0,860.0,80.0,36.0,83.7,100.0,7735
2025-01-24T10:32:40.000000+00:00,236.5,50.2,237.4,50.2,228.9,50.2,4.8,1090.0,870.0,80.0,36.0,83.7,100.0,7735
2025-01-24T10:33:40.000000+00:00,238.1,50.2,238.1,50.2,228.9,50.2,4.7,1070.0,840.0,79.0,36.0,83.7,100.0,7735
2025-01-24T10:34:40.000000+00:00,237.6,50.2,237.6,50.2,228.9,50.2,4.8,1090.0,870.0,80.0,36.0,83.7,100.0,7735
2025-01-24T10:35:40.000000+00:00,236.5,50.2,236.5,50.2,228.9,50.2,4.8,1090.0,860.0,79.0,36.0,83.7,100.0,7735
2025-01-24T10:36:40.000000+00:00,236.7,50.2,236.3,50.2,228.9,50.2,4.8,1100.0,870.0,79.0,37.0,83.7,100.0,7350
2025-01-24T10:37:40.000000+00:00,237.2,50.2,237.2,50.2,228.9,50.2,4.8,1090.0,870.0,80.0,36.0,83.7,100.0,7735
2025-01-24T10:38:40.000000+00:00,237.5,50.2,237.4,50.2,228.9,50.2,4.7,1090.0,860.0,79.0,36.0,83.7,100.0,7837
2025-01-24T10:39:40.000000+00:00,237.4,50.3,237.5,50.3,228.9,50.3,4.8,1100.0,890.0,81.0,36.0,83.7,100.0,7735
2025-01-24T10:40:40.000000+00:00,237.2,50.2,237.2,50.2,228.9,50.2,4.8,1110.0,890.0,80.0,36.0,83.7,100.0,7350
2025-01-24T10:41:40.000000+00:00,237.4,50.2,237.4,50.2,228.9,50.2,4.8,1090.0,870.0,80.0,36.0,83.7,100.0,7735
2025-01-24T10:42:40.000000+00:00,237.5,50.3,237.5,50.3,228.9,50.3,4.7,1080.0,860.0,80.0,36.0,83.7,100.0,7735
2025-01-24T10:43:40.000000+00:00,237.4,50.3,237.4,50.3,228.9,50.3,4.7,1080.0,850.0,79.0,36.0,83.7,100.0,7837
2025-01-24T10:44:40.000000+00:00,237.0,50.2,237.0,50.2,228.9,50.2,4.8,1090.0,870.0,80.0,36.0,83.7,100.0,7735
2025-01-24T10:45:40.000000+00:00,237.6,50.2,237.6,50.2,228.9,50.2,4.8,1100.0,880.0,80.0,36.0,83.7,100.0,7735
2025-01-24T10:46:40.000000+00:00,236.6,50.2,236.7,50.2,228.9,50.2,4.8,1090.0,870.0,80.0,36.0,83.7,100.0,7350
2025-01-24T10:47:40.000000+00:00,236.6,50.1,236.1,50.1,228.9,50.2,4.8,1100.0,880.0,80.0,37.0,83.7,100.0,7443
2025-01-24T10:48:40.000000+00:00,236.8,50.3,236.6,50.3,228.9,50.3,4.7,1070.0,850.0,79.0,36.0,83.7,100.0,7837
2025-01-24T10:49:40.000000+00:00,236.3,50.3,237.2,50.3,228.9,50.3,4.7,1090.0,870.0,80.0,37.0,83.7,100.0,7735
2025-01-24T10:50:40.000000+00:00,235.9,50.2,236.3,50.2,228.9,50.2,4.8,1090.0,870.0,80.0,36.0,83.7,100.0,7735
2025-01-24T10:51:40.000000+00:00,236.6,50.2,236.6,50.2,228.9,50.2,4.8,1100.0,880.0,80.0,36.0,83.7,100.0,7735
2025-01-24T10:52:40.000000+00:00,236.8,50.2,236.8,50.2,228.9,50.2,4.8,1090.0,870.0,80.0,36.0,83.7,100.0,7735
2025-01-24T10:53:40.000000+00:00,237.1,50.2,236.3,50.2,228.9,50.2,4.8,1100.0,880.0,80.0,36.0,83.7,100.0,7735
2025-01-24T10:54:40.000000+00:00,236.6,50.3,236.6,50.3,228.9,50.3,4.7,1090.0,870.0,80.0,36.0,83.7,100.0,7735
2025-01-24T10:55:40.000000+00:00,236.1,50.1,236.2,50.1,228.9,50.1,4.8,1100.0,870.0,79.0,36.0,83.7,100.0,7735
2025-01-24T10:56:40.000000+00:00,236.3,50.2,237.2,50.2,228.9,50.2,4.8,1090.0,870.0,80.0,36.0,83.7,100.0,7735
2025-01-24T10:57:40.000000+00:00,236.6,50.1,236.6,50.1,228.9,50.1,4.8,1100.0,870.0,79.0,36.0,83.7,100.0,7350
2025-01-24T10:58:40.000000+00:00,236.4,50.2,236.5,50.2,228.9,50.2,4.8,1090.0,860.0,79.0,36.0,83.7,100.0,7735
2025-01-24T10:59:40.000000+00:00,236.1,50.2,236.6,50.2,228.9,50.2,4.8,1090.0,870.0,80.0,36.0,83.7,100.0,7735
2025-01-24T11:00:40.000000+00:00,236.0,50.2,236.0,50.2,228.9,50.2,4.8,1090.0,870.0,80.0,36.0,83.7,100.0,7735
2025-01-24T11:01:40.000000+00:00,235.7,50.2,235.3,50.2,228.9,50.2,4.8,1090.0,870.0,80.0,37.0,83.7,100.0,7350
2025-01-24T11:02:40.000000+00:00,237.0,50.1,236.9,50.1,228.9,50.1,4.8,1100.0,870.0,79.0,37.0,83.7,100.0,7735
2025-01-24T11:03:40.000000+00:00,237.3,50.2,236.9,50.2,228.9,50.2,4.7,1080.0,850.0,79.0,36.0,83.7,100.0,7735
2025-01-24T11:04:41.000000+00:00,236.8,50.2,236.8,50.2,228.9,50.2,4.8,1090.0,870.0,80.0,36.0,83.6,100.0,7350
2025-01-24T11:05:41.000000+00:00,235.9,50.1,236.3,50.1,228.9,50.1,4.8,1090.0,860.0,79.0,36.0,83.8,100.0,7735
2025-01-24T11:06:41.000000+00:00,237.1,50.1,236.5,50.1,228.9,50.1,4.8,1090.0,860.0,79.0,37.0,84.0,100.0,7837
2025-01-24T11:07:41.000000+00:00,236.3,50.1,236.3,50.1,228.9,50.1,4.8,1100.0,880.0,80.0,37.0,84.0,100.0,7735
2025-01-24T11:08:41.000000+00:00,235.7,50.1,235.7,50.1,228.9,50.1,4.8,1100.0,870.0,79.0,37.0,84.1,100.0,7735
2025-01-24T11:09:41.000000+00:00,235.9,50.1,235.8,50.1,228.9,50.1,4.8,1100.0,870.0,79.0,37.0,84.1,100.0,7350
2025-01-24T11:10:41.000000+00:00,235.2,50.1,235.2,50.1,228.9,50.1,4.8,1090.0,870.0,80.0,37.0,84.2,100.0,7735
2025-01-24T11:11:41.000000+00:00,235.6,50.0,235.6,50.0,228.9,50.0,4.8,1100.0,870.0,79.0,37.0,84.1,100.0,7350
2025-01-24T11:12:41.000000+00:00,234.5,50.0,234.5,50.0,228.9,50.0,4.8,1100.0,880.0,80.0,37.0,84.0,100.0,7443
2025-01-24T11:13:41.000000+00:00,234.4,50.0,234.4,50.0,228.9,50.0,4.8,1110.0,880.0,79.0,37.0,84.0,100.0,7443
2025-01-24T11:14:41.000000+00:00,234.5,49.9,234.5,49.9,228.9,49.9,4.8,1100.0,870.0,79.0,37.0,83.9,100.0,7443
2025-01-24T11:15:41.000000+00:00,235.3,49.9,235.3,49.9,228.9,49.9,4.8,1110.0,870.0,78.0,37.0,83.9,100.0,7837
2025-01-24T11:16:41.000000+00:00,234.0,49.8,235.1,49.8,228.9,49.8,4.8,1110.0,880.0,79.0,37.0,83.9,100.0,7443
2025-01-24T11:17:41.000000+00:00,234.5,49.8,234.5,49.8,228.9,49.9,4.8,1110.0,880.0,79.0,37.0,83.9,100.0,7350
2025-01-24T11:18:41.000000+00:00,234.4,50.0,234.3,50.1,228.9,50.1,4.8,1100.0,880.0,80.0,37.0,83.8,100.0,7735
2025-01-24T11:19:41.000000+00:00,234.6,50.1,233.8,50.1,228.9,50.1,4.8,1100.0,870.0,79.0,37.0,83.8,100.0,7350
2025-01-24T11:20:41.000000+00:00,234.3,50.1,234.3,50.1,228.9,50.1,4.8,1100.0,880.0,80.0,36.0,83.8,100.0,7443
2025-01-24T11:21:41.000000+00:00,235.1,50.1,235.1,50.1,228.9,50.1,4.8,1110.0,880.0,79.0,37.0,83.8,100.0,7443
2025-01-24T11:22:41.000000+00:00,232.9,50.1,232.9,50.1,228.9,50.1,4.8,1090.0,860.0,79.0,36.0,83.8,100.0,7443
2025-01-24T11:23:41.000000+00:00,233.9,50.1,233.9,50.1,228.9,50.1,4.8,1100.0,870.0,79.0,36.0,83.8,100.0,7443
2025-01-24T11:24:41.000000+00:00,233.7,50.1,233.7,50.1,228.9,50.1,4.8,1090.0,870.0,80.0,37.0,83.8,100.0,7443
2025-01-24T11:25:41.000000+00:00,233.7,50.1,233.7,50.1,228.9,50.1,4.8,1100.0,880.0,80.0,36.0,83.8,100.0,7837
2025-01-24T11:26:41.000000+00:00,234.1,50.2,234.1,50.2,228.9,50.1,4.8,1100.0,870.0,79.0,36.0,83.8,100.0,7443
2025-01-24T11:27:41.000000+00:00,234.4,50.2,233.5,50.2,228.9,50.2,4.8,1110.0,900.0,81.0,37.0,83.7,100.0,7837
2025-01-24T11:28:41.000000+00:00,234.5,50.2,233.6,50.2,228.9,50.2,4.8,1100.0,880.0,80.0,36.0,83.8,100.0,7443
2025-01-24T11:29:41.000000+00:00,233.6,50.1,233.6,50.1,228.9,50.1,4.9,1120.0,900.0,80.0,36.0,83.8,100.0,7443
2025-01-24T11:30:41.000000+00:00,233.5,50.2,234.0,50.2,228.9,50.2,4.8,1090.0,870.0,80.0,36.0,83.8,100.0,7837
2025-01-24T11:31:41.000000+00:00,236.5,50.1,236.5,50.1,228.9,50.1,4.8,1090.0,870.0,80.0,37.0,83.7,100.0,7350
2025-01-24T11:32:41.000000+00:00,237.9,50.1,237.8,50.1,228.9,50.1,4.8,1090.0,870.0,80.0,37.0,83.7,100.0,7735
2025-01-24T11:33:41.000000+00:00,237.0,50.1,237.0,50.1,228.9,50.1,4.7,1080.0,850.0,79.0,36.0,83.8,100.0,7735
2025-01-24T11:34:41.000000+00:00,235.4,49.9,235.4,49.9,228.9,49.9,4.8,1100.0,870.0,79.0,37.0,83.7,100.0,7350
2025-01-24T11:35:41.000000+00:00,235.8,50.1,235.8,50.1,228.9,50.1,4.7,1080.0,850.0,79.0,36.0,83.7,100.0,7837
2025-01-24T11:36:41.000000+00:00,235.6,50.2,235.2,50.2,228.9,50.2,4.8,1100.0,880.0,80.0,37.0,83.7,100.0,7735
2025-01-24T11:37:41.000000+00:00,236.5,50.2,236.1,50.2,228.9,50.2,4.8,1090.0,870.0,80.0,36.0,83.7,100.0,7635
2025-01-24T11:38:41.000000+00:00,236.6,50.1,236.6,50.1,228.9,50.1,4.7,1080.0,850.0,79.0,36.0,83.7,100.0,7635
2025-01-24T11:39:41.000000+00:00,236.6,50.1,237.4,50.0,228.9,50.0,4.8,1100.0,870.0,79.0,37.0,83.7,100.0,7635
2025-01-24T11:40:41.000000+00:00,236.6,50.0,236.6,50.0,228.9,50.0,4.8,1100.0,870.0,79.0,37.0,83.7,100.0,7635
2025-01-24T11:41:41.000000+00:00,236.9,50.1,236.9,50.1,228.9,50.1,4.8,1090.0,870.0,80.0,37.0,83.7,100.0,7635
2025-01-24T11:42:41.000000+00:00,235.6,49.9,236.7,49.9,228.9,49.9,4.8,1100.0,870.0,79.0,37.0,83.7,100.0,7635
2025-01-24T11:43:41.000000+00:00,236.8,50.1,237.6,50.1,228.9,50.1,4.8,1110.0,880.0,79.0,37.0,83.7,100.0,7635
2025-01-24T11:44:41.000000+00:00,237.9,50.1,237.9,50.1,228.9,50.1,4.8,1110.0,890.0,80.0,37.0,83.7,100.0,7635
2025-01-24T11:45:41.000000+00:00,236.9,50.0,236.9,50.0,228.9,50.0,4.8,1090.0,850.0,78.0,36.0,83.7,100.0,7635
2025-01-24T11:46:41.000000+00:00,235.5,50.0,235.5,50.0,228.9,50.0,4.8,1100.0,880.0,80.0,37.0,83.7,100.0,7635
2025-01-24T11:47:41.000000+00:00,235.1,50.0,234.6,50.0,228.9,50.0,4.8,1110.0,880.0,79.0,37.0,83.7,100.0,7635
2025-01-24T11:48:41.000000+00:00,235.2,49.9,235.2,49.9,228.9,49.9,4.8,1100.0,870.0,79.0,37.0,83.8,100.0,7635
2025-01-24T11:49:41.000000+00:00,235.4,50.0,235.4,50.0,228.9,50.0,4.8,1100.0,870.0,79.0,37.0,84.0,100.0,7635
2025-01-24T11:50:41.000000+00:00,236.1,50.0,236.5,50.0,228.9,50.0,4.8,1100.0,880.0,80.0,37.0,84.1,100.0,7259
2025-01-24T11:51:41.000000+00:00,235.8,49.8,235.9,49.8,228.9,49.8,4.9,1120.0,890.0,79.0,37.0,84.1,100.0,7635
2025-01-24T11:52:41.000000+00:00,235.5,49.8,235.5,49.8,228.9,49.8,4.8,1110.0,870.0,78.0,37.0,84.2,100.0,7635
2025-01-24T11:53:41.000000+00:00,237.0,49.9,236.1,49.9,228.9,49.9,4.8,1110.0,880.0,79.0,37.0,84.2,100.0,7538
2025-01-24T11:54:41.000000+00:00,235.4,49.9,235.4,49.9,228.9,49.9,4.9,1120.0,890.0,79.0,38.0,84.1,100.0,7538
2025-01-24T11:55:41.000000+00:00,235.9,49.8,235.9,49.8,228.9,49.8,4.8,1110.0,870.0,78.0,37.0,84.0,100.0,7538
2025-01-24T11:56:41.000000+00:00,236.3,49.9,236.7,49.9,228.9,49.9,4.8,1100.0,870.0,79.0,37.0,84.0,100.0,7538
2025-01-24T11:57:41.000000+00:00,236.4,50.0,236.5,50.0,228.9,50.0,4.9,1120.0,890.0,79.0,37.0,84.0,100.0,7538
2025-01-24T11:58:41.000000+00:00,235.7,50.0,235.7,50.0,228.9,50.0,4.9,1110.0,890.0,80.0,37.0,83.9,100.0,7538
2025-01-24T11:59:41.000000+00:00,235.2,49.9,235.2,49.9,228.9,49.9,4.9,1120.0,900.0,80.0,38.0,83.9,100.0,7538
2025-01-24T12:00:41.000000+00:00,236.0,50.0,235.9,50.0,228.9,50.0,4.8,1100.0,870.0,79.0,37.0,83.9,100.0,7538
2025-01-24T12:01:41.000000+00:00,236.2,50.1,236.2,50.1,228.9,50.1,4.8,1100.0,870.0,79.0,37.0,83.9,100.0,7538
2025-01-24T12:02:41.000000+00:00,235.5,50.0,235.1,50.0,228.9,50.0,4.8,1090.0,870.0,80.0,37.0,83.8,100.0,7538
2025-01-24T12:03:41.000000+00:00,235.9,50.1,235.9,50.1,228.9,50.1,4.8,1090.0,870.0,80.0,36.0,83.8,100.0,7538
2025-01-24T12:04:41.000000+00:00,237.7,50.2,237.2,50.2,228.9,50.1,4.8,1090.0,860.0,79.0,37.0,83.8,100.0,7538
2025-01-24T12:05:41.000000+00:00,237.8,50.2,237.8,50.2,228.9,50.2,4.7,1080.0,850.0,79.0,36.0,83.8,100.0,7538
2025-01-24T12:06:41.000000+00:00,236.6,50.1,236.5,50.1,228.9,50.1,4.8,1100.0,880.0,80.0,37.0,83.8,100.0,7538
2025-01-24T12:07:41.000000+00:00,237.0,50.1,237.0,50.1,228.9,50.1,4.9,1110.0,900.0,81.0,37.0,83.8,100.0,7941
2025-01-24T12:08:41.000000+00:00,237.0,50.1,237.0,50.1,228.9,50.1,4.8,1100.0,880.0,80.0,37.0,83.8,100.0,7443
2025-01-24T12:09:41.000000+00:00,237.4,50.2,237.4,50.2,228.9,50.2,4.8,1100.0,880.0,80.0,37.0,83.8,100.0,7443
2025-01-24T12:10:41.000000+00:00,237.8,50.1,237.3,50.1,228.9,50.1,4.8,1090.0,870.0,80.0,36.0,83.8,100.0,7443
2025-01-24T12:11:42.000000+00:00,236.5,50.2,236.5,50.2,228.9,50.2,4.8,1090.0,870.0,80.0,37.0,83.8,100.0,7443
2025-01-24T12:12:42.000000+00:00,237.2,50.1,237.1,50.1,228.9,50.1,4.8,1100.0,870.0,79.0,36.0,83.8,100.0,7635
2025-01-24T12:13:42.000000+00:00,237.3,50.1,236.8,50.1,228.9,50.1,4.7,1080.0,850.0,79.0,36.0,83.8,100.0,7635
2025-01-24T12:14:42.000000+00:00,237.6,50.1,237.6,50.1,228.9,50.1,4.8,1100.0,880.0,80.0,37.0,83.8,100.0,7635
2025-01-24T12:15:42.000000+00:00,237.7,50.1,237.2,50.1,228.9,50.1,4.7,1090.0,860.0,79.0,36.0,83.7,100.0,7635
2025-01-24T12:16:42.000000+00:00,238.1,50.0,237.5,50.0,228.9,50.0,4.9,1120.0,900.0,80.0,37.0,83.8,100.0,7635
2025-01-24T12:17:42.000000+00:00,237.3,50.0,236.8,50.0,228.9,50.0,4.8,1100.0,870.0,79.0,37.0,83.7,100.0,7635
2025-01-24T12:18:42.000000+00:00,237.2,50.1,237.2,50.1,228.9,50.1,4.9,1110.0,890.0,80.0,37.0,83.8,100.0,7635
2025-01-24T12:19:42.000000+00:00,238.1,50.1,238.1,50.1,228.9,50.1,4.8,1090.0,870.0,80.0,37.0,83.8,100.0,7635
2025-01-24T12:20:42.000000+00:00,238.0,50.1,237.0,50.1,228.9,50.1,4.8,1100.0,870.0,79.0,37.0,83.7,100.0,7635
2025-01-24T12:21:42.000000+00:00,236.5,50.1,236.5,50.1,228.9,50.1,4.8,1100.0,880.0,80.0,37.0,83.8,100.0,7635
2025-01-24T12:22:42.000000+00:00,236.8,50.0,236.7,50.0,228.9,50.0,4.8,1100.0,870.0,79.0,37.0,83.8,100.0,7635
2025-01-24T12:23:42.000000+00:00,236.7,50.1,236.6,50.1,228.9,50.1,4.8,1090.0,860.0,79.0,37.0,83.7,100.0,7635
2025-01-24T12:24:42.000000+00:00,236.4,50.0,235.9,50.0,228.9,50.0,4.8,1100.0,880.0,80.0,37.0,83.7,100.0,7635
2025-01-24T12:25:42.000000+00:00,236.6,50.2,236.6,50.2,228.9,50.2,4.7,1080.0,850.0,79.0,36.0,83.7,100.0,7635
2025-01-24T12:26:42.000000+00:00,236.5,50.1,236.0,50.1,228.9,50.1,4.8,1090.0,870.0,80.0,37.0,83.8,100.0,7635
2025-01-24T12:27:42.000000+00:00,235.7,50.1,236.8,50.1,228.9,50.1,4.8,1110.0,880.0,79.0,37.0,83.7,100.0,7635
2025-01-24T12:28:42.000000+00:00,237.1,50.1,237.1,50.1,228.9,50.1,4.8,1100.0,870.0,79.0,37.0,83.7,100.0,7635
2025-01-24T12:29:42.000000+00:00,236.8,50.0,237.2,50.0,228.9,50.0,4.8,1100.0,880.0,80.0,37.0,83.7,100.0,7635
2025-01-24T12:30:42.000000+00:00,237.6,50.1,237.6,50.1,228.9,50.1,4.8,1100.0,880.0,80.0,36.0,83.7,100.0,7635
2025-01-24T12:31:42.000000+00:00,237.7,50.1,237.7,50.1,228.9,50.1,4.8,1100.0,880.0,80.0,37.0,83.7,100.0,7635
2025-01-24T12:32:42.000000+00:00,238.1,50.1,238.1,50.1,228.9,50.1,4.8,1100.0,870.0,79.0,36.0,83.7,100.0,7635
2025-01-24T12:33:42.000000+00:00,238.5,50.1,239.0,50.1,228.9,50.1,4.7,1080.0,850.0,79.0,36.0,83.7,100.0,7635
2025-01-24T12:34:42.000000+00:00,239.5,50.2,239.0,50.2,228.9,50.2,4.8,1100.0,870.0,79.0,36.0,83.7,100.0,7635
2025-01-24T12:35:42.000000+00:00,239.1,50.1,239.1,50.1,228.9,50.1,4.8,1090.0,870.0,80.0,37.0,83.7,100.0,7635
2025-01-24T12:36:42.000000+00:00,238.7,50.1,238.3,50.1,228.9,50.1,4.8,1100.0,880.0,80.0,37.0,83.7,100.0,7635
2025-01-24T12:37:42.000000+00:00,239.4,50.0,239.4,50.0,228.9,50.0,4.9,1120.0,900.0,80.0,37.0,83.7,100.0,7635
2025-01-24T12:38:42.000000+00:00,239.0,50.1,239.0,50.1,228.9,50.1,4.7,1080.0,850.0,79.0,37.0,83.7,100.0,7635
2025-01-24T12:39:42.000000+00:00,237.5,50.0,237.6,50.0,228.9,50.0,4.8,1100.0,870.0,79.0,37.0,83.7,100.0,7635
2025-01-24T12:40:42.000000+00:00,238.6,50.1,238.5,50.1,228.9,50.1,4.8,1090.0,870.0,80.0,36.0,83.7,100.0,7635
2025-01-24T12:41:42.000000+00:00,239.9,50.1,239.9,50.1,228.9,50.1,4.8,1090.0,870.0,80.0,37.0,83.7,100.0,7635
2025-01-24T12:42:42.000000+00:00,236.9,50.0,236.9,50.0,228.9,50.0,4.8,1090.0,870.0,80.0,37.0,83.7,100.0,7635
2025-01-24T12:43:42.000000+00:00,238.0,50.0,238.0,50.0,228.9,50.0,4.8,1090.0,850.0,78.0,36.0,83.7,100.0,7635
2025-01-24T12:44:42.000000+00:00,238.2,50.0,238.2,50.0,228.9,50.0,4.8,1100.0,870.0,79.0,37.0,83.7,100.0,7635
2025-01-24T12:45:42.000000+00:00,239.2,50.0,239.2,50.0,228.9,50.0,4.8,1090.0,850.0,78.0,36.0,83.8,100.0,7635
2025-01-24T12:46:42.000000+00:00,238.8,50.0,238.8,50.0,228.9,50.0,4.9,1120.0,900.0,80.0,37.0,83.8,100.0,7635
2025-01-24T12:47:42.000000+00:00,239.0,50.0,239.0,50.0,228.9,50.0,4.8,1110.0,890.0,80.0,37.0,83.7,100.0,7735
2025-01-24T12:48:42.000000+00:00,238.5,50.1,238.7,50.1,228.9,50.1,4.8,1100.0,880.0,80.0,37.0,83.7,100.0,7735
2025-01-24T12:49:42.000000+00:00,238.2,50.0,238.2,50.0,228.9,50.0,4.8,1100.0,870.0,79.0,37.0,83.7,100.0,7350
2025-01-24T12:50:42.000000+00:00,238.5,50.0,238.5,50.0,228.9,50.0,4.8,1100.0,880.0,80.0,37.0,83.7,100.0,7735
2025-01-24T12:51:42.000000+00:00,238.9,50.1,238.9,50.1,228.9,50.1,4.8,1110.0,880.0,79.0,37.0,83.7,100.0,7735
2025-01-24T12:52:42.000000+00:00,238.3,50.0,238.3,50.0,228.9,50.0,4.8,1100.0,870.0,79.0,37.0,83.7,100.0,7735
2025-01-24T12:53:42.000000+00:00,238.0,50.0,238.9,50.0,228.9,50.0,4.7,1080.0,850.0,79.0,36.0,83.9,100.0,7735
2025-01-24T12:54:42.000000+00:00,237.5,50.1,238.5,50.1,228.9,50.1,4.8,1100.0,870.0,79.0,37.0,84.0,100.0,7350
2025-01-24T12:55:42.000000+00:00,239.3,50.2,239.3,50.2,228.9,50.1,4.9,1110.0,900.0,81.0,36.0,84.1,100.0,7837
2025-01-24T12:56:42.000000+00:00,239.4,50.2,239.4,50.2,228.9,50.1,4.8,1090.0,870.0,80.0,36.0,84.1,100.0,7635
2025-01-24T12:57:42.000000+00:00,239.9,50.2,239.9,50.2,229.0,50.2,4.8,1090.0,860.0,79.0,37.0,84.2,100.0,7635
2025-01-24T12:58:42.000000+00:00,241.0,50.1,241.0,50.1,228.9,50.1,4.8,1110.0,880.0,79.0,37.0,84.2,100.0,7635
2025-01-24T12:59:42.000000+00:00,240.0,50.1,240.0,50.1,228.9,50.1,4.8,1100.0,870.0,79.0,37.0,84.1,100.0,7635
2025-01-24T13:00:42.000000+00:00,238.4,50.0,239.3,50.0,228.9,50.0,4.8,1100.0,870.0,79.0,37.0,84.0,100.0,7635
2025-01-24T13:01:42.000000+00:00,239.9,50.0,239.3,50.0,228.9,50.0,4.8,1100.0,870.0,79.0,37.0,84.0,100.0,7635
2025-01-24T13:02:42.000000+00:00,239.0,50.1,239.5,50.1,228.9,50.1,4.8,1100.0,880.0,80.0,36.0,84.0,100.0,7635
2025-01-24T13:03:42.000000+00:00,238.5,50.0,239.5,50.0,228.9,50.0,4.7,1090.0,860.0,79.0,36.0,84.0,100.0,7635
2025-01-24T13:04:42.000000+00:00,239.6,50.0,238.8,50.0,228.9,50.0,4.8,1110.0,880.0,79.0,37.0,83.9,100.0,7635
2025-01-24T13:05:42.000000+00:00,239.9,50.1,239.3,50.1,228.9,50.1,4.7,1080.0,850.0,79.0,36.0,83.9,100.0,7635
2025-01-24T13:06:42.000000+00:00,239.7,50.0,239.7,50.0,228.9,50.0,4.8,1100.0,880.0,80.0,37.0,83.9,100.0,7635
2025-01-24T13:07:42.000000+00:00,239.7,50.0,240.2,50.0,228.9,50.0,4.8,1110.0,890.0,80.0,37.0,83.9,100.0,7635
2025-01-24T13:08:42.000000+00:00,240.1,50.1,240.1,50.1,228.9,50.1,4.8,1090.0,860.0,79.0,36.0,83.9,100.0,7635
2025-01-24T13:09:42.000000+00:00,239.4,50.1,240.4,50.1,228.9,50.1,4.8,1100.0,880.0,80.0,37.0,83.9,100.0,7635
2025-01-24T13:10:42.000000+00:00,239.9,50.0,239.0,50.0,228.9,50.0,4.8,1100.0,870.0,79.0,37.0,83.8,100.0,7635
2025-01-24T13:11:42.000000+00:00,239.2,50.0,240.2,50.0,228.9,50.0,4.8,1090.0,870.0,80.0,37.0,83.8,100.0,7635
2025-01-24T13:12:42.000000+00:00,239.0,50.1,239.8,50.1,228.9,50.1,4.9,1110.0,890.0,80.0,37.0,83.8,100.0,7635
2025-01-24T13:13:42.000000+00:00,239.2,50.1,239.6,50.1,228.9,50.1,4.8,1090.0,860.0,79.0,36.0,83.8,100.0,7635
2025-01-24T13:14:42.000000+00:00,239.2,50.0,238.3,50.0,228.9,50.0,4.9,1110.0,890.0,80.0,37.0,83.8,100.0,7635
2025-01-24T13:15:43.000000+00:00,238.6,50.0,238.6,50.0,228.9,50.0,4.8,1100.0,870.0,79.0,37.0,83.8,100.0,7635
2025-01-24T13:16:43.000000+00:00,238.3,50.0,238.3,50.0,228.9,50.0,4.8,1110.0,880.0,79.0,36.0,83.8,100.0,7635
2025-01-24T13:17:43.000000+00:00,237.9,50.0,237.9,50.0,228.9,50.0,4.9,1120.0,900.0,80.0,37.0,83.8,100.0,7635
2025-01-24T13:18:43.000000+00:00,239.3,50.2,239.8,50.2,228.9,50.2,4.7,1080.0,850.0,79.0,37.0,83.8,100.0,7635
2025-01-24T13:19:43.000000+00:00,238.3,50.1,238.3,50.1,228.9,50.1,4.8,1090.0,870.0,80.0,36.0,83.8,100.0,7635
2025-01-24T13:20:43.000000+00:00,238.4,50.1,238.6,50.1,228.9,50.1,4.8,1090.0,870.0,80.0,36.0,83.8,100.0,7635
2025-01-24T13:21:43.000000+00:00,237.8,50.0,238.3,50.0,228.9,50.0,4.8,1110.0,880.0,79.0,37.0,83.8,100.0,7635
2025-01-24T13:22:43.000000+00:00,238.0,50.0,237.9,50.0,228.9,50.0,4.8,1100.0,880.0,80.0,37.0,83.8,100.0,7635
2025-01-24T13:23:43.000000+00:00,237.1,50.0,237.1,50.0,228.9,50.0,4.8,1100.0,880.0,80.0,37.0,83.7,100.0,7538
2025-01-24T13:24:43.000000+00:00,238.0,50.1,237.7,50.1,228.9,50.1,4.8,1100.0,880.0,80.0,37.0,83.7,100.0,7538
2025-01-24T13:25:43.000000+00:00,237.6,50.0,237.7,50.0,228.9,50.0,4.8,1100.0,880.0,80.0,37.0,83.7,100.0,7538
2025-01-24T13:26:43.000000+00:00,238.2,50.1,238.5,50.1,228.9,50.1,4.8,1100.0,880.0,80.0,37.0,83.7,100.0,7538
2025-01-24T13:27:43.000000+00:00,238.3,50.1,238.3,50.1,228.9,50.1,4.9,1120.0,900.0,80.0,37.0,83.8,100.0,7538
2025-01-24T13:28:43.000000+00:00,238.2,50.1,238.3,50.1,228.9,50.1,4.7,1080.0,860.0,80.0,36.0,83.7,100.0,7538
2025-01-24T13:29:43.000000+00:00,237.0,50.0,237.0,50.0,228.9,50.0,4.9,1120.0,900.0,80.0,37.0,83.7,100.0,7538
2025-01-24T13:30:43.000000+00:00,236.5,50.0,236.5,50.0,228.9,50.0,4.8,1100.0,870.0,79.0,37.0,83.8,100.0,7538
2025-01-24T13:31:43.000000+00:00,237.6,50.0,237.6,50.0,228.9,50.0,4.8,1100.0,870.0,79.0,37.0,83.7,100.0,7538
2025-01-24T13:32:43.000000+00:00,237.3,50.0,237.3,50.0,228.9,50.0,4.8,1100.0,870.0,79.0,37.0,83.7,100.0,7538
2025-01-24T13:33:43.000000+00:00,237.1,50.0,238.2,50.0,228.9,50.0,4.8,1100.0,870.0,79.0,37.0,83.7,100.0,7538
2025-01-24T13:34:43.000000+00:00,238.6,49.9,237.6,49.9,228.9,49.9,4.8,1100.0,870.0,79.0,37.0,83.7,100.0,7538
2025-01-24T13:35:43.000000+00:00,240.3,50.1,240.4,50.1,228.9,50.1,4.8,1100.0,870.0,79.0,36.0,83.7,100.0,7538
2025-01-24T13:36:43.000000+00:00,237.4,50.1,237.4,50.1,228.9,50.1,4.8,1100.0,880.0,80.0,37.0,83.7,100.0,7538
2025-01-24T13:37:43.000000+00:00,236.8,50.1,237.0,50.1,228.9,50.1,4.8,1100.0,880.0,80.0,37.0,83.7,100.0,7538
2025-01-24T13:38:43.000000+00:00,237.4,50.1,237.4,50.1,228.9,50.1,4.8,1100.0,870.0,79.0,36.0,83.9,100.0,7538
2025-01-24T13:39:43.000000+00:00,236.4,50.1,235.5,50.1,228.9,50.1,4.8,1100.0,880.0,80.0,37.0,84.0,100.0,7538
2025-01-24T13:40:43.000000+00:00,234.8,50.1,234.8,50.1,228.9,50.1,4.8,1100.0,870.0,79.0,36.0,84.1,100.0,7538
2025-01-24T13:41:43.000000+00:00,234.5,50.2,235.4,50.2,228.9,50.2,4.8,1090.0,870.0,80.0,36.0,84.1,100.0,7538
2025-01-24T13:42:43.000000+00:00,234.7,50.1,234.7,50.1,228.9,50.1,4.8,1100.0,880.0,80.0,37.0,84.2,100.0,7538
2025-01-24T13:43:43.000000+00:00,234.5,50.1,234.5,50.1,228.9,50.1,4.7,1080.0,860.0,80.0,36.0,84.2,100.0,7538
2025-01-24T13:44:43.000000+00:00,233.9,50.1,234.1,50.1,228.9,50.1,4.8,1110.0,890.0,80.0,37.0,84.1,100.0,7538
2025-01-24T13:45:43.000000+00:00,233.2,50.1,233.1,50.1,228.9,50.1,4.8,1090.0,870.0,80.0,37.0,84.0,100.0,7538
2025-01-24T13:46:43.000000+00:00,233.6,50.0,233.1,50.0,228.9,50.0,4.7,1080.0,850.0,79.0,36.0,84.0,100.0,7538
2025-01-24T13:47:43.000000+00:00,236.8,50.1,236.3,50.1,228.9,50.1,4.8,1110.0,880.0,79.0,37.0,84.0,100.0,7538
2025-01-24T13:48:43.000000+00:00,237.0,50.1,237.3,50.1,228.9,50.1,4.7,1080.0,850.0,79.0,37.0,83.9,100.0,7538
2025-01-24T13:49:43.000000+00:00,236.5,50.1,236.5,50.1,228.9,50.1,4.8,1100.0,870.0,79.0,37.0,83.9,100.0,7538
2025-01-24T13:50:43.000000+00:00,236.5,50.1,236.1,50.1,228.9,50.1,4.8,1100.0,870.0,79.0,37.0,83.9,100.0,7538
2025-01-24T13:51:43.000000+00:00,235.9,50.0,235.0,50.0,228.9,50.0,4.8,1110.0,880.0,79.0,37.0,83.8,100.0,7538
2025-01-24T13:52:43.000000+00:00,236.2,50.0,236.2,50.0,228.9,50.0,4.8,1100.0,870.0,79.0,37.0,83.8,100.0,7538
2025-01-24T13:53:43.000000+00:00,235.5,49.9,236.3,49.9,228.9,49.9,4.7,1090.0,850.0,78.0,36.0,83.8,100.0,7538
2025-01-24T13:54:43.000000+00:00,236.2,50.0,235.6,50.0,228.9,50.0,4.8,1100.0,870.0,79.0,37.0,83.8,100.0,7538
2025-01-24T13:55:43.000000+00:00,236.2,50.0,236.2,50.0,228.9,50.0,4.8,1100.0,870.0,79.0,37.0,83.8,100.0,7538
2025-01-24T13:56:43.000000+00:00,236.7,50.0,236.7,50.0,228.9,50.0,4.8,1090.0,860.0,79.0,36.0,83.8,100.0,7538
2025-01-24T13:57:43.000000+00:00,237.3,50.1,236.7,50.1,228.9,50.1,4.8,1100.0,870.0,79.0,37.0,83.8,100.0,7538
2025-01-24T13:58:43.000000+00:00,237.4,50.1,237.4,50.1,228.9,50.1,4.8,1100.0,870.0,79.0,36.0,83.8,100.0,7538
2025-01-24T13:59:43.000000+00:00,237.4,50.0,237.4,50.0,228.9,50.0,4.9,1110.0,890.0,80.0,37.0,83.8,100.0,7538
2025-01-24T14:00:43.000000+00:00,237.7,50.1,238.1,50.1,228.9,50.1,4.8,1100.0,870.0,79.0,37.0,83.8,100.0,7538
2025-01-24T14:01:43.000000+00:00,238.5,50.1,238.5,50.1,228.9,50.1,4.8,1090.0,870.0,80.0,36.0,83.8,100.0,7538
2025-01-24T14:02:43.000000+00:00,237.9,50.1,237.9,50.1,228.9,50.1,4.9,1110.0,900.0,81.0,36.0,83.8,100.0,7538
2025-01-24T14:03:43.000000+00:00,239.5,50.2,239.3,50.2,228.9,50.2,4.8,1100.0,880.0,80.0,36.0,83.8,100.0,7538
2025-01-24T14:04:43.000000+00:00,238.6,50.1,238.6,50.1,228.9,50.1,4.8,1090.0,870.0,80.0,37.0,83.8,100.0,7538
2025-01-24T14:05:43.000000+00:00,238.4,50.1,238.3,50.1,228.9,50.1,4.7,1080.0,850.0,79.0,36.0,82.2,100.0,7528
2025-01-24T14:06:43.000000+00:00,238.6,50.3,238.6,50.3,228.9,50.3,4.8,1090.0,880.0,81.0,36.0,84.7,100.0,7529
2025-01-24T14:07:43.000000+00:00,239.4,50.2,239.5,50.2,229.0,50.2,4.8,1100.0,880.0,80.0,37.0,84.1,100.0,7529
2025-01-24T14:08:43.000000+00:00,240.2,50.2,240.2,50.2,228.9,50.2,4.8,1110.0,880.0,79.0,36.0,83.8,100.0,7529
2025-01-24T14:09:43.000000+00:00,239.5,50.1,239.8,50.1,228.9,50.1,4.9,1110.0,900.0,81.0,37.0,83.8,100.0,7529
2025-01-24T14:10:43.000000+00:00,240.0,50.2,240.0,50.2,228.9,50.2,4.8,1090.0,870.0,80.0,36.0,83.7,100.0,7530
2025-01-24T14:11:43.000000+00:00,239.2,50.1,239.2,50.1,229.0,50.1,4.8,1100.0,880.0,80.0,36.0,83.7,100.0,7530
2025-01-24T14:12:43.000000+00:00,239.1,50.1,239.1,50.1,229.0,50.1,4.8,1100.0,870.0,79.0,37.0,84.0,100.0,7530
2025-01-24T14:13:43.000000+00:00,240.1,50.1,240.1,50.1,229.0,50.1,4.7,1080.0,860.0,80.0,36.0,84.1,100.0,7530
2025-01-24T14:14:43.000000+00:00,238.8,50.1,239.8,50.1,228.9,50.1,4.8,1090.0,870.0,80.0,37.0,84.1,100.0,7530
2025-01-24T14:15:43.000000+00:00,238.0,50.1,238.0,50.1,228.9,50.1,4.8,1100.0,870.0,79.0,37.0,84.2,100.0,7531
2025-01-24T14:16:43.000000+00:00,238.3,50.0,239.4,50.0,228.9,50.0,4.8,1090.0,860.0,79.0,37.0,84.2,100.0,7531
2025-01-24T14:17:43.000000+00:00,238.2,50.0,238.2,50.0,228.9,50.0,4.9,1120.0,900.0,80.0,37.0,84.2,100.0,7531
2025-01-24T14:18:43.000000+00:00,238.5,50.1,238.6,50.1,228.9,50.1,4.7,1080.0,850.0,79.0,36.0,84.1,100.0,7531
2025-01-24T14:19:43.000000+00:00,238.6,50.1,238.1,50.1,228.9,50.1,4.9,1120.0,900.0,80.0,37.0,84.1,100.0,7532
2025-01-24T14:20:43.000000+00:00,238.3,50.1,238.3,50.1,228.9,50.1,4.8,1100.0,880.0,80.0,37.0,84.0,100.0,7532
2025-01-24T14:21:43.000000+00:00,238.4,50.1,238.1,50.1,228.9,50.1,4.8,1110.0,890.0,80.0,36.0,84.0,100.0,7532
2025-01-24T14:22:43.000000+00:00,239.8,50.1,240.2,50.1,229.0,50.1,4.8,1100.0,880.0,80.0,37.0,83.9,100.0,7532
2025-01-24T14:23:43.000000+00:00,238.8,50.1,238.4,50.1,228.9,50.1,4.8,1100.0,880.0,80.0,37.0,83.9,100.0,7533
2025-01-24T14:24:43.000000+00:00,239.2,50.1,239.3,50.1,228.9,50.1,4.9,1110.0,890.0,80.0,37.0,83.9,100.0,7533
2025-01-24T14:25:43.000000+00:00,240.2,50.2,239.2,50.2,228.9,50.2,4.7,1080.0,850.0,79.0,36.0,83.9,100.0,7533
2025-01-24T14:26:43.000000+00:00,239.6,50.2,240.1,50.2,228.9,50.2,4.8,1090.0,870.0,80.0,37.0,83.9,100.0,7533
2025-01-24T14:27:43.000000+00:00,239.3,50.1,239.4,50.1,229.0,50.1,4.8,1100.0,870.0,79.0,37.0,83.8,100.0,7534
2025-01-24T14:28:44.000000+00:00,240.1,50.1,239.2,50.1,228.9,50.1,4.8,1090.0,870.0,80.0,36.0,83.8,100.0,7534
2025-01-24T14:29:44.000000+00:00,238.7,50.2,239.7,50.2,228.9,50.2,4.9,1120.0,900.0,80.0,37.0,83.8,100.0,7534
2025-01-24T14:30:44.000000+00:00,239.7,50.1,239.7,50.1,228.9,50.1,4.8,1100.0,870.0,79.0,36.0,83.8,100.0,7534
2025-01-24T14:31:44.000000+00:00,240.3,50.2,239.7,50.2,228.9,50.2,4.8,1090.0,870.0,80.0,36.0,83.8,100.0,7535
2025-01-24T14:32:44.000000+00:00,240.1,50.2,241.2,50.2,228.9,50.2,4.8,1090.0,870.0,80.0,36.0,83.8,100.0,7535
2025-01-24T14:33:44.000000+00:00,236.1,50.2,236.2,50.2,228.9,50.2,4.8,1090.0,870.0,80.0,36.0,83.8,100.0,7937
2025-01-24T14:34:44.000000+00:00,236.3,50.2,235.8,50.2,228.9,50.2,4.8,1090.0,880.0,81.0,36.0,83.8,100.0,7440
2025-01-24T14:35:44.000000+00:00,236.5,50.2,235.4,50.2,228.9,50.2,4.8,1090.0,880.0,81.0,36.0,83.8,100.0,7834
2025-01-24T14:36:44.000000+00:00,235.4,50.2,235.4,50.2,228.9,50.2,4.8,1090.0,870.0,80.0,36.0,83.8,100.0,7441
2025-01-24T14:37:44.000000+00:00,236.8,50.2,236.2,50.2,228.9,50.2,4.8,1100.0,870.0,79.0,37.0,83.8,100.0,7441
2025-01-24T14:38:44.000000+00:00,235.3,50.2,235.3,50.2,228.9,50.2,4.8,1090.0,870.0,80.0,36.0,83.8,100.0,7441
2025-01-24T14:39:44.000000+00:00,235.9,50.2,235.9,50.2,228.9,50.2,4.8,1110.0,890.0,80.0,37.0,83.8,100.0,7441
2025-01-24T14:40:44.000000+00:00,234.6,50.2,234.3,50.1,228.9,50.2,4.8,1100.0,880.0,80.0,36.0,83.8,100.0,7835
2025-01-24T14:41:44.000000+00:00,234.7,50.1,234.6,50.1,228.9,50.1,4.8,1090.0,870.0,80.0,37.0,83.7,100.0,7442
2025-01-24T14:42:44.000000+00:00,235.0,50.1,235.0,50.1,228.9,50.1,4.8,1090.0,870.0,80.0,37.0,83.7,100.0,7442
2025-01-24T14:43:44.000000+00:00,235.7,50.2,235.2,50.2,228.9,50.2,4.7,1070.0,850.0,79.0,36.0,83.8,100.0,7442
2025-01-24T14:44:44.000000+00:00,235.0,50.2,235.0,50.2,228.9,50.2,4.8,1100.0,880.0,80.0,37.0,83.7,100.0,7734
2025-01-24T14:45:44.000000+00:00,235.7,50.2,234.7,50.2,228.9,50.2,4.8,1090.0,870.0,80.0,36.0,83.8,100.0,7735
2025-01-24T14:46:44.000000+00:00,235.1,50.1,235.1,50.1,228.9,50.1,4.8,1090.0,870.0,80.0,36.0,84.0,100.0,7735
2025-01-24T14:47:44.000000+00:00,235.2,50.2,234.9,50.2,228.9,50.2,4.8,1110.0,890.0,80.0,37.0,84.1,100.0,7735
2025-01-24T14:48:44.000000+00:00,235.4,50.2,235.5,50.2,228.9,50.2,4.8,1090.0,870.0,80.0,36.0,84.1,100.0,7837
2025-01-24T14:49:44.000000+00:00,236.6,50.2,236.6,50.2,228.9,50.2,4.8,1100.0,890.0,81.0,37.0,84.2,100.0,7443
2025-01-24T14:50:44.000000+00:00,235.5,50.1,235.1,50.1,228.9,50.1,4.8,1100.0,870.0,79.0,36.0,84.2,100.0,7443
2025-01-24T14:51:44.000000+00:00,234.6,50.1,234.6,50.1,228.9,50.1,4.8,1100.0,880.0,80.0,36.0,84.2,100.0,7443
2025-01-24T14:52:44.000000+00:00,232.6,50.0,232.6,50.0,228.9,50.0,4.8,1110.0,880.0,79.0,37.0,84.1,100.0,7350
2025-01-24T14:53:44.000000+00:00,232.9,50.0,233.4,50.0,228.9,50.0,4.8,1100.0,870.0,79.0,37.0,84.1,100.0,7735
2025-01-24T14:54:44.000000+00:00,233.1,50.2,233.1,50.2,228.9,50.2,4.8,1090.0,870.0,80.0,37.0,84.0,100.0,7735
2025-01-24T14:55:44.000000+00:00,233.4,50.2,233.0,50.1,228.9,50.2,4.8,1090.0,870.0,80.0,36.0,84.0,100.0,7735
2025-01-24T14:56:44.000000+00:00,233.7,50.1,233.2,50.1,228.9,50.2,4.8,1110.0,890.0,80.0,37.0,83.9,100.0,7350
2025-01-24T14:57:44.000000+00:00,233.8,50.2,233.6,50.2,228.9,50.2,4.8,1110.0,890.0,80.0,36.0,83.9,100.0,7635
2025-01-24T14:58:44.000000+00:00,234.1,50.3,234.1,50.3,228.9,50.3,4.8,1090.0,870.0,80.0,36.0,83.9,100.0,7635
2025-01-24T14:59:44.000000+00:00,234.0,50.3,234.4,50.2,228.9,50.2,4.8,1100.0,880.0,80.0,37.0,83.9,100.0,7635
2025-01-24T15:00:44.000000+00:00,234.4,50.2,234.3,50.2,228.9,50.2,4.8,1090.0,870.0,80.0,36.0,83.8,100.0,7635
2025-01-24T15:01:44.000000+00:00,235.4,50.2,235.4,50.2,228.9,50.2,4.8,1090.0,870.0,80.0,36.0,83.8,100.0,7635
2025-01-24T15:02:44.000000+00:00,235.2,50.3,236.2,50.3,228.9,50.3,4.8,1100.0,890.0,81.0,37.0,83.8,100.0,7635
2025-01-24T15:03:44.000000+00:00,235.6,50.2,236.0,50.2,228.9,50.2,4.7,1080.0,860.0,80.0,36.0,83.8,100.0,7635
2025-01-24T15:04:44.000000+00:00,235.8,50.3,235.8,50.3,228.9,50.3,4.7,1090.0,870.0,80.0,36.0,83.8,100.0,7635
2025-01-24T15:05:44.000000+00:00,235.5,50.2,235.5,50.2,228.9,50.2,4.7,1080.0,850.0,79.0,36.0,83.8,100.0,7635
2025-01-24T15:06:44.000000+00:00,235.5,50.2,235.5,50.2,228.9,50.2,4.8,1100.0,880.0,80.0,36.0,83.8,100.0,7635
2025-01-24T15:07:44.000000+00:00,234.9,50.2,234.9,50.2,228.9,50.2,4.8,1110.0,890.0,80.0,36.0,83.8,100.0,7635
2025-01-24T15:08:44.000000+00:00,235.2,50.2,234.6,50.2,228.9,50.2,4.8,1090.0,870.0,80.0,36.0,83.8,100.0,7635
2025-01-24T15:09:44.000000+00:00,235.9,50.3,235.9,50.3,228.9,50.3,4.8,1090.0,870.0,80.0,36.0,83.8,100.0,7635
2025-01-24T15:10:44.000000+00:00,235.8,50.3,235.8,50.3,228.9,50.3,4.8,1090.0,870.0,80.0,36.0,83.8,100.0,7635
2025-01-24T15:11:44.000000+00:00,235.8,50.1,235.8,50.1,228.9,50.1,4.8,1100.0,870.0,79.0,36.0,83.8,100.0,7635
2025-01-24T15:12:44.000000+00:00,235.8,50.2,235.8,50.2,228.9,50.2,4.8,1090.0,870.0,80.0,37.0,84.0,100.0,7635
2025-01-24T15:13:44.000000+00:00,235.6,50.2,235.6,50.2,228.9,50.2,4.8,1090.0,870.0,80.0,36.0,84.1,100.0,7635
2025-01-24T15:14:44.000000+00:00,235.2,50.1,235.2,50.1,228.9,50.1,4.8,1110.0,890.0,80.0,37.0,84.2,100.0,7635
2025-01-24T15:15:44.000000+00:00,235.6,50.2,236.1,50.2,228.9,50.2,4.8,1090.0,870.0,80.0,37.0,84.2,100.0,7635
2025-01-24T15:16:44.000000+00:00,236.1,50.3,236.1,50.3,228.9,50.3,4.8,1090.0,870.0,80.0,37.0,84.3,100.0,7635
2025-01-24T15:17:44.000000+00:00,235.5,50.1,235.5,50.1,228.9,50.1,4.8,1110.0,890.0,80.0,37.0,84.2,100.0,7635
2025-01-24T15:18:44.000000+00:00,235.7,50.2,235.4,50.2,228.9,50.2,4.8,1090.0,870.0,80.0,37.0,84.1,100.0,7735
2025-01-24T15:19:44.000000+00:00,235.4,50.2,234.8,50.2,228.9,50.2,4.9,1110.0,900.0,80.0,37.0,84.1,100.0,7350
2025-01-24T15:20:44.000000+00:00,235.3,50.2,235.9,50.2,228.9,50.2,4.8,1090.0,870.0,80.0,37.0,84.0,100.0,7443
2025-01-24T15:21:44.000000+00:00,235.3,50.2,235.3,50.2,228.9,50.2,4.8,1100.0,880.0,80.0,37.0,83.9,100.0,7350
2025-01-24T15:22:44.000000+00:00,234.3,50.2,234.3,50.2,228.9,50.2,4.8,1100.0,890.0,81.0,36.0,83.9,100.0,7635
2025-01-24T15:23:44.000000+00:00,235.1,50.2,235.0,50.2,228.9,50.2,4.8,1090.0,880.0,81.0,36.0,83.9,100.0,7635
2025-01-24T15:24:44.000000+00:00,235.0,50.3,234.5,50.3,228.9,50.3,4.8,1100.0,890.0,81.0,36.0,83.8,100.0,7635
2025-01-24T15:25:44.000000+00:00,234.4,50.3,235.3,50.3,228.9,50.3,4.7,1080.0,860.0,80.0,36.0,83.8,100.0,7635
2025-01-24T15:26:44.000000+00:00,233.7,50.3,234.8,50.3,229.0,50.3,4.8,1090.0,870.0,80.0,36.0,83.8,100.0,7635
2025-01-24T15:27:44.000000+00:00,234.7,50.3,234.7,50.3,228.9,50.3,4.8,1090.0,880.0,81.0,36.0,83.8,100.0,7635
2025-01-24T15:28:44.000000+00:00,233.7,50.2,233.4,50.2,228.9,50.2,4.8,1090.0,870.0,80.0,36.0,83.8,100.0,7635
2025-01-24T15:29:44.000000+00:00,234.2,50.2,234.2,50.2,228.9,50.2,4.8,1100.0,880.0,80.0,37.0,83.8,100.0,7635
2025-01-24T15:30:45.000000+00:00,233.9,50.3,233.8,50.3,228.9,50.3,4.8,1090.0,870.0,80.0,36.0,83.8,100.0,7635
2025-01-24T15:31:45.000000+00:00,234.1,50.2,234.1,50.2,228.9,50.2,4.8,1090.0,870.0,80.0,36.0,83.8,100.0,7635
2025-01-24T15:32:45.000000+00:00,233.9,50.3,233.9,50.3,228.9,50.3,4.7,1080.0,860.0,80.0,36.0,83.8,100.0,7635
2025-01-24T15:33:45.000000+00:00,233.3,50.3,233.5,50.3,228.9,50.3,4.7,1070.0,850.0,79.0,36.0,83.8,100.0,7635
2025-01-24T15:34:45.000000+00:00,233.2,50.4,233.6,50.4,228.9,50.4,4.7,1080.0,860.0,80.0,36.0,83.8,100.0,7635
2025-01-24T15:35:45.000000+00:00,232.9,50.4,232.9,50.4,228.9,50.4,4.7,1070.0,850.0,79.0,36.0,83.7,100.0,7635
2025-01-24T15:36:45.000000+00:00,232.5,50.3,233.5,50.3,228.9,50.3,4.7,1080.0,860.0,80.0,37.0,83.8,100.0,7635
2025-01-24T15:37:45.000000+00:00,231.5,50.4,231.5,50.4,228.9,50.4,4.8,1100.0,890.0,81.0,37.0,83.8,100.0,7635
2025-01-24T15:38:45.000000+00:00,235.6,50.4,235.6,50.4,228.9,50.4,4.7,1090.0,870.0,80.0,36.0,84.0,100.0,7635
2025-01-24T15:39:45.000000+00:00,235.9,50.3,235.4,50.3,228.9,50.3,4.8,1100.0,900.0,82.0,36.0,84.1,100.0,7635
2025-01-24T15:40:45.000000+00:00,235.2,50.3,235.2,50.3,228.9,50.3,4.7,1080.0,870.0,81.0,36.0,84.1,100.0,7635
2025-01-24T15:41:45.000000+00:00,234.5,50.2,234.5,50.2,228.9,50.2,4.8,1090.0,870.0,80.0,36.0,84.2,100.0,7635
2025-01-24T15:42:45.000000+00:00,234.6,50.3,234.6,50.3,228.9,50.3,4.8,1110.0,890.0,80.0,37.0,84.3,100.0,7635
2025-01-24T15:43:45.000000+00:00,234.0,50.3,234.0,50.3,228.9,50.3,4.8,1090.0,870.0,80.0,37.0,84.2,100.0,7635
2025-01-24T15:44:45.000000+00:00,233.8,50.3,234.4,50.3,228.9,50.3,4.8,1110.0,900.0,81.0,37.0,84.1,100.0,7635
2025-01-24T15:45:45.000000+00:00,233.6,50.3,233.6,50.3,228.9,50.3,4.8,1090.0,870.0,80.0,37.0,84.1,100.0,7635
2025-01-24T15:46:45.000000+00:00,233.4,50.3,233.4,50.3,228.9,50.3,4.8,1100.0,880.0,80.0,36.0,84.0,100.0,7635
2025-01-24T15:47:45.000000+00:00,232.2,50.3,233.1,50.3,228.9,50.3,4.8,1090.0,870.0,80.0,37.0,84.0,100.0,7735
2025-01-24T15:48:45.000000+00:00,232.9,50.2,233.4,50.2,228.9,50.2,4.8,1110.0,900.0,81.0,36.0,83.9,100.0,7735
2025-01-24T15:49:45.000000+00:00,232.3,50.3,232.3,50.3,228.9,50.3,4.8,1090.0,870.0,80.0,37.0,83.9,100.0,7735
2025-01-24T15:50:45.000000+00:00,232.4,50.2,232.3,50.1,228.9,50.2,4.8,1090.0,870.0,80.0,37.0,83.9,100.0,7350
2025-01-24T15:51:45.000000+00:00,232.6,50.2,232.6,50.2,228.9,50.2,4.8,1100.0,880.0,80.0,37.0,83.8,100.0,7443
2025-01-24T15:52:45.000000+00:00,230.6,50.2,230.9,50.2,228.9,50.2,4.8,1110.0,890.0,80.0,37.0,83.8,100.0,7443
2025-01-24T15:53:45.000000+00:00,235.2,50.2,235.2,50.2,228.9,50.2,4.8,1090.0,870.0,80.0,37.0,83.8,100.0,7443
2025-01-24T15:54:45.000000+00:00,234.9,50.1,234.7,50.1,228.9,50.1,4.9,1120.0,900.0,80.0,37.0,83.8,100.0,7443
2025-01-24T15:55:45.000000+00:00,233.8,50.1,233.8,50.1,228.9,50.1,4.8,1100.0,870.0,79.0,37.0,83.8,100.0,7837
2025-01-24T15:56:45.000000+00:00,233.1,50.1,233.4,50.1,228.9,50.1,4.8,1110.0,890.0,80.0,37.0,83.8,100.0,7443
2025-01-24T15:57:45.000000+00:00,232.0,50.1,232.0,50.1,228.9,50.0,4.9,1120.0,900.0,80.0,37.0,83.8,100.0,7443
2025-01-24T15:58:45.000000+00:00,231.0,50.0,231.4,50.0,228.9,50.0,4.9,1120.0,900.0,80.0,37.0,83.8,100.0,7443
2025-01-24T15:59:45.000000+00:00,234.0,50.0,233.7,50.0,228.9,50.0,4.9,1110.0,890.0,80.0,37.0,83.8,100.0,7350
2025-01-24T16:00:45.000000+00:00,233.3,49.9,234.3,49.9,228.9,49.9,4.8,1110.0,880.0,79.0,37.0,83.8,100.0,7443
2025-01-24T16:01:45.000000+00:00,232.6,49.8,232.6,49.8,228.9,49.8,4.8,1110.0,880.0,79.0,37.0,83.8,100.0,7350
2025-01-24T16:02:45.000000+00:00,233.0,50.0,233.0,50.0,228.9,50.0,4.9,1120.0,890.0,79.0,37.0,83.8,100.0,7350
2025-01-24T16:03:45.000000+00:00,230.8,49.9,230.8,49.9,228.9,49.9,4.8,1100.0,870.0,79.0,37.0,83.8,100.0,7350
2025-01-24T16:04:45.000000+00:00,231.9,50.1,231.9,50.1,228.9,50.1,4.8,1110.0,880.0,79.0,36.0,83.8,100.0,7443
2025-01-24T16:05:45.000000+00:00,231.1,50.2,231.2,50.2,228.9,50.2,4.8,1090.0,870.0,80.0,36.0,83.8,100.0,7443
2025-01-24T16:06:45.000000+00:00,230.4,50.2,231.4,50.2,228.9,50.2,4.9,1110.0,900.0,80.0,37.0,83.7,100.0,7443
2025-01-24T16:07:45.000000+00:00,229.7,50.1,230.3,50.1,228.9,50.1,4.9,1120.0,900.0,80.0,36.0,83.7,100.0,7735
2025-01-24T16:08:45.000000+00:00,228.3,50.1,228.3,50.1,228.9,50.1,4.8,1090.0,870.0,80.0,36.0,83.7,100.0,7735
2025-01-24T16:09:45.000000+00:00,228.1,50.1,228.1,50.1,228.9,50.1,4.8,1100.0,880.0,80.0,36.0,83.8,100.0,7350
2025-01-24T16:10:45.000000+00:00,228.2,50.1,228.2,50.1,228.9,50.1,4.8,1100.0,870.0,79.0,37.0,83.7,100.0,7350
2025-01-24T16:11:45.000000+00:00,228.5,50.2,228.1,50.2,228.9,50.1,4.8,1100.0,880.0,80.0,36.0,83.8,100.0,7735
2025-01-24T16:12:45.000000+00:00,227.7,50.1,227.7,50.1,228.9,50.1,4.8,1090.0,870.0,80.0,37.0,84.0,100.0,7350
2025-01-24T16:13:45.000000+00:00,230.2,50.1,230.2,50.1,228.9,50.1,4.8,1100.0,880.0,80.0,37.0,84.1,100.0,7350
2025-01-24T16:14:45.000000+00:00,228.2,50.1,228.2,50.1,228.9,50.1,4.9,1110.0,890.0,80.0,37.0,84.2,100.0,7443
2025-01-24T16:15:45.000000+00:00,228.8,50.1,228.8,50.1,228.9,50.1,4.8,1090.0,860.0,79.0,36.0,84.2,100.0,7837
2025-01-24T16:16:45.000000+00:00,228.4,50.0,227.5,50.0,228.9,50.0,4.8,1100.0,880.0,80.0,36.0,84.3,100.0,7443
2025-01-24T16:17:45.000000+00:00,226.8,50.0,226.7,50.0,228.9,50.0,4.8,1110.0,890.0,80.0,37.0,84.2,100.0,7837
2025-01-24T16:18:45.000000+00:00,225.4,49.9,225.4,49.9,228.9,49.9,4.8,1090.0,860.0,79.0,37.0,84.1,100.0,7443
2025-01-24T16:19:45.000000+00:00,225.1,49.9,225.1,49.9,228.9,49.9,4.9,1120.0,900.0,80.0,37.0,84.0,100.0,7443
2025-01-24T16:20:45.000000+00:00,225.2,49.9,224.2,49.9,228.9,49.9,4.8,1110.0,880.0,79.0,37.0,84.0,100.0,7443
2025-01-24T16:21:45.000000+00:00,222.9,50.0,222.3,50.0,228.9,50.0,4.8,1100.0,880.0,80.0,37.0,84.0,100.0,7443
2025-01-24T16:22:45.000000+00:00,222.2,49.8,222.2,49.8,228.9,49.8,4.8,1110.0,880.0,79.0,37.0,83.9,100.0,7443
2025-01-24T16:23:45.000000+00:00,221.9,49.9,222.7,49.9,228.9,49.9,4.9,1120.0,900.0,80.0,37.0,83.9,100.0,7443
2025-01-24T16:24:45.000000+00:00,222.9,49.9,222.5,49.9,228.9,49.9,4.8,1110.0,880.0,79.0,37.0,83.9,100.0,7350
2025-01-24T16:25:45.000000+00:00,222.9,50.1,222.9,50.1,228.9,50.1,4.7,1080.0,850.0,79.0,37.0,83.9,100.0,7350
2025-01-24T16:26:45.000000+00:00,221.6,50.1,222.6,50.0,228.9,50.1,4.8,1100.0,870.0,79.0,37.0,83.9,100.0,7443
2025-01-24T16:27:45.000000+00:00,221.4,49.9,221.4,49.9,228.9,49.9,4.8,1110.0,880.0,79.0,37.0,83.8,100.0,7443
2025-01-24T16:28:45.000000+00:00,221.1,50.0,221.1,50.0,228.9,50.0,4.8,1100.0,880.0,80.0,37.0,83.8,100.0,7443
2025-01-24T16:29:45.000000+00:00,221.5,49.8,222.2,49.8,228.9,49.8,4.9,1120.0,890.0,79.0,37.0,83.9,100.0,7443
2025-01-24T16:30:45.000000+00:00,221.4,50.0,221.4,50.0,228.9,50.0,4.8,1100.0,870.0,79.0,37.0,83.8,100.0,7350
2025-01-24T16:31:46.000000+00:00,221.1,50.0,221.1,50.0,228.9,50.0,4.8,1100.0,870.0,79.0,37.0,83.8,100.0,7350
2025-01-24T16:32:46.000000+00:00,221.9,50.0,221.9,50.0,228.9,50.0,4.8,1100.0,870.0,79.0,37.0,83.8,100.0,7443
2025-01-24T16:33:46.000000+00:00,221.9,50.0,221.9,50.0,228.9,50.0,4.8,1100.0,880.0,80.0,37.0,83.8,100.0,7443
2025-01-24T16:34:46.000000+00:00,221.1,50.1,222.0,50.1,228.9,50.1,4.8,1100.0,870.0,79.0,37.0,83.8,100.0,7837
2025-01-24T16:35:46.000000+00:00,222.0,50.1,222.0,50.1,228.9,50.1,4.9,1120.0,890.0,79.0,37.0,83.8,100.0,7443
2025-01-24T16:36:46.000000+00:00,221.6,50.1,221.6,50.1,228.9,50.1,4.9,1110.0,890.0,80.0,37.0,83.8,100.0,7350
2025-01-24T16:37:46.000000+00:00,220.7,50.1,220.9,50.1,228.9,50.1,4.9,1110.0,900.0,81.0,37.0,83.8,100.0,7350
2025-01-24T16:38:46.000000+00:00,221.6,50.1,221.6,50.1,228.9,50.1,4.8,1100.0,870.0,79.0,37.0,83.8,100.0,7350
2025-01-24T16:39:46.000000+00:00,222.1,50.1,222.0,50.1,228.9,50.1,4.8,1100.0,870.0,79.0,37.0,83.8,100.0,7443
2025-01-24T16:40:46.000000+00:00,221.4,50.2,221.4,50.2,228.9,50.2,4.8,1100.0,870.0,79.0,36.0,83.8,100.0,7443
2025-01-24T16:41:46.000000+00:00,221.8,50.1,221.8,50.1,228.9,50.1,4.8,1100.0,870.0,79.0,36.0,83.8,100.0,7443
2025-01-24T16:42:46.000000+00:00,222.6,50.1,222.6,50.1,228.9,50.1,4.9,1110.0,900.0,81.0,36.0,83.8,100.0,7350
2025-01-24T16:43:46.000000+00:00,222.3,50.1,222.8,50.1,228.9,50.1,4.8,1090.0,870.0,80.0,37.0,83.8,100.0,7350
2025-01-24T16:44:46.000000+00:00,222.7,50.2,222.7,50.2,228.9,50.2,4.9,1120.0,900.0,80.0,37.0,83.8,100.0,7837
2025-01-24T16:45:46.000000+00:00,222.4,50.2,222.4,50.2,228.9,50.2,4.8,1100.0,890.0,81.0,37.0,83.8,100.0,7443
2025-01-24T16:46:46.000000+00:00,224.1,50.2,223.0,50.2,228.9,50.2,4.8,1110.0,890.0,80.0,37.0,83.8,100.0,7350
2025-01-24T16:47:46.000000+00:00,223.6,50.2,224.0,50.2,228.9,50.2,4.8,1100.0,880.0,80.0,37.0,83.8,100.0,7443
2025-01-24T16:48:46.000000+00:00,222.9,50.2,223.3,50.2,228.9,50.2,4.8,1100.0,880.0,80.0,37.0,83.8,100.0,7443
2025-01-24T16:49:46.000000+00:00,223.6,50.2,223.6,50.2,228.9,50.2,4.8,1100.0,870.0,79.0,37.0,83.8,100.0,7350
2025-01-24T16:50:46.000000+00:00,224.9,50.2,224.3,50.2,228.9,50.2,4.8,1090.0,870.0,80.0,37.0,83.8,100.0,7350
2025-01-24T16:51:46.000000+00:00,224.2,50.2,224.2,50.2,228.9,50.2,4.8,1090.0,870.0,80.0,37.0,83.8,100.0,7443
2025-01-24T16:52:46.000000+00:00,224.2,50.2,224.9,50.2,228.9,50.2,4.8,1100.0,880.0,80.0,37.0,83.8,100.0,7735
2025-01-24T16:53:46.000000+00:00,224.5,50.1,224.6,50.1,228.9,50.1,4.8,1110.0,890.0,80.0,37.0,83.8,100.0,7350
2025-01-24T16:54:46.000000+00:00,225.3,50.1,225.2,50.1,228.9,50.1,4.9,1110.0,900.0,81.0,37.0,83.8,100.0,7635
2025-01-24T16:55:46.000000+00:00,224.7,50.2,225.7,50.2,228.9,50.2,4.8,1110.0,890.0,80.0,37.0,83.8,100.0,7635
2025-01-24T16:56:46.000000+00:00,226.4,50.2,226.4,50.2,228.9,50.2,4.8,1090.0,860.0,79.0,36.0,83.8,100.0,7635
2025-01-24T16:57:46.000000+00:00,226.8,50.2,226.8,50.2,229.0,50.2,4.8,1100.0,870.0,79.0,37.0,83.8,100.0,7635
2025-01-24T16:58:46.000000+00:00,225.8,50.2,225.2,50.2,228.9,50.2,4.8,1110.0,900.0,81.0,36.0,83.8,100.0,7635
2025-01-24T16:59:46.000000+00:00,225.0,50.1,225.0,50.1,228.9,50.1,4.8,1110.0,890.0,80.0,37.0,83.8,100.0,7635
2025-01-24T17:00:46.000000+00:00,229.1,50.2,229.1,50.2,228.9,50.2,4.8,1090.0,880.0,81.0,36.0,83.8,100.0,7443
2025-01-24T17:01:46.000000+00:00,230.2,50.2,229.2,50.2,228.9,50.2,4.8,1090.0,870.0,80.0,36.0,83.8,100.0,7443
2025-01-24T17:02:46.000000+00:00,226.9,50.1,226.9,50.1,228.9,50.1,4.9,1110.0,900.0,81.0,37.0,83.8,100.0,7443
2025-01-24T17:03:46.000000+00:00,225.9,50.1,225.9,50.1,228.9,50.1,4.8,1100.0,870.0,79.0,37.0,83.8,100.0,7443
2025-01-24T17:04:46.000000+00:00,225.8,50.1,225.8,50.1,228.9,50.1,4.8,1090.0,860.0,79.0,37.0,83.8,100.0,7837
2025-01-24T17:05:46.000000+00:00,225.5,50.1,226.0,50.1,229.0,50.1,4.8,1100.0,860.0,78.0,37.0,83.8,100.0,7443
2025-01-24T17:06:46.000000+00:00,226.0,50.1,225.9,50.1,228.9,50.1,4.8,1100.0,880.0,80.0,37.0,83.8,100.0,7837
2025-01-24T17:07:46.000000+00:00,226.1,50.1,225.9,50.1,228.9,50.1,4.8,1100.0,870.0,79.0,37.0,83.8,100.0,7735
2025-01-24T17:08:46.000000+00:00,226.1,50.1,226.1,50.1,228.9,50.1,4.8,1090.0,870.0,80.0,37.0,83.8,100.0,7635
2025-01-24T17:09:46.000000+00:00,224.9,50.1,225.4,50.1,228.9,50.1,4.8,1090.0,870.0,80.0,36.0,83.8,100.0,7635
2025-01-24T17:10:46.000000+00:00,224.9,50.1,224.9,50.1,228.9,50.1,4.8,1100.0,870.0,79.0,36.0,83.8,100.0,7635
2025-01-24T17:11:46.000000+00:00,225.5,50.2,226.0,50.2,228.9,50.2,4.8,1090.0,870.0,80.0,36.0,83.8,100.0,7635
2025-01-24T17:12:46.000000+00:00,226.2,50.1,226.3,50.1,228.9,50.1,4.8,1100.0,870.0,79.0,37.0,83.8,100.0,7635
2025-01-24T17:13:46.000000+00:00,226.8,50.2,226.8,50.2,228.9,50.2,4.8,1100.0,890.0,81.0,37.0,83.8,100.0,7635
2025-01-24T17:14:46.000000+00:00,227.8,50.2,227.8,50.2,228.9,50.2,4.7,1080.0,860.0,80.0,37.0,83.8,100.0,7635
2025-01-24T17:15:46.000000+00:00,228.4,50.2,228.5,50.2,228.9,50.2,4.8,1100.0,880.0,80.0,37.0,83.8,100.0,7635
2025-01-24T17:16:46.000000+00:00,227.9,50.2,227.9,50.2,228.9,50.2,4.9,1120.0,900.0,80.0,37.0,83.8,100.0,7635
2025-01-24T17:17:46.000000+00:00,228.5,50.2,228.5,50.2,228.9,50.2,4.8,1100.0,890.0,81.0,37.0,83.8,100.0,7635
2025-01-24T17:18:46.000000+00:00,227.1,50.1,227.1,50.1,228.9,50.1,4.8,1100.0,880.0,80.0,36.0,83.8,100.0,7635
2025-01-24T17:19:46.000000+00:00,227.6,50.1,227.5,50.1,228.9,50.1,4.8,1100.0,870.0,79.0,37.0,83.8,100.0,7635
2025-01-24T17:20:46.000000+00:00,228.1,50.1,228.1,50.1,228.9,50.1,4.8,1100.0,870.0,79.0,37.0,83.8,100.0,7635
2025-01-24T17:21:46.000000+00:00,227.2,50.1,227.2,50.1,228.9,50.1,4.8,1110.0,890.0,80.0,37.0,83.8,100.0,7635
2025-01-24T17:22:46.000000+00:00,227.6,50.1,227.6,50.1,228.9,50.1,4.8,1110.0,890.0,80.0,37.0,83.8,100.0,7635
2025-01-24T17:23:46.000000+00:00,228.2,50.1,227.7,50.1,228.9,50.1,4.8,1100.0,870.0,79.0,37.0,83.8,100.0,7635
2025-01-24T17:24:46.000000+00:00,228.1,50.1,228.1,50.1,228.9,50.1,4.8,1100.0,870.0,79.0,37.0,83.8,100.0,7635
2025-01-24T17:25:46.000000+00:00,227.4,50.1,227.4,50.1,228.9,50.1,4.8,1110.0,890.0,80.0,37.0,83.8,100.0,7635
2025-01-24T17:26:46.000000+00:00,227.9,50.2,227.9,50.2,228.9,50.2,4.8,1100.0,870.0,79.0,37.0,83.8,100.0,7635
2025-01-24T17:27:46.000000+00:00,227.9,50.2,229.0,50.2,228.9,50.2,4.8,1110.0,880.0,79.0,37.0,83.8,100.0,7635
2025-01-24T17:28:46.000000+00:00,227.7,50.2,227.7,50.2,228.9,50.2,4.8,1110.0,890.0,80.0,37.0,83.8,100.0,7635
2025-01-24T17:29:46.000000+00:00,229.1,50.1,229.1,50.1,228.9,50.1,4.8,1100.0,880.0,80.0,37.0,83.8,100.0,7635
2025-01-24T17:30:46.000000+00:00,229.5,50.2,229.5,50.2,228.9,50.2,4.8,1090.0,870.0,80.0,36.0,83.8,100.0,7635
2025-01-24T17:31:46.000000+00:00,231.0,50.2,231.0,50.2,228.9,50.2,4.8,1090.0,870.0,80.0,36.0,83.7,100.0,7635
2025-01-24T17:32:46.000000+00:00,230.3,50.1,230.8,50.1,229.0,50.1,4.8,1100.0,870.0,79.0,37.0,83.8,100.0,7635
2025-01-24T17:33:47.000000+00:00,231.1,50.2,230.7,50.2,228.9,50.2,4.8,1100.0,880.0,80.0,37.0,83.8,100.0,7635
2025-01-24T17:34:47.000000+00:00,231.2,50.1,231.2,50.1,229.0,50.1,4.8,1100.0,870.0,79.0,36.0,83.8,100.0,7635
2025-01-24T17:35:47.000000+00:00,231.9,50.2,230.8,50.2,228.9,50.2,4.8,1110.0,890.0,80.0,37.0,83.8,100.0,7635
2025-01-24T17:36:47.000000+00:00,230.8,50.2,230.8,50.2,228.9,50.2,4.8,1100.0,890.0,81.0,36.0,83.8,100.0,7635
2025-01-24T17:37:47.000000+00:00,230.8,50.2,231.1,50.2,229.0,50.2,4.8,1100.0,880.0,80.0,37.0,83.7,100.0,7635
2025-01-24T17:38:47.000000+00:00,231.3,50.1,231.3,50.1,228.9,50.1,4.8,1100.0,870.0,79.0,36.0,83.8,100.0,7635
2025-01-24T17:39:47.000000+00:00,230.9,50.2,231.4,50.2,228.9,50.2,4.8,1100.0,880.0,80.0,36.0,83.8,100.0,7635
2025-01-24T17:40:47.000000+00:00,231.1,50.2,231.6,50.2,228.9,50.2,4.8,1090.0,870.0,80.0,36.0,83.8,100.0,7635
2025-01-24T17:41:47.000000+00:00,231.9,50.1,231.4,50.1,228.9,50.1,4.8,1090.0,860.0,79.0,36.0,83.8,100.0,7635
2025-01-24T17:42:47.000000+00:00,231.4,50.1,231.8,50.1,228.9,50.1,4.8,1110.0,890.0,80.0,37.0,83.8,100.0,7635
2025-01-24T17:43:47.000000+00:00,230.3,50.1,231.2,50.1,228.9,50.1,4.8,1110.0,890.0,80.0,37.0,83.8,100.0,7635
2025-01-24T17:44:47.000000+00:00,231.5,50.0,230.8,50.0,228.9,50.0,4.8,1110.0,880.0,79.0,37.0,83.8,100.0,7635
2025-01-24T17:45:47.000000+00:00,231.1,50.1,231.1,50.1,228.9,50.1,4.8,1100.0,870.0,79.0,37.0,83.7,100.0,7635
2025-01-24T17:46:47.000000+00:00,230.3,50.1,230.9,50.1,228.9,50.1,4.9,1120.0,900.0,80.0,36.0,83.7,100.0,7635
2025-01-24T17:47:47.000000+00:00,230.2,50.1,230.1,50.1,228.9,50.1,4.8,1090.0,870.0,80.0,36.0,83.8,100.0,7635
2025-01-24T17:48:47.000000+00:00,230.8,50.1,230.8,50.1,229.0,50.1,4.8,1100.0,870.0,79.0,37.0,83.7,100.0,7635
2025-01-24T17:49:47.000000+00:00,231.8,50.1,231.8,50.1,228.9,50.1,4.8,1090.0,870.0,80.0,36.0,83.7,100.0,7635
2025-01-24T17:50:47.000000+00:00,232.5,50.2,231.9,50.2,228.9,50.2,4.8,1090.0,870.0,80.0,37.0,83.8,100.0,7635
2025-01-24T17:51:47.000000+00:00,232.5,50.1,232.5,50.1,228.9,50.1,4.8,1090.0,870.0,80.0,37.0,83.8,100.0,7635
2025-01-24T17:52:47.000000+00:00,232.8,50.2,232.8,50.2,228.9,50.2,4.8,1100.0,880.0,80.0,37.0,83.8,100.0,7635
2025-01-24T17:53:47.000000+00:00,233.1,50.2,232.6,50.2,228.9,50.2,4.8,1100.0,880.0,80.0,37.0,83.8,100.0,7635
2025-01-24T17:54:47.000000+00:00,232.0,50.2,232.2,50.2,228.9,50.2,4.8,1110.0,890.0,80.0,36.0,83.8,100.0,7635
2025-01-24T17:55:47.000000+00:00,232.3,50.1,232.3,50.1,228.9,50.1,4.8,1100.0,870.0,79.0,37.0,83.8,100.0,7635
2025-01-24T17:56:47.000000+00:00,232.7,50.2,231.8,50.2,228.9,50.2,4.8,1090.0,870.0,80.0,37.0,83.8,100.0,7635
2025-01-24T17:57:47.000000+00:00,232.1,50.1,232.3,50.1,228.9,50.1,4.8,1110.0,890.0,80.0,37.0,83.8,100.0,7635
2025-01-24T17:58:47.000000+00:00,232.4,50.1,232.4,50.1,228.9,50.1,4.8,1090.0,870.0,80.0,36.0,83.8,100.0,7635
2025-01-24T17:59:47.000000+00:00,233.6,50.2,233.5,50.2,228.9,50.2,4.8,1110.0,890.0,80.0,37.0,83.7,100.0,7259
2025-01-24T18:00:47.000000+00:00,233.6,50.1,233.6,50.1,228.9,50.1,4.8,1100.0,880.0,80.0,37.0,83.8,100.0,7635
2025-01-24T18:01:47.000000+00:00,234.1,50.2,234.2,50.2,228.9,50.2,4.8,1100.0,870.0,79.0,37.0,83.7,100.0,7635
2025-01-24T18:02:47.000000+00:00,233.9,50.1,233.9,50.1,228.9,50.1,4.8,1100.0,880.0,80.0,37.0,83.7,100.0,7350
2025-01-24T18:03:47.000000+00:00,233.6,50.1,233.6,50.0,228.9,50.1,4.9,1110.0,890.0,80.0,37.0,83.8,100.0,7350
2025-01-24T18:04:47.000000+00:00,234.7,50.1,234.7,50.1,228.9,50.1,4.8,1100.0,880.0,80.0,37.0,83.8,100.0,7443
2025-01-24T18:05:47.000000+00:00,234.0,50.1,234.0,50.1,229.0,50.1,4.8,1110.0,890.0,80.0,37.0,83.8,100.0,7443
2025-01-24T18:06:47.000000+00:00,234.3,50.1,234.4,50.1,228.9,50.1,4.8,1110.0,890.0,80.0,37.0,83.8,100.0,7443
2025-01-24T18:07:47.000000+00:00,234.8,50.2,234.8,50.2,229.0,50.2,4.8,1110.0,890.0,80.0,37.0,83.8,100.0,7443
2025-01-24T18:08:47.000000+00:00,235.7,50.1,235.2,50.1,229.0,50.1,4.8,1100.0,880.0,80.0,36.0,83.8,100.0,7443
2025-01-24T18:09:47.000000+00:00,236.4,50.3,236.3,50.3,229.0,50.3,4.8,1100.0,880.0,80.0,37.0,83.8,100.0,7443
2025-01-24T18:10:47.000000+00:00,237.4,50.3,237.4,50.3,228.9,50.3,4.8,1100.0,880.0,80.0,36.0,83.8,100.0,7443
2025-01-24T18:11:47.000000+00:00,237.6,50.2,237.6,50.2,228.9,50.2,4.8,1090.0,880.0,81.0,36.0,83.8,100.0,7350
2025-01-24T18:12:47.000000+00:00,237.7,50.2,237.3,50.2,228.9,50.2,4.9,1120.0,910.0,81.0,37.0,83.7,100.0,7350
2025-01-24T18:13:47.000000+00:00,237.0,50.3,237.2,50.3,229.0,50.3,4.8,1100.0,880.0,80.0,37.0,83.8,100.0,7350
2025-01-24T18:14:47.000000+00:00,236.4,50.1,236.4,50.1,228.9,50.1,4.9,1130.0,920.0,81.0,37.0,83.7,100.0,7350
2025-01-24T18:15:47.000000+00:00,237.0,50.2,237.0,50.2,229.0,50.2,4.8,1100.0,880.0,80.0,37.0,83.8,100.0,7350
2025-01-24T18:16:47.000000+00:00,236.6,50.2,237.5,50.2,229.0,50.2,4.8,1100.0,870.0,79.0,37.0,83.7,100.0,7350
2025-01-24T18:17:47.000000+00:00,237.0,50.2,237.3,50.2,228.9,50.2,4.8,1120.0,900.0,80.0,37.0,83.8,100.0,7350
2025-01-24T18:18:47.000000+00:00,237.4,50.2,237.4,50.2,229.0,50.2,4.7,1080.0,860.0,80.0,36.0,83.8,100.0,7350
2025-01-24T18:19:47.000000+00:00,237.1,50.2,237.1,50.2,228.9,50.2,4.8,1100.0,880.0,80.0,37.0,83.7,100.0,7443
2025-01-24T18:20:47.000000+00:00,237.3,50.2,237.3,50.2,229.0,50.2,4.8,1090.0,870.0,80.0,37.0,83.7,100.0,7443
2025-01-24T18:21:47.000000+00:00,239.2,50.2,238.7,50.2,229.0,50.2,4.8,1100.0,880.0,80.0,36.0,83.8,100.0,7350
2025-01-24T18:22:47.000000+00:00,235.1,50.2,235.1,50.2,228.9,50.2,4.9,1110.0,900.0,81.0,37.0,83.8,100.0,7350
2025-01-24T18:23:47.000000+00:00,234.3,50.2,234.0,50.2,228.9,50.2,4.8,1100.0,880.0,80.0,37.0,83.7,100.0,7350
2025-01-24T18:24:47.000000+00:00,233.7,50.2,233.7,50.2,228.9,50.2,4.9,1120.0,900.0,80.0,37.0,83.7,100.0,7350
2025-01-24T18:25:47.000000+00:00,235.0,50.2,235.0,50.2,229.0,50.2,4.8,1100.0,880.0,80.0,37.0,83.8,100.0,7837
2025-01-24T18:26:47.000000+00:00,235.1,50.2,235.6,50.1,229.0,50.2,4.8,1110.0,880.0,79.0,37.0,83.8,100.0,7443
2025-01-24T18:27:47.000000+00:00,235.6,50.2,236.6,50.2,229.0,50.2,4.8,1100.0,880.0,80.0,36.0,83.7,100.0,7443
2025-01-24T18:28:47.000000+00:00,236.7,50.2,236.3,50.2,228.9,50.2,4.7,1080.0,860.0,80.0,36.0,83.7,100.0,7443
2025-01-24T18:29:47.000000+00:00,237.3,50.3,236.8,50.3,229.0,50.3,4.8,1090.0,870.0,80.0,37.0,83.8,100.0,7350
2025-01-24T18:30:47.000000+00:00,237.8,50.2,237.8,50.2,229.0,50.2,4.8,1100.0,880.0,80.0,36.0,83.7,100.0,7350
2025-01-24T18:31:47.000000+00:00,237.5,50.3,237.9,50.3,228.9,50.3,4.8,1090.0,870.0,80.0,36.0,83.8,100.0,7350
2025-01-24T18:32:47.000000+00:00,238.2,50.3,238.2,50.3,229.0,50.3,4.8,1100.0,890.0,81.0,36.0,83.8,100.0,7350
2025-01-24T18:33:47.000000+00:00,238.5,50.3,238.5,50.3,228.9,50.3,4.8,1110.0,890.0,80.0,36.0,83.8,100.0,7350
2025-01-24T18:34:47.000000+00:00,238.3,50.3,238.3,50.3,228.9,50.3,4.8,1100.0,890.0,81.0,37.0,83.7,100.0,7443
2025-01-24T18:35:47.000000+00:00,237.9,50.3,238.5,50.3,229.0,50.3,4.8,1090.0,870.0,80.0,36.0,83.7,100.0,7443
2025-01-24T18:36:47.000000+00:00,238.8,50.4,238.8,50.3,228.9,50.3,4.8,1090.0,870.0,80.0,36.0,83.7,100.0,7443
2025-01-24T18:37:47.000000+00:00,239.4,50.4,239.4,50.4,229.0,50.4,4.8,1090.0,880.0,81.0,36.0,83.8,100.0,7443
2025-01-24T18:38:47.000000+00:00,234.5,50.3,234.5,50.3,228.9,50.3,4.8,1110.0,900.0,81.0,36.0,83.8,100.0,7443
2025-01-24T18:39:48.000000+00:00,235.4,50.3,234.4,50.3,228.9,50.3,4.7,1090.0,870.0,80.0,36.0,83.7,100.0,7443
2025-01-24T18:40:48.000000+00:00,234.9,50.3,234.8,50.3,228.9,50.3,4.8,1090.0,870.0,80.0,36.0,83.8,100.0,7443
2025-01-24T18:41:48.000000+00:00,234.6,50.3,234.6,50.3,228.9,50.3,4.8,1090.0,880.0,81.0,36.0,83.8,100.0,7350
2025-01-24T18:42:48.000000+00:00,234.7,50.1,234.6,50.1,228.9,50.1,4.8,1110.0,890.0,80.0,36.0,83.8,100.0,7350
2025-01-24T18:43:48.000000+00:00,235.4,50.2,235.9,50.2,228.9,50.2,4.8,1090.0,870.0,80.0,36.0,83.8,100.0,7350
2025-01-24T18:44:48.000000+00:00,234.8,50.2,234.8,50.2,229.0,50.2,4.8,1110.0,890.0,80.0,36.0,83.7,100.0,7443
2025-01-24T18:45:48.000000+00:00,235.5,50.2,235.5,50.2,228.9,50.2,4.8,1100.0,890.0,81.0,37.0,83.8,100.0,7443
2025-01-24T18:46:48.000000+00:00,234.9,50.1,234.9,50.1,228.9,50.1,4.8,1100.0,870.0,79.0,36.0,83.8,100.0,7443
2025-01-24T18:47:48.000000+00:00,235.5,50.2,235.5,50.2,228.9,50.2,4.8,1110.0,900.0,81.0,36.0,83.8,100.0,7350
2025-01-24T18:48:48.000000+00:00,237.5,50.2,237.5,50.2,228.9,50.2,4.8,1090.0,880.0,81.0,36.0,83.8,100.0,7350
2025-01-24T18:49:48.000000+00:00,237.2,50.3,237.6,50.3,228.9,50.3,4.8,1090.0,870.0,80.0,36.0,83.8,100.0,7443
2025-01-24T18:50:48.000000+00:00,239.1,50.3,239.0,50.3,228.9,50.3,4.8,1090.0,870.0,80.0,36.0,83.8,100.0,7538
2025-01-24T18:51:48.000000+00:00,239.3,50.2,238.8,50.2,228.9,50.2,4.8,1090.0,870.0,80.0,36.0,83.8,100.0,7538
2025-01-24T18:52:48.000000+00:00,238.7,50.3,238.7,50.3,229.0,50.3,4.8,1090.0,870.0,80.0,37.0,83.8,100.0,7538
2025-01-24T18:53:48.000000+00:00,239.2,50.3,239.1,50.3,228.9,50.3,4.8,1100.0,890.0,81.0,36.0,83.8,100.0,7538
2025-01-24T18:54:48.000000+00:00,240.3,50.3,240.1,50.3,229.0,50.3,4.8,1100.0,890.0,81.0,36.0,83.8,100.0,7538
2025-01-24T18:55:48.000000+00:00,235.2,50.3,235.2,50.3,228.9,50.3,4.8,1100.0,890.0,81.0,36.0,83.8,100.0,7538
2025-01-24T18:56:48.000000+00:00,236.1,50.2,235.8,50.2,228.9,50.2,4.8,1100.0,890.0,81.0,37.0,83.8,100.0,7538
2025-01-24T18:57:48.000000+00:00,235.3,50.3,235.3,50.3,228.9,50.3,4.8,1090.0,870.0,80.0,36.0,83.8,100.0,7538
2025-01-24T18:58:48.000000+00:00,236.5,50.2,235.4,50.2,228.9,50.2,4.8,1100.0,870.0,79.0,36.0,83.8,100.0,7538
2025-01-24T18:59:48.000000+00:00,235.9,50.1,235.9,50.1,229.0,50.1,4.8,1110.0,880.0,79.0,37.0,83.8,100.0,7538
2025-01-24T19:00:48.000000+00:00,235.8,50.1,235.8,50.1,228.9,50.1,4.8,1090.0,870.0,80.0,37.0,83.8,100.0,7538
2025-01-24T19:01:48.000000+00:00,237.5,50.2,237.5,50.2,228.9,50.2,4.8,1090.0,870.0,80.0,36.0,83.8,100.0,7538
2025-01-24T19:02:48.000000+00:00,238.1,50.2,237.0,50.2,228.9,50.2,4.8,1100.0,880.0,80.0,37.0,83.8,100.0,7538
2025-01-24T19:03:48.000000+00:00,237.8,50.2,237.9,50.2,228.9,50.2,4.8,1110.0,890.0,80.0,37.0,83.8,100.0,7538
2025-01-24T19:04:48.000000+00:00,238.0,50.3,238.0,50.3,229.0,50.3,4.8,1090.0,870.0,80.0,37.0,83.8,100.0,7941
2025-01-24T19:05:48.000000+00:00,238.0,50.3,238.0,50.3,229.0,50.3,4.8,1090.0,880.0,81.0,37.0,83.8,100.0,7538
2025-01-24T19:06:48.000000+00:00,238.7,50.3,238.7,50.3,229.0,50.3,4.8,1090.0,870.0,80.0,37.0,83.8,100.0,7538
2025-01-24T19:07:48.000000+00:00,239.0,50.2,239.0,50.2,228.9,50.2,4.9,1110.0,900.0,81.0,37.0,83.8,100.0,7538
2025-01-24T19:08:48.000000+00:00,239.5,50.2,238.9,50.2,229.0,50.2,4.8,1090.0,870.0,80.0,36.0,83.8,100.0,7538
2025-01-24T19:09:48.000000+00:00,237.8,50.3,237.8,50.3,228.9,50.3,4.8,1110.0,900.0,81.0,36.0,83.8,100.0,7538
2025-01-24T19:10:48.000000+00:00,237.1,50.3,237.1,50.3,228.9,50.3,4.8,1090.0,870.0,80.0,36.0,83.8,100.0,7538
2025-01-24T19:11:48.000000+00:00,237.9,50.2,238.4,50.2,228.9,50.2,4.8,1090.0,870.0,80.0,36.0,83.8,100.0,7538
2025-01-24T19:12:48.000000+00:00,237.4,50.1,237.4,50.1,229.0,50.1,4.8,1090.0,870.0,80.0,37.0,83.8,100.0,7538
2025-01-24T19:13:48.000000+00:00,237.0,50.1,237.9,50.1,228.9,50.1,4.9,1120.0,900.0,80.0,37.0,83.8,100.0,7538
2025-01-24T19:14:48.000000+00:00,237.7,50.2,237.7,50.2,229.0,50.2,4.8,1090.0,870.0,80.0,37.0,83.8,100.0,7538
2025-01-24T19:15:48.000000+00:00,237.1,50.1,237.5,50.1,229.0,50.1,4.8,1100.0,870.0,79.0,37.0,83.8,100.0,7538
2025-01-24T19:16:48.000000+00:00,237.6,50.1,237.5,50.1,228.9,50.1,4.8,1090.0,870.0,80.0,36.0,83.8,100.0,7538
2025-01-24T19:17:48.000000+00:00,237.3,50.2,237.3,50.2,229.0,50.2,4.7,1090.0,860.0,79.0,36.0,83.8,100.0,7538
2025-01-24T19:18:48.000000+00:00,237.5,50.2,238.5,50.2,228.9,50.2,4.8,1090.0,870.0,80.0,36.0,83.8,100.0,7538
2025-01-24T19:19:48.000000+00:00,238.0,50.1,238.0,50.1,228.9,50.1,4.8,1100.0,870.0,79.0,37.0,83.8,100.0,7538
2025-01-24T19:20:48.000000+00:00,237.7,50.2,237.7,50.2,228.9,50.2,4.8,1090.0,870.0,80.0,36.0,83.8,100.0,7635
2025-01-24T19:21:48.000000+00:00,237.7,50.2,238.1,50.2,228.9,50.2,4.8,1090.0,870.0,80.0,36.0,83.8,100.0,7259
2025-01-24T19:22:48.000000+00:00,237.8,50.2,238.4,50.2,229.0,50.2,4.8,1100.0,880.0,80.0,37.0,83.8,100.0,7635
2025-01-24T19:23:48.000000+00:00,238.8,50.2,238.8,50.2,228.9,50.2,4.8,1100.0,880.0,80.0,37.0,83.8,100.0,7635
2025-01-24T19:24:48.000000+00:00,238.9,50.2,238.9,50.2,228.9,50.2,4.8,1110.0,900.0,81.0,37.0,83.8,100.0,7635
2025-01-24T19:25:48.000000+00:00,239.6,50.2,240.0,50.2,228.9,50.2,4.9,1110.0,900.0,81.0,37.0,83.8,100.0,7635
2025-01-24T19:26:48.000000+00:00,239.2,50.2,238.3,50.2,229.0,50.2,4.8,1100.0,870.0,79.0,37.0,83.8,100.0,7635
2025-01-24T19:27:48.000000+00:00,238.4,50.1,238.4,50.1,228.9,50.1,4.9,1110.0,900.0,81.0,37.0,83.8,100.0,7635
2025-01-24T19:28:48.000000+00:00,238.9,50.1,238.9,50.1,228.9,50.1,4.7,1080.0,850.0,79.0,36.0,83.8,100.0,7635
2025-01-24T19:29:48.000000+00:00,239.2,50.2,239.2,50.2,228.9,50.2,4.8,1100.0,880.0,80.0,36.0,83.8,100.0,7635
2025-01-24T19:30:48.000000+00:00,240.4,50.2,240.4,50.2,229.0,50.2,4.8,1100.0,870.0,79.0,36.0,83.8,100.0,7635
2025-01-24T19:31:48.000000+00:00,240.3,50.2,240.3,50.2,229.0,50.2,4.8,1090.0,880.0,81.0,36.0,83.8,100.0,7635
2025-01-24T19:32:48.000000+00:00,235.7,50.2,235.7,50.2,228.9,50.2,4.8,1100.0,890.0,81.0,37.0,83.8,100.0,7635
2025-01-24T19:33:48.000000+00:00,236.3,50.2,237.2,50.2,228.9,50.2,4.8,1090.0,870.0,80.0,37.0,83.8,100.0,7635
2025-01-24T19:34:48.000000+00:00,237.2,50.1,237.2,50.1,228.9,50.1,4.8,1090.0,870.0,80.0,37.0,83.8,100.0,7635
2025-01-24T19:35:48.000000+00:00,238.0,50.2,238.0,50.2,228.9,50.2,4.8,1100.0,880.0,80.0,36.0,83.8,100.0,7635
2025-01-24T19:36:48.000000+00:00,237.0,50.2,237.0,50.2,228.9,50.2,4.8,1090.0,870.0,80.0,36.0,83.8,100.0,7635
2025-01-24T19:37:48.000000+00:00,237.8,50.2,237.8,50.2,228.9,50.2,4.8,1100.0,880.0,80.0,37.0,83.8,100.0,7635
2025-01-24T19:38:48.000000+00:00,239.0,50.2,239.1,50.2,228.9,50.2,4.7,1080.0,850.0,79.0,36.0,83.8,100.0,7635
2025-01-24T19:39:48.000000+00:00,238.3,50.2,238.9,50.2,228.9,50.2,4.7,1090.0,860.0,79.0,36.0,83.8,100.0,7635
2025-01-24T19:40:48.000000+00:00,238.6,50.2,238.6,50.2,228.9,50.2,4.8,1090.0,870.0,80.0,36.0,83.8,100.0,7635
2025-01-24T19:41:48.000000+00:00,239.3,50.2,239.2,50.2,228.9,50.2,4.8,1100.0,880.0,80.0,36.0,83.8,100.0,7635
2025-01-24T19:42:48.000000+00:00,240.4,50.2,240.4,50.2,229.0,50.2,4.8,1090.0,870.0,80.0,37.0,83.8,100.0,7635
2025-01-24T19:43:48.000000+00:00,240.2,50.2,240.2,50.2,229.0,50.2,4.8,1090.0,880.0,81.0,36.0,83.8,100.0,7635
2025-01-24T19:44:48.000000+00:00,240.3,50.2,240.9,50.2,228.9,50.2,4.8,1110.0,890.0,80.0,36.0,83.8,100.0,7635
2025-01-24T19:45:48.000000+00:00,241.0,50.2,241.0,50.2,228.9,50.2,4.8,1090.0,870.0,80.0,36.0,83.8,100.0,7635
2025-01-24T19:46:49.000000+00:00,240.9,50.2,240.4,50.2,228.9,50.2,4.8,1100.0,880.0,80.0,37.0,83.8,100.0,7635
2025-01-24T19:47:49.000000+00:00,240.9,50.2,239.8,50.2,228.9,50.2,4.8,1090.0,870.0,80.0,36.0,83.8,100.0,7635
2025-01-24T19:48:49.000000+00:00,240.2,50.2,240.7,50.2,228.9,50.2,4.8,1090.0,870.0,80.0,36.0,83.8,100.0,7635
2025-01-24T19:49:49.000000+00:00,240.7,50.2,240.7,50.2,228.9,50.2,4.8,1090.0,870.0,80.0,36.0,83.8,100.0,7635
2025-01-24T19:50:49.000000+00:00,237.9,50.3,237.4,50.3,229.0,50.3,4.7,1090.0,870.0,80.0,36.0,83.8,100.0,7635
2025-01-24T19:51:49.000000+00:00,236.9,50.2,236.9,50.2,228.9,50.2,4.8,1090.0,870.0,80.0,36.0,83.8,100.0,7635
2025-01-24T19:52:49.000000+00:00,237.4,50.2,237.4,50.2,228.9,50.2,4.9,1120.0,900.0,80.0,37.0,83.8,100.0,7635
2025-01-24T19:53:49.000000+00:00,237.5,50.3,237.7,50.3,229.0,50.3,4.8,1090.0,870.0,80.0,37.0,83.8,100.0,7635
2025-01-24T19:54:49.000000+00:00,237.7,50.2,239.0,50.2,228.9,50.2,4.8,1100.0,890.0,81.0,37.0,83.8,100.0,7635
2025-01-24T19:55:49.000000+00:00,239.3,50.2,238.8,50.2,228.9,50.2,4.8,1090.0,870.0,80.0,37.0,83.8,100.0,7635
2025-01-24T19:56:49.000000+00:00,238.8,50.2,238.8,50.2,228.9,50.2,4.7,1090.0,860.0,79.0,36.0,83.8,100.0,7635
2025-01-24T19:57:49.000000+00:00,238.7,50.1,238.7,50.1,228.9,50.1,4.8,1090.0,860.0,79.0,37.0,83.8,100.0,7350
2025-01-24T19:58:49.000000+00:00,239.9,50.2,239.9,50.2,228.9,50.2,4.8,1090.0,870.0,80.0,36.0,83.8,100.0,7350
2025-01-24T19:59:49.000000+00:00,239.3,50.3,239.3,50.3,228.9,50.3,4.8,1090.0,880.0,81.0,36.0,83.8,100.0,7259
2025-01-24T20:00:49.000000+00:00,239.6,50.3,239.6,50.3,228.9,50.3,4.7,1090.0,870.0,80.0,36.0,83.8,100.0,7635
2025-01-24T20:01:49.000000+00:00,238.8,50.2,239.3,50.2,228.9,50.2,4.8,1090.0,870.0,80.0,37.0,83.8,100.0,7635
2025-01-24T20:02:49.000000+00:00,239.4,50.2,238.9,50.2,228.9,50.2,4.8,1090.0,880.0,81.0,37.0,83.8,100.0,7635
2025-01-24T20:03:49.000000+00:00,240.1,50.2,239.5,50.2,228.9,50.2,4.8,1100.0,880.0,80.0,36.0,83.8,100.0,7735
2025-01-24T20:04:49.000000+00:00,239.9,50.3,240.0,50.3,228.9,50.3,4.8,1100.0,880.0,80.0,36.0,83.8,100.0,7837
2025-01-24T20:05:49.000000+00:00,239.3,50.0,239.3,50.0,228.9,50.0,4.9,1120.0,900.0,80.0,37.0,83.8,100.0,7443
2025-01-24T20:06:49.000000+00:00,240.4,50.2,240.4,50.2,228.9,50.2,4.8,1090.0,870.0,80.0,36.0,83.8,100.0,7443
2025-01-24T20:07:49.000000+00:00,239.5,50.2,240.0,50.2,228.9,50.2,4.8,1100.0,880.0,80.0,36.0,83.8,100.0,7443
2025-01-24T20:08:49.000000+00:00,240.1,50.3,240.1,50.3,228.9,50.3,4.8,1090.0,870.0,80.0,36.0,83.8,100.0,7443
2025-01-24T20:09:49.000000+00:00,240.2,50.2,240.2,50.2,228.9,50.2,4.8,1090.0,870.0,80.0,36.0,83.8,100.0,7443
2025-01-24T20:10:49.000000+00:00,240.6,50.3,240.6,50.3,228.9,50.3,4.7,1080.0,860.0,80.0,36.0,83.8,100.0,7443
2025-01-24T20:11:49.000000+00:00,240.3,50.1,240.3,50.1,229.0,50.1,4.8,1090.0,870.0,80.0,37.0,83.8,100.0,7735
2025-01-24T20:12:49.000000+00:00,240.0,50.2,239.8,50.2,228.9,50.2,4.8,1100.0,870.0,79.0,37.0,83.8,100.0,7837
2025-01-24T20:13:49.000000+00:00,239.8,50.2,240.8,50.2,228.9,50.2,4.8,1110.0,890.0,80.0,37.0,83.8,100.0,7443
2025-01-24T20:14:49.000000+00:00,240.6,50.2,240.6,50.2,228.9,50.2,4.9,1110.0,900.0,81.0,36.0,83.8,100.0,7350
2025-01-24T20:15:49.000000+00:00,240.9,50.2,240.9,50.2,229.0,50.2,4.8,1100.0,870.0,79.0,36.0,83.8,100.0,7350
2025-01-24T20:16:49.000000+00:00,240.6,50.1,240.6,50.1,228.9,50.1,4.8,1100.0,880.0,80.0,36.0,83.8,100.0,7350
2025-01-24T20:17:49.000000+00:00,240.6,50.1,240.6,50.1,228.9,50.1,4.8,1110.0,890.0,80.0,36.0,83.8,100.0,7350
2025-01-24T20:18:49.000000+00:00,241.3,50.1,241.5,50.1,229.0,50.1,4.8,1100.0,880.0,80.0,36.0,83.8,100.0,7350
2025-01-24T20:19:49.000000+00:00,241.8,50.1,241.3,50.1,228.9,50.1,4.8,1100.0,870.0,79.0,36.0,83.8,100.0,7443
2025-01-24T20:20:49.000000+00:00,241.9,50.2,241.9,50.2,228.9,50.2,4.8,1090.0,870.0,80.0,36.0,83.8,100.0,7350
2025-01-24T20:21:49.000000+00:00,238.9,50.3,239.5,50.3,228.9,50.3,4.8,1090.0,880.0,81.0,36.0,83.8,100.0,7350
2025-01-24T20:22:49.000000+00:00,239.1,50.2,239.1,50.2,228.9,50.2,4.8,1100.0,880.0,80.0,37.0,83.8,100.0,7350
2025-01-24T20:23:49.000000+00:00,238.5,50.2,239.1,50.2,228.9,50.2,4.8,1100.0,870.0,79.0,37.0,83.8,100.0,7538
2025-01-24T20:24:49.000000+00:00,238.4,50.1,238.4,50.1,228.9,50.2,4.9,1120.0,900.0,80.0,37.0,83.8,100.0,7443
2025-01-24T20:25:49.000000+00:00,238.5,50.1,238.6,50.1,228.9,50.1,4.8,1090.0,870.0,80.0,37.0,83.8,100.0,7443
2025-01-24T20:26:49.000000+00:00,238.0,50.2,238.0,50.2,228.9,50.2,4.8,1090.0,870.0,80.0,36.0,83.8,100.0,7443
2025-01-24T20:27:49.000000+00:00,238.8,50.2,238.8,50.2,228.9,50.2,4.8,1090.0,870.0,80.0,36.0,83.8,100.0,7350
2025-01-24T20:28:49.000000+00:00,239.0,50.2,239.6,50.2,229.0,50.2,4.8,1090.0,870.0,80.0,36.0,83.8,100.0,7350
2025-01-24T20:29:49.000000+00:00,239.9,50.2,238.9,50.2,228.9,50.2,4.8,1100.0,880.0,80.0,36.0,83.8,100.0,7350
2025-01-24T20:30:49.000000+00:00,240.4,50.2,239.9,50.2,228.9,50.3,4.8,1090.0,880.0,81.0,36.0,83.8,100.0,7350
2025-01-24T20:31:49.000000+00:00,239.7,50.2,239.3,50.2,228.9,50.2,4.8,1090.0,870.0,80.0,37.0,83.8,100.0,7735
2025-01-24T20:32:49.000000+00:00,239.5,50.2,239.0,50.2,228.9,50.2,4.8,1110.0,890.0,80.0,37.0,83.8,100.0,7350
2025-01-24T20:33:49.000000+00:00,239.0,50.1,239.1,50.1,228.9,50.1,4.8,1110.0,890.0,80.0,37.0,83.8,100.0,7350
2025-01-24T20:34:49.000000+00:00,239.9,50.1,239.4,50.1,228.9,50.1,4.8,1090.0,860.0,79.0,37.0,83.8,100.0,7443
2025-01-24T20:35:49.000000+00:00,239.5,50.1,239.5,50.1,228.9,50.1,4.9,1110.0,890.0,80.0,37.0,83.8,100.0,7443
2025-01-24T20:36:49.000000+00:00,239.9,50.1,239.9,50.1,228.9,50.1,4.8,1100.0,870.0,79.0,37.0,83.8,100.0,7443
2025-01-24T20:37:49.000000+00:00,240.4,50.1,240.4,50.1,228.9,50.1,4.8,1100.0,880.0,80.0,37.0,83.8,100.0,7443
2025-01-24T20:38:49.000000+00:00,240.0,50.1,240.0,50.1,228.9,50.1,4.8,1100.0,880.0,80.0,37.0,83.8,100.0,7443
2025-01-24T20:39:49.000000+00:00,240.9,50.2,240.4,50.1,228.9,50.2,4.8,1100.0,880.0,80.0,36.0,83.8,100.0,7443
2025-01-24T20:40:49.000000+00:00,240.2,50.1,241.2,50.1,228.9,50.1,4.8,1100.0,880.0,80.0,37.0,83.8,100.0,7443
2025-01-24T20:41:49.000000+00:00,241.1,50.1,241.1,50.1,228.9,50.1,4.8,1100.0,880.0,80.0,37.0,83.8,100.0,7350
2025-01-24T20:42:49.000000+00:00,241.4,50.1,241.5,50.1,228.9,50.1,4.9,1120.0,900.0,80.0,37.0,83.8,100.0,7635
2025-01-24T20:43:49.000000+00:00,241.1,50.1,241.1,50.1,228.9,50.1,4.8,1110.0,890.0,80.0,37.0,83.8,100.0,7635
2025-01-24T20:44:49.000000+00:00,240.7,50.1,240.7,50.1,228.9,50.1,4.8,1110.0,890.0,80.0,36.0,83.8,100.0,7259
2025-01-24T20:45:49.000000+00:00,240.7,50.0,240.3,50.0,228.9,50.0,4.8,1110.0,880.0,79.0,37.0,83.8,100.0,7635
2025-01-24T20:46:49.000000+00:00,241.3,50.0,240.9,50.0,229.0,50.0,4.8,1100.0,880.0,80.0,37.0,83.8,100.0,7635
2025-01-24T20:47:49.000000+00:00,240.3,50.1,240.9,50.1,228.9,50.1,4.8,1100.0,870.0,79.0,37.0,83.8,100.0,7635
2025-01-24T20:48:49.000000+00:00,241.5,50.1,241.5,50.1,228.9,50.1,4.8,1100.0,880.0,80.0,37.0,83.8,100.0,7635
2025-01-24T20:49:49.000000+00:00,241.6,50.1,241.6,50.1,228.9,50.1,4.8,1100.0,870.0,79.0,37.0,83.8,100.0,7635
2025-01-24T20:50:49.000000+00:00,241.3,50.1,241.3,50.1,228.9,50.1,4.8,1100.0,880.0,80.0,37.0,83.8,100.0,7635
2025-01-24T20:51:50.000000+00:00,241.9,50.1,241.9,50.1,228.9,50.1,4.8,1100.0,880.0,80.0,37.0,83.8,100.0,7259
2025-01-24T20:52:50.000000+00:00,241.7,50.0,242.1,50.0,229.0,50.0,4.9,1120.0,910.0,81.0,37.0,83.8,100.0,7635
2025-01-24T20:53:50.000000+00:00,241.3,50.0,241.3,50.0,228.9,50.0,4.8,1110.0,890.0,80.0,37.0,83.8,100.0,7635
2025-01-24T20:54:50.000000+00:00,241.5,50.1,241.5,50.1,229.0,50.1,4.8,1090.0,860.0,79.0,36.0,83.8,100.0,7635
2025-01-24T20:55:50.000000+00:00,242.1,50.0,241.5,50.0,228.9,50.0,4.8,1100.0,880.0,80.0,37.0,83.8,100.0,7635
2025-01-24T20:56:50.000000+00:00,242.2,50.0,241.8,50.0,229.0,50.0,4.8,1090.0,860.0,79.0,36.0,83.8,100.0,7635
2025-01-24T20:57:50.000000+00:00,241.8,50.1,241.7,50.1,229.0,50.1,4.8,1100.0,880.0,80.0,37.0,83.8,100.0,7635
2025-01-24T20:58:50.000000+00:00,237.8,50.1,237.8,50.1,228.9,50.1,4.8,1100.0,880.0,80.0,37.0,83.8,100.0,7635
2025-01-24T20:59:50.000000+00:00,238.5,50.1,238.5,50.1,228.9,50.1,4.7,1080.0,850.0,79.0,36.0,83.8,100.0,7635
2025-01-24T21:00:50.000000+00:00,238.3,50.1,238.3,50.1,228.9,50.1,4.8,1100.0,880.0,80.0,37.0,83.8,100.0,7635
2025-01-24T21:01:50.000000+00:00,238.1,50.1,238.2,50.1,228.9,50.1,4.8,1100.0,870.0,79.0,36.0,83.8,100.0,7635
2025-01-24T21:02:50.000000+00:00,238.4,50.2,239.4,50.2,228.9,50.2,4.8,1100.0,880.0,80.0,36.0,83.8,100.0,7635
2025-01-24T21:03:50.000000+00:00,239.0,50.2,239.0,50.2,229.0,50.2,4.8,1100.0,890.0,81.0,37.0,83.8,100.0,7735
2025-01-24T21:04:50.000000+00:00,239.8,50.2,239.3,50.2,228.9,50.2,4.8,1090.0,870.0,80.0,36.0,83.8,100.0,7837
2025-01-24T21:05:50.000000+00:00,240.0,50.2,240.0,50.2,228.9,50.2,4.8,1090.0,870.0,80.0,36.0,83.8,100.0,7443
2025-01-24T21:06:50.000000+00:00,240.0,50.2,240.4,50.2,228.9,50.2,4.7,1080.0,850.0,79.0,36.0,83.8,100.0,7443
2025-01-24T21:07:50.000000+00:00,241.2,50.2,241.2,50.2,228.9,50.2,4.8,1100.0,880.0,80.0,37.0,83.8,100.0,7443
2025-01-24T21:08:50.000000+00:00,241.1,50.3,241.1,50.3,228.9,50.3,4.8,1090.0,870.0,80.0,36.0,83.9,100.0,7443
2025-01-24T21:09:50.000000+00:00,241.3,50.3,241.3,50.3,228.9,50.3,4.8,1090.0,870.0,80.0,36.0,83.8,100.0,7837
2025-01-24T21:10:50.000000+00:00,240.6,50.0,240.1,50.0,228.9,50.0,4.8,1100.0,880.0,80.0,37.0,83.8,100.0,7443
2025-01-24T21:11:50.000000+00:00,240.8,50.1,240.8,50.1,228.9,50.1,4.8,1100.0,880.0,80.0,37.0,83.8,100.0,7443
2025-01-24T21:12:50.000000+00:00,240.3,50.1,240.3,50.1,228.9,50.1,4.8,1110.0,890.0,80.0,37.0,83.8,100.0,7635
2025-01-24T21:13:50.000000+00:00,240.4,50.1,240.4,50.1,228.9,50.1,4.8,1110.0,890.0,80.0,37.0,83.8,100.0,7635
2025-01-24T21:14:50.000000+00:00,240.3,50.2,240.3,50.2,229.0,50.2,4.7,1080.0,850.0,79.0,36.0,83.8,100.0,7635
2025-01-24T21:15:50.000000+00:00,241.1,50.2,241.2,50.2,228.9,50.2,4.8,1100.0,880.0,80.0,37.0,83.8,100.0,7635
2025-01-24T21:16:50.000000+00:00,241.5,50.2,241.5,50.2,228.9,50.2,4.7,1080.0,850.0,79.0,36.0,83.9,100.0,7635
2025-01-24T21:17:50.000000+00:00,241.9,50.2,241.9,50.2,228.9,50.2,4.8,1090.0,870.0,80.0,37.0,83.8,100.0,7350
2025-01-24T21:18:50.000000+00:00,241.4,50.2,241.7,50.2,229.0,50.2,4.8,1090.0,870.0,80.0,36.0,83.8,100.0,7350
2025-01-24T21:19:50.000000+00:00,240.5,50.2,241.0,50.2,228.9,50.2,4.8,1090.0,870.0,80.0,37.0,83.8,100.0,7735
2025-01-24T21:20:50.000000+00:00,241.5,50.2,241.4,50.2,229.0,50.2,4.8,1090.0,870.0,80.0,36.0,83.8,100.0,7443
2025-01-24T21:21:50.000000+00:00,241.7,50.2,241.7,50.2,228.9,50.2,4.8,1110.0,900.0,81.0,37.0,83.8,100.0,7443
2025-01-24T21:22:50.000000+00:00,242.4,50.2,242.4,50.2,228.9,50.2,4.8,1100.0,880.0,80.0,37.0,83.8,100.0,7443
2025-01-24T21:23:50.000000+00:00,242.0,50.2,242.0,50.2,229.0,50.2,4.8,1090.0,870.0,80.0,37.0,83.8,100.0,7443
2025-01-24T21:24:50.000000+00:00,241.7,50.2,240.8,50.2,228.9,50.2,4.8,1090.0,870.0,80.0,36.0,83.9,100.0,7837
2025-01-24T21:25:50.000000+00:00,241.6,50.3,241.6,50.3,228.9,50.3,4.8,1100.0,890.0,81.0,36.0,83.8,100.0,7443
2025-01-24T21:26:50.000000+00:00,242.5,50.2,242.5,50.2,228.9,50.2,4.8,1090.0,870.0,80.0,36.0,83.8,100.0,7837
2025-01-24T21:27:50.000000+00:00,242.5,50.2,242.5,50.2,229.0,50.2,4.8,1090.0,870.0,80.0,36.0,83.8,100.0,7443
2025-01-24T21:28:50.000000+00:00,242.4,50.2,241.4,50.2,229.0,50.2,4.8,1100.0,880.0,80.0,36.0,83.9,100.0,7443
2025-01-24T21:29:50.000000+00:00,241.7,50.1,241.8,50.1,228.9,50.1,4.8,1100.0,880.0,80.0,37.0,83.8,100.0,7443
2025-01-24T21:30:50.000000+00:00,241.7,50.2,241.7,50.2,228.9,50.2,4.8,1100.0,880.0,80.0,37.0,83.8,100.0,7350
2025-01-24T21:31:50.000000+00:00,241.9,50.3,241.9,50.2,229.0,50.2,4.8,1090.0,870.0,80.0,36.0,83.8,100.0,7635
2025-01-24T21:32:50.000000+00:00,240.8,50.2,240.8,50.2,228.9,50.2,4.8,1110.0,890.0,80.0,37.0,83.8,100.0,7350
2025-01-24T21:33:50.000000+00:00,240.9,50.1,240.8,50.1,228.9,50.1,4.8,1110.0,890.0,80.0,37.0,83.8,100.0,7735
2025-01-24T21:34:50.000000+00:00,241.5,50.2,241.5,50.2,229.0,50.2,4.8,1090.0,870.0,80.0,36.0,83.9,100.0,7735
2025-01-24T21:35:50.000000+00:00,241.1,50.2,241.1,50.2,228.9,50.2,4.8,1090.0,870.0,80.0,36.0,83.9,100.0,7350
2025-01-24T21:36:50.000000+00:00,241.5,50.2,240.5,50.2,228.9,50.2,4.8,1100.0,880.0,80.0,36.0,83.8,100.0,7735
2025-01-24T21:37:50.000000+00:00,241.8,50.2,241.3,50.2,228.9,50.2,4.8,1100.0,880.0,80.0,37.0,83.8,100.0,7350
2025-01-24T21:38:50.000000+00:00,241.2,50.3,241.2,50.3,228.9,50.3,4.8,1090.0,870.0,80.0,36.0,83.8,100.0,7350
2025-01-24T21:39:50.000000+00:00,240.7,50.3,240.7,50.3,228.9,50.3,4.8,1090.0,870.0,80.0,36.0,83.9,100.0,7735
2025-01-24T21:40:50.000000+00:00,241.1,50.2,240.7,50.2,229.0,50.2,4.7,1090.0,860.0,80.0,37.0,83.9,100.0,7350
2025-01-24T21:41:50.000000+00:00,241.3,50.3,241.3,50.3,229.0,50.3,4.8,1090.0,870.0,80.0,36.0,83.9,100.0,7635
2025-01-24T21:42:50.000000+00:00,241.3,50.3,241.3,50.3,228.9,50.3,4.8,1090.0,870.0,80.0,37.0,83.9,100.0,7635
2025-01-24T21:43:50.000000+00:00,241.1,50.3,242.2,50.3,229.0,50.3,4.8,1090.0,880.0,81.0,36.0,83.9,100.0,7635
2025-01-24T21:44:50.000000+00:00,241.7,50.3,241.7,50.3,228.9,50.3,4.8,1090.0,880.0,81.0,36.0,83.9,100.0,7635
2025-01-24T21:45:50.000000+00:00,240.6,50.2,240.6,50.2,228.9,50.2,4.8,1100.0,880.0,80.0,37.0,83.9,100.0,7635
2025-01-24T21:46:50.000000+00:00,242.1,50.3,242.1,50.3,228.9,50.3,4.8,1090.0,870.0,80.0,36.0,83.8,100.0,7635
2025-01-24T21:47:50.000000+00:00,241.3,50.2,240.7,50.2,229.0,50.2,4.8,1090.0,870.0,80.0,36.0,83.8,100.0,7635
2025-01-24T21:48:50.000000+00:00,241.7,50.2,241.7,50.2,229.0,50.2,4.8,1100.0,880.0,80.0,36.0,83.9,100.0,7635
2025-01-24T21:49:50.000000+00:00,241.2,50.2,242.1,50.2,228.9,50.2,4.8,1090.0,870.0,80.0,37.0,83.8,100.0,7635
2025-01-24T21:50:50.000000+00:00,241.5,50.3,241.5,50.3,229.0,50.3,4.8,1090.0,870.0,80.0,36.0,83.8,100.0,7635
2025-01-24T21:51:50.000000+00:00,242.1,50.2,242.1,50.2,229.0,50.2,4.8,1110.0,890.0,80.0,37.0,83.9,100.0,7635
2025-01-24T21:52:50.000000+00:00,242.1,50.3,241.5,50.3,228.9,50.3,4.8,1100.0,890.0,81.0,37.0,83.9,100.0,7635
2025-01-24T21:53:50.000000+00:00,242.5,50.3,242.5,50.3,228.9,50.3,4.8,1100.0,890.0,81.0,36.0,83.8,100.0,7635
2025-01-24T21:54:50.000000+00:00,242.2,50.3,242.2,50.2,228.9,50.3,4.7,1070.0,850.0,79.0,36.0,83.9,100.0,7635
2025-01-24T21:55:50.000000+00:00,242.0,50.3,242.0,50.3,228.9,50.3,4.8,1090.0,870.0,80.0,36.0,83.9,100.0,7635
2025-01-24T21:56:50.000000+00:00,242.3,50.3,242.3,50.3,228.9,50.3,4.7,1080.0,860.0,80.0,37.0,83.9,100.0,7635
2025-01-24T21:57:50.000000+00:00,241.8,50.3,241.8,50.3,228.9,50.3,4.8,1090.0,870.0,80.0,36.0,83.9,100.0,7635
2025-01-24T21:58:51.000000+00:00,242.2,50.3,242.7,50.3,229.0,50.3,4.8,1090.0,870.0,80.0,36.0,83.9,100.0,7635
2025-01-24T21:59:51.000000+00:00,241.9,50.3,241.8,50.3,228.9,50.3,4.8,1090.0,870.0,80.0,36.0,83.9,100.0,7635
2025-01-24T22:00:51.000000+00:00,241.7,50.2,242.5,50.2,228.9,50.2,4.8,1100.0,880.0,80.0,37.0,83.9,100.0,7635
2025-01-24T22:01:51.000000+00:00,242.4,50.3,242.3,50.3,228.9,50.3,4.8,1090.0,870.0,80.0,37.0,83.9,100.0,7635
2025-01-24T22:02:51.000000+00:00,242.2,50.3,242.2,50.3,228.9,50.3,4.8,1100.0,890.0,81.0,37.0,83.8,100.0,7635
2025-01-24T22:03:51.000000+00:00,242.8,50.3,241.9,50.3,229.0,50.3,4.8,1090.0,870.0,80.0,36.0,83.9,100.0,7735
2025-01-24T22:04:51.000000+00:00,241.2,50.2,241.3,50.2,228.9,50.2,4.8,1090.0,870.0,80.0,36.0,83.9,100.0,7735
2025-01-24T22:05:51.000000+00:00,241.8,50.3,242.9,50.3,228.9,50.3,4.7,1080.0,870.0,81.0,36.0,83.9,100.0,7635
2025-01-24T22:06:51.000000+00:00,243.1,50.3,242.2,50.3,228.9,50.3,4.7,1080.0,870.0,81.0,36.0,83.8,100.0,7635
2025-01-24T22:07:51.000000+00:00,242.1,50.3,243.2,50.3,229.0,50.3,4.8,1100.0,880.0,80.0,36.0,83.8,100.0,7259
2025-01-24T22:08:51.000000+00:00,242.3,50.3,242.3,50.3,229.0,50.3,4.8,1090.0,870.0,80.0,36.0,83.8,100.0,7635
2025-01-24T22:09:51.000000+00:00,242.9,50.3,242.5,50.3,228.9,50.3,4.7,1080.0,860.0,80.0,36.0,83.8,100.0,7635
2025-01-24T22:10:51.000000+00:00,239.9,50.3,239.9,50.3,228.9,50.3,4.7,1090.0,870.0,80.0,36.0,83.8,100.0,7350
2025-01-24T22:11:51.000000+00:00,239.8,50.3,239.5,50.3,229.0,50.3,4.8,1100.0,880.0,80.0,37.0,83.9,100.0,7350
2025-01-24T22:12:51.000000+00:00,239.7,50.3,238.7,50.3,228.9,50.3,4.8,1090.0,870.0,80.0,37.0,83.9,100.0,7635
2025-01-24T22:13:51.000000+00:00,238.3,50.3,238.3,50.3,228.9,50.3,4.8,1090.0,870.0,80.0,37.0,83.9,100.0,7635
2025-01-24T22:14:51.000000+00:00,238.8,50.3,238.8,50.3,228.9,50.3,4.8,1090.0,870.0,80.0,36.0,83.8,100.0,7259
2025-01-24T22:15:51.000000+00:00,238.5,50.3,238.7,50.3,228.9,50.3,4.8,1080.0,870.0,81.0,37.0,83.9,100.0,7635
2025-01-24T22:16:51.000000+00:00,239.3,50.3,239.3,50.3,228.9,50.3,4.8,1090.0,870.0,80.0,36.0,83.9,100.0,7635
2025-01-24T22:17:51.000000+00:00,240.4,50.3,240.4,50.3,228.9,50.3,4.8,1090.0,870.0,80.0,36.0,83.8,100.0,7350
2025-01-24T22:18:51.000000+00:00,239.8,50.3,239.8,50.3,228.9,50.3,4.8,1090.0,870.0,80.0,36.0,83.9,100.0,7735
2025-01-24T22:19:51.000000+00:00,239.8,50.3,239.8,50.3,228.9,50.3,4.8,1090.0,870.0,80.0,36.0,83.9,100.0,7350
2025-01-24T22:20:51.000000+00:00,238.5,50.2,238.5,50.2,228.9,50.2,4.8,1090.0,870.0,80.0,36.0,83.9,100.0,7735
2025-01-24T22:21:51.000000+00:00,240.0,50.2,239.7,50.2,228.9,50.2,4.8,1090.0,880.0,81.0,36.0,83.9,100.0,7443
2025-01-24T22:22:51.000000+00:00,239.4,50.3,239.4,50.3,228.9,50.3,4.9,1110.0,900.0,81.0,36.0,83.9,100.0,7443
2025-01-24T22:23:51.000000+00:00,238.5,50.2,239.1,50.2,228.9,50.2,4.8,1100.0,890.0,81.0,36.0,83.9,100.0,7443
2025-01-24T22:24:51.000000+00:00,239.1,50.1,239.6,50.1,228.9,50.1,4.9,1110.0,900.0,81.0,36.0,83.9,100.0,7443
2025-01-24T22:25:51.000000+00:00,238.9,50.1,238.9,50.1,228.9,50.1,4.8,1100.0,880.0,80.0,36.0,83.9,100.0,7443
2025-01-24T22:26:51.000000+00:00,239.4,50.2,239.4,50.2,228.9,50.2,4.8,1090.0,870.0,80.0,36.0,83.8,100.0,7350
2025-01-24T22:27:51.000000+00:00,239.9,50.1,239.3,50.1,228.9,50.1,4.8,1090.0,870.0,80.0,36.0,83.9,100.0,7635
2025-01-24T22:28:51.000000+00:00,239.0,50.1,239.6,50.1,228.9,50.1,4.8,1100.0,870.0,79.0,36.0,83.9,100.0,7635
2025-01-24T22:29:51.000000+00:00,239.0,50.1,239.0,50.1,228.9,50.1,4.8,1100.0,870.0,79.0,36.0,83.9,100.0,7635
2025-01-24T22:30:51.000000+00:00,239.0,50.1,239.0,50.1,228.9,50.1,4.8,1110.0,890.0,80.0,37.0,83.9,100.0,7635
2025-01-24T22:31:51.000000+00:00,238.6,50.1,238.6,50.1,228.9,50.1,4.8,1100.0,880.0,80.0,37.0,83.9,100.0,7635
2025-01-24T22:32:51.000000+00:00,239.2,50.2,239.2,50.2,228.9,50.2,4.9,1120.0,900.0,80.0,37.0,83.9,100.0,7635
2025-01-24T22:33:51.000000+00:00,239.3,50.1,239.3,50.1,228.9,50.1,4.8,1110.0,880.0,79.0,36.0,83.9,100.0,7635
2025-01-24T22:34:51.000000+00:00,239.2,50.2,239.2,50.2,228.9,50.2,4.8,1090.0,870.0,80.0,36.0,83.9,100.0,7635
2025-01-24T22:35:51.000000+00:00,232.1,50.1,231.2,50.1,229.0,50.1,4.8,1090.0,870.0,80.0,37.0,83.9,100.0,7635
2025-01-24T22:36:51.000000+00:00,238.9,50.1,239.3,50.1,228.9,50.1,4.8,1090.0,870.0,80.0,37.0,83.9,100.0,7635
2025-01-24T22:37:51.000000+00:00,240.0,50.3,240.5,50.3,228.9,50.3,4.7,1080.0,870.0,81.0,37.0,83.9,100.0,7635
2025-01-24T22:38:51.000000+00:00,240.4,50.3,241.0,50.3,228.9,50.3,4.7,1090.0,870.0,80.0,36.0,83.8,100.0,7635
2025-01-24T22:39:51.000000+00:00,240.4,50.2,240.4,50.2,228.9,50.2,4.8,1090.0,870.0,80.0,36.0,83.9,100.0,7635
2025-01-24T22:40:51.000000+00:00,240.9,50.3,240.9,50.3,228.9,50.3,4.7,1090.0,870.0,80.0,36.0,83.9,100.0,7635
2025-01-24T22:41:51.000000+00:00,239.7,50.1,239.7,50.1,228.9,50.1,4.8,1090.0,870.0,80.0,37.0,83.9,100.0,7635
2025-01-24T22:42:51.000000+00:00,240.3,50.2,240.3,50.2,228.9,50.2,4.8,1100.0,880.0,80.0,37.0,83.9,100.0,7635
2025-01-24T22:43:51.000000+00:00,239.9,50.2,240.9,50.2,229.0,50.2,4.8,1100.0,870.0,79.0,36.0,83.8,100.0,7635
2025-01-24T22:44:51.000000+00:00,240.1,50.1,240.1,50.1,228.9,50.1,4.8,1090.0,870.0,80.0,37.0,83.9,100.0,7259
2025-01-24T22:45:51.000000+00:00,240.3,50.1,240.8,50.2,228.9,50.2,4.8,1100.0,880.0,80.0,37.0,83.9,100.0,7635
2025-01-24T22:46:51.000000+00:00,240.3,50.1,239.9,50.1,228.9,50.1,4.8,1090.0,870.0,80.0,36.0,83.9,100.0,7635
2025-01-24T22:47:51.000000+00:00,239.6,50.2,239.5,50.2,228.9,50.2,4.8,1090.0,870.0,80.0,36.0,83.9,100.0,7350
2025-01-24T22:48:51.000000+00:00,239.6,50.1,239.6,50.1,228.9,50.1,4.8,1100.0,870.0,79.0,36.0,83.9,100.0,7350
2025-01-24T22:49:51.000000+00:00,239.6,50.1,239.6,50.1,228.9,50.1,4.8,1090.0,870.0,80.0,36.0,83.9,100.0,7350
2025-01-24T22:50:51.000000+00:00,240.5,50.2,240.5,50.2,228.9,50.2,4.8,1090.0,870.0,80.0,36.0,83.9,100.0,7350
2025-01-24T22:51:51.000000+00:00,239.6,50.2,239.8,50.2,228.9,50.2,4.8,1090.0,870.0,80.0,37.0,83.9,100.0,7443
2025-01-24T22:52:51.000000+00:00,239.4,50.1,239.0,50.1,228.9,50.1,4.8,1100.0,880.0,80.0,37.0,83.9,100.0,7350
2025-01-24T22:53:51.000000+00:00,240.0,50.2,240.0,50.2,228.9,50.2,4.8,1090.0,870.0,80.0,37.0,83.9,100.0,7350
2025-01-24T22:54:51.000000+00:00,240.3,50.2,239.9,50.2,229.0,50.2,4.8,1090.0,880.0,81.0,36.0,83.8,100.0,7443
2025-01-24T22:55:51.000000+00:00,239.6,50.2,239.6,50.2,228.9,50.2,4.8,1090.0,870.0,80.0,37.0,83.9,100.0,7443
2025-01-24T22:56:51.000000+00:00,240.6,50.3,240.2,50.3,228.9,50.3,4.8,1090.0,870.0,80.0,37.0,83.9,100.0,7350
2025-01-24T22:57:51.000000+00:00,241.6,50.3,240.7,50.3,228.9,50.3,4.7,1090.0,870.0,80.0,36.0,83.9,100.0,7350
2025-01-24T22:58:51.000000+00:00,241.2,50.3,241.2,50.3,228.9,50.3,4.7,1080.0,860.0,80.0,36.0,83.9,100.0,7350
2025-01-24T22:59:51.000000+00:00,241.7,50.2,241.7,50.2,228.9,50.2,4.8,1090.0,870.0,80.0,36.0,83.9,100.0,7259
2025-01-24T23:00:51.000000+00:00,240.4,50.3,241.5,50.3,228.9,50.3,4.8,1100.0,880.0,80.0,37.0,83.9,100.0,7350
2025-01-24T23:01:51.000000+00:00,240.9,50.3,240.9,50.3,228.9,50.3,4.8,1100.0,890.0,81.0,37.0,83.9,100.0,7443
2025-01-24T23:02:51.000000+00:00,240.2,50.2,240.7,50.2,229.0,50.2,4.8,1110.0,890.0,80.0,37.0,83.9,100.0,7443
2025-01-24T23:03:51.000000+00:00,241.1,50.2,240.3,50.2,228.9,50.2,4.8,1100.0,870.0,79.0,36.0,83.9,100.0,7443
2025-01-24T23:04:51.000000+00:00,241.2,50.2,241.2,50.2,228.9,50.2,4.8,1100.0,880.0,80.0,37.0,83.9,100.0,7837
2025-01-24T23:05:51.000000+00:00,241.1,50.2,241.1,50.2,228.9,50.2,4.8,1090.0,870.0,80.0,36.0,83.9,100.0,7443
2025-01-24T23:06:52.000000+00:00,241.6,50.3,241.0,50.3,228.9,50.3,4.8,1090.0,870.0,80.0,36.0,83.9,100.0,7837
2025-01-24T23:07:52.000000+00:00,241.5,50.2,241.1,50.2,228.9,50.2,4.8,1100.0,880.0,80.0,37.0,83.9,100.0,7350
2025-01-24T23:08:52.000000+00:00,241.4,50.2,240.9,50.2,228.9,50.2,4.8,1090.0,870.0,80.0,36.0,83.9,100.0,7350
2025-01-24T23:09:52.000000+00:00,241.8,50.2,241.8,50.2,228.9,50.2,4.8,1090.0,870.0,80.0,37.0,83.9,100.0,7837
2025-01-24T23:10:52.000000+00:00,240.2,50.1,240.2,50.1,228.9,50.1,4.8,1100.0,880.0,80.0,36.0,83.9,100.0,7443
2025-01-24T23:11:52.000000+00:00,240.7,50.3,240.7,50.3,228.9,50.3,4.8,1100.0,880.0,80.0,37.0,83.9,100.0,7350
2025-01-24T23:12:52.000000+00:00,240.4,50.2,241.0,50.2,228.9,50.2,4.8,1100.0,870.0,79.0,37.0,83.9,100.0,7350
2025-01-24T23:13:52.000000+00:00,239.8,50.2,239.8,50.2,228.9,50.2,4.8,1100.0,890.0,81.0,37.0,83.9,100.0,7350
2025-01-24T23:14:52.000000+00:00,241.2,50.2,241.2,50.2,228.9,50.2,4.8,1090.0,870.0,80.0,37.0,83.9,100.0,7443
2025-01-24T23:15:52.000000+00:00,240.2,50.2,241.1,50.2,228.9,50.2,4.8,1100.0,880.0,80.0,37.0,83.9,100.0,7350
2025-01-24T23:16:52.000000+00:00,240.2,50.1,240.6,50.1,228.9,50.1,4.8,1100.0,870.0,79.0,37.0,83.9,100.0,7837
2025-01-24T23:17:52.000000+00:00,240.5,50.2,241.0,50.2,228.9,50.2,4.8,1090.0,870.0,80.0,36.0,83.9,100.0,7350
2025-01-24T23:18:52.000000+00:00,240.5,50.2,240.5,50.2,228.9,50.2,4.8,1090.0,870.0,80.0,37.0,83.9,100.0,7735
2025-01-24T23:19:52.000000+00:00,241.2,50.2,241.7,50.2,229.0,50.2,4.8,1090.0,870.0,80.0,36.0,83.9,100.0,7735
2025-01-24T23:20:52.000000+00:00,241.3,50.3,241.3,50.3,228.9,50.3,4.8,1090.0,870.0,80.0,36.0,83.9,100.0,7350
2025-01-24T23:21:52.000000+00:00,241.3,50.3,241.4,50.3,229.0,50.3,4.7,1090.0,860.0,79.0,37.0,83.9,100.0,7443
2025-01-24T23:22:52.000000+00:00,241.6,50.2,240.7,50.2,229.0,50.2,4.8,1100.0,870.0,79.0,37.0,83.9,100.0,7443
2025-01-24T23:23:52.000000+00:00,241.4,50.3,241.4,50.3,228.9,50.3,4.8,1090.0,870.0,80.0,36.0,83.9,100.0,7443
2025-01-24T23:24:52.000000+00:00,241.4,50.2,242.0,50.2,228.9,50.2,4.7,1080.0,850.0,79.0,36.0,83.9,100.0,7837
2025-01-24T23:25:52.000000+00:00,240.7,50.2,240.7,50.2,228.9,50.2,4.8,1090.0,870.0,80.0,36.0,83.9,100.0,7443
2025-01-24T23:26:52.000000+00:00,241.2,50.2,241.6,50.2,228.9,50.2,4.7,1080.0,860.0,80.0,36.0,83.9,100.0,7837
2025-01-24T23:27:52.000000+00:00,241.7,50.2,241.7,50.2,228.9,50.2,4.8,1100.0,880.0,80.0,36.0,83.9,100.0,7635
2025-01-24T23:28:52.000000+00:00,242.7,50.3,242.2,50.3,228.9,50.3,4.8,1090.0,870.0,80.0,36.0,83.9,100.0,7635
2025-01-24T23:29:52.000000+00:00,243.3,50.4,243.3,50.4,229.0,50.4,4.7,1080.0,870.0,81.0,36.0,83.9,100.0,7635
2025-01-24T23:30:52.000000+00:00,242.5,50.3,242.5,50.3,228.9,50.3,4.8,1100.0,880.0,80.0,37.0,83.9,100.0,7635
2025-01-24T23:31:52.000000+00:00,242.3,50.3,242.3,50.3,228.9,50.3,4.8,1090.0,870.0,80.0,37.0,83.9,100.0,7635
2025-01-24T23:32:52.000000+00:00,242.4,50.3,242.5,50.3,229.0,50.3,4.8,1090.0,870.0,80.0,37.0,83.9,100.0,7635
2025-01-24T23:33:52.000000+00:00,242.4,50.1,242.4,50.1,228.9,50.1,4.8,1100.0,880.0,80.0,37.0,83.9,100.0,7635
2025-01-24T23:34:52.000000+00:00,241.5,50.0,241.5,50.0,229.0,50.0,4.8,1090.0,860.0,79.0,36.0,83.9,100.0,7635
2025-01-24T23:35:52.000000+00:00,241.8,50.1,241.3,50.1,228.9,50.1,4.8,1100.0,870.0,79.0,36.0,83.9,100.0,7635
2025-01-24T23:36:52.000000+00:00,242.0,50.1,242.0,50.1,228.9,50.1,4.7,1080.0,850.0,79.0,36.0,83.9,100.0,7635
2025-01-24T23:37:52.000000+00:00,242.6,50.1,242.1,50.1,228.9,50.1,4.8,1110.0,880.0,79.0,36.0,83.9,100.0,7635
2025-01-24T23:38:52.000000+00:00,241.6,50.0,241.6,50.0,229.0,50.0,5.0,1130.0,910.0,81.0,37.0,83.9,100.0,7635
2025-01-24T23:39:52.000000+00:00,241.6,50.0,241.6,50.0,228.9,50.0,4.8,1100.0,880.0,80.0,37.0,83.9,100.0,7635
2025-01-24T23:40:52.000000+00:00,241.2,50.0,241.2,50.0,228.9,50.0,4.8,1110.0,880.0,79.0,37.0,83.9,100.0,7538
2025-01-24T23:41:52.000000+00:00,241.5,50.0,241.5,50.0,228.9,50.0,4.8,1100.0,880.0,80.0,37.0,83.9,100.0,7443
2025-01-24T23:42:52.000000+00:00,241.5,50.0,241.5,50.0,229.0,50.0,4.8,1110.0,880.0,79.0,37.0,83.9,100.0,7350
2025-01-24T23:43:52.000000+00:00,241.6,50.0,241.6,50.0,228.9,50.0,4.8,1100.0,870.0,79.0,37.0,83.9,100.0,7350
2025-01-24T23:44:52.000000+00:00,242.5,50.0,242.5,50.0,228.9,50.0,4.8,1090.0,860.0,79.0,36.0,83.9,100.0,7350
2025-01-24T23:45:52.000000+00:00,241.3,50.0,241.9,50.0,228.9,50.0,4.8,1110.0,880.0,79.0,37.0,83.9,100.0,7350
2025-01-24T23:46:52.000000+00:00,242.1,50.0,242.1,50.0,228.9,50.0,4.8,1090.0,860.0,79.0,36.0,83.9,100.0,7735
2025-01-24T23:47:52.000000+00:00,242.6,50.1,242.6,50.1,229.0,50.1,4.8,1100.0,870.0,79.0,37.0,83.9,100.0,7350
2025-01-24T23:48:52.000000+00:00,242.5,50.0,242.5,50.0,228.9,50.0,4.8,1100.0,870.0,79.0,37.0,83.9,100.0,7350
2025-01-24T23:49:52.000000+00:00,242.2,50.1,242.2,50.1,229.0,50.1,4.8,1090.0,870.0,80.0,37.0,83.9,100.0,7735
2025-01-24T23:50:52.000000+00:00,242.3,50.1,242.3,50.1,228.9,50.1,4.9,1120.0,900.0,80.0,37.0,83.9,100.0,7350
2025-01-24T23:51:52.000000+00:00,241.8,50.1,241.8,50.1,228.9,50.1,4.8,1100.0,880.0,80.0,37.0,83.9,100.0,7443
2025-01-24T23:52:52.000000+00:00,242.1,50.1,242.2,50.1,228.9,50.1,4.8,1110.0,890.0,80.0,37.0,83.9,100.0,7443
2025-01-24T23:53:52.000000+00:00,242.2,50.1,242.2,50.1,229.0,50.1,4.8,1100.0,870.0,79.0,37.0,83.9,100.0,7443
2025-01-24T23:54:52.000000+00:00,243.0,50.2,242.5,50.1,229.0,50.2,4.7,1080.0,850.0,79.0,36.0,83.9,100.0,7837
2025-01-24T23:55:52.000000+00:00,241.9,50.1,241.9,50.1,228.9,50.1,4.8,1090.0,870.0,80.0,37.0,83.9,100.0,7443
2025-01-24T23:56:52.000000+00:00,243.3,50.2,243.3,50.2,228.9,50.2,4.7,1080.0,850.0,79.0,36.0,83.9,100.0,7837
2025-01-24T23:57:52.000000+00:00,241.9,50.2,241.9,50.2,229.0,50.2,4.8,1090.0,870.0,80.0,37.0,83.9,100.0,7635
2025-01-24T23:58:52.000000+00:00,242.7,50.1,241.8,50.1,228.9,50.1,4.8,1100.0,870.0,79.0,37.0,83.9,100.0,7635
2025-01-24T23:59:52.000000+00:00,242.1,50.0,242.1,50.0,228.9,50.0,4.8,1100.0,880.0,80.0,37.0,83.9,100.0,7635
2025-01-25T00:00:52.000000+00:00,241.3,50.1,241.3,50.1,228.9,50.1,4.8,1110.0,890.0,80.0,37.0,83.9,100.0,7635
2025-01-25T00:01:52.000000+00:00,242.3,50.1,242.3,50.1,228.9,50.1,4.8,1110.0,890.0,80.0,37.0,83.9,100.0,7635
2025-01-25T00:02:52.000000+00:00,242.5,50.1,243.0,50.1,228.9,50.1,4.8,1110.0,890.0,80.0,37.0,83.9,100.0,7635
2025-01-25T00:03:52.000000+00:00,243.3,50.1,243.3,50.1,228.9,50.1,4.8,1100.0,870.0,79.0,37.0,83.9,100.0,7635
2025-01-25T00:04:52.000000+00:00,242.7,50.1,242.7,50.1,228.9,50.1,4.7,1080.0,860.0,80.0,36.0,83.9,100.0,7635
2025-01-25T00:05:52.000000+00:00,242.6,50.1,242.5,50.1,229.0,50.1,4.8,1090.0,870.0,80.0,37.0,83.9,100.0,7635
2025-01-25T00:06:52.000000+00:00,242.7,50.1,243.2,50.1,228.9,50.1,4.7,1080.0,850.0,79.0,36.0,83.9,100.0,7735
2025-01-25T00:07:52.000000+00:00,242.8,50.1,242.3,50.1,228.9,50.1,4.8,1100.0,870.0,79.0,37.0,83.9,100.0,7350
2025-01-25T00:08:52.000000+00:00,242.3,50.0,242.8,50.0,228.9,50.0,4.8,1100.0,870.0,79.0,37.0,83.9,100.0,7350
2025-01-25T00:09:52.000000+00:00,242.0,50.1,242.9,50.1,228.9,50.1,4.7,1090.0,850.0,78.0,36.0,83.9,100.0,7735
2025-01-25T00:10:52.000000+00:00,242.9,50.1,242.9,50.1,228.9,50.1,4.9,1110.0,900.0,81.0,37.0,83.9,100.0,7443
2025-01-25T00:11:52.000000+00:00,242.8,50.1,242.3,50.1,228.9,50.1,4.8,1100.0,880.0,80.0,37.0,83.9,100.0,7443
2025-01-25T00:12:53.000000+00:00,243.1,50.2,243.1,50.2,229.0,50.2,4.8,1100.0,870.0,79.0,36.0,83.9,100.0,7350
2025-01-25T00:13:53.000000+00:00,242.3,50.1,242.3,50.1,228.9,50.1,4.8,1090.0,870.0,80.0,37.0,83.9,100.0,7350
2025-01-25T00:14:53.000000+00:00,242.5,50.1,241.6,50.1,228.9,50.1,4.8,1100.0,880.0,80.0,36.0,83.9,100.0,7350
2025-01-25T00:15:53.000000+00:00,241.7,50.0,241.7,50.0,228.9,50.0,4.8,1110.0,880.0,79.0,37.0,83.9,100.0,7443
2025-01-25T00:16:53.000000+00:00,241.7,50.0,241.7,50.0,228.9,50.0,4.9,1120.0,890.0,79.0,37.0,83.9,100.0,7443
2025-01-25T00:17:53.000000+00:00,242.4,50.1,242.9,50.1,229.0,50.1,4.8,1090.0,870.0,80.0,37.0,83.9,100.0,7350
2025-01-25T00:18:53.000000+00:00,242.2,50.1,242.2,50.1,228.9,50.1,4.8,1100.0,870.0,79.0,37.0,83.9,100.0,7350
2025-01-25T00:19:53.000000+00:00,243.3,50.1,243.3,50.1,228.9,50.1,4.8,1090.0,870.0,80.0,37.0,83.9,100.0,7443
2025-01-25T00:20:53.000000+00:00,243.1,50.1,243.0,50.1,228.9,50.1,4.9,1120.0,900.0,80.0,37.0,83.9,100.0,7443
2025-01-25T00:21:53.000000+00:00,242.5,50.2,242.8,50.2,228.9,50.2,4.8,1110.0,890.0,80.0,37.0,83.9,100.0,7350
2025-01-25T00:22:53.000000+00:00,242.8,50.1,242.7,50.1,229.0,50.1,4.8,1110.0,880.0,79.0,37.0,83.9,100.0,7350
2025-01-25T00:23:53.000000+00:00,242.6,50.1,242.6,50.1,229.0,50.1,4.8,1100.0,870.0,79.0,37.0,83.9,100.0,7350
2025-01-25T00:24:53.000000+00:00,241.9,50.1,241.9,50.1,228.9,50.1,4.7,1080.0,860.0,80.0,36.0,83.9,100.0,7837
2025-01-25T00:25:53.000000+00:00,242.2,50.2,243.3,50.2,228.9,50.2,4.8,1100.0,870.0,79.0,37.0,83.9,100.0,7443
2025-01-25T00:26:53.000000+00:00,243.2,50.1,243.2,50.1,228.9,50.1,4.8,1100.0,870.0,79.0,37.0,83.9,100.0,7837
2025-01-25T00:27:53.000000+00:00,243.0,50.1,243.0,50.1,228.9,50.1,4.8,1100.0,880.0,80.0,37.0,83.9,100.0,7350
2025-01-25T00:28:53.000000+00:00,243.3,50.2,243.3,50.2,228.9,50.2,4.8,1100.0,880.0,80.0,36.0,83.9,100.0,7350
2025-01-25T00:29:53.000000+00:00,243.0,50.1,242.9,50.1,229.0,50.1,4.8,1100.0,880.0,80.0,36.0,83.9,100.0,7837
2025-01-25T00:30:53.000000+00:00,239.4,50.2,239.4,50.2,228.9,50.2,4.8,1110.0,890.0,80.0,37.0,83.9,100.0,7350
2025-01-25T00:31:53.000000+00:00,239.1,50.2,239.1,50.2,228.9,50.2,4.8,1100.0,880.0,80.0,37.0,83.9,100.0,7443
2025-01-25T00:32:53.000000+00:00,239.3,50.2,239.8,50.2,229.0,50.2,4.8,1110.0,890.0,80.0,37.0,83.9,100.0,7443
2025-01-25T00:33:53.000000+00:00,240.1,50.2,240.1,50.2,228.9,50.2,4.8,1100.0,880.0,80.0,36.0,83.9,100.0,7443
2025-01-25T00:34:53.000000+00:00,240.3,50.2,239.4,50.2,228.9,50.2,4.8,1100.0,880.0,80.0,36.0,83.9,100.0,7443
2025-01-25T00:35:53.000000+00:00,240.3,50.2,239.5,50.2,228.9,50.2,4.8,1090.0,870.0,80.0,36.0,83.9,100.0,7350
2025-01-25T00:36:53.000000+00:00,239.2,50.2,239.2,50.2,228.9,50.2,4.8,1100.0,880.0,80.0,36.0,83.9,100.0,7350
2025-01-25T00:37:53.000000+00:00,240.0,50.1,240.0,50.1,228.9,50.1,4.8,1090.0,870.0,80.0,37.0,83.9,100.0,7443
2025-01-25T00:38:53.000000+00:00,238.8,50.1,238.8,50.1,228.9,50.1,4.8,1100.0,880.0,80.0,37.0,83.9,100.0,7443
2025-01-25T00:39:53.000000+00:00,240.1,50.1,240.0,50.1,228.9,50.1,4.8,1100.0,880.0,80.0,37.0,83.9,100.0,7350
2025-01-25T00:40:53.000000+00:00,239.7,50.1,239.6,50.1,228.9,50.1,4.8,1100.0,870.0,79.0,37.0,83.9,100.0,7350
2025-01-25T00:41:53.000000+00:00,240.2,50.2,240.2,50.2,228.9,50.2,4.8,1100.0,880.0,80.0,37.0,83.9,100.0,7350
2025-01-25T00:42:53.000000+00:00,239.6,50.2,240.7,50.2,228.9,50.2,4.8,1100.0,870.0,79.0,37.0,83.9,100.0,7635
2025-01-25T00:43:53.000000+00:00,240.6,50.2,240.2,50.2,228.9,50.2,4.8,1090.0,880.0,81.0,36.0,83.9,100.0,7635
2025-01-25T00:44:53.000000+00:00,240.3,50.2,239.9,50.2,228.9,50.2,4.7,1080.0,850.0,79.0,36.0,83.9,100.0,7635
2025-01-25T00:45:53.000000+00:00,239.8,50.2,239.8,50.2,228.9,50.2,4.8,1100.0,880.0,80.0,37.0,83.9,100.0,7635
2025-01-25T00:46:53.000000+00:00,239.8,50.2,240.7,50.2,228.9,50.2,4.7,1080.0,860.0,80.0,36.0,83.9,100.0,7635
2025-01-25T00:47:53.000000+00:00,240.5,50.2,240.5,50.2,228.9,50.2,4.8,1090.0,870.0,80.0,36.0,83.9,100.0,7635
2025-01-25T00:48:53.000000+00:00,240.1,50.1,240.0,50.1,228.9,50.1,4.8,1110.0,890.0,80.0,37.0,83.9,100.0,7635
2025-01-25T00:49:53.000000+00:00,239.9,50.1,239.4,50.1,228.9,50.1,4.8,1100.0,870.0,79.0,36.0,83.9,100.0,7635
2025-01-25T00:50:53.000000+00:00,238.8,50.1,239.4,50.1,229.0,50.1,4.8,1100.0,870.0,79.0,37.0,83.9,100.0,7635
2025-01-25T00:51:53.000000+00:00,240.1,50.2,239.8,50.2,228.9,50.2,4.8,1090.0,870.0,80.0,37.0,83.9,100.0,7635
2025-01-25T00:52:53.000000+00:00,239.0,50.2,239.0,50.2,228.9,50.2,4.8,1100.0,880.0,80.0,37.0,83.9,100.0,7635
2025-01-25T00:53:53.000000+00:00,238.8,50.1,238.8,50.1,228.9,50.1,4.8,1110.0,880.0,79.0,37.0,83.9,100.0,7635
2025-01-25T00:54:53.000000+00:00,240.1,50.3,240.0,50.3,228.9,50.3,4.8,1090.0,870.0,80.0,36.0,83.9,100.0,7635
2025-01-25T00:55:53.000000+00:00,239.8,50.1,239.8,50.1,228.9,50.1,4.8,1090.0,870.0,80.0,37.0,83.9,100.0,7635
2025-01-25T00:56:53.000000+00:00,241.0,50.2,241.0,50.2,228.9,50.2,4.8,1090.0,870.0,80.0,36.0,83.9,100.0,7635
2025-01-25T00:57:53.000000+00:00,240.7,50.1,240.2,50.1,228.9,50.1,4.8,1100.0,870.0,79.0,37.0,83.9,100.0,7635
2025-01-25T00:58:53.000000+00:00,240.8,50.2,240.8,50.2,228.9,50.2,4.8,1100.0,890.0,81.0,37.0,83.9,100.0,7635
2025-01-25T00:59:53.000000+00:00,240.2,50.2,240.2,50.2,229.0,50.2,4.8,1090.0,870.0,80.0,37.0,83.9,100.0,7635
2025-01-25T01:00:53.000000+00:00,239.4,50.1,239.4,50.1,228.9,50.1,4.9,1120.0,890.0,79.0,37.0,83.9,100.0,7635
2025-01-25T01:01:53.000000+00:00,240.6,50.2,240.6,50.2,228.9,50.2,4.8,1110.0,890.0,80.0,37.0,83.9,100.0,7635
2025-01-25T01:02:53.000000+00:00,240.0,50.2,240.1,50.2,229.0,50.1,4.8,1100.0,870.0,79.0,37.0,83.9,100.0,7635
2025-01-25T01:03:53.000000+00:00,239.4,50.0,240.3,50.0,228.9,50.0,4.8,1100.0,880.0,80.0,37.0,83.9,100.0,7635
2025-01-25T01:04:53.000000+00:00,240.5,50.2,240.5,50.2,228.9,50.2,4.7,1080.0,850.0,79.0,36.0,83.9,100.0,7635
2025-01-25T01:05:53.000000+00:00,239.9,50.1,240.3,50.1,228.9,50.1,4.8,1100.0,870.0,79.0,37.0,83.9,100.0,7635
2025-01-25T01:06:53.000000+00:00,239.6,50.1,239.6,50.1,228.9,50.1,4.7,1080.0,850.0,79.0,36.0,83.9,100.0,7635
2025-01-25T01:07:53.000000+00:00,239.6,50.0,239.6,50.0,228.9,50.0,4.8,1100.0,870.0,79.0,37.0,83.9,100.0,7259
2025-01-25T01:08:53.000000+00:00,238.6,50.1,238.6,50.1,228.9,50.1,4.8,1100.0,880.0,80.0,37.0,83.9,100.0,7635
2025-01-25T01:09:53.000000+00:00,239.6,50.1,239.1,50.1,228.9,50.1,4.8,1100.0,880.0,80.0,36.0,83.9,100.0,7635
2025-01-25T01:10:53.000000+00:00,239.4,50.1,239.2,50.1,228.9,50.1,4.8,1100.0,880.0,80.0,37.0,83.9,100.0,7635
2025-01-25T01:11:53.000000+00:00,239.6,50.2,239.6,50.2,228.9,50.2,4.8,1110.0,900.0,81.0,37.0,83.9,100.0,7635
2025-01-25T01:12:53.000000+00:00,239.7,50.1,239.7,50.1,228.9,50.1,4.8,1110.0,890.0,80.0,37.0,83.9,100.0,7635
2025-01-25T01:13:53.000000+00:00,238.6,50.1,238.6,50.1,228.9,50.1,4.8,1100.0,880.0,80.0,37.0,84.0,100.0,7635
2025-01-25T01:14:53.000000+00:00,239.3,50.1,238.4,50.1,228.9,50.1,4.7,1080.0,850.0,79.0,36.0,83.9,100.0,7635
2025-01-25T01:15:53.000000+00:00,238.7,50.1,238.6,50.1,228.9,50.1,4.8,1100.0,880.0,80.0,37.0,83.9,100.0,7635
2025-01-25T01:16:54.000000+00:00,239.4,50.2,240.2,50.2,228.9,50.2,4.7,1080.0,860.0,80.0,36.0,83.9,100.0,7635
2025-01-25T01:17:54.000000+00:00,240.5,50.2,240.0,50.2,228.9,50.2,4.8,1100.0,880.0,80.0,36.0,83.9,100.0,7635
2025-01-25T01:18:54.000000+00:00,239.3,50.2,240.2,50.2,228.9,50.2,4.8,1100.0,880.0,80.0,37.0,83.9,100.0,7635
2025-01-25T01:19:54.000000+00:00,240.0,50.2,240.0,50.2,228.9,50.2,4.8,1090.0,880.0,81.0,37.0,83.9,100.0,7635
2025-01-25T01:20:54.000000+00:00,240.4,50.2,240.4,50.2,228.9,50.2,4.8,1100.0,880.0,80.0,37.0,83.9,100.0,7635
2025-01-25T01:21:54.000000+00:00,240.0,50.1,240.0,50.1,229.0,50.1,4.9,1120.0,890.0,79.0,37.0,83.9,100.0,7635
2025-01-25T01:22:54.000000+00:00,239.2,50.2,239.2,50.2,228.9,50.2,4.8,1090.0,870.0,80.0,37.0,83.9,100.0,7635
2025-01-25T01:23:54.000000+00:00,239.1,50.2,239.6,50.2,228.9,50.2,4.8,1090.0,870.0,80.0,37.0,83.9,100.0,7635
2025-01-25T01:24:54.000000+00:00,239.8,50.1,239.8,50.1,228.9,50.1,4.7,1080.0,850.0,79.0,36.0,84.0,100.0,7635
2025-01-25T01:25:54.000000+00:00,239.8,50.1,239.8,50.1,228.9,50.1,4.8,1100.0,870.0,79.0,37.0,83.9,100.0,7635
2025-01-25T01:26:54.000000+00:00,239.0,50.1,239.5,50.1,228.9,50.1,4.8,1090.0,870.0,80.0,37.0,83.9,100.0,7635
2025-01-25T01:27:54.000000+00:00,239.5,50.2,239.5,50.2,228.9,50.2,4.8,1090.0,870.0,80.0,37.0,83.9,100.0,7635
2025-01-25T01:28:54.000000+00:00,239.3,50.1,239.6,50.1,228.9,50.1,4.8,1090.0,870.0,80.0,37.0,83.9,100.0,7635
2025-01-25T01:29:54.000000+00:00,240.6,50.2,240.7,50.2,228.9,50.2,4.8,1100.0,870.0,79.0,37.0,83.9,100.0,7635
2025-01-25T01:30:54.000000+00:00,240.2,50.2,240.1,50.2,228.9,50.2,4.8,1100.0,880.0,80.0,37.0,83.9,100.0,7635
2025-01-25T01:31:54.000000+00:00,239.0,50.2,239.0,50.2,228.9,50.2,4.8,1110.0,890.0,80.0,37.0,83.9,100.0,7635
2025-01-25T01:32:54.000000+00:00,239.8,50.2,239.8,50.2,228.9,50.2,4.9,1120.0,900.0,80.0,36.0,84.0,100.0,7635
2025-01-25T01:33:54.000000+00:00,239.8,50.1,239.8,50.1,228.9,50.1,4.8,1100.0,880.0,80.0,36.0,84.0,100.0,7350
2025-01-25T01:34:54.000000+00:00,240.1,50.2,240.1,50.2,228.9,50.2,4.8,1090.0,870.0,80.0,36.0,84.0,100.0,7350
2025-01-25T01:35:54.000000+00:00,240.3,50.2,240.3,50.2,228.9,50.2,4.8,1090.0,870.0,80.0,36.0,84.0,100.0,7350
2025-01-25T01:36:54.000000+00:00,240.1,50.2,239.6,50.2,228.9,50.2,4.8,1110.0,890.0,80.0,37.0,84.0,100.0,7350
2025-01-25T01:37:54.000000+00:00,239.4,50.1,239.4,50.1,228.9,50.1,4.8,1100.0,870.0,79.0,37.0,84.0,100.0,7350
2025-01-25T01:38:54.000000+00:00,238.9,50.2,239.9,50.2,229.0,50.2,4.8,1100.0,880.0,80.0,37.0,84.0,100.0,7350
2025-01-25T01:39:54.000000+00:00,239.1,50.2,239.7,50.2,228.9,50.2,4.8,1090.0,870.0,80.0,37.0,83.9,100.0,7350
2025-01-25T01:40:54.000000+00:00,239.4,50.2,239.4,50.2,228.9,50.1,4.8,1110.0,890.0,80.0,37.0,84.0,100.0,7350
2025-01-25T01:41:54.000000+00:00,239.6,50.2,240.3,50.2,228.9,50.2,4.8,1110.0,890.0,80.0,37.0,84.0,100.0,7350
2025-01-25T01:42:54.000000+00:00,240.7,50.3,241.1,50.3,228.9,50.3,4.8,1100.0,890.0,81.0,37.0,84.0,100.0,7443
2025-01-25T01:43:54.000000+00:00,239.9,50.2,240.2,50.2,228.9,50.2,4.8,1100.0,880.0,80.0,36.0,84.0,100.0,7443
2025-01-25T01:44:54.000000+00:00,240.3,50.2,239.9,50.2,228.9,50.2,4.7,1090.0,860.0,79.0,36.0,83.9,100.0,7837
2025-01-25T01:45:54.000000+00:00,239.8,50.1,240.3,50.1,228.9,50.1,4.8,1110.0,890.0,80.0,37.0,84.0,100.0,7443
2025-01-25T01:46:54.000000+00:00,240.0,50.3,240.9,50.3,228.9,50.3,4.7,1080.0,850.0,79.0,36.0,83.9,100.0,7837
2025-01-25T01:47:54.000000+00:00,240.5,50.3,240.0,50.3,228.9,50.3,4.8,1090.0,870.0,80.0,36.0,84.0,100.0,7735
2025-01-25T01:48:54.000000+00:00,239.4,50.3,239.4,50.3,228.9,50.3,4.8,1100.0,880.0,80.0,37.0,84.0,100.0,7350
2025-01-25T01:49:54.000000+00:00,238.9,50.2,238.8,50.2,228.9,50.2,4.8,1090.0,870.0,80.0,37.0,83.9,100.0,7837
2025-01-25T01:50:54.000000+00:00,239.0,50.1,238.4,50.1,228.9,50.1,4.8,1110.0,890.0,80.0,37.0,84.0,100.0,7350
2025-01-25T01:51:54.000000+00:00,239.4,50.1,239.4,50.1,228.9,50.1,4.9,1110.0,900.0,81.0,37.0,84.0,100.0,7350
2025-01-25T01:52:54.000000+00:00,239.3,50.1,239.3,50.1,229.0,50.1,4.9,1120.0,900.0,80.0,37.0,83.9,100.0,7350
2025-01-25T01:53:54.000000+00:00,239.3,50.2,239.3,50.2,228.9,50.2,4.8,1100.0,880.0,80.0,37.0,84.0,100.0,7350
2025-01-25T01:54:54.000000+00:00,239.3,50.2,240.2,50.2,228.9,50.2,4.8,1090.0,870.0,80.0,37.0,84.0,100.0,7350
2025-01-25T01:55:54.000000+00:00,240.0,50.1,240.0,50.1,228.9,50.1,4.8,1100.0,880.0,80.0,37.0,84.0,100.0,7350
2025-01-25T01:56:54.000000+00:00,239.5,50.1,239.3,50.1,228.9,50.1,4.8,1110.0,890.0,80.0,37.0,84.0,100.0,7350
2025-01-25T01:57:54.000000+00:00,239.1,50.1,239.1,50.1,228.9,50.1,4.8,1100.0,870.0,79.0,36.0,84.0,100.0,7443
2025-01-25T01:58:54.000000+00:00,240.1,50.2,240.1,50.2,228.9,50.2,4.8,1090.0,870.0,80.0,37.0,84.0,100.0,7443
2025-01-25T01:59:54.000000+00:00,239.7,50.2,239.2,50.2,228.9,50.2,4.9,1110.0,900.0,80.0,37.0,84.0,100.0,7350
2025-01-25T02:00:54.000000+00:00,238.9,50.1,238.8,50.1,228.9,50.1,4.8,1100.0,880.0,80.0,37.0,84.0,100.0,7350
2025-01-25T02:01:54.000000+00:00,238.9,50.1,238.9,50.1,228.9,50.1,4.9,1120.0,900.0,80.0,37.0,84.0,100.0,7350
2025-01-25T02:02:54.000000+00:00,238.9,50.1,238.9,50.1,228.9,50.1,4.8,1100.0,870.0,79.0,37.0,84.0,100.0,7350
2025-01-25T02:03:54.000000+00:00,238.3,50.1,238.3,50.1,228.9,50.1,4.8,1100.0,880.0,80.0,37.0,83.9,100.0,7350
2025-01-25T02:04:54.000000+00:00,238.7,50.2,238.7,50.2,228.9,50.2,4.7,1080.0,860.0,80.0,36.0,84.0,100.0,7837
2025-01-25T02:05:54.000000+00:00,237.3,50.2,237.3,50.2,228.9,50.2,4.8,1100.0,880.0,80.0,36.0,83.9,100.0,7350
2025-01-25T02:06:55.000000+00:00,237.7,50.2,238.5,50.2,228.9,50.2,4.7,1080.0,860.0,80.0,36.0,84.0,100.0,7837
2025-01-25T02:07:55.000000+00:00,237.5,50.1,237.9,50.1,228.9,50.1,4.8,1090.0,870.0,80.0,37.0,83.9,100.0,7443
2025-01-25T02:08:55.000000+00:00,237.8,50.2,237.8,50.2,228.9,50.2,4.9,1120.0,900.0,80.0,37.0,84.0,100.0,7443
2025-01-25T02:09:55.000000+00:00,237.1,50.1,237.1,50.1,228.9,50.1,4.9,1110.0,890.0,80.0,37.0,84.0,100.0,7837
2025-01-25T02:10:55.000000+00:00,236.5,50.2,236.5,50.2,228.9,50.2,4.8,1100.0,880.0,80.0,37.0,84.0,100.0,7735
2025-01-25T02:11:55.000000+00:00,236.6,50.2,236.6,50.2,228.9,50.2,4.8,1100.0,880.0,80.0,37.0,84.0,100.0,7350
2025-01-25T02:12:55.000000+00:00,237.1,50.1,237.1,50.1,228.9,50.1,4.9,1120.0,900.0,80.0,36.0,84.0,100.0,7350
2025-01-25T02:13:55.000000+00:00,237.0,50.2,237.0,50.1,228.9,50.2,4.8,1100.0,870.0,79.0,37.0,84.0,100.0,7350
2025-01-25T02:14:55.000000+00:00,236.7,50.2,237.5,50.2,228.9,50.2,4.7,1090.0,860.0,79.0,36.0,84.0,100.0,7735
2025-01-25T02:15:55.000000+00:00,236.9,50.1,236.9,50.1,228.9,50.1,4.8,1110.0,890.0,80.0,36.0,84.0,100.0,7735
2025-01-25T02:16:55.000000+00:00,236.4,50.1,236.3,50.1,228.9,50.1,4.8,1100.0,870.0,79.0,37.0,83.9,100.0,7350
2025-01-25T02:17:55.000000+00:00,236.5,50.2,236.5,50.2,228.9,50.2,4.9,1120.0,900.0,80.0,37.0,84.0,100.0,7350
2025-01-25T02:18:55.000000+00:00,237.1,50.2,237.1,50.2,228.9,50.2,4.8,1100.0,880.0,80.0,37.0,83.9,100.0,7735
2025-01-25T02:19:55.000000+00:00,237.0,50.2,237.0,50.2,228.9,50.2,4.8,1100.0,880.0,80.0,37.0,84.0,100.0,7350
2025-01-25T02:20:55.000000+00:00,236.5,50.1,236.4,50.1,228.9,50.1,4.9,1120.0,900.0,80.0,37.0,83.9,100.0,7350
2025-01-25T02:21:55.000000+00:00,236.3,50.1,236.3,50.1,228.9,50.1,4.9,1120.0,900.0,80.0,38.0,84.0,100.0,7350
2025-01-25T02:22:55.000000+00:00,236.7,50.1,236.7,50.1,228.9,50.1,4.8,1100.0,870.0,79.0,37.0,84.0,100.0,7350
2025-01-25T02:23:55.000000+00:00,236.6,50.1,236.1,50.1,228.9,50.1,4.8,1110.0,890.0,80.0,37.0,83.9,100.0,7350
2025-01-25T02:24:55.000000+00:00,236.3,50.2,236.3,50.2,228.9,50.2,4.8,1100.0,880.0,80.0,36.0,84.0,100.0,7735
2025-01-25T02:25:55.000000+00:00,236.9,50.2,236.0,50.2,228.9,50.2,4.8,1100.0,880.0,80.0,36.0,83.9,100.0,7635
2025-01-25T02:26:55.000000+00:00,236.1,50.2,237.0,50.2,228.9,50.2,4.8,1100.0,880.0,80.0,36.0,84.0,100.0,7635
2025-01-25T02:27:55.000000+00:00,236.7,50.2,236.7,50.2,228.9,50.2,4.8,1100.0,880.0,80.0,36.0,83.9,100.0,7635
2025-01-25T02:28:55.000000+00:00,235.9,50.2,235.9,50.2,228.9,50.2,4.9,1120.0,900.0,80.0,37.0,84.0,100.0,7635
2025-01-25T02:29:55.000000+00:00,236.6,50.2,236.5,50.2,228.9,50.2,4.7,1080.0,850.0,79.0,36.0,84.0,100.0,7635
2025-01-25T02:30:55.000000+00:00,235.8,50.2,235.8,50.2,228.9,50.2,4.8,1100.0,880.0,80.0,37.0,84.0,100.0,7635
2025-01-25T02:31:55.000000+00:00,235.3,50.2,235.5,50.2,228.9,50.2,4.9,1110.0,900.0,81.0,37.0,84.0,100.0,7635
2025-01-25T02:32:55.000000+00:00,236.4,50.2,236.9,50.2,228.9,50.2,4.8,1100.0,880.0,80.0,37.0,84.0,100.0,7635
2025-01-25T02:33:55.000000+00:00,236.6,50.3,236.6,50.3,228.9,50.3,4.8,1090.0,880.0,81.0,36.0,84.0,100.0,7635
2025-01-25T02:34:55.000000+00:00,236.0,50.3,236.1,50.3,228.9,50.3,4.8,1090.0,870.0,80.0,36.0,84.0,100.0,7635
2025-01-25T02:35:55.000000+00:00,235.4,50.2,235.4,50.2,228.9,50.2,4.8,1100.0,880.0,80.0,36.0,84.0,100.0,7635
2025-01-25T02:36:55.000000+00:00,238.4,49.9,237.6,49.9,228.9,49.9,4.9,1110.0,880.0,79.0,37.0,84.0,100.0,7635
2025-01-25T02:37:55.000000+00:00,237.8,50.1,238.1,50.1,228.9,50.1,4.8,1100.0,880.0,80.0,37.0,84.0,100.0,7259
2025-01-25T02:38:55.000000+00:00,237.9,50.1,237.9,50.1,228.9,50.1,4.8,1100.0,880.0,80.0,37.0,83.9,100.0,7635
2025-01-25T02:39:55.000000+00:00,236.9,50.0,236.9,50.0,228.9,50.0,4.9,1120.0,900.0,80.0,37.0,84.0,100.0,7635
2025-01-25T02:40:55.000000+00:00,237.6,50.0,237.2,50.0,228.9,50.0,4.8,1100.0,880.0,80.0,37.0,84.0,100.0,7350
2025-01-25T02:41:55.000000+00:00,237.5,50.1,238.0,50.1,228.9,50.1,4.9,1120.0,900.0,80.0,37.0,84.0,100.0,7443
2025-01-25T02:42:55.000000+00:00,237.5,50.1,237.9,50.1,228.9,50.1,4.8,1100.0,880.0,80.0,37.0,84.0,100.0,7443
2025-01-25T02:43:55.000000+00:00,237.1,50.1,236.6,50.1,228.9,50.1,4.8,1100.0,880.0,80.0,36.0,84.0,100.0,7443
2025-01-25T02:44:55.000000+00:00,237.7,50.1,237.7,50.1,228.9,50.1,4.8,1090.0,860.0,79.0,36.0,84.0,100.0,7443
2025-01-25T02:45:55.000000+00:00,236.7,50.1,237.3,50.1,228.9,50.1,4.8,1100.0,870.0,79.0,37.0,84.0,100.0,7350
2025-01-25T02:46:55.000000+00:00,236.3,50.1,236.4,50.1,228.9,50.1,4.9,1120.0,900.0,80.0,37.0,84.0,100.0,7350
2025-01-25T02:47:55.000000+00:00,236.8,50.3,236.8,50.3,228.9,50.3,4.8,1100.0,880.0,80.0,36.0,84.0,100.0,7350
2025-01-25T02:48:55.000000+00:00,236.1,50.3,236.8,50.2,228.9,50.2,4.8,1100.0,880.0,80.0,36.0,84.0,100.0,7350
2025-01-25T02:49:55.000000+00:00,237.2,50.3,237.2,50.3,228.9,50.3,4.8,1090.0,870.0,80.0,37.0,84.0,100.0,7443
2025-01-25T02:50:55.000000+00:00,237.3,50.2,237.3,50.2,228.9,50.2,4.9,1110.0,900.0,81.0,37.0,84.0,100.0,7350
2025-01-25T02:51:55.000000+00:00,236.9,50.2,236.9,50.2,228.9,50.2,4.8,1110.0,890.0,80.0,36.0,84.0,100.0,7350
2025-01-25T02:52:55.000000+00:00,236.8,50.2,237.0,50.2,228.9,50.2,4.9,1110.0,900.0,81.0,36.0,84.0,100.0,7350
2025-01-25T02:53:55.000000+00:00,235.8,50.1,235.8,50.1,228.9,50.1,4.8,1100.0,880.0,80.0,37.0,84.0,100.0,7350
2025-01-25T02:54:55.000000+00:00,235.3,50.1,235.7,50.1,228.9,50.1,4.8,1110.0,890.0,80.0,37.0,84.0,100.0,7735
2025-01-25T02:55:55.000000+00:00,234.9,50.1,234.9,50.1,228.9,50.1,4.9,1110.0,890.0,80.0,37.0,84.0,100.0,7350
2025-01-25T02:56:55.000000+00:00,235.1,50.2,235.1,50.2,228.9,50.2,4.8,1100.0,870.0,79.0,37.0,84.0,100.0,7837
2025-01-25T02:57:55.000000+00:00,235.2,50.2,235.2,50.2,228.9,50.2,4.8,1090.0,870.0,80.0,37.0,84.0,100.0,7350
2025-01-25T02:58:55.000000+00:00,235.7,50.2,235.7,50.2,228.9,50.2,4.8,1090.0,870.0,80.0,36.0,84.0,100.0,7350
2025-01-25T02:59:55.000000+00:00,234.8,50.2,234.8,50.2,228.9,50.2,4.8,1100.0,880.0,80.0,37.0,84.0,100.0,7443
2025-01-25T03:00:55.000000+00:00,233.9,50.0,233.5,50.0,228.9,50.0,4.8,1110.0,890.0,80.0,37.0,84.0,100.0,7443
2025-01-25T03:01:55.000000+00:00,236.3,50.0,236.3,50.0,228.9,50.1,4.9,1120.0,890.0,79.0,37.0,84.0,100.0,7350
2025-01-25T03:02:55.000000+00:00,235.6,50.0,235.6,50.0,228.9,50.0,4.8,1100.0,880.0,80.0,37.0,84.0,100.0,7350
2025-01-25T03:03:56.000000+00:00,236.1,50.1,235.2,50.1,228.9,50.1,4.8,1100.0,880.0,80.0,37.0,84.0,100.0,7350
2025-01-25T03:04:56.000000+00:00,234.9,50.1,235.4,50.1,228.9,50.1,4.8,1100.0,880.0,80.0,37.0,84.0,100.0,7837
2025-01-25T03:05:56.000000+00:00,236.5,50.1,235.6,50.1,228.9,50.1,4.8,1100.0,880.0,80.0,37.0,84.0,100.0,7350
2025-01-25T03:06:56.000000+00:00,237.0,50.2,237.0,50.2,228.9,50.2,4.8,1100.0,880.0,80.0,36.0,84.0,100.0,7735
2025-01-25T03:07:56.000000+00:00,235.0,50.1,235.5,50.1,228.9,50.1,4.8,1100.0,880.0,80.0,37.0,84.0,100.0,7350
2025-01-25T03:08:56.000000+00:00,235.6,50.1,235.4,50.1,228.9,50.1,4.9,1120.0,910.0,81.0,37.0,84.0,100.0,7350
2025-01-25T03:09:56.000000+00:00,235.8,50.2,235.8,50.2,228.9,50.2,4.8,1110.0,890.0,80.0,37.0,84.0,100.0,7837
2025-01-25T03:10:56.000000+00:00,234.2,50.1,235.3,50.1,228.9,50.1,4.8,1110.0,890.0,80.0,37.0,84.0,100.0,7635
2025-01-25T03:11:56.000000+00:00,234.4,50.1,234.4,50.1,228.9,50.1,4.9,1120.0,900.0,80.0,37.0,84.0,100.0,7635
2025-01-25T03:12:56.000000+00:00,234.0,50.1,234.6,50.1,228.9,50.1,4.8,1100.0,870.0,79.0,37.0,84.0,100.0,7635
2025-01-25T03:13:56.000000+00:00,234.1,50.1,233.7,50.1,228.9,50.1,4.8,1100.0,870.0,79.0,37.0,84.0,100.0,7635
2025-01-25T03:14:56.000000+00:00,233.2,50.1,233.2,50.1,228.9,50.1,4.8,1100.0,880.0,79.0,37.0,84.0,100.0,7259
2025-01-25T03:15:56.000000+00:00,235.8,49.9,235.8,49.9,228.9,49.9,4.8,1110.0,880.0,79.0,37.0,84.0,100.0,7635
2025-01-25T03:16:56.000000+00:00,236.4,50.0,236.4,50.0,228.9,50.0,4.8,1100.0,880.0,80.0,37.0,84.0,100.0,7635
2025-01-25T03:17:56.000000+00:00,236.0,50.0,235.5,50.0,228.9,50.0,4.8,1110.0,880.0,79.0,37.0,84.0,100.0,7635
2025-01-25T03:18:56.000000+00:00,235.8,50.0,235.8,50.0,228.9,50.0,4.8,1110.0,880.0,79.0,37.0,84.0,100.0,7635
2025-01-25T03:19:56.000000+00:00,235.2,50.0,235.3,50.0,228.9,50.0,4.8,1100.0,880.0,80.0,37.0,84.0,100.0,7635
2025-01-25T03:20:56.000000+00:00,235.3,49.9,235.3,49.9,228.9,49.9,4.9,1130.0,910.0,81.0,37.0,84.0,100.0,7635
2025-01-25T03:21:56.000000+00:00,235.3,50.0,234.7,50.0,228.9,50.0,4.9,1120.0,900.0,80.0,37.0,84.0,100.0,7635
2025-01-25T03:22:56.000000+00:00,235.1,50.0,235.1,50.0,228.9,50.0,4.8,1100.0,880.0,80.0,37.0,84.0,100.0,7259
2025-01-25T03:23:56.000000+00:00,234.3,50.0,234.8,50.0,228.9,50.0,4.8,1110.0,880.0,79.0,37.0,84.0,100.0,7635
2025-01-25T03:24:56.000000+00:00,234.0,50.0,233.5,50.0,228.9,50.0,4.8,1100.0,870.0,79.0,37.0,84.0,100.0,7635
2025-01-25T03:25:56.000000+00:00,236.9,50.0,237.4,50.0,228.9,50.0,4.8,1100.0,870.0,79.0,37.0,84.0,100.0,7635
2025-01-25T03:26:56.000000+00:00,238.0,50.1,237.5,50.1,228.9,50.1,4.8,1100.0,880.0,80.0,37.0,84.0,100.0,7635
2025-01-25T03:27:56.000000+00:00,237.6,50.0,237.6,50.0,228.9,50.0,4.8,1100.0,870.0,79.0,37.0,83.9,100.0,7635
2025-01-25T03:28:56.000000+00:00,237.5,50.1,237.5,50.1,228.9,50.1,4.8,1100.0,880.0,80.0,37.0,83.9,100.0,7635
2025-01-25T03:29:56.000000+00:00,238.1,50.0,238.6,50.0,228.9,50.0,4.9,1120.0,900.0,80.0,37.0,84.0,100.0,7635
2025-01-25T03:30:56.000000+00:00,238.8,50.1,238.8,50.1,228.9,50.1,4.9,1120.0,900.0,80.0,37.0,84.0,100.0,7635
2025-01-25T03:31:56.000000+00:00,237.2,50.0,237.2,50.0,228.9,50.0,4.9,1120.0,890.0,79.0,37.0,84.0,100.0,7635
2025-01-25T03:32:56.000000+00:00,237.0,50.1,237.0,50.1,228.9,50.1,4.8,1100.0,870.0,79.0,36.0,84.0,100.0,7443
2025-01-25T03:33:56.000000+00:00,236.5,50.0,236.6,50.0,228.9,50.0,4.8,1100.0,880.0,80.0,37.0,84.0,100.0,7443
2025-01-25T03:34:56.000000+00:00,238.1,50.1,238.1,50.1,228.9,50.1,4.8,1100.0,880.0,80.0,37.0,84.0,100.0,7837
2025-01-25T03:35:56.000000+00:00,237.5,50.1,237.5,50.1,228.9,50.1,4.8,1100.0,880.0,80.0,37.0,84.0,100.0,7443
2025-01-25T03:36:56.000000+00:00,237.6,50.1,237.5,50.1,228.9,50.1,4.8,1100.0,870.0,80.0,37.0,84.0,100.0,7837
2025-01-25T03:37:56.000000+00:00,237.0,50.0,237.0,50.0,228.9,50.0,4.8,1100.0,880.0,80.0,37.0,84.0,100.0,7259
2025-01-25T03:38:56.000000+00:00,237.0,50.1,238.0,50.1,228.9,50.1,4.9,1130.0,910.0,81.0,37.0,84.0,100.0,7635
2025-01-25T03:39:56.000000+00:00,236.9,50.0,237.4,50.0,228.9,50.0,4.8,1110.0,880.0,79.0,37.0,84.0,100.0,7635
2025-01-25T03:40:56.000000+00:00,236.6,49.9,236.6,49.9,228.9,49.9,4.8,1110.0,880.0,79.0,37.0,84.0,100.0,7635
2025-01-25T03:41:56.000000+00:00,236.4,50.0,236.4,50.0,228.9,50.0,4.8,1110.0,870.0,78.0,38.0,84.0,100.0,7635
2025-01-25T03:42:56.000000+00:00,235.7,49.9,234.8,49.9,228.9,49.9,4.8,1110.0,880.0,78.0,37.0,84.0,100.0,7259
2025-01-25T03:43:56.000000+00:00,235.9,50.0,235.9,50.0,228.9,50.0,4.8,1100.0,880.0,80.0,37.0,84.0,100.0,7635
2025-01-25T03:44:56.000000+00:00,235.0,50.0,234.5,50.0,228.9,50.0,4.8,1100.0,870.0,79.0,37.0,84.0,100.0,7635
2025-01-25T03:45:56.000000+00:00,235.8,50.1,235.8,50.1,228.9,50.1,4.8,1100.0,880.0,80.0,37.0,84.0,100.0,7635
2025-01-25T03:46:56.000000+00:00,235.3,50.0,235.3,50.0,228.9,50.0,4.8,1100.0,870.0,79.0,37.0,84.0,100.0,7635
2025-01-25T03:47:56.000000+00:00,235.0,50.1,235.0,50.1,228.9,50.1,4.8,1110.0,890.0,80.0,37.0,84.0,100.0,7635
2025-01-25T03:48:56.000000+00:00,234.3,50.0,234.3,50.0,228.9,50.0,4.8,1100.0,870.0,79.0,37.0,84.0,100.0,7635
2025-01-25T03:49:56.000000+00:00,234.2,50.0,233.9,50.0,228.9,50.0,4.9,1110.0,890.0,80.0,38.0,84.0,100.0,7635
2025-01-25T03:50:56.000000+00:00,232.4,50.0,232.4,50.0,228.9,50.0,4.8,1100.0,870.0,79.0,37.0,84.0,100.0,7635
2025-01-25T03:51:56.000000+00:00,237.1,50.1,236.8,50.1,228.9,50.1,4.8,1110.0,880.0,79.0,37.0,84.0,100.0,7635
2025-01-25T03:52:56.000000+00:00,237.2,50.1,237.2,50.1,228.9,50.1,4.8,1090.0,870.0,80.0,37.0,84.0,100.0,7259
2025-01-25T03:53:56.000000+00:00,237.3,50.1,237.3,50.1,228.9,50.1,4.8,1110.0,890.0,80.0,37.0,84.0,100.0,7259
2025-01-25T03:54:56.000000+00:00,237.1,50.1,237.1,50.1,228.9,50.1,4.8,1100.0,880.0,80.0,37.0,84.0,100.0,7635
2025-01-25T03:55:56.000000+00:00,236.7,50.2,236.7,50.2,228.9,50.2,4.8,1090.0,880.0,81.0,36.0,84.0,100.0,7635
2025-01-25T03:56:56.000000+00:00,237.4,50.3,237.4,50.3,228.9,50.3,4.8,1090.0,870.0,80.0,36.0,84.0,100.0,7635
2025-01-25T03:57:56.000000+00:00,237.3,50.1,236.7,50.1,228.9,50.1,4.8,1100.0,880.0,80.0,37.0,83.9,100.0,7635
2025-01-25T03:58:56.000000+00:00,237.9,50.1,237.1,50.1,228.9,50.1,4.8,1100.0,880.0,80.0,37.0,84.0,100.0,7635
2025-01-25T03:59:56.000000+00:00,237.5,50.1,237.6,50.1,228.9,50.1,4.9,1110.0,900.0,81.0,37.0,84.0,100.0,7635
2025-01-25T04:00:56.000000+00:00,238.5,50.1,238.5,50.1,228.9,50.1,4.8,1100.0,880.0,80.0,37.0,84.0,100.0,7635
2025-01-25T04:01:56.000000+00:00,238.5,50.1,238.4,50.1,228.9,50.1,4.8,1110.0,890.0,80.0,38.0,84.0,100.0,7635
2025-01-25T04:02:56.000000+00:00,238.0,50.1,238.1,50.1,228.9,50.1,4.8,1100.0,870.0,79.0,37.0,84.0,100.0,7350
2025-01-25T04:03:56.000000+00:00,237.9,50.1,238.3,50.1,228.9,50.1,4.8,1090.0,870.0,80.0,37.0,84.0,100.0,7350
2025-01-25T04:04:56.000000+00:00,237.7,50.1,237.7,50.1,228.9,50.1,4.8,1100.0,880.0,80.0,37.0,84.0,100.0,7735
2025-01-25T04:05:56.000000+00:00,238.0,50.1,238.0,50.1,228.9,50.1,4.8,1090.0,870.0,80.0,37.0,84.0,100.0,7350
2025-01-25T04:06:56.000000+00:00,237.6,50.1,237.6,50.1,228.9,50.1,4.8,1100.0,880.0,80.0,37.0,84.0,100.0,7837
2025-01-25T04:07:56.000000+00:00,236.3,50.1,236.8,50.1,228.9,50.1,4.8,1100.0,870.0,79.0,37.0,84.0,100.0,7443
2025-01-25T04:08:57.000000+00:00,236.9,50.0,236.9,50.1,228.9,50.1,4.8,1100.0,880.0,80.0,37.0,84.0,100.0,7443
2025-01-25T04:09:57.000000+00:00,236.8,50.1,236.1,50.1,229.0,50.1,4.8,1100.0,870.0,79.0,37.0,84.0,100.0,7443
2025-01-25T04:10:57.000000+00:00,235.5,49.9,234.7,49.9,228.9,49.9,4.9,1120.0,880.0,79.0,37.0,84.0,100.0,7443
2025-01-25T04:11:57.000000+00:00,234.8,49.9,235.3,49.9,228.9,49.9,4.9,1120.0,890.0,79.0,37.0,84.0,100.0,7350
2025-01-25T04:12:57.000000+00:00,234.5,50.0,234.5,50.0,228.9,50.0,4.8,1100.0,880.0,80.0,37.0,84.0,100.0,7443
2025-01-25T04:13:57.000000+00:00,233.5,49.9,233.5,49.9,228.9,49.9,4.8,1100.0,880.0,80.0,37.0,84.0,100.0,7443
2025-01-25T04:14:57.000000+00:00,232.2,49.9,232.2,49.9,228.9,49.9,4.8,1100.0,880.0,80.0,37.0,84.0,100.0,7443
2025-01-25T04:15:57.000000+00:00,233.4,49.9,233.4,49.9,228.9,49.9,4.9,1110.0,890.0,80.0,37.0,84.0,100.0,7443
2025-01-25T04:16:57.000000+00:00,232.9,50.0,232.9,50.0,228.9,50.0,4.9,1120.0,890.0,79.0,37.0,84.0,100.0,7350
2025-01-25T04:17:57.000000+00:00,233.2,50.0,233.2,50.0,228.9,50.0,4.8,1100.0,870.0,79.0,37.0,84.0,100.0,7350
2025-01-25T04:18:57.000000+00:00,233.3,50.0,232.5,50.0,228.9,50.0,4.8,1100.0,870.0,79.0,37.0,84.0,100.0,7350
2025-01-25T04:19:57.000000+00:00,232.0,50.0,231.6,50.0,228.9,50.0,4.8,1110.0,880.0,79.0,37.0,84.0,100.0,7350
2025-01-25T04:20:57.000000+00:00,232.9,50.1,232.0,50.1,228.9,50.1,4.9,1120.0,900.0,80.0,37.0,84.0,100.0,7350
2025-01-25T04:21:57.000000+00:00,231.8,50.1,232.9,50.1,228.9,50.1,4.9,1120.0,900.0,80.0,37.0,84.0,100.0,7350
2025-01-25T04:22:57.000000+00:00,236.7,50.0,235.8,50.0,228.9,50.0,4.8,1100.0,880.0,80.0,37.0,84.0,100.0,7350
2025-01-25T04:23:57.000000+00:00,236.3,50.0,236.3,50.0,228.9,50.0,4.8,1100.0,870.0,79.0,37.0,84.0,100.0,7350
2025-01-25T04:24:57.000000+00:00,235.5,50.0,235.5,50.0,228.9,50.0,4.9,1110.0,880.0,79.0,37.0,84.0,100.0,7635
2025-01-25T04:25:57.000000+00:00,235.4,50.0,235.4,50.0,228.9,50.0,4.8,1090.0,860.0,79.0,36.0,84.0,100.0,7635
2025-01-25T04:26:57.000000+00:00,234.5,49.9,234.9,50.0,228.9,50.0,4.8,1110.0,880.0,79.0,37.0,84.0,100.0,7635
2025-01-25T04:27:57.000000+00:00,235.2,50.0,234.4,50.0,228.9,50.0,4.8,1100.0,880.0,80.0,37.0,84.0,100.0,7259
2025-01-25T04:28:57.000000+00:00,235.0,50.1,235.0,50.1,228.9,50.1,4.8,1090.0,860.0,79.0,36.0,84.0,100.0,7635
2025-01-25T04:29:57.000000+00:00,234.5,50.0,234.5,50.0,228.9,50.0,4.8,1100.0,880.0,80.0,37.0,84.0,100.0,7635
2025-01-25T04:30:57.000000+00:00,234.5,50.0,234.5,50.0,228.9,50.0,4.9,1110.0,890.0,80.0,37.0,84.0,100.0,7635
2025-01-25T04:31:57.000000+00:00,235.2,50.1,235.2,50.1,228.9,50.1,4.8,1110.0,880.0,79.0,37.0,84.0,100.0,7635
2025-01-25T04:32:57.000000+00:00,235.2,50.0,235.2,50.0,228.9,50.0,4.8,1100.0,880.0,80.0,37.0,84.0,100.0,7635
2025-01-25T04:33:57.000000+00:00,235.4,50.1,235.4,50.1,228.9,50.1,4.7,1090.0,860.0,79.0,36.0,83.9,100.0,7635
2025-01-25T04:34:57.000000+00:00,236.3,50.3,236.4,50.3,228.9,50.3,4.8,1090.0,880.0,81.0,36.0,83.9,100.0,7635
2025-01-25T04:35:57.000000+00:00,236.2,50.2,235.8,50.2,228.9,50.2,4.8,1090.0,870.0,80.0,36.0,84.0,100.0,7635
2025-01-25T04:36:57.000000+00:00,234.6,50.0,234.5,50.0,228.9,50.0,4.8,1100.0,880.0,80.0,37.0,84.0,100.0,7635
2025-01-25T04:37:57.000000+00:00,234.3,49.9,234.8,49.9,228.9,49.9,4.8,1110.0,880.0,79.0,37.0,84.0,100.0,7259
2025-01-25T04:38:57.000000+00:00,235.3,50.0,235.3,50.0,228.9,50.0,4.8,1100.0,870.0,79.0,37.0,84.0,100.0,7635
2025-01-25T04:39:57.000000+00:00,235.4,50.1,235.4,50.1,228.9,50.1,4.8,1100.0,880.0,80.0,37.0,84.0,100.0,7635
2025-01-25T04:40:57.000000+00:00,235.3,50.2,235.3,50.2,228.9,50.2,4.8,1100.0,880.0,80.0,37.0,84.0,100.0,7635
2025-01-25T04:41:57.000000+00:00,235.7,50.2,235.7,50.2,228.9,50.2,4.9,1110.0,900.0,81.0,37.0,84.0,100.0,7635
2025-01-25T04:42:57.000000+00:00,235.7,50.2,235.0,50.2,228.9,50.2,4.8,1100.0,880.0,80.0,37.0,83.9,100.0,7635
2025-01-25T04:43:57.000000+00:00,236.0,50.1,236.0,50.1,228.9,50.1,4.7,1080.0,860.0,80.0,36.0,83.9,100.0,7635
2025-01-25T04:44:57.000000+00:00,235.3,50.1,235.3,50.1,228.9,50.1,4.8,1100.0,880.0,80.0,37.0,83.9,100.0,7635
2025-01-25T04:45:57.000000+00:00,234.3,50.1,234.8,50.1,228.9,50.1,4.8,1110.0,890.0,80.0,37.0,83.9,100.0,7635
2025-01-25T04:46:57.000000+00:00,234.6,50.0,234.6,50.0,228.9,50.0,4.8,1090.0,870.0,80.0,37.0,84.0,100.0,7635
2025-01-25T04:47:57.000000+00:00,232.2,50.1,232.2,50.1,228.9,50.1,4.8,1100.0,870.0,79.0,37.0,84.0,100.0,7635
2025-01-25T04:48:57.000000+00:00,233.2,50.1,232.4,50.1,228.9,50.1,4.8,1090.0,870.0,80.0,37.0,83.9,100.0,7635
2025-01-25T04:49:57.000000+00:00,232.0,50.0,232.0,50.0,228.9,50.0,4.8,1100.0,870.0,79.0,37.0,84.0,100.0,7635
2025-01-25T04:50:57.000000+00:00,232.5,50.1,231.9,50.1,228.9,50.1,4.8,1110.0,890.0,80.0,37.0,84.0,100.0,7635
2025-01-25T04:51:57.000000+00:00,236.5,50.1,236.5,50.1,228.9,50.1,4.8,1100.0,870.0,79.0,37.0,83.9,100.0,7635
2025-01-25T04:52:57.000000+00:00,237.8,50.1,237.3,50.1,228.9,50.1,4.8,1100.0,880.0,80.0,37.0,83.9,100.0,7635
2025-01-25T04:53:57.000000+00:00,238.2,49.9,238.1,49.9,228.9,49.9,4.8,1100.0,860.0,78.0,37.0,84.0,100.0,7635
2025-01-25T04:54:57.000000+00:00,239.0,50.0,240.0,50.0,228.9,50.0,4.8,1100.0,880.0,80.0,37.0,83.9,100.0,7635
2025-01-25T04:55:57.000000+00:00,235.2,50.1,235.6,50.1,228.9,50.1,4.8,1100.0,880.0,80.0,37.0,83.9,100.0,7635
2025-01-25T04:56:57.000000+00:00,235.4,50.1,236.2,50.1,228.9,50.1,4.8,1090.0,860.0,79.0,36.0,83.9,100.0,7635
2025-01-25T04:57:57.000000+00:00,235.4,50.1,235.4,50.1,228.9,50.1,4.8,1100.0,880.0,80.0,37.0,83.9,100.0,7635
2025-01-25T04:58:57.000000+00:00,234.8,50.1,234.5,50.1,228.9,50.1,4.8,1090.0,860.0,79.0,36.0,83.9,100.0,7635
2025-01-25T04:59:57.000000+00:00,234.5,50.1,234.5,50.1,228.9,50.1,4.8,1100.0,880.0,80.0,37.0,83.9,100.0,7259
2025-01-25T05:00:57.000000+00:00,234.2,50.1,234.2,50.1,228.9,50.1,4.9,1120.0,890.0,79.0,37.0,83.9,100.0,7635
2025-01-25T05:01:57.000000+00:00,233.8,50.0,233.8,50.0,228.9,50.0,4.8,1110.0,880.0,79.0,37.0,83.9,100.0,7635
2025-01-25T05:02:57.000000+00:00,233.5,50.1,233.5,50.1,228.9,50.1,4.8,1100.0,880.0,80.0,37.0,83.9,100.0,7635
2025-01-25T05:03:57.000000+00:00,232.4,50.0,232.8,50.0,228.9,50.0,4.8,1090.0,860.0,79.0,36.0,83.9,100.0,7635
2025-01-25T05:04:57.000000+00:00,232.4,50.0,232.5,50.0,228.9,50.0,4.8,1100.0,880.0,80.0,37.0,83.9,100.0,7635
2025-01-25T05:05:57.000000+00:00,232.2,50.0,232.3,50.0,228.9,50.0,4.8,1100.0,880.0,80.0,37.0,83.9,100.0,7635
2025-01-25T05:06:57.000000+00:00,232.9,50.1,232.4,50.1,228.9,50.1,4.7,1080.0,850.0,79.0,36.0,83.9,100.0,7635
2025-01-25T05:07:57.000000+00:00,231.3,50.1,231.3,50.1,228.9,50.1,4.8,1100.0,870.0,79.0,37.0,83.9,100.0,7259
2025-01-25T05:08:57.000000+00:00,236.0,50.1,236.0,50.1,228.9,50.1,4.8,1090.0,870.0,80.0,37.0,83.9,100.0,7635
2025-01-25T05:09:57.000000+00:00,236.1,50.1,235.7,50.1,228.9,50.1,4.8,1090.0,870.0,80.0,37.0,83.9,100.0,7635
2025-01-25T05:10:57.000000+00:00,236.9,50.2,235.8,50.2,228.9,50.2,4.8,1100.0,870.0,79.0,37.0,83.9,100.0,7538
2025-01-25T05:11:58.000000+00:00,235.9,50.1,235.9,50.1,228.9,50.1,4.8,1090.0,870.0,80.0,37.0,83.9,100.0,7538
2025-01-25T05:12:58.000000+00:00,235.5,50.1,235.5,50.1,228.9,50.1,4.8,1090.0,870.0,80.0,37.0,83.9,100.0,7538
2025-01-25T05:13:58.000000+00:00,236.3,50.1,236.3,50.1,228.9,50.1,4.7,1080.0,850.0,79.0,36.0,83.9,100.0,7538
2025-01-25T05:14:58.000000+00:00,235.2,50.0,235.8,50.0,228.9,50.0,4.8,1100.0,880.0,80.0,37.0,83.9,100.0,7538
2025-01-25T05:15:58.000000+00:00,234.7,50.0,234.7,50.0,228.9,50.0,4.8,1100.0,870.0,79.0,37.0,83.9,100.0,7538
2025-01-25T05:16:58.000000+00:00,234.3,50.1,234.2,50.1,228.9,50.1,4.8,1090.0,870.0,80.0,36.0,83.9,100.0,7538
2025-01-25T05:17:58.000000+00:00,233.4,50.1,233.4,50.1,228.9,50.1,4.8,1110.0,890.0,80.0,37.0,83.9,100.0,7538
2025-01-25T05:18:58.000000+00:00,232.2,50.2,232.2,50.2,228.9,50.2,4.8,1090.0,870.0,80.0,36.0,83.9,100.0,7538
2025-01-25T05:19:58.000000+00:00,233.1,50.2,233.2,50.2,228.9,50.2,4.8,1090.0,870.0,80.0,36.0,83.9,100.0,7538
2025-01-25T05:20:58.000000+00:00,232.9,50.2,233.8,50.2,228.9,50.2,4.8,1110.0,890.0,80.0,36.0,83.9,100.0,7735
2025-01-25T05:21:58.000000+00:00,234.2,50.2,234.2,50.2,228.9,50.2,4.8,1090.0,870.0,80.0,36.0,83.9,100.0,7350
2025-01-25T05:22:58.000000+00:00,233.8,50.2,233.8,50.2,228.9,50.2,4.8,1090.0,870.0,80.0,36.0,83.9,100.0,7443
2025-01-25T05:23:58.000000+00:00,234.4,50.2,234.4,50.2,228.9,50.2,4.8,1090.0,870.0,80.0,36.0,83.9,100.0,7837
2025-01-25T05:24:58.000000+00:00,233.8,50.2,233.8,50.2,228.9,50.2,4.8,1100.0,880.0,80.0,36.0,83.9,100.0,7443
2025-01-25T05:25:58.000000+00:00,231.6,50.1,231.6,50.1,228.9,50.1,4.8,1100.0,870.0,79.0,36.0,83.9,100.0,7837
2025-01-25T05:26:58.000000+00:00,231.0,50.1,231.0,50.1,228.9,50.1,4.7,1080.0,850.0,79.0,37.0,83.9,100.0,7837
2025-01-25T05:27:58.000000+00:00,235.8,50.0,235.9,50.0,228.9,50.0,4.8,1100.0,870.0,79.0,37.0,83.9,100.0,7443
2025-01-25T05:28:58.000000+00:00,234.8,50.0,234.8,50.0,228.9,50.0,4.8,1090.0,850.0,78.0,37.0,83.8,100.0,7837
2025-01-25T05:29:58.000000+00:00,235.0,50.1,235.2,50.1,228.9,50.1,4.9,1110.0,890.0,80.0,37.0,83.9,100.0,7443
2025-01-25T05:30:58.000000+00:00,234.2,50.1,234.8,50.1,228.9,50.1,4.8,1100.0,870.0,79.0,37.0,83.8,100.0,7443
2025-01-25T05:31:58.000000+00:00,234.7,50.1,233.8,50.1,228.9,50.1,4.8,1100.0,870.0,79.0,37.0,83.9,100.0,7350
2025-01-25T05:32:58.000000+00:00,233.5,50.0,233.5,50.0,228.9,50.0,4.8,1100.0,880.0,80.0,37.0,83.9,100.0,7350
2025-01-25T05:33:58.000000+00:00,233.6,50.0,233.6,50.0,228.9,50.0,4.7,1080.0,850.0,79.0,36.0,83.8,100.0,7837
2025-01-25T05:34:58.000000+00:00,234.1,50.0,233.6,50.0,228.9,50.0,4.8,1100.0,870.0,79.0,37.0,83.8,100.0,7350
2025-01-25T05:35:58.000000+00:00,234.0,50.1,235.0,50.1,228.9,50.1,4.8,1100.0,870.0,79.0,37.0,83.9,100.0,7735
2025-01-25T05:36:58.000000+00:00,234.4,50.1,234.4,50.1,228.9,50.1,4.7,1080.0,850.0,79.0,37.0,83.9,100.0,7735
2025-01-25T05:37:58.000000+00:00,234.7,50.1,235.2,50.1,228.9,50.1,4.8,1110.0,890.0,80.0,37.0,83.8,100.0,7350
2025-01-25T05:38:58.000000+00:00,234.5,50.1,234.5,50.1,228.9,50.1,4.9,1120.0,900.0,80.0,37.0,83.8,100.0,7837
2025-01-25T05:39:58.000000+00:00,235.0,50.1,234.9,50.1,228.9,50.1,4.8,1090.0,860.0,79.0,37.0,83.9,100.0,7443
2025-01-25T05:40:58.000000+00:00,234.4,50.1,234.4,50.1,228.9,50.1,4.9,1120.0,900.0,80.0,37.0,83.9,100.0,7443
2025-01-25T05:41:58.000000+00:00,235.0,50.1,235.0,50.1,228.9,50.1,4.8,1090.0,870.0,80.0,36.0,83.8,100.0,7350
2025-01-25T05:42:58.000000+00:00,234.7,50.2,233.9,50.2,228.9,50.2,4.8,1100.0,880.0,80.0,36.0,83.8,100.0,7350
2025-01-25T05:43:58.000000+00:00,234.5,50.2,234.4,50.2,228.9,50.2,4.7,1080.0,860.0,80.0,36.0,83.8,100.0,7735
2025-01-25T05:44:58.000000+00:00,233.9,50.2,233.9,50.2,228.9,50.2,4.8,1100.0,880.0,80.0,36.0,83.8,100.0,7350
2025-01-25T05:45:58.000000+00:00,235.0,50.3,235.0,50.3,228.9,50.3,4.8,1100.0,880.0,80.0,36.0,83.8,100.0,7350
2025-01-25T05:46:58.000000+00:00,234.7,50.3,235.1,50.3,228.9,50.3,4.7,1080.0,860.0,80.0,36.0,83.8,100.0,7735
2025-01-25T05:47:58.000000+00:00,235.6,50.3,235.4,50.3,228.9,50.3,4.8,1110.0,890.0,80.0,36.0,83.8,100.0,7735
2025-01-25T05:48:58.000000+00:00,234.5,50.0,234.4,50.0,228.9,50.0,4.8,1110.0,880.0,79.0,37.0,83.8,100.0,7735
2025-01-25T05:49:58.000000+00:00,235.0,50.1,235.5,50.1,228.9,50.1,4.9,1120.0,900.0,80.0,37.0,83.8,100.0,7350
2025-01-25T05:50:58.000000+00:00,234.7,50.1,234.8,50.1,228.9,50.1,4.9,1110.0,900.0,81.0,37.0,83.8,100.0,7443
2025-01-25T05:51:58.000000+00:00,234.5,50.1,234.8,50.1,228.9,50.1,4.8,1090.0,860.0,79.0,37.0,83.8,100.0,7443
2025-01-25T05:52:58.000000+00:00,233.8,50.0,233.6,50.0,228.9,50.0,4.8,1100.0,880.0,80.0,37.0,83.8,100.0,7443
2025-01-25T05:53:58.000000+00:00,233.9,50.0,234.0,50.0,228.9,50.0,4.9,1110.0,890.0,80.0,37.0,83.8,100.0,7837
2025-01-25T05:54:58.000000+00:00,233.5,50.0,233.5,50.0,228.9,50.0,4.8,1100.0,870.0,79.0,37.0,83.8,100.0,7443
2025-01-25T05:55:58.000000+00:00,233.3,50.1,234.4,50.1,228.9,50.0,4.8,1100.0,870.0,79.0,37.0,83.8,100.0,7350
2025-01-25T05:56:58.000000+00:00,234.1,50.1,233.2,50.1,228.9,50.1,4.7,1090.0,860.0,79.0,36.0,83.8,100.0,7837
2025-01-25T05:57:58.000000+00:00,232.2,50.0,233.3,50.0,228.9,50.0,4.8,1110.0,880.0,79.0,37.0,83.8,100.0,7443
2025-01-25T05:58:58.000000+00:00,232.7,50.0,232.7,50.0,228.9,50.0,4.8,1090.0,860.0,79.0,36.0,83.8,100.0,7837
2025-01-25T05:59:58.000000+00:00,233.2,50.0,232.3,50.0,228.9,50.0,4.8,1110.0,880.0,79.0,37.0,83.8,100.0,7443
2025-01-25T06:00:58.000000+00:00,233.0,50.0,233.0,50.0,228.9,50.0,4.9,1120.0,890.0,79.0,37.0,83.8,100.0,7443
2025-01-25T06:01:58.000000+00:00,233.1,50.1,233.1,50.1,228.9,50.1,4.9,1110.0,890.0,80.0,37.0,83.8,100.0,7443
2025-01-25T06:02:50.000000+00:00,232.6,50.0,232.6,50.0,228.9,50.0,4.8,1110.0,880.0,79.0,37.0,83.8,100.0,7443
2025-01-25T06:02:50.000000+00:00,232.6,50.0,232.6,50.0,228.9,50.0,4.8,1110.0,880.0,79.0,37.0,83.8,100.0,7443
2025-01-25T06:02:50.000000+00:00,232.6,50.0,232.6,50.0,228.9,50.0,4.8,1110.0,880.0,79.0,37.0,83.8,100.0,7443
2025-01-25T06:02:53.000000+00:00,232.6,50.0,232.6,50.0,228.9,50.0,4.8,1110.0,880.0,79.0,37.0,83.8,100.0,7443
2025-01-25T06:02:53.000000+00:00,232.6,50.0,232.6,50.0,228.9,50.0,4.8,1110.0,880.0,79.0,37.0,83.8,100.0,7443
2025-01-25T06:02:58.000000+00:00,239.0,50.1,239.0,50.1,228.9,50.1,4.8,1100.0,880.0,80.0,37.0,83.8,100.0,7443
2025-01-25T06:02:58.000000+00:00,239.0,50.1,239.0,50.1,228.9,50.1,4.8,1100.0,880.0,80.0,37.0,83.8,100.0,7443
2025-01-25T06:02:59.000000+00:00,239.0,50.1,239.0,50.1,228.9,50.1,4.8,1100.0,880.0,80.0,37.0,83.8,100.0,7443
2025-01-25T06:03:01.000000+00:00,239.4,50.1,239.4,50.1,228.9,50.2,4.8,1100.0,880.0,80.0,37.0,83.8,100.0,7443
2025-01-25T06:03:58.000000+00:00,237.4,50.1,238.5,50.1,228.9,50.1,4.8,1100.0,880.0,80.0,37.0,84.0,100.0,7438
2025-01-25T06:04:58.000000+00:00,235.5,50.0,235.5,50.0,228.9,50.0,4.8,1100.0,880.0,80.0,37.0,83.8,100.0,7439
2025-01-25T06:05:58.000000+00:00,236.1,50.1,235.6,50.1,228.9,50.1,4.8,1100.0,880.0,80.0,37.0,83.8,100.0,7439
2025-01-25T06:06:58.000000+00:00,235.2,50.2,235.4,50.2,228.9,50.2,4.8,1090.0,860.0,79.0,36.0,83.8,100.0,7439
2025-01-25T06:07:58.000000+00:00,235.6,50.2,235.1,50.2,228.9,50.2,4.8,1100.0,880.0,80.0,37.0,83.7,100.0,7346
2025-01-25T06:08:58.000000+00:00,236.0,50.1,235.5,50.1,228.9,50.1,4.8,1100.0,870.0,79.0,36.0,83.8,100.0,7731
2025-01-25T06:09:58.000000+00:00,235.7,50.2,235.7,50.2,228.9,50.2,4.8,1090.0,870.0,80.0,37.0,83.8,100.0,7347
2025-01-25T06:10:58.000000+00:00,235.5,50.1,235.6,50.1,228.9,50.1,4.9,1120.0,900.0,80.0,37.0,83.6,100.0,7347
2025-01-25T06:11:58.000000+00:00,234.9,50.1,234.9,50.1,228.9,50.1,4.8,1100.0,880.0,80.0,37.0,83.8,100.0,7347
2025-01-25T06:12:58.000000+00:00,236.1,50.1,236.1,50.1,228.9,50.1,4.8,1100.0,880.0,80.0,37.0,83.7,100.0,7440
2025-01-25T06:13:58.000000+00:00,234.3,50.0,234.8,50.0,228.9,50.0,4.8,1090.0,860.0,79.0,36.0,83.8,100.0,7834
2025-01-25T06:14:58.000000+00:00,235.6,50.1,235.6,50.1,228.9,50.0,4.8,1110.0,890.0,80.0,37.0,83.8,100.0,7441
2025-01-25T06:15:58.000000+00:00,234.6,50.1,234.7,50.1,228.9,50.1,4.8,1100.0,880.0,80.0,37.0,83.6,100.0,7441
2025-01-25T06:16:58.000000+00:00,235.0,50.1,234.0,50.1,228.9,50.1,4.8,1100.0,870.0,79.0,37.0,83.8,100.0,7835
2025-01-25T06:17:59.000000+00:00,233.9,50.0,233.8,50.0,228.9,50.0,4.8,1100.0,870.0,79.0,37.0,83.8,100.0,7442
2025-01-25T06:18:59.000000+00:00,234.2,50.1,234.2,50.1,228.9,50.1,4.7,1080.0,850.0,79.0,36.0,83.6,100.0,7835
2025-01-25T06:19:59.000000+00:00,234.0,50.1,234.0,50.1,228.9,50.1,4.8,1090.0,870.0,80.0,37.0,83.8,100.0,7442
2025-01-25T06:20:59.000000+00:00,235.3,50.2,235.3,50.2,228.9,50.2,4.8,1100.0,870.0,79.0,36.0,83.7,100.0,7836
2025-01-25T06:21:59.000000+00:00,235.5,50.2,234.8,50.2,228.9,50.2,4.8,1090.0,870.0,80.0,36.0,83.8,100.0,7443
2025-01-25T06:22:59.000000+00:00,234.7,50.2,234.2,50.2,228.9,50.2,4.8,1090.0,870.0,80.0,36.0,83.9,100.0,7443
2025-01-25T06:23:59.000000+00:00,233.5,50.1,233.6,50.1,228.9,50.1,4.8,1090.0,860.0,79.0,37.0,83.9,100.0,7837
2025-01-25T06:24:59.000000+00:00,232.8,50.1,232.9,50.1,228.9,50.1,4.8,1090.0,870.0,80.0,37.0,83.9,100.0,7443
2025-01-25T06:25:59.000000+00:00,233.2,50.1,233.2,50.1,228.9,50.1,4.8,1100.0,870.0,79.0,36.0,84.2,100.0,7443
2025-01-25T06:26:59.000000+00:00,233.2,50.1,233.2,50.1,228.9,50.1,4.7,1080.0,850.0,79.0,36.0,84.1,100.0,7837
2025-01-25T06:27:59.000000+00:00,233.5,50.1,233.7,50.1,228.9,50.1,4.9,1120.0,900.0,80.0,37.0,84.2,100.0,7350
2025-01-25T06:28:59.000000+00:00,234.5,50.2,234.8,50.2,228.9,50.2,4.7,1080.0,850.0,79.0,36.0,84.0,100.0,7837
2025-01-25T06:29:59.000000+00:00,234.5,50.1,234.4,50.1,228.9,50.1,4.8,1090.0,870.0,80.0,36.0,83.9,100.0,7443
2025-01-25T06:30:59.000000+00:00,235.7,50.2,235.7,50.2,228.9,50.2,4.8,1100.0,880.0,80.0,36.0,84.0,100.0,7443
2025-01-25T06:31:59.000000+00:00,234.9,50.2,235.2,50.2,228.9,50.2,4.8,1100.0,880.0,80.0,37.0,83.9,100.0,7350
2025-01-25T06:32:59.000000+00:00,235.2,50.1,235.2,50.1,228.9,50.1,4.8,1090.0,870.0,80.0,37.0,83.8,100.0,7350
2025-01-25T06:33:59.000000+00:00,235.9,50.2,235.9,50.2,228.9,50.2,4.7,1080.0,850.0,79.0,36.0,83.9,100.0,7837
2025-01-25T06:34:59.000000+00:00,235.5,50.2,235.5,50.2,228.9,50.2,4.7,1080.0,850.0,79.0,36.0,83.9,100.0,7443
2025-01-25T06:35:59.000000+00:00,235.1,50.3,235.1,50.3,228.9,50.3,4.7,1090.0,870.0,80.0,36.0,83.7,100.0,7735
2025-01-25T06:36:59.000000+00:00,235.0,50.3,234.4,50.3,228.9,50.3,4.7,1070.0,850.0,79.0,36.0,83.9,100.0,7837
2025-01-25T06:37:59.000000+00:00,235.1,50.2,235.1,50.2,228.9,50.2,4.8,1090.0,870.0,80.0,37.0,83.8,100.0,7443
2025-01-25T06:38:59.000000+00:00,233.7,50.1,233.7,50.1,228.9,50.1,4.8,1100.0,870.0,79.0,36.0,83.7,100.0,7837
2025-01-25T06:39:59.000000+00:00,234.3,50.1,234.3,50.1,228.9,50.1,4.8,1100.0,870.0,79.0,36.0,83.8,100.0,7443
2025-01-25T06:40:59.000000+00:00,234.3,50.1,234.1,50.1,228.9,50.1,4.9,1110.0,900.0,81.0,36.0,83.8,100.0,7837
2025-01-25T06:41:59.000000+00:00,234.5,50.1,234.9,50.1,228.9,50.1,4.8,1100.0,870.0,79.0,36.0,83.7,100.0,7350
2025-01-25T06:42:59.000000+00:00,235.0,50.1,235.0,50.1,228.9,50.1,4.8,1100.0,870.0,79.0,37.0,83.8,100.0,7350
2025-01-25T06:43:59.000000+00:00,235.2,50.0,235.2,50.0,228.9,50.0,4.8,1100.0,880.0,80.0,36.0,83.8,100.0,7735
2025-01-25T06:44:59.000000+00:00,235.0,50.0,235.0,50.0,228.9,50.0,4.8,1100.0,870.0,79.0,37.0,83.7,100.0,7350
2025-01-25T06:45:59.000000+00:00,235.3,50.0,235.3,50.0,228.9,50.0,4.8,1110.0,880.0,79.0,37.0,83.8,100.0,7350
2025-01-25T06:46:59.000000+00:00,235.3,50.1,235.3,50.1,228.9,50.1,4.8,1090.0,860.0,79.0,37.0,83.8,100.0,7735
2025-01-25T06:47:59.000000+00:00,235.4,50.0,234.5,50.0,228.9,50.0,4.8,1110.0,890.0,80.0,37.0,83.6,100.0,7350
2025-01-25T06:48:59.000000+00:00,234.7,50.0,234.6,50.0,228.9,50.0,4.9,1120.0,890.0,79.0,37.0,83.8,100.0,7837
2025-01-25T06:49:59.000000+00:00,235.4,50.1,235.4,50.1,228.9,50.1,4.8,1090.0,870.0,80.0,37.0,83.7,100.0,7735
2025-01-25T06:50:59.000000+00:00,235.1,50.1,235.1,50.1,229.0,50.1,4.8,1090.0,860.0,79.0,37.0,83.6,100.0,7350
2025-01-25T06:51:59.000000+00:00,234.6,50.0,234.6,50.0,228.9,50.0,4.8,1100.0,870.0,79.0,37.0,83.8,100.0,7443
2025-01-25T06:52:59.000000+00:00,234.8,50.0,234.9,50.0,228.9,50.0,4.8,1100.0,870.0,79.0,37.0,83.7,100.0,7443
2025-01-25T06:53:59.000000+00:00,234.1,50.0,234.5,50.0,228.9,50.1,4.8,1090.0,860.0,79.0,37.0,83.6,100.0,7837
2025-01-25T06:54:59.000000+00:00,235.4,50.1,235.4,50.1,228.9,50.1,4.8,1100.0,870.0,79.0,36.0,83.8,100.0,7443
2025-01-25T06:55:59.000000+00:00,234.7,50.0,234.7,50.0,228.9,50.0,4.8,1100.0,880.0,80.0,37.0,83.7,100.0,7443
2025-01-25T06:56:59.000000+00:00,235.9,50.2,236.4,50.2,228.9,50.2,4.7,1080.0,850.0,79.0,36.0,83.6,100.0,7837
2025-01-25T06:57:59.000000+00:00,235.8,50.2,235.8,50.2,228.9,50.2,4.8,1100.0,880.0,80.0,36.0,83.8,100.0,7443
2025-01-25T06:58:59.000000+00:00,236.4,50.2,236.8,50.2,228.9,50.2,4.7,1080.0,860.0,80.0,36.0,83.7,100.0,7837
2025-01-25T06:59:59.000000+00:00,236.3,50.1,235.8,50.1,228.9,50.1,4.8,1100.0,880.0,80.0,36.0,83.6,100.0,7350
2025-01-25T07:00:59.000000+00:00,236.7,50.1,236.7,50.1,228.9,50.1,4.8,1100.0,870.0,79.0,37.0,83.7,100.0,7443
2025-01-25T07:01:59.000000+00:00,237.6,50.1,237.6,50.1,228.9,50.1,4.8,1110.0,880.0,79.0,37.0,83.6,100.0,7443
2025-01-25T07:02:59.000000+00:00,237.8,50.1,237.8,50.1,228.9,50.1,4.8,1100.0,870.0,79.0,36.0,83.8,100.0,7443
2025-01-25T07:03:59.000000+00:00,237.3,50.1,237.3,50.1,228.9,50.1,4.8,1090.0,870.0,80.0,36.0,83.7,100.0,7837
2025-01-25T07:04:59.000000+00:00,237.3,50.1,237.3,50.1,228.9,50.1,4.8,1090.0,870.0,80.0,37.0,83.6,100.0,7350
2025-01-25T07:05:59.000000+00:00,236.9,50.1,236.8,50.1,228.9,50.1,4.8,1090.0,870.0,80.0,37.0,83.8,100.0,7443
2025-01-25T07:06:59.000000+00:00,237.4,50.1,237.8,50.1,228.9,50.1,4.7,1080.0,850.0,79.0,36.0,83.6,100.0,7837
2025-01-25T07:07:59.000000+00:00,237.2,50.1,237.6,50.1,228.9,50.1,4.8,1090.0,870.0,80.0,37.0,83.8,100.0,7443
2025-01-25T07:08:59.000000+00:00,238.1,50.1,238.1,50.1,228.9,50.1,4.8,1090.0,870.0,80.0,37.0,83.9,100.0,7837
2025-01-25T07:09:59.000000+00:00,237.4,50.1,237.4,50.1,228.9,50.1,4.7,1080.0,850.0,79.0,37.0,83.9,100.0,7443
2025-01-25T07:10:59.000000+00:00,237.7,50.1,237.7,50.1,229.0,50.1,4.8,1100.0,870.0,79.0,37.0,84.2,100.0,7350
2025-01-25T07:11:59.000000+00:00,236.9,50.1,236.9,50.1,228.9,50.1,4.8,1100.0,880.0,80.0,37.0,84.0,100.0,7350
2025-01-25T07:12:59.000000+00:00,237.3,50.1,236.7,50.1,228.9,50.1,4.8,1090.0,870.0,80.0,37.0,84.0,100.0,7443
2025-01-25T07:13:59.000000+00:00,236.9,50.0,236.9,50.0,228.9,50.0,4.8,1090.0,860.0,79.0,36.0,84.2,100.0,7837
2025-01-25T07:14:59.000000+00:00,237.7,50.1,236.8,50.1,228.9,50.1,4.8,1100.0,880.0,80.0,37.0,83.9,100.0,7350
2025-01-25T07:15:59.000000+00:00,237.9,50.1,237.9,50.1,228.9,50.1,4.8,1100.0,870.0,79.0,37.0,84.1,100.0,7350
2025-01-25T07:16:59.000000+00:00,237.6,50.1,236.5,50.1,229.0,50.1,4.8,1090.0,870.0,80.0,36.0,84.0,100.0,7735
2025-01-25T07:17:59.000000+00:00,237.0,50.0,238.1,50.0,228.9,50.0,4.8,1100.0,870.0,79.0,37.0,83.8,100.0,7350
2025-01-25T07:18:59.000000+00:00,238.4,50.0,238.5,50.0,228.9,50.0,4.8,1100.0,870.0,79.0,37.0,83.7,100.0,7735
2025-01-25T07:19:59.000000+00:00,238.0,50.1,239.0,50.0,228.9,50.1,4.7,1080.0,850.0,79.0,36.0,83.9,100.0,7735
2025-01-25T07:20:59.000000+00:00,239.3,50.2,238.9,50.2,228.9,50.2,4.8,1100.0,880.0,80.0,36.0,83.8,100.0,7735
2025-01-25T07:21:59.000000+00:00,239.6,50.0,238.6,50.0,228.9,50.0,4.8,1110.0,880.0,79.0,37.0,83.7,100.0,7635
2025-01-25T07:22:59.000000+00:00,238.6,50.1,239.5,50.1,228.9,50.1,4.8,1100.0,870.0,79.0,37.0,83.9,100.0,7635
2025-01-25T07:23:59.000000+00:00,239.1,50.1,239.1,50.1,228.9,50.1,4.8,1090.0,860.0,79.0,37.0,83.7,100.0,7635
2025-01-25T07:24:59.000000+00:00,240.5,50.1,240.1,50.1,228.9,50.1,4.8,1100.0,880.0,80.0,36.0,83.8,100.0,7635
2025-01-25T07:25:59.000000+00:00,239.8,50.2,239.8,50.2,228.9,50.2,4.8,1100.0,870.0,79.0,36.0,83.8,100.0,7635
2025-01-25T07:27:00.000000+00:00,239.2,50.0,239.7,50.0,228.9,50.0,4.7,1080.0,850.0,79.0,36.0,83.8,100.0,7635
2025-01-25T07:28:00.000000+00:00,238.7,50.1,238.7,50.1,228.9,50.1,4.8,1100.0,870.0,79.0,37.0,83.8,100.0,7635
2025-01-25T07:29:00.000000+00:00,238.8,50.0,238.8,50.0,228.9,50.0,4.7,1080.0,850.0,79.0,36.0,83.7,100.0,7635
2025-01-25T07:30:00.000000+00:00,238.6,50.1,239.4,50.1,228.9,50.1,4.8,1100.0,880.0,80.0,37.0,83.7,100.0,7635
2025-01-25T07:31:00.000000+00:00,238.9,50.0,239.3,50.0,228.9,50.0,4.8,1100.0,870.0,79.0,37.0,83.8,100.0,7635
2025-01-25T07:32:00.000000+00:00,238.7,50.1,238.1,50.1,228.9,50.1,4.8,1100.0,880.0,80.0,37.0,83.7,100.0,7635
2025-01-25T07:33:00.000000+00:00,237.9,50.1,238.0,50.1,228.9,50.1,4.8,1100.0,880.0,80.0,36.0,83.6,100.0,7635
2025-01-25T07:34:00.000000+00:00,238.1,50.0,238.1,50.0,228.9,50.0,4.8,1100.0,870.0,79.0,37.0,83.8,100.0,7635
2025-01-25T07:35:00.000000+00:00,238.5,50.1,238.5,50.1,228.9,50.1,4.8,1100.0,870.0,79.0,37.0,83.7,100.0,7635
2025-01-25T07:36:00.000000+00:00,238.4,50.1,239.0,50.1,228.9,50.1,4.8,1100.0,880.0,80.0,37.0,83.6,100.0,7635
2025-01-25T07:37:00.000000+00:00,237.4,50.0,237.4,50.0,228.9,50.0,4.8,1090.0,850.0,78.0,36.0,83.8,100.0,7635
2025-01-25T07:38:00.000000+00:00,238.4,50.1,237.3,50.1,228.9,50.1,4.8,1090.0,870.0,80.0,37.0,83.7,100.0,7635
2025-01-25T07:39:00.000000+00:00,237.0,49.9,237.0,49.9,228.9,49.9,4.8,1090.0,860.0,79.0,36.0,83.6,100.0,7635
2025-01-25T07:40:00.000000+00:00,237.8,50.0,238.3,50.0,228.9,50.0,4.8,1100.0,880.0,80.0,37.0,83.6,100.0,7635
2025-01-25T07:41:00.000000+00:00,238.9,50.1,238.9,50.1,228.9,50.1,4.8,1100.0,880.0,80.0,37.0,83.8,100.0,7837
2025-01-25T07:42:00.000000+00:00,238.6,50.0,239.0,50.0,228.9,50.0,4.8,1110.0,890.0,80.0,37.0,83.7,100.0,7443
2025-01-25T07:43:00.000000+00:00,238.4,50.0,239.3,50.0,228.9,50.0,4.8,1100.0,870.0,79.0,37.0,83.8,100.0,7443
2025-01-25T07:44:00.000000+00:00,239.4,50.1,239.4,50.1,228.9,50.1,4.8,1100.0,880.0,80.0,36.0,83.7,100.0,7837
2025-01-25T07:45:00.000000+00:00,239.3,50.0,239.3,50.0,228.9,50.0,4.8,1100.0,880.0,80.0,37.0,83.6,100.0,7350
2025-01-25T07:46:00.000000+00:00,238.4,49.9,238.4,49.9,228.9,49.9,4.8,1100.0,870.0,79.0,37.0,83.8,100.0,7259
2025-01-25T07:47:00.000000+00:00,238.7,50.0,238.7,50.0,228.9,50.0,4.8,1100.0,860.0,78.0,36.0,83.6,100.0,7635
2025-01-25T07:48:00.000000+00:00,237.9,49.9,238.9,49.9,228.9,49.9,4.8,1110.0,880.0,79.0,37.0,83.6,100.0,7635
2025-01-25T07:49:00.000000+00:00,239.0,50.0,239.5,50.0,228.9,50.0,4.8,1090.0,860.0,79.0,36.0,83.8,100.0,7635
2025-01-25T07:50:00.000000+00:00,238.6,50.0,238.7,50.0,228.9,50.0,4.8,1100.0,880.0,80.0,37.0,83.7,100.0,7635
2025-01-25T07:51:00.000000+00:00,238.8,50.0,238.8,50.0,228.9,50.0,4.9,1110.0,890.0,80.0,37.0,83.6,100.0,7635
2025-01-25T07:52:00.000000+00:00,238.1,49.9,238.2,49.9,228.9,49.9,4.8,1100.0,880.0,80.0,37.0,83.7,100.0,7635
2025-01-25T07:53:00.000000+00:00,238.9,49.9,238.9,49.9,228.9,49.9,4.8,1110.0,880.0,79.0,37.0,83.6,100.0,7635
2025-01-25T07:54:00.000000+00:00,238.1,50.1,239.0,50.1,228.9,50.1,4.8,1100.0,880.0,80.0,37.0,83.6,100.0,7635
2025-01-25T07:55:00.000000+00:00,238.0,50.0,238.0,50.0,228.9,50.0,4.8,1090.0,860.0,79.0,37.0,83.7,100.0,7635
2025-01-25T07:56:00.000000+00:00,237.6,50.0,237.1,50.0,228.9,50.0,4.8,1100.0,880.0,80.0,37.0,83.6,100.0,7635
2025-01-25T07:57:00.000000+00:00,237.9,50.0,237.9,50.0,228.9,50.0,4.8,1100.0,870.0,79.0,37.0,83.7,100.0,7635
2025-01-25T07:58:00.000000+00:00,237.6,50.0,237.6,50.0,228.9,50.0,4.8,1100.0,880.0,80.0,37.0,83.6,100.0,7635
2025-01-25T07:59:00.000000+00:00,238.1,50.1,238.3,50.1,228.9,50.1,4.7,1080.0,850.0,79.0,36.0,83.6,100.0,7635
2025-01-25T08:00:00.000000+00:00,237.7,50.1,237.7,50.1,228.9,50.1,4.8,1100.0,880.0,80.0,36.0,83.7,100.0,7635
2025-01-25T08:01:00.000000+00:00,238.5,50.1,238.5,50.1,228.9,50.1,4.8,1090.0,870.0,80.0,37.0,83.7,100.0,7635
2025-01-25T08:02:00.000000+00:00,238.6,50.2,238.6,50.2,228.9,50.2,4.8,1100.0,880.0,80.0,37.0,83.8,100.0,7635
2025-01-25T08:03:00.000000+00:00,238.6,50.2,238.6,50.2,228.9,50.2,4.8,1090.0,870.0,80.0,37.0,84.1,100.0,7635
2025-01-25T08:04:00.000000+00:00,240.2,50.2,240.2,50.2,228.9,50.2,4.8,1100.0,880.0,80.0,37.0,84.0,100.0,7635
2025-01-25T08:05:00.000000+00:00,239.6,50.1,240.0,50.1,229.0,50.1,4.8,1090.0,870.0,80.0,36.0,84.0,100.0,7635
2025-01-25T08:06:00.000000+00:00,240.0,50.2,239.4,50.2,228.9,50.2,4.8,1090.0,870.0,80.0,37.0,84.2,100.0,7635
2025-01-25T08:07:00.000000+00:00,239.7,50.1,239.6,50.1,228.9,50.1,4.7,1080.0,850.0,79.0,36.0,84.0,100.0,7635
2025-01-25T08:08:00.000000+00:00,240.1,50.2,240.1,50.2,228.9,50.2,4.8,1100.0,870.0,79.0,36.0,83.8,100.0,7635
2025-01-25T08:09:00.000000+00:00,237.7,50.3,237.7,50.3,229.0,50.3,4.8,1090.0,870.0,80.0,36.0,84.0,100.0,7635
2025-01-25T08:10:00.000000+00:00,237.9,50.1,237.4,50.1,228.9,50.1,4.8,1100.0,870.0,79.0,37.0,83.8,100.0,7635
2025-01-25T08:11:00.000000+00:00,237.0,50.1,237.0,50.1,228.9,50.1,4.9,1110.0,890.0,80.0,37.0,84.0,100.0,7735
2025-01-25T08:12:00.000000+00:00,237.3,50.2,236.9,50.2,228.9,50.2,4.8,1090.0,870.0,80.0,36.0,83.8,100.0,7735
2025-01-25T08:13:00.000000+00:00,236.7,50.3,237.2,50.3,228.9,50.3,4.8,1090.0,870.0,80.0,36.0,83.7,100.0,7735
2025-01-25T08:14:00.000000+00:00,235.4,50.2,234.9,50.2,228.9,50.3,4.8,1090.0,870.0,80.0,36.0,83.9,100.0,7735
2025-01-25T08:15:00.000000+00:00,234.5,50.1,234.1,50.1,228.9,50.1,4.7,1080.0,850.0,79.0,36.0,83.8,100.0,7350
2025-01-25T08:16:00.000000+00:00,233.7,50.1,233.7,50.1,228.9,50.1,4.8,1090.0,870.0,80.0,36.0,83.7,100.0,7735
2025-01-25T08:17:00.000000+00:00,232.9,50.1,232.9,50.1,228.9,50.1,4.8,1090.0,860.0,79.0,36.0,83.6,100.0,7735
2025-01-25T08:18:00.000000+00:00,233.0,50.1,233.4,50.2,228.9,50.2,4.9,1120.0,900.0,80.0,37.0,83.7,100.0,7735
2025-01-25T08:19:00.000000+00:00,234.0,50.2,234.0,50.2,228.9,50.2,4.7,1080.0,850.0,79.0,36.0,83.6,100.0,7735
2025-01-25T08:20:00.000000+00:00,235.9,50.1,235.1,50.1,228.9,50.1,4.8,1100.0,870.0,79.0,37.0,83.8,100.0,7735
2025-01-25T08:21:00.000000+00:00,235.9,50.1,235.9,50.1,228.9,50.1,4.8,1100.0,880.0,80.0,36.0,83.8,100.0,7350
2025-01-25T08:22:00.000000+00:00,235.2,50.0,235.4,50.0,228.9,50.0,4.8,1110.0,880.0,79.0,36.0,83.7,100.0,7350
2025-01-25T08:23:00.000000+00:00,234.9,50.0,234.4,50.0,228.9,50.0,4.8,1100.0,870.0,79.0,37.0,83.8,100.0,7443
2025-01-25T08:24:00.000000+00:00,233.4,50.0,233.4,50.0,228.9,50.0,4.8,1100.0,870.0,79.0,37.0,83.7,100.0,7443
2025-01-25T08:25:00.000000+00:00,237.8,50.0,237.3,50.0,228.9,50.0,4.8,1100.0,870.0,79.0,37.0,83.6,100.0,7443
2025-01-25T08:26:00.000000+00:00,237.9,50.0,237.5,50.0,228.9,50.0,4.8,1100.0,870.0,79.0,37.0,83.6,100.0,7443
2025-01-25T08:27:00.000000+00:00,236.4,50.0,236.4,50.0,228.9,50.0,4.8,1090.0,850.0,78.0,36.0,83.7,100.0,7837
2025-01-25T08:28:00.000000+00:00,236.6,50.0,236.4,50.0,228.9,50.0,4.8,1100.0,870.0,79.0,37.0,83.6,100.0,7443
2025-01-25T08:29:00.000000+00:00,236.8,50.1,236.8,50.1,228.9,50.1,4.8,1090.0,870.0,80.0,37.0,83.8,100.0,7837
2025-01-25T08:30:00.000000+00:00,236.3,50.1,236.1,50.1,228.9,50.1,4.8,1100.0,870.0,79.0,37.0,83.7,100.0,7443
2025-01-25T08:31:00.000000+00:00,237.0,50.1,237.0,50.1,228.9,50.1,4.8,1100.0,860.0,78.0,37.0,83.6,100.0,7443
2025-01-25T08:32:00.000000+00:00,236.9,50.0,236.5,50.0,228.9,50.0,4.8,1100.0,880.0,80.0,37.0,83.6,100.0,7350
2025-01-25T08:33:00.000000+00:00,236.1,50.0,236.7,50.0,228.9,50.0,4.8,1100.0,880.0,80.0,37.0,83.7,100.0,7350
2025-01-25T08:34:00.000000+00:00,236.5,50.1,236.1,50.1,228.9,50.1,4.8,1100.0,880.0,80.0,36.0,83.6,100.0,7837
2025-01-25T08:35:00.000000+00:00,236.9,50.1,236.9,50.1,228.9,50.1,4.8,1100.0,870.0,79.0,37.0,83.6,100.0,7443
2025-01-25T08:36:00.000000+00:00,236.8,50.1,236.8,50.1,228.9,50.1,4.8,1100.0,880.0,80.0,37.0,83.7,100.0,7443
2025-01-25T08:37:00.000000+00:00,236.8,50.1,237.1,50.1,228.9,50.1,4.7,1090.0,860.0,79.0,36.0,83.6,100.0,7837
2025-01-25T08:38:01.000000+00:00,237.6,50.1,237.6,50.1,228.9,50.1,4.8,1100.0,880.0,80.0,36.0,83.6,100.0,7443
2025-01-25T08:39:01.000000+00:00,237.8,50.1,237.9,50.1,228.9,50.1,4.8,1100.0,870.0,79.0,37.0,83.6,100.0,7837
2025-01-25T08:40:01.000000+00:00,237.7,50.1,237.1,50.1,228.9,50.1,4.7,1080.0,850.0,79.0,37.0,83.6,100.0,7837
2025-01-25T08:41:01.000000+00:00,237.1,50.1,237.8,50.1,228.9,50.1,4.9,1110.0,890.0,80.0,37.0,83.5,100.0,7735
2025-01-25T08:42:01.000000+00:00,237.3,50.1,236.5,50.1,228.9,50.1,4.8,1100.0,870.0,79.0,37.0,83.6,100.0,7350
2025-01-25T08:43:01.000000+00:00,237.9,50.1,237.9,50.1,228.9,50.1,4.8,1100.0,870.0,79.0,37.0,83.6,100.0,7538
2025-01-25T08:44:01.000000+00:00,237.6,50.0,237.6,50.0,228.9,50.0,4.8,1090.0,860.0,79.0,37.0,83.7,100.0,7538
2025-01-25T08:45:01.000000+00:00,237.2,50.0,237.7,50.0,228.9,50.0,4.7,1090.0,850.0,78.0,36.0,83.6,100.0,7538
2025-01-25T08:46:01.000000+00:00,237.7,50.1,237.7,50.1,228.9,50.1,4.9,1110.0,890.0,80.0,37.0,83.6,100.0,7443
2025-01-25T08:47:01.000000+00:00,237.2,50.1,238.3,50.1,228.9,50.1,4.8,1110.0,880.0,79.0,37.0,83.7,100.0,7837
2025-01-25T08:48:01.000000+00:00,238.2,50.1,237.5,50.1,228.9,50.1,4.9,1110.0,890.0,80.0,37.0,83.6,100.0,7735
2025-01-25T08:49:01.000000+00:00,236.8,50.1,237.8,50.1,228.9,50.1,4.8,1090.0,870.0,80.0,36.0,83.6,100.0,7735
2025-01-25T08:50:01.000000+00:00,237.2,50.0,237.2,50.0,228.9,50.0,4.8,1110.0,880.0,79.0,37.0,83.6,100.0,7350
2025-01-25T08:51:01.000000+00:00,237.9,50.0,237.4,50.0,228.9,50.0,4.8,1090.0,870.0,80.0,37.0,83.6,100.0,7443
2025-01-25T08:52:01.000000+00:00,238.3,50.3,238.3,50.3,228.9,50.3,4.8,1090.0,870.0,80.0,36.0,83.5,100.0,7635
2025-01-25T08:53:01.000000+00:00,237.7,50.3,237.9,50.3,228.9,50.2,4.8,1080.0,860.0,80.0,36.0,83.6,100.0,7635
2025-01-25T08:54:01.000000+00:00,237.5,50.2,237.4,50.2,228.9,50.2,4.8,1090.0,870.0,80.0,36.0,83.6,100.0,7635
2025-01-25T08:55:01.000000+00:00,239.1,50.2,239.1,50.2,228.9,50.2,4.8,1100.0,890.0,81.0,37.0,83.5,100.0,7635
2025-01-25T08:56:01.000000+00:00,237.7,50.2,238.3,50.2,228.9,50.2,4.8,1090.0,880.0,81.0,37.0,83.7,100.0,7735
2025-01-25T08:57:01.000000+00:00,237.4,50.1,237.4,50.1,228.9,50.1,4.8,1090.0,870.0,80.0,36.0,83.7,100.0,7635
2025-01-25T08:58:01.000000+00:00,237.9,50.1,237.9,50.1,228.9,50.1,4.9,1110.0,890.0,80.0,37.0,83.7,100.0,7635
2025-01-25T08:59:01.000000+00:00,237.2,50.1,237.2,50.1,228.9,50.1,4.8,1090.0,870.0,80.0,36.0,84.0,100.0,7635
2025-01-25T09:00:01.000000+00:00,237.7,50.2,236.8,50.2,228.9,50.2,4.7,1090.0,860.0,79.0,36.0,83.9,100.0,7635
2025-01-25T09:01:01.000000+00:00,237.9,50.1,238.0,50.1,228.9,50.1,4.9,1120.0,900.0,80.0,37.0,83.9,100.0,7635
2025-01-25T09:02:01.000000+00:00,237.8,50.0,237.8,50.0,228.9,50.0,4.9,1110.0,890.0,80.0,37.0,84.1,100.0,7635
2025-01-25T09:03:01.000000+00:00,238.3,50.1,237.8,50.1,228.9,50.1,4.8,1100.0,870.0,79.0,37.0,83.9,100.0,7635
2025-01-25T09:04:01.000000+00:00,238.3,50.1,238.2,50.1,228.9,50.1,4.7,1080.0,850.0,79.0,37.0,83.8,100.0,7635
2025-01-25T09:05:01.000000+00:00,238.3,50.1,239.3,50.1,228.9,50.1,4.7,1090.0,860.0,79.0,36.0,83.9,100.0,7635
2025-01-25T09:06:01.000000+00:00,238.8,50.1,237.7,50.1,228.9,50.1,4.8,1100.0,880.0,80.0,37.0,83.7,100.0,7635
2025-01-25T09:07:01.000000+00:00,238.0,50.1,238.0,50.1,228.9,50.1,4.8,1100.0,880.0,80.0,37.0,83.7,100.0,7635
2025-01-25T09:08:01.000000+00:00,238.9,50.2,238.9,50.2,228.9,50.2,4.8,1100.0,880.0,80.0,37.0,83.8,100.0,7635
2025-01-25T09:09:01.000000+00:00,238.2,50.1,238.8,50.1,228.9,50.1,4.8,1090.0,870.0,80.0,37.0,83.7,100.0,7635
2025-01-25T09:10:01.000000+00:00,239.5,50.2,239.5,50.2,228.9,50.2,4.8,1090.0,870.0,80.0,37.0,83.6,100.0,7635
2025-01-25T09:11:01.000000+00:00,238.0,50.1,238.0,50.1,228.9,50.1,4.8,1100.0,870.0,79.0,37.0,83.7,100.0,7635
2025-01-25T09:12:01.000000+00:00,237.9,50.1,237.9,50.1,228.9,50.0,4.8,1100.0,870.0,79.0,37.0,83.6,100.0,7635
2025-01-25T09:13:01.000000+00:00,238.6,50.1,238.6,50.1,228.9,50.1,4.8,1090.0,870.0,80.0,36.0,83.6,100.0,7635
2025-01-25T09:14:01.000000+00:00,238.7,50.2,238.2,50.2,228.9,50.2,4.7,1080.0,850.0,79.0,36.0,83.7,100.0,7635
2025-01-25T09:15:01.000000+00:00,238.0,50.1,238.4,50.1,228.9,50.1,4.9,1100.0,880.0,80.0,36.0,83.7,100.0,7635
2025-01-25T09:16:01.000000+00:00,239.0,50.1,239.0,50.1,228.9,50.1,4.8,1100.0,870.0,79.0,37.0,83.6,100.0,7635
2025-01-25T09:17:01.000000+00:00,239.8,50.1,239.6,50.1,228.9,50.1,4.8,1100.0,880.0,80.0,37.0,83.7,100.0,7635
2025-01-25T09:18:01.000000+00:00,235.2,50.0,235.2,50.0,228.9,50.0,4.9,1120.0,900.0,80.0,37.0,83.7,100.0,7635
2025-01-25T09:19:01.000000+00:00,235.4,50.1,235.4,50.1,228.9,50.1,4.8,1090.0,870.0,80.0,36.0,83.6,100.0,7635
2025-01-25T09:20:01.000000+00:00,235.4,50.1,235.1,50.1,228.9,50.1,4.8,1110.0,890.0,80.0,37.0,83.7,100.0,7635
2025-01-25T09:21:01.000000+00:00,234.7,50.1,234.7,50.1,228.9,50.1,4.8,1090.0,870.0,80.0,37.0,83.6,100.0,7635
2025-01-25T09:22:01.000000+00:00,236.2,50.0,236.2,50.0,228.9,50.0,4.8,1100.0,870.0,79.0,37.0,83.6,100.0,7635
2025-01-25T09:23:01.000000+00:00,234.9,50.0,234.9,50.0,228.9,50.0,4.8,1100.0,860.0,78.0,37.0,83.6,100.0,7635
2025-01-25T09:24:01.000000+00:00,235.7,50.1,235.6,50.1,228.9,50.1,4.7,1080.0,850.0,79.0,37.0,83.6,100.0,7635
2025-01-25T09:25:01.000000+00:00,236.1,50.1,236.1,50.1,228.9,50.1,4.8,1100.0,870.0,79.0,37.0,83.6,100.0,7635
2025-01-25T09:26:01.000000+00:00,236.8,50.2,237.3,50.2,228.9,50.2,4.8,1090.0,870.0,80.0,36.0,83.7,100.0,7635
2025-01-25T09:27:01.000000+00:00,235.8,50.2,236.4,50.2,228.9,50.2,4.7,1080.0,850.0,79.0,36.0,83.6,100.0,7635
2025-01-25T09:28:01.000000+00:00,236.5,50.1,236.6,50.1,228.9,50.1,4.8,1100.0,870.0,79.0,37.0,83.6,100.0,7635
2025-01-25T09:29:01.000000+00:00,236.5,50.1,236.0,50.1,228.9,50.1,4.8,1100.0,870.0,79.0,37.0,83.6,100.0,7635
2025-01-25T09:30:01.000000+00:00,236.3,50.1,236.4,50.1,228.9,50.1,4.8,1090.0,870.0,80.0,37.0,83.5,100.0,7635
2025-01-25T09:31:01.000000+00:00,236.4,50.2,237.3,50.2,228.9,50.2,4.8,1090.0,870.0,80.0,37.0,83.5,100.0,7635
2025-01-25T09:32:01.000000+00:00,236.8,50.2,237.7,50.2,228.9,50.2,4.8,1100.0,880.0,80.0,37.0,83.8,100.0,7635
2025-01-25T09:33:01.000000+00:00,236.7,50.1,236.7,50.1,228.9,50.1,4.8,1100.0,880.0,80.0,36.0,83.8,100.0,7635
2025-01-25T09:34:01.000000+00:00,236.1,50.1,236.5,50.1,228.9,50.1,4.7,1090.0,860.0,79.0,37.0,83.8,100.0,7635
2025-01-25T09:35:01.000000+00:00,235.9,50.1,235.9,50.1,228.9,50.1,4.8,1100.0,880.0,80.0,37.0,84.0,100.0,7635
2025-01-25T09:36:01.000000+00:00,235.4,50.1,234.4,50.1,228.9,50.1,4.9,1120.0,900.0,80.0,37.0,83.9,100.0,7635
2025-01-25T09:37:01.000000+00:00,235.3,50.2,235.3,50.2,228.9,50.2,4.7,1080.0,860.0,80.0,36.0,83.9,100.0,7635
2025-01-25T09:38:01.000000+00:00,235.2,50.1,235.5,50.1,228.9,50.1,4.8,1100.0,870.0,79.0,37.0,84.0,100.0,7635
2025-01-25T09:39:01.000000+00:00,236.4,50.2,235.8,50.2,228.9,50.2,4.8,1090.0,870.0,80.0,36.0,83.8,100.0,7635
2025-01-25T09:40:01.000000+00:00,234.8,49.8,234.8,49.8,229.0,49.8,4.8,1110.0,870.0,78.0,37.0,83.8,100.0,7635
2025-01-25T09:41:01.000000+00:00,235.3,49.9,234.9,49.9,228.9,49.9,4.9,1120.0,890.0,80.0,37.0,83.7,100.0,7635
2025-01-25T09:42:01.000000+00:00,236.7,50.0,236.7,50.0,228.9,50.0,4.8,1100.0,870.0,79.0,37.0,83.8,100.0,7635
2025-01-25T09:43:01.000000+00:00,236.0,50.0,236.0,50.0,228.9,50.0,4.8,1100.0,870.0,79.0,37.0,83.7,100.0,7635
2025-01-25T09:44:01.000000+00:00,235.5,50.0,236.5,50.0,228.9,50.0,4.7,1090.0,860.0,79.0,36.0,83.6,100.0,7635
2025-01-25T09:45:02.000000+00:00,235.9,49.9,236.8,49.9,228.9,49.9,4.8,1110.0,880.0,79.0,37.0,83.7,100.0,7635
2025-01-25T09:46:02.000000+00:00,235.9,50.0,235.9,50.0,228.9,50.0,4.8,1100.0,870.0,79.0,37.0,83.7,100.0,7635
2025-01-25T09:47:02.000000+00:00,235.9,49.9,235.9,49.9,228.9,49.9,4.8,1100.0,870.0,79.0,37.0,83.6,100.0,7635
2025-01-25T09:48:02.000000+00:00,235.3,49.9,234.8,49.9,228.9,49.9,4.8,1110.0,880.0,79.0,38.0,83.7,100.0,7635
2025-01-25T09:49:02.000000+00:00,237.1,50.0,237.5,50.0,228.9,50.0,4.8,1080.0,850.0,79.0,37.0,83.6,100.0,7635
2025-01-25T09:50:02.000000+00:00,236.3,50.0,236.3,50.0,228.9,50.0,4.8,1100.0,870.0,79.0,37.0,83.6,100.0,7635
2025-01-25T09:51:02.000000+00:00,236.1,50.0,236.1,50.0,228.9,50.0,4.8,1100.0,880.0,80.0,37.0,83.7,100.0,7635
2025-01-25T09:52:02.000000+00:00,236.0,50.1,236.1,50.1,228.9,50.1,4.8,1100.0,880.0,80.0,36.0,83.6,100.0,7635
2025-01-25T09:53:02.000000+00:00,236.0,50.1,236.5,50.1,228.9,50.1,4.8,1100.0,870.0,79.0,37.0,83.7,100.0,7635
2025-01-25T09:54:02.000000+00:00,237.2,50.0,237.2,50.0,228.9,50.0,4.8,1090.0,860.0,79.0,37.0,83.6,100.0,7635
2025-01-25T09:55:02.000000+00:00,237.3,50.1,237.2,50.1,228.9,50.1,4.8,1110.0,890.0,80.0,37.0,83.6,100.0,7635
2025-01-25T09:56:02.000000+00:00,237.0,50.1,237.1,50.1,228.9,50.1,4.8,1100.0,880.0,80.0,37.0,83.6,100.0,7635
2025-01-25T09:57:02.000000+00:00,237.3,50.2,237.3,50.2,228.9,50.2,4.7,1080.0,850.0,79.0,36.0,83.6,100.0,7635
2025-01-25T09:58:02.000000+00:00,237.8,50.2,238.2,50.2,228.9,50.2,4.8,1090.0,870.0,80.0,37.0,83.6,100.0,7635
2025-01-25T09:59:02.000000+00:00,238.8,50.3,238.8,50.3,228.9,50.3,4.7,1080.0,860.0,80.0,36.0,83.6,100.0,7635
2025-01-25T10:00:02.000000+00:00,236.6,50.4,236.5,50.4,228.9,50.4,4.7,1070.0,850.0,79.0,36.0,83.6,100.0,7635
2025-01-25T10:01:02.000000+00:00,239.0,50.3,238.9,50.3,228.9,50.3,4.7,1090.0,870.0,80.0,36.0,83.6,100.0,7635
2025-01-25T10:02:02.000000+00:00,238.0,50.3,238.0,50.3,228.9,50.4,4.8,1090.0,870.0,80.0,37.0,83.6,100.0,7635
2025-01-25T10:03:02.000000+00:00,236.8,50.4,236.8,50.4,228.9,50.4,4.7,1080.0,870.0,81.0,36.0,83.6,100.0,7635
2025-01-25T10:04:02.000000+00:00,237.6,50.4,237.0,50.4,228.9,50.4,4.6,1070.0,850.0,79.0,36.0,83.6,100.0,7635
2025-01-25T10:05:02.000000+00:00,237.8,50.3,237.8,50.3,228.9,50.3,4.7,1080.0,860.0,80.0,36.0,83.6,100.0,7635
2025-01-25T10:06:02.000000+00:00,237.3,50.3,237.9,50.3,228.9,50.3,4.7,1080.0,860.0,80.0,36.0,83.6,100.0,7635
2025-01-25T10:07:02.000000+00:00,235.8,50.3,235.8,50.3,228.9,50.3,4.7,1070.0,850.0,79.0,36.0,83.6,100.0,7635
2025-01-25T10:08:02.000000+00:00,237.0,50.3,236.6,50.3,228.9,50.3,4.8,1100.0,890.0,81.0,37.0,83.6,100.0,7635
2025-01-25T10:09:02.000000+00:00,237.8,50.3,237.8,50.3,228.9,50.3,4.7,1070.0,850.0,79.0,36.0,83.6,100.0,7635
2025-01-25T10:10:02.000000+00:00,237.5,50.3,237.2,50.3,228.9,50.3,4.8,1110.0,900.0,81.0,37.0,83.5,100.0,7635
2025-01-25T10:11:02.000000+00:00,237.3,50.3,237.3,50.3,228.9,50.3,4.7,1080.0,870.0,81.0,36.0,83.6,100.0,7635
2025-01-25T10:12:02.000000+00:00,238.2,50.3,237.2,50.3,228.9,50.3,4.7,1080.0,860.0,80.0,36.0,83.5,100.0,7635
2025-01-25T10:13:02.000000+00:00,237.3,50.2,237.3,50.2,228.9,50.3,4.7,1090.0,870.0,80.0,36.0,83.6,100.0,7635
2025-01-25T10:14:02.000000+00:00,238.1,50.2,237.1,50.2,228.9,50.2,4.8,1100.0,880.0,80.0,36.0,83.6,100.0,7635
2025-01-25T10:15:02.000000+00:00,238.3,50.3,237.9,50.3,228.9,50.3,4.7,1090.0,870.0,80.0,36.0,83.5,100.0,7635
2025-01-25T10:16:02.000000+00:00,239.1,50.3,238.6,50.3,228.9,50.3,4.8,1090.0,880.0,81.0,36.0,83.6,100.0,7635
2025-01-25T10:17:02.000000+00:00,238.9,50.3,238.9,50.3,228.9,50.3,4.8,1090.0,870.0,80.0,36.0,83.6,100.0,7635
2025-01-25T10:18:02.000000+00:00,239.1,50.3,238.0,50.3,228.9,50.3,4.8,1100.0,890.0,81.0,37.0,83.5,100.0,7635
2025-01-25T10:19:02.000000+00:00,238.3,50.3,238.3,50.3,228.9,50.3,4.7,1080.0,870.0,81.0,36.0,83.6,100.0,7635
2025-01-25T10:20:02.000000+00:00,239.0,50.3,239.0,50.3,228.9,50.3,4.8,1100.0,890.0,81.0,37.0,83.8,100.0,7635
2025-01-25T10:21:02.000000+00:00,239.5,50.4,239.6,50.4,228.9,50.4,4.8,1090.0,870.0,80.0,36.0,83.7,100.0,7635
2025-01-25T10:22:02.000000+00:00,239.1,50.4,239.1,50.4,228.9,50.4,4.7,1080.0,860.0,80.0,36.0,83.8,100.0,7635
2025-01-25T10:23:02.000000+00:00,238.4,50.4,238.7,50.3,229.0,50.3,4.7,1080.0,870.0,81.0,36.0,83.9,100.0,7635
2025-01-25T10:24:02.000000+00:00,238.4,50.2,238.9,50.2,228.9,50.2,4.7,1080.0,850.0,79.0,36.0,83.8,100.0,7635
2025-01-25T10:25:02.000000+00:00,237.8,50.1,236.6,50.1,228.9,50.1,4.8,1110.0,880.0,79.0,37.0,83.9,100.0,7635
2025-01-25T10:26:02.000000+00:00,235.7,50.0,235.2,50.0,228.9,50.0,4.8,1100.0,880.0,80.0,37.0,83.9,100.0,7635
2025-01-25T10:27:02.000000+00:00,235.5,50.1,235.5,50.1,228.9,50.1,4.8,1090.0,870.0,80.0,37.0,83.8,100.0,7635
2025-01-25T10:28:02.000000+00:00,236.1,50.1,236.1,50.1,228.9,50.1,4.8,1100.0,870.0,79.0,37.0,83.7,100.0,7635
2025-01-25T10:29:02.000000+00:00,236.1,50.1,236.1,50.1,228.9,50.1,4.7,1080.0,850.0,79.0,36.0,83.8,100.0,7635
2025-01-25T10:30:02.000000+00:00,237.1,50.1,236.7,50.1,228.9,50.1,4.8,1100.0,880.0,80.0,37.0,83.7,100.0,7635
2025-01-25T10:31:02.000000+00:00,236.8,50.1,236.8,50.1,228.9,50.1,4.8,1090.0,870.0,80.0,37.0,83.7,100.0,7259
2025-01-25T10:32:02.000000+00:00,237.3,50.1,236.2,50.1,228.9,50.1,4.8,1100.0,880.0,80.0,37.0,83.7,100.0,7635
2025-01-25T10:33:02.000000+00:00,236.3,50.1,236.3,50.1,228.9,50.1,4.8,1100.0,880.0,80.0,36.0,83.7,100.0,7635
2025-01-25T10:34:02.000000+00:00,236.8,50.2,237.1,50.2,228.9,50.2,4.7,1080.0,850.0,79.0,36.0,83.6,100.0,7635
2025-01-25T10:35:02.000000+00:00,237.3,50.2,237.2,50.2,228.9,50.2,4.8,1090.0,870.0,80.0,37.0,83.6,100.0,7635
2025-01-25T10:36:02.000000+00:00,237.4,50.1,237.0,50.1,228.9,50.1,4.8,1100.0,880.0,80.0,37.0,83.7,100.0,7735
2025-01-25T10:37:02.000000+00:00,237.3,50.2,237.3,50.2,228.9,50.2,4.8,1090.0,870.0,80.0,37.0,83.6,100.0,7735
2025-01-25T10:38:02.000000+00:00,237.3,50.1,237.3,50.1,228.9,50.1,4.8,1110.0,890.0,80.0,37.0,83.6,100.0,7259
2025-01-25T10:39:02.000000+00:00,237.4,50.2,237.4,50.2,228.9,50.2,4.7,1080.0,850.0,79.0,36.0,83.6,100.0,7735
2025-01-25T10:40:02.000000+00:00,237.1,50.1,236.3,50.1,228.9,50.1,4.8,1100.0,880.0,80.0,37.0,83.6,100.0,7350
2025-01-25T10:41:02.000000+00:00,237.8,50.1,237.4,50.1,228.9,50.1,4.8,1100.0,870.0,79.0,36.0,83.6,100.0,7443
2025-01-25T10:42:02.000000+00:00,236.1,50.1,236.3,50.1,228.9,50.1,4.8,1090.0,870.0,80.0,37.0,83.6,100.0,7350
2025-01-25T10:43:02.000000+00:00,236.3,50.1,236.2,50.1,228.9,50.1,4.8,1100.0,870.0,79.0,37.0,83.6,100.0,7635
2025-01-25T10:44:02.000000+00:00,237.2,50.2,237.2,50.2,228.9,50.2,4.8,1110.0,890.0,80.0,37.0,83.6,100.0,7635
2025-01-25T10:45:02.000000+00:00,237.0,50.1,237.0,50.1,228.9,50.1,4.8,1090.0,870.0,80.0,36.0,83.6,100.0,7735
2025-01-25T10:46:02.000000+00:00,233.7,50.1,233.7,50.1,228.9,50.1,4.8,1110.0,880.0,79.0,37.0,83.6,100.0,7350
2025-01-25T10:47:02.000000+00:00,238.0,50.1,238.0,50.1,228.9,50.1,4.8,1110.0,880.0,79.0,37.0,83.6,100.0,7350
2025-01-25T10:48:02.000000+00:00,237.4,50.0,237.4,50.0,228.9,50.0,4.8,1110.0,880.0,79.0,37.0,83.6,100.0,7735
2025-01-25T10:49:02.000000+00:00,236.6,50.0,236.6,50.0,229.0,50.0,4.8,1100.0,870.0,79.0,37.0,83.6,100.0,7443
2025-01-25T10:50:02.000000+00:00,236.8,50.1,236.8,50.1,228.9,50.1,4.8,1110.0,890.0,80.0,37.0,83.6,100.0,7735
2025-01-25T10:51:02.000000+00:00,236.2,50.2,236.2,50.2,228.9,50.2,4.8,1090.0,870.0,80.0,37.0,83.6,100.0,7735
2025-01-25T10:52:02.000000+00:00,236.5,50.2,236.0,50.2,228.9,50.2,4.8,1090.0,860.0,79.0,36.0,83.6,100.0,7635
2025-01-25T10:53:03.000000+00:00,236.9,50.2,236.9,50.2,228.9,50.1,4.8,1100.0,870.0,79.0,37.0,83.6,100.0,7635
2025-01-25T10:54:03.000000+00:00,236.6,50.2,236.6,50.2,228.9,50.2,4.8,1090.0,870.0,80.0,36.0,83.5,100.0,7259
2025-01-25T10:55:03.000000+00:00,236.2,50.1,236.6,50.1,228.9,50.1,4.9,1120.0,900.0,80.0,37.0,83.6,100.0,7635
2025-01-25T10:56:03.000000+00:00,236.7,50.2,236.7,50.2,228.9,50.2,4.8,1110.0,890.0,80.0,37.0,83.6,100.0,7635
2025-01-25T10:57:03.000000+00:00,238.0,50.2,237.5,50.2,228.9,50.2,4.8,1110.0,890.0,80.0,36.0,83.5,100.0,7635
2025-01-25T10:58:03.000000+00:00,236.3,50.2,237.1,50.2,228.9,50.2,4.8,1100.0,880.0,80.0,37.0,83.7,100.0,7635
2025-01-25T10:59:03.000000+00:00,236.6,50.2,237.1,50.2,228.9,50.2,4.8,1100.0,880.0,80.0,37.0,83.7,100.0,7635
2025-01-25T11:00:03.000000+00:00,236.8,50.2,237.3,50.2,228.9,50.2,4.8,1100.0,870.0,79.0,37.0,83.8,100.0,7635
2025-01-25T11:01:03.000000+00:00,235.8,50.1,235.7,50.1,228.9,50.1,4.8,1100.0,870.0,79.0,37.0,83.8,100.0,7635
2025-01-25T11:02:03.000000+00:00,237.2,50.1,236.2,50.1,228.9,50.1,4.8,1100.0,880.0,80.0,37.0,83.8,100.0,7259
2025-01-25T11:03:03.000000+00:00,237.5,50.2,237.5,50.2,228.9,50.2,4.8,1090.0,870.0,80.0,37.0,84.0,100.0,7635
2025-01-25T11:04:03.000000+00:00,236.7,50.2,236.7,50.2,228.9,50.2,4.8,1100.0,890.0,81.0,37.0,83.9,100.0,7635
2025-01-25T11:05:03.000000+00:00,237.2,50.2,236.1,50.2,228.9,50.2,4.8,1110.0,890.0,80.0,37.0,83.8,100.0,7635
2025-01-25T11:06:03.000000+00:00,236.6,50.2,235.7,50.2,228.9,50.2,4.8,1100.0,880.0,80.0,37.0,83.9,100.0,7635
2025-01-25T11:07:03.000000+00:00,235.6,50.2,236.7,50.2,228.9,50.2,4.8,1090.0,870.0,80.0,36.0,83.8,100.0,7635
2025-01-25T11:08:03.000000+00:00,236.6,50.3,236.0,50.3,228.9,50.3,4.8,1100.0,890.0,80.0,37.0,83.7,100.0,7635
2025-01-25T11:09:03.000000+00:00,235.9,50.2,235.9,50.2,228.9,50.2,4.8,1110.0,890.0,80.0,36.0,83.8,100.0,7635
2025-01-25T11:10:03.000000+00:00,235.5,50.3,236.0,50.3,228.9,50.3,4.8,1090.0,870.0,80.0,37.0,83.7,100.0,7635
2025-01-25T11:11:03.000000+00:00,234.4,50.3,234.5,50.2,228.9,50.2,4.8,1090.0,870.0,80.0,36.0,83.6,100.0,7635
2025-01-25T11:12:03.000000+00:00,235.4,50.2,235.5,50.2,228.9,50.2,4.8,1090.0,870.0,80.0,36.0,83.7,100.0,7350
2025-01-25T11:13:03.000000+00:00,235.3,50.3,234.8,50.3,228.9,50.3,4.8,1090.0,870.0,80.0,36.0,83.7,100.0,7635
2025-01-25T11:14:03.000000+00:00,235.7,50.3,234.6,50.3,228.9,50.3,4.8,1090.0,870.0,80.0,36.0,83.6,100.0,7635
2025-01-25T11:15:03.000000+00:00,235.2,50.3,234.7,50.2,228.9,50.2,4.8,1090.0,870.0,80.0,36.0,83.7,100.0,7635
2025-01-25T11:16:03.000000+00:00,234.2,50.3,234.2,50.3,228.9,50.3,4.8,1090.0,870.0,80.0,36.0,83.6,100.0,7635
2025-01-25T11:17:03.000000+00:00,234.9,50.3,234.9,50.3,228.9,50.3,4.8,1100.0,880.0,80.0,37.0,83.6,100.0,7635
2025-01-25T11:18:03.000000+00:00,234.6,50.2,234.6,50.2,228.9,50.2,4.8,1100.0,880.0,80.0,37.0,83.7,100.0,7635
2025-01-25T11:19:03.000000+00:00,234.4,50.1,234.4,50.1,228.9,50.1,4.9,1110.0,890.0,80.0,37.0,83.6,100.0,7635
2025-01-25T11:20:03.000000+00:00,233.5,50.1,233.0,50.1,228.9,50.1,4.8,1090.0,870.0,80.0,37.0,83.6,100.0,7635
2025-01-25T11:21:03.000000+00:00,233.2,50.2,233.2,50.2,228.9,50.2,4.8,1100.0,870.0,79.0,37.0,83.6,100.0,7635
2025-01-25T11:22:03.000000+00:00,232.9,50.1,232.9,50.1,228.9,50.1,4.8,1090.0,870.0,80.0,37.0,83.6,100.0,7635
2025-01-25T11:23:03.000000+00:00,232.2,50.0,232.7,50.0,228.9,50.0,4.8,1100.0,870.0,79.0,37.0,83.6,100.0,7635
2025-01-25T11:24:03.000000+00:00,232.5,50.0,232.5,50.0,228.9,50.0,4.8,1100.0,870.0,79.0,37.0,83.6,100.0,7635
2025-01-25T11:25:03.000000+00:00,233.2,50.0,233.2,50.0,228.9,50.0,4.8,1100.0,880.0,80.0,37.0,83.6,100.0,7635
2025-01-25T11:26:03.000000+00:00,232.0,50.0,232.0,50.0,228.9,50.0,4.8,1110.0,880.0,79.0,37.0,83.5,100.0,7635
2025-01-25T11:27:03.000000+00:00,232.7,50.0,232.8,50.0,228.9,50.0,4.8,1100.0,870.0,79.0,37.0,83.6,100.0,7635
2025-01-25T11:28:03.000000+00:00,231.7,50.1,231.7,50.1,228.9,50.1,4.8,1100.0,880.0,80.0,37.0,83.6,100.0,7635
2025-01-25T11:29:03.000000+00:00,236.4,49.9,236.4,49.9,228.9,49.9,4.8,1100.0,870.0,79.0,37.0,83.6,100.0,7635
2025-01-25T11:30:03.000000+00:00,235.7,49.9,235.2,49.9,228.9,49.9,4.8,1110.0,880.0,79.0,37.0,83.6,100.0,7635
2025-01-25T11:31:03.000000+00:00,235.1,50.0,235.1,50.0,228.9,50.0,4.8,1100.0,870.0,79.0,37.0,83.5,100.0,7635
2025-01-25T11:32:03.000000+00:00,234.8,50.1,234.8,50.1,228.9,50.1,4.8,1100.0,880.0,80.0,37.0,83.6,100.0,7259
2025-01-25T11:33:03.000000+00:00,235.4,50.1,235.1,50.1,228.9,50.1,4.8,1090.0,870.0,80.0,37.0,83.6,100.0,7635
2025-01-25T11:34:03.000000+00:00,235.0,50.2,235.0,50.2,228.9,50.1,4.9,1110.0,890.0,80.0,37.0,83.5,100.0,7635
2025-01-25T11:35:03.000000+00:00,235.5,50.1,235.5,50.1,228.9,50.1,4.8,1090.0,870.0,80.0,37.0,83.6,100.0,7635
2025-01-25T11:36:03.000000+00:00,234.4,50.0,234.6,50.0,228.9,50.0,4.9,1120.0,900.0,80.0,37.0,83.5,100.0,7635
2025-01-25T11:37:03.000000+00:00,234.4,50.0,234.4,50.0,228.9,50.0,4.8,1090.0,850.0,78.0,37.0,83.5,100.0,7635
2025-01-25T11:38:03.000000+00:00,235.1,49.9,234.9,49.9,228.9,49.9,4.9,1120.0,890.0,79.0,37.0,83.6,100.0,7635
2025-01-25T11:39:03.000000+00:00,233.6,50.2,233.6,50.2,228.9,50.2,4.8,1090.0,860.0,79.0,36.0,83.5,100.0,7635
2025-01-25T11:40:03.000000+00:00,234.3,50.1,233.8,50.1,228.9,50.1,4.8,1110.0,890.0,80.0,37.0,83.6,100.0,7635
2025-01-25T11:41:03.000000+00:00,232.2,50.1,232.2,50.1,228.9,50.1,4.8,1100.0,870.0,79.0,36.0,83.8,100.0,7635
2025-01-25T11:42:03.000000+00:00,232.6,50.3,232.6,50.3,228.9,50.3,4.8,1090.0,870.0,80.0,36.0,83.8,100.0,7635
2025-01-25T11:43:03.000000+00:00,234.3,50.3,234.3,50.3,228.9,50.3,4.8,1090.0,870.0,80.0,36.0,83.9,100.0,7635
2025-01-25T11:44:03.000000+00:00,234.3,50.3,234.3,50.3,228.9,50.3,4.8,1090.0,870.0,80.0,37.0,83.9,100.0,7635
2025-01-25T11:45:03.000000+00:00,232.9,50.1,232.8,50.1,228.9,50.1,4.8,1100.0,870.0,79.0,37.0,83.9,100.0,7635
2025-01-25T11:46:03.000000+00:00,232.3,50.1,232.3,50.1,228.9,50.1,4.8,1100.0,870.0,79.0,37.0,84.0,100.0,7635
2025-01-25T11:47:03.000000+00:00,232.1,50.1,231.6,50.1,228.9,50.1,4.8,1100.0,880.0,80.0,37.0,83.8,100.0,7635
2025-01-25T11:48:03.000000+00:00,230.7,50.1,230.7,50.1,228.9,50.1,4.9,1120.0,910.0,81.0,37.0,83.8,100.0,7635
2025-01-25T11:49:03.000000+00:00,235.7,50.1,235.3,50.1,228.9,50.1,4.9,1120.0,900.0,80.0,37.0,83.8,100.0,7635
2025-01-25T11:50:03.000000+00:00,234.9,50.0,234.9,50.0,228.9,50.0,4.8,1110.0,880.0,79.0,37.0,83.8,100.0,7635
2025-01-25T11:51:03.000000+00:00,235.3,50.1,234.4,50.1,228.9,50.1,4.8,1100.0,880.0,80.0,37.0,83.7,100.0,7635
2025-01-25T11:52:03.000000+00:00,235.3,50.1,235.3,50.1,228.9,50.1,4.8,1100.0,880.0,80.0,37.0,83.8,100.0,7635
2025-01-25T11:53:03.000000+00:00,234.9,50.0,234.9,50.0,228.9,50.0,4.8,1100.0,870.0,79.0,37.0,83.7,100.0,7635
2025-01-25T11:54:03.000000+00:00,236.3,50.1,236.3,50.1,228.9,50.1,4.8,1100.0,880.0,80.0,36.0,83.7,100.0,7259
2025-01-25T11:55:03.000000+00:00,235.6,50.1,236.1,50.1,228.9,50.1,4.9,1120.0,890.0,79.0,37.0,83.8,100.0,7635
2025-01-25T11:56:03.000000+00:00,236.9,50.1,236.3,50.1,228.9,50.1,4.8,1100.0,880.0,80.0,37.0,83.6,100.0,7635
2025-01-25T11:57:03.000000+00:00,236.5,50.1,236.5,50.1,228.9,50.1,4.8,1100.0,880.0,80.0,36.0,83.7,100.0,7635
2025-01-25T11:58:03.000000+00:00,236.1,50.0,236.2,50.0,228.9,50.0,4.9,1110.0,890.0,80.0,37.0,83.7,100.0,7635
2025-01-25T11:59:03.000000+00:00,236.5,50.1,236.5,50.0,228.9,50.1,4.8,1100.0,870.0,79.0,37.0,83.6,100.0,7635
2025-01-25T12:00:03.000000+00:00,237.4,50.2,237.3,50.2,228.9,50.2,4.8,1100.0,880.0,80.0,36.0,83.7,100.0,7635
2025-01-25T12:01:03.000000+00:00,237.5,50.2,237.5,50.2,228.9,50.2,4.8,1100.0,880.0,80.0,37.0,83.6,100.0,7635
2025-01-25T12:02:04.000000+00:00,238.6,50.0,238.7,50.0,228.9,50.0,4.8,1110.0,880.0,79.0,37.0,83.6,100.0,7259
2025-01-25T12:03:04.000000+00:00,238.7,50.2,238.1,50.2,228.9,50.2,4.8,1100.0,870.0,79.0,37.0,83.7,100.0,7635
2025-01-25T12:04:04.000000+00:00,238.8,50.2,239.8,50.2,228.9,50.2,4.8,1090.0,870.0,80.0,37.0,83.6,100.0,7635
2025-01-25T12:05:04.000000+00:00,236.5,50.2,236.9,50.2,228.9,50.2,4.8,1100.0,880.0,80.0,37.0,83.6,100.0,7635
2025-01-25T12:06:04.000000+00:00,237.2,50.3,237.2,50.3,228.9,50.3,4.7,1090.0,870.0,80.0,36.0,83.7,100.0,7635
2025-01-25T12:07:04.000000+00:00,237.7,50.2,236.7,50.2,228.9,50.2,4.9,1110.0,890.0,80.0,37.0,83.6,100.0,7635
2025-01-25T12:08:04.000000+00:00,237.5,50.3,238.0,50.3,228.9,50.3,4.8,1090.0,870.0,80.0,37.0,83.6,100.0,7635
2025-01-25T12:09:04.000000+00:00,238.1,50.3,238.1,50.3,228.9,50.3,4.8,1100.0,880.0,80.0,36.0,83.7,100.0,7635
2025-01-25T12:10:04.000000+00:00,237.7,50.3,237.8,50.3,228.9,50.3,4.7,1080.0,860.0,80.0,36.0,83.6,100.0,7635
2025-01-25T12:11:04.000000+00:00,238.2,50.2,237.7,50.1,228.9,50.1,4.8,1100.0,870.0,79.0,37.0,83.6,100.0,7635
2025-01-25T12:12:04.000000+00:00,238.3,50.2,238.3,50.2,228.9,50.3,4.8,1090.0,870.0,80.0,36.0,83.6,100.0,7635
2025-01-25T12:13:04.000000+00:00,238.0,50.2,238.0,50.2,228.9,50.2,4.8,1100.0,880.0,80.0,36.0,83.6,100.0,7635
2025-01-25T12:14:04.000000+00:00,238.8,50.2,238.3,50.2,228.9,50.2,4.9,1110.0,900.0,81.0,37.0,83.6,100.0,7635
2025-01-25T12:15:04.000000+00:00,238.1,50.1,237.6,50.1,228.9,50.1,4.8,1100.0,880.0,80.0,37.0,83.6,100.0,7635
2025-01-25T12:16:04.000000+00:00,238.2,50.1,238.2,50.1,228.9,50.1,4.8,1100.0,880.0,80.0,36.0,83.6,100.0,7635
2025-01-25T12:17:04.000000+00:00,239.3,50.2,239.3,50.3,228.9,50.3,4.8,1080.0,860.0,81.0,36.0,83.6,100.0,7635
2025-01-25T12:18:04.000000+00:00,239.5,50.3,239.4,50.3,228.9,50.3,4.8,1110.0,890.0,80.0,37.0,83.6,100.0,7635
2025-01-25T12:19:04.000000+00:00,238.7,50.2,238.8,50.2,228.9,50.2,4.8,1090.0,870.0,80.0,36.0,83.5,100.0,7635
2025-01-25T12:20:04.000000+00:00,239.7,50.3,239.8,50.3,228.9,50.3,4.7,1090.0,870.0,80.0,36.0,83.6,100.0,7635
2025-01-25T12:21:04.000000+00:00,239.3,50.3,239.9,50.3,228.9,50.3,4.7,1090.0,870.0,80.0,36.0,83.6,100.0,7635
2025-01-25T12:22:04.000000+00:00,239.0,50.3,239.5,50.3,228.9,50.3,4.7,1080.0,860.0,80.0,36.0,83.6,100.0,7635
2025-01-25T12:23:04.000000+00:00,239.7,50.3,239.7,50.3,228.9,50.3,4.8,1090.0,870.0,80.0,36.0,83.7,100.0,7635
2025-01-25T12:24:04.000000+00:00,239.4,50.3,239.0,50.3,228.9,50.3,4.8,1100.0,880.0,80.0,37.0,83.6,100.0,7635
2025-01-25T12:25:04.000000+00:00,238.8,50.2,238.8,50.2,228.9,50.2,4.7,1080.0,860.0,80.0,36.0,83.6,100.0,7635
2025-01-25T12:26:04.000000+00:00,239.0,50.3,238.4,50.3,228.9,50.3,4.8,1090.0,870.0,80.0,36.0,83.7,100.0,7635
2025-01-25T12:27:04.000000+00:00,237.8,50.2,237.8,50.2,228.9,50.2,4.7,1080.0,860.0,80.0,36.0,83.6,100.0,7635
2025-01-25T12:28:04.000000+00:00,238.4,50.2,238.4,50.2,228.9,50.2,4.8,1110.0,890.0,80.0,37.0,83.6,100.0,7635
2025-01-25T12:29:04.000000+00:00,238.5,50.3,238.5,50.3,228.9,50.3,4.8,1090.0,870.0,80.0,36.0,83.7,100.0,7635
2025-01-25T12:30:04.000000+00:00,239.9,50.3,239.5,50.3,228.9,50.3,4.7,1080.0,860.0,80.0,36.0,83.6,100.0,7635
2025-01-25T12:31:04.000000+00:00,239.1,50.3,239.1,50.3,228.9,50.3,4.8,1090.0,870.0,80.0,36.0,83.6,100.0,7635
2025-01-25T12:32:04.000000+00:00,237.8,50.2,237.4,50.2,228.9,50.2,4.8,1100.0,880.0,80.0,36.0,83.7,100.0,7635
2025-01-25T12:33:04.000000+00:00,237.0,50.2,237.9,50.2,228.9,50.2,4.8,1090.0,870.0,80.0,37.0,83.6,100.0,7635
2025-01-25T12:34:04.000000+00:00,238.0,50.3,238.3,50.3,228.9,50.3,4.8,1090.0,870.0,80.0,36.0,83.6,100.0,7635
2025-01-25T12:35:04.000000+00:00,238.0,50.3,238.0,50.3,228.9,50.2,4.7,1080.0,860.0,80.0,37.0,83.7,100.0,7635
2025-01-25T12:36:04.000000+00:00,238.8,50.3,238.8,50.3,228.9,50.3,4.8,1090.0,870.0,80.0,36.0,83.6,100.0,7635
2025-01-25T12:37:04.000000+00:00,239.1,50.2,239.1,50.2,228.9,50.2,4.7,1080.0,850.0,79.0,37.0,83.6,100.0,7635
2025-01-25T12:38:04.000000+00:00,240.1,50.2,239.7,50.2,228.9,50.2,4.9,1110.0,900.0,81.0,37.0,83.7,100.0,7635
2025-01-25T12:39:04.000000+00:00,239.5,50.3,239.5,50.3,228.9,50.3,4.7,1090.0,860.0,79.0,36.0,83.6,100.0,7635
2025-01-25T12:40:04.000000+00:00,239.9,50.2,239.0,50.2,228.9,50.2,4.8,1100.0,880.0,80.0,37.0,83.5,100.0,7635
2025-01-25T12:41:04.000000+00:00,236.4,50.2,236.4,50.2,228.9,50.2,4.8,1100.0,870.0,79.0,36.0,83.7,100.0,7635
2025-01-25T12:42:04.000000+00:00,235.0,50.1,235.0,50.1,228.9,50.1,4.8,1090.0,870.0,80.0,37.0,83.6,100.0,7635
2025-01-25T12:43:04.000000+00:00,235.7,50.1,235.7,50.1,228.9,50.1,4.8,1090.0,870.0,80.0,37.0,83.6,100.0,7635
2025-01-25T12:44:04.000000+00:00,235.5,50.1,235.5,50.1,228.9,50.1,4.8,1100.0,870.0,79.0,37.0,83.7,100.0,7635
2025-01-25T12:45:04.000000+00:00,235.5,50.2,235.3,50.2,228.9,50.2,4.8,1090.0,870.0,80.0,37.0,83.6,100.0,7635
2025-01-25T12:46:04.000000+00:00,235.2,50.1,234.7,50.1,229.0,50.2,4.8,1100.0,870.0,79.0,36.0,83.6,100.0,7635
2025-01-25T12:47:04.000000+00:00,235.4,50.2,236.0,50.2,228.9,50.2,4.9,1120.0,910.0,81.0,36.0,83.7,100.0,7635
2025-01-25T12:48:04.000000+00:00,236.7,50.2,236.7,50.2,228.9,50.2,4.9,1110.0,900.0,81.0,37.0,83.6,100.0,7635
2025-01-25T12:49:04.000000+00:00,237.4,50.2,237.4,50.2,228.9,50.2,4.7,1080.0,850.0,79.0,36.0,83.6,100.0,7635
2025-01-25T12:50:04.000000+00:00,236.4,50.2,236.4,50.2,228.9,50.2,4.8,1100.0,880.0,80.0,37.0,83.6,100.0,7635
2025-01-25T12:51:04.000000+00:00,235.9,50.2,236.4,50.2,228.9,50.2,4.8,1090.0,870.0,80.0,36.0,83.5,100.0,7635
2025-01-25T12:52:04.000000+00:00,235.7,50.3,235.7,50.3,228.9,50.3,4.8,1090.0,870.0,80.0,36.0,83.6,100.0,7350
2025-01-25T12:53:04.000000+00:00,235.8,50.3,235.8,50.3,228.9,50.3,4.8,1090.0,870.0,80.0,36.0,83.7,100.0,7735
2025-01-25T12:54:04.000000+00:00,235.9,50.3,235.9,50.3,228.9,50.3,4.7,1080.0,860.0,80.0,37.0,83.7,100.0,7350
2025-01-25T12:55:04.000000+00:00,236.5,50.4,236.5,50.4,228.9,50.4,4.8,1100.0,890.0,81.0,37.0,83.7,100.0,7538
2025-01-25T12:56:04.000000+00:00,235.8,50.4,235.8,50.4,228.9,50.4,4.7,1090.0,870.0,80.0,36.0,83.6,100.0,7538
2025-01-25T12:57:05.000000+00:00,235.4,50.4,235.5,50.4,228.9,50.4,4.7,1070.0,850.0,79.0,36.0,83.6,100.0,7443
2025-01-25T12:58:05.000000+00:00,235.3,50.3,235.3,50.3,228.9,50.3,4.8,1100.0,890.0,81.0,37.0,83.7,100.0,7635
2025-01-25T12:59:05.000000+00:00,235.8,50.3,235.8,50.3,228.9,50.3,4.7,1080.0,850.0,79.0,36.0,83.6,100.0,7635
2025-01-25T13:00:05.000000+00:00,235.1,50.3,235.1,50.3,228.9,50.3,4.8,1090.0,870.0,80.0,36.0,83.6,100.0,7635
2025-01-25T13:01:05.000000+00:00,235.1,50.3,235.1,50.3,228.9,50.3,4.8,1090.0,880.0,81.0,36.0,83.7,100.0,7635
2025-01-25T13:02:05.000000+00:00,235.8,50.3,235.9,50.3,228.9,50.3,4.8,1090.0,870.0,80.0,36.0,83.6,100.0,7635
2025-01-25T13:03:05.000000+00:00,236.1,50.3,236.1,50.3,228.9,50.3,4.8,1110.0,900.0,81.0,37.0,83.6,100.0,7635
2025-01-25T13:04:05.000000+00:00,236.2,50.2,235.7,50.2,228.9,50.2,4.7,1070.0,850.0,79.0,36.0,83.7,100.0,7635
2025-01-25T13:05:05.000000+00:00,236.2,50.2,235.1,50.2,228.9,50.2,4.8,1110.0,890.0,80.0,36.0,83.6,100.0,7635
2025-01-25T13:06:05.000000+00:00,235.4,50.2,235.9,50.2,228.9,50.2,4.8,1090.0,870.0,80.0,36.0,83.6,100.0,7837
2025-01-25T13:07:05.000000+00:00,235.6,50.2,235.6,50.2,228.9,50.2,4.8,1110.0,890.0,80.0,36.0,83.6,100.0,7443
2025-01-25T13:08:05.000000+00:00,235.3,50.2,235.2,50.2,228.9,50.2,4.8,1090.0,860.0,79.0,37.0,83.5,100.0,7350
2025-01-25T13:09:05.000000+00:00,234.9,50.2,234.9,50.2,228.9,50.2,4.8,1090.0,870.0,80.0,36.0,83.6,100.0,7735
2025-01-25T13:10:05.000000+00:00,235.3,50.2,235.3,50.2,228.9,50.2,4.9,1120.0,900.0,80.0,37.0,83.7,100.0,7350
2025-01-25T13:11:05.000000+00:00,236.1,50.3,235.6,50.3,228.9,50.3,4.7,1090.0,870.0,80.0,36.0,83.6,100.0,7735
2025-01-25T13:12:05.000000+00:00,236.0,50.3,236.0,50.3,228.9,50.3,4.7,1090.0,860.0,79.0,36.0,83.6,100.0,7350
2025-01-25T13:13:05.000000+00:00,237.3,50.3,236.8,50.3,228.9,50.3,4.7,1080.0,870.0,81.0,36.0,83.6,100.0,7735
2025-01-25T13:14:05.000000+00:00,236.4,50.4,235.8,50.4,228.9,50.4,4.7,1080.0,860.0,80.0,36.0,83.6,100.0,7735
2025-01-25T13:15:05.000000+00:00,236.3,50.3,236.3,50.3,228.9,50.3,4.7,1090.0,870.0,80.0,36.0,83.7,100.0,7350
2025-01-25T13:16:05.000000+00:00,235.9,50.3,236.4,50.3,228.9,50.3,4.7,1070.0,840.0,79.0,36.0,83.6,100.0,7735
2025-01-25T13:17:05.000000+00:00,234.8,50.2,234.8,50.2,228.9,50.2,4.7,1070.0,840.0,79.0,36.0,83.6,100.0,7735
2025-01-25T13:18:05.000000+00:00,235.5,50.1,235.5,50.1,228.9,50.1,4.8,1110.0,880.0,79.0,37.0,83.7,100.0,7735
2025-01-25T13:19:05.000000+00:00,235.4,50.2,235.8,50.2,228.9,50.2,4.7,1080.0,850.0,79.0,36.0,83.5,100.0,7635
2025-01-25T13:20:05.000000+00:00,234.9,50.2,234.9,50.2,228.9,50.2,4.8,1100.0,870.0,79.0,36.0,83.6,100.0,7635
2025-01-25T13:21:05.000000+00:00,236.2,50.3,236.7,50.3,228.9,50.3,4.8,1090.0,870.0,80.0,36.0,83.6,100.0,7635
2025-01-25T13:22:05.000000+00:00,236.2,50.3,237.3,50.3,228.9,50.3,4.8,1090.0,870.0,80.0,36.0,83.6,100.0,7635
2025-01-25T13:23:05.000000+00:00,237.4,50.3,237.4,50.3,228.9,50.3,4.7,1090.0,870.0,80.0,36.0,83.7,100.0,7635
2025-01-25T13:24:05.000000+00:00,236.6,50.3,236.6,50.3,228.9,50.3,4.7,1080.0,850.0,79.0,36.0,83.5,100.0,7635
2025-01-25T13:25:05.000000+00:00,236.4,50.3,236.5,50.3,228.9,50.3,4.8,1110.0,890.0,80.0,37.0,83.6,100.0,7635
2025-01-25T13:26:05.000000+00:00,236.0,50.2,235.1,50.2,228.9,50.2,4.8,1090.0,870.0,80.0,37.0,83.6,100.0,7635
2025-01-25T13:27:05.000000+00:00,236.3,50.1,236.3,50.1,228.9,50.1,4.7,1080.0,850.0,79.0,36.0,83.5,100.0,7635
2025-01-25T13:28:05.000000+00:00,236.2,50.2,235.6,50.2,228.9,50.2,4.8,1090.0,870.0,80.0,37.0,83.6,100.0,7635
2025-01-25T13:29:05.000000+00:00,235.9,50.2,235.9,50.2,228.9,50.2,4.8,1090.0,870.0,80.0,36.0,83.6,100.0,7635
2025-01-25T13:30:05.000000+00:00,235.9,50.2,236.0,50.2,228.9,50.2,4.9,1110.0,890.0,80.0,37.0,83.6,100.0,7635
2025-01-25T13:31:05.000000+00:00,234.0,50.2,235.0,50.2,228.9,50.2,4.8,1090.0,870.0,80.0,36.0,83.6,100.0,7635
2025-01-25T13:32:05.000000+00:00,235.7,50.2,235.3,50.2,228.9,50.2,4.8,1090.0,870.0,80.0,36.0,83.7,100.0,7635
2025-01-25T13:33:05.000000+00:00,235.6,50.2,235.6,50.2,228.9,50.2,4.8,1100.0,880.0,80.0,37.0,83.6,100.0,7635
2025-01-25T13:34:05.000000+00:00,235.6,50.2,236.6,50.2,228.9,50.2,4.8,1090.0,870.0,80.0,36.0,83.6,100.0,7635
2025-01-25T13:35:05.000000+00:00,235.8,50.3,235.9,50.3,228.9,50.3,4.8,1090.0,870.0,80.0,36.0,83.5,100.0,7635
2025-01-25T13:36:05.000000+00:00,235.9,50.1,235.9,50.1,228.9,50.1,4.9,1110.0,900.0,81.0,37.0,83.6,100.0,7635
2025-01-25T13:37:05.000000+00:00,236.0,50.3,236.0,50.3,228.9,50.3,4.8,1100.0,890.0,81.0,36.0,83.6,100.0,7635
2025-01-25T13:38:05.000000+00:00,235.8,50.2,235.8,50.2,228.9,50.2,4.8,1100.0,880.0,80.0,36.0,83.5,100.0,7635
2025-01-25T13:39:05.000000+00:00,236.8,50.3,237.3,50.3,228.9,50.3,4.7,1080.0,860.0,80.0,36.0,83.6,100.0,7635
2025-01-25T13:40:05.000000+00:00,237.5,50.3,236.6,50.3,228.9,50.3,4.9,1110.0,900.0,81.0,37.0,83.6,100.0,7635
2025-01-25T13:41:05.000000+00:00,236.4,50.3,237.0,50.3,228.9,50.3,4.8,1090.0,870.0,80.0,36.0,83.5,100.0,7635
2025-01-25T13:42:05.000000+00:00,237.1,50.3,236.0,50.3,228.9,50.3,4.8,1090.0,870.0,80.0,36.0,83.6,100.0,7635
2025-01-25T13:43:05.000000+00:00,236.5,50.2,236.5,50.2,228.9,50.2,4.7,1090.0,870.0,80.0,37.0,83.6,100.0,7735
2025-01-25T13:44:05.000000+00:00,235.4,50.1,235.9,50.1,228.9,50.1,4.8,1100.0,870.0,79.0,36.0,83.5,100.0,7735
2025-01-25T13:45:05.000000+00:00,236.6,50.1,236.6,50.0,228.9,50.0,4.9,1110.0,890.0,80.0,37.0,83.6,100.0,7350
2025-01-25T13:46:05.000000+00:00,236.8,50.1,236.3,50.1,228.9,50.1,4.8,1100.0,870.0,79.0,37.0,83.7,100.0,7735
2025-01-25T13:47:05.000000+00:00,236.1,50.2,236.1,50.2,228.9,50.2,4.7,1080.0,850.0,79.0,36.0,83.7,100.0,7735
2025-01-25T13:48:05.000000+00:00,237.5,50.3,237.5,50.3,228.9,50.3,4.8,1090.0,870.0,80.0,37.0,83.9,100.0,7735
2025-01-25T13:49:05.000000+00:00,236.1,50.2,236.1,50.2,228.9,50.2,4.8,1100.0,880.0,80.0,36.0,83.9,100.0,7735
2025-01-25T13:50:05.000000+00:00,237.3,50.2,237.3,50.2,229.0,50.2,4.8,1100.0,870.0,79.0,36.0,83.9,100.0,7735
2025-01-25T13:51:05.000000+00:00,237.9,50.2,236.9,50.2,228.9,50.2,4.8,1090.0,870.0,80.0,37.0,84.0,100.0,7350
2025-01-25T13:52:05.000000+00:00,235.7,50.1,236.2,50.1,228.9,50.1,4.8,1100.0,870.0,79.0,37.0,84.0,100.0,7635
2025-01-25T13:53:05.000000+00:00,235.2,50.2,235.2,50.2,228.9,50.2,4.8,1090.0,870.0,80.0,36.0,83.8,100.0,7635
2025-01-25T13:54:05.000000+00:00,234.4,50.2,234.4,50.2,228.8,50.2,4.8,1090.0,870.0,80.0,36.0,83.9,100.0,7635
2025-01-25T13:55:05.000000+00:00,235.9,50.2,234.7,50.2,228.9,50.2,4.8,1100.0,880.0,80.0,37.0,83.9,100.0,7635
2025-01-25T13:56:05.000000+00:00,236.3,50.4,235.9,50.4,228.9,50.4,4.7,1080.0,870.0,81.0,36.0,83.7,100.0,7635
2025-01-25T13:57:05.000000+00:00,235.8,50.2,235.8,50.2,228.9,50.2,4.7,1080.0,850.0,79.0,36.0,83.8,100.0,7635
2025-01-25T13:58:05.000000+00:00,235.8,50.3,235.8,50.3,228.9,50.3,4.8,1090.0,880.0,81.0,37.0,83.8,100.0,7635
2025-01-25T13:59:05.000000+00:00,236.7,50.3,236.7,50.4,228.9,50.3,4.7,1070.0,850.0,79.0,36.0,83.7,100.0,7635
2025-01-25T14:00:06.000000+00:00,236.0,50.3,236.0,50.3,228.9,50.3,4.7,1080.0,870.0,81.0,37.0,83.8,100.0,7635
2025-01-25T14:01:06.000000+00:00,236.0,50.3,236.5,50.3,228.9,50.3,4.8,1090.0,870.0,80.0,36.0,83.8,100.0,7635
2025-01-25T14:02:06.000000+00:00,238.5,50.2,238.5,50.2,228.9,50.2,4.8,1090.0,870.0,80.0,36.0,83.6,100.0,7259
2025-01-25T14:03:06.000000+00:00,238.1,50.2,239.1,50.2,228.9,50.2,4.9,1120.0,900.0,80.0,37.0,83.7,100.0,7635
2025-01-25T14:04:06.000000+00:00,237.3,50.1,237.4,50.1,228.9,50.1,4.8,1100.0,880.0,80.0,37.0,83.7,100.0,7635
2025-01-25T14:05:06.000000+00:00,237.5,50.1,237.0,50.1,228.9,50.1,4.8,1100.0,880.0,80.0,36.0,83.6,100.0,7635
2025-01-25T14:06:06.000000+00:00,238.8,50.2,238.8,50.2,228.9,50.2,4.8,1090.0,870.0,80.0,36.0,83.7,100.0,7635
2025-01-25T14:07:06.000000+00:00,237.9,50.1,237.6,50.1,228.9,50.1,4.9,1120.0,900.0,80.0,36.0,83.7,100.0,7635
2025-01-25T14:08:06.000000+00:00,237.7,50.2,237.7,50.2,228.9,50.2,4.8,1110.0,900.0,81.0,36.0,83.6,100.0,7635
2025-01-25T14:09:06.000000+00:00,238.0,50.1,238.0,50.1,228.9,50.1,4.7,1080.0,860.0,80.0,36.0,83.7,100.0,7635
2025-01-25T14:10:06.000000+00:00,237.7,50.1,237.2,50.1,228.9,50.1,4.8,1100.0,880.0,80.0,37.0,83.7,100.0,7259
2025-01-25T14:11:06.000000+00:00,236.8,50.1,236.8,50.1,228.9,50.1,4.8,1110.0,880.0,79.0,37.0,83.7,100.0,7635
2025-01-25T14:12:06.000000+00:00,237.7,50.1,237.7,50.1,229.0,50.1,4.8,1110.0,880.0,79.0,36.0,83.7,100.0,7635
2025-01-25T14:13:06.000000+00:00,236.6,50.0,235.8,50.0,229.0,50.0,4.8,1100.0,870.0,79.0,37.0,83.7,100.0,7635
2025-01-25T14:14:06.000000+00:00,235.1,50.0,235.1,50.0,228.9,50.0,4.8,1100.0,870.0,79.0,37.0,83.7,100.0,7735
2025-01-25T14:15:06.000000+00:00,235.3,50.0,235.3,50.0,228.9,50.0,4.8,1100.0,880.0,80.0,37.0,83.6,100.0,7350
2025-01-25T14:16:06.000000+00:00,235.3,49.9,235.5,49.9,228.9,49.9,4.8,1110.0,880.0,79.0,37.0,83.7,100.0,7350
2025-01-25T14:17:06.000000+00:00,234.9,50.0,235.8,50.0,228.9,50.1,4.8,1090.0,860.0,79.0,36.0,83.7,100.0,7735
2025-01-25T14:18:06.000000+00:00,234.8,50.0,235.3,50.0,228.9,50.0,4.8,1110.0,890.0,80.0,37.0,83.7,100.0,7350
2025-01-25T14:19:06.000000+00:00,235.3,50.1,235.2,50.1,228.9,50.1,4.7,1080.0,850.0,79.0,37.0,83.7,100.0,7735
2025-01-25T14:20:06.000000+00:00,235.8,50.1,235.8,50.1,228.9,50.1,4.8,1100.0,870.0,79.0,37.0,83.7,100.0,7350
2025-01-25T14:21:06.000000+00:00,236.2,50.1,236.3,50.1,228.9,50.1,4.8,1100.0,870.0,79.0,37.0,83.6,100.0,7350
2025-01-25T14:22:06.000000+00:00,236.8,50.1,235.8,50.1,228.9,50.1,4.8,1100.0,880.0,80.0,37.0,83.7,100.0,7635
2025-01-25T14:23:06.000000+00:00,236.1,50.1,236.1,50.1,228.9,50.1,4.8,1100.0,880.0,80.0,37.0,83.7,100.0,7635
2025-01-25T14:24:06.000000+00:00,236.2,50.2,236.2,50.2,228.9,50.2,4.8,1100.0,870.0,79.0,37.0,83.6,100.0,7635
2025-01-25T14:25:06.000000+00:00,235.8,50.1,235.8,50.1,228.9,50.1,4.9,1120.0,900.0,80.0,37.0,83.6,100.0,7259
2025-01-25T14:26:06.000000+00:00,235.4,50.1,235.4,50.1,228.9,50.1,4.8,1100.0,870.0,79.0,37.0,83.7,100.0,7635
2025-01-25T14:27:06.000000+00:00,235.4,50.0,235.4,50.0,228.9,50.0,4.7,1080.0,850.0,79.0,36.0,83.6,100.0,7635
2025-01-25T14:28:06.000000+00:00,235.6,50.1,235.8,50.1,228.9,50.1,4.8,1090.0,870.0,80.0,36.0,83.6,100.0,7635
2025-01-25T14:29:06.000000+00:00,235.9,50.2,235.5,50.2,228.9,50.2,4.8,1080.0,860.0,80.0,36.0,83.6,100.0,7635
2025-01-25T14:30:06.000000+00:00,236.6,50.3,236.6,50.3,228.9,50.3,4.7,1080.0,860.0,80.0,36.0,83.6,100.0,7635
2025-01-25T14:31:06.000000+00:00,236.2,50.2,236.8,50.2,228.9,50.2,4.8,1090.0,870.0,80.0,36.0,83.6,100.0,7635
2025-01-25T14:32:06.000000+00:00,236.6,50.2,236.6,50.2,228.9,50.2,4.8,1090.0,870.0,80.0,36.0,83.6,100.0,7635
2025-01-25T14:33:06.000000+00:00,235.8,50.2,236.3,50.2,228.9,50.2,4.9,1120.0,910.0,81.0,36.0,83.6,100.0,7635
2025-01-25T14:34:06.000000+00:00,236.8,50.2,236.3,50.2,228.9,50.2,4.7,1080.0,860.0,80.0,36.0,83.8,100.0,7635
2025-01-25T14:35:06.000000+00:00,236.3,50.3,236.3,50.3,228.9,50.3,4.8,1090.0,880.0,81.0,37.0,83.9,100.0,7635
2025-01-25T14:36:06.000000+00:00,236.5,50.2,236.5,50.2,228.9,50.2,4.8,1110.0,900.0,81.0,37.0,83.9,100.0,7635
2025-01-25T14:37:06.000000+00:00,236.0,50.3,236.0,50.3,228.9,50.3,4.7,1070.0,850.0,79.0,36.0,84.0,100.0,7635
2025-01-25T14:38:06.000000+00:00,236.1,50.3,236.1,50.3,228.9,50.3,4.8,1090.0,870.0,80.0,37.0,84.1,100.0,7635
2025-01-25T14:39:06.000000+00:00,235.6,50.2,236.0,50.1,228.9,50.2,4.7,1080.0,860.0,80.0,36.0,84.0,100.0,7635
2025-01-25T14:40:06.000000+00:00,235.6,50.1,235.6,50.1,228.9,50.1,4.8,1090.0,870.0,80.0,37.0,83.9,100.0,7635
2025-01-25T14:41:06.000000+00:00,235.8,50.0,235.2,50.0,228.9,50.0,4.8,1100.0,870.0,79.0,37.0,83.9,100.0,7635
2025-01-25T14:42:06.000000+00:00,235.7,50.0,235.7,50.0,228.9,50.0,4.8,1100.0,880.0,80.0,37.0,83.9,100.0,7635
2025-01-25T14:43:06.000000+00:00,235.8,50.0,235.8,50.0,228.9,50.0,4.8,1100.0,870.0,79.0,37.0,83.9,100.0,7635
2025-01-25T14:44:06.000000+00:00,235.2,50.0,234.7,50.0,228.9,50.0,4.8,1100.0,880.0,80.0,37.0,83.8,100.0,7635
2025-01-25T14:45:06.000000+00:00,235.0,50.1,235.7,50.1,228.9,50.1,4.8,1110.0,890.0,80.0,37.0,83.8,100.0,7635
2025-01-25T14:46:06.000000+00:00,234.7,50.1,234.7,50.1,228.9,50.1,4.8,1110.0,890.0,80.0,37.0,83.8,100.0,7635
2025-01-25T14:47:06.000000+00:00,235.9,50.1,234.9,50.1,228.9,50.1,4.7,1080.0,850.0,79.0,36.0,83.7,100.0,7635
2025-01-25T14:48:06.000000+00:00,235.1,50.0,235.1,50.0,228.9,50.0,4.8,1110.0,880.0,79.0,37.0,83.7,100.0,7635
2025-01-25T14:49:06.000000+00:00,236.1,50.1,235.9,50.1,228.9,50.1,4.8,1100.0,870.0,79.0,36.0,83.8,100.0,7635
2025-01-25T14:50:06.000000+00:00,235.5,50.1,235.5,50.1,228.9,50.1,4.8,1100.0,870.0,79.0,36.0,83.7,100.0,7635
2025-01-25T14:51:06.000000+00:00,235.2,50.0,235.3,50.0,228.9,50.0,4.8,1100.0,870.0,79.0,37.0,83.7,100.0,7635
2025-01-25T14:52:06.000000+00:00,235.5,50.0,235.5,50.1,228.9,50.0,4.8,1100.0,870.0,79.0,37.0,83.7,100.0,7635
2025-01-25T14:53:06.000000+00:00,234.5,50.0,234.5,50.0,228.9,50.0,4.9,1120.0,890.0,79.0,37.0,83.7,100.0,7635
2025-01-25T14:54:06.000000+00:00,235.0,50.0,235.5,50.0,228.9,49.9,4.8,1100.0,870.0,79.0,37.0,83.7,100.0,7635
2025-01-25T14:55:06.000000+00:00,234.1,50.0,234.1,50.0,228.9,50.0,4.9,1120.0,910.0,81.0,37.0,83.6,100.0,7635
2025-01-25T14:56:06.000000+00:00,233.8,50.0,234.2,50.0,228.9,50.0,4.8,1100.0,870.0,79.0,38.0,83.7,100.0,7635
2025-01-25T14:57:06.000000+00:00,234.1,50.0,234.1,50.0,228.9,50.0,4.8,1110.0,880.0,79.0,36.0,83.7,100.0,7635
2025-01-25T14:58:06.000000+00:00,233.5,49.9,233.5,49.9,228.9,49.9,4.9,1120.0,900.0,80.0,37.0,83.7,100.0,7635
2025-01-25T14:59:06.000000+00:00,234.8,50.0,234.3,50.0,228.9,50.0,4.8,1090.0,860.0,79.0,36.0,83.7,100.0,7635
2025-01-25T15:00:06.000000+00:00,234.0,50.0,234.5,50.0,228.9,50.0,4.8,1110.0,880.0,79.0,37.0,83.7,100.0,7350
2025-01-25T15:01:06.000000+00:00,234.6,50.0,234.6,50.0,228.9,50.0,4.8,1100.0,880.0,80.0,37.0,83.6,100.0,7350
2025-01-25T15:02:06.000000+00:00,235.3,50.0,235.3,50.0,228.9,50.0,4.8,1100.0,870.0,79.0,36.0,83.6,100.0,7350
2025-01-25T15:03:06.000000+00:00,235.4,50.0,235.4,50.0,228.9,50.0,4.8,1110.0,890.0,80.0,37.0,83.6,100.0,7350
2025-01-25T15:04:06.000000+00:00,235.0,49.9,235.0,49.9,228.9,49.9,4.8,1090.0,860.0,79.0,37.0,83.7,100.0,7735
2025-01-25T15:05:06.000000+00:00,235.1,50.0,234.7,50.0,228.9,50.0,4.9,1120.0,890.0,79.0,37.0,83.6,100.0,7350
2025-01-25T15:06:06.000000+00:00,234.6,50.0,234.6,50.0,228.9,50.0,4.8,1100.0,870.0,79.0,37.0,83.7,100.0,7837
2025-01-25T15:07:07.000000+00:00,234.1,50.0,235.0,50.0,228.9,50.0,4.7,1080.0,850.0,79.0,36.0,83.9,100.0,7350
2025-01-25T15:08:07.000000+00:00,235.1,50.0,234.7,50.0,228.9,50.0,4.8,1110.0,880.0,79.0,37.0,83.9,100.0,7443
2025-01-25T15:09:07.000000+00:00,234.7,49.9,235.1,49.9,228.9,49.9,4.8,1100.0,870.0,79.0,37.0,84.0,100.0,7837
2025-01-25T15:10:07.000000+00:00,234.5,50.0,234.5,50.0,228.9,50.0,4.9,1120.0,890.0,79.0,37.0,84.1,100.0,7350
2025-01-25T15:11:07.000000+00:00,234.4,50.0,234.4,50.0,228.9,50.0,4.8,1100.0,870.0,79.0,37.0,84.1,100.0,7350
2025-01-25T15:12:07.000000+00:00,234.5,50.0,235.0,50.0,228.9,50.0,4.8,1100.0,880.0,80.0,37.0,84.0,100.0,7350
2025-01-25T15:13:07.000000+00:00,235.6,50.3,234.6,50.3,228.9,50.3,4.8,1100.0,890.0,81.0,37.0,83.9,100.0,7635
2025-01-25T15:14:07.000000+00:00,234.4,50.3,234.5,50.3,228.9,50.3,4.7,1090.0,870.0,80.0,36.0,83.9,100.0,7635
2025-01-25T15:15:07.000000+00:00,234.2,50.2,234.8,50.2,229.0,50.2,4.8,1090.0,870.0,80.0,37.0,83.9,100.0,7635
2025-01-25T15:16:07.000000+00:00,234.3,50.2,234.8,50.2,228.9,50.2,4.8,1100.0,870.0,79.0,37.0,83.9,100.0,7635
2025-01-25T15:17:07.000000+00:00,234.2,50.2,234.2,50.2,228.9,50.2,4.7,1080.0,860.0,80.0,36.0,83.8,100.0,7635
2025-01-25T15:18:07.000000+00:00,234.4,50.2,234.9,50.2,228.9,50.2,4.8,1110.0,890.0,80.0,37.0,83.8,100.0,7635
2025-01-25T15:19:07.000000+00:00,234.6,50.2,234.0,50.2,228.9,50.2,4.7,1080.0,860.0,80.0,36.0,83.8,100.0,7635
2025-01-25T15:20:07.000000+00:00,234.8,50.2,234.8,50.2,228.9,50.2,4.8,1100.0,880.0,80.0,36.0,83.8,100.0,7635
2025-01-25T15:21:07.000000+00:00,234.1,50.2,234.1,50.2,228.9,50.2,4.8,1090.0,880.0,81.0,36.0,83.8,100.0,7635
2025-01-25T15:22:07.000000+00:00,234.2,50.2,234.2,50.2,228.9,50.2,4.8,1100.0,880.0,80.0,36.0,83.7,100.0,7635
2025-01-25T15:23:07.000000+00:00,234.5,50.4,234.5,50.4,228.9,50.4,4.8,1100.0,890.0,81.0,37.0,83.7,100.0,7635
2025-01-25T15:24:07.000000+00:00,234.7,50.4,234.7,50.4,228.9,50.4,4.7,1070.0,850.0,79.0,36.0,83.7,100.0,7635
2025-01-25T15:25:07.000000+00:00,234.5,50.4,234.5,50.4,228.9,50.4,4.9,1110.0,910.0,82.0,37.0,83.7,100.0,7635
2025-01-25T15:26:07.000000+00:00,234.9,50.3,233.9,50.3,228.9,50.3,4.8,1110.0,900.0,81.0,37.0,83.7,100.0,7635
2025-01-25T15:27:07.000000+00:00,234.7,50.4,234.7,50.4,228.9,50.4,4.7,1070.0,850.0,79.0,36.0,83.7,100.0,7635
2025-01-25T15:28:07.000000+00:00,234.6,50.4,235.8,50.4,228.9,50.4,4.8,1100.0,890.0,81.0,36.0,83.7,100.0,7635
2025-01-25T15:29:07.000000+00:00,234.5,50.4,235.1,50.4,228.9,50.4,4.7,1080.0,860.0,80.0,36.0,83.7,100.0,7635
2025-01-25T15:30:07.000000+00:00,234.4,50.4,234.4,50.4,228.9,50.4,4.8,1100.0,890.0,81.0,36.0,83.7,100.0,7635
2025-01-25T15:31:07.000000+00:00,234.8,50.4,234.8,50.4,228.9,50.4,4.8,1090.0,870.0,80.0,36.0,83.6,100.0,7635
2025-01-25T15:32:07.000000+00:00,234.3,50.4,234.2,50.4,228.9,50.4,4.7,1070.0,850.0,79.0,36.0,83.6,100.0,7635
2025-01-25T15:33:07.000000+00:00,234.3,50.3,234.3,50.3,228.9,50.3,4.8,1100.0,880.0,80.0,37.0,83.7,100.0,7635
2025-01-25T15:34:07.000000+00:00,234.3,50.3,233.2,50.3,228.9,50.3,4.7,1080.0,870.0,81.0,36.0,83.6,100.0,7635
2025-01-25T15:35:07.000000+00:00,233.0,50.4,233.6,50.4,228.9,50.4,4.7,1090.0,870.0,80.0,37.0,83.6,100.0,7635
2025-01-25T15:36:07.000000+00:00,234.0,50.3,234.0,50.3,228.9,50.3,4.7,1080.0,860.0,80.0,36.0,83.7,100.0,7635
2025-01-25T15:37:07.000000+00:00,234.2,50.3,234.2,50.3,228.9,50.3,4.7,1070.0,850.0,79.0,36.0,83.6,100.0,7635
2025-01-25T15:38:07.000000+00:00,234.4,50.3,234.4,50.3,228.9,50.3,4.8,1090.0,870.0,80.0,37.0,83.6,100.0,7735
2025-01-25T15:39:07.000000+00:00,233.6,50.3,234.2,50.3,228.9,50.3,4.8,1090.0,870.0,80.0,36.0,83.7,100.0,7735
2025-01-25T15:40:07.000000+00:00,233.6,50.4,233.6,50.4,228.9,50.4,4.8,1090.0,880.0,81.0,36.0,83.6,100.0,7735
2025-01-25T15:41:07.000000+00:00,235.2,50.3,234.2,50.3,228.9,50.3,4.8,1100.0,890.0,81.0,36.0,83.8,100.0,7538
2025-01-25T15:42:07.000000+00:00,233.5,50.3,233.5,50.3,228.9,50.3,4.8,1090.0,880.0,81.0,36.0,84.0,100.0,7443
2025-01-25T15:43:07.000000+00:00,233.2,50.3,233.2,50.3,228.9,50.3,4.8,1110.0,890.0,80.0,36.0,83.9,100.0,7350
2025-01-25T15:44:07.000000+00:00,234.0,50.3,234.0,50.3,228.9,50.3,4.7,1070.0,850.0,79.0,36.0,84.1,100.0,7837
2025-01-25T15:45:07.000000+00:00,234.0,50.3,234.0,50.3,228.9,50.3,4.8,1100.0,890.0,81.0,37.0,84.0,100.0,7443
2025-01-25T15:46:07.000000+00:00,232.8,50.3,232.8,50.3,228.9,50.3,4.8,1100.0,890.0,81.0,37.0,84.1,100.0,7837
2025-01-25T15:47:07.000000+00:00,232.4,50.3,232.4,50.3,228.9,50.3,4.7,1080.0,860.0,80.0,36.0,84.1,100.0,7350
2025-01-25T15:48:07.000000+00:00,236.6,50.3,236.6,50.3,228.9,50.3,4.8,1110.0,900.0,81.0,37.0,84.0,100.0,7735
2025-01-25T15:49:07.000000+00:00,236.5,50.3,237.0,50.3,228.9,50.3,4.8,1090.0,870.0,80.0,36.0,83.9,100.0,7735
2025-01-25T15:50:07.000000+00:00,235.6,50.3,235.6,50.3,228.9,50.3,4.7,1090.0,870.0,80.0,36.0,83.9,100.0,7350
2025-01-25T15:51:07.000000+00:00,235.0,50.1,235.0,50.1,228.9,50.1,4.8,1090.0,870.0,80.0,37.0,83.9,100.0,7350
2025-01-25T15:52:07.000000+00:00,233.8,50.1,233.8,50.1,228.9,50.1,4.8,1090.0,870.0,80.0,36.0,83.9,100.0,7443
2025-01-25T15:53:07.000000+00:00,234.8,50.2,234.8,50.2,228.9,50.2,4.8,1110.0,900.0,81.0,37.0,83.8,100.0,7443
2025-01-25T15:54:07.000000+00:00,233.7,50.1,233.7,50.1,228.9,50.1,4.7,1080.0,860.0,80.0,37.0,83.8,100.0,7837
2025-01-25T15:55:07.000000+00:00,235.0,50.0,234.0,50.0,228.9,50.0,4.8,1110.0,890.0,80.0,37.0,83.8,100.0,7443
2025-01-25T15:56:07.000000+00:00,235.6,50.2,236.0,50.2,228.9,50.2,4.8,1090.0,860.0,79.0,37.0,83.8,100.0,7837
2025-01-25T15:57:07.000000+00:00,235.2,50.1,235.8,50.1,228.9,50.1,4.7,1080.0,850.0,79.0,36.0,83.8,100.0,7443
2025-01-25T15:58:07.000000+00:00,235.0,50.0,234.4,50.0,228.9,50.0,4.8,1110.0,890.0,80.0,37.0,83.8,100.0,7443
2025-01-25T15:59:07.000000+00:00,234.5,50.0,233.5,50.0,228.9,50.0,4.8,1090.0,860.0,79.0,36.0,83.7,100.0,7837
2025-01-25T16:00:07.000000+00:00,232.9,50.1,233.4,50.1,228.9,50.1,4.8,1100.0,880.0,80.0,37.0,83.8,100.0,7443
2025-01-25T16:01:07.000000+00:00,232.3,50.0,232.3,50.0,228.9,50.0,4.8,1110.0,880.0,79.0,37.0,83.7,100.0,7350
2025-01-25T16:02:07.000000+00:00,236.2,50.0,235.7,50.0,228.9,50.0,4.8,1110.0,880.0,79.0,37.0,83.7,100.0,7350
2025-01-25T16:03:07.000000+00:00,234.5,50.1,234.5,50.1,228.9,50.1,4.8,1110.0,880.0,79.0,37.0,83.7,100.0,7350
2025-01-25T16:04:07.000000+00:00,234.7,50.1,234.7,50.1,228.9,50.1,4.8,1100.0,880.0,80.0,36.0,83.8,100.0,7735
2025-01-25T16:05:07.000000+00:00,234.5,50.1,234.5,50.1,228.9,50.1,4.9,1110.0,890.0,80.0,37.0,83.7,100.0,7350
2025-01-25T16:06:07.000000+00:00,233.9,50.1,233.9,50.1,228.9,50.1,4.8,1110.0,880.0,79.0,37.0,83.7,100.0,7837
2025-01-25T16:07:07.000000+00:00,234.0,50.0,234.0,50.0,228.9,50.0,4.8,1090.0,860.0,79.0,36.0,83.7,100.0,7350
2025-01-25T16:08:07.000000+00:00,233.6,50.0,233.6,50.0,229.0,50.0,4.9,1110.0,890.0,80.0,37.0,83.7,100.0,7350
2025-01-25T16:09:07.000000+00:00,234.0,50.0,234.0,50.0,228.9,50.0,4.8,1090.0,860.0,79.0,37.0,83.7,100.0,7735
2025-01-25T16:10:07.000000+00:00,233.5,49.9,232.5,49.9,228.9,49.9,4.9,1120.0,890.0,79.0,37.0,83.7,100.0,7350
2025-01-25T16:11:07.000000+00:00,233.1,50.0,233.1,50.0,228.9,50.0,4.8,1090.0,870.0,80.0,37.0,83.7,100.0,7350
2025-01-25T16:12:07.000000+00:00,232.8,50.1,232.3,50.1,228.9,50.1,4.7,1080.0,850.0,79.0,37.0,83.7,100.0,7350
2025-01-25T16:13:07.000000+00:00,231.9,50.0,232.7,50.0,228.9,50.0,4.8,1110.0,890.0,80.0,37.0,83.7,100.0,7635
2025-01-25T16:14:07.000000+00:00,231.0,50.1,231.3,50.1,228.9,50.1,4.8,1100.0,870.0,79.0,37.0,83.7,100.0,7635
2025-01-25T16:15:07.000000+00:00,235.4,50.0,235.4,50.0,228.9,50.0,4.8,1100.0,870.0,79.0,37.0,83.7,100.0,7635
2025-01-25T16:16:07.000000+00:00,235.3,50.1,235.4,50.1,228.9,50.1,4.8,1100.0,870.0,79.0,37.0,83.7,100.0,7635
2025-01-25T16:17:07.000000+00:00,234.8,50.0,234.8,50.0,228.9,50.0,4.8,1090.0,860.0,79.0,36.0,83.7,100.0,7635
2025-01-25T16:18:07.000000+00:00,234.8,49.9,234.2,49.9,228.9,49.9,4.9,1120.0,890.0,79.0,38.0,83.7,100.0,7635
2025-01-25T16:19:08.000000+00:00,233.8,49.9,233.7,49.9,228.9,49.9,4.8,1100.0,870.0,79.0,37.0,83.7,100.0,7635
2025-01-25T16:20:08.000000+00:00,233.3,49.8,232.9,49.8,228.9,49.8,4.8,1110.0,870.0,78.0,37.0,83.7,100.0,7635
2025-01-25T16:21:08.000000+00:00,233.1,49.9,233.5,49.9,228.9,49.9,4.8,1100.0,870.0,79.0,37.0,83.7,100.0,7350
2025-01-25T16:22:08.000000+00:00,234.2,50.1,234.2,50.1,228.9,50.1,4.8,1100.0,880.0,80.0,36.0,83.7,100.0,7635
2025-01-25T16:23:08.000000+00:00,234.1,50.1,234.1,50.1,228.9,50.1,4.8,1110.0,890.0,80.0,37.0,83.7,100.0,7635
2025-01-25T16:24:08.000000+00:00,233.9,50.1,233.9,50.1,228.9,50.1,4.7,1090.0,860.0,79.0,37.0,83.7,100.0,7635
2025-01-25T16:25:08.000000+00:00,232.6,50.0,233.1,50.0,228.9,50.0,4.8,1100.0,870.0,79.0,37.0,83.7,100.0,7443
2025-01-25T16:26:08.000000+00:00,232.7,49.9,232.7,49.9,228.9,49.9,4.8,1110.0,880.0,79.0,37.0,83.7,100.0,7635
2025-01-25T16:27:08.000000+00:00,233.6,49.9,232.7,49.9,228.9,49.9,4.8,1090.0,850.0,78.0,37.0,83.7,100.0,7635
2025-01-25T16:28:08.000000+00:00,232.7,49.9,233.6,49.9,228.9,49.9,4.8,1100.0,880.0,80.0,37.0,83.7,100.0,7635
2025-01-25T16:29:08.000000+00:00,233.5,50.0,233.5,50.0,228.9,50.0,4.8,1090.0,860.0,79.0,37.0,83.7,100.0,7635
2025-01-25T16:30:08.000000+00:00,232.7,50.0,232.7,50.0,228.9,50.0,4.8,1110.0,880.0,79.0,37.0,83.6,100.0,7635
2025-01-25T16:31:08.000000+00:00,232.6,50.1,232.6,50.1,228.9,50.1,4.8,1100.0,880.0,80.0,37.0,83.7,100.0,7635
2025-01-25T16:32:08.000000+00:00,232.8,50.0,232.8,50.0,228.9,50.0,4.8,1100.0,870.0,79.0,36.0,83.7,100.0,7635
2025-01-25T16:33:08.000000+00:00,232.7,50.0,232.7,50.0,228.9,50.0,4.9,1120.0,900.0,80.0,37.0,83.6,100.0,7635
2025-01-25T16:34:08.000000+00:00,235.5,50.0,235.5,50.0,228.9,50.0,4.8,1100.0,870.0,79.0,37.0,83.7,100.0,7635
2025-01-25T16:35:08.000000+00:00,234.6,50.0,234.6,50.0,229.0,50.0,4.8,1100.0,880.0,80.0,37.0,83.7,100.0,7635
2025-01-25T16:36:08.000000+00:00,235.9,50.0,235.9,50.1,228.9,50.0,4.9,1110.0,890.0,80.0,37.0,83.7,100.0,7635
2025-01-25T16:37:08.000000+00:00,235.4,50.0,235.5,50.0,228.9,50.0,4.7,1080.0,850.0,79.0,36.0,83.7,100.0,7635
2025-01-25T16:38:08.000000+00:00,235.6,50.0,235.5,50.0,228.9,50.0,4.9,1120.0,890.0,79.0,37.0,83.7,100.0,7635
2025-01-25T16:39:08.000000+00:00,236.2,50.1,236.2,50.1,228.9,50.1,4.8,1090.0,870.0,80.0,37.0,83.6,100.0,7635
2025-01-25T16:40:08.000000+00:00,234.9,50.0,236.0,50.1,228.9,50.0,4.9,1120.0,890.0,79.0,37.0,83.7,100.0,7635
2025-01-25T16:41:08.000000+00:00,234.7,50.0,235.7,50.0,228.9,50.0,4.8,1100.0,870.0,79.0,37.0,83.7,100.0,7635
2025-01-25T16:42:08.000000+00:00,235.0,50.1,235.6,50.1,228.9,50.1,4.8,1100.0,880.0,80.0,36.0,83.6,100.0,7635
2025-01-25T16:43:08.000000+00:00,234.3,50.0,234.3,50.0,229.0,50.0,4.8,1110.0,880.0,79.0,37.0,83.6,100.0,7635
2025-01-25T16:44:08.000000+00:00,235.7,50.0,234.6,50.0,228.9,50.0,4.8,1100.0,870.0,79.0,37.0,83.7,100.0,7635
2025-01-25T16:45:08.000000+00:00,236.0,50.1,236.0,50.1,228.9,50.1,4.9,1110.0,890.0,80.0,37.0,83.6,100.0,7635
2025-01-25T16:46:08.000000+00:00,235.8,50.1,235.0,50.1,229.0,50.1,4.9,1120.0,870.0,80.0,37.0,83.6,100.0,7635
2025-01-25T16:47:08.000000+00:00,235.7,50.1,235.2,50.1,228.9,50.1,4.7,1090.0,860.0,79.0,36.0,83.6,100.0,7635
2025-01-25T16:48:08.000000+00:00,234.6,50.0,234.6,50.0,228.9,50.0,4.8,1110.0,890.0,80.0,37.0,83.6,100.0,7635
2025-01-25T16:49:08.000000+00:00,233.7,50.0,234.7,50.0,228.9,50.0,4.8,1090.0,860.0,79.0,36.0,83.6,100.0,7635
2025-01-25T16:50:08.000000+00:00,234.3,50.0,234.3,50.0,228.9,50.0,4.8,1100.0,870.0,79.0,37.0,83.7,100.0,7635
2025-01-25T16:51:08.000000+00:00,235.2,50.0,235.7,50.0,228.9,50.0,4.8,1100.0,870.0,79.0,37.0,83.6,100.0,7635
2025-01-25T16:52:08.000000+00:00,234.8,50.0,234.3,50.0,228.9,50.0,4.7,1090.0,850.0,78.0,37.0,83.7,100.0,7635
2025-01-25T16:53:08.000000+00:00,235.1,49.9,235.0,49.9,228.9,49.9,4.9,1120.0,890.0,79.0,37.0,83.6,100.0,7635
2025-01-25T16:54:08.000000+00:00,235.5,49.9,235.5,49.9,228.9,49.9,4.9,1110.0,880.0,79.0,36.0,83.7,100.0,7635
2025-01-25T16:55:08.000000+00:00,236.5,50.0,236.5,50.0,228.9,50.0,4.8,1100.0,880.0,80.0,37.0,83.6,100.0,7259
2025-01-25T16:56:08.000000+00:00,235.5,50.0,235.7,50.0,228.9,50.0,4.9,1120.0,890.0,79.0,37.0,83.6,100.0,7635
2025-01-25T16:57:08.000000+00:00,236.4,50.2,236.3,50.2,229.0,50.2,4.7,1080.0,850.0,79.0,36.0,83.6,100.0,7635
2025-01-25T16:58:08.000000+00:00,235.2,50.1,235.2,50.1,228.9,50.1,4.8,1110.0,890.0,80.0,37.0,83.6,100.0,7635
2025-01-25T16:59:08.000000+00:00,238.5,50.1,238.5,50.1,228.9,50.1,4.8,1090.0,860.0,79.0,36.0,80.9,100.0,7633
