SEP=,
Time (UTC),Input Voltage (V),Input Frequency (Hz),Bypass Voltage (V),Bypass Frequency (Hz),Output Voltage (V),Output Frequency (Hz),Output Current (A),Output Apparent Power (VA),Output Active Power (W),Output Power Factor,Output Percent Load (%),Battery Voltage (V),Battery Capacity (%),Battery Remaining Time (s)
2024-03-19T19:32:38.000000+00:00,239.9,50.2,239.9,50.2,229.0,50.2,5.6,1280.0,1000.0,78.0,42.0,83.8,93.0,819
2024-03-19T19:33:38.000000+00:00,241.5,50.2,241.0,50.2,228.9,50.2,5.5,1270.0,990.0,78.0,42.0,83.8,93.0,819
2024-03-19T19:34:38.000000+00:00,241.4,50.2,241.4,50.2,229.0,50.2,5.5,1270.0,990.0,78.0,43.0,83.8,93.0,819
2024-03-19T19:35:38.000000+00:00,240.7,50.2,240.7,50.2,229.0,50.2,5.5,1270.0,990.0,78.0,42.0,83.8,93.0,819
2024-03-19T19:36:38.000000+00:00,241.3,50.2,241.3,50.2,229.0,50.2,5.6,1280.0,1000.0,78.0,43.0,83.8,93.0,819
2024-03-19T19:37:38.000000+00:00,241.0,50.1,241.0,50.1,229.0,50.1,5.6,1280.0,1000.0,78.0,43.0,83.8,93.0,819
2024-03-19T19:38:38.000000+00:00,241.4,50.1,241.4,50.1,229.0,50.1,5.6,1270.0,990.0,78.0,43.0,83.8,93.0,819
2024-03-19T19:39:38.000000+00:00,240.4,49.9,240.4,49.9,228.9,49.9,5.7,1290.0,1000.0,78.0,43.0,83.8,93.0,820
2024-03-19T19:40:38.000000+00:00,240.0,49.9,240.9,49.9,229.0,49.9,5.6,1290.0,1000.0,78.0,43.0,83.8,93.0,820
2024-03-19T19:41:38.000000+00:00,240.8,50.1,240.4,50.1,229.0,50.1,5.6,1280.0,990.0,77.0,43.0,83.8,93.0,820
2024-03-19T19:42:38.000000+00:00,242.5,50.1,242.2,50.1,229.0,50.2,5.6,1280.0,1000.0,78.0,43.0,83.8,93.0,820
2024-03-19T19:43:38.000000+00:00,239.1,50.3,238.6,50.3,228.9,50.3,5.5,1270.0,990.0,78.0,42.0,83.8,93.0,820
2024-03-19T19:44:38.000000+00:00,237.3,50.1,237.7,50.1,228.9,50.1,5.6,1280.0,990.0,77.0,43.0,83.7,93.0,820
2024-03-19T19:45:38.000000+00:00,238.0,50.1,237.9,50.1,228.9,50.1,5.5,1270.0,990.0,78.0,43.0,83.8,93.0,820
2024-03-19T19:46:38.000000+00:00,238.6,50.1,238.5,50.1,229.0,50.1,5.5,1270.0,990.0,78.0,43.0,83.7,93.0,820
2024-03-19T19:47:38.000000+00:00,237.8,50.0,237.8,50.0,228.9,50.0,5.6,1290.0,1000.0,78.0,43.0,83.8,93.0,820
2024-03-19T19:48:38.000000+00:00,237.5,50.0,237.5,50.0,228.9,50.0,5.6,1280.0,990.0,77.0,43.0,83.7,93.0,820
2024-03-19T19:49:38.000000+00:00,237.9,49.9,237.9,49.8,228.9,49.8,5.6,1290.0,1000.0,78.0,43.0,83.7,93.0,820
2024-03-19T19:50:38.000000+00:00,237.5,49.9,237.5,49.9,228.9,49.9,5.7,1290.0,1000.0,78.0,43.0,83.7,93.0,820
2024-03-19T19:51:38.000000+00:00,238.4,49.8,238.4,49.8,228.9,49.8,5.7,1300.0,1010.0,78.0,43.0,83.7,93.0,820
2024-03-19T19:52:38.000000+00:00,238.9,49.9,238.9,49.9,228.9,49.9,5.6,1290.0,1000.0,78.0,43.0,83.7,93.0,820
2024-03-19T19:53:38.000000+00:00,239.0,50.1,239.9,50.1,228.9,50.1,5.6,1280.0,1000.0,78.0,43.0,83.7,93.0,820
2024-03-19T19:54:38.000000+00:00,240.1,50.1,240.1,50.1,228.9,50.1,5.6,1280.0,990.0,77.0,43.0,83.7,93.0,820
2024-03-19T19:55:38.000000+00:00,238.9,50.2,239.5,50.2,228.9,50.2,5.5,1270.0,990.0,78.0,43.0,83.8,93.0,820
2024-03-19T19:56:38.000000+00:00,239.7,50.3,239.7,50.3,229.0,50.3,5.5,1270.0,990.0,78.0,42.0,83.8,93.0,820
2024-03-19T19:57:38.000000+00:00,238.9,50.2,239.0,50.2,228.9,50.2,5.5,1270.0,990.0,78.0,42.0,83.7,93.0,820
2024-03-19T19:58:38.000000+00:00,240.4,50.3,240.4,50.3,228.9,50.3,5.6,1270.0,990.0,78.0,42.0,83.7,93.0,820
2024-03-19T19:59:38.000000+00:00,240.9,50.4,239.9,50.4,228.9,50.4,5.5,1270.0,1000.0,79.0,42.0,83.7,93.0,820
2024-03-19T20:00:38.000000+00:00,240.7,50.4,240.7,50.4,228.9,50.4,5.5,1260.0,990.0,79.0,42.0,83.7,93.0,821
2024-03-19T20:01:38.000000+00:00,240.9,50.3,240.9,50.3,229.0,50.3,5.6,1270.0,990.0,78.0,42.0,83.7,93.0,821
2024-03-19T20:02:38.000000+00:00,240.1,50.3,240.1,50.3,229.0,50.3,5.5,1260.0,990.0,79.0,42.0,83.7,93.0,821
2024-03-19T20:03:38.000000+00:00,240.2,50.3,241.2,50.3,228.9,50.3,5.6,1270.0,1000.0,79.0,42.0,83.7,93.0,821
2024-03-19T20:04:38.000000+00:00,240.1,50.3,240.1,50.3,228.9,50.3,5.5,1260.0,980.0,78.0,43.0,83.7,93.0,821
2024-03-19T20:05:38.000000+00:00,241.3,50.3,241.3,50.3,228.9,50.3,5.5,1270.0,990.0,78.0,42.0,83.7,93.0,821
2024-03-19T20:06:38.000000+00:00,241.4,50.3,241.4,50.3,228.9,50.3,5.6,1270.0,1000.0,79.0,42.0,83.7,93.0,821
2024-03-19T20:07:38.000000+00:00,240.9,50.3,241.4,50.3,228.9,50.3,5.5,1270.0,990.0,78.0,42.0,83.7,93.0,821
2024-03-19T20:08:38.000000+00:00,240.9,50.1,241.0,50.1,228.9,50.1,5.6,1280.0,1000.0,78.0,42.0,83.7,93.0,821
2024-03-19T20:09:38.000000+00:00,241.5,50.3,242.1,50.3,229.0,50.3,5.6,1270.0,1000.0,79.0,42.0,83.8,93.0,821
2024-03-19T20:10:38.000000+00:00,242.0,50.3,243.1,50.3,229.0,50.3,5.6,1280.0,1010.0,79.0,43.0,84.1,93.0,821
2024-03-19T20:11:38.000000+00:00,242.9,50.2,242.9,50.2,228.9,50.2,5.5,1270.0,990.0,78.0,42.0,84.2,93.0,821
2024-03-19T20:12:39.000000+00:00,239.0,50.3,239.0,50.3,228.9,50.3,5.6,1270.0,1000.0,79.0,42.0,84.3,93.0,821
2024-03-19T20:13:39.000000+00:00,237.9,50.3,238.5,50.3,228.9,50.3,5.6,1270.0,990.0,78.0,42.0,84.3,93.0,821
2024-03-19T20:14:39.000000+00:00,238.0,50.3,238.0,50.3,228.9,50.3,5.6,1280.0,1000.0,78.0,43.0,84.4,93.0,821
2024-03-19T20:15:39.000000+00:00,238.6,50.3,238.6,50.3,228.9,50.3,5.5,1270.0,1000.0,79.0,42.0,84.3,93.0,821
2024-03-19T20:16:39.000000+00:00,238.3,50.3,238.3,50.3,228.9,50.3,5.6,1280.0,1000.0,78.0,42.0,84.2,93.0,821
2024-03-19T20:17:39.000000+00:00,239.8,50.3,238.8,50.3,228.9,50.3,5.6,1270.0,1000.0,79.0,42.0,84.1,93.0,821
2024-03-19T20:18:39.000000+00:00,239.7,50.4,239.7,50.4,228.9,50.4,5.5,1270.0,990.0,78.0,42.0,84.1,93.0,821
2024-03-19T20:19:39.000000+00:00,240.0,50.3,240.0,50.3,229.0,50.3,5.5,1270.0,990.0,78.0,42.0,84.0,93.0,821
2024-03-19T20:20:39.000000+00:00,239.1,50.2,239.1,50.2,228.9,50.2,5.6,1280.0,1000.0,78.0,43.0,84.0,93.0,822
2024-03-19T20:21:39.000000+00:00,239.8,50.3,240.4,50.3,228.9,50.3,5.5,1270.0,990.0,78.0,42.0,83.9,93.0,822
2024-03-19T20:22:39.000000+00:00,240.2,50.3,239.2,50.3,228.9,50.3,5.6,1270.0,1000.0,79.0,42.0,83.9,93.0,822
2024-03-19T20:23:39.000000+00:00,238.8,50.3,239.4,50.3,228.9,50.3,5.6,1270.0,1000.0,79.0,42.0,83.9,93.0,822
2024-03-19T20:24:39.000000+00:00,239.1,50.3,239.1,50.3,228.9,50.3,5.6,1270.0,1000.0,79.0,42.0,83.9,93.0,822
2024-03-19T20:25:39.000000+00:00,240.0,50.3,240.0,50.3,228.9,50.3,5.5,1270.0,1000.0,79.0,42.0,83.9,93.0,822
2024-03-19T20:26:39.000000+00:00,239.7,50.4,239.7,50.4,228.9,50.4,5.5,1270.0,990.0,78.0,42.0,83.9,93.0,822
2024-03-19T20:27:39.000000+00:00,240.2,50.4,239.8,50.4,229.0,50.4,5.5,1260.0,990.0,79.0,42.0,83.9,93.0,822
2024-03-19T20:28:39.000000+00:00,240.3,50.4,240.3,50.4,228.9,50.4,5.5,1270.0,990.0,78.0,42.0,83.9,93.0,822
2024-03-19T20:29:39.000000+00:00,240.0,50.4,240.6,50.3,228.9,50.3,5.6,1270.0,1000.0,79.0,42.0,83.9,93.0,822
2024-03-19T20:30:39.000000+00:00,240.8,50.4,240.3,50.4,228.9,50.4,5.5,1260.0,990.0,79.0,42.0,83.8,93.0,822
2024-03-19T20:31:39.000000+00:00,240.0,50.3,239.5,50.3,228.9,50.3,5.6,1270.0,1000.0,79.0,42.0,83.9,93.0,822
2024-03-19T20:32:39.000000+00:00,240.8,50.3,239.8,50.3,228.9,50.3,5.5,1270.0,990.0,78.0,42.0,83.8,93.0,822
2024-03-19T20:33:39.000000+00:00,241.2,50.3,240.2,50.3,228.9,50.3,5.6,1270.0,1000.0,79.0,43.0,83.8,93.0,822
2024-03-19T20:34:39.000000+00:00,240.8,50.4,240.8,50.4,228.9,50.4,5.5,1270.0,990.0,78.0,42.0,83.8,93.0,822
2024-03-19T20:35:39.000000+00:00,240.8,50.4,240.8,50.4,228.9,50.4,5.5,1270.0,990.0,78.0,42.0,83.8,93.0,822
2024-03-19T20:36:39.000000+00:00,241.8,50.3,241.8,50.3,228.9,50.3,5.5,1270.0,1000.0,79.0,42.0,83.8,93.0,822
2024-03-19T20:37:39.000000+00:00,241.2,50.2,241.2,50.2,228.9,50.2,5.6,1280.0,1000.0,78.0,43.0,83.8,93.0,822
2024-03-19T20:38:39.000000+00:00,241.6,50.2,242.0,50.2,228.9,50.2,5.6,1270.0,1000.0,79.0,43.0,83.8,93.0,822
2024-03-19T20:39:39.000000+00:00,241.4,50.3,241.4,50.3,228.9,50.3,5.5,1270.0,990.0,78.0,42.0,83.8,93.0,822
2024-03-19T20:40:39.000000+00:00,241.9,50.3,241.9,50.3,228.9,50.3,5.5,1270.0,990.0,78.0,42.0,83.8,93.0,822
2024-03-19T20:41:39.000000+00:00,241.4,50.3,241.4,50.3,228.9,50.3,5.5,1270.0,990.0,78.0,42.0,83.8,93.0,823
2024-03-19T20:42:39.000000+00:00,241.5,50.2,241.5,50.2,228.9,50.2,5.6,1270.0,990.0,78.0,43.0,83.8,93.0,823
2024-03-19T20:43:39.000000+00:00,242.2,50.3,242.6,50.3,229.0,50.3,5.5,1260.0,990.0,79.0,42.0,83.8,93.0,823
2024-03-19T20:44:39.000000+00:00,242.2,50.2,242.2,50.2,228.9,50.2,5.6,1280.0,1000.0,78.0,43.0,83.8,93.0,823
2024-03-19T20:45:39.000000+00:00,242.0,50.1,242.0,50.1,228.9,50.1,5.6,1280.0,990.0,77.0,43.0,83.8,93.0,823
2024-03-19T20:46:39.000000+00:00,241.7,50.1,241.7,50.1,229.0,50.1,5.6,1280.0,1000.0,78.0,42.0,83.8,93.0,823
2024-03-19T20:47:39.000000+00:00,241.9,50.1,241.5,50.1,228.9,50.1,5.6,1280.0,1000.0,78.0,43.0,83.8,93.0,823
2024-03-19T20:48:39.000000+00:00,241.4,50.0,241.4,50.0,228.9,50.0,5.6,1290.0,1000.0,78.0,43.0,83.8,93.0,823
2024-03-19T20:49:39.000000+00:00,241.8,50.0,241.8,50.0,229.0,50.0,5.6,1280.0,990.0,77.0,43.0,83.8,93.0,823
2024-03-19T20:50:39.000000+00:00,242.4,50.0,241.4,50.0,228.9,50.1,5.6,1280.0,1000.0,78.0,43.0,83.8,93.0,823
2024-03-19T20:51:39.000000+00:00,242.0,50.1,242.0,50.1,228.9,50.1,5.6,1290.0,1010.0,78.0,43.0,83.8,94.0,823
2024-03-19T20:52:39.000000+00:00,241.6,49.9,242.5,49.9,228.9,49.9,5.6,1290.0,1000.0,78.0,43.0,83.8,94.0,823
2024-03-19T20:53:39.000000+00:00,242.4,50.0,242.4,50.0,229.0,50.0,5.6,1290.0,1000.0,78.0,43.0,83.8,94.0,823
2024-03-19T20:54:39.000000+00:00,241.4,49.9,241.4,49.9,229.0,49.9,5.6,1290.0,1000.0,78.0,43.0,83.8,94.0,823
2024-03-19T20:55:39.000000+00:00,241.8,49.9,241.8,49.9,229.0,49.9,5.7,1300.0,1010.0,78.0,43.0,83.8,94.0,823
2024-03-19T20:56:39.000000+00:00,241.7,49.8,242.3,49.8,229.0,49.8,5.6,1290.0,1000.0,78.0,43.0,83.8,94.0,823
2024-03-19T20:57:39.000000+00:00,241.5,49.8,242.3,49.8,229.0,49.8,5.6,1290.0,1000.0,78.0,43.0,83.8,94.0,823
2024-03-19T20:58:39.000000+00:00,242.5,50.0,242.0,50.0,228.9,50.0,5.6,1280.0,990.0,77.0,43.0,83.8,94.0,823
2024-03-19T20:59:39.000000+00:00,241.8,49.9,241.8,49.9,228.9,49.9,5.6,1290.0,1000.0,78.0,43.0,83.8,94.0,823
2024-03-19T21:00:39.000000+00:00,242.7,50.1,243.3,50.1,229.0,50.1,5.6,1280.0,1000.0,78.0,43.0,83.8,94.0,823
2024-03-19T21:01:39.000000+00:00,243.0,50.1,243.0,50.1,229.0,50.1,5.6,1280.0,990.0,77.0,43.0,83.8,94.0,823
2024-03-19T21:02:39.000000+00:00,243.6,50.1,242.8,50.1,229.0,50.1,5.6,1280.0,1000.0,78.0,43.0,83.8,94.0,824
2024-03-19T21:03:39.000000+00:00,239.3,50.1,239.5,50.1,228.9,50.1,5.6,1280.0,1000.0,78.0,43.0,83.8,94.0,824
2024-03-19T21:04:39.000000+00:00,240.1,50.2,240.1,50.2,228.9,50.2,5.5,1270.0,990.0,78.0,43.0,83.8,94.0,824
2024-03-19T21:05:39.000000+00:00,239.1,50.0,239.1,50.0,228.9,50.0,5.6,1290.0,1000.0,78.0,43.0,83.8,94.0,824
2024-03-19T21:06:39.000000+00:00,239.5,50.1,239.5,50.1,228.9,50.1,5.6,1280.0,1000.0,78.0,42.0,83.8,94.0,824
2024-03-19T21:07:39.000000+00:00,239.9,50.0,240.8,50.0,228.9,50.0,5.7,1290.0,1010.0,78.0,43.0,83.8,94.0,824
2024-03-19T21:08:40.000000+00:00,241.2,50.1,241.2,50.1,228.9,50.1,5.6,1280.0,1000.0,78.0,42.0,83.8,94.0,824
2024-03-19T21:09:40.000000+00:00,240.6,50.2,241.5,50.2,228.9,50.2,5.6,1270.0,990.0,78.0,42.0,83.8,94.0,824
2024-03-19T21:10:40.000000+00:00,240.1,50.3,241.0,50.3,228.9,50.3,5.5,1270.0,990.0,78.0,42.0,83.8,94.0,824
2024-03-19T21:11:40.000000+00:00,240.9,50.2,240.5,50.2,229.0,50.2,5.6,1280.0,1000.0,78.0,42.0,83.8,94.0,824
2024-03-19T21:12:40.000000+00:00,239.2,50.0,239.2,50.0,228.9,50.0,5.6,1280.0,1000.0,78.0,43.0,83.8,94.0,824
2024-03-19T21:13:40.000000+00:00,239.1,50.1,239.1,50.1,228.9,50.1,5.6,1280.0,1000.0,78.0,43.0,83.8,94.0,824
2024-03-19T21:14:40.000000+00:00,238.6,50.0,239.6,50.0,228.9,50.0,5.6,1280.0,990.0,77.0,43.0,83.8,94.0,824
2024-03-19T21:15:40.000000+00:00,238.9,49.8,238.8,49.8,228.9,49.8,5.6,1290.0,1000.0,78.0,43.0,83.8,94.0,824
2024-03-19T21:16:40.000000+00:00,239.8,50.1,239.8,50.1,228.9,50.1,5.6,1270.0,990.0,78.0,42.0,83.8,94.0,824
2024-03-19T21:17:40.000000+00:00,239.4,50.0,239.4,50.0,228.9,50.0,5.6,1290.0,1000.0,78.0,43.0,83.8,94.0,824
2024-03-19T21:18:40.000000+00:00,239.1,49.8,239.1,49.8,228.9,49.8,5.7,1300.0,1010.0,78.0,43.0,83.8,94.0,824
2024-03-19T21:19:40.000000+00:00,239.3,49.9,238.9,49.9,228.9,49.9,5.6,1280.0,990.0,77.0,43.0,83.8,94.0,824
2024-03-19T21:20:40.000000+00:00,239.7,50.0,239.2,50.0,228.9,50.0,5.6,1280.0,990.0,77.0,43.0,83.8,94.0,824
2024-03-19T21:21:40.000000+00:00,240.7,50.2,240.7,50.2,228.9,50.2,5.6,1280.0,1000.0,78.0,43.0,83.8,94.0,824
2024-03-19T21:22:40.000000+00:00,240.2,50.2,240.3,50.2,228.9,50.2,5.6,1270.0,990.0,78.0,43.0,83.8,94.0,825
2024-03-19T21:23:40.000000+00:00,240.4,50.1,239.4,50.1,228.9,50.1,5.6,1280.0,990.0,77.0,43.0,83.8,94.0,825
2024-03-19T21:24:40.000000+00:00,241.0,50.1,240.5,50.1,228.9,50.1,5.6,1270.0,990.0,78.0,43.0,83.8,94.0,825
2024-03-19T21:25:40.000000+00:00,240.5,50.1,241.0,50.1,228.9,50.1,5.6,1280.0,1000.0,78.0,43.0,83.8,94.0,825
2024-03-19T21:26:40.000000+00:00,241.2,50.1,241.2,50.1,228.9,50.1,5.6,1290.0,1010.0,78.0,43.0,83.8,94.0,825
2024-03-19T21:27:40.000000+00:00,240.7,50.2,241.2,50.2,228.9,50.2,5.6,1280.0,990.0,77.0,43.0,83.8,94.0,825
2024-03-19T21:28:40.000000+00:00,241.1,50.1,241.1,50.1,229.0,50.1,5.6,1280.0,1000.0,78.0,43.0,83.8,94.0,825
2024-03-19T21:29:40.000000+00:00,240.9,50.1,240.4,50.1,228.9,50.1,5.6,1280.0,1000.0,78.0,43.0,83.8,94.0,825
2024-03-19T21:30:40.000000+00:00,241.0,50.1,241.0,50.2,228.9,50.1,5.6,1290.0,1010.0,78.0,43.0,83.8,94.0,825
2024-03-19T21:31:40.000000+00:00,241.6,50.3,242.5,50.3,228.9,50.3,5.6,1270.0,1000.0,79.0,42.0,83.8,94.0,825
2024-03-19T21:32:40.000000+00:00,241.2,50.2,241.2,50.2,228.9,50.2,5.6,1270.0,990.0,78.0,42.0,83.8,94.0,825
2024-03-19T21:33:40.000000+00:00,241.3,50.1,241.3,50.1,229.0,50.1,5.6,1280.0,990.0,77.0,43.0,83.8,94.0,825
2024-03-19T21:34:40.000000+00:00,241.4,50.1,241.4,50.1,228.9,50.1,5.6,1280.0,1000.0,78.0,43.0,83.8,94.0,825
2024-03-19T21:35:40.000000+00:00,240.7,50.1,240.7,50.1,228.9,50.1,5.5,1270.0,990.0,78.0,43.0,83.8,94.0,825
2024-03-19T21:36:40.000000+00:00,242.0,50.2,241.9,50.2,228.9,50.2,5.6,1270.0,1000.0,79.0,43.0,83.8,94.0,825
2024-03-19T21:37:40.000000+00:00,241.4,50.3,241.4,50.3,228.9,50.3,5.6,1280.0,1000.0,78.0,42.0,83.8,94.0,825
2024-03-19T21:38:40.000000+00:00,242.1,50.2,241.2,50.2,228.9,50.2,5.6,1270.0,990.0,78.0,43.0,83.8,94.0,825
2024-03-19T21:39:40.000000+00:00,242.1,50.2,242.1,50.2,228.9,50.2,5.6,1280.0,1000.0,78.0,42.0,83.8,94.0,825
2024-03-19T21:40:40.000000+00:00,241.6,50.2,242.5,50.2,228.9,50.2,5.6,1270.0,990.0,78.0,42.0,83.8,94.0,825
2024-03-19T21:41:40.000000+00:00,241.9,50.2,241.9,50.2,228.9,50.2,5.5,1270.0,990.0,78.0,42.0,83.8,94.0,825
2024-03-19T21:42:40.000000+00:00,241.9,50.1,241.5,50.1,228.9,50.1,5.6,1280.0,1000.0,78.0,43.0,83.8,94.0,825
2024-03-19T21:43:40.000000+00:00,242.5,50.2,242.0,50.2,228.9,50.2,5.6,1280.0,1000.0,78.0,43.0,83.8,94.0,826
2024-03-19T21:44:40.000000+00:00,242.4,50.2,241.4,50.2,228.9,50.2,5.6,1270.0,990.0,78.0,42.0,83.8,94.0,826
2024-03-19T21:45:40.000000+00:00,241.7,50.1,241.8,50.1,228.9,50.1,5.6,1290.0,1000.0,78.0,43.0,83.8,94.0,826
2024-03-19T21:46:40.000000+00:00,242.1,50.2,242.1,50.2,229.0,50.2,5.6,1270.0,990.0,78.0,42.0,83.8,94.0,826
2024-03-19T21:47:40.000000+00:00,243.1,50.2,242.7,50.2,229.0,50.2,5.6,1270.0,990.0,78.0,42.0,83.8,94.0,826
2024-03-19T21:48:40.000000+00:00,239.4,50.2,240.4,50.2,228.9,50.2,5.6,1270.0,1000.0,79.0,42.0,83.8,94.0,826
2024-03-19T21:49:40.000000+00:00,239.7,50.1,239.7,50.1,228.9,50.1,5.6,1280.0,1000.0,78.0,43.0,83.8,94.0,826
2024-03-19T21:50:40.000000+00:00,239.4,50.1,239.4,50.1,228.9,50.1,5.6,1280.0,990.0,77.0,42.0,83.8,94.0,826
2024-03-19T21:51:40.000000+00:00,239.4,50.2,239.4,50.2,228.9,50.2,5.6,1270.0,990.0,78.0,42.0,83.8,94.0,826
2024-03-19T21:52:40.000000+00:00,240.0,50.3,240.0,50.3,228.9,50.3,5.6,1280.0,1000.0,78.0,43.0,83.8,94.0,826
2024-03-19T21:53:40.000000+00:00,240.1,50.3,241.1,50.3,228.9,50.3,5.5,1270.0,990.0,78.0,42.0,83.8,94.0,826
2024-03-19T21:54:40.000000+00:00,239.9,50.1,239.9,50.1,228.9,50.2,5.5,1270.0,990.0,78.0,43.0,83.8,94.0,826
2024-03-19T21:55:40.000000+00:00,240.9,50.3,240.9,50.3,228.9,50.3,5.5,1270.0,990.0,78.0,42.0,83.8,94.0,826
2024-03-19T21:56:40.000000+00:00,239.9,50.2,239.9,50.2,228.9,50.2,5.6,1290.0,1010.0,78.0,43.0,83.8,94.0,826
2024-03-19T21:57:40.000000+00:00,240.4,50.2,240.4,50.2,228.9,50.2,5.6,1280.0,1000.0,78.0,42.0,83.8,94.0,826
2024-03-19T21:58:40.000000+00:00,241.0,50.1,241.0,50.1,228.9,50.1,5.6,1280.0,990.0,77.0,43.0,83.8,94.0,826
2024-03-19T21:59:40.000000+00:00,240.7,50.1,240.7,50.1,228.9,50.1,5.6,1280.0,990.0,77.0,43.0,83.8,94.0,826
2024-03-19T22:00:40.000000+00:00,241.9,50.1,241.9,50.1,228.9,50.1,5.6,1270.0,990.0,78.0,43.0,83.8,94.0,826
2024-03-19T22:01:40.000000+00:00,241.5,49.9,241.5,49.9,228.9,49.9,5.6,1290.0,1000.0,78.0,43.0,83.8,94.0,826
2024-03-19T22:02:40.000000+00:00,240.0,49.8,240.0,49.8,228.9,49.8,5.7,1300.0,1010.0,78.0,43.0,83.8,94.0,826
2024-03-19T22:03:40.000000+00:00,240.7,50.0,241.2,50.0,228.9,50.0,5.6,1280.0,1000.0,78.0,42.0,83.8,94.0,826
2024-03-19T22:04:41.000000+00:00,240.3,50.0,240.3,50.0,228.9,50.0,5.6,1280.0,1000.0,78.0,43.0,83.8,94.0,827
2024-03-19T22:05:41.000000+00:00,241.2,50.1,241.3,50.1,228.9,50.1,5.6,1270.0,990.0,78.0,42.0,83.8,94.0,827
2024-03-19T22:06:41.000000+00:00,241.4,50.0,241.4,50.0,228.9,50.0,5.6,1280.0,1000.0,78.0,43.0,83.8,94.0,827
2024-03-19T22:07:41.000000+00:00,242.4,50.2,242.0,50.2,228.9,50.2,5.5,1270.0,990.0,78.0,43.0,83.8,94.0,827
2024-03-19T22:08:41.000000+00:00,241.8,50.0,241.8,50.0,228.9,50.0,5.6,1290.0,1000.0,78.0,43.0,83.8,94.0,827
2024-03-19T22:09:41.000000+00:00,242.5,50.3,242.5,50.3,229.0,50.3,5.6,1270.0,990.0,78.0,42.0,83.8,94.0,827
2024-03-19T22:10:41.000000+00:00,242.6,50.3,243.1,50.2,228.9,50.2,5.5,1270.0,990.0,78.0,42.0,83.8,94.0,827
2024-03-19T22:11:41.000000+00:00,243.5,50.3,243.5,50.3,228.9,50.3,5.6,1270.0,1000.0,79.0,42.0,83.8,94.0,827
2024-03-19T22:12:41.000000+00:00,242.4,50.3,242.4,50.3,228.9,50.3,5.6,1270.0,1000.0,79.0,42.0,83.8,94.0,827
2024-03-19T22:13:41.000000+00:00,243.1,50.3,243.2,50.3,228.9,50.3,5.5,1270.0,990.0,78.0,42.0,83.8,94.0,827
2024-03-19T22:14:41.000000+00:00,242.2,50.3,242.3,50.2,228.9,50.3,5.5,1270.0,990.0,78.0,43.0,83.8,94.0,827
2024-03-19T22:15:41.000000+00:00,242.0,50.1,242.0,50.1,228.9,50.1,5.6,1290.0,1000.0,78.0,43.0,83.8,94.0,827
2024-03-19T22:16:41.000000+00:00,241.6,50.1,241.6,50.1,228.9,50.1,5.6,1280.0,1000.0,78.0,42.0,83.8,94.0,827
2024-03-19T22:17:41.000000+00:00,240.9,50.0,240.9,50.0,228.9,50.0,5.6,1280.0,990.0,77.0,43.0,83.8,94.0,827
2024-03-19T22:18:41.000000+00:00,240.9,50.1,241.9,50.1,228.9,50.1,5.6,1280.0,990.0,77.0,43.0,83.8,94.0,827
2024-03-19T22:19:41.000000+00:00,242.0,50.1,242.0,50.1,228.9,50.1,5.6,1280.0,1000.0,78.0,43.0,83.8,94.0,827
2024-03-19T22:20:41.000000+00:00,240.5,50.1,240.5,50.1,228.9,50.1,5.6,1280.0,1000.0,78.0,43.0,83.8,94.0,827
2024-03-19T22:21:41.000000+00:00,238.5,49.8,238.5,49.8,228.9,49.8,5.6,1290.0,1000.0,78.0,43.0,83.8,94.0,827
2024-03-19T22:22:41.000000+00:00,237.7,49.8,237.7,49.8,228.9,49.8,5.6,1290.0,1000.0,78.0,43.0,83.8,94.0,827
2024-03-19T22:23:41.000000+00:00,240.1,50.0,240.1,50.0,228.9,50.1,5.6,1280.0,1000.0,78.0,43.0,83.8,94.0,827
2024-03-19T22:24:41.000000+00:00,240.6,50.2,240.1,50.2,228.9,50.2,5.5,1270.0,990.0,78.0,42.0,83.8,94.0,827
2024-03-19T22:25:41.000000+00:00,241.1,50.3,241.2,50.3,228.9,50.3,5.5,1270.0,990.0,78.0,42.0,83.8,94.0,828
2024-03-19T22:26:41.000000+00:00,241.8,50.3,241.8,50.3,228.9,50.3,5.5,1270.0,990.0,78.0,42.0,83.8,94.0,828
2024-03-19T22:27:41.000000+00:00,241.3,50.3,241.3,50.3,228.9,50.3,5.6,1270.0,990.0,78.0,42.0,83.8,94.0,828
2024-03-19T22:28:41.000000+00:00,240.7,50.3,240.7,50.3,228.9,50.3,5.6,1280.0,1000.0,78.0,42.0,83.8,94.0,828
2024-03-19T22:29:41.000000+00:00,240.2,50.0,240.2,50.0,228.9,50.0,5.6,1280.0,990.0,77.0,43.0,83.8,94.0,828
2024-03-19T22:30:41.000000+00:00,240.0,49.9,240.0,49.9,228.9,49.9,5.6,1280.0,990.0,77.0,43.0,83.8,94.0,828
2024-03-19T22:31:41.000000+00:00,240.7,50.1,240.6,50.1,228.9,50.1,5.5,1270.0,990.0,78.0,42.0,83.8,94.0,828
2024-03-19T22:32:41.000000+00:00,240.3,50.0,240.8,50.0,228.9,50.0,5.6,1280.0,1000.0,78.0,43.0,83.8,94.0,828
2024-03-19T22:33:41.000000+00:00,239.5,50.0,239.5,50.0,228.9,50.0,5.6,1280.0,1000.0,78.0,43.0,83.8,94.0,828
2024-03-19T22:34:41.000000+00:00,240.0,50.2,240.0,50.2,228.9,50.2,5.5,1270.0,990.0,78.0,43.0,83.8,94.0,828
2024-03-19T22:35:41.000000+00:00,240.3,50.1,240.3,50.1,228.9,50.1,5.6,1270.0,990.0,78.0,42.0,83.8,94.0,828
2024-03-19T22:36:41.000000+00:00,240.8,50.3,240.8,50.3,228.9,50.3,5.5,1270.0,990.0,78.0,42.0,83.8,94.0,828
2024-03-19T22:37:41.000000+00:00,241.1,50.3,242.1,50.3,228.9,50.3,5.5,1260.0,990.0,79.0,42.0,83.8,94.0,828
2024-03-19T22:38:41.000000+00:00,239.7,50.1,240.2,50.1,228.9,50.1,5.6,1290.0,1000.0,78.0,43.0,83.8,94.0,828
2024-03-19T22:39:41.000000+00:00,240.3,49.9,240.4,49.9,228.9,49.9,5.6,1290.0,1000.0,78.0,43.0,83.8,94.0,828
2024-03-19T22:40:41.000000+00:00,240.3,50.0,240.8,50.0,228.9,50.0,5.6,1290.0,1000.0,78.0,43.0,83.8,94.0,828
2024-03-19T22:41:41.000000+00:00,240.5,50.1,240.1,50.1,228.9,50.1,5.6,1280.0,990.0,77.0,43.0,83.8,94.0,828
2024-03-19T22:42:41.000000+00:00,240.5,50.1,240.5,50.1,228.9,50.1,5.6,1280.0,990.0,77.0,43.0,83.8,94.0,828
2024-03-19T22:43:41.000000+00:00,240.8,50.2,241.7,50.2,228.9,50.2,5.6,1270.0,990.0,78.0,42.0,83.8,94.0,828
2024-03-19T22:44:41.000000+00:00,241.3,50.3,241.3,50.3,228.9,50.3,5.5,1260.0,990.0,79.0,42.0,83.8,94.0,828
2024-03-19T22:45:41.000000+00:00,241.8,50.2,241.8,50.2,228.9,50.2,5.5,1270.0,990.0,78.0,43.0,83.8,94.0,829
2024-03-19T22:46:41.000000+00:00,240.8,50.0,240.8,50.0,228.9,50.0,5.6,1290.0,1000.0,78.0,43.0,83.8,94.0,829
2024-03-19T22:47:41.000000+00:00,241.0,50.1,241.5,50.1,229.0,50.1,5.6,1270.0,990.0,78.0,42.0,83.8,94.0,829
2024-03-19T22:48:41.000000+00:00,239.9,50.1,239.9,50.1,228.9,50.1,5.6,1280.0,990.0,77.0,43.0,83.8,94.0,829
2024-03-19T22:49:41.000000+00:00,240.2,50.1,240.7,50.1,228.9,50.1,5.6,1280.0,1000.0,78.0,43.0,83.8,94.0,829
2024-03-19T22:50:41.000000+00:00,240.9,50.0,240.0,50.0,228.9,50.0,5.6,1280.0,990.0,77.0,43.0,83.8,94.0,829
2024-03-19T22:51:41.000000+00:00,240.9,50.1,240.9,50.1,228.9,50.2,5.6,1280.0,1000.0,78.0,43.0,83.8,94.0,829
2024-03-19T22:52:41.000000+00:00,241.2,50.0,241.2,50.0,228.9,50.0,5.6,1280.0,1000.0,78.0,43.0,83.8,94.0,829
2024-03-19T22:53:41.000000+00:00,242.3,50.3,241.9,50.3,228.9,50.3,5.6,1280.0,1000.0,78.0,43.0,83.8,94.0,829
2024-03-19T22:54:41.000000+00:00,241.1,50.2,242.1,50.2,228.9,50.2,5.5,1270.0,990.0,78.0,43.0,83.8,94.0,829
2024-03-19T22:55:41.000000+00:00,241.2,50.2,241.2,50.2,228.9,50.2,5.5,1270.0,990.0,78.0,42.0,83.8,94.0,829
2024-03-19T22:56:41.000000+00:00,240.5,50.2,240.5,50.2,228.9,50.2,5.6,1280.0,1000.0,78.0,43.0,83.8,94.0,829
2024-03-19T22:57:41.000000+00:00,240.6,50.2,241.6,50.2,228.9,50.2,5.6,1270.0,990.0,78.0,43.0,83.8,94.0,829
2024-03-19T22:58:41.000000+00:00,241.8,50.2,241.8,50.2,228.9,50.3,5.6,1270.0,1000.0,79.0,42.0,83.8,94.0,829
2024-03-19T22:59:41.000000+00:00,242.1,50.3,242.0,50.3,228.9,50.3,5.5,1270.0,990.0,78.0,42.0,83.8,94.0,829
2024-03-19T23:00:41.000000+00:00,242.3,50.3,242.3,50.3,228.9,50.3,5.5,1270.0,990.0,78.0,42.0,83.8,94.0,829
2024-03-19T23:01:41.000000+00:00,241.0,50.1,241.1,50.1,228.9,50.1,5.5,1270.0,990.0,78.0,43.0,83.8,94.0,829
2024-03-19T23:02:42.000000+00:00,240.5,50.0,240.5,50.0,228.9,50.0,5.6,1280.0,990.0,77.0,43.0,83.8,94.0,829
2024-03-19T23:03:42.000000+00:00,239.9,49.9,240.3,49.9,228.9,49.9,5.6,1280.0,990.0,77.0,43.0,83.8,94.0,829
2024-03-19T23:04:42.000000+00:00,240.2,49.8,239.4,49.8,228.9,49.8,5.7,1300.0,1000.0,77.0,43.0,83.8,94.0,829
2024-03-19T23:05:42.000000+00:00,238.9,49.7,238.9,49.7,228.9,49.7,5.6,1300.0,1000.0,77.0,43.0,83.8,94.0,829
2024-03-19T23:06:42.000000+00:00,240.0,49.8,240.1,49.8,228.9,49.8,5.6,1290.0,990.0,77.0,43.0,83.8,94.0,830
2024-03-19T23:07:42.000000+00:00,239.7,49.9,239.7,49.9,228.9,49.9,5.6,1290.0,990.0,77.0,43.0,83.8,94.0,830
2024-03-19T23:08:42.000000+00:00,240.6,49.9,240.6,50.0,228.9,50.0,5.6,1290.0,1010.0,78.0,43.0,83.8,94.0,830
2024-03-19T23:09:42.000000+00:00,241.0,50.1,240.5,50.1,228.9,50.1,5.6,1280.0,990.0,77.0,43.0,83.8,94.0,830
2024-03-19T23:10:42.000000+00:00,240.6,50.0,240.6,50.0,228.9,50.0,5.6,1280.0,990.0,77.0,43.0,83.8,94.0,830
2024-03-19T23:11:42.000000+00:00,241.5,50.2,241.5,50.2,228.9,50.3,5.6,1270.0,1000.0,79.0,42.0,83.8,94.0,830
2024-03-19T23:12:42.000000+00:00,241.1,50.2,241.5,50.2,228.9,50.2,5.6,1280.0,1000.0,78.0,43.0,83.8,94.0,830
2024-03-19T23:13:42.000000+00:00,241.4,50.3,241.5,50.3,228.9,50.3,5.5,1270.0,990.0,78.0,42.0,83.8,94.0,830
2024-03-19T23:14:42.000000+00:00,241.6,50.3,241.0,50.3,228.9,50.3,5.6,1270.0,1000.0,79.0,42.0,83.8,94.0,830
2024-03-19T23:15:42.000000+00:00,242.9,50.3,241.9,50.3,228.9,50.3,5.5,1260.0,990.0,79.0,42.0,83.8,94.0,830
2024-03-19T23:16:42.000000+00:00,242.1,50.3,242.4,50.3,228.9,50.3,5.5,1270.0,990.0,78.0,42.0,83.8,94.0,830
2024-03-19T23:17:42.000000+00:00,242.1,50.3,243.1,50.3,228.9,50.3,5.5,1270.0,1000.0,79.0,42.0,83.8,94.0,830
2024-03-19T23:18:42.000000+00:00,242.4,50.3,243.3,50.3,228.9,50.3,5.5,1270.0,990.0,78.0,42.0,83.8,94.0,830
2024-03-19T23:19:42.000000+00:00,242.7,50.1,242.7,50.1,228.9,50.1,5.6,1270.0,990.0,78.0,43.0,83.8,94.0,830
2024-03-19T23:20:42.000000+00:00,242.0,50.1,241.1,50.1,228.9,50.1,5.6,1280.0,990.0,77.0,43.0,83.8,94.0,830
2024-03-19T23:21:42.000000+00:00,241.0,50.0,241.0,50.0,228.9,50.0,5.6,1280.0,1000.0,78.0,43.0,83.8,94.0,830
2024-03-19T23:22:42.000000+00:00,241.2,50.0,241.2,50.0,228.9,50.0,5.6,1290.0,1000.0,78.0,43.0,83.8,94.0,830
2024-03-19T23:23:42.000000+00:00,241.3,50.0,241.3,50.0,228.9,49.9,5.6,1290.0,1000.0,78.0,43.0,83.8,94.0,830
2024-03-19T23:24:42.000000+00:00,241.5,50.0,241.5,50.0,228.9,50.0,5.6,1280.0,990.0,77.0,43.0,83.8,94.0,830
2024-03-19T23:25:42.000000+00:00,242.6,50.1,242.6,50.2,228.9,50.2,5.5,1270.0,990.0,78.0,43.0,83.8,94.0,830
2024-03-19T23:26:42.000000+00:00,241.9,50.2,241.9,50.2,228.9,50.2,5.6,1280.0,1000.0,78.0,42.0,83.8,94.0,830
2024-03-19T23:27:42.000000+00:00,242.3,50.1,242.3,50.1,228.9,50.1,5.6,1290.0,1000.0,78.0,43.0,83.8,94.0,831
2024-03-19T23:28:42.000000+00:00,240.6,49.9,241.5,49.9,228.9,49.9,5.6,1280.0,990.0,77.0,43.0,83.8,94.0,831
2024-03-19T23:29:42.000000+00:00,241.3,50.0,241.7,50.0,228.9,50.0,5.6,1280.0,990.0,77.0,43.0,83.8,94.0,831
2024-03-19T23:30:42.000000+00:00,240.8,49.8,241.2,49.8,228.9,49.8,5.7,1290.0,1000.0,78.0,43.0,83.8,94.0,831
2024-03-19T23:31:42.000000+00:00,241.7,50.0,241.7,50.0,228.9,50.0,5.6,1280.0,1000.0,78.0,43.0,83.8,94.0,831
2024-03-19T23:32:42.000000+00:00,242.4,50.2,242.4,50.2,228.9,50.2,5.5,1270.0,990.0,78.0,42.0,83.8,94.0,831
2024-03-19T23:33:42.000000+00:00,242.6,50.2,242.1,50.2,229.0,50.2,5.6,1280.0,1000.0,78.0,42.0,83.8,94.0,831
2024-03-19T23:34:42.000000+00:00,241.8,50.1,241.8,50.1,228.9,50.1,5.6,1280.0,1000.0,78.0,43.0,83.8,94.0,831
2024-03-19T23:35:42.000000+00:00,241.1,50.1,242.1,50.1,228.9,50.1,5.6,1280.0,990.0,77.0,43.0,83.8,94.0,831
2024-03-19T23:36:42.000000+00:00,243.0,50.2,242.1,50.2,229.0,50.2,5.6,1280.0,1000.0,78.0,42.0,83.8,94.0,831
2024-03-19T23:37:42.000000+00:00,242.1,50.1,242.1,50.1,228.9,50.1,5.6,1280.0,990.0,77.0,43.0,83.8,94.0,831
2024-03-19T23:38:42.000000+00:00,242.1,50.1,242.1,50.1,229.0,50.1,5.6,1280.0,1000.0,78.0,43.0,83.8,94.0,831
2024-03-19T23:39:42.000000+00:00,242.5,50.1,241.5,50.1,228.9,50.1,5.6,1290.0,1000.0,78.0,43.0,83.8,94.0,831
2024-03-19T23:40:42.000000+00:00,242.0,50.1,242.0,50.1,228.9,50.1,5.6,1290.0,1000.0,78.0,43.0,83.8,94.0,831
2024-03-19T23:41:42.000000+00:00,242.2,50.1,242.7,50.1,228.9,50.1,5.6,1280.0,1000.0,78.0,43.0,83.8,94.0,831
2024-03-19T23:42:42.000000+00:00,243.5,50.2,242.9,50.2,228.9,50.2,5.6,1280.0,1000.0,78.0,43.0,83.8,94.0,831
2024-03-19T23:43:42.000000+00:00,243.1,50.0,242.6,50.0,228.9,50.0,5.6,1280.0,990.0,77.0,43.0,83.8,94.0,831
2024-03-19T23:44:42.000000+00:00,243.0,50.0,243.0,50.0,228.9,50.0,5.6,1280.0,990.0,77.0,43.0,83.9,94.0,831
2024-03-19T23:45:42.000000+00:00,241.4,49.9,241.4,49.9,228.9,49.9,5.6,1280.0,990.0,77.0,43.0,83.8,94.0,831
2024-03-19T23:46:42.000000+00:00,241.8,50.1,241.8,50.1,228.9,50.1,5.6,1290.0,1000.0,78.0,43.0,83.8,94.0,831
2024-03-19T23:47:42.000000+00:00,241.8,49.9,241.4,49.9,229.0,49.9,5.6,1280.0,990.0,77.0,43.0,83.8,94.0,831
2024-03-19T23:48:42.000000+00:00,241.8,50.0,241.4,50.0,228.9,50.0,5.6,1270.0,990.0,78.0,43.0,83.8,94.0,832
2024-03-19T23:49:42.000000+00:00,241.6,50.0,241.6,50.0,228.9,50.0,5.6,1290.0,1000.0,78.0,43.0,83.8,94.0,832
2024-03-19T23:50:42.000000+00:00,242.6,50.2,243.1,50.2,228.9,50.2,5.6,1280.0,1000.0,78.0,43.0,83.8,94.0,832
2024-03-19T23:51:42.000000+00:00,241.7,50.0,241.7,50.0,228.9,50.0,5.6,1290.0,1010.0,78.0,43.0,83.8,94.0,832
2024-03-19T23:52:42.000000+00:00,241.9,50.0,241.9,50.0,228.9,50.0,5.6,1290.0,1000.0,78.0,43.0,83.8,94.0,832
2024-03-19T23:53:42.000000+00:00,242.3,50.0,241.8,50.0,228.9,50.0,5.7,1300.0,1010.0,78.0,43.0,83.8,94.0,832
2024-03-19T23:54:42.000000+00:00,240.9,49.7,240.9,49.7,228.9,49.7,5.7,1300.0,1000.0,77.0,44.0,83.8,95.0,832
2024-03-19T23:55:42.000000+00:00,241.0,49.9,241.0,49.9,228.9,49.9,5.6,1300.0,1010.0,78.0,43.0,83.8,95.0,832
2024-03-19T23:56:42.000000+00:00,241.8,50.0,241.8,50.0,229.0,50.0,5.6,1290.0,1000.0,78.0,43.0,83.8,95.0,832
2024-03-19T23:57:43.000000+00:00,242.0,50.1,242.0,50.1,229.0,50.1,5.6,1290.0,1010.0,78.0,43.0,83.8,95.0,832
2024-03-19T23:58:43.000000+00:00,242.3,50.1,242.3,50.1,228.9,50.1,5.6,1280.0,1000.0,78.0,43.0,83.8,95.0,832
2024-03-19T23:59:43.000000+00:00,242.0,50.1,242.1,50.1,228.9,50.1,5.6,1280.0,990.0,77.0,42.0,83.8,95.0,832
2024-03-20T00:00:43.000000+00:00,241.4,50.0,241.4,50.0,228.9,50.0,5.7,1300.0,1010.0,78.0,44.0,83.8,95.0,832
2024-03-20T00:01:43.000000+00:00,241.6,50.0,241.5,50.0,228.9,50.0,5.7,1300.0,1020.0,78.0,44.0,83.8,95.0,820
2024-03-20T00:02:43.000000+00:00,240.7,49.8,241.1,49.8,228.9,49.8,5.7,1310.0,1020.0,78.0,43.0,83.8,95.0,820
2024-03-20T00:03:43.000000+00:00,242.7,50.0,242.7,50.0,228.9,50.0,5.7,1300.0,1010.0,78.0,43.0,83.8,95.0,820
2024-03-20T00:04:43.000000+00:00,241.7,50.0,241.7,50.0,228.9,50.0,5.7,1310.0,1020.0,78.0,43.0,83.8,95.0,820
2024-03-20T00:05:43.000000+00:00,241.7,49.9,241.2,49.9,228.9,49.9,5.7,1300.0,1010.0,78.0,44.0,83.8,95.0,820
2024-03-20T00:06:43.000000+00:00,241.3,49.9,241.3,49.9,228.9,49.9,5.7,1310.0,1020.0,78.0,44.0,83.8,95.0,821
2024-03-20T00:07:43.000000+00:00,241.9,49.8,241.4,49.8,228.9,49.8,5.7,1310.0,1010.0,77.0,44.0,83.8,95.0,821
2024-03-20T00:08:43.000000+00:00,242.0,49.9,241.2,49.9,228.9,49.9,5.7,1310.0,1020.0,78.0,43.0,83.9,95.0,821
2024-03-20T00:09:43.000000+00:00,241.6,49.9,241.6,49.9,228.9,49.9,5.7,1300.0,1020.0,78.0,44.0,83.8,95.0,821
2024-03-20T00:10:43.000000+00:00,240.8,49.7,240.8,49.7,228.9,49.7,5.7,1310.0,1020.0,78.0,44.0,83.8,95.0,821
2024-03-20T00:11:43.000000+00:00,241.9,49.9,240.9,49.9,229.0,49.9,5.7,1310.0,1020.0,78.0,44.0,83.8,95.0,821
2024-03-20T00:12:43.000000+00:00,240.9,49.8,240.9,49.8,228.9,49.8,5.8,1320.0,1030.0,78.0,43.0,83.8,95.0,821
2024-03-20T00:13:43.000000+00:00,240.0,49.7,241.0,49.7,228.9,49.7,5.8,1320.0,1020.0,77.0,44.0,83.8,95.0,821
2024-03-20T00:14:43.000000+00:00,240.8,49.8,240.3,49.8,228.9,49.8,5.7,1310.0,1010.0,77.0,44.0,83.8,95.0,821
2024-03-20T00:15:43.000000+00:00,239.9,49.7,239.9,49.7,228.9,49.7,5.8,1320.0,1020.0,77.0,44.0,83.8,95.0,821
2024-03-20T00:16:43.000000+00:00,240.4,49.8,240.9,49.8,228.9,49.8,5.8,1320.0,1030.0,78.0,44.0,83.8,95.0,821
2024-03-20T00:17:43.000000+00:00,241.6,49.9,241.1,49.9,228.9,49.9,5.7,1310.0,1020.0,78.0,43.0,83.8,95.0,821
2024-03-20T00:18:43.000000+00:00,242.2,50.2,241.8,50.2,228.9,50.2,5.7,1300.0,1020.0,78.0,43.0,83.8,95.0,821
2024-03-20T00:19:43.000000+00:00,241.6,50.1,241.6,50.1,228.9,50.1,5.7,1300.0,1020.0,78.0,43.0,83.8,95.0,833
2024-03-20T00:20:43.000000+00:00,241.6,50.1,242.2,50.1,228.9,50.1,5.6,1290.0,1010.0,78.0,43.0,83.8,95.0,833
2024-03-20T00:21:43.000000+00:00,242.6,50.1,242.2,50.1,228.9,50.1,5.6,1280.0,1000.0,78.0,43.0,83.8,95.0,833
2024-03-20T00:22:43.000000+00:00,241.8,50.0,242.3,50.0,228.9,50.0,5.6,1290.0,1010.0,78.0,43.0,83.8,95.0,833
2024-03-20T00:23:43.000000+00:00,242.8,50.1,242.8,50.1,228.9,50.1,5.6,1280.0,990.0,77.0,43.0,83.8,95.0,833
2024-03-20T00:24:43.000000+00:00,242.1,50.2,243.0,50.2,228.9,50.2,5.6,1280.0,1010.0,78.0,43.0,83.8,95.0,833
2024-03-20T00:25:43.000000+00:00,242.7,50.1,242.7,50.1,229.0,50.1,5.6,1290.0,1000.0,78.0,43.0,83.8,95.0,833
2024-03-20T00:26:43.000000+00:00,242.4,50.1,242.4,50.1,228.9,50.1,5.6,1290.0,1010.0,78.0,43.0,83.8,95.0,833
2024-03-20T00:27:43.000000+00:00,241.9,50.0,241.9,50.0,228.9,50.0,5.7,1300.0,1010.0,78.0,43.0,83.9,95.0,833
2024-03-20T00:28:43.000000+00:00,241.8,49.9,241.8,49.9,228.9,49.9,5.7,1300.0,1010.0,78.0,43.0,83.8,95.0,833
2024-03-20T00:29:43.000000+00:00,241.4,50.0,241.0,50.0,228.9,50.0,5.6,1290.0,1000.0,78.0,43.0,83.8,95.0,834
2024-03-20T00:30:43.000000+00:00,241.9,50.0,242.3,50.0,228.9,50.0,5.6,1290.0,1000.0,78.0,43.0,83.8,95.0,834
2024-03-20T00:31:43.000000+00:00,242.7,50.0,242.7,50.0,228.9,50.0,5.6,1290.0,1000.0,78.0,43.0,83.8,95.0,834
2024-03-20T00:32:43.000000+00:00,243.6,50.2,243.7,50.2,229.0,50.2,5.6,1280.0,1000.0,78.0,42.0,83.8,95.0,834
2024-03-20T00:33:43.000000+00:00,242.5,50.0,243.1,50.0,229.0,50.0,5.6,1290.0,1000.0,78.0,43.0,83.8,95.0,834
2024-03-20T00:34:43.000000+00:00,243.3,50.1,242.8,50.1,228.9,50.1,5.6,1280.0,1000.0,78.0,43.0,83.8,95.0,834
2024-03-20T00:35:43.000000+00:00,243.4,50.1,243.4,50.1,229.0,50.1,5.6,1280.0,1000.0,78.0,42.0,83.8,95.0,834
2024-03-20T00:36:43.000000+00:00,243.8,50.1,243.3,50.1,228.9,50.1,5.6,1280.0,1000.0,78.0,43.0,83.8,95.0,834
2024-03-20T00:37:43.000000+00:00,242.7,50.1,242.7,50.1,228.9,50.1,5.6,1280.0,1000.0,78.0,43.0,83.9,95.0,834
2024-03-20T00:38:43.000000+00:00,243.1,50.1,243.1,50.1,228.9,50.1,5.6,1280.0,1000.0,78.0,43.0,83.8,95.0,834
2024-03-20T00:39:43.000000+00:00,242.3,50.1,242.3,50.1,228.9,50.1,5.6,1290.0,1000.0,78.0,43.0,83.8,95.0,834
2024-03-20T00:40:43.000000+00:00,242.4,50.0,242.4,50.0,228.9,50.0,5.6,1290.0,1000.0,78.0,43.0,83.8,95.0,834
2024-03-20T00:41:43.000000+00:00,242.9,50.1,242.9,50.1,228.9,50.1,5.6,1280.0,1000.0,78.0,43.0,83.8,95.0,834
2024-03-20T00:42:43.000000+00:00,241.9,50.1,241.9,50.1,229.0,50.1,5.6,1280.0,1000.0,78.0,43.0,83.9,95.0,834
2024-03-20T00:43:43.000000+00:00,242.5,50.0,242.0,50.0,228.9,50.0,5.6,1280.0,1000.0,78.0,43.0,83.8,95.0,834
2024-03-20T00:44:43.000000+00:00,242.3,49.9,242.3,49.9,228.9,49.9,5.6,1290.0,1000.0,78.0,43.0,83.8,95.0,834
2024-03-20T00:45:43.000000+00:00,242.6,50.1,242.6,50.1,228.9,50.1,5.6,1290.0,1010.0,78.0,43.0,83.8,95.0,834
2024-03-20T00:46:43.000000+00:00,243.0,50.2,243.0,50.2,228.9,50.2,5.6,1280.0,1000.0,78.0,43.0,83.8,95.0,834
2024-03-20T00:47:44.000000+00:00,242.8,50.1,242.8,50.1,228.9,50.1,5.6,1280.0,1000.0,78.0,43.0,83.8,95.0,834
2024-03-20T00:48:44.000000+00:00,243.0,50.2,243.4,50.2,228.9,50.2,5.6,1280.0,1000.0,78.0,43.0,83.8,95.0,834
2024-03-20T00:49:44.000000+00:00,243.6,50.2,244.0,50.2,229.0,50.2,5.6,1280.0,1000.0,78.0,43.0,83.8,95.0,834
2024-03-20T00:50:44.000000+00:00,239.9,50.3,239.9,50.3,228.9,50.3,5.5,1270.0,990.0,78.0,42.0,83.9,95.0,835
2024-03-20T00:51:44.000000+00:00,240.1,50.2,239.6,50.2,228.9,50.2,5.5,1270.0,990.0,78.0,42.0,83.9,95.0,835
2024-03-20T00:52:44.000000+00:00,239.6,50.1,239.6,50.1,228.9,50.1,5.6,1280.0,1000.0,78.0,42.0,83.9,95.0,835
2024-03-20T00:53:44.000000+00:00,240.3,50.3,240.8,50.3,228.9,50.3,5.6,1280.0,1000.0,78.0,42.0,83.8,95.0,835
2024-03-20T00:54:44.000000+00:00,239.8,50.3,239.8,50.3,228.9,50.3,5.5,1270.0,1000.0,79.0,42.0,83.8,95.0,835
2024-03-20T00:55:44.000000+00:00,240.3,50.3,240.6,50.3,228.9,50.3,5.5,1260.0,990.0,79.0,42.0,83.9,95.0,835
2024-03-20T00:56:44.000000+00:00,239.1,50.2,239.1,50.2,228.9,50.2,5.6,1280.0,1000.0,78.0,42.0,83.8,95.0,835
2024-03-20T00:57:44.000000+00:00,239.0,50.1,239.0,50.1,228.9,50.1,5.6,1280.0,1000.0,78.0,43.0,83.9,95.0,835
2024-03-20T00:58:44.000000+00:00,239.6,50.3,239.6,50.3,228.9,50.3,5.6,1270.0,1000.0,79.0,42.0,83.8,95.0,835
2024-03-20T00:59:44.000000+00:00,239.2,50.1,239.2,50.1,228.9,50.1,5.6,1280.0,990.0,77.0,43.0,83.8,95.0,835
2024-03-20T01:00:44.000000+00:00,239.8,50.2,238.9,50.2,228.9,50.2,5.6,1280.0,1000.0,78.0,42.0,83.9,95.0,835
2024-03-20T01:01:44.000000+00:00,239.9,50.2,239.4,50.2,228.9,50.2,5.6,1280.0,1000.0,78.0,42.0,83.9,95.0,835
2024-03-20T01:02:44.000000+00:00,239.1,50.1,239.1,50.1,228.9,50.1,5.6,1280.0,990.0,77.0,43.0,83.8,95.0,835
2024-03-20T01:03:44.000000+00:00,238.8,50.2,238.8,50.2,228.9,50.2,5.5,1270.0,990.0,78.0,42.0,83.8,95.0,835
2024-03-20T01:04:44.000000+00:00,239.4,50.3,239.3,50.3,228.9,50.3,5.6,1280.0,1000.0,78.0,43.0,83.8,95.0,835
2024-03-20T01:05:44.000000+00:00,238.7,50.1,238.7,50.1,228.9,50.1,5.6,1280.0,1000.0,78.0,43.0,83.9,95.0,835
2024-03-20T01:06:44.000000+00:00,239.2,50.1,239.1,50.1,228.9,50.1,5.6,1280.0,1000.0,78.0,43.0,83.9,95.0,835
2024-03-20T01:07:44.000000+00:00,239.0,50.1,238.1,50.1,228.9,50.1,5.6,1280.0,1000.0,78.0,43.0,83.9,95.0,835
2024-03-20T01:08:44.000000+00:00,238.6,50.0,238.6,50.0,228.9,50.0,5.6,1280.0,990.0,77.0,43.0,83.9,95.0,835
2024-03-20T01:09:44.000000+00:00,238.8,50.2,238.7,50.2,228.9,50.2,5.6,1280.0,1000.0,78.0,42.0,83.8,95.0,835
2024-03-20T01:10:44.000000+00:00,238.5,50.3,238.5,50.3,228.9,50.3,5.6,1280.0,1000.0,78.0,42.0,83.9,95.0,835
2024-03-20T01:11:44.000000+00:00,238.6,50.1,238.7,50.1,228.9,50.1,5.6,1270.0,990.0,78.0,43.0,83.8,95.0,836
2024-03-20T01:12:44.000000+00:00,238.3,50.1,238.3,50.1,228.9,50.1,5.6,1280.0,990.0,77.0,43.0,83.8,95.0,836
2024-03-20T01:13:44.000000+00:00,238.8,50.1,238.4,50.1,228.9,50.1,5.6,1280.0,990.0,77.0,43.0,83.9,95.0,836
2024-03-20T01:14:44.000000+00:00,239.4,50.0,238.6,50.0,228.9,50.0,5.6,1280.0,1000.0,78.0,43.0,83.9,95.0,836
2024-03-20T01:15:44.000000+00:00,239.3,50.1,239.8,50.1,228.9,50.1,5.6,1280.0,1000.0,78.0,43.0,83.9,95.0,836
2024-03-20T01:16:44.000000+00:00,238.2,49.9,238.0,49.9,228.9,49.9,5.6,1280.0,1000.0,78.0,43.0,83.8,95.0,836
2024-03-20T01:17:44.000000+00:00,238.6,50.1,239.5,50.1,228.9,50.1,5.6,1280.0,1000.0,78.0,43.0,83.9,95.0,836
2024-03-20T01:18:44.000000+00:00,238.3,49.9,238.3,49.9,228.9,49.9,5.6,1290.0,1000.0,78.0,43.0,83.9,95.0,836
2024-03-20T01:19:44.000000+00:00,238.2,50.0,238.1,50.0,228.9,50.0,5.6,1290.0,1000.0,78.0,43.0,83.9,95.0,836
2024-03-20T01:20:44.000000+00:00,237.8,49.9,237.8,49.9,228.9,49.9,5.6,1290.0,1000.0,78.0,43.0,83.9,95.0,836
2024-03-20T01:21:44.000000+00:00,238.8,50.1,238.8,50.1,228.9,50.1,5.6,1280.0,990.0,77.0,43.0,83.9,95.0,836
2024-03-20T01:22:44.000000+00:00,239.0,50.0,239.0,50.0,228.9,50.0,5.6,1290.0,1000.0,78.0,43.0,83.8,95.0,836
2024-03-20T01:23:44.000000+00:00,237.9,50.0,238.3,50.0,228.9,50.0,5.6,1290.0,1000.0,78.0,43.0,83.9,95.0,836
2024-03-20T01:24:44.000000+00:00,236.7,49.8,237.7,49.8,228.9,49.8,5.7,1300.0,1000.0,77.0,43.0,83.9,95.0,836
2024-03-20T01:25:44.000000+00:00,238.1,50.0,238.1,50.0,228.9,50.0,5.6,1290.0,1000.0,78.0,43.0,83.9,95.0,836
2024-03-20T01:26:44.000000+00:00,239.3,50.1,239.4,50.1,228.9,50.1,5.6,1270.0,990.0,78.0,43.0,83.9,95.0,836
2024-03-20T01:27:44.000000+00:00,238.9,50.0,238.9,50.0,228.9,50.0,5.6,1290.0,1000.0,78.0,43.0,83.9,95.0,836
2024-03-20T01:28:44.000000+00:00,238.4,50.0,237.9,50.0,228.9,50.0,5.6,1290.0,1000.0,78.0,43.0,83.9,95.0,836
2024-03-20T01:29:44.000000+00:00,238.5,50.1,238.5,50.1,228.9,50.1,5.6,1280.0,1000.0,78.0,43.0,83.8,95.0,836
2024-03-20T01:30:44.000000+00:00,237.3,49.7,237.2,49.7,228.9,49.7,5.6,1290.0,1000.0,78.0,43.0,83.9,95.0,836
2024-03-20T01:31:44.000000+00:00,238.4,50.0,238.4,50.0,228.9,50.0,5.6,1280.0,990.0,77.0,43.0,83.9,95.0,837
2024-03-20T01:32:44.000000+00:00,237.9,50.0,237.9,50.0,228.9,50.0,5.6,1280.0,1000.0,78.0,43.0,83.9,95.0,837
2024-03-20T01:33:45.000000+00:00,237.4,49.9,237.4,49.9,228.9,49.9,5.6,1290.0,990.0,77.0,43.0,83.9,95.0,837
2024-03-20T01:34:45.000000+00:00,236.6,49.8,237.5,49.8,228.9,49.8,5.6,1290.0,990.0,77.0,43.0,83.9,95.0,837
2024-03-20T01:35:45.000000+00:00,236.0,49.7,236.0,49.7,228.9,49.7,5.7,1310.0,1010.0,77.0,44.0,83.9,95.0,837
2024-03-20T01:36:45.000000+00:00,236.8,49.7,236.0,49.7,228.9,49.7,5.7,1300.0,1000.0,77.0,43.0,83.9,95.0,837
2024-03-20T01:37:45.000000+00:00,236.5,49.7,236.8,49.7,228.9,49.7,5.7,1300.0,1000.0,77.0,43.0,83.9,95.0,837
2024-03-20T01:38:45.000000+00:00,236.6,49.7,236.3,49.7,228.9,49.7,5.7,1310.0,1010.0,77.0,44.0,83.9,95.0,837
2024-03-20T01:39:45.000000+00:00,236.2,49.7,236.2,49.7,228.9,49.7,5.6,1290.0,1000.0,78.0,43.0,83.9,95.0,837
2024-03-20T01:40:45.000000+00:00,236.5,49.8,236.4,49.8,228.9,49.8,5.7,1300.0,1000.0,77.0,43.0,83.9,95.0,837
2024-03-20T01:41:45.000000+00:00,237.0,49.8,237.4,49.8,228.9,49.8,5.6,1290.0,1000.0,78.0,43.0,83.9,95.0,837
2024-03-20T01:42:45.000000+00:00,236.8,49.8,236.7,49.8,228.9,49.8,5.7,1300.0,1010.0,78.0,43.0,83.9,95.0,837
2024-03-20T01:43:45.000000+00:00,236.0,49.7,235.9,49.7,228.9,49.7,5.6,1290.0,1000.0,78.0,43.0,83.9,95.0,837
2024-03-20T01:44:45.000000+00:00,237.8,50.1,237.8,50.1,228.9,50.1,5.6,1280.0,990.0,77.0,43.0,83.9,95.0,837
2024-03-20T01:45:45.000000+00:00,237.1,50.2,237.1,50.2,228.9,50.2,5.6,1280.0,1000.0,78.0,43.0,83.9,95.0,837
2024-03-20T01:46:45.000000+00:00,237.5,50.0,237.0,50.0,228.9,50.0,5.6,1280.0,990.0,77.0,43.0,83.9,95.0,837
2024-03-20T01:47:45.000000+00:00,237.6,49.9,236.7,49.9,228.9,49.9,5.6,1290.0,1000.0,78.0,43.0,83.9,95.0,837
2024-03-20T01:48:45.000000+00:00,236.8,49.8,236.3,49.8,228.9,49.8,5.6,1290.0,1000.0,78.0,43.0,83.9,95.0,837
2024-03-20T01:49:45.000000+00:00,236.4,49.9,236.4,49.9,228.9,49.9,5.6,1290.0,1000.0,78.0,43.0,83.9,95.0,837
2024-03-20T01:50:45.000000+00:00,237.8,50.0,237.8,50.0,228.9,50.0,5.6,1280.0,990.0,77.0,43.0,83.9,95.0,837
2024-03-20T01:51:45.000000+00:00,236.4,49.8,236.4,49.8,228.9,49.8,5.6,1290.0,1000.0,78.0,43.0,83.9,95.0,837
2024-03-20T01:52:45.000000+00:00,239.6,49.9,239.7,49.9,228.9,49.9,5.6,1290.0,1000.0,78.0,43.0,83.9,95.0,838
2024-03-20T01:53:45.000000+00:00,240.5,50.1,240.5,50.1,228.9,50.1,5.6,1280.0,990.0,77.0,43.0,83.9,95.0,838
2024-03-20T01:54:45.000000+00:00,241.8,50.2,240.9,50.2,228.9,50.2,5.6,1280.0,1000.0,78.0,43.0,83.9,95.0,838
2024-03-20T01:55:45.000000+00:00,241.6,50.2,241.6,50.2,228.9,50.2,5.5,1270.0,990.0,78.0,43.0,83.9,95.0,838
2024-03-20T01:56:45.000000+00:00,240.9,50.2,240.9,50.2,228.9,50.2,5.5,1270.0,990.0,78.0,42.0,83.9,95.0,838
2024-03-20T01:57:45.000000+00:00,240.9,50.2,240.9,50.2,228.9,50.2,5.6,1280.0,1000.0,78.0,43.0,83.9,95.0,838
2024-03-20T01:58:45.000000+00:00,242.1,50.3,242.1,50.3,228.9,50.3,5.5,1270.0,990.0,78.0,42.0,83.9,95.0,838
2024-03-20T01:59:45.000000+00:00,240.6,50.1,240.6,50.1,228.9,50.1,5.6,1280.0,1000.0,78.0,43.0,83.9,95.0,838
2024-03-20T02:00:45.000000+00:00,241.2,50.2,241.2,50.2,228.9,50.1,5.6,1290.0,1010.0,78.0,42.0,83.9,95.0,838
2024-03-20T02:01:45.000000+00:00,240.4,50.1,240.4,50.1,228.9,50.1,5.5,1270.0,990.0,78.0,43.0,83.9,95.0,838
2024-03-20T02:02:45.000000+00:00,239.3,50.0,239.3,50.0,228.9,50.0,5.6,1290.0,1000.0,78.0,43.0,83.9,95.0,838
2024-03-20T02:03:45.000000+00:00,238.3,49.8,238.3,49.8,228.9,49.8,5.7,1300.0,1010.0,78.0,43.0,83.9,95.0,838
2024-03-20T02:04:45.000000+00:00,237.4,49.7,237.3,49.7,228.9,49.7,5.7,1300.0,1010.0,78.0,43.0,83.9,95.0,838
2024-03-20T02:05:45.000000+00:00,236.4,49.5,236.4,49.5,228.9,49.5,5.7,1300.0,1000.0,77.0,44.0,83.9,95.0,838
2024-03-20T02:06:45.000000+00:00,236.6,49.5,235.7,49.6,228.9,49.5,5.7,1300.0,1000.0,77.0,43.0,83.9,95.0,838
2024-03-20T02:07:45.000000+00:00,239.2,49.6,239.3,49.6,228.9,49.6,5.7,1310.0,1010.0,77.0,43.0,83.9,95.0,838
2024-03-20T02:08:45.000000+00:00,239.8,49.7,239.8,49.7,228.9,49.7,5.7,1300.0,1000.0,77.0,43.0,83.9,95.0,838
2024-03-20T02:09:45.000000+00:00,238.8,49.7,238.8,49.8,228.9,49.8,5.7,1300.0,1000.0,77.0,43.0,83.9,95.0,838
2024-03-20T02:10:45.000000+00:00,238.0,49.7,238.0,49.7,228.9,49.7,5.7,1300.0,1000.0,77.0,43.0,83.9,95.0,838
2024-03-20T02:11:45.000000+00:00,237.2,49.6,237.2,49.6,228.9,49.6,5.7,1300.0,1000.0,77.0,44.0,83.9,95.0,838
2024-03-20T02:12:45.000000+00:00,236.9,49.6,236.9,49.6,228.9,49.6,5.7,1310.0,1010.0,77.0,44.0,83.9,95.0,838
2024-03-20T02:13:45.000000+00:00,237.1,49.6,237.1,49.6,228.9,49.6,5.7,1300.0,1000.0,77.0,44.0,83.9,95.0,839
2024-03-20T02:14:45.000000+00:00,236.1,49.5,236.0,49.5,228.9,49.5,5.7,1310.0,1010.0,77.0,44.0,83.9,95.0,839
2024-03-20T02:15:45.000000+00:00,236.7,49.5,236.7,49.5,228.9,49.5,5.7,1300.0,1000.0,77.0,44.0,83.9,95.0,839
2024-03-20T02:16:45.000000+00:00,236.5,49.5,236.9,49.5,228.9,49.5,5.7,1310.0,1010.0,77.0,44.0,83.9,95.0,839
2024-03-20T02:17:45.000000+00:00,236.9,49.5,236.9,49.5,228.9,49.5,5.7,1310.0,1000.0,76.0,43.0,83.9,95.0,839
2024-03-20T02:18:45.000000+00:00,237.4,49.6,237.4,49.6,228.9,49.6,5.7,1300.0,1000.0,77.0,43.0,83.9,95.0,839
2024-03-20T02:19:45.000000+00:00,237.4,49.6,237.0,49.6,228.9,49.6,5.7,1310.0,1010.0,77.0,43.0,83.9,95.0,839
2024-03-20T02:20:46.000000+00:00,237.9,49.7,237.9,49.7,228.9,49.7,5.7,1300.0,1000.0,77.0,43.0,83.9,95.0,839
2024-03-20T02:21:46.000000+00:00,239.4,49.8,238.9,49.8,228.9,49.8,5.7,1300.0,1010.0,78.0,43.0,83.9,95.0,839
2024-03-20T02:22:46.000000+00:00,238.9,49.8,239.4,49.8,228.9,49.8,5.6,1290.0,1000.0,78.0,43.0,83.9,95.0,839
2024-03-20T02:23:46.000000+00:00,239.2,49.8,239.2,49.8,228.9,49.8,5.7,1310.0,1010.0,77.0,43.0,83.9,95.0,839
2024-03-20T02:24:46.000000+00:00,238.4,49.6,238.7,49.6,228.9,49.7,5.7,1300.0,1000.0,77.0,43.0,83.9,95.0,839
2024-03-20T02:25:46.000000+00:00,240.3,50.1,240.4,50.1,228.9,50.1,5.6,1280.0,990.0,77.0,43.0,83.9,95.0,839
2024-03-20T02:26:46.000000+00:00,240.5,50.1,240.5,50.1,228.9,50.1,5.6,1280.0,990.0,77.0,43.0,83.9,95.0,839
2024-03-20T02:27:46.000000+00:00,240.5,50.1,240.0,50.1,228.9,50.1,5.6,1280.0,1000.0,78.0,43.0,83.9,95.0,839
2024-03-20T02:28:46.000000+00:00,239.9,50.0,239.9,50.0,228.9,50.0,5.6,1280.0,990.0,77.0,43.0,83.9,95.0,839
2024-03-20T02:29:46.000000+00:00,239.8,50.0,240.2,50.0,228.9,50.0,5.6,1280.0,990.0,77.0,43.0,83.9,95.0,839
2024-03-20T02:30:46.000000+00:00,238.8,50.0,238.8,50.0,228.9,50.0,5.6,1280.0,1000.0,78.0,43.0,83.9,95.0,839
2024-03-20T02:31:46.000000+00:00,239.5,50.0,238.9,50.0,228.9,50.0,5.6,1280.0,990.0,77.0,43.0,83.9,95.0,839
2024-03-20T02:32:46.000000+00:00,238.5,50.0,238.9,50.0,228.9,50.0,5.6,1280.0,1000.0,78.0,43.0,83.9,95.0,839
2024-03-20T02:33:46.000000+00:00,237.8,49.7,237.8,49.7,228.9,49.7,5.7,1300.0,1010.0,78.0,43.0,83.9,95.0,839
2024-03-20T02:34:46.000000+00:00,238.4,49.8,237.4,49.8,228.9,49.8,5.6,1290.0,1000.0,78.0,43.0,83.9,95.0,840
2024-03-20T02:35:46.000000+00:00,237.8,49.9,237.7,49.9,228.9,49.9,5.6,1290.0,1000.0,78.0,43.0,83.9,95.0,840
2024-03-20T02:36:46.000000+00:00,236.7,49.8,236.3,49.8,228.9,49.8,5.7,1290.0,1000.0,78.0,43.0,83.9,95.0,840
2024-03-20T02:37:46.000000+00:00,237.2,49.8,236.8,49.8,228.9,49.8,5.7,1300.0,1000.0,77.0,43.0,83.9,95.0,840
2024-03-20T02:38:46.000000+00:00,236.5,49.9,236.5,49.9,228.9,49.9,5.6,1280.0,1000.0,78.0,43.0,83.9,95.0,840
2024-03-20T02:39:46.000000+00:00,236.3,49.9,237.2,49.9,228.9,49.9,5.6,1280.0,990.0,77.0,43.0,83.9,95.0,840
2024-03-20T02:40:46.000000+00:00,236.3,49.9,236.3,49.9,228.9,49.9,5.6,1290.0,1000.0,78.0,43.0,83.9,95.0,840
2024-03-20T02:41:46.000000+00:00,236.5,49.9,235.7,49.9,228.9,49.9,5.6,1280.0,990.0,77.0,43.0,83.9,95.0,840
2024-03-20T02:42:46.000000+00:00,235.9,49.9,235.9,49.9,228.9,49.9,5.7,1300.0,1010.0,78.0,43.0,83.9,95.0,840
2024-03-20T02:43:46.000000+00:00,235.4,49.8,235.4,49.8,228.9,49.8,5.7,1290.0,1000.0,78.0,43.0,83.9,95.0,840
2024-03-20T02:44:46.000000+00:00,239.3,49.9,239.3,49.9,228.9,50.0,5.6,1280.0,1000.0,78.0,43.0,83.9,95.0,840
2024-03-20T02:45:46.000000+00:00,237.9,49.9,237.8,49.9,228.9,49.9,5.6,1290.0,1000.0,78.0,43.0,83.9,95.0,840
2024-03-20T02:46:46.000000+00:00,237.2,49.8,237.2,49.8,228.9,49.8,5.7,1300.0,1010.0,78.0,43.0,83.9,95.0,840
2024-03-20T02:47:46.000000+00:00,238.6,50.0,238.6,50.0,228.9,50.0,5.6,1280.0,1000.0,78.0,43.0,83.9,95.0,840
2024-03-20T02:48:46.000000+00:00,237.2,49.9,237.7,49.9,228.9,49.9,5.6,1280.0,990.0,77.0,43.0,83.9,95.0,840
2024-03-20T02:49:46.000000+00:00,238.0,50.3,238.0,50.3,228.9,50.3,5.5,1270.0,990.0,78.0,42.0,83.9,95.0,840
2024-03-20T02:50:46.000000+00:00,237.2,50.3,237.0,50.3,228.9,50.3,5.6,1280.0,1000.0,78.0,42.0,83.9,95.0,840
2024-03-20T02:51:46.000000+00:00,237.0,50.3,237.0,50.3,228.9,50.3,5.5,1270.0,990.0,78.0,42.0,83.9,95.0,840
2024-03-20T02:52:46.000000+00:00,237.3,50.2,237.3,50.2,228.9,50.2,5.6,1280.0,990.0,77.0,43.0,83.9,95.0,840
2024-03-20T02:53:46.000000+00:00,237.6,50.3,237.6,50.3,228.9,50.3,5.5,1260.0,990.0,79.0,42.0,83.9,95.0,840
2024-03-20T02:54:46.000000+00:00,236.9,50.3,236.9,50.3,228.9,50.3,5.5,1270.0,990.0,78.0,42.0,83.9,95.0,841
2024-03-20T02:55:46.000000+00:00,237.8,50.4,237.7,50.4,228.9,50.4,5.5,1260.0,990.0,79.0,42.0,83.9,95.0,841
2024-03-20T02:56:46.000000+00:00,237.9,50.4,237.5,50.4,228.9,50.4,5.5,1270.0,990.0,78.0,42.0,83.9,96.0,841
2024-03-20T02:57:46.000000+00:00,237.3,50.4,236.9,50.4,228.9,50.4,5.5,1270.0,1000.0,79.0,42.0,83.9,96.0,841
2024-03-20T02:58:46.000000+00:00,237.2,50.3,236.2,50.3,228.9,50.3,5.5,1270.0,990.0,78.0,42.0,83.9,96.0,841
2024-03-20T02:59:46.000000+00:00,236.2,50.4,237.1,50.4,228.9,50.4,5.5,1270.0,990.0,78.0,42.0,83.9,96.0,841
2024-03-20T03:00:46.000000+00:00,236.6,50.4,236.6,50.4,228.9,50.4,5.5,1270.0,990.0,78.0,42.0,83.9,96.0,841
2024-03-20T03:01:46.000000+00:00,235.7,50.3,235.7,50.3,228.9,50.3,5.5,1270.0,990.0,78.0,42.0,83.9,96.0,841
2024-03-20T03:02:46.000000+00:00,235.3,50.3,235.3,50.3,228.9,50.3,5.5,1270.0,990.0,78.0,42.0,83.9,96.0,841
2024-03-20T03:03:46.000000+00:00,234.3,50.1,234.3,50.1,228.9,50.1,5.6,1280.0,1000.0,78.0,42.0,83.9,96.0,841
2024-03-20T03:04:46.000000+00:00,237.3,50.0,237.3,50.0,228.9,50.0,5.6,1280.0,990.0,77.0,43.0,83.9,96.0,841
2024-03-20T03:05:46.000000+00:00,236.2,50.1,236.1,50.1,228.9,50.1,5.6,1290.0,1000.0,78.0,43.0,83.9,96.0,841
2024-03-20T03:06:46.000000+00:00,236.2,50.1,235.7,50.1,228.9,50.1,5.6,1280.0,1000.0,78.0,43.0,83.9,96.0,841
2024-03-20T03:07:46.000000+00:00,235.8,50.0,235.8,50.0,228.9,50.0,5.6,1280.0,990.0,77.0,43.0,83.9,96.0,841
2024-03-20T03:08:46.000000+00:00,235.6,50.0,235.6,50.0,228.9,50.0,5.6,1280.0,990.0,77.0,43.0,83.9,96.0,841
2024-03-20T03:09:46.000000+00:00,235.2,50.0,234.7,50.0,228.9,50.0,5.6,1290.0,1000.0,78.0,43.0,83.9,96.0,841
2024-03-20T03:10:46.000000+00:00,235.3,50.3,235.3,50.3,228.9,50.3,5.5,1270.0,990.0,78.0,42.0,83.9,96.0,841
2024-03-20T03:11:46.000000+00:00,235.5,50.3,235.5,50.3,228.9,50.3,5.6,1270.0,1000.0,79.0,42.0,83.9,96.0,841
2024-03-20T03:12:46.000000+00:00,234.3,50.2,234.3,50.2,228.9,50.2,5.6,1290.0,1010.0,78.0,43.0,83.9,96.0,841
2024-03-20T03:13:46.000000+00:00,234.1,50.2,235.1,50.2,228.9,50.2,5.5,1270.0,990.0,78.0,43.0,83.9,96.0,841
2024-03-20T03:14:46.000000+00:00,234.7,50.1,234.2,50.1,228.9,50.1,5.6,1280.0,1000.0,78.0,43.0,83.9,96.0,841
2024-03-20T03:15:46.000000+00:00,234.4,50.1,234.5,50.1,228.9,50.1,5.6,1280.0,1000.0,78.0,43.0,83.9,96.0,842
2024-03-20T03:16:46.000000+00:00,237.3,49.9,237.3,49.9,228.9,49.9,5.6,1290.0,990.0,77.0,43.0,83.9,96.0,842
2024-03-20T03:17:46.000000+00:00,237.1,49.8,237.1,49.8,228.9,49.8,5.6,1290.0,1000.0,78.0,43.0,83.9,96.0,842
2024-03-20T03:18:46.000000+00:00,236.9,49.9,236.9,49.9,228.9,49.9,5.6,1290.0,1000.0,78.0,43.0,83.9,96.0,842
2024-03-20T03:19:46.000000+00:00,236.3,49.7,235.8,49.7,228.9,49.7,5.6,1290.0,990.0,77.0,43.0,83.9,96.0,842
2024-03-20T03:20:46.000000+00:00,236.2,49.6,236.2,49.6,228.9,49.6,5.7,1310.0,1010.0,77.0,44.0,83.9,96.0,842
2024-03-20T03:21:47.000000+00:00,235.9,49.6,235.9,49.6,228.9,49.6,5.7,1310.0,1010.0,77.0,43.0,83.9,96.0,842
2024-03-20T03:22:47.000000+00:00,235.8,49.6,235.8,49.6,228.9,49.6,5.7,1300.0,1000.0,77.0,44.0,83.9,96.0,842
2024-03-20T03:23:47.000000+00:00,236.2,49.9,236.3,49.9,228.9,49.9,5.6,1290.0,1000.0,78.0,43.0,83.9,96.0,842
2024-03-20T03:24:47.000000+00:00,236.7,49.9,237.6,49.9,228.9,49.9,5.7,1300.0,1010.0,78.0,43.0,83.9,96.0,842
2024-03-20T03:25:47.000000+00:00,236.6,49.8,236.1,49.8,228.9,49.8,5.6,1290.0,1000.0,78.0,43.0,83.9,96.0,842
2024-03-20T03:26:47.000000+00:00,237.6,50.1,237.6,50.1,228.9,50.1,5.6,1280.0,1000.0,78.0,43.0,83.9,96.0,842
2024-03-20T03:27:47.000000+00:00,237.0,50.1,237.0,50.1,228.9,50.1,5.6,1280.0,990.0,77.0,43.0,83.9,96.0,842
2024-03-20T03:28:47.000000+00:00,238.3,50.0,238.0,50.0,228.9,50.1,5.6,1290.0,1000.0,78.0,43.0,83.9,96.0,842
2024-03-20T03:29:47.000000+00:00,237.1,49.9,237.1,49.9,228.9,49.9,5.6,1290.0,1000.0,78.0,43.0,83.9,96.0,842
2024-03-20T03:30:47.000000+00:00,236.5,49.9,236.6,49.9,228.9,49.9,5.7,1290.0,1000.0,78.0,43.0,83.9,96.0,842
2024-03-20T03:31:47.000000+00:00,236.7,49.8,236.7,49.8,228.9,49.8,5.7,1300.0,1010.0,78.0,43.0,83.9,96.0,842
2024-03-20T03:32:47.000000+00:00,235.8,49.9,236.5,49.9,228.9,49.9,5.6,1290.0,1000.0,78.0,43.0,83.9,96.0,842
2024-03-20T03:33:47.000000+00:00,236.2,49.9,236.2,49.9,228.9,49.9,5.6,1290.0,1000.0,78.0,43.0,83.9,96.0,842
2024-03-20T03:34:47.000000+00:00,235.9,49.9,236.2,49.9,228.9,49.9,5.6,1290.0,1000.0,78.0,43.0,83.9,96.0,842
2024-03-20T03:35:47.000000+00:00,236.8,49.9,236.8,49.9,228.9,49.9,5.6,1290.0,1000.0,78.0,43.0,83.9,96.0,842
2024-03-20T03:36:47.000000+00:00,236.5,50.0,236.5,50.0,228.9,50.0,5.6,1280.0,1000.0,78.0,43.0,83.9,96.0,843
2024-03-20T03:37:47.000000+00:00,238.5,50.5,238.5,50.5,228.9,50.4,5.5,1260.0,990.0,79.0,42.0,83.9,96.0,843
2024-03-20T03:38:47.000000+00:00,239.5,50.5,240.0,50.5,228.9,50.5,5.5,1260.0,990.0,79.0,42.0,83.9,96.0,843
2024-03-20T03:39:47.000000+00:00,239.5,50.3,239.9,50.3,228.9,50.3,5.6,1280.0,1000.0,78.0,43.0,83.9,96.0,843
2024-03-20T03:40:47.000000+00:00,238.6,50.3,238.6,50.3,228.9,50.3,5.5,1270.0,990.0,78.0,42.0,83.9,96.0,843
2024-03-20T03:41:47.000000+00:00,239.6,50.5,239.6,50.5,228.9,50.5,5.5,1270.0,1000.0,79.0,42.0,83.9,96.0,843
2024-03-20T03:42:47.000000+00:00,239.4,50.4,239.4,50.4,228.9,50.4,5.5,1260.0,990.0,79.0,42.0,83.9,96.0,843
2024-03-20T03:43:47.000000+00:00,239.1,50.3,238.6,50.3,228.9,50.3,5.6,1280.0,1000.0,78.0,43.0,83.9,96.0,843
2024-03-20T03:44:47.000000+00:00,238.7,50.3,238.7,50.3,228.9,50.3,5.6,1280.0,1000.0,78.0,42.0,83.9,96.0,843
2024-03-20T03:45:47.000000+00:00,237.9,50.4,237.9,50.4,228.9,50.4,5.5,1270.0,1000.0,79.0,42.0,83.9,96.0,843
2024-03-20T03:46:47.000000+00:00,237.8,50.3,237.8,50.3,228.9,50.3,5.6,1280.0,1000.0,78.0,42.0,83.9,96.0,843
2024-03-20T03:47:47.000000+00:00,237.4,50.2,237.4,50.2,228.9,50.2,5.6,1280.0,1000.0,78.0,43.0,83.9,96.0,843
2024-03-20T03:48:47.000000+00:00,237.3,50.3,237.3,50.3,228.9,50.3,5.5,1270.0,990.0,78.0,42.0,83.9,96.0,843
2024-03-20T03:49:47.000000+00:00,237.6,50.3,237.6,50.3,228.9,50.3,5.6,1270.0,1000.0,79.0,42.0,83.9,96.0,843
2024-03-20T03:50:47.000000+00:00,237.0,50.3,237.0,50.3,228.9,50.3,5.5,1270.0,990.0,78.0,42.0,83.9,96.0,843
2024-03-20T03:51:47.000000+00:00,237.8,50.3,238.0,50.3,228.9,50.3,5.5,1270.0,1000.0,79.0,42.0,83.9,96.0,843
2024-03-20T03:52:47.000000+00:00,238.5,50.3,238.5,50.3,228.9,50.3,5.5,1260.0,990.0,79.0,42.0,83.9,96.0,843
2024-03-20T03:53:47.000000+00:00,237.9,50.3,237.9,50.3,228.9,50.3,5.6,1270.0,1000.0,79.0,42.0,83.9,96.0,843
2024-03-20T03:54:47.000000+00:00,238.3,50.2,238.3,50.2,228.9,50.2,5.6,1280.0,1000.0,78.0,43.0,83.9,96.0,843
2024-03-20T03:55:47.000000+00:00,238.8,50.3,238.8,50.3,228.9,50.3,5.6,1270.0,990.0,78.0,42.0,83.9,96.0,843
2024-03-20T03:56:47.000000+00:00,238.0,50.3,238.0,50.3,228.9,50.3,5.5,1270.0,990.0,78.0,42.0,83.9,96.0,843
2024-03-20T03:57:47.000000+00:00,237.3,50.3,237.8,50.3,228.9,50.3,5.6,1270.0,990.0,78.0,42.0,83.9,96.0,844
2024-03-20T03:58:47.000000+00:00,238.6,50.3,237.8,50.3,228.9,50.3,5.6,1270.0,1000.0,79.0,42.0,83.9,96.0,844
2024-03-20T03:59:47.000000+00:00,237.3,50.3,237.3,50.3,228.9,50.3,5.5,1270.0,1000.0,79.0,42.0,83.9,96.0,844
2024-03-20T04:00:47.000000+00:00,236.9,50.4,236.9,50.4,228.9,50.3,5.6,1270.0,1000.0,79.0,42.0,83.9,96.0,844
2024-03-20T04:01:47.000000+00:00,236.9,50.4,236.4,50.4,228.9,50.4,5.5,1260.0,990.0,79.0,42.0,83.9,96.0,844
2024-03-20T04:02:47.000000+00:00,237.0,50.4,237.0,50.4,228.9,50.4,5.6,1270.0,1000.0,79.0,42.0,83.9,96.0,844
2024-03-20T04:03:47.000000+00:00,236.6,50.4,236.8,50.4,228.9,50.4,5.5,1260.0,990.0,79.0,42.0,83.9,96.0,844
2024-03-20T04:04:47.000000+00:00,236.7,50.4,236.2,50.4,228.9,50.4,5.5,1260.0,990.0,79.0,42.0,83.9,96.0,844
2024-03-20T04:05:47.000000+00:00,236.4,50.4,236.4,50.4,228.9,50.4,5.5,1260.0,990.0,79.0,42.0,83.9,96.0,844
2024-03-20T04:06:47.000000+00:00,235.8,50.3,236.3,50.3,228.9,50.3,5.6,1280.0,1000.0,78.0,42.0,83.9,96.0,844
2024-03-20T04:07:47.000000+00:00,235.7,50.4,235.2,50.4,228.9,50.4,5.6,1270.0,1000.0,79.0,42.0,83.9,96.0,844
2024-03-20T04:08:47.000000+00:00,235.9,50.3,235.9,50.3,228.9,50.3,5.5,1270.0,990.0,78.0,42.0,83.9,96.0,844
2024-03-20T04:09:47.000000+00:00,235.8,50.4,236.4,50.4,228.9,50.4,5.6,1280.0,1000.0,78.0,43.0,83.9,96.0,844
2024-03-20T04:10:47.000000+00:00,235.8,50.4,235.9,50.4,228.9,50.4,5.5,1270.0,990.0,78.0,42.0,83.9,96.0,844
2024-03-20T04:11:47.000000+00:00,235.5,50.3,235.5,50.3,228.9,50.3,5.5,1270.0,990.0,78.0,42.0,83.9,96.0,844
2024-03-20T04:12:47.000000+00:00,236.4,50.4,236.4,50.4,228.9,50.4,5.5,1260.0,990.0,79.0,42.0,83.9,96.0,844
2024-03-20T04:13:47.000000+00:00,235.5,50.4,235.5,50.4,228.9,50.4,5.6,1280.0,1000.0,78.0,42.0,83.9,96.0,844
2024-03-20T04:14:47.000000+00:00,235.4,50.5,235.9,50.5,228.9,50.5,5.5,1260.0,990.0,79.0,42.0,83.9,96.0,844
2024-03-20T04:15:47.000000+00:00,239.1,50.5,239.1,50.5,228.9,50.5,5.5,1260.0,990.0,79.0,42.0,83.9,96.0,844
2024-03-20T04:16:48.000000+00:00,237.3,50.4,237.2,50.4,228.9,50.4,5.6,1270.0,1000.0,79.0,42.0,83.9,96.0,857
2024-03-20T04:17:48.000000+00:00,235.2,50.5,236.0,50.5,228.9,50.5,5.5,1260.0,990.0,79.0,42.0,83.9,96.0,857
2024-03-20T04:18:48.000000+00:00,236.1,50.5,236.2,50.5,228.9,50.5,5.5,1260.0,990.0,79.0,42.0,83.9,96.0,857
2024-03-20T04:19:48.000000+00:00,235.5,50.4,235.5,50.4,228.9,50.4,5.5,1260.0,980.0,78.0,42.0,83.9,96.0,857
2024-03-20T04:20:48.000000+00:00,235.4,50.4,236.0,50.4,228.9,50.4,5.6,1270.0,1000.0,79.0,42.0,83.8,96.0,857
2024-03-20T04:21:48.000000+00:00,235.0,50.5,235.5,50.5,228.9,50.5,5.5,1260.0,990.0,79.0,42.0,83.8,96.0,857
2024-03-20T04:22:45.000000+00:00,241.0,50.5,241.0,50.5,228.9,50.5,5.5,1260.0,990.0,79.0,42.0,83.9,96.0,857
2024-03-20T04:22:47.000000+00:00,241.0,50.5,241.0,50.5,228.9,50.5,5.5,1260.0,990.0,79.0,42.0,83.8,96.0,857
2024-03-20T04:22:48.000000+00:00,241.0,50.5,241.0,50.5,228.9,50.5,5.5,1260.0,990.0,79.0,42.0,83.8,96.0,857
2024-03-20T04:22:49.000000+00:00,242.6,50.5,242.6,50.5,228.9,50.5,5.5,1260.0,990.0,79.0,42.0,83.8,96.0,857
2024-03-20T04:22:50.000000+00:00,242.6,50.5,242.6,50.5,228.9,50.5,5.5,1260.0,990.0,79.0,43.0,83.8,96.0,857
2024-03-20T04:22:53.000000+00:00,242.6,50.5,242.6,50.5,228.9,50.5,5.5,1260.0,990.0,79.0,42.0,81.5,96.0,857
2024-03-20T04:22:55.000000+00:00,238.5,50.5,237.5,50.5,228.9,50.5,5.5,1270.0,1000.0,79.0,42.0,81.5,96.0,857
2024-03-20T04:23:48.000000+00:00,238.8,50.5,238.4,50.5,228.9,50.5,5.5,1260.0,990.0,79.0,42.0,84.2,95.0,852
2024-03-20T04:24:48.000000+00:00,236.2,50.5,237.2,50.5,228.9,50.5,5.5,1270.0,1000.0,79.0,42.0,84.0,95.0,852
2024-03-20T04:25:48.000000+00:00,236.5,50.4,236.5,50.4,228.9,50.4,5.5,1270.0,990.0,78.0,42.0,83.9,95.0,852
2024-03-20T04:26:48.000000+00:00,234.7,50.4,234.7,50.4,228.9,50.4,5.5,1270.0,990.0,78.0,42.0,83.9,95.0,852
2024-03-20T04:27:48.000000+00:00,234.7,50.4,234.7,50.4,228.9,50.4,5.5,1270.0,1000.0,79.0,42.0,83.8,95.0,852
2024-03-20T04:28:48.000000+00:00,234.1,50.4,234.1,50.4,228.9,50.4,5.5,1270.0,990.0,78.0,42.0,83.8,95.0,852
2024-03-20T04:29:48.000000+00:00,234.5,50.5,234.8,50.5,228.9,50.5,5.5,1260.0,990.0,79.0,42.0,83.8,95.0,852
2024-03-20T04:30:48.000000+00:00,234.2,50.4,234.2,50.4,228.9,50.4,5.6,1270.0,1000.0,79.0,42.0,83.8,95.0,852
2024-03-20T04:31:48.000000+00:00,234.8,50.3,234.8,50.3,228.9,50.3,5.5,1260.0,990.0,79.0,42.0,83.8,95.0,853
2024-03-20T04:32:48.000000+00:00,234.5,50.3,234.0,50.3,228.9,50.3,5.6,1280.0,1000.0,78.0,43.0,83.8,95.0,853
2024-03-20T04:33:18.000000+00:00,235.0,50.3,235.0,50.3,228.9,50.3,5.5,1270.0,990.0,78.0,42.0,83.8,95.0,853
2024-03-20T04:33:24.000000+00:00,240.4,50.4,240.4,50.4,228.9,50.4,5.5,1260.0,990.0,79.0,42.0,83.8,95.0,853
2024-03-20T04:33:28.000000+00:00,240.4,50.4,240.4,50.4,228.9,50.4,5.5,1260.0,990.0,79.0,42.0,80.9,95.0,852
2024-03-20T04:33:30.000000+00:00,236.9,50.3,236.9,50.3,228.9,50.3,5.6,1270.0,1000.0,79.0,42.0,80.9,95.0,852
2024-03-20T04:33:48.000000+00:00,237.7,50.3,238.1,50.3,228.9,50.3,5.5,1270.0,990.0,78.0,42.0,82.4,95.0,848
2024-03-20T04:34:48.000000+00:00,236.4,50.3,236.4,50.3,228.9,50.3,5.6,1270.0,1000.0,79.0,42.0,84.3,95.0,848
2024-03-20T04:35:48.000000+00:00,235.3,50.3,235.3,50.3,228.9,50.3,5.5,1270.0,990.0,78.0,42.0,83.9,95.0,848
2024-03-20T04:36:48.000000+00:00,235.3,50.4,235.8,50.4,228.9,50.4,5.6,1280.0,1000.0,78.0,43.0,83.8,95.0,848
2024-03-20T04:37:48.000000+00:00,235.2,50.3,235.2,50.3,228.9,50.3,5.6,1270.0,1000.0,79.0,42.0,83.8,95.0,848
2024-03-20T04:38:48.000000+00:00,234.1,50.3,233.6,50.3,228.9,50.3,5.6,1270.0,1000.0,79.0,42.0,83.8,95.0,848
2024-03-20T04:39:48.000000+00:00,232.7,50.3,232.7,50.3,228.9,50.3,5.5,1270.0,990.0,78.0,42.0,83.8,95.0,848
2024-03-20T04:40:48.000000+00:00,237.4,50.2,236.4,50.2,228.9,50.2,5.6,1280.0,1000.0,78.0,42.0,83.8,95.0,848
2024-03-20T04:41:48.000000+00:00,237.1,50.3,237.1,50.3,228.9,50.3,5.6,1280.0,1000.0,78.0,42.0,83.8,95.0,848
2024-03-20T04:42:48.000000+00:00,238.7,50.2,238.6,50.2,228.9,50.2,5.6,1270.0,990.0,78.0,42.0,83.8,95.0,848
2024-03-20T04:43:48.000000+00:00,238.5,50.3,238.6,50.2,228.9,50.2,5.5,1270.0,990.0,78.0,42.0,83.8,95.0,848
2024-03-20T04:44:48.000000+00:00,238.8,50.2,238.3,50.2,228.9,50.2,5.6,1280.0,1000.0,78.0,43.0,83.8,95.0,848
2024-03-20T04:45:48.000000+00:00,239.1,50.3,239.1,50.3,228.9,50.3,5.5,1270.0,990.0,78.0,42.0,83.8,95.0,848
2024-03-20T04:46:48.000000+00:00,239.4,50.4,239.4,50.4,228.9,50.4,5.5,1260.0,990.0,79.0,42.0,83.8,95.0,848
2024-03-20T04:47:48.000000+00:00,239.2,50.3,239.2,50.3,228.9,50.3,5.5,1270.0,990.0,78.0,42.0,83.8,95.0,848
2024-03-20T04:48:48.000000+00:00,238.6,50.3,238.6,50.3,228.9,50.3,5.6,1270.0,1000.0,79.0,42.0,83.8,95.0,848
2024-03-20T04:49:48.000000+00:00,237.4,50.2,237.4,50.2,228.9,50.2,5.6,1280.0,1000.0,78.0,43.0,83.8,95.0,848
2024-03-20T04:50:48.000000+00:00,237.8,50.1,237.8,50.1,228.9,50.1,5.6,1280.0,1000.0,78.0,43.0,83.8,95.0,848
2024-03-20T04:51:48.000000+00:00,238.2,50.3,238.0,50.3,228.9,50.3,5.6,1280.0,1000.0,78.0,43.0,84.0,95.0,848
2024-03-20T04:52:48.000000+00:00,238.9,50.2,237.9,50.2,228.9,50.2,5.5,1270.0,990.0,78.0,43.0,84.1,95.0,849
2024-03-20T04:53:48.000000+00:00,237.8,50.1,237.8,50.1,228.9,50.1,5.6,1270.0,990.0,78.0,43.0,84.2,95.0,849
2024-03-20T04:54:48.000000+00:00,237.9,50.2,237.5,50.2,228.9,50.2,5.6,1280.0,1000.0,78.0,42.0,84.3,95.0,849
2024-03-20T04:55:48.000000+00:00,238.6,50.2,238.5,50.2,228.9,50.2,5.6,1290.0,1010.0,78.0,43.0,84.3,95.0,849
2024-03-20T04:56:48.000000+00:00,237.2,50.2,237.3,50.2,228.9,50.2,5.6,1280.0,1000.0,78.0,43.0,84.3,95.0,849
2024-03-20T04:57:48.000000+00:00,236.9,50.0,237.8,50.0,228.9,50.0,5.6,1280.0,1000.0,78.0,43.0,84.2,95.0,849
2024-03-20T04:58:48.000000+00:00,238.3,50.1,237.8,50.1,228.9,50.1,5.6,1270.0,990.0,78.0,43.0,84.1,95.0,849
2024-03-20T04:59:48.000000+00:00,236.8,50.0,236.8,50.0,228.9,50.0,5.6,1290.0,1000.0,78.0,43.0,84.0,95.0,849
2024-03-20T05:00:48.000000+00:00,237.4,49.9,236.5,49.9,228.9,49.9,5.7,1300.0,1010.0,78.0,43.0,84.0,95.0,849
2024-03-20T05:01:48.000000+00:00,237.5,50.0,237.5,50.0,228.9,50.0,5.6,1280.0,1000.0,78.0,43.0,84.0,95.0,849
2024-03-20T05:02:48.000000+00:00,239.2,50.2,239.2,50.2,228.9,50.2,5.6,1280.0,1000.0,78.0,43.0,83.9,95.0,849
2024-03-20T05:03:48.000000+00:00,237.5,50.2,237.5,50.2,228.9,50.2,5.6,1280.0,1000.0,78.0,43.0,83.9,95.0,849
2024-03-20T05:04:48.000000+00:00,237.1,50.0,238.0,50.0,228.9,50.0,5.6,1280.0,1000.0,78.0,43.0,83.9,95.0,849
2024-03-20T05:05:48.000000+00:00,236.5,50.0,236.9,50.0,228.9,50.0,5.6,1280.0,990.0,77.0,43.0,83.9,95.0,849
2024-03-20T05:06:48.000000+00:00,236.8,50.0,236.6,50.0,228.9,50.0,5.6,1290.0,1000.0,78.0,43.0,83.9,95.0,849
2024-03-20T05:07:49.000000+00:00,237.4,49.8,237.4,49.8,228.9,49.8,5.6,1290.0,1000.0,78.0,43.0,83.8,95.0,849
2024-03-20T05:08:49.000000+00:00,238.8,49.9,238.8,49.9,228.9,50.0,5.6,1280.0,990.0,77.0,43.0,83.9,95.0,849
2024-03-20T05:09:49.000000+00:00,238.5,49.9,237.6,49.9,228.9,49.9,5.6,1290.0,1000.0,78.0,43.0,83.8,95.0,849
2024-03-20T05:10:49.000000+00:00,238.7,49.9,237.7,49.9,228.9,49.9,5.6,1290.0,1000.0,78.0,43.0,83.8,95.0,849
2024-03-20T05:11:49.000000+00:00,237.6,49.9,237.6,49.9,228.9,49.9,5.6,1290.0,1000.0,78.0,43.0,83.8,95.0,849
2024-03-20T05:12:49.000000+00:00,239.0,50.0,238.0,50.1,228.9,50.0,5.6,1280.0,990.0,77.0,42.0,83.8,95.0,850
2024-03-20T05:13:49.000000+00:00,239.6,50.1,239.6,50.1,228.9,50.1,5.6,1290.0,1000.0,78.0,43.0,83.8,95.0,850
2024-03-20T05:14:49.000000+00:00,241.3,50.4,240.7,50.4,228.9,50.4,5.5,1270.0,1000.0,79.0,42.0,83.8,95.0,850
2024-03-20T05:15:49.000000+00:00,237.5,50.3,237.5,50.3,228.9,50.3,5.5,1260.0,990.0,79.0,42.0,83.8,95.0,850
2024-03-20T05:16:49.000000+00:00,236.0,50.1,236.0,50.1,228.9,50.1,5.6,1270.0,990.0,78.0,43.0,84.0,95.0,850
2024-03-20T05:17:49.000000+00:00,236.6,50.2,237.1,50.2,228.9,50.2,5.6,1280.0,1000.0,78.0,43.0,84.1,95.0,850
2024-03-20T05:18:49.000000+00:00,236.6,50.1,236.6,50.1,228.9,50.1,5.6,1280.0,1000.0,78.0,43.0,84.2,95.0,850
2024-03-20T05:19:49.000000+00:00,236.6,50.3,236.5,50.3,228.9,50.3,5.6,1280.0,1000.0,78.0,42.0,84.3,95.0,850
2024-03-20T05:20:49.000000+00:00,236.7,50.3,236.7,50.3,228.9,50.3,5.5,1260.0,990.0,79.0,42.0,84.3,95.0,850
2024-03-20T05:21:49.000000+00:00,235.0,50.4,234.6,50.4,228.9,50.4,5.6,1280.0,1000.0,78.0,42.0,84.4,95.0,850
2024-03-20T05:22:49.000000+00:00,235.9,50.3,235.9,50.3,228.9,50.3,5.5,1270.0,1000.0,79.0,43.0,84.3,95.0,850
2024-03-20T05:23:49.000000+00:00,234.9,50.3,234.4,50.3,228.9,50.3,5.6,1280.0,1000.0,78.0,42.0,84.2,95.0,850
2024-03-20T05:24:49.000000+00:00,234.2,50.3,234.6,50.3,228.9,50.3,5.6,1270.0,1000.0,79.0,42.0,84.1,95.0,850
2024-03-20T05:25:49.000000+00:00,234.9,50.3,234.9,50.3,228.9,50.3,5.6,1280.0,1000.0,78.0,43.0,84.0,95.0,850
2024-03-20T05:26:49.000000+00:00,235.0,50.2,234.4,50.2,228.9,50.2,5.6,1280.0,1000.0,78.0,42.0,84.0,95.0,850
2024-03-20T05:27:49.000000+00:00,233.8,50.3,233.9,50.3,228.9,50.3,5.6,1270.0,1000.0,79.0,42.0,84.0,95.0,850
2024-03-20T05:28:49.000000+00:00,234.0,50.2,233.5,50.2,228.9,50.2,5.5,1270.0,990.0,78.0,43.0,83.9,95.0,850
2024-03-20T05:29:49.000000+00:00,233.3,50.2,233.8,50.2,228.9,50.2,5.6,1280.0,1000.0,78.0,43.0,83.9,95.0,850
2024-03-20T05:30:49.000000+00:00,233.9,50.1,233.9,50.1,228.9,50.1,5.6,1280.0,1000.0,78.0,43.0,83.9,95.0,850
2024-03-20T05:31:49.000000+00:00,233.9,50.1,233.0,50.1,228.9,50.1,5.6,1280.0,1000.0,78.0,43.0,83.9,95.0,850
2024-03-20T05:32:49.000000+00:00,233.8,50.2,232.7,50.2,228.9,50.2,5.6,1290.0,1000.0,78.0,43.0,83.9,95.0,850
2024-03-20T05:33:49.000000+00:00,234.0,50.4,234.0,50.4,228.9,50.4,5.5,1260.0,990.0,79.0,42.0,83.9,95.0,851
2024-03-20T05:34:49.000000+00:00,233.3,50.3,232.6,50.3,228.9,50.3,5.5,1270.0,990.0,78.0,42.0,83.9,95.0,851
2024-03-20T05:35:49.000000+00:00,232.8,50.3,233.3,50.3,228.9,50.3,5.5,1270.0,990.0,78.0,42.0,83.8,95.0,851
2024-03-20T05:36:49.000000+00:00,232.9,50.4,233.2,50.4,228.9,50.4,5.5,1270.0,1000.0,79.0,42.0,83.8,95.0,851
2024-03-20T05:37:49.000000+00:00,233.1,50.3,233.1,50.3,228.9,50.3,5.6,1270.0,990.0,78.0,42.0,83.9,95.0,851
2024-03-20T05:38:49.000000+00:00,236.1,50.2,236.6,50.2,228.9,50.2,5.5,1270.0,990.0,78.0,42.0,84.1,95.0,851
2024-03-20T05:39:49.000000+00:00,237.9,50.1,237.5,50.1,228.9,50.1,5.6,1270.0,1000.0,79.0,43.0,84.2,95.0,851
2024-03-20T05:40:49.000000+00:00,237.1,50.0,236.7,50.0,228.9,50.0,5.6,1290.0,1000.0,78.0,43.0,84.2,95.0,851
2024-03-20T05:41:49.000000+00:00,236.7,49.8,236.7,49.8,228.9,49.8,5.6,1290.0,1000.0,78.0,43.0,84.3,95.0,851
2024-03-20T05:42:49.000000+00:00,237.1,49.8,236.6,49.8,228.9,49.8,5.6,1290.0,1000.0,78.0,43.0,84.3,95.0,851
2024-03-20T05:43:49.000000+00:00,235.9,49.9,235.9,49.9,228.9,49.9,5.6,1290.0,1000.0,78.0,43.0,84.3,95.0,851
2024-03-20T05:44:49.000000+00:00,236.6,50.1,236.6,50.1,228.9,50.1,5.6,1280.0,990.0,77.0,43.0,84.2,95.0,851
2024-03-20T05:45:49.000000+00:00,236.0,50.0,236.0,50.0,228.9,50.0,5.6,1290.0,1000.0,78.0,43.0,84.1,95.0,851
2024-03-20T05:46:49.000000+00:00,235.8,49.9,235.8,49.9,228.9,49.9,5.6,1290.0,990.0,77.0,43.0,84.1,95.0,851
2024-03-20T05:47:49.000000+00:00,235.8,49.9,235.7,49.9,228.9,49.9,5.6,1290.0,1000.0,78.0,43.0,84.0,95.0,851
2024-03-20T05:48:49.000000+00:00,235.5,49.8,235.4,49.8,228.9,49.8,5.7,1300.0,1000.0,77.0,43.0,84.0,95.0,851
2024-03-20T05:49:49.000000+00:00,236.1,49.8,236.2,49.8,228.9,49.8,5.7,1300.0,1000.0,77.0,43.0,83.9,95.0,851
2024-03-20T05:50:49.000000+00:00,236.2,49.8,235.2,49.8,228.9,49.8,5.6,1290.0,990.0,77.0,43.0,83.9,95.0,851
2024-03-20T05:51:49.000000+00:00,235.4,49.9,235.4,49.9,228.9,49.9,5.6,1290.0,1000.0,78.0,43.0,83.9,95.0,851
2024-03-20T05:52:50.000000+00:00,234.7,49.7,235.5,49.7,228.9,49.7,5.6,1300.0,1000.0,77.0,44.0,83.9,95.0,851
2024-03-20T05:53:50.000000+00:00,234.9,49.6,234.9,49.6,228.9,49.6,5.7,1310.0,1010.0,77.0,43.0,83.9,95.0,852
2024-03-20T05:54:50.000000+00:00,235.3,49.9,235.3,49.9,228.9,49.9,5.6,1290.0,1000.0,78.0,43.0,83.9,95.0,852
2024-03-20T05:55:50.000000+00:00,235.6,50.3,235.6,50.3,228.9,50.3,5.7,1310.0,1040.0,79.0,43.0,83.9,95.0,852
2024-03-20T05:56:50.000000+00:00,234.1,50.0,234.1,50.0,228.9,50.0,5.6,1280.0,990.0,77.0,43.0,84.0,95.0,852
2024-03-20T05:57:50.000000+00:00,234.9,50.0,235.0,50.0,228.9,50.0,5.6,1280.0,1000.0,78.0,43.0,84.1,95.0,852
2024-03-20T05:58:50.000000+00:00,235.0,50.2,234.4,50.2,228.9,50.2,5.6,1280.0,1000.0,78.0,42.0,84.2,95.0,852
2024-03-20T05:59:50.000000+00:00,234.5,50.3,234.7,50.3,228.9,50.3,5.6,1280.0,1000.0,78.0,43.0,84.3,95.0,852
2024-03-20T06:00:50.000000+00:00,235.8,50.3,235.8,50.3,228.9,50.3,5.6,1270.0,1000.0,79.0,42.0,84.3,95.0,852
2024-03-20T06:01:50.000000+00:00,234.7,50.3,234.7,50.3,228.9,50.3,5.6,1270.0,1000.0,79.0,42.0,84.4,95.0,852
2024-03-20T06:02:50.000000+00:00,234.4,50.1,234.4,50.1,228.9,50.1,5.6,1270.0,990.0,78.0,42.0,84.3,95.0,852
2024-03-20T06:03:50.000000+00:00,234.1,50.1,233.7,50.1,228.9,50.1,5.6,1280.0,1000.0,78.0,43.0,84.2,95.0,852
2024-03-20T06:04:50.000000+00:00,233.4,50.1,233.8,50.1,228.9,50.1,5.6,1280.0,990.0,77.0,43.0,84.1,95.0,852
2024-03-20T06:05:50.000000+00:00,234.3,50.3,234.2,50.3,228.9,50.3,5.5,1270.0,990.0,78.0,42.0,84.0,95.0,852
2024-03-20T06:06:50.000000+00:00,234.5,50.3,234.5,50.3,228.9,50.3,5.6,1280.0,1010.0,79.0,43.0,84.0,95.0,852
2024-03-20T06:07:50.000000+00:00,233.9,50.2,234.8,50.2,228.9,50.2,5.6,1270.0,990.0,78.0,42.0,83.9,95.0,852
2024-03-20T06:08:50.000000+00:00,233.4,50.1,233.8,50.1,228.9,50.1,5.6,1280.0,1000.0,78.0,43.0,83.9,95.0,852
2024-03-20T06:09:50.000000+00:00,233.7,50.1,233.7,50.1,228.9,50.1,5.6,1280.0,1000.0,78.0,43.0,83.9,95.0,852
2024-03-20T06:10:50.000000+00:00,233.9,50.1,233.9,50.1,228.9,50.1,5.6,1280.0,1000.0,78.0,43.0,83.9,95.0,852
2024-03-20T06:11:50.000000+00:00,233.2,50.1,232.4,50.1,228.9,50.1,5.6,1280.0,990.0,77.0,43.0,83.9,95.0,852
2024-03-20T06:12:50.000000+00:00,233.6,50.1,234.0,50.1,228.9,50.1,5.6,1280.0,1000.0,78.0,43.0,84.1,95.0,852
2024-03-20T06:13:50.000000+00:00,234.5,50.1,234.5,50.1,228.9,50.1,5.6,1290.0,1000.0,78.0,43.0,84.2,95.0,853
2024-03-20T06:14:50.000000+00:00,234.0,50.2,235.0,50.2,228.9,50.2,5.6,1280.0,1000.0,78.0,43.0,84.3,95.0,853
2024-03-20T06:15:50.000000+00:00,234.7,50.3,234.7,50.3,228.9,50.3,5.5,1270.0,990.0,78.0,42.0,84.3,95.0,853
2024-03-20T06:16:50.000000+00:00,235.8,50.3,235.8,50.3,228.9,50.3,5.6,1280.0,1000.0,78.0,42.0,84.4,95.0,853
2024-03-20T06:17:50.000000+00:00,235.6,50.4,235.6,50.4,228.9,50.3,5.5,1260.0,990.0,79.0,42.0,84.4,95.0,853
2024-03-20T06:18:50.000000+00:00,235.4,50.4,235.5,50.4,228.9,50.4,5.6,1270.0,1000.0,79.0,42.0,84.3,95.0,853
2024-03-20T06:19:50.000000+00:00,234.9,50.3,234.8,50.3,228.9,50.3,5.6,1270.0,1000.0,79.0,42.0,84.1,95.0,853
2024-03-20T06:20:50.000000+00:00,235.3,50.4,235.9,50.4,228.9,50.4,5.5,1270.0,1000.0,79.0,42.0,84.1,95.0,853
2024-03-20T06:21:50.000000+00:00,235.4,50.3,236.3,50.3,228.9,50.3,5.6,1270.0,1000.0,79.0,43.0,84.0,96.0,853
2024-03-20T06:22:50.000000+00:00,235.8,50.3,235.8,50.3,228.9,50.3,5.6,1280.0,1000.0,78.0,43.0,84.0,96.0,853
2024-03-20T06:23:50.000000+00:00,236.7,50.4,236.2,50.4,228.9,50.4,5.5,1270.0,1000.0,79.0,42.0,83.9,96.0,853
2024-03-20T06:24:50.000000+00:00,237.1,50.3,237.1,50.3,228.9,50.3,5.5,1270.0,990.0,78.0,42.0,83.9,96.0,853
2024-03-20T06:25:50.000000+00:00,237.2,50.3,237.0,50.3,228.9,50.3,5.5,1270.0,990.0,78.0,42.0,83.9,96.0,853
2024-03-20T06:26:50.000000+00:00,237.6,50.4,237.5,50.4,228.9,50.4,5.6,1270.0,1000.0,79.0,42.0,83.9,96.0,853
2024-03-20T06:27:50.000000+00:00,237.2,50.3,237.8,50.3,228.9,50.3,5.5,1270.0,990.0,78.0,42.0,84.2,96.0,853
2024-03-20T06:28:50.000000+00:00,236.7,50.4,236.7,50.4,228.9,50.4,5.5,1270.0,990.0,78.0,42.0,84.3,96.0,853
2024-03-20T06:29:50.000000+00:00,237.4,50.5,238.0,50.5,228.9,50.5,5.6,1270.0,1000.0,79.0,42.0,84.3,96.0,853
2024-03-20T06:30:50.000000+00:00,237.9,50.5,237.9,50.5,228.9,50.5,5.5,1260.0,990.0,79.0,42.0,84.4,96.0,853
2024-03-20T06:31:50.000000+00:00,235.0,50.4,235.5,50.4,228.9,50.4,5.5,1260.0,990.0,79.0,42.0,84.4,96.0,853
2024-03-20T06:32:50.000000+00:00,235.8,50.4,235.3,50.4,228.9,50.4,5.6,1270.0,1000.0,79.0,42.0,84.4,96.0,853
2024-03-20T06:33:50.000000+00:00,235.3,50.5,235.3,50.5,228.9,50.5,5.5,1270.0,1000.0,79.0,42.0,84.2,96.0,853
2024-03-20T06:34:50.000000+00:00,236.3,50.5,236.3,50.5,228.9,50.5,5.5,1270.0,1000.0,79.0,42.0,84.1,96.0,854
2024-03-20T06:35:50.000000+00:00,235.0,50.3,235.4,50.3,228.9,50.3,5.5,1270.0,990.0,78.0,42.0,84.0,96.0,854
2024-03-20T06:36:50.000000+00:00,235.6,50.4,236.0,50.4,228.9,50.4,5.5,1270.0,1000.0,79.0,42.0,84.0,96.0,854
2024-03-20T06:37:50.000000+00:00,235.3,50.3,235.3,50.3,228.9,50.3,5.5,1270.0,990.0,78.0,43.0,84.0,96.0,854
2024-03-20T06:38:50.000000+00:00,237.7,50.3,237.7,50.3,228.9,50.3,5.5,1270.0,990.0,78.0,42.0,83.9,96.0,854
2024-03-20T06:39:50.000000+00:00,236.1,50.2,236.1,50.2,228.9,50.2,5.5,1270.0,990.0,78.0,43.0,83.9,96.0,854
2024-03-20T06:40:50.000000+00:00,235.3,50.0,235.8,50.0,228.9,50.0,5.6,1290.0,1000.0,78.0,43.0,84.0,96.0,854
2024-03-20T06:41:50.000000+00:00,234.3,49.7,234.3,49.7,228.9,49.7,5.7,1300.0,1000.0,77.0,44.0,84.2,96.0,854
2024-03-20T06:42:50.000000+00:00,233.0,49.7,233.9,49.7,228.9,49.7,5.7,1300.0,1000.0,77.0,44.0,84.3,96.0,854
2024-03-20T06:43:50.000000+00:00,234.1,49.8,234.1,49.8,228.9,49.8,5.6,1290.0,1000.0,78.0,43.0,84.4,96.0,854
2024-03-20T06:44:50.000000+00:00,234.7,50.0,234.6,50.0,228.9,50.0,5.6,1290.0,1000.0,78.0,43.0,84.4,96.0,854
2024-03-20T06:45:50.000000+00:00,234.4,49.9,234.4,49.9,228.9,49.9,5.7,1300.0,1010.0,78.0,43.0,84.4,96.0,854
2024-03-20T06:46:50.000000+00:00,234.5,49.9,233.6,49.9,228.9,49.9,5.6,1280.0,1000.0,78.0,43.0,84.4,96.0,854
2024-03-20T06:47:50.000000+00:00,234.1,49.9,234.1,49.9,228.9,49.9,5.6,1290.0,1000.0,78.0,43.0,84.2,96.0,854
2024-03-20T06:48:50.000000+00:00,235.3,50.0,234.6,50.0,228.9,50.0,5.6,1280.0,1000.0,78.0,43.0,84.1,96.0,854
2024-03-20T06:49:51.000000+00:00,236.3,50.2,235.9,50.2,228.9,50.2,5.6,1280.0,1000.0,78.0,43.0,84.0,96.0,854
2024-03-20T06:50:51.000000+00:00,236.0,50.0,236.0,50.0,228.9,50.0,5.6,1280.0,1000.0,78.0,43.0,84.0,96.0,854
2024-03-20T06:51:51.000000+00:00,236.3,50.3,236.1,50.3,228.9,50.3,5.6,1270.0,1000.0,79.0,43.0,84.0,96.0,854
2024-03-20T06:52:51.000000+00:00,234.9,50.0,234.9,50.0,228.9,50.0,5.6,1280.0,1000.0,78.0,43.0,83.9,96.0,854
2024-03-20T06:53:51.000000+00:00,235.0,50.1,234.8,50.1,228.9,50.1,5.6,1290.0,1000.0,78.0,43.0,83.9,96.0,854
2024-03-20T06:54:51.000000+00:00,235.4,50.1,235.4,50.1,228.9,50.1,5.6,1280.0,990.0,77.0,43.0,83.9,96.0,855
2024-03-20T06:55:51.000000+00:00,236.2,50.3,235.5,50.3,228.9,50.3,5.6,1270.0,990.0,78.0,43.0,84.2,96.0,807
2024-03-20T06:56:51.000000+00:00,235.7,50.3,236.6,50.3,228.9,50.3,5.7,1310.0,1040.0,79.0,44.0,84.3,96.0,867
2024-03-20T06:57:51.000000+00:00,235.9,50.4,235.9,50.4,228.9,50.4,5.7,1310.0,1040.0,79.0,44.0,84.4,96.0,807
2024-03-20T06:58:51.000000+00:00,236.5,50.4,236.5,50.4,228.9,50.4,5.7,1300.0,1030.0,79.0,44.0,84.4,96.0,807
2024-03-20T06:59:51.000000+00:00,236.2,50.3,236.2,50.3,228.9,50.3,5.7,1300.0,1030.0,79.0,44.0,84.4,96.0,807
2024-03-20T07:00:51.000000+00:00,237.1,50.4,237.1,50.4,228.9,50.4,5.5,1270.0,990.0,78.0,42.0,84.4,96.0,796
2024-03-20T07:01:51.000000+00:00,237.1,50.4,236.7,50.4,228.9,50.4,5.7,1310.0,1040.0,79.0,44.0,84.2,96.0,796
2024-03-20T07:02:51.000000+00:00,236.6,50.4,236.6,50.4,228.9,50.4,5.7,1300.0,1030.0,79.0,44.0,84.1,96.0,807
2024-03-20T07:03:51.000000+00:00,235.9,50.4,236.3,50.4,228.9,50.4,5.8,1320.0,1050.0,80.0,44.0,84.0,96.0,807
2024-03-20T07:04:51.000000+00:00,236.2,50.3,236.2,50.3,228.9,50.3,5.5,1270.0,990.0,78.0,42.0,84.0,96.0,796
2024-03-20T07:05:51.000000+00:00,237.2,50.3,236.8,50.3,228.9,50.3,5.7,1310.0,1040.0,79.0,43.0,83.9,96.0,819
2024-03-20T07:06:51.000000+00:00,236.4,50.3,236.0,50.3,228.9,50.3,5.7,1310.0,1040.0,79.0,44.0,83.9,96.0,796
2024-03-20T07:07:51.000000+00:00,235.3,50.1,235.3,50.1,228.9,50.1,5.8,1330.0,1050.0,79.0,44.0,83.9,96.0,808
2024-03-20T07:08:51.000000+00:00,234.2,50.2,234.3,50.2,228.9,50.2,5.5,1270.0,990.0,78.0,43.0,83.9,96.0,855
2024-03-20T07:09:51.000000+00:00,233.5,50.1,233.5,50.1,228.9,50.0,5.6,1280.0,990.0,77.0,42.0,84.1,96.0,855
2024-03-20T07:10:51.000000+00:00,237.8,50.3,237.8,50.3,228.9,50.3,5.6,1270.0,1000.0,79.0,43.0,84.2,96.0,855
2024-03-20T07:11:51.000000+00:00,237.7,50.3,237.2,50.3,228.9,50.3,5.6,1280.0,1010.0,79.0,42.0,84.3,96.0,855
2024-03-20T07:12:51.000000+00:00,238.0,50.2,237.0,50.2,228.9,50.2,5.6,1270.0,1000.0,79.0,42.0,84.4,96.0,868
2024-03-20T07:13:51.000000+00:00,238.1,50.1,237.3,50.1,228.9,50.1,5.6,1290.0,1000.0,78.0,43.0,84.4,96.0,808
2024-03-20T07:14:51.000000+00:00,236.3,49.6,236.3,49.6,228.9,49.6,5.8,1340.0,1040.0,78.0,45.0,84.4,96.0,797
2024-03-20T07:15:51.000000+00:00,238.3,49.8,238.0,49.8,228.9,49.8,5.7,1300.0,1010.0,78.0,45.0,84.3,96.0,856
2024-03-20T07:16:51.000000+00:00,236.9,49.9,236.9,49.9,228.9,49.9,5.6,1290.0,1000.0,78.0,43.0,84.2,96.0,856
2024-03-20T07:17:51.000000+00:00,235.6,49.9,235.6,49.9,228.9,49.9,5.7,1300.0,1010.0,78.0,43.0,84.1,96.0,856
2024-03-20T07:18:51.000000+00:00,236.7,50.3,237.1,50.3,228.9,50.3,5.6,1280.0,1000.0,78.0,42.0,84.0,96.0,808
2024-03-20T07:19:51.000000+00:00,237.4,50.3,236.9,50.3,228.9,50.3,5.6,1270.0,1000.0,79.0,42.0,84.0,96.0,856
2024-03-20T07:20:51.000000+00:00,237.2,49.9,237.2,49.9,228.9,49.9,5.6,1290.0,1000.0,78.0,43.0,83.9,96.0,868
2024-03-20T07:21:51.000000+00:00,236.6,49.9,236.5,49.9,228.9,49.9,5.6,1290.0,1000.0,78.0,43.0,83.9,96.0,797
2024-03-20T07:22:51.000000+00:00,236.6,50.0,237.1,50.0,228.9,50.0,5.6,1280.0,1000.0,78.0,44.0,84.0,96.0,868
2024-03-20T07:23:51.000000+00:00,237.2,50.0,237.1,50.0,228.9,50.0,5.6,1290.0,1010.0,78.0,43.0,84.1,96.0,856
2024-03-20T07:24:51.000000+00:00,237.7,50.1,238.1,50.1,228.9,50.1,5.6,1280.0,1000.0,78.0,43.0,84.2,96.0,844
2024-03-20T07:25:51.000000+00:00,237.9,50.2,237.3,50.2,228.9,50.2,5.6,1280.0,1000.0,78.0,43.0,84.3,96.0,844
2024-03-20T07:26:51.000000+00:00,238.4,50.2,237.6,50.2,228.9,50.2,5.6,1280.0,1010.0,79.0,43.0,84.3,96.0,844
2024-03-20T07:27:51.000000+00:00,238.9,50.1,238.4,50.1,228.9,50.2,5.6,1270.0,990.0,78.0,42.0,84.4,96.0,844
2024-03-20T07:28:51.000000+00:00,237.5,50.3,237.5,50.3,228.9,50.3,5.6,1280.0,1000.0,78.0,43.0,84.3,96.0,869
2024-03-20T07:29:51.000000+00:00,237.3,50.3,238.4,50.3,228.9,50.3,5.6,1280.0,1010.0,79.0,42.0,84.2,96.0,797
2024-03-20T07:30:51.000000+00:00,237.5,50.4,238.2,50.4,228.9,50.4,5.7,1310.0,1040.0,79.0,42.0,84.2,96.0,856
2024-03-20T07:31:51.000000+00:00,238.1,50.4,239.3,50.4,228.9,50.4,5.5,1270.0,990.0,78.0,42.0,84.1,96.0,856
2024-03-20T07:32:51.000000+00:00,238.5,50.4,238.5,50.4,228.9,50.4,5.5,1270.0,1000.0,79.0,42.0,84.0,96.0,856
2024-03-20T07:33:51.000000+00:00,238.3,50.1,238.3,50.1,228.9,50.1,5.6,1280.0,1000.0,78.0,43.0,84.0,96.0,856
2024-03-20T07:34:51.000000+00:00,237.8,50.3,237.8,50.3,228.9,50.3,5.6,1270.0,1000.0,79.0,43.0,83.9,96.0,856
2024-03-20T07:35:51.000000+00:00,238.9,50.3,238.1,50.3,228.9,50.3,5.7,1310.0,1030.0,79.0,43.0,83.9,96.0,809
2024-03-20T07:36:51.000000+00:00,238.2,50.4,238.2,50.4,228.9,50.4,5.7,1310.0,1030.0,79.0,43.0,84.2,96.0,809
2024-03-20T07:37:51.000000+00:00,238.8,50.3,238.8,50.3,228.9,50.3,5.5,1270.0,990.0,78.0,42.0,84.2,96.0,869
2024-03-20T07:38:51.000000+00:00,238.9,50.4,238.9,50.4,228.9,50.4,5.5,1260.0,990.0,79.0,42.0,84.3,96.0,857
2024-03-20T07:39:51.000000+00:00,238.8,50.4,238.8,50.4,228.9,50.4,5.5,1270.0,990.0,78.0,42.0,84.3,96.0,857
2024-03-20T07:40:51.000000+00:00,237.9,50.4,238.3,50.4,228.9,50.4,5.7,1310.0,1040.0,79.0,44.0,84.4,96.0,809
2024-03-20T07:41:51.000000+00:00,238.2,50.5,238.3,50.5,228.9,50.5,5.7,1300.0,1030.0,79.0,44.0,84.4,96.0,857
2024-03-20T07:42:51.000000+00:00,237.9,50.5,237.9,50.5,228.9,50.5,5.5,1270.0,1000.0,79.0,42.0,84.2,96.0,869
2024-03-20T07:43:51.000000+00:00,237.8,50.4,237.8,50.4,228.9,50.4,5.6,1270.0,1000.0,79.0,42.0,84.2,96.0,870
2024-03-20T07:44:52.000000+00:00,238.3,50.3,238.3,50.3,228.9,50.3,5.5,1270.0,990.0,78.0,43.0,84.1,96.0,870
2024-03-20T07:45:52.000000+00:00,237.7,50.4,237.7,50.4,228.9,50.3,5.6,1280.0,1000.0,78.0,43.0,84.0,96.0,870
2024-03-20T07:46:52.000000+00:00,236.7,50.1,237.5,50.1,228.9,50.1,5.6,1280.0,1000.0,78.0,43.0,84.0,96.0,870
2024-03-20T07:47:52.000000+00:00,237.8,50.2,237.3,50.2,228.9,50.2,5.6,1280.0,1000.0,78.0,43.0,83.9,96.0,870
2024-03-20T07:48:52.000000+00:00,238.2,50.4,238.2,50.4,228.9,50.4,5.5,1260.0,990.0,79.0,42.0,83.9,96.0,798
2024-03-20T07:49:52.000000+00:00,237.8,50.3,237.4,50.3,228.9,50.3,5.6,1280.0,1000.0,78.0,43.0,84.1,96.0,870
2024-03-20T07:50:52.000000+00:00,236.6,50.3,236.6,50.3,228.9,50.3,5.5,1270.0,1000.0,79.0,42.0,84.2,96.0,870
2024-03-20T07:51:52.000000+00:00,236.1,50.2,236.6,50.2,228.9,50.2,5.6,1280.0,1000.0,78.0,43.0,84.3,96.0,857
2024-03-20T07:52:52.000000+00:00,237.7,50.3,237.2,50.3,228.9,50.3,5.6,1270.0,1000.0,79.0,42.0,84.4,96.0,857
2024-03-20T07:53:52.000000+00:00,236.2,50.2,236.6,50.2,228.9,50.2,5.6,1280.0,1000.0,78.0,44.0,84.4,96.0,870
2024-03-20T07:54:52.000000+00:00,237.3,50.3,237.7,50.3,228.9,50.3,5.6,1270.0,1000.0,79.0,43.0,84.4,96.0,810
2024-03-20T07:55:52.000000+00:00,236.8,50.3,236.8,50.3,228.9,50.3,5.7,1310.0,1030.0,79.0,44.0,84.2,96.0,799
2024-03-20T07:56:52.000000+00:00,236.4,50.2,236.9,50.2,228.9,50.2,5.5,1270.0,990.0,78.0,42.0,84.1,96.0,810
2024-03-20T07:57:52.000000+00:00,236.4,50.3,236.4,50.3,228.9,50.3,5.6,1270.0,1000.0,79.0,42.0,84.0,96.0,870
2024-03-20T07:58:52.000000+00:00,236.3,50.2,236.3,50.2,228.9,50.2,5.6,1280.0,1000.0,78.0,42.0,84.0,96.0,870
2024-03-20T07:59:52.000000+00:00,235.7,50.1,235.7,50.1,228.9,50.1,5.6,1280.0,1000.0,78.0,43.0,83.9,96.0,870
2024-03-20T08:00:52.000000+00:00,235.4,49.8,235.4,49.8,228.9,49.8,5.7,1310.0,1010.0,77.0,44.0,83.9,96.0,870
2024-03-20T08:01:52.000000+00:00,233.3,49.6,233.2,49.6,228.9,49.6,5.7,1300.0,1000.0,77.0,43.0,84.0,96.0,870
2024-03-20T08:02:52.000000+00:00,235.0,49.6,235.9,49.6,228.9,49.7,5.7,1300.0,1000.0,77.0,44.0,84.2,96.0,870
2024-03-20T08:03:52.000000+00:00,237.1,49.8,237.5,49.8,228.9,49.8,5.6,1290.0,1000.0,78.0,43.0,84.3,96.0,871
2024-03-20T08:04:52.000000+00:00,238.1,49.9,238.1,50.0,228.9,50.0,5.7,1300.0,1010.0,78.0,43.0,84.3,96.0,871
2024-03-20T08:05:52.000000+00:00,237.4,50.0,237.4,50.0,228.9,50.0,5.6,1290.0,1000.0,78.0,43.0,84.4,96.0,871
2024-03-20T08:06:52.000000+00:00,237.8,49.8,237.8,49.8,228.9,49.8,5.7,1300.0,1010.0,78.0,43.0,84.4,96.0,871
2024-03-20T08:07:52.000000+00:00,237.1,49.8,237.5,49.8,228.9,49.8,5.7,1300.0,1010.0,78.0,43.0,84.3,96.0,871
2024-03-20T08:08:52.000000+00:00,239.7,49.9,240.2,49.9,228.9,49.9,5.7,1310.0,1020.0,78.0,43.0,84.1,96.0,871
2024-03-20T08:09:52.000000+00:00,237.6,49.9,238.1,49.9,228.9,49.9,5.6,1290.0,1000.0,78.0,43.0,84.0,96.0,871
2024-03-20T08:10:52.000000+00:00,238.1,50.2,238.6,50.2,228.9,50.2,5.6,1280.0,1000.0,78.0,43.0,84.0,96.0,871
2024-03-20T08:11:52.000000+00:00,240.5,50.3,240.0,50.3,228.9,50.3,5.5,1270.0,990.0,78.0,42.0,83.9,96.0,871
2024-03-20T08:12:52.000000+00:00,235.8,50.4,235.4,50.3,228.9,50.3,5.5,1270.0,990.0,78.0,42.0,83.9,96.0,871
2024-03-20T08:13:52.000000+00:00,235.4,50.3,234.8,50.3,228.9,50.3,5.6,1270.0,990.0,78.0,42.0,83.9,96.0,871
2024-03-20T08:14:52.000000+00:00,237.8,50.3,236.7,50.3,228.9,50.3,5.5,1270.0,990.0,78.0,42.0,84.1,96.0,871
2024-03-20T08:15:52.000000+00:00,236.9,50.2,236.9,50.2,228.9,50.2,5.6,1270.0,990.0,78.0,43.0,84.2,96.0,871
2024-03-20T08:16:52.000000+00:00,236.2,50.3,236.2,50.3,228.9,50.3,5.6,1280.0,1000.0,78.0,43.0,84.3,96.0,871
2024-03-20T08:17:52.000000+00:00,236.1,50.1,236.1,50.1,228.9,50.1,5.6,1280.0,990.0,77.0,43.0,84.4,96.0,859
2024-03-20T08:18:52.000000+00:00,236.7,50.2,237.8,50.2,228.9,50.2,5.6,1280.0,1000.0,78.0,43.0,84.4,96.0,859
2024-03-20T08:19:52.000000+00:00,235.5,50.0,236.0,50.0,228.9,50.0,5.6,1290.0,1000.0,78.0,43.0,84.4,96.0,859
2024-03-20T08:20:52.000000+00:00,235.2,50.0,235.2,50.0,228.9,50.0,5.6,1290.0,1000.0,78.0,43.0,84.2,96.0,859
2024-03-20T08:21:52.000000+00:00,235.9,50.1,235.9,50.1,228.9,50.1,5.6,1280.0,990.0,77.0,43.0,84.1,96.0,859
2024-03-20T08:22:52.000000+00:00,236.5,50.0,236.5,50.0,228.9,50.0,5.6,1280.0,990.0,77.0,43.0,84.0,96.0,859
2024-03-20T08:23:52.000000+00:00,235.1,49.9,234.5,49.9,228.9,49.9,5.7,1300.0,1010.0,78.0,43.0,84.0,96.0,859
2024-03-20T08:24:52.000000+00:00,233.6,49.7,233.6,49.7,228.9,49.7,5.7,1300.0,1000.0,77.0,43.0,84.0,96.0,859
2024-03-20T08:25:52.000000+00:00,234.2,49.9,235.2,49.9,228.9,49.9,5.6,1290.0,1000.0,78.0,43.0,83.9,96.0,859
2024-03-20T08:26:52.000000+00:00,236.6,50.3,236.5,50.3,228.9,50.3,5.6,1280.0,1000.0,78.0,42.0,83.9,96.0,859
2024-03-20T08:27:52.000000+00:00,235.0,49.9,235.8,49.9,228.9,49.9,5.6,1280.0,1000.0,78.0,43.0,83.9,96.0,859
2024-03-20T08:28:52.000000+00:00,235.8,50.1,234.9,50.1,228.9,50.1,5.6,1280.0,1000.0,78.0,43.0,84.1,96.0,859
2024-03-20T08:29:52.000000+00:00,235.4,50.1,235.0,50.1,228.9,50.1,5.6,1280.0,1000.0,78.0,43.0,84.3,96.0,859
2024-03-20T08:30:52.000000+00:00,234.9,50.1,234.9,50.1,228.9,50.1,5.6,1280.0,1000.0,78.0,43.0,84.3,96.0,859
2024-03-20T08:31:52.000000+00:00,236.0,50.2,236.0,50.2,228.9,50.2,5.6,1270.0,990.0,78.0,43.0,84.4,96.0,859
2024-03-20T08:32:52.000000+00:00,235.2,50.2,234.7,50.2,228.9,50.2,5.6,1280.0,1000.0,78.0,43.0,84.4,96.0,859
2024-03-20T08:33:52.000000+00:00,235.1,50.2,235.6,50.2,228.9,50.2,5.6,1280.0,1000.0,78.0,43.0,84.4,96.0,859
2024-03-20T08:34:52.000000+00:00,234.1,50.1,234.5,50.1,228.9,50.1,5.6,1290.0,1010.0,78.0,43.0,84.2,96.0,859
2024-03-20T08:35:53.000000+00:00,234.9,50.2,234.3,50.2,228.9,50.2,5.6,1280.0,1000.0,78.0,42.0,84.1,96.0,859
2024-03-20T08:36:53.000000+00:00,235.1,50.4,235.0,50.4,228.9,50.4,5.5,1270.0,1000.0,79.0,42.0,84.0,96.0,860
2024-03-20T08:37:53.000000+00:00,236.5,50.4,236.3,50.4,228.9,50.4,5.5,1270.0,1000.0,79.0,42.0,84.0,96.0,860
2024-03-20T08:38:53.000000+00:00,236.4,50.3,236.4,50.3,228.9,50.3,5.6,1270.0,1000.0,79.0,42.0,83.9,96.0,860
2024-03-20T08:39:53.000000+00:00,236.7,50.4,237.1,50.4,228.9,50.4,5.5,1270.0,990.0,78.0,42.0,83.9,96.0,860
2024-03-20T08:40:53.000000+00:00,235.7,50.3,236.2,50.3,228.9,50.3,5.6,1270.0,1000.0,79.0,43.0,83.9,96.0,860
2024-03-20T08:41:53.000000+00:00,234.7,50.0,234.3,50.0,228.9,50.0,5.6,1290.0,1000.0,78.0,43.0,83.9,96.0,860
2024-03-20T08:42:53.000000+00:00,235.6,49.8,235.6,49.8,228.9,49.8,5.6,1300.0,1000.0,77.0,43.0,83.9,96.0,860
2024-03-20T08:43:53.000000+00:00,236.6,50.3,237.0,50.3,228.9,50.3,5.5,1260.0,990.0,79.0,42.0,84.1,96.0,860
2024-03-20T08:44:53.000000+00:00,236.8,50.4,237.2,50.4,228.9,50.4,5.5,1270.0,990.0,78.0,42.0,84.2,96.0,860
2024-03-20T08:45:53.000000+00:00,236.4,50.4,236.4,50.4,228.9,50.4,5.6,1280.0,1010.0,79.0,43.0,84.3,96.0,860
2024-03-20T08:46:53.000000+00:00,236.6,50.4,237.2,50.4,228.9,50.4,5.5,1270.0,1000.0,79.0,43.0,84.4,96.0,860
2024-03-20T08:47:53.000000+00:00,237.5,50.3,237.5,50.3,228.9,50.3,5.5,1270.0,1000.0,79.0,42.0,84.4,96.0,860
2024-03-20T08:48:53.000000+00:00,236.6,50.1,237.0,50.1,228.9,50.1,5.6,1280.0,990.0,77.0,43.0,84.4,96.0,860
2024-03-20T08:49:53.000000+00:00,236.2,50.1,236.2,50.1,228.9,50.1,5.6,1280.0,1000.0,78.0,43.0,84.2,96.0,860
2024-03-20T08:50:53.000000+00:00,236.4,50.0,236.4,50.0,228.9,50.0,5.6,1290.0,1000.0,78.0,43.0,84.0,96.0,860
2024-03-20T08:51:53.000000+00:00,234.5,49.7,234.5,49.7,228.9,49.7,5.6,1300.0,1000.0,77.0,44.0,84.0,96.0,860
2024-03-20T08:52:53.000000+00:00,235.1,49.7,235.0,49.7,228.9,49.7,5.7,1300.0,1000.0,77.0,43.0,83.9,96.0,860
2024-03-20T08:53:53.000000+00:00,236.1,50.0,235.1,50.0,228.9,50.0,5.6,1280.0,1000.0,78.0,43.0,83.9,96.0,860
2024-03-20T08:54:53.000000+00:00,235.3,49.9,235.3,49.9,228.9,49.9,5.7,1290.0,1000.0,78.0,43.0,83.9,96.0,860
2024-03-20T08:55:53.000000+00:00,234.6,49.8,234.6,49.8,228.9,49.8,5.6,1290.0,1000.0,78.0,43.0,83.9,96.0,860
2024-03-20T08:56:53.000000+00:00,234.9,49.9,235.3,49.9,228.9,49.9,5.6,1290.0,1000.0,78.0,43.0,83.9,96.0,860
2024-03-20T08:57:53.000000+00:00,235.0,50.0,235.0,50.0,228.9,50.0,5.6,1280.0,1000.0,78.0,43.0,83.9,96.0,861
2024-03-20T08:58:53.000000+00:00,234.4,50.0,234.4,50.0,228.9,50.0,5.6,1280.0,1000.0,78.0,43.0,83.8,96.0,861
2024-03-20T08:59:53.000000+00:00,236.3,49.9,235.3,49.9,228.9,49.9,5.6,1290.0,1000.0,78.0,43.0,83.8,96.0,861
2024-03-20T09:00:53.000000+00:00,236.4,49.9,235.7,49.9,228.9,49.9,5.6,1290.0,1000.0,78.0,43.0,84.0,96.0,861
2024-03-20T09:01:53.000000+00:00,236.1,50.0,236.1,50.0,228.9,50.0,5.6,1290.0,1000.0,78.0,43.0,84.2,96.0,861
2024-03-20T09:02:53.000000+00:00,235.3,49.7,234.8,49.7,228.9,49.7,5.6,1290.0,1000.0,78.0,43.0,84.3,96.0,861
2024-03-20T09:03:53.000000+00:00,235.3,49.8,235.3,49.8,228.9,49.8,5.7,1300.0,1000.0,77.0,43.0,84.3,96.0,861
2024-03-20T09:04:53.000000+00:00,234.8,49.7,234.8,49.7,228.9,49.7,5.7,1300.0,1010.0,78.0,43.0,84.4,96.0,861
2024-03-20T09:05:53.000000+00:00,235.1,49.9,234.7,49.9,228.9,49.9,5.7,1300.0,1010.0,78.0,43.0,84.4,96.0,861
2024-03-20T09:06:53.000000+00:00,235.7,49.8,236.1,49.8,228.9,49.8,5.6,1290.0,1000.0,78.0,43.0,84.2,96.0,861
2024-03-20T09:07:53.000000+00:00,236.8,49.9,236.8,49.9,228.9,49.9,5.6,1290.0,1000.0,78.0,43.0,84.0,96.0,861
2024-03-20T09:08:53.000000+00:00,237.1,49.9,237.0,49.9,228.9,49.9,5.6,1290.0,1000.0,78.0,43.0,84.0,96.0,861
2024-03-20T09:09:53.000000+00:00,236.0,49.9,236.0,49.9,228.9,49.9,5.7,1300.0,1000.0,77.0,43.0,83.9,96.0,861
2024-03-20T09:10:53.000000+00:00,236.5,49.9,236.5,49.9,228.9,49.9,5.6,1290.0,1000.0,78.0,43.0,83.9,96.0,861
2024-03-20T09:11:53.000000+00:00,237.1,50.0,237.1,50.0,228.9,50.0,5.6,1280.0,1000.0,78.0,43.0,83.9,96.0,861
2024-03-20T09:12:53.000000+00:00,237.3,50.3,237.3,50.3,228.9,50.2,5.6,1270.0,1000.0,79.0,43.0,83.9,96.0,861
2024-03-20T09:13:53.000000+00:00,238.1,50.4,238.1,50.4,228.9,50.4,5.5,1270.0,990.0,78.0,42.0,83.8,96.0,861
2024-03-20T09:14:53.000000+00:00,238.9,50.3,238.9,50.3,228.9,50.3,5.5,1270.0,990.0,78.0,42.0,83.8,96.0,861
2024-03-20T09:15:53.000000+00:00,238.3,50.4,238.4,50.4,228.9,50.3,5.5,1260.0,990.0,79.0,42.0,83.8,96.0,861
2024-03-20T09:16:53.000000+00:00,238.8,50.5,238.8,50.5,228.9,50.5,5.5,1260.0,990.0,79.0,42.0,83.8,96.0,861
2024-03-20T09:17:53.000000+00:00,238.0,50.4,238.0,50.4,228.9,50.4,5.5,1270.0,990.0,78.0,42.0,83.8,96.0,862
2024-03-20T09:18:53.000000+00:00,237.7,50.4,238.2,50.4,228.9,50.4,5.5,1270.0,1000.0,79.0,42.0,84.1,96.0,862
2024-03-20T09:19:53.000000+00:00,238.2,50.5,238.3,50.5,228.9,50.5,5.5,1270.0,1000.0,79.0,42.0,84.2,96.0,862
2024-03-20T09:20:53.000000+00:00,238.0,50.4,237.9,50.4,228.9,50.4,5.5,1270.0,990.0,78.0,42.0,84.3,96.0,862
2024-03-20T09:21:53.000000+00:00,238.1,50.3,238.6,50.3,228.9,50.3,5.6,1270.0,1000.0,79.0,42.0,84.3,96.0,862
2024-03-20T09:22:53.000000+00:00,237.8,50.1,237.8,50.1,228.9,50.1,5.6,1280.0,990.0,77.0,43.0,84.3,96.0,862
2024-03-20T09:23:54.000000+00:00,236.8,50.2,237.3,50.2,228.9,50.2,5.6,1280.0,1000.0,78.0,42.0,84.4,97.0,862
2024-03-20T09:24:54.000000+00:00,236.8,49.9,236.8,49.9,228.9,49.9,5.6,1290.0,1000.0,78.0,43.0,84.2,97.0,862
2024-03-20T09:25:54.000000+00:00,236.6,49.8,236.3,49.9,228.9,49.8,5.6,1290.0,1000.0,78.0,43.0,84.0,97.0,862
2024-03-20T09:26:54.000000+00:00,236.6,49.9,236.6,49.9,228.9,49.9,5.6,1290.0,1000.0,78.0,43.0,84.0,97.0,862
2024-03-20T09:27:54.000000+00:00,237.0,50.0,237.0,50.0,228.9,50.0,5.6,1290.0,1010.0,78.0,43.0,83.9,97.0,862
2024-03-20T09:28:54.000000+00:00,236.1,50.0,236.1,50.0,228.9,50.0,5.6,1290.0,1000.0,78.0,43.0,83.9,97.0,862
2024-03-20T09:29:54.000000+00:00,237.5,50.0,237.5,50.0,228.9,50.0,5.6,1280.0,1000.0,78.0,43.0,83.9,97.0,862
2024-03-20T09:30:54.000000+00:00,238.5,50.1,238.5,50.1,228.9,50.1,5.6,1280.0,1000.0,78.0,43.0,83.9,97.0,862
2024-03-20T09:31:54.000000+00:00,240.2,50.1,240.2,50.1,228.9,50.1,5.6,1280.0,1000.0,78.0,43.0,83.8,97.0,862
2024-03-20T09:32:54.000000+00:00,239.5,50.0,239.6,50.0,228.9,50.0,5.6,1280.0,990.0,77.0,43.0,83.8,97.0,862
2024-03-20T09:33:54.000000+00:00,240.4,50.2,240.4,50.2,228.9,50.2,5.6,1280.0,1000.0,78.0,42.0,83.8,97.0,862
2024-03-20T09:34:54.000000+00:00,239.9,50.1,238.8,50.1,228.9,50.1,5.6,1280.0,1000.0,78.0,43.0,83.8,97.0,862
2024-03-20T09:35:54.000000+00:00,238.7,49.8,238.7,49.8,228.9,49.8,5.6,1290.0,1000.0,78.0,43.0,84.0,97.0,862
2024-03-20T09:36:54.000000+00:00,240.0,49.9,239.4,49.9,228.9,49.9,5.6,1290.0,1000.0,78.0,43.0,84.1,97.0,862
2024-03-20T09:37:54.000000+00:00,240.0,50.0,239.5,50.0,228.9,50.0,5.6,1280.0,1000.0,78.0,43.0,84.2,97.0,862
2024-03-20T09:38:54.000000+00:00,240.1,50.0,240.1,50.0,228.9,50.0,5.6,1290.0,1000.0,78.0,43.0,84.3,97.0,863
2024-03-20T09:39:54.000000+00:00,239.5,50.0,239.5,50.0,228.9,50.0,5.6,1280.0,1000.0,78.0,43.0,84.3,97.0,863
2024-03-20T09:40:54.000000+00:00,239.7,50.3,238.8,50.3,228.9,50.3,5.6,1270.0,1000.0,79.0,42.0,84.4,97.0,863
2024-03-20T09:41:54.000000+00:00,239.3,50.4,239.3,50.4,228.9,50.4,5.5,1270.0,990.0,78.0,42.0,84.2,97.0,863
2024-03-20T09:42:54.000000+00:00,238.9,50.3,239.8,50.4,228.9,50.4,5.5,1270.0,1000.0,79.0,42.0,84.1,97.0,863
2024-03-20T09:43:54.000000+00:00,239.3,50.3,239.3,50.3,228.9,50.3,5.6,1280.0,1000.0,78.0,42.0,84.0,97.0,863
2024-03-20T09:44:54.000000+00:00,239.9,50.3,240.0,50.3,228.9,50.3,5.5,1270.0,990.0,78.0,42.0,84.0,97.0,863
2024-03-20T09:45:54.000000+00:00,238.0,50.1,238.0,50.1,228.9,50.1,5.6,1280.0,1000.0,78.0,42.0,83.9,97.0,863
2024-03-20T09:46:54.000000+00:00,238.6,50.1,238.0,50.1,228.9,50.1,5.6,1280.0,990.0,77.0,43.0,83.9,97.0,863
2024-03-20T09:47:54.000000+00:00,237.8,50.0,237.4,50.0,228.9,50.0,5.6,1290.0,1000.0,78.0,43.0,83.8,97.0,863
2024-03-20T09:48:54.000000+00:00,237.7,49.8,237.7,49.8,228.9,49.8,5.6,1290.0,1000.0,78.0,43.0,83.8,97.0,863
2024-03-20T09:49:54.000000+00:00,238.7,49.9,237.9,49.9,228.9,49.9,5.6,1290.0,1000.0,78.0,43.0,83.8,97.0,863
2024-03-20T09:50:54.000000+00:00,239.0,50.0,239.0,50.0,228.9,50.0,5.6,1290.0,1000.0,78.0,43.0,83.8,97.0,863
2024-03-20T09:51:54.000000+00:00,239.4,50.1,239.4,50.1,228.9,50.1,5.6,1280.0,1000.0,78.0,42.0,83.9,97.0,863
2024-03-20T09:52:54.000000+00:00,239.2,50.1,239.2,50.1,228.9,50.1,5.6,1280.0,1000.0,78.0,43.0,84.1,97.0,863
2024-03-20T09:53:54.000000+00:00,239.0,50.3,239.0,50.3,228.9,50.3,5.6,1280.0,1000.0,78.0,42.0,84.3,97.0,863
2024-03-20T09:54:54.000000+00:00,240.6,50.1,240.6,50.1,228.9,50.1,5.6,1280.0,1000.0,78.0,43.0,84.3,97.0,863
2024-03-20T09:55:54.000000+00:00,240.6,50.3,240.6,50.3,228.9,50.2,5.5,1270.0,990.0,78.0,42.0,84.3,97.0,863
2024-03-20T09:56:54.000000+00:00,237.1,50.3,237.3,50.3,228.9,50.3,5.6,1280.0,1000.0,78.0,43.0,84.3,97.0,863
2024-03-20T09:57:54.000000+00:00,237.3,50.2,237.3,50.2,228.9,50.2,5.5,1270.0,990.0,78.0,43.0,84.3,97.0,863
2024-03-20T09:58:54.000000+00:00,237.3,50.3,238.4,50.3,228.9,50.3,5.5,1260.0,990.0,79.0,42.0,84.1,97.0,864
2024-03-20T09:59:54.000000+00:00,236.5,50.3,236.5,50.3,228.9,50.3,5.5,1270.0,990.0,78.0,42.0,84.0,97.0,864
2024-03-20T10:00:54.000000+00:00,237.9,50.2,237.9,50.2,228.9,50.2,5.6,1280.0,990.0,77.0,43.0,83.9,97.0,864
2024-03-20T10:01:54.000000+00:00,237.8,50.1,236.9,50.1,228.9,50.1,5.6,1290.0,1010.0,78.0,43.0,83.9,97.0,864
2024-03-20T10:02:54.000000+00:00,237.9,50.1,237.9,50.1,228.9,50.1,5.6,1280.0,1000.0,78.0,43.0,83.9,97.0,864
2024-03-20T10:03:54.000000+00:00,238.5,50.0,237.6,50.0,228.9,50.0,5.6,1290.0,1000.0,78.0,43.0,83.8,97.0,864
2024-03-20T10:04:54.000000+00:00,238.2,50.0,237.4,50.0,228.9,50.0,5.6,1280.0,990.0,77.0,43.0,83.8,97.0,864
2024-03-20T10:05:54.000000+00:00,237.3,50.1,237.3,50.1,228.9,50.1,5.6,1280.0,990.0,77.0,43.0,83.8,97.0,864
2024-03-20T10:06:54.000000+00:00,238.3,50.2,238.2,50.2,228.9,50.2,5.6,1280.0,1000.0,78.0,43.0,83.8,97.0,864
2024-03-20T10:07:54.000000+00:00,238.1,50.1,237.6,50.1,228.9,50.1,5.6,1270.0,990.0,78.0,43.0,84.0,97.0,864
2024-03-20T10:08:54.000000+00:00,239.2,50.2,238.2,50.2,228.9,50.2,5.6,1290.0,1010.0,78.0,43.0,84.1,97.0,864
2024-03-20T10:09:54.000000+00:00,238.7,50.2,238.7,50.2,228.9,50.2,5.5,1270.0,990.0,78.0,43.0,84.3,97.0,864
2024-03-20T10:10:54.000000+00:00,238.0,50.1,237.0,50.1,228.9,50.1,5.6,1280.0,990.0,77.0,43.0,84.3,97.0,864
2024-03-20T10:11:54.000000+00:00,238.8,50.3,238.2,50.3,228.9,50.3,5.5,1270.0,1000.0,79.0,42.0,84.3,97.0,864
2024-03-20T10:12:54.000000+00:00,237.8,50.1,238.3,50.1,228.9,50.1,5.6,1270.0,990.0,78.0,43.0,84.4,97.0,864
2024-03-20T10:13:54.000000+00:00,238.1,50.2,238.6,50.2,228.9,50.2,5.5,1270.0,990.0,78.0,43.0,84.3,97.0,864
2024-03-20T10:14:54.000000+00:00,237.3,50.2,238.3,50.2,228.9,50.2,5.6,1280.0,1000.0,78.0,42.0,84.1,97.0,864
2024-03-20T10:15:55.000000+00:00,238.6,50.3,238.6,50.3,228.9,50.3,5.5,1270.0,990.0,78.0,43.0,84.0,97.0,864
2024-03-20T10:16:55.000000+00:00,238.6,50.3,238.7,50.3,228.9,50.3,5.6,1270.0,1000.0,79.0,42.0,83.9,97.0,864
2024-03-20T10:17:55.000000+00:00,238.1,50.4,238.1,50.4,228.9,50.4,5.5,1260.0,990.0,79.0,42.0,83.9,97.0,864
2024-03-20T10:18:55.000000+00:00,238.2,50.4,238.1,50.4,228.9,50.4,5.5,1270.0,990.0,78.0,42.0,83.9,97.0,864
2024-03-20T10:19:55.000000+00:00,238.9,50.4,238.3,50.4,228.9,50.4,5.5,1270.0,990.0,78.0,42.0,83.8,97.0,865
2024-03-20T10:20:55.000000+00:00,237.7,50.3,238.1,50.3,228.9,50.3,5.5,1270.0,1000.0,79.0,42.0,83.8,97.0,865
2024-03-20T10:21:55.000000+00:00,237.3,50.2,237.9,50.2,228.9,50.1,5.6,1270.0,990.0,78.0,42.0,83.8,97.0,865
2024-03-20T10:22:55.000000+00:00,237.8,50.0,237.3,50.0,228.9,50.0,5.6,1280.0,1000.0,78.0,43.0,84.0,97.0,865
2024-03-20T10:23:55.000000+00:00,236.9,49.9,236.9,49.9,228.9,49.9,5.7,1300.0,1000.0,77.0,43.0,84.2,97.0,865
2024-03-20T10:24:55.000000+00:00,237.0,49.9,236.6,49.8,228.9,49.8,5.6,1290.0,1000.0,78.0,43.0,84.3,97.0,865
2024-03-20T10:25:55.000000+00:00,236.5,49.7,236.4,49.7,228.9,49.7,5.6,1290.0,1000.0,78.0,43.0,84.3,97.0,865
2024-03-20T10:26:55.000000+00:00,237.2,49.8,237.2,49.8,228.9,49.8,5.7,1300.0,1010.0,78.0,43.0,84.3,97.0,865
2024-03-20T10:27:55.000000+00:00,236.3,49.8,236.3,49.8,228.9,49.8,5.7,1310.0,1010.0,77.0,44.0,84.4,97.0,865
2024-03-20T10:28:55.000000+00:00,236.6,49.8,236.6,49.8,228.9,49.8,5.6,1290.0,1000.0,78.0,43.0,84.1,97.0,865
2024-03-20T10:29:55.000000+00:00,236.3,49.9,236.8,49.9,228.9,49.9,5.6,1290.0,1000.0,78.0,43.0,84.0,97.0,865
2024-03-20T10:30:55.000000+00:00,237.3,50.2,237.9,50.2,228.9,50.2,5.5,1270.0,990.0,78.0,43.0,83.9,97.0,865
2024-03-20T10:31:55.000000+00:00,236.6,50.0,236.6,50.0,228.9,50.0,5.8,1330.0,1050.0,79.0,44.0,83.9,97.0,853
2024-03-20T10:32:55.000000+00:00,237.1,49.9,237.1,49.9,228.9,49.9,5.6,1290.0,1000.0,78.0,43.0,83.9,97.0,865
2024-03-20T10:33:55.000000+00:00,237.3,49.8,237.9,49.8,228.9,49.8,5.7,1300.0,1000.0,77.0,43.0,83.8,97.0,865
2024-03-20T10:34:55.000000+00:00,236.8,49.8,237.4,49.8,228.9,49.8,5.6,1290.0,1000.0,78.0,43.0,83.8,97.0,865
2024-03-20T10:35:55.000000+00:00,238.4,50.0,237.8,50.0,228.9,50.0,5.6,1290.0,1000.0,78.0,43.0,83.9,97.0,865
2024-03-20T10:36:55.000000+00:00,238.5,50.0,238.5,50.0,228.9,50.0,5.6,1280.0,1000.0,78.0,43.0,84.1,97.0,865
2024-03-20T10:37:55.000000+00:00,236.4,49.8,236.5,49.8,228.9,49.8,5.8,1330.0,1040.0,78.0,44.0,84.2,97.0,806
2024-03-20T10:38:55.000000+00:00,236.9,49.8,236.9,49.8,228.9,49.8,5.8,1340.0,1050.0,78.0,44.0,84.3,97.0,878
2024-03-20T10:39:55.000000+00:00,238.5,49.9,238.5,49.9,228.9,49.9,5.6,1290.0,1000.0,78.0,43.0,84.3,97.0,866
2024-03-20T10:40:55.000000+00:00,238.3,49.9,238.3,49.9,228.9,49.9,5.6,1290.0,1000.0,78.0,43.0,84.4,97.0,841
2024-03-20T10:41:55.000000+00:00,237.9,49.7,237.9,49.7,228.9,49.7,5.7,1300.0,1010.0,78.0,43.0,84.2,97.0,795
2024-03-20T10:42:55.000000+00:00,237.7,49.6,238.5,49.6,228.9,49.6,5.7,1310.0,1010.0,77.0,45.0,84.0,97.0,853
2024-03-20T10:43:55.000000+00:00,237.9,49.6,238.4,49.6,228.9,49.6,5.7,1300.0,1010.0,78.0,44.0,84.0,97.0,866
2024-03-20T10:44:55.000000+00:00,237.1,49.7,237.1,49.7,228.9,49.7,5.7,1300.0,1010.0,78.0,43.0,83.9,97.0,866
2024-03-20T10:45:55.000000+00:00,238.2,50.0,238.1,50.0,228.9,50.0,5.6,1280.0,1000.0,78.0,43.0,83.9,97.0,853
2024-03-20T10:46:55.000000+00:00,238.9,50.1,238.4,50.1,228.9,50.1,5.7,1320.0,1030.0,78.0,43.0,83.8,97.0,853
2024-03-20T10:47:55.000000+00:00,237.6,49.9,238.6,49.9,228.9,49.9,5.6,1290.0,1000.0,78.0,43.0,84.0,97.0,853
2024-03-20T10:48:55.000000+00:00,238.9,50.1,238.9,50.1,228.9,50.1,5.6,1280.0,1000.0,78.0,43.0,84.1,97.0,854
2024-03-20T10:49:55.000000+00:00,237.7,50.0,237.7,50.0,228.9,50.0,5.6,1290.0,1000.0,78.0,43.0,84.3,97.0,854
2024-03-20T10:50:55.000000+00:00,238.3,49.9,237.9,49.9,228.9,49.9,5.7,1300.0,1010.0,78.0,43.0,84.3,97.0,854
2024-03-20T10:51:55.000000+00:00,238.3,49.9,238.4,49.9,228.9,49.9,5.6,1290.0,1000.0,78.0,43.0,84.3,97.0,854
2024-03-20T10:52:55.000000+00:00,237.1,49.9,237.1,49.9,228.9,49.9,5.6,1290.0,1000.0,78.0,43.0,84.4,97.0,854
2024-03-20T10:53:55.000000+00:00,236.4,49.7,236.4,49.7,228.9,49.7,5.7,1310.0,1010.0,77.0,43.0,84.3,97.0,854
2024-03-20T10:54:55.000000+00:00,237.4,49.8,237.4,49.8,228.9,49.8,5.6,1290.0,1000.0,78.0,43.0,84.1,97.0,854
2024-03-20T10:55:55.000000+00:00,236.8,49.6,236.8,49.6,228.9,49.6,5.7,1310.0,1010.0,77.0,44.0,84.0,97.0,854
2024-03-20T10:56:55.000000+00:00,236.5,49.6,237.4,49.6,228.9,49.6,5.7,1310.0,1010.0,77.0,43.0,83.9,97.0,854
2024-03-20T10:57:55.000000+00:00,236.8,49.6,236.9,49.6,228.9,49.6,5.7,1300.0,1000.0,77.0,43.0,83.9,97.0,854
2024-03-20T10:58:55.000000+00:00,237.5,49.6,237.5,49.6,228.9,49.6,5.7,1300.0,1010.0,78.0,44.0,83.9,97.0,854
2024-03-20T10:59:55.000000+00:00,238.9,50.0,238.9,50.0,228.9,50.0,5.6,1280.0,1000.0,78.0,43.0,84.0,97.0,854
2024-03-20T11:00:55.000000+00:00,239.5,50.2,238.5,50.2,228.9,50.2,5.6,1280.0,1000.0,78.0,42.0,84.2,97.0,854
2024-03-20T11:01:55.000000+00:00,240.2,50.4,240.2,50.4,228.9,50.4,5.5,1260.0,990.0,79.0,42.0,84.3,97.0,854
2024-03-20T11:02:55.000000+00:00,239.0,50.4,240.0,50.4,228.9,50.4,5.5,1270.0,1000.0,79.0,42.0,84.3,97.0,854
2024-03-20T11:03:55.000000+00:00,239.5,50.4,239.5,50.4,228.9,50.4,5.6,1280.0,1000.0,78.0,42.0,84.3,97.0,854
2024-03-20T11:04:55.000000+00:00,239.3,50.4,240.3,50.4,228.9,50.4,5.5,1270.0,1000.0,79.0,42.0,84.4,97.0,854
2024-03-20T11:05:55.000000+00:00,239.9,50.4,239.9,50.4,228.9,50.4,5.5,1260.0,990.0,79.0,42.0,84.2,97.0,854
2024-03-20T11:06:55.000000+00:00,238.8,50.4,239.3,50.4,228.9,50.4,5.5,1260.0,990.0,79.0,42.0,84.1,97.0,854
2024-03-20T11:07:55.000000+00:00,237.5,50.5,237.5,50.5,228.9,50.5,5.5,1270.0,990.0,78.0,42.0,84.0,97.0,854
2024-03-20T11:08:56.000000+00:00,236.7,50.3,237.7,50.3,228.9,50.3,5.5,1270.0,990.0,78.0,42.0,83.9,97.0,854
2024-03-20T11:09:56.000000+00:00,237.5,50.4,237.5,50.4,228.9,50.4,5.6,1280.0,1000.0,78.0,42.0,83.9,97.0,855
2024-03-20T11:10:56.000000+00:00,238.0,50.4,238.1,50.4,228.9,50.4,5.5,1270.0,1000.0,79.0,42.0,83.9,97.0,855
2024-03-20T11:11:56.000000+00:00,237.2,50.2,236.8,50.2,228.9,50.2,5.5,1270.0,990.0,78.0,42.0,84.1,97.0,855
2024-03-20T11:12:56.000000+00:00,235.4,50.0,235.4,50.0,228.9,50.0,5.6,1280.0,1000.0,78.0,43.0,84.2,97.0,855
2024-03-20T11:13:56.000000+00:00,236.8,50.3,236.7,50.3,228.9,50.3,5.6,1270.0,990.0,78.0,43.0,84.3,97.0,855
2024-03-20T11:14:56.000000+00:00,237.6,50.3,237.6,50.3,228.9,50.3,5.6,1270.0,990.0,78.0,42.0,84.3,97.0,855
2024-03-20T11:15:56.000000+00:00,237.0,50.2,237.0,50.2,228.9,50.2,5.6,1270.0,990.0,78.0,43.0,84.3,97.0,855
2024-03-20T11:16:56.000000+00:00,235.8,50.0,235.9,50.0,228.9,50.0,5.7,1300.0,1010.0,78.0,43.0,84.3,97.0,855
2024-03-20T11:17:56.000000+00:00,236.0,50.1,236.0,50.1,228.9,50.1,5.6,1280.0,1000.0,78.0,43.0,84.2,97.0,855
2024-03-20T11:18:56.000000+00:00,235.0,50.1,235.0,50.1,228.9,50.1,5.6,1280.0,990.0,77.0,43.0,84.0,97.0,855
2024-03-20T11:19:56.000000+00:00,235.8,50.1,235.8,50.1,228.9,50.1,5.6,1280.0,1000.0,78.0,43.0,84.0,97.0,855
2024-03-20T11:20:56.000000+00:00,235.4,50.0,235.4,50.0,228.9,50.0,5.6,1300.0,1010.0,78.0,43.0,83.9,97.0,855
2024-03-20T11:21:56.000000+00:00,235.4,50.1,235.4,50.1,228.9,50.1,5.6,1270.0,990.0,78.0,43.0,83.9,97.0,855
2024-03-20T11:22:56.000000+00:00,235.2,50.0,236.0,50.0,228.9,50.0,5.6,1280.0,990.0,77.0,43.0,84.0,97.0,855
2024-03-20T11:23:56.000000+00:00,236.4,50.0,236.4,50.0,228.9,50.0,5.6,1290.0,1000.0,78.0,43.0,84.2,97.0,855
2024-03-20T11:24:56.000000+00:00,236.3,49.9,235.3,49.9,228.9,49.9,5.7,1290.0,1010.0,78.0,43.0,84.3,97.0,855
2024-03-20T11:25:56.000000+00:00,234.7,49.9,235.3,49.9,228.9,49.9,5.6,1290.0,1000.0,78.0,43.0,84.3,97.0,855
2024-03-20T11:26:56.000000+00:00,235.8,50.1,235.8,50.1,228.9,50.1,5.6,1280.0,1000.0,78.0,43.0,84.4,97.0,855
2024-03-20T11:27:56.000000+00:00,234.5,49.8,234.5,49.8,228.9,49.8,5.7,1290.0,1000.0,78.0,43.0,84.4,97.0,855
2024-03-20T11:28:56.000000+00:00,234.6,49.8,234.1,49.8,228.9,49.8,5.7,1300.0,1010.0,78.0,44.0,84.3,97.0,855
2024-03-20T11:29:56.000000+00:00,234.4,49.9,234.4,49.9,228.9,49.9,5.7,1300.0,1010.0,78.0,43.0,84.1,97.0,855
2024-03-20T11:30:56.000000+00:00,234.7,49.8,235.2,49.8,228.9,49.8,5.6,1290.0,1000.0,78.0,43.0,84.0,97.0,856
2024-03-20T11:31:56.000000+00:00,234.9,49.9,235.0,49.9,228.9,49.9,5.6,1290.0,1000.0,78.0,43.0,84.0,97.0,856
2024-03-20T11:32:56.000000+00:00,234.1,49.9,234.1,49.9,228.9,49.9,5.6,1290.0,1000.0,78.0,43.0,83.9,97.0,856
2024-03-20T11:33:56.000000+00:00,236.0,49.9,234.9,49.9,228.9,49.9,5.6,1280.0,990.0,77.0,43.0,83.9,97.0,856
2024-03-20T11:34:56.000000+00:00,234.6,49.7,234.6,49.7,228.9,49.7,5.7,1300.0,1010.0,78.0,43.0,84.1,97.0,856
2024-03-20T11:35:56.000000+00:00,234.6,49.7,235.1,49.7,228.9,49.7,5.6,1300.0,1000.0,77.0,43.0,84.2,97.0,856
2024-03-20T11:36:56.000000+00:00,235.4,49.7,234.9,49.7,228.9,49.7,5.7,1300.0,1000.0,77.0,43.0,84.3,97.0,856
2024-03-20T11:37:56.000000+00:00,235.6,49.9,235.6,49.9,228.9,49.9,5.6,1290.0,1000.0,78.0,43.0,84.3,97.0,856
2024-03-20T11:38:56.000000+00:00,237.0,50.1,235.9,50.1,228.9,50.0,5.6,1280.0,990.0,77.0,43.0,84.3,97.0,856
2024-03-20T11:39:56.000000+00:00,236.0,50.2,236.0,50.2,228.9,50.2,5.6,1280.0,1000.0,78.0,42.0,84.4,97.0,856
2024-03-20T11:40:56.000000+00:00,236.6,50.2,237.5,50.2,228.9,50.2,5.5,1270.0,990.0,78.0,42.0,84.2,97.0,856
2024-03-20T11:41:56.000000+00:00,237.2,50.6,236.2,50.6,228.9,50.6,5.5,1270.0,1000.0,79.0,42.0,84.1,97.0,856
2024-03-20T11:42:56.000000+00:00,236.7,50.6,236.7,50.6,228.9,50.6,5.5,1260.0,990.0,79.0,42.0,84.0,97.0,856
2024-03-20T11:43:56.000000+00:00,236.7,50.5,236.7,50.5,228.9,50.5,5.6,1270.0,1000.0,79.0,42.0,83.9,97.0,856
2024-03-20T11:44:56.000000+00:00,237.3,50.5,236.3,50.5,228.9,50.5,5.5,1260.0,990.0,79.0,42.0,83.9,97.0,856
2024-03-20T11:45:56.000000+00:00,238.0,50.3,238.0,50.3,228.9,50.3,5.6,1270.0,1000.0,79.0,42.0,83.9,97.0,856
2024-03-20T11:46:56.000000+00:00,236.6,50.4,236.7,50.4,228.9,50.4,5.5,1270.0,990.0,78.0,42.0,84.1,97.0,856
2024-03-20T11:47:56.000000+00:00,235.8,50.4,235.8,50.4,228.9,50.4,5.5,1270.0,1000.0,79.0,42.0,84.2,97.0,856
2024-03-20T11:48:56.000000+00:00,235.3,50.3,235.3,50.3,228.9,50.3,5.6,1270.0,1000.0,79.0,42.0,84.3,97.0,869
2024-03-20T11:49:56.000000+00:00,235.5,50.3,236.5,50.3,228.9,50.3,5.6,1270.0,1000.0,79.0,42.0,84.3,97.0,869
2024-03-20T11:50:56.000000+00:00,236.4,50.2,236.4,50.2,228.9,50.2,5.6,1280.0,1000.0,78.0,43.0,84.3,97.0,869
2024-03-20T11:51:56.000000+00:00,236.1,50.3,236.6,50.3,228.9,50.3,5.6,1280.0,1000.0,78.0,43.0,84.3,97.0,869
2024-03-20T11:52:56.000000+00:00,236.2,50.4,236.2,50.4,228.9,50.4,5.5,1270.0,990.0,78.0,42.0,84.1,97.0,869
2024-03-20T11:53:56.000000+00:00,235.3,50.2,234.8,50.2,228.9,50.2,5.6,1280.0,1000.0,78.0,43.0,84.0,97.0,869
2024-03-20T11:54:56.000000+00:00,237.2,50.2,237.3,50.2,228.9,50.2,5.6,1280.0,1000.0,78.0,42.0,83.9,97.0,869
2024-03-20T11:55:56.000000+00:00,236.9,50.3,237.0,50.3,228.9,50.3,5.6,1280.0,1000.0,78.0,43.0,83.9,97.0,869
2024-03-20T11:56:56.000000+00:00,238.0,50.3,238.0,50.3,228.9,50.3,5.5,1260.0,990.0,79.0,42.0,84.0,97.0,869
2024-03-20T11:57:56.000000+00:00,236.8,50.2,236.8,50.2,228.9,50.2,5.5,1270.0,990.0,78.0,43.0,84.1,97.0,882
2024-03-20T11:58:56.000000+00:00,237.4,50.1,237.4,50.1,228.9,50.1,5.6,1280.0,1000.0,78.0,43.0,84.3,97.0,821
2024-03-20T11:59:56.000000+00:00,236.6,50.0,237.7,50.0,228.9,50.0,5.6,1290.0,1000.0,78.0,43.0,84.3,97.0,869
2024-03-20T12:00:56.000000+00:00,236.8,50.0,236.8,50.0,228.9,50.0,5.6,1280.0,1000.0,78.0,43.0,84.3,97.0,869
2024-03-20T12:01:56.000000+00:00,236.5,50.0,236.0,50.0,228.9,50.0,5.6,1280.0,990.0,77.0,43.0,84.4,97.0,870
2024-03-20T12:02:57.000000+00:00,235.8,50.1,235.8,50.1,228.9,50.1,5.6,1280.0,1000.0,78.0,43.0,84.3,97.0,870
2024-03-20T12:03:57.000000+00:00,236.4,49.9,235.4,49.9,228.9,49.9,5.6,1280.0,1000.0,78.0,43.0,84.1,97.0,870
2024-03-20T12:04:57.000000+00:00,235.7,49.9,235.6,49.9,228.9,49.9,5.6,1290.0,1000.0,78.0,43.0,84.0,97.0,870
2024-03-20T12:05:57.000000+00:00,235.3,49.9,235.2,49.9,228.9,49.9,5.6,1290.0,1000.0,78.0,43.0,83.9,97.0,870
2024-03-20T12:06:57.000000+00:00,236.8,50.1,236.8,50.1,228.9,50.1,5.6,1280.0,1000.0,78.0,43.0,83.9,97.0,870
2024-03-20T12:07:57.000000+00:00,236.5,50.3,236.5,50.3,228.9,50.3,5.6,1270.0,990.0,78.0,42.0,84.1,97.0,870
2024-03-20T12:08:57.000000+00:00,236.6,50.3,236.2,50.3,228.9,50.3,5.6,1270.0,1000.0,79.0,42.0,84.2,97.0,870
2024-03-20T12:09:57.000000+00:00,236.3,50.1,235.8,50.1,228.9,50.1,5.5,1270.0,990.0,78.0,42.0,84.3,97.0,870
2024-03-20T12:10:57.000000+00:00,236.8,50.3,236.8,50.3,228.9,50.3,5.6,1280.0,1000.0,78.0,43.0,84.3,97.0,870
2024-03-20T12:11:57.000000+00:00,234.3,49.9,234.3,49.9,228.9,49.9,5.6,1290.0,1000.0,78.0,43.0,84.4,97.0,870
2024-03-20T12:12:57.000000+00:00,235.7,49.9,235.7,49.9,228.9,49.9,5.6,1290.0,1000.0,78.0,43.0,84.3,97.0,870
2024-03-20T12:13:57.000000+00:00,236.1,50.0,237.1,50.0,228.9,50.0,5.6,1280.0,1000.0,78.0,43.0,84.2,97.0,870
2024-03-20T12:14:57.000000+00:00,236.3,50.1,235.9,50.0,228.9,50.0,5.6,1290.0,1010.0,78.0,43.0,84.0,97.0,870
2024-03-20T12:15:57.000000+00:00,236.1,50.0,236.1,50.0,228.9,50.0,5.6,1290.0,1000.0,78.0,43.0,83.9,97.0,870
2024-03-20T12:16:57.000000+00:00,235.3,50.0,235.2,50.0,228.9,50.0,5.6,1280.0,990.0,77.0,43.0,83.9,97.0,870
2024-03-20T12:17:57.000000+00:00,236.3,50.1,236.2,50.1,228.9,50.1,5.6,1280.0,1000.0,78.0,42.0,84.1,97.0,870
2024-03-20T12:18:57.000000+00:00,235.8,50.1,235.8,50.1,228.9,50.1,5.6,1290.0,1000.0,78.0,43.0,84.2,97.0,870
2024-03-20T12:19:57.000000+00:00,235.3,50.1,235.4,50.1,228.9,50.1,5.6,1280.0,990.0,77.0,43.0,84.3,97.0,870
2024-03-20T12:20:57.000000+00:00,234.8,49.8,234.8,49.8,228.9,49.8,5.6,1290.0,1000.0,78.0,43.0,84.3,97.0,870
2024-03-20T12:21:57.000000+00:00,234.1,49.9,234.1,49.9,228.9,49.9,5.6,1280.0,1000.0,78.0,43.0,84.3,97.0,871
2024-03-20T12:22:57.000000+00:00,234.2,50.0,234.1,50.0,228.9,50.0,5.6,1280.0,1000.0,78.0,43.0,84.3,97.0,871
2024-03-20T12:23:57.000000+00:00,233.8,50.1,233.9,50.1,228.9,50.1,5.6,1280.0,1000.0,78.0,43.0,84.2,97.0,871
2024-03-20T12:24:57.000000+00:00,234.7,50.3,234.8,50.3,228.9,50.3,5.5,1270.0,990.0,78.0,43.0,84.0,97.0,871
2024-03-20T12:25:57.000000+00:00,234.0,50.0,234.2,50.0,228.9,50.0,5.6,1290.0,1000.0,78.0,43.0,83.9,97.0,871
2024-03-20T12:26:57.000000+00:00,234.5,50.2,234.5,50.2,228.9,50.2,5.6,1280.0,1000.0,78.0,42.0,83.9,98.0,871
2024-03-20T12:27:57.000000+00:00,234.8,50.2,234.3,50.2,228.9,50.2,5.6,1270.0,990.0,78.0,43.0,84.1,98.0,871
2024-03-20T12:28:57.000000+00:00,234.7,50.3,235.7,50.3,228.9,50.3,5.5,1270.0,990.0,78.0,42.0,84.2,98.0,871
2024-03-20T12:29:57.000000+00:00,235.5,50.4,234.5,50.4,228.9,50.4,5.6,1280.0,1000.0,78.0,42.0,84.3,98.0,871
2024-03-20T12:30:57.000000+00:00,235.2,50.4,235.3,50.4,228.9,50.4,5.5,1270.0,990.0,78.0,42.0,84.3,98.0,871
2024-03-20T12:31:57.000000+00:00,234.7,50.3,235.2,50.3,228.9,50.3,5.5,1260.0,990.0,79.0,42.0,84.3,98.0,871
2024-03-20T12:32:57.000000+00:00,234.4,50.4,234.4,50.4,228.9,50.4,5.5,1260.0,990.0,79.0,42.0,84.3,98.0,871
2024-03-20T12:33:57.000000+00:00,233.5,50.3,234.0,50.3,228.9,50.3,5.6,1270.0,990.0,78.0,43.0,84.2,98.0,871
2024-03-20T12:34:57.000000+00:00,235.0,50.2,234.0,50.2,228.9,50.2,5.6,1270.0,990.0,78.0,42.0,84.1,98.0,871
2024-03-20T12:35:57.000000+00:00,234.8,50.1,235.2,50.1,228.9,50.1,5.6,1280.0,1000.0,78.0,42.0,83.9,98.0,871
2024-03-20T12:36:57.000000+00:00,234.8,50.2,234.8,50.2,228.9,50.2,5.6,1270.0,990.0,78.0,42.0,83.9,98.0,871
2024-03-20T12:37:57.000000+00:00,235.9,50.3,235.5,50.3,228.9,50.3,5.5,1270.0,990.0,78.0,43.0,84.1,98.0,871
2024-03-20T12:38:57.000000+00:00,234.6,50.0,234.7,50.0,228.9,50.0,5.6,1290.0,1000.0,78.0,43.0,84.2,98.0,871
2024-03-20T12:39:57.000000+00:00,234.9,50.1,235.0,50.1,228.9,50.1,5.6,1280.0,1000.0,78.0,43.0,84.2,98.0,871
2024-03-20T12:40:57.000000+00:00,235.1,50.0,235.1,50.0,228.9,50.0,5.6,1280.0,990.0,77.0,43.0,84.3,98.0,871
2024-03-20T12:41:57.000000+00:00,235.1,50.2,235.1,50.2,228.9,50.2,5.6,1280.0,1000.0,78.0,42.0,84.3,98.0,871
2024-03-20T12:42:57.000000+00:00,235.1,50.2,235.1,50.2,228.9,50.2,5.6,1270.0,990.0,78.0,42.0,84.3,98.0,872
2024-03-20T12:43:57.000000+00:00,235.1,50.3,235.1,50.2,228.9,50.2,5.6,1280.0,1000.0,78.0,42.0,84.2,98.0,872
2024-03-20T12:44:57.000000+00:00,234.8,50.2,235.4,50.2,228.9,50.2,5.6,1280.0,1000.0,78.0,42.0,84.0,98.0,872
2024-03-20T12:45:57.000000+00:00,234.8,50.4,235.3,50.4,228.9,50.4,5.5,1270.0,1000.0,79.0,42.0,83.9,98.0,872
2024-03-20T12:46:57.000000+00:00,234.3,50.3,234.3,50.3,228.9,50.3,5.6,1270.0,990.0,78.0,42.0,83.9,98.0,872
2024-03-20T12:47:57.000000+00:00,233.7,50.3,233.7,50.3,228.9,50.3,5.6,1280.0,1000.0,78.0,42.0,84.1,98.0,872
2024-03-20T12:48:57.000000+00:00,234.1,50.3,234.1,50.3,228.9,50.3,5.6,1270.0,990.0,78.0,43.0,84.2,98.0,872
2024-03-20T12:49:57.000000+00:00,235.7,50.4,235.7,50.4,228.9,50.4,5.5,1270.0,990.0,78.0,42.0,84.3,98.0,872
2024-03-20T12:50:40.000000+00:00,236.4,50.5,235.8,50.5,228.9,50.5,5.5,1260.0,990.0,79.0,43.0,84.3,98.0,872
2024-03-20T12:50:47.000000+00:00,239.1,50.5,239.1,50.4,228.9,50.4,5.5,1270.0,1000.0,79.0,43.0,84.3,98.0,872
2024-03-20T12:50:48.000000+00:00,239.1,50.5,239.1,50.4,228.9,50.4,5.5,1270.0,1000.0,79.0,42.0,84.3,98.0,872
2024-03-20T12:50:52.000000+00:00,239.7,50.5,239.7,50.5,228.9,50.5,5.5,1260.0,990.0,79.0,42.0,81.5,97.0,867
2024-03-20T12:50:57.000000+00:00,237.4,50.4,236.6,50.5,228.9,50.4,5.5,1260.0,990.0,79.0,42.0,82.0,97.0,867
2024-03-20T12:51:57.000000+00:00,237.4,50.4,237.4,50.4,228.9,50.4,5.5,1260.0,990.0,79.0,42.0,85.0,97.0,867
2024-03-20T12:52:57.000000+00:00,236.8,50.4,236.8,50.4,228.9,50.4,5.5,1270.0,990.0,78.0,42.0,84.3,97.0,867
2024-03-20T12:53:57.000000+00:00,236.9,50.4,236.8,50.4,228.9,50.4,5.5,1270.0,1000.0,79.0,42.0,84.0,97.0,867
2024-03-20T12:54:57.000000+00:00,237.4,50.5,237.4,50.5,228.9,50.5,5.5,1260.0,990.0,79.0,42.0,83.9,97.0,867
2024-03-20T12:55:57.000000+00:00,237.0,50.4,237.0,50.4,228.9,50.4,5.5,1260.0,990.0,79.0,42.0,83.8,97.0,867
2024-03-20T12:56:57.000000+00:00,235.4,50.3,235.4,50.3,228.9,50.3,5.6,1270.0,1000.0,79.0,43.0,83.9,97.0,867
2024-03-20T12:57:57.000000+00:00,235.0,50.2,234.4,50.2,228.9,50.2,5.6,1280.0,990.0,77.0,43.0,83.9,97.0,867
2024-03-20T12:58:57.000000+00:00,236.3,50.1,235.7,50.1,228.9,50.1,5.6,1280.0,1000.0,78.0,43.0,84.1,97.0,867
2024-03-20T12:59:57.000000+00:00,235.4,49.9,235.4,49.9,228.9,49.9,5.7,1300.0,1010.0,78.0,43.0,84.1,97.0,867
2024-03-20T13:00:57.000000+00:00,234.6,49.9,234.5,49.9,228.9,49.9,5.7,1300.0,1000.0,77.0,43.0,84.2,97.0,867
2024-03-20T13:01:57.000000+00:00,234.5,50.2,234.5,50.2,228.9,50.2,5.6,1280.0,1000.0,78.0,42.0,84.1,97.0,867
2024-03-20T13:02:57.000000+00:00,235.5,50.2,235.0,50.2,228.9,50.2,5.6,1280.0,1000.0,78.0,43.0,84.2,97.0,868
2024-03-20T13:03:58.000000+00:00,235.0,50.0,235.0,50.0,228.9,50.0,5.6,1290.0,1010.0,78.0,43.0,84.0,97.0,868
2024-03-20T13:04:58.000000+00:00,235.3,50.2,234.8,50.2,228.9,50.2,5.6,1270.0,1000.0,79.0,43.0,83.9,97.0,868
2024-03-20T13:05:58.000000+00:00,235.7,50.1,235.1,50.1,228.9,50.1,5.6,1280.0,990.0,77.0,43.0,83.8,97.0,868
2024-03-20T13:06:58.000000+00:00,234.6,49.9,235.5,49.9,228.9,49.9,5.6,1280.0,990.0,77.0,43.0,84.0,97.0,868
2024-03-20T13:07:58.000000+00:00,234.2,49.7,234.5,49.7,228.9,49.7,5.7,1300.0,1000.0,77.0,43.0,84.0,97.0,868
2024-03-20T13:08:58.000000+00:00,233.7,49.9,234.3,49.9,228.9,49.9,5.6,1290.0,1000.0,78.0,43.0,84.2,97.0,868
2024-03-20T13:09:58.000000+00:00,234.5,50.0,234.5,50.0,228.9,50.0,5.6,1290.0,1000.0,78.0,43.0,84.1,97.0,868
2024-03-20T13:10:58.000000+00:00,234.8,49.8,234.8,49.8,228.9,49.8,5.7,1300.0,1010.0,78.0,43.0,84.2,97.0,868
2024-03-20T13:11:58.000000+00:00,234.1,49.8,233.6,49.8,228.9,49.7,5.7,1300.0,1010.0,78.0,43.0,84.2,97.0,868
2024-03-20T13:12:58.000000+00:00,233.0,49.7,233.0,49.7,228.9,49.7,5.7,1300.0,1010.0,78.0,43.0,84.1,97.0,868
2024-03-20T13:13:58.000000+00:00,234.1,49.9,234.1,49.9,228.9,49.9,5.6,1290.0,1000.0,78.0,43.0,83.9,97.0,868
2024-03-20T13:14:58.000000+00:00,234.0,49.8,233.5,49.8,228.9,49.8,5.7,1300.0,1010.0,78.0,44.0,83.9,97.0,868
2024-03-20T13:15:58.000000+00:00,234.3,49.8,234.3,49.8,228.9,49.8,5.6,1290.0,1000.0,78.0,43.0,83.8,97.0,868
2024-03-20T13:16:58.000000+00:00,234.4,49.9,234.4,49.9,228.9,49.9,5.6,1290.0,1000.0,78.0,43.0,84.1,97.0,868
2024-03-20T13:17:58.000000+00:00,235.9,50.0,235.9,50.0,228.9,50.0,5.6,1290.0,1000.0,78.0,43.0,84.0,97.0,868
2024-03-20T13:18:58.000000+00:00,235.1,49.8,234.5,49.8,228.9,49.8,5.7,1300.0,1010.0,78.0,43.0,84.3,97.0,868
2024-03-20T13:19:58.000000+00:00,235.7,49.9,235.7,49.9,228.9,49.9,5.6,1290.0,990.0,77.0,43.0,84.1,97.0,868
2024-03-20T13:20:58.000000+00:00,234.5,50.0,234.5,50.0,228.9,50.0,5.6,1290.0,1000.0,78.0,43.0,84.3,97.0,868
2024-03-20T13:21:58.000000+00:00,234.2,50.0,233.6,50.0,228.9,50.0,5.6,1280.0,1000.0,78.0,43.0,84.1,97.0,868
2024-03-20T13:22:58.000000+00:00,234.1,49.8,234.1,49.8,228.9,49.8,5.7,1300.0,1010.0,78.0,43.0,84.0,97.0,868
2024-03-20T13:23:58.000000+00:00,234.5,49.8,234.5,49.8,228.9,49.8,5.7,1300.0,1000.0,77.0,43.0,83.9,97.0,869
2024-03-20T13:24:58.000000+00:00,232.8,49.8,233.4,49.8,228.9,49.8,5.7,1300.0,1000.0,77.0,43.0,83.8,97.0,869
2024-03-20T13:25:58.000000+00:00,232.9,49.7,232.4,49.7,228.9,49.7,5.7,1300.0,1000.0,77.0,43.0,83.9,97.0,869
2024-03-20T13:26:58.000000+00:00,233.5,49.8,233.5,49.8,228.9,49.8,5.6,1290.0,1000.0,78.0,43.0,84.1,97.0,869
2024-03-20T13:27:58.000000+00:00,234.0,50.0,234.0,50.0,228.9,50.0,5.6,1290.0,1000.0,78.0,43.0,84.0,97.0,869
2024-03-20T13:28:58.000000+00:00,233.6,50.0,234.2,50.0,228.9,50.0,5.7,1290.0,1000.0,78.0,43.0,84.2,97.0,869
2024-03-20T13:29:58.000000+00:00,234.4,50.0,234.5,50.0,228.9,50.0,5.6,1290.0,1000.0,78.0,43.0,84.1,97.0,869
2024-03-20T13:30:58.000000+00:00,233.7,49.8,234.2,49.8,228.9,49.8,5.6,1290.0,1000.0,78.0,43.0,84.2,97.0,869
2024-03-20T13:31:58.000000+00:00,234.4,49.8,234.0,49.8,228.9,49.8,5.6,1290.0,1000.0,78.0,43.0,84.1,97.0,869
2024-03-20T13:32:58.000000+00:00,233.8,49.9,233.8,49.9,228.9,49.9,5.6,1290.0,1000.0,78.0,43.0,84.0,97.0,869
2024-03-20T13:33:58.000000+00:00,233.6,49.8,234.3,49.8,228.9,49.8,5.6,1290.0,1000.0,78.0,43.0,83.8,97.0,869
2024-03-20T13:34:58.000000+00:00,235.2,49.8,234.3,49.8,228.9,49.8,5.7,1300.0,1000.0,77.0,43.0,83.9,97.0,869
2024-03-20T13:35:58.000000+00:00,234.0,49.7,233.9,49.7,228.9,49.7,5.7,1300.0,1010.0,78.0,43.0,83.9,97.0,869
2024-03-20T13:36:58.000000+00:00,235.3,49.9,235.3,49.9,228.9,49.9,5.6,1290.0,1000.0,78.0,43.0,84.2,97.0,869
2024-03-20T13:37:58.000000+00:00,235.2,50.0,235.2,50.0,228.9,50.0,5.6,1280.0,1000.0,78.0,43.0,84.1,97.0,869
2024-03-20T13:38:58.000000+00:00,234.6,50.0,234.6,50.0,228.9,50.0,5.6,1290.0,1000.0,78.0,43.0,84.3,97.0,869
2024-03-20T13:39:58.000000+00:00,234.1,49.9,234.1,49.9,228.9,49.9,5.6,1290.0,1000.0,78.0,43.0,84.1,97.0,869
2024-03-20T13:40:58.000000+00:00,234.4,49.8,235.3,49.8,228.9,49.8,5.6,1290.0,1000.0,78.0,43.0,84.2,97.0,869
2024-03-20T13:41:58.000000+00:00,234.8,49.8,234.9,49.8,228.9,49.8,5.7,1300.0,1010.0,78.0,44.0,84.0,97.0,869
2024-03-20T13:42:58.000000+00:00,234.3,49.8,234.3,49.8,228.9,49.8,5.7,1300.0,1000.0,77.0,43.0,84.0,97.0,869
2024-03-20T13:43:58.000000+00:00,234.8,49.9,234.8,49.9,228.9,49.9,5.6,1290.0,1000.0,78.0,43.0,83.8,97.0,870
2024-03-20T13:44:58.000000+00:00,235.1,49.8,235.1,49.8,228.9,49.8,5.7,1300.0,1010.0,78.0,43.0,83.9,97.0,870
2024-03-20T13:45:58.000000+00:00,235.1,49.9,235.1,49.9,228.9,49.9,5.6,1290.0,1000.0,78.0,43.0,83.9,97.0,870
2024-03-20T13:46:58.000000+00:00,235.3,50.0,235.3,50.0,228.9,50.0,5.6,1280.0,1000.0,78.0,43.0,84.0,97.0,870
2024-03-20T13:47:58.000000+00:00,235.2,50.3,235.2,50.3,228.9,50.3,5.6,1280.0,1000.0,78.0,42.0,84.1,97.0,870
2024-03-20T13:48:58.000000+00:00,234.9,50.1,234.9,50.1,228.9,50.1,5.6,1280.0,1000.0,78.0,42.0,84.2,97.0,870
2024-03-20T13:49:58.000000+00:00,234.4,50.1,234.4,50.1,228.9,50.1,5.6,1280.0,990.0,77.0,43.0,84.1,97.0,870
2024-03-20T13:50:58.000000+00:00,234.8,50.1,234.8,50.1,228.9,50.1,5.6,1280.0,990.0,77.0,42.0,84.1,97.0,870
2024-03-20T13:51:58.000000+00:00,234.8,50.2,235.1,50.2,228.9,50.2,5.6,1270.0,1000.0,79.0,43.0,84.1,97.0,870
2024-03-20T13:52:58.000000+00:00,234.4,50.3,235.1,50.3,228.9,50.3,5.6,1280.0,1000.0,78.0,42.0,83.9,97.0,870
2024-03-20T13:53:58.000000+00:00,234.8,50.3,235.8,50.3,228.9,50.3,5.5,1270.0,990.0,78.0,42.0,83.8,97.0,870
2024-03-20T13:54:58.000000+00:00,235.9,50.4,235.9,50.4,228.9,50.4,5.5,1270.0,990.0,78.0,42.0,83.9,97.0,870
2024-03-20T13:55:58.000000+00:00,235.9,50.3,236.9,50.3,228.9,50.3,5.5,1270.0,990.0,78.0,43.0,84.0,97.0,870
2024-03-20T13:56:59.000000+00:00,235.2,50.3,235.2,50.3,228.9,50.3,5.6,1270.0,1000.0,79.0,43.0,84.2,97.0,870
2024-03-20T13:57:59.000000+00:00,235.6,50.3,235.2,50.3,228.9,50.3,5.6,1280.0,1000.0,78.0,42.0,84.1,97.0,870
2024-03-20T13:58:59.000000+00:00,235.7,50.3,235.8,50.3,228.9,50.3,5.6,1280.0,1000.0,78.0,43.0,84.3,97.0,870
2024-03-20T13:59:59.000000+00:00,235.7,50.4,235.7,50.4,228.9,50.4,5.6,1270.0,1000.0,79.0,42.0,84.2,97.0,870
2024-03-20T14:00:59.000000+00:00,235.8,50.4,236.3,50.4,228.9,50.4,5.5,1270.0,990.0,78.0,42.0,84.1,97.0,870
2024-03-20T14:01:59.000000+00:00,234.8,50.3,234.8,50.3,228.9,50.3,5.6,1270.0,1000.0,79.0,42.0,83.9,97.0,870
2024-03-20T14:02:59.000000+00:00,235.2,50.2,235.2,50.2,228.9,50.2,5.6,1280.0,1000.0,78.0,43.0,83.9,97.0,870
2024-03-20T14:03:59.000000+00:00,234.6,50.0,234.6,50.0,228.9,50.0,5.6,1280.0,1000.0,78.0,43.0,83.8,97.0,870
2024-03-20T14:04:59.000000+00:00,233.5,49.9,233.5,49.9,228.9,49.9,5.6,1290.0,1000.0,78.0,43.0,84.0,97.0,871
2024-03-20T14:05:59.000000+00:00,233.5,49.9,233.5,49.9,228.9,49.9,5.6,1290.0,1000.0,78.0,43.0,84.0,97.0,871
2024-03-20T14:06:59.000000+00:00,233.4,50.0,233.8,50.0,228.9,50.0,5.6,1290.0,1000.0,78.0,43.0,84.2,97.0,871
2024-03-20T14:07:59.000000+00:00,234.0,49.8,234.0,49.8,228.9,49.8,5.6,1290.0,1000.0,78.0,43.0,84.1,97.0,871
2024-03-20T14:08:59.000000+00:00,233.2,49.8,234.2,49.8,228.9,49.8,5.6,1290.0,1000.0,78.0,43.0,84.2,98.0,871
2024-03-20T14:09:59.000000+00:00,233.9,50.0,234.0,50.0,228.9,50.0,5.6,1290.0,1000.0,78.0,43.0,84.2,98.0,871
2024-03-20T14:10:59.000000+00:00,233.0,49.8,233.0,49.8,228.9,49.8,5.7,1300.0,1010.0,78.0,43.0,84.1,98.0,871
2024-03-20T14:11:59.000000+00:00,232.4,49.8,232.5,49.8,228.9,49.8,5.6,1290.0,1000.0,78.0,43.0,83.9,98.0,871
2024-03-20T14:12:59.000000+00:00,237.4,49.8,235.3,49.7,228.9,49.8,5.6,1290.0,1000.0,78.0,43.0,83.9,98.0,871
2024-03-20T14:13:59.000000+00:00,238.2,49.9,238.1,49.9,228.9,49.9,5.7,1290.0,1000.0,78.0,43.0,83.8,98.0,871
2024-03-20T14:14:59.000000+00:00,238.5,49.9,238.0,49.9,228.9,49.9,5.6,1290.0,1000.0,78.0,43.0,83.9,98.0,871
2024-03-20T14:15:59.000000+00:00,237.4,49.8,237.4,49.7,228.9,49.8,5.7,1300.0,1010.0,78.0,43.0,84.1,98.0,871
2024-03-20T14:16:59.000000+00:00,237.3,49.7,237.3,49.7,228.9,49.7,5.7,1300.0,1000.0,77.0,43.0,84.1,98.0,871
2024-03-20T14:17:59.000000+00:00,237.8,49.7,237.8,49.7,228.9,49.7,5.6,1300.0,1000.0,77.0,43.0,84.3,98.0,871
2024-03-20T14:18:59.000000+00:00,238.6,49.9,238.6,49.9,228.9,49.9,5.6,1290.0,1000.0,78.0,43.0,84.2,98.0,871
2024-03-20T14:19:59.000000+00:00,238.7,50.0,239.1,50.0,228.9,50.0,5.6,1280.0,1000.0,78.0,43.0,84.3,98.0,871
2024-03-20T14:20:59.000000+00:00,238.3,50.0,238.7,50.0,228.9,50.0,5.6,1280.0,1000.0,78.0,43.0,84.1,98.0,871
2024-03-20T14:21:59.000000+00:00,237.7,50.0,237.5,50.0,228.9,50.0,5.6,1280.0,990.0,77.0,43.0,84.0,98.0,871
2024-03-20T14:22:59.000000+00:00,236.6,49.8,237.5,49.8,228.9,49.8,5.6,1290.0,1000.0,78.0,43.0,83.9,98.0,871
2024-03-20T14:23:59.000000+00:00,237.4,49.8,237.4,49.8,228.9,49.8,5.6,1290.0,1000.0,78.0,43.0,83.8,98.0,871
2024-03-20T14:24:59.000000+00:00,236.7,49.9,236.7,49.9,228.9,49.9,5.6,1290.0,1000.0,78.0,43.0,83.9,98.0,872
2024-03-20T14:25:59.000000+00:00,235.6,49.8,235.6,49.8,228.9,49.8,5.7,1300.0,1000.0,77.0,43.0,84.1,98.0,872
2024-03-20T14:26:59.000000+00:00,237.7,50.0,237.7,50.0,228.9,50.0,5.6,1280.0,1000.0,78.0,43.0,84.1,98.0,872
2024-03-20T14:27:59.000000+00:00,237.0,49.9,237.6,49.9,228.9,49.9,5.6,1290.0,1000.0,78.0,43.0,84.2,98.0,872
2024-03-20T14:28:59.000000+00:00,237.0,49.9,237.0,49.9,228.9,49.9,5.6,1290.0,1000.0,78.0,43.0,84.2,98.0,872
2024-03-20T14:29:59.000000+00:00,237.5,50.1,237.4,50.1,228.9,50.1,5.6,1280.0,1000.0,78.0,43.0,84.3,98.0,872
2024-03-20T14:30:59.000000+00:00,237.3,50.2,237.3,50.2,228.9,50.2,5.6,1290.0,1010.0,78.0,43.0,84.1,98.0,872
2024-03-20T14:31:59.000000+00:00,237.2,50.1,237.3,50.1,228.9,50.1,5.6,1280.0,1000.0,78.0,43.0,84.0,98.0,872
2024-03-20T14:32:59.000000+00:00,238.0,50.2,237.8,50.2,228.9,50.2,5.6,1280.0,1000.0,78.0,42.0,83.9,98.0,872
2024-03-20T14:33:59.000000+00:00,238.2,50.2,238.2,50.2,228.9,50.2,5.6,1280.0,1000.0,78.0,42.0,83.8,98.0,872
2024-03-20T14:34:59.000000+00:00,237.6,50.1,238.0,50.2,228.9,50.2,5.6,1280.0,990.0,77.0,43.0,83.9,98.0,872
2024-03-20T14:35:59.000000+00:00,238.0,50.2,238.4,50.2,228.9,50.2,5.5,1270.0,990.0,78.0,42.0,84.2,98.0,872
2024-03-20T14:36:59.000000+00:00,237.6,50.1,237.6,50.1,228.9,50.1,5.6,1280.0,1000.0,78.0,43.0,84.1,98.0,872
2024-03-20T14:37:59.000000+00:00,237.5,50.1,237.5,50.1,228.9,50.1,5.6,1270.0,990.0,78.0,43.0,84.3,98.0,872
2024-03-20T14:38:59.000000+00:00,237.8,50.2,237.8,50.2,228.9,50.2,5.5,1270.0,990.0,78.0,43.0,84.2,98.0,872
2024-03-20T14:39:59.000000+00:00,237.1,50.3,237.1,50.3,228.9,50.3,5.5,1270.0,990.0,78.0,42.0,84.3,98.0,872
2024-03-20T14:40:59.000000+00:00,237.7,50.2,237.7,50.2,228.9,50.1,5.6,1280.0,1000.0,78.0,43.0,84.1,98.0,872
2024-03-20T14:41:59.000000+00:00,236.8,50.1,236.8,50.1,228.9,50.1,5.6,1290.0,1010.0,78.0,43.0,84.0,98.0,872
2024-03-20T14:42:59.000000+00:00,236.9,50.2,237.4,50.2,228.9,50.2,5.6,1280.0,1000.0,78.0,43.0,83.9,98.0,872
2024-03-20T14:43:59.000000+00:00,238.5,50.3,237.8,50.3,228.9,50.3,5.6,1270.0,1000.0,79.0,42.0,83.8,98.0,872
2024-03-20T14:44:59.000000+00:00,237.3,50.2,238.4,50.2,228.9,50.2,5.6,1280.0,1000.0,78.0,43.0,83.8,98.0,872
2024-03-20T14:45:59.000000+00:00,237.8,50.2,237.8,50.2,228.9,50.2,5.6,1290.0,1010.0,78.0,43.0,84.1,98.0,873
2024-03-20T14:46:59.000000+00:00,239.1,50.2,239.1,50.2,228.9,50.2,5.6,1270.0,990.0,78.0,43.0,84.1,98.0,873
2024-03-20T14:47:59.000000+00:00,238.2,50.2,238.2,50.2,228.9,50.3,5.6,1280.0,1000.0,78.0,42.0,84.3,98.0,873
2024-03-20T14:48:59.000000+00:00,237.3,50.2,237.3,50.2,228.9,50.2,5.5,1270.0,990.0,78.0,43.0,84.2,98.0,873
2024-03-20T14:49:59.000000+00:00,237.0,50.1,236.5,50.1,228.9,50.1,5.5,1270.0,990.0,78.0,43.0,84.3,98.0,873
2024-03-20T14:50:59.000000+00:00,237.0,50.1,237.0,50.1,228.9,50.1,5.6,1280.0,1000.0,78.0,43.0,84.2,98.0,873
2024-03-20T14:51:59.000000+00:00,236.2,50.0,236.2,50.0,228.9,50.0,5.6,1290.0,1000.0,78.0,43.0,84.1,98.0,873
2024-03-20T14:52:59.000000+00:00,236.8,50.1,236.8,50.1,228.9,50.1,5.6,1280.0,990.0,77.0,43.0,83.9,98.0,873
2024-03-20T14:53:59.000000+00:00,236.6,50.1,236.6,50.1,228.9,50.1,5.6,1280.0,990.0,77.0,43.0,83.9,98.0,873
2024-03-20T14:54:59.000000+00:00,237.2,50.1,237.2,50.1,228.9,50.1,5.6,1280.0,1000.0,78.0,43.0,83.8,98.0,873
2024-03-20T14:55:59.000000+00:00,237.4,50.1,237.9,50.1,228.9,50.1,5.6,1270.0,990.0,78.0,43.0,84.0,98.0,873
2024-03-20T14:56:59.000000+00:00,236.6,50.1,236.6,50.1,228.9,50.1,5.6,1280.0,990.0,77.0,43.0,84.0,98.0,873
2024-03-20T14:57:59.000000+00:00,236.6,50.1,236.0,50.1,228.9,50.1,5.6,1280.0,1000.0,78.0,43.0,84.2,98.0,873
2024-03-20T14:58:59.000000+00:00,237.1,50.0,237.1,50.0,228.9,50.0,5.6,1280.0,990.0,77.0,43.0,84.1,98.0,873
2024-03-20T15:00:00.000000+00:00,235.5,49.9,236.0,49.9,228.9,49.9,5.6,1290.0,1000.0,78.0,43.0,84.3,98.0,873
2024-03-20T15:01:00.000000+00:00,236.4,50.0,236.4,50.0,228.9,50.0,5.6,1280.0,1000.0,78.0,43.0,84.4,98.0,873
2024-03-20T15:02:00.000000+00:00,237.8,50.2,237.4,50.2,228.9,50.2,5.6,1280.0,1000.0,78.0,43.0,84.1,98.0,873
2024-03-20T15:03:00.000000+00:00,237.0,49.9,237.0,49.9,228.9,49.9,5.6,1290.0,1000.0,78.0,43.0,84.1,98.0,873
2024-03-20T15:04:00.000000+00:00,235.8,49.9,235.7,49.9,228.9,49.9,5.7,1290.0,1000.0,78.0,43.0,83.9,98.0,873
2024-03-20T15:05:00.000000+00:00,236.1,49.9,236.1,49.9,228.9,49.9,5.7,1300.0,1010.0,78.0,43.0,83.9,98.0,873
2024-03-20T15:06:00.000000+00:00,235.1,49.9,235.1,49.9,228.9,49.9,5.6,1290.0,1000.0,78.0,43.0,83.8,98.0,874
2024-03-20T15:07:00.000000+00:00,236.4,49.8,235.9,49.8,228.9,49.8,5.6,1290.0,1000.0,78.0,43.0,84.0,98.0,874
2024-03-20T15:08:00.000000+00:00,235.0,49.7,235.0,49.7,228.9,49.7,5.7,1310.0,1010.0,77.0,43.0,84.0,98.0,874
2024-03-20T15:09:00.000000+00:00,234.4,49.8,234.4,49.8,228.9,49.8,5.7,1300.0,1010.0,78.0,43.0,84.2,98.0,874
2024-03-20T15:10:00.000000+00:00,235.8,49.8,236.2,49.8,228.9,49.8,5.7,1300.0,1010.0,78.0,43.0,84.1,98.0,874
2024-03-20T15:11:00.000000+00:00,234.5,49.8,234.5,49.8,228.9,49.8,5.6,1280.0,990.0,77.0,43.0,84.3,98.0,874
2024-03-20T15:12:00.000000+00:00,235.0,49.7,235.0,49.7,228.9,49.7,5.7,1300.0,1000.0,77.0,44.0,84.2,98.0,874
2024-03-20T15:13:00.000000+00:00,234.0,49.7,234.2,49.7,228.9,49.7,5.7,1310.0,1010.0,77.0,44.0,84.1,98.0,874
2024-03-20T15:14:00.000000+00:00,234.6,49.7,235.7,49.7,228.9,49.7,5.7,1300.0,1000.0,77.0,43.0,84.0,98.0,874
2024-03-20T15:15:00.000000+00:00,234.9,49.6,234.8,49.6,228.9,49.6,5.7,1300.0,1000.0,77.0,43.0,84.0,98.0,874
2024-03-20T15:16:00.000000+00:00,234.9,49.6,234.9,49.6,228.9,49.6,5.7,1310.0,1010.0,77.0,43.0,83.8,98.0,874
2024-03-20T15:17:00.000000+00:00,234.6,49.6,235.1,49.6,228.9,49.6,5.8,1310.0,1010.0,77.0,44.0,83.8,98.0,874
2024-03-20T15:18:00.000000+00:00,234.7,49.6,234.7,49.6,228.9,49.6,5.7,1300.0,1010.0,78.0,43.0,83.8,98.0,874
2024-03-20T15:19:00.000000+00:00,235.7,49.6,235.7,49.6,228.9,49.6,5.7,1310.0,1010.0,77.0,44.0,84.0,98.0,874
2024-03-20T15:20:00.000000+00:00,235.1,49.6,235.1,49.6,228.9,49.6,5.7,1310.0,1010.0,77.0,44.0,84.2,98.0,874
2024-03-20T15:21:00.000000+00:00,235.6,49.7,235.6,49.7,228.9,49.7,5.7,1300.0,1000.0,77.0,43.0,84.2,98.0,874
2024-03-20T15:22:00.000000+00:00,235.6,49.7,235.6,49.7,228.9,49.7,5.6,1290.0,1000.0,78.0,43.0,84.3,98.0,874
2024-03-20T15:23:00.000000+00:00,235.2,49.8,234.3,49.8,228.9,49.8,5.7,1300.0,1000.0,77.0,43.0,84.2,98.0,874
2024-03-20T15:24:00.000000+00:00,234.7,49.8,234.2,49.8,228.9,49.8,5.7,1300.0,1010.0,78.0,43.0,84.3,98.0,874
2024-03-20T15:25:00.000000+00:00,235.1,49.7,235.1,49.7,228.9,49.7,5.7,1300.0,1010.0,78.0,43.0,84.1,98.0,874
2024-03-20T15:26:00.000000+00:00,234.5,49.6,234.1,49.6,228.9,49.6,5.7,1310.0,1010.0,77.0,44.0,84.1,98.0,875
2024-03-20T15:27:00.000000+00:00,234.6,49.6,234.2,49.6,228.9,49.6,5.7,1300.0,1010.0,78.0,44.0,83.9,98.0,875
2024-03-20T15:28:00.000000+00:00,233.9,49.7,234.9,49.7,228.9,49.7,5.7,1310.0,1010.0,77.0,43.0,83.9,98.0,875
2024-03-20T15:29:00.000000+00:00,234.0,49.9,233.9,49.9,228.9,49.9,5.6,1290.0,1000.0,78.0,43.0,83.8,98.0,875
2024-03-20T15:30:00.000000+00:00,235.5,50.1,235.5,50.1,228.9,50.1,5.6,1280.0,1000.0,78.0,43.0,83.8,98.0,875
2024-03-20T15:31:00.000000+00:00,235.2,50.1,235.2,50.1,228.9,50.1,5.6,1270.0,990.0,78.0,43.0,83.8,98.0,875
2024-03-20T15:32:00.000000+00:00,235.3,50.1,234.4,50.1,228.9,50.1,5.6,1280.0,1000.0,78.0,43.0,84.1,98.0,875
2024-03-20T15:33:00.000000+00:00,234.2,50.2,234.2,50.2,228.9,50.2,5.6,1280.0,1000.0,78.0,42.0,84.0,98.0,875
2024-03-20T15:34:00.000000+00:00,234.7,50.1,235.7,50.1,228.9,50.1,5.6,1280.0,1000.0,78.0,42.0,84.3,98.0,875
2024-03-20T15:35:00.000000+00:00,235.1,50.3,236.1,50.3,228.9,50.3,5.5,1270.0,990.0,78.0,42.0,84.2,98.0,875
2024-03-20T15:36:00.000000+00:00,236.6,50.4,236.2,50.4,228.9,50.5,5.5,1260.0,990.0,79.0,43.0,84.3,98.0,875
2024-03-20T15:37:00.000000+00:00,239.4,50.4,239.4,50.4,228.9,50.4,5.5,1270.0,1000.0,79.0,42.0,80.3,98.0,871
2024-03-20T15:38:00.000000+00:00,236.2,50.4,236.2,50.4,228.9,50.4,5.5,1270.0,1000.0,79.0,42.0,82.2,97.0,865
2024-03-20T15:39:00.000000+00:00,235.9,50.3,235.9,50.3,228.9,50.3,5.6,1270.0,990.0,78.0,42.0,84.0,97.0,865
2024-03-20T15:40:00.000000+00:00,236.5,50.3,236.5,50.3,228.9,50.3,5.5,1270.0,990.0,78.0,42.0,83.9,97.0,865
2024-03-20T15:41:00.000000+00:00,236.5,50.2,235.5,50.2,228.9,50.2,5.6,1280.0,1000.0,78.0,42.0,83.8,97.0,865
2024-03-20T15:42:00.000000+00:00,236.4,50.2,235.5,50.2,228.9,50.2,5.5,1270.0,990.0,78.0,43.0,83.7,97.0,865
2024-03-20T15:43:00.000000+00:00,235.3,49.9,235.3,49.9,228.9,49.9,5.6,1280.0,990.0,77.0,43.0,83.8,97.0,865
2024-03-20T15:44:00.000000+00:00,234.9,49.9,234.9,49.9,228.9,49.9,5.7,1300.0,1000.0,77.0,43.0,83.6,97.0,865
2024-03-20T15:45:00.000000+00:00,235.2,50.3,235.2,50.3,228.9,50.3,5.5,1270.0,990.0,78.0,43.0,83.8,97.0,865
2024-03-20T15:46:00.000000+00:00,234.7,50.1,234.7,50.1,228.9,50.1,5.5,1270.0,990.0,78.0,43.0,83.8,97.0,865
2024-03-20T15:47:00.000000+00:00,234.4,50.1,234.4,50.1,228.9,50.1,5.6,1290.0,1010.0,78.0,43.0,84.0,97.0,866
2024-03-20T15:48:00.000000+00:00,233.1,50.1,234.1,50.1,228.9,50.1,5.6,1290.0,1000.0,78.0,43.0,83.9,97.0,866
2024-03-20T15:49:00.000000+00:00,233.6,50.1,233.6,50.1,228.9,50.1,5.6,1280.0,1000.0,78.0,43.0,84.1,97.0,866
2024-03-20T15:50:01.000000+00:00,235.6,49.9,235.6,49.9,228.9,49.9,5.7,1300.0,1010.0,78.0,43.0,84.0,97.0,866
2024-03-20T15:51:01.000000+00:00,235.6,50.0,234.6,50.0,228.9,50.0,5.6,1290.0,1000.0,78.0,43.0,83.9,97.0,866
2024-03-20T15:52:01.000000+00:00,234.3,50.1,234.3,50.1,228.9,50.1,5.6,1280.0,990.0,77.0,43.0,83.9,97.0,866
2024-03-20T15:53:01.000000+00:00,233.7,50.0,233.8,50.0,228.9,50.0,5.6,1290.0,1000.0,78.0,43.0,83.8,97.0,866
2024-03-20T15:54:01.000000+00:00,232.3,49.9,232.3,49.9,228.9,49.9,5.7,1300.0,1010.0,78.0,43.0,83.8,97.0,866
2024-03-20T15:55:01.000000+00:00,236.4,49.9,236.4,49.9,228.9,49.9,5.6,1290.0,1000.0,78.0,43.0,83.7,97.0,866
2024-03-20T15:56:01.000000+00:00,235.1,49.8,234.6,49.8,228.9,49.8,5.6,1290.0,1000.0,78.0,43.0,83.8,97.0,866
2024-03-20T15:57:01.000000+00:00,235.1,49.8,234.1,49.8,228.9,49.8,5.7,1300.0,1000.0,77.0,43.0,83.7,97.0,866
2024-03-20T15:58:01.000000+00:00,234.2,49.9,233.8,49.9,228.9,49.9,5.6,1290.0,1000.0,78.0,43.0,83.7,97.0,866
2024-03-20T15:59:01.000000+00:00,233.8,50.0,232.8,50.0,228.9,50.0,5.6,1270.0,990.0,78.0,43.0,83.6,97.0,866
2024-03-20T16:00:01.000000+00:00,233.3,50.1,233.3,50.1,228.9,50.1,5.6,1280.0,1000.0,78.0,43.0,83.7,97.0,866
2024-03-20T16:01:01.000000+00:00,232.9,50.1,232.4,50.1,228.9,50.1,5.6,1280.0,990.0,77.0,43.0,83.7,97.0,866
2024-03-20T16:02:01.000000+00:00,232.5,50.1,233.0,50.1,228.9,50.1,5.6,1290.0,1010.0,78.0,43.0,83.9,97.0,866
2024-03-20T16:03:01.000000+00:00,232.3,50.3,232.3,50.3,228.9,50.3,5.5,1270.0,990.0,78.0,42.0,83.9,97.0,866
2024-03-20T16:04:01.000000+00:00,236.2,50.3,236.2,50.3,228.9,50.3,5.6,1280.0,1000.0,78.0,42.0,84.0,97.0,866
2024-03-20T16:05:01.000000+00:00,236.2,50.1,236.2,50.1,228.9,50.1,5.6,1290.0,1000.0,78.0,43.0,83.9,97.0,866
2024-03-20T16:06:01.000000+00:00,236.0,50.1,236.0,50.1,228.9,50.1,5.6,1280.0,1000.0,78.0,43.0,84.1,97.0,866
2024-03-20T16:07:01.000000+00:00,235.9,50.1,235.4,50.1,228.9,50.1,5.6,1280.0,1000.0,78.0,43.0,83.9,97.0,867
2024-03-20T16:08:01.000000+00:00,235.5,50.1,236.0,50.1,228.9,50.1,5.6,1280.0,1000.0,78.0,43.0,83.9,97.0,867
2024-03-20T16:09:01.000000+00:00,234.0,50.2,234.5,50.2,228.9,50.2,5.6,1280.0,1000.0,78.0,43.0,83.8,97.0,867
2024-03-20T16:10:01.000000+00:00,233.5,50.1,233.4,50.1,228.9,50.1,5.6,1280.0,1000.0,78.0,43.0,83.8,97.0,867
2024-03-20T16:11:01.000000+00:00,234.1,50.1,233.1,50.1,228.9,50.1,5.6,1280.0,1000.0,78.0,43.0,83.7,97.0,867
2024-03-20T16:12:01.000000+00:00,233.3,49.9,233.3,49.9,228.9,49.9,5.7,1300.0,1010.0,78.0,43.0,83.7,97.0,867
2024-03-20T16:13:01.000000+00:00,233.2,49.7,232.7,49.7,228.9,49.7,5.7,1310.0,1010.0,77.0,44.0,83.7,97.0,867
2024-03-20T16:14:01.000000+00:00,232.0,49.8,232.0,49.8,228.9,49.8,5.6,1290.0,1000.0,78.0,43.0,83.8,97.0,867
2024-03-20T16:15:01.000000+00:00,232.1,49.8,232.1,49.8,228.9,49.8,5.6,1290.0,990.0,77.0,43.0,83.7,97.0,867
2024-03-20T16:16:01.000000+00:00,232.7,50.0,232.7,50.0,228.9,50.0,5.6,1290.0,1000.0,78.0,43.0,83.7,97.0,867
2024-03-20T16:17:01.000000+00:00,232.0,50.0,232.3,50.0,228.9,50.0,5.6,1290.0,1010.0,78.0,43.0,83.6,97.0,867
2024-03-20T16:18:01.000000+00:00,232.2,49.9,232.2,49.9,228.9,49.9,5.6,1290.0,1000.0,78.0,43.0,83.6,97.0,867
2024-03-20T16:19:01.000000+00:00,232.1,50.2,232.1,50.2,228.9,50.2,5.5,1270.0,990.0,78.0,43.0,83.6,97.0,867
2024-03-20T16:20:01.000000+00:00,231.1,50.2,231.5,50.2,228.9,50.2,5.6,1270.0,990.0,78.0,43.0,83.9,97.0,867
2024-03-20T16:21:01.000000+00:00,231.5,50.4,232.0,50.4,228.9,50.4,5.5,1260.0,990.0,79.0,42.0,83.8,97.0,867
2024-03-20T16:22:01.000000+00:00,231.8,50.3,231.8,50.3,228.9,50.3,5.5,1270.0,990.0,78.0,42.0,84.0,97.0,867
2024-03-20T16:23:01.000000+00:00,231.7,50.2,231.7,50.2,228.9,50.2,5.6,1280.0,1000.0,78.0,43.0,83.9,97.0,867
2024-03-20T16:24:01.000000+00:00,232.4,50.3,232.4,50.3,228.9,50.3,5.5,1270.0,990.0,78.0,43.0,84.1,97.0,867
2024-03-20T16:25:01.000000+00:00,231.2,50.1,231.7,50.1,228.9,50.2,5.6,1280.0,1000.0,78.0,43.0,83.9,97.0,867
2024-03-20T16:26:01.000000+00:00,232.3,50.2,231.3,50.2,228.9,50.2,5.6,1280.0,1000.0,78.0,42.0,84.0,97.0,867
2024-03-20T16:27:01.000000+00:00,231.8,50.3,231.3,50.3,228.9,50.3,5.5,1270.0,990.0,78.0,42.0,83.8,97.0,867
2024-03-20T16:28:01.000000+00:00,230.2,50.0,230.2,50.0,228.9,50.0,5.6,1290.0,1010.0,78.0,43.0,83.8,97.0,868
2024-03-20T16:29:01.000000+00:00,230.7,50.1,230.8,50.1,228.9,50.1,5.6,1270.0,990.0,78.0,43.0,83.7,97.0,868
2024-03-20T16:30:01.000000+00:00,229.5,49.9,229.5,49.9,228.9,49.9,5.6,1290.0,1000.0,78.0,43.0,83.8,97.0,868
2024-03-20T16:31:01.000000+00:00,230.0,49.9,229.9,49.9,228.9,49.9,5.7,1300.0,1000.0,77.0,43.0,83.7,97.0,868
2024-03-20T16:32:01.000000+00:00,229.6,49.8,229.8,49.8,228.9,49.8,5.7,1300.0,1010.0,78.0,43.0,83.8,97.0,868
2024-03-20T16:33:01.000000+00:00,230.4,49.8,229.8,49.8,228.9,49.8,5.6,1290.0,1000.0,78.0,43.0,83.7,97.0,868
2024-03-20T16:34:01.000000+00:00,230.3,49.8,229.8,49.8,228.9,49.8,5.6,1290.0,1000.0,78.0,43.0,83.7,97.0,868
2024-03-20T16:35:01.000000+00:00,229.9,49.7,229.9,49.7,228.9,49.7,5.7,1300.0,1010.0,78.0,43.0,83.6,97.0,868
2024-03-20T16:36:01.000000+00:00,230.2,49.8,230.2,49.8,228.9,49.8,5.6,1290.0,1000.0,78.0,43.0,83.7,97.0,868
2024-03-20T16:37:01.000000+00:00,229.9,49.9,230.0,49.9,228.9,49.9,5.6,1290.0,1010.0,78.0,43.0,83.6,97.0,868
2024-03-20T16:38:01.000000+00:00,229.6,49.9,229.6,49.9,228.9,49.9,5.6,1290.0,1000.0,78.0,43.0,83.7,97.0,868
2024-03-20T16:39:01.000000+00:00,230.1,49.9,230.1,49.9,228.9,49.9,5.7,1290.0,1000.0,78.0,43.0,83.6,97.0,868
2024-03-20T16:40:01.000000+00:00,230.1,49.9,230.1,49.9,228.9,49.9,5.6,1290.0,1000.0,78.0,43.0,83.6,97.0,868
2024-03-20T16:41:02.000000+00:00,231.4,49.9,231.3,49.8,228.9,49.9,5.6,1280.0,990.0,77.0,43.0,83.6,97.0,868
2024-03-20T16:42:02.000000+00:00,231.2,49.9,231.2,49.9,228.9,49.9,5.7,1290.0,1000.0,78.0,43.0,83.6,97.0,868
2024-03-20T16:43:02.000000+00:00,230.8,49.8,231.3,49.8,228.9,49.8,5.7,1300.0,1010.0,78.0,43.0,83.7,97.0,868
2024-03-20T16:44:02.000000+00:00,231.2,49.9,231.2,49.9,228.9,49.9,5.6,1290.0,1000.0,78.0,43.0,83.8,97.0,868
2024-03-20T16:45:02.000000+00:00,230.8,49.8,230.9,49.8,228.9,49.8,5.6,1290.0,990.0,77.0,43.0,83.9,97.0,868
2024-03-20T16:46:02.000000+00:00,232.0,49.8,231.5,49.8,228.9,49.8,5.7,1300.0,1010.0,78.0,43.0,83.9,97.0,868
2024-03-20T16:47:02.000000+00:00,231.6,49.8,232.5,49.8,228.9,49.8,5.7,1300.0,1010.0,78.0,43.0,84.0,97.0,868
2024-03-20T16:48:02.000000+00:00,231.8,49.7,231.8,49.7,228.9,49.7,5.7,1300.0,1000.0,77.0,43.0,84.1,97.0,869
2024-03-20T16:49:02.000000+00:00,230.9,49.8,231.4,49.8,228.9,49.8,5.6,1290.0,1000.0,78.0,43.0,84.0,97.0,869
2024-03-20T16:50:02.000000+00:00,230.5,49.8,231.5,49.8,228.9,49.8,5.7,1290.0,1000.0,78.0,43.0,83.9,97.0,869
2024-03-20T16:51:02.000000+00:00,230.7,49.7,230.7,49.7,228.9,49.7,5.7,1310.0,1010.0,77.0,44.0,83.8,97.0,869
2024-03-20T16:52:02.000000+00:00,231.3,49.8,231.0,49.8,228.9,49.8,5.7,1300.0,1010.0,78.0,43.0,83.8,97.0,869
2024-03-20T16:53:02.000000+00:00,231.7,49.7,231.3,49.7,228.9,49.7,5.7,1300.0,1000.0,77.0,44.0,83.8,97.0,869
2024-03-20T16:54:02.000000+00:00,231.1,50.0,231.1,50.0,228.9,50.0,5.6,1290.0,1000.0,78.0,43.0,83.7,97.0,869
2024-03-20T16:55:02.000000+00:00,231.7,50.0,231.3,50.0,228.9,50.0,5.6,1280.0,1000.0,78.0,43.0,83.7,97.0,869
2024-03-20T16:56:02.000000+00:00,230.7,50.0,231.1,50.0,228.9,50.0,5.6,1290.0,1000.0,78.0,43.0,83.7,97.0,869
2024-03-20T16:57:02.000000+00:00,231.3,50.1,231.8,50.1,228.9,50.1,5.6,1280.0,1000.0,78.0,43.0,83.7,97.0,869
2024-03-20T16:58:02.000000+00:00,231.8,49.9,230.8,49.9,228.9,49.9,5.7,1300.0,1010.0,78.0,43.0,83.6,97.0,869
2024-03-20T16:59:02.000000+00:00,231.6,50.0,232.1,50.0,228.9,50.0,5.6,1280.0,1000.0,78.0,43.0,83.7,97.0,869
2024-03-20T17:00:02.000000+00:00,231.6,50.1,232.5,50.1,228.9,50.1,5.6,1280.0,1000.0,78.0,42.0,83.7,97.0,869
2024-03-20T17:01:02.000000+00:00,231.7,49.9,231.7,49.9,228.9,49.9,5.6,1290.0,1000.0,78.0,43.0,83.7,97.0,869
2024-03-20T17:02:02.000000+00:00,231.4,50.0,231.4,50.0,228.9,50.0,5.7,1290.0,1010.0,78.0,43.0,83.6,97.0,869
2024-03-20T17:03:02.000000+00:00,231.4,49.8,231.0,49.8,228.9,49.8,5.7,1300.0,1000.0,77.0,43.0,83.6,97.0,869
2024-03-20T17:04:02.000000+00:00,231.6,49.9,231.6,49.9,228.9,49.9,5.6,1290.0,1000.0,78.0,43.0,83.6,97.0,869
2024-03-20T17:05:02.000000+00:00,231.8,49.9,231.4,49.9,228.9,49.9,5.6,1290.0,1000.0,78.0,43.0,83.6,97.0,869
2024-03-20T17:06:02.000000+00:00,231.5,49.9,231.3,49.9,228.9,49.9,5.7,1300.0,1010.0,78.0,43.0,83.6,97.0,869
2024-03-20T17:07:02.000000+00:00,231.1,50.0,231.1,50.0,228.9,50.0,5.6,1290.0,1000.0,78.0,43.0,83.6,97.0,869
2024-03-20T17:08:02.000000+00:00,231.3,50.1,231.7,50.1,228.9,50.1,5.6,1290.0,1000.0,78.0,43.0,83.6,97.0,869
2024-03-20T17:09:02.000000+00:00,231.8,50.1,231.8,50.1,228.9,50.1,5.6,1280.0,1000.0,78.0,43.0,83.6,97.0,870
2024-03-20T17:10:02.000000+00:00,231.9,50.0,231.9,50.0,228.9,50.0,5.6,1280.0,1000.0,78.0,43.0,83.6,97.0,870
2024-03-20T17:11:02.000000+00:00,232.2,50.2,232.2,50.2,228.9,50.2,5.5,1270.0,990.0,78.0,42.0,83.6,97.0,870
2024-03-20T17:12:02.000000+00:00,233.3,50.1,233.3,50.1,228.9,50.1,5.6,1280.0,1000.0,78.0,43.0,83.7,97.0,870
2024-03-20T17:13:02.000000+00:00,232.6,50.2,232.6,50.2,228.9,50.2,5.6,1280.0,1000.0,78.0,43.0,83.8,97.0,870
2024-03-20T17:14:02.000000+00:00,232.8,50.3,233.2,50.3,228.9,50.3,5.5,1270.0,990.0,78.0,42.0,83.9,97.0,870
2024-03-20T17:15:02.000000+00:00,232.3,50.3,232.3,50.3,228.9,50.3,5.5,1270.0,990.0,78.0,43.0,83.9,97.0,870
2024-03-20T17:16:02.000000+00:00,232.6,50.4,232.6,50.4,228.9,50.4,5.5,1270.0,1000.0,79.0,42.0,84.1,97.0,870
2024-03-20T17:17:02.000000+00:00,231.9,50.3,231.9,50.3,229.0,50.3,5.6,1280.0,1000.0,78.0,42.0,84.0,97.0,870
2024-03-20T17:18:02.000000+00:00,231.9,50.3,231.9,50.3,228.9,50.3,5.6,1280.0,1000.0,78.0,42.0,84.0,97.0,870
2024-03-20T17:19:02.000000+00:00,232.9,50.4,232.3,50.4,228.9,50.4,5.6,1270.0,1000.0,79.0,42.0,83.8,97.0,870
2024-03-20T17:20:02.000000+00:00,233.0,50.4,233.0,50.4,229.0,50.4,5.6,1270.0,1000.0,79.0,42.0,83.8,97.0,870
2024-03-20T17:21:02.000000+00:00,232.8,50.3,232.3,50.3,228.9,50.3,5.6,1280.0,1000.0,78.0,43.0,83.8,97.0,870
2024-03-20T17:22:02.000000+00:00,233.1,50.4,232.1,50.4,228.9,50.4,5.5,1270.0,1000.0,79.0,42.0,83.8,97.0,870
2024-03-20T17:23:02.000000+00:00,231.5,50.3,232.4,50.3,228.9,50.3,5.6,1280.0,1000.0,78.0,42.0,83.7,97.0,870
2024-03-20T17:24:02.000000+00:00,232.0,50.3,232.1,50.3,228.9,50.3,5.5,1270.0,990.0,78.0,42.0,83.8,97.0,870
2024-03-20T17:25:02.000000+00:00,234.0,50.3,233.0,50.3,228.9,50.3,5.6,1280.0,1000.0,78.0,42.0,83.7,97.0,870
2024-03-20T17:26:02.000000+00:00,233.3,50.3,233.4,50.3,228.9,50.3,5.6,1280.0,1000.0,78.0,43.0,83.8,97.0,870
2024-03-20T17:27:02.000000+00:00,233.5,50.2,233.5,50.2,229.0,50.2,5.5,1270.0,990.0,78.0,43.0,83.7,97.0,870
2024-03-20T17:28:02.000000+00:00,233.6,50.1,233.1,50.1,228.9,50.1,5.6,1290.0,1000.0,78.0,43.0,83.7,97.0,870
2024-03-20T17:29:02.000000+00:00,233.9,50.1,233.8,50.1,229.0,50.1,5.6,1280.0,1000.0,78.0,43.0,83.7,97.0,871
2024-03-20T17:30:02.000000+00:00,234.0,50.1,234.5,50.1,228.9,50.1,5.6,1270.0,990.0,78.0,43.0,83.7,97.0,871
2024-03-20T17:31:02.000000+00:00,234.5,50.2,234.4,50.2,229.0,50.2,5.6,1280.0,1000.0,78.0,42.0,83.7,97.0,871
2024-03-20T17:32:02.000000+00:00,234.7,50.0,234.7,50.0,228.9,50.0,5.7,1300.0,1010.0,78.0,43.0,83.6,97.0,871
2024-03-20T17:33:02.000000+00:00,234.5,50.1,234.5,50.1,228.9,50.1,5.6,1280.0,1000.0,78.0,43.0,83.6,97.0,871
2024-03-20T17:34:02.000000+00:00,235.9,50.1,235.5,50.1,228.9,50.1,5.6,1280.0,990.0,77.0,43.0,83.7,98.0,871
2024-03-20T17:35:02.000000+00:00,235.2,50.0,235.2,50.0,229.0,50.0,5.6,1280.0,990.0,77.0,43.0,83.6,98.0,871
2024-03-20T17:36:02.000000+00:00,234.9,49.9,235.2,49.9,228.9,49.9,5.6,1290.0,1000.0,78.0,43.0,83.6,98.0,871
2024-03-20T17:37:02.000000+00:00,235.3,49.8,235.3,49.8,229.0,49.8,5.7,1300.0,1010.0,78.0,43.0,83.6,98.0,871
2024-03-20T17:38:02.000000+00:00,234.9,49.9,234.9,49.9,228.9,49.9,5.6,1290.0,1000.0,78.0,43.0,83.6,98.0,871
2024-03-20T17:39:03.000000+00:00,235.0,49.9,235.3,49.9,229.0,49.9,5.6,1290.0,1000.0,78.0,43.0,83.6,98.0,871
2024-03-20T17:40:03.000000+00:00,235.3,49.9,235.1,49.9,229.0,49.9,5.6,1290.0,1000.0,78.0,43.0,83.6,98.0,871
2024-03-20T17:41:03.000000+00:00,235.7,49.8,235.1,49.8,229.0,49.8,5.6,1290.0,1000.0,78.0,43.0,83.6,98.0,871
2024-03-20T17:42:03.000000+00:00,235.4,49.9,235.4,49.9,229.0,49.9,5.6,1290.0,1000.0,78.0,43.0,83.6,98.0,871
2024-03-20T17:43:03.000000+00:00,235.5,50.1,235.5,50.1,229.0,50.1,5.6,1280.0,1000.0,78.0,43.0,83.6,98.0,871
2024-03-20T17:44:03.000000+00:00,236.1,50.1,236.1,50.1,229.0,50.1,5.6,1280.0,1000.0,78.0,43.0,83.8,98.0,871
2024-03-20T17:45:03.000000+00:00,237.1,50.0,237.5,50.0,228.9,50.0,5.6,1280.0,1000.0,78.0,43.0,83.8,98.0,871
2024-03-20T17:46:03.000000+00:00,236.8,50.0,237.3,50.0,229.0,50.0,5.6,1290.0,1000.0,78.0,43.0,84.0,98.0,871
2024-03-20T17:47:03.000000+00:00,236.4,49.9,236.4,49.9,229.0,49.9,5.7,1300.0,1010.0,78.0,43.0,84.0,98.0,871
2024-03-20T17:48:03.000000+00:00,236.1,50.0,236.1,50.0,229.0,49.9,5.6,1290.0,1000.0,78.0,43.0,83.9,98.0,871
2024-03-20T17:49:03.000000+00:00,235.7,50.1,236.2,50.1,229.0,50.1,5.6,1280.0,990.0,77.0,43.0,84.2,98.0,871
2024-03-20T17:50:03.000000+00:00,237.0,50.1,236.7,50.1,228.9,50.1,5.6,1290.0,1010.0,78.0,43.0,83.9,98.0,872
2024-03-20T17:51:03.000000+00:00,235.8,49.8,235.8,49.8,228.9,49.8,5.7,1300.0,1000.0,77.0,43.0,84.0,98.0,872
2024-03-20T17:52:03.000000+00:00,236.3,49.9,236.3,49.9,229.0,49.9,5.7,1290.0,1010.0,78.0,43.0,83.8,98.0,872
2024-03-20T17:53:03.000000+00:00,237.3,50.0,237.8,50.0,229.0,50.0,5.6,1290.0,1000.0,78.0,43.0,83.8,98.0,872
2024-03-20T17:54:03.000000+00:00,236.9,49.9,236.9,49.9,229.0,49.9,5.7,1290.0,1000.0,78.0,43.0,83.7,98.0,872
2024-03-20T17:55:03.000000+00:00,236.7,50.0,237.2,50.0,229.0,50.0,5.6,1280.0,1000.0,78.0,43.0,83.8,98.0,872
2024-03-20T17:56:03.000000+00:00,236.8,49.8,236.4,49.8,229.0,49.8,5.6,1290.0,1000.0,78.0,43.0,83.7,98.0,872
2024-03-20T17:57:03.000000+00:00,237.0,49.9,236.5,49.9,228.9,49.9,5.7,1300.0,1010.0,78.0,43.0,83.8,98.0,872
2024-03-20T17:58:03.000000+00:00,237.1,50.0,237.1,50.0,229.0,50.0,5.6,1280.0,1000.0,78.0,43.0,83.6,98.0,872
2024-03-20T17:59:03.000000+00:00,237.5,49.9,237.5,49.9,228.9,49.9,5.6,1290.0,1000.0,78.0,43.0,83.8,98.0,872
2024-03-20T18:00:03.000000+00:00,236.9,50.1,237.0,50.1,229.0,50.1,5.6,1280.0,1000.0,78.0,42.0,83.6,98.0,872
2024-03-20T18:01:03.000000+00:00,236.4,50.2,237.3,50.2,229.0,50.2,5.6,1280.0,1000.0,78.0,43.0,83.7,98.0,872
2024-03-20T18:02:03.000000+00:00,236.7,50.1,237.2,50.1,228.9,50.1,5.6,1290.0,1000.0,78.0,43.0,83.6,98.0,872
2024-03-20T18:03:03.000000+00:00,237.4,50.2,237.4,50.2,229.0,50.2,5.6,1270.0,990.0,78.0,43.0,83.7,98.0,872
2024-03-20T18:04:03.000000+00:00,237.6,50.1,237.6,50.1,229.0,50.1,5.6,1280.0,1000.0,78.0,43.0,83.7,98.0,872
2024-03-20T18:05:03.000000+00:00,238.5,50.3,239.0,50.3,229.0,50.3,5.5,1270.0,990.0,78.0,43.0,83.7,98.0,872
2024-03-20T18:06:03.000000+00:00,238.3,50.3,237.9,50.3,229.0,50.3,5.5,1270.0,1000.0,79.0,43.0,83.7,98.0,872
2024-03-20T18:07:03.000000+00:00,238.4,50.2,238.4,50.2,229.0,50.2,5.6,1280.0,1000.0,78.0,43.0,83.6,98.0,872
2024-03-20T18:08:03.000000+00:00,240.0,50.3,239.9,50.3,229.0,50.3,5.6,1280.0,1000.0,78.0,42.0,83.7,98.0,872
2024-03-20T18:09:03.000000+00:00,235.9,50.3,235.9,50.3,228.9,50.3,5.6,1280.0,1000.0,78.0,42.0,83.6,98.0,872
2024-03-20T18:10:03.000000+00:00,237.0,50.4,236.9,50.4,228.9,50.4,5.5,1270.0,1000.0,79.0,43.0,83.7,98.0,873
2024-03-20T18:11:03.000000+00:00,237.5,50.3,237.5,50.3,229.0,50.3,5.5,1270.0,990.0,78.0,43.0,83.6,98.0,873
2024-03-20T18:12:03.000000+00:00,236.6,50.4,236.6,50.4,229.0,50.4,5.5,1270.0,1000.0,79.0,42.0,83.6,98.0,873
2024-03-20T18:13:03.000000+00:00,236.6,50.3,236.8,50.3,228.9,50.3,5.5,1260.0,990.0,79.0,42.0,83.6,98.0,873
2024-03-20T18:14:03.000000+00:00,236.4,50.4,236.9,50.4,229.0,50.4,5.5,1270.0,990.0,78.0,42.0,83.7,98.0,873
2024-03-20T18:15:03.000000+00:00,235.6,50.4,235.6,50.4,229.0,50.4,5.6,1270.0,1000.0,79.0,42.0,83.6,98.0,873
2024-03-20T18:16:03.000000+00:00,236.2,50.4,236.2,50.4,228.9,50.4,5.5,1270.0,990.0,78.0,42.0,83.7,98.0,873
2024-03-20T18:17:03.000000+00:00,236.8,50.3,236.8,50.3,229.0,50.3,5.6,1270.0,1000.0,79.0,43.0,83.6,98.0,873
2024-03-20T18:18:03.000000+00:00,235.8,50.1,236.7,50.1,229.0,50.1,5.6,1280.0,1000.0,78.0,43.0,83.6,98.0,873
2024-03-20T18:19:03.000000+00:00,236.3,50.1,236.4,50.1,228.9,50.1,5.6,1280.0,1000.0,78.0,42.0,83.6,98.0,873
2024-03-20T18:20:03.000000+00:00,236.5,50.1,236.6,50.1,229.0,50.1,5.6,1290.0,1000.0,78.0,43.0,83.6,98.0,873
2024-03-20T18:21:03.000000+00:00,236.0,50.0,236.5,50.0,229.0,50.0,5.7,1300.0,1010.0,78.0,43.0,83.7,98.0,873
2024-03-20T18:22:03.000000+00:00,236.5,50.0,236.4,50.0,229.0,50.0,5.6,1290.0,1010.0,78.0,43.0,83.6,98.0,873
2024-03-20T18:23:03.000000+00:00,236.3,49.9,236.3,49.9,229.0,49.9,5.6,1290.0,1000.0,78.0,43.0,83.6,98.0,873
2024-03-20T18:24:03.000000+00:00,236.0,49.8,235.9,49.8,228.9,49.8,5.6,1290.0,1000.0,78.0,43.0,83.6,98.0,873
2024-03-20T18:25:03.000000+00:00,237.1,49.8,237.1,49.8,229.0,49.8,5.7,1310.0,1010.0,77.0,44.0,83.6,98.0,873
2024-03-20T18:26:03.000000+00:00,237.9,49.8,237.9,49.8,229.0,49.7,5.7,1300.0,1010.0,78.0,43.0,83.7,98.0,873
2024-03-20T18:27:03.000000+00:00,238.5,49.8,238.5,49.8,229.0,49.8,5.7,1300.0,1000.0,77.0,43.0,83.9,98.0,873
2024-03-20T18:28:03.000000+00:00,238.7,50.0,238.3,50.0,228.9,50.0,5.6,1280.0,990.0,77.0,43.0,83.9,98.0,873
2024-03-20T18:29:03.000000+00:00,239.4,49.9,239.4,49.9,229.0,49.9,5.7,1300.0,1010.0,78.0,43.0,84.1,98.0,873
2024-03-20T18:30:03.000000+00:00,239.4,49.8,239.3,49.8,229.0,49.8,5.7,1300.0,1010.0,78.0,43.0,83.9,98.0,873
2024-03-20T18:31:03.000000+00:00,239.4,49.9,239.3,49.9,229.0,49.9,5.7,1300.0,1000.0,77.0,43.0,84.1,98.0,874
2024-03-20T18:32:04.000000+00:00,239.9,50.0,239.9,50.0,228.9,50.0,5.6,1280.0,1000.0,78.0,43.0,83.8,98.0,874
2024-03-20T18:33:04.000000+00:00,239.6,49.9,239.6,49.9,229.0,49.9,5.6,1290.0,1000.0,78.0,43.0,84.0,98.0,874
2024-03-20T18:34:04.000000+00:00,240.7,50.0,240.7,50.0,228.9,50.0,5.6,1290.0,1000.0,78.0,43.0,83.8,98.0,874
2024-03-20T18:35:04.000000+00:00,237.0,50.0,236.5,50.0,228.9,50.0,5.6,1280.0,990.0,77.0,43.0,83.9,98.0,874
2024-03-20T18:36:04.000000+00:00,236.0,49.9,236.0,49.9,228.9,49.9,5.6,1290.0,1000.0,78.0,43.0,83.7,98.0,874
2024-03-20T18:37:04.000000+00:00,236.8,50.1,236.8,50.1,228.9,50.1,5.6,1280.0,990.0,77.0,42.0,83.8,98.0,874
2024-03-20T18:38:04.000000+00:00,237.5,50.1,237.5,50.1,228.9,50.1,5.6,1280.0,990.0,77.0,43.0,83.7,98.0,874
2024-03-20T18:39:04.000000+00:00,237.8,50.1,238.1,50.1,229.0,50.1,5.6,1280.0,1000.0,78.0,43.0,83.8,98.0,874
2024-03-20T18:40:04.000000+00:00,237.6,50.2,238.1,50.2,229.0,50.2,5.6,1290.0,1010.0,78.0,43.0,83.8,98.0,874
2024-03-20T18:41:04.000000+00:00,238.2,50.2,239.1,50.2,228.9,50.2,5.6,1270.0,990.0,78.0,42.0,83.7,98.0,874
2024-03-20T18:42:04.000000+00:00,238.5,50.1,238.5,50.1,229.0,50.1,5.6,1280.0,1000.0,78.0,43.0,83.7,98.0,874
2024-03-20T18:43:04.000000+00:00,238.9,50.1,238.6,50.1,228.9,50.1,5.6,1280.0,1000.0,78.0,43.0,83.7,98.0,874
2024-03-20T18:44:04.000000+00:00,240.3,50.2,239.3,50.2,229.0,50.2,5.5,1270.0,990.0,78.0,42.0,83.6,98.0,874
2024-03-20T18:45:04.000000+00:00,240.4,50.3,240.4,50.3,228.9,50.3,5.5,1270.0,990.0,78.0,42.0,83.8,98.0,874
2024-03-20T18:46:04.000000+00:00,236.0,50.2,236.0,50.2,228.9,50.2,5.6,1280.0,990.0,77.0,42.0,83.7,98.0,874
2024-03-20T18:47:04.000000+00:00,236.6,50.3,236.6,50.3,228.9,50.3,5.5,1270.0,990.0,78.0,43.0,83.8,98.0,874
2024-03-20T18:48:04.000000+00:00,236.4,50.2,236.9,50.2,228.9,50.2,5.6,1280.0,1000.0,78.0,43.0,83.7,98.0,874
2024-03-20T18:49:04.000000+00:00,237.7,50.2,237.7,50.2,229.0,50.2,5.6,1280.0,1000.0,78.0,42.0,83.7,98.0,874
2024-03-20T18:50:04.000000+00:00,237.0,50.0,237.0,50.0,229.0,50.0,5.6,1290.0,1000.0,78.0,43.0,83.6,98.0,874
2024-03-20T18:51:04.000000+00:00,237.5,50.0,237.6,50.0,229.0,50.0,5.6,1290.0,1000.0,78.0,43.0,83.7,98.0,875
2024-03-20T18:52:04.000000+00:00,237.1,50.1,238.1,50.1,228.9,50.1,5.6,1290.0,1010.0,78.0,43.0,83.6,98.0,875
2024-03-20T18:53:04.000000+00:00,236.8,50.1,236.8,50.1,228.9,50.1,5.6,1280.0,1000.0,78.0,43.0,83.7,98.0,875
2024-03-20T18:54:04.000000+00:00,238.1,50.0,238.1,50.0,228.9,50.0,5.6,1290.0,1000.0,78.0,43.0,83.6,98.0,875
2024-03-20T18:55:04.000000+00:00,238.8,50.2,238.8,50.2,228.9,50.2,5.6,1280.0,1000.0,78.0,43.0,83.7,98.0,875
2024-03-20T18:56:04.000000+00:00,238.5,50.1,238.5,50.1,229.0,50.1,5.6,1280.0,990.0,77.0,43.0,83.7,98.0,875
2024-03-20T18:57:04.000000+00:00,238.3,50.4,238.9,50.4,229.0,50.4,5.5,1270.0,1000.0,79.0,42.0,83.7,98.0,875
2024-03-20T18:58:04.000000+00:00,239.3,50.2,239.3,50.2,229.0,50.2,5.6,1270.0,990.0,78.0,43.0,83.6,98.0,875
2024-03-20T18:59:04.000000+00:00,238.7,50.2,238.7,50.2,229.0,50.2,5.6,1280.0,1000.0,78.0,42.0,83.7,98.0,875
2024-03-20T19:00:04.000000+00:00,238.8,50.2,238.8,50.2,229.0,50.2,5.6,1270.0,990.0,78.0,43.0,83.6,98.0,875
2024-03-20T19:01:04.000000+00:00,240.0,50.2,240.0,50.2,229.0,50.2,5.6,1280.0,1000.0,78.0,42.0,83.7,98.0,875
2024-03-20T19:02:04.000000+00:00,239.6,50.2,239.6,50.2,229.0,50.2,5.5,1270.0,990.0,78.0,42.0,83.6,98.0,875
2024-03-20T19:03:04.000000+00:00,239.2,50.1,240.2,50.1,229.0,50.1,5.6,1280.0,1000.0,78.0,43.0,83.7,98.0,875
2024-03-20T19:04:04.000000+00:00,240.5,50.1,240.5,50.1,229.0,50.1,5.6,1280.0,1000.0,78.0,43.0,83.6,98.0,875
2024-03-20T19:05:04.000000+00:00,240.5,50.1,240.4,50.2,229.0,50.1,5.5,1270.0,990.0,78.0,43.0,83.7,98.0,875
2024-03-20T19:06:04.000000+00:00,238.0,50.2,237.5,50.2,228.9,50.2,5.6,1280.0,1000.0,78.0,43.0,83.6,98.0,875
2024-03-20T19:07:04.000000+00:00,238.0,50.2,238.0,50.2,228.9,50.2,5.6,1280.0,1000.0,78.0,43.0,83.6,98.0,875
2024-03-20T19:08:04.000000+00:00,238.1,50.2,237.7,50.2,228.9,50.2,5.6,1280.0,1000.0,78.0,43.0,83.6,98.0,875
2024-03-20T19:09:04.000000+00:00,238.8,50.2,238.8,50.2,229.0,50.2,5.5,1270.0,990.0,78.0,43.0,83.6,98.0,875
2024-03-20T19:10:04.000000+00:00,237.9,50.2,237.9,50.2,229.0,50.2,5.6,1280.0,1000.0,78.0,43.0,83.6,98.0,875
2024-03-20T19:11:04.000000+00:00,239.0,50.2,239.1,50.2,229.0,50.2,5.6,1280.0,1000.0,78.0,43.0,83.7,98.0,876
2024-03-20T19:12:04.000000+00:00,240.3,50.3,239.3,50.3,228.9,50.3,5.5,1260.0,990.0,79.0,42.0,83.6,98.0,876
2024-03-20T19:13:04.000000+00:00,239.4,50.3,239.9,50.3,229.0,50.3,5.6,1270.0,1000.0,79.0,42.0,83.6,98.0,876
2024-03-20T19:14:04.000000+00:00,239.8,50.3,239.3,50.3,229.0,50.3,5.6,1270.0,1000.0,79.0,42.0,83.6,98.0,876
2024-03-20T19:15:04.000000+00:00,239.9,50.3,239.9,50.3,229.0,50.3,5.6,1280.0,1000.0,78.0,43.0,83.6,98.0,876
2024-03-20T19:16:04.000000+00:00,239.7,50.1,239.7,50.1,229.0,50.1,5.6,1270.0,990.0,78.0,43.0,83.6,98.0,876
2024-03-20T19:17:04.000000+00:00,239.6,50.1,239.6,50.1,229.0,50.1,5.6,1290.0,1000.0,78.0,43.0,83.6,98.0,876
2024-03-20T19:18:04.000000+00:00,239.9,50.1,239.8,50.1,229.0,50.1,5.6,1280.0,1000.0,78.0,43.0,83.7,98.0,876
2024-03-20T19:19:04.000000+00:00,240.0,50.1,240.0,50.1,228.9,50.1,5.6,1280.0,1000.0,78.0,43.0,84.0,98.0,876
2024-03-20T19:20:04.000000+00:00,240.8,50.3,240.8,50.3,229.0,50.3,5.6,1270.0,990.0,78.0,42.0,83.9,98.0,876
2024-03-20T19:21:04.000000+00:00,240.4,50.2,240.0,50.2,229.0,50.2,5.5,1270.0,990.0,78.0,43.0,84.1,98.0,876
2024-03-20T19:22:04.000000+00:00,240.4,50.3,240.4,50.3,229.0,50.3,5.5,1270.0,990.0,78.0,42.0,84.0,98.0,876
2024-03-20T19:23:04.000000+00:00,240.7,50.3,241.2,50.3,229.0,50.3,5.5,1270.0,990.0,78.0,42.0,84.2,98.0,876
2024-03-20T19:24:04.000000+00:00,241.6,50.2,240.5,50.2,229.0,50.2,5.6,1280.0,1000.0,78.0,42.0,84.0,98.0,876
2024-03-20T19:25:04.000000+00:00,240.1,50.1,240.1,50.1,228.9,50.1,5.6,1280.0,990.0,77.0,43.0,84.0,98.0,876
2024-03-20T19:26:05.000000+00:00,237.5,50.0,238.4,50.0,228.9,50.0,5.6,1270.0,990.0,78.0,43.0,83.9,98.0,876
2024-03-20T19:27:05.000000+00:00,238.5,50.2,238.5,50.2,228.9,50.2,5.6,1270.0,990.0,78.0,42.0,83.9,98.0,876
2024-03-20T19:28:05.000000+00:00,238.0,50.2,238.0,50.2,228.9,50.2,5.6,1270.0,990.0,78.0,43.0,83.8,98.0,876
2024-03-20T19:29:05.000000+00:00,238.4,50.2,239.3,50.2,228.9,50.2,5.6,1270.0,990.0,78.0,43.0,83.8,98.0,876
2024-03-20T19:30:05.000000+00:00,238.1,50.0,238.1,50.0,228.9,50.0,5.6,1290.0,1010.0,78.0,43.0,83.8,98.0,876
2024-03-20T19:31:05.000000+00:00,239.2,50.0,239.2,50.0,229.0,50.0,5.6,1280.0,1000.0,78.0,43.0,83.8,98.0,876
2024-03-20T19:32:05.000000+00:00,239.5,49.9,239.5,49.9,229.0,49.9,5.6,1290.0,1000.0,78.0,43.0,83.8,98.0,877
2024-03-20T19:33:05.000000+00:00,239.0,49.8,239.0,49.8,229.0,49.8,5.7,1300.0,1010.0,78.0,43.0,83.8,98.0,877
2024-03-20T19:34:05.000000+00:00,238.9,49.9,238.9,49.9,228.9,49.9,5.6,1290.0,1000.0,78.0,43.0,83.7,98.0,877
2024-03-20T19:35:05.000000+00:00,238.8,49.9,239.3,49.9,229.0,49.9,5.6,1290.0,1000.0,78.0,43.0,83.8,98.0,877
2024-03-20T19:36:05.000000+00:00,239.1,49.9,239.2,49.9,228.9,49.9,5.6,1290.0,1000.0,78.0,43.0,83.7,98.0,877
2024-03-20T19:37:05.000000+00:00,239.7,49.9,239.3,49.9,228.9,49.9,5.7,1300.0,1010.0,78.0,43.0,83.7,98.0,877
2024-03-20T19:38:05.000000+00:00,240.3,50.1,239.3,50.1,228.9,50.1,5.6,1290.0,1000.0,78.0,43.0,83.6,98.0,877
2024-03-20T19:39:05.000000+00:00,239.8,50.0,240.3,50.0,229.0,50.0,5.6,1280.0,990.0,77.0,43.0,83.7,98.0,877
2024-03-20T19:40:05.000000+00:00,240.4,50.0,240.8,50.0,229.0,50.0,5.6,1280.0,1000.0,78.0,43.0,83.7,98.0,877
2024-03-20T19:41:05.000000+00:00,240.2,50.2,240.7,50.2,229.0,50.2,5.5,1270.0,990.0,78.0,42.0,83.7,98.0,877
2024-03-20T19:42:05.000000+00:00,241.2,50.2,240.8,50.2,228.9,50.2,5.6,1280.0,990.0,77.0,43.0,83.7,98.0,877
2024-03-20T19:43:05.000000+00:00,241.1,50.1,241.2,50.1,229.0,50.1,5.6,1280.0,1000.0,78.0,43.0,83.7,98.0,877
2024-03-20T19:44:05.000000+00:00,241.5,50.3,241.5,50.3,229.0,50.3,5.6,1280.0,1000.0,78.0,43.0,83.7,98.0,877
2024-03-20T19:45:05.000000+00:00,242.1,50.3,242.1,50.3,229.0,50.3,5.5,1270.0,990.0,78.0,43.0,83.7,98.0,877
2024-03-20T19:46:05.000000+00:00,242.3,50.3,242.3,50.3,229.0,50.3,5.5,1270.0,990.0,78.0,42.0,83.7,98.0,877
2024-03-20T19:47:05.000000+00:00,238.3,50.3,238.3,50.3,228.9,50.3,5.5,1270.0,990.0,78.0,42.0,83.7,98.0,877
2024-03-20T19:48:05.000000+00:00,238.8,50.3,239.3,50.3,228.9,50.3,5.5,1270.0,990.0,78.0,42.0,83.7,98.0,877
2024-03-20T19:49:05.000000+00:00,238.3,50.3,239.0,50.3,228.9,50.3,5.6,1280.0,1000.0,78.0,43.0,83.7,98.0,877
2024-03-20T19:50:05.000000+00:00,238.5,50.3,238.5,50.3,228.9,50.3,5.6,1280.0,1000.0,78.0,43.0,83.7,98.0,877
2024-03-20T19:51:05.000000+00:00,238.4,50.3,238.4,50.3,228.9,50.3,5.5,1270.0,990.0,78.0,43.0,83.7,98.0,877
2024-03-20T19:52:05.000000+00:00,238.3,50.3,238.8,50.3,228.9,50.3,5.6,1280.0,1000.0,78.0,42.0,83.7,98.0,878
2024-03-20T19:53:05.000000+00:00,239.6,50.3,238.7,50.3,228.9,50.3,5.5,1260.0,990.0,79.0,42.0,83.7,98.0,878
2024-03-20T19:54:05.000000+00:00,239.6,50.3,239.1,50.3,228.9,50.3,5.5,1270.0,990.0,78.0,42.0,83.7,98.0,878
2024-03-20T19:55:05.000000+00:00,238.4,50.2,238.8,50.2,228.9,50.2,5.6,1270.0,990.0,78.0,43.0,83.7,98.0,878
2024-03-20T19:56:05.000000+00:00,240.6,50.4,240.2,50.4,228.9,50.4,5.5,1270.0,990.0,78.0,42.0,83.7,98.0,878
2024-03-20T19:57:05.000000+00:00,239.7,50.1,239.7,50.1,229.0,50.1,5.5,1270.0,990.0,78.0,43.0,83.7,98.0,878
2024-03-20T19:58:05.000000+00:00,238.5,50.1,238.5,50.1,228.9,50.1,5.6,1280.0,1000.0,78.0,43.0,83.7,98.0,878
2024-03-20T19:59:05.000000+00:00,239.7,50.2,240.3,50.2,229.0,50.2,5.6,1280.0,1000.0,78.0,42.0,83.6,98.0,878
2024-03-20T20:00:05.000000+00:00,240.1,50.3,240.0,50.3,228.9,50.3,5.6,1280.0,1000.0,78.0,42.0,83.7,98.0,878
2024-03-20T20:01:05.000000+00:00,239.8,50.1,239.3,50.1,228.9,50.1,5.6,1280.0,990.0,77.0,43.0,83.6,98.0,878
2024-03-20T20:02:05.000000+00:00,240.0,50.1,240.4,50.1,228.9,50.1,5.6,1280.0,1000.0,78.0,43.0,83.7,98.0,878
2024-03-20T20:03:05.000000+00:00,240.6,50.1,239.8,50.1,228.9,50.1,5.6,1290.0,1000.0,78.0,43.0,83.7,98.0,878
2024-03-20T20:04:05.000000+00:00,239.4,50.3,239.5,50.3,228.9,50.3,5.5,1270.0,990.0,78.0,43.0,83.6,98.0,878
2024-03-20T20:05:05.000000+00:00,239.8,50.3,239.8,50.3,228.9,50.3,5.6,1280.0,1000.0,78.0,42.0,83.6,98.0,878
2024-03-20T20:06:05.000000+00:00,239.5,50.2,239.6,50.2,228.9,50.2,5.6,1280.0,1000.0,78.0,43.0,83.7,98.0,878
2024-03-20T20:07:05.000000+00:00,238.7,50.2,238.3,50.2,228.9,50.2,5.6,1280.0,1000.0,78.0,42.0,83.6,98.0,878
2024-03-20T20:08:05.000000+00:00,239.2,50.4,239.2,50.4,228.9,50.4,5.5,1270.0,990.0,78.0,42.0,83.7,98.0,878
2024-03-20T20:09:05.000000+00:00,239.9,50.3,239.4,50.3,229.0,50.3,5.5,1270.0,990.0,78.0,43.0,83.6,98.0,878
2024-03-20T20:10:05.000000+00:00,240.2,50.2,240.6,50.2,228.9,50.2,5.6,1270.0,1000.0,79.0,43.0,83.6,98.0,878
2024-03-20T20:11:05.000000+00:00,240.1,50.2,240.1,50.3,228.9,50.3,5.6,1280.0,1000.0,78.0,42.0,83.6,98.0,878
2024-03-20T20:12:05.000000+00:00,240.1,50.3,240.1,50.3,228.9,50.3,5.6,1280.0,1000.0,78.0,43.0,83.6,98.0,878
2024-03-20T20:13:05.000000+00:00,241.2,50.1,240.7,50.1,229.0,50.2,5.6,1270.0,990.0,78.0,43.0,83.8,98.0,879
2024-03-20T20:14:05.000000+00:00,240.1,50.2,240.1,50.2,228.9,50.2,5.6,1280.0,1000.0,78.0,42.0,83.9,98.0,879
2024-03-20T20:15:05.000000+00:00,240.6,50.1,241.0,50.1,229.0,50.1,5.6,1280.0,1000.0,78.0,43.0,83.9,98.0,879
2024-03-20T20:16:05.000000+00:00,240.9,50.2,240.0,50.2,228.9,50.2,5.6,1280.0,1000.0,78.0,42.0,84.1,98.0,879
2024-03-20T20:17:05.000000+00:00,239.9,50.0,239.8,50.0,228.9,50.0,5.6,1290.0,1000.0,78.0,43.0,84.0,98.0,879
2024-03-20T20:18:05.000000+00:00,240.7,50.2,239.7,50.2,228.9,50.2,5.6,1270.0,990.0,78.0,42.0,84.2,98.0,879
2024-03-20T20:19:05.000000+00:00,240.4,50.1,240.3,50.1,229.0,50.1,5.6,1280.0,1000.0,78.0,43.0,84.1,98.0,879
2024-03-20T20:20:05.000000+00:00,240.9,50.1,239.9,50.1,228.9,50.1,5.6,1280.0,1000.0,78.0,43.0,84.1,98.0,879
2024-03-20T20:21:05.000000+00:00,240.6,50.1,240.6,50.1,228.9,50.1,5.6,1280.0,1000.0,78.0,43.0,83.9,98.0,879
2024-03-20T20:22:05.000000+00:00,240.8,50.2,240.8,50.2,228.9,50.2,5.6,1280.0,1000.0,78.0,43.0,83.9,98.0,879
2024-03-20T20:23:05.000000+00:00,242.1,50.3,242.1,50.3,229.0,50.3,5.6,1290.0,1010.0,78.0,42.0,83.8,98.0,879
2024-03-20T20:24:05.000000+00:00,241.3,50.2,242.3,50.2,229.0,50.2,5.5,1270.0,990.0,78.0,43.0,83.9,98.0,879
2024-03-20T20:25:06.000000+00:00,241.9,50.3,242.4,50.3,229.0,50.3,5.6,1280.0,1000.0,78.0,42.0,83.8,98.0,879
2024-03-20T20:26:06.000000+00:00,243.3,50.3,242.2,50.3,228.9,50.3,5.6,1270.0,1000.0,79.0,42.0,83.8,98.0,879
2024-03-20T20:27:06.000000+00:00,238.2,50.2,238.2,50.2,228.9,50.2,5.6,1290.0,1010.0,78.0,43.0,83.8,98.0,879
2024-03-20T20:28:06.000000+00:00,238.7,50.2,237.7,50.2,228.9,50.2,5.6,1280.0,1000.0,78.0,42.0,83.8,98.0,879
2024-03-20T20:29:06.000000+00:00,237.8,50.3,238.0,50.3,228.9,50.3,5.6,1270.0,990.0,78.0,43.0,83.8,98.0,879
2024-03-20T20:30:06.000000+00:00,238.3,50.2,238.2,50.3,228.9,50.3,5.6,1280.0,1010.0,79.0,43.0,83.8,98.0,879
2024-03-20T20:31:06.000000+00:00,237.9,50.2,238.0,50.2,228.9,50.2,5.6,1290.0,1010.0,78.0,43.0,83.8,98.0,879
2024-03-20T20:32:06.000000+00:00,239.6,50.3,239.0,50.3,228.9,50.3,5.5,1270.0,990.0,78.0,42.0,83.8,98.0,879
2024-03-20T20:33:06.000000+00:00,238.3,50.2,238.9,50.2,228.9,50.2,5.6,1280.0,1000.0,78.0,42.0,83.8,98.0,880
2024-03-20T20:34:06.000000+00:00,238.3,50.2,238.3,50.2,228.9,50.2,5.6,1280.0,1000.0,78.0,43.0,83.8,98.0,880
2024-03-20T20:35:06.000000+00:00,238.1,50.2,238.6,50.2,228.9,50.2,5.6,1290.0,1000.0,78.0,43.0,83.7,98.0,880
2024-03-20T20:36:06.000000+00:00,238.2,50.1,238.2,50.1,228.9,50.1,5.6,1280.0,1000.0,78.0,43.0,83.8,98.0,880
2024-03-20T20:37:06.000000+00:00,239.2,50.2,239.7,50.2,228.9,50.2,5.6,1280.0,1000.0,78.0,43.0,83.7,99.0,880
2024-03-20T20:38:06.000000+00:00,239.2,50.0,239.2,50.1,228.9,50.1,5.6,1290.0,1000.0,78.0,43.0,83.8,99.0,880
2024-03-20T20:39:06.000000+00:00,239.2,50.1,239.2,50.1,228.9,50.1,5.6,1280.0,1000.0,78.0,43.0,83.7,99.0,880
2024-03-20T20:40:06.000000+00:00,238.7,50.2,239.7,50.2,228.9,50.2,5.6,1280.0,1000.0,78.0,43.0,83.8,99.0,880
2024-03-20T20:41:06.000000+00:00,239.3,50.2,239.3,50.2,228.9,50.2,5.6,1280.0,1000.0,78.0,43.0,83.7,99.0,880
2024-03-20T20:42:06.000000+00:00,239.9,50.1,239.9,50.1,228.9,50.1,5.6,1280.0,990.0,77.0,43.0,83.8,99.0,880
2024-03-20T20:43:06.000000+00:00,240.6,50.0,240.6,50.0,228.9,50.0,5.6,1290.0,1000.0,78.0,43.0,83.7,99.0,880
2024-03-20T20:44:06.000000+00:00,239.8,50.1,239.8,50.1,228.9,50.1,5.6,1280.0,1000.0,78.0,43.0,83.7,99.0,880
2024-03-20T20:45:06.000000+00:00,239.9,50.1,240.1,50.1,228.9,50.1,5.6,1280.0,1000.0,78.0,43.0,83.7,99.0,880
2024-03-20T20:46:06.000000+00:00,240.2,50.1,240.2,50.1,228.9,50.1,5.6,1290.0,1010.0,78.0,43.0,83.8,99.0,880
2024-03-20T20:47:06.000000+00:00,240.5,50.1,240.5,50.1,228.9,50.1,5.6,1280.0,990.0,77.0,43.0,83.7,99.0,880
2024-03-20T20:48:06.000000+00:00,240.2,50.0,240.2,50.0,228.9,50.0,5.6,1290.0,1000.0,78.0,43.0,83.7,99.0,880
2024-03-20T20:49:06.000000+00:00,240.9,50.1,239.9,50.1,229.0,50.1,5.6,1290.0,1000.0,78.0,43.0,83.7,99.0,880
2024-03-20T20:50:06.000000+00:00,240.6,50.1,239.8,50.1,229.0,50.1,5.7,1290.0,1010.0,78.0,43.0,83.7,99.0,880
2024-03-20T20:51:06.000000+00:00,241.3,50.1,241.3,50.1,228.9,50.1,5.6,1290.0,1000.0,78.0,43.0,83.7,99.0,880
2024-03-20T20:52:06.000000+00:00,241.1,50.1,240.7,50.1,228.9,50.1,5.6,1280.0,1000.0,78.0,43.0,83.7,99.0,880
2024-03-20T20:53:06.000000+00:00,240.3,50.0,240.3,50.0,228.9,50.0,5.6,1290.0,1000.0,78.0,43.0,83.7,99.0,880
2024-03-20T20:54:06.000000+00:00,241.4,50.1,240.4,50.1,228.9,50.1,5.6,1280.0,1000.0,78.0,43.0,83.7,99.0,881
2024-03-20T20:55:06.000000+00:00,240.8,50.0,240.8,50.0,228.9,49.9,5.6,1290.0,1000.0,78.0,43.0,83.7,99.0,881
2024-03-20T20:56:06.000000+00:00,241.4,50.0,240.9,50.0,229.0,50.0,5.6,1280.0,990.0,77.0,43.0,83.7,99.0,881
2024-03-20T20:57:06.000000+00:00,240.3,49.9,240.3,49.9,229.0,49.9,5.6,1290.0,1000.0,78.0,43.0,83.7,99.0,881
2024-03-20T20:58:06.000000+00:00,240.5,49.9,240.5,49.9,229.0,49.9,5.6,1290.0,1000.0,78.0,43.0,83.7,99.0,881
2024-03-20T20:59:06.000000+00:00,241.6,49.9,241.1,49.9,229.0,49.9,5.6,1290.0,1000.0,78.0,43.0,83.7,99.0,881
2024-03-20T21:00:06.000000+00:00,240.6,49.8,239.6,49.8,228.9,49.8,5.6,1290.0,990.0,77.0,43.0,83.7,99.0,881
2024-03-20T21:01:06.000000+00:00,240.8,50.0,240.3,50.0,228.9,50.0,5.6,1290.0,1010.0,78.0,43.0,83.7,99.0,881
2024-03-20T21:02:06.000000+00:00,241.2,49.9,241.2,49.9,229.0,49.9,5.6,1290.0,1000.0,78.0,43.0,83.7,99.0,881
2024-03-20T21:03:06.000000+00:00,240.8,49.9,241.2,49.9,229.0,49.9,5.6,1290.0,1000.0,78.0,43.0,83.6,99.0,881
2024-03-20T21:04:06.000000+00:00,241.4,49.9,241.0,49.9,228.9,49.9,5.6,1290.0,1000.0,78.0,43.0,83.7,99.0,881
2024-03-20T21:05:06.000000+00:00,240.8,49.9,240.8,49.9,229.0,49.9,5.7,1300.0,1010.0,78.0,43.0,83.7,99.0,881
2024-03-20T21:06:06.000000+00:00,241.2,50.0,241.2,50.0,229.0,50.0,5.6,1290.0,1000.0,78.0,43.0,83.7,99.0,881
2024-03-20T21:07:06.000000+00:00,241.6,50.1,242.1,50.1,229.0,50.1,5.6,1280.0,1000.0,78.0,43.0,83.7,99.0,881
2024-03-20T21:08:06.000000+00:00,242.6,50.1,242.5,50.1,229.0,50.1,5.6,1280.0,990.0,77.0,43.0,83.7,99.0,881
2024-03-20T21:09:06.000000+00:00,241.9,50.2,241.9,50.2,229.0,50.2,5.6,1280.0,1000.0,78.0,43.0,83.7,99.0,881
2024-03-20T21:10:06.000000+00:00,242.3,50.1,242.7,50.1,228.9,50.1,5.6,1280.0,990.0,77.0,43.0,83.6,99.0,881
2024-03-20T21:11:06.000000+00:00,243.0,50.2,242.5,50.2,229.0,50.2,5.6,1280.0,1000.0,78.0,42.0,83.7,99.0,881
2024-03-20T21:12:06.000000+00:00,239.6,50.2,239.1,50.2,228.9,50.2,5.6,1280.0,1000.0,78.0,42.0,83.6,99.0,881
2024-03-20T21:13:06.000000+00:00,239.2,50.3,239.2,50.3,228.9,50.3,5.6,1270.0,1000.0,79.0,43.0,83.7,99.0,881
2024-03-20T21:14:06.000000+00:00,239.5,50.2,239.5,50.2,228.9,50.2,5.6,1280.0,1000.0,78.0,43.0,83.6,99.0,882
2024-03-20T21:15:06.000000+00:00,238.8,50.2,238.8,50.2,228.9,50.2,5.6,1280.0,1000.0,78.0,42.0,83.7,99.0,882
2024-03-20T21:16:06.000000+00:00,239.4,50.3,239.4,50.3,228.9,50.3,5.6,1290.0,1010.0,78.0,43.0,83.6,99.0,882
2024-03-20T21:17:06.000000+00:00,238.4,50.1,238.3,50.1,228.9,50.1,5.6,1290.0,1000.0,78.0,43.0,83.7,99.0,882
2024-03-20T21:18:06.000000+00:00,237.9,50.1,237.9,50.1,228.9,50.1,5.6,1280.0,990.0,77.0,43.0,83.7,99.0,882
2024-03-20T21:19:06.000000+00:00,238.8,50.0,238.8,50.0,228.9,50.0,5.6,1280.0,990.0,77.0,43.0,83.7,99.0,882
2024-03-20T21:20:06.000000+00:00,239.5,50.1,239.5,50.1,228.9,50.1,5.6,1280.0,1000.0,78.0,43.0,83.7,99.0,882
2024-03-20T21:21:06.000000+00:00,239.6,50.1,239.6,50.1,228.9,50.1,5.6,1280.0,990.0,77.0,43.0,83.7,99.0,882
2024-03-20T21:22:06.000000+00:00,240.0,50.1,240.0,50.1,228.9,50.1,5.6,1280.0,1000.0,78.0,43.0,83.7,99.0,882
2024-03-20T21:23:06.000000+00:00,239.5,50.1,239.5,50.1,228.9,50.1,5.6,1280.0,1000.0,78.0,43.0,83.7,99.0,882
2024-03-20T21:24:06.000000+00:00,239.4,50.1,239.4,50.1,228.9,50.1,5.6,1290.0,1000.0,78.0,43.0,83.7,99.0,882
2024-03-20T21:25:06.000000+00:00,239.9,50.1,239.9,50.1,229.0,50.1,5.6,1280.0,1000.0,78.0,43.0,83.7,99.0,882
2024-03-20T21:26:06.000000+00:00,239.1,50.1,239.0,50.1,228.9,50.0,5.6,1290.0,1000.0,78.0,43.0,83.6,99.0,882
2024-03-20T21:27:06.000000+00:00,240.1,50.1,240.1,50.1,228.9,50.1,5.6,1290.0,1000.0,78.0,43.0,83.7,99.0,882
2024-03-20T21:28:07.000000+00:00,238.9,50.0,238.9,50.0,228.9,50.0,5.6,1290.0,1000.0,78.0,43.0,83.7,99.0,882
2024-03-20T21:29:07.000000+00:00,239.1,50.0,239.1,50.0,228.9,50.0,5.6,1290.0,1000.0,78.0,43.0,83.7,99.0,882
2024-03-20T21:30:07.000000+00:00,239.9,50.1,239.9,50.1,228.9,50.1,5.6,1280.0,990.0,77.0,43.0,83.7,99.0,882
2024-03-20T21:31:07.000000+00:00,239.4,50.1,240.3,50.1,228.9,50.1,5.6,1290.0,1000.0,78.0,42.0,83.7,99.0,882
2024-03-20T21:32:07.000000+00:00,240.5,50.1,240.5,50.1,228.9,50.1,5.6,1280.0,1000.0,78.0,43.0,83.7,99.0,882
2024-03-20T21:33:07.000000+00:00,240.2,50.1,240.1,50.1,228.9,50.1,5.6,1280.0,1000.0,78.0,43.0,83.7,99.0,882
2024-03-20T21:34:07.000000+00:00,239.8,50.2,240.8,50.2,229.0,50.2,5.6,1280.0,1000.0,78.0,43.0,83.7,99.0,882
2024-03-20T21:35:07.000000+00:00,239.6,50.0,239.5,50.0,228.9,50.0,5.7,1300.0,1010.0,78.0,43.0,83.7,99.0,883
2024-03-20T21:36:07.000000+00:00,239.7,50.1,240.7,50.1,228.9,50.1,5.6,1280.0,1000.0,78.0,43.0,83.7,99.0,883
2024-03-20T21:37:07.000000+00:00,239.6,50.1,240.1,50.1,228.9,50.1,5.6,1280.0,1000.0,78.0,43.0,83.7,99.0,883
2024-03-20T21:38:07.000000+00:00,239.9,50.2,239.9,50.2,229.0,50.2,5.6,1270.0,990.0,78.0,43.0,83.7,99.0,883
2024-03-20T21:39:07.000000+00:00,239.9,50.1,239.9,50.1,228.9,50.1,5.6,1290.0,1000.0,78.0,43.0,83.6,99.0,883
2024-03-20T21:40:07.000000+00:00,240.7,50.2,240.7,50.2,229.0,50.2,5.6,1280.0,1000.0,78.0,43.0,83.7,99.0,883
2024-03-20T21:41:07.000000+00:00,240.4,50.1,240.4,50.1,228.9,50.1,5.6,1280.0,990.0,77.0,43.0,83.6,99.0,883
2024-03-20T21:42:07.000000+00:00,240.4,50.1,240.4,50.1,228.9,50.1,5.5,1270.0,990.0,78.0,43.0,83.7,99.0,883
2024-03-20T21:43:07.000000+00:00,240.5,50.2,240.5,50.2,228.9,50.2,5.5,1270.0,990.0,78.0,42.0,83.7,99.0,883
2024-03-20T21:44:07.000000+00:00,240.4,50.1,239.9,50.1,228.9,50.1,5.6,1280.0,1000.0,78.0,42.0,83.7,99.0,883
2024-03-20T21:45:07.000000+00:00,240.5,50.2,241.0,50.2,228.9,50.2,5.6,1270.0,990.0,78.0,42.0,83.7,99.0,883
2024-03-20T21:46:07.000000+00:00,241.1,50.3,241.1,50.3,229.0,50.3,5.6,1280.0,1000.0,78.0,42.0,83.7,99.0,883
2024-03-20T21:47:07.000000+00:00,240.4,50.3,241.4,50.3,228.9,50.3,5.6,1280.0,1000.0,78.0,42.0,83.7,99.0,883
2024-03-20T21:48:07.000000+00:00,240.7,50.3,241.2,50.3,228.9,50.3,5.5,1270.0,990.0,78.0,43.0,83.6,99.0,883
2024-03-20T21:49:07.000000+00:00,239.8,50.0,239.8,50.0,228.9,50.0,5.6,1290.0,1000.0,78.0,43.0,83.7,99.0,883
2024-03-20T21:50:07.000000+00:00,240.0,49.9,239.1,49.9,228.9,49.9,5.7,1300.0,1010.0,78.0,43.0,83.7,99.0,883
2024-03-20T21:51:07.000000+00:00,240.2,50.0,240.2,50.0,228.9,50.0,5.6,1280.0,1000.0,78.0,43.0,83.7,99.0,883
2024-03-20T21:52:07.000000+00:00,240.0,50.0,240.0,50.0,229.0,50.0,5.6,1290.0,1000.0,78.0,43.0,83.6,99.0,883
2024-03-20T21:53:07.000000+00:00,239.8,49.9,239.8,49.9,228.9,49.9,5.6,1300.0,1000.0,77.0,43.0,83.7,99.0,883
2024-03-20T21:54:07.000000+00:00,240.5,50.0,240.5,50.0,228.9,50.0,5.7,1290.0,1010.0,78.0,43.0,83.6,99.0,883
2024-03-20T21:55:07.000000+00:00,240.4,49.9,240.0,49.9,229.0,49.9,5.6,1290.0,1010.0,78.0,43.0,83.7,99.0,884
2024-03-20T21:56:07.000000+00:00,241.1,50.1,241.6,50.1,229.0,50.1,5.6,1280.0,1000.0,78.0,43.0,83.6,99.0,884
2024-03-20T21:57:07.000000+00:00,241.4,50.3,241.9,50.3,229.0,50.3,5.6,1270.0,1000.0,79.0,43.0,83.7,99.0,884
2024-03-20T21:58:07.000000+00:00,241.2,49.9,241.2,49.9,228.9,49.9,5.6,1280.0,990.0,77.0,43.0,83.6,99.0,884
2024-03-20T21:59:07.000000+00:00,241.5,50.1,241.5,50.0,228.9,50.1,5.6,1280.0,1000.0,78.0,43.0,83.7,99.0,884
2024-03-20T22:00:07.000000+00:00,240.9,50.0,240.9,50.0,229.0,50.0,5.6,1280.0,990.0,77.0,43.0,83.7,99.0,884
2024-03-20T22:01:07.000000+00:00,240.4,49.9,241.3,49.9,229.0,49.9,5.6,1290.0,1000.0,78.0,43.0,83.7,99.0,884
2024-03-20T22:02:07.000000+00:00,241.8,50.1,241.7,50.1,228.9,50.1,5.6,1280.0,1000.0,78.0,43.0,83.7,99.0,884
2024-03-20T22:03:07.000000+00:00,241.6,50.1,241.6,50.1,228.9,50.1,5.6,1280.0,1000.0,78.0,42.0,83.7,99.0,884
2024-03-20T22:04:07.000000+00:00,241.9,50.2,241.9,50.2,229.0,50.2,5.5,1270.0,990.0,78.0,42.0,83.6,99.0,884
2024-03-20T22:05:07.000000+00:00,241.5,50.0,241.4,50.0,229.0,50.0,5.7,1290.0,1010.0,78.0,42.0,83.7,99.0,884
2024-03-20T22:06:07.000000+00:00,241.8,50.1,241.6,50.1,228.9,50.1,5.6,1280.0,1000.0,78.0,42.0,83.6,99.0,884
2024-03-20T22:07:07.000000+00:00,241.1,50.2,241.1,50.2,228.9,50.2,5.5,1270.0,990.0,78.0,43.0,83.7,99.0,884
2024-03-20T22:08:07.000000+00:00,240.8,50.1,241.8,50.1,228.9,50.1,5.6,1280.0,990.0,77.0,43.0,83.6,99.0,884
2024-03-20T22:09:07.000000+00:00,241.2,50.2,241.2,50.2,228.9,50.2,5.6,1280.0,1000.0,78.0,43.0,83.7,99.0,884
2024-03-20T22:10:07.000000+00:00,242.0,50.1,242.0,50.1,229.0,50.1,5.6,1290.0,1000.0,78.0,43.0,83.7,99.0,884
2024-03-20T22:11:07.000000+00:00,241.5,50.1,241.5,50.1,228.9,50.1,5.6,1280.0,1000.0,78.0,43.0,83.6,99.0,884
2024-03-20T22:12:07.000000+00:00,241.9,50.3,241.9,50.3,229.0,50.3,5.6,1280.0,1000.0,78.0,43.0,83.7,99.0,884
2024-03-20T22:13:07.000000+00:00,242.4,50.3,242.4,50.3,228.9,50.3,5.6,1280.0,1000.0,78.0,43.0,83.7,99.0,884
2024-03-20T22:14:07.000000+00:00,242.5,50.2,242.5,50.2,228.9,50.2,5.5,1270.0,990.0,78.0,42.0,83.7,99.0,884
2024-03-20T22:15:07.000000+00:00,242.0,50.4,241.9,50.4,229.0,50.4,5.5,1270.0,990.0,78.0,42.0,83.6,99.0,884
2024-03-20T22:16:07.000000+00:00,241.3,50.1,241.3,50.1,228.9,50.1,5.6,1280.0,1000.0,78.0,43.0,83.7,99.0,885
2024-03-20T22:17:07.000000+00:00,240.2,49.9,240.2,49.9,228.9,49.9,5.7,1290.0,1000.0,78.0,43.0,83.6,99.0,885
2024-03-20T22:18:07.000000+00:00,240.1,49.8,240.1,49.8,228.9,49.8,5.6,1290.0,990.0,77.0,43.0,83.7,99.0,885
2024-03-20T22:19:07.000000+00:00,239.3,49.9,239.3,49.9,228.9,49.9,5.6,1290.0,1000.0,78.0,43.0,83.7,99.0,885
2024-03-20T22:20:07.000000+00:00,240.5,50.1,240.5,50.1,228.9,50.1,5.6,1290.0,1000.0,78.0,43.0,83.7,99.0,885
2024-03-20T22:21:08.000000+00:00,240.0,50.1,240.0,50.1,229.0,50.1,5.6,1280.0,1000.0,78.0,43.0,83.7,99.0,885
2024-03-20T22:22:08.000000+00:00,239.9,50.0,239.8,50.0,228.9,50.0,5.6,1280.0,990.0,77.0,43.0,83.6,99.0,885
2024-03-20T22:23:08.000000+00:00,241.0,50.2,241.0,50.2,228.9,50.2,5.6,1280.0,1000.0,78.0,42.0,83.7,99.0,885
2024-03-20T22:24:08.000000+00:00,240.6,50.1,240.6,50.1,228.9,50.1,5.6,1280.0,1000.0,78.0,43.0,83.7,99.0,885
2024-03-20T22:25:08.000000+00:00,240.1,49.9,240.1,49.9,228.9,49.9,5.6,1290.0,1000.0,78.0,43.0,83.7,99.0,885
2024-03-20T22:26:08.000000+00:00,240.4,49.9,240.4,49.9,228.9,49.9,5.7,1300.0,1000.0,77.0,43.0,83.7,99.0,885
2024-03-20T22:27:08.000000+00:00,240.6,49.9,240.6,49.9,228.9,49.9,5.6,1290.0,1000.0,78.0,43.0,83.6,99.0,885
2024-03-20T22:28:08.000000+00:00,241.2,49.9,240.2,49.9,229.0,49.9,5.6,1290.0,1000.0,78.0,43.0,83.7,99.0,885
2024-03-20T22:29:08.000000+00:00,240.9,50.0,240.9,50.0,229.0,50.0,5.6,1280.0,1000.0,78.0,43.0,83.7,99.0,885
2024-03-20T22:30:08.000000+00:00,241.2,50.0,241.2,50.0,229.0,50.0,5.6,1280.0,990.0,77.0,43.0,83.6,99.0,885
2024-03-20T22:31:08.000000+00:00,241.2,50.0,241.2,50.0,229.0,50.0,5.6,1280.0,990.0,77.0,43.0,83.7,99.0,885
2024-03-20T22:32:08.000000+00:00,240.2,49.9,240.2,49.9,228.9,49.9,5.6,1280.0,990.0,77.0,43.0,83.7,99.0,885
2024-03-20T22:33:08.000000+00:00,241.3,49.9,241.3,49.9,229.0,49.9,5.6,1280.0,990.0,77.0,43.0,83.7,99.0,885
2024-03-20T22:34:08.000000+00:00,240.9,50.0,240.9,50.0,228.9,50.0,5.6,1280.0,1000.0,78.0,43.0,83.7,99.0,885
2024-03-20T22:35:08.000000+00:00,240.6,49.8,240.0,49.8,228.9,49.9,5.6,1280.0,990.0,78.0,43.0,83.7,99.0,885
2024-03-20T22:36:08.000000+00:00,240.1,49.9,240.2,49.9,229.0,49.9,5.6,1280.0,990.0,77.0,43.0,83.6,99.0,886
2024-03-20T22:37:08.000000+00:00,240.0,49.9,240.0,49.9,228.9,49.9,5.6,1290.0,1000.0,78.0,43.0,83.7,99.0,886
2024-03-20T22:38:08.000000+00:00,241.3,50.1,241.3,50.1,229.0,50.1,5.6,1280.0,1000.0,78.0,43.0,83.6,99.0,886
2024-03-20T22:39:08.000000+00:00,241.1,50.2,241.1,50.2,229.0,50.2,5.5,1270.0,990.0,78.0,43.0,83.7,99.0,886
2024-03-20T22:40:08.000000+00:00,239.7,49.9,240.2,49.9,229.0,49.9,5.6,1290.0,1000.0,78.0,43.0,83.6,99.0,886
2024-03-20T22:41:08.000000+00:00,240.9,50.1,240.4,50.1,228.9,50.1,5.6,1280.0,1000.0,78.0,42.0,83.7,99.0,886
2024-03-20T22:42:08.000000+00:00,241.2,50.1,241.3,50.1,228.9,50.1,5.6,1280.0,990.0,77.0,42.0,83.6,99.0,886
2024-03-20T22:43:08.000000+00:00,240.7,50.0,240.7,50.0,229.0,50.0,5.6,1280.0,990.0,77.0,43.0,83.7,99.0,886
2024-03-20T22:44:08.000000+00:00,242.0,50.0,240.9,50.0,228.9,50.0,5.6,1280.0,1000.0,78.0,43.0,83.6,99.0,886
2024-03-20T22:45:08.000000+00:00,240.6,50.0,240.6,50.0,229.0,50.0,5.6,1290.0,1000.0,78.0,43.0,83.7,99.0,886
2024-03-20T22:46:08.000000+00:00,241.5,50.1,241.5,50.1,228.9,50.1,5.6,1270.0,990.0,78.0,43.0,83.6,99.0,886
2024-03-20T22:47:08.000000+00:00,241.3,50.1,241.2,50.1,229.0,50.1,5.6,1270.0,990.0,78.0,43.0,83.7,99.0,886
2024-03-20T22:48:08.000000+00:00,241.9,50.2,241.9,50.2,228.9,50.2,5.5,1270.0,990.0,78.0,43.0,83.6,99.0,886
2024-03-20T22:49:08.000000+00:00,241.3,50.0,240.8,50.0,229.0,50.0,5.6,1280.0,990.0,77.0,43.0,83.7,99.0,886
2024-03-20T22:50:08.000000+00:00,241.4,50.1,241.4,50.1,228.9,50.1,5.6,1280.0,1000.0,78.0,43.0,83.6,99.0,886
2024-03-20T22:51:08.000000+00:00,241.4,50.1,241.3,50.1,228.9,50.1,5.6,1280.0,1000.0,78.0,43.0,83.7,99.0,886
2024-03-20T22:52:08.000000+00:00,240.9,50.1,240.9,50.1,228.9,50.1,5.6,1280.0,1000.0,78.0,42.0,83.6,99.0,886
2024-03-20T22:53:08.000000+00:00,240.8,50.0,240.8,50.0,228.9,50.0,5.6,1280.0,990.0,77.0,43.0,83.7,99.0,886
2024-03-20T22:54:08.000000+00:00,241.1,50.0,241.1,50.0,228.9,50.0,5.7,1290.0,1010.0,78.0,43.0,83.6,99.0,886
2024-03-20T22:55:08.000000+00:00,241.5,50.1,241.5,50.1,228.9,50.1,5.6,1280.0,1000.0,78.0,43.0,83.7,99.0,886
2024-03-20T22:56:08.000000+00:00,242.2,50.2,242.2,50.2,228.9,50.2,5.6,1280.0,1000.0,78.0,42.0,83.7,99.0,887
2024-03-20T22:57:08.000000+00:00,240.7,50.2,241.3,50.2,229.0,50.2,5.6,1280.0,1000.0,78.0,43.0,83.7,99.0,887
2024-03-20T22:58:08.000000+00:00,241.5,50.0,241.5,50.0,229.0,50.0,5.6,1280.0,990.0,77.0,43.0,83.6,99.0,887
2024-03-20T22:59:08.000000+00:00,241.1,50.1,241.1,50.1,229.0,50.1,5.5,1270.0,990.0,78.0,43.0,83.7,99.0,887
2024-03-20T23:00:08.000000+00:00,241.2,50.0,241.2,50.1,228.9,50.0,5.6,1280.0,990.0,77.0,43.0,83.7,99.0,887
2024-03-20T23:01:08.000000+00:00,240.7,50.0,240.7,50.0,228.9,50.0,5.6,1280.0,1000.0,78.0,43.0,83.7,99.0,887
2024-03-20T23:02:08.000000+00:00,240.4,50.0,240.4,50.0,228.9,50.0,5.6,1280.0,990.0,77.0,43.0,83.7,99.0,887
2024-03-20T23:03:08.000000+00:00,240.5,49.9,240.5,49.9,228.9,49.9,5.6,1290.0,1000.0,78.0,43.0,83.7,99.0,887
2024-03-20T23:04:08.000000+00:00,241.7,50.2,241.7,50.2,228.9,50.2,5.6,1280.0,1000.0,78.0,42.0,83.7,99.0,887
2024-03-20T23:05:08.000000+00:00,241.6,50.0,241.6,50.0,228.9,50.0,5.6,1280.0,1000.0,78.0,43.0,83.7,99.0,887
2024-03-20T23:06:08.000000+00:00,240.7,49.9,240.1,49.9,228.9,49.9,5.6,1290.0,1000.0,78.0,43.0,83.7,99.0,887
2024-03-20T23:07:08.000000+00:00,241.3,50.1,241.3,50.1,228.9,50.1,5.6,1280.0,1000.0,78.0,43.0,83.7,99.0,887
2024-03-20T23:08:08.000000+00:00,240.7,50.0,241.2,50.0,229.0,50.0,5.6,1290.0,1000.0,78.0,43.0,83.7,99.0,887
2024-03-20T23:09:08.000000+00:00,240.9,50.0,240.9,50.0,228.9,50.0,5.6,1280.0,990.0,77.0,43.0,83.7,99.0,887
2024-03-20T23:10:09.000000+00:00,241.4,50.0,241.0,50.0,228.9,50.0,5.6,1280.0,990.0,77.0,43.0,83.7,99.0,887
2024-03-20T23:11:09.000000+00:00,240.2,50.0,240.2,50.0,228.9,50.0,5.6,1290.0,1000.0,78.0,43.0,83.7,99.0,887
2024-03-20T23:12:09.000000+00:00,241.3,50.1,241.3,50.1,228.9,50.1,5.6,1280.0,990.0,77.0,42.0,83.7,99.0,887
2024-03-20T23:13:09.000000+00:00,241.0,50.0,241.0,50.0,229.0,50.0,5.6,1280.0,1000.0,78.0,43.0,83.7,99.0,887
2024-03-20T23:14:09.000000+00:00,242.1,50.1,242.1,50.1,228.9,50.1,5.6,1280.0,990.0,77.0,42.0,83.7,99.0,887
2024-03-20T23:15:09.000000+00:00,241.7,50.1,241.7,50.1,228.9,50.1,5.6,1280.0,990.0,77.0,42.0,83.7,99.0,887
2024-03-20T23:16:09.000000+00:00,241.1,49.9,241.1,49.9,228.9,49.9,5.6,1290.0,1000.0,78.0,43.0,83.7,99.0,887
2024-03-20T23:17:09.000000+00:00,240.7,49.8,240.7,49.8,228.9,49.8,5.7,1300.0,1000.0,77.0,43.0,83.7,99.0,888
2024-03-20T23:18:09.000000+00:00,241.2,50.0,241.6,50.0,228.9,50.0,5.6,1280.0,990.0,77.0,43.0,83.7,99.0,888
2024-03-20T23:19:09.000000+00:00,241.1,49.8,241.1,49.8,229.0,49.8,5.6,1290.0,1000.0,78.0,43.0,83.7,99.0,888
2024-03-20T23:20:09.000000+00:00,241.5,49.9,240.5,49.9,228.9,49.9,5.6,1280.0,990.0,77.0,43.0,83.7,99.0,888
2024-03-20T23:21:09.000000+00:00,240.7,50.0,240.7,49.9,229.0,49.9,5.6,1290.0,1000.0,78.0,43.0,83.7,99.0,888
2024-03-20T23:22:09.000000+00:00,240.8,49.9,240.8,49.9,228.9,49.9,5.6,1290.0,1000.0,78.0,43.0,83.7,99.0,888
2024-03-20T23:23:09.000000+00:00,240.4,50.1,241.5,50.1,229.0,50.1,5.6,1280.0,990.0,77.0,42.0,83.7,99.0,888
2024-03-20T23:24:09.000000+00:00,241.4,50.1,241.4,50.1,228.9,50.1,5.6,1280.0,990.0,77.0,43.0,83.7,99.0,888
2024-03-20T23:25:09.000000+00:00,241.5,50.1,241.9,50.1,228.9,50.1,5.6,1280.0,990.0,77.0,42.0,83.7,99.0,888
2024-03-20T23:26:09.000000+00:00,242.6,50.1,242.6,50.1,228.9,50.1,5.6,1280.0,990.0,77.0,43.0,83.7,99.0,888
2024-03-20T23:27:09.000000+00:00,242.2,50.1,242.2,50.1,229.0,50.1,5.6,1280.0,990.0,77.0,43.0,83.7,99.0,888
2024-03-20T23:28:09.000000+00:00,242.5,50.1,242.5,50.1,228.9,50.1,5.6,1280.0,1000.0,78.0,43.0,83.7,99.0,888
2024-03-20T23:29:09.000000+00:00,242.0,50.1,242.1,50.1,228.9,50.1,5.6,1280.0,1000.0,78.0,43.0,83.7,99.0,888
2024-03-20T23:30:09.000000+00:00,242.5,50.1,242.5,50.1,229.0,50.1,5.6,1280.0,990.0,77.0,43.0,83.7,99.0,888
2024-03-20T23:31:09.000000+00:00,240.6,49.7,240.5,49.7,228.9,49.7,5.7,1300.0,1010.0,78.0,43.0,83.7,99.0,888
2024-03-20T23:32:09.000000+00:00,240.5,49.7,240.0,49.7,228.9,49.7,5.7,1300.0,1000.0,77.0,43.0,83.7,99.0,888
2024-03-20T23:33:09.000000+00:00,239.7,49.7,240.2,49.7,228.9,49.7,5.7,1300.0,1000.0,77.0,43.0,83.7,99.0,888
2024-03-20T23:34:09.000000+00:00,240.8,49.8,240.8,49.8,228.9,49.7,5.7,1300.0,1000.0,77.0,43.0,83.7,99.0,888
2024-03-20T23:35:09.000000+00:00,241.3,49.9,241.3,49.9,229.0,49.9,5.6,1290.0,1000.0,78.0,43.0,83.7,99.0,888
2024-03-20T23:36:09.000000+00:00,240.6,49.9,240.6,49.9,229.0,49.9,5.6,1280.0,990.0,77.0,43.0,83.7,99.0,888
2024-03-20T23:37:09.000000+00:00,241.2,49.8,241.2,49.8,228.9,49.8,5.6,1290.0,1000.0,78.0,43.0,83.7,99.0,889
2024-03-20T23:38:09.000000+00:00,240.8,49.9,240.8,49.9,228.9,49.9,5.6,1290.0,1000.0,78.0,43.0,83.7,99.0,889
2024-03-20T23:39:09.000000+00:00,242.0,50.1,241.6,50.1,228.9,50.1,5.6,1280.0,990.0,77.0,43.0,83.7,100.0,889
2024-03-20T23:40:09.000000+00:00,242.5,49.9,242.1,50.0,228.9,50.0,5.6,1280.0,990.0,77.0,43.0,83.7,100.0,889
2024-03-20T23:41:09.000000+00:00,242.6,50.0,241.7,50.0,228.9,50.0,5.6,1280.0,1000.0,78.0,42.0,83.7,100.0,889
2024-03-20T23:42:09.000000+00:00,241.7,50.0,241.3,50.0,229.0,50.0,5.6,1280.0,990.0,77.0,43.0,83.7,100.0,889
2024-03-20T23:43:09.000000+00:00,242.0,50.0,242.0,50.0,229.0,50.0,5.6,1280.0,990.0,77.0,43.0,83.7,100.0,889
2024-03-20T23:44:09.000000+00:00,242.6,50.1,242.6,50.1,229.0,50.1,5.6,1280.0,1000.0,78.0,43.0,83.7,100.0,889
2024-03-20T23:45:09.000000+00:00,242.1,50.2,242.1,50.2,228.9,50.2,5.6,1270.0,990.0,78.0,42.0,83.7,100.0,889
2024-03-20T23:46:09.000000+00:00,242.6,50.3,243.6,50.3,229.0,50.3,5.5,1260.0,990.0,79.0,42.0,83.8,100.0,889
2024-03-20T23:47:09.000000+00:00,240.1,50.3,240.1,50.3,228.9,50.3,5.5,1270.0,990.0,78.0,43.0,83.7,100.0,889
2024-03-20T23:48:09.000000+00:00,239.8,50.2,239.8,50.2,228.9,50.2,5.6,1280.0,990.0,77.0,42.0,83.7,100.0,889
2024-03-20T23:49:09.000000+00:00,238.9,50.1,238.9,50.1,228.9,50.1,5.6,1280.0,990.0,77.0,43.0,83.7,100.0,889
2024-03-20T23:50:09.000000+00:00,238.6,50.1,238.6,50.1,228.9,50.1,5.6,1280.0,1000.0,78.0,42.0,83.7,100.0,889
2024-03-20T23:51:09.000000+00:00,239.1,50.1,239.1,50.1,228.9,50.1,5.6,1280.0,1000.0,78.0,43.0,83.7,100.0,889
2024-03-20T23:52:09.000000+00:00,239.5,50.1,239.6,50.1,228.9,50.1,5.5,1270.0,990.0,78.0,43.0,83.7,100.0,889
2024-03-20T23:53:09.000000+00:00,240.4,50.2,240.4,50.2,228.9,50.2,5.5,1270.0,990.0,78.0,43.0,83.7,100.0,889
2024-03-20T23:54:09.000000+00:00,239.7,50.1,239.7,50.1,228.9,50.1,5.6,1290.0,1000.0,78.0,43.0,83.7,100.0,889
2024-03-20T23:55:09.000000+00:00,239.1,50.1,239.1,50.1,228.9,50.1,5.6,1270.0,990.0,78.0,43.0,83.7,100.0,889
2024-03-20T23:56:09.000000+00:00,238.1,50.0,238.1,50.0,228.9,50.0,5.6,1280.0,1000.0,78.0,43.0,83.7,100.0,889
2024-03-20T23:57:09.000000+00:00,238.6,50.1,238.6,50.1,228.9,50.1,5.6,1280.0,990.0,77.0,42.0,83.7,100.0,889
2024-03-20T23:58:09.000000+00:00,238.6,50.1,238.6,50.1,228.9,50.1,5.6,1290.0,1000.0,78.0,42.0,83.7,100.0,890
2024-03-20T23:59:09.000000+00:00,238.4,50.1,238.3,50.1,228.9,50.1,5.6,1280.0,990.0,77.0,43.0,83.7,100.0,890
2024-03-21T00:00:09.000000+00:00,237.7,50.1,238.2,50.1,228.9,50.1,5.6,1280.0,990.0,77.0,43.0,83.7,100.0,890
2024-03-21T00:01:09.000000+00:00,238.3,50.0,238.3,50.0,228.9,50.0,5.7,1300.0,1010.0,78.0,43.0,83.7,100.0,890
2024-03-21T00:02:09.000000+00:00,238.3,50.2,237.9,50.2,228.9,50.2,5.6,1290.0,1010.0,78.0,43.0,83.7,100.0,864
2024-03-21T00:03:09.000000+00:00,238.9,50.1,239.4,50.1,228.9,50.1,5.6,1300.0,1010.0,78.0,43.0,83.7,100.0,864
2024-03-21T00:04:10.000000+00:00,238.5,50.2,239.4,50.2,228.9,50.2,5.7,1290.0,1010.0,78.0,43.0,83.7,100.0,865
2024-03-21T00:05:10.000000+00:00,239.6,50.2,239.6,50.2,228.9,50.2,5.6,1290.0,1010.0,78.0,43.0,83.7,100.0,865
2024-03-21T00:06:10.000000+00:00,239.1,50.2,239.1,50.2,228.9,50.2,5.7,1300.0,1020.0,78.0,43.0,83.7,100.0,865
2024-03-21T00:07:10.000000+00:00,238.4,50.2,238.5,50.2,228.9,50.2,5.6,1290.0,1010.0,78.0,43.0,83.7,100.0,865
2024-03-21T00:08:10.000000+00:00,239.3,50.2,239.3,50.2,228.9,50.2,5.6,1290.0,1010.0,78.0,43.0,83.7,100.0,865
2024-03-21T00:09:10.000000+00:00,239.0,50.3,239.0,50.3,228.9,50.3,5.7,1300.0,1020.0,78.0,43.0,83.7,100.0,865
2024-03-21T00:10:10.000000+00:00,239.3,50.2,239.3,50.2,228.9,50.2,5.6,1290.0,1010.0,78.0,43.0,83.7,100.0,865
2024-03-21T00:11:10.000000+00:00,239.2,50.1,238.8,50.1,228.9,50.1,5.6,1290.0,1000.0,78.0,43.0,83.8,100.0,865
2024-03-21T00:12:10.000000+00:00,239.5,50.4,239.5,50.4,228.9,50.4,5.6,1280.0,1010.0,79.0,43.0,83.7,100.0,865
2024-03-21T00:13:10.000000+00:00,239.2,50.3,239.2,50.3,228.9,50.3,5.6,1290.0,1020.0,79.0,43.0,83.7,100.0,865
2024-03-21T00:14:10.000000+00:00,239.5,50.2,239.5,50.2,228.9,50.2,5.6,1290.0,1010.0,78.0,43.0,83.7,100.0,865
2024-03-21T00:15:10.000000+00:00,239.0,50.3,239.4,50.3,228.9,50.3,5.6,1280.0,1010.0,79.0,43.0,83.7,100.0,865
2024-03-21T00:16:10.000000+00:00,238.7,50.1,238.7,50.1,228.9,50.1,5.7,1290.0,1010.0,78.0,43.0,83.7,100.0,865
2024-03-21T00:17:10.000000+00:00,238.9,50.2,238.9,50.2,228.9,50.2,5.6,1290.0,1010.0,78.0,43.0,83.7,100.0,865
2024-03-21T00:18:10.000000+00:00,238.9,50.1,238.9,50.1,228.9,50.1,5.6,1290.0,1000.0,78.0,43.0,83.7,100.0,865
2024-03-21T00:19:10.000000+00:00,239.2,50.0,239.2,50.0,228.9,50.0,5.7,1300.0,1010.0,78.0,43.0,83.8,100.0,865
2024-03-21T00:20:10.000000+00:00,239.1,50.2,240.1,50.2,228.9,50.2,5.6,1280.0,1000.0,78.0,43.0,83.7,100.0,865
2024-03-21T00:21:10.000000+00:00,238.8,50.0,238.9,50.0,228.9,50.0,5.6,1280.0,990.0,77.0,43.0,83.7,100.0,865
2024-03-21T00:22:10.000000+00:00,239.0,50.0,239.4,50.0,228.9,50.0,5.6,1280.0,1000.0,78.0,42.0,83.7,100.0,865
2024-03-21T00:23:10.000000+00:00,239.2,50.1,238.7,50.1,228.9,50.1,5.6,1280.0,1000.0,78.0,43.0,83.7,100.0,917
2024-03-21T00:24:10.000000+00:00,240.3,50.2,240.3,50.2,228.9,50.2,5.6,1280.0,1000.0,78.0,42.0,83.7,100.0,917
2024-03-21T00:25:10.000000+00:00,239.0,50.1,239.4,50.1,228.9,50.1,5.6,1280.0,990.0,77.0,43.0,83.7,100.0,917
2024-03-21T00:26:10.000000+00:00,239.4,50.1,239.4,50.1,228.9,50.1,5.6,1280.0,990.0,77.0,43.0,83.7,100.0,917
2024-03-21T00:27:10.000000+00:00,238.7,50.2,239.7,50.2,228.9,50.2,5.6,1280.0,1000.0,78.0,42.0,83.7,100.0,918
2024-03-21T00:28:10.000000+00:00,239.1,50.3,239.1,50.3,228.9,50.3,5.5,1270.0,1000.0,79.0,42.0,83.8,100.0,918
2024-03-21T00:29:10.000000+00:00,238.9,50.2,238.9,50.2,228.9,50.2,5.5,1270.0,990.0,78.0,42.0,83.7,100.0,918
2024-03-21T00:30:10.000000+00:00,238.9,50.1,238.8,50.1,228.9,50.1,5.6,1280.0,990.0,77.0,43.0,83.7,100.0,918
2024-03-21T00:31:10.000000+00:00,238.8,50.2,238.8,50.2,228.9,50.2,5.6,1270.0,990.0,78.0,43.0,83.8,100.0,918
2024-03-21T00:32:10.000000+00:00,239.0,50.2,239.8,50.2,228.9,50.2,5.5,1270.0,990.0,78.0,43.0,83.7,100.0,918
2024-03-21T00:33:10.000000+00:00,239.5,50.2,239.5,50.2,228.9,50.2,5.6,1280.0,1000.0,78.0,43.0,83.7,100.0,918
2024-03-21T00:34:10.000000+00:00,238.6,50.1,238.6,50.1,228.9,50.1,5.6,1280.0,990.0,77.0,43.0,83.7,100.0,918
2024-03-21T00:35:10.000000+00:00,238.9,50.0,238.8,50.0,228.9,50.0,5.6,1290.0,1000.0,78.0,43.0,83.7,100.0,918
2024-03-21T00:36:10.000000+00:00,239.3,50.2,239.3,50.1,228.9,50.2,5.5,1270.0,990.0,78.0,43.0,83.7,100.0,918
2024-03-21T00:37:10.000000+00:00,239.7,50.1,239.7,50.1,228.9,50.1,5.6,1280.0,990.0,77.0,43.0,83.8,100.0,918
2024-03-21T00:38:10.000000+00:00,238.9,50.0,238.9,50.0,228.9,50.0,5.6,1290.0,1000.0,78.0,43.0,83.7,100.0,918
2024-03-21T00:39:10.000000+00:00,238.2,49.9,239.1,49.9,228.9,49.9,5.6,1280.0,990.0,77.0,43.0,83.8,100.0,918
2024-03-21T00:40:10.000000+00:00,238.8,50.0,238.8,50.0,228.9,50.0,5.6,1280.0,990.0,77.0,43.0,83.8,100.0,918
2024-03-21T00:41:10.000000+00:00,238.1,50.0,238.1,50.0,228.9,50.0,5.6,1280.0,990.0,77.0,43.0,83.7,100.0,918
2024-03-21T00:42:10.000000+00:00,238.2,50.0,238.2,50.0,228.9,50.0,5.6,1290.0,1000.0,78.0,43.0,83.8,100.0,918
2024-03-21T00:43:10.000000+00:00,239.1,50.2,238.8,50.2,228.9,50.2,5.5,1260.0,990.0,79.0,42.0,83.8,100.0,918
2024-03-21T00:44:10.000000+00:00,237.7,50.1,237.7,50.1,228.9,50.0,5.6,1290.0,1000.0,78.0,43.0,83.8,100.0,918
2024-03-21T00:45:10.000000+00:00,238.8,50.2,238.3,50.2,228.9,50.2,5.5,1270.0,990.0,78.0,42.0,83.8,100.0,918
2024-03-21T00:46:10.000000+00:00,238.3,50.2,238.3,50.2,228.9,50.2,5.6,1280.0,1000.0,78.0,43.0,83.8,100.0,918
2024-03-21T00:47:10.000000+00:00,238.1,50.0,238.3,50.0,228.9,50.0,5.6,1280.0,1000.0,78.0,43.0,83.7,100.0,919
2024-03-21T00:48:10.000000+00:00,238.6,50.1,238.6,50.1,228.9,50.1,5.6,1280.0,990.0,77.0,42.0,83.8,100.0,919
2024-03-21T00:49:10.000000+00:00,238.7,50.0,238.7,50.0,228.9,50.0,5.6,1280.0,990.0,77.0,43.0,83.7,100.0,919
2024-03-21T00:50:10.000000+00:00,238.1,50.0,239.1,50.1,228.9,50.1,5.6,1290.0,1010.0,78.0,43.0,83.8,100.0,919
2024-03-21T00:51:10.000000+00:00,238.8,50.1,238.8,50.1,228.9,50.1,5.7,1300.0,1010.0,78.0,43.0,83.8,100.0,867
2024-03-21T00:52:10.000000+00:00,239.6,50.0,239.1,50.0,228.9,50.0,5.7,1300.0,1020.0,78.0,43.0,83.8,100.0,867
2024-03-21T00:53:10.000000+00:00,240.1,50.3,240.1,50.3,228.9,50.3,5.6,1290.0,1010.0,78.0,43.0,83.7,100.0,867
2024-03-21T00:54:10.000000+00:00,239.8,50.1,239.3,50.1,228.9,50.2,5.6,1290.0,1010.0,78.0,43.0,83.8,100.0,867
2024-03-21T00:55:10.000000+00:00,239.7,50.1,238.8,50.1,228.9,50.1,5.6,1290.0,1010.0,78.0,43.0,83.7,100.0,867
2024-03-21T00:56:10.000000+00:00,239.6,50.3,239.5,50.3,228.9,50.3,5.6,1290.0,1010.0,78.0,43.0,83.8,100.0,867
2024-03-21T00:57:10.000000+00:00,239.5,50.3,239.5,50.3,228.9,50.3,5.6,1290.0,1010.0,78.0,43.0,83.8,100.0,867
2024-03-21T00:58:10.000000+00:00,239.9,50.2,238.9,50.2,228.9,50.2,5.6,1290.0,1010.0,78.0,43.0,83.8,100.0,867
2024-03-21T00:59:11.000000+00:00,239.8,50.1,239.9,50.1,228.9,50.1,5.6,1290.0,1010.0,78.0,43.0,83.8,100.0,867
2024-03-21T01:00:11.000000+00:00,239.5,50.1,239.5,50.1,228.9,50.1,5.7,1300.0,1020.0,78.0,43.0,83.8,100.0,867
2024-03-21T01:01:11.000000+00:00,240.3,50.3,240.3,50.3,228.9,50.3,5.6,1290.0,1010.0,78.0,43.0,83.8,100.0,867
2024-03-21T01:02:11.000000+00:00,239.0,50.2,239.0,50.2,228.9,50.2,5.6,1290.0,1010.0,78.0,43.0,83.8,100.0,867
2024-03-21T01:03:11.000000+00:00,239.2,50.0,239.2,50.0,228.9,50.0,5.7,1300.0,1010.0,78.0,43.0,83.8,100.0,867
2024-03-21T01:04:11.000000+00:00,239.5,50.2,239.1,50.2,228.9,50.2,5.6,1290.0,1010.0,78.0,43.0,83.8,100.0,867
2024-03-21T01:05:11.000000+00:00,239.1,50.0,238.2,50.0,228.9,50.0,5.7,1300.0,1010.0,78.0,44.0,83.8,100.0,867
2024-03-21T01:06:11.000000+00:00,239.2,50.1,238.7,50.1,228.9,50.1,5.6,1290.0,1010.0,78.0,43.0,83.8,100.0,867
2024-03-21T01:07:11.000000+00:00,238.6,50.0,238.6,50.0,228.9,50.0,5.7,1300.0,1010.0,78.0,43.0,83.8,100.0,868
2024-03-21T01:08:11.000000+00:00,239.7,50.2,238.8,50.2,228.9,50.2,5.6,1290.0,1010.0,78.0,43.0,83.8,100.0,868
2024-03-21T01:09:11.000000+00:00,240.2,50.4,239.7,50.4,228.9,50.4,5.6,1290.0,1010.0,78.0,43.0,83.8,100.0,868
2024-03-21T01:10:11.000000+00:00,238.9,50.1,238.4,50.2,228.9,50.2,5.6,1290.0,1010.0,78.0,43.0,83.8,100.0,868
2024-03-21T01:11:11.000000+00:00,238.7,50.2,238.7,50.2,228.9,50.2,5.6,1290.0,1010.0,78.0,43.0,83.8,100.0,868
2024-03-21T01:12:11.000000+00:00,238.9,50.1,238.9,50.1,228.9,50.1,5.7,1300.0,1010.0,78.0,43.0,83.8,100.0,868
2024-03-21T01:13:11.000000+00:00,239.3,50.1,239.3,50.1,228.9,50.1,5.6,1290.0,1000.0,78.0,43.0,83.8,100.0,868
2024-03-21T01:14:11.000000+00:00,239.8,50.3,239.8,50.3,228.9,50.3,5.6,1280.0,1000.0,78.0,43.0,83.8,100.0,868
2024-03-21T01:15:11.000000+00:00,238.9,50.2,239.5,50.2,228.9,50.2,5.6,1290.0,1000.0,78.0,43.0,83.8,100.0,868
2024-03-21T01:16:11.000000+00:00,239.0,50.2,239.9,50.2,228.9,50.2,5.5,1270.0,990.0,78.0,42.0,83.8,100.0,868
2024-03-21T01:17:11.000000+00:00,239.8,50.3,239.8,50.3,228.9,50.3,5.6,1280.0,1000.0,78.0,42.0,83.8,100.0,920
2024-03-21T01:18:11.000000+00:00,239.6,50.3,239.7,50.3,228.9,50.3,5.6,1280.0,1000.0,78.0,43.0,83.8,100.0,920
2024-03-21T01:19:11.000000+00:00,240.2,50.3,239.8,50.3,228.9,50.3,5.6,1280.0,1000.0,78.0,43.0,83.8,100.0,920
2024-03-21T01:20:11.000000+00:00,239.4,50.2,240.0,50.2,228.9,50.2,5.6,1270.0,990.0,78.0,43.0,83.8,100.0,920
2024-03-21T01:21:11.000000+00:00,239.6,50.3,239.6,50.3,228.9,50.3,5.6,1280.0,1000.0,78.0,42.0,83.8,100.0,920
2024-03-21T01:22:11.000000+00:00,239.7,50.3,239.7,50.3,228.9,50.3,5.6,1270.0,990.0,78.0,42.0,83.8,100.0,920
2024-03-21T01:23:11.000000+00:00,239.5,50.2,239.5,50.2,228.9,50.3,5.6,1270.0,990.0,78.0,43.0,83.8,100.0,920
2024-03-21T01:24:11.000000+00:00,239.8,50.3,239.8,50.3,228.9,50.3,5.5,1270.0,990.0,78.0,42.0,83.8,100.0,920
2024-03-21T01:25:11.000000+00:00,238.5,50.2,238.5,50.2,228.9,50.2,5.6,1280.0,1000.0,78.0,42.0,83.8,100.0,920
2024-03-21T01:26:11.000000+00:00,238.5,50.1,238.6,50.1,228.9,50.1,5.6,1280.0,990.0,77.0,43.0,83.8,100.0,920
2024-03-21T01:27:11.000000+00:00,239.0,50.3,238.5,50.3,228.9,50.3,5.5,1270.0,990.0,78.0,42.0,83.8,100.0,920
2024-03-21T01:28:11.000000+00:00,239.1,50.3,239.1,50.3,228.9,50.3,5.6,1270.0,990.0,78.0,42.0,83.8,100.0,920
2024-03-21T01:29:11.000000+00:00,239.2,50.2,239.3,50.2,228.9,50.2,5.6,1270.0,990.0,78.0,43.0,83.8,100.0,920
2024-03-21T01:30:11.000000+00:00,239.0,50.3,239.5,50.3,228.9,50.3,5.6,1280.0,1000.0,78.0,42.0,83.8,100.0,920
2024-03-21T01:31:11.000000+00:00,239.2,50.2,238.3,50.2,228.9,50.2,5.6,1270.0,990.0,78.0,43.0,83.8,100.0,920
2024-03-21T01:32:11.000000+00:00,239.3,50.2,239.3,50.2,228.9,50.2,5.5,1270.0,990.0,78.0,42.0,83.8,100.0,920
2024-03-21T01:33:11.000000+00:00,239.1,50.3,239.1,50.3,228.9,50.3,5.5,1270.0,990.0,78.0,42.0,83.8,100.0,920
2024-03-21T01:34:11.000000+00:00,238.8,50.3,238.8,50.3,228.9,50.3,5.5,1260.0,980.0,78.0,43.0,83.8,100.0,920
2024-03-21T01:35:11.000000+00:00,238.3,50.1,238.3,50.1,228.9,50.1,5.6,1270.0,990.0,78.0,43.0,83.8,100.0,920
2024-03-21T01:36:11.000000+00:00,238.9,50.2,238.0,50.2,228.9,50.2,5.5,1270.0,990.0,78.0,42.0,83.8,100.0,920
2024-03-21T01:37:11.000000+00:00,238.6,50.1,238.6,50.1,228.9,50.1,5.6,1280.0,990.0,77.0,43.0,83.8,100.0,920
2024-03-21T01:38:11.000000+00:00,237.5,50.0,237.5,50.0,228.9,50.0,5.6,1280.0,1000.0,78.0,43.0,83.8,100.0,920
2024-03-21T01:39:11.000000+00:00,237.7,50.1,237.7,50.1,228.9,50.1,5.6,1280.0,1000.0,78.0,43.0,83.8,100.0,920
2024-03-21T01:40:11.000000+00:00,237.4,50.1,238.3,50.1,228.9,50.1,5.6,1280.0,990.0,77.0,43.0,83.8,100.0,920
2024-03-21T01:41:11.000000+00:00,237.3,50.1,237.3,50.1,228.9,50.1,5.6,1280.0,1000.0,78.0,43.0,83.8,100.0,920
2024-03-21T01:42:11.000000+00:00,237.1,50.0,237.1,50.0,228.9,50.0,5.6,1280.0,1000.0,78.0,43.0,83.8,100.0,920
2024-03-21T01:43:11.000000+00:00,237.2,49.9,237.2,49.9,228.9,49.9,5.6,1290.0,1000.0,78.0,43.0,83.8,100.0,920
2024-03-21T01:44:11.000000+00:00,237.0,49.7,237.0,49.7,228.9,49.7,5.6,1290.0,1000.0,78.0,43.0,83.8,100.0,920
2024-03-21T01:45:11.000000+00:00,236.5,49.7,236.5,49.7,228.9,49.7,5.7,1300.0,1010.0,78.0,44.0,83.8,100.0,920
2024-03-21T01:46:11.000000+00:00,237.5,50.1,237.5,50.1,228.9,50.0,5.6,1280.0,1000.0,78.0,43.0,83.8,100.0,920
2024-03-21T01:47:11.000000+00:00,237.9,50.2,238.0,50.2,228.9,50.2,5.6,1280.0,1000.0,78.0,42.0,83.8,100.0,920
2024-03-21T01:48:11.000000+00:00,237.8,50.1,238.3,50.1,228.9,50.1,5.6,1280.0,990.0,77.0,43.0,83.8,100.0,920
2024-03-21T01:49:11.000000+00:00,237.5,50.0,237.5,50.0,228.9,50.0,5.6,1290.0,1010.0,78.0,43.0,83.8,100.0,920
2024-03-21T01:50:11.000000+00:00,237.8,50.1,237.8,50.1,228.9,50.1,5.6,1280.0,1000.0,78.0,43.0,83.8,100.0,920
2024-03-21T01:51:11.000000+00:00,238.4,50.3,238.5,50.3,228.9,50.3,5.6,1280.0,1000.0,78.0,42.0,83.8,100.0,920
2024-03-21T01:52:11.000000+00:00,237.0,49.9,237.0,49.9,228.9,49.9,5.6,1290.0,1000.0,78.0,43.0,83.8,100.0,920
2024-03-21T01:53:11.000000+00:00,237.4,50.2,237.4,50.2,228.9,50.2,5.6,1280.0,1000.0,78.0,42.0,83.8,100.0,920
2024-03-21T01:54:11.000000+00:00,238.0,50.2,238.5,50.2,228.9,50.2,5.5,1270.0,990.0,78.0,42.0,83.8,100.0,920
2024-03-21T01:55:11.000000+00:00,237.2,50.1,237.3,50.1,228.9,50.1,5.6,1280.0,990.0,77.0,42.0,83.8,100.0,920
2024-03-21T01:56:12.000000+00:00,236.9,50.1,236.8,50.1,228.9,50.1,5.6,1280.0,1000.0,78.0,43.0,83.8,100.0,920
2024-03-21T01:57:12.000000+00:00,238.2,50.3,238.2,50.3,228.9,50.3,5.5,1270.0,990.0,78.0,42.0,83.8,100.0,920
2024-03-21T01:58:12.000000+00:00,237.2,50.3,238.2,50.3,228.9,50.3,5.5,1270.0,990.0,78.0,43.0,83.8,100.0,920
2024-03-21T01:59:12.000000+00:00,236.8,50.2,236.8,50.2,228.9,50.2,5.6,1280.0,990.0,77.0,42.0,83.8,100.0,920
2024-03-21T02:00:12.000000+00:00,237.6,50.2,237.6,50.2,228.9,50.2,5.6,1290.0,1000.0,78.0,42.0,83.8,100.0,920
2024-03-21T02:01:12.000000+00:00,236.8,50.1,236.9,50.1,228.9,50.1,5.6,1270.0,990.0,78.0,43.0,83.8,100.0,920
2024-03-21T02:02:12.000000+00:00,236.5,50.0,235.6,50.0,228.9,50.0,5.5,1270.0,990.0,78.0,43.0,83.8,100.0,920
2024-03-21T02:03:12.000000+00:00,235.3,49.9,236.1,49.9,228.9,49.9,5.6,1290.0,1000.0,78.0,43.0,83.8,100.0,920
2024-03-21T02:04:12.000000+00:00,238.8,49.9,238.8,49.9,228.9,49.9,5.6,1300.0,1000.0,77.0,43.0,83.8,100.0,920
2024-03-21T02:05:12.000000+00:00,239.1,49.8,239.1,49.8,228.9,49.8,5.7,1290.0,1000.0,78.0,43.0,83.8,100.0,920
2024-03-21T02:06:12.000000+00:00,237.8,49.7,238.2,49.7,228.9,49.7,5.7,1300.0,1000.0,77.0,43.0,83.8,100.0,920
2024-03-21T02:07:12.000000+00:00,237.5,49.7,237.5,49.7,228.9,49.7,5.6,1290.0,1000.0,78.0,43.0,83.8,100.0,920
2024-03-21T02:08:12.000000+00:00,237.6,49.8,237.6,49.8,228.9,49.8,5.7,1300.0,1000.0,77.0,44.0,83.8,100.0,920
2024-03-21T02:09:12.000000+00:00,237.8,49.7,237.8,49.7,228.9,49.7,5.7,1300.0,1000.0,77.0,43.0,83.8,100.0,920
2024-03-21T02:10:12.000000+00:00,237.5,49.7,237.5,49.7,228.9,49.7,5.7,1300.0,1000.0,77.0,43.0,83.8,100.0,920
2024-03-21T02:11:12.000000+00:00,237.5,49.8,237.5,49.8,228.9,49.8,5.6,1290.0,1000.0,78.0,43.0,83.8,100.0,920
2024-03-21T02:12:12.000000+00:00,236.5,49.7,237.3,49.7,228.9,49.7,5.7,1300.0,1000.0,77.0,44.0,83.8,100.0,920
2024-03-21T02:13:12.000000+00:00,236.5,49.7,236.1,49.7,228.9,49.7,5.7,1300.0,1000.0,77.0,43.0,83.8,100.0,920
2024-03-21T02:14:12.000000+00:00,237.0,49.8,236.2,49.8,228.9,49.8,5.7,1300.0,1000.0,77.0,43.0,83.8,100.0,920
2024-03-21T02:15:12.000000+00:00,236.6,49.8,236.6,49.8,228.9,49.8,5.6,1290.0,1000.0,78.0,43.0,83.8,100.0,920
2024-03-21T02:16:12.000000+00:00,237.0,49.8,236.0,49.8,228.9,49.8,5.7,1300.0,1010.0,78.0,43.0,83.8,100.0,920
2024-03-21T02:17:12.000000+00:00,237.4,50.0,237.0,50.0,228.9,50.0,5.6,1280.0,990.0,77.0,43.0,83.8,100.0,920
2024-03-21T02:18:12.000000+00:00,237.2,49.9,236.3,49.9,228.9,49.9,5.7,1290.0,1010.0,78.0,43.0,83.8,100.0,920
2024-03-21T02:19:12.000000+00:00,236.7,50.0,236.7,50.0,228.9,50.0,5.6,1280.0,990.0,77.0,43.0,83.8,100.0,920
2024-03-21T02:20:12.000000+00:00,236.5,50.0,237.0,50.0,228.9,50.0,5.6,1290.0,1000.0,78.0,43.0,83.8,100.0,920
2024-03-21T02:21:12.000000+00:00,236.2,49.9,237.1,49.9,228.9,49.9,5.6,1280.0,990.0,77.0,43.0,83.8,100.0,920
2024-03-21T02:22:12.000000+00:00,236.7,50.0,236.7,50.0,228.9,50.0,5.6,1290.0,1000.0,78.0,43.0,83.8,100.0,920
2024-03-21T02:23:12.000000+00:00,235.6,49.8,234.7,49.8,228.9,49.8,5.6,1300.0,1000.0,77.0,43.0,83.8,100.0,920
2024-03-21T02:24:12.000000+00:00,239.5,49.8,239.5,49.8,228.9,49.8,5.6,1280.0,990.0,77.0,43.0,83.8,100.0,920
2024-03-21T02:25:12.000000+00:00,239.5,49.8,238.9,49.8,228.9,49.8,5.7,1300.0,1010.0,78.0,43.0,83.8,100.0,920
2024-03-21T02:26:12.000000+00:00,239.5,49.9,239.9,49.8,228.9,49.8,5.6,1290.0,1000.0,78.0,43.0,83.8,100.0,920
2024-03-21T02:27:12.000000+00:00,238.8,49.9,238.9,49.9,228.9,49.9,5.6,1290.0,1000.0,78.0,43.0,83.8,100.0,920
2024-03-21T02:28:12.000000+00:00,237.7,49.8,237.7,49.8,228.9,49.8,5.7,1290.0,1000.0,78.0,43.0,83.7,100.0,920
2024-03-21T02:29:12.000000+00:00,238.5,49.8,238.5,49.8,228.9,49.8,5.6,1300.0,1000.0,77.0,43.0,83.8,100.0,920
2024-03-21T02:30:12.000000+00:00,238.2,49.9,238.2,49.9,228.9,49.9,5.6,1290.0,1000.0,78.0,43.0,83.8,100.0,920
2024-03-21T02:31:12.000000+00:00,238.9,50.0,238.9,50.0,228.9,50.0,5.7,1290.0,1010.0,78.0,43.0,83.8,100.0,920
2024-03-21T02:32:12.000000+00:00,238.6,50.1,238.6,50.1,228.9,50.1,5.6,1270.0,990.0,78.0,43.0,83.8,100.0,920
2024-03-21T02:33:12.000000+00:00,237.8,50.2,238.3,50.2,228.9,50.2,5.6,1280.0,1000.0,78.0,43.0,83.8,100.0,920
2024-03-21T02:34:12.000000+00:00,238.5,50.1,238.5,50.1,228.9,50.1,5.6,1270.0,990.0,78.0,42.0,83.8,100.0,920
2024-03-21T02:35:12.000000+00:00,237.3,50.1,237.3,50.1,228.9,50.1,5.6,1280.0,1000.0,78.0,43.0,83.8,100.0,920
2024-03-21T02:36:12.000000+00:00,238.0,50.1,238.0,50.1,228.9,50.1,5.6,1280.0,990.0,77.0,42.0,83.8,100.0,920
2024-03-21T02:37:12.000000+00:00,236.5,50.0,236.5,50.0,228.9,50.0,5.6,1280.0,990.0,77.0,43.0,83.8,100.0,920
2024-03-21T02:38:12.000000+00:00,235.9,50.0,235.9,50.0,228.9,50.0,5.6,1290.0,1000.0,78.0,43.0,83.8,100.0,920
2024-03-21T02:39:12.000000+00:00,235.7,50.0,235.7,50.0,228.9,50.0,5.6,1280.0,990.0,77.0,43.0,83.8,100.0,920
2024-03-21T02:40:12.000000+00:00,236.7,50.0,236.6,50.0,228.9,50.0,5.6,1280.0,1000.0,78.0,43.0,83.8,100.0,920
2024-03-21T02:41:12.000000+00:00,235.1,50.0,235.1,50.0,228.9,50.0,5.6,1290.0,1000.0,78.0,43.0,83.7,100.0,920
2024-03-21T02:42:12.000000+00:00,237.6,49.7,237.7,49.7,228.9,49.7,5.7,1310.0,1010.0,77.0,43.0,83.8,100.0,920
2024-03-21T02:43:12.000000+00:00,238.1,49.7,237.2,49.7,228.9,49.7,5.7,1300.0,1000.0,77.0,43.0,83.8,100.0,920
2024-03-21T02:44:12.000000+00:00,237.9,49.7,237.9,49.7,228.9,49.7,5.7,1300.0,1000.0,77.0,43.0,83.8,100.0,920
2024-03-21T02:45:12.000000+00:00,238.7,49.8,237.7,49.8,228.9,49.8,5.7,1300.0,1010.0,78.0,43.0,83.8,100.0,920
2024-03-21T02:46:12.000000+00:00,238.4,49.9,237.5,49.9,228.9,49.9,5.6,1290.0,1000.0,78.0,43.0,83.8,100.0,920
2024-03-21T02:47:12.000000+00:00,237.6,49.9,237.6,49.9,228.9,49.9,5.6,1290.0,1000.0,78.0,43.0,83.8,100.0,920
2024-03-21T02:48:12.000000+00:00,238.1,49.9,238.1,49.9,228.9,49.9,5.6,1290.0,1000.0,78.0,43.0,83.8,100.0,920
2024-03-21T02:49:12.000000+00:00,238.2,50.0,238.2,50.0,228.9,50.0,5.6,1290.0,1000.0,78.0,43.0,83.7,100.0,920
2024-03-21T02:50:12.000000+00:00,238.1,50.0,238.1,50.1,228.9,50.1,5.6,1280.0,1000.0,78.0,43.0,83.8,100.0,920
2024-03-21T02:51:12.000000+00:00,238.5,50.2,238.0,50.2,228.9,50.2,5.5,1270.0,990.0,78.0,43.0,83.8,100.0,920
2024-03-21T02:52:12.000000+00:00,238.9,50.2,238.5,50.2,228.9,50.2,5.6,1270.0,990.0,78.0,42.0,83.8,100.0,920
2024-03-21T02:53:13.000000+00:00,238.4,50.3,238.4,50.3,228.9,50.3,5.6,1280.0,1000.0,78.0,42.0,83.7,100.0,920
2024-03-21T02:54:13.000000+00:00,238.5,50.3,238.5,50.3,228.9,50.3,5.6,1280.0,1000.0,78.0,43.0,83.7,100.0,920
2024-03-21T02:55:13.000000+00:00,237.4,50.2,237.4,50.2,228.9,50.2,5.6,1280.0,990.0,77.0,42.0,83.8,100.0,920
2024-03-21T02:56:13.000000+00:00,238.7,50.3,238.2,50.3,228.9,50.3,5.5,1270.0,990.0,78.0,42.0,83.8,100.0,920
2024-03-21T02:57:13.000000+00:00,237.3,50.3,237.1,50.3,228.9,50.3,5.6,1280.0,1000.0,78.0,42.0,83.8,100.0,920
2024-03-21T02:58:13.000000+00:00,236.7,50.3,236.7,50.3,228.9,50.3,5.6,1270.0,1000.0,79.0,42.0,83.7,100.0,920
2024-03-21T02:59:13.000000+00:00,236.0,50.2,236.0,50.2,228.9,50.2,5.6,1280.0,1000.0,78.0,42.0,83.8,100.0,920
2024-03-21T03:00:13.000000+00:00,237.7,50.3,236.9,50.3,228.9,50.3,5.6,1270.0,1000.0,79.0,42.0,83.7,100.0,920
2024-03-21T03:01:13.000000+00:00,236.4,50.1,236.4,50.1,228.9,50.1,5.6,1280.0,1000.0,78.0,43.0,83.8,100.0,920
2024-03-21T03:02:13.000000+00:00,236.1,50.1,235.8,50.1,228.9,50.1,5.6,1280.0,1000.0,78.0,43.0,83.8,100.0,920
2024-03-21T03:03:13.000000+00:00,235.8,50.1,235.3,50.1,228.9,50.1,5.6,1280.0,1000.0,78.0,43.0,83.8,100.0,920
2024-03-21T03:04:13.000000+00:00,235.3,50.0,235.0,50.0,228.9,50.0,5.6,1280.0,990.0,77.0,43.0,83.7,100.0,920
2024-03-21T03:05:13.000000+00:00,235.3,50.0,235.3,50.0,228.9,50.0,5.6,1290.0,1000.0,78.0,43.0,83.7,100.0,920
2024-03-21T03:06:13.000000+00:00,234.4,49.9,234.4,49.9,228.9,49.9,5.6,1280.0,990.0,77.0,43.0,83.7,100.0,920
2024-03-21T03:07:13.000000+00:00,236.8,49.8,237.2,49.8,228.9,49.8,5.6,1290.0,1000.0,78.0,43.0,83.7,100.0,920
2024-03-21T03:08:13.000000+00:00,237.3,49.8,236.5,49.8,228.9,49.8,5.7,1300.0,1010.0,78.0,43.0,83.7,100.0,920
2024-03-21T03:09:13.000000+00:00,236.9,49.9,236.8,49.9,228.9,49.9,5.6,1280.0,990.0,77.0,43.0,83.7,100.0,920
2024-03-21T03:10:13.000000+00:00,236.2,49.8,235.8,49.8,228.9,49.8,5.7,1290.0,1000.0,78.0,43.0,83.8,100.0,920
2024-03-21T03:11:13.000000+00:00,235.4,49.8,235.9,49.8,228.9,49.8,5.6,1290.0,990.0,77.0,43.0,83.8,100.0,920
2024-03-21T03:12:13.000000+00:00,235.7,49.8,235.7,49.8,228.9,49.8,5.7,1300.0,1010.0,78.0,43.0,83.8,100.0,920
2024-03-21T03:13:13.000000+00:00,234.8,49.7,233.9,49.7,228.9,49.7,5.7,1300.0,1000.0,77.0,43.0,83.8,100.0,920
2024-03-21T03:14:13.000000+00:00,234.5,49.6,235.0,49.6,228.9,49.6,5.7,1300.0,1000.0,77.0,43.0,83.7,100.0,920
2024-03-21T03:15:13.000000+00:00,234.5,49.6,234.6,49.6,228.9,49.6,5.7,1310.0,1000.0,76.0,43.0,83.8,100.0,920
2024-03-21T03:16:13.000000+00:00,235.2,49.7,235.2,49.7,228.9,49.7,5.7,1300.0,1000.0,77.0,43.0,83.7,100.0,920
2024-03-21T03:17:13.000000+00:00,234.3,49.6,234.3,49.6,228.9,49.6,5.7,1300.0,1000.0,77.0,43.0,83.8,100.0,920
2024-03-21T03:18:13.000000+00:00,237.0,49.6,237.0,49.6,228.9,49.6,5.7,1310.0,1010.0,77.0,44.0,83.8,100.0,920
2024-03-21T03:19:13.000000+00:00,237.4,49.6,237.5,49.6,228.9,49.6,5.7,1300.0,1000.0,77.0,43.0,83.8,100.0,920
2024-03-21T03:20:13.000000+00:00,236.5,49.7,236.5,49.7,228.9,49.7,5.6,1290.0,1000.0,78.0,43.0,83.7,100.0,920
2024-03-21T03:21:13.000000+00:00,236.3,49.9,236.3,49.9,228.9,49.9,5.6,1280.0,1000.0,78.0,43.0,83.8,100.0,920
2024-03-21T03:22:13.000000+00:00,237.9,50.0,237.4,50.0,228.9,50.0,5.6,1280.0,1000.0,78.0,43.0,83.7,100.0,920
2024-03-21T03:23:13.000000+00:00,237.9,50.0,237.9,50.0,228.9,50.0,5.6,1280.0,1000.0,78.0,43.0,83.8,100.0,920
2024-03-21T03:24:13.000000+00:00,236.8,50.1,236.8,50.1,228.9,50.1,5.6,1290.0,1000.0,78.0,43.0,83.7,100.0,920
2024-03-21T03:25:13.000000+00:00,237.5,50.2,237.0,50.2,228.9,50.2,5.6,1280.0,1000.0,78.0,43.0,83.8,100.0,920
2024-03-21T03:26:13.000000+00:00,236.9,49.9,237.0,49.9,228.9,49.9,5.6,1290.0,1000.0,78.0,43.0,83.7,100.0,920
2024-03-21T03:27:13.000000+00:00,237.3,49.8,236.8,49.8,228.9,49.8,5.6,1290.0,1000.0,78.0,43.0,83.8,100.0,920
2024-03-21T03:28:13.000000+00:00,236.6,49.8,236.7,49.8,228.9,49.8,5.7,1300.0,1010.0,78.0,43.0,83.7,100.0,920
2024-03-21T03:29:13.000000+00:00,237.2,49.8,237.2,49.8,228.9,49.8,5.6,1300.0,1000.0,77.0,43.0,83.8,100.0,920
2024-03-21T03:30:13.000000+00:00,237.9,49.9,237.5,49.9,228.9,49.9,5.6,1290.0,1000.0,78.0,43.0,83.8,100.0,920
2024-03-21T03:31:13.000000+00:00,238.4,50.0,237.9,50.0,228.9,50.1,5.6,1280.0,990.0,77.0,43.0,83.8,100.0,920
2024-03-21T03:32:13.000000+00:00,237.5,49.9,237.5,49.9,228.9,49.9,5.6,1290.0,1000.0,78.0,43.0,83.8,100.0,920
2024-03-21T03:33:13.000000+00:00,237.5,49.8,237.5,49.8,228.9,49.8,5.6,1290.0,1000.0,78.0,43.0,83.8,100.0,920
2024-03-21T03:34:13.000000+00:00,238.0,50.0,238.0,50.0,228.9,50.0,5.6,1290.0,1000.0,78.0,43.0,83.8,100.0,920
2024-03-21T03:35:13.000000+00:00,237.9,49.9,237.9,49.9,228.9,49.9,5.6,1290.0,1000.0,78.0,43.0,83.7,100.0,920
2024-03-21T03:36:13.000000+00:00,237.1,49.9,237.2,49.9,228.9,49.9,5.6,1290.0,1000.0,78.0,43.0,83.8,100.0,920
2024-03-21T03:37:13.000000+00:00,237.8,49.9,237.8,49.9,228.9,50.0,5.6,1280.0,990.0,77.0,43.0,83.7,100.0,920
2024-03-21T03:38:13.000000+00:00,238.3,50.0,237.8,50.0,228.9,50.0,5.6,1280.0,990.0,77.0,43.0,83.8,100.0,920
2024-03-21T03:39:13.000000+00:00,237.3,50.0,237.3,50.0,228.9,50.0,5.6,1280.0,990.0,77.0,43.0,83.8,100.0,920
2024-03-21T03:40:13.000000+00:00,238.0,50.1,238.0,50.1,228.9,50.1,5.6,1280.0,990.0,77.0,43.0,83.8,100.0,920
2024-03-21T03:41:13.000000+00:00,236.6,50.1,236.6,50.1,228.9,50.1,5.6,1280.0,990.0,77.0,43.0,83.8,100.0,920
2024-03-21T03:42:13.000000+00:00,237.8,50.1,237.8,50.1,228.9,50.1,5.6,1270.0,990.0,78.0,43.0,83.7,100.0,920
2024-03-21T03:43:13.000000+00:00,236.8,50.1,236.8,50.1,228.9,50.1,5.6,1280.0,1000.0,78.0,42.0,83.7,100.0,920
2024-03-21T03:44:13.000000+00:00,235.8,50.1,235.8,50.1,228.9,50.1,5.6,1280.0,990.0,77.0,43.0,83.8,100.0,920
2024-03-21T03:45:13.000000+00:00,235.9,50.0,235.9,50.0,228.9,50.0,5.6,1280.0,990.0,77.0,43.0,83.7,100.0,920
2024-03-21T03:46:13.000000+00:00,236.9,50.2,235.9,50.2,228.9,50.2,5.6,1280.0,1000.0,78.0,43.0,83.8,100.0,920
2024-03-21T03:47:13.000000+00:00,235.3,50.0,235.3,50.0,228.9,50.0,5.6,1290.0,1000.0,78.0,43.0,83.7,100.0,920
2024-03-21T03:48:13.000000+00:00,236.9,50.2,236.9,50.2,228.9,50.2,5.6,1280.0,1000.0,78.0,43.0,83.7,100.0,920
2024-03-21T03:49:13.000000+00:00,236.8,50.2,236.3,50.2,228.9,50.2,5.6,1280.0,990.0,77.0,42.0,83.7,100.0,920
2024-03-21T03:50:14.000000+00:00,236.0,50.1,236.0,50.1,228.9,50.1,5.6,1280.0,1000.0,78.0,43.0,83.7,100.0,920
2024-03-21T03:51:14.000000+00:00,236.0,50.3,236.0,50.3,228.9,50.3,5.5,1270.0,990.0,78.0,43.0,83.7,100.0,920
2024-03-21T03:52:14.000000+00:00,235.6,50.1,235.6,50.1,228.9,50.1,5.6,1280.0,1000.0,78.0,43.0,83.8,100.0,920
2024-03-21T03:53:14.000000+00:00,236.4,50.2,236.3,50.2,228.9,50.2,5.5,1270.0,990.0,78.0,43.0,83.8,100.0,920
2024-03-21T03:54:14.000000+00:00,236.2,50.2,235.2,50.2,228.9,50.2,5.5,1270.0,990.0,78.0,42.0,83.7,100.0,920
2024-03-21T03:55:14.000000+00:00,235.5,50.1,235.5,50.1,228.9,50.1,5.6,1280.0,1000.0,78.0,42.0,83.8,100.0,920
2024-03-21T03:56:14.000000+00:00,234.7,50.3,235.3,50.3,228.9,50.3,5.5,1270.0,990.0,78.0,42.0,83.7,100.0,920
2024-03-21T03:57:14.000000+00:00,236.1,50.3,236.1,50.3,228.9,50.3,5.5,1270.0,990.0,78.0,42.0,83.8,100.0,920
2024-03-21T03:58:14.000000+00:00,235.4,50.3,235.4,50.3,228.9,50.3,5.5,1260.0,990.0,79.0,42.0,83.7,100.0,920
2024-03-21T03:59:14.000000+00:00,235.8,50.3,235.3,50.4,228.9,50.4,5.5,1270.0,990.0,78.0,42.0,83.7,100.0,920
2024-03-21T04:00:14.000000+00:00,235.1,50.3,235.6,50.3,228.9,50.3,5.5,1270.0,990.0,78.0,42.0,83.8,100.0,920
2024-03-21T04:01:14.000000+00:00,234.8,50.2,234.4,50.2,228.9,50.2,5.6,1280.0,1000.0,78.0,42.0,83.8,100.0,920
2024-03-21T04:02:14.000000+00:00,234.2,50.3,235.2,50.3,228.9,50.3,5.5,1270.0,990.0,78.0,42.0,83.8,100.0,920
2024-03-21T04:03:14.000000+00:00,238.5,50.3,239.5,50.3,228.9,50.3,5.5,1270.0,990.0,78.0,42.0,83.8,100.0,920
2024-03-21T04:04:14.000000+00:00,238.2,50.3,237.3,50.3,228.9,50.3,5.5,1270.0,990.0,78.0,42.0,83.7,100.0,920
2024-03-21T04:05:14.000000+00:00,236.4,50.3,236.3,50.3,228.9,50.3,5.5,1270.0,990.0,78.0,42.0,83.8,100.0,920
2024-03-21T04:06:14.000000+00:00,236.3,50.4,236.7,50.4,228.9,50.4,5.6,1280.0,1000.0,78.0,42.0,83.7,100.0,920
2024-03-21T04:07:14.000000+00:00,236.4,50.4,236.9,50.4,228.9,50.4,5.5,1270.0,990.0,78.0,42.0,83.8,100.0,920
2024-03-21T04:08:14.000000+00:00,235.9,50.5,236.3,50.5,228.9,50.5,5.5,1260.0,990.0,79.0,42.0,83.8,100.0,920
2024-03-21T04:09:14.000000+00:00,235.1,50.3,234.7,50.3,228.9,50.3,5.5,1270.0,990.0,78.0,42.0,83.8,100.0,920
2024-03-21T04:10:14.000000+00:00,235.0,50.4,234.8,50.4,228.9,50.4,5.5,1270.0,1000.0,79.0,42.0,83.7,100.0,920
2024-03-21T04:11:14.000000+00:00,235.0,50.3,235.0,50.3,228.9,50.3,5.5,1270.0,990.0,78.0,42.0,83.8,100.0,920
2024-03-21T04:12:14.000000+00:00,234.2,50.3,234.6,50.3,228.9,50.3,5.5,1270.0,990.0,78.0,42.0,83.7,100.0,920
2024-03-21T04:13:14.000000+00:00,235.1,50.3,235.0,50.3,228.9,50.3,5.5,1270.0,990.0,78.0,42.0,83.9,100.0,920
2024-03-21T04:14:14.000000+00:00,235.2,50.3,235.3,50.3,228.9,50.3,5.5,1270.0,990.0,78.0,42.0,84.1,100.0,920
2024-03-21T04:15:14.000000+00:00,234.6,50.3,235.5,50.3,228.9,50.3,5.5,1260.0,990.0,79.0,42.0,84.2,100.0,920
2024-03-21T04:16:14.000000+00:00,235.8,50.3,235.3,50.3,228.9,50.3,5.5,1270.0,990.0,78.0,42.0,84.3,100.0,920
2024-03-21T04:17:14.000000+00:00,234.8,50.4,234.8,50.4,228.9,50.4,5.5,1260.0,990.0,79.0,42.0,84.3,100.0,920
2024-03-21T04:18:14.000000+00:00,233.6,50.4,233.6,50.4,228.9,50.3,5.5,1270.0,1000.0,79.0,43.0,84.4,100.0,920
2024-03-21T04:19:14.000000+00:00,234.1,50.4,235.0,50.4,228.9,50.4,5.5,1270.0,990.0,78.0,42.0,84.2,100.0,920
2024-03-21T04:20:14.000000+00:00,233.1,50.5,233.1,50.5,228.9,50.5,5.6,1270.0,1000.0,79.0,42.0,84.1,100.0,920
2024-03-21T04:21:14.000000+00:00,233.7,50.4,233.7,50.4,228.9,50.4,5.5,1260.0,990.0,79.0,42.0,84.0,100.0,920
2024-03-21T04:22:14.000000+00:00,232.7,50.4,232.7,50.4,228.9,50.4,5.5,1260.0,990.0,79.0,42.0,84.0,100.0,920
2024-03-21T04:23:14.000000+00:00,232.6,50.4,232.6,50.4,228.9,50.4,5.5,1270.0,990.0,78.0,42.0,83.9,100.0,920
2024-03-21T04:24:14.000000+00:00,236.0,50.3,236.0,50.3,228.9,50.3,5.5,1270.0,990.0,78.0,42.0,83.9,100.0,920
2024-03-21T04:25:14.000000+00:00,235.5,50.2,236.5,50.2,228.9,50.2,5.6,1270.0,990.0,78.0,42.0,83.9,100.0,920
2024-03-21T04:26:14.000000+00:00,236.0,50.2,236.4,50.2,228.9,50.2,5.6,1270.0,990.0,78.0,43.0,83.9,100.0,920
2024-03-21T04:27:14.000000+00:00,236.2,50.2,236.2,50.2,228.9,50.2,5.6,1280.0,1000.0,78.0,42.0,83.8,100.0,920
2024-03-21T04:28:14.000000+00:00,236.8,50.2,236.8,50.2,228.9,50.2,5.5,1270.0,990.0,78.0,43.0,83.9,100.0,920
2024-03-21T04:29:14.000000+00:00,235.8,50.2,235.8,50.2,228.9,50.2,5.6,1280.0,1000.0,78.0,43.0,83.8,100.0,920
2024-03-21T04:30:14.000000+00:00,236.8,50.3,236.2,50.2,228.9,50.3,5.6,1280.0,1000.0,78.0,43.0,83.8,100.0,920
2024-03-21T04:31:14.000000+00:00,236.2,50.4,236.2,50.4,228.9,50.4,5.5,1270.0,990.0,78.0,42.0,83.8,100.0,920
2024-03-21T04:32:14.000000+00:00,236.4,50.4,236.4,50.4,228.9,50.4,5.5,1260.0,990.0,79.0,42.0,83.8,100.0,920
2024-03-21T04:33:14.000000+00:00,236.5,50.4,236.5,50.4,228.9,50.4,5.6,1280.0,1000.0,78.0,43.0,83.8,100.0,920
2024-03-21T04:34:14.000000+00:00,236.8,50.4,236.8,50.4,228.9,50.4,5.6,1270.0,1000.0,79.0,42.0,83.8,100.0,920
2024-03-21T04:35:14.000000+00:00,236.7,50.3,236.7,50.3,228.9,50.3,5.5,1270.0,990.0,78.0,42.0,83.8,100.0,920
2024-03-21T04:36:14.000000+00:00,236.6,50.4,236.6,50.4,228.9,50.4,5.5,1270.0,990.0,78.0,42.0,83.8,100.0,920
2024-03-21T04:37:14.000000+00:00,236.3,50.2,236.3,50.2,228.9,50.2,5.6,1280.0,1000.0,78.0,43.0,83.8,100.0,920
2024-03-21T04:38:14.000000+00:00,234.7,50.1,234.7,50.1,228.9,50.1,5.6,1280.0,1000.0,78.0,43.0,83.8,100.0,920
2024-03-21T04:39:14.000000+00:00,235.6,50.3,235.6,50.3,228.9,50.3,5.5,1270.0,990.0,78.0,43.0,83.8,100.0,920
2024-03-21T04:40:14.000000+00:00,236.4,50.2,236.4,50.2,228.9,50.3,5.6,1280.0,1010.0,79.0,42.0,83.8,100.0,920
2024-03-21T04:41:14.000000+00:00,237.3,50.3,237.3,50.3,228.9,50.3,5.5,1270.0,990.0,78.0,42.0,84.0,100.0,920
2024-03-21T04:42:14.000000+00:00,237.3,50.4,237.8,50.4,228.9,50.4,5.5,1270.0,1000.0,79.0,43.0,84.2,100.0,920
2024-03-21T04:43:15.000000+00:00,236.9,50.3,236.9,50.3,228.9,50.3,5.6,1270.0,1000.0,79.0,43.0,84.3,100.0,920
2024-03-21T04:44:15.000000+00:00,237.2,50.3,237.8,50.3,228.9,50.3,5.6,1280.0,1000.0,78.0,42.0,84.3,100.0,920
2024-03-21T04:45:15.000000+00:00,237.0,50.3,237.0,50.3,228.9,50.3,5.5,1270.0,990.0,78.0,43.0,84.4,100.0,920
2024-03-21T04:46:15.000000+00:00,237.3,50.3,236.5,50.3,228.9,50.3,5.6,1280.0,1000.0,78.0,42.0,84.4,100.0,920
2024-03-21T04:47:15.000000+00:00,236.9,50.4,236.4,50.4,228.9,50.4,5.6,1280.0,1000.0,78.0,43.0,84.2,100.0,920
2024-03-21T04:48:15.000000+00:00,237.2,50.5,237.2,50.5,228.9,50.5,5.6,1280.0,1010.0,79.0,42.0,84.1,100.0,920
2024-03-21T04:49:15.000000+00:00,236.7,50.5,236.7,50.5,228.9,50.5,5.6,1270.0,1000.0,79.0,42.0,84.0,100.0,920
2024-03-21T04:50:15.000000+00:00,237.2,50.4,237.3,50.4,228.9,50.4,5.5,1270.0,990.0,78.0,42.0,84.0,100.0,920
2024-03-21T04:51:15.000000+00:00,237.6,50.4,237.1,50.4,228.9,50.4,5.5,1270.0,990.0,78.0,42.0,84.0,100.0,920
2024-03-21T04:52:15.000000+00:00,238.3,50.3,237.2,50.3,228.9,50.3,5.5,1270.0,990.0,78.0,43.0,83.9,100.0,920
2024-03-21T04:53:15.000000+00:00,236.8,50.3,236.8,50.3,228.9,50.3,5.5,1270.0,1000.0,79.0,42.0,83.9,100.0,920
2024-03-21T04:54:15.000000+00:00,238.0,50.3,237.0,50.3,228.9,50.3,5.6,1280.0,1000.0,78.0,42.0,83.9,100.0,920
2024-03-21T04:55:15.000000+00:00,237.6,50.4,237.6,50.4,228.9,50.4,5.5,1270.0,990.0,78.0,42.0,83.9,100.0,920
2024-03-21T04:56:15.000000+00:00,236.8,50.3,237.8,50.3,228.9,50.3,5.6,1270.0,1000.0,79.0,42.0,83.9,100.0,920
2024-03-21T04:57:15.000000+00:00,237.8,50.3,237.8,50.3,228.9,50.3,5.6,1270.0,1000.0,79.0,42.0,83.8,100.0,920
2024-03-21T04:58:15.000000+00:00,237.1,50.4,237.1,50.4,228.9,50.4,5.5,1270.0,1000.0,79.0,42.0,83.9,100.0,920
2024-03-21T04:59:15.000000+00:00,236.9,50.4,236.9,50.4,228.9,50.4,5.6,1280.0,1000.0,78.0,42.0,83.8,100.0,920
2024-03-21T05:00:15.000000+00:00,236.5,50.4,236.5,50.4,228.9,50.4,5.5,1270.0,1000.0,79.0,42.0,83.8,100.0,920
2024-03-21T05:01:15.000000+00:00,235.6,50.2,235.6,50.2,228.9,50.2,5.6,1280.0,1000.0,78.0,42.0,83.8,100.0,920
2024-03-21T05:02:15.000000+00:00,236.6,50.3,237.0,50.3,228.9,50.3,5.5,1270.0,990.0,78.0,42.0,83.8,100.0,920
2024-03-21T05:03:15.000000+00:00,236.4,50.1,236.4,50.1,228.9,50.1,5.6,1290.0,1010.0,78.0,43.0,83.8,100.0,920
2024-03-21T05:04:15.000000+00:00,235.7,50.0,235.7,50.0,228.9,50.0,5.6,1280.0,1000.0,78.0,43.0,83.8,100.0,920
2024-03-21T05:05:15.000000+00:00,236.6,50.0,236.6,50.0,228.9,49.9,5.6,1290.0,1000.0,78.0,43.0,83.8,100.0,920
2024-03-21T05:06:15.000000+00:00,237.3,49.9,237.3,49.9,228.9,49.9,5.7,1290.0,1000.0,78.0,43.0,83.8,100.0,920
2024-03-21T05:07:15.000000+00:00,238.3,49.8,237.9,49.8,228.9,49.8,5.6,1290.0,1000.0,78.0,43.0,84.1,100.0,920
2024-03-21T05:08:15.000000+00:00,237.1,49.9,237.1,49.9,228.9,49.9,5.7,1300.0,1000.0,77.0,43.0,84.2,100.0,920
2024-03-21T05:09:15.000000+00:00,236.8,50.0,237.4,50.0,228.9,50.0,5.6,1280.0,1000.0,78.0,43.0,84.3,100.0,920
2024-03-21T05:10:15.000000+00:00,236.9,49.9,236.9,49.9,228.9,49.9,5.7,1290.0,1000.0,78.0,43.0,84.3,100.0,920
2024-03-21T05:11:15.000000+00:00,237.1,49.9,237.1,49.9,228.9,49.9,5.6,1290.0,1000.0,78.0,43.0,84.4,100.0,920
2024-03-21T05:12:15.000000+00:00,236.8,50.0,236.8,50.0,228.9,50.0,5.6,1290.0,1000.0,78.0,43.0,84.4,100.0,920
2024-03-21T05:13:15.000000+00:00,236.1,49.9,236.0,49.9,228.9,49.9,5.6,1290.0,1000.0,78.0,43.0,84.2,100.0,920
2024-03-21T05:14:15.000000+00:00,236.2,50.0,236.2,50.0,228.9,50.0,5.7,1300.0,1010.0,78.0,43.0,84.1,100.0,920
2024-03-21T05:15:15.000000+00:00,236.1,49.9,236.7,49.9,228.9,49.9,5.7,1290.0,1000.0,78.0,43.0,84.0,100.0,920
2024-03-21T05:16:15.000000+00:00,238.0,50.3,238.0,50.3,228.9,50.3,5.5,1270.0,990.0,78.0,43.0,84.0,100.0,920
2024-03-21T05:17:15.000000+00:00,238.0,50.3,238.0,50.3,228.9,50.3,5.5,1270.0,990.0,78.0,42.0,84.0,100.0,920
2024-03-21T05:18:15.000000+00:00,237.7,50.3,236.8,50.3,228.9,50.3,5.6,1290.0,1010.0,78.0,43.0,83.9,100.0,920
2024-03-21T05:19:15.000000+00:00,236.2,50.4,236.2,50.4,228.9,50.4,5.5,1270.0,990.0,78.0,42.0,83.9,100.0,920
2024-03-21T05:20:15.000000+00:00,236.7,50.4,236.8,50.4,228.9,50.4,5.5,1260.0,990.0,79.0,42.0,83.9,100.0,920
2024-03-21T05:21:15.000000+00:00,236.4,50.5,237.3,50.5,228.9,50.5,5.6,1270.0,1000.0,79.0,42.0,83.9,100.0,920
2024-03-21T05:22:15.000000+00:00,236.8,50.5,236.8,50.5,228.9,50.5,5.6,1280.0,1000.0,78.0,42.0,83.8,100.0,920
2024-03-21T05:23:15.000000+00:00,236.5,50.4,236.5,50.4,228.9,50.4,5.6,1270.0,1000.0,79.0,42.0,83.9,100.0,920
2024-03-21T05:24:15.000000+00:00,236.4,50.4,235.9,50.4,228.9,50.4,5.6,1270.0,1000.0,79.0,42.0,83.9,100.0,920
2024-03-21T05:25:15.000000+00:00,235.7,50.3,236.7,50.3,228.9,50.3,5.6,1270.0,1000.0,79.0,42.0,84.1,100.0,920
2024-03-21T05:26:15.000000+00:00,235.8,50.3,235.8,50.3,228.9,50.3,5.6,1280.0,1000.0,78.0,42.0,84.2,100.0,920
2024-03-21T05:27:15.000000+00:00,235.5,50.1,235.4,50.1,228.9,50.1,5.6,1280.0,1000.0,78.0,43.0,84.3,100.0,920
2024-03-21T05:28:15.000000+00:00,235.5,50.0,235.5,50.0,228.9,50.0,5.6,1280.0,1000.0,78.0,43.0,84.4,100.0,920
2024-03-21T05:29:15.000000+00:00,235.1,50.0,236.1,50.0,228.9,50.0,5.6,1280.0,990.0,77.0,43.0,84.4,100.0,920
2024-03-21T05:30:15.000000+00:00,236.6,50.3,236.6,50.3,228.9,50.3,5.6,1280.0,1000.0,78.0,42.0,84.5,100.0,920
2024-03-21T05:31:15.000000+00:00,236.1,50.3,235.6,50.3,228.9,50.3,5.6,1280.0,1000.0,78.0,43.0,84.3,100.0,920
2024-03-21T05:32:15.000000+00:00,236.9,50.3,236.0,50.3,228.9,50.3,5.5,1270.0,1000.0,79.0,43.0,84.1,100.0,920
2024-03-21T05:33:15.000000+00:00,236.1,50.2,235.1,50.2,228.9,50.2,5.6,1290.0,1010.0,78.0,43.0,84.0,100.0,920
2024-03-21T05:34:15.000000+00:00,235.6,50.2,235.6,50.2,228.9,50.2,5.6,1280.0,990.0,77.0,43.0,84.0,100.0,920
2024-03-21T05:35:15.000000+00:00,236.4,50.2,236.4,50.2,228.9,50.2,5.6,1280.0,1000.0,78.0,43.0,84.0,100.0,920
2024-03-21T05:36:15.000000+00:00,235.5,50.0,235.5,50.0,228.9,50.0,5.6,1280.0,1000.0,78.0,43.0,83.9,100.0,920
2024-03-21T05:37:15.000000+00:00,235.4,50.0,236.0,50.0,228.9,50.0,5.6,1280.0,1000.0,78.0,43.0,83.9,100.0,920
2024-03-21T05:38:16.000000+00:00,233.8,49.9,233.8,49.9,228.9,49.9,5.6,1290.0,1000.0,78.0,43.0,83.9,100.0,920
2024-03-21T05:39:16.000000+00:00,234.1,49.8,234.1,49.8,228.9,49.8,5.6,1290.0,1000.0,78.0,43.0,83.9,100.0,920
2024-03-21T05:40:16.000000+00:00,235.6,50.2,235.1,50.2,228.9,50.2,5.6,1290.0,1010.0,78.0,43.0,83.9,100.0,920
2024-03-21T05:41:16.000000+00:00,235.3,50.1,235.7,50.1,228.9,50.1,5.6,1280.0,1000.0,78.0,43.0,84.0,100.0,920
2024-03-21T05:42:16.000000+00:00,235.1,49.9,234.7,49.9,228.9,49.9,5.6,1290.0,1000.0,78.0,43.0,84.2,100.0,920
2024-03-21T05:43:16.000000+00:00,235.0,50.0,235.0,50.0,228.9,50.0,5.6,1280.0,1000.0,78.0,43.0,84.3,100.0,920
2024-03-21T05:44:16.000000+00:00,235.1,50.2,235.1,50.2,228.9,50.2,5.6,1280.0,1000.0,78.0,43.0,84.4,100.0,920
2024-03-21T05:45:16.000000+00:00,235.8,50.1,235.6,50.2,228.9,50.1,5.6,1280.0,1000.0,78.0,43.0,84.4,100.0,920
2024-03-21T05:46:16.000000+00:00,236.6,50.1,236.1,50.1,228.9,50.1,5.6,1290.0,1010.0,78.0,43.0,84.5,100.0,920
2024-03-21T05:47:16.000000+00:00,235.6,49.9,236.2,49.9,228.9,49.9,5.6,1290.0,1000.0,78.0,43.0,84.3,100.0,920
2024-03-21T05:48:16.000000+00:00,234.4,49.8,234.4,49.8,228.9,49.8,5.7,1290.0,1000.0,78.0,43.0,84.2,100.0,920
2024-03-21T05:49:16.000000+00:00,235.7,49.9,235.3,49.9,228.9,49.9,5.6,1290.0,1000.0,78.0,43.0,84.1,100.0,920
2024-03-21T05:50:16.000000+00:00,234.0,49.7,234.0,49.7,228.9,49.7,5.7,1300.0,1010.0,78.0,44.0,84.0,100.0,920
2024-03-21T05:51:16.000000+00:00,233.8,49.7,233.9,49.7,228.9,49.7,5.7,1310.0,1010.0,77.0,43.0,84.0,100.0,920
2024-03-21T05:52:16.000000+00:00,233.2,49.9,233.1,49.9,228.9,49.9,5.7,1300.0,1010.0,78.0,43.0,84.0,100.0,920
2024-03-21T05:53:16.000000+00:00,233.5,49.8,233.9,49.8,228.9,49.8,5.6,1290.0,1000.0,78.0,43.0,83.9,100.0,920
2024-03-21T05:54:16.000000+00:00,234.6,50.1,235.1,50.1,228.9,50.1,5.6,1280.0,1000.0,78.0,43.0,83.9,100.0,920
2024-03-21T05:55:16.000000+00:00,234.3,50.3,234.3,50.3,228.9,50.3,5.6,1280.0,1000.0,78.0,42.0,83.9,100.0,920
2024-03-21T05:56:16.000000+00:00,234.3,50.4,234.4,50.4,228.9,50.4,5.6,1270.0,1000.0,79.0,42.0,84.0,100.0,920
2024-03-21T05:57:16.000000+00:00,233.5,50.1,233.5,50.1,228.9,50.1,5.6,1280.0,990.0,77.0,43.0,84.2,100.0,920
2024-03-21T05:58:16.000000+00:00,232.4,49.8,232.4,49.8,228.9,49.8,5.7,1300.0,1000.0,77.0,43.0,84.3,100.0,920
2024-03-21T05:59:16.000000+00:00,233.0,49.8,233.0,49.8,228.9,49.8,5.7,1300.0,1010.0,78.0,44.0,84.4,100.0,920
2024-03-21T06:00:16.000000+00:00,237.2,49.8,237.2,49.8,228.9,49.8,5.7,1290.0,1000.0,78.0,43.0,84.5,100.0,920
2024-03-21T06:01:16.000000+00:00,237.2,49.7,236.4,49.7,228.9,49.7,5.7,1300.0,1000.0,77.0,43.0,84.5,100.0,868
2024-03-21T06:02:16.000000+00:00,237.0,49.6,237.0,49.6,228.9,49.6,5.7,1310.0,1010.0,77.0,43.0,84.4,100.0,868
2024-03-21T06:03:16.000000+00:00,237.1,49.6,237.1,49.6,228.9,49.6,5.7,1300.0,1010.0,78.0,44.0,84.2,100.0,868
2024-03-21T06:04:16.000000+00:00,235.9,49.7,235.9,49.7,228.9,49.7,5.7,1310.0,1010.0,77.0,43.0,84.1,100.0,868
2024-03-21T06:05:16.000000+00:00,236.6,49.9,236.6,49.9,228.9,49.9,5.7,1300.0,1010.0,78.0,43.0,84.0,100.0,868
2024-03-21T06:06:16.000000+00:00,237.5,50.1,237.5,50.1,228.9,50.1,5.6,1280.0,1000.0,78.0,43.0,84.0,100.0,868
2024-03-21T06:07:16.000000+00:00,237.5,50.3,237.5,50.3,228.9,50.3,5.6,1280.0,1000.0,78.0,43.0,84.0,100.0,868
2024-03-21T06:08:16.000000+00:00,238.2,50.3,237.6,50.3,228.9,50.3,5.5,1270.0,990.0,78.0,42.0,83.9,100.0,868
2024-03-21T06:09:16.000000+00:00,236.8,50.2,236.8,50.2,228.9,50.2,5.6,1280.0,1000.0,78.0,43.0,83.9,100.0,868
2024-03-21T06:10:16.000000+00:00,236.8,50.3,236.8,50.3,228.9,50.3,5.6,1280.0,1000.0,78.0,43.0,83.9,100.0,868
2024-03-21T06:11:16.000000+00:00,237.2,50.4,237.3,50.4,228.9,50.4,5.5,1270.0,1000.0,79.0,42.0,84.2,100.0,868
2024-03-21T06:12:16.000000+00:00,238.0,50.4,238.0,50.4,228.9,50.4,5.6,1270.0,1000.0,79.0,42.0,84.3,100.0,868
2024-03-21T06:13:16.000000+00:00,237.4,50.2,236.9,50.2,228.9,50.2,5.6,1280.0,1000.0,78.0,43.0,84.4,100.0,868
2024-03-21T06:14:16.000000+00:00,237.8,50.2,237.5,50.2,228.9,50.2,5.6,1290.0,1010.0,78.0,43.0,84.4,100.0,868
2024-03-21T06:15:16.000000+00:00,237.5,50.3,237.5,50.3,228.9,50.3,5.5,1270.0,990.0,78.0,43.0,84.4,100.0,868
2024-03-21T06:16:16.000000+00:00,238.2,50.2,237.5,50.1,228.9,50.1,5.6,1280.0,1000.0,78.0,43.0,84.5,100.0,868
2024-03-21T06:17:16.000000+00:00,238.1,50.1,238.1,50.1,228.9,50.0,5.6,1290.0,1000.0,78.0,43.0,84.3,100.0,868
2024-03-21T06:18:16.000000+00:00,237.3,50.0,237.3,50.0,228.9,50.0,5.6,1290.0,1010.0,78.0,43.0,84.1,100.0,868
2024-03-21T06:19:16.000000+00:00,237.7,49.9,236.9,49.9,228.9,49.9,5.6,1290.0,1000.0,78.0,43.0,84.1,100.0,868
2024-03-21T06:20:16.000000+00:00,237.1,50.1,237.1,50.1,228.9,50.1,5.6,1290.0,1000.0,78.0,43.0,84.0,100.0,868
2024-03-21T06:21:16.000000+00:00,238.5,50.2,238.5,50.2,228.9,50.2,5.6,1280.0,1000.0,78.0,43.0,84.0,100.0,868
2024-03-21T06:22:16.000000+00:00,237.7,50.0,237.3,50.0,228.9,50.0,5.6,1290.0,1000.0,78.0,43.0,84.0,100.0,868
2024-03-21T06:23:16.000000+00:00,236.7,50.0,237.1,50.0,228.9,50.0,5.6,1290.0,1000.0,78.0,43.0,83.9,100.0,868
2024-03-21T06:24:16.000000+00:00,236.6,50.0,237.1,50.0,228.9,50.0,5.6,1280.0,990.0,77.0,43.0,83.9,100.0,868
2024-03-21T06:25:16.000000+00:00,236.4,50.0,236.4,50.0,228.9,50.0,5.6,1280.0,1000.0,78.0,43.0,83.9,100.0,868
2024-03-21T06:26:16.000000+00:00,236.4,50.0,236.4,50.0,228.9,50.0,5.6,1290.0,1000.0,78.0,43.0,84.1,100.0,868
2024-03-21T06:27:16.000000+00:00,237.3,50.0,237.3,50.0,228.9,50.0,5.6,1290.0,1000.0,78.0,43.0,84.3,100.0,868
2024-03-21T06:28:16.000000+00:00,238.5,50.3,238.5,50.3,228.9,50.3,5.6,1280.0,1000.0,78.0,43.0,84.3,100.0,868
2024-03-21T06:29:16.000000+00:00,236.9,49.9,236.5,49.9,228.9,49.9,5.7,1300.0,1010.0,78.0,43.0,84.4,100.0,868
2024-03-21T06:30:16.000000+00:00,235.9,49.8,236.3,49.8,228.9,49.8,5.7,1300.0,1010.0,78.0,43.0,84.5,100.0,868
2024-03-21T06:31:16.000000+00:00,237.2,49.8,237.2,49.8,228.9,49.8,5.6,1290.0,1000.0,78.0,43.0,84.5,100.0,868
2024-03-21T06:32:16.000000+00:00,236.2,49.8,235.3,49.8,228.9,49.8,5.7,1300.0,1010.0,78.0,43.0,84.4,100.0,868
2024-03-21T06:33:16.000000+00:00,236.3,49.9,237.2,49.9,228.9,49.9,5.6,1290.0,1000.0,78.0,43.0,84.2,100.0,868
2024-03-21T06:34:16.000000+00:00,236.0,49.8,236.0,49.8,228.9,49.8,5.7,1300.0,1010.0,78.0,43.0,84.1,100.0,868
2024-03-21T06:35:16.000000+00:00,235.2,49.8,235.2,49.8,228.9,49.8,5.7,1300.0,1000.0,77.0,43.0,84.1,100.0,868
2024-03-21T06:36:16.000000+00:00,236.2,49.9,236.7,49.9,228.9,49.9,5.6,1280.0,990.0,77.0,43.0,84.0,100.0,868
2024-03-21T06:37:16.000000+00:00,235.9,49.8,235.9,49.8,228.9,49.8,5.7,1300.0,1000.0,77.0,44.0,84.0,100.0,868
2024-03-21T06:38:16.000000+00:00,236.5,49.8,235.7,49.8,228.9,49.8,5.7,1300.0,1000.0,77.0,43.0,83.9,100.0,868
2024-03-21T06:39:16.000000+00:00,236.0,49.8,235.5,49.8,228.9,49.8,5.7,1300.0,1010.0,78.0,43.0,83.9,100.0,868
2024-03-21T06:40:16.000000+00:00,235.6,49.8,235.6,49.9,228.9,49.9,5.7,1300.0,1000.0,77.0,43.0,83.9,100.0,868
2024-03-21T06:41:17.000000+00:00,236.0,49.9,236.0,49.9,228.9,49.9,5.7,1290.0,1000.0,78.0,43.0,84.0,100.0,868
2024-03-21T06:42:17.000000+00:00,236.4,50.0,236.9,50.0,228.9,50.0,5.6,1290.0,1010.0,78.0,43.0,84.2,100.0,868
2024-03-21T06:43:17.000000+00:00,236.0,50.0,237.0,50.0,228.9,50.0,5.6,1290.0,1000.0,78.0,43.0,84.3,100.0,868
2024-03-21T06:44:17.000000+00:00,236.6,49.8,235.7,49.8,228.9,49.8,5.7,1310.0,1010.0,77.0,44.0,84.4,100.0,868
2024-03-21T06:45:17.000000+00:00,236.8,49.8,236.8,49.8,228.9,49.8,5.6,1290.0,1000.0,78.0,43.0,84.4,100.0,868
2024-03-21T06:46:17.000000+00:00,235.8,49.8,235.8,49.8,228.9,49.8,5.7,1300.0,1010.0,78.0,43.0,84.5,100.0,868
2024-03-21T06:47:17.000000+00:00,235.6,49.8,236.2,49.8,228.9,49.8,5.6,1300.0,1000.0,77.0,43.0,84.4,100.0,868
2024-03-21T06:48:17.000000+00:00,235.7,49.8,235.7,49.8,228.9,49.8,5.7,1300.0,1010.0,78.0,43.0,84.2,100.0,868
2024-03-21T06:49:17.000000+00:00,236.1,49.9,236.1,49.9,228.9,49.9,5.7,1300.0,1010.0,78.0,43.0,84.1,100.0,868
2024-03-21T06:50:17.000000+00:00,236.8,50.0,236.8,50.0,228.9,50.0,5.6,1280.0,1000.0,78.0,43.0,84.1,100.0,868
2024-03-21T06:51:17.000000+00:00,235.9,50.1,236.5,50.1,228.9,50.1,5.6,1280.0,990.0,77.0,43.0,84.0,100.0,868
2024-03-21T06:52:17.000000+00:00,236.9,50.4,236.9,50.4,228.9,50.4,5.6,1270.0,1000.0,79.0,43.0,84.0,100.0,868
2024-03-21T06:53:17.000000+00:00,238.0,50.4,238.0,50.4,228.9,50.4,5.5,1260.0,990.0,79.0,42.0,83.9,100.0,868
2024-03-21T06:54:17.000000+00:00,237.1,50.1,236.7,50.1,228.9,50.1,5.6,1280.0,1000.0,78.0,43.0,84.0,100.0,868
2024-03-21T06:55:17.000000+00:00,237.0,50.3,236.9,50.3,228.9,50.3,5.6,1270.0,990.0,78.0,42.0,83.9,100.0,868
2024-03-21T06:56:17.000000+00:00,236.9,50.1,236.4,50.1,228.9,50.1,5.6,1290.0,1000.0,78.0,43.0,83.9,100.0,868
2024-03-21T06:57:17.000000+00:00,237.4,50.1,237.3,50.1,228.9,50.1,5.6,1280.0,1000.0,78.0,43.0,83.9,100.0,868
2024-03-21T06:58:17.000000+00:00,236.8,50.1,236.3,50.1,228.9,50.1,5.6,1280.0,1000.0,78.0,43.0,84.2,100.0,868
2024-03-21T06:59:17.000000+00:00,237.3,50.3,237.1,50.3,228.9,50.3,5.5,1270.0,990.0,78.0,43.0,84.3,100.0,868
2024-03-21T07:00:17.000000+00:00,238.6,50.3,237.6,50.3,228.9,50.3,5.6,1270.0,1000.0,79.0,42.0,84.4,100.0,868
2024-03-21T07:01:17.000000+00:00,237.5,50.2,237.0,50.2,228.9,50.2,5.6,1280.0,1000.0,78.0,43.0,84.4,100.0,868
2024-03-21T07:02:17.000000+00:00,237.4,50.2,237.5,50.2,228.9,50.2,5.5,1270.0,990.0,78.0,42.0,84.5,100.0,868
2024-03-21T07:03:17.000000+00:00,237.7,50.3,237.7,50.3,228.9,50.3,5.5,1270.0,990.0,78.0,43.0,84.4,100.0,868
2024-03-21T07:04:17.000000+00:00,237.5,50.2,238.5,50.2,228.9,50.2,5.6,1280.0,1000.0,78.0,43.0,84.2,100.0,868
2024-03-21T07:05:17.000000+00:00,238.4,50.3,238.4,50.3,228.9,50.3,5.5,1270.0,990.0,78.0,42.0,84.1,100.0,868
2024-03-21T07:06:17.000000+00:00,237.8,50.2,237.8,50.2,228.9,50.2,5.6,1280.0,1000.0,78.0,43.0,84.1,100.0,868
2024-03-21T07:07:17.000000+00:00,239.0,50.3,240.0,50.3,228.9,50.3,5.6,1280.0,1000.0,78.0,44.0,84.0,100.0,868
2024-03-21T07:08:17.000000+00:00,239.2,50.3,239.1,50.3,228.9,50.3,5.5,1270.0,990.0,78.0,43.0,84.0,100.0,868
2024-03-21T07:09:17.000000+00:00,238.9,50.1,238.9,50.1,228.9,50.1,5.6,1280.0,1000.0,78.0,43.0,84.0,100.0,868
2024-03-21T07:10:17.000000+00:00,238.5,50.0,238.5,50.0,228.9,50.0,5.6,1290.0,1010.0,78.0,43.0,83.9,100.0,868
2024-03-21T07:11:17.000000+00:00,239.0,50.1,239.0,50.1,228.9,50.1,5.6,1280.0,1000.0,78.0,43.0,83.9,100.0,868
2024-03-21T07:12:17.000000+00:00,237.5,50.1,237.8,50.1,228.9,50.1,5.6,1290.0,1000.0,78.0,43.0,84.0,100.0,868
2024-03-21T07:13:17.000000+00:00,237.4,50.2,237.4,50.2,228.9,50.2,5.6,1280.0,1000.0,78.0,43.0,84.2,100.0,868
2024-03-21T07:14:17.000000+00:00,238.0,50.3,238.6,50.3,228.9,50.3,5.5,1260.0,990.0,79.0,42.0,84.3,100.0,868
2024-03-21T07:15:17.000000+00:00,238.3,50.2,238.3,50.2,228.9,50.2,5.6,1270.0,990.0,78.0,42.0,84.4,100.0,868
2024-03-21T07:16:17.000000+00:00,238.3,50.3,237.3,50.3,228.9,50.3,5.6,1280.0,1000.0,78.0,42.0,84.4,100.0,868
2024-03-21T07:17:17.000000+00:00,237.2,50.3,237.7,50.3,228.9,50.3,5.6,1280.0,1000.0,78.0,42.0,84.4,100.0,868
2024-03-21T07:18:17.000000+00:00,237.9,50.3,238.4,50.3,228.9,50.3,5.5,1270.0,990.0,78.0,42.0,84.5,100.0,868
2024-03-21T07:19:17.000000+00:00,238.1,50.2,239.2,50.2,228.9,50.2,5.6,1280.0,1000.0,78.0,43.0,84.3,100.0,868
2024-03-21T07:20:17.000000+00:00,238.4,50.2,238.4,50.2,228.9,50.2,5.5,1270.0,990.0,78.0,43.0,84.1,100.0,868
2024-03-21T07:21:17.000000+00:00,238.4,50.2,238.4,50.2,228.9,50.2,5.6,1280.0,1000.0,78.0,43.0,84.1,100.0,868
2024-03-21T07:22:17.000000+00:00,238.4,50.3,238.4,50.3,228.9,50.3,5.6,1290.0,1010.0,78.0,43.0,84.0,100.0,868
2024-03-21T07:23:17.000000+00:00,238.0,50.3,238.9,50.3,228.9,50.3,5.6,1270.0,1000.0,79.0,43.0,84.0,100.0,868
2024-03-21T07:24:17.000000+00:00,240.3,50.3,239.8,50.3,228.9,50.3,5.5,1270.0,990.0,78.0,43.0,83.9,100.0,868
2024-03-21T07:25:17.000000+00:00,240.2,50.4,240.2,50.4,228.9,50.4,5.6,1280.0,1000.0,78.0,42.0,83.9,100.0,868
2024-03-21T07:26:17.000000+00:00,238.6,50.2,238.1,50.2,228.9,50.2,5.6,1290.0,1010.0,78.0,43.0,83.9,100.0,868
2024-03-21T07:27:17.000000+00:00,239.4,50.3,239.4,50.3,228.9,50.3,5.6,1270.0,1000.0,79.0,42.0,83.9,100.0,868
2024-03-21T07:28:17.000000+00:00,239.3,50.4,239.3,50.4,228.9,50.4,5.5,1270.0,1000.0,79.0,42.0,84.1,100.0,868
2024-03-21T07:29:17.000000+00:00,239.3,50.4,239.3,50.4,228.9,50.4,5.5,1270.0,990.0,78.0,42.0,84.3,100.0,868
2024-03-21T07:30:17.000000+00:00,237.8,50.4,237.8,50.3,228.9,50.4,5.6,1280.0,1010.0,79.0,43.0,84.3,100.0,868
2024-03-21T07:31:17.000000+00:00,238.6,50.3,238.6,50.3,228.9,50.3,5.6,1280.0,1000.0,78.0,42.0,84.4,100.0,868
2024-03-21T07:32:17.000000+00:00,238.5,50.3,238.5,50.3,228.9,50.3,5.5,1270.0,990.0,78.0,43.0,84.5,100.0,868
2024-03-21T07:33:18.000000+00:00,238.8,50.2,238.2,50.2,228.9,50.2,5.6,1270.0,1000.0,79.0,42.0,84.4,100.0,868
2024-03-21T07:34:18.000000+00:00,239.7,50.3,239.7,50.3,228.9,50.3,5.6,1280.0,1000.0,78.0,43.0,84.3,100.0,868
2024-03-21T07:35:18.000000+00:00,238.2,50.1,238.2,50.1,228.9,50.1,5.6,1280.0,1000.0,78.0,43.0,84.2,100.0,868
2024-03-21T07:36:18.000000+00:00,238.9,50.1,238.8,50.1,228.9,50.1,5.6,1290.0,1010.0,78.0,43.0,84.1,100.0,868
2024-03-21T07:37:18.000000+00:00,238.9,50.2,239.8,50.2,228.9,50.2,5.6,1280.0,1000.0,78.0,43.0,84.0,100.0,868
2024-03-21T07:38:18.000000+00:00,237.6,50.2,237.6,50.2,228.9,50.2,5.6,1280.0,1000.0,78.0,43.0,84.0,100.0,868
2024-03-21T07:39:18.000000+00:00,238.0,50.2,238.0,50.2,228.9,50.2,5.6,1270.0,990.0,78.0,43.0,84.0,100.0,868
2024-03-21T07:40:18.000000+00:00,238.3,50.4,238.3,50.4,228.9,50.4,5.6,1270.0,1000.0,79.0,42.0,83.9,100.0,868
2024-03-21T07:41:18.000000+00:00,237.2,50.3,237.2,50.3,228.9,50.3,5.6,1280.0,1000.0,78.0,42.0,83.9,100.0,868
2024-03-21T07:42:18.000000+00:00,238.2,50.4,238.7,50.4,228.9,50.4,5.6,1270.0,1000.0,79.0,42.0,83.9,100.0,868
2024-03-21T07:43:18.000000+00:00,238.9,50.5,237.8,50.5,228.9,50.4,5.5,1270.0,990.0,78.0,42.0,83.9,100.0,868
2024-03-21T07:44:18.000000+00:00,238.8,50.3,239.2,50.3,228.9,50.3,5.6,1270.0,1000.0,79.0,42.0,84.0,100.0,868
2024-03-21T07:45:18.000000+00:00,239.1,50.3,239.5,50.3,228.9,50.3,5.6,1280.0,1010.0,79.0,42.0,84.2,100.0,868
2024-03-21T07:46:18.000000+00:00,240.4,50.1,240.0,50.1,228.9,50.1,5.6,1280.0,1000.0,78.0,43.0,84.3,100.0,868
2024-03-21T07:47:18.000000+00:00,238.2,49.9,239.2,49.9,228.9,49.9,5.6,1290.0,1000.0,78.0,43.0,84.4,100.0,868
2024-03-21T07:48:18.000000+00:00,237.7,49.9,237.7,49.8,228.9,49.9,5.6,1290.0,1000.0,78.0,43.0,84.4,100.0,868
2024-03-21T07:49:18.000000+00:00,239.1,50.3,239.1,50.3,228.9,50.3,5.6,1280.0,1000.0,78.0,43.0,84.5,100.0,868
2024-03-21T07:50:18.000000+00:00,239.6,50.4,239.1,50.4,228.9,50.4,5.5,1270.0,1000.0,79.0,42.0,84.4,100.0,868
2024-03-21T07:51:18.000000+00:00,239.3,50.4,238.9,50.4,228.9,50.4,5.6,1270.0,1000.0,79.0,42.0,84.2,100.0,868
2024-03-21T07:52:18.000000+00:00,239.2,50.4,238.2,50.3,228.9,50.4,5.5,1270.0,1000.0,79.0,42.0,84.1,100.0,868
2024-03-21T07:53:18.000000+00:00,238.5,50.2,238.1,50.2,228.9,50.2,5.6,1280.0,1000.0,78.0,43.0,84.0,100.0,868
2024-03-21T07:54:18.000000+00:00,237.4,50.1,237.4,50.1,228.9,50.1,5.6,1280.0,1000.0,78.0,43.0,84.0,100.0,868
2024-03-21T07:55:18.000000+00:00,237.6,49.9,237.6,49.9,228.9,49.9,5.6,1290.0,1000.0,78.0,43.0,84.0,100.0,868
2024-03-21T07:56:18.000000+00:00,238.2,49.9,238.3,49.9,228.9,49.9,5.7,1300.0,1010.0,78.0,43.0,83.9,100.0,868
2024-03-21T07:57:18.000000+00:00,238.8,50.1,238.8,50.1,228.9,50.1,5.6,1280.0,1000.0,78.0,42.0,83.9,100.0,868
2024-03-21T07:58:18.000000+00:00,240.1,50.2,240.0,50.2,228.9,50.2,5.6,1280.0,1000.0,78.0,42.0,83.9,100.0,868
2024-03-21T07:59:18.000000+00:00,238.3,50.0,238.3,50.0,228.9,50.0,5.6,1280.0,990.0,77.0,43.0,83.9,100.0,868
2024-03-21T08:00:18.000000+00:00,238.0,49.8,238.0,49.8,228.9,49.8,5.6,1290.0,1000.0,78.0,43.0,83.9,100.0,868
2024-03-21T08:01:18.000000+00:00,239.5,50.1,239.5,50.1,228.9,50.1,5.6,1280.0,990.0,77.0,43.0,84.2,100.0,868
2024-03-21T08:02:18.000000+00:00,238.9,50.1,237.9,50.1,228.9,50.1,5.6,1280.0,1000.0,78.0,43.0,84.3,100.0,868
2024-03-21T08:03:18.000000+00:00,237.7,49.9,236.8,49.9,228.9,49.9,5.7,1290.0,1000.0,78.0,43.0,84.3,100.0,868
2024-03-21T08:04:18.000000+00:00,237.7,49.9,237.1,49.9,228.9,49.9,5.7,1300.0,1010.0,78.0,43.0,84.4,100.0,868
2024-03-21T08:05:18.000000+00:00,237.3,49.8,237.3,49.8,228.9,49.8,5.7,1300.0,1000.0,77.0,43.0,84.4,100.0,868
2024-03-21T08:06:18.000000+00:00,236.7,49.8,236.3,49.8,228.9,49.8,5.7,1300.0,1000.0,77.0,43.0,84.4,100.0,868
2024-03-21T08:07:18.000000+00:00,237.4,49.8,237.0,49.8,228.9,49.8,5.7,1300.0,1010.0,78.0,43.0,84.2,100.0,868
2024-03-21T08:08:18.000000+00:00,238.4,49.7,238.9,49.7,228.9,49.7,5.7,1300.0,1000.0,77.0,44.0,84.1,100.0,868
2024-03-21T08:09:18.000000+00:00,238.9,49.9,238.9,49.9,228.9,49.9,5.7,1300.0,1010.0,78.0,43.0,84.0,100.0,868
2024-03-21T08:10:18.000000+00:00,239.7,49.8,239.1,49.8,228.9,49.8,5.6,1290.0,1000.0,78.0,43.0,84.0,100.0,868
2024-03-21T08:11:18.000000+00:00,239.2,49.7,238.9,49.7,228.9,49.7,5.7,1300.0,1010.0,78.0,43.0,83.9,100.0,868
2024-03-21T08:12:18.000000+00:00,238.5,49.7,238.5,49.7,228.9,49.7,5.7,1310.0,1010.0,77.0,43.0,83.9,100.0,868
2024-03-21T08:13:18.000000+00:00,238.0,49.7,238.0,49.7,228.9,49.7,5.7,1300.0,1000.0,77.0,43.0,83.9,100.0,868
2024-03-21T08:14:18.000000+00:00,239.2,49.7,238.3,49.7,228.9,49.7,5.7,1300.0,1010.0,78.0,43.0,83.9,100.0,868
2024-03-21T08:15:18.000000+00:00,238.5,49.9,238.5,49.9,228.9,49.9,5.6,1290.0,1000.0,78.0,43.0,83.9,100.0,868
2024-03-21T08:16:18.000000+00:00,239.0,50.0,239.0,50.0,228.9,50.0,5.6,1290.0,1000.0,78.0,43.0,83.9,100.0,868
2024-03-21T08:17:18.000000+00:00,239.9,50.0,239.4,50.0,228.9,50.0,5.6,1290.0,1000.0,78.0,43.0,84.0,100.0,868
2024-03-21T08:18:18.000000+00:00,240.6,50.1,239.8,50.1,228.9,50.1,5.6,1280.0,1000.0,78.0,43.0,84.1,100.0,868
2024-03-21T08:19:18.000000+00:00,239.7,50.1,239.9,50.1,228.9,50.1,5.6,1290.0,1010.0,78.0,43.0,84.3,100.0,868
2024-03-21T08:20:18.000000+00:00,239.9,50.1,239.9,50.1,228.9,50.1,5.6,1280.0,1000.0,78.0,43.0,84.3,100.0,868
2024-03-21T08:21:18.000000+00:00,240.1,50.2,240.0,50.2,228.9,50.2,5.6,1280.0,1000.0,78.0,42.0,84.4,100.0,868
2024-03-21T08:22:18.000000+00:00,239.1,50.2,238.7,50.2,228.9,50.2,5.6,1280.0,1000.0,78.0,43.0,84.4,100.0,868
2024-03-21T08:23:18.000000+00:00,237.2,49.9,237.3,49.9,228.9,49.9,5.7,1300.0,1010.0,78.0,43.0,84.3,100.0,868
2024-03-21T08:24:18.000000+00:00,236.1,49.7,236.1,49.7,228.9,49.7,5.6,1290.0,1000.0,78.0,43.0,84.2,100.0,868
2024-03-21T08:25:18.000000+00:00,236.7,49.9,236.1,49.9,228.9,49.9,5.6,1290.0,1000.0,78.0,43.0,84.1,100.0,868
2024-03-21T08:26:18.000000+00:00,236.2,50.0,236.7,50.0,228.9,50.0,5.6,1290.0,1000.0,78.0,43.0,84.0,100.0,868
2024-03-21T08:27:18.000000+00:00,236.0,49.9,236.0,49.9,228.9,49.9,5.7,1300.0,1010.0,78.0,43.0,84.0,100.0,868
2024-03-21T08:28:18.000000+00:00,236.7,49.9,236.7,49.9,228.9,49.9,5.6,1280.0,990.0,77.0,43.0,83.9,100.0,868
2024-03-21T08:29:18.000000+00:00,236.7,50.0,236.7,50.0,228.9,50.0,5.6,1280.0,1000.0,78.0,43.0,83.9,100.0,868
2024-03-21T08:30:18.000000+00:00,236.3,49.7,236.4,49.7,228.9,49.7,5.7,1300.0,1010.0,78.0,43.0,83.9,100.0,868
2024-03-21T08:31:18.000000+00:00,236.8,49.7,236.4,49.7,228.9,49.7,5.6,1290.0,1000.0,78.0,43.0,83.9,100.0,868
2024-03-21T08:32:19.000000+00:00,235.7,49.8,236.1,49.8,228.9,49.8,5.7,1300.0,1000.0,77.0,43.0,83.8,100.0,868
2024-03-21T08:33:19.000000+00:00,235.3,49.7,236.3,49.7,228.9,49.7,5.7,1310.0,1010.0,77.0,44.0,83.9,100.0,868
2024-03-21T08:34:19.000000+00:00,236.2,49.7,237.0,49.7,228.9,49.7,5.7,1300.0,1000.0,77.0,43.0,84.1,100.0,868
2024-03-21T08:35:19.000000+00:00,236.5,49.8,236.5,49.8,228.9,49.8,5.6,1290.0,1000.0,78.0,44.0,84.2,100.0,868
2024-03-21T08:36:19.000000+00:00,236.9,49.9,237.4,49.9,228.9,49.9,5.6,1290.0,1000.0,78.0,43.0,84.3,100.0,868
2024-03-21T08:37:19.000000+00:00,238.4,50.3,238.9,50.3,228.9,50.3,5.5,1270.0,990.0,78.0,43.0,84.4,100.0,868
2024-03-21T08:38:19.000000+00:00,239.6,50.3,239.6,50.3,228.9,50.3,5.6,1270.0,990.0,78.0,42.0,84.4,100.0,868
2024-03-21T08:39:19.000000+00:00,240.4,50.4,240.4,50.4,228.9,50.4,5.6,1270.0,1000.0,79.0,42.0,84.4,100.0,868
2024-03-21T08:40:19.000000+00:00,240.6,50.3,240.6,50.3,228.9,50.3,5.6,1280.0,1010.0,79.0,43.0,84.2,100.0,868
2024-03-21T08:41:19.000000+00:00,239.8,50.4,239.8,50.4,228.9,50.4,5.5,1270.0,1000.0,79.0,42.0,84.1,100.0,868
2024-03-21T08:42:19.000000+00:00,238.2,50.3,238.2,50.3,228.9,50.3,5.5,1270.0,990.0,78.0,43.0,84.0,100.0,868
2024-03-21T08:43:19.000000+00:00,239.1,50.3,239.5,50.3,228.9,50.3,5.5,1270.0,990.0,78.0,43.0,84.0,100.0,868
2024-03-21T08:44:19.000000+00:00,238.7,50.3,239.4,50.3,228.9,50.3,5.5,1270.0,990.0,78.0,42.0,83.9,100.0,868
2024-03-21T08:45:19.000000+00:00,238.3,50.2,237.8,50.2,228.9,50.2,5.6,1270.0,990.0,78.0,43.0,83.9,100.0,868
2024-03-21T08:46:19.000000+00:00,239.0,50.4,238.9,50.4,228.9,50.4,5.6,1280.0,1000.0,78.0,42.0,83.9,100.0,868
2024-03-21T08:47:19.000000+00:00,237.7,50.3,237.1,50.3,228.9,50.3,5.5,1270.0,990.0,78.0,42.0,83.8,100.0,868
2024-03-21T08:48:19.000000+00:00,236.9,50.3,237.8,50.3,228.9,50.3,5.6,1270.0,1000.0,79.0,42.0,83.8,100.0,868
2024-03-21T08:49:19.000000+00:00,237.9,50.3,237.1,50.3,228.9,50.3,5.6,1270.0,1000.0,79.0,42.0,84.0,100.0,868
2024-03-21T08:50:19.000000+00:00,238.1,50.3,238.1,50.3,228.9,50.3,5.5,1270.0,1000.0,79.0,43.0,84.2,100.0,868
2024-03-21T08:51:19.000000+00:00,238.4,50.4,238.6,50.4,228.9,50.4,5.5,1270.0,990.0,78.0,42.0,84.3,100.0,868
2024-03-21T08:52:19.000000+00:00,238.5,50.4,237.9,50.4,228.9,50.4,5.5,1260.0,990.0,79.0,42.0,84.3,100.0,868
2024-03-21T08:53:19.000000+00:00,238.7,50.4,238.8,50.4,228.9,50.4,5.6,1270.0,1000.0,79.0,42.0,84.4,100.0,868
2024-03-21T08:54:19.000000+00:00,238.8,50.4,239.5,50.4,228.9,50.4,5.6,1280.0,1000.0,78.0,43.0,84.4,100.0,868
2024-03-21T08:55:19.000000+00:00,240.1,50.2,240.1,50.2,228.9,50.2,5.6,1280.0,1000.0,78.0,42.0,84.3,100.0,920
2024-03-21T08:56:19.000000+00:00,239.8,50.1,239.8,50.1,228.9,50.1,5.6,1280.0,1000.0,78.0,43.0,84.2,100.0,920
2024-03-21T08:57:19.000000+00:00,239.7,50.1,239.7,50.1,228.9,50.1,5.6,1280.0,1000.0,78.0,43.0,84.1,100.0,920
2024-03-21T08:58:19.000000+00:00,239.3,50.2,239.3,50.2,228.9,50.2,5.6,1280.0,1010.0,79.0,42.0,84.0,100.0,920
2024-03-21T08:59:19.000000+00:00,239.1,50.3,239.1,50.3,228.9,50.3,5.6,1280.0,1000.0,78.0,42.0,84.0,100.0,920
2024-03-21T09:00:19.000000+00:00,238.7,50.0,237.8,50.0,228.9,50.0,5.6,1280.0,1000.0,78.0,43.0,83.9,100.0,920
2024-03-21T09:01:19.000000+00:00,238.8,50.1,238.8,50.1,228.9,50.1,5.6,1280.0,1000.0,78.0,43.0,83.9,100.0,920
2024-03-21T09:02:19.000000+00:00,238.6,50.0,238.5,50.0,228.9,50.0,5.6,1290.0,1010.0,78.0,43.0,83.9,100.0,920
2024-03-21T09:03:19.000000+00:00,239.5,50.2,239.0,50.2,228.9,50.2,5.6,1280.0,1000.0,78.0,42.0,83.9,100.0,920
2024-03-21T09:04:19.000000+00:00,239.9,50.3,239.3,50.3,228.9,50.3,5.5,1270.0,990.0,78.0,42.0,83.8,100.0,920
2024-03-21T09:05:19.000000+00:00,238.9,50.3,238.9,50.3,228.9,50.3,5.6,1270.0,990.0,78.0,42.0,84.1,100.0,920
2024-03-21T09:06:19.000000+00:00,239.0,50.2,239.0,50.2,228.9,50.2,5.6,1280.0,1000.0,78.0,42.0,84.2,100.0,920
2024-03-21T09:07:19.000000+00:00,239.4,50.1,239.3,50.1,228.9,50.1,5.6,1280.0,1000.0,78.0,43.0,84.3,100.0,920
2024-03-21T09:08:19.000000+00:00,239.7,50.3,239.7,50.3,228.9,50.3,5.6,1280.0,1000.0,78.0,43.0,84.3,100.0,920
2024-03-21T09:09:19.000000+00:00,239.3,50.1,239.3,50.1,228.9,50.1,5.6,1280.0,1000.0,78.0,43.0,84.4,100.0,920
2024-03-21T09:10:19.000000+00:00,238.4,50.0,239.0,50.1,228.9,50.1,5.6,1280.0,1000.0,78.0,43.0,84.4,100.0,920
2024-03-21T09:11:19.000000+00:00,238.1,49.9,239.2,49.9,228.9,49.9,5.6,1290.0,1000.0,78.0,43.0,84.2,100.0,920
2024-03-21T09:12:19.000000+00:00,240.0,50.0,240.0,50.0,228.9,50.0,5.6,1280.0,1000.0,78.0,43.0,84.2,100.0,920
2024-03-21T09:13:19.000000+00:00,238.8,49.9,238.8,49.9,228.9,49.9,5.7,1300.0,1010.0,78.0,43.0,84.0,100.0,880
2024-03-21T09:14:19.000000+00:00,237.8,49.7,237.8,49.7,228.9,49.7,5.7,1300.0,1000.0,77.0,43.0,84.0,100.0,880
2024-03-21T09:15:19.000000+00:00,238.1,49.7,238.5,49.7,228.9,49.7,5.7,1300.0,1000.0,77.0,43.0,83.9,100.0,880
2024-03-21T09:16:20.000000+00:00,238.7,49.7,238.3,49.7,228.9,49.7,5.7,1300.0,1000.0,77.0,43.0,83.9,100.0,880
2024-03-21T09:17:20.000000+00:00,238.7,49.7,239.2,49.7,228.9,49.7,5.7,1300.0,1000.0,77.0,44.0,83.9,100.0,880
2024-03-21T09:18:20.000000+00:00,239.3,50.0,239.3,50.0,228.9,50.0,5.6,1290.0,1000.0,78.0,43.0,83.8,100.0,880
2024-03-21T09:19:20.000000+00:00,240.5,50.3,240.3,50.3,228.9,50.3,5.6,1280.0,1000.0,78.0,43.0,83.8,100.0,880
2024-03-21T09:20:20.000000+00:00,240.7,50.4,240.7,50.4,228.9,50.4,5.5,1270.0,990.0,78.0,42.0,84.1,100.0,880
2024-03-21T09:21:20.000000+00:00,240.6,50.3,241.2,50.3,228.9,50.3,5.6,1270.0,990.0,78.0,43.0,84.2,100.0,880
2024-03-21T09:22:20.000000+00:00,235.5,49.9,236.4,49.9,228.9,49.9,5.6,1280.0,1000.0,78.0,43.0,84.3,100.0,880
2024-03-21T09:23:20.000000+00:00,235.2,49.8,235.2,49.8,228.9,49.8,5.7,1300.0,1000.0,77.0,43.0,84.3,100.0,880
2024-03-21T09:24:20.000000+00:00,235.3,50.0,235.8,50.0,228.9,50.0,5.6,1290.0,1000.0,78.0,43.0,84.3,100.0,880
2024-03-21T09:25:20.000000+00:00,234.7,49.9,234.7,49.9,228.9,49.9,5.7,1290.0,1000.0,78.0,43.0,84.3,100.0,880
2024-03-21T09:26:20.000000+00:00,235.2,50.1,235.3,50.1,228.9,50.1,5.6,1280.0,1000.0,78.0,43.0,84.2,100.0,880
2024-03-21T09:27:20.000000+00:00,235.2,49.9,234.2,49.9,228.9,49.9,5.6,1300.0,1010.0,78.0,43.0,84.1,100.0,880
2024-03-21T09:28:20.000000+00:00,235.0,49.9,235.2,49.9,228.9,49.9,5.6,1290.0,1000.0,78.0,43.0,84.1,100.0,880
2024-03-21T09:29:20.000000+00:00,235.0,50.0,234.6,50.0,228.9,50.0,5.6,1280.0,990.0,77.0,43.0,84.0,100.0,880
2024-03-21T09:30:20.000000+00:00,234.4,50.1,234.4,50.1,228.9,50.1,5.6,1290.0,1000.0,78.0,43.0,83.9,100.0,880
2024-03-21T09:31:20.000000+00:00,234.8,50.2,234.8,50.2,228.9,50.2,5.6,1270.0,990.0,78.0,42.0,83.9,100.0,880
2024-03-21T09:32:20.000000+00:00,235.5,50.0,235.5,50.0,228.9,50.0,5.6,1290.0,1010.0,78.0,43.0,83.8,100.0,880
2024-03-21T09:33:20.000000+00:00,236.0,50.2,235.6,50.2,228.9,50.2,5.6,1280.0,1000.0,78.0,43.0,83.8,100.0,880
2024-03-21T09:34:20.000000+00:00,234.8,50.0,234.8,50.0,228.9,50.0,5.6,1280.0,990.0,77.0,43.0,84.0,100.0,880
2024-03-21T09:35:20.000000+00:00,234.2,50.1,234.7,50.1,228.9,50.1,5.6,1280.0,1000.0,78.0,43.0,84.1,100.0,880
2024-03-21T09:36:20.000000+00:00,235.2,49.9,235.2,49.9,228.9,49.9,5.6,1290.0,990.0,77.0,43.0,84.2,100.0,880
2024-03-21T09:37:20.000000+00:00,235.3,50.0,234.7,50.0,228.9,50.0,5.6,1280.0,1000.0,78.0,43.0,84.3,100.0,880
2024-03-21T09:38:20.000000+00:00,234.9,50.1,234.9,50.1,228.9,50.1,5.6,1270.0,990.0,78.0,43.0,84.3,100.0,880
2024-03-21T09:39:20.000000+00:00,234.6,50.0,234.6,50.0,228.9,50.0,5.6,1280.0,990.0,77.0,43.0,84.3,100.0,880
2024-03-21T09:40:20.000000+00:00,235.1,50.1,234.2,50.1,228.9,50.1,5.6,1290.0,1000.0,78.0,43.0,84.2,100.0,880
2024-03-21T09:41:20.000000+00:00,234.8,50.0,234.9,50.0,228.9,50.0,5.6,1290.0,1000.0,78.0,43.0,84.1,100.0,880
2024-03-21T09:42:20.000000+00:00,233.6,49.8,233.6,49.8,228.9,49.8,5.6,1290.0,990.0,77.0,43.0,84.1,100.0,880
2024-03-21T09:43:20.000000+00:00,234.2,49.9,234.2,49.9,228.9,49.9,5.6,1290.0,1000.0,78.0,43.0,84.0,100.0,880
2024-03-21T09:44:20.000000+00:00,235.4,50.1,235.4,50.1,228.9,50.1,5.6,1280.0,990.0,77.0,43.0,83.9,100.0,880
2024-03-21T09:45:20.000000+00:00,234.8,49.9,234.8,49.9,228.9,49.9,5.6,1280.0,990.0,77.0,43.0,83.9,100.0,880
2024-03-21T09:46:20.000000+00:00,236.3,50.2,235.3,50.2,228.9,50.2,5.6,1270.0,990.0,78.0,42.0,83.8,100.0,880
2024-03-21T09:47:20.000000+00:00,235.6,50.0,235.6,50.0,228.9,50.0,5.7,1300.0,1010.0,78.0,43.0,83.9,100.0,880
2024-03-21T09:48:20.000000+00:00,235.7,50.2,236.2,50.2,228.9,50.2,5.6,1270.0,990.0,78.0,43.0,84.1,100.0,880
2024-03-21T09:49:20.000000+00:00,237.1,50.2,237.1,50.2,228.9,50.2,5.6,1280.0,1000.0,78.0,43.0,84.2,100.0,880
2024-03-21T09:50:20.000000+00:00,237.8,50.3,236.8,50.3,228.9,50.3,5.5,1270.0,990.0,78.0,42.0,84.3,100.0,880
2024-03-21T09:51:20.000000+00:00,236.8,50.3,236.8,50.3,228.9,50.3,5.6,1280.0,1000.0,78.0,43.0,84.3,100.0,880
2024-03-21T09:52:20.000000+00:00,236.7,50.2,236.2,50.2,228.9,50.2,5.6,1280.0,990.0,77.0,43.0,84.3,100.0,880
2024-03-21T09:53:20.000000+00:00,237.3,50.2,237.3,50.2,228.9,50.2,5.6,1280.0,1000.0,78.0,43.0,84.3,100.0,880
2024-03-21T09:54:20.000000+00:00,237.1,50.3,237.1,50.3,228.9,50.3,5.5,1270.0,1000.0,79.0,43.0,84.2,100.0,880
2024-03-21T09:55:20.000000+00:00,238.3,50.1,238.2,50.1,228.9,50.1,5.6,1280.0,1000.0,78.0,43.0,84.1,100.0,880
2024-03-21T09:56:20.000000+00:00,237.6,50.0,238.5,50.0,228.9,50.0,5.6,1280.0,990.0,77.0,43.0,84.1,100.0,880
2024-03-21T09:57:20.000000+00:00,237.4,50.1,237.4,50.1,228.9,50.1,5.6,1280.0,1000.0,78.0,43.0,84.0,100.0,880
2024-03-21T09:58:20.000000+00:00,237.9,50.1,237.8,50.1,228.9,50.1,5.6,1290.0,1010.0,78.0,43.0,83.9,100.0,880
2024-03-21T09:59:20.000000+00:00,238.3,50.1,238.3,50.1,228.9,50.1,5.6,1280.0,1000.0,78.0,43.0,83.9,100.0,880
2024-03-21T10:00:20.000000+00:00,238.6,50.2,238.6,50.2,228.9,50.2,5.6,1280.0,1000.0,78.0,43.0,83.9,100.0,880
2024-03-21T10:01:20.000000+00:00,236.5,50.1,237.5,50.1,228.9,50.1,5.6,1280.0,990.0,77.0,43.0,83.9,100.0,880
2024-03-21T10:02:20.000000+00:00,238.0,50.3,238.1,50.3,228.9,50.3,5.6,1280.0,1000.0,78.0,43.0,84.0,100.0,880
2024-03-21T10:03:20.000000+00:00,239.3,50.2,239.3,50.2,228.9,50.2,5.6,1280.0,1000.0,78.0,43.0,84.1,100.0,880
2024-03-21T10:04:20.000000+00:00,238.9,50.1,238.8,50.1,228.9,50.1,5.6,1280.0,990.0,77.0,42.0,84.2,100.0,880
2024-03-21T10:05:20.000000+00:00,237.9,50.0,237.9,50.0,228.9,50.0,5.6,1280.0,1000.0,78.0,43.0,84.3,100.0,880
2024-03-21T10:06:20.000000+00:00,238.6,49.9,238.6,49.9,228.9,49.9,5.7,1300.0,1010.0,78.0,43.0,84.3,100.0,880
2024-03-21T10:07:20.000000+00:00,237.6,49.9,238.5,49.9,228.9,49.9,5.6,1290.0,1000.0,78.0,43.0,84.3,100.0,880
2024-03-21T10:08:20.000000+00:00,237.6,49.9,238.1,49.9,228.9,49.9,5.6,1300.0,1000.0,77.0,43.0,84.3,100.0,880
2024-03-21T10:09:20.000000+00:00,237.3,49.9,237.3,49.9,228.9,49.9,5.6,1280.0,990.0,77.0,43.0,84.2,100.0,880
2024-03-21T10:10:20.000000+00:00,237.4,49.8,237.4,49.8,228.9,49.8,5.7,1300.0,1010.0,78.0,44.0,84.1,100.0,880
2024-03-21T10:11:20.000000+00:00,238.2,49.8,238.2,49.8,228.9,49.8,5.7,1290.0,1000.0,78.0,43.0,84.1,100.0,880
2024-03-21T10:12:21.000000+00:00,238.2,50.0,238.7,50.0,228.9,50.0,5.6,1280.0,1000.0,78.0,43.0,84.0,100.0,880
2024-03-21T10:13:21.000000+00:00,239.1,50.2,239.1,50.2,228.9,50.2,5.6,1280.0,1000.0,78.0,42.0,84.0,100.0,880
2024-03-21T10:14:21.000000+00:00,239.2,50.3,239.1,50.3,228.9,50.3,5.6,1280.0,1000.0,78.0,43.0,83.9,100.0,880
2024-03-21T10:15:21.000000+00:00,238.4,50.3,239.1,50.3,228.9,50.3,5.5,1270.0,990.0,78.0,43.0,83.9,100.0,880
2024-03-21T10:16:21.000000+00:00,238.6,50.3,238.1,50.4,228.9,50.4,5.6,1270.0,1000.0,79.0,42.0,83.9,100.0,880
2024-03-21T10:17:21.000000+00:00,239.3,50.4,239.2,50.4,228.9,50.4,5.6,1270.0,1000.0,79.0,42.0,83.9,100.0,880
2024-03-21T10:18:21.000000+00:00,239.2,50.1,239.2,50.1,228.9,50.1,5.6,1280.0,1000.0,78.0,43.0,84.1,100.0,880
2024-03-21T10:19:21.000000+00:00,239.7,50.0,239.8,50.0,228.9,50.0,5.6,1280.0,1000.0,78.0,43.0,84.2,100.0,880
2024-03-21T10:20:21.000000+00:00,239.4,50.2,239.4,50.2,228.9,50.2,5.6,1270.0,990.0,78.0,42.0,84.3,100.0,880
2024-03-21T10:21:21.000000+00:00,240.3,50.3,240.3,50.3,228.9,50.3,5.6,1280.0,1000.0,78.0,43.0,84.3,100.0,880
2024-03-21T10:22:21.000000+00:00,239.1,50.3,240.1,50.3,228.9,50.3,5.5,1270.0,990.0,78.0,42.0,84.3,100.0,880
2024-03-21T10:23:21.000000+00:00,238.8,50.2,238.4,50.2,228.9,50.2,5.5,1270.0,990.0,78.0,42.0,84.3,100.0,880
2024-03-21T10:24:21.000000+00:00,238.3,50.0,238.3,50.0,228.9,50.0,5.6,1290.0,1000.0,78.0,43.0,84.2,100.0,880
2024-03-21T10:25:21.000000+00:00,238.3,50.1,238.4,50.1,228.9,50.1,5.6,1290.0,1000.0,78.0,43.0,84.1,100.0,880
2024-03-21T10:26:21.000000+00:00,237.9,50.1,237.9,50.1,228.9,50.1,5.6,1280.0,1000.0,78.0,43.0,84.1,100.0,880
2024-03-21T10:27:21.000000+00:00,238.2,50.1,238.2,50.1,228.9,50.1,5.6,1280.0,1000.0,78.0,43.0,84.0,100.0,880
2024-03-21T10:28:21.000000+00:00,238.8,50.1,238.8,50.1,228.9,50.1,5.6,1280.0,1000.0,78.0,43.0,84.0,100.0,880
2024-03-21T10:29:21.000000+00:00,238.6,50.1,237.7,50.1,228.9,50.1,5.6,1290.0,1010.0,78.0,43.0,83.9,100.0,880
2024-03-21T10:30:21.000000+00:00,237.6,50.2,238.1,50.2,228.9,50.2,5.6,1280.0,1000.0,78.0,43.0,83.9,100.0,880
2024-03-21T10:31:21.000000+00:00,239.3,50.3,238.8,50.3,228.9,50.3,5.6,1280.0,1000.0,78.0,42.0,83.8,100.0,880
2024-03-21T10:32:21.000000+00:00,238.9,50.1,238.9,50.1,228.9,50.1,5.6,1290.0,1000.0,78.0,43.0,83.8,100.0,880
2024-03-21T10:33:21.000000+00:00,239.5,49.9,238.5,49.9,228.9,49.9,5.6,1290.0,1000.0,78.0,43.0,84.0,100.0,880
2024-03-21T10:34:21.000000+00:00,238.9,49.8,238.9,49.8,228.9,49.8,5.7,1290.0,1000.0,78.0,43.0,84.1,100.0,880
2024-03-21T10:35:21.000000+00:00,238.8,49.9,238.4,49.9,228.9,49.9,5.6,1290.0,1000.0,78.0,43.0,84.2,100.0,880
2024-03-21T10:36:21.000000+00:00,239.6,50.1,238.6,50.1,228.9,50.1,5.6,1280.0,1000.0,78.0,43.0,84.3,100.0,880
2024-03-21T10:37:21.000000+00:00,239.0,50.0,239.0,50.0,228.9,50.0,5.6,1290.0,1000.0,78.0,43.0,84.3,100.0,880
2024-03-21T10:38:21.000000+00:00,239.0,50.0,239.0,50.0,228.9,50.0,5.6,1280.0,1000.0,78.0,43.0,84.3,100.0,880
2024-03-21T10:39:21.000000+00:00,238.7,49.9,238.7,49.9,228.9,49.9,5.7,1300.0,1000.0,77.0,43.0,84.2,100.0,880
2024-03-21T10:40:21.000000+00:00,238.2,49.8,237.3,49.8,228.9,49.8,5.7,1300.0,1000.0,77.0,43.0,84.1,100.0,880
2024-03-21T10:41:21.000000+00:00,238.1,50.0,237.7,50.0,228.9,50.0,5.6,1290.0,1000.0,78.0,43.0,84.1,100.0,880
2024-03-21T10:42:21.000000+00:00,238.9,50.3,239.4,50.3,228.9,50.3,5.6,1270.0,1000.0,79.0,43.0,84.0,100.0,880
2024-03-21T10:43:21.000000+00:00,239.0,50.4,239.0,50.4,228.9,50.4,5.5,1260.0,990.0,79.0,42.0,84.0,100.0,880
2024-03-21T10:44:21.000000+00:00,238.6,50.3,238.6,50.3,228.9,50.3,5.6,1280.0,1010.0,79.0,43.0,84.0,100.0,880
2024-03-21T10:45:21.000000+00:00,238.7,50.2,238.7,50.2,228.9,50.2,5.5,1270.0,990.0,78.0,43.0,83.9,100.0,880
2024-03-21T10:46:21.000000+00:00,237.5,50.1,238.4,50.1,228.9,50.1,5.6,1280.0,990.0,77.0,43.0,83.9,100.0,880
2024-03-21T10:47:21.000000+00:00,238.4,50.1,238.4,50.1,228.9,50.1,5.6,1280.0,1000.0,78.0,42.0,83.8,100.0,880
2024-03-21T10:48:21.000000+00:00,239.2,50.2,239.3,50.2,228.9,50.2,5.6,1280.0,1000.0,78.0,43.0,83.8,100.0,880
2024-03-21T10:49:21.000000+00:00,239.5,50.3,239.5,50.2,228.9,50.2,5.6,1270.0,990.0,78.0,42.0,84.0,100.0,880
2024-03-21T10:50:21.000000+00:00,239.2,50.2,239.7,50.2,228.9,50.2,5.6,1280.0,1000.0,78.0,43.0,84.1,100.0,880
2024-03-21T10:51:21.000000+00:00,239.4,50.1,239.4,50.1,228.9,50.1,5.6,1280.0,1000.0,78.0,43.0,84.3,100.0,880
2024-03-21T10:52:21.000000+00:00,239.0,50.1,239.0,50.1,228.9,50.1,5.6,1280.0,1000.0,78.0,43.0,84.3,100.0,880
2024-03-21T10:53:21.000000+00:00,238.5,50.0,238.5,50.0,228.9,50.0,5.6,1280.0,1000.0,78.0,43.0,84.3,100.0,880
2024-03-21T10:54:21.000000+00:00,238.3,50.0,238.7,50.0,228.9,50.0,5.6,1280.0,990.0,77.0,43.0,84.3,100.0,880
2024-03-21T10:55:21.000000+00:00,238.9,50.1,238.9,50.1,228.9,50.1,5.6,1290.0,1010.0,78.0,43.0,84.2,100.0,880
2024-03-21T10:56:21.000000+00:00,239.4,50.3,239.4,50.3,228.9,50.3,5.6,1280.0,1000.0,78.0,42.0,84.2,100.0,880
2024-03-21T10:57:21.000000+00:00,237.8,50.0,237.4,49.9,228.9,49.9,5.7,1290.0,1010.0,78.0,43.0,84.1,100.0,880
2024-03-21T10:58:21.000000+00:00,238.3,49.8,238.3,49.8,228.9,49.8,5.6,1290.0,1000.0,78.0,43.0,84.0,100.0,880
2024-03-21T10:59:21.000000+00:00,237.7,49.7,237.7,49.7,228.9,49.7,5.7,1300.0,1000.0,77.0,43.0,84.0,100.0,880
2024-03-21T11:00:21.000000+00:00,238.3,49.7,237.3,49.6,228.9,49.6,5.7,1300.0,1000.0,77.0,44.0,83.9,100.0,880
2024-03-21T11:01:21.000000+00:00,239.0,49.9,238.5,49.9,228.9,49.9,5.7,1300.0,1000.0,77.0,43.0,83.9,100.0,880
2024-03-21T11:02:21.000000+00:00,238.1,49.7,238.1,49.7,228.9,49.7,5.7,1300.0,1010.0,78.0,43.0,83.9,100.0,880
2024-03-21T11:03:21.000000+00:00,239.2,49.9,239.2,49.9,228.9,49.9,5.6,1290.0,1000.0,78.0,43.0,83.8,100.0,880
2024-03-21T11:04:21.000000+00:00,240.2,50.0,240.2,50.0,228.9,50.0,5.6,1290.0,1000.0,78.0,43.0,83.9,100.0,880
2024-03-21T11:05:21.000000+00:00,239.2,49.8,239.2,49.8,228.9,49.8,5.6,1300.0,1000.0,77.0,43.0,84.1,100.0,880
2024-03-21T11:06:21.000000+00:00,240.3,49.9,240.3,49.9,228.9,49.9,5.6,1290.0,1000.0,78.0,43.0,84.2,100.0,880
2024-03-21T11:07:21.000000+00:00,239.9,49.9,239.9,49.9,228.9,49.9,5.6,1290.0,1000.0,78.0,43.0,84.3,100.0,880
2024-03-21T11:08:21.000000+00:00,240.1,49.9,240.1,49.9,228.9,49.9,5.6,1290.0,1000.0,78.0,43.0,84.3,100.0,880
2024-03-21T11:09:21.000000+00:00,238.6,49.7,238.6,49.7,228.9,49.7,5.7,1300.0,1000.0,77.0,43.0,84.3,100.0,880
2024-03-21T11:10:22.000000+00:00,237.8,49.8,238.8,49.8,228.9,49.8,5.7,1300.0,1010.0,78.0,44.0,84.3,100.0,880
2024-03-21T11:11:22.000000+00:00,237.8,49.6,237.1,49.6,228.9,49.6,5.7,1300.0,1000.0,77.0,44.0,84.1,100.0,880
2024-03-21T11:12:22.000000+00:00,237.1,49.5,237.6,49.5,228.9,49.5,5.7,1310.0,1010.0,77.0,43.0,84.1,100.0,880
2024-03-21T11:13:22.000000+00:00,238.1,49.7,238.2,49.7,228.9,49.6,5.7,1300.0,1000.0,77.0,44.0,84.0,100.0,880
2024-03-21T11:14:22.000000+00:00,240.4,49.8,240.4,49.8,228.9,49.8,5.7,1300.0,1010.0,78.0,43.0,84.0,100.0,880
2024-03-21T11:15:22.000000+00:00,238.0,50.3,237.9,50.3,228.9,50.3,5.5,1270.0,990.0,78.0,42.0,83.9,100.0,880
2024-03-21T11:16:22.000000+00:00,237.8,50.4,237.8,50.4,228.9,50.4,5.5,1270.0,990.0,78.0,42.0,83.9,100.0,880
2024-03-21T11:17:22.000000+00:00,237.1,50.2,237.6,50.2,228.9,50.2,5.6,1280.0,1000.0,78.0,43.0,83.8,100.0,880
2024-03-21T11:18:22.000000+00:00,236.3,50.2,236.3,50.2,228.9,50.2,5.6,1280.0,1000.0,78.0,43.0,83.9,100.0,880
2024-03-21T11:19:22.000000+00:00,237.5,50.2,236.7,50.2,228.9,50.2,5.5,1270.0,990.0,78.0,43.0,84.0,100.0,880
2024-03-21T11:20:22.000000+00:00,236.2,49.9,236.2,49.9,228.9,49.9,5.6,1280.0,990.0,77.0,43.0,84.2,100.0,880
2024-03-21T11:21:22.000000+00:00,233.5,49.8,233.5,49.8,228.9,49.8,5.7,1300.0,1000.0,77.0,43.0,84.3,100.0,880
2024-03-21T11:22:22.000000+00:00,233.6,49.8,234.1,49.8,228.9,49.8,5.7,1300.0,1000.0,77.0,43.0,84.3,100.0,880
2024-03-21T11:23:22.000000+00:00,236.8,49.8,236.8,49.8,228.9,49.8,5.7,1300.0,1000.0,77.0,43.0,84.3,100.0,880
2024-03-21T11:24:22.000000+00:00,237.1,49.8,237.2,49.8,228.9,49.8,5.7,1300.0,1010.0,78.0,43.0,84.3,100.0,880
2024-03-21T11:25:22.000000+00:00,237.3,49.8,237.8,49.8,228.9,49.8,5.7,1300.0,1000.0,77.0,44.0,84.2,100.0,880
2024-03-21T11:26:12.000000+00:00,237.0,49.8,237.0,49.8,228.9,49.8,5.6,1290.0,1000.0,78.0,43.0,84.1,100.0,880
2024-03-21T11:26:12.000000+00:00,237.0,49.8,237.0,49.8,228.9,49.8,5.6,1290.0,1000.0,78.0,43.0,84.1,100.0,880
2024-03-21T11:26:14.000000+00:00,237.0,49.8,237.0,49.8,228.9,49.8,5.6,1290.0,1000.0,78.0,43.0,84.1,100.0,880
2024-03-21T11:26:15.000000+00:00,237.0,49.8,237.0,49.8,228.9,49.8,5.6,1290.0,1000.0,78.0,43.0,84.1,100.0,880
2024-03-21T11:26:15.000000+00:00,237.0,49.8,237.0,49.8,228.9,49.8,5.6,1290.0,1000.0,78.0,43.0,84.1,100.0,880
2024-03-21T11:26:17.000000+00:00,249.2,49.8,249.2,49.8,229.0,49.8,5.6,1290.0,1000.0,78.0,43.0,84.1,100.0,880
2024-03-21T11:26:18.000000+00:00,249.2,49.8,249.2,49.8,229.0,49.8,5.6,1290.0,1000.0,78.0,43.0,84.1,100.0,880
2024-03-21T11:26:22.000000+00:00,242.2,49.8,242.3,49.8,229.0,49.8,5.6,1290.0,1000.0,78.0,43.0,81.3,100.0,876
2024-03-21T11:26:23.000000+00:00,242.2,49.8,242.3,49.8,229.0,49.8,5.6,1290.0,1000.0,78.0,43.0,81.3,100.0,876
2024-03-21T11:27:22.000000+00:00,238.9,49.9,239.1,49.9,228.9,49.9,5.6,1290.0,1000.0,78.0,43.0,82.9,99.0,875
2024-03-21T11:28:06.000000+00:00,238.7,49.8,238.7,49.8,228.9,49.8,5.7,1290.0,1000.0,78.0,44.0,83.0,99.0,875
2024-03-21T11:28:09.000000+00:00,238.7,49.8,238.7,49.8,228.9,49.8,5.7,1290.0,1000.0,78.0,43.0,83.0,99.0,875
2024-03-21T11:28:11.000000+00:00,240.7,49.7,240.6,49.7,228.9,49.8,5.7,1310.0,1010.0,77.0,42.0,83.0,99.0,875
2024-03-21T11:28:14.000000+00:00,240.7,49.7,240.6,49.7,228.9,49.8,5.7,1310.0,1010.0,77.0,44.0,83.1,99.0,875
2024-03-21T11:28:22.000000+00:00,238.5,49.7,238.5,49.7,228.9,49.7,5.7,1300.0,1000.0,77.0,43.0,83.1,99.0,875
2024-03-21T11:29:22.000000+00:00,238.9,49.9,238.9,49.9,228.9,49.9,5.7,1300.0,1000.0,77.0,43.0,83.2,99.0,875
2024-03-21T11:30:22.000000+00:00,237.3,49.7,237.8,49.7,228.9,49.7,5.7,1300.0,1010.0,78.0,43.0,83.2,99.0,875
2024-03-21T11:31:22.000000+00:00,237.4,49.8,237.4,49.8,228.9,49.8,5.7,1300.0,1010.0,78.0,43.0,83.9,99.0,876
2024-03-21T11:32:22.000000+00:00,236.8,49.7,235.8,49.7,228.9,49.7,5.7,1300.0,1000.0,77.0,43.0,83.9,99.0,876
2024-03-21T11:33:22.000000+00:00,235.9,49.6,236.4,49.6,228.9,49.6,5.7,1310.0,1010.0,77.0,44.0,83.9,99.0,876
2024-03-21T11:34:22.000000+00:00,236.5,49.7,236.4,49.7,228.9,49.7,5.7,1300.0,1000.0,77.0,43.0,84.1,99.0,876
2024-03-21T11:35:22.000000+00:00,235.8,49.6,235.8,49.6,228.9,49.6,5.7,1310.0,1010.0,77.0,44.0,84.2,99.0,876
2024-03-21T11:36:22.000000+00:00,236.3,49.7,235.5,49.7,228.9,49.7,5.7,1310.0,1010.0,77.0,44.0,84.3,99.0,876
2024-03-21T11:37:22.000000+00:00,235.9,49.7,234.9,49.7,228.9,49.7,5.7,1300.0,1000.0,77.0,43.0,84.3,99.0,876
2024-03-21T11:38:22.000000+00:00,235.1,49.7,235.1,49.7,228.9,49.7,5.7,1310.0,1010.0,77.0,43.0,84.3,100.0,876
2024-03-21T11:39:22.000000+00:00,234.1,49.7,235.0,49.7,228.9,49.7,5.7,1300.0,1010.0,78.0,43.0,84.3,100.0,876
2024-03-21T11:40:22.000000+00:00,234.6,49.6,234.4,49.6,228.9,49.6,5.7,1300.0,1000.0,77.0,44.0,84.2,100.0,876
2024-03-21T11:41:22.000000+00:00,234.4,49.5,233.9,49.5,228.9,49.5,5.7,1310.0,1000.0,76.0,44.0,84.1,100.0,876
2024-03-21T11:42:22.000000+00:00,234.6,49.6,233.8,49.6,228.9,49.6,5.8,1310.0,1010.0,77.0,44.0,84.1,100.0,876
2024-03-21T11:43:22.000000+00:00,233.1,49.5,233.1,49.5,228.9,49.5,5.7,1310.0,1010.0,77.0,44.0,84.0,100.0,876
2024-03-21T11:44:22.000000+00:00,234.1,49.7,234.1,49.7,228.9,49.7,5.7,1300.0,1010.0,78.0,43.0,83.9,100.0,876
2024-03-21T11:45:22.000000+00:00,234.9,49.9,235.4,49.9,228.9,49.9,5.6,1290.0,1000.0,78.0,43.0,83.9,100.0,876
2024-03-21T11:46:22.000000+00:00,234.8,50.0,235.2,50.0,228.9,50.0,5.6,1280.0,1000.0,78.0,43.0,83.9,100.0,876
2024-03-21T11:47:22.000000+00:00,235.0,50.1,235.0,50.1,228.9,50.1,5.5,1270.0,990.0,78.0,43.0,83.9,100.0,876
2024-03-21T11:48:22.000000+00:00,235.2,50.1,235.2,50.1,228.9,50.1,5.6,1290.0,1000.0,78.0,42.0,83.9,100.0,876
2024-03-21T11:49:22.000000+00:00,235.7,50.2,235.7,50.2,228.9,50.2,5.6,1280.0,1000.0,78.0,42.0,84.0,100.0,876
2024-03-21T11:50:22.000000+00:00,237.4,50.0,236.3,50.0,228.9,50.0,5.6,1290.0,1010.0,78.0,43.0,84.2,100.0,876
2024-03-21T11:51:22.000000+00:00,236.8,49.9,236.3,49.9,228.9,49.9,5.7,1300.0,1010.0,78.0,43.0,84.2,100.0,876
2024-03-21T11:52:22.000000+00:00,234.8,49.7,235.7,49.7,228.9,49.7,5.7,1300.0,1010.0,78.0,43.0,84.3,100.0,877
2024-03-21T11:53:22.000000+00:00,235.2,49.8,235.7,49.8,228.9,49.8,5.6,1290.0,1000.0,78.0,43.0,84.3,100.0,877
2024-03-21T11:54:22.000000+00:00,235.7,49.7,235.7,49.7,228.9,49.7,5.7,1310.0,1010.0,77.0,43.0,84.3,100.0,877
2024-03-21T11:55:22.000000+00:00,235.4,49.7,235.4,49.7,228.9,49.7,5.7,1310.0,1010.0,77.0,43.0,84.2,100.0,877
2024-03-21T11:56:22.000000+00:00,234.6,49.7,234.6,49.7,228.9,49.7,5.7,1300.0,1010.0,78.0,43.0,84.1,100.0,877
2024-03-21T11:57:22.000000+00:00,235.1,49.9,235.1,49.9,228.9,49.9,5.6,1290.0,1000.0,78.0,43.0,84.0,100.0,877
2024-03-21T11:58:22.000000+00:00,234.9,50.0,234.8,50.0,228.9,50.0,5.6,1290.0,1010.0,78.0,43.0,84.0,100.0,877
2024-03-21T11:59:22.000000+00:00,234.7,50.0,234.2,50.0,228.9,50.0,5.6,1280.0,1000.0,78.0,43.0,83.9,100.0,877
2024-03-21T12:00:22.000000+00:00,234.9,50.1,234.4,50.1,228.9,50.1,5.6,1280.0,1000.0,78.0,43.0,83.9,100.0,877
2024-03-21T12:01:22.000000+00:00,233.4,50.1,234.5,50.1,228.9,50.0,5.5,1270.0,990.0,78.0,43.0,83.8,100.0,877
2024-03-21T12:02:22.000000+00:00,236.2,49.7,236.2,49.7,228.9,49.7,5.7,1310.0,1010.0,77.0,43.0,84.0,100.0,877
2024-03-21T12:03:22.000000+00:00,236.5,49.6,236.5,49.6,228.9,49.6,5.7,1310.0,1010.0,77.0,44.0,84.1,100.0,877
2024-03-21T12:04:22.000000+00:00,236.6,49.7,236.6,49.7,228.9,49.7,5.7,1300.0,1000.0,77.0,43.0,84.2,100.0,877
2024-03-21T12:05:22.000000+00:00,236.4,49.7,236.5,49.7,228.9,49.7,5.7,1300.0,1000.0,77.0,44.0,84.3,100.0,877
2024-03-21T12:06:22.000000+00:00,237.0,49.7,237.0,49.7,228.9,49.7,5.7,1300.0,1000.0,77.0,44.0,84.3,100.0,877
2024-03-21T12:07:22.000000+00:00,236.9,49.7,236.0,49.7,228.9,49.7,5.7,1300.0,1000.0,77.0,43.0,84.3,100.0,877
2024-03-21T12:08:23.000000+00:00,237.3,49.9,237.3,49.9,228.9,49.9,5.6,1290.0,1000.0,78.0,43.0,84.3,100.0,877
2024-03-21T12:09:23.000000+00:00,238.0,50.0,238.0,50.0,228.9,50.0,5.6,1280.0,1000.0,78.0,43.0,84.1,100.0,877
2024-03-21T12:10:23.000000+00:00,237.0,49.9,237.0,49.9,228.9,49.9,5.6,1290.0,1010.0,78.0,43.0,84.1,100.0,877
2024-03-21T12:11:23.000000+00:00,237.5,50.0,237.5,50.0,228.9,50.0,5.6,1290.0,1000.0,78.0,43.0,84.0,100.0,877
2024-03-21T12:12:23.000000+00:00,236.2,49.9,237.0,49.9,228.9,49.9,5.6,1290.0,1000.0,78.0,43.0,83.9,100.0,877
2024-03-21T12:13:23.000000+00:00,238.9,50.1,238.9,50.1,228.9,50.1,5.6,1280.0,1000.0,78.0,43.0,83.9,100.0,878
2024-03-21T12:14:23.000000+00:00,238.1,50.3,239.0,50.3,228.9,50.3,5.5,1270.0,990.0,78.0,42.0,83.9,100.0,878
2024-03-21T12:15:23.000000+00:00,239.9,50.3,238.9,50.3,228.9,50.3,5.6,1280.0,1000.0,78.0,42.0,83.9,100.0,878
2024-03-21T12:16:23.000000+00:00,239.5,50.4,239.5,50.4,228.9,50.4,5.5,1270.0,1000.0,79.0,42.0,84.1,100.0,878
2024-03-21T12:17:23.000000+00:00,238.7,50.4,238.8,50.4,228.9,50.4,5.6,1280.0,1000.0,78.0,43.0,84.2,100.0,878
2024-03-21T12:18:23.000000+00:00,238.9,50.3,238.8,50.3,228.9,50.3,5.6,1280.0,1000.0,78.0,43.0,84.3,100.0,878
2024-03-21T12:19:23.000000+00:00,237.9,50.1,237.9,50.1,228.9,50.1,5.6,1280.0,990.0,77.0,43.0,84.3,100.0,878
2024-03-21T12:20:23.000000+00:00,238.0,50.2,237.4,50.2,228.9,50.2,5.6,1270.0,990.0,78.0,42.0,84.3,100.0,878
2024-03-21T12:21:23.000000+00:00,240.3,50.2,240.3,50.2,228.9,50.2,5.6,1280.0,1000.0,78.0,43.0,84.3,100.0,878
2024-03-21T12:22:23.000000+00:00,239.3,50.1,239.3,50.1,228.9,50.1,5.6,1280.0,1000.0,78.0,43.0,84.1,100.0,878
2024-03-21T12:23:23.000000+00:00,239.1,50.3,239.1,50.3,228.9,50.3,5.6,1270.0,1000.0,79.0,43.0,84.1,100.0,891
2024-03-21T12:24:23.000000+00:00,239.3,50.4,239.3,50.4,228.9,50.4,5.5,1260.0,990.0,79.0,42.0,84.0,100.0,891
2024-03-21T12:25:23.000000+00:00,238.8,50.4,238.8,50.4,228.9,50.4,5.5,1270.0,990.0,78.0,42.0,83.9,100.0,891
2024-03-21T12:26:23.000000+00:00,238.6,50.4,238.6,50.4,228.9,50.4,5.6,1270.0,1000.0,79.0,42.0,83.9,100.0,891
2024-03-21T12:27:23.000000+00:00,239.2,50.3,239.1,50.3,228.9,50.3,5.6,1270.0,1000.0,79.0,42.0,83.8,100.0,891
2024-03-21T12:28:23.000000+00:00,238.7,50.4,239.2,50.4,228.9,50.4,5.6,1280.0,1000.0,78.0,43.0,84.1,100.0,891
2024-03-21T12:29:23.000000+00:00,238.8,50.4,238.8,50.4,228.9,50.4,5.5,1260.0,990.0,79.0,42.0,84.1,100.0,891
2024-03-21T12:30:23.000000+00:00,238.3,50.4,238.3,50.4,228.9,50.4,5.5,1260.0,990.0,79.0,42.0,84.2,100.0,891
2024-03-21T12:31:23.000000+00:00,239.1,50.4,239.1,50.4,228.9,50.4,5.5,1260.0,990.0,79.0,42.0,84.3,100.0,891
2024-03-21T12:32:23.000000+00:00,239.9,50.4,239.9,50.4,228.9,50.5,5.5,1260.0,990.0,79.0,42.0,84.3,100.0,891
2024-03-21T12:33:23.000000+00:00,238.6,50.4,238.7,50.4,228.9,50.4,5.5,1270.0,990.0,78.0,42.0,84.3,100.0,891
2024-03-21T12:34:23.000000+00:00,238.0,50.3,237.1,50.3,228.9,50.3,5.5,1270.0,990.0,78.0,42.0,84.2,100.0,891
2024-03-21T12:35:23.000000+00:00,237.3,50.4,238.3,50.4,228.9,50.4,5.6,1270.0,1000.0,79.0,43.0,84.1,100.0,891
2024-03-21T12:36:23.000000+00:00,237.9,50.3,237.9,50.3,228.9,50.3,5.5,1270.0,990.0,78.0,42.0,84.0,100.0,891
2024-03-21T12:37:23.000000+00:00,237.6,50.3,237.6,50.3,228.9,50.3,5.5,1270.0,990.0,78.0,42.0,84.0,100.0,892
2024-03-21T12:38:23.000000+00:00,237.3,50.3,236.9,50.3,228.9,50.3,5.5,1270.0,990.0,78.0,43.0,83.9,100.0,892
2024-03-21T12:39:23.000000+00:00,238.3,50.3,238.3,50.3,228.9,50.3,5.6,1280.0,1010.0,79.0,42.0,83.9,100.0,892
2024-03-21T12:40:23.000000+00:00,240.2,50.4,239.1,50.4,228.9,50.3,5.5,1270.0,990.0,78.0,42.0,84.1,100.0,892
2024-03-21T12:41:23.000000+00:00,239.4,50.3,238.5,50.3,228.9,50.3,5.6,1280.0,1000.0,78.0,42.0,84.2,100.0,892
2024-03-21T12:42:23.000000+00:00,238.9,50.3,238.5,50.3,228.9,50.3,5.6,1270.0,1000.0,79.0,42.0,84.3,100.0,892
2024-03-21T12:43:23.000000+00:00,238.3,50.3,238.7,50.3,228.9,50.3,5.6,1280.0,1000.0,78.0,42.0,84.3,100.0,892
2024-03-21T12:44:23.000000+00:00,238.7,50.3,238.7,50.3,228.9,50.3,5.6,1280.0,1000.0,78.0,42.0,84.3,100.0,892
2024-03-21T12:45:23.000000+00:00,237.9,50.1,237.6,50.1,228.9,50.1,5.6,1280.0,1000.0,78.0,42.0,84.3,100.0,892
2024-03-21T12:46:23.000000+00:00,238.1,50.0,237.7,50.0,228.9,50.0,5.6,1290.0,1000.0,78.0,43.0,84.2,100.0,892
2024-03-21T12:47:23.000000+00:00,236.6,49.7,237.1,49.7,228.9,49.7,5.7,1310.0,1010.0,77.0,44.0,84.1,100.0,892
2024-03-21T12:48:23.000000+00:00,237.1,49.9,237.2,49.9,228.9,49.9,5.6,1290.0,1000.0,78.0,43.0,84.0,100.0,892
2024-03-21T12:49:23.000000+00:00,235.7,49.6,236.2,49.6,228.9,49.6,5.7,1300.0,1000.0,77.0,43.0,83.9,100.0,892
2024-03-21T12:50:23.000000+00:00,235.5,49.8,235.5,49.8,228.9,49.8,5.6,1290.0,1000.0,78.0,43.0,83.9,100.0,892
2024-03-21T12:51:23.000000+00:00,236.8,50.1,236.8,50.1,228.9,50.1,5.6,1270.0,990.0,78.0,43.0,84.0,100.0,892
2024-03-21T12:52:23.000000+00:00,236.0,49.9,235.5,50.0,228.9,49.9,5.6,1280.0,990.0,77.0,43.0,84.1,100.0,892
2024-03-21T12:53:23.000000+00:00,234.7,49.8,235.6,49.8,228.9,49.8,5.7,1300.0,1000.0,77.0,43.0,84.2,100.0,892
2024-03-21T12:54:23.000000+00:00,234.8,49.8,235.8,49.8,228.9,49.8,5.6,1290.0,1000.0,78.0,43.0,84.3,100.0,892
2024-03-21T12:55:23.000000+00:00,235.4,49.8,235.4,49.8,228.9,49.8,5.6,1290.0,1000.0,78.0,43.0,84.3,100.0,892
2024-03-21T12:56:23.000000+00:00,236.3,49.9,236.3,49.9,228.9,49.9,5.6,1290.0,1000.0,78.0,43.0,84.3,100.0,892
2024-03-21T12:57:23.000000+00:00,237.1,50.0,237.1,50.0,228.9,50.0,5.6,1280.0,1000.0,78.0,43.0,84.2,100.0,892
2024-03-21T12:58:23.000000+00:00,238.4,50.2,237.5,50.2,228.9,50.2,5.6,1280.0,1000.0,78.0,43.0,84.2,100.0,893
2024-03-21T12:59:23.000000+00:00,237.7,50.1,237.7,50.1,228.9,50.1,5.6,1280.0,1000.0,78.0,43.0,84.0,100.0,893
2024-03-21T13:00:23.000000+00:00,237.7,50.2,238.2,50.2,228.9,50.2,5.6,1270.0,990.0,78.0,43.0,84.0,100.0,893
2024-03-21T13:01:23.000000+00:00,236.5,50.1,236.9,50.1,228.9,50.1,5.6,1280.0,1000.0,78.0,43.0,83.9,100.0,893
2024-03-21T13:02:24.000000+00:00,237.1,50.0,237.1,49.9,228.9,50.0,5.6,1300.0,1010.0,78.0,43.0,83.9,100.0,893
2024-03-21T13:03:24.000000+00:00,236.5,49.8,236.5,49.8,228.9,49.8,5.7,1290.0,1000.0,78.0,43.0,84.1,100.0,893
2024-03-21T13:04:24.000000+00:00,237.2,50.0,236.8,50.0,228.9,50.0,5.6,1290.0,1000.0,78.0,43.0,84.2,100.0,893
2024-03-21T13:05:24.000000+00:00,237.3,50.0,236.9,50.0,228.9,50.0,5.6,1280.0,1000.0,78.0,43.0,84.3,100.0,893
2024-03-21T13:06:24.000000+00:00,237.5,50.2,238.6,50.2,228.9,50.2,5.6,1270.0,990.0,78.0,43.0,84.3,100.0,893
2024-03-21T13:07:24.000000+00:00,237.4,50.0,237.4,50.0,228.9,50.0,5.6,1280.0,990.0,77.0,43.0,84.3,100.0,893
2024-03-21T13:08:24.000000+00:00,237.1,50.2,237.5,50.2,228.9,50.2,5.6,1280.0,1000.0,78.0,43.0,84.3,100.0,893
2024-03-21T13:09:24.000000+00:00,237.8,50.2,237.8,50.2,228.9,50.2,5.6,1270.0,990.0,78.0,43.0,84.2,100.0,893
2024-03-21T13:10:24.000000+00:00,235.9,49.8,235.9,49.8,228.9,49.8,5.6,1290.0,1000.0,78.0,44.0,84.1,100.0,893
2024-03-21T13:11:24.000000+00:00,237.1,49.9,236.1,49.9,228.9,49.9,5.6,1280.0,1000.0,78.0,43.0,84.0,100.0,893
2024-03-21T13:12:24.000000+00:00,235.8,49.9,236.4,49.9,228.9,49.9,5.7,1290.0,1000.0,78.0,43.0,83.9,100.0,893
2024-03-21T13:13:24.000000+00:00,236.5,49.8,236.5,49.8,228.9,49.8,5.7,1300.0,1000.0,77.0,43.0,83.9,100.0,893
2024-03-21T13:14:24.000000+00:00,235.3,49.9,235.3,49.9,228.9,49.9,5.6,1290.0,1000.0,78.0,43.0,84.1,100.0,893
2024-03-21T13:15:24.000000+00:00,236.9,50.1,236.9,50.1,228.9,50.1,5.6,1280.0,1000.0,78.0,43.0,84.2,100.0,893
2024-03-21T13:16:24.000000+00:00,237.1,50.1,237.1,50.1,228.9,50.1,5.6,1280.0,990.0,77.0,43.0,84.3,100.0,893
2024-03-21T13:17:24.000000+00:00,238.1,50.1,237.5,50.1,228.9,50.1,5.6,1280.0,990.0,77.0,43.0,84.3,100.0,893
2024-03-21T13:18:24.000000+00:00,238.7,50.1,238.7,50.1,228.9,50.1,5.6,1280.0,1000.0,78.0,43.0,84.3,100.0,893
2024-03-21T13:19:24.000000+00:00,237.7,50.1,237.8,50.1,228.9,50.1,5.6,1280.0,1000.0,78.0,43.0,84.3,100.0,893
2024-03-21T13:20:24.000000+00:00,238.5,50.3,238.5,50.3,228.9,50.3,5.5,1270.0,990.0,78.0,42.0,84.2,100.0,893
2024-03-21T13:21:24.000000+00:00,237.5,50.1,237.5,50.1,228.9,50.1,5.6,1290.0,1010.0,78.0,43.0,84.1,100.0,893
2024-03-21T13:22:24.000000+00:00,237.6,50.2,236.6,50.2,228.9,50.2,5.6,1270.0,990.0,78.0,42.0,84.0,100.0,893
2024-03-21T13:23:24.000000+00:00,236.4,50.1,237.4,50.1,228.9,50.1,5.6,1290.0,1000.0,78.0,43.0,83.9,100.0,893
2024-03-21T13:24:24.000000+00:00,237.2,50.0,238.2,50.0,228.9,50.0,5.6,1290.0,1000.0,78.0,43.0,83.9,100.0,893
2024-03-21T13:25:24.000000+00:00,237.9,50.1,238.0,50.1,228.9,50.1,5.6,1290.0,1010.0,78.0,43.0,84.0,100.0,893
2024-03-21T13:26:24.000000+00:00,237.4,50.1,236.4,50.1,228.9,50.1,5.6,1280.0,1000.0,78.0,43.0,84.2,100.0,893
2024-03-21T13:27:24.000000+00:00,237.6,50.3,237.6,50.3,228.9,50.3,5.5,1270.0,990.0,78.0,42.0,84.3,100.0,893
2024-03-21T13:28:24.000000+00:00,236.8,50.2,237.3,50.2,228.9,50.2,5.6,1270.0,990.0,78.0,43.0,84.3,100.0,893
2024-03-21T13:29:24.000000+00:00,236.7,50.1,236.7,50.1,228.9,50.1,5.6,1280.0,1000.0,78.0,43.0,84.3,100.0,893
2024-03-21T13:30:24.000000+00:00,238.4,50.3,238.4,50.3,228.9,50.2,5.5,1270.0,990.0,78.0,43.0,84.3,100.0,893
2024-03-21T13:31:24.000000+00:00,237.4,50.1,237.4,50.1,228.9,50.1,5.6,1280.0,1000.0,78.0,42.0,84.2,100.0,893
2024-03-21T13:32:24.000000+00:00,236.7,50.0,236.7,50.0,228.9,50.0,5.6,1280.0,1000.0,78.0,43.0,84.1,100.0,893
2024-03-21T13:33:24.000000+00:00,237.4,49.9,236.5,49.9,228.9,49.9,5.6,1290.0,1000.0,78.0,43.0,84.0,100.0,893
2024-03-21T13:34:24.000000+00:00,236.8,49.9,237.2,49.9,228.9,49.9,5.6,1290.0,1000.0,78.0,43.0,83.9,100.0,893
2024-03-21T13:35:24.000000+00:00,236.5,49.7,236.5,49.7,228.9,49.7,5.7,1300.0,1000.0,77.0,43.0,83.9,100.0,893
2024-03-21T13:36:24.000000+00:00,237.5,49.9,237.6,49.9,228.9,49.9,5.6,1290.0,1000.0,78.0,43.0,84.0,100.0,893
2024-03-21T13:37:24.000000+00:00,237.0,49.9,237.0,49.9,228.9,49.9,5.6,1290.0,1000.0,78.0,43.0,84.1,100.0,893
2024-03-21T13:38:24.000000+00:00,237.2,50.0,237.2,50.0,228.9,50.0,5.6,1290.0,1000.0,78.0,43.0,84.2,100.0,893
2024-03-21T13:39:24.000000+00:00,237.3,49.8,237.3,49.8,228.9,49.8,5.6,1290.0,1000.0,78.0,43.0,84.3,100.0,893
2024-03-21T13:40:24.000000+00:00,237.0,49.8,237.0,49.8,228.9,49.8,5.6,1290.0,1000.0,78.0,43.0,84.3,100.0,893
2024-03-21T13:41:24.000000+00:00,236.4,49.9,236.4,49.9,228.9,49.9,5.6,1290.0,1000.0,78.0,43.0,84.3,100.0,893
2024-03-21T13:42:24.000000+00:00,236.4,49.9,236.4,49.9,228.9,49.9,5.6,1290.0,1000.0,78.0,43.0,84.3,100.0,893
2024-03-21T13:43:24.000000+00:00,236.6,49.9,236.6,49.9,228.9,49.9,5.6,1280.0,1000.0,78.0,43.0,84.1,100.0,893
2024-03-21T13:44:24.000000+00:00,235.5,49.7,235.5,49.7,228.9,49.7,5.7,1300.0,1000.0,77.0,43.0,84.0,100.0,893
2024-03-21T13:45:24.000000+00:00,235.5,49.8,235.6,49.8,228.9,49.8,5.6,1290.0,1000.0,78.0,43.0,83.9,100.0,893
2024-03-21T13:46:24.000000+00:00,235.9,49.7,236.0,49.8,228.9,49.8,5.6,1290.0,990.0,77.0,43.0,83.9,100.0,893
2024-03-21T13:47:24.000000+00:00,236.0,49.7,236.0,49.7,228.9,49.7,5.6,1300.0,1000.0,77.0,43.0,84.0,100.0,893
2024-03-21T13:48:24.000000+00:00,236.2,49.8,236.2,49.8,228.9,49.8,5.7,1300.0,1010.0,78.0,43.0,84.1,100.0,893
2024-03-21T13:49:24.000000+00:00,235.4,49.7,234.9,49.7,228.9,49.7,5.7,1300.0,1010.0,78.0,43.0,84.3,100.0,893
2024-03-21T13:50:24.000000+00:00,235.5,49.7,235.5,49.7,228.9,49.7,5.7,1300.0,1000.0,77.0,43.0,84.3,100.0,893
2024-03-21T13:51:24.000000+00:00,235.1,49.8,235.1,49.8,228.9,49.8,5.7,1310.0,1010.0,77.0,43.0,84.3,100.0,893
2024-03-21T13:52:24.000000+00:00,235.9,49.8,235.9,49.8,228.9,49.8,5.6,1290.0,1000.0,78.0,43.0,84.3,100.0,893
2024-03-21T13:53:24.000000+00:00,236.3,50.0,236.3,50.0,228.9,50.0,5.6,1290.0,1000.0,78.0,43.0,84.3,100.0,893
2024-03-21T13:54:24.000000+00:00,237.2,50.2,237.4,50.2,228.9,50.2,5.6,1280.0,1000.0,78.0,43.0,84.1,100.0,893
2024-03-21T13:55:24.000000+00:00,237.6,50.2,237.0,50.2,228.9,50.2,5.6,1280.0,1000.0,78.0,43.0,84.1,100.0,893
2024-03-21T13:56:24.000000+00:00,236.6,50.2,236.9,50.2,228.9,50.2,5.6,1270.0,990.0,78.0,42.0,84.0,100.0,893
2024-03-21T13:57:24.000000+00:00,237.3,50.3,237.9,50.3,228.9,50.3,5.5,1270.0,990.0,78.0,42.0,83.9,100.0,893
2024-03-21T13:58:24.000000+00:00,238.5,50.3,238.4,50.3,228.9,50.3,5.5,1270.0,990.0,78.0,42.0,83.9,100.0,893
2024-03-21T13:59:24.000000+00:00,239.1,50.2,239.1,50.2,228.9,50.2,5.6,1280.0,1000.0,78.0,42.0,84.1,100.0,893
2024-03-21T14:00:25.000000+00:00,240.3,50.4,240.3,50.4,228.9,50.4,5.5,1270.0,990.0,78.0,42.0,84.2,100.0,893
2024-03-21T14:01:25.000000+00:00,241.6,50.4,241.6,50.4,228.9,50.4,5.5,1270.0,1000.0,79.0,42.0,84.2,100.0,893
2024-03-21T14:02:25.000000+00:00,239.7,50.5,240.2,50.5,228.9,50.5,5.5,1260.0,990.0,79.0,42.0,84.3,100.0,893
2024-03-21T14:03:25.000000+00:00,238.7,50.4,238.7,50.4,228.9,50.4,5.5,1270.0,1000.0,79.0,42.0,84.3,100.0,893
2024-03-21T14:04:25.000000+00:00,237.9,50.3,237.9,50.4,228.9,50.4,5.5,1260.0,990.0,79.0,42.0,84.3,100.0,893
2024-03-21T14:05:25.000000+00:00,236.6,50.3,237.0,50.3,228.9,50.3,5.5,1270.0,990.0,78.0,43.0,84.2,100.0,893
2024-03-21T14:06:25.000000+00:00,238.6,50.4,238.6,50.4,228.9,50.4,5.5,1270.0,990.0,78.0,43.0,84.1,100.0,893
2024-03-21T14:07:25.000000+00:00,238.4,50.2,238.4,50.2,228.9,50.2,5.6,1270.0,990.0,78.0,43.0,84.0,100.0,893
2024-03-21T14:08:25.000000+00:00,238.0,50.3,238.2,50.3,228.9,50.3,5.5,1270.0,990.0,78.0,43.0,83.9,100.0,893
2024-03-21T14:09:25.000000+00:00,237.7,50.1,237.7,50.1,228.9,50.1,5.6,1280.0,1000.0,78.0,43.0,83.9,100.0,893
2024-03-21T14:10:25.000000+00:00,238.9,50.2,238.9,50.2,228.9,50.2,5.6,1270.0,990.0,78.0,43.0,83.9,100.0,893
2024-03-21T14:11:25.000000+00:00,238.6,50.1,238.6,50.1,228.9,50.1,5.6,1280.0,1000.0,78.0,43.0,84.1,100.0,893
2024-03-21T14:12:25.000000+00:00,238.3,50.2,238.8,50.2,228.9,50.2,5.6,1280.0,1000.0,78.0,42.0,84.2,100.0,893
2024-03-21T14:13:25.000000+00:00,238.3,50.1,238.3,50.1,228.9,50.1,5.6,1280.0,990.0,77.0,43.0,84.3,100.0,893
2024-03-21T14:14:25.000000+00:00,237.7,50.0,237.9,50.0,228.9,50.0,5.6,1280.0,1000.0,78.0,43.0,84.3,100.0,893
2024-03-21T14:15:25.000000+00:00,237.5,50.1,238.0,50.1,228.9,50.1,5.6,1280.0,1000.0,78.0,43.0,84.3,100.0,893
2024-03-21T14:16:25.000000+00:00,238.9,50.2,238.9,50.2,228.9,50.2,5.5,1270.0,990.0,78.0,42.0,84.3,100.0,893
2024-03-21T14:17:25.000000+00:00,238.6,50.4,238.6,50.4,228.9,50.4,5.5,1260.0,990.0,79.0,42.0,84.2,100.0,893
2024-03-21T14:18:25.000000+00:00,237.8,50.3,237.7,50.3,228.9,50.3,5.5,1270.0,990.0,78.0,43.0,84.1,100.0,893
2024-03-21T14:19:25.000000+00:00,237.1,50.1,236.5,50.1,228.9,50.1,5.6,1280.0,1000.0,78.0,43.0,84.0,100.0,893
2024-03-21T14:20:25.000000+00:00,237.6,50.1,237.2,50.1,228.9,50.1,5.6,1280.0,1000.0,78.0,43.0,83.9,100.0,893
2024-03-21T14:21:25.000000+00:00,237.4,49.9,237.9,49.9,228.9,49.9,5.6,1280.0,990.0,77.0,43.0,83.9,100.0,893
2024-03-21T14:22:25.000000+00:00,238.3,50.0,238.3,50.0,228.9,50.0,5.6,1290.0,1000.0,78.0,43.0,83.8,100.0,893
2024-03-21T14:23:25.000000+00:00,237.3,50.0,237.9,50.0,228.9,50.0,5.6,1280.0,990.0,77.0,43.0,84.1,100.0,893
2024-03-21T14:24:25.000000+00:00,237.0,49.9,236.9,49.9,228.9,49.9,5.6,1290.0,1000.0,78.0,43.0,84.2,100.0,893
2024-03-21T14:25:25.000000+00:00,238.1,50.2,237.2,50.2,228.9,50.2,5.6,1280.0,1000.0,78.0,43.0,84.2,100.0,893
2024-03-21T14:26:25.000000+00:00,237.2,50.2,237.2,50.2,228.9,50.2,5.5,1270.0,990.0,78.0,42.0,84.3,100.0,893
2024-03-21T14:27:25.000000+00:00,238.8,50.2,238.3,50.2,228.9,50.2,5.6,1280.0,1000.0,78.0,42.0,84.3,100.0,893
2024-03-21T14:28:25.000000+00:00,237.4,50.0,237.4,50.0,228.9,50.0,5.6,1280.0,990.0,77.0,43.0,84.3,100.0,893
2024-03-21T14:29:25.000000+00:00,237.4,50.1,237.5,50.1,228.9,50.1,5.6,1290.0,1010.0,78.0,43.0,84.2,100.0,893
2024-03-21T14:30:25.000000+00:00,237.6,50.1,237.6,50.1,228.9,50.1,5.6,1280.0,990.0,77.0,43.0,84.1,100.0,893
2024-03-21T14:31:25.000000+00:00,238.0,50.2,238.0,50.2,228.9,50.2,5.5,1270.0,990.0,78.0,43.0,84.0,100.0,893
2024-03-21T14:32:25.000000+00:00,238.2,50.3,238.2,50.3,228.9,50.3,5.5,1260.0,990.0,79.0,42.0,83.9,100.0,893
2024-03-21T14:33:25.000000+00:00,238.2,50.3,238.7,50.3,228.9,50.3,5.6,1270.0,1000.0,79.0,42.0,83.9,100.0,893
2024-03-21T14:34:25.000000+00:00,237.7,50.0,237.7,50.0,228.9,50.0,5.6,1280.0,990.0,77.0,43.0,83.8,100.0,893
2024-03-21T14:35:25.000000+00:00,239.1,50.2,239.1,50.2,228.9,50.2,5.6,1270.0,990.0,78.0,43.0,83.9,100.0,893
2024-03-21T14:36:25.000000+00:00,238.6,50.3,238.6,50.3,228.9,50.3,5.6,1280.0,1000.0,78.0,43.0,84.1,100.0,893
2024-03-21T14:37:25.000000+00:00,238.3,50.1,238.3,50.1,228.9,50.1,5.6,1290.0,1000.0,78.0,43.0,84.2,100.0,893
2024-03-21T14:38:25.000000+00:00,238.7,50.0,238.3,50.0,228.9,50.0,5.6,1290.0,1000.0,78.0,43.0,84.3,100.0,893
2024-03-21T14:39:25.000000+00:00,238.7,49.9,238.7,49.9,228.9,49.9,5.6,1290.0,1000.0,78.0,43.0,84.3,100.0,893
2024-03-21T14:40:25.000000+00:00,238.9,49.8,238.9,49.8,228.9,49.8,5.7,1310.0,1010.0,77.0,44.0,84.3,100.0,893
2024-03-21T14:41:25.000000+00:00,238.3,49.8,237.8,49.8,228.9,49.8,5.7,1300.0,1000.0,77.0,43.0,84.3,100.0,893
2024-03-21T14:42:25.000000+00:00,238.8,49.9,238.8,49.9,228.9,49.9,5.7,1290.0,1000.0,78.0,43.0,84.2,100.0,893
2024-03-21T14:43:25.000000+00:00,239.3,50.0,239.3,50.0,228.9,50.0,5.6,1280.0,990.0,77.0,43.0,84.1,100.0,893
2024-03-21T14:44:25.000000+00:00,238.3,50.0,238.8,50.0,228.9,50.0,5.6,1280.0,1000.0,78.0,43.0,84.0,100.0,893
2024-03-21T14:45:25.000000+00:00,238.6,49.9,238.6,49.9,228.9,49.9,5.6,1290.0,1000.0,78.0,43.0,83.9,100.0,893
2024-03-21T14:46:25.000000+00:00,239.2,50.1,239.6,50.1,228.9,50.1,5.6,1280.0,1000.0,78.0,43.0,83.9,100.0,893
2024-03-21T14:47:25.000000+00:00,238.1,49.8,238.2,49.8,228.9,49.8,5.7,1300.0,1000.0,77.0,43.0,83.8,100.0,893
2024-03-21T14:48:25.000000+00:00,237.8,49.9,238.3,49.9,228.9,49.9,5.6,1290.0,1000.0,78.0,43.0,84.0,100.0,893
2024-03-21T14:49:25.000000+00:00,239.3,49.9,238.8,49.9,228.9,49.9,5.7,1300.0,1000.0,77.0,43.0,84.2,100.0,893
2024-03-21T14:50:25.000000+00:00,238.1,49.9,238.9,49.9,228.9,49.9,5.6,1280.0,990.0,77.0,43.0,84.2,100.0,893
2024-03-21T14:51:25.000000+00:00,239.1,50.1,238.6,50.1,228.9,50.1,5.6,1280.0,1000.0,78.0,43.0,84.3,100.0,893
2024-03-21T14:52:25.000000+00:00,239.9,50.0,239.8,50.0,228.9,50.0,5.6,1280.0,1000.0,78.0,43.0,84.3,100.0,893
2024-03-21T14:53:25.000000+00:00,239.9,50.1,239.9,50.1,228.9,50.1,5.6,1280.0,1000.0,78.0,43.0,84.4,100.0,893
2024-03-21T14:54:25.000000+00:00,239.7,50.2,239.7,50.2,228.9,50.2,5.6,1280.0,1000.0,78.0,43.0,84.3,100.0,893
2024-03-21T14:55:25.000000+00:00,239.9,50.2,240.4,50.2,228.9,50.2,5.6,1280.0,1000.0,78.0,42.0,84.2,100.0,893
2024-03-21T14:56:26.000000+00:00,241.1,50.3,240.3,50.3,228.9,50.3,5.6,1280.0,1010.0,79.0,42.0,84.0,100.0,893
2024-03-21T14:57:26.000000+00:00,240.6,50.4,240.2,50.4,228.9,50.4,5.6,1270.0,1000.0,79.0,42.0,84.0,100.0,893
2024-03-21T14:58:26.000000+00:00,240.6,50.3,240.1,50.3,228.9,50.3,5.5,1270.0,990.0,78.0,42.0,83.9,100.0,893
2024-03-21T14:59:26.000000+00:00,240.0,50.3,239.5,50.3,228.9,50.3,5.6,1280.0,1000.0,78.0,43.0,83.9,100.0,893
2024-03-21T15:00:26.000000+00:00,239.0,50.3,239.4,50.3,228.9,50.3,5.6,1270.0,1000.0,79.0,43.0,83.8,100.0,893
2024-03-21T15:01:26.000000+00:00,240.1,50.3,239.0,50.3,228.9,50.3,5.6,1270.0,990.0,78.0,42.0,83.8,100.0,893
2024-03-21T15:02:26.000000+00:00,239.4,50.3,240.3,50.3,228.9,50.3,5.5,1270.0,990.0,78.0,43.0,84.0,100.0,893
2024-03-21T15:03:26.000000+00:00,240.4,50.3,241.4,50.3,228.9,50.3,5.6,1270.0,990.0,78.0,43.0,84.2,100.0,893
2024-03-21T15:04:26.000000+00:00,239.9,50.3,240.9,50.3,228.9,50.3,5.6,1270.0,1000.0,79.0,42.0,84.2,100.0,893
2024-03-21T15:05:26.000000+00:00,240.8,50.3,240.8,50.3,228.9,50.3,5.5,1270.0,990.0,78.0,42.0,84.3,100.0,893
2024-03-21T15:06:26.000000+00:00,241.3,50.3,240.9,50.3,228.9,50.3,5.6,1270.0,1000.0,79.0,42.0,84.3,100.0,893
2024-03-21T15:07:26.000000+00:00,241.4,50.3,241.0,50.3,228.9,50.3,5.6,1280.0,1000.0,78.0,43.0,84.4,100.0,893
2024-03-21T15:08:26.000000+00:00,237.8,50.3,237.3,50.4,228.9,50.3,5.5,1270.0,1000.0,79.0,42.0,84.3,100.0,893
2024-03-21T15:09:26.000000+00:00,236.8,50.4,237.4,50.4,228.9,50.4,5.5,1270.0,990.0,78.0,42.0,84.2,100.0,893
2024-03-21T15:10:26.000000+00:00,236.0,50.4,236.0,50.4,228.9,50.4,5.5,1270.0,990.0,78.0,42.0,84.1,100.0,893
2024-03-21T15:11:26.000000+00:00,237.4,50.4,238.4,50.4,228.9,50.4,5.5,1270.0,990.0,78.0,43.0,84.0,100.0,893
2024-03-21T15:12:26.000000+00:00,238.2,50.4,237.6,50.4,228.9,50.4,5.5,1270.0,990.0,78.0,42.0,83.9,100.0,893
2024-03-21T15:13:26.000000+00:00,237.6,50.4,237.7,50.4,228.9,50.4,5.6,1270.0,1000.0,79.0,42.0,83.9,100.0,893
2024-03-21T15:14:26.000000+00:00,237.9,50.4,237.9,50.4,228.9,50.4,5.5,1270.0,990.0,78.0,42.0,83.9,100.0,893
2024-03-21T15:15:26.000000+00:00,237.0,50.3,236.5,50.3,228.9,50.3,5.5,1270.0,990.0,78.0,43.0,83.8,100.0,893
2024-03-21T15:16:26.000000+00:00,236.8,50.3,236.8,50.3,228.9,50.3,5.5,1270.0,990.0,78.0,43.0,83.9,100.0,893
2024-03-21T15:17:26.000000+00:00,235.5,50.1,235.6,50.2,228.9,50.2,5.6,1280.0,990.0,77.0,43.0,84.1,100.0,893
2024-03-21T15:18:26.000000+00:00,236.8,50.2,236.8,50.2,228.9,50.2,5.6,1290.0,1010.0,78.0,43.0,84.2,100.0,893
2024-03-21T15:19:26.000000+00:00,237.3,50.2,236.3,50.2,228.9,50.2,5.6,1280.0,1000.0,78.0,42.0,84.3,100.0,893
2024-03-21T15:20:26.000000+00:00,236.0,50.1,236.0,50.1,228.9,50.1,5.6,1280.0,1000.0,78.0,43.0,84.3,100.0,893
2024-03-21T15:21:26.000000+00:00,235.6,50.2,236.5,50.2,228.9,50.2,5.6,1280.0,1000.0,78.0,43.0,84.3,100.0,893
2024-03-21T15:22:26.000000+00:00,234.9,50.1,235.7,50.1,228.9,50.1,5.6,1280.0,1000.0,78.0,44.0,84.3,100.0,893
2024-03-21T15:23:26.000000+00:00,234.2,49.9,234.2,49.9,228.9,49.9,5.6,1290.0,1000.0,78.0,43.0,84.2,100.0,880
2024-03-21T15:24:26.000000+00:00,234.7,49.9,234.7,49.9,228.9,49.9,5.6,1290.0,1000.0,78.0,43.0,84.1,100.0,880
2024-03-21T15:25:26.000000+00:00,233.6,49.9,234.6,49.9,228.9,49.9,5.6,1290.0,1000.0,78.0,43.0,84.0,100.0,880
2024-03-21T15:26:26.000000+00:00,233.6,49.8,233.6,49.8,228.9,49.8,5.7,1300.0,1000.0,77.0,43.0,84.0,100.0,880
2024-03-21T15:27:26.000000+00:00,236.9,49.8,237.9,49.8,228.9,49.8,5.6,1290.0,1000.0,78.0,43.0,83.9,100.0,880
2024-03-21T15:28:26.000000+00:00,237.8,49.8,237.3,49.8,228.9,49.8,5.6,1290.0,1000.0,78.0,43.0,83.9,100.0,880
2024-03-21T15:29:26.000000+00:00,238.3,49.9,237.4,49.9,228.9,49.9,5.6,1290.0,1010.0,78.0,43.0,83.9,100.0,880
2024-03-21T15:30:26.000000+00:00,236.0,49.8,236.9,49.8,228.9,49.8,5.6,1290.0,990.0,77.0,43.0,83.8,100.0,880
2024-03-21T15:31:26.000000+00:00,237.9,50.1,237.9,50.1,228.9,50.1,5.6,1280.0,990.0,77.0,43.0,83.8,100.0,880
2024-03-21T15:32:26.000000+00:00,238.2,50.1,238.2,50.1,228.9,50.1,5.6,1280.0,1000.0,78.0,43.0,84.0,100.0,880
2024-03-21T15:33:26.000000+00:00,239.1,50.0,238.6,50.0,228.9,50.0,5.6,1290.0,1000.0,78.0,43.0,84.1,100.0,880
2024-03-21T15:34:26.000000+00:00,238.3,50.0,238.3,50.0,228.9,50.0,5.6,1280.0,1000.0,78.0,43.0,84.2,100.0,880
2024-03-21T15:35:26.000000+00:00,236.4,49.9,236.2,49.9,228.9,49.9,5.6,1290.0,1000.0,78.0,43.0,84.3,100.0,880
2024-03-21T15:36:26.000000+00:00,236.3,49.9,236.3,49.9,228.9,49.9,5.6,1290.0,1000.0,78.0,43.0,84.3,100.0,880
2024-03-21T15:37:26.000000+00:00,235.1,49.8,236.0,49.8,228.9,49.8,5.7,1300.0,1010.0,78.0,43.0,84.3,100.0,880
2024-03-21T15:38:26.000000+00:00,235.6,49.8,235.6,49.8,228.9,49.8,5.6,1290.0,990.0,77.0,43.0,84.3,100.0,880
2024-03-21T15:39:26.000000+00:00,234.3,49.9,234.3,49.9,228.9,49.9,5.6,1280.0,1000.0,78.0,43.0,84.2,100.0,880
2024-03-21T15:40:26.000000+00:00,234.5,50.0,234.5,50.0,228.9,50.0,5.6,1280.0,1000.0,78.0,43.0,84.1,100.0,880
2024-03-21T15:41:26.000000+00:00,233.6,49.8,233.6,49.8,228.9,49.8,5.7,1300.0,1010.0,78.0,43.0,84.0,100.0,880
2024-03-21T15:42:26.000000+00:00,233.8,49.9,233.8,49.9,228.9,49.9,5.6,1290.0,1000.0,78.0,43.0,83.9,100.0,880
2024-03-21T15:43:26.000000+00:00,233.8,49.8,233.8,49.8,228.9,49.8,5.6,1290.0,1000.0,78.0,43.0,83.9,100.0,880
2024-03-21T15:44:26.000000+00:00,234.1,49.8,234.1,49.8,228.9,49.8,5.7,1300.0,1000.0,77.0,43.0,83.9,100.0,880
2024-03-21T15:45:26.000000+00:00,233.3,49.7,233.3,49.7,228.9,49.7,5.7,1300.0,1000.0,77.0,43.0,83.9,100.0,880
2024-03-21T15:46:26.000000+00:00,232.2,49.6,232.7,49.6,228.9,49.6,5.7,1310.0,1010.0,77.0,44.0,83.8,100.0,880
2024-03-21T15:47:26.000000+00:00,236.2,49.7,236.2,49.7,228.9,49.7,5.7,1300.0,1000.0,77.0,43.0,83.8,100.0,880
2024-03-21T15:48:26.000000+00:00,236.1,49.7,236.1,49.7,228.9,49.7,5.7,1300.0,1000.0,77.0,43.0,83.8,100.0,880
2024-03-21T15:49:26.000000+00:00,236.8,49.7,236.8,49.7,228.9,49.6,5.7,1300.0,1000.0,77.0,44.0,83.9,100.0,880
2024-03-21T15:50:26.000000+00:00,236.4,49.6,236.4,49.6,228.9,49.6,5.7,1300.0,1000.0,77.0,43.0,84.1,100.0,880
2024-03-21T15:51:27.000000+00:00,235.1,49.5,234.2,49.5,228.9,49.5,5.7,1310.0,1010.0,77.0,44.0,84.2,100.0,880
2024-03-21T15:52:27.000000+00:00,233.9,49.6,234.4,49.6,228.9,49.6,5.7,1310.0,1010.0,77.0,43.0,84.3,100.0,880
2024-03-21T15:53:27.000000+00:00,233.3,49.7,233.5,49.7,228.9,49.7,5.7,1300.0,1000.0,77.0,44.0,84.3,100.0,880
2024-03-21T15:54:27.000000+00:00,234.7,49.6,234.7,49.6,228.9,49.6,5.7,1300.0,1000.0,77.0,44.0,84.4,100.0,880
2024-03-21T15:55:27.000000+00:00,234.4,49.7,233.5,49.7,228.9,49.7,5.7,1290.0,1000.0,78.0,43.0,84.3,100.0,880
2024-03-21T15:56:27.000000+00:00,232.9,49.7,232.9,49.7,228.9,49.7,5.7,1300.0,1000.0,77.0,43.0,84.2,100.0,880
2024-03-21T15:57:27.000000+00:00,231.9,50.1,232.8,50.1,228.9,50.1,5.6,1270.0,990.0,78.0,43.0,84.1,100.0,880
2024-03-21T15:58:27.000000+00:00,232.2,50.1,232.2,50.1,228.9,50.1,5.6,1280.0,1000.0,78.0,43.0,84.0,100.0,880
2024-03-21T15:59:27.000000+00:00,232.2,50.2,231.6,50.3,228.9,50.3,5.6,1280.0,1000.0,78.0,42.0,84.0,100.0,880
2024-03-21T16:00:27.000000+00:00,232.0,50.2,231.0,50.2,228.9,50.2,5.6,1280.0,1000.0,78.0,42.0,83.9,100.0,880
2024-03-21T16:01:27.000000+00:00,234.3,49.9,235.1,49.9,228.9,49.9,5.6,1290.0,1000.0,78.0,43.0,83.9,100.0,880
2024-03-21T16:02:27.000000+00:00,234.8,50.0,234.8,50.0,228.9,50.0,5.6,1280.0,1000.0,78.0,43.0,83.8,100.0,880
2024-03-21T16:03:27.000000+00:00,234.7,49.8,233.7,49.8,228.9,49.8,5.6,1290.0,1000.0,78.0,43.0,83.8,100.0,880
2024-03-21T16:04:27.000000+00:00,235.0,50.0,235.0,50.0,228.9,50.0,5.6,1280.0,990.0,77.0,43.0,83.8,100.0,880
2024-03-21T16:05:27.000000+00:00,233.5,49.7,233.6,49.7,228.9,49.7,5.7,1300.0,1000.0,77.0,43.0,83.8,100.0,880
2024-03-21T16:06:27.000000+00:00,233.7,49.6,233.7,49.6,228.9,49.6,5.7,1300.0,1000.0,77.0,43.0,83.8,100.0,880
2024-03-21T16:07:27.000000+00:00,232.1,49.6,232.6,49.6,228.9,49.6,5.7,1310.0,1010.0,77.0,44.0,83.9,100.0,880
2024-03-21T16:08:27.000000+00:00,232.6,49.5,233.4,49.5,228.9,49.5,5.8,1320.0,1020.0,77.0,44.0,84.1,100.0,880
2024-03-21T16:09:27.000000+00:00,232.4,49.5,232.0,49.5,228.9,49.5,5.7,1310.0,1010.0,77.0,44.0,84.2,100.0,880
2024-03-21T16:10:27.000000+00:00,232.5,49.6,232.5,49.6,228.9,49.6,5.7,1310.0,1010.0,77.0,43.0,84.3,100.0,880
2024-03-21T16:11:27.000000+00:00,231.9,49.6,232.5,49.6,228.9,49.6,5.7,1300.0,1000.0,77.0,43.0,84.4,100.0,880
2024-03-21T16:12:27.000000+00:00,231.6,49.6,231.6,49.6,228.9,49.6,5.7,1310.0,1000.0,76.0,44.0,84.4,100.0,880
2024-03-21T16:13:27.000000+00:00,232.4,49.7,232.9,49.7,228.9,49.7,5.7,1300.0,1000.0,77.0,43.0,84.3,100.0,880
2024-03-21T16:14:27.000000+00:00,232.2,49.6,232.2,49.6,228.9,49.6,5.7,1310.0,1010.0,77.0,43.0,84.2,100.0,880
2024-03-21T16:15:27.000000+00:00,231.3,49.5,232.2,49.5,228.9,49.6,5.7,1300.0,1000.0,77.0,43.0,84.1,100.0,880
2024-03-21T16:16:27.000000+00:00,231.8,49.6,232.3,49.6,228.9,49.6,5.7,1310.0,1010.0,77.0,43.0,84.0,100.0,880
2024-03-21T16:17:27.000000+00:00,231.4,49.7,232.3,49.7,228.9,49.7,5.7,1300.0,1000.0,77.0,43.0,84.0,100.0,880
2024-03-21T16:18:27.000000+00:00,232.7,49.8,232.7,49.8,228.9,49.8,5.6,1290.0,1000.0,78.0,43.0,83.9,100.0,880
2024-03-21T16:19:27.000000+00:00,231.6,49.8,231.6,49.8,228.9,49.8,5.6,1290.0,1000.0,78.0,43.0,83.9,100.0,880
2024-03-21T16:20:27.000000+00:00,232.4,50.2,232.4,50.2,228.9,50.2,5.6,1280.0,1000.0,78.0,43.0,83.9,100.0,880
2024-03-21T16:21:27.000000+00:00,232.4,50.1,231.9,50.1,228.9,50.1,5.6,1290.0,1000.0,78.0,43.0,83.9,100.0,880
2024-03-21T16:22:27.000000+00:00,232.2,49.9,232.2,49.9,228.9,49.9,5.6,1290.0,1000.0,78.0,43.0,83.8,100.0,880
2024-03-21T16:23:27.000000+00:00,231.9,49.6,231.9,49.6,228.9,49.6,5.7,1310.0,1020.0,78.0,44.0,83.8,100.0,880
2024-03-21T16:24:27.000000+00:00,232.0,49.5,231.1,49.5,228.9,49.5,5.7,1300.0,1000.0,77.0,44.0,83.8,100.0,880
2024-03-21T16:25:27.000000+00:00,231.4,49.5,231.4,49.5,228.9,49.5,5.8,1310.0,1010.0,77.0,44.0,83.8,100.0,880
2024-03-21T16:26:27.000000+00:00,230.8,49.5,231.2,49.5,228.9,49.5,5.7,1310.0,1000.0,76.0,44.0,83.8,100.0,880
2024-03-21T16:27:27.000000+00:00,230.8,49.6,230.8,49.6,228.9,49.6,5.8,1310.0,1010.0,77.0,44.0,83.8,100.0,880
2024-03-21T16:28:27.000000+00:00,230.7,49.5,230.6,49.4,228.9,49.5,5.7,1310.0,1010.0,77.0,44.0,83.8,100.0,880
2024-03-21T16:29:27.000000+00:00,230.9,49.5,230.9,49.5,228.9,49.5,5.7,1310.0,1000.0,76.0,44.0,83.8,100.0,880
2024-03-21T16:30:27.000000+00:00,231.8,49.8,232.2,49.8,228.9,49.8,5.7,1290.0,1000.0,78.0,43.0,84.0,100.0,880
2024-03-21T16:31:27.000000+00:00,230.7,50.0,230.7,50.0,228.9,50.0,5.6,1280.0,990.0,77.0,43.0,84.1,100.0,880
2024-03-21T16:32:27.000000+00:00,230.3,50.2,230.3,50.2,228.9,50.2,5.6,1270.0,990.0,78.0,42.0,84.2,100.0,880
2024-03-21T16:33:27.000000+00:00,230.2,49.9,230.1,49.9,228.9,49.9,5.6,1280.0,990.0,77.0,43.0,84.3,100.0,880
2024-03-21T16:34:27.000000+00:00,230.2,50.2,230.1,50.2,228.9,50.2,5.6,1280.0,1000.0,78.0,43.0,84.4,100.0,880
2024-03-21T16:35:27.000000+00:00,230.1,50.1,230.1,50.1,228.9,50.1,5.6,1290.0,1000.0,78.0,43.0,84.4,100.0,880
2024-03-21T16:36:27.000000+00:00,228.9,50.0,228.4,50.0,228.9,50.0,5.6,1290.0,1000.0,78.0,43.0,84.3,100.0,880
2024-03-21T16:37:27.000000+00:00,229.4,50.2,229.4,50.2,228.9,50.2,5.6,1270.0,990.0,78.0,43.0,84.2,100.0,880
2024-03-21T16:38:27.000000+00:00,228.9,50.0,228.9,50.0,228.9,50.0,5.6,1290.0,1000.0,78.0,43.0,84.1,100.0,880
2024-03-21T16:39:27.000000+00:00,229.3,49.9,229.3,49.9,228.9,50.0,5.6,1290.0,1000.0,78.0,43.0,84.0,100.0,880
2024-03-21T16:40:27.000000+00:00,229.6,50.0,229.7,50.0,228.9,50.0,5.6,1290.0,1000.0,78.0,43.0,84.0,100.0,880
2024-03-21T16:41:27.000000+00:00,230.0,50.1,230.5,50.1,228.9,50.1,5.6,1290.0,1000.0,78.0,43.0,83.9,100.0,880
2024-03-21T16:42:27.000000+00:00,231.0,50.2,231.0,50.2,228.9,50.2,5.6,1290.0,1010.0,78.0,43.0,83.9,100.0,880
2024-03-21T16:43:27.000000+00:00,230.4,50.1,230.4,50.1,228.9,50.1,5.6,1280.0,1000.0,78.0,42.0,83.9,100.0,880
2024-03-21T16:44:27.000000+00:00,229.8,49.9,230.8,49.9,228.9,49.9,5.6,1290.0,1000.0,78.0,43.0,83.8,100.0,880
2024-03-21T16:45:27.000000+00:00,230.6,50.0,230.2,50.0,228.9,50.0,5.6,1280.0,990.0,77.0,43.0,83.9,100.0,880
2024-03-21T16:46:27.000000+00:00,231.6,50.1,231.6,50.1,228.9,50.1,5.6,1280.0,1000.0,78.0,43.0,83.8,100.0,880
2024-03-21T16:47:27.000000+00:00,231.4,49.8,231.3,49.8,228.9,49.8,5.6,1300.0,1000.0,77.0,43.0,83.8,100.0,880
2024-03-21T16:48:27.000000+00:00,231.2,49.9,231.6,49.9,228.9,49.9,5.6,1290.0,1000.0,78.0,43.0,83.8,100.0,880
2024-03-21T16:49:28.000000+00:00,230.8,49.9,230.7,49.9,228.9,49.9,5.7,1300.0,1000.0,77.0,43.0,83.8,100.0,880
2024-03-21T16:50:28.000000+00:00,230.4,49.9,230.4,49.9,228.9,49.9,5.6,1290.0,1000.0,78.0,43.0,83.8,100.0,880
2024-03-21T16:51:28.000000+00:00,232.2,50.0,231.7,50.0,228.9,50.0,5.6,1290.0,1000.0,78.0,43.0,83.8,100.0,880
2024-03-21T16:52:28.000000+00:00,230.7,49.8,231.2,49.8,228.9,49.8,5.6,1290.0,1000.0,78.0,43.0,83.8,100.0,880
2024-03-21T16:53:28.000000+00:00,231.1,50.0,231.1,50.0,228.9,50.0,5.6,1280.0,1000.0,78.0,43.0,83.8,100.0,880
2024-03-21T16:54:28.000000+00:00,231.2,50.0,231.0,50.0,228.9,50.0,5.6,1280.0,1000.0,78.0,43.0,83.8,100.0,880
2024-03-21T16:55:28.000000+00:00,231.0,50.1,231.7,50.1,228.9,50.1,5.6,1280.0,990.0,77.0,43.0,83.8,100.0,880
2024-03-21T16:56:28.000000+00:00,231.4,50.1,231.4,50.1,228.9,50.1,5.6,1280.0,1000.0,78.0,43.0,83.8,100.0,880
2024-03-21T16:57:28.000000+00:00,232.9,50.0,232.4,50.0,228.9,50.0,5.6,1290.0,1010.0,78.0,43.0,83.8,100.0,880
2024-03-21T16:58:28.000000+00:00,232.1,50.0,232.2,50.0,228.9,50.0,5.6,1280.0,990.0,77.0,43.0,84.0,100.0,880
2024-03-21T16:59:28.000000+00:00,233.8,50.3,233.8,50.3,228.9,50.3,5.5,1270.0,990.0,78.0,43.0,84.2,100.0,880
2024-03-21T17:00:28.000000+00:00,232.3,49.9,233.1,49.9,229.0,49.9,5.6,1290.0,1000.0,78.0,43.0,84.3,100.0,880
2024-03-21T17:01:28.000000+00:00,233.1,49.8,232.7,49.8,228.9,49.8,5.7,1300.0,1010.0,78.0,43.0,84.3,100.0,880
2024-03-21T17:02:28.000000+00:00,232.7,49.9,233.2,49.9,228.9,49.9,5.6,1290.0,1000.0,78.0,43.0,84.4,100.0,880
2024-03-21T17:03:28.000000+00:00,232.8,49.9,233.8,49.9,228.9,49.9,5.6,1290.0,1000.0,78.0,43.0,84.4,100.0,880
2024-03-21T17:04:28.000000+00:00,233.8,49.9,233.8,49.9,229.0,49.9,5.7,1300.0,1010.0,78.0,43.0,84.2,100.0,880
2024-03-21T17:05:28.000000+00:00,233.8,50.0,233.8,50.0,228.9,50.0,5.6,1280.0,990.0,77.0,43.0,84.1,100.0,880
2024-03-21T17:06:28.000000+00:00,234.5,50.0,234.5,50.1,228.9,50.1,5.6,1290.0,1000.0,78.0,43.0,84.1,100.0,880
2024-03-21T17:07:28.000000+00:00,234.6,50.1,234.6,50.1,228.9,50.1,5.6,1290.0,1000.0,78.0,42.0,84.0,100.0,880
2024-03-21T17:08:28.000000+00:00,234.6,50.1,235.1,50.1,228.9,50.1,5.6,1290.0,1010.0,78.0,43.0,84.0,100.0,880
2024-03-21T17:09:28.000000+00:00,232.7,50.1,232.7,50.1,228.9,50.1,5.6,1280.0,1000.0,78.0,43.0,83.9,100.0,880
2024-03-21T17:10:28.000000+00:00,232.7,49.8,232.2,49.8,228.9,49.8,5.6,1290.0,1000.0,78.0,43.0,83.9,100.0,880
2024-03-21T17:11:28.000000+00:00,231.6,49.8,232.1,49.8,228.9,49.8,5.7,1300.0,1010.0,78.0,43.0,83.9,100.0,880
2024-03-21T17:12:28.000000+00:00,231.1,49.8,231.0,49.8,228.9,49.8,5.7,1300.0,1000.0,77.0,43.0,83.9,100.0,880
2024-03-21T17:13:28.000000+00:00,231.4,49.7,231.4,49.7,228.9,49.7,5.7,1300.0,1000.0,77.0,43.0,83.9,100.0,880
2024-03-21T17:14:28.000000+00:00,230.0,49.8,230.0,49.8,228.9,49.8,5.7,1300.0,1010.0,78.0,43.0,83.8,100.0,880
2024-03-21T17:15:28.000000+00:00,231.2,49.9,230.8,49.9,228.9,49.9,5.6,1290.0,1000.0,78.0,43.0,83.9,100.0,880
2024-03-21T17:16:28.000000+00:00,231.2,49.8,231.2,49.8,228.9,49.8,5.7,1300.0,1010.0,78.0,43.0,83.8,100.0,880
2024-03-21T17:17:28.000000+00:00,231.2,49.9,230.8,49.9,228.9,49.9,5.6,1300.0,1010.0,78.0,43.0,83.8,100.0,880
2024-03-21T17:18:28.000000+00:00,232.5,49.9,232.5,49.9,228.9,49.9,5.6,1290.0,1000.0,78.0,43.0,83.8,100.0,880
2024-03-21T17:19:28.000000+00:00,232.4,49.9,232.8,49.9,228.9,49.9,5.6,1290.0,1000.0,78.0,43.0,83.8,100.0,880
2024-03-21T17:20:28.000000+00:00,232.0,49.8,232.0,49.8,228.9,49.8,5.7,1300.0,1010.0,78.0,43.0,83.8,100.0,880
2024-03-21T17:21:28.000000+00:00,233.4,49.9,233.4,49.9,228.9,49.9,5.6,1290.0,1000.0,78.0,43.0,83.8,100.0,880
2024-03-21T17:22:28.000000+00:00,232.8,50.1,233.8,50.1,228.9,50.1,5.6,1280.0,990.0,77.0,43.0,83.8,100.0,880
2024-03-21T17:23:28.000000+00:00,233.2,50.1,233.2,50.1,228.9,50.1,5.5,1270.0,990.0,78.0,43.0,83.8,100.0,880
2024-03-21T17:24:28.000000+00:00,233.1,50.1,232.2,50.0,228.9,50.1,5.6,1280.0,990.0,77.0,43.0,83.8,100.0,880
2024-03-21T17:25:28.000000+00:00,234.1,50.2,233.1,50.2,228.9,50.2,5.6,1280.0,1000.0,78.0,43.0,83.8,100.0,880
2024-03-21T17:26:28.000000+00:00,233.6,50.1,233.6,50.1,228.9,50.1,5.6,1280.0,1000.0,78.0,42.0,83.8,100.0,880
2024-03-21T17:27:28.000000+00:00,233.6,50.1,233.7,50.1,228.9,50.1,5.6,1290.0,1000.0,78.0,43.0,83.8,100.0,880
2024-03-21T17:28:28.000000+00:00,233.9,50.1,233.9,50.1,228.9,50.1,5.6,1280.0,1000.0,78.0,43.0,83.8,100.0,880
2024-03-21T17:29:28.000000+00:00,235.0,50.3,234.9,50.3,228.9,50.3,5.5,1270.0,990.0,78.0,42.0,83.8,100.0,880
2024-03-21T17:30:28.000000+00:00,234.9,50.3,235.8,50.3,229.0,50.3,5.6,1270.0,1000.0,79.0,42.0,83.8,100.0,880
2024-03-21T17:31:28.000000+00:00,234.9,50.1,235.0,50.1,229.0,50.1,5.6,1290.0,1000.0,78.0,43.0,83.8,100.0,880
2024-03-21T17:32:28.000000+00:00,235.7,50.1,235.7,50.1,228.9,50.1,5.6,1280.0,1000.0,78.0,43.0,83.8,100.0,880
2024-03-21T17:33:28.000000+00:00,235.4,50.1,235.4,50.1,229.0,50.1,5.6,1280.0,990.0,77.0,43.0,83.8,100.0,880
2024-03-21T17:34:28.000000+00:00,236.1,50.1,235.4,50.1,228.9,50.1,5.6,1280.0,1000.0,78.0,43.0,84.0,100.0,880
2024-03-21T17:35:28.000000+00:00,235.5,50.1,235.5,50.1,229.0,50.1,5.6,1290.0,1010.0,78.0,43.0,84.1,100.0,880
2024-03-21T17:36:28.000000+00:00,236.6,50.1,236.6,50.1,229.0,50.1,5.6,1280.0,1000.0,78.0,43.0,84.2,100.0,880
2024-03-21T17:37:28.000000+00:00,236.3,50.3,235.4,50.3,229.0,50.3,5.5,1270.0,990.0,78.0,42.0,84.3,100.0,880
2024-03-21T17:38:28.000000+00:00,235.1,50.2,235.1,50.2,228.9,50.2,5.6,1280.0,1000.0,78.0,42.0,84.3,100.0,880
2024-03-21T17:39:28.000000+00:00,236.5,50.3,236.5,50.3,229.0,50.3,5.6,1270.0,1000.0,79.0,43.0,84.4,100.0,880
2024-03-21T17:40:28.000000+00:00,235.1,50.3,235.6,50.3,228.9,50.3,5.6,1270.0,990.0,78.0,42.0,84.3,100.0,880
2024-03-21T17:41:28.000000+00:00,235.6,50.2,235.1,50.2,229.0,50.2,5.6,1280.0,1000.0,78.0,42.0,84.2,100.0,880
2024-03-21T17:42:28.000000+00:00,235.9,50.3,235.9,50.2,229.0,50.2,5.6,1290.0,1010.0,78.0,43.0,84.1,100.0,880
2024-03-21T17:43:28.000000+00:00,236.3,50.2,236.3,50.2,229.0,50.2,5.6,1280.0,1000.0,78.0,43.0,84.0,100.0,880
2024-03-21T17:44:28.000000+00:00,236.8,50.3,236.8,50.3,228.9,50.3,5.6,1270.0,1000.0,79.0,42.0,84.0,100.0,880
2024-03-21T17:45:28.000000+00:00,237.5,50.3,237.0,50.3,229.0,50.3,5.6,1270.0,1000.0,79.0,42.0,83.9,100.0,880
2024-03-21T17:46:28.000000+00:00,237.6,50.3,237.3,50.3,229.0,50.3,5.5,1270.0,1000.0,79.0,43.0,83.9,100.0,880
2024-03-21T17:47:28.000000+00:00,238.5,50.2,238.0,50.2,229.0,50.2,5.6,1280.0,1000.0,78.0,43.0,83.9,100.0,880
2024-03-21T17:48:29.000000+00:00,239.3,50.3,238.3,50.3,229.0,50.3,5.6,1270.0,1000.0,79.0,43.0,83.9,100.0,880
2024-03-21T17:49:29.000000+00:00,239.1,50.4,239.1,50.4,229.0,50.4,5.5,1270.0,1000.0,79.0,42.0,83.9,100.0,880
2024-03-21T17:50:29.000000+00:00,238.7,50.3,238.7,50.3,229.0,50.3,5.6,1270.0,990.0,78.0,43.0,83.9,100.0,880
2024-03-21T17:51:29.000000+00:00,238.2,50.4,238.2,50.4,229.0,50.4,5.5,1270.0,990.0,78.0,42.0,83.9,100.0,880
2024-03-21T17:52:29.000000+00:00,237.3,50.4,237.7,50.4,228.9,50.4,5.6,1270.0,1000.0,79.0,42.0,83.9,100.0,880
2024-03-21T17:53:29.000000+00:00,236.8,50.4,237.4,50.4,228.9,50.4,5.5,1270.0,1000.0,79.0,42.0,83.9,100.0,880
2024-03-21T17:54:29.000000+00:00,237.1,50.4,237.1,50.4,228.9,50.4,5.5,1270.0,1000.0,79.0,42.0,83.8,100.0,880
2024-03-21T17:55:29.000000+00:00,237.2,50.3,237.7,50.3,229.0,50.3,5.6,1270.0,1000.0,79.0,42.0,83.8,100.0,880
2024-03-21T17:56:29.000000+00:00,237.9,50.3,237.0,50.3,229.0,50.3,5.6,1280.0,1000.0,78.0,42.0,83.8,100.0,880
2024-03-21T17:57:29.000000+00:00,235.6,50.0,235.6,50.0,229.0,50.0,5.6,1290.0,1010.0,78.0,43.0,83.8,100.0,880
2024-03-21T17:58:29.000000+00:00,236.3,50.0,236.3,50.0,228.9,50.0,5.6,1280.0,1000.0,78.0,43.0,83.8,100.0,880
2024-03-21T17:59:29.000000+00:00,236.7,49.9,236.2,49.9,229.0,49.9,5.6,1290.0,1000.0,78.0,43.0,83.8,100.0,880
2024-03-21T18:00:29.000000+00:00,237.5,49.9,237.5,49.9,229.0,49.9,5.6,1290.0,1000.0,78.0,43.0,83.8,100.0,880
2024-03-21T18:01:29.000000+00:00,237.7,50.0,237.8,50.0,228.9,50.0,5.6,1290.0,1010.0,78.0,43.0,83.8,100.0,880
2024-03-21T18:02:29.000000+00:00,238.3,50.0,238.3,50.0,229.0,50.0,5.6,1280.0,990.0,77.0,43.0,83.8,100.0,880
2024-03-21T18:03:29.000000+00:00,237.3,50.0,237.8,50.0,229.0,50.0,5.6,1280.0,1000.0,78.0,43.0,83.8,100.0,880
2024-03-21T18:04:29.000000+00:00,237.5,50.1,237.5,50.1,229.0,50.1,5.6,1280.0,1000.0,78.0,43.0,83.8,100.0,880
2024-03-21T18:05:29.000000+00:00,239.1,50.2,239.1,50.2,229.0,50.2,5.6,1290.0,1010.0,78.0,42.0,83.8,100.0,880
2024-03-21T18:06:29.000000+00:00,238.3,50.1,238.3,50.1,229.0,50.1,5.6,1290.0,1000.0,78.0,43.0,83.8,100.0,880
2024-03-21T18:07:29.000000+00:00,238.8,50.1,239.3,50.1,229.0,50.1,5.6,1280.0,990.0,77.0,43.0,83.8,100.0,880
2024-03-21T18:08:29.000000+00:00,235.3,50.2,235.3,50.2,228.9,50.2,5.5,1270.0,990.0,78.0,42.0,83.8,100.0,880
2024-03-21T18:09:29.000000+00:00,235.3,50.3,235.3,50.3,229.0,50.3,5.6,1280.0,1000.0,78.0,43.0,83.8,100.0,880
2024-03-21T18:10:29.000000+00:00,236.5,50.4,235.5,50.4,229.0,50.4,5.5,1270.0,1000.0,79.0,42.0,83.8,100.0,880
2024-03-21T18:11:29.000000+00:00,236.3,50.4,236.9,50.4,229.0,50.4,5.5,1260.0,990.0,79.0,42.0,83.8,100.0,880
2024-03-21T18:12:29.000000+00:00,237.6,50.3,237.6,50.3,229.0,50.3,5.6,1270.0,1000.0,79.0,42.0,83.8,100.0,880
2024-03-21T18:13:29.000000+00:00,237.9,50.3,237.5,50.3,229.0,50.3,5.5,1260.0,990.0,79.0,43.0,83.8,100.0,880
2024-03-21T18:14:29.000000+00:00,239.0,50.3,239.0,50.3,229.0,50.3,5.5,1270.0,990.0,78.0,42.0,83.8,100.0,880
2024-03-21T18:15:29.000000+00:00,238.3,50.3,238.3,50.3,229.0,50.3,5.6,1270.0,990.0,78.0,42.0,83.8,100.0,880
2024-03-21T18:16:29.000000+00:00,238.5,50.3,238.6,50.3,228.9,50.3,5.5,1270.0,990.0,78.0,42.0,83.8,100.0,880
2024-03-21T18:17:29.000000+00:00,238.8,50.2,238.4,50.2,229.0,50.2,5.5,1270.0,990.0,78.0,43.0,83.8,100.0,880
2024-03-21T18:18:29.000000+00:00,237.9,50.1,237.9,50.1,229.0,50.1,5.6,1280.0,1000.0,78.0,43.0,83.8,100.0,880
2024-03-21T18:19:29.000000+00:00,237.5,50.0,237.5,50.0,229.0,50.0,5.6,1280.0,990.0,77.0,43.0,83.9,100.0,880
2024-03-21T18:20:29.000000+00:00,238.5,50.1,238.0,50.1,229.0,50.1,5.6,1280.0,990.0,77.0,43.0,84.1,100.0,880
2024-03-21T18:21:29.000000+00:00,237.2,50.0,237.2,50.0,229.0,50.0,5.6,1290.0,1000.0,78.0,43.0,84.2,100.0,880
2024-03-21T18:22:29.000000+00:00,237.5,50.0,237.6,50.0,229.0,50.0,5.6,1280.0,990.0,77.0,43.0,84.3,100.0,880
2024-03-21T18:23:29.000000+00:00,236.5,49.9,236.4,49.9,229.0,49.9,5.7,1300.0,1010.0,78.0,43.0,84.3,100.0,880
2024-03-21T18:24:29.000000+00:00,236.9,49.8,237.3,49.8,229.0,49.8,5.6,1290.0,1000.0,78.0,43.0,84.4,100.0,880
2024-03-21T18:25:29.000000+00:00,237.9,49.9,237.9,49.9,228.9,49.9,5.6,1290.0,1000.0,78.0,43.0,84.3,100.0,880
2024-03-21T18:26:29.000000+00:00,238.4,49.9,238.4,49.9,228.9,49.9,5.7,1290.0,1000.0,78.0,43.0,84.2,100.0,880
2024-03-21T18:27:29.000000+00:00,238.2,49.9,238.2,49.9,229.0,49.9,5.6,1290.0,1000.0,78.0,43.0,84.1,100.0,880
2024-03-21T18:28:29.000000+00:00,238.2,49.8,238.2,49.8,229.0,49.8,5.7,1300.0,1010.0,78.0,43.0,84.0,100.0,880
2024-03-21T18:29:29.000000+00:00,237.7,49.8,237.7,49.8,229.0,49.8,5.7,1300.0,1010.0,78.0,43.0,84.0,100.0,880
2024-03-21T18:30:29.000000+00:00,239.4,49.9,238.9,49.9,228.9,49.9,5.6,1280.0,990.0,77.0,43.0,84.0,100.0,880
2024-03-21T18:31:29.000000+00:00,238.9,49.8,238.9,49.8,229.0,49.8,5.6,1290.0,1000.0,78.0,43.0,83.9,100.0,880
2024-03-21T18:32:29.000000+00:00,239.8,49.9,239.4,49.9,228.9,49.9,5.6,1290.0,1000.0,78.0,43.0,83.9,100.0,880
2024-03-21T18:33:29.000000+00:00,239.9,49.9,239.9,49.9,228.9,49.9,5.6,1290.0,1000.0,78.0,43.0,83.9,100.0,880
2024-03-21T18:34:29.000000+00:00,240.0,49.9,240.0,49.9,229.0,49.9,5.6,1290.0,1000.0,78.0,43.0,83.9,100.0,880
2024-03-21T18:35:29.000000+00:00,236.3,49.9,236.3,49.9,229.0,49.9,5.6,1290.0,1000.0,78.0,43.0,83.9,100.0,880
2024-03-21T18:36:29.000000+00:00,236.9,49.9,235.9,49.9,229.0,49.9,5.7,1300.0,1010.0,78.0,43.0,83.9,100.0,880
2024-03-21T18:37:29.000000+00:00,236.7,49.9,236.2,49.9,228.9,49.9,5.7,1290.0,1000.0,78.0,43.0,83.9,100.0,880
2024-03-21T18:38:29.000000+00:00,237.6,50.0,236.7,50.0,228.9,50.0,5.6,1290.0,1000.0,78.0,43.0,83.9,100.0,880
2024-03-21T18:39:29.000000+00:00,237.2,50.0,236.8,50.0,229.0,50.0,5.6,1270.0,990.0,78.0,43.0,83.9,100.0,880
2024-03-21T18:40:29.000000+00:00,237.1,49.8,237.1,49.8,229.0,49.8,5.7,1290.0,1000.0,78.0,43.0,83.9,100.0,880
2024-03-21T18:41:29.000000+00:00,237.4,49.9,237.4,49.9,229.0,49.9,5.6,1290.0,1000.0,78.0,43.0,83.9,100.0,880
2024-03-21T18:42:29.000000+00:00,237.5,50.0,237.5,50.0,229.0,50.0,5.6,1290.0,1000.0,78.0,43.0,83.9,100.0,880
2024-03-21T18:43:30.000000+00:00,239.0,50.1,238.5,50.1,229.0,50.1,5.6,1290.0,1010.0,78.0,43.0,83.8,100.0,880
2024-03-21T18:44:30.000000+00:00,239.7,50.1,239.2,50.1,229.0,50.1,5.6,1280.0,990.0,77.0,43.0,83.9,100.0,880
2024-03-21T18:45:30.000000+00:00,239.0,50.0,239.0,50.0,229.0,50.0,5.6,1290.0,1000.0,78.0,43.0,83.8,100.0,880
2024-03-21T18:46:30.000000+00:00,238.9,50.0,239.4,50.0,228.9,50.0,5.6,1280.0,1000.0,78.0,43.0,83.8,100.0,880
2024-03-21T18:47:30.000000+00:00,238.6,50.1,239.5,50.1,229.0,50.1,5.6,1280.0,1000.0,78.0,43.0,83.8,100.0,880
2024-03-21T18:48:30.000000+00:00,239.7,50.2,239.7,50.2,228.9,50.2,5.6,1280.0,1000.0,78.0,42.0,83.8,100.0,880
2024-03-21T18:49:30.000000+00:00,239.8,50.1,239.3,50.1,228.9,50.1,5.6,1280.0,1000.0,78.0,43.0,83.8,100.0,880
2024-03-21T18:50:30.000000+00:00,240.4,50.2,240.4,50.2,229.0,50.2,5.6,1270.0,990.0,78.0,43.0,83.8,100.0,880
2024-03-21T18:51:30.000000+00:00,240.6,50.1,240.2,50.1,228.9,50.1,5.6,1290.0,1010.0,78.0,43.0,83.8,100.0,880
2024-03-21T18:52:30.000000+00:00,236.7,50.2,236.7,50.3,228.9,50.3,5.6,1280.0,1000.0,78.0,42.0,83.8,100.0,880
2024-03-21T18:53:30.000000+00:00,236.5,50.3,236.0,50.3,229.0,50.3,5.6,1270.0,990.0,78.0,43.0,83.8,100.0,880
2024-03-21T18:54:30.000000+00:00,236.9,50.2,236.9,50.2,229.0,50.2,5.6,1280.0,1000.0,78.0,43.0,83.8,100.0,880
2024-03-21T18:55:30.000000+00:00,238.0,50.2,238.0,50.2,228.9,50.2,5.6,1280.0,1000.0,78.0,43.0,83.8,100.0,880
2024-03-21T18:56:30.000000+00:00,237.5,50.1,237.6,50.1,228.9,50.1,5.6,1280.0,1000.0,78.0,43.0,83.8,100.0,880
2024-03-21T18:57:30.000000+00:00,238.0,50.3,238.3,50.3,228.9,50.3,5.6,1270.0,1000.0,79.0,42.0,83.8,100.0,880
2024-03-21T18:58:30.000000+00:00,238.2,50.2,238.2,50.2,229.0,50.2,5.6,1270.0,990.0,78.0,43.0,83.8,100.0,880
2024-03-21T18:59:30.000000+00:00,238.3,50.2,239.3,50.2,229.0,50.2,5.6,1290.0,1010.0,78.0,43.0,83.8,100.0,880
2024-03-21T19:00:30.000000+00:00,239.5,50.3,239.5,50.2,229.0,50.2,5.5,1270.0,990.0,78.0,43.0,83.8,100.0,880
2024-03-21T19:01:30.000000+00:00,240.6,50.3,240.6,50.3,229.0,50.3,5.5,1270.0,1000.0,79.0,42.0,83.8,100.0,880
2024-03-21T19:02:30.000000+00:00,240.1,50.4,240.1,50.4,229.0,50.4,5.5,1270.0,990.0,78.0,42.0,83.8,100.0,880
2024-03-21T19:03:30.000000+00:00,240.2,50.5,240.2,50.5,228.9,50.5,5.5,1260.0,990.0,79.0,42.0,83.8,100.0,880
2024-03-21T19:04:30.000000+00:00,239.8,50.4,239.8,50.4,229.0,50.4,5.5,1260.0,990.0,79.0,42.0,83.8,100.0,880
2024-03-21T19:05:30.000000+00:00,240.4,50.4,240.4,50.4,229.0,50.4,5.5,1260.0,990.0,79.0,42.0,83.8,100.0,880
2024-03-21T19:06:30.000000+00:00,240.1,50.4,240.1,50.4,229.0,50.4,5.6,1280.0,1000.0,78.0,43.0,83.8,100.0,880
2024-03-21T19:07:30.000000+00:00,241.6,50.4,241.1,50.4,229.0,50.4,5.5,1260.0,990.0,79.0,42.0,83.8,100.0,880
2024-03-21T19:08:30.000000+00:00,238.2,50.5,238.2,50.4,228.9,50.4,5.5,1260.0,990.0,79.0,42.0,83.8,100.0,880
2024-03-21T19:09:30.000000+00:00,237.9,50.4,237.9,50.4,229.0,50.4,5.6,1270.0,1000.0,79.0,42.0,83.8,100.0,880
2024-03-21T19:10:30.000000+00:00,237.7,50.4,237.7,50.4,229.0,50.4,5.6,1280.0,1000.0,78.0,42.0,83.8,100.0,880
2024-03-21T19:11:30.000000+00:00,237.1,50.4,237.1,50.4,228.9,50.4,5.5,1260.0,990.0,79.0,42.0,83.8,100.0,880
2024-03-21T19:12:30.000000+00:00,238.0,50.5,239.0,50.5,229.0,50.5,5.5,1260.0,990.0,79.0,42.0,83.8,100.0,880
2024-03-21T19:13:30.000000+00:00,239.1,50.4,239.1,50.4,228.9,50.4,5.5,1260.0,990.0,79.0,42.0,83.8,100.0,880
2024-03-21T19:14:30.000000+00:00,238.3,50.3,238.3,50.3,229.0,50.3,5.5,1270.0,990.0,78.0,43.0,83.8,100.0,880
2024-03-21T19:15:30.000000+00:00,238.9,50.3,239.9,50.3,228.9,50.3,5.5,1270.0,990.0,78.0,42.0,83.8,100.0,880
2024-03-21T19:16:30.000000+00:00,239.2,50.3,239.2,50.3,229.0,50.3,5.5,1270.0,990.0,78.0,42.0,83.8,100.0,880
2024-03-21T19:17:30.000000+00:00,239.1,50.3,239.6,50.3,228.9,50.3,5.6,1270.0,990.0,78.0,43.0,83.8,100.0,880
2024-03-21T19:18:30.000000+00:00,238.4,50.0,238.4,50.0,229.0,50.0,5.6,1280.0,1000.0,78.0,43.0,83.8,100.0,880
2024-03-21T19:19:30.000000+00:00,238.7,50.0,238.6,50.0,228.9,50.0,5.6,1280.0,1000.0,78.0,43.0,83.8,100.0,880
2024-03-21T19:20:30.000000+00:00,239.8,50.1,239.8,50.1,229.0,50.1,5.6,1270.0,990.0,78.0,43.0,83.8,100.0,880
2024-03-21T19:21:30.000000+00:00,239.6,50.2,239.6,50.2,229.0,50.2,5.5,1260.0,990.0,79.0,42.0,83.8,100.0,880
2024-03-21T19:22:30.000000+00:00,241.4,50.3,241.4,50.3,229.0,50.3,5.5,1270.0,990.0,78.0,42.0,83.8,100.0,880
2024-03-21T19:23:30.000000+00:00,240.9,50.3,241.9,50.3,229.0,50.3,5.6,1270.0,1000.0,79.0,42.0,83.7,100.0,880
2024-03-21T19:24:30.000000+00:00,240.7,50.2,240.7,50.2,229.0,50.2,5.6,1280.0,1000.0,78.0,43.0,83.8,100.0,880
2024-03-21T19:25:30.000000+00:00,240.0,50.1,240.6,50.1,229.0,50.1,5.6,1290.0,1010.0,78.0,43.0,83.9,100.0,880
2024-03-21T19:26:30.000000+00:00,240.4,50.1,240.8,50.1,228.9,50.1,5.6,1290.0,1000.0,78.0,43.0,84.1,100.0,880
2024-03-21T19:27:30.000000+00:00,240.9,50.2,240.0,50.2,229.0,50.2,5.6,1280.0,990.0,77.0,42.0,84.2,100.0,880
2024-03-21T19:28:30.000000+00:00,241.1,50.1,240.7,50.1,229.0,50.1,5.6,1280.0,990.0,77.0,43.0,84.3,100.0,880
2024-03-21T19:29:30.000000+00:00,242.1,50.3,241.1,50.3,229.0,50.3,5.6,1280.0,1010.0,79.0,43.0,84.3,100.0,880
2024-03-21T19:30:30.000000+00:00,241.2,50.2,241.2,50.2,229.0,50.2,5.6,1280.0,1000.0,78.0,43.0,84.4,100.0,880
2024-03-21T19:31:30.000000+00:00,240.9,50.1,240.9,50.1,228.9,50.1,5.6,1280.0,1000.0,78.0,43.0,84.3,100.0,880
2024-03-21T19:32:30.000000+00:00,241.8,50.3,241.8,50.3,229.0,50.3,5.6,1280.0,1000.0,78.0,42.0,84.1,100.0,880
2024-03-21T19:33:30.000000+00:00,241.6,50.2,242.1,50.2,228.9,50.2,5.6,1270.0,990.0,78.0,43.0,84.1,100.0,880
2024-03-21T19:34:30.000000+00:00,237.6,50.1,237.6,50.1,228.9,50.1,5.6,1280.0,1000.0,78.0,43.0,84.0,100.0,880
2024-03-21T19:35:30.000000+00:00,236.9,50.0,236.9,50.0,228.9,50.0,5.6,1280.0,990.0,77.0,43.0,84.0,100.0,880
2024-03-21T19:36:30.000000+00:00,237.1,49.9,237.1,49.9,228.9,49.9,5.6,1290.0,1000.0,78.0,43.0,84.0,100.0,880
2024-03-21T19:37:30.000000+00:00,237.4,49.9,237.4,49.9,228.9,49.9,5.6,1290.0,1000.0,78.0,43.0,83.9,100.0,880
2024-03-21T19:38:30.000000+00:00,238.2,50.0,237.7,50.0,229.0,50.0,5.6,1280.0,1000.0,78.0,43.0,83.9,100.0,880
2024-03-21T19:39:30.000000+00:00,239.1,50.0,238.6,50.0,228.9,50.0,5.6,1280.0,990.0,77.0,43.0,83.9,100.0,880
2024-03-21T19:40:30.000000+00:00,238.6,50.0,238.3,50.0,228.9,50.0,5.6,1280.0,990.0,77.0,43.0,83.9,100.0,880
2024-03-21T19:41:30.000000+00:00,238.5,50.0,238.5,50.0,229.0,50.0,5.6,1290.0,1000.0,78.0,43.0,83.9,100.0,880
2024-03-21T19:42:30.000000+00:00,237.9,50.1,238.9,50.1,228.9,50.1,5.6,1290.0,1000.0,78.0,43.0,83.9,100.0,880
2024-03-21T19:43:30.000000+00:00,239.3,50.1,239.3,50.1,228.9,50.1,5.6,1280.0,1000.0,78.0,43.0,83.9,100.0,880
2024-03-21T19:44:30.000000+00:00,239.1,50.1,239.1,50.1,228.9,50.1,5.6,1280.0,1000.0,78.0,43.0,83.9,100.0,880
2024-03-21T19:45:30.000000+00:00,239.5,50.2,239.5,50.2,228.9,50.2,5.6,1280.0,1000.0,78.0,43.0,83.9,100.0,880
2024-03-21T19:46:30.000000+00:00,239.0,50.1,239.4,50.1,229.0,50.1,5.5,1270.0,990.0,78.0,43.0,83.9,100.0,880
2024-03-21T19:47:31.000000+00:00,240.2,50.3,240.3,50.3,229.0,50.3,5.5,1270.0,990.0,78.0,42.0,83.8,100.0,880
2024-03-21T19:48:31.000000+00:00,240.2,50.3,240.3,50.3,229.0,50.3,5.5,1270.0,990.0,78.0,42.0,83.9,100.0,880
2024-03-21T19:49:31.000000+00:00,241.7,50.3,241.7,50.3,228.9,50.3,5.6,1280.0,1000.0,78.0,42.0,83.8,100.0,880
2024-03-21T19:50:31.000000+00:00,241.2,50.3,241.2,50.3,229.0,50.3,5.6,1270.0,1000.0,79.0,42.0,83.8,100.0,880
2024-03-21T19:51:31.000000+00:00,241.8,50.3,241.8,50.3,229.0,50.3,5.5,1270.0,990.0,78.0,42.0,83.8,100.0,880
2024-03-21T19:52:31.000000+00:00,241.8,50.3,241.8,50.3,228.9,50.3,5.6,1280.0,1000.0,78.0,42.0,83.8,100.0,880
2024-03-21T19:53:31.000000+00:00,242.7,50.4,242.7,50.4,229.0,50.4,5.5,1270.0,990.0,78.0,42.0,83.8,100.0,880
2024-03-21T19:54:31.000000+00:00,237.8,50.3,237.8,50.3,228.9,50.3,5.5,1270.0,990.0,78.0,42.0,83.8,100.0,880
2024-03-21T19:55:31.000000+00:00,237.7,50.3,237.7,50.3,228.9,50.3,5.5,1270.0,990.0,78.0,42.0,83.8,100.0,880
2024-03-21T19:56:31.000000+00:00,237.9,50.3,237.9,50.3,228.9,50.3,5.6,1280.0,1000.0,78.0,43.0,83.8,100.0,880
2024-03-21T19:57:31.000000+00:00,238.3,50.4,238.8,50.4,228.9,50.4,5.5,1270.0,990.0,78.0,42.0,83.8,100.0,880
2024-03-21T19:58:31.000000+00:00,237.9,50.3,238.0,50.3,228.9,50.3,5.6,1270.0,990.0,78.0,42.0,83.8,100.0,880
2024-03-21T19:59:31.000000+00:00,236.7,50.0,237.1,50.0,228.9,50.0,5.6,1270.0,990.0,78.0,43.0,83.8,100.0,880
2024-03-21T20:00:31.000000+00:00,236.6,49.9,236.6,49.9,228.9,49.9,5.6,1290.0,1000.0,78.0,43.0,83.8,100.0,880
2024-03-21T20:01:31.000000+00:00,237.3,50.1,237.7,50.1,228.9,50.1,5.6,1280.0,990.0,77.0,42.0,83.8,100.0,880
2024-03-21T20:02:31.000000+00:00,237.4,50.0,237.4,50.0,228.9,50.0,5.6,1280.0,1000.0,78.0,43.0,83.8,100.0,880
2024-03-21T20:03:31.000000+00:00,237.2,50.1,237.7,50.1,228.9,50.1,5.6,1280.0,990.0,77.0,43.0,83.8,100.0,880
2024-03-21T20:04:31.000000+00:00,238.0,50.2,238.1,50.2,228.9,50.2,5.5,1270.0,990.0,78.0,43.0,83.8,100.0,880
2024-03-21T20:05:31.000000+00:00,237.8,50.2,237.8,50.2,228.9,50.2,5.6,1280.0,1000.0,78.0,43.0,83.8,100.0,880
2024-03-21T20:06:31.000000+00:00,238.5,50.1,238.5,50.1,228.9,50.1,5.6,1280.0,1000.0,78.0,43.0,83.8,100.0,880
2024-03-21T20:07:31.000000+00:00,238.8,50.2,238.8,50.2,228.9,50.2,5.6,1270.0,990.0,78.0,43.0,83.8,100.0,880
2024-03-21T20:08:31.000000+00:00,239.1,50.2,238.0,50.2,228.9,50.2,5.6,1270.0,990.0,78.0,43.0,83.8,100.0,880
2024-03-21T20:09:31.000000+00:00,238.1,50.2,238.5,50.2,228.9,50.2,5.5,1270.0,990.0,78.0,42.0,83.8,100.0,880
2024-03-21T20:10:31.000000+00:00,239.6,50.2,239.6,50.2,228.9,50.2,5.6,1280.0,1000.0,78.0,42.0,83.8,100.0,880
2024-03-21T20:11:31.000000+00:00,239.6,50.2,239.6,50.2,228.9,50.2,5.6,1280.0,1000.0,78.0,43.0,83.8,100.0,880
2024-03-21T20:12:31.000000+00:00,239.3,50.1,239.3,50.1,229.0,50.1,5.6,1280.0,1000.0,78.0,43.0,83.8,100.0,880
2024-03-21T20:13:31.000000+00:00,239.6,50.3,239.6,50.3,228.9,50.3,5.5,1270.0,990.0,78.0,42.0,83.8,100.0,880
2024-03-21T20:14:31.000000+00:00,238.9,50.2,238.9,50.2,228.9,50.2,5.6,1280.0,1000.0,78.0,43.0,83.8,100.0,880
2024-03-21T20:15:31.000000+00:00,239.0,50.1,239.6,50.1,229.0,50.1,5.6,1290.0,1000.0,78.0,43.0,83.8,100.0,880
2024-03-21T20:16:31.000000+00:00,239.8,50.2,240.8,50.2,229.0,50.2,5.5,1270.0,990.0,78.0,43.0,83.8,100.0,880
2024-03-21T20:17:31.000000+00:00,240.2,50.2,239.8,50.2,229.0,50.2,5.6,1270.0,990.0,78.0,43.0,83.8,100.0,880
2024-03-21T20:18:31.000000+00:00,240.4,50.2,240.4,50.2,228.9,50.2,5.6,1280.0,1000.0,78.0,43.0,83.8,100.0,880
2024-03-21T20:19:31.000000+00:00,240.2,50.2,240.2,50.2,228.9,50.2,5.6,1280.0,1000.0,78.0,43.0,83.8,100.0,880
2024-03-21T20:20:31.000000+00:00,240.4,50.3,240.4,50.3,229.0,50.3,5.6,1270.0,1000.0,79.0,42.0,83.8,100.0,880
2024-03-21T20:21:31.000000+00:00,239.8,50.2,240.3,50.2,229.0,50.2,5.5,1270.0,990.0,78.0,43.0,83.8,100.0,880
2024-03-21T20:22:31.000000+00:00,240.6,50.2,239.6,50.2,229.0,50.2,5.6,1280.0,1000.0,78.0,43.0,83.8,100.0,880
2024-03-21T20:23:31.000000+00:00,240.1,50.3,240.5,50.3,228.9,50.3,5.6,1280.0,1000.0,78.0,42.0,83.8,100.0,880
2024-03-21T20:24:31.000000+00:00,240.2,50.3,240.7,50.3,229.0,50.3,5.6,1270.0,1000.0,79.0,42.0,83.8,100.0,880
2024-03-21T20:25:31.000000+00:00,241.2,50.4,241.2,50.4,228.9,50.4,5.6,1270.0,1000.0,79.0,42.0,83.8,100.0,880
2024-03-21T20:26:31.000000+00:00,241.7,50.4,241.8,50.4,229.0,50.4,5.6,1270.0,1000.0,79.0,42.0,83.8,100.0,880
2024-03-21T20:27:31.000000+00:00,242.9,50.4,242.4,50.4,229.0,50.4,5.5,1260.0,990.0,79.0,42.0,83.8,100.0,880
2024-03-21T20:28:31.000000+00:00,241.9,50.3,241.9,50.3,228.9,50.3,5.5,1270.0,990.0,78.0,42.0,83.8,100.0,880
2024-03-21T20:29:31.000000+00:00,242.9,50.4,242.3,50.4,229.0,50.4,5.5,1270.0,990.0,78.0,42.0,83.8,100.0,880
2024-03-21T20:30:31.000000+00:00,242.6,50.4,242.6,50.4,229.0,50.4,5.5,1270.0,1000.0,79.0,42.0,83.8,100.0,880
2024-03-21T20:31:31.000000+00:00,238.7,50.4,239.3,50.4,228.9,50.4,5.5,1270.0,990.0,78.0,42.0,83.8,100.0,880
2024-03-21T20:32:31.000000+00:00,239.6,50.5,238.7,50.5,228.9,50.4,5.5,1260.0,990.0,79.0,42.0,83.8,100.0,880
2024-03-21T20:33:31.000000+00:00,239.3,50.4,239.3,50.4,228.9,50.4,5.5,1270.0,990.0,78.0,42.0,83.8,100.0,880
2024-03-21T20:34:31.000000+00:00,238.1,50.3,239.1,50.3,228.9,50.3,5.6,1280.0,1000.0,78.0,43.0,83.8,100.0,880
2024-03-21T20:35:31.000000+00:00,238.7,50.3,238.7,50.3,228.9,50.3,5.5,1270.0,990.0,78.0,43.0,83.8,100.0,880
2024-03-21T20:36:31.000000+00:00,238.3,50.1,238.3,50.1,228.9,50.1,5.6,1280.0,990.0,77.0,43.0,83.8,100.0,880
2024-03-21T20:37:31.000000+00:00,237.8,50.2,237.8,50.2,228.9,50.2,5.6,1270.0,990.0,78.0,42.0,83.8,100.0,880
2024-03-21T20:38:31.000000+00:00,238.3,50.1,238.3,50.1,228.9,50.1,5.6,1290.0,1010.0,78.0,43.0,83.8,100.0,880
2024-03-21T20:39:31.000000+00:00,238.2,50.1,237.8,50.1,228.9,50.1,5.6,1280.0,990.0,77.0,43.0,83.8,100.0,880
2024-03-21T20:40:31.000000+00:00,238.5,50.1,238.5,50.1,228.9,50.1,5.6,1280.0,990.0,77.0,43.0,83.8,100.0,880
2024-03-21T20:41:31.000000+00:00,238.3,50.2,239.3,50.2,228.9,50.2,5.6,1280.0,1000.0,78.0,42.0,83.8,100.0,880
2024-03-21T20:42:31.000000+00:00,238.7,50.1,238.6,50.1,228.9,50.1,5.6,1270.0,990.0,78.0,42.0,83.8,100.0,880
2024-03-21T20:43:31.000000+00:00,238.3,50.1,239.3,50.1,229.0,50.1,5.6,1280.0,1000.0,78.0,43.0,83.8,100.0,880
2024-03-21T20:44:31.000000+00:00,239.0,50.1,239.0,50.1,228.9,50.1,5.6,1280.0,1000.0,78.0,43.0,83.8,100.0,880
2024-03-21T20:45:32.000000+00:00,239.8,50.2,239.3,50.2,228.9,50.2,5.6,1290.0,1000.0,78.0,42.0,83.8,100.0,880
2024-03-21T20:46:32.000000+00:00,238.3,49.9,238.2,49.9,228.9,49.9,5.6,1280.0,990.0,77.0,43.0,83.8,100.0,880
2024-03-21T20:47:32.000000+00:00,239.0,50.0,238.5,50.0,229.0,50.0,5.6,1290.0,1000.0,78.0,43.0,83.8,100.0,880
2024-03-21T20:48:32.000000+00:00,237.9,50.0,238.3,50.0,228.9,50.0,5.6,1280.0,1000.0,78.0,43.0,83.8,100.0,880
2024-03-21T20:49:32.000000+00:00,237.8,49.8,238.9,49.8,228.9,49.9,5.7,1300.0,1010.0,78.0,43.0,83.7,100.0,880
2024-03-21T20:50:32.000000+00:00,237.8,49.8,237.8,49.8,228.9,49.8,5.6,1290.0,1000.0,78.0,43.0,83.8,100.0,880
2024-03-21T20:51:32.000000+00:00,239.1,50.0,239.1,50.0,228.9,50.0,5.6,1290.0,990.0,77.0,43.0,83.8,100.0,880
2024-03-21T20:52:32.000000+00:00,238.3,49.9,238.3,49.9,228.9,49.9,5.6,1290.0,990.0,77.0,43.0,83.8,100.0,880
2024-03-21T20:53:32.000000+00:00,239.0,49.9,239.0,49.9,228.9,49.9,5.7,1300.0,1010.0,78.0,43.0,83.8,100.0,880
2024-03-21T20:54:32.000000+00:00,239.3,50.0,239.3,50.0,228.9,50.0,5.6,1280.0,1000.0,78.0,43.0,83.8,100.0,880
2024-03-21T20:55:32.000000+00:00,239.4,50.0,239.4,50.0,228.9,50.0,5.6,1290.0,1000.0,78.0,43.0,83.8,100.0,880
2024-03-21T20:56:32.000000+00:00,238.4,49.9,238.9,49.9,229.0,49.9,5.6,1280.0,990.0,77.0,43.0,83.8,100.0,880
2024-03-21T20:57:32.000000+00:00,239.0,49.8,239.0,49.8,228.9,49.8,5.7,1300.0,1000.0,77.0,43.0,83.8,100.0,880
2024-03-21T20:58:32.000000+00:00,238.7,49.8,238.7,49.8,229.0,49.8,5.6,1290.0,1000.0,78.0,43.0,83.8,100.0,880
2024-03-21T20:59:32.000000+00:00,238.1,49.8,238.6,49.8,229.0,49.8,5.7,1290.0,1000.0,78.0,43.0,83.7,100.0,880
2024-03-21T21:00:32.000000+00:00,239.5,49.8,239.0,49.8,229.0,49.8,5.7,1300.0,1000.0,77.0,43.0,83.8,100.0,880
2024-03-21T21:01:32.000000+00:00,239.5,50.0,239.5,50.0,228.9,50.0,5.6,1280.0,1000.0,78.0,43.0,83.8,100.0,880
2024-03-21T21:02:32.000000+00:00,239.2,49.9,239.2,49.9,228.9,49.9,5.6,1290.0,1000.0,78.0,43.0,83.8,100.0,880
2024-03-21T21:03:32.000000+00:00,240.3,50.1,240.3,50.1,228.9,50.0,5.6,1290.0,1000.0,78.0,43.0,83.7,100.0,880
2024-03-21T21:04:32.000000+00:00,239.3,49.9,239.3,49.9,228.9,49.9,5.6,1290.0,1000.0,78.0,43.0,83.8,100.0,880
2024-03-21T21:05:32.000000+00:00,240.0,49.9,239.7,49.9,228.9,49.9,5.6,1280.0,990.0,77.0,43.0,83.7,100.0,880
2024-03-21T21:06:32.000000+00:00,238.9,49.8,239.9,49.8,229.0,49.8,5.6,1290.0,1000.0,78.0,43.0,83.8,100.0,880
2024-03-21T21:07:32.000000+00:00,239.7,49.8,239.5,49.8,228.9,49.8,5.7,1300.0,1000.0,77.0,43.0,83.8,100.0,880
2024-03-21T21:08:32.000000+00:00,240.0,49.8,240.0,49.8,228.9,49.8,5.6,1290.0,1000.0,78.0,43.0,83.9,100.0,880
2024-03-21T21:09:32.000000+00:00,240.4,49.8,239.5,49.8,229.0,49.8,5.6,1290.0,1000.0,78.0,43.0,84.1,100.0,880
2024-03-21T21:10:32.000000+00:00,239.5,49.9,239.6,49.9,228.9,49.9,5.6,1280.0,990.0,77.0,43.0,84.2,100.0,880
2024-03-21T21:11:32.000000+00:00,239.9,49.9,240.0,49.9,229.0,49.9,5.6,1290.0,1000.0,78.0,43.0,84.3,100.0,880
2024-03-21T21:12:32.000000+00:00,240.4,49.9,240.4,49.9,228.9,49.9,5.6,1290.0,1000.0,78.0,43.0,84.3,100.0,880
2024-03-21T21:13:32.000000+00:00,240.3,49.9,240.2,49.9,229.0,49.9,5.6,1290.0,1000.0,78.0,43.0,84.4,100.0,880
2024-03-21T21:14:32.000000+00:00,240.9,49.9,239.9,49.9,229.0,49.9,5.6,1280.0,1000.0,78.0,43.0,84.2,100.0,880
2024-03-21T21:15:32.000000+00:00,240.2,49.9,240.2,49.9,228.9,49.9,5.6,1290.0,1000.0,78.0,43.0,84.2,100.0,880
2024-03-21T21:16:32.000000+00:00,241.3,49.9,241.3,49.9,229.0,49.9,5.6,1280.0,990.0,77.0,43.0,84.1,100.0,880
2024-03-21T21:17:32.000000+00:00,241.4,49.9,240.8,49.9,229.0,49.9,5.6,1290.0,1000.0,78.0,43.0,84.0,100.0,880
2024-03-21T21:18:32.000000+00:00,240.5,49.9,240.4,49.9,229.0,49.9,5.6,1290.0,1000.0,78.0,43.0,84.0,100.0,880
2024-03-21T21:19:32.000000+00:00,240.3,49.9,240.3,49.9,229.0,49.9,5.6,1290.0,1000.0,78.0,43.0,83.9,100.0,880
2024-03-21T21:20:32.000000+00:00,240.9,49.9,240.0,49.9,229.0,49.9,5.6,1290.0,1000.0,78.0,43.0,83.9,100.0,880
2024-03-21T21:21:32.000000+00:00,240.7,49.8,240.7,49.8,229.0,49.8,5.6,1290.0,1000.0,78.0,43.0,83.9,100.0,880
2024-03-21T21:22:32.000000+00:00,241.4,49.9,240.9,49.9,228.9,49.9,5.6,1290.0,1000.0,78.0,43.0,83.9,100.0,880
2024-03-21T21:23:32.000000+00:00,240.7,49.9,241.6,49.9,229.0,49.9,5.6,1280.0,990.0,77.0,43.0,83.9,100.0,880
2024-03-21T21:24:32.000000+00:00,241.6,49.9,241.6,49.9,229.0,49.9,5.7,1300.0,1010.0,78.0,43.0,83.9,100.0,880
2024-03-21T21:25:32.000000+00:00,241.8,50.0,241.8,50.0,229.0,50.0,5.6,1280.0,1000.0,78.0,43.0,83.9,100.0,880
2024-03-21T21:26:32.000000+00:00,241.3,49.9,241.3,49.9,229.0,49.9,5.6,1290.0,1000.0,78.0,43.0,83.9,100.0,880
2024-03-21T21:27:32.000000+00:00,241.1,49.9,241.1,49.9,228.9,49.9,5.6,1290.0,1000.0,78.0,43.0,83.9,100.0,880
2024-03-21T21:28:32.000000+00:00,241.4,50.0,242.3,50.0,229.0,50.0,5.6,1280.0,1000.0,78.0,43.0,83.9,100.0,880
2024-03-21T21:29:32.000000+00:00,241.3,49.9,241.3,49.9,229.0,49.9,5.6,1290.0,1000.0,78.0,43.0,83.8,100.0,880
2024-03-21T21:30:32.000000+00:00,241.1,49.9,241.1,49.9,228.9,49.9,5.6,1290.0,1000.0,78.0,43.0,83.9,100.0,880
2024-03-21T21:31:32.000000+00:00,241.3,50.1,241.8,50.1,229.0,50.1,5.6,1290.0,1010.0,78.0,43.0,83.9,100.0,880
2024-03-21T21:32:32.000000+00:00,242.3,50.1,242.5,50.1,229.0,50.1,5.6,1280.0,1000.0,78.0,43.0,83.9,100.0,880
2024-03-21T21:33:32.000000+00:00,241.9,50.1,242.9,50.1,228.9,50.1,5.6,1290.0,1000.0,78.0,43.0,83.9,100.0,880
2024-03-21T21:34:32.000000+00:00,242.3,50.1,242.8,50.1,228.9,50.1,5.6,1290.0,1000.0,78.0,43.0,83.9,100.0,880
2024-03-21T21:35:32.000000+00:00,242.2,50.0,242.2,50.0,228.9,50.0,5.6,1290.0,1000.0,78.0,43.0,83.8,100.0,880
2024-03-21T21:36:33.000000+00:00,242.8,50.1,242.8,50.1,228.9,50.1,5.6,1270.0,990.0,78.0,43.0,83.9,100.0,880
2024-03-21T21:37:33.000000+00:00,242.0,50.0,242.0,50.0,229.0,50.0,5.6,1290.0,1000.0,78.0,43.0,83.8,100.0,880
2024-03-21T21:38:33.000000+00:00,243.1,50.1,243.1,50.1,228.9,50.1,5.6,1270.0,990.0,78.0,43.0,83.8,100.0,880
2024-03-21T21:39:33.000000+00:00,243.2,50.2,243.2,50.2,229.0,50.2,5.5,1270.0,990.0,78.0,43.0,83.8,100.0,880
2024-03-21T21:40:33.000000+00:00,242.6,50.1,242.6,50.1,229.0,50.1,5.6,1280.0,1000.0,78.0,43.0,83.8,100.0,880
2024-03-21T21:41:33.000000+00:00,242.9,50.0,242.4,50.0,228.9,50.0,5.6,1290.0,1000.0,78.0,43.0,83.8,100.0,880
2024-03-21T21:42:33.000000+00:00,243.1,50.1,242.9,50.1,229.0,50.1,5.6,1280.0,990.0,77.0,43.0,83.9,100.0,880
2024-03-21T21:43:33.000000+00:00,242.4,50.0,242.4,50.0,229.0,50.0,5.6,1280.0,990.0,77.0,43.0,83.8,100.0,880
2024-03-21T21:44:33.000000+00:00,242.9,50.0,242.4,50.0,228.9,50.0,5.6,1290.0,1000.0,78.0,43.0,83.8,100.0,880
2024-03-21T21:45:33.000000+00:00,243.2,50.1,243.2,50.1,228.9,50.1,5.6,1280.0,990.0,77.0,43.0,83.8,100.0,880
2024-03-21T21:46:33.000000+00:00,242.4,50.0,242.8,50.0,229.0,50.0,5.6,1280.0,990.0,77.0,43.0,83.8,100.0,880
2024-03-21T21:47:33.000000+00:00,242.3,50.1,242.7,50.1,229.0,50.1,5.6,1280.0,990.0,77.0,43.0,83.8,100.0,880
2024-03-21T21:48:33.000000+00:00,242.4,50.2,242.4,50.2,229.0,50.2,5.6,1280.0,1000.0,78.0,42.0,83.8,100.0,880
2024-03-21T21:49:33.000000+00:00,242.2,50.0,242.2,50.0,229.0,50.0,5.6,1280.0,1000.0,78.0,43.0,83.8,100.0,880
2024-03-21T21:50:33.000000+00:00,242.8,50.1,243.3,50.1,228.9,50.1,5.6,1290.0,1000.0,78.0,43.0,83.8,100.0,880
2024-03-21T21:51:33.000000+00:00,243.1,50.0,242.1,50.1,229.0,50.1,5.6,1280.0,1000.0,78.0,43.0,83.8,100.0,880
2024-03-21T21:52:33.000000+00:00,242.5,50.0,241.9,50.0,228.9,50.0,5.6,1280.0,1000.0,78.0,43.0,83.8,100.0,880
2024-03-21T21:53:33.000000+00:00,242.2,50.1,242.2,50.1,228.9,50.1,5.6,1280.0,990.0,77.0,43.0,83.8,100.0,880
2024-03-21T21:54:33.000000+00:00,242.6,50.1,242.6,50.1,229.0,50.1,5.6,1290.0,1000.0,78.0,43.0,83.8,100.0,880
2024-03-21T21:55:33.000000+00:00,242.7,50.1,242.7,50.2,229.0,50.2,5.6,1270.0,990.0,78.0,43.0,83.8,100.0,880
2024-03-21T21:56:33.000000+00:00,242.6,50.1,242.2,50.1,228.9,50.1,5.6,1270.0,990.0,78.0,42.0,83.8,100.0,880
2024-03-21T21:57:33.000000+00:00,243.1,50.3,243.1,50.3,229.0,50.3,5.5,1270.0,990.0,78.0,42.0,83.8,100.0,880
2024-03-21T21:58:33.000000+00:00,242.4,50.1,242.8,50.1,228.9,50.2,5.6,1280.0,1000.0,78.0,43.0,83.8,100.0,880
2024-03-21T21:59:33.000000+00:00,242.3,50.1,242.3,50.1,229.0,50.1,5.5,1270.0,990.0,78.0,43.0,83.8,100.0,880
2024-03-21T22:00:33.000000+00:00,242.4,50.1,242.4,50.1,229.0,50.1,5.6,1280.0,990.0,77.0,43.0,83.8,100.0,880
2024-03-21T22:01:33.000000+00:00,242.6,50.2,242.6,50.2,228.9,50.2,5.6,1280.0,1000.0,78.0,42.0,83.8,100.0,880
2024-03-21T22:02:33.000000+00:00,238.9,50.1,238.9,50.1,228.9,50.1,5.6,1280.0,1000.0,78.0,43.0,83.8,100.0,880
2024-03-21T22:03:33.000000+00:00,238.4,50.1,238.9,50.1,228.9,50.1,5.6,1280.0,1000.0,78.0,42.0,83.8,100.0,880
2024-03-21T22:04:33.000000+00:00,239.0,50.0,238.6,50.0,228.9,50.0,5.6,1280.0,990.0,77.0,43.0,83.8,100.0,880
2024-03-21T22:05:33.000000+00:00,237.7,50.0,238.1,50.0,228.9,50.0,5.6,1280.0,990.0,77.0,43.0,83.8,100.0,880
2024-03-21T22:06:33.000000+00:00,238.5,49.9,238.5,49.9,228.9,49.9,5.6,1290.0,1000.0,78.0,43.0,83.8,100.0,880
2024-03-21T22:07:33.000000+00:00,238.5,50.0,238.5,50.0,228.9,50.0,5.6,1280.0,990.0,77.0,43.0,83.8,100.0,880
2024-03-21T22:08:33.000000+00:00,237.6,49.9,238.0,49.9,228.9,49.9,5.6,1290.0,1000.0,78.0,43.0,83.8,100.0,880
2024-03-21T22:09:33.000000+00:00,238.6,50.1,238.2,50.1,228.9,50.1,5.6,1290.0,1010.0,78.0,43.0,83.8,100.0,880
2024-03-21T22:10:33.000000+00:00,238.5,50.0,238.5,50.0,228.9,50.0,5.6,1280.0,1000.0,78.0,43.0,83.8,100.0,880
2024-03-21T22:11:33.000000+00:00,239.4,50.1,239.0,50.1,228.9,50.1,5.6,1280.0,1000.0,78.0,43.0,83.8,100.0,880
2024-03-21T22:12:33.000000+00:00,238.8,50.2,239.8,50.2,228.9,50.2,5.5,1270.0,990.0,78.0,42.0,83.8,100.0,880
2024-03-21T22:13:33.000000+00:00,238.7,50.1,238.7,50.1,228.9,50.1,5.6,1280.0,1000.0,78.0,43.0,83.8,100.0,880
2024-03-21T22:14:33.000000+00:00,239.3,50.2,239.3,50.2,228.9,50.2,5.6,1280.0,1000.0,78.0,43.0,83.8,100.0,880
2024-03-21T22:15:33.000000+00:00,239.4,50.1,239.4,50.1,228.9,50.1,5.6,1280.0,990.0,77.0,43.0,83.8,100.0,880
2024-03-21T22:16:33.000000+00:00,239.7,50.3,239.7,50.3,228.9,50.3,5.5,1270.0,990.0,78.0,42.0,83.8,100.0,880
2024-03-21T22:17:33.000000+00:00,239.3,50.2,239.3,50.2,228.9,50.2,5.6,1280.0,1000.0,78.0,43.0,83.8,100.0,880
2024-03-21T22:18:33.000000+00:00,239.3,50.2,239.3,50.2,228.9,50.2,5.6,1280.0,1000.0,78.0,43.0,83.8,100.0,880
2024-03-21T22:19:33.000000+00:00,239.6,50.3,239.6,50.3,228.9,50.3,5.5,1270.0,990.0,78.0,42.0,83.8,100.0,880
2024-03-21T22:20:33.000000+00:00,238.8,50.2,239.8,50.2,228.9,50.2,5.6,1290.0,1010.0,78.0,42.0,83.8,100.0,880
2024-03-21T22:21:33.000000+00:00,239.5,50.3,239.5,50.3,228.9,50.3,5.5,1260.0,990.0,79.0,42.0,83.8,100.0,880
2024-03-21T22:22:33.000000+00:00,240.3,50.3,240.3,50.3,228.9,50.3,5.5,1270.0,990.0,78.0,42.0,83.8,100.0,880
2024-03-21T22:23:33.000000+00:00,240.4,50.4,240.3,50.4,228.9,50.4,5.5,1270.0,990.0,78.0,42.0,83.8,100.0,880
2024-03-21T22:24:33.000000+00:00,241.0,50.3,241.0,50.3,228.9,50.3,5.6,1270.0,1000.0,79.0,42.0,83.8,100.0,880
2024-03-21T22:25:33.000000+00:00,239.8,50.3,240.3,50.3,228.9,50.3,5.5,1270.0,1000.0,79.0,42.0,83.8,100.0,880
2024-03-21T22:26:33.000000+00:00,240.6,50.4,240.1,50.4,228.9,50.4,5.5,1270.0,990.0,78.0,42.0,83.8,100.0,880
2024-03-21T22:27:33.000000+00:00,239.7,50.1,239.1,50.1,228.9,50.1,5.5,1270.0,990.0,78.0,43.0,83.8,100.0,880
2024-03-21T22:28:33.000000+00:00,239.2,50.2,239.6,50.2,228.9,50.2,5.5,1270.0,990.0,78.0,43.0,83.8,100.0,880
2024-03-21T22:29:33.000000+00:00,240.1,50.2,240.1,50.2,228.9,50.2,5.6,1270.0,990.0,78.0,43.0,83.8,100.0,880
2024-03-21T22:30:33.000000+00:00,239.3,50.2,239.7,50.2,228.9,50.2,5.6,1280.0,990.0,77.0,43.0,83.8,100.0,880
2024-03-21T22:31:33.000000+00:00,239.6,50.1,239.6,50.1,228.9,50.1,5.6,1280.0,1000.0,78.0,43.0,83.8,100.0,880
2024-03-21T22:32:33.000000+00:00,239.3,50.1,239.3,50.1,228.9,50.1,5.6,1280.0,990.0,77.0,43.0,83.8,100.0,880
2024-03-21T22:33:33.000000+00:00,239.7,50.1,239.8,50.1,228.9,50.1,5.6,1280.0,990.0,77.0,43.0,83.8,100.0,880
2024-03-21T22:34:33.000000+00:00,239.2,50.1,239.7,50.1,228.9,50.1,5.6,1280.0,990.0,77.0,43.0,83.8,100.0,880
2024-03-21T22:35:33.000000+00:00,240.3,50.2,240.3,50.2,228.9,50.2,5.6,1280.0,1000.0,78.0,42.0,83.8,100.0,880
2024-03-21T22:36:33.000000+00:00,239.8,50.2,240.3,50.2,228.9,50.2,5.5,1270.0,990.0,78.0,43.0,83.8,100.0,880
2024-03-21T22:37:33.000000+00:00,241.2,50.3,240.2,50.3,229.0,50.3,5.5,1270.0,990.0,78.0,42.0,83.8,100.0,880
2024-03-21T22:38:33.000000+00:00,240.0,50.3,240.0,50.3,228.9,50.3,5.6,1270.0,1000.0,79.0,42.0,83.8,100.0,880
2024-03-21T22:39:34.000000+00:00,240.8,50.3,240.8,50.3,229.0,50.3,5.5,1270.0,990.0,78.0,42.0,83.8,100.0,880
2024-03-21T22:40:34.000000+00:00,240.1,50.3,240.1,50.3,229.0,50.3,5.5,1270.0,1000.0,79.0,42.0,83.8,100.0,880
2024-03-21T22:41:34.000000+00:00,241.4,50.2,241.4,50.2,228.9,50.2,5.5,1270.0,990.0,78.0,42.0,83.8,100.0,880
2024-03-21T22:42:34.000000+00:00,240.8,50.2,240.4,50.2,229.0,50.2,5.6,1280.0,990.0,77.0,43.0,83.8,100.0,880
2024-03-21T22:43:34.000000+00:00,241.4,50.2,240.5,50.2,228.9,50.2,5.6,1280.0,1000.0,78.0,43.0,83.8,100.0,880
2024-03-21T22:44:34.000000+00:00,241.1,50.2,241.6,50.2,229.0,50.2,5.6,1270.0,990.0,78.0,43.0,83.8,100.0,880
2024-03-21T22:45:34.000000+00:00,240.5,50.2,240.9,50.2,228.9,50.2,5.5,1270.0,1000.0,79.0,42.0,83.8,100.0,880
2024-03-21T22:46:34.000000+00:00,241.2,50.2,242.1,50.2,229.0,50.2,5.6,1270.0,990.0,78.0,42.0,83.8,100.0,880
2024-03-21T22:47:34.000000+00:00,241.8,50.2,241.8,50.2,228.9,50.2,5.5,1270.0,990.0,78.0,43.0,83.8,100.0,880
2024-03-21T22:48:34.000000+00:00,242.6,50.3,242.6,50.3,229.0,50.3,5.5,1270.0,990.0,78.0,42.0,83.8,100.0,880
2024-03-21T22:49:34.000000+00:00,241.6,50.1,241.6,50.1,228.9,50.1,5.6,1270.0,990.0,78.0,42.0,83.8,100.0,880
2024-03-21T22:50:34.000000+00:00,242.0,50.2,242.0,50.2,229.0,50.2,5.5,1270.0,990.0,78.0,42.0,83.8,100.0,880
2024-03-21T22:51:34.000000+00:00,242.2,50.2,242.2,50.2,228.9,50.2,5.6,1270.0,990.0,78.0,42.0,83.8,100.0,880
2024-03-21T22:52:34.000000+00:00,241.4,50.3,242.4,50.3,229.0,50.3,5.5,1270.0,990.0,78.0,42.0,83.8,100.0,880
2024-03-21T22:53:34.000000+00:00,241.0,50.2,240.9,50.2,228.9,50.2,5.5,1270.0,990.0,78.0,43.0,83.8,100.0,880
2024-03-21T22:54:34.000000+00:00,241.6,49.9,241.2,49.9,228.9,49.9,5.6,1290.0,1000.0,78.0,43.0,83.8,100.0,880
2024-03-21T22:55:34.000000+00:00,241.4,50.0,240.9,50.0,228.9,50.0,5.6,1290.0,1000.0,78.0,43.0,83.8,100.0,880
2024-03-21T22:56:34.000000+00:00,240.9,50.0,240.9,50.0,229.0,50.0,5.6,1280.0,1000.0,78.0,43.0,83.8,100.0,880
2024-03-21T22:57:34.000000+00:00,241.4,50.1,242.3,50.1,229.0,50.1,5.6,1280.0,1000.0,78.0,43.0,83.8,100.0,880
2024-03-21T22:58:34.000000+00:00,241.9,50.1,242.0,50.1,229.0,50.1,5.6,1290.0,1000.0,78.0,43.0,83.8,100.0,880
2024-03-21T22:59:34.000000+00:00,241.9,50.1,242.0,50.1,229.0,50.1,5.6,1280.0,990.0,77.0,42.0,83.8,100.0,880
2024-03-21T23:00:34.000000+00:00,242.1,50.1,241.7,50.1,229.0,50.1,5.6,1280.0,990.0,77.0,43.0,83.8,100.0,880
2024-03-21T23:01:34.000000+00:00,243.0,50.2,243.0,50.2,229.0,50.2,5.6,1280.0,990.0,77.0,42.0,83.8,100.0,880
2024-03-21T23:02:34.000000+00:00,242.4,50.1,242.5,50.1,229.0,50.1,5.6,1290.0,1000.0,78.0,43.0,83.8,100.0,880
2024-03-21T23:03:34.000000+00:00,242.2,50.1,242.2,50.1,229.0,50.1,5.6,1270.0,990.0,78.0,43.0,83.8,100.0,880
2024-03-21T23:04:34.000000+00:00,241.8,50.1,241.8,50.1,229.0,50.1,5.6,1280.0,990.0,77.0,43.0,83.8,100.0,880
2024-03-21T23:05:34.000000+00:00,242.3,50.2,242.3,50.2,229.0,50.2,5.6,1280.0,1000.0,78.0,42.0,83.8,100.0,880
2024-03-21T23:06:34.000000+00:00,243.0,50.2,243.0,50.2,229.0,50.2,5.5,1270.0,990.0,78.0,43.0,83.8,100.0,880
2024-03-21T23:07:34.000000+00:00,243.1,50.3,243.1,50.3,229.0,50.3,5.5,1270.0,990.0,78.0,42.0,83.8,100.0,880
2024-03-21T23:08:34.000000+00:00,243.1,50.3,242.2,50.3,229.0,50.3,5.6,1270.0,990.0,78.0,42.0,83.8,100.0,880
2024-03-21T23:09:34.000000+00:00,242.4,50.2,242.4,50.2,229.0,50.2,5.5,1270.0,990.0,78.0,42.0,83.8,100.0,880
2024-03-21T23:10:34.000000+00:00,241.5,50.2,240.7,50.2,228.9,50.2,5.6,1280.0,1000.0,78.0,43.0,83.8,100.0,880
2024-03-21T23:11:34.000000+00:00,241.3,50.2,241.4,50.2,229.0,50.2,5.5,1270.0,990.0,78.0,42.0,83.8,100.0,880
2024-03-21T23:12:34.000000+00:00,241.3,50.3,242.2,50.3,228.9,50.3,5.5,1270.0,990.0,78.0,42.0,83.8,100.0,880
2024-03-21T23:13:34.000000+00:00,241.9,50.3,241.0,50.3,228.9,50.3,5.5,1270.0,990.0,78.0,43.0,83.8,100.0,880
2024-03-21T23:14:34.000000+00:00,241.6,50.3,240.7,50.3,228.9,50.3,5.5,1270.0,990.0,78.0,42.0,83.8,100.0,880
2024-03-21T23:15:34.000000+00:00,240.6,50.3,240.6,50.3,228.9,50.3,5.6,1280.0,1000.0,78.0,42.0,83.8,100.0,880
2024-03-21T23:16:34.000000+00:00,241.6,50.4,241.6,50.4,229.0,50.4,5.5,1270.0,990.0,78.0,42.0,83.8,100.0,880
2024-03-21T23:17:34.000000+00:00,240.8,50.3,241.0,50.3,228.9,50.3,5.5,1270.0,990.0,78.0,43.0,83.8,100.0,880
2024-03-21T23:18:34.000000+00:00,241.5,50.3,241.5,50.3,228.9,50.3,5.5,1270.0,990.0,78.0,42.0,83.8,100.0,880
2024-03-21T23:19:34.000000+00:00,240.9,50.3,240.7,50.3,228.9,50.3,5.5,1270.0,990.0,78.0,42.0,83.8,100.0,880
2024-03-21T23:20:34.000000+00:00,241.4,50.3,241.4,50.3,228.9,50.3,5.5,1270.0,990.0,78.0,42.0,83.8,100.0,880
2024-03-21T23:21:34.000000+00:00,241.0,50.2,241.0,50.2,229.0,50.2,5.6,1270.0,990.0,78.0,42.0,83.8,100.0,880
2024-03-21T23:22:34.000000+00:00,242.1,50.3,241.6,50.3,229.0,50.3,5.5,1270.0,990.0,78.0,42.0,83.8,100.0,880
2024-03-21T23:23:34.000000+00:00,242.6,50.4,242.6,50.4,229.0,50.4,5.5,1260.0,990.0,79.0,42.0,83.8,100.0,880
2024-03-21T23:24:34.000000+00:00,241.3,50.2,241.3,50.2,228.9,50.2,5.5,1270.0,990.0,78.0,43.0,83.8,100.0,880
2024-03-21T23:25:34.000000+00:00,242.0,50.3,241.6,50.3,229.0,50.3,5.6,1280.0,990.0,77.0,42.0,83.8,100.0,880
2024-03-21T23:26:34.000000+00:00,242.5,50.3,241.9,50.3,229.0,50.3,5.6,1270.0,990.0,78.0,42.0,83.8,100.0,880
2024-03-21T23:27:34.000000+00:00,240.4,50.1,240.4,50.1,228.9,50.0,5.6,1280.0,990.0,77.0,43.0,83.8,100.0,880
2024-03-21T23:28:34.000000+00:00,240.6,50.2,241.6,50.2,229.0,50.2,5.5,1270.0,990.0,78.0,42.0,83.8,100.0,880
2024-03-21T23:29:34.000000+00:00,241.0,50.1,241.0,50.1,228.9,50.1,5.6,1280.0,990.0,77.0,42.0,83.8,100.0,880
2024-03-21T23:30:34.000000+00:00,240.8,50.1,240.7,50.1,228.9,50.1,5.6,1270.0,990.0,78.0,43.0,83.8,100.0,880
2024-03-21T23:31:34.000000+00:00,241.6,50.1,241.6,50.1,229.0,50.1,5.6,1280.0,1000.0,78.0,43.0,83.8,100.0,880
2024-03-21T23:32:34.000000+00:00,241.8,50.2,241.8,50.2,229.0,50.2,5.6,1290.0,1000.0,78.0,43.0,83.8,100.0,880
2024-03-21T23:33:34.000000+00:00,241.3,50.1,241.3,50.1,228.9,50.1,5.6,1270.0,990.0,78.0,43.0,83.8,100.0,880
2024-03-21T23:34:34.000000+00:00,241.9,50.3,241.5,50.3,229.0,50.3,5.6,1270.0,1000.0,79.0,42.0,83.8,100.0,880
2024-03-21T23:35:35.000000+00:00,242.3,50.3,242.3,50.3,229.0,50.3,5.5,1260.0,990.0,79.0,42.0,83.8,100.0,880
2024-03-21T23:36:35.000000+00:00,242.1,50.2,242.1,50.2,229.0,50.2,5.6,1270.0,990.0,78.0,43.0,83.8,100.0,880
2024-03-21T23:37:35.000000+00:00,242.0,50.2,241.5,50.2,229.0,50.2,5.5,1270.0,990.0,78.0,42.0,83.8,100.0,880
2024-03-21T23:38:35.000000+00:00,241.8,50.1,241.3,50.1,229.0,50.1,5.6,1290.0,1000.0,78.0,43.0,83.8,100.0,880
2024-03-21T23:39:35.000000+00:00,242.3,50.2,241.8,50.2,228.9,50.2,5.5,1270.0,990.0,78.0,42.0,83.8,100.0,880
2024-03-21T23:40:35.000000+00:00,242.0,50.1,241.5,50.1,229.0,50.1,5.6,1270.0,990.0,78.0,42.0,83.8,100.0,880
2024-03-21T23:41:35.000000+00:00,242.0,50.1,242.0,50.1,228.9,50.1,5.6,1280.0,990.0,77.0,42.0,83.8,100.0,880
2024-03-21T23:42:35.000000+00:00,242.0,50.1,242.1,50.1,228.9,50.1,5.6,1280.0,1000.0,78.0,42.0,83.8,100.0,880
2024-03-21T23:43:35.000000+00:00,242.5,50.1,242.6,50.1,229.0,50.1,5.6,1280.0,1000.0,78.0,43.0,83.8,100.0,880
2024-03-21T23:44:35.000000+00:00,241.7,50.2,242.6,50.2,228.9,50.2,5.5,1270.0,990.0,78.0,42.0,83.8,100.0,880
2024-03-21T23:45:35.000000+00:00,242.6,50.3,243.1,50.3,228.9,50.3,5.5,1270.0,990.0,78.0,42.0,83.8,100.0,880
2024-03-21T23:46:35.000000+00:00,242.4,50.2,242.5,50.2,228.9,50.2,5.6,1280.0,1000.0,78.0,42.0,83.8,100.0,880
2024-03-21T23:47:35.000000+00:00,241.9,50.1,242.0,50.1,229.0,50.1,5.6,1270.0,990.0,78.0,43.0,83.8,100.0,880
2024-03-21T23:48:35.000000+00:00,241.6,50.0,241.6,50.0,229.0,50.0,5.6,1280.0,990.0,77.0,43.0,83.8,100.0,880
2024-03-21T23:49:35.000000+00:00,241.6,50.1,242.5,50.1,229.0,50.1,5.6,1280.0,1000.0,78.0,43.0,83.8,100.0,880
2024-03-21T23:50:35.000000+00:00,242.5,50.1,243.0,50.1,228.9,50.1,5.6,1280.0,1000.0,78.0,42.0,83.8,100.0,880
2024-03-21T23:51:35.000000+00:00,242.6,50.1,242.6,50.1,228.9,50.1,5.6,1290.0,1010.0,78.0,43.0,83.8,100.0,880
2024-03-21T23:52:35.000000+00:00,242.2,50.0,242.2,50.0,229.0,50.0,5.6,1290.0,1000.0,78.0,43.0,83.8,100.0,880
2024-03-21T23:53:35.000000+00:00,242.5,50.1,241.5,50.1,228.9,50.1,5.6,1280.0,990.0,77.0,43.0,83.8,100.0,880
2024-03-21T23:54:35.000000+00:00,242.3,50.2,242.3,50.2,229.0,50.2,5.5,1270.0,990.0,78.0,43.0,83.8,100.0,880
2024-03-21T23:55:35.000000+00:00,243.0,50.3,243.0,50.3,228.9,50.3,5.6,1280.0,1000.0,78.0,42.0,83.8,100.0,880
2024-03-21T23:56:35.000000+00:00,243.0,50.1,243.0,50.1,229.0,50.1,5.6,1280.0,1000.0,78.0,42.0,83.8,100.0,880
2024-03-21T23:57:35.000000+00:00,242.3,50.1,242.3,50.1,228.9,50.1,5.6,1280.0,1000.0,78.0,43.0,83.8,100.0,880
2024-03-21T23:58:35.000000+00:00,241.8,50.1,241.9,50.1,228.9,50.1,5.6,1280.0,1000.0,78.0,42.0,83.8,100.0,880
2024-03-21T23:59:35.000000+00:00,242.2,50.2,241.8,50.2,229.0,50.2,5.6,1270.0,990.0,78.0,42.0,83.8,100.0,880
2024-03-22T00:00:35.000000+00:00,241.0,49.9,240.0,49.9,229.0,49.9,5.7,1300.0,1010.0,78.0,44.0,83.8,100.0,880
2024-03-22T00:01:35.000000+00:00,240.4,50.1,240.4,50.1,228.9,50.1,5.7,1290.0,1010.0,78.0,43.0,83.8,100.0,868
2024-03-22T00:02:35.000000+00:00,241.5,50.1,240.6,50.1,228.9,50.1,5.7,1300.0,1020.0,78.0,43.0,83.8,100.0,868
2024-03-22T00:03:35.000000+00:00,240.3,50.1,241.3,50.1,228.9,50.1,5.6,1290.0,1010.0,78.0,43.0,83.8,100.0,868
2024-03-22T00:04:35.000000+00:00,241.8,50.2,242.8,50.2,228.9,50.2,5.6,1290.0,1010.0,78.0,43.0,83.8,100.0,868
2024-03-22T00:05:35.000000+00:00,242.5,50.3,242.6,50.3,229.0,50.3,5.6,1290.0,1010.0,78.0,43.0,83.8,100.0,868
2024-03-22T00:06:35.000000+00:00,243.2,50.3,243.2,50.3,229.0,50.3,5.6,1280.0,1000.0,78.0,43.0,83.8,100.0,868
2024-03-22T00:07:35.000000+00:00,242.7,50.2,243.6,50.2,229.0,50.2,5.6,1280.0,1000.0,78.0,43.0,83.8,100.0,868
2024-03-22T00:08:35.000000+00:00,242.7,50.3,242.7,50.3,229.0,50.3,5.6,1280.0,1000.0,78.0,43.0,83.8,100.0,868
2024-03-22T00:09:35.000000+00:00,242.8,50.2,242.3,50.2,229.0,50.2,5.6,1290.0,1010.0,78.0,43.0,83.8,100.0,868
2024-03-22T00:10:35.000000+00:00,243.5,50.3,242.9,50.3,229.0,50.3,5.6,1290.0,1010.0,78.0,43.0,83.8,100.0,868
2024-03-22T00:11:35.000000+00:00,242.6,50.1,242.1,50.1,228.9,50.1,5.6,1290.0,1010.0,78.0,43.0,83.8,100.0,868
2024-03-22T00:12:35.000000+00:00,244.2,50.3,243.8,50.3,229.0,50.3,5.6,1280.0,1010.0,79.0,43.0,83.8,100.0,868
2024-03-22T00:13:35.000000+00:00,239.1,50.3,239.7,50.3,228.9,50.3,5.6,1290.0,1010.0,78.0,43.0,83.8,100.0,868
2024-03-22T00:14:35.000000+00:00,239.0,50.2,239.0,50.2,228.9,50.2,5.6,1290.0,1010.0,78.0,43.0,83.8,100.0,868
2024-03-22T00:15:35.000000+00:00,238.7,50.2,238.8,50.2,228.9,50.2,5.6,1290.0,1010.0,78.0,43.0,83.8,100.0,868
2024-03-22T00:16:35.000000+00:00,237.3,50.2,237.4,50.2,228.9,50.2,5.6,1290.0,1010.0,78.0,43.0,83.8,100.0,868
2024-03-22T00:17:35.000000+00:00,238.2,50.2,238.2,50.2,228.9,50.2,5.7,1300.0,1020.0,78.0,43.0,83.8,100.0,868
2024-03-22T00:18:35.000000+00:00,238.5,50.3,238.5,50.3,228.9,50.3,5.6,1280.0,1000.0,78.0,43.0,83.8,100.0,868
2024-03-22T00:19:35.000000+00:00,239.5,50.3,239.5,50.3,228.9,50.3,5.5,1270.0,1000.0,79.0,43.0,83.8,100.0,868
2024-03-22T00:20:35.000000+00:00,237.8,50.2,238.3,50.2,228.9,50.2,5.6,1280.0,1000.0,78.0,43.0,83.8,100.0,868
2024-03-22T00:21:35.000000+00:00,238.6,50.2,238.6,50.2,228.9,50.2,5.6,1270.0,990.0,78.0,42.0,83.8,100.0,868
2024-03-22T00:22:35.000000+00:00,238.4,50.3,238.4,50.3,228.9,50.3,5.5,1260.0,980.0,78.0,42.0,83.8,100.0,920
2024-03-22T00:23:35.000000+00:00,238.3,50.3,238.3,50.3,228.9,50.3,5.6,1280.0,1000.0,78.0,43.0,83.8,100.0,920
2024-03-22T00:24:35.000000+00:00,237.9,50.2,238.4,50.2,228.9,50.2,5.5,1270.0,990.0,78.0,42.0,83.8,100.0,920
2024-03-22T00:25:35.000000+00:00,237.3,50.2,237.8,50.2,228.9,50.2,5.6,1270.0,990.0,78.0,42.0,83.8,100.0,920
2024-03-22T00:26:35.000000+00:00,237.6,50.2,237.6,50.2,228.9,50.2,5.6,1270.0,990.0,78.0,43.0,83.8,100.0,920
2024-03-22T00:27:35.000000+00:00,237.0,50.2,237.0,50.2,228.9,50.2,5.6,1280.0,1000.0,78.0,43.0,83.8,100.0,920
2024-03-22T00:28:35.000000+00:00,237.4,50.2,236.9,50.2,228.9,50.2,5.5,1270.0,990.0,78.0,42.0,83.8,100.0,920
2024-03-22T00:29:35.000000+00:00,237.0,50.2,236.7,50.2,228.9,50.2,5.6,1270.0,990.0,78.0,42.0,83.8,100.0,920
2024-03-22T00:30:36.000000+00:00,237.5,50.3,237.5,50.3,228.9,50.3,5.5,1270.0,990.0,78.0,43.0,83.8,100.0,920
2024-03-22T00:31:36.000000+00:00,236.7,50.1,236.8,50.1,228.9,50.1,5.6,1280.0,1000.0,78.0,42.0,83.8,100.0,920
2024-03-22T00:32:36.000000+00:00,238.3,50.3,238.3,50.3,228.9,50.3,5.5,1270.0,990.0,78.0,42.0,83.8,100.0,920
2024-03-22T00:33:36.000000+00:00,237.2,50.2,237.3,50.2,228.9,50.2,5.6,1280.0,1000.0,78.0,43.0,83.8,100.0,920
2024-03-22T00:34:36.000000+00:00,237.0,50.3,236.9,50.3,228.9,50.3,5.6,1280.0,1000.0,78.0,42.0,83.8,100.0,920
2024-03-22T00:35:36.000000+00:00,236.2,50.2,236.1,50.2,228.9,50.2,5.6,1280.0,1000.0,78.0,42.0,83.8,100.0,920
2024-03-22T00:36:36.000000+00:00,236.9,50.1,236.9,50.1,228.9,50.1,5.6,1280.0,1000.0,78.0,42.0,83.8,100.0,920
2024-03-22T00:37:36.000000+00:00,237.5,50.2,237.0,50.2,228.9,50.2,5.6,1270.0,990.0,78.0,42.0,83.8,100.0,920
2024-03-22T00:38:36.000000+00:00,237.3,50.3,237.3,50.3,228.9,50.3,5.6,1270.0,1000.0,79.0,42.0,83.8,100.0,920
2024-03-22T00:39:36.000000+00:00,237.2,50.2,237.2,50.2,228.9,50.2,5.5,1270.0,990.0,78.0,42.0,83.8,100.0,920
2024-03-22T00:40:36.000000+00:00,237.0,50.1,236.4,50.1,228.9,50.1,5.6,1280.0,1000.0,78.0,42.0,83.8,100.0,920
2024-03-22T00:41:36.000000+00:00,237.0,50.3,237.0,50.3,228.9,50.3,5.6,1280.0,1000.0,78.0,42.0,83.8,100.0,920
2024-03-22T00:42:36.000000+00:00,237.2,50.2,237.1,50.2,228.9,50.2,5.5,1270.0,990.0,78.0,43.0,83.8,100.0,920
2024-03-22T00:43:36.000000+00:00,236.5,50.2,236.5,50.2,228.9,50.2,5.5,1270.0,990.0,78.0,42.0,83.8,100.0,920
2024-03-22T00:44:36.000000+00:00,235.9,50.0,235.9,50.0,228.9,50.0,5.6,1290.0,1000.0,78.0,43.0,83.8,100.0,920
2024-03-22T00:45:36.000000+00:00,240.4,49.9,239.9,50.0,228.9,49.9,5.6,1290.0,1000.0,78.0,43.0,83.8,100.0,920
2024-03-22T00:46:36.000000+00:00,239.3,49.9,239.3,49.9,228.9,49.9,5.7,1300.0,1010.0,78.0,43.0,83.8,100.0,920
2024-03-22T00:47:36.000000+00:00,239.7,50.0,239.7,50.0,228.9,50.0,5.6,1280.0,990.0,77.0,43.0,83.8,100.0,920
2024-03-22T00:48:36.000000+00:00,239.7,49.8,239.1,49.8,228.9,49.8,5.7,1300.0,1000.0,77.0,43.0,83.8,100.0,920
2024-03-22T00:49:36.000000+00:00,239.8,49.9,239.8,49.9,228.9,49.9,5.6,1290.0,1000.0,78.0,43.0,83.8,100.0,920
2024-03-22T00:50:36.000000+00:00,240.0,49.9,240.0,49.9,228.9,49.9,5.7,1300.0,1010.0,78.0,43.0,83.8,100.0,920
2024-03-22T00:51:36.000000+00:00,239.2,49.8,239.2,49.8,228.9,49.8,5.6,1290.0,1000.0,78.0,43.0,83.8,100.0,920
2024-03-22T00:52:36.000000+00:00,239.5,49.8,239.5,49.8,228.9,49.8,5.6,1290.0,1000.0,78.0,43.0,83.8,100.0,920
2024-03-22T00:53:36.000000+00:00,239.8,49.9,239.8,49.9,228.9,49.9,5.6,1290.0,1000.0,78.0,43.0,83.8,100.0,920
2024-03-22T00:54:36.000000+00:00,240.4,49.9,240.4,49.9,229.0,49.9,5.7,1290.0,1000.0,78.0,43.0,83.8,100.0,920
2024-03-22T00:55:36.000000+00:00,239.7,49.9,239.7,49.9,228.9,49.9,5.6,1290.0,1000.0,78.0,43.0,83.8,100.0,920
2024-03-22T00:56:36.000000+00:00,240.6,50.0,240.0,50.0,228.9,50.0,5.6,1280.0,1000.0,78.0,43.0,83.8,100.0,920
2024-03-22T00:57:36.000000+00:00,240.1,50.0,240.1,50.0,228.9,50.0,5.5,1270.0,990.0,78.0,43.0,83.8,100.0,920
2024-03-22T00:58:36.000000+00:00,240.3,50.0,240.5,50.0,228.9,50.0,5.6,1280.0,990.0,77.0,43.0,83.8,100.0,920
2024-03-22T00:59:36.000000+00:00,239.8,49.9,239.9,49.9,228.9,49.9,5.6,1290.0,1000.0,78.0,43.0,83.8,100.0,920
2024-03-22T01:00:36.000000+00:00,240.9,49.9,240.5,49.9,228.9,49.9,5.6,1290.0,1000.0,78.0,43.0,83.8,100.0,920
2024-03-22T01:01:36.000000+00:00,240.6,49.9,240.6,49.9,229.0,49.9,5.6,1280.0,990.0,77.0,43.0,83.8,100.0,920
2024-03-22T01:02:36.000000+00:00,240.0,49.9,239.9,49.9,228.9,49.9,5.6,1290.0,1000.0,78.0,43.0,83.8,100.0,920
2024-03-22T01:03:36.000000+00:00,240.5,50.0,240.5,50.0,228.9,50.0,5.6,1290.0,1000.0,78.0,43.0,83.8,100.0,920
2024-03-22T01:04:36.000000+00:00,241.2,50.1,241.2,50.1,229.0,50.1,5.6,1280.0,1000.0,78.0,43.0,83.8,100.0,920
2024-03-22T01:05:36.000000+00:00,240.9,50.0,240.0,50.0,228.9,50.0,5.6,1290.0,1010.0,78.0,43.0,83.8,100.0,920
2024-03-22T01:06:36.000000+00:00,240.2,49.9,239.8,49.9,228.9,49.9,5.6,1290.0,1000.0,78.0,43.0,83.8,100.0,920
2024-03-22T01:07:36.000000+00:00,239.3,49.9,239.3,49.9,228.9,49.9,5.6,1290.0,1000.0,78.0,43.0,83.8,100.0,920
2024-03-22T01:08:36.000000+00:00,241.1,50.1,240.2,50.1,228.9,50.1,5.7,1300.0,1010.0,78.0,43.0,83.8,100.0,920
2024-03-22T01:09:36.000000+00:00,239.5,50.0,239.9,50.0,228.9,50.0,5.6,1280.0,990.0,77.0,43.0,83.8,100.0,920
2024-03-22T01:10:36.000000+00:00,238.9,49.8,238.9,49.8,228.9,49.8,5.6,1290.0,1000.0,78.0,43.0,83.8,100.0,920
2024-03-22T01:11:36.000000+00:00,238.9,49.9,238.9,49.9,228.9,49.9,5.6,1280.0,990.0,77.0,43.0,83.8,100.0,920
2024-03-22T01:12:36.000000+00:00,239.1,49.9,239.1,49.9,228.9,49.9,5.7,1300.0,1010.0,78.0,43.0,83.8,100.0,920
2024-03-22T01:13:36.000000+00:00,239.2,49.8,239.1,49.8,228.9,49.8,5.6,1290.0,1000.0,78.0,43.0,83.8,100.0,920
2024-03-22T01:14:36.000000+00:00,238.1,49.8,238.5,49.8,228.9,49.8,5.7,1300.0,1000.0,77.0,43.0,83.8,100.0,880
2024-03-22T01:15:36.000000+00:00,239.1,49.9,239.1,49.9,228.9,49.9,5.7,1300.0,1010.0,78.0,43.0,83.8,100.0,880
2024-03-22T01:16:36.000000+00:00,239.9,50.0,239.9,50.0,228.9,50.0,5.7,1300.0,1010.0,78.0,43.0,83.8,100.0,880
2024-03-22T01:17:36.000000+00:00,239.2,49.9,238.8,49.9,228.9,49.9,5.6,1290.0,1000.0,78.0,43.0,83.8,100.0,880
2024-03-22T01:18:36.000000+00:00,239.7,49.9,240.0,49.9,228.9,49.9,5.6,1290.0,1000.0,78.0,43.0,83.8,100.0,880
2024-03-22T01:19:36.000000+00:00,239.4,49.8,239.4,49.8,228.9,49.8,5.6,1300.0,1000.0,77.0,43.0,83.8,100.0,880
2024-03-22T01:20:36.000000+00:00,239.6,49.8,238.7,49.8,228.9,49.8,5.7,1310.0,1010.0,77.0,43.0,83.8,100.0,880
2024-03-22T01:21:36.000000+00:00,238.9,49.7,238.9,49.7,228.9,49.7,5.7,1300.0,1000.0,77.0,43.0,83.8,100.0,880
2024-03-22T01:22:36.000000+00:00,238.8,49.8,239.3,49.8,228.9,49.8,5.6,1290.0,1000.0,78.0,43.0,83.8,100.0,880
2024-03-22T01:23:36.000000+00:00,239.1,49.8,239.1,49.8,228.9,49.8,5.7,1300.0,1010.0,78.0,43.0,83.8,100.0,880
2024-03-22T01:24:36.000000+00:00,238.6,49.7,239.0,49.7,228.9,49.7,5.7,1310.0,1010.0,77.0,44.0,83.8,100.0,880
2024-03-22T01:25:36.000000+00:00,238.6,49.8,238.6,49.8,229.0,49.8,5.7,1300.0,1010.0,78.0,43.0,83.8,100.0,880
2024-03-22T01:26:36.000000+00:00,239.1,49.8,239.1,49.8,228.9,49.8,5.7,1300.0,1010.0,78.0,43.0,83.8,100.0,880
2024-03-22T01:27:36.000000+00:00,239.3,49.9,239.1,49.9,228.9,49.9,5.6,1290.0,1000.0,78.0,43.0,83.8,100.0,880
2024-03-22T01:28:36.000000+00:00,238.9,49.9,238.9,49.9,228.9,49.9,5.6,1290.0,1010.0,78.0,43.0,83.8,100.0,880
2024-03-22T01:29:36.000000+00:00,239.7,49.9,239.3,49.9,228.9,49.9,5.6,1290.0,1000.0,78.0,43.0,83.8,100.0,880
2024-03-22T01:30:36.000000+00:00,238.5,49.9,239.4,49.9,228.9,49.9,5.6,1290.0,1000.0,78.0,43.0,83.8,100.0,880
2024-03-22T01:31:36.000000+00:00,238.9,49.8,238.9,49.8,228.9,49.8,5.7,1300.0,1000.0,77.0,43.0,83.8,100.0,880
2024-03-22T01:32:37.000000+00:00,239.7,49.9,239.7,49.9,228.9,49.9,5.6,1280.0,990.0,77.0,43.0,83.8,100.0,880
2024-03-22T01:33:37.000000+00:00,238.3,49.9,238.8,49.9,228.9,49.9,5.7,1300.0,1000.0,77.0,43.0,83.8,100.0,880
2024-03-22T01:34:37.000000+00:00,239.2,49.9,238.8,49.9,228.9,49.9,5.6,1290.0,1000.0,78.0,43.0,83.8,100.0,880
2024-03-22T01:35:37.000000+00:00,238.5,49.8,238.5,49.8,228.9,49.8,5.7,1300.0,1010.0,78.0,43.0,83.8,100.0,880
2024-03-22T01:36:37.000000+00:00,238.5,49.9,238.5,49.9,228.9,49.9,5.6,1290.0,1000.0,78.0,43.0,83.8,100.0,880
2024-03-22T01:37:37.000000+00:00,238.3,49.8,238.3,49.8,228.9,49.8,5.6,1290.0,990.0,77.0,43.0,83.8,100.0,880
2024-03-22T01:38:37.000000+00:00,238.5,49.9,238.1,49.9,228.9,49.9,5.6,1280.0,990.0,77.0,43.0,83.8,100.0,880
2024-03-22T01:39:37.000000+00:00,238.0,49.8,238.0,49.8,228.9,49.7,5.7,1310.0,1010.0,77.0,43.0,83.8,100.0,880
2024-03-22T01:40:37.000000+00:00,237.9,49.8,237.9,49.7,228.9,49.8,5.7,1300.0,1000.0,77.0,43.0,83.8,100.0,880
2024-03-22T01:41:37.000000+00:00,238.5,49.8,238.0,49.8,228.9,49.8,5.6,1290.0,1000.0,78.0,43.0,83.8,100.0,880
2024-03-22T01:42:37.000000+00:00,237.3,49.8,237.3,49.8,228.9,49.8,5.7,1300.0,1000.0,77.0,43.0,83.8,100.0,880
2024-03-22T01:43:37.000000+00:00,237.7,49.7,237.7,49.7,228.9,49.7,5.7,1300.0,1000.0,77.0,44.0,83.8,100.0,880
2024-03-22T01:44:37.000000+00:00,237.7,49.8,237.6,49.8,228.9,49.8,5.6,1290.0,1000.0,78.0,43.0,83.8,100.0,880
2024-03-22T01:45:37.000000+00:00,237.4,49.7,236.9,49.8,228.9,49.7,5.7,1300.0,1000.0,77.0,43.0,83.8,100.0,880
2024-03-22T01:46:37.000000+00:00,237.5,49.7,237.4,49.7,228.9,49.7,5.7,1300.0,1000.0,77.0,43.0,83.8,100.0,880
2024-03-22T01:47:37.000000+00:00,237.2,49.7,237.3,49.7,228.9,49.7,5.7,1300.0,1000.0,77.0,44.0,83.8,100.0,880
2024-03-22T01:48:37.000000+00:00,236.9,49.6,236.9,49.6,228.9,49.6,5.7,1300.0,1000.0,77.0,43.0,83.8,100.0,880
2024-03-22T01:49:37.000000+00:00,237.5,49.8,237.5,49.8,228.9,49.8,5.6,1290.0,1000.0,78.0,43.0,83.8,100.0,880
2024-03-22T01:50:37.000000+00:00,237.4,49.8,237.4,49.8,228.9,49.8,5.6,1290.0,1000.0,78.0,43.0,83.8,100.0,880
2024-03-22T01:51:37.000000+00:00,237.0,49.8,237.1,49.8,228.9,49.8,5.6,1290.0,1000.0,78.0,43.0,83.8,100.0,880
2024-03-22T01:52:37.000000+00:00,237.1,49.8,237.1,49.8,228.9,49.8,5.6,1290.0,1000.0,78.0,43.0,83.8,100.0,880
2024-03-22T01:53:37.000000+00:00,237.0,49.7,236.9,49.7,228.9,49.7,5.7,1300.0,1000.0,77.0,43.0,83.8,100.0,880
2024-03-22T01:54:37.000000+00:00,236.5,49.7,237.3,49.7,228.9,49.7,5.7,1310.0,1010.0,77.0,43.0,83.8,100.0,880
2024-03-22T01:55:37.000000+00:00,237.3,49.7,237.3,49.7,228.9,49.8,5.7,1290.0,1000.0,78.0,43.0,83.8,100.0,880
2024-03-22T01:56:37.000000+00:00,237.2,49.8,237.2,49.8,228.9,49.8,5.6,1290.0,1000.0,78.0,43.0,83.8,100.0,880
2024-03-22T01:57:37.000000+00:00,237.9,49.8,237.4,49.8,228.9,49.8,5.6,1290.0,1000.0,78.0,43.0,83.8,100.0,880
2024-03-22T01:58:37.000000+00:00,236.5,49.7,236.9,49.7,228.9,49.7,5.7,1300.0,1000.0,77.0,43.0,83.8,100.0,880
2024-03-22T01:59:37.000000+00:00,236.7,49.7,236.7,49.7,228.9,49.7,5.7,1300.0,1000.0,77.0,43.0,83.8,100.0,880
2024-03-22T02:00:37.000000+00:00,237.6,49.8,237.6,49.8,228.9,49.8,5.6,1290.0,1000.0,78.0,43.0,83.8,100.0,880
2024-03-22T02:01:37.000000+00:00,236.5,49.6,236.5,49.6,228.9,49.6,5.7,1300.0,1000.0,77.0,43.0,83.8,100.0,880
2024-03-22T02:02:37.000000+00:00,235.3,49.5,236.2,49.5,228.9,49.5,5.7,1310.0,1000.0,76.0,43.0,83.8,100.0,880
2024-03-22T02:03:37.000000+00:00,242.1,49.5,242.1,49.5,229.0,49.5,5.7,1320.0,1010.0,77.0,44.0,83.8,100.0,880
2024-03-22T02:04:37.000000+00:00,239.7,49.6,239.7,49.6,228.9,49.6,5.7,1310.0,1010.0,77.0,43.0,83.8,100.0,880
2024-03-22T02:05:37.000000+00:00,239.0,49.7,240.0,49.7,228.9,49.7,5.7,1300.0,1000.0,77.0,43.0,83.8,100.0,880
2024-03-22T02:06:37.000000+00:00,238.2,49.7,239.0,49.7,228.9,49.7,5.7,1310.0,1010.0,77.0,43.0,83.9,100.0,880
2024-03-22T02:07:37.000000+00:00,237.6,49.6,237.6,49.6,228.9,49.6,5.7,1310.0,1010.0,77.0,44.0,83.8,100.0,880
2024-03-22T02:08:37.000000+00:00,236.6,49.5,236.1,49.5,228.9,49.5,5.7,1310.0,1000.0,76.0,44.0,83.9,100.0,880
2024-03-22T02:09:37.000000+00:00,235.8,49.5,235.8,49.5,228.9,49.5,5.7,1310.0,1000.0,76.0,43.0,83.8,100.0,880
2024-03-22T02:10:37.000000+00:00,236.5,49.6,236.5,49.6,228.9,49.6,5.8,1320.0,1010.0,77.0,43.0,83.8,100.0,880
2024-03-22T02:11:37.000000+00:00,236.7,49.6,236.6,49.6,228.9,49.6,5.7,1300.0,1000.0,77.0,43.0,83.8,100.0,880
2024-03-22T02:12:37.000000+00:00,237.4,49.5,237.4,49.5,228.9,49.5,5.7,1310.0,1000.0,76.0,44.0,83.8,100.0,880
2024-03-22T02:13:37.000000+00:00,236.7,49.5,236.7,49.5,228.9,49.5,5.7,1310.0,1010.0,77.0,44.0,83.8,100.0,880
2024-03-22T02:14:37.000000+00:00,237.1,49.5,237.1,49.5,228.9,49.5,5.7,1310.0,1000.0,76.0,44.0,83.8,100.0,880
2024-03-22T02:15:37.000000+00:00,237.2,49.6,237.2,49.6,228.9,49.6,5.7,1300.0,1000.0,77.0,44.0,83.8,100.0,880
2024-03-22T02:16:37.000000+00:00,237.6,49.6,236.7,49.6,228.9,49.6,5.7,1300.0,1000.0,77.0,43.0,83.8,100.0,880
2024-03-22T02:17:37.000000+00:00,238.0,50.0,238.0,50.0,228.9,50.0,5.6,1290.0,1000.0,78.0,43.0,83.9,100.0,880
2024-03-22T02:18:37.000000+00:00,237.9,50.2,238.0,50.2,228.9,50.2,5.6,1280.0,1000.0,78.0,43.0,83.8,100.0,880
2024-03-22T02:19:37.000000+00:00,239.6,50.3,239.6,50.3,228.9,50.3,5.6,1270.0,990.0,78.0,42.0,83.8,100.0,880
2024-03-22T02:20:37.000000+00:00,241.6,50.4,241.1,50.4,228.9,50.4,5.5,1260.0,990.0,79.0,42.0,83.8,100.0,880
2024-03-22T02:21:37.000000+00:00,241.5,50.3,241.6,50.3,228.9,50.3,5.5,1270.0,990.0,78.0,42.0,83.9,100.0,880
2024-03-22T02:22:37.000000+00:00,241.7,50.3,241.7,50.3,228.9,50.3,5.5,1270.0,990.0,78.0,43.0,83.8,100.0,880
2024-03-22T02:23:37.000000+00:00,240.9,50.4,241.4,50.4,228.9,50.4,5.5,1270.0,990.0,78.0,42.0,83.9,100.0,880
2024-03-22T02:24:37.000000+00:00,240.7,50.3,240.7,50.4,228.9,50.4,5.5,1270.0,1000.0,79.0,42.0,83.8,100.0,880
2024-03-22T02:25:37.000000+00:00,240.0,50.4,240.0,50.4,228.9,50.4,5.6,1270.0,1000.0,79.0,42.0,83.8,100.0,880
2024-03-22T02:26:37.000000+00:00,240.1,50.4,240.1,50.4,228.9,50.4,5.5,1260.0,990.0,79.0,42.0,83.9,100.0,880
2024-03-22T02:27:37.000000+00:00,239.0,50.3,239.0,50.3,228.9,50.3,5.6,1280.0,1000.0,78.0,42.0,83.9,100.0,880
2024-03-22T02:28:37.000000+00:00,238.5,50.2,238.5,50.2,228.9,50.2,5.6,1270.0,990.0,78.0,42.0,83.8,100.0,880
2024-03-22T02:29:37.000000+00:00,238.7,50.3,238.6,50.3,228.9,50.3,5.6,1280.0,1000.0,78.0,43.0,83.8,100.0,880
2024-03-22T02:30:38.000000+00:00,238.8,50.3,238.8,50.3,228.9,50.3,5.5,1270.0,990.0,78.0,42.0,83.9,100.0,880
2024-03-22T02:31:38.000000+00:00,238.9,50.2,238.0,50.2,228.9,50.2,5.6,1280.0,990.0,77.0,43.0,83.9,100.0,880
2024-03-22T02:32:38.000000+00:00,238.1,50.2,238.1,50.2,228.9,50.2,5.6,1280.0,1000.0,78.0,43.0,83.9,100.0,880
2024-03-22T02:33:38.000000+00:00,237.6,50.0,236.6,50.0,228.9,50.0,5.6,1280.0,1000.0,78.0,43.0,83.9,100.0,880
2024-03-22T02:34:38.000000+00:00,237.7,50.1,237.7,50.1,228.9,50.1,5.6,1280.0,1000.0,78.0,43.0,83.8,100.0,880
2024-03-22T02:35:38.000000+00:00,236.5,49.9,237.1,49.9,228.9,49.9,5.6,1280.0,990.0,77.0,43.0,83.9,100.0,880
2024-03-22T02:36:38.000000+00:00,236.2,50.0,236.2,50.0,228.9,50.0,5.6,1280.0,1000.0,78.0,43.0,83.8,100.0,880
2024-03-22T02:37:38.000000+00:00,235.4,50.0,235.3,50.0,228.9,50.0,5.6,1280.0,1000.0,78.0,43.0,83.9,100.0,880
2024-03-22T02:38:38.000000+00:00,234.9,50.1,235.8,50.1,228.9,50.1,5.6,1280.0,1000.0,78.0,43.0,83.8,100.0,880
2024-03-22T02:39:38.000000+00:00,234.8,49.9,234.3,49.9,228.9,49.9,5.6,1280.0,990.0,77.0,43.0,83.9,100.0,880
2024-03-22T02:40:38.000000+00:00,238.8,50.0,238.7,50.0,228.9,50.0,5.6,1290.0,1000.0,78.0,43.0,83.8,100.0,880
2024-03-22T02:41:38.000000+00:00,239.6,49.9,238.6,49.9,228.9,49.9,5.6,1290.0,1000.0,78.0,43.0,83.9,100.0,880
2024-03-22T02:42:38.000000+00:00,239.3,49.9,238.4,49.9,228.9,49.9,5.6,1280.0,1000.0,78.0,43.0,83.9,100.0,880
2024-03-22T02:43:38.000000+00:00,238.4,49.9,238.4,49.9,228.9,49.9,5.6,1290.0,1000.0,78.0,43.0,83.9,100.0,880
2024-03-22T02:44:38.000000+00:00,238.5,49.9,238.5,49.9,228.9,49.9,5.7,1300.0,1010.0,78.0,43.0,83.9,100.0,880
2024-03-22T02:45:38.000000+00:00,238.4,49.8,237.3,49.8,228.9,49.8,5.7,1290.0,1000.0,78.0,43.0,83.9,100.0,880
2024-03-22T02:46:38.000000+00:00,238.6,50.0,238.1,50.0,228.9,50.0,5.6,1290.0,1000.0,78.0,43.0,83.8,100.0,880
2024-03-22T02:47:38.000000+00:00,236.6,49.9,237.0,49.9,228.9,49.9,5.6,1290.0,1000.0,78.0,43.0,83.9,100.0,880
2024-03-22T02:48:38.000000+00:00,237.3,50.1,237.3,50.1,228.9,50.1,5.6,1280.0,990.0,77.0,43.0,83.8,100.0,880
2024-03-22T02:49:38.000000+00:00,236.3,50.1,236.3,50.1,228.9,50.1,5.6,1280.0,1000.0,78.0,43.0,83.8,100.0,880
2024-03-22T02:50:38.000000+00:00,236.6,50.1,236.6,50.1,228.9,50.1,5.6,1280.0,1000.0,78.0,43.0,83.9,100.0,880
2024-03-22T02:51:38.000000+00:00,235.9,50.2,236.9,50.2,228.9,50.2,5.6,1270.0,990.0,78.0,42.0,83.9,100.0,880
2024-03-22T02:52:38.000000+00:00,236.0,50.1,236.0,50.1,228.9,50.1,5.6,1280.0,1000.0,78.0,42.0,83.9,100.0,880
2024-03-22T02:53:38.000000+00:00,236.0,50.2,235.3,50.2,228.9,50.2,5.6,1280.0,1000.0,78.0,42.0,83.9,100.0,880
2024-03-22T02:54:38.000000+00:00,235.7,50.1,234.9,50.1,228.9,50.1,5.6,1280.0,1000.0,78.0,43.0,83.9,100.0,880
2024-03-22T02:55:38.000000+00:00,236.0,50.2,235.1,50.2,228.9,50.2,5.6,1280.0,1000.0,78.0,43.0,83.9,100.0,880
2024-03-22T02:56:38.000000+00:00,234.5,50.2,235.4,50.2,228.9,50.2,5.6,1280.0,990.0,77.0,43.0,83.9,100.0,880
2024-03-22T02:57:38.000000+00:00,235.3,50.2,235.3,50.2,228.9,50.2,5.5,1260.0,980.0,78.0,43.0,83.9,100.0,880
2024-03-22T02:58:38.000000+00:00,234.8,50.1,234.4,50.1,228.9,50.1,5.6,1270.0,990.0,78.0,43.0,83.9,100.0,880
2024-03-22T02:59:38.000000+00:00,234.6,50.3,234.6,50.3,228.9,50.3,5.6,1280.0,1000.0,78.0,42.0,83.9,100.0,880
2024-03-22T03:00:38.000000+00:00,234.6,50.2,233.5,50.1,228.9,50.1,5.6,1270.0,990.0,78.0,42.0,83.9,100.0,880
2024-03-22T03:01:38.000000+00:00,238.4,50.3,238.4,50.3,228.9,50.3,5.5,1270.0,990.0,78.0,43.0,83.9,100.0,880
2024-03-22T03:02:38.000000+00:00,237.5,50.2,238.6,50.2,228.9,50.1,5.6,1280.0,1000.0,78.0,43.0,83.9,100.0,880
2024-03-22T03:03:38.000000+00:00,237.2,50.0,237.1,50.0,228.9,50.0,5.6,1290.0,1000.0,78.0,43.0,83.9,100.0,880
2024-03-22T03:04:38.000000+00:00,236.6,50.0,236.6,50.0,228.9,50.0,5.6,1280.0,990.0,77.0,43.0,83.9,100.0,880
2024-03-22T03:05:38.000000+00:00,235.7,50.0,235.8,50.0,228.9,50.0,5.6,1290.0,1000.0,78.0,43.0,83.9,100.0,880
2024-03-22T03:06:38.000000+00:00,236.1,49.9,235.6,49.9,228.9,49.9,5.6,1290.0,990.0,77.0,43.0,83.9,100.0,880
2024-03-22T03:07:38.000000+00:00,235.1,49.9,235.5,49.9,228.9,49.9,5.6,1290.0,1000.0,78.0,43.0,83.9,100.0,880
2024-03-22T03:08:38.000000+00:00,234.4,49.8,234.4,49.8,228.9,49.8,5.6,1290.0,1000.0,78.0,43.0,83.9,100.0,880
2024-03-22T03:09:38.000000+00:00,234.2,49.9,234.2,49.9,228.9,49.9,5.6,1290.0,1000.0,78.0,43.0,83.9,100.0,880
2024-03-22T03:10:38.000000+00:00,234.1,50.0,233.6,50.0,228.9,50.0,5.6,1280.0,990.0,77.0,43.0,83.9,100.0,880
2024-03-22T03:11:38.000000+00:00,237.7,49.9,236.8,49.9,228.9,49.9,5.6,1280.0,1000.0,78.0,43.0,83.9,100.0,880
2024-03-22T03:12:38.000000+00:00,236.9,49.9,236.0,49.9,228.9,49.9,5.6,1280.0,990.0,77.0,43.0,83.9,100.0,880
2024-03-22T03:13:38.000000+00:00,236.6,49.9,235.6,49.9,228.9,49.9,5.6,1290.0,1000.0,78.0,43.0,83.9,100.0,880
2024-03-22T03:14:38.000000+00:00,236.5,49.8,236.5,49.8,228.9,49.8,5.7,1300.0,1010.0,78.0,43.0,83.9,100.0,880
2024-03-22T03:15:38.000000+00:00,235.0,49.8,235.0,49.8,228.9,49.8,5.7,1300.0,1010.0,78.0,43.0,83.9,100.0,880
2024-03-22T03:16:38.000000+00:00,235.2,49.9,236.0,49.9,228.9,49.9,5.6,1290.0,1000.0,78.0,43.0,83.9,100.0,880
2024-03-22T03:17:38.000000+00:00,235.6,50.0,235.8,50.0,228.9,50.0,5.6,1280.0,1000.0,78.0,43.0,83.9,100.0,880
2024-03-22T03:18:38.000000+00:00,235.1,49.9,235.1,49.9,228.9,49.9,5.6,1290.0,1010.0,78.0,43.0,83.9,100.0,880
2024-03-22T03:19:38.000000+00:00,234.6,49.9,234.6,49.9,228.9,49.9,5.6,1290.0,1000.0,78.0,43.0,83.9,100.0,880
2024-03-22T03:20:38.000000+00:00,234.4,49.8,234.0,49.8,228.9,49.8,5.7,1300.0,1000.0,77.0,43.0,83.9,100.0,880
2024-03-22T03:21:38.000000+00:00,238.6,49.9,237.9,49.9,228.9,49.9,5.6,1290.0,1000.0,78.0,43.0,83.9,100.0,880
2024-03-22T03:22:38.000000+00:00,237.6,49.8,237.6,49.8,228.9,49.9,5.7,1300.0,1000.0,77.0,43.0,83.9,100.0,880
2024-03-22T03:23:38.000000+00:00,238.0,50.0,238.0,50.0,228.9,50.0,5.6,1280.0,990.0,77.0,43.0,83.9,100.0,880
2024-03-22T03:24:38.000000+00:00,237.0,50.0,237.0,50.0,228.9,50.0,5.6,1290.0,1000.0,78.0,43.0,83.9,100.0,880
2024-03-22T03:25:39.000000+00:00,237.5,50.0,237.5,50.0,228.9,50.0,5.6,1290.0,1000.0,78.0,43.0,83.9,100.0,880
2024-03-22T03:26:39.000000+00:00,237.8,50.2,238.4,50.2,228.9,50.2,5.6,1270.0,990.0,78.0,43.0,83.9,100.0,880
2024-03-22T03:27:39.000000+00:00,237.8,50.1,238.4,50.1,228.9,50.1,5.6,1280.0,990.0,77.0,43.0,83.9,100.0,880
2024-03-22T03:28:39.000000+00:00,239.1,50.2,239.1,50.2,228.9,50.2,5.6,1280.0,1000.0,78.0,43.0,83.9,100.0,880
2024-03-22T03:29:39.000000+00:00,238.2,50.1,239.0,50.1,228.9,50.0,5.6,1280.0,1000.0,78.0,43.0,83.9,100.0,880
2024-03-22T03:30:39.000000+00:00,239.4,50.2,239.4,50.2,228.9,50.2,5.6,1280.0,1000.0,78.0,43.0,83.9,100.0,880
2024-03-22T03:31:39.000000+00:00,239.3,50.1,239.2,50.1,228.9,50.1,5.6,1290.0,1010.0,78.0,43.0,83.9,100.0,880
2024-03-22T03:32:39.000000+00:00,238.8,50.1,238.7,50.1,228.9,50.1,5.6,1280.0,1000.0,78.0,43.0,83.9,100.0,880
2024-03-22T03:33:39.000000+00:00,239.0,50.1,238.6,50.1,228.9,50.1,5.6,1290.0,1010.0,78.0,43.0,83.9,100.0,880
2024-03-22T03:34:39.000000+00:00,238.6,50.1,238.2,50.1,228.9,50.1,5.6,1280.0,990.0,77.0,43.0,83.9,100.0,880
2024-03-22T03:35:39.000000+00:00,238.8,50.1,238.8,50.1,228.9,50.1,5.6,1280.0,1000.0,78.0,43.0,83.9,100.0,880
2024-03-22T03:36:39.000000+00:00,238.6,50.1,238.6,50.1,228.9,50.1,5.6,1290.0,1000.0,78.0,43.0,83.9,100.0,880
2024-03-22T03:37:39.000000+00:00,238.3,50.1,238.2,50.1,228.9,50.1,5.6,1290.0,1010.0,78.0,43.0,83.9,100.0,880
2024-03-22T03:38:39.000000+00:00,237.9,50.1,237.4,50.1,228.9,50.1,5.6,1280.0,1000.0,78.0,43.0,83.9,100.0,880
2024-03-22T03:39:39.000000+00:00,238.9,50.2,237.9,50.2,228.9,50.2,5.6,1280.0,1000.0,78.0,43.0,84.0,100.0,880
2024-03-22T03:40:39.000000+00:00,237.7,50.1,238.3,50.1,228.9,50.1,5.6,1280.0,1000.0,78.0,43.0,83.9,100.0,880
2024-03-22T03:41:39.000000+00:00,238.1,50.2,238.6,50.2,228.9,50.2,5.6,1280.0,1000.0,78.0,43.0,83.9,100.0,880
2024-03-22T03:42:39.000000+00:00,237.9,50.2,238.9,50.2,228.9,50.2,5.6,1280.0,990.0,77.0,42.0,83.9,100.0,880
2024-03-22T03:43:39.000000+00:00,238.2,50.2,238.2,50.2,228.9,50.2,5.6,1280.0,1000.0,78.0,43.0,83.9,100.0,880
2024-03-22T03:44:39.000000+00:00,238.3,50.1,238.3,50.1,228.9,50.1,5.6,1280.0,1000.0,78.0,43.0,83.9,100.0,880
2024-03-22T03:45:39.000000+00:00,238.6,50.1,238.2,50.1,228.9,50.1,5.6,1280.0,1000.0,78.0,43.0,83.9,100.0,880
2024-03-22T03:46:39.000000+00:00,238.5,50.2,238.1,50.2,228.9,50.2,5.6,1270.0,990.0,78.0,42.0,83.9,100.0,880
2024-03-22T03:47:39.000000+00:00,238.9,50.2,238.5,50.2,228.9,50.2,5.6,1280.0,990.0,77.0,43.0,83.9,100.0,880
2024-03-22T03:48:39.000000+00:00,238.3,50.2,238.3,50.2,228.9,50.2,5.6,1270.0,990.0,78.0,43.0,84.0,100.0,880
2024-03-22T03:49:39.000000+00:00,239.7,50.2,239.7,50.2,228.9,50.2,5.6,1280.0,1000.0,78.0,43.0,83.9,100.0,880
2024-03-22T03:50:39.000000+00:00,240.4,50.3,240.4,50.3,228.9,50.3,5.6,1270.0,990.0,78.0,42.0,84.0,100.0,880
2024-03-22T03:51:39.000000+00:00,239.8,50.1,239.8,50.1,228.9,50.1,5.6,1280.0,1000.0,78.0,43.0,83.9,100.0,880
2024-03-22T03:52:39.000000+00:00,239.8,50.2,239.8,50.2,228.9,50.2,5.6,1290.0,1010.0,78.0,42.0,83.9,100.0,880
2024-03-22T03:53:39.000000+00:00,239.9,50.3,239.3,50.3,228.9,50.3,5.6,1280.0,1000.0,78.0,43.0,83.9,100.0,880
2024-03-22T03:54:39.000000+00:00,240.1,50.3,240.1,50.3,228.9,50.3,5.6,1280.0,1000.0,78.0,42.0,84.0,100.0,880
2024-03-22T03:55:39.000000+00:00,240.6,50.3,240.6,50.3,228.9,50.3,5.6,1280.0,1000.0,78.0,43.0,83.9,100.0,880
2024-03-22T03:56:39.000000+00:00,239.3,50.3,239.8,50.3,228.9,50.3,5.6,1270.0,1000.0,79.0,43.0,83.9,100.0,880
2024-03-22T03:57:39.000000+00:00,239.3,50.4,239.9,50.4,228.9,50.4,5.5,1270.0,1000.0,79.0,42.0,83.9,100.0,880
2024-03-22T03:58:39.000000+00:00,239.3,50.4,239.8,50.4,228.9,50.4,5.5,1270.0,990.0,78.0,42.0,83.9,100.0,880
2024-03-22T03:59:39.000000+00:00,240.8,50.4,240.8,50.4,228.9,50.4,5.5,1270.0,990.0,78.0,42.0,84.0,100.0,880
2024-03-22T04:00:39.000000+00:00,240.7,50.4,240.3,50.4,229.0,50.4,5.5,1270.0,990.0,78.0,42.0,84.0,100.0,880
2024-03-22T04:01:39.000000+00:00,240.6,50.3,240.6,50.3,228.9,50.3,5.6,1270.0,1000.0,79.0,42.0,83.9,100.0,880
2024-03-22T04:02:39.000000+00:00,239.8,50.2,239.1,50.2,228.9,50.2,5.6,1280.0,1000.0,78.0,43.0,84.0,100.0,880
2024-03-22T04:03:39.000000+00:00,238.9,50.2,238.9,50.2,228.9,50.2,5.6,1280.0,1010.0,79.0,42.0,83.9,100.0,880
2024-03-22T04:04:39.000000+00:00,238.7,50.3,238.2,50.3,228.9,50.3,5.6,1270.0,1000.0,79.0,42.0,83.9,100.0,880
2024-03-22T04:05:39.000000+00:00,238.1,50.2,238.1,50.2,228.9,50.2,5.6,1280.0,1000.0,78.0,43.0,83.9,100.0,880
2024-03-22T04:06:39.000000+00:00,237.9,50.1,237.9,50.1,228.9,50.1,5.6,1280.0,1000.0,78.0,43.0,83.9,100.0,880
2024-03-22T04:07:39.000000+00:00,237.8,50.2,238.3,50.2,228.9,50.2,5.6,1290.0,1000.0,78.0,43.0,83.9,100.0,880
2024-03-22T04:08:39.000000+00:00,238.0,50.3,239.0,50.3,228.9,50.3,5.6,1280.0,1000.0,78.0,42.0,83.9,100.0,880
2024-03-22T04:09:39.000000+00:00,239.1,50.2,239.1,50.2,228.9,50.2,5.6,1280.0,990.0,77.0,42.0,83.9,100.0,880
2024-03-22T04:10:39.000000+00:00,239.4,50.3,239.8,50.3,228.9,50.3,5.5,1270.0,990.0,78.0,43.0,83.9,100.0,880
2024-03-22T04:11:39.000000+00:00,238.1,50.2,239.2,50.2,228.9,50.2,5.6,1280.0,1000.0,78.0,43.0,83.9,100.0,880
2024-03-22T04:12:39.000000+00:00,238.6,50.2,238.6,50.2,228.9,50.2,5.5,1270.0,990.0,78.0,43.0,83.9,100.0,880
2024-03-22T04:13:39.000000+00:00,238.4,50.2,238.4,50.2,228.9,50.2,5.5,1270.0,990.0,78.0,42.0,83.9,100.0,880
2024-03-22T04:14:39.000000+00:00,237.6,50.1,237.6,50.1,228.9,50.1,5.6,1270.0,990.0,78.0,43.0,83.9,100.0,880
2024-03-22T04:15:39.000000+00:00,237.8,50.2,237.8,50.2,228.9,50.2,5.6,1280.0,990.0,77.0,43.0,83.9,100.0,880
2024-03-22T04:16:39.000000+00:00,237.0,50.1,237.0,50.1,228.9,50.1,5.6,1280.0,1000.0,78.0,43.0,83.9,100.0,880
2024-03-22T04:17:39.000000+00:00,237.4,50.0,237.4,50.0,228.9,50.0,5.6,1290.0,1000.0,78.0,43.0,83.9,100.0,880
2024-03-22T04:18:39.000000+00:00,236.5,50.1,236.5,50.1,228.9,50.1,5.6,1280.0,990.0,77.0,43.0,83.9,100.0,880
2024-03-22T04:19:39.000000+00:00,236.9,50.1,236.9,50.1,228.9,50.1,5.6,1280.0,990.0,77.0,43.0,83.9,100.0,880
2024-03-22T04:20:39.000000+00:00,237.1,50.3,237.1,50.3,228.9,50.3,5.6,1280.0,1000.0,78.0,43.0,83.9,100.0,880
2024-03-22T04:21:39.000000+00:00,236.9,50.3,236.5,50.3,228.9,50.3,5.6,1280.0,1000.0,78.0,42.0,83.9,100.0,880
2024-03-22T04:22:40.000000+00:00,236.6,50.2,237.0,50.2,228.9,50.2,5.6,1290.0,1010.0,78.0,43.0,83.9,100.0,880
2024-03-22T04:23:40.000000+00:00,236.8,50.3,236.9,50.3,228.9,50.3,5.6,1280.0,1000.0,78.0,43.0,83.9,100.0,880
2024-03-22T04:24:40.000000+00:00,236.5,50.3,236.6,50.3,228.9,50.3,5.6,1280.0,1000.0,78.0,42.0,83.9,100.0,880
2024-03-22T04:25:40.000000+00:00,237.0,50.3,236.9,50.3,228.9,50.3,5.6,1270.0,990.0,78.0,43.0,83.9,100.0,880
2024-03-22T04:26:40.000000+00:00,236.9,50.3,236.4,50.3,228.9,50.3,5.6,1280.0,1000.0,78.0,43.0,83.9,100.0,880
2024-03-22T04:27:40.000000+00:00,237.1,50.3,237.5,50.3,228.9,50.3,5.6,1280.0,1000.0,78.0,42.0,83.9,100.0,880
2024-03-22T04:28:40.000000+00:00,237.8,50.3,237.8,50.3,228.9,50.3,5.5,1270.0,990.0,78.0,42.0,83.9,100.0,880
2024-03-22T04:29:40.000000+00:00,237.2,50.3,237.7,50.3,228.9,50.3,5.6,1270.0,1000.0,79.0,43.0,83.9,100.0,880
2024-03-22T04:30:40.000000+00:00,237.3,50.4,237.3,50.4,228.9,50.4,5.6,1280.0,1000.0,78.0,42.0,83.9,100.0,880
2024-03-22T04:31:40.000000+00:00,236.8,50.3,236.8,50.3,228.9,50.3,5.5,1270.0,990.0,78.0,43.0,83.9,100.0,880
2024-03-22T04:32:40.000000+00:00,236.6,50.3,236.6,50.3,228.9,50.3,5.6,1270.0,1000.0,79.0,43.0,83.9,100.0,880
2024-03-22T04:33:40.000000+00:00,237.8,50.4,237.8,50.4,228.9,50.4,5.5,1270.0,990.0,78.0,42.0,83.9,100.0,880
2024-03-22T04:34:40.000000+00:00,238.0,50.4,238.0,50.4,228.9,50.4,5.5,1270.0,1000.0,79.0,42.0,83.9,100.0,880
2024-03-22T04:35:40.000000+00:00,237.6,50.4,237.6,50.4,228.9,50.4,5.5,1270.0,990.0,78.0,42.0,83.9,100.0,880
2024-03-22T04:36:40.000000+00:00,237.5,50.2,237.4,50.2,228.9,50.2,5.6,1280.0,1000.0,78.0,42.0,83.9,100.0,880
2024-03-22T04:37:40.000000+00:00,236.9,50.2,236.9,50.2,228.9,50.2,5.6,1280.0,1000.0,78.0,43.0,83.9,100.0,880
2024-03-22T04:38:40.000000+00:00,237.3,50.3,237.3,50.3,228.9,50.3,5.5,1270.0,990.0,78.0,42.0,83.9,100.0,880
2024-03-22T04:39:40.000000+00:00,236.1,50.3,237.2,50.3,228.9,50.3,5.5,1270.0,990.0,78.0,42.0,83.9,100.0,880
2024-03-22T04:40:40.000000+00:00,236.8,50.3,236.8,50.3,228.9,50.3,5.6,1270.0,990.0,78.0,42.0,83.9,100.0,880
2024-03-22T04:41:40.000000+00:00,237.0,50.3,236.0,50.3,228.9,50.3,5.5,1270.0,990.0,78.0,43.0,83.9,100.0,880
2024-03-22T04:42:40.000000+00:00,237.1,50.3,237.1,50.3,228.9,50.3,5.5,1270.0,990.0,78.0,43.0,83.9,100.0,880
2024-03-22T04:43:40.000000+00:00,235.9,49.9,235.9,49.9,228.9,49.9,5.6,1290.0,1000.0,78.0,43.0,83.9,100.0,880
2024-03-22T04:44:40.000000+00:00,237.3,50.1,237.3,50.1,228.9,50.1,5.6,1280.0,1000.0,78.0,42.0,83.9,100.0,880
2024-03-22T04:45:40.000000+00:00,237.0,50.1,237.0,50.1,228.9,50.1,5.6,1280.0,1000.0,78.0,43.0,83.9,100.0,880
2024-03-22T04:46:40.000000+00:00,235.5,50.0,236.5,50.0,228.9,50.0,5.6,1290.0,1000.0,78.0,43.0,83.9,100.0,880
2024-03-22T04:47:40.000000+00:00,236.0,50.1,236.9,50.1,228.9,50.1,5.6,1290.0,1000.0,78.0,42.0,83.9,100.0,880
2024-03-22T04:48:40.000000+00:00,236.8,50.1,237.4,50.1,228.9,50.1,5.6,1290.0,1010.0,78.0,43.0,83.8,100.0,880
2024-03-22T04:49:40.000000+00:00,236.0,49.9,236.0,49.9,228.9,49.9,5.6,1290.0,1000.0,78.0,43.0,83.9,100.0,880
2024-03-22T04:50:40.000000+00:00,236.8,50.2,236.8,50.2,228.9,50.2,5.6,1280.0,1000.0,78.0,43.0,83.9,100.0,880
2024-03-22T04:51:40.000000+00:00,236.9,50.0,236.5,50.0,228.9,50.0,5.6,1280.0,1000.0,78.0,43.0,83.8,100.0,880
2024-03-22T04:52:40.000000+00:00,236.6,50.1,236.6,50.1,228.9,50.1,5.6,1280.0,1000.0,78.0,43.0,83.8,100.0,880
2024-03-22T04:53:40.000000+00:00,236.6,50.3,237.5,50.3,228.9,50.3,5.5,1270.0,990.0,78.0,42.0,83.8,100.0,880
2024-03-22T04:54:40.000000+00:00,236.7,50.3,236.7,50.3,228.9,50.3,5.5,1270.0,990.0,78.0,42.0,83.9,100.0,880
2024-03-22T04:55:40.000000+00:00,237.0,50.3,236.5,50.3,228.9,50.3,5.6,1270.0,1000.0,79.0,42.0,83.8,100.0,880
2024-03-22T04:56:40.000000+00:00,236.1,50.2,236.2,50.2,228.9,50.2,5.6,1280.0,1000.0,78.0,43.0,83.8,100.0,880
2024-03-22T04:57:40.000000+00:00,236.3,50.3,236.3,50.3,228.9,50.3,5.6,1280.0,1000.0,78.0,43.0,83.8,100.0,880
2024-03-22T04:58:40.000000+00:00,235.9,50.2,235.9,50.2,228.9,50.2,5.6,1270.0,1000.0,79.0,43.0,83.8,100.0,880
2024-03-22T04:59:40.000000+00:00,237.0,50.3,237.0,50.3,228.9,50.3,5.6,1270.0,1000.0,79.0,43.0,83.8,100.0,880
2024-03-22T05:00:40.000000+00:00,237.4,50.4,237.4,50.4,228.9,50.4,5.6,1280.0,1000.0,78.0,43.0,83.8,100.0,880
2024-03-22T05:01:40.000000+00:00,236.6,50.4,236.6,50.3,228.9,50.4,5.5,1270.0,990.0,78.0,42.0,83.8,100.0,880
2024-03-22T05:02:40.000000+00:00,237.2,50.3,237.2,50.3,228.9,50.3,5.6,1280.0,1000.0,78.0,43.0,83.8,100.0,880
2024-03-22T05:03:40.000000+00:00,235.9,50.2,235.9,50.2,228.9,50.2,5.5,1270.0,990.0,78.0,43.0,83.8,100.0,880
2024-03-22T05:04:40.000000+00:00,236.4,50.3,236.4,50.3,228.9,50.3,5.6,1280.0,1000.0,78.0,43.0,83.8,100.0,880
2024-03-22T05:05:40.000000+00:00,235.2,50.4,235.7,50.4,228.9,50.4,5.5,1270.0,990.0,78.0,42.0,83.8,100.0,880
2024-03-22T05:06:40.000000+00:00,235.5,50.3,235.0,50.3,228.9,50.3,5.6,1270.0,1000.0,79.0,42.0,83.8,100.0,880
2024-03-22T05:07:40.000000+00:00,235.8,50.3,235.8,50.3,228.9,50.3,5.5,1270.0,990.0,78.0,42.0,83.8,100.0,880
2024-03-22T05:08:40.000000+00:00,235.6,50.3,235.7,50.3,228.9,50.3,5.6,1280.0,1000.0,78.0,43.0,83.8,100.0,880
2024-03-22T05:09:40.000000+00:00,234.8,50.3,234.8,50.3,228.9,50.3,5.5,1270.0,990.0,78.0,42.0,83.8,100.0,880
2024-03-22T05:10:40.000000+00:00,234.4,50.3,235.4,50.3,228.9,50.3,5.5,1270.0,990.0,78.0,42.0,83.8,100.0,880
2024-03-22T05:11:40.000000+00:00,234.5,50.3,234.8,50.3,228.9,50.3,5.6,1280.0,1000.0,78.0,42.0,83.8,100.0,880
2024-03-22T05:12:40.000000+00:00,234.8,50.3,234.8,50.3,228.9,50.3,5.6,1270.0,990.0,78.0,43.0,83.8,100.0,880
2024-03-22T05:13:40.000000+00:00,234.1,50.3,234.0,50.3,228.9,50.3,5.6,1280.0,1000.0,78.0,42.0,83.9,100.0,880
2024-03-22T05:14:40.000000+00:00,233.3,50.1,233.8,50.1,228.9,50.1,5.6,1280.0,1000.0,78.0,43.0,84.1,100.0,880
2024-03-22T05:15:40.000000+00:00,233.6,50.3,233.6,50.3,228.9,50.3,5.6,1270.0,990.0,78.0,42.0,84.3,100.0,880
2024-03-22T05:16:40.000000+00:00,232.5,50.1,232.5,50.1,228.9,50.1,5.6,1280.0,990.0,77.0,42.0,84.3,100.0,880
2024-03-22T05:17:40.000000+00:00,237.1,50.1,236.7,50.1,228.9,50.1,5.6,1290.0,1000.0,78.0,43.0,84.3,100.0,880
2024-03-22T05:18:40.000000+00:00,236.9,50.3,237.1,50.3,228.9,50.3,5.5,1270.0,990.0,78.0,42.0,84.3,100.0,880
2024-03-22T05:19:40.000000+00:00,236.9,50.4,236.8,50.4,228.9,50.4,5.5,1270.0,1000.0,79.0,42.0,84.2,100.0,880
2024-03-22T05:20:41.000000+00:00,237.2,50.3,237.2,50.3,228.9,50.3,5.6,1280.0,1000.0,78.0,43.0,84.1,100.0,880
2024-03-22T05:21:41.000000+00:00,236.1,50.1,235.6,50.1,228.9,50.1,5.6,1280.0,990.0,77.0,43.0,84.0,100.0,880
2024-03-22T05:22:41.000000+00:00,236.3,50.3,235.7,50.3,228.9,50.3,5.6,1280.0,1000.0,78.0,42.0,84.0,100.0,880
2024-03-22T05:23:41.000000+00:00,236.3,50.3,236.9,50.3,228.9,50.3,5.6,1270.0,1000.0,79.0,43.0,83.9,100.0,880
2024-03-22T05:24:41.000000+00:00,236.3,50.3,236.3,50.3,228.9,50.3,5.6,1270.0,1000.0,79.0,42.0,83.9,100.0,880
2024-03-22T05:25:41.000000+00:00,236.2,50.1,236.2,50.1,228.9,50.1,5.6,1280.0,990.0,77.0,43.0,83.9,100.0,880
2024-03-22T05:26:41.000000+00:00,236.9,50.3,236.5,50.3,228.9,50.3,5.5,1260.0,990.0,79.0,43.0,83.9,100.0,880
2024-03-22T05:27:41.000000+00:00,236.8,50.2,236.8,50.2,228.9,50.2,5.6,1270.0,990.0,78.0,43.0,83.9,100.0,880
2024-03-22T05:28:41.000000+00:00,236.8,50.4,236.8,50.4,228.9,50.4,5.5,1260.0,990.0,79.0,42.0,83.9,100.0,880
2024-03-22T05:29:41.000000+00:00,235.4,50.2,235.4,50.2,228.9,50.2,5.6,1280.0,1000.0,78.0,43.0,83.9,100.0,880
2024-03-22T05:30:41.000000+00:00,236.5,50.1,236.2,50.1,228.9,50.1,5.6,1280.0,990.0,77.0,43.0,83.9,100.0,880
2024-03-22T05:31:41.000000+00:00,235.2,50.0,235.2,50.0,228.9,50.0,5.6,1280.0,990.0,77.0,43.0,83.9,100.0,880
2024-03-22T05:32:41.000000+00:00,235.0,50.0,235.4,50.0,228.9,50.0,5.6,1290.0,1000.0,78.0,43.0,83.9,100.0,880
2024-03-22T05:33:41.000000+00:00,235.4,50.0,235.4,50.0,228.9,50.0,5.6,1280.0,990.0,77.0,43.0,83.8,100.0,880
2024-03-22T05:34:41.000000+00:00,235.0,49.9,235.0,49.9,228.9,49.9,5.6,1290.0,1000.0,78.0,43.0,83.8,100.0,880
2024-03-22T05:35:41.000000+00:00,233.9,49.9,234.1,49.9,228.9,49.9,5.6,1280.0,990.0,77.0,43.0,83.8,100.0,880
2024-03-22T05:36:41.000000+00:00,236.1,49.8,235.8,49.8,228.9,49.8,5.6,1290.0,1000.0,78.0,43.0,83.8,100.0,880
2024-03-22T05:37:41.000000+00:00,235.3,50.0,235.0,50.0,228.9,50.0,5.6,1290.0,1000.0,78.0,43.0,83.8,100.0,880
2024-03-22T05:38:41.000000+00:00,236.9,50.0,237.4,50.0,228.9,50.0,5.6,1280.0,990.0,77.0,43.0,83.8,100.0,880
2024-03-22T05:39:41.000000+00:00,238.2,50.3,238.2,50.3,228.9,50.3,5.5,1270.0,990.0,78.0,42.0,83.9,100.0,880
2024-03-22T05:40:41.000000+00:00,238.8,50.3,239.1,50.3,228.9,50.3,5.6,1280.0,1000.0,78.0,42.0,84.1,100.0,880
2024-03-22T05:41:41.000000+00:00,239.8,50.4,239.7,50.4,228.9,50.4,5.5,1270.0,1000.0,79.0,42.0,84.2,100.0,880
2024-03-22T05:42:41.000000+00:00,238.7,50.3,239.6,50.3,228.9,50.3,5.6,1270.0,1000.0,79.0,42.0,84.3,100.0,880
2024-03-22T05:43:41.000000+00:00,239.3,50.4,239.4,50.4,228.9,50.4,5.6,1270.0,1000.0,79.0,42.0,84.4,100.0,880
2024-03-22T05:44:41.000000+00:00,238.9,50.4,238.9,50.4,228.9,50.4,5.5,1270.0,990.0,78.0,42.0,84.4,100.0,880
2024-03-22T05:45:41.000000+00:00,238.3,50.3,237.8,50.4,228.9,50.4,5.5,1270.0,990.0,78.0,43.0,84.3,100.0,880
2024-03-22T05:46:41.000000+00:00,238.4,50.3,237.9,50.3,228.9,50.3,5.6,1270.0,1000.0,79.0,42.0,84.1,100.0,880
2024-03-22T05:47:41.000000+00:00,238.6,50.4,238.7,50.4,228.9,50.4,5.5,1270.0,990.0,78.0,42.0,84.1,100.0,880
2024-03-22T05:48:41.000000+00:00,239.2,50.4,238.8,50.4,228.9,50.4,5.5,1270.0,1000.0,79.0,43.0,84.0,100.0,880
2024-03-22T05:49:41.000000+00:00,239.0,50.3,239.0,50.3,228.9,50.4,5.6,1270.0,1000.0,79.0,42.0,84.0,100.0,880
2024-03-22T05:50:41.000000+00:00,238.7,50.3,238.7,50.3,228.9,50.3,5.6,1270.0,1000.0,79.0,43.0,83.9,100.0,880
2024-03-22T05:51:41.000000+00:00,238.1,50.2,238.1,50.2,228.9,50.2,5.6,1270.0,990.0,78.0,43.0,83.9,100.0,880
2024-03-22T05:52:41.000000+00:00,238.6,50.3,239.0,50.3,228.9,50.3,5.6,1270.0,1000.0,79.0,43.0,83.9,100.0,880
2024-03-22T05:53:41.000000+00:00,238.7,50.4,238.7,50.4,228.9,50.4,5.6,1270.0,1000.0,79.0,42.0,83.9,100.0,880
2024-03-22T05:54:41.000000+00:00,238.4,50.3,238.8,50.3,228.9,50.3,5.6,1270.0,990.0,78.0,42.0,83.9,100.0,880
2024-03-22T05:55:41.000000+00:00,238.8,50.4,238.8,50.4,228.9,50.4,5.6,1270.0,990.0,78.0,42.0,83.9,100.0,880
2024-03-22T05:56:41.000000+00:00,240.0,50.4,240.1,50.4,228.9,50.4,5.6,1270.0,1000.0,79.0,42.0,83.9,100.0,880
2024-03-22T05:57:41.000000+00:00,239.9,50.3,239.9,50.3,228.9,50.3,5.5,1270.0,990.0,78.0,42.0,83.8,100.0,880
2024-03-22T05:58:41.000000+00:00,239.0,50.3,239.1,50.3,228.9,50.3,5.5,1270.0,990.0,78.0,43.0,83.8,100.0,880
2024-03-22T05:59:41.000000+00:00,238.4,50.3,239.4,50.3,228.9,50.3,5.6,1270.0,1000.0,79.0,42.0,83.8,100.0,880
2024-03-22T06:00:41.000000+00:00,238.7,50.3,239.3,50.3,228.9,50.3,5.6,1280.0,1000.0,78.0,43.0,83.9,100.0,880
2024-03-22T06:01:41.000000+00:00,238.6,50.1,238.6,50.1,228.9,50.1,5.6,1290.0,1000.0,78.0,43.0,84.1,100.0,880
2024-03-22T06:02:41.000000+00:00,239.8,50.3,238.7,50.3,228.9,50.3,5.5,1270.0,990.0,78.0,42.0,84.2,100.0,880
2024-03-22T06:03:41.000000+00:00,237.6,50.3,238.1,50.3,228.9,50.3,5.5,1270.0,990.0,78.0,43.0,84.3,100.0,880
2024-03-22T06:04:41.000000+00:00,238.6,50.2,238.0,50.2,228.9,50.2,5.5,1270.0,990.0,78.0,42.0,84.3,100.0,880
2024-03-22T06:05:41.000000+00:00,237.3,50.2,237.9,50.2,228.9,50.2,5.6,1280.0,1000.0,78.0,42.0,84.4,100.0,880
2024-03-22T06:06:41.000000+00:00,238.1,50.1,238.6,50.1,228.9,50.1,5.6,1290.0,1000.0,78.0,43.0,84.3,100.0,880
2024-03-22T06:07:41.000000+00:00,237.2,50.1,237.2,50.1,228.9,50.1,5.6,1280.0,1000.0,78.0,43.0,84.1,100.0,880
2024-03-22T06:08:41.000000+00:00,238.1,50.2,238.1,50.2,228.9,50.2,5.6,1280.0,1000.0,78.0,43.0,84.0,100.0,880
2024-03-22T06:09:41.000000+00:00,238.1,50.0,238.1,50.0,228.9,50.0,5.6,1290.0,1000.0,78.0,43.0,84.0,100.0,880
2024-03-22T06:10:41.000000+00:00,237.9,50.0,237.9,50.0,229.0,50.0,5.6,1290.0,1000.0,78.0,43.0,84.0,100.0,880
2024-03-22T06:11:41.000000+00:00,237.8,50.1,237.8,50.1,228.9,50.1,5.6,1280.0,990.0,77.0,43.0,83.9,100.0,880
2024-03-22T06:12:41.000000+00:00,237.1,50.1,236.7,50.1,228.9,50.1,5.6,1290.0,1000.0,78.0,43.0,83.9,100.0,880
2024-03-22T06:13:41.000000+00:00,236.2,50.2,236.8,50.2,228.9,50.2,5.6,1280.0,1000.0,78.0,43.0,83.9,100.0,880
2024-03-22T06:14:41.000000+00:00,237.2,50.3,237.2,50.3,228.9,50.3,5.6,1280.0,1000.0,78.0,42.0,83.9,100.0,880
2024-03-22T06:15:41.000000+00:00,237.4,50.1,237.4,50.1,228.9,50.1,5.6,1290.0,1010.0,78.0,43.0,83.9,100.0,880
2024-03-22T06:16:41.000000+00:00,237.8,50.2,237.8,50.2,228.9,50.2,5.6,1270.0,990.0,78.0,43.0,83.9,100.0,880
2024-03-22T06:17:41.000000+00:00,237.3,50.1,237.3,50.1,228.9,50.1,5.6,1280.0,1000.0,78.0,43.0,83.8,100.0,880
2024-03-22T06:18:41.000000+00:00,236.8,50.1,237.8,50.1,228.9,50.1,5.6,1290.0,1000.0,78.0,43.0,84.0,100.0,880
2024-03-22T06:19:41.000000+00:00,238.5,50.2,238.5,50.2,228.9,50.2,5.6,1280.0,1000.0,78.0,43.0,84.2,100.0,880
2024-03-22T06:20:41.000000+00:00,237.5,50.0,237.5,50.0,228.9,49.9,5.6,1290.0,1000.0,78.0,43.0,84.2,100.0,880
2024-03-22T06:21:42.000000+00:00,238.2,50.0,238.2,50.0,228.9,50.0,5.6,1290.0,1000.0,78.0,43.0,84.3,100.0,880
2024-03-22T06:22:42.000000+00:00,237.6,50.2,237.6,50.2,228.9,50.1,5.6,1290.0,1010.0,78.0,43.0,84.4,100.0,880
2024-03-22T06:23:42.000000+00:00,238.2,50.2,237.7,50.1,228.9,50.2,5.6,1280.0,1000.0,78.0,43.0,84.4,100.0,880
2024-03-22T06:24:42.000000+00:00,238.3,50.2,237.3,50.2,228.9,50.2,5.6,1280.0,1000.0,78.0,43.0,84.3,100.0,880
2024-03-22T06:25:42.000000+00:00,236.5,50.0,236.6,50.0,228.9,50.0,5.6,1280.0,1000.0,78.0,43.0,84.1,100.0,880
2024-03-22T06:26:42.000000+00:00,237.3,49.9,236.3,49.9,228.9,49.9,5.7,1300.0,1010.0,78.0,43.0,84.0,100.0,880
2024-03-22T06:27:42.000000+00:00,236.7,49.9,237.1,49.9,228.9,49.9,5.6,1290.0,1000.0,78.0,43.0,84.0,100.0,880
2024-03-22T06:28:42.000000+00:00,236.2,49.8,236.7,49.8,228.9,49.8,5.7,1300.0,1010.0,78.0,43.0,83.9,100.0,880
2024-03-22T06:29:42.000000+00:00,236.6,49.9,236.5,49.9,228.9,49.9,5.6,1290.0,1000.0,78.0,43.0,83.9,100.0,880
2024-03-22T06:30:42.000000+00:00,236.5,50.1,236.5,50.1,228.9,50.1,5.6,1280.0,1000.0,78.0,43.0,83.9,100.0,880
2024-03-22T06:31:42.000000+00:00,237.0,50.3,236.8,50.3,228.9,50.3,5.6,1270.0,1000.0,79.0,43.0,83.9,100.0,880
2024-03-22T06:32:42.000000+00:00,236.0,50.1,236.5,50.1,228.9,50.1,5.6,1280.0,1000.0,78.0,43.0,83.9,100.0,880
2024-03-22T06:33:42.000000+00:00,237.3,50.1,237.3,50.1,228.9,50.1,5.6,1280.0,1000.0,78.0,43.0,83.9,100.0,880
2024-03-22T06:34:42.000000+00:00,236.7,50.1,236.7,50.1,228.9,50.1,5.6,1290.0,1010.0,78.0,43.0,84.1,100.0,880
2024-03-22T06:35:42.000000+00:00,236.8,50.3,236.8,50.3,228.9,50.3,5.6,1280.0,1000.0,78.0,42.0,84.2,100.0,880
2024-03-22T06:36:42.000000+00:00,237.1,50.2,236.7,50.2,228.9,50.2,5.6,1280.0,1000.0,78.0,43.0,84.3,100.0,880
2024-03-22T06:37:42.000000+00:00,237.0,50.3,237.8,50.3,228.9,50.3,5.6,1280.0,1000.0,78.0,42.0,84.3,100.0,880
2024-03-22T06:38:42.000000+00:00,236.6,50.3,236.6,50.3,228.9,50.3,5.6,1280.0,1000.0,78.0,43.0,84.4,100.0,880
2024-03-22T06:39:42.000000+00:00,237.3,50.3,237.3,50.3,228.9,50.3,5.6,1280.0,1000.0,78.0,42.0,84.4,100.0,880
2024-03-22T06:40:42.000000+00:00,235.6,50.3,236.6,50.3,228.9,50.3,5.6,1280.0,1000.0,78.0,43.0,84.3,100.0,880
2024-03-22T06:41:42.000000+00:00,235.5,50.1,235.6,50.1,228.9,50.1,5.7,1290.0,1010.0,78.0,43.0,84.1,100.0,880
2024-03-22T06:42:42.000000+00:00,236.2,50.3,236.2,50.3,228.9,50.3,5.6,1280.0,1000.0,78.0,43.0,84.0,100.0,880
2024-03-22T06:43:42.000000+00:00,235.7,50.3,235.7,50.3,228.9,50.3,5.5,1270.0,990.0,78.0,43.0,84.0,100.0,880
2024-03-22T06:44:42.000000+00:00,237.2,50.3,237.2,50.3,228.9,50.3,5.5,1270.0,1000.0,79.0,43.0,84.0,100.0,880
2024-03-22T06:45:42.000000+00:00,236.7,50.4,236.7,50.4,228.9,50.4,5.6,1280.0,1000.0,78.0,42.0,83.9,100.0,880
2024-03-22T06:46:42.000000+00:00,236.2,50.2,235.7,50.2,228.9,50.2,5.6,1280.0,1000.0,78.0,43.0,83.9,100.0,880
2024-03-22T06:47:42.000000+00:00,236.3,50.2,236.3,50.2,228.9,50.2,5.6,1280.0,1000.0,78.0,42.0,83.9,100.0,880
2024-03-22T06:48:42.000000+00:00,236.1,50.0,236.1,50.0,228.9,50.0,5.7,1300.0,1010.0,78.0,43.0,83.8,100.0,880
2024-03-22T06:49:42.000000+00:00,235.4,49.8,235.5,49.8,228.9,49.8,5.7,1300.0,1010.0,78.0,43.0,84.1,100.0,880
2024-03-22T06:50:42.000000+00:00,235.5,50.0,235.9,50.0,228.9,50.0,5.6,1280.0,1000.0,78.0,43.0,84.2,100.0,880
2024-03-22T06:51:42.000000+00:00,235.7,50.2,236.3,50.2,228.9,50.2,5.6,1280.0,1000.0,78.0,42.0,84.3,100.0,880
2024-03-22T06:52:42.000000+00:00,236.5,50.2,237.0,50.2,228.9,50.2,5.6,1280.0,1010.0,79.0,42.0,84.4,100.0,880
2024-03-22T06:53:42.000000+00:00,236.2,50.2,235.8,50.2,228.9,50.2,5.6,1280.0,1000.0,78.0,42.0,84.4,100.0,880
2024-03-22T06:54:42.000000+00:00,235.1,50.1,235.1,50.1,228.9,50.1,5.6,1280.0,1000.0,78.0,43.0,84.4,100.0,880
2024-03-22T06:55:42.000000+00:00,236.0,50.1,236.0,50.1,228.9,50.1,5.6,1280.0,1000.0,78.0,43.0,84.2,100.0,880
2024-03-22T06:56:42.000000+00:00,235.3,49.9,235.3,49.9,228.9,49.9,5.7,1300.0,1010.0,78.0,43.0,84.1,100.0,880
2024-03-22T06:57:42.000000+00:00,235.6,50.0,235.7,50.0,228.9,50.0,5.7,1290.0,1010.0,78.0,43.0,84.0,100.0,880
2024-03-22T06:58:42.000000+00:00,236.0,49.9,236.5,49.9,228.9,49.9,5.6,1290.0,1000.0,78.0,43.0,84.0,100.0,880
2024-03-22T06:59:42.000000+00:00,236.3,49.8,235.2,49.8,228.9,49.8,5.7,1300.0,1010.0,78.0,43.0,83.9,100.0,880
2024-03-22T07:00:42.000000+00:00,235.4,49.8,236.0,49.8,228.9,49.8,5.7,1310.0,1010.0,77.0,43.0,83.9,100.0,880
2024-03-22T07:01:42.000000+00:00,237.6,50.3,237.2,50.3,228.9,50.3,5.6,1280.0,1000.0,78.0,42.0,83.9,100.0,880
2024-03-22T07:02:42.000000+00:00,238.6,50.4,238.6,50.4,228.9,50.4,5.5,1270.0,1000.0,79.0,42.0,83.9,100.0,880
2024-03-22T07:03:42.000000+00:00,238.9,50.4,238.9,50.4,228.9,50.4,5.5,1270.0,990.0,78.0,42.0,84.0,100.0,880
2024-03-22T07:04:42.000000+00:00,239.1,50.2,239.1,50.2,228.9,50.2,5.6,1290.0,1010.0,78.0,43.0,84.2,100.0,880
2024-03-22T07:05:42.000000+00:00,238.6,50.2,237.7,50.2,228.9,50.2,5.6,1290.0,1000.0,78.0,43.0,84.3,100.0,880
2024-03-22T07:06:42.000000+00:00,238.1,50.2,238.4,50.2,228.9,50.2,5.6,1270.0,990.0,78.0,43.0,84.4,100.0,880
2024-03-22T07:07:42.000000+00:00,238.8,50.3,238.8,50.3,228.9,50.3,5.6,1270.0,1000.0,79.0,42.0,84.4,100.0,880
2024-03-22T07:08:42.000000+00:00,238.7,50.3,239.7,50.3,228.9,50.3,5.6,1270.0,990.0,78.0,43.0,84.4,100.0,880
2024-03-22T07:09:42.000000+00:00,238.1,50.2,238.6,50.2,228.9,50.2,5.6,1280.0,1000.0,78.0,43.0,84.3,100.0,880
2024-03-22T07:10:42.000000+00:00,237.2,50.1,237.2,50.1,228.9,50.1,5.6,1280.0,1000.0,78.0,43.0,84.2,100.0,880
2024-03-22T07:11:42.000000+00:00,237.5,50.2,237.9,50.2,228.9,50.2,5.6,1290.0,1010.0,78.0,43.0,84.0,100.0,880
2024-03-22T07:12:42.000000+00:00,237.7,50.1,237.7,50.1,228.9,50.1,5.6,1290.0,1010.0,78.0,43.0,84.0,100.0,880
2024-03-22T07:13:42.000000+00:00,237.8,50.1,237.7,50.1,228.9,50.1,5.6,1280.0,1000.0,78.0,43.0,83.9,100.0,880
2024-03-22T07:14:42.000000+00:00,236.7,50.0,236.7,50.0,228.9,49.9,5.6,1290.0,1000.0,78.0,43.0,83.9,100.0,880
2024-03-22T07:15:42.000000+00:00,237.6,49.9,237.1,49.9,228.9,49.9,5.6,1290.0,1000.0,78.0,43.0,83.9,100.0,880
2024-03-22T07:16:42.000000+00:00,237.7,49.9,237.3,49.9,228.9,49.9,5.6,1290.0,1000.0,78.0,43.0,83.9,100.0,880
2024-03-22T07:17:42.000000+00:00,237.8,49.9,237.8,49.9,228.9,49.9,5.6,1290.0,1000.0,78.0,43.0,83.9,100.0,880
2024-03-22T07:18:42.000000+00:00,236.5,49.9,237.5,49.9,228.9,49.9,5.6,1300.0,1000.0,77.0,43.0,84.1,100.0,880
2024-03-22T07:19:43.000000+00:00,238.0,50.0,238.0,50.0,228.9,50.0,5.6,1280.0,1000.0,78.0,43.0,84.3,100.0,880
2024-03-22T07:20:43.000000+00:00,238.2,50.0,238.2,50.0,228.9,50.0,5.6,1290.0,1010.0,78.0,43.0,84.3,100.0,880
2024-03-22T07:21:43.000000+00:00,237.9,49.9,237.8,49.9,228.9,49.9,5.6,1290.0,1000.0,78.0,43.0,84.4,100.0,880
2024-03-22T07:22:43.000000+00:00,236.8,49.9,236.8,49.9,228.9,49.9,5.7,1300.0,1010.0,78.0,43.0,84.4,100.0,880
2024-03-22T07:23:43.000000+00:00,237.2,49.9,236.6,49.9,228.9,49.9,5.6,1290.0,1000.0,78.0,43.0,84.3,100.0,880
2024-03-22T07:24:43.000000+00:00,237.4,50.0,237.0,50.0,228.9,50.0,5.6,1290.0,1000.0,78.0,43.0,84.1,100.0,880
2024-03-22T07:25:43.000000+00:00,236.5,50.0,236.5,50.0,228.9,50.0,5.6,1290.0,1000.0,78.0,43.0,84.0,100.0,880
2024-03-22T07:26:43.000000+00:00,235.8,49.9,235.8,49.9,228.9,49.9,5.7,1300.0,1010.0,78.0,43.0,84.0,100.0,880
2024-03-22T07:27:43.000000+00:00,237.5,50.1,237.5,50.1,228.9,50.1,5.6,1290.0,1000.0,78.0,43.0,83.9,100.0,880
2024-03-22T07:28:43.000000+00:00,237.2,50.2,237.8,50.2,228.9,50.2,5.6,1280.0,1000.0,78.0,43.0,83.9,100.0,880
2024-03-22T07:29:43.000000+00:00,238.4,50.2,238.4,50.2,228.9,50.2,5.5,1270.0,990.0,78.0,42.0,83.9,100.0,880
2024-03-22T07:30:43.000000+00:00,237.9,50.1,237.9,50.1,228.9,50.1,5.6,1290.0,1000.0,78.0,43.0,83.9,100.0,880
2024-03-22T07:31:43.000000+00:00,238.0,50.1,237.0,50.1,228.9,50.1,5.6,1280.0,1000.0,78.0,43.0,84.1,100.0,880
2024-03-22T07:32:43.000000+00:00,237.6,50.1,237.6,50.1,228.9,50.1,5.6,1280.0,1000.0,78.0,43.0,84.2,100.0,880
2024-03-22T07:33:43.000000+00:00,238.2,50.1,238.2,50.1,228.9,50.1,5.6,1280.0,1000.0,78.0,43.0,84.3,100.0,880
2024-03-22T07:34:43.000000+00:00,237.7,50.1,237.8,50.1,228.9,50.1,5.6,1290.0,1000.0,78.0,43.0,84.4,100.0,880
2024-03-22T07:35:43.000000+00:00,237.7,50.1,237.7,50.1,228.9,50.1,5.6,1280.0,990.0,77.0,43.0,84.4,100.0,880
2024-03-22T07:36:43.000000+00:00,237.1,50.1,237.0,50.1,228.9,50.1,5.6,1280.0,1000.0,78.0,43.0,84.4,100.0,880
2024-03-22T07:37:43.000000+00:00,238.8,50.1,238.3,50.1,228.9,50.1,5.6,1290.0,1010.0,78.0,43.0,84.2,100.0,880
2024-03-22T07:38:43.000000+00:00,236.8,49.7,237.1,49.7,228.9,49.7,5.6,1290.0,1000.0,78.0,43.0,84.1,100.0,880
2024-03-22T07:39:43.000000+00:00,236.5,49.8,236.5,49.8,228.9,49.8,5.7,1300.0,1000.0,77.0,43.0,84.0,100.0,880
2024-03-22T07:40:43.000000+00:00,236.8,49.9,236.8,49.9,228.9,49.9,5.6,1290.0,1000.0,78.0,43.0,84.0,100.0,880
2024-03-22T07:41:43.000000+00:00,238.2,50.1,237.3,50.1,228.9,50.1,5.6,1290.0,1010.0,78.0,43.0,83.9,100.0,880
2024-03-22T07:42:43.000000+00:00,238.7,50.4,238.2,50.4,228.9,50.4,5.6,1270.0,990.0,78.0,42.0,83.9,100.0,880
2024-03-22T07:43:43.000000+00:00,238.8,50.2,238.8,50.2,228.9,50.2,5.6,1270.0,990.0,78.0,43.0,83.9,100.0,880
2024-03-22T07:44:43.000000+00:00,237.9,50.0,237.9,50.0,228.9,50.0,5.6,1280.0,1000.0,78.0,43.0,83.9,100.0,880
2024-03-22T07:45:43.000000+00:00,237.8,50.0,237.9,50.0,228.9,50.0,5.6,1290.0,1010.0,78.0,43.0,84.1,100.0,880
2024-03-22T07:46:43.000000+00:00,236.8,50.0,236.8,50.0,228.9,50.0,5.6,1290.0,1000.0,78.0,43.0,84.3,100.0,880
2024-03-22T07:47:43.000000+00:00,236.8,50.1,236.8,50.1,228.9,50.1,5.6,1290.0,1000.0,78.0,43.0,84.3,100.0,880
2024-03-22T07:48:43.000000+00:00,236.7,49.8,236.2,49.8,228.9,49.8,5.6,1290.0,1000.0,78.0,43.0,84.4,100.0,880
2024-03-22T07:49:43.000000+00:00,237.1,50.2,237.1,50.2,228.9,50.2,5.5,1270.0,990.0,78.0,43.0,84.4,100.0,880
2024-03-22T07:50:43.000000+00:00,237.4,50.1,237.4,50.2,228.9,50.2,5.6,1280.0,1000.0,78.0,43.0,84.4,100.0,880
2024-03-22T07:51:43.000000+00:00,238.4,50.2,238.4,50.2,228.9,50.2,5.6,1270.0,990.0,78.0,43.0,84.2,100.0,880
2024-03-22T07:52:43.000000+00:00,237.3,50.1,237.3,50.1,228.9,50.1,5.6,1290.0,1010.0,78.0,43.0,84.0,100.0,880
2024-03-22T07:53:43.000000+00:00,237.1,50.1,237.1,50.1,228.9,50.1,5.6,1280.0,1000.0,78.0,43.0,84.0,100.0,880
2024-03-22T07:54:43.000000+00:00,236.5,50.0,236.5,50.0,228.9,50.0,5.6,1290.0,1000.0,78.0,43.0,83.9,100.0,880
2024-03-22T07:55:43.000000+00:00,235.8,49.9,236.8,49.9,228.9,49.9,5.6,1290.0,1000.0,78.0,43.0,83.9,100.0,880
2024-03-22T07:56:43.000000+00:00,235.2,49.8,235.2,49.8,228.9,49.8,5.9,1340.0,1050.0,78.0,43.0,83.9,100.0,880
2024-03-22T07:57:43.000000+00:00,236.4,50.0,235.8,50.0,228.9,50.0,5.6,1280.0,1000.0,78.0,43.0,83.9,100.0,880
2024-03-22T07:58:43.000000+00:00,237.4,50.3,237.4,50.3,228.9,50.3,5.6,1270.0,990.0,78.0,43.0,84.0,100.0,906
2024-03-22T07:59:43.000000+00:00,236.8,50.3,237.2,50.3,228.9,50.3,5.6,1270.0,990.0,78.0,43.0,84.1,100.0,832
2024-03-22T08:00:43.000000+00:00,237.7,50.1,237.7,50.1,228.9,50.1,5.6,1280.0,1000.0,78.0,44.0,84.3,100.0,893
2024-03-22T08:01:43.000000+00:00,238.2,50.2,238.2,50.2,228.9,50.2,5.6,1290.0,1010.0,78.0,43.0,84.4,100.0,893
2024-03-22T08:02:43.000000+00:00,237.6,50.1,237.6,50.1,228.9,50.1,5.6,1290.0,1000.0,78.0,43.0,84.4,100.0,880
2024-03-22T08:03:43.000000+00:00,238.0,50.2,237.5,50.2,228.9,50.2,5.6,1280.0,1000.0,78.0,43.0,84.4,100.0,880
2024-03-22T08:04:43.000000+00:00,237.6,50.1,237.6,50.1,228.9,50.1,5.6,1280.0,1000.0,78.0,43.0,84.3,100.0,880
2024-03-22T08:05:43.000000+00:00,237.3,50.1,238.2,50.1,228.9,50.1,5.6,1280.0,1000.0,78.0,43.0,84.1,100.0,880
2024-03-22T08:06:43.000000+00:00,237.5,50.1,237.5,50.1,228.9,50.1,5.6,1280.0,1000.0,78.0,43.0,84.0,100.0,880
2024-03-22T08:07:43.000000+00:00,236.3,50.2,237.4,50.2,228.9,50.2,5.6,1290.0,1010.0,78.0,43.0,84.0,100.0,880
2024-03-22T08:08:43.000000+00:00,235.8,50.1,235.8,50.1,228.9,50.1,5.6,1280.0,1000.0,78.0,43.0,83.9,100.0,880
2024-03-22T08:09:43.000000+00:00,237.2,50.2,236.7,50.2,228.9,50.2,5.6,1280.0,1000.0,78.0,43.0,83.9,100.0,880
2024-03-22T08:10:43.000000+00:00,236.0,50.1,236.0,50.1,228.9,50.1,5.6,1290.0,1000.0,78.0,43.0,83.9,100.0,880
2024-03-22T08:11:43.000000+00:00,235.9,50.1,235.7,50.1,228.9,50.1,5.7,1300.0,1010.0,78.0,42.0,83.8,100.0,880
2024-03-22T08:12:43.000000+00:00,237.7,50.0,237.7,50.0,228.9,50.0,5.6,1290.0,1000.0,78.0,43.0,83.9,100.0,880
2024-03-22T08:13:43.000000+00:00,236.1,50.1,236.9,50.1,228.9,50.1,5.6,1290.0,1000.0,78.0,43.0,84.1,100.0,880
2024-03-22T08:14:43.000000+00:00,235.1,50.0,235.1,50.0,228.9,50.0,5.6,1290.0,1000.0,78.0,43.0,84.2,100.0,880
2024-03-22T08:15:43.000000+00:00,236.0,50.0,236.0,50.0,228.9,50.0,5.6,1290.0,1000.0,78.0,43.0,84.3,100.0,880
2024-03-22T08:16:43.000000+00:00,236.0,50.1,236.0,50.1,228.9,50.1,5.6,1290.0,1000.0,78.0,43.0,84.4,100.0,880
2024-03-22T08:17:43.000000+00:00,235.6,50.1,235.6,50.1,228.9,50.1,5.6,1280.0,990.0,77.0,43.0,84.4,100.0,880
2024-03-22T08:18:43.000000+00:00,235.5,50.1,235.5,50.1,228.9,50.1,5.6,1290.0,1000.0,78.0,43.0,84.4,100.0,880
2024-03-22T08:19:44.000000+00:00,236.6,50.2,236.6,50.2,228.9,50.2,5.6,1270.0,1000.0,79.0,43.0,84.1,100.0,880
2024-03-22T08:20:44.000000+00:00,236.8,50.3,236.7,50.3,228.9,50.3,5.5,1270.0,990.0,78.0,43.0,84.0,100.0,880
2024-03-22T08:21:44.000000+00:00,237.5,50.2,237.5,50.2,228.9,50.2,5.6,1280.0,1000.0,78.0,43.0,84.0,100.0,880
2024-03-22T08:22:44.000000+00:00,237.6,50.3,237.6,50.3,228.9,50.3,5.5,1270.0,990.0,78.0,43.0,83.9,100.0,880
2024-03-22T08:23:44.000000+00:00,238.9,50.3,238.8,50.3,228.9,50.3,5.5,1270.0,1000.0,79.0,42.0,83.9,100.0,880
2024-03-22T08:24:44.000000+00:00,238.3,50.3,238.9,50.3,228.9,50.3,5.6,1280.0,1000.0,78.0,42.0,83.9,100.0,880
2024-03-22T08:25:44.000000+00:00,238.1,50.1,238.1,50.1,228.9,50.1,5.6,1280.0,1000.0,78.0,42.0,83.9,100.0,880
2024-03-22T08:26:44.000000+00:00,238.7,50.3,238.7,50.3,228.9,50.3,5.6,1280.0,1000.0,78.0,43.0,83.8,100.0,880
2024-03-22T08:27:44.000000+00:00,237.6,50.0,237.6,50.0,228.9,50.0,5.6,1290.0,1000.0,78.0,43.0,84.0,100.0,880
2024-03-22T08:28:44.000000+00:00,238.4,49.7,237.6,49.7,228.9,49.7,5.7,1310.0,1010.0,77.0,43.0,84.2,100.0,880
2024-03-22T08:29:44.000000+00:00,238.2,49.9,238.2,49.9,228.9,49.9,5.6,1290.0,1000.0,78.0,43.0,84.3,100.0,880
2024-03-22T08:30:44.000000+00:00,237.9,49.8,237.9,49.8,228.9,49.8,5.6,1290.0,1000.0,78.0,44.0,84.3,100.0,880
2024-03-22T08:31:44.000000+00:00,237.8,49.9,238.8,49.9,228.9,49.9,5.6,1290.0,1000.0,78.0,43.0,84.4,100.0,880
2024-03-22T08:32:44.000000+00:00,238.8,50.4,238.8,50.4,228.9,50.4,5.5,1260.0,990.0,79.0,42.0,84.4,100.0,880
2024-03-22T08:33:44.000000+00:00,238.7,50.4,238.8,50.4,228.9,50.4,5.6,1290.0,1010.0,78.0,42.0,84.3,100.0,880
2024-03-22T08:34:44.000000+00:00,239.3,50.2,239.3,50.2,228.9,50.2,5.6,1290.0,1010.0,78.0,43.0,84.1,100.0,880
2024-03-22T08:35:44.000000+00:00,237.6,50.2,238.5,50.2,228.9,50.2,5.6,1270.0,990.0,78.0,43.0,84.0,100.0,880
2024-03-22T08:36:44.000000+00:00,238.8,50.3,238.8,50.4,228.9,50.3,5.5,1270.0,1000.0,79.0,43.0,83.9,100.0,880
2024-03-22T08:37:44.000000+00:00,239.1,50.2,238.1,50.2,228.9,50.2,5.6,1270.0,990.0,78.0,43.0,83.9,100.0,880
2024-03-22T08:38:44.000000+00:00,238.3,50.2,237.8,50.3,228.9,50.2,5.6,1270.0,990.0,78.0,43.0,83.9,100.0,880
2024-03-22T08:39:44.000000+00:00,237.4,49.9,237.4,49.9,228.9,49.9,5.6,1300.0,1000.0,77.0,43.0,83.9,100.0,880
2024-03-22T08:40:44.000000+00:00,237.4,49.7,237.4,49.7,228.9,49.7,5.7,1300.0,1000.0,77.0,43.0,83.8,100.0,880
2024-03-22T08:41:44.000000+00:00,239.3,49.9,239.8,50.0,228.9,49.9,5.7,1290.0,1010.0,78.0,43.0,84.0,100.0,880
2024-03-22T08:42:44.000000+00:00,238.6,50.1,238.6,50.1,228.9,50.1,5.6,1280.0,1000.0,78.0,43.0,84.1,100.0,880
2024-03-22T08:43:44.000000+00:00,239.9,50.1,239.9,50.1,228.9,50.1,5.6,1280.0,990.0,77.0,43.0,84.3,100.0,880
2024-03-22T08:44:44.000000+00:00,239.1,50.0,239.6,50.0,228.9,50.0,5.6,1290.0,1010.0,78.0,43.0,84.3,100.0,880
2024-03-22T08:45:44.000000+00:00,239.5,50.2,239.5,50.2,228.9,50.2,5.6,1280.0,1000.0,78.0,43.0,84.3,100.0,880
2024-03-22T08:46:44.000000+00:00,239.3,50.0,238.8,50.0,228.9,50.0,5.6,1290.0,1000.0,78.0,43.0,84.4,100.0,880
2024-03-22T08:47:44.000000+00:00,238.8,49.9,238.8,49.9,228.9,49.9,5.6,1290.0,1000.0,78.0,43.0,84.3,100.0,880
2024-03-22T08:48:44.000000+00:00,238.9,50.0,238.4,50.0,228.9,50.0,5.6,1290.0,1000.0,78.0,43.0,84.1,100.0,880
2024-03-22T08:49:44.000000+00:00,238.3,50.0,238.3,50.0,228.9,50.0,5.6,1290.0,1000.0,78.0,43.0,84.0,100.0,880
2024-03-22T08:50:44.000000+00:00,237.8,49.8,237.3,49.8,228.9,49.7,5.7,1300.0,1010.0,78.0,43.0,83.9,100.0,880
2024-03-22T08:51:44.000000+00:00,237.9,50.0,238.0,50.0,228.9,50.0,5.6,1290.0,1000.0,78.0,43.0,83.9,100.0,880
2024-03-22T08:52:44.000000+00:00,238.1,50.2,238.1,50.2,228.9,50.2,5.6,1280.0,1010.0,79.0,43.0,83.9,100.0,880
2024-03-22T08:53:44.000000+00:00,238.9,50.3,238.9,50.3,228.9,50.3,5.6,1280.0,1000.0,78.0,42.0,83.8,100.0,880
2024-03-22T08:54:44.000000+00:00,238.8,50.1,238.8,50.1,228.9,50.1,5.6,1280.0,1000.0,78.0,43.0,84.0,100.0,880
2024-03-22T08:55:44.000000+00:00,238.7,50.1,238.7,50.1,228.9,50.1,5.6,1280.0,1000.0,78.0,43.0,84.1,100.0,880
2024-03-22T08:56:44.000000+00:00,239.1,50.1,239.1,50.1,228.9,50.1,5.6,1280.0,990.0,77.0,43.0,84.3,100.0,880
2024-03-22T08:57:44.000000+00:00,239.0,50.3,239.0,50.3,228.9,50.3,5.6,1270.0,1000.0,79.0,43.0,84.3,100.0,880
2024-03-22T08:58:44.000000+00:00,239.0,50.1,239.0,50.1,228.9,50.1,5.6,1280.0,1000.0,78.0,43.0,84.4,100.0,880
2024-03-22T08:59:44.000000+00:00,238.7,50.1,238.7,50.1,228.9,50.1,5.6,1280.0,1000.0,78.0,42.0,84.4,100.0,880
2024-03-22T09:00:44.000000+00:00,238.2,50.1,238.3,50.1,228.9,50.1,5.6,1290.0,1000.0,78.0,43.0,84.2,100.0,880
2024-03-22T09:01:44.000000+00:00,239.7,50.2,239.7,50.2,228.9,50.3,5.6,1280.0,1000.0,78.0,43.0,84.1,100.0,880
2024-03-22T09:02:44.000000+00:00,240.2,50.4,240.2,50.4,228.9,50.4,5.5,1270.0,990.0,78.0,42.0,84.0,100.0,880
2024-03-22T09:03:44.000000+00:00,239.1,50.2,239.1,50.2,228.9,50.2,5.6,1280.0,1000.0,78.0,43.0,83.9,100.0,880
2024-03-22T09:04:44.000000+00:00,239.3,50.3,239.3,50.3,228.9,50.3,5.6,1270.0,1000.0,79.0,43.0,83.9,100.0,880
2024-03-22T09:05:44.000000+00:00,239.2,50.2,239.1,50.2,228.9,50.2,5.6,1280.0,1000.0,78.0,43.0,83.9,100.0,880
2024-03-22T09:06:44.000000+00:00,240.4,50.2,240.4,50.2,228.9,50.3,5.5,1270.0,990.0,78.0,42.0,83.8,100.0,880
2024-03-22T09:07:44.000000+00:00,239.8,50.4,240.4,50.4,228.9,50.4,5.6,1280.0,1000.0,78.0,43.0,84.0,100.0,880
2024-03-22T09:08:44.000000+00:00,237.9,50.5,237.4,50.5,228.9,50.5,5.5,1260.0,990.0,79.0,42.0,84.1,100.0,880
2024-03-22T09:09:44.000000+00:00,236.3,50.4,236.3,50.4,228.9,50.4,5.5,1270.0,990.0,78.0,42.0,84.2,100.0,880
2024-03-22T09:10:44.000000+00:00,237.4,50.4,237.4,50.4,228.9,50.4,5.6,1270.0,1000.0,79.0,42.0,84.3,100.0,880
2024-03-22T09:11:45.000000+00:00,236.7,50.3,236.7,50.3,228.9,50.3,5.6,1270.0,1000.0,79.0,43.0,84.4,100.0,880
2024-03-22T09:12:45.000000+00:00,234.9,49.8,234.9,49.8,228.9,49.8,5.7,1300.0,1000.0,77.0,43.0,84.4,100.0,880
2024-03-22T09:13:45.000000+00:00,234.5,49.7,234.5,49.7,228.9,49.7,5.6,1290.0,1000.0,78.0,43.0,84.3,100.0,880
2024-03-22T09:14:45.000000+00:00,235.2,50.4,235.2,50.4,228.9,50.4,5.5,1270.0,990.0,78.0,42.0,84.1,100.0,880
2024-03-22T09:15:45.000000+00:00,235.8,50.5,235.8,50.5,228.9,50.5,5.5,1260.0,990.0,79.0,42.0,84.0,100.0,880
2024-03-22T09:16:45.000000+00:00,235.7,50.3,236.2,50.3,228.9,50.3,5.5,1270.0,990.0,78.0,42.0,83.9,100.0,880
2024-03-22T09:17:45.000000+00:00,234.6,50.4,235.0,50.4,228.9,50.4,5.5,1270.0,990.0,78.0,42.0,83.9,100.0,880
2024-03-22T09:18:45.000000+00:00,234.1,50.2,234.9,50.2,228.9,50.2,5.6,1270.0,990.0,78.0,42.0,83.9,100.0,880
2024-03-22T09:19:45.000000+00:00,234.2,50.4,234.0,50.4,228.9,50.4,5.5,1270.0,990.0,78.0,43.0,83.8,100.0,880
2024-03-22T09:20:45.000000+00:00,234.3,50.4,234.3,50.4,228.9,50.4,5.5,1270.0,990.0,78.0,42.0,83.8,100.0,880
2024-03-22T09:21:45.000000+00:00,235.0,50.3,234.6,50.3,228.9,50.3,5.5,1270.0,1000.0,79.0,42.0,84.0,100.0,880
2024-03-22T09:22:45.000000+00:00,235.1,50.4,235.5,50.4,228.9,50.4,5.5,1260.0,990.0,79.0,42.0,84.1,100.0,880
2024-03-22T09:23:45.000000+00:00,234.5,50.3,235.6,50.3,228.9,50.3,5.6,1270.0,990.0,78.0,42.0,84.3,100.0,880
2024-03-22T09:24:45.000000+00:00,235.4,50.2,235.4,50.2,228.9,50.3,5.6,1270.0,990.0,78.0,42.0,84.3,100.0,880
2024-03-22T09:25:45.000000+00:00,234.7,50.4,234.8,50.4,228.9,50.4,5.5,1270.0,990.0,78.0,42.0,84.3,100.0,880
2024-03-22T09:26:45.000000+00:00,234.5,50.2,233.8,50.2,228.9,50.2,5.6,1280.0,1000.0,78.0,43.0,84.4,100.0,880
2024-03-22T09:27:45.000000+00:00,234.0,50.1,234.2,50.1,228.9,50.1,5.6,1290.0,1000.0,78.0,43.0,84.3,100.0,880
2024-03-22T09:28:45.000000+00:00,234.9,50.1,234.9,50.1,228.9,50.1,5.6,1290.0,1000.0,78.0,43.0,84.1,100.0,880
2024-03-22T09:29:45.000000+00:00,235.0,50.1,235.1,50.1,228.9,50.1,5.6,1280.0,990.0,77.0,43.0,84.0,100.0,880
2024-03-22T09:30:45.000000+00:00,234.8,50.0,235.2,50.0,228.9,50.0,5.6,1290.0,1000.0,78.0,43.0,83.9,100.0,880
2024-03-22T09:31:45.000000+00:00,234.8,49.8,235.7,49.8,228.9,49.8,5.6,1290.0,1000.0,78.0,43.0,83.9,100.0,880
2024-03-22T09:32:45.000000+00:00,237.2,50.4,237.2,50.4,228.9,50.4,5.5,1260.0,990.0,79.0,42.0,83.9,100.0,880
2024-03-22T09:33:45.000000+00:00,238.0,50.6,237.8,50.6,228.9,50.6,5.5,1260.0,990.0,79.0,42.0,83.8,100.0,880
2024-03-22T09:34:45.000000+00:00,238.1,50.5,238.1,50.5,228.9,50.5,5.6,1270.0,1000.0,79.0,42.0,83.8,100.0,880
2024-03-22T09:35:45.000000+00:00,238.2,50.5,237.8,50.5,228.9,50.5,5.5,1260.0,990.0,79.0,42.0,84.0,100.0,880
2024-03-22T09:36:45.000000+00:00,238.6,50.6,238.6,50.6,228.9,50.6,5.5,1270.0,990.0,78.0,42.0,84.1,100.0,880
2024-03-22T09:37:45.000000+00:00,238.3,50.5,238.7,50.5,228.9,50.5,5.5,1260.0,990.0,79.0,42.0,84.3,100.0,880
2024-03-22T09:38:45.000000+00:00,239.0,50.5,239.1,50.5,228.9,50.5,5.5,1260.0,990.0,79.0,42.0,84.3,100.0,880
2024-03-22T09:39:45.000000+00:00,238.9,50.5,238.9,50.5,228.9,50.5,5.5,1270.0,990.0,78.0,42.0,84.3,100.0,880
2024-03-22T09:40:45.000000+00:00,238.8,50.5,238.8,50.5,228.9,50.5,5.5,1260.0,990.0,79.0,42.0,84.4,100.0,880
2024-03-22T09:41:45.000000+00:00,238.1,50.5,238.1,50.5,228.9,50.5,5.5,1270.0,1000.0,79.0,42.0,84.2,100.0,880
2024-03-22T09:42:45.000000+00:00,239.2,50.5,238.7,50.5,228.9,50.5,5.6,1270.0,1000.0,79.0,42.0,84.1,100.0,880
2024-03-22T09:43:45.000000+00:00,238.0,50.5,238.0,50.5,228.9,50.5,5.5,1270.0,1000.0,79.0,42.0,84.0,100.0,880
2024-03-22T09:44:45.000000+00:00,237.8,50.5,237.8,50.5,228.9,50.5,5.5,1260.0,990.0,79.0,42.0,83.9,100.0,880
2024-03-22T09:45:45.000000+00:00,241.3,50.5,240.8,50.5,228.9,50.5,5.5,1270.0,1000.0,79.0,42.0,83.9,100.0,880
2024-03-22T09:46:45.000000+00:00,237.7,50.5,237.8,50.5,228.9,50.5,5.5,1260.0,990.0,79.0,42.0,83.9,100.0,880
2024-03-22T09:47:45.000000+00:00,237.4,50.5,237.4,50.5,228.9,50.5,5.5,1260.0,990.0,79.0,42.0,83.9,100.0,880
2024-03-22T09:48:45.000000+00:00,234.4,50.3,235.4,50.3,228.9,50.3,5.6,1270.0,1000.0,79.0,42.0,83.8,100.0,880
2024-03-22T09:49:45.000000+00:00,234.2,50.4,234.2,50.4,228.9,50.4,5.6,1270.0,1000.0,79.0,42.0,84.0,100.0,880
2024-03-22T09:50:45.000000+00:00,234.3,50.4,234.2,50.4,228.9,50.4,5.5,1270.0,1000.0,79.0,42.0,84.2,100.0,880
2024-03-22T09:51:45.000000+00:00,234.4,50.2,233.4,50.2,228.9,50.2,5.6,1280.0,990.0,77.0,43.0,84.3,100.0,880
2024-03-22T09:52:45.000000+00:00,236.5,49.9,236.5,49.9,228.9,49.9,5.6,1290.0,1000.0,78.0,43.0,84.3,100.0,880
2024-03-22T09:53:45.000000+00:00,236.8,49.9,236.8,49.9,228.9,49.9,5.7,1300.0,1010.0,78.0,43.0,84.3,100.0,880
2024-03-22T09:54:45.000000+00:00,236.8,50.0,237.4,50.0,228.9,50.0,5.6,1280.0,1000.0,78.0,43.0,84.4,100.0,880
2024-03-22T09:55:45.000000+00:00,237.4,50.4,237.4,50.4,228.9,50.4,5.5,1270.0,1000.0,79.0,42.0,84.3,100.0,880
2024-03-22T09:56:45.000000+00:00,237.5,50.4,237.0,50.4,228.9,50.4,5.5,1270.0,990.0,78.0,42.0,84.1,100.0,880
2024-03-22T09:57:45.000000+00:00,236.7,50.1,236.8,50.1,228.9,50.1,5.6,1290.0,1000.0,78.0,43.0,84.0,100.0,880
2024-03-22T09:58:45.000000+00:00,238.5,50.1,237.3,50.1,228.9,50.1,5.6,1290.0,1000.0,78.0,43.0,84.0,100.0,880
2024-03-22T09:59:45.000000+00:00,237.8,50.0,237.8,50.0,228.9,50.0,5.6,1280.0,990.0,77.0,43.0,83.9,100.0,880
2024-03-22T10:00:45.000000+00:00,238.5,50.2,239.6,50.2,228.9,50.2,5.6,1280.0,1000.0,78.0,43.0,83.9,100.0,880
2024-03-22T10:01:45.000000+00:00,239.3,50.1,239.3,50.2,228.9,50.1,5.6,1280.0,1000.0,78.0,43.0,83.9,100.0,880
2024-03-22T10:02:45.000000+00:00,239.5,50.0,239.6,50.0,228.9,50.0,5.6,1290.0,1000.0,78.0,43.0,83.9,100.0,880
2024-03-22T10:03:45.000000+00:00,239.8,50.0,239.8,50.0,228.9,50.0,5.6,1280.0,1000.0,78.0,43.0,83.9,100.0,880
2024-03-22T10:04:45.000000+00:00,239.5,49.7,239.5,49.7,228.9,49.7,5.7,1300.0,1010.0,78.0,43.0,84.0,100.0,880
2024-03-22T10:05:45.000000+00:00,240.4,49.9,240.4,49.9,228.9,49.9,5.7,1300.0,1010.0,78.0,43.0,84.2,100.0,880
2024-03-22T10:06:46.000000+00:00,240.4,49.8,240.0,49.8,228.9,49.8,5.6,1290.0,1000.0,78.0,43.0,84.3,100.0,880
2024-03-22T10:07:46.000000+00:00,240.4,49.8,240.9,49.8,228.9,49.8,5.7,1300.0,1000.0,77.0,43.0,84.3,100.0,880
2024-03-22T10:08:46.000000+00:00,240.3,49.8,240.6,49.8,228.9,49.8,5.7,1300.0,1010.0,78.0,43.0,84.3,100.0,880
2024-03-22T10:09:46.000000+00:00,240.5,49.9,241.3,49.9,228.9,49.9,5.6,1290.0,1000.0,78.0,43.0,84.3,100.0,880
2024-03-22T10:10:46.000000+00:00,237.3,50.3,237.9,50.3,228.9,50.3,5.5,1270.0,990.0,78.0,43.0,84.2,100.0,880
2024-03-22T10:11:46.000000+00:00,237.4,50.3,238.4,50.3,228.9,50.3,5.5,1270.0,990.0,78.0,42.0,84.1,100.0,880
2024-03-22T10:12:46.000000+00:00,238.1,50.2,237.6,50.2,228.9,50.2,5.6,1280.0,1000.0,78.0,43.0,84.0,100.0,880
2024-03-22T10:13:46.000000+00:00,237.4,50.1,237.2,50.1,228.9,50.1,5.6,1280.0,1000.0,78.0,43.0,83.9,100.0,880
2024-03-22T10:14:46.000000+00:00,235.9,49.9,235.9,49.9,228.9,49.9,5.6,1290.0,1000.0,78.0,43.0,83.9,100.0,880
2024-03-22T10:15:46.000000+00:00,237.4,50.3,237.4,50.3,228.9,50.3,5.5,1270.0,990.0,78.0,42.0,83.9,100.0,880
2024-03-22T10:16:46.000000+00:00,237.1,50.3,237.6,50.3,228.9,50.3,5.6,1280.0,1000.0,78.0,43.0,83.8,100.0,880
2024-03-22T10:17:46.000000+00:00,236.6,50.1,236.6,50.1,228.9,50.1,5.6,1280.0,1000.0,78.0,43.0,83.8,100.0,880
2024-03-22T10:18:46.000000+00:00,236.9,50.0,236.9,50.0,228.9,50.0,5.6,1290.0,1000.0,78.0,43.0,84.0,100.0,880
2024-03-22T10:19:46.000000+00:00,236.9,50.3,237.8,50.3,228.9,50.3,5.6,1270.0,990.0,78.0,42.0,84.2,100.0,880
2024-03-22T10:20:46.000000+00:00,236.0,50.1,236.5,50.2,228.9,50.2,5.6,1280.0,1000.0,78.0,43.0,84.3,100.0,880
2024-03-22T10:21:46.000000+00:00,236.3,50.2,236.3,50.2,228.9,50.2,5.6,1280.0,1000.0,78.0,42.0,84.3,100.0,880
2024-03-22T10:22:46.000000+00:00,236.3,50.2,236.3,50.2,228.9,50.2,5.5,1270.0,990.0,78.0,42.0,84.3,100.0,880
2024-03-22T10:23:46.000000+00:00,236.9,50.4,236.9,50.4,228.9,50.4,5.6,1270.0,1000.0,79.0,43.0,84.3,100.0,880
2024-03-22T10:24:46.000000+00:00,236.9,50.2,236.9,50.2,228.9,50.2,5.6,1270.0,990.0,78.0,42.0,84.2,100.0,880
2024-03-22T10:25:46.000000+00:00,236.2,50.2,236.3,50.2,228.9,50.2,5.6,1280.0,990.0,77.0,42.0,84.1,100.0,880
2024-03-22T10:26:46.000000+00:00,236.4,50.1,236.4,50.1,228.9,50.1,5.6,1280.0,1000.0,78.0,43.0,84.0,100.0,880
2024-03-22T10:27:46.000000+00:00,235.1,50.1,236.1,50.1,228.9,50.1,5.6,1290.0,1010.0,78.0,43.0,84.0,100.0,880
2024-03-22T10:28:46.000000+00:00,236.9,50.3,236.9,50.3,228.9,50.3,5.5,1270.0,990.0,78.0,42.0,83.9,100.0,880
2024-03-22T10:29:46.000000+00:00,237.6,50.3,237.5,50.3,228.9,50.3,5.6,1270.0,1000.0,79.0,42.0,83.9,100.0,880
2024-03-22T10:30:46.000000+00:00,237.8,50.2,237.8,50.2,228.9,50.1,5.6,1280.0,1000.0,78.0,43.0,83.9,100.0,880
2024-03-22T10:31:46.000000+00:00,238.7,50.3,238.7,50.3,228.9,50.3,5.5,1260.0,990.0,79.0,42.0,83.8,100.0,880
2024-03-22T10:32:46.000000+00:00,238.7,50.4,239.1,50.4,228.9,50.4,5.5,1260.0,990.0,79.0,42.0,84.0,100.0,880
2024-03-22T10:33:46.000000+00:00,238.3,50.4,237.8,50.4,228.9,50.4,5.5,1270.0,1000.0,79.0,42.0,84.1,100.0,880
2024-03-22T10:34:46.000000+00:00,238.5,50.3,237.5,50.3,228.9,50.3,5.5,1270.0,990.0,78.0,42.0,84.2,100.0,880
2024-03-22T10:35:46.000000+00:00,238.0,50.3,238.9,50.3,228.9,50.3,5.6,1270.0,1000.0,79.0,42.0,84.3,100.0,880
2024-03-22T10:36:46.000000+00:00,237.1,50.3,237.1,50.3,228.9,50.3,5.6,1270.0,1000.0,79.0,42.0,84.3,100.0,880
2024-03-22T10:37:46.000000+00:00,237.7,50.3,237.5,50.3,228.9,50.4,5.5,1270.0,990.0,78.0,42.0,84.3,100.0,880
2024-03-22T10:38:46.000000+00:00,236.7,50.3,236.7,50.3,228.9,50.3,5.5,1270.0,990.0,78.0,43.0,84.2,100.0,880
2024-03-22T10:39:46.000000+00:00,238.1,50.3,236.8,50.3,228.9,50.3,5.5,1270.0,990.0,78.0,42.0,84.2,100.0,880
2024-03-22T10:40:46.000000+00:00,237.3,50.3,236.8,50.3,228.9,50.3,5.6,1280.0,1000.0,78.0,42.0,84.1,100.0,880
2024-03-22T10:41:46.000000+00:00,237.3,50.3,237.3,50.3,228.9,50.3,5.5,1270.0,990.0,78.0,42.0,84.0,100.0,880
2024-03-22T10:42:46.000000+00:00,238.0,50.3,237.9,50.3,228.9,50.3,5.6,1280.0,1000.0,78.0,43.0,83.9,100.0,880
2024-03-22T10:43:46.000000+00:00,237.0,50.0,237.0,50.0,228.9,50.0,5.6,1290.0,1000.0,78.0,43.0,83.9,100.0,880
2024-03-22T10:44:46.000000+00:00,237.2,49.9,237.2,49.9,228.9,49.9,5.6,1290.0,1000.0,78.0,43.0,83.9,100.0,880
2024-03-22T10:45:46.000000+00:00,236.9,50.1,236.9,50.1,228.9,50.1,5.6,1290.0,1000.0,78.0,43.0,83.8,100.0,880
2024-03-22T10:46:46.000000+00:00,237.5,50.1,238.0,50.1,228.9,50.1,5.6,1290.0,1010.0,78.0,43.0,84.0,100.0,880
2024-03-22T10:47:46.000000+00:00,237.7,50.1,237.7,50.1,228.9,50.1,5.6,1280.0,1000.0,78.0,43.0,84.1,100.0,880
2024-03-22T10:48:46.000000+00:00,238.1,50.0,237.6,50.0,228.9,50.0,5.6,1290.0,1000.0,78.0,43.0,84.2,100.0,880
2024-03-22T10:49:46.000000+00:00,238.5,49.9,238.5,49.9,228.9,50.0,5.6,1290.0,1000.0,78.0,43.0,84.3,100.0,880
2024-03-22T10:50:46.000000+00:00,238.3,49.9,238.3,49.9,228.9,49.9,5.7,1300.0,1010.0,78.0,43.0,84.3,100.0,880
2024-03-22T10:51:46.000000+00:00,236.9,49.9,236.9,49.9,228.9,49.9,5.7,1300.0,1010.0,78.0,43.0,84.3,100.0,880
2024-03-22T10:52:46.000000+00:00,237.7,50.1,237.7,50.1,228.9,50.1,5.6,1290.0,1000.0,78.0,43.0,84.3,100.0,880
2024-03-22T10:53:46.000000+00:00,238.4,50.2,237.5,50.2,228.9,50.2,5.6,1290.0,1010.0,78.0,42.0,84.2,100.0,880
2024-03-22T10:54:46.000000+00:00,237.3,50.1,238.0,50.1,228.9,50.1,5.6,1280.0,1000.0,78.0,43.0,84.1,100.0,880
2024-03-22T10:55:46.000000+00:00,237.9,50.2,238.1,50.2,228.9,50.2,5.6,1270.0,1000.0,79.0,43.0,84.0,100.0,880
2024-03-22T10:56:46.000000+00:00,236.9,50.1,236.9,50.1,228.9,50.1,5.6,1280.0,1000.0,78.0,43.0,83.9,100.0,880
2024-03-22T10:57:46.000000+00:00,237.4,50.0,237.4,50.0,228.9,50.0,5.6,1290.0,1000.0,78.0,43.0,83.9,100.0,880
2024-03-22T10:58:46.000000+00:00,237.4,50.1,237.4,50.1,228.9,50.1,5.6,1280.0,1000.0,78.0,42.0,83.9,100.0,880
2024-03-22T10:59:46.000000+00:00,236.7,49.9,236.2,49.9,228.9,49.9,5.6,1290.0,1000.0,78.0,43.0,83.8,100.0,880
2024-03-22T11:00:46.000000+00:00,238.0,50.1,237.1,50.1,228.9,50.0,5.6,1290.0,1000.0,78.0,43.0,84.0,100.0,880
2024-03-22T11:01:46.000000+00:00,238.3,50.1,238.3,50.1,228.9,50.1,5.6,1290.0,1000.0,78.0,43.0,84.2,100.0,880
2024-03-22T11:02:46.000000+00:00,237.2,50.0,237.2,50.0,228.9,50.0,5.6,1290.0,1000.0,78.0,43.0,84.3,100.0,880
2024-03-22T11:03:46.000000+00:00,237.1,50.1,237.1,50.1,228.9,50.1,5.6,1280.0,1000.0,78.0,43.0,84.3,100.0,880
2024-03-22T11:04:47.000000+00:00,237.7,50.0,237.7,49.9,228.9,50.0,5.6,1290.0,1000.0,78.0,43.0,84.3,100.0,880
2024-03-22T11:05:47.000000+00:00,235.9,49.8,235.9,49.8,228.9,49.8,5.7,1290.0,1000.0,78.0,43.0,84.4,100.0,880
2024-03-22T11:06:47.000000+00:00,234.7,49.7,234.7,49.7,228.9,49.7,5.7,1300.0,1000.0,77.0,43.0,84.2,100.0,880
2024-03-22T11:07:47.000000+00:00,235.0,50.1,235.0,50.1,228.9,50.1,5.6,1300.0,1010.0,78.0,43.0,84.1,100.0,880
2024-03-22T11:08:47.000000+00:00,235.1,50.0,235.7,50.0,228.9,50.0,5.7,1290.0,1010.0,78.0,43.0,84.0,100.0,880
2024-03-22T11:09:47.000000+00:00,233.7,49.8,234.6,49.8,228.9,49.8,5.7,1300.0,1010.0,78.0,43.0,84.0,100.0,880
2024-03-22T11:10:47.000000+00:00,233.8,49.7,233.8,49.7,228.9,49.7,5.7,1300.0,1000.0,77.0,43.0,83.9,100.0,880
2024-03-22T11:11:47.000000+00:00,236.8,49.6,236.8,49.6,228.9,49.6,5.7,1310.0,1010.0,77.0,44.0,83.9,100.0,880
2024-03-22T11:12:47.000000+00:00,238.1,49.6,238.1,49.6,228.9,49.6,5.8,1320.0,1010.0,77.0,44.0,83.8,100.0,880
2024-03-22T11:13:47.000000+00:00,237.7,49.6,237.7,49.6,228.9,49.6,5.7,1310.0,1010.0,77.0,43.0,84.0,100.0,880
2024-03-22T11:14:47.000000+00:00,237.2,49.8,237.0,49.8,228.9,49.8,5.7,1300.0,1000.0,77.0,43.0,84.1,100.0,880
2024-03-22T11:15:47.000000+00:00,238.5,50.2,238.5,50.2,228.9,50.2,5.6,1280.0,1000.0,78.0,43.0,84.2,100.0,880
2024-03-22T11:16:47.000000+00:00,237.8,50.3,238.8,50.3,228.9,50.3,5.6,1280.0,1000.0,78.0,43.0,84.3,100.0,880
2024-03-22T11:17:47.000000+00:00,238.1,50.1,238.6,50.1,228.9,50.1,5.6,1280.0,1000.0,78.0,43.0,84.3,100.0,880
2024-03-22T11:18:47.000000+00:00,238.1,50.0,238.1,50.0,228.9,50.0,5.6,1290.0,1000.0,78.0,43.0,84.3,100.0,880
2024-03-22T11:19:47.000000+00:00,237.5,50.2,236.9,50.2,228.9,50.2,5.6,1290.0,1010.0,78.0,42.0,84.3,100.0,880
2024-03-22T11:20:47.000000+00:00,238.7,50.2,238.3,50.2,228.9,50.2,5.6,1290.0,1010.0,78.0,43.0,84.1,100.0,880
2024-03-22T11:21:47.000000+00:00,238.3,50.2,237.9,50.2,228.9,50.2,5.6,1280.0,1000.0,78.0,43.0,83.9,100.0,880
2024-03-22T11:22:47.000000+00:00,237.7,50.2,237.1,50.2,228.9,50.2,5.6,1270.0,990.0,78.0,43.0,84.0,100.0,880
2024-03-22T11:23:47.000000+00:00,238.1,50.1,238.1,50.1,228.9,50.1,5.6,1280.0,990.0,77.0,43.0,83.9,100.0,880
2024-03-22T11:24:47.000000+00:00,237.3,50.2,236.7,50.2,228.9,50.2,5.6,1280.0,1000.0,78.0,43.0,83.9,100.0,880
2024-03-22T11:25:47.000000+00:00,238.4,50.2,238.4,50.2,228.9,50.2,5.6,1280.0,1000.0,78.0,42.0,83.8,100.0,880
2024-03-22T11:26:47.000000+00:00,238.0,50.3,238.1,50.3,228.9,50.3,5.6,1280.0,1000.0,78.0,43.0,84.0,100.0,880
2024-03-22T11:27:47.000000+00:00,237.5,50.3,238.8,50.3,228.9,50.3,5.6,1280.0,1000.0,78.0,43.0,84.0,100.0,880
2024-03-22T11:28:47.000000+00:00,237.3,50.2,237.0,50.2,228.9,50.2,5.6,1280.0,1000.0,78.0,43.0,82.2,99.0,870
2024-03-22T11:29:47.000000+00:00,238.1,50.2,237.5,50.2,228.9,50.2,5.6,1270.0,990.0,78.0,42.0,85.0,99.0,870
2024-03-22T11:30:33.000000+00:00,0.0,0.0,0.0,0.0,228.9,50.0,5.6,1280.0,990.0,77.0,43.0,84.6,99.0,870
2024-03-22T11:30:34.000000+00:00,0.0,0.0,0.0,0.0,228.9,50.0,5.6,1280.0,990.0,77.0,42.0,84.6,99.0,870
2024-03-22T11:30:36.000000+00:00,0.0,0.0,0.0,0.0,228.9,50.0,5.6,1280.0,990.0,77.0,43.0,81.2,99.0,870
2024-03-22T11:30:38.000000+00:00,246.2,50.2,245.2,50.2,229.0,50.2,5.6,1290.0,1010.0,78.0,43.0,81.2,99.0,870
2024-03-22T11:30:47.000000+00:00,245.6,50.2,245.2,50.2,229.0,50.2,5.6,1280.0,1000.0,78.0,42.0,82.1,98.0,865
2024-03-22T11:31:47.000000+00:00,237.9,50.0,238.9,50.0,228.9,50.0,5.6,1290.0,1010.0,78.0,43.0,85.2,98.0,865
2024-03-22T11:32:47.000000+00:00,237.7,50.2,237.7,50.2,228.9,50.2,5.6,1280.0,1000.0,78.0,43.0,84.3,98.0,865
2024-03-22T11:33:47.000000+00:00,237.3,50.1,237.3,50.1,228.9,50.1,5.6,1280.0,1000.0,78.0,43.0,84.0,98.0,866
2024-03-22T11:34:47.000000+00:00,236.3,50.4,236.3,50.4,228.9,50.4,5.5,1270.0,990.0,78.0,42.0,84.0,98.0,866
2024-03-22T11:35:47.000000+00:00,236.2,50.4,236.3,50.4,228.9,50.4,5.5,1270.0,990.0,78.0,43.0,83.8,98.0,866
2024-03-22T11:36:47.000000+00:00,235.8,50.4,236.4,50.4,228.9,50.4,5.5,1270.0,1000.0,79.0,42.0,83.8,98.0,866
2024-03-22T11:37:47.000000+00:00,236.3,50.4,236.3,50.4,228.9,50.4,5.5,1270.0,1000.0,79.0,42.0,83.8,98.0,866
2024-03-22T11:38:47.000000+00:00,235.4,50.1,235.3,50.1,228.9,50.1,5.6,1290.0,1000.0,78.0,43.0,83.8,98.0,866
2024-03-22T11:39:47.000000+00:00,234.3,49.9,234.3,49.8,228.9,49.9,5.7,1290.0,1000.0,78.0,43.0,83.9,98.0,866
2024-03-22T11:40:47.000000+00:00,235.1,50.1,235.7,50.1,228.9,50.1,5.6,1280.0,990.0,77.0,43.0,84.1,98.0,866
2024-03-22T11:41:47.000000+00:00,235.3,49.9,235.3,49.9,228.9,49.9,5.6,1280.0,1000.0,78.0,43.0,84.3,98.0,866
2024-03-22T11:42:47.000000+00:00,233.9,49.8,233.8,49.8,228.9,49.8,5.7,1300.0,1000.0,77.0,43.0,84.2,98.0,866
2024-03-22T11:43:47.000000+00:00,235.9,49.8,236.9,49.8,228.9,49.8,5.7,1300.0,1000.0,77.0,43.0,84.2,98.0,866
2024-03-22T11:44:47.000000+00:00,237.6,49.9,237.6,49.9,228.9,49.9,5.6,1290.0,1000.0,78.0,43.0,84.3,98.0,866
2024-03-22T11:45:47.000000+00:00,237.1,49.8,237.5,49.8,228.9,49.8,5.7,1300.0,1010.0,78.0,43.0,84.1,98.0,866
2024-03-22T11:46:47.000000+00:00,237.8,49.8,237.8,49.8,228.9,49.8,5.7,1310.0,1010.0,77.0,43.0,84.1,98.0,866
2024-03-22T11:47:47.000000+00:00,237.7,49.9,237.7,49.9,228.9,49.9,5.6,1290.0,1000.0,78.0,43.0,84.0,98.0,866
2024-03-22T11:48:47.000000+00:00,238.4,50.0,238.4,50.0,228.9,50.0,5.6,1290.0,1000.0,78.0,43.0,83.9,98.0,866
2024-03-22T11:49:47.000000+00:00,238.1,50.0,238.5,50.0,228.9,50.0,5.6,1290.0,1000.0,78.0,43.0,83.8,98.0,866
2024-03-22T11:50:47.000000+00:00,237.3,49.8,237.4,49.8,228.9,49.8,5.7,1310.0,1010.0,77.0,43.0,83.8,98.0,866
2024-03-22T11:51:47.000000+00:00,237.9,49.8,238.4,49.8,228.9,49.8,5.6,1290.0,1000.0,78.0,43.0,83.8,98.0,866
2024-03-22T11:52:47.000000+00:00,236.3,49.8,236.3,49.8,228.9,49.8,5.7,1300.0,1010.0,78.0,43.0,83.8,98.0,866
2024-03-22T11:53:47.000000+00:00,237.4,49.9,238.4,49.9,228.9,49.9,5.6,1290.0,1000.0,78.0,43.0,84.1,98.0,867
2024-03-22T11:54:47.000000+00:00,237.7,50.0,237.7,50.0,228.9,50.0,5.6,1280.0,1000.0,78.0,43.0,84.1,98.0,867
2024-03-22T11:55:47.000000+00:00,238.2,50.1,237.2,50.1,228.9,50.0,5.6,1280.0,1000.0,78.0,43.0,84.3,98.0,867
2024-03-22T11:56:47.000000+00:00,237.3,50.1,237.8,50.1,228.9,50.1,5.6,1280.0,1000.0,78.0,43.0,84.2,98.0,867
2024-03-22T11:57:47.000000+00:00,238.0,50.0,238.0,50.0,228.9,50.0,5.6,1290.0,1000.0,78.0,43.0,84.3,98.0,867
2024-03-22T11:58:47.000000+00:00,237.3,50.1,237.3,50.1,228.9,50.1,5.6,1290.0,1000.0,78.0,43.0,84.2,98.0,867
2024-03-22T11:59:48.000000+00:00,238.0,50.1,237.9,50.1,228.9,50.1,5.6,1270.0,990.0,78.0,43.0,84.1,98.0,867
2024-03-22T12:00:48.000000+00:00,237.9,50.0,237.3,50.0,228.9,50.0,5.6,1280.0,990.0,77.0,43.0,84.0,98.0,867
2024-03-22T12:01:48.000000+00:00,237.9,50.1,237.9,50.1,228.9,50.1,5.6,1270.0,990.0,78.0,43.0,84.0,98.0,867
2024-03-22T12:02:48.000000+00:00,239.0,50.3,237.9,50.3,228.9,50.3,5.6,1270.0,990.0,78.0,42.0,83.9,98.0,867
2024-03-22T12:03:48.000000+00:00,238.5,50.3,238.5,50.3,228.9,50.3,5.6,1280.0,1000.0,78.0,43.0,83.9,98.0,867
2024-03-22T12:04:48.000000+00:00,238.1,50.2,238.1,50.2,228.9,50.2,5.6,1280.0,1000.0,78.0,42.0,83.8,99.0,867
2024-03-22T12:05:48.000000+00:00,237.5,49.9,236.9,49.9,228.9,49.9,5.7,1290.0,1000.0,78.0,43.0,83.8,99.0,867
2024-03-22T12:06:48.000000+00:00,237.3,50.0,237.8,50.0,228.9,50.0,5.6,1290.0,1000.0,78.0,43.0,83.8,99.0,867
2024-03-22T12:07:48.000000+00:00,238.6,50.1,238.6,50.1,228.9,50.1,5.5,1270.0,990.0,78.0,43.0,83.9,99.0,867
2024-03-22T12:08:48.000000+00:00,236.9,49.9,236.9,49.9,228.9,49.9,5.7,1300.0,1000.0,77.0,43.0,84.1,99.0,867
2024-03-22T12:09:48.000000+00:00,238.1,49.9,238.0,49.9,228.9,49.9,5.6,1290.0,1000.0,78.0,43.0,84.1,99.0,867
2024-03-22T12:10:48.000000+00:00,237.6,50.0,237.1,50.0,228.9,50.0,5.6,1290.0,1000.0,78.0,43.0,84.3,99.0,867
2024-03-22T12:11:48.000000+00:00,237.3,49.9,236.8,49.9,228.9,49.9,5.6,1280.0,990.0,77.0,43.0,84.3,99.0,867
2024-03-22T12:12:48.000000+00:00,237.4,50.0,237.4,50.0,228.9,50.0,5.6,1290.0,1000.0,78.0,43.0,84.3,99.0,867
2024-03-22T12:13:48.000000+00:00,236.7,50.0,236.7,50.0,228.9,50.0,5.6,1280.0,990.0,77.0,43.0,84.2,99.0,867
2024-03-22T12:14:48.000000+00:00,236.6,49.9,236.6,49.9,228.9,49.9,5.6,1290.0,1000.0,78.0,43.0,84.0,99.0,868
2024-03-22T12:15:48.000000+00:00,236.9,50.1,236.9,50.1,228.9,50.1,5.6,1280.0,990.0,77.0,43.0,84.0,99.0,868
2024-03-22T12:16:48.000000+00:00,238.1,50.1,238.1,50.1,228.9,50.1,5.6,1280.0,1000.0,78.0,43.0,84.0,99.0,868
2024-03-22T12:17:48.000000+00:00,236.8,50.1,236.3,50.1,228.9,50.1,5.6,1290.0,1000.0,78.0,43.0,83.9,99.0,868
2024-03-22T12:18:48.000000+00:00,237.8,50.1,237.1,50.1,228.9,50.1,5.6,1290.0,1000.0,78.0,43.0,83.9,99.0,868
2024-03-22T12:19:48.000000+00:00,238.0,50.0,238.1,50.0,228.9,50.0,5.6,1280.0,1000.0,78.0,43.0,83.8,99.0,868
2024-03-22T12:20:48.000000+00:00,238.8,50.3,237.8,50.3,228.9,50.3,5.6,1270.0,1000.0,79.0,42.0,83.8,99.0,868
2024-03-22T12:21:48.000000+00:00,237.6,50.3,237.2,50.3,228.9,50.3,5.6,1280.0,1000.0,78.0,43.0,83.8,99.0,868
2024-03-22T12:22:48.000000+00:00,238.9,50.3,238.5,50.3,228.9,50.3,5.6,1270.0,1000.0,79.0,42.0,83.7,99.0,868
2024-03-22T12:23:48.000000+00:00,236.9,49.9,236.9,49.9,228.9,49.9,5.6,1290.0,1000.0,78.0,43.0,83.9,99.0,868
2024-03-22T12:24:48.000000+00:00,236.1,49.9,236.1,49.9,228.9,49.9,5.6,1290.0,1000.0,78.0,43.0,84.0,99.0,868
2024-03-22T12:25:48.000000+00:00,237.8,49.9,236.5,49.9,228.9,49.9,5.6,1280.0,990.0,77.0,43.0,84.2,99.0,868
2024-03-22T12:26:48.000000+00:00,236.8,50.1,236.8,50.1,228.9,50.1,5.6,1280.0,990.0,77.0,43.0,84.1,99.0,868
2024-03-22T12:27:48.000000+00:00,237.8,50.2,237.8,50.2,228.9,50.2,5.6,1280.0,1000.0,78.0,43.0,84.2,99.0,868
2024-03-22T12:28:48.000000+00:00,236.8,50.2,237.3,50.2,228.9,50.2,5.6,1280.0,1000.0,78.0,43.0,84.3,99.0,868
2024-03-22T12:29:48.000000+00:00,236.5,49.9,235.6,49.9,228.9,49.9,5.6,1290.0,1010.0,78.0,43.0,84.2,99.0,868
2024-03-22T12:30:48.000000+00:00,236.1,49.8,235.6,49.8,228.9,49.8,5.7,1300.0,1000.0,77.0,43.0,84.1,99.0,868
2024-03-22T12:31:48.000000+00:00,235.8,49.6,235.8,49.6,228.9,49.6,5.7,1310.0,1010.0,77.0,43.0,84.0,99.0,868
2024-03-22T12:32:48.000000+00:00,235.9,49.7,235.9,49.7,228.9,49.7,5.7,1300.0,1000.0,77.0,43.0,84.0,99.0,868
2024-03-22T12:33:48.000000+00:00,235.5,49.7,235.5,49.7,228.9,49.7,5.7,1300.0,1000.0,77.0,44.0,83.9,99.0,868
2024-03-22T12:34:48.000000+00:00,235.1,49.7,235.1,49.7,228.9,49.7,5.6,1300.0,1000.0,77.0,43.0,83.9,99.0,868
2024-03-22T12:35:48.000000+00:00,236.0,49.7,236.0,49.7,228.9,49.7,5.6,1300.0,1000.0,77.0,43.0,83.9,99.0,869
2024-03-22T12:36:48.000000+00:00,236.2,49.8,236.3,49.8,228.9,49.8,5.7,1300.0,1000.0,77.0,43.0,83.9,99.0,869
2024-03-22T12:37:48.000000+00:00,236.6,49.9,236.6,49.9,228.9,49.9,5.6,1290.0,1000.0,78.0,43.0,83.8,99.0,869
2024-03-22T12:38:48.000000+00:00,235.9,49.8,235.9,49.8,228.9,49.8,5.7,1300.0,1000.0,77.0,43.0,83.8,99.0,869
2024-03-22T12:39:48.000000+00:00,236.1,49.9,236.1,49.9,228.9,49.9,5.6,1290.0,1000.0,78.0,43.0,83.8,99.0,869
2024-03-22T12:40:48.000000+00:00,237.8,50.2,237.8,50.2,228.9,50.2,5.6,1280.0,1000.0,78.0,43.0,83.8,99.0,869
2024-03-22T12:41:48.000000+00:00,236.1,49.8,236.4,49.8,228.9,49.8,5.6,1290.0,1000.0,78.0,43.0,83.8,99.0,869
2024-03-22T12:42:48.000000+00:00,235.7,50.0,235.7,50.0,228.9,50.0,5.6,1280.0,990.0,77.0,43.0,83.7,99.0,869
2024-03-22T12:43:48.000000+00:00,236.9,50.4,236.9,50.4,228.9,50.4,5.5,1270.0,990.0,78.0,42.0,84.0,99.0,869
2024-03-22T12:44:48.000000+00:00,236.1,50.4,236.1,50.4,228.9,50.4,5.6,1270.0,1000.0,79.0,43.0,84.1,99.0,869
2024-03-22T12:45:48.000000+00:00,236.3,50.2,236.5,50.2,228.9,50.2,5.6,1280.0,1000.0,78.0,42.0,84.3,99.0,869
2024-03-22T12:46:48.000000+00:00,235.6,50.2,235.6,50.2,228.9,50.2,5.6,1270.0,990.0,78.0,43.0,84.2,99.0,869
2024-03-22T12:47:48.000000+00:00,235.1,50.0,235.1,50.0,228.9,50.0,5.6,1290.0,1000.0,78.0,43.0,84.3,99.0,869
2024-03-22T12:48:48.000000+00:00,234.7,49.9,233.8,49.9,228.9,49.9,5.6,1300.0,1010.0,78.0,43.0,84.3,99.0,869
2024-03-22T12:49:48.000000+00:00,233.6,49.8,232.9,49.8,228.9,49.8,5.7,1300.0,1000.0,77.0,43.0,84.2,99.0,869
2024-03-22T12:50:48.000000+00:00,234.8,49.7,235.6,49.7,228.9,49.7,5.7,1310.0,1010.0,77.0,44.0,84.1,99.0,869
2024-03-22T12:51:48.000000+00:00,235.5,49.9,235.5,49.9,228.9,49.9,5.7,1300.0,1010.0,78.0,43.0,84.0,99.0,869
2024-03-22T12:52:48.000000+00:00,236.3,50.1,236.7,50.1,228.9,50.1,5.7,1300.0,1010.0,78.0,45.0,84.0,99.0,869
2024-03-22T12:53:48.000000+00:00,235.6,49.7,235.5,49.7,228.9,49.7,5.7,1310.0,1020.0,78.0,44.0,84.0,99.0,857
2024-03-22T12:54:48.000000+00:00,235.8,49.7,235.8,49.7,228.9,49.7,5.7,1320.0,1020.0,77.0,44.0,83.9,99.0,857
2024-03-22T12:55:48.000000+00:00,235.9,49.6,235.8,49.6,228.9,49.6,5.8,1310.0,1010.0,77.0,44.0,83.9,99.0,845
2024-03-22T12:56:48.000000+00:00,235.9,49.7,236.0,49.7,228.9,49.7,5.7,1310.0,1020.0,78.0,44.0,83.8,99.0,845
2024-03-22T12:57:48.000000+00:00,236.5,49.7,236.5,49.7,228.9,49.7,5.7,1310.0,1010.0,77.0,44.0,83.8,99.0,845
2024-03-22T12:58:48.000000+00:00,236.0,49.7,236.0,49.7,228.9,49.7,5.7,1310.0,1010.0,77.0,44.0,83.8,99.0,845
2024-03-22T12:59:49.000000+00:00,236.2,49.8,235.9,49.8,228.9,49.8,5.7,1310.0,1020.0,78.0,43.0,83.8,99.0,845
2024-03-22T13:00:49.000000+00:00,235.7,49.6,236.0,49.6,228.9,49.6,5.8,1320.0,1020.0,77.0,44.0,83.8,99.0,845
2024-03-22T13:01:49.000000+00:00,234.9,49.6,234.4,49.6,228.9,49.6,5.8,1320.0,1020.0,77.0,44.0,83.8,99.0,845
2024-03-22T13:02:49.000000+00:00,235.6,49.6,234.7,49.6,228.9,49.7,5.7,1310.0,1010.0,77.0,44.0,83.8,99.0,845
2024-03-22T13:03:49.000000+00:00,236.4,49.9,236.4,49.9,228.9,49.9,5.7,1310.0,1020.0,78.0,44.0,83.7,99.0,845
2024-03-22T13:04:49.000000+00:00,236.5,50.2,236.3,50.2,228.9,50.2,5.6,1290.0,1010.0,78.0,43.0,83.8,99.0,845
2024-03-22T13:05:49.000000+00:00,236.6,50.3,236.6,50.3,228.9,50.3,5.6,1280.0,1010.0,79.0,43.0,83.9,99.0,845
2024-03-22T13:06:49.000000+00:00,237.2,50.3,237.2,50.3,228.9,50.3,5.6,1280.0,1000.0,78.0,43.0,84.1,99.0,845
2024-03-22T13:07:49.000000+00:00,236.8,50.3,236.8,50.3,228.9,50.3,5.6,1290.0,1010.0,78.0,43.0,84.2,99.0,846
2024-03-22T13:08:49.000000+00:00,238.1,50.3,237.0,50.3,228.9,50.3,5.6,1280.0,1010.0,79.0,43.0,84.3,99.0,846
2024-03-22T13:09:49.000000+00:00,238.2,50.2,238.1,50.2,228.9,50.2,5.6,1280.0,1000.0,78.0,43.0,84.3,99.0,846
2024-03-22T13:10:49.000000+00:00,236.9,50.2,237.4,50.2,228.9,50.2,5.7,1300.0,1020.0,78.0,43.0,84.3,99.0,846
2024-03-22T13:11:49.000000+00:00,237.4,50.2,237.4,50.2,228.9,50.2,5.6,1290.0,1010.0,78.0,43.0,84.2,99.0,846
2024-03-22T13:12:49.000000+00:00,237.7,50.2,237.0,50.3,228.9,50.2,5.7,1290.0,1020.0,79.0,43.0,84.1,99.0,846
2024-03-22T13:13:49.000000+00:00,236.3,50.2,237.3,50.2,228.9,50.2,5.7,1290.0,1010.0,78.0,43.0,84.0,99.0,846
2024-03-22T13:14:49.000000+00:00,236.7,50.0,236.7,50.0,228.9,50.0,5.7,1300.0,1010.0,78.0,43.0,84.0,99.0,846
2024-03-22T13:15:49.000000+00:00,235.9,50.1,235.9,50.1,228.9,50.1,5.6,1290.0,1010.0,78.0,43.0,83.9,99.0,846
2024-03-22T13:16:49.000000+00:00,236.6,50.0,236.7,50.0,228.9,50.0,5.7,1300.0,1010.0,78.0,43.0,83.9,99.0,846
2024-03-22T13:17:49.000000+00:00,235.8,49.8,235.8,49.8,228.9,49.8,5.6,1290.0,1000.0,78.0,43.0,83.8,99.0,896
2024-03-22T13:18:49.000000+00:00,235.5,49.9,235.5,49.9,228.9,49.9,5.6,1280.0,990.0,77.0,43.0,83.9,99.0,896
2024-03-22T13:19:49.000000+00:00,235.8,50.0,235.9,50.0,228.9,50.0,5.6,1280.0,1000.0,78.0,43.0,83.8,99.0,896
2024-03-22T13:20:49.000000+00:00,236.2,50.0,236.2,50.0,228.9,50.0,5.6,1290.0,1000.0,78.0,43.0,83.8,99.0,896
2024-03-22T13:21:49.000000+00:00,236.0,49.9,235.9,49.9,228.9,49.9,5.6,1290.0,1000.0,78.0,43.0,83.8,99.0,896
2024-03-22T13:22:49.000000+00:00,235.1,49.7,235.5,49.7,228.9,49.7,5.7,1300.0,1000.0,77.0,43.0,83.7,99.0,897
2024-03-22T13:23:49.000000+00:00,234.9,49.7,235.5,49.7,228.9,49.7,5.7,1310.0,1010.0,77.0,43.0,83.8,99.0,897
2024-03-22T13:24:49.000000+00:00,236.0,49.7,236.1,49.7,228.9,49.7,5.7,1300.0,1010.0,78.0,43.0,83.7,99.0,897
2024-03-22T13:25:49.000000+00:00,235.7,49.6,235.8,49.6,228.9,49.6,5.7,1310.0,1010.0,77.0,43.0,83.8,99.0,897
2024-03-22T13:26:49.000000+00:00,236.4,49.7,236.4,49.7,228.9,49.7,5.7,1300.0,1000.0,77.0,43.0,84.1,99.0,897
2024-03-22T13:27:49.000000+00:00,235.8,49.6,235.3,49.7,228.9,49.6,5.7,1310.0,1010.0,77.0,43.0,84.1,99.0,897
2024-03-22T13:28:49.000000+00:00,236.3,49.7,236.1,49.7,228.9,49.7,5.7,1310.0,1010.0,77.0,43.0,84.2,99.0,897
2024-03-22T13:29:49.000000+00:00,235.2,49.6,234.3,49.6,228.9,49.6,5.7,1310.0,1010.0,77.0,44.0,84.3,99.0,897
2024-03-22T13:30:49.000000+00:00,234.4,49.5,234.4,49.5,228.9,49.5,5.7,1310.0,1000.0,76.0,44.0,84.3,99.0,897
2024-03-22T13:31:49.000000+00:00,234.5,49.4,235.0,49.4,228.9,49.4,5.8,1320.0,1010.0,77.0,44.0,84.2,99.0,897
2024-03-22T13:32:49.000000+00:00,235.4,49.4,235.4,49.4,228.9,49.4,5.8,1320.0,1020.0,77.0,44.0,84.1,99.0,897
2024-03-22T13:33:49.000000+00:00,235.8,49.5,235.8,49.5,228.9,49.5,5.7,1300.0,1000.0,77.0,44.0,84.0,99.0,897
2024-03-22T13:34:49.000000+00:00,235.8,49.7,235.3,49.7,228.9,49.7,5.7,1300.0,1010.0,78.0,43.0,84.0,99.0,897
2024-03-22T13:35:49.000000+00:00,235.8,49.9,235.8,49.9,228.9,49.9,5.6,1290.0,1000.0,78.0,43.0,83.9,99.0,897
2024-03-22T13:36:49.000000+00:00,236.4,50.3,236.9,50.3,228.9,50.3,5.6,1280.0,1000.0,78.0,43.0,83.9,99.0,897
2024-03-22T13:37:49.000000+00:00,236.9,50.1,236.9,50.1,228.9,50.1,5.6,1280.0,1000.0,78.0,43.0,83.8,99.0,897
2024-03-22T13:38:49.000000+00:00,237.2,50.4,237.6,50.4,228.9,50.4,5.6,1270.0,1000.0,79.0,42.0,83.8,99.0,897
2024-03-22T13:39:49.000000+00:00,236.7,50.2,237.0,50.2,228.9,50.2,5.5,1270.0,990.0,78.0,43.0,83.8,99.0,897
2024-03-22T13:40:49.000000+00:00,236.7,50.2,236.3,50.2,228.9,50.2,5.5,1270.0,990.0,78.0,43.0,83.8,99.0,897
2024-03-22T13:41:49.000000+00:00,236.9,50.3,237.9,50.3,228.9,50.3,5.5,1270.0,990.0,78.0,43.0,83.8,99.0,897
2024-03-22T13:42:49.000000+00:00,237.8,50.4,237.8,50.4,228.9,50.4,5.5,1270.0,1000.0,79.0,42.0,83.8,99.0,898
2024-03-22T13:43:49.000000+00:00,237.9,50.4,237.9,50.4,228.9,50.4,5.5,1270.0,990.0,78.0,42.0,83.8,99.0,898
2024-03-22T13:44:49.000000+00:00,238.1,50.2,238.1,50.2,228.9,50.2,5.6,1280.0,1000.0,78.0,42.0,84.0,99.0,898
2024-03-22T13:45:49.000000+00:00,237.3,50.1,237.8,50.1,228.9,50.1,5.6,1280.0,1000.0,78.0,43.0,84.2,99.0,898
2024-03-22T13:46:49.000000+00:00,238.3,50.3,238.3,50.3,228.9,50.3,5.5,1270.0,990.0,78.0,43.0,84.2,99.0,898
2024-03-22T13:47:49.000000+00:00,237.6,50.3,238.7,50.3,228.9,50.3,5.6,1280.0,1000.0,78.0,43.0,84.3,99.0,898
2024-03-22T13:48:49.000000+00:00,237.6,50.3,238.1,50.3,228.9,50.3,5.6,1270.0,1000.0,79.0,42.0,84.3,99.0,898
2024-03-22T13:49:49.000000+00:00,237.8,50.1,237.8,50.1,228.9,50.1,5.6,1280.0,1000.0,78.0,43.0,84.3,99.0,898
2024-03-22T13:50:49.000000+00:00,238.0,50.1,237.0,50.1,228.9,50.1,5.6,1280.0,990.0,77.0,43.0,84.1,99.0,898
2024-03-22T13:51:49.000000+00:00,236.9,50.0,236.9,50.0,228.9,50.0,5.6,1290.0,1010.0,78.0,43.0,84.1,99.0,898
2024-03-22T13:52:49.000000+00:00,235.9,50.0,236.3,50.0,228.9,50.0,5.6,1280.0,990.0,77.0,43.0,84.0,99.0,898
2024-03-22T13:53:49.000000+00:00,238.1,50.3,238.1,50.3,228.9,50.3,5.5,1270.0,990.0,78.0,42.0,84.0,99.0,898
2024-03-22T13:54:49.000000+00:00,238.0,50.3,237.0,50.3,228.9,50.3,5.5,1270.0,990.0,78.0,42.0,83.9,99.0,898
2024-03-22T13:55:49.000000+00:00,237.9,50.2,237.9,50.2,228.9,50.2,5.6,1280.0,1000.0,78.0,43.0,83.9,99.0,898
2024-03-22T13:56:49.000000+00:00,237.4,49.9,237.4,49.9,228.9,49.9,5.6,1290.0,1000.0,78.0,43.0,83.9,99.0,898
2024-03-22T13:57:49.000000+00:00,236.7,49.8,235.7,49.8,228.9,49.8,5.6,1290.0,1000.0,78.0,43.0,83.8,99.0,898
2024-03-22T13:58:49.000000+00:00,236.3,49.7,236.7,49.7,228.9,49.7,5.7,1300.0,1000.0,77.0,43.0,83.8,99.0,898
2024-03-22T13:59:49.000000+00:00,235.4,49.6,235.4,49.6,228.9,49.6,5.7,1310.0,1000.0,76.0,44.0,83.8,99.0,898
2024-03-22T14:00:49.000000+00:00,236.3,49.6,236.3,49.6,228.9,49.6,5.7,1300.0,1000.0,77.0,43.0,83.8,99.0,898
2024-03-22T14:01:50.000000+00:00,236.7,49.6,236.5,49.6,228.9,49.6,5.7,1310.0,1010.0,77.0,44.0,83.8,99.0,898
2024-03-22T14:02:50.000000+00:00,236.3,49.8,237.4,49.8,228.9,49.8,5.7,1300.0,1000.0,77.0,43.0,83.8,99.0,899
2024-03-22T14:03:50.000000+00:00,237.1,49.9,236.7,49.9,228.9,49.9,5.6,1290.0,1000.0,78.0,43.0,83.7,99.0,899
2024-03-22T14:04:50.000000+00:00,236.6,49.9,236.6,49.9,228.9,49.9,5.6,1290.0,1000.0,78.0,43.0,83.7,99.0,899
2024-03-22T14:05:50.000000+00:00,237.9,50.1,237.9,50.1,228.9,50.1,5.6,1280.0,1000.0,78.0,43.0,83.9,99.0,899
2024-03-22T14:06:50.000000+00:00,237.6,50.3,237.6,50.3,228.9,50.3,5.6,1270.0,1000.0,79.0,42.0,84.1,99.0,899
2024-03-22T14:07:50.000000+00:00,238.7,50.3,238.7,50.3,228.9,50.3,5.5,1270.0,990.0,78.0,42.0,84.2,99.0,899
2024-03-22T14:08:50.000000+00:00,238.2,50.2,237.3,50.2,228.9,50.2,5.6,1280.0,1000.0,78.0,42.0,84.2,99.0,899
2024-03-22T14:09:50.000000+00:00,237.5,50.3,238.5,50.3,228.9,50.3,5.6,1270.0,1000.0,79.0,42.0,84.3,99.0,899
2024-03-22T14:10:50.000000+00:00,238.2,50.5,238.0,50.5,228.9,50.5,5.5,1260.0,990.0,79.0,42.0,84.3,99.0,899
2024-03-22T14:11:50.000000+00:00,238.3,50.4,238.3,50.4,228.9,50.4,5.5,1260.0,990.0,79.0,42.0,84.2,99.0,899
2024-03-22T14:12:50.000000+00:00,237.5,50.4,237.5,50.4,228.9,50.4,5.6,1270.0,1000.0,79.0,42.0,84.1,99.0,899
2024-03-22T14:13:50.000000+00:00,236.8,50.4,237.7,50.4,228.9,50.4,5.6,1270.0,1000.0,79.0,42.0,84.1,99.0,899
2024-03-22T14:14:50.000000+00:00,236.6,50.3,236.6,50.3,228.9,50.3,5.6,1280.0,1000.0,78.0,43.0,84.0,99.0,899
2024-03-22T14:15:50.000000+00:00,237.8,50.3,237.3,50.3,228.9,50.3,5.6,1270.0,1000.0,79.0,42.0,84.0,99.0,899
2024-03-22T14:16:50.000000+00:00,237.6,50.4,237.6,50.4,228.9,50.4,5.5,1270.0,990.0,78.0,42.0,83.9,99.0,899
2024-03-22T14:17:50.000000+00:00,236.7,50.3,236.7,50.3,228.9,50.3,5.6,1280.0,1000.0,78.0,42.0,83.9,99.0,899
2024-03-22T14:18:50.000000+00:00,238.0,50.4,238.0,50.4,228.9,50.4,5.5,1270.0,1000.0,79.0,42.0,83.8,99.0,899
2024-03-22T14:19:50.000000+00:00,238.2,50.3,238.2,50.3,228.9,50.3,5.5,1260.0,990.0,79.0,42.0,83.8,99.0,899
2024-03-22T14:20:50.000000+00:00,237.4,50.3,238.1,50.3,228.9,50.3,5.5,1270.0,990.0,78.0,42.0,83.8,99.0,899
2024-03-22T14:21:50.000000+00:00,238.9,50.3,238.9,50.3,228.9,50.3,5.5,1270.0,990.0,78.0,42.0,83.8,99.0,899
2024-03-22T14:22:50.000000+00:00,239.3,50.4,239.3,50.4,228.9,50.4,5.5,1260.0,990.0,79.0,42.0,83.8,99.0,899
2024-03-22T14:23:50.000000+00:00,237.0,50.2,238.0,50.2,228.9,50.2,5.6,1270.0,990.0,78.0,42.0,83.8,99.0,900
2024-03-22T14:24:50.000000+00:00,237.2,50.2,237.6,50.2,228.9,50.2,5.6,1270.0,990.0,78.0,43.0,83.8,99.0,900
2024-03-22T14:25:50.000000+00:00,237.8,50.3,237.8,50.3,228.9,50.3,5.6,1280.0,1000.0,78.0,42.0,83.7,99.0,900
2024-03-22T14:26:50.000000+00:00,237.7,50.2,237.7,50.2,228.9,50.2,5.6,1280.0,1000.0,78.0,42.0,83.7,99.0,900
2024-03-22T14:27:50.000000+00:00,238.0,50.3,238.0,50.3,228.9,50.3,5.6,1280.0,1000.0,78.0,43.0,83.7,99.0,900
2024-03-22T14:28:50.000000+00:00,237.7,50.2,237.7,50.2,228.9,50.2,5.6,1270.0,990.0,78.0,43.0,83.7,99.0,900
2024-03-22T14:29:50.000000+00:00,236.5,50.0,236.5,50.0,228.9,50.0,5.6,1280.0,990.0,77.0,43.0,83.8,99.0,900
2024-03-22T14:30:50.000000+00:00,236.1,49.7,236.1,49.8,228.9,49.7,5.7,1300.0,1000.0,77.0,43.0,83.7,99.0,900
2024-03-22T14:31:50.000000+00:00,237.1,49.8,236.7,49.8,228.9,49.8,5.6,1290.0,1000.0,78.0,43.0,84.0,99.0,900
2024-03-22T14:32:50.000000+00:00,236.6,49.8,236.6,49.8,228.9,49.8,5.7,1300.0,1000.0,77.0,43.0,84.1,99.0,900
2024-03-22T14:33:50.000000+00:00,236.9,49.8,236.9,49.8,228.9,49.8,5.7,1300.0,1010.0,78.0,43.0,84.2,99.0,900
2024-03-22T14:34:50.000000+00:00,237.1,49.9,237.1,49.9,228.9,49.9,5.7,1290.0,1000.0,78.0,43.0,84.3,99.0,900
2024-03-22T14:35:50.000000+00:00,237.3,49.9,237.3,49.9,228.9,50.0,5.6,1290.0,1000.0,78.0,43.0,84.3,99.0,900
2024-03-22T14:36:50.000000+00:00,237.0,50.0,237.0,50.0,228.9,50.0,5.6,1280.0,990.0,77.0,43.0,84.3,99.0,900
2024-03-22T14:37:50.000000+00:00,236.9,49.8,236.9,49.8,228.9,49.8,5.6,1290.0,1000.0,78.0,43.0,84.1,99.0,900
2024-03-22T14:38:50.000000+00:00,236.3,49.7,236.3,49.7,228.9,49.7,5.7,1300.0,1000.0,77.0,43.0,84.0,99.0,900
2024-03-22T14:39:50.000000+00:00,236.9,49.9,236.1,49.9,228.9,49.9,5.6,1290.0,1000.0,78.0,43.0,84.0,99.0,900
2024-03-22T14:40:50.000000+00:00,236.8,50.2,237.9,50.2,228.9,50.2,5.6,1270.0,990.0,78.0,43.0,84.0,99.0,900
2024-03-22T14:41:50.000000+00:00,238.1,50.2,238.1,50.2,228.9,50.2,5.6,1280.0,1000.0,78.0,43.0,83.9,99.0,900
2024-03-22T14:42:50.000000+00:00,236.9,50.2,238.0,50.2,228.9,50.2,5.6,1270.0,990.0,78.0,43.0,83.9,99.0,900
2024-03-22T14:43:50.000000+00:00,237.4,50.1,237.4,50.1,228.9,50.1,5.6,1270.0,990.0,78.0,42.0,83.9,99.0,901
2024-03-22T14:44:50.000000+00:00,236.6,50.2,237.2,50.2,228.9,50.1,5.6,1270.0,990.0,78.0,43.0,83.8,99.0,901
2024-03-22T14:45:50.000000+00:00,237.2,50.1,237.2,50.1,228.9,50.1,5.6,1280.0,990.0,77.0,43.0,83.8,99.0,901
2024-03-22T14:46:50.000000+00:00,236.8,50.1,237.3,50.1,228.9,50.1,5.6,1290.0,1000.0,78.0,43.0,83.8,99.0,901
2024-03-22T14:47:50.000000+00:00,238.2,50.3,237.5,50.3,228.9,50.3,5.5,1270.0,990.0,78.0,43.0,83.8,99.0,901
2024-03-22T14:48:50.000000+00:00,238.0,50.4,237.9,50.4,228.9,50.4,5.6,1280.0,1000.0,78.0,43.0,83.8,99.0,901
2024-03-22T14:49:50.000000+00:00,237.7,50.2,237.4,50.2,228.9,50.2,5.6,1280.0,1000.0,78.0,42.0,83.8,99.0,901
2024-03-22T14:50:50.000000+00:00,237.4,50.3,238.4,50.3,228.9,50.3,5.5,1270.0,990.0,78.0,42.0,83.8,99.0,901
2024-03-22T14:51:50.000000+00:00,237.0,50.2,237.0,50.2,228.9,50.2,5.6,1270.0,990.0,78.0,42.0,83.7,99.0,901
2024-03-22T14:52:50.000000+00:00,237.6,50.3,238.3,50.3,228.9,50.3,5.6,1280.0,1000.0,78.0,43.0,83.8,99.0,901
2024-03-22T14:53:50.000000+00:00,239.1,50.3,239.1,50.3,228.9,50.3,5.5,1270.0,990.0,78.0,42.0,84.0,99.0,901
2024-03-22T14:54:50.000000+00:00,239.5,50.4,239.0,50.4,228.9,50.4,5.6,1270.0,1000.0,79.0,42.0,84.2,99.0,901
2024-03-22T14:55:50.000000+00:00,238.8,50.4,238.8,50.4,228.9,50.4,5.5,1270.0,990.0,78.0,42.0,84.2,99.0,901
2024-03-22T14:56:51.000000+00:00,239.6,50.4,239.1,50.4,228.9,50.3,5.5,1270.0,990.0,78.0,43.0,84.3,99.0,901
2024-03-22T14:57:51.000000+00:00,238.8,50.3,238.3,50.3,228.9,50.3,5.6,1270.0,1000.0,79.0,42.0,84.3,99.0,901
2024-03-22T14:58:51.000000+00:00,238.6,50.4,238.7,50.4,228.9,50.4,5.5,1260.0,990.0,79.0,42.0,84.3,99.0,901
2024-03-22T14:59:51.000000+00:00,237.9,50.3,237.8,50.3,228.9,50.3,5.6,1270.0,1000.0,79.0,42.0,84.1,99.0,901
2024-03-22T15:00:51.000000+00:00,238.3,50.2,238.3,50.2,228.9,50.2,5.6,1280.0,1000.0,78.0,43.0,84.1,99.0,901
2024-03-22T15:01:51.000000+00:00,237.7,50.1,237.7,50.1,228.9,50.1,5.6,1280.0,990.0,77.0,43.0,84.0,99.0,901
2024-03-22T15:02:51.000000+00:00,238.3,50.2,237.9,50.2,228.9,50.2,5.6,1270.0,990.0,78.0,43.0,84.0,99.0,901
2024-03-22T15:03:51.000000+00:00,237.1,50.0,237.1,50.0,228.9,50.0,5.6,1280.0,1000.0,78.0,43.0,83.9,99.0,902
2024-03-22T15:04:51.000000+00:00,237.6,50.1,237.6,50.1,228.9,50.1,5.6,1280.0,1000.0,78.0,43.0,83.9,99.0,902
2024-03-22T15:05:51.000000+00:00,237.6,50.3,238.5,50.3,228.9,50.3,5.6,1270.0,1000.0,79.0,42.0,83.9,99.0,902
2024-03-22T15:06:51.000000+00:00,238.2,50.3,237.8,50.3,228.9,50.3,5.5,1270.0,990.0,78.0,42.0,83.8,99.0,902
2024-03-22T15:07:51.000000+00:00,236.9,50.1,236.9,50.1,228.9,50.1,5.6,1290.0,1010.0,78.0,43.0,83.8,100.0,902
2024-03-22T15:08:51.000000+00:00,236.5,50.1,236.5,50.1,228.9,50.1,5.6,1280.0,1000.0,78.0,43.0,83.8,100.0,902
2024-03-22T15:09:51.000000+00:00,236.7,50.0,236.7,50.0,228.9,50.0,5.6,1290.0,1000.0,78.0,43.0,83.8,100.0,902
2024-03-22T15:10:51.000000+00:00,237.3,50.1,236.2,50.0,228.9,50.0,5.6,1280.0,1000.0,78.0,43.0,83.8,100.0,902
2024-03-22T15:11:51.000000+00:00,236.3,50.0,236.8,50.0,228.9,50.0,5.6,1290.0,1000.0,78.0,43.0,83.8,100.0,902
2024-03-22T15:12:51.000000+00:00,236.8,49.9,236.8,49.9,228.9,49.9,5.6,1290.0,1000.0,78.0,43.0,83.8,100.0,902
2024-03-22T15:13:51.000000+00:00,236.1,49.8,236.1,49.8,228.9,49.8,5.7,1300.0,1010.0,78.0,43.0,83.8,100.0,902
2024-03-22T15:14:51.000000+00:00,237.2,50.1,237.2,50.1,228.9,50.1,5.7,1290.0,1010.0,78.0,42.0,83.8,100.0,902
2024-03-22T15:15:51.000000+00:00,236.7,50.1,236.7,50.1,228.9,50.1,5.6,1280.0,1000.0,78.0,43.0,84.0,100.0,902
2024-03-22T15:16:51.000000+00:00,236.6,50.1,236.6,50.1,228.9,50.1,5.6,1280.0,1000.0,78.0,43.0,84.1,100.0,902
2024-03-22T15:17:51.000000+00:00,235.5,50.0,235.5,50.0,228.9,50.0,5.6,1290.0,1000.0,78.0,43.0,84.2,100.0,902
2024-03-22T15:18:51.000000+00:00,236.4,50.1,236.4,50.1,228.9,50.1,5.6,1280.0,1000.0,78.0,43.0,84.3,100.0,902
2024-03-22T15:19:51.000000+00:00,235.9,50.1,235.9,50.1,228.9,50.1,5.6,1280.0,990.0,77.0,43.0,84.3,100.0,902
2024-03-22T15:20:51.000000+00:00,235.0,50.1,236.0,50.1,228.9,50.1,5.6,1280.0,1000.0,78.0,43.0,84.4,100.0,902
2024-03-22T15:21:51.000000+00:00,235.0,50.0,235.5,50.0,228.9,50.0,5.6,1290.0,1000.0,78.0,43.0,84.2,100.0,902
2024-03-22T15:22:51.000000+00:00,235.5,50.0,235.5,50.0,228.9,50.0,5.6,1290.0,1000.0,78.0,43.0,84.1,100.0,902
2024-03-22T15:23:51.000000+00:00,234.4,50.2,235.5,50.2,228.9,50.2,5.6,1270.0,990.0,78.0,43.0,84.1,100.0,903
2024-03-22T15:24:51.000000+00:00,235.6,50.2,235.6,50.2,228.9,50.2,5.6,1280.0,990.0,77.0,43.0,84.0,100.0,903
2024-03-22T15:25:51.000000+00:00,235.4,50.1,234.4,50.1,228.9,50.1,5.6,1280.0,990.0,77.0,43.0,84.0,100.0,903
2024-03-22T15:26:51.000000+00:00,235.0,50.0,234.4,50.0,228.9,50.0,5.6,1290.0,1010.0,78.0,43.0,83.9,100.0,903
2024-03-22T15:27:51.000000+00:00,234.7,50.1,234.7,50.1,228.9,50.1,5.6,1280.0,1000.0,78.0,43.0,83.9,100.0,903
2024-03-22T15:28:51.000000+00:00,234.4,50.1,234.9,50.1,228.9,50.1,5.6,1280.0,1000.0,78.0,43.0,83.8,100.0,903
2024-03-22T15:29:51.000000+00:00,234.4,49.9,234.4,49.9,228.9,49.9,5.6,1290.0,1000.0,78.0,43.0,83.8,100.0,903
2024-03-22T15:30:51.000000+00:00,234.4,49.9,234.4,49.9,228.9,49.9,5.7,1300.0,1010.0,78.0,43.0,83.8,100.0,903
2024-03-22T15:31:51.000000+00:00,234.3,50.1,234.9,50.1,228.9,50.1,5.6,1280.0,1000.0,78.0,43.0,83.8,100.0,903
2024-03-22T15:32:51.000000+00:00,233.6,50.1,233.7,50.1,228.9,50.0,5.6,1280.0,1000.0,78.0,43.0,83.8,100.0,903
2024-03-22T15:33:51.000000+00:00,234.8,50.1,234.8,50.1,228.9,50.1,5.6,1280.0,1000.0,78.0,43.0,83.8,100.0,903
2024-03-22T15:34:51.000000+00:00,232.8,49.9,233.8,49.9,228.9,49.9,5.6,1280.0,990.0,77.0,43.0,83.8,100.0,903
2024-03-22T15:35:51.000000+00:00,233.2,50.0,233.2,50.0,228.9,50.0,5.6,1280.0,1000.0,78.0,43.0,83.8,100.0,903
2024-03-22T15:36:51.000000+00:00,232.9,49.8,232.3,49.8,228.9,49.8,5.6,1290.0,1000.0,78.0,43.0,83.8,100.0,903
2024-03-22T15:37:51.000000+00:00,233.2,49.7,233.2,49.7,228.9,49.7,5.7,1290.0,1000.0,78.0,44.0,83.8,100.0,903
2024-03-22T15:38:51.000000+00:00,236.0,49.8,236.0,49.8,228.9,49.8,5.6,1290.0,1000.0,78.0,43.0,83.8,100.0,903
2024-03-22T15:39:51.000000+00:00,236.1,49.7,235.7,49.7,228.9,49.7,5.7,1310.0,1010.0,77.0,43.0,83.7,100.0,903
2024-03-22T15:40:51.000000+00:00,235.7,49.7,236.0,49.7,228.9,49.7,5.6,1300.0,1000.0,77.0,43.0,83.7,100.0,903
2024-03-22T15:41:51.000000+00:00,234.9,49.7,234.9,49.7,228.9,49.7,5.7,1310.0,1010.0,77.0,44.0,84.0,100.0,903
2024-03-22T15:42:51.000000+00:00,233.9,49.8,233.9,49.8,228.9,49.8,5.7,1300.0,1000.0,77.0,43.0,84.2,100.0,903
2024-03-22T15:43:51.000000+00:00,234.7,49.7,234.7,49.7,228.9,49.7,5.7,1300.0,1010.0,78.0,43.0,84.2,100.0,904
2024-03-22T15:44:51.000000+00:00,234.9,49.8,235.7,49.8,228.9,49.8,5.7,1300.0,1010.0,78.0,43.0,84.3,100.0,904
2024-03-22T15:45:51.000000+00:00,234.9,49.7,234.7,49.7,228.9,49.8,5.7,1300.0,1000.0,77.0,44.0,84.3,100.0,904
2024-03-22T15:46:51.000000+00:00,234.9,49.8,234.5,49.8,228.9,49.8,5.7,1310.0,1010.0,77.0,43.0,84.3,100.0,904
2024-03-22T15:47:51.000000+00:00,232.7,49.6,233.6,49.6,228.9,49.6,5.7,1300.0,1000.0,77.0,44.0,84.2,100.0,904
2024-03-22T15:48:51.000000+00:00,233.0,49.7,233.0,49.7,228.9,49.7,5.7,1300.0,1000.0,77.0,43.0,84.1,100.0,904
2024-03-22T15:49:51.000000+00:00,232.4,49.5,231.5,49.5,228.9,49.5,5.7,1310.0,1000.0,76.0,44.0,84.1,100.0,904
2024-03-22T15:50:51.000000+00:00,236.0,49.5,235.1,49.5,228.9,49.5,5.7,1310.0,1010.0,77.0,44.0,84.0,100.0,878
2024-03-22T15:51:51.000000+00:00,234.8,49.5,234.9,49.5,228.9,49.5,5.7,1310.0,1010.0,77.0,44.0,84.0,100.0,878
2024-03-22T15:52:51.000000+00:00,233.5,49.5,233.1,49.5,228.9,49.5,5.7,1310.0,1010.0,77.0,44.0,83.9,100.0,878
2024-03-22T15:53:51.000000+00:00,233.1,49.6,233.1,49.6,228.9,49.6,5.7,1300.0,1000.0,77.0,43.0,83.9,100.0,878
2024-03-22T15:54:51.000000+00:00,232.3,49.6,232.4,49.6,228.9,49.6,5.7,1300.0,1000.0,77.0,44.0,83.9,100.0,878
2024-03-22T15:55:52.000000+00:00,232.4,49.7,232.0,49.7,228.9,49.7,5.7,1300.0,1000.0,77.0,43.0,83.9,100.0,878
2024-03-22T15:56:52.000000+00:00,231.8,49.6,231.8,49.6,228.9,49.6,5.7,1300.0,1000.0,77.0,44.0,83.8,100.0,878
2024-03-22T15:57:52.000000+00:00,234.1,49.7,235.1,49.7,228.9,49.7,5.7,1300.0,1000.0,77.0,44.0,83.8,100.0,878
2024-03-22T15:58:52.000000+00:00,235.1,49.9,235.1,49.9,228.9,49.9,5.7,1290.0,1000.0,78.0,43.0,83.8,100.0,878
2024-03-22T15:59:52.000000+00:00,233.9,49.7,233.9,49.7,228.9,49.7,5.7,1300.0,1000.0,77.0,43.0,83.8,100.0,878
2024-03-22T16:00:52.000000+00:00,233.3,49.8,233.3,49.7,228.9,49.7,5.7,1310.0,1010.0,77.0,44.0,83.8,100.0,878
2024-03-22T16:01:52.000000+00:00,233.8,49.8,232.8,49.8,228.9,49.8,5.6,1290.0,1000.0,78.0,43.0,83.8,100.0,878
2024-03-22T16:02:52.000000+00:00,233.0,49.8,233.8,49.8,228.9,49.8,5.7,1300.0,1000.0,77.0,43.0,83.8,100.0,879
2024-03-22T16:03:52.000000+00:00,232.7,49.7,232.7,49.7,228.9,49.7,5.7,1300.0,1000.0,77.0,43.0,83.7,100.0,879
2024-03-22T16:04:52.000000+00:00,233.0,49.7,233.0,49.7,228.9,49.7,5.7,1300.0,1000.0,77.0,44.0,83.8,100.0,879
2024-03-22T16:05:52.000000+00:00,233.2,50.1,233.1,50.1,228.9,50.1,5.6,1280.0,990.0,77.0,43.0,83.7,100.0,879
2024-03-22T16:06:52.000000+00:00,232.4,50.1,232.3,50.1,228.9,50.1,5.6,1280.0,990.0,77.0,43.0,83.7,100.0,879
2024-03-22T16:07:52.000000+00:00,232.4,50.0,232.9,50.0,228.9,50.0,5.6,1280.0,990.0,77.0,43.0,83.7,100.0,879
2024-03-22T16:08:52.000000+00:00,232.6,50.1,233.1,50.1,228.9,50.1,5.6,1290.0,1000.0,78.0,43.0,83.9,100.0,879
2024-03-22T16:09:52.000000+00:00,232.6,50.3,232.6,50.3,228.9,50.3,5.5,1260.0,990.0,79.0,42.0,84.1,100.0,879
2024-03-22T16:10:52.000000+00:00,232.6,50.4,232.6,50.4,228.9,50.4,5.5,1260.0,990.0,79.0,42.0,84.2,100.0,879
2024-03-22T16:11:52.000000+00:00,232.4,50.3,233.4,50.3,228.9,50.3,5.6,1280.0,1010.0,79.0,42.0,84.3,100.0,879
2024-03-22T16:12:52.000000+00:00,232.5,50.0,232.5,50.0,228.9,50.0,5.6,1290.0,1000.0,78.0,43.0,84.3,100.0,879
2024-03-22T16:13:52.000000+00:00,232.1,49.9,233.1,49.9,228.9,49.9,5.6,1290.0,1000.0,78.0,43.0,84.4,100.0,879
2024-03-22T16:14:52.000000+00:00,233.3,50.1,232.3,50.1,228.9,50.1,5.6,1280.0,990.0,77.0,43.0,84.3,100.0,879
2024-03-22T16:15:52.000000+00:00,231.9,49.7,231.9,49.7,228.9,49.7,5.7,1310.0,1010.0,77.0,43.0,84.2,100.0,879
2024-03-22T16:16:52.000000+00:00,231.6,49.7,231.2,49.7,228.9,49.7,5.7,1310.0,1010.0,77.0,43.0,84.1,100.0,879
2024-03-22T16:17:52.000000+00:00,230.8,49.7,230.8,49.8,228.9,49.8,5.6,1290.0,1000.0,78.0,43.0,84.1,100.0,879
2024-03-22T16:18:52.000000+00:00,231.0,49.9,230.6,49.9,228.9,49.9,5.6,1290.0,1000.0,78.0,43.0,84.0,100.0,879
2024-03-22T16:19:52.000000+00:00,230.3,50.1,230.3,50.1,228.9,50.0,5.6,1290.0,1010.0,78.0,43.0,84.0,100.0,879
2024-03-22T16:20:52.000000+00:00,230.4,49.9,230.8,49.9,228.9,49.9,5.7,1300.0,1010.0,78.0,43.0,83.9,100.0,879
2024-03-22T16:21:52.000000+00:00,230.1,50.0,230.6,50.0,228.9,50.0,5.6,1290.0,1000.0,78.0,43.0,83.9,100.0,879
2024-03-22T16:22:52.000000+00:00,230.9,49.9,230.9,49.9,228.9,49.9,5.6,1290.0,1000.0,78.0,43.0,83.9,100.0,879
2024-03-22T16:23:52.000000+00:00,230.5,49.9,230.5,49.9,228.9,49.9,5.6,1290.0,1000.0,78.0,43.0,83.8,100.0,880
2024-03-22T16:24:52.000000+00:00,229.8,49.8,229.8,49.8,228.9,49.8,5.6,1290.0,1000.0,78.0,43.0,83.8,100.0,880
2024-03-22T16:25:52.000000+00:00,230.9,49.9,230.9,49.9,228.9,49.9,5.6,1290.0,1000.0,78.0,43.0,83.8,100.0,880
2024-03-22T16:26:52.000000+00:00,231.3,50.0,231.8,50.0,228.9,50.1,5.6,1290.0,1000.0,78.0,43.0,83.8,100.0,880
2024-03-22T16:27:52.000000+00:00,231.4,49.8,231.4,49.8,228.9,49.8,5.7,1300.0,1010.0,78.0,43.0,83.8,100.0,880
2024-03-22T16:28:52.000000+00:00,230.3,49.9,231.4,49.9,228.9,49.9,5.6,1280.0,1000.0,78.0,43.0,83.8,100.0,880
2024-03-22T16:29:52.000000+00:00,231.3,50.0,231.3,50.0,228.9,50.0,5.6,1290.0,1000.0,78.0,43.0,83.8,100.0,880
2024-03-22T16:30:52.000000+00:00,230.8,49.9,229.9,49.9,228.9,49.9,5.6,1290.0,1000.0,78.0,43.0,83.8,100.0,880
2024-03-22T16:31:52.000000+00:00,230.8,49.9,230.8,49.9,228.9,49.9,5.7,1300.0,1010.0,78.0,43.0,83.8,100.0,880
2024-03-22T16:32:52.000000+00:00,230.7,50.0,231.2,50.0,228.9,50.0,5.6,1290.0,1000.0,78.0,43.0,83.8,100.0,880
2024-03-22T16:33:52.000000+00:00,231.3,50.3,231.3,50.3,228.9,50.3,5.6,1270.0,990.0,78.0,43.0,83.8,100.0,880
2024-03-22T16:34:52.000000+00:00,231.3,50.3,230.9,50.3,228.9,50.3,5.6,1280.0,1000.0,78.0,43.0,83.8,100.0,880
2024-03-22T16:35:52.000000+00:00,231.0,50.3,231.1,50.3,228.9,50.3,5.5,1270.0,990.0,78.0,43.0,83.7,100.0,880
2024-03-22T16:36:52.000000+00:00,231.6,50.2,230.7,50.2,228.9,50.2,5.6,1280.0,1000.0,78.0,43.0,83.7,100.0,880
2024-03-22T16:37:52.000000+00:00,230.6,49.8,230.6,49.8,228.9,49.8,5.6,1300.0,1000.0,77.0,43.0,83.7,100.0,880
2024-03-22T16:38:52.000000+00:00,231.1,50.0,231.1,50.0,228.9,50.0,5.6,1280.0,1000.0,78.0,43.0,83.7,100.0,880
2024-03-22T16:39:52.000000+00:00,231.5,50.1,231.0,50.1,228.9,50.1,5.6,1280.0,990.0,77.0,43.0,83.7,100.0,880
2024-03-22T16:40:52.000000+00:00,231.0,50.2,231.0,50.2,228.9,50.2,5.6,1280.0,1000.0,78.0,42.0,83.7,100.0,880
2024-03-22T16:41:52.000000+00:00,231.8,50.0,231.8,50.0,228.9,50.0,5.6,1290.0,1000.0,78.0,43.0,83.9,100.0,880
2024-03-22T16:42:52.000000+00:00,232.0,50.3,232.0,50.3,228.9,50.3,5.6,1280.0,1000.0,78.0,42.0,84.1,100.0,880
2024-03-22T16:43:52.000000+00:00,233.1,50.3,233.1,50.3,228.9,50.3,5.6,1280.0,1000.0,78.0,43.0,84.2,100.0,880
2024-03-22T16:44:52.000000+00:00,232.0,50.2,232.0,50.2,228.9,50.2,5.5,1270.0,990.0,78.0,43.0,84.3,100.0,880
2024-03-22T16:45:52.000000+00:00,232.6,50.1,232.6,50.1,228.9,50.1,5.6,1280.0,1000.0,78.0,42.0,84.3,100.0,880
2024-03-22T16:46:52.000000+00:00,232.4,50.2,233.2,50.2,228.9,50.2,5.6,1280.0,1000.0,78.0,43.0,84.4,100.0,880
2024-03-22T16:47:52.000000+00:00,232.6,50.1,232.2,50.1,228.9,50.1,5.6,1280.0,990.0,77.0,43.0,84.3,100.0,880
2024-03-22T16:48:52.000000+00:00,231.5,50.0,232.0,50.0,228.9,50.0,5.6,1290.0,1000.0,78.0,43.0,84.2,100.0,880
2024-03-22T16:49:52.000000+00:00,232.3,50.1,232.3,50.1,228.9,50.1,5.6,1280.0,1000.0,78.0,43.0,84.1,100.0,880
2024-03-22T16:50:52.000000+00:00,231.5,49.9,232.5,49.9,228.9,49.9,5.6,1290.0,1000.0,78.0,43.0,84.1,100.0,880
2024-03-22T16:51:52.000000+00:00,231.9,50.0,232.4,50.0,228.9,50.0,5.6,1280.0,1000.0,78.0,43.0,84.0,100.0,880
2024-03-22T16:52:52.000000+00:00,231.9,49.9,231.9,49.9,228.9,49.9,5.6,1290.0,1000.0,78.0,43.0,84.0,100.0,880
2024-03-22T16:53:52.000000+00:00,231.2,49.8,231.7,49.8,228.9,49.8,5.6,1290.0,1000.0,78.0,43.0,83.9,100.0,880
2024-03-22T16:54:52.000000+00:00,231.8,49.8,231.3,49.8,228.9,49.8,5.6,1290.0,1000.0,78.0,43.0,83.9,100.0,880
2024-03-22T16:55:52.000000+00:00,230.9,49.8,230.9,49.8,228.9,49.8,5.7,1300.0,1000.0,77.0,43.0,83.9,100.0,880
2024-03-22T16:56:53.000000+00:00,231.4,49.9,231.4,49.9,228.9,49.9,5.7,1300.0,1000.0,77.0,43.0,83.8,100.0,880
2024-03-22T16:57:53.000000+00:00,231.2,49.7,231.2,49.7,228.9,49.7,5.7,1310.0,1010.0,77.0,44.0,83.9,100.0,880
2024-03-22T16:58:53.000000+00:00,231.9,49.9,231.9,49.9,228.9,49.9,5.6,1290.0,1000.0,78.0,43.0,83.8,100.0,880
2024-03-22T16:59:53.000000+00:00,232.3,49.8,232.3,49.8,228.9,49.8,5.7,1290.0,1000.0,78.0,43.0,83.9,100.0,880
2024-03-22T17:00:53.000000+00:00,232.5,49.8,232.5,49.8,228.9,49.8,5.6,1300.0,1000.0,77.0,43.0,83.9,100.0,880
2024-03-22T17:01:53.000000+00:00,232.2,49.8,232.6,49.8,228.9,49.8,5.6,1290.0,1000.0,78.0,43.0,83.8,100.0,880
2024-03-22T17:02:53.000000+00:00,231.4,49.8,231.4,49.8,228.9,49.8,5.7,1300.0,1000.0,77.0,43.0,83.8,100.0,880
2024-03-22T17:03:53.000000+00:00,232.9,50.0,232.8,50.0,228.9,50.0,5.6,1280.0,990.0,77.0,43.0,83.8,100.0,880
2024-03-22T17:04:53.000000+00:00,232.9,50.0,232.9,50.0,228.9,50.0,5.6,1280.0,990.0,77.0,43.0,83.8,100.0,880
2024-03-22T17:05:53.000000+00:00,232.6,50.0,232.6,50.0,228.9,50.0,5.7,1290.0,1010.0,78.0,43.0,83.8,100.0,880
2024-03-22T17:06:53.000000+00:00,233.1,49.9,233.1,49.9,228.9,49.9,5.6,1290.0,1000.0,78.0,43.0,83.8,100.0,880
2024-03-22T17:07:53.000000+00:00,232.8,49.9,233.8,49.9,228.9,49.9,5.6,1280.0,990.0,77.0,43.0,83.8,100.0,880
2024-03-22T17:08:53.000000+00:00,232.3,49.8,232.3,49.8,228.9,49.8,5.7,1300.0,1010.0,78.0,43.0,83.8,100.0,880
2024-03-22T17:09:53.000000+00:00,232.3,49.9,232.8,49.9,228.9,49.9,5.6,1280.0,990.0,77.0,43.0,83.8,100.0,880
2024-03-22T17:10:53.000000+00:00,232.1,49.8,232.1,49.8,228.9,49.8,5.6,1280.0,990.0,77.0,43.0,83.8,100.0,880
2024-03-22T17:11:53.000000+00:00,231.8,49.9,231.8,49.9,228.9,49.9,5.6,1290.0,1000.0,78.0,43.0,83.7,100.0,880
2024-03-22T17:12:53.000000+00:00,232.9,50.0,232.0,50.0,228.9,50.1,5.6,1290.0,1000.0,78.0,43.0,83.8,100.0,880
2024-03-22T17:13:53.000000+00:00,232.4,50.0,232.4,50.0,228.9,50.0,5.6,1290.0,1000.0,78.0,43.0,83.8,100.0,880
2024-03-22T17:14:53.000000+00:00,232.6,50.0,232.6,50.0,228.9,50.0,5.6,1280.0,1000.0,78.0,43.0,83.8,100.0,880
2024-03-22T17:15:53.000000+00:00,232.4,50.0,233.0,50.0,228.9,50.0,5.6,1280.0,1000.0,78.0,43.0,83.8,100.0,880
2024-03-22T17:16:53.000000+00:00,232.8,50.0,232.8,50.0,228.9,50.0,5.6,1290.0,1000.0,78.0,43.0,83.7,100.0,880
2024-03-22T17:17:53.000000+00:00,233.0,49.9,232.6,49.9,228.9,49.9,5.6,1290.0,1000.0,78.0,43.0,83.7,100.0,880
2024-03-22T17:18:53.000000+00:00,231.7,49.9,232.2,49.9,228.9,49.9,5.6,1280.0,990.0,77.0,43.0,83.7,100.0,880
2024-03-22T17:19:53.000000+00:00,231.9,49.8,232.3,49.8,228.9,49.8,5.6,1280.0,990.0,77.0,43.0,83.9,100.0,880
2024-03-22T17:20:53.000000+00:00,232.2,49.9,232.2,49.9,228.9,49.9,5.7,1310.0,1030.0,79.0,44.0,84.0,100.0,880
2024-03-22T17:21:53.000000+00:00,232.5,50.0,232.4,50.0,228.9,50.0,5.6,1280.0,990.0,77.0,43.0,84.2,100.0,880
2024-03-22T17:22:53.000000+00:00,232.5,50.1,232.9,50.1,228.9,50.1,5.6,1290.0,1000.0,78.0,43.0,84.3,100.0,880
2024-03-22T17:23:53.000000+00:00,232.7,50.1,233.1,50.1,228.9,50.1,5.6,1280.0,990.0,77.0,43.0,84.3,100.0,880
2024-03-22T17:24:53.000000+00:00,232.0,49.9,232.0,49.9,228.9,49.9,5.6,1290.0,1000.0,78.0,43.0,84.4,100.0,880
2024-03-22T17:25:53.000000+00:00,232.5,49.8,232.5,49.8,229.0,49.8,5.6,1290.0,1000.0,78.0,43.0,84.3,100.0,880
2024-03-22T17:26:53.000000+00:00,232.6,49.9,232.6,49.9,228.9,49.9,5.6,1280.0,990.0,77.0,43.0,84.2,100.0,880
2024-03-22T17:27:53.000000+00:00,233.8,50.0,233.8,50.0,228.9,50.0,5.6,1290.0,1000.0,78.0,43.0,84.1,100.0,880
2024-03-22T17:28:53.000000+00:00,234.1,50.1,234.1,50.1,228.9,50.1,5.6,1280.0,1000.0,78.0,43.0,84.0,100.0,880
2024-03-22T17:29:53.000000+00:00,234.5,50.1,233.6,50.1,229.0,50.1,5.6,1280.0,1000.0,78.0,43.0,84.0,100.0,880
2024-03-22T17:30:53.000000+00:00,234.0,50.0,234.0,50.0,229.0,50.0,5.6,1280.0,1000.0,78.0,43.0,84.0,100.0,880
2024-03-22T17:31:53.000000+00:00,234.6,50.1,234.6,50.1,228.9,50.1,5.6,1290.0,1010.0,78.0,43.0,83.9,100.0,880
2024-03-22T17:32:53.000000+00:00,234.3,50.1,234.3,50.1,229.0,50.1,5.6,1270.0,990.0,78.0,43.0,83.9,100.0,880
2024-03-22T17:33:53.000000+00:00,234.9,50.3,234.9,50.3,228.9,50.3,5.6,1280.0,1000.0,78.0,42.0,83.9,100.0,880
2024-03-22T17:34:53.000000+00:00,234.6,50.2,235.5,50.2,228.9,50.2,5.6,1270.0,990.0,78.0,43.0,83.9,100.0,880
2024-03-22T17:35:53.000000+00:00,235.2,50.2,234.2,50.2,228.9,50.2,5.6,1280.0,1000.0,78.0,43.0,83.8,100.0,880
2024-03-22T17:36:53.000000+00:00,234.8,50.3,234.8,50.3,229.0,50.3,5.5,1270.0,990.0,78.0,42.0,83.9,100.0,880
2024-03-22T17:37:53.000000+00:00,235.3,50.3,235.3,50.3,228.9,50.3,5.6,1280.0,1000.0,78.0,42.0,83.8,100.0,880
2024-03-22T17:38:53.000000+00:00,236.1,50.2,235.6,50.2,229.0,50.2,5.6,1270.0,990.0,78.0,43.0,83.9,100.0,880
2024-03-22T17:39:53.000000+00:00,235.8,50.0,235.8,50.0,228.9,50.0,5.7,1300.0,1010.0,78.0,43.0,83.8,100.0,880
2024-03-22T17:40:53.000000+00:00,237.2,50.3,237.6,50.3,229.0,50.3,5.6,1280.0,1000.0,78.0,42.0,83.8,100.0,880
2024-03-22T17:41:53.000000+00:00,237.6,50.1,237.6,50.1,229.0,50.1,5.6,1280.0,1000.0,78.0,43.0,83.8,100.0,880
2024-03-22T17:42:53.000000+00:00,238.1,50.3,237.5,50.3,229.0,50.3,5.5,1270.0,1000.0,79.0,42.0,83.8,100.0,880
2024-03-22T17:43:53.000000+00:00,238.7,50.3,238.7,50.3,229.0,50.3,5.5,1270.0,990.0,78.0,42.0,83.8,100.0,880
2024-03-22T17:44:53.000000+00:00,236.0,49.9,236.4,49.9,229.0,49.9,5.6,1290.0,1000.0,78.0,43.0,83.8,100.0,880
2024-03-22T17:45:53.000000+00:00,235.7,49.9,235.7,49.9,228.9,49.9,5.6,1290.0,1000.0,78.0,43.0,83.8,100.0,880
2024-03-22T17:46:53.000000+00:00,234.8,49.5,234.4,49.5,229.0,49.5,5.7,1310.0,1010.0,77.0,44.0,83.8,100.0,880
2024-03-22T17:47:53.000000+00:00,235.8,49.8,236.7,49.8,229.0,49.8,5.6,1290.0,1000.0,78.0,43.0,83.8,100.0,880
2024-03-22T17:48:53.000000+00:00,237.0,50.3,237.4,50.3,228.9,50.3,5.5,1270.0,990.0,78.0,43.0,83.8,100.0,880
2024-03-22T17:49:53.000000+00:00,236.6,50.3,236.6,50.3,229.0,50.3,5.6,1270.0,990.0,78.0,42.0,83.8,100.0,880
2024-03-22T17:50:53.000000+00:00,236.4,49.9,236.4,49.9,228.9,49.9,5.7,1300.0,1010.0,78.0,43.0,83.8,100.0,880
2024-03-22T17:51:53.000000+00:00,237.2,49.8,237.2,49.8,229.0,49.8,5.6,1290.0,990.0,77.0,43.0,83.8,100.0,880
2024-03-22T17:52:53.000000+00:00,236.8,50.2,236.8,50.2,229.0,50.2,5.6,1280.0,1000.0,78.0,43.0,83.8,100.0,880
2024-03-22T17:53:53.000000+00:00,236.7,50.3,236.2,50.3,229.0,50.3,5.6,1270.0,1000.0,79.0,42.0,83.8,100.0,880
2024-03-22T17:54:53.000000+00:00,236.5,50.3,236.5,50.3,229.0,50.3,5.6,1280.0,1000.0,78.0,43.0,83.8,100.0,880
2024-03-22T17:55:53.000000+00:00,236.6,50.3,236.1,50.3,229.0,50.3,5.6,1270.0,1000.0,79.0,42.0,83.7,100.0,880
2024-03-22T17:56:54.000000+00:00,234.9,50.1,235.3,50.1,229.0,50.1,5.6,1280.0,1000.0,78.0,43.0,83.7,100.0,880
2024-03-22T17:57:54.000000+00:00,236.0,50.3,236.0,50.3,229.0,50.3,5.6,1270.0,1000.0,79.0,43.0,83.7,100.0,880
2024-03-22T17:58:54.000000+00:00,235.1,50.1,235.1,50.1,229.0,50.1,5.6,1280.0,990.0,77.0,43.0,83.8,100.0,880
2024-03-22T17:59:54.000000+00:00,234.0,49.7,234.0,49.7,228.9,49.7,5.6,1290.0,1000.0,78.0,43.0,83.7,100.0,880
2024-03-22T18:00:54.000000+00:00,233.4,49.9,234.3,49.9,228.9,49.9,5.7,1290.0,1000.0,78.0,43.0,83.8,100.0,880
2024-03-22T18:01:54.000000+00:00,233.8,50.1,233.8,50.1,228.9,50.1,5.6,1280.0,990.0,77.0,42.0,83.8,100.0,880
2024-03-22T18:02:54.000000+00:00,234.1,50.1,234.1,50.1,228.9,50.1,5.6,1280.0,1000.0,78.0,43.0,83.7,100.0,880
2024-03-22T18:03:54.000000+00:00,233.6,50.1,233.6,50.1,228.9,50.1,5.6,1280.0,1000.0,78.0,43.0,83.7,100.0,880
2024-03-22T18:04:54.000000+00:00,234.4,50.1,234.3,50.1,229.0,50.1,5.6,1270.0,990.0,78.0,43.0,83.7,100.0,880
2024-03-22T18:05:54.000000+00:00,234.9,50.3,234.9,50.3,228.9,50.3,5.5,1270.0,1000.0,79.0,42.0,84.0,100.0,880
2024-03-22T18:06:54.000000+00:00,235.8,50.3,235.8,50.3,228.9,50.3,5.6,1270.0,1000.0,79.0,42.0,84.2,100.0,880
2024-03-22T18:07:54.000000+00:00,235.5,50.3,235.5,50.3,228.9,50.3,5.5,1270.0,990.0,78.0,42.0,84.2,100.0,880
2024-03-22T18:08:54.000000+00:00,234.9,50.3,235.4,50.3,229.0,50.3,5.6,1270.0,1000.0,79.0,42.0,84.3,100.0,880
2024-03-22T18:09:54.000000+00:00,235.6,50.1,235.6,50.1,228.9,50.1,5.6,1280.0,1000.0,78.0,43.0,84.3,100.0,880
2024-03-22T18:10:54.000000+00:00,235.4,50.1,235.4,50.1,229.0,50.1,5.6,1290.0,1000.0,78.0,42.0,84.3,100.0,880
2024-03-22T18:11:54.000000+00:00,237.0,50.4,237.0,50.4,229.0,50.4,5.5,1270.0,990.0,78.0,42.0,84.2,100.0,880
2024-03-22T18:12:54.000000+00:00,236.8,50.2,236.8,50.2,228.9,50.2,5.6,1280.0,990.0,77.0,42.0,84.2,100.0,880
2024-03-22T18:13:54.000000+00:00,235.4,50.3,235.4,50.3,228.9,50.3,5.6,1270.0,1000.0,79.0,43.0,84.1,100.0,880
2024-03-22T18:14:54.000000+00:00,236.5,50.1,235.6,50.0,229.0,50.0,5.6,1290.0,1000.0,78.0,43.0,84.0,100.0,880
2024-03-22T18:15:54.000000+00:00,236.3,50.1,236.8,50.1,229.0,50.1,5.6,1280.0,1000.0,78.0,43.0,84.0,100.0,880
2024-03-22T18:16:54.000000+00:00,236.2,50.0,237.1,50.0,229.0,50.0,5.6,1290.0,1000.0,78.0,43.0,84.0,100.0,880
2024-03-22T18:17:54.000000+00:00,236.6,50.1,237.1,50.1,229.0,50.1,5.6,1290.0,1000.0,78.0,43.0,83.9,100.0,880
2024-03-22T18:18:54.000000+00:00,237.1,50.2,236.2,50.2,229.0,50.2,5.6,1280.0,1000.0,78.0,42.0,83.9,100.0,880
2024-03-22T18:19:54.000000+00:00,236.6,50.3,236.6,50.3,229.0,50.3,5.6,1280.0,1000.0,78.0,42.0,83.9,100.0,880
2024-03-22T18:20:54.000000+00:00,236.3,50.3,236.3,50.3,228.9,50.3,5.6,1280.0,1000.0,78.0,42.0,83.9,100.0,880
2024-03-22T18:21:54.000000+00:00,237.3,50.2,237.2,50.2,229.0,50.2,5.6,1280.0,1000.0,78.0,42.0,83.9,100.0,880
2024-03-22T18:22:54.000000+00:00,237.4,50.3,237.4,50.3,228.9,50.3,5.6,1280.0,1000.0,78.0,42.0,83.8,100.0,880
2024-03-22T18:23:54.000000+00:00,238.8,50.4,238.7,50.4,229.0,50.4,5.5,1270.0,1000.0,79.0,42.0,83.9,100.0,880
2024-03-22T18:24:54.000000+00:00,238.1,50.2,238.1,50.2,229.0,50.3,5.6,1280.0,1000.0,78.0,43.0,83.8,100.0,880
2024-03-22T18:25:54.000000+00:00,238.8,50.2,238.3,50.3,228.9,50.3,5.6,1280.0,1000.0,78.0,42.0,83.8,100.0,880
2024-03-22T18:26:54.000000+00:00,239.3,50.4,239.6,50.4,229.0,50.4,5.5,1270.0,990.0,78.0,42.0,83.8,100.0,880
2024-03-22T18:27:54.000000+00:00,235.6,50.3,235.7,50.3,228.9,50.3,5.5,1270.0,990.0,78.0,43.0,83.8,100.0,880
2024-03-22T18:28:54.000000+00:00,235.3,50.3,235.3,50.3,229.0,50.3,5.6,1280.0,1000.0,78.0,42.0,83.8,100.0,880
2024-03-22T18:29:54.000000+00:00,235.1,50.2,235.1,50.2,228.9,50.2,5.6,1270.0,990.0,78.0,43.0,83.8,100.0,880
2024-03-22T18:30:54.000000+00:00,235.8,50.3,236.3,50.3,228.9,50.3,5.5,1270.0,990.0,78.0,42.0,83.8,100.0,880
2024-03-22T18:31:54.000000+00:00,236.8,50.3,235.7,50.3,229.0,50.3,5.5,1270.0,990.0,78.0,42.0,83.8,100.0,880
2024-03-22T18:32:54.000000+00:00,236.4,50.3,236.9,50.3,229.0,50.3,5.6,1280.0,1000.0,78.0,42.0,83.8,100.0,880
2024-03-22T18:33:54.000000+00:00,236.1,50.1,236.1,50.1,229.0,50.1,5.6,1280.0,1000.0,78.0,43.0,83.8,100.0,880
2024-03-22T18:34:54.000000+00:00,234.7,49.8,234.3,49.8,229.0,49.8,5.6,1300.0,1000.0,77.0,43.0,83.8,100.0,880
2024-03-22T18:35:54.000000+00:00,235.7,49.8,235.7,49.8,228.9,49.8,5.7,1300.0,1010.0,78.0,43.0,83.8,100.0,880
2024-03-22T18:36:54.000000+00:00,235.1,49.9,235.1,49.9,228.9,49.9,5.6,1290.0,990.0,77.0,43.0,83.8,100.0,880
2024-03-22T18:37:54.000000+00:00,234.8,49.9,234.9,49.9,229.0,49.9,5.7,1300.0,1010.0,78.0,43.0,83.8,100.0,880
2024-03-22T18:38:54.000000+00:00,235.0,49.9,234.6,49.9,228.9,49.9,5.6,1290.0,1000.0,78.0,43.0,83.8,100.0,880
2024-03-22T18:39:54.000000+00:00,234.9,49.8,234.9,49.8,229.0,49.8,5.6,1300.0,1000.0,77.0,43.0,83.8,100.0,880
2024-03-22T18:40:54.000000+00:00,233.9,49.8,233.9,49.8,228.9,49.8,5.7,1300.0,1000.0,77.0,43.0,83.8,100.0,880
2024-03-22T18:41:54.000000+00:00,235.0,49.9,234.2,49.9,228.9,49.9,5.6,1290.0,1000.0,78.0,43.0,83.8,100.0,880
2024-03-22T18:42:54.000000+00:00,235.7,49.8,236.6,49.8,229.0,49.8,5.6,1290.0,1000.0,78.0,43.0,83.8,100.0,880
2024-03-22T18:43:54.000000+00:00,236.5,49.8,235.6,49.8,228.9,49.8,5.7,1300.0,1000.0,77.0,43.0,83.8,100.0,880
2024-03-22T18:44:54.000000+00:00,238.2,50.0,238.2,50.0,228.9,50.0,5.6,1280.0,990.0,77.0,43.0,83.8,100.0,880
2024-03-22T18:45:54.000000+00:00,238.8,50.0,238.8,50.0,229.0,50.0,5.6,1290.0,1000.0,78.0,43.0,83.8,100.0,880
2024-03-22T18:46:54.000000+00:00,238.8,50.0,238.9,50.0,228.9,50.0,5.6,1290.0,1000.0,78.0,43.0,83.7,100.0,880
2024-03-22T18:47:54.000000+00:00,238.8,50.0,238.3,50.0,229.0,50.0,5.6,1280.0,990.0,77.0,43.0,83.8,100.0,880
2024-03-22T18:48:54.000000+00:00,239.0,50.2,239.0,50.2,228.9,50.2,5.6,1280.0,1000.0,78.0,42.0,83.8,100.0,880
2024-03-22T18:49:54.000000+00:00,238.8,50.0,239.3,50.0,228.9,50.0,5.6,1280.0,1000.0,78.0,43.0,83.7,100.0,880
2024-03-22T18:50:54.000000+00:00,240.5,50.1,240.0,50.1,229.0,50.1,5.6,1290.0,1010.0,78.0,43.0,83.7,100.0,880
2024-03-22T18:51:54.000000+00:00,237.2,50.2,236.7,50.2,229.0,50.2,5.6,1270.0,990.0,78.0,43.0,83.8,100.0,880
2024-03-22T18:52:54.000000+00:00,236.4,50.0,236.4,50.0,229.0,50.0,5.6,1280.0,990.0,77.0,43.0,83.7,100.0,880
2024-03-22T18:53:55.000000+00:00,237.2,50.1,237.2,50.1,229.0,50.1,5.6,1280.0,990.0,77.0,43.0,83.7,100.0,880
2024-03-22T18:54:55.000000+00:00,236.3,50.1,236.2,50.1,228.9,50.1,5.6,1290.0,1010.0,78.0,43.0,83.8,100.0,880
2024-03-22T18:55:55.000000+00:00,236.0,50.0,236.0,50.0,228.9,50.0,5.6,1280.0,1000.0,78.0,43.0,84.1,100.0,880
2024-03-22T18:56:55.000000+00:00,238.5,50.4,238.6,50.4,228.9,50.4,5.5,1270.0,990.0,78.0,42.0,84.1,100.0,880
2024-03-22T18:57:55.000000+00:00,240.1,50.3,240.1,50.3,229.0,50.3,5.6,1270.0,1000.0,79.0,42.0,84.3,100.0,880
2024-03-22T18:58:55.000000+00:00,240.1,50.1,240.1,50.1,229.0,50.2,5.6,1290.0,1010.0,78.0,43.0,84.3,100.0,880
2024-03-22T18:59:55.000000+00:00,236.0,50.3,236.0,50.3,229.0,50.3,5.6,1280.0,1000.0,78.0,42.0,84.3,100.0,880
2024-03-22T19:00:55.000000+00:00,236.0,50.3,236.0,50.3,228.9,50.3,5.6,1280.0,1000.0,78.0,42.0,84.3,100.0,880
2024-03-22T19:01:55.000000+00:00,238.0,50.2,237.6,50.2,228.9,50.2,5.6,1270.0,1000.0,79.0,42.0,84.2,100.0,880
2024-03-22T19:02:55.000000+00:00,239.1,50.3,239.1,50.4,229.0,50.4,5.6,1270.0,1000.0,79.0,42.0,84.1,100.0,880
2024-03-22T19:03:55.000000+00:00,239.8,50.3,238.9,50.3,228.9,50.3,5.5,1270.0,990.0,78.0,42.0,84.1,100.0,880
2024-03-22T19:04:55.000000+00:00,240.0,50.4,240.0,50.4,229.0,50.4,5.5,1260.0,990.0,79.0,42.0,84.0,100.0,880
2024-03-22T19:05:55.000000+00:00,237.5,50.4,237.4,50.4,228.9,50.4,5.5,1270.0,990.0,78.0,42.0,84.0,100.0,880
2024-03-22T19:06:55.000000+00:00,237.9,50.4,237.9,50.4,229.0,50.4,5.5,1260.0,990.0,79.0,42.0,84.0,100.0,880
2024-03-22T19:07:55.000000+00:00,238.0,50.4,238.0,50.4,228.9,50.4,5.5,1270.0,990.0,78.0,42.0,83.9,100.0,880
2024-03-22T19:08:55.000000+00:00,237.5,50.3,237.5,50.4,229.0,50.3,5.5,1270.0,990.0,78.0,42.0,83.9,100.0,880
2024-03-22T19:09:55.000000+00:00,236.7,50.3,236.7,50.3,229.0,50.3,5.6,1280.0,1000.0,78.0,43.0,83.9,100.0,880
2024-03-22T19:10:55.000000+00:00,236.7,50.3,236.7,50.3,228.9,50.3,5.5,1270.0,990.0,78.0,42.0,83.9,100.0,880
2024-03-22T19:11:55.000000+00:00,237.3,50.2,237.3,50.2,228.9,50.2,5.6,1280.0,1000.0,78.0,43.0,83.9,100.0,880
2024-03-22T19:12:55.000000+00:00,237.8,50.2,238.2,50.2,228.9,50.2,5.6,1280.0,1000.0,78.0,43.0,83.9,100.0,880
2024-03-22T19:13:55.000000+00:00,238.1,50.2,238.1,50.2,228.9,50.3,5.6,1280.0,1000.0,78.0,43.0,83.9,100.0,880
2024-03-22T19:14:55.000000+00:00,238.8,50.3,238.8,50.3,229.0,50.3,5.6,1280.0,1000.0,78.0,42.0,83.8,100.0,880
2024-03-22T19:15:55.000000+00:00,239.4,50.3,239.4,50.3,229.0,50.3,5.6,1280.0,1000.0,78.0,42.0,83.8,100.0,880
2024-03-22T19:16:55.000000+00:00,241.4,50.5,240.9,50.5,228.9,50.5,5.5,1260.0,990.0,79.0,42.0,83.8,100.0,880
2024-03-22T19:17:55.000000+00:00,240.2,50.3,240.7,50.3,228.9,50.3,5.6,1280.0,1010.0,79.0,43.0,83.9,100.0,880
2024-03-22T19:18:55.000000+00:00,239.4,50.3,240.4,50.3,229.0,50.3,5.5,1270.0,990.0,78.0,42.0,83.8,100.0,880
2024-03-22T19:19:55.000000+00:00,239.8,50.4,239.8,50.4,229.0,50.4,5.6,1270.0,1000.0,79.0,42.0,83.8,100.0,880
2024-03-22T19:20:55.000000+00:00,239.6,50.2,239.6,50.2,228.9,50.2,5.6,1270.0,990.0,78.0,42.0,83.8,100.0,880
2024-03-22T19:21:55.000000+00:00,240.1,50.3,241.1,50.3,229.0,50.3,5.5,1270.0,990.0,78.0,43.0,83.8,100.0,880
2024-03-22T19:22:55.000000+00:00,238.1,50.4,238.0,50.4,229.0,50.4,5.5,1260.0,990.0,79.0,42.0,83.8,100.0,880
2024-03-22T19:23:55.000000+00:00,239.0,50.4,239.0,50.4,229.0,50.4,5.6,1270.0,1000.0,79.0,42.0,83.8,100.0,880
2024-03-22T19:24:55.000000+00:00,240.3,50.3,240.3,50.3,229.0,50.3,5.6,1280.0,1000.0,78.0,42.0,83.8,100.0,880
2024-03-22T19:25:55.000000+00:00,240.8,50.5,240.4,50.5,229.0,50.5,5.5,1270.0,990.0,79.0,42.0,83.8,100.0,880
2024-03-22T19:26:55.000000+00:00,240.8,50.4,239.8,50.4,229.0,50.4,5.5,1260.0,990.0,79.0,42.0,83.8,100.0,880
2024-03-22T19:27:55.000000+00:00,239.6,50.4,240.2,50.4,229.0,50.4,5.5,1270.0,1000.0,79.0,42.0,83.8,100.0,880
2024-03-22T19:28:55.000000+00:00,239.7,50.5,240.6,50.5,229.0,50.5,5.6,1280.0,1010.0,79.0,42.0,83.8,100.0,880
2024-03-22T19:29:55.000000+00:00,240.5,50.3,240.6,50.3,229.0,50.3,5.5,1270.0,990.0,78.0,43.0,83.8,100.0,880
2024-03-22T19:30:55.000000+00:00,240.0,50.2,240.4,50.2,229.0,50.2,5.6,1280.0,1000.0,78.0,42.0,83.8,100.0,880
2024-03-22T19:31:55.000000+00:00,240.2,50.3,240.2,50.3,229.0,50.3,5.6,1280.0,1000.0,78.0,42.0,83.8,100.0,880
2024-03-22T19:32:55.000000+00:00,241.8,50.3,241.8,50.3,229.0,50.3,5.6,1270.0,990.0,78.0,43.0,83.8,100.0,880
2024-03-22T19:33:55.000000+00:00,241.0,50.2,241.0,50.2,229.0,50.2,5.6,1280.0,1000.0,78.0,42.0,83.8,100.0,880
2024-03-22T19:34:55.000000+00:00,240.6,50.3,240.7,50.3,229.0,50.3,5.6,1270.0,1000.0,79.0,42.0,83.8,100.0,880
2024-03-22T19:35:55.000000+00:00,240.5,50.3,240.9,50.3,228.9,50.3,5.6,1270.0,990.0,78.0,43.0,83.8,100.0,880
2024-03-22T19:36:55.000000+00:00,241.7,50.3,241.7,50.3,229.0,50.3,5.5,1270.0,990.0,78.0,42.0,83.8,100.0,880
2024-03-22T19:37:55.000000+00:00,238.1,50.3,237.1,50.3,228.9,50.3,5.6,1270.0,990.0,78.0,42.0,83.8,100.0,880
2024-03-22T19:38:55.000000+00:00,238.6,50.4,238.6,50.4,228.9,50.4,5.5,1270.0,1000.0,79.0,42.0,83.8,100.0,880
2024-03-22T19:39:55.000000+00:00,239.5,50.4,239.5,50.4,228.9,50.4,5.5,1260.0,990.0,79.0,42.0,83.8,100.0,880
2024-03-22T19:40:55.000000+00:00,239.3,50.3,238.8,50.3,228.9,50.3,5.5,1270.0,990.0,78.0,42.0,83.8,100.0,880
2024-03-22T19:41:55.000000+00:00,237.8,50.1,237.9,50.1,229.0,50.1,5.6,1280.0,1000.0,78.0,43.0,83.8,100.0,880
2024-03-22T19:42:55.000000+00:00,237.7,50.1,238.2,50.1,228.9,50.1,5.6,1290.0,1000.0,78.0,43.0,83.8,100.0,880
2024-03-22T19:43:55.000000+00:00,238.0,50.2,238.0,50.2,229.0,50.2,5.6,1270.0,1000.0,79.0,43.0,83.7,100.0,880
2024-03-22T19:44:55.000000+00:00,238.3,50.3,238.9,50.3,229.0,50.3,5.5,1270.0,990.0,78.0,43.0,83.7,100.0,880
2024-03-22T19:45:55.000000+00:00,239.6,50.3,238.8,50.3,229.0,50.3,5.5,1270.0,990.0,78.0,42.0,83.7,100.0,880
2024-03-22T19:46:55.000000+00:00,239.4,50.4,238.9,50.4,229.0,50.4,5.5,1260.0,990.0,79.0,42.0,83.8,100.0,880
2024-03-22T19:47:55.000000+00:00,240.0,50.3,239.1,50.3,229.0,50.3,5.5,1270.0,990.0,78.0,42.0,83.7,100.0,880
2024-03-22T19:48:55.000000+00:00,240.4,50.3,240.4,50.3,228.9,50.3,5.5,1260.0,990.0,79.0,42.0,83.8,100.0,880
2024-03-22T19:49:56.000000+00:00,239.9,50.2,239.9,50.2,228.9,50.2,5.6,1280.0,1000.0,78.0,42.0,83.7,100.0,880
2024-03-22T19:50:56.000000+00:00,240.9,50.3,240.9,50.3,229.0,50.3,5.5,1270.0,990.0,78.0,42.0,83.7,100.0,880
2024-03-22T19:51:56.000000+00:00,239.9,50.2,240.9,50.2,228.9,50.2,5.6,1270.0,990.0,78.0,42.0,84.0,100.0,880
2024-03-22T19:52:56.000000+00:00,239.8,50.1,239.8,50.1,229.0,50.1,5.6,1280.0,1000.0,78.0,43.0,84.1,100.0,880
2024-03-22T19:53:56.000000+00:00,240.7,50.2,240.7,50.2,228.9,50.2,5.6,1280.0,1000.0,78.0,43.0,84.2,100.0,880
2024-03-22T19:54:56.000000+00:00,240.6,50.3,240.6,50.3,229.0,50.3,5.6,1280.0,1000.0,78.0,43.0,84.3,100.0,880
2024-03-22T19:55:56.000000+00:00,241.8,50.3,241.8,50.3,228.9,50.3,5.6,1280.0,1010.0,79.0,43.0,84.3,100.0,880
2024-03-22T19:56:56.000000+00:00,240.8,50.3,240.8,50.3,228.9,50.3,5.5,1270.0,990.0,78.0,42.0,84.4,100.0,880
2024-03-22T19:57:56.000000+00:00,237.4,50.3,237.4,50.3,228.9,50.3,5.5,1270.0,990.0,78.0,42.0,84.2,100.0,880
2024-03-22T19:58:56.000000+00:00,237.9,50.4,237.9,50.4,229.0,50.4,5.5,1270.0,1000.0,79.0,42.0,84.2,100.0,880
2024-03-22T19:59:56.000000+00:00,237.7,50.4,237.8,50.4,228.9,50.4,5.6,1280.0,1000.0,78.0,43.0,84.1,100.0,880
2024-03-22T20:00:56.000000+00:00,238.4,50.3,237.8,50.3,229.0,50.3,5.5,1270.0,990.0,78.0,42.0,84.1,100.0,880
2024-03-22T20:01:56.000000+00:00,238.0,50.3,238.0,50.3,228.9,50.3,5.6,1280.0,1000.0,78.0,42.0,84.0,100.0,880
2024-03-22T20:02:56.000000+00:00,238.9,50.3,238.4,50.3,229.0,50.3,5.5,1270.0,1000.0,79.0,43.0,84.0,100.0,880
2024-03-22T20:03:56.000000+00:00,237.8,50.2,237.8,50.2,229.0,50.2,5.6,1280.0,1000.0,78.0,43.0,84.0,100.0,880
2024-03-22T20:04:56.000000+00:00,237.8,50.2,238.8,50.2,228.9,50.2,5.6,1270.0,990.0,78.0,42.0,83.9,100.0,880
2024-03-22T20:05:56.000000+00:00,238.9,50.3,238.9,50.3,228.9,50.3,5.5,1270.0,990.0,78.0,42.0,83.9,100.0,880
2024-03-22T20:06:56.000000+00:00,238.7,50.2,237.8,50.2,229.0,50.2,5.6,1270.0,990.0,78.0,43.0,83.9,100.0,880
2024-03-22T20:07:56.000000+00:00,237.6,50.1,238.0,50.1,228.9,50.1,5.6,1280.0,1000.0,78.0,43.0,83.9,100.0,880
2024-03-22T20:08:56.000000+00:00,237.8,50.2,237.8,50.2,228.9,50.2,5.6,1270.0,990.0,78.0,43.0,83.9,100.0,880
2024-03-22T20:09:56.000000+00:00,239.6,50.3,239.6,50.3,228.9,50.3,5.6,1280.0,1000.0,78.0,42.0,83.9,100.0,880
2024-03-22T20:10:56.000000+00:00,239.5,50.2,239.5,50.2,229.0,50.2,5.6,1270.0,990.0,78.0,43.0,83.9,100.0,880
2024-03-22T20:11:56.000000+00:00,239.9,50.3,239.9,50.3,228.9,50.3,5.5,1270.0,990.0,78.0,42.0,83.9,100.0,880
2024-03-22T20:12:56.000000+00:00,239.7,50.3,239.7,50.3,229.0,50.3,5.6,1270.0,1000.0,79.0,42.0,83.9,100.0,880
2024-03-22T20:13:56.000000+00:00,240.3,50.3,240.0,50.3,228.9,50.3,5.5,1270.0,990.0,78.0,43.0,83.9,100.0,880
2024-03-22T20:14:56.000000+00:00,241.2,50.4,240.8,50.4,229.0,50.4,5.6,1280.0,1000.0,78.0,43.0,83.9,100.0,880
2024-03-22T20:15:56.000000+00:00,241.1,50.3,241.1,50.3,229.0,50.3,5.5,1270.0,990.0,78.0,43.0,83.8,100.0,880
2024-03-22T20:16:56.000000+00:00,241.8,50.4,241.2,50.4,229.0,50.4,5.6,1270.0,990.0,78.0,42.0,83.8,100.0,880
2024-03-22T20:17:56.000000+00:00,240.8,50.2,240.8,50.2,229.0,50.2,5.6,1280.0,990.0,77.0,43.0,83.8,100.0,880
2024-03-22T20:18:56.000000+00:00,240.6,50.2,240.6,50.2,229.0,50.2,5.6,1290.0,1000.0,78.0,43.0,83.8,100.0,880
2024-03-22T20:19:56.000000+00:00,241.5,50.2,241.4,50.3,229.0,50.2,5.6,1280.0,1000.0,78.0,42.0,83.9,100.0,880
2024-03-22T20:20:56.000000+00:00,240.7,50.3,241.8,50.3,228.9,50.3,5.6,1270.0,1000.0,79.0,43.0,83.8,100.0,880
2024-03-22T20:21:56.000000+00:00,241.0,50.2,241.4,50.2,229.0,50.2,5.6,1280.0,1000.0,78.0,43.0,83.8,100.0,880
2024-03-22T20:22:56.000000+00:00,240.8,50.3,241.3,50.3,229.0,50.3,5.5,1270.0,990.0,78.0,42.0,83.8,100.0,880
2024-03-22T20:23:56.000000+00:00,241.8,50.3,241.7,50.3,229.0,50.3,5.5,1270.0,990.0,78.0,42.0,83.8,100.0,880
2024-03-22T20:24:56.000000+00:00,241.6,50.4,242.0,50.3,229.0,50.3,5.5,1270.0,990.0,78.0,42.0,83.8,100.0,880
2024-03-22T20:25:56.000000+00:00,242.2,50.3,242.2,50.3,229.0,50.3,5.6,1280.0,1000.0,78.0,42.0,83.8,100.0,880
2024-03-22T20:26:56.000000+00:00,241.2,50.4,241.8,50.4,229.0,50.4,5.5,1260.0,990.0,79.0,42.0,83.8,100.0,880
2024-03-22T20:27:56.000000+00:00,241.4,50.3,241.0,50.3,229.0,50.3,5.5,1270.0,990.0,78.0,42.0,83.8,100.0,880
2024-03-22T20:28:56.000000+00:00,241.8,50.4,241.8,50.4,228.9,50.4,5.5,1270.0,1000.0,79.0,42.0,83.8,100.0,880
2024-03-22T20:29:56.000000+00:00,241.9,50.4,241.9,50.4,229.0,50.4,5.6,1280.0,1000.0,78.0,42.0,83.8,100.0,880
2024-03-22T20:30:56.000000+00:00,242.4,50.3,242.4,50.3,229.0,50.3,5.5,1270.0,990.0,78.0,42.0,83.8,100.0,880
2024-03-22T20:31:56.000000+00:00,238.4,50.3,238.4,50.3,228.9,50.3,5.5,1270.0,990.0,78.0,42.0,83.8,100.0,880
2024-03-22T20:32:56.000000+00:00,237.9,50.3,238.3,50.3,228.9,50.3,5.6,1280.0,1000.0,78.0,42.0,83.8,100.0,880
2024-03-22T20:33:56.000000+00:00,238.6,50.2,239.0,50.2,228.9,50.2,5.6,1280.0,1000.0,78.0,43.0,83.8,100.0,880
2024-03-22T20:34:56.000000+00:00,239.3,50.3,239.8,50.3,228.9,50.3,5.6,1280.0,1000.0,78.0,42.0,83.8,100.0,880
2024-03-22T20:35:56.000000+00:00,238.8,50.3,239.3,50.3,228.9,50.3,5.5,1270.0,990.0,78.0,42.0,83.8,100.0,880
2024-03-22T20:36:56.000000+00:00,239.1,50.2,238.6,50.2,228.9,50.1,5.6,1280.0,1000.0,78.0,42.0,83.8,100.0,880
2024-03-22T20:37:56.000000+00:00,238.7,50.2,238.7,50.2,228.9,50.2,5.6,1270.0,990.0,78.0,43.0,83.8,100.0,880
2024-03-22T20:38:56.000000+00:00,239.5,50.1,239.1,50.1,229.0,50.1,5.6,1270.0,990.0,78.0,43.0,83.8,100.0,880
2024-03-22T20:39:57.000000+00:00,238.4,50.3,238.3,50.3,228.9,50.3,5.5,1270.0,990.0,78.0,42.0,83.8,100.0,880
2024-03-22T20:40:57.000000+00:00,238.2,50.3,238.3,50.3,228.9,50.3,5.5,1270.0,990.0,78.0,43.0,83.8,100.0,880
2024-03-22T20:41:57.000000+00:00,238.6,50.2,237.7,50.2,228.9,50.2,5.5,1270.0,990.0,78.0,43.0,83.7,100.0,880
2024-03-22T20:42:57.000000+00:00,238.4,50.2,237.5,50.2,228.9,50.2,5.6,1280.0,1000.0,78.0,43.0,83.8,100.0,880
2024-03-22T20:43:57.000000+00:00,237.7,50.2,237.7,50.2,228.9,50.2,5.6,1270.0,990.0,78.0,42.0,83.8,100.0,880
2024-03-22T20:44:57.000000+00:00,238.2,50.1,238.1,50.1,228.9,50.1,5.6,1280.0,1000.0,78.0,43.0,83.8,100.0,880
2024-03-22T20:45:57.000000+00:00,238.3,50.1,238.3,50.1,228.9,50.1,5.6,1280.0,1000.0,78.0,42.0,83.8,100.0,880
2024-03-22T20:46:57.000000+00:00,238.4,50.1,238.4,50.1,228.9,50.1,5.6,1280.0,1000.0,78.0,43.0,83.8,100.0,880
2024-03-22T20:47:57.000000+00:00,238.7,50.2,238.7,50.2,228.9,50.2,5.5,1270.0,990.0,78.0,43.0,83.7,100.0,880
2024-03-22T20:48:57.000000+00:00,238.6,50.1,239.2,50.1,228.9,50.1,5.6,1280.0,1000.0,78.0,43.0,83.8,100.0,880
2024-03-22T20:49:57.000000+00:00,238.1,50.0,238.6,50.0,228.9,50.0,5.6,1280.0,990.0,77.0,43.0,83.8,100.0,880
2024-03-22T20:50:57.000000+00:00,237.9,50.0,237.9,50.0,228.9,50.0,5.6,1280.0,990.0,77.0,43.0,83.8,100.0,880
2024-03-22T20:51:57.000000+00:00,237.9,50.0,238.3,50.0,228.9,50.0,5.6,1280.0,990.0,77.0,43.0,83.8,100.0,880
2024-03-22T20:52:57.000000+00:00,238.2,49.9,237.7,49.9,228.9,49.9,5.6,1290.0,1000.0,78.0,43.0,83.7,100.0,880
2024-03-22T20:53:57.000000+00:00,238.5,50.0,238.5,50.0,229.0,50.0,5.6,1280.0,990.0,77.0,43.0,83.7,100.0,880
2024-03-22T20:54:57.000000+00:00,238.5,49.9,239.0,49.9,228.9,49.9,5.6,1290.0,1000.0,78.0,43.0,83.8,100.0,880
2024-03-22T20:55:57.000000+00:00,238.7,49.8,238.2,49.8,228.9,49.8,5.6,1290.0,990.0,77.0,43.0,83.8,100.0,880
2024-03-22T20:56:57.000000+00:00,238.7,50.0,238.4,49.9,228.9,49.9,5.6,1280.0,1000.0,78.0,43.0,83.8,100.0,880
2024-03-22T20:57:57.000000+00:00,239.7,50.0,239.3,50.0,228.9,50.0,5.6,1280.0,990.0,77.0,43.0,83.7,100.0,880
2024-03-22T20:58:57.000000+00:00,239.8,49.9,239.8,49.9,229.0,49.9,5.6,1290.0,1000.0,78.0,43.0,83.8,100.0,880
2024-03-22T20:59:57.000000+00:00,239.4,50.0,239.4,50.0,228.9,50.0,5.6,1280.0,1000.0,78.0,43.0,84.0,100.0,880
2024-03-22T21:00:57.000000+00:00,239.2,50.1,239.2,50.1,228.9,50.1,5.6,1280.0,1000.0,78.0,43.0,84.1,100.0,880
2024-03-22T21:01:57.000000+00:00,239.1,50.0,239.1,50.0,228.9,50.0,5.6,1290.0,1000.0,78.0,43.0,84.2,100.0,880
2024-03-22T21:02:57.000000+00:00,240.2,50.1,240.2,50.1,228.9,50.1,5.6,1280.0,1000.0,78.0,42.0,84.3,100.0,880
2024-03-22T21:03:57.000000+00:00,238.0,49.8,238.9,49.8,228.9,49.8,5.7,1300.0,1010.0,78.0,43.0,84.3,100.0,880
2024-03-22T21:04:57.000000+00:00,238.3,49.7,238.2,49.7,229.0,49.7,5.7,1300.0,1000.0,77.0,43.0,84.4,100.0,880
2024-03-22T21:05:57.000000+00:00,238.5,49.7,238.5,49.7,229.0,49.7,5.7,1300.0,1010.0,78.0,44.0,84.2,100.0,880
2024-03-22T21:06:57.000000+00:00,238.7,49.7,238.7,49.7,228.9,49.7,5.7,1300.0,1000.0,77.0,43.0,84.1,100.0,880
2024-03-22T21:07:57.000000+00:00,239.4,49.8,239.4,49.8,228.9,49.8,5.6,1290.0,1000.0,78.0,43.0,84.1,100.0,880
2024-03-22T21:08:57.000000+00:00,238.9,49.8,239.5,49.8,228.9,49.8,5.6,1290.0,1000.0,78.0,43.0,84.0,100.0,880
2024-03-22T21:09:57.000000+00:00,239.2,49.7,238.3,49.7,229.0,49.7,5.7,1300.0,1000.0,77.0,44.0,84.0,100.0,880
2024-03-22T21:10:57.000000+00:00,240.2,49.8,239.7,49.8,229.0,49.8,5.6,1290.0,1000.0,78.0,43.0,84.0,100.0,880
2024-03-22T21:11:57.000000+00:00,239.5,49.9,239.5,49.9,228.9,49.9,5.6,1300.0,1000.0,77.0,43.0,83.9,100.0,880
2024-03-22T21:12:57.000000+00:00,240.0,49.9,240.0,49.9,229.0,49.9,5.6,1290.0,1000.0,78.0,43.0,83.9,100.0,880
2024-03-22T21:13:57.000000+00:00,239.6,49.9,239.6,49.9,228.9,49.9,5.6,1290.0,1000.0,78.0,43.0,83.9,100.0,880
2024-03-22T21:14:57.000000+00:00,240.5,50.1,240.5,50.1,229.0,50.1,5.6,1290.0,1000.0,78.0,43.0,83.9,100.0,880
2024-03-22T21:15:57.000000+00:00,240.5,50.0,240.5,50.0,229.0,50.0,5.6,1290.0,1000.0,78.0,43.0,83.9,100.0,880
2024-03-22T21:16:57.000000+00:00,240.5,49.9,239.8,49.9,229.0,49.9,5.6,1290.0,1000.0,78.0,43.0,83.9,100.0,880
2024-03-22T21:17:57.000000+00:00,240.3,49.9,240.7,49.9,229.0,49.9,5.6,1290.0,1000.0,78.0,43.0,83.9,100.0,880
2024-03-22T21:18:57.000000+00:00,240.0,49.8,240.0,49.8,229.0,49.8,5.7,1300.0,1010.0,78.0,43.0,83.9,100.0,880
2024-03-22T21:19:57.000000+00:00,241.0,50.1,241.0,50.1,229.0,50.1,5.6,1280.0,990.0,77.0,43.0,83.9,100.0,880
2024-03-22T21:20:57.000000+00:00,240.5,50.0,241.0,50.0,228.9,50.0,5.6,1280.0,990.0,77.0,43.0,83.8,100.0,880
2024-03-22T21:21:57.000000+00:00,241.0,50.0,241.0,50.0,229.0,50.0,5.6,1280.0,1000.0,78.0,42.0,83.8,100.0,880
2024-03-22T21:22:57.000000+00:00,241.1,50.1,241.1,50.1,229.0,50.1,5.6,1270.0,990.0,78.0,43.0,83.9,100.0,880
2024-03-22T21:23:57.000000+00:00,241.8,50.1,241.8,50.1,228.9,50.1,5.6,1280.0,1000.0,78.0,43.0,83.8,100.0,880
2024-03-22T21:24:57.000000+00:00,240.8,50.0,241.3,50.0,229.0,50.0,5.6,1290.0,1000.0,78.0,43.0,83.8,100.0,880
2024-03-22T21:25:58.000000+00:00,241.9,50.1,241.8,50.1,228.9,50.1,5.6,1270.0,990.0,78.0,43.0,83.8,100.0,880
2024-03-22T21:26:58.000000+00:00,241.4,50.0,241.5,50.0,229.0,50.0,5.6,1280.0,1000.0,78.0,43.0,83.8,100.0,880
2024-03-22T21:27:58.000000+00:00,241.0,50.0,241.5,50.0,229.0,50.0,5.6,1290.0,1000.0,78.0,43.0,83.8,100.0,880
2024-03-22T21:28:58.000000+00:00,241.3,49.9,240.3,49.9,228.9,49.9,5.6,1290.0,1000.0,78.0,43.0,83.8,100.0,880
2024-03-22T21:29:58.000000+00:00,241.6,50.1,241.6,50.1,229.0,50.1,5.6,1280.0,1000.0,78.0,43.0,83.8,100.0,880
2024-03-22T21:30:58.000000+00:00,241.9,49.9,242.7,49.9,228.9,49.9,5.6,1290.0,990.0,77.0,43.0,83.8,100.0,880
2024-03-22T21:31:58.000000+00:00,239.4,50.0,239.0,50.0,229.0,50.0,5.6,1280.0,990.0,77.0,43.0,83.8,100.0,880
2024-03-22T21:32:58.000000+00:00,239.4,50.1,239.4,50.1,229.0,50.1,5.6,1280.0,1000.0,78.0,43.0,83.8,100.0,880
2024-03-22T21:33:58.000000+00:00,237.9,50.0,237.3,50.0,228.9,50.0,5.7,1290.0,1010.0,78.0,43.0,83.8,100.0,880
2024-03-22T21:34:58.000000+00:00,239.1,50.2,239.1,50.2,228.9,50.2,5.6,1280.0,1000.0,78.0,42.0,83.8,100.0,880
2024-03-22T21:35:58.000000+00:00,239.2,50.1,239.2,50.1,228.9,50.1,5.6,1280.0,990.0,77.0,42.0,83.8,100.0,880
2024-03-22T21:36:58.000000+00:00,239.3,50.2,239.3,50.2,228.9,50.2,5.6,1270.0,1000.0,79.0,42.0,83.8,100.0,880
2024-03-22T21:37:58.000000+00:00,239.7,50.3,239.7,50.3,228.9,50.3,5.6,1280.0,1000.0,78.0,43.0,83.8,100.0,880
2024-03-22T21:38:58.000000+00:00,238.6,50.1,238.4,50.1,228.9,50.1,5.6,1280.0,1000.0,78.0,43.0,83.8,100.0,880
2024-03-22T21:39:58.000000+00:00,238.4,50.1,238.4,50.1,228.9,50.1,5.6,1280.0,990.0,77.0,42.0,83.8,100.0,880
2024-03-22T21:40:58.000000+00:00,238.5,50.1,238.5,50.1,228.9,50.1,5.6,1280.0,1000.0,78.0,42.0,83.8,100.0,880
2024-03-22T21:41:58.000000+00:00,238.5,50.1,238.4,50.1,229.0,50.1,5.6,1280.0,990.0,77.0,43.0,83.8,100.0,880
2024-03-22T21:42:58.000000+00:00,239.1,50.2,238.2,50.2,228.9,50.2,5.6,1280.0,1000.0,78.0,42.0,83.8,100.0,880
2024-03-22T21:43:58.000000+00:00,239.6,50.3,239.6,50.3,228.9,50.3,5.5,1270.0,990.0,78.0,42.0,83.8,100.0,880
2024-03-22T21:44:58.000000+00:00,239.2,50.4,239.2,50.4,228.9,50.4,5.5,1260.0,990.0,79.0,42.0,83.8,100.0,880
2024-03-22T21:45:58.000000+00:00,237.8,50.2,238.5,50.2,228.9,50.2,5.5,1270.0,990.0,78.0,43.0,83.8,100.0,880
2024-03-22T21:46:58.000000+00:00,238.6,50.3,238.6,50.3,228.9,50.3,5.5,1270.0,990.0,78.0,42.0,83.8,100.0,880
2024-03-22T21:47:58.000000+00:00,239.5,50.3,239.0,50.3,228.9,50.3,5.6,1270.0,1000.0,79.0,42.0,83.8,100.0,880
2024-03-22T21:48:58.000000+00:00,238.4,50.2,238.4,50.2,228.9,50.2,5.6,1280.0,990.0,77.0,42.0,83.8,100.0,880
2024-03-22T21:49:58.000000+00:00,239.2,50.3,239.2,50.3,228.9,50.3,5.5,1260.0,980.0,78.0,42.0,83.8,100.0,880
2024-03-22T21:50:58.000000+00:00,239.5,50.3,240.0,50.3,228.9,50.3,5.5,1270.0,990.0,78.0,42.0,83.8,100.0,880
2024-03-22T21:51:58.000000+00:00,240.0,50.2,239.0,50.2,228.9,50.2,5.6,1280.0,1000.0,78.0,43.0,83.8,100.0,880
2024-03-22T21:52:58.000000+00:00,239.9,50.3,239.9,50.3,229.0,50.3,5.5,1270.0,990.0,78.0,42.0,83.8,100.0,880
2024-03-22T21:53:58.000000+00:00,239.4,50.1,239.7,50.1,228.9,50.2,5.6,1270.0,990.0,78.0,43.0,83.8,100.0,880
2024-03-22T21:54:58.000000+00:00,238.6,50.1,239.6,50.1,228.9,50.1,5.6,1280.0,1000.0,78.0,43.0,83.7,100.0,880
2024-03-22T21:55:58.000000+00:00,239.6,50.0,239.6,50.0,228.9,50.0,5.6,1290.0,1000.0,78.0,43.0,83.8,100.0,880
2024-03-22T21:56:58.000000+00:00,238.8,50.1,238.8,50.1,228.9,50.1,5.6,1290.0,1000.0,78.0,43.0,83.8,100.0,880
2024-03-22T21:57:58.000000+00:00,239.8,50.1,239.8,50.1,228.9,50.1,5.5,1270.0,990.0,78.0,43.0,83.8,100.0,880
2024-03-22T21:58:58.000000+00:00,239.5,50.2,240.4,50.2,228.9,50.2,5.5,1270.0,990.0,78.0,43.0,83.8,100.0,880
2024-03-22T21:59:58.000000+00:00,239.8,49.9,239.8,49.9,228.9,49.9,5.6,1290.0,1000.0,78.0,43.0,83.7,100.0,880
2024-03-22T22:00:58.000000+00:00,239.9,50.2,240.4,50.2,228.9,50.2,5.5,1270.0,990.0,78.0,43.0,83.8,100.0,880
2024-03-22T22:01:58.000000+00:00,240.5,50.1,240.5,50.1,228.9,50.1,5.6,1280.0,990.0,77.0,43.0,83.8,100.0,880
2024-03-22T22:02:58.000000+00:00,240.4,50.0,240.4,50.0,228.9,50.0,5.6,1290.0,1000.0,78.0,43.0,84.0,100.0,880
2024-03-22T22:03:58.000000+00:00,241.6,50.2,241.6,50.2,229.0,50.2,5.6,1280.0,1000.0,78.0,42.0,84.2,100.0,880
2024-03-22T22:04:58.000000+00:00,240.9,50.1,239.3,50.1,228.9,50.1,5.6,1280.0,1000.0,78.0,43.0,84.3,100.0,880
2024-03-22T22:05:58.000000+00:00,240.4,50.2,240.4,50.2,229.0,50.2,5.6,1270.0,990.0,78.0,43.0,84.3,100.0,880
2024-03-22T22:06:58.000000+00:00,240.5,50.1,240.5,50.1,228.9,50.1,5.6,1290.0,1000.0,78.0,43.0,84.3,100.0,880
2024-03-22T22:07:58.000000+00:00,239.2,50.1,239.3,50.1,228.9,50.1,5.6,1290.0,1010.0,78.0,43.0,84.3,100.0,880
2024-03-22T22:08:58.000000+00:00,238.6,50.0,238.6,50.0,228.9,50.0,5.6,1290.0,1000.0,78.0,43.0,84.2,100.0,880
2024-03-22T22:09:58.000000+00:00,238.6,49.8,238.6,49.8,228.9,49.8,5.7,1300.0,1000.0,77.0,43.0,84.1,100.0,880
2024-03-22T22:10:58.000000+00:00,238.6,49.8,238.7,49.8,228.9,49.8,5.7,1300.0,1000.0,77.0,43.0,84.1,100.0,880
2024-03-22T22:11:58.000000+00:00,238.6,49.8,239.0,49.8,228.9,49.8,5.7,1300.0,1010.0,78.0,44.0,84.1,100.0,880
2024-03-22T22:12:58.000000+00:00,238.6,49.9,239.0,49.9,228.9,49.9,5.7,1290.0,1000.0,78.0,43.0,84.0,100.0,880
2024-03-22T22:13:58.000000+00:00,239.1,49.9,239.1,49.9,228.9,49.9,5.6,1290.0,1000.0,78.0,43.0,84.0,100.0,880
2024-03-22T22:14:58.000000+00:00,238.6,49.9,238.3,49.9,228.9,49.9,5.6,1290.0,1000.0,78.0,43.0,83.9,100.0,880
2024-03-22T22:15:58.000000+00:00,239.5,50.0,239.5,50.0,229.0,50.0,5.6,1280.0,1000.0,78.0,43.0,83.9,100.0,880
2024-03-22T22:16:58.000000+00:00,238.5,49.9,238.0,49.9,228.9,49.9,5.7,1300.0,1000.0,77.0,43.0,83.9,100.0,880
2024-03-22T22:17:58.000000+00:00,238.7,49.9,238.3,49.9,228.9,49.9,5.6,1290.0,1000.0,78.0,43.0,83.9,100.0,880
2024-03-22T22:18:58.000000+00:00,237.9,49.8,237.9,49.8,228.9,49.8,5.6,1290.0,1000.0,78.0,43.0,83.9,100.0,880
2024-03-22T22:19:58.000000+00:00,237.7,49.8,237.7,49.8,228.9,49.8,5.7,1300.0,1000.0,77.0,43.0,83.9,100.0,880
2024-03-22T22:20:59.000000+00:00,238.9,50.0,238.4,50.0,228.9,50.0,5.6,1290.0,1000.0,78.0,43.0,83.9,100.0,880
2024-03-22T22:21:59.000000+00:00,238.4,49.8,237.5,49.8,228.9,49.8,5.7,1300.0,1000.0,77.0,43.0,83.9,100.0,880
2024-03-22T22:22:59.000000+00:00,238.0,49.9,238.0,49.9,228.9,49.9,5.7,1300.0,1010.0,78.0,43.0,83.9,100.0,880
2024-03-22T22:23:59.000000+00:00,238.2,49.8,238.2,49.8,228.9,49.8,5.6,1290.0,1000.0,78.0,43.0,83.9,100.0,880
2024-03-22T22:24:59.000000+00:00,238.2,49.9,238.2,50.0,228.9,50.0,5.6,1290.0,1000.0,78.0,43.0,83.8,100.0,880
2024-03-22T22:25:59.000000+00:00,239.4,50.0,238.5,50.0,228.9,50.0,5.6,1280.0,990.0,77.0,43.0,83.8,100.0,880
2024-03-22T22:26:59.000000+00:00,238.4,49.9,239.0,49.9,228.9,49.9,5.7,1300.0,1010.0,78.0,43.0,83.9,100.0,880
2024-03-22T22:27:59.000000+00:00,238.1,49.9,238.1,49.9,228.9,49.9,5.6,1290.0,1000.0,78.0,43.0,83.8,100.0,880
2024-03-22T22:28:59.000000+00:00,238.6,49.8,238.7,49.8,228.9,49.8,5.7,1300.0,1010.0,78.0,43.0,83.8,100.0,880
2024-03-22T22:29:59.000000+00:00,239.5,49.9,239.5,49.9,229.0,49.9,5.7,1300.0,1010.0,78.0,43.0,83.8,100.0,880
2024-03-22T22:30:59.000000+00:00,238.9,49.8,238.9,49.8,228.9,49.8,5.6,1280.0,990.0,77.0,43.0,83.8,100.0,880
2024-03-22T22:31:59.000000+00:00,238.4,49.7,237.9,49.7,228.9,49.7,5.7,1300.0,1000.0,77.0,43.0,83.8,100.0,880
2024-03-22T22:32:59.000000+00:00,240.0,49.9,239.0,49.9,229.0,49.9,5.6,1290.0,1000.0,78.0,43.0,83.8,100.0,880
2024-03-22T22:33:59.000000+00:00,239.0,49.9,239.0,49.9,229.0,49.9,5.6,1290.0,1000.0,78.0,43.0,83.8,100.0,880
2024-03-22T22:34:59.000000+00:00,239.8,50.0,239.8,50.0,228.9,50.0,5.6,1290.0,1000.0,78.0,43.0,83.8,100.0,880
2024-03-22T22:35:59.000000+00:00,239.6,50.0,240.5,50.0,228.9,50.0,5.6,1280.0,1000.0,78.0,43.0,83.8,100.0,880
2024-03-22T22:36:59.000000+00:00,240.2,50.0,239.2,50.0,228.9,50.0,5.6,1280.0,990.0,77.0,43.0,83.8,100.0,880
2024-03-22T22:37:59.000000+00:00,239.2,50.1,239.6,50.1,228.9,50.1,5.6,1280.0,990.0,77.0,43.0,83.8,100.0,880
2024-03-22T22:38:59.000000+00:00,239.4,50.0,239.4,50.0,228.9,50.0,5.6,1280.0,990.0,77.0,43.0,83.8,100.0,880
2024-03-22T22:39:59.000000+00:00,240.3,50.1,239.8,50.1,228.9,50.1,5.6,1280.0,1000.0,78.0,43.0,83.8,100.0,880
2024-03-22T22:40:59.000000+00:00,239.9,50.1,239.9,50.1,228.9,50.1,5.5,1270.0,990.0,78.0,43.0,83.8,100.0,880
2024-03-22T22:41:59.000000+00:00,239.2,50.0,238.8,50.0,229.0,50.0,5.6,1290.0,1010.0,78.0,43.0,83.8,100.0,880
2024-03-22T22:42:59.000000+00:00,238.8,50.0,239.8,50.0,228.9,50.0,5.6,1280.0,990.0,77.0,42.0,83.8,100.0,880
2024-03-22T22:43:59.000000+00:00,240.1,50.2,240.1,50.2,229.0,50.2,5.6,1270.0,990.0,78.0,43.0,83.8,100.0,880
2024-03-22T22:44:59.000000+00:00,239.0,50.1,239.0,50.1,228.9,50.1,5.6,1280.0,990.0,77.0,43.0,83.8,100.0,880
2024-03-22T22:45:59.000000+00:00,239.8,50.1,239.8,50.1,228.9,50.1,5.6,1270.0,990.0,78.0,43.0,83.8,100.0,880
2024-03-22T22:46:59.000000+00:00,239.3,50.1,239.3,50.1,229.0,50.1,5.6,1280.0,1000.0,78.0,43.0,83.8,100.0,880
2024-03-22T22:47:59.000000+00:00,240.2,50.0,239.8,50.0,229.0,50.0,5.6,1290.0,1000.0,78.0,43.0,83.8,100.0,880
2024-03-22T22:48:59.000000+00:00,239.7,50.0,239.6,50.0,228.9,50.0,5.6,1290.0,1000.0,78.0,43.0,83.8,100.0,880
2024-03-22T22:49:59.000000+00:00,240.5,50.3,240.5,50.3,228.9,50.3,5.5,1270.0,990.0,78.0,43.0,83.8,100.0,880
2024-03-22T22:50:59.000000+00:00,240.1,50.1,240.1,50.1,228.9,50.1,5.6,1280.0,990.0,77.0,43.0,83.8,100.0,880
2024-03-22T22:51:59.000000+00:00,240.5,50.1,240.5,50.1,228.9,50.1,5.6,1290.0,1000.0,78.0,43.0,83.8,100.0,880
2024-03-22T22:52:59.000000+00:00,240.1,50.1,240.1,50.1,228.9,50.1,5.6,1280.0,990.0,77.0,43.0,83.8,100.0,880
2024-03-22T22:53:59.000000+00:00,240.8,50.2,240.8,50.2,229.0,50.2,5.6,1280.0,1000.0,78.0,43.0,83.8,100.0,880
2024-03-22T22:54:59.000000+00:00,239.9,50.2,239.9,50.2,229.0,50.2,5.6,1280.0,990.0,77.0,42.0,83.8,100.0,880
2024-03-22T22:55:59.000000+00:00,239.8,50.0,239.8,50.0,228.9,50.0,5.6,1280.0,990.0,77.0,43.0,83.8,100.0,880
2024-03-22T22:56:59.000000+00:00,240.0,50.1,240.0,50.1,228.9,50.1,5.6,1280.0,990.0,77.0,43.0,83.8,100.0,880
2024-03-22T22:57:59.000000+00:00,240.7,50.3,240.6,50.3,228.9,50.3,5.6,1280.0,1000.0,78.0,42.0,83.8,100.0,880
2024-03-22T22:58:59.000000+00:00,240.5,50.3,240.5,50.3,228.9,50.3,5.5,1270.0,990.0,78.0,42.0,83.8,100.0,880
2024-03-22T22:59:59.000000+00:00,241.1,50.2,241.1,50.2,228.9,50.2,5.5,1270.0,990.0,78.0,42.0,83.8,100.0,880
2024-03-22T23:00:59.000000+00:00,240.0,50.1,240.1,50.1,228.9,50.1,5.6,1280.0,990.0,77.0,43.0,83.8,100.0,880
2024-03-22T23:01:59.000000+00:00,240.5,50.2,240.5,50.2,229.0,50.2,5.6,1270.0,990.0,78.0,43.0,83.8,100.0,880
2024-03-22T23:02:59.000000+00:00,240.5,50.1,240.0,50.1,228.9,50.1,5.5,1270.0,990.0,78.0,43.0,83.8,100.0,880
2024-03-22T23:03:59.000000+00:00,241.1,50.2,240.6,50.2,229.0,50.2,5.6,1270.0,1000.0,79.0,42.0,83.8,100.0,880
2024-03-22T23:04:59.000000+00:00,241.2,50.3,240.3,50.3,229.0,50.3,5.6,1280.0,1000.0,78.0,43.0,83.8,100.0,880
2024-03-22T23:05:59.000000+00:00,241.1,50.3,241.1,50.3,229.0,50.3,5.5,1260.0,980.0,78.0,42.0,83.8,100.0,880
2024-03-22T23:06:59.000000+00:00,240.7,50.3,240.7,50.3,228.9,50.3,5.6,1270.0,1000.0,79.0,42.0,83.8,100.0,880
2024-03-22T23:07:59.000000+00:00,241.5,50.3,241.5,50.3,228.9,50.3,5.5,1270.0,990.0,78.0,43.0,83.8,100.0,880
2024-03-22T23:08:59.000000+00:00,241.1,50.1,241.1,50.1,228.9,50.1,5.6,1290.0,1000.0,78.0,43.0,83.8,100.0,880
2024-03-22T23:09:59.000000+00:00,241.5,50.1,241.5,50.1,229.0,50.1,5.6,1280.0,990.0,77.0,43.0,83.8,100.0,880
2024-03-22T23:10:59.000000+00:00,240.7,50.0,240.7,50.0,228.9,50.0,5.6,1280.0,1000.0,78.0,43.0,83.8,100.0,880
2024-03-22T23:11:59.000000+00:00,241.4,50.0,240.4,50.0,229.0,50.0,5.6,1270.0,990.0,78.0,43.0,83.7,100.0,880
2024-03-22T23:12:59.000000+00:00,240.6,49.9,240.6,49.9,229.0,49.9,5.6,1280.0,990.0,77.0,43.0,83.7,100.0,880
2024-03-22T23:13:59.000000+00:00,240.4,49.9,240.4,49.9,228.9,49.9,5.6,1290.0,1000.0,78.0,43.0,83.9,100.0,880
2024-03-22T23:14:59.000000+00:00,241.3,50.0,241.0,50.0,228.9,50.0,5.6,1280.0,990.0,77.0,43.0,84.1,100.0,880
2024-03-22T23:15:59.000000+00:00,240.4,49.9,240.4,49.9,228.9,49.9,5.7,1300.0,1010.0,78.0,43.0,84.2,100.0,880
2024-03-22T23:16:59.000000+00:00,240.6,49.9,240.2,49.9,229.0,49.9,5.6,1280.0,990.0,77.0,43.0,84.3,100.0,880
2024-03-22T23:18:00.000000+00:00,241.0,49.9,241.0,49.9,228.9,49.9,5.6,1290.0,1000.0,78.0,43.0,84.3,100.0,880
2024-03-22T23:19:00.000000+00:00,241.8,50.1,240.9,50.1,228.9,50.1,5.6,1280.0,1000.0,78.0,43.0,84.4,100.0,880
2024-03-22T23:20:00.000000+00:00,240.9,49.9,240.9,49.9,229.0,49.9,5.7,1300.0,1010.0,78.0,43.0,84.3,100.0,880
2024-03-22T23:21:00.000000+00:00,241.1,50.1,241.0,50.1,229.0,50.1,5.6,1280.0,1000.0,78.0,43.0,84.2,100.0,880
2024-03-22T23:22:00.000000+00:00,241.2,50.1,241.2,50.1,229.0,50.1,5.6,1280.0,1000.0,78.0,43.0,84.1,100.0,880
2024-03-22T23:23:00.000000+00:00,240.9,50.1,241.3,50.1,228.9,50.1,5.6,1290.0,1000.0,78.0,43.0,84.1,100.0,880
2024-03-22T23:24:00.000000+00:00,241.8,50.2,240.9,50.2,228.9,50.2,5.6,1280.0,1000.0,78.0,43.0,84.0,100.0,880
2024-03-22T23:25:00.000000+00:00,241.4,50.1,241.9,50.1,229.0,50.1,5.6,1290.0,1000.0,78.0,42.0,84.0,100.0,880
2024-03-22T23:26:00.000000+00:00,241.7,50.1,241.2,50.1,229.0,50.1,5.6,1290.0,1000.0,78.0,43.0,84.0,100.0,880
2024-03-22T23:27:00.000000+00:00,242.2,50.2,242.2,50.2,229.0,50.2,5.6,1280.0,1000.0,78.0,43.0,84.0,100.0,880
2024-03-22T23:28:00.000000+00:00,241.5,50.2,242.4,50.2,228.9,50.2,5.6,1280.0,1000.0,78.0,43.0,83.9,100.0,880
2024-03-22T23:29:00.000000+00:00,242.0,50.1,241.1,50.1,229.0,50.1,5.6,1290.0,1000.0,78.0,43.0,83.9,100.0,880
2024-03-22T23:30:00.000000+00:00,242.1,50.0,242.1,50.0,229.0,50.0,5.6,1290.0,1000.0,78.0,43.0,83.9,100.0,880
2024-03-22T23:31:00.000000+00:00,242.6,50.2,242.6,50.2,228.9,50.2,5.6,1290.0,1010.0,78.0,42.0,83.9,100.0,880
2024-03-22T23:32:00.000000+00:00,241.0,50.1,241.0,50.1,229.0,50.1,5.6,1280.0,1000.0,78.0,43.0,83.9,100.0,880
2024-03-22T23:33:00.000000+00:00,241.6,50.2,241.6,50.2,229.0,50.2,5.6,1280.0,1000.0,78.0,43.0,83.9,100.0,880
2024-03-22T23:34:00.000000+00:00,241.9,50.2,241.9,50.2,228.9,50.2,5.6,1280.0,1000.0,78.0,42.0,83.9,100.0,880
2024-03-22T23:35:00.000000+00:00,240.7,50.1,241.1,50.1,228.9,50.1,5.6,1290.0,1010.0,78.0,43.0,83.8,100.0,880
2024-03-22T23:36:00.000000+00:00,241.7,50.2,241.7,50.2,229.0,50.2,5.6,1280.0,1000.0,78.0,43.0,83.9,100.0,880
2024-03-22T23:37:00.000000+00:00,242.8,50.2,242.8,50.2,228.9,50.2,5.5,1270.0,990.0,78.0,42.0,83.9,100.0,880
2024-03-22T23:38:00.000000+00:00,242.0,50.2,241.7,50.2,228.9,50.2,5.6,1280.0,1000.0,78.0,43.0,83.9,100.0,880
2024-03-22T23:39:00.000000+00:00,241.7,50.0,240.8,50.0,228.9,50.0,5.6,1290.0,1010.0,78.0,43.0,83.9,100.0,880
2024-03-22T23:40:00.000000+00:00,241.6,50.1,241.0,50.1,228.9,50.1,5.6,1280.0,1000.0,78.0,43.0,83.9,100.0,880
2024-03-22T23:41:00.000000+00:00,242.7,50.4,242.7,50.4,228.9,50.4,5.5,1270.0,990.0,78.0,42.0,83.8,100.0,880
2024-03-22T23:42:00.000000+00:00,241.8,50.3,242.8,50.3,229.0,50.3,5.5,1270.0,990.0,78.0,42.0,83.8,100.0,880
2024-03-22T23:43:00.000000+00:00,242.8,50.3,242.8,50.3,229.0,50.3,5.6,1270.0,1000.0,79.0,43.0,83.9,100.0,880
2024-03-22T23:44:00.000000+00:00,243.6,50.3,242.6,50.3,229.0,50.3,5.6,1280.0,1000.0,78.0,43.0,83.8,100.0,880
2024-03-22T23:45:00.000000+00:00,243.8,50.3,242.8,50.3,228.9,50.3,5.6,1270.0,990.0,78.0,43.0,83.8,100.0,880
2024-03-22T23:46:00.000000+00:00,239.3,50.3,239.8,50.3,228.9,50.3,5.6,1270.0,990.0,78.0,42.0,83.8,100.0,880
2024-03-22T23:47:00.000000+00:00,238.0,50.3,238.0,50.3,228.9,50.3,5.6,1280.0,1000.0,78.0,43.0,83.8,100.0,880
2024-03-22T23:48:00.000000+00:00,238.0,50.3,238.0,50.3,228.9,50.3,5.6,1280.0,1000.0,78.0,42.0,83.8,100.0,880
2024-03-22T23:49:00.000000+00:00,238.6,50.2,238.6,50.2,228.9,50.2,5.5,1270.0,990.0,78.0,42.0,83.8,100.0,880
2024-03-22T23:50:00.000000+00:00,239.1,50.3,238.6,50.3,228.9,50.3,5.6,1280.0,1000.0,78.0,42.0,83.8,100.0,880
2024-03-22T23:51:00.000000+00:00,238.7,50.2,238.7,50.2,228.9,50.2,5.6,1270.0,990.0,78.0,43.0,83.8,100.0,880
2024-03-22T23:52:00.000000+00:00,238.1,50.2,238.1,50.2,228.9,50.2,5.6,1280.0,1000.0,78.0,42.0,83.8,100.0,880
2024-03-22T23:53:00.000000+00:00,238.5,50.3,238.5,50.3,228.9,50.3,5.5,1270.0,990.0,78.0,42.0,83.8,100.0,880
2024-03-22T23:54:00.000000+00:00,238.7,50.2,237.6,50.2,228.9,50.2,5.6,1290.0,1010.0,78.0,43.0,83.8,100.0,880
2024-03-22T23:55:00.000000+00:00,238.8,50.3,238.8,50.3,228.9,50.3,5.6,1280.0,1000.0,78.0,42.0,83.8,100.0,880
2024-03-22T23:56:00.000000+00:00,238.6,50.3,238.6,50.3,229.0,50.2,5.6,1280.0,1000.0,78.0,42.0,83.8,100.0,880
2024-03-22T23:57:00.000000+00:00,238.5,50.3,238.5,50.3,228.9,50.3,5.5,1270.0,990.0,78.0,42.0,83.8,100.0,880
2024-03-22T23:58:00.000000+00:00,238.0,50.3,239.0,50.3,228.9,50.3,5.6,1270.0,990.0,78.0,43.0,83.8,100.0,880
2024-03-22T23:59:00.000000+00:00,238.9,50.4,239.6,50.3,228.9,50.4,5.5,1270.0,990.0,78.0,42.0,83.8,100.0,880
2024-03-23T00:00:00.000000+00:00,239.0,50.4,239.0,50.4,228.9,50.4,5.5,1260.0,990.0,79.0,42.0,83.8,100.0,880
2024-03-23T00:01:00.000000+00:00,239.1,50.4,238.7,50.3,228.9,50.4,5.6,1290.0,1010.0,78.0,43.0,83.8,100.0,880
2024-03-23T00:02:00.000000+00:00,239.1,50.4,238.7,50.4,228.9,50.4,5.6,1290.0,1010.0,78.0,43.0,83.8,100.0,880
2024-03-23T00:03:00.000000+00:00,238.1,50.4,239.1,50.4,228.9,50.4,5.6,1290.0,1010.0,78.0,43.0,83.8,100.0,880
2024-03-23T00:04:00.000000+00:00,238.5,50.3,238.5,50.3,229.0,50.3,5.6,1280.0,1000.0,78.0,43.0,83.8,100.0,880
2024-03-23T00:05:00.000000+00:00,239.0,50.4,239.0,50.4,228.9,50.4,5.6,1280.0,1000.0,78.0,43.0,83.8,100.0,880
2024-03-23T00:06:00.000000+00:00,239.6,50.3,239.6,50.3,228.9,50.3,5.6,1280.0,1010.0,79.0,43.0,83.8,100.0,880
2024-03-23T00:07:00.000000+00:00,238.8,50.3,238.9,50.2,228.9,50.3,5.6,1290.0,1010.0,78.0,43.0,83.8,100.0,880
2024-03-23T00:08:00.000000+00:00,239.7,50.3,238.8,50.3,228.9,50.3,5.6,1280.0,1000.0,78.0,43.0,83.8,100.0,880
2024-03-23T00:09:00.000000+00:00,238.9,50.3,239.0,50.3,228.9,50.3,5.6,1290.0,1010.0,78.0,43.0,83.8,100.0,880
2024-03-23T00:10:00.000000+00:00,239.0,50.3,239.0,50.3,228.9,50.3,5.6,1290.0,1010.0,78.0,43.0,83.8,100.0,880
2024-03-23T00:11:00.000000+00:00,239.5,50.3,238.6,50.3,228.9,50.3,5.6,1290.0,1010.0,78.0,43.0,83.8,100.0,880
2024-03-23T00:12:00.000000+00:00,239.2,50.3,238.8,50.3,228.9,50.3,5.6,1290.0,1010.0,78.0,43.0,83.8,100.0,880
2024-03-23T00:13:01.000000+00:00,239.9,50.3,239.9,50.3,228.9,50.3,5.6,1290.0,1010.0,78.0,43.0,83.8,100.0,880
2024-03-23T00:14:01.000000+00:00,239.4,50.3,239.8,50.3,228.9,50.3,5.6,1280.0,1010.0,79.0,43.0,83.8,100.0,880
2024-03-23T00:15:01.000000+00:00,239.8,50.4,239.4,50.4,228.9,50.4,5.6,1290.0,1010.0,78.0,43.0,83.8,100.0,880
2024-03-23T00:16:01.000000+00:00,238.9,50.3,238.9,50.3,228.9,50.3,5.7,1300.0,1020.0,78.0,43.0,83.8,100.0,880
2024-03-23T00:17:01.000000+00:00,238.7,50.2,238.7,50.2,228.9,50.2,5.7,1290.0,1020.0,79.0,43.0,83.8,100.0,880
2024-03-23T00:18:01.000000+00:00,238.6,50.3,238.6,50.3,228.9,50.3,5.6,1280.0,1000.0,78.0,43.0,83.8,100.0,880
2024-03-23T00:19:01.000000+00:00,237.0,50.2,238.0,50.2,228.9,50.2,5.7,1300.0,1010.0,78.0,43.0,83.8,100.0,880
2024-03-23T00:20:01.000000+00:00,237.5,50.1,237.5,50.1,228.9,50.1,5.7,1300.0,1020.0,78.0,43.0,83.8,100.0,880
2024-03-23T00:21:01.000000+00:00,237.6,50.1,237.6,50.1,228.9,50.1,5.6,1280.0,990.0,77.0,42.0,83.8,100.0,880
2024-03-23T00:22:01.000000+00:00,237.2,50.2,238.2,50.2,228.9,50.2,5.6,1280.0,1000.0,78.0,43.0,83.8,100.0,880
2024-03-23T00:23:01.000000+00:00,237.7,50.2,238.6,50.2,228.9,50.2,5.6,1280.0,1000.0,78.0,43.0,83.8,100.0,880
2024-03-23T00:24:01.000000+00:00,238.4,50.1,238.4,50.1,228.9,50.1,5.6,1280.0,1000.0,78.0,43.0,83.8,100.0,880
2024-03-23T00:25:01.000000+00:00,238.7,50.1,238.0,50.1,228.9,50.1,5.6,1280.0,1000.0,78.0,43.0,83.8,100.0,880
2024-03-23T00:26:01.000000+00:00,238.6,50.2,238.6,50.2,229.0,50.2,5.6,1290.0,1010.0,78.0,42.0,83.7,100.0,880
2024-03-23T00:27:01.000000+00:00,239.3,50.3,239.7,50.3,228.9,50.3,5.6,1270.0,1000.0,79.0,42.0,83.8,100.0,880
2024-03-23T00:28:01.000000+00:00,239.6,50.3,239.6,50.3,229.0,50.3,5.5,1270.0,990.0,78.0,42.0,83.8,100.0,880
2024-03-23T00:29:01.000000+00:00,238.3,50.1,238.6,50.2,228.9,50.2,5.6,1280.0,1000.0,78.0,43.0,83.8,100.0,880
2024-03-23T00:30:01.000000+00:00,239.7,50.2,239.7,50.2,229.0,50.2,5.6,1290.0,1010.0,78.0,43.0,83.8,100.0,880
2024-03-23T00:31:01.000000+00:00,239.3,50.3,239.3,50.3,228.9,50.3,5.5,1270.0,990.0,78.0,42.0,83.8,100.0,880
2024-03-23T00:32:01.000000+00:00,240.0,50.2,240.1,50.2,228.9,50.2,5.6,1280.0,1000.0,78.0,42.0,83.7,100.0,880
2024-03-23T00:33:01.000000+00:00,239.3,50.2,239.9,50.2,229.0,50.2,5.5,1270.0,990.0,78.0,42.0,83.8,100.0,880
2024-03-23T00:34:01.000000+00:00,239.6,50.2,240.5,50.2,229.0,50.2,5.6,1280.0,1000.0,78.0,43.0,83.8,100.0,880
2024-03-23T00:35:01.000000+00:00,240.4,50.2,239.9,50.2,228.9,50.2,5.5,1270.0,990.0,78.0,42.0,84.0,100.0,880
2024-03-23T00:36:01.000000+00:00,240.0,50.2,240.0,50.2,228.9,50.2,5.6,1280.0,1000.0,78.0,43.0,84.1,100.0,880
2024-03-23T00:37:01.000000+00:00,239.5,50.2,239.5,50.2,228.9,50.2,5.6,1280.0,1000.0,78.0,43.0,84.2,100.0,880
2024-03-23T00:38:01.000000+00:00,239.6,50.2,239.6,50.2,228.9,50.2,5.5,1270.0,990.0,78.0,43.0,84.3,100.0,880
2024-03-23T00:39:01.000000+00:00,240.3,50.3,240.3,50.3,228.9,50.2,5.6,1280.0,1000.0,78.0,42.0,84.4,100.0,880
2024-03-23T00:40:01.000000+00:00,239.5,50.3,239.9,50.3,228.9,50.3,5.6,1270.0,1000.0,79.0,42.0,84.3,100.0,880
2024-03-23T00:41:01.000000+00:00,239.9,50.2,239.9,50.2,228.9,50.2,5.6,1280.0,1000.0,78.0,42.0,84.2,100.0,880
2024-03-23T00:42:01.000000+00:00,240.0,50.2,239.1,50.2,228.9,50.2,5.6,1280.0,1000.0,78.0,43.0,84.2,100.0,880
2024-03-23T00:43:01.000000+00:00,239.7,50.3,239.6,50.3,228.9,50.3,5.6,1280.0,1000.0,78.0,43.0,84.1,100.0,880
2024-03-23T00:44:01.000000+00:00,239.5,50.1,239.5,50.1,228.9,50.1,5.6,1280.0,990.0,77.0,43.0,84.0,100.0,880
2024-03-23T00:45:01.000000+00:00,239.7,50.1,239.2,50.1,228.9,50.1,5.6,1290.0,1010.0,78.0,43.0,84.0,100.0,880
2024-03-23T00:46:01.000000+00:00,239.6,50.1,239.0,50.1,228.9,50.1,5.6,1280.0,1000.0,78.0,43.0,83.9,100.0,880
2024-03-23T00:47:01.000000+00:00,240.1,50.2,239.6,50.2,228.9,50.2,5.6,1280.0,1000.0,78.0,43.0,83.9,100.0,880
2024-03-23T00:48:01.000000+00:00,240.0,50.1,240.0,50.1,228.9,50.1,5.6,1280.0,1000.0,78.0,43.0,83.9,100.0,880
2024-03-23T00:49:01.000000+00:00,239.8,50.1,239.8,50.1,228.9,50.1,5.6,1280.0,990.0,77.0,43.0,83.9,100.0,880
2024-03-23T00:50:01.000000+00:00,240.3,50.2,240.6,50.2,228.9,50.2,5.6,1280.0,1000.0,78.0,43.0,83.9,100.0,880
2024-03-23T00:51:01.000000+00:00,240.4,50.1,240.4,50.1,228.9,50.1,5.6,1280.0,990.0,77.0,42.0,83.9,100.0,880
2024-03-23T00:52:01.000000+00:00,240.2,50.2,240.2,50.2,228.9,50.2,5.6,1280.0,1000.0,78.0,43.0,83.9,100.0,880
2024-03-23T00:53:01.000000+00:00,240.0,50.2,240.0,50.2,228.9,50.2,5.6,1290.0,1000.0,78.0,43.0,83.9,100.0,880
2024-03-23T00:54:01.000000+00:00,239.0,50.0,239.0,50.0,228.9,50.0,5.6,1280.0,1000.0,78.0,43.0,83.9,100.0,880
2024-03-23T00:55:01.000000+00:00,239.9,50.1,239.4,50.1,228.9,50.1,5.6,1280.0,990.0,77.0,43.0,83.9,100.0,880
2024-03-23T00:56:01.000000+00:00,239.5,50.2,239.6,50.2,228.9,50.2,5.6,1280.0,1000.0,78.0,43.0,83.9,100.0,880
2024-03-23T00:57:01.000000+00:00,239.6,50.1,239.2,50.1,228.9,50.1,5.6,1280.0,990.0,77.0,43.0,83.9,100.0,880
2024-03-23T00:58:01.000000+00:00,240.2,50.2,240.2,50.2,228.9,50.2,5.6,1280.0,990.0,77.0,43.0,83.9,100.0,880
2024-03-23T00:59:01.000000+00:00,240.3,50.1,240.3,50.1,228.9,50.1,5.6,1280.0,990.0,77.0,42.0,83.9,100.0,880
2024-03-23T01:00:01.000000+00:00,239.5,50.1,239.5,50.1,228.9,50.1,5.6,1280.0,1000.0,78.0,43.0,83.8,100.0,880
2024-03-23T01:01:01.000000+00:00,239.8,50.1,239.8,50.1,228.9,50.1,5.6,1280.0,990.0,77.0,43.0,83.9,100.0,880
2024-03-23T01:02:01.000000+00:00,239.4,50.0,239.4,50.0,228.9,50.0,5.6,1290.0,1000.0,78.0,43.0,83.8,100.0,880
2024-03-23T01:03:02.000000+00:00,238.9,50.0,238.9,50.0,228.9,50.0,5.6,1290.0,1000.0,78.0,43.0,83.9,100.0,880
2024-03-23T01:04:02.000000+00:00,239.0,49.9,239.0,49.9,228.9,49.9,5.7,1300.0,1010.0,78.0,43.0,83.8,100.0,880
2024-03-23T01:05:02.000000+00:00,239.1,49.9,239.1,49.9,228.9,49.9,5.6,1290.0,1000.0,78.0,43.0,83.8,100.0,880
2024-03-23T01:06:02.000000+00:00,239.3,50.0,238.9,50.0,228.9,49.9,5.6,1280.0,990.0,77.0,43.0,83.8,100.0,880
2024-03-23T01:07:02.000000+00:00,238.0,49.9,238.0,49.9,228.9,49.9,5.6,1290.0,990.0,77.0,43.0,83.8,100.0,880
2024-03-23T01:08:02.000000+00:00,239.1,50.0,239.2,50.0,228.9,50.0,5.6,1280.0,990.0,77.0,43.0,83.8,100.0,880
2024-03-23T01:09:02.000000+00:00,239.5,50.0,239.1,50.0,228.9,50.0,5.6,1290.0,1000.0,78.0,43.0,83.8,100.0,880
2024-03-23T01:10:02.000000+00:00,239.0,49.9,239.0,49.9,228.9,49.9,5.7,1290.0,1000.0,78.0,43.0,83.8,100.0,880
2024-03-23T01:11:02.000000+00:00,239.1,49.9,239.1,49.9,228.9,49.9,5.6,1290.0,1000.0,78.0,43.0,83.8,100.0,880
2024-03-23T01:12:02.000000+00:00,237.9,49.8,238.0,49.8,228.9,49.8,5.7,1290.0,1000.0,78.0,44.0,83.8,100.0,880
2024-03-23T01:13:02.000000+00:00,238.8,49.8,238.8,49.8,228.9,49.8,5.6,1290.0,1000.0,78.0,43.0,83.8,100.0,880
2024-03-23T01:14:02.000000+00:00,238.7,49.7,238.3,49.7,228.9,49.7,5.7,1300.0,1010.0,78.0,43.0,83.8,100.0,880
2024-03-23T01:15:02.000000+00:00,239.5,49.9,239.9,49.9,229.0,49.9,5.6,1290.0,1000.0,78.0,43.0,83.8,100.0,880
2024-03-23T01:16:02.000000+00:00,240.1,50.0,240.1,50.0,229.0,50.0,5.6,1290.0,1000.0,78.0,43.0,83.8,100.0,880
2024-03-23T01:17:02.000000+00:00,239.5,49.9,239.5,49.9,229.0,49.9,5.6,1290.0,1000.0,78.0,43.0,83.8,100.0,880
2024-03-23T01:18:02.000000+00:00,240.1,50.0,240.1,50.0,229.0,50.0,5.6,1290.0,1000.0,78.0,43.0,83.8,100.0,880
2024-03-23T01:19:02.000000+00:00,239.2,50.0,239.7,50.0,228.9,50.0,5.7,1300.0,1010.0,78.0,43.0,83.8,100.0,880
2024-03-23T01:20:02.000000+00:00,239.6,50.0,239.6,50.0,228.9,50.0,5.6,1290.0,1000.0,78.0,43.0,83.8,100.0,880
2024-03-23T01:21:02.000000+00:00,239.1,49.9,239.1,49.9,229.0,49.9,5.6,1290.0,1000.0,78.0,43.0,83.8,100.0,880
2024-03-23T01:22:02.000000+00:00,239.3,50.0,238.9,50.0,228.9,50.0,5.6,1290.0,1000.0,78.0,43.0,83.8,100.0,880
2024-03-23T01:23:02.000000+00:00,238.7,49.9,238.7,49.9,228.9,49.9,5.7,1300.0,1010.0,78.0,43.0,83.8,100.0,880
2024-03-23T01:24:02.000000+00:00,238.6,49.9,238.6,49.9,228.9,49.9,5.6,1290.0,1000.0,78.0,43.0,83.8,100.0,880
2024-03-23T01:25:02.000000+00:00,239.7,49.9,239.7,49.9,228.9,49.9,5.6,1290.0,1000.0,78.0,43.0,83.8,100.0,880
2024-03-23T01:26:02.000000+00:00,239.1,49.8,239.6,49.8,228.9,49.8,5.6,1290.0,1000.0,78.0,43.0,83.8,100.0,880
2024-03-23T01:27:02.000000+00:00,238.3,49.7,237.9,49.7,229.0,49.7,5.7,1300.0,1010.0,78.0,43.0,83.8,100.0,880
2024-03-23T01:28:02.000000+00:00,239.6,49.9,239.2,49.9,228.9,49.9,5.6,1280.0,990.0,77.0,43.0,83.8,100.0,880
2024-03-23T01:29:02.000000+00:00,239.0,49.9,239.5,49.9,228.9,49.9,5.6,1290.0,1000.0,78.0,43.0,83.8,100.0,880
2024-03-23T01:30:02.000000+00:00,240.9,50.0,240.0,50.0,228.9,50.0,5.6,1290.0,1000.0,78.0,43.0,83.8,100.0,880
2024-03-23T01:31:02.000000+00:00,240.5,50.0,240.6,50.0,229.0,50.0,5.6,1280.0,1000.0,78.0,43.0,83.8,100.0,880
2024-03-23T01:32:02.000000+00:00,239.2,49.9,239.6,49.9,228.9,49.9,5.7,1290.0,1000.0,78.0,43.0,83.8,100.0,880
2024-03-23T01:33:02.000000+00:00,238.1,49.8,239.1,49.8,228.9,49.8,5.7,1300.0,1000.0,77.0,43.0,83.8,100.0,880
2024-03-23T01:34:02.000000+00:00,238.7,49.8,237.8,49.8,228.9,49.8,5.6,1290.0,1000.0,78.0,44.0,83.8,100.0,893
2024-03-23T01:35:02.000000+00:00,237.8,49.9,238.2,49.9,228.9,49.9,5.6,1290.0,1000.0,78.0,43.0,83.8,100.0,893
2024-03-23T01:36:02.000000+00:00,238.7,49.9,238.7,49.9,228.9,49.9,5.7,1300.0,1010.0,78.0,43.0,83.8,100.0,893
2024-03-23T01:37:02.000000+00:00,237.7,49.9,238.7,49.9,228.9,49.9,5.7,1290.0,1000.0,78.0,43.0,83.8,100.0,893
2024-03-23T01:38:02.000000+00:00,239.0,49.9,238.0,49.9,228.9,49.9,5.7,1300.0,1010.0,78.0,43.0,83.8,100.0,893
2024-03-23T01:39:02.000000+00:00,238.9,50.0,238.9,50.0,228.9,50.0,5.6,1290.0,1000.0,78.0,43.0,83.8,100.0,893
2024-03-23T01:40:02.000000+00:00,239.0,50.0,239.0,50.0,228.9,50.0,5.7,1300.0,1010.0,78.0,43.0,83.8,100.0,893
2024-03-23T01:41:02.000000+00:00,239.2,50.0,239.2,50.0,228.9,50.0,5.6,1290.0,1000.0,78.0,43.0,83.8,100.0,893
2024-03-23T01:42:02.000000+00:00,238.7,49.9,239.2,49.9,228.9,49.9,5.6,1290.0,1000.0,78.0,43.0,83.7,100.0,893
2024-03-23T01:43:02.000000+00:00,237.9,49.9,237.9,49.9,228.9,49.9,5.6,1290.0,1000.0,78.0,43.0,83.8,100.0,893
2024-03-23T01:44:02.000000+00:00,238.8,49.9,239.2,49.9,228.9,49.9,5.6,1290.0,1000.0,78.0,43.0,83.8,100.0,893
2024-03-23T01:45:02.000000+00:00,239.0,50.0,239.0,50.0,228.9,50.0,5.7,1300.0,1010.0,78.0,43.0,83.8,100.0,893
2024-03-23T01:46:02.000000+00:00,238.4,50.0,238.4,50.0,228.9,50.0,5.6,1290.0,1000.0,78.0,43.0,83.8,100.0,893
2024-03-23T01:47:02.000000+00:00,238.7,49.9,238.7,49.9,228.9,49.9,5.7,1300.0,1010.0,78.0,43.0,83.8,100.0,893
2024-03-23T01:48:02.000000+00:00,238.8,49.9,238.9,49.9,228.9,49.9,5.6,1290.0,1000.0,78.0,43.0,83.8,100.0,893
2024-03-23T01:49:02.000000+00:00,239.7,50.0,239.7,50.0,228.9,50.0,5.6,1290.0,1000.0,78.0,43.0,83.9,100.0,893
2024-03-23T01:50:02.000000+00:00,240.0,50.1,240.0,50.0,228.9,50.1,5.6,1280.0,990.0,77.0,43.0,84.1,100.0,893
2024-03-23T01:51:02.000000+00:00,238.5,49.9,239.4,49.9,228.9,49.9,5.6,1280.0,1000.0,78.0,43.0,84.1,100.0,893
2024-03-23T01:52:02.000000+00:00,238.9,50.0,239.8,50.0,228.9,50.0,5.6,1280.0,1000.0,78.0,43.0,84.3,100.0,893
2024-03-23T01:53:02.000000+00:00,239.2,50.0,239.7,50.0,228.9,50.0,5.6,1290.0,1000.0,78.0,43.0,84.3,100.0,893
2024-03-23T01:54:02.000000+00:00,240.0,50.3,240.0,50.3,228.9,50.3,5.6,1280.0,1000.0,78.0,42.0,84.4,100.0,893
2024-03-23T01:55:02.000000+00:00,240.1,50.2,240.1,50.2,228.9,50.2,5.6,1280.0,1000.0,78.0,42.0,84.3,100.0,893
2024-03-23T01:56:02.000000+00:00,238.7,50.1,238.7,50.1,228.9,50.1,5.6,1280.0,1000.0,78.0,43.0,84.2,100.0,893
2024-03-23T01:57:02.000000+00:00,237.9,50.0,237.8,50.0,228.9,50.0,5.6,1280.0,1000.0,78.0,43.0,84.1,100.0,893
2024-03-23T01:58:02.000000+00:00,237.5,49.8,237.5,49.8,228.9,49.8,5.7,1300.0,1000.0,77.0,43.0,84.0,100.0,893
2024-03-23T01:59:02.000000+00:00,237.3,49.9,237.4,49.9,228.9,49.9,5.6,1300.0,1010.0,78.0,43.0,84.0,100.0,893
2024-03-23T02:00:02.000000+00:00,237.1,49.8,236.9,49.7,228.9,49.7,5.7,1310.0,1010.0,77.0,43.0,84.0,100.0,893
2024-03-23T02:01:03.000000+00:00,237.3,49.9,238.2,49.9,228.9,49.9,5.6,1290.0,1000.0,78.0,43.0,83.9,100.0,893
2024-03-23T02:02:03.000000+00:00,236.6,49.8,236.7,49.7,228.9,49.8,5.7,1300.0,1000.0,77.0,43.0,83.9,100.0,893
2024-03-23T02:03:03.000000+00:00,236.9,49.9,236.9,49.9,228.9,49.9,5.6,1290.0,1000.0,78.0,43.0,83.9,100.0,893
2024-03-23T02:04:03.000000+00:00,236.9,49.8,236.9,49.8,228.9,49.8,5.7,1300.0,1010.0,78.0,44.0,83.9,100.0,893
2024-03-23T02:05:03.000000+00:00,236.4,49.9,236.4,49.9,228.9,49.9,5.7,1300.0,1010.0,78.0,43.0,83.9,100.0,893
2024-03-23T02:06:03.000000+00:00,236.4,49.8,236.1,49.8,228.9,49.8,5.6,1300.0,1000.0,77.0,43.0,83.9,100.0,893
2024-03-23T02:07:03.000000+00:00,236.7,49.9,236.7,49.9,228.9,49.9,5.6,1290.0,1000.0,78.0,43.0,83.9,100.0,893
2024-03-23T02:08:03.000000+00:00,236.5,49.8,236.1,49.8,228.9,49.8,5.6,1290.0,990.0,77.0,43.0,83.9,100.0,893
2024-03-23T02:09:03.000000+00:00,235.8,49.8,235.8,49.8,228.9,49.8,5.7,1290.0,1000.0,78.0,43.0,83.9,100.0,893
2024-03-23T02:10:03.000000+00:00,236.5,49.7,236.0,49.7,228.9,49.7,5.7,1300.0,1010.0,78.0,44.0,83.9,100.0,893
2024-03-23T02:11:03.000000+00:00,237.0,50.0,237.0,50.0,228.9,50.0,5.6,1280.0,1000.0,78.0,43.0,83.8,100.0,893
2024-03-23T02:12:03.000000+00:00,235.5,49.8,236.4,49.8,228.9,49.8,5.6,1300.0,1000.0,77.0,43.0,83.8,100.0,893
2024-03-23T02:13:03.000000+00:00,235.8,49.7,235.8,49.7,228.9,49.7,5.7,1300.0,1000.0,77.0,43.0,83.8,100.0,893
2024-03-23T02:14:03.000000+00:00,236.1,49.8,235.1,49.8,228.9,49.8,5.7,1300.0,1000.0,77.0,43.0,83.9,100.0,893
2024-03-23T02:15:03.000000+00:00,235.1,49.6,235.1,49.6,228.9,49.6,5.7,1310.0,1010.0,77.0,43.0,83.8,100.0,893
2024-03-23T02:16:03.000000+00:00,235.4,49.7,235.8,49.7,228.9,49.7,5.7,1300.0,1000.0,77.0,43.0,83.8,100.0,893
2024-03-23T02:17:03.000000+00:00,235.6,49.8,236.2,49.8,228.9,49.8,5.6,1280.0,990.0,77.0,43.0,83.8,100.0,893
2024-03-23T02:18:03.000000+00:00,235.7,49.7,235.7,49.7,228.9,49.7,5.7,1300.0,1000.0,77.0,43.0,83.8,100.0,893
2024-03-23T02:19:03.000000+00:00,234.8,49.8,235.4,49.8,228.9,49.8,5.7,1300.0,1010.0,78.0,43.0,83.8,100.0,893
2024-03-23T02:20:03.000000+00:00,235.5,49.8,236.0,49.8,228.9,49.8,5.6,1290.0,1000.0,78.0,43.0,83.8,100.0,893
2024-03-23T02:21:03.000000+00:00,235.8,49.8,235.8,49.8,228.9,49.8,5.6,1290.0,990.0,77.0,43.0,83.8,100.0,893
2024-03-23T02:22:03.000000+00:00,235.9,49.9,235.8,49.9,228.9,49.9,5.6,1280.0,1000.0,78.0,43.0,83.8,100.0,893
2024-03-23T02:23:03.000000+00:00,235.7,49.8,235.2,49.8,228.9,49.8,5.7,1300.0,1000.0,77.0,43.0,83.8,100.0,893
2024-03-23T02:24:03.000000+00:00,238.5,49.8,238.5,49.8,228.9,49.8,5.6,1290.0,1000.0,78.0,43.0,83.8,100.0,893
2024-03-23T02:25:03.000000+00:00,239.8,49.9,239.3,49.9,228.9,49.9,5.6,1290.0,1000.0,78.0,43.0,83.8,100.0,893
2024-03-23T02:26:03.000000+00:00,238.2,49.8,238.2,49.8,228.9,49.8,5.7,1300.0,1000.0,77.0,43.0,83.8,100.0,893
2024-03-23T02:27:03.000000+00:00,238.3,49.9,238.8,49.9,228.9,49.9,5.7,1300.0,1010.0,78.0,43.0,83.8,100.0,893
2024-03-23T02:28:03.000000+00:00,238.9,49.8,238.0,49.8,228.9,49.8,5.7,1290.0,1000.0,78.0,43.0,83.8,100.0,893
2024-03-23T02:29:03.000000+00:00,238.4,49.9,238.4,49.9,228.9,49.9,5.6,1290.0,1000.0,78.0,43.0,83.8,100.0,893
2024-03-23T02:30:03.000000+00:00,238.7,49.9,238.8,49.9,228.9,49.9,5.6,1290.0,990.0,77.0,43.0,83.8,100.0,893
2024-03-23T02:31:03.000000+00:00,238.7,49.8,238.7,49.8,228.9,49.8,5.7,1300.0,1010.0,78.0,43.0,83.8,100.0,893
2024-03-23T02:32:03.000000+00:00,238.4,49.8,238.5,49.9,228.9,49.8,5.6,1290.0,1000.0,78.0,43.0,83.8,100.0,893
2024-03-23T02:33:03.000000+00:00,238.3,49.8,238.3,49.8,228.9,49.8,5.7,1300.0,1010.0,78.0,43.0,83.8,100.0,893
2024-03-23T02:34:03.000000+00:00,239.6,49.9,239.1,49.9,228.9,49.9,5.6,1280.0,990.0,77.0,43.0,83.8,100.0,893
2024-03-23T02:35:03.000000+00:00,238.7,49.8,238.2,49.8,228.9,49.8,5.6,1290.0,1000.0,78.0,43.0,83.8,100.0,893
2024-03-23T02:36:03.000000+00:00,239.1,49.9,239.1,49.9,228.9,49.9,5.6,1280.0,990.0,77.0,43.0,83.8,100.0,893
2024-03-23T02:37:03.000000+00:00,239.1,49.8,238.2,49.8,228.9,49.8,5.6,1290.0,1000.0,78.0,43.0,83.8,100.0,893
2024-03-23T02:38:03.000000+00:00,237.7,49.8,237.7,49.8,228.9,49.8,5.7,1300.0,1010.0,78.0,43.0,83.8,100.0,893
2024-03-23T02:39:03.000000+00:00,238.6,50.0,238.4,50.0,228.9,50.0,5.6,1280.0,1000.0,78.0,43.0,83.8,100.0,893
2024-03-23T02:40:03.000000+00:00,239.0,49.9,239.0,49.9,228.9,49.9,5.6,1280.0,990.0,77.0,43.0,83.8,100.0,893
2024-03-23T02:41:03.000000+00:00,238.9,50.1,238.5,50.1,228.9,50.1,5.6,1280.0,1000.0,78.0,43.0,83.8,100.0,893
2024-03-23T02:42:03.000000+00:00,238.7,50.1,238.7,50.1,228.9,50.1,5.6,1280.0,1000.0,78.0,43.0,83.8,100.0,893
2024-03-23T02:43:03.000000+00:00,239.3,50.2,239.3,50.2,229.0,50.2,5.6,1280.0,1000.0,78.0,43.0,83.8,100.0,893
2024-03-23T02:44:03.000000+00:00,238.8,50.2,238.8,50.2,228.9,50.2,5.6,1280.0,1000.0,78.0,42.0,83.8,100.0,893
2024-03-23T02:45:03.000000+00:00,238.2,50.0,238.2,50.0,228.9,50.0,5.6,1280.0,1000.0,78.0,42.0,83.8,100.0,893
2024-03-23T02:46:03.000000+00:00,237.0,50.0,237.5,50.0,228.9,50.0,5.6,1280.0,1000.0,78.0,43.0,83.8,100.0,893
2024-03-23T02:47:03.000000+00:00,237.3,50.0,237.3,50.0,228.9,50.0,5.6,1290.0,1000.0,78.0,43.0,83.7,100.0,893
2024-03-23T02:48:03.000000+00:00,237.0,50.1,237.0,50.1,228.9,50.1,5.6,1280.0,990.0,77.0,43.0,83.8,100.0,893
2024-03-23T02:49:03.000000+00:00,237.4,50.1,237.7,50.1,228.9,50.1,5.6,1290.0,1000.0,78.0,43.0,83.8,100.0,893
2024-03-23T02:50:03.000000+00:00,238.0,50.1,238.0,50.1,228.9,50.1,5.6,1280.0,990.0,77.0,42.0,84.0,100.0,893
2024-03-23T02:51:03.000000+00:00,237.3,50.0,237.3,50.0,228.9,50.0,5.6,1280.0,990.0,77.0,43.0,84.1,100.0,893
2024-03-23T02:52:03.000000+00:00,239.2,50.2,239.2,50.2,228.9,50.2,5.6,1280.0,1000.0,78.0,42.0,84.2,100.0,893
2024-03-23T02:53:03.000000+00:00,237.8,50.2,238.7,50.2,228.9,50.2,5.6,1280.0,1000.0,78.0,43.0,84.3,100.0,893
2024-03-23T02:54:03.000000+00:00,238.1,50.2,238.5,50.2,228.9,50.2,5.6,1270.0,990.0,78.0,43.0,84.3,100.0,893
2024-03-23T02:55:03.000000+00:00,237.9,50.3,239.0,50.3,228.9,50.3,5.5,1270.0,990.0,78.0,43.0,84.3,100.0,893
2024-03-23T02:56:03.000000+00:00,238.3,50.3,238.3,50.3,228.9,50.3,5.6,1270.0,990.0,78.0,43.0,84.2,100.0,893
2024-03-23T02:57:03.000000+00:00,237.8,50.3,237.4,50.3,228.9,50.3,5.6,1270.0,990.0,78.0,42.0,84.1,100.0,893
2024-03-23T02:58:04.000000+00:00,237.9,50.3,237.9,50.3,228.9,50.3,5.5,1270.0,1000.0,79.0,43.0,84.1,100.0,893
2024-03-23T02:59:04.000000+00:00,237.2,50.3,237.6,50.3,228.9,50.3,5.6,1270.0,1000.0,79.0,43.0,84.0,100.0,893
2024-03-23T03:00:04.000000+00:00,236.5,50.2,236.5,50.2,228.9,50.2,5.6,1270.0,990.0,78.0,43.0,84.0,100.0,893
2024-03-23T03:01:04.000000+00:00,236.6,50.1,236.6,50.1,228.9,50.1,5.6,1280.0,1000.0,78.0,43.0,84.0,100.0,893
2024-03-23T03:02:04.000000+00:00,236.4,50.2,236.4,50.2,228.9,50.2,5.6,1280.0,1000.0,78.0,42.0,83.9,100.0,893
2024-03-23T03:03:04.000000+00:00,236.1,50.1,236.1,50.1,228.9,50.1,5.6,1280.0,990.0,77.0,43.0,83.9,100.0,893
2024-03-23T03:04:04.000000+00:00,235.2,50.1,235.6,50.1,228.9,50.1,5.6,1290.0,1010.0,78.0,43.0,83.9,100.0,893
2024-03-23T03:05:04.000000+00:00,235.6,50.0,235.6,50.0,228.9,50.0,5.6,1290.0,1000.0,78.0,43.0,83.9,100.0,893
2024-03-23T03:06:04.000000+00:00,235.8,50.1,235.8,50.1,228.9,50.1,5.6,1280.0,990.0,77.0,43.0,83.9,100.0,893
2024-03-23T03:07:04.000000+00:00,234.3,49.9,234.3,49.9,228.9,49.9,5.6,1290.0,1000.0,78.0,43.0,83.9,100.0,893
2024-03-23T03:08:04.000000+00:00,234.6,50.0,234.7,50.0,228.9,50.0,5.6,1290.0,1010.0,78.0,43.0,83.8,100.0,893
2024-03-23T03:09:04.000000+00:00,241.5,49.9,240.6,49.9,228.9,49.9,5.6,1290.0,1000.0,78.0,43.0,83.9,100.0,893
2024-03-23T03:10:04.000000+00:00,241.1,49.9,241.1,49.9,229.0,49.9,5.7,1300.0,1010.0,78.0,43.0,83.9,100.0,893
2024-03-23T03:11:04.000000+00:00,241.4,49.9,241.4,49.9,229.0,49.9,5.6,1290.0,1000.0,78.0,43.0,83.8,100.0,893
2024-03-23T03:12:04.000000+00:00,240.8,49.8,240.8,49.8,228.9,49.8,5.7,1290.0,1000.0,78.0,43.0,83.8,100.0,893
2024-03-23T03:13:04.000000+00:00,240.1,49.8,240.5,49.8,228.9,49.8,5.7,1300.0,1010.0,78.0,43.0,83.8,100.0,893
2024-03-23T03:14:04.000000+00:00,239.1,49.8,239.5,49.8,228.9,49.8,5.7,1300.0,1010.0,78.0,43.0,83.8,100.0,893
2024-03-23T03:15:04.000000+00:00,239.1,49.8,240.0,49.8,228.9,49.8,5.6,1290.0,1000.0,78.0,43.0,83.8,100.0,893
2024-03-23T03:16:04.000000+00:00,238.7,49.8,238.7,49.8,228.9,49.8,5.7,1310.0,1010.0,77.0,44.0,83.8,100.0,893
2024-03-23T03:17:04.000000+00:00,238.5,49.8,238.6,49.8,228.9,49.8,5.7,1290.0,1000.0,78.0,43.0,83.8,100.0,893
2024-03-23T03:18:04.000000+00:00,238.1,49.7,238.1,49.7,228.9,49.7,5.7,1310.0,1010.0,77.0,44.0,83.8,100.0,893
2024-03-23T03:19:04.000000+00:00,238.0,49.8,237.2,49.8,228.9,49.8,5.6,1290.0,1000.0,78.0,43.0,83.8,100.0,893
2024-03-23T03:20:04.000000+00:00,237.4,49.9,237.4,49.9,228.9,49.9,5.6,1290.0,1000.0,78.0,43.0,83.8,100.0,893
2024-03-23T03:21:04.000000+00:00,236.9,49.7,236.9,49.7,228.9,49.7,5.7,1310.0,1010.0,77.0,43.0,83.8,100.0,893
2024-03-23T03:22:04.000000+00:00,237.9,49.9,237.8,49.8,228.9,49.9,5.6,1290.0,1000.0,78.0,43.0,83.8,100.0,893
2024-03-23T03:23:04.000000+00:00,237.1,49.9,237.5,49.9,228.9,49.9,5.7,1300.0,1010.0,78.0,43.0,83.8,100.0,893
2024-03-23T03:24:04.000000+00:00,238.1,49.9,237.1,49.9,228.9,49.9,5.6,1290.0,1000.0,78.0,43.0,83.8,100.0,893
2024-03-23T03:25:04.000000+00:00,236.9,49.9,237.4,49.9,228.9,49.9,5.6,1290.0,1000.0,78.0,43.0,83.8,100.0,893
2024-03-23T03:26:04.000000+00:00,237.5,50.0,237.5,50.0,228.9,50.0,5.6,1290.0,1000.0,78.0,43.0,83.8,100.0,893
2024-03-23T03:27:04.000000+00:00,238.0,49.9,238.0,49.9,228.9,49.9,5.6,1290.0,1000.0,78.0,43.0,83.8,100.0,893
2024-03-23T03:28:04.000000+00:00,237.1,50.0,237.1,50.0,228.9,50.0,5.6,1290.0,1000.0,78.0,43.0,83.8,100.0,893
2024-03-23T03:29:04.000000+00:00,237.2,50.0,237.2,50.0,228.9,50.0,5.6,1280.0,1000.0,78.0,43.0,83.8,100.0,893
2024-03-23T03:30:04.000000+00:00,237.4,50.0,237.8,50.0,228.9,50.0,5.6,1290.0,1000.0,78.0,43.0,83.8,100.0,893
2024-03-23T03:31:04.000000+00:00,235.6,49.9,235.6,49.9,228.9,49.9,5.7,1300.0,1010.0,78.0,43.0,83.8,100.0,893
2024-03-23T03:32:04.000000+00:00,235.4,50.0,235.5,50.0,228.9,50.0,5.6,1290.0,1000.0,78.0,43.0,83.8,100.0,893
2024-03-23T03:33:04.000000+00:00,236.7,50.2,236.7,50.2,228.9,50.2,5.6,1280.0,990.0,77.0,43.0,83.8,100.0,893
2024-03-23T03:34:04.000000+00:00,236.1,50.3,236.1,50.3,228.9,50.3,5.5,1270.0,990.0,78.0,42.0,83.8,100.0,893
2024-03-23T03:35:04.000000+00:00,236.3,50.2,237.2,50.2,228.9,50.2,5.6,1270.0,990.0,78.0,43.0,83.8,100.0,893
2024-03-23T03:36:04.000000+00:00,235.6,50.0,235.6,50.0,228.9,50.0,5.6,1290.0,1000.0,78.0,43.0,83.8,100.0,893
2024-03-23T03:37:04.000000+00:00,236.9,50.0,236.9,50.0,228.9,50.0,5.6,1280.0,1000.0,78.0,42.0,83.8,100.0,893
2024-03-23T03:38:04.000000+00:00,236.3,50.0,235.8,50.0,228.9,50.0,5.6,1280.0,990.0,77.0,43.0,83.8,100.0,893
2024-03-23T03:39:04.000000+00:00,235.1,49.9,235.1,49.9,228.9,49.9,5.6,1290.0,990.0,77.0,43.0,83.8,100.0,893
2024-03-23T03:40:04.000000+00:00,234.8,50.0,234.8,50.0,228.9,50.0,5.6,1280.0,990.0,77.0,43.0,83.8,100.0,893
2024-03-23T03:41:04.000000+00:00,235.0,50.1,235.0,50.1,228.9,50.1,5.6,1270.0,990.0,78.0,43.0,83.8,100.0,893
2024-03-23T03:42:04.000000+00:00,235.6,50.0,235.6,50.0,228.9,50.0,5.6,1280.0,990.0,77.0,43.0,83.8,100.0,893
2024-03-23T03:43:04.000000+00:00,234.5,50.1,234.0,50.1,228.9,50.1,5.6,1280.0,990.0,77.0,43.0,83.8,100.0,893
2024-03-23T03:44:04.000000+00:00,234.3,49.9,233.5,49.9,228.9,49.9,5.7,1290.0,1000.0,78.0,43.0,83.8,100.0,893
2024-03-23T03:45:04.000000+00:00,234.4,50.0,234.4,50.0,228.9,49.9,5.6,1290.0,1000.0,78.0,43.0,83.8,100.0,893
2024-03-23T03:46:04.000000+00:00,237.1,49.9,237.8,49.9,228.9,49.9,5.6,1290.0,1000.0,78.0,43.0,83.8,100.0,893
2024-03-23T03:47:04.000000+00:00,237.5,49.9,237.5,49.9,228.9,49.9,5.7,1300.0,1000.0,77.0,43.0,83.8,100.0,893
2024-03-23T03:48:04.000000+00:00,236.4,49.8,236.4,49.8,228.9,49.8,5.6,1290.0,1000.0,78.0,43.0,83.8,100.0,893
2024-03-23T03:49:04.000000+00:00,236.7,49.9,236.7,49.9,228.9,49.9,5.6,1290.0,1000.0,78.0,43.0,83.8,100.0,893
2024-03-23T03:50:04.000000+00:00,236.7,49.8,236.1,49.8,228.9,49.8,5.7,1300.0,1010.0,78.0,43.0,83.8,100.0,893
2024-03-23T03:51:04.000000+00:00,236.5,49.8,236.5,49.8,228.9,49.8,5.6,1290.0,990.0,77.0,43.0,83.7,100.0,893
2024-03-23T03:52:04.000000+00:00,235.3,49.7,235.3,49.7,228.9,49.8,5.7,1300.0,1000.0,77.0,43.0,83.8,100.0,893
2024-03-23T03:53:04.000000+00:00,234.6,49.7,235.5,49.7,228.9,49.7,5.7,1300.0,1000.0,77.0,43.0,83.8,100.0,893
2024-03-23T03:54:04.000000+00:00,235.0,49.7,235.1,49.7,228.9,49.7,5.7,1310.0,1010.0,77.0,44.0,83.8,100.0,893
2024-03-23T03:55:05.000000+00:00,234.7,49.7,234.7,49.7,228.9,49.7,5.7,1290.0,1000.0,78.0,43.0,83.8,100.0,893
2024-03-23T03:56:05.000000+00:00,234.4,49.8,234.4,49.8,228.9,49.8,5.7,1300.0,1000.0,77.0,43.0,83.8,100.0,893
2024-03-23T03:57:05.000000+00:00,235.1,49.9,235.1,49.8,228.9,49.9,5.6,1290.0,1000.0,78.0,43.0,83.8,100.0,893
2024-03-23T03:58:05.000000+00:00,235.1,49.8,235.7,49.8,228.9,49.8,5.7,1300.0,1010.0,78.0,43.0,83.8,100.0,893
2024-03-23T03:59:05.000000+00:00,235.9,50.1,235.9,50.1,228.9,50.1,5.6,1280.0,990.0,77.0,42.0,83.8,100.0,893
2024-03-23T04:00:05.000000+00:00,236.1,50.1,236.1,50.1,228.9,50.1,5.6,1280.0,990.0,77.0,43.0,83.7,100.0,893
2024-03-23T04:01:05.000000+00:00,236.5,50.2,237.0,50.2,228.9,50.2,5.5,1270.0,990.0,78.0,42.0,83.8,100.0,893
2024-03-23T04:02:05.000000+00:00,235.2,50.2,236.1,50.2,228.9,50.2,5.6,1290.0,1010.0,78.0,43.0,83.8,100.0,893
2024-03-23T04:03:05.000000+00:00,235.5,50.1,235.5,50.1,228.9,50.1,5.6,1280.0,1000.0,78.0,42.0,83.8,100.0,893
2024-03-23T04:04:05.000000+00:00,236.2,50.1,235.3,50.1,228.9,50.1,5.6,1280.0,1000.0,78.0,43.0,83.8,100.0,893
2024-03-23T04:05:05.000000+00:00,235.3,50.2,234.3,50.2,228.9,50.2,5.6,1280.0,1000.0,78.0,42.0,83.8,100.0,893
2024-03-23T04:06:05.000000+00:00,234.9,50.1,234.8,50.1,228.9,50.1,5.6,1280.0,990.0,77.0,43.0,83.8,100.0,893
2024-03-23T04:07:05.000000+00:00,234.3,50.1,234.3,50.1,228.9,50.1,5.6,1280.0,1000.0,78.0,43.0,83.8,100.0,893
2024-03-23T04:08:05.000000+00:00,233.1,50.0,233.1,50.0,228.9,50.0,5.6,1280.0,990.0,77.0,43.0,83.8,100.0,893
2024-03-23T04:09:05.000000+00:00,237.0,50.0,237.0,50.0,228.9,50.0,5.6,1280.0,990.0,77.0,43.0,83.8,100.0,893
2024-03-23T04:10:05.000000+00:00,236.5,50.1,236.5,50.1,228.9,50.1,5.6,1280.0,990.0,77.0,43.0,83.7,100.0,893
2024-03-23T04:11:05.000000+00:00,236.6,50.1,236.6,50.1,228.9,50.1,5.6,1280.0,1000.0,78.0,43.0,83.8,100.0,893
2024-03-23T04:12:05.000000+00:00,236.3,49.9,235.4,49.9,228.9,49.9,5.6,1290.0,1000.0,78.0,43.0,83.7,100.0,893
2024-03-23T04:13:05.000000+00:00,234.4,49.9,234.4,49.9,228.9,49.9,5.7,1300.0,1010.0,78.0,43.0,83.8,100.0,893
2024-03-23T04:14:05.000000+00:00,235.5,49.8,235.5,49.8,228.9,49.8,5.7,1300.0,1000.0,77.0,43.0,83.8,100.0,893
2024-03-23T04:15:05.000000+00:00,234.5,49.7,234.5,49.7,228.9,49.7,5.7,1300.0,1000.0,77.0,44.0,83.8,100.0,893
2024-03-23T04:16:05.000000+00:00,235.0,49.8,234.6,49.8,228.9,49.8,5.6,1290.0,1000.0,78.0,43.0,83.8,100.0,893
2024-03-23T04:17:05.000000+00:00,235.7,49.8,235.7,49.8,228.9,49.8,5.7,1310.0,1010.0,77.0,43.0,83.7,100.0,893
2024-03-23T04:18:05.000000+00:00,236.3,50.0,236.2,50.0,228.9,50.0,5.6,1280.0,1000.0,78.0,43.0,83.8,100.0,893
2024-03-23T04:19:05.000000+00:00,236.5,50.0,236.5,50.0,228.9,50.0,5.6,1280.0,1000.0,78.0,43.0,83.8,100.0,893
2024-03-23T04:20:05.000000+00:00,236.2,49.9,237.1,49.9,228.9,49.9,5.6,1290.0,1000.0,78.0,43.0,83.8,100.0,893
2024-03-23T04:21:05.000000+00:00,237.0,49.9,236.0,49.9,228.9,49.9,5.6,1290.0,1000.0,78.0,43.0,83.8,100.0,893
2024-03-23T04:22:05.000000+00:00,237.2,49.9,237.2,49.9,228.9,49.9,5.6,1280.0,990.0,77.0,43.0,83.8,100.0,893
2024-03-23T04:23:05.000000+00:00,237.1,50.0,237.0,50.0,228.9,50.0,5.6,1290.0,1000.0,78.0,42.0,84.0,100.0,893
2024-03-23T04:24:05.000000+00:00,237.2,50.1,237.6,50.1,228.9,50.1,5.6,1280.0,1000.0,78.0,43.0,84.1,100.0,893
2024-03-23T04:25:05.000000+00:00,236.5,50.0,237.4,50.0,228.9,50.0,5.5,1270.0,990.0,78.0,43.0,84.2,100.0,893
2024-03-23T04:26:05.000000+00:00,236.7,49.9,235.7,49.9,228.9,49.9,5.6,1290.0,1000.0,78.0,43.0,84.2,100.0,893
2024-03-23T04:27:05.000000+00:00,236.4,50.0,236.3,50.0,228.9,50.0,5.6,1280.0,990.0,77.0,43.0,84.3,100.0,893
2024-03-23T04:28:05.000000+00:00,236.2,50.0,236.4,50.0,228.9,50.0,5.6,1280.0,990.0,77.0,43.0,84.3,100.0,893
2024-03-23T04:29:05.000000+00:00,235.9,49.9,235.3,49.9,228.9,49.9,5.6,1290.0,1000.0,78.0,43.0,84.1,100.0,893
2024-03-23T04:30:05.000000+00:00,235.6,50.0,236.0,50.0,228.9,50.0,5.6,1290.0,1000.0,78.0,43.0,84.1,100.0,893
2024-03-23T04:31:05.000000+00:00,235.2,50.0,235.3,50.0,228.9,50.0,5.6,1280.0,990.0,77.0,43.0,84.1,100.0,893
2024-03-23T04:32:05.000000+00:00,235.0,49.9,235.0,49.9,228.9,49.9,5.6,1290.0,1000.0,78.0,43.0,84.0,100.0,893
2024-03-23T04:33:05.000000+00:00,234.8,50.0,234.8,50.0,228.9,50.0,5.6,1280.0,1000.0,78.0,43.0,83.9,100.0,893
2024-03-23T04:34:05.000000+00:00,235.8,50.3,235.8,50.3,228.9,50.3,5.6,1270.0,1000.0,79.0,42.0,83.9,100.0,893
2024-03-23T04:35:05.000000+00:00,235.7,50.3,236.7,50.3,228.9,50.3,5.6,1280.0,1000.0,78.0,42.0,83.9,100.0,893
2024-03-23T04:36:05.000000+00:00,236.2,50.4,236.2,50.4,228.9,50.4,5.6,1280.0,1000.0,78.0,43.0,83.9,100.0,893
2024-03-23T04:37:05.000000+00:00,235.4,50.5,235.4,50.5,228.9,50.5,5.5,1270.0,1000.0,79.0,42.0,83.9,100.0,893
2024-03-23T04:38:05.000000+00:00,235.3,50.4,235.7,50.4,228.9,50.4,5.5,1260.0,990.0,79.0,42.0,83.9,100.0,893
2024-03-23T04:39:05.000000+00:00,236.1,50.4,236.1,50.4,228.9,50.4,5.5,1260.0,990.0,79.0,42.0,83.9,100.0,893
2024-03-23T04:40:05.000000+00:00,235.6,50.3,235.6,50.3,228.9,50.3,5.6,1280.0,1000.0,78.0,43.0,83.9,100.0,893
2024-03-23T04:41:05.000000+00:00,236.0,50.2,236.0,50.2,228.9,50.2,5.5,1270.0,990.0,78.0,42.0,83.8,100.0,893
2024-03-23T04:42:05.000000+00:00,234.9,50.1,235.0,50.1,228.9,50.1,5.6,1270.0,990.0,78.0,43.0,83.8,100.0,893
2024-03-23T04:43:05.000000+00:00,234.0,50.2,233.6,50.1,228.9,50.1,5.6,1280.0,1000.0,78.0,43.0,83.9,100.0,893
2024-03-23T04:44:05.000000+00:00,234.3,50.2,234.3,50.2,228.9,50.2,5.6,1280.0,1000.0,78.0,43.0,83.8,100.0,893
2024-03-23T04:45:05.000000+00:00,233.5,50.0,233.5,50.0,228.9,50.0,5.6,1280.0,1000.0,78.0,43.0,83.8,100.0,893
2024-03-23T04:46:06.000000+00:00,235.0,50.2,234.5,50.2,228.9,50.2,5.6,1280.0,1000.0,78.0,42.0,83.8,100.0,893
2024-03-23T04:47:06.000000+00:00,234.1,49.9,234.1,49.9,228.9,49.9,5.7,1300.0,1010.0,78.0,43.0,83.8,100.0,893
2024-03-23T04:48:06.000000+00:00,234.3,50.0,233.9,50.0,228.9,50.0,5.6,1280.0,1000.0,78.0,43.0,83.8,100.0,893
2024-03-23T04:49:06.000000+00:00,234.0,49.9,233.6,49.9,228.9,49.9,5.6,1290.0,1000.0,78.0,43.0,83.8,100.0,893
2024-03-23T04:50:06.000000+00:00,233.6,50.0,233.6,50.0,228.9,50.0,5.6,1290.0,1000.0,78.0,42.0,83.8,100.0,893
2024-03-23T04:51:06.000000+00:00,232.5,49.8,232.5,49.8,228.9,49.8,5.7,1300.0,1010.0,78.0,43.0,83.8,100.0,893
2024-03-23T04:52:06.000000+00:00,236.3,49.8,236.8,49.8,228.9,49.8,5.6,1280.0,990.0,77.0,43.0,83.8,100.0,893
2024-03-23T04:53:06.000000+00:00,236.7,49.8,236.2,49.8,228.9,49.8,5.6,1290.0,1000.0,78.0,43.0,83.8,100.0,893
2024-03-23T04:54:06.000000+00:00,235.6,49.8,236.2,49.8,228.9,49.8,5.7,1300.0,1010.0,78.0,43.0,84.0,100.0,893
2024-03-23T04:55:06.000000+00:00,235.4,49.7,234.4,49.7,228.9,49.7,5.7,1300.0,1010.0,78.0,44.0,84.1,100.0,893
2024-03-23T04:56:06.000000+00:00,235.0,49.8,235.0,49.8,228.9,49.8,5.6,1290.0,1000.0,78.0,43.0,84.2,100.0,893
2024-03-23T04:57:06.000000+00:00,234.2,49.9,234.7,49.9,228.9,49.9,5.7,1290.0,1000.0,78.0,43.0,84.3,100.0,893
2024-03-23T04:58:06.000000+00:00,235.3,49.9,235.3,49.9,228.9,49.9,5.6,1290.0,1000.0,78.0,43.0,84.3,100.0,893
2024-03-23T04:59:06.000000+00:00,234.3,49.7,234.3,49.7,228.9,49.7,5.7,1300.0,1010.0,78.0,43.0,84.3,100.0,893
2024-03-23T05:00:06.000000+00:00,234.7,49.9,235.7,49.9,228.9,49.9,5.6,1290.0,1000.0,78.0,43.0,84.2,100.0,893
2024-03-23T05:01:06.000000+00:00,236.0,50.2,236.0,50.2,228.9,50.1,5.6,1280.0,1000.0,78.0,43.0,84.1,100.0,893
2024-03-23T05:02:06.000000+00:00,235.8,50.2,235.8,50.2,228.9,50.1,5.6,1290.0,1010.0,78.0,43.0,84.1,100.0,893
2024-03-23T05:03:06.000000+00:00,237.0,50.2,237.0,50.2,228.9,50.2,5.6,1280.0,1000.0,78.0,42.0,84.0,100.0,893
2024-03-23T05:04:06.000000+00:00,236.4,50.3,236.4,50.3,228.9,50.3,5.6,1270.0,1000.0,79.0,42.0,84.0,100.0,893
2024-03-23T05:05:06.000000+00:00,236.7,50.4,236.3,50.4,228.9,50.4,5.5,1270.0,1000.0,79.0,42.0,83.9,100.0,893
2024-03-23T05:06:06.000000+00:00,236.3,50.4,235.8,50.4,228.9,50.4,5.5,1270.0,1000.0,79.0,42.0,83.9,100.0,893
2024-03-23T05:07:06.000000+00:00,235.2,50.3,235.6,50.3,228.9,50.3,5.5,1270.0,990.0,78.0,42.0,83.9,100.0,893
2024-03-23T05:08:06.000000+00:00,234.8,50.3,234.9,50.3,228.9,50.3,5.6,1270.0,1000.0,79.0,42.0,83.9,100.0,893
2024-03-23T05:09:06.000000+00:00,236.3,50.3,236.4,50.3,228.9,50.3,5.6,1270.0,990.0,78.0,42.0,83.8,100.0,893
2024-03-23T05:10:06.000000+00:00,236.9,50.3,236.9,50.3,228.9,50.3,5.5,1270.0,990.0,78.0,43.0,83.8,100.0,893
2024-03-23T05:11:06.000000+00:00,236.2,50.1,236.6,50.1,228.9,50.1,5.6,1280.0,1000.0,78.0,43.0,83.8,100.0,893
2024-03-23T05:12:06.000000+00:00,235.6,50.1,236.0,50.1,228.9,50.1,5.6,1290.0,1000.0,78.0,43.0,83.8,100.0,893
2024-03-23T05:13:06.000000+00:00,235.2,50.1,235.3,50.1,228.9,50.1,5.6,1280.0,990.0,77.0,42.0,83.8,100.0,893
2024-03-23T05:14:06.000000+00:00,235.4,50.1,234.8,50.1,228.9,50.1,5.6,1280.0,1000.0,78.0,43.0,83.8,100.0,893
2024-03-23T05:15:06.000000+00:00,235.2,50.1,235.2,50.1,228.9,50.1,5.6,1270.0,990.0,78.0,43.0,84.0,100.0,893
2024-03-23T05:16:06.000000+00:00,234.5,50.1,235.0,50.1,228.9,50.1,5.6,1290.0,1000.0,78.0,42.0,84.1,100.0,893
2024-03-23T05:17:06.000000+00:00,234.9,50.3,234.7,50.3,228.9,50.3,5.6,1270.0,990.0,78.0,43.0,84.2,100.0,893
2024-03-23T05:18:06.000000+00:00,234.4,50.1,234.4,50.1,228.9,50.1,5.6,1280.0,1000.0,78.0,43.0,84.3,100.0,893
2024-03-23T05:19:06.000000+00:00,235.5,50.3,234.6,50.3,228.9,50.3,5.5,1270.0,990.0,78.0,42.0,84.3,100.0,893
2024-03-23T05:20:06.000000+00:00,233.6,50.1,233.6,50.1,228.9,50.1,5.6,1280.0,1000.0,78.0,43.0,84.4,100.0,893
2024-03-23T05:21:06.000000+00:00,233.4,50.2,233.6,50.2,228.9,50.2,5.5,1270.0,990.0,78.0,43.0,84.2,100.0,893
2024-03-23T05:22:06.000000+00:00,234.9,50.0,234.9,50.0,228.9,50.0,5.6,1290.0,1000.0,78.0,43.0,84.2,100.0,893
2024-03-23T05:23:06.000000+00:00,235.5,49.9,235.5,49.9,228.9,49.9,5.6,1290.0,1000.0,78.0,43.0,84.1,100.0,893
2024-03-23T05:24:06.000000+00:00,235.1,49.8,235.1,49.9,228.9,49.9,5.6,1290.0,1000.0,78.0,43.0,84.0,100.0,893
2024-03-23T05:25:06.000000+00:00,235.6,50.0,235.0,50.0,228.9,50.0,5.7,1300.0,1010.0,78.0,43.0,84.0,100.0,893
2024-03-23T05:26:06.000000+00:00,235.6,49.9,234.7,49.9,228.9,49.9,5.6,1290.0,1000.0,78.0,43.0,83.9,100.0,893
2024-03-23T05:27:06.000000+00:00,236.9,49.7,236.9,49.7,228.9,49.7,5.7,1290.0,1000.0,78.0,43.0,83.9,100.0,893
2024-03-23T05:28:06.000000+00:00,236.7,49.8,236.7,49.8,228.9,49.8,5.6,1290.0,1000.0,78.0,43.0,83.9,100.0,893
2024-03-23T05:29:06.000000+00:00,236.4,49.7,236.8,49.7,228.9,49.7,5.7,1300.0,1000.0,77.0,44.0,83.9,100.0,893
2024-03-23T05:30:06.000000+00:00,236.3,49.7,236.2,49.7,228.9,49.7,5.7,1300.0,1000.0,77.0,43.0,83.8,100.0,893
2024-03-23T05:31:06.000000+00:00,235.4,49.8,235.4,49.8,228.9,49.8,5.6,1300.0,1000.0,77.0,43.0,83.9,100.0,893
2024-03-23T05:32:06.000000+00:00,236.1,49.9,236.7,49.9,228.9,49.9,5.6,1290.0,1000.0,78.0,43.0,84.0,100.0,893
2024-03-23T05:33:06.000000+00:00,236.3,50.0,236.3,50.0,228.9,50.0,5.6,1290.0,1010.0,78.0,43.0,84.2,100.0,893
2024-03-23T05:34:06.000000+00:00,234.8,49.8,235.4,49.8,228.9,49.8,5.7,1300.0,1010.0,78.0,43.0,84.2,100.0,893
2024-03-23T05:35:06.000000+00:00,235.3,49.8,235.6,49.8,228.9,49.8,5.7,1300.0,1000.0,77.0,43.0,84.3,100.0,893
2024-03-23T05:36:06.000000+00:00,235.0,49.8,235.4,49.8,228.9,49.8,5.6,1290.0,1000.0,78.0,43.0,84.3,100.0,893
2024-03-23T05:37:06.000000+00:00,234.7,49.9,235.0,49.9,228.9,49.9,5.6,1290.0,1000.0,78.0,43.0,84.3,100.0,893
2024-03-23T05:38:06.000000+00:00,235.3,49.9,234.8,49.9,228.9,49.9,5.7,1290.0,1000.0,78.0,43.0,84.2,100.0,893
2024-03-23T05:39:06.000000+00:00,234.8,50.0,234.8,50.0,228.9,50.0,5.6,1280.0,1000.0,78.0,43.0,84.2,100.0,893
2024-03-23T05:40:06.000000+00:00,235.1,49.9,235.6,49.9,228.9,49.9,5.7,1300.0,1010.0,78.0,43.0,84.1,100.0,893
2024-03-23T05:41:06.000000+00:00,234.6,49.8,234.6,49.8,228.9,49.8,5.6,1300.0,1000.0,77.0,43.0,84.0,100.0,893
2024-03-23T05:42:07.000000+00:00,235.5,49.9,235.6,49.9,228.9,49.9,5.6,1290.0,1000.0,78.0,43.0,84.0,100.0,893
2024-03-23T05:43:07.000000+00:00,235.9,50.1,236.0,50.1,228.9,50.1,5.6,1290.0,1000.0,78.0,43.0,83.9,100.0,893
2024-03-23T05:44:07.000000+00:00,236.3,50.1,236.3,50.1,228.9,50.1,5.6,1280.0,1000.0,78.0,43.0,83.9,100.0,893
2024-03-23T05:45:07.000000+00:00,233.8,49.7,233.8,49.7,228.9,49.7,5.7,1300.0,1000.0,77.0,43.0,83.9,100.0,893
2024-03-23T05:46:07.000000+00:00,234.3,49.8,234.3,49.8,228.9,49.8,5.7,1300.0,1010.0,78.0,43.0,83.9,100.0,893
2024-03-23T05:47:07.000000+00:00,234.3,49.8,234.3,49.8,228.9,49.8,5.7,1310.0,1010.0,77.0,44.0,83.9,100.0,893
2024-03-23T05:48:07.000000+00:00,233.9,49.9,233.9,49.9,228.9,49.9,5.6,1290.0,1000.0,78.0,43.0,84.1,100.0,893
2024-03-23T05:49:07.000000+00:00,232.4,49.9,232.4,49.9,228.9,49.9,5.7,1290.0,1000.0,78.0,43.0,84.2,100.0,893
2024-03-23T05:50:07.000000+00:00,232.6,49.8,233.6,49.8,228.9,49.8,5.7,1290.0,1000.0,78.0,43.0,84.3,100.0,893
2024-03-23T05:51:07.000000+00:00,232.7,49.8,231.8,49.8,228.9,49.8,5.7,1300.0,1010.0,78.0,44.0,84.3,100.0,893
2024-03-23T05:52:07.000000+00:00,232.6,50.0,232.6,50.0,228.9,50.0,5.6,1290.0,1000.0,78.0,43.0,84.4,100.0,893
2024-03-23T05:53:07.000000+00:00,232.0,50.0,232.5,50.0,228.9,50.0,5.6,1280.0,1000.0,78.0,43.0,84.4,100.0,893
2024-03-23T05:54:07.000000+00:00,233.5,50.1,233.5,50.1,228.9,50.1,5.6,1290.0,1000.0,78.0,43.0,84.2,100.0,893
2024-03-23T05:55:07.000000+00:00,234.2,50.2,233.8,50.2,228.9,50.2,5.6,1280.0,1000.0,78.0,43.0,84.1,100.0,893
2024-03-23T05:56:07.000000+00:00,234.9,50.1,234.5,50.1,228.9,50.1,5.6,1280.0,990.0,77.0,43.0,84.1,100.0,893
2024-03-23T05:57:07.000000+00:00,234.0,50.0,233.9,50.0,228.9,50.0,5.6,1290.0,1000.0,78.0,43.0,84.0,100.0,893
2024-03-23T05:58:07.000000+00:00,233.7,50.0,233.7,50.0,228.9,50.0,5.6,1290.0,1000.0,78.0,43.0,84.0,100.0,893
2024-03-23T05:59:07.000000+00:00,233.4,50.0,233.4,50.0,228.9,50.0,5.6,1290.0,1010.0,78.0,43.0,83.9,100.0,893
2024-03-23T06:00:07.000000+00:00,233.0,50.1,233.0,50.1,228.9,50.1,5.6,1290.0,1000.0,78.0,43.0,83.9,100.0,893
2024-03-23T06:01:07.000000+00:00,233.8,49.9,233.8,49.9,228.9,49.9,5.6,1290.0,1000.0,78.0,43.0,83.9,100.0,893
2024-03-23T06:02:07.000000+00:00,234.1,50.0,234.1,50.0,228.9,50.0,5.6,1290.0,1000.0,78.0,43.0,83.9,100.0,893
2024-03-23T06:03:07.000000+00:00,234.4,50.0,234.4,50.0,228.9,50.0,5.6,1290.0,1010.0,78.0,43.0,84.1,100.0,893
2024-03-23T06:04:07.000000+00:00,234.7,49.9,234.7,49.9,228.9,49.9,5.6,1290.0,1000.0,78.0,43.0,84.2,100.0,893
2024-03-23T06:05:07.000000+00:00,233.6,49.8,233.6,49.8,228.9,49.8,5.6,1290.0,1000.0,78.0,43.0,84.3,100.0,893
2024-03-23T06:06:07.000000+00:00,233.1,49.8,233.0,49.8,228.9,49.8,5.7,1300.0,1010.0,78.0,43.0,84.3,100.0,893
2024-03-23T06:07:07.000000+00:00,233.5,49.7,233.5,49.7,228.9,49.7,5.7,1300.0,1000.0,77.0,44.0,84.4,100.0,893
2024-03-23T06:08:07.000000+00:00,232.6,49.8,233.0,49.8,228.9,49.8,5.7,1300.0,1010.0,78.0,43.0,84.4,100.0,893
2024-03-23T06:09:07.000000+00:00,233.6,50.0,233.2,50.0,228.9,50.0,5.6,1280.0,1000.0,78.0,43.0,84.2,100.0,893
2024-03-23T06:10:07.000000+00:00,233.0,50.0,233.0,50.0,228.9,50.0,5.6,1280.0,1000.0,78.0,43.0,84.2,100.0,893
2024-03-23T06:11:07.000000+00:00,232.4,50.0,232.4,50.0,228.9,50.0,5.6,1290.0,1000.0,78.0,43.0,84.1,100.0,893
2024-03-23T06:12:07.000000+00:00,232.6,50.2,233.0,50.2,228.9,50.2,5.6,1280.0,1000.0,78.0,42.0,84.0,100.0,893
2024-03-23T06:13:07.000000+00:00,232.4,50.2,232.4,50.2,228.9,50.2,5.6,1270.0,990.0,78.0,42.0,84.0,100.0,893
2024-03-23T06:14:07.000000+00:00,233.2,50.2,233.2,50.2,228.9,50.2,5.6,1290.0,1010.0,78.0,42.0,83.9,100.0,893
2024-03-23T06:15:07.000000+00:00,233.8,50.3,233.9,50.3,228.9,50.3,5.6,1280.0,1000.0,78.0,42.0,83.9,100.0,893
2024-03-23T06:16:07.000000+00:00,234.0,50.3,233.4,50.3,228.9,50.3,5.5,1270.0,990.0,78.0,43.0,83.9,100.0,893
2024-03-23T06:17:07.000000+00:00,233.4,50.2,233.4,50.2,228.9,50.2,5.6,1280.0,1000.0,78.0,43.0,83.9,100.0,893
2024-03-23T06:18:07.000000+00:00,234.4,50.3,234.4,50.3,228.9,50.3,5.6,1280.0,1000.0,78.0,43.0,84.1,100.0,893
2024-03-23T06:19:07.000000+00:00,233.5,50.3,233.5,50.3,228.9,50.3,5.6,1270.0,1000.0,79.0,42.0,84.2,100.0,893
2024-03-23T06:20:07.000000+00:00,234.3,50.3,234.3,50.3,228.9,50.3,5.5,1270.0,1000.0,79.0,42.0,84.3,100.0,893
2024-03-23T06:21:07.000000+00:00,233.3,50.3,234.3,50.3,228.9,50.3,5.5,1270.0,990.0,78.0,43.0,84.3,100.0,893
2024-03-23T06:22:07.000000+00:00,234.2,50.2,233.7,50.2,228.9,50.2,5.6,1280.0,1000.0,78.0,43.0,84.4,100.0,893
2024-03-23T06:23:07.000000+00:00,233.0,50.2,233.0,50.2,228.9,50.2,5.6,1270.0,990.0,78.0,43.0,84.4,100.0,893
2024-03-23T06:24:07.000000+00:00,232.3,50.2,232.3,50.2,228.9,50.2,5.6,1270.0,1000.0,79.0,43.0,84.3,100.0,893
2024-03-23T06:25:07.000000+00:00,233.1,50.3,233.1,50.3,228.9,50.2,5.6,1290.0,1010.0,78.0,43.0,84.2,100.0,893
2024-03-23T06:26:07.000000+00:00,231.9,50.2,231.9,50.2,228.9,50.2,5.6,1280.0,1000.0,78.0,43.0,84.1,100.0,893
2024-03-23T06:27:07.000000+00:00,231.2,49.9,231.2,49.9,228.9,49.9,5.6,1300.0,1000.0,77.0,43.0,84.1,100.0,893
2024-03-23T06:28:07.000000+00:00,232.2,49.8,232.6,49.8,228.9,49.8,5.7,1300.0,1000.0,77.0,43.0,84.0,100.0,893
2024-03-23T06:29:07.000000+00:00,232.5,49.8,232.5,49.8,228.9,49.8,5.7,1310.0,1010.0,77.0,43.0,84.0,100.0,893
2024-03-23T06:30:07.000000+00:00,231.8,49.8,231.7,49.8,228.9,49.8,5.7,1300.0,1010.0,78.0,43.0,83.9,100.0,893
2024-03-23T06:31:07.000000+00:00,232.5,49.7,232.6,49.7,228.9,49.7,5.7,1300.0,1010.0,78.0,43.0,83.9,100.0,893
2024-03-23T06:32:07.000000+00:00,233.3,49.9,233.1,49.9,228.9,49.9,5.6,1300.0,1010.0,78.0,43.0,83.9,100.0,893
2024-03-23T06:33:07.000000+00:00,232.4,49.7,232.4,49.7,228.9,49.7,5.7,1300.0,1000.0,77.0,44.0,83.9,100.0,893
2024-03-23T06:34:07.000000+00:00,233.0,49.8,233.0,49.8,228.9,49.8,5.7,1300.0,1000.0,77.0,43.0,84.0,100.0,893
2024-03-23T06:35:07.000000+00:00,232.5,49.7,231.7,49.7,228.9,49.7,5.7,1310.0,1010.0,77.0,43.0,84.2,100.0,893
2024-03-23T06:36:08.000000+00:00,235.1,49.7,235.1,49.7,228.9,49.7,5.7,1300.0,1000.0,77.0,43.0,84.3,100.0,893
2024-03-23T06:37:08.000000+00:00,236.1,49.7,236.1,49.7,228.9,49.7,5.7,1310.0,1010.0,77.0,44.0,84.3,100.0,893
2024-03-23T06:38:08.000000+00:00,235.3,49.6,235.2,49.6,228.9,49.6,5.7,1300.0,1000.0,77.0,44.0,84.4,100.0,893
2024-03-23T06:39:08.000000+00:00,235.0,49.6,235.0,49.6,228.9,49.6,5.7,1310.0,1010.0,78.0,44.0,84.4,100.0,893
2024-03-23T06:40:08.000000+00:00,234.9,49.7,234.9,49.7,228.9,49.7,5.7,1300.0,1000.0,77.0,44.0,84.3,100.0,893
2024-03-23T06:41:08.000000+00:00,234.5,49.7,234.5,49.7,228.9,49.7,5.7,1300.0,1010.0,78.0,43.0,84.2,100.0,893
2024-03-23T06:42:08.000000+00:00,235.4,49.7,235.5,49.7,228.9,49.7,5.7,1310.0,1010.0,77.0,43.0,84.1,100.0,893
2024-03-23T06:43:08.000000+00:00,234.3,49.6,234.2,49.6,228.9,49.6,5.7,1310.0,1010.0,77.0,44.0,84.1,100.0,893
2024-03-23T06:44:08.000000+00:00,234.3,49.7,234.3,49.7,228.9,49.7,5.7,1300.0,1000.0,77.0,43.0,84.0,100.0,893
2024-03-23T06:45:08.000000+00:00,235.0,49.8,234.5,49.8,228.9,49.8,5.7,1300.0,1000.0,77.0,43.0,84.0,100.0,893
2024-03-23T06:46:08.000000+00:00,234.5,49.8,234.5,49.8,228.9,49.8,5.7,1300.0,1010.0,78.0,43.0,83.9,100.0,893
2024-03-23T06:47:08.000000+00:00,235.8,49.8,235.8,49.8,228.9,49.8,5.7,1300.0,1010.0,78.0,43.0,83.9,100.0,893
2024-03-23T06:48:08.000000+00:00,235.5,49.8,236.0,49.8,228.9,49.8,5.7,1300.0,1010.0,78.0,44.0,83.9,100.0,893
2024-03-23T06:49:08.000000+00:00,236.8,49.8,236.4,49.8,228.9,49.8,5.6,1290.0,1000.0,78.0,43.0,84.0,100.0,893
2024-03-23T06:50:08.000000+00:00,237.2,49.9,236.7,49.9,228.9,49.9,5.6,1290.0,1000.0,78.0,43.0,84.1,100.0,893
2024-03-23T06:51:08.000000+00:00,236.8,50.0,237.2,50.0,228.9,50.0,5.6,1280.0,1000.0,78.0,43.0,84.3,100.0,893
2024-03-23T06:52:08.000000+00:00,237.5,50.1,237.6,50.1,228.9,50.1,5.6,1280.0,1000.0,78.0,43.0,84.3,100.0,893
2024-03-23T06:53:08.000000+00:00,237.3,50.0,237.3,50.0,228.9,50.0,5.6,1290.0,1010.0,78.0,43.0,84.3,100.0,893
2024-03-23T06:54:08.000000+00:00,238.0,50.0,238.5,50.0,228.9,50.0,5.6,1290.0,1000.0,78.0,43.0,84.4,100.0,893
2024-03-23T06:55:08.000000+00:00,237.2,50.1,238.1,50.1,228.9,50.1,5.6,1290.0,1000.0,78.0,43.0,84.3,100.0,893
2024-03-23T06:56:08.000000+00:00,237.6,50.1,238.1,50.1,228.9,50.1,5.6,1280.0,1000.0,78.0,43.0,84.2,100.0,893
2024-03-23T06:57:08.000000+00:00,238.4,50.1,238.3,50.1,228.9,50.1,5.6,1290.0,1000.0,78.0,43.0,84.1,100.0,893
2024-03-23T06:58:08.000000+00:00,237.7,50.2,238.1,50.2,228.9,50.2,5.6,1280.0,1000.0,78.0,43.0,84.0,100.0,893
2024-03-23T06:59:08.000000+00:00,237.3,50.2,237.6,50.2,228.9,50.2,5.6,1290.0,1010.0,78.0,42.0,84.0,100.0,893
2024-03-23T07:00:08.000000+00:00,239.0,50.2,238.0,50.2,228.9,50.2,5.6,1270.0,990.0,78.0,43.0,84.0,100.0,893
2024-03-23T07:01:08.000000+00:00,238.1,50.0,238.4,50.0,228.9,50.0,5.6,1280.0,1000.0,78.0,43.0,83.9,100.0,893
2024-03-23T07:02:08.000000+00:00,237.7,50.0,238.6,50.0,228.9,50.0,5.6,1280.0,1000.0,78.0,43.0,83.9,100.0,893
2024-03-23T07:03:08.000000+00:00,237.8,50.0,238.6,50.0,228.9,50.0,5.6,1290.0,1000.0,78.0,43.0,83.9,100.0,893
2024-03-23T07:04:08.000000+00:00,237.9,50.0,237.9,50.0,228.9,50.0,5.6,1290.0,1000.0,78.0,43.0,84.0,100.0,893
2024-03-23T07:05:08.000000+00:00,238.5,50.1,238.5,50.1,228.9,50.1,5.6,1290.0,1000.0,78.0,43.0,84.1,100.0,893
2024-03-23T07:06:08.000000+00:00,237.4,49.9,237.4,49.9,228.9,49.9,5.6,1280.0,1000.0,78.0,43.0,84.3,100.0,893
2024-03-23T07:07:08.000000+00:00,238.1,50.1,238.1,50.1,228.9,50.1,5.6,1280.0,1000.0,78.0,43.0,84.3,100.0,893
2024-03-23T07:08:08.000000+00:00,238.5,50.2,237.3,50.2,228.9,50.2,5.6,1280.0,1000.0,78.0,43.0,84.4,100.0,893
2024-03-23T07:09:08.000000+00:00,239.1,50.3,238.7,50.3,228.9,50.3,5.5,1260.0,990.0,79.0,43.0,84.4,100.0,893
2024-03-23T07:10:08.000000+00:00,238.3,50.3,238.4,50.2,228.9,50.3,5.6,1280.0,1000.0,78.0,43.0,84.3,100.0,893
2024-03-23T07:11:08.000000+00:00,237.1,50.3,237.1,50.3,228.9,50.3,5.6,1280.0,1000.0,78.0,43.0,84.2,100.0,893
2024-03-23T07:12:08.000000+00:00,237.8,50.2,237.8,50.2,228.9,50.2,5.6,1280.0,1000.0,78.0,43.0,84.1,100.0,893
2024-03-23T07:13:08.000000+00:00,238.8,50.2,238.5,50.2,228.9,50.2,5.6,1280.0,1000.0,78.0,43.0,84.0,100.0,893
2024-03-23T07:14:08.000000+00:00,238.2,50.2,239.1,50.2,228.9,50.2,5.6,1280.0,1000.0,78.0,42.0,84.0,100.0,893
2024-03-23T07:15:08.000000+00:00,238.8,50.3,238.8,50.3,228.9,50.3,5.6,1270.0,1000.0,79.0,43.0,83.9,100.0,893
2024-03-23T07:16:08.000000+00:00,237.9,50.1,238.4,50.1,228.9,50.1,5.6,1280.0,990.0,77.0,43.0,83.9,100.0,893
2024-03-23T07:17:08.000000+00:00,239.0,50.1,239.4,50.1,228.9,50.1,5.6,1280.0,1000.0,78.0,43.0,83.9,100.0,893
2024-03-23T07:18:08.000000+00:00,238.8,50.2,239.2,50.2,228.9,50.2,5.6,1290.0,1010.0,78.0,43.0,83.9,100.0,893
2024-03-23T07:19:08.000000+00:00,239.2,50.1,238.2,50.1,228.9,50.1,5.6,1280.0,1000.0,78.0,43.0,84.1,100.0,893
2024-03-23T07:20:08.000000+00:00,239.0,50.2,239.0,50.2,228.9,50.2,5.6,1280.0,1000.0,78.0,43.0,84.2,100.0,893
2024-03-23T07:21:08.000000+00:00,239.4,50.3,239.4,50.3,228.9,50.3,5.6,1270.0,990.0,78.0,43.0,84.3,100.0,893
2024-03-23T07:22:08.000000+00:00,239.0,50.3,239.0,50.3,228.9,50.3,5.6,1280.0,1000.0,78.0,43.0,84.3,100.0,893
2024-03-23T07:23:08.000000+00:00,239.5,50.4,239.6,50.4,228.9,50.4,5.6,1280.0,1000.0,78.0,42.0,84.4,100.0,893
2024-03-23T07:24:08.000000+00:00,239.8,50.3,238.8,50.3,228.9,50.3,5.6,1280.0,1000.0,78.0,42.0,84.4,100.0,893
2024-03-23T07:25:09.000000+00:00,239.7,50.3,239.1,50.3,228.9,50.3,5.5,1270.0,1000.0,79.0,42.0,84.3,100.0,893
2024-03-23T07:26:09.000000+00:00,235.9,50.2,236.4,50.2,228.9,50.2,5.6,1280.0,1000.0,78.0,43.0,84.2,100.0,893
2024-03-23T07:27:09.000000+00:00,235.9,50.3,236.3,50.3,228.9,50.3,5.6,1280.0,1000.0,78.0,43.0,84.1,100.0,893
2024-03-23T07:28:09.000000+00:00,236.1,50.4,236.6,50.4,228.9,50.4,5.5,1270.0,990.0,78.0,42.0,84.0,100.0,893
2024-03-23T07:29:09.000000+00:00,235.7,50.3,236.8,50.3,228.9,50.3,5.5,1270.0,990.0,78.0,42.0,84.0,100.0,893
2024-03-23T07:30:09.000000+00:00,237.1,50.3,237.2,50.3,228.9,50.3,5.6,1280.0,1000.0,78.0,43.0,83.9,100.0,893
2024-03-23T07:31:09.000000+00:00,236.4,50.2,236.4,50.2,228.9,50.2,5.5,1270.0,990.0,78.0,43.0,83.9,100.0,893
2024-03-23T07:32:09.000000+00:00,236.6,50.2,236.6,50.2,228.9,50.2,5.6,1280.0,1000.0,78.0,43.0,83.9,100.0,893
2024-03-23T07:33:09.000000+00:00,237.3,50.2,237.4,50.2,228.9,50.2,5.6,1290.0,1010.0,78.0,43.0,84.0,100.0,893
2024-03-23T07:34:09.000000+00:00,236.7,50.1,236.3,50.1,228.9,50.1,5.6,1280.0,1000.0,78.0,43.0,84.2,100.0,893
2024-03-23T07:35:09.000000+00:00,236.5,50.2,236.5,50.2,228.9,50.2,5.6,1270.0,990.0,78.0,43.0,84.2,100.0,893
2024-03-23T07:36:09.000000+00:00,237.4,50.2,236.6,50.2,228.9,50.2,5.6,1280.0,990.0,77.0,43.0,84.3,100.0,893
2024-03-23T07:37:09.000000+00:00,237.3,50.2,236.3,50.2,228.9,50.2,5.6,1290.0,1010.0,78.0,43.0,84.3,100.0,893
2024-03-23T07:38:09.000000+00:00,236.1,50.2,236.5,50.2,228.9,50.2,5.6,1280.0,1000.0,78.0,43.0,84.4,100.0,893
2024-03-23T07:39:09.000000+00:00,235.9,50.0,235.9,50.0,228.9,50.0,5.6,1280.0,1000.0,78.0,43.0,84.4,100.0,893
2024-03-23T07:40:09.000000+00:00,235.6,49.9,235.3,49.9,228.9,49.9,5.6,1290.0,1000.0,78.0,43.0,84.2,100.0,893
2024-03-23T07:41:09.000000+00:00,235.1,49.7,235.1,49.7,228.9,49.7,5.7,1310.0,1010.0,77.0,44.0,84.1,100.0,893
2024-03-23T07:42:09.000000+00:00,236.3,49.9,235.7,49.9,228.9,49.9,5.7,1290.0,1000.0,78.0,43.0,84.0,100.0,893
2024-03-23T07:43:09.000000+00:00,236.6,50.0,236.5,50.0,228.9,50.0,5.6,1290.0,1000.0,78.0,43.0,84.0,100.0,893
2024-03-23T07:44:09.000000+00:00,237.4,50.2,237.9,50.2,228.9,50.2,5.6,1280.0,1000.0,78.0,43.0,83.9,100.0,893
2024-03-23T07:45:09.000000+00:00,237.7,50.0,238.3,50.0,228.9,50.0,5.6,1290.0,1000.0,78.0,43.0,83.9,100.0,893
2024-03-23T07:46:09.000000+00:00,237.4,50.0,237.4,50.0,228.9,50.0,5.6,1290.0,1000.0,78.0,43.0,83.9,100.0,893
2024-03-23T07:47:09.000000+00:00,237.5,50.0,237.1,50.0,228.9,50.0,5.6,1280.0,1000.0,78.0,43.0,83.9,100.0,893
2024-03-23T07:48:09.000000+00:00,237.2,49.8,237.2,49.8,228.9,49.8,5.7,1310.0,1010.0,77.0,43.0,84.1,100.0,893
2024-03-23T07:49:09.000000+00:00,236.7,49.9,236.7,49.9,228.9,49.9,5.7,1300.0,1010.0,78.0,43.0,84.2,100.0,893
2024-03-23T07:50:09.000000+00:00,236.7,49.8,236.7,49.8,228.9,49.8,5.7,1300.0,1000.0,77.0,43.0,84.3,100.0,893
2024-03-23T07:51:09.000000+00:00,235.5,49.8,235.4,49.8,228.9,49.8,5.6,1300.0,1010.0,78.0,43.0,84.3,100.0,893
2024-03-23T07:52:09.000000+00:00,235.5,49.8,235.6,49.8,228.9,49.8,5.6,1290.0,1000.0,78.0,43.0,84.4,100.0,893
2024-03-23T07:53:09.000000+00:00,235.7,50.1,235.7,50.1,228.9,50.1,5.6,1280.0,990.0,77.0,43.0,84.3,100.0,893
2024-03-23T07:54:09.000000+00:00,235.4,50.1,235.4,50.1,228.9,50.1,5.6,1280.0,1000.0,78.0,43.0,84.2,100.0,893
2024-03-23T07:55:09.000000+00:00,234.8,49.9,235.6,49.9,228.9,49.9,5.6,1290.0,1000.0,78.0,43.0,84.2,100.0,893
2024-03-23T07:56:09.000000+00:00,235.6,49.9,235.6,49.9,228.9,49.9,5.7,1300.0,1010.0,78.0,43.0,84.1,100.0,893
2024-03-23T07:57:09.000000+00:00,235.0,50.1,235.8,50.1,228.9,50.1,5.6,1290.0,1000.0,78.0,43.0,84.0,100.0,893
2024-03-23T07:58:09.000000+00:00,235.6,50.0,235.6,50.0,228.9,50.0,5.6,1280.0,990.0,77.0,43.0,83.9,100.0,893
2024-03-23T07:59:09.000000+00:00,235.6,49.9,235.6,49.9,228.9,49.9,5.6,1290.0,1000.0,78.0,43.0,83.9,100.0,893
2024-03-23T08:00:09.000000+00:00,236.4,50.0,236.4,50.0,228.9,50.0,5.6,1290.0,1000.0,78.0,43.0,83.9,100.0,893
2024-03-23T08:01:09.000000+00:00,236.0,49.8,236.0,49.8,228.9,49.8,5.6,1290.0,1000.0,78.0,43.0,83.9,100.0,893
2024-03-23T08:02:09.000000+00:00,236.8,50.0,236.2,50.0,228.9,50.0,5.6,1290.0,1000.0,78.0,43.0,84.1,100.0,893
2024-03-23T08:03:09.000000+00:00,236.5,49.8,236.5,49.8,228.9,49.8,5.7,1300.0,1000.0,77.0,43.0,84.2,100.0,893
2024-03-23T08:04:09.000000+00:00,237.1,49.8,237.1,49.8,228.9,49.8,5.6,1290.0,1000.0,78.0,43.0,84.3,100.0,893
2024-03-23T08:05:09.000000+00:00,237.5,50.1,237.5,50.1,228.9,50.1,5.6,1280.0,1000.0,78.0,43.0,84.3,100.0,893
2024-03-23T08:06:09.000000+00:00,237.8,49.9,237.1,49.9,228.9,49.9,5.6,1290.0,1000.0,78.0,43.0,84.4,100.0,893
2024-03-23T08:07:09.000000+00:00,236.6,50.0,236.6,50.0,228.9,50.0,5.6,1290.0,1000.0,78.0,43.0,84.4,100.0,893
2024-03-23T08:08:09.000000+00:00,236.3,50.1,237.3,50.1,228.9,50.1,5.6,1280.0,1000.0,78.0,43.0,84.2,100.0,893
2024-03-23T08:09:09.000000+00:00,236.7,49.9,236.7,49.9,228.9,49.9,5.6,1290.0,1000.0,78.0,43.0,84.2,100.0,893
2024-03-23T08:10:09.000000+00:00,236.1,50.1,235.9,50.1,228.9,50.1,5.6,1290.0,1000.0,78.0,43.0,84.1,100.0,893
2024-03-23T08:11:09.000000+00:00,235.9,50.1,235.8,50.1,228.9,50.1,5.6,1290.0,1010.0,78.0,43.0,84.0,100.0,893
2024-03-23T08:12:09.000000+00:00,237.1,50.2,238.2,50.2,228.9,50.2,5.6,1280.0,1000.0,78.0,43.0,84.0,100.0,893
2024-03-23T08:13:09.000000+00:00,235.9,49.9,236.8,49.9,228.9,49.9,5.6,1290.0,1000.0,78.0,43.0,83.9,100.0,893
2024-03-23T08:14:09.000000+00:00,236.9,50.0,236.6,50.0,228.9,50.0,5.6,1290.0,1000.0,78.0,43.0,83.9,100.0,893
2024-03-23T08:15:09.000000+00:00,236.9,50.0,236.5,50.0,228.9,50.0,5.6,1280.0,1000.0,78.0,43.0,83.9,100.0,893
2024-03-23T08:16:09.000000+00:00,235.6,50.1,236.1,50.1,228.9,50.1,5.6,1280.0,1000.0,78.0,43.0,83.9,100.0,893
2024-03-23T08:17:09.000000+00:00,235.9,50.0,235.9,50.0,228.9,50.0,5.6,1280.0,1000.0,78.0,43.0,83.8,100.0,893
2024-03-23T08:18:09.000000+00:00,236.3,49.8,236.3,49.8,228.9,49.8,5.6,1290.0,1000.0,78.0,43.0,84.0,100.0,893
2024-03-23T08:19:09.000000+00:00,235.9,49.9,235.9,49.9,228.9,49.9,5.6,1290.0,1000.0,78.0,43.0,84.2,100.0,893
2024-03-23T08:20:09.000000+00:00,235.1,50.0,235.1,50.0,228.9,50.0,5.6,1290.0,1000.0,78.0,43.0,84.3,100.0,893
2024-03-23T08:21:09.000000+00:00,235.1,49.8,234.6,49.8,228.9,49.8,5.6,1290.0,1000.0,78.0,43.0,84.3,100.0,893
2024-03-23T08:22:09.000000+00:00,234.9,49.8,234.9,49.8,228.9,49.8,5.7,1300.0,1010.0,78.0,43.0,84.4,100.0,893
2024-03-23T08:23:09.000000+00:00,234.0,49.8,234.0,49.8,228.9,49.8,5.7,1300.0,1010.0,78.0,43.0,84.4,100.0,893
2024-03-23T08:24:09.000000+00:00,233.3,49.7,234.3,49.7,228.9,49.7,5.7,1300.0,1010.0,78.0,44.0,84.3,100.0,893
2024-03-23T08:25:10.000000+00:00,233.9,49.8,234.4,49.8,228.9,49.8,5.6,1300.0,1000.0,77.0,43.0,84.2,100.0,893
2024-03-23T08:26:10.000000+00:00,234.1,49.7,234.1,49.7,228.9,49.7,5.7,1310.0,1010.0,77.0,44.0,84.1,100.0,893
2024-03-23T08:27:10.000000+00:00,234.8,49.8,234.8,49.8,228.9,49.8,5.7,1300.0,1000.0,77.0,43.0,84.1,100.0,893
2024-03-23T08:28:10.000000+00:00,234.3,49.9,235.2,49.9,228.9,49.9,5.6,1290.0,1000.0,78.0,43.0,84.0,100.0,893
2024-03-23T08:29:10.000000+00:00,234.6,50.0,234.6,50.0,228.9,50.0,5.6,1290.0,1000.0,78.0,43.0,84.0,100.0,893
2024-03-23T08:30:10.000000+00:00,234.2,49.9,234.2,49.9,228.9,49.9,5.6,1290.0,1000.0,78.0,43.0,83.9,100.0,893
2024-03-23T08:31:10.000000+00:00,234.3,50.0,234.3,50.0,228.9,50.0,5.6,1290.0,1000.0,78.0,43.0,83.9,100.0,893
2024-03-23T08:32:10.000000+00:00,234.9,50.0,235.7,50.1,228.9,50.1,5.6,1280.0,1000.0,78.0,43.0,83.9,100.0,893
2024-03-23T08:33:10.000000+00:00,236.0,50.2,234.9,50.2,228.9,50.2,5.6,1290.0,1010.0,78.0,43.0,83.8,100.0,893
2024-03-23T08:34:10.000000+00:00,234.9,50.2,235.2,50.2,228.9,50.2,5.6,1280.0,1000.0,78.0,42.0,83.8,100.0,893
2024-03-23T08:35:10.000000+00:00,236.4,50.1,236.0,50.1,228.9,50.1,5.6,1270.0,990.0,78.0,43.0,83.9,100.0,893
2024-03-23T08:36:10.000000+00:00,237.1,50.2,236.2,50.2,228.9,50.2,5.6,1270.0,990.0,78.0,43.0,84.1,100.0,893
2024-03-23T08:37:10.000000+00:00,235.5,50.2,235.5,50.2,228.9,50.2,5.8,1320.0,1040.0,79.0,42.0,84.2,100.0,893
2024-03-23T08:38:10.000000+00:00,235.1,50.1,235.1,50.1,228.9,50.1,5.6,1280.0,1000.0,78.0,43.0,84.2,100.0,893
2024-03-23T08:39:10.000000+00:00,235.8,50.3,236.8,50.3,228.9,50.3,5.5,1270.0,990.0,78.0,42.0,84.3,100.0,893
2024-03-23T08:40:10.000000+00:00,235.2,50.2,235.2,50.2,228.9,50.2,5.6,1280.0,1000.0,78.0,42.0,84.3,100.0,893
2024-03-23T08:41:10.000000+00:00,235.3,50.3,236.1,50.3,228.9,50.3,5.5,1270.0,990.0,78.0,43.0,84.3,100.0,893
2024-03-23T08:42:10.000000+00:00,236.5,50.3,236.1,50.3,228.9,50.3,5.6,1270.0,1000.0,79.0,43.0,84.2,100.0,893
2024-03-23T08:43:10.000000+00:00,236.0,50.3,235.8,50.3,228.9,50.3,5.5,1270.0,990.0,78.0,43.0,84.1,100.0,893
2024-03-23T08:44:10.000000+00:00,235.8,50.2,235.9,50.2,228.9,50.2,5.6,1280.0,1000.0,78.0,43.0,84.1,100.0,893
2024-03-23T08:45:10.000000+00:00,236.6,50.1,237.2,50.1,228.9,50.1,5.6,1280.0,1000.0,78.0,43.0,84.0,100.0,893
2024-03-23T08:46:10.000000+00:00,237.2,50.2,236.8,50.3,228.9,50.2,5.6,1270.0,990.0,78.0,43.0,84.0,100.0,893
2024-03-23T08:47:10.000000+00:00,236.3,50.3,237.3,50.3,228.9,50.3,5.5,1270.0,990.0,78.0,43.0,83.9,100.0,893
2024-03-23T08:48:10.000000+00:00,236.0,50.2,236.6,50.2,228.9,50.2,5.6,1290.0,1010.0,78.0,43.0,83.9,100.0,893
2024-03-23T08:49:10.000000+00:00,236.4,50.3,236.4,50.3,228.9,50.3,5.5,1260.0,990.0,79.0,42.0,83.9,100.0,893
2024-03-23T08:50:10.000000+00:00,236.9,50.1,236.9,50.1,228.9,50.1,5.6,1280.0,990.0,77.0,43.0,83.9,100.0,893
2024-03-23T08:51:10.000000+00:00,237.5,50.1,237.1,50.1,228.9,50.1,5.6,1280.0,1000.0,78.0,43.0,83.8,100.0,893
2024-03-23T08:52:10.000000+00:00,236.3,50.0,236.3,50.0,228.9,50.0,5.7,1300.0,1010.0,78.0,43.0,83.8,100.0,893
2024-03-23T08:53:10.000000+00:00,236.2,50.1,238.1,50.1,228.9,50.1,5.6,1280.0,1000.0,78.0,43.0,83.8,100.0,893
2024-03-23T08:54:10.000000+00:00,237.3,50.3,237.3,50.3,228.9,50.3,5.6,1280.0,1000.0,78.0,42.0,83.9,100.0,893
2024-03-23T08:55:10.000000+00:00,238.1,50.3,238.1,50.3,228.9,50.3,5.5,1270.0,990.0,78.0,43.0,84.1,100.0,893
2024-03-23T08:56:10.000000+00:00,237.7,50.3,236.6,50.3,228.9,50.3,5.6,1280.0,1000.0,78.0,42.0,84.2,100.0,893
2024-03-23T08:57:10.000000+00:00,238.1,50.2,238.1,50.2,228.9,50.2,5.5,1270.0,990.0,78.0,42.0,84.3,100.0,893
2024-03-23T08:58:10.000000+00:00,238.4,50.2,238.4,50.2,228.9,50.2,5.6,1280.0,1000.0,78.0,43.0,84.3,100.0,893
2024-03-23T08:59:10.000000+00:00,238.7,50.3,237.7,50.3,228.9,50.3,5.5,1270.0,990.0,78.0,43.0,84.3,100.0,893
2024-03-23T09:00:10.000000+00:00,238.0,50.3,239.1,50.3,228.9,50.3,5.6,1280.0,1000.0,78.0,42.0,84.3,100.0,893
2024-03-23T09:01:10.000000+00:00,238.5,50.3,237.9,50.3,228.9,50.3,5.5,1270.0,1000.0,79.0,42.0,84.2,100.0,893
2024-03-23T09:02:10.000000+00:00,238.0,50.2,239.0,50.2,228.9,50.2,5.6,1270.0,990.0,78.0,43.0,84.1,100.0,893
2024-03-23T09:03:10.000000+00:00,238.3,50.0,238.3,50.0,228.9,50.0,5.6,1290.0,1000.0,78.0,43.0,84.1,100.0,893
2024-03-23T09:04:10.000000+00:00,237.9,49.8,237.0,49.8,228.9,49.8,5.7,1300.0,1010.0,78.0,43.0,84.0,100.0,893
2024-03-23T09:05:10.000000+00:00,236.7,49.8,236.7,49.8,228.9,49.8,5.6,1290.0,1000.0,78.0,43.0,84.0,100.0,893
2024-03-23T09:06:10.000000+00:00,238.2,50.0,237.8,50.0,228.9,50.0,5.6,1280.0,1000.0,78.0,43.0,83.9,100.0,893
2024-03-23T09:07:10.000000+00:00,237.6,50.0,237.5,50.0,228.9,50.0,5.6,1280.0,1000.0,78.0,43.0,83.9,100.0,893
2024-03-23T09:08:10.000000+00:00,238.0,50.0,238.0,50.0,228.9,50.0,5.6,1280.0,1000.0,78.0,43.0,83.9,100.0,893
2024-03-23T09:09:10.000000+00:00,238.7,50.1,238.7,50.1,228.9,50.1,5.6,1280.0,1000.0,78.0,43.0,83.8,100.0,893
2024-03-23T09:10:10.000000+00:00,237.7,50.1,238.6,50.1,228.9,50.1,5.6,1280.0,1000.0,78.0,43.0,83.9,100.0,893
2024-03-23T09:11:10.000000+00:00,237.9,49.8,237.9,49.8,228.9,49.8,5.6,1290.0,1000.0,78.0,43.0,83.8,100.0,893
2024-03-23T09:12:10.000000+00:00,238.4,50.0,238.4,50.0,228.9,50.0,5.6,1290.0,1000.0,78.0,43.0,83.8,100.0,893
2024-03-23T09:13:10.000000+00:00,237.8,49.8,237.8,49.8,228.9,49.8,5.7,1300.0,1000.0,77.0,43.0,83.8,100.0,893
2024-03-23T09:14:10.000000+00:00,237.7,49.7,236.7,49.7,228.9,49.7,5.7,1310.0,1010.0,77.0,44.0,83.9,100.0,893
2024-03-23T09:15:10.000000+00:00,237.3,49.7,237.3,49.7,228.9,49.7,5.7,1300.0,1000.0,77.0,43.0,84.1,100.0,893
2024-03-23T09:16:10.000000+00:00,235.6,49.5,235.6,49.5,228.9,49.5,5.7,1300.0,1000.0,77.0,44.0,84.2,100.0,880
2024-03-23T09:17:10.000000+00:00,235.6,49.5,235.6,49.5,228.9,49.5,5.7,1310.0,1010.0,77.0,44.0,84.3,100.0,880
2024-03-23T09:18:10.000000+00:00,236.1,49.9,236.5,49.9,228.9,49.9,5.7,1300.0,1010.0,78.0,43.0,84.3,100.0,880
2024-03-23T09:19:10.000000+00:00,236.6,50.2,236.6,50.2,228.9,50.2,5.6,1280.0,1000.0,78.0,43.0,84.3,100.0,880
2024-03-23T09:20:10.000000+00:00,235.3,50.1,235.4,50.1,228.9,50.1,5.6,1280.0,1000.0,78.0,43.0,84.3,100.0,880
2024-03-23T09:21:10.000000+00:00,235.2,50.1,235.8,50.1,228.9,50.1,5.6,1280.0,990.0,77.0,43.0,84.2,100.0,880
2024-03-23T09:22:10.000000+00:00,235.9,50.3,236.0,50.3,228.9,50.3,5.6,1280.0,1000.0,78.0,43.0,84.1,100.0,880
2024-03-23T09:23:10.000000+00:00,235.5,50.0,235.5,50.1,228.9,50.0,5.6,1290.0,1000.0,78.0,43.0,84.1,100.0,880
2024-03-23T09:24:10.000000+00:00,236.0,50.1,236.0,50.1,228.9,50.1,5.6,1280.0,1000.0,78.0,43.0,84.0,100.0,880
2024-03-23T09:25:10.000000+00:00,235.9,50.1,235.9,50.1,228.9,50.1,5.6,1280.0,1000.0,78.0,43.0,84.0,100.0,880
2024-03-23T09:26:11.000000+00:00,236.0,50.2,236.0,50.2,228.9,50.2,5.6,1280.0,1000.0,78.0,42.0,83.9,100.0,880
2024-03-23T09:27:11.000000+00:00,235.5,50.1,235.5,50.1,228.9,50.1,5.6,1280.0,990.0,77.0,43.0,83.9,100.0,880
2024-03-23T09:28:11.000000+00:00,235.3,50.0,235.3,50.0,228.9,50.0,5.6,1290.0,1000.0,78.0,43.0,83.9,100.0,880
2024-03-23T09:29:11.000000+00:00,236.1,50.3,236.1,50.3,228.9,50.2,5.6,1280.0,1000.0,78.0,43.0,83.9,100.0,880
2024-03-23T09:30:11.000000+00:00,236.5,50.2,236.5,50.2,228.9,50.2,5.6,1280.0,1000.0,78.0,43.0,83.8,100.0,880
2024-03-23T09:31:11.000000+00:00,236.1,50.1,235.9,50.1,228.9,50.1,5.6,1280.0,990.0,77.0,43.0,83.8,100.0,880
2024-03-23T09:32:11.000000+00:00,237.9,50.3,237.9,50.3,228.9,50.3,5.6,1270.0,1000.0,79.0,42.0,83.8,100.0,880
2024-03-23T09:33:11.000000+00:00,237.5,50.3,237.5,50.3,228.9,50.3,5.5,1260.0,990.0,79.0,42.0,83.8,100.0,880
2024-03-23T09:34:11.000000+00:00,240.7,50.4,240.7,50.4,228.9,50.4,5.5,1270.0,1000.0,79.0,42.0,83.8,100.0,880
2024-03-23T09:35:11.000000+00:00,239.1,50.2,239.1,50.2,228.9,50.2,5.6,1280.0,990.0,77.0,43.0,84.0,100.0,880
2024-03-23T09:36:11.000000+00:00,238.8,50.1,238.9,50.1,228.9,50.1,5.6,1280.0,1000.0,78.0,43.0,84.2,100.0,880
2024-03-23T09:37:11.000000+00:00,238.5,50.2,239.1,50.2,228.9,50.2,5.6,1270.0,990.0,78.0,43.0,84.3,100.0,880
2024-03-23T09:38:11.000000+00:00,238.8,50.2,239.8,50.2,228.9,50.2,5.6,1270.0,990.0,78.0,43.0,84.3,100.0,880
2024-03-23T09:39:11.000000+00:00,240.4,50.3,239.4,50.3,228.9,50.3,5.6,1270.0,1000.0,79.0,43.0,84.3,100.0,880
2024-03-23T09:40:11.000000+00:00,239.9,50.2,238.8,50.2,228.9,50.2,5.6,1280.0,1000.0,78.0,42.0,84.3,100.0,880
2024-03-23T09:41:11.000000+00:00,240.1,50.3,240.0,50.3,228.9,50.3,5.6,1280.0,1000.0,78.0,43.0,84.2,100.0,880
2024-03-23T09:42:11.000000+00:00,239.4,50.1,240.3,50.1,228.9,50.1,5.6,1290.0,1000.0,78.0,43.0,84.1,100.0,880
2024-03-23T09:43:11.000000+00:00,239.8,50.3,239.8,50.3,228.9,50.3,5.6,1280.0,1000.0,78.0,43.0,84.1,100.0,880
2024-03-23T09:44:11.000000+00:00,239.3,50.3,239.3,50.3,228.9,50.3,5.6,1280.0,1000.0,78.0,42.0,84.0,100.0,880
2024-03-23T09:45:11.000000+00:00,239.3,50.1,239.3,50.1,228.9,50.1,5.6,1270.0,990.0,78.0,43.0,84.0,100.0,880
2024-03-23T09:46:11.000000+00:00,239.5,50.0,239.5,50.0,228.9,50.0,5.6,1290.0,1000.0,78.0,43.0,83.9,100.0,880
2024-03-23T09:47:11.000000+00:00,239.1,49.8,239.3,49.8,228.9,49.8,5.6,1300.0,1000.0,77.0,43.0,83.9,100.0,880
2024-03-23T09:48:11.000000+00:00,238.0,49.9,238.6,49.9,228.9,49.9,5.7,1300.0,1010.0,78.0,43.0,83.9,100.0,880
2024-03-23T09:49:11.000000+00:00,238.4,49.9,238.4,49.9,228.9,49.9,5.6,1290.0,1000.0,78.0,43.0,83.9,100.0,880
2024-03-23T09:50:11.000000+00:00,239.0,49.6,239.0,49.6,228.9,49.6,5.7,1310.0,1010.0,77.0,43.0,83.9,100.0,880
2024-03-23T09:51:11.000000+00:00,238.0,49.8,238.0,49.8,228.9,49.8,5.6,1290.0,1000.0,78.0,43.0,83.8,100.0,880
2024-03-23T09:52:11.000000+00:00,239.7,49.9,240.1,50.0,228.9,50.0,5.6,1290.0,1000.0,78.0,43.0,83.8,100.0,880
2024-03-23T09:53:11.000000+00:00,240.3,49.9,239.4,49.9,228.9,49.9,5.6,1280.0,990.0,77.0,43.0,83.8,100.0,880
2024-03-23T09:54:11.000000+00:00,239.2,49.9,239.2,49.9,228.9,49.9,5.6,1280.0,1000.0,78.0,43.0,83.8,100.0,880
2024-03-23T09:55:11.000000+00:00,238.0,50.1,237.9,50.1,228.9,50.1,5.6,1280.0,1000.0,78.0,43.0,83.8,100.0,880
2024-03-23T09:56:11.000000+00:00,237.4,50.1,237.3,50.1,228.9,50.1,5.6,1280.0,990.0,77.0,43.0,83.8,100.0,880
2024-03-23T09:57:11.000000+00:00,237.5,50.2,238.8,50.2,228.9,50.2,5.6,1270.0,990.0,78.0,43.0,84.0,100.0,880
2024-03-23T09:58:11.000000+00:00,238.4,50.1,238.4,50.1,228.9,50.0,5.6,1280.0,1000.0,78.0,43.0,84.1,100.0,880
2024-03-23T09:59:11.000000+00:00,236.9,50.0,236.9,50.0,228.9,50.0,5.6,1280.0,990.0,77.0,43.0,84.2,100.0,880
2024-03-23T10:00:11.000000+00:00,236.7,49.9,236.7,49.9,228.9,49.9,5.6,1290.0,1000.0,78.0,43.0,84.3,100.0,880
2024-03-23T10:01:11.000000+00:00,237.3,49.9,237.2,49.9,228.9,49.9,5.7,1290.0,1000.0,78.0,43.0,84.3,100.0,880
2024-03-23T10:02:11.000000+00:00,238.3,49.9,238.3,49.9,228.9,49.9,5.6,1290.0,1000.0,78.0,43.0,84.3,100.0,880
2024-03-23T10:03:11.000000+00:00,237.1,49.9,238.0,49.9,228.9,49.9,5.7,1300.0,1010.0,78.0,43.0,84.2,100.0,880
2024-03-23T10:04:11.000000+00:00,237.1,49.9,237.6,49.9,228.9,49.9,5.7,1300.0,1010.0,78.0,43.0,84.1,100.0,880
2024-03-23T10:05:11.000000+00:00,236.9,49.9,236.9,49.9,228.9,49.9,5.7,1300.0,1000.0,77.0,43.0,84.1,100.0,880
2024-03-23T10:06:11.000000+00:00,236.8,49.9,236.8,49.9,228.9,49.9,5.6,1290.0,1000.0,78.0,43.0,84.0,100.0,880
2024-03-23T10:07:11.000000+00:00,235.3,49.8,235.3,49.8,228.9,49.8,5.6,1300.0,1000.0,77.0,43.0,84.0,100.0,880
2024-03-23T10:08:11.000000+00:00,237.0,50.0,237.0,50.0,228.9,50.0,5.6,1280.0,1000.0,78.0,43.0,84.0,100.0,880
2024-03-23T10:09:11.000000+00:00,236.5,50.0,236.1,50.0,228.9,50.0,5.6,1290.0,1000.0,78.0,43.0,83.9,100.0,880
2024-03-23T10:10:11.000000+00:00,236.3,50.0,236.3,50.0,228.9,50.0,5.6,1280.0,1000.0,78.0,43.0,83.9,100.0,880
2024-03-23T10:11:11.000000+00:00,235.7,49.9,235.7,49.9,228.9,49.9,5.7,1300.0,1010.0,78.0,43.0,83.9,100.0,880
2024-03-23T10:12:11.000000+00:00,236.1,49.8,236.5,49.8,228.9,49.8,5.7,1290.0,1000.0,78.0,43.0,83.9,100.0,880
2024-03-23T10:13:11.000000+00:00,236.1,49.9,236.1,49.9,228.9,49.9,5.6,1290.0,1000.0,78.0,43.0,83.8,100.0,880
2024-03-23T10:14:11.000000+00:00,237.4,50.0,238.0,50.0,228.9,50.0,5.7,1290.0,1000.0,78.0,43.0,83.8,100.0,880
2024-03-23T10:15:11.000000+00:00,238.0,49.8,237.0,49.8,228.9,49.8,5.7,1300.0,1010.0,78.0,43.0,83.8,100.0,880
2024-03-23T10:16:11.000000+00:00,237.2,49.9,237.4,49.9,228.9,49.9,5.6,1290.0,1000.0,78.0,43.0,83.8,100.0,880
2024-03-23T10:17:11.000000+00:00,238.1,49.9,238.1,49.9,228.9,49.9,5.6,1290.0,1000.0,78.0,43.0,83.8,100.0,880
2024-03-23T10:18:11.000000+00:00,239.0,50.1,239.1,50.1,228.9,50.1,5.6,1280.0,1000.0,78.0,43.0,83.8,100.0,880
2024-03-23T10:19:11.000000+00:00,239.5,50.1,239.5,50.1,228.9,50.1,5.6,1280.0,1000.0,78.0,43.0,83.9,100.0,880
2024-03-23T10:20:11.000000+00:00,237.4,50.0,237.4,49.9,228.9,49.9,5.6,1290.0,1000.0,78.0,43.0,84.1,100.0,880
2024-03-23T10:21:11.000000+00:00,238.3,50.0,238.3,50.0,228.9,50.0,5.6,1290.0,1000.0,78.0,43.0,84.1,100.0,893
2024-03-23T10:22:11.000000+00:00,238.5,50.1,238.0,50.1,228.9,50.1,5.6,1270.0,990.0,78.0,43.0,84.2,100.0,893
2024-03-23T10:23:11.000000+00:00,237.0,50.2,237.9,50.2,228.9,50.2,5.6,1280.0,1000.0,78.0,43.0,84.3,100.0,893
2024-03-23T10:24:12.000000+00:00,238.5,50.3,239.5,50.3,228.9,50.3,5.6,1270.0,1000.0,79.0,42.0,84.3,100.0,893
2024-03-23T10:25:12.000000+00:00,238.2,50.2,238.7,50.2,228.9,50.2,5.6,1280.0,1000.0,78.0,43.0,84.3,100.0,893
2024-03-23T10:26:12.000000+00:00,238.4,50.0,238.9,50.0,228.9,50.0,5.6,1290.0,1000.0,78.0,43.0,84.2,100.0,893
2024-03-23T10:27:12.000000+00:00,239.4,50.2,239.4,50.2,228.9,50.2,5.6,1280.0,1000.0,78.0,42.0,84.1,100.0,893
2024-03-23T10:28:12.000000+00:00,239.3,50.0,239.3,50.0,228.9,50.0,5.6,1280.0,1000.0,78.0,43.0,84.1,100.0,893
2024-03-23T10:29:12.000000+00:00,240.6,49.9,240.1,49.9,228.9,49.9,5.6,1290.0,1000.0,78.0,43.0,84.0,100.0,893
2024-03-23T10:30:12.000000+00:00,240.0,49.9,240.0,49.9,228.9,49.9,5.7,1300.0,1010.0,78.0,43.0,84.0,100.0,893
2024-03-23T10:31:12.000000+00:00,239.8,49.8,239.8,49.8,228.9,49.8,5.7,1300.0,1000.0,77.0,43.0,84.0,100.0,893
2024-03-23T10:32:12.000000+00:00,239.0,49.7,239.0,49.7,228.9,49.7,5.7,1300.0,1000.0,77.0,43.0,84.0,100.0,893
2024-03-23T10:33:12.000000+00:00,239.2,49.7,239.2,49.7,228.9,49.7,5.7,1310.0,1010.0,77.0,43.0,83.9,100.0,893
2024-03-23T10:34:12.000000+00:00,239.2,49.9,239.2,49.9,228.9,49.9,5.7,1300.0,1010.0,78.0,43.0,83.9,100.0,893
2024-03-23T10:35:12.000000+00:00,239.4,49.7,239.4,49.7,228.9,49.7,5.7,1300.0,1000.0,77.0,43.0,83.9,100.0,893
2024-03-23T10:36:12.000000+00:00,238.4,49.7,238.4,49.7,228.9,49.7,5.7,1310.0,1010.0,77.0,43.0,83.9,100.0,893
2024-03-23T10:37:12.000000+00:00,240.1,49.9,240.1,49.9,228.9,49.9,5.6,1290.0,1000.0,78.0,43.0,83.9,100.0,893
2024-03-23T10:38:12.000000+00:00,239.7,49.9,239.7,49.9,228.9,49.9,5.7,1290.0,1000.0,78.0,43.0,83.9,100.0,893
2024-03-23T10:39:12.000000+00:00,239.9,50.1,240.9,50.1,228.9,50.1,5.6,1280.0,1000.0,78.0,43.0,83.8,100.0,893
2024-03-23T10:40:12.000000+00:00,240.2,50.1,240.2,50.1,228.9,50.1,5.6,1280.0,990.0,77.0,43.0,83.8,100.0,893
2024-03-23T10:41:12.000000+00:00,240.8,50.0,240.7,50.0,229.0,50.0,5.6,1290.0,1010.0,78.0,43.0,83.8,100.0,893
2024-03-23T10:42:12.000000+00:00,240.7,50.2,240.3,50.2,228.9,50.2,5.6,1280.0,990.0,77.0,42.0,83.8,100.0,893
2024-03-23T10:43:12.000000+00:00,241.3,50.3,240.6,50.3,228.9,50.3,5.5,1270.0,990.0,78.0,42.0,83.8,100.0,893
2024-03-23T10:44:12.000000+00:00,240.2,50.3,240.8,50.3,228.9,50.3,5.6,1280.0,1000.0,78.0,42.0,83.8,100.0,893
2024-03-23T10:45:12.000000+00:00,237.4,50.3,236.9,50.3,228.9,50.3,5.6,1270.0,1000.0,79.0,43.0,83.8,100.0,893
2024-03-23T10:46:12.000000+00:00,235.2,50.2,235.2,50.2,228.9,50.2,5.6,1280.0,1000.0,78.0,42.0,83.8,100.0,893
2024-03-23T10:47:12.000000+00:00,234.4,50.0,234.3,50.0,228.9,50.0,5.6,1290.0,1000.0,78.0,43.0,83.8,100.0,893
2024-03-23T10:48:12.000000+00:00,235.6,50.2,235.6,50.2,228.9,50.2,5.6,1280.0,990.0,77.0,43.0,84.0,100.0,893
2024-03-23T10:49:12.000000+00:00,236.3,50.4,235.8,50.3,228.9,50.3,5.6,1270.0,1000.0,79.0,43.0,84.1,100.0,893
2024-03-23T10:50:12.000000+00:00,234.8,50.3,234.8,50.3,228.9,50.3,5.6,1280.0,1000.0,78.0,42.0,84.2,100.0,893
2024-03-23T10:51:12.000000+00:00,235.2,50.3,235.7,50.3,228.9,50.3,5.5,1270.0,990.0,78.0,42.0,84.3,100.0,893
2024-03-23T10:52:12.000000+00:00,235.8,50.4,235.8,50.4,228.9,50.4,5.6,1270.0,1000.0,79.0,42.0,84.3,100.0,893
2024-03-23T10:53:12.000000+00:00,235.6,50.4,234.9,50.4,228.9,50.4,5.6,1280.0,1000.0,78.0,43.0,84.3,100.0,893
2024-03-23T10:54:12.000000+00:00,235.6,50.3,235.6,50.3,228.9,50.3,5.6,1280.0,1000.0,78.0,42.0,84.2,100.0,893
2024-03-23T10:55:12.000000+00:00,236.4,50.4,236.4,50.4,228.9,50.4,5.5,1270.0,990.0,78.0,42.0,84.1,100.0,893
2024-03-23T10:56:12.000000+00:00,235.4,50.2,235.4,50.2,228.9,50.2,5.6,1270.0,1000.0,79.0,42.0,84.1,100.0,893
2024-03-23T10:57:12.000000+00:00,236.2,50.1,236.1,50.1,228.9,50.1,5.6,1290.0,1010.0,78.0,43.0,84.0,100.0,893
2024-03-23T10:58:12.000000+00:00,235.7,50.2,236.6,50.2,228.9,50.2,5.6,1280.0,1000.0,78.0,43.0,84.0,100.0,893
2024-03-23T10:59:12.000000+00:00,236.0,50.2,236.0,50.2,228.9,50.2,5.6,1280.0,990.0,77.0,43.0,84.0,100.0,893
2024-03-23T11:00:12.000000+00:00,235.5,50.2,235.5,50.2,228.9,50.2,5.6,1270.0,990.0,78.0,42.0,83.9,100.0,893
2024-03-23T11:01:12.000000+00:00,236.9,50.1,236.9,50.1,228.9,50.1,5.6,1280.0,1000.0,78.0,43.0,83.9,100.0,893
2024-03-23T11:02:12.000000+00:00,236.6,50.2,236.6,50.2,228.9,50.2,5.6,1280.0,990.0,77.0,42.0,83.9,100.0,893
2024-03-23T11:03:12.000000+00:00,236.5,50.3,236.5,50.3,228.9,50.3,5.6,1270.0,990.0,78.0,43.0,83.9,100.0,893
2024-03-23T11:04:12.000000+00:00,236.3,49.9,236.7,49.9,228.9,49.9,5.7,1300.0,1010.0,78.0,43.0,83.9,100.0,893
2024-03-23T11:05:12.000000+00:00,235.0,49.9,235.4,49.9,228.9,49.9,5.6,1290.0,1000.0,78.0,43.0,83.8,100.0,893
2024-03-23T11:06:12.000000+00:00,235.7,49.8,236.3,49.8,228.9,49.8,5.6,1290.0,990.0,77.0,43.0,83.8,100.0,893
2024-03-23T11:07:12.000000+00:00,234.9,49.9,234.9,49.9,228.9,49.9,5.6,1290.0,1000.0,78.0,43.0,83.8,100.0,893
2024-03-23T11:07:38.000000+00:00,236.2,50.0,236.2,50.0,228.9,50.0,5.6,1290.0,1000.0,78.0,43.0,83.7,100.0,893
2024-03-23T11:07:38.000000+00:00,236.2,50.0,236.2,50.0,228.9,50.0,5.6,1290.0,1000.0,78.0,43.0,83.7,100.0,893
2024-03-23T11:07:38.000000+00:00,236.2,50.0,236.2,50.0,228.9,50.0,5.6,1290.0,1000.0,78.0,43.0,83.7,100.0,893
2024-03-23T11:07:39.000000+00:00,236.2,50.0,236.2,50.0,228.9,50.0,5.6,1290.0,1000.0,78.0,43.0,83.7,100.0,893
2024-03-23T11:07:39.000000+00:00,236.2,50.0,236.2,50.0,228.9,50.0,5.6,1290.0,1000.0,78.0,43.0,83.7,100.0,893
2024-03-23T11:07:41.000000+00:00,236.2,50.0,236.2,50.0,228.9,50.0,5.6,1290.0,1000.0,78.0,43.0,83.7,100.0,893
2024-03-23T11:07:42.000000+00:00,236.2,50.0,236.2,50.0,228.9,50.0,5.6,1290.0,1000.0,78.0,42.0,83.7,100.0,893
2024-03-23T11:07:42.000000+00:00,236.2,50.0,236.2,50.0,228.9,50.0,5.6,1290.0,1000.0,78.0,42.0,83.7,100.0,893
2024-03-23T11:07:42.000000+00:00,236.2,50.0,236.2,50.0,228.9,50.0,5.6,1290.0,1000.0,78.0,42.0,83.7,100.0,893
2024-03-23T11:07:42.000000+00:00,236.2,50.0,236.2,50.0,228.9,50.0,5.6,1290.0,1000.0,78.0,42.0,83.7,100.0,893
2024-03-23T11:07:44.000000+00:00,241.9,50.0,241.9,50.0,229.0,50.0,5.7,1290.0,1010.0,78.0,42.0,83.7,100.0,893
2024-03-23T11:07:45.000000+00:00,241.9,50.0,241.9,50.0,229.0,50.0,5.7,1290.0,1010.0,78.0,43.0,83.7,100.0,893
2024-03-23T11:07:47.000000+00:00,241.9,50.0,241.9,50.0,229.0,50.0,5.7,1290.0,1010.0,78.0,43.0,81.6,100.0,889
2024-03-23T11:07:48.000000+00:00,241.9,50.0,241.9,50.0,229.0,50.0,5.7,1290.0,1010.0,78.0,43.0,81.6,100.0,889
2024-03-23T11:07:51.000000+00:00,239.8,50.0,239.3,50.0,228.9,50.0,5.6,1280.0,1000.0,78.0,43.0,81.6,100.0,889
2024-03-23T11:07:53.000000+00:00,239.8,50.0,239.3,50.0,228.9,50.0,5.6,1280.0,1000.0,78.0,43.0,80.1,99.0,884
2024-03-23T11:08:12.000000+00:00,237.2,50.0,237.2,50.0,228.9,50.0,5.7,1300.0,1010.0,78.0,43.0,81.3,99.0,883
2024-03-23T11:09:12.000000+00:00,236.5,50.0,236.4,50.1,228.9,50.1,5.6,1280.0,1000.0,78.0,43.0,84.9,99.0,883
2024-03-23T11:10:12.000000+00:00,236.7,50.1,236.7,50.1,228.9,50.1,5.6,1290.0,1000.0,78.0,43.0,84.2,99.0,883
2024-03-23T11:11:12.000000+00:00,237.0,49.9,237.0,49.9,228.9,49.9,5.7,1300.0,1010.0,78.0,43.0,83.9,99.0,883
2024-03-23T11:12:12.000000+00:00,235.8,49.9,235.8,49.9,228.9,49.9,5.6,1290.0,1000.0,78.0,43.0,83.8,99.0,883
2024-03-23T11:13:12.000000+00:00,234.3,49.7,234.3,49.7,228.9,49.7,5.7,1300.0,1010.0,78.0,44.0,83.8,99.0,883
2024-03-23T11:14:12.000000+00:00,234.5,49.9,235.4,49.9,228.9,49.9,5.7,1300.0,1010.0,78.0,43.0,83.8,99.0,883
2024-03-23T11:15:12.000000+00:00,236.1,49.9,236.1,49.9,228.9,49.9,5.6,1290.0,1000.0,78.0,43.0,83.8,99.0,883
2024-03-23T11:16:12.000000+00:00,234.4,49.8,234.0,49.8,228.9,49.8,5.7,1300.0,1010.0,78.0,43.0,84.0,99.0,884
2024-03-23T11:17:12.000000+00:00,233.5,49.9,234.0,49.9,228.9,49.9,5.6,1290.0,1000.0,78.0,43.0,84.1,99.0,884
2024-03-23T11:18:12.000000+00:00,233.0,49.8,233.0,49.7,228.9,49.8,5.6,1290.0,990.0,77.0,43.0,84.2,99.0,884
2024-03-23T11:19:12.000000+00:00,233.1,49.9,233.6,50.0,228.9,50.0,5.6,1290.0,1000.0,78.0,43.0,84.3,99.0,884
2024-03-23T11:20:12.000000+00:00,233.4,50.0,234.2,50.0,228.9,50.0,5.6,1290.0,1000.0,78.0,43.0,84.3,99.0,884
2024-03-23T11:21:12.000000+00:00,237.2,49.8,237.2,49.8,228.9,49.8,5.7,1300.0,1010.0,78.0,43.0,84.3,99.0,884
2024-03-23T11:22:12.000000+00:00,237.4,50.0,237.8,50.0,228.9,49.9,5.6,1290.0,1010.0,78.0,43.0,84.2,99.0,884
2024-03-23T11:23:12.000000+00:00,238.3,49.9,238.3,49.9,228.9,49.9,5.7,1300.0,1010.0,78.0,43.0,84.1,99.0,884
2024-03-23T11:24:13.000000+00:00,237.5,50.0,237.5,50.0,228.9,50.0,5.6,1290.0,1000.0,78.0,43.0,84.1,99.0,884
2024-03-23T11:25:13.000000+00:00,237.9,50.1,238.5,50.1,228.9,50.1,5.6,1280.0,1000.0,78.0,43.0,84.0,99.0,884
2024-03-23T11:26:13.000000+00:00,237.5,49.9,238.0,49.9,228.9,49.9,5.7,1300.0,1010.0,78.0,43.0,84.0,99.0,884
2024-03-23T11:27:13.000000+00:00,237.9,49.9,237.9,49.9,228.9,49.9,5.7,1300.0,1010.0,78.0,43.0,84.0,99.0,884
2024-03-23T11:28:13.000000+00:00,238.2,49.9,238.2,49.9,228.9,49.9,5.6,1300.0,1010.0,78.0,43.0,83.9,99.0,884
2024-03-23T11:29:13.000000+00:00,238.1,49.9,238.0,49.9,228.9,49.9,5.6,1290.0,1000.0,78.0,43.0,83.9,99.0,884
2024-03-23T11:30:13.000000+00:00,236.2,49.7,236.2,49.7,228.9,49.7,5.7,1300.0,1010.0,78.0,43.0,83.9,99.0,884
2024-03-23T11:31:13.000000+00:00,237.5,49.8,237.0,49.8,228.9,49.8,5.6,1290.0,1000.0,78.0,43.0,83.9,99.0,884
2024-03-23T11:32:13.000000+00:00,235.8,49.7,235.8,49.7,228.9,49.7,5.7,1300.0,1000.0,77.0,44.0,83.9,99.0,884
2024-03-23T11:33:13.000000+00:00,235.3,49.6,235.3,49.6,228.9,49.6,5.7,1300.0,1000.0,77.0,43.0,83.8,99.0,884
2024-03-23T11:34:13.000000+00:00,234.3,49.6,234.3,49.6,228.9,49.6,5.7,1300.0,1000.0,77.0,44.0,83.8,99.0,884
2024-03-23T11:35:13.000000+00:00,235.0,49.6,235.0,49.6,228.9,49.6,5.7,1310.0,1010.0,77.0,44.0,83.8,99.0,884
2024-03-23T11:36:13.000000+00:00,234.8,49.6,234.9,49.6,228.9,49.6,5.7,1310.0,1010.0,77.0,43.0,83.8,99.0,885
2024-03-23T11:37:13.000000+00:00,234.5,49.5,235.0,49.5,228.9,49.5,5.7,1310.0,1000.0,76.0,44.0,83.8,99.0,885
2024-03-23T11:38:13.000000+00:00,235.5,49.4,235.3,49.4,228.9,49.4,5.7,1310.0,1010.0,77.0,44.0,83.8,99.0,885
2024-03-23T11:39:13.000000+00:00,233.0,49.4,233.0,49.4,228.9,49.4,5.8,1320.0,1010.0,77.0,44.0,83.8,99.0,885
2024-03-23T11:40:13.000000+00:00,234.6,49.5,234.2,49.5,228.9,49.5,5.7,1310.0,1000.0,76.0,44.0,83.8,99.0,885
2024-03-23T11:41:13.000000+00:00,234.4,49.6,234.4,49.6,228.9,49.6,5.7,1310.0,1010.0,77.0,43.0,83.8,99.0,885
2024-03-23T11:42:13.000000+00:00,233.5,49.6,233.5,49.6,228.9,49.6,5.7,1310.0,1000.0,76.0,44.0,83.7,99.0,885
2024-03-23T11:43:13.000000+00:00,233.9,49.6,233.9,49.6,228.9,49.6,5.7,1310.0,1000.0,76.0,44.0,83.8,99.0,885
2024-03-23T11:44:13.000000+00:00,234.8,49.6,233.9,49.6,228.9,49.6,5.7,1300.0,1000.0,77.0,44.0,83.8,99.0,885
2024-03-23T11:45:13.000000+00:00,233.7,49.5,233.7,49.5,228.9,49.5,5.8,1320.0,1010.0,77.0,44.0,83.8,99.0,885
2024-03-23T11:46:13.000000+00:00,236.7,49.5,236.7,49.5,228.9,49.5,5.7,1310.0,1010.0,77.0,44.0,84.0,99.0,885
2024-03-23T11:47:13.000000+00:00,238.5,49.6,239.0,49.6,228.9,49.6,5.7,1310.0,1010.0,77.0,44.0,84.1,99.0,885
2024-03-23T11:48:13.000000+00:00,237.2,49.5,237.2,49.5,228.9,49.5,5.7,1310.0,1000.0,76.0,44.0,84.2,99.0,885
2024-03-23T11:49:13.000000+00:00,237.8,49.6,237.8,49.6,228.9,49.6,5.7,1310.0,1010.0,77.0,44.0,84.3,99.0,885
2024-03-23T11:50:13.000000+00:00,237.6,49.6,237.6,49.6,228.9,49.6,5.7,1300.0,1000.0,77.0,43.0,84.3,99.0,885
2024-03-23T11:51:13.000000+00:00,238.8,49.9,238.9,49.9,228.9,49.9,5.6,1290.0,1000.0,78.0,43.0,84.3,99.0,885
2024-03-23T11:52:13.000000+00:00,238.6,49.8,238.6,49.8,228.9,49.8,5.7,1290.0,1000.0,78.0,43.0,84.2,99.0,885
2024-03-23T11:53:13.000000+00:00,240.6,50.2,240.6,50.2,228.9,50.2,5.6,1280.0,1000.0,78.0,43.0,84.1,99.0,885
2024-03-23T11:54:13.000000+00:00,237.0,50.3,236.3,50.3,228.9,50.3,5.6,1280.0,1010.0,79.0,42.0,84.1,99.0,885
2024-03-23T11:55:13.000000+00:00,235.6,50.3,235.2,50.3,228.9,50.3,5.5,1270.0,990.0,78.0,43.0,84.0,99.0,885
2024-03-23T11:56:13.000000+00:00,235.4,50.1,235.5,50.1,228.9,50.1,5.6,1280.0,990.0,77.0,43.0,84.0,99.0,885
2024-03-23T11:57:13.000000+00:00,235.8,50.1,235.7,50.1,228.9,50.1,5.6,1280.0,1000.0,78.0,43.0,83.9,99.0,886
2024-03-23T11:58:13.000000+00:00,234.8,50.2,234.8,50.2,228.9,50.2,5.6,1280.0,1000.0,78.0,42.0,83.9,99.0,886
2024-03-23T11:59:13.000000+00:00,233.7,50.1,233.6,50.1,228.9,50.1,5.6,1280.0,990.0,77.0,43.0,83.9,99.0,886
2024-03-23T12:00:13.000000+00:00,234.5,50.1,233.6,50.1,228.9,50.1,5.6,1280.0,990.0,77.0,43.0,83.9,99.0,886
2024-03-23T12:01:13.000000+00:00,233.3,49.9,233.3,49.9,228.9,49.9,5.6,1280.0,990.0,77.0,43.0,83.9,99.0,886
2024-03-23T12:02:13.000000+00:00,235.0,50.2,235.0,50.2,228.9,50.2,5.6,1280.0,1000.0,78.0,43.0,83.9,99.0,886
2024-03-23T12:03:13.000000+00:00,234.9,50.1,234.9,50.1,228.9,50.1,5.6,1280.0,1000.0,78.0,43.0,83.8,99.0,886
2024-03-23T12:04:13.000000+00:00,235.4,50.2,235.4,50.2,228.9,50.2,5.6,1280.0,1000.0,78.0,43.0,83.8,99.0,886
2024-03-23T12:05:13.000000+00:00,236.3,50.3,236.3,50.3,228.9,50.3,5.6,1280.0,1000.0,78.0,42.0,83.8,99.0,886
2024-03-23T12:06:13.000000+00:00,235.4,50.0,234.9,50.0,228.9,50.0,5.7,1290.0,1010.0,78.0,43.0,83.8,99.0,886
2024-03-23T12:07:13.000000+00:00,235.3,50.3,235.9,50.3,228.9,50.3,5.6,1270.0,1000.0,79.0,42.0,83.8,99.0,886
2024-03-23T12:08:13.000000+00:00,235.8,50.2,235.8,50.3,228.9,50.2,5.6,1280.0,1000.0,78.0,43.0,83.8,99.0,886
2024-03-23T12:09:13.000000+00:00,235.8,50.1,235.8,50.1,228.9,50.1,5.6,1270.0,990.0,78.0,43.0,83.8,99.0,886
2024-03-23T12:10:13.000000+00:00,236.1,50.1,236.1,50.1,228.9,50.1,5.6,1280.0,1000.0,78.0,43.0,83.8,99.0,886
2024-03-23T12:11:13.000000+00:00,237.5,50.1,237.7,50.1,228.9,50.1,5.6,1280.0,990.0,77.0,43.0,83.8,99.0,886
2024-03-23T12:12:13.000000+00:00,237.7,50.3,238.1,50.3,228.9,50.3,5.5,1270.0,990.0,78.0,42.0,83.7,99.0,886
2024-03-23T12:13:13.000000+00:00,239.0,50.4,238.9,50.4,228.9,50.4,5.6,1280.0,1000.0,78.0,43.0,83.8,99.0,886
2024-03-23T12:14:13.000000+00:00,238.6,50.4,238.6,50.4,228.9,50.4,5.5,1270.0,990.0,78.0,42.0,83.8,99.0,886
2024-03-23T12:15:13.000000+00:00,238.4,50.5,238.3,50.5,228.9,50.5,5.5,1270.0,1000.0,79.0,42.0,83.8,99.0,886
2024-03-23T12:16:13.000000+00:00,238.7,50.4,238.7,50.4,228.9,50.4,5.5,1270.0,990.0,78.0,42.0,84.0,99.0,886
2024-03-23T12:17:13.000000+00:00,237.9,50.3,237.9,50.3,228.9,50.3,5.6,1280.0,1000.0,78.0,43.0,84.1,99.0,887
2024-03-23T12:18:13.000000+00:00,238.7,50.2,237.7,50.2,228.9,50.2,5.6,1280.0,1000.0,78.0,43.0,84.2,99.0,887
2024-03-23T12:19:13.000000+00:00,238.1,50.1,238.1,50.1,228.9,50.1,5.6,1280.0,990.0,77.0,43.0,84.2,99.0,887
2024-03-23T12:20:13.000000+00:00,238.3,50.3,237.7,50.3,228.9,50.3,5.5,1270.0,990.0,78.0,43.0,84.3,99.0,887
2024-03-23T12:21:13.000000+00:00,238.6,50.3,238.0,50.3,228.9,50.3,5.6,1270.0,1000.0,79.0,43.0,84.3,99.0,887
2024-03-23T12:22:13.000000+00:00,239.0,50.3,238.2,50.3,228.9,50.3,5.6,1280.0,1000.0,78.0,42.0,84.2,99.0,887
2024-03-23T12:23:13.000000+00:00,238.4,50.4,238.5,50.4,228.9,50.4,5.5,1270.0,990.0,78.0,42.0,84.1,99.0,887
2024-03-23T12:24:14.000000+00:00,238.3,50.4,237.8,50.4,228.9,50.4,5.5,1270.0,1000.0,79.0,43.0,84.1,99.0,887
2024-03-23T12:25:14.000000+00:00,237.6,50.4,237.2,50.4,228.9,50.4,5.5,1270.0,990.0,78.0,42.0,84.1,99.0,887
2024-03-23T12:26:14.000000+00:00,240.5,50.2,240.5,50.2,229.0,50.2,5.6,1280.0,1000.0,78.0,43.0,84.0,99.0,887
2024-03-23T12:27:14.000000+00:00,240.9,50.2,240.9,50.2,228.9,50.2,5.6,1280.0,1000.0,78.0,42.0,84.0,99.0,887
2024-03-23T12:28:14.000000+00:00,240.8,50.2,240.8,50.2,228.9,50.2,5.6,1280.0,1000.0,78.0,43.0,84.0,99.0,887
2024-03-23T12:29:14.000000+00:00,240.1,50.1,240.1,50.1,228.9,50.1,5.6,1280.0,1000.0,78.0,43.0,83.9,99.0,887
2024-03-23T12:30:14.000000+00:00,238.8,49.9,238.3,49.9,228.9,49.9,5.6,1290.0,1000.0,78.0,43.0,83.9,99.0,887
2024-03-23T12:31:14.000000+00:00,237.2,49.9,237.5,49.9,228.9,49.9,5.6,1290.0,1000.0,78.0,43.0,83.9,99.0,887
2024-03-23T12:32:14.000000+00:00,235.8,49.8,236.2,49.8,228.9,49.8,5.6,1290.0,1000.0,78.0,43.0,83.9,99.0,887
2024-03-23T12:33:14.000000+00:00,236.0,49.7,235.6,49.7,228.9,49.7,5.7,1300.0,1000.0,77.0,43.0,83.9,99.0,887
2024-03-23T12:34:14.000000+00:00,235.8,49.6,235.8,49.6,228.9,49.6,5.7,1310.0,1010.0,77.0,43.0,83.9,99.0,887
2024-03-23T12:35:14.000000+00:00,235.2,49.5,235.2,49.5,228.9,49.5,5.7,1310.0,1000.0,76.0,44.0,83.9,99.0,887
2024-03-23T12:36:14.000000+00:00,234.5,49.4,235.6,49.4,228.9,49.4,5.7,1310.0,1010.0,77.0,44.0,83.8,99.0,887
2024-03-23T12:37:14.000000+00:00,234.9,49.5,235.0,49.5,228.9,49.5,5.8,1310.0,1010.0,77.0,44.0,83.8,99.0,887
2024-03-23T12:38:14.000000+00:00,234.1,49.5,235.0,49.5,228.9,49.5,5.7,1310.0,1010.0,77.0,44.0,83.8,99.0,888
2024-03-23T12:39:14.000000+00:00,235.9,49.6,236.2,49.6,228.9,49.6,5.7,1310.0,1010.0,77.0,44.0,83.8,99.0,888
2024-03-23T12:40:14.000000+00:00,236.6,49.6,236.6,49.6,228.9,49.6,5.7,1300.0,1000.0,77.0,43.0,83.8,99.0,888
2024-03-23T12:41:14.000000+00:00,236.5,49.6,236.5,49.6,228.9,49.6,5.7,1310.0,1010.0,77.0,43.0,83.8,99.0,888
2024-03-23T12:42:14.000000+00:00,235.7,49.7,235.7,49.7,228.9,49.7,5.7,1300.0,1000.0,77.0,44.0,83.8,99.0,888
2024-03-23T12:43:14.000000+00:00,236.8,49.7,236.8,49.7,228.9,49.7,5.7,1300.0,1000.0,77.0,43.0,83.8,99.0,888
2024-03-23T12:44:14.000000+00:00,236.1,49.9,236.6,49.9,228.9,49.9,5.6,1290.0,1000.0,78.0,43.0,83.8,99.0,888
2024-03-23T12:45:14.000000+00:00,236.8,49.9,236.8,49.9,228.9,49.9,5.6,1290.0,1000.0,78.0,43.0,83.8,99.0,888
2024-03-23T12:46:14.000000+00:00,236.6,49.8,236.6,49.8,228.9,49.8,5.7,1300.0,1000.0,77.0,43.0,83.8,99.0,888
2024-03-23T12:47:14.000000+00:00,236.6,49.8,236.6,49.8,228.9,49.8,5.7,1310.0,1010.0,77.0,43.0,83.8,99.0,888
2024-03-23T12:48:14.000000+00:00,237.2,49.8,237.7,49.8,228.9,49.8,5.7,1290.0,1000.0,78.0,43.0,83.8,99.0,888
2024-03-23T12:49:14.000000+00:00,237.7,49.8,237.7,49.8,228.9,49.8,5.6,1290.0,1000.0,78.0,43.0,84.0,99.0,888
2024-03-23T12:50:14.000000+00:00,236.9,49.7,236.9,49.7,228.9,49.7,5.7,1300.0,1010.0,78.0,43.0,84.1,99.0,888
2024-03-23T12:51:14.000000+00:00,237.6,49.8,237.6,49.9,228.9,49.9,5.6,1290.0,1000.0,78.0,43.0,84.2,99.0,888
2024-03-23T12:52:14.000000+00:00,237.4,49.8,237.9,49.8,228.9,49.8,5.6,1290.0,1000.0,78.0,43.0,84.3,99.0,888
2024-03-23T12:53:14.000000+00:00,237.6,49.8,237.6,49.8,228.9,49.8,5.7,1300.0,1000.0,77.0,43.0,84.3,99.0,888
2024-03-23T12:54:14.000000+00:00,237.5,49.8,238.0,49.8,228.9,49.8,5.6,1290.0,1000.0,78.0,43.0,84.3,99.0,888
2024-03-23T12:55:14.000000+00:00,237.4,49.9,237.4,49.9,228.9,49.9,5.7,1300.0,1010.0,78.0,43.0,84.2,99.0,888
2024-03-23T12:56:14.000000+00:00,238.3,49.8,238.3,49.8,228.9,49.8,5.6,1290.0,1000.0,78.0,43.0,84.1,99.0,888
2024-03-23T12:57:14.000000+00:00,238.7,49.9,238.3,49.9,228.9,49.9,5.6,1290.0,1000.0,78.0,43.0,84.1,99.0,888
2024-03-23T12:58:14.000000+00:00,239.0,49.9,239.0,49.9,228.9,49.9,5.7,1290.0,1000.0,78.0,43.0,84.0,99.0,889
2024-03-23T12:59:14.000000+00:00,239.6,50.1,239.3,50.1,228.9,50.1,5.6,1290.0,1000.0,78.0,43.0,84.0,99.0,889
2024-03-23T13:00:14.000000+00:00,239.0,50.0,238.9,50.0,228.9,50.0,5.6,1290.0,1000.0,78.0,43.0,84.0,100.0,889
2024-03-23T13:01:14.000000+00:00,238.0,49.9,238.0,49.9,228.9,49.9,5.7,1300.0,1000.0,77.0,43.0,84.0,100.0,889
2024-03-23T13:02:14.000000+00:00,237.6,49.8,237.6,49.8,228.9,49.8,5.6,1290.0,1000.0,78.0,43.0,83.9,100.0,889
2024-03-23T13:03:14.000000+00:00,237.8,50.0,237.9,50.0,228.9,50.0,5.6,1290.0,1010.0,78.0,43.0,83.9,100.0,889
2024-03-23T13:04:14.000000+00:00,238.6,50.1,238.6,50.1,228.9,50.1,5.6,1290.0,1000.0,78.0,43.0,83.9,100.0,889
2024-03-23T13:05:14.000000+00:00,237.1,49.9,237.1,49.9,228.9,49.9,5.6,1290.0,1000.0,78.0,43.0,83.9,100.0,889
2024-03-23T13:06:14.000000+00:00,237.3,49.7,237.6,49.8,228.9,49.8,5.7,1290.0,1000.0,78.0,43.0,83.9,100.0,889
2024-03-23T13:07:14.000000+00:00,236.5,49.8,236.5,49.8,228.9,49.8,5.6,1290.0,1000.0,78.0,43.0,83.9,100.0,889
2024-03-23T13:08:14.000000+00:00,238.5,49.9,238.5,49.9,228.9,49.9,5.6,1290.0,1000.0,78.0,43.0,83.9,100.0,889
2024-03-23T13:09:14.000000+00:00,237.2,49.8,237.2,49.8,228.9,49.8,5.7,1300.0,1000.0,77.0,43.0,83.9,100.0,889
2024-03-23T13:10:14.000000+00:00,237.7,49.9,238.6,49.9,228.9,49.9,5.6,1280.0,990.0,77.0,43.0,83.8,100.0,889
2024-03-23T13:11:14.000000+00:00,238.2,49.9,238.2,49.9,228.9,49.9,5.6,1290.0,1000.0,78.0,43.0,83.9,100.0,889
2024-03-23T13:12:14.000000+00:00,238.8,50.0,238.8,50.0,228.9,50.0,5.6,1280.0,990.0,77.0,43.0,83.8,100.0,889
2024-03-23T13:13:14.000000+00:00,238.4,49.7,237.3,49.7,228.9,49.7,5.7,1300.0,1000.0,77.0,43.0,83.8,100.0,889
2024-03-23T13:14:14.000000+00:00,239.2,49.9,238.4,49.9,228.9,49.9,5.7,1300.0,1010.0,78.0,43.0,83.8,100.0,889
2024-03-23T13:15:14.000000+00:00,238.4,49.9,238.4,49.9,228.9,49.9,5.6,1280.0,990.0,77.0,43.0,83.8,100.0,889
2024-03-23T13:16:14.000000+00:00,238.3,49.7,238.3,49.7,228.9,49.7,5.6,1290.0,1000.0,78.0,43.0,83.8,100.0,889
2024-03-23T13:17:14.000000+00:00,238.0,49.8,238.0,49.8,228.9,49.8,5.7,1300.0,1000.0,77.0,43.0,83.8,100.0,889
2024-03-23T13:18:14.000000+00:00,237.3,49.8,237.3,49.8,228.9,49.8,5.7,1300.0,1010.0,78.0,43.0,83.8,100.0,889
2024-03-23T13:19:14.000000+00:00,238.9,49.8,239.4,49.8,228.9,49.8,5.7,1300.0,1010.0,78.0,43.0,83.8,100.0,890
2024-03-23T13:20:14.000000+00:00,240.0,49.8,239.2,49.8,228.9,49.8,5.6,1300.0,1000.0,77.0,43.0,83.8,100.0,890
2024-03-23T13:21:14.000000+00:00,238.7,49.8,238.7,49.8,228.9,49.8,5.7,1300.0,1000.0,77.0,43.0,83.8,100.0,890
2024-03-23T13:22:14.000000+00:00,238.3,49.7,238.3,49.7,228.9,49.7,5.7,1310.0,1010.0,77.0,44.0,83.9,100.0,890
2024-03-23T13:23:14.000000+00:00,239.2,49.9,239.2,49.9,228.9,49.9,5.6,1290.0,1000.0,78.0,43.0,84.0,100.0,890
2024-03-23T13:24:15.000000+00:00,239.0,49.8,238.4,49.8,228.9,49.8,5.7,1300.0,1010.0,78.0,43.0,84.1,100.0,890
2024-03-23T13:25:15.000000+00:00,239.0,49.9,238.8,49.9,228.9,49.9,5.7,1300.0,1010.0,78.0,43.0,84.2,100.0,890
2024-03-23T13:26:15.000000+00:00,238.5,49.7,238.5,49.7,228.9,49.7,5.7,1310.0,1010.0,77.0,44.0,84.3,100.0,890
2024-03-23T13:27:15.000000+00:00,238.4,49.8,238.4,49.8,228.9,49.8,5.6,1290.0,1000.0,78.0,43.0,84.3,100.0,890
2024-03-23T13:28:15.000000+00:00,236.9,49.7,236.9,49.7,228.9,49.7,5.7,1300.0,1010.0,78.0,43.0,84.3,100.0,890
2024-03-23T13:29:15.000000+00:00,237.8,49.7,236.8,49.7,228.9,49.7,5.7,1300.0,1000.0,77.0,43.0,84.2,100.0,877
2024-03-23T13:30:15.000000+00:00,237.1,49.6,236.6,49.6,228.9,49.6,5.7,1300.0,1010.0,78.0,43.0,84.1,100.0,877
2024-03-23T13:31:15.000000+00:00,237.9,49.7,237.6,49.7,228.9,49.8,5.7,1300.0,1000.0,77.0,43.0,84.0,100.0,877
2024-03-23T13:32:15.000000+00:00,239.1,49.9,239.1,50.0,228.9,50.0,5.6,1290.0,1000.0,78.0,43.0,84.0,100.0,877
2024-03-23T13:33:15.000000+00:00,237.8,50.0,237.7,50.0,228.9,50.0,5.6,1290.0,1010.0,78.0,43.0,84.0,100.0,877
2024-03-23T13:34:15.000000+00:00,238.1,50.2,237.9,50.2,228.9,50.2,5.5,1270.0,990.0,78.0,42.0,84.0,100.0,877
2024-03-23T13:35:15.000000+00:00,238.3,50.3,238.3,50.3,228.9,50.3,5.5,1270.0,990.0,78.0,42.0,84.0,100.0,878
2024-03-23T13:36:15.000000+00:00,239.4,50.3,239.0,50.3,228.9,50.3,5.6,1280.0,1000.0,78.0,43.0,83.9,100.0,878
2024-03-23T13:37:15.000000+00:00,238.7,50.5,239.9,50.5,228.9,50.5,5.5,1260.0,990.0,79.0,42.0,83.9,100.0,878
2024-03-23T13:38:15.000000+00:00,240.7,50.5,240.5,50.5,228.9,50.5,5.5,1260.0,990.0,79.0,42.0,83.9,100.0,878
2024-03-23T13:39:15.000000+00:00,240.3,50.4,239.8,50.4,228.9,50.4,5.5,1260.0,990.0,79.0,42.0,83.9,100.0,878
2024-03-23T13:40:15.000000+00:00,240.4,50.3,239.8,50.3,228.9,50.3,5.6,1280.0,1000.0,78.0,42.0,83.9,100.0,878
2024-03-23T13:41:15.000000+00:00,239.4,50.3,239.4,50.3,228.9,50.3,5.5,1270.0,1000.0,79.0,42.0,83.9,100.0,878
2024-03-23T13:42:15.000000+00:00,241.2,50.4,241.2,50.4,228.9,50.4,5.5,1270.0,990.0,78.0,42.0,83.9,100.0,878
2024-03-23T13:43:15.000000+00:00,241.3,50.3,241.3,50.3,228.9,50.3,5.6,1280.0,1000.0,78.0,43.0,83.9,100.0,878
2024-03-23T13:44:15.000000+00:00,240.6,50.2,240.6,50.2,228.9,50.2,5.6,1280.0,1000.0,78.0,42.0,83.9,100.0,878
2024-03-23T13:45:15.000000+00:00,239.9,50.1,239.4,50.1,228.9,50.1,5.7,1290.0,1010.0,78.0,43.0,83.9,100.0,878
2024-03-23T13:46:15.000000+00:00,238.8,49.8,239.3,49.9,228.9,49.8,5.7,1300.0,1000.0,77.0,43.0,83.8,100.0,878
2024-03-23T13:47:15.000000+00:00,239.0,49.8,239.2,49.8,228.9,49.8,5.7,1300.0,1000.0,77.0,43.0,83.8,100.0,878
2024-03-23T13:48:15.000000+00:00,240.3,49.9,240.3,49.9,228.9,49.9,5.6,1290.0,1000.0,78.0,43.0,83.8,100.0,878
2024-03-23T13:49:15.000000+00:00,240.4,50.0,239.6,50.1,228.9,50.1,5.6,1290.0,1000.0,78.0,43.0,83.8,100.0,878
2024-03-23T13:50:15.000000+00:00,239.4,50.0,239.5,50.0,228.9,50.0,5.6,1280.0,1000.0,78.0,43.0,83.8,100.0,878
2024-03-23T13:51:15.000000+00:00,240.7,50.1,240.6,50.1,229.0,50.1,5.6,1280.0,990.0,77.0,43.0,83.8,100.0,878
2024-03-23T13:52:15.000000+00:00,241.1,50.2,240.6,50.2,228.9,50.2,5.6,1290.0,1010.0,78.0,42.0,83.8,100.0,878
2024-03-23T13:53:15.000000+00:00,239.8,50.2,239.8,50.2,228.9,50.2,5.6,1280.0,1000.0,78.0,42.0,83.8,100.0,878
2024-03-23T13:54:15.000000+00:00,240.9,50.4,240.9,50.4,228.9,50.4,5.6,1270.0,1000.0,79.0,42.0,83.8,100.0,878
2024-03-23T13:55:15.000000+00:00,238.0,50.3,238.0,50.3,228.9,50.3,5.5,1270.0,990.0,78.0,42.0,83.8,100.0,878
2024-03-23T13:56:15.000000+00:00,237.9,50.4,237.9,50.4,228.9,50.4,5.5,1270.0,990.0,78.0,42.0,83.8,100.0,879
2024-03-23T13:57:15.000000+00:00,238.7,50.4,238.7,50.4,228.9,50.4,5.6,1270.0,1000.0,79.0,42.0,83.8,100.0,879
2024-03-23T13:57:46.000000+00:00,238.3,50.4,239.4,50.4,228.9,50.4,5.5,1270.0,990.0,78.0,43.0,83.8,100.0,879
2024-03-23T13:57:46.000000+00:00,238.3,50.4,239.4,50.4,228.9,50.4,5.5,1270.0,990.0,78.0,43.0,83.8,100.0,879
2024-03-23T13:57:48.000000+00:00,238.3,50.4,239.4,50.4,228.9,50.4,5.5,1270.0,990.0,78.0,43.0,81.9,100.0,879
2024-03-23T13:57:49.000000+00:00,238.3,50.4,239.4,50.4,228.9,50.4,5.5,1270.0,990.0,78.0,42.0,81.9,100.0,879
2024-03-23T13:57:51.000000+00:00,242.4,50.5,242.4,50.5,229.0,50.5,5.5,1260.0,990.0,79.0,42.0,81.9,100.0,879
2024-03-23T13:57:52.000000+00:00,242.4,50.5,242.4,50.5,229.0,50.5,5.5,1260.0,990.0,79.0,42.0,81.9,100.0,879
2024-03-23T13:58:15.000000+00:00,238.4,50.4,237.9,50.4,228.9,50.4,5.5,1270.0,990.0,78.0,42.0,83.0,99.0,874
2024-03-23T13:59:15.000000+00:00,239.1,50.3,239.1,50.3,228.9,50.3,5.6,1270.0,990.0,78.0,42.0,83.0,99.0,874
2024-03-23T14:00:15.000000+00:00,238.8,50.3,238.8,50.3,228.9,50.3,5.6,1270.0,990.0,78.0,43.0,83.1,99.0,874
2024-03-23T14:01:15.000000+00:00,238.1,50.4,239.1,50.4,228.9,50.4,5.5,1270.0,990.0,78.0,42.0,83.2,99.0,874
2024-03-23T14:01:58.000000+00:00,238.5,50.3,238.5,50.3,228.9,50.3,5.6,1280.0,1000.0,78.0,42.0,83.2,99.0,874
2024-03-23T14:01:58.000000+00:00,238.5,50.3,238.5,50.3,228.9,50.3,5.6,1280.0,1000.0,78.0,42.0,83.2,99.0,874
2024-03-23T14:01:59.000000+00:00,238.5,50.3,238.5,50.3,228.9,50.3,5.6,1280.0,1000.0,78.0,42.0,83.2,99.0,874
2024-03-23T14:01:59.000000+00:00,238.5,50.3,238.5,50.3,228.9,50.3,5.6,1280.0,1000.0,78.0,42.0,83.2,99.0,874
2024-03-23T14:01:59.000000+00:00,238.5,50.3,238.5,50.3,228.9,50.3,5.6,1280.0,1000.0,78.0,42.0,83.2,99.0,874
2024-03-23T14:01:59.000000+00:00,238.5,50.3,238.5,50.3,228.9,50.3,5.6,1280.0,1000.0,78.0,42.0,83.2,99.0,874
2024-03-23T14:01:59.000000+00:00,238.5,50.3,238.5,50.3,228.9,50.3,5.6,1280.0,1000.0,78.0,42.0,83.2,99.0,874
2024-03-23T14:02:01.000000+00:00,0.0,0.0,0.0,0.0,228.9,50.0,5.6,1290.0,1000.0,78.0,42.0,83.2,99.0,874
2024-03-23T14:02:01.000000+00:00,0.0,0.0,0.0,0.0,228.9,50.0,5.6,1290.0,1000.0,78.0,43.0,83.2,99.0,874
2024-03-23T14:02:14.000000+00:00,0.0,0.0,0.0,0.0,228.9,50.0,5.6,1290.0,1000.0,78.0,43.0,78.0,98.0,861
2024-03-23T14:02:15.000000+00:00,0.0,0.0,0.0,0.0,228.9,50.0,5.6,1290.0,1000.0,78.0,42.0,78.0,98.0,861
2024-03-23T14:02:20.000000+00:00,207.3,50.0,218.5,50.1,228.9,50.3,5.6,1270.0,990.0,78.0,43.0,76.9,97.0,856
2024-03-23T14:03:15.000000+00:00,0.0,0.0,0.0,0.0,228.9,50.0,5.6,1280.0,990.0,77.0,43.0,75.4,91.0,803
2024-03-23T14:04:15.000000+00:00,0.0,0.0,0.0,0.0,228.9,50.0,5.6,1290.0,1000.0,78.0,43.0,75.8,84.0,741
2024-03-23T14:05:15.000000+00:00,0.0,0.0,0.0,0.0,228.9,50.0,5.6,1280.0,990.0,77.0,43.0,75.8,78.0,684
2024-03-23T14:06:15.000000+00:00,0.0,0.0,0.0,0.0,228.9,50.0,5.6,1280.0,990.0,77.0,43.0,75.7,71.0,626
2024-03-23T14:07:15.000000+00:00,0.0,0.0,0.0,0.0,228.9,50.0,5.6,1290.0,1000.0,78.0,43.0,75.6,64.0,560
2024-03-23T14:08:15.000000+00:00,0.0,0.0,0.0,0.0,228.9,50.0,5.6,1280.0,990.0,77.0,43.0,75.4,57.0,502
2024-03-23T14:09:15.000000+00:00,0.0,0.0,0.0,0.0,228.9,50.0,5.6,1290.0,1000.0,78.0,43.0,75.3,50.0,443
2024-03-23T14:10:15.000000+00:00,0.0,0.0,0.0,0.0,228.9,50.0,5.6,1270.0,990.0,78.0,43.0,75.1,43.0,379
2024-03-23T14:11:16.000000+00:00,0.0,0.0,0.0,0.0,228.9,50.0,5.6,1290.0,1000.0,78.0,43.0,74.9,36.0,320
2024-03-23T14:11:35.000000+00:00,0.0,0.0,0.0,0.0,228.9,50.0,5.6,1280.0,990.0,77.0,43.0,74.9,35.0,305
2024-03-23T14:11:42.000000+00:00,0.0,0.0,0.0,0.0,228.9,50.0,5.6,1280.0,990.0,77.0,43.0,74.9,33.0,293
2024-03-23T14:11:42.000000+00:00,0.0,0.0,0.0,0.0,228.9,50.0,5.6,1280.0,990.0,77.0,0.0,74.9,33.0,293
2024-03-23T14:11:43.000000+00:00,0.0,0.0,0.0,0.0,228.9,50.0,5.6,1280.0,990.0,77.0,0.0,74.9,33.0,293
2024-03-23T14:11:44.000000+00:00,0.0,0.0,0.0,0.0,228.9,50.0,5.6,1280.0,990.0,77.0,0.0,74.9,33.0,293
2024-03-23T14:11:44.000000+00:00,0.0,0.0,0.0,0.0,228.9,50.0,5.6,1280.0,990.0,77.0,0.0,74.9,33.0,293
2024-03-23T14:11:44.000000+00:00,0.0,0.0,0.0,0.0,228.9,50.0,5.6,1280.0,990.0,77.0,0.0,74.9,33.0,293
2024-03-23T14:11:44.000000+00:00,0.0,0.0,0.0,0.0,228.9,50.0,5.6,1280.0,990.0,77.0,0.0,74.9,33.0,293
2024-03-23T14:12:16.000000+00:00,0.0,0.0,0.0,0.0,0.0,0.0,0.0,0.0,0.0,0.0,0.0,77.3,33.0,59940
2024-03-23T14:13:16.000000+00:00,0.0,0.0,0.0,0.0,0.0,0.0,0.0,0.0,0.0,0.0,0.0,77.7,33.0,59940
2024-03-23T14:14:16.000000+00:00,0.0,0.0,0.0,0.0,0.0,0.0,0.0,0.0,0.0,0.0,0.0,77.8,33.0,59940
2024-03-23T14:15:16.000000+00:00,0.0,0.0,0.0,0.0,0.0,0.0,0.0,0.0,0.0,0.0,0.0,77.9,33.0,59940
2024-03-23T14:16:16.000000+00:00,0.0,0.0,0.0,0.0,0.0,0.0,0.0,0.0,0.0,0.0,0.0,77.9,33.0,59940
2024-03-23T14:17:16.000000+00:00,0.0,0.0,0.0,0.0,0.0,0.0,0.0,0.0,0.0,0.0,0.0,78.0,33.0,59940
2024-03-23T14:18:16.000000+00:00,0.0,0.0,0.0,0.0,0.0,0.0,0.0,0.0,0.0,0.0,0.0,78.0,33.0,59940
2024-03-23T14:19:16.000000+00:00,0.0,0.0,0.0,0.0,0.0,0.0,0.0,0.0,0.0,0.0,0.0,78.0,33.0,59940
2024-03-23T14:19:42.000000+00:00,0.0,0.0,0.0,0.0,0.0,0.0,0.0,0.0,0.0,0.0,0.0,78.0,33.0,59940
2024-03-23T14:19:42.000000+00:00,0.0,0.0,0.0,0.0,0.0,0.0,0.0,0.0,0.0,0.0,0.0,78.0,33.0,59940
2024-03-23T14:19:43.000000+00:00,0.0,0.0,0.0,0.0,0.0,0.0,0.0,0.0,0.0,0.0,0.0,78.0,33.0,59940
2024-03-23T14:19:43.000000+00:00,0.0,0.0,0.0,0.0,0.0,0.0,0.0,0.0,0.0,0.0,0.0,78.0,33.0,59940
2024-03-23T14:19:43.000000+00:00,0.0,0.0,0.0,0.0,0.0,0.0,0.0,0.0,0.0,0.0,0.0,78.0,33.0,59940
2024-03-23T14:19:43.000000+00:00,0.0,0.0,0.0,0.0,0.0,0.0,0.0,0.0,0.0,0.0,0.0,78.0,33.0,59940
2024-03-23T14:19:43.000000+00:00,0.0,0.0,0.0,0.0,0.0,0.0,0.0,0.0,0.0,0.0,0.0,78.0,33.0,59940
2024-03-23T14:19:48.000000+00:00,214.9,49.9,215.9,49.9,0.0,0.0,0.0,0.0,0.0,0.0,9.0,78.3,33.0,59940
2024-03-23T14:19:48.000000+00:00,214.9,49.9,215.9,49.9,0.0,0.0,0.0,0.0,0.0,0.0,9.0,78.3,33.0,59940
2024-03-23T14:19:49.000000+00:00,214.9,49.9,215.9,49.9,0.0,0.0,0.0,0.0,0.0,0.0,9.0,78.3,33.0,59940
2024-03-23T14:19:52.000000+00:00,256.8,49.8,258.2,49.8,257.6,49.8,1.1,300.0,260.0,87.0,16.0,78.3,33.0,59940
2024-03-23T14:19:54.000000+00:00,256.8,49.8,258.2,49.8,257.6,49.8,1.1,300.0,260.0,87.0,0.0,78.5,33.0,1115
2024-03-23T14:19:54.000000+00:00,256.8,49.8,258.2,49.8,257.6,49.8,1.1,300.0,260.0,87.0,0.0,78.5,33.0,1115
2024-03-23T14:19:55.000000+00:00,256.8,49.8,258.2,49.8,257.6,49.8,1.1,300.0,260.0,87.0,0.0,78.5,33.0,1115
2024-03-23T14:19:55.000000+00:00,256.8,49.8,258.2,49.8,257.6,49.8,1.1,300.0,260.0,87.0,0.0,78.5,33.0,1115
2024-03-23T14:19:57.000000+00:00,212.1,49.6,212.0,49.6,0.0,0.0,0.0,0.0,0.0,0.0,0.0,78.5,33.0,1115
2024-03-23T14:20:00.000000+00:00,212.1,49.6,212.0,49.6,0.0,0.0,0.0,0.0,0.0,0.0,0.0,78.7,33.0,59940
2024-03-23T14:20:08.000000+00:00,204.7,49.6,204.8,49.5,0.0,0.0,0.0,0.0,0.0,0.0,0.0,78.8,33.0,59940
2024-03-23T14:20:08.000000+00:00,204.7,49.6,204.8,49.5,0.0,0.0,0.0,0.0,0.0,0.0,0.0,78.8,33.0,59940
2024-03-23T14:20:08.000000+00:00,204.7,49.6,204.8,49.5,0.0,0.0,0.0,0.0,0.0,0.0,0.0,78.8,33.0,59940
2024-03-23T14:20:08.000000+00:00,204.7,49.6,204.8,49.5,0.0,0.0,0.0,0.0,0.0,0.0,0.0,78.8,33.0,59940
2024-03-23T14:20:09.000000+00:00,204.7,49.6,204.8,49.5,0.0,0.0,0.0,0.0,0.0,0.0,0.0,78.8,33.0,59940
2024-03-23T14:20:09.000000+00:00,204.7,49.6,204.8,49.5,0.0,0.0,0.0,0.0,0.0,0.0,0.0,78.8,33.0,59940
2024-03-23T14:20:10.000000+00:00,204.7,49.6,204.8,49.5,0.0,0.0,0.0,0.0,0.0,0.0,0.0,78.7,33.0,59940
2024-03-23T14:20:16.000000+00:00,0.0,0.0,0.0,0.0,0.0,0.0,0.0,0.0,0.0,0.0,0.0,78.5,33.0,59940
2024-03-23T14:21:16.000000+00:00,0.0,0.0,0.0,0.0,0.0,0.0,0.0,0.0,0.0,0.0,0.0,78.3,33.0,59940
2024-03-23T14:22:16.000000+00:00,0.0,0.0,0.0,0.0,0.0,0.0,0.0,0.0,0.0,0.0,0.0,78.2,33.0,59940
2024-03-23T14:23:16.000000+00:00,0.0,0.0,0.0,0.0,0.0,0.0,0.0,0.0,0.0,0.0,0.0,78.1,33.0,59940
2024-03-23T14:24:16.000000+00:00,0.0,0.0,0.0,0.0,0.0,0.0,0.0,0.0,0.0,0.0,0.0,78.1,33.0,59940
2024-03-23T14:25:16.000000+00:00,0.0,0.0,0.0,0.0,0.0,0.0,0.0,0.0,0.0,0.0,0.0,78.1,33.0,59940
2024-03-23T14:26:16.000000+00:00,0.0,0.0,0.0,0.0,0.0,0.0,0.0,0.0,0.0,0.0,0.0,78.1,33.0,59940
2024-03-23T14:27:16.000000+00:00,0.0,0.0,0.0,0.0,0.0,0.0,0.0,0.0,0.0,0.0,0.0,78.1,33.0,59940
2024-03-23T14:28:16.000000+00:00,0.0,0.0,0.0,0.0,0.0,0.0,0.0,0.0,0.0,0.0,0.0,78.0,33.0,59940
2024-03-23T14:29:16.000000+00:00,0.0,0.0,0.0,0.0,0.0,0.0,0.0,0.0,0.0,0.0,0.0,78.0,33.0,59940
2024-03-23T14:30:16.000000+00:00,0.0,0.0,0.0,0.0,0.0,0.0,0.0,0.0,0.0,0.0,0.0,78.0,33.0,59940
2024-03-23T14:31:16.000000+00:00,0.0,0.0,0.0,0.0,0.0,0.0,0.0,0.0,0.0,0.0,0.0,78.0,33.0,59940
2024-03-23T14:32:16.000000+00:00,0.0,0.0,0.0,0.0,0.0,0.0,0.0,0.0,0.0,0.0,0.0,78.0,33.0,59940
2024-03-23T14:33:16.000000+00:00,0.0,0.0,0.0,0.0,0.0,0.0,0.0,0.0,0.0,0.0,0.0,78.0,33.0,59940
2024-03-23T14:34:16.000000+00:00,0.0,0.0,0.0,0.0,0.0,0.0,0.0,0.0,0.0,0.0,0.0,78.0,33.0,59940
2024-03-23T14:35:16.000000+00:00,0.0,0.0,0.0,0.0,0.0,0.0,0.0,0.0,0.0,0.0,0.0,78.0,33.0,59940
2024-03-23T14:36:16.000000+00:00,0.0,0.0,0.0,0.0,0.0,0.0,0.0,0.0,0.0,0.0,0.0,78.0,33.0,59940
2024-03-23T14:37:16.000000+00:00,0.0,0.0,0.0,0.0,0.0,0.0,0.0,0.0,0.0,0.0,0.0,78.0,33.0,59940
2024-03-23T14:38:16.000000+00:00,0.0,0.0,0.0,0.0,0.0,0.0,0.0,0.0,0.0,0.0,0.0,78.0,33.0,59940
2024-03-23T14:39:16.000000+00:00,0.0,0.0,0.0,0.0,0.0,0.0,0.0,0.0,0.0,0.0,0.0,78.0,33.0,59940
2024-03-23T14:40:16.000000+00:00,0.0,0.0,0.0,0.0,0.0,0.0,0.0,0.0,0.0,0.0,0.0,78.0,33.0,59940
2024-03-23T14:41:16.000000+00:00,0.0,0.0,0.0,0.0,0.0,0.0,0.0,0.0,0.0,0.0,0.0,78.0,33.0,59940
2024-03-23T14:42:16.000000+00:00,0.0,0.0,0.0,0.0,0.0,0.0,0.0,0.0,0.0,0.0,0.0,78.0,33.0,59940
2024-03-23T14:43:16.000000+00:00,0.0,0.0,0.0,0.0,0.0,0.0,0.0,0.0,0.0,0.0,0.0,78.0,33.0,59940
2024-03-23T14:44:16.000000+00:00,0.0,0.0,0.0,0.0,0.0,0.0,0.0,0.0,0.0,0.0,0.0,78.0,33.0,59940
2024-03-23T14:45:16.000000+00:00,0.0,0.0,0.0,0.0,0.0,0.0,0.0,0.0,0.0,0.0,0.0,78.0,33.0,59940
2024-03-23T14:46:16.000000+00:00,0.0,0.0,0.0,0.0,0.0,0.0,0.0,0.0,0.0,0.0,0.0,78.0,33.0,59940
2024-03-23T14:47:16.000000+00:00,0.0,0.0,0.0,0.0,0.0,0.0,0.0,0.0,0.0,0.0,0.0,78.0,33.0,59940
2024-03-23T14:48:16.000000+00:00,0.0,0.0,0.0,0.0,0.0,0.0,0.0,0.0,0.0,0.0,0.0,78.0,33.0,59940
2024-03-23T14:49:16.000000+00:00,0.0,0.0,0.0,0.0,0.0,0.0,0.0,0.0,0.0,0.0,0.0,77.9,33.0,59940
2024-03-23T14:50:16.000000+00:00,0.0,0.0,0.0,0.0,0.0,0.0,0.0,0.0,0.0,0.0,0.0,77.9,33.0,59940
2024-03-23T14:51:16.000000+00:00,0.0,0.0,0.0,0.0,0.0,0.0,0.0,0.0,0.0,0.0,0.0,77.9,33.0,59940
2024-03-23T14:52:16.000000+00:00,0.0,0.0,0.0,0.0,0.0,0.0,0.0,0.0,0.0,0.0,0.0,77.9,33.0,59940
2024-03-23T14:53:16.000000+00:00,0.0,0.0,0.0,0.0,0.0,0.0,0.0,0.0,0.0,0.0,0.0,77.9,33.0,59940
2024-03-23T14:54:16.000000+00:00,0.0,0.0,0.0,0.0,0.0,0.0,0.0,0.0,0.0,0.0,0.0,77.9,33.0,59940
2024-03-23T14:55:16.000000+00:00,0.0,0.0,0.0,0.0,0.0,0.0,0.0,0.0,0.0,0.0,0.0,77.9,33.0,59940
2024-03-23T14:56:16.000000+00:00,0.0,0.0,0.0,0.0,0.0,0.0,0.0,0.0,0.0,0.0,0.0,77.9,33.0,59940
2024-03-23T14:57:16.000000+00:00,0.0,0.0,0.0,0.0,0.0,0.0,0.0,0.0,0.0,0.0,0.0,77.9,33.0,59940
2024-03-23T14:58:16.000000+00:00,0.0,0.0,0.0,0.0,0.0,0.0,0.0,0.0,0.0,0.0,0.0,77.9,33.0,59940
2024-03-23T14:59:16.000000+00:00,0.0,0.0,0.0,0.0,0.0,0.0,0.0,0.0,0.0,0.0,0.0,77.9,33.0,59940
2024-03-23T15:00:16.000000+00:00,0.0,0.0,0.0,0.0,0.0,0.0,0.0,0.0,0.0,0.0,0.0,77.9,33.0,59940
2024-03-23T15:01:16.000000+00:00,0.0,0.0,0.0,0.0,0.0,0.0,0.0,0.0,0.0,0.0,0.0,77.9,33.0,59940
2024-03-23T15:02:16.000000+00:00,0.0,0.0,0.0,0.0,0.0,0.0,0.0,0.0,0.0,0.0,0.0,77.9,33.0,59940
2024-03-23T15:03:16.000000+00:00,0.0,0.0,0.0,0.0,0.0,0.0,0.0,0.0,0.0,0.0,0.0,77.9,33.0,59940
2024-03-23T15:04:16.000000+00:00,0.0,0.0,0.0,0.0,0.0,0.0,0.0,0.0,0.0,0.0,0.0,77.9,33.0,59940
2024-03-23T15:05:16.000000+00:00,0.0,0.0,0.0,0.0,0.0,0.0,0.0,0.0,0.0,0.0,0.0,77.9,33.0,59940
2024-03-23T15:06:16.000000+00:00,0.0,0.0,0.0,0.0,0.0,0.0,0.0,0.0,0.0,0.0,0.0,77.9,33.0,59940
2024-03-23T15:07:16.000000+00:00,0.0,0.0,0.0,0.0,0.0,0.0,0.0,0.0,0.0,0.0,0.0,77.9,33.0,59940
2024-03-23T15:08:16.000000+00:00,0.0,0.0,0.0,0.0,0.0,0.0,0.0,0.0,0.0,0.0,0.0,77.9,33.0,59940
2024-03-23T15:09:16.000000+00:00,0.0,0.0,0.0,0.0,0.0,0.0,0.0,0.0,0.0,0.0,0.0,77.9,33.0,59940
2024-03-23T15:10:16.000000+00:00,0.0,0.0,0.0,0.0,0.0,0.0,0.0,0.0,0.0,0.0,0.0,77.9,33.0,59940
2024-03-23T15:11:16.000000+00:00,0.0,0.0,0.0,0.0,0.0,0.0,0.0,0.0,0.0,0.0,0.0,77.9,33.0,59940
2024-03-23T15:12:16.000000+00:00,0.0,0.0,0.0,0.0,0.0,0.0,0.0,0.0,0.0,0.0,0.0,77.9,33.0,59940
2024-03-23T15:13:17.000000+00:00,0.0,0.0,0.0,0.0,0.0,0.0,0.0,0.0,0.0,0.0,0.0,77.9,33.0,59940
2024-03-23T15:14:17.000000+00:00,0.0,0.0,0.0,0.0,0.0,0.0,0.0,0.0,0.0,0.0,0.0,77.9,33.0,59940
2024-03-23T15:15:17.000000+00:00,0.0,0.0,0.0,0.0,0.0,0.0,0.0,0.0,0.0,0.0,0.0,77.9,33.0,59940
2024-03-23T15:16:17.000000+00:00,0.0,0.0,0.0,0.0,0.0,0.0,0.0,0.0,0.0,0.0,0.0,77.8,33.0,59940
2024-03-23T15:17:17.000000+00:00,0.0,0.0,0.0,0.0,0.0,0.0,0.0,0.0,0.0,0.0,0.0,77.8,33.0,59940
2024-03-23T15:18:17.000000+00:00,0.0,0.0,0.0,0.0,0.0,0.0,0.0,0.0,0.0,0.0,0.0,77.8,33.0,59940
2024-03-23T15:19:17.000000+00:00,0.0,0.0,0.0,0.0,0.0,0.0,0.0,0.0,0.0,0.0,0.0,77.8,33.0,59940
2024-03-23T15:20:17.000000+00:00,0.0,0.0,0.0,0.0,0.0,0.0,0.0,0.0,0.0,0.0,0.0,77.8,33.0,59940
2024-03-23T15:21:17.000000+00:00,0.0,0.0,0.0,0.0,0.0,0.0,0.0,0.0,0.0,0.0,0.0,77.8,33.0,59940
2024-03-23T15:22:17.000000+00:00,0.0,0.0,0.0,0.0,0.0,0.0,0.0,0.0,0.0,0.0,0.0,77.8,33.0,59940
2024-03-23T15:23:17.000000+00:00,0.0,0.0,0.0,0.0,0.0,0.0,0.0,0.0,0.0,0.0,0.0,77.8,33.0,59940
2024-03-23T15:24:17.000000+00:00,0.0,0.0,0.0,0.0,0.0,0.0,0.0,0.0,0.0,0.0,0.0,77.8,33.0,59940
2024-03-23T15:25:17.000000+00:00,0.0,0.0,0.0,0.0,0.0,0.0,0.0,0.0,0.0,0.0,0.0,77.8,33.0,59940
2024-03-23T15:26:17.000000+00:00,0.0,0.0,0.0,0.0,0.0,0.0,0.0,0.0,0.0,0.0,0.0,77.8,33.0,59940
2024-03-23T15:27:17.000000+00:00,0.0,0.0,0.0,0.0,0.0,0.0,0.0,0.0,0.0,0.0,0.0,77.8,33.0,59940
2024-03-23T15:28:17.000000+00:00,0.0,0.0,0.0,0.0,0.0,0.0,0.0,0.0,0.0,0.0,0.0,77.8,33.0,59940
2024-03-23T15:29:17.000000+00:00,0.0,0.0,0.0,0.0,0.0,0.0,0.0,0.0,0.0,0.0,0.0,77.8,33.0,59940
2024-03-23T15:30:17.000000+00:00,0.0,0.0,0.0,0.0,0.0,0.0,0.0,0.0,0.0,0.0,0.0,77.8,33.0,59940
2024-03-23T15:31:17.000000+00:00,0.0,0.0,0.0,0.0,0.0,0.0,0.0,0.0,0.0,0.0,0.0,77.8,33.0,59940
2024-03-23T15:32:17.000000+00:00,0.0,0.0,0.0,0.0,0.0,0.0,0.0,0.0,0.0,0.0,0.0,77.8,33.0,59940
2024-03-23T15:33:17.000000+00:00,0.0,0.0,0.0,0.0,0.0,0.0,0.0,0.0,0.0,0.0,0.0,77.8,33.0,59940
2024-03-23T15:34:17.000000+00:00,0.0,0.0,0.0,0.0,0.0,0.0,0.0,0.0,0.0,0.0,0.0,77.8,33.0,59940
2024-03-23T15:35:17.000000+00:00,0.0,0.0,0.0,0.0,0.0,0.0,0.0,0.0,0.0,0.0,0.0,77.8,33.0,59940
2024-03-23T15:36:17.000000+00:00,0.0,0.0,0.0,0.0,0.0,0.0,0.0,0.0,0.0,0.0,0.0,77.8,33.0,59940
2024-03-23T15:37:17.000000+00:00,0.0,0.0,0.0,0.0,0.0,0.0,0.0,0.0,0.0,0.0,0.0,77.8,33.0,59940
2024-03-23T15:38:17.000000+00:00,0.0,0.0,0.0,0.0,0.0,0.0,0.0,0.0,0.0,0.0,0.0,77.8,33.0,59940
2024-03-23T15:39:17.000000+00:00,0.0,0.0,0.0,0.0,0.0,0.0,0.0,0.0,0.0,0.0,0.0,77.8,33.0,59940
2024-03-23T15:40:17.000000+00:00,0.0,0.0,0.0,0.0,0.0,0.0,0.0,0.0,0.0,0.0,0.0,77.8,33.0,59940
2024-03-23T15:41:17.000000+00:00,0.0,0.0,0.0,0.0,0.0,0.0,0.0,0.0,0.0,0.0,0.0,77.8,33.0,59940
2024-03-23T15:42:17.000000+00:00,0.0,0.0,0.0,0.0,0.0,0.0,0.0,0.0,0.0,0.0,0.0,77.8,33.0,59940
2024-03-23T15:43:17.000000+00:00,0.0,0.0,0.0,0.0,0.0,0.0,0.0,0.0,0.0,0.0,0.0,77.8,33.0,59940
2024-03-23T15:43:36.000000+00:00,0.0,0.0,0.0,0.0,0.0,0.0,0.0,0.0,0.0,0.0,0.0,77.8,33.0,59940
2024-03-23T15:43:36.000000+00:00,0.0,0.0,0.0,0.0,0.0,0.0,0.0,0.0,0.0,0.0,0.0,77.8,33.0,59940
2024-03-23T15:43:37.000000+00:00,0.0,0.0,0.0,0.0,0.0,0.0,0.0,0.0,0.0,0.0,0.0,77.8,33.0,59940
2024-03-23T15:43:37.000000+00:00,0.0,0.0,0.0,0.0,0.0,0.0,0.0,0.0,0.0,0.0,0.0,77.8,33.0,59940
2024-03-23T15:43:37.000000+00:00,0.0,0.0,0.0,0.0,0.0,0.0,0.0,0.0,0.0,0.0,0.0,77.8,33.0,59940
2024-03-23T15:43:37.000000+00:00,0.0,0.0,0.0,0.0,0.0,0.0,0.0,0.0,0.0,0.0,0.0,77.8,33.0,59940
2024-03-23T15:43:38.000000+00:00,241.6,50.3,240.9,50.3,0.0,0.0,0.0,0.0,0.0,0.0,0.0,77.8,33.0,59940
2024-03-23T15:43:44.000000+00:00,238.2,50.3,237.9,50.3,0.0,0.0,0.0,0.0,0.0,0.0,7.0,78.0,33.0,59940
2024-03-23T15:43:44.000000+00:00,238.2,50.3,237.9,50.3,0.0,0.0,0.0,0.0,0.0,0.0,7.0,78.0,33.0,59940
2024-03-23T15:43:45.000000+00:00,238.2,50.3,237.9,50.3,0.0,0.0,0.0,0.0,0.0,0.0,7.0,78.0,33.0,59940
2024-03-23T15:43:48.000000+00:00,238.2,50.3,237.9,50.3,0.0,0.0,0.0,0.0,0.0,0.0,8.0,78.1,33.0,59940
2024-03-23T15:43:50.000000+00:00,237.4,50.3,236.3,50.3,237.3,50.3,2.1,490.0,450.0,92.0,16.0,78.1,33.0,59940
2024-03-23T15:43:50.000000+00:00,237.4,50.3,236.3,50.3,237.3,50.3,2.1,490.0,450.0,92.0,16.0,78.1,33.0,59940
2024-03-23T15:43:51.000000+00:00,237.4,50.3,236.3,50.3,237.3,50.3,2.1,490.0,450.0,92.0,16.0,78.1,33.0,59940
2024-03-23T15:44:17.000000+00:00,235.8,50.3,235.1,50.3,228.9,50.3,5.8,1320.0,1020.0,77.0,44.0,78.8,33.0,290
2024-03-23T15:45:17.000000+00:00,234.4,50.3,234.4,50.3,228.9,50.3,5.6,1270.0,980.0,77.0,43.0,79.8,34.0,312
2024-03-23T15:46:17.000000+00:00,232.5,50.2,232.1,50.2,228.9,50.2,6.3,1440.0,1170.0,81.0,48.0,80.5,34.0,253
2024-03-23T15:47:17.000000+00:00,233.1,50.2,233.1,50.2,228.9,50.2,6.3,1440.0,1170.0,81.0,47.0,81.0,35.0,238
2024-03-23T15:48:17.000000+00:00,235.5,50.0,234.4,50.0,228.9,50.0,6.3,1440.0,1170.0,81.0,48.0,81.3,35.0,239
2024-03-23T15:49:17.000000+00:00,233.6,49.9,232.6,49.9,228.9,49.9,6.3,1440.0,1170.0,81.0,48.0,81.5,36.0,251
2024-03-23T15:50:17.000000+00:00,234.6,49.7,235.2,49.7,228.9,49.7,6.2,1410.0,1140.0,81.0,48.0,81.6,36.0,258
2024-03-23T15:51:17.000000+00:00,233.7,49.9,233.6,49.9,228.9,49.9,6.1,1400.0,1130.0,81.0,47.0,81.7,37.0,249
2024-03-23T15:52:17.000000+00:00,234.7,50.2,233.7,50.2,228.9,50.2,6.3,1440.0,1190.0,83.0,47.0,81.8,37.0,256
2024-03-23T15:53:17.000000+00:00,233.5,50.2,233.1,50.2,228.9,50.2,6.3,1430.0,1180.0,83.0,48.0,81.8,38.0,262
2024-03-23T15:54:17.000000+00:00,232.1,50.0,232.1,50.0,228.9,50.0,6.1,1390.0,1120.0,81.0,46.0,81.9,38.0,286
2024-03-23T15:55:17.000000+00:00,235.6,49.9,236.1,49.9,228.9,49.9,5.9,1360.0,1090.0,80.0,46.0,81.9,39.0,294
2024-03-23T15:56:17.000000+00:00,235.0,49.8,235.4,49.8,228.9,49.8,6.0,1360.0,1090.0,80.0,46.0,81.9,39.0,287
2024-03-23T15:57:17.000000+00:00,234.2,49.8,234.2,49.8,228.9,49.8,6.0,1370.0,1080.0,79.0,46.0,81.9,40.0,332
2024-03-23T15:58:17.000000+00:00,233.4,50.0,234.2,50.0,228.9,49.9,5.7,1310.0,1020.0,78.0,44.0,82.0,40.0,346
2024-03-23T15:59:17.000000+00:00,234.1,50.6,233.5,50.6,228.9,50.6,5.6,1290.0,1020.0,79.0,43.0,82.0,41.0,360
2024-03-23T16:00:17.000000+00:00,234.3,50.5,234.3,50.5,228.9,50.5,5.6,1290.0,1020.0,79.0,43.0,82.0,41.0,359
2024-03-23T16:01:17.000000+00:00,233.5,50.4,234.5,50.4,228.9,50.4,5.7,1290.0,1020.0,79.0,43.0,82.0,42.0,380
2024-03-23T16:02:17.000000+00:00,233.3,50.3,233.3,50.3,228.9,50.3,5.6,1290.0,1020.0,79.0,43.0,82.0,42.0,384
2024-03-23T16:03:17.000000+00:00,234.5,50.3,234.5,50.3,228.9,50.3,5.6,1290.0,1010.0,78.0,43.0,82.0,43.0,389
2024-03-23T16:04:17.000000+00:00,233.6,50.2,234.6,50.2,228.9,50.2,5.6,1280.0,990.0,77.0,43.0,82.0,43.0,393
2024-03-23T16:05:17.000000+00:00,235.5,50.2,235.5,50.2,228.9,50.2,5.6,1280.0,990.0,77.0,43.0,82.0,44.0,398
2024-03-23T16:06:18.000000+00:00,233.8,50.2,233.8,50.2,228.9,50.2,5.6,1290.0,1000.0,78.0,43.0,82.0,44.0,403
2024-03-23T16:07:18.000000+00:00,233.4,50.1,233.4,50.1,228.9,50.1,5.6,1290.0,1000.0,78.0,43.0,82.1,45.0,407
2024-03-23T16:08:18.000000+00:00,234.3,50.2,234.3,50.2,228.9,50.2,5.6,1280.0,1000.0,78.0,43.0,82.1,45.0,411
2024-03-23T16:09:18.000000+00:00,234.8,50.1,234.8,50.1,228.9,50.1,5.6,1290.0,1000.0,78.0,43.0,82.1,46.0,416
2024-03-23T16:10:18.000000+00:00,234.9,50.1,234.4,50.1,228.9,50.1,5.6,1280.0,990.0,77.0,42.0,82.1,46.0,421
2024-03-23T16:11:18.000000+00:00,235.4,50.1,234.4,50.1,228.9,50.1,5.6,1290.0,1000.0,78.0,43.0,82.1,47.0,425
2024-03-23T16:12:18.000000+00:00,235.0,50.2,236.0,50.2,228.9,50.2,5.6,1280.0,990.0,77.0,43.0,82.1,47.0,430
2024-03-23T16:13:18.000000+00:00,235.0,50.1,235.0,50.1,228.9,50.1,5.6,1280.0,990.0,77.0,43.0,82.1,48.0,434
2024-03-23T16:14:18.000000+00:00,234.0,50.0,234.0,50.0,228.9,50.0,5.6,1280.0,990.0,77.0,43.0,82.1,48.0,439
2024-03-23T16:15:18.000000+00:00,234.1,50.0,234.6,50.0,228.9,50.0,5.6,1290.0,1000.0,78.0,43.0,82.2,49.0,443
2024-03-23T16:16:18.000000+00:00,234.3,50.1,234.3,50.1,228.9,50.1,5.6,1290.0,1010.0,78.0,43.0,82.2,49.0,448
2024-03-23T16:17:18.000000+00:00,235.2,50.1,234.1,50.1,228.9,50.1,5.6,1290.0,1000.0,78.0,43.0,82.2,50.0,452
2024-03-23T16:18:18.000000+00:00,233.7,50.1,233.7,50.1,228.9,50.1,5.6,1290.0,1010.0,78.0,43.0,82.2,50.0,457
2024-03-23T16:19:18.000000+00:00,235.0,49.9,234.0,49.9,228.9,49.9,5.6,1290.0,1000.0,78.0,43.0,82.2,51.0,461
2024-03-23T16:20:18.000000+00:00,233.9,49.9,233.9,49.9,228.9,49.9,5.6,1290.0,1000.0,78.0,43.0,82.3,51.0,466
2024-03-23T16:21:18.000000+00:00,233.6,49.8,233.1,49.8,228.9,49.8,5.6,1290.0,1000.0,78.0,43.0,82.3,52.0,470
2024-03-23T16:22:18.000000+00:00,232.3,50.1,233.3,50.1,228.9,50.1,5.6,1280.0,1000.0,78.0,43.0,82.3,52.0,475
2024-03-23T16:23:18.000000+00:00,232.4,49.8,232.4,49.8,228.9,49.8,5.7,1300.0,1010.0,78.0,43.0,82.3,53.0,479
2024-03-23T16:24:18.000000+00:00,233.6,49.9,233.6,49.9,228.9,49.9,5.6,1290.0,1000.0,78.0,43.0,82.3,53.0,484
2024-03-23T16:25:18.000000+00:00,231.8,49.7,232.3,49.7,228.9,49.7,5.7,1300.0,1010.0,78.0,43.0,82.3,54.0,488
2024-03-23T16:26:18.000000+00:00,232.8,49.9,233.6,49.9,229.0,49.9,5.6,1290.0,1000.0,78.0,43.0,82.4,54.0,493
2024-03-23T16:27:18.000000+00:00,233.2,50.2,233.3,50.2,228.9,50.2,5.6,1280.0,1000.0,78.0,43.0,82.4,55.0,497
2024-03-23T16:28:18.000000+00:00,233.2,50.3,233.2,50.3,228.9,50.3,5.6,1280.0,1000.0,78.0,43.0,82.4,55.0,502
2024-03-23T16:29:18.000000+00:00,233.8,50.3,233.8,50.3,228.9,50.3,5.6,1280.0,1000.0,78.0,42.0,82.4,56.0,506
2024-03-23T16:30:18.000000+00:00,233.3,50.3,233.9,50.3,228.9,50.3,5.5,1270.0,990.0,78.0,43.0,82.5,56.0,511
2024-03-23T16:31:18.000000+00:00,232.5,50.2,232.5,50.2,228.9,50.2,5.6,1290.0,1010.0,78.0,42.0,82.5,57.0,516
2024-03-23T16:32:18.000000+00:00,233.2,50.3,233.2,50.3,228.9,50.3,5.6,1280.0,1000.0,78.0,43.0,82.5,57.0,520
2024-03-23T16:33:18.000000+00:00,232.9,50.2,233.8,50.2,228.9,50.2,5.6,1280.0,1000.0,78.0,42.0,82.5,58.0,525
2024-03-23T16:34:18.000000+00:00,233.2,50.1,233.2,50.1,228.9,50.1,5.6,1290.0,1000.0,78.0,42.0,82.6,58.0,529
2024-03-23T16:35:18.000000+00:00,233.4,50.0,233.4,50.0,228.9,50.1,5.6,1290.0,1010.0,78.0,43.0,82.6,59.0,534
2024-03-23T16:36:18.000000+00:00,234.1,50.1,234.6,50.1,228.9,50.1,5.6,1280.0,990.0,77.0,43.0,82.6,59.0,538
2024-03-23T16:37:18.000000+00:00,234.6,50.3,235.0,50.3,228.9,50.3,5.6,1280.0,1000.0,78.0,42.0,82.7,60.0,543
2024-03-23T16:38:18.000000+00:00,235.2,50.3,235.2,50.3,228.9,50.3,5.5,1270.0,990.0,78.0,43.0,82.7,60.0,547
2024-03-23T16:39:18.000000+00:00,233.6,50.1,233.6,50.1,228.9,50.1,5.6,1280.0,990.0,77.0,43.0,82.7,61.0,552
2024-03-23T16:40:18.000000+00:00,234.7,50.2,234.8,50.2,228.9,50.2,5.6,1280.0,1000.0,78.0,43.0,82.8,61.0,556
2024-03-23T16:41:18.000000+00:00,234.9,50.1,234.9,50.1,228.9,50.1,5.6,1280.0,1000.0,78.0,43.0,82.8,62.0,561
2024-03-23T16:42:18.000000+00:00,233.9,50.2,234.5,50.2,228.9,50.2,5.6,1280.0,1000.0,78.0,42.0,82.8,62.0,566
2024-03-23T16:43:18.000000+00:00,234.4,50.2,234.4,50.2,228.9,50.2,5.6,1280.0,990.0,77.0,43.0,82.9,63.0,570
2024-03-23T16:44:18.000000+00:00,233.8,50.1,233.8,50.1,228.9,50.1,5.6,1280.0,1000.0,78.0,43.0,82.9,63.0,575
2024-03-23T16:45:18.000000+00:00,234.7,50.2,235.1,50.2,228.9,50.2,5.6,1280.0,1000.0,78.0,43.0,83.0,64.0,579
2024-03-23T16:46:18.000000+00:00,234.7,50.3,234.7,50.3,228.9,50.3,5.5,1270.0,990.0,78.0,42.0,83.0,64.0,584
2024-03-23T16:47:18.000000+00:00,234.9,50.1,234.9,50.2,228.9,50.1,5.6,1280.0,990.0,77.0,43.0,83.1,65.0,588
2024-03-23T16:48:18.000000+00:00,235.6,50.2,235.6,50.2,229.0,50.2,5.6,1280.0,1000.0,78.0,43.0,83.1,65.0,593
2024-03-23T16:49:18.000000+00:00,235.9,50.0,236.0,50.0,229.0,50.0,5.6,1290.0,1000.0,78.0,43.0,83.2,66.0,598
2024-03-23T16:50:18.000000+00:00,235.7,50.0,234.4,50.0,228.9,50.0,5.6,1280.0,1000.0,78.0,43.0,83.2,66.0,602
2024-03-23T16:51:18.000000+00:00,234.9,49.9,234.7,49.9,228.9,49.9,5.6,1290.0,1000.0,78.0,43.0,83.3,67.0,607
2024-03-23T16:52:18.000000+00:00,234.9,49.8,235.3,49.8,228.9,49.8,5.6,1290.0,1000.0,78.0,43.0,83.3,67.0,611
2024-03-23T16:53:18.000000+00:00,234.7,50.0,234.7,50.0,228.9,50.0,5.6,1280.0,1000.0,78.0,43.0,83.4,68.0,616
2024-03-23T16:54:18.000000+00:00,233.7,50.1,233.8,50.1,229.0,50.1,5.6,1290.0,1000.0,78.0,43.0,83.4,68.0,620
2024-03-23T16:55:18.000000+00:00,234.0,50.2,235.0,50.2,228.9,50.2,5.5,1270.0,990.0,78.0,43.0,83.5,69.0,625
2024-03-23T16:56:18.000000+00:00,234.8,50.2,234.8,50.2,228.9,50.2,5.6,1280.0,1000.0,78.0,43.0,83.6,69.0,629
2024-03-23T16:57:19.000000+00:00,234.0,50.3,234.0,50.3,228.9,50.3,5.6,1270.0,990.0,78.0,43.0,83.6,70.0,634
2024-03-23T16:58:19.000000+00:00,235.5,50.3,235.5,50.3,228.9,50.3,5.6,1270.0,1000.0,79.0,42.0,83.7,70.0,638
2024-03-23T16:59:19.000000+00:00,235.5,50.4,234.9,50.4,229.0,50.4,5.5,1260.0,990.0,79.0,42.0,83.1,71.0,642
2024-03-23T17:00:19.000000+00:00,234.9,50.4,235.0,50.4,228.9,50.4,5.6,1270.0,1000.0,79.0,42.0,83.3,71.0,646
2024-03-23T17:01:19.000000+00:00,235.9,50.5,235.9,50.5,228.9,50.5,5.5,1270.0,1000.0,79.0,42.0,83.5,72.0,650
2024-03-23T17:02:19.000000+00:00,235.2,50.3,235.2,50.3,228.9,50.3,5.5,1270.0,990.0,78.0,42.0,83.7,72.0,655
2024-03-23T17:03:19.000000+00:00,235.5,50.3,235.5,50.3,228.9,50.3,5.5,1260.0,990.0,79.0,42.0,83.7,73.0,659
2024-03-23T17:04:19.000000+00:00,235.8,50.3,235.8,50.3,228.9,50.3,5.6,1280.0,1000.0,78.0,42.0,83.8,73.0,663
2024-03-23T17:05:19.000000+00:00,235.3,50.4,235.3,50.3,228.9,50.3,5.6,1280.0,1000.0,78.0,42.0,83.9,74.0,667
2024-03-23T17:06:19.000000+00:00,237.3,50.5,237.4,50.5,229.0,50.5,5.5,1260.0,990.0,79.0,42.0,84.0,74.0,671
2024-03-23T17:07:19.000000+00:00,237.1,50.4,237.1,50.4,229.0,50.4,5.5,1260.0,990.0,79.0,42.0,84.1,75.0,675
2024-03-23T17:08:19.000000+00:00,236.8,50.5,236.8,50.5,228.9,50.5,5.5,1260.0,990.0,79.0,42.0,84.2,75.0,679
2024-03-23T17:09:19.000000+00:00,237.1,50.4,237.1,50.4,229.0,50.4,5.6,1270.0,1000.0,79.0,43.0,84.3,75.0,683
2024-03-23T17:10:19.000000+00:00,237.0,50.5,237.4,50.5,229.0,50.5,5.5,1260.0,990.0,79.0,42.0,84.4,76.0,687
2024-03-23T17:11:19.000000+00:00,236.6,50.5,236.6,50.5,228.9,50.5,5.5,1260.0,990.0,79.0,42.0,84.3,76.0,691
2024-03-23T17:12:19.000000+00:00,237.5,50.6,238.2,50.6,228.9,50.6,5.5,1260.0,990.0,79.0,42.0,84.0,77.0,695
2024-03-23T17:13:19.000000+00:00,237.8,50.5,237.8,50.5,229.0,50.5,5.5,1260.0,990.0,79.0,42.0,84.0,77.0,699
2024-03-23T17:14:19.000000+00:00,238.6,50.4,239.1,50.4,229.0,50.4,5.6,1270.0,1000.0,79.0,42.0,83.9,78.0,703
2024-03-23T17:15:19.000000+00:00,234.4,50.3,234.9,50.3,228.9,50.3,5.6,1270.0,990.0,78.0,42.0,83.9,78.0,708
2024-03-23T17:16:19.000000+00:00,234.8,50.2,234.3,50.2,228.9,50.2,5.5,1270.0,990.0,78.0,42.0,83.9,79.0,712
2024-03-23T17:17:19.000000+00:00,234.3,50.3,234.3,50.3,228.9,50.3,5.6,1270.0,1000.0,79.0,42.0,83.9,79.0,716
2024-03-23T17:18:19.000000+00:00,234.9,50.2,233.8,50.2,228.9,50.2,5.6,1280.0,1000.0,78.0,43.0,83.9,79.0,720
2024-03-23T17:19:19.000000+00:00,233.6,49.9,233.6,49.9,229.0,49.9,5.6,1290.0,1000.0,78.0,43.0,83.8,80.0,724
2024-03-23T17:20:19.000000+00:00,233.9,49.8,233.3,49.8,229.0,49.8,5.7,1290.0,1000.0,78.0,43.0,83.8,80.0,728
2024-03-23T17:21:19.000000+00:00,233.8,49.9,233.8,49.9,228.9,49.9,5.6,1280.0,990.0,77.0,43.0,83.8,81.0,732
2024-03-23T17:22:19.000000+00:00,234.7,50.2,233.7,50.2,228.9,50.2,5.6,1280.0,1000.0,78.0,43.0,83.8,81.0,736
2024-03-23T17:23:19.000000+00:00,233.4,50.2,233.4,50.2,228.9,50.2,5.6,1280.0,1000.0,78.0,42.0,83.8,82.0,740
2024-03-23T17:24:19.000000+00:00,233.9,50.2,233.9,50.3,229.0,50.3,5.6,1280.0,1000.0,78.0,43.0,83.8,82.0,744
2024-03-23T17:25:19.000000+00:00,233.4,50.1,233.4,50.1,229.0,50.1,5.6,1280.0,1000.0,78.0,43.0,83.8,83.0,748
2024-03-23T17:26:19.000000+00:00,232.8,50.0,232.8,50.0,228.9,50.0,5.6,1280.0,1000.0,78.0,43.0,83.8,83.0,753
2024-03-23T17:27:19.000000+00:00,233.0,50.1,233.0,50.1,228.9,50.1,5.6,1280.0,1000.0,78.0,43.0,83.8,83.0,756
2024-03-23T17:28:19.000000+00:00,232.4,49.9,232.4,49.9,228.9,49.9,5.6,1290.0,1000.0,78.0,43.0,83.8,84.0,761
2024-03-23T17:29:19.000000+00:00,233.0,49.9,233.0,49.9,228.9,49.9,5.6,1290.0,1000.0,78.0,43.0,83.8,84.0,765
2024-03-23T17:30:19.000000+00:00,233.6,49.9,232.6,49.9,228.9,49.9,5.6,1280.0,990.0,77.0,43.0,83.8,85.0,769
2024-03-23T17:31:19.000000+00:00,232.8,49.8,232.8,49.8,229.0,49.8,5.6,1290.0,1000.0,78.0,43.0,83.8,85.0,773
2024-03-23T17:32:19.000000+00:00,232.9,49.9,232.9,49.9,228.9,49.9,5.6,1290.0,1000.0,78.0,43.0,83.8,86.0,777
2024-03-23T17:33:19.000000+00:00,234.1,49.9,234.1,49.9,228.9,49.9,5.6,1290.0,1000.0,78.0,43.0,83.8,86.0,781
2024-03-23T17:34:19.000000+00:00,234.2,50.0,233.7,50.0,229.0,50.0,5.6,1290.0,1000.0,78.0,43.0,83.8,87.0,785
2024-03-23T17:35:19.000000+00:00,234.2,49.9,234.2,49.9,229.0,49.9,5.7,1300.0,1010.0,78.0,43.0,83.8,87.0,789
2024-03-23T17:36:19.000000+00:00,233.6,49.9,233.6,49.9,228.9,49.9,5.6,1290.0,1000.0,78.0,43.0,83.8,88.0,793
2024-03-23T17:37:19.000000+00:00,234.3,50.2,234.7,50.2,229.0,50.2,5.6,1280.0,1000.0,78.0,43.0,83.8,88.0,797
2024-03-23T17:38:19.000000+00:00,234.7,50.1,234.7,50.1,229.0,50.1,5.6,1280.0,1000.0,78.0,43.0,83.8,88.0,802
2024-03-23T17:39:19.000000+00:00,234.9,50.1,234.9,50.1,229.0,50.1,5.6,1290.0,1010.0,78.0,42.0,83.8,89.0,805
2024-03-23T17:40:19.000000+00:00,234.9,49.9,234.4,50.0,228.9,50.0,5.6,1280.0,1000.0,78.0,43.0,83.8,89.0,810
2024-03-23T17:41:19.000000+00:00,235.8,50.0,235.8,50.0,228.9,50.0,5.6,1290.0,1000.0,78.0,43.0,83.8,90.0,814
2024-03-23T17:42:19.000000+00:00,236.5,50.0,236.5,50.0,229.0,50.0,5.6,1280.0,990.0,77.0,43.0,83.8,90.0,816
2024-03-23T17:43:19.000000+00:00,235.2,50.2,235.2,50.2,229.0,50.2,5.6,1280.0,1000.0,78.0,42.0,83.7,90.0,816
2024-03-23T17:44:19.000000+00:00,234.9,50.1,235.3,50.2,229.0,50.2,5.5,1270.0,990.0,78.0,43.0,83.7,90.0,816
2024-03-23T17:45:19.000000+00:00,234.8,50.0,235.3,50.0,228.9,50.0,5.6,1290.0,1010.0,78.0,43.0,83.7,90.0,816
2024-03-23T17:46:19.000000+00:00,235.9,50.2,235.9,50.2,229.0,50.2,5.6,1280.0,1000.0,78.0,43.0,83.8,90.0,816
2024-03-23T17:47:19.000000+00:00,237.5,50.4,237.5,50.4,229.0,50.4,5.5,1270.0,990.0,78.0,42.0,83.7,90.0,816
2024-03-23T17:48:19.000000+00:00,237.5,50.3,237.5,50.3,229.0,50.3,5.5,1270.0,990.0,78.0,43.0,83.7,90.0,816
2024-03-23T17:49:19.000000+00:00,237.1,50.1,237.1,50.1,229.0,50.1,5.6,1280.0,1000.0,78.0,43.0,83.7,90.0,816
2024-03-23T17:50:19.000000+00:00,237.4,50.2,237.0,50.2,229.0,50.2,5.6,1290.0,1000.0,78.0,43.0,83.7,90.0,816
2024-03-23T17:51:19.000000+00:00,237.6,50.1,237.1,50.1,229.0,50.1,5.6,1280.0,990.0,77.0,43.0,83.7,90.0,816
2024-03-23T17:52:20.000000+00:00,238.1,50.1,238.1,50.1,229.0,50.1,5.6,1280.0,990.0,77.0,43.0,83.7,90.0,816
2024-03-23T17:53:20.000000+00:00,238.0,50.2,238.0,50.2,229.0,50.2,5.5,1270.0,990.0,78.0,42.0,83.7,90.0,816
2024-03-23T17:54:20.000000+00:00,238.6,50.2,237.7,50.2,228.9,50.2,5.6,1290.0,1000.0,78.0,43.0,83.7,90.0,816
2024-03-23T17:55:20.000000+00:00,237.4,50.1,237.9,50.1,229.0,50.1,5.6,1280.0,1000.0,78.0,43.0,84.0,90.0,816
2024-03-23T17:56:20.000000+00:00,238.7,50.3,238.7,50.3,229.0,50.3,5.5,1270.0,990.0,78.0,42.0,84.0,90.0,816
2024-03-23T17:57:20.000000+00:00,239.4,50.3,238.9,50.3,228.9,50.3,5.5,1270.0,990.0,78.0,42.0,84.2,90.0,816
2024-03-23T17:58:20.000000+00:00,239.4,50.3,239.4,50.3,229.0,50.3,5.6,1270.0,1000.0,79.0,43.0,84.2,90.0,816
2024-03-23T17:59:20.000000+00:00,239.3,50.3,239.7,50.3,229.0,50.4,5.5,1270.0,990.0,78.0,42.0,84.3,90.0,817
2024-03-23T18:00:20.000000+00:00,235.8,50.4,236.3,50.4,228.9,50.4,5.5,1270.0,1000.0,79.0,42.0,84.3,90.0,817
2024-03-23T18:01:20.000000+00:00,235.9,50.3,235.9,50.3,228.9,50.3,5.6,1280.0,1000.0,78.0,43.0,84.2,90.0,817
2024-03-23T18:02:20.000000+00:00,235.1,50.4,236.2,50.4,229.0,50.4,5.5,1260.0,990.0,79.0,42.0,84.1,90.0,817
2024-03-23T18:03:20.000000+00:00,236.3,50.3,236.3,50.3,228.9,50.3,5.6,1280.0,1000.0,78.0,42.0,84.0,90.0,817
2024-03-23T18:04:20.000000+00:00,235.1,50.3,235.5,50.3,228.9,50.3,5.6,1270.0,1000.0,79.0,42.0,84.0,90.0,817
2024-03-23T18:05:20.000000+00:00,236.3,50.3,236.3,50.3,228.9,50.3,5.6,1270.0,1000.0,79.0,42.0,84.0,90.0,817
2024-03-23T18:06:20.000000+00:00,236.7,50.3,237.1,50.3,229.0,50.3,5.5,1270.0,990.0,78.0,43.0,83.9,90.0,817
2024-03-23T18:07:20.000000+00:00,236.8,50.4,236.8,50.4,229.0,50.4,5.6,1280.0,1000.0,78.0,42.0,83.9,90.0,817
2024-03-23T18:08:20.000000+00:00,237.5,50.3,237.5,50.3,229.0,50.3,5.5,1270.0,990.0,78.0,42.0,83.9,90.0,817
2024-03-23T18:09:20.000000+00:00,236.8,50.3,236.8,50.3,229.0,50.3,5.6,1280.0,1000.0,78.0,42.0,83.9,90.0,817
2024-03-23T18:10:20.000000+00:00,236.9,50.2,235.9,50.2,228.9,50.2,5.5,1270.0,990.0,78.0,43.0,83.9,90.0,817
2024-03-23T18:11:20.000000+00:00,237.1,50.2,236.1,50.2,229.0,50.2,5.6,1280.0,1000.0,78.0,43.0,83.9,90.0,817
2024-03-23T18:12:20.000000+00:00,237.1,50.2,237.1,50.2,228.9,50.2,5.6,1280.0,1000.0,78.0,42.0,83.9,90.0,817
2024-03-23T18:13:20.000000+00:00,237.0,50.2,236.9,50.2,229.0,50.2,5.6,1270.0,990.0,78.0,43.0,83.8,90.0,817
2024-03-23T18:14:20.000000+00:00,236.8,50.2,236.8,50.2,229.0,50.2,5.5,1270.0,990.0,78.0,43.0,83.8,90.0,817
2024-03-23T18:15:20.000000+00:00,237.8,50.1,237.4,50.1,229.0,50.1,5.6,1280.0,1000.0,78.0,43.0,83.8,90.0,817
2024-03-23T18:16:20.000000+00:00,237.8,50.3,237.8,50.3,229.0,50.3,5.5,1270.0,990.0,78.0,42.0,83.8,90.0,817
2024-03-23T18:17:20.000000+00:00,237.7,50.2,237.7,50.2,228.9,50.2,5.6,1280.0,1010.0,79.0,43.0,83.8,90.0,817
2024-03-23T18:18:20.000000+00:00,237.1,50.3,237.0,50.3,229.0,50.3,5.6,1270.0,990.0,78.0,43.0,83.8,90.0,817
2024-03-23T18:19:20.000000+00:00,237.6,50.4,237.2,50.4,229.0,50.4,5.5,1270.0,1000.0,79.0,42.0,83.8,90.0,818
2024-03-23T18:20:20.000000+00:00,237.8,50.4,238.0,50.4,228.9,50.4,5.5,1270.0,990.0,78.0,42.0,83.8,90.0,818
2024-03-23T18:21:20.000000+00:00,237.5,50.1,237.4,50.1,228.9,50.1,5.6,1280.0,1000.0,78.0,43.0,83.8,90.0,818
2024-03-23T18:22:20.000000+00:00,237.3,50.1,237.3,50.1,228.9,50.1,5.6,1280.0,1000.0,78.0,43.0,83.8,90.0,818
2024-03-23T18:23:20.000000+00:00,238.0,50.3,238.0,50.3,229.0,50.3,5.6,1280.0,1000.0,78.0,43.0,83.8,90.0,818
2024-03-23T18:24:20.000000+00:00,238.7,50.3,238.7,50.3,229.0,50.3,5.5,1270.0,990.0,78.0,42.0,83.8,90.0,818
2024-03-23T18:25:20.000000+00:00,239.2,50.3,238.8,50.3,229.0,50.3,5.5,1270.0,990.0,78.0,43.0,83.8,90.0,818
2024-03-23T18:26:20.000000+00:00,239.3,50.2,239.3,50.2,228.9,50.2,5.6,1280.0,1000.0,78.0,42.0,83.8,90.0,818
2024-03-23T18:27:20.000000+00:00,238.9,50.2,238.9,50.2,229.0,50.2,5.6,1270.0,1000.0,79.0,42.0,83.8,90.0,818
2024-03-23T18:28:20.000000+00:00,238.9,50.2,238.9,50.2,229.0,50.2,5.6,1280.0,1000.0,78.0,43.0,83.8,90.0,818
2024-03-23T18:29:20.000000+00:00,239.4,50.2,239.4,50.2,229.0,50.2,5.6,1270.0,1000.0,79.0,43.0,83.8,90.0,818
2024-03-23T18:30:20.000000+00:00,237.5,50.3,236.5,50.3,228.9,50.3,5.6,1280.0,1000.0,78.0,42.0,83.8,90.0,818
2024-03-23T18:31:20.000000+00:00,237.2,50.2,236.8,50.1,228.9,50.1,5.6,1280.0,1000.0,78.0,43.0,83.8,90.0,818
2024-03-23T18:32:20.000000+00:00,236.4,50.3,237.0,50.3,229.0,50.3,5.6,1280.0,1000.0,78.0,42.0,83.7,90.0,818
2024-03-23T18:33:20.000000+00:00,237.2,50.3,237.2,50.3,228.9,50.3,5.5,1270.0,1000.0,79.0,42.0,83.7,90.0,818
2024-03-23T18:34:20.000000+00:00,236.7,50.3,237.6,50.3,229.0,50.3,5.5,1270.0,990.0,78.0,42.0,83.7,90.0,818
2024-03-23T18:35:20.000000+00:00,237.8,50.2,237.8,50.2,229.0,50.2,5.5,1270.0,990.0,78.0,42.0,83.7,90.0,818
2024-03-23T18:36:20.000000+00:00,237.0,50.0,237.9,50.0,229.0,50.1,5.6,1290.0,1010.0,78.0,43.0,83.7,90.0,818
2024-03-23T18:37:20.000000+00:00,237.7,50.1,237.7,50.1,229.0,50.1,5.6,1280.0,990.0,77.0,43.0,83.7,90.0,818
2024-03-23T18:38:20.000000+00:00,237.8,50.4,238.3,50.4,229.0,50.4,5.5,1270.0,990.0,78.0,42.0,83.7,90.0,818
2024-03-23T18:39:20.000000+00:00,237.7,50.2,237.8,50.2,229.0,50.2,5.6,1280.0,1000.0,78.0,42.0,83.8,90.0,819
2024-03-23T18:40:20.000000+00:00,238.6,50.3,238.6,50.3,229.0,50.3,5.6,1280.0,1000.0,78.0,42.0,83.9,90.0,819
2024-03-23T18:41:20.000000+00:00,239.3,50.3,239.2,50.3,229.0,50.3,5.6,1280.0,1000.0,78.0,42.0,84.1,90.0,819
2024-03-23T18:42:20.000000+00:00,238.4,50.1,238.0,50.1,229.0,50.1,5.6,1280.0,990.0,77.0,43.0,84.2,90.0,819
2024-03-23T18:43:20.000000+00:00,238.3,50.1,238.3,50.1,228.9,50.1,5.6,1280.0,990.0,77.0,43.0,84.2,90.0,795
2024-03-23T18:44:20.000000+00:00,238.2,49.9,237.9,49.9,229.0,49.8,5.6,1290.0,1000.0,78.0,43.0,84.3,90.0,795
2024-03-23T18:45:20.000000+00:00,238.2,50.1,238.3,50.1,229.0,50.1,5.6,1280.0,990.0,77.0,43.0,84.3,90.0,795
2024-03-23T18:46:20.000000+00:00,238.7,50.2,238.2,50.2,228.9,50.2,5.6,1270.0,990.0,78.0,43.0,84.2,90.0,795
2024-03-23T18:47:20.000000+00:00,238.9,50.1,238.3,50.1,229.0,50.1,5.6,1280.0,1000.0,78.0,43.0,84.1,90.0,795
2024-03-23T18:48:20.000000+00:00,239.4,50.2,238.4,50.2,228.9,50.2,5.6,1270.0,1000.0,79.0,42.0,84.1,90.0,795
2024-03-23T18:49:20.000000+00:00,239.1,50.3,239.1,50.3,228.9,50.3,5.6,1280.0,1000.0,78.0,43.0,84.0,90.0,796
2024-03-23T18:50:21.000000+00:00,239.6,50.3,240.0,50.3,229.0,50.3,5.6,1280.0,1000.0,78.0,42.0,84.0,90.0,796
2024-03-23T18:51:21.000000+00:00,239.4,50.3,239.9,50.3,228.9,50.3,5.6,1270.0,1000.0,79.0,42.0,83.9,90.0,796
2024-03-23T18:52:21.000000+00:00,236.6,50.2,236.0,50.2,228.9,50.2,5.6,1270.0,990.0,78.0,43.0,83.9,90.0,796
2024-03-23T18:53:21.000000+00:00,235.9,50.0,236.4,50.0,228.9,50.0,5.6,1290.0,1000.0,78.0,43.0,83.9,90.0,796
2024-03-23T18:54:21.000000+00:00,236.1,50.0,236.0,50.0,228.9,50.0,5.6,1290.0,1000.0,78.0,43.0,83.9,90.0,796
2024-03-23T18:55:21.000000+00:00,237.3,50.2,237.4,50.2,228.9,50.2,5.6,1290.0,1010.0,78.0,42.0,83.8,90.0,796
2024-03-23T18:56:21.000000+00:00,236.5,50.2,236.5,50.2,229.0,50.2,5.6,1280.0,1000.0,78.0,43.0,83.8,90.0,796
2024-03-23T18:57:21.000000+00:00,236.5,50.2,236.5,50.2,229.0,50.2,5.6,1280.0,1000.0,78.0,43.0,83.8,90.0,796
2024-03-23T18:58:21.000000+00:00,236.8,50.1,236.8,50.1,228.9,50.1,5.6,1290.0,1000.0,78.0,43.0,83.8,90.0,808
2024-03-23T18:59:21.000000+00:00,236.6,50.0,236.6,50.0,228.9,50.0,5.6,1280.0,990.0,77.0,44.0,83.8,90.0,808
2024-03-23T19:00:21.000000+00:00,236.5,50.0,236.4,50.0,229.0,50.0,5.6,1280.0,1000.0,78.0,43.0,83.8,90.0,796
2024-03-23T19:01:21.000000+00:00,236.0,50.0,235.6,50.0,228.9,50.0,5.6,1290.0,1010.0,78.0,43.0,83.8,90.0,796
2024-03-23T19:02:21.000000+00:00,237.9,50.1,237.9,50.1,228.9,50.1,5.6,1290.0,1000.0,78.0,43.0,83.8,90.0,796
2024-03-23T19:03:21.000000+00:00,237.8,50.2,238.3,50.2,228.9,50.2,5.6,1290.0,1010.0,78.0,43.0,83.8,90.0,796
2024-03-23T19:04:21.000000+00:00,238.7,50.1,238.7,50.1,228.9,50.1,5.6,1280.0,1000.0,78.0,43.0,83.8,90.0,796
2024-03-23T19:05:21.000000+00:00,239.3,50.0,239.3,50.0,228.9,50.0,5.6,1280.0,990.0,77.0,43.0,83.8,90.0,796
2024-03-23T19:06:21.000000+00:00,240.1,50.2,240.1,50.2,229.0,50.2,5.5,1270.0,990.0,78.0,43.0,83.8,90.0,796
2024-03-23T19:07:21.000000+00:00,240.1,50.1,240.1,50.1,228.9,50.1,5.6,1280.0,1000.0,78.0,43.0,83.8,90.0,796
2024-03-23T19:08:21.000000+00:00,239.7,50.2,239.7,50.2,229.0,50.2,5.6,1280.0,1000.0,78.0,43.0,83.8,90.0,796
2024-03-23T19:09:21.000000+00:00,240.1,50.1,240.1,50.1,229.0,50.1,5.6,1280.0,1000.0,78.0,43.0,83.8,90.0,796
2024-03-23T19:10:21.000000+00:00,240.6,50.3,240.6,50.3,229.0,50.3,5.6,1280.0,1000.0,78.0,42.0,83.8,90.0,797
2024-03-23T19:11:21.000000+00:00,241.1,50.3,241.5,50.3,229.0,50.3,5.6,1280.0,1000.0,78.0,42.0,83.8,91.0,797
2024-03-23T19:12:21.000000+00:00,240.6,50.2,240.6,50.2,228.9,50.2,5.6,1270.0,990.0,78.0,42.0,83.8,91.0,797
2024-03-23T19:13:21.000000+00:00,238.0,50.3,237.0,50.3,228.9,50.3,5.5,1270.0,990.0,78.0,42.0,83.8,91.0,797
2024-03-23T19:14:21.000000+00:00,236.6,49.9,236.6,50.0,228.9,49.9,5.6,1290.0,1010.0,78.0,43.0,83.8,91.0,797
2024-03-23T19:15:21.000000+00:00,236.1,49.8,236.3,49.8,228.9,49.8,5.6,1290.0,1000.0,78.0,43.0,83.7,91.0,797
2024-03-23T19:16:21.000000+00:00,236.3,49.9,236.3,49.9,228.9,49.9,5.6,1290.0,1000.0,78.0,43.0,83.8,91.0,797
2024-03-23T19:17:21.000000+00:00,236.7,50.1,237.4,50.1,228.9,50.1,5.6,1280.0,990.0,77.0,43.0,83.7,91.0,797
2024-03-23T19:18:21.000000+00:00,235.6,50.1,236.2,50.1,228.9,50.1,5.6,1290.0,1010.0,78.0,43.0,83.8,91.0,797
2024-03-23T19:19:21.000000+00:00,236.4,50.0,236.4,50.0,228.9,50.0,5.6,1280.0,990.0,77.0,43.0,83.8,91.0,797
2024-03-23T19:20:21.000000+00:00,235.8,50.2,235.8,50.2,228.9,50.2,5.6,1280.0,1000.0,78.0,43.0,83.8,91.0,797
2024-03-23T19:21:21.000000+00:00,235.9,50.1,235.9,50.1,228.9,50.1,5.6,1280.0,990.0,77.0,43.0,83.8,91.0,797
2024-03-23T19:22:21.000000+00:00,236.2,50.2,236.7,50.2,228.9,50.2,5.6,1280.0,1000.0,78.0,43.0,83.8,91.0,797
2024-03-23T19:23:21.000000+00:00,236.8,50.1,236.8,50.1,229.0,50.1,5.6,1270.0,1000.0,79.0,43.0,83.7,91.0,797
2024-03-23T19:24:21.000000+00:00,237.3,50.2,237.3,50.2,228.9,50.2,5.6,1280.0,1000.0,78.0,43.0,83.8,91.0,797
2024-03-23T19:25:21.000000+00:00,237.9,50.2,238.0,50.2,228.9,50.2,5.6,1280.0,1000.0,78.0,42.0,83.7,91.0,797
2024-03-23T19:26:21.000000+00:00,237.0,50.3,237.1,50.3,229.0,50.3,5.6,1280.0,1000.0,78.0,43.0,83.7,91.0,797
2024-03-23T19:27:21.000000+00:00,238.6,50.3,237.5,50.3,228.9,50.3,5.5,1270.0,990.0,78.0,42.0,83.7,91.0,797
2024-03-23T19:28:21.000000+00:00,238.5,50.3,238.5,50.3,229.0,50.3,5.5,1270.0,990.0,78.0,42.0,83.8,91.0,797
2024-03-23T19:29:21.000000+00:00,238.2,50.3,238.2,50.3,228.9,50.3,5.6,1280.0,1000.0,78.0,42.0,83.7,91.0,797
2024-03-23T19:30:21.000000+00:00,237.4,50.2,237.4,50.2,229.0,50.2,5.6,1270.0,990.0,78.0,43.0,83.7,91.0,797
2024-03-23T19:31:21.000000+00:00,238.4,50.2,237.4,50.2,228.9,50.2,5.6,1280.0,1000.0,78.0,42.0,83.8,91.0,798
2024-03-23T19:32:21.000000+00:00,238.4,50.3,238.4,50.3,228.9,50.3,5.6,1280.0,1000.0,78.0,42.0,83.7,91.0,798
2024-03-23T19:33:21.000000+00:00,239.2,50.3,239.2,50.3,229.0,50.3,5.6,1280.0,1000.0,78.0,42.0,83.7,91.0,798
2024-03-23T19:34:21.000000+00:00,239.0,50.4,239.0,50.4,229.0,50.4,5.5,1260.0,990.0,79.0,42.0,83.8,91.0,798
2024-03-23T19:35:21.000000+00:00,239.7,50.4,239.7,50.4,229.0,50.4,5.5,1260.0,990.0,79.0,42.0,83.7,91.0,798
2024-03-23T19:36:21.000000+00:00,239.6,50.4,240.2,50.4,229.0,50.4,5.6,1280.0,1000.0,78.0,42.0,83.7,91.0,798
2024-03-23T19:37:21.000000+00:00,239.8,50.4,239.8,50.4,229.0,50.4,5.6,1270.0,1000.0,79.0,42.0,83.7,91.0,798
2024-03-23T19:38:21.000000+00:00,240.7,50.4,240.7,50.4,229.0,50.4,5.6,1270.0,1000.0,79.0,42.0,83.7,91.0,798
2024-03-23T19:39:21.000000+00:00,240.9,50.4,240.3,50.4,229.0,50.4,5.5,1270.0,1000.0,79.0,42.0,83.7,91.0,798
2024-03-23T19:40:21.000000+00:00,241.0,50.3,240.1,50.3,229.0,50.3,5.6,1280.0,1000.0,78.0,42.0,83.7,91.0,798
2024-03-23T19:41:21.000000+00:00,240.7,50.3,240.7,50.3,229.0,50.3,5.6,1280.0,1000.0,78.0,43.0,83.7,91.0,798
2024-03-23T19:42:21.000000+00:00,239.3,49.9,239.3,49.9,228.9,49.9,5.6,1290.0,1000.0,78.0,43.0,83.7,91.0,798
2024-03-23T19:43:21.000000+00:00,239.3,49.7,239.2,49.7,229.0,49.7,5.7,1300.0,1010.0,78.0,43.0,83.7,91.0,798
2024-03-23T19:44:21.000000+00:00,239.6,49.7,239.6,49.7,229.0,49.7,5.7,1300.0,1000.0,77.0,43.0,83.8,91.0,798
2024-03-23T19:45:21.000000+00:00,240.3,50.1,241.2,50.1,229.0,50.1,5.6,1290.0,1010.0,78.0,43.0,83.7,91.0,798
2024-03-23T19:46:21.000000+00:00,241.4,50.0,240.3,50.0,229.0,50.0,5.6,1280.0,1000.0,78.0,43.0,83.7,91.0,798
2024-03-23T19:47:22.000000+00:00,241.8,50.0,241.8,50.0,228.9,50.0,5.6,1280.0,1000.0,78.0,43.0,83.7,91.0,798
2024-03-23T19:48:22.000000+00:00,241.3,50.1,241.4,50.1,228.9,50.1,5.6,1280.0,1000.0,78.0,42.0,83.7,91.0,798
2024-03-23T19:49:22.000000+00:00,238.9,50.3,238.9,50.3,228.9,50.3,5.6,1270.0,1000.0,79.0,42.0,83.7,91.0,798
2024-03-23T19:50:22.000000+00:00,239.1,50.2,239.1,50.2,228.9,50.2,5.6,1270.0,990.0,78.0,43.0,83.7,91.0,798
2024-03-23T19:51:22.000000+00:00,238.2,50.3,238.3,50.3,228.9,50.3,5.5,1270.0,990.0,78.0,42.0,83.7,91.0,798
2024-03-23T19:52:22.000000+00:00,239.0,50.4,239.5,50.3,228.9,50.3,5.6,1280.0,1000.0,78.0,43.0,83.8,91.0,799
2024-03-23T19:53:22.000000+00:00,239.3,50.4,239.7,50.4,228.9,50.4,5.5,1260.0,990.0,79.0,42.0,83.7,91.0,799
2024-03-23T19:54:22.000000+00:00,240.1,50.3,240.1,50.3,229.0,50.3,5.6,1270.0,1000.0,79.0,42.0,83.7,91.0,799
2024-03-23T19:55:22.000000+00:00,240.4,50.1,240.4,50.1,229.0,50.2,5.6,1280.0,1000.0,78.0,42.0,83.7,91.0,799
2024-03-23T19:56:22.000000+00:00,239.3,50.1,239.3,50.1,228.9,50.1,5.6,1290.0,1010.0,78.0,43.0,83.7,91.0,799
2024-03-23T19:57:22.000000+00:00,239.4,50.0,239.4,50.0,229.0,50.0,5.6,1280.0,1000.0,78.0,43.0,83.7,91.0,799
2024-03-23T19:58:22.000000+00:00,239.9,50.1,239.9,50.1,229.0,50.1,5.6,1280.0,1000.0,78.0,43.0,83.7,91.0,799
2024-03-23T19:59:22.000000+00:00,239.0,50.0,239.0,50.0,228.9,50.0,5.6,1290.0,1000.0,78.0,43.0,83.7,91.0,799
2024-03-23T20:00:22.000000+00:00,239.1,50.0,239.6,50.0,228.9,50.0,5.6,1290.0,1010.0,78.0,43.0,83.7,91.0,799
2024-03-23T20:01:22.000000+00:00,238.8,50.0,239.8,50.0,228.9,50.0,5.6,1280.0,1000.0,78.0,43.0,83.7,91.0,799
2024-03-23T20:02:22.000000+00:00,239.8,50.1,239.7,50.1,228.9,50.1,5.6,1280.0,1000.0,78.0,42.0,83.7,91.0,799
2024-03-23T20:03:22.000000+00:00,239.9,50.1,239.9,50.1,229.0,50.1,5.6,1270.0,990.0,78.0,43.0,83.7,91.0,799
2024-03-23T20:04:22.000000+00:00,239.8,50.0,239.7,50.0,228.9,50.0,5.6,1290.0,1010.0,78.0,43.0,83.7,91.0,799
2024-03-23T20:05:22.000000+00:00,239.1,50.0,239.7,50.0,228.9,50.0,5.6,1280.0,990.0,77.0,43.0,83.7,91.0,799
2024-03-23T20:06:22.000000+00:00,240.6,50.1,240.1,50.1,228.9,50.1,5.6,1280.0,990.0,77.0,43.0,83.7,91.0,799
2024-03-23T20:07:22.000000+00:00,240.3,50.2,240.3,50.2,228.9,50.2,5.6,1280.0,1000.0,78.0,42.0,83.7,91.0,799
2024-03-23T20:08:22.000000+00:00,241.9,50.3,243.0,50.3,229.0,50.3,5.5,1270.0,990.0,78.0,42.0,83.7,91.0,799
2024-03-23T20:09:22.000000+00:00,237.2,50.1,237.2,50.1,228.9,50.1,5.6,1270.0,990.0,78.0,43.0,83.7,91.0,799
2024-03-23T20:10:22.000000+00:00,236.9,50.0,237.1,50.0,228.9,50.0,5.6,1290.0,1000.0,78.0,43.0,83.7,91.0,799
2024-03-23T20:11:22.000000+00:00,237.7,49.9,237.7,49.9,228.9,49.9,5.7,1290.0,1000.0,78.0,43.0,83.7,91.0,799
2024-03-23T20:12:22.000000+00:00,238.2,50.1,238.2,50.1,228.9,50.1,5.6,1280.0,1000.0,78.0,43.0,83.7,91.0,800
2024-03-23T20:13:22.000000+00:00,238.0,49.9,238.0,49.9,228.9,49.9,5.6,1290.0,1010.0,78.0,43.0,83.7,91.0,800
2024-03-23T20:14:22.000000+00:00,238.4,50.0,238.5,50.0,228.9,50.0,5.6,1290.0,1000.0,78.0,43.0,83.7,91.0,800
2024-03-23T20:15:22.000000+00:00,237.6,50.1,238.6,50.1,228.9,50.1,5.6,1290.0,1010.0,78.0,43.0,83.7,91.0,800
2024-03-23T20:16:22.000000+00:00,239.1,50.2,239.1,50.2,228.9,50.2,5.6,1280.0,1000.0,78.0,43.0,83.7,91.0,800
2024-03-23T20:17:22.000000+00:00,238.7,50.2,239.7,50.2,228.9,50.2,5.6,1280.0,1000.0,78.0,43.0,83.7,91.0,800
2024-03-23T20:18:22.000000+00:00,239.0,50.2,238.8,50.2,228.9,50.2,5.6,1270.0,990.0,78.0,42.0,83.7,91.0,800
2024-03-23T20:19:22.000000+00:00,239.8,50.3,239.8,50.3,228.9,50.3,5.6,1280.0,1000.0,78.0,43.0,83.7,91.0,800
2024-03-23T20:20:22.000000+00:00,240.6,50.3,240.6,50.3,228.9,50.3,5.5,1270.0,990.0,78.0,43.0,83.7,91.0,800
2024-03-23T20:21:22.000000+00:00,240.8,50.3,240.4,50.3,228.9,50.3,5.6,1270.0,1000.0,79.0,42.0,83.7,91.0,800
2024-03-23T20:22:22.000000+00:00,240.8,50.4,240.7,50.4,229.0,50.4,5.6,1270.0,1000.0,79.0,42.0,83.7,91.0,800
2024-03-23T20:23:22.000000+00:00,240.0,50.1,239.6,50.1,228.9,50.1,5.6,1290.0,1000.0,78.0,43.0,83.7,91.0,800
2024-03-23T20:24:22.000000+00:00,239.3,49.9,239.3,49.9,228.9,49.9,5.6,1290.0,1000.0,78.0,43.0,83.7,91.0,800
2024-03-23T20:25:22.000000+00:00,240.6,50.2,240.6,50.1,228.9,50.2,5.6,1280.0,990.0,77.0,42.0,83.7,91.0,800
2024-03-23T20:26:22.000000+00:00,240.2,50.1,240.2,50.1,228.9,50.1,5.6,1280.0,1000.0,78.0,43.0,83.7,91.0,800
2024-03-23T20:27:22.000000+00:00,239.6,49.9,239.6,49.9,228.9,50.0,5.6,1290.0,1010.0,78.0,43.0,83.7,91.0,800
2024-03-23T20:28:22.000000+00:00,239.2,49.9,239.2,49.9,228.9,49.9,5.6,1290.0,1000.0,78.0,43.0,83.7,91.0,800
2024-03-23T20:29:22.000000+00:00,238.3,50.1,238.3,50.1,228.9,50.1,5.6,1280.0,1000.0,78.0,43.0,83.7,91.0,800
2024-03-23T20:30:22.000000+00:00,238.2,50.1,238.2,50.1,228.9,50.1,5.6,1280.0,1000.0,78.0,43.0,83.7,91.0,800
2024-03-23T20:31:22.000000+00:00,237.4,50.1,237.4,50.1,228.9,50.1,5.6,1290.0,1010.0,78.0,43.0,83.7,91.0,800
2024-03-23T20:32:22.000000+00:00,238.0,50.0,238.1,50.0,228.9,50.0,5.6,1280.0,1000.0,78.0,43.0,83.7,91.0,800
2024-03-23T20:33:22.000000+00:00,238.7,50.1,238.7,50.1,228.9,50.1,5.6,1280.0,1000.0,78.0,43.0,83.7,91.0,801
2024-03-23T20:34:22.000000+00:00,238.4,50.1,238.5,50.1,229.0,50.1,5.6,1280.0,990.0,77.0,43.0,83.7,91.0,801
2024-03-23T20:35:22.000000+00:00,238.4,50.0,238.3,50.0,228.9,50.0,5.6,1280.0,990.0,77.0,43.0,83.7,91.0,801
2024-03-23T20:36:22.000000+00:00,238.6,50.0,238.6,50.0,228.9,50.0,5.6,1290.0,1000.0,78.0,43.0,83.7,91.0,801
2024-03-23T20:37:22.000000+00:00,238.4,50.0,238.4,50.0,228.9,50.0,5.6,1290.0,1000.0,78.0,43.0,83.7,91.0,801
2024-03-23T20:38:22.000000+00:00,238.1,49.9,238.1,49.9,228.9,49.9,5.7,1300.0,1010.0,78.0,43.0,83.7,91.0,801
2024-03-23T20:39:22.000000+00:00,239.1,49.9,239.0,49.9,228.9,49.9,5.6,1290.0,1000.0,78.0,43.0,83.7,91.0,801
2024-03-23T20:40:22.000000+00:00,239.2,49.9,239.2,49.9,228.9,49.9,5.6,1290.0,1000.0,78.0,43.0,83.7,91.0,801
2024-03-23T20:41:22.000000+00:00,237.6,49.8,238.0,49.8,228.9,49.8,5.6,1290.0,1000.0,78.0,43.0,83.7,91.0,801
2024-03-23T20:42:22.000000+00:00,239.5,50.0,239.1,50.0,228.9,50.0,5.6,1290.0,1000.0,78.0,43.0,83.7,91.0,801
2024-03-23T20:43:22.000000+00:00,238.5,50.0,239.1,50.0,228.9,50.0,5.7,1290.0,1000.0,78.0,43.0,83.7,91.0,801
2024-03-23T20:44:23.000000+00:00,240.0,50.1,240.0,50.1,228.9,50.1,5.6,1280.0,1000.0,78.0,43.0,83.7,91.0,801
2024-03-23T20:45:23.000000+00:00,239.0,50.0,239.0,50.0,229.0,50.0,5.6,1290.0,1000.0,78.0,43.0,83.7,91.0,801
2024-03-23T20:46:23.000000+00:00,238.9,49.9,239.8,49.9,228.9,49.9,5.7,1300.0,1010.0,78.0,43.0,83.7,91.0,801
2024-03-23T20:47:23.000000+00:00,239.7,50.0,239.8,50.0,228.9,50.0,5.6,1280.0,990.0,77.0,43.0,83.7,91.0,801
2024-03-23T20:48:23.000000+00:00,240.0,50.0,240.0,50.0,228.9,50.0,5.6,1280.0,1000.0,78.0,43.0,83.7,91.0,801
2024-03-23T20:49:23.000000+00:00,239.6,49.8,240.0,49.8,229.0,49.8,5.6,1290.0,1000.0,78.0,43.0,83.7,91.0,801
2024-03-23T20:50:23.000000+00:00,241.2,50.0,240.7,50.0,229.0,50.0,5.6,1290.0,1010.0,78.0,43.0,83.7,91.0,801
2024-03-23T20:51:23.000000+00:00,240.0,49.9,240.0,49.9,228.9,49.9,5.6,1290.0,1000.0,78.0,43.0,83.7,91.0,801
2024-03-23T20:52:23.000000+00:00,240.1,49.9,239.7,49.9,228.9,49.9,5.6,1290.0,1000.0,78.0,43.0,83.7,91.0,801
2024-03-23T20:53:23.000000+00:00,240.2,50.1,240.2,50.1,229.0,50.1,5.6,1280.0,1000.0,78.0,43.0,83.7,91.0,801
2024-03-23T20:54:23.000000+00:00,239.9,49.8,239.9,49.8,228.9,49.8,5.7,1300.0,1010.0,78.0,43.0,83.7,91.0,802
2024-03-23T20:55:23.000000+00:00,239.8,49.9,240.8,49.9,229.0,49.9,5.6,1280.0,1000.0,78.0,43.0,83.7,91.0,802
2024-03-23T20:56:23.000000+00:00,240.3,49.9,240.3,49.9,228.9,49.9,5.6,1290.0,1000.0,78.0,43.0,83.7,91.0,802
2024-03-23T20:57:23.000000+00:00,240.2,49.9,240.1,49.9,228.9,49.9,5.7,1300.0,1010.0,78.0,43.0,83.7,91.0,802
2024-03-23T20:58:23.000000+00:00,240.0,49.9,240.0,49.9,228.9,49.9,5.6,1280.0,990.0,77.0,43.0,83.7,91.0,802
2024-03-23T20:59:23.000000+00:00,239.8,49.9,239.8,49.9,228.9,49.9,5.6,1290.0,1000.0,78.0,43.0,83.7,91.0,802
2024-03-23T21:00:23.000000+00:00,241.4,49.9,241.4,49.9,229.0,49.9,5.6,1280.0,990.0,77.0,43.0,83.7,91.0,802
2024-03-23T21:01:23.000000+00:00,240.8,49.9,240.8,49.9,229.0,49.9,5.7,1300.0,1010.0,78.0,43.0,83.7,91.0,802
2024-03-23T21:02:23.000000+00:00,240.0,49.7,240.0,49.7,228.9,49.7,5.7,1300.0,1010.0,78.0,43.0,83.7,91.0,802
2024-03-23T21:03:23.000000+00:00,240.7,49.8,240.3,49.8,229.0,49.8,5.6,1290.0,1000.0,78.0,43.0,83.7,91.0,802
2024-03-23T21:04:23.000000+00:00,241.4,49.8,241.4,49.8,229.0,49.8,5.6,1290.0,1000.0,78.0,43.0,83.7,91.0,802
2024-03-23T21:05:23.000000+00:00,241.0,49.7,241.0,49.7,228.9,49.7,5.7,1300.0,1000.0,77.0,43.0,83.7,91.0,802
2024-03-23T21:06:23.000000+00:00,241.4,49.9,241.5,49.9,229.0,49.9,5.6,1290.0,1000.0,78.0,43.0,83.7,91.0,802
2024-03-23T21:07:23.000000+00:00,242.0,49.9,241.9,49.9,228.9,49.9,5.6,1290.0,1000.0,78.0,43.0,83.7,91.0,802
2024-03-23T21:08:23.000000+00:00,241.7,49.9,242.5,49.9,229.0,49.9,5.6,1290.0,1000.0,78.0,43.0,83.7,91.0,802
2024-03-23T21:09:23.000000+00:00,242.4,50.0,242.4,50.0,228.9,50.0,5.6,1280.0,990.0,77.0,43.0,83.7,91.0,802
2024-03-23T21:10:23.000000+00:00,242.6,50.1,242.6,50.1,229.0,50.1,5.6,1290.0,1000.0,78.0,42.0,83.7,91.0,802
2024-03-23T21:11:23.000000+00:00,238.6,50.1,239.2,50.1,228.9,50.1,5.6,1280.0,990.0,77.0,43.0,83.7,91.0,802
2024-03-23T21:12:23.000000+00:00,239.8,50.2,238.9,50.2,228.9,50.2,5.6,1270.0,990.0,78.0,43.0,83.7,91.0,802
2024-03-23T21:13:23.000000+00:00,239.6,50.3,239.6,50.3,228.9,50.3,5.5,1270.0,1000.0,79.0,43.0,83.7,91.0,802
2024-03-23T21:14:23.000000+00:00,240.4,50.3,240.4,50.3,228.9,50.3,5.6,1270.0,990.0,78.0,42.0,83.7,91.0,802
2024-03-23T21:15:23.000000+00:00,240.2,50.2,240.2,50.2,228.9,50.2,5.6,1270.0,990.0,78.0,43.0,83.7,91.0,803
2024-03-23T21:16:23.000000+00:00,239.7,50.3,239.7,50.3,228.9,50.3,5.6,1280.0,1000.0,78.0,42.0,83.7,91.0,803
2024-03-23T21:17:23.000000+00:00,240.6,50.3,240.0,50.3,228.9,50.3,5.5,1270.0,990.0,78.0,42.0,83.7,91.0,803
2024-03-23T21:18:23.000000+00:00,239.8,50.3,239.9,50.3,228.9,50.3,5.6,1280.0,1000.0,78.0,42.0,83.7,91.0,803
2024-03-23T21:19:23.000000+00:00,239.7,50.3,239.7,50.3,228.9,50.3,5.5,1270.0,990.0,78.0,42.0,83.7,91.0,803
2024-03-23T21:20:23.000000+00:00,239.5,50.3,240.5,50.3,228.9,50.3,5.6,1270.0,1000.0,79.0,42.0,83.7,91.0,803
2024-03-23T21:21:23.000000+00:00,240.3,50.4,240.3,50.4,228.9,50.4,5.6,1270.0,1000.0,79.0,42.0,83.7,91.0,803
2024-03-23T21:22:23.000000+00:00,240.6,50.3,240.1,50.3,228.9,50.3,5.6,1270.0,1000.0,79.0,42.0,83.7,91.0,803
2024-03-23T21:23:23.000000+00:00,240.8,50.4,240.8,50.4,228.9,50.4,5.5,1270.0,990.0,78.0,42.0,83.7,91.0,803
2024-03-23T21:24:23.000000+00:00,241.0,50.2,239.9,50.2,228.9,50.2,5.6,1280.0,1000.0,78.0,42.0,83.7,91.0,803
2024-03-23T21:25:23.000000+00:00,240.7,50.2,240.7,50.2,228.9,50.2,5.6,1270.0,990.0,78.0,43.0,83.7,91.0,803
2024-03-23T21:26:23.000000+00:00,240.5,50.4,240.8,50.4,228.9,50.3,5.5,1270.0,990.0,78.0,42.0,83.7,91.0,803
2024-03-23T21:27:23.000000+00:00,241.0,50.2,240.6,50.2,228.9,50.1,5.5,1270.0,990.0,78.0,43.0,83.7,91.0,803
2024-03-23T21:28:23.000000+00:00,240.2,50.0,240.7,50.0,228.9,50.0,5.6,1290.0,1010.0,78.0,43.0,83.7,91.0,803
2024-03-23T21:29:23.000000+00:00,241.7,50.0,240.7,50.1,229.0,50.0,5.6,1290.0,1000.0,78.0,43.0,83.7,91.0,803
2024-03-23T21:30:23.000000+00:00,241.6,49.9,241.6,49.9,228.9,49.9,5.6,1290.0,1000.0,78.0,43.0,83.7,91.0,803
2024-03-23T21:31:23.000000+00:00,240.4,49.9,241.4,49.9,228.9,49.9,5.6,1290.0,1000.0,78.0,43.0,83.7,91.0,803
2024-03-23T21:32:23.000000+00:00,241.8,50.1,241.8,50.1,228.9,50.1,5.6,1280.0,1000.0,78.0,43.0,83.7,91.0,803
2024-03-23T21:33:23.000000+00:00,242.2,50.2,242.7,50.2,228.9,50.2,5.5,1270.0,990.0,78.0,42.0,83.7,91.0,803
2024-03-23T21:34:23.000000+00:00,242.0,50.3,242.0,50.3,229.0,50.3,5.5,1270.0,990.0,78.0,43.0,83.7,91.0,803
2024-03-23T21:35:23.000000+00:00,242.3,50.2,241.8,50.2,228.9,50.2,5.6,1280.0,1000.0,78.0,43.0,83.7,91.0,804
2024-03-23T21:36:23.000000+00:00,241.0,50.1,241.0,50.1,228.9,50.1,5.6,1280.0,1000.0,78.0,43.0,83.7,91.0,804
2024-03-23T21:37:23.000000+00:00,240.8,50.0,241.3,50.0,228.9,50.0,5.6,1290.0,1000.0,78.0,43.0,83.7,91.0,804
2024-03-23T21:38:23.000000+00:00,241.6,50.0,241.6,50.0,229.0,50.0,5.6,1280.0,990.0,77.0,43.0,83.7,91.0,804
2024-03-23T21:39:23.000000+00:00,242.4,50.2,241.5,50.2,228.9,50.2,5.6,1290.0,1000.0,78.0,42.0,83.7,91.0,804
2024-03-23T21:40:23.000000+00:00,242.5,50.2,241.9,50.2,228.9,50.2,5.6,1280.0,1000.0,78.0,42.0,83.7,91.0,804
2024-03-23T21:41:24.000000+00:00,242.1,50.2,242.1,50.2,228.9,50.2,5.6,1280.0,1000.0,78.0,43.0,83.7,91.0,804
2024-03-23T21:42:24.000000+00:00,241.5,49.9,241.5,49.9,228.9,49.9,5.6,1290.0,1000.0,78.0,43.0,83.7,91.0,804
2024-03-23T21:43:24.000000+00:00,241.3,49.9,241.3,49.9,228.9,49.9,5.6,1290.0,1000.0,78.0,43.0,83.7,91.0,804
2024-03-23T21:44:24.000000+00:00,241.5,50.0,241.6,50.0,228.9,50.0,5.6,1290.0,1000.0,78.0,43.0,83.7,91.0,804
2024-03-23T21:45:24.000000+00:00,242.0,49.9,242.0,49.9,228.9,49.9,5.6,1290.0,1000.0,78.0,43.0,83.7,91.0,804
2024-03-23T21:46:24.000000+00:00,241.4,50.0,241.4,50.0,228.9,50.0,5.6,1290.0,1000.0,78.0,43.0,83.7,91.0,804
2024-03-23T21:47:24.000000+00:00,241.8,50.0,241.8,50.0,228.9,50.0,5.6,1280.0,1000.0,78.0,43.0,83.7,91.0,804
2024-03-23T21:48:24.000000+00:00,241.0,50.0,241.5,50.0,228.9,50.0,5.6,1280.0,990.0,77.0,43.0,83.7,91.0,804
2024-03-23T21:49:24.000000+00:00,241.3,49.9,241.3,49.9,228.9,49.9,5.6,1290.0,1000.0,78.0,43.0,83.7,91.0,804
2024-03-23T21:50:24.000000+00:00,241.6,49.8,242.1,49.8,228.9,49.8,5.6,1290.0,1000.0,78.0,43.0,83.7,91.0,804
2024-03-23T21:51:24.000000+00:00,241.9,50.0,241.9,50.0,229.0,50.0,5.6,1290.0,1000.0,78.0,43.0,83.7,91.0,804
2024-03-23T21:52:24.000000+00:00,242.2,50.0,242.3,50.0,229.0,50.0,5.6,1280.0,990.0,77.0,43.0,83.7,91.0,804
2024-03-23T21:53:24.000000+00:00,242.8,50.1,242.8,50.1,228.9,50.1,5.6,1280.0,990.0,77.0,42.0,83.7,91.0,804
2024-03-23T21:54:24.000000+00:00,243.1,50.0,243.1,50.0,228.9,50.0,5.6,1280.0,1000.0,78.0,43.0,83.7,91.0,804
2024-03-23T21:55:24.000000+00:00,238.8,50.1,238.8,50.1,228.9,50.1,5.6,1280.0,990.0,77.0,42.0,83.7,91.0,804
2024-03-23T21:56:24.000000+00:00,238.8,50.0,238.8,50.0,228.9,50.0,5.6,1290.0,1000.0,78.0,43.0,83.7,91.0,805
2024-03-23T21:57:24.000000+00:00,238.8,50.3,238.8,50.3,228.9,50.3,5.6,1280.0,1000.0,78.0,42.0,83.7,91.0,805
2024-03-23T21:58:24.000000+00:00,239.1,50.3,239.1,50.3,228.9,50.3,5.6,1280.0,1010.0,79.0,43.0,83.7,91.0,805
2024-03-23T21:59:24.000000+00:00,239.0,50.2,239.0,50.2,228.9,50.2,5.6,1280.0,1000.0,78.0,43.0,83.7,91.0,805
2024-03-23T22:00:24.000000+00:00,239.7,50.2,240.1,50.2,228.9,50.2,5.6,1280.0,1000.0,78.0,43.0,83.7,91.0,805
2024-03-23T22:01:24.000000+00:00,240.8,50.3,239.9,50.3,228.9,50.3,5.6,1280.0,1000.0,78.0,42.0,83.7,91.0,805
2024-03-23T22:02:24.000000+00:00,240.4,50.3,240.4,50.3,228.9,50.3,5.6,1280.0,1000.0,78.0,42.0,83.7,91.0,805
2024-03-23T22:03:24.000000+00:00,240.3,50.2,240.3,50.2,228.9,50.2,5.6,1280.0,1000.0,78.0,43.0,83.7,91.0,805
2024-03-23T22:04:24.000000+00:00,239.4,50.1,239.4,50.1,228.9,50.1,5.6,1290.0,1000.0,78.0,43.0,83.7,91.0,805
2024-03-23T22:05:24.000000+00:00,239.6,50.1,239.2,50.1,228.9,50.1,5.6,1280.0,1000.0,78.0,43.0,83.7,91.0,805
2024-03-23T22:06:24.000000+00:00,239.9,50.2,239.9,50.2,228.9,50.2,5.6,1280.0,1000.0,78.0,43.0,83.7,91.0,805
2024-03-23T22:07:24.000000+00:00,240.0,50.1,240.1,50.1,228.9,50.1,5.6,1280.0,1000.0,78.0,43.0,83.7,91.0,805
2024-03-23T22:08:24.000000+00:00,240.1,50.1,240.0,50.1,228.9,50.1,5.6,1280.0,1000.0,78.0,43.0,83.7,91.0,805
2024-03-23T22:09:24.000000+00:00,240.4,50.0,239.4,50.1,228.9,50.0,5.6,1280.0,1000.0,78.0,43.0,83.7,91.0,805
2024-03-23T22:10:24.000000+00:00,240.5,50.3,241.1,50.3,228.9,50.3,5.6,1280.0,1000.0,78.0,42.0,83.7,91.0,805
2024-03-23T22:11:24.000000+00:00,240.2,50.1,240.1,50.1,229.0,50.1,5.6,1280.0,1000.0,78.0,43.0,83.7,91.0,805
2024-03-23T22:12:24.000000+00:00,239.9,50.1,239.9,50.1,228.9,50.1,5.6,1280.0,1000.0,78.0,43.0,83.7,91.0,805
2024-03-23T22:13:24.000000+00:00,239.5,50.0,239.5,50.0,228.9,50.0,5.6,1290.0,1000.0,78.0,43.0,83.7,91.0,805
2024-03-23T22:14:24.000000+00:00,239.2,50.0,239.2,50.0,228.9,50.0,5.6,1280.0,1000.0,78.0,43.0,83.7,92.0,805
2024-03-23T22:15:24.000000+00:00,238.9,49.9,239.6,49.9,228.9,49.9,5.6,1280.0,990.0,77.0,43.0,83.7,92.0,805
2024-03-23T22:16:24.000000+00:00,239.4,50.0,238.9,50.0,228.9,50.0,5.6,1290.0,1010.0,78.0,43.0,83.7,92.0,805
2024-03-23T22:17:24.000000+00:00,239.9,50.0,239.9,50.0,228.9,50.0,5.6,1280.0,1000.0,78.0,43.0,83.7,92.0,806
2024-03-23T22:18:24.000000+00:00,239.4,50.0,239.0,50.0,228.9,50.0,5.6,1280.0,1000.0,78.0,43.0,83.7,92.0,806
2024-03-23T22:19:24.000000+00:00,239.9,50.1,239.9,50.1,228.9,50.1,5.6,1280.0,1000.0,78.0,43.0,83.7,92.0,806
2024-03-23T22:20:24.000000+00:00,240.3,50.2,240.6,50.2,228.9,50.2,5.6,1280.0,1000.0,78.0,43.0,83.7,92.0,806
2024-03-23T22:21:24.000000+00:00,240.4,50.3,240.4,50.3,228.9,50.2,5.6,1280.0,1010.0,79.0,43.0,83.7,92.0,806
2024-03-23T22:22:24.000000+00:00,240.6,50.2,240.2,50.2,228.9,50.2,5.6,1280.0,1000.0,78.0,42.0,83.7,92.0,806
2024-03-23T22:23:24.000000+00:00,240.4,50.3,241.6,50.3,228.9,50.3,5.6,1280.0,1000.0,78.0,43.0,83.7,92.0,806
2024-03-23T22:24:24.000000+00:00,240.3,50.2,240.9,50.2,228.9,50.2,5.6,1280.0,1000.0,78.0,42.0,83.7,92.0,806
2024-03-23T22:25:24.000000+00:00,239.8,50.1,239.8,50.1,228.9,50.1,5.6,1280.0,990.0,77.0,43.0,83.7,92.0,806
2024-03-23T22:26:24.000000+00:00,239.4,50.1,239.3,50.1,228.9,50.1,5.6,1280.0,1000.0,78.0,43.0,83.7,92.0,806
2024-03-23T22:27:24.000000+00:00,240.1,50.1,239.5,50.1,228.9,50.1,5.6,1280.0,1000.0,78.0,43.0,83.7,92.0,806
2024-03-23T22:28:24.000000+00:00,240.6,50.2,240.1,50.2,228.9,50.2,5.6,1280.0,990.0,77.0,43.0,83.7,92.0,806
2024-03-23T22:29:24.000000+00:00,240.8,50.2,240.3,50.2,228.9,50.2,5.6,1280.0,1000.0,78.0,42.0,83.7,92.0,806
2024-03-23T22:30:24.000000+00:00,239.9,50.0,239.9,50.0,228.9,50.0,5.6,1290.0,1000.0,78.0,43.0,83.7,92.0,806
2024-03-23T22:31:24.000000+00:00,239.1,49.8,239.0,49.8,228.9,49.8,5.6,1290.0,1000.0,78.0,43.0,83.7,92.0,806
2024-03-23T22:32:24.000000+00:00,239.0,49.8,239.1,49.8,228.9,49.8,5.6,1300.0,1000.0,77.0,43.0,83.7,92.0,806
2024-03-23T22:33:24.000000+00:00,239.3,49.9,239.1,49.9,228.9,49.9,5.6,1290.0,1000.0,78.0,43.0,83.7,92.0,806
2024-03-23T22:34:24.000000+00:00,240.4,49.8,240.4,49.8,228.9,49.8,5.6,1290.0,990.0,77.0,43.0,83.7,92.0,806
2024-03-23T22:35:24.000000+00:00,240.6,49.9,240.0,49.9,228.9,49.9,5.6,1290.0,1000.0,78.0,43.0,83.7,92.0,806
2024-03-23T22:36:24.000000+00:00,239.9,49.9,240.9,49.9,228.9,49.9,5.6,1280.0,1000.0,78.0,43.0,83.8,92.0,806
2024-03-23T22:37:24.000000+00:00,240.9,50.1,240.6,50.1,228.9,50.1,5.6,1280.0,1000.0,78.0,43.0,83.7,92.0,807
2024-03-23T22:38:24.000000+00:00,240.8,49.9,239.9,49.9,228.9,49.9,5.6,1290.0,1000.0,78.0,43.0,83.8,92.0,807
2024-03-23T22:39:25.000000+00:00,240.4,50.0,240.4,50.0,228.9,50.0,5.6,1290.0,1000.0,78.0,43.0,83.7,92.0,807
2024-03-23T22:40:25.000000+00:00,240.6,50.1,240.2,50.1,228.9,50.1,5.6,1280.0,1000.0,78.0,43.0,83.7,92.0,807
2024-03-23T22:41:25.000000+00:00,240.5,50.3,240.5,50.3,228.9,50.3,5.6,1270.0,990.0,78.0,42.0,83.7,92.0,807
2024-03-23T22:42:25.000000+00:00,240.9,50.2,239.9,50.2,228.9,50.2,5.6,1280.0,990.0,77.0,42.0,83.7,92.0,807
2024-03-23T22:43:25.000000+00:00,240.3,50.2,240.3,50.3,228.9,50.2,5.6,1280.0,1000.0,78.0,42.0,83.7,92.0,807
2024-03-23T22:44:25.000000+00:00,241.0,50.3,241.0,50.3,228.9,50.3,5.6,1270.0,990.0,78.0,42.0,83.7,92.0,807
2024-03-23T22:45:25.000000+00:00,241.3,50.3,240.3,50.3,228.9,50.3,5.6,1270.0,1000.0,79.0,42.0,83.7,92.0,807
2024-03-23T22:46:25.000000+00:00,239.0,50.2,239.1,50.2,228.9,50.2,5.6,1280.0,1000.0,78.0,43.0,83.7,92.0,807
2024-03-23T22:47:25.000000+00:00,239.4,50.1,239.4,50.1,228.9,50.1,5.6,1280.0,990.0,77.0,43.0,83.7,92.0,807
2024-03-23T22:48:25.000000+00:00,239.9,50.1,239.9,50.1,228.9,50.1,5.6,1280.0,990.0,77.0,43.0,83.7,92.0,807
2024-03-23T22:49:25.000000+00:00,240.0,50.0,240.0,50.0,228.9,50.0,5.6,1280.0,1000.0,78.0,43.0,83.7,92.0,807
2024-03-23T22:50:25.000000+00:00,240.5,50.1,240.5,50.1,228.9,50.1,5.6,1280.0,1000.0,78.0,43.0,83.7,92.0,807
2024-03-23T22:51:25.000000+00:00,240.3,50.2,240.3,50.2,228.9,50.2,5.6,1290.0,1010.0,78.0,43.0,83.7,92.0,807
2024-03-23T22:52:25.000000+00:00,240.7,50.1,240.4,50.1,228.9,50.1,5.6,1280.0,1000.0,78.0,43.0,83.7,92.0,807
2024-03-23T22:53:25.000000+00:00,240.6,50.1,240.6,50.1,228.9,50.1,5.6,1280.0,1000.0,78.0,43.0,83.7,92.0,807
2024-03-23T22:54:25.000000+00:00,239.6,50.0,239.6,50.0,228.9,50.0,5.6,1280.0,1000.0,78.0,43.0,83.7,92.0,807
2024-03-23T22:55:25.000000+00:00,239.3,50.0,239.3,50.0,228.9,50.0,5.7,1300.0,1010.0,78.0,43.0,83.7,92.0,807
2024-03-23T22:56:25.000000+00:00,238.3,49.8,238.3,49.8,228.9,49.8,5.6,1290.0,1000.0,78.0,43.0,83.7,92.0,807
2024-03-23T22:57:25.000000+00:00,238.8,50.0,238.9,50.0,228.9,50.0,5.6,1290.0,1000.0,78.0,43.0,83.7,92.0,807
2024-03-23T22:58:25.000000+00:00,238.6,50.0,239.0,50.0,228.9,50.0,5.6,1290.0,1000.0,78.0,43.0,83.7,92.0,808
2024-03-23T22:59:25.000000+00:00,239.4,50.1,239.5,50.1,228.9,50.1,5.6,1290.0,1010.0,78.0,43.0,83.7,92.0,808
2024-03-23T23:00:25.000000+00:00,239.7,50.0,239.7,50.0,228.9,50.0,5.6,1280.0,1000.0,78.0,43.0,83.7,92.0,808
2024-03-23T23:01:25.000000+00:00,240.1,50.2,240.5,50.2,228.9,50.2,5.5,1270.0,990.0,78.0,43.0,83.8,92.0,808
2024-03-23T23:02:25.000000+00:00,239.3,50.0,239.3,50.0,228.9,50.0,5.5,1270.0,990.0,78.0,43.0,83.7,92.0,808
2024-03-23T23:03:25.000000+00:00,239.8,49.9,239.8,49.9,228.9,49.9,5.6,1290.0,1000.0,78.0,43.0,83.7,92.0,808
2024-03-23T23:04:25.000000+00:00,239.2,49.8,239.7,49.8,228.9,49.8,5.6,1290.0,1000.0,78.0,43.0,83.7,92.0,808
2024-03-23T23:05:25.000000+00:00,239.9,50.0,239.9,49.9,228.9,49.9,5.6,1290.0,1000.0,78.0,43.0,83.7,92.0,808
2024-03-23T23:06:25.000000+00:00,239.3,49.8,239.3,49.8,228.9,49.8,5.6,1290.0,1000.0,78.0,43.0,83.7,92.0,808
2024-03-23T23:07:25.000000+00:00,239.8,49.9,239.8,49.9,228.9,49.9,5.7,1300.0,1010.0,78.0,43.0,83.7,92.0,808
2024-03-23T23:08:25.000000+00:00,240.6,50.1,240.6,50.1,228.9,50.1,5.6,1270.0,990.0,78.0,43.0,83.7,92.0,808
2024-03-23T23:09:25.000000+00:00,240.8,50.1,240.8,50.1,228.9,50.1,5.6,1280.0,1000.0,78.0,43.0,83.7,92.0,808
2024-03-23T23:10:25.000000+00:00,241.1,50.1,241.1,50.1,228.9,50.1,5.6,1280.0,990.0,77.0,43.0,83.7,92.0,808
2024-03-23T23:11:25.000000+00:00,240.4,49.9,239.5,49.9,229.0,49.9,5.6,1300.0,1010.0,78.0,43.0,83.7,92.0,808
2024-03-23T23:12:25.000000+00:00,241.1,50.1,241.1,50.1,228.9,50.1,5.6,1280.0,990.0,77.0,43.0,83.7,92.0,808
2024-03-23T23:13:25.000000+00:00,240.3,50.0,240.3,50.0,228.9,50.0,5.6,1280.0,990.0,77.0,43.0,83.7,92.0,808
2024-03-23T23:14:25.000000+00:00,240.5,50.0,240.5,50.0,228.9,50.0,5.6,1280.0,990.0,77.0,43.0,83.7,92.0,808
2024-03-23T23:15:25.000000+00:00,240.3,50.0,239.8,50.0,228.9,50.0,5.6,1290.0,1000.0,78.0,43.0,83.7,92.0,808
2024-03-23T23:16:25.000000+00:00,240.2,50.0,240.2,50.0,228.9,50.0,5.6,1280.0,1000.0,78.0,43.0,83.7,92.0,808
2024-03-23T23:17:25.000000+00:00,240.4,50.0,240.4,50.0,228.9,50.0,5.6,1280.0,1000.0,78.0,43.0,83.7,92.0,808
2024-03-23T23:18:25.000000+00:00,240.5,49.9,240.5,49.9,228.9,49.9,5.6,1290.0,1010.0,78.0,43.0,83.7,92.0,808
2024-03-23T23:19:25.000000+00:00,240.5,50.0,240.5,50.0,228.9,50.0,5.6,1280.0,1000.0,78.0,43.0,83.7,92.0,809
2024-03-23T23:20:25.000000+00:00,240.0,50.0,240.0,50.0,228.9,50.0,5.6,1280.0,990.0,77.0,43.0,83.8,92.0,809
2024-03-23T23:21:25.000000+00:00,239.6,49.9,239.6,49.9,228.9,49.9,5.6,1290.0,1000.0,78.0,43.0,83.7,92.0,809
2024-03-23T23:22:25.000000+00:00,238.4,49.8,239.4,49.8,228.9,49.8,5.7,1300.0,1010.0,78.0,43.0,83.8,92.0,809
2024-03-23T23:23:25.000000+00:00,239.2,49.9,239.2,49.9,228.9,49.9,5.6,1290.0,1000.0,78.0,43.0,83.7,92.0,809
2024-03-23T23:24:25.000000+00:00,240.1,49.9,239.7,49.9,228.9,49.9,5.6,1290.0,1000.0,78.0,43.0,83.7,92.0,809
2024-03-23T23:25:25.000000+00:00,240.7,49.9,239.6,49.9,228.9,49.9,5.6,1290.0,1000.0,78.0,43.0,83.7,92.0,809
2024-03-23T23:26:25.000000+00:00,240.3,50.0,240.3,50.0,228.9,50.0,5.7,1300.0,1010.0,78.0,43.0,83.7,92.0,809
2024-03-23T23:27:25.000000+00:00,239.8,49.9,239.8,49.9,228.9,49.9,5.6,1290.0,1000.0,78.0,43.0,83.7,92.0,809
2024-03-23T23:28:25.000000+00:00,241.4,50.1,241.4,50.1,228.9,50.1,5.6,1270.0,990.0,78.0,43.0,83.7,92.0,809
2024-03-23T23:29:25.000000+00:00,240.7,50.0,241.1,50.0,228.9,50.0,5.6,1300.0,1010.0,78.0,43.0,83.7,92.0,809
2024-03-23T23:30:25.000000+00:00,240.8,50.0,241.2,50.0,228.9,50.0,5.6,1280.0,990.0,77.0,43.0,83.7,92.0,809
2024-03-23T23:31:25.000000+00:00,241.6,50.1,241.6,50.1,228.9,50.1,5.6,1280.0,990.0,77.0,43.0,83.7,92.0,809
2024-03-23T23:32:25.000000+00:00,240.8,50.0,239.9,50.0,228.9,50.0,5.6,1290.0,1000.0,78.0,43.0,83.7,92.0,809
2024-03-23T23:33:25.000000+00:00,239.6,49.9,240.6,49.9,228.9,49.9,5.6,1290.0,1000.0,78.0,43.0,83.7,92.0,809
2024-03-23T23:34:25.000000+00:00,239.8,49.9,239.8,49.9,228.9,50.0,5.6,1290.0,1000.0,78.0,43.0,83.7,92.0,809
2024-03-23T23:35:26.000000+00:00,241.0,50.1,241.0,50.1,228.9,50.1,5.6,1290.0,1000.0,78.0,43.0,83.7,92.0,809
2024-03-23T23:36:26.000000+00:00,239.6,49.8,239.5,49.8,228.9,49.8,5.7,1300.0,1010.0,78.0,43.0,83.7,92.0,809
2024-03-23T23:37:26.000000+00:00,239.2,49.8,239.8,49.8,228.9,49.8,5.7,1300.0,1010.0,78.0,43.0,83.7,92.0,809
2024-03-23T23:38:26.000000+00:00,239.3,49.7,239.3,49.7,228.9,49.7,5.7,1300.0,1000.0,77.0,43.0,83.7,92.0,809
2024-03-23T23:39:26.000000+00:00,239.9,49.8,239.0,49.8,228.9,49.8,5.7,1300.0,1010.0,78.0,43.0,83.7,92.0,809
2024-03-23T23:40:26.000000+00:00,240.2,49.9,239.2,49.9,228.9,49.9,5.6,1290.0,1000.0,78.0,43.0,83.7,92.0,810
2024-03-23T23:41:26.000000+00:00,239.6,49.8,238.6,49.8,228.9,49.8,5.7,1290.0,1000.0,78.0,43.0,83.7,92.0,810
2024-03-23T23:42:26.000000+00:00,239.9,49.8,239.3,49.8,228.9,49.8,5.6,1290.0,1000.0,78.0,43.0,83.7,92.0,810
2024-03-23T23:43:26.000000+00:00,240.7,49.9,239.8,49.9,228.9,49.9,5.6,1290.0,1000.0,78.0,43.0,83.7,92.0,810
2024-03-23T23:44:26.000000+00:00,240.0,49.9,240.9,49.9,228.9,49.9,5.6,1300.0,1010.0,78.0,43.0,83.7,92.0,810
2024-03-23T23:45:26.000000+00:00,239.7,49.8,238.8,49.8,228.9,49.8,5.6,1290.0,1000.0,78.0,43.0,83.7,92.0,810
2024-03-23T23:46:26.000000+00:00,240.5,50.0,240.6,50.0,228.9,50.0,5.6,1290.0,1000.0,78.0,43.0,83.7,92.0,810
2024-03-23T23:47:26.000000+00:00,240.3,50.0,240.3,50.0,228.9,50.0,5.6,1280.0,1000.0,78.0,43.0,83.7,92.0,810
2024-03-23T23:48:26.000000+00:00,239.6,49.9,240.0,50.0,228.9,50.0,5.6,1280.0,990.0,77.0,43.0,83.7,92.0,810
2024-03-23T23:49:26.000000+00:00,240.9,50.1,239.9,50.0,229.0,50.0,5.6,1290.0,1000.0,78.0,42.0,83.7,92.0,810
2024-03-23T23:50:26.000000+00:00,241.5,50.2,241.5,50.2,229.0,50.2,5.6,1280.0,1000.0,78.0,42.0,83.7,92.0,810
2024-03-23T23:51:26.000000+00:00,240.9,50.1,240.9,50.1,228.9,50.1,5.6,1280.0,1000.0,78.0,42.0,83.7,92.0,810
2024-03-23T23:52:26.000000+00:00,241.2,50.3,241.5,50.3,229.0,50.3,5.6,1280.0,1000.0,78.0,43.0,83.7,92.0,810
2024-03-23T23:53:26.000000+00:00,242.0,50.3,242.5,50.3,229.0,50.3,5.5,1260.0,990.0,79.0,43.0,83.7,92.0,810
2024-03-23T23:54:26.000000+00:00,241.6,50.2,242.1,50.2,228.9,50.2,5.5,1270.0,990.0,78.0,42.0,83.7,92.0,810
2024-03-23T23:55:26.000000+00:00,241.5,50.2,240.8,50.2,228.9,50.2,5.6,1280.0,990.0,77.0,42.0,83.7,92.0,810
2024-03-23T23:56:26.000000+00:00,241.6,50.2,241.3,50.2,229.0,50.2,5.6,1280.0,1000.0,78.0,43.0,83.7,92.0,810
2024-03-23T23:57:26.000000+00:00,241.6,50.1,241.6,50.1,228.9,50.1,5.6,1280.0,1000.0,78.0,43.0,83.7,92.0,810
2024-03-23T23:58:26.000000+00:00,242.2,50.3,242.3,50.3,229.0,50.3,5.6,1280.0,1000.0,78.0,43.0,83.7,92.0,810
2024-03-23T23:59:26.000000+00:00,242.1,50.3,241.1,50.3,228.9,50.3,5.6,1280.0,1000.0,78.0,43.0,83.7,92.0,810
2024-03-24T00:00:26.000000+00:00,240.6,50.2,241.7,50.2,228.9,50.2,5.6,1290.0,1000.0,78.0,42.0,83.7,92.0,811
2024-03-24T00:01:26.000000+00:00,241.1,50.2,241.1,50.2,228.9,50.2,5.6,1290.0,1010.0,78.0,43.0,83.7,92.0,811
2024-03-24T00:02:26.000000+00:00,241.9,50.3,242.3,50.3,228.9,50.3,5.6,1290.0,1010.0,78.0,43.0,83.7,92.0,811
2024-03-24T00:03:26.000000+00:00,242.8,50.3,243.6,50.4,228.9,50.4,5.6,1290.0,1010.0,78.0,43.0,83.7,92.0,811
2024-03-24T00:04:26.000000+00:00,242.4,50.3,242.3,50.3,228.9,50.3,5.6,1280.0,1010.0,79.0,43.0,83.7,92.0,811
2024-03-24T00:05:26.000000+00:00,242.3,50.3,241.9,50.3,228.9,50.3,5.6,1280.0,1000.0,78.0,43.0,83.8,92.0,811
2024-03-24T00:06:26.000000+00:00,242.6,50.2,242.6,50.2,228.9,50.2,5.6,1280.0,1000.0,78.0,43.0,83.7,92.0,811
2024-03-24T00:07:26.000000+00:00,241.8,50.2,241.8,50.2,228.9,50.2,5.6,1290.0,1020.0,79.0,43.0,83.7,92.0,811
2024-03-24T00:08:26.000000+00:00,243.0,50.3,242.6,50.3,228.9,50.3,5.6,1290.0,1010.0,78.0,43.0,83.8,92.0,811
2024-03-24T00:09:26.000000+00:00,243.5,50.3,243.5,50.3,229.0,50.3,5.6,1280.0,1010.0,79.0,43.0,84.0,92.0,811
2024-03-24T00:10:26.000000+00:00,244.3,50.4,244.4,50.3,228.9,50.3,5.6,1280.0,1010.0,79.0,43.0,84.1,92.0,811
2024-03-24T00:11:26.000000+00:00,239.4,50.3,239.4,50.3,228.9,50.3,5.6,1280.0,1000.0,78.0,43.0,84.2,92.0,811
2024-03-24T00:12:26.000000+00:00,239.0,50.3,239.0,50.3,228.9,50.3,5.6,1290.0,1010.0,78.0,43.0,84.3,92.0,811
2024-03-24T00:13:26.000000+00:00,239.1,50.3,239.1,50.3,228.9,50.3,5.6,1290.0,1010.0,78.0,43.0,84.3,92.0,811
2024-03-24T00:14:26.000000+00:00,239.7,50.3,239.3,50.3,228.9,50.3,5.6,1280.0,1010.0,79.0,43.0,84.3,92.0,811
2024-03-24T00:15:26.000000+00:00,239.5,50.3,239.5,50.3,228.9,50.3,5.6,1290.0,1010.0,78.0,43.0,84.1,92.0,811
2024-03-24T00:16:26.000000+00:00,239.2,50.3,240.0,50.3,228.9,50.3,5.6,1290.0,1020.0,79.0,43.0,84.0,92.0,811
2024-03-24T00:17:26.000000+00:00,238.5,50.2,238.5,50.2,228.9,50.2,5.7,1300.0,1020.0,78.0,43.0,84.0,92.0,811
2024-03-24T00:18:26.000000+00:00,238.4,50.1,238.5,50.1,228.9,50.1,5.7,1300.0,1020.0,78.0,43.0,83.9,92.0,811
2024-03-24T00:19:26.000000+00:00,239.3,50.3,239.3,50.3,228.9,50.3,5.7,1300.0,1020.0,78.0,43.0,83.9,92.0,811
2024-03-24T00:20:26.000000+00:00,239.2,50.3,239.2,50.3,228.9,50.3,5.6,1290.0,1010.0,78.0,43.0,83.9,92.0,811
2024-03-24T00:21:26.000000+00:00,239.3,50.1,239.9,50.1,228.9,50.1,5.6,1280.0,1000.0,78.0,43.0,83.9,92.0,812
2024-03-24T00:22:26.000000+00:00,238.5,49.9,238.0,49.9,228.9,49.9,5.6,1290.0,1000.0,78.0,43.0,83.9,92.0,812
2024-03-24T00:23:26.000000+00:00,238.6,50.0,238.7,50.0,228.9,50.0,5.6,1290.0,1000.0,78.0,43.0,83.9,92.0,812
2024-03-24T00:24:26.000000+00:00,238.6,49.9,238.1,49.9,228.9,49.9,5.7,1300.0,1010.0,78.0,43.0,83.9,92.0,812
2024-03-24T00:25:26.000000+00:00,236.9,49.8,238.2,49.8,228.9,49.8,5.7,1290.0,1000.0,78.0,43.0,83.9,92.0,812
2024-03-24T00:26:26.000000+00:00,237.8,49.9,237.8,49.9,228.9,49.9,5.6,1290.0,1000.0,78.0,43.0,83.9,92.0,812
2024-03-24T00:27:26.000000+00:00,238.5,50.1,238.6,50.1,228.9,50.1,5.6,1280.0,1000.0,78.0,43.0,83.8,92.0,812
2024-03-24T00:28:26.000000+00:00,238.2,50.1,237.7,50.1,228.9,50.1,5.6,1290.0,1010.0,78.0,43.0,83.8,92.0,812
2024-03-24T00:29:26.000000+00:00,238.4,50.1,237.9,50.1,228.9,50.1,5.6,1280.0,1000.0,78.0,43.0,83.9,92.0,812
2024-03-24T00:30:26.000000+00:00,237.8,50.1,237.8,50.0,228.9,50.0,5.6,1280.0,1000.0,78.0,43.0,83.9,92.0,812
2024-03-24T00:31:26.000000+00:00,237.4,49.9,237.4,49.9,228.9,49.9,5.6,1300.0,1000.0,77.0,43.0,83.8,92.0,812
2024-03-24T00:32:26.000000+00:00,238.6,50.0,238.6,50.0,228.9,50.0,5.6,1290.0,1010.0,78.0,43.0,83.8,92.0,812
2024-03-24T00:33:26.000000+00:00,239.2,50.0,239.2,50.0,228.9,50.0,5.6,1280.0,1000.0,78.0,43.0,83.8,92.0,812
2024-03-24T00:34:26.000000+00:00,237.6,49.9,237.6,49.9,228.9,49.9,5.6,1280.0,1000.0,78.0,43.0,83.8,92.0,812
2024-03-24T00:35:26.000000+00:00,239.4,50.1,239.5,50.1,228.9,50.1,5.6,1280.0,1000.0,78.0,43.0,83.8,92.0,812
2024-03-24T00:36:26.000000+00:00,239.1,50.1,239.1,50.2,228.9,50.2,5.6,1280.0,1000.0,78.0,43.0,83.8,92.0,812
2024-03-24T00:37:26.000000+00:00,239.3,50.2,239.3,50.2,228.9,50.2,5.6,1280.0,1000.0,78.0,42.0,83.8,92.0,812
2024-03-24T00:38:26.000000+00:00,239.2,50.1,239.2,50.1,228.9,50.1,5.6,1280.0,1000.0,78.0,43.0,83.8,92.0,812
2024-03-24T00:39:27.000000+00:00,238.6,50.0,239.1,50.0,228.9,50.0,5.6,1280.0,1000.0,78.0,43.0,83.8,92.0,812
2024-03-24T00:40:27.000000+00:00,238.6,50.1,238.6,50.1,228.9,50.1,5.6,1280.0,1000.0,78.0,43.0,83.8,92.0,812
2024-03-24T00:41:27.000000+00:00,237.7,50.0,237.7,50.0,228.9,50.0,5.6,1280.0,1000.0,78.0,43.0,83.8,92.0,812
2024-03-24T00:42:27.000000+00:00,238.2,50.1,239.0,50.1,228.9,50.2,5.5,1270.0,990.0,78.0,42.0,83.8,92.0,813
2024-03-24T00:43:27.000000+00:00,238.5,50.1,238.1,50.1,228.9,50.1,5.7,1290.0,1010.0,78.0,43.0,83.8,92.0,813
2024-03-24T00:44:27.000000+00:00,237.9,50.0,237.8,50.0,228.9,50.0,5.6,1280.0,1000.0,78.0,43.0,83.8,92.0,813
2024-03-24T00:45:27.000000+00:00,239.7,50.3,238.8,50.3,228.9,50.3,5.5,1270.0,990.0,78.0,42.0,83.8,92.0,813
2024-03-24T00:46:27.000000+00:00,239.0,50.2,238.4,50.2,228.9,50.2,5.6,1280.0,1000.0,78.0,43.0,83.8,92.0,813
2024-03-24T00:47:27.000000+00:00,238.3,50.2,239.3,50.2,228.9,50.2,5.6,1280.0,1000.0,78.0,43.0,83.8,92.0,813
2024-03-24T00:48:27.000000+00:00,239.8,50.3,239.8,50.3,228.9,50.3,5.6,1270.0,1000.0,79.0,42.0,83.8,92.0,813
2024-03-24T00:49:27.000000+00:00,240.0,50.3,240.0,50.3,228.9,50.3,5.6,1270.0,1000.0,79.0,42.0,83.8,92.0,813
2024-03-24T00:50:27.000000+00:00,239.1,50.1,238.0,50.1,228.9,50.1,5.7,1290.0,1010.0,78.0,43.0,83.8,92.0,813
2024-03-24T00:51:27.000000+00:00,239.3,50.2,238.3,50.2,228.9,50.2,5.6,1280.0,1000.0,78.0,43.0,83.8,92.0,813
2024-03-24T00:52:27.000000+00:00,239.6,50.2,239.6,50.2,228.9,50.2,5.6,1280.0,1000.0,78.0,43.0,83.8,92.0,813
2024-03-24T00:53:27.000000+00:00,240.3,50.2,239.8,50.2,228.9,50.2,5.6,1280.0,1000.0,78.0,42.0,83.8,92.0,813
2024-03-24T00:54:27.000000+00:00,239.2,50.1,239.2,50.1,228.9,50.1,5.6,1290.0,1000.0,78.0,42.0,83.8,92.0,813
2024-03-24T00:55:27.000000+00:00,239.4,50.3,239.4,50.3,228.9,50.3,5.5,1270.0,990.0,78.0,43.0,83.8,92.0,813
2024-03-24T00:56:27.000000+00:00,238.6,50.2,239.4,50.2,228.9,50.2,5.6,1270.0,1000.0,79.0,43.0,83.8,92.0,813
2024-03-24T00:57:27.000000+00:00,240.9,50.4,240.9,50.4,228.9,50.4,5.6,1270.0,1000.0,79.0,42.0,83.8,92.0,813
2024-03-24T00:58:27.000000+00:00,239.9,50.4,239.9,50.4,228.9,50.4,5.5,1270.0,990.0,78.0,43.0,83.8,92.0,813
2024-03-24T00:59:27.000000+00:00,240.0,50.4,239.9,50.4,228.9,50.4,5.5,1270.0,990.0,78.0,42.0,83.8,92.0,813
2024-03-24T01:00:27.000000+00:00,239.7,50.3,239.7,50.3,228.9,50.3,5.6,1280.0,1000.0,78.0,43.0,83.8,92.0,813
2024-03-24T01:01:27.000000+00:00,239.9,50.4,239.5,50.4,228.9,50.4,5.5,1260.0,990.0,79.0,42.0,83.8,92.0,813
2024-03-24T01:02:27.000000+00:00,238.9,50.2,238.9,50.2,228.9,50.2,5.6,1280.0,1000.0,78.0,43.0,83.8,92.0,813
2024-03-24T01:03:27.000000+00:00,238.0,50.2,237.8,50.2,228.9,50.2,5.6,1280.0,1000.0,78.0,43.0,83.8,92.0,814
2024-03-24T01:04:27.000000+00:00,238.2,50.3,239.1,50.3,228.9,50.3,5.6,1270.0,990.0,78.0,43.0,83.8,92.0,814
2024-03-24T01:05:27.000000+00:00,238.9,50.4,239.4,50.4,228.9,50.4,5.6,1280.0,1000.0,78.0,42.0,83.8,92.0,814
2024-03-24T01:06:27.000000+00:00,238.1,50.3,238.1,50.2,228.9,50.3,5.6,1280.0,1000.0,78.0,43.0,83.8,92.0,814
2024-03-24T01:07:27.000000+00:00,238.3,50.3,239.2,50.3,228.9,50.3,5.6,1280.0,1000.0,78.0,42.0,83.8,92.0,814
2024-03-24T01:08:27.000000+00:00,239.3,50.3,238.2,50.3,228.9,50.3,5.5,1260.0,990.0,79.0,42.0,83.8,92.0,814
2024-03-24T01:09:27.000000+00:00,239.5,50.3,238.5,50.3,228.9,50.3,5.6,1280.0,1000.0,78.0,42.0,83.8,92.0,814
2024-03-24T01:10:27.000000+00:00,238.5,50.3,238.5,50.3,228.9,50.3,5.5,1260.0,990.0,79.0,43.0,83.8,92.0,814
2024-03-24T01:11:27.000000+00:00,239.3,50.4,239.2,50.4,228.9,50.4,5.5,1270.0,990.0,78.0,42.0,83.8,92.0,814
2024-03-24T01:12:27.000000+00:00,239.5,50.4,239.9,50.4,228.9,50.4,5.5,1260.0,990.0,79.0,42.0,83.8,92.0,814
2024-03-24T01:13:27.000000+00:00,240.0,50.3,240.0,50.3,228.9,50.3,5.6,1280.0,1000.0,78.0,43.0,83.8,92.0,814
2024-03-24T01:14:27.000000+00:00,239.7,50.3,238.7,50.3,228.9,50.3,5.6,1280.0,1000.0,78.0,42.0,83.8,92.0,814
2024-03-24T01:15:27.000000+00:00,239.8,50.3,239.8,50.3,228.9,50.3,5.6,1280.0,1000.0,78.0,42.0,83.8,92.0,814
2024-03-24T01:16:27.000000+00:00,239.4,50.4,239.6,50.4,228.9,50.4,5.5,1270.0,990.0,78.0,42.0,83.8,93.0,814
2024-03-24T01:17:27.000000+00:00,240.1,50.3,240.1,50.3,228.9,50.3,5.5,1260.0,990.0,79.0,42.0,83.8,93.0,814
2024-03-24T01:18:27.000000+00:00,239.6,50.3,238.7,50.3,228.9,50.3,5.6,1270.0,1000.0,79.0,42.0,83.8,93.0,814
2024-03-24T01:19:27.000000+00:00,239.7,50.4,239.7,50.4,228.9,50.4,5.5,1270.0,990.0,78.0,42.0,83.8,93.0,814
2024-03-24T01:20:27.000000+00:00,239.1,50.3,239.1,50.3,228.9,50.3,5.5,1270.0,990.0,78.0,43.0,83.8,93.0,814
2024-03-24T01:21:27.000000+00:00,239.2,50.3,239.9,50.3,228.9,50.3,5.6,1280.0,1000.0,78.0,43.0,83.8,93.0,814
2024-03-24T01:22:27.000000+00:00,240.0,50.4,240.0,50.4,228.9,50.4,5.5,1270.0,990.0,78.0,42.0,83.8,93.0,814
2024-03-24T01:23:27.000000+00:00,239.4,50.4,239.4,50.4,228.9,50.4,5.5,1270.0,990.0,78.0,42.0,83.8,93.0,815
2024-03-24T01:24:27.000000+00:00,239.2,50.4,239.2,50.4,228.9,50.4,5.5,1270.0,990.0,78.0,43.0,83.8,93.0,815
2024-03-24T01:25:27.000000+00:00,239.0,50.3,239.0,50.3,228.9,50.3,5.5,1270.0,990.0,78.0,43.0,83.8,93.0,815
2024-03-24T01:26:27.000000+00:00,239.7,50.3,239.5,50.3,228.9,50.3,5.6,1280.0,1000.0,78.0,42.0,83.8,93.0,815
2024-03-24T01:27:27.000000+00:00,239.3,50.3,239.3,50.3,228.9,50.3,5.6,1270.0,1000.0,79.0,43.0,83.8,93.0,815
2024-03-24T01:28:27.000000+00:00,240.0,50.4,240.0,50.4,228.9,50.3,5.6,1270.0,1000.0,79.0,42.0,83.8,93.0,815
2024-03-24T01:29:27.000000+00:00,239.7,50.3,238.7,50.3,228.9,50.3,5.6,1280.0,1000.0,78.0,42.0,83.8,93.0,815
2024-03-24T01:30:27.000000+00:00,240.0,50.3,238.9,50.3,228.9,50.3,5.6,1270.0,1000.0,79.0,42.0,83.8,93.0,815
2024-03-24T01:31:27.000000+00:00,240.3,50.4,240.3,50.4,228.9,50.4,5.6,1270.0,1000.0,79.0,42.0,83.8,93.0,815
2024-03-24T01:32:27.000000+00:00,239.5,50.3,240.4,50.3,228.9,50.3,5.5,1260.0,990.0,79.0,42.0,83.8,93.0,815
2024-03-24T01:33:27.000000+00:00,240.3,50.3,240.3,50.3,228.9,50.4,5.5,1260.0,990.0,79.0,42.0,83.8,93.0,815
2024-03-24T01:34:27.000000+00:00,240.5,50.3,239.6,50.3,228.9,50.3,5.5,1270.0,1000.0,79.0,42.0,83.8,93.0,815
2024-03-24T01:35:27.000000+00:00,239.4,50.3,239.9,50.3,228.9,50.3,5.5,1270.0,990.0,78.0,42.0,83.8,93.0,815
2024-03-24T01:36:27.000000+00:00,238.9,50.2,238.4,50.2,228.9,50.2,5.6,1290.0,1010.0,78.0,43.0,83.8,93.0,815
2024-03-24T01:37:27.000000+00:00,239.1,50.3,239.4,50.3,228.9,50.3,5.5,1270.0,990.0,78.0,42.0,83.8,93.0,815
2024-03-24T01:38:28.000000+00:00,239.7,50.2,239.1,50.2,228.9,50.2,5.6,1270.0,990.0,78.0,43.0,83.8,93.0,815
2024-03-24T01:39:28.000000+00:00,239.1,50.1,239.1,50.1,228.9,50.1,5.6,1290.0,1000.0,78.0,42.0,83.8,93.0,815
2024-03-24T01:40:28.000000+00:00,240.3,50.3,239.6,50.3,228.9,50.3,5.5,1270.0,1000.0,79.0,42.0,83.8,93.0,815
2024-03-24T01:41:28.000000+00:00,239.9,50.3,239.7,50.3,228.9,50.3,5.6,1270.0,990.0,78.0,42.0,83.8,93.0,815
2024-03-24T01:42:28.000000+00:00,239.3,50.2,238.2,50.2,228.9,50.2,5.6,1280.0,1000.0,78.0,42.0,83.8,93.0,815
2024-03-24T01:43:28.000000+00:00,238.7,50.3,239.1,50.3,228.9,50.3,5.5,1270.0,1000.0,79.0,43.0,83.8,93.0,815
2024-03-24T01:44:28.000000+00:00,237.8,50.1,237.8,50.1,228.9,50.1,5.6,1290.0,1010.0,78.0,43.0,83.8,93.0,816
2024-03-24T01:45:28.000000+00:00,238.3,50.2,238.7,50.2,228.9,50.2,5.6,1270.0,990.0,78.0,43.0,83.8,93.0,816
2024-03-24T01:46:28.000000+00:00,238.1,50.0,237.7,50.0,228.9,50.0,5.6,1280.0,1000.0,78.0,43.0,83.8,93.0,816
2024-03-24T01:47:28.000000+00:00,237.6,50.1,238.1,50.1,228.9,50.1,5.6,1280.0,990.0,77.0,43.0,83.8,93.0,816
2024-03-24T01:48:28.000000+00:00,238.2,50.1,238.2,50.1,228.9,50.0,5.6,1280.0,990.0,77.0,43.0,83.8,93.0,816
2024-03-24T01:49:28.000000+00:00,237.6,50.1,237.3,50.1,228.9,50.1,5.6,1280.0,1000.0,78.0,42.0,83.8,93.0,816
2024-03-24T01:50:28.000000+00:00,237.8,50.0,236.8,50.0,228.9,50.0,5.6,1290.0,1000.0,78.0,43.0,83.8,93.0,816
2024-03-24T01:51:28.000000+00:00,237.2,50.0,237.2,50.0,228.9,50.0,5.6,1290.0,1000.0,78.0,43.0,83.7,93.0,816
2024-03-24T01:52:28.000000+00:00,237.0,50.1,237.8,50.1,228.9,50.1,5.6,1280.0,1000.0,78.0,43.0,83.8,93.0,816
2024-03-24T01:53:28.000000+00:00,236.9,49.9,236.5,49.9,228.9,49.9,5.7,1300.0,1010.0,78.0,43.0,83.8,93.0,816
2024-03-24T01:54:28.000000+00:00,235.8,49.9,235.8,49.9,228.9,49.9,5.6,1280.0,990.0,77.0,43.0,83.8,93.0,816
2024-03-24T01:55:28.000000+00:00,237.0,50.0,236.2,50.0,228.9,50.0,5.7,1300.0,1010.0,78.0,43.0,83.7,93.0,816
2024-03-24T01:56:28.000000+00:00,236.2,50.1,236.8,50.0,228.9,50.0,5.6,1280.0,990.0,77.0,43.0,83.7,93.0,816
2024-03-24T01:57:28.000000+00:00,236.1,50.0,237.1,50.0,228.9,50.0,5.6,1280.0,990.0,77.0,43.0,83.8,93.0,816
2024-03-24T01:58:28.000000+00:00,237.4,50.0,236.6,50.1,228.9,50.0,5.6,1280.0,990.0,77.0,43.0,83.8,93.0,816
2024-03-24T01:59:28.000000+00:00,236.2,50.1,236.2,50.0,228.9,50.1,5.6,1290.0,1010.0,78.0,43.0,83.8,93.0,816
2024-03-24T02:00:28.000000+00:00,236.2,50.1,236.2,50.1,228.9,50.1,5.6,1280.0,1000.0,78.0,43.0,83.8,93.0,816
2024-03-24T02:01:28.000000+00:00,236.8,50.2,236.9,50.2,228.9,50.2,5.6,1280.0,1000.0,78.0,42.0,83.8,93.0,816
2024-03-24T02:02:28.000000+00:00,237.5,50.3,238.0,50.3,228.9,50.3,5.6,1280.0,1000.0,78.0,42.0,83.8,93.0,816
2024-03-24T02:03:28.000000+00:00,236.3,50.0,236.1,50.0,228.9,50.0,5.6,1280.0,990.0,77.0,43.0,83.8,93.0,816
2024-03-24T02:04:28.000000+00:00,237.0,50.1,237.0,50.1,228.9,50.1,5.6,1280.0,1000.0,78.0,43.0,83.8,93.0,816
2024-03-24T02:05:28.000000+00:00,236.5,50.0,236.7,50.0,228.9,50.0,5.6,1290.0,1000.0,78.0,43.0,83.7,93.0,817
2024-03-24T02:06:28.000000+00:00,237.2,50.0,237.1,50.0,228.9,50.0,5.6,1280.0,990.0,77.0,43.0,83.8,93.0,817
2024-03-24T02:07:28.000000+00:00,237.0,49.9,236.2,49.9,228.9,49.9,5.6,1290.0,1000.0,78.0,43.0,83.8,93.0,817
2024-03-24T02:08:28.000000+00:00,235.7,49.9,236.4,49.9,228.9,49.9,5.6,1280.0,1000.0,78.0,43.0,83.8,93.0,817
2024-03-24T02:09:28.000000+00:00,236.9,49.9,237.0,49.9,228.9,49.9,5.6,1290.0,1000.0,78.0,43.0,83.8,93.0,817
2024-03-24T02:10:28.000000+00:00,235.9,50.0,236.5,50.0,228.9,50.0,5.6,1280.0,990.0,77.0,43.0,83.7,93.0,817
2024-03-24T02:11:28.000000+00:00,236.8,50.1,236.8,50.1,228.9,50.1,5.6,1280.0,1000.0,78.0,43.0,83.8,93.0,817
2024-03-24T02:12:28.000000+00:00,236.2,50.1,236.2,50.1,228.9,50.1,5.6,1280.0,1000.0,78.0,43.0,83.7,93.0,817
2024-03-24T02:13:28.000000+00:00,235.9,50.0,237.0,50.1,228.9,50.1,5.6,1290.0,1000.0,78.0,43.0,83.8,93.0,817
2024-03-24T02:14:28.000000+00:00,236.3,50.0,237.3,50.0,228.9,50.1,5.6,1290.0,1000.0,78.0,43.0,83.8,93.0,817
2024-03-24T02:15:28.000000+00:00,236.6,50.1,236.6,50.1,228.9,50.1,5.6,1280.0,1000.0,78.0,43.0,83.7,93.0,817
2024-03-24T02:16:28.000000+00:00,236.2,50.1,236.2,50.1,228.9,50.1,5.6,1280.0,1000.0,78.0,43.0,83.8,93.0,817
2024-03-24T02:17:28.000000+00:00,237.1,49.9,236.2,49.9,228.9,49.9,5.6,1290.0,1000.0,78.0,43.0,83.7,93.0,817
2024-03-24T02:18:28.000000+00:00,236.9,50.0,236.9,50.0,228.9,50.0,5.7,1300.0,1010.0,78.0,42.0,83.8,93.0,817
2024-03-24T02:19:28.000000+00:00,236.2,49.9,236.2,49.9,228.9,49.9,5.6,1290.0,1000.0,78.0,43.0,83.7,93.0,817
2024-03-24T02:20:28.000000+00:00,236.2,49.9,236.2,49.9,228.9,49.8,5.6,1290.0,1000.0,78.0,43.0,83.8,93.0,817
2024-03-24T02:21:28.000000+00:00,236.5,49.8,236.5,49.8,228.9,49.8,5.7,1300.0,1000.0,77.0,43.0,83.7,93.0,817
2024-03-24T02:22:28.000000+00:00,236.2,49.9,236.3,49.9,228.9,49.9,5.6,1290.0,1000.0,78.0,43.0,83.8,93.0,817
2024-03-24T02:23:28.000000+00:00,239.6,49.8,239.3,49.8,228.9,49.8,5.7,1300.0,1010.0,78.0,43.0,83.8,93.0,817
2024-03-24T02:24:28.000000+00:00,239.2,49.9,239.2,49.9,228.9,49.9,5.6,1290.0,1000.0,78.0,43.0,83.8,93.0,817
2024-03-24T02:25:28.000000+00:00,238.4,49.7,238.4,49.7,228.9,49.7,5.7,1300.0,1000.0,77.0,44.0,83.8,93.0,817
2024-03-24T02:26:29.000000+00:00,238.5,49.7,238.5,49.7,228.9,49.7,5.7,1300.0,1000.0,77.0,43.0,83.8,93.0,818
2024-03-24T02:27:29.000000+00:00,237.4,49.7,238.2,49.7,228.9,49.7,5.7,1300.0,1000.0,77.0,44.0,83.8,93.0,818
2024-03-24T02:28:29.000000+00:00,237.8,49.6,237.8,49.6,228.9,49.6,5.7,1300.0,1000.0,77.0,43.0,83.8,93.0,818
2024-03-24T02:29:29.000000+00:00,239.1,49.7,238.2,49.7,228.9,49.7,5.7,1300.0,1000.0,77.0,43.0,83.7,93.0,818
2024-03-24T02:30:29.000000+00:00,238.1,49.7,238.0,49.7,228.9,49.7,5.7,1300.0,1000.0,77.0,43.0,83.7,93.0,818
2024-03-24T02:31:29.000000+00:00,237.8,49.7,237.8,49.7,228.9,49.7,5.7,1300.0,1000.0,77.0,43.0,83.7,93.0,818
2024-03-24T02:32:29.000000+00:00,238.3,49.9,239.4,49.9,228.9,49.9,5.6,1280.0,1000.0,78.0,43.0,83.8,93.0,818
2024-03-24T02:33:29.000000+00:00,239.1,50.0,239.1,50.0,228.9,50.0,5.7,1290.0,1000.0,78.0,43.0,83.8,93.0,818
2024-03-24T02:34:29.000000+00:00,240.5,50.1,240.1,50.1,228.9,50.1,5.6,1280.0,990.0,77.0,43.0,83.8,93.0,818
2024-03-24T02:35:29.000000+00:00,240.0,50.0,240.0,50.0,228.9,50.0,5.6,1280.0,1000.0,78.0,43.0,83.8,93.0,818
2024-03-24T02:36:29.000000+00:00,240.2,50.2,240.2,50.2,228.9,50.2,5.6,1270.0,990.0,78.0,43.0,83.8,93.0,818
2024-03-24T02:37:29.000000+00:00,239.5,50.1,240.2,50.1,228.9,50.1,5.6,1270.0,990.0,78.0,43.0,83.8,93.0,818
2024-03-24T02:38:29.000000+00:00,240.6,50.2,240.9,50.2,228.9,50.2,5.6,1280.0,990.0,77.0,43.0,83.7,93.0,818
2024-03-24T02:39:29.000000+00:00,240.9,50.3,240.4,50.3,228.9,50.3,5.5,1270.0,990.0,78.0,42.0,83.8,93.0,818
2024-03-24T02:40:29.000000+00:00,241.7,50.4,241.7,50.4,228.9,50.4,5.5,1270.0,990.0,78.0,42.0,83.7,93.0,818
2024-03-24T02:41:29.000000+00:00,241.1,50.4,241.1,50.4,228.9,50.4,5.6,1270.0,1000.0,79.0,42.0,83.8,93.0,818
2024-03-24T02:42:29.000000+00:00,240.2,50.4,240.3,50.4,228.9,50.4,5.5,1270.0,990.0,78.0,42.0,83.8,93.0,818
2024-03-24T02:43:29.000000+00:00,240.4,50.4,240.4,50.4,228.9,50.4,5.5,1270.0,990.0,78.0,42.0,83.7,93.0,818
2024-03-24T02:44:29.000000+00:00,240.3,50.2,240.3,50.2,228.9,50.2,5.6,1280.0,1000.0,78.0,42.0,83.8,93.0,818
2024-03-24T02:45:29.000000+00:00,241.0,50.4,241.0,50.4,228.9,50.4,5.6,1270.0,1000.0,79.0,42.0,83.8,93.0,818
2024-03-24T02:46:29.000000+00:00,240.6,50.4,240.6,50.4,228.9,50.4,5.5,1270.0,1000.0,79.0,42.0,83.7,93.0,819
2024-03-24T02:47:29.000000+00:00,240.8,50.4,240.8,50.4,228.9,50.4,5.5,1270.0,990.0,78.0,42.0,83.7,93.0,819
2024-03-24T02:48:29.000000+00:00,238.9,50.3,238.9,50.3,228.9,50.3,5.5,1270.0,1000.0,79.0,42.0,83.8,93.0,819
2024-03-24T02:49:29.000000+00:00,239.3,50.3,238.9,50.3,228.9,50.3,5.6,1270.0,1000.0,79.0,43.0,83.8,93.0,819
2024-03-24T02:50:29.000000+00:00,238.7,50.3,238.7,50.3,228.9,50.3,5.6,1280.0,1000.0,78.0,42.0,83.8,93.0,819
2024-03-24T02:51:29.000000+00:00,239.4,50.4,238.9,50.4,228.9,50.4,5.5,1260.0,990.0,79.0,42.0,83.7,93.0,819
2024-03-24T02:52:29.000000+00:00,239.5,50.4,239.5,50.4,228.9,50.4,5.5,1270.0,990.0,78.0,42.0,83.7,93.0,819
2024-03-24T02:53:29.000000+00:00,239.0,50.4,238.5,50.4,228.9,50.4,5.5,1260.0,990.0,79.0,42.0,83.7,93.0,819
2024-03-24T02:54:29.000000+00:00,238.4,50.4,238.9,50.4,228.9,50.4,5.5,1270.0,990.0,78.0,42.0,83.8,93.0,819
2024-03-24T02:55:29.000000+00:00,238.9,50.4,238.4,50.4,228.9,50.4,5.5,1270.0,990.0,78.0,42.0,83.7,93.0,819
2024-03-24T02:56:29.000000+00:00,238.5,50.4,238.3,50.4,228.9,50.4,5.5,1260.0,990.0,79.0,43.0,83.7,93.0,819
2024-03-24T02:57:29.000000+00:00,238.0,50.4,238.0,50.4,228.9,50.4,5.5,1260.0,990.0,79.0,42.0,83.8,93.0,819
2024-03-24T02:58:29.000000+00:00,237.7,50.4,237.7,50.4,228.9,50.4,5.5,1260.0,990.0,79.0,42.0,83.8,93.0,819
2024-03-24T02:59:29.000000+00:00,238.6,50.5,238.4,50.5,228.9,50.5,5.5,1260.0,990.0,79.0,42.0,83.8,93.0,819
2024-03-24T03:00:29.000000+00:00,237.4,50.4,237.6,50.4,228.9,50.4,5.5,1270.0,990.0,78.0,42.0,83.7,93.0,819
2024-03-24T03:01:29.000000+00:00,238.6,50.4,237.8,50.4,228.9,50.4,5.5,1270.0,990.0,78.0,42.0,83.7,93.0,819
2024-03-24T03:02:29.000000+00:00,238.4,50.4,237.9,50.4,228.9,50.4,5.5,1260.0,990.0,79.0,42.0,83.7,93.0,819
2024-03-24T03:03:29.000000+00:00,236.7,50.3,236.7,50.3,228.9,50.3,5.6,1280.0,1000.0,78.0,42.0,83.7,93.0,819
2024-03-24T03:04:29.000000+00:00,236.4,50.3,236.7,50.3,228.9,50.3,5.6,1280.0,1000.0,78.0,42.0,83.7,93.0,819
2024-03-24T03:05:29.000000+00:00,235.1,50.1,234.9,50.1,228.9,50.1,5.6,1280.0,1000.0,78.0,43.0,83.7,93.0,819
2024-03-24T03:06:29.000000+00:00,237.7,49.9,237.7,49.9,228.9,49.9,5.6,1290.0,1000.0,78.0,43.0,83.7,93.0,819
2024-03-24T03:07:29.000000+00:00,237.0,50.0,237.0,50.0,228.9,50.0,5.7,1290.0,1010.0,78.0,43.0,83.7,93.0,820
2024-03-24T03:08:29.000000+00:00,236.6,49.8,236.6,49.8,228.9,49.8,5.6,1290.0,1000.0,78.0,43.0,83.7,93.0,820
2024-03-24T03:09:29.000000+00:00,237.0,49.9,236.1,49.9,228.9,49.9,5.6,1290.0,1000.0,78.0,43.0,83.7,93.0,820
2024-03-24T03:10:29.000000+00:00,237.7,49.9,236.8,49.9,228.9,49.9,5.6,1280.0,990.0,77.0,43.0,83.7,93.0,820
2024-03-24T03:11:29.000000+00:00,236.7,49.8,236.7,49.8,228.9,49.8,5.6,1290.0,1000.0,78.0,43.0,83.7,93.0,820
2024-03-24T03:12:29.000000+00:00,237.3,50.0,237.6,50.0,228.9,50.0,5.6,1280.0,990.0,77.0,43.0,83.7,93.0,820
2024-03-24T03:13:29.000000+00:00,237.7,50.0,237.8,50.0,228.9,50.0,5.6,1280.0,1000.0,78.0,43.0,83.8,93.0,820
2024-03-24T03:14:29.000000+00:00,237.9,50.1,237.9,50.1,228.9,50.1,5.6,1280.0,1000.0,78.0,43.0,83.8,93.0,820
2024-03-24T03:15:29.000000+00:00,238.6,50.2,238.0,50.2,228.9,50.2,5.6,1280.0,1000.0,78.0,42.0,83.8,93.0,820
2024-03-24T03:16:29.000000+00:00,238.2,50.3,238.3,50.3,228.9,50.3,5.5,1270.0,990.0,78.0,42.0,83.7,93.0,820
2024-03-24T03:17:29.000000+00:00,238.0,50.2,238.0,50.2,228.9,50.2,5.6,1280.0,1000.0,78.0,42.0,83.7,93.0,820
2024-03-24T03:18:29.000000+00:00,237.9,50.2,237.9,50.2,228.9,50.2,5.6,1270.0,990.0,78.0,43.0,83.7,93.0,820
2024-03-24T03:19:29.000000+00:00,239.0,50.2,239.0,50.2,228.9,50.2,5.5,1270.0,990.0,78.0,42.0,83.7,93.0,820
2024-03-24T03:20:29.000000+00:00,238.5,50.2,238.8,50.2,228.9,50.2,5.6,1280.0,990.0,77.0,43.0,83.7,93.0,820
2024-03-24T03:21:29.000000+00:00,237.4,50.2,237.4,50.1,228.9,50.2,5.6,1280.0,1000.0,78.0,43.0,83.8,93.0,820
2024-03-24T03:22:29.000000+00:00,238.6,50.1,238.1,50.1,228.9,50.1,5.6,1290.0,1000.0,78.0,43.0,83.8,93.0,820
2024-03-24T03:23:29.000000+00:00,237.5,50.1,237.5,50.1,228.9,50.1,5.6,1290.0,1000.0,78.0,43.0,83.8,93.0,820
2024-03-24T03:24:30.000000+00:00,237.3,50.0,237.2,50.0,228.9,50.0,5.6,1290.0,1000.0,78.0,43.0,83.7,93.0,820
2024-03-24T03:25:30.000000+00:00,236.1,49.9,236.1,49.9,228.9,49.9,5.6,1290.0,1000.0,78.0,43.0,83.7,93.0,820
2024-03-24T03:26:30.000000+00:00,236.6,50.0,236.6,50.0,228.9,50.0,5.7,1290.0,1010.0,78.0,43.0,83.8,93.0,820
2024-03-24T03:27:30.000000+00:00,236.8,49.9,236.9,49.9,228.9,49.9,5.7,1300.0,1010.0,78.0,43.0,83.7,93.0,820
2024-03-24T03:28:30.000000+00:00,236.0,49.8,236.0,49.9,228.9,49.8,5.6,1290.0,1000.0,78.0,43.0,83.7,93.0,821
2024-03-24T03:29:30.000000+00:00,235.5,49.7,234.9,49.7,228.9,49.7,5.6,1300.0,1000.0,77.0,43.0,83.7,93.0,821
2024-03-24T03:30:30.000000+00:00,234.7,49.7,234.8,49.7,228.9,49.7,5.7,1310.0,1010.0,77.0,44.0,83.8,93.0,821
2024-03-24T03:31:30.000000+00:00,235.3,49.9,234.9,49.9,228.9,49.9,5.6,1280.0,990.0,77.0,43.0,83.7,93.0,821
2024-03-24T03:32:30.000000+00:00,236.6,50.2,236.6,50.2,228.9,50.2,5.6,1280.0,990.0,77.0,43.0,83.7,93.0,821
2024-03-24T03:33:30.000000+00:00,235.5,50.1,235.5,50.1,228.9,50.1,5.6,1280.0,1000.0,78.0,43.0,83.7,93.0,821
2024-03-24T03:34:30.000000+00:00,235.5,50.2,235.5,50.2,228.9,50.2,5.6,1270.0,990.0,78.0,43.0,83.7,93.0,821
2024-03-24T03:35:30.000000+00:00,236.9,50.3,236.9,50.3,228.9,50.3,5.6,1270.0,990.0,78.0,42.0,83.8,93.0,821
2024-03-24T03:36:30.000000+00:00,234.9,50.3,235.4,50.3,228.9,50.3,5.5,1270.0,990.0,78.0,42.0,83.7,93.0,821
2024-03-24T03:37:30.000000+00:00,235.0,50.1,235.0,50.1,228.9,50.1,5.6,1280.0,990.0,77.0,43.0,83.7,93.0,821
2024-03-24T03:38:30.000000+00:00,234.7,50.3,234.7,50.3,228.9,50.3,5.5,1270.0,990.0,78.0,42.0,83.8,93.0,821
2024-03-24T03:39:30.000000+00:00,235.8,50.3,235.8,50.3,228.9,50.3,5.5,1270.0,990.0,78.0,42.0,83.7,93.0,821
2024-03-24T03:40:30.000000+00:00,235.5,50.2,235.5,50.2,228.9,50.2,5.6,1280.0,1000.0,78.0,43.0,83.8,93.0,821
2024-03-24T03:41:30.000000+00:00,234.9,50.3,234.9,50.3,228.9,50.3,5.5,1260.0,990.0,79.0,42.0,83.7,93.0,821
2024-03-24T03:42:30.000000+00:00,235.8,50.4,235.2,50.4,228.9,50.4,5.6,1270.0,1000.0,79.0,42.0,83.7,93.0,821
2024-03-24T03:43:30.000000+00:00,235.2,50.3,234.7,50.3,228.9,50.3,5.6,1270.0,1000.0,79.0,42.0,83.7,93.0,821
2024-03-24T03:44:30.000000+00:00,237.8,50.2,237.8,50.2,228.9,50.2,5.6,1270.0,990.0,78.0,42.0,83.7,93.0,821
2024-03-24T03:45:30.000000+00:00,238.9,50.3,238.4,50.3,228.9,50.3,5.5,1270.0,990.0,78.0,43.0,83.7,93.0,821
2024-03-24T03:46:30.000000+00:00,238.2,50.3,237.6,50.3,228.9,50.3,5.5,1270.0,990.0,78.0,42.0,83.7,93.0,821
2024-03-24T03:47:30.000000+00:00,238.2,50.3,238.2,50.3,228.9,50.3,5.5,1270.0,990.0,78.0,42.0,83.8,93.0,821
2024-03-24T03:48:30.000000+00:00,238.7,50.3,238.3,50.3,228.9,50.3,5.5,1270.0,990.0,78.0,42.0,83.8,93.0,821
2024-03-24T03:49:30.000000+00:00,237.9,50.2,237.4,50.2,228.9,50.2,5.6,1280.0,1000.0,78.0,43.0,83.7,93.0,822
2024-03-24T03:50:30.000000+00:00,237.2,50.2,237.2,50.2,228.9,50.2,5.6,1280.0,1000.0,78.0,43.0,83.8,93.0,822
2024-03-24T03:51:30.000000+00:00,236.3,50.2,237.3,50.2,228.9,50.2,5.6,1270.0,990.0,78.0,43.0,83.7,93.0,822
2024-03-24T03:52:30.000000+00:00,236.3,50.3,237.3,50.3,228.9,50.3,5.6,1270.0,1000.0,79.0,42.0,83.8,93.0,822
2024-03-24T03:53:30.000000+00:00,234.4,50.2,234.4,50.2,228.9,50.2,5.6,1290.0,1000.0,78.0,43.0,83.7,93.0,822
2024-03-24T03:54:30.000000+00:00,235.9,50.3,235.9,50.3,228.9,50.3,5.6,1270.0,1000.0,79.0,42.0,83.7,93.0,822
2024-03-24T03:55:30.000000+00:00,235.3,50.3,234.7,50.3,228.9,50.3,5.6,1270.0,990.0,78.0,42.0,83.8,93.0,822
2024-03-24T03:56:30.000000+00:00,234.9,50.2,234.3,50.2,228.9,50.2,5.6,1280.0,1000.0,78.0,42.0,83.7,93.0,822
2024-03-24T03:57:30.000000+00:00,234.2,50.2,234.3,50.2,228.9,50.2,5.6,1280.0,1000.0,78.0,42.0,83.7,93.0,822
2024-03-24T03:58:30.000000+00:00,236.9,50.2,236.9,50.2,228.9,50.2,5.6,1280.0,1000.0,78.0,42.0,83.9,93.0,822
2024-03-24T03:59:30.000000+00:00,237.8,50.3,237.8,50.3,228.9,50.3,5.6,1280.0,1000.0,78.0,43.0,84.0,93.0,822
2024-03-24T04:00:30.000000+00:00,239.1,50.3,239.1,50.3,228.9,50.3,5.6,1280.0,1000.0,78.0,42.0,84.1,93.0,822
2024-03-24T04:01:30.000000+00:00,238.3,50.3,238.2,50.3,228.9,50.3,5.5,1270.0,990.0,78.0,42.0,84.2,93.0,822
2024-03-24T04:02:30.000000+00:00,237.3,50.2,237.8,50.2,228.9,50.2,5.5,1270.0,990.0,78.0,42.0,84.3,93.0,822
2024-03-24T04:03:30.000000+00:00,236.9,50.3,237.7,50.3,228.9,50.3,5.5,1270.0,990.0,78.0,42.0,84.3,93.0,822
2024-03-24T04:04:30.000000+00:00,236.9,50.3,236.9,50.3,228.9,50.3,5.6,1270.0,1000.0,79.0,43.0,84.2,93.0,822
2024-03-24T04:05:30.000000+00:00,237.2,50.2,236.4,50.2,228.9,50.2,5.6,1280.0,1000.0,78.0,43.0,84.1,93.0,822
2024-03-24T04:06:30.000000+00:00,235.7,50.0,235.7,50.0,228.9,50.0,5.6,1280.0,1000.0,78.0,43.0,84.1,93.0,822
2024-03-24T04:07:30.000000+00:00,236.0,50.0,236.0,50.0,228.9,50.0,5.6,1280.0,990.0,77.0,43.0,84.0,93.0,822
2024-03-24T04:08:30.000000+00:00,234.7,50.0,235.3,50.0,228.9,50.0,5.6,1280.0,1000.0,78.0,43.0,84.0,93.0,822
2024-03-24T04:09:30.000000+00:00,235.1,50.0,235.8,50.0,228.9,50.0,5.6,1280.0,1000.0,78.0,43.0,83.9,93.0,823
2024-03-24T04:10:30.000000+00:00,235.7,50.1,235.3,50.1,228.9,50.1,5.6,1280.0,1000.0,78.0,43.0,83.9,93.0,823
2024-03-24T04:11:30.000000+00:00,234.2,50.0,234.1,50.0,228.9,50.0,5.6,1290.0,1000.0,78.0,43.0,83.9,93.0,823
2024-03-24T04:12:30.000000+00:00,236.6,49.8,235.8,49.8,228.9,49.8,5.7,1290.0,1000.0,78.0,43.0,83.9,93.0,823
2024-03-24T04:13:30.000000+00:00,237.0,49.6,236.5,49.7,228.9,49.7,5.7,1310.0,1010.0,77.0,43.0,83.9,93.0,823
2024-03-24T04:14:30.000000+00:00,236.1,49.8,236.1,49.8,228.9,49.8,5.7,1300.0,1000.0,77.0,43.0,83.9,93.0,823
2024-03-24T04:15:30.000000+00:00,236.8,49.9,236.8,49.9,228.9,49.9,5.7,1300.0,1010.0,78.0,43.0,83.8,93.0,823
2024-03-24T04:16:30.000000+00:00,234.6,49.6,234.6,49.6,228.9,49.6,5.7,1300.0,1000.0,77.0,44.0,83.8,93.0,823
2024-03-24T04:17:30.000000+00:00,234.6,49.6,234.5,49.6,228.9,49.6,5.7,1310.0,1010.0,77.0,44.0,83.9,93.0,823
2024-03-24T04:18:30.000000+00:00,233.9,49.6,233.9,49.6,228.9,49.6,5.7,1300.0,1000.0,77.0,44.0,83.8,93.0,823
2024-03-24T04:19:31.000000+00:00,235.3,50.0,235.3,50.0,228.9,50.0,5.7,1300.0,1010.0,78.0,43.0,83.8,94.0,823
2024-03-24T04:20:31.000000+00:00,235.1,50.2,236.0,50.2,228.9,50.2,5.6,1270.0,990.0,78.0,43.0,83.8,94.0,823
2024-03-24T04:21:31.000000+00:00,237.3,50.3,237.3,50.3,228.9,50.3,5.6,1280.0,1000.0,78.0,42.0,83.8,94.0,823
2024-03-24T04:22:31.000000+00:00,236.6,50.3,236.3,50.3,228.9,50.3,5.5,1270.0,990.0,78.0,42.0,83.8,94.0,823
2024-03-24T04:23:31.000000+00:00,237.1,50.4,236.7,50.4,228.9,50.4,5.5,1270.0,990.0,78.0,43.0,83.8,94.0,823
2024-03-24T04:24:31.000000+00:00,237.1,50.4,237.1,50.4,228.9,50.4,5.5,1270.0,990.0,78.0,42.0,83.8,94.0,823
2024-03-24T04:25:31.000000+00:00,238.1,50.4,237.6,50.4,228.9,50.4,5.5,1270.0,990.0,78.0,43.0,83.8,94.0,823
2024-03-24T04:26:31.000000+00:00,238.0,50.4,238.0,50.4,228.9,50.4,5.5,1260.0,990.0,79.0,42.0,83.8,94.0,823
2024-03-24T04:27:31.000000+00:00,237.6,50.5,237.5,50.5,228.9,50.5,5.5,1260.0,990.0,79.0,42.0,83.8,94.0,823
2024-03-24T04:28:31.000000+00:00,237.7,50.1,237.4,50.1,228.9,50.2,5.6,1270.0,1000.0,79.0,43.0,83.8,94.0,823
2024-03-24T04:29:31.000000+00:00,237.9,50.2,237.9,50.2,228.9,50.3,5.5,1260.0,990.0,79.0,42.0,83.8,94.0,823
2024-03-24T04:30:31.000000+00:00,237.8,50.2,237.4,50.2,228.9,50.2,5.6,1270.0,990.0,78.0,43.0,83.8,94.0,824
2024-03-24T04:31:31.000000+00:00,237.8,50.3,237.8,50.3,228.9,50.3,5.6,1280.0,1000.0,78.0,42.0,84.1,94.0,824
2024-03-24T04:32:31.000000+00:00,237.7,50.1,237.6,50.1,228.9,50.1,5.6,1280.0,1000.0,78.0,43.0,84.2,94.0,824
2024-03-24T04:33:31.000000+00:00,238.0,50.1,237.3,50.1,228.9,50.1,5.6,1280.0,1000.0,78.0,43.0,84.2,94.0,824
2024-03-24T04:34:31.000000+00:00,236.7,50.1,236.7,50.1,228.9,50.1,5.6,1270.0,990.0,78.0,42.0,84.3,94.0,824
2024-03-24T04:35:31.000000+00:00,236.2,50.1,236.2,50.1,228.9,50.1,5.6,1290.0,1000.0,78.0,43.0,84.3,94.0,824
2024-03-24T04:36:31.000000+00:00,236.9,50.2,236.9,50.2,228.9,50.2,5.5,1270.0,990.0,78.0,43.0,84.3,94.0,824
2024-03-24T04:37:31.000000+00:00,236.2,50.1,236.1,50.1,228.9,50.1,5.6,1280.0,1000.0,78.0,43.0,84.2,94.0,824
2024-03-24T04:38:31.000000+00:00,235.7,50.2,235.7,50.2,228.9,50.2,5.6,1280.0,1000.0,78.0,43.0,84.1,94.0,824
2024-03-24T04:39:31.000000+00:00,234.9,50.1,234.9,50.1,228.9,50.1,5.6,1290.0,1010.0,78.0,43.0,84.0,94.0,824
2024-03-24T04:40:31.000000+00:00,235.2,50.1,234.9,50.1,228.9,50.1,5.6,1280.0,1000.0,78.0,43.0,84.0,94.0,824
2024-03-24T04:41:31.000000+00:00,234.5,50.1,234.0,50.1,228.9,50.1,5.6,1280.0,1000.0,78.0,43.0,84.0,94.0,824
2024-03-24T04:42:31.000000+00:00,233.3,50.0,233.3,50.0,228.9,50.0,5.6,1280.0,1000.0,78.0,43.0,83.9,94.0,824
2024-03-24T04:43:31.000000+00:00,233.3,50.0,233.3,50.0,228.9,50.0,5.6,1280.0,1000.0,78.0,43.0,83.9,94.0,824
2024-03-24T04:44:31.000000+00:00,232.6,49.9,232.6,49.9,228.9,49.9,5.6,1290.0,1000.0,78.0,43.0,83.9,94.0,824
2024-03-24T04:45:31.000000+00:00,236.3,49.9,235.3,49.9,228.9,49.9,5.7,1300.0,1010.0,78.0,43.0,83.9,94.0,824
2024-03-24T04:46:31.000000+00:00,235.4,49.8,235.4,49.8,228.9,49.8,5.7,1300.0,1010.0,78.0,43.0,83.9,94.0,824
2024-03-24T04:47:31.000000+00:00,235.0,49.8,234.6,49.8,228.9,49.8,5.6,1300.0,1000.0,77.0,43.0,83.9,94.0,824
2024-03-24T04:48:31.000000+00:00,234.1,49.8,235.0,49.8,228.9,49.8,5.6,1290.0,1000.0,78.0,43.0,83.8,94.0,824
2024-03-24T04:49:31.000000+00:00,235.3,49.9,235.3,49.9,228.9,49.9,5.7,1300.0,1010.0,78.0,43.0,83.8,94.0,824
2024-03-24T04:50:31.000000+00:00,235.2,49.9,235.2,49.9,228.9,49.9,5.7,1300.0,1010.0,78.0,43.0,83.8,94.0,824
2024-03-24T04:51:31.000000+00:00,235.4,49.8,235.4,49.8,228.9,49.8,5.6,1290.0,1000.0,78.0,43.0,83.8,94.0,825
2024-03-24T04:52:31.000000+00:00,234.0,50.1,234.0,50.1,228.9,50.1,5.6,1290.0,1000.0,78.0,43.0,83.8,94.0,825
2024-03-24T04:53:31.000000+00:00,236.3,50.0,236.3,50.0,228.9,50.0,5.6,1280.0,1000.0,78.0,43.0,83.8,94.0,825
2024-03-24T04:54:31.000000+00:00,235.5,50.0,235.3,50.0,228.9,50.0,5.6,1290.0,1000.0,78.0,43.0,83.8,94.0,825
2024-03-24T04:55:31.000000+00:00,235.1,50.0,235.2,50.0,228.9,50.0,5.6,1290.0,1000.0,78.0,43.0,83.8,94.0,825
2024-03-24T04:56:31.000000+00:00,235.8,50.0,235.7,50.0,228.9,50.0,5.6,1280.0,990.0,77.0,43.0,83.8,94.0,825
2024-03-24T04:57:31.000000+00:00,235.7,50.1,235.3,50.1,228.9,50.1,5.6,1280.0,1000.0,78.0,42.0,83.8,94.0,825
2024-03-24T04:58:31.000000+00:00,235.6,50.2,235.6,50.2,228.9,50.2,5.6,1270.0,990.0,78.0,43.0,84.0,94.0,825
2024-03-24T04:59:31.000000+00:00,235.0,50.2,235.0,50.2,228.9,50.2,5.6,1270.0,990.0,78.0,43.0,84.1,94.0,825
2024-03-24T05:00:31.000000+00:00,234.8,50.2,235.8,50.2,228.9,50.2,5.5,1270.0,990.0,78.0,43.0,84.2,94.0,825
2024-03-24T05:01:31.000000+00:00,235.1,50.3,235.4,50.3,228.9,50.3,5.5,1270.0,1000.0,79.0,43.0,84.3,94.0,825
2024-03-24T05:02:31.000000+00:00,236.0,50.3,236.0,50.3,228.9,50.3,5.5,1260.0,990.0,79.0,43.0,84.3,94.0,825
2024-03-24T05:03:31.000000+00:00,235.7,50.3,234.3,50.3,228.9,50.3,5.6,1270.0,1000.0,79.0,43.0,84.4,94.0,825
2024-03-24T05:04:31.000000+00:00,234.4,50.3,234.4,50.3,228.9,50.3,5.6,1280.0,1010.0,79.0,42.0,84.2,94.0,825
2024-03-24T05:05:31.000000+00:00,233.6,50.2,233.2,50.2,228.9,50.2,5.6,1280.0,1000.0,78.0,43.0,84.1,94.0,825
2024-03-24T05:06:31.000000+00:00,235.0,50.3,235.0,50.3,228.9,50.3,5.6,1270.0,1000.0,79.0,43.0,84.1,94.0,825
2024-03-24T05:07:31.000000+00:00,232.5,50.4,232.5,50.4,228.9,50.4,5.6,1270.0,1000.0,79.0,42.0,84.0,94.0,825
2024-03-24T05:08:31.000000+00:00,233.5,50.3,233.5,50.3,228.9,50.3,5.6,1280.0,1010.0,79.0,42.0,84.0,94.0,825
2024-03-24T05:09:31.000000+00:00,233.4,50.3,232.2,50.3,228.9,50.3,5.5,1270.0,1000.0,79.0,43.0,83.9,94.0,825
2024-03-24T05:10:31.000000+00:00,231.9,50.4,232.3,50.4,228.9,50.4,5.5,1270.0,990.0,78.0,43.0,83.9,94.0,825
2024-03-24T05:11:31.000000+00:00,232.6,50.3,232.8,50.3,228.9,50.3,5.6,1280.0,1000.0,78.0,42.0,83.9,94.0,826
2024-03-24T05:12:31.000000+00:00,232.4,50.3,231.4,50.3,228.9,50.3,5.6,1280.0,1000.0,78.0,42.0,83.9,94.0,826
2024-03-24T05:13:31.000000+00:00,235.9,50.3,236.3,50.3,228.9,50.3,5.6,1270.0,990.0,78.0,42.0,83.8,94.0,826
2024-03-24T05:14:31.000000+00:00,234.8,50.3,234.8,50.3,228.9,50.3,5.5,1270.0,990.0,78.0,42.0,83.8,94.0,826
2024-03-24T05:15:31.000000+00:00,235.3,50.2,235.2,50.2,228.9,50.2,5.6,1280.0,1000.0,78.0,43.0,83.8,94.0,826
2024-03-24T05:16:20.000000+00:00,235.4,50.2,235.0,50.2,228.9,50.2,5.6,1280.0,1000.0,78.0,42.0,83.8,94.0,826
2024-03-24T05:16:22.000000+00:00,239.2,50.1,239.3,50.1,228.9,50.2,5.6,1280.0,1000.0,78.0,42.0,83.8,94.0,826
2024-03-24T05:16:24.000000+00:00,239.2,50.1,239.3,50.1,228.9,50.2,5.6,1280.0,1000.0,78.0,42.0,83.8,94.0,826
2024-03-24T05:16:25.000000+00:00,239.2,50.1,239.3,50.1,228.9,50.2,5.6,1280.0,1000.0,78.0,43.0,83.8,94.0,826
2024-03-24T05:16:28.000000+00:00,237.2,50.1,237.2,50.1,228.9,50.1,5.6,1280.0,1000.0,78.0,43.0,83.8,94.0,826
2024-03-24T05:16:30.000000+00:00,237.2,50.1,237.2,50.1,228.9,50.1,5.6,1280.0,1000.0,78.0,43.0,80.6,93.0,823
2024-03-24T05:16:32.000000+00:00,237.2,50.1,237.2,50.1,228.9,50.1,5.6,1280.0,1000.0,78.0,43.0,80.6,93.0,823
2024-03-24T05:17:32.000000+00:00,235.0,50.1,235.5,50.1,228.9,50.1,5.6,1290.0,1000.0,78.0,43.0,83.7,93.0,821
2024-03-24T05:18:32.000000+00:00,234.6,50.1,234.3,50.1,228.9,50.1,5.6,1280.0,1000.0,78.0,43.0,83.8,93.0,821
2024-03-24T05:19:32.000000+00:00,234.8,50.1,234.8,50.1,228.9,50.1,5.6,1290.0,1010.0,78.0,43.0,83.9,93.0,821
2024-03-24T05:20:32.000000+00:00,234.1,50.2,235.2,50.2,228.9,50.2,5.6,1270.0,1000.0,79.0,43.0,83.9,93.0,821
2024-03-24T05:21:32.000000+00:00,235.4,50.2,234.9,50.2,228.9,50.2,5.6,1280.0,1000.0,78.0,43.0,84.0,93.0,821
2024-03-24T05:22:32.000000+00:00,235.1,50.2,235.1,50.2,228.9,50.2,5.6,1280.0,1000.0,78.0,43.0,83.9,93.0,821
2024-03-24T05:23:32.000000+00:00,235.3,50.1,235.3,50.1,228.9,50.1,5.6,1290.0,1010.0,78.0,43.0,84.0,93.0,821
2024-03-24T05:24:32.000000+00:00,234.4,50.2,234.9,50.1,228.9,50.1,5.6,1280.0,1000.0,78.0,43.0,83.9,93.0,821
2024-03-24T05:25:32.000000+00:00,234.3,50.0,234.3,50.0,228.9,50.0,5.6,1280.0,1000.0,78.0,43.0,83.9,93.0,821
2024-03-24T05:26:32.000000+00:00,232.9,49.9,233.9,49.9,228.9,49.9,5.6,1290.0,1000.0,78.0,43.0,83.8,93.0,821
2024-03-24T05:27:32.000000+00:00,233.0,50.0,234.0,50.1,228.9,50.0,5.6,1290.0,1000.0,78.0,43.0,83.7,93.0,821
2024-03-24T05:28:32.000000+00:00,232.7,50.1,233.8,50.1,228.9,50.1,5.6,1280.0,1000.0,78.0,43.0,83.8,93.0,821
2024-03-24T05:29:32.000000+00:00,233.7,50.1,233.7,50.1,228.9,50.1,5.6,1280.0,1000.0,78.0,43.0,83.7,93.0,821
2024-03-24T05:30:32.000000+00:00,234.0,50.2,234.0,50.2,228.9,50.2,5.6,1280.0,1000.0,78.0,43.0,83.8,93.0,821
2024-03-24T05:31:32.000000+00:00,233.6,50.0,233.8,50.0,228.9,50.0,5.6,1280.0,1000.0,78.0,43.0,83.6,93.0,821
2024-03-24T05:32:32.000000+00:00,233.8,50.0,233.0,50.0,228.9,50.0,5.6,1280.0,1000.0,78.0,43.0,83.7,93.0,822
2024-03-24T05:33:32.000000+00:00,231.5,49.9,232.5,50.0,228.9,49.9,5.6,1280.0,1000.0,78.0,43.0,83.6,93.0,822
2024-03-24T05:34:32.000000+00:00,232.5,50.1,232.6,50.1,228.9,50.1,5.6,1280.0,1000.0,78.0,43.0,83.7,93.0,822
2024-03-24T05:35:32.000000+00:00,232.0,50.0,232.0,50.0,228.9,50.0,5.6,1290.0,1010.0,78.0,43.0,83.7,93.0,822
2024-03-24T05:36:32.000000+00:00,236.4,50.2,236.4,50.2,228.9,50.2,5.6,1280.0,1000.0,78.0,43.0,83.9,93.0,822
2024-03-24T05:37:32.000000+00:00,236.3,50.1,236.3,50.1,228.9,50.1,5.6,1280.0,1000.0,78.0,43.0,83.9,93.0,822
2024-03-24T05:38:32.000000+00:00,237.6,50.0,237.4,50.0,228.9,50.1,5.6,1270.0,990.0,78.0,43.0,84.0,93.0,822
2024-03-24T05:39:32.000000+00:00,236.8,50.0,236.6,50.0,228.9,50.0,5.6,1290.0,1000.0,78.0,43.0,84.0,93.0,822
2024-03-24T05:40:32.000000+00:00,236.0,50.1,236.0,50.1,228.9,50.1,5.6,1290.0,1000.0,78.0,43.0,83.9,93.0,822
2024-03-24T05:41:32.000000+00:00,237.9,50.2,237.9,50.2,228.9,50.2,5.6,1280.0,1000.0,78.0,43.0,84.0,93.0,822
2024-03-24T05:42:32.000000+00:00,237.8,50.2,237.8,50.2,228.9,50.2,5.6,1280.0,990.0,77.0,42.0,83.8,93.0,822
2024-03-24T05:43:32.000000+00:00,237.5,50.2,237.1,50.2,228.9,50.2,5.6,1270.0,1000.0,79.0,43.0,83.9,93.0,822
2024-03-24T05:44:32.000000+00:00,236.5,50.3,236.5,50.3,228.9,50.3,5.6,1280.0,1000.0,78.0,43.0,83.7,93.0,822
2024-03-24T05:45:32.000000+00:00,236.2,50.3,236.8,50.3,228.9,50.3,5.6,1280.0,1000.0,78.0,42.0,83.8,93.0,822
2024-03-24T05:46:32.000000+00:00,235.8,50.3,235.8,50.3,228.9,50.3,5.6,1280.0,1000.0,78.0,43.0,83.7,93.0,822
2024-03-24T05:47:32.000000+00:00,235.7,50.3,235.7,50.3,228.9,50.3,5.6,1280.0,1000.0,78.0,43.0,83.7,93.0,822
2024-03-24T05:48:32.000000+00:00,235.5,50.3,235.5,50.3,228.9,50.3,5.6,1280.0,1010.0,79.0,42.0,83.7,93.0,822
2024-03-24T05:48:48.000000+00:00,240.1,50.2,240.1,50.2,228.9,50.2,5.6,1280.0,1000.0,78.0,42.0,83.9,93.0,822
2024-03-24T05:48:56.000000+00:00,244.7,50.2,244.7,50.2,229.0,50.2,5.5,1270.0,990.0,78.0,42.0,83.9,93.0,822
2024-03-24T05:48:57.000000+00:00,244.7,50.2,244.7,50.2,229.0,50.2,5.5,1270.0,990.0,78.0,43.0,83.9,93.0,822
2024-03-24T05:48:59.000000+00:00,240.8,50.2,241.6,50.2,228.9,50.2,5.6,1280.0,1000.0,78.0,43.0,83.9,93.0,822
2024-03-24T05:49:32.000000+00:00,237.1,50.2,238.2,50.2,228.9,50.2,5.6,1280.0,1000.0,78.0,43.0,84.0,93.0,817
2024-03-24T05:50:32.000000+00:00,237.4,50.1,238.5,50.1,229.0,50.1,5.6,1280.0,1000.0,78.0,43.0,84.3,93.0,817
2024-03-24T05:51:32.000000+00:00,237.7,50.1,237.7,50.1,228.9,50.1,5.6,1280.0,1000.0,78.0,43.0,84.1,93.0,817
2024-03-24T05:52:32.000000+00:00,236.6,49.9,237.6,49.9,228.9,49.9,5.6,1280.0,1000.0,78.0,43.0,84.3,93.0,817
2024-03-24T05:53:32.000000+00:00,237.1,50.1,236.7,50.1,228.9,50.1,5.6,1290.0,1000.0,78.0,43.0,84.3,93.0,818
2024-03-24T05:54:32.000000+00:00,237.3,50.1,236.2,50.1,228.9,50.1,5.6,1290.0,1010.0,78.0,43.0,84.4,93.0,818
2024-03-24T05:55:32.000000+00:00,236.8,50.1,236.8,50.1,228.9,50.1,5.6,1280.0,1000.0,78.0,43.0,84.4,93.0,818
2024-03-24T05:56:32.000000+00:00,236.3,50.1,236.8,50.1,228.9,50.1,5.6,1280.0,1000.0,78.0,43.0,84.4,93.0,818
2024-03-24T05:57:32.000000+00:00,236.3,50.0,235.8,50.0,228.9,50.0,5.6,1290.0,1000.0,78.0,43.0,84.3,93.0,818
2024-03-24T05:58:32.000000+00:00,237.3,50.1,237.3,50.1,228.9,50.1,5.6,1290.0,1010.0,78.0,43.0,84.1,93.0,818
2024-03-24T05:59:32.000000+00:00,236.1,50.0,236.1,50.0,228.9,50.0,5.6,1290.0,1000.0,78.0,43.0,84.0,93.0,818
2024-03-24T06:00:32.000000+00:00,236.6,49.9,236.6,49.9,228.9,49.9,5.6,1280.0,990.0,77.0,43.0,84.0,93.0,818
2024-03-24T06:01:32.000000+00:00,235.7,49.7,235.7,49.7,228.9,49.7,5.7,1300.0,1010.0,78.0,43.0,83.9,93.0,818
2024-03-24T06:02:32.000000+00:00,235.2,49.6,235.7,49.6,228.9,49.6,5.7,1310.0,1010.0,77.0,44.0,83.9,93.0,818
2024-03-24T06:03:32.000000+00:00,235.5,49.8,236.0,49.8,228.9,49.8,5.7,1300.0,1000.0,77.0,43.0,83.9,93.0,818
2024-03-24T06:04:32.000000+00:00,234.9,49.8,234.9,49.8,228.9,49.8,5.6,1290.0,1000.0,78.0,43.0,83.9,93.0,818
2024-03-24T06:05:32.000000+00:00,234.8,49.9,234.8,49.9,228.9,49.9,5.7,1300.0,1010.0,78.0,43.0,84.0,93.0,818
2024-03-24T06:06:32.000000+00:00,236.6,50.0,236.6,50.0,228.9,50.0,5.6,1290.0,1000.0,78.0,43.0,84.2,93.0,818
2024-03-24T06:07:32.000000+00:00,235.6,49.9,235.6,49.9,228.9,49.9,5.7,1300.0,1010.0,78.0,43.0,84.3,93.0,818
2024-03-24T06:08:32.000000+00:00,236.0,50.0,236.0,50.0,228.9,50.0,5.6,1290.0,1000.0,78.0,43.0,84.3,93.0,818
2024-03-24T06:09:32.000000+00:00,235.9,50.1,236.0,50.1,228.9,50.1,5.6,1280.0,1000.0,78.0,43.0,84.4,93.0,818
2024-03-24T06:10:32.000000+00:00,237.2,50.0,237.2,50.0,228.9,50.0,5.7,1290.0,1010.0,78.0,43.0,84.4,93.0,818
2024-03-24T06:11:32.000000+00:00,235.9,50.3,235.9,50.3,228.9,50.3,5.6,1270.0,1000.0,79.0,43.0,84.3,93.0,818
2024-03-24T06:12:32.000000+00:00,235.9,50.0,234.9,50.0,228.9,50.0,5.6,1290.0,1010.0,78.0,43.0,84.2,93.0,818
2024-03-24T06:13:33.000000+00:00,236.1,50.1,236.1,50.1,228.9,50.1,5.6,1290.0,1000.0,78.0,43.0,84.1,93.0,818
2024-03-24T06:14:33.000000+00:00,236.9,50.2,236.3,50.2,228.9,50.2,5.6,1280.0,1000.0,78.0,43.0,84.0,93.0,819
2024-03-24T06:15:33.000000+00:00,237.5,50.3,236.5,50.3,228.9,50.3,5.6,1280.0,1000.0,78.0,43.0,84.0,93.0,819
2024-03-24T06:16:33.000000+00:00,236.8,50.3,236.2,50.3,228.9,50.3,5.5,1270.0,990.0,78.0,42.0,83.9,93.0,819
2024-03-24T06:17:33.000000+00:00,237.0,50.4,237.0,50.4,228.9,50.4,5.5,1270.0,1000.0,79.0,42.0,83.9,93.0,819
2024-03-24T06:18:33.000000+00:00,236.9,50.4,236.9,50.4,228.9,50.4,5.5,1270.0,1000.0,79.0,42.0,83.9,93.0,819
2024-03-24T06:19:33.000000+00:00,237.5,50.3,236.6,50.3,228.9,50.3,5.6,1270.0,1000.0,79.0,43.0,83.9,93.0,819
2024-03-24T06:20:33.000000+00:00,237.3,50.2,237.3,50.2,228.9,50.2,5.6,1280.0,990.0,77.0,43.0,84.1,93.0,819
2024-03-24T06:21:33.000000+00:00,235.0,50.1,235.5,50.1,228.9,50.1,5.6,1280.0,1000.0,78.0,42.0,84.2,93.0,819
2024-03-24T06:22:33.000000+00:00,235.3,50.1,235.3,50.1,228.9,50.1,5.6,1280.0,1000.0,78.0,43.0,84.3,93.0,819
2024-03-24T06:23:33.000000+00:00,236.8,50.3,235.8,50.3,228.9,50.3,5.6,1270.0,1000.0,79.0,43.0,84.4,93.0,843
2024-03-24T06:24:33.000000+00:00,235.8,50.2,235.8,50.2,228.9,50.2,5.6,1280.0,1000.0,78.0,43.0,84.4,93.0,843
2024-03-24T06:25:33.000000+00:00,236.4,50.2,236.4,50.2,228.9,50.3,5.6,1270.0,1000.0,79.0,43.0,84.4,93.0,843
2024-03-24T06:26:33.000000+00:00,236.9,50.2,236.9,50.2,228.9,50.2,5.6,1270.0,1000.0,79.0,43.0,84.3,93.0,843
2024-03-24T06:27:33.000000+00:00,237.4,50.3,236.5,50.3,228.9,50.3,5.6,1270.0,1000.0,79.0,42.0,84.2,93.0,843
2024-03-24T06:28:33.000000+00:00,236.5,50.3,236.5,50.3,228.9,50.3,5.6,1270.0,990.0,78.0,43.0,84.1,93.0,843
2024-03-24T06:29:33.000000+00:00,236.0,50.4,236.8,50.4,228.9,50.4,5.6,1270.0,1000.0,79.0,42.0,84.0,93.0,843
2024-03-24T06:30:33.000000+00:00,235.7,50.4,235.7,50.4,228.9,50.4,5.5,1260.0,990.0,79.0,43.0,84.0,93.0,844
2024-03-24T06:31:33.000000+00:00,236.6,50.4,236.6,50.4,228.9,50.4,5.5,1270.0,1000.0,79.0,42.0,83.9,93.0,785
2024-03-24T06:32:33.000000+00:00,237.8,50.4,236.9,50.4,228.9,50.4,5.6,1270.0,1000.0,79.0,42.0,83.9,93.0,844
2024-03-24T06:33:33.000000+00:00,237.7,50.5,237.7,50.5,228.9,50.4,5.5,1270.0,1000.0,79.0,42.0,83.9,93.0,844
2024-03-24T06:34:33.000000+00:00,238.0,50.4,238.0,50.4,228.9,50.4,5.5,1260.0,990.0,79.0,42.0,84.1,93.0,819
2024-03-24T06:35:33.000000+00:00,238.0,50.4,238.0,50.4,228.9,50.4,5.8,1320.0,1050.0,80.0,42.0,84.3,93.0,774
2024-03-24T06:36:33.000000+00:00,237.7,50.3,237.7,50.3,228.9,50.3,5.6,1280.0,1000.0,78.0,42.0,84.3,93.0,820
2024-03-24T06:37:33.000000+00:00,235.9,49.9,235.9,49.9,228.9,49.9,5.6,1290.0,1000.0,78.0,43.0,84.4,93.0,820
2024-03-24T06:38:33.000000+00:00,236.9,50.1,236.9,50.1,228.9,50.1,5.6,1290.0,1010.0,78.0,43.0,84.4,93.0,820
2024-03-24T06:39:33.000000+00:00,237.2,50.2,236.8,50.2,228.9,50.2,5.6,1280.0,1000.0,78.0,43.0,84.4,93.0,820
2024-03-24T06:40:33.000000+00:00,236.7,50.0,236.1,50.0,228.9,50.0,5.6,1290.0,1000.0,78.0,43.0,84.3,93.0,820
2024-03-24T06:41:33.000000+00:00,236.0,50.1,236.0,50.1,228.9,50.1,5.6,1280.0,1000.0,78.0,43.0,84.1,93.0,820
2024-03-24T06:42:33.000000+00:00,237.8,50.2,236.5,50.2,228.9,50.2,5.6,1280.0,1000.0,78.0,43.0,84.1,93.0,820
2024-03-24T06:43:33.000000+00:00,237.1,50.4,236.9,50.3,228.9,50.3,5.6,1280.0,1000.0,78.0,43.0,84.0,93.0,820
2024-03-24T06:44:33.000000+00:00,236.8,50.3,236.8,50.3,228.9,50.3,5.6,1270.0,1000.0,79.0,43.0,84.0,93.0,820
2024-03-24T06:45:33.000000+00:00,236.6,50.2,236.6,50.2,228.9,50.2,5.6,1280.0,1000.0,78.0,43.0,83.9,93.0,820
2024-03-24T06:46:33.000000+00:00,236.5,50.3,236.5,50.3,228.9,50.3,5.6,1280.0,1000.0,78.0,42.0,83.9,93.0,820
2024-03-24T06:47:33.000000+00:00,237.8,50.3,237.3,50.3,228.9,50.3,5.6,1280.0,1000.0,78.0,43.0,83.9,93.0,820
2024-03-24T06:48:33.000000+00:00,236.7,50.3,237.6,50.3,228.9,50.3,5.6,1280.0,1000.0,78.0,42.0,84.1,93.0,820
2024-03-24T06:49:33.000000+00:00,237.4,50.1,237.8,50.1,228.9,50.1,5.6,1280.0,1010.0,79.0,43.0,84.2,93.0,820
2024-03-24T06:50:33.000000+00:00,239.6,50.0,239.0,50.0,228.9,50.0,5.7,1300.0,1010.0,78.0,43.0,84.3,93.0,820
2024-03-24T06:51:33.000000+00:00,239.7,50.0,239.3,50.0,228.9,50.0,5.6,1290.0,1010.0,78.0,43.0,84.4,93.0,820
2024-03-24T06:52:33.000000+00:00,238.9,50.1,239.3,50.1,228.9,50.1,5.6,1290.0,1000.0,78.0,43.0,84.4,93.0,820
2024-03-24T06:53:33.000000+00:00,238.5,50.1,239.0,50.1,228.9,50.1,5.6,1280.0,1000.0,78.0,43.0,84.4,93.0,820
2024-03-24T06:54:33.000000+00:00,235.1,50.2,235.1,50.2,228.9,50.2,5.6,1270.0,1000.0,79.0,43.0,84.3,93.0,820
2024-03-24T06:55:33.000000+00:00,236.1,50.3,236.1,50.3,228.9,50.3,5.6,1280.0,1000.0,78.0,42.0,84.1,93.0,832
2024-03-24T06:56:33.000000+00:00,236.8,50.4,237.4,50.4,228.9,50.4,5.5,1270.0,1000.0,79.0,42.0,84.1,93.0,833
2024-03-24T06:57:33.000000+00:00,237.4,50.4,237.4,50.4,228.9,50.4,5.5,1270.0,990.0,78.0,43.0,84.0,93.0,833
2024-03-24T06:58:33.000000+00:00,236.4,50.3,236.8,50.3,228.9,50.3,5.6,1280.0,1000.0,78.0,43.0,84.0,93.0,833
2024-03-24T06:59:33.000000+00:00,235.8,49.8,235.8,49.8,228.9,49.8,5.7,1290.0,1000.0,78.0,43.0,83.9,93.0,833
2024-03-24T07:00:33.000000+00:00,234.6,49.6,234.6,49.6,228.9,49.6,5.7,1300.0,1010.0,78.0,44.0,83.9,93.0,833
2024-03-24T07:01:33.000000+00:00,234.6,49.8,234.6,49.8,228.9,49.8,5.7,1300.0,1010.0,78.0,43.0,83.9,93.0,833
2024-03-24T07:02:33.000000+00:00,235.4,49.9,235.4,49.9,228.9,49.9,5.6,1280.0,1000.0,78.0,43.0,84.1,93.0,833
2024-03-24T07:03:33.000000+00:00,235.1,49.7,235.5,49.7,228.9,49.7,5.7,1310.0,1010.0,77.0,44.0,84.3,93.0,833
2024-03-24T07:04:33.000000+00:00,235.0,49.8,235.5,49.8,228.9,49.8,5.7,1300.0,1010.0,78.0,43.0,84.3,93.0,833
2024-03-24T07:05:33.000000+00:00,235.2,49.9,235.2,49.9,228.9,49.9,5.6,1290.0,1000.0,78.0,43.0,84.4,93.0,833
2024-03-24T07:06:33.000000+00:00,236.3,50.0,236.3,50.0,228.9,50.0,5.7,1290.0,1010.0,78.0,43.0,84.4,93.0,833
2024-03-24T07:07:33.000000+00:00,235.5,49.7,234.6,49.7,228.9,49.7,5.7,1310.0,1010.0,77.0,44.0,84.4,93.0,833
2024-03-24T07:08:33.000000+00:00,235.1,49.7,235.1,49.8,228.9,49.8,5.7,1300.0,1010.0,78.0,43.0,84.2,93.0,833
2024-03-24T07:09:34.000000+00:00,235.5,49.8,235.8,49.8,228.9,49.8,5.7,1300.0,1010.0,78.0,44.0,84.1,93.0,833
2024-03-24T07:10:34.000000+00:00,234.5,49.8,234.5,49.8,228.9,49.8,5.7,1300.0,1010.0,78.0,43.0,84.0,93.0,833
2024-03-24T07:11:34.000000+00:00,236.0,49.8,236.3,49.8,228.9,49.8,5.7,1300.0,1000.0,77.0,44.0,84.0,93.0,833
2024-03-24T07:12:34.000000+00:00,235.1,50.0,235.1,50.0,228.9,50.0,5.6,1290.0,1000.0,78.0,43.0,83.9,93.0,833
2024-03-24T07:13:34.000000+00:00,235.8,50.0,236.2,50.0,228.9,50.0,5.6,1290.0,1000.0,78.0,43.0,83.9,93.0,833
2024-03-24T07:14:34.000000+00:00,236.3,50.2,236.4,50.2,228.9,50.2,5.6,1280.0,1000.0,78.0,43.0,83.9,93.0,833
2024-03-24T07:15:34.000000+00:00,236.7,50.2,235.7,50.2,228.9,50.2,5.6,1280.0,1000.0,78.0,43.0,84.1,93.0,833
2024-03-24T07:16:34.000000+00:00,236.1,50.3,236.1,50.3,228.9,50.3,5.6,1280.0,1000.0,78.0,42.0,84.2,93.0,834
2024-03-24T07:17:34.000000+00:00,236.0,50.3,236.6,50.2,228.9,50.2,5.6,1280.0,1000.0,78.0,43.0,84.3,93.0,822
2024-03-24T07:18:34.000000+00:00,236.3,50.2,235.7,50.2,228.9,50.2,5.6,1280.0,1000.0,78.0,43.0,84.4,93.0,822
2024-03-24T07:19:34.000000+00:00,236.2,50.2,236.8,50.2,229.0,50.2,5.6,1280.0,1010.0,79.0,43.0,84.4,93.0,822
2024-03-24T07:20:34.000000+00:00,236.0,50.1,236.7,50.1,228.9,50.1,5.6,1290.0,1010.0,78.0,43.0,84.4,93.0,822
2024-03-24T07:21:34.000000+00:00,237.2,50.0,236.3,50.0,228.9,50.0,5.6,1280.0,1000.0,78.0,43.0,84.3,93.0,822
2024-03-24T07:22:34.000000+00:00,236.6,49.9,236.2,49.9,228.9,49.9,5.6,1290.0,1000.0,78.0,43.0,84.1,93.0,822
2024-03-24T07:23:34.000000+00:00,235.9,49.8,236.3,49.8,228.9,49.8,5.6,1290.0,1000.0,78.0,43.0,84.0,93.0,822
2024-03-24T07:24:34.000000+00:00,236.3,50.0,236.3,50.0,228.9,50.0,5.6,1300.0,1010.0,78.0,43.0,84.0,93.0,822
2024-03-24T07:25:34.000000+00:00,236.0,49.9,236.0,49.9,228.9,49.9,5.7,1300.0,1010.0,78.0,43.0,83.9,93.0,822
2024-03-24T07:26:34.000000+00:00,236.4,50.0,236.9,50.0,228.9,50.0,5.6,1290.0,1010.0,78.0,43.0,83.9,93.0,822
2024-03-24T07:27:34.000000+00:00,237.0,50.1,237.1,50.1,228.9,50.1,5.6,1290.0,1010.0,78.0,43.0,83.9,93.0,822
2024-03-24T07:28:34.000000+00:00,237.7,50.2,238.1,50.2,228.9,50.2,5.6,1280.0,1010.0,79.0,43.0,84.1,93.0,822
2024-03-24T07:29:34.000000+00:00,237.8,50.2,237.8,50.2,228.9,50.2,5.6,1280.0,1010.0,79.0,43.0,84.2,93.0,822
2024-03-24T07:30:34.000000+00:00,238.7,50.3,238.7,50.3,228.9,50.3,5.6,1280.0,1000.0,78.0,42.0,84.3,93.0,822
2024-03-24T07:31:34.000000+00:00,238.9,50.3,238.9,50.3,228.9,50.3,5.6,1280.0,1000.0,78.0,42.0,84.3,93.0,822
2024-03-24T07:32:34.000000+00:00,239.3,50.3,239.3,50.3,228.9,50.3,5.6,1280.0,1010.0,79.0,43.0,84.4,93.0,822
2024-03-24T07:33:34.000000+00:00,237.4,50.2,238.4,50.2,228.9,50.2,5.6,1280.0,1000.0,78.0,43.0,84.4,93.0,822
2024-03-24T07:34:34.000000+00:00,239.6,50.4,239.6,50.4,228.9,50.4,5.6,1280.0,1000.0,78.0,42.0,84.3,93.0,822
2024-03-24T07:35:34.000000+00:00,239.6,50.2,239.7,50.2,228.9,50.2,5.6,1280.0,1000.0,78.0,43.0,84.2,93.0,822
2024-03-24T07:36:34.000000+00:00,238.8,50.0,238.8,50.0,228.9,50.0,5.7,1290.0,1010.0,78.0,43.0,84.1,93.0,822
2024-03-24T07:37:34.000000+00:00,239.4,50.2,239.4,50.2,228.9,50.2,5.6,1280.0,1000.0,78.0,43.0,84.0,93.0,823
2024-03-24T07:38:34.000000+00:00,239.6,50.3,239.6,50.3,228.9,50.3,5.5,1270.0,990.0,78.0,43.0,84.0,93.0,823
2024-03-24T07:39:34.000000+00:00,239.2,50.3,239.2,50.3,228.9,50.3,5.6,1290.0,1010.0,78.0,42.0,83.9,93.0,823
2024-03-24T07:40:34.000000+00:00,238.6,50.2,238.6,50.2,228.9,50.2,5.6,1280.0,1000.0,78.0,43.0,83.9,93.0,823
2024-03-24T07:41:34.000000+00:00,238.8,50.1,238.8,50.1,228.9,50.1,5.6,1270.0,990.0,78.0,43.0,84.0,93.0,823
2024-03-24T07:42:34.000000+00:00,239.5,50.1,238.5,50.2,228.9,50.2,5.6,1280.0,990.0,77.0,43.0,84.1,93.0,823
2024-03-24T07:43:34.000000+00:00,239.6,50.0,239.6,50.0,228.9,50.0,5.6,1300.0,1010.0,78.0,43.0,84.3,93.0,823
2024-03-24T07:44:34.000000+00:00,240.7,50.3,240.7,50.3,228.9,50.2,5.6,1270.0,1000.0,79.0,43.0,84.3,93.0,823
2024-03-24T07:45:34.000000+00:00,236.5,50.3,236.5,50.3,228.9,50.3,5.5,1270.0,990.0,78.0,42.0,84.4,93.0,835
2024-03-24T07:46:34.000000+00:00,237.3,50.4,237.2,50.4,228.9,50.4,5.5,1270.0,1000.0,79.0,42.0,84.4,93.0,835
2024-03-24T07:47:34.000000+00:00,235.6,50.3,236.6,50.3,228.9,50.3,5.6,1280.0,1010.0,79.0,43.0,84.4,94.0,835
2024-03-24T07:48:34.000000+00:00,235.4,50.3,235.4,50.3,228.9,50.3,5.6,1270.0,1000.0,79.0,42.0,84.2,94.0,823
2024-03-24T07:49:34.000000+00:00,235.5,50.4,236.1,50.4,228.9,50.4,5.5,1270.0,990.0,78.0,42.0,84.1,94.0,823
2024-03-24T07:50:34.000000+00:00,236.6,50.3,236.6,50.3,228.9,50.3,5.6,1280.0,1000.0,78.0,43.0,84.0,94.0,823
2024-03-24T07:51:34.000000+00:00,235.6,50.3,235.6,50.3,228.9,50.3,5.6,1280.0,1000.0,78.0,42.0,84.0,94.0,823
2024-03-24T07:52:34.000000+00:00,236.7,50.4,235.7,50.4,228.9,50.4,5.5,1260.0,990.0,79.0,42.0,83.9,94.0,848
2024-03-24T07:53:34.000000+00:00,236.3,50.5,236.3,50.5,228.9,50.5,5.5,1270.0,1000.0,79.0,42.0,83.9,94.0,848
2024-03-24T07:54:34.000000+00:00,236.7,50.5,236.7,50.5,228.9,50.5,5.5,1270.0,1000.0,79.0,42.0,83.9,94.0,848
2024-03-24T07:55:34.000000+00:00,237.6,50.4,237.5,50.4,228.9,50.4,5.5,1270.0,1000.0,79.0,42.0,84.0,94.0,848
2024-03-24T07:56:34.000000+00:00,237.5,50.5,237.5,50.5,228.9,50.5,5.5,1260.0,990.0,79.0,42.0,84.1,94.0,848
2024-03-24T07:57:34.000000+00:00,236.9,50.5,236.8,50.5,228.9,50.5,5.5,1270.0,1000.0,79.0,42.0,84.3,94.0,848
2024-03-24T07:58:34.000000+00:00,236.7,50.5,237.2,50.5,228.9,50.5,5.6,1280.0,1010.0,79.0,42.0,84.3,94.0,848
2024-03-24T07:59:34.000000+00:00,237.4,50.5,237.4,50.5,228.9,50.5,5.6,1270.0,1000.0,79.0,42.0,84.3,94.0,848
2024-03-24T08:00:34.000000+00:00,237.5,50.3,237.5,50.3,228.9,50.3,5.5,1270.0,1000.0,79.0,43.0,84.4,94.0,848
2024-03-24T08:01:34.000000+00:00,237.2,50.4,236.8,50.4,228.9,50.4,5.6,1280.0,1000.0,78.0,42.0,84.3,94.0,848
2024-03-24T08:02:34.000000+00:00,236.4,50.4,236.4,50.4,228.9,50.4,5.6,1280.0,1000.0,78.0,43.0,84.2,94.0,848
2024-03-24T08:03:34.000000+00:00,238.0,50.4,238.0,50.5,228.9,50.4,5.5,1270.0,1000.0,79.0,42.0,84.1,94.0,824
2024-03-24T08:04:34.000000+00:00,236.5,50.4,236.1,50.4,228.9,50.4,5.5,1270.0,1000.0,79.0,43.0,84.0,94.0,824
2024-03-24T08:05:35.000000+00:00,236.6,50.4,236.4,50.4,228.9,50.4,5.5,1270.0,990.0,78.0,43.0,84.0,94.0,824
2024-03-24T08:06:35.000000+00:00,237.1,50.4,237.1,50.4,228.9,50.4,5.6,1270.0,1000.0,79.0,42.0,83.9,94.0,824
2024-03-24T08:07:35.000000+00:00,236.5,50.5,236.5,50.5,228.9,50.5,5.6,1270.0,1000.0,79.0,42.0,83.9,94.0,824
2024-03-24T08:08:35.000000+00:00,237.6,50.5,237.6,50.5,228.9,50.5,5.5,1260.0,990.0,79.0,42.0,83.9,94.0,824
2024-03-24T08:09:35.000000+00:00,234.9,50.3,235.3,50.3,228.9,50.2,5.6,1270.0,1000.0,79.0,43.0,84.1,94.0,824
2024-03-24T08:10:35.000000+00:00,235.2,50.0,235.2,50.0,228.9,50.0,5.6,1290.0,1000.0,78.0,43.0,84.2,94.0,824
2024-03-24T08:11:35.000000+00:00,234.0,50.1,234.2,50.1,228.9,50.1,5.6,1280.0,1000.0,78.0,43.0,84.3,94.0,824
2024-03-24T08:12:35.000000+00:00,234.1,50.0,234.1,50.0,228.9,50.0,5.6,1290.0,1000.0,78.0,43.0,84.3,94.0,824
2024-03-24T08:13:35.000000+00:00,235.0,50.0,235.0,50.0,228.9,50.0,5.7,1300.0,1010.0,78.0,43.0,84.3,94.0,824
2024-03-24T08:14:35.000000+00:00,234.4,50.0,234.5,50.0,228.9,50.0,5.6,1290.0,1010.0,78.0,43.0,84.4,94.0,824
2024-03-24T08:15:35.000000+00:00,233.9,49.9,233.9,49.9,228.9,49.9,5.7,1300.0,1010.0,78.0,43.0,84.3,94.0,824
2024-03-24T08:16:35.000000+00:00,233.6,49.9,234.2,49.9,228.9,49.9,5.6,1290.0,1000.0,78.0,43.0,84.2,94.0,824
2024-03-24T08:17:35.000000+00:00,233.8,49.8,233.2,49.8,228.9,49.8,5.7,1300.0,1010.0,78.0,43.0,84.1,94.0,824
2024-03-24T08:18:35.000000+00:00,234.2,49.7,234.5,49.7,228.9,49.7,5.7,1300.0,1010.0,78.0,43.0,84.0,94.0,825
2024-03-24T08:19:35.000000+00:00,234.1,49.7,235.0,49.7,228.9,49.7,5.7,1310.0,1010.0,77.0,44.0,84.0,94.0,825
2024-03-24T08:20:35.000000+00:00,234.3,49.8,234.8,49.8,228.9,49.8,5.7,1310.0,1010.0,77.0,43.0,83.9,94.0,825
2024-03-24T08:21:35.000000+00:00,234.5,49.8,234.5,49.8,228.9,49.8,5.6,1290.0,1000.0,78.0,43.0,83.9,94.0,825
2024-03-24T08:22:35.000000+00:00,235.8,50.0,236.1,50.0,228.9,50.0,5.6,1280.0,1000.0,78.0,43.0,83.9,94.0,837
2024-03-24T08:23:35.000000+00:00,236.8,50.2,236.8,50.2,228.9,50.2,5.6,1280.0,1000.0,78.0,43.0,84.0,94.0,837
2024-03-24T08:24:35.000000+00:00,234.3,50.0,234.4,50.1,228.9,50.0,5.8,1340.0,1050.0,78.0,44.0,84.2,94.0,825
2024-03-24T08:25:35.000000+00:00,235.3,50.1,235.4,50.1,228.9,50.1,5.6,1280.0,1000.0,78.0,43.0,84.3,94.0,837
2024-03-24T08:26:35.000000+00:00,234.9,50.1,234.5,50.1,228.9,50.1,5.6,1280.0,1000.0,78.0,43.0,84.3,94.0,837
2024-03-24T08:27:35.000000+00:00,235.6,50.2,235.6,50.2,228.9,50.2,5.6,1280.0,1000.0,78.0,43.0,84.3,94.0,837
2024-03-24T08:28:35.000000+00:00,235.1,50.4,235.1,50.4,228.9,50.4,5.5,1270.0,990.0,78.0,43.0,84.4,94.0,837
2024-03-24T08:29:35.000000+00:00,235.8,50.4,235.8,50.4,228.9,50.4,5.5,1270.0,1000.0,79.0,42.0,84.3,94.0,837
2024-03-24T08:30:35.000000+00:00,235.1,50.1,235.1,50.1,228.9,50.1,5.6,1280.0,1000.0,78.0,43.0,84.2,94.0,825
2024-03-24T08:31:35.000000+00:00,233.9,49.8,234.3,49.8,228.9,49.8,5.6,1290.0,1000.0,78.0,43.0,84.1,94.0,780
2024-03-24T08:32:35.000000+00:00,234.9,50.1,234.9,50.1,228.9,50.1,5.6,1280.0,1000.0,78.0,43.0,84.0,94.0,837
2024-03-24T08:33:35.000000+00:00,235.3,50.4,235.3,50.4,228.9,50.4,5.6,1270.0,1000.0,79.0,43.0,84.0,94.0,837
2024-03-24T08:34:35.000000+00:00,236.1,50.3,235.1,50.3,228.9,50.3,5.6,1280.0,1000.0,78.0,42.0,83.9,94.0,825
2024-03-24T08:35:35.000000+00:00,236.2,50.3,235.7,50.4,228.9,50.3,5.6,1280.0,1000.0,78.0,42.0,83.9,94.0,825
2024-03-24T08:36:35.000000+00:00,235.0,50.2,235.0,50.2,228.9,50.2,5.6,1270.0,990.0,78.0,43.0,83.9,94.0,825
2024-03-24T08:37:35.000000+00:00,235.4,50.0,235.4,50.0,228.9,50.0,5.6,1290.0,1000.0,78.0,43.0,84.1,94.0,825
2024-03-24T08:38:35.000000+00:00,234.8,49.9,234.8,49.9,228.9,49.9,5.6,1290.0,1000.0,78.0,43.0,84.2,94.0,825
2024-03-24T08:39:35.000000+00:00,234.9,50.0,236.0,50.0,228.9,50.0,5.6,1290.0,1010.0,78.0,43.0,84.3,94.0,826
2024-03-24T08:40:35.000000+00:00,235.2,50.0,235.2,50.0,228.9,50.0,5.6,1290.0,1000.0,78.0,43.0,84.3,94.0,826
2024-03-24T08:41:35.000000+00:00,236.1,50.1,236.1,50.1,228.9,50.1,5.6,1270.0,990.0,78.0,43.0,84.3,94.0,826
2024-03-24T08:42:35.000000+00:00,235.5,50.1,235.5,50.1,228.9,50.1,5.6,1280.0,1000.0,78.0,43.0,84.4,94.0,838
2024-03-24T08:43:35.000000+00:00,234.0,49.9,234.0,49.9,228.9,49.9,5.7,1300.0,1020.0,78.0,43.0,84.3,94.0,838
2024-03-24T08:44:35.000000+00:00,233.9,49.8,233.9,49.8,228.9,49.8,5.6,1290.0,1000.0,78.0,43.0,84.1,94.0,838
2024-03-24T08:45:35.000000+00:00,233.5,49.7,233.0,49.7,228.9,49.7,5.7,1290.0,1000.0,78.0,44.0,84.1,94.0,838
2024-03-24T08:46:35.000000+00:00,233.3,49.7,233.7,49.7,228.9,49.7,5.7,1310.0,1010.0,77.0,43.0,84.0,94.0,838
2024-03-24T08:47:35.000000+00:00,232.3,49.5,233.0,49.5,228.9,49.5,5.8,1320.0,1010.0,77.0,44.0,84.0,94.0,838
2024-03-24T08:48:35.000000+00:00,233.8,49.5,233.8,49.5,228.9,49.6,5.7,1300.0,1000.0,77.0,44.0,83.9,94.0,838
2024-03-24T08:49:35.000000+00:00,235.4,49.5,235.1,49.5,228.9,49.5,5.7,1310.0,1010.0,77.0,44.0,83.9,94.0,838
2024-03-24T08:50:35.000000+00:00,235.6,49.7,236.5,49.7,228.9,49.7,5.7,1300.0,1000.0,77.0,43.0,83.9,94.0,838
2024-03-24T08:51:35.000000+00:00,237.3,49.7,237.5,49.7,228.9,49.7,5.7,1300.0,1000.0,77.0,43.0,83.9,94.0,838
2024-03-24T08:52:35.000000+00:00,237.8,49.8,237.8,49.8,228.9,49.8,5.6,1290.0,990.0,77.0,43.0,84.0,94.0,838
2024-03-24T08:53:35.000000+00:00,239.0,49.9,239.4,49.9,228.9,49.9,5.6,1290.0,1000.0,78.0,43.0,84.2,94.0,838
2024-03-24T08:54:35.000000+00:00,238.9,49.8,238.5,49.8,228.9,49.8,5.8,1340.0,1050.0,78.0,45.0,84.3,94.0,781
2024-03-24T08:55:35.000000+00:00,239.7,49.8,239.2,49.8,228.9,49.8,5.7,1300.0,1010.0,78.0,43.0,84.3,94.0,826
2024-03-24T08:56:35.000000+00:00,239.7,49.9,239.7,49.9,228.9,49.9,5.6,1280.0,990.0,77.0,43.0,84.3,94.0,838
2024-03-24T08:57:35.000000+00:00,238.4,49.8,239.0,49.8,228.9,49.8,5.8,1320.0,1030.0,78.0,44.0,84.3,94.0,781
2024-03-24T08:58:35.000000+00:00,238.8,49.9,238.8,49.9,228.9,49.8,5.8,1330.0,1050.0,79.0,45.0,84.2,94.0,839
2024-03-24T08:59:35.000000+00:00,238.2,49.8,238.2,49.8,228.9,49.9,5.7,1290.0,1000.0,78.0,43.0,84.1,94.0,839
2024-03-24T09:00:35.000000+00:00,238.1,49.7,238.1,49.7,228.9,49.7,5.7,1310.0,1010.0,77.0,43.0,84.1,94.0,839
2024-03-24T09:01:35.000000+00:00,236.7,49.7,236.7,49.7,228.9,49.7,5.8,1330.0,1040.0,78.0,43.0,84.0,94.0,781
2024-03-24T09:02:35.000000+00:00,238.1,49.6,237.7,49.6,228.9,49.6,5.7,1310.0,1010.0,77.0,45.0,84.0,94.0,827
2024-03-24T09:03:36.000000+00:00,236.7,49.7,237.8,49.7,228.9,49.7,5.7,1310.0,1010.0,77.0,43.0,83.9,94.0,839
2024-03-24T09:04:36.000000+00:00,238.0,49.8,238.0,49.8,228.9,49.8,5.7,1300.0,1000.0,77.0,43.0,83.9,94.0,827
2024-03-24T09:05:36.000000+00:00,239.3,50.0,239.3,50.0,228.9,50.0,5.6,1290.0,1010.0,78.0,43.0,83.9,94.0,781
2024-03-24T09:06:36.000000+00:00,236.4,50.3,236.6,50.2,228.9,50.2,5.6,1280.0,1000.0,78.0,42.0,83.9,94.0,839
2024-03-24T09:07:36.000000+00:00,235.2,49.9,235.8,49.9,228.9,49.9,5.6,1280.0,1000.0,78.0,43.0,84.1,94.0,851
2024-03-24T09:08:36.000000+00:00,236.8,50.1,236.8,50.2,228.9,50.1,5.6,1290.0,1010.0,78.0,42.0,84.2,94.0,839
2024-03-24T09:09:36.000000+00:00,237.0,50.1,237.0,50.1,228.9,50.1,5.6,1280.0,1000.0,78.0,43.0,84.3,94.0,781
2024-03-24T09:10:36.000000+00:00,236.6,50.1,236.6,50.1,228.9,50.1,5.6,1290.0,1000.0,78.0,43.0,84.3,94.0,827
2024-03-24T09:11:36.000000+00:00,235.3,50.0,235.7,50.0,228.9,50.1,5.6,1280.0,990.0,77.0,43.0,84.3,94.0,827
2024-03-24T09:12:36.000000+00:00,235.8,50.3,235.8,50.3,228.9,50.3,5.6,1280.0,1000.0,78.0,43.0,84.3,94.0,827
2024-03-24T09:13:36.000000+00:00,237.1,50.2,236.2,50.2,228.9,50.1,5.6,1290.0,1010.0,78.0,43.0,84.2,94.0,827
2024-03-24T09:14:36.000000+00:00,235.5,50.3,235.6,50.3,228.9,50.3,5.6,1270.0,990.0,78.0,43.0,84.1,94.0,827
2024-03-24T09:15:36.000000+00:00,235.9,50.2,235.9,50.2,228.9,50.2,5.6,1280.0,1000.0,78.0,43.0,84.1,94.0,827
2024-03-24T09:16:36.000000+00:00,235.4,50.3,235.9,50.2,228.9,50.3,5.5,1270.0,990.0,78.0,43.0,84.0,94.0,827
2024-03-24T09:17:36.000000+00:00,231.7,50.1,231.7,50.1,228.9,50.1,5.6,1290.0,1000.0,78.0,43.0,84.0,94.0,827
2024-03-24T09:18:36.000000+00:00,233.3,49.6,233.3,49.6,228.9,49.6,5.7,1300.0,1000.0,77.0,44.0,83.9,94.0,827
2024-03-24T09:19:36.000000+00:00,235.1,50.1,233.9,50.1,228.9,50.1,5.6,1280.0,1000.0,78.0,43.0,83.9,94.0,827
2024-03-24T09:20:36.000000+00:00,236.6,50.2,236.6,50.3,228.9,50.3,5.6,1280.0,1000.0,78.0,43.0,83.9,94.0,828
2024-03-24T09:21:36.000000+00:00,236.4,50.4,236.4,50.4,228.9,50.4,5.6,1270.0,1000.0,79.0,43.0,83.8,94.0,828
2024-03-24T09:22:36.000000+00:00,236.9,50.2,236.9,50.2,228.9,50.2,5.6,1280.0,1000.0,78.0,43.0,84.0,94.0,828
2024-03-24T09:23:36.000000+00:00,238.1,50.3,238.1,50.3,228.9,50.3,5.5,1270.0,990.0,78.0,43.0,84.1,94.0,828
2024-03-24T09:24:36.000000+00:00,237.3,50.4,237.3,50.4,228.9,50.4,5.6,1270.0,1000.0,79.0,42.0,84.2,94.0,828
2024-03-24T09:25:36.000000+00:00,237.5,50.4,236.5,50.4,228.9,50.4,5.6,1270.0,1000.0,79.0,42.0,84.3,94.0,828
2024-03-24T09:26:36.000000+00:00,236.9,50.4,236.3,50.4,228.9,50.4,5.5,1270.0,990.0,78.0,42.0,84.3,94.0,828
2024-03-24T09:27:36.000000+00:00,236.4,50.4,236.4,50.4,228.9,50.4,5.6,1280.0,1000.0,78.0,42.0,84.3,94.0,828
2024-03-24T09:28:36.000000+00:00,235.8,50.3,235.8,50.3,228.9,50.3,5.6,1280.0,1000.0,78.0,42.0,84.2,94.0,828
2024-03-24T09:29:36.000000+00:00,234.3,50.0,234.3,50.0,228.9,50.0,5.6,1280.0,1000.0,78.0,43.0,84.1,94.0,828
2024-03-24T09:30:36.000000+00:00,234.3,49.7,234.3,49.7,228.9,49.7,5.7,1300.0,1000.0,77.0,43.0,84.1,94.0,828
2024-03-24T09:31:36.000000+00:00,233.7,49.5,234.6,49.5,228.9,49.5,5.7,1310.0,1000.0,76.0,44.0,84.1,94.0,828
2024-03-24T09:32:36.000000+00:00,234.2,49.6,234.1,49.6,228.9,49.6,5.8,1320.0,1020.0,77.0,43.0,84.0,94.0,828
2024-03-24T09:33:36.000000+00:00,234.4,49.4,234.4,49.4,228.9,49.4,5.7,1310.0,1010.0,77.0,44.0,84.0,94.0,828
2024-03-24T09:34:36.000000+00:00,234.8,49.5,234.8,49.5,228.9,49.5,5.8,1320.0,1010.0,77.0,44.0,83.9,94.0,828
2024-03-24T09:35:36.000000+00:00,233.8,49.3,233.8,49.3,228.9,49.3,5.8,1320.0,1010.0,77.0,44.0,83.9,94.0,828
2024-03-24T09:36:36.000000+00:00,234.0,49.4,234.0,49.4,228.9,49.4,5.8,1320.0,1010.0,77.0,44.0,83.9,94.0,828
2024-03-24T09:37:36.000000+00:00,234.8,49.5,234.8,49.5,228.9,49.5,5.7,1310.0,1010.0,77.0,44.0,83.9,94.0,828
2024-03-24T09:38:36.000000+00:00,234.4,49.6,234.4,49.6,228.9,49.6,5.7,1300.0,1000.0,77.0,44.0,83.9,94.0,828
2024-03-24T09:39:36.000000+00:00,235.5,49.8,234.9,49.8,228.9,49.8,5.7,1300.0,1010.0,78.0,43.0,83.8,94.0,828
2024-03-24T09:40:36.000000+00:00,237.5,50.0,237.4,50.0,228.9,50.0,5.6,1290.0,1000.0,78.0,43.0,83.9,94.0,828
2024-03-24T09:41:36.000000+00:00,237.8,50.3,236.7,50.3,228.9,50.3,5.6,1280.0,1000.0,78.0,42.0,84.0,94.0,829
2024-03-24T09:42:36.000000+00:00,236.2,50.2,236.2,50.2,228.9,50.2,5.5,1270.0,990.0,78.0,43.0,84.1,94.0,829
2024-03-24T09:43:36.000000+00:00,235.8,50.3,235.8,50.3,228.9,50.3,5.6,1280.0,1000.0,78.0,42.0,84.2,94.0,829
2024-03-24T09:44:36.000000+00:00,236.3,50.3,236.3,50.3,228.9,50.3,5.6,1270.0,1000.0,79.0,43.0,84.3,94.0,829
2024-03-24T09:45:36.000000+00:00,236.6,50.3,236.6,50.3,228.9,50.3,5.5,1270.0,990.0,78.0,42.0,84.3,94.0,829
2024-03-24T09:46:36.000000+00:00,236.3,50.3,236.5,50.3,228.9,50.2,5.6,1280.0,1000.0,78.0,43.0,84.3,94.0,829
2024-03-24T09:47:36.000000+00:00,235.7,50.3,235.7,50.3,228.9,50.3,5.6,1270.0,1000.0,79.0,42.0,84.2,94.0,829
2024-03-24T09:48:36.000000+00:00,236.1,50.2,235.5,50.2,228.9,50.2,5.6,1280.0,1000.0,78.0,43.0,84.1,94.0,829
2024-03-24T09:49:36.000000+00:00,236.6,50.3,237.5,50.3,228.9,50.3,5.5,1270.0,1000.0,79.0,43.0,84.1,94.0,829
2024-03-24T09:50:36.000000+00:00,237.2,50.4,237.2,50.4,228.9,50.4,5.5,1270.0,1000.0,79.0,43.0,84.0,94.0,829
2024-03-24T09:51:36.000000+00:00,236.4,50.4,236.4,50.4,228.9,50.4,5.5,1260.0,990.0,79.0,42.0,84.0,94.0,829
2024-03-24T09:52:36.000000+00:00,236.6,50.4,237.3,50.4,228.9,50.4,5.5,1270.0,1000.0,79.0,42.0,83.9,94.0,829
2024-03-24T09:53:36.000000+00:00,237.4,50.2,237.4,50.2,228.9,50.2,5.5,1270.0,990.0,78.0,42.0,83.9,94.0,829
2024-03-24T09:54:36.000000+00:00,236.5,49.9,235.5,49.9,228.9,49.9,5.7,1290.0,1000.0,78.0,43.0,83.9,94.0,829
2024-03-24T09:55:36.000000+00:00,236.6,49.9,236.6,49.9,228.9,49.9,5.7,1300.0,1010.0,78.0,43.0,83.8,94.0,829
2024-03-24T09:56:36.000000+00:00,236.8,50.0,235.8,50.0,228.9,50.0,5.6,1280.0,1000.0,78.0,43.0,83.8,94.0,829
2024-03-24T09:57:36.000000+00:00,236.6,50.1,236.6,50.1,228.9,50.1,5.6,1280.0,1000.0,78.0,43.0,83.8,94.0,829
2024-03-24T09:58:36.000000+00:00,236.9,50.1,236.9,50.1,228.9,50.1,5.5,1270.0,990.0,78.0,43.0,84.0,94.0,829
2024-03-24T09:59:36.000000+00:00,237.5,50.2,237.5,50.2,228.9,50.2,5.6,1280.0,1000.0,78.0,42.0,84.1,94.0,829
2024-03-24T10:00:36.000000+00:00,237.4,50.1,237.4,50.1,228.9,50.1,5.5,1270.0,990.0,78.0,43.0,84.2,94.0,829
2024-03-24T10:01:36.000000+00:00,237.8,50.0,237.8,50.0,228.9,50.0,5.6,1280.0,1000.0,78.0,43.0,84.3,94.0,829
2024-03-24T10:02:37.000000+00:00,237.3,50.0,237.8,50.0,228.9,50.0,5.7,1300.0,1010.0,78.0,43.0,84.3,94.0,830
2024-03-24T10:03:37.000000+00:00,238.6,50.3,238.6,50.3,228.9,50.3,5.5,1270.0,1000.0,79.0,43.0,84.3,94.0,830
2024-03-24T10:04:37.000000+00:00,237.4,50.1,237.4,50.1,228.9,50.1,5.6,1290.0,1000.0,78.0,42.0,84.2,94.0,830
2024-03-24T10:05:37.000000+00:00,237.4,49.9,236.6,49.9,228.9,49.9,5.6,1290.0,1000.0,78.0,43.0,84.1,94.0,830
2024-03-24T10:06:37.000000+00:00,237.0,49.8,236.9,49.8,228.9,49.8,5.7,1310.0,1010.0,77.0,44.0,84.1,94.0,830
2024-03-24T10:07:37.000000+00:00,236.4,49.9,236.4,49.9,228.9,49.9,5.6,1290.0,1000.0,78.0,43.0,84.0,94.0,830
2024-03-24T10:08:37.000000+00:00,237.2,49.8,237.2,49.8,228.9,49.8,5.6,1290.0,1000.0,78.0,43.0,84.0,94.0,830
2024-03-24T10:09:37.000000+00:00,236.1,49.9,236.1,49.9,228.9,49.9,5.7,1290.0,1000.0,78.0,43.0,83.9,94.0,830
2024-03-24T10:10:37.000000+00:00,237.7,50.2,237.7,50.2,228.9,50.2,5.6,1280.0,1000.0,78.0,43.0,83.9,94.0,830
2024-03-24T10:11:37.000000+00:00,236.7,50.0,236.7,49.9,228.9,50.0,5.6,1290.0,1000.0,78.0,43.0,83.9,94.0,830
2024-03-24T10:12:37.000000+00:00,237.8,49.8,237.4,49.8,228.9,49.8,5.6,1290.0,1000.0,78.0,43.0,83.9,94.0,830
2024-03-24T10:13:37.000000+00:00,237.0,49.7,237.6,49.7,228.9,49.7,5.7,1300.0,1010.0,78.0,44.0,83.8,94.0,830
2024-03-24T10:14:37.000000+00:00,237.2,49.6,237.2,49.6,228.9,49.6,5.7,1310.0,1010.0,77.0,43.0,83.8,94.0,830
2024-03-24T10:15:37.000000+00:00,237.0,49.6,237.0,49.6,228.9,49.6,5.7,1300.0,1000.0,77.0,44.0,83.9,94.0,830
2024-03-24T10:16:37.000000+00:00,236.0,49.4,236.0,49.4,228.9,49.4,5.7,1310.0,1010.0,77.0,44.0,84.1,94.0,830
2024-03-24T10:17:37.000000+00:00,236.1,49.3,235.7,49.4,228.9,49.4,5.8,1330.0,1020.0,77.0,44.0,84.2,94.0,830
2024-03-24T10:18:37.000000+00:00,236.3,49.3,236.3,49.4,228.9,49.3,5.8,1320.0,1010.0,77.0,44.0,84.3,94.0,830
2024-03-24T10:19:37.000000+00:00,236.3,49.5,236.3,49.5,228.9,49.4,5.7,1310.0,1000.0,76.0,44.0,84.3,94.0,830
2024-03-24T10:20:37.000000+00:00,236.9,49.4,237.4,49.4,228.9,49.4,5.7,1320.0,1010.0,77.0,44.0,84.3,94.0,819
2024-03-24T10:21:37.000000+00:00,237.1,49.5,237.1,49.5,228.9,49.5,5.8,1320.0,1020.0,77.0,44.0,84.3,94.0,819
2024-03-24T10:22:37.000000+00:00,238.1,49.5,238.2,49.5,228.9,49.5,5.7,1310.0,1000.0,76.0,44.0,84.2,94.0,819
2024-03-24T10:23:37.000000+00:00,236.9,49.5,236.9,49.5,228.9,49.5,5.7,1310.0,1010.0,77.0,44.0,84.1,94.0,819
2024-03-24T10:24:37.000000+00:00,236.7,49.7,236.7,49.7,228.9,49.7,5.7,1300.0,1000.0,77.0,43.0,84.1,94.0,819
2024-03-24T10:25:37.000000+00:00,237.3,49.7,237.3,49.7,228.9,49.7,5.7,1310.0,1010.0,77.0,44.0,84.0,94.0,819
2024-03-24T10:26:37.000000+00:00,238.5,49.7,238.5,49.7,228.9,49.7,5.7,1300.0,1000.0,77.0,43.0,84.0,94.0,819
2024-03-24T10:27:37.000000+00:00,237.8,49.8,237.6,49.8,228.9,49.8,5.7,1300.0,1000.0,77.0,43.0,83.9,94.0,819
2024-03-24T10:28:37.000000+00:00,238.7,49.8,238.7,49.8,228.9,49.8,5.7,1300.0,1010.0,78.0,43.0,83.9,94.0,819
2024-03-24T10:29:37.000000+00:00,238.1,49.7,238.1,49.7,228.9,49.7,5.7,1310.0,1010.0,77.0,43.0,83.9,94.0,819
2024-03-24T10:30:37.000000+00:00,237.8,49.8,237.8,49.8,228.9,49.8,5.7,1300.0,1010.0,78.0,43.0,83.9,94.0,819
2024-03-24T10:31:37.000000+00:00,239.0,49.9,239.0,49.9,228.9,49.9,5.6,1290.0,1000.0,78.0,43.0,83.8,94.0,819
2024-03-24T10:32:37.000000+00:00,238.9,49.7,238.9,49.7,228.9,49.7,5.7,1300.0,1000.0,77.0,43.0,83.8,94.0,819
2024-03-24T10:33:37.000000+00:00,239.1,50.0,239.1,50.0,229.0,50.0,5.6,1290.0,1000.0,78.0,43.0,83.8,94.0,819
2024-03-24T10:34:37.000000+00:00,240.6,50.1,240.1,50.1,228.9,50.1,5.6,1280.0,990.0,77.0,43.0,83.8,94.0,819
2024-03-24T10:35:37.000000+00:00,241.3,50.2,242.0,50.2,228.9,50.2,5.6,1280.0,1000.0,78.0,42.0,84.0,94.0,819
2024-03-24T10:36:37.000000+00:00,236.8,50.1,236.8,50.1,228.9,50.1,5.6,1280.0,1000.0,78.0,42.0,84.1,94.0,819
2024-03-24T10:37:37.000000+00:00,236.9,50.1,236.9,50.1,228.9,50.1,5.6,1290.0,1000.0,78.0,43.0,84.2,94.0,819
2024-03-24T10:38:37.000000+00:00,236.8,49.8,236.3,49.9,228.9,49.9,5.6,1290.0,1000.0,78.0,43.0,84.2,94.0,819
2024-03-24T10:39:37.000000+00:00,236.3,50.0,236.9,50.0,228.9,50.0,5.6,1290.0,1000.0,78.0,43.0,84.2,94.0,819
2024-03-24T10:40:37.000000+00:00,235.2,49.8,235.8,49.8,228.9,49.8,5.7,1300.0,1010.0,78.0,43.0,84.3,94.0,819
2024-03-24T10:41:37.000000+00:00,236.7,50.0,236.7,50.0,228.9,50.0,5.6,1280.0,1000.0,78.0,43.0,84.2,94.0,820
2024-03-24T10:42:37.000000+00:00,236.4,50.3,236.4,50.3,228.9,50.3,5.6,1280.0,1000.0,78.0,42.0,84.1,94.0,820
2024-03-24T10:43:37.000000+00:00,236.7,50.4,236.8,50.4,228.9,50.4,5.5,1260.0,990.0,79.0,42.0,84.1,94.0,820
2024-03-24T10:44:37.000000+00:00,237.3,50.3,237.3,50.3,228.9,50.3,5.6,1270.0,1000.0,79.0,42.0,84.1,94.0,820
2024-03-24T10:45:37.000000+00:00,236.7,50.4,236.7,50.4,228.9,50.4,5.5,1270.0,990.0,78.0,42.0,84.0,94.0,820
2024-03-24T10:46:37.000000+00:00,237.3,50.3,237.3,50.3,228.9,50.3,5.6,1270.0,1000.0,79.0,42.0,84.0,94.0,820
2024-03-24T10:47:37.000000+00:00,236.5,50.0,237.0,50.0,228.9,50.0,5.6,1290.0,1010.0,78.0,43.0,83.9,94.0,820
2024-03-24T10:48:37.000000+00:00,235.9,50.0,235.9,50.0,228.9,50.0,5.6,1280.0,1000.0,78.0,43.0,83.9,94.0,820
2024-03-24T10:49:37.000000+00:00,236.7,50.2,236.7,50.2,228.9,50.3,5.6,1270.0,1000.0,79.0,43.0,83.9,95.0,820
2024-03-24T10:50:37.000000+00:00,237.3,50.3,237.3,50.3,228.9,50.3,5.5,1270.0,990.0,78.0,43.0,83.9,95.0,820
2024-03-24T10:51:37.000000+00:00,236.1,50.3,236.1,50.4,228.9,50.3,5.6,1280.0,1000.0,78.0,43.0,83.8,95.0,820
2024-03-24T10:52:37.000000+00:00,237.2,50.3,237.2,50.3,228.9,50.3,5.6,1270.0,1000.0,79.0,42.0,83.8,95.0,820
2024-03-24T10:53:37.000000+00:00,236.5,49.9,236.5,49.9,228.9,49.9,5.6,1290.0,1000.0,78.0,43.0,83.8,95.0,820
2024-03-24T10:54:37.000000+00:00,235.6,49.9,235.6,49.9,228.9,49.9,5.7,1300.0,1010.0,78.0,43.0,83.8,95.0,820
2024-03-24T10:55:37.000000+00:00,235.4,49.8,235.4,49.8,228.9,49.8,5.7,1300.0,1010.0,78.0,43.0,83.8,95.0,820
2024-03-24T10:56:37.000000+00:00,235.4,49.8,236.0,49.8,228.9,49.8,5.7,1300.0,1000.0,77.0,43.0,83.9,95.0,820
2024-03-24T10:57:37.000000+00:00,236.2,49.8,236.3,49.7,228.9,49.7,5.7,1300.0,1000.0,77.0,43.0,84.0,95.0,820
2024-03-24T10:58:37.000000+00:00,235.8,49.8,236.2,49.8,228.9,49.8,5.7,1300.0,1010.0,78.0,43.0,84.2,95.0,820
2024-03-24T10:59:37.000000+00:00,236.6,49.8,236.6,49.8,228.9,49.8,5.7,1290.0,1000.0,78.0,43.0,84.2,95.0,820
2024-03-24T11:00:37.000000+00:00,236.2,49.8,236.2,49.8,228.9,49.8,5.7,1300.0,1010.0,78.0,43.0,84.3,95.0,820
2024-03-24T11:01:37.000000+00:00,236.3,49.8,237.3,49.8,228.9,49.8,5.6,1300.0,1000.0,77.0,43.0,84.3,95.0,820
2024-03-24T11:02:37.000000+00:00,236.7,49.8,236.7,49.8,228.9,49.8,5.7,1300.0,1010.0,78.0,43.0,84.3,95.0,821
2024-03-24T11:03:38.000000+00:00,235.6,49.7,235.6,49.7,228.9,49.7,5.7,1300.0,1000.0,77.0,44.0,84.1,95.0,821
2024-03-24T11:04:38.000000+00:00,235.5,49.6,235.5,49.7,228.9,49.6,5.7,1310.0,1010.0,77.0,43.0,84.1,95.0,821
2024-03-24T11:05:38.000000+00:00,237.4,49.9,237.4,49.9,228.9,49.9,5.7,1300.0,1010.0,78.0,43.0,84.0,95.0,821
2024-03-24T11:06:38.000000+00:00,237.8,50.0,237.3,50.0,228.9,50.0,5.7,1300.0,1010.0,78.0,43.0,84.0,95.0,821
2024-03-24T11:07:38.000000+00:00,236.9,49.8,236.4,49.8,228.9,49.8,5.6,1290.0,1000.0,78.0,43.0,84.0,95.0,821
2024-03-24T11:08:38.000000+00:00,237.4,49.9,236.4,49.9,228.9,49.9,5.6,1290.0,1000.0,78.0,43.0,83.9,95.0,821
2024-03-24T11:09:38.000000+00:00,236.1,49.9,236.5,49.9,228.9,49.9,5.6,1290.0,1000.0,78.0,43.0,83.9,95.0,821
2024-03-24T11:10:38.000000+00:00,238.0,50.1,238.0,50.1,228.9,50.1,5.6,1290.0,1010.0,78.0,43.0,83.9,95.0,821
2024-03-24T11:11:38.000000+00:00,237.0,49.8,236.4,49.8,228.9,49.8,5.7,1300.0,1010.0,78.0,43.0,83.9,95.0,821
2024-03-24T11:12:38.000000+00:00,237.6,49.8,237.6,49.8,228.9,49.8,5.7,1300.0,1000.0,77.0,43.0,83.8,95.0,821
2024-03-24T11:13:38.000000+00:00,237.2,49.7,237.2,49.7,228.9,49.7,5.7,1300.0,1000.0,77.0,43.0,83.8,95.0,821
2024-03-24T11:14:38.000000+00:00,236.5,49.7,236.5,49.7,228.9,49.7,5.7,1300.0,1000.0,77.0,43.0,83.8,95.0,821
2024-03-24T11:15:38.000000+00:00,235.6,49.6,236.0,49.6,228.9,49.6,5.7,1310.0,1010.0,77.0,44.0,83.8,95.0,821
2024-03-24T11:16:38.000000+00:00,235.2,49.6,236.2,49.6,228.9,49.6,5.7,1310.0,1010.0,77.0,44.0,83.8,95.0,821
2024-03-24T11:17:38.000000+00:00,236.9,49.8,236.3,49.8,228.9,49.8,5.7,1300.0,1000.0,77.0,43.0,83.8,95.0,821
2024-03-24T11:18:38.000000+00:00,237.3,49.9,237.4,49.9,228.9,49.9,5.6,1290.0,1000.0,78.0,43.0,84.0,95.0,821
2024-03-24T11:19:38.000000+00:00,236.9,49.9,236.9,49.8,228.9,49.8,5.6,1290.0,1000.0,78.0,43.0,84.1,95.0,821
2024-03-24T11:20:38.000000+00:00,236.0,49.7,235.9,49.7,228.9,49.7,5.7,1300.0,1000.0,77.0,43.0,84.2,95.0,821
2024-03-24T11:21:38.000000+00:00,236.0,49.7,236.0,49.7,228.9,49.7,5.7,1300.0,1000.0,77.0,44.0,84.2,95.0,821
2024-03-24T11:22:38.000000+00:00,236.8,49.9,236.8,49.9,228.9,49.9,5.7,1300.0,1000.0,77.0,43.0,84.3,95.0,821
2024-03-24T11:23:38.000000+00:00,235.3,49.9,236.2,49.9,228.9,49.9,5.7,1300.0,1010.0,78.0,43.0,84.3,95.0,822
2024-03-24T11:24:38.000000+00:00,235.0,49.8,235.0,49.8,228.9,49.8,5.7,1300.0,1000.0,77.0,43.0,84.1,95.0,822
2024-03-24T11:25:38.000000+00:00,236.2,49.6,236.2,49.6,228.9,49.7,5.8,1320.0,1020.0,77.0,45.0,84.1,95.0,834
2024-03-24T11:26:38.000000+00:00,236.3,50.4,236.9,50.4,228.9,50.4,5.6,1270.0,1000.0,79.0,42.0,84.1,95.0,834
2024-03-24T11:27:38.000000+00:00,236.7,50.3,236.6,50.3,228.9,50.3,5.6,1280.0,1000.0,78.0,42.0,84.0,95.0,846
2024-03-24T11:28:38.000000+00:00,236.7,50.2,236.3,50.2,228.9,50.2,5.6,1290.0,1010.0,78.0,42.0,84.0,95.0,834
2024-03-24T11:29:38.000000+00:00,236.5,50.3,237.4,50.3,228.9,50.3,5.6,1270.0,1000.0,79.0,43.0,84.0,95.0,834
2024-03-24T11:30:38.000000+00:00,236.3,50.1,236.3,50.1,228.9,50.1,5.6,1280.0,1000.0,78.0,43.0,83.9,95.0,846
2024-03-24T11:31:38.000000+00:00,236.6,50.1,236.6,50.1,228.9,50.1,5.6,1280.0,1000.0,78.0,43.0,83.9,95.0,834
2024-03-24T11:32:38.000000+00:00,236.0,50.2,236.6,50.2,228.9,50.2,5.6,1280.0,990.0,77.0,42.0,83.9,95.0,834
2024-03-24T11:33:38.000000+00:00,237.2,50.4,237.2,50.4,228.9,50.4,5.5,1270.0,990.0,78.0,43.0,83.8,95.0,834
2024-03-24T11:34:38.000000+00:00,236.7,50.3,236.8,50.3,228.9,50.3,5.5,1270.0,990.0,78.0,42.0,83.8,95.0,834
2024-03-24T11:35:38.000000+00:00,236.8,50.4,236.8,50.4,228.9,50.4,5.5,1270.0,990.0,78.0,42.0,83.8,95.0,834
2024-03-24T11:36:38.000000+00:00,235.9,50.3,235.9,50.3,228.9,50.3,5.6,1280.0,1000.0,78.0,42.0,83.8,95.0,834
2024-03-24T11:37:38.000000+00:00,236.9,50.3,237.9,50.3,228.9,50.3,5.6,1280.0,1000.0,78.0,42.0,83.8,95.0,834
2024-03-24T11:38:38.000000+00:00,237.5,50.4,237.5,50.4,228.9,50.4,5.6,1270.0,1000.0,79.0,42.0,83.8,95.0,834
2024-03-24T11:39:38.000000+00:00,237.0,50.3,237.0,50.3,228.9,50.3,5.5,1270.0,990.0,78.0,42.0,83.8,95.0,834
2024-03-24T11:40:38.000000+00:00,238.1,50.4,238.0,50.4,228.9,50.4,5.5,1270.0,1000.0,79.0,43.0,83.8,95.0,834
2024-03-24T11:41:38.000000+00:00,237.8,50.3,237.8,50.3,228.9,50.3,5.5,1270.0,990.0,78.0,43.0,84.0,95.0,834
2024-03-24T11:42:38.000000+00:00,237.7,50.3,237.9,50.3,228.9,50.3,5.6,1280.0,1000.0,78.0,43.0,84.1,95.0,834
2024-03-24T11:43:38.000000+00:00,237.4,50.3,237.3,50.2,228.9,50.3,5.6,1280.0,1000.0,78.0,43.0,84.2,95.0,834
2024-03-24T11:44:38.000000+00:00,237.3,50.3,237.3,50.3,228.9,50.3,5.6,1280.0,1000.0,78.0,43.0,84.2,95.0,834
2024-03-24T11:45:38.000000+00:00,237.5,50.3,237.5,50.3,228.9,50.3,5.6,1280.0,1000.0,78.0,43.0,84.2,95.0,834
2024-03-24T11:46:38.000000+00:00,236.5,50.1,236.5,50.1,228.9,50.1,5.6,1280.0,1000.0,78.0,43.0,84.3,95.0,835
2024-03-24T11:47:38.000000+00:00,236.7,50.1,237.2,50.1,228.9,50.1,5.6,1280.0,1000.0,78.0,43.0,84.1,95.0,835
2024-03-24T11:48:38.000000+00:00,236.4,50.0,236.5,50.0,228.9,50.0,5.6,1290.0,1000.0,78.0,43.0,84.1,95.0,835
2024-03-24T11:49:38.000000+00:00,237.7,50.2,237.1,50.2,228.9,50.2,5.6,1270.0,990.0,78.0,43.0,84.0,95.0,835
2024-03-24T11:50:38.000000+00:00,237.6,50.2,237.6,50.2,228.9,50.2,5.6,1280.0,1000.0,78.0,43.0,84.0,95.0,835
2024-03-24T11:51:38.000000+00:00,236.4,50.3,237.5,50.3,228.9,50.3,5.5,1270.0,990.0,78.0,42.0,84.0,95.0,835
2024-03-24T11:52:38.000000+00:00,237.4,50.3,237.4,50.3,228.9,50.3,5.6,1270.0,1000.0,79.0,43.0,83.9,95.0,835
2024-03-24T11:53:38.000000+00:00,237.4,50.4,237.4,50.4,228.9,50.4,5.6,1270.0,1000.0,79.0,42.0,83.9,95.0,835
2024-03-24T11:54:38.000000+00:00,237.1,50.4,237.1,50.4,228.9,50.4,5.5,1270.0,990.0,78.0,42.0,83.9,95.0,835
2024-03-24T11:55:38.000000+00:00,237.8,50.4,238.2,50.4,228.9,50.4,5.6,1270.0,1000.0,79.0,42.0,83.9,95.0,835
2024-03-24T11:56:38.000000+00:00,238.4,50.4,238.8,50.4,228.9,50.4,5.6,1270.0,1000.0,79.0,44.0,83.9,95.0,835
2024-03-24T11:57:39.000000+00:00,237.2,50.3,238.3,50.3,228.9,50.3,5.6,1280.0,1000.0,78.0,42.0,83.9,95.0,835
2024-03-24T11:58:39.000000+00:00,237.8,50.3,237.3,50.3,228.9,50.3,5.5,1260.0,990.0,79.0,42.0,83.8,95.0,835
2024-03-24T11:59:39.000000+00:00,237.2,50.3,237.3,50.3,228.9,50.3,5.6,1290.0,1010.0,78.0,42.0,83.8,95.0,835
2024-03-24T12:00:39.000000+00:00,236.2,50.2,236.0,50.2,228.9,50.2,5.6,1280.0,1000.0,78.0,43.0,83.8,95.0,835
2024-03-24T12:01:39.000000+00:00,236.9,50.1,236.1,50.2,228.9,50.2,5.6,1280.0,1000.0,78.0,43.0,83.8,95.0,835
2024-03-24T12:02:39.000000+00:00,237.9,50.3,237.9,50.3,228.9,50.3,5.5,1270.0,1000.0,79.0,42.0,83.8,95.0,835
2024-03-24T12:03:39.000000+00:00,237.4,50.3,237.4,50.3,228.9,50.3,5.6,1280.0,1010.0,79.0,43.0,83.8,95.0,835
2024-03-24T12:04:39.000000+00:00,236.1,50.2,237.1,50.2,228.9,50.2,5.6,1280.0,1000.0,78.0,43.0,83.8,95.0,835
2024-03-24T12:05:39.000000+00:00,236.8,50.2,236.8,50.2,228.9,50.2,5.6,1270.0,990.0,78.0,42.0,84.0,95.0,835
2024-03-24T12:06:39.000000+00:00,237.6,50.2,238.6,50.2,228.9,50.2,5.6,1280.0,1000.0,78.0,43.0,84.1,95.0,836
2024-03-24T12:07:39.000000+00:00,237.9,50.3,237.9,50.3,228.9,50.2,5.6,1280.0,1000.0,78.0,43.0,84.2,95.0,836
2024-03-24T12:08:39.000000+00:00,237.3,50.2,236.9,50.2,228.9,50.1,5.6,1280.0,1000.0,78.0,43.0,84.2,95.0,836
2024-03-24T12:09:39.000000+00:00,238.3,50.1,237.4,50.1,228.9,50.1,5.6,1280.0,1000.0,78.0,43.0,84.2,95.0,836
2024-03-24T12:10:39.000000+00:00,236.6,50.2,236.6,50.2,228.9,50.2,5.6,1270.0,1000.0,79.0,43.0,84.3,95.0,836
2024-03-24T12:11:39.000000+00:00,237.8,50.2,237.8,50.2,228.9,50.2,5.6,1280.0,1000.0,78.0,43.0,84.1,95.0,836
2024-03-24T12:12:39.000000+00:00,237.7,50.1,237.7,50.1,228.9,50.1,5.6,1280.0,990.0,77.0,43.0,84.0,95.0,836
2024-03-24T12:13:39.000000+00:00,236.9,50.0,236.9,50.0,228.9,50.0,5.6,1290.0,1010.0,78.0,43.0,84.0,95.0,836
2024-03-24T12:14:39.000000+00:00,237.5,50.2,237.5,50.2,228.9,50.2,5.6,1290.0,1010.0,78.0,43.0,84.0,95.0,836
2024-03-24T12:15:39.000000+00:00,235.9,50.0,236.3,50.0,228.9,50.0,5.6,1280.0,1000.0,78.0,43.0,84.0,95.0,848
2024-03-24T12:16:39.000000+00:00,237.6,50.1,238.1,50.1,228.9,50.1,5.6,1280.0,990.0,77.0,43.0,83.9,95.0,848
2024-03-24T12:17:39.000000+00:00,236.9,50.2,236.9,50.2,228.9,50.2,5.6,1270.0,990.0,78.0,42.0,83.9,95.0,848
2024-03-24T12:18:39.000000+00:00,236.6,50.2,236.5,50.2,228.9,50.2,5.5,1270.0,990.0,78.0,43.0,83.9,95.0,848
2024-03-24T12:19:39.000000+00:00,236.4,50.1,236.4,50.1,228.9,50.1,5.6,1280.0,1000.0,78.0,43.0,83.9,95.0,848
2024-03-24T12:20:39.000000+00:00,237.2,50.2,237.2,50.2,228.9,50.2,5.6,1280.0,1000.0,78.0,43.0,83.8,95.0,848
2024-03-24T12:21:39.000000+00:00,236.1,50.2,236.1,50.2,228.9,50.1,5.6,1290.0,1000.0,78.0,43.0,83.8,95.0,848
2024-03-24T12:22:39.000000+00:00,237.1,50.2,237.5,50.2,228.9,50.2,5.6,1280.0,1000.0,78.0,42.0,83.8,95.0,848
2024-03-24T12:23:39.000000+00:00,237.4,50.1,237.4,50.1,228.9,50.1,5.6,1270.0,990.0,78.0,43.0,83.8,95.0,849
2024-03-24T12:24:39.000000+00:00,236.2,49.9,236.2,49.9,228.9,49.9,5.6,1290.0,1000.0,78.0,43.0,84.0,95.0,849
2024-03-24T12:25:39.000000+00:00,236.5,49.9,237.0,49.9,228.9,49.9,5.7,1300.0,1010.0,78.0,43.0,84.1,95.0,849
2024-03-24T12:26:39.000000+00:00,237.0,49.8,237.1,49.8,228.9,49.8,5.6,1290.0,1000.0,78.0,43.0,84.2,95.0,849
2024-03-24T12:27:39.000000+00:00,237.3,50.0,237.3,50.0,228.9,50.0,5.6,1280.0,1000.0,78.0,43.0,84.2,95.0,849
2024-03-24T12:28:39.000000+00:00,238.1,50.1,237.1,50.1,228.9,50.1,5.6,1290.0,1000.0,78.0,43.0,84.2,95.0,849
2024-03-24T12:29:39.000000+00:00,237.1,50.2,238.0,50.2,228.9,50.2,5.6,1290.0,1010.0,78.0,43.0,84.2,95.0,849
2024-03-24T12:30:39.000000+00:00,237.1,50.1,237.0,50.1,228.9,50.1,5.6,1290.0,1000.0,78.0,43.0,84.1,95.0,849
2024-03-24T12:31:39.000000+00:00,237.6,50.1,237.1,50.1,228.9,50.1,5.6,1280.0,1000.0,78.0,43.0,84.0,95.0,849
2024-03-24T12:32:39.000000+00:00,237.2,50.1,236.6,50.0,228.9,50.0,5.6,1280.0,1000.0,78.0,43.0,84.0,95.0,849
2024-03-24T12:33:39.000000+00:00,236.0,49.9,236.0,49.9,228.9,49.9,5.6,1290.0,1000.0,78.0,43.0,84.0,95.0,849
2024-03-24T12:34:39.000000+00:00,237.7,50.0,237.7,50.0,228.9,50.0,5.6,1280.0,1000.0,78.0,43.0,84.0,95.0,849
2024-03-24T12:35:39.000000+00:00,237.3,49.9,237.2,49.9,228.9,49.9,5.6,1280.0,1000.0,78.0,43.0,83.9,95.0,849
2024-03-24T12:36:39.000000+00:00,236.3,49.9,237.2,49.9,228.9,49.9,5.7,1290.0,1000.0,78.0,43.0,83.9,95.0,849
2024-03-24T12:37:39.000000+00:00,237.3,50.0,237.3,50.0,228.9,50.0,5.6,1280.0,990.0,77.0,43.0,83.9,95.0,849
2024-03-24T12:38:39.000000+00:00,236.8,49.8,236.8,49.8,228.9,49.8,5.7,1300.0,1000.0,77.0,43.0,83.9,95.0,849
2024-03-24T12:39:39.000000+00:00,237.0,49.9,237.5,49.9,228.9,49.9,5.6,1290.0,1000.0,78.0,43.0,83.8,95.0,849
2024-03-24T12:40:39.000000+00:00,236.8,49.7,236.8,49.7,228.9,49.7,5.7,1300.0,1000.0,77.0,43.0,83.8,95.0,849
2024-03-24T12:41:39.000000+00:00,237.9,49.7,237.8,49.7,228.9,49.7,5.7,1300.0,1000.0,77.0,43.0,84.0,95.0,837
2024-03-24T12:42:39.000000+00:00,238.6,49.8,238.6,49.8,228.9,49.8,5.7,1300.0,1010.0,78.0,43.0,84.1,95.0,837
2024-03-24T12:43:39.000000+00:00,238.8,50.0,238.8,50.0,228.9,50.0,5.6,1280.0,1000.0,78.0,43.0,84.2,95.0,837
2024-03-24T12:44:39.000000+00:00,238.9,50.2,238.9,50.2,228.9,50.2,5.6,1290.0,1010.0,78.0,43.0,84.2,95.0,837
2024-03-24T12:45:39.000000+00:00,240.0,50.4,240.0,50.4,228.9,50.4,5.6,1270.0,1000.0,79.0,43.0,84.2,95.0,837
2024-03-24T12:46:39.000000+00:00,239.2,50.3,240.3,50.3,228.9,50.3,5.5,1270.0,1000.0,79.0,42.0,84.2,95.0,837
2024-03-24T12:47:39.000000+00:00,238.9,50.3,240.0,50.3,228.9,50.3,5.5,1270.0,1000.0,79.0,42.0,84.1,95.0,850
2024-03-24T12:48:39.000000+00:00,239.9,50.4,239.9,50.4,228.9,50.4,5.7,1310.0,1040.0,79.0,44.0,84.1,95.0,838
2024-03-24T12:49:39.000000+00:00,239.4,50.4,239.4,50.4,228.9,50.4,5.5,1260.0,990.0,79.0,42.0,84.0,95.0,850
2024-03-24T12:50:39.000000+00:00,239.8,50.3,239.3,50.3,228.9,50.3,5.6,1280.0,1010.0,79.0,43.0,84.0,95.0,826
2024-03-24T12:51:39.000000+00:00,238.9,50.3,239.0,50.3,228.9,50.3,5.6,1290.0,1010.0,78.0,43.0,84.0,95.0,826
2024-03-24T12:52:39.000000+00:00,238.5,50.3,238.5,50.3,228.9,50.3,5.8,1330.0,1060.0,80.0,44.0,83.9,95.0,826
2024-03-24T12:53:39.000000+00:00,238.7,50.3,239.2,50.3,228.9,50.3,5.6,1290.0,1010.0,78.0,43.0,83.9,95.0,838
2024-03-24T12:54:39.000000+00:00,238.9,50.4,238.4,50.4,228.9,50.4,5.6,1290.0,1010.0,78.0,43.0,83.9,95.0,826
2024-03-24T12:55:40.000000+00:00,239.7,50.4,239.2,50.4,228.9,50.4,5.6,1290.0,1020.0,79.0,43.0,83.9,95.0,826
2024-03-24T12:56:40.000000+00:00,238.7,50.3,238.2,50.3,228.9,50.3,5.6,1280.0,1010.0,79.0,43.0,83.9,95.0,826
2024-03-24T12:57:40.000000+00:00,239.5,50.4,239.5,50.4,228.9,50.4,5.6,1280.0,1010.0,79.0,43.0,83.8,95.0,826
2024-03-24T12:58:40.000000+00:00,240.1,50.4,239.6,50.4,228.9,50.4,5.6,1290.0,1010.0,78.0,43.0,83.8,95.0,826
2024-03-24T12:59:40.000000+00:00,240.1,50.4,240.2,50.4,228.9,50.4,5.6,1290.0,1010.0,78.0,43.0,83.8,95.0,826
2024-03-24T13:00:40.000000+00:00,239.7,50.4,240.7,50.4,228.9,50.4,5.6,1280.0,1010.0,79.0,43.0,83.8,95.0,826
2024-03-24T13:01:40.000000+00:00,239.6,50.5,239.6,50.5,228.9,50.5,5.6,1280.0,1010.0,79.0,43.0,83.9,95.0,826
2024-03-24T13:02:40.000000+00:00,239.4,50.5,239.4,50.5,228.9,50.5,5.6,1280.0,1010.0,79.0,43.0,84.1,95.0,826
2024-03-24T13:03:40.000000+00:00,239.5,50.4,239.5,50.4,228.9,50.4,5.6,1290.0,1020.0,79.0,43.0,84.1,95.0,826
2024-03-24T13:04:40.000000+00:00,239.5,50.3,239.0,50.3,228.9,50.4,5.6,1290.0,1020.0,79.0,43.0,84.2,95.0,826
2024-03-24T13:05:40.000000+00:00,239.7,50.3,239.7,50.3,228.9,50.3,5.6,1280.0,1010.0,79.0,43.0,84.2,95.0,826
2024-03-24T13:06:40.000000+00:00,240.0,50.2,239.9,50.2,228.9,50.2,5.6,1290.0,1010.0,78.0,43.0,84.2,95.0,826
2024-03-24T13:07:40.000000+00:00,238.7,50.3,239.1,50.3,228.9,50.3,5.7,1300.0,1020.0,78.0,43.0,84.2,95.0,826
2024-03-24T13:08:40.000000+00:00,240.4,50.3,240.4,50.3,228.9,50.3,5.6,1280.0,1010.0,79.0,43.0,84.1,95.0,827
2024-03-24T13:09:40.000000+00:00,240.1,50.3,239.2,50.3,229.0,50.3,5.6,1290.0,1010.0,78.0,43.0,84.0,95.0,827
2024-03-24T13:10:40.000000+00:00,239.4,50.3,240.0,50.3,229.0,50.3,5.6,1290.0,1010.0,78.0,43.0,84.0,95.0,827
2024-03-24T13:11:40.000000+00:00,239.4,50.3,239.4,50.3,228.9,50.3,5.6,1270.0,990.0,78.0,43.0,84.0,95.0,827
2024-03-24T13:12:40.000000+00:00,239.8,50.4,240.0,50.4,228.9,50.4,5.6,1270.0,1000.0,79.0,42.0,84.0,95.0,827
2024-03-24T13:13:40.000000+00:00,238.9,50.3,238.9,50.3,229.0,50.3,5.5,1270.0,990.0,78.0,43.0,83.9,95.0,827
2024-03-24T13:14:40.000000+00:00,240.3,50.4,239.7,50.4,228.9,50.4,5.6,1270.0,1000.0,79.0,42.0,83.9,95.0,827
2024-03-24T13:15:40.000000+00:00,240.4,50.3,240.4,50.3,229.0,50.3,5.6,1280.0,1000.0,78.0,42.0,83.9,95.0,827
2024-03-24T13:16:40.000000+00:00,239.0,50.1,239.0,50.1,228.9,50.1,5.6,1280.0,1000.0,78.0,43.0,83.9,95.0,827
2024-03-24T13:17:40.000000+00:00,240.3,50.2,239.3,50.2,229.0,50.2,5.6,1280.0,1000.0,78.0,43.0,83.9,95.0,827
2024-03-24T13:18:40.000000+00:00,239.2,50.1,238.7,50.1,228.9,50.1,5.6,1280.0,1000.0,78.0,43.0,83.9,95.0,827
2024-03-24T13:19:40.000000+00:00,239.8,50.3,239.8,50.3,228.9,50.3,5.6,1280.0,1000.0,78.0,43.0,83.9,95.0,827
2024-03-24T13:20:40.000000+00:00,239.4,50.3,239.4,50.3,229.0,50.3,5.6,1280.0,1000.0,78.0,42.0,83.9,95.0,827
2024-03-24T13:21:40.000000+00:00,239.0,50.4,239.0,50.4,228.9,50.4,5.6,1280.0,1000.0,78.0,42.0,83.9,95.0,827
2024-03-24T13:22:40.000000+00:00,239.6,50.3,239.6,50.3,228.9,50.3,5.5,1270.0,990.0,78.0,43.0,83.8,95.0,827
2024-03-24T13:23:40.000000+00:00,239.1,50.3,239.1,50.3,228.9,50.3,5.5,1270.0,990.0,78.0,43.0,83.8,95.0,827
2024-03-24T13:24:40.000000+00:00,239.6,50.3,239.6,50.3,229.0,50.3,5.5,1270.0,990.0,78.0,42.0,83.8,95.0,827
2024-03-24T13:25:40.000000+00:00,239.1,50.3,239.7,50.3,228.9,50.3,5.6,1280.0,1000.0,78.0,43.0,83.8,95.0,827
2024-03-24T13:26:40.000000+00:00,239.1,50.4,239.1,50.4,228.9,50.4,5.5,1270.0,990.0,78.0,42.0,83.8,95.0,827
2024-03-24T13:27:40.000000+00:00,239.5,50.3,239.1,50.3,229.0,50.3,5.5,1270.0,990.0,78.0,43.0,83.8,95.0,827
2024-03-24T13:28:40.000000+00:00,239.1,50.3,239.1,50.3,228.9,50.3,5.6,1270.0,1000.0,79.0,42.0,83.8,95.0,827
2024-03-24T13:29:40.000000+00:00,238.8,50.3,238.8,50.3,228.9,50.3,5.6,1280.0,1000.0,78.0,43.0,83.8,95.0,877
2024-03-24T13:30:40.000000+00:00,238.8,50.3,238.8,50.3,228.9,50.3,5.6,1280.0,1000.0,78.0,43.0,83.9,95.0,877
2024-03-24T13:31:40.000000+00:00,239.4,50.4,239.4,50.4,228.9,50.4,5.5,1270.0,1000.0,79.0,42.0,84.0,95.0,877
2024-03-24T13:32:40.000000+00:00,238.2,50.2,238.2,50.2,228.9,50.2,5.6,1270.0,990.0,78.0,42.0,84.1,95.0,877
2024-03-24T13:33:40.000000+00:00,239.3,50.2,239.8,50.2,228.9,50.2,5.6,1280.0,1000.0,78.0,42.0,84.2,95.0,877
2024-03-24T13:34:40.000000+00:00,238.7,50.1,239.2,50.1,228.9,50.1,5.6,1280.0,1000.0,78.0,43.0,84.3,95.0,877
2024-03-24T13:35:40.000000+00:00,238.4,50.0,238.4,50.0,228.9,50.0,5.6,1290.0,1000.0,78.0,43.0,84.3,95.0,877
2024-03-24T13:36:40.000000+00:00,239.1,50.0,238.6,50.0,228.9,50.0,5.6,1290.0,1010.0,78.0,43.0,84.2,95.0,877
2024-03-24T13:37:40.000000+00:00,239.5,50.1,239.5,50.1,228.9,50.1,5.6,1280.0,990.0,77.0,43.0,84.1,95.0,878
2024-03-24T13:38:40.000000+00:00,238.8,50.1,239.6,50.1,228.9,50.1,5.6,1280.0,990.0,77.0,43.0,84.1,95.0,878
2024-03-24T13:39:40.000000+00:00,239.6,50.1,239.0,50.1,228.9,50.1,5.6,1290.0,1000.0,78.0,43.0,84.0,95.0,878
2024-03-24T13:40:40.000000+00:00,237.9,49.8,237.9,49.8,228.9,49.8,5.7,1300.0,1010.0,78.0,43.0,84.0,95.0,878
2024-03-24T13:41:40.000000+00:00,238.0,49.7,238.0,49.7,228.9,49.6,5.7,1310.0,1010.0,77.0,43.0,84.0,95.0,828
2024-03-24T13:42:40.000000+00:00,238.7,49.7,238.7,49.7,228.9,49.7,5.7,1300.0,1010.0,78.0,44.0,83.9,95.0,828
2024-03-24T13:43:40.000000+00:00,238.9,49.9,238.9,49.9,228.9,49.9,5.7,1300.0,1010.0,78.0,43.0,83.9,95.0,828
2024-03-24T13:44:40.000000+00:00,238.5,50.0,239.0,50.0,228.9,49.9,5.6,1290.0,1000.0,78.0,43.0,83.9,95.0,828
2024-03-24T13:45:40.000000+00:00,237.9,49.8,238.4,49.8,228.9,49.8,5.7,1300.0,1000.0,77.0,43.0,83.9,95.0,828
2024-03-24T13:46:40.000000+00:00,238.4,49.8,238.4,49.8,228.9,49.8,5.6,1290.0,1000.0,78.0,43.0,83.8,95.0,828
2024-03-24T13:47:40.000000+00:00,238.6,49.8,239.0,49.7,228.9,49.7,5.7,1310.0,1020.0,78.0,43.0,83.8,95.0,828
2024-03-24T13:47:41.000000+00:00,238.6,49.8,239.0,49.7,228.9,49.7,5.7,1310.0,1020.0,78.0,43.0,83.8,95.0,828
2024-03-24T13:47:42.000000+00:00,238.6,49.8,239.0,49.7,228.9,49.7,5.7,1310.0,1020.0,78.0,43.0,83.8,95.0,828
2024-03-24T13:47:45.000000+00:00,246.6,49.7,246.5,49.7,228.9,49.8,5.7,1300.0,1010.0,78.0,43.0,83.8,95.0,828
2024-03-24T13:47:47.000000+00:00,246.6,49.7,246.5,49.7,228.9,49.8,5.7,1300.0,1010.0,78.0,43.0,80.6,95.0,826
2024-03-24T13:48:26.000000+00:00,0.0,0.0,0.0,0.0,228.9,50.0,5.6,1280.0,990.0,77.0,43.0,84.2,95.0,823
2024-03-24T13:48:27.000000+00:00,0.0,0.0,0.0,0.0,228.9,50.0,5.6,1280.0,990.0,77.0,44.0,84.2,95.0,823
2024-03-24T13:48:30.000000+00:00,0.0,0.0,0.0,0.0,228.9,50.0,5.6,1280.0,990.0,77.0,43.0,81.1,95.0,823
2024-03-24T13:48:32.000000+00:00,240.8,49.8,240.4,49.8,229.0,49.8,5.6,1290.0,1000.0,78.0,43.0,81.1,95.0,823
2024-03-24T13:48:40.000000+00:00,241.3,49.8,241.3,49.8,229.0,49.8,5.6,1290.0,1000.0,78.0,43.0,81.9,94.0,818
2024-03-24T13:49:40.000000+00:00,239.4,49.8,239.4,49.8,228.9,49.8,5.7,1290.0,1000.0,78.0,43.0,82.8,94.0,818
2024-03-24T13:50:40.000000+00:00,238.8,50.0,238.8,50.0,228.9,50.0,5.6,1280.0,1000.0,78.0,43.0,83.1,94.0,819
2024-03-24T13:51:40.000000+00:00,239.3,50.2,239.3,50.2,229.0,50.2,5.6,1270.0,1000.0,79.0,43.0,83.2,94.0,819
2024-03-24T13:52:41.000000+00:00,238.5,50.2,238.5,50.2,228.9,50.2,5.6,1280.0,1000.0,78.0,43.0,83.2,94.0,819
2024-03-24T13:53:41.000000+00:00,238.4,50.1,238.4,50.1,228.9,50.1,5.6,1280.0,1000.0,78.0,42.0,83.8,94.0,819
2024-03-24T13:54:41.000000+00:00,237.6,50.1,237.6,50.1,228.9,50.1,5.6,1280.0,1000.0,78.0,43.0,84.1,94.0,819
2024-03-24T13:55:41.000000+00:00,238.3,50.4,238.3,50.4,228.9,50.4,5.6,1280.0,1010.0,79.0,42.0,84.1,94.0,819
2024-03-24T13:56:41.000000+00:00,238.0,50.4,238.0,50.4,228.9,50.4,5.6,1270.0,1000.0,79.0,42.0,84.2,94.0,819
2024-03-24T13:57:41.000000+00:00,239.0,50.3,239.0,50.3,228.9,50.3,5.6,1280.0,1000.0,78.0,42.0,84.2,94.0,868
2024-03-24T13:58:41.000000+00:00,238.8,50.4,238.8,50.4,228.9,50.4,5.5,1260.0,980.0,78.0,42.0,84.3,94.0,868
2024-03-24T13:59:41.000000+00:00,237.9,50.4,237.5,50.4,228.9,50.4,5.5,1270.0,1000.0,79.0,42.0,84.3,94.0,868
2024-03-24T14:00:41.000000+00:00,238.3,50.4,238.3,50.4,228.9,50.4,5.6,1270.0,1000.0,79.0,42.0,84.1,94.0,868
2024-03-24T14:01:41.000000+00:00,238.8,50.3,237.7,50.3,228.9,50.3,5.5,1270.0,990.0,78.0,42.0,84.1,94.0,868
2024-03-24T14:02:41.000000+00:00,238.5,50.3,238.5,50.3,228.9,50.3,5.6,1280.0,1000.0,78.0,43.0,84.0,94.0,868
2024-03-24T14:03:41.000000+00:00,238.3,50.3,238.3,50.3,228.9,50.3,5.5,1270.0,990.0,78.0,42.0,84.0,94.0,868
2024-03-24T14:04:41.000000+00:00,237.4,50.1,237.4,50.1,228.9,50.1,5.6,1280.0,990.0,77.0,43.0,84.0,94.0,868
2024-03-24T14:05:41.000000+00:00,238.5,50.1,237.6,50.1,228.9,50.1,5.6,1280.0,1000.0,78.0,43.0,83.9,94.0,868
2024-03-24T14:06:41.000000+00:00,239.1,50.1,239.1,50.1,228.9,50.1,5.6,1290.0,1010.0,78.0,43.0,83.9,94.0,868
2024-03-24T14:07:41.000000+00:00,240.0,50.4,240.1,50.4,229.0,50.4,5.5,1270.0,990.0,78.0,42.0,83.9,94.0,868
2024-03-24T14:08:41.000000+00:00,238.9,50.3,239.9,50.3,228.9,50.3,5.5,1270.0,990.0,78.0,42.0,83.9,94.0,869
2024-03-24T14:09:41.000000+00:00,240.0,50.3,240.0,50.3,228.9,50.3,5.6,1270.0,1000.0,79.0,42.0,83.9,94.0,869
2024-03-24T14:10:41.000000+00:00,239.8,50.3,240.2,50.3,228.9,50.3,5.6,1270.0,1000.0,79.0,43.0,83.9,94.0,869
2024-03-24T14:11:41.000000+00:00,240.7,50.2,240.7,50.2,229.0,50.2,5.6,1280.0,1000.0,78.0,43.0,83.9,94.0,869
2024-03-24T14:12:41.000000+00:00,240.0,50.0,240.0,50.0,228.9,50.0,5.6,1290.0,1000.0,78.0,43.0,83.8,94.0,869
2024-03-24T14:13:41.000000+00:00,240.1,50.1,239.7,50.1,228.9,50.1,5.6,1280.0,990.0,77.0,43.0,83.8,94.0,869
2024-03-24T14:14:41.000000+00:00,240.4,50.1,240.0,50.1,228.9,50.1,5.6,1280.0,990.0,77.0,43.0,83.8,94.0,869
2024-03-24T14:15:41.000000+00:00,240.7,50.3,240.7,50.3,228.9,50.3,5.6,1270.0,1000.0,79.0,43.0,83.8,94.0,869
2024-03-24T14:16:41.000000+00:00,240.1,50.1,240.3,50.1,229.0,50.1,5.6,1280.0,1000.0,78.0,43.0,83.8,94.0,869
2024-03-24T14:17:41.000000+00:00,239.3,49.9,240.2,49.9,228.9,49.9,5.7,1300.0,1010.0,78.0,43.0,83.8,94.0,869
2024-03-24T14:18:41.000000+00:00,239.7,50.0,239.8,49.9,229.0,49.9,5.6,1280.0,990.0,77.0,43.0,84.0,94.0,869
2024-03-24T14:19:41.000000+00:00,240.4,49.9,239.8,49.9,228.9,49.9,5.6,1290.0,1000.0,78.0,43.0,84.1,94.0,869
2024-03-24T14:20:41.000000+00:00,240.2,49.9,240.2,49.9,228.9,49.9,5.6,1290.0,1000.0,78.0,43.0,84.2,95.0,869
2024-03-24T14:21:41.000000+00:00,240.1,49.9,240.1,49.9,228.9,49.9,5.7,1300.0,1010.0,78.0,43.0,84.2,95.0,869
2024-03-24T14:22:41.000000+00:00,240.7,50.0,239.7,50.0,229.0,50.0,5.6,1290.0,1000.0,78.0,43.0,84.3,95.0,869
2024-03-24T14:23:41.000000+00:00,240.5,50.0,240.6,50.0,229.0,50.0,5.6,1290.0,1000.0,78.0,43.0,84.3,95.0,869
2024-03-24T14:24:41.000000+00:00,241.3,50.0,240.3,50.0,229.0,50.0,5.6,1280.0,1000.0,78.0,43.0,84.1,95.0,869
2024-03-24T14:25:41.000000+00:00,240.9,50.2,240.9,50.2,228.9,50.2,5.6,1280.0,1000.0,78.0,43.0,84.1,95.0,869
2024-03-24T14:26:41.000000+00:00,240.0,50.0,240.0,50.0,228.9,50.0,5.6,1290.0,1000.0,78.0,43.0,84.0,95.0,869
2024-03-24T14:27:41.000000+00:00,239.6,50.2,240.7,50.2,228.9,50.2,5.6,1280.0,1000.0,78.0,43.0,84.0,95.0,869
2024-03-24T14:28:41.000000+00:00,241.0,50.2,241.0,50.2,228.9,50.2,5.6,1280.0,1000.0,78.0,42.0,84.0,95.0,870
2024-03-24T14:29:41.000000+00:00,240.6,50.3,240.6,50.3,228.9,50.3,5.6,1280.0,1000.0,78.0,42.0,83.9,95.0,870
2024-03-24T14:30:41.000000+00:00,241.2,50.3,241.2,50.3,228.9,50.3,5.6,1270.0,1000.0,79.0,43.0,83.9,95.0,870
2024-03-24T14:31:41.000000+00:00,238.5,50.4,237.4,50.4,228.9,50.4,5.5,1260.0,990.0,79.0,42.0,83.9,95.0,870
2024-03-24T14:32:41.000000+00:00,238.7,50.4,238.2,50.4,228.9,50.4,5.5,1270.0,990.0,78.0,42.0,83.9,95.0,870
2024-03-24T14:33:41.000000+00:00,239.0,50.4,240.0,50.4,228.9,50.4,5.5,1270.0,1000.0,79.0,42.0,83.8,95.0,870
2024-03-24T14:34:41.000000+00:00,238.4,50.4,239.1,50.4,228.9,50.4,5.5,1270.0,1000.0,79.0,43.0,83.8,95.0,870
2024-03-24T14:35:41.000000+00:00,238.6,50.5,239.1,50.5,228.9,50.5,5.6,1270.0,1000.0,79.0,42.0,83.8,95.0,870
2024-03-24T14:36:41.000000+00:00,238.1,50.4,238.1,50.4,228.9,50.4,5.5,1270.0,990.0,78.0,42.0,83.8,95.0,870
2024-03-24T14:37:41.000000+00:00,237.9,50.4,237.9,50.4,228.9,50.4,5.5,1270.0,990.0,78.0,42.0,83.8,95.0,870
2024-03-24T14:38:41.000000+00:00,237.9,50.3,237.9,50.3,228.9,50.3,5.5,1260.0,990.0,79.0,42.0,83.8,95.0,870
2024-03-24T14:39:41.000000+00:00,237.7,50.1,238.2,50.1,228.9,50.1,5.6,1280.0,990.0,77.0,43.0,83.8,95.0,870
2024-03-24T14:40:41.000000+00:00,237.5,50.1,237.5,50.1,228.9,50.1,5.6,1290.0,1010.0,78.0,43.0,83.8,95.0,870
2024-03-24T14:41:41.000000+00:00,237.2,50.2,238.1,50.2,228.9,50.2,5.6,1280.0,1000.0,78.0,43.0,83.9,95.0,870
2024-03-24T14:42:41.000000+00:00,237.2,50.2,237.2,50.2,228.9,50.2,5.6,1280.0,1000.0,78.0,43.0,84.0,95.0,870
2024-03-24T14:43:41.000000+00:00,238.4,50.2,238.5,50.2,228.9,50.2,5.6,1270.0,990.0,78.0,43.0,84.1,95.0,870
2024-03-24T14:44:41.000000+00:00,237.6,50.2,237.6,50.2,228.9,50.2,5.6,1280.0,1000.0,78.0,43.0,84.2,95.0,870
2024-03-24T14:45:41.000000+00:00,238.5,50.2,238.5,50.2,228.9,50.2,5.6,1280.0,1000.0,78.0,43.0,84.3,95.0,870
2024-03-24T14:46:41.000000+00:00,237.3,50.2,237.4,50.2,228.9,50.2,5.6,1280.0,1000.0,78.0,43.0,84.3,95.0,870
2024-03-24T14:47:41.000000+00:00,237.3,50.2,236.8,50.2,228.9,50.2,5.6,1280.0,1000.0,78.0,43.0,84.2,95.0,870
2024-03-24T14:48:41.000000+00:00,237.2,50.3,238.2,50.3,228.9,50.3,5.6,1290.0,1010.0,78.0,43.0,84.1,95.0,871
2024-03-24T14:49:41.000000+00:00,237.7,50.2,237.7,50.2,228.9,50.2,5.6,1270.0,990.0,78.0,43.0,84.1,95.0,871
2024-03-24T14:50:41.000000+00:00,237.3,50.2,237.4,50.2,228.9,50.2,5.6,1280.0,1000.0,78.0,42.0,84.0,95.0,871
2024-03-24T14:51:41.000000+00:00,236.8,50.2,236.8,50.2,228.9,50.2,5.6,1280.0,1000.0,78.0,43.0,84.0,95.0,871
2024-03-24T14:52:41.000000+00:00,237.1,50.0,237.7,50.0,228.9,50.0,5.6,1280.0,1000.0,78.0,43.0,84.0,95.0,871
2024-03-24T14:53:41.000000+00:00,236.5,50.0,236.5,50.0,228.9,50.0,5.6,1290.0,1000.0,78.0,43.0,83.9,95.0,871
2024-03-24T14:54:42.000000+00:00,236.6,50.0,236.6,50.0,228.9,50.0,5.6,1280.0,990.0,77.0,43.0,83.9,95.0,871
2024-03-24T14:55:42.000000+00:00,235.8,49.7,235.8,49.7,228.9,49.7,5.7,1310.0,1010.0,77.0,43.0,83.9,95.0,871
2024-03-24T14:56:42.000000+00:00,235.6,49.6,235.6,49.6,228.9,49.6,5.7,1310.0,1010.0,77.0,43.0,83.8,95.0,871
2024-03-24T14:57:42.000000+00:00,235.1,49.6,235.1,49.6,228.9,49.6,5.7,1300.0,1000.0,77.0,43.0,83.8,95.0,871
2024-03-24T14:58:42.000000+00:00,233.8,49.6,233.8,49.6,228.9,49.6,5.7,1300.0,1000.0,77.0,44.0,83.8,95.0,822
2024-03-24T14:59:42.000000+00:00,233.9,49.6,233.9,49.6,228.9,49.6,5.7,1320.0,1020.0,77.0,44.0,83.8,95.0,822
2024-03-24T15:00:42.000000+00:00,237.8,49.6,237.8,49.6,228.9,49.6,5.7,1310.0,1010.0,77.0,43.0,83.8,95.0,822
2024-03-24T15:01:42.000000+00:00,237.5,49.6,238.1,49.6,228.9,49.6,5.7,1300.0,1000.0,77.0,43.0,83.8,95.0,822
2024-03-24T15:02:42.000000+00:00,238.6,49.8,239.0,49.8,228.9,49.8,5.6,1290.0,1000.0,78.0,43.0,83.8,95.0,822
2024-03-24T15:03:42.000000+00:00,237.8,49.7,236.9,49.7,228.9,49.7,5.7,1300.0,1010.0,78.0,43.0,83.8,95.0,822
2024-03-24T15:04:42.000000+00:00,237.9,49.9,237.9,49.9,228.9,49.9,5.6,1290.0,1000.0,78.0,43.0,83.9,95.0,822
2024-03-24T15:05:42.000000+00:00,238.3,50.0,238.2,50.0,228.9,50.0,5.6,1280.0,1000.0,78.0,43.0,84.0,95.0,822
2024-03-24T15:06:42.000000+00:00,237.8,50.2,238.1,50.2,228.9,50.2,5.6,1270.0,1000.0,79.0,43.0,84.1,95.0,822
2024-03-24T15:07:42.000000+00:00,239.1,50.4,239.6,50.4,228.9,50.4,5.5,1270.0,1000.0,79.0,42.0,84.2,95.0,822
2024-03-24T15:08:42.000000+00:00,239.5,50.4,239.5,50.4,228.9,50.4,5.5,1270.0,990.0,78.0,42.0,84.2,95.0,822
2024-03-24T15:09:42.000000+00:00,239.0,50.3,239.0,50.3,228.9,50.3,5.6,1280.0,1000.0,78.0,42.0,84.3,95.0,822
2024-03-24T15:10:42.000000+00:00,238.3,50.3,238.3,50.3,228.9,50.3,5.6,1270.0,1000.0,79.0,42.0,84.2,95.0,822
2024-03-24T15:11:42.000000+00:00,239.4,50.4,239.4,50.3,228.9,50.4,5.6,1270.0,1000.0,79.0,42.0,84.1,95.0,822
2024-03-24T15:12:42.000000+00:00,238.0,50.2,238.0,50.2,228.9,50.2,5.6,1280.0,1000.0,78.0,43.0,84.1,95.0,822
2024-03-24T15:13:42.000000+00:00,237.1,50.1,238.1,50.1,228.9,50.1,5.6,1280.0,1000.0,78.0,43.0,84.0,95.0,822
2024-03-24T15:14:42.000000+00:00,237.9,50.2,237.9,50.2,228.9,50.2,5.6,1290.0,1010.0,78.0,43.0,84.0,95.0,823
2024-03-24T15:15:42.000000+00:00,237.7,50.1,237.7,50.1,228.9,50.2,5.6,1280.0,990.0,77.0,43.0,83.9,95.0,823
2024-03-24T15:16:42.000000+00:00,237.5,50.1,237.5,50.1,228.9,50.1,5.6,1280.0,990.0,77.0,43.0,83.9,95.0,823
2024-03-24T15:17:42.000000+00:00,237.3,50.2,238.2,50.2,228.9,50.2,5.6,1280.0,1000.0,78.0,43.0,83.9,95.0,823
2024-03-24T15:18:42.000000+00:00,237.3,50.0,237.2,50.0,228.9,50.0,5.6,1300.0,1010.0,78.0,43.0,83.9,95.0,823
2024-03-24T15:19:42.000000+00:00,236.9,50.1,236.9,50.1,228.9,50.1,5.6,1280.0,1000.0,78.0,43.0,83.9,95.0,823
2024-03-24T15:20:42.000000+00:00,236.9,50.3,236.9,50.3,228.9,50.3,5.6,1270.0,1000.0,79.0,42.0,83.9,95.0,823
2024-03-24T15:21:42.000000+00:00,237.1,50.3,237.1,50.3,228.9,50.3,5.5,1270.0,990.0,78.0,43.0,83.8,95.0,823
2024-03-24T15:22:42.000000+00:00,237.4,50.2,237.5,50.2,228.9,50.2,5.6,1280.0,1000.0,78.0,43.0,83.8,95.0,823
2024-03-24T15:23:42.000000+00:00,236.9,50.1,237.1,50.1,228.9,50.1,5.6,1290.0,1000.0,78.0,43.0,83.8,95.0,823
2024-03-24T15:24:42.000000+00:00,237.0,50.1,236.0,50.1,228.9,50.1,5.6,1280.0,1000.0,78.0,43.0,83.8,95.0,823
2024-03-24T15:25:42.000000+00:00,236.4,49.9,236.4,49.9,228.9,49.9,5.7,1300.0,1010.0,78.0,43.0,83.8,95.0,823
2024-03-24T15:26:42.000000+00:00,235.6,49.8,235.0,49.8,228.9,49.8,5.6,1290.0,1000.0,78.0,43.0,83.8,95.0,823
2024-03-24T15:27:42.000000+00:00,235.0,49.8,236.0,49.8,228.9,49.8,5.6,1290.0,1000.0,78.0,43.0,83.8,95.0,823
2024-03-24T15:28:42.000000+00:00,234.6,49.7,234.6,49.7,228.9,49.7,5.6,1290.0,1000.0,78.0,44.0,84.0,95.0,823
2024-03-24T15:29:42.000000+00:00,234.6,49.8,234.1,49.8,228.9,49.8,5.6,1290.0,1000.0,77.0,43.0,84.1,95.0,823
2024-03-24T15:30:42.000000+00:00,234.4,49.9,234.3,49.9,228.9,49.9,5.6,1290.0,1000.0,78.0,43.0,84.2,95.0,823
2024-03-24T15:31:42.000000+00:00,234.6,49.9,234.6,49.9,228.9,49.9,5.6,1300.0,1010.0,78.0,43.0,84.3,95.0,823
2024-03-24T15:32:42.000000+00:00,234.1,50.1,234.1,50.1,228.9,50.1,5.6,1290.0,1000.0,78.0,43.0,84.3,95.0,823
2024-03-24T15:33:42.000000+00:00,234.2,49.9,234.7,49.9,228.9,49.9,5.6,1290.0,1000.0,78.0,43.0,84.3,95.0,823
2024-03-24T15:34:42.000000+00:00,234.4,50.1,233.5,50.1,228.9,50.0,5.6,1290.0,1000.0,78.0,43.0,84.2,95.0,823
2024-03-24T15:35:42.000000+00:00,237.1,50.2,237.1,50.2,228.9,50.2,5.6,1280.0,1000.0,78.0,43.0,84.1,95.0,824
2024-03-24T15:36:42.000000+00:00,237.5,50.4,238.4,50.4,228.9,50.4,5.5,1260.0,990.0,79.0,42.0,84.1,95.0,824
2024-03-24T15:37:42.000000+00:00,238.4,50.4,238.4,50.4,228.9,50.4,5.6,1280.0,1000.0,78.0,42.0,84.0,95.0,824
2024-03-24T15:38:42.000000+00:00,237.4,50.4,238.0,50.4,228.9,50.4,5.6,1270.0,1000.0,79.0,42.0,84.0,95.0,824
2024-03-24T15:39:42.000000+00:00,237.8,50.4,237.8,50.4,228.9,50.4,5.5,1260.0,990.0,79.0,42.0,83.9,95.0,824
2024-03-24T15:40:42.000000+00:00,237.3,50.3,237.3,50.3,228.9,50.3,5.6,1270.0,1000.0,79.0,42.0,83.9,95.0,824
2024-03-24T15:41:42.000000+00:00,237.8,50.3,237.9,50.3,228.9,50.2,5.5,1270.0,990.0,78.0,43.0,83.9,95.0,824
2024-03-24T15:42:42.000000+00:00,237.7,50.3,237.6,50.3,228.9,50.3,5.6,1270.0,1000.0,79.0,42.0,83.9,95.0,824
2024-03-24T15:43:42.000000+00:00,237.3,50.3,237.3,50.3,228.9,50.3,5.5,1270.0,1000.0,79.0,43.0,83.8,95.0,824
2024-03-24T15:44:42.000000+00:00,237.4,50.2,237.4,50.2,228.9,50.2,5.6,1280.0,1000.0,78.0,43.0,83.8,95.0,824
2024-03-24T15:45:42.000000+00:00,236.1,50.3,236.6,50.3,228.9,50.3,5.6,1280.0,1000.0,78.0,43.0,83.8,95.0,824
2024-03-24T15:46:42.000000+00:00,236.5,50.1,236.5,50.1,228.9,50.1,5.6,1280.0,1000.0,78.0,43.0,83.8,95.0,824
2024-03-24T15:47:42.000000+00:00,236.1,50.0,236.1,50.0,228.9,50.0,5.6,1290.0,1000.0,78.0,43.0,83.8,95.0,824
2024-03-24T15:48:42.000000+00:00,235.3,49.9,234.9,49.9,228.9,49.9,5.6,1290.0,1000.0,78.0,43.0,83.8,95.0,824
2024-03-24T15:49:42.000000+00:00,234.0,49.8,234.0,49.8,228.9,49.8,5.7,1300.0,1000.0,77.0,43.0,83.8,95.0,824
2024-03-24T15:50:43.000000+00:00,233.4,49.7,233.3,49.7,228.9,49.7,5.7,1300.0,1000.0,77.0,43.0,83.8,95.0,824
2024-03-24T15:51:43.000000+00:00,233.3,49.8,233.3,49.8,228.9,49.8,5.7,1300.0,1010.0,78.0,43.0,83.8,95.0,824
2024-03-24T15:52:43.000000+00:00,232.8,49.7,232.8,49.7,228.9,49.7,5.7,1300.0,1010.0,78.0,44.0,83.8,95.0,824
2024-03-24T15:53:43.000000+00:00,237.2,49.9,237.2,49.9,228.9,49.9,5.6,1290.0,1000.0,78.0,43.0,84.0,95.0,824
2024-03-24T15:54:43.000000+00:00,237.4,49.9,237.5,49.9,229.0,49.9,5.7,1290.0,1010.0,78.0,43.0,84.1,95.0,824
2024-03-24T15:55:43.000000+00:00,236.8,49.7,236.8,49.7,228.9,49.7,5.7,1300.0,1010.0,78.0,44.0,84.2,95.0,824
2024-03-24T15:56:43.000000+00:00,236.0,49.7,236.5,49.7,228.9,49.7,5.8,1320.0,1020.0,77.0,44.0,84.2,95.0,825
2024-03-24T15:57:43.000000+00:00,236.8,49.7,235.8,49.7,228.9,49.7,5.7,1300.0,1010.0,78.0,44.0,84.3,95.0,825
2024-03-24T15:58:43.000000+00:00,237.1,49.9,237.1,49.9,228.9,49.9,5.6,1290.0,1000.0,78.0,43.0,84.3,95.0,825
2024-03-24T15:59:43.000000+00:00,237.7,50.1,237.7,50.1,228.9,50.1,5.6,1280.0,1000.0,78.0,43.0,84.2,95.0,825
2024-03-24T16:00:43.000000+00:00,237.3,50.1,236.8,50.1,228.9,50.1,5.7,1300.0,1020.0,78.0,43.0,84.1,95.0,825
2024-03-24T16:01:43.000000+00:00,236.8,50.2,237.2,50.2,228.9,50.2,5.6,1280.0,1000.0,78.0,43.0,84.1,95.0,825
2024-03-24T16:02:43.000000+00:00,236.8,50.1,236.8,50.1,228.9,50.1,5.6,1290.0,1010.0,78.0,43.0,84.0,95.0,825
2024-03-24T16:03:43.000000+00:00,235.8,50.0,235.8,50.0,228.9,50.0,5.7,1300.0,1010.0,78.0,43.0,84.0,95.0,825
2024-03-24T16:04:43.000000+00:00,235.6,50.1,235.6,50.1,229.0,50.1,5.7,1290.0,1010.0,78.0,43.0,83.9,95.0,825
2024-03-24T16:05:43.000000+00:00,235.8,50.1,235.8,50.1,228.9,50.1,5.6,1290.0,1000.0,78.0,43.0,83.9,95.0,825
2024-03-24T16:06:43.000000+00:00,234.5,49.9,235.4,49.9,228.9,49.9,5.6,1290.0,1000.0,78.0,43.0,83.9,95.0,825
2024-03-24T16:07:43.000000+00:00,234.8,49.9,233.9,49.9,228.9,49.9,5.6,1290.0,1000.0,78.0,43.0,83.9,95.0,825
2024-03-24T16:08:43.000000+00:00,233.2,49.8,233.6,49.8,228.9,49.8,5.7,1300.0,1010.0,78.0,44.0,83.9,95.0,825
2024-03-24T16:09:43.000000+00:00,233.9,49.8,233.5,49.8,228.9,49.8,5.7,1300.0,1010.0,78.0,43.0,83.9,95.0,825
2024-03-24T16:10:43.000000+00:00,233.5,49.7,233.5,49.7,228.9,49.7,5.7,1300.0,1000.0,77.0,43.0,83.8,95.0,825
2024-03-24T16:11:43.000000+00:00,236.8,49.7,237.3,49.7,228.9,49.7,5.7,1300.0,1000.0,77.0,44.0,83.8,95.0,825
2024-03-24T16:12:43.000000+00:00,237.5,49.8,237.6,49.8,228.9,49.8,5.6,1290.0,1000.0,78.0,43.0,83.8,95.0,825
2024-03-24T16:13:43.000000+00:00,236.9,50.0,237.0,50.0,228.9,50.0,5.6,1290.0,1000.0,78.0,43.0,83.8,95.0,825
2024-03-24T16:14:43.000000+00:00,237.6,50.1,237.6,50.1,228.9,50.1,5.6,1280.0,1000.0,78.0,43.0,83.8,95.0,825
2024-03-24T16:15:43.000000+00:00,236.4,49.9,236.4,49.9,228.9,49.9,5.7,1300.0,1010.0,78.0,43.0,83.8,95.0,825
2024-03-24T16:16:43.000000+00:00,236.5,49.8,236.1,49.8,228.9,49.8,5.7,1300.0,1010.0,78.0,43.0,83.8,95.0,825
2024-03-24T16:17:43.000000+00:00,236.0,49.8,236.0,49.8,228.9,49.8,5.7,1300.0,1000.0,77.0,43.0,83.8,95.0,826
2024-03-24T16:18:43.000000+00:00,236.8,49.9,236.8,49.9,229.0,49.9,5.6,1290.0,1000.0,78.0,43.0,83.8,95.0,826
2024-03-24T16:19:43.000000+00:00,236.5,50.0,236.5,50.0,228.9,50.0,5.7,1300.0,1010.0,78.0,43.0,83.8,95.0,826
2024-03-24T16:20:43.000000+00:00,236.8,50.1,236.8,50.1,228.9,50.1,5.6,1290.0,1010.0,78.0,43.0,83.9,95.0,826
2024-03-24T16:21:43.000000+00:00,236.8,50.1,236.8,50.1,228.9,50.1,5.6,1290.0,1010.0,78.0,43.0,84.1,95.0,850
2024-03-24T16:22:43.000000+00:00,237.4,49.9,237.4,49.9,228.9,49.9,5.6,1290.0,1000.0,78.0,43.0,84.2,95.0,850
2024-03-24T16:23:43.000000+00:00,237.0,49.9,237.0,49.9,229.0,49.9,5.7,1300.0,1010.0,78.0,43.0,84.2,95.0,850
2024-03-24T16:24:43.000000+00:00,237.3,50.1,237.3,50.1,228.9,50.1,5.6,1280.0,1000.0,78.0,43.0,84.3,95.0,850
2024-03-24T16:25:43.000000+00:00,237.0,50.1,237.1,50.1,228.9,50.1,5.6,1280.0,1000.0,78.0,43.0,84.3,95.0,850
2024-03-24T16:26:43.000000+00:00,236.8,50.2,236.4,50.2,229.0,50.2,5.6,1280.0,1000.0,78.0,43.0,84.3,95.0,850
2024-03-24T16:27:43.000000+00:00,236.6,50.3,236.6,50.3,228.9,50.3,5.6,1280.0,1000.0,78.0,42.0,84.2,95.0,850
2024-03-24T16:28:43.000000+00:00,236.3,50.2,236.8,50.2,228.9,50.2,5.6,1280.0,1000.0,78.0,43.0,84.1,95.0,850
2024-03-24T16:29:43.000000+00:00,236.8,50.1,236.9,50.1,229.0,50.1,5.6,1280.0,1000.0,78.0,43.0,84.1,95.0,850
2024-03-24T16:30:43.000000+00:00,237.3,50.2,237.3,50.2,228.9,50.2,5.6,1290.0,1010.0,78.0,43.0,84.0,95.0,850
2024-03-24T16:31:43.000000+00:00,236.2,50.1,236.2,50.1,229.0,50.1,5.6,1290.0,1010.0,78.0,43.0,84.0,95.0,850
2024-03-24T16:32:43.000000+00:00,236.3,50.1,236.8,50.1,228.9,50.1,5.6,1290.0,1000.0,78.0,43.0,84.0,95.0,850
2024-03-24T16:33:43.000000+00:00,237.3,50.2,237.3,50.2,228.9,50.2,5.6,1280.0,1000.0,78.0,43.0,83.9,95.0,850
2024-03-24T16:34:43.000000+00:00,236.9,50.1,236.3,50.1,228.9,50.1,5.6,1290.0,1000.0,78.0,43.0,83.9,95.0,851
2024-03-24T16:35:43.000000+00:00,236.7,50.0,236.2,50.0,229.0,50.0,5.7,1290.0,1010.0,78.0,43.0,83.9,95.0,851
2024-03-24T16:36:43.000000+00:00,236.8,50.2,237.3,50.2,228.9,50.2,5.6,1290.0,1010.0,78.0,43.0,83.9,95.0,838
2024-03-24T16:37:43.000000+00:00,237.5,50.2,237.5,50.2,229.0,50.2,5.6,1280.0,1000.0,78.0,43.0,83.9,95.0,838
2024-03-24T16:38:43.000000+00:00,237.2,50.2,236.2,50.2,228.9,50.2,5.6,1280.0,1000.0,78.0,43.0,83.8,95.0,838
2024-03-24T16:39:43.000000+00:00,236.6,50.2,236.6,50.2,228.9,50.2,5.6,1280.0,1000.0,78.0,43.0,83.8,95.0,839
2024-03-24T16:40:43.000000+00:00,236.9,50.3,236.9,50.3,228.9,50.3,5.6,1280.0,1000.0,78.0,42.0,83.8,95.0,839
2024-03-24T16:41:43.000000+00:00,236.7,50.2,237.2,50.2,229.0,50.2,5.6,1280.0,1000.0,78.0,43.0,83.8,95.0,839
2024-03-24T16:42:43.000000+00:00,236.9,50.1,236.9,50.1,229.0,50.1,5.6,1270.0,990.0,78.0,43.0,83.8,95.0,839
2024-03-24T16:43:43.000000+00:00,236.7,50.1,236.3,50.1,228.9,50.1,5.6,1290.0,1000.0,78.0,43.0,83.8,95.0,839
2024-03-24T16:44:44.000000+00:00,237.2,50.1,237.2,50.1,228.9,50.1,5.6,1280.0,1000.0,78.0,43.0,83.8,95.0,839
2024-03-24T16:45:44.000000+00:00,236.2,50.2,236.2,50.2,228.9,50.2,5.7,1290.0,1010.0,78.0,43.0,83.8,95.0,839
2024-03-24T16:46:44.000000+00:00,236.6,50.1,236.6,50.1,229.0,50.1,5.6,1280.0,1000.0,78.0,43.0,83.8,95.0,839
2024-03-24T16:47:44.000000+00:00,237.3,50.1,237.8,50.1,229.0,50.1,5.6,1290.0,1010.0,78.0,43.0,83.8,95.0,839
2024-03-24T16:48:44.000000+00:00,237.2,50.2,237.2,50.2,229.0,50.2,5.6,1280.0,1000.0,78.0,43.0,83.8,95.0,839
2024-03-24T16:49:44.000000+00:00,237.3,50.3,237.3,50.3,228.9,50.3,5.6,1290.0,1010.0,78.0,43.0,83.8,95.0,839
2024-03-24T16:50:44.000000+00:00,237.8,50.2,237.8,50.2,229.0,50.2,5.6,1280.0,1000.0,78.0,43.0,83.8,95.0,839
2024-03-24T16:51:44.000000+00:00,237.7,50.3,238.2,50.3,229.0,50.3,5.5,1270.0,990.0,78.0,43.0,84.0,95.0,839
2024-03-24T16:52:44.000000+00:00,237.4,50.3,237.9,50.3,229.0,50.3,5.5,1270.0,990.0,78.0,43.0,84.1,95.0,839
2024-03-24T16:53:44.000000+00:00,237.6,50.3,238.0,50.3,228.9,50.3,5.6,1280.0,1010.0,79.0,42.0,84.2,95.0,839
2024-03-24T16:54:44.000000+00:00,238.1,50.2,238.1,50.2,228.9,50.2,5.6,1280.0,1000.0,78.0,42.0,84.3,95.0,839
2024-03-24T16:55:44.000000+00:00,237.9,50.3,238.9,50.3,228.9,50.3,5.6,1270.0,990.0,78.0,42.0,84.3,95.0,839
2024-03-24T16:56:44.000000+00:00,237.6,50.3,237.1,50.3,229.0,50.3,5.6,1280.0,1000.0,78.0,42.0,84.3,95.0,839
2024-03-24T16:57:44.000000+00:00,239.3,50.4,239.3,50.4,229.0,50.4,5.5,1270.0,1000.0,79.0,43.0,84.2,95.0,839
2024-03-24T16:58:44.000000+00:00,239.4,50.2,239.9,50.3,229.0,50.3,5.6,1280.0,1000.0,78.0,42.0,84.1,95.0,839
2024-03-24T16:59:44.000000+00:00,239.6,50.3,239.6,50.3,229.0,50.3,5.6,1280.0,1000.0,78.0,42.0,84.1,95.0,839
2024-03-24T17:00:44.000000+00:00,238.6,50.3,238.6,50.3,229.0,50.3,5.5,1270.0,990.0,78.0,42.0,84.0,95.0,840
2024-03-24T17:01:44.000000+00:00,239.0,50.4,239.0,50.4,228.9,50.4,5.6,1280.0,1000.0,78.0,43.0,84.0,95.0,840
2024-03-24T17:02:44.000000+00:00,238.3,50.4,238.8,50.4,228.9,50.4,5.6,1270.0,1000.0,79.0,42.0,84.0,95.0,840
2024-03-24T17:03:44.000000+00:00,238.4,50.3,238.4,50.3,229.0,50.3,5.5,1270.0,990.0,78.0,42.0,83.9,95.0,840
2024-03-24T17:04:44.000000+00:00,238.2,50.3,239.2,50.3,229.0,50.3,5.6,1280.0,1000.0,78.0,42.0,83.9,95.0,840
2024-03-24T17:05:44.000000+00:00,238.9,50.4,238.9,50.4,229.0,50.4,5.6,1270.0,1000.0,79.0,42.0,83.9,95.0,840
2024-03-24T17:06:44.000000+00:00,237.3,50.3,237.3,50.3,229.0,50.3,5.6,1270.0,1000.0,79.0,42.0,83.9,95.0,840
2024-03-24T17:07:44.000000+00:00,237.9,50.4,237.4,50.4,229.0,50.4,5.5,1270.0,990.0,78.0,42.0,83.9,95.0,840
2024-03-24T17:08:44.000000+00:00,237.6,50.3,236.6,50.3,229.0,50.3,5.5,1270.0,990.0,78.0,42.0,83.8,95.0,840
2024-03-24T17:09:44.000000+00:00,237.0,50.3,237.5,50.3,229.0,50.3,5.6,1270.0,990.0,78.0,42.0,83.9,95.0,840
2024-03-24T17:10:44.000000+00:00,237.2,50.2,237.2,50.2,228.9,50.2,5.6,1280.0,1000.0,78.0,43.0,83.8,95.0,840
2024-03-24T17:11:44.000000+00:00,237.5,50.1,237.5,50.1,229.0,50.1,5.6,1280.0,1000.0,78.0,43.0,83.8,95.0,840
2024-03-24T17:12:44.000000+00:00,236.8,50.0,236.8,50.0,229.0,50.0,5.6,1290.0,1000.0,78.0,43.0,83.8,95.0,840
2024-03-24T17:13:44.000000+00:00,236.3,49.9,236.3,49.9,229.0,49.9,5.6,1290.0,1000.0,78.0,43.0,83.8,95.0,840
2024-03-24T17:14:44.000000+00:00,237.1,49.8,237.1,49.8,228.9,49.9,5.7,1290.0,1010.0,78.0,43.0,83.8,95.0,840
2024-03-24T17:15:44.000000+00:00,235.8,49.8,235.8,49.8,229.0,49.8,5.6,1290.0,1000.0,78.0,43.0,83.8,95.0,840
2024-03-24T17:16:44.000000+00:00,236.5,50.0,236.5,50.0,228.9,50.0,5.7,1290.0,1010.0,78.0,43.0,83.8,95.0,840
2024-03-24T17:17:44.000000+00:00,236.6,50.0,236.6,50.0,229.0,50.0,5.6,1290.0,1010.0,78.0,43.0,83.8,95.0,840
2024-03-24T17:18:44.000000+00:00,237.0,50.0,237.0,50.0,229.0,50.0,5.6,1280.0,1000.0,78.0,43.0,83.8,95.0,840
2024-03-24T17:19:44.000000+00:00,234.3,50.0,231.3,50.0,228.9,50.0,5.6,1280.0,990.0,77.0,43.0,83.8,95.0,840
2024-03-24T17:20:44.000000+00:00,233.9,50.0,233.5,50.0,228.9,50.0,5.6,1290.0,1010.0,78.0,43.0,83.8,95.0,840
2024-03-24T17:21:44.000000+00:00,233.3,50.0,233.2,50.0,228.9,50.0,5.6,1290.0,1000.0,78.0,43.0,83.8,95.0,841
2024-03-24T17:22:44.000000+00:00,233.5,50.0,233.5,50.0,229.0,50.0,5.6,1290.0,1000.0,78.0,43.0,83.8,96.0,841
2024-03-24T17:23:44.000000+00:00,234.3,50.1,234.3,50.1,229.0,50.1,5.6,1280.0,1000.0,78.0,43.0,83.8,96.0,841
2024-03-24T17:24:44.000000+00:00,233.8,50.0,234.4,50.1,228.9,50.1,5.6,1280.0,990.0,77.0,43.0,83.8,96.0,841
2024-03-24T17:25:44.000000+00:00,234.8,50.1,234.8,50.1,228.9,50.1,5.6,1280.0,990.0,77.0,43.0,84.0,96.0,841
2024-03-24T17:26:44.000000+00:00,235.5,50.1,235.4,50.2,228.9,50.2,5.6,1280.0,990.0,77.0,43.0,84.1,96.0,841
2024-03-24T17:27:44.000000+00:00,235.2,50.1,235.2,50.1,228.9,50.1,5.6,1290.0,1010.0,78.0,43.0,84.2,96.0,841
2024-03-24T17:28:44.000000+00:00,235.9,50.1,235.3,50.1,228.9,50.1,5.6,1280.0,1000.0,78.0,43.0,84.3,96.0,841
2024-03-24T17:29:44.000000+00:00,236.4,50.2,236.4,50.2,228.9,50.2,5.6,1280.0,1000.0,78.0,43.0,84.3,96.0,841
2024-03-24T17:30:44.000000+00:00,236.1,50.3,236.2,50.3,228.9,50.3,5.6,1280.0,1000.0,78.0,43.0,84.3,96.0,841
2024-03-24T17:31:44.000000+00:00,236.9,50.1,236.4,50.2,229.0,50.2,5.6,1290.0,1010.0,78.0,43.0,84.2,96.0,841
2024-03-24T17:32:44.000000+00:00,237.2,50.2,237.2,50.2,229.0,50.2,5.6,1280.0,1000.0,78.0,42.0,84.1,96.0,841
2024-03-24T17:33:44.000000+00:00,238.2,50.2,237.7,50.2,228.9,50.2,5.6,1280.0,1000.0,78.0,42.0,84.1,96.0,841
2024-03-24T17:34:44.000000+00:00,238.1,50.2,238.1,50.2,229.0,50.2,5.6,1280.0,1000.0,78.0,43.0,84.0,96.0,841
2024-03-24T17:35:44.000000+00:00,239.5,50.2,239.5,50.2,229.0,50.2,5.6,1280.0,1000.0,78.0,42.0,84.0,96.0,841
2024-03-24T17:36:44.000000+00:00,240.1,50.2,240.6,50.2,229.0,50.2,5.6,1290.0,1000.0,78.0,43.0,83.9,96.0,841
2024-03-24T17:37:45.000000+00:00,240.4,50.2,240.0,50.2,229.0,50.2,5.6,1280.0,1000.0,78.0,42.0,83.9,96.0,841
2024-03-24T17:38:45.000000+00:00,240.8,50.2,240.3,50.2,228.9,50.2,5.6,1280.0,1000.0,78.0,43.0,83.9,96.0,841
2024-03-24T17:39:45.000000+00:00,240.2,50.3,240.2,50.3,228.9,50.3,5.6,1270.0,1000.0,79.0,43.0,83.9,96.0,841
2024-03-24T17:40:45.000000+00:00,240.8,50.2,240.8,50.2,229.0,50.2,5.6,1280.0,990.0,77.0,43.0,83.9,96.0,841
2024-03-24T17:41:45.000000+00:00,240.2,50.2,240.3,50.2,229.0,50.2,5.6,1280.0,1000.0,78.0,42.0,83.9,96.0,842
2024-03-24T17:42:45.000000+00:00,241.1,50.2,241.1,50.2,228.9,50.2,5.6,1290.0,1010.0,78.0,43.0,83.9,96.0,842
2024-03-24T17:43:45.000000+00:00,236.9,50.3,236.9,50.3,229.0,50.3,5.6,1280.0,1000.0,78.0,43.0,83.8,96.0,842
2024-03-24T17:44:45.000000+00:00,236.6,50.2,236.6,50.2,228.9,50.2,5.6,1280.0,1000.0,78.0,43.0,83.8,96.0,842
2024-03-24T17:45:45.000000+00:00,236.6,50.2,236.6,50.2,228.9,50.2,5.6,1290.0,1000.0,78.0,43.0,83.8,96.0,842
2024-03-24T17:46:45.000000+00:00,236.7,50.1,236.7,50.1,229.0,50.1,5.6,1280.0,1000.0,78.0,43.0,83.8,96.0,842
2024-03-24T17:47:45.000000+00:00,237.7,50.2,236.7,50.2,229.0,50.2,5.6,1280.0,1000.0,78.0,43.0,83.8,96.0,842
2024-03-24T17:48:45.000000+00:00,237.0,50.3,237.0,50.3,228.9,50.3,5.6,1280.0,1000.0,78.0,42.0,83.8,96.0,842
2024-03-24T17:49:45.000000+00:00,237.6,50.2,237.6,50.2,229.0,50.2,5.6,1280.0,1000.0,78.0,42.0,83.8,96.0,842
2024-03-24T17:50:45.000000+00:00,237.6,50.3,237.6,50.3,229.0,50.3,5.6,1280.0,1010.0,79.0,43.0,83.8,96.0,842
2024-03-24T17:51:45.000000+00:00,238.1,50.2,237.6,50.2,229.0,50.2,5.6,1280.0,1000.0,78.0,43.0,83.8,96.0,842
2024-03-24T17:52:45.000000+00:00,238.0,50.3,239.0,50.3,228.9,50.3,5.6,1280.0,1000.0,78.0,42.0,83.8,96.0,842
2024-03-24T17:53:45.000000+00:00,237.9,50.3,237.9,50.3,229.0,50.3,5.6,1280.0,1000.0,78.0,42.0,83.8,96.0,842
2024-03-24T17:54:45.000000+00:00,239.1,50.5,238.5,50.5,228.9,50.5,5.6,1280.0,1000.0,78.0,42.0,83.8,96.0,842
2024-03-24T17:55:45.000000+00:00,238.4,50.3,238.5,50.3,229.0,50.3,5.5,1270.0,990.0,78.0,42.0,83.8,96.0,842
2024-03-24T17:56:45.000000+00:00,237.9,50.2,237.5,50.2,229.0,50.2,5.6,1280.0,1000.0,78.0,43.0,83.8,96.0,842
2024-03-24T17:57:45.000000+00:00,237.8,50.2,237.8,50.2,229.0,50.2,5.5,1260.0,990.0,79.0,42.0,83.8,96.0,842
2024-03-24T17:58:45.000000+00:00,237.6,50.1,237.6,50.1,228.9,50.1,5.6,1280.0,990.0,77.0,43.0,83.8,96.0,842
2024-03-24T17:59:45.000000+00:00,237.7,50.1,237.3,50.1,229.0,50.1,5.6,1280.0,1000.0,78.0,43.0,83.8,96.0,842
2024-03-24T18:00:37.000000+00:00,237.4,50.1,237.8,50.1,229.0,50.1,5.7,1290.0,1010.0,78.0,43.0,83.8,96.0,842
2024-03-24T18:00:39.000000+00:00,243.9,50.1,243.5,50.1,229.0,50.1,5.6,1280.0,1000.0,78.0,43.0,83.8,96.0,842
2024-03-24T18:00:41.000000+00:00,243.9,50.1,243.5,50.1,229.0,50.1,5.6,1280.0,1000.0,78.0,43.0,83.8,96.0,842
2024-03-24T18:00:45.000000+00:00,241.4,50.1,241.4,50.1,228.9,50.0,5.6,1290.0,1000.0,78.0,43.0,83.8,96.0,842
2024-03-24T18:00:47.000000+00:00,241.4,50.1,241.4,50.1,228.9,50.0,5.6,1290.0,1000.0,78.0,43.0,80.5,95.0,839
2024-03-24T18:01:45.000000+00:00,239.0,50.1,239.0,50.1,229.0,50.1,5.7,1300.0,1020.0,78.0,43.0,83.7,95.0,837
2024-03-24T18:02:45.000000+00:00,238.6,50.1,238.8,50.1,229.0,50.1,5.6,1290.0,1000.0,78.0,43.0,84.1,95.0,838
2024-03-24T18:03:45.000000+00:00,238.2,50.0,239.2,50.0,229.0,50.0,5.6,1280.0,1000.0,78.0,43.0,83.9,95.0,838
2024-03-24T18:04:45.000000+00:00,238.9,50.1,239.8,50.1,229.0,50.1,5.6,1280.0,1000.0,78.0,43.0,84.2,95.0,838
2024-03-24T18:05:45.000000+00:00,239.3,50.1,239.3,50.1,229.0,50.1,5.6,1290.0,1010.0,78.0,43.0,84.0,95.0,838
2024-03-24T18:06:45.000000+00:00,238.7,50.2,239.7,50.2,229.0,50.2,5.6,1280.0,1000.0,78.0,43.0,84.3,95.0,838
2024-03-24T18:07:45.000000+00:00,239.3,50.1,239.4,50.1,229.0,50.1,5.6,1280.0,1000.0,78.0,43.0,84.1,95.0,838
2024-03-24T18:08:45.000000+00:00,240.0,50.1,240.0,50.1,228.9,50.1,5.6,1280.0,1000.0,78.0,43.0,84.2,95.0,838
2024-03-24T18:09:45.000000+00:00,240.5,50.0,240.5,50.0,229.0,50.0,5.6,1290.0,1010.0,78.0,43.0,83.9,95.0,838
2024-03-24T18:10:45.000000+00:00,240.0,50.1,240.0,50.1,229.0,50.1,5.6,1290.0,1000.0,78.0,43.0,84.1,95.0,838
2024-03-24T18:11:45.000000+00:00,240.0,50.1,240.0,50.1,228.9,50.1,5.6,1280.0,1000.0,78.0,42.0,83.9,95.0,838
2024-03-24T18:12:45.000000+00:00,239.7,50.2,239.7,50.2,229.0,50.2,5.6,1280.0,1000.0,78.0,43.0,83.8,95.0,838
2024-03-24T18:13:45.000000+00:00,241.8,50.3,240.8,50.3,228.9,50.3,5.6,1280.0,1010.0,79.0,42.0,83.9,95.0,838
2024-03-24T18:14:45.000000+00:00,237.8,50.2,237.8,50.3,229.0,50.2,5.6,1280.0,1000.0,78.0,43.0,83.9,95.0,838
2024-03-24T18:15:45.000000+00:00,238.3,50.2,237.4,50.2,229.0,50.2,5.6,1270.0,1000.0,79.0,43.0,83.8,95.0,838
2024-03-24T18:16:45.000000+00:00,237.4,50.2,237.4,50.2,229.0,50.2,5.6,1280.0,1000.0,78.0,43.0,83.9,95.0,838
2024-03-24T18:17:45.000000+00:00,238.5,50.2,238.1,50.2,229.0,50.2,5.5,1270.0,990.0,78.0,42.0,83.8,95.0,838
2024-03-24T18:18:45.000000+00:00,238.2,50.3,238.1,50.3,228.9,50.3,5.6,1280.0,1000.0,78.0,43.0,83.9,95.0,838
2024-03-24T18:19:45.000000+00:00,238.7,50.2,238.6,50.2,229.0,50.2,5.6,1280.0,1000.0,78.0,43.0,83.7,95.0,838
2024-03-24T18:20:45.000000+00:00,237.9,50.2,237.9,50.2,229.0,50.2,5.6,1280.0,1000.0,78.0,42.0,83.8,95.0,838
2024-03-24T18:21:45.000000+00:00,238.9,50.3,238.9,50.3,228.9,50.3,5.6,1280.0,1000.0,78.0,42.0,83.7,95.0,838
2024-03-24T18:22:45.000000+00:00,239.2,50.4,239.3,50.4,228.9,50.4,5.6,1270.0,1000.0,79.0,42.0,83.8,95.0,838
2024-03-24T18:23:45.000000+00:00,238.7,50.3,239.2,50.3,228.9,50.3,5.6,1280.0,1000.0,78.0,43.0,83.7,95.0,839
2024-03-24T18:24:45.000000+00:00,238.9,50.3,239.4,50.3,228.9,50.3,5.5,1270.0,990.0,78.0,42.0,83.8,95.0,839
2024-03-24T18:25:45.000000+00:00,239.3,50.3,239.8,50.3,229.0,50.3,5.6,1270.0,1000.0,79.0,42.0,83.7,95.0,839
2024-03-24T18:26:45.000000+00:00,239.6,50.2,238.7,50.2,228.9,50.2,5.6,1280.0,1000.0,78.0,42.0,83.8,95.0,839
2024-03-24T18:27:45.000000+00:00,238.9,50.2,239.7,50.2,228.9,50.2,5.6,1280.0,1000.0,78.0,43.0,83.6,95.0,839
2024-03-24T18:28:45.000000+00:00,239.5,50.1,238.5,50.1,229.0,50.1,5.6,1290.0,1010.0,78.0,43.0,83.7,95.0,839
2024-03-24T18:29:45.000000+00:00,239.8,50.2,239.5,50.2,229.0,50.2,5.6,1270.0,990.0,78.0,42.0,83.6,95.0,839
2024-03-24T18:30:45.000000+00:00,239.5,50.1,240.4,50.1,228.9,50.1,5.6,1280.0,990.0,77.0,43.0,83.7,95.0,839
2024-03-24T18:31:45.000000+00:00,241.0,50.3,240.4,50.3,229.0,50.3,5.5,1270.0,990.0,78.0,42.0,83.6,95.0,839
2024-03-24T18:32:46.000000+00:00,240.7,50.3,240.7,50.3,229.0,50.3,5.6,1280.0,1000.0,78.0,42.0,83.7,95.0,839
2024-03-24T18:33:46.000000+00:00,241.3,50.2,240.9,50.2,229.0,50.2,5.5,1270.0,990.0,78.0,42.0,83.6,95.0,839
2024-03-24T18:34:46.000000+00:00,241.6,50.1,241.6,50.1,228.9,50.1,5.6,1290.0,1000.0,78.0,42.0,83.7,95.0,839
2024-03-24T18:35:46.000000+00:00,241.0,50.0,241.0,50.0,228.9,50.0,5.6,1290.0,1000.0,78.0,43.0,83.6,95.0,839
2024-03-24T18:36:46.000000+00:00,242.0,50.1,241.6,50.1,228.9,50.1,5.6,1280.0,1000.0,78.0,43.0,83.7,95.0,839
2024-03-24T18:37:46.000000+00:00,242.1,50.2,241.6,50.2,229.0,50.2,5.5,1270.0,990.0,78.0,42.0,83.6,95.0,839
2024-03-24T18:38:46.000000+00:00,241.6,50.1,241.6,50.1,229.0,50.1,5.6,1280.0,990.0,77.0,43.0,83.7,95.0,839
2024-03-24T18:39:46.000000+00:00,242.1,50.2,242.1,50.2,228.9,50.2,5.6,1280.0,1000.0,78.0,43.0,83.6,95.0,839
2024-03-24T18:40:46.000000+00:00,237.8,50.2,237.8,50.2,229.0,50.2,5.6,1270.0,990.0,78.0,43.0,83.6,95.0,839
2024-03-24T18:41:46.000000+00:00,237.2,50.2,237.8,50.2,229.0,50.2,5.6,1280.0,1000.0,78.0,43.0,83.7,95.0,839
2024-03-24T18:42:46.000000+00:00,238.4,50.2,238.9,50.2,229.0,50.2,5.6,1270.0,990.0,78.0,43.0,83.6,95.0,839
2024-03-24T18:43:46.000000+00:00,239.1,50.2,239.1,50.2,229.0,50.2,5.6,1280.0,1000.0,78.0,43.0,83.6,95.0,839
2024-03-24T18:44:46.000000+00:00,238.7,50.2,238.2,50.2,228.9,50.2,5.6,1270.0,990.0,78.0,43.0,83.8,95.0,840
2024-03-24T18:45:46.000000+00:00,238.2,50.2,238.2,50.2,229.0,50.2,5.6,1280.0,1000.0,78.0,43.0,83.6,95.0,840
2024-03-24T18:46:46.000000+00:00,238.6,50.2,238.6,50.2,228.9,50.2,5.6,1280.0,1000.0,78.0,42.0,83.7,95.0,840
2024-03-24T18:47:46.000000+00:00,238.9,50.1,238.9,50.1,228.9,50.1,5.6,1280.0,1000.0,78.0,43.0,83.8,95.0,840
2024-03-24T18:48:46.000000+00:00,239.6,50.1,239.6,50.1,229.0,50.1,5.6,1280.0,1000.0,78.0,43.0,83.8,95.0,840
2024-03-24T18:49:46.000000+00:00,239.5,50.1,239.1,50.1,228.9,50.1,5.6,1280.0,990.0,77.0,43.0,84.0,95.0,840
2024-03-24T18:50:46.000000+00:00,239.4,50.1,239.4,50.1,229.0,50.1,5.6,1290.0,1010.0,78.0,43.0,83.9,95.0,840
2024-03-24T18:51:46.000000+00:00,238.9,50.0,238.9,50.0,229.0,50.0,5.6,1290.0,1000.0,78.0,43.0,84.1,95.0,840
2024-03-24T18:52:46.000000+00:00,239.7,50.1,239.6,50.1,229.0,50.1,5.6,1280.0,1000.0,78.0,42.0,83.9,95.0,840
2024-03-24T18:53:46.000000+00:00,240.3,50.2,240.3,50.2,229.0,50.2,5.6,1280.0,1000.0,78.0,42.0,84.1,95.0,840
2024-03-24T18:54:46.000000+00:00,239.9,50.2,239.9,50.2,229.0,50.2,5.6,1290.0,1010.0,78.0,43.0,83.9,95.0,840
2024-03-24T18:55:46.000000+00:00,239.8,50.3,239.8,50.3,229.0,50.3,5.6,1280.0,1000.0,78.0,42.0,84.0,95.0,840
2024-03-24T18:56:46.000000+00:00,240.4,50.3,240.0,50.3,229.0,50.3,5.5,1270.0,1000.0,79.0,42.0,83.8,95.0,840
2024-03-24T18:57:46.000000+00:00,239.9,50.3,239.8,50.3,229.0,50.3,5.6,1280.0,1000.0,78.0,42.0,83.9,95.0,840
2024-03-24T18:58:46.000000+00:00,241.1,50.3,241.3,50.3,228.9,50.3,5.6,1280.0,1000.0,78.0,43.0,83.8,95.0,840
2024-03-24T18:59:46.000000+00:00,240.6,50.2,241.1,50.2,229.0,50.2,5.5,1270.0,990.0,78.0,43.0,83.8,95.0,840
2024-03-24T19:00:46.000000+00:00,240.3,50.2,240.3,50.2,229.0,50.2,5.6,1280.0,1000.0,78.0,43.0,83.7,95.0,840
2024-03-24T19:01:46.000000+00:00,240.6,50.1,240.5,50.1,229.0,50.1,5.6,1280.0,1000.0,78.0,43.0,83.8,95.0,840
2024-03-24T19:02:46.000000+00:00,240.6,50.1,240.6,50.1,228.9,50.1,5.6,1280.0,1000.0,78.0,43.0,83.7,95.0,840
2024-03-24T19:03:46.000000+00:00,240.7,50.1,240.7,50.1,229.0,50.1,5.6,1270.0,990.0,78.0,43.0,83.7,95.0,840
2024-03-24T19:04:46.000000+00:00,241.1,50.1,241.1,50.1,229.0,50.1,5.6,1270.0,990.0,78.0,43.0,83.7,95.0,841
2024-03-24T19:05:46.000000+00:00,241.3,50.1,241.3,50.1,229.0,50.1,5.6,1280.0,1000.0,78.0,43.0,83.7,95.0,841
2024-03-24T19:06:46.000000+00:00,241.6,50.1,241.6,50.1,228.9,50.1,5.6,1280.0,1000.0,78.0,43.0,83.6,96.0,841
2024-03-24T19:07:46.000000+00:00,242.0,50.2,242.0,50.2,229.0,50.2,5.6,1280.0,1000.0,78.0,42.0,83.8,96.0,841
2024-03-24T19:08:46.000000+00:00,240.9,50.2,241.2,50.2,229.0,50.2,5.6,1280.0,1000.0,78.0,43.0,83.7,96.0,841
2024-03-24T19:09:46.000000+00:00,242.5,50.2,242.0,50.2,228.9,50.2,5.6,1280.0,1000.0,78.0,42.0,83.8,96.0,841
2024-03-24T19:10:46.000000+00:00,241.9,50.2,241.4,50.2,228.9,50.2,5.6,1280.0,1000.0,78.0,43.0,83.7,96.0,841
2024-03-24T19:11:46.000000+00:00,242.0,50.3,242.1,50.3,228.9,50.3,5.6,1280.0,1000.0,78.0,42.0,83.6,96.0,841
2024-03-24T19:12:46.000000+00:00,239.1,50.3,239.2,50.3,229.0,50.3,5.6,1270.0,990.0,78.0,42.0,83.7,96.0,853
2024-03-24T19:13:46.000000+00:00,239.3,50.3,239.3,50.3,228.9,50.3,5.8,1320.0,1040.0,79.0,44.0,83.6,96.0,806
2024-03-24T19:14:46.000000+00:00,239.4,50.3,239.4,50.3,228.9,50.3,5.6,1270.0,1000.0,79.0,43.0,83.7,96.0,841
2024-03-24T19:15:46.000000+00:00,239.2,50.3,239.3,50.3,229.0,50.3,5.6,1270.0,1000.0,79.0,42.0,83.6,96.0,841
2024-03-24T19:16:46.000000+00:00,240.3,50.3,240.3,50.3,228.9,50.3,5.6,1280.0,1000.0,78.0,42.0,83.7,96.0,853
2024-03-24T19:17:46.000000+00:00,240.7,50.3,240.7,50.3,228.9,50.3,5.6,1280.0,1010.0,79.0,43.0,83.6,96.0,853
2024-03-24T19:18:46.000000+00:00,239.7,50.2,239.6,50.2,228.9,50.1,5.6,1270.0,990.0,78.0,43.0,83.6,96.0,841
2024-03-24T19:19:46.000000+00:00,239.4,49.9,239.9,49.9,229.0,49.9,5.6,1290.0,1000.0,78.0,43.0,83.6,96.0,841
2024-03-24T19:20:46.000000+00:00,239.8,50.2,240.2,50.2,229.0,50.2,5.6,1280.0,1000.0,78.0,43.0,83.6,96.0,841
2024-03-24T19:21:46.000000+00:00,240.2,50.2,240.7,50.2,229.0,50.2,5.6,1280.0,1000.0,78.0,43.0,83.7,96.0,841
2024-03-24T19:22:46.000000+00:00,240.0,50.2,240.6,50.2,229.0,50.2,5.6,1270.0,990.0,78.0,42.0,83.6,96.0,841
2024-03-24T19:23:46.000000+00:00,241.2,50.3,241.7,50.3,229.0,50.3,5.5,1270.0,990.0,78.0,43.0,83.7,96.0,841
2024-03-24T19:24:46.000000+00:00,240.5,50.3,241.0,50.3,229.0,50.3,5.5,1270.0,990.0,78.0,42.0,83.6,96.0,841
2024-03-24T19:25:46.000000+00:00,240.7,50.3,240.7,50.3,228.9,50.3,5.5,1270.0,990.0,78.0,42.0,83.7,96.0,842
2024-03-24T19:26:47.000000+00:00,240.9,50.2,240.9,50.2,229.0,50.3,5.6,1280.0,1000.0,78.0,43.0,83.6,96.0,842
2024-03-24T19:27:47.000000+00:00,241.1,50.4,241.1,50.4,229.0,50.4,5.6,1280.0,1000.0,78.0,42.0,83.9,96.0,842
2024-03-24T19:28:47.000000+00:00,241.5,50.3,240.9,50.3,229.0,50.3,5.6,1280.0,1000.0,78.0,43.0,83.9,96.0,842
2024-03-24T19:29:47.000000+00:00,241.3,50.3,241.3,50.3,229.0,50.3,5.5,1270.0,990.0,78.0,43.0,84.0,96.0,842
2024-03-24T19:30:47.000000+00:00,241.1,50.3,242.1,50.3,228.9,50.3,5.5,1270.0,1000.0,79.0,42.0,83.9,96.0,842
2024-03-24T19:31:47.000000+00:00,242.3,50.3,242.3,50.3,228.9,50.3,5.6,1280.0,1000.0,78.0,42.0,84.1,96.0,842
2024-03-24T19:32:47.000000+00:00,243.2,50.4,243.2,50.4,229.0,50.4,5.6,1270.0,1000.0,79.0,42.0,83.9,96.0,842
2024-03-24T19:33:47.000000+00:00,241.3,50.3,241.8,50.3,229.0,50.3,5.6,1280.0,1010.0,79.0,43.0,83.9,96.0,842
2024-03-24T19:34:47.000000+00:00,242.0,50.2,241.0,50.2,229.0,50.2,5.6,1280.0,1000.0,78.0,43.0,83.8,96.0,842
2024-03-24T19:35:47.000000+00:00,242.2,50.3,242.2,50.3,229.0,50.3,5.6,1280.0,1000.0,78.0,42.0,83.9,96.0,842
2024-03-24T19:36:47.000000+00:00,241.8,50.2,241.3,50.2,229.0,50.2,5.6,1290.0,1010.0,78.0,43.0,83.8,96.0,842
2024-03-24T19:37:47.000000+00:00,241.9,50.3,241.9,50.3,229.0,50.3,5.6,1280.0,1000.0,78.0,42.0,83.8,96.0,842
2024-03-24T19:38:47.000000+00:00,242.5,50.2,243.1,50.2,229.0,50.2,5.6,1280.0,1000.0,78.0,43.0,83.7,96.0,842
2024-03-24T19:39:47.000000+00:00,242.0,50.3,242.0,50.3,228.9,50.3,5.6,1280.0,1000.0,78.0,43.0,83.8,96.0,842
2024-03-24T19:40:47.000000+00:00,243.0,50.3,242.4,50.3,228.9,50.3,5.6,1280.0,1010.0,79.0,42.0,83.7,96.0,842
2024-03-24T19:41:47.000000+00:00,242.1,50.3,242.1,50.3,228.9,50.3,5.6,1280.0,1000.0,78.0,42.0,83.8,96.0,842
2024-03-24T19:42:47.000000+00:00,242.8,50.2,243.4,50.2,228.9,50.2,5.6,1280.0,1000.0,78.0,43.0,83.7,96.0,842
2024-03-24T19:43:47.000000+00:00,242.8,50.2,242.8,50.2,229.0,50.2,5.6,1280.0,990.0,77.0,43.0,83.7,96.0,842
2024-03-24T19:44:47.000000+00:00,243.3,50.2,243.3,50.2,228.9,50.2,5.6,1290.0,1010.0,78.0,42.0,83.7,96.0,842
2024-03-24T19:45:47.000000+00:00,238.3,50.2,239.3,50.2,229.0,50.2,5.6,1280.0,1000.0,78.0,43.0,83.7,96.0,842
2024-03-24T19:46:47.000000+00:00,239.7,50.3,239.7,50.3,228.9,50.3,5.6,1270.0,1000.0,79.0,42.0,83.6,96.0,843
2024-03-24T19:47:47.000000+00:00,239.4,50.2,239.0,50.2,228.9,50.2,5.6,1280.0,1000.0,78.0,43.0,83.7,96.0,843
2024-03-24T19:48:47.000000+00:00,239.6,50.3,239.6,50.3,229.0,50.3,5.5,1270.0,990.0,78.0,43.0,83.6,96.0,843
2024-03-24T19:49:47.000000+00:00,239.4,50.3,239.4,50.3,229.0,50.3,5.5,1270.0,1000.0,79.0,43.0,83.7,96.0,843
2024-03-24T19:50:47.000000+00:00,239.4,50.3,239.4,50.3,228.9,50.3,5.5,1270.0,990.0,78.0,43.0,83.6,96.0,843
2024-03-24T19:51:47.000000+00:00,241.0,50.3,241.0,50.3,229.0,50.3,5.6,1280.0,1000.0,78.0,43.0,83.7,96.0,843
2024-03-24T19:52:47.000000+00:00,240.5,50.3,241.0,50.4,229.0,50.4,5.5,1270.0,990.0,78.0,42.0,83.7,96.0,843
2024-03-24T19:53:47.000000+00:00,240.6,50.1,240.6,50.1,228.9,50.1,5.6,1290.0,1010.0,78.0,43.0,83.6,96.0,843
2024-03-24T19:54:47.000000+00:00,239.1,49.9,240.1,49.9,229.0,49.9,5.7,1300.0,1010.0,78.0,43.0,83.7,96.0,843
2024-03-24T19:55:47.000000+00:00,239.4,50.1,239.5,50.1,229.0,50.1,5.6,1290.0,1000.0,78.0,43.0,83.6,96.0,843
2024-03-24T19:56:47.000000+00:00,240.4,50.1,240.4,50.1,229.0,50.1,5.6,1280.0,1000.0,78.0,43.0,83.7,96.0,843
2024-03-24T19:57:47.000000+00:00,240.4,50.0,239.9,50.0,229.0,50.0,5.6,1290.0,1010.0,78.0,43.0,83.6,96.0,843
2024-03-24T19:58:47.000000+00:00,240.4,50.2,240.4,50.2,229.0,50.2,5.6,1280.0,1000.0,78.0,43.0,83.7,96.0,843
2024-03-24T19:59:47.000000+00:00,240.9,50.1,240.9,50.1,229.0,50.1,5.6,1290.0,1010.0,78.0,43.0,83.6,96.0,843
2024-03-24T20:00:47.000000+00:00,240.0,50.2,241.1,50.2,229.0,50.2,5.6,1280.0,1000.0,78.0,43.0,83.6,96.0,843
2024-03-24T20:01:47.000000+00:00,241.1,50.2,240.5,50.2,229.0,50.2,5.6,1280.0,1000.0,78.0,42.0,83.6,96.0,843
2024-03-24T20:02:47.000000+00:00,241.6,50.3,241.5,50.3,229.0,50.3,5.6,1280.0,1000.0,78.0,43.0,83.6,96.0,843
2024-03-24T20:03:47.000000+00:00,241.9,50.3,241.9,50.3,229.0,50.3,5.6,1280.0,1010.0,79.0,42.0,83.6,96.0,843
2024-03-24T20:04:47.000000+00:00,242.0,50.3,241.5,50.3,229.0,50.3,5.5,1270.0,990.0,78.0,43.0,83.6,96.0,843
2024-03-24T20:05:47.000000+00:00,241.8,50.3,242.5,50.3,228.9,50.3,5.5,1270.0,990.0,78.0,42.0,83.6,96.0,843
2024-03-24T20:06:47.000000+00:00,241.9,50.3,242.9,50.3,229.0,50.3,5.5,1270.0,990.0,78.0,43.0,83.6,96.0,843
2024-03-24T20:07:47.000000+00:00,242.1,50.3,242.6,50.3,229.0,50.3,5.5,1270.0,990.0,78.0,43.0,83.5,96.0,844
2024-03-24T20:08:47.000000+00:00,242.2,50.4,242.2,50.4,228.9,50.4,5.5,1270.0,990.0,78.0,42.0,83.6,96.0,844
2024-03-24T20:09:47.000000+00:00,241.9,50.3,241.6,50.3,228.9,50.3,5.5,1270.0,990.0,78.0,42.0,83.5,96.0,844
2024-03-24T20:10:47.000000+00:00,241.3,50.3,241.8,50.3,229.0,50.3,5.6,1270.0,1000.0,79.0,42.0,83.6,96.0,844
2024-03-24T20:11:47.000000+00:00,241.8,50.4,241.8,50.4,228.9,50.4,5.5,1270.0,990.0,78.0,42.0,83.6,96.0,844
2024-03-24T20:12:47.000000+00:00,242.5,50.3,243.0,50.3,228.9,50.3,5.5,1270.0,990.0,78.0,43.0,83.6,96.0,844
2024-03-24T20:13:47.000000+00:00,242.6,50.3,243.0,50.3,229.0,50.3,5.5,1270.0,990.0,78.0,42.0,83.5,96.0,844
2024-03-24T20:14:47.000000+00:00,243.3,50.4,243.2,50.4,228.9,50.4,5.6,1270.0,1000.0,79.0,42.0,83.6,96.0,844
2024-03-24T20:15:47.000000+00:00,243.3,50.2,242.8,50.2,228.9,50.2,5.6,1280.0,990.0,77.0,42.0,83.5,96.0,844
2024-03-24T20:16:47.000000+00:00,242.7,50.1,242.7,50.1,228.9,50.1,5.6,1280.0,1000.0,78.0,43.0,83.8,96.0,844
2024-03-24T20:17:47.000000+00:00,242.8,50.4,242.7,50.4,229.0,50.4,5.6,1270.0,1000.0,79.0,43.0,83.8,96.0,844
2024-03-24T20:18:47.000000+00:00,242.9,50.3,242.9,50.3,229.0,50.3,5.6,1280.0,1000.0,78.0,43.0,83.9,96.0,844
2024-03-24T20:19:47.000000+00:00,242.9,50.3,242.3,50.3,229.0,50.3,5.5,1270.0,1000.0,79.0,43.0,84.0,96.0,844
2024-03-24T20:20:47.000000+00:00,242.4,50.4,242.4,50.4,229.0,50.4,5.6,1280.0,1000.0,78.0,43.0,83.9,96.0,844
2024-03-24T20:21:47.000000+00:00,242.1,50.4,242.1,50.4,228.9,50.4,5.6,1280.0,1000.0,78.0,42.0,84.0,96.0,844
2024-03-24T20:22:47.000000+00:00,242.5,50.4,242.5,50.4,229.0,50.4,5.6,1270.0,1000.0,79.0,43.0,83.8,96.0,844
2024-03-24T20:23:47.000000+00:00,241.9,50.3,242.9,50.3,229.0,50.3,5.6,1270.0,1000.0,79.0,43.0,83.9,96.0,844
2024-03-24T20:24:47.000000+00:00,243.0,50.3,243.0,50.3,229.0,50.3,5.6,1280.0,1000.0,78.0,42.0,83.7,96.0,844
2024-03-24T20:25:47.000000+00:00,243.3,50.4,242.8,50.4,228.9,50.4,5.5,1270.0,990.0,78.0,43.0,83.8,96.0,844
2024-03-24T20:26:47.000000+00:00,243.3,50.4,243.2,50.4,228.9,50.4,5.6,1270.0,1000.0,79.0,42.0,83.8,96.0,844
2024-03-24T20:27:48.000000+00:00,242.4,50.4,243.1,50.4,228.9,50.4,5.5,1270.0,990.0,78.0,42.0,83.8,96.0,845
2024-03-24T20:28:48.000000+00:00,242.6,50.4,243.2,50.4,229.0,50.4,5.5,1260.0,990.0,79.0,42.0,83.7,96.0,845
2024-03-24T20:29:48.000000+00:00,240.0,50.4,240.0,50.4,228.9,50.4,5.6,1280.0,1000.0,78.0,42.0,83.7,96.0,845
2024-03-24T20:30:48.000000+00:00,240.2,50.4,239.2,50.4,228.9,50.4,5.5,1270.0,1000.0,79.0,42.0,83.7,96.0,845
2024-03-24T20:30:56.000000+00:00,247.2,50.7,246.2,50.6,229.0,51.3,5.4,1230.0,980.0,80.0,42.0,83.8,96.0,845
2024-03-24T20:30:59.000000+00:00,247.2,50.7,246.2,50.6,229.0,51.3,5.4,1230.0,980.0,80.0,42.0,83.9,96.0,845
2024-03-24T20:31:01.000000+00:00,243.9,50.6,244.1,50.6,228.9,50.6,5.5,1260.0,990.0,79.0,42.0,83.9,96.0,845
2024-03-24T20:31:06.000000+00:00,241.2,50.6,240.7,50.6,228.9,50.6,5.4,1250.0,980.0,78.0,42.0,81.0,96.0,845
2024-03-24T20:31:48.000000+00:00,241.5,50.5,241.5,50.5,228.9,50.5,5.5,1260.0,990.0,79.0,42.0,84.1,95.0,840
2024-03-24T20:32:48.000000+00:00,240.7,50.5,240.8,50.5,229.0,50.5,5.5,1270.0,990.0,78.0,42.0,84.1,95.0,840
2024-03-24T20:33:48.000000+00:00,240.8,50.4,240.8,50.4,228.9,50.4,5.5,1260.0,990.0,79.0,42.0,83.9,95.0,840
2024-03-24T20:33:53.000000+00:00,245.8,50.5,245.8,50.5,228.9,50.8,5.5,1250.0,990.0,79.0,43.0,83.9,95.0,840
2024-03-24T20:33:58.000000+00:00,242.3,50.6,242.3,50.6,229.0,50.7,5.5,1260.0,990.0,79.0,42.0,83.9,95.0,840
2024-03-24T20:34:48.000000+00:00,241.3,50.3,240.3,50.3,228.9,50.3,5.6,1270.0,1000.0,79.0,43.0,83.8,95.0,840
2024-03-24T20:35:48.000000+00:00,241.5,50.2,241.1,50.2,228.9,50.2,5.6,1270.0,1000.0,79.0,42.0,83.8,95.0,840
2024-03-24T20:36:48.000000+00:00,240.7,50.2,240.7,50.2,229.0,50.2,5.5,1270.0,990.0,78.0,43.0,83.8,95.0,840
2024-03-24T20:37:48.000000+00:00,243.8,50.3,243.8,50.3,229.0,50.3,5.6,1280.0,1000.0,78.0,43.0,83.8,95.0,840
2024-03-24T20:38:48.000000+00:00,239.3,50.2,239.3,50.2,228.9,50.2,5.6,1270.0,990.0,78.0,43.0,83.8,95.0,840
2024-03-24T20:39:48.000000+00:00,239.6,50.2,239.6,50.2,228.9,50.2,5.6,1280.0,1000.0,78.0,43.0,83.8,95.0,840
2024-03-24T20:40:48.000000+00:00,239.2,50.2,239.2,50.2,229.0,50.2,5.6,1280.0,1000.0,78.0,43.0,83.8,95.0,840
2024-03-24T20:41:48.000000+00:00,239.0,50.1,239.0,50.1,228.9,50.1,5.6,1280.0,1000.0,78.0,43.0,83.8,95.0,840
2024-03-24T20:42:48.000000+00:00,238.7,49.9,238.2,49.9,228.9,49.9,5.6,1290.0,1000.0,78.0,43.0,83.8,95.0,840
2024-03-24T20:43:48.000000+00:00,237.6,49.8,237.6,49.8,228.9,49.8,5.6,1290.0,1000.0,78.0,43.0,83.8,95.0,840
2024-03-24T20:44:48.000000+00:00,237.7,50.1,237.7,50.1,228.9,50.1,5.6,1290.0,1000.0,78.0,43.0,83.8,95.0,840
2024-03-24T20:45:48.000000+00:00,238.4,50.2,238.4,50.2,228.9,50.2,5.6,1280.0,1000.0,78.0,42.0,83.8,95.0,840
2024-03-24T20:46:48.000000+00:00,239.1,50.2,239.1,50.2,228.9,50.2,5.6,1280.0,1000.0,78.0,42.0,83.8,95.0,840
2024-03-24T20:47:48.000000+00:00,239.1,50.2,238.2,50.2,228.9,50.2,5.6,1280.0,1000.0,78.0,42.0,83.8,95.0,840
2024-03-24T20:48:48.000000+00:00,238.9,50.2,239.5,50.2,228.9,50.2,5.6,1290.0,1010.0,78.0,43.0,83.8,95.0,841
2024-03-24T20:49:48.000000+00:00,238.8,50.2,239.3,50.2,228.9,50.2,5.6,1280.0,990.0,77.0,43.0,83.8,95.0,841
2024-03-24T20:50:48.000000+00:00,239.2,50.2,239.7,50.2,228.9,50.2,5.6,1270.0,990.0,78.0,43.0,83.8,96.0,841
2024-03-24T20:51:48.000000+00:00,238.7,50.2,238.7,50.2,228.9,50.2,5.5,1270.0,990.0,78.0,43.0,83.8,96.0,841
2024-03-24T20:52:48.000000+00:00,239.3,50.1,239.3,50.1,228.9,50.1,5.6,1280.0,990.0,77.0,43.0,83.8,96.0,841
2024-03-24T20:53:48.000000+00:00,239.8,50.2,238.8,50.2,228.9,50.2,5.6,1270.0,990.0,78.0,43.0,83.8,96.0,841
2024-03-24T20:54:48.000000+00:00,239.1,50.1,239.1,50.1,228.9,50.1,5.6,1280.0,1000.0,78.0,43.0,84.0,96.0,841
2024-03-24T20:55:48.000000+00:00,239.1,50.1,239.1,50.1,228.9,50.1,5.6,1280.0,1000.0,78.0,43.0,84.1,96.0,841
2024-03-24T20:56:48.000000+00:00,239.2,50.1,239.2,50.1,228.9,50.1,5.6,1290.0,1000.0,78.0,43.0,84.2,96.0,841
2024-03-24T20:57:48.000000+00:00,239.5,50.1,239.5,50.1,229.0,50.1,5.6,1290.0,1000.0,78.0,43.0,84.2,96.0,841
2024-03-24T20:58:48.000000+00:00,239.2,50.1,239.1,50.1,228.9,50.1,5.6,1280.0,1000.0,78.0,43.0,84.3,96.0,841
2024-03-24T20:59:48.000000+00:00,238.4,50.0,238.9,50.0,229.0,50.0,5.7,1300.0,1010.0,78.0,43.0,84.3,96.0,841
2024-03-24T21:00:48.000000+00:00,238.6,50.0,238.6,50.0,228.9,50.0,5.6,1280.0,1000.0,78.0,43.0,84.2,96.0,841
2024-03-24T21:01:48.000000+00:00,238.4,50.1,238.4,50.1,229.0,50.1,5.6,1290.0,1000.0,78.0,43.0,84.1,96.0,841
2024-03-24T21:02:48.000000+00:00,238.4,50.1,238.4,50.1,228.9,50.1,5.6,1280.0,1000.0,78.0,43.0,84.1,96.0,841
2024-03-24T21:03:48.000000+00:00,239.5,50.1,239.5,50.1,229.0,50.1,5.7,1290.0,1010.0,78.0,43.0,84.0,96.0,841
2024-03-24T21:04:48.000000+00:00,238.6,50.0,238.6,50.0,228.9,50.0,5.6,1290.0,1010.0,78.0,43.0,84.0,96.0,841
2024-03-24T21:05:48.000000+00:00,238.6,50.1,238.6,50.1,228.9,50.1,5.6,1290.0,1010.0,78.0,43.0,84.0,96.0,841
2024-03-24T21:06:48.000000+00:00,239.4,50.1,239.4,50.1,229.0,50.1,5.6,1290.0,1000.0,78.0,43.0,83.9,96.0,841
2024-03-24T21:07:48.000000+00:00,239.6,50.2,240.1,50.2,228.9,50.2,5.6,1290.0,1010.0,78.0,43.0,83.9,96.0,841
2024-03-24T21:08:48.000000+00:00,239.8,50.2,240.4,50.2,228.9,50.1,5.6,1280.0,1000.0,78.0,43.0,83.9,96.0,841
2024-03-24T21:09:48.000000+00:00,239.0,50.2,239.0,50.2,228.9,50.2,5.6,1280.0,1000.0,78.0,43.0,83.9,96.0,842
2024-03-24T21:10:48.000000+00:00,240.1,50.3,240.1,50.3,229.0,50.3,5.5,1270.0,990.0,78.0,43.0,83.9,96.0,842
2024-03-24T21:11:48.000000+00:00,240.2,50.2,240.2,50.2,228.9,50.2,5.6,1280.0,1000.0,78.0,43.0,83.9,96.0,842
2024-03-24T21:12:48.000000+00:00,241.2,50.3,240.7,50.3,229.0,50.3,5.6,1280.0,1000.0,78.0,42.0,83.9,96.0,842
2024-03-24T21:13:48.000000+00:00,240.6,50.2,240.6,50.2,229.0,50.2,5.6,1280.0,1000.0,78.0,42.0,83.9,96.0,842
2024-03-24T21:14:48.000000+00:00,240.1,50.1,240.5,50.1,229.0,50.1,5.6,1290.0,1010.0,78.0,43.0,83.9,96.0,842
2024-03-24T21:15:48.000000+00:00,240.6,50.1,240.6,50.1,229.0,50.1,5.6,1290.0,1000.0,78.0,43.0,83.9,96.0,842
2024-03-24T21:16:48.000000+00:00,239.8,49.8,239.8,49.8,229.0,49.8,5.6,1290.0,1000.0,78.0,43.0,83.8,96.0,842
2024-03-24T21:17:48.000000+00:00,239.6,49.8,239.1,49.8,229.0,49.8,5.7,1300.0,1010.0,78.0,43.0,83.8,96.0,842
2024-03-24T21:18:48.000000+00:00,240.9,50.1,240.9,50.1,228.9,50.1,5.6,1290.0,1010.0,78.0,43.0,83.8,96.0,842
2024-03-24T21:19:48.000000+00:00,240.1,50.0,240.2,50.0,229.0,50.0,5.6,1290.0,1000.0,78.0,43.0,83.8,96.0,842
2024-03-24T21:20:48.000000+00:00,239.9,50.0,240.0,50.1,229.0,50.1,5.6,1290.0,1000.0,78.0,43.0,83.8,96.0,842
2024-03-24T21:21:48.000000+00:00,240.7,50.0,241.2,50.0,229.0,50.0,5.6,1290.0,1000.0,78.0,43.0,83.8,96.0,842
2024-03-24T21:22:48.000000+00:00,240.6,50.2,240.6,50.2,228.9,50.2,5.6,1290.0,1010.0,78.0,43.0,83.8,96.0,842
2024-03-24T21:23:49.000000+00:00,240.4,50.1,240.9,50.1,228.9,50.2,5.6,1290.0,1000.0,78.0,43.0,83.8,96.0,842
2024-03-24T21:24:49.000000+00:00,240.8,50.1,240.8,50.1,228.9,50.1,5.6,1280.0,1000.0,78.0,43.0,83.8,96.0,842
2024-03-24T21:25:49.000000+00:00,240.6,50.1,240.6,50.1,229.0,50.1,5.6,1290.0,1010.0,78.0,43.0,83.8,96.0,842
2024-03-24T21:26:49.000000+00:00,241.5,50.3,241.5,50.3,229.0,50.3,5.6,1280.0,990.0,77.0,43.0,83.8,96.0,842
2024-03-24T21:27:49.000000+00:00,241.9,50.2,241.5,50.2,228.9,50.2,5.6,1280.0,1000.0,78.0,43.0,83.8,96.0,842
2024-03-24T21:28:49.000000+00:00,242.0,50.2,242.0,50.2,229.0,50.2,5.6,1280.0,1000.0,78.0,43.0,83.8,96.0,842
2024-03-24T21:29:49.000000+00:00,241.6,50.2,241.3,50.2,229.0,50.2,5.6,1280.0,1000.0,78.0,43.0,83.8,96.0,842
2024-03-24T21:30:49.000000+00:00,241.8,50.3,241.8,50.3,229.0,50.3,5.5,1270.0,990.0,78.0,43.0,83.8,96.0,843
2024-03-24T21:31:49.000000+00:00,241.2,50.2,241.2,50.2,229.0,50.2,5.6,1270.0,990.0,78.0,43.0,83.8,96.0,843
2024-03-24T21:32:49.000000+00:00,241.2,50.1,241.2,50.1,228.9,50.1,5.6,1290.0,1000.0,78.0,43.0,83.8,96.0,843
2024-03-24T21:33:49.000000+00:00,240.7,50.0,240.7,50.0,228.9,50.0,5.6,1290.0,1000.0,78.0,43.0,83.8,96.0,843
2024-03-24T21:34:49.000000+00:00,241.1,50.0,241.1,50.0,229.0,50.0,5.6,1290.0,1000.0,78.0,43.0,83.8,96.0,843
2024-03-24T21:35:49.000000+00:00,240.6,50.0,240.5,50.0,229.0,50.0,5.6,1290.0,1000.0,78.0,43.0,83.8,96.0,843
2024-03-24T21:36:49.000000+00:00,241.1,50.1,241.1,50.1,228.9,50.1,5.6,1280.0,1000.0,78.0,43.0,83.8,96.0,843
2024-03-24T21:37:49.000000+00:00,240.8,50.1,239.9,50.1,229.0,50.1,5.6,1280.0,1000.0,78.0,43.0,83.8,96.0,843
2024-03-24T21:38:49.000000+00:00,240.6,50.1,241.2,50.1,229.0,50.1,5.6,1280.0,1000.0,78.0,43.0,83.8,96.0,843
2024-03-24T21:39:49.000000+00:00,240.9,50.1,240.9,50.1,228.9,50.1,5.6,1280.0,1000.0,78.0,43.0,83.8,96.0,843
2024-03-24T21:40:49.000000+00:00,241.5,50.2,241.5,50.2,229.0,50.2,5.6,1270.0,1000.0,79.0,43.0,83.8,96.0,843
2024-03-24T21:41:49.000000+00:00,242.2,50.3,242.2,50.3,228.9,50.3,5.5,1270.0,990.0,78.0,43.0,83.8,96.0,843
2024-03-24T21:42:49.000000+00:00,243.1,50.3,243.8,50.3,228.9,50.3,5.5,1260.0,990.0,79.0,42.0,83.7,96.0,843
2024-03-24T21:43:49.000000+00:00,243.7,50.3,243.7,50.3,229.0,50.3,5.6,1280.0,1000.0,78.0,42.0,83.8,96.0,843
2024-03-24T21:44:49.000000+00:00,243.6,50.3,243.6,50.3,229.0,50.3,5.6,1280.0,1000.0,78.0,43.0,83.8,96.0,843
2024-03-24T21:45:49.000000+00:00,240.9,50.2,240.0,50.2,228.9,50.2,5.6,1280.0,1000.0,78.0,43.0,83.8,96.0,843
2024-03-24T21:46:49.000000+00:00,241.2,50.3,241.2,50.3,228.9,50.3,5.6,1270.0,1000.0,79.0,43.0,83.9,96.0,843
2024-03-24T21:47:49.000000+00:00,240.0,50.1,240.0,50.1,228.9,50.1,5.6,1280.0,1000.0,78.0,43.0,84.1,96.0,843
2024-03-24T21:48:49.000000+00:00,239.6,50.1,239.1,50.1,229.0,50.1,5.7,1290.0,1010.0,78.0,43.0,84.1,96.0,843
2024-03-24T21:49:49.000000+00:00,239.5,50.0,239.5,50.0,228.9,50.0,5.6,1280.0,1000.0,78.0,43.0,84.2,96.0,843
2024-03-24T21:50:49.000000+00:00,238.7,50.0,238.7,50.0,228.9,50.0,5.6,1280.0,1000.0,78.0,43.0,84.3,96.0,844
2024-03-24T21:51:49.000000+00:00,238.6,50.0,238.2,49.9,228.9,50.0,5.7,1300.0,1010.0,78.0,43.0,84.3,96.0,844
2024-03-24T21:52:49.000000+00:00,237.8,50.0,237.8,50.0,228.9,50.0,5.7,1300.0,1010.0,78.0,43.0,84.2,96.0,844
2024-03-24T21:53:49.000000+00:00,237.6,50.1,238.0,50.1,228.9,50.1,5.6,1290.0,1000.0,78.0,43.0,84.1,96.0,844
2024-03-24T21:54:49.000000+00:00,237.5,50.1,237.4,50.1,228.9,50.1,5.6,1290.0,1010.0,78.0,43.0,84.1,96.0,844
2024-03-24T21:55:49.000000+00:00,236.8,50.0,236.8,50.0,228.9,50.0,5.6,1280.0,1000.0,78.0,43.0,84.1,96.0,844
2024-03-24T21:56:49.000000+00:00,237.3,50.0,237.8,50.0,228.9,50.0,5.6,1290.0,1000.0,78.0,43.0,84.0,96.0,844
2024-03-24T21:57:49.000000+00:00,237.9,50.0,237.9,50.0,228.9,50.0,5.6,1290.0,1000.0,78.0,43.0,84.0,96.0,844
2024-03-24T21:58:49.000000+00:00,237.0,50.0,237.1,50.0,228.9,50.0,5.6,1280.0,1000.0,78.0,43.0,84.0,96.0,844
2024-03-24T21:59:49.000000+00:00,237.3,50.1,238.2,50.1,228.9,50.1,5.6,1290.0,1010.0,78.0,43.0,83.9,96.0,844
2024-03-24T22:00:49.000000+00:00,238.4,50.1,238.4,50.1,228.9,50.1,5.6,1280.0,1000.0,78.0,43.0,83.9,96.0,844
2024-03-24T22:01:49.000000+00:00,238.2,50.1,238.2,50.1,228.9,50.1,5.6,1280.0,1000.0,78.0,43.0,83.9,96.0,844
2024-03-24T22:02:49.000000+00:00,238.2,50.0,238.2,50.0,228.9,50.0,5.6,1280.0,1000.0,78.0,43.0,83.9,96.0,844
2024-03-24T22:03:49.000000+00:00,237.5,50.0,238.4,50.0,228.9,50.0,5.7,1300.0,1010.0,78.0,43.0,83.9,96.0,844
2024-03-24T22:04:49.000000+00:00,237.6,50.0,237.6,50.0,228.9,50.0,5.6,1290.0,1000.0,78.0,43.0,83.9,96.0,844
2024-03-24T22:05:49.000000+00:00,238.6,50.1,238.8,50.1,228.9,50.1,5.6,1280.0,1000.0,78.0,43.0,83.9,96.0,844
2024-03-24T22:06:49.000000+00:00,237.9,50.1,238.3,50.1,228.9,50.1,5.6,1280.0,1000.0,78.0,43.0,83.8,96.0,844
2024-03-24T22:07:49.000000+00:00,237.6,50.1,237.5,50.1,228.9,50.1,5.6,1290.0,1000.0,78.0,43.0,83.8,96.0,844
2024-03-24T22:08:49.000000+00:00,239.3,50.2,238.4,50.2,228.9,50.2,5.6,1280.0,1000.0,78.0,43.0,83.8,96.0,844
2024-03-24T22:09:49.000000+00:00,237.9,50.1,238.9,50.1,228.9,50.1,5.6,1290.0,1000.0,78.0,43.0,83.8,96.0,844
2024-03-24T22:10:49.000000+00:00,237.8,50.1,237.8,50.1,228.9,50.1,5.6,1280.0,1000.0,78.0,43.0,83.8,96.0,844
2024-03-24T22:11:49.000000+00:00,238.0,50.1,238.0,50.1,228.9,50.1,5.6,1290.0,1000.0,78.0,43.0,83.8,96.0,845
2024-03-24T22:12:49.000000+00:00,238.4,50.1,238.5,50.1,228.9,50.1,5.6,1280.0,1000.0,78.0,43.0,83.8,96.0,845
2024-03-24T22:13:49.000000+00:00,238.0,50.2,237.5,50.2,228.9,50.2,5.6,1280.0,1000.0,78.0,43.0,83.8,96.0,845
2024-03-24T22:14:49.000000+00:00,237.9,50.2,238.9,50.2,228.9,50.2,5.6,1290.0,1010.0,78.0,43.0,83.8,96.0,845
2024-03-24T22:15:49.000000+00:00,239.0,50.3,239.0,50.3,228.9,50.3,5.6,1280.0,1000.0,78.0,43.0,83.8,96.0,845
2024-03-24T22:16:49.000000+00:00,238.5,50.1,238.5,50.1,228.9,50.1,5.6,1280.0,1000.0,78.0,43.0,83.8,96.0,845
2024-03-24T22:17:49.000000+00:00,238.5,50.2,239.4,50.2,228.9,50.2,5.6,1280.0,1000.0,78.0,43.0,83.8,96.0,845
2024-03-24T22:18:49.000000+00:00,237.8,50.1,237.8,50.1,228.9,50.1,5.6,1290.0,1000.0,78.0,43.0,83.8,96.0,845
2024-03-24T22:19:49.000000+00:00,238.7,50.1,238.6,50.1,228.9,50.1,5.6,1280.0,1000.0,78.0,43.0,83.8,96.0,845
2024-03-24T22:20:49.000000+00:00,237.9,50.2,237.9,50.2,228.9,50.2,5.6,1280.0,1000.0,78.0,43.0,83.8,96.0,845
2024-03-24T22:21:50.000000+00:00,238.3,50.1,238.3,50.1,228.9,50.1,5.6,1290.0,1000.0,78.0,43.0,83.8,96.0,845
2024-03-24T22:22:50.000000+00:00,238.8,50.1,238.8,50.2,228.9,50.2,5.6,1270.0,990.0,78.0,43.0,83.8,96.0,845
2024-03-24T22:23:50.000000+00:00,237.9,50.1,237.9,50.1,228.9,50.1,5.6,1280.0,1000.0,78.0,43.0,83.8,96.0,845
2024-03-24T22:24:50.000000+00:00,237.7,50.0,237.6,50.0,228.9,50.0,5.6,1290.0,1000.0,78.0,43.0,83.8,96.0,845
2024-03-24T22:25:50.000000+00:00,236.3,49.9,236.3,49.9,228.9,49.9,5.6,1280.0,990.0,77.0,43.0,83.8,96.0,845
2024-03-24T22:26:50.000000+00:00,236.9,49.9,236.5,49.9,228.9,49.9,5.7,1290.0,1000.0,78.0,43.0,83.8,96.0,845
2024-03-24T22:27:50.000000+00:00,237.2,49.9,236.3,49.9,228.9,49.9,5.6,1290.0,1000.0,78.0,43.0,83.8,96.0,845
2024-03-24T22:28:50.000000+00:00,237.6,49.9,237.6,49.9,228.9,49.9,5.6,1290.0,1000.0,78.0,43.0,83.8,96.0,845
2024-03-24T22:29:50.000000+00:00,238.4,50.2,237.6,50.2,228.9,50.2,5.5,1260.0,990.0,79.0,43.0,83.8,96.0,845
2024-03-24T22:30:50.000000+00:00,238.6,50.2,237.6,50.2,228.9,50.2,5.6,1280.0,1000.0,78.0,43.0,83.8,96.0,845
2024-03-24T22:31:50.000000+00:00,237.7,50.2,237.7,50.2,228.9,50.2,5.6,1280.0,1000.0,78.0,43.0,83.8,96.0,845
2024-03-24T22:32:50.000000+00:00,238.6,50.2,238.6,50.2,229.0,50.2,5.6,1280.0,1000.0,78.0,43.0,83.8,96.0,846
2024-03-24T22:33:50.000000+00:00,238.0,50.2,238.0,50.2,228.9,50.2,5.6,1280.0,1000.0,78.0,42.0,83.8,96.0,846
2024-03-24T22:34:50.000000+00:00,238.5,50.3,238.5,50.3,228.9,50.3,5.5,1270.0,1000.0,79.0,43.0,83.8,96.0,846
2024-03-24T22:35:50.000000+00:00,239.0,50.3,239.0,50.3,228.9,50.3,5.6,1280.0,1000.0,78.0,42.0,83.8,96.0,846
2024-03-24T22:36:50.000000+00:00,237.4,50.1,237.4,50.1,228.9,50.1,5.6,1290.0,1000.0,78.0,42.0,83.8,96.0,846
2024-03-24T22:37:50.000000+00:00,238.2,50.3,238.1,50.3,228.9,50.3,5.6,1280.0,1010.0,79.0,43.0,83.8,96.0,846
2024-03-24T22:38:50.000000+00:00,237.0,50.2,238.0,50.2,228.9,50.2,5.6,1280.0,1000.0,78.0,43.0,83.8,96.0,846
2024-03-24T22:39:50.000000+00:00,238.4,50.3,238.4,50.3,228.9,50.3,5.6,1280.0,1000.0,78.0,43.0,83.8,96.0,846
2024-03-24T22:40:50.000000+00:00,239.1,50.3,239.1,50.3,228.9,50.3,5.6,1270.0,1000.0,79.0,42.0,83.8,96.0,846
2024-03-24T22:41:50.000000+00:00,238.9,50.3,238.9,50.3,228.9,50.3,5.6,1280.0,1010.0,79.0,42.0,83.8,96.0,846
2024-03-24T22:42:50.000000+00:00,238.5,50.3,238.0,50.3,228.9,50.3,5.5,1270.0,990.0,78.0,43.0,83.7,96.0,846
2024-03-24T22:43:50.000000+00:00,238.9,50.3,237.9,50.3,228.9,50.3,5.6,1270.0,1000.0,79.0,42.0,83.7,96.0,846
2024-03-24T22:44:50.000000+00:00,239.0,50.3,239.0,50.3,228.9,50.3,5.6,1270.0,990.0,78.0,42.0,83.8,96.0,846
2024-03-24T22:45:50.000000+00:00,237.9,50.3,237.9,50.3,228.9,50.3,5.6,1280.0,1000.0,78.0,43.0,83.8,96.0,846
2024-03-24T22:46:50.000000+00:00,237.6,50.3,238.1,50.3,228.9,50.3,5.6,1280.0,1000.0,78.0,42.0,83.7,96.0,846
2024-03-24T22:47:50.000000+00:00,239.0,50.3,239.0,50.3,228.9,50.3,5.6,1280.0,1000.0,78.0,42.0,83.8,96.0,846
2024-03-24T22:48:50.000000+00:00,237.9,50.2,237.8,50.2,228.9,50.2,5.6,1270.0,990.0,78.0,43.0,84.0,96.0,846
2024-03-24T22:49:50.000000+00:00,239.6,50.3,238.7,50.3,228.9,50.3,5.5,1270.0,990.0,78.0,43.0,84.1,96.0,846
2024-03-24T22:50:50.000000+00:00,239.4,50.3,238.4,50.3,228.9,50.3,5.5,1270.0,1000.0,79.0,42.0,84.2,96.0,846
2024-03-24T22:51:50.000000+00:00,240.8,50.5,240.3,50.5,228.9,50.5,5.6,1270.0,1000.0,79.0,42.0,84.2,96.0,846
2024-03-24T22:52:50.000000+00:00,240.1,50.4,240.1,50.4,228.9,50.4,5.5,1270.0,990.0,78.0,42.0,84.3,96.0,846
2024-03-24T22:53:50.000000+00:00,239.3,50.3,240.3,50.3,228.9,50.3,5.6,1280.0,1000.0,78.0,43.0,84.3,96.0,847
2024-03-24T22:54:50.000000+00:00,239.5,50.3,239.5,50.3,228.9,50.3,5.6,1280.0,1000.0,78.0,43.0,84.1,96.0,847
2024-03-24T22:55:50.000000+00:00,238.6,50.2,239.5,50.2,228.9,50.2,5.6,1280.0,1000.0,78.0,43.0,84.1,96.0,847
2024-03-24T22:56:50.000000+00:00,239.3,50.2,239.0,50.2,228.9,50.2,5.6,1290.0,1010.0,78.0,43.0,84.1,96.0,847
2024-03-24T22:57:50.000000+00:00,238.8,50.2,239.7,50.2,228.9,50.2,5.6,1280.0,1000.0,78.0,43.0,84.0,96.0,847
2024-03-24T22:58:50.000000+00:00,238.1,50.1,238.1,50.1,228.9,50.1,5.6,1280.0,1000.0,78.0,43.0,84.0,96.0,847
2024-03-24T22:59:50.000000+00:00,238.7,50.1,238.7,50.1,228.9,50.1,5.6,1280.0,1000.0,78.0,43.0,84.0,96.0,847
2024-03-24T23:00:50.000000+00:00,238.2,50.1,238.3,50.1,228.9,50.1,5.6,1290.0,1010.0,78.0,43.0,83.9,96.0,847
2024-03-24T23:01:50.000000+00:00,238.0,50.1,238.0,50.1,228.9,50.1,5.6,1280.0,1000.0,78.0,43.0,83.9,96.0,847
2024-03-24T23:02:50.000000+00:00,236.8,49.9,237.9,49.9,228.9,49.9,5.7,1300.0,1010.0,78.0,43.0,83.9,96.0,847
2024-03-24T23:03:50.000000+00:00,237.1,49.8,237.0,49.8,228.9,49.8,5.7,1300.0,1010.0,78.0,43.0,83.9,96.0,847
2024-03-24T23:04:50.000000+00:00,237.1,49.9,237.1,49.9,228.9,49.9,5.7,1300.0,1000.0,77.0,44.0,83.9,96.0,847
2024-03-24T23:05:50.000000+00:00,236.6,49.9,237.0,49.9,228.9,49.9,5.6,1290.0,1000.0,78.0,43.0,83.8,96.0,847
2024-03-24T23:06:50.000000+00:00,236.8,49.8,237.3,49.8,228.9,49.8,5.7,1310.0,1010.0,77.0,44.0,83.9,96.0,847
2024-03-24T23:07:50.000000+00:00,236.3,49.8,237.3,49.8,228.9,49.8,5.7,1290.0,1000.0,78.0,43.0,83.9,96.0,847
2024-03-24T23:08:50.000000+00:00,238.1,50.0,238.1,50.0,228.9,50.0,5.7,1300.0,1010.0,78.0,43.0,83.9,96.0,847
2024-03-24T23:09:50.000000+00:00,238.2,50.0,238.2,50.0,228.9,50.0,5.7,1290.0,1010.0,78.0,43.0,83.8,96.0,847
2024-03-24T23:10:50.000000+00:00,238.3,49.9,237.8,49.9,228.9,49.9,5.6,1290.0,1000.0,78.0,43.0,83.8,96.0,847
2024-03-24T23:11:50.000000+00:00,237.9,50.0,238.5,50.0,228.9,49.9,5.6,1290.0,1010.0,78.0,43.0,83.8,96.0,847
2024-03-24T23:12:50.000000+00:00,237.8,50.0,237.8,50.0,228.9,50.0,5.6,1290.0,1000.0,78.0,43.0,83.8,96.0,847
2024-03-24T23:13:50.000000+00:00,237.7,50.0,237.7,50.0,228.9,50.0,5.6,1290.0,1000.0,78.0,43.0,83.8,96.0,848
2024-03-24T23:14:50.000000+00:00,238.3,50.1,238.3,50.1,228.9,50.1,5.6,1280.0,1000.0,78.0,43.0,83.8,96.0,848
2024-03-24T23:15:50.000000+00:00,237.8,49.9,237.3,49.9,228.9,49.9,5.7,1300.0,1010.0,78.0,43.0,83.8,96.0,848
2024-03-24T23:16:50.000000+00:00,238.8,50.1,238.4,50.1,228.9,50.1,5.6,1290.0,1000.0,78.0,43.0,83.8,96.0,848
2024-03-24T23:17:50.000000+00:00,239.0,50.1,239.0,50.1,228.9,50.1,5.6,1290.0,1010.0,78.0,43.0,83.8,96.0,848
2024-03-24T23:18:50.000000+00:00,237.8,50.1,237.8,50.1,228.9,50.1,5.6,1290.0,1000.0,78.0,43.0,83.8,96.0,848
2024-03-24T23:19:50.000000+00:00,237.9,50.0,238.3,50.0,228.9,50.0,5.6,1290.0,1010.0,78.0,43.0,83.8,96.0,848
2024-03-24T23:20:50.000000+00:00,237.3,50.0,237.9,50.0,228.9,50.0,5.6,1290.0,1010.0,78.0,43.0,83.8,96.0,848
2024-03-24T23:21:51.000000+00:00,238.2,50.0,238.2,50.0,228.9,50.0,5.6,1290.0,1000.0,78.0,43.0,83.8,96.0,848
2024-03-24T23:22:51.000000+00:00,238.7,50.1,238.8,50.1,228.9,50.1,5.6,1280.0,1000.0,78.0,43.0,83.8,96.0,848
2024-03-24T23:23:51.000000+00:00,238.8,50.0,238.8,50.0,228.9,50.0,5.7,1300.0,1010.0,78.0,43.0,83.8,96.0,848
2024-03-24T23:24:51.000000+00:00,237.9,49.9,237.4,49.9,228.9,49.9,5.6,1290.0,1000.0,78.0,43.0,83.8,96.0,848
2024-03-24T23:25:51.000000+00:00,237.4,49.8,237.4,49.8,228.9,49.8,5.7,1300.0,1010.0,78.0,43.0,83.8,96.0,848
2024-03-24T23:26:51.000000+00:00,238.1,49.8,237.6,49.8,228.9,49.8,5.6,1300.0,1000.0,77.0,43.0,83.8,96.0,848
2024-03-24T23:27:51.000000+00:00,237.4,49.8,237.4,49.8,228.9,49.8,5.7,1310.0,1010.0,77.0,44.0,83.8,96.0,848
2024-03-24T23:28:51.000000+00:00,236.9,49.8,236.9,49.8,228.9,49.8,5.6,1290.0,1000.0,78.0,43.0,83.8,96.0,848
2024-03-24T23:29:51.000000+00:00,237.4,49.8,237.4,49.8,228.9,49.8,5.7,1300.0,1000.0,77.0,43.0,83.8,96.0,848
2024-03-24T23:30:51.000000+00:00,236.5,49.7,237.4,49.7,228.9,49.7,5.7,1300.0,1000.0,77.0,44.0,83.8,96.0,848
2024-03-24T23:31:51.000000+00:00,236.2,49.6,236.7,49.6,228.9,49.6,5.7,1310.0,1010.0,77.0,44.0,83.8,96.0,848
2024-03-24T23:32:51.000000+00:00,237.3,49.8,237.3,49.8,228.9,49.8,5.6,1290.0,1000.0,78.0,43.0,83.8,96.0,848
2024-03-24T23:33:51.000000+00:00,237.1,49.8,237.1,49.8,228.9,49.8,5.7,1300.0,1010.0,78.0,43.0,83.8,96.0,848
2024-03-24T23:34:51.000000+00:00,237.3,49.8,237.3,49.8,228.9,49.8,5.7,1300.0,1000.0,77.0,43.0,83.8,96.0,849
2024-03-24T23:35:51.000000+00:00,237.9,49.9,237.9,49.9,228.9,49.9,5.6,1290.0,1000.0,78.0,43.0,83.8,96.0,849
2024-03-24T23:36:51.000000+00:00,236.6,49.7,236.6,49.7,228.9,49.7,5.7,1300.0,1000.0,77.0,43.0,83.8,96.0,849
2024-03-24T23:37:51.000000+00:00,238.2,49.9,238.2,49.9,228.9,49.9,5.6,1300.0,1000.0,77.0,43.0,83.8,96.0,849
2024-03-24T23:38:51.000000+00:00,237.3,49.7,237.3,49.7,228.9,49.7,5.7,1310.0,1010.0,77.0,43.0,83.8,96.0,849
2024-03-24T23:39:51.000000+00:00,237.3,49.6,237.3,49.6,228.9,49.6,5.7,1310.0,1010.0,77.0,43.0,83.8,96.0,849
2024-03-24T23:40:51.000000+00:00,236.6,49.6,236.6,49.6,228.9,49.6,5.7,1310.0,1010.0,77.0,44.0,83.8,96.0,849
2024-03-24T23:41:51.000000+00:00,236.9,49.6,236.9,49.6,228.9,49.6,5.7,1300.0,1000.0,77.0,44.0,83.8,96.0,849
2024-03-24T23:42:51.000000+00:00,236.9,49.6,236.9,49.6,228.9,49.6,5.8,1310.0,1010.0,77.0,44.0,83.8,96.0,849
2024-03-24T23:43:51.000000+00:00,235.9,49.5,235.9,49.5,228.9,49.5,5.8,1310.0,1010.0,77.0,43.0,83.8,96.0,849
2024-03-24T23:44:51.000000+00:00,236.4,49.7,236.9,49.7,228.9,49.7,5.7,1300.0,1010.0,78.0,43.0,83.8,96.0,849
2024-03-24T23:45:51.000000+00:00,237.3,49.7,237.3,49.7,228.9,49.7,5.7,1300.0,1000.0,77.0,43.0,83.8,96.0,849
2024-03-24T23:46:51.000000+00:00,237.6,49.8,237.1,49.8,228.9,49.8,5.7,1300.0,1010.0,78.0,44.0,83.8,96.0,849
2024-03-24T23:47:51.000000+00:00,238.4,50.0,238.4,50.0,228.9,50.0,5.6,1280.0,1000.0,78.0,43.0,83.8,96.0,849
2024-03-24T23:48:51.000000+00:00,239.8,50.1,239.8,50.1,229.0,50.1,5.6,1280.0,1000.0,78.0,43.0,83.8,96.0,849
2024-03-24T23:49:51.000000+00:00,239.0,50.0,239.0,50.0,228.9,50.0,5.6,1290.0,1000.0,78.0,43.0,83.8,96.0,849
2024-03-24T23:50:51.000000+00:00,239.2,49.9,239.2,49.9,228.9,49.9,5.6,1290.0,1000.0,78.0,43.0,83.8,96.0,849
2024-03-24T23:51:51.000000+00:00,239.5,49.9,239.0,49.9,228.9,49.9,5.6,1290.0,1000.0,78.0,43.0,83.8,96.0,849
2024-03-24T23:52:51.000000+00:00,238.1,49.8,237.2,49.8,228.9,49.8,5.7,1300.0,1000.0,77.0,43.0,83.8,96.0,849
2024-03-24T23:53:51.000000+00:00,237.5,49.8,238.1,49.8,228.9,49.8,5.6,1290.0,1000.0,78.0,43.0,83.8,97.0,849
2024-03-24T23:54:51.000000+00:00,239.3,49.9,238.3,49.9,228.9,49.9,5.7,1300.0,1010.0,78.0,43.0,83.8,97.0,849
2024-03-24T23:55:51.000000+00:00,238.4,49.9,239.3,49.9,228.9,49.9,5.6,1290.0,1000.0,78.0,43.0,83.8,97.0,850
2024-03-24T23:56:51.000000+00:00,237.4,49.7,237.4,49.7,228.9,49.7,5.7,1300.0,1000.0,77.0,43.0,83.8,97.0,850
2024-03-24T23:57:51.000000+00:00,237.6,49.6,237.6,49.6,228.9,49.6,5.8,1320.0,1010.0,77.0,43.0,83.8,97.0,850
2024-03-24T23:58:51.000000+00:00,239.6,49.8,239.1,49.8,228.9,49.8,5.6,1290.0,1000.0,78.0,43.0,83.8,97.0,850
2024-03-24T23:59:51.000000+00:00,239.0,50.0,239.0,50.0,228.9,50.0,5.6,1280.0,1000.0,78.0,43.0,83.8,97.0,850
2024-03-25T00:00:51.000000+00:00,238.9,50.0,238.9,50.0,229.0,50.0,5.7,1300.0,1020.0,78.0,43.0,83.8,97.0,850
2024-03-25T00:01:51.000000+00:00,239.3,50.0,238.8,50.0,228.9,50.0,5.7,1310.0,1020.0,78.0,44.0,83.8,97.0,850
2024-03-25T00:02:51.000000+00:00,240.5,50.2,240.5,50.2,228.9,50.2,5.6,1290.0,1010.0,78.0,43.0,83.8,97.0,850
2024-03-25T00:03:51.000000+00:00,241.2,50.1,240.8,50.1,228.9,50.1,5.6,1290.0,1010.0,78.0,43.0,83.8,97.0,850
2024-03-25T00:04:51.000000+00:00,241.1,50.1,240.4,50.1,228.9,50.1,5.7,1290.0,1010.0,78.0,43.0,83.8,97.0,850
2024-03-25T00:05:51.000000+00:00,241.0,50.1,241.0,50.1,229.0,50.1,5.7,1300.0,1020.0,78.0,44.0,83.8,97.0,850
2024-03-25T00:06:51.000000+00:00,242.2,50.3,242.2,50.3,228.9,50.3,5.6,1290.0,1010.0,78.0,43.0,83.8,97.0,850
2024-03-25T00:07:51.000000+00:00,240.8,50.0,240.3,50.0,228.9,50.0,5.7,1300.0,1010.0,78.0,43.0,83.7,97.0,850
2024-03-25T00:08:51.000000+00:00,240.5,50.1,240.9,50.1,228.9,50.1,5.6,1300.0,1010.0,78.0,43.0,83.7,97.0,850
2024-03-25T00:09:51.000000+00:00,240.1,50.1,240.1,50.1,228.9,50.1,5.7,1300.0,1010.0,78.0,43.0,83.7,97.0,850
2024-03-25T00:10:51.000000+00:00,239.0,50.0,239.0,50.0,228.9,50.0,5.7,1300.0,1010.0,78.0,43.0,83.8,97.0,850
2024-03-25T00:11:51.000000+00:00,239.0,50.0,239.0,50.0,228.9,50.0,5.7,1300.0,1010.0,78.0,43.0,83.8,97.0,850
2024-03-25T00:12:51.000000+00:00,240.3,50.1,240.3,50.1,228.9,50.1,5.7,1310.0,1020.0,78.0,43.0,83.8,97.0,850
2024-03-25T00:13:51.000000+00:00,239.9,50.0,240.9,50.0,228.9,50.0,5.6,1290.0,1000.0,78.0,43.0,83.8,97.0,850
2024-03-25T00:14:51.000000+00:00,240.3,50.0,240.3,50.0,228.9,50.0,5.7,1300.0,1010.0,78.0,43.0,83.8,97.0,850
2024-03-25T00:15:51.000000+00:00,240.8,50.1,240.8,50.1,228.9,50.1,5.7,1300.0,1010.0,78.0,43.0,83.8,97.0,850
2024-03-25T00:16:51.000000+00:00,240.1,50.0,240.1,50.0,228.9,50.0,5.7,1310.0,1020.0,78.0,44.0,83.8,97.0,851
2024-03-25T00:17:51.000000+00:00,239.5,50.0,239.5,50.0,228.9,50.0,5.7,1300.0,1020.0,78.0,43.0,83.7,97.0,851
2024-03-25T00:18:51.000000+00:00,238.6,49.8,238.6,49.8,228.9,49.8,5.7,1310.0,1010.0,77.0,44.0,83.7,97.0,851
2024-03-25T00:19:51.000000+00:00,239.4,49.8,239.4,49.8,228.9,49.8,5.7,1310.0,1010.0,77.0,44.0,83.7,97.0,851
2024-03-25T00:20:52.000000+00:00,239.9,50.0,239.5,50.0,228.9,50.0,5.7,1300.0,1010.0,78.0,43.0,83.9,97.0,851
2024-03-25T00:21:52.000000+00:00,239.4,49.9,239.4,49.9,228.9,49.9,5.6,1290.0,1000.0,78.0,43.0,84.0,97.0,851
2024-03-25T00:22:52.000000+00:00,239.3,49.9,239.3,49.9,228.9,49.9,5.7,1290.0,1000.0,78.0,43.0,84.2,97.0,851
2024-03-25T00:23:52.000000+00:00,239.6,50.0,239.6,50.0,228.9,50.0,5.6,1290.0,1000.0,78.0,43.0,84.2,97.0,851
2024-03-25T00:24:52.000000+00:00,239.5,50.0,239.4,50.0,228.9,50.0,5.6,1290.0,1000.0,78.0,43.0,84.3,97.0,851
2024-03-25T00:25:52.000000+00:00,239.1,49.9,239.1,49.9,228.9,49.9,5.6,1300.0,1010.0,78.0,43.0,84.3,97.0,851
2024-03-25T00:26:52.000000+00:00,239.3,49.9,239.2,49.9,228.9,49.9,5.7,1300.0,1010.0,78.0,43.0,84.2,97.0,851
2024-03-25T00:27:52.000000+00:00,239.1,49.9,239.1,49.9,228.9,49.9,5.6,1290.0,1000.0,78.0,43.0,84.1,97.0,851
2024-03-25T00:28:52.000000+00:00,238.8,49.8,238.8,49.8,228.9,49.8,5.7,1300.0,1010.0,78.0,43.0,84.1,97.0,851
2024-03-25T00:29:52.000000+00:00,239.0,49.8,238.1,49.8,228.9,49.8,5.7,1310.0,1020.0,78.0,43.0,84.0,97.0,851
2024-03-25T00:30:52.000000+00:00,237.6,49.7,238.5,49.7,228.9,49.7,5.7,1300.0,1000.0,77.0,43.0,84.0,97.0,851
2024-03-25T00:31:52.000000+00:00,238.8,49.8,238.8,49.8,228.9,49.8,5.6,1290.0,1000.0,78.0,43.0,84.0,97.0,851
2024-03-25T00:32:52.000000+00:00,238.6,49.8,238.6,49.8,228.9,49.8,5.6,1290.0,1000.0,78.0,43.0,84.0,97.0,851
2024-03-25T00:33:52.000000+00:00,238.7,49.8,238.7,49.8,228.9,49.8,5.6,1290.0,1000.0,78.0,43.0,83.9,97.0,851
2024-03-25T00:34:52.000000+00:00,239.2,50.0,239.2,50.0,228.9,50.0,5.6,1290.0,1000.0,78.0,43.0,83.9,97.0,851
2024-03-25T00:35:52.000000+00:00,238.1,49.8,238.1,49.8,228.9,49.8,5.6,1300.0,1000.0,77.0,43.0,83.9,97.0,851
2024-03-25T00:36:52.000000+00:00,238.4,49.7,238.4,49.7,228.9,49.7,5.6,1290.0,1000.0,78.0,43.0,83.9,97.0,852
2024-03-25T00:37:52.000000+00:00,238.8,49.9,238.9,49.9,228.9,49.8,5.7,1300.0,1010.0,78.0,43.0,83.9,97.0,852
2024-03-25T00:38:52.000000+00:00,238.1,49.7,238.5,49.7,228.9,49.7,5.7,1300.0,1000.0,77.0,43.0,83.9,97.0,852
2024-03-25T00:39:52.000000+00:00,238.8,49.7,238.8,49.7,228.9,49.7,5.7,1300.0,1000.0,77.0,43.0,83.9,97.0,852
2024-03-25T00:40:52.000000+00:00,239.0,49.8,239.0,49.8,228.9,49.8,5.7,1300.0,1010.0,78.0,43.0,83.8,97.0,852
2024-03-25T00:41:52.000000+00:00,237.8,49.7,238.7,49.7,228.9,49.7,5.7,1310.0,1010.0,77.0,44.0,83.8,97.0,852
2024-03-25T00:42:52.000000+00:00,237.4,49.6,237.5,49.7,228.9,49.7,5.7,1300.0,1000.0,77.0,43.0,83.8,97.0,852
2024-03-25T00:43:52.000000+00:00,238.3,49.7,237.3,49.7,228.9,49.7,5.7,1300.0,1000.0,77.0,43.0,83.9,97.0,852
2024-03-25T00:44:52.000000+00:00,238.2,49.7,238.2,49.7,228.9,49.7,5.7,1310.0,1010.0,77.0,43.0,83.8,97.0,852
2024-03-25T00:45:52.000000+00:00,237.9,49.8,238.9,49.8,228.9,49.8,5.7,1300.0,1000.0,77.0,44.0,83.8,97.0,852
2024-03-25T00:46:52.000000+00:00,238.2,49.8,238.2,49.8,228.9,49.8,5.7,1300.0,1000.0,77.0,43.0,83.8,97.0,852
2024-03-25T00:47:52.000000+00:00,238.6,49.8,238.1,49.8,228.9,49.8,5.7,1300.0,1010.0,78.0,43.0,83.8,97.0,852
2024-03-25T00:48:52.000000+00:00,239.0,49.8,238.1,49.8,228.9,49.8,5.7,1300.0,1000.0,77.0,43.0,83.8,97.0,852
2024-03-25T00:49:52.000000+00:00,239.4,49.9,239.0,49.9,228.9,49.9,5.6,1290.0,1010.0,78.0,43.0,83.8,97.0,852
2024-03-25T00:50:52.000000+00:00,239.8,50.0,239.9,50.0,228.9,50.0,5.6,1290.0,1000.0,78.0,43.0,83.8,97.0,852
2024-03-25T00:51:52.000000+00:00,239.5,50.0,240.0,50.0,228.9,50.0,5.6,1290.0,1000.0,78.0,43.0,83.8,97.0,852
2024-03-25T00:52:52.000000+00:00,238.4,49.9,238.5,49.9,228.9,49.9,5.7,1300.0,1010.0,78.0,43.0,83.8,97.0,852
2024-03-25T00:53:52.000000+00:00,238.2,49.9,238.2,49.9,228.9,49.9,5.7,1290.0,1000.0,78.0,43.0,83.8,97.0,852
2024-03-25T00:54:52.000000+00:00,237.8,49.8,238.2,49.8,228.9,49.8,5.7,1300.0,1010.0,78.0,43.0,83.8,97.0,852
2024-03-25T00:55:52.000000+00:00,237.7,49.7,237.8,49.7,228.9,49.7,5.7,1300.0,1000.0,77.0,44.0,83.8,97.0,852
2024-03-25T00:56:52.000000+00:00,237.3,49.7,237.3,49.7,228.9,49.7,5.7,1300.0,1000.0,77.0,43.0,83.8,97.0,852
2024-03-25T00:57:52.000000+00:00,237.5,49.7,237.5,49.7,228.9,49.7,5.7,1300.0,1010.0,78.0,43.0,83.8,97.0,853
2024-03-25T00:58:52.000000+00:00,236.7,49.6,236.7,49.6,228.9,49.6,5.7,1310.0,1010.0,77.0,44.0,83.8,97.0,853
2024-03-25T00:59:52.000000+00:00,237.0,49.6,237.0,49.6,228.9,49.6,5.7,1300.0,1000.0,77.0,44.0,83.8,97.0,853
2024-03-25T01:00:52.000000+00:00,237.0,49.7,237.0,49.7,228.9,49.7,5.7,1300.0,1000.0,77.0,44.0,83.8,97.0,853
2024-03-25T01:01:52.000000+00:00,236.8,49.6,236.8,49.6,228.9,49.6,5.7,1310.0,1010.0,77.0,43.0,83.8,97.0,853
2024-03-25T01:02:52.000000+00:00,237.1,49.6,237.1,49.6,228.9,49.6,5.7,1310.0,1010.0,77.0,44.0,83.8,97.0,853
2024-03-25T01:03:52.000000+00:00,236.5,49.7,236.5,49.7,228.9,49.7,5.7,1300.0,1000.0,77.0,44.0,83.8,97.0,853
2024-03-25T01:04:52.000000+00:00,237.1,49.7,237.5,49.7,228.9,49.7,5.7,1300.0,1000.0,77.0,44.0,83.8,97.0,853
2024-03-25T01:05:52.000000+00:00,237.2,49.9,237.2,49.9,228.9,49.9,5.7,1300.0,1010.0,78.0,43.0,83.8,97.0,853
2024-03-25T01:06:52.000000+00:00,237.4,49.8,237.4,49.8,228.9,49.8,5.6,1290.0,1000.0,78.0,43.0,83.8,97.0,853
2024-03-25T01:07:52.000000+00:00,237.1,49.8,237.1,49.8,228.9,49.8,5.6,1300.0,1000.0,77.0,43.0,83.8,97.0,853
2024-03-25T01:08:52.000000+00:00,237.3,49.8,237.5,49.8,228.9,49.8,5.7,1300.0,1010.0,78.0,44.0,83.8,97.0,853
2024-03-25T01:09:52.000000+00:00,236.6,49.8,237.0,49.8,228.9,49.9,5.7,1300.0,1010.0,78.0,43.0,83.8,97.0,853
2024-03-25T01:10:52.000000+00:00,237.3,50.0,237.8,50.0,228.9,50.0,5.6,1290.0,1010.0,78.0,43.0,83.8,97.0,853
2024-03-25T01:11:52.000000+00:00,238.4,50.0,238.4,50.0,228.9,50.0,5.6,1280.0,1000.0,78.0,43.0,83.8,97.0,853
2024-03-25T01:12:52.000000+00:00,237.5,50.2,237.5,50.2,228.9,50.2,5.6,1280.0,1000.0,78.0,43.0,83.8,97.0,853
2024-03-25T01:13:52.000000+00:00,238.4,50.3,238.4,50.3,228.9,50.3,5.6,1270.0,1000.0,79.0,42.0,83.8,97.0,853
2024-03-25T01:14:52.000000+00:00,238.3,50.3,237.8,50.3,228.9,50.3,5.5,1270.0,990.0,78.0,42.0,83.8,97.0,853
2024-03-25T01:15:52.000000+00:00,238.8,50.3,238.1,50.3,228.9,50.3,5.6,1270.0,1000.0,79.0,43.0,83.8,97.0,853
2024-03-25T01:16:52.000000+00:00,238.5,50.3,238.5,50.3,228.9,50.3,5.6,1270.0,1000.0,79.0,43.0,83.8,97.0,853
2024-03-25T01:17:53.000000+00:00,238.2,50.3,238.2,50.3,228.9,50.3,5.5,1270.0,990.0,78.0,43.0,83.8,97.0,853
2024-03-25T01:18:53.000000+00:00,238.9,50.3,238.4,50.3,228.9,50.3,5.5,1270.0,1000.0,79.0,42.0,83.8,97.0,854
2024-03-25T01:19:53.000000+00:00,238.4,50.3,238.9,50.3,228.9,50.3,5.6,1280.0,1000.0,78.0,42.0,83.8,97.0,854
2024-03-25T01:20:53.000000+00:00,239.5,50.4,239.5,50.4,228.9,50.4,5.5,1270.0,990.0,78.0,42.0,83.8,97.0,854
2024-03-25T01:21:53.000000+00:00,240.0,50.4,240.0,50.4,228.9,50.4,5.5,1270.0,1000.0,79.0,42.0,83.8,97.0,854
2024-03-25T01:22:53.000000+00:00,239.1,50.3,239.1,50.3,228.9,50.3,5.5,1270.0,990.0,78.0,43.0,83.8,97.0,854
2024-03-25T01:23:53.000000+00:00,239.3,50.4,239.3,50.4,228.9,50.4,5.5,1270.0,1000.0,79.0,42.0,83.8,97.0,854
2024-03-25T01:24:53.000000+00:00,239.6,50.4,239.6,50.4,228.9,50.4,5.5,1270.0,990.0,78.0,42.0,83.8,97.0,854
2024-03-25T01:25:53.000000+00:00,239.2,50.4,239.1,50.4,228.9,50.4,5.6,1270.0,1000.0,79.0,42.0,83.8,97.0,854
2024-03-25T01:26:53.000000+00:00,239.0,50.3,239.0,50.3,229.0,50.3,5.5,1270.0,1000.0,79.0,43.0,83.8,97.0,854
2024-03-25T01:27:53.000000+00:00,238.2,50.2,238.2,50.2,228.9,50.2,5.6,1290.0,1010.0,78.0,43.0,83.8,97.0,854
2024-03-25T01:28:53.000000+00:00,237.5,50.0,237.9,50.0,228.9,50.0,5.6,1280.0,990.0,77.0,43.0,83.8,97.0,854
2024-03-25T01:29:53.000000+00:00,238.4,50.1,238.4,50.1,228.9,50.1,5.6,1280.0,1000.0,78.0,43.0,83.8,97.0,854
2024-03-25T01:30:53.000000+00:00,237.0,50.1,237.0,50.1,228.9,50.1,5.6,1280.0,1000.0,78.0,43.0,83.8,97.0,854
2024-03-25T01:31:53.000000+00:00,237.8,50.0,237.8,50.0,228.9,50.0,5.7,1300.0,1010.0,78.0,43.0,83.8,97.0,854
2024-03-25T01:32:53.000000+00:00,237.0,50.0,237.0,50.1,228.9,50.0,5.6,1280.0,990.0,77.0,43.0,83.8,97.0,854
2024-03-25T01:33:53.000000+00:00,236.9,49.9,236.9,49.9,228.9,49.9,5.6,1290.0,1000.0,78.0,43.0,83.8,97.0,854
2024-03-25T01:34:53.000000+00:00,236.9,50.0,237.3,50.0,228.9,50.0,5.6,1290.0,1000.0,78.0,43.0,83.8,97.0,854
2024-03-25T01:35:53.000000+00:00,236.7,50.0,236.7,50.0,228.9,50.0,5.6,1290.0,1000.0,78.0,43.0,83.8,97.0,854
2024-03-25T01:36:53.000000+00:00,236.8,50.0,236.8,50.0,228.9,50.0,5.7,1300.0,1010.0,78.0,43.0,83.8,97.0,854
2024-03-25T01:37:53.000000+00:00,237.1,49.9,237.1,49.9,228.9,49.9,5.6,1290.0,1000.0,78.0,43.0,83.8,97.0,854
2024-03-25T01:38:53.000000+00:00,236.1,49.8,236.0,49.8,228.9,49.8,5.6,1290.0,1000.0,78.0,43.0,83.8,97.0,854
2024-03-25T01:39:53.000000+00:00,236.7,49.9,236.6,49.9,228.9,49.9,5.7,1300.0,1000.0,77.0,43.0,83.8,97.0,855
2024-03-25T01:40:53.000000+00:00,235.7,49.7,235.2,49.7,228.9,49.7,5.7,1300.0,1000.0,77.0,43.0,83.8,97.0,855
2024-03-25T01:41:53.000000+00:00,240.8,49.9,240.3,49.9,228.9,49.9,5.7,1290.0,1000.0,78.0,43.0,83.8,97.0,855
2024-03-25T01:42:53.000000+00:00,239.3,49.8,239.3,49.8,228.9,49.8,5.7,1310.0,1010.0,77.0,43.0,83.7,97.0,855
2024-03-25T01:43:53.000000+00:00,239.7,49.9,239.7,49.9,228.9,49.9,5.6,1290.0,1000.0,78.0,43.0,83.7,97.0,855
2024-03-25T01:44:53.000000+00:00,240.0,50.0,240.0,50.0,228.9,50.0,5.6,1280.0,990.0,77.0,43.0,83.8,97.0,855
2024-03-25T01:45:53.000000+00:00,241.1,50.0,241.1,50.0,228.9,50.0,5.6,1280.0,1000.0,78.0,43.0,83.7,97.0,855
2024-03-25T01:46:53.000000+00:00,241.1,50.0,240.7,50.0,228.9,50.0,5.6,1290.0,1000.0,78.0,43.0,83.8,97.0,855
2024-03-25T01:47:53.000000+00:00,238.6,49.7,239.5,49.7,228.9,49.7,5.7,1300.0,1000.0,77.0,44.0,83.8,97.0,855
2024-03-25T01:48:53.000000+00:00,240.8,49.9,239.9,49.9,228.9,49.9,5.6,1290.0,1000.0,78.0,43.0,83.8,97.0,855
2024-03-25T01:49:53.000000+00:00,239.4,49.9,239.4,49.9,228.9,49.9,5.6,1290.0,1000.0,78.0,43.0,83.7,97.0,855
2024-03-25T01:50:53.000000+00:00,240.3,50.0,240.2,50.0,228.9,50.0,5.7,1290.0,1010.0,78.0,43.0,83.8,97.0,855
2024-03-25T01:51:53.000000+00:00,239.5,49.9,239.5,49.9,228.9,49.9,5.6,1290.0,1000.0,78.0,43.0,83.8,97.0,855
2024-03-25T01:52:53.000000+00:00,240.1,50.0,239.7,50.0,228.9,50.0,5.6,1280.0,1000.0,78.0,43.0,84.0,97.0,855
2024-03-25T01:53:53.000000+00:00,240.2,49.9,240.6,49.9,228.9,49.9,5.6,1290.0,1000.0,78.0,43.0,84.0,97.0,855
2024-03-25T01:54:53.000000+00:00,239.6,49.9,239.2,49.9,228.9,49.9,5.6,1290.0,1000.0,78.0,43.0,84.2,97.0,855
2024-03-25T01:55:53.000000+00:00,239.5,49.9,239.5,49.9,228.9,49.9,5.6,1290.0,1000.0,78.0,43.0,84.2,97.0,855
2024-03-25T01:56:53.000000+00:00,239.7,50.0,239.7,50.0,228.9,50.0,5.6,1280.0,1000.0,78.0,43.0,84.3,97.0,855
2024-03-25T01:57:53.000000+00:00,239.0,49.8,239.0,49.8,228.9,49.8,5.7,1290.0,1000.0,78.0,43.0,84.3,97.0,855
2024-03-25T01:58:53.000000+00:00,237.7,49.7,237.7,49.7,228.9,49.7,5.7,1300.0,1010.0,78.0,43.0,84.2,97.0,855
2024-03-25T01:59:53.000000+00:00,237.3,49.7,237.3,49.7,228.9,49.7,5.7,1310.0,1010.0,77.0,43.0,84.1,97.0,856
2024-03-25T02:00:53.000000+00:00,237.9,49.7,237.5,49.7,228.9,49.7,5.7,1300.0,1000.0,77.0,44.0,84.1,97.0,856
2024-03-25T02:01:53.000000+00:00,236.8,49.8,237.6,49.8,228.9,49.8,5.7,1300.0,1010.0,78.0,43.0,84.0,97.0,856
2024-03-25T02:02:53.000000+00:00,237.2,49.8,237.7,49.8,228.9,49.8,5.6,1290.0,1000.0,78.0,43.0,84.0,97.0,856
2024-03-25T02:03:53.000000+00:00,237.0,49.6,236.5,49.6,228.9,49.6,5.7,1310.0,1010.0,77.0,44.0,84.0,97.0,856
2024-03-25T02:04:53.000000+00:00,236.3,49.6,236.3,49.6,228.9,49.6,5.7,1310.0,1010.0,77.0,44.0,83.9,97.0,856
2024-03-25T02:05:53.000000+00:00,235.5,49.5,235.5,49.5,228.9,49.5,5.8,1310.0,1010.0,77.0,44.0,83.9,97.0,856
2024-03-25T02:06:53.000000+00:00,237.9,49.4,238.1,49.5,228.9,49.5,5.8,1320.0,1010.0,77.0,44.0,83.9,97.0,856
2024-03-25T02:07:53.000000+00:00,239.1,49.5,239.1,49.5,228.9,49.5,5.7,1310.0,1000.0,76.0,44.0,83.9,97.0,856
2024-03-25T02:08:53.000000+00:00,238.1,49.5,238.1,49.5,228.9,49.5,5.8,1320.0,1010.0,77.0,44.0,83.9,97.0,856
2024-03-25T02:09:53.000000+00:00,238.9,49.6,238.9,49.6,228.9,49.6,5.8,1320.0,1020.0,77.0,43.0,83.9,97.0,856
2024-03-25T02:10:53.000000+00:00,238.9,49.7,238.9,49.7,228.9,49.7,5.7,1300.0,1000.0,77.0,43.0,83.9,97.0,856
2024-03-25T02:11:53.000000+00:00,237.7,49.7,238.7,49.7,228.9,49.7,5.7,1300.0,1000.0,77.0,43.0,83.8,97.0,856
2024-03-25T02:12:53.000000+00:00,239.2,49.6,238.2,49.7,228.9,49.7,5.7,1300.0,1000.0,77.0,43.0,83.8,97.0,856
2024-03-25T02:13:54.000000+00:00,240.3,50.1,240.3,50.1,228.9,50.1,5.6,1290.0,1000.0,78.0,43.0,83.8,97.0,856
2024-03-25T02:14:54.000000+00:00,241.9,50.3,241.9,50.3,229.0,50.3,5.6,1280.0,1010.0,79.0,43.0,83.8,97.0,856
2024-03-25T02:15:54.000000+00:00,241.0,50.3,241.0,50.3,229.0,50.3,5.6,1280.0,1000.0,78.0,42.0,83.8,97.0,856
2024-03-25T02:16:54.000000+00:00,241.0,50.3,241.5,50.2,229.0,50.2,5.6,1280.0,1000.0,78.0,43.0,83.8,97.0,856
2024-03-25T02:17:54.000000+00:00,241.8,50.3,241.8,50.3,228.9,50.3,5.6,1280.0,1000.0,78.0,42.0,83.8,97.0,856
2024-03-25T02:18:54.000000+00:00,240.6,50.2,240.6,50.2,228.9,50.2,5.6,1280.0,1000.0,78.0,43.0,83.8,97.0,856
2024-03-25T02:19:54.000000+00:00,240.1,50.3,240.1,50.3,228.9,50.3,5.6,1280.0,1000.0,78.0,43.0,83.8,97.0,856
2024-03-25T02:20:54.000000+00:00,241.2,50.3,240.2,50.3,228.9,50.3,5.6,1280.0,1000.0,78.0,42.0,83.8,97.0,857
2024-03-25T02:21:54.000000+00:00,240.6,50.2,240.1,50.2,228.9,50.2,5.5,1270.0,990.0,78.0,42.0,83.8,97.0,857
2024-03-25T02:22:54.000000+00:00,240.3,50.3,240.3,50.3,229.0,50.3,5.6,1270.0,1000.0,79.0,43.0,83.8,97.0,857
2024-03-25T02:23:54.000000+00:00,241.1,50.4,241.1,50.4,228.9,50.4,5.5,1270.0,990.0,78.0,42.0,83.8,97.0,857
2024-03-25T02:24:54.000000+00:00,241.0,50.4,240.6,50.4,228.9,50.4,5.6,1280.0,1000.0,78.0,42.0,83.8,97.0,857
2024-03-25T02:25:54.000000+00:00,241.5,50.4,241.5,50.4,228.9,50.4,5.6,1280.0,1000.0,78.0,43.0,83.8,97.0,857
2024-03-25T02:26:54.000000+00:00,240.1,50.3,241.0,50.3,228.9,50.3,5.6,1270.0,1000.0,79.0,42.0,83.8,97.0,857
2024-03-25T02:27:54.000000+00:00,240.4,50.4,240.4,50.4,229.0,50.4,5.6,1280.0,1000.0,78.0,42.0,83.8,97.0,857
2024-03-25T02:28:54.000000+00:00,240.6,50.2,239.6,50.2,228.9,50.2,5.6,1290.0,1000.0,78.0,43.0,83.8,97.0,857
2024-03-25T02:29:54.000000+00:00,239.8,50.1,239.4,50.1,228.9,50.1,5.6,1290.0,1000.0,78.0,43.0,83.8,97.0,857
2024-03-25T02:30:54.000000+00:00,238.8,50.0,238.8,50.0,228.9,50.0,5.6,1290.0,1000.0,78.0,43.0,83.8,97.0,857
2024-03-25T02:31:54.000000+00:00,239.6,50.1,239.6,50.1,228.9,50.1,5.6,1280.0,1000.0,78.0,43.0,83.8,97.0,857
2024-03-25T02:32:54.000000+00:00,239.0,50.0,239.0,50.0,228.9,50.0,5.6,1280.0,990.0,77.0,43.0,83.8,97.0,857
2024-03-25T02:33:54.000000+00:00,239.2,50.0,239.1,50.0,228.9,50.0,5.6,1290.0,1000.0,78.0,43.0,83.8,97.0,857
2024-03-25T02:34:54.000000+00:00,239.3,49.9,238.5,49.9,228.9,49.9,5.6,1280.0,1000.0,78.0,43.0,83.8,97.0,857
2024-03-25T02:35:54.000000+00:00,238.3,49.9,237.8,49.9,228.9,49.9,5.6,1290.0,1000.0,78.0,43.0,83.8,97.0,857
2024-03-25T02:36:54.000000+00:00,236.8,49.8,237.7,49.8,228.9,49.8,5.7,1300.0,1010.0,78.0,43.0,83.8,97.0,857
2024-03-25T02:37:54.000000+00:00,237.0,49.9,237.0,49.9,228.9,49.9,5.6,1290.0,1000.0,78.0,43.0,83.8,97.0,857
2024-03-25T02:38:54.000000+00:00,236.6,49.9,236.6,50.0,228.9,49.9,5.6,1290.0,1000.0,78.0,43.0,83.8,97.0,857
2024-03-25T02:39:54.000000+00:00,236.5,49.8,236.9,49.8,229.0,49.8,5.7,1300.0,1010.0,78.0,43.0,83.8,97.0,857
2024-03-25T02:40:54.000000+00:00,236.5,49.7,236.5,49.7,228.9,49.7,5.7,1300.0,1010.0,78.0,43.0,83.8,97.0,857
2024-03-25T02:41:54.000000+00:00,237.6,49.9,237.6,49.9,228.9,49.9,5.6,1290.0,1000.0,78.0,43.0,83.8,97.0,858
2024-03-25T02:42:54.000000+00:00,236.3,49.6,236.3,49.6,228.9,49.6,5.7,1310.0,1010.0,77.0,44.0,83.8,97.0,858
2024-03-25T02:43:54.000000+00:00,236.4,49.8,235.5,49.8,228.9,49.8,5.6,1290.0,1000.0,78.0,43.0,83.8,97.0,858
2024-03-25T02:44:54.000000+00:00,236.3,49.9,236.3,49.9,228.9,49.9,5.7,1300.0,1010.0,78.0,43.0,83.8,97.0,858
2024-03-25T02:45:54.000000+00:00,236.2,49.9,236.6,49.9,228.9,50.0,5.6,1290.0,1000.0,78.0,43.0,83.8,97.0,858
2024-03-25T02:46:54.000000+00:00,236.0,50.0,235.9,50.0,228.9,50.0,5.6,1280.0,1000.0,78.0,43.0,83.8,97.0,858
2024-03-25T02:47:54.000000+00:00,235.8,49.9,235.0,49.9,228.9,49.9,5.6,1290.0,1000.0,78.0,43.0,83.8,97.0,858
2024-03-25T02:48:54.000000+00:00,236.1,50.2,236.1,50.2,228.9,50.2,5.5,1270.0,990.0,78.0,43.0,83.8,97.0,858
2024-03-25T02:49:54.000000+00:00,236.4,50.3,236.5,50.3,228.9,50.3,5.6,1270.0,1000.0,79.0,43.0,83.8,97.0,858
2024-03-25T02:50:54.000000+00:00,236.6,50.2,236.6,50.2,228.9,50.2,5.6,1270.0,990.0,78.0,43.0,83.8,97.0,858
2024-03-25T02:51:54.000000+00:00,235.9,50.2,236.0,50.2,228.9,50.2,5.6,1270.0,990.0,78.0,43.0,83.8,97.0,858
2024-03-25T02:52:54.000000+00:00,235.9,50.3,235.9,50.3,228.9,50.3,5.6,1280.0,1000.0,78.0,43.0,83.8,97.0,858
2024-03-25T02:53:54.000000+00:00,235.3,50.1,235.3,50.1,228.9,50.1,5.6,1280.0,1000.0,78.0,43.0,83.8,97.0,858
2024-03-25T02:54:54.000000+00:00,235.3,50.3,235.3,50.3,228.9,50.3,5.6,1280.0,1010.0,79.0,43.0,83.7,97.0,858
2024-03-25T02:55:54.000000+00:00,235.2,50.3,235.2,50.3,228.9,50.3,5.6,1270.0,990.0,78.0,43.0,83.8,98.0,858
2024-03-25T02:56:54.000000+00:00,234.9,50.3,235.9,50.3,228.9,50.3,5.5,1270.0,990.0,78.0,43.0,83.8,98.0,858
2024-03-25T02:57:54.000000+00:00,235.1,50.3,235.1,50.3,228.9,50.3,5.5,1270.0,990.0,78.0,42.0,83.8,98.0,858
2024-03-25T02:58:54.000000+00:00,234.4,50.3,234.4,50.3,228.9,50.3,5.6,1280.0,1000.0,78.0,43.0,83.8,98.0,858
2024-03-25T02:59:54.000000+00:00,234.5,50.2,234.1,50.2,228.9,50.2,5.6,1270.0,990.0,78.0,42.0,83.8,98.0,858
2024-03-25T03:00:54.000000+00:00,233.3,50.2,233.3,50.2,228.9,50.2,5.6,1280.0,990.0,77.0,43.0,83.8,98.0,858
2024-03-25T03:01:54.000000+00:00,237.6,50.2,238.0,50.2,228.9,50.2,5.6,1280.0,1000.0,78.0,42.0,83.8,98.0,859
2024-03-25T03:02:54.000000+00:00,237.1,50.2,237.1,50.2,228.9,50.2,5.6,1280.0,1000.0,78.0,43.0,83.7,98.0,859
2024-03-25T03:03:54.000000+00:00,236.1,50.1,235.7,50.1,228.9,50.1,5.6,1290.0,1000.0,78.0,43.0,83.7,98.0,859
2024-03-25T03:04:54.000000+00:00,235.7,50.1,235.7,50.1,228.9,50.1,5.6,1290.0,1000.0,78.0,43.0,83.7,98.0,859
2024-03-25T03:05:54.000000+00:00,235.7,50.0,235.7,50.0,228.9,50.0,5.6,1290.0,1000.0,78.0,43.0,83.8,98.0,859
2024-03-25T03:06:54.000000+00:00,236.0,50.0,236.0,50.0,228.9,50.0,5.6,1290.0,1000.0,78.0,43.0,83.7,98.0,859
2024-03-25T03:07:54.000000+00:00,235.3,49.8,234.5,49.8,228.9,49.8,5.6,1290.0,1000.0,78.0,43.0,83.8,98.0,859
2024-03-25T03:08:54.000000+00:00,234.2,49.7,234.6,49.7,228.9,49.7,5.7,1300.0,1000.0,77.0,43.0,83.7,98.0,859
2024-03-25T03:09:54.000000+00:00,241.4,49.6,241.4,49.6,229.0,49.6,5.7,1300.0,1000.0,77.0,43.0,83.9,98.0,859
2024-03-25T03:10:54.000000+00:00,241.7,49.7,241.7,49.7,228.9,49.7,5.7,1300.0,1010.0,78.0,43.0,84.0,98.0,859
2024-03-25T03:11:55.000000+00:00,240.8,49.8,240.8,49.8,228.9,49.8,5.7,1300.0,1010.0,78.0,43.0,84.1,98.0,859
2024-03-25T03:12:55.000000+00:00,240.4,49.9,240.8,49.9,228.9,49.9,5.6,1290.0,1000.0,78.0,43.0,84.2,98.0,859
2024-03-25T03:13:55.000000+00:00,241.0,50.1,241.4,50.1,228.9,50.1,5.6,1290.0,1010.0,78.0,43.0,84.3,98.0,859
2024-03-25T03:14:55.000000+00:00,241.2,50.0,241.2,50.0,228.9,50.0,5.6,1290.0,1000.0,78.0,43.0,84.3,98.0,859
2024-03-25T03:15:55.000000+00:00,237.6,50.0,237.6,50.0,228.9,50.0,5.6,1290.0,1000.0,78.0,43.0,84.2,98.0,859
2024-03-25T03:16:55.000000+00:00,238.3,50.3,238.4,50.3,229.0,50.3,5.6,1270.0,1000.0,79.0,43.0,84.1,98.0,859
2024-03-25T03:17:55.000000+00:00,237.4,50.3,238.3,50.3,228.9,50.3,5.6,1280.0,1010.0,79.0,43.0,84.1,98.0,859
2024-03-25T03:18:55.000000+00:00,238.0,50.3,238.3,50.2,228.9,50.3,5.6,1280.0,1000.0,78.0,43.0,84.1,98.0,859
2024-03-25T03:19:55.000000+00:00,237.5,50.3,237.5,50.3,228.9,50.3,5.6,1280.0,1000.0,78.0,42.0,84.0,98.0,859
2024-03-25T03:20:55.000000+00:00,237.8,50.4,237.8,50.4,228.9,50.4,5.6,1270.0,1000.0,79.0,42.0,84.0,98.0,859
2024-03-25T03:21:55.000000+00:00,238.3,50.3,238.2,50.3,228.9,50.3,5.6,1280.0,1000.0,78.0,42.0,84.0,98.0,859
2024-03-25T03:22:55.000000+00:00,237.0,50.3,237.9,50.3,228.9,50.3,5.6,1270.0,1000.0,79.0,42.0,83.9,98.0,860
2024-03-25T03:23:55.000000+00:00,237.1,50.3,236.6,50.3,228.9,50.3,5.6,1280.0,1000.0,78.0,43.0,83.9,98.0,860
2024-03-25T03:24:55.000000+00:00,235.8,50.2,236.1,50.2,228.9,50.2,5.6,1280.0,990.0,77.0,42.0,83.9,98.0,860
2024-03-25T03:25:55.000000+00:00,235.8,50.1,235.8,50.1,228.9,50.1,5.6,1280.0,1000.0,78.0,43.0,83.9,98.0,860
2024-03-25T03:26:55.000000+00:00,235.9,50.0,234.9,50.0,228.9,50.0,5.6,1290.0,1010.0,78.0,43.0,83.9,98.0,860
2024-03-25T03:27:55.000000+00:00,236.2,50.1,236.2,50.1,228.9,50.1,5.6,1280.0,1000.0,78.0,43.0,83.9,98.0,860
2024-03-25T03:28:55.000000+00:00,235.8,50.0,235.8,50.0,228.9,50.0,5.6,1290.0,1010.0,78.0,43.0,83.9,98.0,860
2024-03-25T03:29:55.000000+00:00,235.7,50.1,235.7,50.1,228.9,50.1,5.6,1290.0,1000.0,78.0,43.0,83.9,98.0,860
2024-03-25T03:30:55.000000+00:00,235.5,50.1,234.8,50.1,228.9,50.1,5.6,1290.0,1000.0,78.0,43.0,83.8,98.0,860
2024-03-25T03:31:55.000000+00:00,234.7,50.1,235.3,50.1,228.9,50.1,5.6,1280.0,1000.0,78.0,43.0,83.8,98.0,860
2024-03-25T03:32:55.000000+00:00,236.0,50.2,236.0,50.2,228.9,50.2,5.6,1280.0,1000.0,78.0,42.0,83.8,98.0,860
2024-03-25T03:33:55.000000+00:00,235.9,50.1,235.9,50.1,228.9,50.1,5.6,1280.0,1000.0,78.0,43.0,83.8,98.0,860
2024-03-25T03:34:55.000000+00:00,234.7,50.0,234.6,50.0,228.9,50.0,5.6,1290.0,1000.0,78.0,43.0,83.8,98.0,860
2024-03-25T03:35:55.000000+00:00,234.1,50.1,235.0,50.1,228.9,50.1,5.6,1280.0,1000.0,78.0,43.0,83.8,98.0,860
2024-03-25T03:36:55.000000+00:00,235.0,50.2,235.4,50.2,228.9,50.2,5.6,1290.0,1010.0,78.0,43.0,83.8,98.0,860
2024-03-25T03:37:55.000000+00:00,234.6,50.2,234.6,50.2,228.9,50.2,5.6,1280.0,990.0,77.0,43.0,83.8,98.0,860
2024-03-25T03:38:55.000000+00:00,235.7,50.2,234.7,50.2,228.9,50.2,5.6,1280.0,1000.0,78.0,43.0,83.8,98.0,860
2024-03-25T03:39:55.000000+00:00,235.0,50.1,235.6,50.1,228.9,50.1,5.6,1280.0,990.0,77.0,43.0,83.8,98.0,860
2024-03-25T03:40:55.000000+00:00,235.3,50.2,235.3,50.2,228.9,50.2,5.6,1290.0,1010.0,78.0,43.0,83.8,98.0,860
2024-03-25T03:41:55.000000+00:00,234.3,50.2,235.3,50.2,228.9,50.2,5.6,1280.0,1000.0,78.0,42.0,83.8,98.0,860
2024-03-25T03:42:55.000000+00:00,235.1,50.2,235.1,50.2,228.9,50.2,5.6,1270.0,990.0,78.0,43.0,83.8,98.0,860
2024-03-25T03:43:55.000000+00:00,235.7,50.3,236.2,50.3,228.9,50.3,5.6,1270.0,990.0,78.0,42.0,83.8,98.0,861
2024-03-25T03:44:55.000000+00:00,235.3,50.2,236.1,50.2,228.9,50.2,5.6,1290.0,1000.0,78.0,43.0,83.8,98.0,861
2024-03-25T03:45:55.000000+00:00,235.8,50.3,235.8,50.3,228.9,50.3,5.6,1270.0,990.0,78.0,42.0,83.8,98.0,861
2024-03-25T03:46:55.000000+00:00,235.4,50.2,235.3,50.2,228.9,50.2,5.6,1280.0,1000.0,78.0,43.0,83.8,98.0,861
2024-03-25T03:47:55.000000+00:00,234.3,50.2,235.4,50.2,228.9,50.2,5.6,1290.0,1000.0,78.0,43.0,83.8,98.0,861
2024-03-25T03:48:55.000000+00:00,235.8,50.3,235.8,50.3,228.9,50.3,5.6,1270.0,990.0,78.0,43.0,83.8,98.0,861
2024-03-25T03:49:55.000000+00:00,234.8,50.1,234.7,50.1,228.9,50.1,5.6,1270.0,990.0,78.0,43.0,83.8,98.0,861
2024-03-25T03:50:55.000000+00:00,234.4,50.3,234.5,50.3,228.9,50.3,5.6,1270.0,990.0,78.0,42.0,83.8,98.0,861
2024-03-25T03:51:55.000000+00:00,235.0,50.2,235.0,50.2,228.9,50.2,5.5,1270.0,990.0,78.0,43.0,83.8,98.0,861
2024-03-25T03:52:55.000000+00:00,235.5,50.2,234.6,50.2,228.9,50.2,5.6,1280.0,1000.0,78.0,43.0,83.8,98.0,861
2024-03-25T03:53:55.000000+00:00,235.0,50.2,234.8,50.2,228.9,50.2,5.6,1280.0,1000.0,78.0,43.0,83.8,98.0,861
2024-03-25T03:54:55.000000+00:00,233.8,50.1,233.7,50.1,228.9,50.1,5.6,1280.0,1000.0,78.0,43.0,83.8,98.0,861
2024-03-25T03:55:55.000000+00:00,233.4,50.2,233.4,50.2,228.9,50.2,5.6,1280.0,990.0,77.0,43.0,83.8,98.0,861
2024-03-25T03:56:55.000000+00:00,233.0,50.2,234.0,50.2,228.9,50.2,5.5,1270.0,990.0,78.0,42.0,83.8,98.0,861
2024-03-25T03:57:55.000000+00:00,233.3,50.2,234.2,50.2,228.9,50.2,5.6,1280.0,1000.0,78.0,43.0,83.8,98.0,861
2024-03-25T03:58:55.000000+00:00,234.2,50.4,234.2,50.4,228.9,50.4,5.6,1270.0,1000.0,79.0,42.0,83.8,98.0,861
2024-03-25T03:59:55.000000+00:00,234.7,50.3,233.6,50.3,228.9,50.3,5.6,1280.0,1000.0,78.0,43.0,83.8,98.0,861
2024-03-25T04:00:55.000000+00:00,234.1,50.3,233.5,50.3,228.9,50.3,5.5,1270.0,1000.0,79.0,43.0,83.8,98.0,861
2024-03-25T04:01:55.000000+00:00,233.1,50.3,233.6,50.3,228.9,50.3,5.5,1270.0,990.0,78.0,42.0,83.8,98.0,861
2024-03-25T04:02:55.000000+00:00,233.4,50.3,233.4,50.3,228.9,50.3,5.5,1270.0,990.0,78.0,42.0,83.8,98.0,861
2024-03-25T04:03:55.000000+00:00,233.9,50.3,233.9,50.3,228.9,50.3,5.6,1280.0,1010.0,79.0,43.0,83.8,98.0,861
2024-03-25T04:04:55.000000+00:00,232.9,50.3,232.9,50.3,228.9,50.3,5.6,1280.0,1000.0,78.0,43.0,83.8,98.0,862
2024-03-25T04:05:55.000000+00:00,233.0,50.3,233.0,50.3,228.9,50.3,5.5,1270.0,1000.0,79.0,42.0,83.8,98.0,862
2024-03-25T04:06:55.000000+00:00,236.8,50.3,236.3,50.3,228.9,50.3,5.6,1270.0,990.0,78.0,42.0,83.8,98.0,862
2024-03-25T04:07:55.000000+00:00,237.0,50.3,237.0,50.3,228.9,50.3,5.5,1270.0,990.0,78.0,43.0,83.8,98.0,862
2024-03-25T04:08:55.000000+00:00,238.8,50.4,238.2,50.4,228.9,50.4,5.6,1280.0,1000.0,78.0,43.0,83.8,98.0,862
2024-03-25T04:09:55.000000+00:00,237.6,50.4,237.6,50.4,228.9,50.4,5.5,1270.0,1000.0,79.0,42.0,83.8,98.0,862
2024-03-25T04:10:56.000000+00:00,238.0,50.4,238.1,50.4,228.9,50.4,5.6,1280.0,1000.0,78.0,42.0,83.8,98.0,862
2024-03-25T04:11:56.000000+00:00,238.3,50.4,237.3,50.4,228.9,50.4,5.5,1270.0,1000.0,79.0,42.0,83.8,98.0,862
2024-03-25T04:12:56.000000+00:00,237.8,50.4,237.8,50.4,228.9,50.4,5.5,1270.0,990.0,78.0,42.0,83.8,98.0,862
2024-03-25T04:13:56.000000+00:00,237.9,50.4,238.5,50.4,228.9,50.4,5.6,1280.0,1000.0,78.0,42.0,83.8,98.0,862
2024-03-25T04:14:56.000000+00:00,237.6,50.3,237.6,50.3,228.9,50.3,5.5,1270.0,990.0,78.0,42.0,83.9,98.0,862
2024-03-25T04:15:56.000000+00:00,237.1,50.3,237.1,50.3,228.9,50.3,5.6,1280.0,1000.0,78.0,42.0,84.0,98.0,862
2024-03-25T04:16:56.000000+00:00,237.1,50.3,237.6,50.3,228.9,50.3,5.6,1280.0,1000.0,78.0,42.0,84.1,98.0,862
2024-03-25T04:17:56.000000+00:00,237.3,50.3,237.3,50.3,228.9,50.3,5.6,1270.0,1000.0,79.0,43.0,84.2,98.0,862
2024-03-25T04:18:56.000000+00:00,236.9,50.3,237.3,50.3,228.9,50.3,5.6,1280.0,1000.0,78.0,43.0,84.2,98.0,862
2024-03-25T04:19:56.000000+00:00,236.7,50.2,236.3,50.2,228.9,50.2,5.6,1280.0,1000.0,78.0,43.0,84.3,98.0,862
2024-03-25T04:20:56.000000+00:00,236.3,50.0,236.3,50.0,228.9,50.0,5.6,1280.0,990.0,77.0,43.0,84.3,98.0,862
2024-03-25T04:21:56.000000+00:00,236.5,50.2,236.5,50.2,228.9,50.2,5.6,1280.0,1000.0,78.0,42.0,84.2,98.0,862
2024-03-25T04:22:56.000000+00:00,237.2,50.2,237.7,50.2,228.9,50.2,5.6,1280.0,1000.0,78.0,43.0,84.1,98.0,862
2024-03-25T04:23:56.000000+00:00,237.7,50.2,238.2,50.2,228.9,50.2,5.6,1280.0,1000.0,78.0,43.0,84.0,98.0,862
2024-03-25T04:24:56.000000+00:00,237.3,50.2,237.3,50.2,228.9,50.2,5.6,1280.0,1000.0,78.0,43.0,84.0,98.0,863
2024-03-25T04:25:56.000000+00:00,237.8,50.2,237.8,50.2,228.9,50.2,5.6,1270.0,1000.0,79.0,42.0,84.0,98.0,863
2024-03-25T04:26:56.000000+00:00,236.4,50.1,236.4,50.1,228.9,50.2,5.6,1280.0,1000.0,78.0,43.0,84.0,98.0,863
2024-03-25T04:27:56.000000+00:00,236.5,50.1,236.6,50.1,228.9,50.1,5.6,1290.0,1000.0,78.0,43.0,83.9,98.0,863
2024-03-25T04:28:56.000000+00:00,236.7,50.1,236.7,50.1,228.9,50.1,5.6,1280.0,1000.0,78.0,43.0,83.9,98.0,863
2024-03-25T04:29:56.000000+00:00,237.0,50.1,237.0,50.1,228.9,50.1,5.6,1290.0,1000.0,78.0,43.0,83.9,98.0,863
2024-03-25T04:30:56.000000+00:00,237.5,50.3,237.5,50.3,228.9,50.3,5.6,1280.0,1000.0,78.0,42.0,83.9,98.0,863
2024-03-25T04:31:56.000000+00:00,236.7,50.2,236.2,50.2,228.9,50.2,5.6,1280.0,1000.0,78.0,43.0,83.9,98.0,863
2024-03-25T04:32:56.000000+00:00,235.9,50.2,235.9,50.2,228.9,50.2,5.6,1280.0,1000.0,78.0,43.0,83.9,98.0,863
2024-03-25T04:33:56.000000+00:00,236.1,50.3,236.0,50.3,228.9,50.3,5.6,1280.0,1000.0,78.0,43.0,83.8,98.0,863
2024-03-25T04:34:56.000000+00:00,237.5,50.3,237.4,50.3,228.9,50.3,5.6,1280.0,1000.0,78.0,43.0,83.8,98.0,863
2024-03-25T04:35:56.000000+00:00,236.9,50.2,236.9,50.2,228.9,50.2,5.6,1280.0,1000.0,78.0,43.0,83.8,98.0,863
2024-03-25T04:36:56.000000+00:00,236.8,50.3,236.8,50.3,228.9,50.3,5.6,1280.0,1000.0,78.0,43.0,83.8,98.0,863
2024-03-25T04:37:56.000000+00:00,236.3,50.2,236.3,50.2,228.9,50.2,5.6,1280.0,1000.0,78.0,43.0,83.8,98.0,863
2024-03-25T04:38:56.000000+00:00,235.9,50.2,235.8,50.2,228.9,50.2,5.6,1280.0,1000.0,78.0,43.0,83.8,98.0,863
2024-03-25T04:39:56.000000+00:00,235.9,50.2,236.9,50.2,228.9,50.2,5.6,1280.0,1000.0,78.0,43.0,83.8,98.0,863
2024-03-25T04:40:56.000000+00:00,236.8,50.1,236.6,50.1,228.9,50.1,5.6,1280.0,990.0,77.0,43.0,83.8,98.0,863
2024-03-25T04:41:56.000000+00:00,237.8,50.3,237.8,50.3,228.9,50.3,5.6,1280.0,1000.0,78.0,43.0,83.8,98.0,863
2024-03-25T04:42:56.000000+00:00,237.1,50.3,237.1,50.3,228.9,50.3,5.6,1270.0,990.0,78.0,42.0,83.8,98.0,863
2024-03-25T04:43:56.000000+00:00,236.9,50.3,236.9,50.3,228.9,50.3,5.6,1280.0,1000.0,78.0,43.0,83.8,98.0,863
2024-03-25T04:44:56.000000+00:00,236.8,50.3,237.7,50.3,228.9,50.3,5.6,1280.0,1010.0,79.0,43.0,83.8,98.0,863
2024-03-25T04:45:56.000000+00:00,237.6,50.4,238.2,50.4,228.9,50.4,5.5,1270.0,990.0,78.0,43.0,84.0,98.0,864
2024-03-25T04:46:56.000000+00:00,238.0,50.3,238.0,50.3,228.9,50.3,5.6,1280.0,1000.0,78.0,42.0,84.1,98.0,864
2024-03-25T04:47:56.000000+00:00,238.1,50.4,238.1,50.4,228.9,50.4,5.5,1270.0,1000.0,79.0,42.0,84.2,98.0,864
2024-03-25T04:48:56.000000+00:00,238.2,50.3,237.8,50.3,228.9,50.3,5.6,1290.0,1010.0,78.0,43.0,84.2,98.0,864
2024-03-25T04:49:56.000000+00:00,237.4,50.4,236.9,50.3,228.9,50.4,5.5,1270.0,1000.0,79.0,42.0,84.3,98.0,864
2024-03-25T04:50:56.000000+00:00,237.0,50.4,237.0,50.4,228.9,50.4,5.5,1270.0,1000.0,79.0,42.0,84.3,98.0,864
2024-03-25T04:51:56.000000+00:00,236.6,50.3,236.6,50.3,228.9,50.3,5.6,1270.0,1000.0,79.0,42.0,84.2,98.0,864
2024-03-25T04:52:56.000000+00:00,236.1,50.4,236.0,50.4,228.9,50.4,5.6,1270.0,1000.0,79.0,42.0,84.2,98.0,864
2024-03-25T04:53:56.000000+00:00,237.5,50.4,237.5,50.4,228.9,50.4,5.6,1270.0,1000.0,79.0,42.0,84.1,98.0,864
2024-03-25T04:54:56.000000+00:00,236.3,50.4,236.3,50.4,228.9,50.4,5.5,1270.0,1000.0,79.0,42.0,84.1,98.0,864
2024-03-25T04:55:56.000000+00:00,236.5,50.4,236.5,50.4,228.9,50.4,5.5,1270.0,1000.0,79.0,42.0,84.0,98.0,864
2024-03-25T04:56:56.000000+00:00,235.8,50.3,236.8,50.3,228.9,50.3,5.6,1270.0,1000.0,79.0,43.0,84.0,98.0,864
2024-03-25T04:57:56.000000+00:00,236.8,50.4,236.1,50.4,228.9,50.4,5.5,1270.0,990.0,78.0,43.0,84.0,98.0,864
2024-03-25T04:58:56.000000+00:00,234.6,50.0,235.6,50.0,228.9,50.0,5.6,1290.0,1010.0,78.0,43.0,83.9,98.0,864
2024-03-25T04:59:56.000000+00:00,234.8,49.9,234.4,49.9,228.9,49.9,5.7,1300.0,1010.0,78.0,43.0,83.9,98.0,864
2024-03-25T05:00:56.000000+00:00,235.3,49.9,235.3,49.9,228.9,49.9,5.7,1300.0,1000.0,77.0,43.0,83.9,98.0,864
2024-03-25T05:01:56.000000+00:00,233.7,49.8,233.7,49.8,228.9,49.8,5.7,1300.0,1010.0,78.0,43.0,83.9,98.0,864
2024-03-25T05:02:56.000000+00:00,234.2,49.8,234.3,49.8,228.9,49.8,5.7,1300.0,1010.0,78.0,43.0,83.9,98.0,864
2024-03-25T05:03:56.000000+00:00,234.2,49.9,234.2,49.9,228.9,49.9,5.7,1310.0,1010.0,77.0,43.0,83.9,98.0,864
2024-03-25T05:04:56.000000+00:00,234.3,50.0,234.3,50.0,228.9,50.0,5.6,1290.0,1000.0,78.0,43.0,83.8,98.0,864
2024-03-25T05:05:56.000000+00:00,235.0,50.1,235.0,50.1,228.9,50.1,5.6,1290.0,1000.0,78.0,43.0,83.8,98.0,864
2024-03-25T05:06:57.000000+00:00,234.1,49.9,234.9,49.9,228.9,49.9,5.7,1300.0,1010.0,78.0,43.0,83.8,98.0,865
2024-03-25T05:07:57.000000+00:00,234.9,49.9,234.4,49.9,228.9,49.9,5.7,1300.0,1010.0,78.0,43.0,83.8,98.0,865
2024-03-25T05:08:57.000000+00:00,234.2,49.9,234.2,49.9,228.9,49.9,5.7,1290.0,1000.0,78.0,43.0,83.8,98.0,865
2024-03-25T05:09:57.000000+00:00,234.1,49.8,234.4,49.8,228.9,49.8,5.7,1300.0,1010.0,78.0,43.0,83.8,98.0,865
2024-03-25T05:10:57.000000+00:00,233.8,49.7,233.5,49.7,228.9,49.7,5.7,1300.0,1010.0,78.0,44.0,83.8,98.0,865
2024-03-25T05:11:57.000000+00:00,234.5,50.0,234.1,50.0,228.9,50.0,5.7,1290.0,1010.0,78.0,43.0,83.8,98.0,865
2024-03-25T05:12:57.000000+00:00,234.0,50.1,234.9,50.1,228.9,50.1,5.6,1280.0,1000.0,78.0,43.0,84.0,98.0,865
2024-03-25T05:13:57.000000+00:00,233.7,49.9,233.7,49.9,228.9,49.9,5.6,1290.0,1000.0,78.0,43.0,84.1,98.0,865
2024-03-25T05:14:57.000000+00:00,233.3,50.0,233.3,50.0,228.9,50.0,5.6,1290.0,1010.0,78.0,43.0,84.2,98.0,865
2024-03-25T05:15:57.000000+00:00,237.3,50.0,237.3,50.0,228.9,50.0,5.6,1290.0,1000.0,78.0,43.0,84.2,98.0,865
2024-03-25T05:16:57.000000+00:00,237.0,50.1,237.0,50.1,228.9,50.1,5.6,1280.0,1000.0,78.0,43.0,84.3,98.0,865
2024-03-25T05:17:57.000000+00:00,237.7,50.2,237.7,50.2,228.9,50.2,5.6,1290.0,1010.0,78.0,43.0,84.3,98.0,865
2024-03-25T05:18:57.000000+00:00,236.2,50.0,235.8,50.0,228.9,50.0,5.6,1290.0,1000.0,78.0,43.0,84.2,98.0,865
2024-03-25T05:19:57.000000+00:00,235.1,50.1,236.1,50.1,228.9,50.1,5.6,1280.0,1000.0,78.0,43.0,84.1,98.0,865
2024-03-25T05:20:57.000000+00:00,235.3,49.9,235.8,49.9,228.9,49.9,5.6,1290.0,1000.0,78.0,43.0,84.1,98.0,865
2024-03-25T05:21:57.000000+00:00,235.2,49.8,235.2,49.8,228.9,49.8,5.7,1300.0,1010.0,78.0,43.0,84.0,98.0,865
2024-03-25T05:22:57.000000+00:00,234.1,49.7,234.5,49.7,228.9,49.7,5.7,1300.0,1010.0,78.0,44.0,84.0,98.0,865
2024-03-25T05:23:57.000000+00:00,235.7,49.9,235.7,49.9,228.9,49.9,5.6,1300.0,1010.0,78.0,43.0,84.0,98.0,865
2024-03-25T05:24:57.000000+00:00,235.0,49.8,235.0,49.8,228.9,49.8,5.7,1300.0,1000.0,77.0,43.0,83.9,98.0,865
2024-03-25T05:25:57.000000+00:00,234.4,49.8,234.4,49.8,228.9,49.8,5.6,1290.0,1000.0,78.0,43.0,83.9,98.0,865
2024-03-25T05:26:57.000000+00:00,234.4,49.6,234.8,49.6,228.9,49.6,5.7,1310.0,1010.0,77.0,44.0,83.9,98.0,865
2024-03-25T05:27:57.000000+00:00,235.6,49.7,235.6,49.7,228.9,49.7,5.7,1300.0,1000.0,77.0,43.0,83.9,98.0,866
2024-03-25T05:28:57.000000+00:00,235.8,49.9,235.8,49.9,228.9,49.8,5.7,1300.0,1010.0,78.0,43.0,83.8,98.0,866
2024-03-25T05:29:57.000000+00:00,236.5,50.1,236.5,50.1,228.9,50.1,5.6,1280.0,1000.0,78.0,43.0,83.8,98.0,866
2024-03-25T05:30:57.000000+00:00,237.2,50.2,236.8,50.2,228.9,50.2,5.6,1280.0,1000.0,78.0,43.0,83.8,98.0,866
2024-03-25T05:31:57.000000+00:00,237.9,50.4,237.5,50.4,228.9,50.4,5.5,1270.0,990.0,78.0,42.0,83.8,98.0,866
2024-03-25T05:32:57.000000+00:00,236.3,50.4,236.3,50.4,228.9,50.4,5.6,1280.0,1000.0,78.0,42.0,84.0,98.0,866
2024-03-25T05:33:57.000000+00:00,236.8,50.4,236.6,50.4,228.9,50.4,5.6,1280.0,1010.0,79.0,42.0,84.1,98.0,866
2024-03-25T05:34:57.000000+00:00,235.8,50.2,235.5,50.2,228.9,50.2,5.6,1280.0,1000.0,78.0,43.0,84.2,98.0,866
2024-03-25T05:35:57.000000+00:00,234.5,50.1,234.5,50.1,228.9,50.1,5.6,1280.0,1000.0,78.0,43.0,84.3,98.0,866
2024-03-25T05:36:57.000000+00:00,235.6,50.3,236.0,50.3,228.9,50.3,5.6,1270.0,1000.0,79.0,42.0,84.3,98.0,866
2024-03-25T05:37:57.000000+00:00,236.6,50.3,236.6,50.3,228.9,50.3,5.6,1280.0,1000.0,78.0,43.0,84.3,98.0,866
2024-03-25T05:38:57.000000+00:00,235.6,50.3,235.8,50.3,228.9,50.2,5.5,1270.0,990.0,78.0,43.0,84.2,98.0,866
2024-03-25T05:39:57.000000+00:00,235.2,50.2,236.1,50.1,228.9,50.2,5.6,1280.0,1000.0,78.0,43.0,84.1,98.0,866
2024-03-25T05:40:57.000000+00:00,234.1,50.3,234.1,50.3,228.9,50.3,5.6,1280.0,1000.0,78.0,43.0,84.1,98.0,866
2024-03-25T05:41:57.000000+00:00,234.8,50.2,235.4,50.3,228.9,50.2,5.6,1270.0,990.0,78.0,43.0,84.1,98.0,866
2024-03-25T05:42:57.000000+00:00,234.3,50.1,234.9,50.1,228.9,50.1,5.6,1280.0,1000.0,78.0,43.0,84.0,98.0,866
2024-03-25T05:43:57.000000+00:00,234.6,50.1,235.1,50.1,228.9,50.1,5.6,1280.0,1000.0,78.0,43.0,83.9,98.0,866
2024-03-25T05:44:57.000000+00:00,233.8,50.2,233.8,50.2,228.9,50.2,5.5,1270.0,990.0,78.0,43.0,83.9,98.0,866
2024-03-25T05:45:57.000000+00:00,234.5,50.2,234.0,50.2,228.9,50.2,5.6,1280.0,1000.0,78.0,43.0,83.9,98.0,866
2024-03-25T05:46:57.000000+00:00,233.8,50.2,234.8,50.2,228.9,50.2,5.6,1280.0,1000.0,78.0,42.0,83.9,98.0,866
2024-03-25T05:47:57.000000+00:00,234.5,50.2,234.5,50.2,228.9,50.2,5.6,1270.0,990.0,78.0,42.0,83.8,98.0,867
2024-03-25T05:48:57.000000+00:00,234.8,50.0,234.3,50.0,228.9,50.0,5.6,1290.0,1000.0,78.0,43.0,83.9,98.0,867
2024-03-25T05:49:57.000000+00:00,233.7,50.1,233.7,50.1,228.9,50.1,5.6,1290.0,1000.0,78.0,43.0,84.1,98.0,867
2024-03-25T05:50:57.000000+00:00,233.9,50.1,234.0,50.1,228.9,50.1,5.6,1280.0,1000.0,78.0,43.0,84.2,98.0,867
2024-03-25T05:51:57.000000+00:00,234.2,50.1,234.2,50.1,228.9,50.1,5.6,1290.0,1010.0,78.0,43.0,84.3,98.0,867
2024-03-25T05:52:57.000000+00:00,233.6,50.1,233.1,50.1,228.9,50.1,5.7,1300.0,1010.0,78.0,43.0,84.3,98.0,867
2024-03-25T05:53:57.000000+00:00,234.4,50.2,234.4,50.2,228.9,50.2,5.6,1280.0,1000.0,78.0,43.0,84.4,98.0,867
2024-03-25T05:54:57.000000+00:00,234.4,50.2,234.4,50.2,228.9,50.2,5.6,1270.0,990.0,78.0,43.0,84.3,98.0,867
2024-03-25T05:55:57.000000+00:00,234.3,50.2,234.8,50.2,228.9,50.2,5.5,1270.0,990.0,78.0,43.0,84.2,98.0,867
2024-03-25T05:56:57.000000+00:00,234.4,49.9,234.4,49.9,228.9,49.9,5.6,1290.0,1000.0,78.0,43.0,84.1,98.0,867
2024-03-25T05:57:57.000000+00:00,233.3,49.9,234.3,49.9,228.9,49.9,5.6,1290.0,1000.0,78.0,43.0,84.1,98.0,867
2024-03-25T05:58:57.000000+00:00,233.3,49.8,233.3,49.8,228.9,49.8,5.6,1290.0,1000.0,78.0,43.0,84.0,99.0,867
2024-03-25T05:59:57.000000+00:00,233.0,50.1,233.0,50.1,228.9,50.1,5.6,1290.0,1000.0,78.0,43.0,84.0,99.0,867
2024-03-25T06:00:58.000000+00:00,232.7,50.1,232.7,50.1,228.9,50.1,5.6,1280.0,1000.0,78.0,43.0,83.9,99.0,867
2024-03-25T06:01:58.000000+00:00,233.2,50.4,233.6,50.4,228.9,50.4,5.5,1270.0,990.0,78.0,42.0,83.9,99.0,867
2024-03-25T06:02:58.000000+00:00,233.0,50.3,233.0,50.3,228.9,50.3,5.6,1270.0,990.0,78.0,43.0,83.9,99.0,867
2024-03-25T06:03:58.000000+00:00,232.8,50.3,232.8,50.3,228.9,50.3,5.6,1280.0,1000.0,78.0,42.0,83.9,99.0,867
2024-03-25T06:04:58.000000+00:00,235.9,50.3,236.8,50.3,228.9,50.3,5.6,1290.0,1010.0,78.0,43.0,84.1,99.0,867
2024-03-25T06:05:58.000000+00:00,237.5,50.3,238.1,50.3,228.9,50.3,5.6,1270.0,1000.0,79.0,42.0,84.2,99.0,867
2024-03-25T06:06:58.000000+00:00,238.7,50.3,238.7,50.3,228.9,50.3,5.6,1280.0,1000.0,78.0,43.0,84.2,99.0,867
2024-03-25T06:07:58.000000+00:00,237.6,50.3,237.7,50.3,228.9,50.3,5.6,1280.0,1000.0,78.0,43.0,84.3,99.0,867
2024-03-25T06:08:58.000000+00:00,238.0,50.2,237.5,50.2,228.9,50.2,5.6,1270.0,1000.0,79.0,43.0,84.4,99.0,868
2024-03-25T06:09:58.000000+00:00,237.2,50.2,237.7,50.2,228.9,50.2,5.6,1270.0,1000.0,79.0,43.0,84.4,99.0,868
2024-03-25T06:10:58.000000+00:00,238.3,50.3,238.3,50.2,228.9,50.3,5.6,1280.0,1000.0,78.0,43.0,84.3,99.0,868
2024-03-25T06:11:58.000000+00:00,237.9,50.0,237.6,50.0,228.9,50.0,5.7,1300.0,1010.0,78.0,43.0,84.2,99.0,868
2024-03-25T06:12:58.000000+00:00,237.4,49.9,237.4,49.9,228.9,49.9,5.7,1300.0,1010.0,78.0,43.0,84.1,99.0,868
2024-03-25T06:13:58.000000+00:00,237.1,49.9,237.1,49.9,228.9,49.9,5.7,1300.0,1000.0,77.0,43.0,84.1,99.0,868
2024-03-25T06:14:58.000000+00:00,239.0,49.9,238.1,49.9,228.9,49.9,5.6,1290.0,1010.0,78.0,43.0,84.0,99.0,868
2024-03-25T06:15:58.000000+00:00,237.6,50.0,237.6,50.0,228.9,50.0,5.7,1290.0,1010.0,78.0,43.0,84.0,99.0,868
2024-03-25T06:16:58.000000+00:00,239.7,50.1,238.8,50.1,228.9,50.1,5.6,1290.0,1000.0,78.0,43.0,84.0,99.0,868
2024-03-25T06:17:58.000000+00:00,238.2,50.0,239.1,50.1,228.9,50.1,5.6,1280.0,1000.0,78.0,43.0,83.9,99.0,868
2024-03-25T06:18:58.000000+00:00,239.4,50.4,239.0,50.4,228.9,50.4,5.6,1270.0,1000.0,79.0,42.0,83.9,99.0,868
2024-03-25T06:19:58.000000+00:00,237.9,50.3,237.9,50.3,228.9,50.3,5.5,1270.0,1000.0,79.0,43.0,83.9,99.0,868
2024-03-25T06:20:58.000000+00:00,237.1,50.0,237.1,50.0,228.9,50.0,5.6,1290.0,1000.0,78.0,43.0,84.0,99.0,868
2024-03-25T06:21:58.000000+00:00,236.3,50.1,236.3,50.1,228.9,50.1,5.6,1290.0,1000.0,78.0,43.0,84.1,99.0,868
2024-03-25T06:22:58.000000+00:00,237.4,50.3,237.4,50.3,228.9,50.3,5.6,1280.0,1000.0,78.0,42.0,84.2,99.0,868
2024-03-25T06:23:58.000000+00:00,237.0,50.2,236.9,50.2,228.9,50.2,5.6,1280.0,1000.0,78.0,43.0,84.3,99.0,868
2024-03-25T06:24:58.000000+00:00,237.1,50.3,237.0,50.3,228.9,50.3,5.6,1280.0,1000.0,78.0,43.0,84.3,99.0,868
2024-03-25T06:25:58.000000+00:00,237.5,50.2,237.5,50.2,228.9,50.2,5.6,1280.0,1000.0,78.0,43.0,84.3,99.0,868
2024-03-25T06:26:58.000000+00:00,237.8,50.2,237.8,50.2,228.9,50.2,5.6,1280.0,1000.0,78.0,43.0,84.3,99.0,868
2024-03-25T06:27:58.000000+00:00,237.2,50.3,237.3,50.3,228.9,50.3,5.6,1270.0,1000.0,79.0,42.0,84.2,99.0,868
2024-03-25T06:28:58.000000+00:00,237.9,50.4,237.9,50.4,228.9,50.4,5.6,1280.0,1000.0,78.0,42.0,84.1,99.0,868
2024-03-25T06:29:58.000000+00:00,237.8,50.3,237.8,50.3,228.9,50.3,5.5,1270.0,1000.0,79.0,42.0,84.1,99.0,869
2024-03-25T06:30:58.000000+00:00,237.6,50.3,237.6,50.3,228.9,50.3,5.6,1290.0,1010.0,78.0,43.0,84.0,99.0,869
2024-03-25T06:31:58.000000+00:00,237.7,50.3,237.7,50.3,228.9,50.3,5.6,1280.0,1000.0,78.0,43.0,84.0,99.0,869
2024-03-25T06:32:58.000000+00:00,237.7,50.3,237.7,50.3,228.9,50.3,5.6,1280.0,1000.0,78.0,43.0,84.0,99.0,869
2024-03-25T06:33:58.000000+00:00,238.3,50.3,238.4,50.3,228.9,50.3,5.6,1280.0,1000.0,78.0,43.0,83.9,99.0,881
2024-03-25T06:34:58.000000+00:00,236.8,50.3,237.2,50.3,228.9,50.3,5.6,1290.0,1010.0,78.0,43.0,83.9,99.0,869
2024-03-25T06:35:58.000000+00:00,237.5,50.2,237.5,50.2,228.9,50.2,5.6,1280.0,1000.0,78.0,43.0,83.8,99.0,869
2024-03-25T06:36:58.000000+00:00,237.9,50.2,237.3,50.2,228.9,50.2,5.6,1270.0,990.0,78.0,43.0,83.9,99.0,869
2024-03-25T06:37:58.000000+00:00,237.8,50.2,236.9,50.2,228.9,50.2,5.6,1280.0,1000.0,78.0,43.0,83.9,99.0,869
2024-03-25T06:38:58.000000+00:00,238.0,50.2,237.6,50.2,228.9,50.2,5.6,1290.0,1010.0,78.0,43.0,84.2,99.0,869
2024-03-25T06:39:58.000000+00:00,237.8,50.2,238.3,50.2,228.9,50.1,5.6,1280.0,1000.0,78.0,43.0,84.3,99.0,869
2024-03-25T06:40:58.000000+00:00,237.8,50.3,237.8,50.3,228.9,50.3,5.6,1280.0,1000.0,78.0,43.0,84.3,99.0,869
2024-03-25T06:41:58.000000+00:00,237.5,50.2,237.5,50.2,228.9,50.2,5.6,1280.0,1000.0,78.0,43.0,84.2,99.0,869
2024-03-25T06:42:58.000000+00:00,237.5,50.3,237.5,50.3,228.9,50.3,5.6,1290.0,1010.0,78.0,43.0,84.3,99.0,869
2024-03-25T06:43:58.000000+00:00,238.4,50.3,238.4,50.3,228.9,50.3,5.5,1260.0,990.0,79.0,43.0,84.2,99.0,869
2024-03-25T06:44:58.000000+00:00,236.9,50.1,236.9,50.1,228.9,50.1,5.6,1290.0,1000.0,78.0,43.0,84.1,99.0,869
2024-03-25T06:45:58.000000+00:00,237.1,50.3,237.1,50.3,228.9,50.3,5.6,1280.0,1000.0,78.0,42.0,84.1,99.0,869
2024-03-25T06:46:58.000000+00:00,236.3,50.2,236.3,50.2,228.9,50.2,5.6,1280.0,1010.0,79.0,43.0,84.1,99.0,869
2024-03-25T06:47:58.000000+00:00,236.9,50.3,236.4,50.3,228.9,50.3,5.6,1280.0,1000.0,78.0,43.0,84.0,99.0,869
2024-03-25T06:48:58.000000+00:00,236.3,50.1,236.3,50.1,228.9,50.1,5.6,1280.0,1000.0,78.0,43.0,84.0,99.0,869
2024-03-25T06:49:58.000000+00:00,236.2,50.0,236.2,50.0,228.9,50.0,5.6,1300.0,1010.0,78.0,43.0,84.0,99.0,869
2024-03-25T06:50:58.000000+00:00,236.1,49.9,236.3,49.9,228.9,49.9,5.6,1290.0,1000.0,78.0,43.0,83.9,99.0,870
2024-03-25T06:51:58.000000+00:00,233.7,50.0,233.7,50.0,228.9,50.0,5.6,1290.0,1000.0,78.0,43.0,83.9,99.0,870
2024-03-25T06:52:58.000000+00:00,233.8,50.0,233.8,50.0,228.9,50.0,5.6,1290.0,1000.0,78.0,43.0,83.9,99.0,870
2024-03-25T06:53:58.000000+00:00,235.4,50.4,235.7,50.4,228.9,50.4,5.6,1270.0,1000.0,79.0,43.0,83.9,99.0,870
2024-03-25T06:54:58.000000+00:00,235.2,50.5,234.7,50.5,228.9,50.5,5.5,1270.0,1000.0,79.0,42.0,84.1,99.0,870
2024-03-25T06:55:58.000000+00:00,234.8,50.4,235.2,50.4,228.9,50.4,5.5,1270.0,1000.0,79.0,42.0,84.2,99.0,870
2024-03-25T06:56:59.000000+00:00,235.6,50.4,235.6,50.4,228.9,50.4,5.5,1270.0,990.0,78.0,42.0,84.2,99.0,870
2024-03-25T06:57:59.000000+00:00,235.3,50.4,235.3,50.4,228.9,50.4,5.5,1270.0,990.0,78.0,42.0,84.3,99.0,870
2024-03-25T06:58:59.000000+00:00,235.0,50.2,235.1,50.2,228.9,50.2,5.6,1280.0,1000.0,78.0,43.0,84.3,99.0,870
2024-03-25T06:59:59.000000+00:00,234.5,50.2,234.9,50.2,228.9,50.2,5.6,1290.0,1000.0,78.0,43.0,84.3,99.0,870
2024-03-25T07:00:59.000000+00:00,234.8,50.2,234.8,50.2,228.9,50.2,5.6,1290.0,1010.0,78.0,43.0,84.1,99.0,870
2024-03-25T07:01:59.000000+00:00,234.9,50.4,234.9,50.4,228.9,50.4,5.6,1270.0,1000.0,79.0,42.0,84.1,99.0,870
2024-03-25T07:02:59.000000+00:00,235.7,50.3,235.7,50.3,228.9,50.3,5.5,1270.0,1000.0,79.0,43.0,84.1,99.0,870
2024-03-25T07:03:59.000000+00:00,235.3,50.2,236.2,50.2,228.9,50.2,5.6,1280.0,1000.0,78.0,43.0,84.1,99.0,870
2024-03-25T07:04:59.000000+00:00,236.4,50.2,235.4,50.2,228.9,50.2,5.6,1290.0,1010.0,78.0,43.0,83.9,99.0,870
2024-03-25T07:05:59.000000+00:00,237.5,50.2,236.4,50.2,228.9,50.2,5.6,1280.0,1000.0,78.0,43.0,84.0,99.0,870
2024-03-25T07:06:59.000000+00:00,238.2,50.3,238.2,50.3,228.9,50.3,5.6,1280.0,1000.0,78.0,42.0,83.9,99.0,870
2024-03-25T07:07:59.000000+00:00,238.8,50.3,238.8,50.3,228.9,50.3,5.6,1280.0,1000.0,78.0,43.0,83.9,99.0,870
2024-03-25T07:08:59.000000+00:00,237.5,50.2,237.7,50.2,228.9,50.2,5.6,1280.0,1000.0,78.0,43.0,83.9,99.0,870
2024-03-25T07:09:59.000000+00:00,238.4,50.3,238.5,50.3,228.9,50.3,5.5,1270.0,990.0,78.0,43.0,83.9,99.0,870
2024-03-25T07:10:59.000000+00:00,239.1,50.2,238.5,50.2,228.9,50.2,5.6,1280.0,1000.0,78.0,43.0,83.8,99.0,871
2024-03-25T07:11:59.000000+00:00,239.9,50.0,238.9,50.0,228.9,50.0,5.6,1290.0,1000.0,78.0,43.0,83.9,99.0,871
2024-03-25T07:12:59.000000+00:00,238.5,50.0,238.5,50.0,228.9,49.9,5.6,1290.0,1010.0,78.0,43.0,83.8,99.0,871
2024-03-25T07:13:59.000000+00:00,238.9,49.9,238.0,49.9,228.9,49.9,5.7,1300.0,1010.0,78.0,43.0,84.0,99.0,871
2024-03-25T07:14:59.000000+00:00,239.2,50.0,239.2,50.0,228.9,50.0,5.6,1280.0,1000.0,78.0,43.0,84.1,99.0,871
2024-03-25T07:15:59.000000+00:00,238.8,50.0,238.8,50.0,228.9,50.0,5.6,1280.0,1000.0,78.0,43.0,84.2,99.0,871
2024-03-25T07:16:59.000000+00:00,237.8,50.0,237.4,50.0,228.9,50.0,5.6,1290.0,1000.0,78.0,43.0,84.3,99.0,871
2024-03-25T07:17:59.000000+00:00,237.8,50.1,238.3,50.1,228.9,50.1,5.6,1290.0,1000.0,78.0,43.0,84.3,99.0,871
2024-03-25T07:18:59.000000+00:00,238.4,50.0,238.4,50.0,228.9,50.0,5.6,1290.0,1010.0,78.0,43.0,84.3,99.0,871
2024-03-25T07:19:59.000000+00:00,238.8,49.8,238.8,49.8,228.9,49.8,5.7,1300.0,1010.0,78.0,44.0,84.2,99.0,871
2024-03-25T07:20:59.000000+00:00,237.9,49.8,237.8,49.8,228.9,49.8,5.6,1290.0,1000.0,78.0,43.0,84.1,99.0,871
2024-03-25T07:21:59.000000+00:00,238.2,49.8,238.1,49.8,228.9,49.8,5.7,1310.0,1010.0,77.0,43.0,84.0,99.0,871
2024-03-25T07:22:59.000000+00:00,238.9,49.9,238.9,49.9,228.9,49.9,5.6,1290.0,1000.0,78.0,43.0,84.1,99.0,871
2024-03-25T07:23:59.000000+00:00,237.8,50.0,238.8,49.9,228.9,49.9,5.6,1290.0,1000.0,78.0,43.0,84.0,99.0,871
2024-03-25T07:24:59.000000+00:00,237.8,49.6,237.3,49.6,228.9,49.6,5.7,1300.0,1000.0,77.0,44.0,84.0,99.0,871
2024-03-25T07:25:59.000000+00:00,237.1,49.7,237.5,49.7,228.9,49.7,5.7,1300.0,1010.0,78.0,43.0,83.8,99.0,871
2024-03-25T07:26:59.000000+00:00,237.9,49.7,236.9,49.7,228.9,49.7,5.7,1310.0,1010.0,77.0,44.0,83.9,99.0,812
2024-03-25T07:27:59.000000+00:00,237.2,49.8,237.2,49.8,228.9,49.8,5.7,1300.0,1010.0,78.0,43.0,83.8,99.0,871
2024-03-25T07:28:59.000000+00:00,238.9,50.1,238.9,50.1,228.9,50.1,5.6,1290.0,1000.0,78.0,43.0,83.9,99.0,871
2024-03-25T07:29:59.000000+00:00,238.7,50.2,239.2,50.1,228.9,50.1,5.6,1280.0,1000.0,78.0,43.0,83.9,99.0,871
2024-03-25T07:30:59.000000+00:00,237.6,50.0,237.6,50.0,228.9,50.0,5.6,1290.0,1000.0,78.0,43.0,84.1,99.0,871
2024-03-25T07:31:59.000000+00:00,237.6,50.1,238.2,50.1,228.9,50.1,5.6,1290.0,1010.0,78.0,43.0,84.2,99.0,872
2024-03-25T07:32:59.000000+00:00,238.7,50.0,238.7,50.0,228.9,50.0,5.6,1290.0,1000.0,78.0,43.0,84.2,99.0,872
2024-03-25T07:33:59.000000+00:00,240.2,49.9,239.6,49.9,228.9,49.9,5.7,1290.0,1010.0,78.0,43.0,84.3,99.0,872
2024-03-25T07:34:59.000000+00:00,238.6,50.2,237.7,50.2,228.9,50.2,5.6,1290.0,1010.0,78.0,43.0,84.0,99.0,872
2024-03-25T07:35:59.000000+00:00,237.9,50.2,237.9,50.2,228.9,50.2,5.6,1280.0,1000.0,78.0,43.0,84.2,99.0,872
2024-03-25T07:36:59.000000+00:00,236.2,50.1,236.2,50.2,228.9,50.2,5.6,1280.0,1000.0,78.0,43.0,84.1,99.0,872
2024-03-25T07:37:59.000000+00:00,236.8,50.0,236.2,50.0,228.9,50.0,5.6,1290.0,1000.0,78.0,43.0,84.1,99.0,872
2024-03-25T07:38:59.000000+00:00,234.7,49.8,234.7,49.8,228.9,49.9,5.7,1300.0,1010.0,78.0,44.0,83.9,99.0,872
2024-03-25T07:39:59.000000+00:00,234.5,50.1,234.0,50.1,228.9,50.1,5.6,1290.0,1000.0,78.0,43.0,84.0,99.0,872
2024-03-25T07:40:59.000000+00:00,234.8,50.1,234.6,50.1,228.9,50.1,5.6,1290.0,1000.0,78.0,43.0,83.9,99.0,872
2024-03-25T07:41:59.000000+00:00,234.2,49.8,234.2,49.8,228.9,49.8,5.6,1290.0,1000.0,78.0,43.0,83.9,99.0,872
2024-03-25T07:42:59.000000+00:00,235.5,49.9,234.5,49.9,228.9,49.9,5.7,1300.0,1010.0,78.0,43.0,83.8,99.0,872
2024-03-25T07:43:59.000000+00:00,234.6,50.0,234.0,50.0,228.9,50.0,5.6,1290.0,1000.0,78.0,43.0,83.9,99.0,872
2024-03-25T07:44:59.000000+00:00,233.8,49.8,233.8,49.8,228.9,49.8,5.7,1300.0,1010.0,78.0,43.0,83.8,99.0,872
2024-03-25T07:45:59.000000+00:00,234.1,49.9,233.7,49.9,228.9,49.9,5.7,1300.0,1010.0,78.0,43.0,84.1,99.0,872
2024-03-25T07:46:59.000000+00:00,233.9,50.0,233.9,50.0,228.9,50.0,5.7,1290.0,1010.0,78.0,43.0,84.0,99.0,872
2024-03-25T07:47:59.000000+00:00,234.1,50.0,234.9,50.0,228.9,50.0,5.7,1290.0,1010.0,78.0,43.0,84.2,99.0,872
2024-03-25T07:48:59.000000+00:00,235.4,50.0,235.4,50.0,228.9,50.0,5.6,1290.0,1000.0,78.0,43.0,84.0,99.0,872
2024-03-25T07:49:59.000000+00:00,235.2,49.9,235.2,49.9,228.9,49.9,5.6,1290.0,1000.0,78.0,43.0,84.3,99.0,872
2024-03-25T07:50:59.000000+00:00,236.8,50.0,236.7,50.0,228.9,50.0,5.6,1290.0,1010.0,78.0,43.0,84.2,99.0,872
2024-03-25T07:51:59.000000+00:00,237.5,49.9,236.5,49.9,228.9,49.9,5.6,1290.0,1000.0,78.0,43.0,84.2,99.0,872
2024-03-25T07:52:59.000000+00:00,236.5,50.0,236.5,50.0,228.9,50.0,5.6,1290.0,1000.0,78.0,43.0,84.0,99.0,873
2024-03-25T07:53:59.000000+00:00,237.1,50.0,237.1,50.0,228.9,50.0,5.6,1290.0,1010.0,78.0,43.0,84.1,99.0,873
2024-03-25T07:55:00.000000+00:00,237.6,49.9,237.4,49.9,228.9,49.9,5.6,1290.0,1000.0,78.0,43.0,84.0,99.0,873
2024-03-25T07:56:00.000000+00:00,237.3,49.9,237.3,49.9,228.9,49.9,5.7,1300.0,1010.0,78.0,43.0,84.0,99.0,873
2024-03-25T07:57:00.000000+00:00,237.9,49.9,237.9,49.9,228.9,49.9,5.7,1300.0,1010.0,78.0,43.0,84.0,99.0,873
2024-03-25T07:58:00.000000+00:00,237.6,49.7,237.6,49.7,228.9,49.7,5.7,1310.0,1010.0,77.0,43.0,83.8,99.0,873
2024-03-25T07:59:00.000000+00:00,237.1,49.8,238.1,49.8,228.9,49.8,5.7,1300.0,1010.0,78.0,43.0,83.9,99.0,873
2024-03-25T08:00:00.000000+00:00,237.2,49.7,237.3,49.7,228.9,49.7,5.7,1310.0,1010.0,77.0,43.0,83.8,99.0,873
2024-03-25T08:01:00.000000+00:00,237.2,49.6,237.8,49.6,228.9,49.6,5.7,1310.0,1010.0,77.0,43.0,83.9,99.0,873
2024-03-25T08:02:00.000000+00:00,237.4,49.7,237.4,49.7,228.9,49.7,5.6,1290.0,1000.0,78.0,43.0,83.8,99.0,873
2024-03-25T08:03:00.000000+00:00,238.8,49.9,238.8,49.9,228.9,49.9,5.6,1290.0,1000.0,78.0,43.0,84.1,99.0,873
2024-03-25T08:04:00.000000+00:00,239.6,50.2,239.6,50.2,228.9,50.2,5.6,1280.0,1000.0,78.0,43.0,84.2,99.0,873
2024-03-25T08:05:00.000000+00:00,240.5,50.3,240.5,50.3,228.9,50.3,5.6,1280.0,1000.0,78.0,43.0,84.2,99.0,873
2024-03-25T08:06:00.000000+00:00,239.1,50.0,239.1,50.0,228.9,50.0,5.6,1290.0,1010.0,78.0,43.0,84.3,99.0,873
2024-03-25T08:07:00.000000+00:00,238.6,50.1,238.6,50.1,228.9,50.1,5.6,1290.0,1000.0,78.0,43.0,84.3,99.0,873
2024-03-25T08:08:00.000000+00:00,239.3,50.3,240.0,50.3,228.9,50.3,5.6,1270.0,990.0,78.0,43.0,84.2,99.0,873
2024-03-25T08:09:00.000000+00:00,238.9,50.3,239.9,50.3,228.9,50.3,5.5,1270.0,1000.0,79.0,43.0,84.1,99.0,873
2024-03-25T08:10:00.000000+00:00,239.6,50.3,239.6,50.3,228.9,50.3,5.6,1280.0,1000.0,78.0,43.0,84.1,99.0,873
2024-03-25T08:11:00.000000+00:00,239.5,50.3,239.5,50.3,228.9,50.3,5.6,1280.0,1000.0,78.0,43.0,84.0,99.0,873
2024-03-25T08:12:00.000000+00:00,240.0,50.4,240.0,50.4,228.9,50.4,5.5,1270.0,990.0,78.0,43.0,84.0,99.0,825
2024-03-25T08:13:00.000000+00:00,239.2,50.3,238.7,50.3,228.9,50.3,5.6,1270.0,990.0,78.0,43.0,83.8,99.0,873
2024-03-25T08:14:00.000000+00:00,239.1,50.3,239.1,50.3,228.9,50.3,5.5,1270.0,1000.0,79.0,42.0,83.9,99.0,874
2024-03-25T08:15:00.000000+00:00,239.4,50.3,239.4,50.3,228.9,50.3,5.6,1280.0,1000.0,78.0,43.0,83.8,99.0,874
2024-03-25T08:16:00.000000+00:00,240.1,50.3,239.2,50.3,228.9,50.3,5.6,1270.0,1000.0,79.0,43.0,83.9,99.0,874
2024-03-25T08:17:00.000000+00:00,240.8,50.3,240.8,50.3,228.9,50.3,5.6,1270.0,1000.0,79.0,43.0,83.7,99.0,874
2024-03-25T08:18:00.000000+00:00,240.4,50.2,240.4,50.2,228.9,50.2,5.6,1280.0,1000.0,78.0,43.0,84.0,99.0,874
2024-03-25T08:19:00.000000+00:00,239.9,50.2,240.4,50.2,228.9,50.2,5.6,1280.0,1000.0,78.0,43.0,83.9,99.0,874
2024-03-25T08:20:00.000000+00:00,241.0,50.3,241.0,50.3,228.9,50.3,5.5,1270.0,1000.0,79.0,43.0,84.2,99.0,874
2024-03-25T08:21:00.000000+00:00,240.3,50.1,239.3,50.1,228.9,50.1,5.6,1280.0,1000.0,78.0,43.0,84.1,99.0,874
2024-03-25T08:22:00.000000+00:00,238.9,50.0,238.9,50.0,228.9,50.0,5.6,1290.0,1000.0,78.0,43.0,84.3,99.0,874
2024-03-25T08:23:00.000000+00:00,238.4,50.1,237.9,50.1,228.9,50.1,5.6,1280.0,1000.0,78.0,43.0,84.0,99.0,874
2024-03-25T08:24:00.000000+00:00,239.2,50.1,239.2,50.1,228.9,50.1,5.6,1290.0,1010.0,78.0,43.0,84.2,99.0,874
2024-03-25T08:25:00.000000+00:00,239.9,50.3,239.9,50.3,228.9,50.3,5.6,1270.0,1000.0,79.0,43.0,83.9,99.0,874
2024-03-25T08:26:00.000000+00:00,238.5,50.3,238.5,50.3,228.9,50.2,5.6,1280.0,1000.0,78.0,42.0,84.1,99.0,900
2024-03-25T08:27:00.000000+00:00,238.4,50.2,239.0,50.2,228.9,50.2,5.6,1280.0,1000.0,78.0,43.0,83.8,99.0,874
2024-03-25T08:28:00.000000+00:00,237.5,50.1,237.5,50.1,228.9,50.1,5.7,1300.0,1010.0,78.0,43.0,84.0,99.0,874
2024-03-25T08:29:00.000000+00:00,238.0,49.9,238.0,49.9,228.9,49.9,5.6,1290.0,1000.0,78.0,43.0,83.8,99.0,874
2024-03-25T08:30:00.000000+00:00,237.3,50.1,237.3,50.1,228.9,50.1,5.6,1280.0,1000.0,78.0,43.0,83.9,99.0,874
2024-03-25T08:31:00.000000+00:00,237.7,50.1,237.2,50.1,228.9,50.1,5.6,1290.0,1010.0,78.0,43.0,83.8,99.0,874
2024-03-25T08:32:00.000000+00:00,238.0,50.2,238.0,50.2,228.9,50.2,5.6,1290.0,1010.0,78.0,43.0,83.9,99.0,874
2024-03-25T08:33:00.000000+00:00,238.0,50.1,238.3,50.1,228.9,50.1,5.6,1280.0,1000.0,78.0,43.0,83.8,99.0,874
2024-03-25T08:34:00.000000+00:00,237.7,49.9,237.2,49.9,228.9,49.9,5.7,1300.0,1010.0,78.0,43.0,84.0,99.0,875
2024-03-25T08:35:00.000000+00:00,237.5,49.8,237.5,49.8,228.9,49.8,5.7,1300.0,1000.0,77.0,43.0,83.9,99.0,875
2024-03-25T08:36:00.000000+00:00,237.5,50.0,238.5,50.0,228.9,50.0,5.6,1290.0,1000.0,78.0,43.0,84.2,99.0,875
2024-03-25T08:37:00.000000+00:00,238.8,50.1,237.9,50.1,228.9,50.0,5.6,1280.0,1000.0,78.0,43.0,84.1,99.0,875
2024-03-25T08:38:00.000000+00:00,237.9,50.0,237.9,50.0,228.9,50.0,5.6,1290.0,1000.0,78.0,43.0,84.3,99.0,875
2024-03-25T08:39:00.000000+00:00,237.1,50.1,237.1,50.1,228.9,50.0,5.6,1290.0,1010.0,78.0,43.0,84.2,99.0,875
2024-03-25T08:40:00.000000+00:00,237.2,50.0,237.1,50.0,228.9,50.0,5.6,1290.0,1000.0,78.0,43.0,83.9,99.0,875
2024-03-25T08:41:00.000000+00:00,237.4,49.8,236.3,49.8,228.9,49.8,5.7,1300.0,1010.0,78.0,43.0,84.1,99.0,875
2024-03-25T08:42:00.000000+00:00,235.6,49.8,235.6,49.8,228.9,49.8,5.7,1300.0,1010.0,78.0,43.0,84.1,99.0,875
2024-03-25T08:43:00.000000+00:00,236.0,49.7,236.0,49.7,228.9,49.7,5.7,1310.0,1020.0,78.0,44.0,83.9,99.0,875
2024-03-25T08:44:00.000000+00:00,236.6,49.7,236.6,49.7,228.9,49.7,5.7,1300.0,1010.0,78.0,43.0,84.0,99.0,875
2024-03-25T08:45:00.000000+00:00,236.1,49.7,236.1,49.7,228.9,49.7,5.7,1300.0,1000.0,77.0,43.0,83.9,99.0,875
2024-03-25T08:46:00.000000+00:00,235.0,49.6,234.6,49.6,228.9,49.6,5.7,1310.0,1010.0,77.0,44.0,83.9,99.0,875
2024-03-25T08:47:00.000000+00:00,234.4,49.6,234.0,49.6,228.9,49.6,5.7,1310.0,1010.0,77.0,44.0,83.8,99.0,875
2024-03-25T08:48:00.000000+00:00,234.9,49.6,234.3,49.6,228.9,49.6,5.7,1310.0,1010.0,77.0,44.0,83.9,99.0,875
2024-03-25T08:49:00.000000+00:00,234.5,49.7,234.5,49.7,228.9,49.7,5.7,1300.0,1000.0,77.0,44.0,83.8,99.0,875
2024-03-25T08:50:00.000000+00:00,234.5,49.6,234.5,49.6,228.9,49.6,5.7,1300.0,1000.0,77.0,44.0,83.9,99.0,875
2024-03-25T08:51:00.000000+00:00,235.3,49.7,235.2,49.7,228.9,49.7,5.7,1300.0,1010.0,78.0,44.0,83.7,99.0,875
2024-03-25T08:52:00.000000+00:00,235.1,49.9,235.1,49.9,228.9,49.9,5.7,1300.0,1010.0,78.0,43.0,83.8,99.0,875
2024-03-25T08:53:00.000000+00:00,235.9,49.9,235.5,49.9,228.9,49.9,5.6,1290.0,1000.0,78.0,43.0,83.7,99.0,875
2024-03-25T08:54:00.000000+00:00,235.1,49.9,236.1,49.9,228.9,49.9,5.7,1290.0,1010.0,78.0,43.0,84.1,99.0,875
2024-03-25T08:55:01.000000+00:00,235.8,49.6,234.8,49.6,228.9,49.6,5.7,1300.0,1000.0,77.0,44.0,83.9,99.0,876
2024-03-25T08:56:01.000000+00:00,236.5,49.8,236.4,49.8,228.9,49.8,5.7,1300.0,1010.0,78.0,43.0,84.2,99.0,876
2024-03-25T08:57:01.000000+00:00,236.1,50.1,236.1,50.1,229.0,50.1,5.6,1280.0,1000.0,78.0,43.0,84.0,99.0,876
2024-03-25T08:58:01.000000+00:00,236.8,50.0,236.8,50.0,228.9,50.0,5.6,1290.0,1000.0,78.0,43.0,84.3,99.0,876
2024-03-25T08:59:01.000000+00:00,237.6,50.3,237.6,50.3,228.9,50.3,5.6,1280.0,1000.0,78.0,42.0,84.0,99.0,876
2024-03-25T09:00:01.000000+00:00,236.7,50.2,237.2,50.2,228.9,50.2,5.6,1280.0,1000.0,78.0,43.0,84.1,99.0,876
2024-03-25T09:01:01.000000+00:00,236.8,50.2,236.8,50.2,228.9,50.2,5.6,1280.0,1000.0,78.0,43.0,83.9,99.0,876
2024-03-25T09:02:01.000000+00:00,237.5,50.3,238.4,50.3,228.9,50.3,5.6,1280.0,1010.0,79.0,43.0,84.0,100.0,876
2024-03-25T09:03:01.000000+00:00,237.1,50.3,238.2,50.3,228.9,50.3,5.5,1270.0,990.0,78.0,43.0,83.9,100.0,876
2024-03-25T09:04:01.000000+00:00,236.9,50.1,236.8,50.1,228.9,50.1,5.6,1280.0,1000.0,78.0,43.0,83.9,100.0,876
2024-03-25T09:05:01.000000+00:00,237.5,50.3,237.5,50.3,228.9,50.3,5.5,1270.0,990.0,78.0,42.0,83.8,100.0,876
2024-03-25T09:06:01.000000+00:00,236.9,50.2,236.5,50.2,228.9,50.2,5.6,1280.0,1000.0,78.0,42.0,83.9,100.0,876
2024-03-25T09:07:01.000000+00:00,236.5,50.1,236.0,50.1,228.9,50.1,5.6,1280.0,1000.0,78.0,43.0,83.8,100.0,876
2024-03-25T09:08:01.000000+00:00,237.0,50.3,236.8,50.3,228.9,50.3,5.6,1280.0,1000.0,78.0,43.0,83.7,100.0,876
2024-03-25T09:09:01.000000+00:00,236.3,50.3,236.3,50.3,228.9,50.3,5.6,1280.0,1000.0,78.0,43.0,83.8,100.0,876
2024-03-25T09:10:01.000000+00:00,236.6,50.2,236.6,50.2,228.9,50.2,5.6,1280.0,1000.0,78.0,43.0,83.7,100.0,876
2024-03-25T09:11:01.000000+00:00,236.2,50.3,236.2,50.3,228.9,50.3,5.6,1280.0,1000.0,78.0,42.0,83.8,100.0,876
2024-03-25T09:12:01.000000+00:00,236.8,50.3,236.8,50.3,228.9,50.3,5.6,1280.0,1000.0,78.0,42.0,83.7,100.0,876
2024-03-25T09:13:01.000000+00:00,236.6,50.1,236.1,50.1,228.9,50.1,5.7,1290.0,1010.0,78.0,43.0,83.9,100.0,876
2024-03-25T09:14:01.000000+00:00,236.1,50.2,237.2,50.2,228.9,50.2,5.6,1280.0,1000.0,78.0,43.0,83.8,100.0,876
2024-03-25T09:15:01.000000+00:00,235.9,50.0,236.3,50.0,228.9,50.0,5.6,1280.0,1000.0,78.0,43.0,84.1,100.0,876
2024-03-25T09:16:01.000000+00:00,236.5,50.1,236.5,50.1,228.9,50.1,5.6,1280.0,1000.0,78.0,43.0,83.9,100.0,877
2024-03-25T09:17:01.000000+00:00,237.1,50.3,237.1,50.3,228.9,50.3,5.6,1280.0,1000.0,78.0,43.0,84.3,100.0,877
2024-03-25T09:18:01.000000+00:00,237.0,50.2,236.0,50.2,228.9,50.2,5.6,1280.0,1000.0,78.0,43.0,84.0,100.0,877
2024-03-25T09:19:01.000000+00:00,236.3,50.3,236.3,50.3,228.9,50.3,5.5,1270.0,990.0,78.0,43.0,84.2,100.0,877
2024-03-25T09:20:01.000000+00:00,237.6,50.4,237.6,50.4,228.9,50.4,5.6,1280.0,1010.0,79.0,42.0,83.9,100.0,877
2024-03-25T09:21:01.000000+00:00,238.1,50.3,237.1,50.3,228.9,50.3,5.6,1270.0,1000.0,79.0,42.0,84.1,100.0,877
2024-03-25T09:22:01.000000+00:00,237.0,50.3,236.8,50.3,228.9,50.3,5.5,1270.0,1000.0,79.0,42.0,83.8,100.0,877
2024-03-25T09:23:01.000000+00:00,238.1,50.4,238.3,50.4,228.9,50.4,5.6,1270.0,1000.0,79.0,42.0,84.0,100.0,877
2024-03-25T09:24:01.000000+00:00,238.4,50.3,238.4,50.3,228.9,50.3,5.6,1280.0,1010.0,79.0,43.0,83.8,100.0,877
2024-03-25T09:25:01.000000+00:00,237.0,50.3,236.9,50.3,228.9,50.3,5.6,1280.0,1000.0,78.0,42.0,83.9,100.0,877
2024-03-25T09:26:01.000000+00:00,237.3,50.3,237.4,50.3,228.9,50.3,5.6,1280.0,1000.0,78.0,42.0,83.7,100.0,877
2024-03-25T09:27:01.000000+00:00,238.1,50.3,237.1,50.3,228.9,50.3,5.6,1270.0,990.0,78.0,42.0,83.8,100.0,877
2024-03-25T09:28:01.000000+00:00,237.3,50.3,237.8,50.4,228.9,50.4,5.6,1270.0,1000.0,79.0,43.0,83.7,100.0,877
2024-03-25T09:29:01.000000+00:00,238.0,50.1,237.5,50.1,228.9,50.1,5.6,1280.0,1000.0,78.0,43.0,83.7,100.0,877
2024-03-25T09:30:01.000000+00:00,236.8,50.0,236.8,50.0,228.9,50.0,5.6,1280.0,990.0,77.0,43.0,83.6,100.0,877
2024-03-25T09:31:01.000000+00:00,237.5,50.0,237.5,50.0,228.9,50.0,5.6,1290.0,1000.0,78.0,43.0,83.7,100.0,877
2024-03-25T09:32:01.000000+00:00,238.1,50.2,237.6,50.2,228.9,50.2,5.6,1280.0,1000.0,78.0,43.0,83.6,100.0,877
2024-03-25T09:33:01.000000+00:00,237.4,50.1,237.8,50.1,228.9,50.1,5.6,1280.0,1000.0,78.0,43.0,83.9,100.0,877
2024-03-25T09:34:01.000000+00:00,238.0,50.2,238.0,50.2,228.9,50.2,5.6,1280.0,1000.0,78.0,43.0,83.8,100.0,877
2024-03-25T09:35:01.000000+00:00,238.8,50.2,238.8,50.2,228.9,50.2,5.6,1280.0,990.0,77.0,43.0,84.1,100.0,877
2024-03-25T09:36:01.000000+00:00,239.0,50.1,238.0,50.0,228.9,50.1,5.6,1290.0,1000.0,78.0,43.0,83.9,100.0,877
2024-03-25T09:37:01.000000+00:00,238.9,50.3,238.9,50.3,228.9,50.3,5.6,1280.0,1000.0,78.0,43.0,84.2,100.0,878
2024-03-25T09:38:01.000000+00:00,239.4,50.2,239.4,50.2,228.9,50.2,5.6,1270.0,1000.0,79.0,43.0,84.0,100.0,878
2024-03-25T09:39:01.000000+00:00,238.1,50.0,238.1,50.0,228.9,50.0,5.6,1300.0,1010.0,78.0,43.0,84.2,100.0,878
2024-03-25T09:40:01.000000+00:00,238.5,50.0,239.0,50.0,228.9,50.0,5.7,1290.0,1010.0,78.0,43.0,83.9,100.0,878
2024-03-25T09:41:01.000000+00:00,238.2,49.9,237.3,49.9,228.9,49.9,5.6,1290.0,1000.0,78.0,43.0,84.1,100.0,878
2024-03-25T09:42:01.000000+00:00,237.6,49.9,237.6,49.9,228.9,49.9,5.6,1280.0,990.0,77.0,43.0,83.9,100.0,878
2024-03-25T09:43:01.000000+00:00,237.4,49.7,237.3,49.7,228.9,49.7,5.7,1310.0,1010.0,77.0,44.0,84.0,100.0,878
2024-03-25T09:44:01.000000+00:00,237.5,49.8,237.5,49.8,228.9,49.8,5.7,1310.0,1010.0,77.0,43.0,83.8,100.0,878
2024-03-25T09:45:01.000000+00:00,237.0,49.9,238.0,49.9,228.9,49.9,5.7,1300.0,1010.0,78.0,43.0,83.9,100.0,878
2024-03-25T09:46:01.000000+00:00,236.6,49.6,237.1,49.6,228.9,49.6,5.7,1310.0,1010.0,77.0,44.0,83.8,100.0,878
2024-03-25T09:47:01.000000+00:00,236.4,49.8,236.4,49.8,228.9,49.8,5.7,1300.0,1000.0,77.0,43.0,83.9,100.0,878
2024-03-25T09:48:01.000000+00:00,237.6,50.0,237.6,50.0,228.9,50.0,5.6,1290.0,1000.0,78.0,43.0,83.7,100.0,878
2024-03-25T09:49:01.000000+00:00,238.5,50.0,238.5,50.0,228.9,50.0,5.6,1290.0,1000.0,78.0,43.0,83.8,100.0,878
2024-03-25T09:50:01.000000+00:00,237.7,49.9,237.8,49.9,228.9,49.9,5.6,1290.0,1000.0,78.0,43.0,83.7,100.0,878
2024-03-25T09:51:02.000000+00:00,238.5,49.8,238.0,49.8,228.9,49.8,5.7,1300.0,1000.0,77.0,43.0,83.6,100.0,878
2024-03-25T09:52:02.000000+00:00,237.7,50.0,237.7,50.0,228.9,50.0,5.6,1280.0,990.0,77.0,43.0,83.7,100.0,878
2024-03-25T09:53:02.000000+00:00,237.6,49.9,237.6,49.9,228.9,49.9,5.6,1290.0,1000.0,78.0,43.0,83.6,100.0,878
2024-03-25T09:54:02.000000+00:00,238.6,49.9,238.6,49.9,228.9,49.9,5.6,1290.0,1000.0,78.0,43.0,83.7,100.0,878
2024-03-25T09:55:02.000000+00:00,236.7,49.8,237.4,49.8,228.9,49.8,5.7,1300.0,1010.0,78.0,43.0,83.7,100.0,878
2024-03-25T09:56:02.000000+00:00,236.6,49.8,237.5,49.8,228.9,49.8,5.7,1300.0,1000.0,77.0,43.0,83.9,100.0,878
2024-03-25T09:57:02.000000+00:00,237.4,49.8,237.4,49.8,228.9,49.8,5.6,1290.0,1000.0,78.0,43.0,84.2,100.0,879
2024-03-25T09:58:02.000000+00:00,237.9,49.8,237.9,49.8,228.9,49.8,5.6,1290.0,1000.0,78.0,43.0,84.0,100.0,879
2024-03-25T09:59:02.000000+00:00,238.7,50.0,238.8,50.0,228.9,50.0,5.6,1290.0,1000.0,78.0,43.0,83.9,100.0,879
2024-03-25T10:00:02.000000+00:00,238.4,49.8,238.8,49.8,228.9,49.8,5.6,1290.0,1000.0,78.0,43.0,84.1,100.0,879
2024-03-25T10:01:02.000000+00:00,238.6,49.9,239.2,49.9,228.9,49.9,5.6,1290.0,1000.0,78.0,43.0,83.8,100.0,879
2024-03-25T10:02:02.000000+00:00,239.7,49.8,239.7,49.8,228.9,49.8,5.7,1310.0,1020.0,78.0,43.0,84.0,100.0,879
2024-03-25T10:03:02.000000+00:00,239.3,49.6,239.7,49.6,228.9,49.6,5.7,1300.0,1000.0,77.0,44.0,83.8,100.0,892
2024-03-25T10:04:02.000000+00:00,239.3,49.7,239.3,49.7,228.9,49.7,5.7,1310.0,1010.0,77.0,44.0,83.9,100.0,892
2024-03-25T10:05:02.000000+00:00,238.9,49.7,238.9,49.7,228.9,49.7,5.7,1300.0,1010.0,78.0,43.0,83.7,100.0,879
2024-03-25T10:06:02.000000+00:00,237.3,49.7,237.8,49.7,228.9,49.7,5.9,1350.0,1050.0,78.0,43.0,83.8,100.0,879
2024-03-25T10:07:02.000000+00:00,238.0,49.6,237.9,49.6,228.9,49.6,5.7,1310.0,1000.0,76.0,43.0,83.7,100.0,892
2024-03-25T10:08:02.000000+00:00,238.9,49.6,238.9,49.6,228.9,49.6,5.7,1310.0,1010.0,77.0,44.0,83.8,100.0,867
2024-03-25T10:09:02.000000+00:00,240.8,49.8,239.9,49.8,228.9,49.8,5.7,1300.0,1010.0,78.0,43.0,83.7,100.0,879
2024-03-25T10:10:02.000000+00:00,241.0,49.9,241.5,49.9,228.9,49.9,5.7,1300.0,1020.0,78.0,43.0,83.7,100.0,879
2024-03-25T10:11:02.000000+00:00,240.7,49.8,240.7,49.8,228.9,49.8,5.7,1300.0,1010.0,78.0,44.0,83.6,100.0,879
2024-03-25T10:12:02.000000+00:00,239.8,49.6,240.0,49.6,228.9,49.6,5.7,1300.0,1000.0,77.0,44.0,83.7,100.0,879
2024-03-25T10:13:02.000000+00:00,239.1,49.6,239.1,49.6,228.9,49.6,5.7,1300.0,1000.0,77.0,44.0,83.6,100.0,879
2024-03-25T10:14:02.000000+00:00,240.0,49.7,239.0,49.7,228.9,49.6,5.7,1310.0,1010.0,77.0,44.0,83.6,100.0,879
2024-03-25T10:15:02.000000+00:00,239.7,49.6,239.7,49.6,228.9,49.6,5.7,1300.0,1000.0,77.0,44.0,83.6,100.0,879
2024-03-25T10:16:02.000000+00:00,240.9,49.9,240.3,49.9,228.9,49.9,5.7,1290.0,1000.0,78.0,43.0,83.8,100.0,879
2024-03-25T10:17:02.000000+00:00,240.6,50.1,241.5,50.1,228.9,50.1,5.6,1290.0,1010.0,78.0,43.0,83.8,100.0,879
2024-03-25T10:18:02.000000+00:00,239.7,50.1,239.7,50.1,228.9,50.1,5.6,1290.0,1000.0,78.0,43.0,83.9,100.0,880
2024-03-25T10:19:02.000000+00:00,240.7,50.2,240.7,50.2,228.9,50.2,5.6,1280.0,1000.0,78.0,43.0,83.8,100.0,880
2024-03-25T10:20:02.000000+00:00,240.8,50.1,240.8,50.1,228.9,50.1,5.6,1280.0,1000.0,78.0,43.0,84.0,100.0,880
2024-03-25T10:21:02.000000+00:00,240.3,50.0,240.3,50.0,228.9,50.0,5.7,1300.0,1010.0,78.0,43.0,83.9,100.0,880
2024-03-25T10:22:02.000000+00:00,240.9,50.1,240.9,50.1,228.9,50.1,5.6,1280.0,1000.0,78.0,43.0,84.1,100.0,880
2024-03-25T10:23:02.000000+00:00,241.0,50.2,241.5,50.2,228.9,50.2,5.6,1280.0,1000.0,78.0,43.0,83.8,100.0,880
2024-03-25T10:24:02.000000+00:00,241.1,50.2,240.2,50.2,228.9,50.2,5.6,1290.0,1000.0,78.0,42.0,83.9,100.0,880
2024-03-25T10:25:02.000000+00:00,241.2,50.1,241.2,50.1,228.9,50.1,5.6,1280.0,1000.0,78.0,43.0,83.8,100.0,880
2024-03-25T10:26:02.000000+00:00,240.5,49.8,241.0,49.8,228.9,49.8,5.7,1300.0,1010.0,78.0,43.0,83.9,100.0,880
2024-03-25T10:27:02.000000+00:00,241.0,50.0,241.0,50.0,228.9,50.0,5.6,1300.0,1010.0,78.0,43.0,83.7,100.0,880
2024-03-25T10:28:02.000000+00:00,240.3,50.1,240.3,50.1,228.9,50.1,5.6,1290.0,1000.0,78.0,43.0,83.8,100.0,880
2024-03-25T10:29:02.000000+00:00,240.7,49.8,240.6,49.8,228.9,49.8,5.7,1300.0,1010.0,78.0,43.0,83.7,100.0,880
2024-03-25T10:30:02.000000+00:00,240.4,49.9,240.3,49.9,228.9,49.9,5.6,1290.0,1000.0,78.0,43.0,83.8,100.0,880
2024-03-25T10:31:02.000000+00:00,241.7,50.0,241.7,50.0,228.9,50.1,5.6,1290.0,1000.0,78.0,43.0,83.7,100.0,880
2024-03-25T10:32:02.000000+00:00,240.6,50.2,240.8,50.2,228.9,50.2,5.6,1290.0,1010.0,78.0,43.0,83.6,100.0,880
2024-03-25T10:33:02.000000+00:00,241.2,50.0,241.2,50.0,228.9,50.0,5.6,1290.0,1000.0,78.0,43.0,83.7,100.0,880
2024-03-25T10:34:02.000000+00:00,239.4,49.9,240.4,49.9,228.9,49.8,5.6,1290.0,1000.0,78.0,43.0,83.6,100.0,880
2024-03-25T10:35:02.000000+00:00,240.2,50.1,241.2,50.1,228.9,50.1,5.6,1280.0,1000.0,78.0,43.0,83.7,100.0,880
2024-03-25T10:36:02.000000+00:00,240.9,50.0,240.9,50.0,228.9,50.0,5.6,1290.0,1010.0,78.0,43.0,83.6,100.0,880
2024-03-25T10:37:02.000000+00:00,241.7,49.9,240.8,49.9,228.9,49.9,5.6,1290.0,1000.0,78.0,43.0,83.6,100.0,880
2024-03-25T10:38:02.000000+00:00,241.3,50.1,241.3,50.1,228.9,50.1,5.6,1280.0,990.0,77.0,42.0,83.8,100.0,880
2024-03-25T10:39:02.000000+00:00,241.1,50.0,241.1,50.0,228.9,50.0,5.6,1290.0,1000.0,78.0,43.0,83.8,100.0,880
2024-03-25T10:40:02.000000+00:00,240.1,50.0,240.1,50.0,228.9,50.0,5.7,1300.0,1010.0,78.0,43.0,83.9,100.0,880
2024-03-25T10:41:02.000000+00:00,240.9,50.3,240.8,50.3,228.9,50.3,5.6,1280.0,1000.0,78.0,42.0,83.8,100.0,880
2024-03-25T10:42:03.000000+00:00,240.2,50.3,240.2,50.3,228.9,50.3,5.6,1280.0,1000.0,78.0,43.0,83.9,100.0,880
2024-03-25T10:43:03.000000+00:00,240.7,50.2,240.7,50.2,228.9,50.2,5.6,1280.0,1000.0,78.0,43.0,84.1,100.0,880
2024-03-25T10:44:03.000000+00:00,240.0,50.0,240.6,50.0,228.9,50.0,5.7,1300.0,1010.0,78.0,43.0,83.8,100.0,880
2024-03-25T10:45:03.000000+00:00,239.9,50.0,240.0,50.0,228.9,50.0,5.6,1290.0,1010.0,78.0,43.0,83.7,100.0,880
2024-03-25T10:46:03.000000+00:00,239.8,50.0,239.8,50.0,228.9,50.0,5.6,1290.0,1010.0,78.0,43.0,83.8,100.0,880
2024-03-25T10:47:03.000000+00:00,239.8,50.0,239.8,50.0,228.9,50.0,5.6,1280.0,1000.0,78.0,43.0,83.7,100.0,880
2024-03-25T10:48:03.000000+00:00,238.9,50.1,239.4,50.1,228.9,50.1,5.6,1280.0,1000.0,78.0,43.0,83.8,100.0,880
2024-03-25T10:49:03.000000+00:00,239.5,50.2,239.5,50.2,228.9,50.2,5.6,1280.0,1000.0,78.0,43.0,83.7,100.0,880
2024-03-25T10:50:03.000000+00:00,239.4,50.1,239.9,50.1,228.9,50.1,5.6,1280.0,1000.0,78.0,43.0,83.8,100.0,880
2024-03-25T10:51:03.000000+00:00,239.9,50.1,240.8,50.1,228.9,50.1,5.6,1290.0,1000.0,78.0,43.0,83.7,100.0,880
2024-03-25T10:52:03.000000+00:00,240.8,50.1,240.9,50.1,228.9,50.1,5.6,1290.0,1000.0,78.0,43.0,83.8,100.0,880
2024-03-25T10:53:03.000000+00:00,239.8,50.1,240.8,50.1,228.9,50.1,5.6,1290.0,1000.0,78.0,43.0,83.6,100.0,880
2024-03-25T10:54:03.000000+00:00,240.0,50.0,240.0,50.0,228.9,50.0,5.6,1280.0,1000.0,78.0,43.0,83.7,100.0,880
2024-03-25T10:55:03.000000+00:00,240.5,50.0,240.1,50.0,229.0,50.0,5.6,1290.0,1000.0,78.0,43.0,83.6,100.0,880
2024-03-25T10:56:03.000000+00:00,240.1,50.1,240.6,50.1,228.9,50.1,5.6,1280.0,1000.0,78.0,43.0,83.8,100.0,880
2024-03-25T10:57:03.000000+00:00,240.3,50.1,240.1,50.1,228.9,50.1,5.6,1280.0,990.0,77.0,43.0,83.6,100.0,880
2024-03-25T10:58:03.000000+00:00,240.5,49.9,239.5,49.9,228.9,49.9,5.6,1290.0,1000.0,78.0,43.0,83.6,100.0,880
2024-03-25T10:59:03.000000+00:00,240.0,50.0,240.0,50.0,228.9,50.0,5.7,1300.0,1010.0,78.0,43.0,83.6,100.0,880
2024-03-25T11:00:03.000000+00:00,239.4,49.7,239.0,49.7,228.9,49.7,5.7,1300.0,1000.0,77.0,43.0,83.7,100.0,880
2024-03-25T11:01:03.000000+00:00,239.9,49.6,239.9,49.6,228.9,49.6,5.7,1300.0,1000.0,77.0,44.0,83.6,100.0,880
2024-03-25T11:02:03.000000+00:00,239.4,49.8,239.4,49.8,228.9,49.8,5.7,1300.0,1010.0,78.0,43.0,83.7,100.0,880
2024-03-25T11:03:03.000000+00:00,239.5,50.1,240.1,50.1,228.9,50.2,5.6,1280.0,1000.0,78.0,43.0,83.6,100.0,880
2024-03-25T11:04:03.000000+00:00,240.2,50.2,240.2,50.2,228.9,50.2,5.6,1270.0,990.0,78.0,43.0,83.6,100.0,880
2024-03-25T11:05:03.000000+00:00,240.7,50.3,240.7,50.3,228.9,50.3,5.5,1270.0,990.0,78.0,42.0,83.6,100.0,880
2024-03-25T11:06:03.000000+00:00,240.0,50.3,240.1,50.3,228.9,50.3,5.6,1280.0,1010.0,79.0,42.0,83.6,100.0,880
2024-03-25T11:07:03.000000+00:00,238.1,49.9,238.1,49.9,228.9,49.9,5.6,1290.0,1000.0,78.0,43.0,83.6,100.0,880
2024-03-25T11:08:03.000000+00:00,239.2,50.3,239.2,50.3,228.9,50.3,5.6,1280.0,1000.0,78.0,43.0,83.6,100.0,880
2024-03-25T11:09:03.000000+00:00,239.3,50.2,239.3,50.2,228.9,50.2,5.6,1270.0,990.0,78.0,42.0,83.7,100.0,880
2024-03-25T11:10:03.000000+00:00,238.7,50.1,238.9,50.1,228.9,50.1,5.6,1280.0,1000.0,78.0,43.0,83.8,100.0,880
2024-03-25T11:11:03.000000+00:00,237.9,50.0,237.9,50.0,228.9,50.0,5.6,1290.0,1000.0,78.0,43.0,83.9,100.0,880
2024-03-25T11:12:03.000000+00:00,239.8,50.2,239.8,50.2,228.9,50.2,5.6,1280.0,1000.0,78.0,42.0,83.8,100.0,880
2024-03-25T11:13:03.000000+00:00,238.4,50.4,237.9,50.4,228.9,50.4,5.6,1280.0,1000.0,78.0,43.0,83.9,100.0,880
2024-03-25T11:14:03.000000+00:00,237.5,50.4,237.5,50.4,228.9,50.4,5.6,1280.0,1000.0,78.0,43.0,84.0,100.0,880
2024-03-25T11:15:03.000000+00:00,237.4,50.3,237.5,50.3,228.9,50.3,5.6,1280.0,1000.0,78.0,42.0,83.8,100.0,880
2024-03-25T11:16:03.000000+00:00,236.9,50.1,236.9,50.1,228.9,50.1,5.6,1280.0,990.0,77.0,43.0,83.7,100.0,880
2024-03-25T11:17:03.000000+00:00,237.0,50.1,237.5,50.1,228.9,50.1,5.6,1280.0,1000.0,78.0,43.0,83.8,100.0,880
2024-03-25T11:18:03.000000+00:00,237.4,50.1,237.4,50.1,228.9,50.1,5.6,1280.0,1000.0,78.0,43.0,83.7,100.0,880
2024-03-25T11:19:03.000000+00:00,238.0,50.3,238.0,50.3,228.9,50.3,5.6,1270.0,990.0,78.0,42.0,83.8,100.0,880
2024-03-25T11:20:03.000000+00:00,237.7,50.3,237.7,50.3,228.9,50.3,5.6,1270.0,990.0,78.0,43.0,83.7,100.0,880
2024-03-25T11:21:03.000000+00:00,236.3,50.2,237.3,50.2,228.9,50.2,5.6,1280.0,1000.0,78.0,42.0,83.8,100.0,880
2024-03-25T11:22:03.000000+00:00,237.0,50.1,237.0,50.1,228.9,50.1,5.6,1290.0,1000.0,78.0,43.0,83.7,100.0,880
2024-03-25T11:23:03.000000+00:00,236.7,50.0,236.7,50.0,228.9,50.0,5.6,1290.0,1000.0,78.0,43.0,83.8,100.0,880
2024-03-25T11:24:03.000000+00:00,236.7,49.8,236.6,49.8,228.9,49.8,5.6,1290.0,1000.0,78.0,43.0,83.6,100.0,880
2024-03-25T11:25:03.000000+00:00,236.6,49.9,236.6,49.9,228.9,49.9,5.6,1290.0,1000.0,78.0,43.0,83.7,100.0,880
2024-03-25T11:26:03.000000+00:00,238.0,50.2,238.0,50.2,228.9,50.2,5.6,1280.0,1000.0,78.0,43.0,83.6,100.0,880
2024-03-25T11:27:03.000000+00:00,236.9,50.1,236.9,50.1,228.9,50.1,5.6,1280.0,990.0,77.0,43.0,83.7,100.0,880
2024-03-25T11:28:03.000000+00:00,236.8,50.1,236.4,50.1,228.9,50.1,5.6,1280.0,1000.0,78.0,42.0,83.6,100.0,880
2024-03-25T11:29:03.000000+00:00,237.0,50.2,236.5,50.2,228.9,50.2,5.6,1280.0,1000.0,78.0,43.0,83.6,100.0,880
2024-03-25T11:30:03.000000+00:00,236.3,50.3,236.3,50.3,228.9,50.3,5.6,1270.0,990.0,78.0,43.0,83.6,100.0,880
2024-03-25T11:31:03.000000+00:00,236.5,50.3,236.4,50.3,228.9,50.3,5.6,1270.0,990.0,78.0,42.0,83.6,100.0,880
2024-03-25T11:32:03.000000+00:00,235.5,50.3,235.4,50.3,228.9,50.3,5.6,1270.0,990.0,78.0,43.0,83.6,100.0,880
2024-03-25T11:33:03.000000+00:00,235.6,50.1,235.1,50.1,228.9,50.1,5.6,1280.0,990.0,77.0,43.0,83.6,100.0,880
2024-03-25T11:34:03.000000+00:00,236.7,50.0,236.7,50.0,228.9,50.0,5.6,1280.0,990.0,77.0,43.0,83.6,100.0,880
2024-03-25T11:35:03.000000+00:00,235.8,50.0,235.8,50.0,228.9,50.0,5.6,1290.0,1000.0,78.0,43.0,83.6,100.0,880
2024-03-25T11:36:03.000000+00:00,236.0,49.9,237.1,49.9,228.9,49.9,5.6,1280.0,990.0,77.0,43.0,83.6,100.0,880
2024-03-25T11:37:03.000000+00:00,237.3,50.0,237.3,50.0,228.9,50.0,5.6,1280.0,990.0,77.0,43.0,83.5,100.0,880
2024-03-25T11:38:03.000000+00:00,235.9,49.9,236.4,49.9,228.9,49.9,5.6,1290.0,1000.0,78.0,43.0,83.7,100.0,880
2024-03-25T11:39:03.000000+00:00,236.4,50.0,236.4,50.0,228.9,50.0,5.6,1290.0,1000.0,78.0,43.0,83.8,100.0,880
2024-03-25T11:40:03.000000+00:00,236.7,50.1,236.7,50.1,228.9,50.1,5.6,1280.0,1000.0,78.0,43.0,83.9,100.0,880
2024-03-25T11:41:04.000000+00:00,236.3,50.1,237.2,50.1,228.9,50.1,5.6,1290.0,1000.0,78.0,43.0,83.8,100.0,880
2024-03-25T11:42:04.000000+00:00,236.3,50.0,236.3,50.0,228.9,50.0,5.6,1290.0,1000.0,78.0,43.0,83.9,100.0,880
2024-03-25T11:43:04.000000+00:00,236.3,50.0,236.8,50.0,228.9,50.0,5.6,1290.0,1000.0,78.0,43.0,83.9,100.0,880
2024-03-25T11:44:04.000000+00:00,235.3,49.9,235.3,49.9,228.9,49.9,5.6,1290.0,1000.0,78.0,43.0,83.8,100.0,880
2024-03-25T11:45:04.000000+00:00,235.8,50.0,236.0,50.0,228.9,50.0,5.6,1290.0,1000.0,78.0,43.0,83.8,100.0,880
2024-03-25T11:46:04.000000+00:00,235.9,50.0,235.9,50.0,228.9,50.0,5.6,1290.0,1000.0,78.0,43.0,83.8,100.0,880
2024-03-25T11:47:04.000000+00:00,235.7,49.7,234.6,49.7,228.9,49.7,5.6,1290.0,990.0,77.0,43.0,83.8,100.0,880
2024-03-25T11:48:04.000000+00:00,235.3,49.8,235.3,49.8,228.9,49.8,5.7,1300.0,1000.0,77.0,43.0,83.7,100.0,880
2024-03-25T11:49:04.000000+00:00,235.0,49.8,234.9,49.8,228.9,49.8,5.7,1300.0,1000.0,77.0,43.0,83.8,100.0,880
2024-03-25T11:50:04.000000+00:00,234.0,49.6,234.0,49.6,228.9,49.6,5.7,1310.0,1010.0,77.0,43.0,83.7,100.0,880
2024-03-25T11:51:04.000000+00:00,233.6,49.6,233.6,49.6,228.9,49.6,5.7,1300.0,1000.0,77.0,44.0,83.7,100.0,880
2024-03-25T11:52:04.000000+00:00,234.2,49.7,234.2,49.7,228.9,49.7,5.7,1310.0,1010.0,77.0,43.0,83.7,100.0,880
2024-03-25T11:53:04.000000+00:00,234.3,49.8,234.5,49.8,228.9,49.8,5.6,1300.0,1000.0,77.0,43.0,83.7,100.0,880
2024-03-25T11:54:04.000000+00:00,234.8,49.8,234.8,49.8,228.9,49.8,5.7,1300.0,1010.0,78.0,43.0,83.7,100.0,880
2024-03-25T11:55:04.000000+00:00,234.6,50.0,234.6,50.0,228.9,50.0,5.6,1290.0,1000.0,78.0,43.0,83.7,100.0,880
2024-03-25T11:56:04.000000+00:00,235.6,49.9,235.6,49.9,228.9,49.9,5.6,1280.0,990.0,77.0,43.0,83.6,100.0,880
2024-03-25T11:57:04.000000+00:00,236.4,50.0,236.4,50.0,228.9,50.0,5.6,1280.0,1000.0,78.0,43.0,83.6,100.0,880
2024-03-25T11:58:04.000000+00:00,235.4,49.9,235.9,49.9,228.9,49.9,5.6,1290.0,1000.0,78.0,43.0,83.6,100.0,880
2024-03-25T11:59:04.000000+00:00,236.4,50.1,236.4,50.1,228.9,50.1,5.6,1290.0,1010.0,78.0,43.0,83.7,100.0,880
2024-03-25T12:00:04.000000+00:00,236.0,49.8,235.0,49.8,228.9,49.8,5.7,1300.0,1000.0,77.0,43.0,83.6,100.0,880
2024-03-25T12:01:04.000000+00:00,235.4,49.7,235.4,49.7,228.9,49.7,5.7,1300.0,1010.0,78.0,43.0,83.6,100.0,880
2024-03-25T12:02:04.000000+00:00,235.3,49.7,234.8,49.7,228.9,49.7,5.7,1300.0,1000.0,77.0,43.0,83.6,100.0,880
2024-03-25T12:03:04.000000+00:00,233.9,49.7,233.9,49.7,228.9,49.7,5.7,1310.0,1010.0,77.0,44.0,83.6,100.0,880
2024-03-25T12:04:04.000000+00:00,235.4,50.2,235.1,50.2,228.9,50.2,5.6,1280.0,1000.0,78.0,42.0,83.6,100.0,880
2024-03-25T12:05:04.000000+00:00,234.2,50.1,234.2,50.1,228.9,50.1,5.6,1280.0,1000.0,78.0,43.0,83.6,100.0,880
2024-03-25T12:06:04.000000+00:00,235.3,50.0,235.3,50.0,228.9,50.0,5.7,1290.0,1010.0,78.0,43.0,83.6,100.0,880
2024-03-25T12:07:04.000000+00:00,237.8,50.5,237.2,50.5,228.9,50.5,5.5,1260.0,990.0,79.0,43.0,83.6,100.0,880
2024-03-25T12:08:04.000000+00:00,236.3,50.3,236.3,50.3,228.9,50.3,5.6,1270.0,1000.0,79.0,42.0,83.6,100.0,880
2024-03-25T12:09:04.000000+00:00,236.9,50.2,236.5,50.2,228.9,50.2,5.6,1280.0,1000.0,78.0,42.0,83.6,100.0,880
2024-03-25T12:10:04.000000+00:00,237.4,50.2,237.5,50.2,228.9,50.2,5.6,1270.0,990.0,78.0,43.0,83.7,100.0,880
2024-03-25T12:11:04.000000+00:00,236.6,50.0,236.6,50.0,228.9,50.0,5.6,1290.0,1000.0,78.0,43.0,83.8,100.0,880
2024-03-25T12:12:04.000000+00:00,238.4,50.0,237.9,50.0,228.9,50.0,5.6,1290.0,1000.0,78.0,43.0,83.8,100.0,880
2024-03-25T12:13:04.000000+00:00,237.3,50.0,237.3,50.0,228.9,50.0,5.6,1290.0,1000.0,78.0,43.0,83.9,100.0,880
2024-03-25T12:14:04.000000+00:00,237.3,50.1,237.3,50.1,228.9,50.1,5.6,1290.0,1010.0,78.0,43.0,83.9,100.0,880
2024-03-25T12:15:04.000000+00:00,236.6,50.3,236.5,50.3,228.9,50.3,5.6,1280.0,1000.0,78.0,43.0,84.0,100.0,880
2024-03-25T12:16:04.000000+00:00,238.5,50.2,238.5,50.2,228.9,50.2,5.6,1280.0,1000.0,78.0,43.0,83.8,100.0,880
2024-03-25T12:17:04.000000+00:00,237.5,50.0,238.0,50.0,228.9,50.0,5.6,1290.0,1000.0,78.0,43.0,83.9,100.0,880
2024-03-25T12:18:04.000000+00:00,237.9,50.0,237.9,50.0,228.9,50.1,5.7,1300.0,1010.0,78.0,43.0,83.8,100.0,880
2024-03-25T12:19:04.000000+00:00,237.1,49.9,237.1,49.9,228.9,49.9,5.6,1290.0,1000.0,78.0,43.0,83.8,100.0,880
2024-03-25T12:20:04.000000+00:00,236.5,49.8,237.4,49.8,228.9,49.8,5.7,1290.0,1000.0,78.0,43.0,83.7,100.0,880
2024-03-25T12:21:04.000000+00:00,237.0,49.8,236.1,49.8,228.9,49.8,5.7,1300.0,1000.0,77.0,43.0,83.8,100.0,880
2024-03-25T12:22:04.000000+00:00,236.2,49.7,236.2,49.7,228.9,49.7,5.7,1310.0,1010.0,77.0,44.0,83.7,100.0,880
2024-03-25T12:23:04.000000+00:00,235.4,49.7,235.4,49.7,228.9,49.7,5.7,1300.0,1010.0,78.0,43.0,83.8,100.0,880
2024-03-25T12:24:04.000000+00:00,235.1,49.8,235.1,49.8,228.9,49.8,5.6,1290.0,990.0,77.0,43.0,83.7,100.0,880
2024-03-25T12:25:04.000000+00:00,235.7,49.8,235.6,49.8,228.9,49.8,5.7,1300.0,1000.0,77.0,43.0,83.7,100.0,880
2024-03-25T12:26:04.000000+00:00,235.1,49.7,235.1,49.7,228.9,49.7,5.7,1310.0,1010.0,77.0,44.0,83.6,100.0,880
2024-03-25T12:27:04.000000+00:00,237.1,49.8,237.1,49.8,228.9,49.8,5.7,1300.0,1010.0,78.0,43.0,83.7,100.0,880
2024-03-25T12:28:04.000000+00:00,237.2,49.9,237.2,49.9,228.9,49.9,5.7,1300.0,1010.0,78.0,43.0,83.6,100.0,880
2024-03-25T12:29:04.000000+00:00,238.7,50.1,238.2,50.1,228.9,50.1,5.6,1290.0,1000.0,78.0,43.0,83.7,100.0,880
2024-03-25T12:30:04.000000+00:00,237.5,50.1,237.4,50.1,228.9,50.1,5.6,1280.0,1000.0,78.0,43.0,83.6,100.0,880
2024-03-25T12:31:04.000000+00:00,237.6,49.8,237.6,49.8,228.9,49.8,5.6,1290.0,1000.0,78.0,43.0,83.6,100.0,880
2024-03-25T12:32:04.000000+00:00,236.0,49.8,236.4,49.8,228.9,49.8,5.7,1300.0,1000.0,77.0,43.0,83.6,100.0,880
2024-03-25T12:33:04.000000+00:00,236.7,49.7,236.7,49.7,228.9,49.7,5.7,1300.0,1010.0,78.0,43.0,83.6,100.0,880
2024-03-25T12:34:04.000000+00:00,236.5,50.1,237.0,50.1,228.9,50.1,5.6,1280.0,1000.0,78.0,43.0,83.6,100.0,880
2024-03-25T12:35:04.000000+00:00,237.6,50.3,237.0,50.3,228.9,50.3,5.6,1280.0,1000.0,78.0,43.0,83.6,100.0,880
2024-03-25T12:36:04.000000+00:00,235.5,50.0,236.1,50.0,228.9,50.0,5.6,1280.0,1000.0,78.0,43.0,83.6,100.0,880
2024-03-25T12:37:04.000000+00:00,236.5,50.1,236.5,50.1,228.9,50.1,5.6,1290.0,1010.0,78.0,43.0,83.6,100.0,880
2024-03-25T12:38:04.000000+00:00,236.9,50.3,237.4,50.3,228.9,50.3,5.5,1270.0,990.0,78.0,42.0,83.6,100.0,880
2024-03-25T12:39:04.000000+00:00,237.5,50.4,237.5,50.4,228.9,50.4,5.6,1280.0,1000.0,78.0,43.0,83.6,100.0,880
2024-03-25T12:40:04.000000+00:00,237.5,50.3,237.8,50.3,228.9,50.3,5.5,1270.0,990.0,78.0,43.0,83.6,100.0,880
2024-03-25T12:41:04.000000+00:00,239.0,50.5,238.5,50.5,228.9,50.5,5.5,1270.0,1000.0,79.0,42.0,83.6,100.0,880
2024-03-25T12:42:04.000000+00:00,238.5,50.5,238.5,50.5,228.9,50.5,5.5,1270.0,1000.0,79.0,42.0,83.6,100.0,880
2024-03-25T12:43:05.000000+00:00,238.8,50.5,238.8,50.5,228.9,50.5,5.5,1270.0,990.0,78.0,42.0,83.6,100.0,880
2024-03-25T12:44:05.000000+00:00,237.9,50.4,237.9,50.4,228.9,50.4,5.6,1270.0,1000.0,79.0,42.0,83.8,100.0,880
2024-03-25T12:45:05.000000+00:00,238.9,50.5,238.3,50.5,228.9,50.5,5.5,1270.0,990.0,78.0,43.0,83.8,100.0,880
2024-03-25T12:46:05.000000+00:00,237.2,50.2,237.2,50.2,228.9,50.2,5.6,1280.0,1000.0,78.0,43.0,83.8,100.0,880
2024-03-25T12:47:05.000000+00:00,236.7,50.4,237.9,50.4,228.9,50.4,5.5,1260.0,990.0,79.0,42.0,84.0,100.0,880
2024-03-25T12:48:05.000000+00:00,236.5,50.1,236.5,50.1,228.9,50.1,5.6,1280.0,1000.0,78.0,43.0,83.8,100.0,880
2024-03-25T12:49:05.000000+00:00,237.1,50.0,237.1,50.0,228.9,50.0,5.6,1290.0,1000.0,78.0,43.0,83.9,100.0,880
2024-03-25T12:50:05.000000+00:00,238.6,50.0,238.1,50.0,228.9,50.0,5.7,1290.0,1010.0,78.0,43.0,83.7,100.0,880
2024-03-25T12:51:05.000000+00:00,237.3,49.8,238.3,49.8,228.9,49.8,5.7,1300.0,1000.0,77.0,43.0,83.9,100.0,880
2024-03-25T12:52:05.000000+00:00,238.4,50.0,238.3,50.0,228.9,50.0,5.7,1290.0,1010.0,78.0,43.0,83.7,100.0,880
2024-03-25T12:53:05.000000+00:00,237.8,50.2,237.7,50.2,228.9,50.2,5.6,1280.0,1000.0,78.0,42.0,83.8,100.0,880
2024-03-25T12:54:05.000000+00:00,238.8,50.3,237.7,50.3,228.9,50.3,5.5,1270.0,990.0,78.0,42.0,83.7,100.0,880
2024-03-25T12:55:05.000000+00:00,239.5,50.3,239.5,50.3,228.9,50.3,5.6,1280.0,1000.0,78.0,42.0,83.8,100.0,880
2024-03-25T12:56:05.000000+00:00,238.4,50.2,238.4,50.2,228.9,50.2,5.6,1290.0,1000.0,78.0,43.0,83.7,100.0,880
2024-03-25T12:57:05.000000+00:00,238.3,50.1,238.3,50.1,228.9,50.1,5.5,1270.0,990.0,78.0,42.0,83.8,100.0,880
2024-03-25T12:58:05.000000+00:00,237.9,50.2,239.0,50.2,228.9,50.2,5.5,1270.0,990.0,78.0,43.0,83.7,100.0,880
2024-03-25T12:59:05.000000+00:00,239.5,50.3,239.5,50.3,228.9,50.3,5.6,1270.0,990.0,78.0,43.0,83.6,100.0,880
2024-03-25T13:00:05.000000+00:00,238.2,50.1,238.3,50.1,228.9,50.1,5.6,1290.0,1010.0,78.0,43.0,83.7,100.0,880
2024-03-25T13:01:05.000000+00:00,239.0,50.3,239.0,50.3,228.9,50.3,5.5,1270.0,990.0,78.0,42.0,83.6,100.0,880
2024-03-25T13:02:05.000000+00:00,240.2,50.3,240.1,50.3,228.9,50.3,5.6,1280.0,1000.0,78.0,42.0,83.7,100.0,880
2024-03-25T13:03:05.000000+00:00,240.4,50.2,240.4,50.2,228.9,50.2,5.6,1270.0,990.0,78.0,43.0,83.6,100.0,880
2024-03-25T13:04:05.000000+00:00,240.4,50.3,241.5,50.3,228.9,50.3,5.6,1280.0,1000.0,78.0,42.0,83.6,100.0,880
2024-03-25T13:05:05.000000+00:00,240.2,50.3,240.2,50.3,228.9,50.3,5.6,1280.0,1000.0,78.0,43.0,83.7,100.0,880
2024-03-25T13:06:05.000000+00:00,239.9,50.3,240.5,50.3,228.9,50.3,5.6,1280.0,1000.0,78.0,42.0,83.6,100.0,880
2024-03-25T13:07:05.000000+00:00,240.3,50.4,240.3,50.4,228.9,50.4,5.6,1280.0,1000.0,78.0,43.0,83.6,100.0,880
2024-03-25T13:08:05.000000+00:00,239.8,50.2,239.8,50.2,228.9,50.2,5.6,1280.0,1000.0,78.0,43.0,83.6,100.0,880
2024-03-25T13:09:05.000000+00:00,239.6,50.1,239.7,50.1,228.9,50.1,5.6,1280.0,1000.0,78.0,43.0,83.6,100.0,880
2024-03-25T13:10:05.000000+00:00,239.6,50.4,239.7,50.4,228.9,50.4,5.6,1270.0,990.0,78.0,42.0,83.7,100.0,880
2024-03-25T13:11:05.000000+00:00,238.7,50.2,238.7,50.2,228.9,50.2,5.6,1280.0,990.0,77.0,43.0,83.6,100.0,880
2024-03-25T13:12:05.000000+00:00,239.8,50.0,239.3,50.0,228.9,50.0,5.6,1290.0,1000.0,78.0,43.0,83.7,100.0,880
2024-03-25T13:13:05.000000+00:00,238.9,50.1,238.9,50.1,228.9,50.1,5.6,1280.0,990.0,77.0,43.0,83.5,100.0,880
2024-03-25T13:14:05.000000+00:00,239.3,50.0,239.2,50.0,228.9,50.0,5.6,1280.0,1000.0,78.0,43.0,83.6,100.0,880
2024-03-25T13:15:05.000000+00:00,240.0,50.2,239.6,50.2,228.9,50.2,5.6,1280.0,1000.0,78.0,43.0,83.5,100.0,880
2024-03-25T13:16:05.000000+00:00,240.0,50.3,240.0,50.3,228.9,50.3,5.6,1270.0,990.0,78.0,43.0,83.6,100.0,880
2024-03-25T13:17:05.000000+00:00,240.5,50.3,240.5,50.3,228.9,50.3,5.6,1270.0,1000.0,79.0,43.0,83.5,100.0,880
2024-03-25T13:18:05.000000+00:00,240.3,50.2,240.3,50.2,228.9,50.2,5.6,1280.0,1000.0,78.0,43.0,83.7,100.0,880
2024-03-25T13:19:05.000000+00:00,239.1,50.1,239.1,50.1,228.9,50.1,5.6,1280.0,990.0,77.0,43.0,83.7,100.0,880
2024-03-25T13:20:05.000000+00:00,239.3,50.2,240.3,50.2,228.9,50.2,5.6,1280.0,990.0,77.0,43.0,83.9,100.0,880
2024-03-25T13:21:05.000000+00:00,238.7,50.0,239.3,50.0,228.9,50.0,5.6,1290.0,1000.0,78.0,43.0,83.8,100.0,880
2024-03-25T13:22:05.000000+00:00,239.2,50.1,239.2,50.1,228.9,50.1,5.6,1290.0,1010.0,78.0,43.0,84.0,100.0,880
2024-03-25T13:23:05.000000+00:00,238.1,50.0,238.1,50.0,228.9,50.0,5.6,1290.0,1000.0,78.0,43.0,83.9,100.0,880
2024-03-25T13:24:05.000000+00:00,237.3,49.8,237.7,49.8,228.9,49.8,5.6,1300.0,1000.0,78.0,43.0,83.9,100.0,880
2024-03-25T13:25:05.000000+00:00,238.2,50.0,238.2,50.0,228.9,50.0,5.6,1290.0,1000.0,78.0,43.0,83.8,100.0,880
2024-03-25T13:26:05.000000+00:00,238.5,49.9,238.5,49.9,228.9,49.9,5.7,1300.0,1010.0,78.0,43.0,83.8,100.0,880
2024-03-25T13:27:05.000000+00:00,239.5,50.2,239.0,50.2,228.9,50.2,5.6,1280.0,1000.0,78.0,43.0,83.9,100.0,880
2024-03-25T13:28:05.000000+00:00,240.6,50.4,240.0,50.4,228.9,50.4,5.5,1260.0,990.0,79.0,43.0,83.7,100.0,880
2024-03-25T13:29:05.000000+00:00,240.4,50.3,239.4,50.3,228.9,50.3,5.6,1270.0,1000.0,79.0,43.0,83.8,100.0,880
2024-03-25T13:30:05.000000+00:00,240.0,50.2,240.9,50.2,228.9,50.2,5.6,1290.0,1010.0,78.0,43.0,83.7,100.0,880
2024-03-25T13:31:05.000000+00:00,240.3,50.2,240.3,50.2,228.9,50.2,5.6,1280.0,1000.0,78.0,43.0,83.8,100.0,880
2024-03-25T13:32:05.000000+00:00,240.4,50.1,240.4,50.1,228.9,50.1,5.6,1280.0,1000.0,78.0,43.0,83.7,100.0,880
2024-03-25T13:33:05.000000+00:00,241.6,50.2,240.4,50.2,228.9,50.2,5.6,1280.0,1000.0,78.0,43.0,83.7,100.0,880
2024-03-25T13:34:05.000000+00:00,237.3,50.1,237.3,50.1,228.9,50.1,5.6,1280.0,1000.0,78.0,43.0,83.7,100.0,880
2024-03-25T13:35:05.000000+00:00,236.7,50.1,236.7,50.1,228.9,50.1,5.6,1280.0,1000.0,78.0,43.0,83.7,100.0,880
2024-03-25T13:36:05.000000+00:00,236.5,50.2,236.4,50.2,228.9,50.2,5.5,1270.0,990.0,78.0,43.0,83.6,100.0,880
2024-03-25T13:37:05.000000+00:00,236.6,50.1,236.6,50.1,228.9,50.1,5.6,1290.0,1010.0,78.0,43.0,83.7,100.0,880
2024-03-25T13:38:05.000000+00:00,236.3,50.1,236.3,50.1,228.9,50.1,5.6,1280.0,1000.0,78.0,43.0,83.6,100.0,880
2024-03-25T13:39:05.000000+00:00,235.5,49.9,236.0,49.9,228.9,49.9,5.6,1290.0,1000.0,78.0,43.0,83.7,100.0,880
2024-03-25T13:40:05.000000+00:00,236.3,50.1,236.3,50.1,228.9,50.1,5.6,1280.0,1000.0,78.0,43.0,83.6,100.0,880
2024-03-25T13:41:05.000000+00:00,236.3,49.8,236.3,49.8,228.9,49.8,5.7,1300.0,1010.0,78.0,43.0,83.7,100.0,880
2024-03-25T13:42:05.000000+00:00,234.8,49.7,235.1,49.7,228.9,49.7,5.7,1310.0,1010.0,77.0,43.0,83.6,100.0,880
2024-03-25T13:43:05.000000+00:00,235.5,49.8,235.5,49.8,228.9,49.8,5.6,1290.0,1000.0,78.0,43.0,83.7,100.0,880
2024-03-25T13:44:05.000000+00:00,235.0,49.8,235.9,49.8,228.9,49.8,5.7,1300.0,1000.0,77.0,43.0,83.6,100.0,880
2024-03-25T13:45:06.000000+00:00,235.7,49.8,235.7,49.8,228.9,49.8,5.6,1290.0,1000.0,78.0,43.0,83.7,100.0,880
2024-03-25T13:46:06.000000+00:00,235.7,49.9,235.7,49.9,228.9,49.9,5.6,1290.0,1000.0,78.0,43.0,83.6,100.0,880
2024-03-25T13:47:06.000000+00:00,236.9,49.8,236.9,49.8,228.9,49.8,5.7,1300.0,1000.0,77.0,43.0,83.7,100.0,880
2024-03-25T13:48:06.000000+00:00,236.0,49.7,235.5,49.7,228.9,49.7,5.7,1300.0,1000.0,77.0,43.0,83.6,100.0,880
2024-03-25T13:49:06.000000+00:00,235.3,49.7,235.3,49.7,228.9,49.7,5.7,1300.0,1000.0,77.0,44.0,83.7,100.0,880
2024-03-25T13:50:06.000000+00:00,235.6,49.7,234.6,49.7,228.9,49.7,5.7,1300.0,1010.0,78.0,43.0,83.6,100.0,880
2024-03-25T13:51:06.000000+00:00,237.4,49.7,237.9,49.7,228.9,49.7,5.7,1300.0,1000.0,77.0,43.0,81.1,100.0,880
2024-03-25T13:52:06.000000+00:00,234.3,49.6,234.3,49.6,228.9,49.6,5.8,1320.0,1020.0,77.0,44.0,82.4,99.0,870
2024-03-25T13:53:06.000000+00:00,234.7,49.6,234.7,49.6,228.9,49.6,5.7,1310.0,1020.0,78.0,44.0,84.4,99.0,870
2024-03-25T13:54:06.000000+00:00,235.2,49.5,235.2,49.5,228.9,49.5,5.7,1310.0,1000.0,76.0,44.0,84.0,99.0,870
2024-03-25T13:55:06.000000+00:00,235.8,49.7,235.8,49.7,228.9,49.7,5.7,1300.0,1010.0,78.0,43.0,83.8,99.0,870
2024-03-25T13:56:06.000000+00:00,235.8,49.7,235.7,49.7,228.9,49.7,5.7,1300.0,1000.0,77.0,44.0,83.8,99.0,871
2024-03-25T13:57:06.000000+00:00,235.4,49.8,235.4,49.8,228.9,49.8,5.7,1300.0,1010.0,78.0,43.0,83.8,99.0,871
2024-03-25T13:58:06.000000+00:00,235.6,49.7,235.7,49.7,228.9,49.7,5.6,1290.0,1000.0,78.0,43.0,83.8,99.0,871
2024-03-25T13:59:06.000000+00:00,234.8,49.7,234.9,49.7,228.9,49.7,5.6,1290.0,1000.0,78.0,43.0,83.8,99.0,871
2024-03-25T14:00:06.000000+00:00,235.3,49.7,235.3,49.7,228.9,49.7,5.7,1310.0,1010.0,77.0,43.0,83.8,99.0,871
2024-03-25T14:01:06.000000+00:00,234.3,49.7,235.2,49.7,228.9,49.7,5.7,1310.0,1010.0,77.0,43.0,83.7,99.0,871
2024-03-25T14:02:06.000000+00:00,234.7,49.8,234.2,49.8,228.9,49.8,5.7,1300.0,1000.0,77.0,43.0,83.8,99.0,871
2024-03-25T14:03:06.000000+00:00,234.6,50.2,234.6,50.2,228.9,50.2,5.6,1280.0,1000.0,78.0,43.0,83.8,99.0,871
2024-03-25T14:04:06.000000+00:00,236.3,50.3,236.3,50.3,228.9,50.3,5.6,1290.0,1010.0,78.0,43.0,83.8,99.0,871
2024-03-25T14:05:06.000000+00:00,235.5,50.1,235.5,50.1,228.9,50.1,5.5,1270.0,990.0,78.0,43.0,83.7,99.0,871
2024-03-25T14:06:06.000000+00:00,234.6,49.9,234.1,49.9,228.9,49.9,5.6,1290.0,1000.0,78.0,43.0,83.7,99.0,871
2024-03-25T14:07:06.000000+00:00,235.6,50.1,235.6,50.1,228.9,50.1,5.6,1290.0,1000.0,78.0,43.0,83.7,99.0,871
2024-03-25T14:08:06.000000+00:00,235.8,50.2,235.3,50.2,228.9,50.2,5.6,1270.0,990.0,78.0,43.0,83.9,99.0,871
2024-03-25T14:09:06.000000+00:00,235.9,50.4,235.9,50.4,228.9,50.4,5.6,1270.0,1000.0,79.0,42.0,84.0,99.0,871
2024-03-25T14:10:06.000000+00:00,235.6,50.4,235.6,50.4,228.9,50.4,5.5,1270.0,1000.0,79.0,42.0,84.1,99.0,871
2024-03-25T14:11:06.000000+00:00,236.5,50.3,235.5,50.3,228.9,50.3,5.5,1270.0,990.0,78.0,43.0,84.2,99.0,871
2024-03-25T14:12:06.000000+00:00,235.6,50.2,235.6,50.2,228.9,50.2,5.6,1280.0,1000.0,78.0,43.0,84.2,99.0,871
2024-03-25T14:13:06.000000+00:00,236.2,50.2,236.2,50.2,228.9,50.2,5.6,1270.0,990.0,78.0,43.0,84.3,99.0,871
2024-03-25T14:14:06.000000+00:00,236.2,50.3,236.2,50.3,228.9,50.3,5.6,1280.0,1000.0,78.0,42.0,84.2,99.0,871
2024-03-25T14:15:06.000000+00:00,236.2,50.3,236.2,50.3,228.9,50.3,5.6,1290.0,1010.0,78.0,43.0,84.1,99.0,871
2024-03-25T14:16:06.000000+00:00,236.2,50.2,236.2,50.2,228.9,50.2,5.6,1280.0,1000.0,78.0,42.0,84.1,99.0,871
2024-03-25T14:17:06.000000+00:00,235.5,50.3,236.5,50.3,228.9,50.3,5.6,1280.0,1000.0,78.0,43.0,84.0,99.0,872
2024-03-25T14:18:06.000000+00:00,235.3,50.2,235.3,50.2,228.9,50.2,5.6,1270.0,990.0,78.0,43.0,84.0,99.0,872
2024-03-25T14:19:06.000000+00:00,235.4,50.2,235.4,50.2,228.9,50.2,5.6,1280.0,1000.0,78.0,43.0,84.0,99.0,872
2024-03-25T14:20:06.000000+00:00,236.3,50.2,235.6,50.2,228.9,50.2,5.6,1280.0,1000.0,78.0,42.0,84.0,99.0,872
2024-03-25T14:21:06.000000+00:00,234.9,50.1,234.8,50.1,228.9,50.1,5.6,1280.0,1000.0,78.0,43.0,84.0,99.0,872
2024-03-25T14:22:06.000000+00:00,234.5,50.0,234.4,50.0,228.9,50.0,5.6,1280.0,1000.0,78.0,43.0,83.9,99.0,872
2024-03-25T14:23:06.000000+00:00,235.0,50.1,235.0,50.0,228.9,50.1,5.6,1290.0,1000.0,78.0,43.0,83.9,99.0,872
2024-03-25T14:24:06.000000+00:00,233.3,49.9,233.3,49.9,228.9,49.9,5.7,1300.0,1010.0,78.0,43.0,83.9,99.0,872
2024-03-25T14:25:06.000000+00:00,233.5,49.6,233.5,49.6,228.9,49.6,5.7,1300.0,1000.0,77.0,44.0,83.9,99.0,872
2024-03-25T14:26:06.000000+00:00,237.2,49.5,236.2,49.5,228.9,49.5,5.7,1310.0,1010.0,77.0,44.0,83.9,99.0,872
2024-03-25T14:27:06.000000+00:00,237.1,49.6,237.1,49.6,228.9,49.6,5.7,1310.0,1010.0,77.0,44.0,83.9,99.0,872
2024-03-25T14:28:06.000000+00:00,236.5,49.6,235.6,49.6,228.9,49.6,5.7,1310.0,1010.0,77.0,44.0,83.9,99.0,872
2024-03-25T14:29:06.000000+00:00,236.0,49.6,235.9,49.6,228.9,49.6,5.7,1310.0,1010.0,77.0,43.0,83.9,99.0,872
2024-03-25T14:30:06.000000+00:00,235.9,49.6,236.3,49.6,228.9,49.6,5.7,1310.0,1010.0,77.0,44.0,83.9,99.0,872
2024-03-25T14:31:06.000000+00:00,236.1,49.6,236.1,49.6,228.9,49.6,5.7,1310.0,1010.0,77.0,44.0,83.8,99.0,872
2024-03-25T14:32:06.000000+00:00,235.6,49.5,235.6,49.5,228.9,49.5,5.7,1310.0,1010.0,77.0,44.0,83.8,99.0,872
2024-03-25T14:33:06.000000+00:00,236.2,49.5,236.4,49.5,228.9,49.5,5.7,1310.0,1010.0,77.0,44.0,83.8,99.0,872
2024-03-25T14:34:07.000000+00:00,237.1,49.6,237.1,49.6,228.9,49.6,5.8,1310.0,1010.0,77.0,43.0,83.8,99.0,872
2024-03-25T14:35:07.000000+00:00,236.9,49.5,236.9,49.5,228.9,49.5,5.7,1300.0,1000.0,77.0,44.0,83.8,99.0,872
2024-03-25T14:36:07.000000+00:00,237.0,49.7,235.9,49.7,228.9,49.7,5.7,1300.0,1000.0,77.0,43.0,83.8,99.0,872
2024-03-25T14:37:07.000000+00:00,237.4,49.7,236.8,49.7,228.9,49.7,5.6,1290.0,1000.0,78.0,43.0,83.8,99.0,872
2024-03-25T14:38:07.000000+00:00,236.6,49.7,236.6,49.7,228.9,49.7,5.7,1310.0,1020.0,78.0,44.0,83.8,99.0,873
2024-03-25T14:39:07.000000+00:00,237.0,49.7,236.9,49.7,228.9,49.7,5.7,1300.0,1010.0,78.0,44.0,83.8,99.0,873
2024-03-25T14:40:07.000000+00:00,237.0,49.8,236.6,49.8,228.9,49.8,5.6,1290.0,1000.0,78.0,43.0,83.8,99.0,873
2024-03-25T14:41:07.000000+00:00,237.9,49.9,237.9,49.9,228.9,49.9,5.6,1280.0,1000.0,78.0,43.0,83.8,99.0,873
2024-03-25T14:42:07.000000+00:00,237.2,49.8,236.8,49.8,228.9,49.8,5.7,1300.0,1010.0,78.0,44.0,83.8,99.0,873
2024-03-25T14:43:07.000000+00:00,237.9,49.8,237.9,49.8,228.9,49.8,5.6,1290.0,1000.0,78.0,43.0,83.8,99.0,873
2024-03-25T14:44:07.000000+00:00,237.9,49.9,237.9,49.9,228.9,49.9,5.6,1290.0,1000.0,78.0,43.0,83.8,99.0,873
2024-03-25T14:45:07.000000+00:00,239.0,50.3,238.6,50.3,228.9,50.3,5.5,1270.0,1000.0,79.0,42.0,83.8,99.0,873
2024-03-25T14:46:07.000000+00:00,239.2,50.4,239.7,50.4,228.9,50.4,5.6,1280.0,1000.0,78.0,43.0,83.7,99.0,873
2024-03-25T14:47:07.000000+00:00,239.8,50.3,239.8,50.3,228.9,50.3,5.5,1270.0,990.0,78.0,43.0,84.0,99.0,873
2024-03-25T14:48:07.000000+00:00,239.4,50.2,239.4,50.2,228.9,50.2,5.6,1280.0,1000.0,78.0,43.0,84.1,99.0,873
2024-03-25T14:49:07.000000+00:00,239.9,50.2,239.0,50.2,228.9,50.2,5.6,1270.0,1000.0,79.0,42.0,84.1,99.0,873
2024-03-25T14:50:07.000000+00:00,239.1,50.2,240.1,50.2,228.9,50.2,5.6,1280.0,990.0,77.0,43.0,84.1,99.0,873
2024-03-25T14:51:07.000000+00:00,240.2,50.3,239.3,50.3,228.9,50.3,5.5,1270.0,990.0,78.0,43.0,84.3,99.0,873
2024-03-25T14:52:07.000000+00:00,239.3,50.2,239.7,50.2,228.9,50.2,5.6,1280.0,1000.0,78.0,43.0,84.2,99.0,873
2024-03-25T14:53:07.000000+00:00,239.8,50.3,239.8,50.3,228.9,50.3,5.6,1280.0,1000.0,78.0,43.0,84.1,99.0,873
2024-03-25T14:54:07.000000+00:00,239.1,50.3,239.5,50.3,228.9,50.3,5.5,1270.0,990.0,78.0,42.0,84.1,99.0,873
2024-03-25T14:55:07.000000+00:00,239.9,50.4,239.4,50.4,228.9,50.4,5.5,1270.0,990.0,78.0,42.0,84.0,99.0,873
2024-03-25T14:56:07.000000+00:00,239.3,50.3,240.4,50.3,228.9,50.3,5.6,1270.0,1000.0,79.0,42.0,84.0,99.0,873
2024-03-25T14:57:07.000000+00:00,238.6,50.3,238.6,50.3,228.9,50.3,5.6,1280.0,1000.0,78.0,43.0,84.0,99.0,873
2024-03-25T14:58:07.000000+00:00,239.4,50.4,239.5,50.4,228.9,50.4,5.5,1270.0,990.0,78.0,42.0,84.0,99.0,873
2024-03-25T14:59:07.000000+00:00,239.4,50.5,239.4,50.5,228.9,50.5,5.5,1260.0,990.0,79.0,42.0,83.9,99.0,874
2024-03-25T15:00:07.000000+00:00,239.8,50.4,239.8,50.4,228.9,50.4,5.5,1270.0,990.0,78.0,42.0,83.9,99.0,874
2024-03-25T15:01:07.000000+00:00,239.6,50.5,239.6,50.5,228.9,50.5,5.6,1280.0,1000.0,78.0,42.0,83.9,99.0,874
2024-03-25T15:02:07.000000+00:00,238.7,50.4,239.3,50.4,228.9,50.4,5.5,1270.0,990.0,78.0,42.0,83.9,99.0,874
2024-03-25T15:03:07.000000+00:00,238.4,50.3,238.4,50.3,228.9,50.3,5.5,1270.0,990.0,78.0,43.0,83.9,99.0,874
2024-03-25T15:04:07.000000+00:00,237.7,50.3,237.2,50.3,228.9,50.3,5.6,1280.0,1000.0,78.0,43.0,83.9,99.0,874
2024-03-25T15:05:07.000000+00:00,238.2,50.3,238.3,50.3,228.9,50.3,5.5,1270.0,990.0,78.0,43.0,83.9,99.0,874
2024-03-25T15:06:07.000000+00:00,238.4,50.4,238.4,50.4,228.9,50.4,5.6,1280.0,1000.0,78.0,42.0,83.9,99.0,874
2024-03-25T15:07:07.000000+00:00,238.0,50.3,238.0,50.3,228.9,50.3,5.6,1280.0,1000.0,78.0,43.0,83.8,99.0,874
2024-03-25T15:08:07.000000+00:00,238.0,50.3,238.0,50.3,228.9,50.3,5.6,1280.0,1000.0,78.0,42.0,83.8,99.0,874
2024-03-25T15:09:07.000000+00:00,236.8,50.2,236.8,50.2,228.9,50.2,5.6,1280.0,1000.0,78.0,43.0,83.8,99.0,874
2024-03-25T15:10:07.000000+00:00,238.0,50.5,237.9,50.5,228.9,50.5,5.5,1270.0,990.0,78.0,42.0,83.8,99.0,874
2024-03-25T15:11:07.000000+00:00,238.0,50.4,237.5,50.4,228.9,50.4,5.5,1270.0,1000.0,79.0,42.0,83.8,99.0,874
2024-03-25T15:12:07.000000+00:00,237.3,50.4,237.3,50.4,228.9,50.4,5.5,1270.0,990.0,78.0,42.0,83.7,99.0,874
2024-03-25T15:13:07.000000+00:00,237.4,50.4,236.8,50.4,228.9,50.4,5.5,1270.0,1000.0,79.0,42.0,83.8,99.0,874
2024-03-25T15:14:07.000000+00:00,237.5,50.3,238.0,50.3,228.9,50.3,5.6,1270.0,1000.0,79.0,43.0,83.8,99.0,874
2024-03-25T15:15:07.000000+00:00,237.4,50.2,236.3,50.2,228.9,50.2,5.6,1290.0,1000.0,78.0,43.0,83.8,99.0,874
2024-03-25T15:16:07.000000+00:00,236.8,50.4,236.8,50.4,228.9,50.4,5.6,1280.0,1010.0,79.0,43.0,83.7,99.0,874
2024-03-25T15:17:07.000000+00:00,237.0,50.4,236.4,50.4,228.9,50.4,5.5,1270.0,1000.0,79.0,42.0,83.8,99.0,874
2024-03-25T15:18:07.000000+00:00,236.5,50.4,236.4,50.4,228.9,50.4,5.5,1270.0,990.0,78.0,42.0,83.8,99.0,874
2024-03-25T15:19:07.000000+00:00,237.0,50.4,237.0,50.4,228.9,50.4,5.6,1270.0,1000.0,79.0,42.0,83.8,99.0,875
2024-03-25T15:20:07.000000+00:00,237.7,50.4,237.7,50.4,228.9,50.4,5.6,1270.0,1000.0,79.0,43.0,83.8,99.0,875
2024-03-25T15:21:07.000000+00:00,238.2,50.5,238.2,50.5,228.9,50.5,5.5,1270.0,1000.0,79.0,42.0,83.8,99.0,875
2024-03-25T15:22:07.000000+00:00,238.3,50.4,238.3,50.4,228.9,50.4,5.6,1270.0,1000.0,79.0,42.0,83.8,99.0,875
2024-03-25T15:23:07.000000+00:00,237.5,50.4,237.6,50.4,228.9,50.4,5.5,1270.0,1000.0,79.0,42.0,83.8,99.0,875
2024-03-25T15:24:07.000000+00:00,237.7,50.3,237.7,50.3,228.9,50.4,5.5,1270.0,990.0,78.0,43.0,83.7,99.0,875
2024-03-25T15:25:07.000000+00:00,238.0,50.3,237.5,50.4,228.9,50.3,5.5,1270.0,990.0,78.0,42.0,83.8,99.0,875
2024-03-25T15:26:07.000000+00:00,237.3,50.3,237.8,50.3,228.9,50.3,5.5,1270.0,990.0,78.0,42.0,83.9,99.0,875
2024-03-25T15:27:07.000000+00:00,237.0,50.2,237.0,50.2,228.9,50.2,5.6,1280.0,1000.0,78.0,43.0,83.8,99.0,875
2024-03-25T15:28:07.000000+00:00,235.7,50.1,235.7,50.1,228.9,50.1,5.6,1280.0,990.0,77.0,43.0,82.3,98.0,865
2024-03-25T15:29:07.000000+00:00,236.8,50.0,236.4,50.0,228.9,50.0,5.6,1290.0,1000.0,78.0,43.0,82.9,98.0,865
2024-03-25T15:30:07.000000+00:00,235.4,50.0,236.0,50.0,228.9,50.0,5.6,1290.0,1000.0,78.0,43.0,83.2,98.0,865
