SEP=,
Time (UTC),Input Voltage (V),Input Frequency (Hz),Bypass Voltage (V),Bypass Frequency (Hz),Output Voltage (V),Output Frequency (Hz),Output Current (A),Output Apparent Power (VA),Output Active Power (W),Output Power Factor,Output Percent Load (%),Battery Voltage (V),Battery Capacity (%),Battery Remaining Time (s)
2022-07-29T08:44:05.000000+00:00,233.5,50.0,233.9,50.0,228.9,50.0,5.5,1260.0,960.0,76.0,42.0,81.3,7.0,265
2022-07-29T08:45:05.000000+00:00,233.2,50.0,233.6,50.0,228.9,50.0,5.7,1310.0,1010.0,77.0,44.0,81.5,7.0,256
2022-07-29T08:46:05.000000+00:00,233.4,49.9,233.4,49.9,228.9,49.9,5.7,1300.0,980.0,75.0,42.0,81.6,7.0,268
2022-07-29T08:47:05.000000+00:00,232.6,50.1,232.1,50.1,228.9,50.1,5.6,1270.0,970.0,76.0,43.0,81.6,8.0,277
2022-07-29T08:48:02.000000+00:00,233.4,50.0,233.4,50.0,228.9,50.0,5.6,1280.0,970.0,76.0,43.0,81.7,8.0,280
2022-07-29T08:49:02.000000+00:00,233.5,50.0,233.4,50.0,228.9,50.0,5.6,1290.0,980.0,76.0,43.0,81.7,8.0,286
2022-07-29T08:50:02.000000+00:00,233.1,49.9,233.1,49.9,228.9,49.9,5.5,1260.0,940.0,75.0,42.0,81.7,8.0,295
2022-07-29T08:51:02.000000+00:00,232.9,49.8,232.9,49.8,228.9,49.8,5.6,1290.0,970.0,75.0,43.0,81.7,8.0,305
2022-07-29T08:52:02.000000+00:00,233.0,49.9,232.9,49.9,228.9,49.9,5.6,1290.0,980.0,76.0,43.0,81.6,8.0,307
2022-07-29T08:53:02.000000+00:00,233.0,49.7,233.5,49.7,228.9,49.7,5.5,1250.0,930.0,74.0,43.0,81.6,9.0,336
2022-07-29T08:54:02.000000+00:00,233.7,49.8,233.3,49.8,228.9,49.8,5.6,1280.0,950.0,74.0,41.0,81.6,9.0,331
2022-07-29T08:55:02.000000+00:00,233.5,49.8,233.5,49.8,228.9,49.8,5.7,1300.0,990.0,76.0,43.0,81.6,9.0,341
2022-07-29T08:56:02.000000+00:00,234.2,49.8,234.2,49.8,228.9,49.8,5.6,1270.0,960.0,76.0,43.0,81.6,9.0,332
2022-07-29T08:57:02.000000+00:00,233.9,50.0,233.9,50.0,228.9,50.0,5.6,1280.0,990.0,77.0,43.0,81.6,9.0,362
2022-07-29T08:58:02.000000+00:00,234.6,50.0,235.5,50.0,228.9,50.1,5.3,1220.0,910.0,75.0,41.0,81.6,9.0,348
2022-07-29T08:59:02.000000+00:00,235.5,50.1,235.5,50.1,228.9,50.1,5.5,1260.0,960.0,76.0,42.0,81.6,10.0,349
2022-07-29T09:00:02.000000+00:00,235.9,50.3,235.9,50.3,228.9,50.3,5.5,1260.0,970.0,77.0,42.0,81.5,10.0,356
2022-07-29T09:01:02.000000+00:00,235.4,50.2,235.4,50.2,228.9,50.2,5.3,1220.0,910.0,75.0,41.0,81.5,10.0,384
2022-07-29T09:02:02.000000+00:00,235.9,50.2,235.9,50.2,228.9,50.2,5.3,1210.0,900.0,74.0,40.0,81.5,10.0,405
2022-07-29T09:03:02.000000+00:00,235.5,50.0,235.5,50.0,228.9,50.0,5.5,1260.0,950.0,75.0,40.0,81.5,10.0,402
2022-07-29T09:04:02.000000+00:00,235.8,50.1,235.4,50.1,228.9,50.1,5.4,1230.0,920.0,75.0,41.0,81.6,10.0,429
2022-07-29T09:05:02.000000+00:00,235.1,50.1,235.6,50.1,228.9,50.1,5.3,1220.0,920.0,75.0,40.0,81.6,11.0,431
2022-07-29T09:06:02.000000+00:00,234.0,50.1,234.0,50.2,228.9,50.1,5.3,1210.0,910.0,75.0,40.0,81.6,11.0,432
2022-07-29T09:07:02.000000+00:00,234.4,49.9,234.9,49.9,228.9,49.9,5.4,1230.0,920.0,75.0,41.0,81.6,11.0,412
2022-07-29T09:08:02.000000+00:00,234.3,49.9,235.1,49.9,228.9,49.9,5.5,1260.0,950.0,75.0,42.0,81.6,11.0,439
2022-07-29T09:09:02.000000+00:00,235.0,50.2,235.0,50.2,228.9,50.2,5.3,1210.0,910.0,75.0,40.0,81.6,11.0,452
2022-07-29T09:10:02.000000+00:00,234.9,50.2,234.9,50.2,228.9,50.2,5.3,1200.0,900.0,75.0,40.0,81.6,11.0,458
2022-07-29T09:11:02.000000+00:00,234.6,50.2,234.5,50.2,228.9,50.2,5.2,1200.0,890.0,74.0,40.0,81.6,12.0,459
2022-07-29T09:12:02.000000+00:00,235.9,50.2,234.9,50.2,228.9,50.2,5.4,1250.0,950.0,76.0,42.0,81.6,12.0,477
2022-07-29T09:13:02.000000+00:00,235.4,50.1,235.4,50.1,228.9,50.1,5.2,1190.0,880.0,74.0,40.0,81.6,12.0,484
2022-07-29T09:14:02.000000+00:00,235.1,50.2,235.0,50.2,228.9,50.2,5.2,1200.0,890.0,74.0,40.0,81.6,12.0,479
2022-07-29T09:15:02.000000+00:00,236.2,50.2,235.8,50.2,228.9,50.2,5.3,1210.0,910.0,75.0,40.0,81.7,12.0,486
2022-07-29T09:16:02.000000+00:00,235.7,50.3,236.2,50.3,228.9,50.3,5.2,1200.0,900.0,75.0,41.0,81.7,12.0,492
2022-07-29T09:17:02.000000+00:00,236.6,50.3,236.6,50.3,228.9,50.3,5.3,1220.0,930.0,76.0,40.0,81.7,13.0,505
2022-07-29T09:18:02.000000+00:00,236.4,50.3,236.4,50.3,228.9,50.3,5.2,1190.0,880.0,74.0,40.0,81.7,13.0,525
2022-07-29T09:19:02.000000+00:00,236.8,50.3,236.8,50.3,228.9,50.3,5.3,1200.0,910.0,76.0,40.0,81.7,13.0,506
2022-07-29T09:20:02.000000+00:00,237.6,50.3,237.6,50.3,228.9,50.3,5.2,1190.0,890.0,75.0,40.0,81.7,13.0,519
2022-07-29T09:21:02.000000+00:00,237.3,50.3,237.3,50.3,228.9,50.3,5.2,1200.0,900.0,75.0,40.0,81.8,13.0,525
2022-07-29T09:22:02.000000+00:00,237.6,50.3,237.6,50.3,228.9,50.3,5.2,1200.0,900.0,75.0,40.0,81.8,13.0,532
2022-07-29T09:23:02.000000+00:00,238.4,50.3,237.8,50.3,228.9,50.3,5.2,1190.0,880.0,74.0,40.0,81.8,14.0,566
2022-07-29T09:24:02.000000+00:00,238.2,50.3,238.3,50.2,228.9,50.2,5.2,1190.0,880.0,74.0,39.0,81.8,14.0,573
2022-07-29T09:25:02.000000+00:00,238.5,50.0,238.0,50.0,228.9,50.0,5.3,1210.0,900.0,74.0,40.0,81.8,14.0,580
2022-07-29T09:26:02.000000+00:00,238.0,50.1,238.0,50.1,228.9,50.1,5.3,1210.0,900.0,74.0,40.0,81.8,14.0,558
2022-07-29T09:27:02.000000+00:00,237.3,50.1,237.8,50.1,228.9,50.1,5.3,1210.0,900.0,74.0,40.0,81.8,14.0,565
2022-07-29T09:28:03.000000+00:00,236.7,50.0,236.7,50.0,228.9,50.0,5.3,1210.0,900.0,74.0,40.0,81.9,14.0,601
2022-07-29T09:29:03.000000+00:00,236.1,49.7,236.1,49.7,228.9,49.7,5.3,1230.0,900.0,73.0,41.0,81.9,15.0,564
2022-07-29T09:30:03.000000+00:00,236.0,49.7,236.0,49.7,228.9,49.7,5.4,1230.0,910.0,74.0,41.0,81.9,15.0,570
2022-07-29T09:31:03.000000+00:00,235.5,49.7,236.5,49.7,228.9,49.7,5.4,1240.0,910.0,73.0,41.0,81.9,15.0,577
2022-07-29T09:32:03.000000+00:00,237.1,49.8,237.1,49.8,228.9,49.8,5.4,1230.0,910.0,74.0,41.0,81.9,15.0,598
2022-07-29T09:33:03.000000+00:00,236.2,49.8,236.2,49.8,228.9,49.8,5.3,1210.0,880.0,73.0,40.0,81.9,15.0,604
2022-07-29T09:34:03.000000+00:00,236.9,49.8,236.8,49.8,228.9,49.8,5.3,1210.0,880.0,73.0,40.0,82.0,15.0,611
2022-07-29T09:35:03.000000+00:00,236.6,49.9,236.6,49.9,228.9,49.8,5.3,1220.0,910.0,75.0,42.0,82.0,16.0,633
2022-07-29T09:36:03.000000+00:00,238.1,49.9,237.6,49.9,228.9,49.9,5.3,1210.0,890.0,74.0,41.0,82.0,16.0,609
2022-07-29T09:37:03.000000+00:00,237.6,50.1,238.1,50.1,228.9,50.1,5.2,1190.0,890.0,75.0,40.0,82.0,16.0,647
2022-07-29T09:38:03.000000+00:00,238.0,49.9,237.1,49.9,228.9,49.9,5.2,1200.0,880.0,73.0,40.0,82.0,16.0,637
2022-07-29T09:39:03.000000+00:00,236.4,49.8,236.4,49.8,228.9,49.8,5.3,1220.0,910.0,75.0,41.0,82.0,16.0,644
2022-07-29T09:40:03.000000+00:00,235.7,49.7,235.7,49.7,228.9,49.7,5.4,1230.0,900.0,73.0,41.0,82.1,16.0,650
2022-07-29T09:41:03.000000+00:00,236.0,49.8,237.0,49.8,228.9,49.8,5.3,1220.0,900.0,74.0,41.0,82.1,17.0,674
2022-07-29T09:42:04.000000+00:00,237.6,49.9,237.6,49.9,228.9,49.9,5.3,1210.0,890.0,74.0,40.0,82.1,17.0,625
2022-07-29T09:43:04.000000+00:00,236.9,50.2,236.9,50.2,228.9,50.2,5.2,1180.0,870.0,74.0,40.0,82.1,17.0,687
2022-07-29T09:44:04.000000+00:00,237.0,50.0,236.5,50.0,228.9,50.0,5.2,1200.0,880.0,73.0,40.0,82.1,17.0,712
2022-07-29T09:45:05.000000+00:00,237.3,50.1,237.3,50.1,228.9,50.1,5.2,1190.0,880.0,74.0,40.0,82.1,17.0,701
2022-07-29T09:46:05.000000+00:00,237.4,50.0,237.5,50.0,228.9,50.0,5.3,1220.0,910.0,75.0,41.0,82.2,17.0,690
2022-07-29T09:47:05.000000+00:00,237.1,49.9,236.5,49.9,228.9,49.9,5.3,1220.0,900.0,74.0,41.0,82.2,18.0,697
2022-07-29T09:48:05.000000+00:00,237.7,50.1,237.7,50.1,228.9,50.1,5.2,1180.0,870.0,74.0,40.0,82.2,18.0,740
2022-07-29T09:49:05.000000+00:00,237.3,50.0,237.3,50.0,228.9,50.0,5.3,1220.0,920.0,75.0,41.0,82.2,18.0,701
2022-07-29T09:50:05.000000+00:00,236.6,49.7,235.8,49.7,228.9,49.7,5.3,1220.0,890.0,73.0,41.0,82.3,18.0,708
2022-07-29T09:51:05.000000+00:00,236.1,49.8,236.6,49.8,228.9,49.8,5.3,1210.0,890.0,74.0,40.0,82.3,18.0,714
2022-07-29T09:52:05.000000+00:00,236.3,49.7,236.3,49.7,228.9,49.7,5.3,1210.0,880.0,73.0,41.0,82.3,18.0,757
2022-07-29T09:53:05.000000+00:00,237.3,49.8,235.6,49.7,228.9,49.7,5.4,1240.0,920.0,74.0,41.0,82.3,19.0,727
2022-07-29T09:54:05.000000+00:00,236.6,50.0,236.6,50.0,228.9,50.0,5.3,1210.0,900.0,74.0,40.0,82.3,19.0,761
2022-07-29T09:55:05.000000+00:00,236.6,49.8,236.1,49.8,228.9,49.8,5.3,1210.0,880.0,73.0,40.0,82.3,19.0,749
2022-07-29T09:56:05.000000+00:00,236.1,49.7,236.5,49.7,228.9,49.7,5.3,1210.0,880.0,73.0,41.0,82.4,19.0,766
2022-07-29T09:57:05.000000+00:00,237.6,49.9,238.5,49.9,228.9,49.9,5.3,1220.0,910.0,75.0,40.0,82.4,19.0,744
2022-07-29T09:58:05.000000+00:00,237.1,49.7,237.2,49.7,228.9,49.7,5.3,1220.0,890.0,73.0,40.0,82.4,19.0,799
2022-07-29T09:59:05.000000+00:00,239.3,49.8,238.8,49.8,228.9,49.8,5.3,1210.0,900.0,74.0,41.0,82.4,20.0,757
2022-07-29T10:00:05.000000+00:00,238.6,49.9,238.6,49.9,228.9,49.9,5.3,1210.0,890.0,74.0,40.0,82.4,20.0,745
2022-07-29T10:01:05.000000+00:00,239.9,50.2,239.9,50.2,228.9,50.2,5.3,1220.0,920.0,75.0,41.0,82.5,20.0,809
2022-07-29T10:02:05.000000+00:00,236.5,50.0,236.5,50.0,228.9,50.0,5.3,1210.0,900.0,74.0,40.0,82.5,20.0,805
2022-07-29T10:03:05.000000+00:00,236.5,50.0,236.5,50.0,228.9,50.0,5.2,1190.0,870.0,73.0,40.0,82.5,20.0,822
2022-07-29T10:04:05.000000+00:00,236.9,50.3,236.9,50.2,228.9,50.3,5.3,1210.0,920.0,76.0,40.0,82.5,20.0,829
2022-07-29T10:05:05.000000+00:00,236.5,50.1,236.5,50.1,228.9,50.1,5.3,1210.0,920.0,76.0,40.0,82.5,21.0,836
2022-07-29T10:06:05.000000+00:00,236.6,50.1,236.6,50.1,228.9,50.1,5.2,1190.0,880.0,74.0,40.0,82.5,21.0,843
2022-07-29T10:07:05.000000+00:00,237.4,50.3,237.4,50.3,228.9,50.3,5.2,1200.0,900.0,75.0,40.0,82.6,21.0,849
2022-07-29T10:08:05.000000+00:00,237.4,50.2,237.4,50.2,228.9,50.2,5.2,1190.0,890.0,75.0,39.0,82.6,21.0,856
2022-07-29T10:09:05.000000+00:00,238.7,50.3,238.7,50.3,228.9,50.3,5.2,1200.0,900.0,75.0,40.0,82.6,21.0,863
2022-07-29T10:10:05.000000+00:00,239.0,50.3,239.0,50.3,228.9,50.3,5.2,1190.0,890.0,75.0,40.0,82.6,21.0,870
2022-07-29T10:11:05.000000+00:00,238.6,50.2,238.5,50.2,228.9,50.2,5.2,1190.0,890.0,75.0,40.0,82.6,22.0,876
2022-07-29T10:12:05.000000+00:00,239.0,50.1,238.5,50.1,228.9,50.1,5.2,1200.0,890.0,74.0,40.0,82.7,22.0,883
2022-07-29T10:13:05.000000+00:00,238.4,50.1,238.4,50.1,228.9,50.1,5.2,1180.0,870.0,74.0,40.0,82.7,22.0,890
2022-07-29T10:14:05.000000+00:00,238.1,50.0,238.1,50.0,228.9,50.0,5.3,1220.0,920.0,75.0,40.0,82.7,22.0,897
2022-07-29T10:15:06.000000+00:00,239.4,50.3,239.5,50.3,228.9,50.3,5.2,1190.0,890.0,75.0,40.0,82.7,22.0,904
2022-07-29T10:16:06.000000+00:00,239.0,50.2,239.0,50.2,228.9,50.2,5.2,1190.0,880.0,74.0,39.0,82.8,22.0,910
2022-07-29T10:17:06.000000+00:00,240.6,50.2,240.5,50.2,228.9,50.2,5.2,1190.0,890.0,75.0,40.0,82.8,23.0,917
2022-07-29T10:18:06.000000+00:00,239.7,50.2,240.2,50.2,228.9,50.2,5.2,1180.0,870.0,74.0,39.0,82.8,23.0,923
2022-07-29T10:19:06.000000+00:00,239.5,50.0,239.5,50.0,228.9,50.0,5.2,1190.0,870.0,73.0,40.0,82.8,23.0,930
2022-07-29T10:20:06.000000+00:00,239.3,50.0,239.3,50.0,228.9,50.0,5.3,1210.0,900.0,74.0,40.0,82.8,23.0,937
2022-07-29T10:21:06.000000+00:00,239.4,50.1,239.4,50.1,228.9,50.1,5.2,1190.0,880.0,74.0,39.0,82.9,23.0,944
2022-07-29T10:22:06.000000+00:00,239.4,49.9,238.4,49.9,228.9,49.9,5.3,1210.0,900.0,74.0,40.0,82.9,23.0,951
2022-07-29T10:23:06.000000+00:00,238.2,49.9,238.2,49.9,228.9,49.9,5.3,1210.0,900.0,74.0,40.0,82.9,24.0,958
2022-07-29T10:24:06.000000+00:00,238.9,50.0,238.9,50.1,228.9,50.0,5.3,1210.0,900.0,74.0,40.0,82.9,24.0,964
2022-07-29T10:25:06.000000+00:00,239.4,50.1,239.4,50.1,228.9,50.1,5.2,1190.0,870.0,73.0,40.0,82.9,24.0,971
2022-07-29T10:26:06.000000+00:00,238.8,50.1,238.3,50.1,228.9,50.1,5.2,1190.0,880.0,74.0,40.0,83.0,24.0,978
2022-07-29T10:27:06.000000+00:00,238.3,49.8,237.7,49.8,228.9,49.8,5.3,1230.0,900.0,73.0,41.0,83.0,24.0,984
2022-07-29T10:28:06.000000+00:00,237.0,49.9,237.0,49.9,228.9,49.9,5.3,1210.0,890.0,74.0,40.0,83.0,24.0,992
2022-07-29T10:29:06.000000+00:00,238.1,50.0,237.5,50.0,228.9,50.0,5.3,1210.0,900.0,74.0,40.0,83.0,25.0,998
2022-07-29T10:30:06.000000+00:00,236.6,50.0,236.6,50.0,228.9,50.0,5.2,1190.0,870.0,73.0,40.0,83.0,25.0,1005
2022-07-29T10:31:06.000000+00:00,236.6,50.1,236.6,50.1,228.9,50.1,5.2,1180.0,870.0,74.0,40.0,83.0,25.0,1011
2022-07-29T10:32:06.000000+00:00,237.5,50.1,237.5,50.1,228.9,50.1,5.3,1200.0,900.0,75.0,40.0,83.1,25.0,1018
2022-07-29T10:33:06.000000+00:00,237.1,50.1,237.1,50.1,228.9,50.1,5.2,1190.0,880.0,74.0,40.0,83.1,25.0,1000
2022-07-29T10:34:06.000000+00:00,238.5,50.3,238.6,50.3,228.9,50.3,5.2,1200.0,900.0,75.0,40.0,83.1,25.0,1019
2022-07-29T10:35:06.000000+00:00,238.2,50.2,238.2,50.2,228.9,50.2,5.2,1180.0,870.0,74.0,40.0,83.1,26.0,1026
2022-07-29T10:36:06.000000+00:00,239.3,50.2,239.3,50.2,228.9,50.2,5.4,1230.0,940.0,76.0,41.0,83.2,26.0,1032
2022-07-29T10:37:06.000000+00:00,238.8,50.2,238.0,50.2,228.9,50.2,5.2,1190.0,890.0,75.0,40.0,83.2,26.0,1039
2022-07-29T10:38:06.000000+00:00,238.3,50.1,238.7,50.1,228.9,50.1,5.2,1190.0,870.0,73.0,40.0,83.2,26.0,1045
2022-07-29T10:39:06.000000+00:00,237.8,50.0,237.8,50.0,228.9,50.0,5.2,1200.0,890.0,74.0,40.0,83.2,26.0,1052
2022-07-29T10:40:06.000000+00:00,237.8,50.0,237.3,50.0,228.9,50.0,5.3,1200.0,890.0,74.0,40.0,83.3,26.0,1059
2022-07-29T10:41:06.000000+00:00,238.1,49.9,238.1,49.9,228.9,49.9,5.2,1200.0,870.0,72.0,40.0,83.3,27.0,1066
2022-07-29T10:42:07.000000+00:00,238.6,50.2,238.6,50.2,228.9,50.2,5.2,1190.0,880.0,74.0,40.0,83.3,27.0,1072
2022-07-29T10:43:07.000000+00:00,238.0,50.1,238.5,50.1,228.9,50.1,5.3,1200.0,900.0,75.0,40.0,83.3,27.0,1079
2022-07-29T10:44:07.000000+00:00,238.7,50.1,238.1,50.1,228.9,50.1,5.2,1200.0,900.0,75.0,40.0,83.3,27.0,1086
2022-07-29T10:45:07.000000+00:00,238.5,50.2,238.0,50.2,228.9,50.2,5.2,1180.0,880.0,75.0,39.0,83.4,27.0,1092
2022-07-29T10:46:07.000000+00:00,238.7,50.1,238.7,50.1,228.9,50.1,5.2,1190.0,890.0,75.0,40.0,83.4,27.0,1099
2022-07-29T10:47:07.000000+00:00,238.3,49.9,237.8,49.9,228.9,49.9,5.4,1240.0,930.0,75.0,41.0,83.4,28.0,1106
2022-07-29T10:48:07.000000+00:00,238.4,50.0,238.4,50.0,228.9,50.0,5.3,1200.0,890.0,74.0,40.0,83.4,28.0,1099
2022-07-29T10:49:07.000000+00:00,236.7,49.8,236.7,49.8,228.9,49.8,5.4,1230.0,920.0,75.0,41.0,83.4,28.0,1119
2022-07-29T10:50:07.000000+00:00,238.3,50.3,238.4,50.3,228.9,50.3,5.1,1180.0,870.0,74.0,39.0,83.5,28.0,1126
2022-07-29T10:51:07.000000+00:00,236.9,50.1,236.9,50.1,228.9,50.1,5.2,1180.0,880.0,75.0,40.0,83.5,28.0,1132
2022-07-29T10:52:07.000000+00:00,236.9,50.0,236.9,50.0,228.9,50.0,5.2,1200.0,880.0,73.0,40.0,83.5,28.0,1139
2022-07-29T10:53:07.000000+00:00,238.0,50.2,238.0,50.2,228.9,50.2,5.2,1180.0,870.0,74.0,39.0,83.5,29.0,1146
2022-07-29T10:54:07.000000+00:00,238.9,50.2,238.9,50.2,228.9,50.2,5.2,1190.0,890.0,75.0,40.0,83.7,29.0,1153
2022-07-29T10:55:07.000000+00:00,238.2,50.2,238.2,50.2,228.9,50.2,5.2,1180.0,880.0,75.0,41.0,83.7,29.0,1159
2022-07-29T10:56:07.000000+00:00,237.8,50.2,237.8,50.2,228.9,50.2,5.2,1190.0,880.0,74.0,40.0,83.8,29.0,1166
2022-07-29T10:57:07.000000+00:00,237.3,50.2,237.5,50.2,228.9,50.2,5.3,1200.0,910.0,76.0,40.0,83.8,29.0,1173
2022-07-29T10:58:07.000000+00:00,237.8,50.2,238.3,50.2,228.9,50.2,5.1,1180.0,870.0,74.0,39.0,82.9,29.0,1178
2022-07-29T10:59:07.000000+00:00,237.0,50.2,238.0,50.2,228.9,50.2,5.2,1190.0,890.0,75.0,40.0,83.1,30.0,1185
2022-07-29T11:00:07.000000+00:00,238.0,50.2,238.0,50.2,228.9,50.2,5.2,1190.0,890.0,75.0,40.0,83.2,30.0,1190
2022-07-29T11:01:07.000000+00:00,236.9,50.1,236.9,50.1,228.9,50.1,5.2,1190.0,870.0,73.0,40.0,83.5,30.0,1197
2022-07-29T11:02:07.000000+00:00,237.4,50.2,237.4,50.2,228.9,50.2,5.2,1190.0,890.0,75.0,40.0,83.7,30.0,1202
2022-07-29T11:03:07.000000+00:00,237.6,50.2,237.6,50.2,228.9,50.2,5.2,1180.0,880.0,75.0,39.0,83.8,30.0,1208
2022-07-29T11:04:07.000000+00:00,237.6,50.2,236.6,50.2,228.9,50.2,5.2,1190.0,890.0,75.0,39.0,83.8,30.0,1215
2022-07-29T11:05:07.000000+00:00,237.4,50.2,237.4,50.2,228.9,50.2,5.2,1190.0,890.0,75.0,40.0,83.8,31.0,1220
2022-07-29T11:06:07.000000+00:00,237.4,50.3,237.4,50.3,228.9,50.3,5.2,1180.0,880.0,75.0,40.0,83.8,31.0,1227
2022-07-29T11:07:07.000000+00:00,237.3,50.1,237.3,50.1,228.9,50.1,5.3,1200.0,900.0,75.0,40.0,83.8,31.0,1232
2022-07-29T11:08:07.000000+00:00,237.3,50.2,237.3,50.2,228.9,50.2,5.2,1190.0,890.0,75.0,39.0,83.9,31.0,1239
2022-07-29T11:09:08.000000+00:00,237.6,50.1,237.4,50.1,228.9,50.1,5.2,1190.0,890.0,75.0,40.0,83.9,31.0,1244
2022-07-29T11:10:08.000000+00:00,237.9,50.2,237.9,50.2,228.9,50.2,5.2,1190.0,890.0,75.0,40.0,83.9,31.0,1251
2022-07-29T11:11:08.000000+00:00,237.4,50.1,237.4,50.1,228.9,50.1,5.2,1190.0,880.0,74.0,39.0,83.9,31.0,1257
2022-07-29T11:12:08.000000+00:00,237.0,50.1,237.6,50.1,228.9,50.1,5.2,1200.0,890.0,74.0,40.0,83.9,32.0,1262
2022-07-29T11:13:08.000000+00:00,236.8,50.0,236.8,50.0,228.9,50.0,5.3,1210.0,900.0,74.0,40.0,83.9,32.0,1269
2022-07-29T11:14:08.000000+00:00,236.5,50.0,236.5,50.0,228.9,50.0,5.3,1210.0,900.0,74.0,40.0,84.0,32.0,1274
2022-07-29T11:15:08.000000+00:00,235.0,50.1,235.0,50.1,228.9,50.1,5.2,1190.0,880.0,74.0,40.0,84.0,32.0,1281
2022-07-29T11:16:08.000000+00:00,236.3,50.2,236.8,50.2,228.9,50.2,5.2,1190.0,890.0,75.0,40.0,84.0,32.0,1270
2022-07-29T11:17:08.000000+00:00,236.9,50.2,236.9,50.2,228.9,50.2,5.2,1190.0,890.0,75.0,40.0,84.0,32.0,1246
2022-07-29T11:18:08.000000+00:00,236.4,50.1,236.4,50.1,228.9,50.1,5.2,1200.0,890.0,74.0,40.0,84.1,32.0,1299
2022-07-29T11:19:08.000000+00:00,237.1,50.1,237.1,50.1,228.9,50.1,5.2,1190.0,890.0,75.0,40.0,84.1,33.0,1288
2022-07-29T11:20:08.000000+00:00,237.3,50.3,237.4,50.3,228.9,50.3,5.2,1180.0,870.0,74.0,39.0,84.1,33.0,1311
2022-07-29T11:21:08.000000+00:00,236.9,50.3,236.9,50.3,228.9,50.3,5.1,1170.0,870.0,74.0,39.0,84.1,33.0,1316
2022-07-29T11:22:08.000000+00:00,236.1,50.3,236.5,50.3,228.9,50.3,5.1,1170.0,870.0,74.0,40.0,84.2,33.0,1357
2022-07-29T11:23:08.000000+00:00,236.2,50.4,237.3,50.4,228.9,50.4,5.2,1190.0,890.0,75.0,40.0,84.2,33.0,1362
2022-07-29T11:24:08.000000+00:00,234.2,49.8,234.9,49.8,228.9,49.8,5.3,1210.0,900.0,74.0,40.0,84.2,33.0,1318
2022-07-29T11:25:08.000000+00:00,233.4,49.8,233.3,49.8,228.9,49.8,5.3,1210.0,880.0,73.0,40.0,84.2,34.0,1324
2022-07-29T11:26:08.000000+00:00,232.6,49.6,233.0,49.6,228.9,49.6,5.3,1220.0,900.0,74.0,41.0,84.2,34.0,1330
2022-07-29T11:27:08.000000+00:00,233.0,49.5,233.2,49.5,228.9,49.5,5.4,1240.0,920.0,74.0,41.0,84.3,34.0,1336
2022-07-29T11:28:08.000000+00:00,233.1,49.4,232.2,49.4,228.9,49.4,5.4,1230.0,890.0,72.0,41.0,84.3,34.0,1293
2022-07-29T11:29:08.000000+00:00,232.6,49.4,232.6,49.4,228.9,49.4,5.5,1250.0,910.0,73.0,42.0,84.3,34.0,1365
2022-07-29T11:30:08.000000+00:00,232.9,49.4,232.9,49.4,228.9,49.4,5.4,1240.0,900.0,73.0,42.0,84.3,34.0,1370
2022-07-29T11:31:08.000000+00:00,232.8,49.5,233.6,49.5,228.9,49.5,5.3,1220.0,890.0,73.0,41.0,84.3,34.0,1377
2022-07-29T11:32:08.000000+00:00,234.1,49.6,234.1,49.6,228.9,49.6,5.3,1220.0,900.0,74.0,41.0,84.1,35.0,1382
2022-07-29T11:33:08.000000+00:00,234.3,49.6,234.3,49.6,228.9,49.6,5.4,1230.0,910.0,74.0,41.0,84.1,35.0,1389
2022-07-29T11:34:09.000000+00:00,234.6,49.7,233.6,49.7,228.9,49.7,5.3,1220.0,900.0,74.0,41.0,84.1,35.0,1395
2022-07-29T11:35:09.000000+00:00,234.9,49.7,234.4,49.7,228.9,49.8,5.3,1210.0,880.0,73.0,40.0,84.1,35.0,1401
2022-07-29T11:36:09.000000+00:00,235.7,50.1,235.7,50.1,228.9,50.1,5.3,1200.0,900.0,75.0,40.0,84.1,35.0,1407
2022-07-29T11:37:09.000000+00:00,235.8,50.4,236.4,50.4,228.9,50.4,5.3,1220.0,930.0,76.0,39.0,84.1,35.0,1395
2022-07-29T11:38:09.000000+00:00,235.7,50.3,235.2,50.3,228.9,50.3,5.1,1170.0,870.0,74.0,39.0,84.1,35.0,1419
2022-07-29T11:39:09.000000+00:00,235.3,50.2,236.4,50.2,228.9,50.2,5.2,1190.0,900.0,76.0,40.0,84.1,36.0,1390
2022-07-29T11:40:09.000000+00:00,234.9,50.2,235.7,50.2,228.9,50.2,5.2,1190.0,890.0,75.0,40.0,84.1,36.0,1431
2022-07-29T11:41:09.000000+00:00,236.9,50.3,237.3,50.3,228.9,50.3,5.1,1180.0,870.0,74.0,39.0,84.0,36.0,1437
2022-07-29T11:42:09.000000+00:00,237.8,50.3,237.7,50.3,228.9,50.3,5.2,1180.0,880.0,75.0,39.0,84.0,36.0,1480
2022-07-29T11:43:09.000000+00:00,236.6,50.3,236.5,50.3,228.9,50.3,5.2,1190.0,890.0,75.0,40.0,84.0,36.0,1413
2022-07-29T11:44:09.000000+00:00,236.7,50.2,236.7,50.2,228.9,50.2,5.2,1190.0,880.0,74.0,40.0,84.0,36.0,1436
2022-07-29T11:45:09.000000+00:00,235.8,50.3,235.8,50.3,228.9,50.3,5.1,1170.0,870.0,74.0,39.0,84.0,37.0,1517
2022-07-29T11:46:09.000000+00:00,236.5,50.3,236.5,50.3,228.9,50.3,5.2,1190.0,890.0,75.0,40.0,84.0,37.0,1449
2022-07-29T11:47:09.000000+00:00,236.4,50.2,236.0,50.2,228.9,50.2,5.2,1190.0,890.0,75.0,40.0,84.0,37.0,1454
2022-07-29T11:48:09.000000+00:00,235.8,50.3,235.8,50.3,228.9,50.3,5.2,1190.0,880.0,74.0,39.0,84.0,37.0,1517
2022-07-29T11:49:09.000000+00:00,237.0,50.3,236.0,50.3,228.9,50.3,5.2,1200.0,910.0,76.0,40.0,84.0,37.0,1523
2022-07-29T11:50:09.000000+00:00,237.2,50.3,237.2,50.3,228.9,50.3,5.2,1190.0,890.0,75.0,39.0,84.0,37.0,1529
2022-07-29T11:51:09.000000+00:00,237.5,50.3,236.5,50.3,228.9,50.3,5.1,1170.0,870.0,74.0,39.0,84.0,37.0,1535
2022-07-29T11:52:09.000000+00:00,236.4,50.2,236.4,50.2,228.9,50.2,5.2,1190.0,890.0,75.0,40.0,84.0,38.0,1561
2022-07-29T11:53:09.000000+00:00,237.1,50.2,237.2,50.3,228.9,50.2,5.2,1190.0,900.0,76.0,39.0,83.9,38.0,1472
2022-07-29T11:54:09.000000+00:00,236.9,50.3,236.9,50.3,228.9,50.3,5.2,1180.0,880.0,75.0,40.0,83.9,38.0,1496
2022-07-29T11:55:09.000000+00:00,237.6,50.3,237.7,50.3,228.9,50.3,5.1,1180.0,870.0,74.0,39.0,83.9,38.0,1580
2022-07-29T11:56:09.000000+00:00,237.9,50.2,237.9,50.2,228.9,50.2,5.2,1200.0,900.0,75.0,40.0,83.9,38.0,1508
2022-07-29T11:57:09.000000+00:00,238.7,50.3,238.7,50.3,228.9,50.3,5.2,1190.0,890.0,75.0,40.0,83.9,38.0,1514
2022-07-29T11:58:09.000000+00:00,238.0,50.3,237.9,50.3,228.9,50.3,5.1,1180.0,870.0,74.0,39.0,83.8,38.0,1578
2022-07-29T11:59:09.000000+00:00,237.6,50.3,237.1,50.3,228.9,50.3,5.2,1180.0,880.0,75.0,40.0,83.8,39.0,1584
2022-07-29T12:00:09.000000+00:00,238.1,50.4,237.9,50.4,228.9,50.4,5.1,1170.0,870.0,74.0,39.0,83.8,39.0,1591
2022-07-29T12:01:10.000000+00:00,238.8,50.4,238.8,50.4,228.9,50.4,5.1,1160.0,860.0,74.0,39.0,83.9,39.0,1596
2022-07-29T12:02:10.000000+00:00,237.9,50.3,237.9,50.3,228.9,50.3,5.1,1170.0,870.0,74.0,39.0,83.9,39.0,1645
2022-07-29T12:03:10.000000+00:00,237.7,50.4,238.3,50.4,228.9,50.4,5.2,1190.0,900.0,76.0,39.0,83.9,39.0,1569
2022-07-29T12:04:10.000000+00:00,237.4,50.3,237.9,50.3,228.9,50.3,5.2,1190.0,900.0,76.0,39.0,83.9,39.0,1575
2022-07-29T12:05:10.000000+00:00,237.9,50.3,237.9,50.3,228.9,50.3,5.1,1170.0,870.0,74.0,39.0,83.9,40.0,1664
2022-07-29T12:06:10.000000+00:00,237.8,50.3,237.9,50.3,228.9,50.3,5.2,1180.0,890.0,75.0,39.0,83.9,40.0,1567
2022-07-29T12:07:10.000000+00:00,237.9,50.2,238.0,50.2,228.9,50.2,5.2,1190.0,890.0,75.0,40.0,83.9,40.0,1554
2022-07-29T12:08:10.000000+00:00,236.9,50.2,237.3,50.2,228.9,50.2,5.1,1180.0,870.0,74.0,39.0,83.9,40.0,1559
2022-07-29T12:09:10.000000+00:00,238.0,50.3,238.6,50.3,228.9,50.3,5.2,1180.0,880.0,75.0,40.0,83.9,40.0,1585
2022-07-29T12:10:10.000000+00:00,237.4,50.1,237.5,50.1,228.9,50.1,5.2,1200.0,890.0,74.0,40.0,83.9,40.0,1674
2022-07-29T12:11:10.000000+00:00,237.3,50.1,237.6,50.1,228.9,50.1,5.2,1180.0,870.0,74.0,40.0,83.9,40.0,1577
2022-07-29T12:12:10.000000+00:00,237.9,50.2,238.0,50.1,228.9,50.2,5.2,1190.0,890.0,75.0,40.0,83.9,41.0,1686
2022-07-29T12:13:10.000000+00:00,238.0,50.1,237.5,50.1,228.9,50.1,5.3,1210.0,910.0,75.0,40.0,83.9,41.0,1608
2022-07-29T12:14:10.000000+00:00,237.0,50.3,237.0,50.3,228.9,50.3,5.2,1180.0,880.0,75.0,40.0,83.9,41.0,1677
2022-07-29T12:15:10.000000+00:00,237.8,50.3,237.8,50.3,228.9,50.3,5.2,1180.0,880.0,75.0,39.0,83.9,41.0,1705
2022-07-29T12:16:10.000000+00:00,237.7,50.3,237.7,50.3,228.9,50.3,5.2,1190.0,890.0,75.0,39.0,83.9,41.0,1626
2022-07-29T12:17:10.000000+00:00,238.0,50.4,238.0,50.4,228.9,50.4,5.1,1180.0,880.0,75.0,39.0,83.9,41.0,1633
2022-07-29T12:18:10.000000+00:00,238.0,50.3,238.0,50.3,228.9,50.3,5.1,1170.0,870.0,74.0,39.0,83.9,41.0,1638
2022-07-29T12:19:10.000000+00:00,238.5,50.4,237.9,50.4,228.9,50.4,5.2,1200.0,910.0,76.0,40.0,83.9,42.0,1644
2022-07-29T12:20:10.000000+00:00,237.1,50.3,237.1,50.3,228.9,50.3,5.1,1170.0,870.0,74.0,39.0,83.9,42.0,1759
2022-07-29T12:21:10.000000+00:00,237.3,50.3,237.3,50.3,228.9,50.3,5.1,1170.0,870.0,74.0,39.0,83.9,42.0,1677
2022-07-29T12:22:10.000000+00:00,237.2,50.3,237.2,50.3,228.9,50.3,5.1,1170.0,870.0,74.0,39.0,83.9,42.0,1683
2022-07-29T12:23:10.000000+00:00,238.0,50.4,238.0,50.4,228.9,50.4,5.2,1180.0,890.0,75.0,39.0,83.9,42.0,1689
2022-07-29T12:24:10.000000+00:00,237.4,50.3,237.4,50.3,228.9,50.3,5.2,1180.0,890.0,75.0,39.0,83.9,42.0,1695
2022-07-29T12:25:10.000000+00:00,237.4,50.3,238.4,50.3,228.9,50.3,5.1,1170.0,870.0,74.0,39.0,83.9,43.0,1790
2022-07-29T12:26:10.000000+00:00,238.0,50.1,238.0,50.1,228.9,50.1,5.2,1190.0,880.0,74.0,39.0,83.9,43.0,1686
2022-07-29T12:27:10.000000+00:00,238.5,50.2,237.6,50.2,228.9,50.2,5.2,1190.0,890.0,75.0,40.0,83.9,43.0,1692
2022-07-29T12:28:10.000000+00:00,238.2,50.1,238.2,50.1,228.9,50.1,5.2,1180.0,880.0,75.0,39.0,83.9,43.0,1786
2022-07-29T12:29:10.000000+00:00,237.6,50.3,237.3,50.3,228.9,50.3,5.2,1190.0,890.0,75.0,39.0,83.9,43.0,1703
2022-07-29T12:30:10.000000+00:00,237.1,50.4,237.1,50.4,228.9,50.4,5.1,1180.0,870.0,74.0,39.0,83.9,43.0,1798
2022-07-29T12:31:10.000000+00:00,236.5,50.2,237.1,50.2,228.9,50.2,5.1,1180.0,870.0,74.0,39.0,83.9,43.0,1781
2022-07-29T12:32:10.000000+00:00,237.6,50.2,237.6,50.2,228.9,50.2,5.2,1200.0,890.0,74.0,40.0,83.9,44.0,1788
2022-07-29T12:33:10.000000+00:00,238.7,50.3,238.1,50.3,228.9,50.3,5.2,1200.0,910.0,76.0,39.0,83.9,44.0,1794
2022-07-29T12:34:10.000000+00:00,238.2,50.1,238.2,50.1,228.9,50.1,5.3,1210.0,900.0,74.0,40.0,83.9,44.0,1823
2022-07-29T12:35:10.000000+00:00,238.1,50.0,237.6,50.0,228.9,50.0,5.2,1190.0,880.0,74.0,40.0,83.9,44.0,1829
2022-07-29T12:36:10.000000+00:00,238.0,50.1,238.0,50.1,228.9,50.1,5.2,1180.0,870.0,74.0,40.0,83.9,44.0,1745
2022-07-29T12:37:11.000000+00:00,238.5,50.2,238.5,50.2,228.9,50.2,5.2,1190.0,890.0,75.0,40.0,83.9,44.0,1751
2022-07-29T12:38:11.000000+00:00,237.8,50.3,238.0,50.3,228.9,50.3,5.1,1180.0,870.0,74.0,39.0,83.9,44.0,1757
2022-07-29T12:39:11.000000+00:00,237.1,49.9,237.1,49.9,228.9,49.9,5.3,1210.0,900.0,74.0,41.0,83.9,45.0,1741
2022-07-29T12:40:11.000000+00:00,236.0,49.8,237.0,49.8,228.9,49.8,5.3,1200.0,880.0,73.0,40.0,83.9,45.0,1837
2022-07-29T12:41:11.000000+00:00,236.7,49.9,237.2,49.9,228.9,49.9,5.2,1190.0,870.0,73.0,40.0,83.9,45.0,1753
2022-07-29T12:42:11.000000+00:00,238.5,50.3,238.5,50.3,228.9,50.3,5.2,1190.0,890.0,75.0,39.0,83.9,45.0,1849
2022-07-29T12:43:11.000000+00:00,237.6,50.2,237.5,50.2,228.9,50.2,5.2,1190.0,890.0,75.0,39.0,83.9,45.0,1855
2022-07-29T12:44:11.000000+00:00,237.0,50.2,238.1,50.2,228.9,50.2,5.2,1200.0,900.0,75.0,40.0,83.8,45.0,1861
2022-07-29T12:45:11.000000+00:00,237.7,50.0,237.8,50.0,228.9,50.0,5.3,1210.0,900.0,74.0,40.0,83.8,46.0,1868
2022-07-29T12:46:11.000000+00:00,236.9,49.9,236.9,49.9,228.9,49.9,5.3,1200.0,880.0,73.0,40.0,83.8,46.0,1874
2022-07-29T12:47:11.000000+00:00,237.3,50.1,237.3,50.1,228.9,50.1,5.2,1200.0,890.0,74.0,40.0,83.8,46.0,1880
2022-07-29T12:48:11.000000+00:00,237.5,50.1,237.1,50.1,228.9,50.1,5.2,1180.0,880.0,75.0,39.0,83.8,46.0,1910
2022-07-29T12:49:11.000000+00:00,238.6,50.1,238.0,50.1,228.9,50.1,5.3,1220.0,920.0,75.0,40.0,83.8,46.0,1822
2022-07-29T12:50:11.000000+00:00,239.8,50.3,239.8,50.3,228.9,50.3,5.1,1170.0,870.0,74.0,40.0,83.8,46.0,1923
2022-07-29T12:51:11.000000+00:00,238.9,50.2,239.9,50.2,228.9,50.2,5.2,1180.0,870.0,74.0,39.0,83.8,46.0,1905
2022-07-29T12:52:11.000000+00:00,239.1,50.1,239.1,50.1,228.9,50.1,5.2,1200.0,890.0,74.0,40.0,83.7,47.0,1911
2022-07-29T12:53:11.000000+00:00,238.7,50.0,238.7,50.0,228.9,50.0,5.3,1220.0,920.0,75.0,40.0,83.7,47.0,1917
2022-07-29T12:54:11.000000+00:00,239.2,50.1,239.2,50.1,228.9,50.1,5.2,1180.0,870.0,74.0,40.0,83.7,47.0,1923
2022-07-29T12:55:11.000000+00:00,239.0,50.2,240.0,50.2,228.9,50.2,5.2,1180.0,870.0,74.0,39.0,83.7,47.0,1929
2022-07-29T12:56:11.000000+00:00,240.1,50.2,239.0,50.2,228.9,50.2,5.2,1190.0,880.0,74.0,40.0,83.7,47.0,1936
2022-07-29T12:57:11.000000+00:00,240.9,50.3,240.9,50.3,228.9,50.3,5.2,1190.0,890.0,75.0,39.0,83.7,47.0,1941
2022-07-29T12:58:11.000000+00:00,240.4,50.3,240.4,50.3,228.9,50.3,5.1,1170.0,870.0,74.0,39.0,83.7,47.0,1948
2022-07-29T12:59:11.000000+00:00,240.1,50.4,240.1,50.4,228.9,50.4,5.2,1180.0,890.0,75.0,39.0,83.8,48.0,1858
2022-07-29T13:00:11.000000+00:00,239.7,50.3,240.7,50.3,228.9,50.3,5.1,1180.0,880.0,75.0,39.0,83.8,48.0,1960
2022-07-29T13:01:11.000000+00:00,240.8,50.1,240.8,50.1,228.9,50.1,5.2,1180.0,880.0,75.0,39.0,83.8,48.0,1966
2022-07-29T13:02:11.000000+00:00,242.0,50.1,242.0,50.1,228.9,50.1,5.2,1190.0,890.0,75.0,40.0,83.8,48.0,1972
2022-07-29T13:03:11.000000+00:00,237.7,50.4,238.1,50.4,228.9,50.4,5.1,1180.0,880.0,75.0,39.0,83.8,48.0,1979
2022-07-29T13:04:11.000000+00:00,238.5,50.4,238.0,50.4,228.9,50.4,5.2,1190.0,900.0,76.0,39.0,83.8,48.0,1984
2022-07-29T13:05:11.000000+00:00,238.4,50.3,239.0,50.3,228.9,50.3,5.1,1170.0,870.0,74.0,39.0,83.8,49.0,1966
2022-07-29T13:06:11.000000+00:00,238.0,50.2,237.5,50.2,228.9,50.2,5.2,1180.0,880.0,75.0,39.0,83.8,49.0,1972
2022-07-29T13:07:11.000000+00:00,237.4,50.0,237.4,50.0,228.9,50.1,5.3,1210.0,910.0,75.0,40.0,83.8,49.0,1978
2022-07-29T13:08:11.000000+00:00,236.6,50.0,236.6,50.0,228.9,50.0,5.2,1190.0,870.0,73.0,40.0,83.8,49.0,1984
2022-07-29T13:09:11.000000+00:00,236.5,49.8,236.5,49.8,228.9,49.8,5.3,1220.0,910.0,75.0,41.0,83.8,49.0,1990
2022-07-29T13:10:11.000000+00:00,237.2,50.1,237.8,50.1,228.9,50.1,5.2,1190.0,890.0,75.0,39.0,83.8,49.0,1996
2022-07-29T13:11:11.000000+00:00,236.2,49.9,236.2,49.9,228.9,49.9,5.3,1210.0,900.0,74.0,40.0,83.8,49.0,1977
2022-07-29T13:12:11.000000+00:00,235.9,50.0,236.4,50.0,228.9,50.0,5.2,1200.0,890.0,74.0,40.0,83.8,50.0,1983
2022-07-29T13:13:11.000000+00:00,235.4,49.8,236.3,49.8,228.8,49.8,5.3,1220.0,910.0,75.0,40.0,83.8,50.0,1989
2022-07-29T13:14:11.000000+00:00,235.5,50.0,235.5,50.0,228.9,50.0,5.3,1200.0,900.0,75.0,40.0,83.7,50.0,1970
2022-07-29T13:15:11.000000+00:00,235.8,49.8,235.8,49.8,228.9,49.8,5.2,1200.0,880.0,73.0,41.0,83.7,50.0,2001
2022-07-29T13:16:11.000000+00:00,236.0,50.0,236.0,50.0,228.9,50.0,5.2,1180.0,870.0,74.0,40.0,83.8,50.0,1982
2022-07-29T13:17:11.000000+00:00,235.6,49.8,234.6,49.8,228.9,49.8,5.3,1220.0,900.0,74.0,40.0,83.8,50.0,1964
2022-07-29T13:18:11.000000+00:00,235.2,49.8,235.2,49.8,228.9,49.8,5.3,1200.0,880.0,73.0,40.0,83.8,50.0,2071
2022-07-29T13:19:11.000000+00:00,234.5,49.9,234.4,49.9,228.9,49.9,5.3,1220.0,910.0,75.0,41.0,83.8,51.0,2077
2022-07-29T13:20:11.000000+00:00,234.4,49.9,234.8,49.9,228.9,49.9,5.2,1200.0,870.0,72.0,40.0,83.8,51.0,2110
2022-07-29T13:21:12.000000+00:00,234.2,49.7,234.2,49.7,228.9,49.7,5.3,1200.0,880.0,73.0,40.0,83.8,51.0,2089
2022-07-29T13:22:12.000000+00:00,237.3,49.5,237.3,49.5,228.9,49.5,5.4,1230.0,900.0,73.0,41.0,83.4,51.0,2096
2022-07-29T13:23:12.000000+00:00,237.8,49.7,237.8,49.7,228.9,49.7,5.3,1210.0,880.0,73.0,40.0,83.7,51.0,2102
2022-07-29T13:24:12.000000+00:00,238.5,49.8,237.5,49.8,228.9,49.8,5.3,1210.0,900.0,74.0,41.0,83.7,51.0,2108
2022-07-29T13:25:12.000000+00:00,239.1,49.9,239.1,49.9,228.9,49.9,5.2,1200.0,880.0,73.0,40.0,83.7,52.0,2114
2022-07-29T13:26:12.000000+00:00,239.1,49.8,238.4,49.8,228.9,49.8,5.3,1210.0,890.0,74.0,40.0,83.7,52.0,2120
2022-07-29T13:27:12.000000+00:00,238.2,49.7,238.2,49.7,228.9,49.7,5.3,1220.0,900.0,74.0,41.0,83.4,52.0,2127
2022-07-29T13:28:12.000000+00:00,240.0,50.0,240.0,50.0,228.9,50.0,5.2,1200.0,880.0,73.0,40.0,83.7,52.0,2160
2022-07-29T13:29:12.000000+00:00,237.9,50.2,238.0,50.2,228.9,50.2,5.2,1190.0,890.0,75.0,40.0,83.7,52.0,2034
2022-07-29T13:30:12.000000+00:00,237.8,49.9,237.8,49.9,228.9,49.9,5.3,1200.0,880.0,73.0,40.0,83.7,52.0,2145
2022-07-29T13:31:12.000000+00:00,238.6,50.1,239.5,50.1,228.9,50.1,5.2,1190.0,880.0,74.0,40.0,83.7,52.0,2151
2022-07-29T13:32:12.000000+00:00,239.8,50.0,239.3,50.0,228.9,50.0,5.2,1200.0,890.0,74.0,40.0,83.7,53.0,2157
2022-07-29T13:33:12.000000+00:00,239.6,49.9,239.6,49.9,228.9,49.9,5.2,1200.0,880.0,73.0,40.0,83.7,53.0,2163
2022-07-29T13:34:12.000000+00:00,238.9,49.9,238.9,49.9,228.9,49.9,5.3,1210.0,890.0,74.0,41.0,83.7,53.0,2170
2022-07-29T13:35:12.000000+00:00,238.7,49.9,238.9,49.9,228.9,49.9,5.3,1220.0,910.0,75.0,40.0,83.7,53.0,2175
2022-07-29T13:36:12.000000+00:00,239.0,50.0,239.0,50.0,228.9,50.0,5.2,1190.0,870.0,73.0,39.0,83.7,53.0,2075
2022-07-29T13:37:12.000000+00:00,240.2,50.2,239.8,50.2,228.9,50.2,5.2,1190.0,900.0,76.0,40.0,83.3,53.0,2107
2022-07-29T13:38:12.000000+00:00,240.3,50.1,240.3,50.1,228.9,50.1,5.2,1180.0,870.0,74.0,39.0,83.7,53.0,2222
2022-07-29T13:39:12.000000+00:00,241.1,50.2,240.2,50.2,228.9,50.2,5.2,1190.0,890.0,75.0,40.0,83.7,54.0,2119
2022-07-29T13:40:12.000000+00:00,240.8,50.3,240.8,50.3,228.9,50.3,5.1,1180.0,870.0,74.0,39.0,83.7,54.0,2235
2022-07-29T13:41:12.000000+00:00,239.0,49.9,239.0,49.9,228.9,49.9,5.3,1200.0,880.0,73.0,40.0,83.7,54.0,2157
2022-07-29T13:42:12.000000+00:00,239.0,49.9,239.0,49.9,228.9,49.9,5.3,1210.0,900.0,74.0,40.0,83.7,54.0,2247
2022-07-29T13:43:12.000000+00:00,239.6,49.8,239.2,49.8,228.9,49.8,5.3,1210.0,890.0,74.0,40.0,83.7,54.0,2142
2022-07-29T13:44:12.000000+00:00,239.1,49.9,239.0,49.9,228.9,49.9,5.3,1210.0,900.0,74.0,41.0,83.3,54.0,2149
2022-07-29T13:45:12.000000+00:00,239.2,50.0,239.3,50.0,228.9,50.0,5.2,1180.0,870.0,74.0,40.0,83.6,55.0,2266
2022-07-29T13:46:12.000000+00:00,239.3,50.1,240.1,50.1,228.9,50.1,5.2,1190.0,890.0,75.0,39.0,83.3,55.0,2272
2022-07-29T13:47:12.000000+00:00,240.1,49.9,240.6,49.9,228.9,49.9,5.2,1200.0,890.0,74.0,40.0,83.6,55.0,2166
2022-07-29T13:48:12.000000+00:00,239.6,49.9,239.6,49.9,228.9,49.9,5.2,1200.0,880.0,73.0,40.0,83.3,55.0,2285
2022-07-29T13:49:12.000000+00:00,240.8,50.1,240.8,50.1,228.9,50.1,5.2,1190.0,880.0,74.0,40.0,83.5,55.0,2178
2022-07-29T13:50:12.000000+00:00,240.8,50.1,240.3,50.1,228.9,50.1,5.2,1190.0,890.0,75.0,39.0,83.5,55.0,2297
2022-07-29T13:51:12.000000+00:00,241.2,50.0,241.6,50.0,228.9,50.0,5.2,1190.0,870.0,73.0,40.0,83.5,55.0,2190
2022-07-29T13:52:12.000000+00:00,239.5,49.9,239.5,49.9,228.9,49.9,5.2,1200.0,880.0,73.0,40.0,83.5,56.0,2310
2022-07-29T13:53:12.000000+00:00,239.6,50.0,239.6,50.0,228.9,50.0,5.3,1210.0,900.0,74.0,40.0,83.2,56.0,2316
2022-07-29T13:54:12.000000+00:00,239.7,50.0,239.8,50.0,228.9,50.0,5.3,1210.0,910.0,75.0,40.0,83.5,56.0,2208
2022-07-29T13:55:12.000000+00:00,240.2,50.0,240.5,50.0,228.9,50.0,5.2,1200.0,890.0,74.0,40.0,83.2,56.0,2329
2022-07-29T13:56:12.000000+00:00,240.8,50.0,240.8,50.0,228.9,50.0,5.2,1190.0,870.0,73.0,40.0,83.6,56.0,2334
2022-07-29T13:57:12.000000+00:00,242.1,50.3,242.1,50.3,228.9,50.3,5.2,1200.0,900.0,75.0,39.0,83.6,56.0,2341
2022-07-29T13:58:13.000000+00:00,238.4,50.3,238.4,50.3,228.9,50.3,5.1,1170.0,860.0,74.0,39.0,83.2,56.0,2347
2022-07-29T13:59:13.000000+00:00,237.9,50.2,237.9,50.2,228.9,50.2,5.2,1180.0,880.0,75.0,39.0,83.6,57.0,2323
2022-07-29T14:00:13.000000+00:00,239.6,50.4,239.7,50.4,228.9,50.4,5.1,1170.0,870.0,74.0,39.0,83.2,57.0,2330
2022-07-29T14:01:13.000000+00:00,241.0,50.3,241.0,50.3,228.9,50.3,5.1,1180.0,880.0,75.0,39.0,83.6,57.0,2336
2022-07-29T14:02:13.000000+00:00,240.4,50.2,240.9,50.2,228.9,50.2,5.2,1190.0,890.0,75.0,39.0,83.3,57.0,2342
2022-07-29T14:03:13.000000+00:00,241.0,50.1,240.9,50.1,228.9,50.1,5.1,1180.0,870.0,74.0,40.0,83.6,57.0,2348
2022-07-29T14:04:13.000000+00:00,241.5,50.2,241.3,50.2,228.9,50.2,5.2,1190.0,890.0,75.0,40.0,83.6,57.0,2354
2022-07-29T14:05:13.000000+00:00,241.3,50.2,240.8,50.2,228.9,50.2,5.1,1170.0,870.0,74.0,39.0,83.6,58.0,2360
2022-07-29T14:06:13.000000+00:00,240.2,50.1,240.2,50.1,228.9,50.1,5.1,1180.0,870.0,74.0,39.0,83.3,58.0,2367
2022-07-29T14:07:13.000000+00:00,240.5,50.3,240.5,50.3,228.9,50.3,5.2,1180.0,880.0,75.0,40.0,83.6,58.0,2372
2022-07-29T14:08:13.000000+00:00,238.1,49.9,238.1,49.9,228.9,49.9,5.3,1200.0,880.0,73.0,40.0,83.6,58.0,2379
2022-07-29T14:09:13.000000+00:00,239.1,49.9,238.1,49.9,228.9,49.9,5.2,1200.0,890.0,74.0,40.0,83.2,58.0,2385
2022-07-29T14:10:13.000000+00:00,239.2,50.1,239.2,50.1,228.9,50.1,5.3,1200.0,900.0,75.0,40.0,83.6,58.0,2391
2022-07-29T14:11:13.000000+00:00,240.3,50.2,240.3,50.2,228.9,50.2,5.2,1190.0,890.0,75.0,39.0,83.3,58.0,2397
2022-07-29T14:12:13.000000+00:00,240.3,50.2,239.7,50.2,228.9,50.2,5.2,1190.0,890.0,75.0,39.0,83.6,59.0,2403
2022-07-29T14:13:13.000000+00:00,239.2,50.1,239.6,50.1,228.9,50.1,5.2,1190.0,870.0,73.0,40.0,83.6,59.0,2410
2022-07-29T14:14:13.000000+00:00,240.0,50.3,239.5,50.3,228.9,50.3,5.2,1190.0,900.0,76.0,39.0,83.3,59.0,2416
2022-07-29T14:15:13.000000+00:00,239.1,49.9,239.1,49.9,228.9,49.9,5.3,1210.0,900.0,74.0,40.0,83.6,59.0,2422
2022-07-29T14:16:13.000000+00:00,240.4,50.2,240.4,50.2,228.9,50.2,5.2,1190.0,880.0,74.0,39.0,83.6,59.0,2310
2022-07-29T14:17:13.000000+00:00,238.0,50.3,238.1,50.3,228.9,50.3,5.2,1190.0,900.0,76.0,40.0,83.6,59.0,2434
2022-07-29T14:18:13.000000+00:00,237.2,50.2,237.9,50.2,228.9,50.3,5.1,1170.0,870.0,74.0,39.0,83.6,59.0,2410
2022-07-29T14:19:13.000000+00:00,238.0,50.2,237.0,50.2,228.9,50.2,5.2,1200.0,900.0,75.0,40.0,83.3,60.0,2416
2022-07-29T14:20:13.000000+00:00,237.5,50.2,237.6,50.2,228.9,50.2,5.2,1200.0,910.0,76.0,40.0,83.6,60.0,2422
2022-07-29T14:21:13.000000+00:00,235.9,49.7,235.9,49.7,228.9,49.7,5.3,1210.0,880.0,73.0,40.0,83.3,60.0,2428
2022-07-29T14:22:13.000000+00:00,235.2,49.7,235.2,49.7,228.9,49.7,5.3,1220.0,900.0,74.0,41.0,83.6,60.0,2434
2022-07-29T14:23:13.000000+00:00,234.5,49.7,234.5,49.7,228.9,49.7,5.3,1220.0,880.0,72.0,40.0,83.6,60.0,2440
2022-07-29T14:24:13.000000+00:00,234.0,49.6,234.3,49.6,228.9,49.7,5.3,1210.0,890.0,74.0,41.0,83.6,60.0,2446
2022-07-29T14:25:13.000000+00:00,233.1,49.7,234.8,49.7,228.9,49.7,5.3,1220.0,910.0,75.0,41.0,83.5,61.0,2452
2022-07-29T14:26:13.000000+00:00,234.0,49.7,234.1,49.7,228.9,49.7,5.3,1220.0,900.0,74.0,41.0,83.3,61.0,2458
2022-07-29T14:27:13.000000+00:00,234.3,49.7,234.3,49.7,228.9,49.7,5.3,1220.0,910.0,75.0,41.0,83.6,61.0,2464
2022-07-29T14:28:13.000000+00:00,234.6,49.8,233.7,49.8,228.9,49.8,5.3,1220.0,910.0,75.0,41.0,83.3,61.0,2470
2022-07-29T14:29:13.000000+00:00,234.7,49.8,234.6,49.8,228.9,49.8,5.3,1210.0,880.0,73.0,40.0,83.5,61.0,2476
2022-07-29T14:30:13.000000+00:00,233.3,49.8,233.3,49.8,228.9,49.8,5.3,1230.0,900.0,73.0,40.0,83.5,61.0,2483
2022-07-29T14:31:13.000000+00:00,238.7,49.7,238.7,49.7,228.9,49.7,5.4,1230.0,910.0,74.0,41.0,83.2,61.0,2489
2022-07-29T14:32:13.000000+00:00,238.8,49.7,238.1,49.7,228.8,49.7,5.3,1220.0,900.0,74.0,41.0,83.5,62.0,2495
2022-07-29T14:33:13.000000+00:00,237.3,49.8,237.8,49.8,228.9,49.8,5.3,1220.0,900.0,74.0,40.0,83.2,62.0,2501
2022-07-29T14:34:13.000000+00:00,238.8,49.7,238.2,49.7,228.9,49.7,5.3,1200.0,880.0,73.0,40.0,83.5,62.0,2507
2022-07-29T14:35:13.000000+00:00,238.6,49.7,238.8,49.7,228.9,49.7,5.3,1220.0,900.0,74.0,41.0,83.2,62.0,2391
2022-07-29T14:36:13.000000+00:00,238.4,49.6,237.8,49.6,228.9,49.6,5.3,1210.0,880.0,73.0,40.0,83.5,62.0,2519
2022-07-29T14:37:13.000000+00:00,238.7,49.8,238.7,49.8,228.9,49.8,5.2,1200.0,880.0,73.0,40.0,83.5,62.0,2525
2022-07-29T14:38:13.000000+00:00,238.6,49.9,238.6,49.9,228.9,49.9,5.3,1210.0,900.0,74.0,40.0,83.2,62.0,2531
2022-07-29T14:39:13.000000+00:00,238.6,49.8,238.6,49.9,228.9,49.9,5.3,1200.0,880.0,73.0,40.0,83.5,63.0,2537
2022-07-29T14:40:13.000000+00:00,238.7,50.0,239.3,50.0,228.9,50.0,5.2,1190.0,870.0,73.0,40.0,83.3,63.0,2543
2022-07-29T14:41:13.000000+00:00,239.5,50.0,239.5,50.0,228.9,50.0,5.2,1190.0,870.0,73.0,40.0,83.4,63.0,2549
2022-07-29T14:42:13.000000+00:00,238.8,50.1,238.4,50.1,228.9,50.1,5.2,1190.0,880.0,74.0,39.0,83.2,63.0,2556
2022-07-29T14:43:13.000000+00:00,238.2,50.1,238.7,50.1,228.9,50.1,5.2,1200.0,890.0,74.0,40.0,83.4,63.0,2561
2022-07-29T14:44:13.000000+00:00,238.0,50.0,238.0,50.0,228.9,49.9,5.3,1210.0,910.0,75.0,40.0,83.4,63.0,2568
2022-07-29T14:45:13.000000+00:00,239.3,50.0,239.3,50.0,228.9,50.0,5.3,1200.0,900.0,75.0,40.0,83.1,64.0,2574
2022-07-29T14:46:13.000000+00:00,238.1,50.1,238.9,50.1,228.9,50.1,5.2,1190.0,890.0,75.0,40.0,83.4,64.0,2580
2022-07-29T14:47:13.000000+00:00,238.7,50.1,238.1,50.1,228.9,50.1,5.3,1200.0,900.0,75.0,39.0,83.0,64.0,2586
2022-07-29T14:48:13.000000+00:00,238.1,50.0,238.9,50.0,228.9,50.0,5.2,1200.0,890.0,74.0,40.0,83.3,64.0,2592
2022-07-29T14:49:13.000000+00:00,237.4,50.1,237.4,50.1,228.9,50.1,5.2,1200.0,900.0,75.0,40.0,83.1,64.0,2598
2022-07-29T14:50:13.000000+00:00,238.0,50.2,238.0,50.2,228.9,50.2,5.1,1180.0,870.0,74.0,39.0,83.4,64.0,2604
2022-07-29T14:51:13.000000+00:00,238.0,50.2,238.0,50.2,228.9,50.2,5.2,1180.0,880.0,75.0,39.0,83.4,64.0,2610
2022-07-29T14:52:13.000000+00:00,238.1,50.1,238.1,50.1,228.9,50.1,5.2,1200.0,900.0,75.0,39.0,83.1,65.0,2616
2022-07-29T14:53:13.000000+00:00,239.2,50.2,238.1,50.2,228.9,50.2,5.2,1200.0,900.0,75.0,40.0,83.4,65.0,2622
2022-07-29T14:54:13.000000+00:00,239.3,50.3,239.3,50.3,228.9,50.3,5.2,1180.0,880.0,75.0,40.0,83.2,65.0,2628
2022-07-29T14:55:13.000000+00:00,238.1,50.2,238.1,50.2,228.9,50.2,5.1,1170.0,860.0,74.0,39.0,83.1,65.0,2635
2022-07-29T14:56:13.000000+00:00,237.5,50.1,237.5,50.1,228.9,50.1,5.2,1180.0,870.0,74.0,39.0,83.4,65.0,2641
2022-07-29T14:57:13.000000+00:00,237.8,50.0,237.3,50.0,228.9,50.0,5.2,1200.0,900.0,75.0,40.0,83.2,65.0,2647
2022-07-29T14:58:13.000000+00:00,238.1,50.2,237.6,50.2,228.9,50.2,5.2,1180.0,870.0,74.0,39.0,83.1,65.0,2653
2022-07-29T14:59:13.000000+00:00,238.6,50.2,238.7,50.2,228.9,50.2,5.2,1190.0,890.0,75.0,40.0,83.5,66.0,2659
2022-07-29T15:00:13.000000+00:00,239.0,50.3,239.0,50.3,228.9,50.3,5.1,1170.0,860.0,74.0,39.0,83.1,66.0,2665
2022-07-29T15:01:13.000000+00:00,239.1,50.2,239.1,50.2,228.9,50.2,5.2,1190.0,890.0,75.0,40.0,83.4,66.0,2671
2022-07-29T15:02:13.000000+00:00,239.8,50.2,239.8,50.2,228.9,50.2,5.2,1190.0,890.0,75.0,40.0,83.2,66.0,2677
2022-07-29T15:03:13.000000+00:00,239.2,50.1,239.2,50.1,228.9,50.1,5.2,1190.0,880.0,74.0,39.0,83.5,66.0,2683
2022-07-29T15:04:13.000000+00:00,238.9,50.2,239.5,50.2,228.9,50.2,5.2,1190.0,890.0,75.0,40.0,83.2,66.0,2689
2022-07-29T15:05:13.000000+00:00,238.8,50.2,238.8,50.2,228.9,50.3,5.2,1190.0,880.0,74.0,40.0,83.5,67.0,2695
2022-07-29T15:06:14.000000+00:00,238.5,50.3,238.5,50.3,228.9,50.3,5.1,1180.0,880.0,75.0,39.0,83.5,67.0,2701
2022-07-29T15:07:14.000000+00:00,238.3,50.3,238.3,50.3,228.9,50.3,5.2,1180.0,890.0,75.0,40.0,83.1,67.0,2708
2022-07-29T15:08:14.000000+00:00,238.6,50.3,238.6,50.3,228.9,50.3,5.1,1170.0,870.0,74.0,39.0,83.5,67.0,2713
2022-07-29T15:09:14.000000+00:00,238.6,50.1,238.6,50.1,228.9,50.1,5.2,1200.0,890.0,74.0,40.0,83.2,67.0,2720
2022-07-29T15:10:14.000000+00:00,238.4,50.2,238.4,50.2,228.9,50.2,5.1,1170.0,870.0,74.0,39.0,83.4,67.0,2725
2022-07-29T15:11:14.000000+00:00,238.0,50.2,238.6,50.2,228.9,50.2,5.1,1180.0,870.0,74.0,39.0,83.2,67.0,2732
2022-07-29T15:12:14.000000+00:00,238.4,50.1,238.4,50.1,228.9,50.1,5.2,1200.0,900.0,75.0,39.0,83.4,68.0,2738
2022-07-29T15:13:14.000000+00:00,239.2,50.1,238.7,50.1,228.9,50.1,5.1,1180.0,870.0,74.0,40.0,83.4,68.0,2744
2022-07-29T15:14:14.000000+00:00,238.3,50.1,238.3,50.1,228.9,50.1,5.2,1190.0,890.0,75.0,40.0,83.1,68.0,2750
2022-07-29T15:15:14.000000+00:00,238.3,50.1,238.3,50.1,228.9,50.1,5.2,1190.0,870.0,73.0,39.0,83.4,68.0,2756
2022-07-29T15:16:14.000000+00:00,238.6,50.1,238.6,50.1,228.9,50.1,5.2,1190.0,880.0,74.0,39.0,83.2,68.0,2762
2022-07-29T15:17:14.000000+00:00,237.2,50.1,237.2,50.1,228.9,50.1,5.2,1200.0,890.0,74.0,40.0,83.4,68.0,2768
2022-07-29T15:18:14.000000+00:00,236.7,50.0,236.6,50.0,228.9,50.0,5.2,1190.0,880.0,74.0,40.0,83.2,68.0,2774
2022-07-29T15:19:14.000000+00:00,236.6,50.0,236.7,50.0,228.9,50.0,5.3,1200.0,900.0,75.0,40.0,83.4,69.0,2780
2022-07-29T15:20:14.000000+00:00,236.0,50.0,236.0,50.0,228.9,50.0,5.2,1190.0,870.0,73.0,40.0,83.2,69.0,2786
2022-07-29T15:21:14.000000+00:00,236.4,50.1,236.4,50.1,228.9,50.1,5.2,1190.0,870.0,73.0,39.0,83.1,69.0,2793
2022-07-29T15:22:14.000000+00:00,236.8,50.1,237.2,50.1,228.9,50.1,5.2,1180.0,870.0,74.0,39.0,83.4,69.0,2799
2022-07-29T15:23:14.000000+00:00,237.4,50.1,236.4,50.1,228.9,50.1,5.2,1200.0,900.0,75.0,40.0,83.2,69.0,2805
2022-07-29T15:24:14.000000+00:00,236.8,50.1,236.8,50.1,228.9,50.1,5.2,1190.0,880.0,74.0,39.0,83.4,69.0,2811
2022-07-29T15:25:14.000000+00:00,235.5,50.2,235.5,50.2,228.9,50.1,5.1,1180.0,870.0,74.0,40.0,83.2,70.0,2817
2022-07-29T15:26:14.000000+00:00,235.8,50.1,235.7,50.1,228.9,50.1,5.2,1180.0,870.0,74.0,39.0,83.4,70.0,2823
2022-07-29T15:27:14.000000+00:00,234.3,50.0,234.3,49.9,228.9,49.9,5.3,1210.0,900.0,74.0,40.0,83.2,70.0,2829
2022-07-29T15:28:14.000000+00:00,236.2,50.0,236.2,50.0,228.9,50.0,5.2,1190.0,870.0,73.0,40.0,83.1,70.0,2835
2022-07-29T15:29:14.000000+00:00,236.8,50.3,236.8,50.3,228.9,50.3,5.2,1190.0,890.0,75.0,39.0,83.4,70.0,2841
2022-07-29T15:30:14.000000+00:00,237.5,50.4,237.0,50.4,228.9,50.4,5.1,1180.0,880.0,75.0,39.0,83.2,70.0,2847
2022-07-29T15:31:14.000000+00:00,236.6,50.2,236.6,50.2,228.9,50.2,5.1,1180.0,870.0,74.0,39.0,83.5,70.0,2853
2022-07-29T15:32:14.000000+00:00,235.8,50.2,235.8,50.2,228.9,50.2,5.2,1190.0,890.0,75.0,40.0,83.2,71.0,2860
2022-07-29T15:33:14.000000+00:00,236.6,50.1,237.0,50.1,228.8,50.1,5.2,1200.0,890.0,74.0,40.0,83.1,71.0,2866
2022-07-29T15:34:14.000000+00:00,236.5,50.1,236.5,50.1,228.9,50.1,5.2,1190.0,860.0,72.0,40.0,83.3,71.0,2872
2022-07-29T15:35:14.000000+00:00,235.8,50.1,235.8,50.1,228.9,50.1,5.2,1200.0,890.0,74.0,40.0,83.2,71.0,2878
2022-07-29T15:36:14.000000+00:00,234.8,50.1,234.9,50.1,228.9,50.1,5.3,1210.0,900.0,74.0,40.0,83.4,71.0,2884
2022-07-29T15:37:14.000000+00:00,235.3,50.0,234.8,50.0,228.9,50.0,5.3,1210.0,900.0,74.0,40.0,83.1,71.0,2890
2022-07-29T15:38:14.000000+00:00,234.2,49.9,234.1,49.9,228.8,49.9,5.2,1200.0,880.0,73.0,40.0,83.3,71.0,2896
2022-07-29T15:39:14.000000+00:00,233.6,49.8,233.6,49.8,228.9,49.8,5.3,1220.0,900.0,74.0,40.0,83.1,72.0,2902
2022-07-29T15:40:14.000000+00:00,236.7,49.9,236.7,49.8,228.9,49.9,5.3,1220.0,910.0,75.0,41.0,83.3,72.0,2908
2022-07-29T15:41:14.000000+00:00,236.5,49.9,236.5,49.8,228.9,49.9,5.2,1200.0,880.0,73.0,40.0,83.0,72.0,2914
2022-07-29T15:42:14.000000+00:00,236.5,49.8,235.5,49.8,228.8,49.8,5.3,1210.0,900.0,74.0,41.0,83.3,72.0,2920
2022-07-29T15:43:14.000000+00:00,235.4,49.8,235.4,49.8,228.9,49.8,5.3,1210.0,880.0,73.0,40.0,83.1,72.0,2926
2022-07-29T15:44:14.000000+00:00,234.5,49.8,234.5,49.8,228.9,49.8,5.2,1200.0,870.0,72.0,41.0,83.2,72.0,2932
2022-07-29T15:45:14.000000+00:00,232.9,49.6,232.9,49.6,228.9,49.6,5.3,1220.0,910.0,75.0,41.0,83.0,73.0,2939
2022-07-29T15:46:14.000000+00:00,232.3,49.6,232.3,49.6,228.9,49.6,5.3,1210.0,880.0,73.0,40.0,83.0,73.0,2945
2022-07-29T15:47:14.000000+00:00,236.3,49.6,236.3,49.6,228.9,49.6,5.3,1220.0,910.0,75.0,41.0,83.1,73.0,2951
2022-07-29T15:48:14.000000+00:00,236.6,49.9,236.7,49.9,228.9,49.9,5.3,1210.0,890.0,74.0,40.0,83.0,73.0,2957
2022-07-29T15:49:14.000000+00:00,237.9,50.4,237.8,50.4,228.9,50.4,5.1,1170.0,870.0,74.0,39.0,83.2,73.0,2963
2022-07-29T15:50:14.000000+00:00,237.6,50.3,237.6,50.3,228.9,50.3,5.1,1170.0,860.0,74.0,39.0,83.1,73.0,2969
2022-07-29T15:51:14.000000+00:00,237.0,50.3,237.0,50.3,228.9,50.3,5.1,1170.0,860.0,74.0,39.0,83.4,73.0,2975
2022-07-29T15:52:14.000000+00:00,237.5,50.2,237.5,50.2,228.9,50.2,5.2,1190.0,900.0,76.0,40.0,83.1,74.0,2981
2022-07-29T15:53:14.000000+00:00,237.0,50.1,237.0,50.1,228.9,50.1,5.1,1180.0,870.0,74.0,39.0,83.4,74.0,2987
2022-07-29T15:54:14.000000+00:00,236.2,49.9,236.9,49.9,228.9,49.9,5.3,1200.0,890.0,74.0,40.0,83.1,74.0,2993
2022-07-29T15:55:14.000000+00:00,235.8,49.8,235.8,49.8,228.9,49.8,5.3,1210.0,900.0,74.0,41.0,83.4,74.0,2999
2022-07-29T15:56:14.000000+00:00,233.8,49.8,233.8,49.8,228.9,49.8,5.2,1200.0,870.0,72.0,40.0,83.2,74.0,3005
2022-07-29T15:57:14.000000+00:00,233.2,50.0,233.2,50.0,228.9,50.0,5.2,1190.0,870.0,73.0,40.0,83.1,74.0,3011
2022-07-29T15:58:14.000000+00:00,232.6,49.9,232.5,49.9,228.9,49.9,5.2,1190.0,870.0,73.0,40.0,83.4,74.0,3017
2022-07-29T15:59:14.000000+00:00,231.8,49.9,231.8,49.9,228.8,49.9,5.3,1210.0,890.0,74.0,40.0,83.1,75.0,3024
2022-07-29T16:00:14.000000+00:00,234.3,49.9,234.8,49.9,228.8,49.9,5.3,1210.0,900.0,74.0,40.0,83.4,75.0,3029
2022-07-29T16:01:14.000000+00:00,235.5,50.4,235.4,50.4,228.8,50.4,5.1,1160.0,860.0,74.0,39.0,83.2,75.0,3036
2022-07-29T16:02:14.000000+00:00,235.6,50.3,236.1,50.3,228.9,50.3,5.1,1180.0,870.0,74.0,40.0,83.1,75.0,3042
2022-07-29T16:03:14.000000+00:00,234.7,50.1,234.7,50.1,228.9,50.1,5.2,1200.0,880.0,73.0,40.0,83.4,75.0,3048
2022-07-29T16:04:14.000000+00:00,235.3,50.0,235.3,50.0,228.9,50.0,5.2,1200.0,880.0,73.0,39.0,83.1,75.0,3054
2022-07-29T16:05:14.000000+00:00,236.0,50.1,236.0,50.1,228.9,50.1,5.2,1190.0,880.0,74.0,40.0,83.4,76.0,3060
2022-07-29T16:06:14.000000+00:00,235.5,49.9,235.5,49.9,228.9,49.9,5.2,1200.0,880.0,73.0,40.0,83.2,76.0,3066
2022-07-29T16:07:14.000000+00:00,235.9,50.0,235.9,50.0,228.9,50.0,5.3,1200.0,900.0,75.0,40.0,83.1,76.0,3072
2022-07-29T16:08:14.000000+00:00,237.4,50.1,236.9,50.1,228.9,50.1,5.1,1180.0,870.0,74.0,39.0,83.2,76.0,3078
2022-07-29T16:09:14.000000+00:00,235.9,50.1,235.9,50.1,228.9,50.1,5.1,1180.0,870.0,74.0,39.0,83.1,76.0,3084
2022-07-29T16:10:14.000000+00:00,236.2,50.1,235.9,50.1,228.9,50.1,5.1,1180.0,860.0,73.0,40.0,83.2,76.0,3090
2022-07-29T16:11:14.000000+00:00,235.5,50.1,235.5,50.1,228.9,50.1,5.1,1180.0,870.0,74.0,40.0,83.1,76.0,3097
2022-07-29T16:12:14.000000+00:00,235.4,50.1,235.4,50.1,228.9,50.1,5.2,1190.0,880.0,74.0,40.0,83.4,77.0,3103
2022-07-29T16:13:14.000000+00:00,235.3,50.0,235.9,50.0,228.9,50.1,5.2,1190.0,880.0,74.0,39.0,83.2,77.0,3109
2022-07-29T16:14:15.000000+00:00,235.5,50.0,235.5,50.0,228.9,50.0,5.3,1220.0,910.0,75.0,40.0,83.4,77.0,3115
2022-07-29T16:15:15.000000+00:00,235.9,49.9,235.9,49.9,228.9,49.9,5.2,1200.0,870.0,72.0,40.0,83.2,77.0,3121
2022-07-29T16:16:15.000000+00:00,235.5,49.8,234.5,49.8,228.9,49.8,5.2,1200.0,880.0,73.0,40.0,83.1,77.0,3127
2022-07-29T16:17:15.000000+00:00,235.1,50.1,235.7,50.1,228.9,50.1,5.2,1190.0,890.0,75.0,40.0,83.2,77.0,3133
2022-07-29T16:18:15.000000+00:00,234.5,50.0,234.5,50.0,228.9,50.0,5.2,1190.0,870.0,73.0,40.0,83.1,77.0,3139
2022-07-29T16:19:15.000000+00:00,234.5,49.9,233.5,49.9,228.9,49.9,5.3,1210.0,910.0,75.0,40.0,83.5,78.0,3145
2022-07-29T16:20:15.000000+00:00,233.3,49.8,233.8,49.8,228.9,49.8,5.3,1210.0,900.0,74.0,40.0,83.2,78.0,3151
2022-07-29T16:21:15.000000+00:00,233.4,49.8,234.0,49.8,228.9,49.8,5.3,1200.0,880.0,73.0,40.0,83.5,78.0,3157
2022-07-29T16:22:15.000000+00:00,233.4,49.7,233.6,49.7,228.9,49.7,5.3,1220.0,900.0,74.0,41.0,83.3,78.0,3163
2022-07-29T16:23:15.000000+00:00,234.2,49.9,234.0,49.9,228.9,49.9,5.3,1210.0,900.0,74.0,40.0,83.2,78.0,3169
2022-07-29T16:24:15.000000+00:00,233.3,49.9,233.3,49.9,228.9,49.9,5.2,1190.0,870.0,73.0,40.0,83.3,78.0,3175
2022-07-29T16:25:15.000000+00:00,233.7,49.9,233.7,49.9,228.9,49.9,5.3,1220.0,910.0,75.0,40.0,83.2,79.0,3182
2022-07-29T16:26:15.000000+00:00,232.9,49.7,232.9,49.7,228.9,49.7,5.3,1210.0,880.0,73.0,40.0,83.5,79.0,3187
2022-07-29T16:27:15.000000+00:00,232.3,49.8,233.0,49.8,228.9,49.8,5.3,1210.0,890.0,74.0,40.0,83.3,79.0,3194
2022-07-29T16:28:15.000000+00:00,233.8,49.8,233.8,49.8,228.9,49.8,5.3,1200.0,880.0,73.0,40.0,83.2,79.0,3200
2022-07-29T16:29:15.000000+00:00,233.1,49.8,233.1,49.8,228.9,49.8,5.3,1220.0,900.0,74.0,40.0,83.3,79.0,3206
2022-07-29T16:30:15.000000+00:00,232.3,49.8,232.8,49.8,228.8,49.8,5.2,1200.0,880.0,73.0,40.0,83.2,79.0,3212
2022-07-29T16:31:15.000000+00:00,233.0,49.8,233.0,49.8,228.9,49.8,5.2,1200.0,880.0,73.0,40.0,83.3,79.0,3218
2022-07-29T16:32:15.000000+00:00,233.0,49.9,233.0,49.9,228.9,49.9,5.2,1200.0,880.0,73.0,40.0,83.2,80.0,3224
2022-07-29T16:33:15.000000+00:00,231.9,49.7,231.9,49.7,228.9,49.7,5.3,1200.0,880.0,73.0,40.0,83.3,80.0,3230
2022-07-29T16:34:15.000000+00:00,232.1,49.8,232.1,49.8,228.9,49.8,5.3,1210.0,900.0,74.0,41.0,83.1,80.0,3236
2022-07-29T16:35:15.000000+00:00,232.5,49.8,232.5,49.8,228.9,49.8,5.3,1200.0,880.0,73.0,40.0,83.4,80.0,3242
2022-07-29T16:36:15.000000+00:00,232.1,49.8,232.1,49.8,228.9,49.8,5.3,1220.0,910.0,75.0,40.0,83.2,80.0,3248
2022-07-29T16:37:15.000000+00:00,232.2,49.9,232.2,49.9,228.9,49.9,5.2,1200.0,880.0,73.0,41.0,83.1,80.0,3255
2022-07-29T16:38:15.000000+00:00,232.1,49.8,232.1,49.8,228.9,49.8,5.2,1200.0,880.0,73.0,40.0,83.1,80.0,3261
2022-07-29T16:39:15.000000+00:00,232.2,49.8,232.2,49.8,228.9,49.8,5.3,1210.0,900.0,74.0,41.0,83.1,81.0,3267
2022-07-29T16:40:15.000000+00:00,232.3,49.9,232.3,49.9,228.9,49.9,5.2,1200.0,880.0,73.0,40.0,83.2,81.0,3273
2022-07-29T16:41:15.000000+00:00,232.5,49.9,232.5,49.9,228.9,49.9,5.3,1200.0,880.0,73.0,40.0,83.1,81.0,3279
2022-07-29T16:42:15.000000+00:00,233.6,50.0,233.6,50.0,228.9,50.0,5.3,1200.0,900.0,75.0,40.0,83.0,81.0,3285
2022-07-29T16:43:15.000000+00:00,231.9,49.8,231.9,49.8,228.9,49.8,5.2,1200.0,870.0,72.0,40.0,83.1,81.0,3291
2022-07-29T16:44:15.000000+00:00,232.3,49.9,232.2,49.9,228.9,49.9,5.3,1220.0,910.0,75.0,41.0,83.0,81.0,3297
2022-07-29T16:45:15.000000+00:00,231.5,49.8,231.9,49.8,228.8,49.8,5.3,1220.0,910.0,75.0,40.0,83.1,82.0,3303
2022-07-29T16:46:15.000000+00:00,231.8,50.0,232.1,50.0,228.9,50.0,5.2,1200.0,890.0,74.0,40.0,83.1,82.0,3309
2022-07-29T16:47:15.000000+00:00,232.1,49.9,232.1,49.9,228.9,49.9,5.3,1210.0,900.0,74.0,40.0,83.1,82.0,3315
2022-07-29T16:48:15.000000+00:00,232.8,50.0,232.8,50.0,228.9,50.0,5.2,1190.0,880.0,74.0,40.0,83.2,82.0,3321
2022-07-29T16:49:15.000000+00:00,232.5,50.0,232.5,50.0,228.9,50.0,5.3,1200.0,900.0,75.0,40.0,83.1,82.0,3328
2022-07-29T16:50:15.000000+00:00,233.9,50.0,233.5,50.0,228.9,50.0,5.2,1190.0,870.0,73.0,39.0,83.4,82.0,3333
2022-07-29T16:51:15.000000+00:00,233.9,49.9,233.5,49.9,228.9,49.9,5.2,1190.0,870.0,73.0,40.0,83.2,82.0,3340
2022-07-29T16:52:15.000000+00:00,233.8,49.9,233.8,49.9,228.9,49.9,5.2,1190.0,870.0,73.0,40.0,83.2,83.0,3346
2022-07-29T16:53:15.000000+00:00,233.4,49.9,233.5,49.9,228.9,49.9,5.3,1210.0,900.0,74.0,40.0,83.4,83.0,3352
2022-07-29T16:54:15.000000+00:00,233.4,49.9,232.5,49.9,228.9,49.9,5.3,1210.0,900.0,74.0,40.0,83.2,83.0,3358
2022-07-29T16:55:15.000000+00:00,232.9,49.9,232.9,49.9,228.9,49.9,5.2,1190.0,870.0,73.0,40.0,83.1,83.0,3364
2022-07-29T16:56:15.000000+00:00,232.9,50.0,232.9,50.0,228.9,50.0,5.3,1210.0,890.0,74.0,40.0,83.2,83.0,3370
2022-07-29T16:57:15.000000+00:00,233.4,50.1,233.4,50.1,228.9,50.1,5.2,1190.0,890.0,75.0,40.0,83.2,83.0,3376
2022-07-29T16:58:15.000000+00:00,233.1,50.0,233.5,50.0,228.9,50.0,5.2,1200.0,890.0,74.0,40.0,83.1,83.0,3382
2022-07-29T16:59:15.000000+00:00,233.5,50.1,233.5,50.1,228.8,50.1,5.3,1210.0,910.0,75.0,40.0,83.2,84.0,3388
2022-07-29T17:00:15.000000+00:00,234.3,50.0,234.3,50.0,228.9,50.0,5.2,1190.0,880.0,74.0,39.0,83.2,84.0,3394
2022-07-29T17:01:15.000000+00:00,234.3,50.1,234.3,50.1,228.9,50.1,5.3,1210.0,910.0,75.0,40.0,83.3,84.0,3400
2022-07-29T17:02:15.000000+00:00,234.4,50.1,234.4,50.1,228.9,50.1,5.2,1190.0,870.0,73.0,40.0,83.2,84.0,3407
2022-07-29T17:03:15.000000+00:00,235.1,50.0,234.2,50.0,228.9,50.0,5.2,1190.0,870.0,73.0,40.0,83.3,84.0,3413
2022-07-29T17:04:15.000000+00:00,235.5,50.1,234.4,50.1,228.9,50.1,5.2,1200.0,890.0,74.0,40.0,83.2,84.0,3419
2022-07-29T17:05:15.000000+00:00,234.7,50.2,235.6,50.2,228.9,50.2,5.2,1200.0,910.0,76.0,40.0,83.3,85.0,3425
2022-07-29T17:06:15.000000+00:00,235.4,50.2,235.4,50.2,228.9,50.2,5.1,1180.0,870.0,74.0,39.0,83.2,85.0,3431
2022-07-29T17:07:15.000000+00:00,234.7,50.2,234.8,50.2,228.9,50.2,5.2,1200.0,900.0,75.0,39.0,83.2,85.0,3437
2022-07-29T17:08:15.000000+00:00,235.7,50.3,235.7,50.3,228.9,50.3,5.2,1180.0,880.0,75.0,40.0,83.3,85.0,3443
2022-07-29T17:09:15.000000+00:00,234.8,50.1,234.8,50.1,228.9,50.1,5.2,1190.0,890.0,75.0,40.0,83.2,85.0,3449
2022-07-29T17:10:15.000000+00:00,234.3,50.1,235.3,50.1,228.9,50.1,5.2,1180.0,870.0,74.0,39.0,83.5,85.0,3455
2022-07-29T17:11:15.000000+00:00,235.0,50.0,235.0,50.0,228.9,50.0,5.1,1180.0,870.0,74.0,40.0,83.2,85.0,3461
2022-07-29T17:12:15.000000+00:00,234.2,50.0,234.3,50.0,228.9,50.0,5.2,1200.0,890.0,74.0,39.0,83.2,86.0,3467
2022-07-29T17:13:15.000000+00:00,234.5,50.0,234.5,50.0,228.9,50.0,5.3,1200.0,900.0,75.0,40.0,83.3,86.0,3473
2022-07-29T17:14:15.000000+00:00,234.7,49.8,234.7,49.8,228.9,49.8,5.3,1220.0,910.0,75.0,41.0,83.2,86.0,3479
2022-07-29T17:15:15.000000+00:00,234.2,49.9,234.2,49.9,228.9,49.9,5.3,1200.0,880.0,73.0,40.0,83.2,86.0,3486
2022-07-29T17:16:15.000000+00:00,235.2,50.2,235.2,50.2,228.9,50.1,5.2,1200.0,890.0,74.0,40.0,83.3,86.0,3492
2022-07-29T17:17:15.000000+00:00,234.2,50.1,234.2,50.1,228.9,50.0,5.3,1200.0,900.0,75.0,40.0,83.2,86.0,3498
2022-07-29T17:18:16.000000+00:00,234.7,50.1,234.6,50.1,228.9,50.1,5.3,1200.0,900.0,75.0,40.0,83.3,86.0,3504
2022-07-29T17:19:16.000000+00:00,235.9,50.1,235.9,50.1,228.9,50.1,5.2,1180.0,880.0,75.0,40.0,83.2,87.0,3510
2022-07-29T17:20:16.000000+00:00,235.3,50.1,235.4,50.1,228.9,50.1,5.2,1180.0,880.0,75.0,39.0,83.3,87.0,3516
2022-07-29T17:21:16.000000+00:00,235.9,50.2,235.9,50.2,228.9,50.2,5.1,1170.0,870.0,74.0,39.0,83.2,87.0,3522
2022-07-29T17:22:16.000000+00:00,235.3,50.1,235.3,50.1,228.9,50.1,5.2,1180.0,880.0,75.0,40.0,83.3,87.0,3528
2022-07-29T17:23:16.000000+00:00,235.9,50.1,235.9,50.1,228.9,50.1,5.2,1190.0,880.0,74.0,40.0,83.3,87.0,3534
2022-07-29T17:24:16.000000+00:00,236.0,50.1,235.3,50.1,228.9,50.1,5.2,1200.0,900.0,75.0,40.0,83.2,87.0,3540
2022-07-29T17:25:16.000000+00:00,235.4,50.1,236.0,50.1,228.9,50.1,5.1,1180.0,870.0,74.0,39.0,83.3,88.0,3546
2022-07-29T17:26:16.000000+00:00,235.8,50.2,235.8,50.2,228.9,50.2,5.2,1200.0,900.0,75.0,40.0,83.3,88.0,3552
2022-07-29T17:27:16.000000+00:00,236.9,50.2,236.9,50.2,228.9,50.2,5.1,1180.0,880.0,75.0,40.0,83.3,88.0,3558
2022-07-29T17:28:16.000000+00:00,236.9,50.3,236.9,50.3,228.9,50.3,5.1,1170.0,870.0,74.0,39.0,83.3,88.0,3565
2022-07-29T17:29:16.000000+00:00,237.7,50.2,237.7,50.2,228.9,50.2,5.2,1200.0,900.0,75.0,40.0,83.3,88.0,3571
2022-07-29T17:30:16.000000+00:00,236.7,50.1,237.0,50.1,228.9,50.1,5.1,1180.0,870.0,74.0,40.0,83.3,88.0,3577
2022-07-29T17:31:16.000000+00:00,237.5,50.0,236.5,50.0,228.9,50.0,5.2,1180.0,870.0,74.0,40.0,83.3,88.0,3583
2022-07-29T17:32:16.000000+00:00,237.5,50.0,238.0,50.0,228.9,50.0,5.2,1180.0,870.0,74.0,40.0,83.2,89.0,3589
2022-07-29T17:33:16.000000+00:00,237.9,50.0,237.9,50.0,228.9,50.0,5.2,1200.0,890.0,74.0,40.0,83.2,89.0,3595
2022-07-29T17:34:16.000000+00:00,237.5,50.0,238.4,50.0,228.9,50.0,5.3,1200.0,900.0,75.0,40.0,83.2,89.0,3601
2022-07-29T17:35:16.000000+00:00,238.0,50.0,238.0,50.0,228.9,50.0,5.2,1190.0,870.0,73.0,40.0,83.2,89.0,3607
2022-07-29T17:36:16.000000+00:00,237.3,49.9,237.3,49.9,228.9,49.9,5.3,1210.0,900.0,74.0,40.0,83.2,89.0,3613
2022-07-29T17:37:16.000000+00:00,237.3,49.8,237.4,49.8,228.9,49.8,5.3,1210.0,880.0,73.0,41.0,83.2,89.0,3619
2022-07-29T17:38:16.000000+00:00,237.4,50.1,237.4,50.0,228.9,50.0,5.2,1190.0,880.0,74.0,39.0,83.1,89.0,3625
2022-07-29T17:39:16.000000+00:00,237.9,49.9,237.9,49.9,228.9,49.9,5.3,1210.0,900.0,74.0,40.0,83.2,90.0,3631
2022-07-29T17:40:16.000000+00:00,237.8,50.0,237.8,50.0,228.9,50.0,5.2,1190.0,870.0,73.0,40.0,83.1,90.0,3637
2022-07-29T17:41:16.000000+00:00,237.5,49.9,237.5,49.9,228.9,49.9,5.2,1200.0,870.0,72.0,40.0,83.2,90.0,3643
2022-07-29T17:42:16.000000+00:00,237.5,50.0,238.1,50.0,228.9,49.9,5.2,1190.0,880.0,74.0,40.0,83.2,90.0,3647
2022-07-29T17:43:16.000000+00:00,238.0,50.0,238.0,50.0,228.9,50.0,5.3,1210.0,900.0,74.0,40.0,83.2,90.0,3647
2022-07-29T17:44:16.000000+00:00,237.7,49.9,238.1,49.9,228.9,49.9,5.3,1210.0,900.0,74.0,41.0,83.3,90.0,3647
2022-07-29T17:45:16.000000+00:00,238.9,50.1,238.9,50.1,228.9,50.1,5.1,1180.0,870.0,74.0,40.0,83.3,90.0,3647
2022-07-29T17:46:16.000000+00:00,239.5,50.0,239.5,50.0,228.9,50.0,5.3,1210.0,900.0,74.0,40.0,83.3,90.0,3647
2022-07-29T17:47:16.000000+00:00,238.8,50.0,238.7,50.0,228.9,50.0,5.3,1210.0,900.0,74.0,40.0,83.3,90.0,3647
2022-07-29T17:48:16.000000+00:00,238.4,49.9,238.4,49.9,228.9,49.9,5.3,1210.0,900.0,74.0,40.0,83.3,90.0,3647
2022-07-29T17:49:16.000000+00:00,238.6,50.1,239.5,50.1,228.9,50.1,5.3,1200.0,900.0,75.0,40.0,83.3,90.0,3647
2022-07-29T17:50:16.000000+00:00,235.3,50.2,235.3,50.2,228.9,50.2,5.2,1190.0,880.0,74.0,40.0,83.3,90.0,3648
2022-07-29T17:51:16.000000+00:00,235.1,50.1,235.1,50.1,228.9,50.1,5.2,1200.0,900.0,75.0,40.0,83.3,90.0,3648
2022-07-29T17:52:16.000000+00:00,235.4,50.1,235.0,50.1,228.9,50.1,5.3,1210.0,910.0,75.0,40.0,83.3,90.0,3648
2022-07-29T17:53:16.000000+00:00,235.3,50.1,235.2,50.1,228.9,50.1,5.1,1180.0,870.0,74.0,39.0,83.3,90.0,3648
2022-07-29T17:54:16.000000+00:00,235.2,50.1,235.2,50.1,228.9,50.1,5.2,1190.0,890.0,75.0,40.0,83.4,90.0,3648
2022-07-29T17:55:16.000000+00:00,235.8,50.2,235.8,50.2,228.9,50.2,5.2,1190.0,890.0,75.0,39.0,83.4,90.0,3648
2022-07-29T17:56:16.000000+00:00,235.5,50.2,235.5,50.2,228.9,50.2,5.3,1200.0,910.0,76.0,40.0,83.3,90.0,3648
2022-07-29T17:57:16.000000+00:00,235.6,50.3,235.6,50.3,228.9,50.3,5.1,1180.0,870.0,74.0,40.0,83.3,90.0,3648
2022-07-29T17:58:16.000000+00:00,235.5,50.2,235.5,50.2,228.9,50.2,5.1,1170.0,870.0,74.0,39.0,83.4,90.0,3649
2022-07-29T17:59:16.000000+00:00,234.1,50.3,234.1,50.2,228.9,50.2,5.2,1190.0,900.0,76.0,40.0,83.3,90.0,3649
2022-07-29T18:00:16.000000+00:00,235.1,50.2,235.1,50.2,228.9,50.2,5.1,1180.0,870.0,74.0,39.0,83.3,90.0,3649
2022-07-29T18:01:16.000000+00:00,235.6,50.1,236.0,50.1,228.9,50.1,5.2,1190.0,870.0,73.0,39.0,83.3,90.0,3649
2022-07-29T18:02:16.000000+00:00,235.6,50.1,235.6,50.1,228.9,50.1,5.1,1180.0,870.0,74.0,39.0,83.3,90.0,3649
2022-07-29T18:03:16.000000+00:00,235.8,50.0,235.8,50.0,228.9,50.0,5.3,1210.0,910.0,75.0,40.0,83.3,90.0,3649
2022-07-29T18:04:16.000000+00:00,236.4,50.1,236.4,50.1,228.9,50.1,5.2,1190.0,890.0,75.0,40.0,83.4,90.0,3649
2022-07-29T18:05:16.000000+00:00,236.4,50.1,236.4,50.1,228.9,50.1,5.2,1190.0,880.0,74.0,39.0,83.3,90.0,3650
2022-07-29T18:06:16.000000+00:00,237.8,50.2,237.4,50.2,228.9,50.2,5.2,1190.0,890.0,75.0,40.0,83.4,90.0,3650
2022-07-29T18:07:16.000000+00:00,238.6,50.2,238.6,50.2,228.9,50.2,5.3,1200.0,900.0,75.0,40.0,83.3,90.0,3650
2022-07-29T18:08:16.000000+00:00,238.8,50.1,239.3,50.1,228.9,50.1,5.2,1190.0,890.0,75.0,40.0,83.3,90.0,3650
2022-07-29T18:09:16.000000+00:00,240.6,50.2,240.6,50.2,228.9,50.2,5.2,1200.0,900.0,75.0,40.0,83.4,90.0,3650
2022-07-29T18:10:16.000000+00:00,236.0,50.3,236.2,50.3,228.9,50.3,5.2,1190.0,890.0,75.0,40.0,83.3,90.0,3650
2022-07-29T18:11:16.000000+00:00,236.4,50.3,236.4,50.4,228.9,50.3,5.2,1190.0,900.0,76.0,40.0,83.3,90.0,3650
2022-07-29T18:12:16.000000+00:00,236.0,50.3,236.0,50.3,228.9,50.3,5.1,1170.0,860.0,74.0,39.0,83.4,90.0,3650
2022-07-29T18:13:16.000000+00:00,236.1,50.3,236.1,50.3,228.9,50.3,5.2,1190.0,900.0,76.0,40.0,83.3,90.0,3651
2022-07-29T18:14:16.000000+00:00,236.7,50.3,237.7,50.3,228.9,50.3,5.2,1180.0,890.0,75.0,39.0,83.3,90.0,3651
2022-07-29T18:15:16.000000+00:00,237.4,50.4,237.4,50.4,228.9,50.3,5.1,1170.0,880.0,75.0,39.0,83.3,90.0,3651
2022-07-29T18:16:16.000000+00:00,237.5,50.0,238.4,50.0,228.9,50.0,5.2,1200.0,890.0,74.0,40.0,83.3,90.0,3651
2022-07-29T18:17:16.000000+00:00,238.0,50.1,237.6,50.1,228.9,50.1,5.2,1190.0,890.0,75.0,40.0,83.4,90.0,3651
2022-07-29T18:18:16.000000+00:00,236.4,49.9,236.9,49.8,228.9,49.8,5.3,1210.0,900.0,74.0,41.0,83.3,90.0,3651
2022-07-29T18:19:16.000000+00:00,237.3,49.8,237.3,49.8,228.9,49.8,5.3,1210.0,890.0,74.0,40.0,83.3,90.0,3651
2022-07-29T18:20:16.000000+00:00,237.2,49.9,237.2,49.9,228.9,49.9,5.2,1200.0,880.0,73.0,40.0,83.4,90.0,3651
2022-07-29T18:21:16.000000+00:00,237.7,49.8,237.2,49.8,228.9,49.8,5.3,1200.0,880.0,73.0,40.0,83.3,90.0,3652
2022-07-29T18:22:16.000000+00:00,237.2,49.7,237.2,49.8,228.9,49.8,5.3,1210.0,880.0,73.0,40.0,83.3,90.0,3652
2022-07-29T18:23:16.000000+00:00,237.0,49.8,237.0,49.8,228.9,49.8,5.3,1210.0,880.0,73.0,41.0,83.4,90.0,3652
2022-07-29T18:24:16.000000+00:00,236.2,49.6,236.2,49.6,228.9,49.6,5.4,1220.0,900.0,74.0,41.0,83.3,90.0,3652
2022-07-29T18:25:16.000000+00:00,236.7,49.6,236.2,49.6,228.9,49.6,5.3,1210.0,880.0,73.0,40.0,83.4,90.0,3652
2022-07-29T18:26:16.000000+00:00,236.0,49.6,236.0,49.6,228.9,49.6,5.4,1230.0,910.0,74.0,41.0,83.3,90.0,3652
2022-07-29T18:27:16.000000+00:00,236.2,49.7,235.6,49.7,228.9,49.7,5.3,1220.0,900.0,74.0,41.0,83.3,90.0,3652
2022-07-29T18:28:16.000000+00:00,236.9,50.0,236.8,50.0,228.9,50.0,5.2,1200.0,880.0,73.0,40.0,83.3,90.0,3653
2022-07-29T18:29:17.000000+00:00,236.2,50.0,236.3,50.0,228.9,50.0,5.3,1200.0,900.0,75.0,40.0,83.3,90.0,3653
2022-07-29T18:30:17.000000+00:00,236.8,50.0,236.7,50.0,228.9,50.0,5.2,1200.0,880.0,73.0,40.0,83.2,90.0,3653
2022-07-29T18:31:17.000000+00:00,237.4,50.1,237.4,50.1,228.9,50.1,5.3,1200.0,910.0,76.0,40.0,83.3,90.0,3653
2022-07-29T18:32:17.000000+00:00,237.0,50.2,237.6,50.2,228.9,50.2,5.2,1190.0,890.0,75.0,40.0,83.2,90.0,3653
2022-07-29T18:33:17.000000+00:00,237.9,50.2,237.9,50.2,228.9,50.2,5.1,1180.0,870.0,74.0,39.0,83.3,90.0,3653
2022-07-29T18:34:17.000000+00:00,239.4,50.4,239.4,50.4,228.9,50.4,5.2,1190.0,900.0,76.0,40.0,83.2,90.0,3653
2022-07-29T18:35:17.000000+00:00,240.4,50.3,240.4,50.3,228.9,50.3,5.1,1170.0,870.0,74.0,39.0,83.2,90.0,3653
2022-07-29T18:36:17.000000+00:00,239.2,50.0,240.1,50.0,228.9,50.0,5.2,1200.0,890.0,74.0,40.0,83.3,90.0,3654
2022-07-29T18:37:17.000000+00:00,239.7,50.1,239.7,50.1,228.9,50.1,5.2,1200.0,890.0,74.0,40.0,83.3,90.0,3654
2022-07-29T18:38:17.000000+00:00,240.4,50.0,240.4,50.0,228.9,50.0,5.3,1210.0,900.0,74.0,40.0,83.3,90.0,3654
2022-07-29T18:39:17.000000+00:00,239.1,49.9,239.1,49.9,228.9,49.9,5.3,1220.0,910.0,75.0,41.0,83.4,90.0,3654
2022-07-29T18:40:17.000000+00:00,237.0,50.1,237.0,50.1,228.9,50.1,5.2,1190.0,870.0,73.0,39.0,83.3,90.0,3654
2022-07-29T18:41:17.000000+00:00,237.3,50.1,237.3,50.1,228.9,50.1,5.2,1180.0,870.0,74.0,40.0,83.3,90.0,3654
2022-07-29T18:42:17.000000+00:00,235.7,50.0,236.7,50.0,228.9,50.0,5.2,1200.0,890.0,74.0,40.0,83.4,90.0,3654
2022-07-29T18:43:17.000000+00:00,236.5,50.0,236.5,50.0,228.9,50.0,5.3,1210.0,900.0,74.0,40.0,83.3,90.0,3654
2022-07-29T18:44:17.000000+00:00,236.1,50.0,237.0,50.0,228.9,50.0,5.3,1200.0,900.0,75.0,40.0,83.4,90.0,3655
2022-07-29T18:45:17.000000+00:00,237.0,50.0,236.6,50.0,228.9,50.0,5.2,1190.0,870.0,73.0,40.0,83.4,90.0,3655
2022-07-29T18:46:17.000000+00:00,237.9,50.1,237.9,50.1,228.9,50.1,5.3,1200.0,910.0,76.0,40.0,83.3,90.0,3655
2022-07-29T18:47:17.000000+00:00,239.0,50.1,238.1,50.1,228.9,50.1,5.2,1180.0,870.0,74.0,39.0,83.4,90.0,3655
2022-07-29T18:48:17.000000+00:00,239.1,50.0,238.5,50.0,228.9,50.0,5.3,1210.0,900.0,75.0,40.0,83.4,90.0,3655
2022-07-29T18:49:17.000000+00:00,240.3,50.2,240.2,50.2,228.9,50.2,5.2,1200.0,900.0,75.0,40.0,83.5,90.0,3655
2022-07-29T18:50:17.000000+00:00,239.4,50.0,239.4,50.0,228.9,50.0,5.2,1180.0,870.0,74.0,40.0,83.4,90.0,3655
2022-07-29T18:51:17.000000+00:00,240.8,50.2,240.8,50.2,228.9,50.2,5.1,1180.0,870.0,74.0,40.0,83.3,90.0,3656
2022-07-29T18:52:17.000000+00:00,240.8,50.2,240.8,50.2,228.9,50.2,5.2,1190.0,890.0,75.0,40.0,83.4,90.0,3656
2022-07-29T18:53:17.000000+00:00,236.6,50.3,236.6,50.3,228.9,50.3,5.2,1200.0,900.0,75.0,40.0,83.4,90.0,3656
2022-07-29T18:54:17.000000+00:00,237.6,50.3,237.6,50.3,228.9,50.3,5.2,1190.0,900.0,76.0,40.0,83.5,90.0,3656
2022-07-29T18:55:17.000000+00:00,238.4,50.4,238.0,50.4,228.9,50.4,5.1,1180.0,880.0,75.0,39.0,83.4,90.0,3656
2022-07-29T18:56:17.000000+00:00,238.7,50.2,239.3,50.2,228.9,50.2,5.2,1200.0,900.0,75.0,40.0,83.3,90.0,3656
2022-07-29T18:57:17.000000+00:00,237.5,49.9,237.9,49.9,228.9,49.9,5.3,1220.0,910.0,75.0,41.0,83.4,90.0,3656
2022-07-29T18:58:17.000000+00:00,238.1,50.0,237.6,50.0,228.9,50.0,5.3,1210.0,900.0,74.0,40.0,83.4,90.0,3656
2022-07-29T18:59:17.000000+00:00,238.9,50.1,239.3,50.1,228.9,50.1,5.2,1190.0,880.0,74.0,40.0,83.4,90.0,3657
2022-07-29T19:00:17.000000+00:00,238.4,50.1,238.4,50.1,228.9,50.1,5.2,1190.0,890.0,75.0,40.0,83.4,90.0,3657
2022-07-29T19:01:17.000000+00:00,238.4,50.2,237.3,50.2,228.9,50.2,5.2,1200.0,900.0,75.0,40.0,83.4,90.0,3657
2022-07-29T19:02:17.000000+00:00,238.1,50.3,237.4,50.3,228.9,50.3,5.2,1180.0,880.0,75.0,40.0,83.5,90.0,3657
2022-07-29T19:03:17.000000+00:00,237.3,50.2,237.3,50.2,228.9,50.2,5.2,1200.0,900.0,75.0,39.0,83.4,90.0,3657
2022-07-29T19:04:17.000000+00:00,237.7,50.1,237.7,50.1,228.9,50.1,5.2,1190.0,880.0,74.0,40.0,83.4,90.0,3657
2022-07-29T19:05:17.000000+00:00,238.4,50.2,237.3,50.2,228.9,50.2,5.2,1200.0,890.0,74.0,39.0,83.6,90.0,3657
2022-07-29T19:06:17.000000+00:00,237.0,50.0,237.0,50.0,228.9,50.0,5.2,1200.0,900.0,75.0,40.0,83.4,90.0,3657
2022-07-29T19:07:17.000000+00:00,236.9,50.0,236.9,50.0,228.9,50.0,5.3,1200.0,900.0,75.0,40.0,83.4,90.0,3658
2022-07-29T19:08:17.000000+00:00,237.4,50.0,236.4,50.0,228.9,50.0,5.2,1200.0,900.0,75.0,40.0,83.5,90.0,3658
2022-07-29T19:09:17.000000+00:00,236.4,50.1,236.4,50.1,228.9,50.0,5.3,1200.0,900.0,75.0,40.0,83.5,90.0,3658
2022-07-29T19:10:17.000000+00:00,238.3,50.0,237.8,50.0,228.9,50.1,5.3,1200.0,900.0,75.0,40.0,83.6,90.0,3658
2022-07-29T19:11:17.000000+00:00,238.5,50.2,237.9,50.2,228.9,50.2,5.2,1190.0,890.0,75.0,40.0,83.5,90.0,3658
2022-07-29T19:12:17.000000+00:00,238.0,50.1,238.0,50.1,228.9,50.1,5.2,1200.0,900.0,75.0,40.0,83.6,90.0,3658
2022-07-29T19:13:17.000000+00:00,237.9,50.2,238.9,50.2,228.9,50.2,5.1,1180.0,870.0,74.0,39.0,83.5,90.0,3658
2022-07-29T19:14:17.000000+00:00,238.9,50.2,237.9,50.2,228.9,50.2,5.2,1190.0,890.0,75.0,40.0,83.4,90.0,3659
2022-07-29T19:15:17.000000+00:00,238.4,50.2,238.4,50.2,228.9,50.2,5.2,1190.0,880.0,74.0,39.0,83.6,90.0,3659
2022-07-29T19:16:17.000000+00:00,238.9,50.2,238.4,50.2,228.9,50.2,5.2,1180.0,880.0,75.0,40.0,83.4,90.0,3659
2022-07-29T19:17:17.000000+00:00,239.1,50.1,239.1,50.1,228.9,50.1,5.3,1200.0,910.0,76.0,40.0,83.4,90.0,3659
2022-07-29T19:18:17.000000+00:00,240.0,50.3,240.1,50.3,228.9,50.3,5.1,1170.0,870.0,74.0,39.0,83.4,90.0,3659
2022-07-29T19:19:17.000000+00:00,240.0,50.2,240.6,50.2,228.9,50.2,5.2,1190.0,900.0,76.0,39.0,83.4,90.0,3659
2022-07-29T19:20:17.000000+00:00,240.6,50.3,241.1,50.3,228.9,50.3,5.2,1190.0,890.0,75.0,40.0,83.6,90.0,3659
2022-07-29T19:21:17.000000+00:00,241.1,50.3,241.6,50.3,228.9,50.3,5.1,1170.0,870.0,74.0,39.0,83.4,90.0,3659
2022-07-29T19:22:17.000000+00:00,238.8,50.3,237.9,50.3,228.9,50.3,5.2,1190.0,900.0,76.0,40.0,83.5,90.0,3660
2022-07-29T19:23:17.000000+00:00,237.5,50.3,237.5,50.3,228.9,50.3,5.2,1190.0,900.0,76.0,40.0,83.4,90.0,3660
2022-07-29T19:24:17.000000+00:00,237.8,50.2,237.7,50.2,228.9,50.2,5.2,1200.0,890.0,74.0,40.0,83.3,90.0,3660
2022-07-29T19:25:17.000000+00:00,237.6,50.2,238.6,50.2,228.9,50.2,5.2,1190.0,890.0,75.0,40.0,83.5,90.0,3660
2022-07-29T19:26:17.000000+00:00,238.1,50.1,238.1,50.1,228.9,50.1,5.2,1180.0,870.0,74.0,39.0,83.3,90.0,3660
2022-07-29T19:27:17.000000+00:00,238.3,50.2,238.3,50.2,228.9,50.2,5.2,1190.0,900.0,76.0,40.0,83.3,90.0,3660
2022-07-29T19:28:17.000000+00:00,238.6,50.3,238.6,50.3,228.9,50.3,5.2,1180.0,890.0,75.0,39.0,83.3,90.0,3660
2022-07-29T19:29:17.000000+00:00,239.3,50.2,238.8,50.2,228.9,50.2,5.2,1180.0,870.0,74.0,39.0,83.3,90.0,3660
2022-07-29T19:30:17.000000+00:00,240.0,50.3,240.0,50.3,228.9,50.3,5.1,1170.0,870.0,74.0,39.0,83.5,90.0,3661
2022-07-29T19:31:17.000000+00:00,239.3,50.2,240.3,50.2,228.9,50.2,5.2,1180.0,890.0,75.0,40.0,83.4,90.0,3661
2022-07-29T19:32:18.000000+00:00,240.1,50.3,240.1,50.3,228.9,50.3,5.1,1180.0,870.0,74.0,40.0,83.4,90.0,3661
2022-07-29T19:33:18.000000+00:00,239.7,50.1,239.8,50.1,228.9,50.1,5.2,1200.0,900.0,75.0,40.0,83.5,90.0,3661
2022-07-29T19:34:18.000000+00:00,240.8,50.3,240.7,50.3,228.9,50.3,5.2,1200.0,900.0,75.0,40.0,83.4,90.0,3661
2022-07-29T19:35:18.000000+00:00,240.9,50.3,240.9,50.3,228.9,50.3,5.1,1180.0,880.0,75.0,39.0,83.4,90.0,3661
2022-07-29T19:36:18.000000+00:00,241.3,50.3,241.7,50.3,228.9,50.3,5.2,1190.0,900.0,76.0,40.0,83.6,90.0,3661
2022-07-29T19:37:18.000000+00:00,238.4,50.3,238.4,50.3,228.9,50.3,5.1,1180.0,880.0,75.0,39.0,83.4,90.0,3662
2022-07-29T19:38:18.000000+00:00,238.2,50.3,238.2,50.3,228.9,50.3,5.2,1200.0,900.0,75.0,39.0,83.5,90.0,3662
2022-07-29T19:39:18.000000+00:00,239.1,50.3,239.1,50.3,228.9,50.3,5.2,1190.0,900.0,76.0,40.0,83.5,90.0,3662
2022-07-29T19:40:18.000000+00:00,239.6,50.3,239.1,50.3,228.9,50.3,5.1,1170.0,870.0,74.0,39.0,83.4,90.0,3662
2022-07-29T19:41:18.000000+00:00,238.8,50.3,238.9,50.3,228.9,50.3,5.2,1180.0,880.0,75.0,39.0,83.6,90.0,3662
2022-07-29T19:42:18.000000+00:00,238.9,50.3,238.9,50.3,228.9,50.3,5.2,1200.0,910.0,76.0,40.0,83.4,90.0,3662
2022-07-29T19:43:18.000000+00:00,239.1,50.3,239.2,50.3,228.9,50.3,5.2,1180.0,880.0,75.0,40.0,83.4,90.0,3662
2022-07-29T19:44:18.000000+00:00,238.4,50.1,238.4,50.1,228.9,50.1,5.2,1200.0,900.0,75.0,40.0,83.5,90.0,3662
2022-07-29T19:45:18.000000+00:00,238.2,50.1,238.1,50.1,228.9,50.1,5.2,1180.0,870.0,74.0,39.0,83.4,90.0,3663
2022-07-29T19:46:18.000000+00:00,237.8,50.1,238.4,50.1,228.9,50.1,5.2,1190.0,880.0,74.0,40.0,83.6,90.0,3663
2022-07-29T19:47:18.000000+00:00,238.6,50.2,238.1,50.2,228.9,50.2,5.2,1190.0,890.0,75.0,40.0,83.5,90.0,3663
2022-07-29T19:48:18.000000+00:00,236.5,49.9,236.5,49.9,228.9,49.9,5.3,1210.0,900.0,74.0,40.0,83.4,90.0,3663
2022-07-29T19:49:18.000000+00:00,236.8,50.1,237.9,50.1,228.9,50.1,5.2,1200.0,890.0,74.0,40.0,83.7,90.0,3663
2022-07-29T19:50:18.000000+00:00,237.4,50.1,237.4,50.1,228.9,50.1,5.2,1190.0,880.0,74.0,40.0,83.5,90.0,3663
2022-07-29T19:51:18.000000+00:00,238.0,50.0,238.0,50.0,228.9,50.0,5.3,1210.0,900.0,74.0,40.0,83.6,90.0,3663
2022-07-29T19:52:18.000000+00:00,237.9,50.1,237.9,50.1,228.8,50.1,5.2,1200.0,900.0,75.0,40.0,83.5,90.0,3663
2022-07-29T19:53:18.000000+00:00,239.4,50.2,238.8,50.2,228.9,50.2,5.1,1170.0,870.0,74.0,39.0,83.4,90.0,3664
2022-07-29T19:54:18.000000+00:00,238.5,50.2,238.5,50.2,228.9,50.2,5.2,1200.0,900.0,75.0,40.0,83.6,90.0,3664
2022-07-29T19:55:18.000000+00:00,238.5,50.1,238.9,50.1,228.9,50.1,5.1,1180.0,870.0,74.0,39.0,83.5,90.0,3664
2022-07-29T19:56:18.000000+00:00,240.3,50.2,240.3,50.2,228.9,50.2,5.2,1190.0,890.0,75.0,40.0,83.6,90.0,3664
2022-07-29T19:57:18.000000+00:00,241.0,50.2,241.0,50.2,228.9,50.2,5.3,1200.0,900.0,75.0,40.0,83.7,90.0,3664
2022-07-29T19:58:18.000000+00:00,240.3,50.3,240.3,50.3,228.9,50.3,5.2,1190.0,890.0,75.0,40.0,83.5,90.0,3664
2022-07-29T19:59:18.000000+00:00,239.2,50.3,239.2,50.3,228.9,50.3,5.2,1190.0,890.0,75.0,40.0,83.6,90.0,3664
2022-07-29T20:00:18.000000+00:00,239.3,50.3,238.7,50.3,228.9,50.3,5.1,1170.0,870.0,74.0,39.0,83.5,90.0,3665
2022-07-29T20:01:18.000000+00:00,239.1,50.3,239.2,50.3,228.9,50.3,5.1,1170.0,870.0,74.0,40.0,83.6,90.0,3665
2022-07-29T20:02:18.000000+00:00,239.5,50.3,239.6,50.3,228.9,50.2,5.1,1180.0,870.0,74.0,39.0,83.7,90.0,3665
2022-07-29T20:03:18.000000+00:00,238.9,50.3,239.0,50.3,228.9,50.3,5.2,1190.0,900.0,76.0,40.0,83.5,90.0,3665
2022-07-29T20:04:18.000000+00:00,239.3,50.2,238.7,50.2,228.9,50.2,5.2,1190.0,890.0,75.0,40.0,83.7,90.0,3665
2022-07-29T20:05:18.000000+00:00,238.1,50.1,238.2,50.1,228.9,50.1,5.2,1190.0,890.0,75.0,40.0,83.5,90.0,3665
2022-07-29T20:06:18.000000+00:00,239.0,50.3,238.9,50.3,228.9,50.3,5.2,1200.0,900.0,75.0,39.0,83.6,90.0,3665
2022-07-29T20:07:18.000000+00:00,238.6,50.2,239.1,50.2,228.9,50.2,5.1,1180.0,870.0,74.0,39.0,83.7,90.0,3665
2022-07-29T20:08:18.000000+00:00,239.7,50.3,239.7,50.3,228.9,50.3,5.2,1190.0,890.0,75.0,40.0,83.5,90.0,3666
2022-07-29T20:09:18.000000+00:00,239.8,50.2,239.8,50.2,228.9,50.2,5.2,1190.0,890.0,75.0,40.0,83.5,90.0,3666
2022-07-29T20:10:18.000000+00:00,240.3,50.2,240.3,50.2,228.9,50.2,5.2,1180.0,870.0,74.0,39.0,83.7,90.0,3666
2022-07-29T20:11:18.000000+00:00,240.3,50.3,240.3,50.3,228.9,50.3,5.1,1180.0,880.0,75.0,40.0,83.5,90.0,3666
2022-07-29T20:12:18.000000+00:00,240.3,50.3,240.3,50.3,228.9,50.3,5.1,1180.0,880.0,75.0,39.0,83.5,90.0,3666
2022-07-29T20:13:18.000000+00:00,240.4,50.3,240.4,50.3,228.9,50.3,5.2,1190.0,900.0,76.0,39.0,83.7,90.0,3666
2022-07-29T20:14:18.000000+00:00,241.4,50.3,240.9,50.3,228.9,50.3,5.2,1190.0,900.0,76.0,40.0,83.5,90.0,3666
2022-07-29T20:15:18.000000+00:00,241.9,50.3,241.3,50.3,228.9,50.3,5.1,1170.0,870.0,74.0,39.0,83.6,91.0,3666
2022-07-29T20:16:18.000000+00:00,242.0,50.3,242.0,50.3,228.9,50.3,5.2,1190.0,900.0,76.0,40.0,83.4,91.0,3667
2022-07-29T20:17:18.000000+00:00,242.0,50.3,242.0,50.3,228.9,50.3,5.1,1170.0,870.0,74.0,39.0,83.4,91.0,3667
2022-07-29T20:18:18.000000+00:00,242.5,50.2,241.5,50.2,228.9,50.2,5.2,1200.0,900.0,75.0,40.0,83.6,91.0,3667
2022-07-29T20:19:18.000000+00:00,241.9,50.3,241.9,50.3,228.9,50.3,5.2,1190.0,890.0,75.0,39.0,83.4,91.0,3667
2022-07-29T20:20:18.000000+00:00,242.1,50.1,241.6,50.1,228.9,50.1,5.2,1190.0,880.0,74.0,40.0,83.4,91.0,3667
2022-07-29T20:21:18.000000+00:00,241.8,50.1,241.8,50.1,228.9,50.1,5.2,1190.0,880.0,74.0,40.0,83.6,91.0,3667
2022-07-29T20:22:18.000000+00:00,241.6,50.2,241.6,50.2,228.9,50.2,5.2,1190.0,890.0,75.0,40.0,83.5,91.0,3667
2022-07-29T20:23:18.000000+00:00,238.3,50.1,238.3,50.1,228.9,50.1,5.2,1190.0,890.0,75.0,40.0,83.6,91.0,3668
2022-07-29T20:24:18.000000+00:00,237.9,50.0,237.9,50.0,228.9,50.0,5.3,1210.0,910.0,75.0,40.0,83.7,91.0,3668
2022-07-29T20:25:18.000000+00:00,237.5,50.0,238.0,50.0,228.9,50.0,5.2,1190.0,880.0,74.0,40.0,83.5,91.0,3668
2022-07-29T20:26:18.000000+00:00,238.5,50.0,238.5,50.0,228.9,50.0,5.3,1210.0,910.0,75.0,40.0,83.6,91.0,3668
2022-07-29T20:27:18.000000+00:00,238.5,50.1,238.9,50.1,228.9,50.1,5.2,1180.0,870.0,74.0,40.0,83.7,91.0,3668
2022-07-29T20:28:18.000000+00:00,238.6,50.1,239.0,50.1,228.9,50.1,5.2,1200.0,900.0,75.0,40.0,83.5,91.0,3668
2022-07-29T20:29:18.000000+00:00,238.9,50.1,238.9,50.1,228.9,50.1,5.2,1200.0,890.0,74.0,40.0,83.5,91.0,3668
2022-07-29T20:30:19.000000+00:00,239.1,50.1,239.1,50.1,228.9,50.1,5.2,1190.0,880.0,74.0,40.0,83.8,91.0,3668
2022-07-29T20:31:19.000000+00:00,240.0,50.1,240.0,50.1,228.9,50.1,5.3,1210.0,900.0,74.0,40.0,83.6,91.0,3669
2022-07-29T20:32:19.000000+00:00,239.4,50.0,239.4,50.0,228.9,50.0,5.3,1200.0,890.0,74.0,40.0,83.7,91.0,3669
2022-07-29T20:33:19.000000+00:00,240.2,50.1,240.1,50.1,228.9,50.1,5.2,1200.0,890.0,74.0,40.0,83.8,91.0,3669
2022-07-29T20:34:19.000000+00:00,240.4,50.1,240.4,50.1,228.9,50.1,5.2,1200.0,900.0,75.0,40.0,83.6,91.0,3669
2022-07-29T20:35:19.000000+00:00,240.6,50.1,240.6,50.1,228.9,50.1,5.2,1190.0,880.0,74.0,40.0,83.8,91.0,3669
2022-07-29T20:36:19.000000+00:00,240.6,50.1,240.2,50.1,228.9,50.1,5.2,1200.0,900.0,75.0,40.0,83.8,91.0,3669
2022-07-29T20:37:19.000000+00:00,240.4,50.1,240.9,50.1,228.9,50.1,5.1,1180.0,870.0,74.0,39.0,83.6,91.0,3669
2022-07-29T20:38:19.000000+00:00,240.8,50.1,240.8,50.1,228.9,50.1,5.3,1200.0,900.0,75.0,40.0,83.7,91.0,3669
2022-07-29T20:39:19.000000+00:00,240.6,50.0,240.6,50.0,228.9,50.1,5.2,1200.0,890.0,74.0,40.0,83.8,91.0,3670
2022-07-29T20:40:19.000000+00:00,240.7,50.1,240.7,50.1,228.9,50.1,5.2,1190.0,880.0,74.0,39.0,83.6,91.0,3670
2022-07-29T20:41:19.000000+00:00,241.2,50.1,240.3,50.1,228.9,50.1,5.2,1190.0,890.0,75.0,40.0,83.7,91.0,3670
2022-07-29T20:42:19.000000+00:00,241.1,50.1,240.5,50.1,228.9,50.1,5.3,1200.0,900.0,75.0,40.0,83.8,91.0,3670
2022-07-29T20:43:19.000000+00:00,241.8,50.2,241.8,50.2,228.9,50.2,5.2,1190.0,890.0,75.0,40.0,83.5,91.0,3670
2022-07-29T20:44:19.000000+00:00,240.2,50.1,240.7,50.1,228.9,50.1,5.2,1200.0,890.0,74.0,40.0,83.7,91.0,3670
2022-07-29T20:45:19.000000+00:00,241.4,50.1,240.9,50.1,228.9,50.1,5.2,1190.0,870.0,73.0,39.0,83.6,91.0,3670
2022-07-29T20:46:19.000000+00:00,241.1,50.1,241.1,50.1,228.9,50.1,5.2,1200.0,900.0,75.0,40.0,83.5,91.0,3671
2022-07-29T20:47:19.000000+00:00,240.1,50.0,240.1,50.0,228.9,50.0,5.3,1200.0,890.0,74.0,40.0,83.8,91.0,3671
2022-07-29T20:48:19.000000+00:00,240.8,50.0,240.8,50.0,228.9,50.0,5.2,1200.0,890.0,74.0,40.0,83.6,91.0,3671
2022-07-29T20:49:19.000000+00:00,240.7,50.0,240.7,50.0,228.9,50.0,5.3,1200.0,900.0,75.0,40.0,83.7,91.0,3671
2022-07-29T20:50:19.000000+00:00,242.0,50.0,242.0,50.0,228.9,50.0,5.2,1190.0,880.0,74.0,40.0,83.8,91.0,3671
2022-07-29T20:51:19.000000+00:00,242.3,50.0,241.5,50.0,228.9,50.0,5.3,1200.0,900.0,75.0,40.0,83.6,91.0,3671
2022-07-29T20:52:19.000000+00:00,238.7,50.1,238.8,50.1,228.9,50.1,5.2,1180.0,870.0,74.0,40.0,83.7,91.0,3671
2022-07-29T20:53:19.000000+00:00,238.4,50.0,238.4,50.0,228.9,50.0,5.2,1200.0,890.0,74.0,40.0,83.8,91.0,3671
2022-07-29T20:54:19.000000+00:00,239.2,50.0,238.7,50.0,228.9,50.0,5.3,1210.0,910.0,75.0,40.0,83.6,91.0,3672
2022-07-29T20:55:19.000000+00:00,239.5,50.1,239.0,50.1,228.9,50.1,5.2,1180.0,870.0,74.0,39.0,83.7,91.0,3672
2022-07-29T20:56:19.000000+00:00,239.9,50.1,239.9,50.1,228.9,50.1,5.2,1200.0,900.0,75.0,40.0,83.8,91.0,3672
2022-07-29T20:57:19.000000+00:00,240.2,50.1,239.6,50.1,228.9,50.1,5.2,1190.0,880.0,74.0,39.0,83.6,91.0,3672
2022-07-29T20:58:19.000000+00:00,240.1,50.1,239.7,50.1,228.9,50.1,5.2,1200.0,900.0,75.0,40.0,83.8,91.0,3672
2022-07-29T20:59:19.000000+00:00,240.4,50.1,240.3,50.1,228.9,50.1,5.2,1190.0,880.0,74.0,40.0,83.9,91.0,3672
2022-07-29T21:00:19.000000+00:00,241.2,50.3,241.1,50.3,228.9,50.3,5.1,1170.0,860.0,74.0,39.0,83.6,91.0,3672
2022-07-29T21:01:19.000000+00:00,239.1,50.2,239.0,50.2,228.9,50.2,5.2,1190.0,880.0,74.0,40.0,83.8,91.0,3672
2022-07-29T21:02:19.000000+00:00,239.1,50.2,239.1,50.2,228.9,50.2,5.1,1180.0,870.0,74.0,40.0,83.7,91.0,3673
2022-07-29T21:03:19.000000+00:00,239.3,50.3,239.3,50.3,228.9,50.2,5.2,1190.0,890.0,75.0,40.0,83.6,91.0,3673
2022-07-29T21:04:19.000000+00:00,238.5,50.1,238.5,50.1,228.9,50.1,5.3,1200.0,910.0,76.0,40.0,83.9,91.0,3673
2022-07-29T21:05:19.000000+00:00,238.3,50.2,239.3,50.2,228.9,50.2,5.1,1180.0,870.0,74.0,39.0,83.7,91.0,3673
2022-07-29T21:06:19.000000+00:00,239.5,50.2,238.5,50.2,228.9,50.2,5.2,1190.0,900.0,76.0,40.0,83.8,91.0,3673
2022-07-29T21:07:19.000000+00:00,239.3,50.3,239.8,50.3,228.9,50.3,5.1,1170.0,870.0,74.0,40.0,83.9,91.0,3673
2022-07-29T21:08:19.000000+00:00,238.1,50.2,238.1,50.2,228.9,50.2,5.3,1200.0,900.0,75.0,40.0,83.7,91.0,3673
2022-07-29T21:09:19.000000+00:00,237.8,50.2,237.8,50.2,228.9,50.2,5.2,1190.0,890.0,75.0,40.0,83.8,91.0,3674
2022-07-29T21:10:19.000000+00:00,238.4,50.1,238.4,50.2,228.9,50.2,5.1,1180.0,870.0,74.0,39.0,83.9,91.0,3674
2022-07-29T21:11:19.000000+00:00,238.0,50.0,238.0,50.0,228.9,50.0,5.3,1210.0,910.0,75.0,40.0,83.7,91.0,3674
2022-07-29T21:12:19.000000+00:00,238.6,50.1,237.6,50.1,228.9,50.1,5.2,1200.0,890.0,74.0,40.0,83.8,91.0,3674
2022-07-29T21:13:19.000000+00:00,238.1,50.0,238.2,50.0,228.9,50.0,5.3,1230.0,920.0,75.0,41.0,83.9,91.0,3674
2022-07-29T21:14:19.000000+00:00,237.9,50.1,237.9,50.1,228.9,50.0,5.2,1190.0,880.0,74.0,40.0,83.7,91.0,3674
2022-07-29T21:15:19.000000+00:00,237.2,49.8,238.2,49.8,228.9,49.8,5.3,1200.0,880.0,73.0,40.0,83.9,91.0,3674
2022-07-29T21:16:19.000000+00:00,237.7,49.9,237.7,49.9,228.9,49.9,5.3,1220.0,910.0,75.0,40.0,83.7,91.0,3674
2022-07-29T21:17:19.000000+00:00,238.5,50.0,238.5,50.0,228.9,50.0,5.3,1220.0,920.0,75.0,40.0,83.9,91.0,3675
2022-07-29T21:18:19.000000+00:00,238.5,50.1,238.5,50.1,228.9,50.1,5.3,1200.0,900.0,75.0,40.0,83.9,91.0,3675
2022-07-29T21:19:19.000000+00:00,238.6,49.9,238.6,49.9,228.9,49.9,5.3,1210.0,890.0,74.0,40.0,83.7,91.0,3675
2022-07-29T21:20:19.000000+00:00,238.0,49.9,238.0,49.9,228.9,49.9,5.3,1200.0,890.0,74.0,40.0,83.8,91.0,3675
2022-07-29T21:21:19.000000+00:00,238.3,50.0,238.3,50.0,228.9,50.0,5.2,1190.0,880.0,74.0,40.0,83.9,91.0,3675
2022-07-29T21:22:19.000000+00:00,238.6,50.0,238.6,50.0,228.9,50.0,5.3,1210.0,910.0,75.0,40.0,83.8,91.0,3675
2022-07-29T21:23:19.000000+00:00,238.4,50.0,238.4,50.0,228.9,50.0,5.3,1200.0,900.0,75.0,40.0,83.9,91.0,3675
2022-07-29T21:24:19.000000+00:00,239.7,50.0,239.7,50.0,228.9,50.0,5.3,1200.0,890.0,74.0,40.0,83.9,91.0,3675
2022-07-29T21:25:19.000000+00:00,239.2,49.9,239.2,49.9,228.9,49.9,5.2,1200.0,880.0,73.0,40.0,83.8,91.0,3676
2022-07-29T21:26:19.000000+00:00,238.9,50.0,238.9,50.0,228.9,50.0,5.2,1200.0,890.0,74.0,41.0,83.9,91.0,3676
2022-07-29T21:27:19.000000+00:00,239.3,50.1,239.3,50.1,228.9,50.1,5.2,1200.0,890.0,74.0,40.0,83.9,91.0,3676
2022-07-29T21:28:19.000000+00:00,239.5,50.1,239.5,50.1,228.9,50.1,5.2,1190.0,890.0,75.0,40.0,83.9,91.0,3676
2022-07-29T21:29:20.000000+00:00,239.6,50.0,239.0,50.0,228.9,50.0,5.3,1210.0,900.0,74.0,40.0,83.9,91.0,3676
2022-07-29T21:30:20.000000+00:00,239.4,50.0,239.4,50.0,228.9,50.0,5.2,1190.0,880.0,74.0,40.0,83.7,91.0,3676
2022-07-29T21:31:20.000000+00:00,239.0,50.1,239.0,50.1,228.9,50.1,5.3,1210.0,910.0,75.0,40.0,83.9,91.0,3676
2022-07-29T21:32:20.000000+00:00,239.8,50.2,239.8,50.2,228.9,50.2,5.2,1190.0,890.0,75.0,40.0,83.9,91.0,3677
2022-07-29T21:33:20.000000+00:00,240.1,50.1,240.1,50.1,228.9,50.1,5.2,1190.0,880.0,74.0,39.0,83.7,91.0,3677
2022-07-29T21:34:20.000000+00:00,240.1,50.1,239.6,50.1,228.9,50.1,5.2,1200.0,900.0,75.0,40.0,83.8,91.0,3677
2022-07-29T21:35:20.000000+00:00,240.4,50.2,239.4,50.2,228.9,50.2,5.2,1190.0,890.0,75.0,39.0,83.9,91.0,3677
2022-07-29T21:36:20.000000+00:00,240.5,50.1,240.5,50.1,228.9,50.1,5.2,1200.0,900.0,75.0,40.0,83.7,91.0,3677
2022-07-29T21:37:20.000000+00:00,240.6,50.2,240.6,50.2,228.9,50.2,5.2,1190.0,890.0,75.0,40.0,83.9,91.0,3677
2022-07-29T21:38:20.000000+00:00,239.8,50.1,240.3,50.1,228.9,50.1,5.2,1180.0,870.0,74.0,40.0,83.9,91.0,3677
2022-07-29T21:39:20.000000+00:00,240.6,50.3,240.6,50.3,228.9,50.3,5.1,1180.0,880.0,75.0,40.0,83.7,91.0,3677
2022-07-29T21:40:20.000000+00:00,239.8,50.2,239.8,50.2,228.9,50.2,5.2,1180.0,880.0,75.0,40.0,83.9,91.0,3678
2022-07-29T21:41:20.000000+00:00,239.7,50.2,239.7,50.2,228.9,50.2,5.2,1190.0,890.0,75.0,40.0,83.9,91.0,3678
2022-07-29T21:42:20.000000+00:00,239.9,50.2,240.5,50.2,228.9,50.2,5.1,1180.0,870.0,74.0,39.0,83.8,91.0,3678
2022-07-29T21:43:20.000000+00:00,241.0,50.3,240.9,50.3,228.9,50.3,5.2,1190.0,890.0,75.0,40.0,83.9,91.0,3678
2022-07-29T21:44:20.000000+00:00,240.8,50.2,240.3,50.2,228.9,50.2,5.2,1190.0,900.0,76.0,40.0,83.9,91.0,3678
2022-07-29T21:45:20.000000+00:00,240.9,50.2,241.3,50.2,228.9,50.2,5.1,1170.0,870.0,74.0,39.0,83.7,91.0,3678
2022-07-29T21:46:20.000000+00:00,242.1,50.3,241.2,50.3,228.9,50.3,5.2,1190.0,890.0,75.0,39.0,83.9,91.0,3678
2022-07-29T21:47:20.000000+00:00,241.7,50.3,241.3,50.3,228.9,50.3,5.2,1190.0,890.0,75.0,40.0,83.9,91.0,3678
2022-07-29T21:48:20.000000+00:00,241.2,50.3,242.3,50.3,228.9,50.3,5.1,1170.0,870.0,74.0,39.0,83.7,91.0,3679
2022-07-29T21:49:20.000000+00:00,240.1,50.3,240.2,50.3,228.9,50.3,5.2,1190.0,890.0,75.0,40.0,83.8,91.0,3679
2022-07-29T21:50:20.000000+00:00,238.1,49.9,238.1,49.9,228.9,49.9,5.2,1200.0,880.0,73.0,40.0,83.8,91.0,3679
2022-07-29T21:51:20.000000+00:00,237.1,49.9,237.9,49.9,228.9,49.9,5.2,1200.0,890.0,74.0,40.0,83.7,91.0,3679
2022-07-29T21:52:20.000000+00:00,237.9,49.9,237.5,49.9,228.9,49.9,5.2,1200.0,880.0,73.0,40.0,83.7,91.0,3679
2022-07-29T21:53:20.000000+00:00,236.8,49.9,237.9,49.9,228.9,49.9,5.3,1210.0,900.0,74.0,40.0,83.7,91.0,3679
2022-07-29T21:54:20.000000+00:00,237.4,50.0,237.9,50.0,228.9,50.0,5.3,1200.0,900.0,75.0,40.0,83.5,91.0,3679
2022-07-29T21:55:20.000000+00:00,236.2,49.8,237.2,49.8,228.9,49.8,5.3,1210.0,890.0,74.0,40.0,83.7,91.0,3680
2022-07-29T21:56:20.000000+00:00,237.0,49.9,237.0,49.9,228.9,49.9,5.3,1210.0,890.0,74.0,40.0,83.7,91.0,3680
2022-07-29T21:57:20.000000+00:00,236.5,49.8,237.0,49.8,228.9,49.8,5.3,1210.0,890.0,74.0,41.0,83.6,91.0,3680
2022-07-29T21:58:20.000000+00:00,237.5,49.9,237.2,49.9,228.9,49.9,5.3,1210.0,900.0,74.0,40.0,83.7,91.0,3680
2022-07-29T21:59:20.000000+00:00,238.1,49.9,237.6,49.9,228.9,49.9,5.3,1200.0,890.0,74.0,40.0,83.7,91.0,3680
2022-07-29T22:00:20.000000+00:00,237.5,49.8,238.1,49.8,228.9,49.8,5.2,1200.0,880.0,73.0,40.0,83.7,91.0,3680
2022-07-29T22:01:20.000000+00:00,238.0,49.9,238.0,49.9,228.9,49.9,5.2,1200.0,880.0,73.0,41.0,83.8,91.0,3680
2022-07-29T22:02:20.000000+00:00,237.8,49.9,238.7,49.9,228.9,49.9,5.2,1200.0,880.0,73.0,40.0,83.8,91.0,3680
2022-07-29T22:03:20.000000+00:00,238.8,50.0,239.2,50.0,228.9,50.0,5.3,1210.0,900.0,74.0,40.0,83.7,91.0,3681
2022-07-29T22:04:20.000000+00:00,238.5,50.0,239.0,50.0,228.9,50.0,5.3,1210.0,910.0,75.0,40.0,83.8,91.0,3681
2022-07-29T22:05:20.000000+00:00,239.0,50.0,238.4,50.0,228.9,50.0,5.2,1190.0,870.0,73.0,40.0,83.8,91.0,3681
2022-07-29T22:06:20.000000+00:00,239.2,50.0,238.8,50.0,228.8,50.0,5.3,1210.0,910.0,75.0,40.0,83.7,91.0,3681
2022-07-29T22:07:20.000000+00:00,238.8,49.9,239.8,49.9,228.9,49.9,5.3,1210.0,900.0,74.0,40.0,83.8,91.0,3681
2022-07-29T22:08:20.000000+00:00,238.5,49.8,238.5,49.8,228.9,49.8,5.3,1220.0,910.0,75.0,40.0,83.6,91.0,3681
2022-07-29T22:09:20.000000+00:00,240.0,49.9,239.1,49.9,228.9,49.9,5.3,1210.0,900.0,74.0,40.0,83.8,91.0,3681
2022-07-29T22:10:20.000000+00:00,240.9,50.0,240.0,50.0,228.9,50.0,5.2,1200.0,890.0,74.0,40.0,83.8,91.0,3682
2022-07-29T22:11:20.000000+00:00,239.9,49.8,239.8,49.9,228.9,49.9,5.3,1210.0,900.0,74.0,40.0,83.7,91.0,3682
2022-07-29T22:12:20.000000+00:00,238.9,49.8,238.9,49.8,228.9,49.8,5.3,1200.0,880.0,73.0,40.0,83.8,91.0,3682
2022-07-29T22:13:20.000000+00:00,239.8,50.0,239.3,50.0,228.9,50.0,5.3,1220.0,920.0,75.0,40.0,83.9,91.0,3682
2022-07-29T22:14:20.000000+00:00,239.8,49.9,239.3,49.9,228.9,49.9,5.3,1220.0,920.0,75.0,41.0,83.8,91.0,3682
2022-07-29T22:15:20.000000+00:00,239.2,49.9,239.2,49.9,228.9,49.9,5.2,1190.0,880.0,74.0,40.0,83.8,91.0,3682
2022-07-29T22:16:20.000000+00:00,239.8,50.0,240.9,50.0,228.9,50.0,5.3,1210.0,900.0,74.0,40.0,83.9,91.0,3547
2022-07-29T22:17:20.000000+00:00,240.5,50.0,240.5,50.0,228.9,50.0,5.3,1220.0,910.0,75.0,40.0,83.8,91.0,3729
2022-07-29T22:18:20.000000+00:00,241.0,50.1,241.0,50.1,228.9,50.1,5.2,1200.0,900.0,75.0,39.0,83.8,91.0,3778
2022-07-29T22:19:20.000000+00:00,241.3,50.0,241.3,50.0,228.9,50.0,5.3,1200.0,890.0,74.0,40.0,83.9,91.0,3592
2022-07-29T22:20:20.000000+00:00,241.1,50.2,240.2,50.2,228.9,50.2,5.2,1190.0,890.0,75.0,40.0,83.8,91.0,3778
2022-07-29T22:21:20.000000+00:00,239.5,49.9,239.5,49.9,228.9,49.9,5.2,1200.0,880.0,73.0,40.0,83.8,91.0,3592
2022-07-29T22:22:20.000000+00:00,238.5,49.9,238.5,49.9,228.9,49.9,5.3,1220.0,910.0,75.0,40.0,83.9,91.0,3592
2022-07-29T22:23:20.000000+00:00,238.6,49.7,238.6,49.7,228.9,49.7,5.3,1210.0,880.0,73.0,40.0,83.8,91.0,3592
2022-07-29T22:24:20.000000+00:00,238.2,49.6,238.2,49.6,228.9,49.6,5.4,1230.0,900.0,73.0,41.0,83.9,91.0,3592
2022-07-29T22:25:20.000000+00:00,239.3,49.7,238.4,49.7,228.9,49.7,5.4,1240.0,920.0,74.0,41.0,83.9,91.0,3592
2022-07-29T22:26:20.000000+00:00,238.4,49.7,238.9,49.7,228.9,49.7,5.3,1220.0,900.0,74.0,41.0,83.9,91.0,3592
2022-07-29T22:27:20.000000+00:00,238.5,49.8,239.4,49.8,228.9,49.8,5.3,1210.0,900.0,74.0,41.0,84.0,91.0,3593
2022-07-29T22:28:20.000000+00:00,239.1,49.8,239.1,49.8,228.9,49.8,5.3,1220.0,910.0,75.0,40.0,83.9,91.0,3593
2022-07-29T22:29:20.000000+00:00,238.6,49.7,238.6,49.7,228.9,49.7,5.4,1220.0,900.0,74.0,41.0,83.9,91.0,3593
2022-07-29T22:30:20.000000+00:00,238.8,49.7,238.8,49.7,228.9,49.7,5.3,1220.0,910.0,75.0,41.0,83.9,91.0,3593
2022-07-29T22:31:21.000000+00:00,239.1,49.8,240.0,49.8,228.9,49.8,5.2,1200.0,870.0,72.0,40.0,83.9,91.0,3779
2022-07-29T22:32:21.000000+00:00,240.1,49.9,239.6,49.8,228.9,49.8,5.3,1220.0,910.0,75.0,40.0,83.9,91.0,3593
2022-07-29T22:33:21.000000+00:00,239.8,49.8,239.4,49.8,228.9,49.8,5.3,1210.0,890.0,74.0,40.0,83.9,91.0,3780
2022-07-29T22:34:21.000000+00:00,239.6,49.9,239.6,49.9,228.9,49.9,5.3,1210.0,900.0,74.0,40.0,83.9,91.0,3593
2022-07-29T22:35:21.000000+00:00,238.7,49.9,238.7,49.9,228.9,49.9,5.3,1210.0,910.0,75.0,40.0,83.9,91.0,3594
2022-07-29T22:36:21.000000+00:00,239.2,50.0,239.2,50.0,228.9,50.0,5.2,1190.0,880.0,74.0,40.0,83.8,91.0,3780
2022-07-29T22:37:21.000000+00:00,240.1,50.0,240.1,50.0,228.9,50.0,5.3,1210.0,900.0,74.0,40.0,83.9,91.0,3594
2022-07-29T22:38:21.000000+00:00,240.1,50.0,240.0,50.0,228.9,50.0,5.3,1210.0,900.0,74.0,40.0,83.9,91.0,3780
2022-07-29T22:39:21.000000+00:00,239.0,49.9,239.0,49.9,228.9,49.9,5.2,1200.0,880.0,73.0,40.0,83.8,91.0,3594
2022-07-29T22:40:21.000000+00:00,239.0,49.9,239.0,49.9,228.9,49.9,5.3,1200.0,880.0,73.0,40.0,83.9,91.0,3781
2022-07-29T22:41:21.000000+00:00,238.9,49.8,238.4,49.8,228.9,49.8,5.3,1220.0,900.0,74.0,41.0,83.8,91.0,3781
2022-07-29T22:42:21.000000+00:00,240.1,49.8,240.0,49.8,228.9,49.8,5.3,1210.0,890.0,74.0,41.0,83.8,91.0,3595
2022-07-29T22:43:21.000000+00:00,238.9,49.8,239.4,49.8,228.9,49.8,5.3,1220.0,900.0,74.0,40.0,83.9,91.0,3595
2022-07-29T22:44:21.000000+00:00,239.2,49.8,239.2,49.8,228.9,49.8,5.4,1230.0,920.0,75.0,41.0,83.8,91.0,3595
2022-07-29T22:45:21.000000+00:00,241.3,50.0,241.3,50.0,228.9,49.9,5.2,1200.0,880.0,73.0,40.0,83.8,91.0,3781
2022-07-29T22:46:21.000000+00:00,241.1,50.0,242.1,50.0,228.9,50.0,5.2,1200.0,890.0,74.0,40.0,83.7,91.0,3595
2022-07-29T22:47:21.000000+00:00,242.1,50.1,241.6,50.1,228.9,50.1,5.2,1200.0,890.0,74.0,40.0,83.8,91.0,3782
2022-07-29T22:48:21.000000+00:00,242.0,50.1,242.4,50.1,228.9,50.1,5.2,1190.0,880.0,74.0,39.0,83.8,91.0,3782
2022-07-29T22:49:21.000000+00:00,242.4,50.1,242.4,50.1,228.8,50.1,5.2,1200.0,900.0,75.0,40.0,83.7,91.0,3595
2022-07-29T22:50:21.000000+00:00,241.6,50.1,240.7,50.1,228.9,50.1,5.2,1180.0,870.0,74.0,39.0,83.8,91.0,3782
2022-07-29T22:51:21.000000+00:00,242.4,50.2,241.5,50.2,228.9,50.2,5.2,1190.0,880.0,74.0,40.0,83.8,91.0,3782
2022-07-29T22:52:21.000000+00:00,242.8,50.2,243.3,50.2,228.9,50.2,5.2,1190.0,890.0,75.0,39.0,83.8,91.0,3782
2022-07-29T22:53:21.000000+00:00,239.3,50.2,239.3,50.2,228.9,50.2,5.2,1190.0,890.0,75.0,40.0,83.8,91.0,3596
2022-07-29T22:54:21.000000+00:00,239.6,50.1,239.6,50.1,228.8,50.1,5.2,1200.0,890.0,74.0,40.0,83.8,91.0,3552
2022-07-29T22:55:21.000000+00:00,238.6,50.0,238.1,50.0,228.9,50.0,5.2,1200.0,880.0,73.0,40.0,83.9,91.0,3734
2022-07-29T22:56:21.000000+00:00,238.0,50.1,238.4,50.1,228.8,50.1,5.2,1190.0,890.0,75.0,40.0,83.9,91.0,3735
2022-07-29T22:57:21.000000+00:00,239.2,50.2,239.2,50.2,228.9,50.2,5.2,1190.0,890.0,75.0,40.0,83.9,91.0,3735
2022-07-29T22:58:21.000000+00:00,237.6,50.0,237.6,50.0,228.9,50.0,5.2,1190.0,880.0,74.0,40.0,83.9,91.0,3597
2022-07-29T22:59:21.000000+00:00,238.0,50.1,238.0,50.1,228.9,50.1,5.3,1200.0,900.0,75.0,40.0,84.0,91.0,3597
2022-07-29T23:00:21.000000+00:00,238.3,50.2,238.3,50.2,228.9,50.2,5.2,1190.0,890.0,75.0,40.0,84.0,91.0,3783
2022-07-29T23:01:21.000000+00:00,238.5,50.1,238.5,50.1,228.9,50.1,5.3,1200.0,910.0,76.0,40.0,84.0,91.0,3597
2022-07-29T23:02:21.000000+00:00,239.1,50.3,239.1,50.3,228.9,50.3,5.2,1200.0,890.0,74.0,40.0,83.9,91.0,3597
2022-07-29T23:03:21.000000+00:00,238.3,50.2,238.3,50.2,228.9,50.2,5.2,1180.0,880.0,75.0,39.0,83.9,91.0,3784
2022-07-29T23:04:21.000000+00:00,239.4,50.3,239.3,50.3,228.9,50.3,5.3,1200.0,910.0,76.0,40.0,84.0,91.0,3642
2022-07-29T23:05:21.000000+00:00,238.8,50.2,238.8,50.2,228.9,50.2,5.1,1170.0,870.0,74.0,39.0,83.9,91.0,3689
2022-07-29T23:06:21.000000+00:00,238.1,50.1,238.1,50.1,228.9,50.1,5.3,1200.0,900.0,75.0,40.0,84.0,91.0,3689
2022-07-29T23:07:21.000000+00:00,238.0,50.0,237.0,50.0,228.9,50.0,5.2,1200.0,890.0,74.0,40.0,84.0,91.0,3689
2022-07-29T23:08:21.000000+00:00,238.2,50.1,238.3,50.1,228.9,50.1,5.2,1180.0,870.0,74.0,40.0,84.0,91.0,3689
2022-07-29T23:09:21.000000+00:00,237.5,50.0,237.5,50.0,228.9,50.0,5.2,1200.0,890.0,74.0,40.0,84.0,91.0,3736
2022-07-29T23:10:21.000000+00:00,237.5,49.9,237.5,49.9,228.9,49.9,5.3,1200.0,890.0,74.0,40.0,83.9,91.0,3736
2022-07-29T23:11:21.000000+00:00,237.4,50.0,237.9,50.0,228.9,50.0,5.3,1210.0,910.0,75.0,40.0,84.0,91.0,3737
2022-07-29T23:12:21.000000+00:00,238.1,50.0,238.1,50.0,228.9,50.0,5.3,1200.0,890.0,74.0,40.0,84.0,91.0,3785
2022-07-29T23:13:21.000000+00:00,238.0,50.1,238.0,50.1,228.9,50.1,5.3,1210.0,910.0,75.0,40.0,84.0,91.0,3598
2022-07-29T23:14:21.000000+00:00,238.1,50.1,238.1,50.1,228.9,50.1,5.2,1190.0,890.0,75.0,40.0,84.0,91.0,3599
2022-07-29T23:15:21.000000+00:00,238.9,50.2,238.9,50.2,228.9,50.2,5.2,1180.0,880.0,75.0,39.0,84.0,91.0,3785
2022-07-29T23:16:21.000000+00:00,237.9,50.1,238.4,50.1,228.9,50.1,5.2,1200.0,900.0,75.0,40.0,84.0,91.0,3555
2022-07-29T23:17:21.000000+00:00,238.2,50.1,238.2,50.1,228.9,50.1,5.2,1200.0,890.0,74.0,40.0,84.0,91.0,3737
2022-07-29T23:18:21.000000+00:00,238.8,50.1,238.8,50.1,228.9,50.1,5.2,1180.0,870.0,74.0,40.0,84.0,91.0,3786
2022-07-29T23:19:21.000000+00:00,237.8,50.1,237.8,50.1,228.9,50.1,5.3,1200.0,900.0,75.0,40.0,84.0,91.0,3599
2022-07-29T23:20:21.000000+00:00,237.6,50.1,237.6,50.1,228.9,50.1,5.2,1180.0,880.0,75.0,40.0,84.0,91.0,3786
2022-07-29T23:21:21.000000+00:00,238.4,50.3,238.4,50.3,228.9,50.3,5.2,1190.0,890.0,75.0,39.0,84.0,91.0,3738
2022-07-29T23:22:21.000000+00:00,238.3,50.2,237.8,50.2,228.9,50.2,5.3,1210.0,920.0,76.0,40.0,84.0,91.0,3555
2022-07-29T23:23:21.000000+00:00,238.3,50.3,238.3,50.3,228.9,50.3,5.1,1180.0,870.0,74.0,39.0,84.0,91.0,3738
2022-07-29T23:24:21.000000+00:00,237.3,50.2,237.6,50.2,228.9,50.2,5.2,1190.0,890.0,75.0,40.0,84.0,91.0,3556
2022-07-29T23:25:21.000000+00:00,237.6,50.2,237.6,50.2,228.9,50.3,5.2,1180.0,880.0,75.0,39.0,84.0,91.0,3738
2022-07-29T23:26:21.000000+00:00,237.4,50.3,237.8,50.3,228.9,50.3,5.3,1200.0,910.0,76.0,40.0,84.0,91.0,3556
2022-07-29T23:27:21.000000+00:00,236.1,50.2,236.2,50.2,228.9,50.2,5.2,1190.0,890.0,75.0,40.0,84.0,91.0,3739
2022-07-29T23:28:21.000000+00:00,237.0,50.2,237.0,50.2,228.9,50.2,5.2,1200.0,910.0,76.0,40.0,84.0,91.0,3739
2022-07-29T23:29:21.000000+00:00,236.5,50.2,236.5,50.2,228.9,50.2,5.2,1190.0,890.0,75.0,40.0,84.0,91.0,3600
2022-07-29T23:30:21.000000+00:00,235.8,50.1,235.1,50.1,228.9,50.1,5.2,1180.0,870.0,74.0,40.0,84.0,91.0,3787
2022-07-29T23:31:21.000000+00:00,239.7,50.2,239.7,50.2,228.9,50.2,5.2,1190.0,900.0,76.0,40.0,84.0,91.0,3787
2022-07-29T23:32:21.000000+00:00,239.9,50.1,239.9,50.1,228.9,50.1,5.2,1200.0,890.0,74.0,40.0,84.0,91.0,3788
2022-07-29T23:33:21.000000+00:00,238.9,50.1,238.9,50.1,228.9,50.1,5.3,1200.0,900.0,75.0,40.0,84.0,91.0,3601
2022-07-29T23:34:21.000000+00:00,238.1,50.1,239.1,50.1,228.9,50.1,5.3,1210.0,910.0,75.0,40.0,84.0,91.0,3601
2022-07-29T23:35:21.000000+00:00,238.8,50.1,238.9,50.2,228.9,50.2,5.2,1190.0,880.0,74.0,39.0,84.0,91.0,3788
2022-07-29T23:36:21.000000+00:00,239.4,50.2,239.4,50.2,228.9,50.2,5.3,1200.0,910.0,76.0,40.0,84.0,91.0,3601
2022-07-29T23:37:21.000000+00:00,237.8,50.1,237.5,50.1,228.8,50.1,5.3,1210.0,920.0,76.0,40.0,84.0,91.0,3788
2022-07-29T23:38:21.000000+00:00,238.7,50.2,238.7,50.2,228.9,50.2,5.1,1180.0,870.0,74.0,39.0,84.0,91.0,3602
2022-07-29T23:39:21.000000+00:00,238.8,50.1,238.3,50.1,228.9,50.1,5.2,1200.0,900.0,75.0,40.0,83.9,91.0,3558
2022-07-29T23:40:21.000000+00:00,237.8,50.0,237.8,50.0,228.9,50.0,5.3,1210.0,900.0,74.0,40.0,83.9,91.0,3789
2022-07-29T23:41:22.000000+00:00,238.2,49.9,237.2,49.9,228.9,49.9,5.3,1200.0,890.0,74.0,40.0,83.9,91.0,3602
2022-07-29T23:42:22.000000+00:00,236.9,49.9,236.9,49.9,228.9,49.9,5.3,1210.0,900.0,74.0,41.0,83.8,91.0,3602
2022-07-29T23:43:22.000000+00:00,236.7,49.9,236.7,49.9,228.9,49.9,5.2,1200.0,880.0,73.0,40.0,83.9,91.0,3789
2022-07-29T23:44:22.000000+00:00,236.2,49.9,236.2,49.9,228.9,49.9,5.3,1230.0,920.0,75.0,40.0,83.8,91.0,3602
2022-07-29T23:45:22.000000+00:00,235.8,49.8,235.3,49.8,228.9,49.8,5.3,1210.0,880.0,73.0,41.0,83.8,91.0,3558
2022-07-29T23:46:22.000000+00:00,239.4,49.8,239.5,49.8,228.9,49.8,5.3,1210.0,890.0,74.0,40.0,83.8,91.0,3789
2022-07-29T23:47:22.000000+00:00,239.4,49.8,239.4,49.8,228.9,49.8,5.3,1210.0,890.0,74.0,40.0,83.8,91.0,3559
2022-07-29T23:48:22.000000+00:00,242.4,49.7,242.4,49.7,228.9,49.7,5.3,1210.0,880.0,73.0,41.0,83.8,91.0,3741
2022-07-29T23:49:22.000000+00:00,243.3,49.8,242.8,49.8,228.9,49.8,5.3,1220.0,900.0,74.0,40.0,83.9,91.0,3742
2022-07-29T23:50:22.000000+00:00,240.2,50.0,240.6,50.0,228.9,50.0,5.2,1190.0,870.0,73.0,40.0,83.9,91.0,3742
2022-07-29T23:51:22.000000+00:00,242.3,50.2,242.3,50.2,228.9,50.2,5.2,1190.0,890.0,75.0,40.0,83.9,91.0,3695
2022-07-29T23:52:22.000000+00:00,241.4,50.1,242.5,50.1,228.9,50.1,5.2,1190.0,890.0,75.0,40.0,83.9,91.0,3742
2022-07-29T23:53:22.000000+00:00,242.1,50.1,242.1,50.1,228.9,50.1,5.2,1200.0,890.0,74.0,40.0,83.9,91.0,3559
2022-07-29T23:54:22.000000+00:00,242.5,50.0,242.5,50.0,228.9,50.0,5.3,1200.0,890.0,74.0,40.0,83.9,91.0,3604
2022-07-29T23:55:22.000000+00:00,241.3,50.0,241.3,50.0,228.9,50.0,5.3,1210.0,900.0,74.0,40.0,83.9,91.0,3791
2022-07-29T23:56:22.000000+00:00,243.0,50.0,242.1,50.0,228.9,50.0,5.2,1200.0,890.0,74.0,40.0,83.9,91.0,3604
2022-07-29T23:57:22.000000+00:00,239.8,50.1,239.8,50.1,228.9,50.1,5.2,1190.0,890.0,75.0,40.0,84.0,91.0,3604
2022-07-29T23:58:22.000000+00:00,240.7,50.3,240.7,50.3,228.9,50.3,5.1,1170.0,870.0,74.0,39.0,83.9,91.0,3604
2022-07-29T23:59:22.000000+00:00,240.4,50.2,240.4,50.2,228.9,50.2,5.2,1200.0,900.0,75.0,40.0,83.9,91.0,3604
2022-07-30T00:00:22.000000+00:00,239.9,50.0,239.9,50.0,228.9,50.0,5.3,1210.0,900.0,74.0,40.0,83.9,91.0,3604
2022-07-30T00:01:22.000000+00:00,237.7,50.2,237.7,50.2,228.9,50.2,5.3,1200.0,910.0,76.0,40.0,83.9,91.0,3605
2022-07-30T00:02:22.000000+00:00,237.4,50.2,237.0,50.2,228.9,50.2,5.3,1220.0,930.0,76.0,40.0,83.9,91.0,3605
2022-07-30T00:03:22.000000+00:00,236.4,50.1,236.9,50.1,228.9,50.1,5.2,1190.0,880.0,74.0,40.0,83.9,91.0,3605
2022-07-30T00:04:22.000000+00:00,236.5,50.1,236.5,50.1,228.9,50.1,5.3,1210.0,910.0,75.0,41.0,83.9,91.0,3605
2022-07-30T00:05:22.000000+00:00,235.0,49.9,235.0,49.9,228.9,49.9,5.3,1210.0,890.0,74.0,40.0,84.0,91.0,3650
2022-07-30T00:06:22.000000+00:00,239.1,49.9,238.6,49.9,228.9,49.9,5.3,1220.0,910.0,75.0,41.0,83.9,91.0,3650
2022-07-30T00:07:22.000000+00:00,238.0,49.8,238.0,49.8,228.9,49.8,5.4,1230.0,920.0,75.0,41.0,83.9,91.0,3651
2022-07-30T00:08:22.000000+00:00,237.8,49.7,237.8,49.7,228.9,49.8,5.4,1230.0,910.0,74.0,41.0,84.0,91.0,3605
2022-07-30T00:09:22.000000+00:00,237.8,49.8,238.7,49.8,228.9,49.8,5.3,1220.0,910.0,75.0,41.0,83.9,91.0,3606
2022-07-30T00:10:22.000000+00:00,238.3,49.8,238.3,49.8,228.9,49.8,5.4,1230.0,910.0,74.0,41.0,84.0,91.0,3606
2022-07-30T00:11:22.000000+00:00,238.1,49.8,239.1,49.8,228.8,49.8,5.4,1240.0,920.0,74.0,41.0,83.9,91.0,3651
2022-07-30T00:12:22.000000+00:00,238.7,49.9,238.7,49.9,228.9,49.9,5.3,1230.0,920.0,75.0,41.0,83.9,91.0,3651
2022-07-30T00:13:22.000000+00:00,239.3,49.9,239.3,49.9,228.9,49.9,5.3,1210.0,900.0,74.0,40.0,84.0,91.0,3651
2022-07-30T00:14:22.000000+00:00,238.2,49.8,239.1,49.8,228.9,49.8,5.4,1240.0,920.0,74.0,41.0,84.0,91.0,3606
2022-07-30T00:15:22.000000+00:00,238.8,49.8,239.4,49.8,228.9,49.8,5.4,1230.0,920.0,75.0,41.0,84.1,91.0,3606
2022-07-30T00:16:22.000000+00:00,239.2,49.8,239.2,49.8,228.9,49.8,5.3,1210.0,890.0,74.0,41.0,84.0,91.0,3606
2022-07-30T00:17:22.000000+00:00,240.6,50.0,239.7,50.0,228.9,50.0,5.3,1210.0,900.0,74.0,40.0,84.1,91.0,3607
2022-07-30T00:18:22.000000+00:00,239.7,49.9,239.7,49.9,228.9,49.9,5.3,1220.0,910.0,75.0,41.0,84.1,91.0,3607
2022-07-30T00:19:22.000000+00:00,240.8,50.1,240.8,50.1,228.9,50.1,5.3,1200.0,890.0,74.0,40.0,84.1,91.0,3607
2022-07-30T00:20:22.000000+00:00,241.1,50.2,240.7,50.2,228.9,50.2,5.2,1200.0,890.0,74.0,40.0,84.1,91.0,3607
2022-07-30T00:21:22.000000+00:00,240.6,50.1,240.7,50.1,228.9,50.1,5.2,1200.0,890.0,74.0,40.0,84.0,91.0,3794
2022-07-30T00:22:22.000000+00:00,241.0,50.1,240.5,50.1,228.9,50.1,5.2,1200.0,900.0,75.0,40.0,84.0,91.0,3746
2022-07-30T00:23:22.000000+00:00,240.4,49.9,240.4,49.9,228.9,49.9,5.3,1210.0,900.0,74.0,41.0,84.0,91.0,3563
2022-07-30T00:24:22.000000+00:00,239.4,49.9,239.4,49.9,228.9,49.9,5.3,1220.0,910.0,75.0,40.0,84.0,91.0,3563
2022-07-30T00:25:22.000000+00:00,239.9,49.8,240.0,49.8,228.9,49.8,5.3,1210.0,890.0,74.0,40.0,84.0,91.0,3795
2022-07-30T00:26:22.000000+00:00,240.2,49.9,240.7,49.9,228.9,49.9,5.3,1200.0,890.0,74.0,40.0,84.0,91.0,3608
2022-07-30T00:27:22.000000+00:00,241.8,50.1,241.8,50.1,228.9,50.1,5.2,1190.0,890.0,75.0,40.0,84.0,91.0,3795
2022-07-30T00:28:22.000000+00:00,240.2,49.8,240.2,49.9,228.9,49.8,5.3,1210.0,900.0,74.0,40.0,84.0,91.0,3608
2022-07-30T00:29:22.000000+00:00,240.2,50.1,241.3,50.1,228.9,50.1,5.2,1200.0,890.0,74.0,40.0,84.1,91.0,3564
2022-07-30T00:30:22.000000+00:00,239.8,49.9,239.8,49.9,228.9,49.9,5.3,1210.0,900.0,74.0,41.0,84.1,91.0,3747
2022-07-30T00:31:22.000000+00:00,240.3,50.0,240.3,50.0,228.9,50.0,5.3,1210.0,900.0,74.0,40.0,84.1,91.0,3564
2022-07-30T00:32:22.000000+00:00,241.2,50.0,240.7,50.0,228.9,50.0,5.4,1230.0,930.0,76.0,40.0,84.1,91.0,3564
2022-07-30T00:33:22.000000+00:00,241.4,50.1,241.4,50.1,228.9,50.1,5.2,1190.0,890.0,75.0,40.0,84.1,91.0,3564
2022-07-30T00:34:22.000000+00:00,240.5,49.9,240.5,49.9,228.9,49.9,5.3,1220.0,910.0,75.0,41.0,84.1,91.0,3564
2022-07-30T00:35:22.000000+00:00,240.7,50.0,240.7,50.0,228.9,50.0,5.2,1190.0,870.0,73.0,40.0,84.1,91.0,3748
2022-07-30T00:36:22.000000+00:00,241.0,50.0,241.0,50.0,228.9,50.0,5.3,1210.0,900.0,74.0,41.0,84.1,91.0,3701
2022-07-30T00:37:22.000000+00:00,240.8,50.0,240.8,50.0,228.9,50.0,5.3,1210.0,900.0,74.0,40.0,84.1,91.0,3701
2022-07-30T00:38:22.000000+00:00,239.7,50.0,240.2,50.0,228.9,50.0,5.2,1200.0,890.0,74.0,40.0,84.1,91.0,3701
2022-07-30T00:39:22.000000+00:00,239.8,49.8,239.0,49.8,228.9,49.8,5.3,1210.0,900.0,74.0,41.0,84.1,91.0,3522
2022-07-30T00:40:22.000000+00:00,240.0,49.8,239.1,49.8,228.9,49.8,5.3,1200.0,880.0,73.0,40.0,84.1,91.0,3701
2022-07-30T00:41:22.000000+00:00,239.4,49.8,239.4,49.8,228.9,49.8,5.3,1230.0,920.0,75.0,41.0,84.1,91.0,3748
2022-07-30T00:42:22.000000+00:00,240.7,49.9,240.1,49.9,228.9,49.9,5.3,1210.0,890.0,74.0,40.0,84.1,91.0,3749
2022-07-30T00:43:22.000000+00:00,239.7,50.0,240.1,50.0,228.9,50.0,5.3,1200.0,890.0,74.0,40.0,84.1,91.0,3566
2022-07-30T00:44:22.000000+00:00,240.0,49.9,240.0,49.9,228.9,49.9,5.3,1210.0,890.0,74.0,40.0,84.1,91.0,3566
2022-07-30T00:45:22.000000+00:00,240.5,50.0,240.5,50.0,228.9,50.0,5.3,1210.0,890.0,74.0,40.0,84.1,91.0,3797
2022-07-30T00:46:22.000000+00:00,239.9,50.1,240.9,50.1,228.9,50.1,5.3,1200.0,890.0,74.0,40.0,84.1,91.0,3566
2022-07-30T00:47:22.000000+00:00,240.5,50.1,241.0,50.1,228.9,50.1,5.3,1200.0,900.0,75.0,40.0,84.1,91.0,3798
2022-07-30T00:48:22.000000+00:00,242.3,50.2,241.3,50.2,228.9,50.2,5.2,1190.0,900.0,76.0,40.0,84.1,91.0,3611
2022-07-30T00:49:23.000000+00:00,242.0,50.2,242.0,50.2,228.9,50.2,5.2,1200.0,890.0,74.0,40.0,84.1,91.0,3611
2022-07-30T00:50:23.000000+00:00,241.9,50.2,241.4,50.2,228.9,50.2,5.1,1180.0,870.0,74.0,39.0,84.1,91.0,3611
2022-07-30T00:51:23.000000+00:00,241.9,50.3,242.5,50.3,228.9,50.3,5.3,1200.0,910.0,76.0,40.0,84.1,91.0,3611
2022-07-30T00:52:23.000000+00:00,242.2,50.2,242.2,50.2,228.9,50.2,5.2,1190.0,890.0,75.0,40.0,84.0,91.0,3611
2022-07-30T00:53:23.000000+00:00,241.8,50.3,241.8,50.3,228.9,50.3,5.2,1200.0,910.0,76.0,40.0,83.9,91.0,3611
2022-07-30T00:54:23.000000+00:00,240.8,50.2,240.8,50.2,228.9,50.2,5.2,1200.0,900.0,75.0,40.0,83.9,91.0,3567
2022-07-30T00:55:23.000000+00:00,241.8,50.2,241.2,50.2,228.9,50.2,5.1,1180.0,870.0,74.0,40.0,83.9,91.0,3799
2022-07-30T00:56:23.000000+00:00,241.5,50.3,241.5,50.3,228.9,50.3,5.2,1200.0,910.0,76.0,40.0,83.9,91.0,3612
2022-07-30T00:57:23.000000+00:00,242.1,50.3,242.1,50.3,228.9,50.3,5.2,1180.0,890.0,75.0,40.0,83.9,91.0,3751
2022-07-30T00:58:23.000000+00:00,241.7,50.3,241.2,50.3,228.9,50.3,5.1,1180.0,870.0,74.0,39.0,83.9,91.0,3568
2022-07-30T00:59:23.000000+00:00,241.2,50.3,241.6,50.3,228.9,50.3,5.2,1190.0,890.0,75.0,40.0,83.9,91.0,3568
2022-07-30T01:00:23.000000+00:00,242.2,50.3,242.2,50.3,228.9,50.3,5.2,1180.0,890.0,75.0,39.0,84.0,91.0,3799
2022-07-30T01:01:23.000000+00:00,241.3,50.4,241.3,50.4,228.9,50.4,5.1,1180.0,880.0,75.0,39.0,83.9,91.0,3751
2022-07-30T01:02:23.000000+00:00,240.3,50.1,240.3,50.1,228.8,50.1,5.3,1200.0,900.0,75.0,40.0,84.0,91.0,3751
2022-07-30T01:03:23.000000+00:00,241.3,50.2,241.3,50.2,228.9,50.2,5.1,1180.0,870.0,74.0,40.0,84.0,91.0,3751
2022-07-30T01:04:23.000000+00:00,241.1,50.1,241.1,50.1,228.9,50.1,5.2,1200.0,900.0,75.0,40.0,84.0,91.0,3568
2022-07-30T01:05:23.000000+00:00,239.9,50.0,239.9,50.0,228.9,50.0,5.2,1190.0,870.0,73.0,40.0,84.0,91.0,3752
2022-07-30T01:06:23.000000+00:00,241.0,50.1,241.3,50.1,228.9,50.1,5.2,1200.0,900.0,75.0,40.0,84.0,91.0,3568
2022-07-30T01:07:23.000000+00:00,240.6,50.1,241.2,50.1,228.9,50.1,5.2,1200.0,890.0,74.0,40.0,84.0,91.0,3569
2022-07-30T01:08:23.000000+00:00,240.8,50.1,240.8,50.1,228.9,50.1,5.2,1200.0,890.0,74.0,40.0,84.0,91.0,3800
2022-07-30T01:09:23.000000+00:00,240.3,50.1,240.3,50.1,228.9,50.1,5.2,1190.0,890.0,75.0,40.0,84.0,91.0,3705
2022-07-30T01:10:23.000000+00:00,240.7,50.0,240.7,50.0,228.9,50.0,5.2,1200.0,880.0,73.0,40.0,84.0,91.0,3705
2022-07-30T01:11:23.000000+00:00,240.0,49.9,240.0,49.9,228.9,49.9,5.2,1200.0,870.0,72.0,40.0,84.1,91.0,3705
2022-07-30T01:12:23.000000+00:00,240.1,50.0,240.0,50.0,228.9,50.0,5.3,1220.0,910.0,75.0,40.0,84.0,91.0,3705
2022-07-30T01:13:23.000000+00:00,241.3,50.1,240.4,50.1,228.9,50.1,5.2,1200.0,890.0,74.0,40.0,84.1,91.0,3705
2022-07-30T01:14:23.000000+00:00,241.9,50.1,241.9,50.1,228.9,50.1,5.3,1220.0,920.0,75.0,40.0,84.0,91.0,3705
2022-07-30T01:15:23.000000+00:00,242.0,50.1,242.0,50.1,228.9,50.1,5.2,1200.0,900.0,75.0,40.0,84.0,91.0,3706
2022-07-30T01:16:23.000000+00:00,240.9,50.0,240.9,50.0,228.9,50.0,5.2,1190.0,870.0,73.0,40.0,84.1,91.0,3706
2022-07-30T01:17:23.000000+00:00,239.4,49.9,239.4,49.9,228.9,49.9,5.3,1210.0,900.0,74.0,40.0,84.0,91.0,3706
2022-07-30T01:18:23.000000+00:00,240.1,49.9,240.1,49.9,228.9,49.9,5.3,1210.0,900.0,74.0,41.0,84.0,91.0,3706
2022-07-30T01:19:23.000000+00:00,240.2,50.0,240.2,50.0,228.9,50.0,5.3,1210.0,900.0,74.0,40.0,84.1,91.0,3706
2022-07-30T01:20:23.000000+00:00,240.2,50.1,240.2,50.1,228.9,50.1,5.2,1190.0,890.0,75.0,40.0,84.0,91.0,3706
2022-07-30T01:21:23.000000+00:00,240.7,49.9,240.3,50.0,228.9,50.0,5.3,1210.0,900.0,74.0,40.0,84.1,91.0,3706
2022-07-30T01:22:23.000000+00:00,239.9,49.9,239.4,49.9,228.9,49.9,5.3,1200.0,890.0,74.0,40.0,84.0,91.0,3707
2022-07-30T01:23:23.000000+00:00,241.0,50.1,241.0,50.1,228.9,50.1,5.3,1210.0,910.0,75.0,40.0,84.1,91.0,3707
2022-07-30T01:24:23.000000+00:00,240.2,50.1,240.2,50.1,228.9,50.1,5.2,1200.0,890.0,74.0,40.0,84.1,91.0,3707
2022-07-30T01:25:23.000000+00:00,240.2,50.0,240.2,50.0,228.9,50.0,5.3,1220.0,910.0,75.0,41.0,84.0,91.0,3707
2022-07-30T01:26:23.000000+00:00,240.7,50.0,240.1,50.0,228.9,50.0,5.2,1200.0,890.0,74.0,40.0,84.1,92.0,3707
2022-07-30T01:27:23.000000+00:00,239.7,49.9,239.7,49.9,228.9,49.9,5.3,1220.0,910.0,75.0,41.0,84.1,92.0,3707
2022-07-30T01:28:23.000000+00:00,240.3,49.9,239.4,49.9,228.9,49.9,5.3,1210.0,900.0,74.0,40.0,84.1,92.0,3528
2022-07-30T01:29:23.000000+00:00,240.0,49.9,239.9,49.9,228.9,49.9,5.3,1220.0,900.0,74.0,41.0,84.2,92.0,3707
2022-07-30T01:30:23.000000+00:00,239.6,49.9,240.6,49.9,228.9,49.9,5.3,1210.0,910.0,75.0,40.0,84.2,92.0,3708
2022-07-30T01:31:23.000000+00:00,240.4,50.0,239.5,50.0,228.9,50.0,5.3,1220.0,920.0,75.0,40.0,84.1,92.0,3708
2022-07-30T01:32:23.000000+00:00,239.8,50.1,239.8,50.1,228.9,50.1,5.2,1200.0,900.0,75.0,40.0,84.2,92.0,3708
2022-07-30T01:33:23.000000+00:00,239.9,50.0,240.6,50.0,228.9,50.0,5.3,1210.0,910.0,75.0,40.0,84.2,92.0,3708
2022-07-30T01:34:23.000000+00:00,239.4,50.0,239.9,50.0,228.9,50.0,5.2,1190.0,870.0,73.0,40.0,84.2,92.0,3708
2022-07-30T01:35:23.000000+00:00,239.3,50.0,239.4,50.0,228.9,50.0,5.3,1200.0,890.0,74.0,40.0,84.2,92.0,3708
2022-07-30T01:36:23.000000+00:00,240.1,50.0,240.0,50.0,228.9,50.0,5.2,1200.0,890.0,74.0,40.0,84.1,92.0,3708
2022-07-30T01:37:23.000000+00:00,240.4,50.0,240.4,50.0,228.9,50.0,5.2,1190.0,870.0,73.0,40.0,84.1,92.0,3709
2022-07-30T01:38:23.000000+00:00,240.2,50.1,240.8,50.1,228.9,50.1,5.2,1200.0,890.0,74.0,40.0,84.1,92.0,3709
2022-07-30T01:39:23.000000+00:00,240.2,50.0,240.2,50.0,228.9,50.0,5.2,1200.0,890.0,74.0,40.0,84.1,92.0,3709
2022-07-30T01:40:23.000000+00:00,238.9,49.8,239.3,49.8,228.9,49.8,5.3,1220.0,910.0,75.0,41.0,84.1,92.0,3709
2022-07-30T01:41:23.000000+00:00,240.1,50.0,240.1,50.0,228.9,50.0,5.3,1200.0,890.0,74.0,40.0,84.1,92.0,3709
2022-07-30T01:42:23.000000+00:00,239.4,49.9,239.3,49.9,228.9,49.9,5.2,1200.0,880.0,73.0,40.0,84.1,92.0,3709
2022-07-30T01:43:23.000000+00:00,238.9,49.8,239.4,49.8,228.9,49.8,5.3,1220.0,900.0,74.0,41.0,84.1,92.0,3709
2022-07-30T01:44:23.000000+00:00,239.3,49.9,240.3,49.9,228.9,49.9,5.2,1190.0,870.0,73.0,40.0,84.0,92.0,3709
2022-07-30T01:45:23.000000+00:00,239.8,50.0,239.7,50.0,228.9,50.0,5.3,1210.0,910.0,75.0,40.0,84.0,92.0,3710
2022-07-30T01:46:23.000000+00:00,240.0,50.1,240.9,50.1,228.9,50.1,5.3,1200.0,900.0,75.0,40.0,84.0,92.0,3710
2022-07-30T01:47:23.000000+00:00,238.5,49.8,238.5,49.8,228.9,49.8,5.3,1210.0,890.0,74.0,40.0,84.0,92.0,3710
2022-07-30T01:48:23.000000+00:00,239.1,49.9,239.1,49.9,228.9,49.9,5.3,1210.0,890.0,74.0,40.0,84.0,92.0,3710
2022-07-30T01:49:23.000000+00:00,238.8,49.9,238.8,49.9,228.9,49.9,5.2,1200.0,880.0,73.0,41.0,84.0,92.0,3710
2022-07-30T01:50:23.000000+00:00,239.7,49.9,238.8,49.9,228.9,49.9,5.3,1200.0,880.0,73.0,40.0,84.0,92.0,3710
2022-07-30T01:51:24.000000+00:00,238.8,49.8,238.8,49.8,228.9,49.8,5.3,1220.0,900.0,74.0,41.0,84.1,92.0,3710
2022-07-30T01:52:24.000000+00:00,239.6,49.9,238.6,49.9,228.9,49.9,5.3,1210.0,900.0,74.0,40.0,84.1,92.0,3710
2022-07-30T01:53:24.000000+00:00,238.3,49.8,238.3,49.8,228.9,49.8,5.3,1210.0,890.0,74.0,41.0,84.1,92.0,3711
2022-07-30T01:54:24.000000+00:00,238.1,49.9,238.1,49.9,228.9,49.9,5.3,1210.0,900.0,74.0,40.0,84.2,92.0,3575
2022-07-30T01:55:24.000000+00:00,238.5,50.0,239.5,50.0,228.9,50.0,5.2,1190.0,870.0,73.0,40.0,84.2,92.0,3711
2022-07-30T01:56:24.000000+00:00,237.8,49.9,237.8,49.9,228.9,49.9,5.3,1210.0,900.0,74.0,40.0,84.2,92.0,3711
2022-07-30T01:57:24.000000+00:00,238.6,49.8,238.1,49.8,228.9,49.8,5.3,1210.0,900.0,74.0,41.0,84.2,92.0,3711
2022-07-30T01:58:24.000000+00:00,236.7,49.7,236.4,49.7,228.9,49.7,5.3,1220.0,900.0,74.0,41.0,84.2,92.0,3711
2022-07-30T01:59:24.000000+00:00,236.5,49.8,236.5,49.8,228.8,49.8,5.4,1230.0,920.0,75.0,41.0,84.2,92.0,3711
2022-07-30T02:00:24.000000+00:00,236.0,49.8,237.0,49.8,228.9,49.8,5.3,1210.0,880.0,73.0,40.0,84.2,92.0,3712
2022-07-30T02:01:24.000000+00:00,237.3,50.0,237.2,50.0,228.9,50.0,5.3,1210.0,910.0,75.0,41.0,84.2,92.0,3712
2022-07-30T02:02:24.000000+00:00,236.9,50.0,236.9,50.0,228.9,50.0,5.3,1200.0,890.0,74.0,40.0,84.2,92.0,3712
2022-07-30T02:03:24.000000+00:00,236.4,50.1,236.4,50.1,228.9,50.1,5.3,1210.0,910.0,75.0,41.0,84.3,92.0,3712
2022-07-30T02:04:24.000000+00:00,237.3,50.1,236.8,50.1,228.9,50.1,5.3,1200.0,900.0,75.0,40.0,84.2,92.0,3712
2022-07-30T02:05:24.000000+00:00,237.3,50.1,237.4,50.1,228.9,50.1,5.2,1180.0,870.0,74.0,40.0,84.2,92.0,3712
2022-07-30T02:06:24.000000+00:00,236.9,50.0,236.9,50.0,228.9,50.0,5.3,1210.0,900.0,74.0,40.0,84.3,92.0,3712
2022-07-30T02:07:24.000000+00:00,237.6,50.1,237.6,50.1,228.9,50.1,5.2,1180.0,870.0,74.0,40.0,84.3,92.0,3712
2022-07-30T02:08:24.000000+00:00,237.6,50.1,237.6,50.1,228.9,50.0,5.2,1200.0,890.0,74.0,40.0,84.3,92.0,3713
2022-07-30T02:09:24.000000+00:00,235.8,49.9,236.3,50.0,228.9,50.0,5.3,1210.0,890.0,74.0,40.0,84.3,92.0,3713
2022-07-30T02:10:24.000000+00:00,234.7,49.9,235.3,49.9,228.9,49.9,5.2,1190.0,870.0,73.0,40.0,84.3,92.0,3713
2022-07-30T02:11:24.000000+00:00,235.0,49.9,234.5,49.9,228.9,49.9,5.3,1210.0,900.0,74.0,40.0,84.3,92.0,3713
2022-07-30T02:12:24.000000+00:00,239.5,50.0,239.5,50.0,228.9,50.0,5.3,1200.0,890.0,74.0,40.0,84.2,92.0,3713
2022-07-30T02:13:24.000000+00:00,239.4,50.1,238.9,50.1,228.9,50.1,5.2,1200.0,890.0,74.0,40.0,84.3,92.0,3713
2022-07-30T02:14:24.000000+00:00,239.7,50.1,239.7,50.1,228.9,50.1,5.3,1200.0,900.0,75.0,40.0,84.2,92.0,3713
2022-07-30T02:15:24.000000+00:00,238.3,50.0,238.4,50.0,228.9,50.0,5.2,1190.0,870.0,73.0,40.0,84.2,92.0,3761
2022-07-30T02:16:24.000000+00:00,239.4,50.1,239.4,50.1,228.9,50.1,5.2,1200.0,890.0,74.0,40.0,84.3,92.0,3577
2022-07-30T02:17:24.000000+00:00,237.6,49.9,237.6,49.9,228.9,49.9,5.3,1210.0,890.0,74.0,41.0,84.3,92.0,3761
2022-07-30T02:18:24.000000+00:00,238.0,50.0,238.0,50.0,228.9,50.0,5.3,1210.0,900.0,74.0,40.0,84.2,92.0,3578
2022-07-30T02:19:24.000000+00:00,237.6,50.0,237.6,50.0,228.9,50.0,5.3,1210.0,900.0,74.0,40.0,84.3,92.0,3622
2022-07-30T02:20:24.000000+00:00,237.9,50.0,237.8,50.0,228.9,50.0,5.2,1190.0,870.0,73.0,40.0,84.3,92.0,3810
2022-07-30T02:21:24.000000+00:00,238.7,49.9,238.2,49.9,228.9,49.9,5.3,1220.0,920.0,75.0,40.0,84.2,92.0,3622
2022-07-30T02:22:24.000000+00:00,239.2,50.0,239.1,50.0,228.9,50.0,5.3,1210.0,900.0,74.0,40.0,84.3,92.0,3810
2022-07-30T02:23:24.000000+00:00,237.3,49.8,237.3,49.8,228.9,49.8,5.3,1230.0,920.0,75.0,41.0,84.3,92.0,3623
2022-07-30T02:24:24.000000+00:00,237.2,49.9,237.2,49.9,228.9,49.9,5.3,1210.0,900.0,74.0,40.0,84.3,92.0,3623
2022-07-30T02:25:24.000000+00:00,238.1,49.8,238.1,49.8,228.9,49.8,5.2,1200.0,870.0,72.0,40.0,84.3,92.0,3623
2022-07-30T02:26:24.000000+00:00,238.2,49.9,238.3,49.9,228.9,49.9,5.3,1210.0,900.0,74.0,41.0,84.3,92.0,3623
2022-07-30T02:27:24.000000+00:00,237.9,49.8,237.8,49.8,228.9,49.8,5.3,1230.0,910.0,74.0,41.0,84.3,92.0,3811
2022-07-30T02:28:24.000000+00:00,236.3,49.8,236.7,49.8,228.9,49.8,5.3,1220.0,900.0,74.0,41.0,84.3,92.0,3623
2022-07-30T02:29:24.000000+00:00,237.1,49.8,236.2,49.8,228.9,49.8,5.3,1210.0,890.0,74.0,41.0,84.3,92.0,3623
2022-07-30T02:30:24.000000+00:00,236.3,49.8,236.3,49.8,228.9,49.8,5.3,1210.0,880.0,73.0,41.0,84.3,92.0,3811
2022-07-30T02:31:24.000000+00:00,236.1,49.8,236.1,49.8,228.9,49.8,5.3,1220.0,910.0,75.0,41.0,84.2,92.0,3624
2022-07-30T02:32:24.000000+00:00,235.9,49.8,235.9,49.8,228.9,49.8,5.3,1210.0,890.0,74.0,41.0,84.3,92.0,3624
2022-07-30T02:33:24.000000+00:00,235.2,49.9,235.2,49.9,228.9,49.9,5.3,1220.0,900.0,74.0,41.0,84.3,92.0,3624
2022-07-30T02:34:24.000000+00:00,235.6,50.0,235.6,50.0,228.9,50.0,5.3,1210.0,900.0,74.0,40.0,84.3,92.0,3580
2022-07-30T02:35:24.000000+00:00,235.5,49.9,235.5,49.9,228.9,49.9,5.3,1210.0,900.0,74.0,40.0,84.3,92.0,3764
2022-07-30T02:36:24.000000+00:00,235.7,50.0,235.7,50.0,228.9,50.0,5.3,1200.0,900.0,75.0,40.0,84.3,92.0,3580
2022-07-30T02:37:24.000000+00:00,235.6,49.9,235.7,49.9,228.8,49.9,5.4,1230.0,930.0,76.0,41.0,84.2,92.0,3764
2022-07-30T02:38:24.000000+00:00,235.1,50.1,235.1,50.1,228.9,50.1,5.3,1200.0,890.0,74.0,40.0,84.3,92.0,3580
2022-07-30T02:39:24.000000+00:00,235.8,50.3,235.8,50.3,228.9,50.3,5.2,1190.0,900.0,76.0,40.0,84.2,92.0,3580
2022-07-30T02:40:24.000000+00:00,236.4,50.2,235.4,50.2,228.9,50.2,5.2,1190.0,890.0,75.0,39.0,84.3,92.0,3813
2022-07-30T02:41:24.000000+00:00,235.8,50.1,235.9,50.1,228.9,50.1,5.3,1200.0,910.0,76.0,40.0,84.3,92.0,3625
2022-07-30T02:42:24.000000+00:00,235.0,50.2,236.0,50.2,228.9,50.2,5.2,1190.0,890.0,75.0,40.0,84.3,92.0,3813
2022-07-30T02:43:24.000000+00:00,235.5,50.1,236.2,50.1,228.9,50.1,5.3,1210.0,910.0,75.0,40.0,84.3,92.0,3625
2022-07-30T02:44:24.000000+00:00,236.1,50.1,236.1,50.1,228.9,50.1,5.2,1190.0,890.0,75.0,40.0,84.3,92.0,3625
2022-07-30T02:45:24.000000+00:00,235.9,50.2,235.9,50.2,228.9,50.2,5.2,1180.0,870.0,74.0,39.0,84.3,92.0,3625
2022-07-30T02:46:24.000000+00:00,234.3,50.0,234.3,50.0,228.9,50.0,5.3,1210.0,900.0,74.0,40.0,84.3,92.0,3626
2022-07-30T02:47:24.000000+00:00,234.7,50.1,234.7,50.1,228.9,50.1,5.3,1200.0,900.0,75.0,40.0,84.3,92.0,3814
2022-07-30T02:48:24.000000+00:00,234.2,50.0,234.2,50.0,228.9,50.0,5.3,1200.0,890.0,74.0,40.0,84.3,92.0,3626
2022-07-30T02:49:24.000000+00:00,238.1,49.9,238.1,49.9,228.9,49.9,5.3,1210.0,900.0,74.0,40.0,84.3,92.0,3626
2022-07-30T02:50:24.000000+00:00,238.1,50.0,238.1,50.0,228.9,50.0,5.2,1200.0,880.0,73.0,40.0,84.3,92.0,3626
2022-07-30T02:51:24.000000+00:00,238.7,50.0,238.7,50.0,228.9,50.0,5.3,1200.0,900.0,75.0,40.0,84.3,92.0,3814
2022-07-30T02:52:24.000000+00:00,237.5,50.0,237.5,50.0,228.9,50.0,5.3,1210.0,900.0,74.0,40.0,84.3,92.0,3814
2022-07-30T02:53:24.000000+00:00,238.1,50.0,238.1,50.0,228.9,50.0,5.3,1200.0,900.0,75.0,41.0,84.3,92.0,3626
2022-07-30T02:54:24.000000+00:00,237.4,50.0,237.4,50.0,228.9,50.0,5.3,1200.0,890.0,74.0,40.0,84.3,92.0,3582
2022-07-30T02:55:24.000000+00:00,238.3,50.1,237.8,50.1,228.9,50.1,5.2,1190.0,890.0,75.0,39.0,84.3,92.0,3815
2022-07-30T02:56:25.000000+00:00,237.2,50.0,238.2,50.0,228.9,50.0,5.3,1210.0,900.0,74.0,40.0,84.3,92.0,3582
2022-07-30T02:57:25.000000+00:00,237.5,50.1,237.5,50.1,228.9,50.1,5.3,1220.0,920.0,75.0,40.0,84.3,92.0,3766
2022-07-30T02:58:25.000000+00:00,239.1,50.3,239.1,50.3,228.9,50.3,5.2,1190.0,890.0,75.0,40.0,84.3,92.0,3583
2022-07-30T02:59:25.000000+00:00,239.7,50.2,239.6,50.2,228.9,50.2,5.2,1190.0,890.0,75.0,40.0,84.3,92.0,3583
2022-07-30T03:00:25.000000+00:00,237.6,50.1,237.6,50.1,228.9,50.1,5.2,1180.0,870.0,74.0,40.0,84.3,92.0,3767
2022-07-30T03:01:25.000000+00:00,238.0,50.1,238.0,50.1,228.9,50.1,5.2,1190.0,890.0,75.0,40.0,84.3,92.0,3767
2022-07-30T03:02:25.000000+00:00,237.2,50.0,237.2,50.0,228.9,50.0,5.3,1210.0,900.0,74.0,40.0,84.3,92.0,3628
2022-07-30T03:03:25.000000+00:00,236.9,49.9,237.0,49.9,228.9,49.9,5.3,1210.0,910.0,75.0,41.0,84.3,92.0,3628
2022-07-30T03:04:25.000000+00:00,237.1,50.0,237.5,50.0,228.9,50.0,5.4,1230.0,930.0,76.0,40.0,84.3,92.0,3583
2022-07-30T03:05:25.000000+00:00,235.3,49.8,235.3,49.8,228.9,49.8,5.3,1210.0,880.0,73.0,40.0,84.3,92.0,3768
2022-07-30T03:06:25.000000+00:00,234.0,49.8,234.0,49.8,228.9,49.8,5.3,1220.0,900.0,74.0,40.0,84.3,92.0,3584
2022-07-30T03:07:25.000000+00:00,237.4,49.8,237.4,49.8,228.9,49.8,5.4,1230.0,920.0,75.0,41.0,84.3,92.0,3584
2022-07-30T03:08:25.000000+00:00,236.6,49.7,236.6,49.7,228.9,49.7,5.3,1210.0,880.0,73.0,40.0,84.3,92.0,3768
2022-07-30T03:09:25.000000+00:00,238.1,49.8,238.1,49.8,228.9,49.8,5.3,1220.0,910.0,75.0,41.0,84.3,92.0,3584
2022-07-30T03:10:25.000000+00:00,238.3,49.9,238.3,49.9,228.9,49.9,5.2,1200.0,880.0,73.0,40.0,84.3,92.0,3768
2022-07-30T03:11:25.000000+00:00,238.5,49.8,238.5,49.8,228.9,49.8,5.4,1230.0,920.0,75.0,41.0,84.3,92.0,3584
2022-07-30T03:12:25.000000+00:00,238.6,49.7,238.5,49.7,228.9,49.7,5.3,1220.0,900.0,74.0,41.0,84.3,92.0,3584
2022-07-30T03:13:25.000000+00:00,239.2,49.7,239.2,49.7,228.9,49.7,5.3,1210.0,890.0,74.0,41.0,84.3,92.0,3769
2022-07-30T03:14:25.000000+00:00,239.2,49.8,239.8,49.8,228.9,49.8,5.3,1220.0,910.0,75.0,41.0,84.3,92.0,3585
2022-07-30T03:15:25.000000+00:00,237.9,49.7,238.3,49.7,228.9,49.7,5.3,1220.0,890.0,73.0,40.0,84.3,92.0,3769
2022-07-30T03:16:25.000000+00:00,238.9,49.6,238.9,49.6,228.9,49.6,5.4,1240.0,920.0,74.0,41.0,84.3,92.0,3585
2022-07-30T03:17:25.000000+00:00,242.7,50.0,243.2,50.0,228.9,50.0,5.3,1200.0,890.0,74.0,40.0,84.3,92.0,3585
2022-07-30T03:18:25.000000+00:00,241.4,50.1,241.4,50.1,228.9,50.1,5.2,1190.0,880.0,74.0,40.0,84.3,92.0,3769
2022-07-30T03:19:25.000000+00:00,240.3,50.1,239.4,50.0,228.9,50.1,5.3,1210.0,900.0,74.0,40.0,84.3,92.0,3585
2022-07-30T03:20:25.000000+00:00,238.6,50.0,238.6,50.0,228.9,50.0,5.3,1210.0,890.0,74.0,41.0,84.3,92.0,3818
2022-07-30T03:21:25.000000+00:00,238.8,50.0,238.8,50.0,228.9,50.0,5.2,1190.0,870.0,73.0,40.0,84.3,92.0,3818
2022-07-30T03:22:25.000000+00:00,238.3,49.9,237.8,49.9,228.9,49.9,5.3,1210.0,900.0,74.0,41.0,84.3,92.0,3586
2022-07-30T03:23:25.000000+00:00,237.9,50.1,237.0,50.1,228.9,50.1,5.2,1190.0,880.0,74.0,40.0,84.3,92.0,3770
2022-07-30T03:24:25.000000+00:00,236.3,50.0,235.8,50.0,228.9,49.9,5.3,1210.0,900.0,74.0,40.0,84.3,92.0,3586
2022-07-30T03:25:25.000000+00:00,236.9,50.0,236.7,50.0,228.9,50.0,5.3,1210.0,910.0,75.0,40.0,84.3,92.0,3770
2022-07-30T03:26:25.000000+00:00,236.3,50.0,237.3,50.0,228.9,50.0,5.2,1200.0,890.0,74.0,40.0,84.3,92.0,3676
2022-07-30T03:27:25.000000+00:00,235.8,49.9,235.4,49.9,228.9,49.9,5.3,1200.0,890.0,74.0,40.0,84.3,92.0,3586
2022-07-30T03:28:25.000000+00:00,235.8,49.9,235.8,49.9,228.9,49.9,5.3,1220.0,900.0,74.0,40.0,84.3,92.0,3771
2022-07-30T03:29:25.000000+00:00,234.5,49.8,235.3,49.8,228.8,49.8,5.3,1220.0,910.0,75.0,41.0,84.3,92.0,3586
2022-07-30T03:30:25.000000+00:00,237.3,49.7,237.8,49.7,228.9,49.7,5.3,1220.0,890.0,73.0,41.0,84.3,92.0,3587
2022-07-30T03:31:25.000000+00:00,237.2,49.8,237.8,49.8,228.9,49.8,5.3,1200.0,880.0,73.0,40.0,84.3,92.0,3771
2022-07-30T03:32:25.000000+00:00,236.8,49.8,236.8,49.8,228.9,49.8,5.3,1210.0,900.0,74.0,40.0,84.3,92.0,3587
2022-07-30T03:33:25.000000+00:00,237.8,49.9,237.8,49.9,228.8,49.9,5.4,1230.0,920.0,75.0,41.0,84.3,92.0,3771
2022-07-30T03:34:25.000000+00:00,237.0,49.9,237.0,49.9,228.9,49.8,5.3,1220.0,910.0,75.0,40.0,84.3,92.0,3587
2022-07-30T03:35:25.000000+00:00,236.1,49.8,236.1,49.8,228.9,49.8,5.3,1220.0,900.0,74.0,41.0,84.3,92.0,3632
2022-07-30T03:36:25.000000+00:00,236.5,49.8,236.5,49.8,228.9,49.8,5.3,1200.0,880.0,73.0,40.0,84.3,92.0,3632
2022-07-30T03:37:25.000000+00:00,235.5,49.8,236.7,49.8,228.9,49.8,5.4,1230.0,920.0,75.0,40.0,84.3,92.0,3632
2022-07-30T03:38:25.000000+00:00,236.9,49.9,236.9,49.9,228.9,49.9,5.3,1210.0,900.0,74.0,40.0,84.3,92.0,3632
2022-07-30T03:39:25.000000+00:00,236.0,49.8,236.0,49.8,228.9,49.8,5.3,1200.0,880.0,73.0,40.0,84.3,92.0,3632
2022-07-30T03:40:25.000000+00:00,236.5,50.0,236.5,50.0,228.9,50.0,5.3,1210.0,900.0,74.0,40.0,84.3,92.0,3588
2022-07-30T03:41:25.000000+00:00,236.4,49.8,236.3,49.8,228.9,49.8,5.3,1210.0,890.0,74.0,41.0,84.3,92.0,3821
2022-07-30T03:42:25.000000+00:00,237.1,50.0,237.1,50.0,228.9,50.0,5.3,1210.0,900.0,74.0,40.0,84.3,92.0,3633
2022-07-30T03:43:25.000000+00:00,237.4,50.1,236.5,50.1,228.9,50.1,5.3,1210.0,910.0,75.0,40.0,84.3,92.0,3821
2022-07-30T03:44:25.000000+00:00,237.6,50.1,237.2,50.1,228.9,50.1,5.2,1180.0,870.0,74.0,40.0,84.3,92.0,3773
2022-07-30T03:45:25.000000+00:00,236.6,50.1,237.5,50.1,228.9,50.1,5.2,1200.0,900.0,75.0,40.0,84.3,92.0,3588
2022-07-30T03:46:25.000000+00:00,236.6,49.9,236.9,49.9,228.9,49.9,5.3,1210.0,900.0,74.0,40.0,84.3,92.0,3589
2022-07-30T03:47:25.000000+00:00,237.2,50.0,237.2,50.0,228.9,50.0,5.3,1210.0,900.0,74.0,40.0,84.3,92.0,3589
2022-07-30T03:48:25.000000+00:00,237.3,50.1,237.3,50.1,228.9,50.1,5.3,1200.0,900.0,75.0,40.0,84.3,92.0,3589
2022-07-30T03:49:25.000000+00:00,236.6,50.2,236.6,50.2,228.9,50.2,5.1,1180.0,870.0,74.0,40.0,84.3,92.0,3773
2022-07-30T03:50:25.000000+00:00,236.6,50.1,236.6,50.1,228.9,50.1,5.3,1210.0,900.0,74.0,40.0,84.3,92.0,3589
2022-07-30T03:51:25.000000+00:00,236.0,50.1,236.9,50.1,228.9,50.1,5.2,1200.0,890.0,74.0,40.0,84.3,92.0,3634
2022-07-30T03:52:25.000000+00:00,236.4,50.0,236.3,50.0,228.9,50.0,5.2,1190.0,880.0,74.0,40.0,84.3,92.0,3822
2022-07-30T03:53:25.000000+00:00,236.8,50.2,237.2,50.2,228.9,50.2,5.2,1200.0,900.0,75.0,40.0,84.3,92.0,3634
2022-07-30T03:54:25.000000+00:00,236.4,50.2,236.9,50.2,228.9,50.2,5.2,1200.0,910.0,76.0,40.0,84.3,92.0,3590
2022-07-30T03:55:25.000000+00:00,236.3,50.2,236.3,50.2,228.9,50.1,5.2,1190.0,890.0,75.0,40.0,84.3,92.0,3590
2022-07-30T03:56:25.000000+00:00,237.3,50.2,237.3,50.2,228.9,50.2,5.2,1190.0,890.0,75.0,40.0,84.3,92.0,3774
2022-07-30T03:57:25.000000+00:00,236.7,50.2,236.7,50.2,228.9,50.2,5.2,1190.0,880.0,74.0,40.0,84.3,92.0,3774
2022-07-30T03:58:25.000000+00:00,236.1,50.1,236.1,50.1,228.9,50.1,5.3,1200.0,890.0,74.0,40.0,84.3,92.0,3590
2022-07-30T03:59:25.000000+00:00,235.2,50.2,236.2,50.2,228.9,50.2,5.2,1180.0,870.0,74.0,40.0,84.3,92.0,3775
2022-07-30T04:00:25.000000+00:00,236.3,50.2,236.3,50.2,228.9,50.2,5.1,1180.0,870.0,74.0,39.0,84.3,92.0,3775
2022-07-30T04:01:25.000000+00:00,235.9,50.2,235.8,50.2,228.9,50.2,5.2,1200.0,900.0,75.0,40.0,84.3,92.0,3824
2022-07-30T04:02:25.000000+00:00,236.8,50.2,235.7,50.2,228.9,50.2,5.2,1190.0,890.0,75.0,40.0,84.3,92.0,3824
2022-07-30T04:03:25.000000+00:00,236.2,50.3,236.0,50.3,228.9,50.2,5.2,1200.0,900.0,75.0,40.0,84.3,92.0,3635
2022-07-30T04:04:25.000000+00:00,235.1,50.1,235.5,50.1,228.9,50.1,5.2,1200.0,890.0,74.0,40.0,84.3,92.0,3635
2022-07-30T04:05:25.000000+00:00,234.1,50.2,234.5,50.1,228.9,50.2,5.2,1180.0,870.0,74.0,40.0,84.3,92.0,3824
2022-07-30T04:06:25.000000+00:00,234.5,50.0,234.4,50.0,228.9,50.0,5.3,1210.0,900.0,74.0,40.0,84.3,92.0,3636
2022-07-30T04:07:25.000000+00:00,232.9,50.1,233.4,50.1,228.9,50.1,5.3,1210.0,900.0,74.0,40.0,84.3,92.0,3824
2022-07-30T04:08:26.000000+00:00,235.7,49.9,236.1,49.9,228.9,49.9,5.3,1210.0,890.0,74.0,40.0,84.3,92.0,3636
2022-07-30T04:09:26.000000+00:00,236.5,50.0,236.0,50.0,228.9,50.0,5.3,1200.0,900.0,75.0,40.0,84.3,92.0,3636
2022-07-30T04:10:26.000000+00:00,236.5,50.0,236.0,50.0,228.9,50.0,5.3,1200.0,890.0,74.0,40.0,84.3,92.0,3825
2022-07-30T04:11:26.000000+00:00,235.6,49.9,236.1,49.9,228.9,49.9,5.3,1210.0,890.0,74.0,40.0,84.3,92.0,3636
2022-07-30T04:12:26.000000+00:00,235.2,50.0,235.8,50.0,228.9,50.0,5.3,1210.0,900.0,74.0,40.0,84.3,92.0,3825
2022-07-30T04:13:26.000000+00:00,235.7,49.9,235.7,49.9,228.9,49.9,5.3,1210.0,900.0,74.0,40.0,84.3,92.0,3777
2022-07-30T04:14:26.000000+00:00,235.5,49.9,235.5,49.9,228.9,49.8,5.3,1220.0,900.0,74.0,40.0,84.3,92.0,3592
2022-07-30T04:15:26.000000+00:00,234.2,49.8,234.2,49.9,228.9,49.9,5.3,1210.0,900.0,74.0,40.0,84.3,92.0,3777
2022-07-30T04:16:26.000000+00:00,234.7,49.9,234.1,49.9,228.9,49.9,5.3,1210.0,890.0,74.0,40.0,84.3,92.0,3592
2022-07-30T04:17:26.000000+00:00,234.5,50.0,235.0,50.0,228.9,50.0,5.3,1210.0,910.0,75.0,40.0,84.2,92.0,3593
2022-07-30T04:18:26.000000+00:00,234.7,49.9,234.7,49.9,228.9,49.9,5.2,1200.0,880.0,73.0,40.0,84.2,92.0,3777
2022-07-30T04:19:26.000000+00:00,233.6,49.9,233.6,49.9,228.9,49.9,5.3,1220.0,900.0,74.0,40.0,84.2,92.0,3593
2022-07-30T04:20:26.000000+00:00,232.5,49.8,232.5,49.8,228.9,49.8,5.3,1220.0,900.0,74.0,41.0,84.1,92.0,3777
2022-07-30T04:21:26.000000+00:00,236.5,49.9,236.5,49.9,228.9,49.9,5.3,1210.0,900.0,74.0,40.0,84.2,92.0,3778
2022-07-30T04:22:26.000000+00:00,235.4,49.8,235.8,49.8,228.9,49.8,5.2,1200.0,880.0,73.0,40.0,84.2,92.0,3778
2022-07-30T04:23:26.000000+00:00,236.2,49.9,236.2,49.9,228.9,49.9,5.3,1220.0,910.0,75.0,40.0,84.2,92.0,3593
2022-07-30T04:24:26.000000+00:00,236.9,50.1,236.9,50.1,228.9,50.1,5.2,1190.0,890.0,75.0,40.0,84.2,92.0,3593
2022-07-30T04:25:26.000000+00:00,235.7,50.0,236.2,50.0,228.9,50.0,5.2,1190.0,880.0,74.0,40.0,84.2,92.0,3827
2022-07-30T04:26:26.000000+00:00,235.1,50.1,236.1,50.1,228.9,50.1,5.2,1190.0,880.0,74.0,40.0,84.2,92.0,3638
2022-07-30T04:27:26.000000+00:00,234.9,50.0,234.9,50.0,228.9,50.0,5.3,1220.0,920.0,75.0,41.0,84.2,92.0,3638
2022-07-30T04:28:26.000000+00:00,234.7,50.0,234.7,50.0,228.9,50.0,5.2,1190.0,880.0,74.0,40.0,84.2,92.0,3827
2022-07-30T04:29:26.000000+00:00,232.8,49.9,232.5,49.9,228.9,49.9,5.3,1210.0,900.0,74.0,40.0,84.2,92.0,3639
2022-07-30T04:30:26.000000+00:00,232.6,50.0,232.6,50.0,228.9,50.0,5.3,1210.0,900.0,74.0,40.0,84.1,92.0,3594
2022-07-30T04:31:26.000000+00:00,238.6,49.9,238.6,49.9,228.9,49.9,5.2,1190.0,870.0,73.0,40.0,84.0,92.0,3639
2022-07-30T04:32:26.000000+00:00,239.5,49.9,239.5,49.9,228.9,49.9,5.3,1210.0,900.0,74.0,40.0,84.0,92.0,3594
2022-07-30T04:33:26.000000+00:00,240.2,49.9,240.1,49.9,228.9,49.9,5.2,1200.0,880.0,73.0,40.0,84.0,92.0,3779
2022-07-30T04:34:26.000000+00:00,240.0,49.8,240.0,49.8,228.9,49.8,5.3,1220.0,900.0,74.0,41.0,84.0,92.0,3732
2022-07-30T04:35:26.000000+00:00,239.5,49.9,239.5,49.9,228.9,49.9,5.3,1210.0,890.0,74.0,40.0,84.0,92.0,3732
2022-07-30T04:36:26.000000+00:00,239.8,49.8,239.8,49.8,228.9,49.8,5.3,1210.0,900.0,74.0,40.0,84.0,92.0,3732
2022-07-30T04:37:26.000000+00:00,238.9,49.7,238.9,49.7,228.9,49.7,5.3,1220.0,900.0,74.0,41.0,84.0,92.0,3732
2022-07-30T04:38:26.000000+00:00,239.0,49.7,239.0,49.7,228.9,49.7,5.3,1220.0,890.0,73.0,41.0,84.0,92.0,3780
2022-07-30T04:39:26.000000+00:00,240.1,50.1,240.1,50.1,228.9,50.1,5.3,1200.0,900.0,75.0,40.0,84.0,92.0,3595
2022-07-30T04:40:26.000000+00:00,240.3,50.2,240.1,50.2,228.9,50.2,5.2,1180.0,870.0,74.0,40.0,84.0,92.0,3780
2022-07-30T04:41:26.000000+00:00,240.6,50.2,239.8,50.2,228.9,50.2,5.2,1190.0,890.0,75.0,40.0,84.0,92.0,3829
2022-07-30T04:42:26.000000+00:00,239.5,50.1,240.0,50.1,228.9,50.1,5.3,1200.0,900.0,75.0,40.0,84.0,92.0,3829
2022-07-30T04:43:26.000000+00:00,238.7,50.0,239.3,50.0,228.9,50.0,5.2,1190.0,870.0,73.0,40.0,84.0,92.0,3780
2022-07-30T04:44:26.000000+00:00,238.7,50.1,238.7,50.1,228.9,50.1,5.3,1210.0,910.0,75.0,40.0,84.0,92.0,3596
2022-07-30T04:45:26.000000+00:00,238.2,50.1,238.6,50.1,228.9,50.1,5.2,1200.0,890.0,74.0,40.0,84.0,92.0,3830
2022-07-30T04:46:26.000000+00:00,240.0,50.3,239.0,50.3,228.9,50.3,5.2,1180.0,880.0,75.0,39.0,84.1,92.0,3641
2022-07-30T04:47:26.000000+00:00,238.6,50.2,238.6,50.2,228.9,50.2,5.2,1200.0,900.0,75.0,40.0,84.1,92.0,3641
2022-07-30T04:48:26.000000+00:00,238.7,50.1,238.2,50.1,228.9,50.1,5.2,1190.0,880.0,74.0,40.0,84.0,92.0,3830
2022-07-30T04:49:26.000000+00:00,238.3,50.0,238.3,50.0,228.9,50.0,5.3,1210.0,900.0,74.0,40.0,84.1,92.0,3597
2022-07-30T04:50:26.000000+00:00,238.3,50.0,239.0,50.0,228.9,50.0,5.3,1220.0,900.0,74.0,41.0,84.0,92.0,3781
2022-07-30T04:51:26.000000+00:00,238.5,50.0,238.9,50.0,228.9,50.0,5.2,1190.0,870.0,73.0,39.0,84.0,92.0,3782
2022-07-30T04:52:26.000000+00:00,239.0,50.1,239.0,50.1,228.9,50.1,5.2,1200.0,890.0,74.0,40.0,84.0,92.0,3782
2022-07-30T04:53:26.000000+00:00,238.8,50.1,238.8,50.1,228.9,50.1,5.2,1200.0,890.0,74.0,40.0,84.0,92.0,3782
2022-07-30T04:54:26.000000+00:00,239.3,50.1,238.2,50.1,228.9,50.1,5.3,1200.0,900.0,75.0,40.0,84.0,92.0,3597
2022-07-30T04:55:26.000000+00:00,238.6,50.1,238.6,50.1,228.9,50.1,5.2,1200.0,900.0,75.0,40.0,84.0,92.0,3597
2022-07-30T04:56:26.000000+00:00,238.6,50.2,238.6,50.2,228.9,50.2,5.2,1190.0,890.0,75.0,39.0,84.0,92.0,3782
2022-07-30T04:57:26.000000+00:00,238.4,50.2,238.9,50.2,228.9,50.2,5.3,1200.0,910.0,76.0,40.0,84.0,92.0,3782
2022-07-30T04:58:26.000000+00:00,239.0,50.2,238.9,50.2,228.9,50.2,5.1,1180.0,870.0,74.0,40.0,84.0,92.0,3831
2022-07-30T04:59:26.000000+00:00,239.1,50.3,239.1,50.3,228.9,50.3,5.2,1180.0,890.0,75.0,39.0,84.0,92.0,3598
2022-07-30T05:00:26.000000+00:00,238.8,50.2,238.8,50.2,228.9,50.2,5.1,1180.0,870.0,74.0,40.0,84.0,92.0,3783
2022-07-30T05:01:26.000000+00:00,238.3,50.2,237.8,50.2,228.9,50.2,5.2,1190.0,890.0,75.0,40.0,84.0,92.0,3783
2022-07-30T05:02:26.000000+00:00,237.9,50.2,237.9,50.2,228.9,50.1,5.3,1200.0,900.0,75.0,40.0,84.0,92.0,3832
2022-07-30T05:03:26.000000+00:00,239.5,50.3,239.5,50.3,228.9,50.3,5.1,1170.0,870.0,74.0,39.0,84.0,92.0,3783
2022-07-30T05:04:26.000000+00:00,238.3,50.3,238.3,50.3,228.9,50.3,5.1,1180.0,880.0,75.0,40.0,84.0,92.0,3783
2022-07-30T05:05:26.000000+00:00,238.9,50.3,238.9,50.3,228.9,50.3,5.2,1190.0,900.0,76.0,39.0,84.0,92.0,3783
2022-07-30T05:06:26.000000+00:00,238.4,50.4,238.3,50.4,228.9,50.4,5.1,1170.0,870.0,74.0,39.0,84.0,92.0,3784
2022-07-30T05:07:26.000000+00:00,237.4,50.4,237.7,50.4,228.9,50.4,5.2,1190.0,900.0,76.0,40.0,84.0,92.0,3784
2022-07-30T05:08:26.000000+00:00,237.8,50.4,237.9,50.4,228.9,50.4,5.1,1170.0,870.0,74.0,39.0,84.0,92.0,3784
2022-07-30T05:09:26.000000+00:00,238.0,50.4,237.5,50.4,228.9,50.3,5.2,1190.0,900.0,76.0,40.0,84.0,92.0,3784
2022-07-30T05:10:26.000000+00:00,237.9,50.4,238.0,50.4,228.9,50.4,5.1,1170.0,870.0,74.0,40.0,84.0,92.0,3784
2022-07-30T05:11:26.000000+00:00,238.4,50.4,237.8,50.4,228.9,50.4,5.1,1160.0,870.0,75.0,39.0,84.0,92.0,3784
2022-07-30T05:12:26.000000+00:00,237.7,50.4,237.6,50.4,228.9,50.4,5.2,1180.0,890.0,75.0,39.0,84.0,92.0,3784
2022-07-30T05:13:26.000000+00:00,237.6,50.3,237.6,50.3,228.9,50.3,5.1,1170.0,870.0,74.0,40.0,84.0,92.0,3784
2022-07-30T05:14:26.000000+00:00,236.7,50.4,236.2,50.4,228.9,50.4,5.1,1180.0,880.0,75.0,39.0,84.0,92.0,3785
2022-07-30T05:15:26.000000+00:00,236.2,50.4,236.2,50.4,228.9,50.4,5.1,1170.0,870.0,74.0,39.0,84.0,92.0,3785
2022-07-30T05:16:26.000000+00:00,235.5,50.5,236.5,50.5,228.9,50.4,5.1,1170.0,880.0,75.0,39.0,84.0,92.0,3785
2022-07-30T05:17:26.000000+00:00,236.6,50.4,236.6,50.4,228.9,50.5,5.1,1170.0,880.0,75.0,40.0,83.9,92.0,3785
2022-07-30T05:18:26.000000+00:00,235.5,50.3,235.5,50.3,228.9,50.3,5.1,1170.0,870.0,74.0,39.0,84.0,92.0,3785
2022-07-30T05:19:26.000000+00:00,235.6,50.3,236.0,50.3,228.9,50.3,5.2,1180.0,890.0,75.0,39.0,83.9,92.0,3785
2022-07-30T05:20:27.000000+00:00,236.7,50.4,236.6,50.4,228.9,50.4,5.2,1190.0,900.0,76.0,40.0,83.9,92.0,3785
2022-07-30T05:21:27.000000+00:00,235.9,50.3,235.9,50.3,228.9,50.3,5.2,1190.0,900.0,76.0,39.0,83.9,92.0,3785
2022-07-30T05:22:27.000000+00:00,235.8,50.2,235.4,50.2,228.9,50.2,5.2,1180.0,870.0,74.0,39.0,83.9,92.0,3786
2022-07-30T05:23:27.000000+00:00,235.3,50.3,235.3,50.3,228.9,50.3,5.2,1190.0,890.0,75.0,39.0,83.9,92.0,3601
2022-07-30T05:24:27.000000+00:00,234.3,50.1,234.4,50.1,228.9,50.1,5.2,1200.0,890.0,74.0,40.0,83.9,92.0,3601
2022-07-30T05:25:27.000000+00:00,234.7,50.1,234.7,50.1,228.9,50.1,5.2,1190.0,880.0,74.0,40.0,83.8,92.0,3835
2022-07-30T05:26:27.000000+00:00,235.0,50.1,234.9,50.1,228.9,50.1,5.2,1180.0,870.0,74.0,39.0,83.8,92.0,3646
2022-07-30T05:27:27.000000+00:00,235.4,50.2,235.4,50.2,228.9,50.2,5.2,1190.0,890.0,75.0,40.0,83.8,92.0,3601
2022-07-30T05:28:27.000000+00:00,233.4,50.0,233.4,50.0,228.9,49.9,5.2,1190.0,870.0,73.0,40.0,83.8,92.0,3786
2022-07-30T05:29:27.000000+00:00,234.7,50.2,234.6,50.2,228.9,50.2,5.2,1190.0,890.0,75.0,40.0,83.8,92.0,3787
2022-07-30T05:30:27.000000+00:00,233.7,50.1,234.2,50.0,228.9,50.1,5.2,1190.0,870.0,73.0,41.0,83.8,92.0,3787
2022-07-30T05:31:27.000000+00:00,234.1,50.0,234.1,50.0,228.9,50.0,5.2,1200.0,890.0,74.0,40.0,83.7,92.0,3787
2022-07-30T05:32:27.000000+00:00,233.2,50.1,233.2,50.1,228.9,50.1,5.2,1190.0,880.0,74.0,40.0,83.8,92.0,3836
2022-07-30T05:33:27.000000+00:00,236.9,49.9,236.8,49.9,228.9,49.9,5.2,1200.0,880.0,73.0,40.0,83.7,92.0,3647
2022-07-30T05:34:27.000000+00:00,236.1,50.0,236.1,50.0,228.9,50.0,5.3,1220.0,910.0,75.0,40.0,83.8,92.0,3602
2022-07-30T05:35:27.000000+00:00,236.3,49.9,236.3,49.9,228.9,49.9,5.3,1210.0,900.0,74.0,40.0,83.8,92.0,3787
2022-07-30T05:36:27.000000+00:00,235.8,49.8,235.2,49.8,228.9,49.8,5.3,1210.0,890.0,74.0,40.0,83.8,92.0,3787
2022-07-30T05:37:27.000000+00:00,234.9,50.0,234.9,50.0,228.9,50.0,5.3,1210.0,910.0,75.0,41.0,83.8,92.0,3603
2022-07-30T05:38:27.000000+00:00,235.4,49.9,235.4,49.9,228.9,49.9,5.3,1200.0,880.0,73.0,40.0,83.8,92.0,3837
2022-07-30T05:39:27.000000+00:00,235.7,50.0,235.7,50.0,228.9,50.0,5.3,1200.0,900.0,75.0,40.0,83.8,92.0,3648
2022-07-30T05:40:27.000000+00:00,235.6,49.8,234.7,49.8,228.9,49.8,5.3,1200.0,880.0,73.0,41.0,83.8,92.0,3837
2022-07-30T05:41:27.000000+00:00,235.3,50.0,235.3,50.0,228.9,50.0,5.2,1190.0,870.0,73.0,40.0,83.8,92.0,3837
2022-07-30T05:42:27.000000+00:00,235.6,49.9,235.6,49.9,228.9,49.9,5.3,1210.0,900.0,74.0,40.0,83.8,92.0,3837
2022-07-30T05:43:27.000000+00:00,234.7,49.9,234.6,49.9,228.9,49.9,5.2,1200.0,880.0,73.0,40.0,83.8,92.0,3837
2022-07-30T05:44:27.000000+00:00,234.5,49.9,235.5,49.9,228.9,49.9,5.3,1210.0,900.0,74.0,40.0,83.8,92.0,3741
2022-07-30T05:45:27.000000+00:00,233.9,49.7,233.6,49.7,228.9,49.7,5.3,1220.0,900.0,74.0,41.0,83.8,92.0,3741
2022-07-30T05:46:27.000000+00:00,233.2,49.7,234.3,49.7,228.9,49.7,5.3,1210.0,880.0,73.0,40.0,83.8,92.0,3741
2022-07-30T05:47:27.000000+00:00,233.9,49.8,233.9,49.8,228.8,49.8,5.3,1220.0,910.0,75.0,41.0,83.8,92.0,3741
2022-07-30T05:48:27.000000+00:00,232.9,49.7,232.9,49.7,228.9,49.7,5.3,1210.0,890.0,74.0,40.0,83.8,92.0,3741
2022-07-30T05:49:27.000000+00:00,231.7,49.7,232.3,49.7,228.9,49.7,5.3,1220.0,900.0,74.0,41.0,83.8,92.0,3741
2022-07-30T05:50:27.000000+00:00,236.0,49.7,235.9,49.7,228.9,49.7,5.3,1220.0,910.0,75.0,41.0,83.8,92.0,3742
2022-07-30T05:51:27.000000+00:00,236.6,49.7,236.6,49.7,228.9,49.7,5.3,1220.0,890.0,73.0,40.0,83.8,92.0,3742
2022-07-30T05:52:27.000000+00:00,236.3,49.8,237.3,49.8,228.9,49.8,5.3,1210.0,900.0,74.0,40.0,83.8,92.0,3790
2022-07-30T05:53:27.000000+00:00,238.2,49.9,237.7,49.9,228.9,49.9,5.3,1210.0,900.0,74.0,40.0,83.8,92.0,3790
2022-07-30T05:54:27.000000+00:00,237.4,49.8,237.4,49.8,228.8,49.8,5.3,1220.0,910.0,75.0,40.0,83.8,92.0,3605
2022-07-30T05:55:27.000000+00:00,236.8,49.7,236.9,49.7,228.9,49.7,5.3,1220.0,900.0,74.0,41.0,83.8,92.0,3790
2022-07-30T05:56:27.000000+00:00,236.2,49.6,236.2,49.6,228.9,49.6,5.4,1230.0,900.0,73.0,41.0,83.8,92.0,3790
2022-07-30T05:57:27.000000+00:00,236.4,49.7,236.4,49.7,228.9,49.7,5.3,1230.0,910.0,74.0,41.0,83.8,92.0,3605
2022-07-30T05:58:27.000000+00:00,236.5,49.8,236.5,49.8,228.9,49.8,5.3,1200.0,880.0,73.0,40.0,83.8,92.0,3790
2022-07-30T05:59:27.000000+00:00,236.5,49.8,236.5,49.8,228.9,49.8,5.3,1220.0,900.0,74.0,41.0,83.8,92.0,3605
2022-07-30T06:00:27.000000+00:00,236.8,49.8,236.9,49.8,228.9,49.8,5.3,1220.0,910.0,75.0,41.0,83.8,92.0,3791
2022-07-30T06:01:27.000000+00:00,236.3,49.8,236.3,49.8,228.9,49.8,5.3,1200.0,880.0,73.0,40.0,83.8,92.0,3791
2022-07-30T06:02:27.000000+00:00,235.9,49.8,236.9,49.8,228.9,49.8,5.3,1210.0,890.0,74.0,40.0,83.8,92.0,3840
2022-07-30T06:03:27.000000+00:00,235.7,49.8,235.8,49.8,228.9,49.8,5.3,1230.0,910.0,74.0,41.0,83.8,92.0,3651
2022-07-30T06:04:27.000000+00:00,236.2,49.8,236.3,49.8,228.9,49.7,5.4,1230.0,910.0,74.0,41.0,83.8,92.0,3791
2022-07-30T06:05:27.000000+00:00,236.8,49.7,236.8,49.7,228.9,49.7,5.3,1210.0,880.0,73.0,40.0,83.8,92.0,3791
2022-07-30T06:06:27.000000+00:00,236.7,49.9,237.3,49.9,228.9,49.9,5.3,1210.0,890.0,74.0,40.0,83.8,92.0,3606
2022-07-30T06:07:27.000000+00:00,237.1,49.9,237.1,49.9,228.9,49.9,5.3,1220.0,910.0,75.0,40.0,83.8,92.0,3651
2022-07-30T06:08:27.000000+00:00,237.1,50.1,237.1,50.1,228.9,50.1,5.2,1180.0,870.0,74.0,39.0,83.8,92.0,3841
2022-07-30T06:09:27.000000+00:00,237.3,49.9,237.2,49.9,228.9,49.9,5.3,1200.0,890.0,74.0,40.0,83.8,92.0,3651
2022-07-30T06:10:27.000000+00:00,238.1,50.1,238.0,50.1,228.9,50.1,5.2,1200.0,890.0,74.0,40.0,83.8,92.0,3841
2022-07-30T06:11:27.000000+00:00,237.5,50.0,237.5,50.0,228.9,50.0,5.2,1200.0,890.0,74.0,40.0,83.8,92.0,3841
2022-07-30T06:12:27.000000+00:00,238.3,50.1,238.3,50.1,228.9,50.1,5.2,1190.0,880.0,74.0,40.0,83.8,92.0,3841
2022-07-30T06:13:27.000000+00:00,237.8,50.1,238.3,50.1,228.9,50.1,5.2,1190.0,890.0,75.0,40.0,83.8,92.0,3607
2022-07-30T06:14:27.000000+00:00,236.8,50.0,236.8,50.0,228.9,50.0,5.2,1200.0,890.0,74.0,40.0,83.8,92.0,3607
2022-07-30T06:15:27.000000+00:00,237.0,50.1,237.0,50.1,228.9,50.1,5.1,1180.0,870.0,74.0,40.0,83.7,92.0,3842
2022-07-30T06:16:27.000000+00:00,237.0,50.0,237.0,50.0,228.9,50.0,5.2,1200.0,890.0,74.0,40.0,83.7,92.0,3745
2022-07-30T06:17:27.000000+00:00,237.9,50.2,238.8,50.2,228.9,50.2,5.2,1200.0,900.0,75.0,40.0,83.8,92.0,3745
2022-07-30T06:18:27.000000+00:00,238.3,50.0,238.3,50.0,228.9,50.0,5.2,1190.0,870.0,73.0,40.0,83.7,92.0,3745
2022-07-30T06:19:27.000000+00:00,239.5,50.3,239.5,50.3,228.9,50.3,5.2,1190.0,890.0,75.0,40.0,83.7,92.0,3745
2022-07-30T06:20:27.000000+00:00,240.0,50.2,239.5,50.2,228.9,50.2,5.1,1180.0,870.0,74.0,40.0,83.7,92.0,3745
2022-07-30T06:21:27.000000+00:00,240.1,50.0,239.1,50.0,228.9,50.0,5.2,1190.0,870.0,73.0,40.0,83.7,92.0,3746
2022-07-30T06:22:27.000000+00:00,239.3,50.2,239.3,50.2,228.9,50.2,5.2,1180.0,880.0,75.0,40.0,83.7,92.0,3746
2022-07-30T06:23:27.000000+00:00,239.2,50.3,239.3,50.3,228.9,50.3,5.2,1180.0,880.0,75.0,39.0,83.6,92.0,3746
2022-07-30T06:24:27.000000+00:00,239.1,50.3,239.0,50.3,228.9,50.3,5.2,1190.0,880.0,74.0,39.0,83.6,92.0,3746
2022-07-30T06:25:27.000000+00:00,239.8,50.4,240.1,50.4,228.9,50.4,5.2,1180.0,890.0,75.0,39.0,83.6,92.0,3746
2022-07-30T06:26:27.000000+00:00,239.8,50.4,239.8,50.4,228.9,50.4,5.1,1160.0,860.0,74.0,39.0,83.6,92.0,3746
2022-07-30T06:27:27.000000+00:00,239.0,50.4,239.1,50.4,228.9,50.4,5.2,1180.0,900.0,76.0,39.0,83.5,92.0,3746
2022-07-30T06:28:28.000000+00:00,238.3,50.3,238.3,50.3,228.9,50.3,5.1,1170.0,870.0,74.0,39.0,83.6,92.0,3746
2022-07-30T06:29:28.000000+00:00,239.7,50.4,239.9,50.4,228.9,50.4,5.2,1190.0,890.0,75.0,40.0,83.5,92.0,3747
2022-07-30T06:30:28.000000+00:00,238.9,50.2,238.9,50.2,228.9,50.2,5.2,1190.0,900.0,76.0,40.0,83.5,92.0,3747
2022-07-30T06:31:28.000000+00:00,238.1,50.3,238.1,50.3,228.9,50.3,5.1,1170.0,860.0,74.0,39.0,83.6,92.0,3747
2022-07-30T06:32:28.000000+00:00,238.7,50.4,238.7,50.4,228.9,50.4,5.1,1180.0,880.0,75.0,39.0,83.6,92.0,3747
2022-07-30T06:33:28.000000+00:00,238.7,50.4,238.8,50.4,228.9,50.4,5.2,1190.0,900.0,76.0,39.0,83.6,92.0,3747
2022-07-30T06:34:28.000000+00:00,239.5,50.4,239.0,50.4,228.9,50.4,5.2,1190.0,910.0,76.0,39.0,83.6,92.0,3747
2022-07-30T06:35:28.000000+00:00,239.0,50.4,239.0,50.4,228.9,50.4,5.1,1170.0,860.0,74.0,39.0,83.6,92.0,3747
2022-07-30T06:36:28.000000+00:00,236.5,50.4,235.5,50.4,228.9,50.4,5.1,1180.0,890.0,75.0,39.0,83.6,93.0,3748
2022-07-30T06:37:28.000000+00:00,236.5,50.4,236.5,50.4,228.9,50.4,5.2,1190.0,900.0,76.0,40.0,83.6,93.0,3748
2022-07-30T06:38:28.000000+00:00,236.3,50.4,236.4,50.4,228.9,50.4,5.1,1160.0,860.0,74.0,39.0,83.6,93.0,3748
2022-07-30T06:39:28.000000+00:00,235.9,50.4,235.9,50.4,228.9,50.4,5.1,1170.0,880.0,75.0,39.0,83.6,93.0,3748
2022-07-30T06:40:28.000000+00:00,235.1,50.3,235.3,50.3,228.9,50.3,5.2,1200.0,910.0,76.0,40.0,83.6,93.0,3748
2022-07-30T06:41:28.000000+00:00,235.5,50.3,236.2,50.3,228.9,50.3,5.1,1170.0,880.0,75.0,39.0,83.7,93.0,3748
2022-07-30T06:42:28.000000+00:00,236.2,50.3,236.3,50.3,228.9,50.3,5.1,1170.0,870.0,74.0,39.0,83.7,93.0,3748
2022-07-30T06:43:28.000000+00:00,235.4,50.4,236.0,50.4,228.9,50.4,5.1,1160.0,860.0,74.0,39.0,83.7,93.0,3748
2022-07-30T06:44:28.000000+00:00,235.0,50.3,235.2,50.3,228.9,50.3,5.2,1180.0,880.0,75.0,40.0,83.7,93.0,3749
2022-07-30T06:45:28.000000+00:00,234.7,50.2,235.2,50.2,228.9,50.2,5.2,1180.0,880.0,75.0,40.0,83.7,93.0,3749
2022-07-30T06:46:28.000000+00:00,235.6,50.3,235.6,50.3,228.9,50.3,5.1,1170.0,860.0,74.0,39.0,83.7,93.0,3749
2022-07-30T06:47:28.000000+00:00,236.4,50.4,236.4,50.4,228.9,50.4,5.1,1180.0,880.0,75.0,39.0,83.7,93.0,3749
2022-07-30T06:48:28.000000+00:00,235.3,50.4,235.3,50.4,228.9,50.4,5.1,1180.0,870.0,74.0,39.0,83.7,93.0,3749
2022-07-30T06:49:28.000000+00:00,235.7,50.3,235.7,50.3,228.9,50.3,5.2,1180.0,890.0,75.0,40.0,83.6,93.0,3797
2022-07-30T06:50:28.000000+00:00,236.3,50.2,235.4,50.2,228.9,50.2,5.1,1180.0,870.0,74.0,40.0,83.6,93.0,3702
2022-07-30T06:51:28.000000+00:00,236.3,50.4,235.9,50.4,228.9,50.4,5.1,1170.0,870.0,74.0,39.0,83.6,93.0,3846
2022-07-30T06:52:28.000000+00:00,235.4,50.3,235.4,50.3,228.9,50.3,5.2,1190.0,890.0,75.0,39.0,83.6,93.0,3846
2022-07-30T06:53:28.000000+00:00,235.4,50.4,235.4,50.4,228.9,50.4,5.2,1180.0,890.0,75.0,39.0,83.6,93.0,3847
2022-07-30T06:54:28.000000+00:00,235.8,50.3,235.7,50.3,228.9,50.3,5.2,1190.0,890.0,75.0,39.0,83.6,93.0,3657
2022-07-30T06:55:28.000000+00:00,236.2,50.4,236.3,50.4,228.9,50.4,5.1,1180.0,880.0,75.0,39.0,83.6,93.0,3657
2022-07-30T06:56:28.000000+00:00,236.5,50.3,236.5,50.3,228.9,50.3,5.1,1170.0,880.0,75.0,39.0,83.6,93.0,3847
2022-07-30T06:57:28.000000+00:00,235.3,50.2,235.3,50.2,228.9,50.2,5.2,1190.0,890.0,75.0,40.0,83.6,93.0,3658
2022-07-30T06:58:28.000000+00:00,235.7,50.2,235.7,50.2,228.9,50.2,5.1,1170.0,870.0,74.0,39.0,83.6,93.0,3847
2022-07-30T06:59:28.000000+00:00,234.9,50.0,234.9,50.0,228.9,50.0,5.3,1200.0,900.0,75.0,40.0,83.6,93.0,3658
2022-07-30T07:00:28.000000+00:00,235.9,50.1,236.1,50.1,228.9,50.1,5.3,1210.0,910.0,75.0,40.0,83.6,93.0,3848
2022-07-30T07:01:28.000000+00:00,235.0,49.8,236.0,49.8,228.9,49.8,5.3,1200.0,870.0,72.0,40.0,83.6,93.0,3848
2022-07-30T07:02:28.000000+00:00,235.5,49.7,235.0,49.7,228.9,49.7,5.3,1220.0,900.0,74.0,41.0,83.6,93.0,3613
2022-07-30T07:03:28.000000+00:00,235.3,49.8,235.3,49.8,228.9,49.8,5.3,1200.0,880.0,73.0,40.0,83.6,93.0,3799
2022-07-30T07:04:28.000000+00:00,235.7,50.0,235.8,50.0,228.9,50.0,5.3,1210.0,910.0,75.0,40.0,83.6,93.0,3799
2022-07-30T07:05:28.000000+00:00,235.0,50.0,234.5,50.0,228.9,50.0,5.2,1200.0,890.0,74.0,40.0,83.6,93.0,3799
2022-07-30T07:06:28.000000+00:00,234.5,49.8,234.5,49.8,228.9,49.8,5.3,1210.0,890.0,74.0,40.0,83.6,93.0,3799
2022-07-30T07:07:28.000000+00:00,235.0,50.0,234.9,50.0,228.9,50.0,5.3,1210.0,900.0,74.0,40.0,83.6,93.0,3614
2022-07-30T07:08:28.000000+00:00,235.0,50.2,235.8,50.2,228.9,50.2,5.2,1200.0,900.0,75.0,40.0,83.6,93.0,3849
2022-07-30T07:09:28.000000+00:00,235.6,49.8,235.3,49.9,228.9,49.9,5.3,1200.0,880.0,73.0,40.0,83.6,93.0,3659
2022-07-30T07:10:28.000000+00:00,234.9,49.7,234.9,49.7,228.9,49.7,5.4,1230.0,910.0,74.0,41.0,83.6,93.0,3800
2022-07-30T07:11:28.000000+00:00,235.6,49.9,235.6,49.9,228.9,49.9,5.2,1200.0,880.0,73.0,40.0,83.6,93.0,3800
2022-07-30T07:12:28.000000+00:00,236.3,50.1,236.3,50.1,228.9,50.1,5.2,1190.0,890.0,75.0,40.0,83.6,93.0,3800
2022-07-30T07:13:28.000000+00:00,236.4,50.2,236.1,50.2,228.9,50.2,5.2,1200.0,900.0,75.0,40.0,83.5,93.0,3800
2022-07-30T07:14:28.000000+00:00,235.7,50.1,236.8,50.1,228.9,50.1,5.2,1190.0,890.0,75.0,40.0,83.6,93.0,3615
2022-07-30T07:15:28.000000+00:00,235.7,50.1,235.8,50.1,228.9,50.1,5.2,1200.0,900.0,75.0,40.0,83.6,93.0,3660
2022-07-30T07:16:28.000000+00:00,235.8,50.0,235.8,50.0,228.9,50.0,5.2,1190.0,880.0,74.0,40.0,83.5,93.0,3850
2022-07-30T07:17:28.000000+00:00,236.3,50.1,235.5,50.1,228.9,50.1,5.3,1200.0,900.0,75.0,40.0,83.5,93.0,3615
2022-07-30T07:18:28.000000+00:00,235.6,50.2,235.7,50.2,228.9,50.2,5.2,1180.0,880.0,75.0,39.0,83.5,93.0,3850
2022-07-30T07:19:28.000000+00:00,236.4,50.4,236.4,50.4,228.9,50.4,5.2,1200.0,900.0,75.0,40.0,83.5,93.0,3660
2022-07-30T07:20:28.000000+00:00,235.4,50.1,235.4,50.1,228.9,50.1,5.3,1210.0,910.0,75.0,40.0,83.5,93.0,3850
2022-07-30T07:21:28.000000+00:00,234.9,50.1,234.9,50.1,228.9,50.1,5.2,1190.0,890.0,75.0,40.0,83.4,93.0,3850
2022-07-30T07:22:28.000000+00:00,235.2,50.3,235.2,50.3,228.9,50.3,5.1,1170.0,870.0,74.0,40.0,83.4,93.0,3851
2022-07-30T07:23:28.000000+00:00,235.2,50.3,235.2,50.3,228.9,50.3,5.2,1190.0,890.0,75.0,40.0,83.4,93.0,3851
2022-07-30T07:24:28.000000+00:00,235.6,50.4,235.6,50.4,228.9,50.4,5.1,1180.0,880.0,75.0,40.0,83.4,93.0,3661
2022-07-30T07:25:28.000000+00:00,236.5,50.4,236.5,50.4,228.9,50.4,5.1,1170.0,870.0,74.0,39.0,83.4,93.0,3901
2022-07-30T07:26:28.000000+00:00,235.8,50.3,236.7,50.3,228.9,50.3,5.1,1180.0,880.0,75.0,40.0,83.3,93.0,3661
2022-07-30T07:27:28.000000+00:00,235.2,50.1,235.6,50.1,228.9,50.1,5.2,1180.0,870.0,74.0,40.0,83.4,93.0,3616
2022-07-30T07:28:28.000000+00:00,235.7,50.3,235.7,50.3,228.9,50.3,5.1,1180.0,870.0,74.0,39.0,83.4,93.0,3707
2022-07-30T07:29:29.000000+00:00,236.0,50.2,236.2,50.2,228.9,50.2,5.3,1200.0,910.0,76.0,40.0,83.4,93.0,3707
2022-07-30T07:30:29.000000+00:00,235.7,50.1,235.6,50.1,228.9,50.1,5.2,1200.0,890.0,74.0,40.0,83.4,93.0,3708
2022-07-30T07:31:29.000000+00:00,234.8,49.9,235.8,49.9,228.9,49.9,5.2,1200.0,880.0,73.0,40.0,83.4,93.0,3708
2022-07-30T07:32:29.000000+00:00,236.2,50.0,236.2,50.0,228.9,50.0,5.3,1200.0,900.0,75.0,40.0,83.4,93.0,3708
2022-07-30T07:33:29.000000+00:00,235.3,50.1,236.2,50.1,228.9,50.1,5.2,1190.0,870.0,73.0,40.0,83.5,93.0,3708
2022-07-30T07:34:29.000000+00:00,234.7,49.9,235.7,49.9,228.9,49.9,5.3,1200.0,890.0,74.0,40.0,83.5,93.0,3708
2022-07-30T07:35:29.000000+00:00,235.8,49.9,235.8,50.0,228.9,50.0,5.2,1200.0,890.0,74.0,40.0,83.5,93.0,3708
2022-07-30T07:36:29.000000+00:00,236.7,50.1,236.2,50.1,228.9,50.1,5.2,1200.0,890.0,74.0,39.0,83.5,93.0,3708
2022-07-30T07:37:29.000000+00:00,235.6,50.0,235.3,50.0,228.9,50.0,5.3,1210.0,900.0,74.0,41.0,83.4,93.0,3709
2022-07-30T07:38:29.000000+00:00,235.8,49.8,236.0,49.8,228.9,49.8,5.3,1210.0,890.0,74.0,40.0,83.5,93.0,3709
2022-07-30T07:39:29.000000+00:00,235.4,49.9,235.7,49.9,228.9,49.9,5.3,1220.0,900.0,74.0,40.0,83.5,93.0,3709
2022-07-30T07:40:29.000000+00:00,235.5,49.9,235.5,49.9,228.9,49.9,5.3,1210.0,910.0,75.0,41.0,83.5,93.0,3709
2022-07-30T07:41:29.000000+00:00,236.3,50.1,236.3,50.1,228.9,50.1,5.2,1190.0,880.0,74.0,40.0,83.5,93.0,3709
2022-07-30T07:42:29.000000+00:00,236.1,50.0,235.8,50.0,228.9,50.0,5.3,1200.0,890.0,74.0,40.0,83.5,93.0,3709
2022-07-30T07:43:29.000000+00:00,235.9,49.9,235.9,49.9,228.9,49.9,5.2,1200.0,880.0,73.0,40.0,83.5,93.0,3709
2022-07-30T07:44:29.000000+00:00,235.8,49.9,235.8,49.9,228.9,49.9,5.3,1220.0,900.0,74.0,41.0,83.5,93.0,3709
2022-07-30T07:45:29.000000+00:00,235.6,49.9,235.6,49.9,228.9,49.9,5.3,1220.0,900.0,74.0,40.0,83.4,93.0,3710
2022-07-30T07:46:29.000000+00:00,236.3,50.0,236.6,50.0,228.9,50.0,5.3,1200.0,890.0,74.0,40.0,83.4,93.0,3710
2022-07-30T07:47:29.000000+00:00,236.6,50.0,236.6,50.0,228.9,50.0,5.3,1210.0,910.0,75.0,40.0,83.4,93.0,3710
2022-07-30T07:48:29.000000+00:00,237.0,49.9,237.0,49.9,228.9,49.9,5.3,1200.0,880.0,73.0,40.0,83.4,93.0,3710
2022-07-30T07:49:29.000000+00:00,235.0,49.8,235.5,49.8,228.9,49.8,5.3,1210.0,890.0,74.0,41.0,83.5,93.0,3710
2022-07-30T07:50:29.000000+00:00,235.1,49.9,235.1,49.9,228.9,49.9,5.3,1220.0,910.0,75.0,41.0,83.4,93.0,3710
2022-07-30T07:51:29.000000+00:00,235.9,50.0,235.9,50.0,228.9,50.0,5.3,1200.0,890.0,74.0,40.0,83.4,93.0,3710
2022-07-30T07:52:29.000000+00:00,235.5,50.1,235.5,50.1,228.9,50.1,5.2,1200.0,890.0,74.0,40.0,83.4,93.0,3710
2022-07-30T07:53:29.000000+00:00,236.6,50.0,236.7,50.0,228.9,50.0,5.2,1190.0,880.0,74.0,40.0,83.5,93.0,3711
2022-07-30T07:54:29.000000+00:00,236.8,50.0,237.4,50.0,228.9,50.0,5.3,1210.0,910.0,75.0,40.0,83.4,93.0,3711
2022-07-30T07:55:29.000000+00:00,237.0,50.0,237.0,50.0,228.9,50.0,5.2,1190.0,880.0,74.0,40.0,83.4,93.0,3711
2022-07-30T07:56:29.000000+00:00,236.2,50.1,236.6,50.1,228.9,50.1,5.2,1190.0,890.0,75.0,40.0,83.4,93.0,3711
2022-07-30T07:57:29.000000+00:00,236.0,50.0,236.1,50.0,228.9,50.0,5.3,1210.0,900.0,74.0,40.0,83.5,93.0,3711
2022-07-30T07:58:29.000000+00:00,236.9,50.1,235.8,50.1,228.9,50.0,5.2,1180.0,870.0,74.0,40.0,83.5,93.0,3711
2022-07-30T07:59:29.000000+00:00,235.5,49.8,235.4,49.8,228.9,49.8,5.3,1220.0,900.0,74.0,41.0,83.5,93.0,3711
2022-07-30T08:00:29.000000+00:00,235.8,49.8,235.8,49.8,228.9,49.8,5.3,1220.0,910.0,75.0,41.0,83.5,93.0,3711
2022-07-30T08:01:29.000000+00:00,236.1,50.0,236.5,50.0,228.9,50.0,5.3,1200.0,890.0,74.0,40.0,83.5,93.0,3712
2022-07-30T08:02:29.000000+00:00,236.3,50.1,236.2,50.1,228.9,50.1,5.2,1200.0,900.0,75.0,40.0,83.5,93.0,3712
2022-07-30T08:03:29.000000+00:00,235.8,50.0,235.8,50.0,228.9,50.0,5.3,1210.0,900.0,74.0,40.0,83.5,93.0,3712
2022-07-30T08:04:29.000000+00:00,236.0,49.9,236.0,49.9,228.9,49.9,5.3,1220.0,910.0,75.0,40.0,83.5,93.0,3712
2022-07-30T08:05:29.000000+00:00,235.7,49.8,236.5,49.8,228.9,49.8,5.3,1210.0,890.0,74.0,40.0,83.5,93.0,3712
2022-07-30T08:06:29.000000+00:00,236.3,50.0,236.3,50.0,228.9,50.0,5.2,1200.0,890.0,74.0,40.0,83.4,93.0,3712
2022-07-30T08:07:29.000000+00:00,236.3,50.0,236.3,50.0,228.9,50.0,5.3,1210.0,910.0,75.0,40.0,83.4,93.0,3712
2022-07-30T08:08:29.000000+00:00,237.2,50.1,237.2,50.1,228.9,50.1,5.1,1180.0,870.0,74.0,39.0,83.4,93.0,3713
2022-07-30T08:09:29.000000+00:00,235.6,50.0,235.6,50.0,228.9,50.0,5.2,1200.0,890.0,74.0,40.0,83.4,93.0,3713
2022-07-30T08:10:29.000000+00:00,236.6,50.1,236.6,50.1,228.9,50.1,5.3,1200.0,910.0,76.0,40.0,83.5,93.0,3713
2022-07-30T08:11:29.000000+00:00,237.8,50.2,237.9,50.2,228.9,50.2,5.1,1180.0,870.0,74.0,39.0,83.5,93.0,3713
2022-07-30T08:12:29.000000+00:00,236.9,50.2,235.9,50.2,228.9,50.2,5.2,1190.0,900.0,76.0,40.0,83.4,93.0,3713
2022-07-30T08:13:29.000000+00:00,236.8,50.1,237.4,50.1,228.9,50.1,5.2,1180.0,870.0,74.0,40.0,83.4,93.0,3713
2022-07-30T08:14:29.000000+00:00,237.9,50.1,237.9,50.1,228.9,50.1,5.2,1190.0,890.0,75.0,40.0,83.4,93.0,3713
2022-07-30T08:15:29.000000+00:00,237.2,50.3,237.2,50.3,228.9,50.3,5.2,1190.0,890.0,75.0,39.0,83.4,93.0,3713
2022-07-30T08:16:29.000000+00:00,237.9,50.3,237.5,50.3,228.9,50.3,5.1,1180.0,870.0,74.0,40.0,83.4,93.0,3908
2022-07-30T08:17:29.000000+00:00,236.5,50.2,236.5,50.2,228.9,50.2,5.2,1190.0,890.0,75.0,40.0,83.3,93.0,3668
2022-07-30T08:18:29.000000+00:00,236.1,50.1,236.6,50.1,228.9,50.1,5.2,1190.0,890.0,75.0,40.0,83.3,93.0,3858
2022-07-30T08:19:29.000000+00:00,237.3,49.9,236.7,49.9,228.9,49.9,5.2,1190.0,880.0,74.0,40.0,83.3,93.0,3858
2022-07-30T08:20:29.000000+00:00,236.6,50.0,236.1,50.0,228.9,50.0,5.3,1210.0,910.0,75.0,40.0,83.3,93.0,3858
2022-07-30T08:21:29.000000+00:00,236.2,50.2,237.2,50.2,228.9,50.2,5.2,1180.0,870.0,74.0,39.0,83.3,93.0,3858
2022-07-30T08:22:29.000000+00:00,236.2,50.0,236.2,50.0,228.9,50.0,5.3,1210.0,900.0,74.0,40.0,83.3,93.0,3859
2022-07-30T08:23:29.000000+00:00,236.9,50.1,236.6,50.1,228.9,50.1,5.2,1190.0,890.0,75.0,40.0,83.2,93.0,3909
2022-07-30T08:24:29.000000+00:00,237.1,50.1,237.1,50.1,228.9,50.1,5.2,1200.0,890.0,74.0,40.0,83.2,93.0,3715
2022-07-30T08:25:29.000000+00:00,235.8,50.3,235.8,50.3,228.9,50.3,5.1,1180.0,880.0,75.0,39.0,83.3,93.0,3715
2022-07-30T08:26:29.000000+00:00,236.1,50.3,236.1,50.3,228.9,50.3,5.2,1190.0,900.0,76.0,39.0,83.3,93.0,3909
2022-07-30T08:27:29.000000+00:00,236.2,50.1,236.2,50.1,228.9,50.1,5.2,1200.0,900.0,75.0,40.0,83.3,93.0,3715
2022-07-30T08:28:29.000000+00:00,235.6,50.1,235.7,50.1,228.9,50.1,5.2,1180.0,870.0,74.0,40.0,83.3,93.0,3715
2022-07-30T08:29:29.000000+00:00,236.2,50.1,236.2,50.1,228.9,50.0,5.3,1210.0,900.0,74.0,40.0,83.3,93.0,3715
2022-07-30T08:30:29.000000+00:00,236.6,50.3,236.6,50.3,228.9,50.3,5.2,1190.0,900.0,76.0,40.0,83.3,93.0,3715
2022-07-30T08:31:30.000000+00:00,237.6,50.3,236.9,50.3,228.9,50.3,5.2,1180.0,880.0,75.0,39.0,83.4,93.0,3715
2022-07-30T08:32:30.000000+00:00,237.4,50.3,237.4,50.3,228.9,50.3,5.2,1180.0,890.0,75.0,39.0,83.4,93.0,3910
2022-07-30T08:33:30.000000+00:00,237.7,50.3,237.7,50.3,228.9,50.3,5.2,1180.0,890.0,75.0,39.0,83.4,93.0,3860
2022-07-30T08:34:30.000000+00:00,237.6,50.4,237.6,50.4,228.9,50.4,5.2,1180.0,890.0,75.0,39.0,83.4,93.0,3860
2022-07-30T08:35:30.000000+00:00,238.4,50.3,237.3,50.3,228.9,50.3,5.2,1190.0,890.0,75.0,39.0,83.3,93.0,3911
2022-07-30T08:36:30.000000+00:00,237.4,50.3,237.4,50.3,228.9,50.3,5.1,1170.0,870.0,74.0,39.0,83.4,93.0,3911
2022-07-30T08:37:30.000000+00:00,237.4,50.3,237.4,50.3,228.9,50.3,5.3,1200.0,910.0,76.0,40.0,83.4,93.0,3716
2022-07-30T08:38:30.000000+00:00,236.7,50.2,237.1,50.2,228.9,50.2,5.1,1180.0,870.0,74.0,39.0,83.4,93.0,3911
2022-07-30T08:39:30.000000+00:00,237.0,50.1,238.0,50.0,228.9,50.0,5.3,1200.0,900.0,75.0,40.0,83.4,93.0,3717
2022-07-30T08:40:30.000000+00:00,237.4,50.2,237.4,50.2,228.9,50.3,5.2,1190.0,890.0,75.0,40.0,83.4,93.0,3717
2022-07-30T08:41:30.000000+00:00,237.7,50.2,237.7,50.2,228.9,50.2,5.1,1170.0,870.0,74.0,39.0,83.4,93.0,3911
2022-07-30T08:42:30.000000+00:00,238.0,50.2,238.5,50.2,228.9,50.2,5.2,1190.0,900.0,76.0,40.0,83.4,93.0,3671
2022-07-30T08:43:30.000000+00:00,236.6,50.3,236.0,50.3,228.9,50.3,5.2,1180.0,890.0,75.0,39.0,83.4,93.0,3861
2022-07-30T08:44:30.000000+00:00,236.3,50.4,236.3,50.4,228.9,50.4,5.2,1180.0,890.0,75.0,39.0,83.3,93.0,3671
2022-07-30T08:45:30.000000+00:00,235.6,50.4,235.6,50.4,228.9,50.4,5.2,1190.0,890.0,75.0,40.0,83.3,93.0,3862
2022-07-30T08:46:30.000000+00:00,234.8,50.4,234.8,50.4,228.9,50.4,5.1,1160.0,860.0,74.0,39.0,83.4,93.0,3862
2022-07-30T08:47:30.000000+00:00,235.5,50.3,235.5,50.3,228.9,50.3,5.2,1180.0,890.0,75.0,40.0,83.3,93.0,3862
2022-07-30T08:48:30.000000+00:00,235.2,50.3,235.2,50.3,228.9,50.3,5.2,1190.0,900.0,76.0,40.0,83.3,93.0,3862
2022-07-30T08:49:30.000000+00:00,234.8,50.2,235.8,50.2,228.9,50.2,5.1,1170.0,870.0,74.0,39.0,83.3,93.0,3862
2022-07-30T08:50:30.000000+00:00,235.4,50.3,235.0,50.3,228.9,50.3,5.2,1190.0,900.0,76.0,39.0,83.3,93.0,3862
2022-07-30T08:51:30.000000+00:00,234.8,50.3,234.9,50.3,228.9,50.3,5.1,1170.0,870.0,74.0,39.0,83.3,93.0,3862
2022-07-30T08:52:30.000000+00:00,234.7,50.3,235.6,50.3,228.9,50.3,5.2,1190.0,900.0,76.0,39.0,83.4,93.0,3718
2022-07-30T08:53:30.000000+00:00,234.2,50.1,234.2,50.1,228.9,50.1,5.2,1190.0,890.0,75.0,40.0,83.3,93.0,3718
2022-07-30T08:54:30.000000+00:00,233.8,50.2,233.8,50.2,228.9,50.2,5.2,1200.0,900.0,75.0,40.0,83.3,93.0,3718
2022-07-30T08:55:30.000000+00:00,235.1,50.1,235.1,50.1,228.9,50.1,5.2,1190.0,880.0,74.0,40.0,83.3,93.0,3719
2022-07-30T08:56:30.000000+00:00,234.8,50.2,234.5,50.2,228.9,50.2,5.2,1190.0,890.0,75.0,39.0,83.4,93.0,3913
2022-07-30T08:57:30.000000+00:00,233.2,50.3,234.2,50.3,228.9,50.3,5.2,1190.0,900.0,76.0,40.0,83.4,93.0,3719
2022-07-30T08:58:30.000000+00:00,234.2,50.2,233.2,50.2,228.9,50.2,5.1,1170.0,870.0,74.0,39.0,83.3,93.0,3914
2022-07-30T08:59:30.000000+00:00,233.9,50.1,234.0,50.1,228.9,50.1,5.2,1190.0,890.0,75.0,40.0,83.3,93.0,3673
2022-07-30T09:00:30.000000+00:00,237.2,50.5,237.2,50.5,228.9,50.5,5.1,1170.0,890.0,76.0,40.0,83.3,93.0,3814
2022-07-30T09:01:30.000000+00:00,237.5,50.4,238.4,50.4,228.9,50.4,5.1,1160.0,860.0,74.0,39.0,83.4,93.0,3815
2022-07-30T09:02:30.000000+00:00,237.1,50.3,238.1,50.3,228.9,50.3,5.1,1180.0,880.0,75.0,39.0,83.3,93.0,3815
2022-07-30T09:03:30.000000+00:00,237.1,50.1,237.5,50.1,228.9,50.1,5.2,1190.0,890.0,75.0,40.0,83.3,93.0,3815
2022-07-30T09:04:30.000000+00:00,235.6,49.9,235.6,49.9,228.9,49.9,5.3,1220.0,910.0,75.0,41.0,83.4,93.0,3815
2022-07-30T09:05:30.000000+00:00,236.0,49.9,235.9,49.9,228.9,49.8,5.3,1220.0,910.0,75.0,40.0,83.3,93.0,3815
2022-07-30T09:06:30.000000+00:00,235.7,50.2,235.7,50.2,228.9,50.2,5.1,1170.0,870.0,74.0,39.0,83.3,93.0,3815
2022-07-30T09:07:30.000000+00:00,236.5,50.2,237.2,50.2,228.9,50.2,5.2,1190.0,890.0,75.0,40.0,83.3,93.0,3815
