dtm,prestah0,ta2200h0,ua2200h0,fkl010h0,dkl010h0,gre000h0,rre150h0
2023-01-01T00:00:00.000000+0000,660.5,3.966666666666667,33.85,8.7,133,0,0.0
2023-01-01T01:00:00.000000+0000,660.2,4.216666666666667,28.13333333333333,11.0,143,0,0.0
2023-01-01T02:00:00.000000+0000,660.4,3.8166666666666664,27.5,11.8,145,0,0.0
2023-01-01T03:00:00.000000+0000,660.7,3.6333333333333333,26.099999999999998,11.3,145,0,0.0
2023-01-01T04:00:00.000000+0000,661.2,3.983333333333333,37.766666666666666,9.4,144,10,0.0
2023-01-01T05:00:00.000000+0000,661.7,6.416666666666667,45.46666666666667,8.0,146,233,0.0
2023-01-01T06:00:00.000000+0000,661.9,9.266666666666667,41.300000000000004,6.6,139,475,0.0
2023-01-01T07:00:00.000000+0000,662.2,8.166666666666666,67.16666666666667,5.7,145,699,0.0
2023-01-01T08:00:00.000000+0000,662.4,9.700000000000001,60.71666666666666,3.3,327,878,0.0
2023-01-01T09:00:00.000000+0000,662.3,9.216666666666665,70.16666666666667,3.3,327,1006,0.0
2023-01-01T10:00:00.000000+0000,662.0,9.449999999999998,71.23333333333335,4.1,299,1085,0.0
2023-01-01T11:00:00.000000+0000,661.5,9.283333333333333,71.88333333333333,4.1,307,777,0.0
2023-01-01T12:00:00.000000+0000,660.9,9.0,75.28333333333333,5.9,300,673,0.0
2023-01-01T13:00:00.000000+0000,660.6,9.283333333333333,73.96666666666667,4.7,283,344,0.0
2023-01-01T14:00:00.000000+0000,660.6,8.133333333333335,81.89999999999999,6.0,271,556,0.0
2023-01-01T15:00:00.000000+0000,660.6,4.866666666666666,80.73333333333335,4.6,266,258,0.0
2023-01-01T16:00:00.000000+0000,660.8,2.55,42.833333333333336,3.0,139,24,0.0
2023-01-01T17:00:00.000000+0000,661.0,4.433333333333334,26.666666666666668,4.9,149,0,0.0
2023-01-01T18:00:00.000000+0000,661.2,4.683333333333334,25.066666666666666,5.9,152,0,0.0
2023-01-01T19:00:00.000000+0000,661.2,5.1499999999999995,31.016666666666666,8.1,141,0,0.0
2023-01-01T20:00:00.000000+0000,660.8,4.533333333333333,40.9,10.6,132,0,0.0
2023-01-01T21:00:00.000000+0000,660.1,3.6333333333333333,52.26666666666666,14.5,131,0,0.0
2023-01-01T22:00:00.000000+0000,659.9,3.0999999999999996,68.39999999999999,12.3,137,0,0.0
2023-01-01T23:00:00.000000+0000,659.5,3.75,64.23333333333333,11.1,129,0,0.0
2023-01-02T00:00:00.000000+0000,659.0,3.1833333333333336,77.36666666666666,11.5,125,0,0.0
2023-01-02T01:00:00.000000+0000,658.9,3.0333333333333337,84.93333333333334,9.8,124,0,0.0
2023-01-02T02:00:00.000000+0000,658.9,3.5499999999999994,81.3,14.3,126,0,0.0
2023-01-02T03:00:00.000000+0000,659.0,3.8333333333333335,85.13333333333334,15.4,128,0,0.0
2023-01-02T04:00:00.000000+0000,659.7,4.066666666666666,86.63333333333333,14.4,124,5,0.0
2023-01-02T05:00:00.000000+0000,660.0,4.733333333333333,77.68333333333332,13.3,129,125,0.0
2023-01-02T06:00:00.000000+0000,660.3,6.516666666666667,68.76666666666667,15.0,130,301,0.0
2023-01-02T07:00:00.000000+0000,661.1,8.383333333333333,59.43333333333333,13.6,121,686,0.0
2023-01-02T08:00:00.000000+0000,661.6,8.966666666666667,54.699999999999996,11.7,115,876,0.0
2023-01-02T09:00:00.000000+0000,661.6,9.5,56.083333333333336,12.4,113,1008,0.0
2023-01-02T10:00:00.000000+0000,661.2,10.183333333333332,55.0,12.8,125,1067,0.0
2023-01-02T11:00:00.000000+0000,660.8,9.450000000000001,61.78333333333333,11.2,124,1059,0.0
2023-01-02T12:00:00.000000+0000,660.2,9.533333333333333,62.36666666666667,10.7,129,929,0.0
2023-01-02T13:00:00.000000+0000,660.1,9.133333333333335,57.06666666666667,11.0,142,779,0.0
2023-01-02T14:00:00.000000+0000,660.0,7.816666666666666,63.75,13.9,135,547,0.0
2023-01-02T15:00:00.000000+0000,660.2,5.916666666666667,71.56666666666666,12.5,130,162,0.0
2023-01-02T16:00:00.000000+0000,661.0,5.016666666666666,86.41666666666667,7.6,143,12,0.0
2023-01-02T17:00:00.000000+0000,660.7,4.6499999999999995,84.06666666666666,13.3,121,0,0.0
2023-01-02T18:00:00.000000+0000,660.7,4.866666666666666,76.63333333333334,16.8,123,0,0.0
2023-01-02T19:00:00.000000+0000,660.6,5.05,79.0,18.8,123,0,0.0
2023-01-02T20:00:00.000000+0000,660.5,4.699999999999999,88.26666666666667,15.8,125,0,0.0
2023-01-02T21:00:00.000000+0000,660.9,5.033333333333333,90.05000000000001,10.8,137,0,0.0
2023-01-02T22:00:00.000000+0000,660.2,5.366666666666667,98.14999999999999,13.2,129,0,0.0
2023-01-02T23:00:00.000000+0000,660.0,5.2,99.28333333333335,9.6,,0,41.8
2023-01-03T00:00:00.000000+0000,659.9,4.8999999999999995,99.25,11.9,110,0,37.8
2023-01-03T01:00:00.000000+0000,659.5,5.433333333333334,98.8,14.1,114,0,0.3
2023-01-03T02:00:00.000000+0000,659.5,4.45,98.11666666666667,11.0,117,0,4.2
2023-01-03T03:00:00.000000+0000,660.3,4.716666666666667,98.3,14.0,120,0,5.1
2023-01-03T04:00:00.000000+0000,659.1,4.733333333333333,98.78333333333335,17.4,125,6,0.9
2023-01-03T05:00:00.000000+0000,661.0,4.716666666666667,98.68333333333334,15.1,,63,43.5
2023-01-03T06:00:00.000000+0000,660.9,5.033333333333334,99.03333333333335,15.5,118,191,0.0
2023-01-03T07:00:00.000000+0000,661.5,5.666666666666667,98.66666666666667,14.0,115,373,20.9
2023-01-03T08:00:00.000000+0000,661.5,6.633333333333334,98.86666666666667,14.3,117,452,0.2
2023-01-03T09:00:00.000000+0000,661.8,7.0,97.43333333333334,15.2,113,862,1.9
2023-01-03T10:00:00.000000+0000,661.4,7.233333333333334,98.08333333333333,10.7,112,834,1.1
2023-01-03T11:00:00.000000+0000,661.3,8.183333333333332,84.58333333333333,8.4,108,614,0.1
2023-01-03T12:00:00.000000+0000,660.6,9.6,68.35000000000001,10.5,131,928,0.0
2023-01-03T13:00:00.000000+0000,660.8,7.866666666666667,82.78333333333332,9.0,132,669,0.0
2023-01-03T14:00:00.000000+0000,661.1,7.283333333333334,75.10000000000001,5.8,133,253,0.0
2023-01-03T15:00:00.000000+0000,660.8,6.050000000000001,76.43333333333334,10.6,134,199,0.0
2023-01-03T16:00:00.000000+0000,661.2,5.3500000000000005,83.78333333333335,9.3,133,14,0.0
2023-01-03T17:00:00.000000+0000,661.5,4.983333333333333,91.5,11.2,131,0,0.0
2023-01-03T18:00:00.000000+0000,661.8,5.166666666666667,91.28333333333335,13.5,118,0,0.0
2023-01-03T19:00:00.000000+0000,661.8,5.066666666666666,93.66666666666667,12.9,117,0,0.0
2023-01-03T20:00:00.000000+0000,661.8,4.449999999999999,98.56666666666666,14.2,118,0,0.0
2023-01-03T21:00:00.000000+0000,661.3,4.183333333333334,98.78333333333335,15.0,116,0,0.0
2023-01-03T22:00:00.000000+0000,661.1,4.300000000000001,99.3,12.8,120,0,0.0
2023-01-03T23:00:00.000000+0000,660.9,4.25,99.3,7.8,115,0,0.0
2023-01-04T00:00:00.000000+0000,660.1,4.3500000000000005,99.3,12.1,110,0,0.0
2023-01-04T01:00:00.000000+0000,659.5,4.266666666666667,99.26666666666667,12.5,118,0,0.0
2023-01-04T02:00:00.000000+0000,659.1,4.083333333333333,99.26666666666667,14.4,125,0,0.0
2023-01-04T03:00:00.000000+0000,659.6,4.2,98.45,12.5,126,0,0.0
2023-01-04T04:00:00.000000+0000,659.7,4.55,95.85000000000001,14.6,126,7,0.0
2023-01-04T05:00:00.000000+0000,660.0,6.599999999999999,84.38333333333334,16.9,134,109,0.0
2023-01-04T06:00:00.000000+0000,660.3,8.016666666666667,78.31666666666668,16.1,137,477,0.0
2023-01-04T07:00:00.000000+0000,661.1,9.116666666666667,71.91666666666667,13.9,135,723,0.0
2023-01-04T08:00:00.000000+0000,661.7,10.333333333333334,67.81666666666666,10.5,145,912,0.0
2023-01-04T09:00:00.000000+0000,661.6,9.483333333333333,76.7,8.0,184,1057,0.0
2023-01-04T10:00:00.000000+0000,661.3,9.083333333333334,81.56666666666666,5.1,165,1046,0.0
2023-01-04T11:00:00.000000+0000,660.8,8.8,76.7,3.6,219,521,0.0
2023-01-04T12:00:00.000000+0000,660.4,8.950000000000001,80.13333333333334,3.1,243,429,0.0
2023-01-04T13:00:00.000000+0000,660.1,7.983333333333333,89.05,2.7,124,294,0.0
2023-01-04T14:00:00.000000+0000,660.1,7.3999999999999995,90.76666666666665,3.5,225,292,0.0
2023-01-04T15:00:00.000000+0000,660.6,5.633333333333334,81.18333333333332,2.5,327,162,0.0
2023-01-04T16:00:00.000000+0000,661.2,4.75,81.6,5.3,156,11,0.0
2023-01-04T17:00:00.000000+0000,661.7,4.3,83.81666666666666,6.7,176,0,0.0
2023-01-04T18:00:00.000000+0000,661.8,3.4166666666666674,83.03333333333332,6.7,151,0,0.0
2023-01-04T19:00:00.000000+0000,661.9,3.2499999999999996,77.94999999999999,8.9,156,0,0.0
2023-01-04T20:00:00.000000+0000,661.5,2.8166666666666664,64.66666666666667,12.8,149,0,0.0
2023-01-04T21:00:00.000000+0000,661.7,3.116666666666667,50.35,9.5,167,0,0.0
2023-01-04T22:00:00.000000+0000,660.7,3.0500000000000003,48.28333333333333,10.6,150,0,0.0
2023-01-04T23:00:00.000000+0000,660.2,3.4166666666666665,50.46666666666666,9.5,152,0,0.0
2023-01-05T00:00:00.000000+0000,659.7,2.8833333333333333,55.583333333333336,9.7,147,0,0.0
2023-01-05T01:00:00.000000+0000,658.8,2.9166666666666665,51.449999999999996,15.4,139,0,0.0
2023-01-05T02:00:00.000000+0000,658.5,3.233333333333333,47.1,16.7,139,0,0.0
2023-01-05T03:00:00.000000+0000,658.8,4.066666666666666,39.583333333333336,14.7,142,0,0.0
2023-01-05T04:00:00.000000+0000,659.6,5.383333333333333,35.25,9.4,149,9,0.0
2023-01-05T05:00:00.000000+0000,660.0,7.900000000000001,38.93333333333333,8.6,148,224,0.0
2023-01-05T06:00:00.000000+0000,660.8,7.383333333333333,64.1,6.7,173,471,0.0
2023-01-05T07:00:00.000000+0000,661.3,7.6000000000000005,74.03333333333335,3.0,301,695,0.0
2023-01-05T08:00:00.000000+0000,661.7,8.4,78.71666666666667,4.6,304,880,0.0
2023-01-05T09:00:00.000000+0000,661.5,9.666666666666668,61.36666666666667,4.7,298,745,0.0
2023-01-05T10:00:00.000000+0000,661.3,8.316666666666666,74.01666666666667,3.4,105,1080,0.0
2023-01-05T11:00:00.000000+0000,660.9,7.266666666666666,84.03333333333333,6.3,301,586,0.0
2023-01-05T12:00:00.000000+0000,660.6,7.183333333333334,91.19999999999999,6.1,281,382,0.0
2023-01-05T13:00:00.000000+0000,660.2,7.0,94.16666666666667,5.0,278,408,0.0
2023-01-05T14:00:00.000000+0000,660.2,6.1000000000000005,99.21666666666668,4.6,275,338,0.0
2023-01-05T15:00:00.000000+0000,660.5,5.133333333333333,99.26666666666667,4.2,269,104,0.0
2023-01-05T16:00:00.000000+0000,660.8,4.366666666666666,99.3,2.7,298,7,0.0
2023-01-05T17:00:00.000000+0000,661.1,2.983333333333333,97.75,1.6,265,0,0.0
2023-01-05T18:00:00.000000+0000,661.4,2.016666666666667,99.05000000000001,1.3,139,0,0.0
2023-01-05T19:00:00.000000+0000,661.7,2.1666666666666665,99.28333333333335,1.0,135,0,0.0
2023-01-05T20:00:00.000000+0000,661.7,1.9833333333333334,99.3,1.2,197,0,0.0
2023-01-05T21:00:00.000000+0000,661.6,2.766666666666667,92.91666666666667,1.9,221,0,0.0
2023-01-05T22:00:00.000000+0000,661.3,2.4666666666666663,98.5,1.5,360,0,0.0
2023-01-05T23:00:00.000000+0000,660.8,2.3333333333333335,95.83333333333333,2.4,265,0,0.0
2023-01-06T00:00:00.000000+0000,660.4,3.1166666666666667,83.63333333333333,0.9,225,0,0.0
2023-01-06T01:00:00.000000+0000,660.1,3.4666666666666663,79.26666666666667,1.9,188,0,0.0
2023-01-06T02:00:00.000000+0000,660.2,3.4000000000000004,79.46666666666667,3.8,174,0,0.0
2023-01-06T03:00:00.000000+0000,660.5,3.116666666666667,74.51666666666667,3.3,153,0,0.0
2023-01-06T04:00:00.000000+0000,661.1,4.083333333333333,67.64999999999999,1.9,168,9,0.0
2023-01-06T05:00:00.000000+0000,661.8,5.833333333333333,65.36666666666667,0.5,315,218,0.0
2023-01-06T06:00:00.000000+0000,662.3,6.716666666666666,67.05,1.0,284,462,0.0
2023-01-06T07:00:00.000000+0000,662.7,7.933333333333334,67.51666666666667,3.8,286,689,0.0
2023-01-06T08:00:00.000000+0000,662.8,9.25,49.79999999999999,4.4,274,875,0.0
2023-01-06T09:00:00.000000+0000,662.5,9.6,48.88333333333333,7.2,10,1026,0.0
2023-01-06T10:00:00.000000+0000,662.2,8.933333333333335,58.98333333333334,7.0,328,1060,0.0
2023-01-06T11:00:00.000000+0000,661.7,8.866666666666667,64.45,5.5,357,896,0.0
2023-01-06T12:00:00.000000+0000,661.2,8.033333333333333,73.03333333333335,6.1,18,730,0.0
2023-01-06T13:00:00.000000+0000,660.8,7.183333333333333,79.66666666666667,6.6,38,377,0.0
2023-01-06T14:00:00.000000+0000,660.7,5.883333333333333,87.03333333333335,6.1,53,240,0.0
2023-01-06T15:00:00.000000+0000,661.0,5.683333333333334,84.35000000000001,5.5,72,84,0.0
2023-01-06T16:00:00.000000+0000,661.3,4.383333333333333,89.95,2.5,158,65,0.0
2023-01-06T17:00:00.000000+0000,661.6,4.1,93.48333333333333,0.9,262,0,0.0
2023-01-06T18:00:00.000000+0000,662.1,3.016666666666667,94.46666666666665,2.3,204,0,0.0
2023-01-06T19:00:00.000000+0000,662.3,2.983333333333333,92.56666666666668,1.6,141,0,0.0
2023-01-06T20:00:00.000000+0000,662.6,3.0833333333333335,93.33333333333333,1.9,120,0,0.0
2023-01-06T21:00:00.000000+0000,662.7,3.133333333333333,91.64999999999999,2.8,122,0,0.0
2023-01-06T22:00:00.000000+0000,662.2,3.4166666666666665,89.16666666666667,4.0,192,0,0.0
2023-01-06T23:00:00.000000+0000,661.6,2.3000000000000003,91.66666666666667,2.2,208,0,0.0
2023-01-07T00:00:00.000000+0000,661.0,2.3666666666666667,88.13333333333333,1.2,185,0,0.0
2023-01-07T01:00:00.000000+0000,660.7,3.0499999999999994,82.03333333333335,2.5,189,0,0.0
2023-01-07T02:00:00.000000+0000,660.7,3.016666666666666,80.8,1.8,202,0,0.0
2023-01-07T03:00:00.000000+0000,660.8,2.3166666666666664,82.85000000000001,1.1,225,0,0.0
2023-01-07T04:00:00.000000+0000,661.2,4.1499999999999995,79.33333333333333,1.8,159,8,0.0
2023-01-07T05:00:00.000000+0000,661.7,6.1000000000000005,69.39999999999999,2.3,175,208,0.0
2023-01-07T06:00:00.000000+0000,662.3,6.566666666666667,72.56666666666666,1.5,282,291,0.0
2023-01-07T07:00:00.000000+0000,662.6,7.166666666666665,71.71666666666667,2.7,290,477,0.0
2023-01-07T08:00:00.000000+0000,662.6,7.316666666666666,74.43333333333334,3.7,285,388,0.0
2023-01-07T09:00:00.000000+0000,662.2,7.016666666666667,78.69999999999999,4.2,343,334,0.0
2023-01-07T10:00:00.000000+0000,661.8,7.183333333333334,79.56666666666666,5.0,358,276,0.0
2023-01-07T11:00:00.000000+0000,661.3,7.45,77.36666666666666,4.9,5,191,0.0
2023-01-07T12:00:00.000000+0000,660.8,6.75,86.61666666666667,4.1,4,149,0.0
2023-01-07T13:00:00.000000+0000,660.4,6.8999999999999995,86.36666666666666,4.5,350,168,0.0
2023-01-07T14:00:00.000000+0000,660.2,6.616666666666667,87.68333333333334,6.7,76,129,0.0
2023-01-07T15:00:00.000000+0000,660.4,5.649999999999999,94.66666666666667,4.6,84,68,0.0
2023-01-07T16:00:00.000000+0000,660.6,5.25,91.66666666666664,4.1,99,11,0.0
2023-01-07T17:00:00.000000+0000,661.0,5.383333333333333,87.8,2.6,148,0,0.0
2023-01-07T18:00:00.000000+0000,661.5,3.1999999999999997,93.16666666666667,1.9,131,0,0.0
2023-01-07T19:00:00.000000+0000,661.9,2.983333333333333,93.38333333333333,2.4,164,0,0.0
2023-01-07T20:00:00.000000+0000,662.0,3.3166666666666664,88.76666666666665,6.6,137,0,0.0
2023-01-07T21:00:00.000000+0000,662.0,3.5,84.64999999999999,7.6,141,0,0.0
2023-01-07T22:00:00.000000+0000,661.4,3.1333333333333333,80.75,8.1,138,0,0.0
2023-01-07T23:00:00.000000+0000,661.0,2.8333333333333335,76.91666666666667,6.7,137,0,0.0
2023-01-08T00:00:00.000000+0000,660.4,3.0833333333333335,76.36666666666667,7.9,139,0,0.0
2023-01-08T01:00:00.000000+0000,660.0,2.9166666666666665,74.38333333333334,7.8,138,0,0.0
2023-01-08T02:00:00.000000+0000,660.0,2.8833333333333333,70.56,5.0,153,0,0.0
2023-01-08T03:00:00.000000+0000,660.5,1.9000000000000001,76.01666666666667,1.8,204,0,0.0
2023-01-08T04:00:00.000000+0000,660.7,4.0,77.26666666666667,6.5,138,8,0.0
2023-01-08T05:00:00.000000+0000,661.2,7.366666666666666,65.16666666666667,7.1,136,216,0.0
2023-01-08T06:00:00.000000+0000,661.8,9.016666666666667,57.76666666666666,7.0,117,467,0.0
2023-01-08T07:00:00.000000+0000,662.1,7.816666666666666,66.28333333333333,5.7,98,480,0.0
2023-01-08T08:00:00.000000+0000,662.3,9.566666666666668,63.050000000000004,4.8,80,299,0.0
2023-01-08T09:00:00.000000+0000,661.8,10.033333333333333,66.0,6.3,72,807,0.0
2023-01-08T10:00:00.000000+0000,661.4,9.233333333333333,66.3,8.6,80,544,0.0
2023-01-08T11:00:00.000000+0000,660.9,9.15,68.85000000000001,7.4,86,366,0.0
2023-01-08T12:00:00.000000+0000,660.4,8.700000000000001,73.76666666666667,6.9,76,294,0.0
2023-01-08T13:00:00.000000+0000,660.3,7.083333333333333,97.63333333333333,4.5,31,185,0.0
2023-01-08T14:00:00.000000+0000,660.3,5.316666666666666,99.26666666666667,2.1,309,88,0.0
2023-01-08T15:00:00.000000+0000,660.6,5.05,99.23333333333335,1.8,270,51,0.0
2023-01-08T16:00:00.000000+0000,660.7,3.9333333333333322,97.93333333333334,1.4,233,17,0.0
2023-01-08T17:00:00.000000+0000,661.1,2.9499999999999997,92.46666666666665,2.4,185,0,0.0
2023-01-08T18:00:00.000000+0000,661.8,3.016666666666666,86.85000000000001,2.5,189,0,0.0
2023-01-08T19:00:00.000000+0000,662.3,2.9,70.41666666666667,3.2,153,0,0.0
2023-01-08T20:00:00.000000+0000,662.3,3.466666666666667,63.75,5.2,139,0,0.0
2023-01-08T21:00:00.000000+0000,662.2,4.1499999999999995,60.900000000000006,6.3,137,0,0.0
2023-01-08T22:00:00.000000+0000,661.7,4.05,65.16666666666667,7.3,138,0,0.0
2023-01-08T23:00:00.000000+0000,661.3,2.75,80.08333333333334,5.1,132,0,0.0
2023-01-09T00:00:00.000000+0000,660.8,3.466666666666667,75.75,8.7,136,0,0.0
2023-01-09T01:00:00.000000+0000,660.5,4.333333333333333,59.86666666666667,8.5,144,0,0.0
2023-01-09T02:00:00.000000+0000,660.8,2.65,61.71666666666667,4.3,162,0,0.0
2023-01-09T03:00:00.000000+0000,661.1,3.466666666666667,73.41666666666667,6.0,143,0,0.0
2023-01-09T04:00:00.000000+0000,661.3,5.699999999999999,70.73333333333333,7.8,138,10,0.0
2023-01-09T05:00:00.000000+0000,661.8,9.1,52.63333333333333,6.7,144,214,0.0
2023-01-09T06:00:00.000000+0000,662.3,9.5,58.31666666666667,6.0,110,462,0.0
2023-01-09T07:00:00.000000+0000,662.5,8.283333333333333,80.51666666666667,3.6,320,663,0.0
2023-01-09T08:00:00.000000+0000,662.6,7.8,92.91666666666667,3.9,310,518,0.0
2023-01-09T09:00:00.000000+0000,662.3,7.333333333333332,96.08333333333333,4.5,296,306,0.0
2023-01-09T10:00:00.000000+0000,662.0,7.016666666666667,99.21666666666665,3.9,270,227,0.0
2023-01-09T11:00:00.000000+0000,661.5,7.666666666666667,95.46666666666665,2.5,264,226,2.9
2023-01-09T12:00:00.000000+0000,661.0,8.216666666666667,95.88333333333333,3.7,34,373,0.6
2023-01-09T13:00:00.000000+0000,660.7,8.016666666666667,84.31666666666666,6.9,65,292,0.0
2023-01-09T14:00:00.000000+0000,660.7,6.8500000000000005,93.46666666666665,6.4,84,143,0.0
2023-01-09T15:00:00.000000+0000,661.0,5.449999999999999,97.98333333333333,1.2,270,46,0.0
2023-01-09T16:00:00.000000+0000,661.1,4.433333333333333,94.5,2.3,169,14,0.0
2023-01-09T17:00:00.000000+0000,661.6,4.1499999999999995,96.10000000000001,2.0,184,0,0.0
2023-01-09T18:00:00.000000+0000,662.4,3.0999999999999996,94.3,1.2,159,0,0.0
2023-01-09T19:00:00.000000+0000,662.7,2.8666666666666667,80.68333333333332,2.8,131,0,0.0
2023-01-09T20:00:00.000000+0000,662.8,3.5333333333333337,79.73333333333333,5.2,134,0,0.0
2023-01-09T21:00:00.000000+0000,662.6,4.233333333333333,67.6,7.4,131,0,0.0
2023-01-09T22:00:00.000000+0000,662.3,3.566666666666667,65.35000000000001,7.0,134,0,0.0
2023-01-09T23:00:00.000000+0000,661.8,3.466666666666667,71.55,7.4,133,0,0.0
2023-01-10T00:00:00.000000+0000,661.1,2.733333333333334,68.81666666666666,9.1,131,0,0.0
2023-01-10T01:00:00.000000+0000,661.2,2.35,51.5,6.0,143,0,0.0
2023-01-10T02:00:00.000000+0000,661.3,2.1999999999999997,52.050000000000004,4.4,167,0,0.0
2023-01-10T03:00:00.000000+0000,661.3,4.233333333333333,39.53333333333333,7.9,144,0,0.0
2023-01-10T04:00:00.000000+0000,661.6,5.066666666666667,39.28333333333333,8.7,147,8,0.0
2023-01-10T05:00:00.000000+0000,662.2,7.599999999999999,41.550000000000004,7.6,134,216,0.0
2023-01-10T06:00:00.000000+0000,662.6,9.3,43.949999999999996,7.4,126,465,0.0
2023-01-10T07:00:00.000000+0000,663.0,8.533333333333333,66.46666666666665,3.1,180,693,0.0
2023-01-10T08:00:00.000000+0000,663.0,7.833333333333333,80.95,6.2,278,667,0.0
2023-01-10T09:00:00.000000+0000,662.9,7.25,84.18333333333334,8.8,285,417,0.0
2023-01-10T10:00:00.000000+0000,662.6,8.4,75.58333333333333,4.3,314,290,0.0
2023-01-10T11:00:00.000000+0000,662.0,7.800000000000001,81.19999999999999,4.4,71,370,0.0
2023-01-10T12:00:00.000000+0000,661.6,8.183333333333334,79.01666666666667,4.2,182,170,0.0
2023-01-10T13:00:00.000000+0000,661.2,8.183333333333334,76.26666666666668,5.8,61,219,0.0
2023-01-10T14:00:00.000000+0000,661.1,7.683333333333333,76.06666666666668,7.1,67,228,0.0
2023-01-10T15:00:00.000000+0000,661.3,5.300000000000001,86.96666666666665,5.2,68,101,0.0
2023-01-10T16:00:00.000000+0000,661.4,4.066666666666666,66.23333333333333,6.9,131,14,0.0
2023-01-10T17:00:00.000000+0000,662.1,3.75,51.48333333333334,4.5,164,0,0.0
2023-01-10T18:00:00.000000+0000,662.5,3.633333333333333,44.43333333333334,8.1,144,0,0.0
2023-01-10T19:00:00.000000+0000,662.8,3.6166666666666667,59.23333333333333,8.2,137,0,0.0
2023-01-10T20:00:00.000000+0000,662.6,4.116666666666667,61.25,8.3,145,0,0.0
2023-01-10T21:00:00.000000+0000,662.8,3.0833333333333335,70.01666666666667,4.2,153,0,0.0
2023-01-10T22:00:00.000000+0000,662.1,2.3000000000000003,68.76666666666667,6.7,137,0,0.0
2023-01-10T23:00:00.000000+0000,661.5,2.9166666666666665,56.98333333333333,6.5,131,0,0.0
2023-01-11T00:00:00.000000+0000,661.1,3.533333333333333,52.099999999999994,6.7,124,0,0.0
2023-01-11T01:00:00.000000+0000,661.0,2.9333333333333336,45.46666666666666,5.8,130,0,0.0
2023-01-11T02:00:00.000000+0000,660.8,2.8833333333333333,44.133333333333326,5.0,124,0,0.0
2023-01-11T03:00:00.000000+0000,661.1,4.416666666666667,38.63333333333333,6.7,123,0,0.0
2023-01-11T04:00:00.000000+0000,661.4,5.5,37.81666666666667,8.2,134,8,0.0
2023-01-11T05:00:00.000000+0000,661.8,8.000000000000002,41.81666666666666,7.8,135,213,0.0
2023-01-11T06:00:00.000000+0000,662.1,9.25,42.35,7.6,108,461,0.0
2023-01-11T07:00:00.000000+0000,662.3,10.35,47.38333333333333,6.4,106,689,0.0
2023-01-11T08:00:00.000000+0000,662.2,11.466666666666667,54.4,6.2,90,898,0.0
2023-01-11T09:00:00.000000+0000,662.1,10.116666666666665,72.96666666666665,3.8,198,1104,0.0
2023-01-11T10:00:00.000000+0000,661.6,8.933333333333335,77.91666666666667,2.3,257,722,0.0
2023-01-11T11:00:00.000000+0000,661.1,8.950000000000001,76.64999999999999,3.6,253,254,0.0
2023-01-11T12:00:00.000000+0000,660.5,8.816666666666668,72.16666666666667,4.1,266,310,0.0
2023-01-11T13:00:00.000000+0000,660.3,8.0,74.91666666666667,5.2,56,225,0.0
2023-01-11T14:00:00.000000+0000,660.0,7.683333333333334,77.03333333333333,7.8,70,176,0.0
2023-01-11T15:00:00.000000+0000,660.2,6.3,85.14999999999999,6.8,85,179,0.0
2023-01-11T16:00:00.000000+0000,660.4,5.0,82.41666666666667,7.1,121,21,0.0
2023-01-11T17:00:00.000000+0000,660.8,4.433333333333333,79.13333333333334,3.6,138,0,0.0
2023-01-11T18:00:00.000000+0000,661.0,,,,,,
2023-01-12T09:00:00.000000+0000,,9.7,49.475,,,,
2023-01-12T10:00:00.000000+0000,660.9,10.15,49.833333333333336,9.7,66,1071,0.0
2023-01-12T11:00:00.000000+0000,660.5,9.783333333333333,65.25,8.3,63,1066,0.0
2023-01-12T12:00:00.000000+0000,659.9,9.216666666666667,71.91666666666667,10.2,51,697,0.0
2023-01-12T13:00:00.000000+0000,659.6,9.333333333333332,64.73333333333333,7.8,57,558,0.0
2023-01-12T14:00:00.000000+0000,659.5,8.083333333333332,70.53333333333335,6.9,76,587,0.0
2023-01-12T15:00:00.000000+0000,659.5,6.216666666666666,77.95,7.6,97,335,0.0
2023-01-12T16:00:00.000000+0000,659.9,4.466666666666666,85.88333333333334,7.7,96,76,0.0
2023-01-12T17:00:00.000000+0000,660.5,3.233333333333334,70.03333333333335,6.2,117,0,0.0
2023-01-12T18:00:00.000000+0000,660.8,3.6999999999999997,35.68333333333333,7.4,132,0,0.0
2023-01-12T19:00:00.000000+0000,661.1,3.766666666666666,24.383333333333336,9.1,131,0,0.0
2023-01-12T20:00:00.000000+0000,661.2,3.9500000000000006,19.400000000000002,9.1,133,0,0.0
2023-01-12T21:00:00.000000+0000,661.2,3.5,25.899999999999995,9.2,129,0,0.0
2023-01-12T22:00:00.000000+0000,661.1,3.416666666666666,26.36666666666667,8.2,132,0,0.0
2023-01-12T23:00:00.000000+0000,660.5,3.1166666666666667,29.38333333333333,9.0,123,0,0.0
2023-01-13T00:00:00.000000+0000,660.1,2.983333333333333,28.866666666666664,9.9,128,0,0.0
2023-01-13T01:00:00.000000+0000,660.0,2.8000000000000003,26.28333333333333,9.7,124,0,0.0
2023-01-13T02:00:00.000000+0000,659.9,2.2833333333333337,27.283333333333335,9.6,123,0,0.0
2023-01-13T03:00:00.000000+0000,660.1,2.283333333333333,27.133333333333336,9.4,132,0,0.0
2023-01-13T04:00:00.000000+0000,660.6,3.9666666666666663,21.66666666666667,8.9,130,7,0.0
2023-01-13T05:00:00.000000+0000,661.0,6.483333333333333,21.933333333333334,10.4,126,211,0.0
2023-01-13T06:00:00.000000+0000,661.4,8.283333333333333,23.666666666666668,9.2,112,463,0.0
2023-01-13T07:00:00.000000+0000,661.5,9.583333333333334,22.88333333333333,9.0,102,693,0.0
2023-01-13T08:00:00.000000+0000,661.4,11.083333333333334,22.55,8.1,95,882,0.0
2023-01-13T09:00:00.000000+0000,661.1,11.416666666666666,18.8,7.8,102,1011,0.0
2023-01-13T10:00:00.000000+0000,660.7,12.333333333333334,30.183333333333326,6.9,94,1070,0.0
2023-01-13T11:00:00.000000+0000,660.3,11.0,41.15,8.2,56,1045,0.0
2023-01-13T12:00:00.000000+0000,660.0,9.316666666666666,52.78333333333333,6.6,62,710,0.0
2023-01-13T13:00:00.000000+0000,659.6,8.633333333333333,63.35,4.9,73,205,0.0
2023-01-13T14:00:00.000000+0000,659.7,9.783333333333333,64.51666666666667,2.5,162,211,0.0
2023-01-13T15:00:00.000000+0000,660.0,7.2,76.28333333333333,3.1,260,338,0.0
2023-01-13T16:00:00.000000+0000,660.4,3.566666666666667,91.61666666666667,2.7,254,64,0.0
2023-01-13T17:00:00.000000+0000,660.6,3.1,59.18333333333334,1.0,140,0,0.0
2023-01-13T18:00:00.000000+0000,661.0,3.3333333333333335,42.86666666666667,0.8,157,0,0.0
2023-01-13T19:00:00.000000+0000,661.4,2.3833333333333333,36.06666666666667,0.5,104,0,0.0
2023-01-13T20:00:00.000000+0000,661.5,2.433333333333333,50.633333333333326,1.8,107,0,0.0
2023-01-13T21:00:00.000000+0000,661.6,1.8,66.15,1.6,108,0,0.0
2023-01-13T22:00:00.000000+0000,661.1,2.783333333333333,48.15,0.5,158,0,0.0
2023-01-13T23:00:00.000000+0000,660.5,1.5333333333333334,38.266666666666666,1.2,85,0,0.0
2023-01-14T00:00:00.000000+0000,660.2,2.1333333333333333,23.233333333333334,1.6,86,0,0.0
2023-01-14T01:00:00.000000+0000,660.0,1.7,28.366666666666664,2.6,92,0,0.0
2023-01-14T02:00:00.000000+0000,660.1,2.1333333333333333,18.683333333333334,3.7,103,0,0.0
2023-01-14T03:00:00.000000+0000,660.4,1.1500000000000001,19.833333333333332,4.3,108,0,0.0
2023-01-14T04:00:00.000000+0000,660.8,3.983333333333333,16.916666666666664,4.1,113,7,0.0
2023-01-14T05:00:00.000000+0000,661.4,8.533333333333333,11.050000000000002,5.3,127,208,0.0
2023-01-14T06:00:00.000000+0000,661.8,9.549999999999999,14.183333333333332,3.1,86,459,0.0
2023-01-14T07:00:00.000000+0000,662.0,9.35,29.2,2.1,3,689,0.0
2023-01-14T08:00:00.000000+0000,661.8,9.85,38.06666666666666,4.2,327,875,0.0
2023-01-14T09:00:00.000000+0000,661.4,10.016666666666666,47.800000000000004,5.2,298,1000,0.0
2023-01-14T10:00:00.000000+0000,661.2,8.533333333333333,61.650000000000006,5.9,311,586,0.0
2023-01-14T11:00:00.000000+0000,660.8,7.95,71.25,4.8,299,262,0.0
2023-01-14T12:00:00.000000+0000,660.3,7.000000000000001,78.98333333333333,3.3,283,202,0.0
2023-01-14T13:00:00.000000+0000,660.1,6.95,83.18333333333332,4.3,189,157,0.5
2023-01-14T14:00:00.000000+0000,660.0,7.5,80.18333333333334,2.4,175,252,0.1
2023-01-14T15:00:00.000000+0000,660.1,6.5,84.0,2.3,90,210,0.0
2023-01-14T16:00:00.000000+0000,660.3,4.383333333333334,92.09999999999998,2.3,216,61,0.0
2023-01-14T17:00:00.000000+0000,660.7,3.516666666666666,90.19999999999999,1.2,260,0,0.0
2023-01-14T18:00:00.000000+0000,661.0,3.0500000000000003,80.51666666666667,1.2,142,0,0.0
2023-01-14T19:00:00.000000+0000,661.3,2.783333333333333,77.46666666666667,0.8,153,0,0.0
2023-01-14T20:00:00.000000+0000,661.3,2.05,67.61666666666666,1.2,180,0,0.0
2023-01-14T21:00:00.000000+0000,661.1,1.7499999999999998,81.41666666666667,2.6,119,0,0.0
2023-01-14T22:00:00.000000+0000,660.8,2.6666666666666665,79.11666666666667,2.0,137,0,0.0
2023-01-14T23:00:00.000000+0000,660.3,1.6833333333333333,75.10000000000001,1.7,173,0,0.0
2023-01-15T00:00:00.000000+0000,659.9,1.1666666666666667,53.53333333333333,1.6,130,0,0.0
2023-01-15T01:00:00.000000+0000,659.6,2.0166666666666666,39.83333333333333,3.6,124,0,0.0
2023-01-15T02:00:00.000000+0000,659.7,2.4666666666666663,37.15,5.0,115,0,0.0
2023-01-15T03:00:00.000000+0000,659.8,3.016666666666667,37.733333333333334,5.5,118,0,0.0
2023-01-15T04:00:00.000000+0000,660.2,5.1499999999999995,37.63333333333333,5.5,122,7,0.0
2023-01-15T05:00:00.000000+0000,660.9,9.233333333333333,26.150000000000002,4.5,113,204,0.0
2023-01-15T06:00:00.000000+0000,661.3,10.733333333333333,24.96666666666667,4.4,109,454,0.0
2023-01-15T07:00:00.000000+0000,661.5,12.333333333333336,25.05,4.3,82,684,0.0
2023-01-15T08:00:00.000000+0000,661.5,12.383333333333333,29.899999999999995,4.8,76,872,0.0
2023-01-15T09:00:00.000000+0000,661.2,12.066666666666668,41.78333333333333,3.2,92,1006,0.0
2023-01-15T10:00:00.000000+0000,660.8,11.166666666666666,57.70000000000001,4.5,213,943,0.0
2023-01-15T11:00:00.000000+0000,660.2,10.766666666666666,66.63333333333333,6.6,256,989,0.0
2023-01-15T12:00:00.000000+0000,659.7,9.583333333333334,71.33333333333334,8.3,232,726,0.0
2023-01-15T13:00:00.000000+0000,659.5,8.700000000000001,67.55,4.8,241,673,0.0
2023-01-15T14:00:00.000000+0000,659.4,8.85,60.03333333333334,5.3,89,219,0.0
2023-01-15T15:00:00.000000+0000,659.8,7.166666666666667,45.48333333333334,5.9,125,283,0.0
2023-01-15T16:00:00.000000+0000,660.1,5.716666666666666,39.01666666666667,6.5,130,61,0.0
2023-01-15T17:00:00.000000+0000,660.4,5.633333333333334,37.416666666666664,7.0,134,0,0.0
2023-01-15T18:00:00.000000+0000,660.7,5.733333333333334,36.15,7.5,132,0,0.0
2023-01-15T19:00:00.000000+0000,661.2,5.416666666666667,33.11666666666667,8.2,123,0,0.0
2023-01-15T20:00:00.000000+0000,661.2,5.016666666666667,32.016666666666666,8.2,118,0,0.0
2023-01-15T21:00:00.000000+0000,660.9,4.583333333333333,32.95,8.4,119,0,0.0
2023-01-15T22:00:00.000000+0000,660.5,4.533333333333333,32.050000000000004,8.4,120,0,0.0
2023-01-15T23:00:00.000000+0000,660.1,4.583333333333334,33.5,9.1,122,0,0.0
2023-01-16T00:00:00.000000+0000,659.6,4.883333333333334,31.716666666666665,9.8,107,0,0.0
2023-01-16T01:00:00.000000+0000,659.3,4.95,28.8,11.1,101,0,0.0
2023-01-16T02:00:00.000000+0000,659.6,4.333333333333333,30.866666666666664,11.0,101,0,0.0
2023-01-16T03:00:00.000000+0000,660.0,3.9166666666666665,36.03333333333334,8.8,102,0,0.0
2023-01-16T04:00:00.000000+0000,660.4,4.983333333333333,36.766666666666666,9.2,112,7,0.0
2023-01-16T05:00:00.000000+0000,660.9,7.766666666666666,28.349999999999998,7.2,120,205,0.0
2023-01-16T06:00:00.000000+0000,661.4,9.216666666666667,25.8,8.3,90,457,0.0
2023-01-16T07:00:00.000000+0000,661.7,10.4,26.13333333333333,7.0,74,689,0.0
2023-01-16T08:00:00.000000+0000,661.7,11.083333333333334,29.66666666666666,7.9,64,878,0.0
2023-01-16T09:00:00.000000+0000,661.3,10.85,40.400000000000006,7.6,63,1009,0.0
2023-01-16T10:00:00.000000+0000,660.7,10.766666666666667,49.26666666666667,7.3,54,1069,0.0
2023-01-16T11:00:00.000000+0000,660.2,9.566666666666668,61.28333333333334,10.0,50,1005,0.0
2023-01-16T12:00:00.000000+0000,659.9,8.766666666666666,66.8,10.6,43,589,0.0
2023-01-16T13:00:00.000000+0000,659.7,8.366666666666665,68.9,9.7,52,478,0.0
2023-01-16T14:00:00.000000+0000,659.8,7.05,75.93333333333334,9.1,48,418,0.0
2023-01-16T15:00:00.000000+0000,660.1,5.566666666666666,75.2,6.9,68,293,0.0
2023-01-16T16:00:00.000000+0000,660.4,3.566666666666667,86.3,6.4,116,69,0.0
2023-01-16T17:00:00.000000+0000,660.7,3.3833333333333333,68.11666666666666,6.9,137,0,0.0
2023-01-16T18:00:00.000000+0000,660.8,2.1666666666666665,63.75000000000001,7.9,141,0,0.0
2023-01-16T19:00:00.000000+0000,661.2,2.7833333333333337,50.18333333333334,8.3,133,0,0.0
2023-01-16T20:00:00.000000+0000,661.4,2.5833333333333335,46.61666666666667,7.5,117,0,0.0
2023-01-16T21:00:00.000000+0000,661.2,2.35,53.46666666666667,7.3,121,0,0.0
2023-01-16T22:00:00.000000+0000,660.7,2.35,68.78333333333332,7.2,123,0,0.0
2023-01-16T23:00:00.000000+0000,660.3,2.0,74.28333333333333,6.8,120,0,0.0
2023-01-17T00:00:00.000000+0000,659.9,1.3,72.5,6.6,113,0,0.0
2023-01-17T01:00:00.000000+0000,659.6,0.5833333333333334,60.86666666666667,6.0,128,0,0.0
2023-01-17T02:00:00.000000+0000,659.8,0.9166666666666669,61.21666666666667,6.2,122,0,0.0
2023-01-17T03:00:00.000000+0000,660.1,1.3,44.75,5.8,124,0,0.0
2023-01-17T04:00:00.000000+0000,660.6,3.3000000000000003,47.11666666666667,5.9,115,7,0.0
2023-01-17T05:00:00.000000+0000,661.1,7.533333333333332,32.65,5.9,121,203,0.0
2023-01-17T06:00:00.000000+0000,661.6,7.766666666666667,52.79999999999999,5.3,45,455,0.0
2023-01-17T07:00:00.000000+0000,661.9,9.366666666666665,37.15,6.9,21,684,0.0
2023-01-17T08:00:00.000000+0000,661.7,10.183333333333332,44.43333333333333,7.1,40,876,0.0
2023-01-17T09:00:00.000000+0000,661.2,8.633333333333335,66.01666666666667,8.7,46,1017,0.0
2023-01-17T10:00:00.000000+0000,660.9,6.033333333333332,80.58333333333333,8.2,12,530,0.0
2023-01-17T11:00:00.000000+0000,660.5,5.733333333333333,89.09999999999998,6.2,3,94,0.0
2023-01-17T12:00:00.000000+0000,659.9,6.316666666666667,85.06666666666666,7.7,30,109,0.0
2023-01-17T13:00:00.000000+0000,659.7,6.900000000000001,81.11666666666667,7.8,53,179,0.0
2023-01-17T14:00:00.000000+0000,659.7,6.166666666666667,87.53333333333335,6.2,30,147,0.0
2023-01-17T15:00:00.000000+0000,659.9,4.85,92.25,4.1,55,65,0.0
2023-01-17T16:00:00.000000+0000,660.1,4.25,88.26666666666667,5.0,108,38,0.0
2023-01-17T17:00:00.000000+0000,660.5,3.5833333333333335,92.03333333333335,4.8,142,0,0.0
2023-01-17T18:00:00.000000+0000,661.0,3.3333333333333335,71.86666666666666,5.8,137,0,0.0
2023-01-17T19:00:00.000000+0000,661.3,2.183333333333333,44.06666666666667,6.2,135,0,0.0
2023-01-17T20:00:00.000000+0000,661.4,2.15,52.46666666666667,7.9,140,0,0.0
2023-01-17T21:00:00.000000+0000,661.5,2.1166666666666667,55.96666666666667,8.4,140,0,0.0
2023-01-17T22:00:00.000000+0000,661.2,1.6833333333333333,36.23333333333333,8.3,140,0,0.0
2023-01-17T23:00:00.000000+0000,660.7,1.1166666666666667,30.783333333333335,6.6,137,0,0.0
2023-01-18T00:00:00.000000+0000,660.4,2.1166666666666667,27.849999999999998,6.6,135,0,0.0
2023-01-18T01:00:00.000000+0000,660.2,2.583333333333333,23.383333333333336,7.5,127,0,0.0
2023-01-18T02:00:00.000000+0000,660.3,2.3833333333333333,16.983333333333334,8.0,118,0,0.0
2023-01-18T03:00:00.000000+0000,660.4,2.1,16.45,8.5,129,0,0.0
2023-01-18T04:00:00.000000+0000,660.7,4.033333333333334,14.483333333333333,7.5,133,7,0.0
2023-01-18T05:00:00.000000+0000,661.4,7.366666666666667,13.033333333333333,6.3,112,203,0.0
2023-01-18T06:00:00.000000+0000,662.0,9.216666666666669,12.033333333333333,6.6,73,455,0.0
2023-01-18T07:00:00.000000+0000,662.3,9.966666666666667,13.583333333333334,6.8,55,687,0.0
2023-01-18T08:00:00.000000+0000,662.1,10.083333333333334,18.266666666666666,6.6,46,877,0.0
2023-01-18T09:00:00.000000+0000,661.7,10.35,20.333333333333336,7.7,27,1006,0.0
2023-01-18T10:00:00.000000+0000,661.2,10.733333333333334,33.56666666666667,7.5,26,1066,0.0
2023-01-18T11:00:00.000000+0000,660.9,9.799999999999999,44.36666666666667,6.1,25,1034,0.0
2023-01-18T12:00:00.000000+0000,660.5,8.6,53.13333333333333,4.8,20,532,0.0
2023-01-18T13:00:00.000000+0000,660.3,9.100000000000001,48.400000000000006,3.9,31,288,0.0
2023-01-18T14:00:00.000000+0000,660.3,9.016666666666666,49.833333333333336,4.9,19,371,0.0
2023-01-18T15:00:00.000000+0000,660.5,6.25,57.866666666666674,5.9,29,288,0.0
2023-01-18T16:00:00.000000+0000,660.9,3.8333333333333326,64.23333333333333,4.5,87,65,0.0
2023-01-18T17:00:00.000000+0000,661.1,3.9499999999999997,56.75,4.8,176,0,0.0
2023-01-18T18:00:00.000000+0000,661.6,4.116666666666667,53.96666666666667,3.7,200,0,0.0
2023-01-18T19:00:00.000000+0000,662.0,3.9666666666666663,50.75,5.5,195,0,0.0
2023-01-18T20:00:00.000000+0000,662.1,3.5833333333333326,52.85,3.2,212,0,0.0
2023-01-18T21:00:00.000000+0000,662.2,5.066666666666666,48.63333333333333,2.6,195,0,0.0
2023-01-18T22:00:00.000000+0000,661.9,2.6333333333333333,59.21666666666667,0.8,191,0,0.0
2023-01-18T23:00:00.000000+0000,661.2,1.9833333333333334,64.23333333333333,2.2,121,0,0.0
2023-01-19T00:00:00.000000+0000,660.8,2.5500000000000003,56.13333333333333,2.4,128,0,0.0
2023-01-19T01:00:00.000000+0000,660.6,1.2333333333333332,60.216666666666676,1.0,90,0,0.0
2023-01-19T02:00:00.000000+0000,660.5,1.2333333333333332,71.58333333333333,1.8,133,0,0.0
2023-01-19T03:00:00.000000+0000,660.7,2.25,73.06666666666668,2.2,124,0,0.0
2023-01-19T04:00:00.000000+0000,661.2,4.716666666666667,64.81666666666668,3.1,115,6,0.0
2023-01-19T05:00:00.000000+0000,661.6,8.316666666666668,47.73333333333333,3.6,110,179,0.0
2023-01-19T06:00:00.000000+0000,662.1,9.516666666666666,33.050000000000004,4.1,58,449,0.0
2023-01-19T07:00:00.000000+0000,662.3,11.283333333333333,25.483333333333334,5.4,68,685,0.0
2023-01-19T08:00:00.000000+0000,662.1,11.516666666666666,27.36666666666667,6.7,48,877,0.0
2023-01-19T09:00:00.000000+0000,661.7,11.333333333333336,30.649999999999995,8.5,19,1007,0.0
2023-01-19T10:00:00.000000+0000,661.4,11.333333333333334,31.166666666666668,7.4,23,1064,0.0
2023-01-19T11:00:00.000000+0000,660.8,10.950000000000001,40.18333333333333,8.1,24,1027,0.0
2023-01-19T12:00:00.000000+0000,660.3,10.25,47.68333333333334,6.7,41,877,0.0
2023-01-19T13:00:00.000000+0000,660.1,10.25,48.68333333333334,5.2,20,678,0.0
2023-01-19T14:00:00.000000+0000,660.1,9.65,52.73333333333334,5.5,2,490,0.0
2023-01-19T15:00:00.000000+0000,660.2,7.183333333333334,68.18333333333332,4.9,15,331,0.0
2023-01-19T16:00:00.000000+0000,660.5,4.25,84.18333333333334,4.4,50,78,0.0
2023-01-19T17:00:00.000000+0000,660.8,4.749999999999999,65.03333333333333,4.1,157,0,0.0
2023-01-19T18:00:00.000000+0000,661.2,4.783333333333334,64.61666666666666,4.6,226,0,0.0
2023-01-19T19:00:00.000000+0000,661.6,5.75,62.21666666666667,5.5,199,0,0.0
2023-01-19T20:00:00.000000+0000,662.0,5.116666666666666,67.71666666666667,3.2,204,0,0.0
2023-01-19T21:00:00.000000+0000,662.1,4.716666666666666,68.16666666666666,2.8,190,0,0.0
2023-01-19T22:00:00.000000+0000,661.7,3.0,73.63333333333333,0.8,90,0,0.0
2023-01-19T23:00:00.000000+0000,661.2,3.483333333333333,71.18333333333334,3.3,114,0,0.0
2023-01-20T00:00:00.000000+0000,660.8,3.6500000000000004,67.83333333333333,4.9,117,0,0.0
2023-01-20T01:00:00.000000+0000,660.6,3.5833333333333335,67.94999999999999,5.2,125,0,0.0
2023-01-20T02:00:00.000000+0000,660.4,3.3333333333333335,48.883333333333326,5.7,123,0,0.0
2023-01-20T03:00:00.000000+0000,660.4,3.983333333333333,34.349999999999994,6.3,127,0,0.0
2023-01-20T04:00:00.000000+0000,660.6,5.15,31.599999999999998,7.0,125,7,0.0
2023-01-20T05:00:00.000000+0000,661.1,8.350000000000001,30.433333333333334,7.5,128,191,0.0
2023-01-20T06:00:00.000000+0000,661.6,10.1,33.5,6.4,98,452,0.0
2023-01-20T07:00:00.000000+0000,661.7,10.450000000000001,41.23333333333333,6.9,75,681,0.0
2023-01-20T08:00:00.000000+0000,661.5,10.850000000000001,47.95000000000001,7.3,57,871,0.0
2023-01-20T09:00:00.000000+0000,661.1,11.016666666666666,44.0,8.7,52,1004,0.0
2023-01-20T10:00:00.000000+0000,660.7,11.700000000000001,47.15,9.6,41,1058,0.0
2023-01-20T11:00:00.000000+0000,660.1,10.583333333333334,57.86666666666667,7.9,28,1057,0.0
2023-01-20T12:00:00.000000+0000,659.8,8.733333333333333,72.83333333333333,6.6,31,577,0.0
2023-01-20T13:00:00.000000+0000,659.6,8.85,75.11666666666666,6.0,28,194,0.0
2023-01-20T14:00:00.000000+0000,659.5,9.450000000000001,68.53333333333333,5.1,52,217,0.0
2023-01-20T15:00:00.000000+0000,659.8,7.0666666666666655,53.73333333333333,4.7,94,196,0.0
2023-01-20T16:00:00.000000+0000,660.3,4.066666666666666,45.01666666666667,4.2,115,50,0.0
2023-01-20T17:00:00.000000+0000,660.6,3.4166666666666665,39.4,3.8,125,0,0.0
2023-01-20T18:00:00.000000+0000,661.1,3.533333333333333,36.63333333333333,3.8,120,0,0.0
2023-01-20T19:00:00.000000+0000,661.3,3.1,35.13333333333333,3.9,120,0,0.0
2023-01-20T20:00:00.000000+0000,661.2,4.183333333333333,33.36666666666667,4.6,131,0,0.0
2023-01-20T21:00:00.000000+0000,661.0,4.483333333333333,33.71666666666667,7.1,121,0,0.0
2023-01-20T22:00:00.000000+0000,660.7,4.483333333333334,33.583333333333336,7.5,124,0,0.0
2023-01-20T23:00:00.000000+0000,660.2,3.6166666666666667,38.51666666666667,7.3,127,0,0.0
2023-01-21T00:00:00.000000+0000,659.8,3.65,40.46666666666667,6.8,122,0,0.0
2023-01-21T01:00:00.000000+0000,659.7,4.550000000000001,40.15,6.5,124,0,0.0
2023-01-21T02:00:00.000000+0000,659.7,4.0,45.699999999999996,8.1,127,0,0.0
2023-01-21T03:00:00.000000+0000,659.8,3.15,49.43333333333334,9.1,125,0,0.0
2023-01-21T04:00:00.000000+0000,659.9,4.516666666666667,42.85,9.3,139,6,0.0
2023-01-21T05:00:00.000000+0000,660.4,7.383333333333333,45.26666666666667,8.8,133,196,0.0
2023-01-21T06:00:00.000000+0000,660.8,8.616666666666667,43.26666666666666,8.1,90,448,0.0
2023-01-21T07:00:00.000000+0000,661.0,10.35,41.166666666666664,8.1,77,681,0.0
2023-01-21T08:00:00.000000+0000,660.8,11.450000000000001,40.18333333333334,7.9,70,874,0.0
2023-01-21T09:00:00.000000+0000,660.2,11.316666666666668,46.883333333333326,9.9,64,1008,0.0
2023-01-21T10:00:00.000000+0000,659.7,12.316666666666668,46.98333333333333,9.1,71,1086,0.0
2023-01-21T11:00:00.000000+0000,659.4,11.816666666666665,43.166666666666664,9.3,61,1064,0.0
2023-01-21T12:00:00.000000+0000,658.9,9.983333333333333,54.43333333333333,9.0,73,775,0.0
2023-01-21T13:00:00.000000+0000,658.7,9.65,57.06666666666666,9.3,90,317,0.0
2023-01-21T14:00:00.000000+0000,658.7,8.566666666666666,63.51666666666667,8.6,92,362,0.0
2023-01-21T15:00:00.000000+0000,659.0,6.333333333333333,74.85,6.5,110,192,0.0
2023-01-21T16:00:00.000000+0000,659.4,5.416666666666667,54.333333333333336,6.4,136,64,0.0
2023-01-21T17:00:00.000000+0000,659.8,3.5500000000000003,43.650000000000006,2.2,123,0,0.0
2023-01-21T18:00:00.000000+0000,660.2,5.483333333333333,29.11666666666667,5.6,137,0,0.0
2023-01-21T19:00:00.000000+0000,660.4,4.95,29.28333333333333,8.6,136,0,0.0
2023-01-21T20:00:00.000000+0000,660.5,4.966666666666666,25.95,8.7,133,0,0.0
2023-01-21T21:00:00.000000+0000,660.5,4.716666666666667,26.383333333333336,9.1,135,0,0.0
2023-01-21T22:00:00.000000+0000,660.2,4.333333333333333,30.366666666666664,8.2,133,0,0.0
2023-01-21T23:00:00.000000+0000,659.7,4.3999999999999995,27.066666666666663,8.7,135,0,0.0
2023-01-22T00:00:00.000000+0000,659.7,3.9166666666666665,26.13333333333333,9.3,132,0,0.0
2023-01-22T01:00:00.000000+0000,659.7,3.5666666666666664,27.633333333333336,8.8,128,0,0.0
2023-01-22T02:00:00.000000+0000,659.8,3.3000000000000003,31.616666666666664,9.4,132,0,0.0
2023-01-22T03:00:00.000000+0000,659.8,3.0500000000000003,24.566666666666663,8.3,132,0,0.0
2023-01-22T04:00:00.000000+0000,660.1,4.266666666666667,33.25,7.4,127,6,0.0
2023-01-22T05:00:00.000000+0000,660.5,7.733333333333334,27.400000000000002,7.3,115,156,0.0
2023-01-22T06:00:00.000000+0000,660.9,9.366666666666667,21.483333333333334,7.0,101,387,0.0
2023-01-22T07:00:00.000000+0000,661.0,10.533333333333333,24.366666666666664,6.2,77,562,0.0
2023-01-22T08:00:00.000000+0000,660.8,10.65,50.666666666666664,6.4,46,820,0.0
2023-01-22T09:00:00.000000+0000,660.6,11.583333333333334,46.416666666666664,4.6,349,1030,0.0
2023-01-22T10:00:00.000000+0000,660.0,10.983333333333334,60.166666666666664,9.4,31,1073,0.0
2023-01-22T11:00:00.000000+0000,659.6,9.350000000000001,69.26666666666667,10.4,41,951,0.0
2023-01-22T12:00:00.000000+0000,659.1,8.166666666666666,76.26666666666667,8.6,54,352,0.0
2023-01-22T13:00:00.000000+0000,659.1,7.066666666666666,86.16666666666667,8.1,34,199,0.0
2023-01-22T14:00:00.000000+0000,659.3,6.966666666666668,81.75,7.3,44,187,0.0
2023-01-22T15:00:00.000000+0000,659.6,6.0,84.06666666666666,5.7,64,192,0.0
2023-01-22T16:00:00.000000+0000,660.0,5.6000000000000005,80.31666666666666,6.8,98,29,0.0
2023-01-22T17:00:00.000000+0000,660.5,4.6000000000000005,78.21666666666665,5.3,122,0,0.0
2023-01-22T18:00:00.000000+0000,661.0,4.6,64.01666666666667,5.8,126,0,0.0
2023-01-22T19:00:00.000000+0000,661.2,4.233333333333333,64.96666666666665,6.3,119,0,0.0
2023-01-22T20:00:00.000000+0000,660.9,4.083333333333333,72.10000000000001,7.7,122,0,0.0
2023-01-22T21:00:00.000000+0000,660.6,3.7166666666666663,78.28333333333333,7.9,116,0,0.0
2023-01-22T22:00:00.000000+0000,660.1,3.5833333333333326,84.71666666666665,8.1,124,0,0.0
2023-01-22T23:00:00.000000+0000,659.6,3.8166666666666664,76.16666666666667,9.8,127,0,0.0
2023-01-23T00:00:00.000000+0000,659.3,3.766666666666666,69.48333333333333,9.2,125,0,0.0
2023-01-23T01:00:00.000000+0000,659.2,3.966666666666667,66.76666666666667,8.6,114,0,0.0
2023-01-23T02:00:00.000000+0000,659.1,4.583333333333333,70.36666666666666,10.2,111,0,0.0
2023-01-23T03:00:00.000000+0000,659.4,3.9333333333333336,82.91666666666667,10.7,101,0,0.0
2023-01-23T04:00:00.000000+0000,659.8,4.3,81.08333333333333,10.2,119,6,0.0
2023-01-23T05:00:00.000000+0000,660.3,6.966666666666668,53.333333333333336,10.1,114,158,0.0
2023-01-23T06:00:00.000000+0000,660.7,9.083333333333334,41.11666666666667,9.4,98,424,0.0
2023-01-23T07:00:00.000000+0000,660.7,9.950000000000001,41.46666666666666,7.8,80,674,0.0
2023-01-23T08:00:00.000000+0000,660.5,10.966666666666667,39.9,8.6,91,832,0.0
2023-01-23T09:00:00.000000+0000,660.4,10.949999999999998,46.4,7.7,68,982,0.0
2023-01-23T10:00:00.000000+0000,660.0,10.933333333333332,54.833333333333336,9.4,63,1025,0.0
2023-01-23T11:00:00.000000+0000,659.5,10.133333333333335,57.20000000000001,10.0,57,890,0.0
2023-01-23T12:00:00.000000+0000,659.2,9.716666666666667,61.04999999999999,10.6,62,807,0.0
2023-01-23T13:00:00.000000+0000,659.4,9.066666666666666,64.2,7.8,48,564,0.0
2023-01-23T14:00:00.000000+0000,659.4,8.116666666666667,72.8,7.7,55,329,0.0
2023-01-23T15:00:00.000000+0000,659.6,6.3500000000000005,82.55,7.4,61,241,0.0
2023-01-23T16:00:00.000000+0000,660.1,5.05,58.11666666666667,5.7,91,47,0.0
2023-01-23T17:00:00.000000+0000,660.2,4.8,37.11666666666667,7.6,106,0,0.0
2023-01-23T18:00:00.000000+0000,660.8,4.983333333333333,30.066666666666666,8.3,100,0,0.0
2023-01-23T19:00:00.000000+0000,661.1,4.666666666666667,43.81666666666666,8.5,108,0,0.0
2023-01-23T20:00:00.000000+0000,660.9,4.316666666666666,52.15,10.0,125,0,0.0
2023-01-23T21:00:00.000000+0000,660.8,4.216666666666667,59.51666666666667,11.1,133,0,0.0
2023-01-23T22:00:00.000000+0000,660.3,3.85,69.4,10.6,131,0,0.0
2023-01-23T23:00:00.000000+0000,660.0,3.5833333333333335,64.64999999999999,9.9,128,0,0.0
2023-01-24T00:00:00.000000+0000,659.7,3.0500000000000003,83.43333333333332,10.4,127,0,0.0
2023-01-24T01:00:00.000000+0000,660.0,3.766666666666666,59.78333333333333,10.1,127,0,0.0
2023-01-24T02:00:00.000000+0000,660.3,3.766666666666667,43.6,9.1,104,0,0.0
2023-01-24T03:00:00.000000+0000,660.6,3.8000000000000003,47.5,9.4,102,0,0.0
2023-01-24T04:00:00.000000+0000,660.9,4.966666666666668,40.78333333333333,8.7,103,6,0.0
2023-01-24T05:00:00.000000+0000,661.4,7.333333333333333,35.03333333333334,7.7,96,171,0.0
2023-01-24T06:00:00.000000+0000,661.6,8.983333333333333,35.76666666666667,8.4,85,441,0.0
2023-01-24T07:00:00.000000+0000,661.6,9.866666666666669,37.300000000000004,8.3,82,654,0.0
2023-01-24T08:00:00.000000+0000,661.3,10.116666666666667,48.15,9.4,66,846,0.0
2023-01-24T09:00:00.000000+0000,661.0,10.166666666666666,51.86666666666667,10.1,54,977,0.0
2023-01-24T10:00:00.000000+0000,660.7,11.233333333333334,46.93333333333333,8.9,43,930,0.0
2023-01-24T11:00:00.000000+0000,660.2,11.683333333333332,49.28333333333333,9.3,47,966,0.0
2023-01-24T12:00:00.000000+0000,659.6,11.466666666666667,51.88333333333333,10.1,46,915,0.0
2023-01-24T13:00:00.000000+0000,659.3,10.833333333333334,51.76666666666666,10.1,76,769,0.0
2023-01-24T14:00:00.000000+0000,659.6,8.5,64.3,6.8,95,527,0.0
2023-01-24T15:00:00.000000+0000,659.8,6.6499999999999995,78.08333333333333,6.2,96,124,0.0
2023-01-24T16:00:00.000000+0000,660.1,6.033333333333334,49.73333333333334,6.4,102,54,0.0
2023-01-24T17:00:00.000000+0000,660.1,7.033333333333334,47.86666666666667,7.4,139,0,0.0
2023-01-24T18:00:00.000000+0000,660.5,6.45,40.88333333333333,2.6,180,0,0.0
2023-01-24T19:00:00.000000+0000,660.8,3.9166666666666665,50.01666666666667,3.5,109,0,0.0
2023-01-24T20:00:00.000000+0000,661.0,4.05,44.800000000000004,6.0,126,0,0.0
2023-01-24T21:00:00.000000+0000,660.4,4.05,45.75,6.9,138,0,0.0
2023-01-24T22:00:00.000000+0000,660.1,3.6999999999999993,48.70000000000001,7.0,144,0,0.0
2023-01-24T23:00:00.000000+0000,659.9,4.366666666666666,47.699999999999996,1.4,191,0,0.0
2023-01-25T00:00:00.000000+0000,659.5,3.9,58.24999999999999,1.4,279,0,0.0
2023-01-25T01:00:00.000000+0000,659.4,3.766666666666666,65.63333333333333,1.9,236,0,0.0
2023-01-25T02:00:00.000000+0000,659.4,3.0833333333333335,64.7,1.8,233,0,0.0
2023-01-25T03:00:00.000000+0000,659.8,3.6333333333333333,58.66666666666668,3.3,174,0,0.0
2023-01-25T04:00:00.000000+0000,660.0,6.283333333333334,42.4,4.1,166,6,0.0
2023-01-25T05:00:00.000000+0000,660.2,7.366666666666667,54.0,4.1,143,173,0.0
2023-01-25T06:00:00.000000+0000,660.6,7.416666666666668,64.05,2.5,36,437,0.0
2023-01-25T07:00:00.000000+0000,660.9,8.783333333333333,63.81666666666666,2.0,315,687,0.0
2023-01-25T08:00:00.000000+0000,660.9,10.883333333333333,56.166666666666664,3.9,292,878,0.0
2023-01-25T09:00:00.000000+0000,660.6,12.35,46.13333333333333,5.2,261,1004,0.0
2023-01-25T10:00:00.000000+0000,660.3,13.866666666666665,29.066666666666666,5.1,145,1078,0.0
2023-01-25T11:00:00.000000+0000,659.9,12.6,45.666666666666664,6.1,108,1062,0.0
2023-01-25T12:00:00.000000+0000,659.5,13.033333333333333,49.68333333333334,7.7,249,740,0.0
2023-01-25T13:00:00.000000+0000,659.4,13.066666666666668,47.916666666666664,5.9,255,765,0.0
2023-01-25T14:00:00.000000+0000,659.4,11.633333333333333,57.93333333333333,4.5,238,658,0.0
2023-01-25T15:00:00.000000+0000,659.6,7.483333333333334,73.28333333333333,3.8,239,395,0.0
2023-01-25T16:00:00.000000+0000,659.6,4.766666666666667,74.63333333333333,6.0,127,90,0.0
2023-01-25T17:00:00.000000+0000,659.8,4.016666666666667,77.10000000000001,4.6,151,0,0.0
2023-01-25T18:00:00.000000+0000,660.1,2.9166666666666665,37.71666666666667,2.1,193,0,0.0
2023-01-25T19:00:00.000000+0000,660.1,4.249999999999999,26.36666666666667,3.2,120,0,0.0
2023-01-25T20:00:00.000000+0000,660.1,5.333333333333333,19.116666666666664,6.1,130,0,0.0
2023-01-25T21:00:00.000000+0000,659.5,5.666666666666667,17.349999999999998,10.6,139,0,0.0
2023-01-25T22:00:00.000000+0000,659.2,4.983333333333333,37.11666666666667,6.1,150,0,0.0
2023-01-25T23:00:00.000000+0000,659.1,4.25,51.73333333333333,1.9,345,0,0.0
2023-01-26T00:00:00.000000+0000,658.9,3.6833333333333336,68.33333333333333,1.3,243,0,0.0
2023-01-26T01:00:00.000000+0000,659.0,3.4333333333333336,61.38333333333335,1.6,239,0,0.0
2023-01-26T02:00:00.000000+0000,659.1,1.5,59.533333333333324,1.0,198,0,0.0
2023-01-26T03:00:00.000000+0000,659.1,3.733333333333333,35.550000000000004,3.6,155,0,0.0
2023-01-26T04:00:00.000000+0000,659.3,5.633333333333334,23.683333333333334,6.6,128,6,0.0
2023-01-26T05:00:00.000000+0000,659.8,7.766666666666667,17.349999999999998,9.8,115,196,0.0
2023-01-26T06:00:00.000000+0000,660.3,9.266666666666666,14.216666666666667,9.4,95,454,0.0
2023-01-26T07:00:00.000000+0000,660.4,10.483333333333333,13.533333333333337,10.5,94,678,0.0
2023-01-26T08:00:00.000000+0000,660.4,11.333333333333334,18.616666666666664,10.1,88,872,0.0
2023-01-26T09:00:00.000000+0000,660.4,11.9,23.933333333333334,8.2,87,1014,0.0
2023-01-26T10:00:00.000000+0000,660.3,12.816666666666665,29.600000000000005,8.2,76,1071,0.0
2023-01-26T11:00:00.000000+0000,659.8,11.950000000000001,38.15,7.1,72,1078,0.0
2023-01-26T12:00:00.000000+0000,659.2,9.816666666666665,54.449999999999996,8.2,86,554,0.0
2023-01-26T13:00:00.000000+0000,659.1,9.966666666666667,55.35,6.6,88,241,0.0
2023-01-26T14:00:00.000000+0000,659.3,8.566666666666666,62.43333333333333,5.6,106,291,0.0
2023-01-26T15:00:00.000000+0000,659.6,5.666666666666667,74.8,7.2,104,130,0.0
2023-01-26T16:00:00.000000+0000,659.9,3.716666666666667,77.3,7.6,125,52,0.0
2023-01-26T17:00:00.000000+0000,660.2,3.3666666666666667,56.51666666666667,8.1,139,0,0.0
2023-01-26T18:00:00.000000+0000,660.9,2.3666666666666667,31.549999999999997,7.2,157,0,0.0
2023-01-26T19:00:00.000000+0000,661.1,2.3499999999999996,24.55,6.8,145,0,0.0
2023-01-26T20:00:00.000000+0000,661.2,2.7999999999999994,21.516666666666666,6.7,136,0,0.0
2023-01-26T21:00:00.000000+0000,660.8,3.1833333333333336,23.666666666666668,8.2,131,0,0.0
2023-01-26T22:00:00.000000+0000,660.2,3.516666666666667,22.916666666666668,9.7,130,0,0.0
2023-01-26T23:00:00.000000+0000,659.6,3.15,22.0,10.1,132,0,0.0
2023-01-27T00:00:00.000000+0000,659.6,3.5499999999999994,28.166666666666668,8.7,126,0,0.0
2023-01-27T01:00:00.000000+0000,659.2,4.033333333333333,28.53333333333333,10.6,117,0,0.0
2023-01-27T02:00:00.000000+0000,659.5,4.216666666666667,26.95,10.5,117,0,0.0
2023-01-27T03:00:00.000000+0000,659.6,4.216666666666668,22.88333333333333,10.5,117,0,0.0
2023-01-27T04:00:00.000000+0000,659.9,5.633333333333334,20.666666666666664,9.5,118,7,0.0
2023-01-27T05:00:00.000000+0000,660.3,8.116666666666667,23.13333333333333,10.8,115,194,0.0
2023-01-27T06:00:00.000000+0000,660.8,9.35,30.766666666666666,10.0,107,452,0.0
2023-01-27T07:00:00.000000+0000,660.8,10.700000000000001,34.43333333333334,9.2,105,686,0.0
2023-01-27T08:00:00.000000+0000,660.9,11.15,31.400000000000002,8.5,108,881,0.0
2023-01-27T09:00:00.000000+0000,660.7,11.866666666666665,30.733333333333334,8.4,100,1016,0.0
2023-01-27T10:00:00.000000+0000,660.3,12.149999999999999,26.333333333333332,8.1,106,1088,0.0
2023-01-27T11:00:00.000000+0000,659.7,12.083333333333334,25.38333333333333,8.8,106,1074,0.0
2023-01-27T12:00:00.000000+0000,659.5,10.833333333333334,52.11666666666667,4.8,112,986,0.0
2023-01-27T13:00:00.000000+0000,659.5,10.016666666666666,72.28333333333333,4.0,324,454,0.0
2023-01-27T14:00:00.000000+0000,659.7,9.85,65.28333333333335,4.7,285,389,0.0
2023-01-27T15:00:00.000000+0000,660.0,8.033333333333333,50.916666666666664,3.7,270,371,0.0
2023-01-27T16:00:00.000000+0000,660.4,3.6666666666666665,55.71666666666667,2.3,280,93,0.0
2023-01-27T17:00:00.000000+0000,660.5,4.216666666666667,42.28333333333333,3.6,148,0,0.0
2023-01-27T18:00:00.000000+0000,660.8,3.733333333333333,28.0,7.1,162,0,0.0
2023-01-27T19:00:00.000000+0000,661.1,4.766666666666667,31.41666666666667,7.2,151,0,0.0
2023-01-27T20:00:00.000000+0000,660.5,4.683333333333334,31.349999999999998,8.8,152,0,0.0
2023-01-27T21:00:00.000000+0000,660.2,6.183333333333333,34.733333333333334,10.3,153,0,0.0
2023-01-27T22:00:00.000000+0000,659.7,6.666666666666667,25.983333333333338,10.1,151,0,0.0
2023-01-27T23:00:00.000000+0000,659.3,7.066666666666667,16.3,10.4,140,0,0.0
2023-01-28T00:00:00.000000+0000,659.2,7.016666666666667,16.23333333333333,10.0,142,0,0.0
2023-01-28T01:00:00.000000+0000,658.8,7.216666666666668,13.233333333333334,10.4,140,0,0.0
2023-01-28T02:00:00.000000+0000,659.0,7.25,11.883333333333333,10.3,141,0,0.0
2023-01-28T03:00:00.000000+0000,659.1,7.416666666666667,11.883333333333335,11.8,138,0,0.0
2023-01-28T04:00:00.000000+0000,659.4,8.333333333333334,17.95,10.9,136,6,0.0
2023-01-28T05:00:00.000000+0000,660.1,10.716666666666667,16.983333333333334,8.7,137,193,0.0
2023-01-28T06:00:00.000000+0000,660.6,11.733333333333334,19.65,8.5,131,452,0.0
2023-01-28T07:00:00.000000+0000,660.9,10.516666666666667,35.78333333333333,4.8,142,689,0.0
2023-01-28T08:00:00.000000+0000,661.0,11.033333333333333,41.15,3.2,321,883,0.0
2023-01-28T09:00:00.000000+0000,660.8,11.833333333333334,42.29999999999999,4.7,295,1016,0.0
2023-01-28T10:00:00.000000+0000,660.5,12.583333333333334,43.666666666666664,6.1,286,1077,0.0
2023-01-28T11:00:00.000000+0000,660.0,12.383333333333335,45.51666666666667,7.5,284,1050,0.0
2023-01-28T12:00:00.000000+0000,659.5,11.866666666666667,54.800000000000004,9.1,267,942,0.0
2023-01-28T13:00:00.000000+0000,659.3,9.950000000000001,67.23333333333333,7.9,265,761,0.0
2023-01-28T14:00:00.000000+0000,659.4,9.716666666666667,62.26666666666667,6.8,250,263,0.0
2023-01-28T15:00:00.000000+0000,659.5,8.166666666666666,66.53333333333335,5.9,253,262,0.0
2023-01-28T16:00:00.000000+0000,659.9,4.666666666666667,73.51666666666667,5.8,262,81,0.0
2023-01-28T17:00:00.000000+0000,660.2,3.1833333333333336,73.88333333333334,2.8,225,0,0.0
2023-01-28T18:00:00.000000+0000,660.6,3.516666666666667,66.76666666666667,1.8,183,0,0.0
2023-01-28T19:00:00.000000+0000,660.8,3.3833333333333333,69.36666666666666,0.5,56,0,0.0
2023-01-28T20:00:00.000000+0000,660.6,2.9500000000000006,65.89999999999999,1.7,86,0,0.0
2023-01-28T21:00:00.000000+0000,660.3,2.3499999999999996,69.93333333333334,1.3,50,0,0.0
2023-01-28T22:00:00.000000+0000,659.9,3.2833333333333337,52.76666666666667,1.8,216,0,0.0
2023-01-28T23:00:00.000000+0000,659.2,5.1,39.25,3.4,169,0,0.0
2023-01-29T00:00:00.000000+0000,659.0,4.683333333333333,40.31666666666667,3.4,169,0,0.0
2023-01-29T01:00:00.000000+0000,658.8,5.266666666666667,34.916666666666664,2.5,170,0,0.0
2023-01-29T02:00:00.000000+0000,658.9,4.766666666666667,38.166666666666664,3.5,185,0,0.0
2023-01-29T03:00:00.000000+0000,659.1,3.9666666666666663,43.76666666666667,3.0,195,0,0.0
2023-01-29T04:00:00.000000+0000,659.5,6.033333333333334,39.88333333333333,3.1,132,3,0.0
2023-01-29T05:00:00.000000+0000,660.1,7.599999999999999,41.21666666666666,3.8,116,145,0.0
2023-01-29T06:00:00.000000+0000,660.8,7.483333333333333,44.900000000000006,3.0,38,408,0.0
2023-01-29T07:00:00.000000+0000,661.1,8.833333333333334,48.46666666666667,3.3,316,645,0.0
2023-01-29T08:00:00.000000+0000,661.3,9.65,53.083333333333336,4.3,316,849,0.0
2023-01-29T09:00:00.000000+0000,661.0,9.233333333333334,56.43333333333333,3.8,325,934,0.0
2023-01-29T10:00:00.000000+0000,660.7,8.799999999999999,58.56666666666666,4.6,13,558,0.0
2023-01-29T11:00:00.000000+0000,660.3,8.433333333333334,63.03333333333334,2.7,353,412,0.0
2023-01-29T12:00:00.000000+0000,659.9,8.133333333333333,70.10000000000001,3.6,5,284,0.0
2023-01-29T13:00:00.000000+0000,659.7,7.633333333333333,79.66666666666667,3.6,3,193,0.0
2023-01-29T14:00:00.000000+0000,659.7,6.883333333333333,91.13333333333333,6.6,35,102,0.0
2023-01-29T15:00:00.000000+0000,659.9,6.833333333333333,88.76666666666667,5.0,44,84,0.0
2023-01-29T16:00:00.000000+0000,660.1,5.3999999999999995,81.11666666666666,2.5,227,49,0.0
2023-01-29T17:00:00.000000+0000,660.5,4.9,68.06666666666666,1.8,56,1,0.0
2023-01-29T18:00:00.000000+0000,661.0,4.116666666666666,76.81666666666666,1.7,215,0,0.0
2023-01-29T19:00:00.000000+0000,661.5,2.6166666666666667,78.35,1.0,180,0,0.0
2023-01-29T20:00:00.000000+0000,661.6,2.8833333333333333,65.01666666666667,1.5,169,0,0.0
2023-01-29T21:00:00.000000+0000,661.1,2.4833333333333334,63.666666666666664,6.6,159,0,0.0
2023-01-29T22:00:00.000000+0000,660.5,2.85,62.06666666666666,6.1,160,0,0.0
2023-01-29T23:00:00.000000+0000,660.0,3.7999999999999994,54.03333333333333,8.0,158,0,0.0
2023-01-30T00:00:00.000000+0000,659.6,3.766666666666666,46.23333333333333,8.8,163,0,0.0
2023-01-30T01:00:00.000000+0000,659.4,3.3166666666666664,35.56666666666666,8.3,162,0,0.0
2023-01-30T02:00:00.000000+0000,659.6,4.116666666666666,38.13333333333333,6.7,152,0,0.0
2023-01-30T03:00:00.000000+0000,659.9,3.3666666666666667,55.96666666666667,9.2,167,0,0.0
2023-01-30T04:00:00.000000+0000,660.4,5.449999999999999,39.98333333333333,7.5,184,3,0.0
2023-01-30T05:00:00.000000+0000,661.1,8.183333333333332,32.449999999999996,3.0,194,147,0.0
2023-01-30T06:00:00.000000+0000,661.8,8.65,39.233333333333334,1.9,289,407,0.0
2023-01-30T07:00:00.000000+0000,661.9,9.15,50.26666666666667,2.6,297,646,0.0
2023-01-30T08:00:00.000000+0000,662.0,10.800000000000002,46.73333333333333,4.1,323,848,0.0
2023-01-30T09:00:00.000000+0000,661.9,11.16666666666667,47.16,6.3,341,948,0.0
2023-01-30T10:00:00.000000+0000,661.5,9.950000000000001,57.116666666666674,7.4,304,988,0.0
2023-01-30T11:00:00.000000+0000,661.0,9.366666666666667,59.45000000000001,7.4,305,776,0.0
2023-01-30T12:00:00.000000+0000,660.5,9.583333333333334,56.13333333333333,7.1,269,379,0.0
2023-01-30T13:00:00.000000+0000,660.1,8.700000000000001,63.15,6.9,331,368,0.0
2023-01-30T14:00:00.000000+0000,660.1,8.25,67.1,7.0,27,120,0.0
2023-01-30T15:00:00.000000+0000,660.5,7.583333333333333,69.83333333333333,4.8,46,86,0.0
2023-01-30T16:00:00.000000+0000,660.8,4.1000000000000005,75.81666666666666,2.1,75,110,0.0
2023-01-30T17:00:00.000000+0000,661.1,4.483333333333333,72.31666666666666,2.3,174,1,0.0
2023-01-30T18:00:00.000000+0000,661.5,3.483333333333334,77.26666666666667,1.4,207,0,0.0
2023-01-30T19:00:00.000000+0000,661.7,2.6999999999999997,81.53333333333335,0.8,180,0,0.0
2023-01-30T20:00:00.000000+0000,661.7,2.5,80.45,1.1,146,0,0.0
2023-01-30T21:00:00.000000+0000,661.5,1.866666666666667,83.16666666666667,0.8,146,0,0.0
2023-01-30T22:00:00.000000+0000,661.1,1.25,83.11999999999999,1.8,158,0,0.0
2023-01-30T23:00:00.000000+0000,660.5,1.75,72.35000000000001,2.1,137,0,0.0
2023-01-31T00:00:00.000000+0000,660.2,1.1500000000000001,71.45,2.9,110,0,0.0
2023-01-31T01:00:00.000000+0000,660.0,1.1833333333333333,66.89999999999999,3.2,127,0,0.0
2023-01-31T02:00:00.000000+0000,660.1,0.75,69.95,2.6,124,0,0.0
2023-01-31T03:00:00.000000+0000,660.3,0.19999999999999998,62.0,1.6,147,0,0.0
2023-01-31T04:00:00.000000+0000,660.6,2.4333333333333336,38.666666666666664,2.9,126,3,0.0
2023-01-31T05:00:00.000000+0000,661.1,7.866666666666667,37.483333333333334,4.1,113,146,0.0
2023-01-31T06:00:00.000000+0000,661.7,8.816666666666668,36.666666666666664,3.0,25,407,0.0
2023-01-31T07:00:00.000000+0000,661.9,9.35,40.8,4.4,356,646,0.0
2023-01-31T08:00:00.000000+0000,662.0,9.966666666666667,50.366666666666674,4.5,344,815,0.0
2023-01-31T09:00:00.000000+0000,661.8,9.433333333333334,53.5,4.5,348,744,0.0
2023-01-31T10:00:00.000000+0000,661.5,8.65,66.05999999999999,5.0,300,448,0.0
2023-01-31T11:00:00.000000+0000,661.1,7.716666666666666,73.73333333333333,3.6,352,274,0.0
2023-01-31T12:00:00.000000+0000,660.7,7.55,79.13333333333333,4.3,22,178,0.0
2023-01-31T13:00:00.000000+0000,660.5,7.516666666666666,81.73333333333333,3.8,6,104,0.0
2023-01-31T14:00:00.000000+0000,660.7,7.45,82.83333333333333,4.3,6,77,0.0
2023-01-31T15:00:00.000000+0000,660.8,6.866666666666667,87.41666666666667,4.3,44,85,0.0
2023-01-31T16:00:00.000000+0000,661.0,4.1000000000000005,89.31666666666666,3.1,94,45,0.0
2023-01-31T17:00:00.000000+0000,661.1,4.1499999999999995,83.9,3.7,199,1,0.0
2023-01-31T18:00:00.000000+0000,661.4,4.35,81.56666666666666,3.9,206,0,0.0
2023-01-31T19:00:00.000000+0000,661.6,3.5,80.58333333333333,3.9,211,0,0.0
2023-01-31T20:00:00.000000+0000,661.6,3.783333333333333,68.90000000000002,3.9,208,0,0.0
2023-01-31T21:00:00.000000+0000,661.5,1.9166666666666667,64.66666666666667,1.6,188,0,0.0
2023-01-31T22:00:00.000000+0000,661.2,1.633333333333333,59.03333333333333,1.7,124,0,0.0
2023-01-31T23:00:00.000000+0000,660.8,0.8999999999999999,65.11666666666666,2.6,113,0,0.0
2023-02-01T00:00:00.000000+0000,660.4,0.7833333333333333,71.76666666666667,3.7,116,0,0.0
2023-02-01T01:00:00.000000+0000,660.3,0.45,66.61666666666666,3.2,138,0,0.0
2023-02-01T02:00:00.000000+0000,660.3,0.7500000000000001,64.41666666666667,2.8,145,0,0.0
2023-02-01T03:00:00.000000+0000,660.6,0.6,60.96666666666667,2.2,139,0,0.0
2023-02-01T04:00:00.000000+0000,661.0,1.9333333333333336,57.25,1.8,144,3,0.0
2023-02-01T05:00:00.000000+0000,661.7,7.400000000000001,46.65,1.6,132,145,0.0
2023-02-01T06:00:00.000000+0000,662.3,8.233333333333333,47.0,2.0,351,408,0.0
2023-02-01T07:00:00.000000+0000,662.5,9.1,50.11666666666667,2.2,348,646,0.0
2023-02-01T08:00:00.000000+0000,662.5,10.6,48.1,4.0,339,823,0.0
2023-02-01T09:00:00.000000+0000,662.4,11.216666666666667,48.833333333333336,5.2,336,1084,0.0
2023-02-01T10:00:00.000000+0000,662.2,9.450000000000001,58.03333333333333,4.6,338,815,0.0
2023-02-01T11:00:00.000000+0000,661.9,10.049999999999999,58.96666666666666,3.7,315,263,0.0
2023-02-01T12:00:00.000000+0000,661.5,9.5,65.23333333333333,3.8,353,537,0.0
2023-02-01T13:00:00.000000+0000,661.1,9.383333333333335,64.76666666666667,4.2,20,217,0.0
2023-02-01T14:00:00.000000+0000,661.0,8.533333333333333,69.21666666666667,4.7,27,211,0.0
2023-02-01T15:00:00.000000+0000,661.1,7.483333333333333,78.86666666666666,6.0,42,86,0.0
2023-02-01T16:00:00.000000+0000,661.2,4.916666666666666,84.95,4.5,103,61,0.0
2023-02-01T17:00:00.000000+0000,661.3,5.1,74.8,4.6,171,0,0.0
2023-02-01T18:00:00.000000+0000,661.8,4.516666666666667,76.53333333333333,4.4,199,0,0.0
2023-02-01T19:00:00.000000+0000,662.1,4.633333333333334,73.51666666666667,4.2,198,0,0.0
2023-02-01T20:00:00.000000+0000,662.2,4.666666666666667,69.01666666666667,2.7,227,0,0.0
2023-02-01T21:00:00.000000+0000,662.2,3.85,74.65,3.1,216,0,0.0
2023-02-01T22:00:00.000000+0000,661.9,3.316666666666667,88.90000000000002,2.0,236,0,0.0
2023-02-01T23:00:00.000000+0000,661.5,3.216666666666667,67.16666666666667,1.7,214,0,0.0
2023-02-02T00:00:00.000000+0000,661.2,3.233333333333333,69.14999999999999,2.5,189,0,0.0
2023-02-02T01:00:00.000000+0000,661.1,2.5500000000000003,70.71666666666665,1.1,180,0,0.0
2023-02-02T02:00:00.000000+0000,661.1,3.1333333333333333,68.71666666666665,1.6,115,0,0.0
2023-02-02T03:00:00.000000+0000,661.3,1.2333333333333334,75.31666666666666,1.1,135,0,0.0
2023-02-02T04:00:00.000000+0000,661.4,1.7333333333333334,33.550000000000004,2.9,128,3,0.0
2023-02-02T05:00:00.000000+0000,661.8,8.933333333333332,18.900000000000002,4.8,116,149,0.0
2023-02-02T06:00:00.000000+0000,662.3,9.200000000000001,50.98333333333334,4.1,53,413,0.0
2023-02-02T07:00:00.000000+0000,662.6,9.85,56.86666666666667,5.6,18,652,0.0
2023-02-02T08:00:00.000000+0000,662.5,11.266666666666667,39.9,7.0,18,861,0.0
2023-02-02T09:00:00.000000+0000,662.3,12.133333333333333,36.400000000000006,7.6,25,1007,0.0
2023-02-02T10:00:00.000000+0000,661.8,12.699999999999998,30.53333333333333,10.5,29,1092,0.0
2023-02-02T11:00:00.000000+0000,661.5,12.100000000000001,30.899999999999995,9.5,38,1112,0.0
2023-02-02T12:00:00.000000+0000,661.1,12.366666666666667,30.88333333333333,9.0,43,833,0.0
2023-02-02T13:00:00.000000+0000,660.9,11.399999999999999,31.416666666666668,8.5,57,834,0.0
2023-02-02T14:00:00.000000+0000,660.8,10.566666666666666,39.98333333333333,8.1,80,626,0.0
2023-02-02T15:00:00.000000+0000,661.0,8.2,60.5,7.2,69,380,0.0
2023-02-02T16:00:00.000000+0000,661.1,5.533333333333334,69.88333333333334,8.2,102,121,0.0
2023-02-02T17:00:00.000000+0000,661.4,6.033333333333334,26.36666666666667,7.8,134,1,0.0
2023-02-02T18:00:00.000000+0000,661.9,5.8,12.549999999999999,7.1,138,0,0.0
2023-02-02T19:00:00.000000+0000,662.3,5.383333333333333,10.833333333333334,6.7,136,0,0.0
2023-02-02T20:00:00.000000+0000,662.5,5.449999999999999,10.233333333333334,6.8,136,0,0.0
2023-02-02T21:00:00.000000+0000,662.4,3.85,11.833333333333334,7.5,128,0,0.0
2023-02-02T22:00:00.000000+0000,662.3,2.4499999999999997,15.300000000000002,6.2,117,0,0.0
2023-02-02T23:00:00.000000+0000,661.9,2.15,11.75,7.4,133,0,0.0
2023-02-03T00:00:00.000000+0000,661.4,1.8666666666666665,11.533333333333333,6.2,139,0,0.0
2023-02-03T01:00:00.000000+0000,661.2,3.0999999999999996,9.833333333333334,7.3,137,0,0.0
2023-02-03T02:00:00.000000+0000,661.0,3.616666666666667,9.683333333333334,8.6,134,0,0.0
2023-02-03T03:00:00.000000+0000,661.0,3.6833333333333336,9.983333333333334,10.7,127,0,0.0
2023-02-03T04:00:00.000000+0000,660.9,5.25,9.049999999999999,11.8,127,3,0.0
2023-02-03T05:00:00.000000+0000,661.3,7.716666666666666,11.299999999999999,12.6,121,146,0.0
2023-02-03T06:00:00.000000+0000,662.0,9.766666666666667,12.5,12.4,111,412,0.0
2023-02-03T07:00:00.000000+0000,662.4,10.783333333333333,12.183333333333335,12.4,100,656,0.0
2023-02-03T08:00:00.000000+0000,662.5,10.983333333333334,12.716666666666667,12.6,92,863,0.0
2023-02-03T09:00:00.000000+0000,662.3,11.533333333333333,17.55,11.8,83,1011,0.0
2023-02-03T10:00:00.000000+0000,662.2,11.983333333333334,28.083333333333332,8.3,79,1087,0.0
2023-02-03T11:00:00.000000+0000,661.8,12.283333333333333,25.900000000000002,6.5,75,1086,0.0
2023-02-03T12:00:00.000000+0000,661.3,12.466666666666669,25.46666666666667,6.9,71,1010,0.0
2023-02-03T13:00:00.000000+0000,660.9,9.616666666666667,44.199999999999996,8.4,80,814,0.0
2023-02-03T14:00:00.000000+0000,660.9,8.45,56.26666666666667,7.4,75,162,0.0
2023-02-03T15:00:00.000000+0000,661.2,6.866666666666667,72.93333333333332,7.2,88,119,0.0
2023-02-03T16:00:00.000000+0000,661.3,5.466666666666666,83.43333333333335,8.0,111,58,0.0
2023-02-03T17:00:00.000000+0000,661.5,4.633333333333334,79.18333333333334,8.0,137,1,0.0
2023-02-03T18:00:00.000000+0000,661.8,4.183333333333334,62.85,6.6,157,0,0.0
2023-02-03T19:00:00.000000+0000,662.2,3.6333333333333333,32.93333333333333,2.2,197,0,0.0
2023-02-03T20:00:00.000000+0000,662.2,3.416666666666666,17.716666666666665,5.5,128,0,0.0
2023-02-03T21:00:00.000000+0000,662.2,2.65,13.133333333333333,6.5,137,0,0.0
2023-02-03T22:00:00.000000+0000,661.8,2.4333333333333336,12.033333333333331,6.2,138,0,0.0
2023-02-03T23:00:00.000000+0000,661.4,2.75,12.716666666666667,3.7,142,0,0.0
2023-02-04T00:00:00.000000+0000,660.8,3.4333333333333336,28.0,6.7,131,0,0.0
2023-02-04T01:00:00.000000+0000,660.8,3.4,27.03333333333333,8.0,122,0,0.0
2023-02-04T02:00:00.000000+0000,660.9,3.3833333333333333,51.48333333333333,9.7,109,0,0.0
2023-02-04T03:00:00.000000+0000,661.1,3.483333333333333,55.68333333333334,8.7,125,0,0.0
2023-02-04T04:00:00.000000+0000,661.3,4.266666666666667,48.23333333333333,8.0,130,3,0.0
2023-02-04T05:00:00.000000+0000,661.7,6.833333333333333,34.93333333333333,9.6,115,143,0.0
2023-02-04T06:00:00.000000+0000,662.2,8.766666666666667,28.049999999999997,11.0,78,404,0.0
2023-02-04T07:00:00.000000+0000,662.3,9.783333333333333,24.933333333333334,12.3,70,652,0.0
2023-02-04T08:00:00.000000+0000,662.4,10.75,27.86666666666667,11.0,68,856,0.0
2023-02-04T09:00:00.000000+0000,662.1,11.4,30.416666666666668,10.0,67,1004,0.0
2023-02-04T10:00:00.000000+0000,661.5,12.433333333333332,28.783333333333335,9.8,60,1084,0.0
2023-02-04T11:00:00.000000+0000,660.8,12.533333333333331,35.56666666666667,10.4,62,1086,0.0
2023-02-04T12:00:00.000000+0000,660.2,11.5,43.86666666666667,9.6,58,1014,0.0
2023-02-04T13:00:00.000000+0000,660.0,9.766666666666667,55.11666666666667,9.2,46,692,0.0
2023-02-04T14:00:00.000000+0000,660.0,9.383333333333333,59.333333333333336,8.6,53,395,0.0
2023-02-04T15:00:00.000000+0000,660.2,7.866666666666666,69.89999999999999,7.0,65,310,0.0
2023-02-04T16:00:00.000000+0000,660.4,5.366666666666667,84.93333333333334,6.6,79,114,0.0
2023-02-04T17:00:00.000000+0000,660.4,5.3,67.16666666666666,7.6,122,1,0.0
2023-02-04T18:00:00.000000+0000,660.8,3.3166666666666664,55.78333333333334,5.2,126,0,0.0
2023-02-04T19:00:00.000000+0000,661.2,2.9166666666666674,57.93333333333334,3.2,123,0,0.0
2023-02-04T20:00:00.000000+0000,661.5,2.9000000000000004,68.13333333333334,2.5,120,0,0.0
2023-02-04T21:00:00.000000+0000,661.2,3.3166666666666664,68.7,1.9,180,0,0.0
2023-02-04T22:00:00.000000+0000,660.8,2.533333333333333,69.60000000000001,2.6,175,0,0.0
2023-02-04T23:00:00.000000+0000,660.4,1.5999999999999999,66.2,1.4,120,0,0.0
2023-02-05T00:00:00.000000+0000,659.9,1.9833333333333332,45.76666666666667,5.2,129,0,0.0
2023-02-05T01:00:00.000000+0000,659.5,2.966666666666667,55.38333333333333,8.8,122,0,0.0
2023-02-05T02:00:00.000000+0000,659.7,2.8166666666666664,37.91666666666667,8.2,129,0,0.0
2023-02-05T03:00:00.000000+0000,660.0,3.4,29.78333333333333,8.2,111,0,0.0
2023-02-05T04:00:00.000000+0000,660.3,5.25,29.96666666666667,10.2,99,3,0.0
2023-02-05T05:00:00.000000+0000,660.8,7.5,35.78333333333333,10.2,79,140,0.0
2023-02-05T06:00:00.000000+0000,661.2,9.116666666666667,35.699999999999996,10.1,76,399,0.0
2023-02-05T07:00:00.000000+0000,661.4,9.9,36.4,10.4,68,640,0.0
2023-02-05T08:00:00.000000+0000,661.4,10.766666666666667,37.48333333333333,8.8,68,847,0.0
2023-02-05T09:00:00.000000+0000,661.1,11.133333333333333,40.516666666666666,8.2,61,994,0.0
2023-02-05T10:00:00.000000+0000,660.5,11.716666666666667,40.08333333333333,9.1,40,1089,0.0
2023-02-05T11:00:00.000000+0000,660.1,11.466666666666667,44.20000000000001,8.0,41,1084,0.0
2023-02-05T12:00:00.000000+0000,659.7,11.166666666666666,42.48333333333333,9.3,40,922,0.0
2023-02-05T13:00:00.000000+0000,659.5,10.233333333333333,44.166666666666664,8.1,37,783,0.0
2023-02-05T14:00:00.000000+0000,659.7,9.683333333333332,44.6,7.4,43,491,0.0
2023-02-05T15:00:00.000000+0000,659.8,7.566666666666666,54.51666666666667,7.0,65,392,0.0
2023-02-05T16:00:00.000000+0000,660.3,4.249999999999999,78.39999999999999,5.3,93,125,0.0
2023-02-05T17:00:00.000000+0000,660.6,3.9166666666666665,51.95000000000001,6.6,131,1,0.0
2023-02-05T18:00:00.000000+0000,660.9,4.116666666666666,30.083333333333332,5.9,130,0,0.0
2023-02-05T19:00:00.000000+0000,661.3,4.516666666666667,21.133333333333336,5.7,126,0,0.0
2023-02-05T20:00:00.000000+0000,661.5,4.3999999999999995,26.11666666666667,6.6,115,0,0.0
2023-02-05T21:00:00.000000+0000,661.5,4.883333333333333,17.3,5.9,123,0,0.0
2023-02-05T22:00:00.000000+0000,661.2,4.7,13.949999999999998,5.1,118,0,0.0
2023-02-05T23:00:00.000000+0000,660.7,4.633333333333333,13.5,6.4,116,0,0.0
2023-02-06T00:00:00.000000+0000,660.1,3.8499999999999996,18.583333333333332,7.2,122,0,0.0
2023-02-06T01:00:00.000000+0000,659.9,3.3166666666666664,34.833333333333336,8.3,121,0,0.0
2023-02-06T02:00:00.000000+0000,659.8,4.266666666666667,21.266666666666666,7.7,115,0,0.0
2023-02-06T03:00:00.000000+0000,660.0,3.9166666666666674,29.733333333333334,8.2,108,0,0.0
2023-02-06T04:00:00.000000+0000,660.2,4.6499999999999995,33.916666666666664,8.0,114,3,0.0
2023-02-06T05:00:00.000000+0000,660.8,7.133333333333333,29.366666666666664,8.3,86,146,0.0
2023-02-06T06:00:00.000000+0000,661.3,9.033333333333335,20.150000000000002,10.3,70,409,0.0
2023-02-06T07:00:00.000000+0000,661.6,10.066666666666668,25.416666666666668,10.1,65,652,0.0
2023-02-06T08:00:00.000000+0000,661.6,10.516666666666667,33.283333333333324,10.5,51,858,0.0
2023-02-06T09:00:00.000000+0000,661.5,11.133333333333333,33.53333333333333,7.9,51,1011,0.0
2023-02-06T10:00:00.000000+0000,660.9,11.350000000000001,29.98333333333333,6.0,44,1088,0.0
2023-02-06T11:00:00.000000+0000,660.3,11.283333333333333,39.71666666666667,7.3,37,1092,0.0
2023-02-06T12:00:00.000000+0000,660.0,10.566666666666666,40.849999999999994,7.0,25,890,0.0
2023-02-06T13:00:00.000000+0000,659.8,9.549999999999999,48.300000000000004,6.6,13,601,0.0
2023-02-06T14:00:00.000000+0000,659.6,9.649999999999999,51.15,5.1,39,297,0.0
2023-02-06T15:00:00.000000+0000,659.7,8.016666666666667,61.716666666666676,5.3,42,354,0.0
2023-02-06T16:00:00.000000+0000,659.8,4.25,72.08333333333334,5.1,80,121,0.0
2023-02-06T17:00:00.000000+0000,660.2,4.583333333333333,59.19999999999999,3.6,149,1,0.0
2023-02-06T18:00:00.000000+0000,660.9,4.033333333333332,60.6,3.0,222,0,0.0
2023-02-06T19:00:00.000000+0000,661.2,4.233333333333333,63.349999999999994,3.3,213,0,0.0
2023-02-06T20:00:00.000000+0000,661.3,4.2,66.71666666666665,3.1,214,0,0.0
2023-02-06T21:00:00.000000+0000,661.2,4.633333333333333,66.01666666666667,2.3,195,0,0.0
2023-02-06T22:00:00.000000+0000,660.9,4.449999999999999,64.39999999999999,1.0,51,0,0.0
2023-02-06T23:00:00.000000+0000,660.6,3.5,72.56666666666668,0.9,77,0,0.0
2023-02-07T00:00:00.000000+0000,660.3,3.2166666666666663,70.35,2.1,101,0,0.0
2023-02-07T01:00:00.000000+0000,660.1,3.35,73.85,3.1,101,0,0.0
2023-02-07T02:00:00.000000+0000,660.1,2.9499999999999997,67.36666666666666,4.3,108,0,0.0
2023-02-07T03:00:00.000000+0000,660.3,2.466666666666667,61.800000000000004,3.4,120,0,0.0
2023-02-07T04:00:00.000000+0000,660.6,3.6,61.71666666666667,1.1,119,6,0.0
2023-02-07T05:00:00.000000+0000,661.1,8.1,44.833333333333336,2.3,114,183,0.0
2023-02-07T06:00:00.000000+0000,661.8,9.216666666666667,40.333333333333336,3.3,32,437,0.0
2023-02-07T07:00:00.000000+0000,661.9,9.600000000000001,41.38333333333333,4.6,23,671,0.0
2023-02-07T08:00:00.000000+0000,661.7,11.033333333333333,38.61666666666667,5.5,25,785,0.0
2023-02-07T09:00:00.000000+0000,661.2,10.583333333333334,40.6,6.9,16,909,0.0
2023-02-07T10:00:00.000000+0000,660.9,10.699999999999998,47.300000000000004,6.0,9,1005,0.0
2023-02-07T11:00:00.000000+0000,660.3,9.883333333333335,55.28333333333333,6.1,7,731,0.0
2023-02-07T12:00:00.000000+0000,659.7,9.049999999999999,63.416666666666664,5.6,3,495,0.0
2023-02-07T13:00:00.000000+0000,659.4,9.533333333333333,66.63333333333334,4.4,3,341,0.0
2023-02-07T14:00:00.000000+0000,659.3,10.15,70.03333333333335,5.3,360,340,0.0
2023-02-07T15:00:00.000000+0000,659.4,8.1,75.51666666666667,6.0,14,334,0.0
2023-02-07T16:00:00.000000+0000,659.9,5.683333333333334,72.86666666666666,3.0,164,73,0.0
2023-02-07T17:00:00.000000+0000,660.3,5.066666666666666,69.86666666666666,3.0,214,0,0.0
2023-02-07T18:00:00.000000+0000,660.8,5.083333333333333,68.88333333333334,3.2,204,0,0.0
2023-02-07T19:00:00.000000+0000,661.4,5.0,74.43333333333334,2.8,213,0,0.0
2023-02-07T20:00:00.000000+0000,661.6,5.983333333333333,81.35000000000001,2.1,210,0,0.0
2023-02-07T21:00:00.000000+0000,661.7,5.016666666666667,86.60000000000001,1.3,236,0,0.0
2023-02-07T22:00:00.000000+0000,661.3,4.633333333333333,85.03333333333333,1.2,209,0,0.0
2023-02-07T23:00:00.000000+0000,660.9,4.216666666666667,78.8,1.4,111,0,0.0
2023-02-08T00:00:00.000000+0000,660.6,3.6,80.96666666666668,3.4,68,0,0.0
2023-02-08T01:00:00.000000+0000,660.4,3.233333333333334,80.13333333333334,3.9,109,0,0.0
2023-02-08T02:00:00.000000+0000,660.4,2.9000000000000004,64.98333333333333,5.7,106,0,0.0
2023-02-08T03:00:00.000000+0000,660.7,3.0833333333333335,59.616666666666674,4.8,117,0,0.0
2023-02-08T04:00:00.000000+0000,660.7,5.383333333333333,49.61666666666667,5.5,120,6,0.0
2023-02-08T05:00:00.000000+0000,661.1,8.366666666666667,46.53333333333333,7.0,98,183,0.0
2023-02-08T06:00:00.000000+0000,661.5,9.366666666666667,47.76666666666666,7.1,66,440,0.0
2023-02-08T07:00:00.000000+0000,661.8,10.183333333333334,46.35,7.4,53,675,0.0
2023-02-08T08:00:00.000000+0000,661.8,10.950000000000001,45.86666666666667,8.1,50,859,0.0
2023-02-08T09:00:00.000000+0000,661.5,11.816666666666665,43.73333333333334,9.2,44,1023,0.0
2023-02-08T10:00:00.000000+0000,661.1,11.816666666666668,47.71666666666667,9.1,45,1125,0.0
2023-02-08T11:00:00.000000+0000,660.6,11.583333333333334,51.51666666666666,8.9,29,1063,0.0
2023-02-08T12:00:00.000000+0000,660.2,11.533333333333333,53.349999999999994,7.7,38,988,0.0
2023-02-08T13:00:00.000000+0000,659.9,10.6,56.58333333333332,7.6,28,656,0.0
2023-02-08T14:00:00.000000+0000,659.9,9.916666666666666,57.33333333333334,6.9,38,544,0.0
2023-02-08T15:00:00.000000+0000,660.1,7.216666666666666,62.68333333333334,6.9,58,337,0.0
2023-02-08T16:00:00.000000+0000,660.4,4.666666666666667,43.68333333333334,5.5,113,82,0.0
2023-02-08T17:00:00.000000+0000,660.8,4.966666666666666,33.833333333333336,3.7,116,0,0.0
2023-02-08T18:00:00.000000+0000,661.0,3.4,30.76666666666667,5.0,119,0,0.0
2023-02-08T19:00:00.000000+0000,661.4,3.1666666666666665,36.51666666666667,2.7,138,0,0.0
2023-02-08T20:00:00.000000+0000,661.6,3.0,40.96666666666667,1.7,148,0,0.0
2023-02-08T21:00:00.000000+0000,661.5,4.133333333333334,32.800000000000004,1.6,176,0,0.0
2023-02-08T22:00:00.000000+0000,661.2,2.2333333333333334,37.666666666666664,2.0,87,0,0.0
2023-02-08T23:00:00.000000+0000,660.6,1.8333333333333333,36.333333333333336,2.7,117,0,0.0
2023-02-09T00:00:00.000000+0000,660.1,1.8166666666666667,37.300000000000004,2.1,113,0,0.0
2023-02-09T01:00:00.000000+0000,659.9,2.4,33.61666666666667,2.5,112,0,0.0
2023-02-09T02:00:00.000000+0000,660.1,2.1166666666666667,27.883333333333336,3.8,106,0,0.0
2023-02-09T03:00:00.000000+0000,660.6,2.2666666666666666,30.433333333333334,1.6,148,0,0.0
2023-02-09T04:00:00.000000+0000,660.9,5.483333333333333,30.33333333333334,2.7,133,6,0.0
2023-02-09T05:00:00.000000+0000,661.3,9.916666666666668,28.883333333333336,3.9,124,189,0.0
2023-02-09T06:00:00.000000+0000,661.8,10.183333333333334,44.48333333333333,5.0,97,451,0.0
2023-02-09T07:00:00.000000+0000,662.2,9.133333333333335,69.71666666666667,3.9,325,687,0.0
2023-02-09T08:00:00.000000+0000,662.2,12.399999999999999,32.05,4.8,287,865,0.0
2023-02-09T09:00:00.000000+0000,661.8,12.866666666666667,37.18333333333334,8.0,74,1035,0.0
2023-02-09T10:00:00.000000+0000,661.1,11.283333333333331,47.73333333333333,9.3,68,1147,0.0
2023-02-09T11:00:00.000000+0000,660.9,8.9,69.5,5.3,50,486,0.0
2023-02-09T12:00:00.000000+0000,660.7,8.566666666666666,72.26666666666667,4.1,30,175,0.0
2023-02-09T13:00:00.000000+0000,660.3,7.516666666666667,85.43333333333334,5.6,68,138,0.0
2023-02-09T14:00:00.000000+0000,660.1,6.266666666666667,93.19999999999999,5.6,70,133,0.0
2023-02-09T15:00:00.000000+0000,660.3,5.466666666666666,92.36666666666667,5.8,112,124,0.0
2023-02-09T16:00:00.000000+0000,660.8,4.45,87.05000000000001,6.0,117,51,0.0
2023-02-09T17:00:00.000000+0000,661.2,4.05,81.6,6.7,134,0,0.0
2023-02-09T18:00:00.000000+0000,661.8,3.6166666666666667,67.76666666666667,3.8,174,0,0.0
2023-02-09T19:00:00.000000+0000,662.1,3.1166666666666667,46.76666666666666,6.3,133,0,0.0
2023-02-09T20:00:00.000000+0000,662.3,3.7166666666666663,32.300000000000004,6.0,137,0,0.0
2023-02-09T21:00:00.000000+0000,662.2,5.1499999999999995,24.88333333333333,5.9,124,0,0.0
2023-02-09T22:00:00.000000+0000,661.8,5.1499999999999995,28.650000000000002,8.0,129,0,0.0
2023-02-09T23:00:00.000000+0000,661.3,5.3,28.416666666666668,8.2,131,0,0.0
2023-02-10T00:00:00.000000+0000,660.8,5.05,33.06666666666667,8.9,127,0,0.0
2023-02-10T01:00:00.000000+0000,660.6,5.0,31.66666666666667,8.9,124,0,0.0
2023-02-10T02:00:00.000000+0000,660.7,4.8,33.166666666666664,9.3,118,0,0.0
2023-02-10T03:00:00.000000+0000,660.9,4.8999999999999995,31.533333333333335,8.8,123,0,0.0
2023-02-10T04:00:00.000000+0000,661.0,6.3999999999999995,26.099999999999998,9.0,117,5,0.0
2023-02-10T05:00:00.000000+0000,661.6,8.516666666666667,25.216666666666665,9.1,103,189,0.0
2023-02-10T06:00:00.000000+0000,662.1,10.366666666666667,24.099999999999998,10.4,102,449,0.0
2023-02-10T07:00:00.000000+0000,662.5,11.633333333333333,24.2,9.3,86,688,0.0
2023-02-10T08:00:00.000000+0000,662.6,12.483333333333334,23.03333333333333,10.6,75,889,0.0
2023-02-10T09:00:00.000000+0000,662.5,12.533333333333333,26.166666666666668,9.5,87,1029,0.0
2023-02-10T10:00:00.000000+0000,661.7,12.25,35.63333333333333,10.5,70,1104,0.0
2023-02-10T11:00:00.000000+0000,661.2,10.549999999999999,46.48333333333333,10.0,61,884,0.0
2023-02-10T12:00:00.000000+0000,660.9,9.483333333333333,59.46666666666667,8.6,53,402,0.0
2023-02-10T13:00:00.000000+0000,660.6,8.25,67.48333333333333,8.1,60,245,0.0
2023-02-10T14:00:00.000000+0000,660.4,7.8500000000000005,66.01666666666667,8.6,77,141,0.0
2023-02-10T15:00:00.000000+0000,660.7,6.8999999999999995,75.45,7.1,80,110,0.0
2023-02-10T16:00:00.000000+0000,661.0,4.866666666666667,81.66666666666667,6.9,102,69,0.0
2023-02-10T17:00:00.000000+0000,661.4,4.75,71.88333333333333,7.0,144,0,0.0
2023-02-10T18:00:00.000000+0000,662.2,3.4500000000000006,68.8,2.5,147,0,0.0
2023-02-10T19:00:00.000000+0000,662.8,3.65,50.35,3.9,134,0,0.0
2023-02-10T20:00:00.000000+0000,663.0,5.050000000000001,37.98333333333334,5.8,131,0,0.0
2023-02-10T21:00:00.000000+0000,662.9,5.016666666666667,34.300000000000004,7.5,130,0,0.0
2023-02-10T22:00:00.000000+0000,662.7,4.8500000000000005,31.666666666666668,7.2,132,0,0.0
2023-02-10T23:00:00.000000+0000,662.1,5.366666666666667,27.799999999999997,7.6,130,0,0.0
2023-02-11T00:00:00.000000+0000,661.6,5.483333333333333,27.3,7.8,131,0,0.0
2023-02-11T01:00:00.000000+0000,661.4,5.566666666666666,36.78333333333333,7.8,135,0,0.0
2023-02-11T02:00:00.000000+0000,661.4,5.3,26.3,8.0,129,0,0.0
2023-02-11T03:00:00.000000+0000,661.7,4.8500000000000005,19.1,9.5,138,0,0.0
2023-02-11T04:00:00.000000+0000,662.1,5.7,30.416666666666668,9.4,135,5,0.0
2023-02-11T05:00:00.000000+0000,662.3,8.649999999999999,30.299999999999997,10.5,127,186,0.0
2023-02-11T06:00:00.000000+0000,662.7,9.75,34.766666666666666,10.3,101,446,0.0
2023-02-11T07:00:00.000000+0000,662.9,10.233333333333333,43.25,9.9,102,686,0.0
2023-02-11T08:00:00.000000+0000,662.9,11.616666666666667,36.76666666666666,9.5,99,887,0.0
2023-02-11T09:00:00.000000+0000,662.6,12.466666666666669,33.08333333333333,9.7,89,1033,0.0
2023-02-11T10:00:00.000000+0000,661.9,12.799999999999999,37.18333333333334,8.4,80,1107,0.0
2023-02-11T11:00:00.000000+0000,661.2,12.299999999999999,52.56666666666666,9.1,66,1111,0.0
2023-02-11T12:00:00.000000+0000,660.9,12.100000000000001,55.96666666666667,11.1,55,968,0.0
2023-02-11T13:00:00.000000+0000,660.6,12.466666666666667,53.23333333333334,8.9,79,824,0.0
2023-02-11T14:00:00.000000+0000,660.5,11.666666666666666,66.75,5.6,96,611,0.0
2023-02-11T15:00:00.000000+0000,660.7,9.4,72.53333333333333,6.3,263,367,0.0
2023-02-11T16:00:00.000000+0000,661.3,6.066666666666666,85.39999999999999,2.9,330,83,0.0
2023-02-11T17:00:00.000000+0000,661.6,4.666666666666667,59.18333333333334,6.6,132,0,0.0
2023-02-11T18:00:00.000000+0000,661.7,4.866666666666667,41.583333333333336,6.4,132,0,0.0
2023-02-11T19:00:00.000000+0000,662.1,4.616666666666666,41.5,7.6,132,0,0.0
2023-02-11T20:00:00.000000+0000,662.1,4.1499999999999995,38.983333333333334,8.8,127,0,0.0
2023-02-11T21:00:00.000000+0000,662.0,4.3999999999999995,44.53333333333333,9.1,132,0,0.0
2023-02-11T22:00:00.000000+0000,661.7,4.266666666666667,49.800000000000004,8.9,130,0,0.0
2023-02-11T23:00:00.000000+0000,661.1,3.25,45.4,8.4,131,0,0.0
2023-02-12T00:00:00.000000+0000,660.6,2.766666666666667,45.31666666666667,9.4,130,0,0.0
2023-02-12T01:00:00.000000+0000,660.5,2.8666666666666667,49.550000000000004,9.7,127,0,0.0
2023-02-12T02:00:00.000000+0000,660.5,2.983333333333334,47.65,9.5,126,0,0.0
2023-02-12T03:00:00.000000+0000,660.8,3.266666666666666,41.199999999999996,8.0,119,0,0.0
2023-02-12T04:00:00.000000+0000,661.3,4.966666666666667,33.300000000000004,7.2,119,7,0.0
2023-02-12T05:00:00.000000+0000,661.9,7.833333333333333,27.549999999999997,6.3,113,180,0.0
2023-02-12T06:00:00.000000+0000,662.5,9.466666666666669,27.766666666666666,6.0,75,428,0.0
2023-02-12T07:00:00.000000+0000,662.7,10.683333333333335,27.099999999999998,6.2,66,686,0.0
2023-02-12T08:00:00.000000+0000,662.4,11.733333333333334,27.45,6.4,54,885,0.0
2023-02-12T09:00:00.000000+0000,662.0,12.216666666666667,26.683333333333334,7.1,64,1018,0.0
2023-02-12T10:00:00.000000+0000,661.4,12.399999999999999,36.15,8.2,70,1102,0.0
2023-02-12T11:00:00.000000+0000,660.8,12.116666666666667,34.583333333333336,9.4,65,1072,0.0
2023-02-12T12:00:00.000000+0000,660.6,11.949999999999998,37.56666666666666,8.6,71,990,0.0
2023-02-12T13:00:00.000000+0000,660.5,10.466666666666665,55.18333333333333,9.4,76,820,0.0
2023-02-12T14:00:00.000000+0000,660.6,9.5,62.35,8.3,54,582,0.0
2023-02-12T15:00:00.000000+0000,660.6,6.216666666666666,74.5,6.7,61,350,0.0
2023-02-12T16:00:00.000000+0000,660.9,3.033333333333333,45.949999999999996,6.2,115,92,0.0
2023-02-12T17:00:00.000000+0000,661.2,1.883333333333333,21.799999999999997,6.3,160,0,0.0
2023-02-12T18:00:00.000000+0000,661.5,1.9166666666666667,16.76666666666667,5.6,144,0,0.0
2023-02-12T19:00:00.000000+0000,661.9,1.8999999999999997,18.933333333333334,6.0,140,0,0.0
2023-02-12T20:00:00.000000+0000,661.8,1.8666666666666665,20.2,6.8,131,0,0.0
2023-02-12T21:00:00.000000+0000,661.7,2.433333333333333,25.0,7.1,132,0,0.0
2023-02-12T22:00:00.000000+0000,661.4,2.683333333333333,18.566666666666666,7.5,133,0,0.0
2023-02-12T23:00:00.000000+0000,660.9,3.016666666666666,15.649999999999999,8.0,129,0,0.0
2023-02-13T00:00:00.000000+0000,660.4,3.0833333333333335,14.350000000000001,8.8,134,0,0.0
2023-02-13T01:00:00.000000+0000,660.2,3.0333333333333337,14.499999999999998,9.1,132,0,0.0
2023-02-13T02:00:00.000000+0000,660.4,2.9499999999999997,11.383333333333335,8.4,135,0,0.0
2023-02-13T03:00:00.000000+0000,660.7,2.816666666666667,10.966666666666667,8.5,135,0,0.0
2023-02-13T04:00:00.000000+0000,661.0,4.383333333333333,10.466666666666667,8.3,135,5,0.0
2023-02-13T05:00:00.000000+0000,661.5,8.216666666666667,11.65,7.2,130,191,0.0
2023-02-13T06:00:00.000000+0000,661.9,8.683333333333335,22.916666666666668,5.2,112,453,0.0
2023-02-13T07:00:00.000000+0000,662.3,9.566666666666668,39.36666666666667,4.3,291,691,0.0
2023-02-13T08:00:00.000000+0000,662.4,9.850000000000001,41.31666666666667,4.5,306,883,0.0
2023-02-13T09:00:00.000000+0000,662.1,11.5,40.00000000000001,6.2,295,1023,0.0
2023-02-13T10:00:00.000000+0000,661.6,11.950000000000001,44.0,6.4,296,1088,0.0
2023-02-13T11:00:00.000000+0000,661.1,12.283333333333333,44.550000000000004,7.1,11,1078,0.0
2023-02-13T12:00:00.000000+0000,660.7,12.383333333333333,47.38333333333335,6.4,22,988,0.0
2023-02-13T13:00:00.000000+0000,660.4,10.433333333333332,58.449999999999996,7.3,29,947,0.0
2023-02-13T14:00:00.000000+0000,660.3,9.333333333333334,67.43333333333334,6.4,39,268,0.0
2023-02-13T15:00:00.000000+0000,660.4,7.233333333333334,81.78333333333335,5.8,39,216,0.0
2023-02-13T16:00:00.000000+0000,660.8,4.733333333333333,86.80000000000001,3.1,66,76,0.0
2023-02-13T17:00:00.000000+0000,661.2,3.8166666666666664,67.23333333333333,1.9,192,0,0.0
2023-02-13T18:00:00.000000+0000,661.4,4.0166666666666675,75.88333333333334,2.5,186,0,0.0
2023-02-13T19:00:00.000000+0000,661.8,3.15,83.56666666666666,2.0,105,0,0.0
2023-02-13T20:00:00.000000+0000,661.8,3.25,89.48333333333335,0.9,106,0,0.0
2023-02-13T21:00:00.000000+0000,661.7,3.016666666666667,93.38333333333333,2.5,237,0,0.0
2023-02-13T22:00:00.000000+0000,661.1,3.5,77.39999999999999,2.8,228,0,0.0
2023-02-13T23:00:00.000000+0000,660.6,3.65,48.53333333333333,2.3,215,0,0.0
2023-02-14T00:00:00.000000+0000,660.3,2.216666666666667,60.51666666666667,1.7,127,0,0.0
2023-02-14T01:00:00.000000+0000,660.0,3.3333333333333335,45.833333333333336,2.1,83,0,0.0
2023-02-14T02:00:00.000000+0000,660.2,2.283333333333333,63.30000000000001,3.2,195,0,0.0
2023-02-14T03:00:00.000000+0000,660.5,4.1000000000000005,52.85,2.4,236,0,0.0
2023-02-14T04:00:00.000000+0000,660.8,4.316666666666667,65.86666666666666,3.6,229,7,0.0
2023-02-14T05:00:00.000000+0000,661.3,6.6499999999999995,56.699999999999996,2.8,230,187,0.0
2023-02-14T06:00:00.000000+0000,661.8,8.383333333333333,48.71666666666667,2.4,294,435,0.0
2023-02-14T07:00:00.000000+0000,662.0,9.066666666666666,52.699999999999996,3.3,312,674,0.0
2023-02-14T08:00:00.000000+0000,661.9,10.100000000000001,50.4,3.8,320,874,0.0
2023-02-14T09:00:00.000000+0000,661.6,10.816666666666668,49.81666666666667,4.8,310,975,0.0
2023-02-14T10:00:00.000000+0000,661.2,10.75,52.81666666666666,5.4,287,1144,0.0
2023-02-14T11:00:00.000000+0000,660.6,10.283333333333333,59.0,6.3,276,680,0.0
2023-02-14T12:00:00.000000+0000,660.0,10.200000000000001,58.833333333333336,3.7,314,387,0.0
2023-02-14T13:00:00.000000+0000,659.6,10.633333333333335,62.26666666666667,6.5,277,340,0.0
2023-02-14T14:00:00.000000+0000,659.4,9.450000000000001,74.73333333333333,4.5,306,396,0.0
2023-02-14T15:00:00.000000+0000,659.7,8.016666666666667,82.46666666666665,3.3,279,149,0.0
2023-02-14T16:00:00.000000+0000,659.9,6.483333333333333,91.84999999999998,3.4,268,22,0.0
2023-02-14T17:00:00.000000+0000,660.4,4.366666666666666,78.83333333333333,2.6,232,0,0.0
2023-02-14T18:00:00.000000+0000,660.7,2.6166666666666667,58.48333333333334,1.6,195,0,0.0
2023-02-14T19:00:00.000000+0000,660.9,4.699999999999999,48.15,2.3,161,0,0.0
2023-02-14T20:00:00.000000+0000,661.0,6.0,40.449999999999996,3.3,191,0,0.0
2023-02-14T21:00:00.000000+0000,660.6,5.583333333333333,44.699999999999996,3.2,215,0,0.0
2023-02-14T22:00:00.000000+0000,659.9,4.783333333333333,41.2,3.3,192,0,0.0
2023-02-14T23:00:00.000000+0000,659.4,6.116666666666666,36.333333333333336,6.0,152,0,0.0
2023-02-15T00:00:00.000000+0000,658.7,6.3,44.449999999999996,8.9,137,0,0.0
2023-02-15T01:00:00.000000+0000,658.5,5.45,50.550000000000004,9.1,139,0,0.0
2023-02-15T02:00:00.000000+0000,658.9,4.816666666666667,64.75,7.3,162,0,0.0
2023-02-15T03:00:00.000000+0000,659.2,4.3999999999999995,62.44999999999999,6.9,172,0,0.0
2023-02-15T04:00:00.000000+0000,659.4,6.166666666666667,43.18333333333334,5.8,197,6,0.0
2023-02-15T05:00:00.000000+0000,659.9,7.983333333333333,43.98333333333333,3.0,180,161,0.0
2023-02-15T06:00:00.000000+0000,660.7,8.733333333333333,52.23333333333333,2.2,275,440,0.0
2023-02-15T07:00:00.000000+0000,661.2,9.183333333333332,62.31666666666666,3.3,305,687,0.0
2023-02-15T08:00:00.000000+0000,661.3,8.633333333333333,73.25,4.0,315,635,0.0
2023-02-15T09:00:00.000000+0000,661.0,8.333333333333334,73.83333333333333,3.9,330,381,0.0
2023-02-15T10:00:00.000000+0000,660.5,8.75,72.80000000000001,3.0,342,277,0.0
2023-02-15T11:00:00.000000+0000,660.0,9.433333333333332,69.81666666666666,3.7,9,301,0.0
2023-02-15T12:00:00.000000+0000,659.4,9.450000000000001,68.6,4.7,22,373,0.0
2023-02-15T13:00:00.000000+0000,659.0,9.35,71.08333333333333,5.8,54,234,0.0
2023-02-15T14:00:00.000000+0000,659.0,8.983333333333333,78.85000000000001,5.0,31,193,0.0
2023-02-15T15:00:00.000000+0000,659.0,7.433333333333333,82.03333333333335,4.8,77,111,0.0
2023-02-15T16:00:00.000000+0000,659.3,5.266666666666667,83.25,5.1,133,27,0.0
2023-02-15T17:00:00.000000+0000,659.7,5.033333333333334,81.41666666666667,2.6,151,0,0.0
2023-02-15T18:00:00.000000+0000,660.0,4.6000000000000005,83.28333333333335,1.9,196,0,0.0
2023-02-15T19:00:00.000000+0000,660.4,3.583333333333334,86.5,1.8,223,0,0.0
2023-02-15T20:00:00.000000+0000,660.6,2.8000000000000003,82.48333333333333,1.2,175,0,0.0
2023-02-15T21:00:00.000000+0000,660.3,3.4166666666666665,68.76666666666667,4.4,124,0,0.0
2023-02-15T22:00:00.000000+0000,659.8,3.35,72.78333333333335,7.8,135,0,0.0
2023-02-15T23:00:00.000000+0000,659.4,3.6833333333333336,65.26666666666667,8.3,134,0,0.0
2023-02-16T00:00:00.000000+0000,659.0,3.5833333333333335,60.95000000000001,7.5,126,0,0.0
2023-02-16T01:00:00.000000+0000,658.8,3.533333333333333,65.89999999999999,8.1,135,0,0.0
2023-02-16T02:00:00.000000+0000,658.8,3.0500000000000003,72.26666666666667,8.0,137,0,0.0
2023-02-16T03:00:00.000000+0000,659.2,2.5833333333333335,64.23333333333333,7.5,136,0,0.0
2023-02-16T04:00:00.000000+0000,659.6,4.166666666666667,63.75,7.0,137,6,0.0
2023-02-16T05:00:00.000000+0000,660.3,7.866666666666667,54.86666666666667,6.9,128,175,0.0
2023-02-16T06:00:00.000000+0000,660.8,9.9,49.01666666666667,6.9,88,449,0.0
2023-02-16T07:00:00.000000+0000,661.1,11.450000000000001,42.483333333333334,7.4,68,681,0.0
2023-02-16T08:00:00.000000+0000,660.9,11.416666666666666,46.68333333333333,7.8,57,875,0.0
2023-02-16T09:00:00.000000+0000,660.8,9.4,62.93333333333334,6.8,68,436,0.0
2023-02-16T10:00:00.000000+0000,660.5,7.516666666666666,79.98333333333333,4.3,50,152,0.7
2023-02-16T11:00:00.000000+0000,660.2,8.766666666666666,74.55,3.2,292,152,0.6
2023-02-16T12:00:00.000000+0000,659.5,9.4,66.03333333333335,9.1,42,303,0.0
2023-02-16T13:00:00.000000+0000,659.2,8.683333333333334,73.95,9.0,56,305,0.0
2023-02-16T14:00:00.000000+0000,659.2,8.5,78.39999999999999,7.9,73,223,0.0
2023-02-16T15:00:00.000000+0000,659.4,6.333333333333333,83.3,7.0,71,257,0.0
2023-02-16T16:00:00.000000+0000,659.9,5.066666666666666,80.8,6.3,108,49,0.0
2023-02-16T17:00:00.000000+0000,660.2,4.416666666666666,79.23333333333333,6.3,142,0,0.0
2023-02-16T18:00:00.000000+0000,660.6,4.216666666666666,75.11666666666667,4.0,131,0,0.0
2023-02-16T19:00:00.000000+0000,661.1,3.8666666666666667,57.06666666666666,6.1,138,0,0.0
2023-02-16T20:00:00.000000+0000,661.4,3.4333333333333336,54.75,5.8,141,0,0.0
2023-02-16T21:00:00.000000+0000,661.2,3.6166666666666667,57.61666666666665,6.5,131,0,0.0
2023-02-16T22:00:00.000000+0000,660.8,3.3833333333333333,65.25,7.6,126,0,0.0
2023-02-16T23:00:00.000000+0000,660.3,3.9,67.61666666666666,7.8,122,0,0.0
2023-02-17T00:00:00.000000+0000,659.8,2.8833333333333333,61.699999999999996,8.6,123,0,0.0
2023-02-17T01:00:00.000000+0000,659.6,2.733333333333333,47.583333333333336,8.9,128,0,0.0
2023-02-17T02:00:00.000000+0000,659.5,3.316666666666667,44.28333333333333,9.4,132,0,0.0
2023-02-17T03:00:00.000000+0000,659.8,3.283333333333333,57.28333333333333,8.0,134,0,0.0
2023-02-17T04:00:00.000000+0000,660.3,4.966666666666666,55.800000000000004,8.1,116,6,0.0
2023-02-17T05:00:00.000000+0000,660.8,7.916666666666667,41.66666666666668,7.2,129,187,0.0
2023-02-17T06:00:00.000000+0000,661.4,9.566666666666666,30.53333333333333,6.1,97,441,0.0
2023-02-17T07:00:00.000000+0000,661.8,11.283333333333333,26.383333333333336,6.1,74,684,0.0
2023-02-17T08:00:00.000000+0000,661.9,11.950000000000001,29.583333333333332,6.5,52,890,0.0
2023-02-17T09:00:00.000000+0000,661.4,12.600000000000001,34.31666666666667,8.6,61,1030,0.0
2023-02-17T10:00:00.000000+0000,660.9,10.033333333333333,52.98333333333333,8.3,51,1075,0.0
2023-02-17T11:00:00.000000+0000,660.5,7.666666666666667,72.31666666666666,7.8,30,357,0.0
2023-02-17T12:00:00.000000+0000,660.1,7.366666666666667,79.98333333333333,7.6,49,145,0.0
2023-02-17T13:00:00.000000+0000,659.6,6.8999999999999995,81.35,7.6,67,177,0.0
2023-02-17T14:00:00.000000+0000,659.5,5.583333333333332,89.53333333333335,7.8,80,188,0.0
2023-02-17T15:00:00.000000+0000,659.8,4.883333333333333,84.45,8.7,96,63,0.0
2023-02-17T16:00:00.000000+0000,660.4,4.116666666666666,67.18333333333332,8.7,128,26,0.0
2023-02-17T17:00:00.000000+0000,660.6,4.583333333333333,56.36666666666667,9.2,129,0,0.0
2023-02-17T18:00:00.000000+0000,661.1,4.866666666666666,48.45000000000001,9.4,129,0,0.0
2023-02-17T19:00:00.000000+0000,661.6,4.3500000000000005,39.7,9.2,132,0,0.0
2023-02-17T20:00:00.000000+0000,661.8,4.283333333333333,34.21666666666667,10.0,132,0,0.0
2023-02-17T21:00:00.000000+0000,661.7,4.116666666666666,36.983333333333334,9.4,135,0,0.0
2023-02-17T22:00:00.000000+0000,661.2,3.8666666666666667,39.983333333333334,9.7,132,0,0.0
2023-02-17T23:00:00.000000+0000,660.7,3.1999999999999997,60.150000000000006,9.2,131,0,0.0
2023-02-18T00:00:00.000000+0000,660.2,2.9,62.35,9.7,132,0,0.0
2023-02-18T01:00:00.000000+0000,659.9,2.8000000000000003,52.29999999999999,9.7,133,0,0.0
2023-02-18T02:00:00.000000+0000,659.7,2.716666666666667,53.96666666666667,10.5,136,0,0.0
2023-02-18T03:00:00.000000+0000,659.9,3.016666666666667,49.04999999999999,10.6,123,0,0.0
2023-02-18T04:00:00.000000+0000,660.3,4.183333333333334,50.38333333333333,10.9,116,5,0.0
2023-02-18T05:00:00.000000+0000,660.7,7.25,37.38333333333333,11.3,114,186,0.0
2023-02-18T06:00:00.000000+0000,661.3,9.366666666666667,36.900000000000006,10.8,96,450,0.0
2023-02-18T07:00:00.000000+0000,661.5,10.75,42.666666666666664,10.0,88,693,0.0
2023-02-18T08:00:00.000000+0000,661.4,11.733333333333334,42.55,10.4,82,897,0.0
2023-02-18T09:00:00.000000+0000,661.1,13.366666666666667,37.449999999999996,8.7,82,1042,0.0
2023-02-18T10:00:00.000000+0000,660.9,12.783333333333333,46.4,5.0,91,1163,0.0
2023-02-18T11:00:00.000000+0000,660.6,9.616666666666667,71.83333333333333,3.7,302,880,0.0
2023-02-18T12:00:00.000000+0000,660.1,9.133333333333333,74.43333333333334,3.8,272,202,0.0
2023-02-18T13:00:00.000000+0000,659.9,8.5,73.56666666666666,3.1,266,180,0.0
2023-02-18T14:00:00.000000+0000,659.8,7.316666666666666,74.14999999999999,4.5,109,87,0.0
2023-02-18T15:00:00.000000+0000,659.9,5.816666666666666,78.31666666666668,8.8,100,54,0.0
2023-02-18T16:00:00.000000+0000,660.5,4.916666666666667,81.25,7.1,134,15,0.0
2023-02-18T17:00:00.000000+0000,661.1,4.1000000000000005,66.78333333333333,3.0,140,0,0.0
2023-02-18T18:00:00.000000+0000,661.3,3.7999999999999994,68.46666666666668,7.0,136,0,0.0
2023-02-18T19:00:00.000000+0000,661.7,3.4666666666666663,68.46666666666667,6.9,132,0,0.0
2023-02-18T20:00:00.000000+0000,661.6,4.0,67.71666666666667,7.4,128,0,0.0
2023-02-18T21:00:00.000000+0000,661.4,3.933333333333333,76.25000000000001,7.4,121,0,0.0
2023-02-18T22:00:00.000000+0000,661.1,3.716666666666667,89.93333333333334,7.6,115,0,0.0
2023-02-18T23:00:00.000000+0000,660.5,3.766666666666667,88.35000000000001,8.6,103,0,0.0
2023-02-19T00:00:00.000000+0000,660.1,3.3166666666666664,90.11666666666667,9.2,104,0,0.0
2023-02-19T01:00:00.000000+0000,659.8,2.75,83.41666666666666,9.0,106,0,0.0
2023-02-19T02:00:00.000000+0000,659.9,3.1666666666666665,71.58333333333333,8.1,125,0,0.0
2023-02-19T03:00:00.000000+0000,660.4,3.25,69.61666666666666,7.1,125,0,0.0
2023-02-19T04:00:00.000000+0000,660.8,4.25,63.599999999999994,7.6,117,5,0.0
2023-02-19T05:00:00.000000+0000,661.3,7.45,53.599999999999994,8.1,113,126,0.0
2023-02-19T06:00:00.000000+0000,661.8,9.633333333333333,45.81666666666667,6.1,93,452,0.0
2023-02-19T07:00:00.000000+0000,662.2,10.716666666666669,43.38333333333333,6.8,75,725,0.0
2023-02-19T08:00:00.000000+0000,662.3,11.183333333333335,48.98333333333333,5.4,100,881,0.0
2023-02-19T09:00:00.000000+0000,662.1,9.116666666666667,79.21666666666665,4.8,21,856,0.0
2023-02-19T10:00:00.000000+0000,661.5,8.866666666666665,76.58333333333333,5.1,301,573,0.0
2023-02-19T11:00:00.000000+0000,660.9,8.799999999999999,81.71666666666665,4.4,292,494,0.0
2023-02-19T12:00:00.000000+0000,660.2,7.6000000000000005,84.81666666666668,4.6,285,213,0.0
2023-02-19T13:00:00.000000+0000,659.7,8.466666666666667,73.11666666666666,2.8,343,116,0.0
2023-02-19T14:00:00.000000+0000,659.6,7.416666666666667,78.22,5.9,81,148,0.0
2023-02-19T15:00:00.000000+0000,659.7,6.1499999999999995,79.56,5.5,95,153,0.0
2023-02-19T16:00:00.000000+0000,660.1,3.7000000000000006,76.48333333333333,6.8,133,77,0.0
2023-02-19T17:00:00.000000+0000,660.7,3.0666666666666664,91.2,1.9,216,0,0.0
2023-02-19T18:00:00.000000+0000,661.1,3.2999999999999994,92.28333333333335,2.1,167,0,0.0
2023-02-19T19:00:00.000000+0000,661.4,3.1999999999999997,83.88333333333333,1.1,204,0,0.0
2023-02-19T20:00:00.000000+0000,661.7,1.9833333333333334,81.38333333333334,0.9,97,0,0.0
2023-02-19T21:00:00.000000+0000,661.5,1.7000000000000002,68.41666666666667,3.5,123,0,0.0
2023-02-19T22:00:00.000000+0000,661.1,1.5,71.58333333333333,6.1,136,0,0.0
2023-02-19T23:00:00.000000+0000,660.7,1.75,69.60000000000001,6.4,142,0,0.0
2023-02-20T00:00:00.000000+0000,660.3,3.183333333333333,50.53333333333333,6.3,137,0,0.0
2023-02-20T01:00:00.000000+0000,660.1,2.8166666666666664,49.6,6.7,131,0,0.0
2023-02-20T02:00:00.000000+0000,660.1,2.15,49.133333333333326,6.9,131,0,0.0
2023-02-20T03:00:00.000000+0000,660.2,1.7166666666666666,50.56666666666666,8.0,126,0,0.0
2023-02-20T04:00:00.000000+0000,660.7,3.9500000000000006,52.416666666666664,6.3,136,6,0.0
2023-02-20T05:00:00.000000+0000,661.4,7.333333333333333,45.23333333333333,6.0,109,185,0.0
2023-02-20T06:00:00.000000+0000,661.9,9.4,41.85,6.2,75,445,0.0
2023-02-20T07:00:00.000000+0000,662.1,10.950000000000001,37.5,7.8,50,687,0.0
2023-02-20T08:00:00.000000+0000,662.3,11.216666666666667,40.25,6.3,37,888,0.0
2023-02-20T09:00:00.000000+0000,662.0,10.4,45.1,5.8,359,908,0.0
2023-02-20T10:00:00.000000+0000,661.6,10.549999999999999,48.18333333333333,6.2,12,767,0.0
2023-02-20T11:00:00.000000+0000,661.1,9.283333333333333,54.26666666666667,6.1,43,576,0.0
2023-02-20T12:00:00.000000+0000,660.8,9.1,51.099999999999994,5.1,46,316,0.0
2023-02-20T13:00:00.000000+0000,660.7,10.450000000000001,48.18333333333333,4.4,13,352,0.0
2023-02-20T14:00:00.000000+0000,660.7,10.166666666666666,51.550000000000004,4.0,11,517,0.0
2023-02-20T15:00:00.000000+0000,660.7,7.666666666666667,69.10000000000001,5.2,23,305,0.0
2023-02-20T16:00:00.000000+0000,660.9,5.083333333333333,72.3,2.6,54,78,0.0
2023-02-20T17:00:00.000000+0000,661.2,5.033333333333334,67.86666666666666,2.5,237,0,0.0
2023-02-20T18:00:00.000000+0000,661.6,5.833333333333333,60.800000000000004,1.3,180,0,0.0
2023-02-20T19:00:00.000000+0000,661.9,4.816666666666667,70.01666666666667,1.4,153,0,0.0
2023-02-20T20:00:00.000000+0000,662.0,5.6000000000000005,66.68333333333334,2.6,228,0,0.0
2023-02-20T21:00:00.000000+0000,661.8,5.25,70.73333333333333,3.6,223,0,0.0
2023-02-20T22:00:00.000000+0000,661.6,5.783333333333334,65.68333333333334,4.2,221,0,0.0
2023-02-20T23:00:00.000000+0000,661.2,5.1499999999999995,66.2,6.0,213,0,0.0
2023-02-21T00:00:00.000000+0000,660.9,5.0,62.96666666666666,5.9,201,0,0.0
2023-02-21T01:00:00.000000+0000,660.9,4.6499999999999995,64.30000000000001,4.7,214,0,0.0
2023-02-21T02:00:00.000000+0000,660.9,3.6333333333333333,68.41666666666667,3.6,204,0,0.0
2023-02-21T03:00:00.000000+0000,661.1,4.283333333333334,68.06666666666666,2.6,168,0,0.0
2023-02-21T04:00:00.000000+0000,661.7,5.116666666666666,67.86666666666666,1.1,360,7,0.0
2023-02-21T05:00:00.000000+0000,662.1,8.65,54.46666666666667,2.0,185,172,0.0
2023-02-21T06:00:00.000000+0000,662.7,9.883333333333333,52.01666666666666,1.7,4,434,0.0
2023-02-21T07:00:00.000000+0000,663.1,10.683333333333332,48.800000000000004,4.1,6,679,0.0
2023-02-21T08:00:00.000000+0000,663.0,11.633333333333335,47.849999999999994,4.5,322,883,0.0
2023-02-21T09:00:00.000000+0000,662.7,11.883333333333333,46.300000000000004,4.1,340,907,0.0
2023-02-21T10:00:00.000000+0000,662.1,10.866666666666667,50.800000000000004,3.9,360,577,0.0
2023-02-21T11:00:00.000000+0000,661.6,10.799999999999999,55.38333333333333,4.6,27,314,0.0
2023-02-21T12:00:00.000000+0000,661.1,11.416666666666666,52.949999999999996,6.1,18,374,0.0
2023-02-21T13:00:00.000000+0000,660.7,11.85,53.449999999999996,7.3,41,563,0.0
2023-02-21T14:00:00.000000+0000,660.5,9.65,67.8,6.1,73,483,0.0
2023-02-21T15:00:00.000000+0000,660.7,9.266666666666667,73.38333333333334,5.3,73,187,0.0
2023-02-21T16:00:00.000000+0000,661.1,5.666666666666667,83.41666666666667,2.0,266,64,0.0
2023-02-21T17:00:00.000000+0000,661.3,5.1000000000000005,75.68333333333334,1.2,180,0,0.0
2023-02-21T18:00:00.000000+0000,661.5,4.6000000000000005,57.166666666666664,1.5,165,0,0.0
2023-02-21T19:00:00.000000+0000,661.7,5.283333333333333,38.550000000000004,1.7,171,0,0.0
2023-02-21T20:00:00.000000+0000,661.8,5.983333333333333,37.483333333333334,2.1,155,0,0.0
2023-02-21T21:00:00.000000+0000,661.6,5.716666666666666,36.583333333333336,1.5,167,0,0.0
2023-02-21T22:00:00.000000+0000,661.2,5.15,44.43333333333333,3.5,206,0,0.0
2023-02-21T23:00:00.000000+0000,660.8,5.316666666666666,55.333333333333336,2.4,210,0,0.0
2023-02-22T00:00:00.000000+0000,660.5,3.533333333333333,58.050000000000004,2.4,223,0,0.0
2023-02-22T01:00:00.000000+0000,660.4,4.5,60.88333333333333,3.3,123,0,0.0
2023-02-22T02:00:00.000000+0000,660.5,3.766666666666667,64.01666666666667,4.0,100,0,0.0
2023-02-22T03:00:00.000000+0000,661.0,4.083333333333333,64.18333333333334,5.2,121,0,0.0
2023-02-22T04:00:00.000000+0000,661.1,5.433333333333334,68.03333333333333,6.3,115,5,0.0
2023-02-22T05:00:00.000000+0000,661.3,9.049999999999999,48.68333333333334,8.5,119,179,0.0
2023-02-22T06:00:00.000000+0000,661.9,10.766666666666666,43.78333333333333,5.2,101,447,0.0
2023-02-22T07:00:00.000000+0000,662.3,10.299999999999999,45.150000000000006,5.1,290,687,0.0
2023-02-22T08:00:00.000000+0000,662.4,12.266666666666667,43.949999999999996,3.9,323,881,0.0
2023-02-22T09:00:00.000000+0000,661.9,12.316666666666668,45.41666666666668,4.8,359,1022,0.0
2023-02-22T10:00:00.000000+0000,661.4,11.583333333333334,53.93333333333334,5.7,28,824,0.0
2023-02-22T11:00:00.000000+0000,661.0,10.799999999999999,63.23333333333333,5.9,43,539,0.0
2023-02-22T12:00:00.000000+0000,660.5,11.516666666666666,62.78333333333333,4.8,68,238,0.0
2023-02-22T13:00:00.000000+0000,660.1,11.416666666666666,63.31666666666666,6.7,82,561,0.0
2023-02-22T14:00:00.000000+0000,660.3,11.083333333333334,70.28333333333335,5.7,50,318,0.0
2023-02-22T15:00:00.000000+0000,660.6,7.816666666666666,85.01666666666667,7.0,47,381,0.0
2023-02-22T16:00:00.000000+0000,660.8,5.483333333333333,53.71666666666667,3.6,70,46,0.0
2023-02-22T17:00:00.000000+0000,661.1,4.933333333333334,37.35,1.2,143,0,0.0
2023-02-22T18:00:00.000000+0000,661.2,5.716666666666666,37.85,4.9,118,0,0.0
2023-02-22T19:00:00.000000+0000,661.6,5.233333333333333,34.516666666666666,4.5,115,0,0.0
2023-02-22T20:00:00.000000+0000,661.9,5.5,39.96666666666666,3.3,106,0,0.0
2023-02-22T21:00:00.000000+0000,661.6,5.416666666666667,48.85,6.1,121,0,0.0
2023-02-22T22:00:00.000000+0000,661.2,4.483333333333333,53.849999999999994,5.6,117,0,0.0
2023-02-22T23:00:00.000000+0000,660.9,4.666666666666667,56.5,4.4,113,0,0.0
2023-02-23T00:00:00.000000+0000,660.5,4.6000000000000005,59.6,5.7,115,0,0.0
2023-02-23T01:00:00.000000+0000,660.3,4.166666666666666,60.28333333333333,6.7,110,0,0.0
2023-02-23T02:00:00.000000+0000,660.3,3.8666666666666667,57.38333333333335,6.7,112,0,0.0
2023-02-23T03:00:00.000000+0000,660.3,3.9166666666666665,49.61666666666667,6.1,115,0,0.0
2023-02-23T04:00:00.000000+0000,660.5,6.033333333333334,39.4,5.9,121,6,0.0
2023-02-23T05:00:00.000000+0000,660.9,9.716666666666667,32.26666666666667,6.4,120,185,0.0
2023-02-23T06:00:00.000000+0000,661.5,11.383333333333333,24.333333333333332,5.6,101,446,0.0
2023-02-23T07:00:00.000000+0000,661.9,12.716666666666667,16.466666666666665,6.7,70,692,0.0
2023-02-23T08:00:00.000000+0000,661.8,13.833333333333334,18.150000000000002,6.4,75,898,0.0
2023-02-23T09:00:00.000000+0000,661.4,14.133333333333333,28.21666666666667,6.5,58,1041,0.0
2023-02-23T10:00:00.000000+0000,660.9,11.616666666666667,44.550000000000004,9.3,42,1082,0.0
2023-02-23T11:00:00.000000+0000,660.5,10.866666666666667,51.449999999999996,8.6,39,289,0.0
2023-02-23T12:00:00.000000+0000,660.3,10.85,54.383333333333326,7.7,28,337,0.0
2023-02-23T13:00:00.000000+0000,660.2,10.000000000000002,57.949999999999996,9.0,45,327,0.0
2023-02-23T14:00:00.000000+0000,660.4,8.583333333333334,68.48333333333333,6.9,61,200,0.0
2023-02-23T15:00:00.000000+0000,660.5,8.049999999999999,79.925,5.3,90,118,0.0
2023-02-23T16:00:00.000000+0000,660.5,5.349999999999999,73.23333333333333,5.7,116,38,0.0
2023-02-23T17:00:00.000000+0000,661.0,4.416666666666667,62.21666666666667,2.9,150,0,0.0
2023-02-23T18:00:00.000000+0000,661.4,5.783333333333332,39.916666666666664,3.6,127,0,0.0
2023-02-23T19:00:00.000000+0000,661.8,5.033333333333333,40.916666666666664,5.0,116,0,0.0
2023-02-23T20:00:00.000000+0000,662.1,5.1000000000000005,41.26666666666666,4.6,112,0,0.0
2023-02-23T21:00:00.000000+0000,661.9,4.0,46.46666666666667,4.8,117,0,0.0
2023-02-23T22:00:00.000000+0000,661.6,4.416666666666667,49.18333333333334,4.1,125,0,0.0
2023-02-23T23:00:00.000000+0000,661.2,4.683333333333334,50.63333333333333,5.1,124,0,0.0
2023-02-24T00:00:00.000000+0000,660.9,4.733333333333333,47.35,5.8,120,0,0.0
2023-02-24T01:00:00.000000+0000,660.7,4.45,44.416666666666664,5.7,119,0,0.0
2023-02-24T02:00:00.000000+0000,660.9,3.3833333333333333,44.38333333333333,4.9,121,0,0.0
2023-02-24T03:00:00.000000+0000,661.4,2.9333333333333336,43.35,3.9,123,0,0.0
2023-02-24T04:00:00.000000+0000,661.6,5.800000000000001,36.199999999999996,3.5,129,6,0.0
2023-02-24T05:00:00.000000+0000,662.1,10.950000000000001,23.150000000000002,2.4,121,188,0.0
2023-02-24T06:00:00.000000+0000,662.6,12.183333333333335,20.833333333333336,3.4,56,448,0.0
2023-02-24T07:00:00.000000+0000,662.9,12.766666666666666,23.66666666666667,4.8,18,689,0.0
2023-02-24T08:00:00.000000+0000,662.8,12.266666666666666,29.96666666666667,6.7,5,884,0.0
2023-02-24T09:00:00.000000+0000,662.7,12.1,35.71666666666666,4.9,325,620,0.0
2023-02-24T10:00:00.000000+0000,662.3,10.716666666666667,48.050000000000004,4.7,330,597,0.0
2023-02-24T11:00:00.000000+0000,661.7,9.616666666666667,65.8,6.2,16,306,0.0
2023-02-24T12:00:00.000000+0000,661.2,8.016666666666667,79.36666666666667,7.2,38,200,1.3
2023-02-24T13:00:00.000000+0000,661.0,9.133333333333331,63.01666666666667,4.2,74,116,0.2
2023-02-24T14:00:00.000000+0000,660.7,9.866666666666667,53.48333333333333,3.4,96,177,0.0
2023-02-24T15:00:00.000000+0000,660.8,8.183333333333334,82.63333333333333,2.8,19,95,0.0
2023-02-24T16:00:00.000000+0000,661.1,7.066666666666667,92.73333333333335,2.2,290,16,0.0
2023-02-24T17:00:00.000000+0000,661.4,6.783333333333332,88.08333333333333,1.5,195,0,0.0
2023-02-24T18:00:00.000000+0000,661.7,6.150000000000001,91.05,2.6,227,0,0.0
2023-02-24T19:00:00.000000+0000,662.1,5.583333333333333,84.88333333333333,1.5,219,0,0.0
2023-02-24T20:00:00.000000+0000,662.3,4.666666666666667,73.16666666666667,2.0,131,0,0.0
2023-02-24T21:00:00.000000+0000,662.3,4.316666666666666,59.21666666666666,2.4,118,0,0.0
2023-02-24T22:00:00.000000+0000,662.0,5.783333333333334,45.25,3.2,112,0,0.0
2023-02-24T23:00:00.000000+0000,661.4,6.383333333333333,35.016666666666666,4.9,133,0,0.0
2023-02-25T00:00:00.000000+0000,661.2,6.650000000000001,38.96666666666667,3.6,122,0,0.0
2023-02-25T01:00:00.000000+0000,661.1,5.083333333333333,54.23333333333334,2.7,132,0,0.0
2023-02-25T02:00:00.000000+0000,661.1,5.283333333333334,36.916666666666664,4.1,123,0,0.0
2023-02-25T03:00:00.000000+0000,661.2,6.216666666666668,23.849999999999998,7.1,123,0,0.0
2023-02-25T04:00:00.000000+0000,661.4,7.7,19.5,7.6,123,6,0.0
2023-02-25T05:00:00.000000+0000,661.9,10.716666666666667,18.583333333333332,5.8,119,180,0.0
2023-02-25T06:00:00.000000+0000,662.3,12.066666666666668,17.066666666666666,6.6,104,446,0.0
2023-02-25T07:00:00.000000+0000,662.6,13.466666666666669,16.716666666666665,6.0,101,684,0.0
2023-02-25T08:00:00.000000+0000,662.9,12.483333333333333,34.95,5.4,61,894,0.0
2023-02-25T09:00:00.000000+0000,662.7,13.266666666666666,40.81666666666666,5.3,308,1027,0.0
2023-02-25T10:00:00.000000+0000,662.3,12.116666666666665,45.849999999999994,6.5,285,1108,0.0
2023-02-25T11:00:00.000000+0000,661.7,10.733333333333334,61.75,8.9,271,400,0.0
2023-02-25T12:00:00.000000+0000,661.4,10.9,54.616666666666674,6.4,265,333,0.0
2023-02-25T13:00:00.000000+0000,661.1,10.466666666666667,53.4,5.8,268,248,0.0
2023-02-25T14:00:00.000000+0000,660.7,9.55,62.875,4.9,299,197,0.0
2023-02-25T15:00:00.000000+0000,660.8,,,4.7,288,100,
2023-03-02T11:00:00.000000+0000,,7.5,97.7,,,,
2023-03-02T12:00:00.000000+0000,661.5,7.333333333333333,97.96666666666665,,,,
2023-03-02T13:00:00.000000+0000,661.1,8.383333333333333,94.43333333333334,5.2,69,315,0.9
2023-03-02T14:00:00.000000+0000,660.7,7.3500000000000005,87.43333333333332,6.2,72,405,0.0
2023-03-02T15:00:00.000000+0000,660.8,7.050000000000001,88.94999999999999,4.6,142,85,0.0
2023-03-02T16:00:00.000000+0000,661.1,6.3999999999999995,93.51666666666667,3.9,136,29,0.0
2023-03-02T17:00:00.000000+0000,661.3,6.516666666666667,86.06666666666666,3.3,155,0,0.0
2023-03-02T18:00:00.000000+0000,662.0,4.8500000000000005,93.05,1.5,207,0,0.0
2023-03-02T19:00:00.000000+0000,662.4,5.166666666666667,91.64999999999999,1.6,176,0,0.0
2023-03-02T20:00:00.000000+0000,662.8,6.0,87.21666666666668,2.6,164,0,0.0
2023-03-02T21:00:00.000000+0000,662.9,5.416666666666667,94.7,1.7,100,0,0.0
2023-03-02T22:00:00.000000+0000,662.5,4.6499999999999995,78.60000000000001,2.8,108,0,0.0
2023-03-02T23:00:00.000000+0000,661.8,4.333333333333333,71.33333333333333,6.0,130,0,0.0
2023-03-03T00:00:00.000000+0000,661.4,3.883333333333333,65.0,6.3,134,0,0.0
2023-03-03T01:00:00.000000+0000,661.0,3.466666666666667,65.01666666666667,6.2,136,0,0.0
2023-03-03T02:00:00.000000+0000,661.0,3.0666666666666664,66.73333333333333,4.7,137,0,0.0
2023-03-03T03:00:00.000000+0000,661.3,3.6666666666666665,56.75000000000001,3.8,121,0,0.0
2023-03-03T04:00:00.000000+0000,661.6,5.233333333333333,47.51666666666667,5.8,123,6,0.0
2023-03-03T05:00:00.000000+0000,662.2,8.883333333333333,41.31666666666667,6.2,132,196,0.0
2023-03-03T06:00:00.000000+0000,662.8,9.966666666666667,34.63333333333333,5.0,96,456,0.0
2023-03-03T07:00:00.000000+0000,663.3,11.366666666666665,38.23333333333333,5.7,91,702,0.0
2023-03-03T08:00:00.000000+0000,663.3,11.633333333333335,44.949999999999996,6.1,39,904,0.0
2023-03-03T09:00:00.000000+0000,663.0,10.716666666666669,56.73333333333334,6.7,29,913,0.0
2023-03-03T10:00:00.000000+0000,662.5,9.066666666666665,73.51666666666667,6.5,36,485,0.0
2023-03-03T11:00:00.000000+0000,661.9,7.3,94.18333333333332,7.6,42,243,0.0
2023-03-03T12:00:00.000000+0000,661.5,7.416666666666667,97.5,4.7,55,171,6.1
2023-03-03T13:00:00.000000+0000,661.1,7.316666666666666,99.08333333333333,7.2,70,361,0.0
2023-03-03T14:00:00.000000+0000,660.8,6.616666666666667,99.23333333333333,7.8,81,219,0.5
2023-03-03T15:00:00.000000+0000,661.1,6.483333333333333,96.28333333333335,7.2,101,79,0.0
2023-03-03T16:00:00.000000+0000,661.3,5.716666666666666,96.78333333333335,7.3,137,27,0.0
2023-03-03T17:00:00.000000+0000,661.8,5.7,85.78333333333335,7.4,129,0,0.0
2023-03-03T18:00:00.000000+0000,662.4,5.416666666666667,84.58333333333333,4.6,162,0,0.0
2023-03-03T19:00:00.000000+0000,663.1,4.3999999999999995,76.51666666666667,2.6,121,0,0.0
2023-03-03T20:00:00.000000+0000,663.3,4.016666666666667,65.66666666666666,6.5,136,0,0.0
2023-03-03T21:00:00.000000+0000,663.1,3.85,59.9,7.3,137,0,0.0
2023-03-03T22:00:00.000000+0000,662.8,4.0,57.68333333333333,7.2,137,0,0.0
2023-03-03T23:00:00.000000+0000,662.1,4.033333333333334,63.46666666666667,8.6,134,0,0.0
2023-03-04T00:00:00.000000+0000,661.8,3.533333333333333,84.33333333333333,9.8,135,0,0.0
2023-03-04T01:00:00.000000+0000,661.4,3.483333333333333,86.23333333333333,10.7,136,0,0.0
2023-03-04T02:00:00.000000+0000,661.4,3.4166666666666665,81.21666666666665,11.2,136,0,0.0
2023-03-04T03:00:00.000000+0000,661.8,3.966666666666667,69.01666666666665,9.7,134,0,0.0
2023-03-04T04:00:00.000000+0000,662.2,5.483333333333333,58.01666666666667,10.1,134,6,0.0
2023-03-04T05:00:00.000000+0000,662.8,8.783333333333333,40.63333333333333,7.7,126,203,0.0
2023-03-04T06:00:00.000000+0000,663.3,10.649999999999999,41.03333333333333,5.8,114,461,0.0
2023-03-04T07:00:00.000000+0000,663.6,10.983333333333334,49.31666666666667,4.4,81,704,0.0
2023-03-04T08:00:00.000000+0000,663.7,10.933333333333332,57.56666666666667,2.7,301,962,0.0
2023-03-04T09:00:00.000000+0000,663.5,11.133333333333333,64.33333333333333,3.0,301,603,0.0
2023-03-04T10:00:00.000000+0000,663.1,10.683333333333332,68.41666666666667,6.2,255,698,0.0
2023-03-04T11:00:00.000000+0000,662.5,10.733333333333333,70.68333333333334,5.8,267,461,0.0
2023-03-04T12:00:00.000000+0000,661.8,9.366666666666665,71.98333333333333,5.7,61,507,0.0
2023-03-04T13:00:00.000000+0000,661.8,9.049999999999999,77.81666666666666,6.1,87,114,0.0
2023-03-04T14:00:00.000000+0000,661.5,7.616666666666666,89.08333333333333,6.7,73,157,0.0
2023-03-04T15:00:00.000000+0000,661.9,6.349999999999999,93.06666666666666,3.9,98,59,2.6
2023-03-04T16:00:00.000000+0000,662.1,5.716666666666666,,6.7,,,
2023-03-04T17:00:00.000000+0000,662.4,5.1499999999999995,,7.1,,,
2023-03-04T18:00:00.000000+0000,662.7,4.6000000000000005,,7.3,,,
2023-03-04T19:00:00.000000+0000,663.0,4.1499999999999995,,7.6,,,
2023-03-04T20:00:00.000000+0000,663.2,3.8499999999999996,50.8,7.9,,,
2023-03-04T21:00:00.000000+0000,663.2,3.6833333333333336,54.56666666666666,8.3,132,0,
2023-03-04T22:00:00.000000+0000,662.6,4.6499999999999995,56.166666666666664,8.4,121,0,0.0
2023-03-04T23:00:00.000000+0000,662.0,4.683333333333334,59.68333333333334,10.4,124,0,0.0
2023-03-05T00:00:00.000000+0000,661.5,4.133333333333333,56.416666666666664,10.2,130,0,0.0
2023-03-05T01:00:00.000000+0000,661.3,4.1000000000000005,53.400000000000006,9.5,134,0,0.0
2023-03-05T02:00:00.000000+0000,661.8,4.533333333333333,53.65,7.5,125,0,0.0
2023-03-05T03:00:00.000000+0000,662.2,4.7,51.800000000000004,6.0,130,0,0.0
2023-03-05T04:00:00.000000+0000,662.5,6.133333333333334,45.083333333333336,7.0,127,8,0.0
2023-03-05T05:00:00.000000+0000,663.1,9.0,39.56666666666667,5.9,138,205,0.0
2023-03-05T06:00:00.000000+0000,663.8,10.300000000000002,36.650000000000006,5.4,82,460,0.0
2023-03-05T07:00:00.000000+0000,664.2,11.65,36.550000000000004,5.9,67,705,0.0
2023-03-05T08:00:00.000000+0000,664.3,12.483333333333334,36.68333333333334,8.2,65,902,0.0
2023-03-05T09:00:00.000000+0000,663.9,13.066666666666665,39.31666666666666,8.2,57,1055,0.0
2023-03-05T10:00:00.000000+0000,663.3,12.633333333333333,42.68333333333334,8.4,77,1126,0.0
2023-03-05T11:00:00.000000+0000,662.6,12.216666666666667,42.25,7.6,76,990,0.0
2023-03-05T12:00:00.000000+0000,662.0,12.216666666666667,45.449999999999996,8.4,75,689,0.0
2023-03-05T13:00:00.000000+0000,661.7,11.050000000000002,60.81666666666666,8.1,57,788,0.0
2023-03-05T14:00:00.000000+0000,661.8,9.4,75.41666666666667,7.6,46,407,0.0
2023-03-05T15:00:00.000000+0000,661.8,7.883333333333333,78.85000000000001,6.1,63,198,0.0
2023-03-05T16:00:00.000000+0000,662.0,5.8999999999999995,72.98333333333333,6.4,115,71,0.0
2023-03-05T17:00:00.000000+0000,662.3,5.466666666666666,55.900000000000006,7.9,132,0,0.0
2023-03-05T18:00:00.000000+0000,662.5,5.066666666666667,52.25,8.9,138,0,0.0
2023-03-05T19:00:00.000000+0000,662.7,4.6,46.93333333333334,9.2,133,0,0.0
2023-03-05T20:00:00.000000+0000,662.5,4.433333333333333,41.81666666666667,11.2,131,0,0.0
2023-03-05T21:00:00.000000+0000,662.3,4.216666666666667,46.5,11.3,134,0,0.0
2023-03-05T22:00:00.000000+0000,661.9,3.8499999999999996,56.36666666666667,10.4,128,0,0.0
2023-03-05T23:00:00.000000+0000,661.3,3.9,58.18333333333333,11.3,119,0,0.0
2023-03-06T00:00:00.000000+0000,661.0,3.3333333333333335,63.31666666666666,10.7,121,0,0.0
2023-03-06T01:00:00.000000+0000,661.0,3.133333333333333,65.96666666666667,10.9,114,0,0.0
2023-03-06T02:00:00.000000+0000,660.8,3.4000000000000004,62.70000000000001,9.8,116,0,0.0
2023-03-06T03:00:00.000000+0000,661.0,3.6999999999999997,54.56666666666667,9.4,123,0,0.0
2023-03-06T04:00:00.000000+0000,661.4,4.916666666666667,53.866666666666674,8.3,128,7,0.0
2023-03-06T05:00:00.000000+0000,662.1,7.483333333333333,47.666666666666664,7.6,111,202,0.0
2023-03-06T06:00:00.000000+0000,662.7,8.799999999999999,43.13333333333333,8.6,91,449,0.0
2023-03-06T07:00:00.000000+0000,663.0,10.1,41.916666666666664,10.4,74,698,0.0
2023-03-06T08:00:00.000000+0000,662.9,10.866666666666667,40.21666666666666,10.2,72,905,0.0
2023-03-06T09:00:00.000000+0000,662.7,11.966666666666667,38.86,9.0,69,1046,0.0
2023-03-06T10:00:00.000000+0000,661.9,12.75,41.85,6.6,59,1126,0.0
2023-03-06T11:00:00.000000+0000,661.4,11.966666666666669,49.26666666666667,8.7,65,1024,0.0
2023-03-06T12:00:00.000000+0000,660.8,11.9,54.13333333333333,8.9,66,686,0.0
2023-03-06T13:00:00.000000+0000,660.5,,,,,,
2023-03-28T14:00:00.000000+0000,,10.700000000000001,56.833333333333336,,,,
2023-03-28T15:00:00.000000+0000,660.1,7.766666666666667,84.2,6.4,106,263,0.0
2023-03-28T16:00:00.000000+0000,660.6,6.383333333333334,63.25,4.0,133,27,0.0
2023-03-28T17:00:00.000000+0000,660.8,5.883333333333333,58.6,7.9,129,0,0.0
2023-03-28T18:00:00.000000+0000,661.4,5.599999999999999,63.866666666666674,7.9,133,0,0.0
2023-03-28T19:00:00.000000+0000,661.8,5.483333333333333,58.23333333333333,7.6,134,0,0.0
2023-03-28T20:00:00.000000+0000,662.1,5.383333333333334,49.53333333333333,8.2,141,0,0.0
2023-03-28T21:00:00.000000+0000,661.9,5.3500000000000005,65.26666666666667,6.9,140,0,0.0
2023-03-28T22:00:00.000000+0000,661.4,5.583333333333333,71.8,8.1,142,0,0.0
2023-03-28T23:00:00.000000+0000,660.8,6.083333333333333,56.56666666666667,8.9,143,0,0.0
2023-03-29T00:00:00.000000+0000,660.6,5.083333333333333,55.666666666666664,7.6,131,0,0.0
2023-03-29T01:00:00.000000+0000,660.5,4.916666666666667,56.0,8.4,131,0,0.0
2023-03-29T02:00:00.000000+0000,660.7,5.066666666666666,57.48333333333333,8.0,134,0,0.0
2023-03-29T03:00:00.000000+0000,660.8,4.666666666666667,50.300000000000004,8.4,132,0,0.0
2023-03-29T04:00:00.000000+0000,661.0,6.983333333333333,55.949999999999996,9.2,134,23,0.0
2023-03-29T05:00:00.000000+0000,661.5,9.083333333333332,58.15,10.6,125,248,0.0
2023-03-29T06:00:00.000000+0000,662.3,10.4,47.76666666666667,9.9,111,488,0.0
2023-03-29T07:00:00.000000+0000,662.7,11.233333333333333,47.25,8.9,100,731,0.0
2023-03-29T08:00:00.000000+0000,662.9,12.1,46.400000000000006,8.6,89,927,0.0
2023-03-29T09:00:00.000000+0000,662.8,11.799999999999999,55.416666666666664,6.7,108,1067,0.0
2023-03-29T10:00:00.000000+0000,662.5,11.749999999999998,69.5,5.2,82,954,0.0
2023-03-29T11:00:00.000000+0000,662.1,11.516666666666666,66.21666666666667,3.6,326,927,0.0
2023-03-29T12:00:00.000000+0000,661.6,11.516666666666666,66.41666666666666,3.3,99,470,0.0
2023-03-29T13:00:00.000000+0000,661.3,11.033333333333333,70.16666666666667,3.2,32,541,0.0
2023-03-29T14:00:00.000000+0000,660.9,9.716666666666667,69.61666666666666,3.2,17,282,0.0
2023-03-29T15:00:00.000000+0000,660.7,7.666666666666668,88.93333333333334,4.6,111,132,0.0
2023-03-29T16:00:00.000000+0000,661.0,5.733333333333334,71.78333333333333,3.6,132,15,0.0
2023-03-29T17:00:00.000000+0000,661.1,5.25,58.23333333333334,7.0,136,0,0.0
2023-03-29T18:00:00.000000+0000,661.6,4.966666666666666,53.53333333333333,6.9,137,0,0.0
2023-03-29T19:00:00.000000+0000,662.1,4.933333333333333,60.333333333333336,6.2,140,0,0.0
2023-03-29T20:00:00.000000+0000,662.4,5.6000000000000005,59.70000000000001,7.2,134,0,0.0
2023-03-29T21:00:00.000000+0000,662.3,5.55,65.08333333333333,7.9,130,0,0.0
2023-03-29T22:00:00.000000+0000,661.9,4.833333333333333,63.083333333333336,8.1,122,0,0.0
2023-03-29T23:00:00.000000+0000,661.3,5.016666666666667,63.50000000000001,8.2,121,0,0.0
2023-03-30T00:00:00.000000+0000,660.7,5.066666666666667,65.33333333333333,8.9,117,0,0.0
2023-03-30T01:00:00.000000+0000,660.5,4.766666666666667,70.33333333333333,9.2,124,0,0.0
2023-03-30T02:00:00.000000+0000,660.6,5.316666666666667,69.01666666666667,8.6,128,0,0.0
2023-03-30T03:00:00.000000+0000,660.8,5.75,61.4,8.7,126,0,0.0
2023-03-30T04:00:00.000000+0000,661.0,7.333333333333333,57.96666666666667,8.5,131,22,0.0
2023-03-30T05:00:00.000000+0000,661.4,9.566666666666668,56.900000000000006,9.4,129,220,0.0
2023-03-30T06:00:00.000000+0000,662.1,,,8.0,114,466,0.0
2023-04-03T08:00:00.000000+0000,,9.116666666666667,92.51666666666667,,,,
2023-04-03T09:00:00.000000+0000,661.2,8.883333333333333,98.11666666666666,4.0,299,412,0.0
2023-04-03T10:00:00.000000+0000,660.8,8.116666666666665,99.05,3.8,348,232,2.5
2023-04-03T11:00:00.000000+0000,659.9,8.033333333333333,89.68333333333334,3.2,357,149,1.2
2023-04-03T12:00:00.000000+0000,659.0,9.85,72.76666666666667,7.7,115,248,0.4
2023-04-03T13:00:00.000000+0000,658.8,8.383333333333333,88.33333333333333,3.3,9,368,0.0
2023-04-03T14:00:00.000000+0000,658.9,7.916666666666667,93.98333333333335,2.6,317,286,0.0
2023-04-03T15:00:00.000000+0000,659.0,6.683333333333334,90.18333333333334,2.2,261,143,0.0
2023-04-03T16:00:00.000000+0000,659.4,5.583333333333333,78.25,6.4,132,16,0.0
2023-04-03T17:00:00.000000+0000,659.7,5.0,72.55,7.2,140,0,0.0
2023-04-03T18:00:00.000000+0000,660.1,4.6000000000000005,81.76666666666667,5.4,149,0,0.0
2023-04-03T19:00:00.000000+0000,660.6,4.166666666666667,94.33333333333333,2.7,171,0,0.0
2023-04-03T20:00:00.000000+0000,661.0,5.016666666666667,90.71666666666668,1.8,146,0,0.0
2023-04-03T21:00:00.000000+0000,660.6,5.1499999999999995,91.85000000000001,7.1,121,0,0.5
2023-04-03T22:00:00.000000+0000,660.1,6.166666666666667,82.51666666666667,8.2,137,0,0.0
2023-04-03T23:00:00.000000+0000,659.9,5.5,86.21666666666665,3.0,97,0,0.0
2023-04-04T00:00:00.000000+0000,659.6,5.883333333333333,81.93333333333334,4.0,123,0,0.0
2023-04-04T01:00:00.000000+0000,659.3,5.616666666666666,83.8,4.7,123,0,0.0
2023-04-04T02:00:00.000000+0000,659.4,6.233333333333334,82.83333333333333,3.3,132,0,0.0
2023-04-04T03:00:00.000000+0000,659.5,6.45,82.26666666666667,5.4,144,0,0.0
2023-04-04T04:00:00.000000+0000,660.2,7.233333333333333,78.21666666666667,5.5,132,5,0.0
2023-04-04T05:00:00.000000+0000,660.6,7.916666666666667,79.76666666666667,7.5,131,96,0.0
2023-04-04T06:00:00.000000+0000,661.3,8.716666666666667,81.25,7.6,122,237,0.0
2023-04-04T07:00:00.000000+0000,661.8,9.9,78.21666666666665,3.9,121,565,0.0
2023-04-04T08:00:00.000000+0000,662.0,10.366666666666667,72.65,4.2,113,830,0.0
2023-04-04T09:00:00.000000+0000,661.9,12.233333333333334,62.78333333333333,6.8,112,956,0.0
2023-04-04T10:00:00.000000+0000,661.2,11.816666666666665,62.6,7.1,100,1200,0.0
2023-04-04T11:00:00.000000+0000,660.4,10.766666666666667,74.83333333333333,6.2,121,784,0.0
2023-04-04T12:00:00.000000+0000,660.0,9.116666666666665,95.16666666666667,3.6,219,412,0.0
2023-04-04T13:00:00.000000+0000,659.6,10.55,74.1,2.0,299,228,0.0
2023-04-04T14:00:00.000000+0000,659.4,8.533333333333333,98.51666666666667,4.4,132,322,0.0
2023-04-04T15:00:00.000000+0000,659.4,7.416666666666665,73.85000000000001,1.6,318,108,0.0
2023-04-04T16:00:00.000000+0000,659.8,5.25,49.85,2.9,132,15,0.0
2023-04-04T17:00:00.000000+0000,660.1,6.2,41.483333333333334,5.2,153,0,0.0
2023-04-04T18:00:00.000000+0000,660.5,5.616666666666667,38.86666666666667,6.4,136,0,0.0
2023-04-04T19:00:00.000000+0000,660.9,5.000000000000001,48.9,5.7,147,0,0.0
2023-04-04T20:00:00.000000+0000,661.1,5.683333333333334,51.68333333333333,4.9,156,0,0.0
2023-04-04T21:00:00.000000+0000,660.9,5.199999999999999,54.81666666666666,5.9,153,0,0.0
2023-04-04T22:00:00.000000+0000,660.8,5.916666666666667,42.86666666666667,4.9,152,0,0.0
2023-04-04T23:00:00.000000+0000,659.9,6.233333333333334,50.18333333333334,7.8,148,0,0.0
2023-04-05T00:00:00.000000+0000,659.6,6.400000000000001,56.86666666666667,9.4,141,0,0.0
2023-04-05T01:00:00.000000+0000,659.2,6.383333333333333,54.38333333333333,10.4,143,0,0.0
2023-04-05T02:00:00.000000+0000,659.1,6.266666666666666,56.4,11.4,142,0,0.0
2023-04-05T03:00:00.000000+0000,659.3,5.633333333333333,69.43333333333332,10.3,142,0,0.0
2023-04-05T04:00:00.000000+0000,659.8,6.833333333333332,69.73333333333333,8.8,146,23,0.0
2023-04-05T05:00:00.000000+0000,660.0,8.65,52.800000000000004,12.9,131,239,0.0
2023-04-05T06:00:00.000000+0000,660.8,10.0,43.86666666666667,12.8,122,478,0.0
2023-04-05T07:00:00.000000+0000,661.3,11.25,39.733333333333334,13.3,113,702,0.0
2023-04-05T08:00:00.000000+0000,661.4,11.633333333333335,48.833333333333336,11.5,125,923,0.0
2023-04-05T09:00:00.000000+0000,661.4,11.616666666666665,53.73333333333333,9.4,110,1056,0.0
2023-04-05T10:00:00.000000+0000,661.2,11.733333333333334,54.21666666666667,6.6,106,1136,0.0
2023-04-05T11:00:00.000000+0000,660.6,11.833333333333334,49.333333333333336,9.8,104,1089,0.0
2023-04-05T12:00:00.000000+0000,660.0,11.899999999999999,47.166666666666664,8.0,101,962,0.0
2023-04-05T13:00:00.000000+0000,659.5,9.233333333333333,76.13333333333333,4.4,87,652,0.0
2023-04-05T14:00:00.000000+0000,659.5,8.6,73.03333333333333,3.4,98,155,0.0
2023-04-05T15:00:00.000000+0000,659.5,6.7,73.16666666666666,3.6,105,94,0.0
2023-04-05T16:00:00.000000+0000,659.7,6.25,77.51666666666667,7.3,137,17,0.0
2023-04-05T17:00:00.000000+0000,660.0,6.366666666666667,81.55,7.6,131,0,0.0
2023-04-05T18:00:00.000000+0000,660.5,5.416666666666667,79.25,7.4,127,0,0.0
2023-04-05T19:00:00.000000+0000,660.9,5.666666666666667,66.01666666666667,9.6,140,0,0.0
2023-04-05T20:00:00.000000+0000,660.8,5.25,57.25000000000001,10.8,144,0,0.0
2023-04-05T21:00:00.000000+0000,660.6,4.8999999999999995,63.0,11.5,137,0,0.0
2023-04-05T22:00:00.000000+0000,660.4,4.983333333333333,66.3,9.1,142,0,0.0
2023-04-05T23:00:00.000000+0000,659.8,4.316666666666666,70.16666666666667,8.7,138,0,0.0
2023-04-06T00:00:00.000000+0000,659.3,4.333333333333334,72.55,8.5,138,0,0.0
2023-04-06T01:00:00.000000+0000,659.1,4.2,69.71666666666668,8.3,132,0,0.0
2023-04-06T02:00:00.000000+0000,659.1,4.983333333333333,73.10000000000001,8.1,150,0,0.0
2023-04-06T03:00:00.000000+0000,659.5,5.166666666666667,83.39999999999999,6.9,130,0,0.0
2023-04-06T04:00:00.000000+0000,660.0,6.716666666666668,79.2,3.0,160,15,0.0
2023-04-06T05:00:00.000000+0000,660.6,7.316666666666666,84.8,3.3,118,144,0.0
2023-04-06T06:00:00.000000+0000,660.6,8.133333333333335,78.89999999999999,8.9,131,311,0.0
2023-04-06T07:00:00.000000+0000,661.2,7.8,94.35000000000001,6.9,138,329,0.0
2023-04-06T08:00:00.000000+0000,661.7,9.0,88.18333333333332,1.8,301,315,0.0
2023-04-06T09:00:00.000000+0000,661.7,9.716666666666667,80.19999999999999,3.7,37,535,0.0
2023-04-06T10:00:00.000000+0000,661.4,8.616666666666667,96.05000000000001,3.1,300,500,0.0
2023-04-06T11:00:00.000000+0000,660.9,8.816666666666666,97.2,4.2,335,393,0.0
2023-04-06T12:00:00.000000+0000,660.4,8.7,98.19999999999999,3.7,289,298,0.0
2023-04-06T13:00:00.000000+0000,659.7,8.283333333333333,96.66666666666667,3.2,284,247,0.0
2023-04-06T14:00:00.000000+0000,659.6,7.883333333333333,98.33333333333333,2.4,291,171,0.0
2023-04-06T15:00:00.000000+0000,659.9,7.3,99.23333333333333,2.6,288,83,0.0
2023-04-06T16:00:00.000000+0000,660.2,5.05,95.55000000000001,2.4,273,15,0.0
2023-04-06T17:00:00.000000+0000,660.4,4.1833333333333345,81.2,3.2,131,0,0.0
2023-04-06T18:00:00.000000+0000,660.9,4.433333333333334,74.45,4.4,134,0,0.0
2023-04-06T19:00:00.000000+0000,661.3,4.833333333333333,73.85,4.1,135,0,0.0
2023-04-06T20:00:00.000000+0000,661.7,4.333333333333333,80.41666666666667,1.6,135,0,0.0
2023-04-06T21:00:00.000000+0000,661.5,4.8,80.06666666666666,4.9,134,0,0.0
2023-04-06T22:00:00.000000+0000,661.2,4.333333333333333,82.94999999999999,4.8,130,0,0.0
2023-04-06T23:00:00.000000+0000,660.5,4.266666666666667,83.11666666666666,4.1,132,0,0.0
2023-04-07T00:00:00.000000+0000,659.9,3.983333333333333,82.23333333333333,4.2,118,0,0.0
2023-04-07T01:00:00.000000+0000,659.8,3.966666666666667,80.85000000000001,4.3,115,0,0.0
2023-04-07T02:00:00.000000+0000,659.9,4.516666666666667,74.6,5.6,126,0,0.0
2023-04-07T03:00:00.000000+0000,660.1,4.333333333333333,71.03333333333332,6.1,129,0,0.0
2023-04-07T04:00:00.000000+0000,660.6,7.7,63.73333333333333,6.0,127,23,0.0
2023-04-07T05:00:00.000000+0000,661.0,10.116666666666667,58.5,6.1,120,240,0.0
2023-04-07T06:00:00.000000+0000,661.5,10.466666666666667,69.16666666666667,7.4,100,492,0.0
2023-04-07T07:00:00.000000+0000,662.1,11.016666666666666,74.28333333333335,3.9,37,752,0.0
2023-04-07T08:00:00.000000+0000,662.2,8.350000000000001,96.83333333333333,5.5,341,663,0.0
2023-04-07T09:00:00.000000+0000,662.1,8.85,98.08333333333333,3.0,305,237,0.0
2023-04-07T10:00:00.000000+0000,661.7,9.200000000000001,95.01666666666667,4.2,299,412,0.0
2023-04-07T11:00:00.000000+0000,661.0,9.116666666666667,94.26666666666667,2.7,283,206,0.1
2023-04-07T12:00:00.000000+0000,660.5,8.883333333333333,92.85000000000001,2.5,282,387,0.0
2023-04-07T13:00:00.000000+0000,660.2,9.366666666666665,92.94999999999999,2.9,333,189,0.0
2023-04-07T14:00:00.000000+0000,660.1,8.4,99.21666666666668,3.7,10,284,0.0
2023-04-07T15:00:00.000000+0000,660.3,7.1000000000000005,93.58333333333333,2.0,299,60,0.0
2023-04-07T16:00:00.000000+0000,660.5,5.3500000000000005,91.96666666666668,3.1,154,13,0.0
2023-04-07T17:00:00.000000+0000,660.8,5.533333333333332,82.06666666666666,2.4,137,0,0.0
2023-04-07T18:00:00.000000+0000,661.2,6.033333333333332,82.83333333333333,4.5,133,0,0.0
2023-04-07T19:00:00.000000+0000,661.4,4.933333333333334,77.60000000000001,5.3,146,0,0.0
2023-04-07T20:00:00.000000+0000,661.6,5.383333333333334,79.3,5.3,125,0,0.0
2023-04-07T21:00:00.000000+0000,661.5,6.166666666666667,77.63333333333334,5.8,132,0,0.0
2023-04-07T22:00:00.000000+0000,661.0,5.25,78.51666666666667,5.5,139,0,0.0
2023-04-07T23:00:00.000000+0000,660.4,5.383333333333333,76.71666666666668,3.6,151,0,0.0
2023-04-08T00:00:00.000000+0000,660.0,4.533333333333334,71.96666666666667,3.0,129,0,0.0
2023-04-08T01:00:00.000000+0000,659.9,6.033333333333332,70.83333333333333,3.8,135,0,0.0
2023-04-08T02:00:00.000000+0000,659.6,5.866666666666667,75.53999999999999,10.0,142,0,0.0
2023-04-08T03:00:00.000000+0000,660.1,5.716666666666668,92.93333333333332,4.9,169,0,0.0
2023-04-08T04:00:00.000000+0000,660.4,6.283333333333334,92.76666666666667,4.6,,4,9.3
2023-04-08T05:00:00.000000+0000,660.6,7.133333333333333,90.66666666666667,9.2,138,56,1.7
2023-04-08T06:00:00.000000+0000,661.0,8.816666666666668,83.71666666666665,9.4,130,299,0.1
2023-04-08T07:00:00.000000+0000,661.5,10.649999999999999,74.35000000000001,8.7,126,857,0.0
2023-04-08T08:00:00.000000+0000,661.9,10.416666666666666,73.31666666666668,6.8,125,769,0.0
2023-04-08T09:00:00.000000+0000,661.9,11.533333333333333,63.300000000000004,6.5,115,754,0.0
2023-04-08T10:00:00.000000+0000,661.6,11.199999999999998,70.45,5.0,122,888,0.0
2023-04-08T11:00:00.000000+0000,661.0,9.816666666666668,72.31666666666666,5.6,119,766,0.3
2023-04-08T12:00:00.000000+0000,660.5,10.75,53.35,7.2,126,467,0.0
2023-04-08T13:00:00.000000+0000,660.2,10.483333333333333,60.68333333333334,9.6,131,658,0.0
2023-04-08T14:00:00.000000+0000,660.6,9.5,55.48333333333333,3.8,90,394,0.0
2023-04-08T15:00:00.000000+0000,660.6,7.3500000000000005,69.13333333333333,7.5,118,286,0.0
2023-04-08T16:00:00.000000+0000,660.9,6.216666666666668,70.58333333333333,4.1,167,39,0.0
2023-04-08T17:00:00.000000+0000,661.2,6.266666666666666,76.53333333333335,3.7,152,0,0.0
2023-04-08T18:00:00.000000+0000,660.4,5.966666666666666,76.48333333333333,12.4,135,0,0.0
2023-04-08T19:00:00.000000+0000,661.2,6.516666666666667,69.16666666666667,6.7,149,0,0.0
2023-04-08T20:00:00.000000+0000,660.9,5.966666666666666,63.76666666666667,10.1,143,0,0.0
2023-04-08T21:00:00.000000+0000,660.7,5.95,59.666666666666664,12.5,140,0,0.0
2023-04-08T22:00:00.000000+0000,660.4,6.449999999999999,52.75,10.2,148,0,0.0
2023-04-08T23:00:00.000000+0000,660.4,6.666666666666667,66.01666666666667,5.4,160,0,0.0
2023-04-09T00:00:00.000000+0000,659.4,6.683333333333334,70.71666666666667,8.7,137,0,0.0
2023-04-09T01:00:00.000000+0000,659.2,5.966666666666666,63.4,10.5,137,0,0.0
2023-04-09T02:00:00.000000+0000,659.6,4.916666666666667,54.949999999999996,8.2,134,0,0.0
2023-04-09T03:00:00.000000+0000,660.3,4.966666666666667,53.116666666666674,6.2,140,0,0.0
2023-04-09T04:00:00.000000+0000,660.6,7.183333333333333,49.9,7.8,143,25,0.0
2023-04-09T05:00:00.000000+0000,661.0,9.299999999999999,48.01666666666666,8.9,143,223,0.0
2023-04-09T06:00:00.000000+0000,661.5,10.116666666666665,48.13333333333333,9.6,138,468,0.0
2023-04-09T07:00:00.000000+0000,662.0,11.616666666666667,48.800000000000004,7.0,114,553,0.0
2023-04-09T08:00:00.000000+0000,662.2,11.883333333333333,62.0,6.3,93,905,0.0
2023-04-09T09:00:00.000000+0000,662.3,8.583333333333334,95.73333333333333,5.2,355,922,0.0
2023-04-09T10:00:00.000000+0000,662.0,9.316666666666666,92.65000000000002,4.0,289,327,0.0
2023-04-09T11:00:00.000000+0000,661.7,10.200000000000001,86.25,4.7,313,586,0.0
2023-04-09T12:00:00.000000+0000,661.5,10.916666666666666,79.71666666666668,4.9,306,610,0.0
2023-04-09T13:00:00.000000+0000,661.1,9.433333333333335,92.03333333333335,5.6,309,630,0.0
2023-04-09T14:00:00.000000+0000,660.9,8.1,98.34,3.4,316,160,0.2
2023-04-09T15:00:00.000000+0000,660.9,6.800000000000001,99.26666666666667,2.2,267,30,0.0
2023-04-09T16:00:00.000000+0000,661.1,3.85,67.23333333333333,2.2,185,15,0.0
2023-04-09T17:00:00.000000+0000,661.2,4.216666666666667,66.86666666666666,2.1,139,0,0.0
2023-04-09T18:00:00.000000+0000,661.7,4.366666666666666,86.43333333333334,1.9,215,0,0.0
2023-04-09T19:00:00.000000+0000,662.0,4.800000000000001,97.01666666666667,0.9,149,0,0.0
2023-04-09T20:00:00.000000+0000,662.2,3.966666666666667,96.31666666666668,0.9,329,0,0.0
2023-04-09T21:00:00.000000+0000,662.3,2.3666666666666667,84.35000000000001,1.3,197,0,0.0
2023-04-09T22:00:00.000000+0000,661.8,4.55,75.53333333333333,4.6,132,0,0.0
2023-04-09T23:00:00.000000+0000,661.1,3.683333333333333,79.56666666666668,2.8,215,0,0.0
2023-04-10T00:00:00.000000+0000,660.6,2.8833333333333333,75.31666666666666,1.8,139,0,0.0
2023-04-10T01:00:00.000000+0000,660.3,2.6833333333333336,68.21666666666667,3.7,157,0,0.0
2023-04-10T02:00:00.000000+0000,660.0,3.766666666666667,54.43333333333333,5.3,140,0,0.0
2023-04-10T03:00:00.000000+0000,660.1,4.616666666666666,54.48333333333334,6.1,131,0,0.0
2023-04-10T04:00:00.000000+0000,660.1,7.800000000000001,51.74999999999999,9.2,137,25,0.0
2023-04-10T05:00:00.000000+0000,660.5,9.2,52.79999999999999,9.0,131,245,0.0
2023-04-10T06:00:00.000000+0000,661.0,10.549999999999999,53.85,10.4,121,495,0.0
2023-04-10T07:00:00.000000+0000,661.4,12.066666666666668,53.28333333333333,8.4,120,731,0.0
2023-04-10T08:00:00.000000+0000,661.7,10.75,79.84999999999998,4.9,119,934,0.0
2023-04-10T09:00:00.000000+0000,661.8,11.783333333333333,71.16666666666667,4.6,333,763,0.0
2023-04-10T10:00:00.000000+0000,661.6,9.549999999999999,90.75,2.9,337,729,0.0
2023-04-10T11:00:00.000000+0000,661.0,9.666666666666666,90.0,4.5,338,261,0.0
2023-04-10T12:00:00.000000+0000,660.3,10.1,66.76666666666667,6.7,29,208,0.0
2023-04-10T13:00:00.000000+0000,660.1,10.5,73.7,5.7,26,249,0.0
2023-04-10T14:00:00.000000+0000,660.1,9.983333333333334,74.78333333333332,4.6,27,253,0.0
2023-04-10T15:00:00.000000+0000,660.4,8.416666666666666,82.58333333333333,4.3,63,121,0.0
2023-04-10T16:00:00.000000+0000,660.7,6.266666666666667,86.31666666666668,2.7,85,28,0.0
2023-04-10T17:00:00.000000+0000,660.9,5.25,81.58333333333333,2.1,127,0,0.0
2023-04-10T18:00:00.000000+0000,661.6,4.6,83.76666666666667,1.2,128,0,0.0
2023-04-10T19:00:00.000000+0000,661.8,4.083333333333333,86.2,1.8,120,0,0.0
2023-04-10T20:00:00.000000+0000,661.8,4.416666666666667,74.5,2.8,122,0,0.0
2023-04-10T21:00:00.000000+0000,661.6,4.066666666666667,72.88333333333334,5.1,124,0,0.0
2023-04-10T22:00:00.000000+0000,661.1,3.9499999999999997,77.21666666666668,5.5,132,0,0.0
2023-04-10T23:00:00.000000+0000,660.5,3.783333333333333,76.95,5.9,140,0,0.0
2023-04-11T00:00:00.000000+0000,660.1,4.983333333333333,73.73333333333333,5.3,136,0,0.0
2023-04-11T01:00:00.000000+0000,659.9,5.916666666666667,79.2,5.0,133,0,0.0
2023-04-11T02:00:00.000000+0000,659.7,5.716666666666666,87.05,8.1,139,0,0.0
2023-04-11T03:00:00.000000+0000,659.9,4.883333333333333,89.83333333333333,6.6,142,0,0.0
2023-04-11T04:00:00.000000+0000,660.3,5.766666666666667,86.41666666666667,6.4,135,10,0.0
2023-04-11T05:00:00.000000+0000,660.8,8.316666666666668,76.18333333333332,8.3,134,215,0.0
2023-04-11T06:00:00.000000+0000,661.5,,,8.1,122,471,0.0
2023-04-11T15:00:00.000000+0000,,8.316666666666665,79.86666666666666,,,,
2023-04-11T16:00:00.000000+0000,659.8,7.933333333333333,75.58333333333333,6.6,115,19,0.0
2023-04-11T17:00:00.000000+0000,659.9,8.066666666666666,70.34999999999998,7.7,136,0,0.0
2023-04-11T18:00:00.000000+0000,660.4,6.466666666666666,81.73333333333333,7.5,142,0,0.0
2023-04-11T19:00:00.000000+0000,660.8,6.883333333333334,72.03333333333333,4.6,152,0,0.0
2023-04-11T20:00:00.000000+0000,660.4,6.166666666666667,74.73333333333333,9.0,140,0,0.0
2023-04-11T21:00:00.000000+0000,660.5,6.066666666666666,79.41666666666667,7.4,141,0,0.0
2023-04-11T22:00:00.000000+0000,660.0,5.95,77.39999999999999,7.8,148,0,0.0
2023-04-11T23:00:00.000000+0000,659.4,5.566666666666666,79.5,8.1,136,0,0.0
2023-04-12T00:00:00.000000+0000,659.3,5.416666666666667,79.93333333333332,7.9,142,0,0.0
2023-04-12T01:00:00.000000+0000,659.2,5.533333333333332,76.8,8.2,143,0,0.0
2023-04-12T02:00:00.000000+0000,659.3,5.333333333333333,85.23333333333333,10.0,144,0,0.0
2023-04-12T03:00:00.000000+0000,659.9,5.066666666666667,77.81666666666668,3.4,165,0,0.0
2023-04-12T04:00:00.000000+0000,660.2,6.983333333333333,77.08333333333333,8.9,146,17,0.0
2023-04-12T05:00:00.000000+0000,660.4,9.816666666666668,63.68333333333334,10.7,134,226,0.0
2023-04-12T06:00:00.000000+0000,661.1,11.450000000000001,57.68333333333334,8.1,129,490,0.0
2023-04-12T07:00:00.000000+0000,661.8,10.333333333333332,77.25000000000001,5.1,104,736,0.0
2023-04-12T08:00:00.000000+0000,662.3,7.916666666666667,98.85000000000001,4.1,337,790,0.0
2023-04-12T09:00:00.000000+0000,662.2,8.383333333333333,96.51666666666665,3.4,292,242,0.0
2023-04-12T10:00:00.000000+0000,661.6,9.166666666666666,92.68333333333334,4.2,304,364,0.0
2023-04-12T11:00:00.000000+0000,661.2,9.533333333333333,90.76666666666667,3.3,321,305,0.0
2023-04-12T12:00:00.000000+0000,660.7,9.316666666666668,92.88333333333333,4.1,306,303,0.0
2023-04-12T13:00:00.000000+0000,660.0,10.466666666666667,74.0,5.1,45,202,0.7
2023-04-12T14:00:00.000000+0000,659.8,9.1,77.96666666666665,7.3,92,313,0.0
2023-04-12T15:00:00.000000+0000,660.2,7.6499999999999995,90.35999999999999,5.7,114,80,0.0
2023-04-12T16:00:00.000000+0000,660.6,7.133333333333333,81.89999999999999,3.7,124,11,0.0
2023-04-12T17:00:00.000000+0000,660.8,6.983333333333333,73.89999999999999,7.4,136,0,0.0
2023-04-12T18:00:00.000000+0000,661.4,5.833333333333333,74.33333333333333,4.8,133,0,0.0
2023-04-12T19:00:00.000000+0000,661.8,5.816666666666666,77.86666666666666,5.1,132,0,0.0
2023-04-12T20:00:00.000000+0000,661.7,6.366666666666667,80.16666666666667,6.3,141,0,0.0
2023-04-12T21:00:00.000000+0000,661.5,5.750000000000001,89.05000000000001,6.6,137,0,0.0
2023-04-12T22:00:00.000000+0000,661.2,5.75,82.46666666666667,7.4,144,0,0.0
2023-04-12T23:00:00.000000+0000,660.7,5.1,84.41666666666667,6.5,138,0,0.0
2023-04-13T00:00:00.000000+0000,660.5,5.416666666666667,81.53333333333335,6.6,140,0,0.0
2023-04-13T01:00:00.000000+0000,660.4,5.816666666666666,80.14999999999999,6.7,130,0,0.0
2023-04-13T02:00:00.000000+0000,660.6,5.6000000000000005,85.38333333333333,6.2,126,0,0.0
2023-04-13T03:00:00.000000+0000,660.8,5.633333333333334,83.21666666666667,8.2,123,0,0.0
2023-04-13T04:00:00.000000+0000,661.0,6.8999999999999995,79.26666666666667,9.1,133,18,0.0
2023-04-13T05:00:00.000000+0000,661.4,9.583333333333334,65.23333333333333,8.5,144,203,0.0
2023-04-13T06:00:00.000000+0000,662.2,11.116666666666667,62.583333333333336,7.3,128,475,0.0
2023-04-13T07:00:00.000000+0000,662.5,9.450000000000001,73.36666666666666,7.1,114,795,0.0
2023-04-13T08:00:00.000000+0000,662.6,9.916666666666666,72.89999999999999,5.9,131,525,0.4
2023-04-13T09:00:00.000000+0000,662.4,11.133333333333333,65.65,6.3,126,735,0.0
2023-04-13T10:00:00.000000+0000,662.0,12.133333333333335,63.48333333333333,5.2,137,878,0.0
2023-04-13T11:00:00.000000+0000,661.4,9.066666666666666,95.44999999999999,4.2,70,734,0.0
2023-04-13T12:00:00.000000+0000,660.9,9.216666666666667,90.93333333333334,2.5,309,280,0.0
2023-04-13T13:00:00.000000+0000,660.5,8.200000000000001,99.28333333333335,1.5,340,234,0.0
2023-04-13T14:00:00.000000+0000,660.3,8.0,99.28333333333335,1.9,310,124,0.0
2023-04-13T15:00:00.000000+0000,660.7,7.300000000000001,96.61666666666667,2.3,360,47,0.1
2023-04-13T16:00:00.000000+0000,660.8,7.316666666666666,84.48333333333333,3.8,130,12,0.0
2023-04-13T17:00:00.000000+0000,661.4,6.833333333333333,80.43333333333332,4.5,168,0,0.0
2023-04-13T18:00:00.000000+0000,661.7,6.25,89.0,2.0,135,0,0.0
2023-04-13T19:00:00.000000+0000,662.0,6.3500000000000005,83.61666666666666,3.2,153,0,0.0
2023-04-13T20:00:00.000000+0000,662.3,5.933333333333334,99.3,2.8,170,0,0.1
2023-04-13T21:00:00.000000+0000,662.1,5.116666666666666,99.3,1.6,360,0,0.0
2023-04-13T22:00:00.000000+0000,661.6,5.733333333333334,88.01666666666667,2.1,223,0,0.0
2023-04-13T23:00:00.000000+0000,661.0,6.3,73.56666666666668,2.3,187,0,0.0
2023-04-14T00:00:00.000000+0000,660.4,5.783333333333334,78.69999999999999,5.6,143,0,0.0
2023-04-14T01:00:00.000000+0000,660.3,6.533333333333332,73.96666666666665,6.3,151,0,0.0
2023-04-14T02:00:00.000000+0000,660.4,5.783333333333332,87.38333333333333,7.2,160,0,0.0
2023-04-14T03:00:00.000000+0000,660.7,5.3999999999999995,92.06666666666668,2.4,192,0,0.0
2023-04-14T04:00:00.000000+0000,660.5,5.383333333333333,90.13333333333333,12.6,156,6,2.0
2023-04-14T05:00:00.000000+0000,661.4,6.016666666666667,82.06666666666668,3.4,256,37,0.1
2023-04-14T06:00:00.000000+0000,661.4,7.533333333333334,89.31666666666666,14.1,151,175,0.1
2023-04-14T07:00:00.000000+0000,662.3,9.766666666666666,84.26666666666667,2.2,302,417,0.0
2023-04-14T08:00:00.000000+0000,662.6,12.383333333333333,57.71666666666666,4.8,100,768,0.0
2023-04-14T09:00:00.000000+0000,662.4,11.949999999999998,58.916666666666664,6.1,121,1034,0.0
2023-04-14T10:00:00.000000+0000,662.0,11.450000000000001,69.89999999999999,6.0,127,956,0.0
2023-04-14T11:00:00.000000+0000,661.5,9.016666666666667,98.14999999999999,4.1,45,795,0.0
2023-04-14T12:00:00.000000+0000,660.9,8.7,99.18333333333334,4.3,298,330,0.0
2023-04-14T13:00:00.000000+0000,660.5,9.366666666666667,95.45,3.7,289,238,0.0
2023-04-14T14:00:00.000000+0000,660.4,8.249999999999998,99.2,2.6,334,132,0.0
2023-04-14T15:00:00.000000+0000,660.7,7.3,99.26666666666667,2.2,349,51,0.0
2023-04-14T16:00:00.000000+0000,660.9,6.133333333333333,99.25,1.3,277,13,0.0
2023-04-14T17:00:00.000000+0000,661.3,6.099999999999999,77.48333333333333,1.8,227,0,0.0
2023-04-14T18:00:00.000000+0000,661.7,6.033333333333334,95.39999999999999,4.0,186,0,0.0
2023-04-14T19:00:00.000000+0000,662.2,5.55,72.23333333333333,1.3,221,0,0.0
2023-04-14T20:00:00.000000+0000,662.0,6.916666666666665,56.56666666666667,7.0,157,0,0.0
2023-04-14T21:00:00.000000+0000,661.8,7.1000000000000005,53.583333333333336,8.8,160,0,0.0
2023-04-14T22:00:00.000000+0000,661.0,6.816666666666666,63.35,10.0,148,0,0.0
2023-04-14T23:00:00.000000+0000,660.6,6.483333333333333,73.45,4.1,157,0,0.0
2023-04-15T00:00:00.000000+0000,660.0,6.816666666666667,75.46666666666667,6.3,154,0,0.0
2023-04-15T01:00:00.000000+0000,659.7,7.3500000000000005,71.56666666666666,6.6,148,0,0.0
2023-04-15T02:00:00.000000+0000,660.0,6.316666666666667,79.91666666666667,6.3,160,0,0.0
2023-04-15T03:00:00.000000+0000,660.2,6.033333333333334,72.05000000000001,7.6,154,0,0.0
2023-04-15T04:00:00.000000+0000,660.7,8.183333333333332,56.31666666666666,4.7,167,12,0.0
2023-04-15T05:00:00.000000+0000,661.3,10.6,48.583333333333336,4.9,151,242,0.0
2023-04-15T06:00:00.000000+0000,662.0,11.933333333333335,45.300000000000004,5.5,138,497,0.0
2023-04-15T07:00:00.000000+0000,662.2,12.916666666666664,58.18333333333333,6.9,137,727,0.0
2023-04-15T08:00:00.000000+0000,662.4,12.466666666666667,62.93333333333334,5.0,121,947,0.0
2023-04-15T09:00:00.000000+0000,662.3,10.133333333333335,86.7,3.8,27,1048,0.0
2023-04-15T10:00:00.000000+0000,661.9,9.033333333333333,96.71666666666665,3.5,320,669,0.0
2023-04-15T11:00:00.000000+0000,661.4,9.083333333333334,94.38333333333333,4.1,318,305,0.0
2023-04-15T12:00:00.000000+0000,660.9,9.216666666666667,94.46666666666665,4.3,304,380,0.0
2023-04-15T13:00:00.000000+0000,660.4,8.716666666666667,97.63333333333333,3.9,287,325,0.0
2023-04-15T14:00:00.000000+0000,660.2,8.733333333333333,97.88333333333333,3.2,299,167,0.0
2023-04-15T15:00:00.000000+0000,660.3,7.3999999999999995,95.45,2.2,326,105,0.0
2023-04-15T16:00:00.000000+0000,660.4,6.1000000000000005,92.95,2.2,45,19,0.0
2023-04-15T17:00:00.000000+0000,660.4,6.3999999999999995,99.28333333333335,1.1,315,0,0.0
2023-04-15T18:00:00.000000+0000,660.9,6.466666666666666,98.03333333333332,2.1,235,0,0.0
2023-04-15T19:00:00.000000+0000,661.3,5.316666666666666,85.41666666666667,6.0,167,0,0.0
2023-04-15T20:00:00.000000+0000,661.3,5.0,79.53333333333335,6.0,162,0,0.0
2023-04-15T21:00:00.000000+0000,661.2,5.349999999999999,86.84999999999998,7.9,144,0,0.0
2023-04-15T22:00:00.000000+0000,660.6,5.383333333333333,93.95,8.8,135,0,0.0
2023-04-15T23:00:00.000000+0000,660.4,5.1000000000000005,87.58333333333333,5.3,151,0,0.0
2023-04-16T00:00:00.000000+0000,659.6,4.883333333333334,90.88333333333333,7.9,128,0,5.7
2023-04-16T01:00:00.000000+0000,659.4,5.366666666666667,91.08333333333333,8.7,153,0,25.7
2023-04-16T02:00:00.000000+0000,659.6,5.416666666666667,97.26666666666667,1.9,246,0,0.0
2023-04-16T03:00:00.000000+0000,659.6,6.166666666666667,92.81666666666668,3.5,178,0,0.0
2023-04-16T04:00:00.000000+0000,659.8,6.75,93.64999999999999,7.4,141,13,0.0
2023-04-16T05:00:00.000000+0000,660.4,8.549999999999999,83.69999999999999,6.9,138,129,0.0
2023-04-16T06:00:00.000000+0000,661.1,8.483333333333333,83.88333333333334,6.4,130,484,0.0
2023-04-16T07:00:00.000000+0000,661.4,10.466666666666667,70.71666666666668,6.5,136,412,0.0
2023-04-16T08:00:00.000000+0000,661.6,10.9,67.78333333333332,6.0,118,827,0.0
2023-04-16T09:00:00.000000+0000,661.4,11.716666666666667,69.2,4.1,127,981,0.0
2023-04-16T10:00:00.000000+0000,661.1,11.583333333333334,65.86666666666667,5.1,67,736,0.0
2023-04-16T11:00:00.000000+0000,660.4,10.633333333333333,84.11666666666666,4.9,41,512,0.0
2023-04-16T12:00:00.000000+0000,659.7,9.583333333333332,94.2,4.2,15,510,0.0
2023-04-16T13:00:00.000000+0000,659.2,9.183333333333332,87.71666666666668,1.7,351,246,0.0
2023-04-16T14:00:00.000000+0000,659.0,9.15,77.45,4.3,101,164,0.0
2023-04-16T15:00:00.000000+0000,659.2,7.316666666666666,91.38333333333333,4.2,153,185,0.0
2023-04-16T16:00:00.000000+0000,659.2,8.166666666666666,70.76666666666667,5.5,145,16,0.0
2023-04-16T17:00:00.000000+0000,659.6,6.766666666666666,91.7,5.2,148,0,0.0
2023-04-16T18:00:00.000000+0000,660.5,6.45,91.46666666666668,1.7,146,0,0.0
2023-04-16T19:00:00.000000+0000,660.8,5.966666666666666,99.2,5.2,118,0,0.0
2023-04-16T20:00:00.000000+0000,660.4,6.133333333333333,89.39999999999999,11.5,126,0,0.0
2023-04-16T21:00:00.000000+0000,660.3,6.2,80.64999999999999,8.5,141,0,0.0
2023-04-16T22:00:00.000000+0000,660.0,5.466666666666668,85.98333333333335,6.8,139,0,0.0
2023-04-16T23:00:00.000000+0000,659.0,5.599999999999999,77.76666666666667,9.6,140,0,0.0
2023-04-17T00:00:00.000000+0000,658.7,4.933333333333333,80.16666666666667,7.8,145,0,0.0
2023-04-17T01:00:00.000000+0000,658.5,5.55,86.10000000000001,4.3,165,0,0.0
2023-04-17T02:00:00.000000+0000,658.7,6.316666666666666,84.46666666666667,5.1,145,0,0.0
2023-04-17T03:00:00.000000+0000,658.8,5.616666666666667,85.71666666666665,8.1,135,0,0.0
2023-04-17T04:00:00.000000+0000,659.0,7.716666666666668,72.28333333333335,9.2,138,13,0.0
2023-04-17T05:00:00.000000+0000,659.8,10.450000000000001,63.449999999999996,6.6,129,252,0.0
2023-04-17T06:00:00.000000+0000,660.3,11.799999999999999,60.849999999999994,8.6,121,514,0.0
2023-04-17T07:00:00.000000+0000,660.9,11.91666666666667,63.11666666666667,5.7,112,663,0.0
2023-04-17T08:00:00.000000+0000,661.1,11.966666666666667,72.9,7.3,94,752,0.0
2023-04-17T09:00:00.000000+0000,661.1,12.716666666666667,62.01666666666667,3.2,41,712,0.0
2023-04-17T10:00:00.000000+0000,660.5,10.950000000000001,79.08333333333333,5.8,108,760,0.0
2023-04-17T11:00:00.000000+0000,660.0,12.016666666666666,72.6,5.1,73,422,0.0
2023-04-17T12:00:00.000000+0000,659.5,9.666666666666668,94.64999999999999,4.2,54,614,0.0
2023-04-17T13:00:00.000000+0000,659.1,8.600000000000001,99.2,3.0,358,258,0.0
2023-04-17T14:00:00.000000+0000,659.0,8.1,99.25,3.1,4,152,0.0
2023-04-17T15:00:00.000000+0000,659.2,6.433333333333334,87.93333333333334,5.0,6,82,0.0
2023-04-17T16:00:00.000000+0000,659.3,6.05,62.20000000000001,4.6,116,14,0.0
2023-04-17T17:00:00.000000+0000,659.7,6.75,59.333333333333336,6.1,147,0,0.0
2023-04-17T18:00:00.000000+0000,660.3,5.850000000000001,74.5,7.6,155,0,0.0
2023-04-17T19:00:00.000000+0000,660.7,6.75,76.85000000000001,7.9,156,0,0.0
2023-04-17T20:00:00.000000+0000,660.9,6.2,83.56666666666666,7.8,144,0,0.0
2023-04-17T21:00:00.000000+0000,660.9,5.75,82.00000000000001,6.2,146,0,0.0
2023-04-17T22:00:00.000000+0000,660.5,6.133333333333334,77.85000000000001,6.4,146,0,0.0
2023-04-17T23:00:00.000000+0000,659.7,6.2,65.85000000000001,8.2,142,0,0.0
2023-04-18T00:00:00.000000+0000,659.1,6.116666666666666,74.98333333333333,9.0,144,0,0.0
2023-04-18T01:00:00.000000+0000,659.1,5.699999999999999,75.75,9.1,145,0,0.0
2023-04-18T02:00:00.000000+0000,659.2,6.199999999999999,70.93333333333334,9.1,152,0,0.0
2023-04-18T03:00:00.000000+0000,659.5,6.183333333333334,81.38333333333333,5.6,139,0,0.0
2023-04-18T04:00:00.000000+0000,660.1,7.6000000000000005,81.81666666666666,2.6,183,20,0.0
2023-04-18T05:00:00.000000+0000,661.0,9.7,68.01666666666667,3.9,152,165,0.0
2023-04-18T06:00:00.000000+0000,661.7,9.85,72.14999999999999,5.2,133,445,0.0
2023-04-18T07:00:00.000000+0000,662.4,7.266666666666666,99.28333333333335,3.8,148,546,0.0
2023-04-18T08:00:00.000000+0000,662.6,7.333333333333333,99.3,2.9,301,213,0.0
2023-04-18T09:00:00.000000+0000,662.3,8.816666666666668,97.93333333333334,1.9,346,212,0.0
2023-04-18T10:00:00.000000+0000,661.9,9.166666666666666,93.55,3.9,36,375,1.0
2023-04-18T11:00:00.000000+0000,661.3,8.133333333333333,99.3,2.9,11,341,0.0
2023-04-18T12:00:00.000000+0000,660.8,7.899999999999999,99.3,3.3,300,285,0.0
2023-04-18T13:00:00.000000+0000,660.9,7.816666666666667,99.3,2.5,323,257,0.0
2023-04-18T14:00:00.000000+0000,660.7,8.100000000000001,99.3,2.1,317,235,0.0
2023-04-18T15:00:00.000000+0000,660.7,6.6000000000000005,85.06666666666666,2.8,25,75,0.0
2023-04-18T16:00:00.000000+0000,661.3,5.7,84.35000000000001,3.4,124,15,0.0
2023-04-18T17:00:00.000000+0000,661.7,6.25,84.61666666666666,5.9,134,0,0.0
2023-04-18T18:00:00.000000+0000,661.9,6.550000000000001,79.68333333333332,8.2,138,0,0.0
2023-04-18T19:00:00.000000+0000,662.3,6.316666666666666,85.03333333333335,7.4,138,0,0.0
2023-04-18T20:00:00.000000+0000,662.5,5.8500000000000005,86.64999999999999,7.2,133,0,0.0
2023-04-18T21:00:00.000000+0000,662.5,5.133333333333333,86.19999999999999,6.6,133,0,0.4
2023-04-18T22:00:00.000000+0000,661.9,5.783333333333334,83.11666666666666,7.2,138,0,0.0
2023-04-18T23:00:00.000000+0000,661.5,5.366666666666667,87.73333333333335,6.5,134,0,0.0
2023-04-19T00:00:00.000000+0000,661.0,5.3500000000000005,87.08333333333333,6.1,143,0,0.0
2023-04-19T01:00:00.000000+0000,660.7,5.1,84.13333333333333,6.8,130,0,0.0
2023-04-19T02:00:00.000000+0000,660.7,5.883333333333333,85.81666666666666,6.4,132,0,0.0
2023-04-19T03:00:00.000000+0000,660.9,5.8500000000000005,84.68333333333334,6.2,135,0,0.0
2023-04-19T04:00:00.000000+0000,661.1,7.05,78.05,7.2,136,13,0.0
2023-04-19T05:00:00.000000+0000,661.5,9.833333333333334,65.25,7.9,131,166,0.0
2023-04-19T06:00:00.000000+0000,662.0,11.833333333333334,59.800000000000004,6.6,122,479,0.0
2023-04-19T07:00:00.000000+0000,662.3,11.766666666666667,74.03333333333332,7.1,111,732,0.0
2023-04-19T08:00:00.000000+0000,662.6,10.133333333333335,92.08333333333333,3.7,349,706,0.0
2023-04-19T09:00:00.000000+0000,662.4,11.6,74.19999999999999,5.1,16,347,0.0
2023-04-19T10:00:00.000000+0000,662.0,10.5,88.21666666666665,4.2,358,472,0.0
2023-04-19T11:00:00.000000+0000,661.3,11.766666666666666,65.96666666666665,4.6,321,354,0.0
2023-04-19T12:00:00.000000+0000,660.6,8.933333333333335,99.23333333333333,6.4,64,335,0.0
2023-04-19T13:00:00.000000+0000,660.2,7.816666666666667,99.26666666666667,3.3,17,110,0.0
2023-04-19T14:00:00.000000+0000,660.2,7.966666666666666,93.7,3.8,343,29,0.0
2023-04-19T15:00:00.000000+0000,660.5,6.800000000000001,94.10000000000001,1.8,258,68,0.0
2023-04-19T16:00:00.000000+0000,660.5,5.3500000000000005,96.53333333333335,1.4,229,16,0.0
2023-04-19T17:00:00.000000+0000,660.7,5.983333333333333,86.2,2.0,194,0,0.0
2023-04-19T18:00:00.000000+0000,661.0,5.349999999999999,90.13333333333333,1.3,169,0,0.0
2023-04-19T19:00:00.000000+0000,661.4,5.983333333333333,89.73333333333333,3.8,204,0,0.0
2023-04-19T20:00:00.000000+0000,661.6,6.499999999999999,89.96666666666668,4.9,166,0,0.0
2023-04-19T21:00:00.000000+0000,661.5,5.383333333333333,88.05,2.8,142,0,3.9
2023-04-19T22:00:00.000000+0000,661.1,4.616666666666667,91.2,2.9,173,0,0.1
2023-04-19T23:00:00.000000+0000,660.6,4.616666666666666,88.36666666666667,1.8,191,0,0.0
2023-04-20T00:00:00.000000+0000,660.0,4.933333333333334,84.46666666666665,1.2,117,0,0.0
2023-04-20T01:00:00.000000+0000,659.8,5.266666666666667,88.73333333333333,1.8,165,0,0.0
2023-04-20T02:00:00.000000+0000,659.9,4.783333333333334,82.61666666666666,1.4,175,0,0.0
2023-04-20T03:00:00.000000+0000,659.9,5.366666666666666,82.39999999999999,3.2,188,0,0.0
2023-04-20T04:00:00.000000+0000,660.2,7.55,77.23333333333333,1.4,210,22,0.0
2023-04-20T05:00:00.000000+0000,660.5,11.0,55.38333333333333,3.2,132,246,0.0
2023-04-20T06:00:00.000000+0000,660.7,12.633333333333333,47.78333333333333,6.0,109,490,0.0
2023-04-20T07:00:00.000000+0000,660.8,9.816666666666666,92.31666666666666,4.7,69,737,0.0
2023-04-20T08:00:00.000000+0000,660.9,9.033333333333333,99.28333333333335,3.1,294,289,0.0
2023-04-20T09:00:00.000000+0000,660.6,9.083333333333334,99.25,2.7,304,201,0.0
2023-04-20T10:00:00.000000+0000,660.2,8.883333333333333,99.25,2.5,301,112,0.0
2023-04-20T11:00:00.000000+0000,659.5,9.049999999999999,95.28333333333335,5.0,21,131,0.0
2023-04-20T12:00:00.000000+0000,659.0,7.983333333333333,99.25,5.9,13,152,0.0
2023-04-20T13:00:00.000000+0000,658.7,8.75,95.51666666666667,3.2,350,91,0.0
2023-04-20T14:00:00.000000+0000,658.4,8.366666666666667,98.55,2.9,344,189,0.0
2023-04-20T15:00:00.000000+0000,658.4,7.75,99.3,1.7,328,79,0.0
2023-04-20T16:00:00.000000+0000,658.4,6.849999999999999,98.56666666666666,1.3,315,5,0.0
2023-04-20T17:00:00.000000+0000,658.7,5.633333333333333,98.43333333333334,1.6,228,0,0.0
2023-04-20T18:00:00.000000+0000,659.4,4.45,96.66666666666669,1.9,189,0,0.0
2023-04-20T19:00:00.000000+0000,659.8,3.866666666666666,92.05000000000001,2.6,129,0,0.0
2023-04-20T20:00:00.000000+0000,659.9,4.3999999999999995,88.26666666666667,2.0,155,0,0.0
2023-04-20T21:00:00.000000+0000,659.8,3.983333333333333,88.2,1.9,125,0,0.0
2023-04-20T22:00:00.000000+0000,659.2,4.766666666666667,82.21666666666667,1.3,175,0,0.0
2023-04-20T23:00:00.000000+0000,658.9,4.066666666666667,79.76666666666667,2.8,209,0,0.0
2023-04-21T00:00:00.000000+0000,658.4,3.633333333333334,72.55,1.4,195,0,0.0
2023-04-21T01:00:00.000000+0000,658.3,3.766666666666667,70.88333333333334,2.3,117,0,0.0
2023-04-21T02:00:00.000000+0000,658.2,5.45,62.88333333333333,5.5,133,0,0.0
2023-04-21T03:00:00.000000+0000,657.9,6.233333333333334,56.949999999999996,8.4,138,0,0.0
2023-04-21T04:00:00.000000+0000,658.1,8.733333333333333,42.53333333333334,8.7,139,23,0.0
2023-04-21T05:00:00.000000+0000,658.5,11.816666666666665,35.56666666666667,7.4,137,231,0.0
2023-04-21T06:00:00.000000+0000,659.2,13.649999999999999,35.699999999999996,6.5,112,474,0.0
2023-04-21T07:00:00.000000+0000,659.9,11.6,76.21666666666665,5.7,67,711,0.0
2023-04-21T08:00:00.000000+0000,660.4,9.766666666666667,94.7,4.7,346,481,0.0
2023-04-21T09:00:00.000000+0000,660.4,10.633333333333333,91.93333333333332,3.2,332,509,0.0
2023-04-21T10:00:00.000000+0000,659.8,9.433333333333332,97.48333333333333,4.6,353,416,0.0
2023-04-21T11:00:00.000000+0000,659.2,10.033333333333333,94.39999999999999,2.8,360,318,0.0
2023-04-21T12:00:00.000000+0000,658.6,9.983333333333333,96.06666666666666,3.7,344,212,0.0
2023-04-21T13:00:00.000000+0000,658.3,9.15,99.23333333333333,2.8,326,199,0.0
2023-04-21T14:00:00.000000+0000,658.3,9.216666666666667,98.31666666666666,2.2,276,87,0.0
2023-04-21T15:00:00.000000+0000,658.3,8.266666666666667,97.55,2.4,267,78,0.0
2023-04-21T16:00:00.000000+0000,658.4,6.6499999999999995,95.38333333333333,1.1,211,12,0.0
2023-04-21T17:00:00.000000+0000,658.5,6.283333333333334,53.416666666666664,1.8,159,0,0.0
2023-04-21T18:00:00.000000+0000,658.8,5.983333333333334,47.099999999999994,2.8,159,0,0.0
2023-04-21T19:00:00.000000+0000,659.1,7.216666666666668,42.233333333333334,4.6,152,0,0.0
2023-04-21T20:00:00.000000+0000,659.3,6.599999999999999,42.81666666666666,3.6,157,0,0.0
2023-04-21T21:00:00.000000+0000,659.3,5.7,73.71666666666667,3.8,180,0,0.0
2023-04-21T22:00:00.000000+0000,659.1,4.466666666666667,79.96666666666665,2.6,207,0,0.0
2023-04-21T23:00:00.000000+0000,658.4,4.8,79.8,2.1,200,0,0.0
2023-04-22T00:00:00.000000+0000,658.2,4.3999999999999995,89.41666666666664,1.9,225,0,0.0
2023-04-22T01:00:00.000000+0000,657.9,3.6,90.13333333333333,1.7,202,0,0.0
2023-04-22T02:00:00.000000+0000,657.8,4.183333333333333,77.98333333333333,1.7,177,0,0.0
2023-04-22T03:00:00.000000+0000,658.0,4.816666666666666,83.25,2.8,120,0,0.0
2023-04-22T04:00:00.000000+0000,658.6,8.016666666666666,76.59999999999998,3.0,116,24,0.0
2023-04-22T05:00:00.000000+0000,659.0,8.116666666666665,83.18333333333332,4.0,54,211,0.0
2023-04-22T06:00:00.000000+0000,659.7,7.616666666666666,94.40000000000002,3.6,349,226,0.0
2023-04-22T07:00:00.000000+0000,660.3,8.183333333333332,97.64999999999999,2.1,335,238,0.0
2023-04-22T08:00:00.000000+0000,660.7,8.9,96.0,1.8,4,182,0.0
2023-04-22T09:00:00.000000+0000,660.7,9.233333333333334,95.64999999999999,3.1,348,456,0.0
2023-04-22T10:00:00.000000+0000,659.9,7.766666666666666,99.3,3.8,316,171,0.0
2023-04-22T11:00:00.000000+0000,659.4,7.833333333333333,99.3,2.0,328,128,1.2
2023-04-22T12:00:00.000000+0000,658.7,7.466666666666668,99.3,2.4,350,143,0.5
2023-04-22T13:00:00.000000+0000,658.5,7.100000000000001,99.3,2.7,16,101,3.9
2023-04-22T14:00:00.000000+0000,658.2,7.216666666666668,99.3,1.8,80,122,0.0
2023-04-22T15:00:00.000000+0000,658.7,6.8500000000000005,97.91666666666667,1.3,287,27,2.2
2023-04-22T16:00:00.000000+0000,659.3,6.6000000000000005,99.01666666666667,1.2,180,7,1.0
2023-04-22T17:00:00.000000+0000,659.9,6.516666666666667,99.2,1.7,135,0,3.6
2023-04-22T18:00:00.000000+0000,660.4,6.783333333333332,99.2,2.3,177,0,2.5
2023-04-22T19:00:00.000000+0000,660.8,5.8999999999999995,99.14999999999999,2.4,180,0,10.2
2023-04-22T20:00:00.000000+0000,661.0,5.883333333333333,99.26666666666667,1.6,222,0,0.0
2023-04-22T21:00:00.000000+0000,660.9,5.816666666666666,99.3,1.9,245,0,0.0
2023-04-22T22:00:00.000000+0000,660.3,5.566666666666666,98.88333333333333,2.3,236,0,0.0
2023-04-22T23:00:00.000000+0000,659.8,5.666666666666667,94.41666666666667,1.4,252,0,0.0
2023-04-23T00:00:00.000000+0000,659.3,6.050000000000001,91.56666666666666,1.5,156,0,0.0
2023-04-23T01:00:00.000000+0000,659.0,5.566666666666666,97.83333333333333,2.7,86,0,0.0
2023-04-23T02:00:00.000000+0000,659.0,5.55,98.46666666666665,3.3,114,0,0.0
2023-04-23T03:00:00.000000+0000,659.4,5.733333333333333,98.85000000000001,3.1,143,0,0.0
2023-04-23T04:00:00.000000+0000,659.9,7.566666666666667,91.01666666666667,5.1,132,13,0.0
2023-04-23T05:00:00.000000+0000,660.3,8.549999999999999,85.78333333333332,3.4,65,195,0.0
2023-04-23T06:00:00.000000+0000,660.9,10.45,68.35,5.2,57,360,0.0
2023-04-23T07:00:00.000000+0000,661.2,10.850000000000001,83.51666666666667,4.7,40,656,0.0
2023-04-23T08:00:00.000000+0000,661.1,9.25,97.05,5.7,16,668,0.0
2023-04-23T09:00:00.000000+0000,661.0,9.266666666666667,97.31666666666666,5.2,26,335,0.0
2023-04-23T10:00:00.000000+0000,660.6,9.85,93.96666666666665,5.3,32,351,0.0
2023-04-23T11:00:00.000000+0000,660.0,10.0,92.63333333333333,7.5,25,440,0.0
2023-04-23T12:00:00.000000+0000,659.5,11.433333333333335,76.95,5.8,58,398,0.0
2023-04-23T13:00:00.000000+0000,659.2,11.533333333333331,74.4,4.8,82,395,0.0
2023-04-23T14:00:00.000000+0000,659.0,8.85,93.76666666666667,6.5,113,284,0.0
2023-04-23T15:00:00.000000+0000,659.5,7.083333333333332,95.89999999999999,1.9,294,43,0.1
2023-04-23T16:00:00.000000+0000,659.7,6.1000000000000005,94.06666666666666,3.2,162,12,0.0
2023-04-23T17:00:00.000000+0000,660.2,6.3,83.08333333333333,2.4,133,0,0.0
2023-04-23T18:00:00.000000+0000,660.8,6.566666666666666,79.13333333333334,5.7,123,0,0.0
2023-04-23T19:00:00.000000+0000,661.2,5.433333333333333,81.58333333333334,5.5,121,0,0.0
2023-04-23T20:00:00.000000+0000,661.4,5.833333333333333,81.41666666666667,6.8,130,0,0.0
2023-04-23T21:00:00.000000+0000,661.4,6.0,88.96666666666665,7.8,132,0,0.0
2023-04-23T22:00:00.000000+0000,661.1,6.116666666666666,86.55,8.0,130,0,0.0
2023-04-23T23:00:00.000000+0000,660.5,5.616666666666666,80.3,8.2,121,0,0.0
2023-04-24T00:00:00.000000+0000,660.1,5.8999999999999995,78.96666666666667,7.4,122,0,0.0
2023-04-24T01:00:00.000000+0000,660.0,6.083333333333333,75.31666666666665,9.2,115,0,0.0
2023-04-24T02:00:00.000000+0000,660.1,6.1499999999999995,67.23333333333333,8.7,124,0,0.0
2023-04-24T03:00:00.000000+0000,660.3,6.316666666666667,65.65,7.5,126,0,0.0
2023-04-24T04:00:00.000000+0000,660.3,8.166666666666666,59.11666666666667,9.9,126,42,0.0
2023-04-24T05:00:00.000000+0000,660.9,10.683333333333332,48.06666666666666,10.5,106,217,0.0
2023-04-24T06:00:00.000000+0000,661.3,11.833333333333334,47.63333333333333,8.2,99,512,0.0
2023-04-24T07:00:00.000000+0000,661.7,12.433333333333332,49.54999999999999,7.5,87,674,0.0
2023-04-24T08:00:00.000000+0000,661.7,12.8,46.3,7.2,89,751,0.0
2023-04-25T07:00:00.000000+0000,,10.133333333333333,88.26666666666665,,,,
2023-04-25T08:00:00.000000+0000,661.6,9.799999999999999,97.41666666666667,2.6,263,824,0.0
2023-04-25T09:00:00.000000+0000,661.7,9.1,99.3,2.2,319,520,0.0
2023-04-25T10:00:00.000000+0000,661.3,8.333333333333334,99.3,2.6,297,299,0.0
2023-04-25T11:00:00.000000+0000,661.1,8.15,99.3,2.7,295,127,0.0
2023-04-25T12:00:00.000000+0000,660.4,8.016666666666667,99.3,3.2,303,164,0.1
2023-04-25T13:00:00.000000+0000,660.2,8.133333333333333,99.3,2.3,313,100,0.0
2023-04-25T14:00:00.000000+0000,659.9,7.916666666666667,99.3,1.7,333,131,0.0
2023-04-25T15:00:00.000000+0000,660.1,6.783333333333334,99.3,1.6,53,40,0.2
2023-04-25T16:00:00.000000+0000,660.2,6.800000000000001,90.78333333333332,5.4,137,10,0.0
2023-04-25T17:00:00.000000+0000,660.6,6.433333333333333,96.58333333333333,4.9,156,0,0.0
2023-04-25T18:00:00.000000+0000,660.9,5.933333333333334,99.3,1.9,225,0,0.0
2023-04-25T19:00:00.000000+0000,661.3,6.083333333333333,99.26666666666667,1.4,209,0,0.0
2023-04-25T20:00:00.000000+0000,661.4,6.266666666666667,99.3,2.6,235,0,0.0
2023-04-25T21:00:00.000000+0000,661.6,6.216666666666666,99.26666666666667,2.9,205,0,0.0
2023-04-25T22:00:00.000000+0000,661.2,6.05,99.25,1.0,207,0,0.0
2023-04-25T23:00:00.000000+0000,660.9,6.133333333333334,99.28333333333335,0.9,219,0,0.0
2023-04-26T00:00:00.000000+0000,660.4,6.066666666666667,98.60000000000001,2.0,118,0,0.1
2023-04-26T01:00:00.000000+0000,660.2,6.166666666666667,91.58333333333333,1.2,75,0,0.1
2023-04-26T02:00:00.000000+0000,660.2,6.3999999999999995,87.26666666666667,7.4,152,0,1.1
2023-04-26T03:00:00.000000+0000,660.4,6.599999999999999,91.68333333333334,4.9,173,0,0.0
2023-04-26T04:00:00.000000+0000,660.9,6.766666666666666,95.23333333333333,2.2,184,5,0.0
2023-04-26T05:00:00.000000+0000,661.5,7.25,94.7,1.5,249,89,0.0
2023-04-26T06:00:00.000000+0000,662.0,7.516666666666666,98.36666666666666,2.5,298,303,0.0
2023-04-26T07:00:00.000000+0000,662.2,7.716666666666666,99.28333333333335,3.2,299,324,0.0
2023-04-26T08:00:00.000000+0000,662.1,8.283333333333333,99.25,3.6,284,340,0.0
2023-04-26T09:00:00.000000+0000,661.8,8.283333333333333,99.3,3.7,295,304,0.0
2023-04-26T10:00:00.000000+0000,661.4,8.466666666666667,99.3,3.5,283,262,0.0
2023-04-26T11:00:00.000000+0000,660.8,8.85,99.3,3.4,305,201,0.0
2023-04-26T12:00:00.000000+0000,660.3,8.75,99.3,2.7,310,207,0.0
2023-04-26T13:00:00.000000+0000,659.9,9.0,99.3,2.5,322,106,0.2
2023-04-26T14:00:00.000000+0000,659.7,8.683333333333334,99.3,1.5,354,149,0.0
2023-04-26T15:00:00.000000+0000,659.8,8.133333333333333,99.3,3.0,8,34,0.0
2023-04-26T16:00:00.000000+0000,660.2,7.366666666666667,99.3,2.2,29,3,0.4
2023-04-26T17:00:00.000000+0000,660.3,6.816666666666666,99.10000000000001,1.9,45,0,8.1
2023-04-26T18:00:00.000000+0000,661.0,6.816666666666666,90.91666666666667,2.6,164,0,12.5
2023-04-26T19:00:00.000000+0000,661.1,7.7,82.11666666666666,6.8,159,0,2.8
2023-04-26T20:00:00.000000+0000,661.0,7.8,80.59999999999998,8.8,165,0,0.4
2023-04-26T21:00:00.000000+0000,661.0,7.0,87.94999999999999,10.6,144,0,0.2
2023-04-26T22:00:00.000000+0000,661.0,6.883333333333333,84.14999999999999,2.9,174,0,0.0
2023-04-26T23:00:00.000000+0000,660.4,6.416666666666667,82.39999999999999,1.7,223,0,0.0
2023-04-27T00:00:00.000000+0000,659.9,6.666666666666667,77.69999999999999,1.3,185,0,0.0
2023-04-27T01:00:00.000000+0000,659.6,5.6000000000000005,82.3,1.2,204,0,0.0
2023-04-27T02:00:00.000000+0000,659.5,5.416666666666667,82.8,0.8,203,0,0.0
2023-04-27T03:00:00.000000+0000,659.5,6.300000000000001,80.2,1.2,117,0,0.0
2023-04-27T04:00:00.000000+0000,660.0,7.983333333333333,77.03333333333333,0.6,207,33,0.0
2023-04-27T05:00:00.000000+0000,660.6,10.049999999999999,73.71666666666665,1.7,256,246,0.0
2023-04-27T06:00:00.000000+0000,661.3,9.783333333333333,87.30000000000001,1.6,340,485,0.0
2023-04-27T07:00:00.000000+0000,661.6,,,3.0,318,682,0.0
2023-05-03T09:00:00.000000+0000,,11.6,84.4,,,,
2023-05-03T10:00:00.000000+0000,662.9,12.466666666666667,77.35000000000001,,,,
2023-05-03T11:00:00.000000+0000,662.6,11.466666666666667,90.96666666666665,8.5,18,973,0.0
2023-05-03T12:00:00.000000+0000,662.1,12.166666666666666,59.11666666666667,8.4,13,618,0.0
2023-05-03T13:00:00.000000+0000,661.8,11.466666666666667,50.416666666666664,5.3,72,592,0.0
2023-05-03T14:00:00.000000+0000,661.8,8.716666666666667,92.71666666666668,3.2,88,329,0.0
2023-05-03T15:00:00.000000+0000,662.0,7.166666666666667,93.96666666666665,1.8,259,141,0.0
2023-05-03T16:00:00.000000+0000,662.2,5.666666666666665,61.21666666666666,2.7,175,20,0.0
2023-05-03T17:00:00.000000+0000,662.5,5.566666666666667,58.81666666666667,4.3,135,0,0.0
2023-05-03T18:00:00.000000+0000,663.0,5.683333333333334,48.73333333333334,5.6,142,0,0.0
2023-05-03T19:00:00.000000+0000,663.3,5.25,52.93333333333333,7.1,140,0,0.0
2023-05-03T20:00:00.000000+0000,663.6,6.033333333333334,51.06666666666666,5.4,140,0,0.0
2023-05-03T21:00:00.000000+0000,663.5,5.883333333333333,50.150000000000006,6.3,135,0,0.0
2023-05-03T22:00:00.000000+0000,663.1,5.416666666666667,49.96666666666667,7.1,142,0,0.0
2023-05-03T23:00:00.000000+0000,662.7,6.766666666666667,46.116666666666674,7.8,137,0,0.0
2023-05-04T00:00:00.000000+0000,662.2,7.066666666666667,45.03333333333333,7.9,138,0,0.0
2023-05-04T01:00:00.000000+0000,661.9,7.233333333333333,44.53333333333333,9.8,140,0,0.0
2023-05-04T02:00:00.000000+0000,661.8,7.45,41.75000000000001,10.0,133,0,0.0
2023-05-04T03:00:00.000000+0000,662.0,7.316666666666666,42.516666666666666,9.7,133,0,0.0
2023-05-04T04:00:00.000000+0000,662.4,9.333333333333334,41.699999999999996,9.7,135,37,0.0
2023-05-04T05:00:00.000000+0000,663.0,11.58333333333333,41.166666666666664,7.9,120,218,0.0
2023-05-04T06:00:00.000000+0000,663.5,12.383333333333333,45.5,8.5,107,483,0.0
2023-05-04T07:00:00.000000+0000,664.1,9.016666666666667,90.66666666666669,7.9,100,698,0.0
2023-05-04T08:00:00.000000+0000,664.5,8.933333333333335,93.38333333333334,3.1,324,362,0.0
2023-05-04T09:00:00.000000+0000,664.4,7.616666666666667,99.3,3.3,301,290,0.0
2023-05-04T10:00:00.000000+0000,664.0,8.016666666666667,99.26666666666667,3.1,276,90,0.0
2023-05-04T11:00:00.000000+0000,663.5,8.0,99.3,3.4,294,379,0.0
2023-05-04T12:00:00.000000+0000,663.1,8.333333333333334,99.3,3.5,288,389,0.0
2023-05-04T13:00:00.000000+0000,662.5,8.183333333333334,98.25,3.2,346,465,0.0
2023-05-04T14:00:00.000000+0000,662.4,9.233333333333333,89.36666666666667,3.1,312,292,0.0
2023-05-04T15:00:00.000000+0000,662.4,7.3999999999999995,99.0,2.8,333,259,0.0
2023-05-04T16:00:00.000000+0000,662.6,5.616666666666666,98.06666666666666,0.9,326,18,0.0
2023-05-04T17:00:00.000000+0000,662.8,4.1499999999999995,84.03333333333333,1.6,150,0,0.0
2023-05-04T18:00:00.000000+0000,663.0,4.3,76.5,2.1,123,0,0.0
2023-05-04T19:00:00.000000+0000,663.3,4.183333333333333,77.93333333333334,4.4,124,0,0.0
2023-05-04T20:00:00.000000+0000,663.5,3.7999999999999994,83.44999999999999,2.7,137,0,0.0
2023-05-04T21:00:00.000000+0000,663.4,4.333333333333333,79.81666666666666,1.7,160,0,0.0
2023-05-04T22:00:00.000000+0000,662.9,4.45,76.43333333333332,4.4,124,0,0.0
2023-05-04T23:00:00.000000+0000,662.5,5.6000000000000005,66.38333333333334,5.9,133,0,0.0
2023-05-05T00:00:00.000000+0000,661.9,5.8500000000000005,61.58333333333332,8.2,143,0,0.0
2023-05-05T01:00:00.000000+0000,661.7,5.300000000000001,66.08333333333333,7.3,138,0,0.0
2023-05-05T02:00:00.000000+0000,661.6,5.733333333333333,65.25,6.5,140,0,0.0
2023-05-05T03:00:00.000000+0000,661.8,5.933333333333333,66.85,8.1,143,0,0.0
2023-05-05T04:00:00.000000+0000,662.3,7.733333333333333,65.58333333333333,5.2,149,36,0.0
2023-05-05T05:00:00.000000+0000,662.7,7.8999999999999995,80.36666666666667,3.3,157,246,0.0
2023-05-05T06:00:00.000000+0000,663.4,7.949999999999999,96.83333333333333,3.0,305,511,0.0
2023-05-05T07:00:00.000000+0000,663.8,7.466666666666666,99.28333333333335,4.3,350,372,0.0
2023-05-05T08:00:00.000000+0000,664.1,7.566666666666666,99.28333333333335,4.6,8,144,0.0
2023-05-05T09:00:00.000000+0000,664.0,7.316666666666666,99.3,2.1,353,157,0.0
2023-05-05T10:00:00.000000+0000,663.6,8.15,98.81666666666666,2.2,317,180,0.0
2023-05-05T11:00:00.000000+0000,663.0,7.3999999999999995,99.3,2.9,338,253,0.0
2023-05-05T12:00:00.000000+0000,662.4,7.316666666666666,99.3,2.7,290,128,0.0
2023-05-05T13:00:00.000000+0000,662.0,8.15,99.26666666666667,2.6,288,218,0.0
2023-05-05T14:00:00.000000+0000,661.9,7.266666666666667,99.3,3.2,300,252,0.0
2023-05-05T15:00:00.000000+0000,662.0,6.983333333333333,99.3,2.6,274,49,0.0
2023-05-05T16:00:00.000000+0000,662.2,5.583333333333333,97.46666666666665,1.5,279,16,0.0
2023-05-05T17:00:00.000000+0000,662.2,4.1499999999999995,72.16666666666666,1.7,156,0,0.0
2023-05-05T18:00:00.000000+0000,662.6,4.333333333333333,90.13333333333333,4.0,144,0,0.0
2023-05-05T19:00:00.000000+0000,663.0,4.216666666666666,88.26666666666667,2.6,195,0,0.0
2023-05-05T20:00:00.000000+0000,663.3,4.216666666666666,86.35000000000001,1.7,205,0,0.0
2023-05-05T21:00:00.000000+0000,663.0,4.266666666666667,78.19999999999999,2.1,183,0,0.0
2023-05-05T22:00:00.000000+0000,662.8,4.999999999999999,69.08333333333333,2.8,175,0,0.0
2023-05-05T23:00:00.000000+0000,662.0,5.766666666666666,61.26666666666666,8.0,148,0,0.0
2023-05-06T00:00:00.000000+0000,661.7,5.8500000000000005,61.533333333333324,7.1,148,0,0.0
2023-05-06T01:00:00.000000+0000,661.1,5.75,59.81666666666666,9.8,146,0,0.0
2023-05-06T02:00:00.000000+0000,661.1,5.833333333333333,59.0,8.2,143,0,0.0
2023-05-06T03:00:00.000000+0000,661.3,6.8,52.15,7.6,140,0,0.0
2023-05-06T04:00:00.000000+0000,661.5,9.466666666666667,49.1,7.8,137,37,0.0
2023-05-06T05:00:00.000000+0000,661.8,12.350000000000001,40.03333333333333,7.9,124,249,0.0
2023-05-06T06:00:00.000000+0000,662.5,13.833333333333334,38.81666666666667,7.3,115,483,0.0
2023-05-06T07:00:00.000000+0000,663.0,12.916666666666666,65.06666666666666,6.0,100,700,0.0
2023-05-06T08:00:00.000000+0000,663.4,9.9,96.06666666666666,5.1,33,833,0.0
2023-05-06T09:00:00.000000+0000,663.4,9.899999999999999,98.18333333333334,3.5,304,348,0.0
2023-05-06T10:00:00.000000+0000,663.1,9.333333333333334,97.38333333333333,4.2,340,384,0.0
2023-05-06T11:00:00.000000+0000,662.8,10.166666666666666,90.46666666666668,4.5,337,166,0.0
2023-05-06T12:00:00.000000+0000,662.4,8.1,98.40000000000002,4.1,350,526,0.0
2023-05-06T13:00:00.000000+0000,662.0,7.616666666666666,99.06666666666666,2.9,353,43,0.0
2023-05-06T14:00:00.000000+0000,662.0,7.300000000000001,99.28333333333335,2.2,34,18,0.1
2023-05-06T15:00:00.000000+0000,662.1,6.233333333333333,99.26666666666667,1.2,36,16,0.0
2023-05-06T16:00:00.000000+0000,662.1,4.6499999999999995,87.38333333333334,1.7,222,8,0.0
2023-05-06T17:00:00.000000+0000,662.1,3.9499999999999997,68.88333333333333,1.7,128,0,0.0
2023-05-06T18:00:00.000000+0000,662.6,4.0,62.71666666666667,1.3,113,0,0.0
2023-05-06T19:00:00.000000+0000,662.6,4.166666666666667,59.78333333333333,3.4,124,0,0.0
2023-05-06T20:00:00.000000+0000,662.7,3.883333333333333,62.416666666666664,3.9,132,0,0.0
2023-05-06T21:00:00.000000+0000,662.7,5.05,46.41666666666666,3.0,125,0,0.0
2023-05-06T22:00:00.000000+0000,662.3,5.383333333333334,43.28333333333334,5.2,129,0,0.0
2023-05-06T23:00:00.000000+0000,661.7,5.833333333333333,44.833333333333336,6.0,126,0,0.0
2023-05-07T00:00:00.000000+0000,661.2,6.216666666666668,45.650000000000006,6.8,131,0,0.0
2023-05-07T01:00:00.000000+0000,661.0,6.216666666666666,47.849999999999994,6.7,131,0,0.0
2023-05-07T02:00:00.000000+0000,660.9,6.283333333333332,44.53333333333333,7.1,133,0,0.0
2023-05-07T03:00:00.000000+0000,661.1,6.133333333333333,47.916666666666664,8.3,135,0,0.0
2023-05-07T04:00:00.000000+0000,661.2,8.25,46.4,8.6,130,32,0.0
2023-05-07T05:00:00.000000+0000,661.9,10.5,43.73333333333333,8.2,121,242,0.0
2023-05-07T06:00:00.000000+0000,662.5,12.166666666666666,41.98333333333334,7.8,113,464,0.0
2023-05-07T07:00:00.000000+0000,663.1,12.783333333333333,47.78333333333334,5.8,89,682,0.0
2023-05-07T08:00:00.000000+0000,663.4,13.216666666666667,60.06666666666666,6.6,40,888,0.0
2023-05-07T09:00:00.000000+0000,663.4,12.350000000000001,73.06666666666666,7.9,34,1043,0.0
2023-05-07T10:00:00.000000+0000,663.0,9.983333333333333,90.46666666666668,5.9,18,899,0.0
2023-05-07T11:00:00.000000+0000,662.6,7.999999999999999,98.3,5.4,5,339,0.0
2023-05-07T12:00:00.000000+0000,662.4,5.533333333333334,99.23333333333333,3.4,329,101,1.4
2023-05-07T13:00:00.000000+0000,661.8,7.1833333333333345,99.26666666666667,3.4,135,70,5.5
2023-05-07T14:00:00.000000+0000,661.9,8.9,92.56666666666666,3.5,55,136,0.0
2023-05-07T15:00:00.000000+0000,661.9,6.483333333333333,91.91666666666667,3.9,40,232,0.0
2023-05-07T16:00:00.000000+0000,661.8,5.016666666666667,76.46666666666665,4.4,111,19,0.0
2023-05-07T17:00:00.000000+0000,661.8,5.133333333333333,73.91666666666667,7.1,119,0,0.0
2023-05-07T18:00:00.000000+0000,662.2,4.933333333333334,75.13333333333334,7.2,124,0,0.0
2023-05-07T19:00:00.000000+0000,662.6,4.933333333333333,77.41666666666667,7.4,121,0,0.0
2023-05-07T20:00:00.000000+0000,662.6,5.083333333333333,72.81666666666666,7.8,125,0,0.0
2023-05-07T21:00:00.000000+0000,662.4,5.016666666666667,62.48333333333334,7.5,132,0,0.0
2023-05-07T22:00:00.000000+0000,662.0,4.8999999999999995,64.41666666666667,7.4,124,0,0.0
2023-05-07T23:00:00.000000+0000,661.3,5.8999999999999995,60.416666666666664,8.0,115,0,0.0
2023-05-08T00:00:00.000000+0000,660.9,5.75,60.01666666666666,11.0,103,0,0.0
2023-05-08T01:00:00.000000+0000,660.9,5.216666666666666,69.2,10.1,108,0,0.0
2023-05-08T02:00:00.000000+0000,660.9,5.466666666666666,73.46666666666667,11.2,107,0,0.0
2023-05-08T03:00:00.000000+0000,661.3,5.516666666666667,77.46666666666665,10.6,113,0,0.0
2023-05-08T04:00:00.000000+0000,661.5,7.183333333333333,70.58333333333333,11.3,114,33,0.0
2023-05-08T05:00:00.000000+0000,661.7,8.583333333333334,65.61666666666666,9.9,109,246,0.0
2023-05-08T06:00:00.000000+0000,662.4,9.783333333333333,62.96666666666667,11.7,97,484,0.0
2023-05-08T07:00:00.000000+0000,662.9,10.866666666666665,60.26666666666667,10.2,72,716,0.0
2023-05-08T08:00:00.000000+0000,663.0,11.700000000000001,56.06666666666666,8.0,70,869,0.0
2023-05-08T09:00:00.000000+0000,662.9,11.566666666666665,62.88333333333333,7.5,48,988,0.0
2023-05-08T10:00:00.000000+0000,662.5,11.683333333333332,60.35,7.0,45,787,0.0
2023-05-08T11:00:00.000000+0000,662.1,11.966666666666667,60.99999999999999,8.9,39,939,0.0
2023-05-08T12:00:00.000000+0000,661.8,11.25,69.31666666666666,7.5,46,937,0.0
2023-05-08T13:00:00.000000+0000,661.5,10.233333333333333,78.35,6.5,29,538,0.0
2023-05-08T14:00:00.000000+0000,661.3,9.883333333333333,66.41666666666667,6.1,41,487,0.0
2023-05-08T15:00:00.000000+0000,661.3,6.866666666666666,76.45,4.8,71,271,0.0
2023-05-08T16:00:00.000000+0000,661.5,4.75,74.68333333333334,5.3,130,28,0.0
2023-05-08T17:00:00.000000+0000,661.6,4.183333333333333,69.26666666666667,2.8,142,0,0.0
2023-05-08T18:00:00.000000+0000,661.9,3.6999999999999997,61.48333333333333,3.6,140,0,0.0
2023-05-08T19:00:00.000000+0000,662.3,4.116666666666666,56.96666666666667,4.2,134,0,0.0
2023-05-08T20:00:00.000000+0000,662.1,3.8333333333333335,52.46666666666667,6.6,135,0,0.0
2023-05-08T21:00:00.000000+0000,662.0,3.766666666666667,48.833333333333336,5.1,137,0,0.0
2023-05-08T22:00:00.000000+0000,661.7,4.1499999999999995,53.166666666666664,4.4,125,0,0.0
2023-05-08T23:00:00.000000+0000,661.2,5.1000000000000005,60.21666666666666,7.7,130,0,0.0
2023-05-09T00:00:00.000000+0000,660.8,4.833333333333333,70.75,7.9,125,0,0.0
2023-05-09T01:00:00.000000+0000,660.7,4.75,67.7,7.3,122,0,0.0
2023-05-09T02:00:00.000000+0000,660.8,4.75,59.583333333333336,7.3,124,0,0.0
2023-05-09T03:00:00.000000+0000,661.0,5.383333333333333,54.416666666666664,7.0,129,0,0.0
2023-05-09T04:00:00.000000+0000,661.1,8.216666666666667,46.98333333333333,7.4,122,41,0.0
2023-05-09T05:00:00.000000+0000,661.4,10.25,45.18333333333334,6.8,110,241,0.0
2023-05-09T06:00:00.000000+0000,661.9,11.616666666666665,50.85,6.1,76,477,0.0
2023-05-09T07:00:00.000000+0000,662.3,11.0,68.78333333333333,7.0,47,705,0.0
2023-05-09T08:00:00.000000+0000,662.5,10.316666666666665,84.41666666666667,6.7,32,816,0.0
2023-05-09T09:00:00.000000+0000,662.5,8.716666666666667,98.28333333333335,4.8,15,576,0.0
2023-05-09T10:00:00.000000+0000,662.1,8.850000000000001,96.86666666666667,5.9,360,173,0.0
2023-05-09T11:00:00.000000+0000,661.7,8.200000000000001,97.48333333333335,7.1,8,293,0.0
2023-05-09T12:00:00.000000+0000,661.4,8.933333333333332,92.18333333333334,6.3,34,180,0.0
2023-05-09T13:00:00.000000+0000,660.9,8.033333333333333,98.53333333333332,4.6,13,227,0.0
2023-05-09T14:00:00.000000+0000,660.7,7.383333333333334,99.3,3.2,7,65,0.0
2023-05-09T15:00:00.000000+0000,660.6,6.733333333333334,99.3,3.0,360,23,0.0
2023-05-09T16:00:00.000000+0000,660.8,5.316666666666667,99.25,2.1,236,8,0.0
2023-05-09T17:00:00.000000+0000,660.9,5.433333333333334,98.8,1.7,157,0,0.0
2023-05-09T18:00:00.000000+0000,661.4,4.233333333333333,95.01666666666665,2.3,217,0,0.0
2023-05-09T19:00:00.000000+0000,661.4,4.866666666666666,89.0,2.5,160,0,0.0
2023-05-09T20:00:00.000000+0000,661.7,5.166666666666667,86.16666666666667,1.4,185,0,0.0
2023-05-09T21:00:00.000000+0000,661.6,4.466666666666667,86.73333333333333,1.7,142,0,0.0
2023-05-09T22:00:00.000000+0000,661.1,4.916666666666666,74.85000000000001,1.2,151,0,0.0
2023-05-09T23:00:00.000000+0000,660.6,5.183333333333334,76.33333333333333,1.1,207,0,0.0
2023-05-10T00:00:00.000000+0000,660.2,3.6666666666666665,77.75,1.3,236,0,0.0
2023-05-10T01:00:00.000000+0000,659.9,5.533333333333332,66.36666666666666,1.9,190,0,0.0
2023-05-10T02:00:00.000000+0000,660.2,5.216666666666667,74.38333333333333,1.0,216,0,0.0
2023-05-10T03:00:00.000000+0000,660.3,4.8999999999999995,78.89999999999999,0.9,135,0,0.0
2023-05-10T04:00:00.000000+0000,660.6,6.8999999999999995,76.38333333333333,1.0,180,28,0.0
2023-05-10T05:00:00.000000+0000,661.3,8.533333333333333,71.83333333333333,1.9,74,225,0.0
2023-05-10T06:00:00.000000+0000,662.0,9.283333333333333,76.41666666666667,3.3,354,482,0.0
2023-05-10T07:00:00.000000+0000,662.3,8.533333333333333,92.26666666666665,3.5,338,603,0.0
2023-05-10T08:00:00.000000+0000,662.5,9.0,92.41666666666667,3.4,313,480,0.0
2023-05-10T09:00:00.000000+0000,662.5,8.116666666666667,98.38333333333333,4.4,335,407,0.0
2023-05-10T10:00:00.000000+0000,662.2,9.049999999999999,92.51666666666667,4.0,298,186,0.0
2023-05-10T11:00:00.000000+0000,661.7,7.066666666666666,99.28333333333335,4.2,335,405,0.1
2023-05-10T12:00:00.000000+0000,661.3,7.6000000000000005,96.01666666666667,4.4,77,142,7.1
2023-05-10T13:00:00.000000+0000,661.1,8.1,95.98333333333333,2.1,241,343,0.9
2023-05-10T14:00:00.000000+0000,661.0,7.416666666666667,95.59999999999998,2.1,290,161,0.0
2023-05-10T15:00:00.000000+0000,661.2,7.1499999999999995,98.85000000000001,1.4,252,69,0.0
2023-05-10T16:00:00.000000+0000,661.3,6.983333333333333,99.3,1.7,230,6,0.0
2023-05-10T17:00:00.000000+0000,661.6,5.533333333333334,99.26666666666667,1.9,283,0,0.0
2023-05-10T18:00:00.000000+0000,662.0,5.166666666666667,93.46666666666668,2.5,187,0,0.0
2023-05-10T19:00:00.000000+0000,662.3,4.483333333333333,96.08333333333333,1.4,209,0,0.0
2023-05-10T20:00:00.000000+0000,662.5,4.55,88.73333333333335,1.0,198,0,0.0
2023-05-10T21:00:00.000000+0000,662.4,4.983333333333333,89.89999999999999,1.6,202,0,0.0
2023-05-10T22:00:00.000000+0000,662.2,3.7999999999999994,87.38333333333334,1.7,234,0,0.0
2023-05-10T23:00:00.000000+0000,661.8,4.6000000000000005,70.78333333333335,2.2,163,0,0.0
2023-05-11T00:00:00.000000+0000,661.4,4.6499999999999995,58.916666666666664,3.0,105,0,0.0
2023-05-11T01:00:00.000000+0000,661.3,4.65,60.81666666666666,1.6,148,0,0.0
2023-05-11T02:00:00.000000+0000,661.4,3.9000000000000004,60.199999999999996,0.6,180,0,0.0
2023-05-11T03:00:00.000000+0000,661.6,3.8166666666666664,56.5,2.0,102,0,0.0
2023-05-11T04:00:00.000000+0000,662.1,7.516666666666668,52.83333333333334,1.2,124,37,0.0
2023-05-11T05:00:00.000000+0000,662.7,9.933333333333335,57.18333333333334,2.4,93,222,0.0
2023-05-11T06:00:00.000000+0000,663.3,9.783333333333333,75.71666666666665,3.9,31,480,0.0
2023-05-11T07:00:00.000000+0000,663.6,10.033333333333333,84.88333333333333,4.4,356,663,0.0
2023-05-11T08:00:00.000000+0000,663.6,10.1,89.14999999999999,3.7,355,698,0.0
2023-05-11T09:00:00.000000+0000,663.5,10.116666666666667,86.81666666666666,4.7,346,574,0.0
2023-05-11T10:00:00.000000+0000,663.0,8.933333333333334,96.5,5.8,6,497,0.0
2023-05-11T11:00:00.000000+0000,662.4,8.233333333333333,99.25,4.7,2,312,0.0
2023-05-11T12:00:00.000000+0000,661.9,7.383333333333334,99.3,4.5,23,144,0.0
2023-05-11T13:00:00.000000+0000,661.5,6.8999999999999995,99.3,4.7,23,27,18.9
2023-05-11T14:00:00.000000+0000,661.4,7.116666666666667,99.3,2.8,60,51,11.5
2023-05-11T15:00:00.000000+0000,661.6,6.949999999999999,99.3,3.4,39,17,0.2
2023-05-11T16:00:00.000000+0000,661.7,6.116666666666666,99.3,1.9,63,4,0.0
2023-05-11T17:00:00.000000+0000,662.1,4.933333333333333,97.48333333333333,1.3,114,0,0.0
2023-05-11T18:00:00.000000+0000,662.5,5.533333333333334,91.41666666666667,1.8,121,0,0.0
2023-05-11T19:00:00.000000+0000,662.7,4.666666666666667,89.86666666666666,1.4,117,0,0.0
2023-05-11T20:00:00.000000+0000,662.7,4.816666666666666,83.03333333333333,2.3,167,0,0.0
2023-05-11T21:00:00.000000+0000,662.6,4.266666666666667,76.08333333333333,2.1,148,0,0.0
2023-05-11T22:00:00.000000+0000,662.3,4.533333333333333,72.11666666666667,3.2,146,0,0.0
2023-05-11T23:00:00.000000+0000,662.0,4.016666666666667,67.28333333333335,3.9,132,0,0.0
2023-05-12T00:00:00.000000+0000,661.6,4.1,57.849999999999994,6.4,134,0,0.0
2023-05-12T01:00:00.000000+0000,661.5,3.8000000000000003,54.96666666666667,7.0,132,0,0.0
2023-05-12T02:00:00.000000+0000,661.6,4.3,54.11666666666667,6.1,136,0,0.0
2023-05-12T03:00:00.000000+0000,661.8,4.083333333333334,54.449999999999996,6.6,134,0,0.0
2023-05-12T04:00:00.000000+0000,662.3,8.366666666666667,43.5,6.7,139,38,0.0
2023-05-12T05:00:00.000000+0000,662.8,10.683333333333335,35.43333333333333,5.3,133,253,0.0
2023-05-12T06:00:00.000000+0000,663.4,12.299999999999999,38.833333333333336,5.1,118,483,0.0
2023-05-12T07:00:00.000000+0000,663.8,10.466666666666667,73.39999999999999,3.8,62,699,0.0
2023-05-12T08:00:00.000000+0000,664.1,9.183333333333334,82.83333333333333,3.5,353,669,0.0
2023-05-12T09:00:00.000000+0000,664.0,8.95,96.36666666666667,2.1,297,247,0.0
2023-05-12T10:00:00.000000+0000,663.7,10.149999999999999,90.5,3.5,319,250,0.0
2023-05-12T11:00:00.000000+0000,663.3,8.816666666666668,98.88333333333333,3.3,351,571,0.0
2023-05-12T12:00:00.000000+0000,662.8,9.133333333333333,97.63333333333334,3.0,331,241,0.0
2023-05-12T13:00:00.000000+0000,662.4,9.233333333333333,95.63333333333333,2.1,330,159,0.0
2023-05-12T14:00:00.000000+0000,662.3,7.916666666666667,99.3,4.0,352,204,0.0
2023-05-12T15:00:00.000000+0000,662.4,6.516666666666666,99.3,4.9,23,34,0.0
2023-05-12T16:00:00.000000+0000,662.6,5.483333333333333,93.0,2.2,156,11,0.0
2023-05-12T17:00:00.000000+0000,662.7,5.6499999999999995,85.06666666666666,2.0,202,0,0.0
2023-05-12T18:00:00.000000+0000,663.1,4.983333333333333,90.53333333333332,1.8,196,0,0.0
2023-05-12T19:00:00.000000+0000,663.3,3.783333333333333,80.33333333333334,2.6,153,0,0.0
2023-05-12T20:00:00.000000+0000,663.0,4.199999999999999,63.5,4.1,137,0,0.0
2023-05-12T21:00:00.000000+0000,662.7,4.033333333333333,55.13333333333333,6.8,131,0,0.0
2023-05-12T22:00:00.000000+0000,662.6,3.5500000000000003,59.25,6.2,132,0,0.0
2023-05-12T23:00:00.000000+0000,662.1,5.533333333333334,53.9,5.7,143,0,0.0
2023-05-13T00:00:00.000000+0000,661.8,3.9333333333333336,64.55,2.7,101,0,0.0
2023-05-13T01:00:00.000000+0000,661.9,4.316666666666666,64.03333333333333,4.1,153,0,0.0
2023-05-13T02:00:00.000000+0000,662.3,4.266666666666667,65.14999999999999,3.2,173,0,0.0
2023-05-13T03:00:00.000000+0000,663.0,4.516666666666667,65.14999999999999,2.7,200,0,0.0
2023-05-13T04:00:00.000000+0000,663.6,8.033333333333333,54.23333333333333,1.9,193,38,0.0
2023-05-13T05:00:00.000000+0000,664.1,9.283333333333333,56.31666666666666,0.8,239,250,0.0
2023-05-13T06:00:00.000000+0000,664.5,9.616666666666667,59.86666666666667,1.6,285,477,0.0
2023-05-13T07:00:00.000000+0000,664.9,9.916666666666666,64.58333333333333,3.5,314,483,0.0
2023-05-13T08:00:00.000000+0000,665.2,10.783333333333333,60.4,3.2,312,692,0.0
2023-05-13T09:00:00.000000+0000,665.1,11.416666666666666,55.48333333333334,4.0,342,700,0.0
2023-05-13T10:00:00.000000+0000,664.8,10.600000000000001,69.43333333333332,4.0,16,847,0.0
2023-05-13T11:00:00.000000+0000,664.3,9.7,82.4,4.1,336,487,0.0
2023-05-13T12:00:00.000000+0000,663.9,8.75,90.39999999999999,4.0,317,172,0.0
2023-05-13T13:00:00.000000+0000,663.4,8.5,89.73333333333335,2.4,350,89,0.0
2023-05-13T14:00:00.000000+0000,663.1,8.316666666666668,88.96666666666665,2.9,17,73,0.0
2023-05-13T15:00:00.000000+0000,663.4,7.6499999999999995,97.58333333333333,2.1,306,62,0.0
2023-05-13T16:00:00.000000+0000,663.6,6.416666666666667,99.28333333333335,2.5,255,13,0.0
2023-05-13T17:00:00.000000+0000,663.7,5.583333333333333,96.86666666666666,1.4,277,0,0.0
2023-05-13T18:00:00.000000+0000,663.9,5.216666666666667,95.43333333333334,1.3,104,0,0.0
2023-05-13T19:00:00.000000+0000,664.1,4.7333333333333325,98.16666666666667,1.0,74,0,0.0
2023-05-13T20:00:00.000000+0000,664.2,5.216666666666668,87.81666666666668,2.1,125,0,0.0
2023-05-13T21:00:00.000000+0000,663.9,4.666666666666667,93.53333333333335,0.9,180,0,0.0
2023-05-13T22:00:00.000000+0000,663.4,4.333333333333334,89.75,1.3,171,0,0.0
2023-05-13T23:00:00.000000+0000,662.8,4.233333333333333,85.41666666666669,0.8,173,0,0.0
2023-05-14T00:00:00.000000+0000,662.4,4.233333333333333,83.58333333333333,1.6,176,0,0.0
2023-05-14T01:00:00.000000+0000,662.5,4.916666666666667,83.28333333333335,1.4,196,0,0.0
2023-05-14T02:00:00.000000+0000,662.7,4.083333333333333,83.86666666666666,1.4,238,0,0.0
2023-05-14T03:00:00.000000+0000,662.9,3.983333333333333,85.31666666666666,1.1,131,0,0.0
2023-05-14T04:00:00.000000+0000,663.3,6.816666666666666,88.16666666666667,1.0,144,33,0.0
2023-05-14T05:00:00.000000+0000,663.9,8.25,83.26666666666667,0.6,202,233,0.0
2023-05-14T06:00:00.000000+0000,664.3,8.133333333333333,90.98333333333335,1.4,331,328,0.0
2023-05-14T07:00:00.000000+0000,664.6,8.266666666666667,99.21666666666665,2.0,319,279,0.0
2023-05-14T08:00:00.000000+0000,664.8,8.066666666666666,99.3,2.6,328,202,0.0
2023-05-14T09:00:00.000000+0000,664.7,9.05,97.26666666666667,2.7,340,255,0.0
2023-05-14T10:00:00.000000+0000,664.2,9.016666666666667,99.13333333333333,4.4,360,271,0.0
2023-05-14T11:00:00.000000+0000,663.8,9.799999999999999,94.56666666666668,3.9,3,225,0.0
2023-05-14T12:00:00.000000+0000,663.1,10.299999999999999,90.98333333333335,3.8,20,407,0.0
2023-05-14T13:00:00.000000+0000,662.6,9.116666666666667,98.81666666666666,4.8,13,439,0.0
2023-05-14T14:00:00.000000+0000,662.7,7.766666666666667,99.3,2.5,7,190,0.0
2023-05-14T15:00:00.000000+0000,663.0,7.733333333333334,97.25,1.8,326,36,0.0
2023-05-14T16:00:00.000000+0000,663.1,6.533333333333334,98.06666666666666,1.7,204,31,0.0
2023-05-14T17:00:00.000000+0000,663.6,6.633333333333333,96.93333333333334,2.5,234,0,0.0
2023-05-14T18:00:00.000000+0000,664.1,5.183333333333333,95.85000000000001,1.9,253,0,0.0
2023-05-14T19:00:00.000000+0000,664.2,5.616666666666666,79.85,2.4,193,0,0.0
2023-05-14T20:00:00.000000+0000,664.2,5.466666666666668,84.03333333333333,3.9,207,0,0.0
2023-05-14T21:00:00.000000+0000,664.1,5.966666666666666,92.85000000000001,2.3,218,0,0.0
2023-05-14T22:00:00.000000+0000,663.6,4.849999999999999,93.35000000000001,2.5,220,0,0.0
2023-05-14T23:00:00.000000+0000,663.1,5.166666666666667,88.96666666666665,2.4,185,0,0.0
2023-05-15T00:00:00.000000+0000,662.7,5.566666666666666,92.95,1.2,180,0,0.0
2023-05-15T01:00:00.000000+0000,662.6,6.25,87.86666666666667,2.1,137,0,0.0
2023-05-15T02:00:00.000000+0000,662.8,4.983333333333333,80.36666666666666,2.9,125,0,0.0
2023-05-15T03:00:00.000000+0000,663.1,4.566666666666666,78.35000000000001,1.0,135,0,0.0
2023-05-15T04:00:00.000000+0000,663.4,8.333333333333334,64.10000000000001,1.4,132,37,0.0
2023-05-15T05:00:00.000000+0000,663.8,10.666666666666666,51.01666666666666,1.6,77,230,0.0
2023-05-15T06:00:00.000000+0000,664.3,10.016666666666667,60.949999999999996,3.4,14,487,0.0
2023-05-15T07:00:00.000000+0000,664.5,10.333333333333334,67.18333333333334,4.0,19,343,0.0
2023-05-15T08:00:00.000000+0000,664.5,11.7,67.8,3.6,15,431,0.0
2023-05-16T11:00:00.000000+0000,,10.05,98.2,,,,
2023-05-16T12:00:00.000000+0000,662.7,9.366666666666667,98.81666666666668,4.7,2,222,
2023-05-16T13:00:00.000000+0000,662.4,8.416666666666666,99.28333333333335,4.7,22,154,0.0
2023-05-16T14:00:00.000000+0000,662.3,8.4,96.08333333333333,5.6,307,58,0.1
2023-05-16T15:00:00.000000+0000,662.5,7.949999999999999,98.30000000000001,2.0,295,76,0.0
2023-05-16T16:00:00.000000+0000,662.5,7.6000000000000005,92.83333333333333,3.0,72,4,0.0
2023-05-16T17:00:00.000000+0000,662.8,6.733333333333333,96.05,1.4,72,0,0.0
2023-05-16T18:00:00.000000+0000,663.0,6.416666666666667,90.41666666666667,1.9,169,0,0.0
2023-05-16T19:00:00.000000+0000,663.2,5.016666666666667,93.63333333333333,1.4,143,0,0.0
2023-05-16T20:00:00.000000+0000,663.1,4.95,82.96666666666665,1.8,119,0,0.0
2023-05-16T21:00:00.000000+0000,662.8,5.716666666666666,71.83333333333333,1.7,125,0,0.0
2023-05-16T22:00:00.000000+0000,662.6,4.716666666666668,78.83333333333333,1.2,342,0,0.0
2023-05-16T23:00:00.000000+0000,662.2,5.316666666666666,78.38333333333334,2.5,139,0,0.0
2023-05-17T00:00:00.000000+0000,661.7,5.316666666666667,81.39999999999999,2.5,113,0,0.0
2023-05-17T01:00:00.000000+0000,661.4,5.6499999999999995,77.43333333333334,3.9,116,0,0.0
2023-05-17T02:00:00.000000+0000,661.5,5.6499999999999995,78.60000000000001,4.4,111,0,0.0
2023-05-17T03:00:00.000000+0000,662.0,5.616666666666667,77.1,4.6,113,0,0.0
2023-05-17T04:00:00.000000+0000,662.5,8.933333333333334,64.65,4.6,124,38,0.0
2023-05-17T05:00:00.000000+0000,663.1,10.866666666666667,57.41666666666668,4.3,100,247,0.0
2023-05-17T06:00:00.000000+0000,663.5,11.066666666666668,66.01666666666667,4.5,78,467,0.0
2023-05-17T07:00:00.000000+0000,663.9,9.75,83.86666666666666,6.5,35,573,0.0
2023-05-17T08:00:00.000000+0000,664.0,10.833333333333334,84.98333333333333,5.0,37,247,0.0
2023-05-17T09:00:00.000000+0000,663.9,10.733333333333333,83.93333333333334,5.5,23,729,0.0
2023-05-17T10:00:00.000000+0000,663.5,9.8,93.60000000000001,6.6,19,550,0.0
2023-05-17T11:00:00.000000+0000,663.1,9.333333333333334,94.25000000000001,5.3,11,248,0.0
2023-05-17T12:00:00.000000+0000,662.6,9.233333333333334,93.53333333333332,4.2,11,199,0.0
2023-05-17T13:00:00.000000+0000,662.3,9.183333333333332,87.91666666666667,4.2,14,206,0.0
2023-05-17T14:00:00.000000+0000,662.1,9.166666666666666,93.46666666666665,3.0,54,151,0.0
2023-05-17T15:00:00.000000+0000,662.2,7.833333333333333,99.23333333333333,3.3,30,95,0.0
2023-05-17T16:00:00.000000+0000,662.4,6.066666666666666,86.43333333333332,3.3,56,9,0.0
2023-05-17T17:00:00.000000+0000,662.5,5.066666666666667,75.14999999999999,5.4,117,0,0.0
2023-05-17T18:00:00.000000+0000,662.8,4.683333333333334,79.7,5.4,127,0,0.0
2023-05-17T19:00:00.000000+0000,663.1,4.516666666666667,80.08333333333333,4.2,131,0,0.0
2023-05-17T20:00:00.000000+0000,663.1,4.583333333333334,75.63333333333333,3.9,122,0,0.0
2023-05-17T21:00:00.000000+0000,663.0,4.633333333333333,72.2,3.7,124,0,0.0
2023-05-17T22:00:00.000000+0000,662.8,4.216666666666667,70.56666666666666,3.6,117,0,0.0
2023-05-17T23:00:00.000000+0000,662.2,4.183333333333334,65.46666666666667,5.0,128,0,0.0
2023-05-18T00:00:00.000000+0000,661.6,3.8666666666666667,63.333333333333336,3.6,129,0,0.0
2023-05-18T01:00:00.000000+0000,661.5,3.516666666666667,61.349999999999994,1.6,141,0,0.0
2023-05-18T02:00:00.000000+0000,661.4,4.05,64.98333333333333,4.0,129,0,0.0
2023-05-18T03:00:00.000000+0000,661.8,4.233333333333333,77.10000000000001,2.3,137,0,0.0
2023-05-18T04:00:00.000000+0000,662.2,8.566666666666666,53.51666666666667,1.9,137,34,0.0
2023-05-18T05:00:00.000000+0000,662.9,10.199999999999998,59.199999999999996,1.3,129,234,0.0
2023-05-18T06:00:00.000000+0000,663.5,9.5,82.76666666666667,2.9,343,466,0.0
2023-05-18T07:00:00.000000+0000,664.1,8.983333333333333,92.59999999999998,2.1,308,629,0.0
2023-05-18T08:00:00.000000+0000,664.3,9.566666666666665,94.31666666666668,3.3,295,353,0.0
2023-05-18T09:00:00.000000+0000,664.1,8.666666666666666,99.25,4.0,302,289,0.0
2023-05-18T10:00:00.000000+0000,663.7,7.983333333333333,99.3,2.9,329,149,1.8
2023-05-18T11:00:00.000000+0000,663.2,7.599999999999999,99.28333333333335,1.3,40,151,13.6
2023-05-18T12:00:00.000000+0000,662.6,7.45,90.43333333333334,2.0,227,141,3.4
2023-05-18T13:00:00.000000+0000,662.4,7.733333333333333,92.16666666666667,4.4,173,135,1.0
2023-05-18T14:00:00.000000+0000,662.4,7.216666666666666,96.53333333333335,2.5,324,139,0.0
2023-05-18T15:00:00.000000+0000,662.2,6.45,93.91666666666667,1.8,228,105,0.0
2023-05-18T16:00:00.000000+0000,662.2,5.116666666666667,93.26666666666667,1.4,180,11,0.0
2023-05-18T17:00:00.000000+0000,662.3,5.199999999999999,83.21666666666665,2.1,159,0,0.0
2023-05-18T18:00:00.000000+0000,662.8,4.516666666666667,86.95,1.7,233,0,0.0
2023-05-18T19:00:00.000000+0000,663.1,4.833333333333333,62.78333333333333,1.3,149,0,0.0
2023-05-18T20:00:00.000000+0000,663.2,4.983333333333333,62.78333333333334,1.7,184,0,0.0
2023-05-18T21:00:00.000000+0000,663.1,4.616666666666667,64.89999999999999,1.4,95,0,0.0
2023-05-18T22:00:00.000000+0000,662.7,5.1000000000000005,56.583333333333336,1.8,100,0,0.0
2023-05-18T23:00:00.000000+0000,662.4,5.3,52.63333333333333,1.7,194,0,0.0
2023-05-19T00:00:00.000000+0000,662.1,4.916666666666667,57.01666666666667,2.1,201,0,0.0
2023-05-19T01:00:00.000000+0000,661.8,5.033333333333333,62.033333333333324,1.4,180,0,0.0
2023-05-19T02:00:00.000000+0000,661.9,3.516666666666666,73.09999999999998,0.7,162,0,0.0
2023-05-19T03:00:00.000000+0000,662.2,3.6999999999999997,70.93333333333334,1.6,117,0,0.0
2023-05-19T04:00:00.000000+0000,662.5,7.3500000000000005,67.61666666666667,1.9,164,37,0.0
2023-05-19T05:00:00.000000+0000,663.2,9.633333333333335,62.03333333333333,0.9,117,246,0.0
2023-05-19T06:00:00.000000+0000,663.8,10.266666666666667,73.18333333333334,2.0,353,474,0.0
2023-05-19T07:00:00.000000+0000,664.2,9.433333333333334,91.33333333333333,2.5,342,684,0.0
2023-05-19T08:00:00.000000+0000,664.2,9.1,99.18333333333334,3.1,314,293,0.0
2023-05-19T09:00:00.000000+0000,664.0,9.233333333333333,99.25,2.9,304,252,0.0
2023-05-19T10:00:00.000000+0000,663.6,9.049999999999999,99.10000000000001,2.4,330,346,0.0
2023-05-19T11:00:00.000000+0000,662.9,8.216666666666667,99.3,3.3,296,235,0.0
2023-05-19T12:00:00.000000+0000,662.4,9.016666666666667,94.53333333333335,2.5,289,152,0.0
2023-05-19T13:00:00.000000+0000,662.1,10.433333333333334,91.66666666666667,3.5,293,378,0.0
2023-05-19T14:00:00.000000+0000,662.1,8.583333333333334,97.83333333333333,5.0,306,282,0.0
2023-05-19T15:00:00.000000+0000,662.2,7.416666666666668,99.3,4.0,289,115,0.0
2023-05-19T16:00:00.000000+0000,662.1,5.883333333333333,75.38333333333333,2.9,280,8,0.0
2023-05-19T17:00:00.000000+0000,662.3,4.783333333333334,89.31666666666666,3.9,243,0,0.0
2023-05-19T18:00:00.000000+0000,662.8,4.483333333333333,62.11666666666665,3.6,234,0,0.0
2023-05-19T19:00:00.000000+0000,663.0,5.1499999999999995,57.583333333333336,3.7,235,0,0.0
2023-05-19T20:00:00.000000+0000,663.2,4.866666666666666,64.16666666666667,3.5,227,0,0.0
2023-05-19T21:00:00.000000+0000,662.9,4.1,58.333333333333336,3.1,213,0,0.0
2023-05-19T22:00:00.000000+0000,662.4,3.983333333333333,48.800000000000004,1.7,180,0,0.0
2023-05-19T23:00:00.000000+0000,662.0,4.116666666666667,37.56666666666666,1.9,125,0,0.0
2023-05-20T00:00:00.000000+0000,661.5,4.816666666666666,44.18333333333334,2.0,165,0,0.0
2023-05-20T01:00:00.000000+0000,661.5,4.8500000000000005,50.0,1.6,209,0,0.0
2023-05-20T02:00:00.000000+0000,661.7,4.216666666666666,50.78333333333333,1.6,208,0,0.0
2023-05-20T03:00:00.000000+0000,661.9,3.816666666666667,56.48333333333334,0.6,243,0,0.0
2023-05-20T04:00:00.000000+0000,662.2,6.849999999999999,50.73333333333334,2.4,199,32,0.0
2023-05-20T05:00:00.000000+0000,662.7,9.233333333333333,40.23333333333333,1.5,188,229,0.0
2023-05-20T06:00:00.000000+0000,663.5,9.833333333333334,43.43333333333334,2.4,308,474,0.0
2023-05-20T07:00:00.000000+0000,663.9,10.716666666666667,55.54999999999999,2.1,294,684,0.0
2023-05-20T08:00:00.000000+0000,664.0,11.25,65.85000000000001,2.9,297,851,0.0
2023-05-20T09:00:00.000000+0000,664.0,9.950000000000001,88.85000000000001,4.4,322,693,0.0
2023-05-20T10:00:00.000000+0000,663.6,9.283333333333333,97.61666666666667,3.6,290,525,0.0
2023-05-20T11:00:00.000000+0000,663.1,9.033333333333331,99.10000000000001,3.2,302,240,0.0
2023-05-20T12:00:00.000000+0000,662.5,7.1000000000000005,99.3,2.7,309,204,0.1
2023-05-20T13:00:00.000000+0000,662.2,7.4333333333333345,99.3,2.2,246,51,10.5
2023-05-20T14:00:00.000000+0000,662.1,7.966666666666666,99.23333333333333,3.0,,,
2023-05-20T15:00:00.000000+0000,662.3,7.383333333333334,99.21666666666668,2.6,257,51,0.0
2023-05-20T16:00:00.000000+0000,662.4,5.316666666666667,72.41666666666667,3.7,216,18,0.0
2023-05-20T17:00:00.000000+0000,662.7,4.8500000000000005,59.28333333333333,5.7,216,0,0.0
2023-05-20T18:00:00.000000+0000,662.8,5.55,72.48333333333333,5.8,212,0,0.0
2023-05-20T19:00:00.000000+0000,663.0,5.233333333333333,82.51666666666667,5.3,214,0,0.0
2023-05-20T20:00:00.000000+0000,662.9,5.116666666666667,77.23333333333333,4.4,217,0,0.0
2023-05-20T21:00:00.000000+0000,662.6,5.466666666666668,61.833333333333336,3.4,236,0,0.0
2023-05-20T22:00:00.000000+0000,662.3,4.966666666666666,55.800000000000004,2.4,223,0,0.0
2023-05-20T23:00:00.000000+0000,661.8,4.883333333333334,53.48333333333333,3.2,228,0,0.0
2023-05-21T00:00:00.000000+0000,661.4,4.633333333333334,61.04999999999999,1.8,231,0,0.0
2023-05-21T01:00:00.000000+0000,661.2,4.6499999999999995,30.650000000000002,1.1,202,0,0.0
2023-05-21T02:00:00.000000+0000,661.1,6.133333333333333,32.21666666666667,3.8,177,0,0.0
2023-05-21T03:00:00.000000+0000,661.5,4.133333333333334,37.733333333333334,2.0,210,0,0.0
2023-05-21T04:00:00.000000+0000,661.8,9.35,28.666666666666668,1.1,180,38,0.0
2023-05-21T05:00:00.000000+0000,662.3,9.75,41.9,0.8,11,245,0.0
2023-05-21T06:00:00.000000+0000,662.7,9.500000000000002,72.93333333333332,1.9,313,474,0.0
2023-05-21T07:00:00.000000+0000,663.3,10.333333333333334,81.78333333333332,2.4,312,642,0.0
2023-05-21T08:00:00.000000+0000,663.5,9.866666666666667,95.8,3.9,305,731,0.0
2023-05-21T09:00:00.000000+0000,663.5,9.9,97.78333333333335,3.7,306,346,0.0
2023-05-21T10:00:00.000000+0000,663.0,8.799999999999999,99.26666666666667,4.0,322,424,0.0
2023-05-21T11:00:00.000000+0000,662.4,7.383333333333332,99.3,4.6,292,81,0.3
2023-05-21T12:00:00.000000+0000,661.9,7.683333333333334,97.93333333333334,3.0,57,54,0.0
2023-05-21T13:00:00.000000+0000,661.6,8.266666666666666,93.38333333333333,2.6,246,144,0.0
2023-05-21T14:00:00.000000+0000,661.8,8.3,95.78333333333335,2.3,286,109,0.0
2023-05-21T15:00:00.000000+0000,661.8,7.6000000000000005,92.73333333333333,2.3,287,162,0.0
2023-05-21T16:00:00.000000+0000,661.9,5.783333333333334,90.3,2.1,218,28,0.0
2023-05-21T17:00:00.000000+0000,662.1,5.5,94.73333333333333,2.2,229,0,0.0
2023-05-21T18:00:00.000000+0000,662.4,5.483333333333333,94.8,3.1,214,0,0.0
2023-05-21T19:00:00.000000+0000,662.8,5.216666666666666,89.66666666666667,3.7,206,0,0.0
2023-05-21T20:00:00.000000+0000,662.8,4.816666666666667,90.21666666666665,2.1,233,0,0.0
2023-05-21T21:00:00.000000+0000,662.6,3.8666666666666667,94.88333333333333,2.1,208,0,0.0
2023-05-21T22:00:00.000000+0000,662.3,4.666666666666666,94.8,1.3,188,0,0.0
2023-05-21T23:00:00.000000+0000,661.9,3.9999999999999996,88.63333333333333,1.5,219,0,0.0
2023-05-22T00:00:00.000000+0000,661.4,4.183333333333333,54.800000000000004,2.7,139,0,0.0
2023-05-22T01:00:00.000000+0000,661.1,3.5333333333333337,54.633333333333326,4.2,114,0,0.0
2023-05-22T02:00:00.000000+0000,661.1,5.0,41.949999999999996,4.0,120,0,0.0
2023-05-22T03:00:00.000000+0000,661.4,5.466666666666668,34.300000000000004,6.0,113,0,0.0
2023-05-22T04:00:00.000000+0000,661.6,9.083333333333334,26.333333333333332,6.7,113,37,0.0
2023-05-22T05:00:00.000000+0000,662.2,11.033333333333331,27.866666666666664,6.2,103,246,0.0
2023-05-22T06:00:00.000000+0000,662.8,11.366666666666667,50.45000000000001,6.6,78,474,0.0
2023-05-22T07:00:00.000000+0000,663.3,11.283333333333333,70.71666666666668,5.5,30,685,0.0
2023-05-22T08:00:00.000000+0000,663.5,12.700000000000001,43.1,5.8,19,856,0.0
2023-05-22T09:00:00.000000+0000,663.3,13.049999999999999,51.583333333333336,6.9,31,964,0.0
2023-05-22T10:00:00.000000+0000,663.1,12.316666666666668,66.91666666666667,5.9,8,1001,0.0
2023-05-22T11:00:00.000000+0000,662.7,12.883333333333331,67.11666666666666,6.5,2,873,0.0
2023-05-22T12:00:00.000000+0000,662.2,12.283333333333331,60.18333333333333,6.8,360,875,0.0
2023-05-22T13:00:00.000000+0000,661.9,10.333333333333336,79.38333333333334,4.9,9,598,0.0
2023-05-22T14:00:00.000000+0000,661.9,8.216666666666667,99.05,4.0,360,244,0.0
2023-05-22T15:00:00.000000+0000,661.8,7.216666666666666,98.16666666666667,3.0,20,22,0.3
2023-05-22T16:00:00.000000+0000,662.0,6.983333333333333,99.01666666666667,2.0,72,5,0.0
2023-05-22T17:00:00.000000+0000,662.1,6.1000000000000005,89.53333333333335,1.3,138,0,0.0
2023-05-22T18:00:00.000000+0000,662.4,6.366666666666667,97.11666666666667,2.1,210,0,0.0
2023-05-22T19:00:00.000000+0000,662.9,5.5,96.71666666666665,2.4,260,0,0.0
2023-05-22T20:00:00.000000+0000,662.9,4.966666666666668,60.583333333333336,1.9,202,0,0.0
2023-05-22T21:00:00.000000+0000,662.8,5.183333333333333,72.58333333333333,1.5,153,0,0.0
2023-05-22T22:00:00.000000+0000,662.7,4.633333333333334,65.93333333333334,2.0,184,0,0.0
2023-05-22T23:00:00.000000+0000,662.2,4.8,68.51666666666665,2.8,178,0,0.0
2023-05-23T00:00:00.000000+0000,661.8,3.9166666666666665,79.28333333333333,1.6,151,0,0.0
2023-05-23T01:00:00.000000+0000,661.6,3.4333333333333336,78.33333333333333,2.2,135,0,0.0
2023-05-23T02:00:00.000000+0000,661.6,3.85,70.08333333333333,2.0,145,0,0.0
2023-05-23T03:00:00.000000+0000,661.7,4.116666666666666,63.083333333333336,2.6,121,0,0.0
2023-05-23T04:00:00.000000+0000,662.0,8.333333333333334,60.300000000000004,1.9,133,33,0.0
2023-05-23T05:00:00.000000+0000,662.5,10.383333333333333,58.48333333333333,2.1,86,239,0.0
2023-05-23T06:00:00.000000+0000,663.1,9.983333333333333,77.03333333333333,3.7,50,454,0.0
2023-05-23T07:00:00.000000+0000,663.5,9.75,88.71666666666665,3.0,313,558,0.0
2023-05-23T08:00:00.000000+0000,663.5,9.633333333333333,91.11666666666667,4.4,3,558,0.0
2023-05-23T09:00:00.000000+0000,663.5,8.05,99.23333333333333,6.0,21,395,0.1
2023-05-23T10:00:00.000000+0000,663.3,7.2,99.28333333333335,2.4,31,184,7.5
2023-05-23T11:00:00.000000+0000,662.8,6.633333333333334,99.14999999999999,2.3,261,187,4.0
2023-05-23T12:00:00.000000+0000,662.5,7.533333333333334,93.74999999999999,2.2,249,121,3.1
2023-05-23T13:00:00.000000+0000,662.0,8.816666666666666,84.26666666666667,1.9,108,220,0.0
2023-05-23T14:00:00.000000+0000,661.8,9.183333333333332,82.33333333333333,2.3,288,418,0.0
2023-05-23T15:00:00.000000+0000,661.8,7.016666666666667,99.3,2.6,312,212,0.0
2023-05-23T16:00:00.000000+0000,662.0,6.0,99.18333333333334,1.5,304,8,0.0
2023-05-23T17:00:00.000000+0000,662.1,5.466666666666666,95.03333333333335,1.8,140,0,0.0
2023-05-23T18:00:00.000000+0000,662.4,4.8999999999999995,95.61666666666667,1.8,205,0,0.0
2023-05-23T19:00:00.000000+0000,662.8,4.999999999999999,91.44999999999999,2.7,193,0,0.0
2023-05-23T20:00:00.000000+0000,662.9,5.266666666666667,92.83333333333336,1.5,204,0,0.0
2023-05-23T21:00:00.000000+0000,662.9,5.6000000000000005,83.03333333333335,2.2,150,0,0.0
2023-05-23T22:00:00.000000+0000,662.5,5.133333333333333,76.8,3.5,129,0,0.0
2023-05-23T23:00:00.000000+0000,662.1,4.533333333333332,77.41666666666667,1.7,135,0,0.0
2023-05-24T00:00:00.000000+0000,661.8,4.45,75.15,2.3,144,0,0.0
2023-05-24T01:00:00.000000+0000,661.8,4.166666666666667,77.25,2.6,108,0,0.0
2023-05-24T02:00:00.000000+0000,661.9,3.75,83.18333333333332,1.4,107,0,0.0
2023-05-24T03:00:00.000000+0000,662.0,4.133333333333333,78.31666666666666,1.3,153,0,0.0
2023-05-24T04:00:00.000000+0000,662.2,7.25,69.78333333333333,0.9,146,36,0.0
2023-05-24T05:00:00.000000+0000,662.5,9.033333333333333,66.51666666666665,0.9,90,241,0.0
2023-05-24T06:00:00.000000+0000,663.0,9.866666666666667,73.98333333333333,2.0,354,469,0.0
2023-05-24T07:00:00.000000+0000,663.5,10.4,74.43333333333334,3.0,339,692,0.0
2023-05-24T08:00:00.000000+0000,663.5,9.166666666666668,89.78333333333335,4.4,12,638,0.0
2023-05-24T09:00:00.000000+0000,663.5,9.700000000000001,91.5,4.0,342,257,0.0
2023-05-24T10:00:00.000000+0000,663.3,8.216666666666667,99.28333333333335,5.8,1,291,0.0
2023-05-24T11:00:00.000000+0000,662.9,6.45,99.3,3.6,324,68,5.4
2023-05-24T12:00:00.000000+0000,662.6,6.166666666666667,98.75,2.4,348,35,7.5
2023-05-24T13:00:00.000000+0000,662.1,8.333333333333334,87.78333333333335,2.6,206,219,1.9
2023-05-24T14:00:00.000000+0000,662.0,7.716666666666666,97.14999999999999,2.2,305,223,0.0
2023-05-24T15:00:00.000000+0000,662.0,6.766666666666667,96.5,2.3,265,136,0.0
2023-05-24T16:00:00.000000+0000,662.0,6.366666666666667,89.56666666666666,1.9,174,8,0.0
2023-05-24T17:00:00.000000+0000,662.2,5.75,89.48333333333333,1.8,184,0,0.0
2023-05-24T18:00:00.000000+0000,662.4,4.816666666666667,90.25,1.8,239,0,0.0
2023-05-24T19:00:00.000000+0000,662.7,5.083333333333333,81.18333333333334,3.5,207,0,0.0
2023-05-24T20:00:00.000000+0000,663.0,4.916666666666667,82.16666666666667,3.1,225,0,0.0
2023-05-24T21:00:00.000000+0000,662.8,4.816666666666666,75.38333333333334,2.6,219,0,0.0
2023-05-24T22:00:00.000000+0000,662.4,4.583333333333334,81.0,1.8,223,0,0.0
2023-05-24T23:00:00.000000+0000,662.0,4.833333333333333,79.11666666666666,1.4,207,0,0.0
2023-05-25T00:00:00.000000+0000,661.5,4.55,75.25,1.5,190,0,0.0
2023-05-25T01:00:00.000000+0000,661.3,4.3,76.23333333333333,1.5,105,0,0.0
2023-05-25T02:00:00.000000+0000,661.4,3.983333333333334,81.56666666666668,2.5,119,0,0.0
2023-05-25T03:00:00.000000+0000,661.5,4.650000000000001,77.53333333333335,1.9,122,0,0.0
2023-05-25T04:00:00.000000+0000,662.0,7.516666666666667,66.85,1.4,121,35,0.0
2023-05-25T05:00:00.000000+0000,662.5,10.783333333333333,57.199999999999996,2.3,118,243,0.0
2023-05-25T06:00:00.000000+0000,663.0,10.6,73.78333333333333,2.5,25,470,0.0
2023-05-25T07:00:00.000000+0000,663.3,10.916666666666666,81.10000000000001,2.9,345,652,0.0
2023-05-25T08:00:00.000000+0000,663.3,10.516666666666667,85.91666666666667,3.5,352,636,0.0
2023-05-25T09:00:00.000000+0000,663.2,9.866666666666667,93.81666666666668,3.8,346,695,0.0
2023-05-25T10:00:00.000000+0000,662.8,8.399999999999999,99.3,5.2,348,268,0.0
2023-05-25T11:00:00.000000+0000,662.5,8.583333333333334,99.3,3.2,321,211,0.0
2023-05-25T12:00:00.000000+0000,662.1,8.366666666666665,99.28333333333335,3.2,312,294,0.1
2023-05-25T13:00:00.000000+0000,661.6,8.233333333333333,98.96666666666665,2.8,294,240,0.0
2023-05-25T14:00:00.000000+0000,661.7,7.766666666666667,99.3,2.0,267,108,0.0
2023-05-25T15:00:00.000000+0000,661.9,6.616666666666667,99.21666666666668,2.5,267,45,0.0
2023-05-25T16:00:00.000000+0000,661.9,5.616666666666667,95.75,1.6,157,9,0.0
2023-05-25T17:00:00.000000+0000,661.9,5.999999999999999,99.21666666666665,0.7,153,0,0.0
2023-05-25T18:00:00.000000+0000,662.3,6.733333333333333,96.51666666666667,1.3,198,0,0.0
2023-05-25T19:00:00.000000+0000,662.6,6.083333333333333,99.28333333333335,1.2,225,0,0.0
2023-05-25T20:00:00.000000+0000,662.6,5.016666666666667,87.56666666666668,2.0,218,0,0.0
2023-05-25T21:00:00.000000+0000,662.3,5.116666666666666,72.5,3.1,211,0,0.0
2023-05-25T22:00:00.000000+0000,661.8,5.716666666666668,64.85,2.2,159,0,0.0
2023-05-25T23:00:00.000000+0000,661.4,5.1000000000000005,62.833333333333336,1.8,141,0,0.0
2023-05-26T00:00:00.000000+0000,661.1,3.9666666666666663,69.85000000000001,1.9,130,0,0.0
2023-05-26T01:00:00.000000+0000,660.9,5.1499999999999995,65.13333333333334,2.2,139,0,0.0
2023-05-26T02:00:00.000000+0000,660.8,5.216666666666667,65.08333333333333,1.8,126,0,0.0
2023-05-26T03:00:00.000000+0000,661.2,5.433333333333334,64.9,2.7,117,0,0.0
2023-05-26T04:00:00.000000+0000,661.3,7.899999999999999,61.65,4.7,118,32,0.0
2023-05-26T05:00:00.000000+0000,662.0,10.200000000000001,53.93333333333333,3.6,82,221,0.0
2023-05-26T06:00:00.000000+0000,662.4,11.5,50.26666666666667,4.7,59,457,0.0
2023-05-26T07:00:00.000000+0000,662.6,8.666666666666668,99.3,5.3,51,650,0.0
2023-05-26T08:00:00.000000+0000,662.9,11.533333333333333,80.88333333333334,4.0,336,571,0.0
2023-05-26T09:00:00.000000+0000,662.6,10.966666666666669,82.35,8.3,27,954,0.0
2023-05-26T10:00:00.000000+0000,662.2,10.233333333333333,88.46666666666668,7.1,20,913,0.0
2023-05-26T11:00:00.000000+0000,661.9,8.466666666666667,98.75,6.2,5,445,0.0
2023-05-26T12:00:00.000000+0000,661.7,8.75,97.53333333333332,5.0,6,198,0.0
2023-05-26T13:00:00.000000+0000,661.6,8.366666666666665,98.30000000000001,5.4,8,242,0.0
2023-05-26T14:00:00.000000+0000,661.7,7.566666666666667,99.3,4.5,20,179,0.0
2023-05-26T15:00:00.000000+0000,661.7,6.233333333333333,99.0,3.3,30,72,0.0
2023-05-26T16:00:00.000000+0000,661.8,4.466666666666667,93.80000000000001,2.3,63,3,0.0
2023-05-26T17:00:00.000000+0000,661.9,4.583333333333333,81.16666666666667,3.0,117,0,0.0
2023-05-26T18:00:00.000000+0000,662.0,4.183333333333334,82.13333333333333,1.9,126,0,0.0
2023-05-26T19:00:00.000000+0000,662.2,4.866666666666667,79.5,1.3,173,0,0.0
2023-05-26T20:00:00.000000+0000,662.1,4.066666666666666,89.5,1.9,220,0,0.0
2023-05-26T21:00:00.000000+0000,661.8,4.3500000000000005,80.0,2.3,142,0,0.0
2023-05-26T22:00:00.000000+0000,661.5,4.683333333333334,78.66666666666667,2.4,111,0,0.0
2023-05-26T23:00:00.000000+0000,660.9,5.3,73.85000000000001,5.0,133,0,0.0
2023-05-27T00:00:00.000000+0000,660.2,5.866666666666666,68.96666666666665,7.1,130,0,0.0
2023-05-27T01:00:00.000000+0000,659.9,6.6499999999999995,65.28333333333333,7.0,135,0,0.0
2023-05-27T02:00:00.000000+0000,660.1,4.866666666666667,72.5,4.9,142,0,0.0
2023-05-27T03:00:00.000000+0000,660.6,6.5,61.849999999999994,4.1,103,0,0.0
2023-05-27T04:00:00.000000+0000,660.7,9.833333333333332,46.28333333333334,7.1,129,36,0.0
2023-05-27T05:00:00.000000+0000,661.2,8.533333333333333,67.01666666666667,3.9,132,258,0.0
2023-05-27T06:00:00.000000+0000,661.8,8.833333333333334,79.95,2.2,360,466,0.0
2023-05-27T07:00:00.000000+0000,662.3,8.983333333333334,88.94999999999999,2.6,332,582,0.0
2023-05-27T08:00:00.000000+0000,662.5,11.5,71.71666666666667,2.5,327,733,0.0
2023-05-27T09:00:00.000000+0000,662.3,9.816666666666666,88.78333333333335,3.0,49,891,0.0
2023-05-27T10:00:00.000000+0000,661.9,8.433333333333332,98.76666666666667,2.7,326,508,0.0
2023-05-27T11:00:00.000000+0000,661.8,8.95,96.06666666666666,4.0,315,293,0.0
2023-05-27T12:00:00.000000+0000,661.5,9.416666666666666,92.58333333333333,4.7,352,346,0.0
2023-05-27T13:00:00.000000+0000,661.3,8.133333333333335,99.26666666666667,4.3,357,368,0.0
2023-05-27T14:00:00.000000+0000,661.4,7.650000000000001,99.14999999999999,3.7,2,147,0.0
2023-05-27T15:00:00.000000+0000,661.5,6.583333333333333,72.51666666666667,2.2,45,73,0.0
2023-05-27T16:00:00.000000+0000,661.5,5.966666666666666,68.65,5.2,151,14,0.0
2023-05-27T17:00:00.000000+0000,661.6,6.3,70.78333333333335,4.5,161,0,0.0
2023-05-27T18:00:00.000000+0000,661.7,5.2,95.11666666666667,3.9,163,0,0.0
2023-05-27T19:00:00.000000+0000,661.9,4.533333333333332,99.3,2.6,232,0,0.0
2023-05-27T20:00:00.000000+0000,661.7,5.05,97.0,1.8,237,0,0.0
2023-05-27T21:00:00.000000+0000,661.5,5.8999999999999995,75.95,1.3,275,0,0.0
2023-05-27T22:00:00.000000+0000,661.1,5.966666666666666,79.89999999999999,3.8,145,0,0.0
2023-05-27T23:00:00.000000+0000,660.8,6.683333333333333,70.7,5.4,146,0,0.0
2023-05-28T00:00:00.000000+0000,660.1,7.050000000000001,66.8,7.4,138,0,0.0
2023-05-28T01:00:00.000000+0000,659.8,6.816666666666667,67.16666666666667,7.8,132,0,0.0
2023-05-28T02:00:00.000000+0000,660.0,6.666666666666667,58.900000000000006,9.2,137,0,0.0
2023-05-28T03:00:00.000000+0000,660.5,6.916666666666665,46.71666666666667,10.4,140,0,0.0
2023-05-28T04:00:00.000000+0000,660.8,8.35,42.449999999999996,11.4,144,19,0.0
2023-05-28T05:00:00.000000+0000,661.1,10.316666666666668,35.33333333333333,10.7,137,215,0.0
2023-05-28T06:00:00.000000+0000,661.8,11.233333333333334,30.816666666666663,10.5,135,441,0.0
2023-05-28T07:00:00.000000+0000,662.1,12.200000000000001,30.25,9.7,136,651,0.0
2023-05-28T08:00:00.000000+0000,662.1,12.75,26.316666666666666,9.9,136,842,0.0
2023-05-28T09:00:00.000000+0000,662.2,12.65,37.666666666666664,9.3,143,953,0.0
2023-05-28T10:00:00.000000+0000,662.1,13.416666666666664,36.199999999999996,4.9,150,1000,0.0
2023-05-28T11:00:00.000000+0000,661.7,13.233333333333334,55.03333333333333,4.9,128,971,0.0
2023-05-28T12:00:00.000000+0000,661.5,9.266666666666666,95.69999999999999,3.6,47,820,0.0
2023-05-28T13:00:00.000000+0000,661.2,8.616666666666667,94.06666666666666,4.9,8,332,0.0
2023-05-28T14:00:00.000000+0000,661.3,7.716666666666666,98.91666666666667,4.8,12,273,0.0
2023-05-28T15:00:00.000000+0000,661.5,7.016666666666667,99.26666666666667,3.8,27,97,0.0
2023-05-28T16:00:00.000000+0000,661.6,6.333333333333333,99.28333333333335,1.9,27,6,0.0
2023-05-28T17:00:00.000000+0000,661.8,5.75,96.85000000000001,1.4,243,0,0.0
2023-05-28T18:00:00.000000+0000,661.8,5.633333333333334,99.3,1.7,270,0,0.0
2023-05-28T19:00:00.000000+0000,662.2,5.866666666666667,99.3,2.0,270,0,0.0
2023-05-28T20:00:00.000000+0000,662.3,5.599999999999999,99.3,3.2,270,0,0.0
2023-05-28T21:00:00.000000+0000,662.3,4.85,99.3,2.7,294,0,0.0
2023-05-28T22:00:00.000000+0000,661.9,4.716666666666668,99.3,1.2,284,0,0.0
2023-05-28T23:00:00.000000+0000,661.4,3.9333333333333336,99.3,1.0,252,0,0.0
2023-05-29T00:00:00.000000+0000,660.9,4.166666666666667,98.51666666666665,1.2,194,0,0.0
2023-05-29T01:00:00.000000+0000,660.7,6.416666666666667,77.96666666666667,1.9,228,0,0.0
2023-05-29T02:00:00.000000+0000,660.8,6.1000000000000005,79.45,4.8,172,0,0.0
2023-05-29T03:00:00.000000+0000,661.2,6.8999999999999995,74.73333333333333,5.0,167,0,0.0
2023-05-29T04:00:00.000000+0000,661.3,8.383333333333333,68.10000000000001,7.0,161,35,0.0
2023-05-29T05:00:00.000000+0000,661.5,10.45,57.583333333333336,10.4,164,235,0.0
2023-05-29T06:00:00.000000+0000,662.0,11.433333333333335,57.166666666666664,7.1,168,464,0.0
2023-05-29T07:00:00.000000+0000,662.5,11.450000000000001,56.583333333333336,5.4,170,684,0.0
2023-05-29T08:00:00.000000+0000,662.5,9.6,85.71666666666668,9.0,173,855,0.0
2023-05-29T09:00:00.000000+0000,662.6,8.316666666666668,99.25,3.0,311,559,0.0
2023-05-29T10:00:00.000000+0000,662.4,11.716666666666663,65.96666666666668,3.3,358,580,0.0
2023-05-29T11:00:00.000000+0000,662.3,9.216666666666667,88.60000000000001,2.5,143,1012,0.0
2023-05-29T12:00:00.000000+0000,662.0,8.516666666666666,96.38333333333333,2.6,343,285,0.0
2023-05-29T13:00:00.000000+0000,661.7,9.166666666666666,92.66666666666667,3.9,357,355,0.0
2023-05-29T14:00:00.000000+0000,661.7,7.633333333333333,99.25,4.0,357,289,0.0
2023-05-29T15:00:00.000000+0000,662.0,6.383333333333333,96.86666666666666,2.5,360,39,0.0
2023-05-29T16:00:00.000000+0000,662.2,4.95,98.36666666666667,2.6,135,7,0.0
2023-05-29T17:00:00.000000+0000,662.2,5.583333333333333,87.83333333333333,1.6,212,0,0.0
2023-05-29T18:00:00.000000+0000,662.3,5.866666666666667,79.10000000000001,3.0,209,0,0.0
2023-05-29T19:00:00.000000+0000,662.5,5.366666666666667,99.26666666666667,2.7,187,0,0.0
2023-05-29T20:00:00.000000+0000,662.7,4.683333333333333,98.31666666666666,1.9,238,0,0.0
2023-05-29T21:00:00.000000+0000,662.4,4.1499999999999995,99.05,2.3,216,0,0.0
2023-05-29T22:00:00.000000+0000,662.2,4.533333333333333,92.86666666666667,2.0,202,0,0.0
2023-05-29T23:00:00.000000+0000,661.8,4.416666666666667,99.25,0.8,211,0,0.0
2023-05-30T00:00:00.000000+0000,661.6,5.283333333333334,85.41666666666664,2.8,204,0,0.0
2023-05-30T01:00:00.000000+0000,661.4,5.316666666666666,80.26666666666667,3.6,158,0,0.0
2023-05-30T02:00:00.000000+0000,661.2,4.8,86.75,4.4,167,0,0.0
2023-05-30T03:00:00.000000+0000,661.3,6.9333333333333345,66.59999999999998,3.1,163,0,0.0
2023-05-30T04:00:00.000000+0000,661.4,8.85,62.666666666666664,8.6,125,36,0.0
2023-05-30T05:00:00.000000+0000,661.9,10.200000000000001,60.33333333333332,9.0,112,238,0.0
2023-05-30T06:00:00.000000+0000,662.4,11.033333333333333,59.08333333333332,9.6,122,467,0.0
2023-05-30T07:00:00.000000+0000,662.8,12.0,57.333333333333336,10.1,117,686,0.0
2023-05-30T08:00:00.000000+0000,663.2,12.35,56.48333333333333,8.1,107,827,0.0
2023-05-30T09:00:00.000000+0000,663.2,11.016666666666666,78.63333333333334,6.8,97,980,0.0
2023-05-30T10:00:00.000000+0000,663.1,8.049999999999999,99.3,4.1,29,497,0.0
2023-05-30T11:00:00.000000+0000,662.4,8.3,99.3,2.5,332,188,0.0
2023-05-30T12:00:00.000000+0000,662.3,8.75,98.71666666666665,4.2,348,366,0.0
2023-05-30T13:00:00.000000+0000,661.9,8.366666666666665,99.26666666666667,3.8,349,221,0.0
2023-05-30T14:00:00.000000+0000,662.1,8.066666666666666,99.23333333333333,3.8,10,133,0.0
2023-05-30T15:00:00.000000+0000,662.2,7.1499999999999995,99.3,4.0,18,81,0.0
2023-05-30T16:00:00.000000+0000,662.2,5.5,87.95,2.1,48,26,0.0
2023-05-30T17:00:00.000000+0000,662.3,4.966666666666666,78.55,3.5,127,0,0.0
2023-05-30T18:00:00.000000+0000,662.6,5.116666666666667,82.93333333333332,2.1,137,0,0.0
2023-05-30T19:00:00.000000+0000,663.0,4.65,83.89999999999999,1.4,149,0,0.0
2023-05-30T20:00:00.000000+0000,663.2,5.033333333333333,85.63333333333334,5.0,141,0,0.0
2023-05-30T21:00:00.000000+0000,663.0,4.7,86.85000000000001,6.6,137,0,0.0
2023-05-30T22:00:00.000000+0000,662.8,4.816666666666666,85.3,5.3,132,0,0.0
2023-05-30T23:00:00.000000+0000,662.2,4.466666666666667,86.2,6.3,119,0,0.0
2023-05-31T00:00:00.000000+0000,662.0,4.566666666666667,85.56666666666666,5.3,118,0,0.0
2023-05-31T01:00:00.000000+0000,661.7,4.466666666666667,86.86666666666666,5.2,117,0,0.0
2023-05-31T02:00:00.000000+0000,661.7,4.6499999999999995,87.98333333333335,5.4,110,0,0.0
2023-05-31T03:00:00.000000+0000,661.9,4.316666666666666,92.21666666666668,5.0,107,0,0.0
2023-05-31T04:00:00.000000+0000,662.3,7.3,79.96666666666667,5.2,118,32,0.0
2023-05-31T05:00:00.000000+0000,662.9,8.700000000000001,75.36666666666666,4.2,90,240,0.0
2023-05-31T06:00:00.000000+0000,663.4,9.733333333333333,66.85,5.0,69,367,0.0
2023-05-31T07:00:00.000000+0000,663.8,9.3,81.23333333333333,6.6,60,563,0.0
2023-05-31T08:00:00.000000+0000,664.1,9.716666666666667,80.58333333333333,6.7,26,463,0.0
2023-05-31T09:00:00.000000+0000,663.9,9.283333333333333,82.88333333333334,7.1,30,452,0.0
2023-05-31T10:00:00.000000+0000,663.4,8.733333333333333,83.25000000000001,7.6,30,355,0.0
2023-05-31T11:00:00.000000+0000,663.0,7.983333333333333,91.69999999999999,6.7,41,357,0.0
2023-05-31T12:00:00.000000+0000,662.5,7.3500000000000005,98.91666666666667,3.1,19,187,0.0
2023-05-31T13:00:00.000000+0000,662.1,7.266666666666666,97.05,4.9,51,48,5.7
2023-05-31T14:00:00.000000+0000,661.9,8.2,88.78333333333335,4.4,76,129,0.3
2023-05-31T15:00:00.000000+0000,661.9,7.166666666666667,94.11666666666666,4.2,71,182,0.0
2023-05-31T16:00:00.000000+0000,662.2,4.366666666666667,91.43333333333334,2.8,75,27,0.0
2023-05-31T17:00:00.000000+0000,662.3,3.883333333333333,82.11666666666666,4.0,128,0,0.0
2023-05-31T18:00:00.000000+0000,662.6,4.466666666666666,71.96666666666665,2.5,124,0,0.0
2023-05-31T19:00:00.000000+0000,662.9,3.5833333333333335,72.96666666666665,1.5,117,0,0.0
2023-05-31T20:00:00.000000+0000,662.9,4.333333333333333,67.45,2.4,113,0,0.0
2023-05-31T21:00:00.000000+0000,662.6,4.633333333333334,67.41666666666667,5.5,132,0,0.0
2023-05-31T22:00:00.000000+0000,662.5,3.1833333333333336,65.46666666666668,4.1,139,0,0.0
2023-05-31T23:00:00.000000+0000,662.0,3.266666666666667,65.71666666666665,6.0,136,0,0.0
2023-06-01T00:00:00.000000+0000,661.4,4.8999999999999995,55.11666666666667,6.3,127,0,0.0
2023-06-01T01:00:00.000000+0000,661.1,5.6499999999999995,50.23333333333333,5.5,125,0,0.0
2023-06-01T02:00:00.000000+0000,661.1,5.55,53.15,6.3,134,0,0.0
2023-06-01T03:00:00.000000+0000,661.4,5.8500000000000005,56.4,6.8,133,0,0.0
2023-06-01T04:00:00.000000+0000,661.6,8.05,53.916666666666664,7.3,130,36,0.0
2023-06-01T05:00:00.000000+0000,662.0,10.4,45.88333333333333,6.4,121,236,0.0
2023-06-01T06:00:00.000000+0000,662.9,10.75,61.98333333333333,5.7,99,461,0.0
2023-06-01T07:00:00.000000+0000,663.2,10.450000000000001,83.73333333333333,5.4,27,680,0.0
2023-06-01T08:00:00.000000+0000,663.2,10.016666666666667,89.39999999999999,8.0,28,789,0.0
2023-06-01T09:00:00.000000+0000,663.2,9.416666666666666,94.88333333333333,7.0,21,703,0.0
2023-06-01T10:00:00.000000+0000,662.8,9.133333333333333,98.28333333333335,6.3,20,413,0.0
2023-06-01T11:00:00.000000+0000,662.5,8.450000000000001,99.11666666666667,5.2,25,315,0.0
2023-06-01T12:00:00.000000+0000,662.0,8.15,99.28333333333335,6.2,27,214,0.0
2023-06-01T13:00:00.000000+0000,661.7,8.133333333333333,99.28333333333335,5.2,23,138,0.0
2023-06-01T14:00:00.000000+0000,661.5,7.766666666666666,99.28333333333335,3.5,19,129,0.0
2023-06-01T15:00:00.000000+0000,661.6,7.083333333333333,99.3,2.5,335,47,0.0
2023-06-01T16:00:00.000000+0000,661.7,6.783333333333334,99.3,1.3,260,4,0.0
2023-06-01T17:00:00.000000+0000,661.9,6.383333333333334,99.28333333333335,1.3,63,0,0.0
2023-06-01T18:00:00.000000+0000,662.1,5.783333333333334,99.25,0.9,167,0,0.0
2023-06-01T19:00:00.000000+0000,662.4,5.25,99.2,1.6,135,0,0.0
2023-06-01T20:00:00.000000+0000,662.6,5.1499999999999995,93.60000000000001,1.7,195,0,0.0
2023-06-01T21:00:00.000000+0000,662.5,4.216666666666667,90.66666666666667,2.6,198,0,0.0
2023-06-01T22:00:00.000000+0000,662.1,4.6499999999999995,95.26666666666667,1.8,188,0,0.0
2023-06-01T23:00:00.000000+0000,661.8,3.983333333333334,96.63333333333333,0.7,270,0,0.0
2023-06-02T00:00:00.000000+0000,661.3,3.8499999999999996,92.56666666666666,1.3,194,0,0.0
2023-06-02T01:00:00.000000+0000,661.2,4.516666666666667,85.36666666666667,1.5,198,0,0.0
2023-06-02T02:00:00.000000+0000,661.3,4.8,80.14999999999999,2.2,180,0,0.0
2023-06-02T03:00:00.000000+0000,661.4,5.1499999999999995,81.45,1.5,217,0,0.0
2023-06-02T04:00:00.000000+0000,661.8,6.3500000000000005,85.09999999999998,1.2,117,12,0.0
2023-06-02T05:00:00.000000+0000,662.2,7.566666666666666,85.71666666666665,1.0,315,144,0.0
2023-06-02T06:00:00.000000+0000,662.9,7.783333333333334,94.93333333333334,2.3,319,369,0.0
2023-06-02T07:00:00.000000+0000,663.3,9.066666666666666,92.78333333333335,2.4,327,405,0.0
2023-06-02T08:00:00.000000+0000,663.6,9.516666666666666,93.73333333333333,4.0,1,333,0.0
2023-06-02T09:00:00.000000+0000,663.5,9.616666666666667,91.99999999999999,5.0,6,395,0.0
2023-06-02T10:00:00.000000+0000,663.1,9.120000000000001,90.97999999999999,7.4,33,489,0.0
2023-06-02T11:00:00.000000+0000,662.6,6.666666666666667,99.10000000000001,6.4,51,287,0.2
2023-06-02T12:00:00.000000+0000,662.3,6.483333333333333,98.3,4.4,350,194,3.3
2023-06-02T13:00:00.000000+0000,661.9,8.816666666666666,85.43333333333334,1.8,180,261,0.5
2023-06-02T14:00:00.000000+0000,662.0,7.7,96.28333333333335,2.8,337,317,0.0
2023-06-02T15:00:00.000000+0000,662.0,6.983333333333333,98.71666666666665,1.5,351,157,0.0
2023-06-02T16:00:00.000000+0000,662.1,5.550000000000001,98.3,1.3,212,14,0.0
2023-06-02T17:00:00.000000+0000,662.3,4.916666666666667,99.2,1.0,225,0,0.0
2023-06-02T18:00:00.000000+0000,662.5,4.6000000000000005,97.26666666666667,1.7,230,0,0.0
2023-06-02T19:00:00.000000+0000,662.6,4.483333333333333,96.8,1.9,247,0,0.0
2023-06-02T20:00:00.000000+0000,662.7,4.6000000000000005,91.95,1.7,238,0,0.0
2023-06-02T21:00:00.000000+0000,662.7,4.083333333333333,84.58333333333333,0.9,166,0,0.0
2023-06-02T22:00:00.000000+0000,662.6,4.283333333333333,87.15000000000002,1.0,225,0,0.0
2023-06-02T23:00:00.000000+0000,662.4,4.25,81.80000000000001,0.9,180,0,0.0
2023-06-03T00:00:00.000000+0000,662.0,4.216666666666667,78.48333333333333,1.1,197,0,0.0
2023-06-03T01:00:00.000000+0000,661.6,3.4999999999999996,80.48333333333333,0.5,236,0,0.0
2023-06-03T02:00:00.000000+0000,661.4,3.25,81.88333333333333,0.8,180,0,0.0
2023-06-03T03:00:00.000000+0000,661.8,3.6166666666666667,80.0,1.3,158,0,0.0
2023-06-03T04:00:00.000000+0000,662.0,6.116666666666667,80.53333333333333,2.0,137,28,0.0
2023-06-03T05:00:00.000000+0000,662.4,8.75,78.46666666666665,2.5,121,218,0.0
2023-06-03T06:00:00.000000+0000,663.1,9.750000000000002,75.86666666666666,3.2,48,454,0.0
2023-06-03T07:00:00.000000+0000,663.4,9.466666666666667,93.69999999999999,4.6,48,497,0.0
2023-06-03T08:00:00.000000+0000,663.4,8.25,99.28333333333335,6.1,12,681,0.0
2023-06-03T09:00:00.000000+0000,663.3,9.133333333333335,95.35000000000001,6.5,8,288,0.0
2023-06-03T10:00:00.000000+0000,663.1,8.166666666666668,96.58333333333333,4.7,10,664,0.0
2023-06-03T11:00:00.000000+0000,662.9,6.966666666666668,97.05,5.0,35,278,2.6
2023-06-03T12:00:00.000000+0000,662.4,7.699999999999999,93.98333333333333,3.0,104,269,2.1
2023-06-03T13:00:00.000000+0000,662.1,7.533333333333334,88.76666666666667,3.4,71,154,0.0
2023-06-03T14:00:00.000000+0000,662.0,8.383333333333333,79.26666666666667,2.8,93,195,0.0
2023-06-03T15:00:00.000000+0000,662.1,7.199999999999999,90.73333333333333,1.3,59,163,0.0
2023-06-03T16:00:00.000000+0000,662.2,4.7666666666666675,94.58333333333333,1.4,166,16,0.0
2023-06-03T17:00:00.000000+0000,662.1,5.016666666666667,83.28333333333335,1.9,167,0,0.0
2023-06-03T18:00:00.000000+0000,662.4,4.616666666666667,74.93333333333334,1.5,138,0,0.0
2023-06-03T19:00:00.000000+0000,662.7,4.116666666666666,69.23333333333333,2.6,113,0,0.0
2023-06-03T20:00:00.000000+0000,662.8,4.133333333333333,63.03333333333333,3.3,117,0,0.0
2023-06-03T21:00:00.000000+0000,662.7,3.966666666666667,58.61666666666667,4.9,119,0,0.0
2023-06-03T22:00:00.000000+0000,662.4,4.633333333333333,48.883333333333326,5.0,127,0,0.0
2023-06-03T23:00:00.000000+0000,661.9,4.733333333333334,45.98333333333334,4.9,120,0,0.0
2023-06-04T00:00:00.000000+0000,661.5,4.633333333333334,47.333333333333336,5.0,116,0,0.0
2023-06-04T01:00:00.000000+0000,661.3,4.416666666666667,48.38333333333335,4.4,116,0,0.0
2023-06-04T02:00:00.000000+0000,661.3,5.066666666666666,44.13333333333333,5.0,118,0,0.0
2023-06-04T03:00:00.000000+0000,661.6,5.016666666666667,47.96666666666667,4.8,118,0,0.0
2023-06-04T04:00:00.000000+0000,661.7,8.616666666666667,36.699999999999996,4.9,118,37,0.0
2023-06-04T05:00:00.000000+0000,662.2,10.200000000000001,40.25000000000001,3.7,98,236,0.0
2023-06-04T06:00:00.000000+0000,662.9,10.383333333333333,58.51666666666667,4.3,82,461,0.0
2023-06-04T07:00:00.000000+0000,663.2,10.433333333333332,87.25,5.8,18,670,0.0
2023-06-04T08:00:00.000000+0000,663.3,9.166666666666666,96.56666666666666,4.6,335,732,0.0
2023-06-04T09:00:00.000000+0000,663.2,9.416666666666666,94.06666666666668,5.2,359,473,0.0
2023-06-04T10:00:00.000000+0000,663.0,8.233333333333333,98.58333333333333,4.8,15,353,0.0
2023-06-04T11:00:00.000000+0000,662.6,7.816666666666666,99.28333333333335,4.7,29,198,0.0
2023-06-04T12:00:00.000000+0000,662.0,7.3500000000000005,99.3,5.4,13,169,0.5
2023-06-04T13:00:00.000000+0000,661.8,7.283333333333334,99.3,3.7,17,145,0.1
2023-06-04T14:00:00.000000+0000,661.6,7.233333333333334,99.25,3.0,343,115,0.0
2023-06-04T15:00:00.000000+0000,661.6,6.816666666666666,99.3,2.6,300,51,0.8
2023-06-04T16:00:00.000000+0000,661.8,6.1000000000000005,99.3,2.9,329,6,0.0
2023-06-04T17:00:00.000000+0000,662.0,4.75,99.3,1.9,188,0,0.0
2023-06-04T18:00:00.000000+0000,661.9,4.533333333333333,99.28333333333335,1.4,180,0,0.0
2023-06-04T19:00:00.000000+0000,662.4,4.116666666666667,94.63333333333333,2.2,162,0,0.0
2023-06-04T20:00:00.000000+0000,662.3,3.8666666666666667,98.43333333333334,1.1,172,0,0.0
2023-06-04T21:00:00.000000+0000,662.2,3.2166666666666663,94.51666666666667,1.4,188,0,0.0
2023-06-04T22:00:00.000000+0000,661.9,4.283333333333333,87.66666666666667,2.4,111,0,0.0
2023-06-04T23:00:00.000000+0000,661.7,4.05,87.78333333333332,2.2,145,0,0.0
2023-06-05T00:00:00.000000+0000,661.3,4.183333333333333,83.48333333333333,6.6,137,0,0.0
2023-06-05T01:00:00.000000+0000,661.3,3.5500000000000003,83.55000000000001,4.8,133,0,0.0
2023-06-05T02:00:00.000000+0000,661.4,2.683333333333333,81.28333333333335,4.3,134,0,0.0
2023-06-05T03:00:00.000000+0000,661.8,3.0500000000000003,79.75,2.9,135,0,0.0
2023-06-05T04:00:00.000000+0000,662.1,6.883333333333333,66.7,3.9,137,36,0.0
2023-06-05T05:00:00.000000+0000,662.8,7.433333333333334,78.66666666666666,2.8,97,235,0.0
2023-06-05T06:00:00.000000+0000,663.3,7.833333333333333,83.95,2.9,291,451,0.0
2023-06-05T07:00:00.000000+0000,663.6,8.583333333333334,89.48333333333333,3.0,304,437,0.0
2023-06-05T08:00:00.000000+0000,663.8,7.983333333333333,94.48333333333333,3.8,310,554,0.0
2023-06-05T09:00:00.000000+0000,663.7,7.549999999999998,99.13333333333333,3.0,319,249,0.0
2023-06-05T10:00:00.000000+0000,663.2,8.116666666666667,95.93333333333334,3.2,330,231,0.0
2023-06-05T11:00:00.000000+0000,662.9,7.616666666666666,99.28333333333335,2.9,343,267,0.3
2023-06-05T12:00:00.000000+0000,662.5,7.666666666666667,99.3,1.8,295,200,1.0
2023-06-05T13:00:00.000000+0000,662.0,7.449999999999999,99.3,3.4,267,220,0.0
2023-06-05T14:00:00.000000+0000,661.9,7.499999999999999,96.78333333333335,2.5,275,66,0.0
2023-06-05T15:00:00.000000+0000,661.9,7.05,99.3,1.5,90,70,0.0
2023-06-05T16:00:00.000000+0000,662.1,6.050000000000001,99.26666666666667,1.0,323,9,0.0
2023-06-05T17:00:00.000000+0000,662.1,3.983333333333333,98.31666666666666,0.8,135,0,0.0
2023-06-05T18:00:00.000000+0000,662.4,4.416666666666667,91.16666666666667,1.9,126,0,0.0
2023-06-05T19:00:00.000000+0000,662.6,4.116666666666666,91.23333333333333,1.3,113,0,0.0
2023-06-05T20:00:00.000000+0000,662.6,3.8833333333333333,89.45,1.3,119,0,0.0
2023-06-05T21:00:00.000000+0000,662.4,3.8333333333333335,79.85000000000001,1.0,96,0,0.0
2023-06-05T22:00:00.000000+0000,662.3,4.083333333333333,61.43333333333334,2.3,177,0,0.0
2023-06-05T23:00:00.000000+0000,662.0,4.383333333333334,70.33333333333334,3.8,193,0,0.0
2023-06-06T00:00:00.000000+0000,661.8,3.566666666666667,74.53333333333335,1.1,238,0,0.0
2023-06-06T01:00:00.000000+0000,661.8,4.283333333333332,61.03333333333334,3.1,193,0,0.0
2023-06-06T02:00:00.000000+0000,661.7,4.8,53.45000000000001,2.9,197,0,0.0
2023-06-06T03:00:00.000000+0000,662.0,4.183333333333334,55.61666666666665,1.9,207,0,0.0
2023-06-06T04:00:00.000000+0000,662.4,6.883333333333334,53.21666666666666,1.3,225,34,0.0
2023-06-06T05:00:00.000000+0000,662.9,7.916666666666667,56.666666666666664,1.3,254,237,0.0
2023-06-06T06:00:00.000000+0000,663.5,8.316666666666668,63.099999999999994,1.9,304,446,0.0
2023-06-06T07:00:00.000000+0000,664.0,8.716666666666667,72.89999999999999,2.5,302,643,0.0
2023-06-06T08:00:00.000000+0000,664.1,8.216666666666667,92.16666666666667,3.5,311,701,0.0
2023-06-06T09:00:00.000000+0000,663.9,7.833333333333333,97.41666666666667,3.3,319,352,0.0
2023-06-06T10:00:00.000000+0000,663.5,6.783333333333334,99.3,2.5,336,191,0.0
2023-06-06T11:00:00.000000+0000,663.2,6.999999999999999,99.28333333333335,2.8,302,146,0.9
2023-06-06T12:00:00.000000+0000,662.8,7.533333333333334,99.28333333333332,2.8,342,328,4.9
2023-06-06T13:00:00.000000+0000,662.4,7.3500000000000005,98.19999999999999,2.0,305,314,0.0
2023-06-06T14:00:00.000000+0000,662.2,7.75,89.06666666666666,1.9,289,220,0.0
2023-06-06T15:00:00.000000+0000,662.2,6.216666666666666,84.11666666666666,2.7,249,108,0.0
2023-06-06T16:00:00.000000+0000,662.3,5.016666666666667,85.66666666666667,1.4,225,12,0.0
2023-06-06T17:00:00.000000+0000,662.6,4.583333333333333,78.11666666666666,1.3,228,0,0.0
2023-06-06T18:00:00.000000+0000,662.8,3.9000000000000004,76.88333333333333,2.4,209,0,0.0
2023-06-06T19:00:00.000000+0000,662.9,5.8,65.95,1.4,169,0,0.0
2023-06-06T20:00:00.000000+0000,663.0,4.36,68.42,0.7,270,0,0.0
2023-06-06T21:00:00.000000+0000,663.0,2.8666666666666667,68.21666666666667,2.5,166,0,0.0
2023-06-06T22:00:00.000000+0000,662.6,4.683333333333333,54.26666666666667,4.4,149,0,0.0
2023-06-06T23:00:00.000000+0000,662.3,4.166666666666667,52.31666666666667,1.5,219,0,0.0
2023-06-07T00:00:00.000000+0000,661.9,4.05,52.43333333333334,1.6,192,0,0.0
2023-06-07T01:00:00.000000+0000,661.9,3.6,59.98333333333333,1.2,218,0,0.0
2023-06-07T02:00:00.000000+0000,661.8,3.1,63.48333333333333,1.9,201,0,0.0
2023-06-07T03:00:00.000000+0000,662.1,2.766666666666667,69.78333333333335,2.3,195,0,0.0
2023-06-07T04:00:00.000000+0000,662.4,5.083333333333333,82.74999999999999,1.1,195,36,0.0
2023-06-07T05:00:00.000000+0000,662.8,7.266666666666667,80.31666666666666,1.3,198,232,0.0
2023-06-07T06:00:00.000000+0000,663.3,8.083333333333332,75.66666666666667,2.3,310,455,0.0
2023-06-07T07:00:00.000000+0000,663.6,8.75,66.6,3.4,296,614,0.0
2023-06-07T08:00:00.000000+0000,663.8,9.450000000000001,64.96666666666665,3.2,294,852,0.0
2023-06-07T09:00:00.000000+0000,663.7,8.566666666666665,77.5,3.1,297,477,0.0
2023-06-07T10:00:00.000000+0000,663.5,8.299999999999999,85.23333333333333,3.6,313,216,0.0
2023-06-07T11:00:00.000000+0000,663.2,8.749999999999998,86.81666666666666,2.9,360,173,0.0
2023-06-07T12:00:00.000000+0000,662.9,8.766666666666666,83.5,4.2,359,292,0.0
2023-06-07T13:00:00.000000+0000,662.7,9.6,69.51666666666667,2.8,22,234,0.0
2023-06-07T14:00:00.000000+0000,662.7,7.900000000000001,80.13333333333334,3.3,360,195,0.0
2023-06-07T15:00:00.000000+0000,662.6,7.25,92.58333333333333,1.5,225,72,0.0
2023-06-07T16:00:00.000000+0000,662.5,6.283333333333334,99.28333333333335,3.5,293,10,0.0
2023-06-07T17:00:00.000000+0000,662.5,5.216666666666668,88.93333333333332,2.1,213,0,0.0
2023-06-07T18:00:00.000000+0000,662.7,4.866666666666667,82.0,3.6,206,0,0.0
2023-06-07T19:00:00.000000+0000,663.1,4.766666666666667,61.366666666666674,2.8,186,0,0.0
2023-06-07T20:00:00.000000+0000,663.2,4.616666666666666,67.36666666666667,2.5,189,0,0.0
2023-06-07T21:00:00.000000+0000,663.1,4.383333333333334,65.16666666666666,1.7,192,0,0.0
2023-06-07T22:00:00.000000+0000,662.9,5.166666666666667,50.849999999999994,1.1,169,0,0.0
2023-06-07T23:00:00.000000+0000,662.7,4.166666666666667,73.63333333333333,1.0,243,0,0.0
2023-06-08T00:00:00.000000+0000,662.3,4.25,53.6,3.3,175,0,0.0
2023-06-08T01:00:00.000000+0000,662.2,3.0500000000000003,60.78333333333333,3.0,106,0,0.0
2023-06-08T02:00:00.000000+0000,662.3,3.233333333333333,63.56666666666666,1.9,123,0,0.0
2023-06-08T03:00:00.000000+0000,662.5,3.5,68.39999999999999,3.0,106,0,0.0
2023-06-08T04:00:00.000000+0000,662.8,6.6499999999999995,60.98333333333333,4.0,120,35,0.0
2023-06-08T05:00:00.000000+0000,663.4,9.549999999999999,46.75,2.3,69,231,0.0
2023-06-08T06:00:00.000000+0000,663.9,10.266666666666667,46.150000000000006,4.7,69,453,0.0
2023-06-08T07:00:00.000000+0000,664.0,10.216666666666667,61.81666666666666,5.3,32,667,0.0
2023-06-08T08:00:00.000000+0000,664.2,10.383333333333335,70.14999999999999,5.4,11,742,0.0
2023-06-08T09:00:00.000000+0000,664.2,10.9,75.75,5.1,6,632,0.0
2023-06-08T10:00:00.000000+0000,663.9,10.683333333333335,71.26666666666667,6.1,360,824,0.0
2023-06-08T11:00:00.000000+0000,663.5,10.483333333333334,67.68333333333334,7.1,10,580,0.0
2023-06-08T12:00:00.000000+0000,663.1,11.616666666666667,59.73333333333334,5.6,10,461,0.0
2023-06-08T13:00:00.000000+0000,662.8,11.850000000000001,51.28333333333334,5.8,4,664,0.0
2023-06-08T14:00:00.000000+0000,662.7,9.299999999999999,71.18333333333334,4.6,8,424,0.0
2023-06-08T15:00:00.000000+0000,662.7,8.633333333333335,78.45,3.6,39,109,0.0
2023-06-08T16:00:00.000000+0000,662.8,5.3999999999999995,83.76666666666667,2.5,56,27,0.0
2023-06-08T17:00:00.000000+0000,662.9,5.066666666666666,75.53333333333335,1.1,169,0,0.0
2023-06-08T18:00:00.000000+0000,663.1,4.45,76.21666666666667,3.1,192,0,0.0
2023-06-08T19:00:00.000000+0000,663.3,4.8500000000000005,67.8,1.4,185,0,0.0
2023-06-08T20:00:00.000000+0000,663.4,4.666666666666667,70.23333333333333,1.7,127,0,0.0
2023-06-08T21:00:00.000000+0000,663.2,6.000000000000001,64.14999999999999,5.4,117,0,0.0
2023-06-08T22:00:00.000000+0000,662.8,5.566666666666666,60.116666666666674,4.6,112,0,0.0
2023-06-08T23:00:00.000000+0000,662.5,5.3500000000000005,56.050000000000004,4.4,111,0,0.0
2023-06-09T00:00:00.000000+0000,662.2,5.433333333333334,50.36666666666667,5.3,115,0,0.0
2023-06-09T01:00:00.000000+0000,662.0,5.416666666666667,46.133333333333326,6.7,120,0,0.0
2023-06-09T02:00:00.000000+0000,662.1,5.216666666666668,50.51666666666667,6.3,115,0,0.0
2023-06-09T03:00:00.000000+0000,662.2,5.516666666666667,47.13333333333333,6.3,115,0,0.0
2023-06-09T04:00:00.000000+0000,662.3,7.3,46.833333333333336,7.8,116,34,0.0
2023-06-09T05:00:00.000000+0000,662.7,9.166666666666666,44.31666666666667,7.0,101,232,0.0
2023-06-09T06:00:00.000000+0000,663.1,10.466666666666667,46.01666666666667,8.1,70,453,0.0
2023-06-09T07:00:00.000000+0000,663.3,11.283333333333331,46.53333333333333,7.5,63,658,0.0
2023-06-09T08:00:00.000000+0000,663.4,11.766666666666666,52.1,6.9,55,830,0.0
2023-06-09T09:00:00.000000+0000,663.2,11.983333333333333,56.166666666666664,7.7,33,960,0.0
2023-06-09T10:00:00.000000+0000,662.9,11.633333333333333,61.01666666666666,8.1,30,940,0.0
2023-06-09T11:00:00.000000+0000,662.6,10.616666666666667,64.28333333333332,8.0,14,656,0.0
2023-06-09T12:00:00.000000+0000,662.2,10.0,71.64999999999999,7.1,14,478,0.0
2023-06-09T13:00:00.000000+0000,662.1,8.133333333333333,88.26666666666667,6.3,29,244,0.0
2023-06-09T14:00:00.000000+0000,662.0,7.766666666666667,73.25,3.8,70,125,0.0
2023-06-09T15:00:00.000000+0000,661.9,6.883333333333333,72.64999999999999,3.7,84,85,0.0
2023-06-09T16:00:00.000000+0000,662.1,5.016666666666667,77.53333333333333,2.2,101,11,0.0
2023-06-09T17:00:00.000000+0000,662.2,3.516666666666666,79.55,1.9,117,0,0.0
2023-06-09T18:00:00.000000+0000,662.4,3.4666666666666663,70.68333333333334,1.1,107,0,0.0
2023-06-09T19:00:00.000000+0000,662.7,2.9166666666666665,71.23333333333333,1.5,135,0,0.0
2023-06-09T20:00:00.000000+0000,662.7,4.233333333333333,76.81666666666666,2.3,190,0,0.0
2023-06-09T21:00:00.000000+0000,662.4,5.183333333333334,66.41666666666666,3.0,188,0,0.0
2023-06-09T22:00:00.000000+0000,662.2,3.9333333333333336,70.13333333333334,1.0,198,0,0.0
2023-06-09T23:00:00.000000+0000,661.9,4.249999999999999,70.26666666666667,2.3,135,0,0.0
2023-06-10T00:00:00.000000+0000,661.7,3.516666666666667,74.01666666666667,1.8,119,0,0.0
2023-06-10T01:00:00.000000+0000,661.6,3.216666666666667,78.35000000000001,2.0,129,0,0.0
2023-06-10T02:00:00.000000+0000,661.8,3.1,71.31666666666666,2.7,115,0,0.0
2023-06-10T03:00:00.000000+0000,662.0,2.8000000000000003,70.45,2.4,123,0,0.0
2023-06-10T04:00:00.000000+0000,662.2,6.383333333333334,54.76666666666667,3.0,118,31,0.0
2023-06-10T05:00:00.000000+0000,662.7,9.283333333333333,50.050000000000004,2.4,82,225,0.0
2023-06-10T06:00:00.000000+0000,663.2,10.299999999999999,53.449999999999996,3.1,20,448,0.0
2023-06-10T07:00:00.000000+0000,663.6,10.4,64.50000000000001,3.7,19,660,0.0
2023-06-10T08:00:00.000000+0000,663.8,9.35,78.95,6.1,358,640,0.0
2023-06-10T09:00:00.000000+0000,663.6,9.299999999999999,80.91666666666667,4.4,2,476,0.0
2023-06-10T10:00:00.000000+0000,662.9,7.766666666666666,97.2,6.1,4,193,0.0
2023-06-10T11:00:00.000000+0000,662.6,6.783333333333334,98.10000000000001,3.2,340,99,2.5
2023-06-10T12:00:00.000000+0000,662.2,7.683333333333334,89.86666666666666,3.1,73,130,1.7
2023-06-10T13:00:00.000000+0000,661.9,6.783333333333334,99.21666666666665,3.7,2,136,0.0
2023-06-10T14:00:00.000000+0000,661.9,6.75,97.16666666666667,2.8,2,26,0.2
2023-06-10T15:00:00.000000+0000,662.1,6.316666666666666,87.01666666666667,3.1,112,70,0.0
2023-06-10T16:00:00.000000+0000,662.0,5.2,72.08333333333333,3.6,123,22,0.0
2023-06-10T17:00:00.000000+0000,662.3,2.9000000000000004,71.98333333333333,1.4,108,0,0.0
2023-06-10T18:00:00.000000+0000,662.5,3.35,63.86666666666667,2.3,137,0,0.0
2023-06-10T19:00:00.000000+0000,662.7,4.05,51.96666666666667,1.7,152,0,0.0
2023-06-10T20:00:00.000000+0000,662.6,3.1666666666666665,60.26666666666666,1.9,121,0,0.0
2023-06-10T21:00:00.000000+0000,662.5,3.266666666666666,66.26666666666667,2.0,117,0,0.0
2023-06-10T22:00:00.000000+0000,662.3,4.083333333333333,57.35,3.0,125,0,0.0
2023-06-10T23:00:00.000000+0000,661.9,5.166666666666667,43.51666666666667,5.5,114,0,0.0
2023-06-11T00:00:00.000000+0000,661.6,5.5,46.800000000000004,5.5,117,0,0.0
2023-06-11T01:00:00.000000+0000,661.6,6.166666666666667,56.300000000000004,5.2,119,0,0.0
2023-06-11T02:00:00.000000+0000,661.9,6.383333333333333,58.35,4.2,111,0,0.0
2023-06-11T03:00:00.000000+0000,662.4,6.25,61.38333333333333,4.4,110,0,0.0
2023-06-11T04:00:00.000000+0000,662.8,6.45,59.43333333333334,2.6,108,11,0.0
2023-06-11T05:00:00.000000+0000,663.0,9.516666666666666,50.916666666666664,2.9,90,209,0.0
2023-06-11T06:00:00.000000+0000,663.5,9.183333333333334,63.0,2.8,27,437,0.0
2023-06-11T07:00:00.000000+0000,663.7,9.783333333333333,73.21666666666665,4.0,355,622,0.0
2023-06-11T08:00:00.000000+0000,663.7,8.75,85.96666666666665,5.7,359,581,0.0
2023-06-11T09:00:00.000000+0000,663.3,8.316666666666668,88.18333333333334,5.3,355,240,0.0
2023-06-11T10:00:00.000000+0000,663.0,7.3,98.05,6.0,17,196,0.0
2023-06-11T11:00:00.000000+0000,662.8,7.583333333333333,92.93333333333334,4.9,6,71,0.0
2023-06-11T12:00:00.000000+0000,662.3,7.716666666666666,97.60000000000001,4.7,356,113,0.0
2023-06-11T13:00:00.000000+0000,662.0,7.849999999999999,95.14999999999999,4.5,4,158,0.0
2023-06-11T14:00:00.000000+0000,662.1,8.366666666666667,77.83333333333333,2.8,15,190,0.0
2023-06-11T15:00:00.000000+0000,662.1,7.050000000000001,98.30000000000001,2.2,30,78,0.0
2023-06-11T16:00:00.000000+0000,662.4,6.166666666666667,92.90000000000002,2.9,45,3,0.0
2023-06-11T17:00:00.000000+0000,662.6,5.95,90.11666666666667,1.5,77,0,0.0
2023-06-11T18:00:00.000000+0000,662.9,6.116666666666667,89.95,2.0,111,0,0.0
2023-06-11T19:00:00.000000+0000,663.2,6.6000000000000005,81.96666666666665,2.3,117,0,0.0
2023-06-11T20:00:00.000000+0000,663.3,6.999999999999999,69.76666666666667,1.3,104,0,0.0
2023-06-11T21:00:00.000000+0000,663.1,6.749999999999999,76.31666666666666,2.7,344,0,0.0
2023-06-11T22:00:00.000000+0000,662.5,6.949999999999999,70.08333333333333,1.9,171,0,0.0
2023-06-11T23:00:00.000000+0000,662.0,6.933333333333333,63.68333333333334,1.7,81,0,0.0
2023-06-12T00:00:00.000000+0000,661.8,7.033333333333334,56.76666666666666,3.0,106,0,0.0
2023-06-12T01:00:00.000000+0000,661.6,7.1499999999999995,53.01666666666667,4.1,106,0,0.0
2023-06-12T02:00:00.000000+0000,661.5,6.300000000000001,64.03333333333333,4.5,103,0,0.0
2023-06-12T03:00:00.000000+0000,661.8,6.733333333333334,56.949999999999996,2.7,109,0,0.0
2023-06-12T04:00:00.000000+0000,662.0,7.433333333333333,54.75,3.9,112,3,0.0
2023-06-12T05:00:00.000000+0000,662.4,8.383333333333333,53.900000000000006,4.9,97,53,0.0
2023-06-12T06:00:00.000000+0000,662.9,9.0,67.21666666666667,4.1,71,160,0.0
2023-06-12T07:00:00.000000+0000,663.3,10.15,67.41666666666667,3.1,36,354,0.0
2023-06-12T08:00:00.000000+0000,663.4,10.9,64.7,3.5,36,472,0.0
2023-06-12T09:00:00.000000+0000,663.1,11.75,62.68333333333334,4.2,35,615,0.0
2023-06-12T10:00:00.000000+0000,662.7,11.533333333333333,67.16666666666667,6.5,32,795,0.0
2023-06-12T11:00:00.000000+0000,662.4,11.450000000000001,59.166666666666664,5.3,11,772,0.0
2023-06-12T12:00:00.000000+0000,661.9,11.0,69.43333333333334,6.0,29,702,0.0
2023-06-12T13:00:00.000000+0000,661.7,9.75,76.66666666666667,4.9,16,507,0.0
2023-06-12T14:00:00.000000+0000,661.9,9.066666666666668,75.28333333333333,4.3,3,300,0.0
2023-06-12T15:00:00.000000+0000,661.9,8.566666666666666,66.33333333333333,1.7,55,135,0.0
2023-06-12T16:00:00.000000+0000,662.1,7.566666666666666,49.65,3.2,94,38,0.0
2023-06-12T17:00:00.000000+0000,662.3,6.6499999999999995,52.61666666666665,3.7,106,0,0.0
2023-06-12T18:00:00.000000+0000,662.5,5.75,58.48333333333333,2.1,117,0,0.0
2023-06-12T19:00:00.000000+0000,662.8,4.8999999999999995,65.91666666666667,1.0,112,0,0.0
2023-06-12T20:00:00.000000+0000,662.6,6.066666666666666,58.13333333333333,1.7,159,0,0.0
2023-06-12T21:00:00.000000+0000,662.5,4.766666666666667,67.39999999999999,0.9,72,0,0.0
2023-06-12T22:00:00.000000+0000,662.1,4.55,63.900000000000006,1.5,138,0,0.0
2023-06-12T23:00:00.000000+0000,661.7,3.9500000000000006,67.26666666666667,2.1,137,0,0.0
2023-06-13T00:00:00.000000+0000,661.3,4.133333333333334,59.416666666666664,1.9,133,0,0.0
2023-06-13T01:00:00.000000+0000,661.2,5.016666666666667,50.383333333333326,2.8,126,0,0.0
2023-06-13T02:00:00.000000+0000,661.1,4.7,52.51666666666666,3.4,115,0,0.0
2023-06-13T03:00:00.000000+0000,661.5,6.683333333333334,46.333333333333336,3.8,126,0,0.0
2023-06-13T04:00:00.000000+0000,661.8,8.583333333333334,43.86666666666667,3.8,120,11,0.0
2023-06-13T05:00:00.000000+0000,662.3,10.466666666666667,43.916666666666664,3.0,90,120,0.0
2023-06-13T06:00:00.000000+0000,662.8,8.75,87.31666666666666,4.1,46,298,0.0
2023-06-13T07:00:00.000000+0000,663.2,10.483333333333334,75.01666666666667,2.1,22,295,0.0
2023-06-13T08:00:00.000000+0000,663.3,11.033333333333333,78.28333333333335,3.7,2,506,0.0
2023-06-13T09:00:00.000000+0000,663.1,10.799999999999999,75.33333333333334,5.6,6,666,0.0
2023-06-13T10:00:00.000000+0000,662.6,8.683333333333334,92.89999999999999,5.0,7,609,0.0
2023-06-13T11:00:00.000000+0000,662.0,9.949999999999998,85.01666666666667,6.0,27,308,0.1
2023-06-13T12:00:00.000000+0000,661.5,9.983333333333333,75.18333333333334,4.5,25,608,0.0
2023-06-13T13:00:00.000000+0000,661.0,10.200000000000001,74.13333333333334,4.2,28,339,0.0
2023-06-13T14:00:00.000000+0000,661.1,9.316666666666668,86.48333333333333,4.6,24,294,0.0
2023-06-13T15:00:00.000000+0000,661.3,8.65,61.583333333333336,3.2,42,173,0.0
2023-06-13T16:00:00.000000+0000,661.4,5.1000000000000005,64.55,2.8,88,52,0.0
2023-06-13T17:00:00.000000+0000,661.7,5.433333333333334,64.11666666666666,1.8,117,0,0.0
2023-06-13T18:00:00.000000+0000,662.4,4.8999999999999995,67.33333333333333,1.8,132,0,0.0
2023-06-13T19:00:00.000000+0000,662.7,5.016666666666667,65.21666666666667,3.1,128,0,0.0
2023-06-13T20:00:00.000000+0000,662.8,5.583333333333333,62.03333333333333,4.1,118,0,0.0
2023-06-13T21:00:00.000000+0000,662.7,5.3,65.75,3.2,127,0,0.0
2023-06-13T22:00:00.000000+0000,662.5,5.416666666666667,65.3,1.3,112,0,0.0
2023-06-13T23:00:00.000000+0000,661.9,5.366666666666667,62.11666666666667,2.8,115,0,0.0
2023-06-14T00:00:00.000000+0000,661.6,5.433333333333334,62.49999999999999,3.3,117,0,0.0
2023-06-14T01:00:00.000000+0000,661.6,6.25,59.649999999999984,5.0,121,0,0.0
2023-06-14T02:00:00.000000+0000,661.7,6.7,56.5,6.5,117,0,0.0
2023-06-14T03:00:00.000000+0000,662.0,5.683333333333334,60.666666666666664,6.9,118,0,0.0
2023-06-14T04:00:00.000000+0000,662.2,7.566666666666666,56.58333333333332,7.0,130,6,0.0
2023-06-14T05:00:00.000000+0000,662.6,10.266666666666666,50.25,6.3,115,152,0.0
2023-06-14T06:00:00.000000+0000,663.2,9.733333333333333,73.16666666666666,5.4,78,390,0.0
2023-06-14T07:00:00.000000+0000,663.8,9.4,86.63333333333334,3.8,319,483,0.0
2023-06-14T08:00:00.000000+0000,663.9,8.299999999999999,98.46666666666668,3.9,346,457,0.0
2023-06-14T09:00:00.000000+0000,663.7,7.483333333333333,99.28333333333335,3.3,2,155,0.4
2023-06-14T10:00:00.000000+0000,663.2,5.3,97.93333333333334,2.4,29,92,
2023-06-14T11:00:00.000000+0000,662.5,5.75,96.30000000000001,4.7,130,53,10.4
2023-06-14T14:00:00.000000+0000,,8.28,88.05999999999999,,,,
2023-06-14T15:00:00.000000+0000,661.8,7.366666666666667,99.26666666666667,2.0,27,157,0.0
2023-06-14T16:00:00.000000+0000,662.1,6.766666666666667,97.91666666666667,1.4,66,4,0.0
2023-06-14T17:00:00.000000+0000,662.2,6.75,95.26666666666667,2.7,173,0,0.0
2023-06-14T18:00:00.000000+0000,662.7,6.3999999999999995,99.3,1.8,5,0,0.0
2023-06-14T19:00:00.000000+0000,662.9,6.133333333333333,99.3,1.4,59,0,0.0
2023-06-14T20:00:00.000000+0000,663.0,6.333333333333333,97.75,1.2,103,0,0.0
2023-06-14T21:00:00.000000+0000,663.0,6.633333333333334,90.93333333333335,1.0,122,0,0.0
2023-06-14T22:00:00.000000+0000,662.8,6.233333333333334,90.28333333333335,1.1,135,0,0.0
2023-06-14T23:00:00.000000+0000,662.4,6.583333333333332,84.94999999999999,1.2,243,0,0.0
2023-06-15T00:00:00.000000+0000,662.2,6.583333333333333,83.01666666666667,2.1,189,0,0.0
2023-06-15T01:00:00.000000+0000,662.0,6.333333333333333,85.11666666666666,1.2,156,0,0.0
2023-06-15T02:00:00.000000+0000,662.3,6.183333333333334,81.63333333333334,0.8,129,0,0.0
2023-06-15T03:00:00.000000+0000,662.5,6.066666666666667,73.08333333333333,1.0,180,0,0.0
2023-06-15T04:00:00.000000+0000,662.8,8.049999999999999,63.23333333333333,1.3,149,11,0.0
2023-06-15T05:00:00.000000+0000,663.3,7.916666666666667,88.55,1.7,111,123,0.0
2023-06-15T06:00:00.000000+0000,663.9,7.666666666666668,99.25,1.7,280,196,0.0
2023-06-15T07:00:00.000000+0000,664.4,7.8999999999999995,98.10000000000001,2.4,295,257,0.0
2023-06-15T08:00:00.000000+0000,664.5,8.450000000000001,97.08333333333333,3.3,319,310,0.0
2023-06-15T09:00:00.000000+0000,664.3,9.033333333333333,92.63333333333333,3.2,320,403,0.0
2023-06-15T10:00:00.000000+0000,663.8,7.900000000000001,98.8,4.3,332,368,0.0
2023-06-15T11:00:00.000000+0000,663.3,8.533333333333333,97.10000000000001,3.8,342,108,0.0
2023-06-15T12:00:00.000000+0000,662.6,7.650000000000001,95.85000000000001,4.5,333,201,0.0
2023-06-15T13:00:00.000000+0000,662.3,9.450000000000001,81.05,3.7,27,160,0.0
2023-06-15T14:00:00.000000+0000,662.2,8.133333333333333,95.66666666666667,2.2,4,307,0.0
2023-06-15T15:00:00.000000+0000,662.3,6.733333333333334,99.21666666666665,3.7,11,53,0.0
2023-06-15T16:00:00.000000+0000,662.9,5.966666666666666,78.66666666666667,1.4,108,2,0.4
2023-06-15T17:00:00.000000+0000,663.0,6.016666666666667,73.0,3.5,163,0,0.1
2023-06-15T18:00:00.000000+0000,663.1,5.933333333333333,72.98333333333333,2.4,121,0,0.0
2023-06-15T19:00:00.000000+0000,663.4,6.866666666666667,68.10000000000001,2.3,108,0,0.0
2023-06-15T20:00:00.000000+0000,663.7,6.866666666666667,67.43333333333334,1.2,90,0,0.0
2023-06-15T21:00:00.000000+0000,663.4,7.116666666666666,69.44999999999999,2.3,108,0,0.0
2023-06-15T22:00:00.000000+0000,663.2,6.833333333333333,66.45,1.3,105,0,0.0
2023-06-15T23:00:00.000000+0000,662.6,6.916666666666667,61.833333333333336,3.4,114,0,0.0
2023-06-16T00:00:00.000000+0000,662.1,6.983333333333333,58.133333333333326,4.5,109,0,0.0
2023-06-16T01:00:00.000000+0000,661.7,7.183333333333334,56.23333333333334,6.7,111,0,0.0
2023-06-16T02:00:00.000000+0000,661.8,7.433333333333334,53.93333333333334,6.8,112,0,0.0
2023-06-16T03:00:00.000000+0000,661.8,7.8,48.5,6.6,123,0,0.0
2023-06-16T04:00:00.000000+0000,662.0,8.549999999999999,48.300000000000004,7.0,123,23,0.0
2023-06-16T05:00:00.000000+0000,662.4,9.766666666666667,52.166666666666664,6.4,108,180,0.0
2023-06-16T06:00:00.000000+0000,663.0,10.416666666666666,60.43333333333334,5.1,52,319,0.0
2023-06-16T07:00:00.000000+0000,663.5,11.566666666666668,57.13333333333335,5.4,40,482,0.0
2023-06-16T08:00:00.000000+0000,663.7,11.316666666666668,78.08333333333333,5.7,51,598,0.0
2023-06-16T09:00:00.000000+0000,663.4,11.85,77.0,7.5,28,773,0.0
2023-06-16T10:00:00.000000+0000,663.1,11.58,70.85999999999999,7.0,10,759,0.0
2023-06-16T11:00:00.000000+0000,663.0,,,6.5,32,643,0.0
2023-06-22T00:00:00.000000+0000,,5.68,76.5,,,,
2023-06-22T01:00:00.000000+0000,660.7,5.3999999999999995,78.05,6.4,102,0,0.0
2023-06-22T02:00:00.000000+0000,660.9,4.833333333333333,81.08333333333333,5.8,97,0,0.0
2023-06-22T03:00:00.000000+0000,661.1,5.0,82.66666666666667,4.4,116,0,0.0
2023-06-22T04:00:00.000000+0000,661.3,7.133333333333334,76.75000000000001,5.0,110,20,0.0
2023-06-22T05:00:00.000000+0000,661.8,9.1,73.41666666666667,5.2,99,199,0.0
2023-06-22T06:00:00.000000+0000,662.1,10.2,69.46666666666667,5.9,64,429,0.0
2023-06-22T07:00:00.000000+0000,662.3,10.833333333333334,70.53333333333333,6.5,65,638,0.0
2023-06-22T08:00:00.000000+0000,662.4,10.950000000000001,78.11666666666666,8.4,34,772,0.0
2023-06-22T09:00:00.000000+0000,662.3,11.116666666666667,78.43333333333332,7.6,27,728,0.0
2023-06-22T10:00:00.000000+0000,662.0,10.366666666666667,84.60000000000001,7.3,22,835,0.0
2023-06-22T11:00:00.000000+0000,661.8,11.049999999999999,74.91666666666667,7.0,7,621,0.0
2023-06-22T12:00:00.000000+0000,661.3,8.6,93.53333333333335,6.9,22,455,0.0
2023-06-22T13:00:00.000000+0000,661.1,8.6,93.51666666666665,4.7,22,102,0.3
2023-06-22T14:00:00.000000+0000,660.9,8.250000000000002,97.30000000000001,3.4,31,148,0.0
2023-06-22T15:00:00.000000+0000,660.9,7.0,92.60000000000001,2.6,41,83,0.0
2023-06-22T16:00:00.000000+0000,660.9,6.1000000000000005,58.300000000000004,4.4,108,21,0.0
2023-06-22T17:00:00.000000+0000,661.0,5.983333333333333,48.916666666666664,6.6,133,0,0.0
2023-06-22T18:00:00.000000+0000,661.3,6.116666666666666,45.616666666666674,6.3,127,0,0.0
2023-06-22T19:00:00.000000+0000,661.6,6.3999999999999995,44.38333333333333,7.0,129,0,0.0
2023-06-22T20:00:00.000000+0000,661.8,6.599999999999999,47.28333333333333,7.1,128,0,0.0
2023-06-22T21:00:00.000000+0000,661.8,6.550000000000001,53.88333333333333,7.3,126,0,0.0
2023-06-22T22:00:00.000000+0000,661.5,7.0,58.11666666666667,7.3,123,0,0.0
2023-06-22T23:00:00.000000+0000,661.0,6.733333333333333,55.1,7.3,112,0,0.0
2023-06-23T00:00:00.000000+0000,661.1,6.183333333333334,57.28333333333333,6.7,118,0,0.0
2023-06-23T01:00:00.000000+0000,661.2,5.583333333333333,58.400000000000006,5.9,108,0,0.0
2023-06-23T02:00:00.000000+0000,661.2,5.599999999999999,57.83333333333334,5.4,116,0,0.0
2023-06-23T03:00:00.000000+0000,661.4,5.3,60.65,5.2,117,0,0.0
2023-06-23T04:00:00.000000+0000,661.6,7.400000000000001,54.54999999999999,4.6,114,18,0.0
2023-06-23T05:00:00.000000+0000,661.9,9.883333333333333,47.13333333333333,5.1,108,167,0.0
2023-06-23T06:00:00.000000+0000,662.3,10.483333333333334,52.73333333333333,5.7,75,428,0.0
2023-06-23T07:00:00.000000+0000,662.6,10.766666666666666,61.19999999999999,5.0,44,638,0.0
2023-06-23T08:00:00.000000+0000,662.9,11.35,63.75,5.5,40,813,0.0
2023-06-23T09:00:00.000000+0000,662.8,10.233333333333334,76.80000000000001,6.7,20,934,0.0
2023-06-23T10:00:00.000000+0000,662.7,10.916666666666666,69.45,5.9,1,675,0.0
2023-06-23T11:00:00.000000+0000,662.2,9.299999999999999,81.23333333333335,6.8,8,749,0.0
2023-06-23T12:00:00.000000+0000,661.7,7.733333333333332,92.01666666666667,5.3,29,249,0.0
2023-06-23T13:00:00.000000+0000,661.4,7.966666666666666,93.23333333333335,4.9,35,117,0.0
2023-06-23T14:00:00.000000+0000,661.2,7.966666666666668,81.5,4.0,32,135,0.0
2023-06-23T15:00:00.000000+0000,661.1,6.699999999999999,65.05,3.8,70,77,0.0
2023-06-23T16:00:00.000000+0000,661.3,5.1499999999999995,59.150000000000006,3.9,104,19,0.0
2023-06-23T17:00:00.000000+0000,661.4,3.733333333333333,69.28333333333335,2.8,116,0,0.0
2023-06-23T18:00:00.000000+0000,661.6,3.65,64.5,2.2,125,0,0.0
2023-06-23T19:00:00.000000+0000,661.9,4.166666666666666,50.583333333333336,2.3,160,0,0.0
2023-06-23T20:00:00.000000+0000,661.9,4.95,48.699999999999996,1.5,127,0,0.0
2023-06-23T21:00:00.000000+0000,661.8,5.016666666666667,45.71666666666667,1.4,167,0,0.0
2023-06-23T22:00:00.000000+0000,661.8,4.75,48.1,1.8,117,0,0.0
2023-06-23T23:00:00.000000+0000,661.4,5.1000000000000005,56.98333333333334,3.6,120,0,0.0
2023-06-24T00:00:00.000000+0000,661.2,5.1000000000000005,59.65,4.1,115,0,0.0
2023-06-24T01:00:00.000000+0000,661.0,4.716666666666667,59.81666666666667,4.0,116,0,0.0
2023-06-24T02:00:00.000000+0000,661.2,6.25,56.599999999999994,3.3,123,0,0.0
2023-06-24T03:00:00.000000+0000,661.6,6.183333333333334,59.116666666666674,2.4,114,0,0.0
2023-06-24T04:00:00.000000+0000,662.0,6.949999999999999,61.28333333333333,1.9,94,5,0.0
2023-06-24T05:00:00.000000+0000,662.4,6.816666666666666,80.78333333333335,2.2,99,66,0.0
2023-06-24T06:00:00.000000+0000,662.8,6.8,83.14999999999999,2.9,44,129,0.0
2023-06-24T07:00:00.000000+0000,663.1,8.083333333333334,80.23333333333333,3.1,40,231,0.0
2023-06-24T08:00:00.000000+0000,662.9,9.016666666666667,78.38333333333333,3.3,21,496,0.0
2023-06-24T09:00:00.000000+0000,662.8,9.883333333333335,76.06666666666666,4.2,360,637,0.0
2023-06-24T10:00:00.000000+0000,662.4,9.783333333333333,80.93333333333332,5.0,7,722,0.0
2023-06-24T11:00:00.000000+0000,662.2,8.016666666666667,90.68333333333334,5.2,8,568,0.0
2023-06-24T12:00:00.000000+0000,661.8,7.0,99.25,3.6,9,189,0.0
2023-06-24T13:00:00.000000+0000,661.5,7.616666666666667,94.98333333333333,3.3,2,61,0.0
2023-06-24T14:00:00.000000+0000,661.4,7.283333333333332,93.93333333333334,2.5,20,167,0.0
2023-06-24T15:00:00.000000+0000,661.5,6.45,76.95,2.0,32,64,0.0
2023-06-24T16:00:00.000000+0000,661.6,6.3999999999999995,62.98333333333333,0.9,171,12,0.0
2023-06-24T17:00:00.000000+0000,661.6,5.833333333333333,56.9,2.2,180,0,0.0
2023-06-24T18:00:00.000000+0000,661.8,5.683333333333334,56.70000000000001,1.7,173,0,0.0
2023-06-24T19:00:00.000000+0000,662.0,6.033333333333334,59.73333333333333,1.8,128,0,0.0
2023-06-24T20:00:00.000000+0000,662.0,4.6499999999999995,66.30000000000001,1.3,149,0,0.0
2023-06-24T21:00:00.000000+0000,661.7,5.45,63.81666666666666,1.9,144,0,0.0
2023-06-24T22:00:00.000000+0000,661.7,5.05,66.64999999999999,1.7,225,0,0.0
2023-06-24T23:00:00.000000+0000,661.4,5.583333333333333,63.23333333333333,2.6,187,0,0.0
2023-06-25T00:00:00.000000+0000,661.2,4.033333333333333,74.31666666666666,1.0,225,0,0.0
2023-06-25T01:00:00.000000+0000,661.1,4.95,73.7,3.0,121,0,0.0
2023-06-25T02:00:00.000000+0000,661.0,4.933333333333334,76.11666666666666,5.7,116,0,0.0
2023-06-25T03:00:00.000000+0000,661.3,4.816666666666666,78.75,5.2,114,0,0.0
2023-06-25T04:00:00.000000+0000,661.7,6.566666666666667,75.89999999999999,4.7,113,16,0.0
2023-06-25T05:00:00.000000+0000,662.2,8.416666666666666,68.51666666666667,4.0,88,191,0.0
2023-06-25T06:00:00.000000+0000,662.6,9.933333333333334,61.48333333333333,5.9,70,409,0.0
2023-06-25T07:00:00.000000+0000,662.8,10.416666666666666,60.98333333333333,7.4,58,632,0.0
2023-06-25T08:00:00.000000+0000,662.8,11.433333333333335,56.550000000000004,7.5,52,787,0.0
2023-06-25T09:00:00.000000+0000,662.4,11.700000000000001,60.616666666666674,7.6,56,920,0.0
2023-06-25T10:00:00.000000+0000,662.1,12.066666666666668,52.18333333333334,6.7,28,907,0.0
2023-06-25T11:00:00.000000+0000,661.8,11.866666666666667,50.56666666666666,7.6,40,717,0.0
2023-06-25T12:00:00.000000+0000,661.5,11.316666666666665,56.38333333333333,6.0,42,793,0.0
2023-06-25T13:00:00.000000+0000,661.3,9.55,72.53333333333335,4.9,36,412,0.0
2023-06-25T14:00:00.000000+0000,661.2,9.483333333333333,79.8,3.6,50,160,0.0
2023-06-25T15:00:00.000000+0000,661.4,7.6000000000000005,91.98333333333335,3.3,16,201,0.0
2023-06-25T16:00:00.000000+0000,661.5,5.883333333333333,90.41666666666667,2.5,57,26,0.0
2023-06-25T17:00:00.000000+0000,661.5,6.233333333333333,90.64999999999999,1.7,160,0,0.0
2023-06-25T18:00:00.000000+0000,661.7,5.816666666666666,89.08333333333331,1.1,188,0,0.0
2023-06-25T19:00:00.000000+0000,662.0,4.833333333333333,86.81666666666666,2.2,151,0,0.0
2023-06-25T20:00:00.000000+0000,662.0,5.683333333333334,80.05,3.1,124,0,0.0
2023-06-25T21:00:00.000000+0000,661.9,5.216666666666666,81.34999999999998,2.9,122,0,0.0
2023-06-25T22:00:00.000000+0000,661.7,5.75,80.10000000000001,1.7,125,0,0.0
2023-06-25T23:00:00.000000+0000,661.3,5.083333333333333,83.16666666666667,1.1,166,0,0.0
2023-06-26T00:00:00.000000+0000,660.9,4.883333333333334,79.56666666666666,1.4,108,0,0.0
2023-06-26T01:00:00.000000+0000,660.8,5.466666666666668,77.05,3.1,122,0,0.0
2023-06-26T02:00:00.000000+0000,660.8,4.066666666666666,78.51666666666667,1.4,138,0,0.0
2023-06-26T03:00:00.000000+0000,661.0,4.150000000000001,71.2,2.5,142,0,0.0
2023-06-26T04:00:00.000000+0000,661.3,4.616666666666666,99.25,2.1,,,
2023-06-26T05:00:00.000000+0000,661.6,6.75,94.68333333333334,1.9,221,193,0.0
2023-06-26T06:00:00.000000+0000,662.1,7.716666666666668,95.58333333333333,2.0,284,371,0.0
2023-06-26T07:00:00.000000+0000,662.3,8.200000000000001,95.06666666666666,2.2,315,572,0.0
2023-06-26T08:00:00.000000+0000,662.3,8.566666666666666,90.5,2.8,333,544,0.0
2023-06-26T09:00:00.000000+0000,662.3,9.55,88.05000000000001,3.7,353,415,0.0
2023-06-26T10:00:00.000000+0000,661.9,10.699999999999998,78.76666666666667,4.4,352,588,0.0
2023-06-26T11:00:00.000000+0000,661.6,9.616666666666667,87.64999999999999,5.2,1,785,0.0
2023-06-26T12:00:00.000000+0000,661.1,10.416666666666666,79.51666666666667,6.0,7,405,0.0
2023-06-26T13:00:00.000000+0000,660.8,9.800000000000002,83.60000000000001,4.8,1,435,0.0
2023-06-26T14:00:00.000000+0000,660.7,9.600000000000001,86.06666666666666,5.5,14,321,0.0
2023-06-26T15:00:00.000000+0000,660.8,8.033333333333333,92.73333333333333,3.6,7,226,0.0
2023-06-26T16:00:00.000000+0000,661.0,6.333333333333333,69.66666666666667,2.3,87,18,0.0
2023-06-26T17:00:00.000000+0000,661.1,6.016666666666667,68.55,3.2,117,0,0.0
2023-06-26T18:00:00.000000+0000,661.3,4.55,76.68333333333332,3.7,123,0,0.0
2023-06-26T19:00:00.000000+0000,661.7,4.633333333333333,75.38333333333333,1.9,117,0,0.0
2023-06-26T20:00:00.000000+0000,661.4,5.1000000000000005,78.0,1.6,122,0,0.0
2023-06-26T21:00:00.000000+0000,661.3,4.083333333333333,85.83333333333333,1.7,141,0,0.0
2023-06-26T22:00:00.000000+0000,661.1,4.3,98.15000000000002,2.1,189,0,0.0
2023-06-26T23:00:00.000000+0000,660.9,3.5833333333333326,90.44999999999999,2.3,221,0,0.0
2023-06-27T00:00:00.000000+0000,660.6,3.9666666666666663,93.35000000000001,2.0,216,0,0.0
2023-06-27T01:00:00.000000+0000,660.7,4.449999999999999,99.26666666666667,2.3,233,0,0.0
2023-06-27T02:00:00.000000+0000,660.9,4.766666666666667,79.05,1.8,225,0,0.0
2023-06-27T03:00:00.000000+0000,661.1,5.316666666666666,64.76666666666667,3.9,123,0,0.0
2023-06-27T04:00:00.000000+0000,661.6,6.1499999999999995,92.08333333333333,2.8,106,19,0.0
2023-06-27T05:00:00.000000+0000,661.9,8.016666666666666,88.91666666666667,1.1,344,215,0.0
2023-06-27T06:00:00.000000+0000,662.4,9.016666666666666,87.10000000000001,2.6,16,412,0.0
2023-06-27T07:00:00.000000+0000,662.8,8.716666666666667,91.28333333333332,2.3,341,574,0.0
2023-06-27T08:00:00.000000+0000,662.9,9.466666666666667,85.93333333333332,2.9,331,413,0.0
2023-06-27T09:00:00.000000+0000,662.8,10.466666666666667,81.8,3.4,340,569,0.0
2023-06-27T10:00:00.000000+0000,662.5,10.466666666666667,77.83333333333333,5.5,12,705,0.0
2023-06-27T11:00:00.000000+0000,662.0,7.983333333333334,96.14999999999999,6.2,11,415,0.0
2023-06-27T12:00:00.000000+0000,661.7,7.3500000000000005,99.3,4.8,36,74,8.6
2023-06-27T13:00:00.000000+0000,661.6,8.666666666666666,99.3,2.8,42,55,0.3
2023-06-27T14:00:00.000000+0000,661.3,8.549999999999999,98.68333333333334,3.4,25,322,0.0
2023-06-27T15:00:00.000000+0000,661.5,6.900000000000001,99.06666666666666,3.1,32,132,0.0
2023-06-27T16:00:00.000000+0000,661.7,4.3,80.21666666666667,3.0,101,16,0.0
2023-06-27T17:00:00.000000+0000,661.9,4.933333333333333,80.18333333333332,1.8,126,0,0.0
2023-06-27T18:00:00.000000+0000,662.3,4.383333333333334,74.10000000000001,1.9,252,0,0.0
2023-06-27T19:00:00.000000+0000,662.5,3.9333333333333336,71.45,2.1,164,0,0.0
2023-06-27T20:00:00.000000+0000,662.5,4.3999999999999995,67.76666666666667,1.5,143,0,0.0
2023-06-27T21:00:00.000000+0000,662.4,4.3500000000000005,66.64999999999999,1.5,159,0,0.0
2023-06-27T22:00:00.000000+0000,661.9,5.533333333333332,58.28333333333334,1.9,139,0,0.0
2023-06-27T23:00:00.000000+0000,661.4,6.383333333333334,53.86666666666667,5.8,124,0,0.0
2023-06-28T00:00:00.000000+0000,661.0,6.616666666666667,51.71666666666667,7.3,131,0,0.0
2023-06-28T01:00:00.000000+0000,661.0,6.649999999999999,51.083333333333336,6.2,129,0,0.0
2023-06-28T02:00:00.000000+0000,661.0,6.716666666666668,51.11666666666667,7.7,139,0,0.0
2023-06-28T03:00:00.000000+0000,661.2,6.383333333333333,52.63333333333335,9.2,141,0,0.0
2023-06-28T04:00:00.000000+0000,661.8,7.433333333333333,60.93333333333334,5.2,147,18,0.0
2023-06-28T05:00:00.000000+0000,662.7,9.716666666666667,61.66666666666668,4.9,95,177,0.0
2023-06-28T06:00:00.000000+0000,663.2,7.916666666666667,91.51666666666667,5.5,34,413,0.0
2023-06-28T07:00:00.000000+0000,663.7,9.65,79.45,3.9,344,300,0.0
2023-06-28T08:00:00.000000+0000,663.8,10.566666666666668,77.33333333333333,4.9,21,738,0.0
2023-06-28T09:00:00.000000+0000,663.8,9.383333333333333,90.68333333333334,4.9,351,737,0.0
2023-06-28T10:00:00.000000+0000,663.5,4.8999999999999995,99.26666666666667,4.4,340,384,2.3
2023-06-28T11:00:00.000000+0000,663.5,3.466666666666667,98.39999999999999,4.2,,29,
2023-06-28T12:00:00.000000+0000,662.8,5.1499999999999995,93.19999999999999,7.7,126,65,
2023-06-28T13:00:00.000000+0000,662.4,6.316666666666666,93.85000000000002,4.0,135,82,5.1
2023-06-28T14:00:00.000000+0000,662.2,6.95,83.48333333333333,4.5,133,197,0.1
2023-06-28T15:00:00.000000+0000,662.8,5.966666666666666,99.18333333333334,2.5,49,43,0.0
2023-06-28T16:00:00.000000+0000,663.1,5.833333333333333,97.16666666666667,2.1,127,4,0.0
2023-06-28T17:00:00.000000+0000,663.1,6.099999999999999,76.96666666666665,1.7,190,0,0.0
2023-06-28T18:00:00.000000+0000,663.4,5.266666666666667,66.61666666666666,2.0,185,0,0.0
2023-06-28T19:00:00.000000+0000,663.6,5.916666666666667,59.26666666666667,2.6,196,0,0.0
2023-06-28T20:00:00.000000+0000,663.5,4.616666666666666,66.61666666666666,2.6,205,0,0.0
2023-06-28T21:00:00.000000+0000,663.1,4.966666666666666,63.98333333333333,3.2,131,0,0.0
2023-06-28T22:00:00.000000+0000,662.8,5.616666666666667,61.1,3.3,123,0,0.0
2023-06-28T23:00:00.000000+0000,662.2,5.833333333333333,60.1,5.2,123,0,0.0
2023-06-29T00:00:00.000000+0000,661.9,4.783333333333333,65.13333333333334,5.5,120,0,0.0
2023-06-29T01:00:00.000000+0000,661.8,3.8333333333333335,69.95,3.3,114,0,0.0
2023-06-29T02:00:00.000000+0000,661.9,4.466666666666666,70.23333333333333,2.7,126,0,0.0
2023-06-29T03:00:00.000000+0000,662.1,4.716666666666667,72.8,4.4,115,0,0.0
2023-06-29T04:00:00.000000+0000,662.4,7.3,69.51666666666668,4.6,120,17,0.0
2023-06-29T05:00:00.000000+0000,663.0,9.450000000000001,73.13333333333334,4.3,104,189,0.0
2023-06-29T06:00:00.000000+0000,663.5,9.933333333333334,73.26666666666667,3.8,67,413,0.0
2023-06-29T07:00:00.000000+0000,663.9,10.583333333333334,75.03333333333335,6.0,39,588,0.0
2023-06-29T08:00:00.000000+0000,664.0,9.4,93.91666666666669,4.8,37,566,0.0
2023-06-29T09:00:00.000000+0000,663.9,8.833333333333334,98.76666666666667,4.3,22,377,0.0
2023-06-29T10:00:00.000000+0000,663.6,9.383333333333333,95.21666666666668,5.0,19,378,0.0
2023-06-29T11:00:00.000000+0000,663.1,6.5,99.26666666666667,4.3,11,352,0.8
2023-06-29T12:00:00.000000+0000,662.6,7.3999999999999995,99.21666666666665,2.4,153,73,8.4
2023-06-29T13:00:00.000000+0000,662.3,8.516666666666666,98.3,1.3,108,167,0.0
2023-06-29T14:00:00.000000+0000,662.2,8.0,99.28333333333332,1.9,4,206,0.0
2023-06-29T15:00:00.000000+0000,662.3,7.033333333333332,98.14999999999999,1.4,326,84,0.0
2023-06-29T16:00:00.000000+0000,662.2,5.366666666666666,73.33333333333333,1.6,132,27,0.0
2023-06-29T17:00:00.000000+0000,662.3,4.766666666666667,71.66666666666667,3.1,128,0,0.0
2023-06-29T18:00:00.000000+0000,662.7,5.1000000000000005,66.60000000000001,2.6,118,0,0.0
2023-06-29T19:00:00.000000+0000,663.0,5.6000000000000005,66.26666666666667,3.0,131,0,0.0
2023-06-29T20:00:00.000000+0000,663.0,5.366666666666666,61.28333333333333,2.9,111,0,0.0
2023-06-29T21:00:00.000000+0000,662.7,5.716666666666668,57.116666666666674,2.9,118,0,0.0
2023-06-29T22:00:00.000000+0000,662.3,6.3999999999999995,52.21666666666667,4.4,122,0,0.0
2023-06-29T23:00:00.000000+0000,661.7,6.550000000000001,50.63333333333333,5.2,131,0,0.0
2023-06-30T00:00:00.000000+0000,661.4,6.783333333333334,46.4,6.2,123,0,0.0
2023-06-30T01:00:00.000000+0000,661.3,5.566666666666666,49.650000000000006,4.4,118,0,0.0
2023-06-30T02:00:00.000000+0000,661.5,5.433333333333334,54.76666666666667,3.1,108,0,0.0
2023-06-30T03:00:00.000000+0000,661.7,5.933333333333334,50.333333333333336,4.3,119,0,0.0
2023-06-30T04:00:00.000000+0000,662.1,5.25,76.08333333333333,4.6,116,19,0.0
2023-06-30T05:00:00.000000+0000,662.6,4.666666666666667,98.03333333333335,1.5,66,174,0.0
2023-06-30T06:00:00.000000+0000,663.1,7.0,88.73333333333333,1.6,51,327,0.0
2023-06-30T07:00:00.000000+0000,663.5,8.583333333333334,82.05,3.3,29,601,0.0
2023-06-30T08:00:00.000000+0000,663.6,8.116666666666667,94.59999999999998,3.5,356,564,0.0
2023-06-30T09:00:00.000000+0000,663.4,8.200000000000001,94.58333333333333,3.5,333,362,0.0
2023-06-30T10:00:00.000000+0000,663.1,8.716666666666667,97.60000000000001,3.3,2,335,0.0
2023-06-30T11:00:00.000000+0000,662.9,8.6,94.8,4.4,15,385,0.0
2023-06-30T12:00:00.000000+0000,662.4,9.483333333333333,90.21666666666665,3.3,358,362,0.0
2023-06-30T13:00:00.000000+0000,661.9,8.883333333333333,94.48333333333333,3.7,352,445,0.0
2023-06-30T14:00:00.000000+0000,661.8,8.216666666666667,95.64999999999999,3.6,345,341,0.0
2023-06-30T15:00:00.000000+0000,661.8,6.583333333333333,99.21666666666665,3.0,37,87,0.0
2023-06-30T16:00:00.000000+0000,661.9,5.066666666666666,99.3,1.3,146,18,0.0
2023-06-30T17:00:00.000000+0000,662.0,5.8999999999999995,99.25,1.3,225,0,0.0
2023-06-30T18:00:00.000000+0000,662.5,5.333333333333332,98.16666666666667,1.2,210,0,0.0
2023-06-30T19:00:00.000000+0000,662.9,4.1499999999999995,94.01666666666667,1.2,159,0,0.0
2023-06-30T20:00:00.000000+0000,662.9,4.083333333333333,91.28333333333332,2.4,204,0,0.0
2023-06-30T21:00:00.000000+0000,662.8,3.5,78.03333333333335,1.7,203,0,0.0
2023-06-30T22:00:00.000000+0000,662.3,4.133333333333334,72.21666666666665,2.1,144,0,0.0
2023-06-30T23:00:00.000000+0000,661.9,4.65,61.51666666666667,1.2,108,0,0.0
2023-07-01T00:00:00.000000+0000,661.6,4.266666666666667,67.3,3.9,113,0,0.0
2023-07-01T01:00:00.000000+0000,661.5,3.3000000000000003,75.25,2.4,113,0,0.0
2023-07-01T02:00:00.000000+0000,661.6,4.066666666666666,80.58333333333333,1.2,165,0,0.0
2023-07-01T03:00:00.000000+0000,662.0,2.983333333333334,88.53333333333332,0.7,191,0,0.0
2023-07-01T04:00:00.000000+0000,662.1,5.516666666666667,79.53333333333335,1.8,106,13,0.0
2023-07-01T05:00:00.000000+0000,662.7,8.016666666666667,71.05,1.8,111,182,0.0
2023-07-01T06:00:00.000000+0000,663.2,8.083333333333334,81.89999999999999,2.3,321,404,0.0
2023-07-01T07:00:00.000000+0000,663.6,7.716666666666668,96.81666666666666,3.0,303,609,0.0
2023-07-01T08:00:00.000000+0000,664.0,7.716666666666666,98.11666666666667,2.4,304,411,0.0
2023-07-01T09:00:00.000000+0000,663.9,7.833333333333333,98.5,3.0,321,240,0.0
2023-07-01T10:00:00.000000+0000,663.6,8.35,96.93333333333334,3.1,339,222,0.0
2023-07-01T11:00:00.000000+0000,663.4,7.466666666666666,99.25,3.8,357,326,0.0
2023-07-01T12:00:00.000000+0000,663.0,6.233333333333333,98.14999999999999,2.7,5,101,0.6
2023-07-01T13:00:00.000000+0000,662.5,6.916666666666667,93.76666666666667,3.1,135,90,6.0
2023-07-01T14:00:00.000000+0000,662.3,7.199999999999999,98.25,2.0,82,136,3.7
2023-07-01T15:00:00.000000+0000,662.3,6.833333333333333,96.93333333333334,1.5,279,121,0.0
2023-07-01T16:00:00.000000+0000,662.5,5.283333333333332,97.26666666666667,1.4,190,13,0.0
2023-07-01T17:00:00.000000+0000,662.5,3.966666666666667,92.95,0.6,90,0,0.0
2023-07-01T18:00:00.000000+0000,662.9,3.716666666666667,90.60000000000001,0.9,129,0,0.0
2023-07-01T19:00:00.000000+0000,663.2,3.866666666666667,88.58333333333333,1.5,146,0,0.0
2023-07-01T20:00:00.000000+0000,663.3,4.183333333333333,88.60000000000001,1.4,99,0,0.0
2023-07-01T21:00:00.000000+0000,663.3,3.1666666666666665,93.5,1.0,104,0,0.0
2023-07-01T22:00:00.000000+0000,663.0,2.9,87.58333333333333,1.5,143,0,0.0
2023-07-01T23:00:00.000000+0000,662.6,3.4333333333333336,84.31666666666666,1.5,162,0,0.0
2023-07-02T00:00:00.000000+0000,662.2,3.866666666666666,86.21666666666665,0.8,162,0,0.0
2023-07-02T01:00:00.000000+0000,662.0,3.0833333333333335,92.46666666666668,1.0,191,0,0.0
2023-07-02T02:00:00.000000+0000,662.2,3.15,92.23333333333333,1.2,186,0,0.0
2023-07-02T03:00:00.000000+0000,662.3,2.9166666666666665,92.18333333333334,1.3,149,0,0.0
2023-07-02T04:00:00.000000+0000,662.6,5.616666666666666,87.44999999999999,2.5,117,13,0.0
2023-07-02T05:00:00.000000+0000,663.1,8.083333333333332,78.14999999999999,2.3,109,187,0.0
2023-07-02T06:00:00.000000+0000,663.5,7.366666666666666,89.69999999999999,3.4,14,419,0.0
2023-07-02T07:00:00.000000+0000,664.0,7.583333333333333,97.30000000000001,2.6,322,330,0.0
2023-07-02T08:00:00.000000+0000,664.1,7.983333333333334,97.11666666666667,2.7,318,463,0.0
2023-07-02T09:00:00.000000+0000,664.0,7.95,98.56666666666666,3.3,349,320,0.0
2023-07-02T10:00:00.000000+0000,663.8,7.766666666666666,99.18333333333334,2.9,332,415,0.0
2023-07-02T11:00:00.000000+0000,663.4,7.816666666666667,97.98333333333333,3.7,330,266,0.0
2023-07-02T12:00:00.000000+0000,663.1,7.45,97.13333333333333,2.2,360,281,0.0
2023-07-02T13:00:00.000000+0000,662.8,7.916666666666668,98.58333333333333,2.8,343,255,0.0
2023-07-02T14:00:00.000000+0000,662.6,7.216666666666668,98.55,2.3,332,231,0.0
2023-07-02T15:00:00.000000+0000,662.7,5.733333333333333,96.88333333333333,2.2,19,77,0.0
2023-07-02T16:00:00.000000+0000,662.8,5.133333333333333,87.25,1.9,128,20,0.0
2023-07-02T17:00:00.000000+0000,663.0,4.266666666666667,96.76666666666667,2.0,227,0,0.0
2023-07-02T18:00:00.000000+0000,663.4,3.8166666666666664,91.88333333333333,2.2,253,0,0.0
2023-07-02T19:00:00.000000+0000,663.4,4.033333333333333,82.68333333333332,1.9,222,0,0.0
2023-07-02T20:00:00.000000+0000,663.6,4.183333333333334,77.45,2.7,230,0,0.0
2023-07-02T21:00:00.000000+0000,663.5,2.966666666666667,90.56666666666666,1.6,222,0,0.0
2023-07-02T22:00:00.000000+0000,663.0,4.316666666666667,72.01666666666667,1.9,212,0,0.0
2023-07-02T23:00:00.000000+0000,662.7,3.15,83.2,1.4,230,0,0.0
2023-07-03T00:00:00.000000+0000,662.3,3.65,87.91666666666667,2.0,209,0,0.0
2023-07-03T01:00:00.000000+0000,662.0,2.966666666666667,89.41666666666667,1.5,200,0,0.0
2023-07-03T02:00:00.000000+0000,662.0,4.1,90.31666666666666,1.7,174,0,0.0
2023-07-03T03:00:00.000000+0000,662.4,2.8333333333333335,98.21666666666665,0.9,297,0,0.0
2023-07-03T04:00:00.000000+0000,662.7,5.616666666666667,79.94999999999999,0.6,135,18,0.0
2023-07-03T05:00:00.000000+0000,663.0,8.35,73.60000000000001,2.4,101,197,0.0
2023-07-03T06:00:00.000000+0000,663.6,8.3,87.0,2.4,28,426,0.0
2023-07-03T07:00:00.000000+0000,664.0,8.533333333333333,95.3,3.2,333,591,0.0
2023-07-03T08:00:00.000000+0000,664.1,7.616666666666667,98.56666666666666,3.2,340,582,0.0
2023-07-03T09:00:00.000000+0000,664.2,8.249999999999998,94.41666666666667,3.5,336,276,0.0
2023-07-03T10:00:00.000000+0000,663.8,9.366666666666665,86.86666666666666,3.3,348,501,0.0
2023-07-03T11:00:00.000000+0000,663.5,7.833333333333335,97.69999999999999,3.8,5,588,0.0
2023-07-03T12:00:00.000000+0000,663.1,7.416666666666667,97.81666666666666,4.1,346,166,0.0
2023-07-03T13:00:00.000000+0000,662.7,7.3500000000000005,99.10000000000001,2.4,355,222,0.0
2023-07-03T14:00:00.000000+0000,662.6,6.833333333333333,99.23333333333333,3.0,352,136,0.0
2023-07-03T15:00:00.000000+0000,662.7,6.133333333333333,99.28333333333335,1.4,5,77,0.0
2023-07-03T16:00:00.000000+0000,662.8,4.716666666666666,91.86666666666667,1.4,198,16,0.0
2023-07-03T17:00:00.000000+0000,663.0,4.433333333333333,84.74999999999999,2.4,197,0,0.0
2023-07-03T18:00:00.000000+0000,663.3,4.2,81.86666666666667,2.1,199,0,0.0
2023-07-03T19:00:00.000000+0000,663.5,3.983333333333333,81.03333333333333,2.7,203,0,0.0
2023-07-03T20:00:00.000000+0000,663.3,4.3500000000000005,76.98333333333335,1.1,200,0,0.0
2023-07-03T21:00:00.000000+0000,663.1,4.533333333333334,65.76666666666667,1.5,204,0,0.0
2023-07-03T22:00:00.000000+0000,662.8,3.883333333333333,72.26666666666667,1.5,247,0,0.0
2023-07-03T23:00:00.000000+0000,662.4,3.8333333333333335,74.71666666666665,2.2,215,0,0.0
2023-07-04T00:00:00.000000+0000,662.2,4.1499999999999995,74.85000000000001,2.6,209,0,0.0
2023-07-04T01:00:00.000000+0000,662.0,3.1833333333333336,83.71666666666667,1.2,248,0,0.0
2023-07-04T02:00:00.000000+0000,662.2,3.0500000000000003,88.45,2.7,216,0,0.0
2023-07-04T03:00:00.000000+0000,662.4,2.3333333333333335,94.88333333333333,1.9,243,0,0.0
2023-07-04T04:00:00.000000+0000,662.4,4.516666666666667,91.43333333333334,1.6,208,20,0.0
2023-07-04T05:00:00.000000+0000,662.9,6.616666666666667,83.03333333333332,1.2,214,202,0.0
2023-07-04T06:00:00.000000+0000,663.4,6.95,94.78333333333332,2.0,318,405,0.0
2023-07-04T07:00:00.000000+0000,663.8,7.400000000000001,94.76666666666667,3.4,329,347,0.0
2023-07-04T08:00:00.000000+0000,663.9,8.266666666666666,86.11666666666667,2.9,356,478,0.0
2023-07-04T09:00:00.000000+0000,663.7,8.283333333333333,88.0,4.1,353,535,0.0
2023-07-04T10:00:00.000000+0000,663.3,8.4,89.33333333333333,3.9,22,614,0.0
2023-07-04T11:00:00.000000+0000,662.9,7.816666666666666,93.03333333333335,3.2,19,412,0.0
2023-07-04T12:00:00.000000+0000,662.4,8.55,89.68333333333334,3.1,356,300,0.0
2023-07-04T13:00:00.000000+0000,662.0,7.083333333333335,98.48333333333333,4.6,9,409,0.0
2023-07-04T14:00:00.000000+0000,661.8,6.833333333333333,98.75,3.3,358,158,0.0
2023-07-04T15:00:00.000000+0000,661.6,6.216666666666666,99.06666666666666,2.3,332,98,0.0
2023-07-04T16:00:00.000000+0000,661.6,5.0,99.06666666666666,1.0,14,21,0.0
2023-07-04T17:00:00.000000+0000,661.9,4.466666666666667,95.68333333333334,1.8,227,0,0.0
2023-07-04T18:00:00.000000+0000,662.2,4.016666666666667,91.0,2.5,213,0,0.0
2023-07-04T19:00:00.000000+0000,662.3,4.1,82.95,3.3,196,0,0.0
2023-07-04T20:00:00.000000+0000,662.2,4.366666666666667,78.14999999999999,2.1,207,0,0.0
2023-07-04T21:00:00.000000+0000,662.2,4.066666666666666,82.88333333333333,2.1,205,0,0.0
2023-07-04T22:00:00.000000+0000,661.9,4.516666666666667,82.8,1.4,167,0,0.0
2023-07-04T23:00:00.000000+0000,661.5,4.05,82.33333333333333,3.0,186,0,0.0
2023-07-05T00:00:00.000000+0000,661.3,3.283333333333333,91.11666666666667,1.8,211,0,0.0
2023-07-05T01:00:00.000000+0000,661.2,3.1833333333333336,97.78333333333335,2.2,216,0,0.0
2023-07-05T02:00:00.000000+0000,661.2,2.75,92.03333333333335,1.6,215,0,0.0
2023-07-05T03:00:00.000000+0000,661.1,3.3166666666666664,95.56666666666666,1.7,198,0,0.0
2023-07-05T04:00:00.000000+0000,661.5,5.6000000000000005,84.85,2.0,176,22,0.0
2023-07-05T05:00:00.000000+0000,661.9,7.216666666666666,79.86666666666667,2.1,163,181,0.0
2023-07-05T06:00:00.000000+0000,662.4,7.9333333333333345,79.50000000000001,2.0,79,431,0.0
2023-07-05T07:00:00.000000+0000,662.7,8.616666666666667,78.56666666666666,2.5,27,469,0.0
2023-07-05T08:00:00.000000+0000,662.8,8.816666666666668,78.23333333333333,3.1,344,625,0.0
2023-07-05T09:00:00.000000+0000,662.8,10.1,74.80000000000001,3.2,333,646,0.0
2023-07-05T10:00:00.000000+0000,662.7,9.016666666666667,86.16666666666667,4.4,337,761,0.0
2023-07-05T11:00:00.000000+0000,662.3,8.416666666666666,90.38333333333334,5.8,351,476,0.0
2023-07-05T12:00:00.000000+0000,662.0,9.033333333333333,85.41666666666667,4.6,356,287,0.0
2023-07-05T13:00:00.000000+0000,661.7,8.216666666666667,90.78333333333335,4.0,14,417,0.0
2023-07-05T14:00:00.000000+0000,661.5,7.25,98.28333333333332,4.1,16,193,0.0
2023-07-05T15:00:00.000000+0000,661.6,6.833333333333333,98.65000000000002,1.9,33,94,0.0
2023-07-05T16:00:00.000000+0000,661.8,4.666666666666667,91.2,1.9,270,27,0.0
2023-07-05T17:00:00.000000+0000,661.8,4.8500000000000005,76.58333333333333,1.3,158,0,0.0
2023-07-05T18:00:00.000000+0000,662.1,5.266666666666667,71.45,2.0,198,0,0.0
2023-07-05T19:00:00.000000+0000,662.2,4.383333333333333,79.86666666666666,2.8,223,0,0.0
2023-07-05T20:00:00.000000+0000,662.0,4.083333333333334,93.0,2.5,236,0,0.0
2023-07-05T21:00:00.000000+0000,661.9,4.016666666666667,92.85000000000001,2.7,233,0,0.0
2023-07-05T22:00:00.000000+0000,661.6,3.6999999999999997,89.01666666666667,1.9,223,0,0.0
2023-07-05T23:00:00.000000+0000,661.3,3.333333333333334,92.46666666666668,2.1,231,0,0.0
2023-07-06T00:00:00.000000+0000,661.1,3.6666666666666665,86.30000000000001,3.0,227,0,0.0
2023-07-06T01:00:00.000000+0000,661.2,3.1333333333333333,77.68333333333334,1.3,210,0,0.0
2023-07-06T02:00:00.000000+0000,661.2,3.4499999999999997,77.13333333333334,1.3,235,0,0.0
2023-07-06T03:00:00.000000+0000,661.4,3.0500000000000003,94.68333333333334,2.3,238,0,0.0
2023-07-06T04:00:00.000000+0000,661.7,4.466666666666668,87.94999999999999,2.5,237,14,0.0
2023-07-06T05:00:00.000000+0000,661.9,7.083333333333333,77.63333333333333,1.6,250,196,0.0
2023-07-06T06:00:00.000000+0000,662.5,7.550000000000001,73.56666666666666,1.4,297,427,0.0
2023-07-06T07:00:00.000000+0000,662.8,9.0,77.7,2.1,324,414,0.0
2023-07-06T08:00:00.000000+0000,662.8,9.25,83.98333333333333,2.9,351,723,0.0
2023-07-06T09:00:00.000000+0000,662.8,9.316666666666666,83.23333333333333,4.3,349,581,0.0
2023-07-06T10:00:00.000000+0000,662.7,9.766666666666667,80.84999999999998,5.3,353,527,0.0
2023-07-06T11:00:00.000000+0000,662.4,10.133333333333333,80.21666666666667,4.8,346,491,0.0
2023-07-06T12:00:00.000000+0000,662.0,9.85,85.06666666666668,4.7,4,576,0.0
2023-07-06T13:00:00.000000+0000,661.7,9.45,87.14999999999999,4.8,359,522,0.0
2023-07-06T14:00:00.000000+0000,661.5,8.183333333333332,97.31666666666666,3.2,4,234,0.0
2023-07-06T15:00:00.000000+0000,661.4,7.1499999999999995,99.3,2.7,6,70,0.0
2023-07-06T16:00:00.000000+0000,661.5,6.366666666666667,99.3,2.1,315,7,0.0
2023-07-06T17:00:00.000000+0000,661.4,4.966666666666667,94.51666666666665,1.5,310,0,0.0
2023-07-06T18:00:00.000000+0000,661.6,4.266666666666667,89.46666666666668,2.2,209,0,0.0
2023-07-06T19:00:00.000000+0000,661.8,4.3,88.28333333333335,1.7,217,0,0.0
2023-07-06T20:00:00.000000+0000,661.9,4.2,90.63333333333333,3.6,222,0,0.0
2023-07-06T21:00:00.000000+0000,661.9,4.583333333333333,90.2,4.0,216,0,0.0
2023-07-06T22:00:00.000000+0000,661.7,4.666666666666667,90.21666666666668,3.6,221,0,0.0
2023-07-06T23:00:00.000000+0000,661.6,3.933333333333333,96.60000000000001,3.1,229,0,0.0
2023-07-07T00:00:00.000000+0000,661.2,3.5666666666666664,95.71666666666668,3.4,220,0,0.0
2023-07-07T01:00:00.000000+0000,661.3,4.15,97.11666666666667,2.2,208,0,0.0
2023-07-07T02:00:00.000000+0000,661.5,4.083333333333333,99.2,1.6,208,0,0.0
2023-07-07T03:00:00.000000+0000,661.7,3.6666666666666665,97.64999999999999,0.8,153,0,0.0
2023-07-07T04:00:00.000000+0000,661.9,4.883333333333333,89.35000000000001,1.9,124,14,0.0
2023-07-07T05:00:00.000000+0000,662.4,6.566666666666666,83.33333333333334,1.8,72,147,0.0
2023-07-07T06:00:00.000000+0000,662.8,7.1000000000000005,86.43333333333334,2.0,34,318,0.0
2023-07-07T07:00:00.000000+0000,663.1,7.333333333333333,91.91666666666667,4.4,3,303,0.0
2023-07-07T08:00:00.000000+0000,663.1,7.8500000000000005,90.41666666666667,3.8,355,432,0.0
2023-07-07T09:00:00.000000+0000,662.9,9.15,80.2,3.9,20,453,0.0
2023-07-07T10:00:00.000000+0000,662.7,8.15,89.60000000000001,4.6,3,543,0.0
2023-07-07T11:00:00.000000+0000,662.3,7.95,96.11666666666666,5.3,19,212,0.0
2023-07-07T12:00:00.000000+0000,661.9,7.483333333333333,95.98333333333335,5.9,22,327,0.0
2023-07-07T13:00:00.000000+0000,661.6,7.116666666666667,98.16666666666667,5.8,28,149,0.0
2023-07-07T14:00:00.000000+0000,661.6,6.333333333333333,99.26666666666667,4.6,22,205,0.0
2023-07-07T15:00:00.000000+0000,661.8,5.883333333333333,99.3,2.3,10,39,0.3
2023-07-07T16:00:00.000000+0000,662.0,4.583333333333333,89.56666666666668,3.1,71,4,0.3
2023-07-07T17:00:00.000000+0000,662.0,4.383333333333334,82.36666666666666,3.4,122,0,0.0
2023-07-07T18:00:00.000000+0000,662.3,4.0,83.60000000000001,2.8,108,0,0.0
2023-07-07T19:00:00.000000+0000,662.4,3.8833333333333333,82.76666666666667,3.6,115,0,0.0
2023-07-07T20:00:00.000000+0000,662.4,3.5500000000000003,87.01666666666667,3.8,117,0,0.0
2023-07-07T21:00:00.000000+0000,662.3,4.316666666666667,80.98333333333333,3.8,120,0,0.0
2023-07-07T22:00:00.000000+0000,661.9,3.75,83.78333333333333,5.4,114,0,0.0
2023-07-07T23:00:00.000000+0000,661.5,3.25,86.05000000000001,4.0,115,0,0.0
2023-07-08T00:00:00.000000+0000,661.2,3.1166666666666667,86.3,4.5,118,0,0.0
2023-07-08T01:00:00.000000+0000,661.1,2.6666666666666665,91.11666666666667,4.0,118,0,0.0
2023-07-08T02:00:00.000000+0000,661.3,2.966666666666667,83.31666666666666,4.6,130,0,0.0
2023-07-08T03:00:00.000000+0000,661.5,3.483333333333333,74.39999999999999,6.5,125,0,0.0
2023-07-08T04:00:00.000000+0000,661.7,6.183333333333334,63.699999999999996,6.1,128,18,0.0
2023-07-08T05:00:00.000000+0000,662.1,8.4,63.76666666666666,5.7,110,201,0.0
2023-07-08T06:00:00.000000+0000,662.7,8.866666666666667,65.01666666666667,5.4,56,424,0.0
2023-07-08T07:00:00.000000+0000,663.1,8.15,84.64999999999999,6.9,52,536,0.0
2023-07-08T08:00:00.000000+0000,663.3,7.833333333333333,91.0,6.2,26,575,0.0
2023-07-08T09:00:00.000000+0000,663.0,7.816666666666666,91.44999999999999,5.4,33,553,0.0
2023-07-08T10:00:00.000000+0000,662.9,7.516666666666666,95.5,5.5,21,444,0.0
2023-07-08T11:00:00.000000+0000,662.5,7.1000000000000005,96.56666666666666,4.2,22,379,0.0
2023-07-08T12:00:00.000000+0000,662.1,6.633333333333334,99.21666666666665,5.5,35,198,0.0
2023-07-08T13:00:00.000000+0000,661.9,6.933333333333333,97.55,5.4,28,173,0.0
2023-07-08T14:00:00.000000+0000,661.9,6.516666666666667,99.18333333333334,4.4,32,194,0.0
2023-07-08T15:00:00.000000+0000,661.9,5.683333333333334,99.3,4.5,43,91,0.0
2023-07-08T16:00:00.000000+0000,662.1,2.85,77.68333333333334,2.7,63,10,0.0
2023-07-08T17:00:00.000000+0000,661.9,3.733333333333334,47.06666666666666,2.8,135,0,0.0
2023-07-08T18:00:00.000000+0000,662.0,4.25,40.699999999999996,6.3,147,0,0.0
2023-07-08T19:00:00.000000+0000,662.3,5.733333333333333,35.63333333333333,6.8,153,0,0.0
2023-07-08T20:00:00.000000+0000,662.2,5.883333333333333,34.916666666666664,7.9,139,0,0.0
2023-07-08T21:00:00.000000+0000,661.9,5.916666666666667,35.03333333333333,9.3,141,0,0.0
2023-07-08T22:00:00.000000+0000,661.5,5.949999999999999,34.98333333333333,10.7,142,0,0.0
2023-07-08T23:00:00.000000+0000,661.1,6.066666666666666,34.800000000000004,9.9,143,0,0.0
2023-07-09T00:00:00.000000+0000,660.9,5.75,37.31666666666667,9.0,152,0,0.0
2023-07-09T01:00:00.000000+0000,661.0,5.583333333333333,38.63333333333333,5.9,181,0,0.0
2023-07-09T02:00:00.000000+0000,661.2,4.083333333333333,45.23333333333333,1.2,197,0,0.0
2023-07-09T03:00:00.000000+0000,661.4,3.883333333333333,45.75,1.4,160,0,0.0
2023-07-09T04:00:00.000000+0000,661.8,6.416666666666667,39.76666666666667,1.6,214,22,0.0
2023-07-09T05:00:00.000000+0000,662.3,7.55,52.916666666666664,1.0,262,208,0.0
2023-07-09T06:00:00.000000+0000,662.9,7.6000000000000005,79.2,2.0,342,431,0.0
2023-07-09T07:00:00.000000+0000,663.3,6.699999999999999,96.85000000000001,3.1,335,680,0.0
2023-07-09T08:00:00.000000+0000,663.4,6.0,99.3,2.5,310,222,0.0
2023-07-09T09:00:00.000000+0000,663.2,6.116666666666667,99.3,2.5,321,140,0.0
2023-07-09T10:00:00.000000+0000,663.0,6.3999999999999995,99.3,2.5,345,142,0.0
2023-07-09T11:00:00.000000+0000,662.9,6.400000000000001,99.3,3.2,358,148,0.0
2023-07-09T12:00:00.000000+0000,662.5,6.533333333333332,99.3,3.2,342,108,0.0
2023-07-09T13:00:00.000000+0000,662.2,6.55,99.28333333333335,3.4,358,123,0.0
2023-07-09T14:00:00.000000+0000,662.3,7.116666666666667,97.93333333333332,2.9,324,188,0.0
2023-07-09T15:00:00.000000+0000,662.4,6.25,99.3,3.1,298,142,0.0
2023-07-09T16:00:00.000000+0000,662.5,5.116666666666667,99.3,3.4,272,24,0.0
2023-07-09T17:00:00.000000+0000,662.4,3.8833333333333333,95.15000000000002,3.3,250,0,0.0
2023-07-09T18:00:00.000000+0000,662.6,4.283333333333334,71.60000000000001,2.9,231,0,0.0
2023-07-09T19:00:00.000000+0000,662.8,3.516666666666667,60.43333333333333,3.3,215,0,0.0
2023-07-09T20:00:00.000000+0000,662.7,4.483333333333333,54.599999999999994,3.9,138,0,0.0
2023-07-09T21:00:00.000000+0000,662.5,4.933333333333334,52.083333333333336,5.7,136,0,0.0
2023-07-09T22:00:00.000000+0000,662.2,5.116666666666666,49.699999999999996,6.5,138,0,0.0
2023-07-09T23:00:00.000000+0000,661.7,5.400000000000001,46.36666666666667,6.0,137,0,0.0
2023-07-10T00:00:00.000000+0000,661.3,4.45,45.06666666666666,5.7,136,0,0.0
2023-07-10T01:00:00.000000+0000,661.4,4.233333333333333,44.85,5.0,151,0,0.0
2023-07-10T02:00:00.000000+0000,661.5,4.050000000000001,45.699999999999996,5.1,136,0,0.0
2023-07-10T03:00:00.000000+0000,661.8,3.4,46.68333333333333,5.5,132,0,0.0
2023-07-10T04:00:00.000000+0000,662.1,7.6000000000000005,35.800000000000004,4.1,140,21,0.0
2023-07-10T05:00:00.000000+0000,662.7,9.166666666666666,36.98333333333333,2.1,113,218,0.0
2023-07-10T06:00:00.000000+0000,663.3,8.450000000000001,74.35000000000001,2.2,297,436,0.0
2023-07-10T07:00:00.000000+0000,663.6,9.033333333333333,83.23333333333333,2.9,285,645,0.0
2023-07-10T08:00:00.000000+0000,663.7,9.05,85.41666666666667,4.7,301,856,0.0
2023-07-10T09:00:00.000000+0000,663.6,8.9,90.89999999999999,5.0,307,499,0.0
2023-07-10T10:00:00.000000+0000,663.2,8.516666666666666,93.43333333333334,4.0,297,444,0.0
2023-07-10T11:00:00.000000+0000,662.9,8.450000000000001,90.73333333333333,4.1,314,226,0.0
2023-07-10T12:00:00.000000+0000,662.6,7.866666666666667,93.95,2.8,332,272,0.0
2023-07-10T13:00:00.000000+0000,662.3,7.983333333333333,92.76666666666665,2.6,308,101,0.0
2023-07-10T14:00:00.000000+0000,662.4,7.616666666666667,95.46666666666665,2.1,275,211,0.0
2023-07-10T15:00:00.000000+0000,662.5,6.216666666666666,97.63333333333333,1.8,295,49,0.0
2023-07-10T16:00:00.000000+0000,662.5,4.366666666666667,69.93333333333334,1.9,193,11,0.0
2023-07-10T17:00:00.000000+0000,662.5,5.066666666666667,63.25,2.4,219,0,0.0
2023-07-10T18:00:00.000000+0000,662.8,4.55,68.68333333333332,4.2,224,0,0.0
2023-07-10T19:00:00.000000+0000,662.9,4.266666666666667,63.25,4.3,204,0,0.0
2023-07-10T20:00:00.000000+0000,662.8,3.1333333333333333,50.31666666666666,3.5,207,0,0.0
2023-07-10T21:00:00.000000+0000,662.4,4.1,35.23333333333333,1.8,170,0,0.0
2023-07-10T22:00:00.000000+0000,662.0,4.0,29.91666666666667,2.0,167,0,0.0
2023-07-10T23:00:00.000000+0000,661.7,4.3,27.933333333333334,2.2,167,0,0.0
2023-07-11T00:00:00.000000+0000,661.5,3.3166666666666664,29.88333333333333,1.2,139,0,0.0
2023-07-11T01:00:00.000000+0000,661.4,3.9499999999999997,28.850000000000005,3.2,117,0,0.0
2023-07-11T02:00:00.000000+0000,661.5,3.5,31.350000000000005,2.2,124,0,0.0
2023-07-11T03:00:00.000000+0000,662.0,3.1333333333333333,33.13333333333333,2.0,131,0,0.0
2023-07-11T04:00:00.000000+0000,662.4,7.616666666666667,25.316666666666666,1.5,122,24,0.0
2023-07-11T05:00:00.000000+0000,662.9,10.983333333333334,16.900000000000002,1.4,107,228,0.0
2023-07-11T06:00:00.000000+0000,663.4,10.133333333333333,33.78333333333333,1.5,280,455,0.0
2023-07-11T07:00:00.000000+0000,663.5,10.183333333333334,44.25,3.0,296,623,0.0
2023-07-11T08:00:00.000000+0000,663.6,10.333333333333334,70.38333333333333,5.7,290,811,0.0
2023-07-11T09:00:00.000000+0000,663.5,9.916666666666666,71.85000000000001,4.9,299,937,0.0
2023-07-11T10:00:00.000000+0000,663.3,9.416666666666666,74.43333333333334,5.4,315,609,0.0
2023-07-11T11:00:00.000000+0000,663.0,9.666666666666666,69.55,4.4,324,247,0.0
2023-07-11T12:00:00.000000+0000,662.7,9.283333333333333,83.66666666666667,6.1,299,497,0.0
2023-07-11T13:00:00.000000+0000,662.4,8.816666666666666,85.2,4.9,331,241,0.0
2023-07-11T14:00:00.000000+0000,662.4,10.049999999999999,74.28333333333333,5.4,329,159,0.0
2023-07-11T15:00:00.000000+0000,662.2,8.049999999999999,76.90000000000002,4.0,340,276,0.0
2023-07-11T16:00:00.000000+0000,662.2,5.083333333333333,70.38333333333333,1.7,339,52,0.0
2023-07-11T17:00:00.000000+0000,662.1,5.866666666666667,47.9,2.5,202,0,0.0
2023-07-11T18:00:00.000000+0000,662.2,6.25,41.35,2.6,214,0,0.0
2023-07-11T19:00:00.000000+0000,662.4,5.283333333333333,44.28333333333333,1.9,229,0,0.0
2023-07-11T20:00:00.000000+0000,662.3,4.766666666666667,51.85,1.6,175,0,0.0
2023-07-11T21:00:00.000000+0000,662.0,5.0,49.98333333333333,3.6,133,0,0.0
2023-07-11T22:00:00.000000+0000,661.7,4.783333333333332,48.11666666666667,5.5,136,0,0.0
2023-07-11T23:00:00.000000+0000,661.4,4.166666666666667,44.9,3.5,117,0,0.0
2023-07-12T00:00:00.000000+0000,661.3,4.45,40.96666666666666,2.9,113,0,0.0
2023-07-12T01:00:00.000000+0000,661.4,4.6000000000000005,41.71666666666667,1.3,180,0,0.0
2023-07-12T02:00:00.000000+0000,661.6,2.1833333333333336,53.1,1.4,72,0,0.0
2023-07-12T03:00:00.000000+0000,661.8,3.5,49.63333333333333,3.2,169,0,0.0
2023-07-12T04:00:00.000000+0000,662.1,5.45,51.31666666666666,4.6,207,17,0.0
2023-07-12T05:00:00.000000+0000,662.5,7.133333333333333,63.449999999999996,2.7,234,197,0.0
2023-07-12T06:00:00.000000+0000,663.0,7.966666666666666,69.46666666666665,2.6,315,422,0.0
2023-07-12T07:00:00.000000+0000,663.4,8.516666666666666,81.28333333333333,3.2,310,651,0.0
2023-07-12T08:00:00.000000+0000,663.4,8.366666666666665,83.88333333333333,3.3,316,818,0.0
2023-07-12T09:00:00.000000+0000,663.2,9.233333333333334,84.63333333333334,3.5,300,364,0.0
2023-07-12T10:00:00.000000+0000,662.9,9.966666666666667,80.31666666666666,5.5,357,643,0.0
2023-07-12T11:00:00.000000+0000,662.6,8.25,92.53333333333332,5.6,357,662,0.0
2023-07-12T12:00:00.000000+0000,662.2,9.166666666666666,90.26666666666667,4.1,1,142,0.1
2023-07-12T13:00:00.000000+0000,661.9,8.899999999999999,88.35000000000001,4.2,7,390,0.0
2023-07-12T14:00:00.000000+0000,661.8,7.866666666666667,98.48333333333333,3.2,351,234,0.0
2023-07-12T15:00:00.000000+0000,661.7,7.233333333333333,99.23333333333333,3.3,294,53,0.0
2023-07-12T16:00:00.000000+0000,661.8,5.366666666666667,95.96666666666668,3.5,290,13,0.0
2023-07-12T17:00:00.000000+0000,662.0,5.133333333333334,76.75,3.9,232,0,0.0
2023-07-12T18:00:00.000000+0000,662.3,4.95,77.76666666666667,1.6,252,0,0.0
2023-07-12T19:00:00.000000+0000,662.5,3.9333333333333336,77.13333333333334,2.7,225,0,0.0
2023-07-12T20:00:00.000000+0000,662.3,4.966666666666666,59.53333333333333,3.4,164,0,0.0
2023-07-12T21:00:00.000000+0000,662.0,5.266666666666667,56.13333333333333,5.4,133,0,0.0
2023-07-12T22:00:00.000000+0000,661.6,6.283333333333332,52.050000000000004,6.8,131,0,0.0
2023-07-12T23:00:00.000000+0000,661.2,6.416666666666667,50.96666666666667,6.6,134,0,0.0
2023-07-13T00:00:00.000000+0000,660.8,6.133333333333333,51.85,5.9,135,0,0.0
2023-07-13T01:00:00.000000+0000,660.7,4.116666666666666,59.83333333333334,5.2,132,0,0.0
2023-07-13T02:00:00.000000+0000,661.0,4.966666666666666,57.96666666666666,3.6,114,0,0.0
2023-07-13T03:00:00.000000+0000,661.0,3.9499999999999997,68.31666666666668,5.9,117,0,0.0
2023-07-13T04:00:00.000000+0000,661.4,6.95,55.300000000000004,2.7,107,16,0.0
2023-07-13T05:00:00.000000+0000,662.0,5.766666666666666,89.93333333333332,2.9,90,194,0.0
2023-07-13T06:00:00.000000+0000,662.6,8.366666666666667,80.56666666666666,3.2,62,367,0.0
2023-07-13T07:00:00.000000+0000,663.1,8.866666666666667,85.75,4.1,17,623,0.0
2023-07-13T08:00:00.000000+0000,663.1,9.8,80.83333333333333,6.6,14,570,0.0
2023-07-13T09:00:00.000000+0000,662.9,9.883333333333335,83.81666666666666,5.4,22,768,0.0
2023-07-13T10:00:00.000000+0000,662.7,10.533333333333331,78.98333333333333,6.0,17,788,0.0
2023-07-13T11:00:00.000000+0000,662.3,10.383333333333333,79.4,5.4,19,786,0.0
2023-07-13T12:00:00.000000+0000,661.9,9.85,84.86666666666667,5.5,11,585,0.0
2023-07-13T13:00:00.000000+0000,661.7,8.75,92.13333333333333,4.5,16,436,0.0
2023-07-13T14:00:00.000000+0000,661.5,8.166666666666666,95.61666666666667,5.4,38,191,0.0
2023-07-13T15:00:00.000000+0000,661.5,7.05,99.2,3.4,10,156,0.0
2023-07-13T16:00:00.000000+0000,661.6,,,2.5,58,21,
2023-07-13T17:00:00.000000+0000,,5.300000000000001,68.53333333333333,,,,
2023-07-13T18:00:00.000000+0000,661.9,4.283333333333333,74.2,3.7,122,0,0.0
2023-07-13T19:00:00.000000+0000,662.4,5.75,58.23333333333334,2.5,99,0,0.0
2023-07-13T20:00:00.000000+0000,662.3,6.5,49.550000000000004,6.7,128,0,0.0
2023-07-13T21:00:00.000000+0000,662.2,7.216666666666666,48.699999999999996,7.1,129,0,0.0
2023-07-13T22:00:00.000000+0000,661.7,6.983333333333334,50.416666666666664,8.8,117,0,0.0
2023-07-13T23:00:00.000000+0000,661.4,5.449999999999999,59.333333333333336,7.0,119,0,0.0
2023-07-14T00:00:00.000000+0000,661.0,5.6499999999999995,59.68333333333334,6.6,121,0,0.0
2023-07-14T01:00:00.000000+0000,660.8,5.0,66.53333333333333,6.3,113,0,0.0
2023-07-14T02:00:00.000000+0000,660.8,4.6000000000000005,74.7,6.3,119,0,0.0
2023-07-14T03:00:00.000000+0000,661.3,4.716666666666667,79.48333333333333,6.9,123,0,0.0
2023-07-14T04:00:00.000000+0000,661.6,7.016666666666666,72.35,7.4,121,16,0.0
2023-07-14T05:00:00.000000+0000,662.0,9.25,63.31666666666666,7.0,107,198,0.0
2023-07-14T06:00:00.000000+0000,662.6,8.083333333333334,90.28333333333335,4.9,58,426,0.0
2023-07-14T07:00:00.000000+0000,663.0,7.766666666666666,95.93333333333334,3.2,11,365,0.0
2023-07-14T08:00:00.000000+0000,663.1,8.933333333333332,93.33333333333333,3.8,19,368,0.0
2023-07-14T09:00:00.000000+0000,663.0,9.4,90.08333333333333,5.8,6,526,0.0
2023-07-14T10:00:00.000000+0000,662.9,10.133333333333333,83.48333333333333,5.7,19,647,0.0
2023-07-14T11:00:00.000000+0000,662.7,10.116666666666665,83.21666666666667,7.1,8,685,0.0
2023-07-14T12:00:00.000000+0000,662.2,9.65,87.58333333333333,6.6,4,621,0.0
2023-07-14T13:00:00.000000+0000,661.9,8.216666666666667,95.95,6.4,9,424,0.0
2023-07-14T14:00:00.000000+0000,661.9,9.049999999999999,90.13333333333333,4.7,27,129,0.0
2023-07-14T15:00:00.000000+0000,662.1,6.916666666666668,98.3,3.9,7,297,0.0
2023-07-14T16:00:00.000000+0000,662.2,4.916666666666667,86.53333333333332,2.2,65,17,0.0
2023-07-14T17:00:00.000000+0000,662.3,5.616666666666667,61.01666666666667,2.8,123,0,0.0
2023-07-14T18:00:00.000000+0000,662.4,5.733333333333333,57.21666666666667,4.9,139,0,0.0
2023-07-14T19:00:00.000000+0000,662.6,5.6499999999999995,56.949999999999996,6.2,133,0,0.0
2023-07-14T20:00:00.000000+0000,662.6,6.45,53.75,6.3,134,0,0.0
2023-07-14T21:00:00.000000+0000,662.2,6.2,54.78333333333333,9.1,132,0,0.0
2023-07-14T22:00:00.000000+0000,661.7,6.016666666666666,54.73333333333333,10.1,138,0,0.0
2023-07-14T23:00:00.000000+0000,661.4,5.3,58.18333333333333,6.9,144,0,0.0
2023-07-15T00:00:00.000000+0000,661.5,4.949999999999999,58.01666666666667,2.8,98,0,0.0
2023-07-15T01:00:00.000000+0000,661.3,6.083333333333333,52.616666666666674,3.5,86,0,0.0
2023-07-15T02:00:00.000000+0000,661.1,6.383333333333333,52.199999999999996,8.3,134,0,0.0
2023-07-15T03:00:00.000000+0000,661.3,6.083333333333333,54.900000000000006,9.0,135,0,0.0
2023-07-15T04:00:00.000000+0000,661.7,7.483333333333332,49.86666666666667,5.4,144,18,0.0
2023-07-15T05:00:00.000000+0000,662.0,6.95,66.11666666666667,5.5,138,206,0.0
2023-07-15T06:00:00.000000+0000,662.6,6.733333333333333,93.83333333333333,2.2,291,430,0.0
2023-07-15T07:00:00.000000+0000,663.1,7.1499999999999995,96.23333333333333,3.7,283,605,0.0
2023-07-15T08:00:00.000000+0000,663.4,7.016666666666667,97.91666666666667,2.9,304,550,0.0
2023-07-15T09:00:00.000000+0000,663.3,6.166666666666667,99.3,3.3,320,308,0.0
2023-07-15T10:00:00.000000+0000,663.1,7.183333333333334,96.41666666666667,2.3,357,276,0.0
2023-07-15T11:00:00.000000+0000,662.8,8.680000000000001,86.16,3.2,356,436,0.0
2023-07-15T12:00:00.000000+0000,662.4,8.383333333333333,90.73333333333333,5.4,5,389,0.0
2023-07-15T13:00:00.000000+0000,662.1,7.616666666666667,95.51666666666667,5.7,3,284,0.0
2023-07-15T14:00:00.000000+0000,662.2,7.316666666666666,93.28333333333332,3.3,350,135,0.0
2023-07-15T15:00:00.000000+0000,662.3,6.433333333333334,85.16666666666667,2.5,307,166,0.0
2023-07-15T16:00:00.000000+0000,662.5,6.266666666666667,86.86666666666667,3.7,259,21,0.0
2023-07-15T17:00:00.000000+0000,662.6,4.466666666666666,91.89999999999999,2.8,263,0,0.0
2023-07-15T18:00:00.000000+0000,662.6,3.5833333333333335,81.68333333333334,3.4,219,0,0.0
2023-07-15T19:00:00.000000+0000,662.8,4.183333333333334,77.13333333333334,1.4,148,0,0.0
2023-07-15T20:00:00.000000+0000,663.0,2.883333333333333,80.01666666666667,1.4,175,0,0.0
2023-07-15T21:00:00.000000+0000,662.8,2.583333333333333,67.48333333333333,2.0,137,0,0.0
2023-07-15T22:00:00.000000+0000,662.5,3.733333333333333,56.56666666666666,2.4,123,0,0.0
2023-07-15T23:00:00.000000+0000,662.3,3.816666666666667,52.300000000000004,1.8,169,0,0.0
2023-07-16T00:00:00.000000+0000,662.1,4.583333333333333,45.20000000000001,0.8,153,0,0.0
2023-07-16T01:00:00.000000+0000,661.9,3.0999999999999996,55.1,1.1,225,0,0.0
2023-07-16T02:00:00.000000+0000,661.9,2.5500000000000003,56.36666666666667,2.1,200,0,0.0
2023-07-16T03:00:00.000000+0000,662.2,2.733333333333333,56.833333333333336,1.7,180,0,0.0
2023-07-16T04:00:00.000000+0000,662.5,6.083333333333333,55.53333333333333,1.1,270,19,0.0
2023-07-16T05:00:00.000000+0000,663.0,7.833333333333333,53.800000000000004,0.9,53,210,0.0
2023-07-16T06:00:00.000000+0000,663.5,7.983333333333333,79.58333333333333,1.2,286,435,0.0
2023-07-16T07:00:00.000000+0000,663.9,9.466666666666667,76.96666666666665,3.1,291,648,0.0
2023-07-16T08:00:00.000000+0000,664.0,9.9,74.1,3.9,307,832,0.0
2023-07-16T09:00:00.000000+0000,663.8,10.366666666666667,78.03333333333333,4.3,305,930,0.0
2023-07-16T10:00:00.000000+0000,663.5,9.633333333333331,81.88333333333333,6.4,325,819,0.0
2023-07-16T11:00:00.000000+0000,663.2,10.383333333333333,73.56666666666668,6.6,341,534,0.0
2023-07-16T12:00:00.000000+0000,662.9,8.833333333333332,86.35000000000001,6.2,326,610,0.0
2023-07-16T13:00:00.000000+0000,662.4,7.3,85.41666666666667,5.5,341,217,0.0
2023-07-16T14:00:00.000000+0000,662.6,7.783333333333334,91.21666666666665,1.7,326,178,0.0
2023-07-16T15:00:00.000000+0000,662.7,7.116666666666667,93.76666666666665,2.3,283,230,0.0
2023-07-16T16:00:00.000000+0000,662.9,4.833333333333333,76.28333333333335,2.7,273,37,0.0
2023-07-16T17:00:00.000000+0000,662.8,4.633333333333333,46.56666666666666,5.3,196,0,0.0
2023-07-16T18:00:00.000000+0000,663.2,4.683333333333333,56.9,5.3,209,0,0.0
2023-07-16T19:00:00.000000+0000,663.4,4.283333333333333,61.333333333333336,5.8,210,0,0.0
2023-07-16T20:00:00.000000+0000,663.4,4.866666666666666,68.8,5.6,212,0,0.0
2023-07-16T21:00:00.000000+0000,663.4,4.083333333333333,76.65000000000002,4.5,230,0,0.0
2023-07-16T22:00:00.000000+0000,663.0,4.083333333333333,77.1,4.4,205,0,0.0
2023-07-16T23:00:00.000000+0000,662.6,4.033333333333332,63.18333333333334,4.6,190,0,0.0
2023-07-17T00:00:00.000000+0000,662.2,3.9,64.58333333333333,2.0,198,0,0.0
2023-07-17T01:00:00.000000+0000,662.0,3.1333333333333333,59.23333333333333,3.2,186,0,0.0
2023-07-17T02:00:00.000000+0000,662.1,2.8666666666666667,49.43333333333334,2.4,165,0,0.0
2023-07-17T03:00:00.000000+0000,662.4,3.0999999999999996,54.54999999999999,2.0,168,0,0.0
2023-07-17T04:00:00.000000+0000,662.6,6.816666666666666,39.71666666666667,2.6,171,19,0.0
2023-07-17T05:00:00.000000+0000,663.2,10.450000000000001,28.549999999999997,1.5,171,209,0.0
2023-07-17T06:00:00.000000+0000,663.6,9.75,51.800000000000004,2.2,325,436,0.0
2023-07-17T07:00:00.000000+0000,663.9,9.25,81.56666666666666,3.0,288,651,0.0
2023-07-17T08:00:00.000000+0000,663.9,9.5,85.31666666666666,3.2,295,796,0.0
2023-07-17T09:00:00.000000+0000,663.8,9.533333333333333,80.55,4.0,311,589,0.0
2023-07-17T10:00:00.000000+0000,663.6,9.299999999999999,85.16666666666667,4.2,328,676,0.0
2023-07-17T11:00:00.000000+0000,663.3,10.5,75.41666666666667,4.8,316,602,0.0
2023-07-17T12:00:00.000000+0000,663.0,10.049999999999999,76.35,4.8,356,700,0.0
2023-07-17T13:00:00.000000+0000,662.6,8.933333333333332,88.73333333333333,6.0,6,384,0.0
2023-07-17T14:00:00.000000+0000,662.5,7.949999999999999,93.88333333333333,4.7,352,312,0.0
2023-07-17T15:00:00.000000+0000,662.7,6.966666666666668,91.78333333333332,1.8,22,138,0.0
2023-07-17T16:00:00.000000+0000,662.7,6.066666666666666,50.21666666666667,1.7,239,28,0.0
2023-07-17T17:00:00.000000+0000,662.8,4.949999999999999,45.25,0.8,153,0,0.0
2023-07-17T18:00:00.000000+0000,663.1,4.8500000000000005,40.349999999999994,2.4,205,0,0.0
2023-07-17T19:00:00.000000+0000,663.4,4.266666666666667,50.41666666666668,3.0,229,0,0.0
2023-07-17T20:00:00.000000+0000,663.5,4.633333333333334,48.91666666666668,2.8,232,0,0.0
2023-07-17T21:00:00.000000+0000,663.3,4.033333333333334,63.29999999999999,2.8,240,0,0.0
2023-07-17T22:00:00.000000+0000,662.9,4.75,68.96666666666667,3.5,234,0,0.0
2023-07-17T23:00:00.000000+0000,662.6,4.133333333333334,45.699999999999996,1.0,246,0,0.0
2023-07-18T00:00:00.000000+0000,662.1,5.616666666666667,38.233333333333334,4.5,129,0,0.0
2023-07-18T01:00:00.000000+0000,661.9,5.916666666666667,36.949999999999996,5.8,130,0,0.0
2023-07-18T02:00:00.000000+0000,662.0,5.05,40.28333333333333,6.4,130,0,0.0
2023-07-18T03:00:00.000000+0000,662.2,5.033333333333333,42.016666666666666,6.4,127,0,0.0
2023-07-18T04:00:00.000000+0000,662.5,7.6499999999999995,37.96666666666666,7.2,122,16,0.0
2023-07-18T05:00:00.000000+0000,663.1,9.883333333333333,42.28333333333333,5.4,100,199,0.0
2023-07-18T06:00:00.000000+0000,663.6,9.983333333333334,62.11666666666667,5.4,34,428,0.0
2023-07-18T07:00:00.000000+0000,664.1,8.85,89.88333333333333,4.6,8,651,0.0
2023-07-18T08:00:00.000000+0000,664.3,8.45,93.23333333333333,2.9,308,460,0.0
2023-07-18T09:00:00.000000+0000,664.2,9.716666666666665,83.75,3.2,354,249,0.0
2023-07-18T10:00:00.000000+0000,663.9,10.466666666666667,77.58333333333333,4.8,8,621,0.0
2023-07-18T11:00:00.000000+0000,663.5,10.683333333333335,77.64999999999999,5.0,11,574,0.0
2023-07-18T12:00:00.000000+0000,663.0,9.300000000000002,88.08333333333333,6.1,351,514,0.0
2023-07-18T13:00:00.000000+0000,662.8,8.933333333333334,88.06666666666666,5.5,337,297,0.0
2023-07-18T14:00:00.000000+0000,662.6,8.75,88.35000000000001,3.3,6,225,0.0
2023-07-18T15:00:00.000000+0000,662.6,6.516666666666666,99.2,2.6,315,227,0.0
2023-07-18T16:00:00.000000+0000,662.7,4.166666666666667,70.83333333333333,1.5,225,27,0.0
2023-07-18T17:00:00.000000+0000,662.5,4.216666666666666,53.300000000000004,3.7,126,0,0.0
2023-07-18T18:00:00.000000+0000,662.9,3.5833333333333335,57.38333333333333,2.8,117,0,0.0
2023-07-18T19:00:00.000000+0000,663.2,4.8,53.61666666666667,1.3,125,0,0.0
2023-07-18T20:00:00.000000+0000,663.2,3.883333333333333,59.300000000000004,0.8,207,0,0.0
2023-07-18T21:00:00.000000+0000,662.9,4.05,58.18333333333333,1.7,155,0,0.0
2023-07-18T22:00:00.000000+0000,662.4,4.766666666666667,55.23333333333333,3.8,117,0,0.0
2023-07-18T23:00:00.000000+0000,662.0,4.983333333333333,55.53333333333333,5.3,117,0,0.0
2023-07-19T00:00:00.000000+0000,661.7,5.766666666666667,47.333333333333336,5.1,124,0,0.0
2023-07-19T01:00:00.000000+0000,661.4,5.633333333333333,51.65,5.7,117,0,0.0
2023-07-19T02:00:00.000000+0000,661.3,5.633333333333333,53.666666666666664,5.5,119,0,0.0
2023-07-19T03:00:00.000000+0000,661.4,5.216666666666667,56.23333333333334,5.5,118,0,0.0
2023-07-19T04:00:00.000000+0000,661.6,7.933333333333334,52.583333333333336,5.3,119,17,0.0
2023-07-19T05:00:00.000000+0000,662.1,7.016666666666667,89.16666666666664,2.7,109,204,0.0
2023-07-19T06:00:00.000000+0000,662.7,7.05,96.68333333333334,2.0,297,433,0.0
2023-07-19T07:00:00.000000+0000,663.2,8.633333333333333,87.8,2.9,306,548,0.0
2023-07-19T08:00:00.000000+0000,663.3,8.45,90.36666666666667,3.5,337,775,0.0
2023-07-19T09:00:00.000000+0000,663.3,9.0,83.96666666666668,4.9,312,566,0.0
2023-07-19T10:00:00.000000+0000,663.2,10.133333333333333,75.78333333333335,4.7,302,494,0.0
2023-07-19T11:00:00.000000+0000,662.9,9.95,73.86666666666666,5.0,323,705,0.0
2023-07-19T12:00:00.000000+0000,662.5,9.200000000000001,81.75,6.5,336,470,0.0
2023-07-19T13:00:00.000000+0000,662.1,9.083333333333332,87.5,5.1,323,382,0.0
2023-07-19T14:00:00.000000+0000,661.9,8.033333333333333,95.19999999999999,4.5,339,222,0.0
2023-07-19T15:00:00.000000+0000,661.8,7.8,92.40000000000002,2.2,347,77,0.0
2023-07-19T16:00:00.000000+0000,661.8,5.183333333333334,86.7,1.6,294,74,0.0
2023-07-19T17:00:00.000000+0000,661.9,4.85,91.2,2.2,208,0,0.0
2023-07-19T18:00:00.000000+0000,662.3,4.966666666666667,84.95,2.7,204,0,0.0
2023-07-19T19:00:00.000000+0000,662.6,5.866666666666667,93.36666666666667,3.0,219,0,0.0
2023-07-19T20:00:00.000000+0000,662.6,6.366666666666667,99.16666666666667,3.8,273,0,0.0
2023-07-19T21:00:00.000000+0000,662.5,5.866666666666667,99.2,4.5,262,0,0.0
2023-07-19T22:00:00.000000+0000,662.3,4.933333333333334,96.78333333333332,5.2,249,0,0.0
2023-07-19T23:00:00.000000+0000,662.2,4.983333333333334,76.13333333333333,4.3,219,0,0.0
2023-07-20T00:00:00.000000+0000,661.9,4.983333333333333,69.25,4.4,211,0,0.0
2023-07-20T01:00:00.000000+0000,661.6,3.766666666666667,84.78333333333335,2.4,229,0,0.0
2023-07-20T02:00:00.000000+0000,661.6,3.333333333333334,90.0,3.4,256,0,0.0
2023-07-20T03:00:00.000000+0000,661.8,3.3000000000000003,93.41666666666667,2.5,251,0,0.0
2023-07-20T04:00:00.000000+0000,662.1,4.416666666666666,95.11666666666667,3.4,232,13,0.0
2023-07-20T05:00:00.000000+0000,662.5,6.1000000000000005,97.51666666666667,2.7,241,174,0.0
2023-07-20T06:00:00.000000+0000,663.2,7.3166666666666655,93.26666666666665,3.0,276,304,0.0
2023-07-20T07:00:00.000000+0000,663.7,8.9,79.38333333333333,3.4,292,582,0.0
2023-07-20T08:00:00.000000+0000,663.8,9.166666666666668,77.26666666666667,3.8,303,696,0.0
2023-07-20T09:00:00.000000+0000,663.9,10.416666666666666,76.56666666666666,4.6,300,634,0.0
2023-07-20T10:00:00.000000+0000,663.8,9.700000000000001,78.7,5.9,314,914,0.0
2023-07-20T11:00:00.000000+0000,663.6,10.35,75.28333333333333,4.8,314,445,0.0
2023-07-20T12:00:00.000000+0000,663.2,10.316666666666666,72.85,6.4,324,455,0.0
2023-07-20T13:00:00.000000+0000,662.8,9.583333333333334,82.26666666666667,5.6,340,318,0.0
2023-07-20T14:00:00.000000+0000,662.6,7.050000000000001,91.76666666666667,5.7,345,221,0.3
2023-07-20T15:00:00.000000+0000,662.8,6.916666666666667,97.26666666666667,1.6,151,38,0.6
2023-07-20T16:00:00.000000+0000,662.8,6.833333333333333,99.21666666666668,1.3,129,5,0.0
2023-07-20T17:00:00.000000+0000,662.9,6.233333333333334,98.28333333333335,1.8,221,0,0.0
2023-07-20T18:00:00.000000+0000,663.1,5.7,99.06666666666666,2.4,234,0,0.0
2023-07-20T19:00:00.000000+0000,663.4,5.6499999999999995,97.0,3.2,243,0,0.0
2023-07-20T20:00:00.000000+0000,663.5,5.1499999999999995,83.36666666666667,4.4,216,0,0.0
2023-07-20T21:00:00.000000+0000,663.1,4.8,89.23333333333333,2.9,233,0,0.0
2023-07-20T22:00:00.000000+0000,662.8,4.983333333333333,83.00000000000001,4.0,220,0,0.0
2023-07-20T23:00:00.000000+0000,662.6,4.866666666666666,84.49999999999999,2.4,230,0,0.0
2023-07-21T00:00:00.000000+0000,662.4,4.466666666666667,85.98333333333333,3.1,241,0,0.0
2023-07-21T01:00:00.000000+0000,662.4,4.35,92.81666666666668,3.9,227,0,0.0
2023-07-21T02:00:00.000000+0000,662.4,4.5,93.11666666666667,4.0,224,0,0.0
2023-07-21T03:00:00.000000+0000,662.7,4.733333333333333,93.58333333333333,3.1,247,0,0.0
2023-07-21T04:00:00.000000+0000,663.0,5.483333333333333,87.96666666666665,2.8,239,13,0.0
2023-07-21T05:00:00.000000+0000,663.2,6.3999999999999995,85.91666666666667,2.1,247,180,0.0
2023-07-21T06:00:00.000000+0000,663.9,7.75,80.85000000000001,3.0,274,402,0.0
2023-07-21T07:00:00.000000+0000,664.5,8.633333333333333,79.8,3.7,280,490,0.0
2023-07-21T08:00:00.000000+0000,664.8,8.783333333333333,82.03333333333335,4.0,307,662,0.0
2023-07-21T09:00:00.000000+0000,664.8,9.233333333333333,83.2,3.6,305,381,0.0
2023-07-21T10:00:00.000000+0000,664.7,9.133333333333333,82.53333333333333,4.0,333,330,0.0
2023-07-21T11:00:00.000000+0000,664.4,9.9,77.89999999999999,3.4,326,405,0.0
2023-07-21T12:00:00.000000+0000,663.8,9.516666666666666,80.45,5.6,5,423,0.0
2023-07-21T13:00:00.000000+0000,663.5,7.883333333333334,83.78333333333333,4.1,330,393,0.0
2023-07-21T14:00:00.000000+0000,663.3,8.566666666666668,96.31666666666666,1.9,233,101,0.0
2023-07-21T15:00:00.000000+0000,663.2,7.566666666666667,99.3,4.3,341,156,0.3
2023-07-21T16:00:00.000000+0000,663.3,6.5,99.3,4.0,350,16,0.0
2023-07-21T17:00:00.000000+0000,663.4,5.05,98.11666666666667,3.1,263,0,0.0
2023-07-21T18:00:00.000000+0000,663.8,5.383333333333333,87.51666666666667,3.2,215,0,0.0
2023-07-21T19:00:00.000000+0000,664.1,4.533333333333334,92.43333333333334,2.2,238,0,0.0
2023-07-21T20:00:00.000000+0000,664.2,4.916666666666666,87.28333333333335,4.4,215,0,0.0
2023-07-21T21:00:00.000000+0000,664.1,5.016666666666667,83.93333333333334,4.1,228,0,0.0
2023-07-21T22:00:00.000000+0000,663.7,4.166666666666667,89.71666666666668,2.3,229,0,0.0
2023-07-21T23:00:00.000000+0000,663.5,3.366666666666667,84.45,2.1,252,0,0.0
2023-07-22T00:00:00.000000+0000,663.1,4.216666666666666,79.51666666666667,2.7,144,0,0.0
2023-07-22T01:00:00.000000+0000,663.0,3.8666666666666667,82.39999999999999,2.9,142,0,0.0
2023-07-22T02:00:00.000000+0000,663.0,3.483333333333333,84.08333333333333,4.0,132,0,0.0
2023-07-22T03:00:00.000000+0000,663.3,3.633333333333333,84.23333333333333,4.7,137,0,0.0
2023-07-22T04:00:00.000000+0000,663.5,6.516666666666666,74.76666666666667,5.1,138,13,0.0
2023-07-22T05:00:00.000000+0000,663.9,9.733333333333334,66.19999999999999,4.7,121,182,0.0
2023-07-22T06:00:00.000000+0000,664.5,8.183333333333334,85.98333333333333,4.0,65,359,0.0
2023-07-22T07:00:00.000000+0000,664.9,8.066666666666666,94.28333333333335,2.3,321,357,0.0
2023-07-22T08:00:00.000000+0000,665.0,8.216666666666667,95.28333333333332,3.4,352,230,0.0
2023-07-22T09:00:00.000000+0000,664.9,8.383333333333333,96.81666666666666,4.6,360,211,0.0
2023-07-22T10:00:00.000000+0000,664.7,8.25,98.3,5.1,348,308,0.0
2023-07-22T11:00:00.000000+0000,664.4,8.549999999999999,95.55,5.8,346,306,0.0
2023-07-22T12:00:00.000000+0000,664.1,7.3500000000000005,99.23333333333333,4.7,10,274,0.0
2023-07-22T13:00:00.000000+0000,663.8,7.266666666666666,99.3,4.4,25,67,0.2
2023-07-22T14:00:00.000000+0000,663.7,7.266666666666667,99.3,3.8,25,113,0.0
2023-07-22T15:00:00.000000+0000,663.8,6.333333333333333,99.3,2.4,7,91,0.0
2023-07-22T16:00:00.000000+0000,663.9,5.5,98.64999999999999,1.1,117,20,0.0
2023-07-22T17:00:00.000000+0000,663.9,4.466666666666667,96.13333333333333,0.9,153,0,0.0
2023-07-22T18:00:00.000000+0000,664.1,4.316666666666666,94.41666666666664,1.9,231,0,0.0
2023-07-22T19:00:00.000000+0000,664.4,4.416666666666667,96.8,2.6,219,0,0.0
2023-07-22T20:00:00.000000+0000,664.4,3.8166666666666664,97.86666666666667,3.0,222,0,0.0
2023-07-22T21:00:00.000000+0000,664.2,3.533333333333333,79.55,2.5,197,0,0.0
2023-07-22T22:00:00.000000+0000,663.6,3.233333333333333,83.95,1.9,196,0,0.0
2023-07-22T23:00:00.000000+0000,663.1,2.9166666666666665,74.50000000000001,2.4,161,0,0.0
2023-07-23T00:00:00.000000+0000,662.7,3.233333333333333,70.51666666666667,3.4,130,0,0.0
2023-07-23T01:00:00.000000+0000,662.5,3.25,73.76666666666667,3.4,118,0,0.0
2023-07-23T02:00:00.000000+0000,662.5,3.733333333333334,71.65,2.6,119,0,0.0
2023-07-23T03:00:00.000000+0000,662.8,3.4499999999999997,76.88333333333334,5.7,100,0,0.0
2023-07-23T04:00:00.000000+0000,663.2,5.716666666666666,75.13333333333334,4.9,112,15,0.0
2023-07-23T05:00:00.000000+0000,663.6,7.083333333333332,86.5,2.6,138,201,0.0
2023-07-23T06:00:00.000000+0000,664.1,7.8500000000000005,90.76666666666667,3.1,21,428,0.0
2023-07-23T07:00:00.000000+0000,664.5,8.016666666666667,97.11666666666667,2.7,325,411,0.0
2023-07-23T08:00:00.000000+0000,664.6,8.033333333333333,98.38333333333333,3.5,12,496,0.0
2023-07-23T09:00:00.000000+0000,664.4,7.933333333333334,98.64999999999999,3.4,15,270,0.0
2023-07-23T10:00:00.000000+0000,664.0,8.566666666666666,96.46666666666668,5.7,15,319,0.0
2023-07-23T11:00:00.000000+0000,663.5,9.483333333333333,90.48333333333333,6.2,15,424,0.0
2023-07-23T12:00:00.000000+0000,663.2,8.383333333333333,94.69999999999999,6.1,8,545,0.0
2023-07-23T13:00:00.000000+0000,663.2,7.516666666666667,99.28333333333335,5.4,14,181,0.0
2023-07-23T14:00:00.000000+0000,663.0,7.466666666666666,99.23333333333333,4.7,20,163,0.0
2023-07-23T15:00:00.000000+0000,663.1,6.8,99.3,2.7,4,69,0.0
2023-07-23T16:00:00.000000+0000,663.1,5.199999999999999,99.28333333333335,1.9,323,9,0.0
2023-07-23T17:00:00.000000+0000,663.1,4.866666666666667,87.01666666666667,1.7,207,0,0.0
2023-07-23T18:00:00.000000+0000,663.2,5.8500000000000005,67.66666666666666,2.6,220,0,0.0
2023-07-23T19:00:00.000000+0000,663.3,5.183333333333334,71.56666666666668,1.3,232,0,0.0
2023-07-23T20:00:00.000000+0000,663.4,4.3500000000000005,77.78333333333333,1.5,225,0,0.0
2023-07-23T21:00:00.000000+0000,663.2,4.283333333333332,78.7,1.6,238,0,0.0
2023-07-23T22:00:00.000000+0000,662.8,4.383333333333334,71.03333333333332,1.2,202,0,0.0
2023-07-23T23:00:00.000000+0000,662.5,3.3666666666666667,71.83333333333333,1.8,205,0,0.0
2023-07-24T00:00:00.000000+0000,662.2,2.766666666666666,75.31666666666668,0.9,194,0,0.0
2023-07-24T01:00:00.000000+0000,661.9,2.8000000000000003,72.51666666666667,1.9,126,0,0.0
2023-07-24T02:00:00.000000+0000,661.9,3.6333333333333333,67.98333333333333,3.3,125,0,0.0
2023-07-24T03:00:00.000000+0000,662.1,3.1999999999999997,67.58333333333333,2.7,115,0,0.0
2023-07-24T04:00:00.000000+0000,662.4,6.033333333333334,62.86666666666667,1.2,135,13,0.0
2023-07-24T05:00:00.000000+0000,662.8,7.3999999999999995,86.21666666666668,1.9,20,200,0.0
2023-07-24T06:00:00.000000+0000,663.3,8.183333333333332,82.25,2.4,9,470,0.0
2023-07-24T07:00:00.000000+0000,663.5,7.550000000000001,93.90000000000002,3.3,4,410,0.0
2023-07-24T08:00:00.000000+0000,663.5,8.816666666666666,89.19999999999999,3.3,12,322,0.0
2023-07-24T09:00:00.000000+0000,663.3,9.183333333333334,89.33333333333333,4.0,351,549,0.0
2023-07-24T10:00:00.000000+0000,663.0,7.283333333333334,99.25,5.2,3,497,0.0
2023-07-24T11:00:00.000000+0000,662.8,7.883333333333333,96.15000000000002,3.9,349,107,0.0
2023-07-24T12:00:00.000000+0000,662.5,7.016666666666667,99.28333333333335,2.9,356,269,0.0
2023-07-24T13:00:00.000000+0000,662.2,7.116666666666667,91.41666666666667,2.1,333,96,0.0
2023-07-24T14:00:00.000000+0000,662.2,8.333333333333334,85.34999999999998,1.6,176,148,0.0
2023-07-24T15:00:00.000000+0000,662.1,7.183333333333334,93.55000000000001,3.1,293,229,0.0
2023-07-24T16:00:00.000000+0000,662.1,5.433333333333333,91.86666666666667,2.0,240,53,0.0
2023-07-24T17:00:00.000000+0000,662.3,5.616666666666667,84.0,2.4,227,0,0.0
2023-07-24T18:00:00.000000+0000,662.5,5.383333333333333,80.81666666666665,2.5,223,0,0.0
2023-07-24T19:00:00.000000+0000,662.7,5.516666666666667,75.65,4.1,205,0,0.0
2023-07-24T20:00:00.000000+0000,662.6,4.833333333333333,84.76666666666667,3.6,225,0,0.0
2023-07-24T21:00:00.000000+0000,662.4,4.883333333333334,93.61666666666667,3.8,215,0,0.0
2023-07-24T22:00:00.000000+0000,661.9,5.05,95.60000000000001,3.6,241,0,0.0
2023-07-24T23:00:00.000000+0000,661.6,3.933333333333333,91.13333333333333,4.8,218,0,0.0
2023-07-25T00:00:00.000000+0000,661.3,4.133333333333333,93.88333333333334,3.6,224,0,0.0
2023-07-25T01:00:00.000000+0000,661.3,3.75,92.8,4.3,220,0,0.0
2023-07-25T02:00:00.000000+0000,661.3,3.9666666666666663,88.75,3.9,233,0,0.0
2023-07-25T03:00:00.000000+0000,661.7,4.25,88.09999999999998,3.9,212,0,0.0
2023-07-25T04:00:00.000000+0000,662.1,5.566666666666666,87.56666666666668,3.5,231,10,0.0
2023-07-25T05:00:00.000000+0000,662.5,7.25,92.21666666666668,3.4,230,176,0.0
2023-07-25T06:00:00.000000+0000,662.9,7.033333333333332,99.26666666666667,4.4,283,320,0.0
2023-07-25T07:00:00.000000+0000,663.3,8.049999999999999,96.56666666666666,4.0,279,295,0.0
2023-07-25T08:00:00.000000+0000,663.4,8.116666666666667,96.15000000000002,4.3,275,487,0.0
2023-07-25T09:00:00.000000+0000,663.3,8.516666666666666,94.3,3.7,278,423,0.0
2023-07-25T10:00:00.000000+0000,662.9,8.066666666666666,94.86666666666667,4.4,301,380,0.0
2023-07-25T11:00:00.000000+0000,662.5,8.583333333333334,96.21666666666665,4.0,279,247,0.0
2023-07-25T12:00:00.000000+0000,662.2,9.466666666666667,88.36666666666667,4.6,305,252,0.0
2023-07-25T13:00:00.000000+0000,661.9,9.6,81.4,4.4,282,426,0.0
2023-07-25T14:00:00.000000+0000,661.8,8.5,95.63333333333333,4.2,287,230,0.0
2023-07-25T15:00:00.000000+0000,661.8,7.666666666666667,99.25,5.2,287,67,0.0
2023-07-25T16:00:00.000000+0000,661.8,7.3500000000000005,95.78333333333335,5.2,252,6,0.0
2023-07-25T17:00:00.000000+0000,661.9,7.366666666666666,93.51666666666667,5.8,240,0,0.0
2023-07-25T18:00:00.000000+0000,661.9,6.8,92.93333333333334,5.9,239,0,0.0
2023-07-25T19:00:00.000000+0000,662.1,6.183333333333333,92.96666666666665,4.7,228,0,0.0
2023-07-25T20:00:00.000000+0000,662.2,6.083333333333333,96.26666666666665,3.3,250,0,0.0
2023-07-25T21:00:00.000000+0000,662.2,5.6499999999999995,89.93333333333334,4.7,215,0,0.0
2023-07-25T22:00:00.000000+0000,662.1,5.533333333333332,86.23333333333335,3.8,212,0,0.0
2023-07-25T23:00:00.000000+0000,661.6,5.7,84.0,3.9,210,0,0.0
2023-07-26T00:00:00.000000+0000,661.3,5.1499999999999995,90.81666666666666,2.9,219,0,0.0
2023-07-26T01:00:00.000000+0000,661.4,5.466666666666666,93.64999999999999,3.6,232,0,0.0
2023-07-26T02:00:00.000000+0000,661.6,5.383333333333334,88.45,4.5,228,0,0.0
2023-07-26T03:00:00.000000+0000,661.7,5.25,87.53333333333335,4.3,234,0,0.0
2023-07-26T04:00:00.000000+0000,661.9,7.016666666666666,83.3,3.0,219,14,0.0
2023-07-26T05:00:00.000000+0000,662.2,9.266666666666667,76.44999999999999,1.6,197,187,0.0
2023-07-26T06:00:00.000000+0000,662.6,8.35,88.83333333333333,1.5,328,415,0.0
2023-07-26T07:00:00.000000+0000,662.9,8.583333333333334,92.41666666666667,3.0,311,404,0.0
2023-07-26T08:00:00.000000+0000,663.2,9.233333333333333,92.16666666666667,2.8,300,500,0.0
2023-07-26T09:00:00.000000+0000,663.0,9.183333333333335,93.73333333333333,4.7,300,508,0.0
2023-07-26T10:00:00.000000+0000,662.9,8.933333333333332,95.16666666666667,4.1,295,492,0.0
2023-07-26T11:00:00.000000+0000,662.7,9.666666666666666,90.3,4.0,302,326,0.0
2023-07-26T12:00:00.000000+0000,662.3,8.85,97.86666666666666,4.1,318,396,0.0
2023-07-26T13:00:00.000000+0000,662.1,9.85,90.06666666666666,3.5,330,215,0.0
2023-07-26T14:00:00.000000+0000,662.0,9.000000000000002,94.96666666666668,3.4,313,408,0.0
2023-07-26T15:00:00.000000+0000,662.2,7.500000000000001,97.05,3.6,305,174,0.0
2023-07-26T16:00:00.000000+0000,662.3,6.066666666666667,89.61666666666667,5.4,249,27,0.0
2023-07-26T17:00:00.000000+0000,662.4,5.766666666666667,83.06666666666665,5.0,236,0,0.0
2023-07-26T18:00:00.000000+0000,662.6,5.416666666666667,82.2,3.8,240,0,0.0
2023-07-26T19:00:00.000000+0000,662.9,4.900000000000001,93.76666666666667,3.4,247,0,0.0
2023-07-26T20:00:00.000000+0000,663.1,4.85,88.26666666666667,3.2,238,0,0.0
2023-07-26T21:00:00.000000+0000,663.0,4.6000000000000005,90.0,3.3,216,0,0.0
2023-07-26T22:00:00.000000+0000,662.7,4.466666666666667,87.53333333333335,3.1,233,0,0.0
2023-07-26T23:00:00.000000+0000,662.3,4.7,92.44999999999999,4.2,213,0,0.0
2023-07-27T00:00:00.000000+0000,662.2,4.533333333333333,95.28333333333332,3.2,227,0,0.0
2023-07-27T01:00:00.000000+0000,662.0,4.216666666666666,90.28333333333335,3.0,207,0,0.0
2023-07-27T02:00:00.000000+0000,662.1,3.5500000000000003,95.73333333333333,2.8,227,0,0.0
2023-07-27T03:00:00.000000+0000,662.2,3.6333333333333333,99.28333333333335,2.0,221,0,0.0
2023-07-27T04:00:00.000000+0000,662.5,4.716666666666666,99.13333333333333,1.5,231,13,0.0
2023-07-27T05:00:00.000000+0000,663.0,7.95,88.3,1.8,218,181,0.0
2023-07-27T06:00:00.000000+0000,663.5,9.566666666666666,73.25,1.9,7,429,0.0
2023-07-27T07:00:00.000000+0000,663.7,10.35,76.81666666666666,3.6,12,617,0.0
2023-07-27T08:00:00.000000+0000,663.7,9.549999999999999,83.06666666666666,5.0,4,782,0.0
2023-07-27T09:00:00.000000+0000,663.7,9.5,84.86666666666667,3.6,11,575,0.0
2023-07-27T10:00:00.000000+0000,663.5,9.7,86.21666666666665,3.3,351,496,0.0
2023-07-27T11:00:00.000000+0000,663.3,9.116666666666667,90.56666666666668,4.6,1,582,0.0
2023-07-27T12:00:00.000000+0000,663.1,9.2,88.25,4.7,9,270,0.0
2023-07-27T13:00:00.000000+0000,663.0,8.016666666666666,97.28333333333332,4.6,12,273,0.0
2023-07-27T14:00:00.000000+0000,663.0,7.683333333333334,99.23333333333333,2.6,313,125,0.0
2023-07-27T15:00:00.000000+0000,662.9,6.916666666666667,99.0,2.2,301,96,0.0
2023-07-27T16:00:00.000000+0000,663.1,5.666666666666667,99.26666666666667,1.3,232,19,0.0
2023-07-27T17:00:00.000000+0000,663.3,5.616666666666666,99.28333333333335,1.1,233,0,0.0
2023-07-27T18:00:00.000000+0000,663.5,5.966666666666668,99.21666666666665,2.4,217,0,0.0
2023-07-27T19:00:00.000000+0000,663.6,5.6000000000000005,96.56666666666666,2.5,238,0,0.0
2023-07-27T20:00:00.000000+0000,663.5,4.916666666666667,87.95,2.9,219,0,0.0
2023-07-27T21:00:00.000000+0000,663.3,4.566666666666667,88.06666666666668,3.0,214,0,0.0
2023-07-27T22:00:00.000000+0000,662.8,4.683333333333334,88.0,1.9,204,0,0.0
2023-07-27T23:00:00.000000+0000,662.5,3.466666666666667,99.26666666666667,2.3,215,0,0.0
2023-07-28T00:00:00.000000+0000,661.9,4.3,89.5,2.3,227,0,0.0
2023-07-28T01:00:00.000000+0000,661.7,4.533333333333334,82.58333333333333,2.0,163,0,0.0
2023-07-28T02:00:00.000000+0000,662.0,4.716666666666667,85.38333333333334,1.6,117,0,0.0
2023-07-28T03:00:00.000000+0000,662.3,4.9333333333333345,86.53333333333335,2.9,124,0,0.0
2023-07-28T04:00:00.000000+0000,662.6,7.250000000000001,81.26666666666667,3.3,120,14,0.0
2023-07-28T05:00:00.000000+0000,663.1,8.316666666666666,83.51666666666665,3.1,105,183,0.0
2023-07-28T06:00:00.000000+0000,663.5,8.966666666666669,84.36666666666667,2.5,2,370,0.0
2023-07-28T07:00:00.000000+0000,663.9,8.950000000000001,89.34999999999998,3.7,358,543,0.0
2023-07-28T08:00:00.000000+0000,664.0,8.549999999999999,90.8,3.8,3,480,0.0
2023-07-28T09:00:00.000000+0000,663.7,9.299999999999999,86.50000000000001,3.8,16,477,0.0
2023-07-28T10:00:00.000000+0000,663.5,8.899999999999999,,4.2,2,564,0.0
2023-07-28T11:00:00.000000+0000,663.0,8.883333333333333,92.85999999999999,4.9,,,
2023-07-28T12:00:00.000000+0000,662.6,8.433333333333332,95.48333333333333,3.9,8,339,0.0
2023-07-28T13:00:00.000000+0000,662.3,7.75,96.91666666666667,3.6,10,296,0.0
2023-07-28T14:00:00.000000+0000,662.3,7.433333333333334,99.15000000000002,2.2,25,108,0.0
2023-07-28T15:00:00.000000+0000,662.4,6.45,99.3,2.0,331,47,0.0
2023-07-28T16:00:00.000000+0000,662.6,5.633333333333333,91.3,2.1,207,16,0.0
2023-07-28T17:00:00.000000+0000,662.8,5.849999999999999,88.43333333333334,1.5,165,0,0.0
2023-07-28T18:00:00.000000+0000,663.1,5.666666666666667,87.08333333333333,1.6,205,0,0.0
2023-07-28T19:00:00.000000+0000,663.4,4.800000000000001,96.06666666666666,2.2,223,0,0.0
2023-07-28T20:00:00.000000+0000,663.3,4.616666666666667,98.33333333333333,2.2,227,0,0.0
2023-07-28T21:00:00.000000+0000,663.1,4.633333333333334,93.56666666666666,2.0,210,0,0.0
2023-07-28T22:00:00.000000+0000,662.8,5.349999999999999,87.86666666666666,2.9,133,0,0.0
2023-07-28T23:00:00.000000+0000,662.2,5.55,89.61666666666667,4.0,117,0,0.0
2023-07-29T00:00:00.000000+0000,661.8,6.433333333333334,88.71666666666665,4.5,106,0,0.0
2023-07-29T01:00:00.000000+0000,661.8,5.633333333333334,89.66666666666667,4.9,98,0,0.0
2023-07-29T02:00:00.000000+0000,662.0,5.016666666666667,92.88333333333333,4.9,108,0,0.0
2023-07-29T03:00:00.000000+0000,662.2,4.716666666666667,88.14999999999999,5.5,112,0,0.0
2023-07-29T04:00:00.000000+0000,662.5,6.966666666666666,78.76666666666667,5.7,113,13,0.0
2023-07-29T05:00:00.000000+0000,663.1,9.466666666666667,70.08333333333333,4.1,102,182,0.0
2023-07-29T06:00:00.000000+0000,663.5,10.516666666666666,71.55,5.6,67,418,0.0
2023-07-29T07:00:00.000000+0000,663.8,11.683333333333335,66.93333333333334,6.1,41,646,0.0
2023-07-29T08:00:00.000000+0000,664.0,10.700000000000001,79.96666666666667,7.1,31,666,0.0
2023-07-29T09:00:00.000000+0000,663.8,10.35,85.85000000000001,6.6,11,656,0.0
2023-07-29T10:00:00.000000+0000,663.6,9.366666666666667,93.43333333333334,5.5,1,553,0.0
2023-07-29T11:00:00.000000+0000,663.2,8.616666666666667,97.46666666666668,4.4,8,265,0.0
2023-07-29T12:00:00.000000+0000,662.8,8.583333333333334,96.16666666666667,5.8,11,112,0.0
2023-07-29T13:00:00.000000+0000,662.6,9.05,97.53333333333335,3.7,11,128,0.0
2023-07-29T14:00:00.000000+0000,662.4,8.983333333333334,94.08333333333333,4.4,11,167,0.0
2023-07-29T15:00:00.000000+0000,662.5,8.049999999999999,95.81666666666666,1.4,346,126,0.0
2023-07-29T16:00:00.000000+0000,662.7,5.6000000000000005,93.3,1.5,90,21,0.0
2023-07-29T17:00:00.000000+0000,662.7,4.516666666666667,85.94000000000001,2.6,106,0,0.0
2023-07-29T18:00:00.000000+0000,663.0,5.133333333333334,78.16666666666667,1.0,139,0,0.0
2023-07-29T19:00:00.000000+0000,663.3,4.616666666666666,82.73333333333333,0.5,225,0,0.0
2023-07-29T20:00:00.000000+0000,663.4,4.55,87.23333333333333,2.9,200,0,0.0
2023-07-29T21:00:00.000000+0000,663.2,4.916666666666667,59.46666666666666,4.1,196,0,0.0
2023-07-29T22:00:00.000000+0000,662.8,4.616666666666666,73.61666666666667,3.7,182,0,0.0
2023-07-29T23:00:00.000000+0000,662.6,3.466666666666667,81.91666666666667,1.8,212,0,0.0
2023-07-30T00:00:00.000000+0000,662.1,3.9166666666666665,73.01666666666667,1.1,149,0,0.0
2023-07-30T01:00:00.000000+0000,661.9,4.166666666666667,71.98333333333333,0.8,207,0,0.0
2023-07-30T02:00:00.000000+0000,661.9,3.1666666666666665,71.43333333333332,1.8,222,0,0.0
2023-07-30T03:00:00.000000+0000,662.0,4.283333333333333,61.26666666666667,1.6,132,0,0.0
2023-07-30T04:00:00.000000+0000,662.4,6.75,59.03333333333333,0.7,171,17,0.0
2023-07-30T05:00:00.000000+0000,663.1,8.916666666666666,59.199999999999996,1.4,195,203,0.0
2023-07-30T06:00:00.000000+0000,663.6,9.216666666666667,72.48333333333333,1.7,288,431,0.0
2023-07-30T07:00:00.000000+0000,664.1,9.933333333333334,76.75,2.9,298,662,0.0
2023-07-30T08:00:00.000000+0000,664.1,10.133333333333333,81.76666666666667,4.3,303,823,0.0
2023-07-30T09:00:00.000000+0000,663.7,10.166666666666666,84.13333333333333,4.5,305,751,0.0
2023-07-30T10:00:00.000000+0000,663.3,11.450000000000001,76.75000000000001,4.9,301,506,0.0
2023-07-30T11:00:00.000000+0000,662.9,11.883333333333333,69.68333333333334,5.5,330,770,0.0
2023-07-30T12:00:00.000000+0000,662.4,11.65,74.56666666666665,5.3,321,624,0.0
2023-07-30T13:00:00.000000+0000,662.1,10.683333333333332,84.10000000000001,5.5,328,572,0.0
2023-07-30T14:00:00.000000+0000,662.0,10.366666666666665,87.39999999999999,4.7,310,330,0.0
2023-07-30T15:00:00.000000+0000,662.1,8.833333333333334,95.25,4.2,302,248,0.0
2023-07-30T16:00:00.000000+0000,662.2,6.983333333333334,96.81666666666666,3.1,278,23,0.0
2023-07-30T17:00:00.000000+0000,662.2,5.733333333333334,82.78333333333333,2.5,243,0,0.0
2023-07-30T18:00:00.000000+0000,662.6,6.566666666666666,84.5,4.3,214,0,0.0
2023-07-30T19:00:00.000000+0000,663.0,7.033333333333334,90.36666666666666,6.8,236,0,0.0
2023-07-30T20:00:00.000000+0000,663.1,6.8,98.60000000000001,6.0,245,0,0.0
2023-07-30T21:00:00.000000+0000,662.9,6.333333333333333,96.44999999999999,5.6,248,0,0.0
2023-07-30T22:00:00.000000+0000,662.5,6.483333333333334,97.65000000000002,6.5,237,0,0.0
2023-07-30T23:00:00.000000+0000,662.3,6.416666666666667,95.01666666666667,6.6,245,0,0.0
2023-07-31T00:00:00.000000+0000,662.2,5.633333333333334,98.25,4.3,251,0,0.0
2023-07-31T01:00:00.000000+0000,662.3,5.1499999999999995,80.43333333333334,4.4,236,0,0.0
2023-07-31T02:00:00.000000+0000,662.2,5.016666666666667,75.83333333333333,4.5,222,0,0.0
2023-07-31T03:00:00.000000+0000,662.4,4.283333333333334,87.85000000000001,2.8,228,0,0.0
2023-07-31T04:00:00.000000+0000,662.8,6.066666666666666,86.88333333333333,3.9,235,15,0.0
2023-07-31T05:00:00.000000+0000,663.2,8.333333333333334,86.41666666666667,3.7,218,195,0.0
2023-07-31T06:00:00.000000+0000,663.6,9.283333333333333,90.23333333333335,3.7,272,383,0.0
2023-07-31T07:00:00.000000+0000,663.8,10.450000000000001,76.93333333333334,4.1,310,622,0.0
2023-07-31T08:00:00.000000+0000,663.9,9.05,85.73333333333333,4.2,307,702,0.0
2023-07-31T09:00:00.000000+0000,663.7,8.05,99.2,4.0,290,212,0.0
2023-07-31T10:00:00.000000+0000,663.4,9.533333333333333,85.2,4.0,277,168,0.4
2023-07-31T11:00:00.000000+0000,663.1,10.2,81.60000000000001,2.8,304,416,0.0
2023-07-31T12:00:00.000000+0000,662.6,9.183333333333332,90.7,5.1,327,342,0.0
2023-07-31T13:00:00.000000+0000,662.1,7.1499999999999995,99.3,5.3,326,88,0.7
2023-07-31T14:00:00.000000+0000,662.7,7.133333333333334,99.3,2.6,250,56,0.0
2023-07-31T15:00:00.000000+0000,662.7,,,1.2,243,80,0.0
2023-08-08T08:00:00.000000+0000,,9.35,74.95,,,,
2023-08-08T09:00:00.000000+0000,662.9,8.666666666666668,82.58333333333333,3.8,308,604,
2023-08-08T10:00:00.000000+0000,662.7,9.033333333333333,79.36666666666666,4.4,324,572,0.0
2023-08-08T11:00:00.000000+0000,662.3,8.783333333333333,83.31666666666666,4.4,314,399,0.0
2023-08-08T12:00:00.000000+0000,661.9,8.566666666666665,88.63333333333333,5.2,339,394,0.0
2023-08-08T13:00:00.000000+0000,661.8,9.616666666666667,81.83333333333333,3.2,315,392,0.0
2023-08-08T14:00:00.000000+0000,661.9,8.066666666666666,94.46666666666665,4.2,317,476,0.0
2023-08-08T15:00:00.000000+0000,661.9,7.016666666666667,99.3,3.6,313,131,0.0
2023-08-08T16:00:00.000000+0000,661.9,6.183333333333334,99.3,2.4,265,10,0.0
2023-08-08T17:00:00.000000+0000,661.9,5.216666666666667,97.65000000000002,3.1,256,0,0.0
2023-08-08T18:00:00.000000+0000,662.2,4.766666666666667,96.95,2.5,236,0,0.0
2023-08-08T19:00:00.000000+0000,662.5,4.466666666666668,92.36666666666667,2.8,236,0,0.0
2023-08-08T20:00:00.000000+0000,662.6,4.866666666666667,83.95,5.1,221,0,0.0
2023-08-08T21:00:00.000000+0000,662.3,5.0,82.08333333333333,5.0,236,0,0.0
2023-08-08T22:00:00.000000+0000,662.0,4.966666666666667,84.16666666666667,4.5,223,0,0.0
2023-08-08T23:00:00.000000+0000,661.9,4.683333333333334,90.7,4.9,229,0,0.0
2023-08-09T00:00:00.000000+0000,661.8,4.483333333333333,92.38333333333333,5.6,230,0,0.0
2023-08-09T01:00:00.000000+0000,661.7,4.166666666666667,93.26666666666667,4.9,234,0,0.0
2023-08-09T02:00:00.000000+0000,661.9,4.1499999999999995,98.21666666666668,4.8,250,0,0.0
2023-08-09T03:00:00.000000+0000,662.1,4.199999999999999,90.98333333333333,5.2,208,0,0.0
2023-08-09T04:00:00.000000+0000,662.3,5.449999999999999,89.31666666666666,4.4,229,14,0.0
2023-08-09T05:00:00.000000+0000,662.7,7.133333333333334,90.96666666666665,4.0,235,191,0.0
2023-08-09T06:00:00.000000+0000,663.3,7.333333333333333,98.21666666666665,4.2,278,407,0.0
2023-08-09T07:00:00.000000+0000,663.5,7.8500000000000005,95.86666666666667,3.8,292,338,0.0
2023-08-09T08:00:00.000000+0000,663.6,8.166666666666666,96.23333333333333,4.1,302,459,0.0
2023-08-09T09:00:00.000000+0000,663.4,8.966666666666667,92.33333333333333,4.0,310,448,0.0
2023-08-09T10:00:00.000000+0000,663.1,8.333333333333334,97.33333333333333,4.5,317,445,0.0
2023-08-09T11:00:00.000000+0000,662.7,8.433333333333332,97.61666666666667,3.8,315,365,0.0
2023-08-09T12:00:00.000000+0000,662.1,9.016666666666667,91.95,4.4,327,328,0.0
2023-08-09T13:00:00.000000+0000,661.9,9.083333333333334,93.58333333333333,3.6,330,345,0.0
2023-08-09T14:00:00.000000+0000,661.8,8.383333333333335,96.94999999999999,3.1,305,268,0.0
2023-08-09T15:00:00.000000+0000,661.9,7.400000000000001,99.26666666666667,2.7,283,125,0.0
2023-08-09T16:00:00.000000+0000,662.1,5.733333333333333,94.28333333333332,3.1,250,15,0.0
2023-08-09T17:00:00.000000+0000,662.1,5.133333333333334,98.26666666666667,1.6,231,0,0.0
2023-08-09T18:00:00.000000+0000,662.4,5.666666666666667,98.96666666666665,1.5,235,0,0.0
2023-08-09T19:00:00.000000+0000,662.8,4.7,94.16666666666667,3.0,196,0,0.0
2023-08-09T20:00:00.000000+0000,662.7,4.75,91.56666666666668,4.3,198,0,0.0
2023-08-09T21:00:00.000000+0000,662.8,4.3,96.4833333333333,3.0,221,0,0.0
2023-08-09T22:00:00.000000+0000,662.4,3.9166666666666665,97.66666666666667,2.9,235,0,0.0
2023-08-09T23:00:00.000000+0000,662.0,4.233333333333333,91.30000000000001,4.1,221,0,0.0
2023-08-10T00:00:00.000000+0000,661.7,3.5999999999999996,94.98333333333335,2.2,223,0,0.0
2023-08-10T01:00:00.000000+0000,661.7,4.316666666666666,99.08333333333333,2.5,222,0,0.0
2023-08-10T02:00:00.000000+0000,661.9,3.533333333333333,97.83333333333333,3.6,200,0,0.0
2023-08-10T03:00:00.000000+0000,662.2,3.2166666666666663,93.91666666666667,1.3,215,0,0.0
2023-08-10T04:00:00.000000+0000,662.5,5.883333333333333,80.73333333333333,2.0,165,13,0.0
2023-08-10T05:00:00.000000+0000,663.0,8.966666666666667,67.11666666666666,2.4,104,194,0.0
2023-08-10T06:00:00.000000+0000,663.5,9.799999999999999,72.56666666666666,4.2,48,434,0.0
2023-08-10T07:00:00.000000+0000,663.9,9.533333333333333,77.95,3.7,22,601,0.0
2023-08-10T08:00:00.000000+0000,663.9,9.416666666666666,78.21666666666665,3.9,3,587,0.0
2023-08-10T09:00:00.000000+0000,663.7,10.316666666666665,79.06666666666666,3.9,22,566,0.0
2023-08-10T10:00:00.000000+0000,663.4,10.233333333333333,77.4,5.3,15,684,0.0
2023-08-10T11:00:00.000000+0000,663.0,9.066666666666666,87.23333333333333,5.1,360,531,0.0
2023-08-10T12:00:00.000000+0000,662.5,9.883333333333333,83.83333333333333,3.9,5,365,0.0
2023-08-10T13:00:00.000000+0000,662.2,9.3,82.45,4.0,358,417,0.0
2023-08-10T14:00:00.000000+0000,662.0,9.416666666666666,83.60000000000001,3.6,30,213,0.0
2023-08-10T15:00:00.000000+0000,662.1,8.283333333333333,78.61666666666666,2.5,31,186,0.0
2023-08-10T16:00:00.000000+0000,662.4,5.916666666666667,98.75,1.7,45,47,0.0
2023-08-10T17:00:00.000000+0000,662.5,4.316666666666666,97.01666666666667,1.3,112,0,0.0
2023-08-10T18:00:00.000000+0000,662.6,3.6333333333333333,95.88333333333333,0.8,146,0,0.0
2023-08-10T19:00:00.000000+0000,662.8,4.550000000000001,80.55,1.5,148,0,0.0
2023-08-10T20:00:00.000000+0000,662.9,4.4833333333333325,79.56666666666666,1.0,214,0,0.0
2023-08-10T21:00:00.000000+0000,662.8,4.55,76.83333333333333,1.1,186,0,0.0
2023-08-10T22:00:00.000000+0000,662.2,5.500000000000001,72.46666666666668,1.8,130,0,0.0
2023-08-10T23:00:00.000000+0000,661.6,4.683333333333334,82.10000000000001,1.5,225,0,0.0
2023-08-11T00:00:00.000000+0000,661.3,4.716666666666668,88.06666666666666,1.5,225,0,0.0
2023-08-11T01:00:00.000000+0000,661.3,4.416666666666667,85.73333333333333,1.1,233,0,0.0
2023-08-11T02:00:00.000000+0000,661.4,4.166666666666667,85.13333333333334,1.7,113,0,0.0
2023-08-11T03:00:00.000000+0000,661.7,4.083333333333333,84.2,2.0,135,0,0.0
2023-08-11T04:00:00.000000+0000,662.1,6.433333333333334,81.89999999999999,2.3,125,16,0.0
2023-08-11T05:00:00.000000+0000,662.4,7.433333333333333,86.63333333333333,2.0,111,191,0.0
2023-08-11T06:00:00.000000+0000,663.0,7.6000000000000005,84.83333333333333,1.9,3,282,0.0
2023-08-11T07:00:00.000000+0000,663.3,,,,,,
2023-08-11T14:00:00.000000+0000,,9.45,85.5,,,,
2023-08-11T15:00:00.000000+0000,661.8,9.15,82.58333333333333,1.4,16,180,0.0
2023-08-11T16:00:00.000000+0000,661.8,5.3,95.41666666666667,1.6,8,48,0.0
2023-08-11T17:00:00.000000+0000,662.0,5.266666666666667,95.21666666666665,1.1,196,0,0.0
2023-08-11T18:00:00.000000+0000,662.2,4.266666666666667,89.83333333333333,1.6,228,0,0.0
2023-08-11T19:00:00.000000+0000,662.6,4.533333333333333,84.96666666666665,2.6,198,0,0.0
2023-08-11T20:00:00.000000+0000,662.8,4.183333333333334,75.60000000000001,2.3,231,0,0.0
2023-08-11T21:00:00.000000+0000,662.5,4.383333333333334,72.16666666666667,1.8,211,0,0.0
2023-08-11T22:00:00.000000+0000,661.9,3.783333333333333,61.28333333333333,1.9,171,0,0.0
2023-08-11T23:00:00.000000+0000,661.3,4.266666666666667,64.56666666666666,1.9,140,0,0.0
2023-08-12T00:00:00.000000+0000,661.0,3.9666666666666663,63.116666666666674,1.3,166,0,0.0
2023-08-12T01:00:00.000000+0000,660.6,4.516666666666667,55.78333333333333,3.9,123,0,0.0
2023-08-12T02:00:00.000000+0000,660.7,4.683333333333333,56.81666666666667,4.2,122,0,0.0
2023-08-12T03:00:00.000000+0000,661.1,3.516666666666666,69.81666666666666,3.5,113,0,0.0
2023-08-12T04:00:00.000000+0000,661.5,5.916666666666667,77.96666666666668,3.2,111,19,0.0
2023-08-12T05:00:00.000000+0000,662.1,10.033333333333333,49.5,2.9,90,195,0.0
2023-08-12T06:00:00.000000+0000,662.6,11.25,52.21666666666667,5.4,65,444,0.0
2023-08-12T07:00:00.000000+0000,662.9,10.883333333333333,65.61666666666667,5.8,30,669,0.0
2023-08-12T08:00:00.000000+0000,662.9,11.33333333333333,71.46666666666668,6.4,28,769,0.0
2023-08-12T09:00:00.000000+0000,662.8,10.433333333333332,73.98333333333333,5.6,12,875,0.0
2023-08-12T10:00:00.000000+0000,662.4,10.066666666666666,80.7,6.8,21,751,0.0
2023-08-12T11:00:00.000000+0000,662.1,8.899999999999999,80.41666666666667,4.6,13,410,0.0
2023-08-12T12:00:00.000000+0000,661.7,9.216666666666667,77.25,5.7,17,205,0.0
2023-08-12T13:00:00.000000+0000,661.4,9.85,79.05,5.4,7,204,0.0
2023-08-12T14:00:00.000000+0000,661.2,9.549999999999999,80.01666666666667,5.6,20,297,0.0
2023-08-12T15:00:00.000000+0000,661.2,7.683333333333334,77.60000000000001,6.0,33,248,0.0
2023-08-12T16:00:00.000000+0000,661.4,4.05,84.41666666666667,2.6,49,53,0.0
2023-08-12T17:00:00.000000+0000,661.5,3.733333333333334,63.03333333333334,1.7,125,0,0.0
2023-08-12T18:00:00.000000+0000,661.6,4.416666666666667,59.55000000000001,3.5,122,0,0.0
2023-08-12T19:00:00.000000+0000,662.1,5.333333333333333,45.56666666666667,3.7,116,0,0.0
2023-08-12T20:00:00.000000+0000,662.0,6.183333333333334,36.699999999999996,6.8,122,0,0.0
2023-08-12T21:00:00.000000+0000,661.7,5.733333333333333,37.93333333333334,7.5,125,0,0.0
2023-08-12T22:00:00.000000+0000,661.2,6.5,33.3,7.5,123,0,0.0
2023-08-12T23:00:00.000000+0000,660.8,6.466666666666668,35.11666666666667,8.1,131,0,0.0
2023-08-13T00:00:00.000000+0000,660.1,6.050000000000001,39.03333333333333,10.4,131,0,0.0
2023-08-13T01:00:00.000000+0000,660.2,5.883333333333333,40.0,8.7,126,0,0.0
2023-08-13T02:00:00.000000+0000,660.3,6.016666666666667,39.53333333333333,9.0,128,0,0.0
2023-08-13T03:00:00.000000+0000,660.5,5.75,42.050000000000004,8.8,130,0,0.0
2023-08-13T04:00:00.000000+0000,660.8,7.666666666666667,42.49999999999999,8.8,132,20,0.0
2023-08-13T05:00:00.000000+0000,661.5,10.049999999999999,37.26666666666666,7.7,116,219,0.0
2023-08-13T06:00:00.000000+0000,662.3,10.500000000000002,53.48333333333333,6.7,91,454,0.0
2023-08-13T07:00:00.000000+0000,662.6,9.35,85.40000000000002,6.7,25,669,0.0
2023-08-13T08:00:00.000000+0000,662.9,9.516666666666666,80.08333333333333,5.4,360,565,0.0
2023-08-13T09:00:00.000000+0000,662.9,8.233333333333333,82.48333333333333,5.6,358,510,0.0
2023-08-13T10:00:00.000000+0000,662.6,7.6499999999999995,85.46666666666668,5.0,342,148,0.0
2023-08-13T11:00:00.000000+0000,662.2,7.083333333333333,87.66666666666669,5.1,7,89,0.0
2023-08-13T12:00:00.000000+0000,661.8,6.983333333333334,90.11666666666667,4.0,354,69,0.0
2023-08-13T13:00:00.000000+0000,661.5,7.1000000000000005,93.2,3.1,351,103,0.0
2023-08-13T14:00:00.000000+0000,661.3,7.383333333333334,94.2,3.6,12,178,0.0
2023-08-13T15:00:00.000000+0000,661.5,6.75,96.98333333333333,3.9,351,179,0.0
2023-08-13T16:00:00.000000+0000,661.7,4.15,78.33333333333333,1.6,340,38,0.0
2023-08-13T17:00:00.000000+0000,661.8,2.5333333333333337,66.31666666666668,3.0,134,0,0.0
2023-08-13T18:00:00.000000+0000,661.9,3.15,72.98333333333333,2.8,131,0,0.0
2023-08-13T19:00:00.000000+0000,662.1,3.1833333333333336,78.98333333333333,1.8,187,0,0.0
2023-08-13T20:00:00.000000+0000,662.0,2.9999999999999996,79.51666666666667,1.4,176,0,0.0
2023-08-13T21:00:00.000000+0000,662.0,2.583333333333333,82.5,1.5,115,0,0.0
2023-08-13T22:00:00.000000+0000,661.5,2.8166666666666664,75.36666666666666,1.3,162,0,0.0
2023-08-13T23:00:00.000000+0000,661.1,2.6333333333333333,72.23333333333333,1.3,135,0,0.0
2023-08-14T00:00:00.000000+0000,660.8,3.033333333333333,75.18333333333334,3.2,136,0,0.0
2023-08-14T01:00:00.000000+0000,660.4,3.016666666666667,73.38333333333334,7.6,138,0,0.0
2023-08-14T02:00:00.000000+0000,660.7,2.516666666666666,73.2,7.0,137,0,0.0
2023-08-14T03:00:00.000000+0000,661.1,2.6,79.7,5.0,165,0,0.0
2023-08-14T04:00:00.000000+0000,661.6,5.283333333333334,71.13333333333334,2.8,174,20,0.0
2023-08-14T05:00:00.000000+0000,662.3,8.85,53.650000000000006,1.6,130,216,0.0
2023-08-14T06:00:00.000000+0000,662.9,10.383333333333333,48.96666666666667,3.8,44,454,0.0
2023-08-14T07:00:00.000000+0000,663.2,10.200000000000001,64.2,5.2,30,675,0.0
2023-08-14T08:00:00.000000+0000,663.5,10.383333333333333,70.08333333333333,5.5,5,894,0.0
2023-08-14T09:00:00.000000+0000,663.5,9.316666666666666,77.63333333333334,4.9,334,718,0.0
2023-08-14T10:00:00.000000+0000,663.3,10.700000000000001,65.23333333333333,6.5,322,521,0.0
2023-08-14T11:00:00.000000+0000,662.9,10.233333333333334,63.13333333333333,4.3,345,969,0.0
2023-08-14T12:00:00.000000+0000,662.6,10.066666666666668,67.4,5.1,321,355,0.0
2023-08-14T13:00:00.000000+0000,662.3,9.4,73.60000000000001,5.4,328,449,0.0
2023-08-14T14:00:00.000000+0000,662.2,8.05,81.53333333333333,6.1,310,328,0.0
2023-08-14T15:00:00.000000+0000,662.2,6.949999999999999,89.78333333333335,4.2,327,95,0.0
2023-08-14T16:00:00.000000+0000,662.4,5.766666666666667,97.83333333333333,3.3,311,16,0.0
2023-08-14T17:00:00.000000+0000,662.6,4.5,98.83333333333333,1.2,257,0,0.0
2023-08-14T18:00:00.000000+0000,662.7,3.6999999999999997,98.88333333333333,0.4,315,0,0.0
2023-08-14T19:00:00.000000+0000,662.9,2.7166666666666663,92.23333333333333,1.1,166,0,0.0
2023-08-14T20:00:00.000000+0000,663.0,2.516666666666667,68.16666666666666,1.7,158,0,0.0
2023-08-14T21:00:00.000000+0000,662.9,2.3000000000000003,66.86666666666666,2.7,112,0,0.0
2023-08-14T22:00:00.000000+0000,662.6,3.733333333333333,65.28333333333333,2.0,135,0,0.0
2023-08-14T23:00:00.000000+0000,662.1,3.5833333333333335,64.95,2.4,182,0,0.0
2023-08-15T00:00:00.000000+0000,661.6,2.4499999999999997,68.55,1.0,156,0,0.0
2023-08-15T01:00:00.000000+0000,661.4,0.9833333333333333,72.10000000000001,1.3,114,0,0.0
2023-08-15T02:00:00.000000+0000,661.5,2.6,44.0,2.5,133,0,0.0
2023-08-15T03:00:00.000000+0000,661.6,2.1999999999999997,41.800000000000004,3.5,129,0,0.0
2023-08-15T04:00:00.000000+0000,661.9,5.8999999999999995,45.04999999999999,3.2,112,21,0.0
2023-08-15T05:00:00.000000+0000,662.6,8.016666666666667,46.28333333333333,1.7,101,223,0.0
2023-08-15T06:00:00.000000+0000,663.2,9.016666666666667,44.81666666666666,2.1,22,459,0.0
2023-08-15T07:00:00.000000+0000,663.6,10.233333333333334,40.28333333333333,3.4,353,682,0.0
2023-08-15T08:00:00.000000+0000,663.6,11.016666666666666,40.38333333333333,5.0,16,863,0.0
2023-08-15T09:00:00.000000+0000,663.5,12.049999999999999,39.516666666666666,4.5,9,985,0.0
2023-08-15T10:00:00.000000+0000,663.3,11.733333333333334,42.26666666666667,5.6,347,980,0.0
2023-08-15T11:00:00.000000+0000,662.8,10.6,62.800000000000004,5.8,341,1074,0.0
2023-08-15T12:00:00.000000+0000,662.4,9.75,69.41666666666667,6.0,326,429,0.0
2023-08-15T13:00:00.000000+0000,662.1,9.833333333333334,72.08333333333333,5.1,321,436,0.0
2023-08-15T14:00:00.000000+0000,662.0,9.4,72.0,4.7,319,313,0.0
2023-08-15T15:00:00.000000+0000,662.1,7.3,92.55,5.4,284,200,0.0
2023-08-15T16:00:00.000000+0000,662.3,5.8500000000000005,99.28333333333335,2.7,283,12,0.0
2023-08-15T17:00:00.000000+0000,662.4,5.833333333333333,99.21666666666665,1.3,235,0,0.0
2023-08-15T18:00:00.000000+0000,662.8,4.083333333333333,95.25,1.3,233,0,0.0
2023-08-15T19:00:00.000000+0000,663.0,3.866666666666667,93.5,1.2,104,0,0.0
2023-08-15T20:00:00.000000+0000,663.0,4.766666666666667,87.80000000000001,2.0,225,0,0.0
2023-08-15T21:00:00.000000+0000,662.8,5.25,84.35000000000001,2.7,236,0,0.2
2023-08-15T22:00:00.000000+0000,662.4,5.55,87.03333333333335,3.8,232,0,0.0
2023-08-15T23:00:00.000000+0000,662.1,4.566666666666666,90.89999999999999,4.7,222,0,0.7
2023-08-16T00:00:00.000000+0000,661.7,4.116666666666666,86.51666666666667,3.5,131,0,0.0
2023-08-16T01:00:00.000000+0000,661.4,3.9333333333333336,83.08333333333333,3.7,156,0,0.0
2023-08-16T02:00:00.000000+0000,661.3,3.6999999999999993,82.78333333333332,3.4,171,0,0.0
2023-08-16T03:00:00.000000+0000,661.7,3.733333333333334,77.64999999999999,2.6,201,0,0.0
2023-08-16T04:00:00.000000+0000,662.0,5.933333333333334,71.83333333333333,2.0,144,23,0.0
2023-08-16T05:00:00.000000+0000,662.4,9.066666666666668,66.98333333333333,1.4,63,222,0.0
2023-08-16T06:00:00.000000+0000,663.0,7.933333333333333,83.8,3.5,9,468,0.0
2023-08-16T07:00:00.000000+0000,663.4,7.8500000000000005,84.78333333333333,3.1,309,269,0.0
2023-08-16T08:00:00.000000+0000,663.6,8.116666666666667,87.14999999999999,3.7,298,423,0.0
2023-08-16T09:00:00.000000+0000,663.4,8.833333333333334,83.14999999999999,3.0,292,414,0.0
2023-08-16T10:00:00.000000+0000,663.0,7.583333333333333,98.36666666666667,4.4,309,269,0.0
2023-08-16T11:00:00.000000+0000,662.5,7.983333333333333,98.64999999999999,2.2,279,119,0.4
2023-08-16T12:00:00.000000+0000,661.8,9.4,86.93333333333334,3.1,298,173,0.1
2023-08-16T13:00:00.000000+0000,661.6,9.15,90.53333333333335,4.0,287,616,0.0
2023-08-16T14:00:00.000000+0000,661.4,8.916666666666666,93.88333333333334,5.2,286,221,0.0
2023-08-16T15:00:00.000000+0000,661.4,7.383333333333334,99.3,4.4,288,197,0.0
2023-08-16T16:00:00.000000+0000,661.6,5.25,99.25,3.6,256,26,0.0
2023-08-16T17:00:00.000000+0000,661.6,5.1000000000000005,97.33333333333333,3.9,239,0,0.0
2023-08-16T18:00:00.000000+0000,661.9,4.7,95.26666666666667,3.4,234,0,0.0
2023-08-16T19:00:00.000000+0000,662.2,5.550000000000001,92.09999999999998,4.3,234,0,0.0
2023-08-16T20:00:00.000000+0000,662.3,4.816666666666666,85.55000000000001,5.5,220,0,0.0
2023-08-16T21:00:00.000000+0000,662.1,5.449999999999999,89.80000000000001,4.8,221,0,0.0
2023-08-16T22:00:00.000000+0000,661.7,4.3500000000000005,88.28333333333335,5.1,227,0,0.0
2023-08-16T23:00:00.000000+0000,661.4,3.8666666666666667,80.36666666666666,4.5,214,0,0.0
2023-08-17T00:00:00.000000+0000,661.0,3.766666666666666,82.05,4.0,223,0,0.0
2023-08-17T01:00:00.000000+0000,660.8,3.75,72.03333333333335,3.7,224,0,0.0
2023-08-17T02:00:00.000000+0000,660.9,3.516666666666667,70.33333333333334,4.2,220,0,0.0
2023-08-17T03:00:00.000000+0000,661.1,3.433333333333333,72.28333333333335,4.5,216,0,0.0
2023-08-17T04:00:00.000000+0000,661.3,6.1000000000000005,64.53333333333333,3.9,189,22,0.0
2023-08-17T05:00:00.000000+0000,661.9,8.0,70.76666666666667,2.2,237,226,0.0
2023-08-17T06:00:00.000000+0000,662.6,9.483333333333333,62.9,2.1,317,463,0.0
2023-08-17T07:00:00.000000+0000,663.1,10.049999999999999,65.51666666666667,3.2,321,697,0.0
2023-08-17T08:00:00.000000+0000,663.2,9.133333333333333,81.46666666666667,4.5,315,733,0.0
2023-08-17T09:00:00.000000+0000,663.1,8.85,89.8,4.4,336,345,0.0
2023-08-17T10:00:00.000000+0000,662.7,8.316666666666665,94.76666666666667,5.4,349,375,0.0
2023-08-17T11:00:00.000000+0000,662.2,8.049999999999999,97.03333333333332,3.6,358,263,0.0
2023-08-17T12:00:00.000000+0000,661.7,7.666666666666667,98.48333333333333,4.1,350,130,0.0
2023-08-17T13:00:00.000000+0000,661.2,8.5,85.21666666666665,2.7,38,306,0.0
2023-08-17T14:00:00.000000+0000,661.0,8.116666666666665,89.03333333333335,1.3,39,247,0.0
2023-08-17T15:00:00.000000+0000,661.0,7.1000000000000005,99.28333333333335,2.6,300,122,0.0
2023-08-17T16:00:00.000000+0000,661.2,6.383333333333333,99.28333333333335,1.3,333,11,0.0
2023-08-17T17:00:00.000000+0000,661.4,5.783333333333332,98.96666666666665,1.9,222,0,0.0
2023-08-17T18:00:00.000000+0000,661.4,5.416666666666667,99.3,1.7,242,0,0.0
2023-08-17T19:00:00.000000+0000,661.7,4.4,99.3,3.0,222,0,0.0
2023-08-17T20:00:00.000000+0000,661.7,3.9,97.58333333333333,2.3,259,0,0.0
2023-08-17T21:00:00.000000+0000,661.6,4.033333333333333,86.41666666666667,3.4,209,0,0.0
2023-08-17T22:00:00.000000+0000,661.2,4.6000000000000005,80.93333333333332,2.8,218,0,0.0
2023-08-17T23:00:00.000000+0000,660.8,4.716666666666667,84.53333333333332,3.3,205,0,0.0
2023-08-18T00:00:00.000000+0000,660.4,4.783333333333333,83.76666666666667,2.8,198,0,0.0
2023-08-18T01:00:00.000000+0000,660.2,2.9333333333333336,90.95,1.0,207,0,0.0
2023-08-18T02:00:00.000000+0000,660.2,2.9,92.58333333333333,2.0,111,0,0.0
2023-08-18T03:00:00.000000+0000,660.6,4.516666666666667,96.91666666666667,3.8,112,0,0.0
2023-08-18T04:00:00.000000+0000,661.2,5.716666666666668,91.2,3.4,113,18,0.0
2023-08-18T05:00:00.000000+0000,661.7,7.983333333333334,67.88333333333334,3.1,106,169,0.0
2023-08-18T06:00:00.000000+0000,662.2,9.533333333333335,62.333333333333336,2.7,58,462,0.0
2023-08-18T07:00:00.000000+0000,662.4,10.1,72.46666666666668,5.4,32,714,0.0
2023-08-18T08:00:00.000000+0000,662.6,10.716666666666667,65.48333333333333,6.2,13,897,0.0
2023-08-18T09:00:00.000000+0000,662.7,10.616666666666667,71.24999999999999,7.0,24,903,0.0
2023-08-18T10:00:00.000000+0000,662.5,11.533333333333331,65.53333333333335,7.2,10,919,0.0
2023-08-18T11:00:00.000000+0000,662.1,10.250000000000002,63.11666666666667,6.0,20,1034,0.0
2023-08-18T12:00:00.000000+0000,661.7,10.716666666666667,57.916666666666664,4.4,352,362,0.0
2023-08-18T13:00:00.000000+0000,661.3,10.383333333333333,63.96666666666667,4.5,5,638,0.0
2023-08-18T14:00:00.000000+0000,661.3,9.016666666666667,70.41666666666667,4.1,350,421,0.0
2023-08-18T15:00:00.000000+0000,661.3,7.133333333333333,78.33333333333333,3.7,352,224,0.0
2023-08-18T16:00:00.000000+0000,661.4,3.5499999999999994,93.51666666666665,2.1,344,61,0.0
2023-08-18T17:00:00.000000+0000,661.6,3.516666666666667,87.98333333333333,1.4,167,0,0.0
2023-08-18T18:00:00.000000+0000,661.6,4.1000000000000005,77.5,1.7,214,0,0.0
2023-08-18T19:00:00.000000+0000,661.8,2.8333333333333335,55.18333333333334,3.3,218,0,0.0
2023-08-18T20:00:00.000000+0000,661.8,3.783333333333333,26.45,4.4,139,0,0.0
2023-08-18T21:00:00.000000+0000,661.3,5.6,17.85,8.7,148,0,0.0
2023-08-19T07:00:00.000000+0000,,11.0,58.4,,,,
2023-08-19T08:00:00.000000+0000,662.4,11.15,60.18333333333333,,,,
2023-08-19T09:00:00.000000+0000,662.3,10.05,66.60000000000001,6.3,360,1008,0.0
2023-08-19T10:00:00.000000+0000,662.1,8.966666666666667,71.98333333333333,5.2,343,642,0.0
2023-08-19T11:00:00.000000+0000,661.7,10.033333333333333,67.18333333333332,5.2,339,379,0.0
2023-08-19T12:00:00.000000+0000,661.5,11.366666666666667,55.11666666666667,6.0,334,631,0.0
2023-08-19T13:00:00.000000+0000,661.3,9.65,63.44999999999999,5.9,330,704,0.0
2023-08-19T14:00:00.000000+0000,661.3,9.983333333333334,61.33333333333334,6.2,337,302,0.0
2023-08-19T15:00:00.000000+0000,661.5,6.883333333333333,67.56666666666668,5.3,312,294,0.0
2023-08-19T16:00:00.000000+0000,661.7,4.383333333333334,88.43333333333334,2.5,278,39,0.0
2023-08-19T17:00:00.000000+0000,661.7,3.666666666666666,92.58333333333333,2.8,218,0,0.0
2023-08-19T18:00:00.000000+0000,661.8,3.0500000000000003,93.30000000000001,2.4,211,0,0.0
2023-08-19T19:00:00.000000+0000,662.1,2.6999999999999997,81.2,2.5,209,0,0.0
2023-08-19T20:00:00.000000+0000,662.1,3.6166666666666667,64.61666666666667,3.5,157,0,0.0
2023-08-19T21:00:00.000000+0000,661.8,4.883333333333334,63.75000000000001,5.3,153,0,0.0
2023-08-19T22:00:00.000000+0000,661.2,5.983333333333333,58.35,4.9,141,0,0.0
2023-08-19T23:00:00.000000+0000,660.7,6.099999999999999,56.04999999999999,7.7,149,0,0.0
2023-08-20T00:00:00.000000+0000,660.3,6.166666666666667,49.03333333333333,6.7,158,0,0.0
2023-08-20T01:00:00.000000+0000,660.1,5.75,50.949999999999996,5.7,147,0,0.0
2023-08-20T02:00:00.000000+0000,660.2,5.983333333333334,55.28333333333334,4.0,169,0,0.0
2023-08-20T03:00:00.000000+0000,660.8,5.183333333333333,63.28333333333333,3.2,214,0,0.0
2023-08-20T04:00:00.000000+0000,661.1,7.333333333333333,61.33333333333332,6.2,157,22,0.0
2023-08-20T05:00:00.000000+0000,661.2,9.533333333333333,53.5,10.6,133,227,0.0
2023-08-20T06:00:00.000000+0000,662.2,11.6,43.73333333333333,9.9,117,462,0.0
2023-08-20T07:00:00.000000+0000,662.6,12.033333333333333,44.150000000000006,8.2,81,675,0.0
2023-08-20T08:00:00.000000+0000,662.7,8.783333333333333,65.3,7.0,50,588,0.0
2023-08-20T09:00:00.000000+0000,662.6,9.133333333333333,69.98333333333333,2.9,301,469,0.0
2023-08-20T10:00:00.000000+0000,662.3,9.533333333333331,68.88333333333334,3.4,310,349,0.0
2023-08-20T11:00:00.000000+0000,661.7,8.783333333333333,72.7,4.4,325,361,0.0
2023-08-20T12:00:00.000000+0000,661.3,9.516666666666666,70.9,3.5,312,118,0.0
2023-08-20T13:00:00.000000+0000,661.1,8.983333333333333,72.13333333333333,4.8,349,253,0.0
2023-08-20T14:00:00.000000+0000,661.2,8.583333333333334,75.33333333333333,5.7,336,154,0.0
2023-08-20T15:00:00.000000+0000,661.3,7.5,81.89999999999999,3.1,328,85,0.0
2023-08-20T16:00:00.000000+0000,661.2,6.066666666666666,91.51666666666667,1.7,330,17,0.0
2023-08-20T17:00:00.000000+0000,661.2,3.966666666666667,91.03333333333332,1.2,211,0,0.0
2023-08-20T18:00:00.000000+0000,661.3,3.366666666666667,79.3,2.3,177,0,0.0
2023-08-20T19:00:00.000000+0000,661.6,3.2166666666666672,78.61666666666667,3.8,146,0,0.0
2023-08-20T20:00:00.000000+0000,661.7,3.6833333333333336,77.91666666666667,3.4,140,0,0.0
2023-08-20T21:00:00.000000+0000,661.5,3.85,77.93333333333334,5.2,144,0,0.0
2023-08-20T22:00:00.000000+0000,661.1,4.433333333333334,76.95,5.3,141,0,0.0
2023-08-20T23:00:00.000000+0000,660.6,5.233333333333333,73.46666666666665,7.3,145,0,0.0
2023-08-21T00:00:00.000000+0000,660.3,5.7,67.35000000000001,7.3,154,0,0.0
2023-08-21T01:00:00.000000+0000,660.1,5.783333333333334,65.38333333333334,8.4,149,0,0.0
2023-08-21T02:00:00.000000+0000,660.3,5.6000000000000005,64.76666666666667,7.4,156,0,0.0
2023-08-21T03:00:00.000000+0000,660.9,5.066666666666667,66.56666666666666,3.1,241,0,0.0
2023-08-21T04:00:00.000000+0000,661.2,6.633333333333333,63.83333333333334,2.0,186,21,0.0
2023-08-21T05:00:00.000000+0000,661.8,7.550000000000001,64.66666666666667,1.5,228,223,0.0
2023-08-21T06:00:00.000000+0000,662.3,7.866666666666667,67.95,2.8,292,359,0.0
2023-08-21T07:00:00.000000+0000,662.4,8.65,68.91666666666667,2.4,290,409,0.0
2023-08-21T08:00:00.000000+0000,662.5,8.466666666666667,70.25,4.2,317,431,0.0
2023-08-21T09:00:00.000000+0000,662.4,8.950000000000001,64.86666666666667,4.1,322,276,0.0
2023-08-21T10:00:00.000000+0000,662.1,10.033333333333333,61.4,4.2,337,397,0.0
2023-08-21T11:00:00.000000+0000,661.5,9.549999999999999,62.95000000000001,5.8,1,487,0.0
2023-08-21T12:00:00.000000+0000,661.0,9.333333333333334,64.7,4.9,354,246,0.0
2023-08-21T13:00:00.000000+0000,660.5,8.966666666666667,68.41666666666667,5.7,4,200,0.0
2023-08-21T14:00:00.000000+0000,660.4,9.316666666666668,68.43333333333334,3.2,352,188,0.0
2023-08-21T15:00:00.000000+0000,660.3,7.783333333333334,77.5,2.6,352,181,0.0
2023-08-21T16:00:00.000000+0000,660.3,6.583333333333333,94.11666666666666,2.1,351,21,0.0
2023-08-21T17:00:00.000000+0000,660.6,6.666666666666667,82.01666666666667,1.4,143,0,0.0
2023-08-21T18:00:00.000000+0000,660.6,6.816666666666666,76.38333333333333,1.4,238,0,0.0
2023-08-21T19:00:00.000000+0000,661.2,6.8,76.05,1.5,167,0,0.0
2023-08-21T20:00:00.000000+0000,661.6,6.683333333333334,75.25,1.3,119,0,0.0
2023-08-21T21:00:00.000000+0000,661.5,5.816666666666667,78.3,2.8,190,0,0.0
2023-08-21T22:00:00.000000+0000,661.1,5.216666666666666,80.63333333333334,3.0,207,0,0.0
2023-08-21T23:00:00.000000+0000,660.6,4.966666666666666,84.01666666666665,3.8,195,0,0.0
2023-08-22T00:00:00.000000+0000,660.3,5.283333333333333,82.88333333333334,3.4,202,0,0.0
2023-08-22T01:00:00.000000+0000,660.1,6.2,80.31666666666666,3.6,198,0,0.0
2023-08-22T02:00:00.000000+0000,660.3,5.666666666666667,83.13333333333334,2.2,198,0,0.0
2023-08-22T03:00:00.000000+0000,660.6,5.466666666666666,86.73333333333335,1.9,221,0,0.0
2023-08-22T04:00:00.000000+0000,661.1,6.8999999999999995,81.81666666666666,1.5,225,13,0.0
2023-08-22T05:00:00.000000+0000,661.7,7.716666666666668,77.08333333333333,1.2,270,185,0.0
2023-08-22T06:00:00.000000+0000,662.1,7.733333333333334,75.73333333333333,2.2,298,236,0.0
2023-08-22T07:00:00.000000+0000,662.5,8.266666666666667,80.8,2.9,301,389,0.0
2023-08-22T08:00:00.000000+0000,662.6,8.616666666666667,89.55000000000001,3.9,309,313,0.0
2023-08-22T09:00:00.000000+0000,662.6,9.833333333333334,75.83333333333333,4.2,318,660,0.0
2023-08-22T10:00:00.000000+0000,662.2,8.75,85.08333333333333,4.0,316,627,0.0
2023-08-22T11:00:00.000000+0000,661.7,9.266666666666666,85.39999999999999,3.5,347,430,0.0
2023-08-22T12:00:00.000000+0000,661.4,7.783333333333334,97.25,4.3,337,358,0.0
2023-08-22T13:00:00.000000+0000,661.1,7.733333333333333,97.7,4.3,357,76,0.0
2023-08-22T14:00:00.000000+0000,661.0,7.433333333333334,95.23333333333333,4.4,321,119,0.0
2023-08-22T15:00:00.000000+0000,661.0,6.733333333333333,99.21666666666665,3.8,332,53,0.0
2023-08-22T16:00:00.000000+0000,661.1,5.983333333333334,99.28333333333335,3.6,291,8,0.0
2023-08-22T17:00:00.000000+0000,661.1,5.583333333333333,99.3,2.7,247,0,0.0
2023-08-22T18:00:00.000000+0000,661.2,4.866666666666666,99.26666666666665,1.6,252,0,0.0
2023-08-22T19:00:00.000000+0000,661.4,4.3,99.28333333333335,1.7,208,0,0.0
2023-08-22T20:00:00.000000+0000,661.4,3.7833333333333328,88.76666666666667,1.6,214,0,0.0
2023-08-22T21:00:00.000000+0000,661.3,4.233333333333333,76.66666666666667,4.1,221,0,0.0
2023-08-22T22:00:00.000000+0000,661.0,3.4,59.38333333333333,3.2,207,0,0.0
2023-08-22T23:00:00.000000+0000,660.5,4.583333333333333,61.916666666666664,8.0,142,0,0.0
2023-08-23T00:00:00.000000+0000,660.1,4.633333333333333,59.400000000000006,9.5,148,0,0.0
2023-08-23T01:00:00.000000+0000,660.1,4.133333333333334,49.416666666666664,8.3,142,0,0.0
2023-08-23T02:00:00.000000+0000,660.2,4.916666666666667,44.93333333333333,2.4,175,0,0.0
2023-08-23T03:00:00.000000+0000,660.6,4.433333333333334,50.29999999999999,1.5,225,0,0.0
2023-08-23T04:00:00.000000+0000,660.8,7.083333333333333,46.88333333333333,1.5,236,24,0.0
2023-08-23T05:00:00.000000+0000,661.2,8.333333333333334,56.06666666666666,1.0,360,228,0.0
2023-08-23T06:00:00.000000+0000,661.6,8.716666666666667,66.03333333333335,2.8,296,465,0.0
2023-08-23T07:00:00.000000+0000,662.0,8.200000000000001,79.76666666666667,3.0,298,523,0.0
2023-08-23T08:00:00.000000+0000,662.4,9.633333333333333,74.23333333333333,2.9,319,316,0.0
2023-08-23T09:00:00.000000+0000,662.1,8.4,82.18333333333332,4.8,356,517,0.0
2023-08-23T10:00:00.000000+0000,661.8,7.466666666666666,89.38333333333333,5.7,7,151,0.0
2023-08-23T11:00:00.000000+0000,661.4,8.083333333333334,84.83333333333333,5.0,351,57,0.0
2023-08-23T12:00:00.000000+0000,660.9,8.466666666666667,83.95,3.9,2,90,0.0
2023-08-23T13:00:00.000000+0000,660.7,8.366666666666665,83.68333333333334,5.4,294,189,0.0
2023-08-23T14:00:00.000000+0000,660.7,7.6499999999999995,86.94999999999999,5.1,290,192,0.0
2023-08-23T15:00:00.000000+0000,660.9,6.883333333333333,92.75,3.5,278,72,0.0
2023-08-23T16:00:00.000000+0000,660.9,5.766666666666667,97.41666666666667,2.2,275,6,0.0
2023-08-23T17:00:00.000000+0000,661.0,4.316666666666667,96.18333333333334,1.7,218,0,0.0
2023-08-23T18:00:00.000000+0000,660.9,3.5833333333333335,82.7,1.4,203,0,0.0
2023-08-23T19:00:00.000000+0000,661.1,4.45,70.63333333333334,2.6,207,0,0.0
2023-08-23T20:00:00.000000+0000,661.4,4.25,,2.0,211,0,0.0
2023-08-23T21:00:00.000000+0000,661.2,4.466666666666666,56.36666666666667,2.4,,,
2023-08-23T22:00:00.000000+0000,660.9,3.783333333333333,61.68333333333334,2.5,101,0,0.0
2023-08-23T23:00:00.000000+0000,660.6,3.6666666666666665,69.53333333333333,2.7,106,0,0.0
2023-08-24T00:00:00.000000+0000,660.3,2.6999999999999997,74.06666666666666,3.1,109,0,0.0
2023-08-24T01:00:00.000000+0000,660.1,2.6166666666666667,69.08333333333333,3.7,126,0,0.0
2023-08-24T02:00:00.000000+0000,660.2,2.3000000000000003,69.06666666666665,1.9,139,0,0.0
2023-08-24T03:00:00.000000+0000,660.5,2.266666666666666,66.45,1.9,131,0,0.0
2023-08-24T04:00:00.000000+0000,660.8,6.716666666666668,52.166666666666664,1.5,155,25,0.0
2023-08-24T05:00:00.000000+0000,661.4,10.016666666666667,42.88333333333333,1.8,70,233,0.0
2023-08-24T06:00:00.000000+0000,661.8,10.833333333333334,51.51666666666667,3.4,45,473,0.0
2023-08-24T07:00:00.000000+0000,662.1,11.566666666666665,60.900000000000006,5.0,14,696,0.0
2023-08-24T08:00:00.000000+0000,662.1,12.216666666666667,61.8,5.8,10,891,0.0
2023-08-24T09:00:00.000000+0000,662.2,11.5,,6.5,15,938,0.0
2023-08-24T10:00:00.000000+0000,661.8,9.950000000000001,78.64999999999999,5.1,,,
2023-08-24T11:00:00.000000+0000,661.2,9.1,85.89999999999999,5.0,351,394,0.0
2023-08-24T12:00:00.000000+0000,661.0,10.0,73.61666666666667,4.5,330,289,0.0
2023-08-24T13:00:00.000000+0000,660.9,9.366666666666667,73.31666666666666,5.2,336,309,0.0
2023-08-24T14:00:00.000000+0000,661.0,9.183333333333334,74.2,4.9,332,213,0.0
2023-08-24T15:00:00.000000+0000,660.9,7.016666666666667,85.71666666666665,2.8,334,190,0.0
2023-08-24T16:00:00.000000+0000,660.8,3.9333333333333336,88.0,1.8,321,21,0.0
2023-08-24T17:00:00.000000+0000,660.8,3.766666666666666,57.70000000000001,1.8,160,0,0.0
2023-08-24T18:00:00.000000+0000,661.0,3.666666666666666,46.916666666666664,2.9,129,0,0.0
2023-08-24T19:00:00.000000+0000,661.0,4.433333333333334,40.26666666666667,3.7,124,0,0.0
2023-08-24T20:00:00.000000+0000,661.1,5.266666666666667,39.233333333333334,4.6,114,0,0.0
2023-08-24T21:00:00.000000+0000,660.9,5.416666666666667,36.583333333333336,5.5,117,0,0.0
2023-08-24T22:00:00.000000+0000,660.5,5.316666666666667,36.75,6.4,119,0,0.0
2023-08-24T23:00:00.000000+0000,660.0,5.8,32.9,7.7,130,0,0.0
2023-08-25T00:00:00.000000+0000,659.6,5.916666666666667,30.799999999999997,8.4,140,0,0.0
2023-08-25T01:00:00.000000+0000,659.6,6.166666666666667,31.839999999999996,6.8,139,0,0.0
2023-08-25T02:00:00.000000+0000,659.9,5.533333333333334,30.0,5.9,117,0,0.0
2023-08-25T03:00:00.000000+0000,660.3,4.133333333333334,32.233333333333334,6.1,117,0,0.0
2023-08-25T04:00:00.000000+0000,660.7,7.766666666666666,29.833333333333332,6.0,129,26,0.0
2023-08-25T05:00:00.000000+0000,661.3,10.583333333333334,25.600000000000005,5.6,118,237,0.0
2023-08-25T06:00:00.000000+0000,661.9,11.633333333333333,31.850000000000005,6.8,75,478,0.0
2023-08-25T07:00:00.000000+0000,662.4,11.433333333333332,48.53333333333333,6.8,47,698,0.0
2023-08-25T08:00:00.000000+0000,662.3,11.483333333333334,53.416666666666664,6.3,23,868,0.0
2023-08-25T09:00:00.000000+0000,662.0,11.516666666666666,52.699999999999996,4.2,10,900,0.0
2023-08-25T10:00:00.000000+0000,661.5,10.799999999999999,53.099999999999994,4.5,27,896,0.0
2023-08-25T11:00:00.000000+0000,661.1,10.483333333333334,56.63333333333333,4.8,328,536,0.0
2023-08-25T12:00:00.000000+0000,660.9,9.333333333333334,67.81666666666665,5.0,335,435,0.0
2023-08-25T13:00:00.000000+0000,660.6,8.616666666666667,73.98333333333333,4.4,329,226,0.0
2023-08-25T14:00:00.000000+0000,660.6,8.4,77.51666666666667,4.7,321,106,0.0
2023-08-25T15:00:00.000000+0000,660.7,7.233333333333333,80.95,5.8,293,137,0.0
2023-08-25T16:00:00.000000+0000,660.8,4.3,91.35000000000001,3.7,292,35,0.0
2023-08-25T17:00:00.000000+0000,660.7,3.5833333333333335,88.30000000000001,2.4,209,0,0.0
2023-08-25T18:00:00.000000+0000,660.7,4.616666666666667,71.95,2.2,197,0,0.0
2023-08-25T19:00:00.000000+0000,660.8,4.9,69.8,5.2,197,0,0.0
2023-08-25T22:00:00.000000+0000,,4.366666666666666,64.76666666666667,,,,
2023-08-25T23:00:00.000000+0000,659.7,4.083333333333333,53.833333333333336,5.8,199,0,0.0
2023-08-26T00:00:00.000000+0000,659.4,,,4.0,196,0,0.0
2023-08-26T04:00:00.000000+0000,,4.3,27.4,,,,
2023-08-26T06:00:00.000000+0000,,8.533333333333333,61.18333333333333,,,,
2023-08-26T07:00:00.000000+0000,662.5,9.816666666666668,60.199999999999996,3.3,293,701,0.0
2023-08-26T08:00:00.000000+0000,662.8,11.416666666666666,55.48333333333334,5.0,300,874,0.0
2023-08-26T09:00:00.000000+0000,662.7,10.166666666666668,62.083333333333336,5.3,320,768,0.0
2023-08-26T10:00:00.000000+0000,662.3,11.366666666666665,56.43333333333334,4.8,328,500,0.0
2023-08-26T11:00:00.000000+0000,661.9,11.066666666666668,55.333333333333336,6.4,337,860,0.0
2023-08-26T12:00:00.000000+0000,661.5,11.066666666666665,57.849999999999994,6.4,317,458,0.0
2023-08-26T13:00:00.000000+0000,661.4,9.3,66.6,5.7,312,531,0.0
2023-08-26T14:00:00.000000+0000,661.4,8.700000000000001,80.30000000000001,5.8,,,
2023-08-26T15:00:00.000000+0000,661.6,7.816666666666667,87.79999999999998,5.6,342,26,
2023-08-26T16:00:00.000000+0000,661.9,6.099999999999999,97.88333333333333,5.2,330,12,0.0
2023-08-26T17:00:00.000000+0000,662.2,4.416666666666667,93.66666666666667,2.0,277,0,0.0
2023-08-26T18:00:00.000000+0000,662.1,3.816666666666667,86.91666666666667,3.4,238,0,0.0
2023-08-26T19:00:00.000000+0000,662.2,4.633333333333333,84.03333333333332,2.7,248,0,0.0
2023-08-26T20:00:00.000000+0000,662.2,5.016666666666667,81.2,5.0,226,0,0.0
2023-08-26T21:00:00.000000+0000,662.1,4.616666666666666,83.43333333333334,5.3,213,0,0.0
2023-08-26T22:00:00.000000+0000,661.6,4.383333333333334,84.55,4.7,205,0,0.0
2023-08-26T23:00:00.000000+0000,661.3,4.316666666666666,81.78333333333333,4.6,200,0,0.0
2023-08-27T00:00:00.000000+0000,661.1,4.083333333333333,74.56666666666668,4.0,207,0,0.0
2023-08-27T01:00:00.000000+0000,661.2,3.433333333333333,82.36666666666667,2.5,227,0,0.0
2023-08-27T02:00:00.000000+0000,661.5,2.9,88.36666666666667,2.1,223,0,0.0
2023-08-27T03:00:00.000000+0000,661.6,2.783333333333333,88.83333333333331,3.2,200,0,0.0
2023-08-27T04:00:00.000000+0000,662.1,5.166666666666667,83.55000000000001,2.6,206,24,0.0
2023-08-27T05:00:00.000000+0000,662.7,7.3,76.21666666666667,2.5,217,245,0.0
2023-08-27T06:00:00.000000+0000,663.1,8.066666666666666,77.03333333333335,2.6,291,452,0.0
2023-08-27T07:00:00.000000+0000,663.6,8.600000000000001,75.06666666666666,4.3,281,502,0.0
2023-08-27T08:00:00.000000+0000,663.9,9.683333333333334,73.75,4.2,294,612,0.0
2023-08-27T09:00:00.000000+0000,663.8,9.4,74.63333333333334,4.6,324,656,0.0
2023-08-27T10:00:00.000000+0000,663.6,10.1,67.71666666666667,4.6,305,423,0.0
2023-08-27T11:00:00.000000+0000,663.2,11.833333333333334,62.366666666666674,3.8,316,541,0.0
2023-08-27T12:00:00.000000+0000,662.7,10.1,75.16666666666667,6.4,335,680,0.0
2023-08-27T13:00:00.000000+0000,662.4,9.233333333333333,77.03333333333333,5.0,7,326,0.0
2023-08-27T14:00:00.000000+0000,662.3,8.366666666666665,86.26666666666667,4.4,353,149,0.0
2023-08-27T15:00:00.000000+0000,662.4,7.383333333333333,94.41666666666667,5.3,336,36,0.0
2023-08-27T16:00:00.000000+0000,662.4,6.699999999999999,98.96666666666665,3.7,293,17,0.0
2023-08-27T17:00:00.000000+0000,662.6,5.683333333333334,99.25,2.9,274,0,0.0
2023-08-27T18:00:00.000000+0000,662.9,4.283333333333333,88.53333333333335,1.5,225,0,0.0
2023-08-27T19:00:00.000000+0000,663.1,5.216666666666667,71.53333333333333,3.0,228,0,0.0
2023-08-27T20:00:00.000000+0000,663.1,5.283333333333332,75.15,4.2,213,0,0.0
2023-08-27T21:00:00.000000+0000,663.0,4.8999999999999995,78.18333333333334,3.9,209,0,0.0
2023-08-27T22:00:00.000000+0000,662.7,5.166666666666667,73.96666666666667,4.9,200,0,0.0
2023-08-27T23:00:00.000000+0000,662.5,4.866666666666666,73.60000000000001,3.4,207,0,0.0
2023-08-28T00:00:00.000000+0000,662.4,4.816666666666666,76.09999999999998,3.6,209,0,0.0
2023-08-28T01:00:00.000000+0000,662.5,4.449999999999999,84.2,3.0,238,0,0.0
2023-08-28T02:00:00.000000+0000,662.7,4.216666666666666,87.14999999999999,3.1,205,0,0.0
2023-08-28T03:00:00.000000+0000,662.8,4.550000000000001,81.35000000000001,4.3,197,0,0.0
2023-08-28T04:00:00.000000+0000,663.1,6.900000000000001,67.60000000000001,3.7,188,24,0.0
2023-08-28T05:00:00.000000+0000,663.5,8.6,68.51666666666667,1.6,197,237,0.0
2023-08-28T06:00:00.000000+0000,664.1,9.433333333333334,68.93333333333334,2.1,288,479,0.0
2023-08-28T07:00:00.000000+0000,664.3,10.2,82.16666666666667,3.8,305,683,0.0
2023-08-28T08:00:00.000000+0000,664.4,10.716666666666669,72.88333333333334,5.7,330,825,0.0
2023-08-28T09:00:00.000000+0000,664.4,11.233333333333334,67.25,3.9,349,777,0.0
2023-08-28T10:00:00.000000+0000,664.1,11.566666666666668,65.71666666666667,5.0,8,920,0.0
2023-08-28T11:00:00.000000+0000,663.3,8.299999999999999,90.7,7.2,23,838,0.0
2023-08-28T12:00:00.000000+0000,662.8,7.349999999999999,99.3,7.0,13,137,1.6
2023-08-28T13:00:00.000000+0000,662.4,7.133333333333334,99.3,5.9,23,133,3.1
2023-08-28T14:00:00.000000+0000,662.2,7.116666666666667,99.3,5.1,5,77,0.3
2023-08-28T15:00:00.000000+0000,662.6,5.7,89.78333333333335,4.0,33,76,0.0
2023-08-28T16:00:00.000000+0000,662.4,4.8,69.0,4.5,126,12,0.0
2023-08-28T17:00:00.000000+0000,662.4,3.4500000000000006,69.0,4.8,120,0,0.0
2023-08-28T18:00:00.000000+0000,662.3,4.583333333333333,61.76666666666667,4.4,127,0,0.0
2023-08-28T19:00:00.000000+0000,662.6,4.1499999999999995,62.76666666666667,4.0,115,0,0.0
2023-08-28T20:00:00.000000+0000,662.7,4.566666666666666,61.633333333333326,4.0,122,0,0.0
2023-08-28T21:00:00.000000+0000,662.6,5.75,56.65,5.8,122,0,0.0
2023-08-28T22:00:00.000000+0000,662.1,5.050000000000001,58.083333333333336,6.8,113,0,0.0
2023-08-28T23:00:00.000000+0000,661.5,5.466666666666668,57.79999999999999,5.6,106,0,0.0
2023-08-29T00:00:00.000000+0000,660.9,5.283333333333332,60.449999999999996,7.4,103,0,0.0
2023-08-29T01:00:00.000000+0000,660.9,4.433333333333334,64.58333333333333,5.7,108,0,0.0
2023-08-29T02:00:00.000000+0000,661.1,3.766666666666667,67.81666666666666,2.5,126,0,0.0
2023-08-29T03:00:00.000000+0000,661.4,3.716666666666667,69.93333333333334,1.3,128,0,0.0
2023-08-29T04:00:00.000000+0000,661.7,6.7,61.083333333333336,2.6,116,21,0.0
2023-08-29T05:00:00.000000+0000,662.2,8.466666666666667,61.63333333333333,2.3,111,176,0.0
2023-08-29T06:00:00.000000+0000,662.6,8.716666666666667,79.45,2.9,54,389,0.0
2023-08-29T07:00:00.000000+0000,663.0,8.033333333333333,89.88333333333333,3.6,4,605,0.0
2023-08-29T08:00:00.000000+0000,663.1,8.333333333333334,83.76666666666667,3.6,322,495,0.0
2023-08-29T09:00:00.000000+0000,663.3,8.799999999999999,84.11666666666666,3.9,350,477,0.0
2023-08-29T10:00:00.000000+0000,663.0,8.816666666666665,81.55,4.6,19,480,0.0
2023-08-29T11:00:00.000000+0000,662.5,8.083333333333334,90.45,4.8,20,447,0.0
2023-08-29T12:00:00.000000+0000,662.2,7.483333333333333,95.06666666666666,4.4,9,265,0.0
2023-08-29T13:00:00.000000+0000,662.0,6.849999999999999,99.3,4.6,32,92,1.4
2023-08-29T14:00:00.000000+0000,661.8,6.733333333333333,99.28333333333335,3.3,12,96,0.0
2023-08-29T15:00:00.000000+0000,661.8,6.3500000000000005,98.10000000000001,3.1,92,121,0.0
2023-08-29T16:00:00.000000+0000,661.9,3.8666666666666667,94.68333333333334,2.7,92,24,0.0
2023-08-29T17:00:00.000000+0000,661.9,5.016666666666667,78.64999999999999,3.0,145,0,0.0
2023-08-29T18:00:00.000000+0000,662.3,4.333333333333333,82.18333333333334,1.4,195,0,0.0
2023-08-29T19:00:00.000000+0000,662.6,4.6,88.91666666666667,1.2,157,0,0.0
2023-08-29T20:00:00.000000+0000,662.7,4.3999999999999995,94.14999999999999,1.0,207,0,0.0
2023-08-29T21:00:00.000000+0000,662.4,5.000000000000001,87.83333333333333,2.7,187,0,0.0
2023-08-29T22:00:00.000000+0000,662.2,5.05,84.55,1.8,225,0,0.0
2023-08-29T23:00:00.000000+0000,661.9,4.366666666666667,91.58333333333333,2.0,210,0,0.0
2023-08-30T00:00:00.000000+0000,661.6,4.5,87.76666666666665,3.1,200,0,0.0
2023-08-30T01:00:00.000000+0000,661.3,4.533333333333333,84.56666666666666,2.7,215,0,0.0
2023-08-30T02:00:00.000000+0000,661.3,3.883333333333333,91.26666666666667,1.3,221,0,0.0
2023-08-30T03:00:00.000000+0000,661.5,3.533333333333333,96.28333333333332,1.5,240,0,0.0
2023-08-30T04:00:00.000000+0000,661.9,5.166666666666667,91.2,2.6,211,13,0.0
2023-08-30T05:00:00.000000+0000,662.5,7.083333333333333,82.95,1.7,153,193,0.0
2023-08-30T06:00:00.000000+0000,663.0,8.4,78.36666666666667,1.8,356,413,0.0
2023-08-30T07:00:00.000000+0000,663.2,8.366666666666667,86.76666666666665,2.8,327,642,0.0
2023-08-30T08:00:00.000000+0000,663.1,9.033333333333333,85.23333333333333,2.8,316,488,0.0
2023-08-30T09:00:00.000000+0000,663.1,8.5,87.71666666666665,4.4,326,503,0.0
2023-08-30T10:00:00.000000+0000,662.7,8.9,83.89999999999999,4.2,357,418,0.0
2023-08-30T11:00:00.000000+0000,662.3,8.65,90.7,4.4,359,475,0.0
2023-08-30T12:00:00.000000+0000,661.8,8.2,96.03333333333335,5.0,6,309,0.0
2023-08-30T13:00:00.000000+0000,661.5,8.483333333333334,93.33333333333331,4.5,342,285,0.0
2023-08-30T14:00:00.000000+0000,661.4,7.949999999999999,97.11666666666667,4.4,348,276,0.0
2023-08-30T15:00:00.000000+0000,661.5,6.7,99.25,2.1,360,108,0.0
2023-08-30T16:00:00.000000+0000,661.7,5.199999999999999,97.19999999999999,1.1,238,12,0.0
2023-08-30T17:00:00.000000+0000,661.9,4.533333333333334,96.41666666666667,2.2,221,0,0.0
2023-08-30T18:00:00.000000+0000,662.4,4.000000000000001,98.75,1.4,232,0,0.0
2023-08-30T19:00:00.000000+0000,662.7,3.8333333333333326,94.8,2.1,249,0,0.0
2023-08-30T20:00:00.000000+0000,662.8,3.516666666666667,88.73333333333333,2.6,227,0,0.0
2023-08-30T21:00:00.000000+0000,662.8,3.5833333333333335,86.58333333333333,3.3,215,0,0.0
2023-08-30T22:00:00.000000+0000,662.5,3.633333333333334,85.43333333333334,2.6,209,0,0.0
2023-08-30T23:00:00.000000+0000,661.9,2.9166666666666665,93.68333333333334,2.6,197,0,0.0
2023-08-31T00:00:00.000000+0000,661.6,2.3666666666666667,99.3,2.3,203,0,0.0
2023-08-31T01:00:00.000000+0000,661.4,2.466666666666667,99.28333333333335,1.6,250,0,0.0
2023-08-31T02:00:00.000000+0000,661.4,2.8333333333333335,88.51666666666667,2.9,186,0,0.0
2023-08-31T03:00:00.000000+0000,661.6,3.3166666666666664,80.46666666666665,1.3,191,0,0.0
2023-08-31T04:00:00.000000+0000,661.8,5.883333333333333,73.76666666666667,2.0,158,25,0.0
2023-08-31T05:00:00.000000+0000,662.4,7.366666666666667,76.85000000000001,1.5,108,233,0.0
2023-08-31T06:00:00.000000+0000,663.1,7.550000000000001,78.53333333333333,1.7,4,485,0.0
2023-08-31T07:00:00.000000+0000,663.5,9.183333333333332,73.56666666666666,2.7,344,512,0.0
2023-08-31T08:00:00.000000+0000,663.6,8.816666666666665,74.98333333333333,4.2,13,716,0.0
2023-08-31T09:00:00.000000+0000,663.5,9.550000000000002,72.06666666666668,4.3,357,554,0.0
2023-08-31T10:00:00.000000+0000,663.1,8.666666666666666,82.66666666666667,5.1,358,629,0.0
2023-08-31T11:00:00.000000+0000,662.7,8.316666666666666,86.28333333333335,5.4,347,300,0.0
2023-08-31T12:00:00.000000+0000,662.4,8.950000000000001,81.5,5.6,360,252,0.0
2023-08-31T13:00:00.000000+0000,662.1,7.699999999999999,95.44999999999999,5.8,360,305,0.0
2023-08-31T14:00:00.000000+0000,661.9,8.25,87.81666666666666,5.5,10,170,0.0
2023-08-31T15:00:00.000000+0000,661.9,5.983333333333333,97.05,3.8,354,178,0.0
2023-08-31T16:00:00.000000+0000,662.0,4.65,92.83333333333333,1.6,284,26,0.0
2023-08-31T17:00:00.000000+0000,662.2,5.383333333333334,97.2,1.8,262,0,0.0
2023-08-31T18:00:00.000000+0000,662.5,5.133333333333334,97.21666666666668,2.3,260,0,0.0
2023-08-31T19:00:00.000000+0000,662.7,4.816666666666667,98.78333333333335,2.8,234,0,0.0
2023-08-31T20:00:00.000000+0000,663.1,5.3500000000000005,98.83333333333333,3.1,256,0,0.0
2023-08-31T21:00:00.000000+0000,662.9,5.266666666666667,98.76666666666667,4.4,243,0,0.0
2023-08-31T22:00:00.000000+0000,662.6,5.2,99.3,3.5,267,0,0.0
2023-08-31T23:00:00.000000+0000,662.2,4.666666666666666,99.3,4.5,267,0,0.0
2023-09-01T00:00:00.000000+0000,661.9,4.266666666666667,96.41666666666667,5.0,249,0,0.0
2023-09-01T01:00:00.000000+0000,661.8,3.9000000000000004,91.38333333333333,5.0,239,0,0.0
2023-09-01T02:00:00.000000+0000,661.9,3.233333333333333,80.36666666666667,3.0,235,0,0.0
2023-09-01T03:00:00.000000+0000,662.1,2.65,92.25,2.2,229,0,0.0
2023-09-01T04:00:00.000000+0000,662.4,4.833333333333333,76.71666666666667,1.4,228,26,0.0
2023-09-01T05:00:00.000000+0000,662.9,6.983333333333333,74.56666666666666,1.7,117,239,0.0
2023-09-01T06:00:00.000000+0000,663.6,9.333333333333334,63.45000000000001,2.0,10,484,0.0
2023-09-01T07:00:00.000000+0000,663.9,9.9,65.01666666666667,4.6,14,713,0.0
2023-09-01T08:00:00.000000+0000,664.0,9.999999999999998,68.5,4.8,6,845,0.0
2023-09-01T09:00:00.000000+0000,663.8,10.116666666666667,72.18,4.8,7,597,0.0
2023-09-01T10:00:00.000000+0000,663.4,8.933333333333334,86.5,5.8,356,487,0.0
2023-09-01T11:00:00.000000+0000,662.9,9.15,81.8,4.9,353,251,0.0
2023-09-01T12:00:00.000000+0000,662.4,8.316666666666665,82.3,4.9,8,309,0.0
2023-09-01T13:00:00.000000+0000,662.2,8.066666666666666,91.86666666666666,4.6,6,126,0.0
2023-09-01T14:00:00.000000+0000,662.0,7.266666666666666,98.13333333333333,4.8,34,74,0.0
2023-09-01T15:00:00.000000+0000,662.1,6.966666666666666,99.3,3.6,35,23,0.1
2023-09-01T16:00:00.000000+0000,662.2,6.383333333333333,96.28333333333335,2.1,55,5,0.0
2023-09-01T17:00:00.000000+0000,662.4,5.5,95.43333333333334,1.2,283,0,0.0
2023-09-01T18:00:00.000000+0000,662.6,4.133333333333333,94.08333333333333,1.9,191,0,0.0
2023-09-01T19:00:00.000000+0000,662.9,4.666666666666667,76.23333333333333,3.7,121,0,0.0
2023-09-01T20:00:00.000000+0000,663.0,5.25,63.98333333333333,6.3,121,0,0.0
2023-09-01T21:00:00.000000+0000,662.8,5.3,65.45,7.5,124,0,0.0
2023-09-01T22:00:00.000000+0000,662.4,5.95,63.98333333333334,7.7,129,0,0.0
2023-09-01T23:00:00.000000+0000,662.0,5.95,57.96666666666666,7.8,131,0,0.0
2023-09-02T00:00:00.000000+0000,661.8,5.683333333333334,53.800000000000004,7.3,131,0,0.0
2023-09-02T01:00:00.000000+0000,661.8,5.783333333333334,48.75,7.8,130,0,0.0
2023-09-02T02:00:00.000000+0000,661.8,5.716666666666666,45.08333333333334,7.9,134,0,0.0
2023-09-02T03:00:00.000000+0000,661.9,5.666666666666667,46.61666666666667,8.2,132,0,0.0
2023-09-02T04:00:00.000000+0000,662.1,7.866666666666667,41.36666666666667,8.5,132,26,0.0
2023-09-02T05:00:00.000000+0000,662.6,10.833333333333334,35.300000000000004,7.3,128,239,0.0
2023-09-02T06:00:00.000000+0000,663.2,12.15,37.4,6.3,91,485,0.0
2023-09-02T07:00:00.000000+0000,663.7,12.533333333333333,47.833333333333336,5.0,48,712,0.0
2023-09-02T08:00:00.000000+0000,663.8,11.916666666666666,61.71666666666666,8.8,23,873,0.0
2023-09-02T09:00:00.000000+0000,663.7,10.483333333333334,69.63333333333334,6.4,350,735,0.0
2023-09-02T10:00:00.000000+0000,663.4,8.766666666666666,80.25,6.8,12,246,0.0
2023-09-02T11:00:00.000000+0000,663.1,7.266666666666667,93.68333333333332,4.8,351,96,0.3
2023-09-02T12:00:00.000000+0000,662.7,9.183333333333335,80.38333333333334,3.1,233,111,0.2
2023-09-02T13:00:00.000000+0000,662.2,8.666666666666666,78.5,4.8,27,293,0.0
2023-09-02T14:00:00.000000+0000,662.0,8.566666666666666,81.56666666666666,4.2,15,76,0.0
2023-09-02T15:00:00.000000+0000,662.0,7.3,94.98333333333333,3.5,12,131,0.0
2023-09-02T16:00:00.000000+0000,662.0,5.183333333333334,95.95,2.7,18,22,0.0
2023-09-02T17:00:00.000000+0000,662.2,4.616666666666666,97.10000000000001,2.0,153,0,0.0
2023-09-02T18:00:00.000000+0000,662.4,3.783333333333333,95.39999999999999,0.6,90,0,0.0
2023-09-02T19:00:00.000000+0000,662.7,3.6999999999999997,61.199999999999996,1.8,187,0,0.0
2023-09-02T20:00:00.000000+0000,662.9,3.7666666666666675,47.26666666666666,2.4,173,0,0.0
2023-09-02T21:00:00.000000+0000,662.8,3.683333333333333,48.23333333333333,2.8,117,0,0.0
2023-09-02T22:00:00.000000+0000,662.1,4.249999999999999,47.28333333333333,4.0,117,0,0.0
2023-09-02T23:00:00.000000+0000,661.6,4.3500000000000005,45.48333333333333,4.1,116,0,0.0
2023-09-03T00:00:00.000000+0000,661.2,4.95,41.7,4.2,113,0,0.0
2023-09-03T01:00:00.000000+0000,661.2,4.666666666666667,42.1,4.8,116,0,0.0
2023-09-03T02:00:00.000000+0000,661.2,4.816666666666667,43.666666666666664,5.3,117,0,0.0
2023-09-03T03:00:00.000000+0000,661.3,5.5,39.3,5.5,118,0,0.0
2023-09-03T04:00:00.000000+0000,661.6,8.25,38.85,7.2,122,27,0.0
2023-09-03T05:00:00.000000+0000,662.1,11.15,33.75,7.4,115,241,0.0
2023-09-03T06:00:00.000000+0000,662.8,12.766666666666666,32.983333333333334,4.6,94,486,0.0
2023-09-03T07:00:00.000000+0000,663.0,12.9,48.300000000000004,5.5,36,709,0.0
2023-09-03T08:00:00.000000+0000,663.1,11.266666666666667,67.36666666666666,7.0,9,886,0.0
2023-09-03T09:00:00.000000+0000,663.0,10.850000000000001,66.60000000000001,4.8,332,570,0.0
2023-09-03T10:00:00.000000+0000,662.7,10.916666666666666,63.21666666666667,4.2,349,353,0.0
2023-09-03T11:00:00.000000+0000,662.2,12.883333333333333,55.833333333333336,4.2,315,441,0.0
2023-09-03T12:00:00.000000+0000,661.6,11.15,63.050000000000004,4.6,340,663,0.0
2023-09-03T13:00:00.000000+0000,661.3,10.066666666666665,73.9,3.8,326,288,0.0
2023-09-03T14:00:00.000000+0000,661.2,8.75,90.30000000000001,3.8,338,212,0.6
2023-09-03T15:00:00.000000+0000,661.0,7.1499999999999995,99.26666666666667,3.9,8,18,0.9
2023-09-03T16:00:00.000000+0000,661.1,6.433333333333333,98.06666666666668,3.6,267,2,3.3
2023-09-03T17:00:00.000000+0000,661.3,5.516666666666666,90.89999999999999,3.8,217,0,0.1
2023-09-03T18:00:00.000000+0000,661.4,5.333333333333333,82.10000000000001,3.2,225,0,0.0
2023-09-03T19:00:00.000000+0000,661.6,4.533333333333334,75.75,3.4,197,0,0.0
2023-09-03T20:00:00.000000+0000,661.8,3.7833333333333337,71.61666666666666,1.2,180,0,0.0
2023-09-03T21:00:00.000000+0000,661.8,3.216666666666667,73.81666666666668,1.5,146,0,0.0
2023-09-03T22:00:00.000000+0000,661.3,3.8833333333333333,72.53333333333333,3.4,157,0,0.0
2023-09-03T23:00:00.000000+0000,660.9,4.166666666666667,69.83333333333333,4.6,165,0,0.0
2023-09-04T00:00:00.000000+0000,660.6,4.216666666666666,68.56666666666666,7.5,140,0,0.0
2023-09-04T01:00:00.000000+0000,660.6,3.683333333333333,65.43333333333334,6.7,138,0,0.0
2023-09-04T02:00:00.000000+0000,660.7,2.966666666666667,63.666666666666664,4.7,138,0,0.0
2023-09-04T03:00:00.000000+0000,660.9,3.533333333333333,59.03333333333333,2.9,167,0,0.0
2023-09-04T04:00:00.000000+0000,661.2,7.016666666666667,49.31666666666666,1.9,156,29,0.0
2023-09-04T05:00:00.000000+0000,661.3,10.733333333333334,37.68333333333333,2.5,107,246,0.0
2023-09-04T06:00:00.000000+0000,661.7,10.950000000000001,46.6,3.3,40,492,0.0
2023-09-04T07:00:00.000000+0000,661.8,10.166666666666666,65.45,3.8,14,707,0.0
2023-09-04T08:00:00.000000+0000,661.9,10.033333333333333,76.91666666666667,3.9,360,627,0.0
2023-09-04T09:00:00.000000+0000,661.7,9.616666666666667,77.73333333333333,4.6,349,507,0.0
2023-09-04T10:00:00.000000+0000,661.6,8.216666666666667,90.2,6.0,350,213,0.0
2023-09-04T11:00:00.000000+0000,661.3,7.8999999999999995,94.10000000000001,5.2,353,61,0.0
2023-09-04T12:00:00.000000+0000,660.7,7.45,94.91666666666667,5.7,11,91,0.0
2023-09-04T13:00:00.000000+0000,660.5,6.233333333333333,93.61666666666666,4.1,339,59,3.4
2023-09-04T14:00:00.000000+0000,660.6,6.883333333333334,85.39999999999999,5.0,228,53,0.4
2023-09-04T15:00:00.000000+0000,660.6,6.083333333333333,77.63333333333334,3.0,226,97,0.0
2023-09-04T16:00:00.000000+0000,660.5,4.7,85.33333333333333,1.6,225,20,0.0
2023-09-04T17:00:00.000000+0000,660.8,4.15,92.41666666666667,1.9,221,0,0.0
2023-09-04T18:00:00.000000+0000,661.0,4.6000000000000005,76.95,2.4,223,0,0.0
2023-09-04T19:00:00.000000+0000,661.3,5.216666666666667,75.75,4.7,208,0,0.0
2023-09-04T20:00:00.000000+0000,661.6,5.283333333333333,78.99999999999999,3.4,212,0,0.0
2023-09-04T21:00:00.000000+0000,661.6,5.05,82.56666666666666,5.0,213,0,0.0
2023-09-04T22:00:00.000000+0000,661.2,4.783333333333333,84.86666666666667,4.3,211,0,0.0
2023-09-04T23:00:00.000000+0000,660.8,4.533333333333334,87.05000000000001,4.1,211,0,0.0
2023-09-05T00:00:00.000000+0000,660.5,4.550000000000001,86.05,4.5,210,0,0.0
2023-09-05T01:00:00.000000+0000,660.4,4.55,85.61666666666666,4.1,212,0,0.0
2023-09-05T02:00:00.000000+0000,660.6,4.116666666666666,89.2,2.2,236,0,0.0
2023-09-05T03:00:00.000000+0000,660.9,3.983333333333334,87.59999999999998,2.5,207,0,0.0
2023-09-05T04:00:00.000000+0000,661.4,6.650000000000001,75.51666666666667,1.4,189,28,0.0
2023-09-05T05:00:00.000000+0000,661.7,8.433333333333335,75.7,1.3,142,240,0.0
2023-09-05T06:00:00.000000+0000,662.3,8.966666666666667,81.33333333333333,2.4,349,496,0.0
2023-09-05T07:00:00.000000+0000,662.7,9.666666666666666,80.26666666666667,3.5,329,686,0.0
2023-09-05T08:00:00.000000+0000,662.8,8.816666666666668,84.48333333333333,3.8,340,758,0.0
2023-09-05T09:00:00.000000+0000,662.7,8.833333333333334,86.5,4.0,293,359,0.0
2023-09-05T10:00:00.000000+0000,662.4,9.1,85.50000000000001,5.1,323,238,0.0
2023-09-05T11:00:00.000000+0000,661.9,8.233333333333333,92.45,4.5,348,376,0.7
2023-09-05T12:00:00.000000+0000,661.4,10.116666666666667,81.86666666666666,3.0,311,512,0.2
2023-09-05T13:00:00.000000+0000,661.0,9.783333333333331,87.93333333333334,6.2,32,349,0.0
2023-09-05T14:00:00.000000+0000,661.1,8.583333333333334,89.45,5.8,359,297,0.0
2023-09-05T15:00:00.000000+0000,661.3,7.116666666666666,84.91666666666667,5.3,31,116,0.0
2023-09-05T16:00:00.000000+0000,661.3,4.750000000000001,76.8,3.2,97,36,0.0
2023-09-05T17:00:00.000000+0000,661.5,4.699999999999999,62.61666666666667,1.0,150,0,0.0
2023-09-05T18:00:00.000000+0000,661.8,5.233333333333333,58.616666666666674,1.5,189,0,0.0
2023-09-05T19:00:00.000000+0000,662.0,4.966666666666667,57.699999999999996,1.8,250,0,0.0
2023-09-05T20:00:00.000000+0000,662.3,4.7,54.21666666666667,1.5,164,0,0.0
2023-09-05T21:00:00.000000+0000,662.4,5.3500000000000005,52.83333333333332,1.1,151,0,0.0
2023-09-05T22:00:00.000000+0000,662.1,5.183333333333334,51.650000000000006,2.5,129,0,0.0
2023-09-05T23:00:00.000000+0000,661.7,5.066666666666666,49.583333333333336,3.2,107,0,0.0
2023-09-06T00:00:00.000000+0000,661.4,4.583333333333334,48.76666666666667,3.2,112,0,0.0
2023-09-06T01:00:00.000000+0000,661.4,4.883333333333334,48.199999999999996,3.2,112,0,0.0
2023-09-06T02:00:00.000000+0000,661.6,4.483333333333333,56.0,3.4,107,0,0.0
2023-09-06T03:00:00.000000+0000,661.9,5.666666666666667,56.866666666666674,4.2,113,0,0.0
2023-09-06T04:00:00.000000+0000,662.2,8.216666666666667,50.26666666666667,6.4,102,28,0.0
2023-09-06T05:00:00.000000+0000,662.7,10.283333333333333,52.01666666666667,5.2,81,229,0.0
2023-09-06T06:00:00.000000+0000,663.1,9.85,66.46666666666665,7.9,50,481,0.0
2023-09-06T07:00:00.000000+0000,663.6,11.483333333333333,59.13333333333333,6.9,32,532,0.0
2023-09-06T08:00:00.000000+0000,663.6,11.85,60.28333333333333,6.7,30,720,0.0
2023-09-06T09:00:00.000000+0000,663.5,11.149999999999999,62.583333333333336,6.2,34,585,0.0
2023-09-06T10:00:00.000000+0000,663.2,12.549999999999999,49.03333333333333,7.3,43,442,0.0
2023-09-06T11:00:00.000000+0000,662.7,11.633333333333333,61.78333333333334,7.9,42,599,0.0
2023-09-06T12:00:00.000000+0000,662.2,12.233333333333333,61.379999999999995,7.4,39,470,0.0
2023-09-06T13:00:00.000000+0000,661.7,11.0,68.82000000000001,6.1,41,562,0.0
2023-09-06T14:00:00.000000+0000,661.6,9.883333333333333,63.800000000000004,6.0,55,286,0.0
2023-09-06T15:00:00.000000+0000,661.7,8.416666666666666,69.49999999999999,3.4,66,106,0.0
2023-09-06T16:00:00.000000+0000,661.7,6.0,76.63333333333334,3.3,110,25,0.0
2023-09-06T17:00:00.000000+0000,661.9,5.6000000000000005,75.64999999999999,3.8,127,0,0.0
2023-09-06T18:00:00.000000+0000,662.3,6.083333333333333,63.383333333333326,3.6,121,0,0.0
2023-09-06T19:00:00.000000+0000,662.9,5.733333333333333,67.03333333333332,3.0,108,0,0.0
2023-09-06T20:00:00.000000+0000,663.1,6.183333333333334,59.800000000000004,3.9,134,0,0.0
2023-09-06T21:00:00.000000+0000,662.6,6.666666666666665,56.79999999999999,8.3,133,0,0.0
2023-09-06T22:00:00.000000+0000,662.2,6.166666666666667,58.699999999999996,8.0,134,0,0.0
2023-09-06T23:00:00.000000+0000,661.5,6.366666666666667,57.49999999999999,8.3,133,0,0.0
2023-09-07T00:00:00.000000+0000,661.3,6.833333333333333,55.849999999999994,7.8,143,0,0.0
2023-09-07T01:00:00.000000+0000,661.2,6.666666666666667,55.98333333333333,7.2,144,0,0.0
2023-09-07T02:00:00.000000+0000,661.1,6.75,59.583333333333336,7.3,140,0,0.0
2023-09-07T03:00:00.000000+0000,661.3,7.033333333333332,59.833333333333336,6.6,139,0,0.0
2023-09-07T04:00:00.000000+0000,661.7,9.733333333333333,55.48333333333334,7.1,140,20,0.0
2023-09-07T05:00:00.000000+0000,662.2,9.4,72.95,5.4,111,276,0.0
2023-09-07T06:00:00.000000+0000,662.7,7.8500000000000005,90.33333333333333,2.8,360,478,0.0
2023-09-07T07:00:00.000000+0000,663.2,8.049999999999999,95.31666666666666,3.1,285,609,0.0
2023-09-07T08:00:00.000000+0000,663.4,7.566666666666667,98.93333333333334,4.5,298,376,0.0
2023-09-07T09:00:00.000000+0000,663.3,7.733333333333333,89.95,2.7,306,118,1.3
2023-09-07T10:00:00.000000+0000,662.7,6.883333333333334,97.45,3.0,165,335,0.9
2023-09-07T11:00:00.000000+0000,662.2,5.416666666666667,94.33333333333333,4.2,78,79,13.0
2023-09-07T12:00:00.000000+0000,662.1,5.966666666666668,90.64999999999999,3.2,147,66,21.8
2023-09-07T13:00:00.000000+0000,661.5,8.833333333333334,78.11666666666666,5.1,189,202,2.7
2023-09-07T14:00:00.000000+0000,661.1,8.083333333333334,85.64999999999999,3.1,121,274,0.0
2023-09-07T15:00:00.000000+0000,661.7,6.216666666666668,94.68333333333334,3.4,268,97,0.0
2023-09-07T16:00:00.000000+0000,661.7,5.433333333333334,97.25,1.6,239,29,0.0
2023-09-07T17:00:00.000000+0000,662.0,5.75,93.43333333333334,1.5,215,0,0.0
2023-09-07T18:00:00.000000+0000,662.0,5.666666666666665,97.98333333333333,1.5,270,0,0.3
2023-09-07T19:00:00.000000+0000,662.4,5.5,97.11666666666666,1.2,135,0,2.6
2023-09-07T20:00:00.000000+0000,662.5,5.6000000000000005,91.95,1.0,106,0,0.0
2023-09-07T21:00:00.000000+0000,662.5,4.616666666666666,92.38333333333333,2.5,235,0,0.0
2023-09-07T22:00:00.000000+0000,662.1,5.016666666666667,86.60000000000001,3.7,215,0,0.0
2023-09-07T23:00:00.000000+0000,661.5,5.366666666666666,80.61666666666667,3.5,225,0,0.0
2023-09-08T00:00:00.000000+0000,661.1,5.466666666666668,79.58333333333334,2.5,200,0,0.0
2023-09-08T01:00:00.000000+0000,661.0,6.05,80.66666666666667,2.6,203,0,0.0
2023-09-08T02:00:00.000000+0000,661.3,5.833333333333333,79.56666666666666,1.9,204,0,0.0
2023-09-08T03:00:00.000000+0000,661.6,5.366666666666667,82.86666666666666,2.0,216,0,0.0
2023-09-08T04:00:00.000000+0000,662.0,5.949999999999999,82.6,3.4,224,14,0.0
2023-09-08T05:00:00.000000+0000,662.3,8.5,75.11666666666667,2.0,229,148,0.0
2023-09-08T06:00:00.000000+0000,662.7,9.216666666666667,81.36666666666666,2.9,295,488,0.0
2023-09-08T07:00:00.000000+0000,663.0,9.466666666666669,87.83333333333333,3.4,299,709,0.0
2023-09-08T08:00:00.000000+0000,663.0,9.166666666666666,90.85000000000001,4.2,304,810,0.0
2023-09-08T09:00:00.000000+0000,662.8,8.766666666666666,95.10000000000001,4.5,310,433,0.0
2023-09-08T10:00:00.000000+0000,662.3,8.016666666666667,99.25,4.5,305,266,0.0
2023-09-08T11:00:00.000000+0000,661.7,7.233333333333333,99.3,4.8,299,129,0.4
2023-09-08T12:00:00.000000+0000,661.2,7.183333333333334,99.3,3.6,342,78,5.1
2023-09-08T13:00:00.000000+0000,661.0,7.25,99.3,2.4,301,102,0.3
2023-09-08T14:00:00.000000+0000,661.2,6.95,99.3,1.3,311,86,0.0
2023-09-08T15:00:00.000000+0000,660.9,5.583333333333332,99.3,2.6,299,3,1.7
2023-09-08T16:00:00.000000+0000,661.4,5.8500000000000005,96.63333333333333,3.6,198,3,0.1
2023-09-08T17:00:00.000000+0000,661.3,5.283333333333333,99.3,2.3,246,0,0.0
2023-09-08T18:00:00.000000+0000,661.7,5.766666666666667,99.3,2.8,246,0,0.0
2023-09-08T19:00:00.000000+0000,662.1,5.916666666666667,98.13333333333333,4.7,240,0,0.0
2023-09-08T20:00:00.000000+0000,662.3,4.766666666666667,94.86666666666667,4.8,236,0,0.0
2023-09-08T21:00:00.000000+0000,662.1,5.15,89.18333333333334,4.0,227,0,0.0
2023-09-08T22:00:00.000000+0000,661.7,4.916666666666667,91.31666666666666,4.4,228,0,0.0
2023-09-08T23:00:00.000000+0000,661.1,5.349999999999999,88.25,4.3,213,0,0.0
2023-09-09T00:00:00.000000+0000,660.8,5.1499999999999995,89.84999999999998,2.7,223,0,0.0
2023-09-09T01:00:00.000000+0000,660.6,5.833333333333333,84.31666666666666,3.5,199,0,0.0
2023-09-09T02:00:00.000000+0000,660.8,5.166666666666667,82.51666666666667,1.0,117,0,0.0
2023-09-09T03:00:00.000000+0000,660.9,6.033333333333334,78.63333333333333,1.8,186,0,0.0
2023-09-09T04:00:00.000000+0000,661.3,8.149999999999999,74.51666666666667,2.2,213,27,0.0
2023-09-09T05:00:00.000000+0000,662.0,9.249999999999998,78.21666666666665,1.8,256,250,0.0
2023-09-09T06:00:00.000000+0000,662.5,9.1,82.25,2.4,321,404,0.0
2023-09-09T07:00:00.000000+0000,662.9,8.450000000000001,89.8,2.9,331,541,0.0
2023-09-09T08:00:00.000000+0000,662.9,8.6,93.8,3.4,333,363,0.0
2023-09-09T09:00:00.000000+0000,662.6,7.899999999999999,99.25,2.7,344,410,0.0
2023-09-09T10:00:00.000000+0000,662.2,7.533333333333332,99.28333333333335,2.7,326,212,0.0
2023-09-09T11:00:00.000000+0000,661.6,7.516666666666667,99.3,2.1,335,117,1.0
2023-09-09T12:00:00.000000+0000,661.1,7.2,99.3,2.5,27,180,0.0
2023-09-09T13:00:00.000000+0000,660.9,7.366666666666666,99.14999999999999,2.6,325,81,1.5
2023-09-09T14:00:00.000000+0000,660.9,7.95,92.88333333333334,1.5,315,160,0.0
2023-09-09T15:00:00.000000+0000,661.1,7.3500000000000005,99.23333333333335,1.4,270,82,0.0
2023-09-09T16:00:00.000000+0000,661.5,6.316666666666666,99.28333333333335,2.0,74,3,0.0
2023-09-09T17:00:00.000000+0000,661.8,5.3500000000000005,99.23333333333333,1.6,131,0,0.0
2023-09-09T18:00:00.000000+0000,662.0,5.616666666666667,99.26666666666665,1.7,16,0,0.0
2023-09-09T19:00:00.000000+0000,662.2,5.05,96.0,1.8,144,0,0.0
2023-09-09T20:00:00.000000+0000,662.2,5.366666666666666,84.38333333333334,2.2,189,0,0.0
2023-09-09T21:00:00.000000+0000,661.9,5.266666666666667,78.4,2.7,173,0,0.0
2023-09-09T22:00:00.000000+0000,661.5,5.5,79.73333333333333,1.9,201,0,0.0
2023-09-09T23:00:00.000000+0000,661.2,4.833333333333333,83.0,1.3,174,0,0.0
2023-09-10T00:00:00.000000+0000,660.9,4.383333333333334,82.10000000000001,1.8,148,0,0.0
2023-09-10T01:00:00.000000+0000,660.9,3.6833333333333336,88.40000000000002,2.0,102,0,0.0
2023-09-10T02:00:00.000000+0000,661.1,3.9000000000000004,87.76666666666667,2.3,124,0,0.0
2023-09-10T03:00:00.000000+0000,661.5,4.55,83.89999999999999,4.7,124,0,0.0
2023-09-10T04:00:00.000000+0000,661.8,7.466666666666666,79.45,4.5,121,32,0.0
2023-09-10T05:00:00.000000+0000,662.5,9.183333333333332,79.43333333333334,3.6,107,251,0.0
2023-09-10T06:00:00.000000+0000,663.0,10.216666666666667,81.16666666666667,3.8,41,495,0.0
2023-09-10T07:00:00.000000+0000,663.4,11.149999999999999,75.63333333333334,5.3,15,665,0.0
2023-09-10T08:00:00.000000+0000,663.3,9.9,89.73333333333333,5.4,11,717,0.0
2023-09-10T09:00:00.000000+0000,662.9,9.35,96.28333333333335,4.4,342,410,0.0
2023-09-10T10:00:00.000000+0000,662.3,9.533333333333333,97.28333333333335,5.3,2,202,0.0
2023-09-10T11:00:00.000000+0000,661.6,9.966666666666667,91.33333333333333,6.6,2,367,0.0
2023-09-10T12:00:00.000000+0000,661.1,8.749999999999998,98.83333333333333,5.5,360,408,0.0
2023-09-10T13:00:00.000000+0000,660.7,9.216666666666667,97.96666666666665,5.5,7,181,0.0
2023-09-10T14:00:00.000000+0000,660.6,9.283333333333333,91.01666666666667,5.1,357,225,0.0
2023-09-10T15:00:00.000000+0000,660.9,7.233333333333333,99.3,4.7,335,133,0.0
2023-09-10T16:00:00.000000+0000,661.3,5.75,99.28333333333332,1.3,45,7,0.0
2023-09-10T17:00:00.000000+0000,661.5,5.366666666666666,95.86666666666666,1.4,104,0,0.0
2023-09-10T18:00:00.000000+0000,661.6,4.45,94.06666666666666,1.9,210,0,0.0
2023-09-10T19:00:00.000000+0000,662.1,4.566666666666666,86.85000000000001,1.4,207,0,0.0
2023-09-10T20:00:00.000000+0000,662.3,4.933333333333334,84.53333333333335,2.2,239,0,0.0
2023-09-10T21:00:00.000000+0000,662.2,4.3,87.43333333333334,2.1,245,0,0.0
2023-09-10T22:00:00.000000+0000,661.7,4.249999999999999,80.58333333333333,1.8,193,0,0.0
2023-09-10T23:00:00.000000+0000,661.3,4.033333333333333,80.51666666666667,2.3,122,0,0.0
2023-09-11T00:00:00.000000+0000,661.0,4.583333333333333,78.05,3.2,122,0,0.0
2023-09-11T01:00:00.000000+0000,661.0,4.266666666666667,78.9,4.0,115,0,0.0
2023-09-11T02:00:00.000000+0000,661.1,4.266666666666667,77.38333333333334,4.1,117,0,0.0
2023-09-11T03:00:00.000000+0000,661.3,4.816666666666666,74.60000000000001,4.3,117,0,0.0
2023-09-11T04:00:00.000000+0000,661.6,8.366666666666665,61.85,4.2,128,34,0.0
2023-09-11T05:00:00.000000+0000,662.2,10.549999999999999,57.68333333333334,3.8,87,250,0.0
2023-09-11T06:00:00.000000+0000,662.7,9.533333333333333,81.23333333333333,4.3,55,504,0.0
2023-09-11T07:00:00.000000+0000,663.0,10.1,82.63333333333334,3.8,7,558,0.0
2023-09-11T08:00:00.000000+0000,663.0,8.950000000000001,95.59999999999998,5.6,351,467,0.0
2023-09-11T09:00:00.000000+0000,662.8,8.15,99.25,5.6,352,188,0.0
2023-09-11T10:00:00.000000+0000,662.5,8.066666666666668,99.3,4.5,342,164,0.0
2023-09-11T11:00:00.000000+0000,662.0,7.966666666666666,99.23333333333333,4.4,354,248,0.1
2023-09-11T12:00:00.000000+0000,661.4,6.866666666666666,97.89999999999999,3.3,31,150,3.7
2023-09-11T13:00:00.000000+0000,661.0,7.566666666666667,94.09999999999998,2.8,83,174,0.2
2023-09-11T14:00:00.000000+0000,661.0,7.383333333333334,93.28333333333335,1.8,68,157,0.0
2023-09-11T15:00:00.000000+0000,661.3,6.8,83.31666666666668,1.7,132,35,0.0
2023-09-11T16:00:00.000000+0000,661.2,6.666666666666667,86.51666666666667,2.2,198,2,0.0
2023-09-11T17:00:00.000000+0000,661.6,6.25,97.18333333333334,1.7,247,0,0.0
2023-09-11T18:00:00.000000+0000,661.8,6.433333333333334,99.3,1.8,227,0,0.0
2023-09-11T19:00:00.000000+0000,662.3,5.966666666666666,99.3,3.5,246,0,0.0
2023-09-11T20:00:00.000000+0000,662.6,4.766666666666667,97.66666666666667,2.2,223,0,0.0
2023-09-11T21:00:00.000000+0000,662.4,4.7,88.51666666666667,2.8,201,0,0.0
2023-09-11T22:00:00.000000+0000,662.1,4.583333333333333,84.95,1.7,201,0,0.0
2023-09-11T23:00:00.000000+0000,661.6,4.733333333333333,83.63333333333333,1.2,216,0,0.0
2023-09-12T00:00:00.000000+0000,661.3,4.0,83.53333333333332,2.1,203,0,0.0
2023-09-12T01:00:00.000000+0000,661.2,4.183333333333333,81.3,1.7,172,0,0.0
2023-09-12T02:00:00.000000+0000,661.4,3.7999999999999994,82.21666666666667,3.0,170,0,0.0
2023-09-12T03:00:00.000000+0000,661.8,3.7166666666666663,81.2,3.4,143,0,0.0
2023-09-12T04:00:00.000000+0000,662.1,7.366666666666666,70.91666666666667,4.1,147,37,0.0
2023-09-12T05:00:00.000000+0000,662.8,8.366666666666665,72.48333333333333,2.5,149,259,0.0
2023-09-12T06:00:00.000000+0000,663.4,8.733333333333333,80.06666666666666,1.8,286,430,0.0
2023-09-12T07:00:00.000000+0000,663.9,8.25,96.94999999999999,2.8,294,409,0.0
2023-09-12T08:00:00.000000+0000,664.0,8.6,97.35000000000001,2.9,338,323,0.0
2023-09-12T09:00:00.000000+0000,663.8,8.8,94.7666666666667,3.4,301,389,0.0
2023-09-12T10:00:00.000000+0000,663.4,6.816666666666666,98.3,3.7,300,291,0.0
2023-09-12T11:00:00.000000+0000,663.0,6.6499999999999995,83.73333333333333,4.9,341,46,20.6
2023-09-12T12:00:00.000000+0000,662.2,9.733333333333334,78.73333333333333,9.6,139,264,29.9
2023-09-12T13:00:00.000000+0000,662.0,9.566666666666668,85.55,4.1,289,396,0.0
2023-09-12T14:00:00.000000+0000,662.0,8.549999999999999,84.93333333333334,4.3,290,387,0.0
2023-09-12T15:00:00.000000+0000,662.0,7.199999999999999,81.58333333333333,5.0,208,124,0.0
2023-09-12T16:00:00.000000+0000,662.1,6.1499999999999995,92.51666666666667,2.9,254,13,0.0
2023-09-12T17:00:00.000000+0000,662.2,5.666666666666667,82.16666666666667,3.8,169,0,0.0
2023-09-12T18:00:00.000000+0000,662.7,4.95,90.91666666666667,1.4,180,0,0.0
2023-09-12T19:00:00.000000+0000,662.9,4.2,90.28333333333332,1.4,190,0,0.0
2023-09-12T20:00:00.000000+0000,663.0,3.4499999999999997,88.84999999999998,1.3,99,0,0.0
2023-09-12T21:00:00.000000+0000,662.9,4.366666666666667,79.68333333333332,1.7,156,0,0.0
2023-09-12T22:00:00.000000+0000,662.3,5.283333333333333,74.08333333333333,2.6,217,0,0.0
2023-09-12T23:00:00.000000+0000,661.7,3.966666666666667,67.63333333333334,0.9,220,0,0.0
2023-09-13T00:00:00.000000+0000,661.3,4.25,54.699999999999996,4.5,150,0,0.0
2023-09-13T01:00:00.000000+0000,661.1,4.95,47.9,6.1,140,0,0.0
2023-09-13T02:00:00.000000+0000,661.2,5.683333333333334,51.449999999999996,4.7,180,0,0.0
2023-09-13T03:00:00.000000+0000,661.2,5.300000000000001,53.4,3.3,218,0,0.0
2023-09-13T04:00:00.000000+0000,661.7,7.316666666666666,55.31666666666667,2.1,241,38,0.0
2023-09-13T05:00:00.000000+0000,662.2,8.533333333333333,65.56666666666666,2.9,250,262,0.0
2023-09-13T06:00:00.000000+0000,662.8,9.516666666666666,62.26666666666666,2.8,277,508,0.0
2023-09-13T07:00:00.000000+0000,663.2,10.049999999999999,77.00000000000001,3.1,306,733,0.0
2023-09-13T08:00:00.000000+0000,663.2,8.683333333333332,96.18333333333334,4.0,340,755,0.0
2023-09-13T09:00:00.000000+0000,662.9,8.85,97.0,3.7,328,206,0.0
2023-09-13T10:00:00.000000+0000,662.4,7.866666666666667,99.23333333333333,4.6,349,159,0.0
2023-09-13T11:00:00.000000+0000,661.9,5.766666666666667,99.28333333333332,3.6,340,110,27.2
2023-09-13T12:00:00.000000+0000,661.5,6.433333333333334,96.26666666666665,1.8,133,60,4.5
2023-09-13T13:00:00.000000+0000,661.1,6.183333333333334,,4.0,,,
2023-09-13T14:00:00.000000+0000,661.0,5.816666666666666,,3.5,,,
2023-09-13T15:00:00.000000+0000,661.0,5.433333333333334,,3.3,,,
2023-09-13T16:00:00.000000+0000,661.1,5.033333333333332,,3.0,,,
2023-09-13T17:00:00.000000+0000,661.1,5.083333333333333,91.22,2.7,,0,
2023-09-13T18:00:00.000000+0000,661.5,4.9,93.00000000000001,2.0,232,0,0.0
2023-09-13T19:00:00.000000+0000,661.9,4.75,82.78333333333333,1.4,203,0,0.0
2023-09-13T20:00:00.000000+0000,662.2,4.416666666666667,64.0,1.5,192,0,0.0
2023-09-13T21:00:00.000000+0000,661.8,5.266666666666667,51.666666666666664,2.5,195,0,0.0
2023-09-13T22:00:00.000000+0000,661.6,5.583333333333333,41.76666666666667,1.6,198,0,0.0
2023-09-13T23:00:00.000000+0000,661.1,4.8500000000000005,61.0,1.1,229,0,0.0
2023-09-14T00:00:00.000000+0000,660.8,4.016666666666667,61.54999999999999,1.7,222,0,0.0
2023-09-14T01:00:00.000000+0000,660.4,4.433333333333334,50.78333333333334,3.6,129,0,0.0
2023-09-14T02:00:00.000000+0000,660.4,5.033333333333334,51.6,5.3,120,0,0.0
2023-09-14T03:00:00.000000+0000,660.4,5.066666666666667,57.583333333333336,6.4,120,0,0.0
2023-09-14T04:00:00.000000+0000,660.7,8.566666666666666,47.15,5.9,120,39,0.0
2023-09-14T05:00:00.000000+0000,661.2,11.083333333333334,42.43333333333333,5.1,95,263,0.0
2023-09-14T06:00:00.000000+0000,661.7,11.483333333333334,56.300000000000004,5.6,56,514,0.0
2023-09-14T07:00:00.000000+0000,662.2,12.149999999999999,69.00000000000001,6.3,31,740,0.0
2023-09-14T08:00:00.000000+0000,662.2,11.700000000000001,75.86666666666667,7.8,37,909,0.0
2023-09-14T09:00:00.000000+0000,662.2,9.883333333333335,89.25,7.9,33,941,0.0
2023-09-14T10:00:00.000000+0000,662.0,9.083333333333334,97.66666666666667,6.8,13,502,0.0
2023-09-14T11:00:00.000000+0000,661.5,8.083333333333334,99.28333333333335,6.2,2,284,0.0
2023-09-14T12:00:00.000000+0000,661.0,7.816666666666666,99.3,5.1,6,124,0.1
2023-09-14T13:00:00.000000+0000,660.6,8.733333333333334,97.68333333333334,5.8,4,128,0.0
2023-09-14T14:00:00.000000+0000,660.4,8.283333333333333,96.41666666666667,4.4,3,242,0.0
2023-09-14T15:00:00.000000+0000,660.3,7.300000000000001,99.28333333333335,2.6,5,127,0.0
2023-09-14T16:00:00.000000+0000,660.4,6.516666666666666,99.3,1.5,320,5,0.0
2023-09-14T17:00:00.000000+0000,660.7,6.199999999999999,99.3,1.1,349,0,0.0
2023-09-14T18:00:00.000000+0000,661.1,5.8500000000000005,99.3,1.3,270,0,0.0
2023-09-14T19:00:00.000000+0000,661.5,5.3999999999999995,99.3,1.5,307,0,0.0
2023-09-14T20:00:00.000000+0000,661.7,4.6000000000000005,97.76666666666667,1.7,233,0,0.0
2023-09-14T21:00:00.000000+0000,661.6,3.8166666666666664,96.23333333333333,2.3,239,0,0.0
2023-09-14T22:00:00.000000+0000,661.1,5.1000000000000005,72.21666666666665,1.2,162,0,0.0
2023-09-14T23:00:00.000000+0000,660.9,4.766666666666667,70.45,1.8,187,0,0.0
2023-09-15T00:00:00.000000+0000,660.7,5.516666666666667,58.96666666666666,2.1,195,0,0.0
2023-09-15T01:00:00.000000+0000,660.6,5.016666666666667,64.48333333333333,1.0,225,0,0.0
2023-09-15T02:00:00.000000+0000,660.6,4.483333333333333,67.91666666666667,2.5,209,0,0.0
2023-09-15T03:00:00.000000+0000,660.8,4.866666666666666,61.883333333333326,2.8,207,0,0.0
2023-09-15T04:00:00.000000+0000,661.1,7.599999999999999,61.61666666666667,0.9,153,38,0.0
2023-09-15T05:00:00.000000+0000,661.7,8.883333333333333,63.43333333333334,1.2,83,247,0.0
2023-09-15T06:00:00.000000+0000,662.3,8.483333333333334,88.76666666666665,2.6,5,514,0.0
2023-09-15T07:00:00.000000+0000,662.8,9.633333333333333,85.68333333333334,2.5,323,629,0.0
2023-09-15T08:00:00.000000+0000,662.7,9.183333333333334,91.13333333333333,2.9,3,729,0.0
2023-09-15T09:00:00.000000+0000,662.5,9.633333333333335,87.16666666666667,4.3,8,570,0.0
2023-09-15T10:00:00.000000+0000,662.1,8.1,96.28333333333332,5.2,6,524,0.0
2023-09-15T11:00:00.000000+0000,661.6,8.35,96.44999999999999,4.2,343,241,0.0
2023-09-15T12:00:00.000000+0000,661.3,8.183333333333334,98.61666666666667,4.4,345,299,0.0
2023-09-15T13:00:00.000000+0000,661.0,8.166666666666666,98.01666666666667,3.5,351,221,0.0
2023-09-15T14:00:00.000000+0000,660.8,8.049999999999999,96.93333333333334,2.1,350,206,0.0
2023-09-15T15:00:00.000000+0000,660.7,6.883333333333333,99.3,1.9,335,93,0.0
2023-09-15T16:00:00.000000+0000,660.7,5.566666666666666,99.3,1.3,270,13,0.0
2023-09-15T17:00:00.000000+0000,661.0,4.866666666666667,93.21666666666665,2.2,231,0,0.0
2023-09-15T18:00:00.000000+0000,661.2,5.3,81.21666666666665,2.1,207,0,0.0
2023-09-15T19:00:00.000000+0000,661.7,4.35,97.33333333333333,1.6,252,0,0.0
2023-09-15T20:00:00.000000+0000,661.9,4.466666666666667,88.98333333333333,1.6,204,0,0.0
2023-09-15T21:00:00.000000+0000,661.9,3.9499999999999993,91.91666666666667,1.9,218,0,0.0
2023-09-15T22:00:00.000000+0000,661.4,4.883333333333334,76.48333333333333,2.2,205,0,0.0
2023-09-15T23:00:00.000000+0000,661.0,4.8999999999999995,75.76666666666667,1.2,131,0,0.0
2023-09-16T00:00:00.000000+0000,660.7,4.0,81.48333333333333,0.9,180,0,0.0
2023-09-16T01:00:00.000000+0000,660.6,4.333333333333334,82.21666666666665,1.6,231,0,0.0
2023-09-16T02:00:00.000000+0000,660.7,4.016666666666667,84.45,1.1,240,0,0.0
2023-09-16T03:00:00.000000+0000,661.0,3.2999999999999994,86.01666666666667,0.7,214,0,0.0
2023-09-16T04:00:00.000000+0000,661.2,6.633333333333334,78.65,2.0,129,37,0.0
2023-09-16T05:00:00.000000+0000,661.7,8.4,83.11666666666667,2.2,96,248,0.0
2023-09-16T06:00:00.000000+0000,662.4,8.816666666666666,85.86666666666666,3.3,15,429,0.0
2023-09-16T07:00:00.000000+0000,663.0,8.866666666666667,88.76666666666665,2.6,321,455,0.0
2023-09-16T08:00:00.000000+0000,663.2,10.166666666666666,84.48333333333333,4.4,334,408,0.0
2023-09-16T09:00:00.000000+0000,662.8,9.916666666666666,91.66666666666667,5.7,3,616,0.0
2023-09-16T10:00:00.000000+0000,662.6,10.15,88.33333333333333,5.8,8,440,0.0
2023-09-16T11:00:00.000000+0000,662.2,10.066666666666668,86.03333333333335,5.3,19,470,0.0
2023-09-16T12:00:00.000000+0000,661.5,10.233333333333334,86.11666666666666,7.0,22,389,0.0
2023-09-16T13:00:00.000000+0000,661.2,10.116666666666667,85.26666666666667,6.9,40,445,0.0
2023-09-16T14:00:00.000000+0000,661.1,10.933333333333335,69.88333333333334,5.5,33,369,0.0
2023-09-16T15:00:00.000000+0000,661.2,7.916666666666667,80.75,4.0,56,268,0.0
2023-09-16T16:00:00.000000+0000,661.2,6.166666666666667,86.88333333333334,1.6,68,27,0.0
2023-09-16T17:00:00.000000+0000,661.5,5.183333333333334,89.85000000000001,1.9,220,0,0.0
2023-09-16T18:00:00.000000+0000,661.7,4.533333333333333,89.90000000000002,1.6,214,0,0.0
2023-09-16T19:00:00.000000+0000,662.0,4.366666666666667,86.8,1.5,205,0,0.0
2023-09-16T20:00:00.000000+0000,662.2,4.1,77.66666666666667,0.7,225,0,0.0
2023-09-16T21:00:00.000000+0000,662.1,4.416666666666667,71.14999999999999,2.5,132,0,0.0
2023-09-16T22:00:00.000000+0000,661.6,5.766666666666667,64.76666666666667,5.1,132,0,0.0
2023-09-16T23:00:00.000000+0000,661.0,6.533333333333334,60.61666666666667,6.9,135,0,0.0
2023-09-17T00:00:00.000000+0000,660.5,6.633333333333333,60.333333333333336,8.1,134,0,0.0
2023-09-17T01:00:00.000000+0000,660.6,6.883333333333333,59.116666666666674,7.8,139,0,0.0
2023-09-17T02:00:00.000000+0000,660.6,6.466666666666666,60.25,8.0,131,0,0.0
2023-09-17T03:00:00.000000+0000,660.7,6.216666666666668,60.28333333333334,7.6,133,0,0.0
2023-09-17T04:00:00.000000+0000,661.1,8.950000000000001,53.31666666666666,7.7,129,37,0.0
2023-09-17T05:00:00.000000+0000,661.6,10.316666666666666,56.666666666666664,7.1,113,266,0.0
2023-09-17T06:00:00.000000+0000,662.2,9.749999999999998,77.66666666666667,3.2,61,516,0.0
2023-09-17T07:00:00.000000+0000,662.8,8.083333333333334,96.16666666666667,3.7,328,527,0.0
2023-09-17T08:00:00.000000+0000,662.9,8.45,98.83333333333333,2.8,287,120,0.0
2023-09-17T09:00:00.000000+0000,662.6,8.583333333333334,99.21666666666668,2.9,303,215,0.0
2023-09-17T10:00:00.000000+0000,661.9,8.833333333333334,99.26666666666667,4.2,9,130,0.6
2023-09-17T11:00:00.000000+0000,661.4,8.166666666666666,98.95,4.0,14,230,0.0
2023-09-17T12:00:00.000000+0000,660.9,6.666666666666667,99.3,4.3,333,83,2.9
2023-09-17T13:00:00.000000+0000,660.8,6.783333333333334,91.06666666666666,4.8,239,81,6.6
2023-09-17T14:00:00.000000+0000,660.8,8.1,83.21666666666665,4.8,204,81,0.2
2023-09-17T15:00:00.000000+0000,660.8,7.266666666666666,78.10000000000001,2.5,175,80,0.0
2023-09-17T16:00:00.000000+0000,660.8,6.800000000000001,88.91666666666667,3.6,182,7,0.0
2023-09-17T17:00:00.000000+0000,661.2,5.416666666666667,87.36666666666666,2.2,240,0,0.0
2023-09-17T18:00:00.000000+0000,661.2,4.966666666666666,90.53333333333332,1.8,225,0,0.0
2023-09-17T19:00:00.000000+0000,661.4,4.4,77.05,3.1,157,0,0.0
2023-09-17T20:00:00.000000+0000,661.5,4.583333333333333,67.88333333333333,5.0,123,0,0.0
2023-09-17T21:00:00.000000+0000,661.5,5.05,63.900000000000006,5.7,122,0,0.0
2023-09-17T22:00:00.000000+0000,661.3,5.466666666666666,59.31666666666666,6.1,136,0,0.0
2023-09-17T23:00:00.000000+0000,660.8,5.483333333333333,57.51666666666666,7.0,130,0,0.0
2023-09-18T00:00:00.000000+0000,660.6,5.783333333333334,53.866666666666674,7.7,132,0,0.0
2023-09-18T01:00:00.000000+0000,660.4,5.55,54.36666666666667,7.7,137,0,0.0
2023-09-18T02:00:00.000000+0000,660.3,5.566666666666667,52.54999999999999,7.0,139,0,0.0
2023-09-18T03:00:00.000000+0000,660.4,4.95,54.66666666666666,6.5,137,0,0.0
2023-09-18T04:00:00.000000+0000,660.6,8.383333333333333,45.1,5.9,138,41,0.0
2023-09-18T05:00:00.000000+0000,661.0,10.683333333333332,45.23333333333333,5.5,134,268,0.0
2023-09-18T06:00:00.000000+0000,661.8,10.333333333333334,57.4,2.4,349,503,0.0
2023-09-18T07:00:00.000000+0000,662.2,9.433333333333335,81.7,2.0,305,745,0.0
2023-09-18T08:00:00.000000+0000,662.4,8.333333333333334,97.96666666666665,3.7,324,355,0.0
2023-09-18T09:00:00.000000+0000,662.3,7.766666666666666,99.3,3.4,297,136,0.0
2023-09-18T10:00:00.000000+0000,661.9,6.766666666666667,99.3,3.1,329,102,2.4
2023-09-18T11:00:00.000000+0000,661.3,6.916666666666667,99.28333333333335,1.1,243,160,16.9
2023-09-18T12:00:00.000000+0000,660.8,7.55,99.26666666666667,1.5,17,304,3.0
2023-09-18T13:00:00.000000+0000,660.6,7.3500000000000005,99.3,1.4,331,226,0.0
2023-09-18T14:00:00.000000+0000,660.5,7.483333333333333,99.3,2.5,287,105,0.0
2023-09-18T15:00:00.000000+0000,660.5,6.633333333333334,99.03333333333335,1.7,326,93,0.0
2023-09-18T16:00:00.000000+0000,660.5,5.516666666666667,95.58333333333333,2.3,193,29,0.0
2023-09-18T17:00:00.000000+0000,660.7,5.383333333333333,97.8,3.1,226,0,0.0
2023-09-18T18:00:00.000000+0000,661.0,4.966666666666667,95.14999999999999,3.5,220,0,0.0
2023-09-18T19:00:00.000000+0000,661.2,4.666666666666667,93.00000000000001,3.6,217,0,0.0
2023-09-18T20:00:00.000000+0000,661.4,4.25,94.03333333333335,3.4,229,0,0.0
2023-09-18T21:00:00.000000+0000,661.5,4.266666666666667,90.81666666666666,2.8,223,0,0.0
2023-09-18T22:00:00.000000+0000,661.2,5.3999999999999995,83.31666666666668,3.4,229,0,0.0
2023-09-18T23:00:00.000000+0000,660.9,5.583333333333333,82.43333333333334,1.8,202,0,0.0
2023-09-19T00:00:00.000000+0000,660.9,5.1,85.81666666666668,1.3,236,0,0.0
2023-09-19T01:00:00.000000+0000,660.8,4.949999999999999,87.56666666666666,2.3,207,0,0.0
2023-09-19T02:00:00.000000+0000,661.0,4.316666666666667,97.21666666666665,1.0,247,0,0.0
2023-09-19T03:00:00.000000+0000,661.3,4.316666666666666,98.66666666666667,1.7,105,0,0.0
2023-09-19T04:00:00.000000+0000,661.7,6.699999999999999,92.11666666666667,1.7,98,11,0.0
2023-09-19T05:00:00.000000+0000,662.2,7.250000000000001,95.34999999999998,1.4,202,238,0.0
2023-09-19T06:00:00.000000+0000,662.9,8.549999999999999,91.10000000000001,1.5,360,375,0.0
2023-09-19T07:00:00.000000+0000,663.2,9.466666666666665,87.19999999999999,2.9,353,558,0.0
2023-09-19T08:00:00.000000+0000,663.2,8.383333333333333,94.98333333333333,4.5,1,726,0.0
2023-09-19T09:00:00.000000+0000,663.0,9.816666666666668,86.91666666666667,3.1,6,343,0.0
2023-09-19T10:00:00.000000+0000,662.6,9.016666666666666,93.26666666666667,5.0,18,691,0.0
2023-09-19T11:00:00.000000+0000,662.2,6.716666666666666,94.91666666666667,3.7,11,390,1.2
2023-09-19T12:00:00.000000+0000,661.9,8.383333333333333,90.56666666666666,1.9,21,116,8.1
2023-09-19T13:00:00.000000+0000,661.6,8.4,99.23333333333333,2.2,28,285,0.0
2023-09-19T14:00:00.000000+0000,661.2,8.0,99.26666666666667,4.4,48,104,0.0
2023-09-19T15:00:00.000000+0000,661.1,6.933333333333334,99.3,3.9,42,84,0.0
2023-09-19T16:00:00.000000+0000,661.3,5.583333333333333,89.68333333333332,1.9,69,25,0.0
2023-09-19T17:00:00.000000+0000,661.3,5.033333333333333,90.78333333333332,2.2,211,0,0.0
2023-09-19T18:00:00.000000+0000,661.6,4.566666666666667,97.83333333333333,2.1,227,0,0.0
2023-09-19T19:00:00.000000+0000,661.8,4.750000000000001,88.91666666666667,3.1,205,0,0.0
2023-09-19T20:00:00.000000+0000,662.0,4.083333333333333,93.39999999999999,2.1,233,0,0.0
2023-09-19T21:00:00.000000+0000,661.8,4.45,85.21666666666668,2.5,242,0,0.0
2023-09-19T22:00:00.000000+0000,661.5,4.233333333333333,87.35000000000001,2.5,227,0,0.0
2023-09-19T23:00:00.000000+0000,661.2,4.416666666666667,77.25,2.1,191,0,0.0
2023-09-20T00:00:00.000000+0000,661.0,4.25,76.48333333333335,2.2,113,0,0.0
2023-09-20T01:00:00.000000+0000,661.0,4.2,70.99999999999999,1.8,137,0,0.0
2023-09-20T02:00:00.000000+0000,661.2,3.6999999999999997,72.8,2.4,113,0,0.0
2023-09-20T03:00:00.000000+0000,661.3,4.050000000000001,68.71666666666665,2.8,126,0,0.0
2023-09-20T04:00:00.000000+0000,661.6,7.966666666666666,59.23333333333333,3.8,110,43,0.0
2023-09-20T05:00:00.000000+0000,662.0,9.533333333333333,64.35000000000001,2.9,74,275,0.0
2023-09-20T06:00:00.000000+0000,662.4,10.1,63.45000000000001,4.0,50,522,0.0
2023-09-20T07:00:00.000000+0000,662.9,9.65,81.89999999999999,5.3,31,758,0.0
2023-09-20T08:00:00.000000+0000,663.0,10.866666666666665,78.53333333333333,5.6,16,684,0.0
2023-09-20T09:00:00.000000+0000,663.0,10.35,83.95,6.1,13,827,0.0
2023-09-20T10:00:00.000000+0000,662.8,8.416666666666666,97.10000000000001,6.1,12,727,0.0
2023-09-20T11:00:00.000000+0000,662.4,8.983333333333333,95.75,5.0,5,128,0.0
2023-09-20T12:00:00.000000+0000,661.9,8.15,96.38333333333334,6.3,35,284,0.2
2023-09-20T13:00:00.000000+0000,661.5,8.766666666666666,93.60000000000001,5.7,88,197,1.9
2023-09-20T14:00:00.000000+0000,661.5,7.95,99.26666666666667,3.5,27,232,0.0
2023-09-20T15:00:00.000000+0000,661.5,6.533333333333334,98.46666666666665,2.0,25,35,0.0
2023-09-20T16:00:00.000000+0000,661.5,6.5,93.25,1.9,207,6,0.0
2023-09-20T17:00:00.000000+0000,661.8,6.383333333333334,92.68333333333334,2.7,227,0,0.0
2023-09-20T18:00:00.000000+0000,662.1,5.283333333333332,89.2,1.5,215,0,0.0
2023-09-20T19:00:00.000000+0000,662.1,4.783333333333334,90.35000000000001,3.1,191,0,0.0
2023-09-20T20:00:00.000000+0000,662.4,4.75,94.36666666666667,1.6,171,0,0.0
2023-09-20T21:00:00.000000+0000,662.4,3.983333333333333,94.06666666666666,2.0,246,0,0.0
2023-09-20T22:00:00.000000+0000,662.0,3.933333333333333,88.68333333333334,1.4,114,0,0.0
2023-09-20T23:00:00.000000+0000,661.6,3.883333333333333,81.33333333333333,2.4,133,0,0.0
2023-09-21T00:00:00.000000+0000,661.3,3.9499999999999997,62.833333333333336,3.5,123,0,0.0
2023-09-21T01:00:00.000000+0000,661.3,4.366666666666666,53.28333333333333,4.8,126,0,0.0
2023-09-21T02:00:00.000000+0000,661.4,4.633333333333334,48.416666666666664,6.1,132,0,0.0
2023-09-21T03:00:00.000000+0000,661.6,5.2,45.65,6.2,136,0,0.0
2023-09-21T04:00:00.000000+0000,661.8,8.716666666666667,38.01666666666667,6.4,136,40,0.0
2023-09-21T05:00:00.000000+0000,662.3,11.1,35.43333333333333,7.2,115,270,0.0
2023-09-21T06:00:00.000000+0000,662.7,12.266666666666666,40.56666666666667,8.4,103,520,0.0
2023-09-21T07:00:00.000000+0000,663.1,9.1,86.7,5.6,70,755,0.0
2023-09-21T08:00:00.000000+0000,663.1,8.266666666666667,99.23333333333333,2.9,300,342,0.0
2023-09-21T09:00:00.000000+0000,663.0,9.4,94.56666666666666,2.8,294,254,0.0
2023-09-21T10:00:00.000000+0000,662.6,9.566666666666668,96.03333333333335,3.0,332,444,0.0
2023-09-21T11:00:00.000000+0000,661.8,8.833333333333334,99.08333333333333,6.2,22,357,0.0
2023-09-21T12:00:00.000000+0000,661.3,8.133333333333333,99.28333333333335,5.5,15,281,0.0
2023-09-21T13:00:00.000000+0000,661.0,7.8999999999999995,99.28333333333335,3.0,344,153,0.0
2023-09-21T14:00:00.000000+0000,660.7,7.516666666666667,99.25,2.5,330,52,0.1
2023-09-21T15:00:00.000000+0000,660.9,6.3999999999999995,99.06666666666666,1.8,60,39,1.8
2023-09-21T16:00:00.000000+0000,660.8,6.2,97.16666666666667,2.9,166,13,0.0
2023-09-21T17:00:00.000000+0000,660.8,5.783333333333334,92.73333333333333,2.3,219,0,0.0
2023-09-21T18:00:00.000000+0000,661.0,5.616666666666667,84.76666666666667,3.6,168,0,0.0
2023-09-21T19:00:00.000000+0000,661.4,5.666666666666667,71.36666666666666,4.6,158,0,0.0
2023-09-21T20:00:00.000000+0000,661.4,5.699999999999999,60.03333333333334,6.3,154,0,0.0
2023-09-21T21:00:00.000000+0000,661.2,4.283333333333333,57.48333333333334,8.3,138,0,0.0
2023-09-21T22:00:00.000000+0000,660.7,3.3166666666666664,58.15,5.6,133,0,0.0
2023-09-21T23:00:00.000000+0000,660.3,3.433333333333333,55.03333333333334,5.6,136,0,0.0
2023-09-22T00:00:00.000000+0000,660.1,3.6833333333333336,54.23333333333334,6.2,138,0,0.0
2023-09-22T01:00:00.000000+0000,660.3,3.9500000000000006,52.76666666666667,6.5,139,0,0.0
2023-09-22T02:00:00.000000+0000,660.6,4.133333333333334,50.0,6.6,139,0,0.0
2023-09-22T03:00:00.000000+0000,660.7,4.983333333333333,45.349999999999994,6.5,138,0,0.0
2023-09-22T04:00:00.000000+0000,661.1,7.616666666666667,41.43333333333333,7.1,136,42,0.0
2023-09-22T05:00:00.000000+0000,661.7,9.916666666666666,37.56666666666667,7.5,117,274,0.0
2023-09-22T06:00:00.000000+0000,662.3,11.533333333333333,35.76666666666667,7.2,106,524,0.0
2023-09-22T07:00:00.000000+0000,662.8,11.783333333333333,54.68333333333334,6.5,73,753,0.0
2023-09-22T08:00:00.000000+0000,662.8,10.433333333333334,82.21666666666665,8.4,27,932,0.0
2023-09-22T09:00:00.000000+0000,662.6,9.799999999999999,85.03333333333333,7.7,12,810,0.0
2023-09-22T10:00:00.000000+0000,662.4,8.549999999999999,80.03333333333335,5.3,10,425,0.0
2023-09-22T11:00:00.000000+0000,662.1,8.433333333333334,80.46666666666665,4.1,354,107,0.0
2023-09-22T12:00:00.000000+0000,661.6,9.266666666666667,80.2,3.5,337,111,0.0
2023-09-22T13:00:00.000000+0000,661.2,7.783333333333334,98.03333333333335,3.5,351,295,0.6
2023-09-22T14:00:00.000000+0000,661.0,8.383333333333333,89.61666666666667,2.5,346,138,0.8
2023-09-22T15:00:00.000000+0000,660.9,7.116666666666666,99.03333333333335,3.6,325,143,0.0
2023-09-22T16:00:00.000000+0000,661.1,6.3,99.3,3.5,330,4,0.0
2023-09-22T17:00:00.000000+0000,661.2,4.85,96.66666666666667,1.9,45,0,0.0
2023-09-22T18:00:00.000000+0000,661.5,4.016666666666667,85.3,1.1,153,0,0.0
2023-09-22T19:00:00.000000+0000,661.6,3.016666666666667,78.23333333333333,3.1,122,0,0.0
2023-09-22T20:00:00.000000+0000,661.9,2.733333333333333,77.13333333333333,2.2,113,0,0.0
2023-09-22T21:00:00.000000+0000,661.6,3.233333333333333,77.18333333333334,3.4,114,0,0.0
2023-09-22T22:00:00.000000+0000,661.1,3.033333333333333,79.0,3.7,116,0,0.0
2023-09-22T23:00:00.000000+0000,660.6,2.766666666666667,77.89999999999999,4.4,129,0,0.0
2023-09-23T00:00:00.000000+0000,660.3,3.283333333333333,73.64999999999999,5.1,128,0,0.0
2023-09-23T01:00:00.000000+0000,660.1,2.9499999999999997,68.83333333333333,5.4,118,0,0.0
2023-09-23T02:00:00.000000+0000,660.4,3.216666666666667,67.16666666666667,5.3,120,0,0.0
2023-09-23T03:00:00.000000+0000,660.8,4.316666666666666,59.95000000000001,6.5,124,0,0.0
2023-09-23T04:00:00.000000+0000,661.3,7.766666666666668,48.5,5.9,127,45,0.0
2023-09-23T05:00:00.000000+0000,661.8,10.333333333333334,40.81666666666667,5.5,98,282,0.0
2023-09-23T06:00:00.000000+0000,662.3,10.549999999999999,54.833333333333336,5.9,59,531,0.0
2023-09-23T07:00:00.000000+0000,662.7,10.5,70.38333333333334,6.7,21,733,0.0
2023-09-23T08:00:00.000000+0000,662.6,9.683333333333334,75.63333333333334,7.0,8,784,0.0
2023-09-23T09:00:00.000000+0000,662.3,9.666666666666668,76.68333333333332,6.1,21,535,0.0
2023-09-23T10:00:00.000000+0000,662.1,9.483333333333334,78.25,6.8,12,444,0.0
2023-09-23T11:00:00.000000+0000,661.8,9.783333333333333,75.56666666666668,6.2,8,455,0.0
2023-09-23T12:00:00.000000+0000,661.6,9.233333333333334,78.8,5.7,356,385,0.0
2023-09-23T13:00:00.000000+0000,661.6,8.916666666666666,85.21666666666667,3.8,357,285,0.0
2023-09-23T14:00:00.000000+0000,661.4,8.049999999999999,93.61666666666667,4.1,353,180,0.0
2023-09-23T15:00:00.000000+0000,661.3,7.3500000000000005,99.26666666666667,2.2,317,71,0.0
2023-09-23T16:00:00.000000+0000,661.4,5.266666666666667,97.64999999999999,2.3,270,4,0.0
2023-09-23T17:00:00.000000+0000,661.5,4.75,98.91666666666667,1.1,209,0,0.0
2023-09-23T18:00:00.000000+0000,661.8,4.133333333333333,95.71666666666665,1.7,212,0,0.0
2023-09-23T19:00:00.000000+0000,662.0,4.1000000000000005,85.61666666666667,3.2,197,0,0.0
2023-09-23T20:00:00.000000+0000,662.0,4.2,79.63333333333333,1.9,205,0,0.0
2023-09-23T21:00:00.000000+0000,661.7,3.4,79.2,0.8,225,0,0.0
2023-09-23T22:00:00.000000+0000,661.4,3.1333333333333333,76.35000000000001,1.4,180,0,0.0
2023-09-23T23:00:00.000000+0000,661.0,3.6666666666666665,65.73333333333333,1.8,143,0,0.0
2023-09-24T00:00:00.000000+0000,660.7,3.1333333333333333,63.69999999999999,2.6,111,0,0.0
2023-09-24T01:00:00.000000+0000,660.6,3.716666666666667,60.61666666666667,3.2,126,0,0.0
2023-09-24T02:00:00.000000+0000,660.9,4.5,57.06666666666666,3.6,120,0,0.0
2023-09-24T03:00:00.000000+0000,661.2,4.783333333333334,58.28333333333333,4.8,110,0,0.0
2023-09-24T04:00:00.000000+0000,661.4,8.5,51.03333333333333,4.5,119,45,0.0
2023-09-24T05:00:00.000000+0000,662.0,8.916666666666666,63.583333333333336,4.0,65,282,0.0
2023-09-24T06:00:00.000000+0000,662.6,9.95,70.19999999999999,4.1,7,528,0.0
2023-09-24T07:00:00.000000+0000,663.0,9.516666666666666,81.91666666666667,4.5,4,623,0.0
2023-09-24T08:00:00.000000+0000,663.0,9.266666666666666,88.06666666666666,5.3,355,481,0.0
2023-09-24T09:00:00.000000+0000,662.8,9.766666666666666,85.48333333333333,5.1,1,482,0.0
2023-09-24T10:00:00.000000+0000,662.5,9.166666666666666,95.10000000000001,5.6,3,647,0.0
2023-09-24T11:00:00.000000+0000,662.0,8.616666666666665,97.55000000000001,5.5,354,297,0.0
2023-09-24T12:00:00.000000+0000,661.6,8.35,99.21666666666665,5.2,353,220,0.0
2023-09-24T13:00:00.000000+0000,661.4,8.916666666666666,96.41666666666667,3.4,337,190,0.0
2023-09-24T14:00:00.000000+0000,661.4,7.75,99.26666666666667,4.2,322,241,0.0
2023-09-24T15:00:00.000000+0000,661.3,6.75,99.3,1.6,315,54,0.0
2023-09-24T16:00:00.000000+0000,661.4,6.833333333333335,99.3,2.4,239,5,0.0
2023-09-24T17:00:00.000000+0000,661.9,5.466666666666666,93.81666666666666,1.8,273,0,0.0
2023-09-24T18:00:00.000000+0000,661.9,5.166666666666667,78.56666666666666,2.6,202,0,0.0
2023-09-24T19:00:00.000000+0000,662.1,5.033333333333333,75.81666666666666,1.2,218,0,0.0
2023-09-24T20:00:00.000000+0000,662.2,4.833333333333333,80.83333333333333,1.9,236,0,0.0
2023-09-24T21:00:00.000000+0000,662.0,4.1,95.85000000000001,1.9,270,0,0.0
2023-09-24T22:00:00.000000+0000,661.7,4.25,87.33333333333333,3.1,220,0,0.0
2023-09-24T23:00:00.000000+0000,661.2,4.45,83.25000000000001,3.3,235,0,0.0
2023-09-25T00:00:00.000000+0000,661.0,4.383333333333333,83.68333333333334,1.4,240,0,0.0
2023-09-25T01:00:00.000000+0000,661.1,4.516666666666667,77.41666666666666,1.7,245,0,0.0
2023-09-25T02:00:00.000000+0000,661.4,3.9499999999999997,85.46666666666665,1.5,222,0,0.0
2023-09-25T03:00:00.000000+0000,661.7,3.9166666666666665,90.39999999999999,2.1,210,0,0.0
2023-09-25T04:00:00.000000+0000,662.1,6.333333333333335,86.18333333333332,1.6,212,45,0.0
2023-09-25T05:00:00.000000+0000,662.5,8.033333333333333,80.19999999999999,1.2,255,280,0.0
2023-09-25T06:00:00.000000+0000,663.0,8.566666666666668,84.86666666666666,1.7,286,507,0.0
2023-09-25T07:00:00.000000+0000,663.3,7.833333333333332,97.31666666666666,3.3,316,406,0.0
2023-09-25T08:00:00.000000+0000,663.2,8.366666666666667,96.89999999999999,3.1,294,280,0.0
2023-09-25T09:00:00.000000+0000,662.8,8.049999999999999,98.81666666666666,3.4,330,200,0.0
2023-09-25T10:00:00.000000+0000,662.3,7.3999999999999995,99.3,3.2,319,191,0.0
2023-09-25T11:00:00.000000+0000,661.9,7.3999999999999995,99.3,4.0,350,63,0.2
2023-09-25T12:00:00.000000+0000,661.6,8.4,80.31666666666666,3.9,323,182,0.2
2023-09-25T13:00:00.000000+0000,661.3,9.4,72.3,5.8,271,434,0.0
2023-09-25T14:00:00.000000+0000,661.2,8.783333333333335,79.64999999999999,2.8,286,390,0.0
2023-09-25T15:00:00.000000+0000,661.2,6.783333333333332,87.53333333333332,3.2,290,121,0.0
2023-09-25T16:00:00.000000+0000,661.3,6.5,94.85,1.7,241,7,0.0
2023-09-25T17:00:00.000000+0000,661.6,6.25,99.13333333333333,0.4,,0,0.0
2023-09-25T18:00:00.000000+0000,662.0,5.266666666666667,99.3,1.2,294,0,0.0
2023-09-25T19:00:00.000000+0000,662.3,5.183333333333333,98.89999999999999,1.8,260,0,0.0
2023-09-25T20:00:00.000000+0000,662.4,4.966666666666666,92.65000000000002,3.0,238,0,0.0
2023-09-25T21:00:00.000000+0000,662.0,4.766666666666667,89.81666666666666,4.1,233,0,0.0
2023-09-25T22:00:00.000000+0000,661.6,4.983333333333333,92.78333333333335,4.4,238,0,0.0
2023-09-25T23:00:00.000000+0000,661.2,5.083333333333334,86.13333333333334,4.6,227,0,0.0
2023-09-26T00:00:00.000000+0000,660.9,5.1499999999999995,84.18333333333332,4.0,219,0,0.0
2023-09-26T01:00:00.000000+0000,660.9,5.066666666666666,83.86666666666666,3.5,225,0,0.0
2023-09-26T02:00:00.000000+0000,661.1,5.1000000000000005,82.96666666666667,3.1,222,0,0.0
2023-09-26T03:00:00.000000+0000,661.5,4.933333333333334,83.55,1.7,227,0,0.0
2023-09-26T04:00:00.000000+0000,661.7,7.683333333333334,77.58333333333333,2.3,201,44,0.0
2023-09-26T05:00:00.000000+0000,662.4,8.683333333333334,81.16666666666667,2.1,250,278,0.0
2023-09-26T06:00:00.000000+0000,663.1,8.916666666666666,84.53333333333333,2.3,295,505,0.0
2023-09-26T07:00:00.000000+0000,663.6,7.766666666666667,98.41666666666667,4.2,303,415,0.0
2023-09-26T08:00:00.000000+0000,663.5,7.766666666666667,97.39999999999999,4.9,312,186,0.0
2023-09-26T09:00:00.000000+0000,663.2,8.766666666666667,91.89999999999999,3.6,300,273,0.0
2023-09-26T10:00:00.000000+0000,662.7,10.383333333333333,83.80000000000001,4.7,307,560,0.0
2023-09-26T11:00:00.000000+0000,662.0,9.799999999999999,87.89999999999999,4.7,324,669,0.0
2023-09-26T12:00:00.000000+0000,661.3,11.233333333333334,81.31666666666668,3.4,9,490,0.0
2023-09-26T13:00:00.000000+0000,661.0,10.033333333333333,92.33333333333333,5.2,1,419,0.0
2023-09-26T14:00:00.000000+0000,660.7,8.95,96.91666666666667,5.6,16,253,0.0
2023-09-26T15:00:00.000000+0000,660.8,7.783333333333334,95.51666666666667,3.9,32,33,0.0
2023-09-26T16:00:00.000000+0000,661.1,7.033333333333334,97.81666666666666,1.5,61,4,0.0
2023-09-26T17:00:00.000000+0000,661.4,6.0,98.88333333333333,1.5,83,0,0.0
2023-09-26T18:00:00.000000+0000,661.6,5.716666666666666,99.13333333333333,0.8,45,0,0.0
2023-09-26T19:00:00.000000+0000,661.8,6.500000000000001,99.3,1.3,204,0,0.0
2023-09-26T20:00:00.000000+0000,662.1,6.45,99.3,1.5,274,0,0.0
2023-09-26T21:00:00.000000+0000,661.7,4.833333333333333,97.61666666666667,2.1,225,0,0.0
2023-09-26T22:00:00.000000+0000,661.0,4.45,93.63333333333333,2.3,214,0,0.0
2023-09-26T23:00:00.000000+0000,660.6,4.366666666666667,97.43333333333334,2.1,223,0,0.0
2023-09-27T00:00:00.000000+0000,660.4,4.449999999999999,86.18333333333334,2.4,188,0,0.0
2023-09-27T01:00:00.000000+0000,660.4,2.933333333333333,82.88333333333334,1.6,212,0,0.0
2023-09-27T02:00:00.000000+0000,660.4,3.9000000000000004,75.64999999999999,3.1,140,0,0.0
2023-09-27T03:00:00.000000+0000,660.8,4.033333333333332,80.45,4.8,120,0,0.0
2023-09-27T04:00:00.000000+0000,661.3,8.033333333333333,69.8,5.2,134,46,0.0
2023-09-27T05:00:00.000000+0000,662.0,10.266666666666667,64.38333333333333,4.8,103,283,0.0
2023-09-27T06:00:00.000000+0000,662.6,10.433333333333335,71.51666666666667,5.1,52,538,0.0
2023-09-27T07:00:00.000000+0000,663.1,10.500000000000002,79.1,7.8,27,643,0.0
2023-09-27T08:00:00.000000+0000,662.9,9.3,88.55,8.0,35,652,0.0
2023-09-27T09:00:00.000000+0000,662.5,9.5,90.73333333333335,7.0,29,242,0.0
2023-09-27T10:00:00.000000+0000,662.2,8.733333333333334,97.46666666666668,6.4,12,418,0.0
2023-09-27T11:00:00.000000+0000,661.6,8.65,96.38333333333333,7.3,22,144,0.0
2023-09-27T12:00:00.000000+0000,660.9,9.1,95.15000000000002,5.0,43,299,0.1
2023-09-27T13:00:00.000000+0000,660.6,7.550000000000001,99.3,5.4,1,143,0.0
2023-09-27T14:00:00.000000+0000,660.5,7.666666666666667,98.58333333333333,4.7,246,45,0.8
2023-09-27T15:00:00.000000+0000,660.7,6.5,99.26666666666667,1.9,257,47,0.0
2023-09-27T16:00:00.000000+0000,660.9,5.066666666666667,98.86666666666667,1.5,117,6,0.0
2023-09-27T17:00:00.000000+0000,661.3,4.716666666666666,98.73333333333333,1.5,176,0,0.0
2023-09-27T18:00:00.000000+0000,661.8,3.8166666666666664,92.46666666666665,1.6,124,0,0.0
2023-09-27T19:00:00.000000+0000,662.2,3.7833333333333337,76.76666666666667,1.5,138,0,0.0
2023-09-27T20:00:00.000000+0000,662.2,4.833333333333334,60.5,5.6,134,0,0.0
2023-09-27T21:00:00.000000+0000,661.7,6.199999999999999,48.53333333333333,8.2,139,0,0.0
2023-09-27T22:00:00.000000+0000,660.8,6.483333333333333,43.616666666666674,11.5,141,0,0.0
2023-09-27T23:00:00.000000+0000,660.6,5.8500000000000005,45.916666666666664,7.8,141,0,0.0
2023-09-28T00:00:00.000000+0000,660.7,6.1000000000000005,44.666666666666664,2.8,206,0,0.0
2023-09-28T01:00:00.000000+0000,660.5,6.516666666666666,40.4,2.0,202,0,0.0
2023-09-28T02:00:00.000000+0000,660.8,6.133333333333333,42.833333333333336,1.5,200,0,0.0
2023-09-28T03:00:00.000000+0000,660.9,6.716666666666666,45.9,7.7,157,0,0.0
2023-09-28T04:00:00.000000+0000,661.3,9.566666666666665,37.11666666666667,6.1,166,48,0.0
2023-09-28T05:00:00.000000+0000,662.2,9.816666666666668,44.5,0.7,297,290,0.0
2023-09-28T06:00:00.000000+0000,662.8,11.333333333333334,60.20000000000001,2.1,276,538,0.0
2023-09-28T07:00:00.000000+0000,663.2,9.9,88.80000000000001,3.3,43,785,0.0
2023-09-28T08:00:00.000000+0000,663.3,8.316666666666668,98.38333333333333,4.4,341,468,0.0
2023-09-28T09:00:00.000000+0000,663.1,8.416666666666666,99.18333333333334,2.7,337,176,0.0
2023-09-28T10:00:00.000000+0000,662.5,8.066666666666666,99.3,4.0,342,216,0.0
2023-09-28T11:00:00.000000+0000,662.0,9.583333333333334,92.83333333333333,4.3,352,106,0.0
2023-09-28T12:00:00.000000+0000,661.5,8.633333333333333,93.98333333333333,4.2,26,505,0.0
2023-09-28T13:00:00.000000+0000,661.5,8.25,94.19999999999999,3.6,302,291,0.0
2023-09-28T14:00:00.000000+0000,661.4,7.383333333333334,98.38333333333333,3.7,313,210,0.0
2023-09-28T15:00:00.000000+0000,661.5,6.216666666666666,99.3,1.8,318,73,0.0
2023-09-28T16:00:00.000000+0000,661.6,5.0,99.28333333333332,0.9,233,4,0.0
2023-09-28T17:00:00.000000+0000,661.7,4.3999999999999995,98.23333333333333,3.3,145,0,0.0
2023-09-28T18:00:00.000000+0000,662.1,3.25,90.88333333333333,1.0,225,0,0.0
2023-09-28T19:00:00.000000+0000,662.4,3.233333333333334,64.68333333333332,2.4,137,0,0.0
2023-09-28T20:00:00.000000+0000,662.6,4.366666666666667,56.79999999999999,5.3,136,0,0.0
2023-09-28T21:00:00.000000+0000,662.3,5.45,51.33333333333334,5.8,137,0,0.0
2023-09-28T22:00:00.000000+0000,661.8,7.216666666666666,43.0,6.6,151,0,0.0
2023-09-28T23:00:00.000000+0000,661.5,5.3999999999999995,50.300000000000004,1.6,241,0,0.0
2023-09-29T00:00:00.000000+0000,661.2,4.983333333333333,46.61666666666667,3.0,126,0,0.0
2023-09-29T01:00:00.000000+0000,661.0,5.933333333333334,43.199999999999996,2.9,165,0,0.0
2023-09-29T02:00:00.000000+0000,661.2,4.2,50.56666666666666,1.0,198,0,0.0
2023-09-29T03:00:00.000000+0000,661.4,4.65,51.300000000000004,1.1,68,0,0.0
2023-09-29T04:00:00.000000+0000,661.9,8.166666666666666,44.46666666666667,1.4,189,49,0.0
2023-09-29T05:00:00.000000+0000,662.7,11.25,36.11666666666667,4.1,93,289,0.0
2023-09-29T06:00:00.000000+0000,663.3,9.6,58.06666666666666,5.0,80,537,0.0
2023-09-29T07:00:00.000000+0000,663.9,9.783333333333333,78.7,3.3,318,752,0.0
2023-09-29T08:00:00.000000+0000,663.9,9.25,90.01666666666667,3.3,324,605,0.0
2023-09-29T09:00:00.000000+0000,663.7,8.266666666666667,97.38333333333334,3.6,338,415,0.0
2023-09-29T10:00:00.000000+0000,663.2,8.350000000000001,99.25,2.5,344,162,0.0
2023-09-29T11:00:00.000000+0000,662.7,7.533333333333334,99.26666666666667,4.3,331,186,0.0
2023-09-29T12:00:00.000000+0000,662.3,6.800000000000001,99.3,3.6,309,46,4.2
2023-09-29T13:00:00.000000+0000,662.1,7.083333333333335,99.3,2.6,272,83,0.2
2023-09-29T14:00:00.000000+0000,662.1,7.233333333333333,98.98333333333333,3.6,278,78,0.0
2023-09-29T15:00:00.000000+0000,662.1,6.833333333333333,98.95,3.5,257,71,0.0
2023-09-29T16:00:00.000000+0000,662.2,5.566666666666667,99.2,2.4,257,8,0.0
2023-09-29T17:00:00.000000+0000,662.4,5.5,82.66666666666667,1.6,198,0,0.0
2023-09-29T18:00:00.000000+0000,662.5,5.066666666666667,80.68333333333334,1.9,207,0,0.0
2023-09-29T19:00:00.000000+0000,662.8,4.633333333333333,87.56666666666666,1.3,180,0,0.0
2023-09-29T20:00:00.000000+0000,663.0,5.516666666666667,94.66666666666667,1.5,149,0,1.1
2023-09-29T21:00:00.000000+0000,662.9,4.833333333333333,99.25,1.5,75,0,1.7
2023-09-29T22:00:00.000000+0000,662.5,4.8500000000000005,95.55,1.6,193,0,0.0
2023-09-29T23:00:00.000000+0000,662.2,4.433333333333334,94.01666666666665,2.8,208,0,0.0
2023-09-30T00:00:00.000000+0000,661.9,5.133333333333334,92.43333333333332,3.0,194,0,0.0
2023-09-30T01:00:00.000000+0000,661.8,4.533333333333333,89.39999999999999,3.8,183,0,0.0
2023-09-30T02:00:00.000000+0000,661.8,3.233333333333334,78.5,1.9,196,0,0.0
2023-09-30T03:00:00.000000+0000,662.0,3.433333333333333,82.28333333333335,4.3,157,0,0.0
2023-09-30T04:00:00.000000+0000,662.3,6.8999999999999995,66.2,6.2,133,49,0.0
2023-09-30T05:00:00.000000+0000,662.9,10.0,52.550000000000004,5.4,106,289,0.0
2023-09-30T06:00:00.000000+0000,663.4,11.366666666666667,47.81666666666666,5.0,67,537,0.0
2023-09-30T07:00:00.000000+0000,663.8,12.016666666666666,61.70000000000001,6.3,50,762,0.0
2023-09-30T08:00:00.000000+0000,663.8,10.466666666666667,82.85000000000001,7.3,27,902,0.0
2023-09-30T09:00:00.000000+0000,663.8,9.216666666666667,82.7,6.8,21,598,0.0
2023-09-30T10:00:00.000000+0000,663.4,9.383333333333333,77.2,5.1,12,243,0.0
2023-09-30T11:00:00.000000+0000,663.0,8.95,86.33333333333333,4.7,18,202,0.0
2023-09-30T12:00:00.000000+0000,662.5,8.9,94.25,5.4,4,219,0.6
2023-09-30T13:00:00.000000+0000,662.1,7.966666666666668,98.73333333333333,3.7,5,139,0.1
2023-09-30T14:00:00.000000+0000,661.9,7.316666666666667,99.3,2.9,8,17,2.1
2023-09-30T15:00:00.000000+0000,661.9,6.866666666666667,99.3,2.8,339,11,0.0
2023-09-30T16:00:00.000000+0000,661.9,6.75,97.28333333333335,1.5,129,3,0.0
2023-09-30T17:00:00.000000+0000,662.1,6.05,98.25,1.9,221,0,0.0
2023-09-30T18:00:00.000000+0000,662.4,5.466666666666666,96.14999999999999,2.3,219,0,0.0
2023-09-30T19:00:00.000000+0000,663.0,5.066666666666667,95.14999999999999,2.4,214,0,0.0
2023-09-30T20:00:00.000000+0000,663.2,5.133333333333333,93.26666666666667,2.4,218,0,0.0
2023-09-30T21:00:00.000000+0000,663.0,4.866666666666666,93.39999999999999,2.6,240,0,0.0
2023-09-30T22:00:00.000000+0000,662.3,4.8,93.06666666666666,1.9,236,0,0.0
2023-09-30T23:00:00.000000+0000,661.8,4.083333333333333,86.35000000000001,2.3,198,0,0.0
2023-10-01T00:00:00.000000+0000,661.4,3.9000000000000004,83.56666666666668,1.1,122,0,0.0
2023-10-01T01:00:00.000000+0000,661.1,4.266666666666667,83.05,5.0,133,0,0.0
2023-10-01T02:00:00.000000+0000,661.3,4.033333333333334,82.03333333333335,4.1,148,0,0.0
2023-10-01T03:00:00.000000+0000,661.7,3.75,93.65000000000002,1.2,151,0,0.0
2023-10-01T04:00:00.000000+0000,661.8,7.449999999999999,81.35,1.3,162,49,0.0
2023-10-01T05:00:00.000000+0000,662.4,8.2,82.9,1.1,246,288,0.0
2023-10-01T06:00:00.000000+0000,663.0,8.9,88.08333333333333,2.2,345,297,0.0
2023-10-01T07:00:00.000000+0000,663.4,8.383333333333335,92.69999999999999,5.0,30,505,0.0
2023-10-01T08:00:00.000000+0000,663.6,8.899999999999999,90.43333333333332,6.3,14,240,0.0
2023-10-01T09:00:00.000000+0000,663.4,9.3,89.31666666666666,6.7,11,251,0.0
2023-10-01T10:00:00.000000+0000,663.0,8.616666666666669,93.78333333333332,7.5,23,325,0.0
2023-10-01T11:00:00.000000+0000,662.5,8.4,98.68333333333332,6.4,13,203,0.0
2023-10-01T12:00:00.000000+0000,662.1,8.2,99.26666666666667,6.4,29,148,0.8
2023-10-01T13:00:00.000000+0000,661.7,8.166666666666666,97.11666666666667,6.1,54,121,0.9
2023-10-01T14:00:00.000000+0000,661.4,8.116666666666667,97.0,5.6,109,143,0.8
2023-10-01T15:00:00.000000+0000,661.5,7.533333333333334,97.01666666666665,3.7,135,62,0.0
2023-10-01T16:00:00.000000+0000,661.8,7.516666666666666,90.88333333333333,1.5,189,3,0.0
2023-10-01T17:00:00.000000+0000,662.1,6.650000000000001,97.25,2.1,188,0,0.0
2023-10-01T18:00:00.000000+0000,662.3,6.016666666666667,99.3,0.9,360,0,0.0
2023-10-01T19:00:00.000000+0000,662.4,5.433333333333334,98.51666666666665,1.1,315,0,0.0
2023-10-01T20:00:00.000000+0000,662.8,4.683333333333333,93.71666666666668,1.0,225,0,0.0
2023-10-01T21:00:00.000000+0000,662.7,4.083333333333333,93.51666666666665,1.0,117,0,0.0
2023-10-01T22:00:00.000000+0000,662.3,4.1499999999999995,92.14999999999999,2.2,117,0,0.0
2023-10-01T23:00:00.000000+0000,661.8,4.016666666666667,93.14999999999999,4.1,164,0,0.0
2023-10-02T00:00:00.000000+0000,661.5,4.516666666666667,87.89999999999999,4.7,148,0,0.0
2023-10-02T01:00:00.000000+0000,661.7,4.15,89.23333333333333,6.1,147,0,0.0
2023-10-02T02:00:00.000000+0000,661.7,4.266666666666667,82.83333333333333,7.9,134,0,0.0
2023-10-02T03:00:00.000000+0000,662.0,4.283333333333333,81.31666666666668,6.0,147,0,0.0
2023-10-02T04:00:00.000000+0000,662.3,7.449999999999999,67.6,7.0,141,48,0.0
2023-10-02T05:00:00.000000+0000,663.0,8.35,68.96666666666667,3.1,188,292,0.0
2023-10-02T06:00:00.000000+0000,663.7,8.533333333333333,74.30000000000001,2.1,297,316,0.0
2023-10-02T07:00:00.000000+0000,664.2,9.416666666666666,79.80000000000001,2.7,312,384,0.0
2023-10-02T08:00:00.000000+0000,664.5,9.45,83.38333333333334,3.9,323,414,0.0
2023-10-02T09:00:00.000000+0000,664.0,8.383333333333335,89.78333333333335,3.7,327,349,0.2
2023-10-02T10:00:00.000000+0000,663.4,7.55,93.01666666666665,2.6,336,225,1.6
2023-10-02T11:00:00.000000+0000,662.7,8.5,91.16666666666667,2.0,302,425,2.5
2023-10-02T12:00:00.000000+0000,662.2,9.216666666666667,82.41666666666667,3.6,284,392,0.0
2023-10-02T13:00:00.000000+0000,661.9,7.966666666666666,92.55,4.8,285,491,0.0
2023-10-02T14:00:00.000000+0000,661.9,7.95,88.81666666666666,2.1,265,72,0.1
2023-10-02T15:00:00.000000+0000,662.0,5.983333333333334,91.16666666666667,2.2,259,58,0.0
2023-10-02T16:00:00.000000+0000,661.9,5.516666666666667,87.43333333333332,3.4,153,5,0.0
2023-10-02T17:00:00.000000+0000,662.1,6.083333333333333,84.08333333333333,3.0,184,0,0.0
2023-10-02T18:00:00.000000+0000,662.1,6.783333333333334,85.43333333333334,6.9,173,0,0.0
2023-10-02T19:00:00.000000+0000,662.4,6.333333333333333,84.88333333333334,4.8,196,0,0.0
2023-10-02T20:00:00.000000+0000,662.7,4.616666666666666,88.14999999999999,2.7,212,0,0.0
2023-10-02T21:00:00.000000+0000,662.4,4.666666666666667,78.58333333333333,3.9,162,0,0.0
2023-10-02T22:00:00.000000+0000,662.0,4.233333333333333,81.68333333333332,2.2,203,0,0.0
2023-10-02T23:00:00.000000+0000,661.5,3.9,85.91666666666667,2.4,196,0,0.0
2023-10-03T00:00:00.000000+0000,661.0,3.733333333333334,93.45,2.5,202,0,0.0
2023-10-03T01:00:00.000000+0000,660.8,3.516666666666667,83.0,1.9,205,0,0.0
2023-10-03T02:00:00.000000+0000,660.9,2.8000000000000003,86.41666666666667,1.6,210,0,0.0
2023-10-03T03:00:00.000000+0000,661.1,3.3666666666666667,61.35,1.9,196,0,0.0
2023-10-03T04:00:00.000000+0000,661.3,6.283333333333334,68.86666666666666,3.8,191,49,0.0
2023-10-03T05:00:00.000000+0000,661.8,8.066666666666666,75.68333333333332,1.3,279,286,0.0
2023-10-03T06:00:00.000000+0000,662.4,9.133333333333333,82.91666666666667,2.8,360,541,0.0
2023-10-03T07:00:00.000000+0000,662.8,11.5,71.71666666666665,1.4,31,785,0.0
2023-10-03T08:00:00.000000+0000,662.7,10.016666666666667,88.63333333333334,5.9,21,964,0.0
2023-10-03T09:00:00.000000+0000,662.5,8.95,95.30000000000001,8.4,6,537,0.0
2023-10-03T10:00:00.000000+0000,662.4,8.483333333333333,81.11666666666666,5.6,1,254,0.0
2023-10-03T11:00:00.000000+0000,662.1,8.449999999999998,84.88333333333333,4.0,336,148,0.0
2023-10-03T12:00:00.000000+0000,661.8,9.45,74.1,3.5,318,249,0.0
2023-10-03T13:00:00.000000+0000,661.5,8.766666666666667,79.33333333333333,3.7,346,399,0.0
2023-10-03T14:00:00.000000+0000,661.5,7.716666666666666,96.89999999999999,2.9,311,188,0.0
2023-10-03T15:00:00.000000+0000,661.5,7.116666666666667,96.13333333333333,2.4,308,68,0.0
2023-10-03T16:00:00.000000+0000,661.7,5.666666666666667,99.2,1.9,277,10,0.0
2023-10-03T17:00:00.000000+0000,662.0,3.933333333333333,98.83333333333333,1.8,208,0,0.0
2023-10-03T18:00:00.000000+0000,662.1,3.4000000000000004,98.8,0.8,194,0,0.0
2023-10-03T19:00:00.000000+0000,662.4,1.8833333333333335,69.55,1.2,160,0,0.0
2023-10-03T20:00:00.000000+0000,662.4,2.6999999999999997,60.43333333333334,2.0,135,0,0.0
2023-10-03T21:00:00.000000+0000,662.1,3.233333333333334,60.06666666666666,3.5,111,0,0.0
2023-10-03T22:00:00.000000+0000,661.6,3.8166666666666664,75.5,6.4,120,0,0.0
2023-10-03T23:00:00.000000+0000,661.2,3.9499999999999997,77.46666666666665,7.7,124,0,0.0
2023-10-04T00:00:00.000000+0000,661.0,4.333333333333333,72.89999999999999,6.4,121,0,0.0
2023-10-04T01:00:00.000000+0000,660.8,5.116666666666667,86.95,6.1,139,0,0.0
2023-10-04T02:00:00.000000+0000,661.2,5.416666666666667,84.85000000000001,5.6,144,0,0.0
2023-10-04T03:00:00.000000+0000,661.4,4.683333333333334,87.65000000000002,7.7,119,0,0.0
2023-10-04T04:00:00.000000+0000,661.7,5.6499999999999995,76.16666666666667,8.2,127,30,0.0
2023-10-04T05:00:00.000000+0000,662.0,8.95,62.43333333333334,7.9,130,129,0.0
2023-10-04T06:00:00.000000+0000,662.7,10.75,57.03333333333334,7.6,102,510,0.0
2023-10-04T07:00:00.000000+0000,663.3,8.816666666666666,87.33333333333333,3.2,107,783,0.0
2023-10-04T08:00:00.000000+0000,663.3,7.683333333333334,99.23333333333333,4.6,322,562,0.0
2023-10-04T09:00:00.000000+0000,663.1,7.5,99.25,4.3,304,205,0.0
2023-10-04T10:00:00.000000+0000,662.6,8.5,98.43333333333332,2.7,318,177,0.0
2023-10-04T11:00:00.000000+0000,661.9,7.733333333333334,99.13333333333333,4.0,341,330,0.0
2023-10-04T12:00:00.000000+0000,661.5,7.6000000000000005,99.3,3.6,345,204,0.4
2023-10-04T13:00:00.000000+0000,661.3,7.933333333333333,98.39999999999999,2.7,349,187,0.2
2023-10-04T14:00:00.000000+0000,661.4,8.15,85.05,3.3,66,204,0.4
2023-10-04T15:00:00.000000+0000,661.6,6.766666666666666,88.33333333333333,5.1,129,148,0.0
2023-10-04T16:00:00.000000+0000,661.9,5.300000000000001,93.81666666666668,2.8,173,8,0.0
2023-10-04T17:00:00.000000+0000,662.1,5.316666666666667,82.03333333333335,5.6,123,0,0.0
2023-10-04T18:00:00.000000+0000,662.5,5.466666666666666,78.88333333333334,3.8,127,0,0.0
2023-10-04T19:00:00.000000+0000,662.6,4.8,84.80000000000001,3.8,109,0,0.0
2023-10-04T20:00:00.000000+0000,662.7,4.916666666666667,88.71666666666665,2.2,108,0,0.0
2023-10-04T21:00:00.000000+0000,662.6,4.183333333333334,84.8,1.4,82,0,0.0
2023-10-04T22:00:00.000000+0000,662.1,4.45,79.8,3.3,140,0,0.0
2023-10-04T23:00:00.000000+0000,661.7,6.416666666666667,69.63333333333333,5.1,137,0,0.0
2023-10-05T00:00:00.000000+0000,661.3,6.2,71.50000000000001,3.3,124,0,0.0
2023-10-05T01:00:00.000000+0000,661.2,5.916666666666667,72.21666666666667,2.0,98,0,0.0
2023-10-05T02:00:00.000000+0000,661.3,5.416666666666667,70.61666666666666,3.6,95,0,0.0
2023-10-05T03:00:00.000000+0000,661.6,5.333333333333335,70.61666666666666,4.1,122,0,0.0
2023-10-05T04:00:00.000000+0000,662.0,8.700000000000001,62.833333333333336,4.5,132,43,0.0
2023-10-05T05:00:00.000000+0000,662.6,8.450000000000001,78.44999999999999,3.2,102,303,0.0
2023-10-05T06:00:00.000000+0000,663.1,7.133333333333334,98.28333333333332,3.4,2,419,0.0
2023-10-05T07:00:00.000000+0000,663.5,7.183333333333333,99.3,2.8,328,188,0.0
2023-10-05T08:00:00.000000+0000,663.5,7.1499999999999995,99.3,2.0,354,229,0.0
2023-10-05T09:00:00.000000+0000,663.2,7.1499999999999995,,2.9,13,125,2.3
2023-10-05T10:00:00.000000+0000,662.8,7.266666666666666,,3.5,,,
2023-10-05T11:00:00.000000+0000,662.2,7.349999999999999,99.3,3.0,,,
2023-10-05T12:00:00.000000+0000,661.8,7.449999999999999,99.3,2.9,347,96,0.2
2023-10-05T13:00:00.000000+0000,661.9,7.883333333333333,99.3,2.1,278,241,0.0
2023-10-05T14:00:00.000000+0000,661.6,8.016666666666667,90.11666666666667,2.6,330,149,0.0
2023-10-05T15:00:00.000000+0000,661.7,6.366666666666666,86.76666666666667,4.5,98,137,0.0
2023-10-05T16:00:00.000000+0000,661.9,5.3500000000000005,85.01666666666667,4.6,123,15,0.0
2023-10-05T17:00:00.000000+0000,661.9,5.416666666666667,83.7,6.7,136,0,0.0
2023-10-05T18:00:00.000000+0000,661.9,5.3500000000000005,82.88333333333334,6.9,137,0,0.0
2023-10-05T19:00:00.000000+0000,662.2,5.016666666666667,79.11666666666666,6.9,145,0,0.0
2023-10-05T20:00:00.000000+0000,662.4,4.3500000000000005,85.3,6.6,146,0,0.0
2023-10-05T21:00:00.000000+0000,662.4,4.066666666666667,92.05,1.8,217,0,0.0
2023-10-05T22:00:00.000000+0000,662.0,3.1666666666666665,89.71666666666668,1.1,180,0,0.0
2023-10-05T23:00:00.000000+0000,661.2,4.183333333333333,83.73333333333333,4.3,128,0,0.0
2023-10-06T00:00:00.000000+0000,660.7,4.683333333333334,83.81666666666666,7.2,135,0,0.0
2023-10-06T01:00:00.000000+0000,660.5,4.35,84.85000000000001,6.6,134,0,0.0
2023-10-06T02:00:00.000000+0000,660.5,4.800000000000001,83.48333333333333,6.9,128,0,0.0
2023-10-06T03:00:00.000000+0000,660.9,5.716666666666668,78.11666666666666,7.0,135,0,0.0
2023-10-06T04:00:00.000000+0000,661.2,8.216666666666667,72.85,7.2,124,53,0.0
2023-10-06T05:00:00.000000+0000,661.7,10.483333333333333,65.3,8.0,113,297,0.0
2023-10-06T06:00:00.000000+0000,662.3,11.366666666666667,67.86666666666667,7.0,87,547,0.0
2023-10-06T07:00:00.000000+0000,662.7,9.216666666666667,93.75,3.8,45,812,0.0
2023-10-06T08:00:00.000000+0000,662.6,10.716666666666667,83.43333333333332,3.5,12,604,0.0
2023-10-06T09:00:00.000000+0000,662.3,9.266666666666666,93.71666666666665,7.0,29,691,0.0
2023-10-06T10:00:00.000000+0000,662.0,9.200000000000001,98.10000000000001,5.6,10,314,0.0
2023-10-06T11:00:00.000000+0000,661.6,8.466666666666667,99.21666666666665,3.8,349,229,0.0
2023-10-06T12:00:00.000000+0000,661.2,8.049999999999999,99.3,3.4,351,75,0.0
2023-10-06T13:00:00.000000+0000,661.0,8.049999999999999,99.3,2.0,276,99,0.1
2023-10-06T14:00:00.000000+0000,660.9,8.1,99.26666666666667,3.6,300,121,0.0
2023-10-06T15:00:00.000000+0000,661.2,7.266666666666666,99.3,1.9,318,95,0.0
2023-10-06T16:00:00.000000+0000,661.3,5.7,99.26666666666667,1.4,243,1,0.0
2023-10-06T17:00:00.000000+0000,661.6,5.533333333333332,92.51666666666667,1.6,200,0,0.0
2023-10-06T18:00:00.000000+0000,661.8,6.183333333333334,79.33333333333333,3.5,165,0,0.0
2023-10-06T19:00:00.000000+0000,662.0,6.016666666666667,85.86666666666666,3.1,162,0,0.0
2023-10-06T20:00:00.000000+0000,661.9,5.066666666666666,86.71666666666665,7.7,150,0,0.0
2023-10-06T21:00:00.000000+0000,661.4,5.966666666666666,93.13333333333333,4.6,134,0,0.0
2023-10-06T22:00:00.000000+0000,661.1,4.8,95.85000000000001,1.7,173,0,0.0
2023-10-06T23:00:00.000000+0000,660.7,3.766666666666667,97.71666666666665,1.2,202,0,0.0
2023-10-07T00:00:00.000000+0000,660.2,4.1000000000000005,88.5,1.3,194,0,0.0
2023-10-07T01:00:00.000000+0000,660.0,4.066666666666666,78.55000000000001,4.6,150,0,0.0
2023-10-07T02:00:00.000000+0000,660.0,4.666666666666667,77.28333333333333,6.2,146,0,0.0
2023-10-07T03:00:00.000000+0000,660.5,4.916666666666667,72.43333333333334,5.8,143,0,0.0
2023-10-07T04:00:00.000000+0000,661.0,8.666666666666666,58.81666666666667,5.4,145,54,0.0
2023-10-07T05:00:00.000000+0000,661.6,10.633333333333335,54.98333333333333,2.5,158,298,0.0
2023-10-07T06:00:00.000000+0000,662.0,10.783333333333333,69.7,6.6,91,545,0.0
2023-10-07T07:00:00.000000+0000,662.5,8.766666666666667,93.5,3.9,14,656,0.0
2023-10-07T08:00:00.000000+0000,662.4,8.15,99.26666666666667,3.6,358,340,0.0
2023-10-07T09:00:00.000000+0000,662.2,8.066666666666666,99.26666666666667,5.4,6,166,0.0
2023-10-07T10:00:00.000000+0000,661.6,7.566666666666666,99.28333333333335,7.1,5,71,0.0
2023-10-07T11:00:00.000000+0000,661.0,7.683333333333333,98.39999999999999,5.1,9,32,0.2
2023-10-07T12:00:00.000000+0000,660.8,8.166666666666666,95.68333333333334,4.6,52,76,0.0
2023-10-07T13:00:00.000000+0000,660.7,8.633333333333333,97.03333333333335,4.4,29,178,0.2
2023-10-07T14:00:00.000000+0000,660.8,8.033333333333333,97.5,2.6,312,228,0.0
2023-10-07T15:00:00.000000+0000,661.0,6.883333333333333,99.25,2.4,3,28,0.0
2023-10-07T16:00:00.000000+0000,661.4,5.75,99.05,0.7,333,3,0.0
2023-10-07T17:00:00.000000+0000,661.7,5.316666666666667,94.31666666666668,1.7,170,0,0.0
2023-10-07T18:00:00.000000+0000,661.8,4.433333333333333,98.88333333333333,1.3,215,0,0.0
2023-10-07T19:00:00.000000+0000,662.1,3.9499999999999997,95.58333333333331,1.2,214,0,0.0
2023-10-07T20:00:00.000000+0000,662.1,4.316666666666666,85.81666666666666,1.9,132,0,0.0
2023-10-07T21:00:00.000000+0000,661.9,5.0,93.55000000000001,7.1,113,0,0.0
2023-10-07T22:00:00.000000+0000,661.2,5.033333333333333,90.89999999999999,9.7,121,0,0.0
2023-10-07T23:00:00.000000+0000,660.6,4.75,88.03333333333332,10.1,120,0,0.0
2023-10-08T00:00:00.000000+0000,660.2,4.816666666666666,94.93333333333334,11.5,129,0,0.0
2023-10-08T01:00:00.000000+0000,660.2,5.166666666666667,95.73333333333333,10.5,118,0,0.0
2023-10-08T02:00:00.000000+0000,660.8,4.916666666666667,90.39999999999999,9.4,112,0,0.0
2023-10-08T03:00:00.000000+0000,661.4,5.166666666666667,70.49999999999999,9.6,101,0,0.0
2023-10-08T04:00:00.000000+0000,662.0,7.066666666666666,56.48333333333333,9.3,120,55,0.0
2023-10-08T05:00:00.000000+0000,662.5,9.05,46.98333333333333,9.8,104,294,0.0
2023-10-08T06:00:00.000000+0000,662.9,10.6,44.36666666666667,11.7,94,535,0.0
2023-10-08T07:00:00.000000+0000,663.4,12.016666666666666,44.36666666666667,9.7,83,772,0.0
2023-10-08T08:00:00.000000+0000,663.3,12.1,47.9,8.5,69,878,0.0
2023-10-08T09:00:00.000000+0000,663.1,12.383333333333333,50.11666666666667,8.3,51,914,0.0
2023-10-08T10:00:00.000000+0000,662.5,11.066666666666665,59.43333333333334,8.7,50,759,0.0
2023-10-08T11:00:00.000000+0000,662.0,10.166666666666666,67.78333333333335,7.1,54,386,0.0
2023-10-08T12:00:00.000000+0000,661.7,10.583333333333334,66.9,6.9,52,296,0.0
2023-10-08T13:00:00.000000+0000,661.6,9.499999999999998,,6.0,,,
2023-10-08T14:00:00.000000+0000,661.6,8.183333333333334,88.26666666666667,6.2,,,
2023-10-08T15:00:00.000000+0000,661.6,6.783333333333334,96.22,5.6,72,18,0.0
2023-10-08T16:00:00.000000+0000,661.7,6.45,95.38333333333333,5.1,127,3,0.1
2023-10-08T17:00:00.000000+0000,662.3,6.8500000000000005,88.16666666666667,5.8,132,0,0.0
2023-10-08T18:00:00.000000+0000,662.8,6.3,85.41666666666667,4.5,140,0,0.0
2023-10-08T19:00:00.000000+0000,663.1,5.699999999999999,87.91666666666667,5.0,131,0,0.0
2023-10-08T20:00:00.000000+0000,663.0,5.266666666666667,92.2,6.9,130,0,0.0
2023-10-08T21:00:00.000000+0000,662.8,5.216666666666666,93.76666666666667,6.7,134,0,0.0
2023-10-08T22:00:00.000000+0000,662.2,5.716666666666666,93.26666666666667,7.6,126,0,0.0
2023-10-08T23:00:00.000000+0000,661.7,4.966666666666666,71.75,9.1,120,0,0.0
2023-10-09T00:00:00.000000+0000,661.5,4.633333333333333,69.15,10.3,125,0,0.0
2023-10-09T01:00:00.000000+0000,661.8,4.766666666666667,67.38333333333333,9.5,128,0,0.0
2023-10-09T02:00:00.000000+0000,662.1,5.25,64.36666666666667,10.1,129,0,0.0
2023-10-09T03:00:00.000000+0000,662.5,5.783333333333332,64.11666666666666,10.4,134,0,0.0
2023-10-09T04:00:00.000000+0000,662.8,7.95,57.18333333333334,8.9,138,53,0.0
2023-10-09T05:00:00.000000+0000,663.3,10.083333333333334,51.83333333333334,7.4,127,290,0.0
2023-10-09T06:00:00.000000+0000,663.8,11.733333333333334,50.116666666666674,7.0,102,539,0.0
2023-10-09T07:00:00.000000+0000,664.2,12.516666666666667,52.1,8.0,57,771,0.0
2023-10-09T08:00:00.000000+0000,664.0,12.066666666666665,55.48333333333333,8.2,48,886,0.0
2023-10-09T09:00:00.000000+0000,663.7,10.716666666666667,61.849999999999994,8.6,45,440,0.0
2023-10-09T10:00:00.000000+0000,663.2,10.233333333333334,67.14999999999999,7.1,34,251,0.0
2023-10-09T11:00:00.000000+0000,662.6,9.966666666666667,73.3,7.4,52,187,0.0
2023-10-09T12:00:00.000000+0000,662.3,10.566666666666666,76.93333333333332,7.4,43,215,0.0
2023-10-09T13:00:00.000000+0000,662.0,9.433333333333332,86.95,7.2,43,312,0.0
2023-10-09T14:00:00.000000+0000,661.6,8.533333333333333,89.76666666666667,6.7,73,228,0.0
2023-10-09T15:00:00.000000+0000,661.7,7.8500000000000005,91.75,5.9,95,68,0.0
2023-10-09T16:00:00.000000+0000,661.8,7.633333333333333,91.5,4.7,124,1,0.0
2023-10-09T17:00:00.000000+0000,662.1,7.366666666666667,83.85000000000001,5.6,144,0,0.0
2023-10-09T18:00:00.000000+0000,662.3,6.966666666666666,97.46666666666665,4.5,161,0,0.0
2023-10-09T19:00:00.000000+0000,662.6,6.5,99.3,1.5,90,0,0.9
2023-10-09T20:00:00.000000+0000,662.7,5.666666666666667,99.3,2.9,90,0,0.1
2023-10-09T21:00:00.000000+0000,662.4,5.333333333333333,99.3,4.9,104,0,0.0
2023-10-09T22:00:00.000000+0000,661.9,5.300000000000001,97.36666666666666,5.0,99,0,0.0
2023-10-09T23:00:00.000000+0000,661.4,5.166666666666667,96.23333333333333,6.1,118,0,0.0
2023-10-10T00:00:00.000000+0000,661.2,4.983333333333333,98.01666666666667,6.6,111,0,0.0
2023-10-10T01:00:00.000000+0000,661.0,4.866666666666667,89.69999999999999,7.3,115,0,0.0
2023-10-10T02:00:00.000000+0000,661.1,5.316666666666667,82.41666666666667,7.7,124,0,0.0
2023-10-10T03:00:00.000000+0000,661.6,5.6499999999999995,91.44999999999999,7.0,126,0,0.0
2023-10-10T04:00:00.000000+0000,662.1,6.183333333333334,90.38333333333333,5.2,134,25,0.0
2023-10-10T05:00:00.000000+0000,662.4,7.783333333333332,80.53333333333333,8.1,109,135,0.0
2023-10-10T06:00:00.000000+0000,662.9,9.149999999999999,75.36666666666666,7.5,98,472,0.0
2023-10-10T07:00:00.000000+0000,663.1,11.183333333333335,65.39999999999999,8.3,86,615,0.0
2023-10-10T08:00:00.000000+0000,662.9,11.683333333333335,62.15,8.7,73,1002,0.0
2023-10-10T09:00:00.000000+0000,662.5,11.6,65.55,8.9,51,713,0.0
2023-10-10T10:00:00.000000+0000,662.0,10.833333333333334,75.21666666666668,9.5,60,774,0.0
2023-10-10T11:00:00.000000+0000,661.2,9.616666666666667,81.19999999999999,7.8,64,351,0.0
2023-10-10T12:00:00.000000+0000,660.8,10.433333333333332,75.6,6.9,99,236,0.0
2023-10-10T13:00:00.000000+0000,660.8,8.916666666666666,94.51666666666667,4.7,90,325,0.0
2023-10-10T14:00:00.000000+0000,660.8,8.533333333333333,98.68333333333334,4.7,283,97,0.0
2023-10-10T15:00:00.000000+0000,660.9,8.299999999999999,92.55,3.4,257,58,0.1
2023-10-10T16:00:00.000000+0000,661.3,7.016666666666667,84.58333333333333,1.4,163,5,0.0
2023-10-10T17:00:00.000000+0000,661.4,6.966666666666668,83.23333333333333,7.7,145,0,0.0
2023-10-10T18:00:00.000000+0000,661.7,7.449999999999999,76.64999999999999,6.8,149,0,0.0
2023-10-10T19:00:00.000000+0000,662.1,6.666666666666668,87.28333333333335,3.3,147,0,0.0
2023-10-10T20:00:00.000000+0000,662.2,6.016666666666667,76.93333333333334,6.1,126,0,0.0
2023-10-10T21:00:00.000000+0000,661.9,5.583333333333333,79.43333333333335,6.6,148,0,0.0
2023-10-10T22:00:00.000000+0000,661.6,5.816666666666666,83.85000000000001,4.2,160,0,0.0
2023-10-10T23:00:00.000000+0000,661.0,4.7,90.86666666666666,3.2,96,0,0.0
2023-10-11T00:00:00.000000+0000,660.6,5.1,89.83333333333333,5.4,112,0,0.0
2023-10-11T01:00:00.000000+0000,660.7,4.55,89.14999999999999,6.7,115,0,0.0
2023-10-11T02:00:00.000000+0000,660.9,3.9499999999999997,92.31666666666668,6.1,123,0,0.0
2023-10-11T03:00:00.000000+0000,661.1,4.266666666666667,85.5,6.7,132,0,0.0
2023-10-11T04:00:00.000000+0000,661.5,7.666666666666667,68.98333333333333,7.5,137,43,0.0
2023-10-11T05:00:00.000000+0000,662.1,10.716666666666667,55.63333333333333,5.7,127,291,0.0
2023-10-11T06:00:00.000000+0000,662.7,11.350000000000001,60.300000000000004,5.1,70,534,0.0
2023-10-11T07:00:00.000000+0000,663.1,10.266666666666667,78.89999999999999,4.9,15,710,0.0
2023-10-11T08:00:00.000000+0000,663.1,9.85,83.55,4.8,279,477,0.0
2023-10-11T09:00:00.000000+0000,662.8,9.466666666666667,80.06666666666666,6.2,288,282,0.0
2023-10-11T10:00:00.000000+0000,662.3,10.35,74.28333333333333,6.4,6,225,0.0
2023-10-11T11:00:00.000000+0000,661.6,10.366666666666667,76.16666666666666,8.4,39,307,0.0
2023-10-11T12:00:00.000000+0000,661.1,9.35,85.31666666666665,7.4,42,318,0.0
2023-10-11T13:00:00.000000+0000,660.9,7.083333333333332,97.44999999999999,6.0,52,306,1.1
2023-10-11T14:00:00.000000+0000,661.1,6.866666666666666,97.8,2.8,155,36,3.3
2023-10-11T15:00:00.000000+0000,661.2,6.8,97.95,4.3,102,30,0.0
2023-10-11T16:00:00.000000+0000,661.6,6.966666666666666,92.11666666666666,5.7,131,2,0.0
2023-10-11T17:00:00.000000+0000,661.9,6.550000000000001,97.71666666666665,4.3,136,0,0.0
2023-10-11T18:00:00.000000+0000,662.1,6.3999999999999995,99.3,2.0,153,0,0.0
2023-10-11T19:00:00.000000+0000,662.7,6.233333333333333,99.3,1.8,151,0,0.0
2023-10-11T20:00:00.000000+0000,662.8,6.0,99.3,5.2,102,0,0.0
2023-10-11T21:00:00.000000+0000,662.3,5.883333333333334,99.21666666666665,6.7,124,0,0.0
2023-10-11T22:00:00.000000+0000,661.8,5.916666666666667,98.46666666666668,3.5,129,0,0.0
2023-10-11T23:00:00.000000+0000,661.5,5.8,99.2,4.6,99,0,0.0
2023-10-12T00:00:00.000000+0000,661.3,5.733333333333333,98.8,4.9,102,0,0.0
2023-10-12T01:00:00.000000+0000,661.2,5.416666666666665,99.01666666666667,4.2,103,0,0.0
2023-10-12T02:00:00.000000+0000,661.4,4.6000000000000005,92.31666666666666,4.9,108,0,0.0
2023-10-12T03:00:00.000000+0000,661.7,4.566666666666666,94.98333333333335,5.7,133,0,0.0
2023-10-12T04:00:00.000000+0000,662.2,7.433333333333334,83.86666666666666,7.9,136,49,0.0
2023-10-12T05:00:00.000000+0000,662.8,9.966666666666667,73.39999999999999,5.2,129,322,0.0
2023-10-12T06:00:00.000000+0000,663.6,10.966666666666667,68.31666666666666,3.9,98,543,0.0
2023-10-12T07:00:00.000000+0000,663.9,10.549999999999999,79.68333333333332,4.0,10,825,0.0
2023-10-12T08:00:00.000000+0000,664.0,11.799999999999999,67.80000000000001,4.1,330,542,0.0
2023-10-12T09:00:00.000000+0000,663.5,11.766666666666666,70.86666666666666,8.1,40,846,0.0
2023-10-12T10:00:00.000000+0000,662.8,11.133333333333333,75.75,7.9,61,763,0.0
2023-10-12T11:00:00.000000+0000,662.3,10.65,77.53333333333335,9.7,45,692,0.0
2023-10-12T12:00:00.000000+0000,661.9,7.8500000000000005,94.94999999999999,7.0,58,516,0.2
2023-10-12T13:00:00.000000+0000,661.7,6.566666666666666,97.7,5.9,75,105,10.4
2023-10-12T14:00:00.000000+0000,661.5,7.466666666666666,95.05,6.1,115,121,0.1
2023-10-12T15:00:00.000000+0000,661.5,6.733333333333333,92.68333333333334,5.5,133,85,0.0
2023-10-12T16:00:00.000000+0000,661.8,5.816666666666666,88.66666666666667,7.2,144,13,0.0
2023-10-12T17:00:00.000000+0000,662.2,6.25,91.06666666666666,6.0,142,0,0.0
2023-10-12T18:00:00.000000+0000,662.6,6.766666666666667,88.11666666666666,6.3,142,0,0.0
2023-10-12T19:00:00.000000+0000,663.2,5.783333333333334,93.43333333333332,3.6,154,0,0.0
2023-10-12T20:00:00.000000+0000,663.3,5.266666666666667,83.31666666666666,3.9,141,0,0.0
2023-10-12T21:00:00.000000+0000,663.3,4.983333333333333,87.86666666666667,1.1,220,0,0.0
2023-10-12T22:00:00.000000+0000,662.9,4.366666666666666,93.21666666666665,2.3,115,0,0.0
2023-10-12T23:00:00.000000+0000,662.3,4.433333333333333,94.58333333333333,6.2,122,0,0.0
2023-10-13T00:00:00.000000+0000,661.8,4.316666666666666,97.38333333333333,6.7,128,0,0.0
2023-10-13T01:00:00.000000+0000,661.6,4.833333333333333,96.7,7.8,127,0,0.0
2023-10-13T02:00:00.000000+0000,661.6,4.966666666666667,89.56666666666666,9.8,122,0,0.0
2023-10-13T03:00:00.000000+0000,661.7,5.05,87.31666666666668,9.1,130,0,0.0
2023-10-13T04:00:00.000000+0000,662.3,7.933333333333334,69.35000000000001,9.8,132,25,0.0
2023-10-13T05:00:00.000000+0000,663.0,10.65,60.28333333333334,5.4,125,302,0.0
2023-10-13T06:00:00.000000+0000,663.5,10.683333333333335,64.98333333333333,4.4,87,548,0.0
2023-10-13T07:00:00.000000+0000,663.9,9.816666666666666,77.23333333333333,4.0,334,649,0.0
2023-10-13T08:00:00.000000+0000,663.8,10.15,75.33333333333334,4.4,289,324,0.0
2023-10-13T09:00:00.000000+0000,663.4,10.1,78.26666666666667,5.4,273,356,0.0
2023-10-13T10:00:00.000000+0000,663.0,9.116666666666667,85.96666666666668,5.1,285,345,0.0
2023-10-13T11:00:00.000000+0000,662.6,9.25,85.85000000000001,4.4,281,134,0.0
2023-10-13T12:00:00.000000+0000,662.2,9.816666666666666,86.46666666666668,4.0,290,171,0.0
2023-10-13T13:00:00.000000+0000,661.8,9.083333333333334,91.44999999999999,3.3,257,290,0.0
2023-10-13T14:00:00.000000+0000,661.6,8.566666666666665,93.10000000000001,3.1,135,102,0.0
2023-10-13T15:00:00.000000+0000,661.8,7.5,87.93333333333334,2.8,243,43,0.0
2023-10-13T16:00:00.000000+0000,662.0,6.933333333333333,80.45,3.1,159,5,0.0
2023-10-13T17:00:00.000000+0000,662.2,7.133333333333333,81.43333333333334,7.5,149,0,0.0
2023-10-13T18:00:00.000000+0000,662.5,6.183333333333334,95.89999999999999,5.5,155,0,0.0
2023-10-13T19:00:00.000000+0000,662.9,5.95,88.83333333333333,2.7,175,0,0.0
2023-10-13T20:00:00.000000+0000,663.0,6.266666666666666,86.05,6.1,147,0,0.0
2023-10-13T21:00:00.000000+0000,662.7,6.183333333333333,99.28333333333335,5.5,153,0,0.0
2023-10-13T22:00:00.000000+0000,662.5,5.933333333333333,98.61666666666666,1.4,63,0,0.0
2023-10-13T23:00:00.000000+0000,661.9,4.516666666666667,97.75,2.5,201,0,0.0
2023-10-14T00:00:00.000000+0000,661.3,5.783333333333334,81.53333333333333,3.4,196,0,0.0
2023-10-14T01:00:00.000000+0000,661.1,5.616666666666666,83.55000000000001,4.1,233,0,0.0
2023-10-14T02:00:00.000000+0000,661.3,5.8500000000000005,72.88333333333333,1.7,238,0,0.0
2023-10-14T03:00:00.000000+0000,661.5,6.55,62.75,2.4,204,0,0.0
2023-10-14T04:00:00.000000+0000,661.5,10.433333333333335,51.06666666666666,6.8,136,58,0.0
2023-10-14T05:00:00.000000+0000,662.2,10.833333333333334,56.650000000000006,3.9,149,305,0.0
2023-10-14T06:00:00.000000+0000,662.9,11.25,71.46666666666667,2.8,43,547,0.0
2023-10-14T07:00:00.000000+0000,663.2,10.516666666666667,87.45,5.5,340,714,0.0
2023-10-14T08:00:00.000000+0000,663.0,10.666666666666666,82.10000000000001,4.8,266,555,0.0
2023-10-14T09:00:00.000000+0000,662.8,9.766666666666667,89.81666666666668,8.1,282,514,0.0
2023-10-14T10:00:00.000000+0000,662.6,10.316666666666668,91.14999999999999,5.8,277,285,0.0
2023-10-14T11:00:00.000000+0000,661.8,9.299999999999999,98.58333333333333,3.6,325,363,0.0
2023-10-14T12:00:00.000000+0000,661.2,8.666666666666666,99.28333333333335,5.0,275,259,0.0
2023-10-14T13:00:00.000000+0000,661.0,10.616666666666667,88.11666666666666,3.5,300,208,0.0
2023-10-14T14:00:00.000000+0000,660.8,8.983333333333333,98.71666666666665,3.6,299,321,0.0
2023-10-14T15:00:00.000000+0000,660.8,8.233333333333333,99.3,2.3,311,40,0.0
2023-10-14T16:00:00.000000+0000,661.1,7.266666666666667,99.3,1.9,262,1,0.0
2023-10-14T17:00:00.000000+0000,661.4,5.333333333333333,97.51666666666667,1.3,99,0,0.0
2023-10-14T18:00:00.000000+0000,661.4,5.95,97.41666666666667,2.4,205,0,0.0
2023-10-14T19:00:00.000000+0000,661.8,7.000000000000001,79.58333333333333,1.9,217,0,0.0
2023-10-14T20:00:00.000000+0000,661.9,6.516666666666666,88.55,7.6,173,0,0.0
2023-10-14T21:00:00.000000+0000,661.7,6.55,95.43333333333334,4.0,138,0,0.1
2023-10-14T22:00:00.000000+0000,661.0,6.083333333333332,88.48333333333333,6.4,131,0,0.0
2023-10-14T23:00:00.000000+0000,660.8,5.6499999999999995,93.43333333333334,4.8,161,0,0.0
2023-10-15T00:00:00.000000+0000,660.4,4.75,93.05,5.3,123,0,0.0
2023-10-15T01:00:00.000000+0000,660.1,4.283333333333334,87.90000000000002,7.2,134,0,0.0
2023-10-15T02:00:00.000000+0000,660.3,4.583333333333333,85.11666666666666,3.2,172,0,0.0
2023-10-15T03:00:00.000000+0000,660.6,4.716666666666667,93.35000000000001,4.7,157,0,0.0
2023-10-15T04:00:00.000000+0000,660.8,5.783333333333332,90.93333333333334,5.9,124,23,0.0
2023-10-15T05:00:00.000000+0000,661.2,7.733333333333333,84.61666666666666,8.4,119,178,0.0
2023-10-15T06:00:00.000000+0000,661.9,9.433333333333332,78.55,7.5,110,324,0.0
2023-10-15T07:00:00.000000+0000,662.5,11.633333333333333,67.03333333333332,6.6,102,582,0.0
2023-10-15T08:00:00.000000+0000,662.6,12.65,62.150000000000006,7.6,95,908,0.0
2023-10-15T09:00:00.000000+0000,662.4,12.633333333333333,68.85000000000001,4.4,92,923,0.0
2023-10-15T10:00:00.000000+0000,661.9,11.0,85.58333333333333,3.6,138,867,0.0
2023-10-15T11:00:00.000000+0000,661.3,10.950000000000001,86.33333333333333,4.1,281,527,0.0
2023-10-15T12:00:00.000000+0000,660.8,13.533333333333337,54.79999999999999,2.3,257,625,0.0
2023-10-15T13:00:00.000000+0000,660.4,10.35,92.49999999999999,4.7,173,601,0.0
2023-10-15T14:00:00.000000+0000,660.4,8.6,99.3,3.1,294,121,0.0
2023-10-15T15:00:00.000000+0000,660.5,7.599999999999999,86.16666666666664,1.5,241,50,0.0
2023-10-15T16:00:00.000000+0000,660.9,6.7,90.36666666666667,2.6,189,8,0.0
2023-10-15T17:00:00.000000+0000,661.0,6.55,91.16666666666667,2.2,238,0,0.0
2023-10-15T18:00:00.000000+0000,661.0,6.833333333333333,90.89999999999999,5.8,170,0,0.0
2023-10-15T19:00:00.000000+0000,661.7,6.116666666666667,84.60000000000001,4.4,198,0,0.1
2023-10-15T20:00:00.000000+0000,662.1,5.783333333333332,94.28333333333335,3.4,196,0,0.3
2023-10-15T21:00:00.000000+0000,661.7,5.916666666666667,86.63333333333334,2.8,196,0,0.0
2023-10-15T22:00:00.000000+0000,660.9,5.233333333333333,88.76666666666667,3.6,200,0,0.0
2023-10-15T23:00:00.000000+0000,660.4,5.2,91.95,1.5,187,0,0.0
2023-10-16T00:00:00.000000+0000,659.9,5.5,94.23333333333333,2.0,196,0,1.8
2023-10-16T01:00:00.000000+0000,659.7,5.483333333333333,98.63333333333333,1.4,194,0,1.2
2023-10-16T02:00:00.000000+0000,659.8,5.8500000000000005,99.28333333333335,3.0,129,0,0.8
2023-10-16T03:00:00.000000+0000,660.1,5.8500000000000005,98.78333333333332,2.6,85,0,3.0
2023-10-16T04:00:00.000000+0000,660.5,6.3,98.01666666666665,1.9,,9,8.5
2023-10-16T05:00:00.000000+0000,661.2,6.966666666666668,98.55,6.4,103,116,1.9
2023-10-16T06:00:00.000000+0000,661.7,8.183333333333334,95.94999999999999,6.9,106,434,3.0
2023-10-16T07:00:00.000000+0000,662.1,10.883333333333333,82.5,5.1,92,537,0.0
2023-10-16T08:00:00.000000+0000,662.2,9.65,92.89999999999999,3.7,90,924,0.0
2023-10-16T09:00:00.000000+0000,662.0,8.283333333333333,99.3,4.2,320,375,0.0
2023-10-16T10:00:00.000000+0000,661.7,9.533333333333333,97.33333333333333,2.8,313,344,0.0
2023-10-16T11:00:00.000000+0000,661.2,9.966666666666667,93.01666666666667,2.9,7,386,0.0
2023-10-16T12:00:00.000000+0000,660.6,10.866666666666667,85.93333333333334,4.4,90,531,0.0
2023-10-16T13:00:00.000000+0000,660.2,9.299999999999999,98.31666666666666,5.0,5,392,0.0
2023-10-16T14:00:00.000000+0000,660.1,8.183333333333334,99.28333333333335,4.5,319,203,0.0
2023-10-16T15:00:00.000000+0000,660.4,6.433333333333334,94.89999999999999,1.7,351,25,0.0
2023-10-16T16:00:00.000000+0000,660.6,4.8,56.166666666666664,2.3,133,3,0.0
2023-10-16T17:00:00.000000+0000,661.1,5.533333333333332,68.64999999999999,4.6,157,0,0.0
2023-10-16T18:00:00.000000+0000,662.0,4.433333333333334,74.36666666666666,1.5,131,0,0.0
2023-10-16T19:00:00.000000+0000,662.3,4.666666666666667,66.23333333333333,5.3,136,0,0.0
2023-10-16T20:00:00.000000+0000,662.3,4.083333333333333,68.63333333333333,6.7,141,0,0.0
2023-10-16T21:00:00.000000+0000,662.0,3.0833333333333335,78.81666666666666,6.2,145,0,0.0
2023-10-16T22:00:00.000000+0000,661.6,4.249999999999999,80.41666666666667,3.9,159,0,0.0
2023-10-16T23:00:00.000000+0000,661.0,5.133333333333333,87.16666666666664,4.1,137,0,0.0
2023-10-17T00:00:00.000000+0000,660.7,4.7,83.66666666666667,3.4,180,0,0.0
2023-10-17T01:00:00.000000+0000,660.5,5.8999999999999995,75.36666666666667,3.9,152,0,0.0
2023-10-17T02:00:00.000000+0000,660.3,5.933333333333333,78.53333333333333,7.6,139,0,0.0
2023-10-17T03:00:00.000000+0000,660.7,6.316666666666667,79.83333333333333,7.1,147,0,0.0
2023-10-17T04:00:00.000000+0000,661.5,7.783333333333334,76.15,2.1,153,21,0.0
2023-10-17T05:00:00.000000+0000,662.4,8.5,74.89999999999999,2.9,95,156,0.0
2023-10-17T06:00:00.000000+0000,662.8,8.416666666666666,88.05000000000001,1.5,336,217,0.0
2023-10-17T07:00:00.000000+0000,663.1,8.9,74.9,4.3,38,274,0.0
2023-10-17T17:00:00.000000+0000,,,,,,0,
2023-10-17T18:00:00.000000+0000,,,,,,0,
2023-10-17T19:00:00.000000+0000,,,,,,0,
2023-10-17T20:00:00.000000+0000,,,,,,0,
2023-10-17T21:00:00.000000+0000,,,,,,0,
2023-10-17T22:00:00.000000+0000,,,,,,0,
2023-10-17T23:00:00.000000+0000,,,,,,0,
2023-10-18T00:00:00.000000+0000,,,,,,0,
2023-10-18T01:00:00.000000+0000,,,,,,0,
2023-10-18T02:00:00.000000+0000,,,,,,0,
2023-10-18T03:00:00.000000+0000,,,,,,0,
2023-10-18T07:00:00.000000+0000,,12.25,68.725,,,,
2023-10-18T08:00:00.000000+0000,663.4,9.916666666666668,96.2,4.7,57,1063,0.0
2023-10-18T09:00:00.000000+0000,663.0,8.416666666666666,99.3,5.1,340,360,0.0
2023-10-18T10:00:00.000000+0000,662.6,8.416666666666666,99.3,2.7,283,72,0.0
2023-10-18T11:00:00.000000+0000,662.0,8.549999999999999,98.83333333333333,3.2,302,189,0.0
2023-10-18T12:00:00.000000+0000,661.5,8.25,99.18333333333334,6.2,355,214,0.0
2023-10-18T13:00:00.000000+0000,661.4,8.75,94.16666666666667,4.4,13,102,0.0
2023-10-18T14:00:00.000000+0000,661.3,7.900000000000001,97.61666666666667,4.4,16,161,0.0
2023-10-18T15:00:00.000000+0000,661.3,6.349999999999999,91.03333333333335,2.3,10,45,0.0
2023-10-18T16:00:00.000000+0000,661.6,6.566666666666666,85.59999999999998,3.6,177,5,0.0
2023-10-18T17:00:00.000000+0000,661.9,7.166666666666665,91.41666666666667,2.3,255,0,0.0
2023-10-18T18:00:00.000000+0000,662.3,6.400000000000001,91.73333333333333,2.5,201,0,0.0
2023-10-18T19:00:00.000000+0000,662.8,5.733333333333334,94.25,3.0,152,0,6.0
2023-10-18T20:00:00.000000+0000,662.7,5.483333333333333,99.08,3.2,203,0,5.5
2023-10-18T21:00:00.000000+0000,662.3,5.666666666666667,97.38333333333333,2.0,208,0,4.1
2023-10-18T22:00:00.000000+0000,662.0,5.6000000000000005,99.25,2.3,211,0,4.6
2023-10-18T23:00:00.000000+0000,661.3,5.716666666666666,99.2,2.0,175,0,0.7
2023-10-19T00:00:00.000000+0000,661.2,5.5,99.3,2.1,253,0,0.9
2023-10-19T01:00:00.000000+0000,661.4,5.8,,2.3,,0,
2023-10-19T02:00:00.000000+0000,661.7,6.1499999999999995,,2.3,,0,
2023-10-19T03:00:00.000000+0000,662.0,6.550000000000001,,2.2,,0,
2023-10-19T04:00:00.000000+0000,662.4,7.116666666666666,,2.2,,,
2023-10-19T05:00:00.000000+0000,662.7,7.733333333333333,99.3,2.4,,,
2023-10-19T06:00:00.000000+0000,663.0,9.8,93.68333333333334,2.8,347,346,0.0
2023-10-19T07:00:00.000000+0000,663.4,11.6,74.55,4.5,147,883,0.0
2023-10-19T08:00:00.000000+0000,663.3,8.86,99.28,5.5,177,975,0.0
2023-10-19T09:00:00.000000+0000,662.9,,,3.9,14,768,0.0
2023-10-19T15:00:00.000000+0000,,7.183333333333334,99.3,,,,
2023-10-19T16:00:00.000000+0000,,6.499999999999999,99.28333333333335,1.4,280,,
2023-10-19T17:00:00.000000+0000,,6.433333333333334,95.16666666666667,2.2,229,,
2023-10-19T18:00:00.000000+0000,,6.216666666666666,99.3,1.8,232,,
2023-10-19T19:00:00.000000+0000,,6.016666666666667,99.3,2.5,252,,
2023-10-19T20:00:00.000000+0000,,5.633333333333333,99.3,1.3,253,,
2023-10-19T21:00:00.000000+0000,,5.8999999999999995,99.3,2.3,231,,
2023-10-19T22:00:00.000000+0000,,5.866666666666667,96.96666666666665,1.7,266,,
2023-10-19T23:00:00.000000+0000,,6.116666666666666,83.5,2.6,201,,
2023-10-20T00:00:00.000000+0000,,5.833333333333333,84.4,3.7,227,,
2023-10-20T01:00:00.000000+0000,,5.566666666666666,76.31666666666668,2.9,175,,
2023-10-20T02:00:00.000000+0000,,6.133333333333333,58.833333333333336,2.6,183,,
2023-10-20T03:00:00.000000+0000,,7.3,50.800000000000004,5.1,167,,
2023-10-20T04:00:00.000000+0000,,8.55,44.43333333333334,8.9,152,,
2023-10-20T05:00:00.000000+0000,,11.583333333333334,43.06666666666666,12.7,146,,
2023-10-20T06:00:00.000000+0000,,12.916666666666666,58.46666666666666,7.9,157,,
2023-10-20T07:00:00.000000+0000,,10.6,73.03333333333335,6.6,188,,
2023-10-20T08:00:00.000000+0000,,8.866666666666665,96.44999999999999,3.6,351,,
2023-10-20T09:00:00.000000+0000,,8.233333333333333,99.23333333333333,4.1,335,,
2023-10-20T10:00:00.000000+0000,,8.633333333333335,98.25,3.0,312,,
2023-10-20T11:00:00.000000+0000,,8.700000000000001,98.46666666666665,3.1,288,,
2023-10-20T12:00:00.000000+0000,,8.266666666666667,99.3,4.5,288,,
2023-10-20T13:00:00.000000+0000,,8.183333333333334,99.3,3.9,287,,
2023-10-20T14:00:00.000000+0000,,7.333333333333333,99.3,3.5,284,,
2023-10-20T15:00:00.000000+0000,,7.05,99.3,2.1,270,,
2023-10-20T16:00:00.000000+0000,,5.6499999999999995,99.3,1.6,261,,
2023-10-20T17:00:00.000000+0000,,4.683333333333334,99.28333333333335,1.1,194,,
2023-10-20T18:00:00.000000+0000,,5.3,91.63333333333334,1.5,180,,
2023-10-20T19:00:00.000000+0000,,5.233333333333333,92.23333333333333,2.7,162,,
2023-10-20T20:00:00.000000+0000,,4.916666666666666,99.28333333333335,1.8,150,,
2023-10-20T21:00:00.000000+0000,,4.55,98.05000000000001,3.0,191,,
2023-10-20T22:00:00.000000+0000,,4.883333333333334,88.46666666666665,2.1,187,,
2023-10-20T23:00:00.000000+0000,,3.8833333333333333,96.88333333333333,1.2,225,,
2023-10-21T00:00:00.000000+0000,,3.9666666666666663,98.05,2.4,190,,
2023-10-21T01:00:00.000000+0000,,4.266666666666667,87.80000000000001,2.9,180,,
2023-10-21T02:00:00.000000+0000,,4.733333333333333,84.73333333333333,4.8,147,,
2023-10-21T03:00:00.000000+0000,,5.033333333333334,95.36666666666667,4.4,160,,
2023-10-21T04:00:00.000000+0000,,6.883333333333333,90.89999999999999,1.5,242,,
2023-10-21T05:00:00.000000+0000,,7.616666666666667,88.89999999999999,1.0,252,,
2023-10-21T06:00:00.000000+0000,,8.433333333333332,95.96666666666668,1.8,318,,
2023-10-21T07:00:00.000000+0000,,7.766666666666666,99.2,2.8,304,,
2023-10-21T08:00:00.000000+0000,,7.366666666666667,99.3,2.7,298,,
2023-10-21T09:00:00.000000+0000,,7.383333333333333,99.3,1.8,319,,
2023-10-21T10:00:00.000000+0000,,6.999999999999999,99.3,1.0,18,,
2023-10-21T11:00:00.000000+0000,,7.650000000000001,99.3,1.5,343,,
2023-10-21T12:00:00.000000+0000,,6.400000000000001,99.3,3.5,309,,
2023-10-21T13:00:00.000000+0000,,7.466666666666666,99.28333333333335,2.4,215,,
2023-10-21T14:00:00.000000+0000,,8.266666666666667,93.18333333333334,2.2,229,,
2023-10-21T15:00:00.000000+0000,,7.316666666666666,99.26666666666667,2.2,288,,
2023-10-21T16:00:00.000000+0000,,6.716666666666668,98.44999999999999,1.4,79,,
2023-10-21T17:00:00.000000+0000,,6.416666666666665,94.05,3.0,144,,
2023-10-21T18:00:00.000000+0000,,6.0,98.21666666666665,1.6,220,,
2023-10-21T19:00:00.000000+0000,,6.233333333333333,97.31666666666666,2.1,114,,
2023-10-21T20:00:00.000000+0000,,6.116666666666666,98.51666666666667,2.1,135,,
2023-10-21T21:00:00.000000+0000,,5.816666666666667,99.3,1.4,198,,
2023-10-21T22:00:00.000000+0000,,5.683333333333334,99.28333333333335,1.1,221,,
2023-10-21T23:00:00.000000+0000,,5.866666666666666,99.3,3.0,215,,
2023-10-22T00:00:00.000000+0000,,5.816666666666666,95.53333333333332,1.8,135,,
2023-10-22T01:00:00.000000+0000,,5.716666666666666,96.26666666666667,3.6,126,,
2023-10-22T02:00:00.000000+0000,,5.466666666666666,89.60000000000001,1.7,218,,
2023-10-22T03:00:00.000000+0000,,5.949999999999999,72.35,2.7,111,,
2023-10-22T04:00:00.000000+0000,,7.5,70.58333333333333,5.6,128,,
2023-10-22T05:00:00.000000+0000,,8.783333333333333,79.28333333333335,4.9,126,,
2023-10-22T06:00:00.000000+0000,,9.783333333333333,78.36666666666666,5.1,110,,
2023-10-22T07:00:00.000000+0000,,10.85,82.11666666666667,7.2,83,,
2023-10-22T08:00:00.000000+0000,,9.1,97.03333333333332,7.3,24,,
2023-10-22T09:00:00.000000+0000,,7.983333333333333,99.3,9.4,349,,
2023-10-22T10:00:00.000000+0000,,8.183333333333334,99.3,6.6,359,,
2023-10-22T11:00:00.000000+0000,,8.15,99.3,5.4,14,,
2023-10-22T12:00:00.000000+0000,,7.466666666666666,,4.2,,,
2023-10-22T13:00:00.000000+0000,,7.016666666666667,99.3,2.9,,,
2023-10-22T14:00:00.000000+0000,,7.0,99.3,2.4,258,,
2023-10-22T15:00:00.000000+0000,,7.05,99.3,1.9,252,,
2023-10-22T16:00:00.000000+0000,,5.949999999999999,99.3,2.7,255,,
2023-10-22T17:00:00.000000+0000,,4.433333333333333,99.28333333333335,1.3,231,,
2023-10-22T18:00:00.000000+0000,,4.8999999999999995,95.55000000000001,0.8,135,,
2023-10-22T19:00:00.000000+0000,,4.8999999999999995,97.93333333333334,2.6,105,,
2023-10-22T20:00:00.000000+0000,,4.45,99.2,1.2,117,,
2023-10-22T21:00:00.000000+0000,,4.333333333333333,99.2,1.1,107,,
2023-10-22T22:00:00.000000+0000,,4.1000000000000005,99.21666666666665,2.1,108,,
2023-10-22T23:00:00.000000+0000,,4.183333333333334,92.34999999999998,2.1,133,,
2023-10-23T00:00:00.000000+0000,,4.266666666666666,93.0,2.9,202,,
2023-10-23T01:00:00.000000+0000,,5.0166666666666675,78.60000000000001,1.8,196,,
2023-10-23T02:00:00.000000+0000,,3.6333333333333333,87.34999999999998,3.0,147,,
2023-10-23T03:00:00.000000+0000,,4.433333333333334,84.78333333333332,3.4,128,,
2023-10-23T04:00:00.000000+0000,,6.666666666666667,81.71666666666667,4.7,115,,
2023-10-23T05:00:00.000000+0000,,7.333333333333332,84.61666666666666,2.0,241,,
2023-10-23T06:00:00.000000+0000,,8.000000000000002,94.25,2.5,289,,
2023-10-23T07:00:00.000000+0000,,8.0,99.2,3.8,339,,
2023-10-23T08:00:00.000000+0000,,7.766666666666666,99.28333333333332,4.4,5,,
2023-10-23T09:00:00.000000+0000,,7.816666666666666,99.3,3.1,14,,
2023-10-23T10:00:00.000000+0000,,7.566666666666666,99.3,4.5,353,,
2023-10-23T11:00:00.000000+0000,,7.383333333333333,99.3,3.3,352,,
2023-10-23T12:00:00.000000+0000,,7.75,,3.1,17,,
2023-10-23T13:00:00.000000+0000,,7.900000000000001,99.3,3.7,,,
2023-10-23T14:00:00.000000+0000,,7.816666666666666,99.28333333333335,2.4,267,,
2023-10-23T15:00:00.000000+0000,,6.816666666666666,99.26666666666667,2.2,238,,
2023-10-23T16:00:00.000000+0000,,6.133333333333333,95.84999999999998,2.6,186,,
2023-10-23T17:00:00.000000+0000,,5.583333333333333,99.21666666666665,2.0,309,,
2023-10-23T18:00:00.000000+0000,,5.083333333333333,91.13333333333333,1.1,173,,
2023-10-23T19:00:00.000000+0000,,6.033333333333334,81.91666666666667,3.1,158,,
2023-10-23T20:00:00.000000+0000,,6.45,86.35000000000001,6.9,137,,
2023-10-23T21:00:00.000000+0000,,5.833333333333333,90.26666666666667,7.1,130,,
2023-10-23T22:00:00.000000+0000,,4.966666666666666,96.08333333333333,6.1,142,,
2023-10-23T23:00:00.000000+0000,,4.716666666666668,96.5,2.0,202,,
2023-10-24T00:00:00.000000+0000,,4.6000000000000005,68.85000000000001,2.7,162,,
2023-10-24T01:00:00.000000+0000,,4.449999999999999,59.98333333333334,7.0,151,,
2023-10-24T02:00:00.000000+0000,,4.616666666666667,56.73333333333334,7.1,144,,
2023-10-24T03:00:00.000000+0000,,4.916666666666666,55.599999999999994,8.4,139,,
2023-10-24T04:00:00.000000+0000,,8.700000000000001,49.28333333333334,7.5,143,,
2023-10-24T05:00:00.000000+0000,,10.683333333333332,48.333333333333336,5.4,123,,
2023-10-24T06:00:00.000000+0000,,11.516666666666667,49.46666666666666,4.0,95,,
2023-10-24T07:00:00.000000+0000,,10.450000000000001,73.83333333333333,4.7,91,,
2023-10-24T08:00:00.000000+0000,,8.833333333333334,95.96666666666665,3.5,310,,
2023-10-24T09:00:00.000000+0000,,8.700000000000001,97.06666666666666,3.3,326,,
2023-10-24T10:00:00.000000+0000,,8.733333333333333,99.03333333333332,3.4,321,,
2023-10-24T11:00:00.000000+0000,,9.35,96.61666666666666,3.8,287,,
2023-10-24T12:00:00.000000+0000,,9.083333333333332,98.23333333333335,3.3,292,,
2023-10-24T13:00:00.000000+0000,,10.366666666666665,94.78333333333335,2.8,274,,
2023-10-24T14:00:00.000000+0000,,8.566666666666666,99.25,4.5,267,,
2023-10-24T15:00:00.000000+0000,,7.033333333333334,98.44999999999999,2.2,235,,
2023-10-24T16:00:00.000000+0000,,5.95,90.61666666666667,1.7,189,,
2023-10-24T17:00:00.000000+0000,,6.066666666666666,79.64999999999999,2.5,195,,
2023-10-24T18:00:00.000000+0000,,5.6499999999999995,72.01666666666667,6.4,148,,
2023-10-24T19:00:00.000000+0000,,5.3999999999999995,74.10000000000001,6.9,136,,
2023-10-24T20:00:00.000000+0000,,6.033333333333334,78.5,7.4,136,,
2023-10-24T21:00:00.000000+0000,,6.1499999999999995,85.63333333333333,7.6,137,,
2023-10-24T22:00:00.000000+0000,,5.7,83.43333333333332,7.3,133,,
2023-10-24T23:00:00.000000+0000,,5.2,78.23333333333333,5.3,136,,
2023-10-25T00:00:00.000000+0000,,4.8,66.71666666666667,6.2,131,,
2023-10-25T01:00:00.000000+0000,,4.6499999999999995,67.31666666666668,5.9,130,,
2023-10-25T02:00:00.000000+0000,,5.466666666666666,70.64999999999999,6.4,131,,
2023-10-25T03:00:00.000000+0000,,5.466666666666668,74.25,4.5,171,,
2023-10-25T04:00:00.000000+0000,,7.466666666666668,76.4,5.0,154,,
2023-10-25T05:00:00.000000+0000,,9.75,71.36666666666666,1.8,259,,
2023-10-25T06:00:00.000000+0000,,11.366666666666667,68.94999999999999,2.1,73,,
2023-10-25T07:00:00.000000+0000,,9.416666666666666,90.53333333333335,4.2,123,,
2023-10-25T08:00:00.000000+0000,,9.766666666666667,87.68333333333334,2.7,317,,
2023-10-25T09:00:00.000000+0000,,10.450000000000001,77.16666666666666,4.5,105,,
2023-10-25T10:00:00.000000+0000,,8.716666666666667,99.18333333333334,5.6,87,,
2023-10-25T11:00:00.000000+0000,,8.783333333333333,99.3,3.3,336,,
2023-10-25T12:00:00.000000+0000,,8.516666666666667,99.3,2.7,350,,
2023-10-25T13:00:00.000000+0000,,9.016666666666667,98.88333333333333,2.2,324,,
2023-10-25T14:00:00.000000+0000,,8.516666666666667,99.18333333333332,2.9,21,,
2023-10-25T15:00:00.000000+0000,,5.8500000000000005,77.96666666666667,2.0,36,,
2023-10-25T16:00:00.000000+0000,,6.883333333333333,59.93333333333333,3.2,143,,
2023-10-25T17:00:00.000000+0000,,7.2,57.81666666666666,6.5,144,,
2023-10-25T18:00:00.000000+0000,,6.95,73.26666666666667,6.4,134,,
2023-10-25T19:00:00.000000+0000,,6.666666666666667,87.08333333333333,8.5,128,,
2023-10-25T20:00:00.000000+0000,,6.083333333333333,85.66666666666667,9.1,135,,
2023-10-25T21:00:00.000000+0000,,6.233333333333333,83.38333333333333,8.4,140,,
2023-10-25T22:00:00.000000+0000,,6.266666666666667,82.36666666666666,10.1,132,,
2023-10-25T23:00:00.000000+0000,,6.083333333333333,87.08333333333333,6.4,141,,
2023-10-26T00:00:00.000000+0000,,5.816666666666666,99.13333333333333,2.1,159,,
2023-10-26T01:00:00.000000+0000,,5.216666666666667,99.03333333333332,1.7,194,,
2023-10-26T02:00:00.000000+0000,,5.2,96.23333333333333,1.0,186,,
2023-10-26T03:00:00.000000+0000,,5.133333333333334,96.53333333333335,0.0,,,
2023-10-26T04:00:00.000000+0000,,5.75,90.88333333333333,2.5,,,
2023-10-26T05:00:00.000000+0000,,8.299999999999999,88.78333333333332,12.5,137,,
2023-10-26T06:00:00.000000+0000,,9.883333333333333,85.18333333333334,11.1,135,,
2023-10-26T07:00:00.000000+0000,,11.0,76.3,8.4,125,,
2023-10-26T08:00:00.000000+0000,,11.116666666666667,68.5,8.3,133,,
2023-10-26T09:00:00.000000+0000,,12.183333333333332,62.93333333333334,8.9,142,,
2023-10-26T10:00:00.000000+0000,,12.533333333333331,61.53333333333334,8.2,131,,
2023-10-26T11:00:00.000000+0000,,12.333333333333334,57.93333333333333,8.3,128,,
2023-10-26T12:00:00.000000+0000,,11.916666666666666,61.716666666666676,6.2,128,,
2023-10-26T13:00:00.000000+0000,,10.199999999999998,73.10000000000001,5.7,143,,
2023-10-26T14:00:00.000000+0000,,9.65,66.2,7.6,143,,
2023-10-26T15:00:00.000000+0000,,7.383333333333334,76.93333333333334,8.0,154,,
2023-10-26T16:00:00.000000+0000,,6.983333333333333,81.39999999999999,10.5,158,,
2023-10-26T17:00:00.000000+0000,,7.033333333333332,79.08333333333333,11.0,148,,
2023-10-26T18:00:00.000000+0000,,6.916666666666667,80.73333333333333,10.5,148,,
2023-10-26T19:00:00.000000+0000,,6.6000000000000005,82.10000000000001,8.0,170,,
2023-10-26T20:00:00.000000+0000,,6.3999999999999995,79.18333333333334,11.3,159,,
2023-10-26T21:00:00.000000+0000,,6.266666666666667,78.55,9.7,154,,
2023-10-26T22:00:00.000000+0000,,5.95,80.8,11.2,156,,
2023-10-26T23:00:00.000000+0000,,5.7,82.05,11.2,152,,
2023-10-27T00:00:00.000000+0000,,5.733333333333333,71.86666666666667,8.3,165,,
2023-10-27T01:00:00.000000+0000,,5.916666666666667,68.25,10.9,151,,
2023-10-27T02:00:00.000000+0000,,5.849999999999999,88.41666666666667,8.5,158,,
2023-10-27T03:00:00.000000+0000,,5.8500000000000005,82.5,6.2,157,,
2023-10-27T04:00:00.000000+0000,,5.8999999999999995,88.38333333333333,6.8,148,,
2023-10-27T05:00:00.000000+0000,,8.200000000000001,75.53333333333335,9.5,157,,
2023-10-27T06:00:00.000000+0000,,10.066666666666668,59.35,9.2,158,,
2023-10-27T07:00:00.000000+0000,,10.466666666666667,62.48333333333333,8.5,166,,
2023-10-27T08:00:00.000000+0000,,9.75,87.31666666666666,6.4,156,,
2023-10-27T09:00:00.000000+0000,,11.016666666666667,75.18333333333332,4.5,268,,
2023-10-27T10:00:00.000000+0000,,12.216666666666667,61.54999999999999,4.7,93,,
2023-10-27T11:00:00.000000+0000,,9.366666666666667,89.43333333333334,3.7,119,,
2023-10-27T12:00:00.000000+0000,,8.416666666666666,97.8,3.3,336,,
2023-10-27T13:00:00.000000+0000,,8.466666666666667,97.53333333333335,2.1,297,,
2023-10-27T14:00:00.000000+0000,,7.933333333333334,98.28333333333335,3.1,305,,
2023-10-27T15:00:00.000000+0000,,6.616666666666667,99.25,2.0,321,,
2023-10-27T16:00:00.000000+0000,,5.483333333333333,93.86666666666667,1.2,188,,
2023-10-27T17:00:00.000000+0000,,5.666666666666667,99.26666666666667,1.3,211,,
2023-10-27T18:00:00.000000+0000,,5.366666666666667,99.3,1.7,208,,
2023-10-27T19:00:00.000000+0000,,5.766666666666667,91.31666666666666,1.3,225,,
2023-10-27T20:00:00.000000+0000,,5.5,99.3,3.7,157,,
2023-10-27T21:00:00.000000+0000,,5.25,98.36666666666666,1.9,223,,
2023-10-27T22:00:00.000000+0000,,5.583333333333333,97.96666666666665,2.7,210,,
2023-10-27T23:00:00.000000+0000,,5.783333333333332,98.41666666666667,1.7,225,,
2023-10-28T00:00:00.000000+0000,,5.833333333333333,92.94999999999999,2.7,162,,
2023-10-28T01:00:00.000000+0000,,5.266666666666667,99.3,5.1,180,,
2023-10-28T02:00:00.000000+0000,,5.266666666666667,99.3,1.9,225,,
2023-10-28T03:00:00.000000+0000,,5.716666666666666,98.01666666666667,1.6,204,,
2023-10-28T04:00:00.000000+0000,,7.5,82.16666666666667,3.5,182,,
2023-10-28T05:00:00.000000+0000,,8.649999999999999,81.56666666666666,2.6,185,,
2023-10-28T06:00:00.000000+0000,,10.933333333333335,66.75,3.7,180,,
2023-10-28T07:00:00.000000+0000,,12.116666666666665,53.75,4.6,97,,
2023-10-28T08:00:00.000000+0000,,11.366666666666665,74.75,8.1,100,,
2023-10-28T09:00:00.000000+0000,,8.983333333333333,96.11666666666667,5.3,31,,
2023-10-28T10:00:00.000000+0000,,8.916666666666668,97.16666666666667,3.6,350,,
2023-10-28T11:00:00.000000+0000,,8.799999999999999,97.73333333333333,3.4,348,,
2023-10-28T12:00:00.000000+0000,,9.116666666666665,97.11666666666667,2.5,15,,
2023-10-28T13:00:00.000000+0000,,8.383333333333333,99.28333333333335,4.0,356,,
2023-10-28T14:00:00.000000+0000,,7.866666666666666,99.3,2.7,341,,
2023-10-28T15:00:00.000000+0000,,6.766666666666667,99.28333333333335,2.3,350,,
2023-10-28T16:00:00.000000+0000,,5.7,94.8,2.1,174,,
2023-10-28T17:00:00.000000+0000,,5.666666666666667,94.51666666666667,1.8,195,,
2023-10-28T18:00:00.000000+0000,,5.816666666666666,99.25,1.3,221,,
2023-10-28T19:00:00.000000+0000,,5.466666666666666,86.26666666666667,1.7,141,,
2023-10-28T20:00:00.000000+0000,,6.266666666666667,82.41666666666666,6.9,151,,
2023-10-28T21:00:00.000000+0000,,6.25,86.68333333333334,5.5,158,,
2023-10-28T22:00:00.000000+0000,,5.833333333333333,88.68333333333334,2.9,198,,
2023-10-28T23:00:00.000000+0000,,5.266666666666667,91.81666666666666,3.5,159,,
2023-10-29T00:00:00.000000+0000,,4.866666666666666,97.68333333333334,1.5,235,,
2023-10-29T01:00:00.000000+0000,,4.166666666666666,98.8,0.4,270,,
2023-10-29T02:00:00.000000+0000,,3.6833333333333336,91.66666666666667,0.6,90,,
2023-10-29T03:00:00.000000+0000,,3.933333333333333,94.76666666666665,1.8,138,,
2023-10-29T04:00:00.000000+0000,,5.933333333333334,93.91666666666667,2.0,180,,
2023-10-29T05:00:00.000000+0000,,6.75,95.91666666666667,1.9,252,,
2023-10-29T06:00:00.000000+0000,,7.383333333333334,98.11666666666667,2.0,278,,
2023-10-29T07:00:00.000000+0000,,7.55,99.3,3.5,299,,
2023-10-29T08:00:00.000000+0000,,7.3500000000000005,99.3,2.7,308,,
2023-10-29T09:00:00.000000+0000,,7.216666666666666,99.3,2.8,318,,
2023-10-29T10:00:00.000000+0000,,7.466666666666668,99.3,3.0,280,,
2023-10-29T11:00:00.000000+0000,,7.616666666666667,99.3,3.1,309,,
2023-10-29T12:00:00.000000+0000,,7.6499999999999995,99.3,4.3,284,,
2023-10-29T13:00:00.000000+0000,,7.75,99.3,3.4,285,,
2023-10-29T14:00:00.000000+0000,,7.866666666666666,99.3,1.8,294,,
2023-10-29T15:00:00.000000+0000,,7.449999999999999,99.3,1.5,311,,
2023-10-29T16:00:00.000000+0000,,6.416666666666667,99.3,1.7,37,,
2023-10-29T17:00:00.000000+0000,,4.916666666666667,99.3,1.4,110,,
2023-10-29T18:00:00.000000+0000,,4.416666666666667,99.3,1.1,159,,
2023-10-29T19:00:00.000000+0000,,5.349999999999999,88.95,1.9,170,,
2023-10-29T20:00:00.000000+0000,,6.516666666666666,89.56666666666666,4.2,160,,
2023-10-29T21:00:00.000000+0000,,6.233333333333334,96.73333333333335,5.1,153,,
2023-10-29T22:00:00.000000+0000,,5.766666666666667,94.43333333333334,2.0,205,,
2023-10-29T23:00:00.000000+0000,,5.75,98.01666666666667,3.1,137,,
2023-10-30T00:00:00.000000+0000,,6.183333333333334,94.96666666666665,2.8,154,,
2023-10-30T01:00:00.000000+0000,,5.800000000000001,98.95,1.3,225,,
2023-10-30T02:00:00.000000+0000,,5.75,99.28333333333335,1.1,76,,
2023-10-30T03:00:00.000000+0000,,6.2,96.64999999999999,1.2,195,,
2023-10-30T04:00:00.000000+0000,,7.6000000000000005,90.16666666666667,2.2,180,,
2023-10-30T05:00:00.000000+0000,,7.433333333333334,95.91666666666667,1.7,270,,
2023-10-30T06:00:00.000000+0000,,7.683333333333334,99.3,2.4,288,,
2023-10-30T07:00:00.000000+0000,,9.783333333333333,95.06666666666666,1.8,307,,
2023-10-30T08:00:00.000000+0000,,8.799999999999999,,2.3,23,,
2023-10-30T09:00:00.000000+0000,,8.916666666666666,99.3,1.4,,,
2023-10-30T10:00:00.000000+0000,,9.816666666666665,91.7,2.1,100,,
2023-10-30T11:00:00.000000+0000,,8.783333333333333,99.3,3.0,304,,
2023-10-30T12:00:00.000000+0000,,8.516666666666666,99.3,3.3,323,,
2023-10-30T13:00:00.000000+0000,,11.066666666666665,69.85,2.9,357,,
2023-10-30T14:00:00.000000+0000,,9.633333333333335,78.11666666666666,4.0,120,,
2023-10-30T15:00:00.000000+0000,,6.95,99.3,2.9,140,,
2023-10-30T16:00:00.000000+0000,,6.033333333333332,99.3,1.8,207,,
2023-10-30T17:00:00.000000+0000,,5.383333333333333,99.3,2.3,234,,
2023-10-30T18:00:00.000000+0000,,5.816666666666666,91.51666666666667,1.6,238,,
2023-10-30T19:00:00.000000+0000,,5.733333333333334,90.96666666666668,5.6,158,,
2023-10-30T20:00:00.000000+0000,,6.233333333333333,79.83333333333333,2.7,185,,
2023-10-30T21:00:00.000000+0000,,6.3500000000000005,88.86666666666667,8.2,156,,
2023-10-30T22:00:00.000000+0000,,6.366666666666667,,11.5,,,
2023-10-30T23:00:00.000000+0000,,6.183333333333334,,11.6,,,
2023-10-31T00:00:00.000000+0000,,6.0,,10.2,,,
2023-10-31T01:00:00.000000+0000,,5.533333333333334,90.25,8.8,,,
2023-10-31T02:00:00.000000+0000,,5.433333333333334,91.46666666666665,7.8,,,
2023-10-31T03:00:00.000000+0000,,5.7,97.64999999999999,5.9,152,,
2023-10-31T04:00:00.000000+0000,,6.8,91.61666666666667,9.6,134,,
2023-10-31T05:00:00.000000+0000,,10.066666666666665,74.58333333333333,10.1,140,,
2023-10-31T06:00:00.000000+0000,,11.483333333333333,57.46666666666667,8.7,145,,
2023-10-31T07:00:00.000000+0000,,12.4,56.61666666666667,8.6,135,,
2023-10-31T08:00:00.000000+0000,,12.533333333333333,59.8,7.3,125,,
2023-10-31T09:00:00.000000+0000,,12.85,57.06666666666666,5.5,,,
2023-10-31T10:00:00.000000+0000,,12.733333333333334,58.53333333333333,5.8,111,,
2023-10-31T11:00:00.000000+0000,,11.9,68.25,4.5,124,,
2023-10-31T12:00:00.000000+0000,,9.566666666666668,99.25,3.7,238,,
2023-10-31T13:00:00.000000+0000,,9.466666666666667,97.94999999999999,3.6,294,,
2023-10-31T14:00:00.000000+0000,,9.1,96.83333333333333,4.0,279,,
2023-10-31T15:00:00.000000+0000,,7.366666666666666,99.3,3.5,256,,
2023-10-31T16:00:00.000000+0000,,6.666666666666667,95.89999999999999,2.0,241,,
2023-10-31T17:00:00.000000+0000,,6.3500000000000005,99.23333333333333,1.2,261,,
2023-10-31T18:00:00.000000+0000,,6.25,96.28333333333335,1.6,228,,
2023-10-31T19:00:00.000000+0000,,6.266666666666667,99.3,1.5,265,,
2023-10-31T20:00:00.000000+0000,,5.066666666666666,99.06666666666666,1.4,239,,
2023-10-31T21:00:00.000000+0000,,5.3,99.13333333333333,2.9,221,,
2023-10-31T22:00:00.000000+0000,,5.766666666666667,95.55,1.9,236,,
2023-10-31T23:00:00.000000+0000,,6.233333333333333,98.53333333333335,3.0,198,,
2023-11-01T00:00:00.000000+0000,,6.066666666666666,99.28333333333335,3.1,240,,
2023-11-01T01:00:00.000000+0000,,5.949999999999999,99.3,2.2,246,,
2023-11-01T02:00:00.000000+0000,,6.3999999999999995,99.26666666666667,1.1,207,,
2023-11-01T03:00:00.000000+0000,,6.366666666666667,98.0,1.4,58,,
2023-11-01T04:00:00.000000+0000,,7.733333333333333,78.88333333333333,3.7,169,,
2023-11-01T05:00:00.000000+0000,,8.3,88.71666666666668,4.1,191,,
2023-11-01T06:00:00.000000+0000,,9.3,83.65,3.4,174,,
2023-11-01T07:00:00.000000+0000,,11.166666666666666,67.31666666666668,4.9,161,,
2023-11-01T08:00:00.000000+0000,,12.4,61.0,7.2,137,,
2023-11-01T09:00:00.000000+0000,,12.116666666666667,60.916666666666664,6.0,112,,
2023-11-01T10:00:00.000000+0000,,10.966666666666667,74.88333333333334,5.5,100,,
2023-11-01T11:00:00.000000+0000,,11.566666666666665,73.05,4.2,109,,
2023-11-01T12:00:00.000000+0000,,8.716666666666667,98.58333333333333,4.1,105,,
2023-11-01T13:00:00.000000+0000,,8.283333333333333,99.3,2.4,311,,
2023-11-01T14:00:00.000000+0000,,8.833333333333332,89.13333333333334,1.0,342,,
2023-11-01T15:00:00.000000+0000,,7.249999999999999,90.23333333333333,2.8,111,,
2023-11-01T16:00:00.000000+0000,,6.283333333333334,86.23333333333333,2.7,124,,
2023-11-01T17:00:00.000000+0000,,5.6000000000000005,89.11666666666666,4.7,143,,
2023-11-01T18:00:00.000000+0000,,6.3500000000000005,87.31666666666666,3.7,137,,
2023-11-01T19:00:00.000000+0000,,6.766666666666667,86.51666666666667,4.6,138,,
2023-11-01T20:00:00.000000+0000,,6.983333333333333,88.68333333333335,3.3,129,,
2023-11-01T21:00:00.000000+0000,,6.183333333333334,96.73333333333333,4.0,139,,
2023-11-01T22:00:00.000000+0000,,6.0,98.7,1.3,212,,
2023-11-01T23:00:00.000000+0000,,5.783333333333334,93.91666666666667,1.5,193,,
2023-11-02T00:00:00.000000+0000,,5.683333333333334,97.38333333333333,2.1,118,,
2023-11-02T01:00:00.000000+0000,,5.283333333333332,99.25,2.2,228,,
2023-11-02T02:00:00.000000+0000,,5.016666666666667,99.2,2.1,186,,
2023-11-02T03:00:00.000000+0000,,5.3500000000000005,98.53333333333335,1.7,229,,
2023-11-02T04:00:00.000000+0000,,5.666666666666667,99.28333333333335,1.5,216,,
2023-11-02T05:00:00.000000+0000,,6.116666666666667,99.3,1.4,240,,
2023-11-02T06:00:00.000000+0000,,6.983333333333334,99.3,2.0,263,,
2023-11-02T07:00:00.000000+0000,,7.633333333333334,99.3,1.4,5,,
2023-11-02T08:00:00.000000+0000,,7.283333333333332,99.3,2.5,15,,
2023-11-02T09:00:00.000000+0000,,8.15,99.06666666666666,2.6,5,,
2023-11-02T10:00:00.000000+0000,,8.433333333333334,97.66666666666667,3.7,62,,
2023-11-02T11:00:00.000000+0000,,7.733333333333333,99.3,4.7,338,,
2023-11-02T12:00:00.000000+0000,,7.8999999999999995,99.3,3.5,340,,
2023-11-02T13:00:00.000000+0000,,8.25,99.3,2.4,280,,
2023-11-02T14:00:00.000000+0000,,8.033333333333333,99.3,3.0,274,,
2023-11-02T15:00:00.000000+0000,,7.3500000000000005,99.3,2.7,291,,
2023-11-02T16:00:00.000000+0000,,6.333333333333333,99.3,1.0,59,,
2023-11-02T17:00:00.000000+0000,,6.016666666666666,99.3,0.8,153,,
2023-11-02T18:00:00.000000+0000,,6.283333333333334,99.3,0.9,211,,
2023-11-02T19:00:00.000000+0000,,6.333333333333333,99.3,1.1,27,,
2023-11-02T20:00:00.000000+0000,,6.233333333333333,99.3,1.3,315,,
2023-11-02T21:00:00.000000+0000,,5.983333333333333,99.3,1.4,219,,
2023-11-02T22:00:00.000000+0000,,5.150000000000001,99.3,1.2,186,,
2023-11-02T23:00:00.000000+0000,,5.3500000000000005,99.3,0.7,315,,
2023-11-03T00:00:00.000000+0000,,5.316666666666666,99.3,2.3,189,,
2023-11-03T01:00:00.000000+0000,,5.316666666666667,98.94999999999999,1.6,192,,
2023-11-03T02:00:00.000000+0000,,5.633333333333333,99.3,2.1,156,,
2023-11-03T03:00:00.000000+0000,,6.25,99.3,2.2,233,,
2023-11-03T04:00:00.000000+0000,,7.333333333333333,99.3,1.5,243,,
2023-11-03T05:00:00.000000+0000,,7.133333333333334,99.3,1.6,284,,
2023-11-03T06:00:00.000000+0000,,7.616666666666667,99.36666666666666,1.6,342,,
2023-11-03T07:00:00.000000+0000,,7.533333333333332,99.39999999999999,2.7,317,,
2023-11-03T08:00:00.000000+0000,,7.75,99.39999999999999,3.2,310,,
2023-11-03T09:00:00.000000+0000,,7.833333333333333,99.39999999999999,2.4,300,,
2023-11-03T10:00:00.000000+0000,,8.166666666666666,99.39999999999999,2.5,310,,
2023-11-03T11:00:00.000000+0000,,7.933333333333334,99.39999999999999,3.5,321,,
2023-11-03T12:00:00.000000+0000,,7.283333333333332,99.39999999999999,3.7,352,,
2023-11-03T13:00:00.000000+0000,,7.1499999999999995,99.39999999999999,1.5,4,,
2023-11-03T14:00:00.000000+0000,,6.416666666666667,99.39999999999999,1.9,25,,
2023-11-03T15:00:00.000000+0000,,6.966666666666668,99.39999999999999,1.7,176,,
2023-11-03T16:00:00.000000+0000,,6.749999999999999,99.39999999999999,2.1,267,,
2023-11-03T17:00:00.000000+0000,,6.766666666666667,99.39999999999999,1.1,249,,
2023-11-03T18:00:00.000000+0000,,6.466666666666666,99.39999999999999,1.3,27,,
2023-11-03T19:00:00.000000+0000,,6.116666666666667,99.39999999999999,0.8,270,,
2023-11-03T20:00:00.000000+0000,,5.916666666666665,99.39999999999999,1.5,249,,
2023-11-03T21:00:00.000000+0000,,5.666666666666667,99.39999999999999,1.6,248,,
2023-11-03T22:00:00.000000+0000,,5.783333333333332,99.39999999999999,1.1,207,,
2023-11-03T23:00:00.000000+0000,,5.583333333333333,99.39999999999999,1.2,66,,
2023-11-04T00:00:00.000000+0000,,5.683333333333334,99.39999999999999,2.0,106,,
2023-11-04T01:00:00.000000+0000,,5.75,99.39999999999999,1.0,124,,
2023-11-04T02:00:00.000000+0000,,5.766666666666667,99.39999999999999,0.6,108,,
2023-11-04T03:00:00.000000+0000,,5.916666666666667,99.39999999999999,1.0,234,,
2023-11-04T04:00:00.000000+0000,,6.983333333333333,99.39999999999999,1.2,105,,
2023-11-04T05:00:00.000000+0000,,7.466666666666666,99.39999999999999,2.2,35,,
2023-11-04T06:00:00.000000+0000,,8.883333333333333,96.01666666666667,2.3,341,,
2023-11-04T07:00:00.000000+0000,,11.350000000000001,82.7,3.9,90,,
2023-11-04T08:00:00.000000+0000,,10.850000000000001,90.21666666666665,7.7,95,,
2023-11-04T09:00:00.000000+0000,,8.65,99.39999999999999,6.3,35,,
2023-11-04T10:00:00.000000+0000,,7.966666666666666,99.38333333333333,4.1,151,,
2023-11-04T11:00:00.000000+0000,,7.966666666666666,99.39999999999999,3.0,32,,
2023-11-04T12:00:00.000000+0000,,8.333333333333334,99.39999999999999,2.3,297,,
2023-11-04T13:00:00.000000+0000,,8.916666666666666,99.38333333333333,2.1,307,,
2023-11-04T14:00:00.000000+0000,,8.65,99.36666666666666,2.3,327,,
2023-11-04T15:00:00.000000+0000,,7.066666666666666,90.18333333333334,3.3,10,,
2023-11-04T16:00:00.000000+0000,,6.933333333333334,75.96666666666667,5.8,129,,
2023-11-04T17:00:00.000000+0000,,7.333333333333333,68.18333333333332,5.8,136,,
2023-11-04T18:00:00.000000+0000,,7.133333333333334,70.11666666666667,7.0,144,,
2023-11-04T19:00:00.000000+0000,,7.433333333333334,85.43333333333334,5.3,148,,
2023-11-04T20:00:00.000000+0000,,7.583333333333333,74.03333333333335,6.3,150,,
2023-11-04T21:00:00.000000+0000,,7.116666666666667,79.25,6.4,138,,
2023-11-04T22:00:00.000000+0000,,7.033333333333332,76.26666666666667,5.5,146,,
2023-11-04T23:00:00.000000+0000,,5.8999999999999995,85.8,5.6,144,,
2023-11-05T00:00:00.000000+0000,,6.199999999999999,92.11666666666667,2.7,153,,
2023-11-05T01:00:00.000000+0000,,6.5,91.81666666666668,2.2,98,,
2023-11-05T02:00:00.000000+0000,,6.716666666666666,79.93333333333332,4.6,148,,
2023-11-05T03:00:00.000000+0000,,6.699999999999999,72.68333333333334,8.7,133,,
2023-11-05T04:00:00.000000+0000,,8.633333333333335,68.56666666666666,8.3,139,,
2023-11-05T05:00:00.000000+0000,,10.25,63.31666666666667,7.9,128,,
2023-11-05T06:00:00.000000+0000,,10.450000000000001,72.73333333333333,7.4,114,,
2023-11-05T07:00:00.000000+0000,,10.133333333333335,85.91666666666667,5.6,99,,
2023-11-05T08:00:00.000000+0000,,7.699999999999999,99.36666666666666,3.3,30,,
2023-11-05T09:00:00.000000+0000,,7.833333333333332,99.39999999999999,3.0,276,,
2023-11-05T10:00:00.000000+0000,,7.95,99.39999999999999,3.2,290,,
2023-11-05T11:00:00.000000+0000,,8.6,99.39999999999999,2.3,295,,
2023-11-05T12:00:00.000000+0000,,8.316666666666666,99.39999999999999,4.6,30,,
2023-11-05T13:00:00.000000+0000,,9.366666666666665,92.10000000000001,5.6,107,,
2023-11-05T14:00:00.000000+0000,,8.133333333333333,99.3,1.6,63,,
2023-11-05T15:00:00.000000+0000,,6.733333333333333,99.3,2.2,45,,
2023-11-05T16:00:00.000000+0000,,6.5,94.89999999999999,2.8,173,,
2023-11-05T17:00:00.000000+0000,,6.6499999999999995,87.48333333333333,1.9,184,,
2023-11-05T18:00:00.000000+0000,,6.166666666666667,95.56666666666666,2.9,182,,
2023-11-05T19:00:00.000000+0000,,6.283333333333334,87.31666666666666,4.0,157,,
2023-11-05T20:00:00.000000+0000,,6.466666666666666,83.64999999999999,2.4,177,,
2023-11-05T21:00:00.000000+0000,,6.0,88.23333333333333,6.3,126,,
2023-11-05T22:00:00.000000+0000,,6.516666666666667,88.05000000000001,3.7,142,,
2023-11-05T23:00:00.000000+0000,,6.6833333333333345,90.41666666666667,3.6,118,,
2023-11-06T00:00:00.000000+0000,,5.883333333333333,95.48333333333335,4.1,115,,
2023-11-06T01:00:00.000000+0000,,5.5,91.26666666666667,2.0,141,,
2023-11-06T02:00:00.000000+0000,,5.633333333333334,90.44999999999999,5.8,,,
2023-11-06T03:00:00.000000+0000,,6.449999999999999,86.90000000000002,8.6,142,,
2023-11-06T04:00:00.000000+0000,,7.716666666666666,86.3,6.2,127,,
2023-11-06T05:00:00.000000+0000,,9.733333333333333,78.86666666666666,3.9,118,,
2023-11-06T06:00:00.000000+0000,,9.65,93.93333333333332,4.5,95,,
2023-11-06T07:00:00.000000+0000,,8.983333333333334,98.5,3.3,4,,
2023-11-06T08:00:00.000000+0000,,8.366666666666667,99.3,3.3,4,,
2023-11-06T09:00:00.000000+0000,,8.85,99.38333333333333,4.1,21,,
2023-11-06T10:00:00.000000+0000,,8.266666666666667,99.40000000000002,4.7,344,,
2023-11-09T13:00:00.000000+0000,,7.8,99.4,,,,
2023-11-09T14:00:00.000000+0000,,7.7,99.39999999999999,1.5,299,,
2023-11-09T15:00:00.000000+0000,,7.449999999999999,99.39999999999999,1.5,16,,
2023-11-09T16:00:00.000000+0000,,7.416666666666667,99.39999999999999,1.1,320,,
2023-11-09T17:00:00.000000+0000,,6.8999999999999995,99.39999999999999,2.1,270,,
2023-11-09T18:00:00.000000+0000,,6.050000000000001,99.39999999999999,1.1,99,,
2023-11-09T19:00:00.000000+0000,,6.483333333333333,99.39999999999999,1.7,38,,
2023-11-09T20:00:00.000000+0000,,6.283333333333334,99.39999999999999,1.0,96,,
2023-11-09T21:00:00.000000+0000,,5.883333333333333,99.39999999999999,1.4,73,,
2023-11-09T22:00:00.000000+0000,,5.466666666666666,99.39999999999999,1.8,167,,
2023-11-09T23:00:00.000000+0000,,4.9,99.26666666666667,2.0,183,,
2023-11-10T00:00:00.000000+0000,,5.199999999999999,99.2,1.3,189,,
2023-11-10T01:00:00.000000+0000,,5.183333333333333,97.78333333333332,2.7,180,,
2023-11-10T02:00:00.000000+0000,,5.216666666666668,99.2,1.0,166,,
2023-11-10T03:00:00.000000+0000,,5.233333333333333,97.75,1.0,180,,
2023-11-10T04:00:00.000000+0000,,7.25,92.86666666666666,1.8,198,,
2023-11-10T05:00:00.000000+0000,,7.9333333333333345,95.21666666666665,0.7,254,,
2023-11-10T06:00:00.000000+0000,,8.583333333333332,99.25,1.5,324,,
2023-11-10T07:00:00.000000+0000,,8.5,99.38333333333333,2.6,355,,
2023-11-10T08:00:00.000000+0000,,8.233333333333334,99.39999999999999,3.3,11,,
2023-11-10T09:00:00.000000+0000,,7.650000000000001,99.39999999999999,4.1,4,,
2023-11-10T10:00:00.000000+0000,,7.949999999999999,99.39999999999999,3.7,293,,
2023-11-10T11:00:00.000000+0000,,7.599999999999999,99.39999999999999,3.1,343,,
2023-11-10T12:00:00.000000+0000,,7.766666666666668,99.39999999999999,2.5,360,,
2023-11-10T13:00:00.000000+0000,,8.183333333333334,99.39999999999999,2.1,90,,
2023-11-10T14:00:00.000000+0000,,7.5,99.39999999999999,2.1,3,,
2023-11-10T15:00:00.000000+0000,,7.25,99.39999999999999,1.1,306,,
2023-11-10T16:00:00.000000+0000,,7.1000000000000005,99.39999999999999,1.2,281,,
2023-11-10T17:00:00.000000+0000,,6.599999999999999,99.39999999999999,0.5,315,,
2023-11-10T18:00:00.000000+0000,,6.500000000000001,99.39999999999999,1.2,124,,
2023-11-10T19:00:00.000000+0000,,6.533333333333332,99.39999999999999,1.2,195,,
2023-11-10T20:00:00.000000+0000,,6.466666666666668,99.39999999999999,1.8,96,,
2023-11-10T21:00:00.000000+0000,,6.400000000000001,99.39999999999999,2.6,104,,
2023-11-10T22:00:00.000000+0000,,6.266666666666667,99.39999999999999,4.8,100,,
2023-11-10T23:00:00.000000+0000,,5.783333333333332,99.39999999999999,5.8,86,,
2023-11-11T00:00:00.000000+0000,,5.416666666666667,99.39999999999999,5.4,107,,
2023-11-11T01:00:00.000000+0000,,5.849999999999999,99.39999999999999,6.3,117,,
2023-11-11T02:00:00.000000+0000,,6.133333333333334,99.33333333333333,6.4,127,,
2023-11-11T03:00:00.000000+0000,,6.366666666666667,99.35000000000001,7.3,124,,
2023-11-11T04:00:00.000000+0000,,7.466666666666666,99.26666666666667,5.7,141,,
2023-11-11T05:00:00.000000+0000,,9.366666666666669,96.83333333333333,4.3,115,,
2023-11-11T06:00:00.000000+0000,,7.75,99.38333333333333,2.9,138,,
2023-11-11T07:00:00.000000+0000,,7.050000000000001,99.39999999999999,3.1,282,,
2023-11-11T08:00:00.000000+0000,,6.0,99.39999999999999,3.4,277,,
2023-11-11T09:00:00.000000+0000,,6.550000000000001,99.39999999999999,2.3,267,,
2023-11-11T10:00:00.000000+0000,,6.866666666666667,99.39999999999999,2.0,282,,
2023-11-11T11:00:00.000000+0000,,6.8999999999999995,99.39999999999999,1.7,18,,
2023-11-11T12:00:00.000000+0000,,8.116666666666665,99.39999999999999,1.0,329,,
2023-11-11T13:00:00.000000+0000,,7.566666666666666,99.39999999999999,3.2,333,,
2023-11-11T14:00:00.000000+0000,,7.55,99.39999999999999,1.9,297,,
2023-11-11T15:00:00.000000+0000,,7.166666666666667,99.39999999999999,1.9,276,,
2023-11-11T16:00:00.000000+0000,,6.783333333333332,99.39999999999999,1.5,104,,
2023-11-11T17:00:00.000000+0000,,6.899999999999999,99.4,1.9,355,,
2023-11-11T18:00:00.000000+0000,,6.6000000000000005,,0.2,,,
2023-11-11T19:00:00.000000+0000,,6.283333333333334,,0.6,,,
2023-11-11T20:00:00.000000+0000,,6.0,99.4,1.1,,,
2023-11-11T21:00:00.000000+0000,,6.033333333333334,99.39999999999999,1.4,,,
2023-11-11T22:00:00.000000+0000,,6.3166666666666655,99.39999999999999,2.1,236,,
2023-11-11T23:00:00.000000+0000,,6.133333333333334,99.39999999999999,1.0,247,,
2023-11-12T00:00:00.000000+0000,,6.283333333333334,99.39999999999999,1.2,79,,
2023-11-12T01:00:00.000000+0000,,,,1.0,45,,
2023-11-12T14:00:00.000000+0000,,8.166666666666666,99.40000000000002,,,,
2023-11-12T15:00:00.000000+0000,,7.8,99.26666666666665,3.3,68,,
2023-11-12T16:00:00.000000+0000,,7.483333333333333,99.3,4.6,99,,
2023-11-12T17:00:00.000000+0000,,7.300000000000001,99.28333333333335,6.0,108,,
2023-11-12T18:00:00.000000+0000,,7.033333333333332,99.31666666666666,4.0,100,,
2023-11-12T19:00:00.000000+0000,,6.900000000000001,99.3,9.6,110,,
2023-11-12T20:00:00.000000+0000,,6.95,98.06666666666666,10.2,118,,
2023-11-12T21:00:00.000000+0000,,6.966666666666666,98.41666666666667,8.9,130,,
2023-11-12T22:00:00.000000+0000,,6.95,97.71666666666665,6.8,128,,
2023-11-12T23:00:00.000000+0000,,6.716666666666666,99.26666666666667,8.3,125,,
2023-11-13T00:00:00.000000+0000,,6.7,99.3,9.5,113,,
2023-11-13T01:00:00.000000+0000,,6.633333333333333,99.3,9.3,108,,
2023-11-13T02:00:00.000000+0000,,6.516666666666667,99.3,12.6,118,,
2023-11-13T03:00:00.000000+0000,,6.633333333333334,99.25,13.2,124,,
2023-11-13T04:00:00.000000+0000,,6.916666666666667,99.23333333333335,8.1,132,,
2023-11-13T05:00:00.000000+0000,,8.1,92.96666666666665,7.4,122,,
2023-11-13T06:00:00.000000+0000,,8.1,97.61666666666667,8.7,121,,
2023-11-13T07:00:00.000000+0000,,9.450000000000001,88.31666666666666,9.4,109,,
2023-11-13T08:00:00.000000+0000,,11.0,75.13333333333334,10.1,117,,
2023-11-13T09:00:00.000000+0000,,11.983333333333334,68.85000000000001,7.6,110,,
2023-11-13T10:00:00.000000+0000,,11.316666666666665,70.18333333333332,7.3,116,,
2023-11-13T11:00:00.000000+0000,,12.0,65.88333333333334,6.8,124,,
2023-11-13T12:00:00.000000+0000,,12.5,74.24999999999999,4.8,111,,
2023-11-13T13:00:00.000000+0000,,10.116666666666667,96.46666666666668,3.8,40,,
2023-11-13T14:00:00.000000+0000,,8.9,99.2,3.2,2,,
2023-11-13T15:00:00.000000+0000,,7.050000000000001,68.5,4.4,,,
2023-11-13T16:00:00.000000+0000,,7.266666666666666,68.51666666666667,6.8,122,,
2023-11-13T17:00:00.000000+0000,,6.666666666666665,77.18333333333334,8.3,133,,
2023-11-13T18:00:00.000000+0000,,6.516666666666667,79.31666666666666,8.1,142,,
2023-11-13T19:00:00.000000+0000,,6.8500000000000005,80.96666666666668,9.0,140,,
2023-11-13T20:00:00.000000+0000,,6.8500000000000005,90.11666666666667,8.9,131,,
2023-11-13T21:00:00.000000+0000,,6.8500000000000005,90.31666666666666,6.9,133,,
2023-11-13T22:00:00.000000+0000,,6.616666666666666,95.2,2.8,150,,
2023-11-13T23:00:00.000000+0000,,5.8500000000000005,99.28333333333335,3.1,122,,
2023-11-14T00:00:00.000000+0000,,6.199999999999999,99.2,2.3,123,,
2023-11-14T01:00:00.000000+0000,,5.800000000000001,99.16666666666667,3.6,125,,
2023-11-14T02:00:00.000000+0000,,5.166666666666667,99.3,6.5,107,,
2023-11-14T03:00:00.000000+0000,,5.216666666666667,99.26666666666667,9.1,113,,
2023-11-14T04:00:00.000000+0000,,5.533333333333334,99.28333333333335,8.0,125,,
2023-11-14T05:00:00.000000+0000,,6.366666666666667,96.8,9.2,131,,
2023-11-14T06:00:00.000000+0000,,8.200000000000001,87.83333333333331,9.3,136,,
2023-11-14T07:00:00.000000+0000,,11.250000000000002,76.83333333333333,6.6,128,,
2023-11-14T08:00:00.000000+0000,,12.566666666666665,67.46666666666667,7.0,121,,
2023-11-14T09:00:00.000000+0000,,10.966666666666667,75.48333333333333,7.2,125,,
2023-11-14T10:00:00.000000+0000,,12.0,66.06666666666668,5.5,148,,
2023-11-14T11:00:00.000000+0000,,11.916666666666666,74.0,6.3,134,,
2023-11-14T12:00:00.000000+0000,,9.166666666666666,99.31666666666666,3.8,86,,
2023-11-14T13:00:00.000000+0000,,8.833333333333334,99.39999999999999,2.9,318,,
2023-11-14T14:00:00.000000+0000,,8.116666666666667,99.39999999999999,3.3,350,,
2023-11-14T15:00:00.000000+0000,,7.383333333333334,90.60000000000001,1.4,340,,
2023-11-14T16:00:00.000000+0000,,7.416666666666667,79.25000000000001,3.9,142,,
2023-11-14T17:00:00.000000+0000,,7.266666666666667,76.39999999999999,6.4,141,,
2023-11-14T18:00:00.000000+0000,,7.416666666666667,76.33333333333334,6.4,150,,
2023-11-14T19:00:00.000000+0000,,6.616666666666667,78.96666666666665,6.5,138,,
2023-11-14T20:00:00.000000+0000,,7.25,77.3,5.3,149,,
2023-11-14T21:00:00.000000+0000,,6.983333333333332,83.68333333333335,6.2,135,,
2023-11-14T22:00:00.000000+0000,,7.3999999999999995,86.0,5.4,140,,
2023-11-14T23:00:00.000000+0000,,6.900000000000001,92.26666666666667,7.1,140,,
2023-11-15T00:00:00.000000+0000,,6.699999999999999,95.05,5.4,130,,
2023-11-15T01:00:00.000000+0000,,5.1000000000000005,90.35000000000001,3.0,175,,
2023-11-15T02:00:00.000000+0000,,5.75,78.73333333333333,3.7,152,,
2023-11-15T03:00:00.000000+0000,,6.983333333333333,85.11666666666666,6.7,141,,
2023-11-15T04:00:00.000000+0000,,9.033333333333333,79.85000000000001,3.5,163,,
2023-11-15T05:00:00.000000+0000,,8.616666666666667,87.95,3.9,153,,
2023-11-15T06:00:00.000000+0000,,10.416666666666666,71.23333333333333,1.8,337,,
2023-11-15T07:00:00.000000+0000,,12.283333333333333,61.81666666666666,5.2,126,,
2023-11-15T08:00:00.000000+0000,,8.8,98.64999999999999,4.6,87,,
2023-11-15T09:00:00.000000+0000,,9.383333333333333,97.08333333333331,2.8,324,,
2023-11-15T10:00:00.000000+0000,,9.116666666666665,99.30000000000001,3.3,330,,
2023-11-15T11:00:00.000000+0000,,8.799999999999999,99.33333333333333,3.5,353,,
2023-11-15T12:00:00.000000+0000,,9.183333333333334,99.31666666666666,2.2,299,,
2023-11-15T13:00:00.000000+0000,,9.0,99.3,2.4,351,,
2023-11-15T14:00:00.000000+0000,,8.716666666666667,95.81666666666666,1.9,336,,
2023-11-15T15:00:00.000000+0000,,7.733333333333333,84.26666666666667,2.4,101,,
2023-11-15T16:00:00.000000+0000,,8.4,82.28333333333332,3.4,158,,
2023-11-15T17:00:00.000000+0000,,7.766666666666666,90.53333333333335,4.2,161,,
2023-11-15T18:00:00.000000+0000,,7.116666666666666,94.93333333333334,1.4,249,,
2023-11-15T19:00:00.000000+0000,,6.433333333333334,86.5,2.7,184,,
2023-11-15T20:00:00.000000+0000,,6.883333333333334,88.60000000000001,4.4,155,,
2023-11-15T21:00:00.000000+0000,,6.666666666666667,91.39999999999999,4.9,158,,
2023-11-15T22:00:00.000000+0000,,5.5,99.34999999999998,3.3,168,,
2023-11-15T23:00:00.000000+0000,,5.55,99.35000000000001,2.3,219,,
2023-11-16T00:00:00.000000+0000,,5.216666666666668,99.3,1.9,216,,
2023-11-16T01:00:00.000000+0000,,4.95,97.69999999999999,1.3,235,,
2023-11-16T02:00:00.000000+0000,,5.3,94.26666666666665,2.0,153,,
2023-11-16T03:00:00.000000+0000,,6.166666666666667,90.55000000000001,3.5,130,,
2023-11-16T04:00:00.000000+0000,,8.416666666666666,84.31666666666666,4.9,134,,
2023-11-16T05:00:00.000000+0000,,10.866666666666667,72.48333333333333,7.4,137,,
2023-11-16T06:00:00.000000+0000,,12.133333333333333,68.53333333333332,7.7,134,,
2023-11-16T07:00:00.000000+0000,,12.333333333333334,68.83333333333333,6.4,125,,
2023-11-16T08:00:00.000000+0000,,11.283333333333333,88.14999999999999,6.2,110,,
2023-11-16T09:00:00.000000+0000,,9.933333333333334,99.34999999999998,2.4,278,,
2023-11-16T10:00:00.000000+0000,,9.9,99.28333333333332,3.7,352,,
2023-11-16T11:00:00.000000+0000,,10.05,99.23333333333333,3.2,10,,
2023-11-16T12:00:00.000000+0000,,9.216666666666667,99.3,2.4,331,,
2023-11-16T13:00:00.000000+0000,,9.116666666666667,99.3,2.7,5,,
2023-11-16T14:00:00.000000+0000,,8.383333333333333,95.05,2.9,23,,
2023-11-16T15:00:00.000000+0000,,7.383333333333334,70.66666666666667,2.7,127,,
2023-11-16T16:00:00.000000+0000,,7.5,61.56666666666666,5.6,147,,
2023-11-16T17:00:00.000000+0000,,7.516666666666667,53.78333333333333,7.6,145,,
2023-11-16T18:00:00.000000+0000,,7.633333333333333,54.31666666666666,9.8,143,,
2023-11-16T19:00:00.000000+0000,,7.7,55.68333333333333,9.6,137,,
2023-11-16T20:00:00.000000+0000,,7.683333333333334,56.38333333333333,9.6,138,,
2023-11-16T21:00:00.000000+0000,,7.8500000000000005,58.18333333333333,9.1,138,,
2023-11-16T22:00:00.000000+0000,,7.533333333333332,61.01666666666667,8.8,135,,
2023-11-16T23:00:00.000000+0000,,7.233333333333333,66.46666666666667,8.7,126,,
2023-11-17T00:00:00.000000+0000,,6.933333333333334,77.36666666666667,8.0,126,,
2023-11-17T01:00:00.000000+0000,,6.75,83.73333333333333,8.0,138,,
2023-11-17T02:00:00.000000+0000,,7.633333333333333,74.73333333333333,9.1,147,,
2023-11-17T03:00:00.000000+0000,,6.8999999999999995,77.68333333333332,10.3,138,,
2023-11-17T04:00:00.000000+0000,,7.583333333333333,76.16666666666667,10.4,136,,
2023-11-17T05:00:00.000000+0000,,9.183333333333332,71.89999999999999,9.7,137,,
2023-11-17T06:00:00.000000+0000,,10.466666666666667,70.06666666666666,9.0,127,,
2023-11-17T07:00:00.000000+0000,,11.600000000000001,66.91666666666667,10.2,120,,
2023-11-17T08:00:00.000000+0000,,12.916666666666666,61.416666666666664,9.6,125,,
2023-11-17T09:00:00.000000+0000,,13.133333333333335,55.71666666666666,9.2,126,,
2023-11-17T10:00:00.000000+0000,,13.016666666666667,55.98333333333333,8.8,115,,
2023-11-17T11:00:00.000000+0000,,13.183333333333335,49.66666666666668,9.2,116,,
2023-11-17T12:00:00.000000+0000,,12.549999999999999,54.5,7.0,101,,
2023-11-17T13:00:00.000000+0000,,12.149999999999999,55.53333333333333,4.6,108,,
2023-11-17T14:00:00.000000+0000,,9.966666666666667,63.449999999999996,5.0,92,,
2023-11-17T15:00:00.000000+0000,,7.949999999999999,64.23333333333333,6.3,124,,
2023-11-17T16:00:00.000000+0000,,7.749999999999999,60.78333333333333,9.1,146,,
2023-11-17T17:00:00.000000+0000,,7.400000000000001,57.51666666666666,9.5,138,,
2023-11-17T18:00:00.000000+0000,,7.0,58.01666666666666,11.5,141,,
2023-11-17T19:00:00.000000+0000,,6.783333333333332,61.11666666666667,9.5,146,,
2023-11-17T20:00:00.000000+0000,,7.05,62.98333333333334,9.9,150,,
2023-11-17T21:00:00.000000+0000,,7.916666666666667,65.13333333333334,8.8,139,,
2023-11-17T22:00:00.000000+0000,,7.0,91.51666666666667,10.2,141,,
2023-11-17T23:00:00.000000+0000,,6.499999999999999,98.78333333333332,8.2,138,,
2023-11-18T00:00:00.000000+0000,,6.766666666666667,95.75,1.3,191,,
2023-11-18T01:00:00.000000+0000,,6.583333333333335,87.95,6.4,156,,
2023-11-18T02:00:00.000000+0000,,7.016666666666667,88.48333333333335,10.6,152,,
2023-11-18T03:00:00.000000+0000,,7.316666666666666,93.68333333333332,9.0,148,,
2023-11-18T04:00:00.000000+0000,,7.083333333333333,87.09999999999998,8.3,141,,
2023-11-18T05:00:00.000000+0000,,9.2,72.66666666666666,8.5,136,,
2023-11-18T06:00:00.000000+0000,,10.9,63.06666666666667,11.0,136,,
2023-11-18T07:00:00.000000+0000,,11.316666666666668,65.61666666666667,10.8,132,,
2023-11-18T08:00:00.000000+0000,,11.016666666666666,70.10000000000001,8.8,122,,
2023-11-18T09:00:00.000000+0000,,12.066666666666665,65.68333333333334,10.0,123,,
2023-11-18T10:00:00.000000+0000,,12.783333333333331,62.28333333333333,10.2,114,,
2023-11-18T11:00:00.000000+0000,,12.75,62.13333333333333,8.8,115,,
2023-11-18T12:00:00.000000+0000,,12.483333333333334,61.75,8.6,93,,
2023-11-18T13:00:00.000000+0000,,12.316666666666668,61.63333333333333,5.3,101,,
2023-11-18T14:00:00.000000+0000,,10.633333333333333,75.38333333333333,5.3,98,,
2023-11-18T15:00:00.000000+0000,,8.200000000000001,94.45,3.1,87,,
2023-11-18T16:00:00.000000+0000,,7.55,94.63333333333334,2.6,137,,
2023-11-18T17:00:00.000000+0000,,7.783333333333334,78.86666666666667,3.7,166,,
2023-11-18T18:00:00.000000+0000,,7.666666666666667,81.45,6.3,146,,
2023-11-18T19:00:00.000000+0000,,7.766666666666667,86.16666666666667,9.5,152,,
2023-11-18T20:00:00.000000+0000,,7.533333333333332,88.7,4.1,175,,
2023-11-18T21:00:00.000000+0000,,7.116666666666667,99.10000000000001,5.6,178,,
2023-11-18T22:00:00.000000+0000,,6.966666666666668,99.34999999999998,2.8,174,,
2023-11-18T23:00:00.000000+0000,,6.900000000000001,99.3,2.4,219,,
2023-11-19T00:00:00.000000+0000,,7.383333333333334,98.48333333333335,2.2,205,,
2023-11-19T01:00:00.000000+0000,,7.033333333333332,97.71666666666668,6.4,148,,
2023-11-19T02:00:00.000000+0000,,6.816666666666666,96.08333333333333,10.3,146,,
2023-11-19T03:00:00.000000+0000,,6.916666666666667,97.14999999999999,9.6,141,,
2023-11-19T04:00:00.000000+0000,,8.833333333333332,87.89999999999999,9.4,139,,
2023-11-19T05:00:00.000000+0000,,11.016666666666667,77.01666666666667,6.4,149,,
2023-11-19T06:00:00.000000+0000,,10.866666666666667,87.13333333333333,7.1,156,,
2023-11-19T07:00:00.000000+0000,,11.316666666666668,87.30000000000001,3.2,360,,
2023-11-19T08:00:00.000000+0000,,11.616666666666667,80.10000000000001,5.1,139,,
2023-11-19T09:00:00.000000+0000,,11.466666666666667,82.23333333333333,7.9,141,,
2023-11-19T10:00:00.000000+0000,,10.616666666666667,87.31666666666666,9.6,145,,
2023-11-19T11:00:00.000000+0000,,11.65,80.81666666666666,5.4,165,,
2023-11-19T12:00:00.000000+0000,,9.433333333333332,99.36666666666666,3.7,135,,
2023-11-19T13:00:00.000000+0000,,9.016666666666667,99.39999999999999,3.0,295,,
2023-11-19T14:00:00.000000+0000,,8.800000000000002,99.39999999999999,2.5,272,,
2023-11-19T15:00:00.000000+0000,,6.900000000000001,99.36666666666667,1.9,355,,
2023-11-19T16:00:00.000000+0000,,7.05,97.85,2.8,,,
2023-11-19T17:00:00.000000+0000,,7.3999999999999995,99.06666666666666,4.5,,,
2023-11-19T18:00:00.000000+0000,,7.55,99.0,6.3,149,,
2023-11-19T19:00:00.000000+0000,,7.433333333333334,99.14999999999999,7.7,140,,
2023-11-19T20:00:00.000000+0000,,7.349999999999999,99.3,1.9,180,,
2023-11-19T21:00:00.000000+0000,,7.233333333333333,98.85000000000001,2.9,151,,
2023-11-19T22:00:00.000000+0000,,7.166666666666667,99.05000000000001,6.7,141,,
2023-11-19T23:00:00.000000+0000,,7.016666666666667,98.89999999999999,5.5,137,,
2023-11-20T00:00:00.000000+0000,,6.95,97.78333333333335,8.3,138,,
2023-11-20T01:00:00.000000+0000,,7.316666666666666,92.73333333333335,8.7,148,,
2023-11-20T02:00:00.000000+0000,,7.2,91.55000000000001,7.9,139,,
2023-11-20T03:00:00.000000+0000,,7.783333333333334,89.76666666666667,5.3,142,,
2023-11-20T04:00:00.000000+0000,,8.916666666666666,87.96666666666665,5.0,147,,
2023-11-20T05:00:00.000000+0000,,10.333333333333332,80.98333333333333,3.7,153,,
2023-11-20T06:00:00.000000+0000,,11.016666666666667,79.46666666666667,6.0,126,,
2023-11-20T07:00:00.000000+0000,,10.933333333333335,85.81666666666666,5.5,110,,
2023-11-20T08:00:00.000000+0000,,9.033333333333333,99.36666666666666,3.7,59,,
2023-11-20T09:00:00.000000+0000,,9.133333333333333,99.39999999999999,3.7,360,,
2023-11-20T10:00:00.000000+0000,,9.499999999999998,99.39999999999999,3.0,328,,
2023-11-20T11:00:00.000000+0000,,9.333333333333334,99.39999999999999,3.3,16,,
2023-11-20T12:00:00.000000+0000,,9.683333333333332,99.39999999999999,3.2,12,,
2023-11-20T13:00:00.000000+0000,,8.85,99.39999999999999,3.2,15,,
2023-11-20T14:00:00.000000+0000,,8.499999999999998,99.38333333333333,3.1,56,,
2023-11-20T15:00:00.000000+0000,,7.366666666666667,99.39999999999999,2.6,294,,
2023-11-20T16:00:00.000000+0000,,7.183333333333334,99.39999999999999,1.6,225,,
2023-11-20T17:00:00.000000+0000,,7.166666666666667,99.39999999999999,2.3,267,,
2023-11-20T18:00:00.000000+0000,,6.8500000000000005,99.36666666666667,1.3,235,,
2023-11-20T19:00:00.000000+0000,,6.983333333333333,92.93333333333334,2.0,210,,
2023-11-20T20:00:00.000000+0000,,7.516666666666666,97.33333333333333,4.2,163,,
2023-11-20T21:00:00.000000+0000,,7.2,99.36666666666666,1.7,215,,
2023-11-20T22:00:00.000000+0000,,7.3166666666666655,99.3,1.6,135,,
2023-11-20T23:00:00.000000+0000,,7.133333333333333,99.30000000000001,5.3,120,,
2023-11-21T00:00:00.000000+0000,,6.95,99.35000000000001,2.9,204,,
2023-11-21T01:00:00.000000+0000,,7.1000000000000005,99.39999999999999,2.3,183,,
2023-11-21T02:00:00.000000+0000,,7.0,99.39999999999999,0.8,236,,
2023-11-21T03:00:00.000000+0000,,7.066666666666667,99.39999999999999,0.8,360,,
2023-11-21T04:00:00.000000+0000,,7.333333333333333,99.39999999999999,1.4,288,,
2023-11-21T05:00:00.000000+0000,,7.933333333333333,99.39999999999999,1.7,348,,
2023-11-21T06:00:00.000000+0000,,9.533333333333333,97.90000000000002,2.1,360,,
2023-11-21T07:00:00.000000+0000,,11.5,84.28333333333335,5.3,114,,
2023-11-21T08:00:00.000000+0000,,10.433333333333332,94.59999999999998,3.8,122,,
2023-11-21T09:00:00.000000+0000,,11.666666666666666,82.48333333333333,2.4,337,,
2023-11-21T10:00:00.000000+0000,,13.083333333333334,66.5,5.9,110,,
2023-11-21T11:00:00.000000+0000,,12.683333333333332,67.25000000000001,7.5,111,,
2023-11-21T12:00:00.000000+0000,,12.25,66.91666666666667,7.1,98,,
2023-11-21T13:00:00.000000+0000,,11.833333333333334,67.46666666666665,5.3,126,,
2023-11-21T14:00:00.000000+0000,,11.083333333333334,62.333333333333336,3.8,111,,
2023-11-21T15:00:00.000000+0000,,8.166666666666666,87.55,4.3,137,,
2023-11-21T16:00:00.000000+0000,,7.716666666666666,87.40000000000002,2.1,213,,
2023-11-21T17:00:00.000000+0000,,7.633333333333333,91.63333333333334,6.3,153,,
2023-11-21T18:00:00.000000+0000,,7.283333333333332,97.05,3.3,185,,
2023-11-21T19:00:00.000000+0000,,7.216666666666668,96.3,1.9,229,,
2023-11-21T20:00:00.000000+0000,,7.25,89.01666666666667,3.6,152,,
2023-11-21T21:00:00.000000+0000,,7.050000000000001,94.2,10.1,143,,
2023-11-21T22:00:00.000000+0000,,6.533333333333334,96.28333333333332,3.4,169,,
2023-11-21T23:00:00.000000+0000,,5.483333333333334,96.05,6.2,,,
2023-11-22T00:00:00.000000+0000,,5.666666666666667,98.38333333333333,8.5,,,
2023-11-22T01:00:00.000000+0000,,5.916666666666667,99.0,10.0,125,,
2023-11-22T02:00:00.000000+0000,,6.266666666666667,99.2,8.0,130,,
2023-11-22T03:00:00.000000+0000,,6.383333333333333,99.25,3.7,122,,
2023-11-22T04:00:00.000000+0000,,6.750000000000001,99.3,7.2,114,,
2023-11-22T05:00:00.000000+0000,,7.716666666666666,99.28333333333332,7.4,107,,
2023-11-22T06:00:00.000000+0000,,8.466666666666667,95.28333333333335,8.9,104,,
2023-11-22T07:00:00.000000+0000,,9.416666666666666,90.69999999999999,9.8,109,,
2023-11-22T08:00:00.000000+0000,,9.0,98.33333333333333,8.8,106,,
2023-11-22T09:00:00.000000+0000,,8.350000000000001,99.28333333333332,9.1,101,,
2023-11-22T10:00:00.000000+0000,,9.466666666666667,96.05,8.0,107,,
2023-11-22T11:00:00.000000+0000,,11.950000000000001,77.66666666666667,8.9,117,,
2023-11-22T12:00:00.000000+0000,,10.9,84.13333333333334,4.4,135,,
2023-11-22T13:00:00.000000+0000,,10.166666666666666,84.96666666666667,3.0,125,,
2023-11-22T14:00:00.000000+0000,,8.433333333333334,99.0,4.6,134,,
2023-11-22T15:00:00.000000+0000,,7.116666666666666,96.23333333333333,5.6,117,,
2023-11-22T16:00:00.000000+0000,,6.816666666666666,96.26666666666667,7.1,133,,
2023-11-22T17:00:00.000000+0000,,6.683333333333334,98.81666666666666,8.1,123,,
2023-11-22T18:00:00.000000+0000,,6.633333333333333,99.3,8.7,122,,
2023-11-22T19:00:00.000000+0000,,6.016666666666666,99.06666666666666,9.1,117,,
2023-11-22T20:00:00.000000+0000,,5.883333333333333,99.18333333333334,1.9,,,
2023-11-22T21:00:00.000000+0000,,6.216666666666666,98.85000000000001,4.0,123,,
2023-11-22T22:00:00.000000+0000,,6.433333333333334,99.26666666666667,5.8,133,,
2023-11-22T23:00:00.000000+0000,,6.316666666666666,99.26666666666667,8.5,120,,
2023-11-23T00:00:00.000000+0000,,6.233333333333333,99.3,11.7,108,,
2023-11-23T01:00:00.000000+0000,,5.983333333333333,99.3,9.8,104,,
2023-11-23T02:00:00.000000+0000,,5.866666666666667,99.3,12.8,113,,
2023-11-23T03:00:00.000000+0000,,5.466666666666668,99.3,11.0,114,,
2023-11-23T04:00:00.000000+0000,,6.133333333333334,99.3,12.1,124,,
2023-11-23T05:00:00.000000+0000,,7.383333333333334,95.5,12.0,122,,
2023-11-23T06:00:00.000000+0000,,7.766666666666667,98.10000000000001,13.9,120,,
2023-11-23T07:00:00.000000+0000,,9.783333333333333,88.05,11.8,117,,
2023-11-23T08:00:00.000000+0000,,10.700000000000001,91.89999999999999,9.9,119,,
2023-11-23T09:00:00.000000+0000,,11.216666666666667,85.51666666666667,6.9,104,,
2023-11-23T10:00:00.000000+0000,,11.383333333333333,80.13333333333334,5.5,102,,
2023-11-23T11:00:00.000000+0000,,9.116666666666667,99.25,5.0,63,,
2023-11-23T12:00:00.000000+0000,,8.383333333333333,99.39999999999999,3.2,328,,
2023-11-23T13:00:00.000000+0000,,8.216666666666667,99.39999999999999,1.9,153,,
2023-11-23T14:00:00.000000+0000,,8.200000000000001,99.39999999999999,3.2,86,,
2023-11-23T15:00:00.000000+0000,,7.3500000000000005,99.39999999999999,1.5,16,,
2023-11-23T16:00:00.000000+0000,,7.416666666666667,99.35000000000001,1.6,157,,
2023-11-23T17:00:00.000000+0000,,7.666666666666667,99.23333333333333,2.0,148,,
2023-11-23T18:00:00.000000+0000,,7.366666666666667,99.25,3.5,135,,
2023-11-23T19:00:00.000000+0000,,7.233333333333333,99.26666666666667,2.2,180,,
2023-11-23T20:00:00.000000+0000,,7.083333333333333,99.23333333333333,7.8,132,,
2023-11-23T21:00:00.000000+0000,,7.233333333333334,97.61666666666667,11.0,135,,
2023-11-23T22:00:00.000000+0000,,6.766666666666667,99.38333333333333,3.9,349,,
2023-11-23T23:00:00.000000+0000,,6.666666666666667,99.31666666666668,1.3,270,,
2023-11-24T00:00:00.000000+0000,,7.066666666666666,96.01666666666665,4.5,163,,
2023-11-24T01:00:00.000000+0000,,6.8166666666666655,99.3,5.4,166,,
2023-11-24T02:00:00.000000+0000,,6.716666666666668,99.36666666666666,1.1,216,,
2023-11-24T03:00:00.000000+0000,,6.933333333333333,98.28333333333332,2.2,137,,
2023-11-24T04:00:00.000000+0000,,7.150000000000001,94.96666666666665,6.3,146,,
2023-11-24T05:00:00.000000+0000,,7.233333333333333,97.39999999999999,8.1,147,,
2023-11-24T06:00:00.000000+0000,,6.866666666666667,98.01666666666667,2.4,193,,
2023-11-24T07:00:00.000000+0000,,7.383333333333333,99.36666666666666,1.5,270,,
2023-11-24T08:00:00.000000+0000,,7.05,99.33333333333333,2.1,273,,
2023-11-24T09:00:00.000000+0000,,9.4,93.13333333333334,2.2,109,,
2023-11-24T10:00:00.000000+0000,,8.35,99.33333333333333,5.0,105,,
2023-11-24T11:00:00.000000+0000,,8.316666666666668,99.39999999999999,2.7,328,,
2023-11-24T12:00:00.000000+0000,,7.966666666666666,99.39999999999999,3.2,296,,
2023-11-24T13:00:00.000000+0000,,7.95,99.39999999999999,3.7,284,,
2023-11-24T14:00:00.000000+0000,,8.016666666666666,99.39999999999999,2.6,281,,
2023-11-24T15:00:00.000000+0000,,7.283333333333334,99.39999999999999,2.4,280,,
2023-11-24T16:00:00.000000+0000,,6.1000000000000005,99.39999999999999,2.0,176,,
2023-11-24T17:00:00.000000+0000,,6.866666666666667,99.39999999999999,1.6,121,,
2023-11-24T18:00:00.000000+0000,,6.8,99.39999999999999,1.1,72,,
2023-11-24T19:00:00.000000+0000,,6.333333333333333,99.39999999999999,0.7,360,,
2023-11-24T20:00:00.000000+0000,,5.716666666666666,99.39999999999999,1.3,243,,
2023-11-24T21:00:00.000000+0000,,5.033333333333333,97.15000000000002,1.7,172,,
2023-11-24T22:00:00.000000+0000,,5.533333333333334,90.63333333333333,3.2,165,,
2023-11-24T23:00:00.000000+0000,,6.066666666666666,89.64999999999999,3.4,145,,
2023-11-25T00:00:00.000000+0000,,5.883333333333334,93.26666666666667,3.9,150,,
2023-11-25T01:00:00.000000+0000,,5.366666666666666,92.48333333333335,1.9,151,,
2023-11-25T02:00:00.000000+0000,,6.583333333333333,89.33333333333333,2.9,155,,
2023-11-25T03:00:00.000000+0000,,6.5,95.98333333333333,4.4,154,,
2023-11-25T04:00:00.000000+0000,,7.716666666666666,95.66666666666667,3.6,125,,
2023-11-25T05:00:00.000000+0000,,8.600000000000001,91.14999999999999,3.4,143,,
2023-11-25T06:00:00.000000+0000,,8.483333333333333,98.64999999999999,4.2,108,,
2023-11-25T07:00:00.000000+0000,,9.866666666666667,96.19999999999999,4.7,56,,
2023-11-25T08:00:00.000000+0000,,8.75,98.46666666666665,4.3,43,,
2023-11-25T09:00:00.000000+0000,,10.016666666666667,86.0,4.2,100,,
2023-11-25T10:00:00.000000+0000,,10.266666666666667,86.69999999999999,5.1,96,,
2023-11-25T11:00:00.000000+0000,,8.616666666666667,99.34999999999998,3.7,42,,
2023-11-25T12:00:00.000000+0000,,7.983333333333333,99.39999999999999,4.2,293,,
2023-11-25T13:00:00.000000+0000,,8.116666666666667,99.39999999999999,2.1,3,,
2023-11-25T14:00:00.000000+0000,,7.733333333333333,99.39999999999999,3.1,358,,
2023-11-25T15:00:00.000000+0000,,7.55,99.39999999999999,1.6,342,,
2023-11-25T16:00:00.000000+0000,,6.733333333333333,99.39999999999999,1.6,283,,
2023-11-25T17:00:00.000000+0000,,6.883333333333333,99.39999999999999,2.1,121,,
2023-11-25T18:00:00.000000+0000,,7.099999999999999,99.39999999999999,3.1,116,,
2023-11-25T19:00:00.000000+0000,,6.6499999999999995,99.39999999999999,2.4,137,,
2023-11-25T20:00:00.000000+0000,,6.816666666666666,99.28333333333335,5.7,125,,
2023-11-25T21:00:00.000000+0000,,6.916666666666668,98.71666666666665,3.2,143,,
2023-11-25T22:00:00.000000+0000,,7.066666666666667,96.78333333333335,5.2,142,,
2023-11-25T23:00:00.000000+0000,,6.75,99.2,3.0,124,,
2023-11-26T00:00:00.000000+0000,,6.7,95.31666666666666,6.0,122,,
2023-11-26T01:00:00.000000+0000,,6.633333333333333,90.03333333333335,7.1,129,,
2023-11-26T02:00:00.000000+0000,,6.416666666666667,91.36666666666666,6.4,123,,
2023-11-26T03:00:00.000000+0000,,6.699999999999999,90.16666666666667,7.5,132,,
2023-11-26T04:00:00.000000+0000,,8.816666666666666,82.39999999999999,8.1,132,,
2023-11-26T05:00:00.000000+0000,,9.016666666666666,88.63333333333334,3.9,109,,
2023-11-26T06:00:00.000000+0000,,10.950000000000001,73.8,5.9,84,,
2023-11-26T07:00:00.000000+0000,,11.016666666666666,74.18333333333334,4.6,99,,
2023-11-26T08:00:00.000000+0000,,11.15,71.03333333333333,7.0,98,,
2023-11-26T09:00:00.000000+0000,,9.583333333333334,96.51666666666667,5.9,109,,
2023-11-26T10:00:00.000000+0000,,8.933333333333332,97.26666666666667,3.2,264,,
2023-11-26T11:00:00.000000+0000,,8.266666666666666,99.3,3.2,281,,
2023-11-26T12:00:00.000000+0000,,8.816666666666666,97.21666666666665,2.3,293,,
2023-11-26T13:00:00.000000+0000,,8.066666666666666,99.31666666666666,4.2,140,,
2023-11-26T14:00:00.000000+0000,,8.033333333333333,99.33333333333333,1.7,265,,
2023-11-26T15:00:00.000000+0000,,7.150000000000001,97.05,2.6,299,,
2023-11-26T16:00:00.000000+0000,,6.3,90.98333333333333,1.9,210,,
2023-11-26T17:00:00.000000+0000,,5.633333333333333,62.650000000000006,4.4,152,,
2023-11-26T18:00:00.000000+0000,,6.116666666666667,71.11666666666666,7.0,146,,
2023-11-26T19:00:00.000000+0000,,5.583333333333333,77.74999999999999,7.2,139,,
2023-11-26T20:00:00.000000+0000,,4.7666666666666675,87.48333333333333,4.2,152,,
2023-11-26T21:00:00.000000+0000,,5.266666666666667,75.11666666666666,2.1,214,,
2023-11-26T22:00:00.000000+0000,,6.616666666666667,74.28333333333335,6.5,134,,
2023-11-26T23:00:00.000000+0000,,5.333333333333333,84.56666666666668,5.4,123,,
2023-11-27T00:00:00.000000+0000,,5.383333333333334,86.36666666666667,6.9,128,,
2023-11-27T01:00:00.000000+0000,,5.2,84.58333333333333,6.8,134,,
2023-11-27T02:00:00.000000+0000,,5.633333333333333,84.33333333333333,7.4,128,,
2023-11-27T03:00:00.000000+0000,,6.566666666666666,71.71666666666665,6.8,130,,
2023-11-27T04:00:00.000000+0000,,7.716666666666666,76.26666666666667,7.0,129,,
2023-11-27T05:00:00.000000+0000,,8.716666666666667,68.58333333333333,6.0,119,,
2023-11-27T06:00:00.000000+0000,,9.183333333333334,60.300000000000004,6.4,86,,
2023-11-27T07:00:00.000000+0000,,11.5,58.9,7.7,78,,
2023-11-27T08:00:00.000000+0000,,11.616666666666667,56.633333333333326,6.8,79,,
2023-11-27T09:00:00.000000+0000,,10.533333333333333,67.98333333333333,5.2,194,,
2023-11-27T10:00:00.000000+0000,,8.15,94.0,5.2,327,,
2023-11-27T11:00:00.000000+0000,,8.633333333333333,93.13333333333333,4.6,31,,
2023-11-27T12:00:00.000000+0000,,7.216666666666668,99.26666666666667,4.3,12,,
2023-11-27T13:00:00.000000+0000,,6.916666666666667,99.3,4.0,353,,
2023-11-27T14:00:00.000000+0000,,7.416666666666667,99.33333333333333,1.1,7,,
2023-11-27T15:00:00.000000+0000,,6.666666666666667,99.39999999999999,3.0,319,,
2023-11-27T16:00:00.000000+0000,,6.133333333333333,99.39999999999999,1.4,241,,
2023-11-27T17:00:00.000000+0000,,5.833333333333333,99.31666666666666,1.2,217,,
2023-11-27T18:00:00.000000+0000,,5.6499999999999995,99.28333333333335,1.4,148,,
2023-11-27T19:00:00.000000+0000,,6.166666666666667,99.3,0.8,243,,
2023-11-27T20:00:00.000000+0000,,6.099999999999999,99.26666666666667,1.0,166,,
2023-11-27T21:00:00.000000+0000,,5.5,99.2,1.4,95,,
2023-11-27T22:00:00.000000+0000,,6.166666666666667,95.85000000000001,2.9,110,,
2023-11-27T23:00:00.000000+0000,,6.366666666666667,98.14999999999999,2.2,99,,
2023-11-28T00:00:00.000000+0000,,6.416666666666667,94.39999999999999,3.3,99,,
2023-11-28T01:00:00.000000+0000,,5.8500000000000005,97.86666666666667,2.0,131,,
2023-11-28T02:00:00.000000+0000,,7.133333333333333,86.28333333333335,2.8,104,,
2023-11-28T03:00:00.000000+0000,,6.116666666666666,93.86666666666667,3.2,120,,
2023-11-28T04:00:00.000000+0000,,7.816666666666666,85.98333333333333,1.8,94,,
2023-11-28T05:00:00.000000+0000,,9.066666666666668,79.33333333333333,3.0,42,,
2023-11-28T06:00:00.000000+0000,,9.85,80.38333333333334,4.1,40,,
2023-11-28T07:00:00.000000+0000,,10.649999999999999,74.51666666666667,6.5,33,,
2023-11-28T08:00:00.000000+0000,,9.483333333333334,80.89999999999999,7.0,36,,
2023-11-28T09:00:00.000000+0000,,10.233333333333333,80.30000000000001,7.4,34,,
2023-11-28T10:00:00.000000+0000,,9.799999999999999,82.78333333333333,5.8,50,,
2023-11-28T11:00:00.000000+0000,,8.383333333333333,89.55000000000001,5.7,16,,
2023-11-28T12:00:00.000000+0000,,8.866666666666667,85.71666666666665,5.2,6,,
2023-11-28T13:00:00.000000+0000,,8.2,96.11666666666667,3.9,12,,
2023-11-28T14:00:00.000000+0000,,7.333333333333335,99.3,3.0,358,,
2023-11-28T15:00:00.000000+0000,,7.216666666666668,99.21666666666665,1.5,338,,
2023-11-28T16:00:00.000000+0000,,6.933333333333334,99.25,1.7,201,,
2023-11-28T17:00:00.000000+0000,,6.716666666666666,99.26666666666667,0.7,239,,
2023-11-28T18:00:00.000000+0000,,6.3500000000000005,99.2,1.0,219,,
2023-11-28T19:00:00.000000+0000,,6.733333333333333,99.23333333333333,1.9,93,,
2023-11-28T20:00:00.000000+0000,,6.516666666666667,99.3,2.0,61,,
2023-11-28T21:00:00.000000+0000,,6.183333333333334,95.81666666666666,2.9,80,,
2023-11-28T22:00:00.000000+0000,,4.966666666666668,88.8,3.5,93,,
2023-11-28T23:00:00.000000+0000,,5.016666666666667,84.16666666666667,3.9,108,,
2023-11-29T00:00:00.000000+0000,,3.483333333333334,69.05,3.9,88,,
2023-11-29T01:00:00.000000+0000,,4.416666666666667,66.28333333333335,5.1,106,,
2023-11-29T02:00:00.000000+0000,,4.183333333333333,53.36666666666665,4.6,109,,
2023-11-29T03:00:00.000000+0000,,5.05,36.1,5.5,109,,
2023-11-29T04:00:00.000000+0000,,8.016666666666667,26.78333333333333,6.2,118,,
2023-11-29T05:00:00.000000+0000,,10.333333333333334,29.083333333333332,5.5,126,,
2023-11-29T06:00:00.000000+0000,,11.25,32.416666666666664,3.4,131,,
2023-11-29T07:00:00.000000+0000,,11.883333333333335,37.11666666666667,3.5,83,,
2023-11-29T08:00:00.000000+0000,,12.1,53.43333333333333,7.1,101,,
2023-11-29T09:00:00.000000+0000,,11.233333333333334,67.18333333333334,7.3,201,,
2023-11-29T10:00:00.000000+0000,,9.283333333333333,84.08333333333333,6.2,290,,
2023-11-29T11:00:00.000000+0000,,7.550000000000001,98.73333333333333,5.9,345,,
2023-11-29T12:00:00.000000+0000,,7.3500000000000005,99.26666666666667,4.4,12,,
2023-11-29T13:00:00.000000+0000,,8.216666666666667,95.21666666666668,3.9,57,,
2023-11-29T14:00:00.000000+0000,,7.116666666666667,99.3,2.9,7,,
2023-11-29T15:00:00.000000+0000,,6.8,99.3,2.1,317,,
2023-11-29T16:00:00.000000+0000,,6.916666666666667,98.73333333333333,2.7,123,,
2023-11-29T17:00:00.000000+0000,,6.3,98.63333333333333,0.8,198,,
2023-11-29T18:00:00.000000+0000,,5.8500000000000005,97.40000000000002,1.0,76,,
2023-11-29T19:00:00.000000+0000,,5.016666666666667,92.73333333333333,4.5,117,,
2023-11-29T20:00:00.000000+0000,,4.583333333333333,77.7,3.1,173,,
2023-11-29T21:00:00.000000+0000,,4.449999999999999,76.68333333333334,5.9,130,,
2023-11-29T22:00:00.000000+0000,,4.616666666666666,70.9,5.3,131,,
2023-11-29T23:00:00.000000+0000,,4.633333333333334,72.51666666666667,6.4,134,,
2023-11-30T00:00:00.000000+0000,,4.8999999999999995,75.98333333333332,3.4,148,,
2023-11-30T01:00:00.000000+0000,,5.666666666666667,75.86666666666667,6.0,136,,
2023-11-30T02:00:00.000000+0000,,6.733333333333332,71.43333333333332,5.3,129,,
2023-11-30T03:00:00.000000+0000,,6.916666666666667,74.21666666666665,4.5,142,,
2023-11-30T04:00:00.000000+0000,,7.816666666666666,80.76666666666667,4.4,130,,
2023-11-30T05:00:00.000000+0000,,9.450000000000001,80.25,4.1,100,,
2023-11-30T06:00:00.000000+0000,,8.05,75.88333333333334,4.5,75,,
2023-11-30T07:00:00.000000+0000,,8.883333333333335,77.08333333333333,2.6,272,,
2023-11-30T08:00:00.000000+0000,,8.85,72.5,4.4,281,,
2023-11-30T09:00:00.000000+0000,,9.116666666666667,76.93333333333332,5.0,257,,
2023-11-30T10:00:00.000000+0000,,8.283333333333333,88.31666666666666,5.4,311,,
2023-11-30T11:00:00.000000+0000,,7.550000000000001,99.2,2.5,9,,
2023-11-30T12:00:00.000000+0000,,7.816666666666666,96.60000000000001,2.3,313,,
2023-11-30T13:00:00.000000+0000,,7.066666666666666,99.3,1.3,315,,
2023-11-30T14:00:00.000000+0000,,7.516666666666668,99.3,1.8,287,,
2023-11-30T15:00:00.000000+0000,,7.166666666666667,99.34999999999998,1.5,258,,
2023-11-30T16:00:00.000000+0000,,5.8,99.3,2.0,180,,
2023-11-30T17:00:00.000000+0000,,5.816666666666666,99.28333333333335,1.8,217,,
2023-11-30T18:00:00.000000+0000,,4.916666666666667,99.23333333333333,1.1,204,,
2023-11-30T19:00:00.000000+0000,,5.433333333333333,99.28333333333332,1.1,159,,
2023-11-30T20:00:00.000000+0000,,5.383333333333333,99.25,0.9,194,,
2023-11-30T21:00:00.000000+0000,,3.983333333333333,97.7,1.1,119,,
2023-11-30T22:00:00.000000+0000,,3.9166666666666665,98.56666666666666,1.8,135,,
2023-11-30T23:00:00.000000+0000,,4.383333333333333,93.86666666666666,2.8,108,,
2023-12-01T00:00:00.000000+0000,,4.3999999999999995,87.88333333333334,4.5,117,,
2023-12-01T01:00:00.000000+0000,,4.7,87.88333333333334,3.5,92,,
2023-12-01T02:00:00.000000+0000,,5.250000000000001,87.34999999999998,2.9,99,,
2023-12-01T03:00:00.000000+0000,,5.849999999999999,88.86666666666667,3.8,124,,
2023-12-01T04:00:00.000000+0000,,7.766666666666667,83.78333333333333,2.3,135,,
2023-12-01T05:00:00.000000+0000,,7.949999999999999,88.45,1.4,60,,
2023-12-01T06:00:00.000000+0000,,8.983333333333333,83.18333333333334,1.8,278,,
2023-12-01T07:00:00.000000+0000,,8.866666666666667,76.19999999999999,4.1,295,,
2023-12-01T08:00:00.000000+0000,,9.049999999999999,70.64999999999999,5.6,265,,
2023-12-01T09:00:00.000000+0000,,7.866666666666666,82.31666666666666,4.9,285,,
2023-12-01T10:00:00.000000+0000,,8.433333333333334,83.10000000000001,3.8,325,,
2023-12-01T11:00:00.000000+0000,,8.883333333333333,90.71666666666665,4.0,12,,
2023-12-01T12:00:00.000000+0000,,8.2,97.55000000000001,3.5,2,,
2023-12-01T13:00:00.000000+0000,,7.783333333333334,99.28333333333335,2.4,313,,
2023-12-01T14:00:00.000000+0000,,7.383333333333333,99.3,1.8,339,,
2023-12-01T15:00:00.000000+0000,,6.900000000000001,87.96666666666665,2.1,210,,
2023-12-01T16:00:00.000000+0000,,6.083333333333333,78.03333333333333,4.1,123,,
2023-12-01T17:00:00.000000+0000,,5.3999999999999995,81.41666666666667,3.8,130,,
2023-12-01T18:00:00.000000+0000,,5.449999999999999,79.93333333333334,3.3,110,,
2023-12-01T19:00:00.000000+0000,,5.383333333333333,83.7,4.6,115,,
2023-12-01T20:00:00.000000+0000,,5.216666666666667,82.05,5.1,127,,
2023-12-01T21:00:00.000000+0000,,4.45,88.18333333333334,3.7,117,,
2023-12-01T22:00:00.000000+0000,,4.05,88.41666666666667,2.0,149,,
2023-12-01T23:00:00.000000+0000,,4.550000000000001,85.81666666666668,2.8,123,,
2023-12-02T00:00:00.000000+0000,,4.733333333333333,86.46666666666668,3.9,125,,
2023-12-02T01:00:00.000000+0000,,3.7166666666666663,95.35000000000001,0.8,45,,
2023-12-02T02:00:00.000000+0000,,3.9333333333333336,89.81666666666666,2.0,109,,
2023-12-02T03:00:00.000000+0000,,4.766666666666667,86.55,2.9,96,,
2023-12-02T04:00:00.000000+0000,,7.366666666666667,79.93333333333332,4.6,115,,
2023-12-02T05:00:00.000000+0000,,7.150000000000001,98.48333333333333,2.6,54,,
2023-12-02T06:00:00.000000+0000,,8.450000000000001,90.41666666666667,3.8,11,,
2023-12-02T07:00:00.000000+0000,,8.333333333333334,94.01666666666667,5.3,36,,
2023-12-02T08:00:00.000000+0000,,9.25,85.56666666666666,6.0,24,,
2023-12-02T09:00:00.000000+0000,,7.699999999999999,97.31666666666666,5.5,12,,
2023-12-02T10:00:00.000000+0000,,7.099999999999999,99.3,4.2,322,,
2023-12-02T11:00:00.000000+0000,,7.25,99.3,4.3,4,,
2023-12-02T12:00:00.000000+0000,,7.400000000000001,99.31666666666666,2.9,4,,
2023-12-02T13:00:00.000000+0000,,7.033333333333334,99.39999999999999,2.7,288,,
2023-12-02T14:00:00.000000+0000,,6.933333333333334,99.39999999999999,3.0,20,,
2023-12-02T15:00:00.000000+0000,,6.633333333333333,99.39999999999999,1.5,34,,
2023-12-02T16:00:00.000000+0000,,5.916666666666667,99.36666666666667,1.4,214,,
2023-12-02T17:00:00.000000+0000,,5.733333333333333,94.28333333333335,2.4,148,,
2023-12-02T18:00:00.000000+0000,,6.0,87.15000000000002,3.4,111,,
2023-12-02T19:00:00.000000+0000,,4.916666666666667,94.13333333333333,4.9,118,,
2023-12-02T20:00:00.000000+0000,,4.833333333333334,92.06666666666666,2.6,125,,
2023-12-02T21:00:00.000000+0000,,4.6000000000000005,85.76666666666665,5.5,125,,
2023-12-02T22:00:00.000000+0000,,4.533333333333333,87.95,5.6,127,,
2023-12-02T23:00:00.000000+0000,,5.133333333333333,83.18333333333334,6.2,122,,
2023-12-03T00:00:00.000000+0000,,4.883333333333334,85.8,6.9,121,,
2023-12-03T01:00:00.000000+0000,,4.333333333333333,91.06666666666666,7.1,117,,
2023-12-03T02:00:00.000000+0000,,4.699999999999999,88.61666666666667,6.8,118,,
2023-12-03T03:00:00.000000+0000,,4.250000000000001,89.26666666666667,5.5,116,,
2023-12-03T04:00:00.000000+0000,,7.099999999999999,77.76666666666667,5.9,116,,
2023-12-03T05:00:00.000000+0000,,9.483333333333333,68.85000000000001,4.1,77,,
2023-12-03T06:00:00.000000+0000,,10.916666666666666,61.46666666666667,4.5,68,,
2023-12-03T07:00:00.000000+0000,,8.666666666666668,92.98333333333333,4.2,51,,
2023-12-03T08:00:00.000000+0000,,7.483333333333334,98.14999999999999,5.0,283,,
2023-12-03T09:00:00.000000+0000,,7.900000000000001,96.33333333333333,3.0,241,,
2023-12-03T10:00:00.000000+0000,,6.95,99.3,3.2,290,,
2023-12-03T11:00:00.000000+0000,,6.683333333333333,99.35000000000001,3.3,58,,
2023-12-03T12:00:00.000000+0000,,6.416666666666667,99.39999999999999,4.7,29,,
2023-12-03T13:00:00.000000+0000,,6.683333333333333,99.39999999999999,3.9,40,,
2023-12-03T14:00:00.000000+0000,,6.800000000000001,99.39999999999999,1.9,69,,
2023-12-03T15:00:00.000000+0000,,5.800000000000001,99.39999999999999,1.8,58,,
2023-12-03T16:00:00.000000+0000,,5.666666666666667,99.39999999999999,0.8,164,,
2023-12-03T17:00:00.000000+0000,,5.6000000000000005,99.14999999999999,1.7,137,,
2023-12-03T18:00:00.000000+0000,,6.466666666666666,97.51666666666667,4.7,111,,
2023-12-03T19:00:00.000000+0000,,6.533333333333334,88.66666666666667,7.6,133,,
2023-12-03T20:00:00.000000+0000,,5.933333333333334,87.3,6.8,125,,
2023-12-03T21:00:00.000000+0000,,5.3999999999999995,81.38333333333333,6.3,123,,
2023-12-03T22:00:00.000000+0000,,5.133333333333334,78.68333333333332,6.2,126,,
2023-12-03T23:00:00.000000+0000,,5.6000000000000005,82.13333333333333,5.8,121,,
2023-12-04T00:00:00.000000+0000,,6.199999999999999,79.76666666666667,6.3,121,,
2023-12-04T01:00:00.000000+0000,,5.133333333333334,82.88333333333333,4.7,117,,
2023-12-04T02:00:00.000000+0000,,5.666666666666667,81.0,6.3,119,,
2023-12-04T03:00:00.000000+0000,,6.216666666666666,75.38333333333334,7.0,132,,
2023-12-04T04:00:00.000000+0000,,7.733333333333334,66.5,8.0,134,,
2023-12-04T05:00:00.000000+0000,,9.483333333333334,61.29999999999999,8.8,129,,
2023-12-04T06:00:00.000000+0000,,10.683333333333335,58.800000000000004,7.0,107,,
2023-12-04T07:00:00.000000+0000,,8.9,93.0,5.5,42,,
2023-12-04T08:00:00.000000+0000,,9.1,92.81666666666666,3.8,301,,
2023-12-04T09:00:00.000000+0000,,8.616666666666667,96.23333333333335,5.3,303,,
2023-12-04T10:00:00.000000+0000,,8.6,98.85000000000001,4.2,308,,
2023-12-04T11:00:00.000000+0000,,7.8,99.26666666666667,4.2,300,,
2023-12-04T12:00:00.000000+0000,,7.2,99.31666666666666,3.5,308,,
2023-12-04T13:00:00.000000+0000,,7.333333333333333,99.39999999999999,2.9,297,,
2023-12-04T14:00:00.000000+0000,,7.416666666666667,99.34999999999998,1.2,14,,
2023-12-04T15:00:00.000000+0000,,6.633333333333334,99.28333333333335,1.7,11,,
2023-12-04T16:00:00.000000+0000,,5.533333333333334,92.91666666666667,1.3,113,,
2023-12-04T17:00:00.000000+0000,,5.533333333333334,81.41666666666667,4.2,125,,
2023-12-04T18:00:00.000000+0000,,5.083333333333333,78.21666666666665,5.1,124,,
2023-12-04T19:00:00.000000+0000,,4.716666666666666,78.5,4.8,117,,
2023-12-04T20:00:00.000000+0000,,4.366666666666666,78.1,4.5,122,,
2023-12-04T21:00:00.000000+0000,,4.3999999999999995,74.33333333333333,2.7,112,,
2023-12-04T22:00:00.000000+0000,,4.133333333333334,68.39999999999999,4.0,105,,
2023-12-04T23:00:00.000000+0000,,4.7,64.9,6.5,123,,
2023-12-05T00:00:00.000000+0000,,5.6499999999999995,62.18333333333333,6.8,136,,
2023-12-05T01:00:00.000000+0000,,5.933333333333334,64.56666666666668,6.5,134,,
2023-12-05T02:00:00.000000+0000,,5.216666666666666,66.7,4.4,124,,
2023-12-05T03:00:00.000000+0000,,6.133333333333334,66.8,4.8,126,,
2023-12-05T04:00:00.000000+0000,,7.516666666666667,63.199999999999996,3.8,136,,
2023-12-05T05:00:00.000000+0000,,8.200000000000001,66.95,2.9,61,,
2023-12-05T06:00:00.000000+0000,,8.883333333333335,69.76666666666667,4.1,27,,
2023-12-05T07:00:00.000000+0000,,9.6,62.48333333333334,4.6,333,,
2023-12-05T08:00:00.000000+0000,,10.683333333333332,57.06666666666666,4.5,11,,
2023-12-05T09:00:00.000000+0000,,9.533333333333333,62.78333333333333,5.0,360,,
2023-12-05T10:00:00.000000+0000,,9.5,64.56666666666668,4.2,1,,
2023-12-05T11:00:00.000000+0000,,10.016666666666666,72.55000000000001,3.0,278,,
2023-12-05T12:00:00.000000+0000,,8.999999999999998,78.26666666666667,4.2,357,,
2023-12-05T13:00:00.000000+0000,,8.366666666666667,84.5,4.4,10,,
2023-12-05T14:00:00.000000+0000,,8.033333333333333,88.7,2.3,345,,
2023-12-05T15:00:00.000000+0000,,6.449999999999999,93.45,2.3,264,,
2023-12-05T16:00:00.000000+0000,,5.55,99.2,2.1,122,,
2023-12-05T17:00:00.000000+0000,,4.733333333333333,96.85000000000001,2.6,103,,
2023-12-05T18:00:00.000000+0000,,3.933333333333333,85.61666666666667,3.0,98,,
2023-12-05T19:00:00.000000+0000,,4.383333333333334,85.68333333333334,2.5,97,,
2023-12-05T20:00:00.000000+0000,,3.8166666666666664,82.5,3.1,105,,
2023-12-05T21:00:00.000000+0000,,4.016666666666667,84.36666666666667,3.2,110,,
2023-12-05T22:00:00.000000+0000,,5.6000000000000005,79.96666666666665,2.8,108,,
2023-12-05T23:00:00.000000+0000,,6.216666666666666,79.63333333333333,2.4,67,,
2023-12-06T00:00:00.000000+0000,,6.0,80.11666666666666,3.5,115,,
2023-12-06T01:00:00.000000+0000,,6.416666666666667,76.26666666666667,3.5,118,,
2023-12-06T02:00:00.000000+0000,,5.683333333333333,77.3,4.7,124,,
2023-12-06T03:00:00.000000+0000,,5.816666666666666,74.68333333333334,3.5,121,,
2023-12-06T04:00:00.000000+0000,,8.516666666666667,62.71666666666667,5.3,128,,
2023-12-06T05:00:00.000000+0000,,9.933333333333334,47.883333333333326,4.1,96,,
2023-12-06T06:00:00.000000+0000,,10.766666666666666,47.31666666666666,5.8,40,,
2023-12-06T07:00:00.000000+0000,,9.233333333333334,73.71666666666667,6.1,22,,
2023-12-06T08:00:00.000000+0000,,8.049999999999999,88.85000000000001,3.3,327,,
2023-12-06T09:00:00.000000+0000,,8.583333333333334,74.61666666666667,4.0,7,,
2023-12-06T10:00:00.000000+0000,,7.933333333333334,90.33333333333336,4.0,15,,
2023-12-06T11:00:00.000000+0000,,6.649999999999999,94.96666666666668,4.1,342,,
2023-12-06T12:00:00.000000+0000,,7.95,78.46666666666667,3.4,56,,
2023-12-06T13:00:00.000000+0000,,9.5,70.31666666666666,3.3,121,,
2023-12-06T14:00:00.000000+0000,,8.15,75.7,3.1,344,,
2023-12-06T15:00:00.000000+0000,,7.216666666666666,77.18333333333332,1.5,315,,
2023-12-06T16:00:00.000000+0000,,4.616666666666666,76.95,0.6,108,,
2023-12-06T17:00:00.000000+0000,,4.4,77.56666666666666,1.1,96,,
2023-12-06T18:00:00.000000+0000,,5.033333333333334,56.383333333333326,6.3,127,,
2023-12-06T19:00:00.000000+0000,,5.0,58.1,7.2,135,,
2023-12-06T20:00:00.000000+0000,,5.183333333333334,56.08333333333334,7.9,127,,
2023-12-06T21:00:00.000000+0000,,5.483333333333333,52.01666666666667,8.1,128,,
2023-12-06T22:00:00.000000+0000,,6.333333333333333,44.199999999999996,7.7,128,,
2023-12-06T23:00:00.000000+0000,,6.066666666666666,43.28333333333333,7.3,125,,
2023-12-07T00:00:00.000000+0000,,5.466666666666666,47.25,7.3,134,,
2023-12-07T01:00:00.000000+0000,,5.666666666666667,45.550000000000004,7.2,134,,
2023-12-07T02:00:00.000000+0000,,6.533333333333332,44.43333333333333,7.7,130,,
2023-12-07T03:00:00.000000+0000,,7.8,52.650000000000006,8.2,131,,
2023-12-07T04:00:00.000000+0000,,9.25,51.68333333333334,7.2,132,,
2023-12-07T05:00:00.000000+0000,,10.1,36.63333333333333,2.4,196,,
2023-12-07T06:00:00.000000+0000,,11.4,30.633333333333336,6.7,104,,
2023-12-07T07:00:00.000000+0000,,12.366666666666667,28.45,7.0,110,,
2023-12-07T08:00:00.000000+0000,,11.716666666666667,38.06666666666667,5.3,80,,
2023-12-07T09:00:00.000000+0000,,10.549999999999999,65.92,4.8,,,
2023-12-07T10:00:00.000000+0000,,11.366666666666667,64.2,4.8,276,,
2023-12-07T11:00:00.000000+0000,,11.149999999999999,63.583333333333336,7.7,259,,
2023-12-07T12:00:00.000000+0000,,11.200000000000001,60.400000000000006,7.1,258,,
2023-12-07T13:00:00.000000+0000,,9.483333333333333,80.06666666666666,5.9,351,,
2023-12-07T14:00:00.000000+0000,,8.183333333333334,97.39999999999999,3.2,324,,
2023-12-07T15:00:00.000000+0000,,7.316666666666666,99.26666666666667,2.8,299,,
2023-12-07T16:00:00.000000+0000,,5.95,95.89999999999999,3.1,286,,
2023-12-07T17:00:00.000000+0000,,4.316666666666666,95.95,1.0,225,,
2023-12-07T18:00:00.000000+0000,,3.8166666666666664,90.98333333333335,2.9,107,,
2023-12-07T19:00:00.000000+0000,,3.7000000000000006,87.66666666666667,2.0,103,,
2023-12-07T20:00:00.000000+0000,,3.4666666666666663,79.31666666666668,3.7,131,,
2023-12-07T21:00:00.000000+0000,,3.466666666666667,68.91666666666667,3.8,141,,
2023-12-07T22:00:00.000000+0000,,3.633333333333333,57.21666666666667,4.1,126,,
2023-12-07T23:00:00.000000+0000,,2.766666666666667,57.23333333333333,1.4,99,,
2023-12-08T00:00:00.000000+0000,,2.5333333333333337,52.31666666666666,2.3,119,,
2023-12-08T01:00:00.000000+0000,,2.966666666666667,49.6,3.8,115,,
2023-12-08T02:00:00.000000+0000,,3.8000000000000003,46.81666666666666,3.7,131,,
2023-12-08T03:00:00.000000+0000,,3.8499999999999996,41.599999999999994,5.5,134,,
2023-12-08T04:00:00.000000+0000,,7.166666666666667,34.0,6.1,135,,
2023-12-08T05:00:00.000000+0000,,9.700000000000001,36.666666666666664,5.5,124,,
2023-12-08T06:00:00.000000+0000,,10.6,42.1,4.7,59,,
2023-12-08T07:00:00.000000+0000,,11.316666666666668,44.71666666666667,4.3,343,,
2023-12-08T08:00:00.000000+0000,,11.299999999999999,44.68333333333333,6.1,342,,
2023-12-08T09:00:00.000000+0000,,11.65,48.4,4.9,331,,
2023-12-08T10:00:00.000000+0000,,11.566666666666665,51.150000000000006,6.2,322,,
2023-12-08T11:00:00.000000+0000,,11.299999999999999,56.70000000000001,3.9,319,,
2023-12-08T12:00:00.000000+0000,,9.866666666666669,71.3,5.0,327,,
2023-12-08T13:00:00.000000+0000,,8.983333333333333,88.68333333333334,3.6,350,,
2023-12-08T14:00:00.000000+0000,,7.533333333333334,97.51666666666667,2.8,309,,
2023-12-08T15:00:00.000000+0000,,6.133333333333333,98.55,2.2,328,,
2023-12-08T16:00:00.000000+0000,,5.616666666666667,99.28333333333335,1.1,45,,
2023-12-08T17:00:00.000000+0000,,4.85,99.2,2.4,172,,
2023-12-08T18:00:00.000000+0000,,4.75,92.56666666666666,2.0,212,,
2023-12-08T19:00:00.000000+0000,,4.516666666666667,88.08333333333333,2.5,220,,
2023-12-08T20:00:00.000000+0000,,4.8,85.68333333333334,4.0,206,,
2023-12-08T21:00:00.000000+0000,,4.466666666666668,83.35000000000001,4.0,222,,
2023-12-08T22:00:00.000000+0000,,3.633333333333333,93.03333333333335,2.7,233,,
2023-12-08T23:00:00.000000+0000,,3.5833333333333335,95.3,2.5,210,,
2023-12-09T00:00:00.000000+0000,,3.483333333333333,93.96666666666668,1.9,208,,
2023-12-09T01:00:00.000000+0000,,3.533333333333333,97.31666666666666,1.6,220,,
2023-12-09T02:00:00.000000+0000,,3.1666666666666665,90.60000000000001,0.8,189,,
2023-12-09T03:00:00.000000+0000,,3.9,82.43333333333334,1.5,106,,
2023-12-09T04:00:00.000000+0000,,7.083333333333333,66.18333333333334,1.3,153,,
2023-12-09T05:00:00.000000+0000,,10.049999999999999,60.75,0.6,270,,
2023-12-09T06:00:00.000000+0000,,10.216666666666667,74.33333333333333,1.4,18,,
2023-12-09T07:00:00.000000+0000,,9.816666666666668,85.08333333333333,2.6,312,,
2023-12-09T08:00:00.000000+0000,,9.033333333333333,88.11666666666667,2.6,301,,
2023-12-09T09:00:00.000000+0000,,8.15,96.06666666666668,3.3,281,,
2023-12-09T10:00:00.000000+0000,,8.066666666666668,98.33333333333333,2.7,288,,
2023-12-09T11:00:00.000000+0000,,7.7,99.3,3.1,263,,
2023-12-09T12:00:00.000000+0000,,8.85,99.18333333333334,3.5,263,,
2023-12-09T13:00:00.000000+0000,,7.966666666666666,99.3,3.8,294,,
2023-12-09T14:00:00.000000+0000,,8.016666666666667,99.28333333333335,3.8,265,,
2023-12-09T15:00:00.000000+0000,,7.416666666666667,99.3,3.3,256,,
2023-12-09T16:00:00.000000+0000,,6.266666666666667,99.3,2.6,241,,
2023-12-09T17:00:00.000000+0000,,5.983333333333333,99.25,2.4,129,,
2023-12-09T18:00:00.000000+0000,,5.266666666666667,99.26666666666667,1.9,150,,
2023-12-09T19:00:00.000000+0000,,6.116666666666667,99.3,0.7,225,,
2023-12-09T20:00:00.000000+0000,,6.466666666666666,98.03333333333335,2.1,169,,
2023-12-09T21:00:00.000000+0000,,6.133333333333333,99.26666666666667,1.9,233,,
2023-12-09T22:00:00.000000+0000,,5.8999999999999995,99.23333333333333,1.5,196,,
2023-12-09T23:00:00.000000+0000,,4.716666666666667,99.25,1.8,168,,
2023-12-10T00:00:00.000000+0000,,4.516666666666666,98.55,2.0,201,,
2023-12-10T01:00:00.000000+0000,,4.716666666666666,98.96666666666665,2.0,221,,
2023-12-10T02:00:00.000000+0000,,4.483333333333333,97.75,1.3,235,,
2023-12-10T03:00:00.000000+0000,,4.983333333333333,97.16666666666667,0.8,196,,
2023-12-10T04:00:00.000000+0000,,6.533333333333334,95.39999999999999,2.0,145,,
2023-12-10T05:00:00.000000+0000,,7.616666666666666,98.88333333333334,2.4,120,,
2023-12-10T06:00:00.000000+0000,,8.283333333333333,99.3,2.3,352,,
2023-12-10T07:00:00.000000+0000,,7.966666666666666,99.3,2.5,354,,
2023-12-10T08:00:00.000000+0000,,7.583333333333333,99.39999999999999,3.2,324,,
2023-12-10T09:00:00.000000+0000,,7.516666666666667,99.39999999999999,2.9,320,,
2023-12-10T10:00:00.000000+0000,,7.5,99.39999999999999,2.8,313,,
2023-12-10T11:00:00.000000+0000,,7.449999999999999,99.60000000000001,2.7,288,,
2023-12-10T12:00:00.000000+0000,,7.566666666666667,100.0,2.8,276,,
2023-12-10T13:00:00.000000+0000,,7.616666666666666,100.0,3.2,262,,
2023-12-10T14:00:00.000000+0000,,7.716666666666666,100.0,1.7,270,,
2023-12-10T15:00:00.000000+0000,,7.183333333333333,100.0,1.6,291,,
2023-12-10T16:00:00.000000+0000,,6.839999999999999,100.0,0.8,270,,
2023-12-10T17:00:00.000000+0000,,,,1.5,256,,
2023-12-10T20:00:00.000000+0000,,4.133333333333334,99.90000000000002,,,,
2023-12-10T21:00:00.000000+0000,,,,4.9,132,,
2023-12-10T23:00:00.000000+0000,,3.7399999999999998,99.9,,,,
2023-12-11T00:00:00.000000+0000,,3.183333333333333,99.89999999999999,5.6,105,,
2023-12-11T01:00:00.000000+0000,,3.6166666666666667,99.86666666666666,6.9,111,,
2023-12-11T02:00:00.000000+0000,,4.616666666666666,96.48333333333333,7.5,120,,
2023-12-11T03:00:00.000000+0000,,4.866666666666666,78.26666666666667,5.8,107,,
2023-12-11T04:00:00.000000+0000,,7.966666666666666,64.85000000000001,5.1,106,,
2023-12-11T05:00:00.000000+0000,,10.250000000000002,59.21666666666667,5.6,95,,
2023-12-11T06:00:00.000000+0000,,10.866666666666665,60.51666666666666,5.4,81,,
2023-12-11T07:00:00.000000+0000,,11.200000000000001,64.08333333333333,7.1,70,,
2023-12-11T08:00:00.000000+0000,,8.983333333333333,93.60000000000001,5.4,72,,
2023-12-11T09:00:00.000000+0000,,7.183333333333333,99.39999999999999,8.2,336,,
2023-12-11T10:00:00.000000+0000,,7.516666666666667,99.33333333333333,3.3,296,,
2023-12-11T11:00:00.000000+0000,,7.5,99.31666666666666,3.3,307,,
2023-12-11T12:00:00.000000+0000,,7.249999999999999,99.39999999999999,2.6,341,,
2023-12-11T13:00:00.000000+0000,,7.316666666666666,99.39999999999999,1.5,356,,
2023-12-11T14:00:00.000000+0000,,7.633333333333333,99.35000000000001,1.3,288,,
2023-12-11T15:00:00.000000+0000,,6.666666666666667,99.38333333333333,1.4,292,,
2023-12-11T16:00:00.000000+0000,,5.199999999999999,99.01666666666665,1.8,207,,
2023-12-11T17:00:00.000000+0000,,5.949999999999999,90.64999999999999,4.2,129,,
2023-12-11T18:00:00.000000+0000,,6.1000000000000005,85.48333333333333,7.0,143,,
2023-12-11T19:00:00.000000+0000,,5.1499999999999995,89.14999999999999,7.0,136,,
2023-12-11T20:00:00.000000+0000,,4.5,87.39999999999999,5.8,134,,
2023-12-11T21:00:00.000000+0000,,4.95,82.31666666666668,7.3,121,,
2023-12-11T22:00:00.000000+0000,,4.916666666666667,79.95,7.8,123,,
2023-12-11T23:00:00.000000+0000,,5.033333333333333,72.38333333333334,7.6,126,,
2023-12-12T00:00:00.000000+0000,,5.333333333333333,69.41666666666667,7.7,122,,
2023-12-12T01:00:00.000000+0000,,5.183333333333334,70.95,7.9,111,,
2023-12-12T02:00:00.000000+0000,,5.5,69.41666666666667,7.0,119,,
2023-12-12T03:00:00.000000+0000,,5.2,70.18333333333332,7.1,121,,
2023-12-12T04:00:00.000000+0000,,7.566666666666667,63.199999999999996,7.8,118,,
2023-12-12T05:00:00.000000+0000,,10.350000000000001,56.033333333333324,6.7,99,,
2023-12-12T06:00:00.000000+0000,,11.5,53.01666666666667,5.9,80,,
2023-12-12T07:00:00.000000+0000,,11.816666666666668,67.48333333333333,6.1,63,,
2023-12-12T08:00:00.000000+0000,,10.200000000000001,90.81666666666666,6.6,17,,
2023-12-12T09:00:00.000000+0000,,8.733333333333333,99.3,5.7,348,,
2023-12-12T10:00:00.000000+0000,,8.433333333333334,98.91666666666667,5.5,357,,
2023-12-12T11:00:00.000000+0000,,8.299999999999999,99.23333333333333,4.9,2,,
2023-12-12T12:00:00.000000+0000,,8.049999999999999,99.26666666666667,4.1,360,,
2023-12-12T13:00:00.000000+0000,,8.633333333333333,98.36666666666667,2.6,331,,
2023-12-12T14:00:00.000000+0000,,8.816666666666665,99.23333333333333,1.8,305,,
2023-12-12T15:00:00.000000+0000,,7.45,99.34999999999998,1.7,290,,
2023-12-12T16:00:00.000000+0000,,5.983333333333333,91.39999999999999,1.4,219,,
2023-12-12T17:00:00.000000+0000,,4.6000000000000005,80.86666666666667,0.9,162,,
2023-12-12T18:00:00.000000+0000,,4.3500000000000005,71.85000000000001,1.6,172,,
2023-12-12T19:00:00.000000+0000,,4.616666666666666,77.36666666666666,2.6,116,,
2023-12-12T20:00:00.000000+0000,,4.283333333333334,68.23333333333333,2.5,120,,
2023-12-12T21:00:00.000000+0000,,4.666666666666667,63.11666666666667,3.2,129,,
2023-12-12T22:00:00.000000+0000,,3.8666666666666667,64.9,1.7,135,,
2023-12-12T23:00:00.000000+0000,,4.5,59.73333333333334,2.3,118,,
2023-12-13T00:00:00.000000+0000,,4.449999999999999,59.38333333333333,3.0,107,,
2023-12-13T01:00:00.000000+0000,,3.766666666666667,87.21666666666665,2.6,125,,
2023-12-13T02:00:00.000000+0000,,3.9666666666666663,64.73333333333333,1.9,189,,
2023-12-13T03:00:00.000000+0000,,4.8500000000000005,59.18333333333333,4.6,118,,
2023-12-13T04:00:00.000000+0000,,7.266666666666667,62.31666666666666,4.5,117,,
2023-12-13T05:00:00.000000+0000,,8.066666666666666,90.68333333333334,2.5,111,,
2023-12-13T06:00:00.000000+0000,,8.666666666666668,95.18333333333332,2.4,351,,
2023-12-13T07:00:00.000000+0000,,9.4,93.0,3.2,2,,
2023-12-13T08:00:00.000000+0000,,8.4,98.73333333333333,3.7,328,,
2023-12-13T09:00:00.000000+0000,,8.683333333333334,99.2,3.4,332,,
2023-12-13T10:00:00.000000+0000,,9.116666666666667,99.2,2.9,318,,
2023-12-13T11:00:00.000000+0000,,8.8,99.33333333333333,3.2,318,,
2023-12-13T12:00:00.000000+0000,,8.6,99.33333333333333,2.6,33,,
2023-12-13T13:00:00.000000+0000,,7.95,99.39999999999999,3.0,310,,
2023-12-13T14:00:00.000000+0000,,7.516666666666666,99.39999999999999,1.9,277,,
2023-12-13T15:00:00.000000+0000,,7.716666666666666,99.39999999999999,2.5,83,,
2023-12-13T16:00:00.000000+0000,,7.25,99.39999999999999,0.6,333,,
2023-12-13T17:00:00.000000+0000,,7.083333333333333,99.36666666666667,1.1,117,,
2023-12-13T18:00:00.000000+0000,,6.45,99.31666666666666,1.3,114,,
2023-12-13T19:00:00.000000+0000,,6.516666666666667,99.3,1.0,146,,
2023-12-13T20:00:00.000000+0000,,4.766666666666667,99.3,1.3,165,,
2023-12-13T21:00:00.000000+0000,,4.883333333333333,99.28333333333335,1.9,131,,
2023-12-13T22:00:00.000000+0000,,5.733333333333333,99.3,1.2,110,,
2023-12-13T23:00:00.000000+0000,,5.916666666666667,99.3,1.6,108,,
2023-12-14T00:00:00.000000+0000,,4.849999999999999,99.3,1.6,165,,
2023-12-14T01:00:00.000000+0000,,4.716666666666667,99.3,1.3,171,,
2023-12-14T02:00:00.000000+0000,,4.1,99.26666666666667,2.1,109,,
2023-12-14T03:00:00.000000+0000,,3.5833333333333335,99.3,0.9,129,,
2023-12-14T04:00:00.000000+0000,,6.866666666666667,96.0,2.2,120,,
2023-12-14T05:00:00.000000+0000,,8.616666666666667,90.56666666666666,1.6,90,,
2023-12-14T06:00:00.000000+0000,,7.566666666666666,99.06666666666666,3.4,26,,
2023-12-14T07:00:00.000000+0000,,,,3.9,357,,
2023-12-14T15:00:00.000000+0000,,7.8,99.4,,,,
2023-12-14T16:00:00.000000+0000,,7.316666666666666,99.39999999999999,1.3,111,,
2023-12-14T17:00:00.000000+0000,,6.933333333333333,99.36666666666667,2.6,121,,
2023-12-14T18:00:00.000000+0000,,5.716666666666666,99.3,1.5,130,,
2023-12-14T19:00:00.000000+0000,,5.366666666666667,99.26666666666667,1.8,118,,
2023-12-14T20:00:00.000000+0000,,5.566666666666666,98.8,3.8,121,,
2023-12-14T21:00:00.000000+0000,,5.633333333333333,97.91666666666667,2.9,110,,
2023-12-14T22:00:00.000000+0000,,5.5,96.68333333333334,2.1,106,,
2023-12-14T23:00:00.000000+0000,,4.966666666666666,98.05,1.0,124,,
2023-12-15T00:00:00.000000+0000,,4.366666666666666,97.89999999999999,1.4,135,,
2023-12-15T01:00:00.000000+0000,,4.25,96.33333333333333,1.2,112,,
2023-12-15T02:00:00.000000+0000,,5.166666666666667,93.0,2.0,152,,
2023-12-15T03:00:00.000000+0000,,4.983333333333333,93.81666666666666,1.8,205,,
2023-12-15T04:00:00.000000+0000,,6.966666666666666,82.88333333333334,2.0,196,,
2023-12-15T05:00:00.000000+0000,,8.1,84.68333333333334,1.6,315,,
2023-12-15T06:00:00.000000+0000,,7.616666666666667,96.34999999999998,2.8,336,,
2023-12-15T07:00:00.000000+0000,,7.2,99.31666666666666,2.4,324,,
2023-12-15T08:00:00.000000+0000,,8.083333333333334,99.35000000000001,2.3,333,,
2023-12-15T09:00:00.000000+0000,,8.15,99.34999999999998,2.5,351,,
2023-12-15T10:00:00.000000+0000,,7.800000000000001,99.39999999999999,3.9,351,,
2023-12-15T11:00:00.000000+0000,,8.066666666666666,99.36666666666667,3.9,346,,
2023-12-15T12:00:00.000000+0000,,8.65,99.33333333333333,1.9,,,
2023-12-15T13:00:00.000000+0000,,8.916666666666666,99.3,2.6,2,,
2023-12-15T14:00:00.000000+0000,,8.216666666666667,99.38333333333333,2.3,17,,
2023-12-15T15:00:00.000000+0000,,7.716666666666666,99.39999999999999,2.3,289,,
2023-12-15T16:00:00.000000+0000,,7.316666666666666,99.39999999999999,1.4,265,,
2023-12-15T17:00:00.000000+0000,,6.133333333333334,99.28333333333335,1.0,126,,
2023-12-15T18:00:00.000000+0000,,6.266666666666667,99.28333333333335,2.7,124,,
2023-12-15T19:00:00.000000+0000,,6.550000000000001,99.39999999999999,1.6,159,,
2023-12-15T20:00:00.000000+0000,,6.733333333333333,99.39999999999999,1.1,207,,
2023-12-15T21:00:00.000000+0000,,7.133333333333333,99.38333333333333,0.7,90,,
2023-12-15T22:00:00.000000+0000,,7.1499999999999995,99.33333333333333,3.0,111,,
2023-12-15T23:00:00.000000+0000,,6.699999999999999,99.38333333333334,1.4,90,,
2023-12-16T00:00:00.000000+0000,,6.766666666666667,99.39999999999999,1.9,114,,
2023-12-16T01:00:00.000000+0000,,6.5,99.28333333333332,1.3,203,,
2023-12-16T02:00:00.000000+0000,,6.416666666666667,99.33333333333333,0.7,,,
2023-12-16T03:00:00.000000+0000,,6.383333333333333,99.39999999999999,0.8,321,,
2023-12-16T04:00:00.000000+0000,,7.133333333333333,99.35000000000001,1.3,239,,
2023-12-16T05:00:00.000000+0000,,8.583333333333334,99.28333333333335,1.6,209,,
2023-12-16T06:00:00.000000+0000,,8.266666666666666,99.31666666666666,4.1,91,,
2023-12-16T07:00:00.000000+0000,,8.15,99.35000000000001,2.7,161,,
2023-12-16T08:00:00.000000+0000,,8.066666666666668,99.39999999999999,2.2,246,,
2023-12-16T09:00:00.000000+0000,,8.25,99.39999999999999,2.8,307,,
2023-12-16T10:00:00.000000+0000,,7.8999999999999995,99.39999999999999,3.2,330,,
2023-12-16T11:00:00.000000+0000,,7.716666666666666,99.39999999999999,3.8,332,,
2023-12-16T12:00:00.000000+0000,,7.6000000000000005,99.39999999999999,2.6,293,,
2023-12-16T13:00:00.000000+0000,,7.55,99.39999999999999,1.4,293,,
2023-12-16T14:00:00.000000+0000,,7.433333333333334,99.39999999999999,1.4,261,,
2023-12-16T15:00:00.000000+0000,,7.283333333333334,99.39999999999999,1.7,261,,
2023-12-16T16:00:00.000000+0000,,5.249999999999999,99.39999999999999,1.5,219,,
2023-12-16T17:00:00.000000+0000,,5.133333333333334,99.39999999999999,2.5,132,,
2023-12-16T18:00:00.000000+0000,,5.483333333333333,99.39999999999999,3.9,151,,
2023-12-16T19:00:00.000000+0000,,4.499999999999999,99.39999999999999,1.1,186,,
2023-12-16T20:00:00.000000+0000,,4.533333333333334,99.38333333333333,4.4,131,,
2023-12-16T21:00:00.000000+0000,,5.350000000000001,98.91666666666667,4.3,147,,
2023-12-16T22:00:00.000000+0000,,4.616666666666666,99.23333333333333,3.8,146,,
2023-12-16T23:00:00.000000+0000,,5.6499999999999995,99.3,4.8,122,,
2023-12-17T00:00:00.000000+0000,,5.8999999999999995,99.35000000000001,5.3,118,,
2023-12-17T01:00:00.000000+0000,,5.699999999999999,99.34999999999998,5.7,102,,
2023-12-17T02:00:00.000000+0000,,5.6499999999999995,99.35000000000001,5.9,108,,
2023-12-17T03:00:00.000000+0000,,5.550000000000001,99.3,5.2,114,,
2023-12-17T04:00:00.000000+0000,,5.8999999999999995,97.88333333333333,5.6,100,,
2023-12-17T05:00:00.000000+0000,,8.333333333333334,88.86666666666667,5.1,107,,
2023-12-17T06:00:00.000000+0000,,9.383333333333333,81.21666666666668,6.0,99,,
2023-12-17T07:00:00.000000+0000,,9.216666666666665,84.5,5.5,80,,
2023-12-17T08:00:00.000000+0000,,8.183333333333334,96.56666666666666,4.3,328,,
2023-12-17T09:00:00.000000+0000,,8.516666666666667,92.98333333333333,4.6,283,,
2023-12-17T10:00:00.000000+0000,,7.45,98.78333333333332,4.3,262,,
2023-12-17T11:00:00.000000+0000,,6.933333333333334,99.36666666666666,4.2,288,,
2023-12-17T12:00:00.000000+0000,,6.966666666666668,99.39999999999999,3.6,327,,
2023-12-17T13:00:00.000000+0000,,7.283333333333332,99.39999999999999,4.8,13,,
2023-12-17T14:00:00.000000+0000,,7.849999999999999,99.36666666666667,1.8,287,,
2023-12-17T15:00:00.000000+0000,,7.083333333333333,99.39999999999999,2.1,264,,
2023-12-17T16:00:00.000000+0000,,5.0,95.68333333333334,1.7,238,,
2023-12-17T17:00:00.000000+0000,,5.433333333333334,89.7,1.6,186,,
2023-12-17T18:00:00.000000+0000,,5.033333333333334,97.14999999999999,3.0,194,,
2023-12-17T19:00:00.000000+0000,,4.45,85.86666666666667,1.6,232,,
2023-12-17T20:00:00.000000+0000,,4.75,76.36666666666667,2.8,186,,
2023-12-17T21:00:00.000000+0000,,5.133333333333334,76.16666666666667,5.4,139,,
2023-12-17T22:00:00.000000+0000,,5.416666666666667,71.28333333333335,8.8,132,,
2023-12-17T23:00:00.000000+0000,,5.616666666666667,67.88333333333334,8.6,140,,
2023-12-18T00:00:00.000000+0000,,5.883333333333334,68.06666666666666,7.7,134,,
2023-12-18T01:00:00.000000+0000,,5.083333333333333,68.31666666666666,5.4,155,,
2023-12-18T02:00:00.000000+0000,,5.083333333333333,66.10000000000001,7.7,147,,
2023-12-18T03:00:00.000000+0000,,4.933333333333334,67.03333333333333,9.9,138,,
2023-12-18T04:00:00.000000+0000,,6.633333333333333,60.48333333333334,9.5,137,,
2023-12-18T05:00:00.000000+0000,,9.299999999999999,48.79999999999999,7.6,117,,
2023-12-18T06:00:00.000000+0000,,10.700000000000001,49.26666666666667,6.6,86,,
2023-12-18T07:00:00.000000+0000,,9.85,71.51666666666667,7.2,101,,
2023-12-18T08:00:00.000000+0000,,9.633333333333333,86.30000000000001,3.8,319,,
2023-12-18T09:00:00.000000+0000,,9.566666666666668,79.85000000000001,5.8,281,,
2023-12-18T10:00:00.000000+0000,,9.15,85.08333333333333,6.3,250,,
2023-12-18T11:00:00.000000+0000,,8.483333333333333,95.83333333333333,6.8,253,,
2023-12-18T12:00:00.000000+0000,,7.8999999999999995,99.26666666666667,7.1,248,,
2023-12-18T13:00:00.000000+0000,,7.483333333333333,99.36666666666666,6.3,261,,
2023-12-18T14:00:00.000000+0000,,7.083333333333333,99.39999999999999,3.0,334,,
2023-12-18T15:00:00.000000+0000,,6.833333333333333,99.39999999999999,2.4,342,,
2023-12-18T16:00:00.000000+0000,,5.8999999999999995,99.36666666666667,0.8,90,,
2023-12-18T17:00:00.000000+0000,,5.1,98.95,2.0,144,,
2023-12-18T18:00:00.000000+0000,,5.283333333333333,97.7,2.2,105,,
2023-12-18T19:00:00.000000+0000,,5.166666666666667,96.83333333333333,4.7,114,,
2023-12-18T20:00:00.000000+0000,,4.966666666666666,80.86666666666666,5.5,131,,
2023-12-18T21:00:00.000000+0000,,5.8500000000000005,69.71666666666667,7.5,124,,
2023-12-18T22:00:00.000000+0000,,7.216666666666666,72.38333333333334,7.6,131,,
2023-12-18T23:00:00.000000+0000,,6.866666666666667,61.01666666666667,6.2,114,,
2023-12-19T00:00:00.000000+0000,,7.283333333333334,70.13333333333333,6.3,134,,
2023-12-19T01:00:00.000000+0000,,7.433333333333334,79.23333333333333,4.5,123,,
2023-12-19T02:00:00.000000+0000,,6.3,87.14999999999999,4.3,114,,
2023-12-19T03:00:00.000000+0000,,7.283333333333334,85.11666666666667,4.9,118,,
2023-12-19T04:00:00.000000+0000,,7.183333333333334,84.60000000000001,1.9,82,,
2023-12-19T05:00:00.000000+0000,,7.7,75.64999999999999,0.9,30,,
2023-12-19T06:00:00.000000+0000,,8.25,85.96666666666665,1.9,41,,
2023-12-19T07:00:00.000000+0000,,8.450000000000001,94.91666666666667,2.9,26,,
2023-12-19T08:00:00.000000+0000,,8.683333333333332,90.95,3.2,331,,
2023-12-19T09:00:00.000000+0000,,8.933333333333334,86.06666666666666,4.3,315,,
2023-12-19T10:00:00.000000+0000,,8.133333333333335,92.66666666666667,4.3,307,,
2023-12-19T11:00:00.000000+0000,,8.85,87.41666666666667,2.4,310,,
2023-12-19T12:00:00.000000+0000,,8.016666666666667,96.68333333333334,3.6,324,,
2023-12-19T13:00:00.000000+0000,,7.449999999999999,99.28333333333335,3.0,338,,
2023-12-19T14:00:00.000000+0000,,6.95,99.39999999999999,2.3,301,,
2023-12-19T15:00:00.000000+0000,,6.75,99.39999999999999,2.4,278,,
2023-12-19T16:00:00.000000+0000,,6.116666666666666,99.33333333333333,1.7,164,,
2023-12-19T17:00:00.000000+0000,,5.3500000000000005,99.33333333333333,0.6,90,,
2023-12-19T18:00:00.000000+0000,,5.1499999999999995,99.3,2.1,120,,
2023-12-19T19:00:00.000000+0000,,4.716666666666668,98.33333333333333,1.2,104,,
2023-12-19T20:00:00.000000+0000,,4.383333333333334,98.89999999999999,1.9,130,,
2023-12-19T21:00:00.000000+0000,,5.316666666666667,89.3,0.6,207,,
2023-12-19T22:00:00.000000+0000,,4.483333333333334,91.28333333333332,1.1,166,,
2023-12-19T23:00:00.000000+0000,,4.866666666666667,90.36666666666666,3.8,163,,
2023-12-20T00:00:00.000000+0000,,5.216666666666667,88.41666666666667,1.4,207,,
2023-12-20T01:00:00.000000+0000,,5.933333333333334,90.93333333333332,2.5,165,,
2023-12-20T02:00:00.000000+0000,,6.283333333333334,87.38333333333333,2.6,149,,
2023-12-20T03:00:00.000000+0000,,6.966666666666666,84.08333333333333,3.8,139,,
2023-12-20T04:00:00.000000+0000,,7.75,81.93333333333332,3.5,148,,
2023-12-20T05:00:00.000000+0000,,9.4,74.41666666666667,1.3,207,,
2023-12-20T06:00:00.000000+0000,,8.799999999999999,76.51666666666667,2.6,278,,
2023-12-20T07:00:00.000000+0000,,9.35,77.9,3.6,298,,
2023-12-20T08:00:00.000000+0000,,9.25,79.66666666666667,3.2,306,,
2023-12-20T09:00:00.000000+0000,,8.800000000000002,81.85000000000001,3.7,302,,
2023-12-20T10:00:00.000000+0000,,8.933333333333332,80.60000000000001,2.9,312,,
2023-12-20T11:00:00.000000+0000,,8.883333333333331,83.96666666666665,3.4,358,,
2023-12-20T12:00:00.000000+0000,,7.833333333333333,91.55,3.4,338,,
2023-12-20T13:00:00.000000+0000,,7.783333333333334,94.35000000000001,2.3,289,,
2023-12-20T14:00:00.000000+0000,,8.4,93.63333333333333,1.0,45,,
2023-12-20T15:00:00.000000+0000,,7.133333333333333,99.31666666666666,1.2,360,,
2023-12-20T16:00:00.000000+0000,,6.0,95.05,1.2,84,,
2023-12-20T17:00:00.000000+0000,,5.516666666666667,90.10000000000001,1.4,90,,
2023-12-20T18:00:00.000000+0000,,6.166666666666668,85.06666666666666,3.1,120,,
2023-12-20T19:00:00.000000+0000,,6.5,77.16666666666667,6.1,133,,
2023-12-20T20:00:00.000000+0000,,5.633333333333333,79.75,2.9,161,,
2023-12-20T21:00:00.000000+0000,,5.8999999999999995,80.10000000000001,4.0,133,,
2023-12-20T22:00:00.000000+0000,,5.266666666666667,79.2,4.9,142,,
2023-12-20T23:00:00.000000+0000,,5.033333333333332,76.5,3.3,125,,
2023-12-21T00:00:00.000000+0000,,5.000000000000001,77.98333333333332,6.1,118,,
2023-12-21T01:00:00.000000+0000,,4.883333333333333,82.98333333333333,5.3,128,,
2023-12-21T02:00:00.000000+0000,,4.833333333333333,82.19999999999999,3.3,129,,
2023-12-21T03:00:00.000000+0000,,5.05,78.25,5.3,118,,
2023-12-21T04:00:00.000000+0000,,6.433333333333334,67.05,6.4,126,,
2023-12-21T05:00:00.000000+0000,,10.266666666666666,62.0,7.0,133,,
2023-12-21T06:00:00.000000+0000,,11.66666666666667,60.68333333333333,4.4,91,,
2023-12-21T07:00:00.000000+0000,,12.749999999999998,60.43333333333334,5.6,63,,
2023-12-21T08:00:00.000000+0000,,11.333333333333334,62.46666666666667,7.0,74,,
2023-12-21T09:00:00.000000+0000,,12.649999999999999,55.849999999999994,9.5,95,,
2023-12-21T10:00:00.000000+0000,,11.716666666666667,60.94999999999999,8.9,91,,
2023-12-21T11:00:00.000000+0000,,11.1,66.96666666666665,7.8,89,,
2023-12-21T12:00:00.000000+0000,,10.233333333333334,66.34999999999998,6.7,106,,
2023-12-21T13:00:00.000000+0000,,10.3,70.56666666666668,6.5,115,,
2023-12-21T14:00:00.000000+0000,,9.316666666666665,85.93333333333334,3.6,112,,
2023-12-21T15:00:00.000000+0000,,6.45,88.7,2.6,53,,
2023-12-21T16:00:00.000000+0000,,5.25,67.60000000000001,7.1,136,,
2023-12-21T17:00:00.000000+0000,,5.8999999999999995,57.73333333333334,9.6,134,,
2023-12-21T18:00:00.000000+0000,,5.566666666666666,71.13333333333333,9.2,133,,
2023-12-21T19:00:00.000000+0000,,5.216666666666666,73.25,9.2,133,,
2023-12-21T20:00:00.000000+0000,,4.75,84.48333333333333,9.0,126,,
2023-12-21T21:00:00.000000+0000,,4.666666666666667,83.93333333333332,8.9,125,,
2023-12-21T22:00:00.000000+0000,,4.816666666666667,78.71666666666665,7.7,126,,
2023-12-21T23:00:00.000000+0000,,4.833333333333334,80.11666666666666,7.3,125,,
2023-12-22T00:00:00.000000+0000,,4.916666666666667,79.13333333333333,7.2,128,,
2023-12-22T01:00:00.000000+0000,,4.750000000000001,82.85000000000001,7.1,126,,
2023-12-22T02:00:00.000000+0000,,5.866666666666667,92.61666666666667,6.7,124,,
2023-12-22T03:00:00.000000+0000,,5.8500000000000005,84.5,8.3,118,,
2023-12-22T04:00:00.000000+0000,,6.066666666666666,81.41666666666666,7.7,114,,
2023-12-22T05:00:00.000000+0000,,7.733333333333333,81.21666666666668,9.4,107,,
2023-12-22T06:00:00.000000+0000,,9.116666666666667,77.0,8.5,89,,
2023-12-22T07:00:00.000000+0000,,10.566666666666668,66.15,9.9,89,,
2023-12-22T08:00:00.000000+0000,,11.549999999999999,65.68333333333334,6.9,73,,
2023-12-22T09:00:00.000000+0000,,12.583333333333334,63.349999999999994,7.5,78,,
2023-12-22T10:00:00.000000+0000,,11.683333333333332,75.0,5.1,89,,
2023-12-22T11:00:00.000000+0000,,9.183333333333335,98.51666666666667,4.3,355,,
2023-12-22T12:00:00.000000+0000,,9.083333333333334,99.23333333333333,5.6,273,,
2023-12-22T13:00:00.000000+0000,,8.616666666666667,99.3,3.6,297,,
2023-12-22T14:00:00.000000+0000,,8.6,99.31666666666666,2.4,277,,
2023-12-22T15:00:00.000000+0000,,8.0,99.31666666666666,1.5,305,,
2023-12-22T16:00:00.000000+0000,,6.516666666666666,93.5,1.9,277,,
2023-12-22T17:00:00.000000+0000,,6.283333333333334,83.60000000000001,3.3,165,,
2023-12-22T18:00:00.000000+0000,,5.866666666666667,98.13333333333334,3.2,174,,
2023-12-22T19:00:00.000000+0000,,6.216666666666666,96.7,2.0,167,,
2023-12-22T20:00:00.000000+0000,,6.333333333333333,96.56666666666666,4.4,153,,
2023-12-22T21:00:00.000000+0000,,6.25,99.3,4.3,109,,
2023-12-22T22:00:00.000000+0000,,5.650000000000001,99.3,6.5,108,,
2023-12-22T23:00:00.000000+0000,,5.766666666666667,97.65000000000002,8.0,126,,
2023-12-23T00:00:00.000000+0000,,5.983333333333333,99.08333333333333,7.9,141,,
2023-12-23T01:00:00.000000+0000,,5.8,97.94999999999999,5.4,144,,
2023-12-23T02:00:00.000000+0000,,5.716666666666666,96.18333333333334,5.5,128,,
2023-12-23T03:00:00.000000+0000,,5.016666666666667,98.41666666666667,4.2,130,,
2023-12-23T04:00:00.000000+0000,,5.433333333333334,99.2,6.8,131,,
2023-12-23T05:00:00.000000+0000,,6.6000000000000005,90.46666666666665,8.9,130,,
2023-12-23T06:00:00.000000+0000,,8.549999999999999,79.45,7.4,111,,
2023-12-23T07:00:00.000000+0000,,9.766666666666666,76.91666666666667,5.5,98,,
2023-12-23T08:00:00.000000+0000,,9.949999999999998,77.51666666666667,6.5,100,,
2023-12-23T09:00:00.000000+0000,,11.116666666666669,75.55,7.5,94,,
2023-12-23T10:00:00.000000+0000,,8.883333333333333,95.31666666666666,5.4,101,,
2023-12-23T11:00:00.000000+0000,,9.483333333333333,93.3,2.3,273,,
2023-12-23T12:00:00.000000+0000,,8.200000000000001,99.38333333333333,3.2,313,,
2023-12-23T13:00:00.000000+0000,,8.15,99.39999999999999,3.7,283,,
2023-12-23T14:00:00.000000+0000,,8.116666666666667,99.39999999999999,2.5,280,,
2023-12-23T15:00:00.000000+0000,,7.75,99.39999999999999,1.5,279,,
2023-12-23T16:00:00.000000+0000,,5.95,99.28333333333332,0.7,211,,
2023-12-23T17:00:00.000000+0000,,6.199999999999999,99.3,2.0,148,,
2023-12-23T18:00:00.000000+0000,,5.533333333333334,99.36666666666667,1.0,236,,
2023-12-23T19:00:00.000000+0000,,5.416666666666667,98.41666666666667,1.6,186,,
2023-12-23T20:00:00.000000+0000,,6.1499999999999995,91.98333333333333,1.7,172,,
2023-12-23T21:00:00.000000+0000,,4.866666666666666,91.05,1.9,99,,
2023-12-23T22:00:00.000000+0000,,5.249999999999999,91.36666666666667,3.6,141,,
2023-12-23T23:00:00.000000+0000,,4.616666666666666,94.91666666666667,3.6,140,,
2023-12-24T00:00:00.000000+0000,,4.983333333333333,94.76666666666667,3.9,131,,
2023-12-24T01:00:00.000000+0000,,5.666666666666667,93.63333333333333,4.5,152,,
2023-12-24T02:00:00.000000+0000,,5.466666666666666,97.86666666666667,4.7,131,,
2023-12-24T03:00:00.000000+0000,,6.283333333333334,93.68333333333334,6.2,131,,
2023-12-24T04:00:00.000000+0000,,6.783333333333334,99.06666666666666,6.5,121,,
2023-12-24T05:00:00.000000+0000,,8.450000000000001,92.81666666666666,3.9,130,,
2023-12-24T06:00:00.000000+0000,,8.549999999999999,96.31666666666666,3.2,108,,
2023-12-24T07:00:00.000000+0000,,8.533333333333333,99.31666666666666,3.6,18,,
2023-12-24T08:00:00.000000+0000,,9.083333333333334,99.08333333333333,4.7,66,,
2023-12-24T09:00:00.000000+0000,,8.0,99.39999999999999,5.1,30,,
2023-12-24T10:00:00.000000+0000,,7.866666666666666,99.39999999999999,3.3,351,,
2023-12-24T11:00:00.000000+0000,,8.149999999999999,99.39999999999999,2.9,336,,
2023-12-24T12:00:00.000000+0000,,8.283333333333333,99.39999999999999,1.9,279,,
2023-12-24T13:00:00.000000+0000,,8.683333333333334,99.39999999999999,2.2,315,,
2023-12-24T14:00:00.000000+0000,,8.1,99.39999999999999,2.4,315,,
2023-12-24T15:00:00.000000+0000,,7.333333333333333,99.39999999999999,2.7,266,,
2023-12-24T16:00:00.000000+0000,,7.449999999999999,99.39999999999999,1.4,215,,
2023-12-24T17:00:00.000000+0000,,6.516666666666667,99.36666666666667,0.9,261,,
2023-12-24T18:00:00.000000+0000,,4.85,99.3,1.4,157,,
2023-12-24T19:00:00.000000+0000,,5.5,99.28333333333335,1.0,135,,
2023-12-24T20:00:00.000000+0000,,4.916666666666667,99.28333333333332,1.8,160,,
2023-12-24T21:00:00.000000+0000,,5.25,99.2,1.3,194,,
2023-12-24T22:00:00.000000+0000,,4.95,98.46666666666665,2.4,165,,
2023-12-24T23:00:00.000000+0000,,4.783333333333334,96.81666666666668,2.5,158,,
2023-12-25T00:00:00.000000+0000,,5.550000000000001,93.78333333333335,3.2,126,,
2023-12-25T01:00:00.000000+0000,,6.316666666666666,98.33333333333331,2.6,197,,
2023-12-25T02:00:00.000000+0000,,6.316666666666666,98.98333333333333,2.4,151,,
2023-12-25T03:00:00.000000+0000,,6.166666666666667,98.46666666666665,4.5,150,,
2023-12-25T04:00:00.000000+0000,,7.333333333333333,93.26666666666667,5.9,133,,
2023-12-25T05:00:00.000000+0000,,10.916666666666666,78.9,5.4,126,,
2023-12-25T06:00:00.000000+0000,,10.733333333333334,83.98333333333333,3.6,65,,
2023-12-25T07:00:00.000000+0000,,8.733333333333333,99.3,3.4,304,,
2023-12-25T08:00:00.000000+0000,,9.633333333333333,98.75,3.8,326,,
2023-12-25T09:00:00.000000+0000,,8.816666666666666,99.36666666666666,3.4,348,,
2023-12-25T10:00:00.000000+0000,,8.133333333333333,99.39999999999999,3.6,299,,
2023-12-25T11:00:00.000000+0000,,9.566666666666668,99.36666666666667,3.0,187,,
2023-12-25T12:00:00.000000+0000,,9.683333333333334,98.21666666666668,4.2,68,,
2023-12-25T13:00:00.000000+0000,,9.633333333333333,99.33333333333333,3.6,186,,
2023-12-25T14:00:00.000000+0000,,9.549999999999999,99.01666666666667,2.5,246,,
2023-12-25T15:00:00.000000+0000,,8.616666666666665,98.38333333333334,3.3,127,,
2023-12-25T16:00:00.000000+0000,,8.183333333333334,99.33333333333333,1.9,203,,
2023-12-25T17:00:00.000000+0000,,8.016666666666667,99.39999999999999,1.8,261,,
2023-12-25T18:00:00.000000+0000,,7.300000000000001,99.3,1.4,117,,
2023-12-25T19:00:00.000000+0000,,6.933333333333334,89.66666666666669,1.6,126,,
2023-12-25T20:00:00.000000+0000,,6.983333333333333,81.53333333333333,5.4,139,,
2023-12-25T21:00:00.000000+0000,,6.216666666666668,81.98333333333335,5.4,120,,
2023-12-25T22:00:00.000000+0000,,6.633333333333333,71.3,6.1,118,,
2023-12-25T23:00:00.000000+0000,,5.750000000000001,68.31666666666666,6.3,121,,
2023-12-26T00:00:00.000000+0000,,5.8,75.61666666666666,7.0,130,,
2023-12-26T01:00:00.000000+0000,,6.516666666666667,76.71666666666665,7.7,131,,
2023-12-26T02:00:00.000000+0000,,6.3500000000000005,82.85000000000001,6.4,127,,
2023-12-26T03:00:00.000000+0000,,7.683333333333334,74.56666666666668,4.2,140,,
2023-12-26T04:00:00.000000+0000,,7.383333333333334,76.18333333333334,3.0,198,,
2023-12-26T05:00:00.000000+0000,,8.983333333333333,63.550000000000004,6.1,109,,
2023-12-26T06:00:00.000000+0000,,11.166666666666666,65.38333333333333,6.2,105,,
2023-12-26T07:00:00.000000+0000,,12.116666666666667,69.56666666666666,7.7,113,,
2023-12-26T08:00:00.000000+0000,,8.683333333333332,99.28333333333335,5.5,102,,
2023-12-26T09:00:00.000000+0000,,9.533333333333333,93.75,3.3,277,,
2023-12-26T10:00:00.000000+0000,,9.966666666666667,93.18333333333334,5.6,125,,
2023-12-26T11:00:00.000000+0000,,9.440000000000001,99.22,3.6,272,,
2023-12-26T12:00:00.000000+0000,,,,4.5,285,,
2023-12-27T09:00:00.000000+0000,,11.916666666666666,44.75,,,,
2023-12-27T10:00:00.000000+0000,,12.616666666666667,42.13333333333333,9.2,109,,
2023-12-27T11:00:00.000000+0000,,12.566666666666668,60.416666666666664,9.3,94,,
2023-12-27T12:00:00.000000+0000,,10.65,80.33333333333333,5.9,283,,
2023-12-27T13:00:00.000000+0000,,10.283333333333333,79.06666666666666,6.1,290,,
2023-12-27T14:00:00.000000+0000,,9.266666666666666,92.44999999999999,3.6,288,,
2023-12-27T15:00:00.000000+0000,,7.233333333333333,90.96666666666665,2.5,277,,
2023-12-27T16:00:00.000000+0000,,5.3999999999999995,60.849999999999994,1.2,124,,
2023-12-27T17:00:00.000000+0000,,6.2,48.46666666666667,6.1,129,,
2023-12-27T18:00:00.000000+0000,,5.800000000000001,45.21666666666667,5.9,132,,
2023-12-27T19:00:00.000000+0000,,5.25,47.416666666666664,6.9,140,,
2023-12-27T20:00:00.000000+0000,,6.816666666666666,51.9,6.8,145,,
2023-12-27T21:00:00.000000+0000,,4.95,47.949999999999996,6.2,141,,
2023-12-27T22:00:00.000000+0000,,4.75,42.13333333333333,5.4,149,,
2023-12-27T23:00:00.000000+0000,,4.916666666666667,40.46666666666667,5.9,134,,
2023-12-28T00:00:00.000000+0000,,4.983333333333333,45.65,8.4,108,,
2023-12-28T01:00:00.000000+0000,,5.133333333333333,40.15,10.5,110,,
2023-12-28T02:00:00.000000+0000,,5.249999999999999,32.55,11.3,108,,
2023-12-28T03:00:00.000000+0000,,5.416666666666667,33.36666666666667,10.8,109,,
2023-12-28T04:00:00.000000+0000,,5.95,39.88333333333333,11.2,117,,
2023-12-28T05:00:00.000000+0000,,7.933333333333333,41.93333333333333,10.5,103,,
2023-12-28T06:00:00.000000+0000,,9.833333333333332,41.38333333333333,10.5,89,,
2023-12-28T07:00:00.000000+0000,,11.4,38.85,7.2,82,,
2023-12-28T08:00:00.000000+0000,,11.65,47.18333333333334,7.8,64,,
2023-12-28T09:00:00.000000+0000,,11.933333333333335,51.199999999999996,9.7,63,,
2023-12-28T10:00:00.000000+0000,,11.1,62.5,9.7,48,,
2023-12-28T11:00:00.000000+0000,,10.05,76.38333333333334,9.7,20,,
2023-12-28T12:00:00.000000+0000,,8.633333333333335,91.19999999999999,6.1,22,,
2023-12-28T13:00:00.000000+0000,,8.033333333333333,98.23333333333333,4.2,8,,
2023-12-28T14:00:00.000000+0000,,7.800000000000001,99.2,4.7,15,,
2023-12-28T15:00:00.000000+0000,,7.533333333333334,97.10000000000001,2.2,47,,
2023-12-28T16:00:00.000000+0000,,6.900000000000001,94.89999999999999,1.6,153,,
2023-12-28T17:00:00.000000+0000,,6.5,85.25,1.1,156,,
2023-12-28T18:00:00.000000+0000,,6.800000000000001,91.56666666666668,0.9,169,,
2023-12-28T19:00:00.000000+0000,,5.95,82.96666666666665,0.9,121,,
2023-12-28T20:00:00.000000+0000,,4.483333333333333,80.18333333333332,2.2,109,,
2023-12-28T21:00:00.000000+0000,,5.383333333333333,76.14999999999999,5.5,117,,
2023-12-28T22:00:00.000000+0000,,5.283333333333333,65.55,7.4,117,,
2023-12-28T23:00:00.000000+0000,,5.8,60.6,7.1,113,,
2023-12-29T00:00:00.000000+0000,,5.516666666666667,67.88333333333334,7.3,115,,
2023-12-29T01:00:00.000000+0000,,5.166666666666667,77.69999999999999,7.5,107,,
2023-12-29T02:00:00.000000+0000,,4.650000000000001,84.75,8.3,121,,
2023-12-29T03:00:00.000000+0000,,4.633333333333334,78.26666666666667,9.1,134,,
2023-12-29T04:00:00.000000+0000,,6.133333333333333,82.3,8.8,131,,
2023-12-29T05:00:00.000000+0000,,8.416666666666666,80.26666666666667,6.7,111,,
2023-12-29T06:00:00.000000+0000,,10.583333333333334,74.60000000000001,7.1,97,,
2023-12-29T07:00:00.000000+0000,,8.733333333333334,97.8,4.1,175,,
2023-12-29T08:00:00.000000+0000,,8.716666666666667,98.78333333333332,4.2,266,,
2023-12-29T09:00:00.000000+0000,,10.083333333333334,96.13333333333333,3.8,256,,
2023-12-29T10:00:00.000000+0000,,9.933333333333334,93.5,3.7,255,,
2023-12-29T11:00:00.000000+0000,,9.816666666666666,92.91666666666667,5.0,106,,
2023-12-29T12:00:00.000000+0000,,8.15,99.39999999999999,3.9,68,,
2023-12-29T13:00:00.000000+0000,,8.85,98.81666666666666,3.0,272,,
2023-12-29T14:00:00.000000+0000,,8.916666666666668,97.63333333333333,2.2,246,,
2023-12-29T15:00:00.000000+0000,,7.800000000000001,99.3,1.8,277,,
2023-12-29T16:00:00.000000+0000,,7.2,99.35000000000001,1.7,263,,
2023-12-29T17:00:00.000000+0000,,6.533333333333334,99.23333333333333,2.3,90,,
2023-12-29T18:00:00.000000+0000,,6.066666666666666,98.60000000000001,2.4,142,,
2023-12-29T19:00:00.000000+0000,,6.449999999999999,95.2,1.7,112,,
2023-12-29T20:00:00.000000+0000,,5.916666666666667,96.91666666666667,4.0,115,,
2023-12-29T21:00:00.000000+0000,,5.566666666666666,96.3,4.7,125,,
2023-12-29T22:00:00.000000+0000,,4.85,94.91666666666667,3.3,121,,
2023-12-29T23:00:00.000000+0000,,4.9,93.83333333333333,3.2,114,,
2023-12-30T00:00:00.000000+0000,,5.016666666666667,91.51666666666667,4.2,120,,
2023-12-30T01:00:00.000000+0000,,5.483333333333333,87.76666666666665,5.4,127,,
2023-12-30T02:00:00.000000+0000,,4.716666666666666,89.08333333333333,4.4,111,,
2023-12-30T03:00:00.000000+0000,,4.533333333333332,88.23333333333333,2.9,112,,
2023-12-30T04:00:00.000000+0000,,7.866666666666667,74.25,2.8,109,,
2023-12-30T05:00:00.000000+0000,,9.666666666666666,67.75,3.3,107,,
2023-12-30T06:00:00.000000+0000,,10.516666666666666,76.16666666666667,4.0,87,,
2023-12-30T07:00:00.000000+0000,,11.566666666666665,74.46666666666667,3.0,25,,
2023-12-30T08:00:00.000000+0000,,10.299999999999999,95.18333333333334,3.5,45,,
2023-12-30T09:00:00.000000+0000,,10.366666666666665,93.64999999999999,5.7,276,,
2023-12-30T10:00:00.000000+0000,,9.133333333333335,99.28333333333335,4.4,274,,
2023-12-30T11:00:00.000000+0000,,8.833333333333334,99.34999999999998,2.6,252,,
2023-12-30T12:00:00.000000+0000,,10.033333333333331,92.03333333333335,2.3,332,,
2023-12-30T13:00:00.000000+0000,,10.166666666666666,90.06666666666666,3.8,53,,
2023-12-30T14:00:00.000000+0000,,8.649999999999999,99.39999999999999,3.1,360,,
2023-12-30T15:00:00.000000+0000,,7.95,99.25,2.4,260,,
2023-12-30T16:00:00.000000+0000,,7.433333333333334,97.18333333333334,2.8,166,,
2023-12-30T17:00:00.000000+0000,,6.466666666666666,99.25,1.2,153,,
2023-12-30T18:00:00.000000+0000,,6.116666666666666,96.68333333333334,2.1,125,,
2023-12-30T19:00:00.000000+0000,,5.5,96.10000000000001,2.6,124,,
2023-12-30T20:00:00.000000+0000,,5.083333333333333,90.80000000000001,3.2,105,,
2023-12-30T21:00:00.000000+0000,,5.6499999999999995,83.61666666666666,2.0,125,,
2023-12-30T22:00:00.000000+0000,,6.266666666666666,76.53333333333333,4.4,117,,
2023-12-30T23:00:00.000000+0000,,5.8500000000000005,75.93333333333332,5.1,115,,
2023-12-31T00:00:00.000000+0000,,5.8999999999999995,78.13333333333334,5.9,109,,
2023-12-31T01:00:00.000000+0000,,6.1499999999999995,79.7,5.6,109,,
2023-12-31T02:00:00.000000+0000,,6.366666666666667,78.33333333333333,5.5,114,,
2023-12-31T03:00:00.000000+0000,,6.183333333333334,76.93333333333334,6.5,115,,
2023-12-31T04:00:00.000000+0000,,7.833333333333332,73.5,7.3,117,,
2023-12-31T05:00:00.000000+0000,,9.800000000000002,69.71666666666667,8.6,110,,
2023-12-31T06:00:00.000000+0000,,10.350000000000001,76.7,7.5,115,,
2023-12-31T07:00:00.000000+0000,,7.983333333333333,99.33333333333333,4.0,41,,
2023-12-31T08:00:00.000000+0000,,8.233333333333334,99.38333333333334,3.5,333,,
2023-12-31T09:00:00.000000+0000,,7.716666666666666,99.38333333333334,3.6,331,,
2023-12-31T10:00:00.000000+0000,,7.716666666666666,99.35000000000001,3.8,268,,
2023-12-31T11:00:00.000000+0000,,8.466666666666667,99.36666666666666,1.9,63,,
2023-12-31T12:00:00.000000+0000,,7.733333333333333,99.33333333333333,2.1,349,,
2023-12-31T13:00:00.000000+0000,,7.683333333333333,99.39999999999999,1.5,275,,
2023-12-31T14:00:00.000000+0000,,8.450000000000001,99.39999999999999,2.6,71,,
2023-12-31T15:00:00.000000+0000,,8.183333333333334,99.39999999999999,1.7,14,,
2023-12-31T16:00:00.000000+0000,,7.616666666666667,99.39999999999999,3.2,250,,
2023-12-31T17:00:00.000000+0000,,7.233333333333333,99.38333333333333,1.6,246,,
2023-12-31T18:00:00.000000+0000,,7.283333333333334,99.38333333333333,1.6,104,,
2023-12-31T19:00:00.000000+0000,,5.616666666666666,99.3,1.3,225,,
2023-12-31T20:00:00.000000+0000,,5.733333333333333,99.3,1.7,162,,
2023-12-31T21:00:00.000000+0000,,5.6000000000000005,99.28333333333332,1.0,119,,
2023-12-31T22:00:00.000000+0000,,5.066666666666666,99.31666666666666,1.6,174,,
2023-12-31T23:00:00.000000+0000,,4.366666666666666,98.3,1.5,105,,
2024-01-01T00:00:00.000000+0000,,4.1,97.6,2.2,112,,
