dtm,prestah0,ta2200h0,ua2200h0,fkl010h0,dkl010h0,gre000h0,rre150h0
2024-01-01T00:00:00.000000+0000,,4.1,97.6,2.2,112,,
2024-01-01T01:00:00.000000+0000,,4.3,99.16666666666667,3.5,114,,
2024-01-01T02:00:00.000000+0000,,4.283333333333332,99.2,5.1,124,,
2024-01-01T03:00:00.000000+0000,,4.750000000000001,98.71666666666668,7.1,123,,
2024-01-01T04:00:00.000000+0000,,5.1,95.69999999999999,6.4,127,,
2024-01-01T05:00:00.000000+0000,,7.25,86.7,5.8,115,,
2024-01-01T06:00:00.000000+0000,,9.35,82.83333333333333,3.9,38,,
2024-01-01T07:00:00.000000+0000,,8.016666666666666,99.26666666666667,4.8,11,,
2024-01-01T08:00:00.000000+0000,,7.75,99.38333333333333,5.4,8,,
2024-01-01T09:00:00.000000+0000,,8.183333333333334,99.31666666666666,3.6,5,,
2024-01-01T10:00:00.000000+0000,,7.866666666666666,99.38333333333333,3.3,356,,
2024-01-01T11:00:00.000000+0000,,7.716666666666666,99.39999999999999,3.3,2,,
2024-01-01T12:00:00.000000+0000,,8.083333333333332,99.39999999999999,2.6,13,,
2024-01-01T13:00:00.000000+0000,,7.616666666666666,99.39999999999999,1.9,30,,
2024-01-01T14:00:00.000000+0000,,7.783333333333332,99.39999999999999,1.8,294,,
2024-01-01T15:00:00.000000+0000,,8.116666666666667,99.36666666666667,1.4,53,,
2024-01-01T16:00:00.000000+0000,,8.033333333333333,99.36666666666666,1.4,299,,
2024-01-01T17:00:00.000000+0000,,7.433333333333333,99.39999999999999,1.6,246,,
2024-01-01T18:00:00.000000+0000,,6.233333333333334,99.35000000000001,2.2,195,,
2024-01-01T19:00:00.000000+0000,,5.366666666666667,99.31666666666666,1.5,125,,
2024-01-01T20:00:00.000000+0000,,5.3999999999999995,99.28333333333335,1.0,141,,
2024-01-01T21:00:00.000000+0000,,5.216666666666666,99.3,1.5,111,,
2024-01-01T22:00:00.000000+0000,,5.116666666666666,99.28333333333335,1.1,63,,
2024-01-01T23:00:00.000000+0000,,5.516666666666667,99.39999999999999,1.3,125,,
2024-01-02T00:00:00.000000+0000,,5.5,99.39999999999999,2.4,135,,
2024-01-02T01:00:00.000000+0000,,6.399999999999999,99.33333333333333,2.0,130,,
2024-01-02T02:00:00.000000+0000,,5.516666666666666,99.3,2.9,117,,
2024-01-02T03:00:00.000000+0000,,5.3500000000000005,99.28333333333332,2.0,124,,
2024-01-02T04:00:00.000000+0000,,5.5,99.28333333333335,1.8,87,,
2024-01-02T05:00:00.000000+0000,,7.116666666666667,98.21666666666665,1.9,127,,
2024-01-02T06:00:00.000000+0000,,8.166666666666666,97.8,1.2,11,,
2024-01-02T07:00:00.000000+0000,,9.0,95.73333333333333,2.2,319,,
2024-01-02T08:00:00.000000+0000,,8.649999999999999,99.28333333333335,3.5,328,,
2024-01-02T09:00:00.000000+0000,,8.699999999999998,99.3,4.4,357,,
2024-01-02T10:00:00.000000+0000,,8.316666666666665,99.30000000000001,3.7,6,,
2024-01-02T11:00:00.000000+0000,,8.166666666666666,99.39999999999999,2.8,338,,
2024-01-02T12:00:00.000000+0000,,7.983333333333333,99.39999999999999,2.7,3,,
2024-01-02T13:00:00.000000+0000,,7.949999999999999,99.39999999999999,3.6,19,,
2024-01-02T14:00:00.000000+0000,,7.566666666666666,99.39999999999999,3.3,35,,
2024-01-02T15:00:00.000000+0000,,7.916666666666667,99.39999999999999,1.0,67,,
2024-01-02T16:00:00.000000+0000,,7.3,99.3,1.3,360,,
2024-01-02T17:00:00.000000+0000,,5.95,99.21666666666665,2.7,208,,
2024-01-02T18:00:00.000000+0000,,6.183333333333334,94.68333333333334,2.4,216,,
2024-01-02T19:00:00.000000+0000,,6.116666666666666,96.31666666666666,2.0,221,,
2024-01-02T20:00:00.000000+0000,,5.133333333333333,99.28333333333335,1.4,221,,
2024-01-02T21:00:00.000000+0000,,5.866666666666667,99.26666666666667,2.0,208,,
2024-01-02T22:00:00.000000+0000,,6.516666666666667,99.3,1.4,228,,
2024-01-02T23:00:00.000000+0000,,6.1000000000000005,99.3,0.9,201,,
2024-01-03T00:00:00.000000+0000,,5.533333333333334,99.31666666666666,0.6,108,,
2024-01-03T01:00:00.000000+0000,,6.366666666666667,99.31666666666666,0.9,74,,
2024-01-03T02:00:00.000000+0000,,5.966666666666666,99.38333333333333,2.8,75,,
2024-01-03T03:00:00.000000+0000,,5.616666666666667,99.3,2.8,107,,
2024-01-03T04:00:00.000000+0000,,4.816666666666667,99.26666666666667,1.8,128,,
2024-01-03T05:00:00.000000+0000,,7.083333333333333,96.5,2.6,101,,
2024-01-03T06:00:00.000000+0000,,7.916666666666667,95.05,3.3,32,,
2024-01-03T07:00:00.000000+0000,,7.866666666666666,99.16666666666667,3.7,355,,
2024-01-03T08:00:00.000000+0000,,8.0,99.01666666666667,4.7,355,,
2024-01-03T09:00:00.000000+0000,,7.683333333333334,99.25,3.9,344,,
2024-01-03T10:00:00.000000+0000,,7.933333333333334,96.7,2.6,9,,
2024-01-03T11:00:00.000000+0000,,7.516666666666667,99.25,3.9,20,,
2024-01-03T12:00:00.000000+0000,,7.616666666666666,96.71666666666665,2.2,25,,
2024-01-03T13:00:00.000000+0000,,8.15,97.2,3.2,350,,
2024-01-03T14:00:00.000000+0000,,7.783333333333332,99.26666666666667,2.8,360,,
2024-01-03T15:00:00.000000+0000,,7.25,99.38333333333333,2.7,338,,
2024-01-03T16:00:00.000000+0000,,7.2,99.39999999999999,3.3,272,,
2024-01-03T17:00:00.000000+0000,,6.583333333333333,99.33333333333333,4.1,250,,
2024-01-03T18:00:00.000000+0000,,5.8999999999999995,99.3,3.5,217,,
2024-01-03T19:00:00.000000+0000,,6.199999999999999,99.26666666666667,2.0,198,,
2024-01-03T20:00:00.000000+0000,,6.300000000000001,99.3,1.4,219,,
2024-01-03T21:00:00.000000+0000,,6.533333333333334,99.33333333333333,2.7,234,,
2024-01-03T22:00:00.000000+0000,,6.666666666666667,99.39999999999999,1.5,302,,
2024-01-03T23:00:00.000000+0000,,6.3999999999999995,99.39999999999999,2.6,355,,
2024-01-04T00:00:00.000000+0000,,6.083333333333333,99.39999999999999,1.6,8,,
2024-01-04T01:00:00.000000+0000,,6.066666666666666,99.39999999999999,2.0,43,,
2024-01-04T02:00:00.000000+0000,,5.666666666666667,99.39999999999999,1.5,180,,
2024-01-04T03:00:00.000000+0000,,5.916666666666667,99.39999999999999,1.8,17,,
2024-01-04T04:00:00.000000+0000,,5.8500000000000005,99.39999999999999,3.0,26,,
2024-01-04T05:00:00.000000+0000,,5.866666666666667,99.39999999999999,2.6,36,,
2024-01-04T06:00:00.000000+0000,,6.883333333333333,98.89999999999999,2.7,29,,
2024-01-04T07:00:00.000000+0000,,7.983333333333333,89.31666666666668,2.6,10,,
2024-01-04T08:00:00.000000+0000,,8.15,87.84999999999998,2.9,354,,
2024-01-04T09:00:00.000000+0000,,7.8,97.21666666666665,3.0,340,,
2024-01-04T10:00:00.000000+0000,,8.433333333333334,88.80000000000001,4.0,8,,
2024-01-04T11:00:00.000000+0000,,8.066666666666666,94.0,2.8,307,,
2024-01-04T12:00:00.000000+0000,,8.1,92.36666666666667,3.8,9,,
2024-01-04T13:00:00.000000+0000,,8.133333333333333,86.36666666666667,1.6,11,,
2024-01-04T14:00:00.000000+0000,,8.833333333333332,89.93333333333332,1.7,298,,
2024-01-04T15:00:00.000000+0000,,8.116666666666667,99.06666666666666,2.9,2,,
2024-01-04T16:00:00.000000+0000,,7.05,91.51666666666667,1.4,24,,
2024-01-04T17:00:00.000000+0000,,6.499999999999999,98.93333333333334,3.5,226,,
2024-01-04T18:00:00.000000+0000,,5.249999999999999,98.76666666666667,2.2,209,,
2024-01-04T19:00:00.000000+0000,,5.383333333333334,94.56666666666666,2.5,210,,
2024-01-04T20:00:00.000000+0000,,5.433333333333334,98.53333333333335,2.1,218,,
2024-01-04T21:00:00.000000+0000,,6.283333333333334,99.08333333333333,1.3,253,,
2024-01-04T22:00:00.000000+0000,,5.483333333333333,99.3,2.2,211,,
2024-01-04T23:00:00.000000+0000,,6.216666666666668,99.33333333333333,1.8,257,,
2024-01-05T00:00:00.000000+0000,,6.2,99.39999999999999,2.4,291,,
2024-01-05T01:00:00.000000+0000,,5.366666666666666,99.31666666666668,1.5,243,,
2024-01-05T02:00:00.000000+0000,,5.683333333333334,99.3,2.0,47,,
2024-01-05T03:00:00.000000+0000,,5.6499999999999995,99.39999999999999,2.7,43,,
2024-01-05T04:00:00.000000+0000,,5.000000000000001,99.35000000000001,2.1,93,,
2024-01-05T05:00:00.000000+0000,,6.416666666666667,86.2,2.5,92,,
2024-01-05T06:00:00.000000+0000,,8.200000000000001,69.55,3.1,68,,
2024-01-05T07:00:00.000000+0000,,8.266666666666667,77.91666666666667,4.2,10,,
2024-01-05T08:00:00.000000+0000,,9.0,77.60000000000001,3.5,3,,
2024-01-05T09:00:00.000000+0000,,8.549999999999999,84.75,3.6,326,,
2024-01-05T10:00:00.000000+0000,,9.166666666666666,82.86666666666666,4.1,305,,
2024-01-05T11:00:00.000000+0000,,7.3500000000000005,99.05,1.8,333,,
2024-01-05T12:00:00.000000+0000,,7.466666666666668,99.36666666666667,2.0,252,,
2024-01-05T13:00:00.000000+0000,,7.2,99.39999999999999,2.8,264,,
2024-01-05T14:00:00.000000+0000,,7.400000000000001,99.33333333333336,2.0,220,,
2024-01-05T15:00:00.000000+0000,,7.716666666666668,99.13333333333333,3.6,254,,
2024-01-05T16:00:00.000000+0000,,7.316666666666666,99.28333333333335,3.1,244,,
2024-01-05T17:00:00.000000+0000,,6.783333333333334,99.3,1.9,232,,
2024-01-05T18:00:00.000000+0000,,6.933333333333334,98.38333333333333,1.9,208,,
2024-01-05T19:00:00.000000+0000,,6.55,99.31666666666666,0.9,210,,
2024-01-05T20:00:00.000000+0000,,6.616666666666667,99.34999999999998,1.6,279,,
2024-01-05T21:00:00.000000+0000,,6.066666666666667,99.39999999999999,1.1,74,,
2024-01-05T22:00:00.000000+0000,,6.1499999999999995,99.39999999999999,1.1,198,,
2024-01-05T23:00:00.000000+0000,,6.083333333333333,99.3,1.3,90,,
2024-01-06T00:00:00.000000+0000,,5.2,99.3,2.5,102,,
2024-01-06T01:00:00.000000+0000,,5.25,98.05,1.4,158,,
2024-01-06T02:00:00.000000+0000,,4.8,99.2,1.8,180,,
2024-01-06T03:00:00.000000+0000,,4.266666666666667,99.3,2.4,107,,
2024-01-06T04:00:00.000000+0000,,4.583333333333333,99.31666666666666,5.1,93,,
2024-01-06T05:00:00.000000+0000,,5.883333333333333,99.36666666666667,4.1,66,,
2024-01-06T06:00:00.000000+0000,,7.150000000000001,99.03333333333335,3.3,41,,
2024-01-06T07:00:00.000000+0000,,7.316666666666666,91.33333333333333,2.7,9,,
2024-01-06T08:00:00.000000+0000,,8.183333333333334,87.63333333333333,2.7,353,,
2024-01-06T09:00:00.000000+0000,,7.883333333333334,99.28333333333335,2.8,354,,
2024-01-06T10:00:00.000000+0000,,6.983333333333334,99.35000000000001,2.8,15,,
2024-01-06T11:00:00.000000+0000,,7.033333333333334,99.33333333333333,2.8,19,,
2024-01-06T12:00:00.000000+0000,,7.083333333333333,99.39999999999999,2.3,14,,
2024-01-06T13:00:00.000000+0000,,7.266666666666666,99.39999999999999,1.2,6,,
2024-01-06T14:00:00.000000+0000,,7.583333333333333,99.39999999999999,1.5,292,,
2024-01-06T15:00:00.000000+0000,,7.516666666666667,99.39999999999999,1.9,322,,
2024-01-06T16:00:00.000000+0000,,7.083333333333333,99.39999999999999,2.9,272,,
2024-01-06T17:00:00.000000+0000,,6.616666666666667,99.39999999999999,2.3,227,,
2024-01-06T18:00:00.000000+0000,,6.766666666666666,99.39999999999999,1.2,158,,
2024-01-06T19:00:00.000000+0000,,6.750000000000001,99.34999999999998,1.0,99,,
2024-01-06T20:00:00.000000+0000,,6.816666666666666,99.3,1.2,117,,
2024-01-06T21:00:00.000000+0000,,6.95,99.33333333333331,0.9,360,,
2024-01-06T22:00:00.000000+0000,,6.949999999999999,99.33333333333333,1.0,69,,
2024-01-06T23:00:00.000000+0000,,6.883333333333333,99.39999999999999,1.6,90,,
2024-01-07T00:00:00.000000+0000,,6.6000000000000005,99.39999999999999,1.6,68,,
2024-01-07T01:00:00.000000+0000,,6.533333333333334,99.39999999999999,1.7,105,,
2024-01-07T02:00:00.000000+0000,,6.533333333333332,99.39999999999999,3.4,76,,
2024-01-07T03:00:00.000000+0000,,6.316666666666666,99.39999999999999,3.1,96,,
2024-01-07T04:00:00.000000+0000,,5.900000000000001,99.3,4.7,118,,
2024-01-07T05:00:00.000000+0000,,7.599999999999999,92.86666666666667,3.9,101,,
2024-01-07T06:00:00.000000+0000,,8.216666666666667,87.3,3.4,28,,
2024-01-07T07:00:00.000000+0000,,8.600000000000001,80.83333333333333,4.5,25,,
2024-01-07T08:00:00.000000+0000,,9.566666666666665,89.41666666666667,5.1,3,,
2024-01-07T09:00:00.000000+0000,,8.683333333333332,98.48333333333333,4.9,337,,
2024-01-07T10:00:00.000000+0000,,8.033333333333333,98.58333333333333,3.4,346,,
2024-01-07T11:00:00.000000+0000,,8.316666666666665,98.41666666666667,3.7,346,,
2024-01-07T12:00:00.000000+0000,,8.7,99.0,3.3,336,,
2024-01-07T13:00:00.000000+0000,,7.733333333333333,99.39999999999999,3.1,318,,
2024-01-07T14:00:00.000000+0000,,7.75,99.39999999999999,3.1,137,,
2024-01-07T15:00:00.000000+0000,,7.55,99.39999999999999,2.9,250,,
2024-01-07T16:00:00.000000+0000,,7.466666666666668,99.38333333333333,2.2,204,,
2024-01-07T17:00:00.000000+0000,,6.25,99.36666666666667,2.1,138,,
2024-01-07T18:00:00.000000+0000,,6.383333333333334,99.39999999999999,2.1,127,,
2024-01-07T19:00:00.000000+0000,,6.6000000000000005,99.39999999999999,1.0,169,,
2024-01-07T20:00:00.000000+0000,,6.666666666666667,99.39999999999999,1.3,204,,
2024-01-07T21:00:00.000000+0000,,6.7,99.3,2.6,180,,
2024-01-07T22:00:00.000000+0000,,7.0,99.21666666666665,2.3,200,,
2024-01-07T23:00:00.000000+0000,,6.466666666666666,99.21666666666668,0.6,149,,
2024-01-08T00:00:00.000000+0000,,5.883333333333333,97.53333333333335,0.8,63,,
2024-01-08T01:00:00.000000+0000,,4.766666666666667,99.21666666666665,1.2,175,,
2024-01-08T02:00:00.000000+0000,,5.1499999999999995,99.23333333333333,1.0,106,,
2024-01-08T03:00:00.000000+0000,,4.55,99.3,1.5,106,,
2024-01-08T04:00:00.000000+0000,,5.633333333333334,99.3,3.1,123,,
2024-01-08T05:00:00.000000+0000,,6.6000000000000005,98.58333333333333,4.9,119,,
2024-01-08T06:00:00.000000+0000,,8.716666666666667,93.48333333333333,3.5,106,,
2024-01-08T07:00:00.000000+0000,,8.333333333333334,92.03333333333335,2.2,332,,
2024-01-08T08:00:00.000000+0000,,8.766666666666667,92.28333333333335,3.0,302,,
2024-01-08T09:00:00.000000+0000,,8.333333333333334,95.76666666666667,3.3,276,,
2024-01-08T10:00:00.000000+0000,,8.716666666666667,98.43333333333334,4.8,257,,
2024-01-08T11:00:00.000000+0000,,8.066666666666666,99.38333333333333,5.0,249,,
2024-01-08T12:00:00.000000+0000,,7.6499999999999995,99.39999999999999,5.0,312,,
2024-01-08T13:00:00.000000+0000,,7.433333333333334,99.39999999999999,2.5,71,,
2024-01-08T14:00:00.000000+0000,,7.533333333333332,99.39999999999999,1.3,69,,
2024-01-08T15:00:00.000000+0000,,7.566666666666666,99.39999999999999,1.2,294,,
2024-01-08T16:00:00.000000+0000,,7.2,99.39999999999999,1.4,279,,
2024-01-08T17:00:00.000000+0000,,6.183333333333334,99.39999999999999,1.1,233,,
2024-01-08T18:00:00.000000+0000,,5.8500000000000005,99.39999999999999,2.8,140,,
2024-01-08T19:00:00.000000+0000,,5.650000000000001,98.2,4.3,144,,
2024-01-08T20:00:00.000000+0000,,5.416666666666667,98.26666666666667,2.9,212,,
2024-01-08T21:00:00.000000+0000,,5.1000000000000005,98.11666666666667,1.4,240,,
2024-01-08T22:00:00.000000+0000,,4.6499999999999995,99.26666666666667,3.6,109,,
2024-01-08T23:00:00.000000+0000,,4.75,99.3,6.7,128,,
2024-01-09T00:00:00.000000+0000,,4.7,99.21666666666665,5.4,136,,
2024-01-09T01:00:00.000000+0000,,5.433333333333333,96.36666666666667,1.7,145,,
2024-01-09T02:00:00.000000+0000,,4.7,99.2,3.9,138,,
2024-01-09T03:00:00.000000+0000,,4.783333333333332,96.78333333333332,1.0,135,,
2024-01-09T04:00:00.000000+0000,,3.9999999999999996,98.36666666666667,1.6,138,,
2024-01-09T05:00:00.000000+0000,,7.25,88.0,1.3,153,,
2024-01-09T06:00:00.000000+0000,,8.216666666666667,86.88333333333333,1.7,288,,
2024-01-09T07:00:00.000000+0000,,8.583333333333334,93.45,1.8,342,,
2024-01-09T08:00:00.000000+0000,,9.299999999999999,94.18333333333334,3.1,333,,
2024-01-09T09:00:00.000000+0000,,7.900000000000001,99.33333333333333,3.0,321,,
2024-01-09T10:00:00.000000+0000,,7.599999999999999,99.38333333333333,3.2,10,,
2024-01-09T11:00:00.000000+0000,,7.933333333333334,99.38333333333333,3.3,310,,
2024-01-09T12:00:00.000000+0000,,7.500000000000001,99.39999999999999,3.1,333,,
2024-01-09T13:00:00.000000+0000,,7.716666666666666,99.39999999999999,2.8,343,,
2024-01-09T14:00:00.000000+0000,,7.383333333333333,99.39999999999999,3.1,42,,
2024-01-09T15:00:00.000000+0000,,7.6000000000000005,99.39999999999999,2.7,34,,
2024-01-09T16:00:00.000000+0000,,7.3,99.39999999999999,1.9,325,,
2024-01-09T17:00:00.000000+0000,,7.1000000000000005,99.39999999999999,2.8,268,,
2024-01-09T18:00:00.000000+0000,,6.983333333333333,99.39999999999999,4.2,263,,
2024-01-09T19:00:00.000000+0000,,6.566666666666666,99.39999999999999,3.4,259,,
2024-01-09T20:00:00.000000+0000,,5.8999999999999995,99.39999999999999,2.5,242,,
2024-01-09T21:00:00.000000+0000,,5.500000000000001,99.39999999999999,2.6,213,,
2024-01-09T22:00:00.000000+0000,,4.433333333333333,99.39999999999999,1.9,189,,
2024-01-09T23:00:00.000000+0000,,5.583333333333333,99.31666666666666,1.2,167,,
2024-01-10T00:00:00.000000+0000,,5.383333333333333,99.34999999999998,1.3,104,,
2024-01-10T01:00:00.000000+0000,,5.55,99.33333333333333,1.8,106,,
2024-01-10T02:00:00.000000+0000,,5.3500000000000005,99.3,2.3,103,,
2024-01-10T03:00:00.000000+0000,,5.25,99.3,3.8,122,,
2024-01-10T04:00:00.000000+0000,,5.250000000000001,99.26666666666667,4.4,128,,
2024-01-10T05:00:00.000000+0000,,7.216666666666668,93.14999999999999,2.6,87,,
2024-01-10T06:00:00.000000+0000,,6.883333333333333,97.05,4.8,57,,
2024-01-10T07:00:00.000000+0000,,7.8,93.06666666666666,5.0,38,,
2024-01-10T08:00:00.000000+0000,,7.05,97.33333333333333,3.9,29,,
2024-01-10T09:00:00.000000+0000,,7.1499999999999995,99.21666666666665,2.0,357,,
2024-01-10T10:00:00.000000+0000,,7.466666666666668,98.81666666666666,3.0,352,,
2024-01-10T11:00:00.000000+0000,,7.233333333333334,99.3,3.0,323,,
2024-01-10T12:00:00.000000+0000,,7.300000000000001,99.36666666666666,3.5,303,,
2024-01-10T13:00:00.000000+0000,,7.316666666666666,99.38333333333333,3.3,311,,
2024-01-10T14:00:00.000000+0000,,6.75,99.39999999999999,3.5,17,,
2024-01-10T15:00:00.000000+0000,,6.716666666666666,99.39999999999999,1.9,297,,
2024-01-10T16:00:00.000000+0000,,6.816666666666666,99.30000000000001,1.4,249,,
2024-01-10T17:00:00.000000+0000,,6.516666666666667,99.3,0.8,270,,
2024-01-10T18:00:00.000000+0000,,6.016666666666667,99.39999999999999,0.8,219,,
2024-01-10T19:00:00.000000+0000,,6.1499999999999995,99.39999999999999,0.9,72,,
2024-01-10T20:00:00.000000+0000,,6.300000000000001,99.39999999999999,1.0,13,,
2024-01-10T21:00:00.000000+0000,,6.05,99.39999999999999,1.4,15,,
2024-01-10T22:00:00.000000+0000,,6.016666666666667,99.39999999999999,1.8,25,,
2024-01-10T23:00:00.000000+0000,,5.666666666666667,99.39999999999999,2.6,33,,
2024-01-11T00:00:00.000000+0000,,5.333333333333333,99.31666666666666,2.6,115,,
2024-01-11T01:00:00.000000+0000,,5.6499999999999995,99.18333333333334,1.5,85,,
2024-01-11T02:00:00.000000+0000,,5.3999999999999995,99.3,2.1,96,,
2024-01-11T03:00:00.000000+0000,,5.199999999999999,99.25,3.0,106,,
2024-01-11T04:00:00.000000+0000,,5.316666666666667,97.48333333333333,2.1,108,,
2024-01-11T05:00:00.000000+0000,,6.233333333333333,98.26666666666665,3.0,82,,
2024-01-11T06:00:00.000000+0000,,7.650000000000001,95.10000000000001,2.7,53,,
2024-01-11T07:00:00.000000+0000,,8.816666666666666,88.13333333333333,2.2,24,,
2024-01-11T08:00:00.000000+0000,,8.816666666666665,92.73333333333333,2.6,327,,
2024-01-11T09:00:00.000000+0000,,9.85,81.23333333333333,2.8,329,,
2024-01-11T10:00:00.000000+0000,,9.383333333333333,86.86666666666666,3.8,331,,
2024-01-11T11:00:00.000000+0000,,8.083333333333334,99.28333333333335,3.8,327,,
2024-01-11T12:00:00.000000+0000,,7.033333333333332,99.39999999999999,3.0,28,,
2024-01-11T13:00:00.000000+0000,,6.866666666666667,99.38333333333333,1.9,233,,
2024-01-11T14:00:00.000000+0000,,6.933333333333334,99.39999999999999,1.5,282,,
2024-01-11T15:00:00.000000+0000,,7.033333333333334,99.35000000000001,1.5,258,,
2024-01-11T16:00:00.000000+0000,,6.866666666666667,99.3,1.0,174,,
2024-01-11T17:00:00.000000+0000,,6.816666666666666,99.3,1.2,97,,
2024-01-11T18:00:00.000000+0000,,6.8,99.3,1.9,103,,
2024-01-11T19:00:00.000000+0000,,6.983333333333333,99.3,1.4,103,,
2024-01-11T20:00:00.000000+0000,,7.1499999999999995,99.28333333333335,1.1,197,,
2024-01-11T21:00:00.000000+0000,,7.183333333333334,99.28333333333335,1.4,236,,
2024-01-11T22:00:00.000000+0000,,6.1000000000000005,99.38333333333333,1.2,48,,
2024-01-11T23:00:00.000000+0000,,6.133333333333333,99.38333333333333,1.7,118,,
2024-01-12T00:00:00.000000+0000,,6.433333333333334,99.08333333333331,2.5,135,,
2024-01-12T01:00:00.000000+0000,,5.966666666666666,93.53333333333335,4.4,114,,
2024-01-12T02:00:00.000000+0000,,6.25,84.76666666666667,3.6,102,,
2024-01-12T03:00:00.000000+0000,,4.716666666666666,88.06666666666666,1.6,118,,
2024-01-12T04:00:00.000000+0000,,5.3500000000000005,80.78333333333332,2.4,128,,
2024-01-12T05:00:00.000000+0000,,8.033333333333333,64.35000000000001,2.6,122,,
2024-01-12T06:00:00.000000+0000,,9.666666666666666,63.23333333333333,2.8,30,,
2024-01-12T07:00:00.000000+0000,,9.333333333333334,91.68333333333334,2.4,336,,
2024-01-12T08:00:00.000000+0000,,9.933333333333332,93.18333333333334,3.0,360,,
2024-01-12T09:00:00.000000+0000,,9.5,95.60000000000001,3.2,325,,
2024-01-12T10:00:00.000000+0000,,8.549999999999999,99.26666666666667,3.4,332,,
2024-01-12T11:00:00.000000+0000,,8.316666666666666,98.68333333333334,3.4,300,,
2024-01-12T12:00:00.000000+0000,,7.033333333333332,99.31666666666668,2.4,357,,
2024-01-12T13:00:00.000000+0000,,7.400000000000001,85.64999999999999,2.0,128,,
2024-01-12T14:00:00.000000+0000,,9.05,64.56666666666666,1.0,360,,
2024-01-12T15:00:00.000000+0000,,9.183333333333334,65.68333333333334,2.4,249,,
2024-01-12T16:00:00.000000+0000,,7.3833333333333355,72.65,2.1,267,,
2024-01-12T17:00:00.000000+0000,,5.016666666666667,88.18333333333334,2.4,201,,
2024-01-12T18:00:00.000000+0000,,6.716666666666666,80.13333333333334,1.1,90,,
2024-01-12T19:00:00.000000+0000,,6.716666666666666,90.81666666666666,0.9,112,,
2024-01-12T20:00:00.000000+0000,,6.550000000000001,99.21666666666668,0.8,207,,
2024-01-12T21:00:00.000000+0000,,6.7,99.3,1.7,235,,
2024-01-12T22:00:00.000000+0000,,7.033333333333334,99.34999999999998,1.7,278,,
2024-01-12T23:00:00.000000+0000,,7.033333333333332,99.39999999999999,3.6,353,,
2024-01-13T00:00:00.000000+0000,,6.983333333333333,99.39999999999999,2.7,13,,
2024-01-13T01:00:00.000000+0000,,6.45,99.39999999999999,3.0,80,,
2024-01-13T02:00:00.000000+0000,,6.5,99.39999999999999,2.6,66,,
2024-01-13T03:00:00.000000+0000,,6.316666666666667,99.39999999999999,5.5,51,,
2024-01-13T04:00:00.000000+0000,,6.216666666666666,99.39999999999999,4.1,69,,
2024-01-13T05:00:00.000000+0000,,5.983333333333333,99.39999999999999,5.8,44,,
2024-01-13T06:00:00.000000+0000,,5.933333333333334,99.39999999999999,4.9,45,,
2024-01-13T07:00:00.000000+0000,,5.916666666666667,99.39999999999999,5.1,26,,
2024-01-13T08:00:00.000000+0000,,6.533333333333332,99.39999999999999,4.4,38,,
2024-01-13T09:00:00.000000+0000,,7.333333333333333,99.39999999999999,4.4,49,,
2024-01-13T10:00:00.000000+0000,,8.450000000000001,98.66666666666667,6.5,36,,
2024-01-13T11:00:00.000000+0000,,8.100000000000001,99.3,5.1,25,,
2024-01-13T12:00:00.000000+0000,,7.95,99.36666666666666,4.0,21,,
2024-01-13T13:00:00.000000+0000,,8.133333333333335,96.96666666666668,3.7,24,,
2024-01-13T14:00:00.000000+0000,,8.016666666666667,95.75,2.9,44,,
2024-01-13T15:00:00.000000+0000,,8.0,98.51666666666667,2.2,20,,
2024-01-13T16:00:00.000000+0000,,6.633333333333333,99.39999999999999,2.3,66,,
2024-01-13T17:00:00.000000+0000,,5.983333333333333,97.95,3.2,104,,
2024-01-13T18:00:00.000000+0000,,6.733333333333334,83.25,4.3,105,,
2024-01-13T19:00:00.000000+0000,,6.133333333333333,96.83333333333333,4.1,95,,
2024-01-13T20:00:00.000000+0000,,6.3999999999999995,90.71666666666665,3.4,112,,
2024-01-13T21:00:00.000000+0000,,6.533333333333332,90.3,2.7,87,,
2024-01-13T22:00:00.000000+0000,,6.333333333333333,97.18333333333332,3.0,88,,
2024-01-13T23:00:00.000000+0000,,6.633333333333333,86.7,3.0,94,,
2024-01-14T00:00:00.000000+0000,,6.066666666666666,94.35000000000001,2.0,90,,
2024-01-14T01:00:00.000000+0000,,6.45,92.7,2.0,120,,
2024-01-14T02:00:00.000000+0000,,5.95,98.45,2.3,93,,
2024-01-14T03:00:00.000000+0000,,6.033333333333334,86.73333333333333,2.1,115,,
2024-01-14T04:00:00.000000+0000,,6.699999999999999,79.98333333333333,2.3,117,,
2024-01-14T05:00:00.000000+0000,,8.116666666666665,72.0,1.7,106,,
2024-01-14T06:00:00.000000+0000,,9.25,66.60000000000001,1.8,37,,
2024-01-14T07:00:00.000000+0000,,10.033333333333333,66.66666666666667,1.5,356,,
2024-01-14T08:00:00.000000+0000,,10.500000000000002,75.91666666666667,3.9,21,,
2024-01-14T09:00:00.000000+0000,,10.333333333333334,77.95,4.8,22,,
2024-01-14T10:00:00.000000+0000,,10.049999999999999,93.55,6.2,359,,
2024-01-14T11:00:00.000000+0000,,9.166666666666666,99.10000000000001,4.7,18,,
2024-01-14T12:00:00.000000+0000,,8.616666666666667,98.14999999999999,2.8,353,,
2024-01-14T13:00:00.000000+0000,,9.116666666666667,99.35000000000001,4.4,63,,
2024-01-14T14:00:00.000000+0000,,8.799999999999999,99.3,6.5,87,,
2024-01-14T15:00:00.000000+0000,,8.583333333333332,99.21666666666665,4.4,94,,
2024-01-14T16:00:00.000000+0000,,7.733333333333333,98.60000000000001,5.8,120,,
2024-01-14T17:00:00.000000+0000,,7.6000000000000005,89.91666666666667,5.4,133,,
2024-01-14T18:00:00.000000+0000,,7.183333333333334,91.60000000000001,2.4,142,,
2024-01-14T19:00:00.000000+0000,,6.633333333333333,85.53333333333335,5.3,117,,
2024-01-14T20:00:00.000000+0000,,6.116666666666666,88.2,6.3,132,,
2024-01-14T21:00:00.000000+0000,,6.716666666666666,85.64999999999999,7.3,131,,
2024-01-14T22:00:00.000000+0000,,6.133333333333334,74.58333333333333,7.9,121,,
2024-01-14T23:00:00.000000+0000,,5.783333333333334,78.63333333333333,8.1,128,,
2024-01-15T00:00:00.000000+0000,,5.783333333333332,80.8,8.6,123,,
2024-01-15T01:00:00.000000+0000,,6.216666666666666,77.56666666666666,9.1,124,,
2024-01-15T02:00:00.000000+0000,,6.833333333333333,74.45,8.1,125,,
2024-01-15T03:00:00.000000+0000,,6.366666666666666,76.6,7.8,123,,
2024-01-15T04:00:00.000000+0000,,6.066666666666666,81.94999999999999,8.4,120,,
2024-01-15T05:00:00.000000+0000,,7.616666666666667,75.13333333333334,6.9,114,,
2024-01-15T06:00:00.000000+0000,,9.766666666666667,68.7,7.9,104,,
2024-01-15T07:00:00.000000+0000,,10.85,64.5,7.8,75,,
2024-01-15T08:00:00.000000+0000,,11.433333333333332,66.10000000000001,6.0,51,,
2024-01-15T09:00:00.000000+0000,,12.299999999999999,74.53333333333335,6.7,36,,
2024-01-15T10:00:00.000000+0000,,10.716666666666669,95.41666666666667,4.9,276,,
2024-01-15T11:00:00.000000+0000,,9.233333333333334,99.36666666666666,5.3,343,,
2024-01-15T12:00:00.000000+0000,,9.183333333333335,99.39999999999999,5.9,351,,
2024-01-15T13:00:00.000000+0000,,9.883333333333335,99.35000000000001,5.2,19,,
2024-01-15T14:00:00.000000+0000,,9.833333333333334,93.45,4.5,68,,
2024-01-15T15:00:00.000000+0000,,9.1,99.36666666666666,1.9,238,,
2024-01-15T16:00:00.000000+0000,,7.766666666666667,65.26666666666667,2.1,157,,
2024-01-15T17:00:00.000000+0000,,7.533333333333332,47.18333333333334,1.7,135,,
2024-01-15T18:00:00.000000+0000,,6.233333333333332,49.48333333333334,2.7,103,,
2024-01-15T19:00:00.000000+0000,,5.449999999999999,55.88333333333333,4.0,99,,
2024-01-15T20:00:00.000000+0000,,5.05,71.16666666666667,5.3,120,,
2024-01-15T21:00:00.000000+0000,,5.05,79.55,6.3,127,,
2024-01-15T22:00:00.000000+0000,,4.533333333333333,71.48333333333333,3.9,129,,
2024-01-15T23:00:00.000000+0000,,4.233333333333333,69.58333333333333,2.8,128,,
2024-01-16T00:00:00.000000+0000,,4.133333333333333,73.68333333333332,2.7,115,,
2024-01-16T01:00:00.000000+0000,,4.333333333333333,90.39999999999999,6.9,117,,
2024-01-16T02:00:00.000000+0000,,5.1,81.26666666666667,7.6,112,,
2024-01-16T03:00:00.000000+0000,,5.816666666666667,71.48333333333333,6.8,105,,
2024-01-16T04:00:00.000000+0000,,5.616666666666666,71.15,7.4,102,,
2024-01-16T05:00:00.000000+0000,,7.333333333333333,63.01666666666666,7.5,107,,
2024-01-16T06:00:00.000000+0000,,9.233333333333334,62.21666666666666,6.6,84,,
2024-01-16T07:00:00.000000+0000,,10.4,50.96666666666667,8.0,72,,
2024-01-16T08:00:00.000000+0000,,10.85,54.01666666666666,8.1,57,,
2024-01-16T09:00:00.000000+0000,,11.600000000000001,65.61666666666666,7.0,51,,
2024-01-16T10:00:00.000000+0000,,10.899999999999999,77.76666666666667,9.0,40,,
2024-01-16T11:00:00.000000+0000,,10.716666666666667,79.53333333333335,8.1,40,,
2024-01-16T12:00:00.000000+0000,,11.416666666666666,77.76666666666667,7.9,36,,
2024-01-16T13:00:00.000000+0000,,11.15,81.53333333333333,8.6,31,,
2024-01-16T14:00:00.000000+0000,,10.833333333333334,81.26666666666665,8.1,49,,
2024-01-16T15:00:00.000000+0000,,9.666666666666666,76.36666666666666,7.1,86,,
2024-01-16T16:00:00.000000+0000,,7.683333333333334,83.35000000000001,4.8,106,,
2024-01-16T17:00:00.000000+0000,,6.7,90.7,4.3,99,,
2024-01-16T18:00:00.000000+0000,,5.45,94.85000000000001,4.2,112,,
2024-01-16T19:00:00.000000+0000,,4.966666666666666,94.88333333333333,2.5,127,,
2024-01-16T20:00:00.000000+0000,,4.983333333333333,91.68333333333334,2.7,112,,
2024-01-16T21:00:00.000000+0000,,4.3999999999999995,92.39999999999999,2.2,114,,
2024-01-16T22:00:00.000000+0000,,4.083333333333333,95.60000000000001,2.0,87,,
2024-01-16T23:00:00.000000+0000,,4.266666666666667,99.26666666666667,2.7,97,,
2024-01-17T00:00:00.000000+0000,,4.583333333333333,99.26666666666667,5.2,102,,
2024-01-17T01:00:00.000000+0000,,4.15,99.2,5.7,117,,
2024-01-17T02:00:00.000000+0000,,3.616666666666666,87.13333333333334,7.2,118,,
2024-01-17T03:00:00.000000+0000,,3.966666666666667,77.93333333333332,9.1,109,,
2024-01-17T04:00:00.000000+0000,,5.2,64.11666666666667,8.4,107,,
2024-01-17T05:00:00.000000+0000,,6.900000000000001,73.35000000000001,8.1,105,,
2024-01-17T06:00:00.000000+0000,,8.583333333333334,67.69999999999999,7.6,94,,
2024-01-17T07:00:00.000000+0000,,9.716666666666667,57.61666666666667,8.4,73,,
2024-01-17T08:00:00.000000+0000,,10.516666666666666,59.06666666666667,9.2,56,,
2024-01-17T09:00:00.000000+0000,,10.6,68.33333333333333,9.7,40,,
2024-01-17T10:00:00.000000+0000,,9.866666666666667,76.13333333333333,9.1,41,,
2024-01-17T11:00:00.000000+0000,,9.299999999999999,79.48333333333333,7.6,43,,
2024-01-17T12:00:00.000000+0000,,10.166666666666666,80.60000000000001,7.5,43,,
2024-01-17T13:00:00.000000+0000,,9.716666666666665,84.00000000000001,7.4,49,,
2024-01-17T14:00:00.000000+0000,,9.583333333333334,78.23333333333333,6.0,45,,
2024-01-17T15:00:00.000000+0000,,8.450000000000001,78.05,3.3,56,,
2024-01-17T16:00:00.000000+0000,,7.1000000000000005,78.56666666666668,1.0,117,,
2024-01-17T17:00:00.000000+0000,,5.716666666666666,90.91666666666667,2.9,115,,
2024-01-17T18:00:00.000000+0000,,5.733333333333333,88.38333333333333,1.4,119,,
2024-01-17T19:00:00.000000+0000,,5.616666666666667,94.96666666666668,1.3,175,,
2024-01-17T20:00:00.000000+0000,,5.75,95.71666666666665,3.3,78,,
2024-01-17T21:00:00.000000+0000,,6.366666666666666,98.56666666666666,4.3,78,,
2024-01-17T22:00:00.000000+0000,,5.766666666666666,98.35000000000001,4.4,94,,
2024-01-17T23:00:00.000000+0000,,5.55,99.23333333333333,4.3,97,,
2024-01-18T00:00:00.000000+0000,,5.483333333333333,99.23333333333333,5.3,94,,
2024-01-18T01:00:00.000000+0000,,5.366666666666666,99.25,5.4,95,,
2024-01-18T02:00:00.000000+0000,,5.183333333333334,99.23333333333333,7.1,100,,
2024-01-18T03:00:00.000000+0000,,5.233333333333333,98.55,6.1,101,,
2024-01-18T04:00:00.000000+0000,,5.666666666666667,95.08333333333333,6.8,87,,
2024-01-18T05:00:00.000000+0000,,6.516666666666667,94.56666666666666,7.7,93,,
2024-01-18T06:00:00.000000+0000,,8.733333333333333,82.98333333333333,7.7,86,,
2024-01-18T07:00:00.000000+0000,,9.933333333333334,79.60000000000001,6.0,72,,
2024-01-18T08:00:00.000000+0000,,10.0,76.98333333333333,6.9,38,,
2024-01-18T09:00:00.000000+0000,,10.399999999999999,79.11666666666667,7.3,21,,
2024-01-18T10:00:00.000000+0000,,10.316666666666665,86.25,7.0,37,,
2024-01-18T11:00:00.000000+0000,,9.766666666666666,94.03333333333335,7.3,19,,
2024-01-18T12:00:00.000000+0000,,8.866666666666667,93.23333333333335,5.3,30,,
2024-01-18T13:00:00.000000+0000,,9.283333333333333,87.91666666666667,2.7,23,,
2024-01-18T14:00:00.000000+0000,,9.666666666666666,83.8,2.9,358,,
2024-01-18T15:00:00.000000+0000,,9.083333333333334,97.06666666666666,3.3,20,,
2024-01-18T16:00:00.000000+0000,,8.116666666666667,99.3,1.8,7,,
2024-01-18T17:00:00.000000+0000,,7.683333333333334,99.34999999999998,2.1,45,,
2024-01-18T18:00:00.000000+0000,,7.283333333333334,99.39999999999999,2.0,62,,
2024-01-18T19:00:00.000000+0000,,6.566666666666666,99.39999999999999,1.7,302,,
2024-01-18T20:00:00.000000+0000,,6.300000000000001,99.39999999999999,2.9,101,,
2024-01-18T21:00:00.000000+0000,,6.133333333333334,99.39999999999999,1.0,27,,
2024-01-18T22:00:00.000000+0000,,4.766666666666667,99.39999999999999,4.0,72,,
2024-01-18T23:00:00.000000+0000,,4.666666666666667,99.38333333333333,3.2,121,,
2024-01-19T00:00:00.000000+0000,,5.1000000000000005,99.3,2.1,113,,
2024-01-19T01:00:00.000000+0000,,5.816666666666666,96.73333333333333,4.0,,,
2024-01-19T02:00:00.000000+0000,,7.233333333333334,85.74999999999999,7.4,168,,
2024-01-19T03:00:00.000000+0000,,7.550000000000001,81.66,3.2,206,,
2024-01-19T04:00:00.000000+0000,,7.3999999999999995,79.16666666666667,2.5,145,,
2024-01-19T05:00:00.000000+0000,,8.5,80.31666666666666,5.8,131,,
2024-01-19T06:00:00.000000+0000,,8.883333333333333,84.03333333333332,5.2,96,,
2024-01-19T07:00:00.000000+0000,,9.716666666666667,80.56666666666668,4.6,77,,
2024-01-19T08:00:00.000000+0000,,10.3,81.55,7.1,36,,
2024-01-19T09:00:00.000000+0000,,9.633333333333333,77.21666666666667,6.7,33,,
2024-01-19T10:00:00.000000+0000,,10.733333333333334,68.43333333333334,5.8,42,,
2024-01-19T11:00:00.000000+0000,,10.616666666666667,72.16666666666667,6.0,36,,
2024-01-19T12:00:00.000000+0000,,8.916666666666666,85.33333333333333,4.9,49,,
2024-01-19T13:00:00.000000+0000,,7.916666666666667,89.66666666666667,3.4,63,,
2024-01-19T14:00:00.000000+0000,,7.666666666666667,74.85000000000001,3.3,95,,
2024-01-19T15:00:00.000000+0000,,8.016666666666667,78.73333333333333,5.6,123,,
2024-01-19T16:00:00.000000+0000,,7.616666666666667,79.26666666666667,6.1,128,,
2024-01-19T17:00:00.000000+0000,,7.733333333333333,67.76666666666667,4.6,114,,
2024-01-19T18:00:00.000000+0000,,7.633333333333334,69.48333333333333,3.2,117,,
2024-01-19T19:00:00.000000+0000,,7.166666666666667,74.9,4.3,142,,
2024-01-19T20:00:00.000000+0000,,6.233333333333333,83.73333333333333,3.3,135,,
2024-01-19T21:00:00.000000+0000,,6.733333333333333,91.56666666666666,6.0,134,,
2024-01-19T22:00:00.000000+0000,,7.383333333333334,92.23333333333333,4.1,136,,
2024-01-19T23:00:00.000000+0000,,6.766666666666666,99.33333333333333,2.3,69,,
2024-01-20T00:00:00.000000+0000,,6.766666666666667,99.39999999999999,4.9,60,,
2024-01-20T01:00:00.000000+0000,,6.3999999999999995,99.39999999999999,4.6,89,,
2024-01-20T02:00:00.000000+0000,,6.816666666666666,99.3,4.9,107,,
2024-01-20T03:00:00.000000+0000,,6.916666666666667,99.33333333333333,3.5,97,,
2024-01-20T04:00:00.000000+0000,,7.149999999999999,99.10000000000001,4.0,108,,
2024-01-20T05:00:00.000000+0000,,7.75,99.14999999999999,5.3,122,,
2024-01-20T06:00:00.000000+0000,,8.933333333333332,93.46666666666665,3.4,70,,
2024-01-20T07:00:00.000000+0000,,7.95,99.36,4.4,12,,
2024-01-20T08:00:00.000000+0000,,8.416666666666666,99.34999999999998,5.0,12,,
2024-01-20T09:00:00.000000+0000,,7.783333333333334,99.39999999999999,5.1,58,,
2024-01-20T10:00:00.000000+0000,,9.166666666666666,98.43333333333334,3.0,13,,
2024-01-20T11:00:00.000000+0000,,9.716666666666667,95.91666666666667,5.6,3,,
2024-01-20T12:00:00.000000+0000,,7.833333333333333,99.38333333333333,2.9,43,,
2024-01-20T13:00:00.000000+0000,,9.783333333333333,94.28333333333335,5.2,327,,
2024-01-20T14:00:00.000000+0000,,8.333333333333334,99.39999999999999,4.6,27,,
2024-01-20T15:00:00.000000+0000,,7.8999999999999995,99.39999999999999,3.9,45,,
2024-01-20T16:00:00.000000+0000,,7.633333333333333,99.39999999999999,3.7,110,,
2024-01-20T17:00:00.000000+0000,,7.333333333333333,99.38333333333333,1.3,90,,
2024-01-20T18:00:00.000000+0000,,7.383333333333333,99.28333333333335,5.0,157,,
2024-01-20T19:00:00.000000+0000,,8.200000000000001,94.14999999999999,5.1,159,,
2024-01-20T20:00:00.000000+0000,,7.483333333333334,98.80000000000001,2.5,128,,
2024-01-20T21:00:00.000000+0000,,7.3500000000000005,99.11666666666666,5.4,136,,
2024-01-20T22:00:00.000000+0000,,7.1499999999999995,99.11666666666667,5.7,114,,
2024-01-20T23:00:00.000000+0000,,6.583333333333333,99.39999999999999,6.2,86,,
2024-01-21T00:00:00.000000+0000,,6.1000000000000005,99.33333333333333,6.8,100,,
2024-01-21T01:00:00.000000+0000,,5.733333333333333,98.81666666666666,7.1,118,,
2024-01-21T02:00:00.000000+0000,,6.1000000000000005,98.88333333333333,7.9,109,,
2024-01-21T03:00:00.000000+0000,,5.7,99.35000000000001,7.8,105,,
2024-01-21T04:00:00.000000+0000,,5.566666666666666,99.3,7.2,112,,
2024-01-21T05:00:00.000000+0000,,6.3,99.21666666666665,7.9,123,,
2024-01-21T06:00:00.000000+0000,,7.583333333333333,94.56666666666666,6.9,118,,
2024-01-21T07:00:00.000000+0000,,9.066666666666666,79.23333333333333,6.4,111,,
2024-01-21T08:00:00.000000+0000,,11.116666666666665,75.13333333333334,5.0,81,,
2024-01-21T09:00:00.000000+0000,,10.833333333333334,77.98333333333333,6.4,53,,
2024-01-21T10:00:00.000000+0000,,10.516666666666667,80.33333333333333,6.9,53,,
2024-01-21T11:00:00.000000+0000,,10.433333333333334,81.61666666666666,6.6,55,,
2024-01-21T12:00:00.000000+0000,,10.616666666666665,81.39999999999999,6.0,37,,
2024-01-21T13:00:00.000000+0000,,9.983333333333334,87.68333333333332,5.7,34,,
2024-01-21T14:00:00.000000+0000,,9.166666666666666,91.81666666666668,5.7,60,,
2024-01-21T15:00:00.000000+0000,,9.85,84.26666666666667,4.1,74,,
2024-01-21T16:00:00.000000+0000,,8.733333333333333,86.56666666666666,1.6,41,,
2024-01-21T17:00:00.000000+0000,,6.466666666666666,87.95,4.5,103,,
2024-01-21T18:00:00.000000+0000,,6.6499999999999995,87.01666666666667,4.8,102,,
2024-01-21T19:00:00.000000+0000,,6.150000000000001,93.35000000000001,5.7,89,,
2024-01-21T20:00:00.000000+0000,,6.800000000000001,84.91666666666667,5.4,95,,
2024-01-21T21:00:00.000000+0000,,6.633333333333333,73.0,6.3,108,,
2024-01-21T22:00:00.000000+0000,,6.566666666666666,73.9,7.4,106,,
2024-01-21T23:00:00.000000+0000,,5.833333333333333,72.36666666666666,7.1,101,,
2024-01-22T00:00:00.000000+0000,,5.516666666666667,55.70000000000001,7.6,107,,
2024-01-22T01:00:00.000000+0000,,4.483333333333333,61.48333333333334,7.7,118,,
2024-01-22T02:00:00.000000+0000,,5.116666666666666,51.06666666666667,9.2,111,,
2024-01-22T03:00:00.000000+0000,,4.416666666666667,52.63333333333333,10.2,115,,
2024-01-22T04:00:00.000000+0000,,4.116666666666666,76.03333333333335,10.8,107,,
2024-01-22T05:00:00.000000+0000,,5.849999999999999,65.68333333333332,10.6,96,,
2024-01-22T06:00:00.000000+0000,,8.233333333333333,55.11666666666667,8.6,87,,
2024-01-22T07:00:00.000000+0000,,9.333333333333334,55.46666666666667,7.5,74,,
2024-01-22T08:00:00.000000+0000,,9.699999999999998,59.599999999999994,9.1,69,,
2024-01-22T09:00:00.000000+0000,,10.75,66.13333333333334,8.2,79,,
2024-01-22T10:00:00.000000+0000,,11.5,68.26666666666667,8.5,63,,
2024-01-22T11:00:00.000000+0000,,11.266666666666666,63.51666666666666,8.9,64,,
2024-01-22T12:00:00.000000+0000,,11.549999999999999,69.89999999999999,9.2,49,,
2024-01-22T13:00:00.000000+0000,,10.566666666666665,73.73333333333333,8.5,46,,
2024-01-22T14:00:00.000000+0000,,11.016666666666666,77.01666666666667,7.1,57,,
2024-01-22T15:00:00.000000+0000,,10.600000000000001,74.26666666666667,6.0,63,,
2024-01-22T16:00:00.000000+0000,,8.516666666666667,60.03333333333333,6.3,111,,
2024-01-22T17:00:00.000000+0000,,7.616666666666666,43.83333333333332,8.0,111,,
2024-01-22T18:00:00.000000+0000,,7.316666666666667,40.65,10.0,117,,
2024-01-22T19:00:00.000000+0000,,6.283333333333332,54.56666666666667,10.1,117,,
2024-01-22T20:00:00.000000+0000,,6.866666666666667,47.20000000000001,9.8,122,,
2024-01-22T21:00:00.000000+0000,,7.333333333333335,40.75,9.9,123,,
2024-01-22T22:00:00.000000+0000,,7.000000000000001,41.93333333333333,9.6,138,,
2024-01-22T23:00:00.000000+0000,,5.45,58.616666666666674,9.9,129,,
2024-01-23T00:00:00.000000+0000,,4.433333333333333,74.18333333333334,9.8,109,,
2024-01-23T01:00:00.000000+0000,,4.166666666666667,91.48333333333335,8.7,107,,
2024-01-23T02:00:00.000000+0000,,4.25,91.51666666666665,10.4,114,,
2024-01-23T03:00:00.000000+0000,,4.266666666666667,85.60000000000001,9.8,116,,
2024-01-23T04:00:00.000000+0000,,4.266666666666667,83.16666666666667,9.7,117,,
2024-01-23T05:00:00.000000+0000,,5.55,78.45,9.4,110,,
2024-01-23T06:00:00.000000+0000,,8.25,63.18333333333333,8.2,92,,
2024-01-23T07:00:00.000000+0000,,9.633333333333335,62.75000000000001,8.0,63,,
2024-01-23T08:00:00.000000+0000,,10.450000000000001,63.150000000000006,7.4,63,,
2024-01-23T09:00:00.000000+0000,,11.199999999999998,60.53333333333334,8.1,63,,
2024-01-23T10:00:00.000000+0000,,11.766666666666666,53.56666666666667,8.4,65,,
2024-01-23T11:00:00.000000+0000,,11.316666666666668,61.18333333333334,8.6,48,,
2024-01-23T12:00:00.000000+0000,,11.816666666666668,62.31666666666666,7.9,38,,
2024-01-23T13:00:00.000000+0000,,11.583333333333334,66.95,9.6,37,,
2024-01-23T14:00:00.000000+0000,,11.583333333333334,56.866666666666674,6.7,44,,
2024-01-23T15:00:00.000000+0000,,11.033333333333333,50.23333333333334,5.1,71,,
2024-01-23T16:00:00.000000+0000,,8.45,52.71666666666667,6.3,132,,
2024-01-23T17:00:00.000000+0000,,5.866666666666667,29.21666666666667,5.8,127,,
2024-01-23T18:00:00.000000+0000,,5.7,26.05,6.1,117,,
2024-01-23T19:00:00.000000+0000,,5.749999999999999,36.26666666666666,5.8,109,,
2024-01-23T20:00:00.000000+0000,,4.85,47.349999999999994,4.2,105,,
2024-01-23T21:00:00.000000+0000,,3.9499999999999997,58.6,3.7,114,,
2024-01-23T22:00:00.000000+0000,,3.6,67.88333333333334,5.7,122,,
2024-01-23T23:00:00.000000+0000,,3.7166666666666672,69.16666666666667,5.8,117,,
2024-01-24T00:00:00.000000+0000,,4.333333333333333,60.849999999999994,5.1,108,,
2024-01-24T01:00:00.000000+0000,,4.05,60.63333333333333,6.6,110,,
2024-01-24T02:00:00.000000+0000,,3.883333333333333,58.4,8.8,109,,
2024-01-24T03:00:00.000000+0000,,3.966666666666667,65.85000000000001,7.9,106,,
2024-01-24T04:00:00.000000+0000,,3.7499999999999996,85.81666666666666,6.6,103,,
2024-01-24T05:00:00.000000+0000,,5.766666666666667,66.61666666666667,6.1,98,,
2024-01-24T06:00:00.000000+0000,,8.433333333333332,53.083333333333336,5.6,61,,
2024-01-24T07:00:00.000000+0000,,9.416666666666666,58.050000000000004,7.2,49,,
2024-01-24T08:00:00.000000+0000,,10.9,53.31666666666667,7.7,36,,
2024-01-24T09:00:00.000000+0000,,11.433333333333332,53.599999999999994,8.3,37,,
2024-01-24T10:00:00.000000+0000,,11.566666666666668,58.93333333333333,9.2,44,,
2024-01-24T11:00:00.000000+0000,,11.466666666666667,64.08333333333333,9.9,37,,
2024-01-24T12:00:00.000000+0000,,11.566666666666668,65.66666666666667,8.1,31,,
2024-01-24T13:00:00.000000+0000,,10.516666666666666,70.2,6.6,42,,
2024-01-24T14:00:00.000000+0000,,10.466666666666667,74.06666666666668,6.5,28,,
2024-01-24T15:00:00.000000+0000,,9.933333333333334,78.10000000000001,4.7,41,,
2024-01-24T16:00:00.000000+0000,,8.6,71.85000000000001,2.2,84,,
2024-01-24T17:00:00.000000+0000,,5.833333333333333,63.300000000000004,2.8,103,,
2024-01-24T18:00:00.000000+0000,,4.55,65.66666666666666,3.6,117,,
2024-01-24T19:00:00.000000+0000,,4.366666666666666,65.28333333333332,1.9,105,,
2024-01-24T20:00:00.000000+0000,,4.683333333333334,66.15,0.8,76,,
2024-01-24T21:00:00.000000+0000,,4.216666666666667,58.54999999999999,3.1,117,,
2024-01-24T22:00:00.000000+0000,,5.166666666666667,48.85,3.4,107,,
2024-01-24T23:00:00.000000+0000,,4.55,61.65,2.5,111,,
2024-01-25T00:00:00.000000+0000,,3.4666666666666672,95.33333333333333,2.1,119,,
2024-01-25T01:00:00.000000+0000,,4.05,94.09999999999998,3.4,117,,
2024-01-25T02:00:00.000000+0000,,4.8,86.36666666666667,4.5,103,,
2024-01-25T03:00:00.000000+0000,,4.6499999999999995,94.01666666666667,5.7,113,,
2024-01-25T04:00:00.000000+0000,,4.666666666666667,94.51666666666667,6.4,109,,
2024-01-25T05:00:00.000000+0000,,6.433333333333334,79.7,7.3,98,,
2024-01-25T06:00:00.000000+0000,,9.1,62.46666666666667,6.3,73,,
2024-01-25T07:00:00.000000+0000,,10.333333333333334,54.9,8.1,54,,
2024-01-25T08:00:00.000000+0000,,11.35,54.73333333333333,7.5,56,,
2024-01-25T09:00:00.000000+0000,,11.583333333333334,52.23333333333333,9.2,42,,
2024-01-25T10:00:00.000000+0000,,12.700000000000001,56.5,8.0,28,,
2024-01-25T11:00:00.000000+0000,,12.866666666666667,59.06666666666666,7.8,34,,
2024-01-25T12:00:00.000000+0000,,13.116666666666667,64.63333333333333,8.4,31,,
2024-01-25T13:00:00.000000+0000,,12.416666666666664,69.01666666666667,8.5,29,,
2024-01-25T14:00:00.000000+0000,,11.916666666666666,62.0,7.3,59,,
2024-01-25T15:00:00.000000+0000,,10.733333333333334,63.54999999999999,6.3,81,,
2024-01-25T16:00:00.000000+0000,,8.4,71.91666666666667,7.0,105,,
2024-01-25T17:00:00.000000+0000,,7.366666666666666,63.800000000000004,8.0,124,,
2024-01-25T18:00:00.000000+0000,,7.183333333333334,57.916666666666664,7.0,125,,
2024-01-25T19:00:00.000000+0000,,7.133333333333333,58.73333333333333,6.6,116,,
2024-01-25T20:00:00.000000+0000,,6.966666666666666,62.11666666666665,5.9,105,,
2024-01-25T21:00:00.000000+0000,,5.8999999999999995,76.0,4.2,113,,
2024-01-25T22:00:00.000000+0000,,6.05,75.03333333333332,5.7,113,,
2024-01-25T23:00:00.000000+0000,,5.650000000000001,80.25,5.2,114,,
2024-01-26T00:00:00.000000+0000,,5.133333333333333,87.98333333333333,5.0,116,,
2024-01-26T01:00:00.000000+0000,,4.966666666666666,89.45,5.3,114,,
2024-01-26T02:00:00.000000+0000,,4.783333333333334,84.51666666666667,6.1,108,,
2024-01-26T03:00:00.000000+0000,,5.016666666666666,63.06666666666666,6.8,104,,
2024-01-26T04:00:00.000000+0000,,5.466666666666666,82.11666666666667,6.2,99,,
2024-01-26T05:00:00.000000+0000,,6.933333333333333,76.11666666666666,6.5,102,,
2024-01-26T06:00:00.000000+0000,,9.05,68.23333333333333,6.7,71,,
2024-01-26T07:00:00.000000+0000,,10.533333333333333,55.54999999999999,7.4,66,,
2024-01-26T08:00:00.000000+0000,,11.85,53.083333333333336,8.2,56,,
2024-01-26T09:00:00.000000+0000,,12.433333333333332,57.56666666666666,8.2,40,,
2024-01-26T10:00:00.000000+0000,,12.299999999999999,56.300000000000004,9.0,43,,
2024-01-26T11:00:00.000000+0000,,13.233333333333333,55.616666666666674,9.4,38,,
2024-01-26T12:00:00.000000+0000,,11.733333333333334,61.9,8.5,45,,
2024-01-26T13:00:00.000000+0000,,12.283333333333333,62.73333333333333,9.7,49,,
2024-01-26T14:00:00.000000+0000,,11.699999999999998,65.6,9.1,55,,
2024-01-26T15:00:00.000000+0000,,10.049999999999999,79.48333333333333,7.7,76,,
2024-01-26T16:00:00.000000+0000,,8.999999999999998,85.60000000000001,6.9,110,,
2024-01-26T17:00:00.000000+0000,,8.05,69.9,6.1,121,,
2024-01-26T18:00:00.000000+0000,,6.783333333333332,71.78333333333332,7.0,131,,
2024-01-26T19:00:00.000000+0000,,6.466666666666666,74.25,7.2,117,,
2024-01-26T20:00:00.000000+0000,,6.516666666666667,70.36666666666667,7.9,121,,
2024-01-26T21:00:00.000000+0000,,6.1499999999999995,71.71666666666665,8.4,121,,
2024-01-26T22:00:00.000000+0000,,6.783333333333332,67.43333333333334,8.6,131,,
2024-01-26T23:00:00.000000+0000,,6.1499999999999995,66.41666666666667,7.7,123,,
2024-01-27T00:00:00.000000+0000,,6.316666666666666,65.88333333333334,7.8,126,,
2024-01-27T01:00:00.000000+0000,,6.316666666666667,65.03333333333335,6.5,122,,
2024-01-27T02:00:00.000000+0000,,6.366666666666667,63.416666666666664,7.3,106,,
2024-01-27T03:00:00.000000+0000,,5.816666666666666,60.88333333333335,5.7,114,,
2024-01-27T04:00:00.000000+0000,,5.383333333333333,59.23333333333334,6.6,109,,
2024-01-27T05:00:00.000000+0000,,6.933333333333333,59.949999999999996,7.3,104,,
2024-01-27T06:00:00.000000+0000,,9.483333333333333,59.03333333333333,7.0,96,,
2024-01-27T07:00:00.000000+0000,,10.583333333333334,56.083333333333336,7.8,81,,
2024-01-27T08:00:00.000000+0000,,11.649999999999999,54.133333333333326,6.9,83,,
2024-01-27T09:00:00.000000+0000,,12.65,51.46666666666667,8.1,67,,
2024-01-27T10:00:00.000000+0000,,13.216666666666667,47.416666666666664,9.1,60,,
2024-01-27T11:00:00.000000+0000,,12.649999999999999,55.61666666666667,8.8,49,,
2024-01-27T12:00:00.000000+0000,,11.783333333333333,61.31666666666666,8.6,56,,
2024-01-27T13:00:00.000000+0000,,10.633333333333333,68.91666666666667,8.6,35,,
2024-01-27T14:00:00.000000+0000,,11.049999999999999,75.06666666666666,8.3,54,,
2024-01-27T15:00:00.000000+0000,,9.766666666666667,77.38333333333333,6.3,68,,
2024-01-27T16:00:00.000000+0000,,7.783333333333334,88.3,6.8,124,,
2024-01-27T17:00:00.000000+0000,,6.5,87.89999999999999,5.5,135,,
2024-01-27T18:00:00.000000+0000,,6.1000000000000005,87.36666666666666,3.4,140,,
2024-01-27T19:00:00.000000+0000,,5.3,88.5,1.4,157,,
2024-01-27T20:00:00.000000+0000,,4.216666666666667,85.81666666666668,2.4,120,,
2024-01-27T21:00:00.000000+0000,,3.816666666666667,72.05,3.5,114,,
2024-01-27T22:00:00.000000+0000,,3.75,61.23333333333334,4.0,116,,
2024-01-27T23:00:00.000000+0000,,3.3000000000000003,59.949999999999996,3.8,117,,
2024-01-28T00:00:00.000000+0000,,3.4499999999999997,54.26666666666666,3.7,112,,
2024-01-28T01:00:00.000000+0000,,3.266666666666666,54.11666666666667,4.4,114,,
2024-01-28T02:00:00.000000+0000,,3.266666666666666,53.03333333333334,4.2,114,,
2024-01-28T03:00:00.000000+0000,,3.9666666666666663,46.61666666666667,4.2,115,,
2024-01-28T04:00:00.000000+0000,,3.233333333333333,46.916666666666664,3.3,115,,
2024-01-28T05:00:00.000000+0000,,6.016666666666666,40.71666666666666,3.7,107,,
2024-01-28T06:00:00.000000+0000,,10.35,34.266666666666666,3.9,84,,
2024-01-28T07:00:00.000000+0000,,11.200000000000001,43.6,7.0,73,,
2024-01-28T08:00:00.000000+0000,,11.833333333333334,53.48333333333333,7.2,40,,
2024-01-28T09:00:00.000000+0000,,12.416666666666666,53.46666666666667,7.3,39,,
2024-01-28T10:00:00.000000+0000,,12.933333333333332,55.1,7.8,69,,
2024-01-28T11:00:00.000000+0000,,11.350000000000001,66.1,4.7,70,,
2024-01-28T12:00:00.000000+0000,,10.533333333333333,79.36666666666666,6.7,22,,
2024-01-28T13:00:00.000000+0000,,9.5,86.68333333333334,6.4,39,,
2024-01-28T14:00:00.000000+0000,,8.783333333333333,96.55,7.1,42,,
2024-01-28T15:00:00.000000+0000,,8.616666666666667,92.81666666666666,4.0,88,,
2024-01-28T16:00:00.000000+0000,,7.666666666666667,96.61666666666666,6.1,115,,
2024-01-28T17:00:00.000000+0000,,6.416666666666667,95.71666666666665,4.6,215,,
2024-01-28T18:00:00.000000+0000,,5.533333333333332,96.31666666666668,3.9,187,,
2024-01-28T19:00:00.000000+0000,,4.733333333333333,94.10000000000001,2.1,201,,
2024-01-28T20:00:00.000000+0000,,4.85,93.64999999999999,2.9,180,,
2024-01-28T21:00:00.000000+0000,,4.383333333333334,94.68333333333332,1.7,153,,
2024-01-28T22:00:00.000000+0000,,4.216666666666666,94.53333333333332,1.3,138,,
2024-01-28T23:00:00.000000+0000,,4.033333333333334,96.09999999999998,1.6,120,,
2024-01-29T00:00:00.000000+0000,,4.133333333333333,91.2,4.0,127,,
2024-01-29T01:00:00.000000+0000,,4.116666666666666,89.33333333333333,2.3,98,,
2024-01-29T02:00:00.000000+0000,,3.5833333333333335,91.80000000000001,2.1,107,,
2024-01-29T03:00:00.000000+0000,,3.783333333333333,89.25,1.5,150,,
2024-01-29T04:00:00.000000+0000,,4.283333333333334,75.8,3.2,171,,
2024-01-29T05:00:00.000000+0000,,6.383333333333333,69.38333333333333,1.8,155,,
2024-01-29T06:00:00.000000+0000,,10.25,58.78333333333333,1.3,27,,
2024-01-29T07:00:00.000000+0000,,11.15,51.76666666666667,3.2,354,,
2024-01-29T08:00:00.000000+0000,,12.316666666666668,46.949999999999996,6.1,13,,
2024-01-29T09:00:00.000000+0000,,12.100000000000001,52.78333333333334,5.0,8,,
2024-01-29T10:00:00.000000+0000,,11.683333333333335,58.33333333333334,4.6,25,,
2024-01-29T11:00:00.000000+0000,,11.166666666666666,61.13333333333333,4.7,33,,
2024-01-29T12:00:00.000000+0000,,10.200000000000001,75.83333333333333,5.5,31,,
2024-01-29T13:00:00.000000+0000,,10.583333333333334,74.93333333333332,6.0,47,,
2024-01-29T14:00:00.000000+0000,,11.466666666666667,63.666666666666664,5.0,85,,
2024-01-29T15:00:00.000000+0000,,10.1,76.51666666666667,3.0,128,,
2024-01-29T16:00:00.000000+0000,,7.75,85.75,5.7,133,,
2024-01-29T17:00:00.000000+0000,,5.8,73.73333333333333,2.2,180,,
2024-01-29T18:00:00.000000+0000,,5.233333333333333,66.5,2.3,143,,
2024-01-29T19:00:00.000000+0000,,5.716666666666666,62.11666666666667,1.6,159,,
2024-01-29T20:00:00.000000+0000,,5.533333333333334,61.866666666666674,1.1,342,,
2024-01-29T21:00:00.000000+0000,,4.3999999999999995,71.05000000000001,2.8,116,,
2024-01-29T22:00:00.000000+0000,,5.383333333333333,49.81666666666667,5.1,110,,
2024-01-29T23:00:00.000000+0000,,5.816666666666666,36.333333333333336,5.6,112,,
2024-01-30T00:00:00.000000+0000,,5.966666666666668,33.61666666666667,6.2,113,,
2024-01-30T01:00:00.000000+0000,,5.816666666666666,34.28333333333333,5.7,117,,
2024-01-30T02:00:00.000000+0000,,5.866666666666667,38.55,5.0,113,,
2024-01-30T03:00:00.000000+0000,,6.0,39.06666666666667,6.4,116,,
2024-01-30T04:00:00.000000+0000,,6.05,46.18333333333334,5.3,111,,
2024-01-30T05:00:00.000000+0000,,7.316666666666667,43.51666666666666,5.7,103,,
2024-01-30T06:00:00.000000+0000,,10.583333333333334,36.01666666666667,4.6,71,,
2024-01-30T07:00:00.000000+0000,,11.65,33.28333333333333,5.4,43,,
2024-01-30T08:00:00.000000+0000,,12.216666666666667,34.833333333333336,5.6,34,,
2024-01-30T09:00:00.000000+0000,,12.5,35.65,6.3,37,,
2024-01-30T10:00:00.000000+0000,,13.299999999999999,36.78333333333334,8.6,24,,
2024-01-30T11:00:00.000000+0000,,12.383333333333335,57.81666666666667,8.3,35,,
2024-01-30T12:00:00.000000+0000,,12.016666666666666,65.05,8.2,31,,
2024-01-30T13:00:00.000000+0000,,10.35,76.83333333333333,6.9,43,,
2024-01-30T14:00:00.000000+0000,,10.433333333333332,71.51666666666667,6.6,74,,
2024-01-30T15:00:00.000000+0000,,9.466666666666667,66.75000000000001,4.8,117,,
2024-01-30T16:00:00.000000+0000,,8.383333333333333,70.5,4.0,135,,
2024-01-30T17:00:00.000000+0000,,6.183333333333333,69.43333333333334,2.8,164,,
2024-01-30T18:00:00.000000+0000,,5.55,69.46666666666668,2.8,153,,
2024-01-30T19:00:00.000000+0000,,5.55,46.93333333333334,4.4,112,,
2024-01-30T20:00:00.000000+0000,,6.2,38.56666666666666,4.6,105,,
2024-01-30T21:00:00.000000+0000,,5.1,41.9,4.1,113,,
2024-01-30T22:00:00.000000+0000,,5.383333333333333,37.28333333333333,4.8,114,,
2024-01-30T23:00:00.000000+0000,,6.333333333333333,35.199999999999996,6.4,108,,
2024-01-31T00:00:00.000000+0000,,6.1499999999999995,39.11666666666667,6.4,105,,
2024-01-31T01:00:00.000000+0000,,5.8500000000000005,42.6,6.4,110,,
2024-01-31T02:00:00.000000+0000,,5.2,44.25,5.4,107,,
2024-01-31T03:00:00.000000+0000,,5.55,45.63333333333333,6.3,112,,
2024-01-31T04:00:00.000000+0000,,5.8,52.36666666666667,6.8,115,,
2024-01-31T05:00:00.000000+0000,,6.133333333333333,58.01666666666666,6.6,115,,
2024-01-31T06:00:00.000000+0000,,8.716666666666667,52.75,8.1,72,,
2024-01-31T07:00:00.000000+0000,,9.549999999999999,58.81666666666667,9.7,83,,
2024-01-31T08:00:00.000000+0000,,10.783333333333333,50.833333333333336,10.3,85,,
2024-01-31T09:00:00.000000+0000,,11.949999999999998,46.5,10.3,83,,
2024-01-31T10:00:00.000000+0000,,12.466666666666669,47.5,9.3,67,,
2024-01-31T11:00:00.000000+0000,,12.566666666666668,52.41666666666666,8.8,66,,
2024-01-31T12:00:00.000000+0000,,12.633333333333335,56.83333333333334,8.4,52,,
2024-01-31T13:00:00.000000+0000,,12.25,58.31666666666666,10.4,56,,
2024-01-31T14:00:00.000000+0000,,10.966666666666667,65.15,8.5,72,,
2024-01-31T15:00:00.000000+0000,,9.633333333333333,71.06666666666668,10.5,104,,
2024-01-31T16:00:00.000000+0000,,7.916666666666667,68.26666666666667,8.5,135,,
2024-01-31T17:00:00.000000+0000,,6.433333333333334,50.150000000000006,5.6,146,,
2024-01-31T18:00:00.000000+0000,,5.983333333333333,35.416666666666664,7.0,131,,
2024-01-31T19:00:00.000000+0000,,5.966666666666666,22.966666666666665,8.1,148,,
2024-01-31T20:00:00.000000+0000,,6.0666666666666655,18.099999999999998,7.8,141,,
2024-01-31T21:00:00.000000+0000,,6.199999999999999,27.333333333333332,1.6,203,,
2024-01-31T22:00:00.000000+0000,,5.333333333333333,48.63333333333333,0.9,217,,
2024-01-31T23:00:00.000000+0000,,4.433333333333334,63.86666666666667,6.8,133,,
2024-02-01T00:00:00.000000+0000,,5.05,67.31666666666666,8.2,123,,
2024-02-01T01:00:00.000000+0000,,5.416666666666667,71.18333333333334,8.6,116,,
2024-02-01T02:00:00.000000+0000,,5.166666666666667,55.76666666666666,9.3,121,,
2024-02-01T03:00:00.000000+0000,,5.383333333333333,26.349999999999998,8.8,124,,
2024-02-01T04:00:00.000000+0000,,5.3,19.666666666666668,9.9,128,,
2024-02-01T05:00:00.000000+0000,,6.166666666666667,18.650000000000002,10.2,127,,
2024-02-01T06:00:00.000000+0000,,8.683333333333334,19.816666666666666,9.0,104,,
2024-02-01T07:00:00.000000+0000,,10.5,20.349999999999998,9.3,82,,
2024-02-01T08:00:00.000000+0000,,11.0,18.233333333333334,9.2,69,,
2024-02-01T09:00:00.000000+0000,,12.166666666666666,20.983333333333334,8.6,82,,
2024-02-01T10:00:00.000000+0000,,13.0,21.916666666666668,7.0,98,,
2024-02-01T11:00:00.000000+0000,,13.833333333333336,30.483333333333334,5.0,109,,
2024-02-01T12:00:00.000000+0000,,13.183333333333335,57.56666666666667,7.2,242,,
2024-02-01T13:00:00.000000+0000,,10.566666666666668,76.95,7.6,235,,
2024-02-01T14:00:00.000000+0000,,9.066666666666666,85.46666666666665,4.1,208,,
2024-02-01T15:00:00.000000+0000,,9.75,76.60000000000001,4.4,93,,
2024-02-01T16:00:00.000000+0000,,7.3999999999999995,84.71666666666668,5.7,113,,
2024-02-01T17:00:00.000000+0000,,5.05,87.03333333333332,3.8,166,,
2024-02-01T18:00:00.000000+0000,,3.9333333333333336,90.21666666666668,0.9,135,,
2024-02-01T19:00:00.000000+0000,,3.766666666666667,56.583333333333336,1.6,210,,
2024-02-01T20:00:00.000000+0000,,3.466666666666667,57.26666666666667,1.9,140,,
2024-02-01T21:00:00.000000+0000,,3.6333333333333333,32.93333333333334,3.5,102,,
2024-02-01T22:00:00.000000+0000,,4.016666666666667,54.43333333333334,4.0,102,,
2024-02-01T23:00:00.000000+0000,,2.9,49.26666666666666,3.9,156,,
2024-02-02T00:00:00.000000+0000,,3.616666666666667,64.1,2.9,212,,
2024-02-02T01:00:00.000000+0000,,2.8833333333333333,53.6,2.0,159,,
2024-02-02T02:00:00.000000+0000,,3.633333333333333,38.38333333333333,2.3,210,,
2024-02-02T03:00:00.000000+0000,,3.0500000000000003,41.28333333333333,2.2,149,,
2024-02-02T04:00:00.000000+0000,,3.5833333333333335,66.96666666666665,5.9,144,,
2024-02-02T05:00:00.000000+0000,,6.95,63.666666666666664,5.7,134,,
2024-02-02T06:00:00.000000+0000,,10.083333333333334,60.466666666666676,4.6,107,,
2024-02-02T07:00:00.000000+0000,,9.549999999999999,50.81666666666667,3.4,349,,
2024-02-02T08:00:00.000000+0000,,10.0,71.25,3.4,355,,
2024-02-02T09:00:00.000000+0000,,10.483333333333333,79.56666666666668,4.2,3,,
2024-02-02T10:00:00.000000+0000,,9.233333333333333,92.0,4.3,354,,
2024-02-02T11:00:00.000000+0000,,7.766666666666666,99.26666666666667,3.4,320,,
2024-02-02T12:00:00.000000+0000,,7.0,99.38333333333333,2.1,321,,
2024-02-02T13:00:00.000000+0000,,7.033333333333334,99.39999999999999,1.5,309,,
2024-02-02T14:00:00.000000+0000,,7.083333333333333,99.39999999999999,2.1,288,,
2024-02-02T15:00:00.000000+0000,,7.616666666666667,99.3,1.7,274,,
2024-02-02T16:00:00.000000+0000,,6.866666666666667,99.36666666666666,2.0,153,,
2024-02-02T17:00:00.000000+0000,,5.8,99.34999999999998,1.6,189,,
2024-02-02T18:00:00.000000+0000,,5.6000000000000005,98.71666666666668,1.4,185,,
2024-02-02T19:00:00.000000+0000,,5.2,90.15000000000002,0.6,180,,
2024-02-02T20:00:00.000000+0000,,5.0,99.26666666666667,0.5,124,,
2024-02-02T21:00:00.000000+0000,,4.466666666666666,89.71666666666668,3.0,162,,
2024-02-02T22:00:00.000000+0000,,5.800000000000001,94.01666666666667,1.2,344,,
2024-02-02T23:00:00.000000+0000,,4.266666666666667,89.65000000000002,3.3,140,,
2024-02-03T00:00:00.000000+0000,,3.983333333333333,78.0,4.4,147,,
2024-02-03T01:00:00.000000+0000,,3.8666666666666667,88.93333333333334,2.5,202,,
2024-02-03T02:00:00.000000+0000,,5.1499999999999995,46.833333333333336,5.1,153,,
2024-02-03T03:00:00.000000+0000,,7.033333333333332,37.6,9.5,151,,
2024-02-03T04:00:00.000000+0000,,4.766666666666667,95.16666666666667,2.7,247,,
2024-02-03T05:00:00.000000+0000,,6.033333333333334,85.1,1.6,255,,
2024-02-03T06:00:00.000000+0000,,7.783333333333332,75.64999999999999,1.6,301,,
2024-02-03T07:00:00.000000+0000,,9.316666666666665,76.95,2.8,336,,
2024-02-03T08:00:00.000000+0000,,9.6,84.78333333333333,4.0,3,,
2024-02-03T09:00:00.000000+0000,,8.549999999999999,98.78333333333332,3.4,358,,
2024-02-03T10:00:00.000000+0000,,8.75,99.26666666666667,3.5,327,,
2024-02-03T11:00:00.000000+0000,,8.416666666666666,99.31666666666666,3.4,300,,
2024-02-03T12:00:00.000000+0000,,8.55,99.3,2.8,292,,
2024-02-03T13:00:00.000000+0000,,8.633333333333335,99.31666666666666,2.4,301,,
2024-02-03T14:00:00.000000+0000,,8.416666666666666,99.35000000000001,3.7,291,,
2024-02-03T15:00:00.000000+0000,,8.033333333333333,99.38333333333333,3.3,258,,
2024-02-03T16:00:00.000000+0000,,7.166666666666667,99.30000000000001,1.2,233,,
2024-02-03T17:00:00.000000+0000,,5.166666666666667,99.28333333333332,0.8,141,,
2024-02-03T18:00:00.000000+0000,,5.033333333333333,98.83333333333333,1.3,119,,
2024-02-03T19:00:00.000000+0000,,3.9333333333333336,85.86666666666667,2.6,138,,
2024-02-03T20:00:00.000000+0000,,3.9666666666666663,65.18333333333332,5.2,126,,
2024-02-03T21:00:00.000000+0000,,5.133333333333334,81.64999999999999,7.1,133,,
2024-02-03T22:00:00.000000+0000,,5.233333333333333,70.8,7.4,125,,
2024-02-03T23:00:00.000000+0000,,5.583333333333333,59.73333333333333,9.7,138,,
2024-02-04T00:00:00.000000+0000,,7.016666666666667,45.699999999999996,2.3,168,,
2024-02-04T01:00:00.000000+0000,,5.033333333333333,46.01666666666667,3.7,101,,
2024-02-04T02:00:00.000000+0000,,4.583333333333333,46.166666666666664,4.5,138,,
2024-02-04T03:00:00.000000+0000,,6.6000000000000005,57.133333333333326,5.6,156,,
2024-02-04T04:00:00.000000+0000,,5.550000000000001,76.36666666666666,6.5,156,,
2024-02-04T05:00:00.000000+0000,,6.866666666666667,69.58333333333333,3.3,127,,
2024-02-04T06:00:00.000000+0000,,7.3500000000000005,72.44999999999999,1.5,288,,
2024-02-04T07:00:00.000000+0000,,8.766666666666667,77.60000000000001,1.6,338,,
2024-02-04T08:00:00.000000+0000,,8.816666666666665,95.25000000000001,2.8,274,,
2024-02-04T09:00:00.000000+0000,,8.633333333333333,99.23333333333333,4.4,270,,
2024-02-04T10:00:00.000000+0000,,8.866666666666667,96.46666666666665,4.5,275,,
2024-02-04T11:00:00.000000+0000,,9.916666666666666,91.11666666666666,4.0,266,,
2024-02-04T12:00:00.000000+0000,,10.283333333333333,87.91666666666667,6.6,269,,
2024-02-04T13:00:00.000000+0000,,10.149999999999999,89.46666666666668,5.4,55,,
2024-02-04T14:00:00.000000+0000,,10.633333333333333,80.73333333333333,4.3,141,,
2024-02-04T15:00:00.000000+0000,,8.7,94.76666666666667,3.8,147,,
2024-02-04T16:00:00.000000+0000,,7.8500000000000005,90.94999999999999,3.5,182,,
2024-02-04T17:00:00.000000+0000,,6.533333333333332,85.64999999999999,2.6,180,,
2024-02-04T18:00:00.000000+0000,,5.1499999999999995,76.33333333333333,7.3,136,,
2024-02-04T19:00:00.000000+0000,,5.199999999999999,63.36666666666667,7.5,133,,
2024-02-04T20:00:00.000000+0000,,5.1499999999999995,64.48333333333333,8.0,135,,
2024-02-04T21:00:00.000000+0000,,5.383333333333334,87.86666666666667,7.8,136,,
2024-02-04T22:00:00.000000+0000,,5.949999999999999,90.28333333333332,7.2,136,,
2024-02-04T23:00:00.000000+0000,,5.866666666666666,87.64999999999999,7.5,126,,
2024-02-05T00:00:00.000000+0000,,5.316666666666666,98.96666666666665,5.6,126,,
2024-02-05T01:00:00.000000+0000,,5.566666666666666,99.3,6.4,110,,
2024-02-05T02:00:00.000000+0000,,5.6499999999999995,99.3,7.2,102,,
2024-02-05T03:00:00.000000+0000,,4.716666666666666,98.93333333333334,7.8,116,,
2024-02-05T04:00:00.000000+0000,,4.333333333333333,90.88333333333333,10.5,120,,
2024-02-05T05:00:00.000000+0000,,5.183333333333333,79.41666666666667,11.3,113,,
2024-02-05T06:00:00.000000+0000,,7.616666666666667,66.88333333333333,10.9,106,,
2024-02-05T07:00:00.000000+0000,,9.75,59.23333333333334,10.5,95,,
2024-02-05T08:00:00.000000+0000,,10.949999999999998,40.45,9.1,89,,
2024-02-05T09:00:00.000000+0000,,11.4,36.800000000000004,7.5,90,,
2024-02-05T10:00:00.000000+0000,,11.933333333333332,45.06666666666666,8.4,80,,
2024-02-09T08:00:00.000000+0000,,9.149999999999999,96.05000000000001,3.6,334,,
2024-02-09T09:00:00.000000+0000,,8.350000000000001,99.33333333333333,3.0,303,,
2024-02-09T10:00:00.000000+0000,,9.000000000000002,99.3,3.1,278,,
2024-02-09T11:00:00.000000+0000,,10.133333333333333,99.23333333333333,4.0,293,,
2024-02-09T12:00:00.000000+0000,,10.35,97.66666666666667,3.5,314,,
2024-02-09T13:00:00.000000+0000,,10.566666666666666,98.26666666666667,3.3,318,,
2024-02-09T14:00:00.000000+0000,,11.316666666666668,82.85,2.2,107,,
2024-02-09T15:00:00.000000+0000,,9.500000000000002,94.18333333333332,3.1,135,,
2024-02-09T16:00:00.000000+0000,,7.983333333333333,99.30000000000001,2.6,243,,
2024-02-09T17:00:00.000000+0000,,6.499999999999999,99.3,2.7,126,,
2024-02-09T18:00:00.000000+0000,,5.733333333333334,99.03333333333332,4.4,146,,
2024-02-09T19:00:00.000000+0000,,5.866666666666666,95.18333333333334,2.0,131,,
2024-02-09T20:00:00.000000+0000,,5.1000000000000005,94.51666666666667,2.0,140,,
2024-02-09T21:00:00.000000+0000,,5.183333333333334,96.43333333333334,4.6,132,,
2024-02-09T22:00:00.000000+0000,,5.233333333333333,92.89999999999999,6.6,131,,
2024-02-09T23:00:00.000000+0000,,4.949999999999999,90.56666666666666,3.9,121,,
2024-02-10T00:00:00.000000+0000,,4.283333333333334,91.05,6.3,129,,
2024-02-10T01:00:00.000000+0000,,4.116666666666666,89.7,6.4,134,,
2024-02-10T02:00:00.000000+0000,,4.633333333333334,80.63333333333334,7.1,142,,
2024-02-10T03:00:00.000000+0000,,4.3500000000000005,76.83333333333333,5.5,136,,
2024-02-10T04:00:00.000000+0000,,5.833333333333333,81.5,6.8,131,,
2024-02-10T05:00:00.000000+0000,,7.666666666666667,76.63333333333333,6.1,130,,
2024-02-10T06:00:00.000000+0000,,10.466666666666667,64.78333333333333,5.8,101,,
2024-02-10T07:00:00.000000+0000,,12.116666666666665,54.71666666666667,6.4,101,,
2024-02-10T08:00:00.000000+0000,,13.433333333333335,49.866666666666674,6.1,74,,
2024-02-10T09:00:00.000000+0000,,12.616666666666667,70.12,4.0,345,,
2024-02-10T10:00:00.000000+0000,,14.1,78.0,7.1,,,
2024-02-10T11:00:00.000000+0000,,13.016666666666667,69.7,4.1,82,,
2024-02-10T12:00:00.000000+0000,,13.083333333333334,62.88333333333335,6.1,88,,
2024-02-10T13:00:00.000000+0000,,13.1,59.633333333333326,6.7,104,,
2024-02-10T14:00:00.000000+0000,,10.366666666666667,90.5,3.8,302,,
2024-02-10T15:00:00.000000+0000,,8.883333333333333,92.10000000000001,4.5,126,,
2024-02-10T16:00:00.000000+0000,,7.8,92.39999999999999,6.0,138,,
2024-02-10T17:00:00.000000+0000,,6.466666666666668,86.36666666666666,3.4,141,,
2024-02-10T18:00:00.000000+0000,,5.849999999999999,75.58333333333333,6.9,137,,
2024-02-10T19:00:00.000000+0000,,6.516666666666666,74.05,7.8,128,,
2024-02-10T20:00:00.000000+0000,,6.816666666666666,65.1,8.8,116,,
2024-02-10T21:00:00.000000+0000,,6.533333333333332,75.11666666666667,10.7,128,,
2024-02-10T22:00:00.000000+0000,,5.916666666666667,70.43333333333332,12.0,124,,
2024-02-10T23:00:00.000000+0000,,6.2,64.86666666666667,8.4,113,,
2024-02-11T00:00:00.000000+0000,,6.25,64.96666666666667,8.2,118,,
2024-02-11T01:00:00.000000+0000,,6.6000000000000005,55.949999999999996,8.0,121,,
2024-02-11T02:00:00.000000+0000,,6.8999999999999995,51.88333333333333,7.7,119,,
2024-02-11T03:00:00.000000+0000,,6.716666666666668,46.050000000000004,7.3,123,,
2024-02-11T04:00:00.000000+0000,,6.183333333333334,53.599999999999994,7.6,116,,
2024-02-11T05:00:00.000000+0000,,7.616666666666666,51.51666666666667,6.7,98,,
2024-02-11T06:00:00.000000+0000,,10.033333333333333,48.24999999999999,6.4,65,,
2024-02-11T07:00:00.000000+0000,,10.933333333333335,40.416666666666664,6.7,76,,
2024-02-11T08:00:00.000000+0000,,12.75,34.26666666666667,7.0,71,,
2024-02-11T09:00:00.000000+0000,,12.866666666666667,39.36666666666667,7.7,59,,
2024-02-11T10:00:00.000000+0000,,12.416666666666666,53.73333333333333,9.2,46,,
2024-02-11T11:00:00.000000+0000,,13.049999999999999,51.11666666666667,9.1,49,,
2024-02-11T12:00:00.000000+0000,,12.616666666666665,56.48333333333333,10.9,49,,
2024-02-11T13:00:00.000000+0000,,11.0,70.51666666666667,7.9,39,,
2024-02-11T14:00:00.000000+0000,,10.116666666666667,75.78333333333332,8.0,52,,
2024-02-11T15:00:00.000000+0000,,9.933333333333334,68.76666666666667,5.4,83,,
2024-02-11T16:00:00.000000+0000,,7.983333333333334,62.79999999999999,7.7,109,,
2024-02-11T17:00:00.000000+0000,,6.933333333333334,35.800000000000004,7.7,118,,
2024-02-11T18:00:00.000000+0000,,6.933333333333334,30.83333333333333,7.1,125,,
2024-02-11T19:00:00.000000+0000,,7.099999999999999,29.46666666666667,7.3,119,,
2024-02-11T20:00:00.000000+0000,,6.783333333333332,31.933333333333337,7.7,117,,
2024-02-11T21:00:00.000000+0000,,6.45,37.81666666666666,8.4,126,,
2024-02-11T22:00:00.000000+0000,,6.1000000000000005,39.85,8.4,123,,
2024-02-11T23:00:00.000000+0000,,5.75,40.300000000000004,9.0,116,,
2024-02-12T00:00:00.000000+0000,,6.233333333333333,39.11666666666667,8.7,112,,
2024-02-12T01:00:00.000000+0000,,5.933333333333334,40.1,7.7,110,,
2024-02-12T02:00:00.000000+0000,,5.7,41.666666666666664,6.7,118,,
2024-02-12T03:00:00.000000+0000,,5.483333333333333,46.41666666666668,7.5,116,,
2024-02-12T04:00:00.000000+0000,,5.783333333333334,47.96666666666667,8.5,107,,
2024-02-12T05:00:00.000000+0000,,7.683333333333334,47.71666666666666,8.5,97,,
2024-02-12T06:00:00.000000+0000,,10.05,43.61666666666667,8.6,89,,
2024-02-12T07:00:00.000000+0000,,11.266666666666666,49.85,8.0,61,,
2024-02-12T08:00:00.000000+0000,,12.549999999999999,50.35,7.2,55,,
2024-02-12T09:00:00.000000+0000,,13.116666666666665,45.150000000000006,6.3,40,,
2024-02-12T10:00:00.000000+0000,,13.833333333333334,48.199999999999996,7.9,32,,
2024-02-12T11:00:00.000000+0000,,14.15,49.666666666666664,9.1,26,,
2024-02-12T12:00:00.000000+0000,,12.016666666666666,58.31666666666667,5.5,20,,
2024-02-12T13:00:00.000000+0000,,10.933333333333332,67.93333333333332,6.3,33,,
2024-02-12T14:00:00.000000+0000,,9.933333333333334,74.49999999999999,4.8,44,,
2024-02-12T15:00:00.000000+0000,,9.15,83.38333333333334,3.4,55,,
2024-02-12T16:00:00.000000+0000,,8.966666666666667,71.91666666666667,0.7,72,,
2024-02-12T17:00:00.000000+0000,,5.966666666666666,79.71666666666667,0.6,90,,
2024-02-12T18:00:00.000000+0000,,4.716666666666667,84.21666666666667,1.4,175,,
2024-02-12T19:00:00.000000+0000,,4.916666666666667,82.88333333333333,1.0,164,,
2024-02-12T20:00:00.000000+0000,,4.533333333333333,77.71666666666667,3.3,106,,
2024-02-12T21:00:00.000000+0000,,3.783333333333333,75.86666666666667,3.8,120,,
2024-02-12T22:00:00.000000+0000,,4.633333333333334,69.03333333333333,5.5,110,,
2024-02-12T23:00:00.000000+0000,,5.05,63.61666666666667,6.4,115,,
2024-02-13T00:00:00.000000+0000,,4.666666666666667,63.866666666666674,6.4,114,,
2024-02-13T01:00:00.000000+0000,,4.516666666666667,63.08333333333334,7.1,111,,
2024-02-13T02:00:00.000000+0000,,5.05,62.81666666666667,6.9,101,,
2024-02-13T03:00:00.000000+0000,,4.866666666666666,74.48333333333333,6.8,106,,
2024-02-13T04:00:00.000000+0000,,4.45,82.93333333333334,6.6,114,,
2024-02-13T05:00:00.000000+0000,,7.050000000000001,68.66666666666667,5.0,99,,
2024-02-13T06:00:00.000000+0000,,10.166666666666666,58.650000000000006,5.9,91,,
2024-02-13T07:00:00.000000+0000,,11.083333333333334,60.11666666666667,4.1,22,,
2024-02-13T08:00:00.000000+0000,,12.283333333333333,58.150000000000006,5.5,1,,
2024-02-13T09:00:00.000000+0000,,11.616666666666665,68.23333333333333,5.3,330,,
2024-02-13T10:00:00.000000+0000,,10.333333333333334,83.18333333333332,4.7,301,,
2024-02-13T11:00:00.000000+0000,,9.683333333333332,90.0,5.4,2,,
2024-02-13T12:00:00.000000+0000,,9.333333333333334,93.98333333333333,4.4,13,,
2024-02-13T13:00:00.000000+0000,,9.616666666666667,91.46666666666668,6.0,27,,
2024-02-13T14:00:00.000000+0000,,9.983333333333333,81.34999999999998,5.9,41,,
2024-02-13T15:00:00.000000+0000,,9.833333333333334,76.18333333333334,3.7,88,,
2024-02-13T16:00:00.000000+0000,,7.8500000000000005,82.2,3.1,148,,
2024-02-13T17:00:00.000000+0000,,6.216666666666666,80.88333333333333,3.7,136,,
2024-02-13T18:00:00.000000+0000,,6.0,74.36666666666666,2.5,188,,
2024-02-13T19:00:00.000000+0000,,5.033333333333333,75.51666666666667,2.9,132,,
2024-02-13T20:00:00.000000+0000,,5.25,63.18333333333333,5.7,124,,
2024-02-13T21:00:00.000000+0000,,5.733333333333334,51.050000000000004,5.9,120,,
2024-02-13T22:00:00.000000+0000,,6.133333333333334,51.9,6.7,118,,
2024-02-13T23:00:00.000000+0000,,5.866666666666667,58.449999999999996,6.9,123,,
2024-02-14T00:00:00.000000+0000,,7.016666666666667,56.96666666666667,6.7,117,,
2024-02-14T01:00:00.000000+0000,,6.8500000000000005,68.76666666666667,9.5,117,,
2024-02-14T02:00:00.000000+0000,,5.266666666666667,83.81666666666668,8.2,128,,
2024-02-14T03:00:00.000000+0000,,5.433333333333334,81.33333333333333,8.3,121,,
2024-02-14T04:00:00.000000+0000,,5.349999999999999,63.716666666666676,8.2,129,,
2024-02-14T05:00:00.000000+0000,,7.849999999999999,41.18333333333333,9.0,121,,
2024-02-14T06:00:00.000000+0000,,10.566666666666666,36.11666666666667,10.0,110,,
2024-02-14T07:00:00.000000+0000,,12.116666666666667,33.8,9.5,105,,
2024-02-14T08:00:00.000000+0000,,13.683333333333335,30.7,7.9,92,,
2024-02-14T09:00:00.000000+0000,,14.149999999999999,34.083333333333336,6.9,88,,
2024-02-14T10:00:00.000000+0000,,14.883333333333333,36.949999999999996,7.4,79,,
2024-02-14T11:00:00.000000+0000,,14.85,42.70000000000001,7.6,77,,
2024-02-14T12:00:00.000000+0000,,13.783333333333333,52.9,8.1,54,,
2024-02-14T13:00:00.000000+0000,,12.25,57.18333333333334,6.3,91,,
2024-02-14T14:00:00.000000+0000,,11.049999999999999,64.65,5.6,119,,
2024-02-14T15:00:00.000000+0000,,10.283333333333333,75.41666666666667,5.4,119,,
2024-02-14T16:00:00.000000+0000,,9.483333333333334,81.86666666666666,2.4,128,,
2024-02-14T17:00:00.000000+0000,,7.516666666666667,88.01666666666667,1.2,198,,
2024-02-14T18:00:00.000000+0000,,5.8999999999999995,84.13333333333333,1.6,201,,
2024-02-14T19:00:00.000000+0000,,4.683333333333334,53.199999999999996,2.9,114,,
2024-02-14T20:00:00.000000+0000,,5.5,48.699999999999996,3.7,124,,
2024-02-14T21:00:00.000000+0000,,4.95,71.46666666666665,1.7,192,,
2024-02-14T22:00:00.000000+0000,,3.8833333333333333,59.166666666666664,3.1,127,,
2024-02-14T23:00:00.000000+0000,,4.383333333333334,50.199999999999996,4.8,119,,
2024-02-15T00:00:00.000000+0000,,4.333333333333333,33.06666666666667,5.6,130,,
2024-02-15T01:00:00.000000+0000,,4.3999999999999995,25.266666666666666,6.8,131,,
2024-02-15T02:00:00.000000+0000,,5.533333333333332,21.450000000000003,8.6,115,,
2024-02-15T03:00:00.000000+0000,,6.316666666666666,18.48333333333333,8.8,117,,
2024-02-15T04:00:00.000000+0000,,6.283333333333334,19.316666666666666,8.9,127,,
2024-02-15T05:00:00.000000+0000,,8.15,18.78333333333333,11.2,129,,
2024-02-15T06:00:00.000000+0000,,10.916666666666666,18.23333333333333,11.3,120,,
2024-02-15T07:00:00.000000+0000,,13.133333333333333,18.95,9.1,117,,
2024-02-15T08:00:00.000000+0000,,13.633333333333335,34.8,3.6,90,,
2024-02-15T09:00:00.000000+0000,,13.366666666666665,46.88333333333333,4.9,281,,
2024-02-15T10:00:00.000000+0000,,13.333333333333334,55.95000000000001,6.1,264,,
2024-02-15T11:00:00.000000+0000,,14.816666666666668,45.81666666666666,6.0,258,,
2024-02-15T12:00:00.000000+0000,,15.316666666666668,44.166666666666664,8.0,60,,
2024-02-15T13:00:00.000000+0000,,12.516666666666666,60.23333333333333,8.7,44,,
2024-02-15T14:00:00.000000+0000,,11.033333333333333,63.46666666666667,6.0,59,,
2024-02-15T15:00:00.000000+0000,,10.549999999999999,65.15,5.9,84,,
2024-02-15T16:00:00.000000+0000,,8.4,71.85000000000001,3.7,122,,
2024-02-15T17:00:00.000000+0000,,6.1499999999999995,58.166666666666664,1.6,205,,
2024-02-15T18:00:00.000000+0000,,4.566666666666667,59.050000000000004,0.8,172,,
2024-02-15T19:00:00.000000+0000,,3.6,65.66666666666667,2.5,164,,
2024-02-15T20:00:00.000000+0000,,3.516666666666667,37.71666666666667,2.0,115,,
2024-02-15T21:00:00.000000+0000,,3.1666666666666665,33.88333333333333,3.2,118,,
2024-02-15T22:00:00.000000+0000,,3.716666666666667,32.41666666666667,6.8,131,,
2024-02-15T23:00:00.000000+0000,,4.066666666666666,30.116666666666664,6.4,131,,
2024-02-16T00:00:00.000000+0000,,4.566666666666667,26.66666666666666,6.3,129,,
2024-02-16T01:00:00.000000+0000,,4.466666666666666,25.383333333333336,6.3,127,,
2024-02-16T02:00:00.000000+0000,,4.55,26.566666666666666,6.1,119,,
2024-02-16T03:00:00.000000+0000,,4.766666666666667,25.8,6.2,114,,
2024-02-16T04:00:00.000000+0000,,4.566666666666667,26.650000000000002,5.9,120,,
2024-02-16T05:00:00.000000+0000,,7.566666666666667,23.95,6.2,114,,
2024-02-16T06:00:00.000000+0000,,11.200000000000001,22.8,7.0,96,,
2024-02-16T07:00:00.000000+0000,,12.683333333333332,25.333333333333332,6.5,80,,
2024-02-16T08:00:00.000000+0000,,12.416666666666666,51.333333333333336,5.0,344,,
2024-02-16T09:00:00.000000+0000,,12.933333333333335,61.45000000000001,5.0,252,,
2024-02-16T10:00:00.000000+0000,,14.816666666666668,53.31666666666667,5.5,192,,
2024-02-16T11:00:00.000000+0000,,12.399999999999999,72.11666666666666,8.3,252,,
2024-02-16T12:00:00.000000+0000,,11.666666666666666,78.35,5.0,260,,
2024-02-16T13:00:00.000000+0000,,11.949999999999998,74.91666666666667,5.7,265,,
2024-02-16T14:00:00.000000+0000,,9.966666666666667,95.53333333333332,3.6,287,,
2024-02-16T15:00:00.000000+0000,,10.016666666666666,91.06666666666668,4.0,119,,
2024-02-16T16:00:00.000000+0000,,8.85,85.26666666666667,6.1,135,,
2024-02-16T17:00:00.000000+0000,,7.699999999999999,98.23333333333333,2.2,235,,
2024-02-16T18:00:00.000000+0000,,6.1000000000000005,97.65000000000002,2.9,157,,
2024-02-16T19:00:00.000000+0000,,5.466666666666666,61.81666666666667,5.4,133,,
2024-02-16T20:00:00.000000+0000,,5.966666666666666,35.63333333333334,6.8,134,,
2024-02-16T21:00:00.000000+0000,,5.933333333333334,33.46666666666666,8.6,124,,
2024-02-16T22:00:00.000000+0000,,7.499999999999999,28.75,9.3,128,,
2024-02-16T23:00:00.000000+0000,,8.100000000000001,25.916666666666668,8.5,129,,
2024-02-17T00:00:00.000000+0000,,8.033333333333333,26.416666666666668,8.2,134,,
2024-02-17T01:00:00.000000+0000,,7.466666666666668,29.53333333333333,7.6,129,,
2024-02-17T02:00:00.000000+0000,,7.916666666666667,27.933333333333326,8.0,127,,
2024-02-17T03:00:00.000000+0000,,7.566666666666667,28.299999999999997,7.5,125,,
2024-02-17T04:00:00.000000+0000,,7.816666666666666,25.63333333333333,8.9,133,,
2024-02-17T05:00:00.000000+0000,,8.883333333333333,25.03333333333333,10.8,134,,
2024-02-17T06:00:00.000000+0000,,11.100000000000001,25.266666666666666,10.9,128,,
2024-02-17T07:00:00.000000+0000,,12.700000000000001,27.066666666666666,10.3,113,,
2024-02-17T08:00:00.000000+0000,,13.933333333333335,30.38333333333333,7.7,100,,
2024-02-17T09:00:00.000000+0000,,13.833333333333334,34.68333333333333,8.0,94,,
2024-02-17T10:00:00.000000+0000,,14.6,36.666666666666664,8.5,95,,
2024-02-17T11:00:00.000000+0000,,14.983333333333333,40.01666666666666,5.8,101,,
2024-02-17T12:00:00.000000+0000,,12.983333333333334,63.9,2.4,242,,
2024-02-17T13:00:00.000000+0000,,12.700000000000001,,3.6,,,
2024-02-17T14:00:00.000000+0000,,11.399999999999999,85.0,4.5,269,,
2024-02-17T15:00:00.000000+0000,,10.966666666666667,89.10000000000001,3.9,298,,
2024-02-17T16:00:00.000000+0000,,8.266666666666667,86.96666666666668,3.3,143,,
2024-02-17T17:00:00.000000+0000,,5.966666666666666,77.13333333333334,1.8,156,,
2024-02-17T18:00:00.000000+0000,,5.466666666666666,64.85000000000001,1.9,153,,
2024-02-17T19:00:00.000000+0000,,5.550000000000001,39.81666666666666,6.1,132,,
2024-02-17T20:00:00.000000+0000,,7.083333333333333,36.150000000000006,10.1,127,,
2024-02-17T21:00:00.000000+0000,,6.783333333333334,38.699999999999996,9.3,134,,
2024-02-17T22:00:00.000000+0000,,6.8999999999999995,47.96666666666667,10.3,133,,
2024-02-17T23:00:00.000000+0000,,6.916666666666667,52.416666666666664,9.6,130,,
2024-02-18T00:00:00.000000+0000,,6.616666666666667,56.51666666666666,9.4,134,,
2024-02-18T01:00:00.000000+0000,,6.183333333333334,60.199999999999996,9.0,113,,
2024-02-18T02:00:00.000000+0000,,6.233333333333333,62.18333333333334,9.2,106,,
2024-02-18T03:00:00.000000+0000,,6.583333333333333,58.36666666666665,10.7,102,,
2024-02-18T04:00:00.000000+0000,,6.883333333333334,70.06666666666666,9.2,89,,
2024-02-18T05:00:00.000000+0000,,8.183333333333332,64.48333333333333,9.6,88,,
2024-02-18T06:00:00.000000+0000,,10.666666666666666,45.900000000000006,9.1,65,,
2024-02-18T07:00:00.000000+0000,,11.833333333333334,42.666666666666664,10.1,53,,
2024-02-18T08:00:00.000000+0000,,12.683333333333335,37.550000000000004,10.1,64,,
2024-02-18T09:00:00.000000+0000,,13.283333333333333,39.81666666666666,9.9,58,,
2024-02-18T10:00:00.000000+0000,,14.183333333333332,40.36666666666667,10.0,53,,
2024-02-18T11:00:00.000000+0000,,14.366666666666665,43.48333333333333,10.4,57,,
2024-02-18T12:00:00.000000+0000,,14.350000000000001,47.93333333333334,10.7,63,,
2024-02-18T13:00:00.000000+0000,,12.716666666666667,55.150000000000006,9.0,63,,
2024-02-18T14:00:00.000000+0000,,10.483333333333334,61.050000000000004,7.8,77,,
2024-02-18T15:00:00.000000+0000,,9.833333333333332,62.40000000000001,7.6,105,,
2024-02-18T16:00:00.000000+0000,,8.683333333333334,53.98333333333334,8.3,112,,
2024-02-18T17:00:00.000000+0000,,8.033333333333333,47.9,6.9,122,,
2024-02-18T18:00:00.000000+0000,,8.200000000000001,45.0,7.3,125,,
2024-02-18T19:00:00.000000+0000,,7.966666666666666,44.81666666666666,8.2,121,,
2024-02-18T20:00:00.000000+0000,,7.866666666666666,45.76666666666666,7.6,127,,
2024-02-18T21:00:00.000000+0000,,7.466666666666668,48.15,7.9,126,,
2024-02-18T22:00:00.000000+0000,,7.166666666666667,51.333333333333336,8.3,123,,
2024-02-18T23:00:00.000000+0000,,6.1000000000000005,66.38333333333334,8.8,103,,
2024-02-19T00:00:00.000000+0000,,6.416666666666667,70.36666666666667,7.4,111,,
2024-02-19T01:00:00.000000+0000,,6.783333333333332,73.81666666666668,6.8,101,,
2024-02-19T02:00:00.000000+0000,,7.383333333333334,63.150000000000006,8.3,106,,
2024-02-19T03:00:00.000000+0000,,7.0,66.16666666666667,6.6,101,,
2024-02-19T04:00:00.000000+0000,,6.8,70.26666666666667,6.9,103,,
2024-02-19T05:00:00.000000+0000,,8.549999999999999,64.6,7.4,88,,
2024-02-19T06:00:00.000000+0000,,10.616666666666667,59.76666666666667,9.2,60,,
2024-02-19T07:00:00.000000+0000,,11.85,59.93333333333333,8.8,50,,
2024-02-19T08:00:00.000000+0000,,12.700000000000001,57.31666666666667,7.5,50,,
2024-02-19T09:00:00.000000+0000,,13.366666666666667,57.616666666666674,9.2,45,,
2024-02-19T10:00:00.000000+0000,,14.416666666666666,58.28333333333333,6.9,28,,
2024-02-19T11:00:00.000000+0000,,14.466666666666667,58.26666666666667,8.7,33,,
2024-02-19T12:00:00.000000+0000,,14.299999999999999,58.800000000000004,9.9,45,,
2024-02-19T13:00:00.000000+0000,,13.850000000000001,60.25,8.9,37,,
2024-02-19T14:00:00.000000+0000,,13.183333333333335,55.68333333333334,7.8,54,,
2024-02-19T15:00:00.000000+0000,,11.950000000000001,64.21666666666665,6.8,86,,
2024-02-19T16:00:00.000000+0000,,9.633333333333333,73.01666666666667,7.1,121,,
2024-02-19T17:00:00.000000+0000,,7.716666666666668,67.89999999999999,4.7,137,,
2024-02-19T18:00:00.000000+0000,,7.05,60.949999999999996,6.0,125,,
2024-02-19T19:00:00.000000+0000,,7.3999999999999995,54.76666666666666,6.1,120,,
2024-02-19T20:00:00.000000+0000,,7.633333333333334,53.06666666666666,5.1,113,,
2024-02-19T21:00:00.000000+0000,,7.150000000000001,57.883333333333326,6.4,104,,
2024-02-19T22:00:00.000000+0000,,6.733333333333333,67.49999999999999,7.4,97,,
2024-02-19T23:00:00.000000+0000,,5.900000000000001,76.53333333333335,8.6,110,,
2024-02-20T00:00:00.000000+0000,,6.083333333333335,74.43333333333332,8.2,115,,
2024-02-20T01:00:00.000000+0000,,6.666666666666667,62.400000000000006,8.1,102,,
2024-02-20T02:00:00.000000+0000,,6.166666666666667,69.01666666666667,7.4,110,,
2024-02-20T03:00:00.000000+0000,,5.900000000000001,76.0,7.1,107,,
2024-02-20T04:00:00.000000+0000,,5.8500000000000005,82.5,7.1,113,,
2024-02-20T05:00:00.000000+0000,,8.016666666666666,70.96666666666667,6.9,105,,
2024-02-20T06:00:00.000000+0000,,10.916666666666666,52.43333333333334,6.5,83,,
2024-02-20T07:00:00.000000+0000,,12.066666666666668,50.15,8.5,63,,
2024-02-20T08:00:00.000000+0000,,13.166666666666666,46.550000000000004,9.0,57,,
2024-02-20T09:00:00.000000+0000,,13.633333333333333,49.18333333333333,8.9,40,,
2024-02-20T10:00:00.000000+0000,,13.699999999999998,52.63333333333333,9.8,35,,
2024-02-20T11:00:00.000000+0000,,13.766666666666667,58.416666666666664,10.2,36,,
2024-02-20T12:00:00.000000+0000,,14.283333333333333,53.78333333333333,11.1,31,,
2024-02-20T13:00:00.000000+0000,,13.483333333333334,60.66666666666668,10.1,44,,
2024-02-20T14:00:00.000000+0000,,11.833333333333334,72.16666666666667,8.3,44,,
2024-02-20T15:00:00.000000+0000,,9.116666666666665,83.68333333333332,7.1,77,,
2024-02-20T16:00:00.000000+0000,,8.049999999999999,87.55000000000001,5.8,117,,
2024-02-20T17:00:00.000000+0000,,7.266666666666667,84.46666666666667,7.7,133,,
2024-02-20T18:00:00.000000+0000,,6.633333333333333,66.7,7.0,121,,
2024-02-20T19:00:00.000000+0000,,7.166666666666667,46.699999999999996,7.6,113,,
2024-02-20T20:00:00.000000+0000,,6.666666666666667,46.949999999999996,8.2,101,,
2024-02-20T21:00:00.000000+0000,,6.766666666666667,63.050000000000004,8.3,104,,
2024-02-20T22:00:00.000000+0000,,6.316666666666666,75.7,8.7,109,,
2024-02-20T23:00:00.000000+0000,,5.583333333333333,77.7,7.9,126,,
2024-02-21T00:00:00.000000+0000,,5.800000000000001,77.0,9.4,128,,
2024-02-21T01:00:00.000000+0000,,5.6499999999999995,75.0,8.8,124,,
2024-02-21T02:00:00.000000+0000,,5.866666666666666,71.64999999999999,9.3,120,,
2024-02-21T03:00:00.000000+0000,,6.033333333333332,65.01666666666667,9.6,115,,
2024-02-21T04:00:00.000000+0000,,6.25,59.166666666666664,11.7,108,,
2024-02-21T05:00:00.000000+0000,,7.433333333333333,62.85,8.9,109,,
2024-02-21T06:00:00.000000+0000,,9.65,53.75,9.5,98,,
2024-02-21T07:00:00.000000+0000,,11.016666666666666,43.98333333333334,11.3,88,,
2024-02-21T08:00:00.000000+0000,,11.683333333333335,45.833333333333336,11.0,79,,
2024-02-21T09:00:00.000000+0000,,11.866666666666667,52.050000000000004,11.3,64,,
2024-02-21T10:00:00.000000+0000,,12.116666666666667,54.31666666666667,11.7,78,,
2024-02-21T11:00:00.000000+0000,,11.733333333333333,61.416666666666664,8.9,78,,
2024-02-21T12:00:00.000000+0000,,10.549999999999999,69.30000000000001,8.7,89,,
2024-02-21T13:00:00.000000+0000,,10.383333333333333,74.46666666666665,8.3,83,,
2024-02-21T14:00:00.000000+0000,,8.816666666666666,83.5,9.7,86,,
2024-02-21T15:00:00.000000+0000,,8.633333333333333,87.14999999999999,9.2,118,,
2024-02-21T16:00:00.000000+0000,,7.3,82.23333333333333,8.8,127,,
2024-02-21T17:00:00.000000+0000,,6.866666666666667,66.71666666666667,8.3,132,,
2024-02-21T18:00:00.000000+0000,,6.3999999999999995,62.099999999999994,10.8,119,,
2024-02-21T19:00:00.000000+0000,,5.833333333333333,58.93333333333333,11.1,124,,
2024-02-21T20:00:00.000000+0000,,5.916666666666667,47.1,10.2,125,,
2024-02-21T21:00:00.000000+0000,,5.800000000000001,44.78333333333333,10.0,127,,
2024-02-21T22:00:00.000000+0000,,5.400000000000001,45.46666666666666,9.7,128,,
2024-02-21T23:00:00.000000+0000,,4.733333333333333,52.28333333333334,10.9,122,,
2024-02-22T00:00:00.000000+0000,,4.466666666666666,58.349999999999994,10.2,125,,
2024-02-22T01:00:00.000000+0000,,4.483333333333333,56.63333333333333,10.1,125,,
2024-02-22T02:00:00.000000+0000,,4.283333333333333,51.98333333333333,9.4,132,,
2024-02-22T03:00:00.000000+0000,,4.6000000000000005,42.51666666666666,9.7,131,,
2024-02-22T04:00:00.000000+0000,,4.6000000000000005,45.416666666666664,10.1,131,,
2024-02-22T05:00:00.000000+0000,,5.216666666666666,65.96666666666667,8.2,130,,
2024-02-22T06:00:00.000000+0000,,8.0,58.31666666666666,7.5,92,,
2024-02-22T07:00:00.000000+0000,,10.549999999999999,52.21666666666666,8.7,87,,
2024-02-22T08:00:00.000000+0000,,12.450000000000001,49.73333333333333,7.2,99,,
2024-02-22T09:00:00.000000+0000,,14.166666666666666,43.93333333333333,5.6,158,,
2024-02-22T10:00:00.000000+0000,,12.533333333333333,64.91666666666667,5.3,251,,
2024-02-22T11:00:00.000000+0000,,11.683333333333335,73.96666666666667,5.8,305,,
2024-02-22T12:00:00.000000+0000,,11.333333333333334,78.46666666666667,7.3,319,,
2024-02-22T13:00:00.000000+0000,,12.833333333333336,71.85,2.5,,,
2024-02-22T14:00:00.000000+0000,,11.283333333333331,78.47999999999999,1.4,279,,
2024-02-22T15:00:00.000000+0000,,10.183333333333334,84.55,2.4,295,,
2024-02-22T16:00:00.000000+0000,,8.383333333333333,92.39999999999999,1.8,315,,
2024-02-22T17:00:00.000000+0000,,6.016666666666666,98.89999999999999,1.3,125,,
2024-02-22T18:00:00.000000+0000,,6.066666666666666,92.05000000000001,1.3,207,,
2024-02-22T19:00:00.000000+0000,,5.466666666666668,94.69999999999999,3.3,144,,
2024-02-22T20:00:00.000000+0000,,4.316666666666667,98.81666666666666,7.2,111,,
2024-02-22T21:00:00.000000+0000,,5.883333333333334,73.10000000000001,5.2,133,,
2024-02-22T22:00:00.000000+0000,,6.233333333333333,69.96666666666667,6.2,130,,
2024-02-22T23:00:00.000000+0000,,5.233333333333333,78.3,8.3,127,,
2024-02-23T00:00:00.000000+0000,,5.333333333333333,78.21666666666667,8.7,148,,
2024-02-23T01:00:00.000000+0000,,5.999999999999999,62.01666666666667,9.9,129,,
2024-02-23T02:00:00.000000+0000,,5.316666666666667,60.900000000000006,7.9,138,,
2024-02-23T03:00:00.000000+0000,,4.6499999999999995,76.69999999999999,8.4,142,,
2024-02-23T04:00:00.000000+0000,,4.3999999999999995,69.60000000000001,8.1,139,,
2024-02-23T05:00:00.000000+0000,,4.683333333333333,85.71666666666665,14.0,119,,
2024-02-23T06:00:00.000000+0000,,6.2,78.14999999999999,12.6,120,,
2024-02-23T07:00:00.000000+0000,,7.849999999999999,74.01666666666667,13.3,119,,
2024-02-23T08:00:00.000000+0000,,10.166666666666666,64.28333333333335,10.1,118,,
2024-02-23T09:00:00.000000+0000,,10.933333333333332,58.31666666666667,10.2,103,,
2024-02-23T10:00:00.000000+0000,,11.416666666666666,53.9,8.4,110,,
2024-02-23T11:00:00.000000+0000,,11.783333333333333,67.8,4.7,307,,
2024-02-23T12:00:00.000000+0000,,11.299999999999999,78.45,2.5,349,,
2024-02-23T13:00:00.000000+0000,,11.166666666666666,,4.9,,,
2024-02-23T14:00:00.000000+0000,,9.566666666666666,,8.1,,,
2024-02-23T15:00:00.000000+0000,,8.483333333333333,64.8,8.9,149,,
2024-02-23T16:00:00.000000+0000,,7.2,77.95,7.8,150,,
2024-02-23T17:00:00.000000+0000,,6.25,72.23333333333333,7.5,154,,
2024-02-23T18:00:00.000000+0000,,7.3,69.61666666666666,10.0,128,,
2024-02-23T19:00:00.000000+0000,,6.933333333333333,83.48333333333335,6.2,135,,
2024-02-23T20:00:00.000000+0000,,6.166666666666667,99.2,3.9,151,,
2024-02-23T21:00:00.000000+0000,,6.3999999999999995,99.26666666666667,5.0,144,,
2024-02-23T22:00:00.000000+0000,,7.066666666666666,99.25,5.5,128,,
2024-02-23T23:00:00.000000+0000,,6.416666666666667,99.3,10.3,114,,
2024-02-24T00:00:00.000000+0000,,5.716666666666666,98.39999999999999,14.3,119,,
2024-02-24T01:00:00.000000+0000,,5.683333333333334,96.30000000000001,15.1,118,,
2024-02-24T02:00:00.000000+0000,,5.933333333333334,98.56666666666666,11.3,119,,
2024-02-24T03:00:00.000000+0000,,5.883333333333333,99.3,12.0,103,,
2024-02-24T04:00:00.000000+0000,,6.199999999999999,99.3,10.6,106,,
2024-02-24T05:00:00.000000+0000,,6.183333333333333,99.3,9.8,101,,
2024-02-24T06:00:00.000000+0000,,6.733333333333334,99.28333333333332,12.7,111,,
2024-02-24T07:00:00.000000+0000,,7.233333333333333,99.28333333333332,12.3,104,,
2024-02-24T08:00:00.000000+0000,,8.6,95.61666666666667,12.8,107,,
2024-02-24T09:00:00.000000+0000,,8.433333333333334,96.18333333333334,10.3,103,,
2024-02-24T10:00:00.000000+0000,,10.216666666666667,77.58333333333333,10.6,106,,
2024-02-24T11:00:00.000000+0000,,9.716666666666667,73.3,10.1,96,,
2024-02-24T12:00:00.000000+0000,,10.566666666666668,67.91666666666667,8.0,101,,
2024-02-24T13:00:00.000000+0000,,11.299999999999999,61.31666666666667,6.8,99,,
2024-02-24T14:00:00.000000+0000,,10.933333333333332,60.050000000000004,6.7,119,,
2024-02-24T15:00:00.000000+0000,,9.816666666666668,64.89999999999999,6.0,112,,
2024-02-24T16:00:00.000000+0000,,8.05,69.11666666666666,4.9,138,,
2024-02-24T17:00:00.000000+0000,,7.166666666666667,73.26666666666667,5.7,147,,
2024-02-24T18:00:00.000000+0000,,7.7,82.01666666666667,6.4,130,,
2024-02-24T19:00:00.000000+0000,,6.283333333333334,98.39999999999999,8.3,110,,
2024-02-24T20:00:00.000000+0000,,5.583333333333333,99.25,7.7,106,,
2024-02-24T21:00:00.000000+0000,,5.6499999999999995,99.08333333333333,8.2,118,,
2024-02-24T22:00:00.000000+0000,,5.683333333333334,99.23333333333333,6.7,113,,
2024-02-24T23:00:00.000000+0000,,5.3500000000000005,99.2,8.0,122,,
2024-02-25T00:00:00.000000+0000,,5.116666666666666,93.53333333333335,8.6,130,,
2024-02-25T01:00:00.000000+0000,,5.95,80.55,8.7,121,,
2024-02-25T02:00:00.000000+0000,,6.7,79.95,10.4,111,,
2024-02-25T03:00:00.000000+0000,,6.616666666666667,77.28333333333332,9.9,117,,
2024-02-25T04:00:00.000000+0000,,6.333333333333333,75.88333333333333,9.2,117,,
2024-02-25T05:00:00.000000+0000,,7.233333333333333,67.3,7.5,120,,
2024-02-25T06:00:00.000000+0000,,10.899999999999999,54.21666666666666,8.6,100,,
2024-02-25T07:00:00.000000+0000,,12.4,48.6,8.7,99,,
2024-02-25T08:00:00.000000+0000,,13.783333333333333,41.333333333333336,6.7,100,,
2024-02-25T09:00:00.000000+0000,,14.166666666666664,43.03333333333334,6.3,96,,
2024-02-25T10:00:00.000000+0000,,14.0,40.62,7.4,100,,
2024-02-25T11:00:00.000000+0000,,13.166666666666666,,9.9,,,
2024-02-25T12:00:00.000000+0000,,11.633333333333333,,9.2,,,
2024-02-25T13:00:00.000000+0000,,10.1,,7.2,,,
2024-02-25T14:00:00.000000+0000,,8.733333333333334,,4.9,,,
2024-02-25T15:00:00.000000+0000,,8.183333333333334,,2.8,,,
2024-02-25T16:00:00.000000+0000,,8.516666666666666,88.11999999999999,2.2,250,,
2024-02-25T17:00:00.000000+0000,,6.133333333333333,95.35000000000001,3.5,156,,
2024-02-25T18:00:00.000000+0000,,6.433333333333333,83.08333333333331,2.1,215,,
2024-02-25T19:00:00.000000+0000,,6.3500000000000005,86.91666666666667,2.9,210,,
2024-02-25T20:00:00.000000+0000,,6.216666666666666,84.98333333333333,2.3,216,,
2024-02-25T21:00:00.000000+0000,,7.116666666666667,85.93333333333334,1.6,245,,
2024-02-25T22:00:00.000000+0000,,7.300000000000001,84.18333333333332,2.2,215,,
2024-02-25T23:00:00.000000+0000,,7.2,77.1,2.1,238,,
2024-02-26T00:00:00.000000+0000,,6.233333333333334,85.08333333333333,2.2,209,,
2024-02-26T01:00:00.000000+0000,,6.033333333333334,90.13333333333333,1.3,174,,
2024-02-26T02:00:00.000000+0000,,6.283333333333334,94.83333333333333,1.9,77,,
2024-02-26T03:00:00.000000+0000,,5.650000000000001,96.25,2.5,106,,
2024-02-26T04:00:00.000000+0000,,5.45,97.00000000000001,4.2,120,,
2024-02-26T05:00:00.000000+0000,,6.383333333333333,72.3,5.1,101,,
2024-02-26T06:00:00.000000+0000,,9.883333333333333,51.26666666666666,3.6,73,,
2024-02-26T07:00:00.000000+0000,,11.700000000000001,39.2,4.8,44,,
2024-02-26T08:00:00.000000+0000,,12.850000000000001,38.94,5.3,27,,
2024-02-26T09:00:00.000000+0000,,12.65,44.5,4.5,10,,
2024-02-26T10:00:00.000000+0000,,13.16666666666667,49.474999999999994,7.0,18,,
2024-02-26T11:00:00.000000+0000,,9.916666666666666,80.55,7.5,28,,
2024-02-26T12:00:00.000000+0000,,8.016666666666666,97.35000000000001,3.9,73,,
2024-02-26T13:00:00.000000+0000,,9.083333333333332,78.23333333333333,5.1,72,,
2024-02-26T14:00:00.000000+0000,,8.299999999999999,89.64999999999999,7.5,91,,
2024-02-26T15:00:00.000000+0000,,8.733333333333333,83.73333333333333,6.4,106,,
2024-02-26T16:00:00.000000+0000,,8.4,87.91666666666667,4.9,108,,
2024-02-26T17:00:00.000000+0000,,7.866666666666667,91.53333333333335,6.4,114,,
2024-02-26T18:00:00.000000+0000,,7.300000000000001,79.0,5.8,115,,
2024-02-26T19:00:00.000000+0000,,7.183333333333334,90.41666666666667,5.4,103,,
2024-02-26T20:00:00.000000+0000,,6.566666666666666,96.69999999999999,5.2,131,,
2024-02-26T21:00:00.000000+0000,,6.75,93.10000000000001,3.2,105,,
2024-02-26T22:00:00.000000+0000,,6.666666666666665,89.96666666666668,5.3,110,,
2024-02-26T23:00:00.000000+0000,,6.783333333333334,84.73333333333333,4.5,102,,
2024-02-27T00:00:00.000000+0000,,7.05,78.63333333333334,3.1,98,,
2024-02-27T01:00:00.000000+0000,,7.3999999999999995,81.45,3.2,92,,
2024-02-27T02:00:00.000000+0000,,7.233333333333334,83.64999999999999,3.6,95,,
2024-02-27T03:00:00.000000+0000,,7.133333333333333,85.63333333333333,4.3,99,,
2024-02-27T04:00:00.000000+0000,,6.949999999999999,89.58333333333333,3.8,90,,
2024-02-27T05:00:00.000000+0000,,7.833333333333333,90.13333333333333,3.1,75,,
2024-02-27T06:00:00.000000+0000,,8.716666666666667,90.18333333333334,3.9,63,,
2024-02-27T07:00:00.000000+0000,,10.033333333333333,84.71666666666665,6.2,48,,
2024-02-27T08:00:00.000000+0000,,11.266666666666666,79.48333333333333,5.9,35,,
2024-02-27T09:00:00.000000+0000,,11.75,77.8,6.9,36,,
2024-02-27T10:00:00.000000+0000,,11.766666666666667,76.86666666666667,6.6,47,,
2024-02-27T11:00:00.000000+0000,,11.783333333333333,73.58333333333333,6.0,28,,
2024-02-27T12:00:00.000000+0000,,7.6499999999999995,99.3,9.6,,,
2024-02-27T13:00:00.000000+0000,,7.983333333333333,,9.1,,,
2024-02-27T14:00:00.000000+0000,,8.366666666666667,,8.5,,,
2024-02-27T15:00:00.000000+0000,,8.716666666666665,,7.8,,,
2024-02-27T16:00:00.000000+0000,,8.5,71.03333333333335,5.9,119,,
2024-02-27T17:00:00.000000+0000,,7.816666666666666,83.06666666666666,4.6,114,,
2024-02-27T18:00:00.000000+0000,,7.95,89.98333333333333,3.8,96,,
2024-02-27T19:00:00.000000+0000,,6.45,97.98333333333333,5.0,110,,
2024-02-27T20:00:00.000000+0000,,7.216666666666668,98.88333333333334,10.0,110,,
2024-02-27T21:00:00.000000+0000,,7.233333333333333,99.23333333333333,9.0,98,,
2024-02-27T22:00:00.000000+0000,,7.083333333333333,99.21666666666665,5.6,96,,
2024-02-27T23:00:00.000000+0000,,6.816666666666667,99.3,3.0,70,,
2024-02-28T00:00:00.000000+0000,,5.95,99.31666666666666,3.8,56,,
2024-02-28T01:00:00.000000+0000,,5.75,99.26666666666665,2.2,,,
2024-02-28T02:00:00.000000+0000,,3.6333333333333333,99.26666666666667,0.0,,,
2024-02-28T03:00:00.000000+0000,,4.6000000000000005,98.73333333333333,9.1,128,,
2024-02-28T04:00:00.000000+0000,,6.45,89.48333333333333,10.8,132,,
2024-02-28T05:00:00.000000+0000,,7.816666666666666,80.00000000000001,7.9,125,,
2024-02-28T06:00:00.000000+0000,,9.516666666666667,72.86666666666666,6.8,114,,
2024-02-28T07:00:00.000000+0000,,10.683333333333335,69.8,6.4,90,,
2024-02-28T08:00:00.000000+0000,,11.583333333333334,69.43333333333334,5.1,88,,
2024-02-28T09:00:00.000000+0000,,11.783333333333331,63.48333333333333,4.5,65,,
2024-02-28T10:00:00.000000+0000,,12.649999999999999,61.63333333333333,7.3,49,,
2024-02-28T11:00:00.000000+0000,,12.133333333333333,70.89999999999999,8.7,53,,
2024-02-28T12:00:00.000000+0000,,11.366666666666665,82.88333333333333,8.3,29,,
2024-02-28T13:00:00.000000+0000,,9.950000000000001,96.28333333333332,4.6,17,,
2024-02-28T14:00:00.000000+0000,,9.2,97.08333333333333,6.8,40,,
2024-02-28T15:00:00.000000+0000,,9.016666666666667,90.0,8.7,101,,
2024-02-28T16:00:00.000000+0000,,8.233333333333333,83.21666666666667,5.1,128,,
2024-02-28T17:00:00.000000+0000,,8.05,70.83333333333333,5.8,120,,
2024-02-28T18:00:00.000000+0000,,7.183333333333334,83.2,3.6,99,,
2024-02-28T19:00:00.000000+0000,,7.366666666666666,96.21666666666665,5.3,112,,
2024-02-28T20:00:00.000000+0000,,7.183333333333334,99.3,5.9,113,,
2024-02-28T21:00:00.000000+0000,,7.066666666666666,99.25,7.0,118,,
2024-02-28T22:00:00.000000+0000,,6.166666666666667,95.5,6.8,129,,
2024-02-28T23:00:00.000000+0000,,5.75,91.53333333333335,6.0,126,,
2024-02-29T00:00:00.000000+0000,,5.966666666666666,88.01666666666667,5.8,122,,
2024-02-29T01:00:00.000000+0000,,6.333333333333333,81.39999999999999,5.6,130,,
2024-02-29T02:00:00.000000+0000,,5.833333333333333,80.83333333333333,6.7,119,,
2024-02-29T03:00:00.000000+0000,,6.333333333333333,79.61666666666667,6.7,107,,
2024-02-29T04:00:00.000000+0000,,6.0,82.13333333333334,6.6,122,,
2024-02-29T05:00:00.000000+0000,,8.633333333333335,70.33333333333333,6.7,112,,
2024-02-29T06:00:00.000000+0000,,11.699999999999998,58.93333333333333,4.5,90,,
2024-02-29T07:00:00.000000+0000,,13.283333333333331,52.56666666666667,4.6,13,,
2024-02-29T08:00:00.000000+0000,,14.200000000000003,49.550000000000004,6.3,18,,
2024-02-29T09:00:00.000000+0000,,13.316666666666665,71.08333333333333,4.9,271,,
2024-02-29T10:00:00.000000+0000,,11.35,82.98333333333333,5.1,278,,
2024-02-29T11:00:00.000000+0000,,12.0,73.88333333333334,5.5,64,,
2024-02-29T12:00:00.000000+0000,,11.899999999999999,71.53333333333333,6.0,41,,
2024-02-29T13:00:00.000000+0000,,12.233333333333333,74.0,8.9,38,,
2024-02-29T14:00:00.000000+0000,,11.200000000000001,81.71666666666667,7.6,39,,
2024-02-29T15:00:00.000000+0000,,7.966666666666668,99.3,6.3,66,,
2024-02-29T16:00:00.000000+0000,,6.733333333333333,99.25,7.1,122,,
2024-02-29T17:00:00.000000+0000,,7.550000000000001,94.78333333333335,5.0,122,,
2024-02-29T18:00:00.000000+0000,,6.949999999999999,90.93333333333334,3.5,148,,
2024-02-29T19:00:00.000000+0000,,5.8,91.61666666666667,3.8,145,,
2024-02-29T20:00:00.000000+0000,,5.616666666666667,87.60000000000001,6.7,130,,
2024-02-29T21:00:00.000000+0000,,5.75,84.63333333333334,7.3,115,,
2024-02-29T22:00:00.000000+0000,,6.133333333333333,87.78333333333335,7.8,101,,
2024-02-29T23:00:00.000000+0000,,5.916666666666667,92.51666666666667,9.0,115,,
2024-03-01T00:00:00.000000+0000,,5.599999999999999,95.14999999999999,8.6,113,,
2024-03-01T01:00:00.000000+0000,,5.8999999999999995,99.23333333333333,8.2,107,,
2024-03-01T02:00:00.000000+0000,,6.316666666666666,99.25,6.3,97,,
2024-03-01T03:00:00.000000+0000,,6.45,99.2,7.2,100,,
2024-03-01T04:00:00.000000+0000,,6.1499999999999995,91.80000000000001,8.4,107,,
2024-03-01T05:00:00.000000+0000,,7.083333333333332,58.1,9.9,110,,
2024-03-01T06:00:00.000000+0000,,9.716666666666667,55.449999999999996,9.1,101,,
2024-03-01T07:00:00.000000+0000,,11.4,48.26666666666666,9.1,93,,
2024-03-01T08:00:00.000000+0000,,12.399999999999999,46.949999999999996,7.9,77,,
2024-03-01T09:00:00.000000+0000,,13.100000000000001,49.633333333333326,7.8,85,,
2024-03-01T10:00:00.000000+0000,,13.533333333333337,53.63333333333335,7.2,57,,
2024-03-01T11:00:00.000000+0000,,14.016666666666666,53.849999999999994,9.3,60,,
2024-03-01T12:00:00.000000+0000,,14.049999999999999,50.98333333333334,8.3,73,,
2024-03-01T13:00:00.000000+0000,,13.566666666666668,60.15,10.2,64,,
2024-03-01T14:00:00.000000+0000,,12.383333333333333,57.65,9.2,82,,
2024-03-01T15:00:00.000000+0000,,11.25,57.75,7.7,113,,
2024-03-01T16:00:00.000000+0000,,8.55,59.416666666666664,9.0,134,,
2024-03-01T17:00:00.000000+0000,,7.45,45.43333333333333,9.7,130,,
2024-03-01T18:00:00.000000+0000,,7.8500000000000005,33.199999999999996,10.0,131,,
2024-03-01T19:00:00.000000+0000,,7.833333333333332,31.75,9.8,131,,
2024-03-01T20:00:00.000000+0000,,7.650000000000001,31.366666666666664,10.4,118,,
2024-03-01T21:00:00.000000+0000,,7.483333333333333,29.0,10.5,116,,
2024-03-01T22:00:00.000000+0000,,7.283333333333332,26.149999999999995,10.8,119,,
2024-03-01T23:00:00.000000+0000,,6.783333333333334,21.333333333333332,9.8,127,,
2024-03-02T00:00:00.000000+0000,,6.3999999999999995,22.333333333333332,9.5,127,,
2024-03-02T01:00:00.000000+0000,,6.116666666666667,24.083333333333332,8.7,126,,
2024-03-02T02:00:00.000000+0000,,6.2,29.433333333333334,8.1,119,,
2024-03-02T03:00:00.000000+0000,,6.483333333333333,32.51666666666666,10.4,113,,
2024-03-02T04:00:00.000000+0000,,6.7,30.866666666666664,11.9,110,,
2024-03-02T05:00:00.000000+0000,,8.033333333333333,29.7,11.9,111,,
2024-03-02T06:00:00.000000+0000,,10.116666666666667,29.566666666666666,9.9,104,,
2024-03-02T07:00:00.000000+0000,,11.816666666666668,29.733333333333334,7.8,94,,
2024-03-02T08:00:00.000000+0000,,12.683333333333332,32.150000000000006,8.7,80,,
2024-03-02T09:00:00.000000+0000,,13.033333333333337,35.86666666666667,10.0,86,,
2024-03-02T10:00:00.000000+0000,,13.299999999999999,39.266666666666666,8.8,78,,
2024-03-02T11:00:00.000000+0000,,13.783333333333331,38.93333333333334,8.5,64,,
2024-03-02T12:00:00.000000+0000,,13.533333333333333,49.38333333333333,7.8,54,,
2024-03-02T13:00:00.000000+0000,,12.616666666666667,57.31666666666666,6.8,68,,
2024-03-02T14:00:00.000000+0000,,12.266666666666666,58.73333333333333,6.5,65,,
2024-03-02T15:00:00.000000+0000,,10.833333333333334,66.03333333333333,6.1,75,,
2024-03-02T16:00:00.000000+0000,,8.083333333333334,58.96666666666667,7.1,115,,
2024-03-02T17:00:00.000000+0000,,7.466666666666666,36.81666666666667,7.6,121,,
2024-03-02T18:00:00.000000+0000,,7.1499999999999995,31.166666666666668,7.8,120,,
2024-03-02T19:00:00.000000+0000,,6.8999999999999995,31.2,8.9,121,,
2024-03-02T20:00:00.000000+0000,,6.75,33.29999999999999,9.3,115,,
2024-03-02T21:00:00.000000+0000,,6.433333333333333,33.050000000000004,9.0,119,,
2024-03-02T22:00:00.000000+0000,,6.533333333333334,27.883333333333336,9.1,109,,
2024-03-02T23:00:00.000000+0000,,6.55,28.933333333333334,8.8,111,,
2024-03-03T00:00:00.000000+0000,,6.133333333333334,33.550000000000004,9.3,107,,
2024-03-03T01:00:00.000000+0000,,5.783333333333334,40.36666666666667,8.8,112,,
2024-03-03T02:00:00.000000+0000,,5.266666666666667,65.03333333333333,7.8,112,,
2024-03-03T03:00:00.000000+0000,,4.933333333333334,84.95,7.0,115,,
2024-03-03T04:00:00.000000+0000,,4.933333333333334,88.36666666666666,6.8,116,,
2024-03-03T05:00:00.000000+0000,,7.016666666666666,82.38333333333334,6.1,97,,
2024-03-03T06:00:00.000000+0000,,8.85,75.73333333333333,6.2,74,,
2024-03-03T07:00:00.000000+0000,,9.483333333333334,72.21666666666665,6.9,56,,
2024-03-03T08:00:00.000000+0000,,11.350000000000001,63.73333333333334,8.1,35,,
2024-03-03T09:00:00.000000+0000,,12.600000000000001,55.71666666666667,8.8,24,,
2024-03-03T10:00:00.000000+0000,,12.133333333333333,58.26666666666667,6.8,15,,
2024-03-03T11:00:00.000000+0000,,10.3,64.95,5.3,4,,
2024-03-03T12:00:00.000000+0000,,9.549999999999999,77.53333333333333,3.6,24,,
2024-03-03T13:00:00.000000+0000,,8.433333333333332,95.89999999999999,2.2,25,,
2024-03-03T14:00:00.000000+0000,,8.366666666666667,99.15000000000002,3.2,52,,
2024-03-03T15:00:00.000000+0000,,8.666666666666666,97.60000000000001,3.8,77,,
2024-03-03T16:00:00.000000+0000,,7.683333333333334,91.8,3.8,90,,
2024-03-03T17:00:00.000000+0000,,7.449999999999999,94.58333333333333,3.6,172,,
2024-03-03T18:00:00.000000+0000,,7.499999999999999,81.3,2.5,222,,
2024-03-03T19:00:00.000000+0000,,7.183333333333334,81.53333333333333,2.2,197,,
2024-03-03T20:00:00.000000+0000,,6.883333333333333,87.0,4.3,126,,
2024-03-03T21:00:00.000000+0000,,7.316666666666666,74.56666666666666,1.7,155,,
2024-03-03T22:00:00.000000+0000,,7.150000000000001,77.31666666666666,1.7,329,,
2024-03-03T23:00:00.000000+0000,,6.816666666666666,85.68333333333334,1.6,201,,
2024-03-04T00:00:00.000000+0000,,5.866666666666667,83.31666666666668,2.1,177,,
2024-03-04T01:00:00.000000+0000,,5.033333333333334,82.38333333333334,2.0,183,,
2024-03-04T02:00:00.000000+0000,,5.366666666666667,81.38333333333334,1.8,180,,
2024-03-04T03:00:00.000000+0000,,5.033333333333333,82.63333333333333,2.2,131,,
2024-03-04T04:00:00.000000+0000,,5.316666666666666,79.33333333333333,5.2,117,,
2024-03-04T05:00:00.000000+0000,,7.966666666666666,62.050000000000004,3.4,105,,
2024-03-04T06:00:00.000000+0000,,9.733333333333333,68.60000000000001,3.9,60,,
2024-03-04T07:00:00.000000+0000,,10.966666666666667,68.05,4.2,32,,
2024-03-04T08:00:00.000000+0000,,11.233333333333334,69.48333333333333,4.2,1,,
2024-03-04T09:00:00.000000+0000,,12.383333333333333,69.76666666666667,5.4,16,,
2024-03-04T10:00:00.000000+0000,,12.683333333333332,63.18333333333334,6.4,24,,
2024-03-04T11:00:00.000000+0000,,12.25,70.06666666666666,7.1,17,,
2024-03-04T12:00:00.000000+0000,,13.033333333333333,64.71666666666667,7.4,28,,
2024-03-04T13:00:00.000000+0000,,12.75,63.23333333333334,7.8,51,,
2024-03-04T14:00:00.000000+0000,,12.933333333333335,57.88333333333333,7.9,40,,
2024-03-04T15:00:00.000000+0000,,10.666666666666666,72.75,6.0,95,,
2024-03-04T16:00:00.000000+0000,,9.816666666666668,57.85,4.2,166,,
2024-03-04T17:00:00.000000+0000,,8.966666666666667,54.0,5.1,146,,
2024-03-04T18:00:00.000000+0000,,8.566666666666666,61.35,1.4,279,,
2024-03-04T19:00:00.000000+0000,,6.266666666666666,70.61666666666666,5.0,122,,
2024-03-04T20:00:00.000000+0000,,6.633333333333334,80.56666666666666,7.4,117,,
2024-03-04T21:00:00.000000+0000,,6.133333333333334,88.76666666666667,7.0,123,,
2024-03-04T22:00:00.000000+0000,,6.083333333333333,79.08333333333333,7.5,121,,
2024-03-04T23:00:00.000000+0000,,6.3999999999999995,76.11666666666667,5.8,123,,
2024-03-05T00:00:00.000000+0000,,6.083333333333333,85.55,6.2,115,,
2024-03-05T01:00:00.000000+0000,,5.5,90.21666666666668,5.6,112,,
2024-03-05T02:00:00.000000+0000,,5.733333333333333,78.36666666666667,5.4,111,,
2024-03-05T03:00:00.000000+0000,,6.3999999999999995,71.13333333333333,7.5,110,,
2024-03-05T04:00:00.000000+0000,,6.250000000000001,74.10000000000001,6.6,117,,
2024-03-05T05:00:00.000000+0000,,7.466666666666666,77.60000000000001,8.2,119,,
2024-03-05T06:00:00.000000+0000,,9.416666666666666,72.81666666666668,10.6,109,,
2024-03-05T07:00:00.000000+0000,,10.733333333333334,65.7,10.9,112,,
2024-03-05T08:00:00.000000+0000,,12.016666666666666,60.166666666666664,8.0,106,,
2024-03-05T09:00:00.000000+0000,,13.333333333333334,55.56666666666667,8.8,97,,
2024-03-05T10:00:00.000000+0000,,12.733333333333333,65.15,5.5,119,,
2024-03-05T11:00:00.000000+0000,,12.933333333333332,60.38333333333333,7.5,99,,
2024-03-05T12:00:00.000000+0000,,13.350000000000001,50.76666666666666,8.3,80,,
2024-03-05T13:00:00.000000+0000,,12.983333333333334,51.98333333333333,9.1,87,,
2024-03-05T14:00:00.000000+0000,,11.75,54.76666666666667,9.5,91,,
2024-03-05T15:00:00.000000+0000,,10.016666666666667,67.35000000000001,9.5,117,,
2024-03-05T16:00:00.000000+0000,,7.316666666666666,76.43333333333334,8.3,134,,
2024-03-05T17:00:00.000000+0000,,6.366666666666667,74.55,9.1,134,,
2024-03-05T18:00:00.000000+0000,,6.083333333333333,81.45,9.7,139,,
2024-03-05T19:00:00.000000+0000,,6.566666666666666,68.66666666666667,9.6,135,,
2024-03-05T20:00:00.000000+0000,,6.233333333333334,70.01666666666667,9.1,138,,
2024-03-05T21:00:00.000000+0000,,6.133333333333333,76.00000000000001,9.6,140,,
2024-03-05T22:00:00.000000+0000,,7.8,64.36666666666666,7.8,133,,
2024-03-05T23:00:00.000000+0000,,6.75,79.36666666666666,6.7,141,,
2024-03-06T00:00:00.000000+0000,,5.800000000000001,92.86666666666667,3.4,164,,
2024-03-06T01:00:00.000000+0000,,5.55,89.53333333333332,10.0,138,,
2024-03-06T02:00:00.000000+0000,,6.033333333333334,82.80000000000001,11.4,136,,
2024-03-06T03:00:00.000000+0000,,5.633333333333333,72.85,9.6,139,,
2024-03-06T04:00:00.000000+0000,,5.733333333333334,81.88333333333334,10.7,135,,
2024-03-06T05:00:00.000000+0000,,6.949999999999999,80.55,10.4,131,,
2024-03-06T06:00:00.000000+0000,,9.033333333333333,59.53333333333334,10.3,119,,
2024-03-06T07:00:00.000000+0000,,11.166666666666666,56.79999999999999,8.4,122,,
2024-03-06T08:00:00.000000+0000,,12.033333333333333,57.76666666666667,5.2,109,,
2024-03-06T09:00:00.000000+0000,,13.35,54.9,4.5,39,,
2024-03-06T10:00:00.000000+0000,,11.9,78.21666666666668,5.4,310,,
2024-03-06T11:00:00.000000+0000,,10.866666666666667,84.06666666666666,6.2,296,,
2024-03-06T12:00:00.000000+0000,,11.883333333333333,80.85,6.6,286,,
2024-03-06T13:00:00.000000+0000,,11.583333333333334,82.26666666666667,6.7,284,,
2024-03-06T14:00:00.000000+0000,,11.116666666666665,80.35,5.7,259,,
2024-03-06T15:00:00.000000+0000,,10.700000000000001,77.31666666666666,6.1,275,,
2024-03-06T16:00:00.000000+0000,,7.483333333333333,83.80000000000001,2.9,202,,
2024-03-06T17:00:00.000000+0000,,6.783333333333334,81.68333333333334,2.8,218,,
2024-03-06T18:00:00.000000+0000,,7.199999999999999,72.91666666666667,8.0,152,,
2024-03-06T19:00:00.000000+0000,,6.683333333333334,87.10000000000001,3.7,175,,
2024-03-06T20:00:00.000000+0000,,5.699999999999999,92.39999999999999,2.8,211,,
2024-03-06T21:00:00.000000+0000,,6.199999999999999,80.43333333333334,2.2,209,,
2024-03-06T22:00:00.000000+0000,,5.550000000000001,80.56666666666666,1.5,233,,
2024-03-06T23:00:00.000000+0000,,3.6999999999999997,69.6,2.3,135,,
2024-03-07T00:00:00.000000+0000,,5.533333333333332,40.166666666666664,6.9,137,,
2024-03-07T01:00:00.000000+0000,,4.9,44.53333333333333,6.3,136,,
2024-03-07T02:00:00.000000+0000,,4.2,60.833333333333336,7.0,137,,
2024-03-07T03:00:00.000000+0000,,4.25,67.46666666666667,6.5,140,,
2024-03-07T04:00:00.000000+0000,,4.8500000000000005,45.65,7.2,155,,
2024-03-07T05:00:00.000000+0000,,7.95,39.06666666666667,7.3,139,,
2024-03-07T06:00:00.000000+0000,,10.216666666666667,46.583333333333336,7.5,133,,
2024-03-07T07:00:00.000000+0000,,11.683333333333335,57.833333333333336,6.1,114,,
2024-03-07T08:00:00.000000+0000,,11.816666666666665,69.0,2.6,129,,
2024-03-07T09:00:00.000000+0000,,10.016666666666666,87.0,5.2,288,,
2024-03-07T10:00:00.000000+0000,,10.15,90.35000000000001,6.2,300,,
2024-03-07T11:00:00.000000+0000,,10.15,90.41666666666667,5.5,313,,
2024-03-07T12:00:00.000000+0000,,10.133333333333333,91.53333333333335,4.6,303,,
2024-03-07T13:00:00.000000+0000,,9.299999999999999,98.21666666666668,3.8,314,,
2024-03-07T14:00:00.000000+0000,,8.850000000000001,99.26666666666667,3.4,315,,
2024-03-07T15:00:00.000000+0000,,7.899999999999999,99.3,3.0,274,,
2024-03-07T16:00:00.000000+0000,,7.733333333333333,99.26666666666667,1.6,240,,
2024-03-07T17:00:00.000000+0000,,5.366666666666667,88.98333333333333,2.7,132,,
2024-03-07T18:00:00.000000+0000,,6.066666666666666,90.05,2.6,175,,
2024-03-07T19:00:00.000000+0000,,6.933333333333333,67.26666666666667,4.1,142,,
2024-03-07T20:00:00.000000+0000,,6.183333333333334,78.71666666666665,5.3,133,,
2024-03-07T21:00:00.000000+0000,,8.35,59.61666666666667,4.0,131,,
2024-03-07T22:00:00.000000+0000,,7.683333333333334,54.73333333333333,4.7,117,,
2024-03-07T23:00:00.000000+0000,,8.549999999999999,52.46666666666667,6.1,113,,
2024-03-08T00:00:00.000000+0000,,7.8999999999999995,67.63333333333334,7.2,131,,
2024-03-08T01:00:00.000000+0000,,7.449999999999999,58.583333333333336,7.0,126,,
2024-03-08T02:00:00.000000+0000,,8.416666666666666,48.75,9.4,122,,
2024-03-08T03:00:00.000000+0000,,8.933333333333334,44.583333333333336,9.3,139,,
2024-03-08T04:00:00.000000+0000,,8.6,42.1,9.3,131,,
2024-03-08T05:00:00.000000+0000,,9.883333333333333,43.416666666666664,8.8,111,,
2024-03-08T06:00:00.000000+0000,,11.25,45.5,10.0,103,,
2024-03-08T07:00:00.000000+0000,,12.533333333333331,43.21666666666667,7.2,76,,
2024-03-08T08:00:00.000000+0000,,13.566666666666668,45.61666666666667,7.1,47,,
2024-03-08T09:00:00.000000+0000,,14.5,52.56666666666667,6.7,32,,
2024-03-08T10:00:00.000000+0000,,13.933333333333332,51.4,5.9,37,,
2024-03-08T11:00:00.000000+0000,,12.166666666666666,70.26666666666667,6.0,308,,
2024-03-08T12:00:00.000000+0000,,11.683333333333332,70.55,3.7,330,,
2024-03-08T13:00:00.000000+0000,,12.183333333333332,60.9,6.1,51,,
2024-03-08T14:00:00.000000+0000,,11.833333333333334,66.21666666666668,5.3,82,,
2024-03-08T15:00:00.000000+0000,,10.733333333333333,73.14999999999999,6.4,123,,
2024-03-08T16:00:00.000000+0000,,9.466666666666667,93.05,2.8,254,,
2024-03-08T17:00:00.000000+0000,,7.8999999999999995,92.36666666666667,1.4,180,,
2024-03-08T18:00:00.000000+0000,,7.633333333333333,76.85000000000001,5.3,155,,
2024-03-08T19:00:00.000000+0000,,7.716666666666666,85.68333333333334,2.2,122,,
2024-03-08T20:00:00.000000+0000,,6.716666666666668,98.34999999999998,3.6,141,,
2024-03-08T21:00:00.000000+0000,,7.066666666666666,98.61666666666666,3.9,112,,
2024-03-08T22:00:00.000000+0000,,6.266666666666667,98.88333333333334,7.5,91,,
2024-03-08T23:00:00.000000+0000,,5.5,86.75,8.5,106,,
2024-03-09T00:00:00.000000+0000,,4.516666666666667,76.85000000000001,7.8,120,,
2024-03-09T01:00:00.000000+0000,,5.1000000000000005,66.5,7.7,122,,
2024-03-09T02:00:00.000000+0000,,5.3500000000000005,64.24999999999999,8.0,123,,
2024-03-09T03:00:00.000000+0000,,5.550000000000001,64.46666666666665,8.8,128,,
2024-03-09T04:00:00.000000+0000,,6.05,63.94999999999999,9.3,128,,
2024-03-09T05:00:00.000000+0000,,7.016666666666667,69.38333333333334,9.0,122,,
2024-03-09T06:00:00.000000+0000,,9.616666666666667,69.03333333333335,7.9,105,,
2024-03-09T07:00:00.000000+0000,,10.916666666666666,64.93333333333334,6.6,104,,
2024-03-09T08:00:00.000000+0000,,12.5,59.18333333333334,7.3,71,,
2024-03-09T09:00:00.000000+0000,,12.4,62.666666666666664,5.9,49,,
2024-03-09T10:00:00.000000+0000,,13.216666666666669,61.43333333333333,8.1,38,,
2024-03-09T11:00:00.000000+0000,,13.199999999999998,63.86666666666667,8.4,50,,
2024-03-09T12:00:00.000000+0000,,12.866666666666667,69.25,10.0,37,,
2024-03-09T13:00:00.000000+0000,,12.933333333333335,67.91666666666667,8.7,47,,
2024-03-09T14:00:00.000000+0000,,11.75,67.93333333333334,6.7,73,,
2024-03-09T15:00:00.000000+0000,,10.816666666666668,71.26666666666667,7.6,100,,
2024-03-09T16:00:00.000000+0000,,7.766666666666667,82.68333333333332,8.2,128,,
2024-03-09T17:00:00.000000+0000,,7.066666666666666,61.35,8.8,131,,
2024-03-09T18:00:00.000000+0000,,7.233333333333333,53.9,7.9,131,,
2024-03-09T19:00:00.000000+0000,,7.8999999999999995,83.71666666666665,5.3,123,,
2024-03-09T20:00:00.000000+0000,,6.666666666666668,77.01666666666667,8.5,117,,
2024-03-09T21:00:00.000000+0000,,5.866666666666667,60.949999999999996,8.3,124,,
2024-03-09T22:00:00.000000+0000,,5.933333333333334,61.28333333333334,7.9,122,,
2024-03-09T23:00:00.000000+0000,,5.733333333333333,61.883333333333326,8.3,128,,
2024-03-10T00:00:00.000000+0000,,5.416666666666667,57.11666666666667,7.9,133,,
2024-03-10T01:00:00.000000+0000,,6.366666666666667,41.099999999999994,7.2,130,,
2024-03-10T02:00:00.000000+0000,,5.75,58.31666666666666,8.2,133,,
2024-03-10T03:00:00.000000+0000,,5.466666666666666,67.93333333333332,9.0,124,,
2024-03-10T04:00:00.000000+0000,,5.25,70.76,8.8,124,,
2024-03-10T05:00:00.000000+0000,,6.916666666666667,70.69999999999999,9.5,108,,
2024-03-10T06:00:00.000000+0000,,9.700000000000001,37.85,9.4,100,,
2024-03-10T07:00:00.000000+0000,,11.116666666666665,47.0,8.3,86,,
2024-03-10T08:00:00.000000+0000,,11.816666666666668,54.73333333333334,6.3,78,,
2024-03-10T09:00:00.000000+0000,,12.949999999999998,51.46666666666666,6.7,79,,
2024-03-10T10:00:00.000000+0000,,13.549999999999999,46.76666666666667,7.7,67,,
2024-03-10T11:00:00.000000+0000,,14.133333333333335,44.333333333333336,9.1,68,,
2024-03-10T12:00:00.000000+0000,,14.383333333333333,45.88333333333333,8.9,77,,
2024-03-10T13:00:00.000000+0000,,13.25,51.583333333333336,9.8,82,,
2024-03-10T14:00:00.000000+0000,,12.549999999999999,53.650000000000006,10.3,91,,
2024-03-10T15:00:00.000000+0000,,11.050000000000002,63.48333333333334,9.5,104,,
2024-03-10T16:00:00.000000+0000,,7.8166666666666655,80.44,9.1,120,,
2024-03-10T17:00:00.000000+0000,,6.483333333333334,87.73333333333333,6.9,118,,
2024-03-10T18:00:00.000000+0000,,5.883333333333333,87.43333333333334,7.4,123,,
2024-03-10T19:00:00.000000+0000,,5.566666666666666,86.46666666666665,6.1,126,,
2024-03-10T20:00:00.000000+0000,,5.8,92.10000000000002,8.8,100,,
2024-03-10T21:00:00.000000+0000,,5.866666666666667,93.91666666666667,9.8,99,,
2024-03-10T22:00:00.000000+0000,,5.5,94.03333333333335,10.5,93,,
2024-03-10T23:00:00.000000+0000,,5.066666666666666,92.16666666666667,9.7,95,,
2024-03-11T00:00:00.000000+0000,,4.45,91.56666666666666,9.5,106,,
2024-03-11T01:00:00.000000+0000,,4.316666666666666,90.33333333333333,9.6,117,,
2024-03-11T02:00:00.000000+0000,,4.483333333333333,92.58333333333333,12.6,103,,
2024-03-11T03:00:00.000000+0000,,4.566666666666666,94.06666666666666,11.4,103,,
2024-03-11T04:00:00.000000+0000,,4.233333333333333,94.18333333333332,11.0,114,,
2024-03-11T05:00:00.000000+0000,,5.6499999999999995,87.7,11.7,111,,
2024-03-11T06:00:00.000000+0000,,8.383333333333333,68.81666666666668,10.8,112,,
2024-03-11T07:00:00.000000+0000,,10.35,50.21666666666667,12.4,108,,
2024-03-11T08:00:00.000000+0000,,11.783333333333333,46.46666666666667,11.8,97,,
2024-03-11T09:00:00.000000+0000,,12.049999999999999,47.083333333333336,10.9,92,,
2024-03-11T10:00:00.000000+0000,,13.0,49.3,7.8,,,
2024-03-11T11:00:00.000000+0000,,13.433333333333332,,6.2,,,
2024-03-11T12:00:00.000000+0000,,13.666666666666666,,5.3,,,
2024-03-11T13:00:00.000000+0000,,13.683333333333332,64.2,4.3,,,
2024-03-11T14:00:00.000000+0000,,12.9,73.38333333333334,4.9,269,,
2024-03-11T15:00:00.000000+0000,,10.516666666666667,89.60000000000001,2.0,308,,
2024-03-11T16:00:00.000000+0000,,9.299999999999999,99.10000000000001,3.3,281,,
2024-03-11T17:00:00.000000+0000,,7.266666666666667,84.55,3.1,133,,
2024-03-11T18:00:00.000000+0000,,4.533333333333332,77.64999999999999,2.6,148,,
2024-03-11T19:00:00.000000+0000,,4.45,43.03333333333333,7.7,133,,
2024-03-11T20:00:00.000000+0000,,4.566666666666666,39.05,7.2,141,,
2024-03-11T21:00:00.000000+0000,,5.3,44.9,4.6,134,,
2024-03-11T22:00:00.000000+0000,,4.116666666666666,56.166666666666664,2.4,216,,
2024-03-11T23:00:00.000000+0000,,4.816666666666666,46.666666666666664,2.2,189,,
2024-03-12T00:00:00.000000+0000,,5.016666666666667,64.31666666666666,1.3,225,,
2024-03-12T01:00:00.000000+0000,,4.7,72.46666666666668,1.4,212,,
2024-03-12T02:00:00.000000+0000,,5.3500000000000005,76.83333333333333,2.1,245,,
2024-03-12T03:00:00.000000+0000,,5.033333333333332,65.14999999999999,1.1,315,,
2024-03-12T04:00:00.000000+0000,,4.983333333333333,42.5,5.1,155,,
2024-03-12T05:00:00.000000+0000,,8.75,17.633333333333336,9.1,138,,
2024-03-12T06:00:00.000000+0000,,11.683333333333332,20.866666666666667,7.9,128,,
2024-03-12T07:00:00.000000+0000,,12.916666666666666,29.833333333333332,6.3,120,,
2024-03-12T08:00:00.000000+0000,,10.683333333333332,67.45,4.4,292,,
2024-03-12T09:00:00.000000+0000,,11.533333333333333,65.15,5.3,286,,
2024-03-12T10:00:00.000000+0000,,12.583333333333334,58.96666666666666,8.0,283,,
2024-03-12T11:00:00.000000+0000,,12.25,64.45,7.4,292,,
2024-03-12T12:00:00.000000+0000,,10.15,77.5,6.8,282,,
2024-03-12T13:00:00.000000+0000,,10.233333333333333,76.36666666666666,5.8,287,,
2024-03-12T14:00:00.000000+0000,,10.316666666666666,74.2,5.8,276,,
2024-03-12T15:00:00.000000+0000,,10.949999999999998,69.38,5.4,262,,
2024-03-12T16:00:00.000000+0000,,7.883333333333333,,4.2,,,
2024-03-12T17:00:00.000000+0000,,4.7,55.8,3.0,,,
2024-03-12T18:00:00.000000+0000,,5.05,39.2,4.8,121,,
2024-03-12T19:00:00.000000+0000,,4.3999999999999995,39.333333333333336,4.0,118,,
2024-03-12T20:00:00.000000+0000,,3.9333333333333336,42.76666666666667,3.9,121,,
2024-03-12T21:00:00.000000+0000,,5.016666666666667,41.93333333333334,3.5,107,,
2024-03-12T22:00:00.000000+0000,,4.016666666666667,44.583333333333336,5.1,133,,
2024-03-12T23:00:00.000000+0000,,4.349999999999999,30.799999999999997,7.0,142,,
2024-03-13T00:00:00.000000+0000,,5.2,38.2,5.9,135,,
2024-03-13T01:00:00.000000+0000,,5.6,40.58,2.6,133,,
2024-03-13T08:00:00.000000+0000,,5.7,37.1,,,,
2024-03-16T12:00:00.000000+0000,,13.8,52.32000000000001,6.5,268,,
2024-03-16T13:00:00.000000+0000,,13.716666666666667,49.666666666666664,6.6,247,,
2024-03-16T14:00:00.000000+0000,,12.016666666666666,54.93333333333334,3.6,130,,
2024-03-16T15:00:00.000000+0000,,9.516666666666666,69.48333333333333,4.4,110,,
2024-03-16T16:00:00.000000+0000,,8.433333333333332,74.88333333333333,2.4,180,,
2024-03-16T17:00:00.000000+0000,,6.216666666666666,76.91666666666666,4.2,194,,
2024-03-16T18:00:00.000000+0000,,5.8500000000000005,76.89999999999999,1.3,186,,
2024-03-16T19:00:00.000000+0000,,4.783333333333333,78.64999999999999,0.9,135,,
2024-03-16T20:00:00.000000+0000,,3.183333333333333,46.349999999999994,4.7,132,,
2024-03-16T21:00:00.000000+0000,,4.483333333333333,21.63333333333333,6.9,133,,
2024-03-16T22:00:00.000000+0000,,4.883333333333333,16.51666666666667,7.8,130,,
2024-03-16T23:00:00.000000+0000,,4.8500000000000005,13.466666666666667,6.9,127,,
2024-03-17T00:00:00.000000+0000,,5.766666666666667,10.299999999999999,8.3,126,,
2024-03-17T01:00:00.000000+0000,,5.816666666666666,9.6,8.6,130,,
2024-03-17T02:00:00.000000+0000,,5.966666666666666,10.066666666666666,7.8,137,,
2024-03-17T03:00:00.000000+0000,,6.133333333333334,11.283333333333333,8.0,132,,
2024-03-17T04:00:00.000000+0000,,6.716666666666666,9.566666666666668,8.8,129,,
2024-03-17T05:00:00.000000+0000,,8.966666666666667,11.783333333333331,8.9,117,,
2024-03-17T06:00:00.000000+0000,,11.549999999999999,12.216666666666667,10.3,109,,
2024-03-17T07:00:00.000000+0000,,13.25,13.049999999999999,7.8,102,,
2024-03-17T08:00:00.000000+0000,,14.133333333333335,14.949999999999998,6.3,90,,
2024-03-17T09:00:00.000000+0000,,14.899999999999999,19.849999999999998,5.5,88,,
2024-03-17T10:00:00.000000+0000,,15.716666666666667,24.883333333333336,5.9,238,,
2024-03-17T11:00:00.000000+0000,,15.383333333333335,34.85,8.2,250,,
2024-03-17T12:00:00.000000+0000,,12.783333333333331,49.46666666666666,7.3,238,,
2024-03-17T13:00:00.000000+0000,,12.583333333333334,54.800000000000004,4.9,234,,
2024-03-17T14:00:00.000000+0000,,11.316666666666665,64.83333333333333,4.5,70,,
2024-03-17T15:00:00.000000+0000,,9.916666666666666,76.23333333333333,6.4,91,,
2024-03-17T16:00:00.000000+0000,,8.116666666666667,80.14999999999999,5.1,126,,
2024-03-17T17:00:00.000000+0000,,6.8999999999999995,82.56666666666668,5.3,152,,
2024-03-17T18:00:00.000000+0000,,6.816666666666666,83.61666666666666,2.5,204,,
2024-03-17T19:00:00.000000+0000,,6.566666666666666,84.69999999999999,1.7,205,,
2024-03-17T20:00:00.000000+0000,,5.216666666666668,87.51666666666667,1.7,183,,
2024-03-17T21:00:00.000000+0000,,5.366666666666667,88.23333333333333,0.6,180,,
2024-03-17T22:00:00.000000+0000,,4.250000000000001,92.16666666666667,1.3,100,,
2024-03-17T23:00:00.000000+0000,,4.066666666666667,91.31666666666666,1.9,100,,
2024-03-18T00:00:00.000000+0000,,4.466666666666667,79.96666666666668,0.8,120,,
2024-03-18T01:00:00.000000+0000,,3.533333333333333,60.583333333333336,1.4,117,,
2024-03-18T02:00:00.000000+0000,,3.6833333333333336,43.01666666666666,1.7,115,,
2024-03-18T03:00:00.000000+0000,,3.75,39.86666666666667,2.5,110,,
2024-03-18T04:00:00.000000+0000,,3.9000000000000004,37.86666666666667,1.6,108,,
2024-03-18T05:00:00.000000+0000,,8.833333333333334,31.316666666666666,1.8,87,,
2024-03-18T06:00:00.000000+0000,,11.616666666666667,33.38333333333333,3.8,16,,
2024-03-18T07:00:00.000000+0000,,11.516666666666666,49.349999999999994,3.0,327,,
2024-03-18T08:00:00.000000+0000,,12.516666666666666,53.0,3.6,335,,
2024-03-18T09:00:00.000000+0000,,12.58333333333333,58.150000000000006,6.2,300,,
2024-03-18T10:00:00.000000+0000,,15.1,43.599999999999994,4.5,22,,
2024-03-18T11:00:00.000000+0000,,14.066666666666668,49.166666666666664,8.0,309,,
2024-03-18T12:00:00.000000+0000,,14.066666666666668,49.43333333333334,7.9,14,,
2024-03-18T13:00:00.000000+0000,,12.683333333333332,51.31666666666667,5.9,41,,
2024-03-18T14:00:00.000000+0000,,12.649999999999999,57.26666666666666,5.6,32,,
2024-03-18T15:00:00.000000+0000,,10.916666666666666,64.71666666666668,6.4,95,,
2024-03-18T16:00:00.000000+0000,,8.283333333333333,84.58333333333333,6.2,138,,
2024-03-18T17:00:00.000000+0000,,7.666666666666667,82.66666666666667,4.4,147,,
2024-03-18T18:00:00.000000+0000,,7.116666666666666,79.38333333333333,1.3,186,,
2024-03-18T19:00:00.000000+0000,,6.05,84.85,2.2,142,,
2024-03-18T20:00:00.000000+0000,,5.416666666666667,83.11666666666666,1.3,153,,
2024-03-18T21:00:00.000000+0000,,5.766666666666667,69.8,0.8,214,,
2024-03-18T22:00:00.000000+0000,,4.883333333333334,,3.3,,,
2024-03-18T23:00:00.000000+0000,,5.7,,5.9,,,
2024-03-19T00:00:00.000000+0000,,6.416666666666667,53.9,7.9,,,
2024-03-19T01:00:00.000000+0000,,6.05,62.099999999999994,7.1,129,,
2024-03-19T02:00:00.000000+0000,,6.483333333333333,63.449999999999996,7.0,135,,
2024-03-19T03:00:00.000000+0000,,6.783333333333334,36.68333333333333,7.7,136,,
2024-03-19T04:00:00.000000+0000,,7.066666666666666,30.383333333333336,9.7,125,,
2024-03-19T05:00:00.000000+0000,,9.583333333333334,17.849999999999998,8.7,114,,
2024-03-19T06:00:00.000000+0000,,11.816666666666665,17.383333333333333,7.7,92,,
2024-03-19T07:00:00.000000+0000,,13.299999999999999,17.15,7.9,66,,
2024-03-19T08:00:00.000000+0000,,13.649999999999999,25.150000000000002,8.5,56,,
2024-03-19T09:00:00.000000+0000,,13.866666666666667,30.833333333333332,9.1,62,,
2024-03-19T10:00:00.000000+0000,,14.41666666666667,31.766666666666666,9.2,69,,
2024-03-19T11:00:00.000000+0000,,14.75,37.86666666666667,10.5,63,,
2024-03-19T12:00:00.000000+0000,,15.083333333333334,44.86666666666667,8.9,58,,
2024-03-19T13:00:00.000000+0000,,13.549999999999999,51.36666666666667,8.4,80,,
2024-03-19T14:00:00.000000+0000,,12.233333333333334,58.11666666666667,8.6,80,,
2024-03-19T15:00:00.000000+0000,,10.383333333333335,67.55,9.1,103,,
2024-03-19T16:00:00.000000+0000,,7.866666666666667,75.56666666666666,8.4,128,,
2024-03-19T17:00:00.000000+0000,,7.066666666666667,73.16666666666667,8.5,142,,
2024-03-19T18:00:00.000000+0000,,7.0,71.36666666666667,8.3,142,,
2024-03-19T19:00:00.000000+0000,,6.6000000000000005,62.300000000000004,5.7,153,,
2024-03-19T20:00:00.000000+0000,,5.983333333333333,60.23333333333334,1.5,163,,
2024-03-19T21:00:00.000000+0000,,4.499999999999999,45.949999999999996,1.6,125,,
2024-03-19T22:00:00.000000+0000,,3.8166666666666664,28.333333333333332,3.5,112,,
2024-03-19T23:00:00.000000+0000,,4.683333333333334,20.099999999999998,3.2,121,,
2024-03-20T00:00:00.000000+0000,,4.783333333333333,21.450000000000003,3.6,112,,
2024-03-20T01:00:00.000000+0000,,6.8500000000000005,17.599999999999998,6.2,114,,
2024-03-20T02:00:00.000000+0000,,7.1000000000000005,37.416666666666664,8.9,122,,
2024-03-20T03:00:00.000000+0000,,7.466666666666666,24.900000000000002,10.1,115,,
2024-03-20T04:00:00.000000+0000,,7.3,56.5,11.6,115,,
2024-03-20T05:00:00.000000+0000,,9.183333333333332,46.15,11.4,112,,
2024-03-20T06:00:00.000000+0000,,11.133333333333335,48.88333333333333,7.5,106,,
2024-03-20T07:00:00.000000+0000,,12.483333333333333,32.63333333333333,6.4,61,,
2024-03-20T08:00:00.000000+0000,,13.083333333333334,52.699999999999996,5.0,13,,
2024-03-20T09:00:00.000000+0000,,14.533333333333331,15.383333333333333,7.6,56,,
2024-03-20T10:00:00.000000+0000,,14.916666666666666,17.81666666666667,7.2,79,,
2024-03-20T11:00:00.000000+0000,,14.383333333333333,34.98333333333334,4.3,137,,
2024-03-20T12:00:00.000000+0000,,14.266666666666667,37.26666666666667,5.4,232,,
2024-03-20T13:00:00.000000+0000,,14.666666666666666,35.9,5.7,213,,
2024-03-20T14:00:00.000000+0000,,13.483333333333334,40.71666666666667,7.2,213,,
2024-03-20T15:00:00.000000+0000,,12.083333333333334,43.666666666666664,5.0,191,,
2024-03-20T16:00:00.000000+0000,,8.15,41.199999999999996,8.0,149,,
2024-03-20T17:00:00.000000+0000,,6.566666666666666,55.61666666666667,7.9,162,,
2024-03-20T18:00:00.000000+0000,,6.733333333333333,67.55,7.7,153,,
2024-03-20T19:00:00.000000+0000,,6.416666666666667,77.06666666666668,7.7,147,,
2024-03-20T20:00:00.000000+0000,,6.3,77.03333333333333,7.3,147,,
2024-03-20T21:00:00.000000+0000,,5.116666666666666,78.73333333333333,2.6,191,,
2024-03-20T22:00:00.000000+0000,,6.3,54.13333333333333,6.7,128,,
2024-03-20T23:00:00.000000+0000,,5.466666666666666,25.083333333333332,5.2,123,,
2024-03-21T00:00:00.000000+0000,,4.733333333333333,16.466666666666665,5.3,127,,
2024-03-21T01:00:00.000000+0000,,4.6000000000000005,14.033333333333331,6.4,127,,
2024-03-21T02:00:00.000000+0000,,6.566666666666666,11.066666666666665,9.9,135,,
2024-03-21T03:00:00.000000+0000,,6.983333333333334,26.71666666666667,3.0,158,,
2024-03-21T04:00:00.000000+0000,,5.1499999999999995,19.499999999999996,4.6,150,,
2024-03-21T05:00:00.000000+0000,,7.716666666666668,18.316666666666666,2.3,238,,
2024-03-21T06:00:00.000000+0000,,9.816666666666666,23.433333333333334,1.8,253,,
2024-03-21T07:00:00.000000+0000,,10.066666666666666,37.449999999999996,3.3,281,,
2024-03-21T08:00:00.000000+0000,,11.233333333333333,46.36666666666667,4.3,298,,
2024-03-21T09:00:00.000000+0000,,12.716666666666667,49.0,5.6,291,,
2024-03-21T10:00:00.000000+0000,,13.700000000000001,53.333333333333336,8.4,293,,
2024-03-21T11:00:00.000000+0000,,12.1,60.9,5.5,286,,
2024-03-21T12:00:00.000000+0000,,12.783333333333333,55.71666666666667,6.4,278,,
2024-03-21T13:00:00.000000+0000,,14.000000000000002,41.43333333333333,9.1,271,,
2024-03-21T14:00:00.000000+0000,,13.533333333333333,40.733333333333334,7.2,295,,
2024-03-21T15:00:00.000000+0000,,11.766666666666666,42.583333333333336,6.0,327,,
2024-03-21T16:00:00.000000+0000,,8.483333333333333,62.21666666666667,4.3,130,,
2024-03-21T17:00:00.000000+0000,,5.349999999999999,67.21666666666668,2.1,141,,
2024-03-21T18:00:00.000000+0000,,4.816666666666666,77.55,1.7,165,,
2024-03-21T19:00:00.000000+0000,,4.666666666666667,75.7,2.4,159,,
2024-03-21T20:00:00.000000+0000,,4.533333333333333,58.95000000000001,4.2,146,,
2024-03-21T21:00:00.000000+0000,,5.283333333333333,71.76666666666667,4.6,161,,
2024-03-21T22:00:00.000000+0000,,4.133333333333334,80.98333333333333,2.8,168,,
2024-03-21T23:00:00.000000+0000,,5.083333333333333,76.85000000000001,4.4,136,,
2024-03-22T00:00:00.000000+0000,,4.733333333333333,42.4,5.9,132,,
2024-03-22T01:00:00.000000+0000,,4.166666666666667,23.883333333333336,4.6,112,,
2024-03-22T02:00:00.000000+0000,,3.566666666666667,26.78333333333333,4.9,118,,
2024-03-22T03:00:00.000000+0000,,3.6166666666666667,17.566666666666666,5.6,129,,
2024-03-22T04:00:00.000000+0000,,4.733333333333333,16.433333333333334,8.3,121,,
2024-03-22T05:00:00.000000+0000,,8.450000000000001,18.916666666666668,7.6,125,,
2024-03-22T06:00:00.000000+0000,,11.1,19.55,8.5,109,,
2024-03-22T07:00:00.000000+0000,,13.083333333333334,17.666666666666668,7.9,93,,
2024-03-22T08:00:00.000000+0000,,13.916666666666666,21.75,5.1,87,,
2024-03-22T09:00:00.000000+0000,,13.799999999999999,30.866666666666664,8.3,262,,
2024-03-22T10:00:00.000000+0000,,14.283333333333333,38.1,7.9,269,,
2024-03-22T11:00:00.000000+0000,,13.733333333333334,46.68333333333333,7.8,289,,
2024-03-22T12:00:00.000000+0000,,12.916666666666666,53.75,8.5,314,,
2024-03-22T13:00:00.000000+0000,,11.016666666666666,70.13333333333334,7.4,346,,
2024-03-22T14:00:00.000000+0000,,11.700000000000001,62.65,5.0,18,,
2024-03-22T15:00:00.000000+0000,,10.266666666666667,71.76666666666667,5.0,60,,
2024-03-22T16:00:00.000000+0000,,8.383333333333333,84.60000000000001,2.5,216,,
2024-03-22T17:00:00.000000+0000,,6.683333333333334,89.55,4.0,192,,
2024-03-22T18:00:00.000000+0000,,6.2,82.78333333333335,2.6,193,,
2024-03-22T19:00:00.000000+0000,,5.633333333333334,84.15,3.1,136,,
2024-03-22T20:00:00.000000+0000,,5.633333333333333,82.44999999999999,1.5,105,,
2024-03-22T21:00:00.000000+0000,,5.933333333333334,86.16666666666664,1.6,217,,
2024-03-22T22:00:00.000000+0000,,5.8500000000000005,91.71666666666665,1.8,211,,
2024-03-22T23:00:00.000000+0000,,5.566666666666666,98.11666666666667,2.7,225,,
2024-03-23T00:00:00.000000+0000,,5.033333333333333,93.33333333333333,2.4,216,,
2024-03-23T01:00:00.000000+0000,,5.3500000000000005,90.5,1.8,184,,
2024-03-23T02:00:00.000000+0000,,5.466666666666666,88.39999999999999,1.8,137,,
2024-03-23T03:00:00.000000+0000,,6.650000000000001,80.48333333333333,1.3,139,,
2024-03-23T04:00:00.000000+0000,,6.483333333333333,82.28333333333333,3.5,97,,
2024-03-23T05:00:00.000000+0000,,7.966666666666666,74.73333333333333,5.3,124,,
2024-03-23T06:00:00.000000+0000,,10.916666666666666,55.61666666666667,4.2,24,,
2024-03-23T07:00:00.000000+0000,,11.549999999999999,48.46666666666667,3.5,12,,
2024-03-23T08:00:00.000000+0000,,12.566666666666668,47.699999999999996,4.7,8,,
2024-03-23T09:00:00.000000+0000,,12.216666666666667,55.81666666666667,4.9,354,,
2024-03-23T10:00:00.000000+0000,,10.983333333333334,64.81666666666668,4.7,17,,
2024-03-23T11:00:00.000000+0000,,9.15,90.86666666666666,3.0,36,,
2024-03-23T12:00:00.000000+0000,,7.7,95.58333333333333,2.1,165,,
2024-03-23T13:00:00.000000+0000,,8.200000000000001,93.91666666666667,3.9,110,,
2024-03-23T14:00:00.000000+0000,,8.733333333333334,95.86666666666666,4.6,66,,
2024-03-23T15:00:00.000000+0000,,8.166666666666666,99.3,5.7,,,
2024-03-23T16:00:00.000000+0000,,7.833333333333333,77.7,6.4,,,
2024-03-23T17:00:00.000000+0000,,7.683333333333334,72.45,6.5,170,,
2024-03-23T18:00:00.000000+0000,,8.35,60.65,2.5,197,,
2024-03-23T19:00:00.000000+0000,,7.633333333333334,65.56666666666666,2.1,148,,
2024-03-23T20:00:00.000000+0000,,7.3,62.30000000000001,5.7,115,,
2024-03-23T21:00:00.000000+0000,,7.1000000000000005,45.050000000000004,6.4,110,,
2024-03-23T22:00:00.000000+0000,,6.400000000000001,34.21666666666666,6.0,108,,
2024-03-23T23:00:00.000000+0000,,6.800000000000001,30.566666666666666,4.9,98,,
2024-03-24T00:00:00.000000+0000,,6.8,34.7,4.7,105,,
2024-03-24T01:00:00.000000+0000,,5.983333333333333,42.55,3.6,106,,
2024-03-24T02:00:00.000000+0000,,5.066666666666666,51.25,3.5,115,,
2024-03-24T03:00:00.000000+0000,,5.1000000000000005,51.650000000000006,3.5,112,,
2024-03-24T04:00:00.000000+0000,,4.45,56.53333333333334,3.8,117,,
2024-03-24T05:00:00.000000+0000,,8.75,48.68333333333333,3.3,97,,
2024-03-24T06:00:00.000000+0000,,11.0,37.666666666666664,3.2,75,,
2024-03-24T07:00:00.000000+0000,,12.183333333333332,37.88333333333333,5.6,37,,
2024-03-24T08:00:00.000000+0000,,13.166666666666666,37.36666666666667,5.9,20,,
2024-03-24T09:00:00.000000+0000,,13.25,49.449999999999996,6.4,15,,
2024-03-24T10:00:00.000000+0000,,12.466666666666667,59.71666666666666,6.1,16,,
2024-03-24T11:00:00.000000+0000,,11.16666666666667,70.35,5.9,21,,
2024-03-24T12:00:00.000000+0000,,11.883333333333333,74.35000000000001,7.3,25,,
2024-03-24T13:00:00.000000+0000,,11.983333333333334,76.93333333333332,6.6,37,,
2024-03-24T14:00:00.000000+0000,,9.666666666666666,85.96666666666668,8.2,70,,
2024-03-24T15:00:00.000000+0000,,9.966666666666665,73.3,6.9,139,,
2024-03-24T16:00:00.000000+0000,,9.799999999999999,67.43333333333332,2.4,148,,
2024-03-24T17:00:00.000000+0000,,8.049999999999999,76.56666666666666,2.1,153,,
2024-03-24T18:00:00.000000+0000,,7.833333333333333,67.46666666666667,2.8,95,,
2024-03-24T19:00:00.000000+0000,,7.6499999999999995,75.43333333333334,5.2,127,,
2024-03-24T20:00:00.000000+0000,,7.383333333333333,90.28333333333335,2.6,110,,
2024-03-24T21:00:00.000000+0000,,7.983333333333334,85.51666666666667,4.1,112,,
2024-03-24T22:00:00.000000+0000,,7.6499999999999995,86.16666666666667,5.8,123,,
2024-03-24T23:00:00.000000+0000,,6.783333333333332,81.53333333333335,5.9,117,,
2024-03-25T00:00:00.000000+0000,,6.433333333333333,76.48333333333333,5.6,114,,
2024-03-25T01:00:00.000000+0000,,7.066666666666666,63.81666666666666,5.4,111,,
2024-03-25T02:00:00.000000+0000,,6.683333333333334,67.38333333333333,5.0,116,,
2024-03-25T03:00:00.000000+0000,,6.816666666666667,77.58333333333333,4.5,110,,
2024-03-25T04:00:00.000000+0000,,6.183333333333334,87.11666666666666,5.5,117,,
2024-03-25T05:00:00.000000+0000,,8.216666666666667,75.58333333333333,4.9,103,,
2024-03-25T06:00:00.000000+0000,,10.450000000000001,61.38333333333333,4.7,67,,
2024-03-25T07:00:00.000000+0000,,11.133333333333333,69.83333333333333,6.6,15,,
2024-03-25T08:00:00.000000+0000,,12.399999999999999,66.41666666666667,6.6,2,,
2024-03-25T09:00:00.000000+0000,,12.5,61.583333333333336,6.7,3,,
2024-03-25T10:00:00.000000+0000,,11.333333333333334,68.03333333333333,4.8,353,,
2024-03-25T11:00:00.000000+0000,,10.299999999999999,88.89999999999999,5.8,16,,
2024-03-25T12:00:00.000000+0000,,9.666666666666666,99.01666666666667,4.1,21,,
2024-03-25T13:00:00.000000+0000,,9.083333333333332,99.3,3.8,351,,
2024-03-25T14:00:00.000000+0000,,8.866666666666667,99.3,5.1,14,,
2024-03-25T15:00:00.000000+0000,,9.050000000000002,99.26666666666667,5.6,99,,
2024-03-25T16:00:00.000000+0000,,8.450000000000001,97.96666666666665,4.0,146,,
2024-03-25T17:00:00.000000+0000,,8.583333333333334,97.83333333333333,1.9,221,,
2024-03-25T18:00:00.000000+0000,,8.15,94.11666666666666,1.1,207,,
2024-03-25T19:00:00.000000+0000,,6.8500000000000005,94.93333333333334,1.4,166,,
2024-03-25T20:00:00.000000+0000,,6.116666666666667,82.7,3.0,173,,
2024-03-25T21:00:00.000000+0000,,6.383333333333333,96.06666666666668,1.9,197,,
2024-03-25T22:00:00.000000+0000,,6.55,90.28333333333332,1.3,90,,
2024-03-25T23:00:00.000000+0000,,6.800000000000001,88.88333333333333,5.6,139,,
2024-03-26T00:00:00.000000+0000,,6.716666666666668,89.13333333333334,3.0,167,,
2024-03-26T01:00:00.000000+0000,,6.033333333333334,92.41666666666667,2.6,159,,
2024-03-26T02:00:00.000000+0000,,5.550000000000001,96.98333333333333,1.7,203,,
2024-03-26T03:00:00.000000+0000,,5.016666666666667,72.46666666666667,4.8,133,,
2024-03-26T04:00:00.000000+0000,,5.516666666666667,60.75,6.7,131,,
2024-03-26T05:00:00.000000+0000,,8.466666666666667,58.06666666666667,7.2,106,,
2024-03-26T06:00:00.000000+0000,,10.65,47.93333333333333,6.4,75,,
2024-03-26T07:00:00.000000+0000,,11.783333333333331,53.01666666666667,6.2,62,,
2024-03-26T08:00:00.000000+0000,,13.916666666666666,46.166666666666664,5.7,78,,
2024-03-26T09:00:00.000000+0000,,11.516666666666666,88.63333333333333,2.9,237,,
2024-03-26T10:00:00.000000+0000,662.4,11.75,90.83333333333333,5.1,268,,
2024-03-26T11:00:00.000000+0000,662.1,11.799999999999999,88.43333333333334,5.9,252,,0.0
2024-03-26T12:00:00.000000+0000,661.7,12.183333333333335,84.95,6.5,276,,0.0
2024-03-26T13:00:00.000000+0000,661.5,10.983333333333334,96.8,4.6,286,,0.0
2024-03-26T14:00:00.000000+0000,660.9,10.766666666666667,98.76666666666667,4.7,280,,0.0
2024-03-26T15:00:00.000000+0000,661.1,9.549999999999999,97.71666666666668,2.0,260,,0.0
2024-03-26T16:00:00.000000+0000,661.5,8.916666666666668,96.61666666666667,1.6,330,,0.0
2024-03-26T17:00:00.000000+0000,662.1,7.2,89.53333333333335,1.9,204,,0.0
2024-03-26T18:00:00.000000+0000,662.5,6.3500000000000005,79.55,2.1,189,,0.0
2024-03-26T19:00:00.000000+0000,662.8,6.316666666666667,86.36666666666667,5.2,156,,0.0
2024-03-26T20:00:00.000000+0000,662.8,7.1499999999999995,79.91666666666667,8.6,146,,0.0
2024-03-26T21:00:00.000000+0000,662.6,7.550000000000001,81.53333333333335,6.4,141,,0.0
2024-03-26T22:00:00.000000+0000,662.3,8.216666666666667,84.85000000000001,7.8,142,,0.0
2024-03-26T23:00:00.000000+0000,662.1,7.3,88.78333333333332,7.7,140,,0.0
2024-03-27T00:00:00.000000+0000,661.7,6.683333333333334,78.16666666666667,5.1,165,,0.0
2024-03-27T01:00:00.000000+0000,661.5,6.633333333333333,73.68333333333332,3.0,180,,0.0
2024-03-27T02:00:00.000000+0000,661.4,6.333333333333333,59.883333333333326,8.2,147,,0.0
2024-03-27T03:00:00.000000+0000,661.4,7.0,65.48333333333333,9.5,145,,0.0
2024-03-27T04:00:00.000000+0000,661.4,7.416666666666667,65.61666666666666,9.0,139,,0.0
2024-03-27T05:00:00.000000+0000,662.0,8.6,71.06666666666666,6.4,136,,0.0
2024-03-27T06:00:00.000000+0000,662.6,8.950000000000001,82.89999999999999,2.9,227,,0.0
2024-03-27T07:00:00.000000+0000,663.0,10.75,70.26666666666667,2.9,292,,0.0
2024-03-27T08:00:00.000000+0000,663.3,13.649999999999999,37.233333333333334,4.8,115,,0.0
2024-03-27T09:00:00.000000+0000,663.1,13.616666666666665,58.1,5.0,180,,0.0
2024-03-27T10:00:00.000000+0000,662.9,11.550000000000002,79.14999999999999,7.0,275,,0.0
2024-03-27T11:00:00.000000+0000,662.4,9.799999999999999,92.55000000000001,3.7,292,,0.2
2024-03-27T12:00:00.000000+0000,661.7,10.699999999999998,85.73333333333333,4.0,121,,0.1
2024-03-27T13:00:00.000000+0000,661.2,12.333333333333334,61.01666666666666,7.7,127,,0.0
2024-03-27T14:00:00.000000+0000,661.2,12.299999999999999,53.43333333333333,5.6,123,,0.0
2024-03-27T15:00:00.000000+0000,661.5,9.733333333333334,65.2,4.1,127,,0.0
2024-03-27T16:00:00.000000+0000,661.9,7.366666666666667,73.36666666666666,3.3,158,,0.0
2024-03-27T17:00:00.000000+0000,662.4,6.016666666666667,78.39999999999999,4.6,155,,0.0
2024-03-27T18:00:00.000000+0000,662.2,6.233333333333333,72.28333333333335,8.1,141,,0.0
2024-03-27T19:00:00.000000+0000,662.2,7.033333333333334,63.23333333333333,11.9,136,,0.0
2024-03-27T20:00:00.000000+0000,662.8,6.949999999999999,63.599999999999994,8.6,139,,0.0
2024-03-27T21:00:00.000000+0000,663.2,5.916666666666668,60.98333333333333,4.2,154,,0.0
2024-03-27T22:00:00.000000+0000,662.7,5.116666666666666,51.21666666666667,5.2,150,,0.0
2024-03-27T23:00:00.000000+0000,662.1,6.6499999999999995,54.23333333333335,5.8,155,,0.0
2024-03-28T00:00:00.000000+0000,661.8,6.733333333333333,66.83333333333333,3.1,141,,0.0
2024-03-28T01:00:00.000000+0000,661.6,7.416666666666667,73.21666666666665,7.8,128,,0.0
2024-03-28T02:00:00.000000+0000,661.4,7.1000000000000005,92.64999999999999,10.0,134,,0.0
2024-03-28T03:00:00.000000+0000,661.6,7.083333333333333,94.25,7.6,135,,0.0
2024-03-28T04:00:00.000000+0000,661.9,7.2,95.68333333333334,6.6,121,,0.0
2024-03-28T05:00:00.000000+0000,662.5,7.666666666666665,92.36666666666667,6.8,120,,0.0
2024-03-28T06:00:00.000000+0000,663.0,9.049999999999999,85.43333333333334,5.4,119,,0.0
2024-03-28T07:00:00.000000+0000,663.4,10.033333333333333,78.08333333333334,5.6,104,,0.0
2024-03-28T08:00:00.000000+0000,663.5,11.683333333333332,70.41666666666667,6.6,84,,0.1
2024-03-28T09:00:00.000000+0000,663.3,11.466666666666667,84.08333333333333,4.5,300,,0.0
2024-03-28T10:00:00.000000+0000,662.9,10.649999999999999,95.36666666666667,5.8,274,,0.0
2024-03-28T11:00:00.000000+0000,662.5,10.316666666666666,96.2,5.3,287,,0.0
2024-03-28T12:00:00.000000+0000,662.0,11.649999999999999,84.58333333333333,4.1,288,,0.0
2024-03-28T13:00:00.000000+0000,661.5,11.183333333333332,88.78333333333335,5.1,300,,0.0
2024-03-28T14:00:00.000000+0000,661.5,10.75,88.88333333333333,4.1,271,,0.0
2024-03-28T15:00:00.000000+0000,661.5,9.333333333333334,94.43333333333334,3.6,283,,0.0
2024-03-28T16:00:00.000000+0000,661.3,6.716666666666668,90.39999999999999,3.6,132,,0.0
2024-03-28T17:00:00.000000+0000,661.5,6.316666666666666,54.900000000000006,7.5,142,,0.0
2024-03-28T18:00:00.000000+0000,661.9,6.483333333333333,48.83333333333332,7.2,142,,0.0
2024-03-28T19:00:00.000000+0000,662.5,6.083333333333333,50.6,7.4,143,,0.0
2024-03-28T20:00:00.000000+0000,662.8,5.533333333333334,52.86666666666667,6.7,143,,0.0
2024-03-28T21:00:00.000000+0000,662.8,5.616666666666667,52.949999999999996,7.3,135,,0.0
2024-03-28T22:00:00.000000+0000,662.7,5.949999999999999,56.4,2.7,166,,0.0
2024-03-28T23:00:00.000000+0000,661.7,5.8999999999999995,61.183333333333344,8.7,136,,0.0
2024-03-29T00:00:00.000000+0000,661.1,5.566666666666666,68.18333333333334,9.5,138,,0.0
2024-03-29T01:00:00.000000+0000,661.0,6.266666666666667,69.26666666666667,10.0,141,,0.0
2024-03-29T02:00:00.000000+0000,660.9,6.183333333333334,58.76666666666666,8.9,136,,0.0
2024-03-29T03:00:00.000000+0000,660.9,6.133333333333333,59.83333333333332,9.3,139,,0.0
2024-03-29T04:00:00.000000+0000,661.3,6.1499999999999995,72.75,9.4,138,,0.0
2024-03-29T05:00:00.000000+0000,662.0,9.166666666666666,61.98333333333334,5.2,132,,0.0
2024-03-29T06:00:00.000000+0000,662.7,10.633333333333333,71.23333333333333,4.8,129,,0.0
2024-03-29T07:00:00.000000+0000,663.0,10.166666666666668,84.73333333333333,4.3,274,,0.0
2024-03-29T08:00:00.000000+0000,662.9,12.666666666666666,72.11666666666666,5.6,196,,0.0
2024-03-29T09:00:00.000000+0000,662.5,14.083333333333336,57.0,8.3,31,,0.0
2024-03-29T10:00:00.000000+0000,662.1,11.583333333333334,75.76666666666667,5.7,16,,0.0
2024-03-29T11:00:00.000000+0000,661.4,11.4,81.31666666666666,9.4,42,,0.0
2024-03-29T12:00:00.000000+0000,660.9,10.149999999999999,94.16666666666667,8.8,30,,0.0
2024-03-29T13:00:00.000000+0000,660.5,9.516666666666667,97.98333333333333,5.9,17,,1.2
2024-03-29T14:00:00.000000+0000,660.4,9.433333333333334,97.16666666666667,4.7,58,,0.2
2024-03-29T15:00:00.000000+0000,660.7,9.450000000000001,87.14999999999999,5.9,80,,0.0
2024-03-29T16:00:00.000000+0000,660.8,8.216666666666667,86.93333333333334,5.7,129,,0.0
2024-03-29T17:00:00.000000+0000,661.0,7.449999999999999,83.30000000000001,4.9,153,,0.0
2024-03-29T18:00:00.000000+0000,661.8,7.849999999999999,90.53333333333335,1.2,252,,0.1
2024-03-29T19:00:00.000000+0000,662.0,7.533333333333334,99.2,4.3,107,,0.2
2024-03-29T20:00:00.000000+0000,662.3,7.533333333333334,99.21666666666665,2.5,101,,7.6
2024-03-29T21:00:00.000000+0000,662.3,6.816666666666667,98.0,3.9,110,,5.3
2024-03-29T22:00:00.000000+0000,662.0,6.2,99.21666666666668,3.7,154,,11.3
2024-03-29T23:00:00.000000+0000,661.2,6.75,99.26666666666667,4.6,111,,1.5
2024-03-30T00:00:00.000000+0000,660.5,6.483333333333333,99.3,7.1,118,,5.1
2024-03-30T01:00:00.000000+0000,660.6,6.55,99.3,5.6,129,,2.6
2024-03-30T02:00:00.000000+0000,660.8,6.533333333333334,99.3,4.1,116,,14.7
2024-03-30T03:00:00.000000+0000,660.8,5.666666666666667,99.3,2.0,135,,9.9
2024-03-30T04:00:00.000000+0000,661.1,6.05,97.5,7.4,136,,0.0
2024-03-30T05:00:00.000000+0000,661.4,7.55,86.61666666666667,5.8,129,,0.9
2024-03-30T06:00:00.000000+0000,661.9,7.933333333333333,85.31666666666666,6.0,112,,0.0
2024-03-30T07:00:00.000000+0000,662.2,9.75,76.58333333333333,5.1,89,,0.0
2024-03-30T08:00:00.000000+0000,662.4,11.483333333333334,75.23333333333333,6.3,58,,0.0
2024-03-30T09:00:00.000000+0000,662.1,12.166666666666666,68.01666666666667,6.7,60,,0.0
2024-03-30T10:00:00.000000+0000,661.9,13.08333333333333,60.61666666666667,6.8,70,,0.0
2024-03-30T11:00:00.000000+0000,661.3,13.350000000000001,70.55,7.3,19,,0.0
2024-03-30T12:00:00.000000+0000,660.8,13.566666666666665,68.55000000000001,8.4,28,,0.0
2024-03-30T13:00:00.000000+0000,660.3,13.666666666666666,54.94999999999999,7.7,91,,0.0
2024-03-30T14:00:00.000000+0000,660.2,11.783333333333333,62.666666666666664,8.1,96,,0.0
2024-03-30T15:00:00.000000+0000,660.2,10.016666666666667,64.93333333333332,8.9,117,,0.0
2024-03-30T16:00:00.000000+0000,660.6,8.733333333333333,74.21666666666667,6.7,131,,0.0
2024-03-30T17:00:00.000000+0000,661.2,7.8500000000000005,73.91666666666667,6.2,136,,0.0
2024-03-30T18:00:00.000000+0000,661.8,7.95,66.16666666666667,5.5,134,,0.0
2024-03-30T19:00:00.000000+0000,661.8,7.066666666666666,90.7,10.1,123,,3.0
2024-03-30T20:00:00.000000+0000,661.9,6.75,82.46666666666667,8.7,135,,0.1
2024-03-30T21:00:00.000000+0000,661.9,6.133333333333333,69.43333333333332,10.5,125,,0.0
2024-03-30T22:00:00.000000+0000,661.4,6.466666666666666,72.01666666666667,11.6,132,,0.0
2024-03-30T23:00:00.000000+0000,661.1,6.216666666666666,72.10000000000001,9.9,135,,0.0
2024-03-31T00:00:00.000000+0000,660.8,6.266666666666667,61.616666666666674,6.7,137,,0.0
2024-03-31T01:00:00.000000+0000,660.7,6.933333333333334,63.03333333333334,9.9,137,,0.0
2024-03-31T02:00:00.000000+0000,660.9,7.683333333333334,65.11666666666666,8.7,132,,0.0
2024-03-31T03:00:00.000000+0000,661.3,7.033333333333334,64.46666666666667,10.5,120,,0.0
2024-03-31T04:00:00.000000+0000,661.8,6.616666666666667,72.68333333333334,9.0,117,,0.0
2024-03-31T05:00:00.000000+0000,661.9,7.6499999999999995,69.25,9.4,120,,0.0
2024-03-31T06:00:00.000000+0000,662.6,10.899999999999999,49.73333333333334,4.7,122,,0.0
2024-03-31T07:00:00.000000+0000,662.9,11.550000000000002,52.449999999999996,8.3,106,,0.0
2024-03-31T08:00:00.000000+0000,663.1,11.700000000000001,39.56666666666667,8.3,107,,0.0
2024-03-31T09:00:00.000000+0000,662.9,13.183333333333335,48.85,6.2,90,,0.0
2024-03-31T10:00:00.000000+0000,662.3,10.766666666666666,84.45,4.6,281,,0.0
2024-03-31T11:00:00.000000+0000,661.8,11.466666666666667,84.76666666666667,7.9,273,,0.0
2024-03-31T12:00:00.000000+0000,661.5,11.433333333333332,85.30000000000001,6.7,266,,0.0
2024-03-31T13:00:00.000000+0000,661.1,11.016666666666666,85.16666666666667,5.5,268,,0.0
2024-03-31T14:00:00.000000+0000,661.0,10.716666666666667,87.44999999999999,4.2,301,,0.0
2024-03-31T15:00:00.000000+0000,661.2,9.566666666666665,88.65000000000002,3.3,114,,0.0
2024-03-31T16:00:00.000000+0000,661.3,8.833333333333334,75.64999999999999,5.2,161,,0.0
2024-03-31T17:00:00.000000+0000,661.5,7.983333333333334,78.68333333333332,7.3,142,,0.0
2024-03-31T18:00:00.000000+0000,661.9,7.566666666666666,80.1,6.6,141,,0.0
2024-03-31T19:00:00.000000+0000,662.1,7.916666666666667,84.71666666666665,8.7,135,,0.0
2024-03-31T20:00:00.000000+0000,662.1,7.883333333333334,86.31666666666668,8.4,134,,0.0
2024-03-31T21:00:00.000000+0000,661.9,7.683333333333334,91.46666666666665,9.5,133,,0.0
2024-03-31T22:00:00.000000+0000,661.5,7.75,84.89999999999999,9.3,141,,0.0
2024-03-31T23:00:00.000000+0000,660.8,7.766666666666667,83.44999999999999,8.8,142,,0.0
2024-04-01T00:00:00.000000+0000,660.4,7.883333333333333,81.33333333333334,11.3,139,,0.0
2024-04-01T01:00:00.000000+0000,660.5,7.916666666666665,80.76666666666667,9.0,139,,0.0
2024-04-01T02:00:00.000000+0000,660.5,7.400000000000001,84.89999999999999,8.4,140,,0.0
2024-04-01T03:00:00.000000+0000,660.4,7.1499999999999995,90.33333333333333,11.1,132,,0.0
2024-04-01T04:00:00.000000+0000,660.5,7.383333333333333,88.33333333333336,12.0,135,,0.0
2024-04-01T05:00:00.000000+0000,661.1,8.166666666666666,86.63333333333333,10.7,126,,0.0
2024-04-01T06:00:00.000000+0000,661.6,8.633333333333333,83.41666666666667,11.3,121,,0.0
2024-04-01T07:00:00.000000+0000,662.2,8.799999999999999,85.89999999999999,11.8,116,,0.0
2024-04-01T08:00:00.000000+0000,662.5,9.65,82.33333333333333,7.4,121,,0.2
2024-04-01T09:00:00.000000+0000,662.3,8.883333333333333,97.73333333333333,6.2,97,,0.5
2024-04-01T10:00:00.000000+0000,662.0,8.766666666666666,99.21666666666665,7.2,102,,1.7
2024-04-01T11:00:00.000000+0000,661.5,9.733333333333333,97.39999999999999,6.1,110,,0.4
2024-04-01T12:00:00.000000+0000,660.8,10.850000000000001,84.18333333333334,6.9,110,,0.1
2024-04-01T13:00:00.000000+0000,660.4,11.783333333333333,76.60000000000001,2.7,94,,0.0
2024-04-01T14:00:00.000000+0000,660.4,9.7,99.21666666666665,2.7,325,,0.0
2024-04-01T15:00:00.000000+0000,660.6,9.25,99.3,2.7,302,,0.0
2024-04-01T16:00:00.000000+0000,660.8,8.666666666666666,99.3,0.9,342,,0.0
2024-04-01T17:00:00.000000+0000,661.1,7.0,99.26666666666667,2.6,206,,0.0
2024-04-01T18:00:00.000000+0000,661.4,7.383333333333333,98.36666666666667,1.8,216,,0.0
2024-04-01T19:00:00.000000+0000,661.6,6.333333333333333,98.64999999999999,1.0,144,,0.0
2024-04-01T20:00:00.000000+0000,661.8,7.5,98.7,0.4,45,,0.0
2024-04-01T21:00:00.000000+0000,661.9,7.033333333333332,99.3,1.8,94,,0.8
2024-04-01T22:00:00.000000+0000,661.3,6.983333333333333,99.3,1.1,209,,3.9
2024-04-01T23:00:00.000000+0000,660.9,6.95,99.3,1.6,195,,3.3
2024-04-02T00:00:00.000000+0000,660.3,6.833333333333333,99.3,1.9,242,,1.0
2024-04-02T01:00:00.000000+0000,660.2,6.55,99.3,2.4,232,,2.4
2024-04-02T02:00:00.000000+0000,660.1,6.45,99.3,1.4,194,,1.1
2024-04-02T03:00:00.000000+0000,660.2,6.416666666666667,99.3,1.3,243,,2.9
2024-04-02T04:00:00.000000+0000,660.5,5.800000000000001,99.3,1.8,90,,0.0
2024-04-02T05:00:00.000000+0000,661.2,6.883333333333333,99.28333333333335,1.1,243,,0.0
2024-04-02T06:00:00.000000+0000,661.6,8.083333333333334,99.06666666666666,1.9,294,,0.0
2024-04-02T07:00:00.000000+0000,661.9,8.4,99.3,2.5,289,,0.0
2024-04-02T08:00:00.000000+0000,662.1,8.283333333333333,99.3,3.5,310,,0.0
2024-04-02T09:00:00.000000+0000,661.7,8.450000000000001,99.3,3.2,296,,0.0
2024-04-02T10:00:00.000000+0000,661.0,9.35,99.28333333333332,3.1,331,,0.0
2024-04-02T11:00:00.000000+0000,660.3,9.0,99.3,3.7,313,,0.0
2024-04-02T12:00:00.000000+0000,659.8,9.016666666666666,99.3,3.1,323,,0.2
2024-04-02T13:00:00.000000+0000,659.4,9.366666666666667,99.3,2.3,330,,0.0
2024-04-02T14:00:00.000000+0000,659.2,8.95,99.3,1.7,313,,0.0
2024-04-02T15:00:00.000000+0000,659.3,9.133333333333333,99.3,2.6,313,,0.0
2024-04-02T16:00:00.000000+0000,659.8,8.35,99.3,1.5,284,,0.0
2024-04-02T17:00:00.000000+0000,660.4,7.3500000000000005,99.3,1.8,201,,0.0
2024-04-02T18:00:00.000000+0000,660.8,6.466666666666666,99.3,1.8,195,,0.0
2024-04-02T19:00:00.000000+0000,661.3,5.883333333333333,99.31666666666666,1.7,216,,0.0
2024-04-02T20:00:00.000000+0000,661.6,6.0,99.38333333333333,1.7,212,,0.0
2024-04-02T21:00:00.000000+0000,661.6,5.866666666666667,99.38333333333333,1.1,241,,0.0
2024-04-02T22:00:00.000000+0000,661.1,6.300000000000001,99.36666666666667,1.3,190,,0.0
2024-04-02T23:00:00.000000+0000,660.4,6.6499999999999995,99.3,1.5,231,,0.0
2024-04-03T00:00:00.000000+0000,659.8,6.016666666666667,95.03333333333332,2.9,129,,0.0
2024-04-03T01:00:00.000000+0000,659.4,4.866666666666666,93.48333333333333,3.2,129,,0.0
2024-04-03T02:00:00.000000+0000,659.4,5.333333333333333,95.51666666666667,3.4,176,,0.0
2024-04-03T03:00:00.000000+0000,659.5,4.8,99.3,2.1,201,,0.0
2024-04-03T04:00:00.000000+0000,659.9,5.533333333333334,95.45,1.0,233,,0.0
2024-04-03T05:00:00.000000+0000,660.5,7.483333333333332,93.35000000000001,1.7,205,,0.0
2024-04-03T06:00:00.000000+0000,661.2,8.016666666666666,97.0,1.6,290,,0.0
2024-04-03T07:00:00.000000+0000,661.8,8.4,98.19999999999999,2.8,305,,0.0
2024-04-03T08:00:00.000000+0000,661.9,9.133333333333333,97.66666666666667,3.2,306,,0.0
2024-04-03T09:00:00.000000+0000,661.5,8.266666666666666,99.36666666666666,3.4,335,,0.1
2024-04-03T10:00:00.000000+0000,660.7,9.200000000000001,99.36666666666667,3.5,26,,0.6
2024-04-03T11:00:00.000000+0000,660.2,9.316666666666668,99.33333333333333,4.0,7,,0.5
2024-04-03T12:00:00.000000+0000,659.6,10.433333333333332,99.30000000000001,6.5,12,,0.0
2024-04-03T13:00:00.000000+0000,659.4,8.516666666666667,99.39999999999999,2.5,254,,0.1
2024-04-03T14:00:00.000000+0000,659.3,9.033333333333333,99.39999999999999,3.7,297,,0.0
2024-04-03T15:00:00.000000+0000,659.6,8.333333333333332,99.39999999999999,2.6,277,,0.0
2024-04-03T16:00:00.000000+0000,660.1,8.133333333333335,99.39999999999999,1.2,354,,0.0
2024-04-03T17:00:00.000000+0000,660.4,7.333333333333333,99.36666666666666,1.4,252,,0.0
2024-04-03T18:00:00.000000+0000,660.6,6.449999999999999,99.3,1.8,202,,0.0
2024-04-03T19:00:00.000000+0000,661.2,7.216666666666666,99.25,1.5,189,,0.0
2024-04-03T20:00:00.000000+0000,661.2,6.016666666666667,99.23333333333333,0.9,191,,0.0
2024-04-03T21:00:00.000000+0000,661.2,6.3,99.3,1.2,143,,0.0
2024-04-03T22:00:00.000000+0000,660.9,6.666666666666667,99.3,1.7,228,,1.6
2024-04-03T23:00:00.000000+0000,660.4,6.550000000000001,99.3,1.5,225,,3.0
2024-04-04T00:00:00.000000+0000,660.0,6.650000000000001,99.3,1.4,256,,6.4
2024-04-04T01:00:00.000000+0000,660.0,6.333333333333333,99.31666666666666,1.6,61,,12.2
2024-04-04T02:00:00.000000+0000,660.0,5.8999999999999995,99.39999999999999,1.8,93,,11.8
2024-04-04T03:00:00.000000+0000,660.5,4.949999999999999,99.26666666666667,0.0,,,16.9
2024-04-04T04:00:00.000000+0000,661.1,5.033333333333333,99.21666666666668,1.4,,,18.2
2024-04-04T05:00:00.000000+0000,661.8,4.066666666666666,99.26666666666667,3.2,,,12.9
2024-04-04T06:00:00.000000+0000,662.3,4.916666666666667,99.3,3.5,123,,10.1
2024-04-04T07:00:00.000000+0000,662.9,6.333333333333333,99.3,1.6,36,,2.3
2024-04-04T08:00:00.000000+0000,663.0,7.716666666666668,99.23333333333333,4.4,109,,2.4
2024-04-04T09:00:00.000000+0000,662.3,8.266666666666667,98.25,5.8,104,,1.0
2024-04-04T10:00:00.000000+0000,661.5,9.783333333333333,93.60000000000001,8.2,101,,0.2
2024-04-04T11:00:00.000000+0000,660.8,10.850000000000001,83.39999999999999,8.1,91,,0.0
2024-04-04T12:00:00.000000+0000,660.3,11.266666666666666,85.66666666666667,7.6,52,,0.0
2024-04-04T13:00:00.000000+0000,660.0,11.433333333333332,84.23333333333333,8.3,65,,0.0
2024-04-04T14:00:00.000000+0000,659.9,12.033333333333331,71.60000000000001,6.2,106,,0.0
2024-04-04T15:00:00.000000+0000,660.0,9.35,98.81666666666666,2.1,295,,0.0
2024-04-04T16:00:00.000000+0000,659.9,8.883333333333333,85.08333333333333,4.2,132,,0.0
2024-04-04T17:00:00.000000+0000,660.1,8.15,80.36666666666667,6.2,128,,0.0
2024-04-04T18:00:00.000000+0000,660.7,7.699999999999999,86.43333333333334,7.2,129,,0.0
2024-04-04T19:00:00.000000+0000,661.2,7.683333333333333,80.33333333333333,6.6,135,,0.0
2024-04-04T20:00:00.000000+0000,661.4,7.216666666666666,80.43333333333334,5.7,129,,0.0
2024-04-04T21:00:00.000000+0000,661.4,6.55,84.96666666666665,6.5,133,,0.0
2024-04-04T22:00:00.000000+0000,660.8,6.516666666666667,86.23333333333335,7.1,143,,0.0
2024-04-04T23:00:00.000000+0000,660.5,6.033333333333334,87.18333333333334,4.9,145,,0.0
2024-04-05T00:00:00.000000+0000,660.1,6.783333333333334,82.58333333333333,5.6,139,,0.0
2024-04-05T01:00:00.000000+0000,660.0,7.483333333333333,80.28333333333335,7.5,128,,0.0
2024-04-05T02:00:00.000000+0000,660.1,7.166666666666665,86.44999999999999,8.9,123,,0.0
2024-04-05T03:00:00.000000+0000,660.0,6.45,94.01666666666667,8.6,128,,0.0
2024-04-05T04:00:00.000000+0000,660.4,6.966666666666668,88.31666666666666,9.0,136,,0.0
2024-04-05T05:00:00.000000+0000,660.9,8.516666666666666,82.61666666666666,8.0,125,,0.0
2024-04-05T06:00:00.000000+0000,661.5,10.533333333333333,72.38333333333333,8.2,123,,0.0
2024-04-05T07:00:00.000000+0000,662.2,12.100000000000001,68.05,5.6,110,,0.0
2024-04-05T08:00:00.000000+0000,662.4,11.716666666666667,72.33333333333333,6.4,115,,0.0
2024-04-05T09:00:00.000000+0000,662.1,11.083333333333334,76.01666666666667,6.0,106,,0.0
2024-04-05T10:00:00.000000+0000,661.6,10.716666666666667,79.18333333333334,6.5,100,,0.0
2024-04-05T11:00:00.000000+0000,661.2,11.533333333333333,75.18333333333334,5.2,85,,0.0
2024-04-05T12:00:00.000000+0000,660.6,10.383333333333333,87.0,2.8,333,,0.0
2024-04-05T13:00:00.000000+0000,660.1,9.633333333333333,98.98333333333333,3.1,315,,0.0
2024-04-05T14:00:00.000000+0000,659.8,9.316666666666665,99.3,2.4,288,,0.0
2024-04-05T15:00:00.000000+0000,660.2,8.733333333333333,99.3,2.0,300,,0.0
2024-04-05T16:00:00.000000+0000,660.5,8.266666666666667,99.3,1.7,252,,0.0
2024-04-05T17:00:00.000000+0000,660.9,7.233333333333332,99.3,2.0,208,,0.0
2024-04-05T18:00:00.000000+0000,661.2,6.766666666666666,99.3,1.3,162,,0.0
2024-04-05T19:00:00.000000+0000,661.5,6.883333333333334,99.11666666666667,2.9,125,,0.0
2024-04-05T20:00:00.000000+0000,661.7,7.433333333333334,95.05,3.5,152,,0.0
2024-04-05T21:00:00.000000+0000,661.5,7.933333333333334,91.68333333333332,2.4,111,,1.5
2024-04-05T22:00:00.000000+0000,661.2,7.033333333333334,99.3,2.2,215,,7.8
2024-04-05T23:00:00.000000+0000,660.7,6.633333333333334,99.3,2.4,121,,4.5
2024-04-06T00:00:00.000000+0000,660.6,6.566666666666667,99.3,2.8,58,,4.5
2024-04-06T01:00:00.000000+0000,660.6,6.3500000000000005,99.3,4.2,100,,6.1
2024-04-06T02:00:00.000000+0000,660.5,6.433333333333333,99.3,2.8,78,,16.8
2024-04-06T03:00:00.000000+0000,660.5,6.483333333333334,99.3,3.9,87,,5.7
2024-04-06T04:00:00.000000+0000,661.1,6.833333333333333,99.3,2.2,127,,0.1
2024-04-06T05:00:00.000000+0000,661.6,7.8,99.3,4.6,114,,0.0
2024-04-06T06:00:00.000000+0000,661.9,8.033333333333333,99.3,7.0,114,,0.0
2024-04-06T07:00:00.000000+0000,662.3,9.916666666666666,90.08333333333333,6.3,136,,0.0
2024-04-06T08:00:00.000000+0000,662.3,11.016666666666667,82.26666666666667,5.6,105,,0.0
2024-04-06T09:00:00.000000+0000,661.8,9.866666666666667,88.53333333333332,6.4,94,,0.3
2024-04-06T10:00:00.000000+0000,661.3,10.483333333333333,90.16666666666667,6.4,97,,0.4
2024-04-06T11:00:00.000000+0000,660.8,11.549999999999999,77.68333333333332,6.0,83,,0.0
2024-04-06T12:00:00.000000+0000,660.1,11.716666666666667,82.68333333333334,3.1,63,,0.0
2024-04-06T13:00:00.000000+0000,659.7,10.866666666666667,99.23333333333333,4.4,312,,0.0
2024-04-06T14:00:00.000000+0000,659.4,10.5,96.61666666666666,3.5,304,,0.0
2024-04-06T15:00:00.000000+0000,659.5,9.083333333333334,99.3,1.8,297,,0.0
2024-04-06T16:00:00.000000+0000,659.8,8.133333333333333,99.3,0.7,252,,0.0
2024-04-06T17:00:00.000000+0000,660.4,7.583333333333333,91.75,3.6,170,,0.0
2024-04-06T18:00:00.000000+0000,660.9,7.416666666666667,89.51666666666667,4.9,157,,0.0
2024-04-06T19:00:00.000000+0000,661.5,7.766666666666667,88.83333333333333,4.6,140,,0.0
2024-04-06T20:00:00.000000+0000,661.6,7.416666666666667,91.59999999999998,4.9,151,,0.0
2024-04-06T21:00:00.000000+0000,661.5,6.733333333333333,96.75,3.1,190,,0.0
2024-04-06T22:00:00.000000+0000,661.3,7.066666666666666,98.86666666666667,1.2,233,,2.2
2024-04-06T23:00:00.000000+0000,661.1,6.233333333333333,99.25,1.3,,,15.2
2024-04-07T00:00:00.000000+0000,660.6,4.833333333333333,99.0,2.9,,,20.1
2024-04-07T01:00:00.000000+0000,660.4,5.6000000000000005,99.13333333333333,5.0,108,,7.8
2024-04-07T02:00:00.000000+0000,660.4,5.3999999999999995,99.05,4.1,,,13.6
2024-04-07T03:00:00.000000+0000,660.3,6.1000000000000005,99.28333333333335,9.6,110,,0.0
2024-04-07T04:00:00.000000+0000,659.8,6.583333333333333,99.21666666666665,14.6,113,,0.1
2024-04-07T05:00:00.000000+0000,660.6,7.800000000000001,93.06666666666666,11.4,119,,0.0
2024-04-07T06:00:00.000000+0000,661.5,9.183333333333334,88.43333333333334,8.1,109,,0.0
2024-04-07T07:00:00.000000+0000,662.2,10.466666666666667,82.51666666666667,7.2,89,,0.0
2024-04-07T08:00:00.000000+0000,662.1,12.166666666666666,72.36666666666667,6.2,86,,0.0
2024-04-07T09:00:00.000000+0000,661.7,12.4,69.73333333333333,6.3,83,,0.0
2024-04-07T10:00:00.000000+0000,661.3,13.016666666666667,70.0,6.9,50,,0.0
2024-04-07T11:00:00.000000+0000,660.8,10.716666666666667,93.18333333333334,4.2,346,,0.0
2024-04-07T12:00:00.000000+0000,660.1,9.85,99.3,2.8,324,,0.0
2024-04-07T13:00:00.000000+0000,659.6,10.65,95.71666666666668,2.4,356,,0.0
2024-04-07T14:00:00.000000+0000,659.6,9.583333333333334,99.3,3.0,298,,0.0
2024-04-07T15:00:00.000000+0000,659.7,9.1,99.3,1.8,285,,0.0
2024-04-07T16:00:00.000000+0000,659.8,8.233333333333334,99.28333333333332,1.8,225,,0.0
2024-04-07T17:00:00.000000+0000,660.1,6.483333333333333,81.94999999999999,4.9,152,,0.0
2024-04-07T18:00:00.000000+0000,661.1,6.183333333333334,80.91666666666667,4.5,153,,0.0
2024-04-07T19:00:00.000000+0000,661.5,6.683333333333333,87.23333333333335,2.7,148,,0.1
2024-04-07T20:00:00.000000+0000,661.8,6.599999999999999,98.06666666666666,1.5,106,,0.1
2024-04-07T21:00:00.000000+0000,661.7,6.916666666666667,99.3,2.8,114,,4.9
2024-04-07T22:00:00.000000+0000,661.1,7.016666666666667,98.75,2.1,180,,2.1
2024-04-07T23:00:00.000000+0000,660.6,6.933333333333334,98.33333333333333,4.5,113,,10.0
2024-04-08T00:00:00.000000+0000,660.0,5.716666666666666,97.51666666666667,5.9,,,11.2
2024-04-08T01:00:00.000000+0000,659.8,6.366666666666667,93.76666666666667,7.0,124,,0.5
2024-04-08T02:00:00.000000+0000,659.8,7.066666666666667,88.91666666666667,7.3,139,,0.0
2024-04-08T03:00:00.000000+0000,660.3,6.616666666666666,91.06666666666666,7.6,,,4.9
2024-04-08T04:00:00.000000+0000,660.6,5.716666666666668,95.06666666666666,7.4,,,15.7
2024-04-08T05:00:00.000000+0000,660.9,7.383333333333333,88.83333333333333,8.1,132,,0.0
2024-04-08T06:00:00.000000+0000,661.3,10.233333333333334,77.16666666666667,7.6,111,,0.0
2024-04-08T07:00:00.000000+0000,661.7,11.700000000000001,69.45,7.0,96,,0.0
2024-04-08T08:00:00.000000+0000,661.9,12.033333333333333,71.06666666666666,6.9,84,,0.0
2024-04-08T09:00:00.000000+0000,661.5,12.6,73.51666666666667,6.5,68,,0.0
2024-04-08T10:00:00.000000+0000,661.2,11.383333333333333,85.93333333333334,4.6,345,,0.0
2024-04-08T11:00:00.000000+0000,660.5,9.733333333333334,99.3,3.1,326,,0.1
2024-04-08T12:00:00.000000+0000,659.9,9.433333333333334,99.28333333333335,6.2,37,,0.3
2024-04-08T13:00:00.000000+0000,659.3,9.9,99.10000000000001,5.8,64,,0.0
2024-04-08T14:00:00.000000+0000,659.1,10.533333333333333,98.98333333333333,5.5,34,,0.0
2024-04-08T15:00:00.000000+0000,659.3,10.583333333333336,92.71666666666665,4.5,72,,0.0
2024-04-08T16:00:00.000000+0000,659.6,8.333333333333334,98.18333333333334,2.1,169,,0.0
2024-04-08T17:00:00.000000+0000,660.1,7.466666666666666,94.78333333333335,5.2,148,,0.0
2024-04-08T18:00:00.000000+0000,660.6,8.016666666666666,98.83333333333333,1.7,240,,0.0
2024-04-08T19:00:00.000000+0000,661.1,7.533333333333332,99.28333333333335,2.3,124,,0.0
2024-04-08T20:00:00.000000+0000,661.0,7.266666666666666,99.2,3.3,106,,0.0
2024-04-08T21:00:00.000000+0000,660.9,7.433333333333334,97.63333333333333,5.1,108,,0.0
2024-04-08T22:00:00.000000+0000,660.6,7.6000000000000005,97.26666666666667,6.3,,,10.6
2024-04-08T23:00:00.000000+0000,660.3,6.733333333333332,95.64999999999999,5.1,169,,9.4
2024-04-09T00:00:00.000000+0000,660.2,6.25,97.25,4.6,168,,11.6
2024-04-09T01:00:00.000000+0000,660.2,5.966666666666666,99.2,4.1,140,,12.2
2024-04-09T02:00:00.000000+0000,660.2,5.95,97.58333333333333,6.0,134,,4.1
2024-04-09T03:00:00.000000+0000,660.5,5.800000000000001,99.0,2.0,70,,0.2
2024-04-09T04:00:00.000000+0000,660.8,5.583333333333333,99.3,1.8,82,,0.8
2024-04-09T05:00:00.000000+0000,661.5,5.633333333333333,99.3,5.8,67,,0.4
2024-04-09T06:00:00.000000+0000,662.0,7.1499999999999995,95.3,2.9,122,,0.2
2024-04-09T07:00:00.000000+0000,662.1,9.200000000000001,90.34999999999998,5.0,112,,0.0
2024-04-09T08:00:00.000000+0000,662.1,10.083333333333334,88.26666666666667,8.6,109,,
2024-04-09T09:00:00.000000+0000,661.8,10.866666666666665,,8.8,,,
2024-04-09T10:00:00.000000+0000,661.3,11.199999999999998,,9.0,,,
2024-04-09T11:00:00.000000+0000,660.8,11.450000000000001,,8.8,,,
2024-04-09T12:00:00.000000+0000,660.3,11.6,,8.4,,,
2024-04-09T13:00:00.000000+0000,659.9,11.5,78.4,7.7,,,
2024-04-09T14:00:00.000000+0000,659.9,10.466666666666667,86.59999999999998,4.3,92,,0.0
2024-04-09T15:00:00.000000+0000,660.1,8.899999999999999,99.3,1.9,322,,0.0
2024-04-09T16:00:00.000000+0000,660.3,8.049999999999999,99.3,1.6,90,,0.0
2024-04-09T17:00:00.000000+0000,660.7,6.566666666666667,95.51666666666667,2.5,146,,0.0
2024-04-09T18:00:00.000000+0000,661.2,6.516666666666666,94.01666666666665,2.2,108,,0.0
2024-04-09T19:00:00.000000+0000,661.8,6.066666666666666,91.64999999999999,2.3,155,,0.0
2024-04-09T20:00:00.000000+0000,661.9,6.95,71.55,4.2,120,,0.0
2024-04-09T21:00:00.000000+0000,661.9,6.300000000000001,76.60000000000001,5.3,109,,0.0
2024-04-09T22:00:00.000000+0000,661.4,5.95,76.21666666666667,6.6,128,,0.0
2024-04-09T23:00:00.000000+0000,660.8,6.483333333333333,57.76666666666666,6.0,125,,0.0
2024-04-10T00:00:00.000000+0000,660.4,5.883333333333334,59.583333333333336,6.6,113,,0.0
2024-04-10T01:00:00.000000+0000,660.2,5.233333333333333,82.36666666666666,7.7,124,,0.0
2024-04-10T02:00:00.000000+0000,660.2,5.8,67.48333333333333,6.2,119,,0.0
2024-04-10T03:00:00.000000+0000,660.4,6.8,66.33333333333333,7.3,114,,0.0
2024-04-10T04:00:00.000000+0000,660.6,6.766666666666667,69.73333333333333,7.7,126,,0.0
2024-04-10T05:00:00.000000+0000,661.0,8.5,63.949999999999996,7.9,119,,0.0
2024-04-10T06:00:00.000000+0000,661.6,10.133333333333335,69.88333333333334,9.8,119,,0.0
2024-04-10T07:00:00.000000+0000,662.2,12.383333333333333,52.25,6.4,101,,0.0
2024-04-10T08:00:00.000000+0000,662.4,13.133333333333333,56.21666666666667,4.9,77,,0.0
2024-04-10T09:00:00.000000+0000,662.1,13.883333333333331,58.31666666666666,5.2,71,,0.0
2024-04-10T10:00:00.000000+0000,661.6,14.283333333333333,58.61666666666667,8.8,60,,0.0
2024-04-10T11:00:00.000000+0000,660.9,14.350000000000001,61.083333333333336,9.4,55,,0.0
2024-04-10T12:00:00.000000+0000,660.2,13.283333333333333,66.99999999999999,7.4,57,,0.0
2024-04-10T13:00:00.000000+0000,659.7,11.883333333333333,74.85000000000001,5.6,85,,0.6
2024-04-10T14:00:00.000000+0000,659.5,11.016666666666667,77.76666666666667,5.5,73,,0.0
2024-04-10T15:00:00.000000+0000,659.4,11.583333333333334,69.75,5.7,87,,0.0
2024-04-10T16:00:00.000000+0000,659.8,9.016666666666667,82.7,5.1,131,,0.0
2024-04-10T17:00:00.000000+0000,660.2,7.550000000000001,98.80000000000001,2.2,184,,0.0
2024-04-10T18:00:00.000000+0000,660.7,7.416666666666667,86.36666666666667,2.5,146,,0.0
2024-04-10T19:00:00.000000+0000,661.6,8.2,93.21666666666665,3.8,116,,0.0
2024-04-10T20:00:00.000000+0000,662.0,8.166666666666666,96.48333333333335,4.7,96,,0.0
2024-04-10T21:00:00.000000+0000,661.9,7.466666666666666,97.75,5.7,112,,0.0
2024-04-10T22:00:00.000000+0000,662.1,6.6499999999999995,98.95,6.4,,,10.4
2024-04-10T23:00:00.000000+0000,661.3,6.416666666666667,97.18333333333334,6.7,127,,0.6
2024-04-11T00:00:00.000000+0000,660.6,6.75,96.81666666666666,7.0,101,,0.0
2024-04-11T01:00:00.000000+0000,660.6,6.899999999999999,99.05,6.8,111,,3.9
2024-04-11T02:00:00.000000+0000,660.8,6.233333333333333,98.61666666666667,3.7,118,,9.9
2024-04-11T03:00:00.000000+0000,660.7,6.616666666666667,92.69999999999999,7.9,128,,0.3
2024-04-11T04:00:00.000000+0000,661.2,6.683333333333334,90.28333333333335,6.9,136,,0.0
2024-04-11T05:00:00.000000+0000,661.7,8.15,79.21666666666665,6.3,111,,0.0
2024-04-11T06:00:00.000000+0000,662.3,10.366666666666665,71.83333333333333,7.9,110,,0.0
2024-04-11T07:00:00.000000+0000,662.9,11.533333333333331,68.74999999999999,6.5,112,,0.0
2024-04-11T08:00:00.000000+0000,663.0,12.533333333333333,65.86666666666666,6.5,84,,0.0
2024-04-11T09:00:00.000000+0000,662.8,12.416666666666666,66.08333333333333,6.1,94,,0.0
2024-04-11T10:00:00.000000+0000,662.3,12.5,69.93333333333332,6.2,88,,0.0
2024-04-11T11:00:00.000000+0000,661.7,11.666666666666664,82.63333333333334,4.3,166,,0.0
2024-04-11T12:00:00.000000+0000,661.1,9.75,99.28333333333335,3.8,280,,0.8
2024-04-11T13:00:00.000000+0000,660.7,8.1,99.3,2.4,308,,0.7
2024-04-11T14:00:00.000000+0000,660.3,9.316666666666666,99.3,3.2,28,,0.0
2024-04-11T15:00:00.000000+0000,660.2,9.049999999999999,99.3,2.6,300,,0.0
2024-04-11T16:00:00.000000+0000,660.5,8.033333333333333,99.3,2.3,196,,0.0
2024-04-11T17:00:00.000000+0000,661.1,7.55,93.86666666666667,1.9,163,,0.0
2024-04-11T18:00:00.000000+0000,661.5,7.649999999999999,97.60000000000001,1.2,229,,0.0
2024-04-11T19:00:00.000000+0000,661.6,7.5,99.25,3.1,144,,0.0
2024-04-11T20:00:00.000000+0000,662.0,7.466666666666666,99.23333333333335,2.6,162,,0.0
2024-04-11T21:00:00.000000+0000,661.9,7.449999999999999,97.33333333333333,2.3,62,,0.0
2024-04-11T22:00:00.000000+0000,661.1,7.716666666666666,98.11666666666667,6.1,118,,0.0
2024-04-11T23:00:00.000000+0000,660.6,7.949999999999999,92.7,6.8,114,,0.0
2024-04-12T00:00:00.000000+0000,660.6,6.900000000000001,93.36666666666667,3.9,133,,0.0
2024-04-12T01:00:00.000000+0000,660.4,7.183333333333334,95.89999999999999,5.4,137,,0.3
2024-04-12T02:00:00.000000+0000,660.4,6.666666666666667,97.06666666666666,7.7,120,,0.3
2024-04-12T03:00:00.000000+0000,660.5,6.866666666666667,93.48333333333333,9.2,126,,0.0
2024-04-12T04:00:00.000000+0000,660.8,7.600000000000001,88.94999999999999,8.6,118,,0.2
2024-04-12T05:00:00.000000+0000,661.4,8.416666666666666,79.48333333333333,7.4,124,,0.0
2024-04-12T06:00:00.000000+0000,661.9,11.033333333333333,63.28333333333333,8.2,114,,0.0
2024-04-12T07:00:00.000000+0000,662.2,11.916666666666666,60.76666666666666,8.7,117,,0.0
2024-04-12T08:00:00.000000+0000,662.3,13.433333333333332,61.63333333333333,7.4,104,,0.0
2024-04-12T09:00:00.000000+0000,662.3,13.5,62.650000000000006,5.8,91,,0.0
2024-04-12T10:00:00.000000+0000,661.9,12.366666666666667,74.69999999999999,6.3,52,,0.0
2024-04-12T11:00:00.000000+0000,661.4,13.0,70.46666666666668,4.5,56,,0.0
2024-04-12T12:00:00.000000+0000,660.6,13.800000000000002,64.91666666666666,5.5,73,,0.0
2024-04-12T13:00:00.000000+0000,660.1,12.649999999999999,69.08333333333333,4.6,65,,0.0
2024-04-12T14:00:00.000000+0000,659.9,11.583333333333334,78.26666666666667,4.3,80,,0.0
2024-04-12T15:00:00.000000+0000,660.0,9.966666666666667,99.26666666666667,1.9,321,,0.0
2024-04-12T16:00:00.000000+0000,660.1,8.350000000000001,97.95,1.9,99,,0.0
2024-04-12T17:00:00.000000+0000,660.6,7.516666666666667,82.6,6.3,136,,0.0
2024-04-12T18:00:00.000000+0000,661.2,7.366666666666667,84.65,5.7,135,,0.0
2024-04-12T19:00:00.000000+0000,661.5,7.866666666666667,83.55,4.6,132,,0.0
2024-04-12T20:00:00.000000+0000,661.6,7.966666666666668,87.8,5.4,129,,0.0
2024-04-12T21:00:00.000000+0000,661.3,7.233333333333333,92.0,7.0,124,,0.0
2024-04-12T22:00:00.000000+0000,660.7,7.283333333333332,86.98333333333335,5.7,124,,0.0
2024-04-12T23:00:00.000000+0000,660.0,7.699999999999999,89.11666666666667,3.5,127,,0.1
2024-04-13T00:00:00.000000+0000,660.1,6.916666666666667,98.68333333333334,4.3,128,,11.2
2024-04-13T01:00:00.000000+0000,660.3,5.833333333333333,99.3,4.9,109,,12.5
2024-04-13T02:00:00.000000+0000,659.9,6.1000000000000005,98.14999999999999,4.8,125,,2.8
2024-04-13T03:00:00.000000+0000,659.7,6.833333333333333,98.88333333333333,10.5,113,,0.2
2024-04-13T04:00:00.000000+0000,660.0,6.55,99.3,10.6,106,,0.0
2024-04-13T05:00:00.000000+0000,660.6,7.533333333333334,97.15000000000002,8.3,114,,0.1
2024-04-13T06:00:00.000000+0000,661.4,9.533333333333333,84.53333333333335,8.3,100,,0.0
2024-04-13T07:00:00.000000+0000,661.6,10.799999999999999,77.05,8.1,96,,0.0
2024-04-13T08:00:00.000000+0000,661.8,11.75,73.56666666666668,8.6,97,,0.0
2024-04-13T09:00:00.000000+0000,661.6,12.216666666666667,73.53333333333335,7.5,98,,0.0
2024-04-13T10:00:00.000000+0000,661.3,12.299999999999999,69.31666666666666,7.0,106,,0.0
2024-04-13T11:00:00.000000+0000,660.9,12.583333333333334,66.3,5.8,94,,0.0
2024-04-13T12:00:00.000000+0000,660.5,11.233333333333334,93.7,4.2,337,,0.0
2024-04-13T13:00:00.000000+0000,660.0,10.516666666666667,98.81666666666666,3.4,292,,0.0
2024-04-13T14:00:00.000000+0000,659.8,10.366666666666665,97.08333333333333,2.9,278,,0.0
2024-04-13T15:00:00.000000+0000,660.1,9.9,99.25,1.5,309,,0.0
2024-04-13T16:00:00.000000+0000,660.5,8.466666666666667,99.3,1.4,191,,0.0
2024-04-13T17:00:00.000000+0000,661.0,8.4,99.3,1.7,337,,0.0
2024-04-13T18:00:00.000000+0000,661.6,8.433333333333332,99.3,1.7,54,,0.3
2024-04-13T19:00:00.000000+0000,661.5,8.083333333333334,93.13333333333334,4.8,135,,0.0
2024-04-13T20:00:00.000000+0000,661.8,7.899999999999999,93.75,6.2,128,,0.0
2024-04-13T21:00:00.000000+0000,661.8,7.716666666666668,79.85000000000001,6.8,125,,0.0
2024-04-13T22:00:00.000000+0000,661.3,8.250000000000002,72.83333333333333,7.1,131,,0.0
2024-04-13T23:00:00.000000+0000,660.8,8.033333333333333,80.03333333333333,5.7,141,,3.9
2024-04-14T00:00:00.000000+0000,660.4,7.383333333333333,92.73333333333333,7.7,115,,1.4
2024-04-14T01:00:00.000000+0000,660.3,7.733333333333333,95.10000000000001,7.7,128,,0.2
2024-04-14T02:00:00.000000+0000,660.3,7.666666666666667,88.46666666666665,6.8,139,,0.0
2024-04-14T03:00:00.000000+0000,660.4,7.250000000000001,88.41666666666667,6.3,140,,0.0
2024-04-14T04:00:00.000000+0000,660.7,7.583333333333333,86.26666666666667,6.6,126,,0.0
2024-04-14T05:00:00.000000+0000,661.3,9.816666666666666,73.85,6.0,113,,0.0
2024-04-14T06:00:00.000000+0000,661.8,12.016666666666666,66.08333333333333,6.1,113,,0.0
2024-04-14T07:00:00.000000+0000,662.4,11.1,86.93333333333334,4.2,3,,0.0
2024-04-14T08:00:00.000000+0000,662.4,9.6,99.16666666666667,3.4,291,,0.0
2024-04-14T09:00:00.000000+0000,662.3,10.966666666666667,98.26666666666667,2.7,294,,0.0
2024-04-14T10:00:00.000000+0000,661.9,10.850000000000001,97.16666666666667,4.1,305,,0.0
2024-04-14T11:00:00.000000+0000,661.2,12.333333333333334,91.31666666666666,4.5,347,,0.0
2024-04-14T12:00:00.000000+0000,660.7,11.816666666666668,82.48333333333333,8.6,45,,0.0
2024-04-14T13:00:00.000000+0000,660.4,11.800000000000002,79.94999999999999,8.3,86,,0.0
2024-04-14T14:00:00.000000+0000,660.4,12.833333333333334,66.63333333333334,5.8,77,,0.0
2024-04-14T15:00:00.000000+0000,660.6,11.149999999999999,89.0,4.5,21,,0.0
2024-04-14T16:00:00.000000+0000,661.0,8.783333333333333,99.3,2.0,277,,0.0
2024-04-14T17:00:00.000000+0000,661.4,7.0,86.45,3.8,133,,0.0
2024-04-14T18:00:00.000000+0000,662.0,7.233333333333333,84.01666666666667,5.0,132,,0.0
2024-04-14T19:00:00.000000+0000,662.3,7.833333333333333,81.41666666666667,6.0,125,,0.0
2024-04-14T20:00:00.000000+0000,662.5,8.166666666666666,81.45,4.1,123,,0.0
2024-04-14T21:00:00.000000+0000,662.5,7.516666666666666,76.39999999999999,3.6,117,,0.0
2024-04-14T22:00:00.000000+0000,662.0,7.333333333333333,82.53333333333335,5.6,114,,0.0
2024-04-14T23:00:00.000000+0000,661.5,6.566666666666666,89.21666666666665,1.9,127,,0.0
2024-04-15T00:00:00.000000+0000,661.4,6.499999999999999,94.81666666666668,1.1,81,,0.0
2024-04-15T01:00:00.000000+0000,661.3,6.283333333333332,95.7,2.1,164,,0.0
2024-04-15T02:00:00.000000+0000,661.6,6.25,90.48333333333333,1.5,90,,0.0
2024-04-15T03:00:00.000000+0000,661.8,6.2,84.05,2.5,118,,0.0
2024-04-15T04:00:00.000000+0000,662.1,6.8999999999999995,79.35000000000001,2.5,120,,0.0
2024-04-15T05:00:00.000000+0000,662.7,8.233333333333333,80.18333333333332,0.6,127,,0.0
2024-04-15T06:00:00.000000+0000,663.0,10.316666666666666,73.68333333333334,3.6,34,,0.0
2024-04-15T07:00:00.000000+0000,663.4,10.950000000000001,76.31666666666668,5.2,9,,0.0
2024-04-15T08:00:00.000000+0000,663.2,11.049999999999999,84.6,5.8,5,,0.0
2024-04-15T09:00:00.000000+0000,663.2,10.933333333333332,83.3,6.8,10,,0.0
2024-04-15T10:00:00.000000+0000,662.7,10.516666666666666,94.01666666666665,5.7,8,,0.0
2024-04-15T11:00:00.000000+0000,662.1,9.933333333333334,97.55,6.0,20,,0.0
2024-04-15T12:00:00.000000+0000,661.6,9.65,83.6,6.8,39,,0.0
2024-04-15T13:00:00.000000+0000,661.3,10.233333333333334,74.13333333333333,5.3,34,,0.0
2024-04-15T14:00:00.000000+0000,661.2,7.883333333333334,88.41666666666667,3.4,101,,0.7
2024-04-15T15:00:00.000000+0000,661.1,7.25,99.28333333333335,3.1,81,,0.6
2024-04-15T16:00:00.000000+0000,661.5,6.983333333333333,94.15000000000002,4.8,120,,9.2
2024-04-15T17:00:00.000000+0000,661.8,7.133333333333334,86.66666666666664,3.0,115,,1.1
2024-04-15T18:00:00.000000+0000,662.2,6.833333333333335,74.95,2.4,101,,0.0
2024-04-15T19:00:00.000000+0000,662.6,6.083333333333332,83.86666666666667,1.5,98,,0.0
2024-04-15T20:00:00.000000+0000,662.8,6.366666666666667,81.25000000000001,2.4,97,,0.0
2024-04-15T21:00:00.000000+0000,662.6,6.733333333333333,76.96666666666667,1.8,90,,0.0
2024-04-15T22:00:00.000000+0000,662.3,6.533333333333332,70.93333333333334,1.1,96,,0.0
2024-04-15T23:00:00.000000+0000,661.7,5.816666666666667,73.23333333333332,1.4,135,,0.0
2024-04-16T00:00:00.000000+0000,661.4,6.266666666666667,75.64999999999999,1.1,198,,0.0
2024-04-16T01:00:00.000000+0000,661.1,5.616666666666667,81.78333333333333,1.1,117,,0.0
2024-04-16T02:00:00.000000+0000,661.3,5.883333333333333,75.38333333333334,0.5,207,,0.0
2024-04-16T03:00:00.000000+0000,661.3,5.683333333333334,64.33333333333333,1.1,221,,0.0
2024-04-16T04:00:00.000000+0000,661.4,4.433333333333334,68.21666666666665,1.7,148,,0.0
2024-04-16T05:00:00.000000+0000,662.0,9.033333333333333,57.1,3.0,82,,0.0
2024-04-16T06:00:00.000000+0000,662.5,10.683333333333332,50.6,5.3,45,,0.0
2024-04-16T07:00:00.000000+0000,662.9,11.033333333333333,61.71666666666667,7.1,27,,0.0
2024-04-16T08:00:00.000000+0000,663.1,11.550000000000002,66.65,6.2,11,,0.0
2024-04-16T09:00:00.000000+0000,663.2,10.799999999999999,78.75000000000001,6.1,354,,0.0
2024-04-16T10:00:00.000000+0000,662.9,9.75,85.63333333333333,5.2,4,,0.0
2024-04-16T11:00:00.000000+0000,662.3,9.116666666666667,86.61666666666667,2.2,11,,0.0
2024-04-16T12:00:00.000000+0000,661.6,10.950000000000001,76.55,3.4,12,,0.0
2024-04-16T13:00:00.000000+0000,661.3,10.15,93.71666666666668,4.2,1,,0.0
2024-04-16T14:00:00.000000+0000,661.3,9.733333333333333,94.58333333333333,3.5,355,,0.0
2024-04-16T15:00:00.000000+0000,661.1,9.233333333333333,97.88333333333333,3.4,34,,0.0
2024-04-16T16:00:00.000000+0000,661.4,7.7,78.21666666666665,4.1,97,,0.0
2024-04-16T17:00:00.000000+0000,661.8,6.366666666666667,49.866666666666674,4.8,114,,0.0
2024-04-16T18:00:00.000000+0000,662.0,6.983333333333333,43.78333333333333,5.1,111,,0.0
2024-04-16T19:00:00.000000+0000,662.3,6.183333333333333,48.26666666666667,3.7,112,,0.0
2024-04-16T20:00:00.000000+0000,662.3,6.2,48.866666666666674,5.3,115,,0.0
2024-04-16T21:00:00.000000+0000,662.0,6.883333333333333,51.53333333333333,6.0,117,,0.0
2024-04-16T22:00:00.000000+0000,661.5,6.766666666666666,51.88333333333333,6.6,116,,0.0
2024-04-16T23:00:00.000000+0000,661.0,7.449999999999999,48.599999999999994,7.8,119,,0.0
2024-04-17T00:00:00.000000+0000,660.5,7.883333333333333,41.46666666666667,8.0,121,,0.0
2024-04-17T01:00:00.000000+0000,660.1,7.833333333333333,44.81666666666666,8.9,121,,0.0
2024-04-17T02:00:00.000000+0000,660.2,6.983333333333333,48.6,8.9,123,,0.0
2024-04-17T03:00:00.000000+0000,660.3,6.533333333333334,50.56666666666666,9.9,124,,0.0
2024-04-17T04:00:00.000000+0000,660.5,7.666666666666667,47.06666666666666,10.2,123,,0.0
2024-04-17T05:00:00.000000+0000,661.1,10.450000000000001,35.416666666666664,11.4,117,,0.0
2024-04-17T06:00:00.000000+0000,661.9,12.016666666666666,31.016666666666662,10.8,106,,0.0
2024-04-17T07:00:00.000000+0000,662.1,13.016666666666666,34.416666666666664,11.2,106,,0.0
2024-04-17T08:00:00.000000+0000,662.3,13.950000000000001,34.98333333333333,8.6,85,,0.0
2024-04-17T09:00:00.000000+0000,662.0,14.549999999999999,37.61666666666667,8.3,74,,0.0
2024-04-17T10:00:00.000000+0000,661.7,14.350000000000001,41.98333333333333,5.9,73,,0.0
2024-04-17T11:00:00.000000+0000,661.2,14.216666666666667,39.4,5.4,92,,0.0
2024-04-17T12:00:00.000000+0000,660.8,14.116666666666665,43.98333333333333,4.6,51,,0.0
2024-04-17T13:00:00.000000+0000,660.8,11.233333333333333,88.98333333333333,3.7,286,,0.0
2024-04-17T14:00:00.000000+0000,660.8,11.299999999999999,83.78333333333333,5.6,283,,0.0
2024-04-17T15:00:00.000000+0000,660.9,10.799999999999999,78.64999999999999,5.6,260,,0.0
2024-04-17T16:00:00.000000+0000,661.1,8.0,94.83333333333333,2.6,223,,0.0
2024-04-17T17:00:00.000000+0000,661.2,6.233333333333333,84.68333333333332,1.9,111,,0.0
2024-04-17T18:00:00.000000+0000,661.6,5.466666666666666,61.68333333333333,1.7,98,,0.0
2024-04-17T19:00:00.000000+0000,662.0,5.516666666666666,56.71666666666667,2.2,109,,0.0
2024-04-17T20:00:00.000000+0000,662.0,5.583333333333333,47.26666666666666,3.0,120,,0.0
2024-04-17T21:00:00.000000+0000,662.1,6.550000000000001,51.18333333333334,1.8,200,,0.0
2024-04-17T22:00:00.000000+0000,661.7,5.983333333333333,45.21666666666667,2.3,177,,0.0
2024-04-17T23:00:00.000000+0000,661.1,5.633333333333333,47.916666666666664,2.1,105,,0.0
2024-04-18T00:00:00.000000+0000,660.7,5.233333333333333,57.73333333333333,2.1,135,,0.0
2024-04-18T01:00:00.000000+0000,660.4,5.633333333333333,70.50000000000001,3.9,153,,0.0
2024-04-18T02:00:00.000000+0000,660.7,5.183333333333333,70.76666666666667,2.6,205,,0.0
2024-04-18T03:00:00.000000+0000,660.9,4.933333333333334,71.46666666666667,2.8,201,,0.0
2024-04-18T04:00:00.000000+0000,661.2,5.166666666666667,78.16666666666667,2.1,201,,0.0
2024-04-18T05:00:00.000000+0000,662.0,8.35,67.01666666666667,1.8,235,,0.0
2024-04-18T06:00:00.000000+0000,662.6,10.333333333333334,62.98333333333333,2.2,283,,0.0
2024-04-18T07:00:00.000000+0000,663.2,10.916666666666666,70.0,3.4,311,,0.0
2024-04-18T08:00:00.000000+0000,663.3,9.799999999999999,90.43333333333334,3.6,322,,0.0
2024-04-18T09:00:00.000000+0000,663.0,9.266666666666667,98.18333333333334,3.0,335,,0.0
2024-04-18T10:00:00.000000+0000,662.4,8.35,99.3,2.4,339,,9.9
2024-04-18T11:00:00.000000+0000,661.8,8.333333333333334,99.3,1.4,360,,5.7
2024-04-18T12:00:00.000000+0000,661.1,8.166666666666666,99.26666666666667,2.0,248,,3.4
2024-04-18T13:00:00.000000+0000,661.0,8.016666666666666,99.3,3.9,278,,1.3
2024-04-18T14:00:00.000000+0000,660.8,8.816666666666668,97.66666666666667,3.1,239,,0.4
2024-04-18T15:00:00.000000+0000,660.8,9.15,95.33333333333333,1.4,315,,0.1
2024-04-18T16:00:00.000000+0000,661.1,7.566666666666666,98.28333333333335,2.3,128,,0.0
2024-04-18T17:00:00.000000+0000,661.4,7.416666666666667,93.05,2.4,180,,0.0
2024-04-18T18:00:00.000000+0000,661.8,6.616666666666666,93.23333333333333,1.6,119,,0.0
2024-04-18T19:00:00.000000+0000,662.3,6.266666666666667,90.85000000000001,1.0,104,,0.0
2024-04-18T20:00:00.000000+0000,662.5,6.333333333333335,91.56666666666666,2.2,167,,0.0
2024-04-18T21:00:00.000000+0000,662.3,6.0,88.23333333333333,1.7,180,,0.0
2024-04-18T22:00:00.000000+0000,661.8,5.366666666666667,87.38333333333333,1.0,162,,0.0
2024-04-18T23:00:00.000000+0000,661.2,5.3500000000000005,83.93333333333335,1.1,162,,0.0
2024-04-19T00:00:00.000000+0000,660.6,4.733333333333333,83.14999999999999,2.2,139,,0.0
2024-04-19T01:00:00.000000+0000,660.4,5.383333333333333,77.78333333333333,1.3,197,,0.0
2024-04-19T02:00:00.000000+0000,660.4,5.1499999999999995,79.14999999999999,2.2,185,,0.0
2024-04-19T03:00:00.000000+0000,660.7,4.866666666666666,81.69999999999999,0.8,157,,0.0
2024-04-19T04:00:00.000000+0000,661.2,4.733333333333333,85.40000000000002,2.1,139,,0.0
2024-04-19T05:00:00.000000+0000,661.7,8.05,76.36666666666666,2.4,239,,0.0
2024-04-19T06:00:00.000000+0000,662.3,9.466666666666667,77.8,2.5,347,,0.0
2024-04-19T07:00:00.000000+0000,662.7,8.75,96.56666666666666,2.3,313,,0.0
2024-04-19T08:00:00.000000+0000,662.7,8.366666666666667,99.2,2.4,332,,0.6
2024-04-19T09:00:00.000000+0000,662.4,8.183333333333334,99.3,1.9,28,,3.2
2024-04-19T10:00:00.000000+0000,661.8,9.516666666666667,98.5,1.8,63,,3.2
2024-04-19T11:00:00.000000+0000,661.0,10.466666666666667,92.5,2.9,332,,0.2
2024-04-19T12:00:00.000000+0000,660.5,8.833333333333334,99.28333333333335,1.3,76,,1.4
2024-04-19T13:00:00.000000+0000,660.0,9.416666666666666,94.44999999999999,1.9,130,,3.6
2024-04-19T14:00:00.000000+0000,659.9,9.65,92.93333333333334,1.3,135,,1.0
2024-04-19T15:00:00.000000+0000,660.0,10.05,82.05,1.4,143,,0.0
2024-04-19T16:00:00.000000+0000,660.3,8.466666666666667,99.28333333333335,2.0,250,,0.0
2024-04-19T17:00:00.000000+0000,660.7,7.850000000000001,96.5,2.0,214,,0.0
2024-04-19T18:00:00.000000+0000,661.1,7.566666666666666,93.16666666666667,2.0,141,,0.0
2024-04-19T19:00:00.000000+0000,661.6,7.083333333333333,95.15000000000002,1.1,135,,0.0
2024-04-19T20:00:00.000000+0000,661.7,6.833333333333333,96.18333333333334,1.8,177,,0.0
2024-04-19T21:00:00.000000+0000,661.5,7.466666666666666,85.51666666666667,2.3,202,,0.0
2024-04-19T22:00:00.000000+0000,661.2,7.633333333333333,77.61666666666666,1.0,166,,0.0
2024-04-19T23:00:00.000000+0000,660.8,7.466666666666666,84.78333333333335,2.7,225,,0.0
2024-04-20T00:00:00.000000+0000,660.3,7.883333333333333,78.38333333333334,2.7,234,,0.0
2024-04-20T01:00:00.000000+0000,660.0,7.483333333333333,76.93333333333334,1.7,184,,0.0
2024-04-20T02:00:00.000000+0000,660.1,7.3999999999999995,72.05,0.8,90,,0.0
2024-04-20T03:00:00.000000+0000,660.2,6.616666666666667,79.65,0.6,162,,0.0
2024-04-20T04:00:00.000000+0000,660.2,5.6499999999999995,83.81666666666666,2.4,175,,0.0
2024-04-20T05:00:00.000000+0000,660.6,10.316666666666665,66.41666666666666,1.1,21,,0.0
2024-04-20T06:00:00.000000+0000,661.2,10.833333333333334,73.28333333333333,2.0,357,,0.0
2024-04-20T07:00:00.000000+0000,661.5,11.183333333333335,85.10000000000001,2.5,331,,0.0
2024-04-20T08:00:00.000000+0000,661.6,10.566666666666665,95.89999999999999,4.4,324,,0.0
2024-04-20T09:00:00.000000+0000,661.5,9.9,98.85000000000001,3.1,316,,0.0
2024-04-20T10:00:00.000000+0000,661.0,9.766666666666667,99.3,4.6,291,,0.0
2024-04-20T11:00:00.000000+0000,660.4,8.033333333333333,99.3,5.9,307,,6.4
2024-04-20T12:00:00.000000+0000,660.1,7.083333333333333,99.25,2.8,136,,10.0
2024-04-20T13:00:00.000000+0000,659.3,8.200000000000001,90.2,3.6,177,,7.1
2024-04-20T14:00:00.000000+0000,659.2,8.383333333333335,91.36666666666667,2.2,101,,1.1
2024-04-20T15:00:00.000000+0000,659.4,8.5,85.13333333333334,1.2,270,,0.0
2024-04-20T16:00:00.000000+0000,659.7,7.516666666666666,98.73333333333333,2.6,108,,2.5
2024-04-20T17:00:00.000000+0000,660.4,7.383333333333334,95.98333333333333,2.8,94,,0.7
2024-04-20T18:00:00.000000+0000,660.8,7.233333333333333,95.23333333333333,3.4,111,,0.0
2024-04-20T19:00:00.000000+0000,661.1,7.300000000000001,94.51666666666667,3.4,106,,0.0
2024-04-20T20:00:00.000000+0000,661.3,6.966666666666666,98.75,2.7,108,,0.0
2024-04-20T21:00:00.000000+0000,661.2,7.683333333333334,96.46666666666665,1.5,108,,0.0
2024-04-20T22:00:00.000000+0000,660.8,7.866666666666666,92.83333333333333,2.8,107,,0.0
2024-04-20T23:00:00.000000+0000,660.4,7.383333333333333,98.5,2.4,103,,0.0
2024-04-21T00:00:00.000000+0000,660.0,7.433333333333334,98.98333333333333,1.6,98,,0.0
2024-04-21T01:00:00.000000+0000,659.7,7.366666666666666,99.2,2.2,98,,0.0
2024-04-21T02:00:00.000000+0000,659.6,7.216666666666668,95.84999999999998,2.7,106,,0.0
2024-04-21T03:00:00.000000+0000,659.8,6.716666666666668,95.3,2.9,108,,0.0
2024-04-21T04:00:00.000000+0000,660.4,7.283333333333334,93.68333333333334,2.8,113,,0.0
2024-04-21T05:00:00.000000+0000,660.8,8.683333333333332,85.98333333333333,3.2,99,,0.0
2024-04-21T06:00:00.000000+0000,661.3,10.116666666666667,79.41666666666667,4.3,43,,0.0
2024-04-21T07:00:00.000000+0000,661.9,9.116666666666667,98.75,4.5,27,,0.0
2024-04-21T08:00:00.000000+0000,662.1,7.8999999999999995,99.3,4.4,44,,6.1
2024-04-21T09:00:00.000000+0000,661.8,9.133333333333333,95.39999999999999,3.3,36,,1.1
2024-04-21T10:00:00.000000+0000,661.3,8.366666666666665,99.3,3.2,297,,0.8
2024-04-21T11:00:00.000000+0000,660.6,8.500000000000002,99.3,1.9,30,,0.5
2024-04-21T12:00:00.000000+0000,660.0,8.666666666666666,99.28333333333335,4.2,296,,0.0
2024-04-21T13:00:00.000000+0000,659.8,8.166666666666666,99.3,4.0,295,,0.0
2024-04-21T14:00:00.000000+0000,659.9,7.666666666666667,99.3,1.7,279,,0.1
2024-04-21T15:00:00.000000+0000,660.1,7.366666666666667,99.3,2.0,335,,11.1
2024-04-21T16:00:00.000000+0000,660.6,7.183333333333334,99.3,2.0,344,,2.2
2024-04-21T17:00:00.000000+0000,661.1,6.8999999999999995,99.3,2.5,12,,0.2
2024-04-21T18:00:00.000000+0000,661.6,6.316666666666666,99.3,2.5,95,,0.0
2024-04-21T19:00:00.000000+0000,662.2,6.800000000000001,98.41666666666667,3.4,120,,0.0
2024-04-21T20:00:00.000000+0000,662.4,7.583333333333333,88.21666666666665,2.4,109,,0.0
2024-04-21T21:00:00.000000+0000,662.0,7.050000000000001,94.35000000000001,1.6,241,,0.0
2024-04-21T22:00:00.000000+0000,661.2,6.833333333333333,94.35000000000001,4.3,185,,0.0
2024-04-21T23:00:00.000000+0000,660.9,8.0,86.58333333333333,3.2,182,,0.0
2024-04-22T00:00:00.000000+0000,660.7,7.066666666666666,95.66666666666667,1.2,90,,1.6
2024-04-22T01:00:00.000000+0000,660.4,6.833333333333332,98.48333333333335,2.0,156,,0.9
2024-04-22T02:00:00.000000+0000,660.4,7.316666666666667,96.91666666666667,1.7,142,,0.9
2024-04-22T03:00:00.000000+0000,660.5,7.75,92.25,5.9,127,,0.1
2024-04-22T04:00:00.000000+0000,660.8,8.15,86.96666666666668,8.6,138,,0.8
2024-04-22T05:00:00.000000+0000,661.6,8.716666666666667,85.14999999999999,7.0,120,,0.3
2024-04-22T06:00:00.000000+0000,662.0,10.533333333333333,70.71666666666667,6.5,112,,0.0
2024-04-22T07:00:00.000000+0000,662.3,13.266666666666667,55.48333333333334,6.1,66,,0.0
2024-04-22T08:00:00.000000+0000,662.3,13.516666666666666,59.76666666666667,5.5,47,,0.0
2024-04-22T09:00:00.000000+0000,661.8,13.216666666666667,82.55,6.5,12,,0.0
2024-04-22T10:00:00.000000+0000,661.4,9.933333333333332,97.98333333333335,4.3,357,,3.9
2024-04-22T11:00:00.000000+0000,660.7,8.350000000000001,98.19999999999999,4.2,108,,14.2
2024-04-22T12:00:00.000000+0000,660.3,10.1,99.3,3.0,47,,1.5
2024-04-22T13:00:00.000000+0000,659.9,10.583333333333334,99.28333333333335,3.9,17,,0.0
2024-04-22T14:00:00.000000+0000,659.9,10.416666666666668,98.26666666666667,4.5,8,,0.0
2024-04-22T15:00:00.000000+0000,660.1,10.299999999999999,94.78333333333335,2.4,12,,0.0
2024-04-22T16:00:00.000000+0000,660.6,8.866666666666669,99.28333333333335,2.8,87,,0.0
2024-04-22T17:00:00.000000+0000,660.8,8.116666666666665,92.91666666666667,2.4,79,,0.0
2024-04-22T18:00:00.000000+0000,661.3,7.783333333333334,87.13333333333334,4.9,114,,0.0
2024-04-22T19:00:00.000000+0000,661.8,7.183333333333334,90.35000000000001,2.0,103,,0.0
2024-04-22T20:00:00.000000+0000,662.0,7.283333333333332,96.76666666666667,2.1,106,,0.0
2024-04-22T21:00:00.000000+0000,661.7,7.033333333333334,87.78333333333335,2.7,86,,0.0
2024-04-22T22:00:00.000000+0000,661.1,5.933333333333334,84.75000000000001,2.7,105,,0.0
2024-04-22T23:00:00.000000+0000,660.6,5.833333333333333,81.73333333333333,3.9,110,,0.0
2024-04-23T00:00:00.000000+0000,659.9,5.916666666666667,88.35000000000001,2.9,100,,0.0
2024-04-23T01:00:00.000000+0000,659.7,7.016666666666667,79.11666666666667,5.1,111,,0.0
2024-04-23T02:00:00.000000+0000,659.9,6.75,80.01666666666667,6.4,117,,0.0
2024-04-23T03:00:00.000000+0000,660.2,7.383333333333334,76.01666666666667,5.2,119,,0.0
2024-04-23T04:00:00.000000+0000,661.0,7.749999999999999,80.78333333333332,2.9,123,,0.0
2024-04-23T05:00:00.000000+0000,661.5,10.366666666666667,69.01666666666667,1.4,107,,0.0
2024-04-23T06:00:00.000000+0000,662.1,11.366666666666665,66.51666666666667,2.8,63,,0.0
2024-04-23T07:00:00.000000+0000,662.2,12.383333333333335,67.68333333333332,5.0,38,,0.0
2024-04-23T08:00:00.000000+0000,662.1,12.6,81.18333333333334,7.0,24,,0.0
2024-04-23T09:00:00.000000+0000,661.7,10.383333333333333,99.21666666666668,6.0,31,,0.1
2024-04-23T10:00:00.000000+0000,661.1,9.883333333333333,99.3,5.0,28,,0.0
2024-04-23T11:00:00.000000+0000,660.5,10.466666666666667,91.60000000000001,4.9,38,,0.0
2024-04-23T12:00:00.000000+0000,660.1,9.85,91.86666666666667,4.3,27,,0.0
2024-04-23T13:00:00.000000+0000,659.7,10.233333333333333,87.14999999999999,2.1,9,,0.0
2024-04-23T14:00:00.000000+0000,659.4,9.983333333333333,94.55,1.7,69,,0.4
2024-04-23T15:00:00.000000+0000,659.8,9.65,88.53333333333335,2.9,55,,0.0
2024-04-23T16:00:00.000000+0000,659.9,8.700000000000001,96.26666666666667,0.9,74,,0.0
2024-04-23T17:00:00.000000+0000,660.6,8.75,94.43333333333334,1.2,96,,0.0
2024-04-23T18:00:00.000000+0000,661.2,8.583333333333334,91.63333333333333,2.5,97,,0.0
2024-04-23T19:00:00.000000+0000,661.4,8.533333333333333,91.18333333333334,4.1,122,,0.0
2024-04-23T20:00:00.000000+0000,661.6,8.166666666666666,90.11666666666667,4.0,118,,0.0
2024-04-23T21:00:00.000000+0000,661.4,7.416666666666667,83.16666666666667,3.9,105,,0.0
2024-04-23T22:00:00.000000+0000,661.0,7.266666666666667,81.14999999999999,3.4,114,,0.0
2024-04-23T23:00:00.000000+0000,660.4,7.1000000000000005,95.05000000000001,6.7,119,,0.0
2024-04-24T00:00:00.000000+0000,660.1,7.75,83.78333333333333,3.6,128,,0.0
2024-04-24T01:00:00.000000+0000,659.8,6.983333333333334,87.2,4.0,142,,0.0
2024-04-24T02:00:00.000000+0000,659.7,5.900000000000001,94.01666666666667,2.1,130,,0.0
2024-04-24T03:00:00.000000+0000,659.8,5.833333333333333,97.0,2.4,150,,0.0
2024-04-24T04:00:00.000000+0000,660.1,5.95,93.64999999999999,2.4,135,,0.0
2024-04-24T05:00:00.000000+0000,660.8,10.416666666666666,74.60000000000001,2.1,67,,0.0
2024-04-24T06:00:00.000000+0000,661.5,11.25,74.43333333333332,4.3,17,,0.0
2024-04-24T07:00:00.000000+0000,661.6,9.749999999999998,96.39999999999999,2.3,342,,0.0
2024-04-24T08:00:00.000000+0000,661.7,9.983333333333333,97.48333333333333,4.0,357,,0.0
2024-04-24T09:00:00.000000+0000,661.5,9.216666666666667,99.3,4.8,2,,0.4
2024-04-24T10:00:00.000000+0000,661.1,7.183333333333334,99.25,5.1,200,,18.9
2024-04-24T11:00:00.000000+0000,660.3,8.216666666666667,92.48333333333333,5.2,199,,0.8
2024-04-24T12:00:00.000000+0000,659.7,10.433333333333332,81.7,2.0,231,,0.0
2024-04-24T13:00:00.000000+0000,659.2,10.866666666666667,85.65,1.8,,,
2024-04-24T14:00:00.000000+0000,659.1,10.15,86.08333333333333,1.9,6,,0.0
2024-04-24T15:00:00.000000+0000,659.2,10.016666666666667,94.81666666666666,1.4,307,,0.3
2024-04-24T16:00:00.000000+0000,659.7,8.733333333333333,99.3,1.1,241,,0.4
2024-04-24T17:00:00.000000+0000,660.0,8.183333333333332,99.25,1.4,180,,0.0
2024-04-24T18:00:00.000000+0000,660.4,8.366666666666665,98.56666666666666,1.7,171,,0.1
2024-04-24T19:00:00.000000+0000,660.8,7.3999999999999995,99.21666666666668,0.7,153,,0.0
2024-04-24T20:00:00.000000+0000,661.0,6.916666666666667,99.28333333333335,1.6,195,,0.0
2024-04-24T21:00:00.000000+0000,661.1,7.899999999999999,98.85000000000001,2.0,208,,0.0
2024-04-24T22:00:00.000000+0000,661.0,7.833333333333333,99.2,1.9,196,,4.4
2024-04-24T23:00:00.000000+0000,660.3,7.8,99.21666666666668,2.6,227,,3.3
2024-04-25T00:00:00.000000+0000,659.7,7.716666666666668,93.56666666666666,1.8,234,,0.0
2024-04-25T01:00:00.000000+0000,659.5,7.483333333333333,91.96666666666665,2.0,140,,0.0
2024-04-25T02:00:00.000000+0000,659.4,7.283333333333334,87.76666666666667,0.9,188,,0.0
2024-04-25T03:00:00.000000+0000,659.4,6.466666666666666,90.05,1.7,125,,0.0
2024-04-25T04:00:00.000000+0000,659.7,7.0,90.41666666666667,2.8,106,,0.0
2024-04-25T05:00:00.000000+0000,660.3,8.016666666666666,88.43333333333332,1.0,79,,0.0
2024-04-25T06:00:00.000000+0000,660.8,9.266666666666667,89.78333333333332,1.5,6,,0.0
2024-04-25T07:00:00.000000+0000,661.2,10.216666666666667,91.51666666666665,2.2,343,,0.0
2024-04-25T08:00:00.000000+0000,661.3,10.133333333333333,96.46666666666665,2.9,333,,0.0
2024-04-25T09:00:00.000000+0000,661.0,9.233333333333334,99.3,4.2,355,,0.9
2024-04-25T10:00:00.000000+0000,660.6,7.716666666666666,99.2,3.6,,,14.3
2024-04-25T11:00:00.000000+0000,659.6,9.866666666666665,92.05,3.5,242,,2.4
2024-04-25T12:00:00.000000+0000,659.1,11.016666666666666,94.78333333333335,5.8,295,,0.0
2024-04-25T13:00:00.000000+0000,658.7,10.033333333333331,97.31666666666666,5.1,298,,0.0
2024-04-25T14:00:00.000000+0000,658.9,8.516666666666667,99.3,3.9,268,,7.8
2024-04-25T15:00:00.000000+0000,659.3,7.6499999999999995,99.3,1.3,202,,6.9
2024-04-25T16:00:00.000000+0000,659.5,7.766666666666667,99.3,1.2,249,,2.6
2024-04-25T17:00:00.000000+0000,659.8,7.800000000000001,99.3,1.1,259,,0.0
2024-04-25T18:00:00.000000+0000,660.5,7.716666666666668,99.3,1.0,198,,0.0
2024-04-25T19:00:00.000000+0000,660.9,7.199999999999999,99.3,2.4,246,,2.4
2024-04-25T20:00:00.000000+0000,661.1,7.0,99.3,3.4,196,,0.1
2024-04-25T21:00:00.000000+0000,661.2,7.316666666666667,99.3,1.8,267,,0.3
2024-04-25T22:00:00.000000+0000,661.0,7.08,99.3,2.9,239,,0.0
2024-04-25T23:00:00.000000+0000,,,,,,,
2024-04-26T00:00:00.000000+0000,,,,,,,
2024-04-26T01:00:00.000000+0000,,,,,,,
2024-04-26T02:00:00.000000+0000,,,,,,,
2024-04-26T03:00:00.000000+0000,,,,,,,
2024-04-26T04:00:00.000000+0000,,,,,,,
2024-04-26T05:00:00.000000+0000,661.2,6.400000000000001,99.25,2.8,257,,0.9
2024-04-26T06:00:00.000000+0000,661.6,7.133333333333333,99.19999999999999,3.4,236,,2.4
2024-04-26T07:00:00.000000+0000,661.9,8.35,96.48333333333333,1.8,243,,0.2
2024-04-26T08:00:00.000000+0000,661.9,9.283333333333333,94.88333333333333,3.4,299,,0.0
2024-04-26T09:00:00.000000+0000,661.6,8.533333333333333,99.28333333333335,3.5,294,,0.0
2024-04-26T10:00:00.000000+0000,661.1,9.133333333333335,98.53333333333332,3.9,313,,0.0
2024-04-26T11:00:00.000000+0000,660.7,8.066666666666668,99.3,4.0,321,,0.0
2024-04-26T12:00:00.000000+0000,660.1,9.216666666666667,90.56666666666668,2.1,291,,0.0
2024-04-26T13:00:00.000000+0000,659.6,9.733333333333333,88.31666666666666,2.6,280,,0.0
2024-04-26T14:00:00.000000+0000,659.4,9.583333333333334,93.33333333333333,2.9,283,,0.1
2024-04-26T15:00:00.000000+0000,659.6,9.283333333333333,95.96666666666668,2.3,291,,0.0
2024-04-26T16:00:00.000000+0000,659.9,7.883333333333334,99.3,2.7,291,,0.0
2024-04-26T17:00:00.000000+0000,660.4,7.5,99.3,3.1,282,,2.2
2024-04-26T18:00:00.000000+0000,660.8,6.916666666666668,99.3,1.8,125,,8.2
2024-04-26T19:00:00.000000+0000,661.0,7.05,98.93333333333332,1.2,131,,0.3
2024-04-26T20:00:00.000000+0000,661.2,7.483333333333333,96.3,1.2,236,,0.0
2024-04-26T21:00:00.000000+0000,661.1,7.833333333333333,91.48333333333335,2.2,186,,0.6
2024-04-26T22:00:00.000000+0000,660.6,7.550000000000001,95.93333333333334,2.5,159,,0.9
2024-04-26T23:00:00.000000+0000,660.0,7.550000000000001,93.0,0.8,149,,0.0
2024-04-27T00:00:00.000000+0000,659.5,7.033333333333334,94.0,0.5,225,,0.0
2024-04-27T01:00:00.000000+0000,659.2,6.383333333333334,94.86666666666667,1.2,156,,0.0
2024-04-27T02:00:00.000000+0000,659.4,6.133333333333333,95.66666666666667,1.9,207,,0.0
2024-04-27T03:00:00.000000+0000,660.0,6.533333333333334,97.98333333333333,2.4,227,,0.0
2024-04-27T04:00:00.000000+0000,660.2,7.599999999999999,93.06666666666666,4.1,208,,0.0
2024-04-27T05:00:00.000000+0000,660.8,8.016666666666667,93.18333333333334,2.5,241,,0.0
2024-04-27T06:00:00.000000+0000,661.4,9.033333333333333,93.06666666666666,2.8,283,,0.0
2024-04-27T07:00:00.000000+0000,661.8,9.533333333333333,95.51666666666667,1.5,284,,0.0
2024-04-27T08:00:00.000000+0000,661.7,10.616666666666665,93.91666666666667,2.6,339,,0.0
2024-04-27T09:00:00.000000+0000,661.3,10.1,98.89999999999999,4.5,315,,0.0
2024-04-27T10:00:00.000000+0000,660.7,9.3,99.3,4.3,321,,0.2
2024-04-27T11:00:00.000000+0000,660.1,8.866666666666665,99.3,3.2,343,,0.1
2024-04-27T12:00:00.000000+0000,659.6,8.616666666666667,99.3,2.9,295,,1.2
2024-04-27T13:00:00.000000+0000,659.3,8.066666666666666,99.31666666666666,2.3,210,,3.0
2024-04-27T14:00:00.000000+0000,659.3,8.549999999999999,99.28333333333335,2.1,229,,2.3
2024-04-27T15:00:00.000000+0000,659.6,8.5,98.25,2.3,262,,0.0
2024-04-27T16:00:00.000000+0000,659.8,7.8666666666666645,99.3,3.0,243,,0.0
2024-04-27T17:00:00.000000+0000,660.1,8.299999999999999,98.05,3.2,237,,0.0
2024-04-27T18:00:00.000000+0000,660.4,7.866666666666667,92.46666666666665,3.2,229,,0.0
2024-04-27T19:00:00.000000+0000,660.9,7.283333333333334,98.31666666666666,2.2,218,,0.0
2024-04-27T20:00:00.000000+0000,661.1,6.999999999999999,96.75,2.1,207,,0.0
2024-04-27T21:00:00.000000+0000,661.0,7.416666666666667,93.10000000000001,2.5,200,,0.0
2024-04-27T22:00:00.000000+0000,660.5,7.466666666666668,93.43333333333334,2.0,230,,0.0
2024-04-27T23:00:00.000000+0000,660.0,6.916666666666668,98.60000000000001,1.7,241,,0.0
2024-04-28T00:00:00.000000+0000,659.8,7.066666666666667,99.3,1.8,237,,0.0
2024-04-28T01:00:00.000000+0000,659.5,7.316666666666666,99.3,2.3,233,,0.0
2024-04-28T02:00:00.000000+0000,659.5,7.3,99.3,2.4,245,,0.0
2024-04-28T03:00:00.000000+0000,659.8,7.183333333333333,99.28333333333332,2.2,240,,0.0
2024-04-28T04:00:00.000000+0000,660.4,7.5,99.11666666666667,2.4,215,,0.0
2024-04-28T05:00:00.000000+0000,660.8,7.983333333333332,99.26666666666667,1.7,235,,0.0
2024-04-28T06:00:00.000000+0000,661.3,8.416666666666666,99.28333333333335,1.4,266,,0.0
2024-04-28T07:00:00.000000+0000,661.6,9.15,99.26666666666667,2.9,322,,0.0
2024-04-28T08:00:00.000000+0000,661.5,8.416666666666666,99.31666666666666,3.3,287,,0.2
2024-04-28T09:00:00.000000+0000,661.3,8.466666666666667,99.38333333333333,3.7,264,,1.0
2024-04-28T10:00:00.000000+0000,660.7,9.233333333333333,99.39999999999999,4.2,276,,0.0
2024-04-28T11:00:00.000000+0000,660.4,8.733333333333334,99.39999999999999,3.1,322,,0.6
2024-04-28T12:00:00.000000+0000,659.9,8.200000000000001,99.39999999999999,1.8,90,,2.7
2024-04-28T13:00:00.000000+0000,659.9,7.666666666666667,99.39999999999999,1.9,333,,14.3
2024-04-28T14:00:00.000000+0000,659.9,7.866666666666667,99.39999999999999,0.7,37,,3.2
2024-04-28T15:00:00.000000+0000,660.2,7.933333333333334,99.39999999999999,1.6,257,,0.6
2024-04-28T16:00:00.000000+0000,660.4,7.899999999999999,99.36666666666667,2.7,233,,0.0
2024-04-28T17:00:00.000000+0000,661.1,7.783333333333334,99.3,2.0,261,,0.0
2024-04-28T18:00:00.000000+0000,661.5,7.75,99.36666666666666,1.6,262,,0.0
2024-04-28T19:00:00.000000+0000,662.0,7.666666666666667,99.39999999999999,2.4,285,,1.2
2024-04-28T20:00:00.000000+0000,662.2,7.566666666666666,99.39999999999999,3.7,260,,0.8
2024-04-28T21:00:00.000000+0000,662.1,7.3999999999999995,99.39999999999999,3.5,255,,1.2
2024-04-28T22:00:00.000000+0000,661.7,7.183333333333334,99.39999999999999,2.0,216,,0.6
2024-04-28T23:00:00.000000+0000,661.1,6.75,98.11666666666667,4.1,216,,0.0
2024-04-29T00:00:00.000000+0000,660.5,7.449999999999999,89.43333333333334,5.7,227,,0.0
2024-04-29T01:00:00.000000+0000,660.3,7.216666666666668,91.89999999999999,5.3,245,,0.0
2024-04-29T02:00:00.000000+0000,660.4,7.416666666666667,89.08333333333333,5.3,232,,0.7
2024-04-29T03:00:00.000000+0000,660.7,7.383333333333333,95.43333333333334,6.0,235,,0.8
2024-04-29T04:00:00.000000+0000,661.1,7.25,97.35000000000001,5.4,247,,0.0
2024-04-29T05:00:00.000000+0000,661.5,7.616666666666667,99.01666666666667,4.2,259,,0.0
2024-04-29T06:00:00.000000+0000,662.0,9.183333333333332,89.78333333333332,4.2,233,,0.0
2024-04-29T07:00:00.000000+0000,662.0,9.266666666666666,98.58333333333333,4.4,293,,0.0
2024-04-29T08:00:00.000000+0000,662.1,9.85,93.19999999999999,5.2,270,,0.0
2024-04-29T09:00:00.000000+0000,662.1,11.4,80.64999999999999,6.9,278,,0.0
2024-04-29T10:00:00.000000+0000,661.5,10.700000000000001,94.76666666666667,6.6,294,,0.0
2024-04-29T11:00:00.000000+0000,661.0,9.933333333333334,97.66666666666667,6.4,297,,0.0
2024-04-29T12:00:00.000000+0000,660.6,10.516666666666667,94.63333333333333,6.9,294,,0.0
2024-04-29T13:00:00.000000+0000,660.4,9.700000000000001,98.46666666666668,6.0,275,,0.0
2024-04-29T14:00:00.000000+0000,660.1,10.166666666666666,90.31666666666666,6.1,255,,0.0
2024-04-29T15:00:00.000000+0000,660.3,8.983333333333333,96.46666666666668,6.0,255,,0.0
2024-04-29T16:00:00.000000+0000,660.9,8.016666666666666,99.33333333333331,3.9,267,,2.2
2024-04-29T17:00:00.000000+0000,661.2,7.949999999999998,99.3,3.7,338,,1.0
2024-04-29T18:00:00.000000+0000,661.7,6.8500000000000005,99.36666666666666,2.8,69,,9.6
2024-04-29T19:00:00.000000+0000,662.1,7.183333333333334,98.83333333333333,1.9,196,,14.9
2024-04-29T20:00:00.000000+0000,662.0,7.016666666666667,99.28333333333335,2.2,232,,1.0
2024-04-29T21:00:00.000000+0000,662.1,7.133333333333333,99.3,1.6,229,,0.0
2024-04-29T22:00:00.000000+0000,661.7,7.283333333333334,99.3,1.6,243,,0.0
2024-04-29T23:00:00.000000+0000,661.3,7.349999999999999,99.3,1.7,227,,0.0
2024-04-30T00:00:00.000000+0000,660.7,7.383333333333333,99.3,2.8,233,,0.0
2024-04-30T01:00:00.000000+0000,660.5,7.133333333333334,99.3,3.1,243,,0.0
2024-04-30T02:00:00.000000+0000,660.5,7.833333333333333,95.83333333333333,4.8,219,,0.0
2024-04-30T03:00:00.000000+0000,660.6,8.116666666666667,91.71666666666665,4.2,219,,0.0
2024-04-30T04:00:00.000000+0000,660.9,8.450000000000001,86.95,4.1,249,,0.0
2024-04-30T05:00:00.000000+0000,661.3,8.783333333333333,90.0,4.4,263,,0.0
2024-04-30T06:00:00.000000+0000,661.7,9.950000000000001,87.81666666666666,4.0,279,,0.0
2024-04-30T07:00:00.000000+0000,662.0,10.500000000000002,89.30000000000001,5.1,285,,0.0
2024-04-30T08:00:00.000000+0000,661.8,11.166666666666666,79.56666666666666,4.2,280,,0.0
2024-04-30T09:00:00.000000+0000,661.5,10.916666666666666,95.06666666666666,3.8,306,,0.0
2024-04-30T10:00:00.000000+0000,661.0,10.033333333333333,99.28333333333332,4.3,304,,0.0
2024-04-30T11:00:00.000000+0000,660.4,10.5,98.48333333333333,4.0,293,,0.0
2024-04-30T12:00:00.000000+0000,659.6,9.966666666666667,99.33333333333333,4.6,297,,0.7
2024-04-30T13:00:00.000000+0000,659.4,7.900000000000001,99.31666666666666,3.0,106,,14.9
2024-04-30T14:00:00.000000+0000,659.3,9.350000000000001,99.26666666666665,1.7,151,,0.2
2024-04-30T15:00:00.000000+0000,659.5,9.716666666666667,99.28333333333335,1.2,315,,0.0
2024-04-30T16:00:00.000000+0000,659.8,8.933333333333332,99.3,2.4,56,,0.0
2024-04-30T17:00:00.000000+0000,659.8,8.200000000000001,98.71666666666665,2.2,146,,0.0
2024-04-30T18:00:00.000000+0000,660.3,8.200000000000001,99.28333333333335,1.6,344,,0.0
2024-04-30T19:00:00.000000+0000,660.8,7.55,99.3,1.7,157,,0.0
2024-04-30T20:00:00.000000+0000,660.9,7.349999999999999,99.26666666666667,1.2,169,,0.0
2024-04-30T21:00:00.000000+0000,660.6,7.7,97.53333333333335,1.2,153,,0.0
2024-04-30T22:00:00.000000+0000,660.2,8.633333333333333,90.0,1.2,300,,0.0
2024-04-30T23:00:00.000000+0000,659.8,7.600000000000001,99.03333333333335,3.4,92,,0.0
2024-05-01T00:00:00.000000+0000,659.4,8.066666666666665,98.91666666666667,2.0,114,,0.0
2024-05-01T01:00:00.000000+0000,659.2,7.616666666666667,99.26666666666667,1.2,73,,0.0
2024-05-01T02:00:00.000000+0000,659.2,7.216666666666666,97.25,1.2,128,,0.0
2024-05-01T03:00:00.000000+0000,659.6,7.749999999999999,93.58333333333333,1.2,58,,0.0
2024-05-01T04:00:00.000000+0000,660.0,7.466666666666665,96.28333333333335,2.3,117,,0.0
2024-05-01T05:00:00.000000+0000,660.4,9.45,83.63333333333334,2.3,92,,0.0
2024-05-01T06:00:00.000000+0000,661.0,10.633333333333333,80.05,4.0,30,,0.0
2024-05-01T07:00:00.000000+0000,661.2,11.300000000000002,89.38333333333333,4.4,1,,0.0
2024-05-01T08:00:00.000000+0000,661.1,10.366666666666667,99.18333333333334,5.2,10,,0.0
2024-05-01T09:00:00.000000+0000,660.8,9.333333333333334,99.28333333333335,3.3,7,,2.0
2024-05-01T10:00:00.000000+0000,660.1,9.316666666666665,99.3,3.7,7,,2.9
2024-05-01T11:00:00.000000+0000,659.5,9.4,99.38333333333333,5.9,13,,0.0
2024-05-01T12:00:00.000000+0000,659.1,9.649999999999999,99.31666666666666,4.2,17,,0.0
2024-05-01T13:00:00.000000+0000,658.8,10.283333333333333,99.25,5.1,29,,0.0
2024-05-01T14:00:00.000000+0000,658.7,9.9,93.15000000000002,4.5,31,,0.0
2024-05-01T15:00:00.000000+0000,659.1,9.066666666666666,99.25,2.5,19,,0.0
2024-05-01T16:00:00.000000+0000,659.3,8.616666666666667,99.3,1.6,63,,0.0
2024-05-01T17:00:00.000000+0000,659.9,8.65,99.3,1.7,270,,0.0
2024-05-01T18:00:00.000000+0000,660.4,8.466666666666667,99.39999999999999,3.6,283,,0.5
2024-05-01T19:00:00.000000+0000,660.8,8.083333333333332,99.39999999999999,1.8,234,,0.1
2024-05-01T20:00:00.000000+0000,660.8,7.816666666666667,99.39999999999999,1.8,210,,0.5
2024-05-01T21:00:00.000000+0000,660.7,7.566666666666666,99.39999999999999,1.2,70,,0.0
2024-05-01T22:00:00.000000+0000,660.3,7.783333333333334,99.39999999999999,1.8,290,,0.0
2024-05-01T23:00:00.000000+0000,659.9,7.6000000000000005,99.39999999999999,1.5,238,,0.0
2024-05-02T00:00:00.000000+0000,659.6,7.716666666666668,99.39999999999999,1.4,76,,0.0
2024-05-02T01:00:00.000000+0000,659.2,7.566666666666666,99.39999999999999,3.5,117,,0.0
2024-05-02T02:00:00.000000+0000,659.4,7.5,99.39999999999999,5.5,121,,0.0
2024-05-02T03:00:00.000000+0000,659.6,8.0,95.89999999999999,5.7,126,,1.3
2024-05-02T04:00:00.000000+0000,659.8,8.166666666666666,90.05,5.4,128,,0.0
2024-05-02T05:00:00.000000+0000,660.1,8.616666666666665,89.93333333333334,4.7,104,,0.0
2024-05-02T06:00:00.000000+0000,660.7,10.766666666666666,83.88333333333334,3.3,61,,0.0
2024-05-02T07:00:00.000000+0000,661.1,9.883333333333333,98.43333333333334,2.5,335,,0.0
2024-05-02T08:00:00.000000+0000,661.0,9.783333333333333,97.45,2.6,322,,0.0
2024-05-02T09:00:00.000000+0000,660.7,9.783333333333333,99.3,3.4,5,,0.5
2024-05-02T10:00:00.000000+0000,660.3,8.583333333333334,99.34999999999998,2.5,305,,20.1
2024-05-02T11:00:00.000000+0000,659.9,8.25,99.28333333333335,3.7,142,,15.9
2024-05-02T12:00:00.000000+0000,659.5,8.716666666666667,99.26666666666667,2.5,102,,4.0
2024-05-02T13:00:00.000000+0000,659.3,8.883333333333335,99.28333333333335,1.4,70,,0.4
2024-05-02T14:00:00.000000+0000,659.3,9.6,97.64999999999999,1.6,270,,0.0
2024-05-02T15:00:00.000000+0000,659.8,8.983333333333333,99.3,1.3,264,,0.0
2024-05-02T16:00:00.000000+0000,660.4,8.383333333333333,99.34999999999998,1.5,252,,0.0
2024-05-02T17:00:00.000000+0000,660.8,8.15,,1.6,,,
2024-05-02T18:00:00.000000+0000,661.2,8.1,,1.2,,,
2024-05-02T19:00:00.000000+0000,661.5,8.1,,0.8,,,
2024-05-02T20:00:00.000000+0000,661.6,8.083333333333334,99.39999999999999,1.0,212,,0.0
2024-05-02T21:00:00.000000+0000,661.5,8.116666666666667,99.39999999999999,0.9,284,,0.0
2024-05-02T22:00:00.000000+0000,661.2,7.933333333333333,99.36666666666667,1.6,76,,0.0
2024-05-02T23:00:00.000000+0000,660.8,7.766666666666667,98.18333333333334,1.4,99,,0.0
2024-05-03T00:00:00.000000+0000,660.5,7.933333333333333,95.26666666666667,1.8,130,,0.0
2024-05-03T01:00:00.000000+0000,660.2,7.566666666666666,98.06666666666666,1.6,101,,0.0
2024-05-03T02:00:00.000000+0000,660.2,7.666666666666667,92.14999999999999,2.3,128,,0.0
2024-05-03T03:00:00.000000+0000,660.6,7.716666666666666,94.66666666666667,1.0,97,,0.0
2024-05-03T04:00:00.000000+0000,660.9,8.0,93.30000000000001,3.0,125,,0.0
2024-05-03T05:00:00.000000+0000,661.4,8.616666666666667,95.2,1.5,225,,0.0
2024-05-03T06:00:00.000000+0000,661.8,9.249999999999998,94.66666666666667,1.1,45,,0.0
2024-05-03T07:00:00.000000+0000,662.0,10.299999999999999,98.61666666666667,2.3,5,,0.0
2024-05-03T08:00:00.000000+0000,661.8,9.783333333333333,99.3,2.8,345,,0.0
2024-05-03T09:00:00.000000+0000,661.7,10.366666666666667,95.18333333333334,3.8,2,,0.0
2024-05-03T10:00:00.000000+0000,661.1,9.5,98.91666666666667,3.8,354,,0.5
2024-05-03T11:00:00.000000+0000,660.6,9.049999999999999,99.3,2.4,300,,0.8
2024-05-03T12:00:00.000000+0000,660.0,8.45,99.3,1.9,275,,1.2
2024-05-03T13:00:00.000000+0000,659.9,8.883333333333333,99.3,2.4,267,,0.0
2024-05-03T14:00:00.000000+0000,659.8,9.183333333333334,99.33333333333333,1.3,319,,0.0
2024-05-03T15:00:00.000000+0000,659.9,8.6,99.3,2.1,253,,0.0
2024-05-03T16:00:00.000000+0000,660.5,8.566666666666666,99.0,1.6,169,,1.1
2024-05-03T17:00:00.000000+0000,660.9,8.366666666666665,98.71666666666665,1.8,128,,0.1
2024-05-03T18:00:00.000000+0000,661.4,8.166666666666666,99.3,1.7,257,,0.0
2024-05-03T19:00:00.000000+0000,661.5,8.083333333333334,98.96666666666665,2.6,176,,0.0
2024-05-03T20:00:00.000000+0000,661.9,8.033333333333333,99.28333333333335,1.4,284,,0.0
2024-05-03T21:00:00.000000+0000,661.6,7.8500000000000005,99.3,2.0,197,,0.0
2024-05-03T22:00:00.000000+0000,661.3,7.683333333333334,99.3,1.1,194,,0.0
2024-05-03T23:00:00.000000+0000,660.8,7.716666666666666,99.3,1.7,219,,2.7
2024-05-04T00:00:00.000000+0000,660.6,7.783333333333332,99.38333333333333,3.2,268,,3.1
2024-05-04T01:00:00.000000+0000,660.8,6.750000000000001,99.39999999999999,5.0,302,,12.4
2024-05-04T02:00:00.000000+0000,661.0,6.1000000000000005,99.39999999999999,4.2,293,,4.8
2024-05-04T03:00:00.000000+0000,661.3,5.8999999999999995,99.39999999999999,5.1,238,,0.0
2024-05-04T04:00:00.000000+0000,661.6,6.266666666666667,99.39999999999999,3.4,253,,0.7
2024-05-04T05:00:00.000000+0000,662.0,6.449999999999999,99.39999999999999,4.9,252,,0.1
2024-05-04T06:00:00.000000+0000,662.4,7.033333333333334,99.38333333333333,5.0,243,,0.4
2024-05-04T07:00:00.000000+0000,662.7,8.266666666666667,99.25,5.5,252,,1.4
2024-05-04T08:00:00.000000+0000,662.7,8.433333333333335,99.08333333333333,4.2,264,,0.5
2024-05-04T09:00:00.000000+0000,662.3,8.483333333333333,99.32499999999999,5.5,285,,0.0
2024-05-04T10:00:00.000000+0000,661.9,8.133333333333333,99.39999999999999,5.2,271,,0.1
2024-05-04T11:00:00.000000+0000,661.4,8.866666666666665,99.39999999999999,4.5,273,,0.5
2024-05-04T12:00:00.000000+0000,661.1,8.633333333333333,99.39999999999999,3.8,287,,0.0
2024-05-04T13:00:00.000000+0000,660.9,7.8999999999999995,99.39999999999999,2.3,275,,0.0
2024-05-04T14:00:00.000000+0000,660.9,7.699999999999999,99.39999999999999,0.9,254,,2.4
2024-05-04T15:00:00.000000+0000,661.1,7.583333333333335,99.39999999999999,1.7,297,,2.2
2024-05-04T16:00:00.000000+0000,661.4,7.083333333333333,99.3,2.6,216,,6.7
2024-05-04T17:00:00.000000+0000,661.6,7.816666666666666,98.11666666666666,2.3,199,,8.1
2024-05-04T18:00:00.000000+0000,662.0,8.266666666666667,94.63333333333333,2.1,237,,0.6
2024-05-04T19:00:00.000000+0000,662.5,7.800000000000001,98.28333333333335,2.7,252,,0.0
2024-05-04T20:00:00.000000+0000,662.6,7.55,98.73333333333333,2.7,252,,0.0
2024-05-04T21:00:00.000000+0000,662.4,7.05,99.3,2.0,238,,0.0
2024-05-04T22:00:00.000000+0000,661.9,7.166666666666667,99.28333333333332,2.9,237,,0.0
2024-05-04T23:00:00.000000+0000,661.4,6.949999999999999,99.3,2.8,251,,0.0
2024-05-05T00:00:00.000000+0000,661.0,7.033333333333334,99.3,2.8,237,,0.0
2024-05-05T01:00:00.000000+0000,660.7,7.133333333333333,99.2,4.3,228,,0.0
2024-05-05T02:00:00.000000+0000,660.7,6.866666666666666,98.5,4.4,217,,0.0
2024-05-05T03:00:00.000000+0000,661.0,6.8999999999999995,97.46666666666665,4.4,233,,0.0
2024-05-05T04:00:00.000000+0000,661.3,6.966666666666668,97.76666666666667,5.1,233,,0.0
2024-05-05T05:00:00.000000+0000,661.6,8.033333333333333,93.56666666666666,4.0,247,,0.0
2024-05-05T06:00:00.000000+0000,662.1,8.266666666666666,97.33333333333333,3.9,263,,0.0
2024-05-05T07:00:00.000000+0000,662.3,8.95,98.8,3.1,274,,0.0
2024-05-05T08:00:00.000000+0000,662.4,8.766666666666666,99.28333333333335,3.1,280,,0.0
2024-05-05T09:00:00.000000+0000,662.2,10.033333333333333,99.0,4.9,288,,0.0
2024-05-05T10:00:00.000000+0000,662.0,9.066666666666666,99.3,4.4,294,,0.0
2024-05-05T11:00:00.000000+0000,661.4,9.049999999999999,99.3,2.9,291,,0.1
2024-05-05T12:00:00.000000+0000,660.7,9.416666666666666,99.28333333333335,3.0,303,,0.0
2024-05-05T13:00:00.000000+0000,660.4,9.45,99.3,4.0,325,,0.0
2024-05-05T14:00:00.000000+0000,660.4,8.766666666666666,99.33333333333333,3.6,309,,0.3
2024-05-05T15:00:00.000000+0000,660.6,8.433333333333332,99.39999999999999,1.5,248,,0.1
2024-05-05T16:00:00.000000+0000,661.0,8.000000000000002,99.39999999999999,1.4,257,,4.5
2024-05-05T17:00:00.000000+0000,661.2,7.483333333333332,99.39999999999999,4.0,207,,5.5
2024-05-05T18:00:00.000000+0000,661.7,7.983333333333334,97.21666666666665,4.2,208,,0.7
2024-05-05T19:00:00.000000+0000,662.4,7.05,99.3,2.0,231,,4.7
2024-05-05T20:00:00.000000+0000,662.2,7.416666666666667,97.44999999999999,2.9,186,,1.4
2024-05-05T21:00:00.000000+0000,661.9,7.3999999999999995,90.51666666666667,1.4,122,,0.0
2024-05-05T22:00:00.000000+0000,661.8,6.833333333333335,99.25,1.5,23,,0.4
2024-05-05T23:00:00.000000+0000,661.4,6.7,99.3,2.6,227,,0.8
2024-05-06T00:00:00.000000+0000,661.0,6.783333333333334,99.3,2.8,248,,1.0
2024-05-06T01:00:00.000000+0000,661.1,6.466666666666666,99.36666666666666,2.7,250,,1.6
2024-05-06T02:00:00.000000+0000,661.3,6.233333333333333,99.33333333333333,1.7,202,,1.2
2024-05-06T03:00:00.000000+0000,661.6,6.116666666666667,99.3,2.1,200,,2.1
2024-05-06T04:00:00.000000+0000,661.9,5.95,99.28333333333335,2.3,217,,6.3
2024-05-06T05:00:00.000000+0000,662.4,6.6000000000000005,99.25,3.5,202,,3.1
2024-05-06T06:00:00.000000+0000,662.8,7.583333333333333,96.56666666666666,4.2,179,,4.9
2024-05-06T07:00:00.000000+0000,663.1,8.966666666666667,89.68333333333334,2.6,157,,1.7
2024-05-06T08:00:00.000000+0000,662.9,11.183333333333332,84.3,2.4,188,,0.2
2024-05-06T09:00:00.000000+0000,662.7,12.0,87.13333333333333,4.1,347,,0.1
2024-05-06T10:00:00.000000+0000,662.2,10.333333333333334,99.3,5.2,319,,0.0
2024-05-06T11:00:00.000000+0000,661.5,9.383333333333335,99.3,4.7,324,,2.1
2024-05-06T12:00:00.000000+0000,661.2,8.316666666666668,99.39999999999999,2.0,350,,2.0
2024-05-06T13:00:00.000000+0000,660.8,9.633333333333331,99.06666666666668,2.2,308,,0.0
2024-05-06T14:00:00.000000+0000,660.8,8.799999999999999,99.36666666666666,3.9,285,,0.0
2024-05-06T15:00:00.000000+0000,660.8,8.9,99.39999999999999,2.9,281,,0.0
2024-05-06T16:00:00.000000+0000,661.2,8.3,99.39999999999999,1.1,261,,0.0
2024-05-06T17:00:00.000000+0000,661.5,7.933333333333334,99.39999999999999,2.7,277,,0.4
2024-05-06T18:00:00.000000+0000,661.9,7.066666666666666,99.39999999999999,1.5,218,,0.0
2024-05-06T19:00:00.000000+0000,662.5,6.633333333333334,99.39999999999999,1.0,135,,0.0
2024-05-06T20:00:00.000000+0000,662.7,7.1499999999999995,99.39999999999999,1.8,125,,0.0
2024-05-06T21:00:00.000000+0000,662.6,6.966666666666666,99.39999999999999,1.5,165,,0.0
2024-05-06T22:00:00.000000+0000,662.3,7.233333333333334,98.03333333333335,1.5,214,,0.0
2024-05-06T23:00:00.000000+0000,661.8,6.900000000000001,97.96666666666668,1.6,219,,0.0
2024-05-07T00:00:00.000000+0000,661.5,6.8500000000000005,97.61666666666667,2.6,194,,0.0
2024-05-07T01:00:00.000000+0000,661.4,7.349999999999999,93.80000000000001,1.8,172,,0.0
2024-05-07T02:00:00.000000+0000,661.4,7.416666666666668,90.75,0.9,203,,0.0
2024-05-07T03:00:00.000000+0000,661.6,7.016666666666667,90.10000000000001,0.6,153,,0.0
2024-05-07T04:00:00.000000+0000,661.8,7.133333333333334,89.16666666666667,1.0,174,,0.0
2024-05-07T05:00:00.000000+0000,662.4,10.133333333333335,79.86666666666666,0.7,180,,0.0
2024-05-07T06:00:00.000000+0000,662.8,10.933333333333332,82.48333333333333,2.6,347,,0.0
2024-05-07T07:00:00.000000+0000,663.1,10.016666666666667,94.83333333333336,3.5,353,,0.0
2024-05-07T08:00:00.000000+0000,663.3,10.116666666666667,99.18333333333334,4.0,12,,0.0
2024-05-07T09:00:00.000000+0000,663.1,9.483333333333333,99.3,4.1,1,,0.5
2024-05-07T10:00:00.000000+0000,662.7,8.299999999999999,99.3,3.3,62,,10.5
2024-05-07T11:00:00.000000+0000,662.2,8.916666666666666,99.3,2.6,75,,2.0
2024-05-07T12:00:00.000000+0000,661.8,9.0,99.3,3.8,73,,2.8
2024-05-07T13:00:00.000000+0000,661.4,9.733333333333334,99.26666666666667,2.4,27,,0.0
2024-05-07T14:00:00.000000+0000,661.3,9.516666666666666,99.28333333333335,3.6,34,,0.0
2024-05-07T15:00:00.000000+0000,661.1,8.733333333333333,99.34999999999998,2.9,45,,0.0
2024-05-07T16:00:00.000000+0000,661.2,8.283333333333333,99.39999999999999,1.7,55,,0.0
2024-05-07T17:00:00.000000+0000,661.6,8.216666666666667,99.39999999999999,1.7,54,,0.0
2024-05-07T18:00:00.000000+0000,662.3,7.566666666666666,99.39999999999999,1.8,69,,0.0
2024-05-07T19:00:00.000000+0000,662.7,7.933333333333334,99.25,0.9,217,,0.0
2024-05-07T20:00:00.000000+0000,663.0,7.650000000000001,97.83333333333333,1.9,90,,0.0
2024-05-07T21:00:00.000000+0000,662.9,8.2,84.68333333333332,1.6,110,,0.0
2024-05-07T22:00:00.000000+0000,662.6,8.383333333333333,83.91666666666667,2.4,144,,0.0
2024-05-07T23:00:00.000000+0000,661.9,8.4,81.33333333333333,1.1,159,,0.0
2024-05-08T00:00:00.000000+0000,661.5,8.816666666666668,74.58333333333333,0.5,270,,0.0
2024-05-08T01:00:00.000000+0000,661.1,7.883333333333334,81.01666666666667,1.2,95,,0.0
2024-05-08T02:00:00.000000+0000,660.9,7.916666666666667,82.78333333333335,1.6,113,,0.0
2024-05-08T03:00:00.000000+0000,661.0,8.033333333333333,77.01666666666667,3.3,114,,0.0
2024-05-08T04:00:00.000000+0000,661.2,8.35,73.95,3.7,113,,0.0
2024-05-08T05:00:00.000000+0000,661.7,9.966666666666669,70.89999999999999,3.9,81,,0.0
2024-05-08T06:00:00.000000+0000,662.1,11.883333333333333,64.43333333333334,4.1,60,,0.0
2024-05-08T07:00:00.000000+0000,662.4,10.333333333333334,96.98333333333335,4.6,16,,0.0
2024-05-08T08:00:00.000000+0000,662.3,12.100000000000001,87.05,6.0,40,,0.0
2024-05-08T09:00:00.000000+0000,662.2,10.783333333333333,97.18333333333334,5.2,23,,1.3
2024-05-08T10:00:00.000000+0000,661.9,9.083333333333334,99.3,3.9,62,,12.9
2024-05-08T11:00:00.000000+0000,661.3,8.8,99.39999999999999,4.1,7,,6.6
2024-05-08T12:00:00.000000+0000,660.7,8.916666666666666,99.39999999999999,3.7,52,,0.6
2024-05-08T13:00:00.000000+0000,660.2,8.166666666666666,99.35000000000001,3.2,63,,7.8
2024-05-08T14:00:00.000000+0000,660.1,8.799999999999999,99.3,2.5,41,,0.3
2024-05-08T15:00:00.000000+0000,660.1,8.266666666666667,99.3,4.0,97,,0.8
2024-05-08T16:00:00.000000+0000,660.5,7.916666666666667,99.25,1.9,214,,0.0
2024-05-08T17:00:00.000000+0000,660.8,7.383333333333333,99.34999999999998,1.6,233,,0.0
2024-05-08T18:00:00.000000+0000,661.1,7.083333333333333,98.2,1.6,141,,0.0
2024-05-08T19:00:00.000000+0000,661.4,6.999999999999999,91.88333333333334,1.2,234,,0.0
2024-05-08T20:00:00.000000+0000,661.2,6.283333333333334,91.15000000000002,3.1,133,,0.0
2024-05-08T21:00:00.000000+0000,661.2,6.433333333333334,87.71666666666665,2.0,214,,0.0
2024-05-08T22:00:00.000000+0000,661.0,6.150000000000001,83.63333333333333,2.0,211,,0.0
2024-05-08T23:00:00.000000+0000,660.4,6.833333333333333,79.5,1.3,225,,0.0
2024-05-09T00:00:00.000000+0000,659.9,6.383333333333333,85.5,1.7,221,,0.0
2024-05-09T01:00:00.000000+0000,659.6,6.266666666666666,87.56666666666666,2.0,201,,0.0
2024-05-09T02:00:00.000000+0000,659.5,5.8999999999999995,86.55,1.1,188,,0.0
2024-05-09T03:00:00.000000+0000,659.8,5.8999999999999995,84.41666666666667,2.3,113,,0.0
2024-05-09T04:00:00.000000+0000,660.0,6.433333333333333,82.23333333333333,4.7,115,,0.0
2024-05-09T05:00:00.000000+0000,660.5,10.0,71.66666666666667,3.8,90,,0.0
2024-05-09T06:00:00.000000+0000,661.2,11.0,79.71666666666667,3.6,19,,0.0
2024-05-09T07:00:00.000000+0000,661.6,11.083333333333334,89.18333333333334,3.3,356,,0.0
2024-05-09T08:00:00.000000+0000,661.7,10.366666666666665,98.91666666666669,2.8,319,,0.0
2024-05-09T09:00:00.000000+0000,661.6,10.549999999999999,99.28333333333335,3.8,3,,0.0
2024-05-09T10:00:00.000000+0000,661.3,10.35,99.26666666666667,4.0,350,,2.8
2024-05-09T11:00:00.000000+0000,660.6,7.666666666666667,99.28333333333335,4.0,,,28.8
2024-05-09T12:00:00.000000+0000,660.1,7.316666666666667,99.28333333333335,4.0,140,,17.3
2024-05-09T13:00:00.000000+0000,660.0,8.583333333333334,99.3,2.4,236,,0.0
2024-05-09T14:00:00.000000+0000,659.9,9.216666666666667,97.13333333333333,1.6,276,,0.0
2024-05-09T15:00:00.000000+0000,659.9,8.65,99.03333333333335,2.0,230,,0.0
2024-05-09T16:00:00.000000+0000,660.0,7.766666666666667,99.03333333333335,1.1,90,,0.0
2024-05-09T17:00:00.000000+0000,660.3,6.266666666666667,97.98333333333333,1.5,197,,0.0
2024-05-09T18:00:00.000000+0000,660.6,5.583333333333333,85.23333333333333,2.4,112,,0.0
2024-05-09T19:00:00.000000+0000,660.9,5.45,89.3,1.4,94,,0.0
2024-05-09T20:00:00.000000+0000,661.1,5.166666666666667,97.28333333333335,1.4,100,,0.0
2024-05-09T21:00:00.000000+0000,661.1,5.316666666666666,95.06666666666666,2.2,165,,0.0
2024-05-09T22:00:00.000000+0000,660.8,5.033333333333334,98.8,2.3,196,,0.0
2024-05-09T23:00:00.000000+0000,660.3,5.95,89.88333333333333,1.1,191,,0.0
2024-05-10T00:00:00.000000+0000,659.7,5.716666666666666,83.86666666666666,3.9,149,,0.0
2024-05-10T01:00:00.000000+0000,659.5,5.283333333333334,92.31666666666666,1.8,198,,0.0
2024-05-10T02:00:00.000000+0000,659.7,5.266666666666667,83.56666666666666,2.4,194,,0.0
2024-05-10T03:00:00.000000+0000,659.9,5.266666666666667,87.96666666666665,2.6,147,,0.0
2024-05-10T04:00:00.000000+0000,660.3,6.333333333333333,81.09999999999998,2.6,223,,0.0
2024-05-10T05:00:00.000000+0000,660.9,7.95,77.41666666666667,1.9,253,,0.0
2024-05-10T06:00:00.000000+0000,661.5,9.200000000000001,88.08333333333333,1.6,266,,0.0
2024-05-10T07:00:00.000000+0000,661.9,9.6,97.76666666666667,3.0,282,,0.0
2024-05-10T08:00:00.000000+0000,662.0,9.633333333333333,97.46666666666665,4.1,304,,0.0
2024-05-10T09:00:00.000000+0000,662.0,9.549999999999999,99.26666666666667,3.4,305,,0.0
2024-05-10T10:00:00.000000+0000,661.6,9.166666666666666,99.3,4.3,347,,0.0
2024-05-10T11:00:00.000000+0000,661.2,10.649999999999999,93.66666666666667,3.9,9,,0.0
2024-05-10T12:00:00.000000+0000,660.8,10.299999999999999,96.39999999999999,3.9,4,,0.0
2024-05-10T13:00:00.000000+0000,660.4,8.700000000000001,99.3,3.0,29,,0.0
2024-05-10T14:00:00.000000+0000,660.5,8.883333333333333,99.3,3.8,18,,0.0
2024-05-10T15:00:00.000000+0000,660.7,8.766666666666666,98.88333333333333,2.9,63,,0.0
2024-05-10T16:00:00.000000+0000,660.8,7.316666666666666,98.86666666666667,2.2,77,,0.0
2024-05-10T17:00:00.000000+0000,661.3,5.916666666666667,99.28333333333335,1.3,197,,0.0
2024-05-10T18:00:00.000000+0000,661.7,5.666666666666668,96.38333333333333,1.6,200,,0.0
2024-05-10T19:00:00.000000+0000,662.2,5.583333333333333,89.03333333333332,0.5,146,,0.0
2024-05-10T20:00:00.000000+0000,662.2,5.316666666666667,94.14999999999999,0.9,210,,0.0
2024-05-10T21:00:00.000000+0000,662.1,4.766666666666667,98.8,1.2,209,,0.0
2024-05-10T22:00:00.000000+0000,661.9,4.766666666666667,96.95,1.9,199,,0.0
2024-05-10T23:00:00.000000+0000,661.4,5.2,90.64999999999999,0.7,219,,0.0
2024-05-11T00:00:00.000000+0000,661.1,4.15,94.7,1.7,176,,0.0
2024-05-11T01:00:00.000000+0000,660.9,4.666666666666666,85.89999999999999,5.7,122,,0.0
2024-05-11T02:00:00.000000+0000,660.8,4.95,70.88333333333334,6.0,123,,0.0
2024-05-11T03:00:00.000000+0000,661.1,5.45,56.449999999999996,6.1,128,,0.0
2024-05-11T04:00:00.000000+0000,661.4,6.150000000000001,52.81666666666667,7.2,127,,0.0
2024-05-11T05:00:00.000000+0000,661.9,9.75,44.333333333333336,5.9,117,,0.0
2024-05-11T06:00:00.000000+0000,662.5,11.65,46.26666666666666,4.6,74,,0.0
2024-05-11T07:00:00.000000+0000,663.0,12.533333333333331,43.849999999999994,4.3,100,,0.0
2024-05-11T08:00:00.000000+0000,663.1,9.716666666666667,97.06666666666666,3.0,303,,0.0
2024-05-11T09:00:00.000000+0000,663.0,11.466666666666667,94.0,4.7,336,,0.0
2024-05-11T10:00:00.000000+0000,662.8,10.3,98.81666666666666,3.7,292,,0.0
2024-05-11T11:00:00.000000+0000,662.3,10.116666666666667,99.18333333333334,3.7,283,,0.0
2024-05-11T12:00:00.000000+0000,661.9,10.049999999999999,99.28333333333335,4.3,287,,0.0
2024-05-11T13:00:00.000000+0000,661.7,10.033333333333333,96.35000000000001,3.9,297,,0.0
2024-05-11T14:00:00.000000+0000,661.7,9.866666666666667,95.83333333333333,1.9,318,,0.0
2024-05-11T15:00:00.000000+0000,661.7,9.916666666666666,95.39999999999999,2.6,308,,0.0
2024-05-11T16:00:00.000000+0000,661.7,7.649999999999999,99.3,1.3,214,,0.0
2024-05-11T17:00:00.000000+0000,662.0,5.716666666666666,97.73333333333333,1.7,180,,0.0
2024-05-11T18:00:00.000000+0000,662.2,6.150000000000001,81.68333333333332,0.9,34,,0.0
2024-05-11T19:00:00.000000+0000,662.3,5.416666666666667,87.93333333333334,1.2,127,,0.0
2024-05-11T20:00:00.000000+0000,662.5,4.5,73.35000000000001,2.2,111,,0.0
2024-05-11T21:00:00.000000+0000,662.3,3.966666666666667,66.39999999999999,3.0,129,,0.0
2024-05-11T22:00:00.000000+0000,661.8,4.750000000000001,61.25,1.9,127,,0.0
2024-05-11T23:00:00.000000+0000,661.2,4.666666666666667,78.05,1.6,157,,0.0
2024-05-12T00:00:00.000000+0000,660.9,5.5,91.10000000000001,0.8,220,,0.0
2024-05-12T01:00:00.000000+0000,660.6,5.466666666666666,74.81666666666668,2.6,144,,0.0
2024-05-12T02:00:00.000000+0000,660.6,7.1499999999999995,61.68333333333333,5.8,168,,0.0
2024-05-12T03:00:00.000000+0000,660.8,7.483333333333333,47.93333333333334,5.3,179,,0.0
2024-05-12T04:00:00.000000+0000,661.2,9.033333333333333,34.3,2.3,241,,0.0
2024-05-12T05:00:00.000000+0000,661.7,10.333333333333334,45.9,3.6,196,,0.0
2024-05-12T06:00:00.000000+0000,662.4,10.733333333333334,53.9,2.0,295,,0.0
2024-05-12T07:00:00.000000+0000,662.7,10.200000000000001,62.95000000000001,3.5,320,,0.0
2024-05-12T08:00:00.000000+0000,662.8,10.166666666666666,80.81666666666666,3.1,322,,0.0
2024-05-12T09:00:00.000000+0000,662.7,10.200000000000001,84.11666666666666,3.0,329,,0.0
2024-05-12T10:00:00.000000+0000,662.3,10.966666666666667,75.61666666666667,4.1,320,,0.0
2024-05-12T11:00:00.000000+0000,662.0,10.083333333333334,82.13333333333334,2.7,280,,0.0
2024-05-12T12:00:00.000000+0000,661.5,10.366666666666667,77.63333333333333,3.2,334,,0.0
2024-05-12T13:00:00.000000+0000,661.3,12.15,64.64999999999999,5.7,337,,0.0
2024-05-12T14:00:00.000000+0000,661.2,11.283333333333333,67.35000000000001,3.9,355,,0.0
2024-05-12T15:00:00.000000+0000,661.2,10.333333333333334,74.30000000000001,3.1,332,,0.0
2024-05-12T16:00:00.000000+0000,661.4,7.866666666666667,92.86666666666667,1.7,247,,0.0
2024-05-12T17:00:00.000000+0000,661.7,5.716666666666666,95.98333333333333,1.5,159,,0.0
2024-05-12T18:00:00.000000+0000,661.9,5.583333333333333,91.60000000000001,1.7,128,,0.0
2024-05-12T19:00:00.000000+0000,662.1,5.816666666666666,83.4,1.3,236,,0.0
2024-05-12T20:00:00.000000+0000,662.0,5.75,71.66666666666667,0.8,149,,0.0
2024-05-12T21:00:00.000000+0000,661.8,5.766666666666667,77.95,4.8,128,,0.0
2024-05-12T22:00:00.000000+0000,661.5,6.3999999999999995,76.28333333333332,6.5,135,,0.0
2024-05-12T23:00:00.000000+0000,661.0,7.033333333333334,68.13333333333334,6.9,138,,0.0
2024-05-13T00:00:00.000000+0000,660.5,7.1000000000000005,63.300000000000004,8.0,132,,0.0
2024-05-13T01:00:00.000000+0000,660.3,7.183333333333334,63.31666666666666,8.7,128,,0.0
2024-05-13T02:00:00.000000+0000,660.8,7.216666666666666,69.33333333333333,8.0,131,,0.0
2024-05-13T03:00:00.000000+0000,661.1,7.583333333333333,68.31666666666666,7.3,126,,0.0
2024-05-13T04:00:00.000000+0000,661.4,7.366666666666666,68.71666666666667,7.6,121,,0.0
2024-05-13T05:00:00.000000+0000,661.8,10.583333333333334,46.833333333333336,5.9,102,,0.0
2024-05-13T06:00:00.000000+0000,662.5,12.65,30.666666666666668,6.4,62,,0.0
2024-05-13T07:00:00.000000+0000,662.8,13.200000000000001,30.333333333333332,5.2,47,,0.0
2024-05-13T08:00:00.000000+0000,662.9,12.016666666666666,59.26666666666667,3.7,302,,0.0
2024-05-13T09:00:00.000000+0000,662.6,12.1,69.75,5.8,320,,0.0
2024-05-13T10:00:00.000000+0000,662.2,11.549999999999999,81.2,5.3,326,,0.0
2024-05-13T11:00:00.000000+0000,661.7,10.6,91.88333333333333,5.3,313,,0.0
2024-05-13T12:00:00.000000+0000,661.3,10.249999999999998,93.68333333333334,4.8,311,,0.0
2024-05-13T13:00:00.000000+0000,660.9,11.549999999999999,83.90000000000002,4.3,332,,0.0
2024-05-13T14:00:00.000000+0000,660.9,11.066666666666665,82.93333333333334,4.1,322,,0.0
2024-05-13T15:00:00.000000+0000,660.9,10.816666666666665,79.3,3.2,272,,0.0
2024-05-13T16:00:00.000000+0000,660.9,7.716666666666668,99.16666666666667,3.3,240,,0.0
2024-05-13T17:00:00.000000+0000,661.1,5.95,92.68333333333332,2.2,83,,0.0
2024-05-13T18:00:00.000000+0000,661.4,5.166666666666667,77.61666666666667,2.0,122,,0.0
2024-05-13T19:00:00.000000+0000,661.6,5.033333333333332,65.60000000000001,1.6,133,,0.0
2024-05-13T20:00:00.000000+0000,661.4,5.3500000000000005,64.38333333333333,1.5,106,,0.0
2024-05-13T21:00:00.000000+0000,661.1,4.833333333333333,67.15,1.5,138,,0.0
2024-05-13T22:00:00.000000+0000,660.8,5.466666666666668,62.98333333333333,0.9,166,,0.0
2024-05-13T23:00:00.000000+0000,660.5,5.683333333333333,61.15,1.2,153,,0.0
2024-05-14T00:00:00.000000+0000,660.1,5.783333333333334,56.95000000000001,3.4,128,,0.0
2024-05-14T01:00:00.000000+0000,660.1,5.833333333333333,58.86666666666667,2.5,119,,0.0
2024-05-14T02:00:00.000000+0000,660.3,6.016666666666667,56.23333333333334,2.7,97,,0.0
2024-05-14T03:00:00.000000+0000,660.5,4.683333333333333,60.449999999999996,3.3,113,,0.0
2024-05-14T04:00:00.000000+0000,660.8,5.6499999999999995,55.78333333333333,4.0,112,,0.0
2024-05-14T05:00:00.000000+0000,661.2,10.316666666666666,38.9,3.8,82,,0.0
2024-05-14T06:00:00.000000+0000,661.6,11.549999999999999,35.349999999999994,5.7,38,,0.0
2024-05-14T07:00:00.000000+0000,661.9,13.433333333333332,38.21666666666666,6.8,39,,0.0
2024-05-14T08:00:00.000000+0000,662.0,12.833333333333334,43.06666666666667,7.4,22,,0.0
2024-05-14T09:00:00.000000+0000,662.0,12.616666666666665,45.1,5.9,339,,0.0
2024-05-14T10:00:00.000000+0000,661.8,13.899999999999999,50.99999999999999,5.9,2,,0.0
2024-05-14T11:00:00.000000+0000,661.5,11.566666666666668,74.85,5.1,301,,0.0
2024-05-14T12:00:00.000000+0000,661.3,7.733333333333333,95.8,4.5,260,,6.0
2024-05-14T13:00:00.000000+0000,660.9,7.916666666666667,83.96666666666667,3.8,222,,3.4
2024-05-14T14:00:00.000000+0000,660.9,10.850000000000001,78.81666666666668,3.3,281,,0.0
2024-05-14T15:00:00.000000+0000,661.0,7.783333333333334,98.53333333333335,4.6,247,,0.9
2024-05-14T16:00:00.000000+0000,661.2,6.633333333333334,86.41666666666667,4.3,215,,0.8
2024-05-14T17:00:00.000000+0000,661.3,5.783333333333332,87.96666666666665,3.6,216,,0.0
2024-05-14T18:00:00.000000+0000,661.5,5.816666666666667,88.76666666666667,2.7,225,,0.0
2024-05-14T19:00:00.000000+0000,661.6,5.849999999999999,83.05000000000001,2.7,244,,0.0
2024-05-14T20:00:00.000000+0000,661.5,6.050000000000001,82.48333333333333,2.7,228,,0.0
2024-05-14T21:00:00.000000+0000,661.2,5.916666666666667,85.63333333333334,1.7,220,,0.0
2024-05-14T22:00:00.000000+0000,660.8,5.05,85.06666666666668,2.1,205,,0.0
2024-05-14T23:00:00.000000+0000,660.7,5.116666666666666,81.23333333333333,2.2,208,,0.0
2024-05-15T00:00:00.000000+0000,660.5,5.366666666666667,76.64999999999999,1.3,214,,0.0
2024-05-15T01:00:00.000000+0000,660.2,3.9,77.14999999999999,2.8,154,,0.0
2024-05-15T02:00:00.000000+0000,660.3,4.483333333333333,78.51666666666667,5.1,157,,0.0
2024-05-15T03:00:00.000000+0000,660.7,5.116666666666666,74.05,2.5,207,,0.0
2024-05-15T04:00:00.000000+0000,661.1,5.383333333333334,72.40000000000002,1.0,104,,0.0
2024-05-15T05:00:00.000000+0000,661.6,7.95,70.14999999999999,0.5,207,,0.0
2024-05-15T06:00:00.000000+0000,662.1,9.866666666666667,63.666666666666664,1.7,288,,0.0
2024-05-15T07:00:00.000000+0000,662.6,10.0,77.23333333333333,2.0,313,,0.0
2024-05-15T08:00:00.000000+0000,662.7,10.466666666666667,87.03333333333335,3.8,346,,0.0
2024-05-15T09:00:00.000000+0000,662.5,9.533333333333333,96.16666666666664,4.7,342,,0.0
2024-05-15T10:00:00.000000+0000,662.2,8.816666666666668,99.3,2.8,339,,0.0
2024-05-15T11:00:00.000000+0000,662.0,6.900000000000001,98.43333333333334,1.6,309,,1.5
2024-05-15T12:00:00.000000+0000,661.8,7.133333333333333,83.93333333333334,1.8,124,,0.6
2024-05-15T13:00:00.000000+0000,661.5,8.049999999999999,83.96666666666667,1.5,39,,0.0
2024-05-15T14:00:00.000000+0000,661.6,9.550000000000002,78.06666666666668,2.4,353,,0.0
2024-05-15T15:00:00.000000+0000,661.6,9.716666666666667,71.01666666666667,1.4,337,,0.0
2024-05-15T16:00:00.000000+0000,661.9,7.816666666666666,82.31666666666666,0.9,297,,0.0
2024-05-15T17:00:00.000000+0000,662.2,5.266666666666667,90.46666666666665,1.0,166,,0.0
2024-05-15T18:00:00.000000+0000,662.5,6.066666666666666,80.73333333333333,1.1,173,,0.0
2024-05-15T19:00:00.000000+0000,662.7,5.183333333333334,84.31666666666666,2.0,209,,0.0
2024-05-15T20:00:00.000000+0000,662.7,4.866666666666666,82.58333333333333,2.2,123,,0.0
2024-05-15T21:00:00.000000+0000,662.7,4.45,82.08333333333333,1.8,157,,0.0
2024-05-15T22:00:00.000000+0000,662.2,4.916666666666667,77.75,2.4,198,,0.0
2024-05-15T23:00:00.000000+0000,661.5,5.216666666666667,78.64999999999999,3.3,203,,0.0
2024-05-16T00:00:00.000000+0000,661.4,5.283333333333333,79.76666666666667,5.1,200,,0.0
2024-05-16T01:00:00.000000+0000,661.2,6.033333333333334,69.41666666666667,3.8,209,,0.0
2024-05-16T02:00:00.000000+0000,661.5,5.516666666666667,59.76666666666667,2.0,209,,0.0
2024-05-16T03:00:00.000000+0000,661.8,4.833333333333333,61.01666666666667,1.4,210,,0.0
2024-05-16T04:00:00.000000+0000,662.1,5.8999999999999995,57.5,1.1,63,,0.0
2024-05-16T05:00:00.000000+0000,662.6,9.6,52.25,1.4,29,,0.0
2024-05-16T06:00:00.000000+0000,663.2,9.916666666666666,66.26666666666667,2.6,2,,0.0
2024-05-16T07:00:00.000000+0000,663.4,9.816666666666668,77.3,3.2,328,,0.0
2024-05-16T08:00:00.000000+0000,663.3,9.566666666666668,86.60000000000001,4.2,330,,0.0
2024-05-16T09:00:00.000000+0000,663.0,9.200000000000001,96.98333333333333,4.4,333,,0.0
2024-05-16T10:00:00.000000+0000,662.6,8.516666666666667,99.28333333333335,4.0,342,,0.0
2024-05-16T11:00:00.000000+0000,662.2,8.549999999999999,99.08333333333333,4.2,278,,0.3
2024-05-16T12:00:00.000000+0000,661.9,7.816666666666666,98.98333333333333,2.3,360,,0.0
2024-05-16T13:00:00.000000+0000,661.5,8.683333333333335,91.28333333333335,1.6,38,,0.0
2024-05-16T14:00:00.000000+0000,661.3,9.483333333333334,87.28333333333332,3.3,303,,0.1
2024-05-16T15:00:00.000000+0000,661.4,8.966666666666667,80.3,3.8,275,,0.0
2024-05-16T16:00:00.000000+0000,661.5,7.8,85.01666666666667,3.5,250,,0.0
2024-05-16T17:00:00.000000+0000,661.6,7.366666666666667,81.48333333333333,2.2,171,,0.0
2024-05-16T18:00:00.000000+0000,662.0,6.383333333333333,87.58333333333333,1.2,230,,0.0
2024-05-16T19:00:00.000000+0000,662.4,5.483333333333333,91.16666666666667,1.7,180,,0.0
2024-05-16T20:00:00.000000+0000,662.5,5.783333333333334,89.26666666666665,1.7,185,,0.0
2024-05-16T21:00:00.000000+0000,662.6,5.766666666666666,95.68333333333334,1.7,202,,0.0
2024-05-16T22:00:00.000000+0000,662.1,6.566666666666666,98.25,2.5,228,,0.0
2024-05-16T23:00:00.000000+0000,661.7,5.766666666666666,99.23333333333333,2.5,199,,0.0
2024-05-17T00:00:00.000000+0000,661.4,6.199999999999999,98.55,1.6,153,,0.0
2024-05-17T01:00:00.000000+0000,661.5,6.383333333333333,97.08333333333333,1.0,173,,0.0
2024-05-17T02:00:00.000000+0000,661.5,5.400000000000001,95.81666666666668,1.3,131,,0.0
2024-05-17T03:00:00.000000+0000,661.5,4.833333333333333,93.60000000000001,1.5,144,,0.0
2024-05-17T04:00:00.000000+0000,661.7,6.516666666666666,82.8,0.7,207,,0.0
2024-05-17T05:00:00.000000+0000,662.1,9.7,73.38333333333334,1.1,162,,0.0
2024-05-17T06:00:00.000000+0000,662.4,10.983333333333333,66.06666666666668,3.3,19,,0.0
2024-05-17T07:00:00.000000+0000,662.8,10.983333333333334,67.28333333333333,3.9,327,,0.0
2024-05-17T08:00:00.000000+0000,662.9,12.233333333333334,65.01666666666667,5.2,9,,0.0
2024-05-17T09:00:00.000000+0000,662.8,10.816666666666668,85.14999999999999,5.4,1,,0.0
2024-05-17T10:00:00.000000+0000,662.5,9.799999999999999,98.48333333333333,5.6,17,,0.1
2024-05-17T11:00:00.000000+0000,662.1,9.316666666666666,96.96666666666665,3.8,333,,0.6
2024-05-17T12:00:00.000000+0000,661.7,9.233333333333333,94.16666666666667,0.6,270,,0.5
2024-05-17T13:00:00.000000+0000,661.2,11.016666666666666,89.50000000000001,2.8,304,,0.0
2024-05-17T14:00:00.000000+0000,661.1,9.3,99.3,2.5,282,,0.0
2024-05-17T15:00:00.000000+0000,661.2,8.816666666666668,99.3,1.9,293,,0.0
2024-05-17T16:00:00.000000+0000,661.5,8.55,99.3,0.7,225,,0.0
2024-05-17T17:00:00.000000+0000,661.8,8.666666666666666,99.05,1.3,202,,0.0
2024-05-17T18:00:00.000000+0000,662.1,7.833333333333333,98.68333333333334,1.2,171,,0.0
2024-05-17T19:00:00.000000+0000,662.4,7.383333333333334,99.28333333333332,1.2,246,,0.0
2024-05-17T20:00:00.000000+0000,662.4,7.333333333333333,99.01666666666665,2.1,191,,0.0
2024-05-17T21:00:00.000000+0000,662.3,6.583333333333333,98.10000000000001,1.1,252,,0.0
2024-05-17T22:00:00.000000+0000,662.1,7.116666666666667,99.3,1.8,207,,0.0
2024-05-17T23:00:00.000000+0000,661.5,7.050000000000001,96.86666666666666,2.9,180,,0.0
2024-05-18T00:00:00.000000+0000,661.0,6.2,99.08333333333333,2.4,232,,0.0
2024-05-18T01:00:00.000000+0000,660.9,5.983333333333333,97.5,2.4,212,,0.0
2024-05-18T02:00:00.000000+0000,661.0,6.316666666666666,85.73333333333333,2.0,216,,0.0
2024-05-18T03:00:00.000000+0000,661.4,6.0,77.9,1.8,188,,0.0
2024-05-18T04:00:00.000000+0000,661.8,6.133333333333334,64.05,1.9,106,,0.0
2024-05-18T05:00:00.000000+0000,662.3,10.216666666666667,52.833333333333336,2.2,84,,0.0
2024-05-18T06:00:00.000000+0000,662.7,11.233333333333333,60.81666666666667,3.0,21,,0.0
2024-05-18T07:00:00.000000+0000,663.0,11.816666666666668,58.38333333333333,4.5,20,,0.0
2024-05-18T08:00:00.000000+0000,663.0,12.066666666666668,57.050000000000004,3.9,9,,0.0
2024-05-18T09:00:00.000000+0000,662.9,12.799999999999999,61.54999999999999,5.3,3,,0.0
2024-05-18T10:00:00.000000+0000,662.4,12.616666666666667,65.23333333333333,6.4,11,,0.0
2024-05-18T11:00:00.000000+0000,661.7,13.366666666666667,64.25,6.2,9,,0.0
2024-05-18T12:00:00.000000+0000,661.1,11.133333333333333,78.81666666666668,6.2,359,,0.0
2024-05-18T13:00:00.000000+0000,660.7,10.516666666666666,81.2,6.1,31,,0.0
2024-05-18T14:00:00.000000+0000,660.7,12.183333333333332,75.96666666666665,6.5,38,,0.0
2024-05-18T15:00:00.000000+0000,660.7,9.166666666666666,86.78333333333335,5.7,93,,0.0
2024-05-18T16:00:00.000000+0000,660.9,8.683333333333332,95.13333333333334,4.1,125,,0.0
2024-05-18T17:00:00.000000+0000,661.5,8.266666666666666,96.41666666666667,3.0,151,,0.0
2024-05-18T18:00:00.000000+0000,661.9,7.933333333333334,95.41666666666667,3.2,120,,0.0
2024-05-18T19:00:00.000000+0000,662.3,8.283333333333335,86.64999999999999,3.3,104,,0.0
2024-05-18T20:00:00.000000+0000,662.5,7.816666666666667,89.8,3.7,130,,0.0
2024-05-18T21:00:00.000000+0000,662.1,7.300000000000001,88.56666666666666,4.0,113,,0.0
2024-05-18T22:00:00.000000+0000,661.5,6.7,97.23333333333333,4.0,116,,0.0
2024-05-18T23:00:00.000000+0000,660.8,5.433333333333334,94.61666666666666,3.6,143,,0.0
2024-05-19T00:00:00.000000+0000,660.5,5.1000000000000005,91.58333333333333,2.2,150,,0.0
2024-05-19T01:00:00.000000+0000,660.5,5.166666666666667,79.93333333333334,1.2,167,,0.0
2024-05-19T02:00:00.000000+0000,660.6,5.983333333333334,78.95,3.1,169,,0.0
2024-05-19T03:00:00.000000+0000,660.9,5.8500000000000005,71.51666666666667,0.5,143,,0.0
2024-05-19T04:00:00.000000+0000,661.3,6.383333333333333,63.01666666666667,0.9,72,,0.0
2024-05-19T05:00:00.000000+0000,661.6,9.966666666666667,52.03333333333333,1.5,84,,0.0
2024-05-19T06:00:00.000000+0000,662.1,10.683333333333335,52.81666666666666,1.6,302,,0.0
2024-05-19T07:00:00.000000+0000,662.6,11.083333333333334,64.35,3.7,318,,0.0
2024-05-19T08:00:00.000000+0000,662.6,10.683333333333332,80.18333333333334,4.1,304,,0.0
2024-05-19T09:00:00.000000+0000,662.3,9.883333333333335,89.18333333333332,3.4,311,,0.0
2024-05-19T10:00:00.000000+0000,661.9,9.566666666666666,93.56666666666666,2.1,349,,0.6
2024-05-19T11:00:00.000000+0000,661.1,7.366666666666667,99.26666666666667,4.7,261,,8.4
2024-05-19T12:00:00.000000+0000,660.8,6.75,96.18333333333334,4.8,127,,6.2
2024-05-19T13:00:00.000000+0000,660.4,9.933333333333334,84.6,2.9,43,,0.1
2024-05-19T14:00:00.000000+0000,660.5,8.783333333333333,98.0,4.9,44,,0.0
2024-05-19T15:00:00.000000+0000,660.7,8.35,87.86666666666667,4.1,129,,0.0
2024-05-19T16:00:00.000000+0000,661.0,7.800000000000001,84.23333333333333,3.1,148,,0.0
2024-05-19T17:00:00.000000+0000,661.2,7.416666666666667,87.05,1.2,214,,0.0
2024-05-19T18:00:00.000000+0000,661.9,6.999999999999999,87.96666666666665,1.2,79,,0.0
2024-05-19T19:00:00.000000+0000,662.3,6.516666666666667,87.08333333333333,1.2,139,,0.0
2024-05-19T20:00:00.000000+0000,662.3,6.233333333333333,84.83333333333336,2.6,143,,0.0
2024-05-19T21:00:00.000000+0000,662.0,5.083333333333333,88.60000000000001,1.9,189,,0.0
2024-05-19T22:00:00.000000+0000,661.5,4.866666666666667,88.11666666666667,1.4,164,,0.0
2024-05-19T23:00:00.000000+0000,661.0,4.783333333333332,73.05,1.1,143,,0.0
2024-05-20T00:00:00.000000+0000,660.7,5.283333333333332,65.45,1.1,186,,0.0
2024-05-20T01:00:00.000000+0000,660.8,5.216666666666667,68.38333333333334,2.0,201,,0.0
2024-05-20T02:00:00.000000+0000,660.9,4.699999999999999,78.56666666666668,1.7,184,,0.0
2024-05-20T03:00:00.000000+0000,661.3,4.616666666666666,83.76666666666667,2.1,147,,0.0
2024-05-20T04:00:00.000000+0000,661.4,5.733333333333334,89.90000000000002,1.1,307,,0.0
2024-05-20T05:00:00.000000+0000,661.7,8.333333333333334,84.06666666666668,1.1,31,,0.0
2024-05-20T06:00:00.000000+0000,662.2,9.700000000000001,83.28333333333332,2.6,18,,0.0
2024-05-20T07:00:00.000000+0000,662.6,10.766666666666666,79.31666666666666,3.6,351,,0.0
2024-05-20T08:00:00.000000+0000,662.7,9.583333333333334,95.91666666666667,3.4,324,,0.0
2024-05-20T09:00:00.000000+0000,662.6,9.816666666666668,97.05,4.0,318,,0.0
2024-05-20T10:00:00.000000+0000,662.2,9.75,98.63333333333334,2.9,331,,0.1
2024-05-20T11:00:00.000000+0000,661.7,8.166666666666666,99.3,1.2,326,,13.1
2024-05-20T12:00:00.000000+0000,661.3,6.366666666666667,99.3,3.3,147,,11.0
2024-05-20T13:00:00.000000+0000,660.9,8.083333333333334,98.61666666666666,1.4,45,,0.9
2024-05-20T14:00:00.000000+0000,661.2,8.033333333333333,99.21666666666665,0.9,252,,0.0
2024-05-20T15:00:00.000000+0000,661.0,7.933333333333334,95.11666666666667,1.9,166,,2.3
2024-05-20T16:00:00.000000+0000,661.5,7.233333333333334,86.81666666666668,1.8,214,,0.0
2024-05-20T17:00:00.000000+0000,662.1,6.199999999999999,91.8,3.0,216,,0.0
2024-05-20T18:00:00.000000+0000,662.3,5.483333333333334,97.83333333333333,1.6,152,,0.0
2024-05-20T19:00:00.000000+0000,662.6,5.2,99.06666666666666,0.9,117,,0.0
2024-05-20T20:00:00.000000+0000,662.5,4.983333333333333,97.83333333333333,2.7,178,,0.0
2024-05-20T21:00:00.000000+0000,662.4,6.050000000000001,91.41666666666667,2.0,203,,0.0
2024-05-20T22:00:00.000000+0000,662.1,6.266666666666667,99.25,2.3,246,,0.0
2024-05-20T23:00:00.000000+0000,661.7,6.333333333333333,99.3,2.3,227,,0.0
2024-05-21T00:00:00.000000+0000,661.4,6.483333333333333,99.3,3.1,256,,0.0
2024-05-21T01:00:00.000000+0000,661.2,6.366666666666667,99.3,3.9,224,,0.0
2024-05-21T02:00:00.000000+0000,661.4,6.433333333333334,99.28333333333335,2.5,257,,0.0
2024-05-21T03:00:00.000000+0000,661.9,6.583333333333333,97.61666666666667,3.0,224,,0.0
2024-05-21T04:00:00.000000+0000,662.2,6.666666666666667,92.59999999999998,2.4,190,,0.0
2024-05-21T05:00:00.000000+0000,662.5,7.983333333333332,90.3,1.4,285,,0.0
2024-05-21T06:00:00.000000+0000,663.0,8.200000000000001,92.05,1.7,5,,0.0
2024-05-21T07:00:00.000000+0000,663.3,8.616666666666667,91.8,2.2,349,,0.0
2024-05-21T08:00:00.000000+0000,663.3,9.533333333333333,93.38333333333333,2.1,341,,0.0
2024-05-21T09:00:00.000000+0000,663.3,9.333333333333334,95.25,1.9,338,,0.0
2024-05-21T10:00:00.000000+0000,663.0,9.716666666666667,99.06666666666666,3.6,332,,0.0
2024-05-21T11:00:00.000000+0000,662.4,8.933333333333334,99.26666666666667,2.6,336,,0.0
2024-05-21T12:00:00.000000+0000,662.0,7.666666666666667,99.3,3.5,59,,16.6
2024-05-21T13:00:00.000000+0000,661.6,7.866666666666667,99.25,3.5,141,,6.1
2024-05-21T14:00:00.000000+0000,661.6,7.666666666666667,99.3,2.2,163,,2.8
2024-05-21T15:00:00.000000+0000,661.9,8.1,99.3,2.4,351,,0.0
2024-05-21T16:00:00.000000+0000,662.2,6.1499999999999995,99.28333333333335,2.3,62,,0.2
2024-05-21T17:00:00.000000+0000,662.6,6.050000000000001,99.21666666666668,1.6,90,,0.0
2024-05-21T18:00:00.000000+0000,663.0,6.533333333333334,97.48333333333333,1.4,180,,0.0
2024-05-21T19:00:00.000000+0000,663.6,6.3500000000000005,99.28333333333335,2.6,187,,0.0
2024-05-21T20:00:00.000000+0000,663.6,6.6000000000000005,99.3,1.4,119,,0.0
2024-05-21T21:00:00.000000+0000,663.2,6.8999999999999995,97.14999999999999,1.5,120,,0.0
2024-05-21T22:00:00.000000+0000,662.8,6.883333333333333,90.46666666666665,1.5,101,,0.0
2024-05-21T23:00:00.000000+0000,662.4,6.583333333333333,94.41666666666667,1.4,265,,0.0
2024-05-22T00:00:00.000000+0000,661.9,6.416666666666667,92.81666666666668,1.5,193,,0.0
2024-05-22T01:00:00.000000+0000,661.7,6.066666666666666,92.2,1.0,122,,0.0
2024-05-22T02:00:00.000000+0000,661.7,6.983333333333333,85.90000000000002,1.4,144,,0.0
2024-05-22T03:00:00.000000+0000,661.9,7.416666666666667,85.5,2.4,129,,0.0
2024-05-22T04:00:00.000000+0000,662.0,7.499999999999999,80.89999999999999,3.5,180,,0.0
2024-05-22T05:00:00.000000+0000,662.5,9.033333333333333,78.88333333333334,2.0,240,,0.0
2024-05-22T06:00:00.000000+0000,662.8,9.883333333333333,75.65000000000002,1.6,326,,0.0
2024-05-22T07:00:00.000000+0000,663.1,9.5,85.98333333333335,3.0,343,,0.0
2024-05-22T08:00:00.000000+0000,663.3,9.966666666666667,87.96666666666665,4.1,22,,0.0
2024-05-22T09:00:00.000000+0000,663.1,9.133333333333333,99.26666666666667,3.0,6,,0.0
2024-05-22T10:00:00.000000+0000,662.7,9.283333333333333,96.14999999999999,4.0,22,,0.0
2024-05-22T11:00:00.000000+0000,662.3,9.433333333333335,77.31666666666665,2.9,352,,0.0
2024-05-22T12:00:00.000000+0000,661.7,9.583333333333334,69.14999999999999,2.7,322,,0.0
2024-05-22T13:00:00.000000+0000,661.5,8.466666666666669,88.66666666666667,1.9,293,,0.0
2024-05-22T14:00:00.000000+0000,661.3,8.666666666666666,95.28333333333335,2.1,284,,0.0
2024-05-22T15:00:00.000000+0000,661.4,7.849999999999999,99.21666666666665,1.8,4,,0.0
2024-05-22T16:00:00.000000+0000,661.3,7.833333333333333,99.3,2.6,93,,0.2
2024-05-22T17:00:00.000000+0000,661.7,6.8,99.3,3.6,122,,0.0
2024-05-22T18:00:00.000000+0000,661.7,7.083333333333335,91.89999999999999,2.3,221,,0.0
2024-05-22T19:00:00.000000+0000,662.0,6.233333333333333,96.01666666666667,2.0,180,,0.0
2024-05-22T20:00:00.000000+0000,662.1,6.1499999999999995,92.01666666666667,2.6,216,,0.0
2024-05-22T21:00:00.000000+0000,662.1,5.8,94.2,2.9,214,,0.0
2024-05-22T22:00:00.000000+0000,661.8,5.083333333333333,98.53333333333335,2.1,144,,0.0
2024-05-22T23:00:00.000000+0000,661.4,4.566666666666667,99.2,1.7,145,,0.0
2024-05-23T00:00:00.000000+0000,660.9,4.616666666666666,98.2,1.3,202,,0.0
2024-05-23T01:00:00.000000+0000,660.9,4.216666666666666,99.26666666666667,0.9,146,,0.0
2024-05-23T02:00:00.000000+0000,661.0,4.716666666666667,95.16666666666667,1.4,171,,0.0
2024-05-23T03:00:00.000000+0000,661.1,4.483333333333333,89.10000000000001,3.3,146,,0.0
2024-05-23T04:00:00.000000+0000,661.2,6.849999999999999,71.91666666666667,1.1,342,,0.0
2024-05-23T05:00:00.000000+0000,661.7,8.033333333333333,79.6,1.6,228,,0.0
2024-05-23T06:00:00.000000+0000,662.2,9.983333333333333,75.2,2.1,261,,0.0
2024-05-23T07:00:00.000000+0000,662.6,10.066666666666666,84.18333333333334,2.4,280,,0.0
2024-05-23T08:00:00.000000+0000,662.7,10.216666666666667,95.60000000000001,3.0,280,,0.0
2024-05-23T09:00:00.000000+0000,662.4,10.55,95.33333333333333,3.6,302,,0.0
2024-05-23T10:00:00.000000+0000,662.0,9.933333333333334,98.51666666666667,4.0,320,,0.0
2024-05-23T11:00:00.000000+0000,661.5,8.95,99.3,3.9,23,,0.4
2024-05-23T12:00:00.000000+0000,661.0,8.333333333333334,99.3,2.4,11,,5.5
2024-05-23T13:00:00.000000+0000,660.7,8.049999999999999,99.3,0.7,99,,3.0
2024-05-23T14:00:00.000000+0000,660.5,8.749999999999998,97.75,1.7,279,,0.4
2024-05-23T15:00:00.000000+0000,660.6,8.066666666666666,99.3,1.7,240,,0.0
2024-05-23T16:00:00.000000+0000,660.7,8.016666666666667,99.28333333333332,1.8,127,,0.0
2024-05-23T17:00:00.000000+0000,661.1,7.883333333333333,99.3,1.7,301,,0.0
2024-05-23T18:00:00.000000+0000,661.5,7.2,99.3,1.4,243,,0.0
2024-05-23T19:00:00.000000+0000,661.8,7.066666666666666,99.3,1.0,97,,0.0
2024-05-23T20:00:00.000000+0000,662.0,6.633333333333333,99.28333333333335,2.3,106,,0.0
2024-05-23T21:00:00.000000+0000,661.8,5.983333333333333,95.76666666666665,2.9,165,,0.0
2024-05-23T22:00:00.000000+0000,661.6,5.766666666666667,96.46666666666665,1.0,180,,0.0
2024-05-23T23:00:00.000000+0000,661.1,5.766666666666666,98.96666666666668,1.4,210,,0.0
2024-05-24T00:00:00.000000+0000,660.7,4.883333333333334,99.08333333333333,1.8,120,,0.0
2024-05-24T01:00:00.000000+0000,660.5,5.249999999999999,89.46666666666668,2.3,130,,0.0
2024-05-24T02:00:00.000000+0000,660.8,5.416666666666667,89.76666666666667,3.3,125,,0.0
2024-05-24T03:00:00.000000+0000,661.0,5.133333333333333,88.31666666666666,3.7,122,,0.0
2024-05-24T04:00:00.000000+0000,661.3,6.05,85.41666666666667,4.7,120,,0.0
2024-05-24T05:00:00.000000+0000,661.9,8.916666666666666,80.56666666666666,3.5,60,,0.0
2024-05-24T06:00:00.000000+0000,662.4,9.166666666666666,97.35000000000001,2.5,36,,0.0
2024-05-24T07:00:00.000000+0000,662.8,8.75,99.3,2.5,360,,0.0
2024-05-24T08:00:00.000000+0000,663.0,9.383333333333333,98.43333333333334,3.6,346,,0.0
2024-05-24T09:00:00.000000+0000,662.8,11.216666666666667,90.43333333333332,5.0,358,,0.0
2024-05-24T10:00:00.000000+0000,662.4,9.033333333333333,99.26666666666667,3.2,356,,1.1
2024-05-24T11:00:00.000000+0000,661.7,7.366666666666667,99.3,2.0,107,,12.1
2024-05-24T12:00:00.000000+0000,661.2,8.0,99.3,1.9,73,,0.5
2024-05-24T13:00:00.000000+0000,660.8,8.016666666666666,99.3,4.2,42,,4.4
2024-05-24T14:00:00.000000+0000,660.9,7.766666666666667,99.3,1.7,27,,1.6
2024-05-24T15:00:00.000000+0000,661.1,7.6000000000000005,99.3,2.4,45,,0.1
2024-05-24T16:00:00.000000+0000,661.4,7.483333333333333,99.3,2.0,87,,0.0
2024-05-24T17:00:00.000000+0000,661.6,6.683333333333334,99.3,2.4,74,,0.0
2024-05-24T18:00:00.000000+0000,662.1,6.233333333333333,99.3,2.1,113,,0.0
2024-05-24T19:00:00.000000+0000,662.5,5.949999999999999,99.21666666666665,2.3,127,,0.0
2024-05-24T20:00:00.000000+0000,662.5,5.233333333333333,99.21666666666665,1.2,148,,0.0
2024-05-24T21:00:00.000000+0000,662.2,5.266666666666667,97.43333333333334,1.4,221,,0.0
2024-05-24T22:00:00.000000+0000,661.8,5.249999999999999,99.3,1.3,163,,0.0
2024-05-24T23:00:00.000000+0000,661.6,5.833333333333333,99.28333333333335,1.8,118,,0.0
2024-05-25T00:00:00.000000+0000,661.2,5.416666666666667,99.2,4.8,113,,0.0
2024-05-25T01:00:00.000000+0000,661.0,5.95,97.21666666666665,6.0,112,,0.0
2024-05-25T02:00:00.000000+0000,660.9,5.933333333333334,95.48333333333333,6.3,110,,0.0
2024-05-25T03:00:00.000000+0000,660.9,5.8500000000000005,91.66666666666667,6.2,120,,0.0
2024-05-25T04:00:00.000000+0000,661.2,6.333333333333333,87.35000000000001,4.9,114,,0.0
2024-05-25T05:00:00.000000+0000,661.9,8.583333333333334,77.3,5.1,93,,0.0
2024-05-25T06:00:00.000000+0000,662.6,10.499999999999998,69.13333333333333,4.1,62,,0.0
2024-05-25T07:00:00.000000+0000,662.8,11.066666666666668,64.05,5.0,29,,0.0
2024-05-25T08:00:00.000000+0000,662.8,11.65,79.16666666666667,6.4,35,,0.0
2024-05-25T09:00:00.000000+0000,662.8,10.899999999999999,90.31666666666666,6.3,1,,0.0
2024-05-25T10:00:00.000000+0000,662.4,10.716666666666667,91.68333333333334,7.2,14,,0.0
2024-05-25T11:00:00.000000+0000,662.1,11.5,76.01666666666667,8.1,8,,0.0
2024-05-25T12:00:00.000000+0000,661.7,11.35,64.81666666666666,7.2,34,,0.0
2024-05-25T13:00:00.000000+0000,661.3,11.116666666666667,65.18333333333332,7.4,58,,0.0
2024-05-25T14:00:00.000000+0000,661.4,9.950000000000001,71.18333333333332,6.0,66,,0.0
2024-05-25T15:00:00.000000+0000,661.4,8.883333333333335,80.85000000000001,6.9,89,,0.0
2024-05-25T16:00:00.000000+0000,661.6,7.55,81.91666666666667,7.0,109,,0.0
2024-05-25T17:00:00.000000+0000,661.8,6.616666666666666,84.4,7.2,112,,0.0
2024-05-25T18:00:00.000000+0000,662.2,6.316666666666666,78.68333333333334,7.1,113,,0.0
2024-05-25T19:00:00.000000+0000,662.4,6.283333333333334,73.46666666666668,7.0,114,,0.0
2024-05-25T20:00:00.000000+0000,662.3,6.316666666666666,67.36666666666667,7.0,118,,0.0
2024-05-25T21:00:00.000000+0000,662.1,6.400000000000001,61.550000000000004,7.0,117,,0.0
2024-05-25T22:00:00.000000+0000,661.8,6.1000000000000005,65.03333333333333,8.6,116,,0.0
2024-05-25T23:00:00.000000+0000,661.4,6.1499999999999995,59.48333333333334,9.4,110,,0.0
2024-05-26T00:00:00.000000+0000,661.1,7.133333333333333,46.4,9.1,101,,0.0
2024-05-26T01:00:00.000000+0000,660.9,6.916666666666667,49.38333333333333,10.1,109,,0.0
2024-05-26T02:00:00.000000+0000,660.9,6.133333333333333,53.449999999999996,11.2,120,,0.0
2024-05-26T03:00:00.000000+0000,661.0,6.183333333333334,50.833333333333336,11.7,119,,0.0
2024-05-26T04:00:00.000000+0000,661.4,6.733333333333333,56.6,12.2,117,,0.0
2024-05-26T05:00:00.000000+0000,661.8,8.25,54.73333333333333,13.7,111,,0.0
2024-05-26T06:00:00.000000+0000,662.3,9.9,50.11666666666667,13.3,100,,0.0
2024-05-26T07:00:00.000000+0000,662.6,10.700000000000001,49.199999999999996,12.8,97,,0.0
2024-05-26T08:00:00.000000+0000,663.0,11.6,50.099999999999994,10.5,87,,0.0
2024-05-26T09:00:00.000000+0000,663.1,12.200000000000001,50.25000000000001,9.8,88,,0.0
2024-05-26T10:00:00.000000+0000,662.9,12.75,52.1,8.5,81,,0.0
2024-05-26T11:00:00.000000+0000,662.4,12.266666666666667,56.06666666666666,8.5,76,,0.0
2024-05-26T12:00:00.000000+0000,662.2,12.516666666666666,57.96666666666667,9.5,71,,0.0
2024-05-26T13:00:00.000000+0000,661.9,11.483333333333333,62.616666666666674,8.4,75,,0.0
2024-05-26T14:00:00.000000+0000,661.8,10.966666666666667,63.21666666666667,6.2,76,,0.0
2024-05-26T15:00:00.000000+0000,662.1,10.65,62.79999999999999,4.5,61,,0.0
2024-05-26T16:00:00.000000+0000,662.1,7.8500000000000005,76.89999999999999,3.6,109,,0.0
2024-05-26T17:00:00.000000+0000,662.2,6.283333333333334,81.69999999999999,6.3,122,,0.0
2024-05-26T18:00:00.000000+0000,662.7,6.400000000000001,77.66666666666667,6.0,111,,0.0
2024-05-26T19:00:00.000000+0000,663.0,6.616666666666667,76.0,7.9,96,,0.0
2024-05-26T20:00:00.000000+0000,663.1,6.466666666666666,65.71666666666665,7.2,101,,0.0
2024-05-26T21:00:00.000000+0000,662.8,6.366666666666667,60.15,8.7,101,,0.0
2024-05-26T22:00:00.000000+0000,662.4,6.283333333333334,59.53333333333333,10.1,105,,0.0
2024-05-26T23:00:00.000000+0000,662.0,6.116666666666667,48.86666666666667,10.3,105,,0.0
2024-05-27T00:00:00.000000+0000,661.8,5.783333333333334,52.88333333333333,10.8,107,,0.0
2024-05-27T01:00:00.000000+0000,661.7,6.2,54.23333333333334,12.8,104,,0.0
2024-05-27T02:00:00.000000+0000,661.8,6.1000000000000005,56.949999999999996,11.0,106,,0.0
2024-05-27T03:00:00.000000+0000,662.1,5.966666666666668,58.71666666666667,11.1,110,,0.0
2024-05-27T04:00:00.000000+0000,662.6,5.983333333333333,60.21666666666667,10.6,108,,0.0
2024-05-27T05:00:00.000000+0000,663.0,7.716666666666668,55.56666666666667,9.7,103,,0.0
2024-05-27T06:00:00.000000+0000,663.4,9.416666666666666,49.21666666666666,11.5,83,,0.0
2024-05-27T07:00:00.000000+0000,663.8,10.783333333333333,47.199999999999996,9.7,76,,0.0
2024-05-27T08:00:00.000000+0000,663.8,11.366666666666667,46.01666666666667,10.8,86,,0.0
2024-05-27T09:00:00.000000+0000,663.8,12.183333333333335,45.4,8.4,64,,0.0
2024-05-27T10:00:00.000000+0000,663.5,12.833333333333334,46.75,8.5,67,,0.0
2024-05-27T11:00:00.000000+0000,663.1,12.966666666666667,44.88333333333333,8.2,70,,0.0
2024-05-27T12:00:00.000000+0000,662.6,13.166666666666666,50.21666666666667,9.1,58,,0.0
2024-05-27T13:00:00.000000+0000,662.1,12.583333333333334,55.0,9.8,46,,0.0
2024-05-27T14:00:00.000000+0000,662.3,10.433333333333332,66.03333333333335,7.6,43,,0.0
2024-05-27T15:00:00.000000+0000,662.6,9.733333333333333,72.91666666666667,5.2,38,,0.0
2024-05-27T16:00:00.000000+0000,662.7,8.066666666666666,72.0,2.8,63,,0.0
2024-05-27T17:00:00.000000+0000,662.8,5.8,75.8,4.7,109,,0.0
2024-05-27T18:00:00.000000+0000,663.1,5.966666666666666,74.16666666666667,4.9,107,,0.0
2024-05-27T19:00:00.000000+0000,663.3,5.8,76.89999999999999,4.5,108,,0.0
2024-05-27T20:00:00.000000+0000,663.4,5.533333333333334,76.68333333333335,4.0,99,,0.0
2024-05-27T21:00:00.000000+0000,663.3,5.366666666666667,77.85,4.3,102,,0.0
2024-05-27T22:00:00.000000+0000,662.9,5.083333333333333,77.21666666666667,4.6,103,,0.0
2024-05-27T23:00:00.000000+0000,662.6,5.5,67.65,5.6,105,,0.0
2024-05-28T00:00:00.000000+0000,662.3,5.516666666666667,56.56666666666666,6.5,109,,0.0
2024-05-28T01:00:00.000000+0000,662.1,6.116666666666666,46.71666666666667,8.1,114,,0.0
2024-05-28T02:00:00.000000+0000,662.3,6.266666666666667,51.20000000000001,9.5,103,,0.0
2024-05-28T03:00:00.000000+0000,662.6,5.8,53.28333333333333,9.1,111,,0.0
2024-05-28T04:00:00.000000+0000,662.6,6.183333333333334,51.300000000000004,12.1,97,,0.0
2024-05-28T05:00:00.000000+0000,663.1,7.95,45.949999999999996,10.6,93,,0.0
2024-05-28T06:00:00.000000+0000,663.7,9.4,43.88333333333333,9.5,73,,0.0
2024-05-28T07:00:00.000000+0000,664.0,10.833333333333334,41.166666666666664,9.2,79,,0.0
2024-05-28T08:00:00.000000+0000,664.0,11.85,37.93333333333333,8.2,75,,0.0
2024-05-28T09:00:00.000000+0000,663.9,12.816666666666668,37.15,8.0,69,,0.0
2024-05-28T10:00:00.000000+0000,663.7,13.216666666666667,35.63333333333333,8.0,46,,0.0
2024-05-28T11:00:00.000000+0000,663.2,13.15,37.73333333333334,7.1,47,,0.0
2024-05-28T12:00:00.000000+0000,662.9,13.366666666666667,43.866666666666674,9.6,43,,0.0
2024-05-28T13:00:00.000000+0000,662.6,12.633333333333335,47.78333333333333,7.9,35,,0.0
2024-05-28T14:00:00.000000+0000,662.6,12.766666666666667,48.36666666666667,6.7,29,,0.0
2024-05-28T15:00:00.000000+0000,662.6,11.766666666666666,59.199999999999996,4.6,12,,0.0
2024-05-28T16:00:00.000000+0000,662.7,8.733333333333333,68.60000000000001,2.4,71,,0.0
2024-05-28T17:00:00.000000+0000,662.8,7.016666666666667,69.63333333333333,3.7,106,,0.0
2024-05-28T18:00:00.000000+0000,663.1,6.766666666666666,66.86666666666666,4.4,111,,0.0
2024-05-28T19:00:00.000000+0000,663.3,6.050000000000001,64.83333333333333,5.8,114,,0.0
2024-05-28T20:00:00.000000+0000,663.1,6.3500000000000005,57.416666666666664,7.0,119,,0.0
2024-05-28T21:00:00.000000+0000,662.8,6.816666666666666,51.18333333333334,7.6,109,,0.0
2024-05-28T22:00:00.000000+0000,662.4,6.733333333333333,51.583333333333336,8.1,109,,0.0
2024-05-28T23:00:00.000000+0000,662.2,7.233333333333333,49.400000000000006,9.2,103,,0.0
2024-05-29T00:00:00.000000+0000,661.9,7.050000000000001,50.73333333333333,8.8,103,,0.0
2024-05-29T01:00:00.000000+0000,661.6,7.083333333333333,50.13333333333333,10.7,100,,0.0
2024-05-29T02:00:00.000000+0000,661.6,7.433333333333334,47.86666666666667,11.0,97,,0.0
2024-05-29T03:00:00.000000+0000,661.7,7.3500000000000005,48.416666666666664,10.9,102,,0.0
2024-05-29T04:00:00.000000+0000,662.0,7.166666666666667,50.4,10.8,96,,0.0
2024-05-29T05:00:00.000000+0000,662.6,8.566666666666666,46.88333333333333,8.5,86,,0.0
2024-05-29T06:00:00.000000+0000,663.0,10.05,43.96666666666667,9.8,71,,0.0
2024-05-29T07:00:00.000000+0000,663.1,11.450000000000001,42.88333333333333,12.0,70,,0.0
2024-05-29T08:00:00.000000+0000,663.1,12.16666666666667,43.916666666666664,11.8,57,,0.0
2024-05-29T09:00:00.000000+0000,662.9,12.616666666666665,43.53333333333333,13.0,63,,0.0
2024-05-29T10:00:00.000000+0000,662.6,13.333333333333336,47.366666666666674,10.4,42,,0.0
2024-05-29T11:00:00.000000+0000,662.4,13.600000000000001,49.79999999999999,8.6,54,,0.0
2024-05-29T12:00:00.000000+0000,662.0,12.750000000000002,59.416666666666664,6.8,34,,0.0
2024-05-29T13:00:00.000000+0000,661.7,12.966666666666667,59.533333333333324,6.6,26,,0.0
2024-05-29T14:00:00.000000+0000,661.7,12.5,60.21666666666666,4.8,34,,0.0
2024-05-29T15:00:00.000000+0000,661.8,11.200000000000001,64.7,3.8,47,,0.0
2024-05-29T16:00:00.000000+0000,661.8,8.083333333333332,72.45,2.7,83,,0.0
2024-05-29T17:00:00.000000+0000,661.9,6.216666666666668,76.14999999999999,2.0,129,,0.0
2024-05-29T18:00:00.000000+0000,662.1,5.716666666666666,75.48333333333333,2.0,114,,0.0
2024-05-29T19:00:00.000000+0000,662.3,5.583333333333333,73.76666666666667,2.5,124,,0.0
2024-05-29T20:00:00.000000+0000,662.3,5.3500000000000005,74.49999999999999,2.2,120,,0.0
2024-05-29T21:00:00.000000+0000,662.2,4.816666666666666,78.56666666666666,3.4,125,,0.0
2024-05-29T22:00:00.000000+0000,662.0,5.816666666666666,66.58333333333333,5.6,119,,0.0
2024-05-29T23:00:00.000000+0000,661.6,6.933333333333333,54.63333333333333,6.2,112,,0.0
2024-05-30T00:00:00.000000+0000,661.3,7.316666666666666,53.48333333333334,7.9,108,,0.0
2024-05-30T01:00:00.000000+0000,661.4,7.466666666666668,53.81666666666666,8.6,103,,0.0
2024-05-30T02:00:00.000000+0000,661.4,7.416666666666667,56.166666666666664,9.0,101,,0.0
2024-05-30T03:00:00.000000+0000,661.7,7.366666666666666,58.099999999999994,10.6,99,,0.0
2024-05-30T04:00:00.000000+0000,662.0,7.483333333333333,57.5,8.9,104,,0.0
2024-05-30T05:00:00.000000+0000,662.4,8.916666666666668,53.98333333333333,8.5,96,,0.0
2024-05-30T06:00:00.000000+0000,662.9,10.983333333333334,46.6,9.0,74,,0.0
2024-05-30T07:00:00.000000+0000,662.9,11.916666666666666,43.849999999999994,10.3,74,,0.0
2024-05-30T08:00:00.000000+0000,662.9,12.866666666666665,41.63333333333333,10.4,65,,0.0
2024-05-30T09:00:00.000000+0000,662.8,13.683333333333335,41.25,10.3,60,,0.0
2024-05-30T10:00:00.000000+0000,662.3,13.816666666666668,39.43333333333333,8.6,47,,0.0
2024-05-30T11:00:00.000000+0000,661.9,13.933333333333335,47.199999999999996,8.4,47,,0.0
2024-05-30T12:00:00.000000+0000,661.5,13.15,50.416666666666664,8.6,24,,0.0
2024-05-30T13:00:00.000000+0000,661.3,13.533333333333333,50.56666666666666,8.9,31,,0.0
2024-05-30T14:00:00.000000+0000,661.5,12.9,54.46666666666667,6.8,40,,0.0
2024-05-30T15:00:00.000000+0000,661.7,11.366666666666665,56.833333333333336,6.9,54,,0.0
2024-05-30T16:00:00.000000+0000,662.0,8.533333333333333,65.21666666666668,5.2,83,,0.0
2024-05-30T17:00:00.000000+0000,662.2,7.183333333333333,63.849999999999994,5.6,105,,0.0
2024-05-30T18:00:00.000000+0000,662.4,6.95,53.61666666666667,6.1,110,,0.0
2024-05-30T19:00:00.000000+0000,662.5,7.3999999999999995,52.650000000000006,6.4,104,,0.0
2024-05-30T20:00:00.000000+0000,662.5,6.966666666666666,55.033333333333324,5.4,105,,0.0
2024-05-30T21:00:00.000000+0000,662.3,6.266666666666667,60.4,5.4,110,,0.0
2024-05-30T22:00:00.000000+0000,662.1,6.733333333333333,58.199999999999996,6.5,98,,0.0
2024-05-30T23:00:00.000000+0000,661.7,6.816666666666667,56.01666666666666,6.9,98,,0.0
2024-05-31T00:00:00.000000+0000,661.5,6.95,55.366666666666674,7.7,97,,0.0
2024-05-31T01:00:00.000000+0000,661.4,7.25,53.349999999999994,8.2,97,,0.0
2024-05-31T02:00:00.000000+0000,661.6,7.166666666666667,53.699999999999996,8.8,99,,0.0
2024-05-31T03:00:00.000000+0000,661.9,6.833333333333335,55.13333333333333,9.4,99,,0.0
2024-05-31T04:00:00.000000+0000,662.2,6.766666666666667,55.26666666666667,9.5,99,,0.0
2024-05-31T05:00:00.000000+0000,662.7,8.516666666666666,49.11666666666667,10.0,100,,0.0
2024-05-31T06:00:00.000000+0000,663.2,10.549999999999999,43.53333333333333,11.0,77,,0.0
2024-05-31T07:00:00.000000+0000,663.4,11.833333333333334,42.266666666666666,8.7,67,,0.0
2024-05-31T08:00:00.000000+0000,663.5,12.416666666666666,40.9,11.3,60,,0.0
2024-05-31T09:00:00.000000+0000,663.5,13.283333333333333,43.01666666666666,10.3,48,,0.0
2024-05-31T10:00:00.000000+0000,663.1,13.850000000000001,41.73333333333334,9.9,49,,0.0
2024-05-31T11:00:00.000000+0000,662.7,13.916666666666666,37.03333333333333,10.0,49,,0.0
2024-05-31T12:00:00.000000+0000,662.4,13.800000000000002,37.949999999999996,9.6,60,,0.0
2024-05-31T13:00:00.000000+0000,662.0,13.366666666666665,39.666666666666664,9.1,58,,0.0
2024-05-31T14:00:00.000000+0000,662.1,12.950000000000001,45.699999999999996,6.5,39,,0.0
2024-05-31T15:00:00.000000+0000,662.3,11.483333333333334,49.68333333333334,5.7,49,,0.0
2024-05-31T16:00:00.000000+0000,662.5,8.4,55.36666666666667,4.1,92,,0.0
2024-05-31T17:00:00.000000+0000,662.6,7.133333333333333,56.63333333333333,4.1,117,,0.0
2024-05-31T18:00:00.000000+0000,662.9,6.699999999999999,57.150000000000006,3.5,113,,0.0
2024-05-31T19:00:00.000000+0000,662.9,5.949999999999999,62.31666666666667,3.9,121,,0.0
2024-05-31T20:00:00.000000+0000,662.9,6.050000000000001,61.86666666666667,4.2,118,,0.0
2024-05-31T21:00:00.000000+0000,662.7,6.416666666666667,62.01666666666667,6.0,109,,0.0
2024-05-31T22:00:00.000000+0000,662.6,7.066666666666666,59.0,6.8,104,,0.0
2024-05-31T23:00:00.000000+0000,662.1,7.166666666666667,55.93333333333334,8.7,102,,0.0
2024-06-01T00:00:00.000000+0000,661.8,7.050000000000001,54.51666666666666,8.4,108,,0.0
2024-06-01T01:00:00.000000+0000,661.7,7.166666666666667,53.71666666666667,9.3,108,,0.0
2024-06-01T02:00:00.000000+0000,661.9,7.1499999999999995,54.333333333333336,9.6,107,,0.0
2024-06-01T03:00:00.000000+0000,662.3,6.983333333333334,55.93333333333334,10.2,104,,0.0
2024-06-01T04:00:00.000000+0000,662.5,7.3,54.01666666666667,10.9,97,,0.0
2024-06-01T05:00:00.000000+0000,662.9,8.750000000000002,51.11666666666667,11.7,94,,0.0
2024-06-01T06:00:00.000000+0000,663.3,10.283333333333333,49.96666666666667,11.6,86,,0.0
2024-06-01T07:00:00.000000+0000,663.6,11.6,48.150000000000006,9.0,69,,0.0
2024-06-01T08:00:00.000000+0000,663.8,11.916666666666666,48.51666666666666,9.2,60,,0.0
2024-06-01T09:00:00.000000+0000,663.6,12.483333333333333,47.599999999999994,8.4,66,,0.0
2024-06-01T10:00:00.000000+0000,663.2,12.616666666666665,48.833333333333336,7.5,46,,0.0
2024-06-01T11:00:00.000000+0000,662.6,13.683333333333335,45.53333333333334,8.7,33,,0.0
2024-06-01T12:00:00.000000+0000,662.1,13.866666666666667,49.51666666666666,7.9,11,,0.0
2024-06-01T13:00:00.000000+0000,661.8,12.200000000000001,53.0,5.5,23,,0.0
2024-06-01T14:00:00.000000+0000,661.8,12.149999999999999,51.133333333333326,6.8,27,,0.0
2024-06-01T15:00:00.000000+0000,662.0,11.100000000000001,58.88333333333333,4.6,18,,0.0
2024-06-01T16:00:00.000000+0000,662.3,8.383333333333333,73.7,1.2,37,,0.0
2024-06-01T17:00:00.000000+0000,662.4,4.683333333333333,82.46666666666665,1.8,115,,0.0
2024-06-01T18:00:00.000000+0000,662.5,4.95,72.88333333333334,3.1,115,,0.0
2024-06-01T19:00:00.000000+0000,662.7,5.0,71.06666666666666,3.7,114,,0.0
2024-06-01T20:00:00.000000+0000,662.7,5.166666666666667,68.13333333333334,3.8,112,,0.0
2024-06-01T21:00:00.000000+0000,662.5,4.8,69.35,3.2,116,,0.0
2024-06-01T22:00:00.000000+0000,662.1,4.516666666666667,70.03333333333333,3.5,118,,0.0
2024-06-01T23:00:00.000000+0000,661.8,4.6499999999999995,67.16666666666667,4.7,117,,0.0
2024-06-02T00:00:00.000000+0000,661.5,5.683333333333333,52.88333333333333,5.9,107,,0.0
2024-06-02T01:00:00.000000+0000,661.3,6.366666666666667,50.70000000000001,7.2,102,,0.0
2024-06-02T02:00:00.000000+0000,661.6,7.1000000000000005,48.71666666666667,7.0,112,,0.0
2024-06-02T03:00:00.000000+0000,661.7,6.366666666666667,52.916666666666664,8.5,121,,0.0
2024-06-02T04:00:00.000000+0000,661.9,6.8500000000000005,52.416666666666664,9.2,124,,0.0
2024-06-02T05:00:00.000000+0000,662.4,9.283333333333333,37.21666666666667,9.5,113,,0.0
2024-06-02T06:00:00.000000+0000,663.0,11.316666666666668,32.61666666666667,8.7,89,,0.0
2024-06-02T07:00:00.000000+0000,663.3,12.566666666666668,32.983333333333334,9.4,83,,0.0
2024-06-02T08:00:00.000000+0000,663.4,12.783333333333331,33.48333333333333,7.9,80,,0.0
2024-06-02T09:00:00.000000+0000,663.2,13.100000000000001,48.96666666666666,6.0,30,,0.0
2024-06-02T10:00:00.000000+0000,662.9,10.933333333333332,75.71666666666667,3.6,352,,0.0
2024-06-02T11:00:00.000000+0000,662.6,9.4,89.14999999999999,2.4,34,,0.6
2024-06-02T12:00:00.000000+0000,662.1,8.883333333333333,92.19999999999999,3.0,18,,3.4
2024-06-02T13:00:00.000000+0000,661.8,9.5,81.31666666666666,4.3,6,,0.0
2024-06-02T14:00:00.000000+0000,661.7,10.966666666666667,65.60000000000001,5.2,17,,0.0
2024-06-02T15:00:00.000000+0000,661.9,9.383333333333333,87.08333333333333,3.5,39,,0.0
2024-06-02T16:00:00.000000+0000,662.0,7.599999999999999,68.26666666666667,4.4,112,,0.0
2024-06-02T17:00:00.000000+0000,662.1,6.433333333333334,63.6,5.6,119,,0.0
2024-06-02T18:00:00.000000+0000,662.1,6.583333333333333,62.46666666666667,6.7,123,,0.0
2024-06-02T19:00:00.000000+0000,662.3,6.550000000000001,63.16666666666666,6.1,117,,0.0
2024-06-02T20:00:00.000000+0000,662.5,6.0,67.89999999999999,4.0,110,,0.0
2024-06-02T21:00:00.000000+0000,662.3,5.683333333333333,70.93333333333334,3.1,123,,0.0
2024-06-02T22:00:00.000000+0000,662.0,5.316666666666666,67.93333333333332,3.1,120,,0.0
2024-06-02T23:00:00.000000+0000,661.6,5.633333333333333,58.65,2.6,113,,0.0
2024-06-03T00:00:00.000000+0000,661.3,5.633333333333334,56.71666666666667,3.2,117,,0.0
2024-06-03T01:00:00.000000+0000,661.3,5.6499999999999995,56.01666666666667,3.6,116,,0.0
2024-06-03T02:00:00.000000+0000,661.4,5.816666666666667,56.83333333333332,3.9,116,,0.0
2024-06-03T03:00:00.000000+0000,661.6,6.266666666666666,59.24999999999999,5.5,115,,0.0
2024-06-03T04:00:00.000000+0000,662.0,7.066666666666666,57.48333333333333,5.3,114,,0.0
2024-06-03T05:00:00.000000+0000,662.4,9.750000000000002,50.01666666666667,5.1,91,,0.0
2024-06-03T06:00:00.000000+0000,663.0,12.083333333333334,45.300000000000004,5.7,61,,0.0
2024-06-03T07:00:00.000000+0000,663.3,12.316666666666668,52.38333333333333,4.2,23,,0.0
2024-06-03T08:00:00.000000+0000,663.4,13.299999999999999,56.01666666666667,6.4,32,,0.0
2024-06-03T09:00:00.000000+0000,663.4,13.450000000000001,52.76666666666667,7.0,36,,0.0
2024-06-03T10:00:00.000000+0000,662.9,14.1,48.833333333333336,8.1,26,,0.0
2024-06-03T11:00:00.000000+0000,662.6,14.266666666666667,54.53333333333333,8.0,21,,0.0
2024-06-03T12:00:00.000000+0000,662.2,12.15,75.18333333333332,5.7,354,,0.0
2024-06-03T13:00:00.000000+0000,661.8,10.833333333333334,88.71666666666665,5.1,1,,0.0
2024-06-03T14:00:00.000000+0000,661.8,11.516666666666666,76.81666666666668,4.2,40,,0.0
2024-06-03T15:00:00.000000+0000,662.0,10.833333333333334,75.16666666666666,3.0,29,,0.0
2024-06-03T16:00:00.000000+0000,662.3,8.933333333333334,66.8,1.7,94,,0.0
2024-06-03T17:00:00.000000+0000,662.4,7.150000000000001,71.23333333333333,1.7,112,,0.0
2024-06-03T18:00:00.000000+0000,662.7,6.833333333333333,76.93333333333334,3.1,110,,0.0
2024-06-03T19:00:00.000000+0000,663.2,7.433333333333334,69.3,3.8,96,,0.0
2024-06-03T20:00:00.000000+0000,663.3,8.466666666666667,55.599999999999994,4.6,85,,0.0
2024-06-03T21:00:00.000000+0000,663.1,7.683333333333334,50.099999999999994,4.5,85,,0.0
2024-06-03T22:00:00.000000+0000,662.7,7.2,50.04999999999999,5.9,81,,0.0
2024-06-03T23:00:00.000000+0000,662.2,6.6499999999999995,53.400000000000006,5.0,99,,0.0
2024-06-04T00:00:00.000000+0000,661.9,6.5,55.85,5.0,89,,0.0
2024-06-04T01:00:00.000000+0000,661.7,7.316666666666666,53.88333333333333,7.6,71,,0.0
2024-06-04T02:00:00.000000+0000,661.6,7.283333333333332,55.050000000000004,7.9,80,,0.0
2024-06-04T03:00:00.000000+0000,661.8,7.433333333333334,58.26666666666667,10.2,82,,0.0
2024-06-04T04:00:00.000000+0000,662.0,6.983333333333334,67.18333333333334,9.8,88,,0.0
2024-06-04T05:00:00.000000+0000,662.7,8.266666666666666,66.9,7.9,80,,0.0
2024-06-04T06:00:00.000000+0000,663.3,9.883333333333333,62.666666666666664,9.6,63,,0.0
2024-06-04T07:00:00.000000+0000,663.4,11.416666666666666,56.083333333333336,10.9,59,,0.0
2024-06-04T08:00:00.000000+0000,663.5,12.216666666666667,56.26666666666667,10.4,59,,0.0
2024-06-04T09:00:00.000000+0000,663.5,12.666666666666666,57.716666666666676,8.9,47,,0.0
2024-06-04T10:00:00.000000+0000,662.9,13.0,59.083333333333336,9.8,54,,0.0
2024-06-04T11:00:00.000000+0000,662.4,13.200000000000001,55.416666666666664,10.8,52,,0.0
2024-06-04T12:00:00.000000+0000,661.9,12.866666666666667,56.6,8.2,56,,0.0
2024-06-04T13:00:00.000000+0000,661.4,13.0,56.4,8.5,54,,0.0
2024-06-04T14:00:00.000000+0000,661.2,12.333333333333334,57.48333333333333,7.8,61,,0.0
2024-06-04T15:00:00.000000+0000,661.2,11.049999999999999,60.03333333333333,6.9,68,,0.0
2024-06-04T16:00:00.000000+0000,661.2,8.216666666666667,63.43333333333333,7.8,110,,0.0
2024-06-04T17:00:00.000000+0000,661.5,7.383333333333333,62.166666666666664,8.9,116,,0.0
2024-06-04T18:00:00.000000+0000,661.9,7.5,57.93333333333333,10.5,107,,0.0
2024-06-04T19:00:00.000000+0000,662.0,7.783333333333334,54.5,9.3,106,,0.0
2024-06-04T20:00:00.000000+0000,662.3,7.366666666666667,55.883333333333326,7.6,95,,0.0
2024-06-04T21:00:00.000000+0000,662.3,7.066666666666666,57.06666666666666,7.2,92,,0.0
2024-06-04T22:00:00.000000+0000,662.1,7.216666666666666,54.633333333333326,7.0,93,,0.0
2024-06-04T23:00:00.000000+0000,661.7,7.3999999999999995,50.15,10.4,101,,0.0
2024-06-05T00:00:00.000000+0000,661.0,7.316666666666666,47.38333333333333,10.6,119,,0.0
2024-06-05T01:00:00.000000+0000,660.7,7.050000000000001,49.03333333333333,11.5,106,,0.0
2024-06-05T02:00:00.000000+0000,660.9,6.983333333333333,49.199999999999996,12.8,109,,0.0
2024-06-05T03:00:00.000000+0000,661.2,6.800000000000001,49.23333333333334,12.1,116,,0.0
2024-06-05T04:00:00.000000+0000,661.3,7.016666666666666,46.73333333333333,12.5,117,,0.0
2024-06-05T05:00:00.000000+0000,661.9,9.066666666666666,37.9,12.4,114,,0.0
2024-06-05T06:00:00.000000+0000,662.5,11.183333333333332,32.48333333333334,11.8,108,,0.0
2024-06-05T07:00:00.000000+0000,662.8,12.35,33.800000000000004,13.1,93,,0.0
2024-06-05T08:00:00.000000+0000,663.0,13.233333333333333,34.53333333333334,11.2,87,,0.0
2024-06-05T09:00:00.000000+0000,662.9,14.033333333333333,36.86666666666667,8.7,76,,0.0
2024-06-05T10:00:00.000000+0000,662.5,14.533333333333333,40.98333333333333,7.7,71,,0.0
2024-06-05T11:00:00.000000+0000,662.0,14.816666666666665,40.13333333333333,6.0,85,,0.0
2024-06-05T12:00:00.000000+0000,661.4,14.633333333333333,40.099999999999994,6.7,50,,0.0
2024-06-05T13:00:00.000000+0000,661.2,13.950000000000001,42.43333333333334,5.8,71,,0.0
2024-06-05T14:00:00.000000+0000,661.1,13.366666666666667,41.73333333333333,6.4,63,,0.0
2024-06-05T15:00:00.000000+0000,661.3,11.75,49.666666666666664,5.7,82,,0.0
2024-06-05T16:00:00.000000+0000,661.4,9.649999999999999,48.29999999999999,6.1,107,,0.0
2024-06-05T17:00:00.000000+0000,661.5,8.466666666666667,48.166666666666664,8.0,114,,0.0
2024-06-05T18:00:00.000000+0000,661.9,7.783333333333334,49.199999999999996,6.8,125,,0.0
2024-06-05T19:00:00.000000+0000,662.4,7.25,50.599999999999994,5.6,117,,0.0
2024-06-05T20:00:00.000000+0000,662.5,7.1000000000000005,49.333333333333336,5.2,110,,0.0
2024-06-05T21:00:00.000000+0000,662.2,6.8999999999999995,44.333333333333336,5.6,112,,0.0
2024-06-05T22:00:00.000000+0000,662.0,6.316666666666666,44.949999999999996,5.6,108,,0.0
2024-06-05T23:00:00.000000+0000,661.6,6.466666666666666,43.36666666666667,6.6,105,,0.0
2024-06-06T00:00:00.000000+0000,661.3,6.783333333333334,43.43333333333334,7.0,109,,0.0
2024-06-06T01:00:00.000000+0000,661.0,7.45,40.83333333333333,9.1,96,,0.0
2024-06-06T02:00:00.000000+0000,661.0,7.433333333333334,41.0,9.7,104,,0.0
2024-06-06T03:00:00.000000+0000,661.2,6.966666666666666,42.699999999999996,10.0,108,,0.0
2024-06-06T04:00:00.000000+0000,661.4,7.016666666666667,41.85,10.1,108,,0.0
2024-06-06T05:00:00.000000+0000,662.0,9.0,38.56666666666667,10.6,102,,0.0
2024-06-06T06:00:00.000000+0000,662.7,11.049999999999999,33.93333333333333,9.6,91,,0.0
2024-06-06T07:00:00.000000+0000,663.3,12.266666666666666,33.51666666666667,8.3,71,,0.0
2024-06-06T08:00:00.000000+0000,663.5,13.283333333333331,36.449999999999996,7.4,59,,0.0
2024-06-06T09:00:00.000000+0000,663.3,12.966666666666667,54.333333333333336,6.7,26,,0.0
2024-06-06T10:00:00.000000+0000,663.0,12.116666666666667,76.38333333333333,6.7,12,,0.0
2024-06-06T11:00:00.000000+0000,662.7,13.049999999999999,67.16666666666667,7.3,19,,0.0
2024-06-06T12:00:00.000000+0000,662.3,13.583333333333334,63.44999999999999,7.3,17,,0.0
2024-06-06T13:00:00.000000+0000,662.1,11.049999999999999,70.10000000000001,6.1,33,,0.0
2024-06-06T14:00:00.000000+0000,662.1,11.200000000000001,72.89999999999999,5.5,26,,0.0
2024-06-06T15:00:00.000000+0000,662.2,10.433333333333334,72.58333333333333,4.9,34,,0.0
2024-06-06T16:00:00.000000+0000,662.2,7.716666666666668,82.35000000000001,2.1,84,,0.0
2024-06-06T17:00:00.000000+0000,662.4,5.666666666666667,86.01666666666665,1.3,209,,0.0
2024-06-06T18:00:00.000000+0000,662.6,4.716666666666666,87.61666666666667,1.7,135,,0.0
2024-06-06T19:00:00.000000+0000,663.0,4.6,74.96666666666667,2.1,110,,0.0
2024-06-06T20:00:00.000000+0000,663.1,4.416666666666667,70.23333333333333,1.6,128,,0.0
2024-06-06T21:00:00.000000+0000,662.9,5.45,61.166666666666664,2.5,122,,0.0
2024-06-06T22:00:00.000000+0000,662.7,6.1499999999999995,60.26666666666667,2.2,101,,0.0
2024-06-06T23:00:00.000000+0000,662.3,5.983333333333333,62.5,3.1,104,,0.0
2024-06-07T00:00:00.000000+0000,662.0,5.533333333333334,63.28333333333333,3.2,103,,0.0
2024-06-07T01:00:00.000000+0000,661.7,5.3,60.38333333333333,4.7,108,,0.0
2024-06-07T02:00:00.000000+0000,661.9,4.783333333333332,58.68333333333333,3.6,115,,0.0
2024-06-07T03:00:00.000000+0000,662.2,4.316666666666666,62.63333333333333,4.7,112,,0.0
2024-06-07T04:00:00.000000+0000,662.4,5.133333333333334,59.13333333333333,5.8,111,,0.0
2024-06-07T05:00:00.000000+0000,662.9,8.05,49.6,5.8,85,,0.0
2024-06-07T06:00:00.000000+0000,663.5,10.183333333333332,44.75,6.7,59,,0.0
2024-06-07T07:00:00.000000+0000,663.8,12.049999999999999,39.48333333333334,7.6,52,,0.0
2024-06-07T08:00:00.000000+0000,663.8,12.666666666666664,41.93333333333333,7.2,35,,0.0
2024-06-07T09:00:00.000000+0000,663.7,13.25,52.199999999999996,7.3,13,,0.0
2024-06-07T10:00:00.000000+0000,663.4,13.699999999999998,50.73333333333334,5.9,16,,0.0
2024-06-07T11:00:00.000000+0000,663.0,12.85,60.66666666666668,6.7,24,,0.0
2024-06-07T12:00:00.000000+0000,662.6,10.950000000000001,70.1,5.6,7,,0.0
2024-06-07T13:00:00.000000+0000,662.4,9.383333333333333,88.26666666666665,5.2,30,,0.0
2024-06-07T14:00:00.000000+0000,662.4,10.05,76.51666666666667,3.8,16,,0.0
2024-06-07T15:00:00.000000+0000,662.6,8.766666666666667,91.56666666666666,2.1,39,,0.0
2024-06-07T16:00:00.000000+0000,662.9,8.116666666666667,92.23333333333333,1.7,79,,0.0
2024-06-07T17:00:00.000000+0000,663.0,6.916666666666667,74.86666666666667,2.6,124,,0.0
2024-06-07T18:00:00.000000+0000,663.4,4.9,79.53333333333335,2.4,124,,0.0
2024-06-07T19:00:00.000000+0000,663.6,6.1000000000000005,67.80000000000001,4.2,117,,0.0
2024-06-07T20:00:00.000000+0000,663.5,5.583333333333333,66.39999999999999,2.4,111,,0.0
2024-06-07T21:00:00.000000+0000,663.2,4.55,66.39999999999999,1.4,132,,0.0
2024-06-07T22:00:00.000000+0000,662.9,5.416666666666667,65.05,2.5,121,,0.0
2024-06-07T23:00:00.000000+0000,662.4,5.8500000000000005,65.41666666666667,2.6,101,,0.0
2024-06-08T00:00:00.000000+0000,662.2,5.249999999999999,64.6,3.7,114,,0.0
2024-06-08T01:00:00.000000+0000,661.9,5.883333333333333,56.833333333333336,6.2,104,,0.0
2024-06-08T02:00:00.000000+0000,661.9,5.900000000000001,59.45000000000001,5.8,106,,0.0
2024-06-08T03:00:00.000000+0000,662.0,6.199999999999999,58.96666666666667,7.0,103,,0.0
2024-06-08T04:00:00.000000+0000,662.1,6.566666666666666,56.68333333333333,6.8,93,,0.0
2024-06-08T05:00:00.000000+0000,662.6,8.566666666666668,50.35,8.2,96,,0.0
2024-06-08T06:00:00.000000+0000,663.0,10.950000000000001,45.56666666666666,6.3,75,,0.0
2024-06-08T07:00:00.000000+0000,663.2,12.4,42.46666666666666,5.9,49,,0.0
2024-06-08T08:00:00.000000+0000,663.3,12.633333333333335,48.18333333333334,6.6,37,,0.0
2024-06-08T09:00:00.000000+0000,663.1,12.133333333333333,69.2,4.9,11,,0.0
2024-06-08T10:00:00.000000+0000,662.8,11.916666666666666,71.71666666666665,5.3,3,,0.0
2024-06-08T11:00:00.000000+0000,662.3,10.683333333333332,81.49999999999999,5.7,7,,0.0
2024-06-08T12:00:00.000000+0000,661.7,10.166666666666666,82.51666666666667,7.6,17,,0.0
2024-06-08T13:00:00.000000+0000,661.2,11.683333333333332,71.63333333333334,6.9,19,,0.0
2024-06-08T14:00:00.000000+0000,661.2,12.133333333333333,70.75,7.1,14,,0.0
2024-06-08T15:00:00.000000+0000,661.3,9.233333333333334,94.96666666666668,3.2,20,,0.0
2024-06-08T16:00:00.000000+0000,661.3,8.216666666666665,94.23333333333333,3.0,76,,0.0
2024-06-08T17:00:00.000000+0000,661.6,5.866666666666667,92.31666666666666,2.6,90,,0.0
2024-06-08T18:00:00.000000+0000,661.9,5.566666666666666,95.43333333333334,2.1,104,,0.0
2024-06-08T19:00:00.000000+0000,662.3,5.8999999999999995,92.95,2.4,133,,0.0
2024-06-08T20:00:00.000000+0000,662.4,6.066666666666666,94.98333333333335,1.3,111,,0.0
2024-06-08T21:00:00.000000+0000,662.2,6.583333333333333,88.01666666666667,2.1,99,,0.0
2024-06-08T22:00:00.000000+0000,662.1,5.05,99.3,2.0,129,,0.0
2024-06-08T23:00:00.000000+0000,661.7,6.066666666666666,86.75000000000001,2.2,95,,0.0
2024-06-09T00:00:00.000000+0000,661.4,5.933333333333334,78.75,2.5,109,,0.0
2024-06-09T01:00:00.000000+0000,661.3,5.500000000000001,75.03333333333333,4.4,97,,0.0
2024-06-09T02:00:00.000000+0000,661.4,5.516666666666667,74.16666666666667,3.9,102,,0.0
2024-06-09T03:00:00.000000+0000,661.6,5.3500000000000005,74.46666666666665,4.6,106,,0.0
2024-06-09T04:00:00.000000+0000,662.0,5.233333333333333,74.36666666666666,4.4,113,,0.0
2024-06-09T05:00:00.000000+0000,662.6,7.916666666666667,68.33333333333333,3.8,79,,0.0
2024-06-09T06:00:00.000000+0000,663.0,9.766666666666667,61.75,6.4,49,,0.0
2024-06-09T07:00:00.000000+0000,663.3,10.766666666666666,58.15,7.4,53,,0.0
2024-06-09T08:00:00.000000+0000,663.3,11.4,60.166666666666664,7.8,36,,0.0
2024-06-09T09:00:00.000000+0000,663.2,11.883333333333333,58.96666666666667,7.5,33,,0.0
2024-06-09T10:00:00.000000+0000,662.8,12.1,65.96666666666668,7.4,30,,0.0
2024-06-09T11:00:00.000000+0000,662.4,12.1,62.93333333333333,7.8,21,,0.0
2024-06-09T12:00:00.000000+0000,661.8,11.233333333333334,68.91666666666667,6.7,33,,0.0
2024-06-09T13:00:00.000000+0000,661.5,10.166666666666668,75.48333333333333,5.4,34,,0.0
2024-06-09T14:00:00.000000+0000,661.3,11.266666666666667,63.68333333333333,5.9,21,,0.0
2024-06-09T15:00:00.000000+0000,661.7,9.799999999999999,74.66666666666667,4.6,26,,0.0
2024-06-09T16:00:00.000000+0000,661.8,7.649999999999999,84.55,3.0,69,,0.0
2024-06-09T17:00:00.000000+0000,662.0,6.95,91.53333333333335,1.8,78,,0.0
2024-06-09T18:00:00.000000+0000,662.2,6.216666666666666,91.93333333333332,2.4,88,,0.0
2024-06-09T19:00:00.000000+0000,662.4,6.683333333333334,93.05,0.9,63,,0.0
2024-06-09T20:00:00.000000+0000,662.4,6.3500000000000005,93.86666666666666,1.1,236,,0.0
2024-06-09T21:00:00.000000+0000,662.3,4.95,94.86666666666667,1.3,212,,0.0
2024-06-09T22:00:00.000000+0000,662.0,4.833333333333333,89.91666666666667,2.3,186,,0.0
2024-06-09T23:00:00.000000+0000,661.6,4.966666666666666,79.88333333333334,2.2,176,,0.0
2024-06-10T00:00:00.000000+0000,661.4,4.1,74.8,2.0,144,,0.0
2024-06-10T01:00:00.000000+0000,661.3,3.8833333333333333,67.41666666666667,3.5,105,,0.0
2024-06-10T02:00:00.000000+0000,661.2,4.583333333333333,50.083333333333336,6.7,103,,0.0
2024-06-10T03:00:00.000000+0000,661.5,5.1499999999999995,45.88333333333333,7.1,99,,0.0
2024-06-10T04:00:00.000000+0000,661.8,5.683333333333334,43.93333333333334,7.8,100,,0.0
2024-06-10T05:00:00.000000+0000,662.2,7.8,41.0,7.8,88,,0.0
2024-06-10T06:00:00.000000+0000,662.7,9.883333333333333,37.11666666666667,7.4,77,,0.0
2024-06-10T07:00:00.000000+0000,663.0,11.4,35.38333333333333,9.5,63,,0.0
2024-06-10T08:00:00.000000+0000,663.2,12.5,41.0,7.3,58,,0.0
2024-06-10T09:00:00.000000+0000,663.1,12.516666666666666,49.6,7.7,41,,0.0
2024-06-10T10:00:00.000000+0000,663.0,13.0,52.86666666666667,7.4,32,,0.0
2024-06-10T11:00:00.000000+0000,662.7,12.966666666666667,55.03333333333333,8.4,44,,0.0
2024-06-10T12:00:00.000000+0000,662.3,12.566666666666665,53.650000000000006,7.1,24,,0.0
2024-06-10T13:00:00.000000+0000,662.3,12.416666666666666,59.11666666666667,7.3,29,,0.0
2024-06-10T14:00:00.000000+0000,662.3,11.483333333333333,59.53333333333333,6.9,41,,0.0
2024-06-10T15:00:00.000000+0000,662.4,9.450000000000001,57.03333333333333,4.0,41,,0.0
2024-06-10T16:00:00.000000+0000,662.3,7.45,65.68333333333334,4.3,99,,0.0
2024-06-10T17:00:00.000000+0000,662.3,7.050000000000001,45.65,7.5,99,,0.0
2024-06-10T18:00:00.000000+0000,662.5,6.716666666666666,47.4,7.3,101,,0.0
2024-06-10T19:00:00.000000+0000,662.6,6.599999999999999,46.96666666666667,6.6,101,,0.0
2024-06-10T20:00:00.000000+0000,662.4,6.666666666666667,42.45,7.0,99,,0.0
2024-06-10T21:00:00.000000+0000,661.9,6.716666666666668,42.98333333333333,7.0,100,,0.0
2024-06-10T22:00:00.000000+0000,661.5,6.616666666666666,42.13333333333333,7.8,97,,0.0
2024-06-10T23:00:00.000000+0000,661.1,6.816666666666666,40.21666666666666,9.7,95,,0.0
2024-06-11T00:00:00.000000+0000,660.6,6.983333333333333,39.28333333333334,11.0,95,,0.0
2024-06-11T01:00:00.000000+0000,660.7,7.233333333333333,39.516666666666666,10.1,108,,0.0
2024-06-11T02:00:00.000000+0000,660.7,7.083333333333333,40.63333333333333,9.6,110,,0.0
2024-06-11T03:00:00.000000+0000,661.0,6.916666666666667,42.583333333333336,9.1,106,,0.0
2024-06-11T04:00:00.000000+0000,661.3,6.800000000000001,43.04999999999999,9.7,100,,0.0
2024-06-11T05:00:00.000000+0000,661.7,8.133333333333331,44.28333333333333,9.3,91,,0.0
2024-06-11T06:00:00.000000+0000,662.2,9.65,48.15,8.0,60,,0.0
2024-06-11T07:00:00.000000+0000,662.5,10.116666666666667,62.98333333333334,6.6,32,,0.0
2024-06-11T08:00:00.000000+0000,662.6,9.700000000000001,79.56666666666668,6.4,17,,0.0
2024-06-11T09:00:00.000000+0000,662.4,11.283333333333331,67.3,8.0,22,,0.0
2024-06-11T10:00:00.000000+0000,662.3,10.383333333333335,72.75,6.6,32,,0.0
2024-06-11T11:00:00.000000+0000,662.1,10.433333333333334,73.61666666666667,6.4,38,,0.0
2024-06-11T12:00:00.000000+0000,661.8,9.933333333333332,78.21666666666665,6.9,31,,0.0
2024-06-11T13:00:00.000000+0000,661.8,9.033333333333333,87.25,4.7,7,,0.0
2024-06-11T14:00:00.000000+0000,661.9,8.733333333333334,82.98333333333333,4.5,37,,0.0
2024-06-11T15:00:00.000000+0000,662.0,7.1000000000000005,95.58333333333333,2.5,85,,0.0
2024-06-11T16:00:00.000000+0000,662.0,5.466666666666668,83.76666666666667,3.2,107,,0.0
2024-06-11T17:00:00.000000+0000,662.0,5.183333333333334,76.8,4.0,107,,0.0
2024-06-11T18:00:00.000000+0000,662.1,4.999999999999999,79.31666666666666,4.6,117,,0.0
2024-06-11T19:00:00.000000+0000,662.5,4.683333333333334,84.85000000000001,4.1,118,,0.0
2024-06-11T20:00:00.000000+0000,662.4,4.583333333333333,83.93333333333332,4.8,110,,0.0
2024-06-11T21:00:00.000000+0000,662.2,5.166666666666667,79.43333333333334,5.1,103,,0.0
2024-06-11T22:00:00.000000+0000,661.9,5.283333333333333,86.68333333333334,5.7,105,,0.0
2024-06-11T23:00:00.000000+0000,661.7,5.6000000000000005,90.28333333333332,6.2,93,,0.0
2024-06-12T00:00:00.000000+0000,661.5,5.483333333333334,91.36666666666666,6.6,83,,0.0
2024-06-12T01:00:00.000000+0000,661.5,5.55,92.21666666666668,7.2,79,,0.0
2024-06-12T02:00:00.000000+0000,661.5,5.383333333333333,88.13333333333334,8.3,103,,0.0
2024-06-12T03:00:00.000000+0000,661.9,5.583333333333333,87.01666666666667,8.4,105,,0.0
2024-06-12T04:00:00.000000+0000,662.1,5.433333333333334,84.38333333333333,9.6,108,,0.0
2024-06-12T05:00:00.000000+0000,662.4,6.366666666666667,77.4,8.8,101,,0.0
2024-06-12T06:00:00.000000+0000,662.6,7.866666666666666,71.60000000000001,9.1,79,,0.0
2024-06-12T07:00:00.000000+0000,663.0,8.283333333333333,66.01666666666667,9.0,65,,0.0
2024-06-12T08:00:00.000000+0000,663.1,8.85,64.75,8.4,53,,0.0
2024-06-12T09:00:00.000000+0000,663.0,9.866666666666665,57.45000000000001,10.0,59,,0.0
2024-06-12T10:00:00.000000+0000,662.6,10.016666666666667,58.06666666666666,9.2,32,,0.0
2024-06-12T11:00:00.000000+0000,662.2,9.566666666666665,62.15,10.2,34,,0.0
2024-06-12T12:00:00.000000+0000,661.9,9.233333333333334,69.71666666666667,7.3,24,,0.0
2024-06-12T13:00:00.000000+0000,661.9,8.483333333333333,80.48333333333333,6.4,19,,0.0
2024-06-12T14:00:00.000000+0000,661.9,8.333333333333334,88.64999999999999,4.7,27,,0.0
2024-06-12T15:00:00.000000+0000,662.0,8.983333333333333,75.23333333333333,6.1,50,,0.0
2024-06-12T16:00:00.000000+0000,662.2,6.883333333333334,72.7,4.6,109,,0.0
2024-06-12T17:00:00.000000+0000,662.4,5.75,72.88333333333334,6.2,122,,0.0
2024-06-12T18:00:00.000000+0000,662.6,5.483333333333333,71.78333333333333,6.5,117,,0.0
2024-06-12T19:00:00.000000+0000,662.6,5.550000000000001,66.81666666666668,6.4,117,,0.0
2024-06-12T20:00:00.000000+0000,662.7,5.433333333333333,69.0,7.5,108,,0.0
2024-06-12T21:00:00.000000+0000,662.5,5.383333333333333,67.94999999999999,8.4,110,,0.0
2024-06-12T22:00:00.000000+0000,662.1,5.3,65.53333333333335,8.9,113,,0.0
2024-06-12T23:00:00.000000+0000,661.7,5.683333333333334,62.51666666666667,10.2,109,,0.0
2024-06-13T00:00:00.000000+0000,661.5,5.449999999999999,62.85,10.0,112,,0.0
2024-06-13T01:00:00.000000+0000,661.4,5.3500000000000005,63.71666666666666,9.5,109,,0.0
2024-06-13T02:00:00.000000+0000,661.4,4.883333333333333,66.31666666666666,9.0,122,,0.0
2024-06-13T03:00:00.000000+0000,661.5,4.933333333333334,64.3,9.9,132,,0.0
2024-06-13T04:00:00.000000+0000,661.5,4.483333333333333,65.06666666666666,11.4,140,,0.0
2024-06-13T05:00:00.000000+0000,662.1,6.349999999999999,55.4,8.0,138,,0.0
2024-06-13T06:00:00.000000+0000,662.8,8.649999999999999,47.96666666666667,5.6,136,,0.0
2024-06-13T07:00:00.000000+0000,663.2,10.833333333333334,43.81666666666667,4.2,63,,0.0
2024-06-13T08:00:00.000000+0000,663.3,11.433333333333332,52.43333333333334,3.4,66,,0.0
2024-06-13T09:00:00.000000+0000,663.3,11.883333333333333,52.916666666666664,4.1,335,,0.0
2024-06-13T10:00:00.000000+0000,662.9,11.033333333333333,72.81666666666666,3.9,326,,0.0
2024-06-13T11:00:00.000000+0000,662.6,9.1,95.83333333333333,4.4,308,,0.0
2024-06-13T12:00:00.000000+0000,662.3,9.75,87.81666666666668,4.1,325,,0.0
2024-06-13T13:00:00.000000+0000,661.8,8.616666666666665,77.05,4.3,41,,0.0
2024-06-13T14:00:00.000000+0000,661.7,9.116666666666667,48.03333333333333,6.4,65,,0.0
2024-06-13T15:00:00.000000+0000,661.8,8.966666666666667,44.61666666666667,3.8,60,,0.0
2024-06-13T16:00:00.000000+0000,661.8,6.033333333333332,61.26666666666666,2.9,119,,0.0
2024-06-13T17:00:00.000000+0000,662.0,4.816666666666666,53.88333333333333,3.9,122,,0.0
2024-06-13T18:00:00.000000+0000,662.0,4.583333333333333,56.51666666666666,4.1,118,,0.0
2024-06-13T19:00:00.000000+0000,662.1,4.083333333333333,61.300000000000004,3.9,114,,0.0
2024-06-13T20:00:00.000000+0000,662.1,3.6999999999999997,63.01666666666666,3.9,116,,0.0
2024-06-13T21:00:00.000000+0000,662.0,3.65,60.63333333333333,4.4,119,,0.0
2024-06-13T22:00:00.000000+0000,661.8,3.4499999999999997,59.699999999999996,4.7,121,,0.0
2024-06-13T23:00:00.000000+0000,661.3,4.033333333333333,59.333333333333336,5.4,127,,0.0
2024-06-14T00:00:00.000000+0000,661.1,3.983333333333333,56.449999999999996,6.0,132,,0.0
2024-06-14T01:00:00.000000+0000,660.9,3.7999999999999994,54.949999999999996,5.6,135,,0.0
2024-06-14T02:00:00.000000+0000,661.0,3.4499999999999993,53.300000000000004,4.6,132,,0.0
2024-06-14T03:00:00.000000+0000,661.2,3.6166666666666667,53.06666666666666,6.1,131,,0.0
2024-06-14T04:00:00.000000+0000,661.4,3.733333333333333,53.11666666666667,6.1,130,,0.0
2024-06-14T05:00:00.000000+0000,662.0,7.233333333333334,43.46666666666666,4.5,112,,0.0
2024-06-14T06:00:00.000000+0000,662.4,9.566666666666668,34.63333333333333,3.2,54,,0.0
2024-06-14T07:00:00.000000+0000,662.7,10.716666666666667,40.18333333333333,4.4,351,,0.0
2024-06-14T08:00:00.000000+0000,662.8,10.55,60.65,5.3,1,,0.0
2024-06-14T09:00:00.000000+0000,662.6,9.133333333333333,78.43333333333332,4.2,328,,0.0
2024-06-14T10:00:00.000000+0000,662.3,8.85,85.64999999999999,3.7,293,,0.0
2024-06-14T11:00:00.000000+0000,661.9,10.250000000000002,82.51666666666667,5.4,332,,0.0
2024-06-14T12:00:00.000000+0000,661.5,9.116666666666667,82.65,4.1,345,,0.0
2024-06-14T13:00:00.000000+0000,661.1,9.35,84.56666666666666,5.5,343,,0.0
2024-06-14T14:00:00.000000+0000,660.9,8.733333333333334,89.21666666666668,4.4,360,,0.0
2024-06-14T15:00:00.000000+0000,661.0,7.833333333333333,94.61666666666667,4.2,359,,0.0
2024-06-14T16:00:00.000000+0000,661.3,6.8500000000000005,99.11666666666666,2.8,304,,0.0
2024-06-14T17:00:00.000000+0000,661.4,4.766666666666667,96.16666666666667,2.6,240,,0.0
2024-06-14T18:00:00.000000+0000,661.6,4.566666666666667,85.96666666666665,3.4,226,,0.0
2024-06-14T19:00:00.000000+0000,661.6,4.416666666666667,83.73333333333333,3.4,227,,0.0
2024-06-14T20:00:00.000000+0000,661.3,4.666666666666667,88.48333333333333,3.6,223,,0.0
2024-06-14T21:00:00.000000+0000,661.1,4.783333333333333,85.01666666666667,3.6,221,,0.0
2024-06-14T22:00:00.000000+0000,660.8,4.1499999999999995,73.06666666666666,3.2,199,,0.0
2024-06-14T23:00:00.000000+0000,660.2,3.8166666666666664,69.81666666666668,2.9,200,,0.0
2024-06-15T00:00:00.000000+0000,660.0,4.233333333333333,66.61666666666666,2.0,193,,0.0
2024-06-15T01:00:00.000000+0000,659.7,3.766666666666666,69.66666666666667,1.5,176,,0.0
2024-06-15T02:00:00.000000+0000,659.8,2.8333333333333335,73.68333333333334,1.3,149,,0.0
2024-06-15T03:00:00.000000+0000,659.9,1.9500000000000002,76.33333333333333,2.5,122,,0.0
2024-06-15T04:00:00.000000+0000,660.3,2.25,74.73333333333333,2.7,115,,0.0
2024-06-15T05:00:00.000000+0000,660.6,5.883333333333334,68.25,1.9,85,,0.0
2024-06-15T06:00:00.000000+0000,661.0,7.6499999999999995,71.36666666666666,2.6,7,,0.0
2024-06-15T07:00:00.000000+0000,661.2,8.733333333333334,67.76666666666667,5.8,8,,0.0
2024-06-15T08:00:00.000000+0000,661.0,9.333333333333334,69.11666666666666,5.1,2,,0.0
2024-06-15T09:00:00.000000+0000,661.0,9.316666666666665,71.10000000000001,4.9,332,,0.0
2024-06-15T10:00:00.000000+0000,660.7,8.383333333333333,87.19999999999999,4.2,324,,0.0
2024-06-15T11:00:00.000000+0000,660.2,9.616666666666667,76.45,4.8,320,,0.0
2024-06-15T12:00:00.000000+0000,659.7,7.7,97.13333333333333,4.6,329,,0.0
2024-06-15T13:00:00.000000+0000,659.6,7.1499999999999995,99.26666666666667,4.8,356,,0.0
2024-06-15T14:00:00.000000+0000,659.6,7.216666666666668,99.26666666666667,3.1,334,,0.0
2024-06-15T15:00:00.000000+0000,659.7,7.416666666666667,96.96666666666665,3.5,326,,0.0
2024-06-15T16:00:00.000000+0000,659.9,6.650000000000001,95.39999999999999,3.6,256,,0.0
2024-06-15T17:00:00.000000+0000,660.0,5.016666666666667,86.24999999999999,2.8,216,,0.0
2024-06-15T18:00:00.000000+0000,660.0,5.316666666666667,64.66666666666666,4.5,212,,0.0
2024-06-15T19:00:00.000000+0000,660.5,5.033333333333334,70.33333333333333,1.7,240,,0.0
2024-06-15T20:00:00.000000+0000,660.7,3.9166666666666665,78.66666666666667,3.4,224,,0.0
2024-06-15T21:00:00.000000+0000,660.5,4.733333333333333,83.91666666666667,4.2,220,,0.0
2024-06-15T22:00:00.000000+0000,660.2,4.866666666666666,80.36666666666667,4.1,229,,0.0
2024-06-15T23:00:00.000000+0000,659.8,5.000000000000001,76.23333333333333,5.4,214,,0.0
2024-06-16T00:00:00.000000+0000,659.4,4.55,75.78333333333335,4.5,219,,0.0
2024-06-16T01:00:00.000000+0000,659.4,4.516666666666667,79.65,3.5,229,,0.0
2024-06-16T02:00:00.000000+0000,659.5,4.266666666666667,87.11666666666667,2.5,243,,0.0
2024-06-16T03:00:00.000000+0000,660.0,4.283333333333334,81.71666666666667,1.0,219,,0.0
2024-06-16T04:00:00.000000+0000,660.3,4.2,77.99999999999999,1.2,186,,0.0
2024-06-16T05:00:00.000000+0000,660.7,6.183333333333334,79.7,1.9,234,,0.0
2024-06-16T06:00:00.000000+0000,661.1,7.833333333333333,82.31666666666666,1.8,258,,0.0
2024-06-16T07:00:00.000000+0000,661.3,9.083333333333334,86.61666666666666,3.1,291,,0.0
2024-06-16T08:00:00.000000+0000,661.2,9.4,89.08333333333333,4.1,296,,0.0
2024-06-16T09:00:00.000000+0000,661.2,8.25,96.06666666666666,4.1,314,,0.0
2024-06-16T10:00:00.000000+0000,661.0,7.849999999999999,99.3,4.0,307,,0.0
2024-06-16T11:00:00.000000+0000,660.6,8.25,99.3,4.1,299,,0.0
2024-06-16T12:00:00.000000+0000,660.2,8.5,98.89999999999999,4.4,281,,0.0
2024-06-16T13:00:00.000000+0000,659.7,9.1,99.28333333333332,5.0,272,,0.0
2024-06-16T14:00:00.000000+0000,659.7,8.583333333333334,98.96666666666665,4.8,266,,0.0
2024-06-16T15:00:00.000000+0000,659.9,7.983333333333334,99.28333333333335,5.7,267,,0.0
2024-06-16T16:00:00.000000+0000,660.3,6.916666666666667,99.3,3.6,272,,0.0
2024-06-16T17:00:00.000000+0000,660.6,6.0,99.3,4.3,264,,0.0
2024-06-16T18:00:00.000000+0000,660.9,5.333333333333333,99.3,2.4,243,,0.0
2024-06-16T19:00:00.000000+0000,661.1,4.366666666666667,99.3,1.4,204,,0.0
2024-06-16T20:00:00.000000+0000,661.2,3.233333333333334,99.28333333333335,2.3,229,,0.0
2024-06-16T21:00:00.000000+0000,661.1,3.3000000000000003,94.26666666666667,3.0,225,,0.0
2024-06-16T22:00:00.000000+0000,660.9,3.733333333333333,71.36666666666667,2.9,225,,0.0
2024-06-16T23:00:00.000000+0000,660.4,4.566666666666666,39.35,2.8,215,,0.0
2024-06-17T00:00:00.000000+0000,660.0,3.616666666666666,47.26666666666667,3.7,171,,0.0
2024-06-17T01:00:00.000000+0000,659.8,5.0,29.28333333333333,2.8,182,,0.0
2024-06-17T02:00:00.000000+0000,660.1,4.266666666666667,21.71666666666667,6.0,178,,0.0
2024-06-17T03:00:00.000000+0000,660.7,4.483333333333333,27.983333333333334,4.3,145,,0.0
2024-06-17T04:00:00.000000+0000,661.1,4.3500000000000005,34.983333333333334,4.0,181,,0.0
2024-06-17T05:00:00.000000+0000,661.5,7.266666666666667,32.333333333333336,2.9,203,,0.0
2024-06-17T06:00:00.000000+0000,662.3,8.2,50.583333333333336,2.3,267,,0.0
2024-06-17T07:00:00.000000+0000,662.6,9.333333333333334,64.53333333333333,4.7,333,,0.0
2024-06-17T08:00:00.000000+0000,662.9,10.483333333333333,61.666666666666664,5.8,336,,0.0
2024-06-17T09:00:00.000000+0000,662.7,9.9,73.93333333333334,4.2,329,,0.0
2024-06-17T10:00:00.000000+0000,662.4,9.583333333333334,85.58333333333333,5.0,343,,0.0
2024-06-17T11:00:00.000000+0000,662.2,8.783333333333333,94.03333333333335,3.9,325,,0.0
2024-06-17T12:00:00.000000+0000,661.6,9.9,91.06666666666666,6.3,358,,0.0
2024-06-17T13:00:00.000000+0000,661.2,9.600000000000001,90.68333333333334,5.3,358,,0.0
2024-06-17T14:00:00.000000+0000,661.1,8.583333333333334,98.86666666666666,4.5,343,,0.0
2024-06-17T15:00:00.000000+0000,661.2,8.166666666666666,99.25,2.7,302,,0.0
2024-06-17T16:00:00.000000+0000,661.6,6.900000000000001,99.28333333333335,1.6,221,,0.0
2024-06-17T17:00:00.000000+0000,661.8,4.8,97.34999999999998,1.6,228,,0.0
2024-06-17T18:00:00.000000+0000,662.0,4.2,96.18333333333334,1.2,221,,0.0
2024-06-17T19:00:00.000000+0000,662.2,3.8666666666666667,94.73333333333333,1.8,213,,0.0
2024-06-17T20:00:00.000000+0000,662.0,2.683333333333333,75.98333333333333,2.2,189,,0.0
2024-06-17T21:00:00.000000+0000,661.8,4.316666666666666,37.01666666666667,1.7,128,,0.0
2024-06-17T22:00:00.000000+0000,661.5,4.3500000000000005,41.6,2.7,119,,0.0
2024-06-17T23:00:00.000000+0000,661.0,5.416666666666667,46.03333333333334,5.8,120,,0.0
2024-06-18T00:00:00.000000+0000,660.4,6.433333333333334,48.81666666666667,8.6,126,,0.0
2024-06-18T01:00:00.000000+0000,660.2,6.6000000000000005,51.70000000000001,8.4,128,,0.0
2024-06-18T02:00:00.000000+0000,660.2,7.066666666666666,50.56666666666666,8.4,120,,0.0
2024-06-18T03:00:00.000000+0000,660.6,7.216666666666666,50.08333333333332,7.6,122,,0.0
2024-06-18T04:00:00.000000+0000,661.0,6.766666666666666,49.73333333333333,8.2,122,,0.0
2024-06-18T05:00:00.000000+0000,661.5,9.316666666666666,40.36666666666667,8.2,112,,0.0
2024-06-18T06:00:00.000000+0000,662.1,11.466666666666667,38.65,7.8,78,,0.0
2024-06-18T07:00:00.000000+0000,662.7,11.033333333333331,57.24999999999999,5.9,52,,0.0
2024-06-18T08:00:00.000000+0000,662.9,10.4,83.76666666666667,4.1,334,,0.0
2024-06-18T09:00:00.000000+0000,662.7,10.049999999999999,90.2,4.3,345,,0.0
2024-06-18T10:00:00.000000+0000,662.4,8.383333333333335,96.89999999999999,4.0,323,,0.0
2024-06-18T11:00:00.000000+0000,662.2,8.866666666666667,95.76666666666667,5.4,352,,0.0
2024-06-18T12:00:00.000000+0000,661.8,9.649999999999999,90.58333333333331,6.0,345,,0.0
2024-06-18T13:00:00.000000+0000,661.3,9.383333333333335,93.5,5.2,6,,0.0
2024-06-18T14:00:00.000000+0000,661.1,8.466666666666667,99.25,4.9,18,,0.0
2024-06-18T15:00:00.000000+0000,661.3,7.3999999999999995,99.25,1.3,31,,0.0
2024-06-18T16:00:00.000000+0000,661.3,6.25,98.58333333333333,1.3,204,,0.0
2024-06-18T17:00:00.000000+0000,661.5,4.583333333333333,98.76666666666667,2.1,204,,0.0
2024-06-18T18:00:00.000000+0000,661.6,4.1000000000000005,86.43333333333334,1.7,165,,0.0
2024-06-18T19:00:00.000000+0000,661.9,4.266666666666667,64.76666666666667,3.5,126,,0.0
2024-06-18T20:00:00.000000+0000,661.9,5.316666666666666,60.33333333333332,4.0,135,,0.0
2024-06-18T21:00:00.000000+0000,661.9,5.3999999999999995,59.0,5.5,134,,0.0
2024-06-18T22:00:00.000000+0000,661.6,5.366666666666667,56.86666666666667,6.0,130,,0.0
2024-06-18T23:00:00.000000+0000,661.0,5.400000000000001,51.23333333333334,6.7,133,,0.0
2024-06-19T00:00:00.000000+0000,660.5,5.983333333333334,47.550000000000004,7.9,125,,0.0
2024-06-19T01:00:00.000000+0000,660.2,5.7,53.56666666666667,8.1,129,,0.0
2024-06-19T02:00:00.000000+0000,660.2,5.916666666666668,53.9,7.2,132,,0.0
2024-06-19T03:00:00.000000+0000,660.6,5.266666666666667,59.58333333333332,6.2,124,,0.0
2024-06-19T04:00:00.000000+0000,660.9,4.416666666666667,58.76666666666667,4.5,121,,0.0
2024-06-19T05:00:00.000000+0000,661.3,7.7,46.68333333333333,3.3,102,,0.0
2024-06-19T06:00:00.000000+0000,662.0,8.983333333333334,54.23333333333333,2.5,23,,0.0
2024-06-19T07:00:00.000000+0000,662.3,9.666666666666668,68.61666666666667,3.1,346,,0.0
2024-06-19T08:00:00.000000+0000,662.6,9.066666666666666,84.85,3.3,337,,0.0
2024-06-19T09:00:00.000000+0000,662.5,7.566666666666666,99.25,3.5,306,,0.0
2024-06-19T10:00:00.000000+0000,662.2,7.583333333333333,99.28333333333335,4.0,3,,0.0
2024-06-19T11:00:00.000000+0000,661.7,7.866666666666666,98.23333333333335,3.1,349,,0.0
2024-06-19T12:00:00.000000+0000,661.3,7.8999999999999995,97.33333333333333,2.6,347,,0.0
2024-06-19T13:00:00.000000+0000,660.9,7.133333333333334,99.28333333333335,2.4,33,,0.5
2024-06-19T14:00:00.000000+0000,660.9,8.133333333333333,96.91666666666667,2.8,328,,0.0
2024-06-19T15:00:00.000000+0000,661.1,7.166666666666667,99.28333333333335,1.9,289,,0.0
2024-06-19T16:00:00.000000+0000,661.3,7.133333333333333,99.3,1.0,346,,0.0
2024-06-19T17:00:00.000000+0000,661.7,6.400000000000001,98.21666666666665,1.8,306,,2.9
2024-06-19T18:00:00.000000+0000,661.9,6.0,82.56666666666666,4.7,132,,0.9
2024-06-19T19:00:00.000000+0000,662.4,5.566666666666666,86.56666666666666,1.8,231,,0.0
2024-06-19T20:00:00.000000+0000,662.4,5.083333333333333,86.53333333333332,2.7,155,,0.0
2024-06-19T21:00:00.000000+0000,662.3,5.3500000000000005,88.86666666666666,4.9,136,,0.0
2024-06-19T22:00:00.000000+0000,662.0,6.066666666666666,75.28333333333332,1.8,120,,0.0
2024-06-19T23:00:00.000000+0000,661.7,4.916666666666667,72.93333333333332,1.7,163,,0.0
2024-06-20T00:00:00.000000+0000,661.2,5.083333333333333,62.699999999999996,5.6,137,,0.0
2024-06-20T01:00:00.000000+0000,661.0,5.583333333333333,61.75,4.5,143,,0.0
2024-06-20T02:00:00.000000+0000,661.0,5.45,59.65,2.5,117,,0.0
2024-06-20T03:00:00.000000+0000,661.4,4.433333333333333,59.866666666666674,3.8,105,,0.0
2024-06-20T04:00:00.000000+0000,661.8,4.683333333333334,58.699999999999996,2.5,107,,0.0
2024-06-20T05:00:00.000000+0000,662.1,8.983333333333333,43.449999999999996,4.4,121,,0.0
2024-06-20T06:00:00.000000+0000,662.8,9.9,64.86666666666666,1.7,11,,0.0
2024-06-20T07:00:00.000000+0000,663.1,9.266666666666666,86.48333333333335,2.6,322,,0.0
2024-06-20T08:00:00.000000+0000,663.3,10.299999999999999,88.7,3.2,339,,0.0
2024-06-20T09:00:00.000000+0000,663.1,8.85,98.68333333333334,5.5,348,,0.0
2024-06-20T10:00:00.000000+0000,662.7,9.549999999999999,93.89999999999999,4.9,4,,0.0
2024-06-20T11:00:00.000000+0000,662.4,8.533333333333331,95.09999999999998,3.2,343,,0.0
2024-06-20T12:00:00.000000+0000,661.9,8.049999999999999,96.56666666666666,3.2,321,,0.0
2024-06-20T13:00:00.000000+0000,661.5,8.983333333333334,96.33333333333333,3.8,346,,0.0
2024-06-20T14:00:00.000000+0000,661.3,8.033333333333333,99.28333333333335,5.1,12,,0.0
2024-06-20T15:00:00.000000+0000,661.4,7.8,99.28333333333335,3.8,11,,0.0
2024-06-20T16:00:00.000000+0000,661.7,6.766666666666668,99.28333333333335,1.8,51,,0.0
2024-06-20T17:00:00.000000+0000,661.8,4.216666666666667,96.76666666666667,3.5,131,,0.0
2024-06-20T18:00:00.000000+0000,662.0,4.1499999999999995,72.8,4.6,158,,0.0
2024-06-20T19:00:00.000000+0000,662.3,4.616666666666667,63.199999999999996,6.2,148,,0.0
2024-06-20T20:00:00.000000+0000,662.4,5.116666666666666,61.900000000000006,7.9,144,,0.0
2024-06-20T21:00:00.000000+0000,662.2,5.3500000000000005,61.71666666666667,9.1,149,,0.0
2024-06-20T22:00:00.000000+0000,662.1,5.716666666666666,61.1,7.3,167,,0.0
2024-06-20T23:00:00.000000+0000,661.6,6.333333333333333,59.050000000000004,1.7,238,,0.0
2024-06-21T00:00:00.000000+0000,661.1,4.466666666666666,64.25,2.6,173,,0.0
2024-06-21T01:00:00.000000+0000,660.9,4.066666666666666,61.083333333333336,2.5,132,,0.0
2024-06-21T02:00:00.000000+0000,661.1,4.716666666666667,57.949999999999996,1.0,198,,0.0
2024-06-21T03:00:00.000000+0000,661.2,4.083333333333333,61.21666666666666,3.6,136,,0.0
2024-06-21T04:00:00.000000+0000,661.4,5.75,55.03333333333333,6.2,140,,0.0
2024-06-21T05:00:00.000000+0000,661.8,8.833333333333332,49.11666666666667,3.6,111,,0.0
2024-06-21T06:00:00.000000+0000,662.2,11.333333333333334,38.35,6.3,103,,0.0
2024-06-21T07:00:00.000000+0000,662.8,9.05,84.66666666666667,2.9,335,,0.0
2024-06-21T08:00:00.000000+0000,662.8,9.766666666666667,88.41666666666667,3.1,312,,0.0
2024-06-21T09:00:00.000000+0000,662.6,10.416666666666666,88.55,3.2,348,,0.0
2024-06-21T10:00:00.000000+0000,662.5,8.6,99.28333333333335,2.8,317,,0.0
2024-06-21T11:00:00.000000+0000,662.2,9.5,97.14999999999999,4.5,11,,0.0
2024-06-21T12:00:00.000000+0000,661.7,10.549999999999999,86.71666666666665,5.0,11,,0.0
2024-06-21T13:00:00.000000+0000,661.3,10.983333333333333,83.93333333333334,5.8,10,,0.0
2024-06-21T14:00:00.000000+0000,661.3,9.766666666666667,92.98333333333333,5.3,27,,0.0
2024-06-21T15:00:00.000000+0000,661.3,8.200000000000001,96.63333333333333,3.0,31,,0.0
2024-06-21T16:00:00.000000+0000,661.2,7.133333333333333,96.86666666666667,2.0,45,,0.0
2024-06-21T17:00:00.000000+0000,661.1,5.033333333333334,95.95,1.1,146,,0.0
2024-06-21T18:00:00.000000+0000,661.3,4.316666666666666,62.03333333333333,3.4,125,,0.0
2024-06-21T19:00:00.000000+0000,661.5,4.800000000000001,44.23333333333333,2.2,106,,0.0
2024-06-21T20:00:00.000000+0000,661.4,5.216666666666666,41.68333333333333,5.5,125,,0.0
2024-06-21T21:00:00.000000+0000,661.2,6.3500000000000005,39.51666666666666,6.8,133,,0.0
2024-06-21T22:00:00.000000+0000,661.1,5.716666666666666,42.36666666666667,3.4,132,,0.0
2024-06-21T23:00:00.000000+0000,660.6,6.166666666666665,37.43333333333334,4.0,129,,0.0
2024-06-22T00:00:00.000000+0000,660.1,6.533333333333334,34.36666666666667,7.0,130,,0.0
2024-06-22T01:00:00.000000+0000,659.8,6.266666666666667,36.48333333333333,6.1,134,,0.0
2024-06-22T02:00:00.000000+0000,659.9,6.166666666666665,37.03333333333333,6.3,136,,0.0
2024-06-22T03:00:00.000000+0000,660.3,4.8999999999999995,52.98333333333333,2.5,124,,0.0
2024-06-22T04:00:00.000000+0000,660.7,4.433333333333334,64.55,2.5,135,,0.0
2024-06-22T05:00:00.000000+0000,661.3,5.666666666666667,82.48333333333333,0.7,236,,0.0
2024-06-22T06:00:00.000000+0000,661.9,7.3,80.75,2.3,340,,0.0
2024-06-22T07:00:00.000000+0000,662.3,9.100000000000001,78.38333333333334,3.3,2,,0.0
2024-06-22T08:00:00.000000+0000,662.5,7.683333333333334,97.13333333333333,2.6,323,,0.0
2024-06-22T09:00:00.000000+0000,662.3,7.483333333333333,98.98333333333333,2.5,345,,0.0
2024-06-22T10:00:00.000000+0000,662.0,8.116666666666667,97.28333333333335,3.7,342,,0.0
2024-06-22T11:00:00.000000+0000,661.7,9.133333333333333,90.96666666666665,4.0,344,,0.0
2024-06-22T12:00:00.000000+0000,661.5,9.116666666666665,91.13333333333334,4.8,347,,0.0
2024-06-22T13:00:00.000000+0000,661.2,8.166666666666666,96.60000000000001,4.3,6,,0.0
2024-06-22T14:00:00.000000+0000,661.0,7.633333333333333,99.3,3.3,353,,0.0
2024-06-22T15:00:00.000000+0000,661.1,7.466666666666668,99.3,1.9,19,,0.0
2024-06-22T16:00:00.000000+0000,661.0,6.116666666666666,98.88333333333334,1.3,158,,0.0
2024-06-22T17:00:00.000000+0000,661.0,3.6333333333333333,70.91666666666666,3.0,123,,0.0
2024-06-22T18:00:00.000000+0000,661.3,4.033333333333334,56.68333333333334,4.0,127,,0.0
2024-06-22T19:00:00.000000+0000,661.5,4.316666666666667,54.68333333333334,4.2,130,,0.0
2024-06-22T20:00:00.000000+0000,661.6,4.016666666666667,55.61666666666667,3.8,135,,0.0
2024-06-22T21:00:00.000000+0000,661.3,4.283333333333332,51.5,5.9,136,,0.0
2024-06-22T22:00:00.000000+0000,661.2,4.433333333333334,58.81666666666667,3.8,167,,0.0
2024-06-22T23:00:00.000000+0000,660.7,4.233333333333333,58.699999999999996,6.4,144,,0.0
2024-06-23T00:00:00.000000+0000,660.4,4.633333333333333,60.366666666666674,4.2,167,,0.0
2024-06-23T01:00:00.000000+0000,660.3,4.666666666666667,64.61666666666667,1.8,227,,0.0
2024-06-23T02:00:00.000000+0000,660.3,3.2166666666666672,62.533333333333324,2.5,140,,0.0
2024-06-23T03:00:00.000000+0000,660.5,4.0,59.666666666666664,2.8,141,,0.0
2024-06-23T04:00:00.000000+0000,660.8,3.516666666666666,77.95,1.5,222,,0.0
2024-06-23T05:00:00.000000+0000,661.2,5.083333333333333,95.78333333333335,2.1,225,,0.0
2024-06-23T06:00:00.000000+0000,661.6,6.266666666666667,91.63333333333333,1.3,274,,0.0
2024-06-23T07:00:00.000000+0000,662.0,7.8,92.7,2.1,319,,0.0
2024-06-23T08:00:00.000000+0000,662.2,7.7,97.81666666666668,2.6,325,,0.0
2024-06-23T09:00:00.000000+0000,662.1,9.016666666666666,96.01666666666665,3.3,360,,0.0
2024-06-23T10:00:00.000000+0000,661.9,9.133333333333333,95.90000000000002,5.0,4,,0.0
2024-06-23T11:00:00.000000+0000,661.5,9.45,91.53333333333332,6.1,2,,0.0
2024-06-23T12:00:00.000000+0000,661.2,9.450000000000001,90.46666666666668,6.5,357,,0.0
2024-06-23T13:00:00.000000+0000,660.9,9.049999999999999,92.75,5.0,11,,0.0
2024-06-23T14:00:00.000000+0000,660.9,9.016666666666666,92.03333333333335,4.4,1,,0.0
2024-06-23T15:00:00.000000+0000,661.1,7.6000000000000005,97.05,1.6,16,,0.0
2024-06-23T16:00:00.000000+0000,661.1,6.499999999999999,99.13333333333333,1.2,34,,0.0
2024-06-23T17:00:00.000000+0000,661.0,4.916666666666667,88.41666666666667,2.1,152,,0.0
2024-06-23T18:00:00.000000+0000,661.4,5.033333333333332,85.61666666666667,2.9,203,,0.0
2024-06-23T19:00:00.000000+0000,661.9,4.65,99.26666666666667,2.3,242,,0.0
2024-06-23T20:00:00.000000+0000,661.9,3.766666666666667,97.35000000000001,2.1,209,,0.0
2024-06-23T21:00:00.000000+0000,661.7,3.866666666666667,95.89999999999999,2.2,231,,0.0
2024-06-23T22:00:00.000000+0000,661.1,3.266666666666666,74.88333333333333,4.4,130,,0.0
2024-06-23T23:00:00.000000+0000,660.9,3.5833333333333335,68.75,5.4,140,,0.0
2024-06-24T00:00:00.000000+0000,660.6,4.216666666666667,63.583333333333336,6.1,151,,0.0
2024-06-24T01:00:00.000000+0000,660.5,4.766666666666667,60.25,6.0,160,,0.0
2024-06-24T02:00:00.000000+0000,660.4,4.716666666666667,58.95000000000001,6.6,146,,0.0
2024-06-24T03:00:00.000000+0000,660.5,5.383333333333334,53.449999999999996,7.1,138,,0.0
2024-06-24T04:00:00.000000+0000,661.0,4.516666666666667,68.88333333333333,2.5,128,,0.0
2024-06-24T05:00:00.000000+0000,661.4,7.233333333333333,51.15,4.6,132,,0.0
2024-06-24T06:00:00.000000+0000,662.0,9.25,57.61666666666667,3.2,37,,0.0
2024-06-24T07:00:00.000000+0000,662.4,7.866666666666666,87.60000000000001,2.5,304,,0.0
2024-06-24T08:00:00.000000+0000,662.6,7.916666666666667,98.06666666666666,2.7,306,,0.0
2024-06-24T09:00:00.000000+0000,662.3,8.4,98.46666666666665,3.3,320,,0.0
2024-06-24T10:00:00.000000+0000,662.1,8.566666666666665,97.8,2.3,336,,0.0
2024-06-24T11:00:00.000000+0000,661.8,7.983333333333333,99.26666666666667,3.7,353,,0.0
2024-06-24T12:00:00.000000+0000,661.3,8.133333333333335,91.16666666666667,4.9,320,,0.0
2024-06-24T13:00:00.000000+0000,660.9,10.166666666666666,70.65,3.0,51,,0.1
2024-06-24T14:00:00.000000+0000,660.7,8.05,78.68333333333334,2.4,268,,0.0
2024-06-24T15:00:00.000000+0000,660.7,7.566666666666667,85.41666666666667,1.9,236,,0.0
2024-06-24T16:00:00.000000+0000,660.8,6.883333333333333,93.41666666666667,2.7,254,,0.0
2024-06-24T17:00:00.000000+0000,660.8,5.066666666666667,69.38333333333334,3.6,219,,0.0
2024-06-24T18:00:00.000000+0000,661.1,4.75,77.68333333333334,3.3,224,,0.0
2024-06-24T19:00:00.000000+0000,661.4,4.383333333333334,80.61666666666666,4.0,223,,0.0
2024-06-24T20:00:00.000000+0000,661.3,4.266666666666667,63.91666666666668,1.7,239,,0.0
2024-06-24T21:00:00.000000+0000,660.9,3.516666666666667,64.03333333333333,2.4,243,,0.0
2024-06-24T22:00:00.000000+0000,660.6,4.416666666666666,46.116666666666674,4.0,229,,0.0
2024-06-24T23:00:00.000000+0000,660.5,4.083333333333333,52.633333333333326,4.8,216,,0.0
2024-06-25T00:00:00.000000+0000,660.1,3.8666666666666667,56.65,3.0,230,,0.0
2024-06-25T01:00:00.000000+0000,659.9,2.2,76.05,2.6,203,,0.0
2024-06-25T02:00:00.000000+0000,660.0,2.466666666666667,85.96666666666665,1.9,220,,0.0
2024-06-25T03:00:00.000000+0000,660.3,2.35,76.33333333333333,2.1,202,,0.0
2024-06-25T04:00:00.000000+0000,660.6,2.4166666666666665,67.28333333333333,1.8,218,,0.0
2024-06-25T05:00:00.000000+0000,660.9,5.083333333333333,65.85000000000001,1.4,211,,0.0
2024-06-25T06:00:00.000000+0000,661.3,7.733333333333334,74.66666666666667,1.8,344,,0.0
2024-06-25T07:00:00.000000+0000,661.6,8.566666666666666,73.95,2.9,300,,0.0
2024-06-25T08:00:00.000000+0000,661.8,9.4,76.4,3.8,316,,0.0
2024-06-25T09:00:00.000000+0000,661.7,8.450000000000001,95.36666666666667,4.0,325,,0.0
2024-06-25T10:00:00.000000+0000,661.4,8.75,86.03333333333335,4.2,341,,0.0
2024-06-25T11:00:00.000000+0000,661.1,8.416666666666666,90.76666666666667,4.0,350,,0.0
2024-06-25T12:00:00.000000+0000,660.9,8.35,97.11666666666667,4.0,320,,0.0
2024-06-25T13:00:00.000000+0000,660.6,8.033333333333333,98.86666666666667,4.2,331,,0.0
2024-06-25T14:00:00.000000+0000,660.3,7.916666666666667,99.28333333333335,3.5,320,,0.0
2024-06-25T15:00:00.000000+0000,660.4,7.533333333333332,99.28333333333335,2.3,304,,0.0
2024-06-25T16:00:00.000000+0000,660.6,6.866666666666667,99.3,2.4,283,,0.0
2024-06-25T17:00:00.000000+0000,660.4,5.0,74.49999999999999,5.0,217,,0.0
2024-06-25T18:00:00.000000+0000,660.7,4.683333333333334,70.31666666666666,3.1,238,,0.0
2024-06-25T19:00:00.000000+0000,660.9,4.216666666666666,68.64999999999999,4.4,234,,0.0
2024-06-25T20:00:00.000000+0000,660.6,4.3,70.9,5.0,227,,0.0
2024-06-25T21:00:00.000000+0000,660.4,4.0,89.35000000000001,4.6,239,,0.0
2024-06-25T22:00:00.000000+0000,659.9,4.466666666666668,89.16666666666667,4.4,225,,0.0
2024-06-25T23:00:00.000000+0000,659.5,4.6499999999999995,89.89999999999999,4.8,252,,0.0
2024-06-26T00:00:00.000000+0000,659.3,3.9166666666666665,91.53333333333335,4.5,237,,0.0
2024-06-26T01:00:00.000000+0000,659.3,4.316666666666666,98.68333333333334,3.3,232,,0.0
2024-06-26T02:00:00.000000+0000,659.3,3.6333333333333333,99.28333333333335,2.4,235,,0.0
2024-06-26T03:00:00.000000+0000,659.8,3.966666666666667,99.3,2.6,199,,0.0
2024-06-26T04:00:00.000000+0000,660.3,4.533333333333334,99.1,2.8,189,,0.0
2024-06-26T05:00:00.000000+0000,660.8,6.05,87.26666666666667,2.1,209,,0.0
2024-06-26T06:00:00.000000+0000,661.3,7.25,86.90000000000002,1.8,263,,0.0
2024-06-26T07:00:00.000000+0000,661.6,8.266666666666667,81.91666666666666,2.4,315,,0.0
2024-06-26T08:00:00.000000+0000,661.6,8.866666666666667,85.01666666666668,4.0,319,,0.0
2024-06-26T09:00:00.000000+0000,661.5,7.716666666666668,96.63333333333333,4.3,336,,0.0
2024-06-26T10:00:00.000000+0000,661.3,8.066666666666666,94.7,3.3,319,,0.0
2024-06-26T11:00:00.000000+0000,661.0,8.683333333333334,95.86666666666666,4.1,331,,0.0
2024-06-26T12:00:00.000000+0000,660.8,8.1,98.5,3.5,347,,0.0
2024-06-26T13:00:00.000000+0000,660.7,8.216666666666667,98.85000000000001,3.6,324,,0.0
2024-06-26T14:00:00.000000+0000,660.6,7.616666666666667,99.2,2.4,307,,0.0
2024-06-26T15:00:00.000000+0000,660.7,6.983333333333333,99.3,1.6,243,,1.8
2024-06-26T16:00:00.000000+0000,660.8,7.300000000000001,99.23333333333333,1.2,198,,0.0
2024-06-26T17:00:00.000000+0000,660.9,5.616666666666666,96.39999999999999,2.5,208,,0.0
2024-06-26T18:00:00.000000+0000,661.2,5.3500000000000005,75.81666666666666,1.8,227,,0.0
2024-06-26T19:00:00.000000+0000,661.3,4.016666666666667,85.25,2.3,185,,0.0
2024-06-26T20:00:00.000000+0000,661.2,3.8000000000000003,82.55000000000001,3.1,188,,0.0
2024-06-26T21:00:00.000000+0000,660.9,3.9000000000000004,80.53333333333332,2.8,211,,0.0
2024-06-26T22:00:00.000000+0000,660.6,4.083333333333333,80.81666666666666,2.8,233,,0.0
2024-06-26T23:00:00.000000+0000,660.2,4.433333333333333,78.46666666666665,2.4,231,,0.0
2024-06-27T00:00:00.000000+0000,660.0,4.4,78.7,2.4,211,,0.0
2024-06-27T01:00:00.000000+0000,660.0,4.05,83.3,1.5,194,,0.0
2024-06-27T02:00:00.000000+0000,660.1,2.6333333333333333,90.95,4.7,125,,0.0
2024-06-27T03:00:00.000000+0000,660.4,3.0833333333333335,90.8,5.2,119,,0.0
2024-06-27T04:00:00.000000+0000,660.8,3.233333333333334,93.73333333333333,4.9,120,,0.0
2024-06-27T05:00:00.000000+0000,661.1,5.083333333333333,92.01666666666665,4.4,112,,0.0
2024-06-27T06:00:00.000000+0000,661.6,7.983333333333332,77.60000000000001,3.4,77,,0.0
2024-06-27T07:00:00.000000+0000,661.9,8.266666666666666,82.98333333333333,2.4,345,,0.0
2024-06-27T08:00:00.000000+0000,662.0,7.216666666666666,99.28333333333335,2.2,303,,0.0
2024-06-27T09:00:00.000000+0000,661.9,8.333333333333334,99.01666666666665,2.9,326,,0.0
2024-06-27T10:00:00.000000+0000,661.7,7.683333333333334,99.3,3.6,347,,0.0
2024-06-27T11:00:00.000000+0000,661.4,7.466666666666666,99.28333333333335,4.1,359,,0.0
2024-06-27T12:00:00.000000+0000,661.2,7.5,99.26666666666667,2.8,10,,0.0
2024-06-27T13:00:00.000000+0000,660.9,7.6000000000000005,99.26666666666667,2.5,355,,0.0
2024-06-27T14:00:00.000000+0000,660.9,6.8,99.3,2.4,8,,0.0
2024-06-27T15:00:00.000000+0000,661.1,6.416666666666667,99.3,2.3,8,,0.0
2024-06-27T16:00:00.000000+0000,661.1,5.55,99.3,1.9,74,,0.0
2024-06-27T17:00:00.000000+0000,661.2,4.016666666666667,93.46666666666665,1.2,158,,0.0
2024-06-27T18:00:00.000000+0000,661.3,4.116666666666667,87.55,0.8,188,,0.0
2024-06-27T19:00:00.000000+0000,661.4,4.433333333333334,83.45,1.2,211,,0.0
2024-06-27T20:00:00.000000+0000,661.4,3.783333333333333,77.89999999999999,1.0,164,,0.0
2024-06-27T21:00:00.000000+0000,661.2,3.766666666666667,68.83333333333333,0.9,196,,0.0
2024-06-27T22:00:00.000000+0000,661.0,3.3833333333333333,61.949999999999996,1.5,180,,0.0
2024-06-27T23:00:00.000000+0000,660.8,4.6000000000000005,53.666666666666664,1.6,210,,0.0
2024-06-28T00:00:00.000000+0000,660.7,3.9499999999999997,54.300000000000004,1.6,203,,0.0
2024-06-28T01:00:00.000000+0000,660.5,3.216666666666667,53.949999999999996,1.6,188,,0.0
2024-06-28T02:00:00.000000+0000,660.6,3.6999999999999993,59.08333333333332,1.1,207,,0.0
2024-06-28T03:00:00.000000+0000,660.8,2.1833333333333336,65.11666666666667,1.2,138,,0.0
2024-06-28T04:00:00.000000+0000,661.0,3.483333333333333,64.5,0.5,360,,0.0
2024-06-28T05:00:00.000000+0000,661.2,5.866666666666667,62.06666666666666,1.1,18,,0.0
2024-06-28T06:00:00.000000+0000,661.7,6.816666666666666,79.45,2.6,17,,0.0
2024-06-28T07:00:00.000000+0000,662.1,6.800000000000001,93.68333333333334,2.1,323,,0.0
2024-06-28T08:00:00.000000+0000,662.1,6.95,97.18333333333334,2.4,302,,0.0
2024-06-28T09:00:00.000000+0000,661.9,6.6499999999999995,99.3,2.5,307,,0.0
2024-06-28T10:00:00.000000+0000,661.7,7.3500000000000005,98.05,2.9,325,,0.0
2024-06-28T11:00:00.000000+0000,661.3,7.849999999999999,96.0,4.6,325,,0.0
2024-06-28T12:00:00.000000+0000,660.9,8.183333333333332,94.73333333333333,5.3,341,,0.0
2024-06-28T13:00:00.000000+0000,660.6,7.75,99.11666666666667,3.1,327,,0.0
2024-06-28T14:00:00.000000+0000,660.4,6.8500000000000005,99.3,3.3,4,,0.0
2024-06-28T15:00:00.000000+0000,660.4,6.433333333333333,99.3,1.8,360,,0.0
2024-06-28T16:00:00.000000+0000,660.4,6.283333333333334,99.3,1.5,343,,0.2
2024-06-28T17:00:00.000000+0000,660.6,5.95,99.36666666666666,2.4,302,,0.2
2024-06-28T18:00:00.000000+0000,660.8,4.216666666666667,99.3,2.3,211,,0.0
2024-06-28T19:00:00.000000+0000,661.0,3.6666666666666665,92.73333333333333,3.9,198,,0.0
2024-06-28T20:00:00.000000+0000,661.1,3.883333333333333,81.96666666666665,3.7,216,,0.0
2024-06-28T21:00:00.000000+0000,660.9,3.65,82.83333333333333,3.7,203,,0.0
2024-06-28T22:00:00.000000+0000,660.7,3.9499999999999997,84.21666666666667,3.5,202,,0.0
2024-06-28T23:00:00.000000+0000,660.5,3.9166666666666665,82.95,4.1,194,,0.0
2024-06-29T00:00:00.000000+0000,660.3,4.05,81.5,4.1,181,,0.0
2024-06-29T01:00:00.000000+0000,660.0,2.716666666666667,71.03333333333333,4.1,150,,0.0
2024-06-29T02:00:00.000000+0000,660.1,2.6333333333333333,60.11666666666667,5.7,140,,0.0
2024-06-29T03:00:00.000000+0000,660.4,2.2666666666666666,51.74999999999999,5.1,137,,0.0
2024-06-29T04:00:00.000000+0000,660.8,2.4333333333333336,50.35,5.6,140,,0.0
2024-06-29T05:00:00.000000+0000,661.1,6.066666666666666,38.333333333333336,4.5,146,,0.0
2024-06-29T06:00:00.000000+0000,661.7,9.366666666666665,30.983333333333334,2.7,202,,0.0
2024-06-29T07:00:00.000000+0000,662.0,10.1,37.916666666666664,2.8,294,,0.0
2024-06-29T08:00:00.000000+0000,662.2,10.033333333333333,70.53333333333333,4.0,317,,0.0
2024-06-29T09:00:00.000000+0000,662.0,9.516666666666667,89.89999999999999,3.5,301,,0.0
2024-06-29T10:00:00.000000+0000,661.7,8.65,96.64999999999999,3.1,309,,0.0
2024-06-29T11:00:00.000000+0000,661.3,7.516666666666667,99.28333333333335,3.9,287,,0.0
2024-06-29T12:00:00.000000+0000,660.8,6.899999999999999,99.3,3.4,270,,0.1
2024-06-29T13:00:00.000000+0000,660.5,6.883333333333334,99.34999999999998,3.2,266,,0.6
2024-06-29T14:00:00.000000+0000,660.4,7.216666666666668,99.31666666666666,3.6,268,,0.0
2024-06-29T15:00:00.000000+0000,660.4,7.283333333333332,99.31666666666666,2.3,257,,0.0
2024-06-29T16:00:00.000000+0000,660.5,6.3999999999999995,99.3,2.5,231,,0.0
2024-06-29T17:00:00.000000+0000,660.6,4.75,99.3,1.7,220,,0.0
2024-06-29T18:00:00.000000+0000,660.8,4.133333333333334,95.10000000000001,1.2,234,,0.0
2024-06-29T19:00:00.000000+0000,660.9,3.533333333333333,82.03333333333335,1.1,216,,0.0
2024-06-29T20:00:00.000000+0000,660.9,4.016666666666667,58.71666666666666,2.2,240,,0.0
2024-06-29T21:00:00.000000+0000,660.9,4.199999999999999,48.51666666666667,3.4,244,,0.0
2024-06-29T22:00:00.000000+0000,660.6,3.3499999999999996,52.23333333333334,1.0,220,,0.0
2024-06-29T23:00:00.000000+0000,660.4,4.249999999999999,54.45000000000001,1.6,238,,0.0
2024-06-30T00:00:00.000000+0000,660.2,3.4666666666666663,55.166666666666664,1.5,203,,0.0
2024-06-30T01:00:00.000000+0000,660.1,2.233333333333333,55.666666666666664,2.2,167,,0.0
2024-06-30T02:00:00.000000+0000,660.2,4.1000000000000005,54.76666666666666,1.6,214,,0.0
2024-06-30T03:00:00.000000+0000,660.6,5.033333333333334,55.96666666666667,2.3,211,,0.0
2024-06-30T04:00:00.000000+0000,660.9,4.999999999999999,54.449999999999996,1.4,204,,0.0
2024-06-30T05:00:00.000000+0000,661.3,6.316666666666666,48.5,2.5,177,,0.0
2024-06-30T06:00:00.000000+0000,661.8,9.583333333333334,45.45000000000001,3.0,98,,0.0
2024-06-30T07:00:00.000000+0000,662.3,9.1,62.416666666666664,2.9,288,,0.0
2024-06-30T08:00:00.000000+0000,662.4,8.866666666666667,84.33333333333334,2.8,315,,0.0
2024-06-30T09:00:00.000000+0000,662.3,8.966666666666667,93.89999999999999,3.3,335,,0.0
2024-06-30T10:00:00.000000+0000,662.0,8.366666666666667,99.21666666666665,4.0,354,,0.0
2024-06-30T11:00:00.000000+0000,661.7,7.616666666666668,99.28333333333335,2.6,340,,0.0
2024-06-30T12:00:00.000000+0000,661.4,7.566666666666667,99.3,3.0,4,,0.0
2024-06-30T13:00:00.000000+0000,661.0,7.333333333333333,99.3,2.2,351,,0.0
2024-06-30T14:00:00.000000+0000,661.0,8.583333333333334,96.10000000000001,2.2,321,,0.0
2024-06-30T15:00:00.000000+0000,661.1,8.1,99.13333333333334,2.5,301,,0.0
2024-06-30T16:00:00.000000+0000,661.3,6.75,99.25,2.3,227,,0.0
2024-06-30T17:00:00.000000+0000,661.4,4.833333333333333,90.58333333333333,2.1,231,,0.0
2024-06-30T18:00:00.000000+0000,661.7,4.35,85.73333333333335,3.2,194,,0.0
2024-06-30T19:00:00.000000+0000,662.0,4.3999999999999995,78.8,1.2,144,,0.0
2024-06-30T20:00:00.000000+0000,661.9,3.4,80.03333333333335,1.3,127,,0.0
2024-06-30T21:00:00.000000+0000,661.8,3.5833333333333335,76.36666666666666,1.0,139,,0.0
2024-06-30T22:00:00.000000+0000,661.5,3.4166666666666665,74.21666666666665,3.8,139,,0.0
2024-06-30T23:00:00.000000+0000,661.2,3.9500000000000006,66.68333333333332,2.3,172,,0.0
2024-07-01T00:00:00.000000+0000,660.9,4.133333333333334,56.75,1.5,167,,0.0
2024-07-01T01:00:00.000000+0000,660.7,4.0,47.43333333333334,8.5,152,,0.0
2024-07-01T02:00:00.000000+0000,660.8,5.0,54.56666666666666,6.7,140,,0.0
2024-07-01T03:00:00.000000+0000,661.1,5.1000000000000005,61.833333333333336,6.9,146,,0.0
2024-07-01T04:00:00.000000+0000,661.7,4.683333333333334,60.28333333333334,5.8,166,,0.0
2024-07-01T05:00:00.000000+0000,662.2,8.1,51.01666666666667,2.6,135,,0.0
2024-07-01T06:00:00.000000+0000,662.8,9.866666666666665,51.800000000000004,2.3,23,,0.0
2024-07-01T07:00:00.000000+0000,663.2,9.333333333333334,63.583333333333336,3.1,333,,0.0
2024-07-01T08:00:00.000000+0000,663.4,8.716666666666667,78.8,3.1,304,,0.0
2024-07-01T09:00:00.000000+0000,663.2,7.2,98.61666666666667,2.6,317,,0.0
2024-07-01T10:00:00.000000+0000,663.0,6.8,99.31666666666666,3.2,312,,0.0
2024-07-01T11:00:00.000000+0000,662.6,6.716666666666668,99.36666666666667,3.2,274,,0.0
2024-07-01T12:00:00.000000+0000,662.1,7.949999999999999,97.46666666666668,3.4,301,,0.0
2024-07-01T13:00:00.000000+0000,661.8,6.916666666666667,99.3,2.2,351,,0.1
2024-07-01T14:00:00.000000+0000,661.6,6.516666666666667,99.3,2.8,296,,0.0
2024-07-01T15:00:00.000000+0000,661.6,7.95,92.05,2.1,267,,0.0
2024-07-01T16:00:00.000000+0000,661.7,7.216666666666666,98.0,2.3,288,,0.0
2024-07-01T17:00:00.000000+0000,661.6,4.933333333333334,91.91666666666667,2.7,225,,0.0
2024-07-01T18:00:00.000000+0000,662.0,4.7,78.23333333333333,3.2,230,,0.0
2024-07-01T19:00:00.000000+0000,662.0,5.283333333333333,65.0,2.4,215,,0.0
2024-07-01T20:00:00.000000+0000,662.1,4.6499999999999995,69.85000000000001,1.9,173,,0.0
2024-07-01T21:00:00.000000+0000,662.0,3.966666666666667,72.13333333333334,3.5,120,,0.0
2024-07-01T22:00:00.000000+0000,661.8,4.2,70.93333333333332,4.8,133,,0.0
2024-07-01T23:00:00.000000+0000,661.5,4.466666666666666,69.08333333333333,6.1,135,,0.0
2024-07-02T00:00:00.000000+0000,661.3,4.083333333333333,70.46666666666667,4.9,134,,0.0
2024-07-02T01:00:00.000000+0000,661.3,3.15,74.73333333333333,2.5,125,,0.0
2024-07-02T02:00:00.000000+0000,661.2,3.633333333333333,70.85000000000001,0.7,180,,0.0
2024-07-02T03:00:00.000000+0000,661.4,2.8666666666666667,74.93333333333332,2.2,119,,0.0
2024-07-02T04:00:00.000000+0000,661.8,2.583333333333333,76.38333333333334,2.8,120,,0.0
2024-07-02T05:00:00.000000+0000,662.3,6.2,64.81666666666668,2.9,112,,0.0
2024-07-02T06:00:00.000000+0000,662.8,8.016666666666667,66.55000000000001,2.0,308,,0.0
2024-07-02T07:00:00.000000+0000,663.2,7.716666666666668,80.8,2.3,311,,0.0
2024-07-02T08:00:00.000000+0000,663.1,8.350000000000001,86.96666666666668,3.4,317,,0.0
2024-07-02T09:00:00.000000+0000,662.8,7.866666666666667,94.14999999999999,2.7,328,,0.0
2024-07-02T10:00:00.000000+0000,662.4,8.283333333333333,92.46666666666668,4.0,311,,0.0
2024-07-02T11:00:00.000000+0000,662.1,8.916666666666666,88.15000000000002,4.8,333,,0.0
2024-07-02T12:00:00.000000+0000,661.7,8.166666666666666,96.10000000000001,4.0,317,,0.0
2024-07-02T13:00:00.000000+0000,661.2,8.299999999999999,97.66666666666667,4.0,328,,0.0
2024-07-02T14:00:00.000000+0000,661.0,7.800000000000001,99.3,3.6,314,,0.0
2024-07-02T15:00:00.000000+0000,661.0,7.6000000000000005,99.3,2.4,309,,0.0
2024-07-02T16:00:00.000000+0000,661.0,7.083333333333333,99.3,2.2,270,,0.0
2024-07-02T17:00:00.000000+0000,661.0,5.616666666666667,99.26666666666667,2.6,220,,0.0
2024-07-02T18:00:00.000000+0000,661.3,4.8500000000000005,93.10000000000001,3.5,223,,0.0
2024-07-02T19:00:00.000000+0000,661.6,5.216666666666667,80.25,3.5,240,,0.0
2024-07-02T20:00:00.000000+0000,661.7,4.933333333333334,72.83333333333333,3.3,210,,0.0
2024-07-02T21:00:00.000000+0000,661.7,5.1,72.25,2.8,242,,0.0
2024-07-02T22:00:00.000000+0000,661.4,4.183333333333333,83.08333333333333,2.7,233,,0.0
2024-07-02T23:00:00.000000+0000,661.0,3.9666666666666663,78.51666666666667,2.6,220,,0.0
2024-07-03T00:00:00.000000+0000,660.7,3.816666666666667,93.51666666666665,2.3,223,,0.0
2024-07-03T01:00:00.000000+0000,660.5,3.733333333333333,99.14999999999999,1.7,220,,0.0
2024-07-03T02:00:00.000000+0000,660.5,3.65,99.3,2.0,225,,0.0
2024-07-03T03:00:00.000000+0000,660.9,3.1999999999999997,99.3,1.5,184,,0.0
2024-07-03T04:00:00.000000+0000,661.1,2.533333333333333,95.43333333333334,1.5,162,,0.0
2024-07-03T05:00:00.000000+0000,661.5,6.766666666666667,62.56666666666666,2.8,102,,0.0
2024-07-03T06:00:00.000000+0000,662.0,7.516666666666667,90.18333333333334,2.2,12,,0.0
2024-07-03T07:00:00.000000+0000,662.5,8.533333333333333,84.16666666666667,2.9,12,,0.0
2024-07-03T08:00:00.000000+0000,662.7,8.700000000000001,86.64999999999999,3.5,335,,0.0
2024-07-03T09:00:00.000000+0000,662.7,10.016666666666666,77.2,5.2,4,,0.0
2024-07-03T10:00:00.000000+0000,662.3,9.483333333333333,89.48333333333333,4.6,334,,0.0
2024-07-03T11:00:00.000000+0000,661.8,9.633333333333333,86.88333333333333,4.6,340,,0.0
2024-07-03T12:00:00.000000+0000,661.4,9.483333333333334,90.18333333333334,5.6,335,,0.0
2024-07-03T13:00:00.000000+0000,660.9,8.433333333333332,97.95,6.9,319,,0.0
2024-07-03T14:00:00.000000+0000,660.8,7.783333333333334,99.26666666666667,5.6,345,,1.9
2024-07-03T15:00:00.000000+0000,660.9,7.466666666666668,99.3,2.5,325,,0.6
2024-07-03T16:00:00.000000+0000,661.2,7.316666666666667,99.3,3.4,293,,0.0
2024-07-03T17:00:00.000000+0000,661.2,5.916666666666668,99.26666666666667,2.9,225,,0.0
2024-07-03T18:00:00.000000+0000,661.6,5.166666666666667,99.13333333333333,2.5,218,,0.0
2024-07-03T19:00:00.000000+0000,661.8,4.883333333333334,98.05,3.1,207,,0.0
2024-07-03T20:00:00.000000+0000,662.0,4.383333333333333,92.08333333333333,3.3,207,,0.0
2024-07-03T21:00:00.000000+0000,661.7,5.116666666666666,85.0,3.3,213,,0.0
2024-07-03T22:00:00.000000+0000,661.5,4.733333333333333,89.60000000000001,4.2,198,,0.0
2024-07-03T23:00:00.000000+0000,661.3,4.966666666666666,78.16666666666667,2.8,195,,0.0
2024-07-04T00:00:00.000000+0000,661.0,4.433333333333333,76.88333333333334,1.1,180,,0.0
2024-07-04T01:00:00.000000+0000,660.8,3.816666666666667,73.61666666666667,1.5,171,,0.0
2024-07-04T02:00:00.000000+0000,660.7,4.066666666666667,69.73333333333333,1.2,148,,0.0
2024-07-04T03:00:00.000000+0000,661.0,3.716666666666667,83.7,1.6,197,,0.0
2024-07-04T04:00:00.000000+0000,661.2,3.016666666666667,73.50000000000001,2.9,132,,0.0
2024-07-04T05:00:00.000000+0000,661.5,5.916666666666667,65.14999999999999,4.7,130,,0.0
2024-07-04T06:00:00.000000+0000,662.1,9.950000000000001,53.199999999999996,3.8,109,,0.0
2024-07-04T07:00:00.000000+0000,662.5,11.35,59.18333333333333,4.2,41,,0.0
2024-07-04T08:00:00.000000+0000,662.7,9.666666666666666,94.28333333333332,2.7,310,,0.0
2024-07-04T09:00:00.000000+0000,662.7,9.616666666666665,93.3,3.0,340,,0.0
2024-07-04T10:00:00.000000+0000,662.4,8.833333333333334,99.26666666666667,3.1,325,,1.9
2024-07-04T11:00:00.000000+0000,661.9,7.383333333333334,99.3,3.7,296,,1.1
2024-07-04T12:00:00.000000+0000,661.6,6.583333333333333,98.35000000000001,2.5,98,,0.3
2024-07-04T13:00:00.000000+0000,661.0,9.466666666666667,89.8,2.0,,,0.0
2024-07-04T14:00:00.000000+0000,661.1,8.883333333333333,97.31666666666666,2.9,315,,0.0
2024-07-04T15:00:00.000000+0000,661.2,8.066666666666666,99.26666666666667,2.6,291,,0.0
2024-07-04T16:00:00.000000+0000,661.2,6.333333333333335,98.35000000000001,2.0,132,,0.0
2024-07-04T17:00:00.000000+0000,661.3,5.7,87.23333333333335,2.2,194,,0.0
2024-07-04T18:00:00.000000+0000,661.7,5.05,88.75,1.9,207,,0.0
2024-07-04T19:00:00.000000+0000,662.0,5.05,83.33333333333333,2.6,206,,0.0
2024-07-04T20:00:00.000000+0000,662.1,5.250000000000001,80.11666666666666,3.6,190,,0.0
2024-07-04T21:00:00.000000+0000,662.1,4.7,74.81666666666666,2.7,141,,0.0
2024-07-04T22:00:00.000000+0000,661.7,4.6499999999999995,73.14999999999999,4.7,121,,0.0
2024-07-04T23:00:00.000000+0000,661.1,4.65,72.38333333333334,3.7,114,,0.0
2024-07-05T00:00:00.000000+0000,660.6,5.0,67.76666666666667,2.8,134,,0.0
2024-07-05T01:00:00.000000+0000,660.6,5.066666666666666,65.53333333333333,1.8,129,,0.0
2024-07-05T02:00:00.000000+0000,660.4,4.516666666666667,67.41666666666667,4.0,129,,0.0
2024-07-05T03:00:00.000000+0000,660.6,5.2,64.48333333333333,1.8,165,,0.0
2024-07-05T04:00:00.000000+0000,660.8,5.45,63.06666666666667,1.8,158,,0.0
2024-07-05T05:00:00.000000+0000,661.2,8.616666666666667,54.48333333333333,1.3,37,,0.0
2024-07-05T06:00:00.000000+0000,661.7,9.116666666666667,73.71666666666665,3.7,28,,0.0
2024-07-05T07:00:00.000000+0000,662.0,9.416666666666666,72.18333333333334,4.6,25,,0.0
2024-07-05T08:00:00.000000+0000,662.0,9.266666666666666,85.55000000000001,4.8,15,,0.0
2024-07-05T09:00:00.000000+0000,661.7,9.65,84.75,3.9,356,,0.0
2024-07-05T10:00:00.000000+0000,661.5,9.383333333333333,93.18333333333334,4.9,1,,0.0
2024-07-05T11:00:00.000000+0000,661.0,8.95,96.33333333333333,4.4,356,,0.0
2024-07-05T12:00:00.000000+0000,660.6,8.066666666666668,99.25,4.9,351,,0.0
2024-07-05T13:00:00.000000+0000,660.4,9.116666666666665,90.89999999999999,4.2,341,,0.0
2024-07-05T14:00:00.000000+0000,660.2,8.183333333333335,99.25,3.8,358,,0.0
2024-07-05T15:00:00.000000+0000,660.2,7.833333333333333,99.3,2.2,11,,0.0
2024-07-05T16:00:00.000000+0000,660.4,8.016666666666667,99.14999999999999,1.9,23,,0.0
2024-07-05T17:00:00.000000+0000,660.5,6.3500000000000005,99.3,1.7,153,,0.0
2024-07-05T18:00:00.000000+0000,660.7,5.833333333333333,95.05,1.9,220,,0.0
2024-07-05T19:00:00.000000+0000,660.9,4.95,96.51666666666667,2.5,210,,0.0
2024-07-05T20:00:00.000000+0000,661.1,5.083333333333334,93.05,3.9,212,,0.0
2024-07-05T21:00:00.000000+0000,661.1,5.05,94.83333333333331,3.5,212,,0.0
2024-07-05T22:00:00.000000+0000,660.8,5.116666666666667,97.11666666666666,2.8,221,,0.0
2024-07-05T23:00:00.000000+0000,660.5,5.7,97.58333333333333,3.4,210,,0.0
2024-07-06T00:00:00.000000+0000,660.0,5.333333333333333,93.48333333333333,3.5,204,,0.0
2024-07-06T01:00:00.000000+0000,659.8,5.083333333333333,91.33333333333333,3.3,197,,0.0
2024-07-06T02:00:00.000000+0000,659.9,5.316666666666667,99.01666666666667,2.2,223,,0.0
2024-07-06T03:00:00.000000+0000,660.2,5.25,99.23333333333333,2.5,212,,0.0
2024-07-06T04:00:00.000000+0000,660.6,4.6499999999999995,99.0,2.2,217,,0.0
2024-07-06T05:00:00.000000+0000,661.0,5.6000000000000005,99.3,1.9,234,,0.0
2024-07-06T06:00:00.000000+0000,661.4,7.55,94.23333333333333,2.7,268,,0.0
2024-07-06T07:00:00.000000+0000,661.6,8.816666666666668,86.89999999999999,4.3,305,,0.0
2024-07-06T08:00:00.000000+0000,661.9,8.5,88.93333333333334,4.6,312,,0.0
2024-07-06T09:00:00.000000+0000,661.7,8.6,90.5,3.7,303,,0.0
2024-07-06T10:00:00.000000+0000,661.4,9.049999999999999,92.41666666666667,4.7,307,,0.0
2024-07-06T11:00:00.000000+0000,660.8,8.75,89.56666666666666,4.7,293,,0.0
2024-07-06T12:00:00.000000+0000,660.3,9.966666666666667,81.23333333333333,6.0,318,,0.0
2024-07-06T13:00:00.000000+0000,660.0,8.333333333333334,93.76666666666667,4.4,313,,1.9
2024-07-06T14:00:00.000000+0000,659.8,6.666666666666665,99.34999999999998,5.1,250,,1.0
2024-07-06T15:00:00.000000+0000,659.8,6.300000000000001,99.39999999999999,1.7,218,,0.2
2024-07-06T16:00:00.000000+0000,660.0,5.733333333333333,99.39999999999999,4.1,247,,1.6
2024-07-06T17:00:00.000000+0000,660.2,5.733333333333333,99.39999999999999,2.5,212,,0.2
2024-07-06T18:00:00.000000+0000,660.4,5.833333333333333,99.30000000000001,3.2,227,,0.0
2024-07-06T19:00:00.000000+0000,660.8,5.25,99.21666666666665,2.3,221,,0.0
2024-07-06T20:00:00.000000+0000,660.9,5.783333333333334,99.25,1.5,242,,0.0
2024-07-06T21:00:00.000000+0000,661.0,5.816666666666666,99.3,1.9,235,,0.0
2024-07-06T22:00:00.000000+0000,660.8,6.166666666666667,99.3,1.6,240,,0.0
2024-07-06T23:00:00.000000+0000,660.4,6.216666666666666,99.31666666666666,2.9,248,,0.0
2024-07-07T00:00:00.000000+0000,660.3,6.033333333333334,99.39999999999999,3.4,249,,0.0
2024-07-07T01:00:00.000000+0000,660.1,5.966666666666666,99.39999999999999,3.7,252,,0.0
2024-07-07T02:00:00.000000+0000,660.2,5.716666666666668,99.39999999999999,3.4,256,,0.0
2024-07-07T03:00:00.000000+0000,660.6,5.416666666666667,99.39999999999999,2.9,251,,0.0
2024-07-07T04:00:00.000000+0000,660.9,5.466666666666668,99.39999999999999,3.0,248,,0.0
2024-07-07T05:00:00.000000+0000,661.2,6.116666666666666,99.39999999999999,2.7,266,,0.0
2024-07-07T06:00:00.000000+0000,661.5,6.45,99.39999999999999,3.2,272,,0.0
2024-07-07T07:00:00.000000+0000,662.0,6.716666666666668,99.39999999999999,3.4,297,,0.0
2024-07-07T08:00:00.000000+0000,662.0,6.933333333333334,99.39999999999999,3.6,293,,0.0
2024-07-07T09:00:00.000000+0000,661.7,7.016666666666667,99.39999999999999,3.5,289,,0.0
2024-07-07T10:00:00.000000+0000,661.3,7.95,99.36666666666667,3.4,300,,0.0
2024-07-07T11:00:00.000000+0000,661.0,8.2,99.26666666666667,3.1,289,,0.0
2024-07-07T12:00:00.000000+0000,660.5,7.966666666666668,95.43333333333334,3.3,297,,4.8
2024-07-07T13:00:00.000000+0000,660.1,5.6000000000000005,97.75,4.5,164,,5.8
2024-07-07T14:00:00.000000+0000,659.9,7.983333333333334,98.81666666666666,2.9,349,,0.0
2024-07-07T15:00:00.000000+0000,659.9,7.583333333333333,97.73333333333333,2.6,267,,0.0
2024-07-07T16:00:00.000000+0000,660.4,6.3500000000000005,99.3,1.9,262,,0.2
2024-07-07T17:00:00.000000+0000,660.7,6.1000000000000005,99.33333333333331,2.0,34,,0.0
2024-07-07T18:00:00.000000+0000,660.7,6.116666666666667,91.86666666666666,2.0,190,,0.0
2024-07-07T19:00:00.000000+0000,661.1,5.633333333333334,98.03333333333332,1.3,247,,0.0
2024-07-07T20:00:00.000000+0000,661.1,5.2,99.3,2.4,233,,0.0
2024-07-07T21:00:00.000000+0000,661.0,5.733333333333334,94.41666666666664,2.5,227,,0.0
2024-07-07T22:00:00.000000+0000,660.8,5.1499999999999995,92.23333333333333,2.8,225,,0.0
2024-07-07T23:00:00.000000+0000,660.4,4.866666666666667,98.01666666666667,4.1,218,,0.0
2024-07-08T00:00:00.000000+0000,660.1,5.083333333333333,96.39999999999999,3.5,235,,0.0
2024-07-08T01:00:00.000000+0000,660.2,4.966666666666667,89.14999999999999,2.8,207,,0.0
2024-07-08T02:00:00.000000+0000,660.2,4.866666666666666,88.89999999999999,2.7,214,,0.0
2024-07-08T03:00:00.000000+0000,660.3,4.95,89.08333333333333,2.7,217,,0.0
2024-07-08T04:00:00.000000+0000,660.4,4.7,91.7,2.4,192,,0.0
2024-07-08T05:00:00.000000+0000,660.9,7.133333333333333,81.5,1.1,207,,0.0
2024-07-08T06:00:00.000000+0000,661.3,7.3,93.69999999999999,1.7,270,,0.0
2024-07-08T07:00:00.000000+0000,661.5,7.983333333333334,94.18333333333334,2.5,279,,0.0
2024-07-08T08:00:00.000000+0000,661.8,8.399999999999999,98.36666666666667,3.8,297,,0.0
2024-07-08T09:00:00.000000+0000,661.7,8.4,99.21666666666665,4.3,313,,0.0
2024-07-08T10:00:00.000000+0000,661.2,7.6000000000000005,99.33333333333333,4.5,322,,0.8
2024-07-08T11:00:00.000000+0000,660.8,7.483333333333334,99.39999999999999,4.1,307,,0.0
2024-07-08T12:00:00.000000+0000,660.3,7.500000000000001,99.33333333333333,2.1,292,,2.9
2024-07-08T13:00:00.000000+0000,660.0,7.7,92.73333333333333,3.7,140,,2.7
2024-07-08T14:00:00.000000+0000,660.1,7.850000000000001,98.46666666666668,3.3,329,,0.0
2024-07-08T15:00:00.000000+0000,660.2,7.333333333333333,99.26666666666667,3.5,90,,0.0
2024-07-08T16:00:00.000000+0000,660.2,7.083333333333333,86.60000000000001,2.9,120,,0.0
2024-07-08T17:00:00.000000+0000,660.4,5.183333333333333,95.8,2.0,108,,0.0
2024-07-08T18:00:00.000000+0000,660.9,5.566666666666667,96.78333333333335,2.3,214,,0.0
2024-07-08T19:00:00.000000+0000,661.0,5.433333333333333,99.26666666666667,1.9,202,,0.0
2024-07-08T20:00:00.000000+0000,661.2,5.449999999999999,94.11666666666667,2.2,191,,0.0
2024-07-08T21:00:00.000000+0000,661.2,4.699999999999999,93.2,2.1,205,,0.0
2024-07-08T22:00:00.000000+0000,661.1,5.016666666666667,95.8,2.7,214,,0.0
2024-07-08T23:00:00.000000+0000,660.8,6.266666666666667,86.43333333333334,2.5,223,,0.0
2024-07-09T00:00:00.000000+0000,660.3,6.133333333333333,89.75,2.8,206,,0.0
2024-07-09T01:00:00.000000+0000,660.1,6.3999999999999995,88.14999999999999,2.1,221,,0.0
2024-07-09T02:00:00.000000+0000,660.3,6.6000000000000005,83.88333333333334,3.4,192,,0.0
2024-07-09T03:00:00.000000+0000,660.7,6.383333333333333,85.13333333333334,1.2,225,,0.0
2024-07-09T04:00:00.000000+0000,660.8,6.0,84.86666666666666,1.3,204,,0.0
2024-07-09T05:00:00.000000+0000,661.2,7.55,82.64999999999999,2.1,258,,0.0
2024-07-09T06:00:00.000000+0000,661.6,7.8999999999999995,94.31666666666666,2.9,274,,0.0
2024-07-09T07:00:00.000000+0000,662.0,7.916666666666667,99.3,2.6,274,,0.0
2024-07-09T08:00:00.000000+0000,662.0,7.8,99.28333333333332,3.1,290,,0.0
2024-07-09T09:00:00.000000+0000,661.9,7.816666666666667,99.3,3.3,328,,0.1
2024-07-09T10:00:00.000000+0000,661.7,7.416666666666665,99.34999999999998,3.0,348,,1.0
2024-07-09T11:00:00.000000+0000,661.2,7.8999999999999995,99.35000000000001,2.4,315,,0.9
2024-07-09T12:00:00.000000+0000,660.8,7.7,99.3,2.0,353,,0.3
2024-07-09T13:00:00.000000+0000,660.3,7.783333333333332,99.3,1.1,84,,0.0
2024-07-09T14:00:00.000000+0000,660.3,7.566666666666666,99.33333333333333,1.2,261,,3.8
2024-07-09T15:00:00.000000+0000,660.5,7.05,99.36666666666667,2.1,217,,2.3
2024-07-09T16:00:00.000000+0000,660.7,6.883333333333333,99.38333333333333,1.8,257,,0.0
2024-07-09T17:00:00.000000+0000,660.8,5.8999999999999995,99.35000000000001,2.4,198,,0.0
2024-07-09T18:00:00.000000+0000,661.1,5.683333333333334,94.30000000000001,2.6,214,,0.0
2024-07-09T19:00:00.000000+0000,661.2,5.483333333333333,93.68333333333332,2.2,227,,0.0
2024-07-09T20:00:00.000000+0000,661.2,5.616666666666667,90.01666666666667,3.5,207,,0.0
2024-07-09T21:00:00.000000+0000,661.2,5.599999999999999,89.80000000000001,3.1,237,,0.0
2024-07-09T22:00:00.000000+0000,661.0,5.0,94.88333333333333,2.3,223,,0.0
2024-07-09T23:00:00.000000+0000,660.9,4.666666666666667,94.05000000000001,2.1,207,,0.0
2024-07-10T00:00:00.000000+0000,660.6,4.599999999999999,92.38333333333333,3.7,144,,0.0
2024-07-10T01:00:00.000000+0000,660.4,4.35,91.08333333333333,2.7,135,,0.0
2024-07-10T02:00:00.000000+0000,660.5,4.766666666666667,91.43333333333334,4.1,114,,0.0
2024-07-10T03:00:00.000000+0000,660.8,4.3166666666666655,88.28333333333335,3.5,159,,0.0
2024-07-10T04:00:00.000000+0000,661.1,5.05,90.73333333333333,3.1,204,,0.0
2024-07-10T05:00:00.000000+0000,661.7,6.633333333333333,92.33333333333331,1.3,215,,0.0
2024-07-10T06:00:00.000000+0000,662.2,7.816666666666666,89.15000000000002,2.0,297,,0.0
2024-07-10T07:00:00.000000+0000,662.3,7.6499999999999995,98.13333333333334,2.8,297,,0.0
2024-07-10T08:00:00.000000+0000,662.4,7.816666666666666,99.26666666666667,1.9,285,,0.0
2024-07-10T09:00:00.000000+0000,662.3,7.816666666666666,99.33333333333333,3.0,309,,0.0
2024-07-10T10:00:00.000000+0000,662.1,8.483333333333333,98.95,3.4,312,,0.0
2024-07-10T11:00:00.000000+0000,661.8,7.666666666666667,99.33333333333333,2.1,9,,1.0
2024-07-10T12:00:00.000000+0000,661.2,8.1,99.33333333333333,2.5,27,,0.0
2024-07-10T13:00:00.000000+0000,660.9,8.233333333333334,99.3,1.9,321,,0.0
2024-07-10T14:00:00.000000+0000,660.7,7.966666666666665,99.3,2.6,307,,0.0
2024-07-10T15:00:00.000000+0000,660.8,7.583333333333335,99.38333333333333,1.4,261,,0.0
2024-07-10T16:00:00.000000+0000,660.8,7.300000000000001,99.31666666666666,1.1,90,,0.0
2024-07-10T17:00:00.000000+0000,660.9,5.883333333333333,99.28333333333335,2.0,220,,0.0
2024-07-10T18:00:00.000000+0000,661.3,6.199999999999999,99.3,2.4,195,,0.0
2024-07-10T19:00:00.000000+0000,661.4,4.983333333333333,99.28333333333332,2.3,158,,0.0
2024-07-10T20:00:00.000000+0000,661.5,4.866666666666666,99.3,0.8,243,,0.0
2024-07-10T21:00:00.000000+0000,661.3,4.216666666666667,94.8,1.5,189,,0.0
2024-07-10T22:00:00.000000+0000,661.1,5.533333333333334,76.23333333333333,0.8,135,,0.0
2024-07-10T23:00:00.000000+0000,660.8,5.233333333333333,73.76666666666667,1.8,106,,0.0
2024-07-11T00:00:00.000000+0000,660.7,4.716666666666668,75.06666666666668,2.1,112,,0.0
2024-07-11T01:00:00.000000+0000,660.7,4.533333333333333,71.38333333333334,2.5,190,,0.0
2024-07-11T02:00:00.000000+0000,661.0,4.3999999999999995,73.46666666666667,2.5,162,,0.0
2024-07-11T03:00:00.000000+0000,661.1,3.9833333333333343,79.53333333333335,2.6,106,,0.0
2024-07-11T04:00:00.000000+0000,661.2,3.8333333333333335,88.75,2.3,117,,0.0
2024-07-11T05:00:00.000000+0000,661.6,7.466666666666666,79.83333333333333,2.8,90,,0.0
2024-07-11T06:00:00.000000+0000,662.4,7.783333333333332,85.03333333333335,1.5,287,,0.0
2024-07-11T07:00:00.000000+0000,662.5,8.516666666666666,91.73333333333333,2.5,337,,0.0
2024-07-11T08:00:00.000000+0000,662.4,7.8500000000000005,97.64999999999999,2.8,312,,0.0
2024-07-11T09:00:00.000000+0000,662.3,7.9333333333333345,99.3,3.1,299,,0.0
2024-07-11T10:00:00.000000+0000,662.1,7.6499999999999995,99.31666666666666,3.8,324,,0.0
2024-07-11T11:00:00.000000+0000,661.6,7.416666666666667,99.39999999999999,3.4,304,,0.0
2024-07-11T12:00:00.000000+0000,661.3,7.25,99.39999999999999,3.6,315,,0.0
2024-07-11T13:00:00.000000+0000,661.0,7.1000000000000005,99.39999999999999,2.9,306,,0.0
2024-07-11T14:00:00.000000+0000,661.0,7.216666666666666,99.39999999999999,2.8,332,,0.0
2024-07-11T15:00:00.000000+0000,661.1,7.333333333333333,99.3,1.7,321,,0.0
2024-07-11T16:00:00.000000+0000,661.2,6.25,99.3,2.3,219,,0.0
2024-07-11T17:00:00.000000+0000,661.4,5.516666666666667,92.30000000000001,3.3,210,,0.0
2024-07-11T18:00:00.000000+0000,661.8,4.666666666666667,90.75,1.6,186,,0.0
2024-07-11T19:00:00.000000+0000,662.1,4.699999999999999,83.8,1.0,157,,0.0
2024-07-11T20:00:00.000000+0000,662.3,4.333333333333333,88.38333333333333,0.6,149,,0.0
2024-07-11T21:00:00.000000+0000,662.0,3.1166666666666667,86.95,1.8,139,,0.0
2024-07-11T22:00:00.000000+0000,661.7,3.0833333333333335,76.58333333333333,1.7,128,,0.0
2024-07-11T23:00:00.000000+0000,661.4,3.6500000000000004,66.01666666666667,2.1,177,,0.0
2024-07-12T00:00:00.000000+0000,661.0,3.3166666666666664,74.95,0.6,180,,0.0
2024-07-12T01:00:00.000000+0000,660.9,2.8666666666666667,73.25,1.6,169,,0.0
2024-07-12T02:00:00.000000+0000,661.1,2.983333333333334,63.06666666666666,1.3,187,,0.0
2024-07-12T03:00:00.000000+0000,661.3,3.1,74.58333333333333,0.8,108,,0.0
2024-07-12T04:00:00.000000+0000,661.4,2.5,52.48333333333333,2.4,131,,0.0
2024-07-12T05:00:00.000000+0000,661.9,6.916666666666667,50.81666666666667,1.1,51,,0.0
2024-07-12T06:00:00.000000+0000,662.4,8.816666666666668,66.24999999999999,2.2,351,,0.0
2024-07-12T07:00:00.000000+0000,662.8,7.916666666666667,92.2,2.6,315,,0.0
2024-07-12T08:00:00.000000+0000,662.8,8.049999999999999,96.60000000000001,2.9,318,,0.0
2024-07-12T09:00:00.000000+0000,662.6,8.766666666666667,93.61666666666667,3.8,315,,0.0
2024-07-12T10:00:00.000000+0000,662.4,8.966666666666667,94.45,4.1,356,,0.0
2024-07-12T11:00:00.000000+0000,662.0,7.766666666666667,99.28333333333335,5.4,4,,0.0
2024-07-12T12:00:00.000000+0000,661.7,7.266666666666667,99.31666666666666,2.7,335,,0.0
2024-07-12T13:00:00.000000+0000,661.6,8.733333333333333,93.36666666666667,4.3,3,,0.0
2024-07-12T14:00:00.000000+0000,661.4,8.450000000000001,94.66666666666667,4.2,344,,0.0
2024-07-12T15:00:00.000000+0000,661.5,7.366666666666666,99.3,3.5,358,,0.0
2024-07-12T16:00:00.000000+0000,661.6,6.683333333333334,99.3,2.4,312,,0.0
2024-07-12T17:00:00.000000+0000,661.5,5.016666666666667,99.03333333333332,1.6,212,,0.0
2024-07-12T18:00:00.000000+0000,661.8,4.316666666666666,97.88333333333333,4.2,203,,0.0
2024-07-12T19:00:00.000000+0000,662.0,4.833333333333333,85.71666666666665,2.7,216,,0.0
2024-07-12T20:00:00.000000+0000,662.0,4.566666666666666,79.51666666666667,3.2,205,,0.0
2024-07-12T21:00:00.000000+0000,661.8,4.75,64.36666666666666,1.6,192,,0.0
2024-07-12T22:00:00.000000+0000,661.5,3.9500000000000006,60.15,1.7,135,,0.0
2024-07-12T23:00:00.000000+0000,661.1,3.8666666666666667,60.81666666666666,1.0,151,,0.0
2024-07-13T00:00:00.000000+0000,660.8,4.266666666666667,64.73333333333333,1.2,170,,0.0
2024-07-13T01:00:00.000000+0000,660.8,3.8333333333333335,67.23333333333333,1.4,171,,0.0
2024-07-13T02:00:00.000000+0000,661.0,3.0833333333333335,70.14999999999999,1.6,165,,0.0
2024-07-13T03:00:00.000000+0000,661.4,3.1333333333333333,67.51666666666667,0.8,157,,0.0
2024-07-13T04:00:00.000000+0000,661.7,3.65,63.35,0.7,164,,0.0
2024-07-13T05:00:00.000000+0000,662.2,7.349999999999999,55.13333333333333,0.6,360,,0.0
2024-07-13T06:00:00.000000+0000,662.6,8.950000000000001,61.666666666666664,1.5,293,,0.0
2024-07-13T07:00:00.000000+0000,662.8,8.683333333333334,77.11666666666666,2.8,315,,0.0
2024-07-13T08:00:00.000000+0000,662.8,9.083333333333334,80.0,3.2,314,,0.0
2024-07-13T09:00:00.000000+0000,662.7,9.233333333333334,80.68333333333334,3.9,316,,0.0
2024-07-13T10:00:00.000000+0000,662.5,9.033333333333333,85.16666666666667,4.7,329,,0.0
2024-07-13T11:00:00.000000+0000,662.1,10.866666666666667,74.96666666666665,6.2,334,,0.0
2024-07-13T12:00:00.000000+0000,661.8,9.416666666666666,91.18333333333334,5.6,322,,0.0
2024-07-13T13:00:00.000000+0000,661.5,7.050000000000001,99.3,4.6,328,,0.3
2024-07-13T14:00:00.000000+0000,661.7,6.300000000000001,88.73333333333335,2.2,234,,0.0
2024-07-13T15:00:00.000000+0000,661.5,7.7,70.46666666666668,2.2,301,,0.0
2024-07-13T16:00:00.000000+0000,661.6,5.983333333333333,72.73333333333333,3.3,195,,0.0
2024-07-13T17:00:00.000000+0000,661.8,5.316666666666667,69.51666666666667,3.2,217,,0.0
2024-07-13T18:00:00.000000+0000,662.1,5.5,72.76666666666665,3.1,195,,0.0
2024-07-13T19:00:00.000000+0000,662.5,4.866666666666667,79.30000000000001,1.9,195,,0.0
2024-07-13T20:00:00.000000+0000,662.4,4.449999999999999,84.58333333333333,2.0,180,,0.0
2024-07-13T21:00:00.000000+0000,662.3,4.8,83.84999999999998,2.2,216,,0.0
2024-07-13T22:00:00.000000+0000,662.0,4.783333333333334,81.96666666666667,3.4,201,,0.0
2024-07-13T23:00:00.000000+0000,661.7,5.016666666666667,75.08333333333333,3.5,207,,0.0
2024-07-14T00:00:00.000000+0000,661.4,4.483333333333333,73.86666666666666,2.4,190,,0.0
2024-07-14T01:00:00.000000+0000,661.3,4.683333333333333,63.48333333333334,1.8,180,,0.0
2024-07-14T02:00:00.000000+0000,661.6,4.966666666666666,57.15,1.6,191,,0.0
2024-07-14T03:00:00.000000+0000,661.9,3.783333333333333,72.86666666666666,1.3,125,,0.0
2024-07-14T04:00:00.000000+0000,662.0,3.9,77.2,2.1,163,,0.0
2024-07-14T05:00:00.000000+0000,662.3,9.133333333333333,50.833333333333336,1.7,112,,0.0
2024-07-14T06:00:00.000000+0000,662.7,11.283333333333333,34.03333333333333,2.9,32,,0.0
2024-07-14T07:00:00.000000+0000,662.8,11.166666666666666,53.13333333333333,3.2,329,,0.0
2024-07-14T08:00:00.000000+0000,662.8,10.616666666666667,83.2,3.5,293,,0.0
2024-07-14T09:00:00.000000+0000,662.6,11.166666666666666,82.93333333333334,3.9,299,,0.0
2024-07-14T10:00:00.000000+0000,662.2,10.633333333333333,89.21666666666665,4.4,307,,0.0
2024-07-14T11:00:00.000000+0000,661.9,10.3,93.10000000000001,5.5,313,,0.0
2024-07-14T12:00:00.000000+0000,661.6,9.616666666666665,95.51666666666667,5.6,311,,0.0
2024-07-14T13:00:00.000000+0000,661.3,9.583333333333332,95.11666666666666,4.0,301,,0.0
2024-07-14T14:00:00.000000+0000,661.4,8.85,99.26666666666667,3.2,310,,0.0
2024-07-14T15:00:00.000000+0000,661.6,8.166666666666666,99.3,3.3,309,,0.0
2024-07-14T16:00:00.000000+0000,661.7,7.166666666666667,99.31666666666666,2.8,277,,0.0
2024-07-14T17:00:00.000000+0000,662.0,6.2,99.3,3.4,243,,0.0
2024-07-14T18:00:00.000000+0000,662.4,6.066666666666666,98.56666666666666,4.2,233,,0.0
2024-07-14T19:00:00.000000+0000,662.4,6.933333333333334,97.26666666666665,5.0,238,,0.0
2024-07-14T20:00:00.000000+0000,662.4,6.816666666666666,99.28333333333335,5.1,247,,0.0
2024-07-14T21:00:00.000000+0000,662.3,6.733333333333333,99.3,4.2,266,,0.0
2024-07-14T22:00:00.000000+0000,661.7,5.95,99.06666666666666,3.7,225,,0.0
2024-07-14T23:00:00.000000+0000,661.3,5.6000000000000005,97.75000000000001,4.1,223,,0.0
2024-07-15T00:00:00.000000+0000,661.1,5.233333333333333,99.11666666666667,4.7,238,,0.0
2024-07-15T01:00:00.000000+0000,661.0,5.533333333333334,96.78333333333335,5.4,219,,0.0
2024-07-15T02:00:00.000000+0000,661.0,5.416666666666667,90.58333333333333,4.7,207,,0.0
2024-07-15T03:00:00.000000+0000,661.0,5.733333333333333,86.05000000000001,4.5,208,,0.0
2024-07-15T04:00:00.000000+0000,661.5,5.533333333333334,99.13333333333334,4.2,241,,0.0
2024-07-15T05:00:00.000000+0000,662.1,6.416666666666667,99.3,4.0,259,,0.0
2024-07-15T06:00:00.000000+0000,662.6,7.066666666666666,99.39999999999999,3.1,250,,0.0
2024-07-15T07:00:00.000000+0000,662.9,7.783333333333332,99.3,3.0,299,,0.0
2024-07-15T08:00:00.000000+0000,663.0,8.316666666666665,96.75,2.9,301,,0.0
2024-07-15T09:00:00.000000+0000,662.9,8.5,96.64999999999999,3.9,317,,0.0
2024-07-15T10:00:00.000000+0000,662.7,8.749999999999998,98.0,4.5,315,,0.0
2024-07-15T11:00:00.000000+0000,662.4,8.566666666666665,98.36666666666667,4.7,310,,0.0
2024-07-15T12:00:00.000000+0000,662.0,8.200000000000001,99.28333333333335,5.3,300,,0.0
2024-07-15T13:00:00.000000+0000,661.7,9.066666666666668,92.16666666666667,4.8,305,,0.0
2024-07-15T14:00:00.000000+0000,661.7,8.983333333333333,95.63333333333333,4.8,301,,0.0
2024-07-15T15:00:00.000000+0000,661.6,8.166666666666666,99.3,3.8,303,,0.0
2024-07-15T16:00:00.000000+0000,661.9,7.366666666666666,99.36666666666666,4.0,292,,0.0
2024-07-15T17:00:00.000000+0000,662.0,7.466666666666666,99.39999999999999,3.6,297,,0.0
2024-07-15T18:00:00.000000+0000,662.3,7.333333333333333,99.39999999999999,3.6,278,,0.0
2024-07-15T19:00:00.000000+0000,662.4,7.383333333333333,99.39999999999999,4.1,285,,0.0
2024-07-15T20:00:00.000000+0000,662.1,7.283333333333332,99.39999999999999,3.6,273,,0.0
2024-07-15T21:00:00.000000+0000,661.8,7.149999999999999,99.39999999999999,4.6,273,,0.0
2024-07-15T22:00:00.000000+0000,661.4,6.650000000000001,99.39999999999999,5.7,255,,0.0
2024-07-15T23:00:00.000000+0000,661.1,6.716666666666666,99.39999999999999,5.9,276,,0.0
2024-07-16T00:00:00.000000+0000,660.9,6.833333333333333,99.39999999999999,6.2,259,,0.0
2024-07-16T01:00:00.000000+0000,660.8,6.7,99.39999999999999,7.4,268,,0.0
2024-07-16T02:00:00.000000+0000,661.1,6.433333333333334,99.39999999999999,5.1,255,,0.0
2024-07-16T03:00:00.000000+0000,661.2,6.6000000000000005,99.39999999999999,4.1,269,,0.0
2024-07-16T04:00:00.000000+0000,661.4,6.566666666666666,99.39999999999999,3.9,281,,0.0
2024-07-16T05:00:00.000000+0000,661.6,6.616666666666667,99.39999999999999,4.8,271,,0.0
2024-07-16T06:00:00.000000+0000,662.1,6.783333333333334,99.39999999999999,4.3,279,,0.0
2024-07-16T07:00:00.000000+0000,662.4,7.183333333333333,99.39999999999999,4.5,282,,0.0
2024-07-16T08:00:00.000000+0000,662.4,7.333333333333333,99.39999999999999,3.7,297,,0.0
2024-07-16T09:00:00.000000+0000,662.2,7.383333333333334,99.39999999999999,3.5,302,,0.0
2024-07-16T10:00:00.000000+0000,661.7,7.866666666666667,99.39999999999999,3.8,317,,0.3
2024-07-16T11:00:00.000000+0000,661.3,7.45,99.39999999999999,3.6,320,,3.2
2024-07-16T12:00:00.000000+0000,660.8,7.216666666666668,99.39999999999999,5.0,280,,6.0
2024-07-16T13:00:00.000000+0000,660.5,7.1000000000000005,99.39999999999999,5.9,286,,0.0
2024-07-16T14:00:00.000000+0000,660.4,6.949999999999999,99.39999999999999,6.2,276,,0.4
2024-07-16T15:00:00.000000+0000,660.7,6.466666666666668,99.39999999999999,5.0,274,,2.2
2024-07-16T16:00:00.000000+0000,660.9,6.216666666666666,99.39999999999999,3.4,270,,0.2
2024-07-16T17:00:00.000000+0000,661.0,6.533333333333334,99.41666666666667,4.9,262,,0.0
2024-07-16T18:00:00.000000+0000,661.4,6.55,99.5,4.0,271,,0.0
2024-07-16T19:00:00.000000+0000,661.6,6.633333333333334,99.5,4.2,275,,0.0
2024-07-16T20:00:00.000000+0000,661.6,6.6499999999999995,99.5,5.3,264,,0.0
2024-07-16T21:00:00.000000+0000,661.5,6.600000000000001,99.5,5.5,255,,0.0
2024-07-16T22:00:00.000000+0000,661.2,6.8,99.5,6.3,275,,0.0
2024-07-16T23:00:00.000000+0000,660.8,6.6499999999999995,99.5,6.6,272,,0.2
2024-07-17T00:00:00.000000+0000,660.4,6.666666666666667,99.5,5.9,267,,0.1
2024-07-17T01:00:00.000000+0000,660.3,6.75,99.5,4.3,271,,1.0
2024-07-17T02:00:00.000000+0000,660.6,6.566666666666667,99.5,3.0,272,,7.9
2024-07-17T03:00:00.000000+0000,660.9,6.550000000000001,99.5,3.9,287,,2.7
2024-07-17T04:00:00.000000+0000,661.3,6.283333333333334,99.5,5.0,266,,2.8
2024-07-17T05:00:00.000000+0000,661.7,6.333333333333333,99.5,2.7,263,,0.6
2024-07-17T06:00:00.000000+0000,662.4,6.483333333333333,99.5,3.9,270,,2.8
2024-07-17T07:00:00.000000+0000,662.7,6.6000000000000005,99.5,4.3,240,,0.0
2024-07-17T08:00:00.000000+0000,662.8,7.016666666666667,99.44999999999999,4.2,263,,0.0
2024-07-17T09:00:00.000000+0000,662.6,7.366666666666667,99.39999999999999,3.4,281,,0.0
2024-07-17T10:00:00.000000+0000,662.2,7.066666666666666,99.39999999999999,4.1,280,,1.4
2024-07-17T11:00:00.000000+0000,661.6,6.800000000000001,99.39999999999999,4.8,283,,3.2
2024-07-17T12:00:00.000000+0000,661.1,6.8,99.48333333333333,5.6,260,,0.6
2024-07-17T13:00:00.000000+0000,660.8,6.616666666666666,99.5,5.8,262,,0.0
2024-07-17T14:00:00.000000+0000,660.9,6.516666666666666,99.5,5.0,275,,1.8
2024-07-17T15:00:00.000000+0000,661.2,6.0,99.5,2.9,276,,0.1
2024-07-17T16:00:00.000000+0000,661.4,5.966666666666668,99.5,3.3,249,,0.5
2024-07-17T17:00:00.000000+0000,661.7,5.966666666666668,99.5,3.2,245,,0.0
2024-07-17T18:00:00.000000+0000,662.0,6.116666666666667,99.5,3.4,238,,0.0
2024-07-17T19:00:00.000000+0000,662.3,6.033333333333334,99.44999999999999,4.2,250,,0.0
2024-07-17T20:00:00.000000+0000,662.1,6.050000000000001,99.39999999999999,4.6,258,,0.0
2024-07-17T21:00:00.000000+0000,662.0,5.783333333333334,99.39999999999999,4.5,245,,0.0
2024-07-17T22:00:00.000000+0000,661.8,5.883333333333333,99.39999999999999,4.3,246,,0.0
2024-07-17T23:00:00.000000+0000,661.3,5.566666666666666,99.35000000000001,4.8,233,,0.0
2024-07-18T00:00:00.000000+0000,661.0,5.733333333333333,99.28333333333332,4.4,239,,0.0
2024-07-18T01:00:00.000000+0000,660.9,6.133333333333334,99.31666666666668,4.8,242,,0.0
2024-07-18T02:00:00.000000+0000,661.1,6.283333333333334,99.3,4.4,243,,0.0
2024-07-18T03:00:00.000000+0000,661.3,6.216666666666666,99.34999999999998,3.8,248,,0.0
2024-07-18T04:00:00.000000+0000,661.7,6.300000000000001,99.36666666666667,3.7,253,,0.0
2024-07-18T05:00:00.000000+0000,662.2,6.8500000000000005,99.36666666666667,3.3,250,,0.0
2024-07-18T06:00:00.000000+0000,662.7,7.383333333333333,99.36666666666666,3.5,256,,0.0
2024-07-18T07:00:00.000000+0000,662.9,8.483333333333333,99.30000000000001,3.3,275,,0.0
2024-07-18T08:00:00.000000+0000,662.8,8.366666666666667,99.3,3.5,286,,0.0
2024-07-18T09:00:00.000000+0000,662.6,8.500000000000002,99.28333333333335,4.3,288,,0.0
2024-07-18T10:00:00.000000+0000,662.3,8.466666666666667,98.23333333333333,4.3,306,,0.0
2024-07-18T11:00:00.000000+0000,661.9,7.333333333333333,99.39999999999999,4.0,285,,1.6
2024-07-18T12:00:00.000000+0000,661.3,7.166666666666667,99.39999999999999,3.9,285,,1.3
2024-07-18T13:00:00.000000+0000,661.0,7.333333333333332,99.39999999999999,3.8,272,,0.1
2024-07-18T14:00:00.000000+0000,660.9,7.133333333333334,99.39999999999999,3.6,270,,0.5
2024-07-18T15:00:00.000000+0000,661.1,6.783333333333334,99.39999999999999,3.1,221,,0.0
2024-07-18T16:00:00.000000+0000,661.2,6.583333333333333,99.39999999999999,3.6,231,,0.0
2024-07-18T17:00:00.000000+0000,661.4,7.0,98.5,3.8,251,,0.0
2024-07-18T18:00:00.000000+0000,661.8,6.983333333333334,99.26666666666667,3.3,234,,0.4
2024-07-18T19:00:00.000000+0000,662.1,6.983333333333334,98.76666666666667,3.9,243,,0.0
2024-07-18T20:00:00.000000+0000,662.1,6.766666666666667,99.25,3.6,233,,0.0
2024-07-18T21:00:00.000000+0000,661.9,6.466666666666666,99.34999999999998,3.3,245,,0.0
2024-07-18T22:00:00.000000+0000,661.5,6.483333333333333,99.39999999999999,4.0,225,,0.0
2024-07-18T23:00:00.000000+0000,661.1,6.783333333333334,99.33333333333331,2.9,230,,0.0
2024-07-19T00:00:00.000000+0000,660.8,6.883333333333334,99.34999999999998,3.1,253,,0.0
2024-07-19T01:00:00.000000+0000,660.5,6.833333333333333,99.33333333333333,3.1,256,,0.0
2024-07-19T02:00:00.000000+0000,660.5,6.633333333333333,99.39999999999999,3.4,256,,0.0
2024-07-19T03:00:00.000000+0000,660.9,6.733333333333333,99.39999999999999,2.5,258,,0.0
2024-07-19T04:00:00.000000+0000,661.2,6.566666666666666,99.39999999999999,2.9,257,,0.0
2024-07-19T05:00:00.000000+0000,661.7,6.633333333333333,99.39999999999999,2.8,268,,0.0
2024-07-19T06:00:00.000000+0000,662.0,7.249999999999999,99.39999999999999,2.4,275,,0.0
2024-07-19T07:00:00.000000+0000,662.2,8.933333333333332,97.0,2.4,280,,0.0
2024-07-19T08:00:00.000000+0000,662.1,9.166666666666666,94.41666666666667,3.4,297,,0.0
2024-07-19T09:00:00.000000+0000,662.1,9.033333333333333,97.48333333333333,4.6,318,,0.0
2024-07-19T10:00:00.000000+0000,661.8,8.65,98.23333333333333,3.9,313,,0.0
2024-07-19T11:00:00.000000+0000,661.5,7.6499999999999995,99.38333333333333,3.2,293,,0.3
2024-07-19T12:00:00.000000+0000,660.9,7.916666666666667,99.38333333333333,4.2,295,,0.0
2024-07-19T13:00:00.000000+0000,660.5,7.633333333333334,99.38333333333333,2.4,280,,0.0
2024-07-19T14:00:00.000000+0000,660.4,7.8999999999999995,98.59999999999998,2.4,285,,0.0
2024-07-19T15:00:00.000000+0000,660.7,8.833333333333334,94.06666666666666,2.8,297,,0.0
2024-07-19T16:00:00.000000+0000,660.8,7.066666666666667,97.71666666666665,3.3,229,,0.0
2024-07-19T17:00:00.000000+0000,661.0,6.3999999999999995,99.06666666666666,2.8,201,,0.0
2024-07-19T18:00:00.000000+0000,661.3,6.083333333333333,96.06666666666666,2.7,209,,0.0
2024-07-19T19:00:00.000000+0000,661.5,6.583333333333333,91.39999999999999,3.6,202,,0.0
2024-07-19T20:00:00.000000+0000,661.6,6.716666666666666,88.35000000000001,2.7,208,,0.0
2024-07-19T21:00:00.000000+0000,661.5,6.366666666666667,91.36666666666667,2.2,223,,0.0
2024-07-19T22:00:00.000000+0000,661.2,6.416666666666667,86.2,1.6,217,,0.0
2024-07-19T23:00:00.000000+0000,660.7,5.6000000000000005,94.2,1.7,227,,0.0
2024-07-20T00:00:00.000000+0000,660.5,5.116666666666667,99.31666666666666,2.7,242,,0.0
2024-07-20T01:00:00.000000+0000,660.4,5.116666666666667,99.3,2.9,212,,0.0
2024-07-20T02:00:00.000000+0000,660.4,6.0,88.16666666666667,1.8,144,,0.0
2024-07-20T03:00:00.000000+0000,660.6,5.45,88.10000000000001,1.6,118,,0.0
2024-07-20T04:00:00.000000+0000,660.8,5.3,89.63333333333334,2.2,124,,0.0
2024-07-20T05:00:00.000000+0000,661.3,8.4,79.95,1.2,202,,0.0
2024-07-20T06:00:00.000000+0000,661.9,8.549999999999999,92.63333333333333,2.4,278,,0.0
2024-07-20T07:00:00.000000+0000,662.3,7.550000000000001,99.38333333333333,3.0,288,,0.0
2024-07-20T08:00:00.000000+0000,662.3,8.716666666666667,99.25,3.2,303,,0.0
2024-07-20T09:00:00.000000+0000,662.1,9.216666666666667,98.26666666666667,4.2,303,,0.0
2024-07-20T10:00:00.000000+0000,661.8,8.383333333333335,99.34999999999998,3.4,315,,0.0
2024-07-20T11:00:00.000000+0000,661.5,8.266666666666667,99.36666666666667,3.0,304,,0.0
2024-07-20T12:00:00.000000+0000,661.1,8.816666666666668,98.83333333333333,2.5,320,,0.0
2024-07-20T13:00:00.000000+0000,660.6,8.1,99.36666666666666,3.2,333,,0.8
2024-07-20T14:00:00.000000+0000,660.5,8.35,99.10000000000001,2.4,294,,0.2
2024-07-20T15:00:00.000000+0000,660.7,7.866666666666666,99.38333333333333,1.6,283,,0.0
2024-07-20T16:00:00.000000+0000,661.0,7.55,99.39999999999999,2.3,324,,0.0
2024-07-20T17:00:00.000000+0000,661.3,7.333333333333333,99.39999999999999,1.6,255,,0.0
2024-07-20T18:00:00.000000+0000,661.6,7.366666666666666,99.39999999999999,2.1,261,,0.0
2024-07-20T19:00:00.000000+0000,661.8,7.133333333333333,99.39999999999999,2.3,294,,0.0
2024-07-20T20:00:00.000000+0000,661.8,6.833333333333332,99.39999999999999,3.5,257,,0.0
2024-07-20T21:00:00.000000+0000,661.6,6.816666666666666,99.39999999999999,3.1,257,,0.0
2024-07-20T22:00:00.000000+0000,661.2,6.333333333333333,99.39999999999999,2.2,240,,0.0
2024-07-20T23:00:00.000000+0000,660.8,5.349999999999999,99.39999999999999,2.3,198,,0.0
2024-07-21T00:00:00.000000+0000,660.6,5.1000000000000005,99.39999999999999,2.9,214,,0.0
2024-07-21T01:00:00.000000+0000,660.6,4.8,99.36666666666667,3.0,212,,0.0
2024-07-21T02:00:00.000000+0000,660.8,4.833333333333333,99.2,2.2,221,,0.0
2024-07-21T03:00:00.000000+0000,661.2,5.866666666666666,90.36666666666666,1.5,245,,0.0
2024-07-21T04:00:00.000000+0000,661.6,6.066666666666666,90.40000000000002,1.5,252,,0.0
2024-07-21T05:00:00.000000+0000,662.2,7.466666666666666,87.16666666666667,1.4,167,,0.0
2024-07-21T06:00:00.000000+0000,662.9,8.366666666666667,82.96666666666667,1.3,265,,0.0
2024-07-21T07:00:00.000000+0000,663.2,9.116666666666665,89.76666666666665,2.6,294,,0.0
2024-07-21T08:00:00.000000+0000,663.2,8.866666666666665,99.18333333333334,4.0,302,,0.0
2024-07-21T09:00:00.000000+0000,663.1,8.116666666666667,99.31666666666666,3.0,292,,0.0
2024-07-21T10:00:00.000000+0000,662.8,7.366666666666667,99.39999999999999,2.7,302,,1.5
2024-07-21T11:00:00.000000+0000,662.3,8.4,98.64999999999999,3.0,268,,0.0
2024-07-21T12:00:00.000000+0000,661.7,9.416666666666666,97.75,4.2,325,,0.0
2024-07-21T13:00:00.000000+0000,661.2,7.433333333333334,98.71666666666668,4.6,207,,0.9
2024-07-21T14:00:00.000000+0000,661.3,7.699999999999999,98.18333333333334,4.0,264,,0.0
2024-07-21T15:00:00.000000+0000,661.4,7.266666666666667,99.28333333333335,1.7,254,,0.0
2024-07-21T16:00:00.000000+0000,661.5,6.733333333333333,99.21666666666665,1.7,231,,0.0
2024-07-21T17:00:00.000000+0000,661.6,6.033333333333334,99.13333333333333,1.9,234,,0.0
2024-07-21T18:00:00.000000+0000,661.8,6.533333333333334,98.18333333333334,2.5,237,,0.0
2024-07-21T19:00:00.000000+0000,662.0,6.716666666666668,89.89999999999999,2.9,242,,0.0
2024-07-21T20:00:00.000000+0000,662.1,6.633333333333333,87.61666666666667,3.4,224,,0.0
2024-07-21T21:00:00.000000+0000,662.0,7.0,85.16666666666667,3.6,244,,0.0
2024-07-21T22:00:00.000000+0000,661.8,6.2,93.89999999999999,3.6,248,,0.0
2024-07-21T23:00:00.000000+0000,661.6,5.6000000000000005,99.3,3.8,252,,0.0
2024-07-22T00:00:00.000000+0000,661.4,5.8999999999999995,99.36666666666666,2.8,255,,0.0
2024-07-22T01:00:00.000000+0000,661.4,5.566666666666667,99.35000000000001,2.9,219,,0.0
2024-07-22T02:00:00.000000+0000,661.4,5.316666666666667,99.14999999999999,2.7,230,,0.0
2024-07-22T03:00:00.000000+0000,661.8,5.383333333333333,97.93333333333334,1.1,238,,0.0
2024-07-22T04:00:00.000000+0000,662.2,5.716666666666666,99.3,1.7,174,,0.0
2024-07-22T05:00:00.000000+0000,662.6,6.866666666666667,99.26666666666667,1.2,287,,0.0
2024-07-22T06:00:00.000000+0000,663.0,7.683333333333333,99.23333333333333,2.2,289,,0.0
2024-07-22T07:00:00.000000+0000,663.3,7.683333333333334,99.25,2.8,286,,0.0
2024-07-22T08:00:00.000000+0000,663.4,7.666666666666667,99.33333333333333,2.4,302,,0.0
2024-07-22T09:00:00.000000+0000,663.3,7.25,99.38333333333333,2.2,259,,0.0
2024-07-22T10:00:00.000000+0000,663.1,8.166666666666666,99.35000000000001,3.5,282,,0.0
2024-07-22T11:00:00.000000+0000,662.7,7.883333333333333,99.36666666666666,3.4,277,,0.0
2024-07-22T12:00:00.000000+0000,662.1,7.433333333333334,99.35000000000001,5.1,259,,0.5
2024-07-22T13:00:00.000000+0000,661.9,6.933333333333333,99.39999999999999,4.3,280,,2.7
2024-07-22T14:00:00.000000+0000,661.8,7.333333333333333,99.39999999999999,3.3,270,,0.0
2024-07-22T15:00:00.000000+0000,662.1,6.716666666666666,99.4,4.1,270,,0.0
2024-07-22T16:00:00.000000+0000,662.2,6.233333333333333,,4.3,,,
2024-07-22T17:00:00.000000+0000,662.4,6.0,91.46666666666665,4.4,216,,
2024-07-22T18:00:00.000000+0000,662.8,5.816666666666666,91.26666666666667,3.4,226,,0.0
2024-07-22T19:00:00.000000+0000,663.1,5.3500000000000005,96.5,3.9,245,,0.0
2024-07-22T20:00:00.000000+0000,663.2,5.033333333333334,98.23333333333333,4.3,232,,0.0
2024-07-22T21:00:00.000000+0000,663.1,5.183333333333334,96.11666666666667,4.2,235,,0.0
2024-07-22T22:00:00.000000+0000,663.1,4.883333333333334,90.5,1.7,145,,0.0
2024-07-22T23:00:00.000000+0000,662.8,4.766666666666667,90.71666666666665,1.6,105,,0.0
2024-07-23T00:00:00.000000+0000,662.6,4.166666666666667,95.61666666666666,3.2,121,,0.0
2024-07-23T01:00:00.000000+0000,662.6,3.916666666666666,97.93333333333334,2.5,120,,0.0
2024-07-23T02:00:00.000000+0000,662.5,3.5666666666666664,97.45,1.9,164,,0.0
2024-07-23T03:00:00.000000+0000,662.8,3.8000000000000003,90.51666666666667,1.7,146,,0.0
2024-07-23T04:00:00.000000+0000,663.0,4.25,90.88333333333334,4.2,114,,0.0
2024-07-23T05:00:00.000000+0000,663.6,6.966666666666666,86.38333333333333,4.4,116,,0.0
2024-07-23T06:00:00.000000+0000,664.1,9.866666666666665,71.14999999999999,3.7,51,,0.0
2024-07-23T07:00:00.000000+0000,664.4,9.700000000000001,80.93333333333334,4.6,355,,0.0
2024-07-23T08:00:00.000000+0000,664.5,8.466666666666667,98.19999999999999,3.5,319,,0.0
2024-07-23T09:00:00.000000+0000,664.5,8.5,98.98333333333333,2.5,342,,0.0
2024-07-23T10:00:00.000000+0000,664.3,8.233333333333333,99.30000000000001,2.4,358,,0.4
2024-07-23T11:00:00.000000+0000,663.8,8.283333333333333,99.33333333333333,4.0,340,,0.0
2024-07-23T12:00:00.000000+0000,663.4,8.133333333333335,99.03333333333332,3.7,348,,0.0
2024-07-23T13:00:00.000000+0000,663.1,7.633333333333334,99.39999999999999,2.8,325,,0.0
2024-07-23T14:00:00.000000+0000,662.9,7.516666666666667,99.39999999999999,2.6,353,,0.0
2024-07-23T15:00:00.000000+0000,663.0,7.383333333333334,99.39999999999999,1.8,291,,0.0
2024-07-23T16:00:00.000000+0000,663.0,6.733333333333333,99.36666666666667,1.5,238,,0.0
2024-07-23T17:00:00.000000+0000,663.1,6.3,99.39999999999999,1.7,252,,0.0
2024-07-23T18:00:00.000000+0000,663.3,5.633333333333333,99.30000000000001,2.5,208,,0.0
2024-07-23T19:00:00.000000+0000,663.6,4.7,97.46666666666665,3.2,205,,0.0
2024-07-23T20:00:00.000000+0000,663.6,4.916666666666667,93.43333333333332,3.7,216,,0.0
2024-07-23T21:00:00.000000+0000,663.5,4.783333333333333,90.61666666666667,5.3,202,,0.0
2024-07-23T22:00:00.000000+0000,663.1,5.25,86.35000000000001,4.4,203,,0.0
2024-07-23T23:00:00.000000+0000,663.0,5.083333333333333,82.13333333333334,4.1,194,,0.0
2024-07-24T00:00:00.000000+0000,662.7,5.233333333333333,80.13333333333333,3.2,187,,0.0
2024-07-24T01:00:00.000000+0000,662.3,5.05,78.91666666666667,2.0,199,,0.0
2024-07-24T02:00:00.000000+0000,662.4,4.816666666666666,81.63333333333334,1.8,204,,0.0
2024-07-24T03:00:00.000000+0000,662.6,4.866666666666666,84.23333333333333,2.4,201,,0.0
2024-07-24T04:00:00.000000+0000,662.8,4.966666666666667,84.45,2.7,188,,0.0
2024-07-24T05:00:00.000000+0000,663.0,7.1000000000000005,77.89999999999999,2.0,204,,0.0
2024-07-24T06:00:00.000000+0000,663.4,9.183333333333332,76.26666666666667,1.7,302,,0.0
2024-07-24T07:00:00.000000+0000,663.6,8.65,92.36666666666667,2.6,326,,0.0
2024-07-24T08:00:00.000000+0000,663.6,8.683333333333334,97.11666666666667,3.9,321,,0.0
2024-07-24T09:00:00.000000+0000,663.4,8.950000000000001,95.16666666666667,4.4,313,,0.0
2024-07-24T10:00:00.000000+0000,663.1,9.4,91.91666666666667,4.5,337,,0.0
2024-07-24T11:00:00.000000+0000,662.7,9.566666666666666,88.76666666666667,3.8,315,,0.0
2024-07-24T12:00:00.000000+0000,662.3,8.883333333333333,95.23333333333333,4.6,314,,0.0
2024-07-24T13:00:00.000000+0000,662.1,8.700000000000001,95.41666666666667,3.9,316,,0.0
2024-07-24T14:00:00.000000+0000,661.8,8.483333333333334,98.13333333333333,2.1,275,,0.0
2024-07-24T15:00:00.000000+0000,661.8,8.066666666666668,99.3,2.8,266,,0.0
2024-07-24T16:00:00.000000+0000,661.8,6.949999999999999,98.86666666666666,2.5,249,,0.0
2024-07-24T17:00:00.000000+0000,661.9,5.083333333333333,94.45,2.8,230,,0.0
2024-07-24T18:00:00.000000+0000,662.3,4.933333333333334,89.80000000000001,3.6,223,,0.0
2024-07-24T19:00:00.000000+0000,662.6,5.75,97.36666666666666,2.9,240,,0.0
2024-07-24T20:00:00.000000+0000,662.6,5.5,99.08333333333333,2.9,230,,0.0
2024-07-24T21:00:00.000000+0000,662.4,4.766666666666667,98.38333333333333,3.4,215,,0.0
2024-07-24T22:00:00.000000+0000,662.0,4.733333333333333,98.33333333333333,4.2,218,,0.0
2024-07-24T23:00:00.000000+0000,661.4,4.783333333333332,96.01666666666667,4.1,227,,0.0
2024-07-25T00:00:00.000000+0000,661.1,4.916666666666666,92.38333333333333,4.0,202,0,0.0
2024-07-25T01:00:00.000000+0000,661.0,5.633333333333333,75.16666666666667,3.0,226,0,0.0
2024-07-25T02:00:00.000000+0000,661.0,4.783333333333334,80.01666666666667,3.7,215,0,0.0
2024-07-25T03:00:00.000000+0000,661.1,6.033333333333332,72.3,2.4,229,0,0.0
2024-07-25T04:00:00.000000+0000,661.6,6.5,65.64999999999999,2.3,305,0,0.0
2024-07-25T05:00:00.000000+0000,661.9,7.3500000000000005,72.81666666666668,3.3,298,0,0.0
2024-07-25T06:00:00.000000+0000,662.3,7.833333333333333,83.03333333333335,2.6,275,0,0.0
2024-07-25T07:00:00.000000+0000,662.6,8.200000000000001,83.93333333333332,3.5,292,0,0.0
2024-07-25T08:00:00.000000+0000,662.5,9.116666666666665,84.21666666666668,2.8,292,0,0.0
2024-07-25T09:00:00.000000+0000,662.1,9.799999999999999,78.8,4.5,301,478,0.0
2024-07-25T10:00:00.000000+0000,661.5,9.216666666666667,78.3,4.7,303,537,0.0
2024-07-25T11:00:00.000000+0000,661.1,10.116666666666667,75.81666666666668,5.0,293,681,0.0
2024-07-25T12:00:00.000000+0000,660.8,9.783333333333333,77.81666666666668,5.8,326,383,0.0
2024-07-25T13:00:00.000000+0000,660.5,9.966666666666667,80.43333333333334,6.3,312,410,0.0
2024-07-25T14:00:00.000000+0000,660.4,10.316666666666668,74.0,5.5,308,389,0.0
2024-07-25T15:00:00.000000+0000,660.3,9.116666666666669,82.76666666666667,4.2,300,195,0.0
2024-07-25T16:00:00.000000+0000,660.3,7.8999999999999995,95.11666666666667,3.4,297,17,0.0
2024-07-25T17:00:00.000000+0000,660.4,6.183333333333333,91.0,3.4,231,0,0.0
2024-07-25T18:00:00.000000+0000,660.7,6.333333333333333,91.0,3.5,242,0,0.0
2024-07-25T19:00:00.000000+0000,660.9,6.216666666666666,92.8,4.4,233,0,0.0
2024-07-25T20:00:00.000000+0000,660.9,6.316666666666666,92.63333333333334,4.4,241,0,0.0
2024-07-25T21:00:00.000000+0000,660.6,5.599999999999999,90.80000000000001,4.7,241,0,0.0
2024-07-25T22:00:00.000000+0000,660.2,5.249999999999999,80.06666666666668,4.7,224,0,0.0
2024-07-25T23:00:00.000000+0000,659.9,4.916666666666667,86.85000000000001,5.4,233,0,0.0
2024-07-26T00:00:00.000000+0000,659.7,5.233333333333334,85.8,5.6,241,0,0.0
2024-07-26T01:00:00.000000+0000,659.6,5.416666666666667,86.38333333333333,5.9,228,0,0.0
2024-07-26T02:00:00.000000+0000,659.7,5.066666666666666,82.28333333333333,4.4,230,0,0.0
2024-07-26T03:00:00.000000+0000,659.9,5.116666666666667,85.51666666666667,4.8,232,0,0.0
2024-07-26T04:00:00.000000+0000,660.3,5.433333333333334,90.0,5.2,239,10,0.0
2024-07-26T05:00:00.000000+0000,660.6,6.583333333333333,92.48333333333333,3.6,255,122,0.0
2024-07-26T06:00:00.000000+0000,661.0,7.183333333333334,94.46666666666665,4.3,266,292,0.0
2024-07-26T07:00:00.000000+0000,661.5,8.666666666666666,85.36666666666667,3.2,260,523,0.0
2024-07-26T08:00:00.000000+0000,661.5,8.3,89.43333333333334,3.5,280,532,0.0
2024-07-26T09:00:00.000000+0000,661.2,9.4,87.2,4.0,284,622,0.0
2024-07-26T10:00:00.000000+0000,660.7,9.183333333333335,87.10000000000001,5.9,287,461,0.0
2024-07-26T11:00:00.000000+0000,660.5,7.300000000000001,96.28333333333335,3.9,293,193,2.1
2024-07-26T12:00:00.000000+0000,660.3,8.2,83.88333333333333,2.3,249,240,0.0
2024-07-26T13:00:00.000000+0000,659.9,10.233333333333334,66.26666666666667,2.2,292,500,0.0
2024-07-26T14:00:00.000000+0000,659.9,9.883333333333333,77.23333333333333,4.5,320,349,0.0
2024-07-26T15:00:00.000000+0000,660.0,7.733333333333333,95.35000000000001,2.6,270,48,0.0
2024-07-26T16:00:00.000000+0000,660.2,7.283333333333332,96.86666666666667,2.3,259,2,0.0
2024-07-26T17:00:00.000000+0000,660.5,7.183333333333334,95.28333333333335,2.8,293,0,0.0
2024-07-26T18:00:00.000000+0000,661.0,6.516666666666667,97.28333333333332,2.7,235,0,0.0
2024-07-26T19:00:00.000000+0000,661.2,6.516666666666666,89.85000000000001,2.6,215,0,0.0
2024-07-26T20:00:00.000000+0000,661.2,5.95,91.16666666666667,3.3,205,0,0.0
2024-07-26T21:00:00.000000+0000,661.2,6.016666666666667,93.06666666666668,1.6,228,0,0.0
2024-07-26T22:00:00.000000+0000,660.8,5.866666666666666,96.13333333333334,2.3,225,0,0.0
2024-07-26T23:00:00.000000+0000,660.3,6.166666666666667,98.23333333333335,4.4,275,0,0.1
2024-07-27T00:00:00.000000+0000,660.1,6.050000000000001,99.2,4.1,257,0,0.2
2024-07-27T01:00:00.000000+0000,660.0,6.1000000000000005,99.2,3.7,256,0,0.9
2024-07-27T02:00:00.000000+0000,660.2,6.050000000000001,99.2,2.5,254,0,1.0
2024-07-27T03:00:00.000000+0000,660.5,5.9,99.2,4.7,244,0,0.0
2024-07-27T10:00:00.000000+0000,661.1,7.825,96.775,3.6,299,129,4.5
2024-07-27T11:00:00.000000+0000,660.8,7.533333333333332,98.46666666666665,2.5,290,137,2.0
2024-07-27T12:00:00.000000+0000,660.5,6.616666666666666,98.64999999999999,2.5,247,154,0.6
2024-07-27T13:00:00.000000+0000,660.3,8.083333333333334,93.51666666666665,2.0,279,206,0.0
2024-07-27T14:00:00.000000+0000,660.1,7.6499999999999995,97.33333333333333,1.6,286,93,0.2
2024-07-27T15:00:00.000000+0000,660.5,7.0666666666666655,98.5,2.7,277,18,0.8
2024-07-27T16:00:00.000000+0000,660.6,6.716666666666668,98.86666666666667,2.8,258,3,0.4
2024-07-27T17:00:00.000000+0000,660.8,6.5,96.55000000000001,2.3,208,0,0.1
2024-07-27T18:00:00.000000+0000,660.9,5.983333333333333,94.76666666666667,1.4,193,0,0.0
2024-07-27T19:00:00.000000+0000,661.1,5.366666666666666,88.05000000000001,2.0,204,0,0.0
2024-07-27T20:00:00.000000+0000,661.2,5.266666666666667,84.68333333333334,2.6,211,0,0.0
2024-07-27T21:00:00.000000+0000,661.1,5.3999999999999995,83.18333333333334,2.9,218,0,0.0
2024-07-27T22:00:00.000000+0000,660.9,5.533333333333332,80.91666666666667,2.2,208,0,0.0
2024-07-27T23:00:00.000000+0000,660.5,4.633333333333334,83.3,1.8,180,0,0.0
2024-07-28T00:00:00.000000+0000,660.3,5.449999999999999,83.03333333333333,2.5,119,0,0.0
2024-07-28T01:00:00.000000+0000,660.3,6.25,83.25,3.8,120,0,0.0
2024-07-28T02:00:00.000000+0000,660.6,6.316666666666666,83.55,3.5,105,0,0.0
2024-07-28T03:00:00.000000+0000,660.9,6.266666666666667,84.9,4.0,113,0,0.0
2024-07-28T04:00:00.000000+0000,661.1,6.333333333333333,84.80000000000001,4.4,121,6,0.0
2024-07-28T05:00:00.000000+0000,661.7,7.266666666666668,83.75,4.0,99,89,0.0
2024-07-28T06:00:00.000000+0000,662.2,8.233333333333333,81.66666666666667,4.1,67,201,0.0
2024-07-28T07:00:00.000000+0000,662.5,9.466666666666667,79.46666666666665,3.4,22,399,0.0
2024-07-28T08:00:00.000000+0000,662.3,8.983333333333334,87.93333333333334,4.2,357,411,0.0
2024-07-28T09:00:00.000000+0000,662.0,8.633333333333335,90.78333333333335,3.9,8,234,0.0
2024-07-28T10:00:00.000000+0000,661.5,7.583333333333333,97.25,3.6,55,165,1.3
2024-07-28T11:00:00.000000+0000,661.0,8.733333333333333,90.40000000000002,2.5,22,391,1.8
2024-07-28T12:00:00.000000+0000,660.6,6.783333333333334,98.53333333333335,3.9,282,66,8.3
2024-07-28T13:00:00.000000+0000,660.4,7.016666666666667,92.03333333333335,2.4,192,114,1.5
2024-07-28T14:00:00.000000+0000,660.4,8.483333333333334,81.05,1.6,231,254,0.0
2024-07-28T15:00:00.000000+0000,660.5,8.283333333333333,92.36666666666666,2.7,322,118,0.0
2024-07-28T16:00:00.000000+0000,661.0,7.266666666666666,96.26666666666667,1.7,245,6,0.0
2024-07-28T17:00:00.000000+0000,660.9,6.833333333333335,95.85000000000001,1.9,218,0,0.0
2024-07-28T18:00:00.000000+0000,660.8,5.633333333333334,92.68333333333334,2.0,219,0,0.0
2024-07-28T19:00:00.000000+0000,661.3,6.400000000000001,96.93333333333334,1.7,238,0,0.3
2024-07-28T20:00:00.000000+0000,661.1,6.283333333333332,95.26666666666667,3.3,212,0,0.0
2024-07-28T21:00:00.000000+0000,660.7,5.5,90.91666666666667,2.5,237,0,0.0
2024-07-28T22:00:00.000000+0000,660.2,5.533333333333334,93.8,3.8,216,0,0.0
2024-07-28T23:00:00.000000+0000,659.7,5.666666666666667,90.39999999999999,3.9,220,0,0.0
2024-07-29T00:00:00.000000+0000,659.5,6.283333333333332,90.81666666666666,2.9,226,0,0.0
2024-07-29T01:00:00.000000+0000,659.5,6.1000000000000005,88.11666666666667,2.7,204,0,0.0
2024-07-29T02:00:00.000000+0000,659.7,6.166666666666667,84.45,4.3,191,0,0.0
2024-07-29T03:00:00.000000+0000,660.0,6.183333333333334,83.5,2.1,191,0,0.0
2024-07-29T04:00:00.000000+0000,660.3,7.199999999999999,81.86666666666667,1.9,222,6,0.0
2024-07-29T05:00:00.000000+0000,660.9,7.566666666666667,84.64999999999999,0.9,277,71,0.0
2024-07-29T06:00:00.000000+0000,661.4,8.399999999999999,86.7,1.1,299,223,0.0
2024-07-29T07:00:00.000000+0000,661.7,8.533333333333333,90.06666666666666,2.5,336,216,0.0
2024-07-29T08:00:00.000000+0000,661.7,8.516666666666667,93.86666666666667,3.4,4,265,0.0
2024-07-29T09:00:00.000000+0000,661.4,9.083333333333334,90.11666666666666,2.4,315,421,0.0
2024-07-29T10:00:00.000000+0000,660.8,8.433333333333332,95.78333333333335,4.1,342,140,0.0
2024-07-29T11:00:00.000000+0000,660.4,7.883333333333333,93.3,2.5,13,171,0.0
2024-07-29T12:00:00.000000+0000,660.0,8.616666666666667,81.96666666666667,2.0,43,239,0.0
2024-07-29T13:00:00.000000+0000,659.7,9.133333333333333,69.51666666666667,2.2,65,147,0.0
2024-07-29T14:00:00.000000+0000,659.7,7.483333333333333,87.75000000000001,2.6,258,61,0.0
2024-07-29T15:00:00.000000+0000,659.7,7.733333333333333,87.40000000000002,1.6,264,44,0.0
2024-07-29T16:00:00.000000+0000,660.1,6.95,97.76666666666667,1.2,308,2,0.2
2024-07-29T17:00:00.000000+0000,660.3,6.683333333333334,96.53333333333332,1.6,234,0,0.0
2024-07-29T18:00:00.000000+0000,660.4,6.633333333333334,97.2,1.8,215,0,0.7
2024-07-29T19:00:00.000000+0000,660.7,6.466666666666666,98.73333333333333,1.9,264,0,0.4
2024-07-29T20:00:00.000000+0000,660.8,6.3,99.18333333333334,2.9,283,0,1.0
2024-07-29T21:00:00.000000+0000,660.6,5.999999999999999,98.61666666666667,1.4,207,0,0.0
2024-07-29T22:00:00.000000+0000,660.1,5.466666666666666,94.96666666666665,2.4,207,0,0.0
2024-07-29T23:00:00.000000+0000,659.6,5.483333333333333,87.5,2.4,220,0,0.0
2024-07-30T00:00:00.000000+0000,659.4,5.916666666666667,88.30000000000001,1.1,119,0,0.0
2024-07-30T01:00:00.000000+0000,659.5,6.066666666666666,88.39999999999999,1.6,101,0,0.1
2024-07-30T02:00:00.000000+0000,659.8,6.016666666666667,90.93333333333334,3.5,124,0,1.0
2024-07-30T03:00:00.000000+0000,660.0,6.116666666666667,89.7,3.0,134,0,0.6
2024-07-30T04:00:00.000000+0000,660.3,6.166666666666667,89.36666666666667,2.5,105,2,0.3
2024-07-30T05:00:00.000000+0000,660.8,5.800000000000001,93.11666666666667,2.8,138,20,7.6
2024-07-30T06:00:00.000000+0000,661.3,6.500000000000001,89.03333333333332,5.2,123,100,0.4
2024-07-30T07:00:00.000000+0000,661.6,7.783333333333334,83.83333333333333,4.1,110,228,0.6
2024-07-30T08:00:00.000000+0000,661.6,8.533333333333333,87.03333333333335,3.4,60,314,0.0
2024-07-30T09:00:00.000000+0000,661.3,8.65,91.81666666666666,2.5,358,381,0.0
2024-07-30T10:00:00.000000+0000,660.7,8.216666666666667,97.35000000000001,4.1,317,245,0.0
2024-07-30T11:00:00.000000+0000,660.4,7.483333333333333,93.89999999999999,1.8,284,148,1.2
2024-07-30T12:00:00.000000+0000,659.8,6.833333333333333,94.88333333333333,3.5,85,111,3.9
2024-07-30T13:00:00.000000+0000,659.5,7.333333333333333,86.95,3.1,135,155,7.7
2024-07-30T14:00:00.000000+0000,659.5,7.483333333333333,91.61666666666667,2.4,360,141,0.4
2024-07-30T15:00:00.000000+0000,659.8,6.183333333333334,98.39999999999999,0.9,315,25,0.0
2024-07-30T16:00:00.000000+0000,659.8,6.2,95.2,1.5,219,12,0.0
2024-07-30T17:00:00.000000+0000,660.0,5.866666666666666,90.89999999999999,1.7,122,0,0.0
2024-07-30T18:00:00.000000+0000,660.3,5.583333333333333,90.85000000000001,3.6,120,0,0.0
2024-07-30T19:00:00.000000+0000,660.7,5.216666666666667,89.10000000000001,3.2,118,0,0.0
2024-07-30T20:00:00.000000+0000,660.8,5.3,84.7,1.2,153,0,0.0
2024-07-30T21:00:00.000000+0000,660.7,5.083333333333333,84.61666666666667,1.6,209,0,0.0
2024-07-30T22:00:00.000000+0000,660.5,5.016666666666667,85.88333333333334,1.2,104,0,0.0
2024-07-30T23:00:00.000000+0000,660.2,5.916666666666667,81.51666666666667,1.3,60,0,0.0
2024-07-31T00:00:00.000000+0000,660.0,6.333333333333333,79.61666666666667,1.5,189,0,0.0
2024-07-31T01:00:00.000000+0000,659.8,6.8,75.55,0.8,270,0,0.0
2024-07-31T02:00:00.000000+0000,659.8,6.683333333333334,76.89999999999999,0.6,146,0,0.0
2024-07-31T03:00:00.000000+0000,660.1,6.633333333333334,77.66666666666667,1.5,146,0,0.0
2024-07-31T04:00:00.000000+0000,660.3,6.516666666666667,79.95,1.0,162,3,0.0
2024-07-31T05:00:00.000000+0000,660.7,7.433333333333333,78.46666666666668,1.6,125,49,0.0
2024-07-31T06:00:00.000000+0000,661.4,8.450000000000001,75.39999999999999,1.1,263,116,0.0
2024-07-31T07:00:00.000000+0000,661.9,9.116666666666665,71.45,1.3,299,216,0.0
2024-07-31T08:00:00.000000+0000,661.8,9.333333333333334,68.91666666666667,2.0,288,339,0.0
2024-07-31T09:00:00.000000+0000,661.6,9.5,71.93333333333334,2.6,286,468,0.0
2024-07-31T10:00:00.000000+0000,661.3,9.549999999999999,78.86666666666666,2.9,284,510,0.0
2024-07-31T11:00:00.000000+0000,660.9,9.083333333333334,87.89999999999999,4.6,294,447,0.0
2024-07-31T12:00:00.000000+0000,660.4,8.049999999999999,90.23333333333335,3.9,303,298,0.0
2024-07-31T13:00:00.000000+0000,660.0,7.233333333333333,96.5,2.8,309,105,0.0
2024-07-31T14:00:00.000000+0000,660.0,6.866666666666667,97.13333333333334,1.8,329,42,5.8
2024-07-31T15:00:00.000000+0000,660.1,6.566666666666666,98.46666666666668,1.8,67,22,0.8
2024-07-31T16:00:00.000000+0000,660.3,6.516666666666667,97.55000000000001,2.3,117,10,0.0
2024-07-31T17:00:00.000000+0000,660.6,6.616666666666666,89.75,0.8,219,0,0.0
2024-07-31T18:00:00.000000+0000,660.8,5.2,89.39999999999999,2.0,135,0,0.0
2024-07-31T19:00:00.000000+0000,661.2,4.816666666666666,84.13333333333334,2.8,123,0,0.0
2024-07-31T20:00:00.000000+0000,661.4,5.133333333333333,81.2,2.0,121,0,0.0
2024-07-31T21:00:00.000000+0000,661.3,5.05,79.39999999999999,1.2,204,0,0.0
2024-07-31T22:00:00.000000+0000,661.0,4.733333333333333,78.41666666666667,0.9,171,0,0.0
2024-07-31T23:00:00.000000+0000,660.6,4.3500000000000005,78.68333333333332,1.0,201,0,0.0
2024-08-01T00:00:00.000000+0000,660.3,4.25,76.08333333333333,1.0,126,0,0.0
2024-08-01T01:00:00.000000+0000,660.1,4.55,74.6,1.3,189,0,0.0
2024-08-01T02:00:00.000000+0000,660.2,4.283333333333334,74.3,1.1,130,0,0.0
2024-08-01T03:00:00.000000+0000,660.5,4.283333333333333,72.55,1.2,207,0,0.0
2024-08-01T04:00:00.000000+0000,660.9,3.9000000000000004,70.83333333333333,1.5,180,14,0.0
2024-08-01T05:00:00.000000+0000,661.5,6.683333333333334,65.05,1.0,90,187,0.0
2024-08-01T06:00:00.000000+0000,662.1,8.25,62.71666666666666,2.5,18,406,0.0
2024-08-01T07:00:00.000000+0000,662.4,8.833333333333334,68.18333333333332,3.1,325,618,0.0
2024-08-01T08:00:00.000000+0000,662.5,7.95,90.21666666666668,2.7,312,403,0.0
2024-08-01T09:00:00.000000+0000,662.2,7.6499999999999995,95.66666666666667,2.5,326,207,0.0
2024-08-01T10:00:00.000000+0000,662.1,7.5,98.31666666666668,2.6,328,229,0.0
2024-08-01T11:00:00.000000+0000,661.7,7.7,95.3,3.0,327,289,0.0
2024-08-01T12:00:00.000000+0000,661.2,7.983333333333333,93.88333333333333,3.8,309,339,0.0
2024-08-01T13:00:00.000000+0000,660.8,8.033333333333333,91.43333333333334,4.2,295,288,0.0
2024-08-01T14:00:00.000000+0000,660.7,7.566666666666666,94.83333333333333,3.0,288,181,0.0
2024-08-01T15:00:00.000000+0000,660.8,7.066666666666666,97.98333333333335,2.1,280,57,0.0
2024-08-01T16:00:00.000000+0000,660.8,6.55,98.2,2.7,286,13,0.0
2024-08-01T17:00:00.000000+0000,660.9,5.1000000000000005,97.5,2.3,238,0,0.0
2024-08-01T18:00:00.000000+0000,661.2,4.85,95.78333333333335,3.4,249,0,0.0
2024-08-01T19:00:00.000000+0000,661.3,5.400000000000001,94.08333333333333,4.6,249,0,0.0
2024-08-01T20:00:00.000000+0000,661.5,5.266666666666667,94.28333333333335,5.4,233,0,0.0
2024-08-01T21:00:00.000000+0000,661.3,5.3500000000000005,86.01666666666667,4.6,232,0,0.0
2024-08-01T22:00:00.000000+0000,660.9,4.833333333333333,91.41666666666667,5.3,238,0,0.0
2024-08-01T23:00:00.000000+0000,660.5,5.050000000000001,90.25,5.2,222,0,0.0
2024-08-02T00:00:00.000000+0000,660.3,4.816666666666666,87.81666666666666,5.2,219,0,0.0
2024-08-02T01:00:00.000000+0000,660.3,5.233333333333333,86.56666666666668,5.4,214,0,0.0
2024-08-02T02:00:00.000000+0000,660.4,4.433333333333334,90.56666666666668,4.0,235,0,0.0
2024-08-02T03:00:00.000000+0000,660.8,4.933333333333334,91.38333333333334,4.9,240,0,0.0
2024-08-02T04:00:00.000000+0000,661.0,5.1000000000000005,90.13333333333334,3.6,226,9,0.0
2024-08-02T05:00:00.000000+0000,661.3,6.199999999999999,85.01666666666667,3.4,234,160,0.0
2024-08-02T06:00:00.000000+0000,661.9,7.449999999999999,81.33333333333333,2.2,264,386,0.0
2024-08-02T07:00:00.000000+0000,662.3,8.249999999999998,88.35000000000001,2.8,272,586,0.0
2024-08-02T08:00:00.000000+0000,662.4,8.5,87.11666666666667,3.0,279,681,0.0
2024-08-02T09:00:00.000000+0000,662.2,8.7,84.13333333333334,3.0,325,514,0.0
2024-08-02T10:00:00.000000+0000,661.7,9.166666666666668,84.73333333333335,3.8,319,516,0.0
2024-08-02T11:00:00.000000+0000,661.3,9.049999999999999,86.33333333333333,4.2,342,414,0.0
2024-08-02T12:00:00.000000+0000,660.8,8.266666666666666,92.86666666666667,3.1,304,262,0.0
2024-08-02T13:00:00.000000+0000,660.4,7.533333333333334,94.53333333333332,3.3,315,136,0.0
2024-08-02T14:00:00.000000+0000,660.3,7.416666666666665,93.08333333333333,1.6,342,103,0.1
2024-08-02T15:00:00.000000+0000,660.2,7.166666666666667,96.46666666666665,2.2,317,24,0.0
2024-08-02T16:00:00.000000+0000,660.4,6.816666666666666,98.46666666666668,2.6,301,2,0.0
2024-08-02T17:00:00.000000+0000,660.6,6.583333333333333,99.16666666666667,4.1,322,0,2.3
2024-08-02T18:00:00.000000+0000,660.9,6.133333333333333,99.2,3.4,264,0,0.4
2024-08-02T19:00:00.000000+0000,661.4,5.833333333333333,99.2,4.3,263,0,0.0
2024-08-02T20:00:00.000000+0000,661.4,5.7,99.2,4.7,252,0,0.0
2024-08-02T21:00:00.000000+0000,661.1,5.566666666666666,99.11666666666667,4.5,242,0,0.0
2024-08-02T22:00:00.000000+0000,660.5,5.366666666666666,98.71666666666665,3.7,252,0,0.0
2024-08-02T23:00:00.000000+0000,660.1,5.016666666666667,99.14999999999999,2.7,234,0,0.0
2024-08-03T00:00:00.000000+0000,659.6,4.233333333333333,99.08333333333333,2.7,241,0,0.0
2024-08-03T01:00:00.000000+0000,659.5,4.3,95.89999999999999,4.3,215,0,0.0
2024-08-03T02:00:00.000000+0000,659.8,4.316666666666666,90.5,3.3,218,0,0.0
2024-08-03T03:00:00.000000+0000,660.1,4.716666666666667,84.13333333333333,3.9,197,0,0.0
2024-08-03T04:00:00.000000+0000,660.4,5.533333333333334,81.11666666666666,5.0,189,9,0.0
2024-08-03T05:00:00.000000+0000,661.0,6.766666666666667,83.3,3.2,237,141,0.0
2024-08-03T06:00:00.000000+0000,661.7,8.083333333333334,85.46666666666665,3.7,262,401,0.0
2024-08-03T07:00:00.000000+0000,662.1,8.783333333333333,88.31666666666668,3.8,281,480,0.0
2024-08-03T08:00:00.000000+0000,662.3,8.933333333333332,86.13333333333333,4.1,292,495,0.0
2024-08-03T09:00:00.000000+0000,662.0,9.266666666666666,,3.4,,,
2024-08-03T10:00:00.000000+0000,661.5,9.383333333333333,,3.7,,,
2024-08-03T11:00:00.000000+0000,660.9,9.483333333333333,,3.9,,,
2024-08-03T12:00:00.000000+0000,660.3,9.433333333333332,89.1,4.1,,,
2024-08-03T13:00:00.000000+0000,660.0,9.233333333333333,91.08333333333333,4.2,300,359,0.0
2024-08-03T14:00:00.000000+0000,659.9,7.833333333333333,98.23333333333333,2.4,309,32,0.0
2024-08-03T15:00:00.000000+0000,660.0,7.133333333333333,96.64999999999999,1.7,245,44,0.0
2024-08-03T16:00:00.000000+0000,660.4,6.783333333333332,93.21666666666665,1.5,194,13,0.0
2024-08-03T17:00:00.000000+0000,660.3,5.733333333333334,87.13333333333333,1.5,225,0,0.0
2024-08-03T18:00:00.000000+0000,660.9,5.866666666666667,96.01666666666667,4.6,227,0,0.0
2024-08-03T19:00:00.000000+0000,661.1,5.133333333333334,87.96666666666665,2.7,218,0,0.0
2024-08-03T20:00:00.000000+0000,661.4,4.983333333333333,92.18333333333334,2.1,238,0,0.0
2024-08-03T21:00:00.000000+0000,661.2,4.033333333333333,70.43333333333334,1.6,197,0,0.0
2024-08-03T22:00:00.000000+0000,660.6,4.133333333333333,63.800000000000004,1.8,107,0,0.0
2024-08-03T23:00:00.000000+0000,660.2,3.1666666666666665,62.76666666666667,2.2,133,0,0.0
2024-08-04T00:00:00.000000+0000,659.9,4.066666666666666,52.800000000000004,0.7,207,0,0.0
2024-08-04T01:00:00.000000+0000,659.7,4.2,56.9,1.5,218,0,0.0
2024-08-04T02:00:00.000000+0000,659.8,3.833333333333334,67.10000000000001,1.6,220,0,0.0
2024-08-04T03:00:00.000000+0000,659.9,4.933333333333334,45.583333333333336,1.4,175,0,0.0
2024-08-04T04:00:00.000000+0000,660.2,4.266666666666667,53.88333333333333,1.2,207,15,0.0
2024-08-04T05:00:00.000000+0000,660.8,6.066666666666666,69.13333333333333,0.9,262,199,0.0
2024-08-04T06:00:00.000000+0000,661.6,8.116666666666665,66.06666666666668,1.6,270,424,0.0
2024-08-04T07:00:00.000000+0000,661.9,8.549999999999999,81.01666666666667,3.0,300,637,0.0
2024-08-04T08:00:00.000000+0000,662.1,9.1,82.83333333333333,3.7,289,648,0.0
2024-08-04T09:00:00.000000+0000,661.9,9.200000000000001,86.06666666666666,4.4,300,491,0.0
2024-08-04T10:00:00.000000+0000,661.5,9.0,87.13333333333334,3.9,302,405,0.0
2024-08-04T11:00:00.000000+0000,661.0,8.166666666666666,92.31666666666666,4.0,302,186,0.0
2024-08-04T12:00:00.000000+0000,660.5,8.366666666666667,91.06666666666666,3.6,310,279,0.0
2024-08-04T13:00:00.000000+0000,660.2,8.9,88.43333333333334,3.3,309,373,0.0
2024-08-04T14:00:00.000000+0000,660.0,8.316666666666668,92.88333333333334,2.3,281,145,0.0
2024-08-04T15:00:00.000000+0000,660.0,8.066666666666665,96.03333333333335,4.0,269,39,0.0
2024-08-04T16:00:00.000000+0000,660.0,6.416666666666667,97.35000000000001,3.3,255,5,0.0
2024-08-04T17:00:00.000000+0000,660.0,5.3500000000000005,88.46666666666668,2.0,234,0,0.0
2024-08-04T18:00:00.000000+0000,660.3,4.833333333333334,62.53333333333334,3.8,214,0,0.0
2024-08-04T19:00:00.000000+0000,660.5,5.866666666666666,43.300000000000004,2.8,251,0,0.0
2024-08-04T20:00:00.000000+0000,660.6,5.433333333333333,55.53333333333333,3.3,232,0,0.0
2024-08-04T21:00:00.000000+0000,660.6,5.133333333333334,64.18333333333332,1.5,222,0,0.0
2024-08-04T22:00:00.000000+0000,660.1,5.25,76.66666666666667,2.6,236,0,0.0
2024-08-04T23:00:00.000000+0000,659.6,4.333333333333334,76.28333333333333,3.4,230,0,0.0
2024-08-05T00:00:00.000000+0000,659.2,4.066666666666666,74.95,3.4,238,0,0.0
2024-08-05T01:00:00.000000+0000,659.1,3.85,81.76666666666667,3.1,234,0,0.0
2024-08-05T02:00:00.000000+0000,659.2,4.116666666666666,73.58333333333333,2.7,225,0,0.0
2024-08-05T03:00:00.000000+0000,659.4,3.883333333333333,64.21666666666665,1.9,196,0,0.0
2024-08-05T04:00:00.000000+0000,659.8,3.5500000000000003,68.46666666666667,2.0,219,17,0.0
2024-08-05T05:00:00.000000+0000,660.4,5.05,70.66666666666667,2.7,232,206,0.0
2024-08-05T06:00:00.000000+0000,661.0,6.8999999999999995,73.63333333333333,3.5,275,418,0.0
2024-08-05T07:00:00.000000+0000,661.2,6.800000000000001,89.85000000000001,3.8,289,334,0.0
2024-08-05T08:00:00.000000+0000,661.4,7.399999999999999,90.81666666666666,4.5,287,379,0.0
2024-08-05T09:00:00.000000+0000,661.3,7.116666666666667,95.05000000000001,4.6,309,264,0.0
2024-08-05T10:00:00.000000+0000,661.1,7.583333333333333,91.88333333333334,4.4,331,240,0.0
2024-08-05T11:00:00.000000+0000,660.9,7.95,90.31666666666668,4.2,305,324,0.0
2024-08-05T12:00:00.000000+0000,660.6,9.416666666666666,78.96666666666665,4.3,295,601,0.0
2024-08-05T13:00:00.000000+0000,660.2,8.700000000000001,80.85000000000001,4.1,283,289,0.0
2024-08-05T14:00:00.000000+0000,660.2,9.433333333333334,78.25,4.8,288,330,0.0
2024-08-05T15:00:00.000000+0000,660.2,7.416666666666668,94.35000000000001,2.9,272,23,0.0
2024-08-05T16:00:00.000000+0000,660.3,6.566666666666667,97.90000000000002,4.9,281,6,9.0
2024-08-05T17:00:00.000000+0000,660.2,5.716666666666668,92.46666666666665,4.4,248,0,0.2
2024-08-05T18:00:00.000000+0000,660.5,5.95,94.01666666666665,3.5,237,0,0.1
2024-08-05T19:00:00.000000+0000,660.7,6.066666666666666,96.98333333333333,4.4,241,0,0.0
2024-08-05T20:00:00.000000+0000,660.6,5.366666666666666,95.48333333333333,2.9,247,0,0.0
2024-08-05T21:00:00.000000+0000,660.6,5.666666666666667,95.06666666666666,2.2,229,0,0.0
2024-08-05T22:00:00.000000+0000,660.3,5.983333333333333,91.96666666666665,3.7,231,0,0.0
2024-08-05T23:00:00.000000+0000,659.9,5.566666666666666,93.19999999999999,2.6,230,0,0.0
2024-08-06T00:00:00.000000+0000,659.6,6.05,92.51666666666667,2.6,245,0,0.0
2024-08-06T01:00:00.000000+0000,659.5,5.916666666666667,93.38333333333333,2.3,236,0,0.0
2024-08-06T02:00:00.000000+0000,659.6,5.183333333333334,95.61666666666667,2.3,215,0,0.0
2024-08-06T03:00:00.000000+0000,659.9,5.2,89.83333333333333,1.9,218,0,0.0
2024-08-06T04:00:00.000000+0000,660.1,5.1499999999999995,83.63333333333333,3.2,202,9,0.0
2024-08-06T05:00:00.000000+0000,660.6,6.2,83.55,2.5,243,102,0.0
2024-08-06T06:00:00.000000+0000,661.1,7.099999999999999,73.7,3.2,270,369,0.0
2024-08-06T07:00:00.000000+0000,661.3,7.816666666666666,85.68333333333334,4.2,279,563,0.0
2024-08-06T08:00:00.000000+0000,661.4,8.033333333333333,90.66666666666667,3.4,284,467,0.0
2024-08-06T09:00:00.000000+0000,661.3,8.866666666666667,89.71666666666668,4.0,300,661,0.0
2024-08-06T10:00:00.000000+0000,660.8,8.6,91.01666666666667,4.1,307,419,0.2
2024-08-06T11:00:00.000000+0000,660.4,7.383333333333334,98.2,3.8,14,103,8.2
2024-08-06T12:00:00.000000+0000,660.0,8.0,96.83333333333333,3.8,327,303,0.0
2024-08-06T13:00:00.000000+0000,659.7,7.7,91.19999999999999,3.2,79,234,1.2
2024-08-06T14:00:00.000000+0000,659.5,9.516666666666667,82.8,2.9,347,448,0.1
2024-08-06T15:00:00.000000+0000,659.7,7.533333333333334,95.83333333333333,1.6,5,56,0.0
2024-08-06T16:00:00.000000+0000,660.2,6.966666666666666,97.33333333333333,1.6,28,4,0.0
2024-08-06T17:00:00.000000+0000,660.2,6.533333333333334,98.43333333333334,2.4,40,0,1.8
2024-08-06T18:00:00.000000+0000,660.4,5.666666666666667,97.86666666666667,2.5,252,0,2.4
2024-08-06T19:00:00.000000+0000,660.7,5.7,94.73333333333333,3.3,231,0,0.0
2024-08-06T20:00:00.000000+0000,660.8,6.300000000000001,86.31666666666666,1.6,241,0,0.1
2024-08-06T21:00:00.000000+0000,660.5,5.066666666666666,88.21666666666665,2.6,223,0,0.0
2024-08-06T22:00:00.000000+0000,659.9,4.433333333333333,89.01666666666667,3.3,223,0,0.0
2024-08-06T23:00:00.000000+0000,659.7,4.449999999999999,87.64999999999999,3.1,212,0,0.0
2024-08-07T00:00:00.000000+0000,659.4,5.1000000000000005,84.25,3.5,213,0,0.0
2024-08-07T01:00:00.000000+0000,659.2,5.516666666666667,83.8,4.3,224,0,0.0
2024-08-07T02:00:00.000000+0000,659.2,5.483333333333333,83.26666666666667,3.3,202,0,0.0
2024-08-07T03:00:00.000000+0000,659.6,5.1000000000000005,82.61666666666666,2.4,214,0,0.0
2024-08-07T04:00:00.000000+0000,659.8,5.433333333333334,79.26666666666667,2.0,180,18,0.0
2024-08-07T05:00:00.000000+0000,660.3,7.133333333333334,75.98333333333333,1.4,221,201,0.0
2024-08-07T06:00:00.000000+0000,660.7,7.766666666666667,77.05,2.4,290,419,0.0
2024-08-07T07:00:00.000000+0000,661.0,8.516666666666666,81.73333333333333,2.3,293,626,0.0
2024-08-07T08:00:00.000000+0000,661.1,8.516666666666667,87.43333333333332,3.4,312,559,0.0
2024-08-07T09:00:00.000000+0000,660.9,8.066666666666666,92.64999999999999,2.8,313,191,0.0
2024-08-07T10:00:00.000000+0000,660.7,7.800000000000001,96.68333333333334,3.8,338,113,0.0
2024-08-07T11:00:00.000000+0000,660.3,8.116666666666667,95.05,3.5,314,126,0.4
2024-08-07T12:00:00.000000+0000,659.7,6.833333333333333,98.25000000000001,2.4,357,33,4.2
2024-08-07T13:00:00.000000+0000,659.5,5.983333333333333,97.61666666666666,2.1,135,54,0.2
2024-08-07T14:00:00.000000+0000,659.5,6.733333333333333,93.5,1.4,127,49,0.0
2024-08-07T15:00:00.000000+0000,659.7,7.466666666666666,87.2,1.8,114,73,0.0
2024-08-07T16:00:00.000000+0000,659.8,5.933333333333334,95.08333333333333,2.6,131,16,0.0
2024-08-07T17:00:00.000000+0000,659.8,5.083333333333333,89.66666666666667,2.7,160,0,0.0
2024-08-07T18:00:00.000000+0000,660.0,4.833333333333333,88.96666666666665,2.8,199,0,0.0
2024-08-07T19:00:00.000000+0000,660.1,4.933333333333333,84.66666666666667,2.8,219,0,0.0
2024-08-07T20:00:00.000000+0000,660.0,4.95,84.48333333333333,3.2,204,0,0.0
2024-08-07T21:00:00.000000+0000,660.0,4.866666666666666,84.31666666666668,2.3,200,0,0.0
2024-08-07T22:00:00.000000+0000,659.7,4.3,81.76666666666667,0.9,180,0,0.0
2024-08-07T23:00:00.000000+0000,659.5,4.3500000000000005,83.7,1.9,207,0,0.0
2024-08-08T00:00:00.000000+0000,659.4,4.716666666666667,80.80000000000001,2.4,190,0,0.0
2024-08-08T01:00:00.000000+0000,659.3,4.533333333333333,81.95,3.1,186,0,0.0
2024-08-08T02:00:00.000000+0000,659.3,5.0,80.86666666666666,2.4,182,0,0.0
2024-08-08T03:00:00.000000+0000,659.5,4.983333333333333,82.5,1.1,198,0,0.0
2024-08-08T04:00:00.000000+0000,659.6,4.716666666666666,82.61666666666666,2.2,180,18,0.0
2024-08-08T05:00:00.000000+0000,660.1,8.4,75.13333333333333,2.0,66,206,0.0
2024-08-08T06:00:00.000000+0000,660.6,8.9,78.18333333333332,3.2,4,434,0.0
2024-08-08T07:00:00.000000+0000,660.9,9.216666666666667,79.08333333333333,2.9,2,513,0.0
2024-08-08T08:00:00.000000+0000,661.0,9.866666666666665,84.61666666666666,4.2,354,706,0.0
2024-08-08T09:00:00.000000+0000,660.7,8.033333333333333,93.5,3.6,338,176,0.0
2024-08-08T10:00:00.000000+0000,660.4,7.45,96.41666666666667,3.2,335,120,0.0
2024-08-08T11:00:00.000000+0000,660.1,7.366666666666667,98.08333333333333,2.9,322,123,0.0
2024-08-08T12:00:00.000000+0000,659.9,6.999999999999999,99.08333333333333,3.5,281,62,2.4
2024-08-08T13:00:00.000000+0000,659.5,7.199999999999999,99.2,3.0,295,105,0.1
2024-08-08T14:00:00.000000+0000,659.4,7.199999999999999,99.2,2.7,309,81,0.0
2024-08-08T15:00:00.000000+0000,659.4,6.95,99.2,1.9,287,55,0.0
2024-08-08T16:00:00.000000+0000,659.6,6.516666666666667,99.2,1.9,263,13,0.0
2024-08-08T17:00:00.000000+0000,659.7,5.183333333333334,99.2,3.0,239,0,0.0
2024-08-08T18:00:00.000000+0000,660.1,5.316666666666666,99.2,4.2,243,0,0.0
2024-08-08T19:00:00.000000+0000,660.5,4.866666666666667,97.86666666666666,5.2,235,0,0.0
2024-08-08T20:00:00.000000+0000,660.5,4.383333333333334,87.13333333333333,5.4,213,0,0.0
2024-08-08T21:00:00.000000+0000,660.5,4.616666666666666,74.86666666666666,3.5,224,0,0.0
2024-08-08T22:00:00.000000+0000,660.2,4.3,78.93333333333334,2.9,228,0,0.0
2024-08-08T23:00:00.000000+0000,660.0,4.1499999999999995,91.89999999999999,3.8,216,0,0.0
2024-08-09T00:00:00.000000+0000,659.7,3.5,86.98333333333333,5.4,222,0,0.0
2024-08-09T01:00:00.000000+0000,659.6,4.083333333333333,74.41666666666667,4.7,221,0,0.0
2024-08-09T02:00:00.000000+0000,659.8,4.283333333333333,73.06666666666666,3.9,223,0,0.0
2024-08-09T03:00:00.000000+0000,659.9,3.85,75.88333333333333,3.0,206,0,0.0
2024-08-09T04:00:00.000000+0000,660.2,3.3666666666666667,71.2,2.6,149,18,0.0
2024-08-09T05:00:00.000000+0000,660.7,7.05,63.35,3.5,80,206,0.0
2024-08-09T06:00:00.000000+0000,661.4,7.8,77.8,1.3,291,434,0.0
2024-08-09T07:00:00.000000+0000,661.6,7.750000000000001,86.48333333333333,3.1,299,376,0.0
2024-08-09T08:00:00.000000+0000,661.7,8.366666666666665,87.89999999999999,3.5,303,450,0.0
2024-08-09T09:00:00.000000+0000,661.5,7.133333333333333,97.64999999999999,3.3,320,92,0.0
2024-08-09T10:00:00.000000+0000,661.3,7.183333333333333,99.08333333333333,3.4,311,165,0.0
2024-08-09T11:00:00.000000+0000,661.0,7.416666666666667,99.15000000000002,4.6,323,267,0.0
2024-08-09T12:00:00.000000+0000,660.7,7.350000000000001,99.01666666666667,3.8,297,202,0.0
2024-08-09T13:00:00.000000+0000,660.2,7.8500000000000005,97.85000000000001,2.4,298,157,0.0
2024-08-09T14:00:00.000000+0000,660.1,8.299999999999999,95.18333333333334,2.8,354,141,0.0
2024-08-09T15:00:00.000000+0000,660.3,7.716666666666668,96.56666666666666,1.9,351,84,0.0
2024-08-09T16:00:00.000000+0000,660.3,6.75,91.7,2.3,90,12,0.0
2024-08-09T17:00:00.000000+0000,660.3,6.383333333333334,77.88333333333333,2.7,113,0,0.0
2024-08-09T18:00:00.000000+0000,660.6,4.933333333333333,79.01666666666667,2.2,137,0,0.0
2024-08-09T19:00:00.000000+0000,660.8,4.383333333333333,81.05,1.4,225,0,0.0
2024-08-09T20:00:00.000000+0000,660.9,4.05,84.25,2.7,213,0,0.0
2024-08-09T21:00:00.000000+0000,660.9,4.166666666666666,81.08333333333334,3.8,192,0,0.0
2024-08-09T22:00:00.000000+0000,660.8,4.800000000000001,79.64999999999999,2.1,205,0,0.0
2024-08-09T23:00:00.000000+0000,660.5,4.133333333333334,82.98333333333333,2.4,205,0,0.0
2024-08-10T00:00:00.000000+0000,659.9,2.7166666666666663,81.73333333333333,1.8,140,0,0.0
2024-08-10T01:00:00.000000+0000,659.8,2.5333333333333337,78.43333333333332,3.7,128,0,0.0
2024-08-10T02:00:00.000000+0000,660.1,2.6333333333333333,81.85,3.5,128,0,0.0
2024-08-10T03:00:00.000000+0000,660.2,2.8166666666666664,79.05,4.6,134,0,0.0
2024-08-10T04:00:00.000000+0000,660.4,2.416666666666667,72.03333333333333,4.1,131,19,0.0
2024-08-10T05:00:00.000000+0000,660.9,7.066666666666667,53.13333333333333,2.9,111,206,0.0
2024-08-10T06:00:00.000000+0000,661.6,8.416666666666666,58.166666666666664,2.7,6,427,0.0
2024-08-10T07:00:00.000000+0000,661.8,9.116666666666669,63.1,3.6,358,630,0.0
2024-08-10T08:00:00.000000+0000,661.8,8.233333333333334,85.41666666666667,4.3,316,421,0.0
2024-08-10T09:00:00.000000+0000,661.5,8.2,89.76666666666667,3.6,312,347,0.0
2024-08-10T10:00:00.000000+0000,661.3,8.0,92.73333333333333,4.4,311,327,0.0
2024-08-10T11:00:00.000000+0000,660.8,7.783333333333334,93.98333333333333,4.6,347,221,0.0
2024-08-10T12:00:00.000000+0000,660.6,7.483333333333332,94.90000000000002,3.1,291,148,0.0
2024-08-10T13:00:00.000000+0000,660.2,7.949999999999999,91.55,3.1,292,237,0.0
2024-08-10T14:00:00.000000+0000,659.9,7.683333333333333,93.56666666666666,3.5,10,168,0.0
2024-08-10T15:00:00.000000+0000,660.1,7.533333333333334,92.55000000000001,2.3,328,113,0.0
2024-08-10T16:00:00.000000+0000,660.0,6.1000000000000005,94.66666666666669,1.0,225,13,0.0
2024-08-10T17:00:00.000000+0000,660.3,6.199999999999999,98.28333333333335,1.1,278,0,0.0
2024-08-10T18:00:00.000000+0000,660.5,5.416666666666667,98.3,2.0,231,0,0.0
2024-08-10T19:00:00.000000+0000,660.8,4.7,87.89999999999999,4.3,202,0,0.0
2024-08-10T20:00:00.000000+0000,660.8,4.883333333333333,73.73333333333333,5.0,212,0,0.0
2024-08-10T21:00:00.000000+0000,660.7,4.583333333333333,75.2,4.1,207,0,0.0
2024-08-10T22:00:00.000000+0000,660.0,5.033333333333334,68.26666666666667,3.6,217,0,0.0
2024-08-10T23:00:00.000000+0000,659.6,4.116666666666666,68.56666666666666,1.7,231,0,0.0
2024-08-11T00:00:00.000000+0000,659.3,4.6499999999999995,55.666666666666664,2.4,227,0,0.0
2024-08-11T01:00:00.000000+0000,659.3,3.516666666666666,67.10000000000001,1.7,223,0,0.0
2024-08-11T02:00:00.000000+0000,659.4,3.0833333333333335,60.76666666666667,1.4,180,0,0.0
2024-08-11T03:00:00.000000+0000,659.5,4.016666666666667,31.516666666666666,1.5,180,0,0.0
2024-08-11T04:00:00.000000+0000,659.6,3.8333333333333335,33.11666666666667,1.5,192,20,0.0
2024-08-11T05:00:00.000000+0000,660.2,8.233333333333333,29.450000000000003,1.1,233,215,0.0
2024-08-11T06:00:00.000000+0000,660.7,9.116666666666667,52.78333333333333,2.2,283,436,0.0
2024-08-11T07:00:00.000000+0000,660.9,8.966666666666667,74.01666666666667,3.0,292,646,0.0
2024-08-11T08:00:00.000000+0000,660.9,10.3,74.58333333333333,4.2,316,813,0.0
2024-08-11T09:00:00.000000+0000,660.6,9.450000000000001,81.18333333333334,4.2,300,750,0.0
2024-08-11T10:00:00.000000+0000,660.3,8.65,88.53333333333335,4.2,311,290,0.0
2024-08-11T11:00:00.000000+0000,659.9,7.2,96.48333333333333,4.2,305,64,0.0
2024-08-11T12:00:00.000000+0000,659.5,7.3999999999999995,97.75,3.1,318,137,0.0
2024-08-11T13:00:00.000000+0000,659.2,8.066666666666666,94.58333333333333,3.6,300,199,0.0
2024-08-11T14:00:00.000000+0000,659.0,7.666666666666667,96.06666666666666,2.9,288,92,0.0
2024-08-11T15:00:00.000000+0000,659.0,7.666666666666667,95.81666666666666,3.4,268,108,0.0
2024-08-11T16:00:00.000000+0000,659.0,5.816666666666666,85.91666666666667,3.5,215,15,0.0
2024-08-11T17:00:00.000000+0000,658.9,5.199999999999999,49.98333333333333,4.8,219,0,0.0
2024-08-11T18:00:00.000000+0000,659.2,3.85,83.8,3.0,228,0,0.0
2024-08-11T19:00:00.000000+0000,659.6,4.466666666666668,79.93333333333334,3.5,227,0,0.0
2024-08-11T20:00:00.000000+0000,659.6,4.516666666666667,87.68333333333334,4.5,237,0,0.0
2024-08-11T21:00:00.000000+0000,659.4,4.216666666666666,63.449999999999996,2.5,223,0,0.0
2024-08-11T22:00:00.000000+0000,659.2,4.033333333333333,74.13333333333334,4.0,227,0,0.0
2024-08-11T23:00:00.000000+0000,659.0,4.566666666666666,64.03333333333335,4.5,218,0,0.0
2024-08-12T00:00:00.000000+0000,658.9,4.183333333333333,82.53333333333335,3.2,236,0,0.0
2024-08-12T01:00:00.000000+0000,658.8,4.25,81.06666666666666,3.0,205,0,0.0
2024-08-12T02:00:00.000000+0000,658.7,4.4,69.95,4.3,195,0,0.0
2024-08-12T03:00:00.000000+0000,658.9,4.133333333333333,79.48333333333333,3.8,216,0,0.0
2024-08-12T04:00:00.000000+0000,659.2,4.433333333333334,84.43333333333334,4.5,215,19,0.0
2024-08-12T05:00:00.000000+0000,659.9,6.466666666666666,81.53333333333333,3.9,239,195,0.0
2024-08-12T06:00:00.000000+0000,660.5,8.116666666666667,84.08333333333333,5.4,274,395,0.0
2024-08-12T07:00:00.000000+0000,660.9,8.1,91.89999999999999,5.7,285,343,0.0
2024-08-12T08:00:00.000000+0000,661.2,9.366666666666665,86.03333333333335,5.0,283,563,0.0
2024-08-12T09:00:00.000000+0000,660.9,8.45,91.68333333333334,4.8,281,283,0.0
2024-08-12T10:00:00.000000+0000,660.3,7.966666666666666,95.35000000000001,4.9,291,224,0.0
2024-08-12T11:00:00.000000+0000,660.0,5.866666666666667,96.66666666666667,2.7,229,68,10.2
2024-08-12T12:00:00.000000+0000,659.7,6.316666666666667,95.73333333333333,2.6,265,151,1.3
2024-08-12T13:00:00.000000+0000,659.3,8.633333333333335,82.78333333333335,4.9,264,513,0.8
2024-08-12T14:00:00.000000+0000,659.1,7.3999999999999995,96.5,3.7,309,163,3.0
2024-08-12T15:00:00.000000+0000,659.2,6.75,98.83333333333333,2.1,303,45,3.8
2024-08-12T16:00:00.000000+0000,659.4,5.666666666666667,99.01666666666667,2.5,242,5,0.0
2024-08-12T17:00:00.000000+0000,659.3,4.683333333333334,95.68333333333334,2.8,217,0,0.0
2024-08-12T18:00:00.000000+0000,659.6,4.5,95.08333333333333,2.5,234,0,0.0
2024-08-12T19:00:00.000000+0000,660.1,5.25,95.63333333333333,5.2,246,0,0.0
2024-08-12T20:00:00.000000+0000,660.3,5.699999999999999,94.3,5.0,247,0,0.0
2024-08-12T21:00:00.000000+0000,660.4,5.816666666666666,94.49999999999999,4.9,250,0,0.0
2024-08-12T22:00:00.000000+0000,659.9,5.583333333333333,97.93333333333334,3.1,247,0,0.0
2024-08-12T23:00:00.000000+0000,659.6,5.816666666666666,91.89999999999999,3.6,242,0,0.0
2024-08-13T00:00:00.000000+0000,659.3,6.1499999999999995,89.10000000000001,4.4,229,0,0.0
2024-08-13T01:00:00.000000+0000,659.3,6.183333333333333,84.01666666666667,4.9,240,0,0.0
2024-08-13T02:00:00.000000+0000,659.5,5.633333333333334,91.88333333333334,3.1,250,0,0.0
2024-08-13T03:00:00.000000+0000,659.8,5.016666666666667,96.98333333333335,3.1,248,0,0.0
2024-08-13T04:00:00.000000+0000,659.8,5.366666666666666,76.01666666666665,3.7,201,10,0.0
2024-08-13T05:00:00.000000+0000,660.4,7.466666666666666,75.35000000000001,2.3,266,153,0.0
2024-08-13T06:00:00.000000+0000,661.1,6.95,92.11666666666667,2.3,251,252,0.0
2024-08-13T07:00:00.000000+0000,661.4,9.066666666666666,78.7,4.4,306,672,0.0
2024-08-13T08:00:00.000000+0000,661.6,9.0,81.35,,,,
2024-08-13T16:00:00.000000+0000,659.9,5.666666666666667,98.2,2.9,199,2,
2024-08-13T17:00:00.000000+0000,660.1,5.966666666666668,92.46666666666665,2.7,265,0,0.0
2024-08-13T18:00:00.000000+0000,660.4,6.016666666666667,98.05000000000001,2.2,279,0,0.0
2024-08-13T19:00:00.000000+0000,660.6,5.783333333333334,99.01666666666667,3.1,255,0,0.0
2024-08-13T20:00:00.000000+0000,660.3,4.8999999999999995,97.68333333333332,2.9,238,0,0.0
2024-08-13T21:00:00.000000+0000,660.3,4.516666666666667,93.23333333333335,3.6,214,0,0.0
2024-08-13T22:00:00.000000+0000,659.9,4.866666666666666,86.36666666666666,4.4,229,0,0.0
2024-08-13T23:00:00.000000+0000,659.6,4.516666666666667,87.26666666666667,4.3,218,0,0.0
2024-08-14T00:00:00.000000+0000,659.4,5.366666666666667,82.18333333333334,5.2,205,0,0.0
2024-08-14T01:00:00.000000+0000,659.5,5.8999999999999995,79.85000000000001,4.9,204,0,0.0
2024-08-14T02:00:00.000000+0000,659.8,6.016666666666667,80.4,4.3,210,0,0.0
2024-08-14T03:00:00.000000+0000,660.0,6.516666666666667,78.81666666666666,6.4,220,0,0.0
2024-08-14T04:00:00.000000+0000,660.2,5.8,80.78333333333335,2.7,231,17,0.0
2024-08-14T05:00:00.000000+0000,660.6,5.616666666666667,82.55000000000001,2.2,235,71,0.0
2024-08-14T06:00:00.000000+0000,661.2,8.233333333333333,75.96666666666667,2.8,262,401,0.0
2024-08-14T07:00:00.000000+0000,661.6,9.233333333333334,78.56666666666666,4.4,283,631,0.0
2024-08-14T08:00:00.000000+0000,661.7,9.799999999999999,79.21666666666668,5.7,287,682,0.0
2024-08-14T09:00:00.000000+0000,661.5,10.25,82.53333333333333,4.7,292,670,0.0
2024-08-14T10:00:00.000000+0000,661.0,9.133333333333333,88.95,5.4,294,268,0.0
2024-08-14T11:00:00.000000+0000,660.5,7.983333333333334,94.93333333333332,6.1,302,93,0.0
2024-08-14T12:00:00.000000+0000,660.1,7.933333333333333,92.86666666666666,3.8,272,119,0.9
2024-08-14T13:00:00.000000+0000,659.6,5.2666666666666675,84.45,5.0,,50,19.5
2024-08-14T14:00:00.000000+0000,659.5,5.666666666666667,82.45,6.8,190,75,0.6
2024-08-14T15:00:00.000000+0000,659.7,6.116666666666667,88.10000000000001,4.2,260,80,0.0
2024-08-14T16:00:00.000000+0000,660.0,5.3999999999999995,96.86666666666667,2.4,243,7,0.0
2024-08-14T17:00:00.000000+0000,660.0,4.983333333333333,87.64999999999999,4.3,231,0,0.0
2024-08-14T18:00:00.000000+0000,660.4,5.116666666666667,91.06666666666666,4.6,241,0,0.0
2024-08-14T19:00:00.000000+0000,660.7,5.316666666666666,95.25,4.8,252,0,0.0
2024-08-14T20:00:00.000000+0000,660.9,5.2,95.15000000000002,5.6,244,0,0.0
2024-08-14T21:00:00.000000+0000,660.7,4.95,90.40000000000002,4.0,236,0,0.0
2024-08-14T22:00:00.000000+0000,660.1,5.766666666666666,77.23333333333333,5.9,216,0,0.0
2024-08-14T23:00:00.000000+0000,659.6,5.7,74.91666666666667,6.0,208,0,0.0
2024-08-15T00:00:00.000000+0000,659.4,5.3500000000000005,78.41666666666667,5.7,218,0,0.0
2024-08-15T01:00:00.000000+0000,659.4,4.966666666666667,82.38333333333334,5.2,223,0,0.0
2024-08-15T02:00:00.000000+0000,659.7,5.033333333333333,84.98333333333333,5.3,225,0,0.0
2024-08-15T03:00:00.000000+0000,660.1,5.199999999999999,80.66666666666667,3.1,220,0,0.0
2024-08-15T04:00:00.000000+0000,660.3,4.916666666666667,87.68333333333334,4.3,234,19,0.0
2024-08-15T05:00:00.000000+0000,660.9,6.133333333333333,93.51666666666667,5.1,253,144,0.0
2024-08-15T06:00:00.000000+0000,661.3,6.95,97.34999999999998,3.2,268,258,0.0
2024-08-15T07:00:00.000000+0000,661.8,7.483333333333334,96.58333333333333,2.4,268,207,0.0
2024-08-15T08:00:00.000000+0000,661.8,7.733333333333334,98.01666666666667,3.2,290,141,0.0
2024-08-15T09:00:00.000000+0000,661.7,7.483333333333334,98.35000000000001,3.0,300,151,0.3
2024-08-15T10:00:00.000000+0000,661.3,6.550000000000001,96.45,2.4,292,135,1.0
2024-08-15T11:00:00.000000+0000,660.6,8.633333333333333,87.21666666666668,3.3,266,482,0.0
2024-08-15T12:00:00.000000+0000,660.1,8.0,91.56666666666668,3.2,282,204,0.0
2024-08-15T13:00:00.000000+0000,659.7,9.833333333333334,83.58333333333333,3.1,274,478,0.0
2024-08-15T14:00:00.000000+0000,659.8,8.266666666666667,95.08333333333333,3.9,283,140,0.0
2024-08-15T15:00:00.000000+0000,660.0,6.583333333333335,97.43333333333334,3.0,251,13,7.0
2024-08-15T16:00:00.000000+0000,660.2,6.416666666666667,97.0,1.4,225,3,0.0
2024-08-15T17:00:00.000000+0000,660.4,6.416666666666667,97.93333333333332,1.7,247,0,0.0
2024-08-15T18:00:00.000000+0000,660.7,6.55,92.78333333333335,5.1,226,0,0.0
2024-08-15T19:00:00.000000+0000,661.0,6.333333333333333,90.28333333333335,3.3,252,0,0.0
2024-08-15T20:00:00.000000+0000,661.2,6.283333333333334,91.93333333333334,2.4,255,0,0.0
2024-08-15T21:00:00.000000+0000,661.2,6.1000000000000005,96.36666666666666,3.8,250,0,0.0
2024-08-15T22:00:00.000000+0000,660.7,5.916666666666667,94.23333333333335,3.1,245,0,0.0
2024-08-15T23:00:00.000000+0000,660.1,4.966666666666667,90.66666666666667,4.0,217,0,0.0
2024-08-16T00:00:00.000000+0000,659.7,4.6499999999999995,88.05,3.7,235,0,0.0
2024-08-16T01:00:00.000000+0000,659.7,4.6000000000000005,86.93333333333334,4.2,221,0,0.0
2024-08-16T02:00:00.000000+0000,659.8,4.916666666666667,85.55,4.9,216,0,0.0
2024-08-16T03:00:00.000000+0000,660.1,5.333333333333333,83.81666666666666,5.4,209,0,0.0
2024-08-16T04:00:00.000000+0000,660.6,5.316666666666666,85.35000000000001,5.0,224,16,0.0
2024-08-16T05:00:00.000000+0000,661.0,6.983333333333333,84.28333333333332,5.6,243,183,0.0
2024-08-16T06:00:00.000000+0000,661.5,8.183333333333332,81.35000000000001,4.8,261,311,0.0
2024-08-16T07:00:00.000000+0000,661.9,9.4,80.8,5.0,282,595,0.0
2024-08-16T08:00:00.000000+0000,661.7,8.583333333333332,94.28333333333335,4.1,293,291,0.0
2024-08-16T09:00:00.000000+0000,661.5,7.916666666666667,95.14999999999999,3.8,313,190,0.0
2024-08-16T10:00:00.000000+0000,661.1,7.083333333333335,98.71666666666665,4.5,290,114,2.4
2024-08-16T11:00:00.000000+0000,660.5,5.516666666666667,97.89999999999999,5.0,127,110,22.2
2024-08-16T12:00:00.000000+0000,660.1,6.516666666666667,94.89999999999999,2.7,159,138,1.6
2024-08-16T13:00:00.000000+0000,659.8,5.816666666666666,94.68333333333334,3.2,92,71,5.8
2024-08-16T14:00:00.000000+0000,659.6,6.333333333333333,95.71666666666665,1.6,84,119,0.7
2024-08-16T15:00:00.000000+0000,659.9,6.25,98.44999999999999,3.1,261,19,0.5
2024-08-16T16:00:00.000000+0000,660.0,6.266666666666667,98.81666666666666,3.2,261,2,0.0
2024-08-16T17:00:00.000000+0000,660.3,5.583333333333333,98.63333333333333,3.3,239,0,0.0
2024-08-16T18:00:00.000000+0000,660.7,4.883333333333334,94.75,1.5,117,0,0.0
2024-08-16T19:00:00.000000+0000,661.1,4.55,89.95,2.1,210,0,0.0
2024-08-16T20:00:00.000000+0000,661.0,5.349999999999999,86.05,5.0,194,0,0.0
2024-08-16T21:00:00.000000+0000,661.0,5.816666666666666,82.55,2.7,229,0,0.0
2024-08-16T22:00:00.000000+0000,660.6,5.833333333333333,83.16666666666666,3.0,218,0,0.0
2024-08-16T23:00:00.000000+0000,660.0,5.7,84.43333333333334,1.3,194,0,0.0
2024-08-17T00:00:00.000000+0000,659.7,6.116666666666667,80.01666666666667,1.0,214,0,0.0
2024-08-17T01:00:00.000000+0000,659.5,6.0,81.31666666666666,1.1,164,0,0.0
2024-08-17T02:00:00.000000+0000,659.5,5.849999999999999,78.53333333333332,1.0,143,0,0.0
2024-08-17T03:00:00.000000+0000,659.8,5.083333333333333,80.86666666666666,1.6,176,0,0.0
2024-08-17T04:00:00.000000+0000,659.7,4.683333333333334,80.71666666666667,2.1,180,8,0.0
2024-08-17T05:00:00.000000+0000,660.5,7.683333333333333,71.65,2.0,266,191,0.0
2024-08-17T06:00:00.000000+0000,661.1,7.466666666666668,79.41666666666667,2.6,281,235,0.0
2024-08-17T07:00:00.000000+0000,661.5,8.133333333333333,68.93333333333332,2.4,267,289,0.0
2024-08-17T08:00:00.000000+0000,661.7,8.516666666666666,74.14999999999999,2.4,285,402,0.0
2024-08-17T09:00:00.000000+0000,661.5,9.283333333333333,74.75000000000001,3.1,307,633,0.0
2024-08-17T10:00:00.000000+0000,660.8,8.866666666666665,87.5,4.7,308,486,0.0
2024-08-17T11:00:00.000000+0000,660.2,7.3500000000000005,97.23333333333333,5.3,326,77,0.0
2024-08-17T12:00:00.000000+0000,659.5,7.666666666666667,95.21666666666665,3.5,291,189,0.0
2024-08-17T13:00:00.000000+0000,659.1,7.766666666666667,96.58333333333333,2.9,285,104,2.8
2024-08-17T14:00:00.000000+0000,659.0,7.566666666666666,99.01666666666667,3.7,279,53,0.1
2024-08-17T15:00:00.000000+0000,659.1,7.383333333333333,99.2,3.5,273,40,0.6
2024-08-17T16:00:00.000000+0000,659.1,6.766666666666667,99.2,3.4,236,18,0.0
2024-08-17T17:00:00.000000+0000,659.5,6.416666666666667,99.2,2.8,264,0,0.0
2024-08-17T18:00:00.000000+0000,659.8,5.516666666666667,99.2,2.9,243,0,0.0
2024-08-17T19:00:00.000000+0000,660.1,5.266666666666667,99.10000000000001,3.0,236,0,0.0
2024-08-17T20:00:00.000000+0000,660.2,5.433333333333333,99.0,3.3,246,0,0.0
2024-08-17T21:00:00.000000+0000,660.0,5.733333333333334,97.89999999999999,3.8,257,0,0.0
2024-08-17T22:00:00.000000+0000,659.5,5.116666666666667,96.55,5.6,243,0,0.0
2024-08-17T23:00:00.000000+0000,659.3,4.566666666666666,92.81666666666668,5.1,227,0,0.0
2024-08-18T00:00:00.000000+0000,658.9,4.483333333333333,90.98333333333333,5.3,226,0,0.0
2024-08-18T01:00:00.000000+0000,658.8,4.6499999999999995,88.66666666666667,5.5,221,0,0.0
2024-08-18T02:00:00.000000+0000,658.9,4.6000000000000005,88.86666666666666,4.6,218,0,0.0
2024-08-18T03:00:00.000000+0000,659.3,4.783333333333334,87.14999999999999,4.5,223,0,0.0
2024-08-18T04:00:00.000000+0000,659.7,5.083333333333333,88.16666666666667,4.6,216,18,0.0
2024-08-18T05:00:00.000000+0000,660.3,6.383333333333334,90.13333333333333,4.0,238,179,0.0
2024-08-18T06:00:00.000000+0000,660.9,6.55,97.0,4.2,269,301,0.0
2024-08-18T07:00:00.000000+0000,661.4,7.6000000000000005,93.44999999999999,4.9,278,392,0.0
2024-08-18T08:00:00.000000+0000,661.5,7.616666666666667,94.11666666666667,5.2,288,348,0.0
2024-08-18T09:00:00.000000+0000,661.3,7.849999999999999,94.11666666666666,5.7,305,329,0.0
2024-08-18T10:00:00.000000+0000,661.0,7.183333333333333,97.33333333333333,4.2,294,151,0.0
2024-08-18T11:00:00.000000+0000,660.5,7.849999999999999,96.13333333333333,4.5,297,321,0.0
2024-08-18T12:00:00.000000+0000,660.2,8.166666666666666,94.7,3.9,305,340,0.0
2024-08-18T13:00:00.000000+0000,659.8,7.883333333333334,96.81666666666668,4.0,296,150,0.0
2024-08-18T14:00:00.000000+0000,659.8,7.099999999999999,98.64999999999999,3.9,295,36,0.0
2024-08-18T15:00:00.000000+0000,659.8,6.983333333333333,99.2,3.2,278,13,0.0
2024-08-18T16:00:00.000000+0000,660.0,6.866666666666667,99.2,2.7,290,12,0.0
2024-08-18T17:00:00.000000+0000,660.1,5.166666666666667,95.28333333333335,3.5,216,0,0.0
2024-08-18T18:00:00.000000+0000,660.3,4.95,87.7,3.1,214,0,0.0
2024-08-18T19:00:00.000000+0000,660.8,4.800000000000001,91.73333333333333,3.2,236,0,0.0
2024-08-18T20:00:00.000000+0000,660.8,4.25,91.55,3.4,241,0,0.0
2024-08-18T21:00:00.000000+0000,660.7,4.1000000000000005,89.96666666666668,3.3,224,0,0.0
2024-08-18T22:00:00.000000+0000,660.2,4.383333333333334,68.96666666666667,3.5,237,0,0.0
2024-08-18T23:00:00.000000+0000,659.8,5.05,54.883333333333326,2.3,231,0,0.0
2024-08-19T00:00:00.000000+0000,659.7,4.4,61.26666666666666,2.1,256,0,0.0
2024-08-19T01:00:00.000000+0000,659.7,4.35,69.23333333333333,2.7,220,0,0.0
2024-08-19T02:00:00.000000+0000,659.7,3.683333333333333,76.00000000000001,4.4,220,0,0.0
2024-08-19T03:00:00.000000+0000,659.9,3.8000000000000003,71.10000000000001,3.4,214,0,0.0
2024-08-19T04:00:00.000000+0000,660.2,3.75,64.7,2.2,204,11,0.0
2024-08-19T05:00:00.000000+0000,660.8,5.916666666666667,58.46666666666667,1.2,151,154,0.0
2024-08-19T06:00:00.000000+0000,661.5,8.783333333333333,49.36666666666667,1.3,304,380,0.0
2024-08-19T07:00:00.000000+0000,662.0,9.049999999999999,68.31666666666666,2.8,312,587,0.0
2024-08-19T08:00:00.000000+0000,662.0,9.2,79.18333333333334,3.6,300,663,0.0
2024-08-19T09:00:00.000000+0000,661.9,8.933333333333334,83.64999999999999,4.6,319,578,0.0
2024-08-19T10:00:00.000000+0000,661.5,7.716666666666666,94.11666666666667,3.2,320,140,0.0
2024-08-19T11:00:00.000000+0000,661.0,8.016666666666667,94.56666666666666,3.2,321,247,0.0
2024-08-19T12:00:00.000000+0000,660.7,8.016666666666667,94.35000000000001,3.7,316,213,0.0
2024-08-19T13:00:00.000000+0000,660.3,7.433333333333333,97.56666666666666,2.7,343,128,0.0
2024-08-19T14:00:00.000000+0000,660.2,7.449999999999999,96.48333333333333,3.5,315,109,0.0
2024-08-19T15:00:00.000000+0000,660.3,7.0,97.21666666666665,3.2,307,46,0.0
2024-08-19T16:00:00.000000+0000,660.4,6.516666666666666,98.93333333333334,2.8,260,9,0.0
2024-08-19T17:00:00.000000+0000,660.8,6.1000000000000005,99.2,2.8,270,0,0.0
2024-08-19T18:00:00.000000+0000,661.0,5.683333333333334,99.2,1.8,256,0,0.0
2024-08-19T19:00:00.000000+0000,661.3,5.533333333333334,99.2,2.4,262,0,0.0
2024-08-19T20:00:00.000000+0000,661.4,5.55,99.2,3.0,245,0,0.0
2024-08-19T21:00:00.000000+0000,661.1,5.6000000000000005,99.2,3.1,249,0,0.0
2024-08-19T22:00:00.000000+0000,660.7,5.3,99.08333333333333,2.9,252,0,0.0
2024-08-19T23:00:00.000000+0000,660.2,4.866666666666667,97.03333333333335,4.8,243,0,0.0
2024-08-20T00:00:00.000000+0000,659.6,5.233333333333333,92.01666666666667,4.9,248,0,0.0
2024-08-20T01:00:00.000000+0000,659.4,5.166666666666666,90.26666666666667,5.8,235,0,0.0
2024-08-20T02:00:00.000000+0000,659.3,5.616666666666667,88.8,5.8,239,0,0.0
2024-08-20T03:00:00.000000+0000,659.6,5.516666666666666,95.10000000000001,4.9,249,0,0.0
2024-08-20T04:00:00.000000+0000,659.9,5.383333333333333,97.06666666666666,5.2,249,5,0.0
2024-08-20T05:00:00.000000+0000,660.4,6.233333333333333,92.25,5.1,249,82,0.0
2024-08-20T06:00:00.000000+0000,661.0,6.416666666666667,96.13333333333333,5.1,261,129,0.0
2024-08-20T07:00:00.000000+0000,661.5,6.583333333333333,94.44999999999999,5.2,273,152,0.0
2024-08-20T08:00:00.000000+0000,661.6,6.883333333333334,93.55000000000001,4.8,272,214,0.0
2024-08-20T09:00:00.000000+0000,661.4,7.383333333333333,92.28333333333335,6.0,278,283,0.0
2024-08-20T10:00:00.000000+0000,661.1,6.599999999999999,97.71666666666665,5.4,283,144,0.0
2024-08-20T11:00:00.000000+0000,660.6,6.616666666666667,99.10000000000001,7.2,290,152,0.6
2024-08-20T12:00:00.000000+0000,660.2,6.699999999999999,99.2,5.6,273,255,0.0
2024-08-20T13:00:00.000000+0000,659.9,6.816666666666667,99.2,5.6,285,133,0.0
2024-08-20T14:00:00.000000+0000,659.6,6.666666666666667,99.2,5.6,297,35,1.3
2024-08-20T15:00:00.000000+0000,659.8,6.300000000000001,99.2,5.5,267,25,0.6
2024-08-20T16:00:00.000000+0000,660.0,6.199999999999999,99.2,5.9,273,1,3.0
2024-08-20T17:00:00.000000+0000,660.2,6.2,99.2,5.4,281,0,4.3
2024-08-20T18:00:00.000000+0000,660.5,6.1000000000000005,99.2,4.0,271,0,2.3
2024-08-20T19:00:00.000000+0000,660.9,5.933333333333334,99.2,7.0,266,0,5.5
2024-08-20T20:00:00.000000+0000,661.1,5.133333333333333,99.2,7.9,245,0,1.4
2024-08-20T21:00:00.000000+0000,660.7,5.533333333333332,98.68333333333332,6.9,255,0,0.0
2024-08-20T22:00:00.000000+0000,660.1,5.983333333333333,93.38333333333333,6.8,246,0,0.0
2024-08-20T23:00:00.000000+0000,659.6,6.583333333333333,84.56666666666665,7.8,243,0,0.0
2024-08-21T00:00:00.000000+0000,659.2,6.566666666666666,83.91666666666666,8.1,251,0,0.0
2024-08-21T01:00:00.000000+0000,658.9,6.016666666666667,87.45,7.9,246,0,0.0
2024-08-21T02:00:00.000000+0000,658.8,6.333333333333333,86.33333333333333,8.5,246,0,0.0
2024-08-21T03:00:00.000000+0000,658.7,6.6000000000000005,84.60000000000001,9.1,236,0,0.0
2024-08-21T04:00:00.000000+0000,658.9,6.333333333333333,88.25,7.5,250,25,0.0
2024-08-21T05:00:00.000000+0000,659.1,7.183333333333333,86.58333333333336,6.9,249,145,0.0
2024-08-21T06:00:00.000000+0000,659.5,7.300000000000001,86.83333333333333,5.6,266,218,0.0
2024-08-21T07:00:00.000000+0000,659.7,8.35,83.78333333333333,5.6,271,476,0.0
2024-08-21T08:00:00.000000+0000,659.7,8.033333333333333,89.21666666666665,6.9,280,293,0.0
2024-08-21T09:00:00.000000+0000,659.5,7.7,90.86666666666667,6.6,278,330,0.0
2024-08-21T10:00:00.000000+0000,659.0,7.483333333333333,93.75,7.0,284,188,0.0
2024-08-21T11:00:00.000000+0000,658.5,7.066666666666666,93.96666666666665,7.8,277,172,0.0
2024-08-21T12:00:00.000000+0000,657.9,6.716666666666666,94.98333333333335,7.6,281,110,0.0
2024-08-21T13:00:00.000000+0000,657.4,6.333333333333333,99.03333333333335,6.4,289,65,0.0
2024-08-21T14:00:00.000000+0000,657.4,6.466666666666666,99.2,6.9,273,103,0.0
2024-08-21T15:00:00.000000+0000,657.6,6.5,99.13333333333333,6.5,265,20,0.0
2024-08-21T16:00:00.000000+0000,657.9,6.316666666666666,99.2,8.0,264,2,0.0
2024-08-21T17:00:00.000000+0000,658.2,6.466666666666668,98.58333333333333,8.6,249,0,0.0
2024-08-21T18:00:00.000000+0000,658.5,6.300000000000001,98.89999999999999,8.9,248,0,0.7
2024-08-21T19:00:00.000000+0000,658.9,6.233333333333333,98.41666666666667,8.4,258,0,2.4
2024-08-21T20:00:00.000000+0000,659.0,5.933333333333333,99.2,8.3,250,0,0.6
2024-08-21T21:00:00.000000+0000,658.8,5.8999999999999995,98.76666666666667,8.9,245,0,0.0
2024-08-21T22:00:00.000000+0000,658.4,5.8500000000000005,97.51666666666667,8.5,241,0,0.0
2024-08-21T23:00:00.000000+0000,658.2,5.833333333333333,94.98333333333333,7.4,252,0,0.0
2024-08-22T00:00:00.000000+0000,658.0,5.483333333333333,99.01666666666667,6.3,267,0,0.0
2024-08-22T01:00:00.000000+0000,658.1,5.3999999999999995,99.2,6.4,255,0,0.4
2024-08-22T02:00:00.000000+0000,658.3,5.1499999999999995,99.2,8.1,247,0,1.6
2024-08-22T03:00:00.000000+0000,658.4,5.1000000000000005,99.2,8.9,238,0,2.8
2024-08-22T04:00:00.000000+0000,658.6,4.816666666666666,98.68333333333334,6.7,238,1,1.7
2024-08-22T05:00:00.000000+0000,658.9,5.333333333333335,88.28333333333332,10.7,238,22,0.0
2024-08-22T06:00:00.000000+0000,659.4,6.233333333333333,80.96666666666667,8.4,244,144,0.0
2024-08-22T07:00:00.000000+0000,659.6,7.2,76.01666666666667,9.4,251,320,0.0
2024-08-22T08:00:00.000000+0000,659.8,8.433333333333332,76.53333333333335,9.6,237,632,0.0
2024-08-22T09:00:00.000000+0000,659.8,8.966666666666667,75.56666666666665,7.7,260,533,0.0
2024-08-22T10:00:00.000000+0000,659.5,9.433333333333332,79.41666666666667,8.5,279,731,0.0
2024-08-22T11:00:00.000000+0000,659.1,9.15,87.78333333333335,7.1,278,675,0.0
2024-08-22T12:00:00.000000+0000,658.5,7.949999999999999,92.9,7.9,,312,0.0
2024-08-22T13:00:00.000000+0000,658.4,7.25,98.41999999999999,7.6,293,154,0.0
2024-08-22T14:00:00.000000+0000,658.4,6.0,99.2,7.0,283,45,0.0
2024-08-22T15:00:00.000000+0000,658.6,5.966666666666666,99.2,5.5,267,18,0.0
2024-08-22T16:00:00.000000+0000,658.9,5.866666666666667,99.2,5.9,259,2,0.0
2024-08-22T17:00:00.000000+0000,658.9,5.866666666666666,98.93333333333334,8.2,246,0,0.0
2024-08-22T18:00:00.000000+0000,659.1,5.900000000000001,98.39999999999999,7.2,245,0,0.0
2024-08-22T19:00:00.000000+0000,659.6,6.199999999999999,92.78333333333335,6.9,251,0,0.0
2024-08-22T20:00:00.000000+0000,659.7,6.133333333333333,93.16666666666667,7.2,254,0,0.0
2024-08-22T21:00:00.000000+0000,659.7,5.983333333333333,94.46666666666665,7.0,253,0,0.0
2024-08-22T22:00:00.000000+0000,659.4,6.166666666666667,91.06666666666666,7.4,246,0,0.0
2024-08-22T23:00:00.000000+0000,659.0,5.766666666666667,93.96666666666668,7.4,254,0,0.0
2024-08-23T00:00:00.000000+0000,658.5,5.983333333333334,91.21666666666665,8.2,247,0,0.0
2024-08-23T01:00:00.000000+0000,658.4,6.066666666666666,89.71666666666665,9.1,239,0,0.0
2024-08-23T02:00:00.000000+0000,658.5,5.966666666666666,87.43333333333334,8.9,245,0,0.0
2024-08-23T03:00:00.000000+0000,658.6,5.866666666666667,80.63333333333334,8.3,244,0,0.0
2024-08-23T04:00:00.000000+0000,658.9,6.183333333333334,76.73333333333333,8.4,243,16,0.0
2024-08-23T05:00:00.000000+0000,659.5,8.3,68.93333333333332,8.5,240,230,0.0
2024-08-23T06:00:00.000000+0000,660.2,9.450000000000001,67.16666666666667,7.1,268,479,0.0
2024-08-23T07:00:00.000000+0000,660.5,9.816666666666666,74.88333333333334,6.9,283,683,0.0
2024-08-23T08:00:00.000000+0000,660.5,8.816666666666666,90.66666666666667,6.3,273,612,0.0
2024-08-23T09:00:00.000000+0000,660.3,9.299999999999999,90.93333333333334,6.7,284,678,0.0
2024-08-23T10:00:00.000000+0000,660.1,7.366666666666667,98.01666666666665,6.4,302,206,0.0
2024-08-23T11:00:00.000000+0000,659.7,6.533333333333332,99.2,6.1,278,92,0.0
2024-08-23T12:00:00.000000+0000,659.3,6.883333333333333,99.2,7.9,282,160,0.0
2024-08-23T13:00:00.000000+0000,659.0,7.016666666666667,99.2,7.2,281,148,0.0
2024-08-23T14:00:00.000000+0000,659.2,6.966666666666668,99.2,6.6,282,105,0.0
2024-08-23T15:00:00.000000+0000,659.4,6.75,99.2,6.0,268,27,0.0
2024-08-23T16:00:00.000000+0000,659.8,6.433333333333334,99.2,4.9,263,3,0.0
2024-08-23T17:00:00.000000+0000,660.2,6.25,99.2,7.2,254,0,0.1
2024-08-23T18:00:00.000000+0000,660.6,6.416666666666667,98.53333333333335,6.0,244,0,0.0
2024-08-23T19:00:00.000000+0000,660.8,6.8999999999999995,86.26666666666667,7.1,239,0,0.0
2024-08-23T20:00:00.000000+0000,660.8,6.916666666666667,81.43333333333334,6.5,241,0,0.0
2024-08-23T21:00:00.000000+0000,660.9,7.016666666666667,84.55,5.6,252,0,0.0
2024-08-23T22:00:00.000000+0000,660.6,6.966666666666666,84.3,6.9,241,0,0.0
2024-08-23T23:00:00.000000+0000,660.1,6.7,86.14999999999999,6.4,245,0,0.0
2024-08-24T00:00:00.000000+0000,659.6,6.666666666666667,89.13333333333333,6.6,250,0,0.0
2024-08-24T01:00:00.000000+0000,659.6,6.5,90.26666666666665,6.8,243,0,0.0
2024-08-24T02:00:00.000000+0000,659.5,6.7,83.41666666666666,7.7,233,0,0.0
2024-08-24T03:00:00.000000+0000,659.8,6.566666666666666,81.58333333333334,5.3,250,0,0.0
2024-08-24T04:00:00.000000+0000,660.2,5.916666666666667,89.08333333333333,3.7,257,9,0.0
2024-08-24T05:00:00.000000+0000,660.7,7.266666666666667,83.66666666666667,4.7,251,153,0.0
2024-08-24T06:00:00.000000+0000,661.2,8.100000000000001,89.39999999999999,3.0,266,301,0.0
2024-08-24T07:00:00.000000+0000,661.6,9.733333333333333,78.16666666666667,4.2,266,615,0.0
2024-08-24T08:00:00.000000+0000,661.7,9.4,80.3,3.8,278,673,0.0
2024-08-24T09:00:00.000000+0000,661.6,10.5,77.69999999999999,4.3,306,834,0.0
2024-08-24T10:00:00.000000+0000,661.3,9.35,86.59999999999998,4.9,301,454,0.0
2024-08-24T11:00:00.000000+0000,660.9,8.899999999999999,87.51666666666667,3.4,284,434,0.0
2024-08-24T12:00:00.000000+0000,660.5,9.633333333333333,83.25,5.2,301,409,0.0
2024-08-24T13:00:00.000000+0000,660.1,8.5,91.43333333333334,3.9,303,201,0.0
2024-08-24T14:00:00.000000+0000,659.9,7.766666666666666,98.16666666666667,3.6,277,93,0.3
2024-08-24T15:00:00.000000+0000,660.0,7.733333333333333,98.39999999999999,5.2,258,96,0.0
2024-08-24T16:00:00.000000+0000,660.1,7.333333333333333,98.60000000000001,4.5,262,12,0.0
2024-08-24T17:00:00.000000+0000,660.2,6.8999999999999995,99.2,3.9,258,0,0.0
2024-08-24T18:00:00.000000+0000,660.5,6.7,98.21666666666668,4.8,253,0,0.0
2024-08-24T19:00:00.000000+0000,660.9,5.816666666666666,98.98333333333335,3.4,235,0,0.0
2024-08-24T20:00:00.000000+0000,660.9,5.283333333333333,96.28333333333332,2.8,227,0,0.0
2024-08-24T21:00:00.000000+0000,660.7,6.116666666666667,82.03333333333333,4.7,218,0,0.0
2024-08-24T22:00:00.000000+0000,660.4,6.166666666666665,81.71666666666665,4.2,223,0,0.0
2024-08-24T23:00:00.000000+0000,660.0,4.866666666666667,93.96666666666668,3.1,237,0,0.0
2024-08-25T00:00:00.000000+0000,659.7,4.583333333333333,98.86666666666666,3.2,238,0,0.0
2024-08-25T01:00:00.000000+0000,659.7,4.75,96.08333333333333,4.1,240,0,0.0
2024-08-25T02:00:00.000000+0000,659.5,4.933333333333333,90.08333333333333,4.6,233,0,0.0
2024-08-25T03:00:00.000000+0000,659.7,4.75,89.65000000000002,4.7,235,0,0.0
2024-08-25T04:00:00.000000+0000,660.2,5.599999999999999,93.2666666666667,4.3,239,5,0.0
2024-08-25T05:00:00.000000+0000,660.7,5.816666666666666,95.31666666666666,2.8,272,34,0.0
2024-08-25T06:00:00.000000+0000,661.3,6.583333333333333,93.5,2.6,263,197,0.0
2024-08-25T07:00:00.000000+0000,661.6,7.883333333333333,83.23333333333333,3.5,321,257,0.0
2024-08-25T08:00:00.000000+0000,661.7,8.383333333333333,81.35000000000001,3.7,341,260,0.0
2024-08-25T09:00:00.000000+0000,661.3,8.533333333333333,86.11666666666666,2.7,340,291,0.0
2024-08-25T10:00:00.000000+0000,660.9,9.316666666666668,79.41666666666667,3.3,353,500,0.0
2024-08-25T11:00:00.000000+0000,660.3,7.833333333333333,93.0,3.9,7,163,0.0
2024-08-25T12:00:00.000000+0000,659.9,7.433333333333334,96.58333333333336,3.5,12,139,0.0
2024-08-25T13:00:00.000000+0000,659.6,7.316666666666667,97.89999999999999,2.7,13,117,0.1
2024-08-25T14:00:00.000000+0000,659.6,7.733333333333334,93.43333333333334,2.5,7,184,0.0
2024-08-25T15:00:00.000000+0000,659.7,7.283333333333332,94.80000000000001,1.8,17,83,0.0
2024-08-25T16:00:00.000000+0000,659.7,6.3500000000000005,94.61666666666667,2.7,114,22,0.0
2024-08-25T17:00:00.000000+0000,659.9,5.133333333333333,88.01666666666667,1.3,125,0,0.0
2024-08-25T18:00:00.000000+0000,660.3,4.533333333333333,89.0,2.1,104,0,0.0
2024-08-25T19:00:00.000000+0000,660.6,4.083333333333333,90.08333333333333,2.4,123,0,0.0
2024-08-25T20:00:00.000000+0000,660.8,4.683333333333334,87.35000000000001,1.9,99,0,0.0
2024-08-25T21:00:00.000000+0000,660.8,4.4,88.36666666666667,3.1,115,0,0.0
2024-08-25T22:00:00.000000+0000,660.6,4.416666666666666,89.56666666666668,3.0,112,0,0.0
2024-08-25T23:00:00.000000+0000,660.3,4.2,85.16666666666667,2.1,107,0,0.0
2024-08-26T00:00:00.000000+0000,660.0,3.883333333333333,85.83333333333333,2.0,118,0,0.0
2024-08-26T01:00:00.000000+0000,659.9,4.3,85.61666666666667,1.7,86,0,0.0
2024-08-26T02:00:00.000000+0000,660.0,3.783333333333333,87.89999999999999,2.0,117,0,0.0
2024-08-26T03:00:00.000000+0000,660.3,4.316666666666666,86.55000000000001,1.1,45,0,0.0
2024-08-26T04:00:00.000000+0000,660.5,3.8333333333333335,85.25,1.8,121,22,0.0
2024-08-26T05:00:00.000000+0000,661.2,7.683333333333334,73.08333333333333,1.0,23,215,0.0
2024-08-26T06:00:00.000000+0000,661.7,7.716666666666666,85.71666666666665,2.4,8,365,0.0
2024-08-26T07:00:00.000000+0000,662.2,8.633333333333333,83.08333333333333,3.8,18,590,0.0
2024-08-26T08:00:00.000000+0000,662.2,9.116666666666667,80.11666666666666,3.8,11,540,0.0
2024-08-26T09:00:00.000000+0000,661.9,8.116666666666667,90.91666666666667,4.3,12,336,0.0
2024-08-26T10:00:00.000000+0000,661.7,6.333333333333332,98.19999999999999,2.5,337,66,13.1
2024-08-26T11:00:00.000000+0000,661.1,5.983333333333333,93.48333333333333,3.2,172,149,11.9
2024-08-26T12:00:00.000000+0000,660.9,6.083333333333333,91.25000000000001,3.1,195,150,4.8
2024-08-26T13:00:00.000000+0000,660.5,7.033333333333334,85.44999999999999,3.3,162,209,0.4
2024-08-26T14:00:00.000000+0000,660.4,8.083333333333334,89.51666666666667,2.3,355,348,0.0
2024-08-26T15:00:00.000000+0000,660.4,7.833333333333332,91.8,1.7,360,182,0.0
2024-08-26T16:00:00.000000+0000,660.6,6.333333333333333,94.30000000000001,1.5,80,10,0.0
2024-08-26T17:00:00.000000+0000,660.8,5.283333333333332,95.75,2.6,108,0,0.0
2024-08-26T18:00:00.000000+0000,661.1,5.1499999999999995,94.76666666666667,2.4,187,0,0.0
2024-08-26T19:00:00.000000+0000,661.3,4.983333333333333,98.46666666666668,1.5,225,0,0.0
2024-08-26T20:00:00.000000+0000,661.4,4.666666666666667,93.98333333333333,2.4,216,0,0.0
2024-08-26T21:00:00.000000+0000,661.3,4.116666666666666,94.71666666666668,2.0,216,0,0.0
2024-08-26T22:00:00.000000+0000,660.9,4.233333333333333,95.10000000000001,1.8,221,0,0.0
2024-08-26T23:00:00.000000+0000,660.4,4.266666666666667,85.2,1.8,233,0,0.0
2024-08-27T00:00:00.000000+0000,659.9,3.3333333333333335,78.71666666666665,1.7,152,0,0.0
2024-08-27T01:00:00.000000+0000,660.0,3.766666666666667,71.60000000000001,0.9,117,0,0.0
2024-08-27T02:00:00.000000+0000,660.1,4.216666666666668,69.36666666666666,0.9,117,0,0.0
2024-08-27T03:00:00.000000+0000,660.2,3.766666666666667,74.16666666666667,1.2,169,0,0.0
2024-08-27T04:00:00.000000+0000,660.5,3.1999999999999997,78.64999999999999,2.0,162,23,0.0
2024-08-27T05:00:00.000000+0000,661.2,6.999999999999999,68.89999999999999,1.4,188,223,0.0
2024-08-27T06:00:00.000000+0000,662.1,8.1,76.68333333333332,2.6,7,445,0.0
2024-08-27T07:00:00.000000+0000,662.6,8.200000000000001,85.81666666666666,2.4,355,569,0.0
2024-08-27T08:00:00.000000+0000,662.5,8.016666666666666,91.28333333333332,3.2,360,362,0.0
2024-08-27T09:00:00.000000+0000,662.4,7.333333333333333,95.23333333333335,2.2,360,224,0.0
2024-08-27T10:00:00.000000+0000,662.1,6.233333333333333,93.08333333333336,1.9,157,125,15.9
2024-08-27T11:00:00.000000+0000,661.5,6.466666666666668,95.14999999999999,1.9,320,223,1.9
2024-08-27T12:00:00.000000+0000,661.1,6.366666666666667,95.19999999999999,3.3,249,270,1.5
2024-08-27T13:00:00.000000+0000,660.8,8.983333333333333,82.71666666666665,2.8,315,698,0.0
2024-08-27T14:00:00.000000+0000,660.8,8.166666666666666,86.94999999999999,3.1,319,257,0.0
2024-08-27T15:00:00.000000+0000,660.9,8.4,80.38333333333333,1.4,315,199,0.0
2024-08-27T16:00:00.000000+0000,661.1,7.233333333333333,93.11666666666666,0.9,34,33,0.0
2024-08-27T17:00:00.000000+0000,661.4,6.016666666666667,89.90000000000002,1.6,211,0,0.0
2024-08-27T18:00:00.000000+0000,661.6,4.733333333333333,90.21666666666665,1.7,169,0,0.0
2024-08-27T19:00:00.000000+0000,661.8,4.766666666666667,85.26666666666667,1.9,205,0,0.0
2024-08-27T20:00:00.000000+0000,661.9,4.6499999999999995,82.73333333333335,1.2,195,0,0.0
2024-08-27T21:00:00.000000+0000,661.6,4.3500000000000005,82.98333333333333,2.1,198,0,0.0
2024-08-27T22:00:00.000000+0000,661.2,4.933333333333333,79.96666666666667,1.5,135,0,0.0
2024-08-27T23:00:00.000000+0000,660.8,4.466666666666667,80.58333333333333,2.0,202,0,0.0
2024-08-28T00:00:00.000000+0000,660.3,5.016666666666667,79.3,3.2,139,0,0.0
2024-08-28T01:00:00.000000+0000,660.2,4.866666666666666,79.98333333333333,4.7,183,0,0.0
2024-08-28T02:00:00.000000+0000,660.4,5.033333333333334,78.91666666666666,3.9,192,0,0.0
2024-08-28T03:00:00.000000+0000,660.5,4.916666666666667,71.2,2.1,166,0,0.0
2024-08-28T04:00:00.000000+0000,660.9,5.033333333333334,70.88333333333333,2.5,197,24,0.0
2024-08-28T05:00:00.000000+0000,661.6,7.8999999999999995,58.74999999999999,2.1,194,230,0.0
2024-08-28T06:00:00.000000+0000,662.2,9.883333333333333,60.25,2.2,332,457,0.0
2024-08-28T07:00:00.000000+0000,662.3,9.266666666666667,79.7,2.8,296,677,0.0
2024-08-28T08:00:00.000000+0000,662.2,9.25,84.56666666666666,3.4,301,686,0.0
2024-08-28T09:00:00.000000+0000,662.1,9.433333333333334,84.95,2.2,305,946,0.0
2024-08-28T10:00:00.000000+0000,661.8,9.966666666666665,84.83333333333334,4.3,304,745,0.0
2024-08-28T11:00:00.000000+0000,661.4,8.466666666666669,92.88333333333333,4.3,320,240,0.0
2024-08-28T12:00:00.000000+0000,661.0,8.799999999999999,91.48333333333335,3.1,325,393,0.0
2024-08-28T13:00:00.000000+0000,660.8,8.883333333333335,92.0,3.7,313,299,0.0
2024-08-28T14:00:00.000000+0000,660.8,8.416666666666666,93.58333333333333,2.5,346,99,0.0
2024-08-28T15:00:00.000000+0000,661.0,8.450000000000001,93.56666666666668,2.0,19,59,0.0
2024-08-28T16:00:00.000000+0000,660.9,6.916666666666667,93.41666666666667,2.0,120,16,0.0
2024-08-28T17:00:00.000000+0000,661.0,6.1499999999999995,85.3,2.0,208,0,0.0
2024-08-28T18:00:00.000000+0000,661.2,5.3,87.94999999999999,1.7,220,0,0.0
2024-08-28T19:00:00.000000+0000,661.5,5.083333333333333,90.23333333333335,2.6,222,0,0.0
2024-08-28T20:00:00.000000+0000,661.7,5.066666666666666,90.98333333333333,3.2,207,0,0.0
2024-08-28T21:00:00.000000+0000,661.7,5.216666666666667,90.45,2.4,207,0,0.0
2024-08-28T22:00:00.000000+0000,660.9,4.116666666666666,90.41666666666664,1.8,160,0,0.0
2024-08-28T23:00:00.000000+0000,660.2,3.766666666666667,93.56666666666666,1.2,171,0,0.0
2024-08-29T00:00:00.000000+0000,659.9,3.966666666666667,91.46666666666665,1.5,214,0,0.0
2024-08-29T01:00:00.000000+0000,659.9,3.683333333333333,94.64999999999999,2.2,207,0,0.0
2024-08-29T02:00:00.000000+0000,659.9,3.8833333333333333,87.41666666666667,2.4,192,0,0.0
2024-08-29T03:00:00.000000+0000,660.2,3.6999999999999997,83.53333333333332,1.5,185,0,0.0
2024-08-29T04:00:00.000000+0000,660.6,3.9,81.03333333333333,4.2,191,25,0.0
2024-08-29T05:00:00.000000+0000,661.4,6.983333333333334,68.60000000000001,2.6,185,232,0.0
2024-08-29T06:00:00.000000+0000,662.0,8.983333333333334,60.94999999999999,2.0,279,457,0.0
2024-08-29T07:00:00.000000+0000,662.4,9.533333333333333,73.0,3.7,296,649,0.0
2024-08-29T08:00:00.000000+0000,662.4,10.049999999999999,75.03333333333332,3.9,306,688,0.0
2024-08-29T09:00:00.000000+0000,662.2,9.9,86.75,4.5,307,540,0.0
2024-08-29T10:00:00.000000+0000,661.8,9.15,91.01666666666667,4.1,298,503,0.0
2024-08-29T11:00:00.000000+0000,661.2,8.433333333333334,93.28333333333335,3.0,306,277,0.0
2024-08-29T12:00:00.000000+0000,660.9,8.5,93.46666666666665,2.5,298,183,0.0
2024-08-29T13:00:00.000000+0000,660.6,8.450000000000001,94.5,2.5,287,187,0.0
2024-08-29T14:00:00.000000+0000,660.5,8.6,93.63333333333333,3.4,318,243,0.0
2024-08-29T15:00:00.000000+0000,660.5,8.350000000000001,92.5,2.1,13,118,0.0
2024-08-29T16:00:00.000000+0000,660.5,7.25,94.31666666666666,1.3,260,18,0.0
2024-08-29T17:00:00.000000+0000,660.3,4.999999999999999,84.05000000000001,2.5,122,0,0.0
2024-08-29T18:00:00.000000+0000,660.5,4.916666666666667,83.93333333333334,1.7,81,0,0.0
2024-08-29T19:00:00.000000+0000,661.0,4.266666666666667,82.36666666666667,2.0,113,0,0.0
2024-08-29T20:00:00.000000+0000,661.2,3.6666666666666665,79.78333333333333,2.7,112,0,0.0
2024-08-29T21:00:00.000000+0000,661.0,4.500000000000001,61.25000000000001,1.5,163,0,0.0
2024-08-29T22:00:00.000000+0000,660.6,5.1000000000000005,63.849999999999994,0.8,79,0,0.0
2024-08-29T23:00:00.000000+0000,660.3,4.216666666666666,65.38333333333334,2.2,106,0,0.0
2024-08-30T00:00:00.000000+0000,660.0,4.783333333333332,59.56666666666666,1.2,124,0,0.0
2024-08-30T01:00:00.000000+0000,660.0,4.316666666666666,53.26666666666667,2.2,168,0,0.0
2024-08-30T02:00:00.000000+0000,660.2,4.05,54.26666666666667,1.8,139,0,0.0
2024-08-30T03:00:00.000000+0000,660.6,4.016666666666667,54.13333333333333,2.0,130,0,0.0
2024-08-30T04:00:00.000000+0000,660.9,3.8666666666666667,56.48333333333333,2.4,112,27,0.0
2024-08-30T05:00:00.000000+0000,661.6,8.416666666666666,42.416666666666664,2.4,79,233,0.0
2024-08-30T06:00:00.000000+0000,662.2,9.549999999999999,38.35,2.9,2,461,0.0
2024-08-30T07:00:00.000000+0000,662.7,10.016666666666667,46.6,3.6,314,674,0.0
2024-08-30T08:00:00.000000+0000,662.7,10.366666666666667,59.63333333333333,4.4,319,765,0.0
2024-08-30T09:00:00.000000+0000,662.4,8.583333333333334,86.51666666666667,4.2,332,258,0.0
2024-08-30T10:00:00.000000+0000,662.1,7.7,91.7,2.3,304,196,0.0
2024-08-30T11:00:00.000000+0000,661.6,7.75,89.35000000000001,2.6,317,160,0.7
2024-08-30T12:00:00.000000+0000,661.0,5.833333333333333,98.08,3.8,331,54,11.6
2024-08-30T13:00:00.000000+0000,660.5,6.1000000000000005,87.42,3.4,197,152,3.1
2024-08-30T14:00:00.000000+0000,660.3,7.683333333333334,90.22,3.5,281,209,0.0
2024-08-30T15:00:00.000000+0000,660.5,6.633333333333334,97.8,2.5,260,57,0.0
2024-08-30T16:00:00.000000+0000,660.5,6.166666666666667,97.13333333333333,2.3,260,11,0.0
2024-08-30T17:00:00.000000+0000,660.8,5.033333333333333,89.82499999999999,0.9,259,0,0.0
2024-08-30T18:00:00.000000+0000,660.8,4.383333333333333,88.53333333333332,1.7,213,0,0.0
2024-08-30T19:00:00.000000+0000,660.9,3.5833333333333335,80.75,1.1,149,0,0.0
2024-08-30T20:00:00.000000+0000,661.0,3.75,84.425,1.6,279,0,0.0
2024-08-30T21:00:00.000000+0000,660.5,2.9499999999999997,,2.2,,0,
2024-08-30T22:00:00.000000+0000,659.7,3.1166666666666667,,2.3,,0,
2024-08-30T23:00:00.000000+0000,659.6,3.6166666666666667,66.93333333333334,3.0,192,0,0.0
2024-08-31T00:00:00.000000+0000,659.2,3.4,62.86666666666667,2.1,152,0,0.0
2024-08-31T01:00:00.000000+0000,659.0,3.0833333333333335,59.86666666666667,1.6,145,0,0.0
2024-08-31T02:00:00.000000+0000,659.4,2.9500000000000006,61.333333333333336,2.6,124,0,0.0
2024-08-31T03:00:00.000000+0000,659.9,3.9,54.43333333333334,1.5,124,0,0.0
2024-08-31T04:00:00.000000+0000,660.2,4.366666666666666,50.75,0.8,207,26,0.0
2024-08-31T05:00:00.000000+0000,660.8,7.183333333333334,48.699999999999996,1.7,120,223,0.0
2024-08-31T06:00:00.000000+0000,661.5,10.083333333333334,40.78333333333334,3.2,98,463,0.0
2024-08-31T07:00:00.000000+0000,662.1,8.483333333333333,61.23333333333333,2.7,286,672,0.0
2024-08-31T08:00:00.000000+0000,662.2,9.283333333333331,67.61666666666667,3.5,293,736,0.0
2024-08-31T09:00:00.000000+0000,661.9,8.633333333333335,87.28333333333335,3.7,328,354,0.0
2024-08-31T10:00:00.000000+0000,661.4,8.516666666666667,88.66666666666667,4.4,334,353,0.0
2024-08-31T11:00:00.000000+0000,660.7,8.383333333333333,90.69999999999999,5.2,346,248,0.0
2024-08-31T12:00:00.000000+0000,660.3,7.483333333333333,96.03333333333332,6.0,4,106,0.2
2024-08-31T13:00:00.000000+0000,660.0,7.0,98.38333333333333,6.0,1,54,0.2
2024-08-31T14:00:00.000000+0000,660.0,6.8999999999999995,97.05000000000001,3.4,309,181,0.0
2024-08-31T15:00:00.000000+0000,660.0,7.549999999999998,91.38333333333334,2.3,306,153,0.0
2024-08-31T16:00:00.000000+0000,660.0,6.533333333333334,96.10000000000001,0.8,326,11,0.0
2024-08-31T17:00:00.000000+0000,660.4,6.083333333333333,97.06666666666666,0.6,45,0,0.0
2024-08-31T18:00:00.000000+0000,660.6,4.883333333333333,93.08333333333333,1.1,191,0,0.0
2024-08-31T19:00:00.000000+0000,660.8,4.3999999999999995,86.16666666666667,1.2,217,0,0.0
2024-08-31T20:00:00.000000+0000,660.9,3.783333333333333,86.23333333333333,2.1,207,0,0.0
2024-08-31T21:00:00.000000+0000,660.8,4.4,92.7,2.8,197,0,0.0
2024-08-31T22:00:00.000000+0000,660.3,3.966666666666667,80.60000000000001,5.1,209,0,0.0
2024-08-31T23:00:00.000000+0000,660.1,3.883333333333334,81.03333333333335,3.0,200,0,0.0
2024-09-01T00:00:00.000000+0000,659.8,4.433333333333334,76.01666666666667,2.9,177,0,0.0
2024-09-01T01:00:00.000000+0000,659.6,5.3,64.39999999999999,1.5,228,0,0.0
2024-09-01T02:00:00.000000+0000,659.6,4.7,66.73333333333333,2.8,213,0,0.0
2024-09-01T03:00:00.000000+0000,659.8,4.266666666666667,68.95,1.4,117,0,0.0
2024-09-01T04:00:00.000000+0000,660.0,3.5500000000000003,75.93333333333334,2.0,135,25,0.0
2024-09-01T05:00:00.000000+0000,660.6,7.75,64.08333333333333,1.9,60,214,0.0
2024-09-01T06:00:00.000000+0000,661.1,8.133333333333333,71.0,2.4,295,452,0.0
2024-09-01T07:00:00.000000+0000,661.3,8.049999999999999,83.66666666666666,3.1,289,506,0.0
2024-09-01T08:00:00.000000+0000,661.3,7.666666666666667,93.13333333333333,3.4,316,207,0.0
2024-09-01T09:00:00.000000+0000,661.4,7.150000000000001,97.13333333333334,2.8,342,136,0.0
2024-09-01T10:00:00.000000+0000,661.0,8.033333333333333,93.01666666666667,3.0,12,322,0.0
2024-09-01T11:00:00.000000+0000,660.5,7.916666666666665,94.96666666666665,3.6,357,296,0.0
2024-09-01T12:00:00.000000+0000,660.0,8.2,93.78333333333335,4.9,15,298,0.0
2024-09-01T13:00:00.000000+0000,659.6,7.133333333333333,98.11666666666666,4.4,351,111,0.1
2024-09-01T14:00:00.000000+0000,659.5,6.633333333333334,99.10000000000001,3.4,281,45,1.1
2024-09-01T15:00:00.000000+0000,659.6,6.5,99.2,2.8,266,29,0.0
2024-09-01T16:00:00.000000+0000,659.9,6.216666666666668,99.2,2.6,254,4,0.0
2024-09-01T17:00:00.000000+0000,660.1,6.1499999999999995,99.2,2.3,283,0,0.0
2024-09-01T18:00:00.000000+0000,660.3,5.000000000000001,99.2,2.1,230,0,0.0
2024-09-01T19:00:00.000000+0000,660.7,4.65,99.2,1.5,204,0,0.0
2024-09-01T20:00:00.000000+0000,660.9,4.75,99.2,2.6,205,0,0.0
2024-09-01T21:00:00.000000+0000,660.7,4.05,95.41666666666667,2.2,207,0,0.0
2024-09-01T22:00:00.000000+0000,660.3,3.4166666666666674,94.14999999999999,1.3,215,0,0.0
2024-09-01T23:00:00.000000+0000,659.9,3.25,98.90000000000002,1.8,219,0,0.0
2024-09-02T00:00:00.000000+0000,659.6,4.133333333333333,95.73333333333333,3.1,203,0,0.0
2024-09-02T01:00:00.000000+0000,659.5,4.783333333333333,88.93333333333332,3.4,202,0,0.0
2024-09-02T02:00:00.000000+0000,659.7,3.9000000000000004,89.61666666666667,3.6,205,0,0.0
2024-09-02T03:00:00.000000+0000,659.8,4.2,85.26666666666667,3.5,204,0,0.0
2024-09-02T04:00:00.000000+0000,660.2,4.466666666666668,81.39999999999999,1.0,225,26,0.0
2024-09-02T05:00:00.000000+0000,661.0,7.449999999999999,74.73333333333333,1.1,30,231,0.0
2024-09-02T06:00:00.000000+0000,661.6,7.150000000000001,83.85,2.0,309,336,0.0
2024-09-02T07:00:00.000000+0000,661.9,6.699999999999999,91.03333333333332,1.9,270,290,0.0
2024-09-02T08:00:00.000000+0000,662.1,7.783333333333332,88.74999999999999,2.5,300,440,0.0
2024-09-02T09:00:00.000000+0000,661.8,7.300000000000001,93.81666666666666,3.6,302,327,0.0
2024-09-02T10:00:00.000000+0000,661.4,7.449999999999999,94.56666666666666,3.1,301,202,0.0
2024-09-02T11:00:00.000000+0000,660.7,7.233333333333333,97.05,4.3,1,144,0.0
2024-09-02T12:00:00.000000+0000,660.2,6.683333333333333,97.68333333333334,3.6,7,159,7.1
2024-09-02T13:00:00.000000+0000,659.9,5.933333333333334,95.88333333333333,2.5,99,96,2.8
2024-09-02T14:00:00.000000+0000,659.7,6.683333333333334,95.35000000000001,1.8,279,159,0.0
2024-09-02T15:00:00.000000+0000,659.9,6.533333333333332,96.43333333333334,1.6,270,41,0.0
2024-09-02T16:00:00.000000+0000,660.0,6.033333333333334,98.40000000000002,0.9,117,6,0.0
2024-09-02T17:00:00.000000+0000,660.5,5.933333333333334,98.56666666666666,0.9,286,0,0.0
2024-09-02T18:00:00.000000+0000,660.7,5.983333333333333,99.11666666666667,1.9,312,0,0.0
2024-09-02T19:00:00.000000+0000,661.1,5.716666666666668,99.2,1.0,284,0,0.0
2024-09-02T20:00:00.000000+0000,661.1,5.7,99.2,1.9,283,0,0.0
2024-09-02T21:00:00.000000+0000,661.2,5.116666666666667,99.2,2.2,231,0,0.0
2024-09-02T22:00:00.000000+0000,660.5,4.133333333333333,96.25,3.7,204,0,0.0
2024-09-02T23:00:00.000000+0000,660.0,4.3,89.05000000000001,3.4,206,0,0.0
2024-09-03T00:00:00.000000+0000,659.5,4.2,84.91666666666667,1.8,211,0,0.0
2024-09-03T01:00:00.000000+0000,659.6,4.5,82.03333333333332,1.8,202,0,0.0
2024-09-03T02:00:00.000000+0000,659.6,4.483333333333333,83.06666666666666,2.0,196,0,0.0
2024-09-03T03:00:00.000000+0000,659.8,4.5,82.23333333333333,0.7,99,0,0.0
2024-09-03T04:00:00.000000+0000,660.2,4.8,81.13333333333334,0.9,104,28,0.0
2024-09-03T05:00:00.000000+0000,660.9,7.866666666666667,72.48333333333333,0.7,198,233,0.0
2024-09-03T06:00:00.000000+0000,661.6,8.9,70.96666666666667,2.2,353,462,0.0
2024-09-03T07:00:00.000000+0000,661.9,9.766666666666666,73.78333333333333,4.0,26,668,0.0
2024-09-03T08:00:00.000000+0000,662.1,10.283333333333333,84.23333333333333,5.8,13,761,0.0
2024-09-03T09:00:00.000000+0000,661.7,11.449999999999998,81.61666666666666,5.6,11,936,0.0
2024-09-03T10:00:00.000000+0000,661.3,9.883333333333333,86.03333333333332,4.8,6,771,0.0
2024-09-03T11:00:00.000000+0000,660.7,8.816666666666668,90.7,5.0,12,401,0.0
2024-09-03T12:00:00.000000+0000,660.2,9.383333333333331,87.25,5.3,8,536,0.0
2024-09-03T13:00:00.000000+0000,659.8,8.316666666666666,92.5,3.5,360,199,0.0
2024-09-03T14:00:00.000000+0000,659.6,7.75,95.63333333333334,3.2,6,132,0.0
2024-09-03T15:00:00.000000+0000,659.9,7.483333333333333,95.30000000000001,1.9,354,70,0.0
2024-09-03T16:00:00.000000+0000,660.1,6.750000000000001,97.45,1.8,349,4,0.0
2024-09-03T17:00:00.000000+0000,660.4,6.066666666666666,97.95,1.7,30,0,0.0
2024-09-03T18:00:00.000000+0000,660.4,5.0,91.06666666666666,1.0,173,0,0.0
2024-09-03T19:00:00.000000+0000,660.8,4.466666666666666,87.01666666666667,2.5,214,0,0.0
2024-09-03T20:00:00.000000+0000,660.9,4.966666666666666,83.10000000000001,4.3,203,0,0.0
2024-09-03T21:00:00.000000+0000,660.6,5.266666666666667,79.51666666666667,3.4,208,0,0.0
2024-09-03T22:00:00.000000+0000,660.1,4.483333333333333,85.31666666666666,2.7,212,0,0.0
2024-09-03T23:00:00.000000+0000,659.9,3.85,97.2,2.1,225,0,0.0
2024-09-04T00:00:00.000000+0000,659.7,4.5,96.71666666666665,2.0,217,0,0.0
2024-09-04T01:00:00.000000+0000,659.6,5.6000000000000005,91.2,1.4,195,0,0.0
2024-09-04T02:00:00.000000+0000,659.7,4.683333333333334,95.43333333333332,1.3,248,0,0.0
2024-09-04T03:00:00.000000+0000,659.9,5.533333333333332,90.89999999999999,0.9,169,0,0.0
2024-09-04T04:00:00.000000+0000,660.3,5.866666666666667,89.96666666666668,1.0,27,7,0.0
2024-09-04T05:00:00.000000+0000,660.7,7.2,85.66666666666667,2.0,54,174,0.0
2024-09-04T06:00:00.000000+0000,661.1,7.699999999999999,84.71666666666665,2.0,12,334,0.0
2024-09-04T07:00:00.000000+0000,661.5,8.233333333333334,86.24999999999999,3.9,7,487,0.0
2024-09-04T08:00:00.000000+0000,661.4,8.649999999999999,83.08333333333333,4.5,355,549,0.0
2024-09-04T09:00:00.000000+0000,661.2,8.983333333333333,82.35000000000001,4.4,17,566,0.0
2024-09-04T10:00:00.000000+0000,660.9,8.883333333333333,84.25,3.9,357,601,0.0
2024-09-04T11:00:00.000000+0000,660.4,8.6,85.98333333333333,3.4,5,565,0.0
2024-09-04T12:00:00.000000+0000,659.9,9.033333333333333,85.0,5.6,18,584,0.0
2024-09-04T13:00:00.000000+0000,659.7,7.716666666666666,90.48333333333333,5.0,30,238,0.0
2024-09-04T14:00:00.000000+0000,659.7,7.1000000000000005,92.96666666666665,3.9,43,117,0.0
2024-09-04T15:00:00.000000+0000,659.9,6.7,93.73333333333333,1.9,38,60,0.0
2024-09-04T16:00:00.000000+0000,660.0,5.566666666666667,94.8,1.4,86,11,0.0
2024-09-04T17:00:00.000000+0000,660.3,4.4,92.91666666666667,1.3,169,0,0.0
2024-09-04T18:00:00.000000+0000,660.5,3.983333333333333,91.11666666666666,1.6,212,0,0.0
2024-09-04T19:00:00.000000+0000,660.8,3.883333333333333,90.59999999999998,2.0,225,0,0.0
2024-09-04T20:00:00.000000+0000,660.9,4.1000000000000005,84.23333333333333,2.5,203,0,0.0
2024-09-04T21:00:00.000000+0000,660.8,3.8333333333333326,83.68333333333332,2.2,217,0,0.0
2024-09-04T22:00:00.000000+0000,660.4,3.216666666666667,78.03333333333333,3.0,157,0,0.0
2024-09-04T23:00:00.000000+0000,659.7,3.4499999999999993,56.38333333333333,6.2,136,0,0.0
2024-09-05T00:00:00.000000+0000,659.4,4.633333333333334,50.13333333333333,6.2,146,0,0.0
2024-09-05T01:00:00.000000+0000,659.5,5.466666666666666,47.25,1.7,209,0,0.0
2024-09-05T02:00:00.000000+0000,659.5,5.466666666666666,41.4,4.6,157,0,0.0
2024-09-05T03:00:00.000000+0000,659.4,5.566666666666666,40.25,9.1,150,0,0.0
2024-09-05T04:00:00.000000+0000,660.0,5.766666666666667,39.599999999999994,2.2,180,30,0.0
2024-09-05T05:00:00.000000+0000,660.6,7.883333333333333,42.849999999999994,1.0,56,241,0.0
2024-09-05T06:00:00.000000+0000,661.2,8.5,52.583333333333336,2.2,338,471,0.0
2024-09-05T07:00:00.000000+0000,661.5,8.066666666666668,74.95,3.3,331,525,0.0
2024-09-05T08:00:00.000000+0000,661.4,7.733333333333333,91.01666666666665,3.0,331,399,0.0
2024-09-05T09:00:00.000000+0000,661.2,7.266666666666666,94.8,3.7,340,273,0.0
2024-09-05T10:00:00.000000+0000,660.8,7.400000000000001,94.31666666666666,3.6,358,227,0.0
2024-09-05T11:00:00.000000+0000,660.3,7.066666666666666,95.38333333333334,4.1,6,190,0.0
2024-09-05T12:00:00.000000+0000,660.0,7.583333333333333,92.73333333333333,3.9,341,302,0.0
2024-09-05T13:00:00.000000+0000,659.8,7.3999999999999995,93.96666666666665,3.4,350,112,
2024-09-05T17:00:00.000000+0000,,,,,,0,
2024-09-05T18:00:00.000000+0000,,,,,,0,
2024-09-05T19:00:00.000000+0000,,,,,,0,
2024-09-05T20:00:00.000000+0000,,,,,,0,
2024-09-05T21:00:00.000000+0000,,,,,,0,
2024-09-05T22:00:00.000000+0000,,,,,,0,
2024-09-05T23:00:00.000000+0000,,,,,,0,
2024-09-06T00:00:00.000000+0000,,,,,,0,
2024-09-06T01:00:00.000000+0000,,,,,,0,
2024-09-06T02:00:00.000000+0000,,,,,,0,
2024-09-06T03:00:00.000000+0000,,,,,,0,
2024-09-06T15:00:00.000000+0000,660.3,6.0,93.2,2.1,124,60,0.0
2024-09-06T16:00:00.000000+0000,660.4,5.533333333333332,93.86666666666667,1.7,205,20,0.0
2024-09-06T17:00:00.000000+0000,660.7,3.8333333333333335,94.01666666666665,1.9,152,0,0.0
2024-09-06T18:00:00.000000+0000,660.9,3.733333333333333,89.86666666666667,2.2,169,0,0.0
2024-09-06T19:00:00.000000+0000,661.0,3.466666666666667,92.45,2.2,191,0,0.0
2024-09-06T20:00:00.000000+0000,661.1,2.783333333333333,89.25,1.8,137,0,0.0
2024-09-06T21:00:00.000000+0000,661.1,3.516666666666667,84.83333333333333,1.3,216,0,0.0
2024-09-06T22:00:00.000000+0000,660.7,3.016666666666667,87.5,1.2,90,0,0.0
2024-09-06T23:00:00.000000+0000,660.5,3.516666666666666,77.78333333333335,1.5,210,0,0.0
2024-09-07T00:00:00.000000+0000,660.2,3.266666666666666,70.06666666666666,3.1,188,0,0.0
2024-09-07T01:00:00.000000+0000,660.3,3.5499999999999994,68.16666666666667,1.4,201,0,0.0
2024-09-07T02:00:00.000000+0000,660.6,3.6833333333333336,68.21666666666665,2.2,231,0,0.0
2024-09-07T03:00:00.000000+0000,660.8,3.0833333333333335,76.38333333333333,2.5,197,0,0.0
2024-09-07T04:00:00.000000+0000,661.1,4.116666666666667,66.55,1.8,211,31,0.0
2024-09-07T05:00:00.000000+0000,661.7,7.166666666666667,58.4,1.5,219,245,0.0
2024-09-07T06:00:00.000000+0000,662.3,8.916666666666666,63.76666666666667,2.0,327,475,0.0
2024-09-07T07:00:00.000000+0000,662.8,8.65,77.85000000000001,3.4,330,633,0.0
2024-09-07T08:00:00.000000+0000,662.9,8.083333333333334,88.73333333333333,3.0,308,377,0.0
2024-09-07T09:00:00.000000+0000,662.9,8.75,89.8,3.8,322,567,0.0
2024-09-07T10:00:00.000000+0000,662.7,8.700000000000001,91.06666666666668,3.7,341,325,0.0
2024-09-07T11:00:00.000000+0000,662.1,8.9,88.5,4.9,322,309,0.0
2024-09-07T12:00:00.000000+0000,661.6,9.516666666666667,82.33333333333333,5.1,330,451,0.0
2024-09-07T13:00:00.000000+0000,661.2,8.566666666666666,89.5,5.1,11,190,0.0
2024-09-07T14:00:00.000000+0000,661.0,7.966666666666668,91.53333333333332,4.6,17,119,0.0
2024-09-07T15:00:00.000000+0000,660.9,7.0,97.13333333333333,2.8,35,32,0.0
2024-09-07T16:00:00.000000+0000,661.2,6.566666666666666,95.28333333333332,1.7,60,11,0.0
2024-09-07T17:00:00.000000+0000,661.2,4.566666666666666,62.48333333333333,2.6,116,0,0.0
2024-09-07T18:00:00.000000+0000,661.2,3.4499999999999997,47.699999999999996,2.8,123,0,0.0
2024-09-07T19:00:00.000000+0000,661.6,3.533333333333333,42.800000000000004,3.7,116,0,0.0
2024-09-07T20:00:00.000000+0000,661.7,4.1000000000000005,42.86666666666667,4.0,111,0,0.0
2024-09-07T21:00:00.000000+0000,661.5,4.083333333333333,41.71666666666667,4.8,116,0,0.0
2024-09-07T22:00:00.000000+0000,661.1,3.9499999999999997,40.36666666666667,5.4,124,0,0.0
2024-09-07T23:00:00.000000+0000,660.7,3.6666666666666665,40.36666666666667,6.2,122,0,0.0
2024-09-08T00:00:00.000000+0000,660.4,3.9333333333333336,38.56666666666667,5.8,122,0,0.0
2024-09-08T01:00:00.000000+0000,660.4,3.9333333333333336,37.65,5.8,121,0,0.0
2024-09-08T02:00:00.000000+0000,660.4,4.216666666666666,35.483333333333334,7.0,117,0,0.0
2024-09-08T03:00:00.000000+0000,660.6,3.5666666666666664,39.16666666666667,7.1,123,0,0.0
2024-09-08T04:00:00.000000+0000,660.7,4.416666666666667,37.483333333333334,6.7,129,30,0.0
2024-09-08T05:00:00.000000+0000,661.3,8.516666666666667,29.48333333333333,5.3,99,250,0.0
2024-09-08T06:00:00.000000+0000,662.0,10.4,25.28333333333333,2.9,70,452,0.0
2024-09-08T07:00:00.000000+0000,662.4,10.633333333333333,51.416666666666664,3.9,7,697,0.0
2024-09-08T08:00:00.000000+0000,662.4,10.783333333333331,67.33333333333333,7.0,9,733,0.0
2024-09-08T09:00:00.000000+0000,662.5,7.8,91.21666666666665,3.9,311,260,0.0
2024-09-08T10:00:00.000000+0000,662.1,8.15,88.64999999999999,4.1,348,251,0.0
2024-09-08T11:00:00.000000+0000,661.6,7.25,94.63333333333333,3.6,13,117,0.0
2024-09-08T12:00:00.000000+0000,661.2,6.216666666666666,96.78333333333335,2.9,55,52,1.8
2024-09-08T13:00:00.000000+0000,661.0,6.783333333333332,96.89999999999999,2.7,340,143,0.0
2024-09-08T14:00:00.000000+0000,660.9,6.766666666666667,95.61666666666667,2.3,283,129,0.0
2024-09-08T15:00:00.000000+0000,661.1,6.566666666666666,97.91666666666667,2.3,248,45,0.0
2024-09-08T16:00:00.000000+0000,661.2,6.183333333333334,92.68333333333332,2.4,209,5,0.0
2024-09-08T17:00:00.000000+0000,661.0,4.916666666666667,89.51666666666667,4.4,184,0,0.0
2024-09-08T18:00:00.000000+0000,661.1,4.5,85.38333333333333,2.7,206,0,0.0
2024-09-08T19:00:00.000000+0000,661.4,3.516666666666666,83.4,1.8,165,0,0.0
2024-09-08T20:00:00.000000+0000,661.4,4.116666666666666,52.98333333333333,7.3,158,0,0.0
2024-09-08T21:00:00.000000+0000,661.3,4.875,40.0,8.7,159,0,0.0
2024-09-08T22:00:00.000000+0000,,,,,,0,
2024-09-08T23:00:00.000000+0000,,,,,,0,
2024-09-09T00:00:00.000000+0000,,,,,,0,
2024-09-09T01:00:00.000000+0000,,,,,,0,
2024-09-09T02:00:00.000000+0000,,,,,,0,
2024-09-09T03:00:00.000000+0000,,,,,,0,
2024-09-09T12:00:00.000000+0000,,7.9,90.8,,,,
2024-09-09T13:00:00.000000+0000,660.9,8.883333333333333,85.63333333333333,3.1,297,362,0.0
2024-09-09T14:00:00.000000+0000,660.6,9.399999999999999,79.25,5.4,287,269,0.0
2024-09-09T15:00:00.000000+0000,660.6,7.366666666666667,91.41666666666667,1.3,360,16,1.1
2024-09-09T16:00:00.000000+0000,660.7,6.699999999999999,94.35000000000001,2.6,277,4,0.0
2024-09-09T17:00:00.000000+0000,660.8,4.866666666666666,92.16666666666667,2.9,231,0,0.0
2024-09-09T18:00:00.000000+0000,660.8,3.8833333333333333,67.66666666666667,2.1,211,0,0.0
2024-09-09T19:00:00.000000+0000,661.0,3.983333333333334,71.86666666666667,2.1,119,0,0.0
2024-09-09T20:00:00.000000+0000,661.1,4.683333333333333,57.0,1.0,124,0,0.0
2024-09-09T21:00:00.000000+0000,661.1,5.116666666666666,52.6,1.6,174,0,0.0
2024-09-09T22:00:00.000000+0000,660.8,4.316666666666667,59.81666666666666,2.2,183,0,0.0
2024-09-09T23:00:00.000000+0000,660.4,4.8,55.11666666666667,4.1,181,0,0.0
2024-09-10T00:00:00.000000+0000,660.3,4.716666666666667,53.28333333333333,0.9,117,0,0.0
2024-09-10T01:00:00.000000+0000,660.0,3.1333333333333333,60.199999999999996,2.2,166,0,0.0
2024-09-10T02:00:00.000000+0000,660.3,4.2,53.46666666666667,1.5,200,0,0.0
2024-09-10T03:00:00.000000+0000,660.7,2.6333333333333333,59.5,1.9,135,0,0.0
2024-09-10T04:00:00.000000+0000,661.0,3.35,55.783333333333324,1.7,123,31,0.0
2024-09-10T05:00:00.000000+0000,661.7,8.5,42.666666666666664,1.4,180,243,0.0
2024-09-10T06:00:00.000000+0000,662.2,8.933333333333332,47.61666666666667,2.7,285,477,0.0
2024-09-10T07:00:00.000000+0000,662.5,10.083333333333334,48.599999999999994,3.5,293,694,0.0
2024-09-10T08:00:00.000000+0000,662.5,10.799999999999999,59.13333333333333,4.2,308,826,0.0
2024-09-10T09:00:00.000000+0000,662.2,9.200000000000001,76.85000000000001,4.8,312,163,0.0
2024-09-10T10:00:00.000000+0000,661.7,8.249999999999998,86.28333333333335,3.5,9,177,0.0
2024-09-10T11:00:00.000000+0000,661.1,9.233333333333334,79.81666666666666,3.1,36,341,0.0
2024-09-10T12:00:00.000000+0000,660.6,8.416666666666666,81.45,3.2,60,235,0.5
2024-09-10T13:00:00.000000+0000,660.3,10.533333333333333,71.2,4.7,342,510,0.0
2024-09-10T14:00:00.000000+0000,660.3,7.066666666666666,89.91666666666667,2.8,61,47,13.2
2024-09-10T15:00:00.000000+0000,660.4,6.416666666666668,91.3,2.2,141,106,7.2
2024-09-10T16:00:00.000000+0000,660.5,6.066666666666667,87.11666666666666,2.0,117,30,0.0
2024-09-10T17:00:00.000000+0000,660.3,4.916666666666667,86.81666666666666,1.9,126,0,0.0
2024-09-10T18:00:00.000000+0000,660.4,5.033333333333333,78.76666666666667,2.5,223,0,0.0
2024-09-10T19:00:00.000000+0000,660.6,4.6000000000000005,73.65000000000002,1.5,128,0,0.0
2024-09-10T20:00:00.000000+0000,660.7,4.05,73.05,2.8,120,0,0.0
2024-09-10T21:00:00.000000+0000,660.6,3.5833333333333335,71.03333333333333,2.2,135,0,0.0
2024-09-10T22:00:00.000000+0000,659.9,3.483333333333333,70.46666666666667,3.3,145,0,0.0
2024-09-10T23:00:00.000000+0000,659.8,4.766666666666667,62.68333333333334,3.1,197,0,0.0
2024-09-11T00:00:00.000000+0000,659.5,4.583333333333333,62.333333333333336,2.4,203,0,0.0
2024-09-11T01:00:00.000000+0000,659.5,3.8666666666666667,63.15,1.6,163,0,0.0
2024-09-11T02:00:00.000000+0000,659.5,2.966666666666667,68.71666666666667,3.2,122,0,0.0
2024-09-11T03:00:00.000000+0000,659.7,3.3000000000000003,66.98333333333335,3.6,117,0,0.0
2024-09-11T04:00:00.000000+0000,660.0,3.766666666666667,60.31666666666666,2.6,142,34,0.0
2024-09-11T05:00:00.000000+0000,660.9,8.483333333333334,43.46666666666666,1.6,197,246,0.0
2024-09-11T06:00:00.000000+0000,661.7,9.766666666666667,42.76666666666667,2.0,306,476,0.0
2024-09-11T07:00:00.000000+0000,662.0,10.266666666666666,45.300000000000004,2.9,297,702,0.0
2024-09-11T08:00:00.000000+0000,662.1,9.85,70.18333333333334,3.5,332,573,0.0
2024-09-11T09:00:00.000000+0000,661.7,8.116666666666669,90.53333333333335,3.4,318,115,0.0
2024-09-11T10:00:00.000000+0000,661.3,6.083333333333333,94.94999999999999,2.3,255,82,10.3
2024-09-11T11:00:00.000000+0000,660.8,6.483333333333334,84.96666666666667,3.4,203,248,0.2
2024-09-11T12:00:00.000000+0000,660.5,6.733333333333333,84.41666666666667,2.2,144,211,0.3
2024-09-11T13:00:00.000000+0000,660.2,7.516666666666666,79.43333333333332,1.6,151,139,0.0
2024-09-11T14:00:00.000000+0000,660.3,8.583333333333334,74.38333333333334,1.8,253,163,0.0
2024-09-11T15:00:00.000000+0000,660.5,9.466666666666667,69.46666666666667,2.2,354,242,0.0
2024-09-11T16:00:00.000000+0000,660.4,6.6000000000000005,80.13333333333333,2.0,180,31,0.0
2024-09-11T17:00:00.000000+0000,660.5,5.0166666666666675,69.63333333333333,3.2,202,0,0.0
2024-09-11T18:00:00.000000+0000,660.7,5.283333333333332,72.41666666666667,4.1,203,0,0.0
2024-09-11T19:00:00.000000+0000,660.9,5.466666666666666,74.26666666666667,2.9,200,0,0.0
2024-09-11T20:00:00.000000+0000,661.0,4.783333333333333,75.93333333333334,1.4,197,0,0.0
2024-09-11T21:00:00.000000+0000,660.7,4.583333333333333,71.05000000000001,1.0,162,0,0.0
2024-09-11T22:00:00.000000+0000,660.1,4.083333333333333,64.83333333333333,4.1,119,0,0.0
2024-09-11T23:00:00.000000+0000,659.6,4.016666666666667,59.31666666666667,4.9,121,0,0.0
2024-09-12T00:00:00.000000+0000,659.2,3.9333333333333336,57.56666666666666,5.2,124,0,0.0
2024-09-12T01:00:00.000000+0000,659.2,4.949999999999999,53.48333333333334,6.7,120,0,0.0
2024-09-12T02:00:00.000000+0000,659.4,5.466666666666668,51.35,7.0,123,0,0.0
2024-09-12T03:00:00.000000+0000,659.7,4.833333333333333,53.23333333333333,7.0,127,0,0.0
2024-09-12T04:00:00.000000+0000,660.1,5.333333333333333,51.916666666666664,7.2,121,36,0.0
2024-09-12T05:00:00.000000+0000,660.9,9.0,43.26666666666667,6.1,104,252,0.0
2024-09-12T06:00:00.000000+0000,661.7,11.0,41.81666666666667,5.8,71,483,0.0
2024-09-12T07:00:00.000000+0000,662.0,11.949999999999998,44.18333333333333,7.0,57,699,0.0
2024-09-12T08:00:00.000000+0000,662.1,11.85,51.8,,,,
2024-09-12T17:00:00.000000+0000,,,,,,0,
2024-09-12T18:00:00.000000+0000,660.9,4.475,95.42500000000001,1.6,207,0,0.0
2024-09-12T19:00:00.000000+0000,661.2,3.75,89.3,2.2,131,0,0.0
2024-09-12T20:00:00.000000+0000,661.4,4.983333333333333,81.73333333333335,6.1,134,0,0.0
2024-09-12T21:00:00.000000+0000,661.1,5.1499999999999995,76.26666666666667,7.5,144,0,0.0
2024-09-12T22:00:00.000000+0000,660.8,4.616666666666667,70.78333333333335,5.6,145,0,0.0
2024-09-12T23:00:00.000000+0000,660.6,4.033333333333333,67.33333333333334,4.5,153,0,0.0
2024-09-13T00:00:00.000000+0000,660.4,3.4666666666666663,60.00000000000001,3.5,141,0,0.0
2024-09-13T01:00:00.000000+0000,660.2,3.75,58.699999999999996,4.6,134,0,0.0
2024-09-13T02:00:00.000000+0000,660.4,4.016666666666667,62.81666666666666,3.7,134,0,0.0
2024-09-13T03:00:00.000000+0000,660.7,3.8666666666666667,60.699999999999996,2.5,109,0,0.0
2024-09-13T04:00:00.000000+0000,660.9,3.9,60.13333333333333,3.5,130,35,0.0
2024-09-13T05:00:00.000000+0000,661.6,8.083333333333334,49.85,1.8,63,246,0.0
2024-09-13T06:00:00.000000+0000,662.2,9.049999999999999,53.43333333333334,3.4,343,474,0.0
2024-09-13T07:00:00.000000+0000,662.6,9.6,62.04999999999999,2.7,339,672,0.0
2024-09-13T08:00:00.000000+0000,662.6,8.966666666666667,76.41666666666667,4.0,316,319,0.0
2024-09-13T09:00:00.000000+0000,662.2,8.183333333333332,88.40000000000002,3.7,323,225,0.0
2024-09-13T10:00:00.000000+0000,661.7,6.816666666666666,97.03333333333335,3.2,341,78,0.0
2024-09-13T11:00:00.000000+0000,661.2,6.566666666666666,87.03333333333335,2.6,70,246,2.1
2024-09-13T12:00:00.000000+0000,660.7,9.75,72.80000000000001,3.3,322,830,0.0
2024-09-13T13:00:00.000000+0000,660.3,8.166666666666666,86.83333333333333,3.2,345,169,0.0
2024-09-13T14:00:00.000000+0000,660.4,8.266666666666667,85.95,3.3,294,245,0.0
2024-09-13T15:00:00.000000+0000,660.4,7.683333333333333,90.35000000000001,3.3,20,88,0.0
2024-09-13T16:00:00.000000+0000,660.7,6.633333333333333,94.05,1.8,17,3,0.0
2024-09-13T17:00:00.000000+0000,660.7,5.349999999999999,85.46666666666668,2.0,162,0,0.0
2024-09-13T18:00:00.000000+0000,661.0,4.500000000000001,81.50000000000001,1.3,236,0,0.0
2024-09-13T19:00:00.000000+0000,661.0,4.033333333333332,76.80000000000001,3.8,132,0,0.0
2024-09-13T20:00:00.000000+0000,661.3,4.800000000000001,62.51666666666667,2.2,108,0,0.0
2024-09-13T21:00:00.000000+0000,661.0,3.75,59.150000000000006,1.3,99,0,0.0
2024-09-13T22:00:00.000000+0000,660.5,4.016666666666667,55.48333333333334,2.4,180,0,0.0
2024-09-13T23:00:00.000000+0000,660.1,4.216666666666667,56.099999999999994,2.7,184,0,0.0
2024-09-14T00:00:00.000000+0000,659.9,4.000000000000001,58.18333333333334,1.9,193,0,0.0
2024-09-14T01:00:00.000000+0000,659.9,3.216666666666667,63.03333333333333,2.2,175,0,0.0
2024-09-14T02:00:00.000000+0000,660.2,4.066666666666666,57.93333333333333,1.4,184,0,0.0
2024-09-14T03:00:00.000000+0000,660.4,4.116666666666666,58.93333333333334,1.5,197,0,0.0
2024-09-14T04:00:00.000000+0000,660.8,4.616666666666666,58.38333333333333,1.6,208,38,0.0
2024-09-14T05:00:00.000000+0000,661.3,7.25,53.71666666666667,1.6,207,251,0.0
2024-09-14T06:00:00.000000+0000,661.8,8.333333333333334,56.449999999999996,2.3,339,456,0.0
2024-09-14T07:00:00.000000+0000,662.2,9.516666666666667,57.08333333333334,3.3,314,699,0.0
2024-09-14T08:00:00.000000+0000,662.3,9.033333333333333,71.35,5.3,313,658,0.0
2024-09-14T09:00:00.000000+0000,662.1,8.883333333333333,79.68333333333334,4.3,309,512,0.0
2024-09-14T10:00:00.000000+0000,661.7,8.333333333333334,82.06666666666668,4.0,314,321,0.0
2024-09-14T11:00:00.000000+0000,661.0,9.55,75.15,5.3,324,508,0.0
2024-09-14T12:00:00.000000+0000,660.6,9.083333333333334,71.96666666666667,4.4,327,304,0.0
2024-09-14T13:00:00.000000+0000,660.5,8.95,64.8,7.3,330,197,0.0
2024-09-14T14:00:00.000000+0000,660.6,8.883333333333335,71.10000000000001,4.8,346,190,0.0
2024-09-14T15:00:00.000000+0000,660.6,9.05,67.43333333333334,4.5,307,186,0.0
2024-09-14T16:00:00.000000+0000,660.7,6.3,82.51666666666667,2.3,295,29,0.0
2024-09-14T17:00:00.000000+0000,660.8,4.133333333333333,78.78333333333333,3.8,234,0,0.0
2024-09-14T18:00:00.000000+0000,660.8,4.216666666666667,72.58333333333333,4.9,219,0,0.0
2024-09-14T19:00:00.000000+0000,661.1,5.250000000000001,70.33333333333333,6.5,216,0,0.0
2024-09-14T20:00:00.000000+0000,661.3,5.416666666666667,65.66666666666667,5.1,205,0,0.0
2024-09-14T21:00:00.000000+0000,661.2,5.633333333333333,63.449999999999996,3.6,210,0,0.0
2024-09-14T22:00:00.000000+0000,660.6,5.3999999999999995,65.06666666666666,3.4,218,0,0.0
2024-09-14T23:00:00.000000+0000,660.3,5.233333333333333,64.21666666666668,1.9,230,0,0.0
2024-09-15T00:00:00.000000+0000,659.9,5.050000000000001,63.63333333333333,1.9,223,0,0.0
2024-09-15T01:00:00.000000+0000,659.7,4.883333333333334,61.81666666666666,1.1,198,0,0.0
2024-09-15T02:00:00.000000+0000,659.6,3.683333333333333,64.83333333333333,2.3,119,0,0.0
2024-09-15T03:00:00.000000+0000,659.7,4.316666666666666,61.85,3.8,113,0,0.0
2024-09-15T04:00:00.000000+0000,660.0,4.8500000000000005,59.633333333333326,5.0,118,35,0.0
2024-09-15T05:00:00.000000+0000,660.8,9.05,48.949999999999996,3.4,80,248,0.0
2024-09-15T06:00:00.000000+0000,661.6,9.200000000000001,57.800000000000004,2.7,350,479,0.0
2024-09-15T07:00:00.000000+0000,662.0,9.833333333333332,61.416666666666664,2.8,347,694,0.0
2024-09-15T08:00:00.000000+0000,662.1,10.816666666666668,61.28333333333333,4.5,342,870,0.0
2024-09-15T09:00:00.000000+0000,661.8,11.449999999999998,61.70000000000001,5.0,337,986,0.0
2024-09-15T10:00:00.000000+0000,661.4,11.799999999999999,61.46666666666667,5.7,358,962,0.0
2024-09-15T11:00:00.000000+0000,661.0,11.883333333333335,66.36666666666667,6.1,345,675,0.0
2024-09-15T12:00:00.000000+0000,660.5,9.85,79.25,4.9,343,313,0.0
2024-09-15T13:00:00.000000+0000,660.2,9.616666666666667,80.05000000000001,4.7,351,179,0.0
2024-09-15T14:00:00.000000+0000,660.1,9.816666666666665,80.66666666666667,5.2,356,227,0.0
2024-09-15T15:00:00.000000+0000,660.1,8.483333333333333,90.73333333333333,4.1,16,83,0.0
2024-09-15T16:00:00.000000+0000,660.3,7.349999999999999,94.0,1.1,323,13,0.0
2024-09-15T17:00:00.000000+0000,660.4,6.3500000000000005,94.63333333333333,1.7,235,0,0.0
2024-09-15T18:00:00.000000+0000,660.6,5.683333333333334,87.60000000000001,2.6,202,0,0.0
2024-09-15T19:00:00.000000+0000,660.8,4.916666666666667,67.08333333333333,2.4,128,0,0.0
2024-09-15T20:00:00.000000+0000,661.1,6.0,54.76666666666667,5.4,113,0,0.0
2024-09-15T21:00:00.000000+0000,660.8,5.633333333333333,54.01666666666666,5.2,112,0,0.0
2024-09-15T22:00:00.000000+0000,660.4,6.1499999999999995,50.35,6.2,115,0,0.0
2024-09-15T23:00:00.000000+0000,659.9,6.6499999999999995,48.599999999999994,7.3,108,0,0.0
2024-09-16T00:00:00.000000+0000,659.8,6.3500000000000005,47.18333333333334,7.4,110,0,0.0
2024-09-16T01:00:00.000000+0000,659.7,5.916666666666667,47.46666666666667,6.3,112,0,0.0
2024-09-16T02:00:00.000000+0000,659.7,5.533333333333334,49.1,7.4,111,0,0.0
2024-09-16T03:00:00.000000+0000,659.8,5.783333333333332,48.416666666666664,8.5,116,0,0.0
2024-09-16T04:00:00.000000+0000,660.3,6.166666666666667,47.98333333333333,7.7,111,36,0.0
2024-09-16T05:00:00.000000+0000,661.0,8.616666666666667,43.83333333333332,8.2,95,249,0.0
2024-09-16T06:00:00.000000+0000,661.6,10.183333333333334,43.28333333333333,7.6,77,485,0.0
2024-09-16T07:00:00.000000+0000,662.2,11.266666666666666,44.81666666666666,7.2,75,709,0.0
2024-09-16T08:00:00.000000+0000,662.3,11.883333333333333,59.6,5.7,38,911,0.0
2024-09-16T09:00:00.000000+0000,662.1,10.416666666666666,80.16666666666667,5.6,2,683,0.0
2024-09-16T10:00:00.000000+0000,661.6,10.016666666666667,78.55,6.2,5,426,0.0
2024-09-16T11:00:00.000000+0000,661.0,10.583333333333334,74.64999999999999,7.4,2,517,0.0
2024-09-16T12:00:00.000000+0000,660.6,11.049999999999999,75.89999999999999,6.8,13,629,0.0
2024-09-16T13:00:00.000000+0000,660.4,9.700000000000001,82.86666666666667,5.6,18,363,0.0
2024-09-16T14:00:00.000000+0000,660.2,8.6,78.73333333333333,3.4,80,129,0.6
2024-09-16T15:00:00.000000+0000,660.3,8.6,85.3,3.8,43,104,0.0
2024-09-16T16:00:00.000000+0000,660.3,6.2,90.45,3.5,109,14,0.0
2024-09-16T17:00:00.000000+0000,660.7,5.833333333333333,85.28333333333333,1.5,246,0,0.0
2024-09-16T18:00:00.000000+0000,661.1,4.95,90.21666666666668,1.5,205,0,0.0
2024-09-16T19:00:00.000000+0000,661.2,3.75,82.60000000000001,2.7,126,0,0.0
2024-09-16T20:00:00.000000+0000,661.2,4.5,63.76666666666667,7.0,135,0,0.0
2024-09-16T21:00:00.000000+0000,661.0,5.3,53.01666666666666,7.7,140,0,0.0
2024-09-16T22:00:00.000000+0000,660.7,5.6000000000000005,50.53333333333334,7.5,138,0,0.0
2024-09-16T23:00:00.000000+0000,660.4,5.433333333333334,47.0,4.9,133,0,0.0
2024-09-17T00:00:00.000000+0000,660.1,4.866666666666666,49.61666666666667,7.5,142,0,0.0
2024-09-17T01:00:00.000000+0000,660.0,4.816666666666667,48.06666666666666,1.9,176,0,0.0
2024-09-17T02:00:00.000000+0000,660.3,3.5,55.199999999999996,1.5,86,0,0.0
2024-09-17T03:00:00.000000+0000,660.6,3.6666666666666665,53.28333333333333,1.1,135,0,0.0
2024-09-17T04:00:00.000000+0000,661.1,4.7,51.01666666666667,1.1,319,39,0.0
2024-09-17T05:00:00.000000+0000,661.8,7.466666666666666,48.0,1.1,219,255,0.0
2024-09-17T06:00:00.000000+0000,662.2,8.533333333333333,50.833333333333336,2.6,305,485,0.0
2024-09-17T07:00:00.000000+0000,662.6,9.783333333333333,59.666666666666664,3.3,11,641,0.0
2024-09-17T08:00:00.000000+0000,662.7,8.216666666666667,89.14999999999999,3.7,5,233,0.0
2024-09-17T09:00:00.000000+0000,662.4,8.533333333333333,88.03333333333335,4.6,6,362,0.0
2024-09-17T10:00:00.000000+0000,661.9,8.600000000000001,87.15000000000002,5.7,12,269,0.0
2024-09-17T11:00:00.000000+0000,661.4,7.233333333333333,91.61666666666667,5.2,333,145,0.1
2024-09-17T12:00:00.000000+0000,661.2,6.116666666666667,93.06666666666668,4.2,230,116,5.6
2024-09-17T13:00:00.000000+0000,660.9,5.750000000000001,89.98333333333333,4.5,150,88,2.1
2024-09-17T14:00:00.000000+0000,660.5,6.433333333333334,86.03333333333335,3.8,165,66,0.0
2024-09-17T15:00:00.000000+0000,660.7,7.133333333333334,80.89999999999999,2.2,220,86,0.0
2024-09-17T16:00:00.000000+0000,660.5,5.533333333333334,82.26666666666667,1.9,204,14,0.0
2024-09-17T17:00:00.000000+0000,660.6,4.466666666666666,81.33333333333333,1.3,241,0,0.0
2024-09-17T18:00:00.000000+0000,660.8,3.783333333333333,83.3,2.2,202,0,0.0
2024-09-17T19:00:00.000000+0000,661.0,4.316666666666667,78.88333333333333,1.9,243,0,0.0
2024-09-17T20:00:00.000000+0000,661.2,3.266666666666667,80.01666666666667,1.1,219,0,0.0
2024-09-17T21:00:00.000000+0000,661.1,3.4499999999999997,81.59999999999998,2.2,223,0,0.0
2024-09-17T22:00:00.000000+0000,660.5,2.8333333333333335,81.45,2.4,186,0,0.0
2024-09-17T23:00:00.000000+0000,659.7,2.2833333333333337,62.583333333333336,5.1,128,0,0.0
2024-09-18T00:00:00.000000+0000,659.4,2.1333333333333333,61.68333333333333,5.4,137,0,0.0
2024-09-18T01:00:00.000000+0000,659.3,4.033333333333333,51.916666666666664,5.0,152,0,0.0
2024-09-18T02:00:00.000000+0000,659.6,3.716666666666667,56.416666666666664,2.7,210,0,0.0
2024-09-18T03:00:00.000000+0000,659.7,2.316666666666667,62.01666666666666,2.3,183,0,0.0
2024-09-18T04:00:00.000000+0000,660.1,4.433333333333333,48.23333333333333,1.0,229,42,0.0
2024-09-18T05:00:00.000000+0000,660.8,7.466666666666668,45.88333333333333,1.2,238,263,0.0
2024-09-18T06:00:00.000000+0000,661.3,8.166666666666666,53.68333333333334,2.2,292,496,0.0
2024-09-18T07:00:00.000000+0000,661.8,9.066666666666668,61.71666666666666,3.8,301,716,0.0
2024-09-18T08:00:00.000000+0000,661.9,9.100000000000001,83.51666666666667,3.2,285,768,0.0
2024-09-18T09:00:00.000000+0000,661.8,9.083333333333334,88.33333333333333,4.2,297,577,0.0
2024-09-18T10:00:00.000000+0000,661.2,9.500000000000002,89.13333333333333,5.6,296,478,0.0
2024-09-18T11:00:00.000000+0000,660.7,9.616666666666665,87.61666666666667,4.3,273,318,0.0
2024-09-18T12:00:00.000000+0000,660.2,10.416666666666666,83.91666666666667,5.6,305,462,0.0
2024-09-18T13:00:00.000000+0000,659.8,9.766666666666667,88.08333333333333,5.0,298,296,0.0
2024-09-18T14:00:00.000000+0000,659.5,9.083333333333332,92.24999999999999,4.3,301,142,0.0
2024-09-18T15:00:00.000000+0000,659.6,7.783333333333334,97.76666666666667,4.2,285,82,0.0
2024-09-18T16:00:00.000000+0000,659.7,6.266666666666667,94.78333333333335,3.8,232,5,0.0
2024-09-18T17:00:00.000000+0000,659.8,5.633333333333333,82.10000000000001,2.8,217,0,0.0
2024-09-18T18:00:00.000000+0000,659.9,4.8,94.23333333333333,2.4,243,0,0.0
2024-09-18T19:00:00.000000+0000,660.2,4.983333333333333,92.26666666666665,3.1,231,0,0.0
2024-09-18T20:00:00.000000+0000,660.4,4.8999999999999995,89.58333333333333,3.2,220,0,0.0
2024-09-18T21:00:00.000000+0000,660.1,5.45,73.68333333333334,2.8,240,0,0.0
2024-09-18T22:00:00.000000+0000,659.5,5.449999999999999,66.13333333333333,4.3,204,0,0.0
2024-09-18T23:00:00.000000+0000,659.0,4.916666666666667,58.13333333333333,2.4,204,0,0.0
2024-09-19T00:00:00.000000+0000,658.7,4.8,48.98333333333333,1.9,211,0,0.0
2024-09-19T01:00:00.000000+0000,658.7,5.033333333333333,64.35000000000001,2.0,215,0,0.0
2024-09-19T02:00:00.000000+0000,658.5,3.4500000000000006,50.633333333333326,3.3,143,0,0.0
2024-09-19T03:00:00.000000+0000,658.6,3.8499999999999996,41.4,4.8,114,0,0.0
2024-09-19T04:00:00.000000+0000,659.0,5.083333333333333,39.24999999999999,5.0,119,42,0.0
2024-09-19T05:00:00.000000+0000,659.8,9.416666666666666,44.383333333333326,2.5,69,262,0.0
2024-09-19T06:00:00.000000+0000,660.3,9.716666666666667,66.81666666666666,3.1,351,492,0.0
2024-09-19T07:00:00.000000+0000,660.6,10.0,73.53333333333335,3.7,358,569,0.0
2024-09-19T08:00:00.000000+0000,660.6,8.9,86.56666666666668,3.6,308,239,0.0
2024-09-19T09:00:00.000000+0000,660.3,8.450000000000001,91.41666666666667,3.7,349,127,0.0
2024-09-19T10:00:00.000000+0000,659.9,8.25,94.43333333333334,4.6,29,136,2.6
2024-09-19T11:00:00.000000+0000,659.2,8.033333333333333,93.41666666666667,4.9,37,151,0.6
2024-09-19T12:00:00.000000+0000,658.7,7.666666666666667,97.65000000000002,5.5,28,49,0.0
2024-09-19T13:00:00.000000+0000,658.5,7.233333333333334,98.26666666666667,5.3,47,34,0.0
2024-09-19T14:00:00.000000+0000,658.4,7.5,96.46666666666668,3.3,44,36,0.0
2024-09-19T15:00:00.000000+0000,658.5,7.216666666666668,97.13333333333333,2.6,39,46,0.0
2024-09-19T16:00:00.000000+0000,658.3,5.75,87.63333333333333,3.8,123,7,0.0
2024-09-19T17:00:00.000000+0000,658.8,5.75,86.2,2.9,213,0,0.0
2024-09-19T18:00:00.000000+0000,659.3,5.666666666666667,87.0,3.5,201,0,0.0
2024-09-19T19:00:00.000000+0000,659.9,5.416666666666667,86.01666666666665,1.8,225,0,0.0
2024-09-19T20:00:00.000000+0000,660.1,5.083333333333333,88.7,2.5,192,0,0.0
2024-09-19T21:00:00.000000+0000,660.0,4.516666666666667,81.36666666666666,2.2,115,0,0.0
2024-09-19T22:00:00.000000+0000,659.6,4.166666666666667,68.03333333333335,3.0,117,0,0.0
2024-09-19T23:00:00.000000+0000,659.0,4.466666666666668,58.43333333333334,4.6,124,0,0.0
2024-09-20T00:00:00.000000+0000,658.9,4.383333333333334,54.95000000000001,4.8,114,0,0.0
2024-09-20T01:00:00.000000+0000,658.8,3.8000000000000003,56.61666666666667,5.0,131,0,0.0
2024-09-20T02:00:00.000000+0000,658.9,3.716666666666667,56.23333333333334,4.9,137,0,0.0
2024-09-20T03:00:00.000000+0000,659.1,3.0333333333333337,58.43333333333334,3.4,131,0,0.0
2024-09-20T04:00:00.000000+0000,659.4,5.533333333333332,47.51666666666667,5.1,119,46,0.0
2024-09-20T05:00:00.000000+0000,660.3,7.483333333333333,75.3,2.8,47,259,0.0
2024-09-20T06:00:00.000000+0000,661.0,8.316666666666666,83.0,3.1,10,389,0.0
2024-09-20T07:00:00.000000+0000,661.5,8.566666666666666,84.96666666666668,3.0,330,369,0.0
2024-09-20T08:00:00.000000+0000,661.6,8.716666666666667,87.76666666666667,3.8,336,308,0.0
2024-09-20T09:00:00.000000+0000,661.2,8.4,91.89999999999999,4.3,3,246,0.0
2024-09-20T10:00:00.000000+0000,660.9,8.116666666666665,91.88333333333334,3.4,356,325,0.0
2024-09-20T11:00:00.000000+0000,660.2,8.633333333333333,85.33333333333333,4.0,360,472,0.0
2024-09-20T12:00:00.000000+0000,659.6,8.283333333333333,89.46666666666665,6.4,20,189,0.0
2024-09-20T13:00:00.000000+0000,659.3,9.116666666666667,69.00000000000001,6.4,79,236,0.0
2024-09-20T14:00:00.000000+0000,659.2,9.200000000000001,54.53333333333333,4.7,87,150,0.0
2024-09-20T15:00:00.000000+0000,659.4,8.866666666666667,70.4,2.1,195,115,0.0
2024-09-20T16:00:00.000000+0000,659.4,7.0,78.55,3.3,186,21,0.0
2024-09-20T17:00:00.000000+0000,659.6,4.249999999999999,78.88333333333333,2.1,146,0,0.0
2024-09-20T18:00:00.000000+0000,660.1,5.283333333333332,72.53333333333332,2.2,229,0,0.0
2024-09-20T19:00:00.000000+0000,660.3,4.716666666666666,78.65,2.5,194,0,0.0
2024-09-20T20:00:00.000000+0000,660.5,3.466666666666667,83.2,1.2,163,0,0.0
2024-09-20T21:00:00.000000+0000,660.4,3.266666666666667,70.35000000000001,4.0,120,0,0.0
2024-09-20T22:00:00.000000+0000,660.0,3.516666666666667,57.98333333333333,4.4,124,0,0.0
2024-09-20T23:00:00.000000+0000,659.6,3.6666666666666665,53.95000000000001,5.5,127,0,0.0
2024-09-21T00:00:00.000000+0000,659.2,3.9499999999999997,45.300000000000004,5.9,134,0,0.0
2024-09-21T01:00:00.000000+0000,659.1,4.083333333333333,38.31666666666667,6.4,138,0,0.0
2024-09-21T02:00:00.000000+0000,659.2,3.683333333333333,39.833333333333336,4.6,133,0,0.0
2024-09-21T03:00:00.000000+0000,659.4,3.766666666666667,34.71666666666667,3.8,123,0,0.0
2024-09-21T04:00:00.000000+0000,659.8,4.916666666666666,31.433333333333334,2.3,108,45,0.0
2024-09-21T05:00:00.000000+0000,660.7,9.683333333333335,20.400000000000002,1.3,270,272,0.0
2024-09-21T06:00:00.000000+0000,661.3,10.283333333333333,27.666666666666668,1.7,331,494,0.0
2024-09-21T07:00:00.000000+0000,661.6,11.350000000000001,45.650000000000006,4.8,349,718,0.0
2024-09-21T08:00:00.000000+0000,661.7,9.833333333333332,70.61666666666666,5.4,344,500,0.0
2024-09-21T09:00:00.000000+0000,661.5,7.866666666666667,90.05,6.2,330,108,0.0
2024-09-21T10:00:00.000000+0000,661.1,7.566666666666667,88.59999999999998,4.9,355,85,0.7
2024-09-21T11:00:00.000000+0000,660.5,7.366666666666667,87.39999999999999,6.2,35,84,0.6
2024-09-21T12:00:00.000000+0000,660.2,8.15,82.28333333333333,5.4,17,101,0.1
2024-09-21T13:00:00.000000+0000,659.9,9.016666666666667,68.63333333333334,2.7,99,161,0.0
2024-09-21T14:00:00.000000+0000,659.7,9.049999999999999,67.63333333333334,2.4,277,149,0.0
2024-09-21T15:00:00.000000+0000,659.5,6.866666666666667,86.56666666666666,3.7,280,12,0.0
2024-09-21T16:00:00.000000+0000,659.6,5.916666666666667,79.3,2.4,221,6,0.0
2024-09-21T17:00:00.000000+0000,659.5,4.316666666666666,82.8,1.5,180,0,0.0
2024-09-21T18:00:00.000000+0000,660.1,4.4,81.85000000000001,1.3,79,0,0.0
2024-09-21T19:00:00.000000+0000,660.6,5.6000000000000005,79.26666666666667,0.9,129,0,0.0
2024-09-21T20:00:00.000000+0000,660.6,4.716666666666667,81.81666666666666,0.7,68,0,0.0
2024-09-21T21:00:00.000000+0000,660.4,3.5833333333333335,83.05,2.9,118,0,0.0
2024-09-21T22:00:00.000000+0000,660.0,3.9666666666666663,77.86666666666666,2.8,109,0,0.0
2024-09-21T23:00:00.000000+0000,659.2,3.0,65.39999999999999,3.3,128,0,0.0
2024-09-22T00:00:00.000000+0000,658.9,2.983333333333333,54.26666666666667,3.9,113,0,0.0
2024-09-22T01:00:00.000000+0000,658.8,3.533333333333333,50.666666666666664,4.7,129,0,0.0
2024-09-22T02:00:00.000000+0000,659.0,3.6,51.25,3.8,115,0,0.0
2024-09-22T03:00:00.000000+0000,659.3,3.6999999999999997,53.400000000000006,3.7,135,0,0.0
2024-09-22T04:00:00.000000+0000,659.5,4.466666666666667,52.800000000000004,3.9,129,42,0.0
2024-09-22T05:00:00.000000+0000,660.2,9.216666666666667,37.01666666666667,2.0,103,266,0.0
2024-09-22T06:00:00.000000+0000,660.9,11.233333333333334,37.45,2.5,13,501,0.0
2024-09-22T07:00:00.000000+0000,661.2,10.433333333333332,61.966666666666676,3.3,327,718,0.0
2024-09-22T08:00:00.000000+0000,661.4,10.316666666666668,73.85000000000001,4.2,4,648,0.0
2024-09-22T09:00:00.000000+0000,661.2,9.933333333333334,82.64999999999999,4.5,333,521,0.0
2024-09-22T10:00:00.000000+0000,660.8,9.733333333333333,85.85000000000001,5.2,316,369,0.0
2024-09-22T11:00:00.000000+0000,660.1,9.583333333333334,86.33333333333333,4.1,321,276,0.0
2024-09-22T12:00:00.000000+0000,659.6,10.1,85.66666666666667,4.6,347,332,0.0
2024-09-22T13:00:00.000000+0000,659.4,9.466666666666667,87.7,4.8,344,282,0.0
2024-09-22T14:00:00.000000+0000,659.4,7.3500000000000005,96.25,2.4,311,27,0.0
2024-09-22T15:00:00.000000+0000,659.5,6.95,95.81666666666666,2.4,240,20,1.5
2024-09-22T16:00:00.000000+0000,659.7,6.7,96.05,2.2,212,2,0.4
2024-09-22T17:00:00.000000+0000,659.9,6.216666666666668,96.43333333333334,1.3,225,0,0.0
2024-09-22T18:00:00.000000+0000,659.9,5.116666666666666,92.66666666666667,1.6,196,0,0.0
2024-09-22T19:00:00.000000+0000,660.2,4.583333333333333,93.25,2.1,211,0,0.0
2024-09-22T20:00:00.000000+0000,660.2,4.216666666666667,90.41666666666667,1.9,232,0,0.0
2024-09-22T21:00:00.000000+0000,660.0,4.45,90.76666666666667,2.4,235,0,0.0
2024-09-22T22:00:00.000000+0000,659.6,4.616666666666667,82.75,2.2,211,0,0.0
2024-09-22T23:00:00.000000+0000,659.0,4.3999999999999995,77.25,1.8,214,0,0.0
2024-09-23T00:00:00.000000+0000,658.8,3.9166666666666665,72.35,4.0,113,0,0.0
2024-09-23T01:00:00.000000+0000,658.8,3.966666666666667,72.68333333333334,4.3,112,0,0.0
2024-09-23T02:00:00.000000+0000,659.1,3.1666666666666665,76.11666666666666,3.8,119,0,0.0
2024-09-23T03:00:00.000000+0000,659.3,2.9,68.86666666666667,2.2,120,0,0.0
2024-09-23T04:00:00.000000+0000,659.7,3.25,70.16666666666667,2.4,115,42,0.0
2024-09-23T05:00:00.000000+0000,660.5,7.966666666666668,61.95000000000001,2.3,100,266,0.0
2024-09-23T06:00:00.000000+0000,661.1,9.633333333333335,54.43333333333334,2.9,15,499,0.0
2024-09-23T07:00:00.000000+0000,661.5,9.25,77.43333333333335,3.6,2,573,0.0
2024-09-23T08:00:00.000000+0000,661.5,8.35,89.86666666666666,4.7,8,237,0.0
2024-09-23T09:00:00.000000+0000,661.0,8.05,92.31666666666666,4.7,356,233,0.0
2024-09-23T10:00:00.000000+0000,660.5,7.383333333333333,94.98333333333333,4.8,15,155,0.3
2024-09-23T11:00:00.000000+0000,660.0,7.866666666666666,91.21666666666668,5.7,17,212,0.1
2024-09-23T12:00:00.000000+0000,659.5,8.133333333333335,88.61666666666666,6.1,11,210,0.0
2024-09-23T13:00:00.000000+0000,659.3,7.916666666666668,90.28333333333335,4.5,5,146,0.0
2024-09-23T14:00:00.000000+0000,659.2,7.366666666666667,93.14999999999999,3.6,17,65,0.0
2024-09-23T15:00:00.000000+0000,659.5,6.8500000000000005,97.81666666666668,4.0,355,20,0.0
2024-09-23T16:00:00.000000+0000,659.8,6.366666666666666,98.43333333333334,1.6,90,6,0.0
2024-09-23T17:00:00.000000+0000,659.8,4.383333333333334,84.01666666666667,2.1,170,0,0.0
2024-09-23T18:00:00.000000+0000,660.2,4.3,85.58333333333333,1.2,203,0,0.0
2024-09-23T19:00:00.000000+0000,660.6,4.2,88.63333333333333,1.2,210,0,0.0
2024-09-23T20:00:00.000000+0000,660.7,3.1166666666666667,94.63333333333333,1.1,112,0,0.0
2024-09-23T21:00:00.000000+0000,660.2,3.3333333333333335,81.56666666666666,1.2,180,0,0.0
2024-09-23T22:00:00.000000+0000,659.6,2.65,72.86666666666667,2.6,118,0,0.0
2024-09-23T23:00:00.000000+0000,659.2,3.5,67.95,4.5,114,0,0.0
2024-09-24T00:00:00.000000+0000,659.0,3.9500000000000006,66.53333333333332,7.2,132,0,0.0
2024-09-24T01:00:00.000000+0000,659.0,3.9499999999999997,67.11666666666666,7.5,136,0,0.0
2024-09-24T02:00:00.000000+0000,659.1,4.166666666666667,68.81666666666666,7.9,133,0,0.0
2024-09-24T03:00:00.000000+0000,659.4,3.8499999999999996,73.23333333333333,6.7,137,0,0.0
2024-09-24T04:00:00.000000+0000,659.7,4.316666666666667,74.0,6.4,135,43,0.0
2024-09-24T05:00:00.000000+0000,660.5,8.266666666666666,61.666666666666664,4.9,116,266,0.0
2024-09-24T06:00:00.000000+0000,661.2,10.15,53.166666666666664,4.8,51,501,0.0
2024-09-24T07:00:00.000000+0000,661.3,10.483333333333333,60.416666666666664,5.0,5,678,0.0
2024-09-24T08:00:00.000000+0000,661.2,9.866666666666665,78.76666666666667,5.5,358,597,0.0
2024-09-24T09:00:00.000000+0000,660.9,8.916666666666666,85.18333333333332,5.2,1,403,0.0
2024-09-24T10:00:00.000000+0000,660.5,8.633333333333335,88.56666666666666,5.3,360,317,0.0
2024-09-24T11:00:00.000000+0000,660.1,9.100000000000001,82.64999999999999,5.5,355,317,0.0
2024-09-24T12:00:00.000000+0000,659.7,7.05,94.73333333333333,2.5,350,41,12.3
2024-09-24T13:00:00.000000+0000,659.5,7.050000000000001,97.78333333333332,3.2,5,77,3.3
2024-09-24T14:00:00.000000+0000,659.4,7.133333333333333,98.64999999999999,4.4,346,41,0.1
2024-09-24T15:00:00.000000+0000,659.6,6.966666666666668,99.10000000000001,3.0,340,76,0.0
2024-09-24T16:00:00.000000+0000,660.0,6.116666666666667,99.2,1.5,326,6,0.0
2024-09-24T17:00:00.000000+0000,660.1,4.683333333333334,98.38333333333333,2.0,204,0,0.0
2024-09-24T18:00:00.000000+0000,660.3,4.6000000000000005,91.21666666666665,0.8,202,0,0.0
2024-09-24T19:00:00.000000+0000,660.6,4.166666666666667,88.89999999999999,1.5,228,0,0.0
2024-09-24T20:00:00.000000+0000,660.7,4.366666666666666,74.41666666666667,1.3,189,0,0.0
2024-09-24T21:00:00.000000+0000,660.5,4.283333333333334,68.5,2.0,186,0,0.0
2024-09-24T22:00:00.000000+0000,659.9,4.266666666666667,67.88333333333333,1.9,198,0,0.0
2024-09-24T23:00:00.000000+0000,659.4,4.316666666666666,69.16666666666667,2.0,186,0,0.0
2024-09-25T00:00:00.000000+0000,659.2,3.1833333333333336,74.25000000000001,1.8,128,0,0.0
2024-09-25T01:00:00.000000+0000,659.2,2.6166666666666667,77.46666666666667,2.5,114,0,0.0
2024-09-25T02:00:00.000000+0000,659.4,2.3666666666666667,77.96666666666665,2.3,126,0,0.0
2024-09-25T03:00:00.000000+0000,659.9,2.7166666666666663,79.71666666666667,2.2,115,0,0.0
2024-09-25T04:00:00.000000+0000,660.3,3.4,86.16666666666667,2.5,92,44,0.0
2024-09-25T05:00:00.000000+0000,660.9,6.966666666666666,74.18333333333332,3.7,98,270,0.0
2024-09-25T06:00:00.000000+0000,661.4,8.799999999999999,62.81666666666667,3.9,49,504,0.0
2024-09-25T07:00:00.000000+0000,661.7,9.950000000000001,59.550000000000004,4.7,52,709,0.0
2024-09-25T08:00:00.000000+0000,661.7,10.583333333333334,61.11666666666667,6.3,43,860,0.0
2024-09-25T09:00:00.000000+0000,661.5,10.5,62.099999999999994,6.5,14,846,
2024-09-25T16:00:00.000000+0000,660.0,6.15,97.45,,,,
2024-09-25T17:00:00.000000+0000,660.6,5.433333333333334,85.69999999999999,3.0,125,0,0.0
2024-09-25T18:00:00.000000+0000,660.6,3.7999999999999994,77.55,1.5,105,0,0.0
2024-09-25T19:00:00.000000+0000,660.6,3.6833333333333336,79.61666666666666,1.4,131,0,0.0
2024-09-25T20:00:00.000000+0000,660.6,4.1000000000000005,71.25,1.8,183,0,0.0
2024-09-25T21:00:00.000000+0000,660.3,4.066666666666666,72.31666666666666,1.0,180,0,0.0
2024-09-25T22:00:00.000000+0000,659.8,4.066666666666667,72.56666666666666,2.7,178,0,0.0
2024-09-25T23:00:00.000000+0000,659.4,3.733333333333334,68.48333333333333,2.4,153,0,0.0
2024-09-26T00:00:00.000000+0000,659.3,3.4,62.73333333333334,2.6,115,0,0.0
2024-09-26T01:00:00.000000+0000,659.2,3.15,68.33333333333333,3.4,116,0,0.0
2024-09-26T02:00:00.000000+0000,659.3,3.466666666666667,60.38333333333335,4.5,115,0,0.0
2024-09-26T03:00:00.000000+0000,659.6,4.05,60.349999999999994,4.7,111,0,0.0
2024-09-26T04:00:00.000000+0000,660.1,4.566666666666667,61.43333333333334,4.3,109,44,0.0
2024-09-26T05:00:00.000000+0000,660.8,8.1,56.0,4.4,81,269,0.0
2024-09-26T06:00:00.000000+0000,661.5,9.383333333333333,56.20000000000001,4.7,35,507,0.0
2024-09-26T07:00:00.000000+0000,661.8,10.533333333333333,56.61666666666667,5.4,27,758,0.0
2024-09-26T08:00:00.000000+0000,661.9,9.933333333333334,63.416666666666664,5.3,353,588,0.0
2024-09-26T09:00:00.000000+0000,661.6,9.450000000000001,70.55000000000001,5.1,319,340,0.0
2024-09-26T10:00:00.000000+0000,661.0,8.683333333333332,82.56666666666668,5.2,350,185,0.5
2024-09-26T11:00:00.000000+0000,660.4,7.383333333333334,93.83333333333333,4.4,19,92,2.4
2024-09-26T12:00:00.000000+0000,660.1,6.716666666666668,92.71666666666665,2.2,84,199,4.2
2024-09-26T13:00:00.000000+0000,659.8,7.383333333333333,90.8,2.4,57,250,0.0
2024-09-26T14:00:00.000000+0000,659.8,7.8999999999999995,85.2,2.4,104,156,0.0
2024-09-26T15:00:00.000000+0000,659.9,8.183333333333332,79.98333333333333,3.1,255,110,0.0
2024-09-26T16:00:00.000000+0000,660.1,6.716666666666666,90.58333333333331,2.2,259,8,0.0
2024-09-26T17:00:00.000000+0000,660.2,5.5,88.33333333333333,3.3,228,0,0.0
2024-09-26T18:00:00.000000+0000,660.2,4.55,88.39999999999999,4.0,234,0,0.0
2024-09-26T19:00:00.000000+0000,660.5,4.666666666666667,92.71666666666665,4.4,245,0,0.0
2024-09-26T20:00:00.000000+0000,660.4,5.266666666666667,85.38333333333333,5.7,239,0,0.0
2024-09-26T21:00:00.000000+0000,660.2,5.733333333333333,83.31666666666668,7.2,228,0,0.0
2024-09-26T22:00:00.000000+0000,659.8,5.433333333333333,83.53333333333332,6.1,232,0,0.0
2024-09-26T23:00:00.000000+0000,659.4,5.083333333333333,84.43333333333334,4.5,226,0,0.0
2024-09-27T00:00:00.000000+0000,659.3,4.733333333333333,86.56666666666666,3.4,216,0,0.0
2024-09-27T01:00:00.000000+0000,659.4,4.933333333333333,87.81666666666668,4.3,210,0,0.0
2024-09-27T02:00:00.000000+0000,659.3,4.183333333333333,84.73333333333333,4.2,216,0,0.0
2024-09-27T03:00:00.000000+0000,659.8,4.8,89.0,3.2,191,0,0.0
2024-09-27T04:00:00.000000+0000,660.3,5.216666666666667,87.7,3.5,192,51,0.0
2024-09-27T05:00:00.000000+0000,660.9,7.166666666666667,78.73333333333333,3.3,194,254,0.0
2024-09-27T06:00:00.000000+0000,661.4,8.616666666666667,82.11666666666666,2.2,275,483,0.0
2024-09-27T07:00:00.000000+0000,661.9,9.033333333333333,86.25,3.3,296,595,0.0
2024-09-27T08:00:00.000000+0000,661.8,8.35,92.56666666666668,4.5,328,236,0.0
2024-09-27T09:00:00.000000+0000,661.5,7.55,95.35000000000001,3.5,326,158,0.0
2024-09-27T10:00:00.000000+0000,660.9,8.966666666666667,86.53333333333332,3.4,305,511,0.0
2024-09-27T11:00:00.000000+0000,660.3,8.3,90.21666666666668,4.3,356,262,0.0
2024-09-27T12:00:00.000000+0000,659.8,9.833333333333334,81.11666666666666,3.6,337,375,0.0
2024-09-27T13:00:00.000000+0000,659.5,9.199999999999998,84.6,4.3,359,151,0.0
2024-09-27T14:00:00.000000+0000,659.5,8.416666666666666,88.66666666666667,3.4,309,50,0.0
2024-09-27T15:00:00.000000+0000,659.7,8.1,93.43333333333334,2.8,286,44,0.0
2024-09-27T16:00:00.000000+0000,659.7,7.433333333333334,96.76666666666667,2.9,292,4,0.0
2024-09-27T17:00:00.000000+0000,660.0,7.083333333333335,97.35000000000001,2.3,242,0,0.0
2024-09-27T18:00:00.000000+0000,659.9,6.633333333333334,97.55000000000001,3.0,250,0,0.0
2024-09-27T19:00:00.000000+0000,660.3,6.683333333333334,98.40000000000002,4.3,252,0,0.0
2024-09-27T20:00:00.000000+0000,660.3,5.95,98.25,2.9,241,0,0.0
2024-09-27T21:00:00.000000+0000,660.0,5.233333333333333,88.11666666666666,3.5,220,0,0.0
2024-09-27T22:00:00.000000+0000,659.4,5.283333333333332,84.8,4.6,213,0,0.0
2024-09-27T23:00:00.000000+0000,659.0,5.133333333333334,83.24999999999999,4.1,216,0,0.0
2024-09-28T00:00:00.000000+0000,658.8,4.800000000000001,90.16666666666667,2.7,209,0,0.0
2024-09-28T01:00:00.000000+0000,658.7,4.666666666666667,92.98333333333333,1.6,184,0,0.0
2024-09-28T02:00:00.000000+0000,658.9,5.45,91.2,1.1,166,0,0.0
2024-09-28T03:00:00.000000+0000,659.3,5.883333333333334,89.0,0.6,158,0,0.0
2024-09-28T04:00:00.000000+0000,659.6,6.116666666666667,89.71666666666665,1.0,129,15,0.0
2024-09-28T05:00:00.000000+0000,660.4,7.600000000000001,87.16666666666667,1.8,62,179,0.0
2024-09-28T06:00:00.000000+0000,661.0,9.266666666666667,69.64999999999999,3.3,50,455,0.0
2024-09-28T07:00:00.000000+0000,661.4,9.716666666666665,72.26666666666667,4.3,11,573,0.0
2024-09-28T08:00:00.000000+0000,661.2,9.399999999999999,76.5,5.0,11,347,0.0
2024-09-28T09:00:00.000000+0000,660.7,8.766666666666666,85.03333333333332,6.0,7,209,0.0
2024-09-28T10:00:00.000000+0000,660.2,7.6499999999999995,91.23333333333333,4.7,25,124,2.6
2024-09-28T11:00:00.000000+0000,659.6,6.883333333333333,87.71666666666665,5.1,173,212,7.9
2024-09-28T12:00:00.000000+0000,659.1,8.233333333333334,88.23333333333333,3.1,74,264,0.0
2024-09-28T13:00:00.000000+0000,658.7,8.716666666666667,80.7,4.3,129,241,0.0
2024-09-28T14:00:00.000000+0000,658.8,9.25,75.03333333333333,2.1,360,189,0.0
2024-09-28T15:00:00.000000+0000,658.7,9.233333333333334,74.98333333333333,2.3,249,124,0.0
2024-09-28T16:00:00.000000+0000,659.0,7.266666666666666,85.53333333333335,1.1,8,5,0.0
2024-09-28T17:00:00.000000+0000,659.3,6.266666666666667,87.71666666666668,1.0,191,0,0.0
2024-09-28T18:00:00.000000+0000,659.6,6.183333333333334,91.68333333333334,1.7,222,0,0.0
2024-09-28T19:00:00.000000+0000,660.0,5.816666666666666,93.76666666666667,2.0,174,0,0.0
2024-09-28T20:00:00.000000+0000,659.9,5.216666666666667,89.18333333333334,1.2,210,0,0.0
2024-09-28T21:00:00.000000+0000,659.7,5.449999999999999,87.83333333333333,1.2,190,0,0.0
2024-09-28T22:00:00.000000+0000,658.9,5.166666666666667,86.41666666666667,1.1,190,0,0.0
2024-09-28T23:00:00.000000+0000,658.4,3.766666666666666,89.3,2.3,139,0,0.0
2024-09-29T00:00:00.000000+0000,658.3,4.133333333333333,86.86666666666667,1.4,141,0,0.0
2024-09-29T01:00:00.000000+0000,658.4,4.133333333333334,86.60000000000001,2.5,117,0,0.0
2024-09-29T02:00:00.000000+0000,658.5,4.683333333333334,84.63333333333333,4.6,106,0,0.0
2024-09-29T03:00:00.000000+0000,658.8,4.716666666666667,85.39999999999999,4.3,116,0,0.0
2024-09-29T04:00:00.000000+0000,659.3,5.433333333333333,82.51666666666667,4.0,117,18,0.0
2024-09-29T05:00:00.000000+0000,660.0,7.166666666666667,73.46666666666665,3.6,102,143,0.0
2024-09-29T06:00:00.000000+0000,660.6,9.183333333333335,66.48333333333333,4.3,46,419,0.0
2024-09-29T07:00:00.000000+0000,661.1,10.233333333333333,59.916666666666664,5.6,41,664,0.0
2024-09-29T08:00:00.000000+0000,661.1,10.116666666666665,66.73333333333333,5.8,26,408,0.0
2024-09-29T09:00:00.000000+0000,660.7,9.666666666666666,76.98333333333335,4.9,25,327,0.0
2024-09-29T10:00:00.000000+0000,659.8,8.466666666666667,84.2,5.3,9,101,0.0
2024-09-29T11:00:00.000000+0000,659.2,7.716666666666668,94.8,4.1,27,49,3.2
2024-09-29T12:00:00.000000+0000,658.9,6.833333333333333,95.83333333333333,1.8,112,62,18.4
2024-09-29T13:00:00.000000+0000,658.7,7.233333333333334,88.05,2.5,187,107,0.6
2024-09-29T14:00:00.000000+0000,658.6,7.316666666666666,87.55,3.1,101,56,0.0
2024-09-29T15:00:00.000000+0000,658.8,7.3,87.0,2.0,72,33,0.0
2024-09-29T16:00:00.000000+0000,658.9,6.116666666666666,88.81666666666666,4.0,134,8,0.0
2024-09-29T17:00:00.000000+0000,659.2,5.516666666666667,85.35000000000001,2.6,177,0,0.0
2024-09-29T18:00:00.000000+0000,659.7,5.05,81.65,2.8,206,0,0.0
2024-09-29T19:00:00.000000+0000,660.2,5.166666666666667,80.95,2.3,197,0,0.0
2024-09-29T20:00:00.000000+0000,660.6,6.383333333333333,76.05,1.7,225,0,0.0
2024-09-29T21:00:00.000000+0000,660.4,5.8999999999999995,79.75,1.2,230,0,0.0
2024-09-29T22:00:00.000000+0000,659.8,5.433333333333334,83.26666666666667,0.7,153,0,0.0
2024-09-29T23:00:00.000000+0000,659.2,5.0,84.16666666666667,1.2,128,0,0.0
2024-09-30T00:00:00.000000+0000,658.7,3.8000000000000003,83.46666666666667,2.1,113,0,0.0
2024-09-30T01:00:00.000000+0000,658.6,3.5666666666666664,78.05,3.1,109,0,0.0
2024-09-30T02:00:00.000000+0000,658.7,3.716666666666667,77.56666666666668,4.6,124,0,0.0
2024-09-30T03:00:00.000000+0000,659.3,4.933333333333334,78.61666666666666,3.7,202,0,0.0
2024-09-30T04:00:00.000000+0000,659.7,4.966666666666666,76.45,3.2,118,21,0.0
2024-09-30T05:00:00.000000+0000,660.5,7.066666666666666,70.85000000000001,3.6,130,160,0.0
2024-09-30T06:00:00.000000+0000,661.3,9.466666666666667,62.949999999999996,2.6,39,409,0.0
2024-09-30T07:00:00.000000+0000,661.5,9.450000000000001,65.33333333333333,4.9,5,393,0.0
2024-09-30T08:00:00.000000+0000,661.5,9.000000000000002,79.86666666666666,4.5,25,432,0.0
2024-09-30T09:00:00.000000+0000,660.9,8.266666666666666,89.38333333333333,5.9,4,176,0.8
2024-09-30T10:00:00.000000+0000,660.3,6.666666666666667,98.03333333333335,4.9,12,43,6.8
2024-09-30T11:00:00.000000+0000,659.7,5.816666666666666,92.35000000000001,3.7,169,121,7.6
2024-09-30T12:00:00.000000+0000,659.0,6.833333333333333,91.86666666666667,2.3,81,180,3.0
2024-09-30T13:00:00.000000+0000,658.7,7.849999999999999,83.36666666666666,2.5,256,256,0.0
2024-09-30T14:00:00.000000+0000,658.6,8.733333333333333,84.73333333333333,2.3,45,268,0.0
2024-09-30T15:00:00.000000+0000,658.9,7.699999999999999,92.69999999999999,2.0,308,32,0.0
2024-09-30T16:00:00.000000+0000,659.3,6.916666666666667,95.55,1.1,311,3,0.0
2024-09-30T17:00:00.000000+0000,659.7,6.466666666666666,88.53333333333335,1.3,241,0,0.0
2024-09-30T18:00:00.000000+0000,660.0,6.033333333333332,87.03333333333335,1.2,189,0,0.0
2024-09-30T19:00:00.000000+0000,660.5,5.966666666666668,85.65000000000002,0.9,124,0,0.0
2024-09-30T20:00:00.000000+0000,660.4,5.416666666666667,83.45,1.2,185,0,0.0
2024-09-30T21:00:00.000000+0000,660.0,4.25,85.31666666666666,1.5,204,0,0.0
2024-09-30T22:00:00.000000+0000,659.4,4.083333333333333,82.95,1.3,132,0,0.0
2024-09-30T23:00:00.000000+0000,658.6,3.733333333333333,66.53333333333333,4.3,131,0,0.0
2024-10-01T00:00:00.000000+0000,658.2,5.3,54.58333333333332,2.9,152,0,0.0
2024-10-01T01:00:00.000000+0000,658.2,5.500000000000001,34.75,6.0,158,0,0.0
2024-10-01T02:00:00.000000+0000,658.3,5.699999999999999,32.86666666666667,9.2,147,0,0.0
2024-10-01T03:00:00.000000+0000,658.6,5.683333333333334,35.916666666666664,9.1,146,0,0.0
2024-10-01T04:00:00.000000+0000,659.1,6.433333333333333,34.18333333333333,7.6,138,25,0.0
2024-10-01T05:00:00.000000+0000,660.1,8.366666666666667,41.68333333333334,2.8,144,223,0.0
2024-10-01T06:00:00.000000+0000,660.9,10.0,54.08333333333334,3.7,112,526,0.0
2024-10-01T07:00:00.000000+0000,661.4,10.166666666666666,54.06666666666667,4.8,287,757,0.0
2024-10-01T08:00:00.000000+0000,661.2,10.216666666666667,69.26666666666665,5.4,286,811,0.0
2024-10-01T09:00:00.000000+0000,660.9,10.333333333333334,76.78333333333333,6.0,274,682,0.0
2024-10-01T10:00:00.000000+0000,660.2,9.3,83.08333333333333,6.4,258,401,0.0
2024-10-01T11:00:00.000000+0000,659.6,7.683333333333334,92.28333333333332,4.2,263,90,1.4
2024-10-01T12:00:00.000000+0000,659.1,7.783333333333334,88.91666666666667,2.5,69,68,0.1
2024-10-01T13:00:00.000000+0000,658.6,9.733333333333333,81.71666666666665,6.4,44,343,0.0
2024-10-01T14:00:00.000000+0000,658.3,8.85,79.5,5.6,103,158,0.0
2024-10-01T15:00:00.000000+0000,658.7,8.6,79.76666666666667,3.1,245,130,0.0
2024-10-01T16:00:00.000000+0000,658.8,6.816666666666666,85.68333333333334,1.5,180,7,0.0
2024-10-01T17:00:00.000000+0000,659.2,6.5,85.2,1.9,112,0,0.0
2024-10-01T18:00:00.000000+0000,659.5,6.016666666666667,84.06666666666668,3.5,103,0,0.0
2024-10-01T19:00:00.000000+0000,659.6,5.916666666666667,72.25,5.8,121,0,0.0
2024-10-01T20:00:00.000000+0000,659.7,4.783333333333333,66.36666666666667,6.8,123,0,0.0
2024-10-01T21:00:00.000000+0000,659.6,5.033333333333334,70.35000000000001,6.7,130,0,0.0
2024-10-01T22:00:00.000000+0000,658.8,4.666666666666667,75.61666666666667,8.2,123,0,0.0
2024-10-01T23:00:00.000000+0000,658.3,4.800000000000001,68.21666666666668,7.0,133,0,0.0
2024-10-02T00:00:00.000000+0000,658.1,4.566666666666667,68.46666666666665,8.4,137,0,0.0
2024-10-02T01:00:00.000000+0000,658.2,4.816666666666666,67.98333333333333,8.4,136,0,0.0
2024-10-02T02:00:00.000000+0000,658.4,4.55,71.03333333333333,8.9,137,0,0.0
2024-10-02T03:00:00.000000+0000,658.7,4.616666666666666,73.38333333333334,9.7,138,0,0.0
2024-10-02T04:00:00.000000+0000,659.2,4.95,69.31666666666666,9.5,138,26,0.0
2024-10-02T05:00:00.000000+0000,660.0,7.366666666666667,55.300000000000004,6.0,142,217,0.0
2024-10-02T06:00:00.000000+0000,660.7,10.283333333333333,43.21666666666667,4.4,102,507,0.0
2024-10-02T07:00:00.000000+0000,661.1,9.116666666666667,68.7,2.7,328,701,0.0
2024-10-02T08:00:00.000000+0000,661.0,8.766666666666666,83.16666666666667,4.2,315,442,0.0
2024-10-02T09:00:00.000000+0000,660.9,8.333333333333334,87.63333333333333,5.2,301,325,0.0
2024-10-02T10:00:00.000000+0000,660.4,8.133333333333335,89.3,4.6,267,174,0.0
2024-10-02T11:00:00.000000+0000,659.9,9.866666666666665,74.55,5.6,322,534,0.0
2024-10-02T12:00:00.000000+0000,659.4,9.35,76.43333333333334,4.1,325,296,0.0
2024-10-02T13:00:00.000000+0000,659.0,10.149999999999999,74.60000000000001,6.4,287,487,0.0
2024-10-02T14:00:00.000000+0000,658.8,8.85,84.43333333333334,5.0,260,154,0.0
2024-10-02T15:00:00.000000+0000,659.1,7.833333333333333,85.68333333333334,3.9,261,102,0.0
2024-10-02T16:00:00.000000+0000,659.2,6.300000000000001,86.73333333333333,3.0,250,10,0.0
2024-10-02T17:00:00.000000+0000,659.3,4.816666666666666,80.86666666666666,2.2,199,0,0.0
2024-10-02T18:00:00.000000+0000,659.3,5.45,67.4,4.3,193,0,0.0
2024-10-02T19:00:00.000000+0000,659.2,5.333333333333333,70.8,12.3,156,0,0.0
2024-10-02T20:00:00.000000+0000,659.7,5.083333333333333,65.53333333333333,4.8,194,0,0.0
2024-10-02T21:00:00.000000+0000,659.0,3.5999999999999996,82.91666666666667,3.2,197,0,0.0
2024-10-02T22:00:00.000000+0000,658.5,2.983333333333333,86.91666666666667,2.2,217,0,0.0
2024-10-02T23:00:00.000000+0000,658.2,3.1999999999999997,88.68333333333334,1.8,237,0,0.0
2024-10-03T00:00:00.000000+0000,658.1,3.1,92.03333333333332,2.7,252,0,0.0
2024-10-03T01:00:00.000000+0000,658.3,2.7166666666666663,91.34999999999998,2.5,279,0,0.0
2024-10-03T02:00:00.000000+0000,658.4,3.033333333333333,79.35000000000001,3.2,155,0,0.0
2024-10-03T03:00:00.000000+0000,658.8,4.633333333333334,77.74999999999999,5.2,125,0,0.0
2024-10-03T04:00:00.000000+0000,659.0,4.016666666666667,72.95,5.5,114,49,0.0
2024-10-03T05:00:00.000000+0000,659.3,6.75,49.199999999999996,7.3,115,280,0.0
2024-10-03T06:00:00.000000+0000,660.1,8.816666666666666,41.33333333333333,8.1,103,519,0.0
2024-10-03T07:00:00.000000+0000,660.4,10.216666666666667,40.03333333333334,7.3,104,736,0.0
2024-10-03T08:00:00.000000+0000,660.5,10.75,40.71666666666667,7.6,99,910,0.0
2024-10-03T09:00:00.000000+0000,660.6,9.85,65.06666666666668,4.7,344,761,0.0
2024-10-03T10:00:00.000000+0000,660.4,9.25,72.89999999999999,5.2,303,583,0.0
2024-10-03T11:00:00.000000+0000,660.3,10.233333333333333,62.81666666666666,6.7,317,822,0.0
2024-10-03T12:00:00.000000+0000,660.1,8.933333333333334,74.31666666666666,5.3,341,417,0.0
2024-10-03T13:00:00.000000+0000,659.9,7.3,90.58333333333333,4.7,324,137,0.0
2024-10-03T14:00:00.000000+0000,659.7,6.566666666666666,94.41666666666667,3.0,318,77,0.0
2024-10-03T15:00:00.000000+0000,659.9,6.216666666666668,95.18333333333332,2.3,9,36,0.0
2024-10-03T16:00:00.000000+0000,660.1,5.533333333333334,96.13333333333333,1.3,45,3,0.0
2024-10-03T17:00:00.000000+0000,660.2,3.466666666666667,93.61666666666667,1.2,167,0,0.0
2024-10-03T18:00:00.000000+0000,660.4,2.9166666666666665,86.46666666666665,3.1,157,0,0.0
2024-10-03T19:00:00.000000+0000,660.8,4.0666666666666655,78.66666666666667,3.8,168,0,0.0
2024-10-03T20:00:00.000000+0000,660.9,3.4,81.21666666666668,0.9,219,0,0.0
2024-10-03T21:00:00.000000+0000,660.4,2.0166666666666666,82.75,1.3,138,0,0.0
2024-10-03T22:00:00.000000+0000,660.2,2.166666666666667,63.48333333333333,4.2,128,0,0.0
2024-10-03T23:00:00.000000+0000,659.8,2.416666666666667,51.166666666666664,4.9,107,0,0.0
2024-10-04T00:00:00.000000+0000,659.6,1.9833333333333332,74.63333333333334,6.1,128,0,0.0
2024-10-04T01:00:00.000000+0000,659.5,2.25,67.03333333333333,5.9,123,0,0.0
2024-10-04T02:00:00.000000+0000,659.5,2.1,41.449999999999996,4.8,128,0,0.0
2024-10-04T03:00:00.000000+0000,659.9,3.15,44.666666666666664,2.5,187,0,0.0
2024-10-04T04:00:00.000000+0000,660.2,3.916666666666666,42.36666666666667,2.2,188,51,0.0
2024-10-04T05:00:00.000000+0000,661.0,7.283333333333332,37.766666666666666,1.8,173,277,0.0
2024-10-04T06:00:00.000000+0000,661.5,7.916666666666667,39.9,2.8,285,509,0.0
2024-10-04T07:00:00.000000+0000,661.7,9.15,50.28333333333333,3.8,339,730,0.0
2024-10-04T08:00:00.000000+0000,661.8,9.450000000000001,68.93333333333334,4.5,1,624,0.0
2024-10-04T09:00:00.000000+0000,661.7,8.683333333333334,78.06666666666666,4.2,329,439,0.0
2024-10-04T10:00:00.000000+0000,661.5,8.0,82.50000000000001,4.3,333,172,0.0
2024-10-04T11:00:00.000000+0000,661.0,8.316666666666666,83.28333333333335,5.9,357,221,0.0
2024-10-04T12:00:00.000000+0000,660.7,7.449999999999999,85.33333333333333,4.9,341,74,0.0
2024-10-04T13:00:00.000000+0000,660.4,7.716666666666666,85.05,5.2,349,125,0.0
2024-10-04T14:00:00.000000+0000,660.5,7.483333333333334,86.45,3.4,307,105,0.0
2024-10-04T15:00:00.000000+0000,660.5,7.416666666666667,86.36666666666666,3.5,290,78,0.0
2024-10-04T16:00:00.000000+0000,660.6,6.566666666666666,93.66666666666667,2.1,294,5,0.0
2024-10-04T17:00:00.000000+0000,660.8,6.2,95.51666666666667,0.8,248,0,0.0
2024-10-04T18:00:00.000000+0000,661.1,5.849999999999999,92.33333333333333,2.0,235,0,0.0
2024-10-04T19:00:00.000000+0000,661.1,6.016666666666667,94.95,1.9,280,0,0.0
2024-10-04T20:00:00.000000+0000,661.4,5.716666666666666,97.03333333333332,1.3,275,0,0.0
2024-10-04T21:00:00.000000+0000,661.0,4.083333333333333,94.08333333333333,1.1,180,0,0.0
2024-10-04T22:00:00.000000+0000,660.9,4.316666666666667,90.05,2.7,207,0,0.0
2024-10-04T23:00:00.000000+0000,660.4,4.45,77.75,5.7,201,0,0.0
2024-10-05T00:00:00.000000+0000,659.9,4.366666666666667,73.68333333333334,3.7,210,0,0.0
2024-10-05T01:00:00.000000+0000,659.7,3.933333333333333,77.31666666666668,3.1,208,0,0.0
2024-10-05T02:00:00.000000+0000,659.7,3.8000000000000003,80.26666666666667,2.6,201,0,0.0
2024-10-05T03:00:00.000000+0000,659.6,3.9500000000000006,79.81666666666668,3.9,171,0,0.0
2024-10-05T04:00:00.000000+0000,659.9,4.566666666666666,72.85,1.3,197,54,0.0
2024-10-05T05:00:00.000000+0000,660.7,8.200000000000001,62.66666666666666,1.0,342,285,0.0
2024-10-05T06:00:00.000000+0000,661.1,8.549999999999999,70.55,2.4,347,423,0.0
2024-10-05T07:00:00.000000+0000,661.4,8.033333333333333,85.5,3.3,351,287,0.0
2024-10-05T08:00:00.000000+0000,661.5,8.316666666666666,87.38333333333333,3.8,341,287,0.0
2024-10-05T09:00:00.000000+0000,661.3,8.1,89.13333333333334,4.1,337,228,0.0
2024-10-05T10:00:00.000000+0000,661.0,7.683333333333333,93.0,4.0,339,192,0.0
2024-10-05T11:00:00.000000+0000,660.5,8.3,91.78333333333332,5.5,347,258,0.0
2024-10-05T12:00:00.000000+0000,660.1,8.483333333333333,88.36666666666666,4.9,2,215,0.0
2024-10-05T13:00:00.000000+0000,659.8,8.366666666666667,90.41666666666664,4.3,342,224,0.0
2024-10-05T14:00:00.000000+0000,659.6,8.299999999999999,90.60000000000001,3.4,316,157,0.0
2024-10-05T15:00:00.000000+0000,659.6,7.3999999999999995,96.06666666666668,3.0,319,55,0.0
2024-10-05T16:00:00.000000+0000,659.7,6.483333333333333,95.03333333333335,1.2,198,10,0.0
2024-10-05T17:00:00.000000+0000,659.8,6.1000000000000005,90.63333333333333,1.5,0,0,0.0
2024-10-05T18:00:00.000000+0000,660.1,5.6499999999999995,95.64999999999999,1.4,230,0,0.0
2024-10-05T19:00:00.000000+0000,660.4,6.05,96.23333333333333,1.6,344,0,0.0
2024-10-05T20:00:00.000000+0000,660.5,5.016666666666667,96.93333333333334,1.5,208,0,0.0
2024-10-05T21:00:00.000000+0000,660.2,4.833333333333333,89.06666666666666,2.4,201,0,0.0
2024-10-05T22:00:00.000000+0000,659.6,4.066666666666666,84.1,2.2,205,0,0.0
2024-10-05T23:00:00.000000+0000,659.4,4.283333333333333,82.64999999999999,2.2,195,0,0.0
2024-10-06T00:00:00.000000+0000,659.1,4.0,79.01666666666667,2.5,124,0,0.0
2024-10-06T01:00:00.000000+0000,659.0,4.383333333333334,77.13333333333334,4.3,114,0,0.0
2024-10-06T02:00:00.000000+0000,659.2,5.050000000000001,74.56666666666666,2.3,98,0,0.0
2024-10-06T03:00:00.000000+0000,659.4,4.6499999999999995,79.91666666666666,2.0,87,0,0.0
2024-10-06T04:00:00.000000+0000,659.8,5.016666666666667,83.18333333333334,2.4,85,32,0.0
2024-10-06T05:00:00.000000+0000,660.4,7.1499999999999995,79.5,2.7,78,199,0.0
2024-10-06T06:00:00.000000+0000,660.9,8.416666666666666,75.33333333333333,4.7,45,373,0.0
2024-10-06T07:00:00.000000+0000,661.2,9.533333333333333,65.8,6.1,36,612,0.0
2024-10-06T08:00:00.000000+0000,661.4,10.566666666666668,65.21666666666667,6.2,8,811,0.0
2024-10-06T09:00:00.000000+0000,661.2,9.133333333333331,80.03333333333332,5.4,360,473,0.0
2024-10-06T10:00:00.000000+0000,660.8,8.85,73.21666666666668,6.5,12,430,0.0
2024-10-06T11:00:00.000000+0000,660.2,9.483333333333333,72.83333333333333,6.0,4,477,0.0
2024-10-06T12:00:00.000000+0000,659.7,9.65,74.8,6.5,346,450,0.0
2024-10-06T13:00:00.000000+0000,659.5,9.166666666666666,78.5,4.1,,,
2024-10-06T14:00:00.000000+0000,659.4,8.983333333333333,,3.8,,,
2024-10-06T15:00:00.000000+0000,659.4,8.6,78.2,3.2,,,
2024-10-06T16:00:00.000000+0000,659.8,6.266666666666667,91.75,1.2,39,9,0.0
2024-10-06T17:00:00.000000+0000,659.9,5.166666666666667,93.10000000000001,2.5,199,0,0.0
2024-10-06T18:00:00.000000+0000,660.2,5.333333333333333,84.35000000000001,1.9,238,0,0.0
2024-10-06T19:00:00.000000+0000,660.5,4.8999999999999995,91.64999999999999,3.1,186,0,0.0
2024-10-06T20:00:00.000000+0000,660.6,5.816666666666666,82.83333333333333,2.2,180,0,0.0
2024-10-06T21:00:00.000000+0000,660.5,5.216666666666667,81.55,0.9,202,0,0.0
2024-10-06T22:00:00.000000+0000,660.0,4.533333333333333,83.25,0.9,45,0,0.0
2024-10-06T23:00:00.000000+0000,659.5,3.3666666666666667,89.90000000000002,1.6,110,0,0.0
2024-10-07T00:00:00.000000+0000,659.3,3.75,87.10000000000001,1.5,144,0,0.0
2024-10-07T01:00:00.000000+0000,659.3,3.8333333333333335,88.14999999999999,0.8,74,0,0.0
2024-10-07T02:00:00.000000+0000,659.5,3.9500000000000006,90.56666666666668,2.6,124,0,0.0
2024-10-07T03:00:00.000000+0000,659.8,4.733333333333333,88.3,1.9,104,0,0.0
2024-10-07T04:00:00.000000+0000,660.2,4.45,88.41666666666667,1.5,132,46,0.0
2024-10-07T05:00:00.000000+0000,660.9,7.683333333333334,76.33333333333333,2.5,56,258,0.0
2024-10-07T06:00:00.000000+0000,661.6,8.566666666666666,73.16666666666667,2.9,2,465,0.0
2024-10-07T07:00:00.000000+0000,661.8,9.366666666666665,74.68333333333332,4.9,12,655,0.0
2024-10-07T08:00:00.000000+0000,661.7,8.716666666666667,87.45,5.5,17,401,0.0
2024-10-07T09:00:00.000000+0000,661.5,9.433333333333332,83.85000000000001,6.1,24,623,0.0
2024-10-07T10:00:00.000000+0000,660.9,7.883333333333334,93.35000000000001,4.7,12,185,0.0
2024-10-07T11:00:00.000000+0000,660.5,8.666666666666666,88.46666666666665,4.9,20,337,0.0
2024-10-07T12:00:00.000000+0000,660.2,9.066666666666665,84.91666666666667,5.5,10,225,0.0
2024-10-07T13:00:00.000000+0000,659.9,8.566666666666665,87.39999999999999,3.8,16,137,0.0
2024-10-07T14:00:00.000000+0000,659.8,8.066666666666666,92.46666666666668,3.6,27,63,0.0
2024-10-07T15:00:00.000000+0000,660.0,7.566666666666666,94.66666666666669,2.3,50,33,0.0
2024-10-07T16:00:00.000000+0000,660.1,6.716666666666668,95.95,2.3,56,3,0.0
2024-10-07T17:00:00.000000+0000,660.3,4.533333333333334,93.41666666666667,2.2,112,0,0.0
2024-10-07T18:00:00.000000+0000,660.4,3.8666666666666667,77.14999999999999,1.4,103,0,0.0
2024-10-07T19:00:00.000000+0000,660.9,3.25,81.23333333333335,1.7,118,0,0.0
2024-10-07T20:00:00.000000+0000,661.2,3.4166666666666665,86.98333333333333,1.4,166,0,0.0
2024-10-07T21:00:00.000000+0000,661.1,3.5333333333333337,84.41666666666666,0.8,198,0,0.0
2024-10-07T22:00:00.000000+0000,660.8,3.2999999999999994,90.88333333333334,1.6,186,0,0.0
2024-10-07T23:00:00.000000+0000,660.2,2.766666666666667,83.56666666666666,4.0,125,0,0.0
2024-10-08T00:00:00.000000+0000,660.0,3.0833333333333335,70.14999999999999,4.1,112,0,0.0
2024-10-08T01:00:00.000000+0000,660.0,3.9499999999999993,69.19999999999999,6.0,127,0,0.0
2024-10-08T02:00:00.000000+0000,660.2,3.7833333333333337,61.11666666666665,5.6,131,0,0.0
2024-10-08T03:00:00.000000+0000,660.5,4.0,59.48333333333334,5.6,124,0,0.0
2024-10-08T04:00:00.000000+0000,661.0,4.166666666666667,58.31666666666667,5.8,125,53,0.0
2024-10-08T05:00:00.000000+0000,661.7,8.766666666666667,47.083333333333336,4.1,80,291,0.0
2024-10-08T06:00:00.000000+0000,662.4,8.316666666666665,76.81666666666666,3.5,332,549,0.0
2024-10-08T07:00:00.000000+0000,662.6,8.216666666666667,86.56666666666666,3.5,3,518,0.0
2024-10-08T08:00:00.000000+0000,662.7,7.449999999999999,94.15000000000002,3.1,350,255,0.0
2024-10-08T09:00:00.000000+0000,662.6,7.966666666666666,90.78333333333335,4.1,347,288,0.0
2024-10-08T10:00:00.000000+0000,662.2,7.966666666666666,91.68333333333332,5.4,1,208,0.0
2024-10-08T11:00:00.000000+0000,661.8,7.816666666666666,92.31666666666666,3.8,346,172,0.0
2024-10-08T12:00:00.000000+0000,661.4,7.349999999999999,93.43333333333332,2.2,291,143,0.0
2024-10-08T13:00:00.000000+0000,661.2,8.0,91.7,2.7,284,208,0.3
2024-10-08T14:00:00.000000+0000,661.0,8.733333333333334,85.0,2.8,268,234,0.0
2024-10-08T15:00:00.000000+0000,660.8,8.200000000000001,85.05,3.0,260,151,0.0
2024-10-08T16:00:00.000000+0000,660.9,6.316666666666667,93.39999999999999,2.1,229,4,0.0
2024-10-08T17:00:00.000000+0000,661.1,4.8,92.21666666666665,2.4,199,0,0.0
2024-10-08T18:00:00.000000+0000,661.2,4.566666666666667,85.06666666666668,2.8,204,0,0.0
2024-10-08T19:00:00.000000+0000,661.5,4.1499999999999995,86.23333333333333,2.5,204,0,0.0
2024-10-08T20:00:00.000000+0000,661.6,4.133333333333334,86.08333333333333,3.1,197,0,0.0
2024-10-08T21:00:00.000000+0000,661.4,3.533333333333333,84.86666666666667,1.1,221,0,0.0
2024-10-08T22:00:00.000000+0000,661.0,2.2499999999999996,80.25,1.9,162,0,0.0
2024-10-08T23:00:00.000000+0000,660.3,1.3333333333333333,56.550000000000004,4.4,135,0,0.0
2024-10-09T00:00:00.000000+0000,660.0,2.4666666666666663,52.85,5.4,144,0,0.0
2024-10-09T01:00:00.000000+0000,660.1,3.0666666666666664,43.95000000000001,5.4,124,0,0.0
2024-10-09T02:00:00.000000+0000,660.4,2.6,57.1,6.2,119,0,0.0
2024-10-09T03:00:00.000000+0000,660.8,2.7000000000000006,59.916666666666664,5.2,129,0,0.0
2024-10-09T04:00:00.000000+0000,661.2,2.35,56.150000000000006,4.7,120,30,0.0
2024-10-09T05:00:00.000000+0000,661.9,6.566666666666666,40.65,4.3,124,214,0.0
2024-10-09T06:00:00.000000+0000,662.7,8.45,50.31666666666666,3.1,22,503,0.0
2024-10-09T07:00:00.000000+0000,663.0,8.633333333333333,67.31666666666668,3.3,311,628,0.0
2024-10-09T08:00:00.000000+0000,662.9,9.016666666666666,73.89999999999999,4.7,322,694,0.0
2024-10-09T09:00:00.000000+0000,662.5,6.8500000000000005,93.76666666666667,3.4,326,68,0.0
2024-10-09T10:00:00.000000+0000,662.0,6.966666666666668,91.81666666666666,2.6,322,208,0.0
2024-10-09T11:00:00.000000+0000,661.4,7.166666666666668,88.98333333333333,3.4,317,221,0.2
2024-10-09T12:00:00.000000+0000,660.9,6.366666666666667,96.64999999999999,4.1,12,110,3.4
2024-10-09T13:00:00.000000+0000,660.6,6.766666666666666,94.0,2.5,36,192,0.0
2024-10-09T14:00:00.000000+0000,660.6,6.583333333333333,88.36666666666667,1.2,187,85,0.5
2024-10-09T15:00:00.000000+0000,660.4,6.333333333333333,86.61666666666667,3.0,213,41,0.0
2024-10-09T16:00:00.000000+0000,660.5,6.033333333333332,83.55,1.8,215,6,0.0
2024-10-09T17:00:00.000000+0000,660.9,4.8500000000000005,88.44999999999999,1.6,261,0,0.0
2024-10-09T18:00:00.000000+0000,661.0,3.7166666666666663,89.21666666666665,2.5,201,0,0.0
2024-10-09T19:00:00.000000+0000,661.1,4.383333333333334,82.03333333333333,2.8,214,0,0.0
2024-10-09T20:00:00.000000+0000,661.3,3.883333333333334,83.73333333333333,3.4,216,0,0.0
2024-10-09T21:00:00.000000+0000,661.0,3.85,83.21666666666667,3.3,194,0,0.0
2024-10-09T22:00:00.000000+0000,660.7,3.4333333333333336,84.63333333333333,1.5,197,0,0.0
2024-10-09T23:00:00.000000+0000,660.4,3.766666666666667,80.46666666666665,1.6,200,0,0.0
2024-10-10T00:00:00.000000+0000,660.1,3.3333333333333335,79.90000000000002,2.7,198,0,0.0
2024-10-10T01:00:00.000000+0000,659.9,3.6333333333333333,72.81666666666666,1.1,209,0,0.0
2024-10-10T02:00:00.000000+0000,659.9,2.033333333333333,69.88333333333333,3.0,134,0,0.0
2024-10-10T03:00:00.000000+0000,660.3,1.7999999999999998,68.83333333333333,3.3,167,0,0.0
2024-10-10T04:00:00.000000+0000,660.8,3.3666666666666667,74.26666666666667,2.7,186,56,0.0
2024-10-10T05:00:00.000000+0000,661.5,6.916666666666667,72.60000000000001,1.5,195,278,0.0
2024-10-10T06:00:00.000000+0000,662.0,6.8500000000000005,78.36666666666666,2.1,347,253,0.0
2024-10-10T07:00:00.000000+0000,662.0,7.733333333333333,78.39999999999999,3.4,11,355,0.0
2024-10-10T08:00:00.000000+0000,661.8,7.7,87.63333333333333,4.9,4,277,0.0
2024-10-10T09:00:00.000000+0000,661.7,8.466666666666667,74.89999999999999,5.3,16,402,0.0
2024-10-10T10:00:00.000000+0000,661.3,8.266666666666666,74.35,4.7,4,294,0.0
2024-10-10T11:00:00.000000+0000,660.7,8.683333333333334,70.46666666666668,4.8,16,327,0.0
2024-10-10T12:00:00.000000+0000,660.4,9.233333333333333,69.36666666666666,4.3,359,373,0.0
2024-10-10T13:00:00.000000+0000,660.1,8.65,75.1,4.5,348,184,0.0
2024-10-10T14:00:00.000000+0000,660.0,8.383333333333335,78.43333333333334,4.1,297,253,0.0
2024-10-10T15:00:00.000000+0000,660.0,6.95,86.18333333333334,1.7,252,76,0.0
2024-10-10T16:00:00.000000+0000,660.2,5.75,87.3,1.3,198,8,0.0
2024-10-10T17:00:00.000000+0000,660.3,4.3500000000000005,88.33333333333333,1.1,202,0,0.0
2024-10-10T18:00:00.000000+0000,660.7,3.966666666666667,90.94999999999999,2.1,231,0,0.0
2024-10-10T19:00:00.000000+0000,660.9,3.6999999999999997,89.36666666666666,2.1,197,0,0.0
2024-10-10T20:00:00.000000+0000,660.9,4.133333333333334,83.85000000000001,1.8,218,0,0.0
2024-10-10T21:00:00.000000+0000,660.6,3.4166666666666665,84.4,0.9,188,0,0.0
2024-10-10T22:00:00.000000+0000,659.9,2.9333333333333336,79.99999999999999,2.7,133,0,0.0
2024-10-10T23:00:00.000000+0000,659.5,3.0500000000000003,62.81666666666667,5.3,143,0,0.0
2024-10-11T00:00:00.000000+0000,659.4,3.1666666666666665,63.33333333333332,4.2,154,0,0.0
2024-10-11T01:00:00.000000+0000,659.3,3.6666666666666665,43.15,5.6,151,0,0.0
2024-10-11T02:00:00.000000+0000,659.7,3.9166666666666665,51.71666666666666,1.7,168,0,0.0
2024-10-11T03:00:00.000000+0000,659.9,2.716666666666667,56.71666666666667,2.9,182,0,0.0
2024-10-11T04:00:00.000000+0000,660.3,3.8499999999999996,54.949999999999996,4.5,158,54,0.0
2024-10-11T05:00:00.000000+0000,661.2,7.633333333333333,43.9,2.3,143,285,0.0
2024-10-11T06:00:00.000000+0000,661.9,8.966666666666667,46.56666666666666,3.7,335,522,0.0
2024-10-11T07:00:00.000000+0000,662.1,9.633333333333333,57.23333333333334,4.9,7,772,0.0
2024-10-11T08:00:00.000000+0000,662.1,8.816666666666666,72.3,4.2,350,440,0.0
2024-10-11T09:00:00.000000+0000,662.1,7.5,84.21666666666668,2.7,323,172,0.0
2024-10-11T10:00:00.000000+0000,661.5,7.883333333333334,83.35,3.5,6,189,0.0
2024-10-11T11:00:00.000000+0000,661.0,8.033333333333333,80.96666666666667,3.1,4,248,0.0
2024-10-11T12:00:00.000000+0000,660.5,8.95,76.8,3.6,308,491,0.0
2024-10-11T13:00:00.000000+0000,660.2,8.283333333333333,83.16666666666667,4.5,297,259,0.0
2024-10-11T14:00:00.000000+0000,660.1,8.816666666666666,70.51666666666667,2.9,311,251,0.0
2024-10-11T15:00:00.000000+0000,660.2,8.5,69.21666666666665,2.0,315,115,0.0
2024-10-11T16:00:00.000000+0000,660.1,5.583333333333335,83.81666666666668,1.1,333,13,0.0
2024-10-11T17:00:00.000000+0000,660.2,4.0,81.31666666666666,2.5,165,0,0.0
2024-10-11T18:00:00.000000+0000,660.6,5.449999999999999,64.36666666666666,2.2,227,0,0.0
2024-10-11T19:00:00.000000+0000,660.9,4.1000000000000005,68.08333333333333,2.5,168,0,0.0
2024-10-11T20:00:00.000000+0000,661.0,3.9333333333333336,74.45,1.7,217,0,0.0
2024-10-11T21:00:00.000000+0000,660.7,4.0,75.15,1.4,166,0,0.0
2024-10-11T22:00:00.000000+0000,660.5,3.1833333333333336,81.28333333333335,1.3,209,0,0.0
2024-10-11T23:00:00.000000+0000,659.8,2.983333333333333,62.76666666666666,5.1,128,0,0.0
2024-10-12T00:00:00.000000+0000,659.7,3.483333333333333,62.6,3.5,166,0,0.0
2024-10-12T01:00:00.000000+0000,659.4,3.5500000000000003,50.199999999999996,4.7,132,0,0.0
2024-10-12T02:00:00.000000+0000,659.5,4.566666666666666,43.50000000000001,6.6,138,0,0.0
2024-10-12T03:00:00.000000+0000,659.7,4.733333333333333,43.666666666666664,6.9,143,0,0.0
2024-10-12T04:00:00.000000+0000,660.1,5.3500000000000005,41.4,7.6,145,57,0.0
2024-10-12T05:00:00.000000+0000,660.9,9.216666666666667,36.06666666666667,5.4,144,294,0.0
2024-10-12T06:00:00.000000+0000,661.8,11.733333333333334,29.966666666666665,4.0,140,528,0.0
2024-10-12T07:00:00.000000+0000,662.1,10.533333333333333,52.85,2.1,297,742,0.0
2024-10-12T08:00:00.000000+0000,662.2,9.783333333333333,72.88333333333333,3.9,326,603,0.0
2024-10-12T09:00:00.000000+0000,662.0,9.549999999999999,81.23333333333333,3.6,311,395,0.0
2024-10-12T10:00:00.000000+0000,661.5,9.316666666666668,84.05,4.3,336,200,0.0
2024-10-12T11:00:00.000000+0000,660.8,9.216666666666667,84.86666666666666,4.4,342,274,0.0
2024-10-12T12:00:00.000000+0000,660.4,7.733333333333334,92.76666666666667,4.0,22,45,1.8
2024-10-12T13:00:00.000000+0000,660.0,4.433333333333334,88.11666666666667,3.2,144,25,12.2
2024-10-12T14:00:00.000000+0000,660.3,5.466666666666666,81.51666666666667,3.0,201,54,0.2
2024-10-12T15:00:00.000000+0000,660.4,5.75,80.68333333333334,3.2,188,50,0.0
2024-10-12T16:00:00.000000+0000,660.6,5.333333333333333,77.08333333333333,3.4,178,7,0.0
2024-10-12T17:00:00.000000+0000,660.7,4.8,74.35000000000001,1.2,207,0,0.0
2024-10-12T18:00:00.000000+0000,660.8,3.4,79.80000000000001,1.4,132,0,0.0
2024-10-12T19:00:00.000000+0000,661.1,3.9,74.75000000000001,5.7,174,0,0.0
2024-10-12T20:00:00.000000+0000,661.4,5.6000000000000005,69.91666666666667,2.0,229,0,0.0
2024-10-12T21:00:00.000000+0000,661.1,3.9666666666666672,75.58333333333333,2.7,189,0,0.0
2024-10-12T22:00:00.000000+0000,660.4,3.866666666666666,73.21666666666665,1.5,184,0,0.0
2024-10-12T23:00:00.000000+0000,659.8,4.5,79.3,3.2,150,0,0.0
2024-10-13T00:00:00.000000+0000,659.6,3.916666666666666,93.55,2.5,202,0,0.0
2024-10-13T01:00:00.000000+0000,659.5,4.033333333333334,82.18333333333332,3.7,201,0,0.0
2024-10-13T02:00:00.000000+0000,659.6,4.483333333333333,74.78333333333333,3.1,193,0,0.0
2024-10-13T03:00:00.000000+0000,659.7,3.816666666666667,75.96666666666665,3.3,149,0,0.0
2024-10-13T04:00:00.000000+0000,660.3,5.483333333333334,70.28333333333335,3.6,217,56,0.0
2024-10-13T05:00:00.000000+0000,661.0,7.616666666666667,66.35000000000001,2.2,235,291,0.0
2024-10-13T06:00:00.000000+0000,661.8,8.749999999999998,68.66666666666667,2.5,292,521,0.0
2024-10-13T07:00:00.000000+0000,661.9,8.483333333333333,85.46666666666665,3.2,301,486,0.0
2024-10-13T08:00:00.000000+0000,661.8,7.916666666666667,92.35000000000001,2.6,311,285,0.0
2024-10-13T09:00:00.000000+0000,661.5,7.883333333333333,95.84999999999998,3.2,304,241,0.0
2024-10-13T10:00:00.000000+0000,661.0,7.466666666666666,98.40000000000002,3.0,309,120,0.0
2024-10-13T11:00:00.000000+0000,660.5,7.466666666666666,98.93333333333334,3.3,346,101,0.0
2024-10-13T12:00:00.000000+0000,660.2,7.5,99.14999999999999,2.9,350,102,0.0
2024-10-13T13:00:00.000000+0000,659.9,7.550000000000001,99.2,3.1,360,88,0.0
2024-10-13T14:00:00.000000+0000,659.7,7.766666666666667,99.11666666666667,3.7,337,122,0.0
2024-10-13T15:00:00.000000+0000,659.8,7.466666666666666,99.06666666666668,3.8,344,31,0.0
2024-10-13T16:00:00.000000+0000,660.1,6.5,98.98333333333333,3.2,251,2,0.0
2024-10-13T17:00:00.000000+0000,660.2,5.366666666666666,95.10000000000001,3.1,234,0,0.0
2024-10-13T18:00:00.000000+0000,660.4,5.533333333333334,86.45,4.4,213,0,0.0
2024-10-13T19:00:00.000000+0000,660.6,5.866666666666667,81.06666666666668,2.6,239,0,0.0
2024-10-13T20:00:00.000000+0000,660.8,4.8500000000000005,86.01666666666667,2.4,221,0,0.0
2024-10-13T21:00:00.000000+0000,660.5,5.2,80.41666666666667,2.3,236,0,0.0
2024-10-13T22:00:00.000000+0000,660.2,5.316666666666666,81.08333333333333,2.8,229,0,0.0
2024-10-13T23:00:00.000000+0000,659.8,4.666666666666667,82.61666666666667,1.5,212,0,0.0
2024-10-14T00:00:00.000000+0000,659.8,4.8,90.53333333333332,2.1,197,0,0.0
2024-10-14T01:00:00.000000+0000,659.5,3.883333333333333,88.66666666666667,1.8,187,0,0.0
2024-10-14T02:00:00.000000+0000,659.7,4.166666666666667,88.76666666666667,1.0,120,0,0.0
2024-10-14T03:00:00.000000+0000,659.8,3.35,92.2,2.6,127,0,0.0
2024-10-14T04:00:00.000000+0000,660.5,4.966666666666666,89.06666666666666,2.3,108,30,0.0
2024-10-14T05:00:00.000000+0000,661.3,6.25,89.11666666666666,1.1,315,154,0.0
2024-10-14T06:00:00.000000+0000,661.8,7.0,89.93333333333332,1.5,304,267,0.0
2024-10-14T07:00:00.000000+0000,662.1,7.666666666666668,86.51666666666665,2.4,313,277,0.0
2024-10-14T08:00:00.000000+0000,662.1,7.949999999999998,89.96666666666665,3.4,353,201,0.0
2024-10-14T09:00:00.000000+0000,661.8,7.183333333333333,96.03333333333332,3.9,338,115,0.2
2024-10-14T10:00:00.000000+0000,661.1,6.883333333333333,98.33333333333331,3.1,352,126,0.1
2024-10-14T11:00:00.000000+0000,660.7,7.349999999999999,94.66666666666667,3.3,356,186,0.0
2024-10-14T12:00:00.000000+0000,660.3,8.183333333333334,88.84999999999998,3.7,324,213,0.0
2024-10-14T13:00:00.000000+0000,659.8,7.633333333333333,91.78333333333332,2.5,335,128,0.0
2024-10-14T14:00:00.000000+0000,659.7,7.833333333333333,92.05,3.9,328,79,0.0
2024-10-14T15:00:00.000000+0000,659.9,7.183333333333334,96.13333333333333,2.7,270,61,0.9
2024-10-14T16:00:00.000000+0000,660.2,6.75,98.05,2.3,257,1,0.0
2024-10-14T17:00:00.000000+0000,660.5,6.666666666666667,98.83333333333333,3.1,272,0,0.0
2024-10-14T18:00:00.000000+0000,660.7,6.300000000000001,99.2,2.8,255,0,0.0
2024-10-14T19:00:00.000000+0000,660.9,6.233333333333333,99.2,2.9,264,0,0.0
2024-10-14T20:00:00.000000+0000,661.0,5.449999999999999,99.2,2.8,244,0,0.0
2024-10-14T21:00:00.000000+0000,660.6,4.183333333333334,98.7,2.2,214,0,0.0
2024-10-14T22:00:00.000000+0000,660.0,4.1000000000000005,93.28333333333332,1.4,211,0,0.0
2024-10-14T23:00:00.000000+0000,659.6,4.433333333333333,82.14999999999999,1.4,162,0,0.0
2024-10-15T00:00:00.000000+0000,659.4,4.183333333333334,77.53333333333335,1.2,117,0,0.0
2024-10-15T01:00:00.000000+0000,659.5,4.716666666666667,77.21666666666667,1.2,202,0,0.0
2024-10-15T02:00:00.000000+0000,659.9,5.266666666666667,75.78333333333335,0.5,158,0,0.0
2024-10-15T03:00:00.000000+0000,660.3,4.916666666666667,80.33333333333333,0.4,45,0,0.0
2024-10-15T04:00:00.000000+0000,660.6,4.216666666666667,84.73333333333333,1.5,169,56,0.0
2024-10-15T05:00:00.000000+0000,661.4,7.433333333333334,79.0,1.8,326,289,0.0
2024-10-15T06:00:00.000000+0000,662.1,9.016666666666667,80.8,2.3,352,512,0.0
2024-10-15T07:00:00.000000+0000,662.3,8.566666666666666,86.39999999999999,2.9,322,374,0.0
2024-10-15T08:00:00.000000+0000,662.3,8.183333333333334,91.71666666666668,4.2,340,245,0.0
2024-10-15T09:00:00.000000+0000,661.9,7.683333333333334,95.0,3.9,335,167,0.0
2024-10-15T10:00:00.000000+0000,661.3,7.199999999999999,90.76666666666667,4.3,35,117,2.4
2024-10-15T11:00:00.000000+0000,660.7,7.216666666666668,89.06666666666666,3.9,115,186,1.3
2024-10-15T12:00:00.000000+0000,660.4,9.383333333333333,80.0,2.5,360,393,0.0
2024-10-15T13:00:00.000000+0000,660.1,7.900000000000001,90.13333333333333,4.0,288,106,1.5
2024-10-15T14:00:00.000000+0000,659.9,8.183333333333334,83.43333333333334,2.5,166,130,0.1
2024-10-15T15:00:00.000000+0000,660.0,8.783333333333333,79.35000000000001,1.5,278,81,0.0
2024-10-15T16:00:00.000000+0000,660.2,6.8999999999999995,88.48333333333333,2.9,242,4,0.0
2024-10-15T17:00:00.000000+0000,660.7,6.6499999999999995,86.84999999999998,2.5,212,0,0.0
2024-10-15T18:00:00.000000+0000,661.1,6.533333333333334,88.36666666666667,2.3,242,0,0.0
2024-10-15T19:00:00.000000+0000,661.6,6.216666666666666,93.25,1.5,171,0,0.0
2024-10-15T20:00:00.000000+0000,661.6,6.416666666666667,86.89999999999999,1.0,180,0,0.0
2024-10-15T21:00:00.000000+0000,661.4,6.116666666666667,90.71666666666668,2.1,222,0,0.0
2024-10-15T22:00:00.000000+0000,660.9,5.8,90.41666666666667,0.8,231,0,0.0
2024-10-15T23:00:00.000000+0000,660.4,6.433333333333334,88.08333333333333,3.8,238,0,0.0
2024-10-16T00:00:00.000000+0000,660.3,6.550000000000001,87.39999999999999,2.8,254,0,0.0
2024-10-16T01:00:00.000000+0000,660.2,6.25,84.73333333333333,1.4,184,0,0.0
2024-10-16T02:00:00.000000+0000,660.5,6.650000000000001,84.60000000000001,0.9,304,0,0.0
2024-10-16T03:00:00.000000+0000,661.0,6.5,87.56666666666666,1.4,95,0,0.0
2024-10-16T04:00:00.000000+0000,661.3,6.5,87.55,1.6,105,14,0.0
2024-10-16T05:00:00.000000+0000,662.0,7.883333333333333,81.75,0.8,108,144,0.0
2024-10-16T06:00:00.000000+0000,662.6,7.900000000000001,87.43333333333334,2.9,288,148,0.0
2024-10-16T07:00:00.000000+0000,662.8,8.283333333333333,88.63333333333333,2.8,299,293,0.0
2024-10-16T08:00:00.000000+0000,662.6,7.866666666666666,91.25000000000001,3.3,27,191,2.0
2024-10-16T09:00:00.000000+0000,662.4,6.866666666666667,95.85000000000001,2.1,65,149,9.5
2024-10-16T10:00:00.000000+0000,661.9,7.033333333333334,88.28333333333335,1.4,200,173,2.4
2024-10-16T11:00:00.000000+0000,661.1,7.466666666666666,90.39999999999999,2.9,276,207,0.0
2024-10-16T12:00:00.000000+0000,660.6,8.666666666666666,86.43333333333334,1.7,312,283,0.0
2024-10-16T13:00:00.000000+0000,660.3,8.333333333333334,91.66666666666667,3.6,308,204,0.0
2024-10-16T14:00:00.000000+0000,660.2,6.916666666666667,97.66666666666667,1.9,34,46,0.7
2024-10-16T15:00:00.000000+0000,660.4,7.083333333333333,97.26666666666667,1.7,353,32,0.0
2024-10-16T16:00:00.000000+0000,660.9,6.583333333333333,98.11666666666667,1.9,86,1,0.0
2024-10-16T17:00:00.000000+0000,661.1,6.550000000000001,92.73333333333333,2.1,104,0,0.0
2024-10-16T18:00:00.000000+0000,661.7,6.383333333333333,93.0,0.5,90,0,0.0
2024-10-16T19:00:00.000000+0000,662.1,6.516666666666666,93.73333333333333,0.9,217,0,0.0
2024-10-16T20:00:00.000000+0000,662.2,6.483333333333333,94.21666666666668,0.8,225,0,0.0
2024-10-16T21:00:00.000000+0000,661.9,6.083333333333333,94.64999999999999,2.2,219,0,0.0
2024-10-16T22:00:00.000000+0000,661.1,5.566666666666666,93.10000000000001,1.6,246,0,0.0
2024-10-16T23:00:00.000000+0000,660.6,5.883333333333334,93.21666666666668,1.7,186,0,0.0
2024-10-17T00:00:00.000000+0000,660.6,5.816666666666666,95.18333333333332,1.1,149,0,0.0
2024-10-17T01:00:00.000000+0000,660.6,5.983333333333333,91.11666666666667,1.6,135,0,0.0
2024-10-17T02:00:00.000000+0000,660.5,6.016666666666667,88.36666666666667,2.5,111,0,0.0
2024-10-17T03:00:00.000000+0000,660.9,5.583333333333333,90.36666666666667,2.8,90,0,0.0
2024-10-17T04:00:00.000000+0000,661.2,6.116666666666666,87.64999999999999,1.6,108,20,0.0
2024-10-17T05:00:00.000000+0000,662.0,7.1833333333333345,86.51666666666667,1.6,45,177,0.0
2024-10-17T06:00:00.000000+0000,662.6,8.766666666666666,83.11666666666666,1.9,22,333,0.0
2024-10-17T07:00:00.000000+0000,662.7,9.433333333333334,85.7,3.4,2,358,0.0
2024-10-17T08:00:00.000000+0000,662.5,8.700000000000001,92.16666666666667,5.5,4,247,0.0
2024-10-17T09:00:00.000000+0000,662.2,9.1,89.5,5.8,15,372,0.0
2024-10-17T10:00:00.000000+0000,661.4,8.433333333333332,94.36666666666667,6.5,22,161,1.8
2024-10-17T11:00:00.000000+0000,660.8,6.916666666666667,96.61666666666667,6.5,33,65,11.0
2024-10-17T12:00:00.000000+0000,660.2,7.816666666666667,87.68333333333334,4.7,154,427,6.8
2024-10-17T13:00:00.000000+0000,660.0,9.950000000000001,84.26666666666667,4.1,359,420,0.0
2024-10-17T14:00:00.000000+0000,659.8,9.049999999999999,87.71666666666665,4.7,27,175,0.0
2024-10-17T15:00:00.000000+0000,659.9,7.5,91.26666666666667,3.5,94,13,0.5
2024-10-17T16:00:00.000000+0000,660.2,6.883333333333333,95.25,2.1,106,1,1.5
2024-10-17T17:00:00.000000+0000,660.6,6.866666666666667,95.95,1.4,288,0,0.0
2024-10-17T18:00:00.000000+0000,660.8,6.616666666666667,97.88333333333333,1.7,153,0,0.0
2024-10-17T19:00:00.000000+0000,661.1,6.3,98.0,1.8,203,0,0.0
2024-10-17T20:00:00.000000+0000,661.3,6.533333333333334,96.61666666666667,1.4,249,0,0.0
2024-10-17T21:00:00.000000+0000,660.9,6.233333333333333,97.88333333333333,2.8,230,0,0.0
2024-10-17T22:00:00.000000+0000,660.3,5.766666666666666,92.08333333333333,1.7,215,0,0.0
2024-10-17T23:00:00.000000+0000,659.9,5.1000000000000005,86.03333333333335,3.1,178,0,0.0
2024-10-18T00:00:00.000000+0000,659.7,5.333333333333333,81.75,2.2,190,0,0.0
2024-10-18T01:00:00.000000+0000,659.7,5.166666666666667,82.35000000000001,2.7,197,0,0.0
2024-10-18T02:00:00.000000+0000,659.8,5.266666666666666,80.8,2.3,198,0,0.0
2024-10-18T03:00:00.000000+0000,660.1,4.5,82.61666666666666,2.1,177,0,0.0
2024-10-18T04:00:00.000000+0000,660.3,5.416666666666667,80.18333333333334,1.2,122,57,0.0
2024-10-18T05:00:00.000000+0000,661.0,8.933333333333334,70.88333333333333,1.1,13,285,0.0
2024-10-18T06:00:00.000000+0000,661.6,8.866666666666667,77.50000000000001,2.2,360,391,0.0
2024-10-18T07:00:00.000000+0000,661.9,8.666666666666666,84.11666666666666,2.7,313,339,0.0
2024-10-18T08:00:00.000000+0000,661.8,8.766666666666666,87.08333333333333,3.6,327,213,0.0
2024-10-18T09:00:00.000000+0000,661.2,8.049999999999999,95.25,5.9,335,69,0.3
2024-10-18T10:00:00.000000+0000,660.7,6.683333333333333,98.23333333333333,1.7,108,33,30.2
2024-10-18T11:00:00.000000+0000,659.9,4.783333333333333,93.88333333333334,5.5,159,104,17.9
2024-10-18T12:00:00.000000+0000,659.5,8.666666666666666,86.10000000000001,2.7,103,586,0.0
2024-10-18T13:00:00.000000+0000,659.2,8.683333333333335,88.98333333333335,3.7,351,247,0.0
2024-10-18T14:00:00.000000+0000,659.2,8.483333333333334,92.73333333333333,2.8,33,119,0.0
2024-10-18T15:00:00.000000+0000,659.2,7.633333333333334,96.94999999999999,2.0,81,21,0.0
2024-10-18T16:00:00.000000+0000,659.7,7.366666666666667,97.93333333333334,1.6,309,2,0.1
2024-10-18T17:00:00.000000+0000,660.1,6.716666666666666,98.58333333333333,1.6,333,0,4.8
2024-10-18T18:00:00.000000+0000,660.5,6.5,94.56666666666666,1.5,174,0,0.0
2024-10-18T19:00:00.000000+0000,661.0,6.099999999999999,94.3,1.6,54,0,0.0
2024-10-18T20:00:00.000000+0000,660.9,5.333333333333333,95.73333333333333,1.7,217,0,0.0
2024-10-18T21:00:00.000000+0000,660.7,5.766666666666667,97.05,1.7,195,0,0.0
2024-10-18T22:00:00.000000+0000,660.2,6.383333333333333,93.23333333333333,1.5,191,0,0.0
2024-10-18T23:00:00.000000+0000,659.8,5.95,90.73333333333333,1.2,169,0,0.0
2024-10-19T00:00:00.000000+0000,659.4,5.066666666666666,94.84999999999998,1.8,114,0,0.0
2024-10-19T01:00:00.000000+0000,659.4,5.95,88.13333333333333,1.6,138,0,0.0
2024-10-19T02:00:00.000000+0000,659.6,6.533333333333334,85.16666666666667,1.3,186,0,0.0
2024-10-19T03:00:00.000000+0000,660.0,6.333333333333333,85.5,1.0,236,0,0.0
2024-10-19T04:00:00.000000+0000,660.3,6.45,87.30000000000001,1.8,173,60,0.0
2024-10-19T05:00:00.000000+0000,660.9,8.266666666666666,84.43333333333332,2.1,249,150,0.0
2024-10-19T06:00:00.000000+0000,661.5,8.4,83.39999999999999,1.7,266,160,0.0
2024-10-19T07:00:00.000000+0000,661.9,8.833333333333334,81.11666666666666,1.9,291,315,0.0
2024-10-19T08:00:00.000000+0000,661.7,7.766666666666667,96.7,3.9,3,36,0.7
2024-10-19T09:00:00.000000+0000,661.4,6.916666666666667,97.08333333333333,2.1,45,115,13.3
2024-10-19T10:00:00.000000+0000,660.9,7.416666666666667,89.35000000000001,1.0,143,286,6.4
2024-10-19T11:00:00.000000+0000,660.2,8.066666666666668,94.90000000000002,2.3,323,319,0.0
2024-10-19T12:00:00.000000+0000,659.8,8.316666666666668,91.15000000000002,1.5,22,181,0.0
2024-10-19T13:00:00.000000+0000,659.6,8.733333333333333,90.11666666666666,2.6,102,223,0.7
2024-10-19T14:00:00.000000+0000,659.5,8.883333333333333,91.06666666666666,2.1,6,199,0.0
2024-10-19T15:00:00.000000+0000,659.8,7.866666666666666,94.43333333333334,1.9,270,83,0.3
2024-10-19T16:00:00.000000+0000,660.0,6.949999999999999,94.66666666666667,2.0,146,1,0.0
2024-10-19T17:00:00.000000+0000,660.4,6.566666666666667,92.01666666666667,2.5,70,0,0.0
2024-10-19T18:00:00.000000+0000,660.6,6.099999999999999,92.06666666666666,3.4,152,0,0.0
2024-10-19T19:00:00.000000+0000,661.0,5.916666666666667,88.7666666666667,2.5,130,0,0.0
2024-10-19T20:00:00.000000+0000,661.2,6.3999999999999995,84.58333333333333,2.7,111,0,0.0
2024-10-19T21:00:00.000000+0000,660.9,6.133333333333333,85.0,2.1,139,0,0.0
2024-10-19T22:00:00.000000+0000,660.5,6.133333333333333,86.63333333333333,2.7,130,0,0.0
2024-10-19T23:00:00.000000+0000,660.0,6.766666666666666,84.45,3.1,116,0,0.0
2024-10-20T00:00:00.000000+0000,659.8,6.95,82.25000000000001,1.8,80,0,0.0
2024-10-20T01:00:00.000000+0000,659.6,6.466666666666666,84.96666666666665,1.9,112,0,0.0
2024-10-20T02:00:00.000000+0000,660.0,7.0,81.73333333333333,2.9,94,0,0.0
2024-10-20T03:00:00.000000+0000,660.0,6.316666666666666,82.41666666666667,5.3,108,0,0.0
2024-10-20T04:00:00.000000+0000,660.3,6.1000000000000005,81.7,5.6,128,41,0.0
2024-10-20T05:00:00.000000+0000,661.1,9.733333333333333,69.43333333333334,4.9,113,281,0.0
2024-10-20T06:00:00.000000+0000,661.8,9.816666666666666,73.61666666666667,3.7,47,441,0.0
2024-10-20T07:00:00.000000+0000,662.0,8.583333333333334,90.0,2.6,322,310,0.0
2024-10-20T08:00:00.000000+0000,661.9,8.75,92.71666666666668,3.5,342,324,0.0
2024-10-20T09:00:00.000000+0000,661.5,9.049999999999999,89.64999999999999,3.5,66,164,1.7
2024-10-20T10:00:00.000000+0000,661.1,11.799999999999999,71.73333333333333,6.9,61,857,0.0
2024-10-20T11:00:00.000000+0000,660.4,11.25,64.91666666666667,6.5,53,351,0.0
2024-10-20T12:00:00.000000+0000,660.2,10.433333333333334,75.66666666666667,3.2,21,206,0.0
2024-10-20T13:00:00.000000+0000,660.0,9.933333333333332,82.68333333333334,3.7,299,198,0.0
2024-10-20T14:00:00.000000+0000,659.8,9.833333333333334,86.95,2.9,277,214,0.0
2024-10-20T15:00:00.000000+0000,659.9,8.733333333333333,93.18333333333334,2.1,288,54,0.0
2024-10-20T16:00:00.000000+0000,660.2,7.550000000000001,94.61666666666667,2.5,225,9,0.0
2024-10-20T17:00:00.000000+0000,660.2,6.966666666666668,80.96666666666665,6.4,139,0,0.0
2024-10-20T18:00:00.000000+0000,660.7,7.266666666666667,73.98333333333332,3.5,152,0,0.0
2024-10-20T19:00:00.000000+0000,661.4,7.033333333333334,87.39999999999999,1.0,342,0,0.0
2024-10-20T20:00:00.000000+0000,661.5,6.8,91.25,0.8,173,0,0.1
2024-10-20T21:00:00.000000+0000,661.3,6.716666666666666,93.71666666666668,2.2,115,0,0.2
2024-10-20T22:00:00.000000+0000,660.8,6.616666666666666,95.98333333333333,3.2,95,0,0.0
2024-10-20T23:00:00.000000+0000,660.2,6.416666666666667,88.13333333333333,3.6,125,0,0.0
2024-10-21T00:00:00.000000+0000,659.7,5.2,77.48333333333333,5.9,125,0,0.0
2024-10-21T01:00:00.000000+0000,659.6,5.3,73.93333333333334,7.2,125,0,0.0
2024-10-21T02:00:00.000000+0000,659.8,5.566666666666666,70.36666666666667,8.0,130,0,0.0
2024-10-21T03:00:00.000000+0000,659.9,5.8,68.60000000000001,7.6,134,0,0.0
2024-10-21T04:00:00.000000+0000,660.0,6.366666666666666,66.7,8.1,135,59,0.0
2024-10-21T05:00:00.000000+0000,660.7,8.666666666666666,59.48333333333333,7.6,133,298,0.0
2024-10-21T06:00:00.000000+0000,661.4,10.216666666666667,62.15,5.5,87,519,0.0
2024-10-21T07:00:00.000000+0000,661.6,8.933333333333332,85.59999999999998,5.4,15,594,0.0
2024-10-21T08:00:00.000000+0000,661.6,8.166666666666666,93.96666666666665,4.1,348,269,0.0
2024-10-21T09:00:00.000000+0000,661.5,8.4,93.96666666666665,5.5,300,326,0.0
2024-10-21T10:00:00.000000+0000,661.2,8.583333333333334,89.2,5.4,351,249,0.0
2024-10-21T11:00:00.000000+0000,660.6,8.016666666666667,95.93333333333332,6.0,319,149,0.0
2024-10-21T12:00:00.000000+0000,660.3,7.8166666666666655,98.31666666666666,2.9,246,65,0.0
2024-10-21T13:00:00.000000+0000,660.0,8.983333333333334,92.13333333333334,5.9,313,145,0.0
2024-10-21T14:00:00.000000+0000,659.8,8.366666666666667,96.46666666666665,4.3,330,53,0.0
2024-10-21T15:00:00.000000+0000,659.9,7.633333333333333,98.0,3.4,322,19,0.0
2024-10-21T16:00:00.000000+0000,660.3,6.983333333333333,96.33333333333333,1.4,243,2,0.0
2024-10-21T17:00:00.000000+0000,660.5,5.616666666666666,90.86666666666666,1.4,156,0,0.0
2024-10-21T18:00:00.000000+0000,660.6,5.2,87.66666666666667,1.5,203,0,0.0
2024-10-21T19:00:00.000000+0000,661.0,5.133333333333334,87.2,1.5,210,0,0.0
2024-10-21T20:00:00.000000+0000,661.1,4.466666666666668,85.45,1.5,198,0,0.0
2024-10-21T21:00:00.000000+0000,660.9,4.316666666666666,84.36666666666667,1.3,156,0,0.0
2024-10-21T22:00:00.000000+0000,660.5,3.983333333333333,76.06666666666666,5.0,128,0,0.0
2024-10-21T23:00:00.000000+0000,660.0,4.283333333333333,76.05,4.5,121,0,0.0
2024-10-22T00:00:00.000000+0000,659.6,4.333333333333333,76.3,6.0,136,0,0.0
2024-10-22T01:00:00.000000+0000,659.2,4.65,71.55,8.1,136,0,0.0
2024-10-22T02:00:00.000000+0000,659.6,4.966666666666666,61.300000000000004,4.6,180,0,0.0
2024-10-22T03:00:00.000000+0000,660.0,3.833333333333334,65.51666666666667,2.2,162,0,0.0
2024-10-22T04:00:00.000000+0000,660.3,3.783333333333333,66.78333333333333,2.4,175,60,0.0
2024-10-22T05:00:00.000000+0000,661.0,8.716666666666667,52.900000000000006,3.4,134,299,0.0
2024-10-22T06:00:00.000000+0000,661.5,9.183333333333332,57.949999999999996,2.9,297,528,0.0
2024-10-22T07:00:00.000000+0000,661.8,8.983333333333334,78.41666666666667,3.5,309,654,0.0
2024-10-22T08:00:00.000000+0000,661.9,8.516666666666667,89.08333333333333,2.8,304,479,0.0
2024-10-22T09:00:00.000000+0000,661.6,8.35,91.88333333333333,3.3,2,225,0.0
2024-10-22T10:00:00.000000+0000,661.1,8.1,94.19999999999999,4.1,353,206,0.0
2024-10-22T11:00:00.000000+0000,660.6,7.783333333333334,96.51666666666665,3.9,347,142,0.0
2024-10-22T12:00:00.000000+0000,660.2,7.516666666666668,96.63333333333334,1.8,308,90,0.5
2024-10-22T13:00:00.000000+0000,660.0,8.033333333333333,95.14999999999999,1.3,5,126,0.0
2024-10-22T14:00:00.000000+0000,660.0,7.666666666666667,96.2,2.8,307,53,0.3
2024-10-22T15:00:00.000000+0000,660.2,6.933333333333333,98.48333333333333,2.3,281,20,0.0
2024-10-22T16:00:00.000000+0000,660.4,6.7,98.44999999999999,1.2,108,4,0.0
2024-10-22T17:00:00.000000+0000,660.6,6.366666666666666,97.58333333333333,1.7,77,0,0.0
2024-10-22T18:00:00.000000+0000,660.8,6.050000000000001,93.26666666666667,1.9,193,0,0.0
2024-10-22T19:00:00.000000+0000,660.9,5.033333333333334,91.25,1.4,233,0,0.0
2024-10-22T20:00:00.000000+0000,660.9,5.033333333333332,95.71666666666665,1.8,176,0,0.0
2024-10-22T21:00:00.000000+0000,660.6,4.783333333333332,84.53333333333332,0.8,225,0,0.0
2024-10-22T22:00:00.000000+0000,660.3,5.083333333333333,79.61666666666666,1.0,68,0,0.0
2024-10-22T23:00:00.000000+0000,659.9,3.8833333333333333,81.98333333333333,2.4,137,0,0.0
2024-10-23T00:00:00.000000+0000,659.7,3.4166666666666665,83.23333333333333,3.4,129,0,0.0
2024-10-23T01:00:00.000000+0000,659.7,4.116666666666666,85.58333333333333,6.4,139,0,0.0
2024-10-23T02:00:00.000000+0000,659.9,4.583333333333333,81.14999999999999,1.9,141,0,0.0
2024-10-23T03:00:00.000000+0000,660.4,4.75,80.11666666666667,1.3,225,0,0.0
2024-10-23T04:00:00.000000+0000,660.7,4.2,83.53333333333335,2.7,180,59,0.0
2024-10-23T05:00:00.000000+0000,661.3,7.8999999999999995,73.78333333333333,1.7,360,294,0.0
2024-10-23T06:00:00.000000+0000,661.7,9.066666666666666,75.81666666666668,2.2,317,406,0.0
2024-10-23T07:00:00.000000+0000,661.8,8.383333333333333,87.13333333333333,2.7,307,375,0.0
2024-10-23T08:00:00.000000+0000,661.7,8.716666666666667,90.01666666666667,3.3,319,358,0.0
2024-10-23T09:00:00.000000+0000,661.5,8.416666666666666,95.05,3.5,311,251,0.0
2024-10-23T10:00:00.000000+0000,661.1,8.299999999999999,95.16666666666667,2.8,325,220,0.0
2024-10-23T11:00:00.000000+0000,660.6,8.166666666666666,95.31666666666666,3.4,350,133,0.0
2024-10-23T12:00:00.000000+0000,660.2,8.166666666666666,95.36666666666667,4.7,323,171,0.0
2024-10-23T13:00:00.000000+0000,660.1,8.899999999999999,86.75,3.0,287,436,0.0
2024-10-23T14:00:00.000000+0000,660.0,8.916666666666666,84.43333333333334,4.1,295,214,0.0
2024-10-23T15:00:00.000000+0000,660.2,8.233333333333333,89.55,3.2,285,137,0.0
2024-10-23T16:00:00.000000+0000,660.1,6.383333333333333,94.68333333333334,2.5,245,4,0.0
2024-10-23T17:00:00.000000+0000,660.3,5.55,91.98333333333333,2.4,220,0,0.0
2024-10-23T18:00:00.000000+0000,660.5,4.633333333333333,91.38333333333333,1.7,191,0,0.0
2024-10-23T19:00:00.000000+0000,660.6,5.05,78.01666666666667,1.8,214,0,0.0
2024-10-23T20:00:00.000000+0000,660.4,4.533333333333332,77.75,1.6,189,0,0.0
2024-10-23T21:00:00.000000+0000,660.0,4.116666666666666,72.45,1.6,143,0,0.0
2024-10-23T22:00:00.000000+0000,659.5,4.116666666666666,71.41666666666667,3.0,117,0,0.0
2024-10-23T23:00:00.000000+0000,659.1,5.2,66.58333333333333,6.5,121,0,0.0
2024-10-24T00:00:00.000000+0000,659.1,5.683333333333334,63.43333333333333,6.3,115,0,0.0
2024-10-24T01:00:00.000000+0000,659.2,5.416666666666667,64.4,6.5,108,0,0.0
2024-10-24T02:00:00.000000+0000,659.7,5.0,68.41666666666667,5.6,110,0,0.0
2024-10-24T03:00:00.000000+0000,660.0,4.566666666666666,73.98333333333333,4.5,111,0,0.0
2024-10-24T04:00:00.000000+0000,660.3,4.916666666666667,80.11666666666667,2.8,111,51,0.0
2024-10-24T05:00:00.000000+0000,661.1,7.0,83.64999999999999,2.5,43,144,0.0
2024-10-24T06:00:00.000000+0000,661.7,8.633333333333333,76.25,2.0,357,526,0.0
2024-10-24T07:00:00.000000+0000,661.9,9.25,74.425,3.2,342,504,0.0
2024-10-26T09:00:00.000000+0000,661.3,10.674999999999999,76.4,5.8,290,629,0.0
2024-10-26T10:00:00.000000+0000,660.7,10.1,78.65,6.1,320,277,0.0
2024-10-26T11:00:00.000000+0000,660.3,10.3,82.56666666666668,5.7,263,499,0.0
2024-10-26T12:00:00.000000+0000,659.8,9.066666666666665,82.93333333333334,4.2,289,165,0.0
2024-10-26T13:00:00.000000+0000,659.6,10.0,75.28333333333333,4.9,323,279,0.0
2024-10-26T14:00:00.000000+0000,659.6,9.166666666666666,77.25,4.5,339,104,0.0
2024-10-26T15:00:00.000000+0000,659.7,8.350000000000001,83.25000000000001,2.9,342,38,0.0
2024-10-26T16:00:00.000000+0000,659.9,6.483333333333333,89.81666666666666,1.1,193,4,0.0
2024-10-26T17:00:00.000000+0000,660.0,5.366666666666667,84.16666666666667,3.1,168,0,0.0
2024-10-26T18:00:00.000000+0000,660.6,4.966666666666668,82.56666666666666,2.3,204,0,0.0
2024-10-26T19:00:00.000000+0000,661.1,4.75,84.68333333333334,3.1,187,0,0.0
2024-10-26T20:00:00.000000+0000,661.0,5.133333333333333,82.8,1.6,214,0,0.0
2024-10-26T21:00:00.000000+0000,660.6,3.766666666666667,84.14999999999999,1.2,180,0,0.0
2024-10-26T22:00:00.000000+0000,660.0,3.116666666666667,78.13333333333333,3.2,125,0,0.0
2024-10-26T23:00:00.000000+0000,659.6,2.6166666666666667,71.69999999999999,1.8,128,0,0.0
2024-10-27T00:00:00.000000+0000,659.1,2.533333333333333,66.23333333333333,3.3,127,0,0.0
2024-10-27T01:00:00.000000+0000,659.0,3.6166666666666667,53.01666666666667,4.8,123,0,0.0
2024-10-27T02:00:00.000000+0000,659.4,4.15,47.616666666666674,5.4,116,0,0.0
2024-10-27T03:00:00.000000+0000,659.9,3.8833333333333333,46.78333333333333,7.2,124,0,0.0
2024-10-27T04:00:00.000000+0000,660.2,5.083333333333333,45.04999999999999,6.7,115,58,0.0
2024-10-27T05:00:00.000000+0000,661.0,8.366666666666667,42.38333333333333,5.8,104,277,0.0
2024-10-27T06:00:00.000000+0000,661.7,10.233333333333334,43.03333333333333,5.1,66,501,0.0
2024-10-27T07:00:00.000000+0000,661.9,11.199999999999998,46.98333333333333,4.8,35,741,0.0
2024-10-27T08:00:00.000000+0000,661.8,9.783333333333333,78.05,5.9,306,697,0.0
2024-10-27T09:00:00.000000+0000,661.4,9.1,84.58333333333333,3.6,289,385,0.0
2024-10-27T10:00:00.000000+0000,660.8,9.216666666666667,85.25,4.9,306,297,0.0
2024-10-27T11:00:00.000000+0000,660.3,8.700000000000001,87.51666666666667,3.9,310,185,0.0
2024-10-27T12:00:00.000000+0000,659.8,9.15,79.41666666666667,3.4,334,201,0.0
2024-10-27T13:00:00.000000+0000,659.6,10.133333333333333,78.06666666666668,4.2,360,330,0.0
2024-10-27T14:00:00.000000+0000,659.6,8.433333333333332,89.65000000000002,2.5,329,67,0.0
2024-10-27T15:00:00.000000+0000,659.7,8.283333333333333,90.0,1.1,350,63,0.0
2024-10-27T16:00:00.000000+0000,660.0,6.466666666666666,92.14999999999999,1.8,108,4,0.0
2024-10-27T17:00:00.000000+0000,660.3,5.883333333333333,87.08333333333336,3.1,156,0,0.0
2024-10-27T18:00:00.000000+0000,660.6,6.066666666666666,76.96666666666667,5.8,154,0,0.0
2024-10-27T19:00:00.000000+0000,661.3,6.95,93.7,1.1,169,0,0.5
2024-10-27T20:00:00.000000+0000,661.5,6.416666666666667,95.71666666666665,2.4,112,0,2.5
2024-10-27T21:00:00.000000+0000,661.3,5.983333333333333,94.0,1.4,259,0,2.4
2024-10-27T22:00:00.000000+0000,660.4,4.716666666666666,89.2,4.3,158,0,0.0
2024-10-27T23:00:00.000000+0000,659.5,4.266666666666667,83.89999999999999,4.1,165,0,0.0
2024-10-28T00:00:00.000000+0000,659.1,4.133333333333334,84.05,1.8,212,0,0.0
2024-10-28T01:00:00.000000+0000,659.1,3.283333333333333,83.56666666666668,1.1,146,0,0.0
2024-10-28T02:00:00.000000+0000,659.1,2.766666666666667,75.85000000000001,5.9,131,0,0.0
2024-10-28T03:00:00.000000+0000,659.4,3.85,75.33333333333333,7.8,125,0,0.0
2024-10-28T04:00:00.000000+0000,659.8,3.883333333333333,77.45,7.4,133,32,0.0
2024-10-28T05:00:00.000000+0000,660.2,6.8,68.78333333333333,6.9,113,298,0.0
2024-10-28T06:00:00.000000+0000,660.9,9.1,61.550000000000004,6.7,99,545,0.0
2024-10-28T07:00:00.000000+0000,661.2,10.033333333333333,58.86666666666667,4.4,44,736,0.0
2024-10-28T08:00:00.000000+0000,661.3,9.549999999999999,81.11666666666666,5.7,348,602,0.0
2024-10-28T09:00:00.000000+0000,661.2,8.783333333333333,88.96666666666665,4.6,315,302,0.0
2024-10-28T10:00:00.000000+0000,660.7,8.549999999999999,89.98333333333333,4.3,346,143,0.0
2024-10-28T11:00:00.000000+0000,660.1,8.183333333333332,94.03333333333335,4.5,282,154,0.0
2024-10-28T12:00:00.000000+0000,659.8,9.833333333333334,73.45,4.5,348,337,0.0
2024-10-28T13:00:00.000000+0000,659.5,9.333333333333332,73.31666666666666,3.9,339,206,0.0
2024-10-28T14:00:00.000000+0000,659.4,8.700000000000001,82.3,3.8,324,137,0.0
2024-10-28T15:00:00.000000+0000,659.4,8.533333333333333,85.08333333333333,3.9,280,140,0.0
2024-10-28T16:00:00.000000+0000,660.0,7.133333333333334,95.5,2.5,275,8,0.0
2024-10-28T17:00:00.000000+0000,660.2,5.683333333333333,89.33333333333333,2.6,207,0,0.0
2024-10-28T18:00:00.000000+0000,660.4,5.3500000000000005,75.91666666666667,2.0,229,0,0.0
2024-10-28T19:00:00.000000+0000,660.6,4.366666666666666,79.83333333333333,2.6,125,0,0.0
2024-10-28T20:00:00.000000+0000,660.6,3.5999999999999996,79.86666666666667,4.0,117,0,0.0
2024-10-28T21:00:00.000000+0000,660.4,3.9333333333333336,69.63333333333333,2.5,133,0,0.0
2024-10-28T22:00:00.000000+0000,659.8,3.0,69.21666666666668,3.0,160,0,0.0
2024-10-28T23:00:00.000000+0000,659.2,2.966666666666667,63.91666666666668,3.0,184,0,0.0
2024-10-29T00:00:00.000000+0000,658.9,2.9666666666666663,57.88333333333333,4.3,185,0,0.0
2024-10-29T01:00:00.000000+0000,658.7,3.766666666666667,46.45000000000001,1.2,162,0,0.0
2024-10-29T02:00:00.000000+0000,658.9,4.183333333333334,52.13333333333333,3.2,202,0,0.0
2024-10-29T03:00:00.000000+0000,659.5,3.783333333333333,60.949999999999996,2.8,210,0,0.0
2024-10-29T04:00:00.000000+0000,659.9,3.9499999999999997,61.66666666666666,2.7,198,59,0.0
2024-10-29T05:00:00.000000+0000,660.8,7.949999999999999,50.5,0.7,270,295,0.0
2024-10-29T06:00:00.000000+0000,661.4,9.216666666666667,46.43333333333334,2.2,339,538,0.0
2024-10-29T07:00:00.000000+0000,661.5,9.449999999999998,60.70000000000001,4.3,318,742,0.0
2024-10-29T08:00:00.000000+0000,661.5,9.166666666666666,70.08333333333333,4.5,300,732,0.0
2024-10-29T09:00:00.000000+0000,661.4,10.466666666666667,66.76666666666667,5.3,321,1011,0.0
2024-10-29T10:00:00.000000+0000,661.1,9.6,73.23333333333333,4.1,325,425,0.0
2024-10-29T11:00:00.000000+0000,660.5,9.833333333333334,71.48333333333333,4.1,305,446,0.0
2024-10-29T12:00:00.000000+0000,660.1,10.15,73.06666666666666,4.2,315,415,0.0
2024-10-29T13:00:00.000000+0000,659.7,9.833333333333334,74.91666666666667,6.0,306,325,0.0
2024-10-29T14:00:00.000000+0000,659.5,9.25,80.78333333333335,5.2,293,207,0.0
2024-10-29T15:00:00.000000+0000,659.6,8.700000000000001,80.13333333333334,4.0,283,123,0.0
2024-10-29T16:00:00.000000+0000,659.5,7.250000000000001,93.36666666666666,2.2,277,6,0.0
2024-10-29T17:00:00.000000+0000,659.7,5.45,83.61666666666666,3.6,209,0,0.0
2024-10-29T18:00:00.000000+0000,660.0,5.050000000000001,74.58333333333333,2.7,233,0,0.0
2024-10-29T19:00:00.000000+0000,660.4,4.333333333333333,76.85,2.5,212,0,0.0
2024-10-29T20:00:00.000000+0000,660.2,2.6166666666666667,67.81666666666668,1.9,164,0,0.0
2024-10-29T21:00:00.000000+0000,660.0,1.9333333333333333,41.06666666666666,3.0,140,0,0.0
2024-10-29T22:00:00.000000+0000,659.7,2.266666666666666,30.450000000000003,5.7,138,0,0.0
2024-10-29T23:00:00.000000+0000,659.4,2.733333333333333,28.2,6.7,148,0,0.0
2024-10-30T00:00:00.000000+0000,659.0,2.783333333333333,32.35,5.1,166,0,0.0
2024-10-30T01:00:00.000000+0000,659.0,3.8333333333333326,41.36666666666667,4.0,194,0,0.0
2024-10-30T02:00:00.000000+0000,659.2,3.4499999999999997,41.75000000000001,3.1,199,0,0.0
2024-10-30T03:00:00.000000+0000,659.4,2.733333333333333,43.26666666666666,2.2,198,0,0.0
2024-10-30T04:00:00.000000+0000,659.9,3.65,36.03333333333334,1.1,185,62,0.0
2024-10-30T05:00:00.000000+0000,660.9,8.25,28.266666666666666,1.2,243,304,0.0
2024-10-30T06:00:00.000000+0000,661.4,9.666666666666666,29.683333333333337,3.2,4,533,0.0
2024-10-30T07:00:00.000000+0000,661.7,10.283333333333333,34.166666666666664,3.3,314,738,0.0
2024-10-30T08:00:00.000000+0000,661.9,10.9,40.26666666666667,4.5,297,901,0.0
2024-10-30T09:00:00.000000+0000,661.5,11.533333333333333,49.46666666666666,5.5,300,1019,0.0
2024-10-30T10:00:00.000000+0000,661.1,11.316666666666668,56.28333333333334,5.5,322,674,0.0
2024-10-30T11:00:00.000000+0000,660.6,11.049999999999999,55.76666666666667,3.8,317,530,0.0
2024-10-30T12:00:00.000000+0000,660.1,10.799999999999999,63.833333333333336,4.0,312,438,0.0
2024-10-30T13:00:00.000000+0000,659.9,11.533333333333333,63.51666666666667,5.7,336,512,0.0
2024-10-30T14:00:00.000000+0000,659.5,9.966666666666667,73.93333333333334,3.4,330,151,0.0
2024-10-30T15:00:00.000000+0000,659.4,9.483333333333334,78.88333333333333,3.3,297,111,0.0
2024-10-30T16:00:00.000000+0000,659.4,7.583333333333332,86.53333333333335,2.0,236,6,0.0
2024-10-30T17:00:00.000000+0000,659.7,6.316666666666666,90.13333333333333,1.7,194,0,0.0
2024-10-30T18:00:00.000000+0000,659.9,5.5,89.38333333333333,1.6,205,0,0.0
2024-10-30T19:00:00.000000+0000,660.2,4.466666666666666,86.83333333333333,1.9,186,0,0.0
2024-10-30T20:00:00.000000+0000,660.6,4.55,88.76666666666667,1.7,98,0,0.0
2024-10-30T21:00:00.000000+0000,660.3,4.783333333333334,76.78333333333333,3.7,180,0,0.0
2024-10-30T22:00:00.000000+0000,660.1,5.033333333333334,66.83333333333333,3.5,197,0,0.0
2024-10-30T23:00:00.000000+0000,659.5,3.3000000000000003,68.51666666666667,2.0,168,0,0.0
2024-10-31T00:00:00.000000+0000,659.0,2.783333333333333,65.25000000000001,2.9,145,0,0.0
2024-10-31T01:00:00.000000+0000,658.9,3.2833333333333337,59.53333333333334,2.2,174,0,0.0
2024-10-31T02:00:00.000000+0000,659.0,3.9166666666666665,56.349999999999994,3.4,197,0,0.0
2024-10-31T03:00:00.000000+0000,659.3,4.2,51.93333333333334,4.0,204,0,0.0
2024-10-31T04:00:00.000000+0000,659.7,4.633333333333333,50.88333333333333,4.8,197,60,0.0
2024-10-31T05:00:00.000000+0000,660.4,7.816666666666666,57.533333333333324,3.3,205,294,0.0
2024-10-31T06:00:00.000000+0000,661.0,9.283333333333333,53.78333333333334,2.8,274,522,0.0
2024-10-31T07:00:00.000000+0000,661.4,9.183333333333332,65.83333333333333,3.7,300,501,0.0
2024-10-31T08:00:00.000000+0000,661.5,9.383333333333333,72.51666666666667,3.6,315,551,0.0
2024-10-31T09:00:00.000000+0000,661.3,10.066666666666666,74.28333333333335,3.9,322,450,0.0
2024-10-31T10:00:00.000000+0000,660.8,9.75,76.55,3.9,315,435,0.0
2024-10-31T11:00:00.000000+0000,660.1,9.966666666666667,78.05,4.5,322,367,0.0
2024-10-31T12:00:00.000000+0000,659.8,10.516666666666667,79.16666666666667,4.4,316,454,0.0
2024-10-31T13:00:00.000000+0000,659.4,10.299999999999999,78.13333333333334,3.0,310,294,0.0
2024-10-31T14:00:00.000000+0000,659.2,10.483333333333333,79.03333333333333,4.3,295,330,0.0
2024-10-31T15:00:00.000000+0000,659.3,9.166666666666666,85.94999999999999,4.4,273,95,0.0
2024-10-31T16:00:00.000000+0000,659.4,7.333333333333332,90.78333333333335,3.1,240,4,0.0
2024-10-31T17:00:00.000000+0000,659.8,6.699999999999999,91.75,1.8,201,0,0.0
2024-10-31T18:00:00.000000+0000,660.3,5.766666666666667,92.15000000000002,1.4,180,0,0.0
2024-10-31T19:00:00.000000+0000,660.7,4.516666666666666,91.36666666666667,1.3,132,0,0.0
2024-10-31T20:00:00.000000+0000,660.9,3.8499999999999996,82.46666666666665,2.5,187,0,0.0
2024-10-31T21:00:00.000000+0000,660.5,4.983333333333333,73.64999999999999,4.4,205,0,0.0
2024-10-31T22:00:00.000000+0000,660.1,4.633333333333334,66.35000000000001,2.9,219,0,0.0
2024-10-31T23:00:00.000000+0000,659.4,2.9000000000000004,47.0,2.9,144,0,0.0
2024-11-01T00:00:00.000000+0000,658.9,2.933333333333333,31.21666666666667,5.9,139,0,0.0
2024-11-01T01:00:00.000000+0000,658.6,4.316666666666666,20.75,8.5,150,0,0.0
2024-11-01T02:00:00.000000+0000,658.7,4.466666666666668,18.433333333333337,8.3,147,0,0.0
2024-11-01T03:00:00.000000+0000,659.0,3.5666666666666664,18.45,6.4,139,0,0.0
2024-11-01T04:00:00.000000+0000,659.5,4.316666666666667,18.28333333333333,5.8,140,65,0.0
2024-11-01T05:00:00.000000+0000,660.4,9.333333333333334,20.4,2.9,117,310,0.0
2024-11-01T06:00:00.000000+0000,661.1,8.499999999999998,69.88333333333334,2.3,321,498,0.0
2024-11-01T07:00:00.000000+0000,661.3,7.883333333333333,88.76666666666667,2.8,331,338,0.0
2024-11-01T08:00:00.000000+0000,661.4,7.7,91.7,2.9,335,284,0.0
2024-11-01T09:00:00.000000+0000,661.6,8.666666666666666,86.43333333333332,4.0,351,561,0.0
2024-11-01T10:00:00.000000+0000,660.9,7.866666666666666,90.80000000000001,3.2,316,173,0.0
2024-11-01T11:00:00.000000+0000,660.2,8.4,88.23333333333333,4.0,341,284,0.0
2024-11-01T12:00:00.000000+0000,659.8,8.75,85.93333333333334,4.0,304,356,0.0
2024-11-01T13:00:00.000000+0000,659.6,9.633333333333333,82.86666666666666,3.7,2,384,0.0
2024-11-01T14:00:00.000000+0000,659.4,7.7,92.08333333333333,3.2,329,153,0.0
2024-11-01T15:00:00.000000+0000,659.5,7.233333333333333,92.56666666666666,1.1,259,74,0.0
2024-11-01T16:00:00.000000+0000,659.8,5.983333333333333,94.75,1.7,222,3,0.0
2024-11-01T17:00:00.000000+0000,660.0,5.883333333333333,85.88333333333334,2.3,175,0,0.0
2024-11-01T18:00:00.000000+0000,660.6,6.633333333333334,89.55000000000001,1.3,248,0,0.0
2024-11-01T19:00:00.000000+0000,660.9,6.25,89.5,1.4,221,0,0.0
2024-11-01T20:00:00.000000+0000,661.0,6.383333333333334,89.60000000000001,2.0,129,0,0.0
2024-11-01T21:00:00.000000+0000,660.6,5.633333333333334,80.64999999999999,4.1,214,0,0.0
2024-11-01T22:00:00.000000+0000,660.1,5.066666666666666,90.26666666666665,2.3,221,0,0.0
2024-11-01T23:00:00.000000+0000,659.7,4.833333333333333,88.7,2.7,144,0,0.0
2024-11-02T00:00:00.000000+0000,659.2,4.2,76.21666666666665,3.6,207,0,0.0
2024-11-02T01:00:00.000000+0000,659.0,4.550000000000001,81.95,1.9,240,0,0.0
2024-11-02T02:00:00.000000+0000,659.3,5.0,69.38333333333333,2.7,161,0,0.0
2024-11-02T03:00:00.000000+0000,659.3,5.566666666666666,57.43333333333334,8.3,148,0,0.0
2024-11-02T04:00:00.000000+0000,659.6,6.266666666666667,54.51666666666666,9.4,139,59,0.0
2024-11-02T05:00:00.000000+0000,660.2,8.833333333333334,45.083333333333336,10.4,136,297,0.0
2024-11-02T06:00:00.000000+0000,661.0,10.766666666666667,38.78333333333334,8.9,121,530,0.0
2024-11-02T07:00:00.000000+0000,661.5,11.583333333333334,36.666666666666664,8.6,118,743,0.0
2024-11-02T08:00:00.000000+0000,661.7,11.333333333333334,53.28333333333334,6.4,75,837,0.0
2024-11-02T09:00:00.000000+0000,661.4,7.466666666666668,93.58333333333333,5.8,325,181,0.0
2024-11-02T10:00:00.000000+0000,661.0,7.8500000000000005,91.53333333333335,4.4,338,244,0.0
2024-11-02T11:00:00.000000+0000,660.3,8.483333333333333,82.51666666666667,4.8,347,301,0.0
2024-11-02T12:00:00.000000+0000,659.8,8.316666666666665,82.76666666666667,4.4,341,147,0.0
2024-11-02T13:00:00.000000+0000,659.5,7.683333333333333,85.89999999999999,2.9,333,76,0.0
2024-11-02T14:00:00.000000+0000,659.5,7.3999999999999995,87.25,1.4,292,76,0.0
2024-11-02T15:00:00.000000+0000,659.6,7.0,94.83333333333333,1.1,297,27,0.0
2024-11-02T16:00:00.000000+0000,659.7,6.466666666666668,97.16666666666667,1.8,283,2,0.0
2024-11-02T17:00:00.000000+0000,660.0,5.216666666666666,87.55,3.8,160,0,0.0
2024-11-02T18:00:00.000000+0000,660.2,6.3,71.55,7.1,142,0,0.0
2024-11-02T19:00:00.000000+0000,660.9,5.966666666666666,83.83333333333334,4.1,178,0,0.0
2024-11-02T20:00:00.000000+0000,660.8,5.316666666666667,86.5,4.6,164,0,0.0
2024-11-02T21:00:00.000000+0000,660.3,5.266666666666667,79.3,8.3,144,0,0.0
2024-11-02T22:00:00.000000+0000,660.1,4.4833333333333325,83.78333333333332,1.4,194,0,0.0
2024-11-02T23:00:00.000000+0000,659.6,3.766666666666667,69.39999999999999,5.8,123,0,0.0
2024-11-03T00:00:00.000000+0000,659.1,3.8333333333333335,58.06666666666667,7.5,147,0,0.0
2024-11-03T01:00:00.000000+0000,658.9,4.05,54.35,9.2,149,0,0.0
2024-11-03T02:00:00.000000+0000,659.0,4.766666666666667,48.45000000000001,9.1,140,0,0.0
2024-11-03T03:00:00.000000+0000,659.5,4.066666666666666,56.29999999999999,9.8,138,0,0.0
2024-11-03T04:00:00.000000+0000,660.0,4.65,66.41666666666667,9.3,141,60,0.0
2024-11-03T05:00:00.000000+0000,660.7,7.216666666666668,61.0,7.9,141,300,0.0
2024-11-03T06:00:00.000000+0000,661.3,9.383333333333335,51.099999999999994,8.9,135,533,0.0
2024-11-03T07:00:00.000000+0000,661.9,9.4,69.19999999999999,3.1,306,717,0.0
2024-11-03T08:00:00.000000+0000,661.9,7.916666666666667,84.53333333333333,3.3,288,366,0.0
2024-11-03T09:00:00.000000+0000,661.8,8.283333333333333,85.93333333333334,4.0,297,301,0.0
2024-11-03T10:00:00.000000+0000,661.3,8.383333333333333,86.90000000000002,4.3,309,195,0.0
2024-11-03T11:00:00.000000+0000,660.9,8.616666666666667,86.88333333333334,4.1,333,252,0.0
2024-11-03T12:00:00.000000+0000,660.4,9.066666666666665,81.96666666666665,4.3,1,273,0.0
2024-11-03T13:00:00.000000+0000,660.1,8.616666666666667,89.26666666666667,3.1,333,156,0.0
2024-11-03T14:00:00.000000+0000,660.1,7.949999999999999,94.89999999999999,3.6,286,63,0.0
2024-11-03T15:00:00.000000+0000,660.3,7.733333333333333,95.94999999999999,4.0,276,47,0.0
2024-11-03T16:00:00.000000+0000,660.5,7.166666666666667,98.25,3.2,272,1,0.0
2024-11-03T17:00:00.000000+0000,660.8,5.433333333333334,98.38333333333333,1.8,232,0,0.0
2024-11-03T18:00:00.000000+0000,661.0,5.2,93.8,2.1,161,0,0.0
2024-11-03T19:00:00.000000+0000,661.1,5.083333333333333,78.53333333333335,4.8,154,0,0.0
2024-11-03T20:00:00.000000+0000,661.3,4.7333333333333325,90.95,0.9,180,0,0.0
2024-11-03T21:00:00.000000+0000,660.8,3.1500000000000004,86.69999999999999,2.2,139,0,0.0
2024-11-03T22:00:00.000000+0000,660.3,3.6999999999999997,84.03333333333332,6.0,132,0,0.0
2024-11-03T23:00:00.000000+0000,659.8,3.9166666666666665,86.46666666666665,5.7,131,0,0.0
2024-11-04T00:00:00.000000+0000,659.5,3.216666666666667,84.11666666666667,1.9,115,0,0.0
2024-11-04T01:00:00.000000+0000,659.0,2.8000000000000003,80.53333333333332,2.9,108,0,0.0
2024-11-04T02:00:00.000000+0000,659.0,2.5500000000000003,70.19999999999999,3.4,111,0,0.0
2024-11-04T03:00:00.000000+0000,659.4,2.8333333333333335,70.26666666666667,4.0,120,0,0.0
2024-11-04T04:00:00.000000+0000,659.7,4.366666666666667,63.25,5.3,118,59,0.0
2024-11-04T05:00:00.000000+0000,660.1,8.283333333333333,58.48333333333333,5.9,91,298,0.0
2024-11-04T06:00:00.000000+0000,660.7,9.633333333333335,59.833333333333336,6.8,45,536,0.0
2024-11-04T07:00:00.000000+0000,660.7,9.499999999999998,66.96666666666665,8.1,37,576,0.0
2024-11-04T08:00:00.000000+0000,660.8,7.966666666666666,83.21666666666667,4.9,8,224,0.0
2024-11-04T09:00:00.000000+0000,660.7,7.983333333333333,87.11666666666667,4.4,357,141,0.0
2024-11-04T10:00:00.000000+0000,660.3,7.216666666666668,93.16666666666667,2.3,132,117,5.3
2024-11-04T11:00:00.000000+0000,659.5,7.3999999999999995,92.21666666666668,4.4,66,218,4.0
2024-11-04T12:00:00.000000+0000,659.0,7.616666666666667,97.55,4.5,284,311,0.0
2024-11-04T13:00:00.000000+0000,658.7,8.783333333333333,86.64999999999999,5.1,270,466,0.0
2024-11-04T14:00:00.000000+0000,658.9,8.066666666666666,87.71666666666665,2.5,278,193,0.0
2024-11-04T15:00:00.000000+0000,659.0,7.3500000000000005,88.64999999999999,1.5,284,61,0.0
2024-11-04T16:00:00.000000+0000,659.4,4.95,92.38333333333333,1.4,107,5,0.0
2024-11-04T17:00:00.000000+0000,659.7,5.0,88.11666666666667,3.0,199,0,0.0
2024-11-04T18:00:00.000000+0000,659.7,5.333333333333333,83.75,6.6,149,0,0.0
2024-11-04T19:00:00.000000+0000,660.2,5.016666666666667,85.83333333333333,3.1,155,0,0.0
2024-11-04T20:00:00.000000+0000,660.6,5.416666666666667,93.16666666666667,1.5,120,0,2.6
2024-11-04T21:00:00.000000+0000,660.0,5.733333333333333,93.56666666666666,5.0,109,0,4.4
2024-11-04T22:00:00.000000+0000,659.5,5.6499999999999995,92.56666666666666,5.6,114,0,0.2
2024-11-04T23:00:00.000000+0000,658.9,5.466666666666666,93.93333333333334,2.0,24,0,0.7
2024-11-05T00:00:00.000000+0000,658.6,4.933333333333334,94.51666666666667,3.6,,0,3.8
2024-11-05T01:00:00.000000+0000,658.5,4.3999999999999995,91.71666666666665,5.1,105,0,7.7
2024-11-05T02:00:00.000000+0000,658.5,4.133333333333334,91.2,9.1,117,0,0.0
2024-11-05T03:00:00.000000+0000,658.6,4.9,86.10000000000001,10.0,131,0,0.0
2024-11-05T04:00:00.000000+0000,659.0,5.45,82.93333333333334,7.0,126,13,0.4
2024-11-05T05:00:00.000000+0000,659.5,7.0,81.23333333333333,4.0,124,166,0.0
2024-11-05T06:00:00.000000+0000,660.3,8.866666666666665,80.91666666666667,3.7,36,527,0.0
2024-11-05T07:00:00.000000+0000,660.6,8.183333333333334,91.55,3.1,28,406,0.0
2024-11-05T08:00:00.000000+0000,660.4,8.283333333333333,94.11666666666667,4.0,351,307,0.0
2024-11-05T09:00:00.000000+0000,660.1,7.766666666666667,96.80000000000001,2.1,333,235,0.0
2024-11-05T10:00:00.000000+0000,659.5,6.916666666666667,98.08333333333333,3.2,272,131,0.0
2024-11-05T11:00:00.000000+0000,658.8,7.133333333333333,97.38333333333334,2.8,260,133,4.8
2024-11-05T12:00:00.000000+0000,658.2,8.05,94.91666666666667,2.8,175,290,1.4
2024-11-05T13:00:00.000000+0000,658.0,6.983333333333333,97.33333333333333,3.5,274,148,0.0
2024-11-05T14:00:00.000000+0000,658.0,7.783333333333334,90.78333333333332,1.8,288,121,0.0
2024-11-05T15:00:00.000000+0000,658.4,7.3500000000000005,89.71666666666665,1.2,287,44,0.0
2024-11-05T16:00:00.000000+0000,658.6,6.45,93.71666666666668,1.9,131,2,0.0
2024-11-05T17:00:00.000000+0000,659.0,5.933333333333334,92.98333333333333,1.2,233,0,0.0
2024-11-05T18:00:00.000000+0000,659.4,6.366666666666667,87.73333333333333,4.7,164,0,1.3
2024-11-05T19:00:00.000000+0000,659.8,6.433333333333334,90.95,3.3,139,0,0.0
2024-11-05T20:00:00.000000+0000,659.7,5.7,94.56666666666666,2.3,209,0,0.0
2024-11-05T21:00:00.000000+0000,659.6,5.6000000000000005,98.35000000000001,1.4,212,0,0.0
2024-11-05T22:00:00.000000+0000,659.3,5.583333333333333,98.13333333333334,1.4,203,0,0.0
2024-11-05T23:00:00.000000+0000,658.8,5.916666666666667,96.36666666666667,1.6,129,0,0.0
2024-11-06T00:00:00.000000+0000,658.4,5.95,93.46666666666665,4.4,136,0,1.0
2024-11-06T01:00:00.000000+0000,658.3,6.033333333333334,91.08333333333333,3.1,105,0,0.0
2024-11-06T02:00:00.000000+0000,658.3,5.583333333333333,89.41666666666667,5.4,138,0,0.0
2024-11-06T03:00:00.000000+0000,658.8,5.0,97.58333333333333,1.8,210,0,0.0
2024-11-06T04:00:00.000000+0000,659.3,4.716666666666666,92.26666666666667,2.0,173,56,0.0
2024-11-06T05:00:00.000000+0000,659.9,7.033333333333334,74.26666666666667,6.3,141,283,0.0
2024-11-06T06:00:00.000000+0000,660.4,8.966666666666667,68.71666666666665,8.7,133,638,0.0
2024-11-06T07:00:00.000000+0000,660.9,10.366666666666667,63.166666666666664,6.6,136,931,0.0
2024-11-06T08:00:00.000000+0000,660.9,10.983333333333334,68.91666666666667,5.2,122,943,0.0
2024-11-06T09:00:00.000000+0000,660.6,8.6,86.60000000000001,2.5,72,369,0.0
2024-11-06T10:00:00.000000+0000,660.0,11.133333333333333,70.06666666666666,5.0,83,804,0.0
2024-11-06T11:00:00.000000+0000,659.4,9.15,88.45,2.6,306,366,0.0
2024-11-06T12:00:00.000000+0000,658.8,8.416666666666666,94.55000000000001,2.2,297,174,0.0
2024-11-06T13:00:00.000000+0000,658.7,8.116666666666665,97.69999999999999,3.2,281,193,0.0
2024-11-06T14:00:00.000000+0000,658.8,7.650000000000001,95.23333333333335,4.8,115,47,0.0
2024-11-06T15:00:00.000000+0000,659.0,7.466666666666666,85.33333333333333,8.2,137,72,0.0
2024-11-06T16:00:00.000000+0000,659.1,6.983333333333334,79.83333333333333,7.7,142,3,0.0
2024-11-06T17:00:00.000000+0000,659.7,6.8999999999999995,81.25,4.9,173,0,0.0
2024-11-06T18:00:00.000000+0000,660.3,6.5,86.30000000000001,1.9,158,0,0.0
2024-11-06T19:00:00.000000+0000,660.5,6.750000000000001,84.03333333333333,3.5,174,0,0.0
2024-11-06T20:00:00.000000+0000,660.5,6.683333333333334,87.58333333333333,3.2,149,0,0.0
2024-11-06T21:00:00.000000+0000,660.2,6.416666666666667,92.98333333333333,2.9,116,0,0.1
2024-11-06T22:00:00.000000+0000,659.2,5.8,90.83333333333333,9.6,131,0,0.5
2024-11-06T23:00:00.000000+0000,659.0,5.983333333333333,86.45,9.4,140,0,0.0
2024-11-07T00:00:00.000000+0000,658.8,5.883333333333333,92.03333333333335,3.5,184,0,0.0
2024-11-07T01:00:00.000000+0000,658.9,5.316666666666667,91.69999999999999,3.4,178,0,0.0
2024-11-07T02:00:00.000000+0000,659.1,4.8500000000000005,85.45,3.5,195,0,0.0
2024-11-07T03:00:00.000000+0000,659.6,5.183333333333334,80.45,4.9,164,0,0.0
2024-11-07T04:00:00.000000+0000,660.0,5.733333333333333,83.0,3.4,172,38,0.0
2024-11-07T05:00:00.000000+0000,660.5,7.6499999999999995,78.2,4.0,130,229,0.0
2024-11-07T06:00:00.000000+0000,661.0,8.583333333333334,78.73333333333333,6.5,131,566,0.0
2024-11-07T07:00:00.000000+0000,661.2,10.533333333333333,67.4,6.0,129,797,0.0
2024-11-07T08:00:00.000000+0000,661.3,10.833333333333334,68.81666666666668,6.6,136,947,0.0
2024-11-07T09:00:00.000000+0000,660.7,10.35,62.48333333333334,7.9,137,598,0.0
2024-11-07T10:00:00.000000+0000,660.5,10.75,63.65,3.6,113,577,0.0
2024-11-07T11:00:00.000000+0000,660.0,11.966666666666667,59.25,5.2,134,878,0.0
2024-11-07T12:00:00.000000+0000,659.9,11.799999999999999,54.46666666666667,4.3,108,729,0.0
2024-11-07T13:00:00.000000+0000,659.7,8.583333333333334,92.93333333333334,2.9,344,103,0.0
2024-11-07T14:00:00.000000+0000,659.6,8.65,90.09999999999998,3.2,356,212,0.0
2024-11-07T15:00:00.000000+0000,659.8,7.199999999999999,68.2,5.3,122,41,0.0
2024-11-07T16:00:00.000000+0000,660.0,6.266666666666666,83.2,4.0,209,5,0.0
2024-11-07T17:00:00.000000+0000,660.2,6.433333333333334,76.91666666666667,5.7,164,0,0.0
2024-11-07T18:00:00.000000+0000,660.7,6.166666666666667,81.55,2.8,194,0,0.0
2024-11-07T19:00:00.000000+0000,660.9,6.366666666666667,81.99999999999999,4.0,132,0,0.0
2024-11-07T20:00:00.000000+0000,660.7,5.283333333333333,81.2,3.0,163,0,0.0
2024-11-07T21:00:00.000000+0000,660.2,5.283333333333333,77.11666666666667,2.8,204,0,0.0
2024-11-07T22:00:00.000000+0000,659.9,4.933333333333334,80.5,1.6,214,0,0.0
2024-11-07T23:00:00.000000+0000,659.6,4.583333333333333,68.93333333333334,3.5,172,0,0.0
2024-11-08T00:00:00.000000+0000,659.2,5.066666666666667,76.56666666666666,2.2,299,0,0.0
2024-11-08T01:00:00.000000+0000,658.9,5.316666666666666,83.66666666666667,6.0,138,0,0.0
2024-11-08T02:00:00.000000+0000,659.3,5.216666666666666,92.84999999999998,3.2,221,0,0.0
2024-11-08T03:00:00.000000+0000,659.6,5.683333333333334,89.63333333333333,3.0,144,0,0.0
2024-11-08T04:00:00.000000+0000,659.8,6.05,92.53333333333335,4.3,110,32,0.0
2024-11-08T05:00:00.000000+0000,660.2,6.166666666666667,94.0,3.3,131,193,0.0
2024-11-08T06:00:00.000000+0000,661.0,7.883333333333333,80.03333333333332,5.1,138,491,0.0
2024-11-08T07:00:00.000000+0000,661.0,9.566666666666668,59.25,5.9,141,745,0.0
2024-11-08T08:00:00.000000+0000,661.0,10.716666666666667,55.46666666666667,7.0,141,955,0.0
2024-11-08T09:00:00.000000+0000,660.8,10.449999999999998,64.99999999999999,3.3,63,1016,0.0
2024-11-08T10:00:00.000000+0000,660.7,9.5,74.88333333333333,2.6,292,835,0.0
2024-11-08T11:00:00.000000+0000,660.0,8.616666666666665,87.91666666666667,4.1,313,482,0.0
2024-11-08T12:00:00.000000+0000,659.5,9.066666666666665,85.0,4.3,327,465,0.0
2024-11-08T13:00:00.000000+0000,659.3,8.999999999999998,87.26666666666667,4.4,293,462,0.0
2024-11-08T14:00:00.000000+0000,659.3,8.416666666666666,87.78333333333335,3.0,277,267,0.0
2024-11-08T15:00:00.000000+0000,659.4,7.5,92.85000000000001,3.1,291,79,0.0
2024-11-08T16:00:00.000000+0000,659.7,6.183333333333334,94.78333333333335,1.3,353,6,0.0
2024-11-08T17:00:00.000000+0000,659.9,4.566666666666666,91.08333333333333,2.1,220,0,0.0
2024-11-08T18:00:00.000000+0000,660.3,4.566666666666666,90.78333333333335,1.7,90,0,0.0
2024-11-08T19:00:00.000000+0000,660.5,3.483333333333334,94.01666666666667,2.2,215,0,0.0
2024-11-08T20:00:00.000000+0000,660.4,4.000000000000001,80.63333333333333,3.3,167,0,0.0
2024-11-08T21:00:00.000000+0000,660.1,4.016666666666667,75.39999999999999,2.6,203,0,0.0
2024-11-08T22:00:00.000000+0000,659.6,3.816666666666667,78.06666666666666,5.1,165,0,0.0
2024-11-08T23:00:00.000000+0000,659.2,4.833333333333333,78.85000000000001,3.5,144,0,0.0
2024-11-09T00:00:00.000000+0000,658.8,4.6000000000000005,72.5,4.8,171,0,0.0
2024-11-09T01:00:00.000000+0000,658.6,5.55,79.45,4.4,116,0,0.0
2024-11-09T02:00:00.000000+0000,658.6,5.0,82.39999999999999,6.7,136,0,0.0
2024-11-09T03:00:00.000000+0000,659.0,4.933333333333334,82.31666666666666,6.6,152,0,0.0
2024-11-09T04:00:00.000000+0000,659.2,5.55,84.68333333333332,6.3,130,22,0.0
2024-11-09T05:00:00.000000+0000,659.6,6.3999999999999995,91.30000000000001,3.9,120,121,0.0
2024-11-09T06:00:00.000000+0000,660.1,8.033333333333333,78.60000000000001,7.6,127,422,0.0
2024-11-09T07:00:00.000000+0000,660.3,10.116666666666667,63.099999999999994,7.2,119,748,0.0
2024-11-09T08:00:00.000000+0000,660.3,11.566666666666665,56.88333333333333,6.9,111,922,0.0
2024-11-09T09:00:00.000000+0000,660.0,11.5,54.833333333333336,7.1,109,1032,0.0
2024-11-09T10:00:00.000000+0000,659.5,12.316666666666668,51.48333333333333,7.1,99,1064,0.0
2024-11-09T11:00:00.000000+0000,659.1,12.716666666666667,50.38333333333333,4.7,90,1017,0.0
2024-11-09T12:00:00.000000+0000,658.9,11.316666666666665,61.08333333333332,4.6,98,590,0.0
2024-11-09T13:00:00.000000+0000,658.6,9.066666666666665,85.73333333333333,3.2,270,175,0.0
2024-11-09T14:00:00.000000+0000,658.6,8.283333333333333,92.2,2.9,272,122,0.0
2024-11-09T15:00:00.000000+0000,658.7,7.466666666666666,94.39999999999999,2.5,253,52,0.0
2024-11-09T16:00:00.000000+0000,659.0,6.050000000000001,89.93333333333332,2.2,196,4,0.0
2024-11-09T17:00:00.000000+0000,659.3,5.783333333333334,75.8,5.1,181,0,0.0
2024-11-09T18:00:00.000000+0000,659.6,5.866666666666667,76.46666666666667,7.0,150,0,0.0
2024-11-09T19:00:00.000000+0000,659.5,5.666666666666667,79.05000000000001,8.3,145,0,0.0
2024-11-09T20:00:00.000000+0000,659.5,5.95,82.38333333333333,8.0,133,0,0.0
2024-11-09T21:00:00.000000+0000,659.4,5.733333333333333,89.64999999999999,5.2,125,0,0.0
2024-11-09T22:00:00.000000+0000,659.1,6.133333333333333,91.88333333333333,4.2,130,0,0.9
2024-11-09T23:00:00.000000+0000,658.6,5.866666666666666,93.21666666666665,6.7,111,0,1.3
2024-11-10T00:00:00.000000+0000,658.2,5.566666666666666,89.51666666666667,7.6,134,0,0.0
2024-11-10T01:00:00.000000+0000,658.3,5.8999999999999995,88.53333333333335,4.6,138,0,0.0
2024-11-10T02:00:00.000000+0000,658.5,5.616666666666667,91.98333333333333,5.4,122,0,0.0
2024-11-10T03:00:00.000000+0000,658.7,5.6000000000000005,89.26666666666667,7.0,141,0,0.0
2024-11-10T04:00:00.000000+0000,659.2,5.8,89.58333333333333,5.9,137,20,0.0
2024-11-10T05:00:00.000000+0000,659.7,6.266666666666667,91.28333333333335,6.3,117,102,0.0
2024-11-10T06:00:00.000000+0000,660.4,6.666666666666667,95.05,6.0,96,218,0.0
2024-11-10T07:00:00.000000+0000,660.6,7.783333333333334,90.30000000000001,6.4,105,484,0.0
2024-11-10T08:00:00.000000+0000,660.6,8.850000000000001,83.63333333333334,5.5,105,744,0.0
2024-11-10T09:00:00.000000+0000,660.2,11.100000000000001,64.35000000000001,5.6,89,1029,0.0
2024-11-10T10:00:00.000000+0000,659.8,11.0,70.28333333333335,4.3,33,828,0.0
2024-11-10T11:00:00.000000+0000,659.1,9.65,85.16666666666667,5.0,265,323,0.0
2024-11-10T12:00:00.000000+0000,658.8,8.833333333333334,90.16666666666667,4.3,269,285,0.0
2024-11-10T13:00:00.000000+0000,658.8,8.283333333333333,95.39999999999999,3.7,279,149,0.0
2024-11-10T14:00:00.000000+0000,659.1,8.366666666666665,90.5,1.5,340,89,0.0
2024-11-10T15:00:00.000000+0000,659.2,7.783333333333334,93.83333333333336,1.0,309,55,0.0
2024-11-10T16:00:00.000000+0000,659.6,6.383333333333334,83.46666666666665,3.9,148,4,0.0
2024-11-10T17:00:00.000000+0000,659.9,5.8500000000000005,68.5,5.5,130,0,0.0
2024-11-10T18:00:00.000000+0000,660.5,4.716666666666668,76.58333333333334,6.0,134,0,0.0
2024-11-10T19:00:00.000000+0000,660.8,4.3,77.31666666666666,5.5,128,0,0.0
2024-11-10T20:00:00.000000+0000,660.8,3.6166666666666667,83.83333333333333,5.1,130,0,0.0
2024-11-10T21:00:00.000000+0000,660.4,4.083333333333333,84.38333333333333,6.6,132,0,0.0
2024-11-10T22:00:00.000000+0000,659.8,5.05,82.51666666666667,5.6,127,0,0.0
2024-11-10T23:00:00.000000+0000,659.4,5.583333333333333,85.36666666666666,4.2,107,0,0.0
2024-11-11T00:00:00.000000+0000,658.8,5.0666666666666655,89.43333333333332,4.7,109,0,0.0
2024-11-11T01:00:00.000000+0000,658.5,5.3500000000000005,88.18333333333334,5.9,111,0,0.0
2024-11-11T02:00:00.000000+0000,658.9,5.933333333333334,91.63333333333333,6.4,101,0,0.0
2024-11-11T03:00:00.000000+0000,659.1,5.783333333333334,95.88333333333333,6.9,86,0,0.1
2024-11-11T04:00:00.000000+0000,659.4,4.616666666666667,94.83333333333333,8.6,,9,7.5
2024-11-11T05:00:00.000000+0000,660.1,5.2,95.46666666666668,10.7,87,32,2.5
2024-11-11T06:00:00.000000+0000,660.6,5.066666666666666,97.43333333333334,13.8,91,113,5.6
2024-11-11T07:00:00.000000+0000,660.9,4.983333333333333,97.10000000000001,11.8,91,160,0.0
2024-11-11T08:00:00.000000+0000,661.1,5.133333333333333,97.76666666666667,9.0,100,150,0.0
2024-11-11T09:00:00.000000+0000,660.8,5.3999999999999995,97.18333333333334,8.1,94,157,0.0
2024-11-11T10:00:00.000000+0000,660.3,6.349999999999999,94.89999999999999,6.2,83,379,0.0
2024-11-11T11:00:00.000000+0000,659.8,6.016666666666666,95.68333333333334,5.5,79,171,0.0
2024-11-11T12:00:00.000000+0000,659.4,6.516666666666667,96.2,7.0,101,453,0.0
2024-11-11T13:00:00.000000+0000,658.9,7.849999999999999,83.86666666666666,5.5,122,316,0.0
2024-11-11T14:00:00.000000+0000,659.2,8.65,83.13333333333334,2.0,354,240,0.0
2024-11-11T15:00:00.000000+0000,659.4,7.066666666666666,96.03333333333332,1.6,301,66,0.0
2024-11-11T16:00:00.000000+0000,659.8,5.1,91.06666666666666,3.6,130,4,0.0
2024-11-11T17:00:00.000000+0000,660.3,5.233333333333333,82.76666666666665,6.0,125,0,0.0
2024-11-11T18:00:00.000000+0000,660.5,5.216666666666666,82.96666666666665,6.8,130,0,0.0
2024-11-11T19:00:00.000000+0000,661.0,5.216666666666666,78.93333333333334,6.5,131,0,0.0
2024-11-11T20:00:00.000000+0000,661.0,5.266666666666667,73.95,7.1,128,0,0.0
2024-11-11T21:00:00.000000+0000,660.5,4.616666666666667,60.25,9.9,125,0,0.0
2024-11-11T22:00:00.000000+0000,659.9,4.8999999999999995,64.7,10.4,125,0,0.0
2024-11-11T23:00:00.000000+0000,659.1,4.65,68.76666666666667,11.5,133,0,0.0
2024-11-12T00:00:00.000000+0000,659.0,4.733333333333333,80.8,8.1,132,0,0.0
2024-11-12T01:00:00.000000+0000,658.8,5.1000000000000005,81.68333333333332,7.9,123,0,0.0
2024-11-12T02:00:00.000000+0000,659.0,5.033333333333333,83.83333333333333,6.1,134,0,0.0
2024-11-12T03:00:00.000000+0000,659.5,5.300000000000001,84.81666666666666,4.6,140,0,0.0
2024-11-12T04:00:00.000000+0000,660.0,5.8,83.23333333333333,4.0,155,26,0.0
2024-11-12T05:00:00.000000+0000,660.3,6.433333333333334,84.78333333333333,6.9,125,174,0.0
2024-11-12T06:00:00.000000+0000,660.9,8.783333333333333,74.33333333333333,6.8,118,542,0.0
2024-11-12T07:00:00.000000+0000,661.2,9.583333333333334,68.53333333333335,4.9,128,601,0.0
2024-11-12T08:00:00.000000+0000,661.2,8.450000000000001,82.36666666666667,2.4,291,455,0.0
2024-11-12T09:00:00.000000+0000,660.9,7.883333333333334,85.64999999999999,4.3,274,378,0.0
2024-11-12T10:00:00.000000+0000,660.3,7.716666666666666,84.45,3.7,337,348,0.0
2024-11-12T11:00:00.000000+0000,659.7,6.816666666666667,94.61666666666666,2.6,344,204,0.0
2024-11-12T12:00:00.000000+0000,659.3,7.066666666666666,94.8,1.7,343,214,0.0
2024-11-12T13:00:00.000000+0000,659.2,7.8999999999999995,90.53333333333332,2.9,346,238,0.0
2024-11-12T14:00:00.000000+0000,659.2,8.766666666666667,86.93333333333334,2.6,290,319,0.0
2024-11-12T15:00:00.000000+0000,659.4,7.383333333333333,92.16666666666667,2.1,6,64,0.0
2024-11-12T16:00:00.000000+0000,659.8,6.183333333333334,95.55000000000001,0.9,198,2,0.0
2024-11-12T17:00:00.000000+0000,660.2,4.766666666666667,89.06666666666666,1.6,174,0,0.0
2024-11-12T18:00:00.000000+0000,660.5,4.2,88.43333333333334,1.7,165,0,0.0
2024-11-12T19:00:00.000000+0000,660.6,4.6000000000000005,85.3,1.2,186,0,0.0
2024-11-12T20:00:00.000000+0000,660.4,4.033333333333333,87.3,1.3,122,0,0.0
2024-11-12T21:00:00.000000+0000,660.1,4.2,91.78333333333332,1.4,104,0,0.0
2024-11-12T22:00:00.000000+0000,659.6,3.533333333333333,90.71666666666668,1.1,127,0,0.0
2024-11-12T23:00:00.000000+0000,659.1,4.933333333333334,73.81666666666668,1.5,207,0,0.0
2024-11-13T00:00:00.000000+0000,659.0,4.666666666666667,73.18333333333334,1.0,193,0,0.0
2024-11-13T01:00:00.000000+0000,658.7,4.6499999999999995,77.46666666666667,1.2,217,0,0.0
2024-11-13T02:00:00.000000+0000,658.9,5.2,79.81666666666666,1.5,214,0,0.5
2024-11-13T03:00:00.000000+0000,659.2,4.933333333333333,85.55,1.9,196,0,1.3
2024-11-13T04:00:00.000000+0000,659.7,5.183333333333334,88.26666666666665,1.5,159,6,2.5
2024-11-13T05:00:00.000000+0000,660.1,5.783333333333334,87.76666666666667,2.3,227,52,0.3
2024-11-13T06:00:00.000000+0000,660.7,6.6499999999999995,86.86666666666667,1.0,225,170,0.6
2024-11-13T07:00:00.000000+0000,660.9,6.383333333333333,92.33333333333333,1.5,298,210,0.0
2024-11-13T08:00:00.000000+0000,660.9,7.266666666666668,88.21666666666668,2.2,270,327,0.0
2024-11-13T09:00:00.000000+0000,660.5,7.916666666666667,89.66666666666667,2.5,304,370,0.0
2024-11-13T10:00:00.000000+0000,659.9,7.6000000000000005,93.28333333333335,3.3,329,225,0.3
2024-11-13T11:00:00.000000+0000,659.3,6.416666666666667,98.11666666666666,2.1,3,144,4.1
2024-11-13T12:00:00.000000+0000,658.9,7.533333333333334,95.25,1.7,30,422,0.1
2024-11-13T13:00:00.000000+0000,658.6,7.499999999999999,93.0,1.8,329,118,0.5
2024-11-13T14:00:00.000000+0000,658.6,7.816666666666666,92.28333333333332,2.3,270,170,0.0
2024-11-13T15:00:00.000000+0000,658.8,7.300000000000001,96.10000000000001,1.5,290,53,0.2
2024-11-13T16:00:00.000000+0000,659.3,7.033333333333332,98.25,1.7,305,1,0.3
2024-11-13T17:00:00.000000+0000,659.8,6.800000000000001,98.75,1.3,76,0,0.0
2024-11-13T18:00:00.000000+0000,660.1,6.550000000000001,98.19999999999999,2.6,159,0,0.0
2024-11-13T19:00:00.000000+0000,660.6,6.516666666666667,98.30000000000001,0.9,278,0,0.5
2024-11-13T20:00:00.000000+0000,660.6,6.416666666666665,98.60000000000001,0.8,301,0,0.6
2024-11-13T21:00:00.000000+0000,660.3,6.066666666666666,98.81666666666666,1.3,225,0,0.0
2024-11-13T22:00:00.000000+0000,659.8,6.033333333333334,97.63333333333333,1.8,219,0,0.0
2024-11-13T23:00:00.000000+0000,659.3,5.883333333333334,98.19999999999999,1.5,158,0,0.0
2024-11-14T00:00:00.000000+0000,658.8,4.883333333333333,96.13333333333334,2.2,104,0,0.0
2024-11-14T01:00:00.000000+0000,658.6,4.333333333333333,93.80000000000001,1.8,87,0,0.0
2024-11-14T02:00:00.000000+0000,658.7,4.916666666666667,90.73333333333333,3.5,103,0,0.0
2024-11-14T03:00:00.000000+0000,659.0,4.383333333333333,88.58333333333333,3.4,107,0,0.0
2024-11-14T04:00:00.000000+0000,659.3,5.216666666666666,85.35000000000001,3.4,103,57,0.0
2024-11-14T05:00:00.000000+0000,659.8,7.316666666666666,84.58333333333334,4.6,84,292,0.0
2024-11-14T06:00:00.000000+0000,660.3,9.283333333333333,79.16666666666666,4.9,57,517,0.0
2024-11-14T07:00:00.000000+0000,660.4,9.483333333333333,83.28333333333333,7.2,32,515,0.0
2024-11-14T08:00:00.000000+0000,660.5,8.783333333333333,90.75,6.9,18,314,0.0
2024-11-14T09:00:00.000000+0000,660.1,8.816666666666668,88.43333333333334,6.4,23,251,0.0
2024-11-14T10:00:00.000000+0000,659.6,8.683333333333335,87.55,6.3,14,183,0.0
2024-11-14T11:00:00.000000+0000,659.0,9.05,87.01666666666667,5.7,16,270,0.0
2024-11-14T12:00:00.000000+0000,658.4,7.816666666666667,95.51666666666667,4.2,12,85,1.3
2024-11-14T13:00:00.000000+0000,658.2,7.383333333333333,93.95,0.5,297,127,1.0
2024-11-14T14:00:00.000000+0000,657.9,7.8500000000000005,94.34999999999998,2.1,58,118,0.7
2024-11-14T15:00:00.000000+0000,657.9,7.833333333333333,95.43333333333332,1.9,49,67,0.0
2024-11-14T16:00:00.000000+0000,658.3,7.449999999999999,93.46666666666665,1.9,107,1,0.0
2024-11-14T17:00:00.000000+0000,658.8,6.966666666666666,95.03333333333335,0.8,236,0,0.0
2024-11-14T18:00:00.000000+0000,659.5,6.533333333333332,95.78333333333332,1.4,241,0,0.0
2024-11-14T19:00:00.000000+0000,659.7,6.050000000000001,94.61666666666667,1.8,90,0,0.0
2024-11-14T20:00:00.000000+0000,659.6,6.166666666666667,95.18333333333334,1.5,80,0,0.3
2024-11-14T21:00:00.000000+0000,659.1,6.566666666666666,87.28333333333332,3.7,133,0,0.0
2024-11-14T22:00:00.000000+0000,658.8,5.983333333333333,94.89999999999999,1.6,72,0,0.0
2024-11-14T23:00:00.000000+0000,658.1,5.716666666666666,92.78333333333335,4.3,140,0,0.0
2024-11-15T00:00:00.000000+0000,657.7,6.166666666666667,91.16666666666667,2.1,167,0,0.0
2024-11-15T01:00:00.000000+0000,657.5,5.933333333333334,93.13333333333333,1.2,225,0,0.0
2024-11-15T02:00:00.000000+0000,657.9,5.633333333333333,96.39999999999999,1.0,169,0,10.0
2024-11-15T03:00:00.000000+0000,658.2,5.400000000000001,93.73333333333333,2.6,133,0,9.7
2024-11-15T04:00:00.000000+0000,658.7,5.466666666666668,94.66666666666667,3.9,103,4,10.1
2024-11-15T05:00:00.000000+0000,659.1,6.1000000000000005,94.51666666666665,2.9,100,106,5.1
2024-11-15T06:00:00.000000+0000,659.5,6.833333333333333,97.09999999999998,1.5,342,323,2.3
2024-11-15T07:00:00.000000+0000,659.8,6.466666666666668,98.41666666666667,3.2,48,142,6.0
2024-11-15T08:00:00.000000+0000,659.6,6.8999999999999995,96.86666666666667,3.8,111,554,5.6
2024-11-15T09:00:00.000000+0000,659.4,8.25,88.33333333333333,3.4,111,506,1.2
2024-11-15T10:00:00.000000+0000,658.6,8.366666666666667,92.58333333333333,5.9,85,506,0.1
2024-11-15T11:00:00.000000+0000,658.0,9.583333333333334,88.61666666666667,7.0,117,844,0.0
2024-11-15T12:00:00.000000+0000,657.6,8.066666666666666,94.56666666666666,2.8,281,245,0.0
2024-11-15T13:00:00.000000+0000,657.3,7.633333333333333,98.63333333333333,2.6,299,159,0.0
2024-11-15T14:00:00.000000+0000,657.3,7.349999999999999,99.06666666666668,2.2,337,117,0.0
2024-11-15T15:00:00.000000+0000,657.7,7.116666666666666,99.2,1.4,360,45,0.0
2024-11-15T16:00:00.000000+0000,658.2,6.7,99.2,1.1,256,3,0.0
2024-11-15T17:00:00.000000+0000,658.9,5.666666666666667,97.89999999999999,2.7,169,0,0.0
2024-11-15T18:00:00.000000+0000,659.5,5.3500000000000005,96.81666666666668,1.9,162,0,0.0
2024-11-15T19:00:00.000000+0000,659.8,6.250000000000001,98.58333333333333,0.9,27,0,0.0
2024-11-15T20:00:00.000000+0000,659.7,4.766666666666666,98.39999999999999,1.9,150,0,0.0
2024-11-15T21:00:00.000000+0000,659.4,4.949999999999999,96.98333333333333,1.0,171,0,0.0
2024-11-15T22:00:00.000000+0000,659.0,5.016666666666667,94.16666666666667,3.0,198,0,0.0
2024-11-15T23:00:00.000000+0000,658.9,5.300000000000001,93.23333333333333,1.3,180,0,0.0
2024-11-16T00:00:00.000000+0000,658.2,4.566666666666666,90.78333333333332,2.0,153,0,0.0
2024-11-16T01:00:00.000000+0000,658.1,5.216666666666666,91.38333333333333,1.7,159,0,0.0
2024-11-16T02:00:00.000000+0000,658.1,5.966666666666666,91.43333333333334,2.5,125,0,0.2
2024-11-16T03:00:00.000000+0000,658.5,6.0,93.38333333333333,1.5,148,0,2.9
2024-11-16T04:00:00.000000+0000,659.0,6.316666666666667,91.66666666666667,2.0,175,25,0.0
2024-11-16T05:00:00.000000+0000,659.5,7.699999999999999,84.36666666666666,4.0,92,148,0.0
2024-11-16T06:00:00.000000+0000,660.0,7.616666666666666,95.16666666666667,2.3,15,223,0.0
2024-11-16T07:00:00.000000+0000,659.8,8.2,93.81666666666668,5.3,107,500,0.0
2024-11-16T08:00:00.000000+0000,659.7,9.049999999999999,86.46666666666665,5.3,143,687,0.0
2024-11-16T09:00:00.000000+0000,659.4,7.633333333333334,95.69999999999999,2.9,287,207,0.1
2024-11-16T10:00:00.000000+0000,658.9,7.316666666666666,97.19999999999999,3.1,180,279,1.1
2024-11-16T11:00:00.000000+0000,658.5,7.016666666666667,98.41666666666667,2.1,335,159,3.2
2024-11-16T12:00:00.000000+0000,658.1,6.75,98.86666666666667,2.3,309,150,0.4
2024-11-16T13:00:00.000000+0000,658.0,6.7,99.14999999999999,1.9,279,184,0.0
2024-11-16T14:00:00.000000+0000,658.0,6.733333333333333,99.2,1.4,297,59,0.0
2024-11-16T15:00:00.000000+0000,658.1,6.583333333333333,99.2,2.1,301,36,0.0
2024-11-16T16:00:00.000000+0000,658.6,6.366666666666666,99.2,1.1,321,2,0.0
2024-11-16T17:00:00.000000+0000,659.1,6.066666666666666,99.2,1.5,300,0,0.0
2024-11-16T18:00:00.000000+0000,659.7,5.383333333333333,99.2,1.3,196,0,0.0
2024-11-16T19:00:00.000000+0000,660.1,4.733333333333333,99.2,1.1,198,0,0.0
2024-11-16T20:00:00.000000+0000,660.2,5.366666666666667,99.18333333333334,1.8,107,0,0.0
2024-11-16T21:00:00.000000+0000,660.2,5.550000000000001,98.8,3.4,102,0,0.0
2024-11-16T22:00:00.000000+0000,659.7,5.75,98.08333333333331,4.4,106,0,0.0
2024-11-16T23:00:00.000000+0000,659.0,5.5,95.85000000000001,4.3,109,0,0.0
2024-11-17T00:00:00.000000+0000,658.6,5.95,88.16666666666667,2.8,127,0,0.0
2024-11-17T01:00:00.000000+0000,658.6,5.583333333333333,89.85000000000001,2.5,114,0,0.0
2024-11-17T02:00:00.000000+0000,658.8,5.983333333333333,90.60000000000001,3.3,105,0,0.0
2024-11-17T03:00:00.000000+0000,659.2,6.066666666666666,92.63333333333333,3.3,102,0,0.0
2024-11-17T04:00:00.000000+0000,659.4,5.933333333333333,91.95,2.7,97,21,0.0
2024-11-17T05:00:00.000000+0000,660.0,6.683333333333333,92.39999999999999,2.0,58,106,0.0
2024-11-17T06:00:00.000000+0000,660.3,8.233333333333334,84.51666666666667,3.5,43,324,0.0
2024-11-17T07:00:00.000000+0000,660.6,10.166666666666666,71.38333333333333,4.8,53,684,0.0
2024-11-17T08:00:00.000000+0000,660.4,8.566666666666665,81.24999999999999,5.0,21,400,0.0
2024-11-17T09:00:00.000000+0000,659.8,8.950000000000001,78.81666666666666,8.1,48,500,0.0
2024-11-17T10:00:00.000000+0000,659.2,7.016666666666666,81.4,8.1,,200,0.0
2024-11-17T11:00:00.000000+0000,658.8,8.183333333333334,74.56,7.9,42,619,0.0
2024-11-17T12:00:00.000000+0000,658.4,9.983333333333333,71.10000000000001,7.3,38,759,0.0
2024-11-17T13:00:00.000000+0000,658.3,8.883333333333333,72.2,7.4,52,427,0.0
2024-11-17T14:00:00.000000+0000,658.1,8.200000000000001,78.76666666666667,7.1,67,391,0.0
2024-11-17T15:00:00.000000+0000,658.4,6.233333333333333,85.66666666666667,7.1,101,151,0.0
2024-11-17T16:00:00.000000+0000,658.7,5.3500000000000005,85.03333333333333,5.1,128,12,0.0
2024-11-17T17:00:00.000000+0000,659.1,5.016666666666667,88.26666666666667,1.4,222,0,0.0
2024-11-17T18:00:00.000000+0000,659.6,4.533333333333334,87.81666666666665,0.8,180,0,0.0
2024-11-17T19:00:00.000000+0000,660.0,4.3999999999999995,82.98333333333333,2.2,221,0,0.0
2024-11-17T20:00:00.000000+0000,660.0,3.766666666666666,76.66666666666667,1.7,214,0,0.0
2024-11-17T21:00:00.000000+0000,660.0,3.7166666666666663,77.85000000000001,1.2,214,0,0.0
2024-11-17T22:00:00.000000+0000,659.4,3.683333333333333,77.58333333333333,0.8,219,0,0.0
2024-11-17T23:00:00.000000+0000,658.9,2.483333333333333,84.55000000000001,2.1,107,0,0.0
2024-11-18T00:00:00.000000+0000,658.7,3.233333333333333,84.75,3.0,116,0,0.0
2024-11-18T01:00:00.000000+0000,658.7,4.016666666666667,86.88333333333333,3.9,111,0,0.0
2024-11-18T02:00:00.000000+0000,658.8,4.233333333333333,61.949999999999996,5.9,101,0,0.0
2024-11-18T03:00:00.000000+0000,659.0,2.6166666666666667,60.550000000000004,5.9,119,0,0.0
2024-11-18T04:00:00.000000+0000,659.1,3.533333333333333,61.18333333333333,5.7,112,57,0.0
2024-11-18T05:00:00.000000+0000,659.5,6.6499999999999995,56.21666666666667,5.9,120,295,0.0
2024-11-18T06:00:00.000000+0000,660.3,9.449999999999998,50.51666666666667,3.7,74,528,0.0
2024-11-18T07:00:00.000000+0000,660.8,8.75,58.199999999999996,3.7,270,732,0.0
2024-11-18T08:00:00.000000+0000,660.7,10.316666666666668,63.38333333333333,4.5,287,809,0.0
2024-11-18T09:00:00.000000+0000,660.3,11.233333333333334,58.68333333333334,8.4,21,855,0.0
2024-11-18T10:00:00.000000+0000,660.1,9.549999999999999,69.35000000000001,7.1,7,415,0.0
2024-11-18T11:00:00.000000+0000,659.9,9.35,71.23333333333333,5.2,358,426,0.0
2024-11-18T12:00:00.000000+0000,659.5,7.95,81.56666666666668,5.7,12,166,0.0
2024-11-18T13:00:00.000000+0000,659.3,8.366666666666667,81.50000000000001,5.6,359,173,0.0
2024-11-18T14:00:00.000000+0000,659.3,7.75,85.56666666666668,5.1,17,96,0.0
2024-11-18T15:00:00.000000+0000,659.3,7.083333333333333,92.61666666666666,4.7,24,29,0.0
2024-11-18T16:00:00.000000+0000,659.5,5.949999999999999,92.91666666666667,3.3,59,2,0.0
2024-11-18T17:00:00.000000+0000,659.9,5.066666666666667,87.91666666666667,4.3,116,0,0.0
2024-11-18T18:00:00.000000+0000,660.4,4.883333333333334,85.0,3.5,128,0,0.0
2024-11-18T19:00:00.000000+0000,660.9,5.716666666666668,78.64999999999999,1.1,130,0,0.0
2024-11-18T20:00:00.000000+0000,660.7,4.45,82.06666666666666,2.8,125,0,0.0
2024-11-18T21:00:00.000000+0000,660.4,4.483333333333333,84.35000000000001,5.2,129,0,0.0
2024-11-18T22:00:00.000000+0000,659.9,4.283333333333334,85.24999999999999,4.6,131,0,0.0
2024-11-18T23:00:00.000000+0000,659.4,4.1499999999999995,85.7,4.8,132,0,0.0
2024-11-19T00:00:00.000000+0000,658.9,3.1500000000000004,83.45,2.4,128,0,0.0
2024-11-19T01:00:00.000000+0000,658.7,4.083333333333333,73.05,4.4,126,0,0.0
2024-11-19T02:00:00.000000+0000,659.0,5.433333333333334,68.86666666666666,5.8,129,0,0.0
2024-11-19T03:00:00.000000+0000,659.3,5.766666666666667,68.3,4.3,137,0,0.0
2024-11-19T04:00:00.000000+0000,659.8,6.183333333333334,74.6,2.9,159,61,0.0
2024-11-19T05:00:00.000000+0000,660.4,8.016666666666667,73.76666666666667,3.8,114,218,0.0
2024-11-19T06:00:00.000000+0000,660.9,7.75,82.36666666666667,2.1,360,261,0.0
2024-11-19T07:00:00.000000+0000,661.1,7.983333333333333,85.26666666666667,3.2,32,317,0.0
2024-11-19T08:00:00.000000+0000,661.0,9.166666666666666,85.75,4.0,20,493,0.0
2024-11-19T09:00:00.000000+0000,660.7,7.766666666666668,94.8,4.1,341,220,0.0
2024-11-19T10:00:00.000000+0000,660.3,8.666666666666666,91.56666666666666,3.7,306,356,0.0
2024-11-19T11:00:00.000000+0000,659.6,8.6,92.80000000000001,3.4,272,244,0.0
2024-11-19T12:00:00.000000+0000,659.0,7.783333333333334,96.91666666666667,3.1,286,133,0.0
2024-11-19T13:00:00.000000+0000,658.8,7.366666666666666,98.48333333333333,3.5,268,85,0.2
2024-11-19T14:00:00.000000+0000,658.9,7.716666666666666,99.0,1.4,305,173,0.0
2024-11-19T15:00:00.000000+0000,658.9,7.8,98.7,2.7,7,138,0.0
2024-11-19T16:00:00.000000+0000,659.4,6.7,98.94999999999999,0.8,37,4,0.0
2024-11-19T17:00:00.000000+0000,659.8,6.266666666666667,93.63333333333334,4.0,129,0,0.0
2024-11-19T18:00:00.000000+0000,660.3,6.483333333333333,81.13333333333334,3.9,128,0,0.0
2024-11-19T19:00:00.000000+0000,660.8,5.8999999999999995,95.91666666666667,2.1,227,0,0.0
2024-11-19T20:00:00.000000+0000,660.6,4.8,89.35000000000001,1.8,207,0,0.0
2024-11-19T21:00:00.000000+0000,660.4,5.1,87.14999999999999,2.4,207,0,0.0
2024-11-19T22:00:00.000000+0000,660.0,4.583333333333334,88.31666666666666,1.6,130,0,0.0
2024-11-19T23:00:00.000000+0000,659.7,5.533333333333334,88.98333333333333,1.0,124,0,0.0
2024-11-20T00:00:00.000000+0000,659.3,5.533333333333332,87.91666666666667,1.6,135,0,0.0
2024-11-20T01:00:00.000000+0000,659.5,5.383333333333334,93.98333333333335,1.8,186,0,0.0
2024-11-20T02:00:00.000000+0000,659.3,5.883333333333333,85.73333333333335,4.9,134,0,0.0
2024-11-20T03:00:00.000000+0000,659.7,5.8,89.89999999999999,2.1,135,0,0.8
2024-11-20T04:00:00.000000+0000,660.1,5.483333333333333,93.64999999999999,2.4,166,11,1.3
2024-11-20T05:00:00.000000+0000,660.5,6.533333333333334,91.8,1.2,90,143,0.0
2024-11-20T06:00:00.000000+0000,660.9,6.616666666666666,96.53333333333332,2.2,19,191,0.0
2024-11-20T07:00:00.000000+0000,660.9,6.95,97.81666666666666,1.8,339,196,0.0
2024-11-20T08:00:00.000000+0000,660.7,7.0,98.30000000000001,2.8,294,204,0.0
2024-11-20T09:00:00.000000+0000,660.3,7.383333333333333,98.26666666666667,2.2,290,265,0.0
2024-11-20T10:00:00.000000+0000,659.7,7.5,98.25,3.4,277,145,0.5
2024-11-20T11:00:00.000000+0000,659.2,7.75,99.08333333333333,3.3,290,248,0.6
2024-11-20T12:00:00.000000+0000,658.8,7.199999999999999,99.2,2.0,279,117,0.2
2024-11-20T13:00:00.000000+0000,658.3,7.6000000000000005,99.2,2.9,261,201,0.0
2024-11-20T14:00:00.000000+0000,658.2,7.949999999999999,,3.1,,,
2024-11-20T15:00:00.000000+0000,658.5,7.6499999999999995,,2.1,,,
2024-11-20T16:00:00.000000+0000,659.1,7.133333333333333,99.2,1.7,70,2,0.0
2024-11-20T17:00:00.000000+0000,659.5,6.033333333333334,98.60000000000001,1.8,103,0,0.0
2024-11-20T18:00:00.000000+0000,660.1,5.666666666666667,98.41666666666667,1.3,191,0,0.0
2024-11-20T19:00:00.000000+0000,660.3,5.216666666666666,97.95,3.7,128,0,0.0
2024-11-20T20:00:00.000000+0000,660.1,5.05,92.48333333333333,2.6,106,0,0.0
2024-11-20T21:00:00.000000+0000,659.6,5.233333333333333,87.26666666666667,0.8,98,0,0.0
2024-11-20T22:00:00.000000+0000,659.6,3.9000000000000004,90.30000000000001,1.8,93,0,0.0
2024-11-20T23:00:00.000000+0000,659.4,4.266666666666667,87.11666666666667,1.4,187,0,0.0
2024-11-21T00:00:00.000000+0000,658.9,4.033333333333333,89.71666666666665,1.2,135,0,0.0
2024-11-21T01:00:00.000000+0000,658.9,3.716666666666667,91.26666666666667,2.1,117,0,0.0
2024-11-21T02:00:00.000000+0000,659.1,4.05,89.53333333333332,3.0,122,0,0.0
2024-11-21T03:00:00.000000+0000,659.4,4.3999999999999995,85.44999999999999,3.8,115,0,0.0
2024-11-21T04:00:00.000000+0000,659.8,5.5,88.74999999999999,3.3,103,12,0.0
2024-11-21T05:00:00.000000+0000,660.4,5.983333333333334,94.64999999999999,6.3,117,116,0.5
2024-11-21T06:00:00.000000+0000,661.0,7.099999999999999,89.88333333333334,4.4,113,152,0.0
2024-11-21T07:00:00.000000+0000,661.1,7.599999999999999,89.01666666666667,4.8,76,275,0.0
2024-11-21T08:00:00.000000+0000,660.9,8.266666666666667,91.04,4.6,34,305,0.0
2024-11-21T09:00:00.000000+0000,660.3,10.55,74.97999999999999,3.6,84,771,0.0
2024-11-21T10:00:00.000000+0000,659.4,7.850000000000001,95.68333333333334,2.6,166,130,7.9
2024-11-21T11:00:00.000000+0000,658.9,7.783333333333332,97.88333333333333,4.0,44,224,7.6
2024-11-21T12:00:00.000000+0000,658.5,7.333333333333333,98.41666666666667,3.4,261,72,16.7
2024-11-21T13:00:00.000000+0000,658.3,6.883333333333333,97.95,2.2,207,81,6.2
2024-11-21T14:00:00.000000+0000,658.4,7.583333333333333,97.18333333333334,1.4,319,96,0.2
2024-11-21T15:00:00.000000+0000,658.7,7.366666666666666,98.18333333333334,3.1,80,27,0.0
2024-11-21T16:00:00.000000+0000,659.3,6.8999999999999995,91.78333333333335,3.3,119,4,0.0
2024-11-21T17:00:00.000000+0000,659.8,5.466666666666666,92.30000000000001,2.4,152,0,0.0
2024-11-21T18:00:00.000000+0000,660.1,4.966666666666666,92.63333333333333,2.3,162,0,0.0
2024-11-21T19:00:00.000000+0000,660.5,5.516666666666667,92.10000000000001,1.4,76,0,0.0
2024-11-21T20:00:00.000000+0000,660.3,5.333333333333333,92.83333333333333,1.5,122,0,0.0
2024-11-21T21:00:00.000000+0000,660.1,4.3,92.26666666666665,2.2,95,0,0.0
2024-11-21T22:00:00.000000+0000,659.7,4.3,91.15000000000002,2.8,103,0,0.0
2024-11-21T23:00:00.000000+0000,659.2,4.666666666666667,88.5,2.5,99,0,0.0
2024-11-22T00:00:00.000000+0000,658.9,5.016666666666667,89.28333333333335,4.3,96,0,0.0
2024-11-22T01:00:00.000000+0000,658.8,5.283333333333334,88.53333333333335,4.3,124,0,0.0
2024-11-22T02:00:00.000000+0000,659.0,6.116666666666667,85.81666666666668,5.3,133,0,0.0
2024-11-22T03:00:00.000000+0000,659.2,5.166666666666667,85.63333333333333,5.7,125,0,0.0
2024-11-22T04:00:00.000000+0000,659.5,5.733333333333333,86.09999999999998,6.3,129,48,0.0
2024-11-22T05:00:00.000000+0000,660.2,7.883333333333333,82.64999999999999,6.8,107,259,0.0
2024-11-22T06:00:00.000000+0000,660.8,8.066666666666668,83.93333333333332,6.0,100,273,0.0
2024-11-22T07:00:00.000000+0000,661.0,10.216666666666667,72.4,5.0,95,694,0.0
2024-11-22T08:00:00.000000+0000,661.0,9.799999999999999,83.35,2.5,326,616,0.0
2024-11-22T09:00:00.000000+0000,660.5,8.666666666666666,92.25,2.9,257,240,0.0
2024-11-22T10:00:00.000000+0000,659.6,10.533333333333333,76.31666666666666,5.7,90,523,0.0
2024-11-22T11:00:00.000000+0000,658.8,11.233333333333333,73.73333333333333,7.7,66,566,0.0
2024-11-22T12:00:00.000000+0000,658.2,10.100000000000001,77.81666666666668,8.6,74,468,0.0
2024-11-22T13:00:00.000000+0000,658.2,10.533333333333333,74.65,6.5,70,522,0.0
2024-11-22T14:00:00.000000+0000,658.2,9.483333333333333,78.21666666666665,5.3,76,241,0.0
2024-11-22T15:00:00.000000+0000,658.7,8.700000000000001,81.78333333333333,5.3,92,190,0.0
2024-11-22T16:00:00.000000+0000,659.1,7.0,87.13333333333333,5.5,103,6,0.0
2024-11-22T17:00:00.000000+0000,659.6,6.566666666666666,86.80000000000001,4.0,120,0,0.0
2024-11-22T18:00:00.000000+0000,660.4,6.816666666666667,86.61666666666667,3.4,125,0,0.0
2024-11-22T19:00:00.000000+0000,660.9,6.966666666666666,91.55,4.4,99,0,0.0
2024-11-22T20:00:00.000000+0000,660.8,6.383333333333334,95.11666666666666,5.8,85,0,0.0
2024-11-22T21:00:00.000000+0000,660.5,5.783333333333332,94.48333333333335,6.4,100,0,0.0
2024-11-22T22:00:00.000000+0000,660.1,4.55,86.46666666666665,2.5,103,0,0.0
2024-11-22T23:00:00.000000+0000,659.7,4.366666666666666,81.65,3.6,102,0,0.0
2024-11-23T00:00:00.000000+0000,659.4,3.916666666666666,89.38333333333334,2.2,113,0,0.0
2024-11-23T01:00:00.000000+0000,659.3,4.000000000000001,91.96666666666668,3.9,111,0,0.0
2024-11-23T02:00:00.000000+0000,659.3,3.5,90.98333333333333,6.7,114,0,0.0
2024-11-23T03:00:00.000000+0000,659.7,3.8833333333333333,87.96666666666665,5.9,110,0,0.0
2024-11-23T04:00:00.000000+0000,660.2,4.466666666666668,80.93333333333332,5.2,116,59,0.0
2024-11-23T05:00:00.000000+0000,660.7,7.683333333333334,66.94999999999999,2.7,101,290,0.0
2024-11-23T06:00:00.000000+0000,661.2,9.083333333333334,57.63333333333333,3.2,35,513,0.0
2024-11-23T07:00:00.000000+0000,661.4,9.283333333333333,69.81666666666668,4.3,341,556,0.0
2024-11-23T08:00:00.000000+0000,661.2,8.216666666666667,89.3,4.1,292,442,0.0
2024-11-23T09:00:00.000000+0000,660.8,8.183333333333334,90.73333333333333,4.5,234,272,0.0
2024-11-23T10:00:00.000000+0000,660.4,8.566666666666668,90.40000000000002,5.2,291,445,0.0
2024-11-23T11:00:00.000000+0000,659.9,7.5,93.03333333333335,3.0,297,200,0.0
2024-11-23T12:00:00.000000+0000,659.3,8.633333333333335,89.76666666666667,2.3,355,332,0.0
2024-11-23T13:00:00.000000+0000,659.1,8.533333333333333,92.71666666666665,2.8,331,160,0.0
2024-11-23T14:00:00.000000+0000,659.2,8.383333333333333,95.64999999999999,2.1,360,82,0.0
2024-11-23T15:00:00.000000+0000,659.2,8.166666666666666,87.33333333333333,6.2,99,48,0.0
2024-11-23T16:00:00.000000+0000,659.5,7.233333333333332,89.53333333333332,6.2,120,4,0.0
2024-11-23T17:00:00.000000+0000,660.5,6.916666666666667,93.81666666666666,1.9,188,0,0.3
2024-11-23T18:00:00.000000+0000,660.9,6.566666666666666,84.95,1.7,191,0,0.0
2024-11-23T19:00:00.000000+0000,661.2,5.650000000000001,88.01666666666667,0.9,191,0,0.0
2024-11-23T20:00:00.000000+0000,661.0,4.233333333333333,90.98333333333333,1.4,138,0,0.0
2024-11-23T21:00:00.000000+0000,660.7,4.6499999999999995,87.08333333333333,0.8,74,0,0.0
2024-11-23T22:00:00.000000+0000,660.3,4.266666666666667,88.76666666666665,1.4,211,0,0.0
2024-11-23T23:00:00.000000+0000,660.0,3.899999999999999,92.88333333333333,1.9,205,0,0.0
2024-11-24T00:00:00.000000+0000,659.6,3.5666666666666664,89.65000000000002,1.6,196,0,0.0
2024-11-24T01:00:00.000000+0000,659.5,3.6999999999999997,79.36666666666666,1.5,122,0,0.0
2024-11-24T02:00:00.000000+0000,659.5,3.4999999999999996,78.71666666666665,3.1,105,0,0.0
2024-11-24T03:00:00.000000+0000,659.8,3.8499999999999996,74.31666666666668,3.9,107,0,0.0
2024-11-24T04:00:00.000000+0000,660.0,4.1000000000000005,76.68333333333334,5.4,132,48,0.0
2024-11-24T05:00:00.000000+0000,660.9,8.583333333333334,63.333333333333336,2.4,85,326,0.0
2024-11-24T06:00:00.000000+0000,661.4,7.983333333333333,70.18333333333334,2.3,293,496,0.0
2024-11-24T07:00:00.000000+0000,661.5,7.766666666666667,89.51666666666667,3.3,355,300,0.0
2024-11-24T08:00:00.000000+0000,661.3,7.083333333333333,98.0,3.6,326,91,0.0
2024-11-24T09:00:00.000000+0000,660.8,7.416666666666665,98.66666666666667,3.0,280,259,0.0
2024-11-24T10:00:00.000000+0000,660.2,7.6000000000000005,98.86666666666667,3.5,307,184,2.4
2024-11-24T11:00:00.000000+0000,659.5,6.966666666666668,99.18333333333334,3.7,275,169,2.9
2024-11-24T12:00:00.000000+0000,658.8,7.6000000000000005,99.05000000000001,2.1,267,423,0.1
2024-11-24T13:00:00.000000+0000,658.5,7.6499999999999995,99.03333333333332,2.9,307,138,0.0
2024-11-24T14:00:00.000000+0000,658.8,7.300000000000001,99.2,2.5,58,74,0.5
2024-11-24T15:00:00.000000+0000,658.9,7.116666666666667,99.11666666666667,3.5,85,45,0.0
2024-11-24T16:00:00.000000+0000,659.4,6.833333333333333,98.73333333333333,2.1,85,2,0.0
2024-11-24T17:00:00.000000+0000,660.1,6.733333333333333,98.78333333333335,1.0,90,0,0.0
2024-11-24T18:00:00.000000+0000,660.5,6.6000000000000005,99.0,1.2,323,0,0.0
2024-11-24T19:00:00.000000+0000,660.7,6.699999999999999,98.88333333333334,1.1,119,0,0.0
2024-11-24T20:00:00.000000+0000,660.5,6.416666666666667,98.63333333333333,0.9,104,0,0.0
2024-11-24T21:00:00.000000+0000,660.2,6.466666666666666,98.63333333333333,1.0,180,0,0.1
2024-11-24T22:00:00.000000+0000,659.6,5.733333333333334,97.78333333333332,2.1,213,0,0.0
2024-11-24T23:00:00.000000+0000,659.2,5.416666666666667,95.61666666666667,1.2,216,0,0.0
2024-11-25T00:00:00.000000+0000,659.1,5.483333333333333,96.61666666666666,0.6,239,0,0.0
2024-11-25T01:00:00.000000+0000,659.0,5.183333333333333,97.23333333333333,1.7,212,0,0.0
2024-11-25T02:00:00.000000+0000,659.1,5.449999999999999,96.11666666666667,1.1,202,0,0.0
2024-11-25T03:00:00.000000+0000,659.5,5.733333333333334,94.26666666666667,0.9,171,0,0.0
2024-11-25T04:00:00.000000+0000,659.9,5.816666666666666,93.75,1.5,198,17,0.0
2024-11-25T05:00:00.000000+0000,660.5,6.800000000000001,92.56666666666668,1.0,262,108,0.0
2024-11-25T06:00:00.000000+0000,660.9,6.633333333333334,97.25,2.0,295,141,0.4
2024-11-25T07:00:00.000000+0000,661.0,7.016666666666667,98.55000000000001,1.6,293,301,2.9
2024-11-25T08:00:00.000000+0000,660.7,7.333333333333335,98.76666666666667,3.0,306,219,0.2
2024-11-25T09:00:00.000000+0000,660.3,7.45,99.14999999999999,3.3,293,325,4.3
2024-11-25T10:00:00.000000+0000,659.7,7.3999999999999995,99.2,2.9,4,255,1.3
2024-11-25T11:00:00.000000+0000,659.1,7.616666666666666,99.2,3.6,23,204,2.9
2024-11-25T12:00:00.000000+0000,658.6,7.550000000000001,99.2,3.6,318,205,3.6
2024-11-25T13:00:00.000000+0000,658.4,7.75,99.2,2.1,352,262,1.4
2024-11-25T14:00:00.000000+0000,658.6,7.616666666666667,99.2,1.2,311,118,1.4
2024-11-25T15:00:00.000000+0000,658.6,7.583333333333333,99.2,2.3,332,11,1.9
2024-11-25T16:00:00.000000+0000,659.1,7.366666666666667,99.2,1.1,45,1,0.9
2024-11-25T17:00:00.000000+0000,659.5,7.05,99.2,1.2,311,0,0.0
2024-11-25T18:00:00.000000+0000,660.0,6.833333333333333,99.2,1.1,7,0,0.0
2024-11-25T19:00:00.000000+0000,660.4,6.75,99.2,1.6,50,0,0.0
2024-11-25T20:00:00.000000+0000,660.2,6.633333333333334,99.2,2.8,6,0,1.1
2024-11-25T21:00:00.000000+0000,659.9,6.449999999999999,99.2,3.6,3,0,0.0
2024-11-25T22:00:00.000000+0000,659.4,6.233333333333333,99.2,2.4,14,0,0.0
2024-11-25T23:00:00.000000+0000,659.1,5.966666666666668,99.2,1.3,68,0,0.0
2024-11-26T00:00:00.000000+0000,658.9,5.6000000000000005,99.2,0.6,146,0,0.0
2024-11-26T01:00:00.000000+0000,658.9,5.566666666666666,99.2,0.8,207,0,0.0
2024-11-26T02:00:00.000000+0000,659.1,5.233333333333333,99.2,1.2,108,0,0.0
2024-11-26T03:00:00.000000+0000,659.4,4.55,99.2,1.1,207,0,0.0
2024-11-26T04:00:00.000000+0000,659.7,4.933333333333334,99.2,1.6,203,24,0.0
2024-11-26T05:00:00.000000+0000,660.1,6.5,99.2,0.8,236,152,0.0
2024-11-26T06:00:00.000000+0000,660.4,6.766666666666666,99.2,1.4,329,171,0.0
2024-11-26T07:00:00.000000+0000,660.6,7.716666666666666,99.16666666666669,2.0,351,383,0.0
2024-11-26T08:00:00.000000+0000,660.6,7.5,99.2,2.5,317,165,0.0
2024-11-26T09:00:00.000000+0000,660.2,7.833333333333333,99.2,2.4,300,316,0.0
2024-11-26T10:00:00.000000+0000,659.7,7.833333333333333,99.2,3.0,306,204,0.1
2024-11-26T11:00:00.000000+0000,659.1,7.783333333333332,99.2,3.2,274,112,10.8
2024-11-26T12:00:00.000000+0000,658.7,7.366666666666666,99.2,3.8,314,132,13.2
2024-11-26T13:00:00.000000+0000,658.4,7.266666666666666,99.2,2.1,329,175,0.1
2024-11-26T14:00:00.000000+0000,658.6,6.983333333333334,99.2,1.6,258,132,0.0
2024-11-26T15:00:00.000000+0000,658.9,6.949999999999999,99.14999999999999,1.0,216,39,0.0
2024-11-26T16:00:00.000000+0000,659.1,6.199999999999999,98.3,1.0,141,5,0.0
2024-11-26T17:00:00.000000+0000,659.5,5.416666666666667,98.21666666666665,1.2,60,0,0.0
2024-11-26T18:00:00.000000+0000,660.1,5.616666666666667,98.68333333333332,2.2,119,0,0.0
2024-11-26T19:00:00.000000+0000,660.6,6.716666666666666,91.43333333333334,1.4,95,0,0.0
2024-11-26T20:00:00.000000+0000,660.5,6.3500000000000005,93.65000000000002,2.9,114,0,0.0
2024-11-26T21:00:00.000000+0000,660.3,5.916666666666667,96.78333333333332,2.4,110,0,0.0
2024-11-26T22:00:00.000000+0000,660.0,5.433333333333334,91.2,3.4,131,0,0.0
2024-11-26T23:00:00.000000+0000,659.6,5.966666666666668,91.01666666666667,3.2,104,0,0.0
2024-11-27T00:00:00.000000+0000,659.3,6.466666666666666,90.48333333333333,2.6,80,0,0.0
2024-11-27T01:00:00.000000+0000,659.1,6.283333333333332,92.10000000000001,2.0,96,0,0.0
2024-11-27T02:00:00.000000+0000,659.2,5.833333333333333,93.18333333333334,3.9,107,0,0.0
2024-11-27T03:00:00.000000+0000,659.3,5.1499999999999995,88.88333333333333,2.8,113,0,0.0
2024-11-27T04:00:00.000000+0000,659.6,5.716666666666666,89.96666666666665,3.9,111,12,0.0
2024-11-27T05:00:00.000000+0000,660.1,7.383333333333333,83.56666666666668,2.7,119,211,0.0
2024-11-27T06:00:00.000000+0000,660.6,8.816666666666665,80.56666666666665,3.1,33,424,0.0
2024-11-27T07:00:00.000000+0000,660.8,7.866666666666666,95.19999999999999,3.2,2,278,0.0
2024-11-27T08:00:00.000000+0000,660.9,8.666666666666666,92.86666666666667,4.4,11,332,0.0
2024-11-27T09:00:00.000000+0000,660.4,9.15,95.53333333333335,6.9,3,363,0.0
2024-11-27T10:00:00.000000+0000,659.8,8.65,97.64999999999999,6.8,353,202,0.0
2024-11-27T11:00:00.000000+0000,659.3,8.733333333333333,97.68333333333334,6.7,15,238,0.0
2024-11-27T12:00:00.000000+0000,658.7,9.1,92.36666666666666,7.3,12,209,0.0
2024-11-27T13:00:00.000000+0000,658.5,9.116666666666665,93.25,6.3,9,148,0.0
2024-11-27T14:00:00.000000+0000,658.5,9.15,89.8,5.8,36,145,0.0
2024-11-27T15:00:00.000000+0000,658.9,8.0,86.8,2.2,124,58,0.0
2024-11-27T16:00:00.000000+0000,659.3,6.533333333333334,93.78333333333335,3.1,193,4,0.0
2024-11-27T17:00:00.000000+0000,659.9,5.416666666666667,86.55,2.6,162,0,0.0
2024-11-27T18:00:00.000000+0000,660.8,5.216666666666666,88.31666666666666,2.3,188,0,0.0
2024-11-27T19:00:00.000000+0000,661.4,5.066666666666666,86.63333333333333,1.7,105,0,0.0
2024-11-27T20:00:00.000000+0000,661.5,4.116666666666666,94.45,2.0,135,0,0.0
2024-11-27T21:00:00.000000+0000,661.1,4.133333333333333,91.64999999999999,5.6,120,0,0.0
2024-11-27T22:00:00.000000+0000,660.6,4.483333333333333,84.73333333333333,3.3,111,0,0.0
2024-11-27T23:00:00.000000+0000,659.8,4.6000000000000005,78.71666666666665,4.4,122,0,0.0
2024-11-28T00:00:00.000000+0000,659.3,4.449999999999999,73.8,5.6,120,0,0.0
2024-11-28T01:00:00.000000+0000,659.2,5.033333333333333,81.43333333333334,6.8,128,0,0.0
2024-11-28T02:00:00.000000+0000,659.5,4.883333333333334,72.76666666666667,7.2,129,0,0.0
2024-11-28T03:00:00.000000+0000,659.7,4.7,60.46666666666667,6.7,131,0,0.0
2024-11-28T04:00:00.000000+0000,660.4,5.05,60.599999999999994,5.3,122,29,0.0
2024-11-28T05:00:00.000000+0000,661.0,6.45,77.88333333333334,6.7,115,137,0.0
2024-11-28T06:00:00.000000+0000,661.7,8.016666666666667,76.05,5.8,94,395,0.0
2024-11-28T07:00:00.000000+0000,662.0,8.950000000000001,72.93333333333332,4.9,65,418,0.0
2024-11-28T08:00:00.000000+0000,662.0,8.616666666666667,78.2,3.7,76,283,0.0
2024-11-28T09:00:00.000000+0000,661.6,9.316666666666666,75.51666666666668,3.7,92,299,0.0
2024-11-28T10:00:00.000000+0000,660.8,9.833333333333334,80.86666666666667,2.1,340,420,0.0
2024-11-28T11:00:00.000000+0000,659.9,7.616666666666666,95.85000000000001,4.2,307,176,0.0
2024-11-28T12:00:00.000000+0000,659.5,6.966666666666666,98.76666666666667,2.2,259,136,2.4
2024-11-28T13:00:00.000000+0000,659.0,7.083333333333332,98.95,2.3,289,184,0.0
2024-11-28T14:00:00.000000+0000,659.1,7.75,98.68333333333334,1.8,305,172,0.0
2024-11-28T15:00:00.000000+0000,659.5,7.6499999999999995,98.66666666666667,2.8,309,59,0.0
2024-11-28T16:00:00.000000+0000,660.0,7.250000000000001,99.16666666666667,1.6,315,4,0.4
2024-11-28T17:00:00.000000+0000,660.6,6.883333333333333,99.2,1.3,294,0,0.2
2024-11-28T18:00:00.000000+0000,661.2,6.8,99.2,1.8,98,0,0.0
2024-11-28T19:00:00.000000+0000,661.6,5.366666666666667,98.48333333333333,2.6,118,0,0.0
2024-11-28T20:00:00.000000+0000,661.7,6.1000000000000005,97.75,1.5,84,0,0.0
2024-11-28T21:00:00.000000+0000,661.6,5.95,93.91666666666667,4.6,132,0,0.0
2024-11-28T22:00:00.000000+0000,661.2,5.666666666666667,90.41666666666667,2.0,106,0,0.0
2024-11-28T23:00:00.000000+0000,660.6,5.266666666666667,87.2,4.0,117,0,0.0
2024-11-29T00:00:00.000000+0000,660.1,4.483333333333333,87.83333333333333,2.7,117,0,0.0
2024-11-29T01:00:00.000000+0000,660.1,4.383333333333333,83.96666666666665,1.3,90,0,0.0
2024-11-29T02:00:00.000000+0000,660.2,3.883333333333333,84.43333333333332,1.6,108,0,0.0
2024-11-29T03:00:00.000000+0000,660.6,3.6833333333333336,86.83333333333333,2.9,118,0,0.0
2024-11-29T04:00:00.000000+0000,661.2,4.4,84.3,4.6,116,40,0.0
2024-11-29T05:00:00.000000+0000,661.9,7.383333333333334,73.53333333333335,4.5,101,274,0.0
2024-11-29T06:00:00.000000+0000,662.4,9.299999999999999,64.64999999999999,4.0,58,493,0.0
2024-11-29T07:00:00.000000+0000,662.4,9.116666666666667,78.26666666666667,4.7,1,519,0.0
2024-11-29T08:00:00.000000+0000,662.3,9.266666666666666,84.26666666666667,6.5,12,406,0.0
2024-11-29T09:00:00.000000+0000,661.6,7.866666666666667,95.39999999999999,7.7,19,148,0.3
2024-11-29T10:00:00.000000+0000,661.3,6.599999999999999,98.3,3.7,347,103,11.4
2024-11-29T11:00:00.000000+0000,660.8,6.066666666666666,96.08333333333333,0.8,297,247,4.9
2024-11-29T12:00:00.000000+0000,660.1,7.699999999999999,92.86666666666667,2.7,300,395,0.0
2024-11-29T13:00:00.000000+0000,659.7,7.25,92.8,2.7,254,139,0.0
2024-11-29T14:00:00.000000+0000,659.9,6.6000000000000005,91.48333333333335,2.2,266,90,1.4
2024-11-29T15:00:00.000000+0000,660.4,6.916666666666667,89.51666666666667,1.3,81,89,0.0
2024-11-29T16:00:00.000000+0000,660.8,6.716666666666668,90.88333333333334,3.0,124,3,0.0
2024-11-29T17:00:00.000000+0000,661.3,6.550000000000001,91.45,2.5,156,0,1.1
2024-11-29T18:00:00.000000+0000,661.5,6.533333333333334,89.75,3.9,183,0,0.4
2024-11-29T19:00:00.000000+0000,662.1,5.533333333333334,95.14999999999999,2.6,109,0,0.0
2024-11-29T20:00:00.000000+0000,662.1,5.683333333333334,93.44999999999999,2.0,31,0,0.0
2024-11-29T21:00:00.000000+0000,661.8,5.783333333333334,94.35000000000001,2.4,77,0,0.0
2024-11-29T22:00:00.000000+0000,661.4,5.733333333333334,94.38333333333334,2.1,90,0,0.0
2024-11-29T23:00:00.000000+0000,661.0,5.383333333333333,92.93333333333332,2.1,108,0,0.0
2024-11-30T00:00:00.000000+0000,660.3,4.8,89.71666666666665,2.9,111,0,0.0
2024-11-30T01:00:00.000000+0000,660.1,4.133333333333334,88.75,2.8,112,0,0.0
2024-11-30T02:00:00.000000+0000,660.4,4.2,86.03333333333335,4.1,120,0,0.0
2024-11-30T03:00:00.000000+0000,660.8,5.383333333333333,83.06666666666668,4.5,115,0,0.0
2024-11-30T04:00:00.000000+0000,661.0,4.866666666666667,87.53333333333332,5.5,103,39,0.0
2024-11-30T05:00:00.000000+0000,661.5,7.05,78.55,5.2,113,272,0.0
2024-11-30T06:00:00.000000+0000,662.1,9.316666666666668,69.46666666666665,4.6,75,489,0.0
2024-11-30T07:00:00.000000+0000,662.3,9.799999999999999,73.28333333333333,6.0,65,565,0.0
2024-11-30T08:00:00.000000+0000,662.1,8.616666666666667,80.66666666666667,7.1,54,454,0.0
2024-11-30T09:00:00.000000+0000,661.4,8.199999999999998,84.68333333333334,6.4,77,578,0.0
2024-11-30T10:00:00.000000+0000,660.9,8.016666666666666,90.41666666666667,6.0,66,449,0.0
2024-11-30T11:00:00.000000+0000,660.2,9.299999999999999,82.28333333333335,5.4,119,829,0.0
2024-11-30T12:00:00.000000+0000,659.7,10.933333333333332,67.25,3.8,63,561,0.0
2024-11-30T13:00:00.000000+0000,659.5,8.733333333333334,84.3,5.5,19,134,0.0
2024-11-30T14:00:00.000000+0000,659.4,8.333333333333334,88.05000000000001,5.2,40,156,0.0
2024-11-30T15:00:00.000000+0000,659.8,7.55,89.76666666666667,3.1,86,106,0.0
2024-11-30T16:00:00.000000+0000,660.3,6.416666666666667,88.58333333333333,1.0,198,9,0.0
2024-11-30T17:00:00.000000+0000,660.7,5.766666666666667,91.13333333333334,1.2,127,0,0.0
2024-11-30T18:00:00.000000+0000,661.0,4.6499999999999995,90.21666666666668,2.4,112,0,0.0
2024-11-30T19:00:00.000000+0000,661.2,4.6499999999999995,87.2,2.3,101,0,0.0
2024-11-30T20:00:00.000000+0000,661.4,5.333333333333333,87.7,1.0,309,0,0.0
2024-11-30T21:00:00.000000+0000,661.1,3.6333333333333333,92.21666666666668,1.5,165,0,0.0
2024-11-30T22:00:00.000000+0000,660.8,4.05,90.78333333333335,1.9,107,0,0.0
2024-11-30T23:00:00.000000+0000,660.4,3.9666666666666663,89.88333333333333,2.8,99,0,0.0
2024-12-01T00:00:00.000000+0000,659.8,4.416666666666667,85.86666666666667,2.4,109,0,0.0
2024-12-01T01:00:00.000000+0000,659.6,4.266666666666667,85.98333333333333,2.0,97,0,0.0
2024-12-01T02:00:00.000000+0000,659.7,3.666666666666666,88.23333333333333,2.2,112,0,0.0
2024-12-01T03:00:00.000000+0000,659.9,4.533333333333332,86.48333333333335,3.5,117,0,0.0
2024-12-01T04:00:00.000000+0000,660.2,5.133333333333333,85.68333333333334,5.1,121,49,0.0
2024-12-01T05:00:00.000000+0000,660.7,7.916666666666667,68.53333333333333,4.1,93,274,0.0
2024-12-01T06:00:00.000000+0000,660.8,9.45,57.75,3.7,88,496,0.0
2024-12-01T07:00:00.000000+0000,661.0,9.2,71.15,3.8,351,620,0.0
2024-12-01T08:00:00.000000+0000,660.8,7.983333333333332,85.46666666666665,4.1,283,232,0.0
2024-12-01T09:00:00.000000+0000,660.4,7.849999999999999,80.96666666666667,3.6,73,163,0.0
2024-12-01T10:00:00.000000+0000,659.8,7.666666666666668,84.81666666666666,5.6,69,228,0.0
2024-12-01T11:00:00.000000+0000,659.2,6.216666666666666,95.03333333333332,5.3,70,145,0.0
2024-12-01T12:00:00.000000+0000,658.5,5.866666666666667,96.38333333333334,5.2,64,97,0.0
2024-12-01T13:00:00.000000+0000,658.0,6.216666666666666,93.68333333333332,4.0,92,185,0.0
2024-12-01T14:00:00.000000+0000,658.0,6.466666666666668,96.28333333333335,4.4,85,104,0.0
2024-12-01T15:00:00.000000+0000,658.2,6.483333333333334,94.0,3.6,120,25,0.0
2024-12-01T16:00:00.000000+0000,658.8,6.666666666666667,90.06666666666666,1.8,186,4,0.0
2024-12-01T17:00:00.000000+0000,659.2,6.25,91.41666666666667,1.8,228,0,0.0
2024-12-01T18:00:00.000000+0000,659.6,6.449999999999999,90.43333333333334,2.5,175,0,0.0
2024-12-01T19:00:00.000000+0000,659.7,6.55,89.08333333333333,2.0,117,0,0.0
2024-12-01T20:00:00.000000+0000,659.9,5.2,90.63333333333333,1.1,77,0,0.0
2024-12-01T21:00:00.000000+0000,659.8,4.3500000000000005,92.08333333333336,2.4,114,0,0.0
2024-12-01T22:00:00.000000+0000,659.4,4.266666666666667,87.5,2.1,123,0,0.0
2024-12-01T23:00:00.000000+0000,658.8,4.4,87.16666666666667,3.6,97,0,0.0
2024-12-02T00:00:00.000000+0000,658.3,4.1499999999999995,89.38333333333333,4.1,100,0,0.0
2024-12-02T01:00:00.000000+0000,658.1,4.066666666666666,87.56666666666668,3.6,104,0,0.0
2024-12-02T02:00:00.000000+0000,658.0,4.3,83.75,4.6,111,0,0.0
2024-12-02T03:00:00.000000+0000,658.5,4.433333333333334,82.88333333333334,4.0,108,0,0.0
2024-12-02T04:00:00.000000+0000,658.7,4.3,83.33333333333333,5.8,118,39,0.0
2024-12-02T05:00:00.000000+0000,659.3,6.183333333333334,74.5,4.8,60,268,0.0
2024-12-02T06:00:00.000000+0000,660.0,7.6000000000000005,66.85,6.3,61,489,0.0
2024-12-02T07:00:00.000000+0000,660.2,8.825,61.89999999999999,7.3,39,665,0.0
2024-12-02T17:00:00.000000+0000,,,,,,0,
2024-12-02T18:00:00.000000+0000,,,,,,0,
2024-12-02T19:00:00.000000+0000,,,,,,0,
2024-12-02T20:00:00.000000+0000,,,,,,0,
2024-12-02T21:00:00.000000+0000,,,,,,0,
2024-12-02T22:00:00.000000+0000,,,,,,0,
2024-12-02T23:00:00.000000+0000,,,,,,0,
2024-12-03T00:00:00.000000+0000,,,,,,0,
2024-12-03T01:00:00.000000+0000,,,,,,0,
2024-12-03T02:00:00.000000+0000,,,,,,0,
2024-12-03T03:00:00.000000+0000,,,,,,0,
2024-12-03T10:00:00.000000+0000,659.5,11.1,53.61666666666667,5.4,20,975,0.0
2024-12-03T11:00:00.000000+0000,659.0,9.733333333333333,65.95,7.2,20,549,0.0
2024-12-03T12:00:00.000000+0000,658.6,7.683333333333333,83.46666666666665,5.7,28,260,0.0
2024-12-03T13:00:00.000000+0000,658.3,6.183333333333333,91.86666666666667,6.0,29,94,0.0
2024-12-03T14:00:00.000000+0000,658.1,5.383333333333333,96.96666666666665,5.4,33,44,0.0
2024-12-03T15:00:00.000000+0000,658.1,5.783333333333332,94.91666666666667,5.0,48,72,0.0
2024-12-03T16:00:00.000000+0000,658.5,4.65,95.91666666666667,3.3,82,5,0.0
2024-12-03T17:00:00.000000+0000,658.8,3.983333333333333,91.31666666666666,2.3,214,0,0.0
2024-12-03T18:00:00.000000+0000,659.5,3.783333333333333,88.63333333333333,3.1,207,0,0.0
2024-12-03T19:00:00.000000+0000,659.9,3.3166666666666664,87.68333333333334,3.2,210,0,0.0
2024-12-03T20:00:00.000000+0000,659.9,3.6833333333333336,89.30000000000001,3.8,197,0,0.0
2024-12-03T21:00:00.000000+0000,659.8,2.933333333333333,89.93333333333334,2.3,175,0,0.0
2024-12-03T22:00:00.000000+0000,659.5,2.7000000000000006,91.55000000000001,0.7,90,0,0.0
2024-12-03T23:00:00.000000+0000,659.0,2.0166666666666666,91.16666666666667,2.7,112,0,0.0
2024-12-04T00:00:00.000000+0000,658.8,3.1666666666666665,91.25,2.6,111,0,0.0
2024-12-04T01:00:00.000000+0000,658.8,3.533333333333333,93.64999999999999,2.6,124,0,0.0
2024-12-04T02:00:00.000000+0000,658.6,2.5666666666666664,92.11666666666667,3.7,96,0,0.0
2024-12-04T03:00:00.000000+0000,658.7,1.8166666666666667,87.66666666666667,5.2,109,0,0.0
2024-12-04T04:00:00.000000+0000,659.0,3.2166666666666663,68.38333333333334,5.7,146,37,0.0
2024-12-04T05:00:00.000000+0000,659.4,4.8999999999999995,79.39999999999999,7.5,121,269,0.0
2024-12-04T06:00:00.000000+0000,659.8,7.083333333333333,66.21666666666667,7.8,108,490,0.0
2024-12-04T07:00:00.000000+0000,660.0,9.35,56.71666666666667,7.1,58,692,0.0
2024-12-04T08:00:00.000000+0000,660.0,9.033333333333333,56.650000000000006,8.7,30,820,0.0
2024-12-04T09:00:00.000000+0000,659.7,9.1,54.38333333333333,9.6,39,983,0.0
2024-12-04T10:00:00.000000+0000,659.3,9.516666666666667,59.949999999999996,9.2,32,997,0.0
2024-12-04T11:00:00.000000+0000,659.1,9.5,62.449999999999996,5.8,22,964,0.0
2024-12-04T12:00:00.000000+0000,658.6,9.266666666666666,71.31666666666666,5.9,36,512,0.0
2024-12-04T13:00:00.000000+0000,658.3,7.133333333333334,85.55,5.8,29,177,0.0
2024-12-04T14:00:00.000000+0000,658.3,7.483333333333334,84.98333333333333,3.8,58,229,0.0
2024-12-04T15:00:00.000000+0000,658.4,6.566666666666666,89.08333333333333,4.1,27,109,0.0
2024-12-04T16:00:00.000000+0000,658.7,5.666666666666667,90.31666666666666,2.6,126,9,0.0
2024-12-04T17:00:00.000000+0000,659.3,4.116666666666667,91.93333333333334,3.3,183,0,0.0
2024-12-04T18:00:00.000000+0000,659.8,4.05,85.8,1.0,135,0,0.0
2024-12-04T19:00:00.000000+0000,660.3,3.5833333333333335,86.83333333333333,0.7,171,0,0.0
2024-12-04T20:00:00.000000+0000,660.2,3.0333333333333337,86.26666666666665,2.0,120,0,0.0
2024-12-04T21:00:00.000000+0000,660.1,3.183333333333333,85.64999999999999,4.3,122,0,0.0
2024-12-04T22:00:00.000000+0000,659.8,3.0666666666666664,83.93333333333334,5.5,126,0,0.0
2024-12-04T23:00:00.000000+0000,659.2,3.516666666666667,81.06666666666668,6.5,125,0,0.0
2024-12-05T00:00:00.000000+0000,658.9,3.1333333333333333,78.08333333333333,5.7,121,0,0.0
2024-12-05T01:00:00.000000+0000,658.8,2.8333333333333335,76.64999999999999,5.6,109,0,0.0
2024-12-05T02:00:00.000000+0000,658.7,3.383333333333333,74.45,7.3,124,0,0.0
2024-12-05T03:00:00.000000+0000,659.1,4.283333333333333,73.83333333333333,6.8,127,0,0.0
2024-12-05T04:00:00.000000+0000,659.6,4.833333333333334,69.91666666666666,5.6,139,18,0.0
2024-12-05T05:00:00.000000+0000,659.9,5.849999999999999,69.85000000000001,4.9,132,95,0.0
2024-12-05T06:00:00.000000+0000,660.3,7.499999999999999,62.26666666666667,5.6,124,265,0.0
2024-12-05T07:00:00.000000+0000,660.8,8.633333333333333,65.81666666666666,4.5,286,657,0.0
2024-12-05T08:00:00.000000+0000,660.7,8.433333333333335,69.41666666666667,5.2,16,473,0.0
2024-12-05T09:00:00.000000+0000,660.4,8.166666666666666,76.2,5.5,8,468,0.0
2024-12-05T10:00:00.000000+0000,659.8,7.533333333333332,81.10000000000001,4.4,360,362,0.0
2024-12-05T11:00:00.000000+0000,659.4,7.733333333333333,82.41666666666667,4.9,15,296,0.0
2024-12-05T12:00:00.000000+0000,659.0,6.550000000000001,91.0,5.1,5,82,0.0
2024-12-05T13:00:00.000000+0000,658.8,6.233333333333333,90.55,3.5,27,83,0.0
2024-12-05T14:00:00.000000+0000,658.8,6.933333333333334,89.76666666666667,3.2,71,114,0.0
2024-12-05T15:00:00.000000+0000,658.9,7.766666666666667,85.09999999999998,2.5,360,130,0.0
2024-12-05T16:00:00.000000+0000,659.1,5.550000000000001,90.93333333333334,1.5,121,15,0.0
2024-12-05T17:00:00.000000+0000,659.3,3.5,79.41666666666667,2.3,149,0,0.0
2024-12-05T18:00:00.000000+0000,659.6,3.6999999999999997,56.35,4.6,139,0,0.0
2024-12-05T19:00:00.000000+0000,660.2,3.716666666666667,56.133333333333326,2.0,119,0,0.0
2024-12-05T20:00:00.000000+0000,660.1,4.0,59.38333333333333,4.8,108,0,0.0
2024-12-05T21:00:00.000000+0000,659.7,5.05,58.65,7.1,130,0,0.0
2024-12-05T22:00:00.000000+0000,659.5,4.783333333333333,59.666666666666664,4.0,88,0,0.0
2024-12-05T23:00:00.000000+0000,659.2,2.8333333333333335,82.26666666666667,1.5,105,0,0.0
2024-12-06T00:00:00.000000+0000,659.0,2.9499999999999997,91.88333333333333,3.0,100,0,0.0
2024-12-06T01:00:00.000000+0000,658.8,3.1333333333333333,90.0,4.9,112,0,0.0
2024-12-06T02:00:00.000000+0000,659.0,2.75,87.53333333333332,5.8,102,0,0.0
2024-12-06T03:00:00.000000+0000,659.1,2.0500000000000003,80.75,6.3,117,0,0.0
2024-12-06T04:00:00.000000+0000,659.4,2.183333333333333,75.25,6.8,123,34,0.0
2024-12-06T05:00:00.000000+0000,659.9,5.199999999999999,67.03333333333333,6.1,85,263,0.0
2024-12-06T06:00:00.000000+0000,660.3,7.45,65.25,7.1,63,485,0.0
2024-12-06T07:00:00.000000+0000,660.4,9.516666666666666,59.416666666666664,7.7,55,690,0.0
2024-12-06T08:00:00.000000+0000,660.3,10.183333333333334,62.666666666666664,8.2,31,856,0.0
2024-12-06T09:00:00.000000+0000,660.3,8.766666666666667,76.21666666666665,6.0,344,488,0.0
2024-12-06T10:00:00.000000+0000,659.9,6.8999999999999995,87.26666666666665,3.5,3,278,0.0
2024-12-06T11:00:00.000000+0000,659.5,7.433333333333333,84.6,4.1,351,238,0.0
2024-12-06T12:00:00.000000+0000,658.8,7.783333333333334,87.10000000000001,5.0,7,289,0.0
2024-12-06T13:00:00.000000+0000,658.5,8.549999999999999,80.73333333333333,6.1,21,388,0.0
2024-12-06T14:00:00.000000+0000,658.6,7.766666666666667,85.96666666666665,5.8,11,213,0.0
2024-12-06T15:00:00.000000+0000,658.7,7.2,80.35000000000001,4.3,55,196,0.0
2024-12-06T16:00:00.000000+0000,658.7,4.433333333333333,45.366666666666674,6.0,121,20,0.0
2024-12-06T17:00:00.000000+0000,659.1,4.166666666666667,17.48333333333333,6.2,123,0,0.0
2024-12-06T18:00:00.000000+0000,659.6,5.466666666666668,10.466666666666667,7.5,129,0,0.0
2024-12-06T19:00:00.000000+0000,659.9,5.283333333333333,10.716666666666669,7.5,134,0,0.0
2024-12-06T20:00:00.000000+0000,660.0,4.983333333333333,10.950000000000001,4.4,141,0,0.0
2024-12-06T21:00:00.000000+0000,660.0,3.3833333333333333,15.816666666666668,5.5,108,0,0.0
2024-12-06T22:00:00.000000+0000,659.6,2.7000000000000006,25.88333333333333,5.7,112,0,0.0
2024-12-06T23:00:00.000000+0000,658.9,2.1,33.4,4.8,113,0,0.0
2024-12-07T00:00:00.000000+0000,658.6,1.1333333333333335,47.11666666666667,4.1,113,0,0.0
2024-12-07T01:00:00.000000+0000,658.6,0.7000000000000001,67.13333333333334,3.5,117,0,0.0
2024-12-07T02:00:00.000000+0000,658.5,0.46666666666666673,59.199999999999996,7.4,117,0,0.0
2024-12-07T03:00:00.000000+0000,658.8,1.5999999999999999,30.53333333333333,8.3,122,0,0.0
2024-12-07T04:00:00.000000+0000,659.3,2.1166666666666667,41.6,9.5,110,33,0.0
2024-12-07T05:00:00.000000+0000,660.0,4.25,40.96666666666667,10.5,101,266,0.0
2024-12-07T06:00:00.000000+0000,660.5,6.116666666666667,37.800000000000004,9.8,88,489,0.0
2024-12-07T07:00:00.000000+0000,660.6,7.966666666666666,36.766666666666666,7.9,83,694,0.0
2024-12-07T08:00:00.000000+0000,660.6,9.183333333333332,35.833333333333336,8.1,84,858,0.0
2024-12-07T09:00:00.000000+0000,660.2,11.316666666666668,37.98333333333333,6.2,92,962,0.0
2024-12-07T10:00:00.000000+0000,660.0,11.416666666666666,47.11666666666667,5.9,10,1015,0.0
2024-12-07T11:00:00.000000+0000,660.0,9.9,59.44999999999999,6.6,347,725,0.0
2024-12-07T12:00:00.000000+0000,659.7,8.866666666666665,68.55,6.2,7,500,0.0
2024-12-07T13:00:00.000000+0000,659.6,6.733333333333333,79.53333333333335,4.7,9,180,0.0
2024-12-07T14:00:00.000000+0000,659.6,6.516666666666667,82.09999999999998,4.2,23,146,0.0
2024-12-07T15:00:00.000000+0000,659.7,6.25,84.48333333333333,4.6,63,135,0.0
2024-12-07T16:00:00.000000+0000,659.8,4.566666666666666,85.25,4.1,136,22,0.0
2024-12-07T17:00:00.000000+0000,660.1,3.8666666666666667,85.28333333333335,1.8,225,0,0.0
2024-12-07T18:00:00.000000+0000,660.5,3.5333333333333337,80.2,2.7,242,0,0.0
2024-12-07T19:00:00.000000+0000,660.7,3.1500000000000004,80.21666666666665,2.4,232,0,0.0
2024-12-07T20:00:00.000000+0000,660.7,2.3833333333333333,85.41666666666667,1.7,215,0,0.0
2024-12-07T21:00:00.000000+0000,660.6,1.8833333333333337,89.85000000000001,1.6,194,0,0.0
2024-12-07T22:00:00.000000+0000,660.5,1.8500000000000003,91.23333333333333,1.0,120,0,0.0
2024-12-07T23:00:00.000000+0000,660.2,2.6999999999999997,89.85000000000001,1.5,138,0,0.0
2024-12-08T00:00:00.000000+0000,659.6,1.4833333333333334,90.14999999999999,0.9,135,0,0.0
2024-12-08T01:00:00.000000+0000,659.5,0.9833333333333333,90.30000000000001,1.5,153,0,0.0
2024-12-08T02:00:00.000000+0000,659.7,0.5333333333333333,91.56666666666668,1.4,135,0,0.0
2024-12-08T03:00:00.000000+0000,659.9,0.7333333333333334,90.89999999999999,2.3,114,0,0.0
2024-12-08T04:00:00.000000+0000,660.2,0.8833333333333333,78.41666666666667,3.3,121,32,0.0
2024-12-08T05:00:00.000000+0000,660.6,4.499999999999999,69.08333333333333,4.5,114,263,0.0
2024-12-08T06:00:00.000000+0000,661.2,7.95,54.06666666666667,4.3,114,486,0.0
2024-12-08T07:00:00.000000+0000,661.3,9.016666666666667,56.21666666666667,7.9,69,689,0.0
2024-12-08T08:00:00.000000+0000,661.2,10.799999999999999,45.166666666666664,7.4,70,852,0.0
2024-12-08T09:00:00.000000+0000,661.0,10.700000000000001,52.0,5.6,13,827,0.0
2024-12-08T10:00:00.000000+0000,660.6,8.816666666666668,71.15,7.0,342,377,0.0
2024-12-08T11:00:00.000000+0000,660.1,7.133333333333334,81.63333333333334,5.1,14,146,0.0
2024-12-08T12:00:00.000000+0000,659.7,5.866666666666667,90.16666666666667,3.8,346,51,1.3
2024-12-08T13:00:00.000000+0000,659.6,5.316666666666666,97.53333333333332,3.7,33,66,6.5
2024-12-08T14:00:00.000000+0000,659.5,5.550000000000001,98.16666666666667,4.0,57,49,0.0
2024-12-08T15:00:00.000000+0000,659.6,5.566666666666667,97.2,4.0,72,46,0.0
2024-12-08T16:00:00.000000+0000,659.7,4.733333333333333,88.64999999999999,4.0,161,8,0.0
2024-12-08T17:00:00.000000+0000,660.3,3.866666666666666,87.40000000000002,2.4,146,0,0.0
2024-12-08T18:00:00.000000+0000,660.5,3.8499999999999996,82.01666666666667,1.5,180,0,0.0
2024-12-08T19:00:00.000000+0000,660.7,3.5,73.55,1.4,146,0,0.0
2024-12-08T20:00:00.000000+0000,660.6,2.9499999999999997,72.2,1.7,130,0,0.0
2024-12-08T21:00:00.000000+0000,660.3,2.016666666666667,81.75,1.6,141,0,0.0
2024-12-08T22:00:00.000000+0000,659.9,2.433333333333333,74.48333333333333,1.9,119,0,0.0
2024-12-08T23:00:00.000000+0000,659.5,2.1666666666666665,89.11666666666667,1.4,167,0,0.0
2024-12-09T00:00:00.000000+0000,659.2,1.15,86.11666666666667,4.1,139,0,0.0
2024-12-09T01:00:00.000000+0000,659.1,2.033333333333333,88.23333333333333,7.3,134,0,0.0
2024-12-09T02:00:00.000000+0000,659.0,2.4833333333333334,87.21666666666665,7.7,139,0,0.0
2024-12-09T03:00:00.000000+0000,659.1,2.533333333333333,83.8,10.9,140,0,0.0
2024-12-09T04:00:00.000000+0000,659.5,3.4166666666666665,64.23333333333333,9.9,151,31,0.0
2024-12-09T05:00:00.000000+0000,660.1,6.366666666666667,49.96666666666667,7.5,127,261,0.0
2024-12-09T06:00:00.000000+0000,660.6,9.233333333333334,50.849999999999994,6.5,98,483,0.0
2024-12-09T07:00:00.000000+0000,660.9,8.733333333333333,75.28333333333333,4.0,360,663,0.0
2024-12-09T08:00:00.000000+0000,660.6,6.733333333333333,96.83333333333333,3.7,278,261,0.0
2024-12-09T09:00:00.000000+0000,660.4,6.916666666666667,97.86666666666667,4.5,284,221,0.0
2024-12-09T10:00:00.000000+0000,659.9,6.866666666666666,98.51666666666667,2.9,274,185,0.0
2024-12-09T11:00:00.000000+0000,659.5,6.8,98.95,3.6,272,123,0.0
2024-12-09T12:00:00.000000+0000,659.1,6.933333333333333,98.69999999999999,3.3,267,120,0.0
2024-12-09T13:00:00.000000+0000,659.2,7.833333333333333,96.68333333333334,1.9,337,192,0.0
2024-12-09T14:00:00.000000+0000,659.2,8.45,90.25,3.8,307,196,0.0
2024-12-09T15:00:00.000000+0000,659.6,7.2,98.0,2.3,292,43,0.0
2024-12-09T16:00:00.000000+0000,660.0,6.633333333333333,97.93333333333334,2.5,208,3,0.0
2024-12-09T17:00:00.000000+0000,660.4,5.75,97.48333333333333,1.1,196,0,0.0
2024-12-09T18:00:00.000000+0000,660.8,6.05,92.30000000000001,1.8,106,0,0.0
2024-12-09T19:00:00.000000+0000,661.2,6.066666666666667,91.31666666666666,3.7,109,0,0.0
2024-12-09T20:00:00.000000+0000,661.0,6.033333333333332,89.75,4.7,132,0,0.0
2024-12-09T21:00:00.000000+0000,660.6,6.0,86.03333333333335,6.2,134,0,0.0
2024-12-09T22:00:00.000000+0000,660.2,6.183333333333334,78.89999999999999,6.0,128,0,0.0
2024-12-09T23:00:00.000000+0000,659.5,5.3500000000000005,74.56666666666666,5.5,126,0,0.0
2024-12-10T00:00:00.000000+0000,659.1,4.716666666666666,74.96666666666665,6.3,133,0,0.0
2024-12-10T01:00:00.000000+0000,659.0,4.6499999999999995,74.43333333333334,7.5,139,0,0.0
2024-12-10T02:00:00.000000+0000,659.2,4.383333333333334,75.89999999999999,7.2,136,0,0.0
2024-12-10T03:00:00.000000+0000,659.5,4.233333333333333,78.39999999999999,7.2,130,0,0.0
2024-12-10T04:00:00.000000+0000,659.6,4.333333333333333,82.08333333333334,8.3,132,30,0.0
2024-12-10T05:00:00.000000+0000,660.1,6.3500000000000005,72.46666666666667,8.1,113,261,0.0
2024-12-10T06:00:00.000000+0000,660.6,7.233333333333333,74.73333333333333,9.1,117,490,0.0
2024-12-10T07:00:00.000000+0000,660.9,9.016666666666666,69.81666666666668,6.5,95,700,0.0
2024-12-10T08:00:00.000000+0000,661.0,10.483333333333334,64.16666666666667,6.5,60,891,0.0
2024-12-10T09:00:00.000000+0000,660.5,10.383333333333333,65.43333333333334,7.7,35,565,0.0
2024-12-10T10:00:00.000000+0000,660.0,9.766666666666666,72.05000000000001,7.3,31,344,0.0
2024-12-10T11:00:00.000000+0000,659.4,8.816666666666665,79.46666666666665,7.7,27,243,0.0
2024-12-10T12:00:00.000000+0000,658.9,8.200000000000001,83.16666666666666,7.0,28,175,0.0
2024-12-10T13:00:00.000000+0000,658.6,9.133333333333333,80.7,6.7,32,278,0.0
2024-12-10T14:00:00.000000+0000,658.5,9.75,79.66666666666667,5.6,50,384,0.0
2024-12-10T15:00:00.000000+0000,658.8,7.699999999999999,91.23333333333333,1.6,180,73,0.0
2024-12-10T16:00:00.000000+0000,659.1,6.266666666666666,89.85000000000001,2.2,185,12,0.0
2024-12-10T17:00:00.000000+0000,659.7,5.0,87.58333333333333,1.9,180,0,0.0
2024-12-10T18:00:00.000000+0000,660.1,4.3500000000000005,67.23333333333333,2.0,112,0,0.0
2024-12-10T19:00:00.000000+0000,660.4,4.566666666666666,66.5,4.8,116,0,0.0
2024-12-10T20:00:00.000000+0000,660.2,5.249999999999999,59.71666666666667,7.0,125,0,0.0
2024-12-10T21:00:00.000000+0000,659.8,5.599999999999999,56.48333333333333,7.5,128,0,0.0
2024-12-10T22:00:00.000000+0000,659.4,5.766666666666667,55.0,6.6,123,0,0.0
2024-12-10T23:00:00.000000+0000,659.0,5.05,55.716666666666676,5.5,119,0,0.0
2024-12-11T00:00:00.000000+0000,658.4,5.433333333333334,53.11666666666667,7.1,124,0,0.0
2024-12-11T01:00:00.000000+0000,658.3,5.216666666666666,55.599999999999994,6.7,123,0,0.0
2024-12-11T02:00:00.000000+0000,658.5,5.1000000000000005,59.083333333333336,7.3,123,0,0.0
2024-12-11T03:00:00.000000+0000,658.6,4.966666666666666,63.23333333333333,9.3,127,0,0.0
2024-12-11T04:00:00.000000+0000,658.8,5.0,64.26666666666667,9.8,129,29,0.0
2024-12-11T05:00:00.000000+0000,659.5,7.383333333333333,56.85,10.7,122,257,0.0
2024-12-11T06:00:00.000000+0000,660.1,9.583333333333334,49.416666666666664,9.6,114,478,0.0
2024-12-11T07:00:00.000000+0000,660.6,10.9,47.61666666666667,8.0,109,683,0.0
2024-12-11T08:00:00.000000+0000,660.6,9.749999999999998,70.91666666666667,6.2,258,663,0.0
2024-12-11T09:00:00.000000+0000,660.2,8.450000000000001,82.08333333333333,6.5,251,423,0.0
2024-12-11T10:00:00.000000+0000,659.8,8.75,80.46666666666667,6.5,247,346,0.0
2024-12-11T11:00:00.000000+0000,659.4,8.9,80.26666666666667,6.7,250,381,0.0
2024-12-11T12:00:00.000000+0000,658.8,9.416666666666666,81.01666666666667,4.5,252,490,0.0
2024-12-11T13:00:00.000000+0000,658.1,8.016666666666667,94.26666666666665,7.4,2,153,0.0
2024-12-11T14:00:00.000000+0000,658.1,7.366666666666666,97.91666666666667,4.5,13,64,0.0
2024-12-11T15:00:00.000000+0000,658.5,7.533333333333334,95.48333333333333,2.1,31,77,0.0
2024-12-11T16:00:00.000000+0000,658.7,6.633333333333334,89.51666666666667,2.8,216,18,0.0
2024-12-11T17:00:00.000000+0000,658.9,4.85,89.51666666666667,2.9,151,0,0.0
2024-12-11T18:00:00.000000+0000,659.6,4.633333333333334,88.75,1.3,112,0,0.0
2024-12-11T19:00:00.000000+0000,659.9,4.2,92.69999999999999,1.5,104,0,0.0
2024-12-11T20:00:00.000000+0000,660.1,4.716666666666667,96.63333333333333,1.4,188,0,0.0
2024-12-11T21:00:00.000000+0000,659.9,4.333333333333333,93.71666666666668,1.5,219,0,0.0
2024-12-11T22:00:00.000000+0000,659.5,4.533333333333333,92.61666666666667,2.3,178,0,0.0
2024-12-11T23:00:00.000000+0000,658.7,3.1166666666666667,91.48333333333333,3.4,175,0,0.0
2024-12-12T00:00:00.000000+0000,658.3,3.4166666666666665,89.41666666666667,1.6,219,0,0.0
2024-12-12T01:00:00.000000+0000,658.0,2.733333333333333,91.5,1.3,207,0,0.0
2024-12-12T02:00:00.000000+0000,658.3,3.1999999999999997,92.63333333333333,1.2,236,0,0.0
2024-12-12T03:00:00.000000+0000,658.6,2.75,94.36666666666666,1.9,169,0,0.0
2024-12-12T04:00:00.000000+0000,659.0,2.533333333333333,77.35000000000001,4.2,113,27,0.0
2024-12-12T05:00:00.000000+0000,659.9,6.466666666666666,72.93333333333332,4.9,70,253,0.0
2024-12-12T06:00:00.000000+0000,660.2,8.333333333333334,72.81666666666668,6.6,46,473,0.0
2024-12-12T07:00:00.000000+0000,660.4,9.966666666666667,61.51666666666667,6.6,65,680,0.0
2024-12-12T08:00:00.000000+0000,660.6,10.35,53.68333333333333,5.5,29,801,0.0
2024-12-12T09:00:00.000000+0000,660.2,10.4,58.96666666666667,6.9,326,853,0.0
2024-12-12T10:00:00.000000+0000,659.7,9.783333333333333,68.66666666666667,4.8,320,782,0.0
2024-12-12T11:00:00.000000+0000,659.1,8.799999999999999,76.3,5.7,322,433,0.0
2024-12-12T12:00:00.000000+0000,658.5,7.766666666666666,85.94999999999999,6.1,11,172,0.0
2024-12-12T13:00:00.000000+0000,658.2,6.966666666666668,93.85000000000001,4.5,12,92,0.0
2024-12-12T14:00:00.000000+0000,658.3,6.616666666666666,97.55000000000001,2.7,2,53,0.0
2024-12-12T15:00:00.000000+0000,658.5,6.683333333333334,98.41666666666667,1.8,20,43,0.0
2024-12-12T16:00:00.000000+0000,658.8,6.316666666666666,98.56666666666666,1.9,236,5,0.0
2024-12-12T17:00:00.000000+0000,659.3,4.633333333333334,93.73333333333333,1.9,204,0,0.0
2024-12-12T18:00:00.000000+0000,659.7,5.05,63.616666666666674,5.5,111,0,0.0
2024-12-12T19:00:00.000000+0000,660.1,6.016666666666667,53.76666666666667,6.7,120,0,0.0
2024-12-12T20:00:00.000000+0000,659.9,5.833333333333333,46.71666666666666,7.3,125,0,0.0
2024-12-12T21:00:00.000000+0000,659.6,6.266666666666667,44.21666666666667,7.7,130,0,0.0
2024-12-12T22:00:00.000000+0000,659.3,5.783333333333332,42.76666666666667,7.5,127,0,0.0
2024-12-12T23:00:00.000000+0000,658.8,4.966666666666666,45.38333333333333,6.6,119,0,0.0
2024-12-13T00:00:00.000000+0000,658.4,4.616666666666667,49.13333333333333,6.2,112,0,0.0
2024-12-13T01:00:00.000000+0000,658.1,4.766666666666667,53.31666666666666,6.0,107,0,0.0
2024-12-13T02:00:00.000000+0000,658.5,3.2833333333333337,68.85000000000001,3.8,106,0,0.0
2024-12-13T03:00:00.000000+0000,658.7,3.5833333333333326,66.76666666666667,4.1,110,0,0.0
2024-12-13T04:00:00.000000+0000,659.0,4.1499999999999995,68.3,4.9,106,26,0.0
2024-12-13T05:00:00.000000+0000,659.4,7.366666666666666,54.81666666666666,6.6,57,253,0.0
2024-12-13T06:00:00.000000+0000,659.8,9.5,56.48333333333334,7.4,51,474,0.0
2024-12-13T07:00:00.000000+0000,660.3,9.549999999999999,70.48333333333333,6.4,11,678,0.0
2024-12-13T08:00:00.000000+0000,660.5,9.3,80.85,4.0,344,557,0.0
2024-12-13T09:00:00.000000+0000,660.1,8.0,87.61666666666667,3.4,351,292,0.0
2024-12-13T10:00:00.000000+0000,659.7,7.483333333333333,89.61666666666666,3.9,357,230,0.0
2024-12-13T11:00:00.000000+0000,659.4,6.866666666666666,92.05000000000001,3.1,360,130,0.0
2024-12-13T12:00:00.000000+0000,659.1,6.3500000000000005,95.48333333333333,2.4,323,92,0.0
2024-12-13T13:00:00.000000+0000,658.8,6.316666666666667,97.18333333333334,2.6,13,74,0.0
2024-12-13T14:00:00.000000+0000,658.9,6.133333333333333,96.96666666666665,2.6,26,45,0.0
2024-12-13T15:00:00.000000+0000,659.1,6.6000000000000005,94.7,1.5,105,55,0.0
2024-12-13T16:00:00.000000+0000,659.4,5.866666666666667,91.61666666666666,2.1,233,15,0.0
2024-12-13T17:00:00.000000+0000,659.9,5.083333333333333,89.13333333333334,2.5,213,0,0.0
2024-12-13T18:00:00.000000+0000,660.4,5.1000000000000005,82.61666666666667,2.1,225,0,0.0
2024-12-13T19:00:00.000000+0000,660.9,5.016666666666667,79.98333333333333,3.0,233,0,0.0
2024-12-13T20:00:00.000000+0000,660.8,4.55,76.13333333333333,1.4,191,0,0.0
2024-12-13T21:00:00.000000+0000,660.6,4.3999999999999995,69.9,3.6,123,0,0.0
2024-12-13T22:00:00.000000+0000,660.1,5.133333333333334,63.86666666666665,6.7,127,0,0.0
2024-12-13T23:00:00.000000+0000,659.6,5.166666666666666,67.43333333333334,7.4,122,0,0.0
2024-12-14T00:00:00.000000+0000,659.1,4.800000000000001,73.5,7.0,122,0,0.0
2024-12-14T01:00:00.000000+0000,658.8,4.416666666666667,80.35,7.1,122,0,0.0
2024-12-14T02:00:00.000000+0000,658.9,4.35,75.2,7.0,120,0,0.0
2024-12-14T03:00:00.000000+0000,659.2,3.65,73.5,6.6,110,0,0.0
2024-12-14T04:00:00.000000+0000,659.5,3.516666666666667,75.46666666666667,4.3,109,25,0.0
2024-12-14T05:00:00.000000+0000,660.3,5.666666666666667,85.5,2.4,82,204,0.0
2024-12-14T06:00:00.000000+0000,660.7,7.116666666666667,85.85000000000001,3.2,2,400,0.0
2024-12-14T07:00:00.000000+0000,660.9,7.900000000000001,83.26666666666667,3.6,8,481,0.0
2024-12-14T08:00:00.000000+0000,660.9,8.35,80.08333333333333,4.3,9,424,0.0
2024-12-14T09:00:00.000000+0000,660.7,7.566666666666667,85.73333333333333,2.7,6,217,0.0
2024-12-14T10:00:00.000000+0000,660.3,8.700000000000001,79.10000000000001,4.1,6,415,0.0
2024-12-14T11:00:00.000000+0000,659.9,7.666666666666667,84.91666666666667,3.1,348,115,0.0
2024-12-14T12:00:00.000000+0000,659.4,7.183333333333334,89.61666666666667,2.2,11,69,0.0
2024-12-14T13:00:00.000000+0000,659.4,7.883333333333334,86.08333333333333,1.0,27,154,0.0
2024-12-14T14:00:00.000000+0000,659.5,8.716666666666667,84.60000000000001,1.7,20,132,0.0
2024-12-14T15:00:00.000000+0000,659.6,8.4,90.93333333333334,1.7,49,97,0.0
2024-12-14T16:00:00.000000+0000,659.9,7.600000000000001,80.98333333333333,2.5,225,23,0.0
2024-12-14T17:00:00.000000+0000,660.3,6.283333333333334,81.53333333333333,2.8,224,0,0.0
2024-12-14T18:00:00.000000+0000,660.7,5.066666666666666,81.81666666666666,1.3,141,0,0.0
2024-12-14T19:00:00.000000+0000,660.9,3.9166666666666665,62.150000000000006,3.9,131,0,0.0
2024-12-14T20:00:00.000000+0000,660.8,4.733333333333333,53.56666666666667,5.7,135,0,0.0
2024-12-14T21:00:00.000000+0000,660.7,4.5,59.81666666666667,3.7,150,0,0.0
2024-12-14T22:00:00.000000+0000,660.4,3.6999999999999997,65.48333333333333,2.3,167,0,0.0
2024-12-14T23:00:00.000000+0000,659.9,3.5999999999999996,69.31666666666666,4.1,116,0,0.0
2024-12-15T00:00:00.000000+0000,659.6,3.866666666666666,76.94999999999999,4.4,116,0,0.0
2024-12-15T01:00:00.000000+0000,659.5,4.066666666666667,87.08333333333331,3.7,122,0,0.0
2024-12-15T02:00:00.000000+0000,659.7,3.516666666666667,90.66666666666667,2.1,111,0,0.0
2024-12-15T03:00:00.000000+0000,659.9,2.533333333333333,84.35000000000001,2.1,151,0,0.0
2024-12-15T04:00:00.000000+0000,660.0,3.1666666666666665,67.5,2.9,183,25,0.0
2024-12-15T05:00:00.000000+0000,660.6,7.816666666666667,54.449999999999996,1.8,167,240,0.0
2024-12-15T06:00:00.000000+0000,661.1,10.216666666666667,55.1,3.1,68,469,0.0
2024-12-15T07:00:00.000000+0000,661.3,8.316666666666666,80.73333333333333,3.4,328,448,0.0
2024-12-15T08:00:00.000000+0000,661.2,8.25,84.96666666666668,3.4,302,323,0.0
2024-12-15T09:00:00.000000+0000,660.8,8.033333333333331,91.40000000000002,3.8,15,285,0.0
2024-12-15T10:00:00.000000+0000,660.4,7.183333333333334,96.88333333333333,2.6,11,208,0.0
2024-12-15T11:00:00.000000+0000,659.9,7.75,94.73333333333333,3.9,22,226,0.0
2024-12-15T12:00:00.000000+0000,659.5,7.55,97.38333333333333,2.8,13,202,0.0
2024-12-15T13:00:00.000000+0000,659.2,8.016666666666667,95.09999999999998,2.7,22,213,0.0
2024-12-15T14:00:00.000000+0000,659.2,7.916666666666668,95.71666666666665,3.7,27,120,0.0
2024-12-15T15:00:00.000000+0000,659.4,7.733333333333333,95.25,3.0,40,67,0.0
2024-12-15T16:00:00.000000+0000,659.5,7.1000000000000005,88.3,3.3,143,14,0.0
2024-12-15T17:00:00.000000+0000,660.0,5.2,93.16666666666667,1.0,149,0,0.0
2024-12-15T18:00:00.000000+0000,660.6,4.5,92.28333333333335,2.0,114,0,0.0
2024-12-15T19:00:00.000000+0000,660.8,4.750000000000001,88.88333333333333,4.4,121,0,0.0
2024-12-15T20:00:00.000000+0000,661.0,4.933333333333334,84.43333333333332,1.6,101,0,0.0
2024-12-15T21:00:00.000000+0000,660.8,3.4,87.25,1.3,146,0,0.0
2024-12-15T22:00:00.000000+0000,660.4,3.85,77.81666666666666,2.0,199,0,0.0
2024-12-15T23:00:00.000000+0000,660.0,3.85,88.06666666666666,2.6,208,0,0.0
2024-12-16T00:00:00.000000+0000,659.7,4.116666666666666,85.8,1.7,208,0,0.0
2024-12-16T01:00:00.000000+0000,659.5,3.5500000000000003,73.10000000000001,1.5,191,0,0.0
2024-12-16T02:00:00.000000+0000,659.5,3.9499999999999997,62.06666666666667,2.5,185,0,0.0
2024-12-16T03:00:00.000000+0000,659.7,3.8000000000000003,58.333333333333336,6.3,141,0,0.0
2024-12-16T04:00:00.000000+0000,660.0,4.966666666666667,58.666666666666664,8.2,148,25,0.0
2024-12-16T05:00:00.000000+0000,660.5,8.283333333333333,48.21666666666667,6.9,129,251,0.0
2024-12-16T06:00:00.000000+0000,661.0,10.783333333333333,40.13333333333333,6.4,123,473,0.0
2024-12-16T07:00:00.000000+0000,661.5,11.700000000000001,50.01666666666667,4.5,54,688,0.0
2024-12-16T08:00:00.000000+0000,661.4,8.483333333333333,88.5,3.8,300,528,0.0
2024-12-16T09:00:00.000000+0000,661.2,6.983333333333333,94.94999999999999,4.1,284,261,0.0
2024-12-16T10:00:00.000000+0000,660.9,7.733333333333333,85.61666666666666,4.2,287,300,0.0
2024-12-16T11:00:00.000000+0000,660.2,8.049999999999999,85.66666666666667,4.0,347,284,0.0
2024-12-16T12:00:00.000000+0000,659.8,7.150000000000001,93.96666666666665,2.8,315,116,0.0
2024-12-16T13:00:00.000000+0000,659.5,7.133333333333333,97.53333333333332,3.8,355,164,0.0
2024-12-16T14:00:00.000000+0000,659.8,7.05,98.11666666666667,2.3,342,129,0.0
2024-12-16T15:00:00.000000+0000,659.9,7.183333333333334,94.64999999999999,1.6,328,41,0.0
2024-12-16T16:00:00.000000+0000,660.0,6.150000000000001,95.43333333333334,2.1,196,5,0.0
2024-12-16T17:00:00.000000+0000,660.3,3.9166666666666665,85.30000000000001,1.4,135,0,0.0
2024-12-16T18:00:00.000000+0000,660.6,4.083333333333333,71.36666666666666,3.4,134,0,0.0
2024-12-16T19:00:00.000000+0000,660.8,5.433333333333334,59.133333333333326,6.2,160,0,0.0
2024-12-16T20:00:00.000000+0000,660.9,5.316666666666667,55.29999999999999,5.3,154,0,0.0
2024-12-16T21:00:00.000000+0000,660.7,5.016666666666667,56.93333333333333,5.1,159,0,0.0
2024-12-16T22:00:00.000000+0000,660.3,4.916666666666666,55.9,4.8,141,0,0.0
2024-12-16T23:00:00.000000+0000,659.6,5.75,55.833333333333336,6.9,133,0,0.0
2024-12-17T00:00:00.000000+0000,659.2,4.500000000000001,70.01666666666667,4.4,149,0,0.0
2024-12-17T01:00:00.000000+0000,658.9,2.85,72.06666666666666,3.5,148,0,0.0
2024-12-17T02:00:00.000000+0000,658.9,4.633333333333333,55.75,6.3,130,0,0.0
2024-12-17T03:00:00.000000+0000,659.2,5.183333333333333,53.9,7.1,127,0,0.0
2024-12-17T04:00:00.000000+0000,659.5,5.8999999999999995,54.88333333333333,8.1,118,21,0.0
2024-12-17T05:00:00.000000+0000,660.0,7.2,59.133333333333326,7.8,123,246,0.0
2024-12-17T06:00:00.000000+0000,660.9,9.383333333333333,55.449999999999996,5.2,90,468,0.0
2024-12-17T07:00:00.000000+0000,661.2,10.850000000000001,48.56666666666667,4.9,79,677,0.0
2024-12-17T08:00:00.000000+0000,661.2,11.049999999999999,61.633333333333326,4.7,36,902,0.0
2024-12-17T09:00:00.000000+0000,660.9,8.433333333333334,85.46666666666668,4.4,292,436,0.0
2024-12-17T10:00:00.000000+0000,660.4,8.783333333333333,85.53333333333335,4.3,289,378,0.0
2024-12-17T11:00:00.000000+0000,660.0,8.55,88.98333333333333,5.3,271,450,0.0
2024-12-17T12:00:00.000000+0000,659.8,6.866666666666666,97.45,3.7,282,94,0.0
2024-12-17T13:00:00.000000+0000,659.5,7.416666666666668,97.81666666666666,3.5,305,157,0.0
2024-12-17T14:00:00.000000+0000,659.5,7.266666666666666,98.11666666666667,3.4,355,123,0.0
2024-12-17T15:00:00.000000+0000,659.6,6.766666666666666,98.63333333333333,2.7,355,30,0.0
2024-12-17T16:00:00.000000+0000,659.7,5.4,96.2,,,,
2024-12-19T18:00:00.000000+0000,660.9,5.966666666666666,88.73333333333335,2.3,185,0,
2024-12-19T19:00:00.000000+0000,661.4,6.416666666666667,89.33333333333333,1.1,238,0,0.2
2024-12-19T20:00:00.000000+0000,661.4,6.233333333333333,92.66666666666664,1.4,95,0,0.0
2024-12-19T21:00:00.000000+0000,661.3,6.3500000000000005,92.8,1.2,45,0,0.0
2024-12-19T22:00:00.000000+0000,660.9,6.3500000000000005,93.36666666666667,1.7,102,0,0.0
2024-12-19T23:00:00.000000+0000,660.5,5.933333333333334,96.58333333333333,2.7,67,0,0.6
2024-12-20T00:00:00.000000+0000,660.2,5.183333333333333,98.3,3.4,73,0,3.3
2024-12-20T01:00:00.000000+0000,660.4,5.366666666666667,98.18333333333334,3.0,94,0,2.0
2024-12-20T02:00:00.000000+0000,660.7,5.650000000000001,95.61666666666667,2.5,117,0,0.0
2024-12-20T03:00:00.000000+0000,661.1,5.916666666666667,92.31666666666668,2.5,123,0,0.0
2024-12-20T04:00:00.000000+0000,661.3,6.233333333333333,85.03333333333333,1.8,118,10,0.0
2024-12-20T05:00:00.000000+0000,661.8,6.816666666666666,85.71666666666665,2.3,87,91,0.0
2024-12-20T06:00:00.000000+0000,662.2,7.25,79.88333333333334,3.2,72,194,0.0
2024-12-20T07:00:00.000000+0000,662.4,8.933333333333334,67.36666666666666,4.5,36,554,0.0
2024-12-20T08:00:00.000000+0000,662.2,9.616666666666667,68.96666666666665,5.7,30,810,0.0
2024-12-20T09:00:00.000000+0000,662.0,10.233333333333333,66.93333333333334,5.9,8,763,
2024-12-27T10:00:00.000000+0000,661.1,8.675,76.9,5.6,289,567,0.0
2024-12-27T11:00:00.000000+0000,660.6,8.716666666666667,74.31666666666668,4.2,273,452,0.0
2024-12-27T12:00:00.000000+0000,660.1,8.299999999999999,77.06666666666668,4.9,328,264,0.0
2024-12-27T13:00:00.000000+0000,659.6,7.666666666666667,83.83333333333333,5.6,2,180,0.0
2024-12-27T14:00:00.000000+0000,659.5,6.983333333333333,90.45,4.5,24,103,0.0
2024-12-27T15:00:00.000000+0000,659.8,6.1499999999999995,96.2,1.6,5,45,0.0
2024-12-27T16:00:00.000000+0000,660.2,5.116666666666666,93.73333333333333,1.2,225,11,0.0
2024-12-27T17:00:00.000000+0000,660.8,4.516666666666667,93.25,2.4,205,0,0.0
2024-12-27T18:00:00.000000+0000,661.1,2.55,84.69999999999999,2.2,180,0,0.0
2024-12-27T19:00:00.000000+0000,661.2,1.0333333333333334,45.01666666666666,3.3,114,0,0.0
2024-12-27T20:00:00.000000+0000,661.0,1.6500000000000001,30.483333333333334,5.4,133,0,0.0
2024-12-27T21:00:00.000000+0000,660.7,3.033333333333333,21.316666666666666,6.6,162,0,0.0
2024-12-27T22:00:00.000000+0000,660.4,2.966666666666667,46.699999999999996,4.8,186,0,0.0
2024-12-27T23:00:00.000000+0000,659.9,2.783333333333333,53.65,1.8,249,0,0.0
2024-12-28T00:00:00.000000+0000,659.5,2.6333333333333333,53.78333333333333,1.4,236,0,0.0
2024-12-28T01:00:00.000000+0000,659.2,2.52,47.94,1.1,9,0,0.0
2024-12-28T02:00:00.000000+0000,,,,,,0,
2024-12-28T03:00:00.000000+0000,,,,,,0,
2024-12-28T17:00:00.000000+0000,,,,,,0,
2024-12-28T18:00:00.000000+0000,,,,,,0,
2024-12-28T19:00:00.000000+0000,,,,,,0,
2024-12-28T20:00:00.000000+0000,,,,,,0,
2024-12-28T21:00:00.000000+0000,,,,,,0,
2024-12-28T22:00:00.000000+0000,,,,,,0,
2024-12-28T23:00:00.000000+0000,,,,,,0,
2024-12-29T00:00:00.000000+0000,,,,,,0,
2024-12-29T01:00:00.000000+0000,,,,,,0,
2024-12-29T02:00:00.000000+0000,,,,,,0,
2024-12-29T03:00:00.000000+0000,,,,,,0,
2024-12-29T09:00:00.000000+0000,,6.6,85.55,,,,
2024-12-29T10:00:00.000000+0000,660.7,6.300000000000001,91.16666666666667,3.5,358,226,0.0
2024-12-29T11:00:00.000000+0000,660.5,6.583333333333333,89.88333333333333,4.0,14,212,0.0
2024-12-29T12:00:00.000000+0000,660.2,7.050000000000001,87.36666666666666,5.1,359,275,0.0
2024-12-29T13:00:00.000000+0000,660.1,7.416666666666668,86.18333333333334,3.6,355,326,0.0
2024-12-29T14:00:00.000000+0000,660.1,7.733333333333334,82.55,3.7,30,235,0.0
2024-12-29T15:00:00.000000+0000,660.3,7.416666666666667,84.74999999999999,3.3,42,107,0.0
2024-12-29T16:00:00.000000+0000,660.5,5.983333333333333,84.93333333333334,1.7,143,46,0.0
2024-12-29T17:00:00.000000+0000,660.9,5.083333333333333,91.16666666666667,1.6,203,0,0.0
2024-12-29T18:00:00.000000+0000,661.3,4.033333333333334,89.58333333333333,1.9,192,0,0.0
2024-12-29T19:00:00.000000+0000,661.5,3.683333333333333,87.2,2.0,212,0,0.0
2024-12-29T20:00:00.000000+0000,661.5,2.75,82.88333333333333,1.3,189,0,0.0
2024-12-29T21:00:00.000000+0000,661.4,2.2166666666666663,84.21666666666665,0.9,139,0,0.0
2024-12-29T22:00:00.000000+0000,661.0,1.7333333333333334,86.71666666666665,1.4,126,0,0.0
2024-12-29T23:00:00.000000+0000,660.4,1.883333333333333,87.76666666666667,1.5,148,0,0.0
2024-12-30T00:00:00.000000+0000,660.1,1.5999999999999999,85.85000000000001,2.0,153,0,0.0
2024-12-30T01:00:00.000000+0000,659.9,1.5166666666666666,83.75,2.2,155,0,0.0
2024-12-30T02:00:00.000000+0000,659.8,1.4333333333333333,83.90000000000002,3.8,151,0,0.0
2024-12-30T03:00:00.000000+0000,659.9,2.1833333333333336,82.06666666666666,5.9,136,0,0.0
2024-12-30T04:00:00.000000+0000,660.3,2.6333333333333333,78.46666666666665,6.2,136,8,0.0
2024-12-30T05:00:00.000000+0000,660.9,5.116666666666667,71.13333333333333,5.2,131,82,0.0
2024-12-30T06:00:00.000000+0000,661.3,8.083333333333334,60.31666666666666,4.3,120,335,0.0
2024-12-30T07:00:00.000000+0000,661.5,8.866666666666667,59.18333333333334,4.0,73,413,0.0
2024-12-30T08:00:00.000000+0000,661.4,8.25,64.48333333333333,3.8,260,495,0.0
2024-12-30T09:00:00.000000+0000,660.9,9.333333333333334,62.49999999999999,6.4,51,549,0.0
2024-12-30T10:00:00.000000+0000,660.4,7.933333333333334,72.14999999999999,7.1,41,261,0.0
2024-12-30T11:00:00.000000+0000,659.7,7.05,82.53333333333333,8.7,42,216,0.0
2024-12-30T12:00:00.000000+0000,659.4,7.400000000000001,83.31666666666668,7.2,49,215,0.0
2024-12-30T13:00:00.000000+0000,659.5,7.099999999999999,88.03333333333335,3.3,288,165,0.0
2024-12-30T14:00:00.000000+0000,659.6,7.2,90.63333333333333,3.8,343,135,0.0
2024-12-30T15:00:00.000000+0000,659.8,6.733333333333334,95.06666666666666,2.6,299,93,0.0
2024-12-30T16:00:00.000000+0000,659.9,6.066666666666666,94.85000000000001,2.8,65,19,0.0
2024-12-30T17:00:00.000000+0000,660.2,5.1000000000000005,90.90000000000002,2.9,125,0,0.0
2024-12-30T18:00:00.000000+0000,660.6,3.966666666666667,85.69999999999999,3.0,127,0,0.0
2024-12-30T19:00:00.000000+0000,661.1,3.8000000000000003,76.61666666666666,3.7,128,0,0.0
2024-12-30T20:00:00.000000+0000,661.0,4.5,71.01666666666667,5.9,138,0,0.0
2024-12-30T21:00:00.000000+0000,661.0,4.216666666666667,85.83333333333333,2.9,200,0,0.0
2024-12-30T22:00:00.000000+0000,660.7,3.9,87.94999999999999,1.9,218,0,0.0
2024-12-30T23:00:00.000000+0000,660.2,3.8000000000000003,88.23333333333335,2.0,129,0,0.0
2024-12-31T00:00:00.000000+0000,659.4,2.983333333333333,81.28333333333335,4.8,138,0,0.0
2024-12-31T01:00:00.000000+0000,659.4,3.233333333333333,82.95,2.0,183,0,0.0
2024-12-31T02:00:00.000000+0000,659.4,3.216666666666667,81.89999999999999,4.2,150,0,0.0
2024-12-31T03:00:00.000000+0000,659.6,4.550000000000001,77.55,7.8,147,0,0.0
2024-12-31T04:00:00.000000+0000,660.1,5.1833333333333345,76.39999999999999,6.9,140,9,0.0
2024-12-31T05:00:00.000000+0000,660.6,5.566666666666667,72.2,6.3,124,90,0.0
2024-12-31T06:00:00.000000+0000,661.1,8.216666666666667,59.583333333333336,6.1,111,390,0.0
2024-12-31T07:00:00.000000+0000,661.4,9.95,53.4,5.5,106,663,0.0
2024-12-31T08:00:00.000000+0000,661.4,9.716666666666667,62.81666666666666,3.9,257,733,0.0
2024-12-31T09:00:00.000000+0000,661.2,8.266666666666667,80.11666666666666,5.5,284,386,0.0
2024-12-31T10:00:00.000000+0000,660.8,6.816666666666667,90.96666666666665,3.1,349,139,0.2
2024-12-31T11:00:00.000000+0000,660.1,6.883333333333333,92.51666666666667,6.4,37,128,0.0
2024-12-31T12:00:00.000000+0000,659.7,7.166666666666667,93.83333333333333,7.5,36,196,0.0
2024-12-31T13:00:00.000000+0000,659.3,8.100000000000001,89.3,6.9,38,223,0.0
2024-12-31T14:00:00.000000+0000,659.4,7.783333333333332,93.16666666666667,3.1,304,147,0.0
2024-12-31T15:00:00.000000+0000,659.6,6.949999999999999,97.71666666666668,2.2,285,57,0.0
2024-12-31T16:00:00.000000+0000,659.8,6.6000000000000005,92.93333333333334,2.9,208,21,0.0
2024-12-31T17:00:00.000000+0000,660.1,5.0666666666666655,91.09999999999998,3.4,212,0,0.0
2024-12-31T18:00:00.000000+0000,660.7,4.883333333333333,87.71666666666668,1.5,233,0,0.0
2024-12-31T19:00:00.000000+0000,661.0,3.6,88.89999999999999,2.9,121,0,0.0
2024-12-31T20:00:00.000000+0000,661.1,3.966666666666667,83.01666666666667,5.0,127,0,0.0
2024-12-31T21:00:00.000000+0000,660.9,3.8833333333333333,80.25,5.3,136,0,0.0
2024-12-31T22:00:00.000000+0000,660.5,3.716666666666667,79.7,5.9,120,0,0.0
2024-12-31T23:00:00.000000+0000,660.1,4.333333333333333,78.88333333333333,6.1,120,0,0.0
2025-01-01T00:00:00.000000+0000,659.5,3.683333333333333,77.36666666666667,6.9,118,0,0.0
